Tags,Open Date,Close Date,Symbol,Action,Units/Lots,SL,TP,Open Price,Close Price,Commission,Swap,Pips,Profit,Gain,Comment,Magic Number,Duration (DD:HH:MM:SS),Profitable(%),Profitable(time duration),Drawdown,Risk:Reward,Max(pips),Max(GBP),Min(pips),Min(GBP),Entry Accuracy(%),Exit Accuracy(%),ProfitMissed(pips),ProfitMissed(GBP)
,06/02/2026 17:08,06/02/2026 17:08,GBPUSD,Buy,0.300,0.00000,0.00000,1.34670,1.34672,-1.0500,0.0000,0.2,-0.60,-0.05,"",0,00:00:00:04,,,,,,,,,,,,
,06/01/2026 20:04,06/01/2026 20:20,GBPUSD,Sell,0.250,0.00000,0.00000,1.34567,1.34585,-0.8800,0.0000,-1.8,-4.22,-0.37,"",0,00:00:16:36,87.5,14m,4.9,0.58,3.1,5.766000000000001,-1.8,-3.3480000000000003,63.3,0.0,-4.90,-9.11
,06/01/2026 20:04,06/01/2026 20:18,GBPUSD,Sell,0.250,0.00000,1.31814,1.34567,1.34552,-0.8800,0.0000,1.5,1.91,0.17,"",0,00:00:14:40,100.0,14m,2.1,0.32,3.1,5.766000000000001,0.0,0.0,100.0,48.4,-1.60,-2.98
,06/01/2026 20:04,06/01/2026 20:04,GBPUSD,Buy,0.250,0.00000,0.00000,1.34568,1.34569,-0.8800,0.0000,0.1,-0.69,-0.06,"",0,00:00:00:02,,,,,,,,,,,,
,06/01/2026 20:03,06/01/2026 20:04,GBPUSD,Sell,0.100,0.00000,1.31840,1.34571,1.34569,-0.3500,0.0000,0.2,-0.20,-0.02,"",0,00:00:00:33,,,,,,,,,,,,
,06/01/2026 20:04,06/01/2026 20:04,GBPUSD,Buy,0.100,0.00000,0.00000,1.34569,1.34569,-0.3500,0.0000,0.0,-0.35,-0.03,"",0,00:00:00:05,,,,,,,,,,,,
,06/01/2026 14:08,06/01/2026 20:04,GBPUSD,Sell,0.250,1.35638,1.31801,1.34608,1.34569,-0.8800,0.0000,3.9,6.37,0.56,"",0,00:05:55:46,68.3,4h 2m,54.0,0.14,52.8,98.208,-7.6,-14.136,87.4,19.0,-48.90,-90.95
,06/01/2026 20:03,06/01/2026 20:03,GBPUSD,Buy,0.100,0.00000,0.00000,1.34571,1.34570,-0.3500,0.0000,-0.1,-0.42,-0.04,"",0,00:00:00:03,,,,,,,,,,,,
,06/01/2026 20:01,06/01/2026 20:01,GBPUSD,Sell,0.100,0.00000,0.00000,1.34605,1.34608,-0.3500,0.0000,-0.3,-0.57,-0.05,"",0,00:00:00:08,,,,,,,,,,,,
,06/01/2026 20:01,06/01/2026 20:01,GBPUSD,Buy,0.100,0.00000,0.00000,1.34607,1.34606,-0.3500,0.0000,-0.1,-0.42,-0.04,"",0,00:00:00:03,,,,,,,,,,,,
,06/01/2026 14:08,06/01/2026 20:00,GBPUSD,Sell,0.250,1.35656,1.31834,1.34610,1.34618,-0.8800,0.0000,-0.8,-2.37,-0.21,"",0,00:05:51:47,68.2,3h 59m,54.0,0.14,53.0,98.58,-7.4,-13.764000000000001,87.7,10.9,-53.80,-100.07
,06/01/2026 14:08,06/01/2026 14:08,GBPUSD,Buy,0.250,0.00000,0.00000,1.34609,1.34607,-0.8800,0.0000,-0.2,-1.25,-0.11,"",0,00:00:00:06,,,,,,,,,,,,
,06/01/2026 14:06,06/01/2026 14:08,EURUSD,Sell,0.300,0.00000,1.15000,1.16440,1.16436,-1.0500,0.0000,0.4,-0.16,-0.01,"",0,00:00:02:06,,,,,,,,,,,,
,06/01/2026 14:06,06/01/2026 14:08,EURUSD,Sell,0.300,0.00000,1.15000,1.16440,1.16438,-1.0500,0.0000,0.2,-0.60,-0.05,"",0,00:00:02:05,,,,,,,,,,,,
,06/01/2026 14:06,06/01/2026 14:06,EURUSD,Buy,0.300,0.00000,0.00000,1.16440,1.16438,-1.0500,0.0000,-0.2,-1.50,-0.13,"",0,00:00:00:06,,,,,,,,,,,,
,06/01/2026 12:49,06/01/2026 14:05,GBPUSD,Sell,0.550,0.00000,1.32052,1.34593,1.34616,-1.9300,0.0000,-2.3,-11.33,-0.97,"",0,00:01:16:30,31.6,24m,9.2,1.56,3.6,14.724,-5.6,-22.903999999999996,39.1,35.9,-5.90,-24.13
,06/01/2026 12:49,06/01/2026 12:49,GBPUSD,Buy,0.600,0.00000,0.00000,1.34599,1.34591,-2.1000,0.0000,-0.8,-5.67,-0.48,"",0,00:00:00:12,,,,,,,,,,,,
,06/01/2026 12:44,06/01/2026 12:49,GBPUSD,Sell,0.250,0.00000,0.00000,1.34619,1.34593,-0.8800,0.0000,2.6,3.95,0.34,"",0,00:00:05:18,100.0,5m,1.1,0.38,2.6,4.836,0.0,0.0,100.0,100.0,0.00,0.00
,06/01/2026 12:44,06/01/2026 12:49,GBPUSD,Sell,0.250,0.00000,1.32015,1.34619,1.34595,-0.8800,0.0000,2.4,3.58,0.31,"",0,00:00:05:18,100.0,5m,1.1,0.42,2.4,4.464,0.0,0.0,100.0,100.0,0.00,0.00
,06/01/2026 12:43,06/01/2026 12:44,GBPUSD,Buy,0.250,0.00000,0.00000,1.34621,1.34616,-0.8800,0.0000,-0.5,-1.81,-0.16,"",0,00:00:00:04,,,,,,,,,,,,
,06/01/2026 11:26,06/01/2026 12:42,EURUSD,Sell,0.300,0.00000,0.00000,1.16589,1.16509,-1.0500,0.0000,8.0,16.78,1.46,"",0,00:01:15:20,92.2,1h 9m,6.1,0.13,10.4,23.192,-1.3,-2.899,88.9,79.5,-2.40,-5.35
,06/01/2026 11:26,06/01/2026 12:42,EURUSD,Sell,0.300,0.00000,1.15581,1.16588,1.16505,-1.0500,0.0000,8.3,17.45,1.55,"",0,00:01:15:20,89.5,1h 7m,6.1,0.14,10.3,22.969,-1.4,-3.122,88.0,82.9,-2.00,-4.46
,06/01/2026 11:26,06/01/2026 11:26,EURUSD,Buy,0.300,0.00000,0.00000,1.16587,1.16585,-1.0500,0.0000,-0.2,-1.50,-0.13,"",0,00:00:00:05,,,,,,,,,,,,
,06/01/2026 10:22,06/01/2026 11:26,EURUSD,Sell,0.200,0.00000,1.15533,1.16584,1.16591,-0.7000,0.0000,-0.7,-1.74,-0.15,"",0,00:01:03:58,84.4,53m,8.1,0.31,6.2,9.238,-1.9,-2.831,76.5,14.8,-6.90,-10.28
,06/01/2026 10:17,06/01/2026 11:26,GBPUSD,Sell,0.300,0.00000,1.31726,1.34648,1.34698,-1.0500,0.0000,-5.0,-12.19,-1.06,"",0,00:01:09:03,66.7,46m,14.5,0.75,8.3,18.509,-6.2,-13.826,57.2,8.3,-13.30,-29.66
,06/01/2026 10:25,06/01/2026 10:25,EURUSD,Buy,0.200,0.00000,0.00000,1.16569,1.16569,-0.7000,0.0000,0.0,-0.70,-0.06,"",0,00:00:00:11,,,,,,,,,,,,
,06/01/2026 10:22,06/01/2026 10:22,GBPUSD,Buy,0.300,0.00000,0.00000,1.34648,1.34651,-1.0500,0.0000,0.3,-0.38,-0.03,"",0,00:00:00:14,,,,,,,,,,,,
,05/29/2026 20:07,06/01/2026 08:35,GBPUSD,Sell,0.250,0.00000,0.00000,1.34687,1.34631,-0.8800,-0.2000,5.6,9.32,0.82,"",0,02:12:28:27,99.8,2d 12h ,17.2,0.04,22.6,42.036,0.0,0.0,100.0,24.8,-17.00,-31.62
,05/29/2026 20:07,06/01/2026 08:35,GBPUSD,Sell,0.250,0.00000,0.00000,1.34685,1.34627,-0.8800,-0.2000,5.8,9.69,0.86,"",0,02:12:28:23,99.6,2d 12h ,17.2,0.04,22.4,41.664,0.0,0.0,100.0,25.9,-16.60,-30.88
,05/29/2026 20:07,05/29/2026 20:07,GBPUSD,Buy,0.250,0.00000,0.00000,1.34685,1.34687,-0.8800,0.0000,0.2,-0.51,-0.05,"",0,00:00:00:05,,,,,,,,,,,,
,05/29/2026 20:06,05/29/2026 20:07,EURUSD,Sell,0.300,0.00000,0.00000,1.16729,1.16729,-1.0500,0.0000,0.0,-1.05,-0.09,"",0,00:00:00:53,,,,,,,,,,,,
,05/29/2026 20:06,05/29/2026 20:07,EURUSD,Sell,0.300,0.00000,0.00000,1.16728,1.16729,-1.0500,0.0000,-0.1,-1.28,-0.11,"",0,00:00:00:53,,,,,,,,,,,,
,05/29/2026 20:06,05/29/2026 20:06,EURUSD,Buy,0.300,0.00000,0.00000,1.16727,1.16727,-1.0500,0.0000,0.0,-1.05,-0.09,"",0,00:00:00:05,,,,,,,,,,,,
,05/29/2026 18:35,05/29/2026 20:05,GBPUSD,Sell,0.250,0.00000,0.00000,1.34798,1.34687,-0.8800,0.0000,11.1,19.72,1.78,"",0,00:01:30:14,100.0,1h 30m,5.8,0.06,15.6,29.016000000000002,0.0,0.0,100.0,71.2,-4.50,-8.37
,05/29/2026 18:35,05/29/2026 20:05,GBPUSD,Sell,0.250,0.00000,0.00000,1.34797,1.34687,-0.8800,0.0000,11.0,19.54,1.79,"",0,00:01:30:13,100.0,1h 30m,5.8,0.06,15.5,28.830000000000002,0.0,0.0,100.0,71.0,-4.50,-8.37
,05/29/2026 18:35,05/29/2026 18:35,GBPUSD,Buy,0.250,0.00000,0.00000,1.34797,1.34796,-0.8800,0.0000,-0.1,-1.07,-0.10,"",0,00:00:00:04,,,,,,,,,,,,
,05/27/2026 18:48,05/29/2026 18:35,GBPUSD,Sell,0.250,0.00000,0.00000,1.34240,1.34807,-0.8800,-0.8100,-56.7,-106.84,-8.91,"",0,01:23:46:49,42.4,20h 15m,113.9,1.06,55.2,102.12,-58.7,-108.59500000000001,48.5,1.8,-111.90,-207.02
,05/27/2026 18:48,05/29/2026 18:35,GBPUSD,Sell,0.250,0.00000,1.31773,1.34240,1.34807,-0.8800,-0.8100,-56.7,-106.84,-8.18,"",0,01:23:46:49,42.4,20h 15m,113.9,1.06,55.2,102.12,-58.7,-108.59500000000001,48.5,1.8,-111.90,-207.02
,05/28/2026 15:51,05/29/2026 18:32,GBPUSD,Sell,0.100,0.00000,1.31773,1.34229,1.34816,-0.3500,-0.0800,-58.7,-43.97,-3.26,"",0,01:02:40:57,17.9,4h 46m,72.5,4.71,12.7,9.398,-59.8,-44.251999999999995,17.5,1.5,-71.40,-52.84
,05/29/2026 17:51,05/29/2026 18:32,GBPUSD,Buy,0.400,0.00000,1.34863,1.34615,1.34804,-1.4000,0.0000,18.9,54.68,4.22,"",0,00:00:40:57,100.0,40m,10.8,0.04,22.8,67.71600000000001,0.0,0.0,100.0,82.9,-3.90,-11.58
,05/28/2026 15:51,05/28/2026 15:51,GBPUSD,Buy,0.250,0.00000,0.00000,1.34228,1.34226,-0.8800,0.0000,-0.2,-1.25,-0.10,"",0,00:00:00:08,,,,,,,,,,,,
,05/27/2026 18:48,05/27/2026 18:48,GBPUSD,Buy,0.250,0.00000,0.00000,1.34238,1.34238,-0.8800,0.0000,0.0,-0.88,-0.07,"",0,00:00:00:05,,,,,,,,,,,,
,05/27/2026 17:22,05/27/2026 18:48,GBPUSD,Sell,0.250,0.00000,0.00000,1.34527,1.34233,-0.8800,0.0000,29.4,53.88,4.33,"",0,00:01:25:45,100.0,1h 25m,14.6,0.03,36.1,67.146,0.0,0.0,100.0,81.4,-6.70,-12.46
,05/27/2026 17:22,05/27/2026 18:48,GBPUSD,Sell,0.250,0.00000,1.31826,1.34531,1.34231,-0.8800,0.0000,30.0,54.99,4.63,"",0,00:01:25:46,100.0,1h 25m,14.6,0.03,36.5,67.89,0.0,0.0,100.0,82.2,-6.50,-12.09
,05/27/2026 17:22,05/27/2026 17:22,GBPUSD,Buy,0.250,0.00000,0.00000,1.34529,1.34524,-0.8800,0.0000,-0.5,-1.81,-0.15,"",0,00:00:00:04,,,,,,,,,,,,
,05/27/2026 17:19,05/27/2026 17:22,EURUSD,Sell,0.300,0.00000,0.00000,1.16507,1.16501,-1.0500,0.0000,0.6,0.29,0.02,"",0,00:00:02:52,,,,,,,,,,,,
,05/27/2026 17:19,05/27/2026 17:22,EURUSD,Sell,0.300,0.00000,1.15042,1.16505,1.16503,-1.0500,0.0000,0.2,-0.61,-0.05,"",0,00:00:02:52,,,,,,,,,,,,
,05/27/2026 17:19,05/27/2026 17:19,EURUSD,Buy,0.300,0.00000,0.00000,1.16504,1.16502,-1.0500,0.0000,-0.2,-1.49,-0.12,"",0,00:00:00:04,,,,,,,,,,,,
,05/27/2026 17:18,05/27/2026 17:18,GBPUSD,Buy,0.500,0.00000,1.34624,1.34551,1.34542,-1.7500,0.0000,-0.9,-5.09,-0.43,"",0,00:00:00:14,,,,,,,,,,,,
,05/27/2026 17:16,05/27/2026 17:18,GBPUSD,Sell,0.250,0.00000,0.00000,1.34516,1.34542,-0.8800,0.0000,-2.6,-5.71,-0.47,"",0,00:00:02:00,,,,,,,,,,,,
,05/27/2026 17:16,05/27/2026 17:18,GBPUSD,Sell,0.250,0.00000,0.00000,1.34516,1.34543,-0.8800,0.0000,-2.7,-5.90,-0.49,"",0,00:00:02:00,,,,,,,,,,,,
,05/27/2026 17:16,05/27/2026 17:16,GBPUSD,Buy,0.250,0.00000,0.00000,1.34516,1.34515,-0.8800,0.0000,-0.1,-1.07,-0.09,"",0,00:00:00:04,,,,,,,,,,,,
,05/27/2026 17:14,05/27/2026 17:15,GBPUSD,Buy,0.250,0.00000,0.00000,1.34517,1.34520,-0.8800,0.0000,0.3,-0.32,-0.03,"",0,00:00:01:04,,,,,,,,,,,,
,05/27/2026 17:14,05/27/2026 17:15,GBPUSD,Buy,0.250,0.00000,0.00000,1.34517,1.34520,-0.8800,0.0000,0.3,-0.32,-0.03,"",0,00:00:01:03,,,,,,,,,,,,
,05/27/2026 17:14,05/27/2026 17:14,GBPUSD,Sell,0.250,0.00000,0.00000,1.34517,1.34520,-0.8800,0.0000,-0.3,-1.44,-0.12,"",0,00:00:00:05,,,,,,,,,,,,
,05/27/2026 15:59,05/27/2026 17:13,GBPUSD,Sell,0.130,0.00000,1.31695,1.34393,1.34500,-0.4600,0.0000,-10.7,-10.80,-0.88,"",0,00:01:14:04,0.0,0s,11.3,11.31,0.0,0.0,-11.3,-10.961,0.0,5.3,-10.70,-10.38
,05/27/2026 15:58,05/27/2026 17:13,GBPUSD,Sell,0.370,0.00000,1.31682,1.34446,1.34500,-1.3000,0.0000,-5.4,-16.16,-1.30,"",0,00:01:15:17,41.4,31m,9.0,2.00,3.0,8.25,-6.0,-16.5,33.3,6.7,-8.40,-23.10
,05/27/2026 15:59,05/27/2026 15:59,GBPUSD,Buy,0.130,0.00000,0.00000,1.34397,1.34391,-0.4600,0.0000,-0.6,-1.04,-0.08,"",0,00:00:00:06,,,,,,,,,,,,
,05/27/2026 15:47,05/27/2026 15:48,EURUSD,Sell,0.400,0.00000,0.00000,1.16520,1.16519,-1.4000,0.0000,0.1,-1.10,-0.09,"",0,00:00:00:44,,,,,,,,,,,,
,05/27/2026 10:26,05/27/2026 15:46,GBPUSD,Sell,0.350,0.00000,0.00000,1.34475,1.34458,-1.2300,0.0000,1.7,3.20,0.26,"",0,00:05:19:35,72.9,3h 52m,24.1,0.44,16.7,43.586999999999996,-7.4,-19.314,69.3,37.8,-15.00,-39.15
,05/26/2026 16:59,05/27/2026 09:59,GBPUSD,Sell,0.350,0.00000,1.31743,1.34627,1.34526,-1.2300,-0.2800,10.1,24.77,2.04,"",0,00:17:00:02,98.6,16h 45m,22.7,0.06,27.4,71.24,-1.6,-4.16,94.5,40.3,-17.30,-44.98
,05/26/2026 10:25,05/26/2026 16:58,GBPUSD,Sell,0.350,1.35974,1.31803,1.34693,1.34625,-1.2300,0.0000,6.8,16.45,1.37,"",0,00:06:32:36,20.9,1h 22m,21.3,1.76,11.5,29.900000000000002,-20.2,-52.52,36.3,85.2,-4.70,-12.22
,05/26/2026 09:38,05/26/2026 10:25,GBPUSD,Sell,0.350,0.00000,0.00000,1.34803,1.34693,-1.2300,0.0000,11.0,27.35,2.34,"",0,00:00:46:42,100.0,46m,8.6,0.07,14.8,38.480000000000004,0.0,0.0,100.0,74.3,-3.80,-9.88
,05/25/2026 01:04,05/26/2026 09:37,GBPUSD,Sell,0.350,1.36032,1.31500,1.34750,1.34801,-1.2300,-0.2800,-5.1,-14.75,-1.25,"",0,01:08:33:59,2.1,41m,36.6,12.56,2.7,7.0200000000000005,-33.9,-88.14,7.4,78.7,-7.80,-20.28
,05/22/2026 17:40,05/22/2026 17:40,GBPUSD,Sell,0.350,0.00000,0.00000,1.34286,1.34285,-1.2300,0.0000,0.1,-0.97,-0.08,"",0,00:00:00:01,,,,,,,,,,,,
,05/22/2026 17:39,05/22/2026 17:40,GBPUSD,Sell,0.250,0.00000,0.00000,1.34259,1.34275,-0.8800,0.0000,-1.6,-3.86,-0.32,"",0,00:00:00:43,,,,,,,,,,,,
,05/22/2026 17:39,05/22/2026 17:40,GBPUSD,Sell,0.250,0.00000,0.00000,1.34266,1.34279,-0.8800,0.0000,-1.3,-3.30,-0.28,"",0,00:00:00:42,,,,,,,,,,,,
,05/22/2026 17:39,05/22/2026 17:39,GBPUSD,Buy,0.250,0.00000,0.00000,1.34259,1.34259,-0.8800,0.0000,0.0,-0.88,-0.07,"",0,00:00:00:02,,,,,,,,,,,,
,05/22/2026 17:38,05/22/2026 17:38,GBPUSD,Sell,0.250,0.00000,0.00000,1.34278,1.34270,-0.8800,0.0000,0.8,0.61,0.05,"",0,00:00:00:09,,,,,,,,,,,,
,05/22/2026 17:27,05/22/2026 17:28,GBPUSD,Sell,0.250,0.00000,0.00000,1.34227,1.34224,-0.8800,0.0000,0.3,-0.32,-0.03,"",0,00:00:00:38,,,,,,,,,,,,
,05/22/2026 17:27,05/22/2026 17:27,GBPUSD,Sell,0.250,0.00000,0.00000,1.34224,1.34223,-0.8800,0.0000,0.1,-0.69,-0.06,"",0,00:00:00:40,,,,,,,,,,,,
,05/22/2026 17:27,05/22/2026 17:27,GBPUSD,Buy,0.250,0.00000,0.00000,1.34223,1.34227,-0.8800,0.0000,0.4,-0.13,-0.01,"",0,00:00:00:07,,,,,,,,,,,,
,05/22/2026 17:15,05/22/2026 17:27,GBPUSD,Sell,0.150,0.00000,1.31612,1.34217,1.34227,-0.5300,0.0000,-1.0,-1.65,-0.14,"",0,00:00:12:01,41.7,5m,3.6,0.50,2.4,2.688,-1.2,-1.344,66.7,5.6,-3.40,-3.81
,05/22/2026 17:03,05/22/2026 17:26,GBPUSD,Sell,0.350,0.00000,1.31524,1.34244,1.34233,-1.2300,0.0000,1.1,1.64,0.14,"",0,00:00:22:20,78.3,17m,6.3,0.98,5.1,13.310999999999998,-5.0,-13.049999999999999,50.5,60.4,-4.00,-10.44
,05/22/2026 17:15,05/22/2026 17:15,GBPUSD,Buy,0.150,0.00000,0.00000,1.34217,1.34217,-0.5300,0.0000,0.0,-0.53,-0.04,"",0,00:00:00:03,,,,,,,,,,,,
,05/22/2026 16:34,05/22/2026 16:49,GBPUSD,Sell,0.300,0.00000,1.31810,1.34418,1.34351,-1.0500,0.0000,6.7,13.91,1.18,"",0,00:00:15:38,66.7,10m,3.1,0.46,6.7,14.941,-3.1,-6.913,68.4,100.0,0.00,0.00
,05/22/2026 16:33,05/22/2026 16:34,GBPUSD,Sell,0.200,1.35308,1.32620,1.34437,1.34422,-0.7000,0.0000,1.5,1.53,0.13,"",0,00:00:00:26,,,,,,,,,,,,
,05/22/2026 16:23,05/22/2026 16:33,GBPUSD,Buy,0.250,0.00000,1.34781,1.34450,1.34453,-0.8800,0.0000,0.3,-0.32,-0.03,"",0,00:00:10:21,90.0,9m,10.7,0.95,5.5,10.285,-5.2,-9.724,51.4,51.4,-5.20,-9.72
,05/22/2026 16:09,05/22/2026 16:33,GBPUSD,Buy,0.400,0.00000,1.34800,1.34571,1.34450,-1.4000,0.0000,-12.1,-37.40,-3.07,"",0,00:00:23:37,4.2,59s,18.7,12.36,1.4,4.172,-17.3,-51.554,7.5,27.8,-13.50,-40.23
,05/22/2026 04:50,05/22/2026 16:33,GBPUSD,Sell,0.200,0.00000,1.32000,1.34293,1.34447,-0.7000,0.0000,-15.4,-23.61,-1.90,"",0,00:11:43:25,73.0,8h 33m,44.6,1.90,15.4,22.946,-29.2,-43.507999999999996,34.5,30.9,-30.80,-45.89
,05/22/2026 16:23,05/22/2026 16:23,GBPUSD,Sell,0.250,0.00000,0.00000,1.34450,1.34450,-0.8800,0.0000,0.0,-0.88,-0.07,"",0,00:00:00:03,,,,,,,,,,,,
,05/21/2026 16:40,05/22/2026 04:49,GBPUSD,Sell,0.150,0.00000,1.31743,1.33983,1.34294,-0.5300,-0.1200,-31.1,-35.39,-2.77,"",0,00:12:09:12,1.6,11m,55.7,8.45,5.9,6.608000000000001,-49.8,-55.776,10.6,33.6,-37.00,-41.44
,05/18/2026 19:37,05/22/2026 04:49,GBPUSD,Sell,0.200,0.00000,1.31721,1.34294,1.34293,-0.7000,-0.9700,0.1,-1.52,-0.12,"",0,03:09:12:07,66.9,2d 6h ,74.8,0.50,49.8,74.69999999999999,-25.0,-37.5,66.6,33.6,-49.70,-74.55
,05/21/2026 16:32,05/21/2026 17:58,GBPUSD,Sell,0.150,0.00000,1.31699,1.34031,1.34111,-0.5300,0.0000,-8.0,-9.48,-0.74,"",0,00:01:25:47,47.7,40m,20.3,0.90,10.7,11.984,-9.6,-10.752,52.7,7.9,-18.70,-20.94
,05/21/2026 16:40,05/21/2026 16:40,GBPUSD,Buy,0.150,0.00000,0.00000,1.33984,1.33990,-0.5300,0.0000,0.6,0.14,0.01,"",0,00:00:00:03,,,,,,,,,,,,
,05/18/2026 19:13,05/18/2026 19:37,GBPUSD,Sell,0.150,0.00000,1.31843,1.34408,1.34307,-0.5300,0.0000,10.1,10.75,0.84,"",0,00:00:24:22,79.2,19m,8.1,0.36,17.6,19.712000000000003,-6.4,-7.168000000000001,73.3,68.8,-7.50,-8.40
,05/15/2026 10:02,05/18/2026 19:12,GBPUSD,Buy,0.150,0.00000,1.34382,1.33521,1.34382,-0.5300,-0.1700,86.1,95.41,8.08,"[tp]",0,03:09:10:15,17.0,13h 47m,86.9,0.52,92.2,103.26400000000001,-47.8,-53.536,65.9,95.6,-6.10,-6.83
,05/18/2026 14:40,05/18/2026 19:12,GBPUSD,Buy,0.150,0.00000,1.34373,1.33757,1.34373,-0.5300,0.0000,61.6,68.23,6.13,"[tp]",0,00:04:31:32,95.3,4h 18m,20.1,0.05,62.8,70.336,-3.2,-3.5840000000000005,95.2,98.2,-1.20,-1.34
,05/15/2026 15:46,05/15/2026 17:09,GBPUSD,Sell,0.150,0.00000,1.31655,1.33408,1.33438,-0.5300,0.0000,-3.0,-3.90,-0.35,"",0,00:01:22:46,13.3,11m,21.0,6.57,3.2,3.5840000000000005,-21.0,-23.520000000000003,13.2,74.4,-6.20,-6.94
,05/15/2026 10:00,05/15/2026 10:02,GBPUSD,Buy,0.100,0.00000,1.34439,1.33493,1.33526,-0.3500,0.0000,3.3,2.12,0.19,"",0,00:00:01:56,,,,,,,,,,,,
,05/14/2026 19:56,05/15/2026 10:02,GBPUSD,Buy,0.150,0.00000,1.34699,1.34387,1.33528,-0.5300,-0.1700,-85.9,-97.20,-8.02,"",0,00:14:05:55,0.0,0s,101.3,102.04,0.0,0.0,-101.3,-113.456,0.0,15.2,-85.90,-96.21
,05/14/2026 19:56,05/15/2026 09:59,GBPUSD,Sell,0.150,0.00000,1.32500,1.34384,1.33504,-0.5300,-0.1200,88.0,98.22,8.82,"",0,00:14:03:23,100.0,14h 3m,20.7,0.01,101.0,113.12,0.0,0.0,100.0,87.1,-13.00,-14.56
,05/14/2026 19:55,05/14/2026 19:56,GBPUSD,Buy,0.150,0.00000,0.00000,1.34394,1.34389,-0.5300,0.0000,-0.5,-1.09,-0.10,"",0,00:00:00:33,,,,,,,,,,,,
,05/14/2026 19:55,05/14/2026 19:56,GBPUSD,Sell,0.150,1.34484,1.32751,1.34393,1.34389,-0.5300,0.0000,0.4,-0.08,-0.01,"",0,00:00:01:04,,,,,,,,,,,,
,05/14/2026 18:10,05/14/2026 19:55,GBPUSD,Sell,0.200,0.00000,1.32357,1.34776,1.34396,-0.7000,0.0000,38.0,55.85,5.27,"",0,00:01:44:09,68.6,1h 11m,6.5,0.10,44.5,66.30499999999999,-4.5,-6.705,90.8,86.7,-6.50,-9.69
,05/14/2026 17:38,05/14/2026 18:11,GBPUSD,Buy,0.150,0.00000,1.35996,1.35061,1.34772,-0.5300,0.0000,-28.9,-32.70,-3.00,"",0,00:00:33:01,6.1,2m,31.2,14.62,2.0,2.22,-29.2,-32.412,6.4,1.0,-30.90,-34.30
,05/13/2026 12:36,05/14/2026 17:32,GBPUSD,Sell,0.250,0.00000,1.34458,1.35103,1.35079,-0.8800,-0.6000,2.4,2.96,0.27,"",0,01:04:55:16,20.8,6h 0m,43.3,0.99,21.8,40.330000000000005,-21.5,-39.775,50.3,55.2,-19.40,-35.89
,05/12/2026 13:36,05/13/2026 12:37,GBPUSD,Sell,0.050,0.00000,1.34418,1.35515,1.35104,-0.1800,-0.0400,41.1,14.99,1.40,"",0,00:23:00:24,100.0,23h 0m,46.6,0.02,48.3,17.871,0.0,0.0,100.0,85.1,-7.20,-2.66
,05/12/2026 18:24,05/12/2026 18:24,GBPUSD,Sell,0.250,0.00000,1.34591,1.35031,1.35064,-0.8800,0.0000,-3.3,-6.99,-0.65,"",0,00:00:00:28,,,,,,,,,,,,
,05/12/2026 18:23,05/12/2026 18:24,GBPUSD,Sell,0.050,0.00000,1.34698,1.35038,1.35029,-0.1800,0.0000,0.9,0.15,0.01,"",0,00:00:00:15,,,,,,,,,,,,
,05/12/2026 13:35,05/12/2026 13:36,GBPUSD,Sell,0.100,0.00000,0.00000,1.35514,1.35513,-0.3500,0.0000,0.1,-0.28,-0.03,"",0,00:00:00:38,,,,,,,,,,,,
,05/12/2026 13:10,05/12/2026 13:35,GBPUSD,Buy,0.200,0.00000,1.35791,1.35420,1.35503,-0.7000,0.0000,8.3,11.55,1.08,"",0,00:00:25:29,64.0,16m,2.7,0.21,10.0,14.8,-2.1,-3.108,82.6,86.0,-1.70,-2.52
,05/12/2026 10:11,05/12/2026 13:06,GBPUSD,Buy,0.100,0.00000,1.35550,1.35397,1.35414,-0.3500,0.0000,1.7,0.91,0.09,"",0,00:02:55:12,8.0,14m,38.6,10.09,3.7,2.738,-37.3,-27.601999999999997,9.0,95.1,-2.00,-1.48
,05/12/2026 10:10,05/12/2026 10:12,GBPUSD,Buy,0.100,0.00000,1.35708,1.35395,1.35380,-0.3500,0.0000,-1.5,-1.46,-0.14,"",0,00:00:02:11,,,,,,,,,,,,
,05/12/2026 10:01,05/12/2026 10:08,GBPUSD,Buy,0.100,0.00000,1.35736,1.35493,1.35352,-0.3500,0.0000,-14.1,-10.77,-1.00,"",0,00:00:07:07,0.0,0s,15.0,15.02,0.0,0.0,-15.0,-11.1,0.0,6.0,-14.10,-10.43
,05/12/2026 10:07,05/12/2026 10:07,GBPUSD,Sell,0.100,0.00000,0.00000,1.35328,1.35341,-0.3500,0.0000,-1.3,-1.31,-0.12,"",0,00:00:00:09,,,,,,,,,,,,
,05/12/2026 10:07,05/12/2026 10:07,GBPUSD,Sell,0.100,0.00000,0.00000,1.35348,1.35342,-0.3500,0.0000,0.6,0.09,0.01,"",0,00:00:00:17,,,,,,,,,,,,
,05/12/2026 10:05,05/12/2026 10:06,GBPUSD,Sell,0.100,0.00000,1.35164,1.35370,1.35359,-0.3500,0.0000,1.1,0.46,0.04,"",0,00:00:00:49,,,,,,,,,,,,
,05/12/2026 10:00,05/12/2026 10:02,GBPUSD,Buy,0.100,0.00000,1.35719,1.35444,1.35469,-0.3500,0.0000,2.5,1.50,0.14,"",0,00:00:02:08,,,,,,,,,,,,
,05/11/2026 21:23,05/11/2026 22:28,GBPUSD,Sell,0.100,0.00000,1.36200,1.36378,1.36200,-0.3500,0.0000,17.8,12.72,1.19,"[tp]",0,00:01:04:27,100.0,1h 4m,3.6,0.06,17.8,12.994,0.0,0.0,100.0,100.0,0.00,0.00
,05/11/2026 17:25,05/11/2026 18:13,EURUSD,Buy,0.300,0.00000,1.18030,1.17870,1.17811,-1.0500,0.0000,-5.9,-14.03,-1.30,"",0,00:00:48:13,6.3,3m,8.0,15.02,0.5,1.1,-7.5,-16.5,6.3,20.0,-6.40,-14.08
,05/11/2026 17:18,05/11/2026 17:22,EURUSD,Buy,0.300,0.00000,1.18051,1.17863,1.17868,-1.0500,0.0000,0.5,0.05,0.00,"",0,00:00:03:21,,,,,,,,,,,,
,05/11/2026 16:19,05/11/2026 17:22,GBPUSD,Buy,0.300,1.35440,1.36520,1.36210,1.36260,-1.0500,0.0000,5.0,9.96,0.93,"",0,00:01:02:23,79.4,49m,10.6,0.36,7.8,17.16,-2.8,-6.16,73.6,73.6,-2.80,-6.16
,05/11/2026 17:18,05/11/2026 17:19,GBPUSD,Sell,0.300,0.00000,0.00000,1.36277,1.36278,-1.0500,0.0000,-0.1,-1.27,-0.12,"",0,00:00:00:06,,,,,,,,,,,,
,05/11/2026 16:17,05/11/2026 16:19,EURUSD,Buy,0.300,0.00000,1.18016,1.17819,1.17801,-1.0500,0.0000,-1.8,-5.02,-0.47,"",0,00:00:01:41,,,,,,,,,,,,
,05/11/2026 10:19,05/11/2026 16:15,USDJPY,Buy,0.150,156.41800,157.30000,157.07900,157.07900,-0.5300,0.0000,0.0,-0.53,-0.05,"",0,00:05:55:51,80.1,4h 45m,18.6,1.65,7.8,0.0,-12.9,-0.0,37.7,62.3,-7.80,0.00
,05/11/2026 10:17,05/11/2026 16:09,GBPUSD,Buy,0.100,0.00000,1.36200,1.36015,1.36200,-0.3500,0.0000,18.5,13.23,1.24,"[tp]",0,00:05:52:15,70.5,4h 8m,26.7,0.75,19.1,13.943000000000001,-14.3,-10.439,57.2,98.2,-0.60,-0.44
,05/11/2026 07:42,05/11/2026 08:00,GBPUSD,Sell,0.300,0.00000,1.35039,1.35857,1.35827,-1.0500,0.0000,3.0,5.58,0.53,"",0,00:00:18:13,100.0,18m,3.0,0.17,6.0,13.26,0.0,0.0,100.0,50.0,-3.00,-6.63
,05/11/2026 00:10,05/11/2026 07:42,GBPJPY,Sell,0.010,214.34300,212.29300,212.34300,213.49900,-0.0400,0.0000,-115.6,-5.45,-0.51,"",0,00:07:31:48,1.8,8m,134.6,23.47,5.5,0.275,-129.1,-6.455,4.1,10.0,-121.10,-6.05
,05/11/2026 00:10,05/11/2026 07:42,GBPJPY,Sell,0.010,214.34300,212.24300,212.34300,213.50000,-0.0400,0.0000,-115.7,-5.46,-0.51,"",0,00:07:31:48,1.8,8m,134.6,23.47,5.5,0.275,-129.1,-6.455,4.1,10.0,-121.20,-6.06
,05/11/2026 00:01,05/11/2026 07:42,USDJPY,Sell,0.010,158.44500,156.39500,156.44500,157.14400,-0.0400,0.0000,-69.9,-3.31,-0.31,"",0,00:07:41:01,0.0,0s,72.6,72.99,0.0,0.0,-72.6,-3.63,0.0,3.7,-69.90,-3.50
,05/11/2026 03:05,05/11/2026 07:42,EURUSD,Buy,0.010,1.15713,1.17813,1.17713,1.17523,-0.0400,0.0000,-19.0,-1.44,-0.13,"",0,00:04:36:47,1.1,3m,19.7,48.31,0.4,0.028000000000000004,-19.3,-1.3510000000000002,2.0,1.5,-19.40,-1.36
,05/11/2026 05:42,05/11/2026 07:41,EURJPY,Buy,0.010,182.86200,184.96200,184.86400,184.67300,-0.0400,0.0000,-19.1,-0.94,-0.09,"",0,00:01:59:28,0.0,0s,19.3,19.31,0.0,0.0,-19.3,-0.9650000000000001,0.0,1.0,-19.10,-0.96
,05/11/2026 07:39,05/11/2026 07:41,GBPUSD,Sell,0.200,0.00000,0.00000,1.35885,1.35858,-0.7000,0.0000,2.7,3.27,0.30,"",0,00:00:02:56,,,,,,,,,,,,
,05/11/2026 03:47,05/11/2026 05:42,EURJPY,Buy,0.010,182.75300,184.85300,184.75300,184.85300,-0.0400,0.0000,10.0,0.43,0.04,"[tp]",0,00:01:55:21,53.1,1h 1m,9.6,0.66,10.0,0.5,-6.6,-0.33,60.2,100.0,0.00,0.00
,05/11/2026 03:06,05/11/2026 03:47,EURJPY,Buy,0.010,182.65000,184.75000,184.65000,184.75000,-0.0400,0.0000,10.0,0.43,0.04,"[tp]",0,00:00:41:07,65.9,27m,6.3,0.42,10.7,0.535,-4.5,-0.225,70.4,95.4,-0.70,-0.03
,05/11/2026 01:05,05/11/2026 03:05,EURUSD,Buy,0.010,1.15613,1.17713,1.17613,1.17713,-0.0400,0.0000,10.0,0.69,0.06,"[tp]",0,00:02:00:12,87.5,1h 45m,3.6,0.31,10.0,0.7000000000000001,-3.1,-0.21700000000000003,76.3,100.0,0.00,0.00
,05/11/2026 01:06,05/11/2026 03:02,EURJPY,Buy,0.010,182.52900,184.62900,184.52800,184.62900,-0.0400,0.0000,10.1,0.44,0.04,"[tp]",0,00:01:56:21,82.1,1h 35m,10.9,0.66,10.5,0.525,-6.9,-0.34500000000000003,60.3,97.7,-0.40,-0.02
,05/11/2026 00:45,05/11/2026 01:03,EURJPY,Buy,0.010,182.44700,184.54700,184.44700,184.54700,-0.0400,0.0000,10.0,0.43,0.04,"[tp]",0,00:00:17:54,16.7,2m,22.8,2.28,10.0,0.5,-22.8,-1.1400000000000001,30.5,100.0,0.00,0.00
,05/11/2026 00:10,05/11/2026 00:44,EURUSD,Buy,0.010,1.15579,1.17679,1.17579,1.17679,-0.0400,0.0000,10.0,0.70,0.07,"[tp]",0,00:00:34:07,26.5,9m,11.4,1.14,10.0,0.7000000000000001,-11.4,-0.7980000000000002,46.7,100.0,0.00,0.00
,05/11/2026 00:03,05/11/2026 00:42,EURJPY,Buy,0.010,182.12900,184.22900,184.12700,184.22900,-0.0400,0.0000,10.2,0.44,0.04,"[tp]",0,00:00:39:01,18.0,7m,18.7,1.83,10.2,0.51,-18.7,-0.935,35.3,100.0,0.00,0.00
,05/08/2026 16:33,05/08/2026 18:10,GBPUSD,Buy,0.100,0.00000,1.37034,1.36277,1.36241,-0.3500,0.0000,-3.6,-2.99,-0.28,"",0,00:01:37:14,1.1,1m,16.7,166.67,0.1,0.073,-16.6,-12.118,0.6,77.8,-3.70,-2.70
,05/08/2026 16:29,05/08/2026 16:34,GBPUSD,Buy,0.100,0.00000,1.36957,1.36212,1.36270,-0.3500,0.0000,5.8,3.91,0.37,"",0,00:00:04:16,100.0,4m,0.9,0.17,5.8,4.234,0.0,0.0,100.0,100.0,0.00,0.00
,05/08/2026 16:23,05/08/2026 16:29,GBPUSD,Buy,0.200,0.00000,1.36516,1.36181,1.36198,-0.7000,0.0000,1.7,1.80,0.17,"",0,00:00:05:44,100.0,5m,1.7,0.29,3.4,4.998,0.0,0.0,100.0,50.0,-1.70,-2.50
,05/08/2026 15:47,05/08/2026 16:22,GBPUSD,Buy,0.300,1.35467,1.36865,1.36217,1.36153,-1.0500,0.0000,-6.4,-15.15,-1.40,"",0,00:00:34:13,2.9,59s,14.7,48.08,0.3,0.66,-14.4,-31.680000000000003,2.0,54.4,-6.70,-14.74
,05/08/2026 15:35,05/08/2026 15:47,EURUSD,Buy,0.100,0.00000,0.00000,1.17756,1.17757,-0.3500,0.0000,0.1,-0.28,-0.03,"",0,00:00:11:28,91.7,10m,3.0,0.07,2.8,1.9599999999999997,-0.2,-0.13999999999999999,93.3,10.0,-2.70,-1.89
,05/08/2026 15:35,05/08/2026 15:47,EURUSD,Buy,0.100,0.00000,0.00000,1.17757,1.17755,-0.3500,0.0000,-0.2,-0.50,-0.05,"",0,00:00:11:26,83.4,9m,3.0,0.11,2.7,2.0250000000000004,-0.3,-0.22499999999999998,90.0,3.3,-2.90,-2.18
,05/08/2026 15:35,05/08/2026 15:47,EURUSD,Buy,0.100,0.00000,0.00000,1.17757,1.17758,-0.3500,0.0000,0.1,-0.28,-0.03,"",0,00:00:11:25,91.7,10m,3.0,0.11,2.7,1.89,-0.3,-0.21,90.0,13.3,-2.60,-1.82
,05/08/2026 15:33,05/08/2026 15:35,GBPUSD,Buy,0.100,0.00000,0.00000,1.36209,1.36211,-0.3500,0.0000,0.2,-0.20,-0.02,"",0,00:00:02:04,,,,,,,,,,,,
,05/08/2026 15:35,05/08/2026 15:35,GBPUSD,Buy,0.100,0.00000,0.00000,1.36242,1.36218,-0.3500,0.0000,-2.4,-2.11,-0.19,"",0,00:00:00:41,,,,,,,,,,,,
,05/08/2026 15:33,05/08/2026 15:35,GBPUSD,Buy,0.100,0.00000,0.00000,1.36212,1.36213,-0.3500,0.0000,0.1,-0.28,-0.03,"",0,00:00:02:02,,,,,,,,,,,,
,05/08/2026 11:30,05/08/2026 15:33,GBPUSD,Sell,0.100,0.00000,1.34912,1.36018,1.36210,-0.3500,0.0000,-19.2,-14.45,-1.31,"",0,00:04:02:58,1.3,3m,21.1,23.47,0.9,0.657,-21.1,-15.403,4.1,8.6,-20.10,-14.67
,05/08/2026 11:27,05/08/2026 11:30,GBPUSD,Buy,0.100,0.00000,1.37167,1.35981,1.36023,-0.3500,0.0000,4.2,2.74,0.25,"",0,00:00:02:24,,,,,,,,,,,,
,05/08/2026 10:16,05/08/2026 11:27,GBPUSD,Buy,0.100,0.00000,1.36078,1.35832,1.35981,-0.3500,0.0000,14.9,10.61,0.98,"",0,00:01:10:59,62.0,44m,7.1,0.34,14.9,11.026,-5.1,-3.7739999999999996,74.5,100.0,0.00,0.00
,05/08/2026 11:21,05/08/2026 11:27,GBPUSD,Buy,0.100,0.00000,1.36085,1.35941,1.35981,-0.3500,0.0000,4.0,2.59,0.24,"",0,00:00:05:44,83.4,4m,1.0,0.05,4.0,2.96,-0.2,-0.148,95.2,100.0,0.00,0.00
,05/07/2026 20:28,05/08/2026 01:34,GBPUSD,Sell,0.100,0.00000,1.35087,1.35782,1.35504,-0.3500,-0.0800,27.8,20.09,1.89,"",0,00:05:06:12,78.2,3h 59m,14.2,0.19,32.9,24.346,-6.1,-4.513999999999999,84.4,86.9,-5.10,-3.77
,05/07/2026 20:14,05/08/2026 01:34,GBPUSD,Sell,0.300,0.00000,1.35069,1.35911,1.35506,-1.0500,-0.2400,40.5,88.37,9.06,"",0,00:05:19:59,100.0,5h 19m,14.2,0.02,45.8,101.21799999999999,0.0,0.0,100.0,88.4,-5.30,-11.71
,05/07/2026 20:28,05/07/2026 20:28,GBPUSD,Buy,0.100,0.00000,0.00000,1.35786,1.35791,-0.3500,0.0000,0.5,0.02,0.00,"",0,00:00:00:11,,,,,,,,,,,,
,05/06/2026 12:11,05/07/2026 20:14,GBPUSD,Buy,0.100,0.00000,1.36658,1.36210,1.35910,-0.3500,-0.3300,-30.0,-22.75,-2.28,"",0,01:08:03:23,19.6,6h 16m,57.7,1.97,19.4,14.355999999999998,-38.3,-28.342,33.6,14.4,-49.40,-36.56
,05/07/2026 11:04,05/07/2026 20:14,GBPUSD,Buy,0.100,0.00000,1.36665,1.36211,1.35909,-0.3500,0.0000,-30.2,-22.57,-2.21,"",0,00:09:10:34,43.9,4h 1m,41.7,2.86,10.8,7.992,-30.9,-22.866,25.9,1.7,-41.00,-30.34
,05/07/2026 17:06,05/07/2026 17:36,GBPUSD,Buy,0.100,0.00000,1.36643,1.36162,1.36164,-0.3500,0.0000,0.2,-0.20,-0.02,"",0,00:00:29:17,100.0,29m,7.1,0.14,7.3,5.475,0.0,0.0,100.0,2.7,-7.10,-5.32
,05/07/2026 17:06,05/07/2026 17:06,GBPUSD,Sell,0.100,0.00000,0.00000,1.36171,1.36162,-0.3500,0.0000,0.9,0.31,0.03,"",0,00:00:00:11,,,,,,,,,,,,
,05/07/2026 11:05,05/07/2026 17:03,GBPUSD,Buy,0.100,0.00000,1.37529,1.36210,1.36143,-0.3500,0.0000,-6.7,-5.27,-0.51,"",0,00:05:58:05,54.5,3h 15m,19.7,1.24,8.8,6.424,-10.9,-7.957,44.7,21.3,-15.50,-11.31
,05/07/2026 15:01,05/07/2026 15:08,USDJPY,Sell,0.010,158.38900,156.33900,156.38900,156.38900,-0.0400,0.0000,0.0,-0.04,0.00,"",0,00:00:06:48,71.5,4m,2.9,0.07,2.7,0.0,-0.2,-0.0,93.1,6.9,-2.70,0.00
,05/06/2026 13:49,05/07/2026 11:05,GBPJPY,Sell,0.010,214.29300,212.24300,212.29300,212.87700,-0.0400,-0.3500,-58.4,-3.13,-0.30,"",0,00:21:16:00,0.0,0s,59.6,59.88,0.0,0.0,-59.6,-2.9800000000000004,0.0,2.0,-58.40,-2.92
,05/06/2026 14:09,05/07/2026 11:05,USDJPY,Sell,0.010,157.77300,155.72300,155.77600,156.27500,-0.0400,-0.2500,-49.9,-2.63,-0.26,"",0,00:20:55:32,0.0,0s,74.5,74.63,0.0,0.0,-74.5,-3.725,0.0,33.0,-49.90,-2.50
,05/07/2026 10:08,05/07/2026 11:05,EURUSD,Buy,0.010,1.15600,1.17700,1.17602,1.17662,-0.0400,0.0000,6.0,0.40,0.04,"",0,00:00:57:05,100.0,57m,7.3,0.12,8.3,0.5810000000000001,0.0,0.0,100.0,72.3,-2.30,-0.16
,05/07/2026 11:04,05/07/2026 11:05,EURJPY,Buy,0.010,181.86900,183.96900,183.86800,183.87100,-0.0400,0.0000,0.3,-0.03,0.00,"",0,00:00:01:04,,,,,,,,,,,,
,05/07/2026 08:35,05/07/2026 11:00,EURJPY,Buy,0.010,181.78200,183.88200,183.78200,183.88200,-0.0400,0.0000,10.0,0.43,0.04,"[tp]",0,00:02:25:11,17.2,24m,26.6,2.66,10.0,0.5,-26.6,-1.33,27.3,100.0,0.00,0.00
,05/07/2026 08:22,05/07/2026 10:08,EURUSD,Buy,0.010,1.15504,1.17604,1.17506,1.17604,-0.0400,0.0000,9.8,0.68,0.07,"[tp]",0,00:01:45:14,62.9,1h 6m,11.4,0.55,9.8,0.6860000000000002,-5.4,-0.37800000000000006,64.5,100.0,0.00,0.00
,05/07/2026 08:00,05/07/2026 08:32,EURJPY,Buy,0.010,181.74000,183.79000,183.73900,183.79000,-0.0400,0.0000,5.1,0.20,0.02,"[tp]",0,00:00:32:20,45.5,14m,3.3,0.60,5.5,0.275,-3.3,-0.165,62.5,95.5,-0.40,-0.02
,05/07/2026 00:01,05/07/2026 04:34,EURUSD,Buy,0.010,1.15538,1.17588,1.17538,1.17588,-0.0400,0.0000,5.0,0.33,0.03,"[tp]",0,00:04:33:12,9.2,25m,10.6,2.00,5.3,0.371,-10.6,-0.742,33.3,98.1,-0.30,-0.02
,05/06/2026 14:43,05/06/2026 19:03,EURJPY,Buy,0.010,181.84000,183.89000,183.83900,183.89000,-0.0400,0.0000,5.1,0.20,0.02,"[tp]",0,00:04:20:46,3.9,10m,41.7,8.18,5.1,0.255,-41.7,-2.0850000000000004,10.9,100.0,0.00,0.00
,05/06/2026 14:15,05/06/2026 14:43,EURJPY,Buy,0.010,181.78300,183.83300,183.78400,183.83300,-0.0400,0.0000,4.9,0.19,0.02,"[tp]",0,00:00:27:22,14.3,3m,7.9,1.61,4.9,0.24500000000000002,-7.9,-0.395,38.3,100.0,0.00,0.00
,05/06/2026 13:21,05/06/2026 14:15,EURJPY,Buy,0.010,181.73000,183.78000,183.73000,183.78000,-0.0400,0.0000,5.0,0.20,0.02,"[tp]",0,00:00:54:13,7.5,4m,23.5,4.70,5.0,0.25,-23.5,-1.175,17.5,100.0,0.00,0.00
,05/06/2026 14:07,05/06/2026 14:09,USDJPY,Sell,0.010,157.82400,155.77400,155.82400,155.77400,-0.0400,0.0000,5.0,0.20,0.02,"[tp]",0,00:00:02:34,,,,,,,,,,,,
,05/06/2026 13:50,05/06/2026 14:05,USDJPY,Buy,0.010,153.79000,155.84000,155.79000,155.84000,-0.0400,0.0000,5.0,0.19,0.02,"[tp]",0,00:00:15:18,25.0,3m,15.1,2.65,5.7,0.28500000000000003,-15.1,-0.755,27.4,96.6,-0.70,-0.04
,05/06/2026 13:47,05/06/2026 13:49,USDJPY,Buy,0.010,153.77900,155.82900,155.78000,155.82900,-0.0400,0.0000,4.9,0.19,0.02,"[tp]",0,00:00:01:34,,,,,,,,,,,,
,05/06/2026 13:45,05/06/2026 13:49,GBPJPY,Sell,0.010,214.35300,212.30300,212.35400,212.30300,-0.0400,0.0000,5.1,0.20,0.02,"[tp]",0,00:00:04:07,100.0,4m,1.1,0.16,6.2,0.31000000000000005,0.0,0.0,100.0,82.3,-1.10,-0.06
,05/06/2026 13:41,05/06/2026 13:47,USDJPY,Sell,0.010,157.83900,155.78900,155.83800,155.78900,-0.0400,0.0000,4.9,0.20,0.02,"[tp]",0,00:00:06:22,83.4,5m,2.5,0.24,5.8,0.29,-1.4,-0.06999999999999999,80.6,87.5,-0.90,-0.04
,05/06/2026 13:31,05/06/2026 13:41,GBPJPY,Sell,0.010,214.35500,212.30500,212.35500,212.30500,-0.0400,0.0000,5.0,0.20,0.02,"[tp]",0,00:00:10:31,18.2,1m,4.8,0.96,5.0,0.25,-4.8,-0.24,51.0,100.0,0.00,0.00
,05/06/2026 13:00,05/06/2026 13:41,USDJPY,Sell,0.010,157.89600,155.84600,155.89500,155.84600,-0.0400,0.0000,4.9,0.19,0.02,"[tp]",0,00:00:41:18,4.9,2m,21.5,4.39,4.9,0.24500000000000002,-21.5,-1.075,18.6,100.0,0.00,0.00
,05/06/2026 13:23,05/06/2026 13:24,GBPJPY,Sell,0.010,214.37000,212.32000,212.37000,212.32000,-0.0400,0.0000,5.0,0.20,0.02,"[tp]",0,00:00:01:08,,,,,,,,,,,,
,05/06/2026 13:00,05/06/2026 13:23,GBPJPY,Sell,0.010,214.43200,212.38200,212.42900,212.38200,-0.0400,0.0000,4.7,0.18,0.02,"[tp]",0,00:00:23:25,52.2,12m,13.6,1.63,7.2,0.36000000000000004,-11.7,-0.585,38.1,86.8,-2.50,-0.13
,05/06/2026 12:27,05/06/2026 13:21,EURJPY,Buy,0.010,181.67100,183.72100,183.67100,183.72100,-0.0400,0.0000,5.0,0.19,0.02,"[tp]",0,00:00:53:35,9.3,4m,10.0,1.94,5.0,0.25,-9.7,-0.485,34.0,100.0,0.00,0.00
,05/06/2026 12:17,05/06/2026 13:00,GBPJPY,Sell,0.010,214.48800,212.43800,212.49000,212.43800,-0.0400,0.0000,5.2,0.20,0.02,"[tp]",0,00:00:43:22,22.8,9m,14.7,2.41,6.1,0.305,-14.7,-0.735,29.3,95.7,-0.90,-0.04
,05/06/2026 12:49,05/06/2026 13:00,USDJPY,Sell,0.010,157.95000,155.90000,155.94400,155.90000,-0.0400,0.0000,4.4,0.17,0.02,"[tp]",0,00:00:10:20,72.8,7m,4.1,0.84,4.4,0.22000000000000003,-3.7,-0.18500000000000003,54.3,100.0,0.00,0.00
,05/06/2026 12:37,05/06/2026 12:49,USDJPY,Sell,0.010,158.00100,155.95100,156.00200,155.95100,-0.0400,0.0000,5.1,0.20,0.02,"[tp]",0,00:00:12:50,66.7,8m,2.9,0.13,8.0,0.4,-1.0,-0.05,88.9,67.8,-2.90,-0.15
,05/06/2026 12:34,05/06/2026 12:35,USDJPY,Buy,0.010,154.00600,156.05600,156.00600,156.05600,-0.0400,0.0000,5.0,0.20,0.02,"[tp]",0,00:00:01:15,,,,,,,,,,,,
,05/06/2026 12:25,05/06/2026 12:32,USDJPY,Sell,0.010,158.05500,156.00500,156.05400,156.00500,-0.0400,0.0000,4.9,0.19,0.02,"[tp]",0,00:00:07:22,28.6,2m,3.2,0.62,5.2,0.26,-3.2,-0.16000000000000003,61.9,96.4,-0.30,-0.01
,05/06/2026 12:24,05/06/2026 12:27,EURJPY,Buy,0.010,181.61600,183.66600,183.61600,183.66600,-0.0400,0.0000,5.0,0.20,0.02,"[tp]",0,00:00:03:01,,,,,,,,,,,,
,05/06/2026 12:11,05/06/2026 12:24,EURJPY,Buy,0.010,181.56200,183.61200,183.56300,183.61200,-0.0400,0.0000,4.9,0.20,0.02,"[tp]",0,00:00:13:50,21.5,2m,6.7,1.37,4.9,0.24500000000000002,-6.7,-0.335,42.2,100.0,0.00,0.00
,05/06/2026 12:20,05/06/2026 12:21,USDJPY,Buy,0.010,153.98700,156.03700,155.98700,156.03700,-0.0400,0.0000,5.0,0.19,0.02,"[tp]",0,00:00:01:22,,,,,,,,,,,,
,05/06/2026 12:15,05/06/2026 12:19,USDJPY,Sell,0.010,158.02100,155.97100,156.02100,155.97100,-0.0400,0.0000,5.0,0.20,0.02,"[tp]",0,00:00:03:40,,,,,,,,,,,,
,05/06/2026 12:10,05/06/2026 12:15,USDJPY,Sell,0.010,158.07200,156.02200,156.07300,156.02200,-0.0400,0.0000,5.1,0.20,0.02,"[tp]",0,00:00:05:25,100.0,5m,1.3,0.20,5.1,0.255,0.0,0.0,100.0,100.0,0.00,0.00
,05/06/2026 12:10,05/06/2026 12:15,GBPJPY,Sell,0.010,214.54100,212.49100,212.54100,212.49100,-0.0400,0.0000,5.0,0.20,0.02,"[tp]",0,00:00:05:08,66.7,3m,1.3,0.26,5.0,0.25,-1.3,-0.065,79.4,100.0,0.00,0.00
,05/06/2026 12:10,05/06/2026 12:10,EURUSD,Buy,0.100,0.00000,1.18277,1.17616,1.17620,-0.3500,0.0000,0.4,-0.06,-0.01,"",0,00:00:00:09,,,,,,,,,,,,
,05/06/2026 12:10,05/06/2026 12:10,GBPUSD,Buy,0.100,0.00000,1.37610,1.36205,1.36210,-0.3500,0.0000,0.5,0.02,0.00,"",0,00:00:00:22,,,,,,,,,,,,
,05/05/2026 11:08,05/06/2026 12:09,GBPUSD,Buy,0.230,1.35060,1.36664,1.35404,1.36202,-0.8100,-0.2500,79.8,133.70,15.01,"",0,01:01:00:47,86.4,21h 36m,45.1,0.10,90.2,152.438,-8.9,-15.041,91.0,89.5,-10.40,-17.58
,05/06/2026 07:56,05/06/2026 12:09,GBPJPY,Sell,0.010,212.80800,210.75800,210.80800,212.56500,-0.0400,0.0000,-175.7,-8.31,-0.92,"",0,00:04:13:31,0.0,0s,190.3,192.31,0.0,0.0,-190.3,-9.515,0.0,7.7,-175.70,-8.79
,05/06/2026 10:40,05/06/2026 12:09,USDJPY,Buy,0.010,154.47800,156.52800,156.47900,156.05700,-0.0400,0.0000,-42.2,-2.03,-0.23,"",0,00:01:28:42,2.3,2m,67.9,55.87,1.2,0.06,-66.7,-3.3350000000000004,1.8,36.1,-43.40,-2.17
,05/06/2026 10:13,05/06/2026 12:09,EURJPY,Buy,0.010,181.59900,183.64900,183.59800,183.55900,-0.0400,0.0000,-3.9,-0.23,-0.03,"",0,00:01:56:00,0.0,0s,71.2,71.43,0.0,0.0,-71.2,-3.5600000000000005,0.0,94.5,-3.90,-0.20
,05/06/2026 11:56,05/06/2026 12:09,EURUSD,Buy,0.010,1.15697,1.17747,1.17697,1.17625,-0.0400,0.0000,-7.2,-0.57,-0.06,"",0,00:00:13:29,0.0,0s,12.4,12.41,0.0,0.0,-12.4,-0.8680000000000001,0.0,41.9,-7.20,-0.50
,05/06/2026 11:51,05/06/2026 11:53,EURUSD,Buy,0.010,1.15655,1.17705,1.17657,1.17705,-0.0400,0.0000,4.8,0.31,0.03,"[tp]",0,00:00:01:49,,,,,,,,,,,,
,05/06/2026 11:51,05/06/2026 11:51,EURUSD,Buy,0.010,1.15600,1.17650,1.17600,1.17650,-0.0400,0.0000,5.0,0.33,0.04,"[tp]",0,00:00:00:22,,,,,,,,,,,,
,05/06/2026 11:36,05/06/2026 11:46,EURUSD,Buy,0.010,1.15465,1.17515,1.17465,1.17515,-0.0400,0.0000,5.0,0.33,0.04,"[tp]",0,00:00:10:21,80.0,8m,1.2,0.24,5.0,0.35000000000000003,-1.2,-0.084,80.6,100.0,0.00,0.00
,05/06/2026 07:57,05/06/2026 11:35,EURUSD,Buy,0.010,1.15425,1.17475,1.17425,1.17475,-0.0400,0.0000,5.0,0.33,0.04,"[tp]",0,00:03:38:40,1.9,4m,17.6,3.52,5.0,0.35000000000000003,-17.6,-1.2320000000000002,22.1,100.0,0.00,0.00
,05/06/2026 10:30,05/06/2026 10:40,USDJPY,Sell,0.010,158.52800,156.47800,156.52800,156.47800,-0.0400,0.0000,5.0,0.20,0.02,"[tp]",0,00:00:10:17,70.0,7m,2.7,0.26,5.0,0.25,-1.3,-0.065,79.4,100.0,0.00,0.00
,05/06/2026 10:23,05/06/2026 10:30,USDJPY,Buy,0.010,154.47500,156.52500,156.47500,156.52500,-0.0400,0.0000,5.0,0.20,0.02,"[tp]",0,00:00:07:29,100.0,7m,2.2,0.20,5.0,0.25,0.0,0.0,100.0,100.0,0.00,0.00
,05/06/2026 10:17,05/06/2026 10:22,USDJPY,Sell,0.010,158.49900,156.44900,156.49900,156.44900,-0.0400,0.0000,5.0,0.20,0.02,"[tp]",0,00:00:05:19,66.7,3m,1.1,0.22,5.0,0.25,-1.1,-0.05500000000000001,82.0,100.0,0.00,0.00
,05/06/2026 10:13,05/06/2026 10:15,USDJPY,Buy,0.010,154.49600,156.54600,156.49700,156.54600,-0.0400,0.0000,4.9,0.19,0.02,"[tp]",0,00:00:01:56,,,,,,,,,,,,
,05/06/2026 10:08,05/06/2026 10:13,EURJPY,Buy,0.010,181.54600,183.59600,183.54600,183.59600,-0.0400,0.0000,5.0,0.19,0.02,"[tp]",0,00:00:05:28,60.0,3m,3.7,0.74,5.0,0.25,-3.7,-0.18500000000000003,57.5,100.0,0.00,0.00
,05/06/2026 07:34,05/06/2026 10:13,USDJPY,Buy,0.010,154.44600,156.49600,156.44600,156.49600,-0.0400,0.0000,5.0,0.19,0.02,"[tp]",0,00:02:39:07,3.2,5m,138.0,17.48,7.9,0.395,-138.0,-6.9,5.4,98.0,-2.90,-0.15
,05/06/2026 09:07,05/06/2026 10:04,EURJPY,Buy,0.010,181.52900,183.57900,183.52800,183.57900,-0.0400,0.0000,5.1,0.20,0.02,"[tp]",0,00:00:57:12,6.9,3m,15.9,2.76,5.1,0.255,-14.1,-0.7050000000000001,26.6,100.0,0.00,0.00
,05/06/2026 08:34,05/06/2026 09:03,EURJPY,Buy,0.010,181.44100,183.49100,183.44200,183.49100,-0.0400,0.0000,4.9,0.19,0.02,"[tp]",0,00:00:29:21,10.0,2m,6.7,1.02,6.6,0.33,-6.7,-0.335,49.6,87.2,-1.70,-0.08
,05/06/2026 08:28,05/06/2026 08:32,EURJPY,Buy,0.010,181.41200,183.46200,183.41200,183.46200,-0.0400,0.0000,5.0,0.19,0.02,"[tp]",0,00:00:04:17,80.0,3m,3.0,0.32,5.0,0.25,-1.6,-0.08000000000000002,75.8,100.0,0.00,0.00
,05/06/2026 08:18,05/06/2026 08:22,EURJPY,Buy,0.010,181.34800,183.39800,183.34000,183.39800,-0.0400,0.0000,5.8,0.24,0.03,"[tp]",0,00:00:03:36,,,,,,,,,,,,
,05/06/2026 08:11,05/06/2026 08:18,EURJPY,Buy,0.010,181.29600,183.34600,183.29700,183.34600,-0.0400,0.0000,4.9,0.19,0.02,"[tp]",0,00:00:07:35,50.0,3m,4.7,0.96,4.9,0.24500000000000002,-4.7,-0.23500000000000001,51.0,100.0,0.00,0.00
,05/06/2026 07:37,05/06/2026 08:07,EURJPY,Buy,0.010,181.17800,183.22800,183.17200,183.22800,-0.0400,0.0000,5.6,0.22,0.02,"[tp]",0,00:00:29:53,6.7,2m,110.8,11.79,9.4,0.47000000000000003,-110.8,-5.54,7.8,96.8,-3.80,-0.19
,05/06/2026 07:35,05/06/2026 07:49,EURUSD,Buy,0.010,1.15325,1.17375,1.17325,1.17375,-0.0400,0.0000,5.0,0.33,0.04,"[tp]",0,00:00:14:04,78.6,11m,3.6,0.12,6.8,0.47600000000000003,-0.8,-0.05600000000000001,89.5,76.3,-1.80,-0.13
,05/06/2026 07:47,05/06/2026 07:48,GBPJPY,Sell,0.010,213.51000,211.46000,211.51100,211.46000,-0.0400,0.0000,5.1,0.20,0.02,"[tp]",0,00:00:00:41,,,,,,,,,,,,
,05/06/2026 07:47,05/06/2026 07:47,GBPJPY,Sell,0.010,213.58600,211.53600,211.59200,211.53600,-0.0400,0.0000,5.6,0.22,0.02,"[tp]",0,00:00:00:47,,,,,,,,,,,,
,05/06/2026 07:47,05/06/2026 07:47,GBPJPY,Sell,0.010,213.65700,211.60700,211.64900,211.60700,-0.0400,0.0000,4.2,0.16,0.02,"[tp]",0,00:00:00:05,,,,,,,,,,,,
,05/06/2026 07:44,05/06/2026 07:45,GBPJPY,Sell,0.010,213.77800,211.72800,211.77400,211.72800,-0.0400,0.0000,4.6,0.18,0.02,"[tp]",0,00:00:01:31,,,,,,,,,,,,
,05/06/2026 07:38,05/06/2026 07:39,GBPJPY,Sell,0.010,213.93200,211.88200,212.00100,211.88200,-0.0400,0.0000,11.9,0.52,0.06,"[tp]",0,00:00:01:35,,,,,,,,,,,,
,05/06/2026 07:38,05/06/2026 07:38,GBPJPY,Sell,0.010,214.01500,211.96500,211.98400,211.96500,-0.0400,0.0000,1.9,0.05,0.01,"[tp]",0,00:00:00:07,,,,,,,,,,,,
,05/06/2026 07:37,05/06/2026 07:37,EURJPY,Buy,0.010,181.11900,183.16900,183.07700,183.16900,-0.0400,0.0000,9.2,0.39,0.04,"[tp]",0,00:00:00:14,,,,,,,,,,,,
,05/06/2026 06:13,05/06/2026 07:37,EURJPY,Buy,0.010,183.03000,185.08000,185.03000,183.03000,-0.0400,0.0000,-200.0,-9.48,-1.05,"[sl]",0,00:01:24:23,0.0,0s,200.0,200.00,0.0,0.0,-200.0,-10.0,0.0,0.0,-200.00,-10.00
,05/06/2026 07:35,05/06/2026 07:37,GBPJPY,Sell,0.010,214.13500,212.08500,212.12900,212.08500,-0.0400,0.0000,4.4,0.17,0.02,"[tp]",0,00:00:01:31,,,,,,,,,,,,
,05/06/2026 07:35,05/06/2026 07:35,GBPJPY,Sell,0.010,214.25000,212.20000,212.25500,212.20000,-0.0400,0.0000,5.5,0.22,0.02,"[tp]",0,00:00:00:38,,,,,,,,,,,,
,05/06/2026 07:35,05/06/2026 07:35,GBPJPY,Sell,0.010,214.34600,212.29600,212.34200,212.29600,-0.0400,0.0000,4.6,0.18,0.02,"[tp]",0,00:00:00:01,,,,,,,,,,,,
,05/04/2026 22:02,05/06/2026 07:32,GBPJPY,Sell,0.010,214.50700,212.45700,212.50500,212.38900,-0.0400,-0.2400,11.6,0.27,0.03,"[tp]",0,01:09:30:52,0.5,10m,172.2,11.72,14.7,0.735,-172.2,-8.61,7.9,98.3,-3.10,-0.15
,05/06/2026 02:19,05/06/2026 07:29,EURUSD,Buy,0.010,1.15236,1.17286,1.17236,1.17286,-0.0400,0.0000,5.0,0.32,0.04,"[tp]",0,00:05:10:44,7.1,22m,12.2,2.24,5.0,0.35000000000000003,-11.2,-0.784,30.9,100.0,0.00,0.00
,05/04/2026 22:08,05/06/2026 07:28,USDJPY,Sell,0.010,158.94700,156.89700,156.94600,156.89700,-0.0400,-0.1600,4.9,0.03,0.00,"[tp]",0,01:09:20:09,0.5,10m,98.2,13.46,7.3,0.365,-98.2,-4.91,6.9,97.7,-2.40,-0.12
,05/06/2026 06:06,05/06/2026 06:07,EURJPY,Buy,0.010,182.95800,185.00800,184.95800,185.00800,-0.0400,0.0000,5.0,0.19,0.02,"[tp]",0,00:00:01:03,,,,,,,,,,,,
,05/06/2026 05:19,05/06/2026 06:02,EURJPY,Buy,0.010,182.89500,184.94500,184.89500,184.94500,-0.0400,0.0000,5.0,0.19,0.02,"[tp]",0,00:00:43:16,58.2,25m,4.8,0.55,5.1,0.255,-2.8,-0.13999999999999999,64.6,98.7,-0.10,0.00
,05/06/2026 04:43,05/06/2026 05:16,EURJPY,Buy,0.010,182.82000,184.87000,184.82000,184.87000,-0.0400,0.0000,5.0,0.19,0.02,"[tp]",0,00:00:33:20,84.9,28m,3.8,0.28,5.0,0.25,-1.4,-0.06999999999999999,78.1,100.0,0.00,0.00
,05/06/2026 02:33,05/06/2026 04:42,EURJPY,Buy,0.010,182.76800,184.81800,184.76800,184.81800,-0.0400,0.0000,5.0,0.19,0.02,"[tp]",0,00:02:09:45,29.3,38m,16.4,2.72,5.0,0.25,-13.6,-0.68,26.9,100.0,0.00,0.00
,05/05/2026 20:40,05/06/2026 02:30,EURJPY,Buy,0.010,182.72600,184.77600,184.72700,184.77600,-0.0400,0.0200,4.9,0.21,0.02,"[tp]",0,00:05:50:29,11.5,40m,23.8,4.57,4.9,0.24500000000000002,-22.4,-1.1199999999999999,17.9,100.0,0.00,0.00
,05/04/2026 16:50,05/06/2026 02:12,EURUSD,Buy,0.010,1.15168,1.17218,1.17169,1.17218,-0.0400,-0.1000,4.9,0.22,0.02,"[tp]",0,01:09:22:28,0.5,10m,39.2,5.45,7.2,0.5040000000000001,-39.2,-2.7440000000000007,15.5,95.0,-2.30,-0.16
,05/05/2026 20:16,05/05/2026 20:40,EURJPY,Buy,0.010,182.66700,184.71700,184.66700,184.71700,-0.0400,0.0000,5.0,0.19,0.02,"[tp]",0,00:00:24:16,96.0,23m,3.3,0.04,5.0,0.25,-0.2,-0.010000000000000002,96.2,100.0,0.00,0.00
,05/05/2026 17:28,05/05/2026 20:12,EURJPY,Buy,0.010,182.63000,184.68000,184.63000,184.68000,-0.0400,0.0000,5.0,0.20,0.02,"[tp]",0,00:02:44:24,18.2,29m,13.4,1.96,5.0,0.25,-9.8,-0.49000000000000005,33.8,100.0,0.00,0.00
,05/05/2026 16:09,05/05/2026 17:24,EURJPY,Buy,0.010,182.57000,184.62000,184.57300,184.62000,-0.0400,0.0000,4.7,0.18,0.02,"[tp]",0,00:01:15:20,25.0,18m,5.6,0.90,4.8,0.24,-4.3,-0.215,52.7,98.9,-0.10,0.00
,05/05/2026 15:37,05/05/2026 16:03,EURJPY,Buy,0.010,182.46900,184.51900,184.46900,184.51900,-0.0400,0.0000,5.0,0.20,0.02,"[tp]",0,00:00:26:23,80.8,21m,2.8,0.52,5.0,0.25,-2.6,-0.13,65.8,100.0,0.00,0.00
,05/05/2026 14:56,05/05/2026 15:31,EURJPY,Buy,0.010,182.43000,184.48000,184.43000,184.48000,-0.0400,0.0000,5.0,0.19,0.02,"[tp]",0,00:00:34:41,51.5,17m,11.0,1.55,5.8,0.29,-9.0,-0.45,39.2,94.6,-0.80,-0.04
,05/05/2026 14:24,05/05/2026 14:56,EURJPY,Buy,0.010,182.37300,184.42300,184.37100,184.42300,-0.0400,0.0000,5.2,0.20,0.02,"[tp]",0,00:00:32:53,60.7,19m,5.6,0.58,5.2,0.26,-3.0,-0.15000000000000002,63.4,100.0,0.00,0.00
,05/05/2026 13:25,05/05/2026 14:18,EURJPY,Buy,0.010,182.29500,184.34500,184.29500,184.34500,-0.0400,0.0000,5.0,0.19,0.02,"[tp]",0,00:00:53:00,11.4,6m,9.1,1.82,5.0,0.25,-9.1,-0.455,35.5,100.0,0.00,0.00
,05/05/2026 12:44,05/05/2026 13:21,EURJPY,Buy,0.010,182.24300,184.29300,184.23800,184.29300,-0.0400,0.0000,5.5,0.22,0.02,"[tp]",0,00:00:37:35,26.4,9m,10.2,1.59,6.4,0.32000000000000006,-10.2,-0.51,38.6,94.6,-0.90,-0.05
,05/05/2026 12:24,05/05/2026 12:43,EURJPY,Buy,0.010,182.18700,184.23700,184.18700,184.23700,-0.0400,0.0000,5.0,0.19,0.02,"[tp]",0,00:00:19:57,10.0,1m,33.2,6.64,5.0,0.25,-33.2,-1.6600000000000001,13.1,100.0,0.00,0.00
,05/05/2026 12:19,05/05/2026 12:22,EURJPY,Buy,0.010,182.15700,184.20700,184.14900,184.20700,-0.0400,0.0000,5.8,0.23,0.03,"[tp]",0,00:00:03:26,,,,,,,,,,,,
,05/05/2026 12:01,05/05/2026 12:16,EURJPY,Buy,0.010,182.08600,184.13600,184.08800,184.13600,-0.0400,0.0000,4.8,0.18,0.02,"[tp]",0,00:00:15:01,25.0,3m,16.3,1.51,10.8,0.54,-16.3,-0.8150000000000001,39.9,77.9,-6.00,-0.30
,05/04/2026 16:50,05/05/2026 12:00,EURJPY,Buy,0.010,181.99100,184.04100,183.98800,184.04100,-0.0400,0.0200,5.3,0.23,0.03,"[tp]",0,00:19:10:11,1.8,20m,65.9,12.21,5.3,0.265,-64.7,-3.2350000000000003,7.6,100.0,0.00,0.00
,05/04/2026 19:13,05/05/2026 11:08,GBPUSD,Sell,0.010,1.37164,1.35114,1.35163,1.35399,-0.0400,-0.0100,-23.6,-1.79,-0.20,"",0,00:15:55:21,1.1,10m,29.4,35.84,0.8,0.05600000000000001,-28.6,-2.0020000000000002,2.7,17.0,-24.40,-1.71
,05/04/2026 22:06,05/04/2026 22:08,USDJPY,Sell,0.010,159.02200,156.97200,157.02100,156.97200,-0.0400,0.0000,4.9,0.19,0.02,"[tp]",0,00:00:02:19,,,,,,,,,,,,
,05/04/2026 22:02,05/04/2026 22:06,USDJPY,Sell,0.010,159.07800,157.02800,157.08000,157.02800,-0.0400,0.0000,5.2,0.21,0.02,"[tp]",0,00:00:03:11,,,,,,,,,,,,
,05/04/2026 22:01,05/04/2026 22:02,USDJPY,Buy,0.010,155.02000,157.07000,157.01900,157.07000,-0.0400,0.0000,5.1,0.20,0.02,"[tp]",0,00:00:01:53,,,,,,,,,,,,
,05/04/2026 19:13,05/04/2026 21:58,GBPJPY,Sell,0.010,214.57600,212.52600,212.57600,212.52600,-0.0400,0.0000,5.0,0.20,0.02,"[tp]",0,00:02:45:54,3.7,6m,26.4,4.88,5.0,0.25,-24.4,-1.22,17.0,100.0,0.00,0.00
,05/04/2026 18:23,05/04/2026 21:57,USDJPY,Sell,0.010,159.15700,157.10700,157.15800,157.10700,-0.0400,0.0000,5.1,0.20,0.02,"[tp]",0,00:03:34:48,4.3,9m,17.3,1.89,7.3,0.365,-13.8,-0.6900000000000001,34.6,89.6,-2.20,-0.11
,05/04/2026 19:08,05/04/2026 19:09,GBPUSD,Sell,0.010,1.37218,1.35168,1.35209,1.35168,-0.0400,0.0000,4.1,0.26,0.03,"[tp]",0,00:00:01:34,,,,,,,,,,,,
,05/04/2026 18:43,05/04/2026 19:08,GBPJPY,Sell,0.010,214.68800,212.63800,212.68800,212.63800,-0.0400,0.0000,5.0,0.20,0.02,"[tp]",0,00:00:24:25,8.0,1m,8.6,1.23,7.0,0.35000000000000003,-8.6,-0.43,44.9,87.2,-2.00,-0.10
,05/04/2026 19:06,05/04/2026 19:07,GBPUSD,Sell,0.010,1.37277,1.35227,1.35279,1.35227,-0.0400,0.0000,5.2,0.34,0.04,"[tp]",0,00:00:01:52,,,,,,,,,,,,
,05/04/2026 18:56,05/04/2026 19:03,GBPUSD,Sell,0.010,1.37342,1.35292,1.35341,1.35292,-0.0400,0.0000,4.9,0.32,0.04,"[tp]",0,00:00:07:09,85.8,6m,2.5,0.17,5.3,0.371,-0.9,-0.06300000000000001,85.5,93.5,-0.40,-0.03
,05/04/2026 18:54,05/04/2026 18:55,GBPUSD,Buy,0.200,0.00000,1.35386,1.35353,1.35355,-0.7000,0.0000,0.2,-0.40,-0.04,"",0,00:00:00:44,,,,,,,,,,,,
,05/04/2026 18:54,05/04/2026 18:54,GBPUSD,Buy,0.200,0.00000,1.35487,1.35338,1.35354,-0.7000,0.0000,1.6,1.66,0.18,"",0,00:00:00:19,,,,,,,,,,,,
,05/04/2026 18:52,05/04/2026 18:53,GBPUSD,Sell,0.200,0.00000,1.35087,1.35293,1.35325,-0.7000,0.0000,-3.2,-5.43,-0.60,"",0,00:00:01:10,,,,,,,,,,,,
,05/04/2026 18:47,05/04/2026 18:49,GBPUSD,Sell,0.010,1.37352,1.35302,1.35351,1.35302,-0.0400,0.0000,4.9,0.32,0.04,"[tp]",0,00:00:02:48,,,,,,,,,,,,
,05/04/2026 18:32,05/04/2026 18:43,GBPJPY,Sell,0.010,214.75200,212.70200,212.75000,212.70200,-0.0400,0.0000,4.8,0.19,0.02,"[tp]",0,00:00:11:40,41.7,4m,4.1,0.85,4.8,0.24,-4.1,-0.205,53.9,100.0,0.00,0.00
,05/04/2026 18:31,05/04/2026 18:40,GBPUSD,Sell,0.010,1.37394,1.35344,1.35395,1.35344,-0.0400,0.0000,5.1,0.34,0.04,"[tp]",0,00:00:09:36,88.9,8m,1.4,0.20,5.1,0.357,0.0,0.0,100.0,100.0,0.00,0.00
,05/04/2026 18:31,05/04/2026 18:31,GBPUSD,Sell,0.200,0.00000,1.35252,1.35382,1.35380,-0.7000,0.0000,0.2,-0.40,-0.04,"",0,00:00:00:25,,,,,,,,,,,,
,05/04/2026 18:22,05/04/2026 18:29,GBPUSD,Sell,0.200,0.00000,1.35026,1.35374,1.35364,-0.7000,0.0000,1.0,0.78,0.09,"",0,00:00:06:14,85.8,5m,5.7,0.58,3.6,5.328,-2.1,-3.108,63.2,54.4,-2.60,-3.85
,05/04/2026 18:25,05/04/2026 18:27,GBPJPY,Sell,0.010,214.73900,212.68900,212.73700,212.68900,-0.0400,0.0000,4.8,0.19,0.02,"[tp]",0,00:00:02:11,,,,,,,,,,,,
,05/04/2026 18:21,05/04/2026 18:22,GBPUSD,Sell,0.200,0.00000,1.34601,1.35354,1.35357,-0.7000,0.0000,-0.3,-1.14,-0.13,"",0,00:00:01:23,,,,,,,,,,,,
,05/04/2026 18:18,05/04/2026 18:19,GBPUSD,Sell,0.010,1.37468,1.35418,1.35469,1.35418,-0.0400,0.0000,5.1,0.34,0.04,"[tp]",0,00:00:01:15,,,,,,,,,,,,
,05/04/2026 18:03,05/04/2026 18:19,GBPJPY,Sell,0.010,214.84800,212.79800,212.85000,212.79800,-0.0400,0.0000,5.2,0.20,0.02,"[tp]",0,00:00:16:51,17.7,2m,7.0,1.35,5.2,0.26,-7.0,-0.35000000000000003,42.6,100.0,0.00,0.00
,05/04/2026 18:00,05/04/2026 18:18,GBPUSD,Sell,0.010,1.37518,1.35468,1.35516,1.35468,-0.0400,0.0000,4.8,0.31,0.03,"[tp]",0,00:00:18:28,16.7,3m,7.4,1.14,6.5,0.45500000000000007,-7.4,-0.5180000000000001,46.8,87.8,-1.70,-0.12
,05/04/2026 18:04,05/04/2026 18:18,USDJPY,Buy,0.010,155.04500,157.09500,157.04500,157.09500,-0.0400,0.0000,5.0,0.20,0.02,"[tp]",0,00:00:14:00,42.9,6m,3.0,0.32,5.0,0.25,-1.6,-0.08000000000000002,75.8,100.0,0.00,0.00
,05/04/2026 17:51,05/04/2026 18:02,GBPJPY,Sell,0.010,214.87400,212.82400,212.87700,212.82400,-0.0400,0.0000,5.3,0.21,0.02,"[tp]",0,00:00:11:33,18.2,2m,4.5,0.85,5.3,0.265,-4.5,-0.225,54.1,100.0,0.00,0.00
,05/04/2026 17:50,05/04/2026 18:02,USDJPY,Sell,0.010,159.05000,157.00000,157.05000,157.00000,-0.0400,0.0000,5.0,0.19,0.02,"[tp]",0,00:00:12:47,53.9,6m,6.8,0.86,5.0,0.25,-4.3,-0.215,53.8,100.0,0.00,0.00
,05/04/2026 17:14,05/04/2026 18:00,GBPUSD,Sell,0.010,1.37570,1.35520,1.35570,1.35520,-0.0400,0.0000,5.0,0.33,0.04,"[tp]",0,00:00:46:07,25.6,11m,11.8,2.36,5.0,0.35000000000000003,-11.8,-0.8260000000000002,29.8,100.0,0.00,0.00
,05/04/2026 16:51,05/04/2026 17:51,GBPJPY,Sell,0.010,214.92900,212.87900,212.93100,212.87900,-0.0400,0.0000,5.2,0.20,0.02,"[tp]",0,00:01:00:20,26.3,15m,17.0,3.02,5.2,0.26,-15.7,-0.785,24.9,100.0,0.00,0.00
,05/04/2026 17:40,05/04/2026 17:44,USDJPY,Buy,0.010,154.97100,157.02100,156.97100,157.02100,-0.0400,0.0000,5.0,0.20,0.02,"[tp]",0,00:00:04:26,100.0,4m,1.2,0.16,6.2,0.31000000000000005,0.0,0.0,100.0,80.6,-1.20,-0.06
,05/04/2026 17:32,05/04/2026 17:38,USDJPY,Sell,0.010,159.02500,156.97500,157.02400,156.97500,-0.0400,0.0000,4.9,0.19,0.02,"[tp]",0,00:00:06:50,100.0,6m,0.6,0.18,5.5,0.275,0.0,0.0,100.0,89.1,-0.60,-0.03
,05/04/2026 17:08,05/04/2026 17:32,USDJPY,Sell,0.010,159.08000,157.03000,157.08000,157.03000,-0.0400,0.0000,5.0,0.19,0.02,"[tp]",0,00:00:24:03,68.0,16m,5.7,1.14,5.0,0.25,-5.7,-0.28500000000000003,46.7,100.0,0.00,0.00
,05/04/2026 17:00,05/04/2026 17:08,GBPUSD,Sell,0.010,1.37577,1.35527,1.35577,1.35527,-0.0400,0.0000,5.0,0.33,0.04,"[tp]",0,00:00:08:09,62.5,5m,1.2,0.24,5.0,0.35000000000000003,-1.2,-0.084,80.6,100.0,0.00,0.00
,05/04/2026 16:49,05/04/2026 17:05,USDJPY,Buy,0.010,154.01000,157.08000,157.01000,157.08000,-0.0400,0.0000,7.0,0.29,0.03,"[tp]",0,00:00:16:21,87.5,14m,2.8,0.06,7.0,0.35000000000000003,-0.4,-0.020000000000000004,94.6,100.0,0.00,0.00
,05/04/2026 16:53,05/04/2026 17:00,GBPUSD,Sell,0.010,1.37634,1.35584,1.35631,1.35584,-0.0400,0.0000,4.7,0.31,0.03,"[tp]",0,00:00:07:10,87.5,6m,2.4,0.40,4.8,0.336,-1.9,-0.133,71.6,98.5,-0.10,-0.01
,05/04/2026 16:03,05/04/2026 16:04,GBPUSD,Buy,0.100,0.00000,1.36894,1.35511,1.35506,-0.3500,0.0000,-0.5,-0.72,-0.08,"",0,00:00:00:45,,,,,,,,,,,,
,05/04/2026 13:13,05/04/2026 16:01,GBPUSD,Buy,0.150,0.00000,1.36517,1.35303,1.35510,-0.5300,0.0000,20.7,22.38,2.54,"",0,00:02:48:21,95.3,2h 40m,21.4,0.13,32.6,36.18600000000001,-4.3,-4.773000000000001,88.3,67.8,-11.90,-13.21
,05/04/2026 15:39,05/04/2026 16:01,GBPUSD,Buy,0.100,0.00000,1.36517,1.35597,1.35513,-0.3500,0.0000,-8.4,-6.55,-0.74,"",0,00:00:22:07,54.6,12m,11.6,2.63,3.2,2.368,-8.4,-6.216,27.6,0.0,-11.60,-8.58
,05/04/2026 13:05,05/04/2026 13:12,GBPUSD,Buy,0.200,0.00000,1.36937,1.35468,1.35296,-0.7000,0.0000,-17.2,-26.13,-2.86,"",0,00:00:06:33,0.0,0s,17.2,17.21,0.0,0.0,-17.2,-25.456,0.0,0.0,-17.20,-25.46
,05/01/2026 15:21,05/04/2026 13:05,GBPUSD,Buy,0.150,0.00000,1.37580,1.36408,1.35433,-0.5300,-0.1600,-97.5,-108.68,-10.65,"",0,02:21:43:53,0.9,37m,121.2,7.79,13.8,15.318000000000001,-107.4,-119.21400000000001,11.4,8.2,-111.30,-123.54
,05/01/2026 15:21,05/04/2026 13:05,GBPUSD,Buy,0.150,0.00000,0.00000,1.36410,1.35431,-0.5300,-0.1600,-97.9,-109.12,-9.66,"",0,02:21:43:51,0.9,37m,121.2,7.92,13.6,15.096,-107.6,-119.436,11.2,8.0,-111.50,-123.77
,05/04/2026 10:28,05/04/2026 13:05,GBPUSD,Sell,0.400,1.36053,1.35391,1.35703,1.35436,-1.4000,0.0000,26.7,77.46,7.36,"",0,00:02:36:36,95.6,2h 29m,6.3,0.09,26.7,78.765,-2.4,-7.08,91.8,100.0,0.00,0.00
,05/04/2026 10:41,05/04/2026 13:05,GBPUSD,Sell,0.100,0.00000,0.00000,1.35674,1.35436,-0.3500,0.0000,23.8,17.22,1.66,"",0,00:02:23:51,95.9,2h 17m,6.3,0.09,23.8,17.612000000000002,-2.2,-1.6280000000000001,91.5,100.0,0.00,0.00
,05/04/2026 10:29,05/04/2026 13:05,GBPUSD,Sell,0.100,1.36064,1.35373,1.35688,1.35439,-0.3500,0.0000,24.9,18.03,1.77,"",0,00:02:35:54,93.6,2h 25m,6.3,0.16,24.9,18.426,-3.9,-2.886,86.5,100.0,0.00,0.00
,05/04/2026 10:41,05/04/2026 13:05,GBPUSD,Sell,0.100,0.00000,0.00000,1.35672,1.35437,-0.3500,0.0000,23.5,17.00,1.70,"",0,00:02:23:48,95.9,2h 17m,6.3,0.10,23.5,17.39,-2.4,-1.776,90.7,100.0,0.00,0.00
,05/04/2026 10:41,05/04/2026 10:41,GBPUSD,Buy,0.100,0.00000,0.00000,1.35674,1.35676,-0.3500,0.0000,0.2,-0.20,-0.02,"",0,00:00:00:10,,,,,,,,,,,,
,05/04/2026 10:41,05/04/2026 10:41,GBPUSD,Buy,0.100,0.00000,0.00000,1.35672,1.35670,-0.3500,0.0000,-0.2,-0.50,-0.05,"",0,00:00:00:04,,,,,,,,,,,,
,05/01/2026 15:21,05/01/2026 15:21,GBPUSD,Sell,0.150,0.00000,0.00000,1.36409,1.36411,-0.5300,0.0000,-0.2,-0.75,-0.07,"",0,00:00:00:02,,,,,,,,,,,,
,05/01/2026 10:04,05/01/2026 15:21,GBPUSD,Buy,0.150,0.00000,0.00000,1.36114,1.36410,-0.5300,0.0000,29.6,32.02,3.30,"",0,00:05:16:54,22.1,1h 10m,21.4,0.64,29.7,32.67,-19.0,-20.900000000000002,61.0,99.8,-0.10,-0.11
,05/01/2026 10:04,05/01/2026 15:21,GBPUSD,Buy,0.150,0.00000,1.37502,1.36118,1.36410,-0.5300,0.0000,29.2,31.58,3.37,"",0,00:05:16:56,21.2,1h 7m,21.4,0.66,29.3,32.230000000000004,-19.4,-21.34,60.2,99.8,-0.10,-0.11
,05/01/2026 10:04,05/01/2026 10:04,GBPUSD,Sell,0.150,0.00000,0.00000,1.36117,1.36112,-0.5300,0.0000,0.5,0.02,0.00,"",0,00:00:00:03,,,,,,,,,,,,
,05/01/2026 10:02,05/01/2026 10:04,EURJPY,Sell,0.100,0.00000,0.00000,183.00500,183.12600,-0.3500,0.0000,-12.1,-6.05,-0.64,"",0,00:00:01:55,,,,,,,,,,,,
,05/01/2026 01:16,05/01/2026 10:04,GBPUSD,Buy,0.100,0.00000,1.37606,1.36049,1.36119,-0.3500,0.0000,7.0,4.79,0.51,"",0,00:08:48:34,29.6,2h 36m,22.6,1.23,13.0,9.49,-16.0,-11.68,44.8,79.3,-6.00,-4.38
,05/01/2026 10:00,05/01/2026 10:04,GBPJPY,Sell,0.150,0.00000,211.07300,212.56900,212.39400,-0.5300,0.0000,17.5,11.83,1.28,"",0,00:00:04:05,100.0,4m,18.9,0.04,26.0,18.46,0.0,0.0,100.0,67.3,-8.50,-6.04
,05/01/2026 10:02,05/01/2026 10:03,GBPJPY,Buy,0.150,0.00000,0.00000,212.30900,212.27400,-0.5300,0.0000,-3.5,-3.00,-0.32,"",0,00:00:00:09,,,,,,,,,,,,
,05/01/2026 10:02,05/01/2026 10:02,GBPJPY,Buy,0.150,0.00000,0.00000,212.29700,212.17100,-0.5300,0.0000,-12.6,-9.44,-1.00,"",0,00:00:00:06,,,,,,,,,,,,
,05/01/2026 09:55,05/01/2026 09:59,GBPUSD,Buy,0.100,0.00000,1.37543,1.36194,1.36112,-0.3500,0.0000,-8.2,-6.37,-0.67,"",0,00:00:04:24,0.0,0s,8.4,8.40,0.0,0.0,-8.4,-6.132,0.0,2.4,-8.20,-5.99
,05/01/2026 09:49,05/01/2026 09:59,EURUSD,Buy,0.100,0.00000,1.18127,1.17391,1.17362,-0.3500,0.0000,-2.9,-2.48,-0.26,"",0,00:00:10:21,80.0,8m,8.7,0.61,5.4,3.942,-3.3,-2.409,62.1,4.6,-8.30,-6.06
,05/01/2026 09:55,05/01/2026 09:55,GBPUSD,Sell,0.100,0.00000,0.00000,1.36193,1.36208,-0.3500,0.0000,-1.5,-1.45,-0.15,"",0,00:00:00:02,,,,,,,,,,,,
,05/01/2026 09:55,05/01/2026 09:55,GBPUSD,Buy,0.100,0.00000,0.00000,1.36187,1.36194,-0.3500,0.0000,0.7,0.16,0.02,"",0,00:00:00:12,,,,,,,,,,,,
,05/01/2026 09:54,05/01/2026 09:55,GBPJPY,Sell,0.010,213.91100,211.85100,211.90500,211.89900,-0.0400,0.0000,0.6,-0.01,0.00,"",0,00:00:01:24,,,,,,,,,,,,
,05/01/2026 09:53,05/01/2026 09:55,EURJPY,Buy,0.010,180.86000,182.92000,182.85900,182.77600,-0.0400,0.0000,-8.3,-0.43,-0.05,"",0,00:00:02:24,,,,,,,,,,,,
,05/01/2026 09:55,05/01/2026 09:55,GBPUSD,Sell,0.100,0.00000,0.00000,1.36184,1.36191,-0.3500,0.0000,-0.7,-0.86,-0.09,"",0,00:00:00:04,,,,,,,,,,,,
,05/01/2026 05:50,05/01/2026 09:49,EURJPY,Buy,0.010,182.55100,184.61100,184.55100,182.91400,-0.0400,0.0000,-163.7,-7.75,-0.81,"",0,00:03:59:45,4.7,11m,172.3,56.50,3.0,0.15000000000000002,-169.3,-8.465000000000002,1.7,3.3,-166.70,-8.33
,05/01/2026 01:16,05/01/2026 09:49,EURUSD,Buy,0.010,1.15313,1.17373,1.17313,1.17373,-0.0400,0.0000,6.0,0.40,0.04,"[tp]",0,00:08:33:06,31.4,2h 41m,17.1,2.03,6.0,0.42000000000000004,-12.2,-0.854,33.0,100.0,0.00,0.00
,05/01/2026 01:18,05/01/2026 09:45,GBPJPY,Sell,0.010,215.09200,213.03200,213.09200,213.03200,-0.0400,0.0000,6.0,0.24,0.03,"[tp]",0,00:08:27:49,2.0,10m,96.1,0.92,102.1,5.105,-94.3,-4.715,52.0,51.1,-96.10,-4.80
,05/01/2026 03:46,05/01/2026 05:45,EURJPY,Buy,0.010,182.50300,184.56300,184.50300,184.56300,-0.0400,0.0000,6.0,0.24,0.03,"[tp]",0,00:01:59:19,3.4,4m,32.2,5.37,6.0,0.30000000000000004,-32.2,-1.6100000000000003,15.7,100.0,0.00,0.00
,05/01/2026 03:32,05/01/2026 03:45,EURJPY,Buy,0.010,182.43500,184.49500,184.43500,184.49500,-0.0400,0.0000,6.0,0.24,0.03,"[tp]",0,00:00:13:53,57.2,7m,8.9,1.44,6.2,0.31000000000000005,-8.9,-0.44500000000000006,41.1,98.7,-0.20,-0.01
,05/01/2026 03:11,05/01/2026 03:26,EURJPY,Buy,0.010,182.32900,184.38900,184.32800,184.38900,-0.0400,0.0000,6.1,0.25,0.03,"[tp]",0,00:00:15:09,18.8,2m,9.1,1.30,7.0,0.35000000000000003,-9.1,-0.455,43.5,94.4,-0.90,-0.05
,05/01/2026 03:06,05/01/2026 03:07,EURJPY,Buy,0.010,182.30100,184.36100,184.30100,184.36100,-0.0400,0.0000,6.0,0.24,0.03,"[tp]",0,00:00:01:41,,,,,,,,,,,,
,05/01/2026 03:01,05/01/2026 03:04,EURJPY,Buy,0.010,182.23200,184.29200,184.23200,184.29200,-0.0400,0.0000,6.0,0.24,0.03,"[tp]",0,00:00:02:10,,,,,,,,,,,,
,05/01/2026 02:51,05/01/2026 03:01,EURJPY,Buy,0.010,182.17000,184.23000,184.17000,184.23000,-0.0400,0.0000,6.0,0.24,0.03,"[tp]",0,00:00:10:57,63.7,6m,4.3,0.32,6.0,0.30000000000000004,-1.9,-0.095,75.9,100.0,0.00,0.00
,05/01/2026 02:37,05/01/2026 02:41,EURJPY,Buy,0.010,181.94400,184.00400,183.94500,184.00400,-0.0400,0.0000,5.9,0.23,0.02,"[tp]",0,00:00:03:55,,,,,,,,,,,,
,05/01/2026 02:25,05/01/2026 02:37,EURJPY,Buy,0.010,181.88300,183.94300,183.88300,183.94300,-0.0400,0.0000,6.0,0.24,0.03,"[tp]",0,00:00:12:43,75.0,9m,1.0,0.17,6.0,0.30000000000000004,-1.0,-0.05,85.7,100.0,0.00,0.00
,05/01/2026 01:33,05/01/2026 02:10,EURJPY,Buy,0.010,181.84400,183.90400,183.84400,183.90400,-0.0400,0.0000,6.0,0.24,0.03,"[tp]",0,00:00:37:42,76.4,28m,8.3,0.83,6.0,0.30000000000000004,-5.0,-0.25,54.5,100.0,0.00,0.00
,05/01/2026 01:22,05/01/2026 01:32,EURJPY,Buy,0.010,181.78300,183.84300,183.78300,183.84300,-0.0400,0.0000,6.0,0.24,0.03,"[tp]",0,00:00:10:29,81.9,8m,1.4,0.23,6.0,0.30000000000000004,-1.4,-0.06999999999999999,81.1,100.0,0.00,0.00
,04/30/2026 22:05,05/01/2026 01:15,GBPUSD,Buy,0.180,0.00000,1.37500,1.36049,1.36043,-0.6300,-0.2000,-0.6,-1.62,-0.17,"",0,00:03:09:51,42.7,1h 21m,12.7,0.98,6.4,8.448,-6.3,-8.316,50.4,44.9,-7.00,-9.24
,04/30/2026 22:05,05/01/2026 01:15,GBPUSD,Buy,0.180,0.00000,1.37500,1.36049,1.36040,-0.6300,-0.2000,-0.9,-2.02,-0.21,"",0,00:03:09:48,42.7,1h 21m,12.7,0.98,6.4,8.448,-6.3,-8.316,50.4,42.5,-7.30,-9.64
,04/30/2026 22:05,04/30/2026 22:06,EURUSD,Buy,0.010,1.15369,1.17429,1.17369,1.17370,-0.0400,0.0000,0.1,-0.03,0.00,"",0,00:00:00:07,,,,,,,,,,,,
,04/30/2026 22:05,04/30/2026 22:06,GBPJPY,Sell,0.010,214.81700,212.75700,212.81800,212.82800,-0.0400,0.0000,-1.0,-0.09,-0.01,"",0,00:00:00:08,,,,,,,,,,,,
,04/30/2026 22:05,04/30/2026 22:06,GBPUSD,Sell,0.180,0.00000,0.00000,1.36049,1.36047,-0.6300,0.0000,0.2,-0.37,-0.04,"",0,00:00:00:05,,,,,,,,,,,,
,04/30/2026 22:05,04/30/2026 22:05,GBPJPY,Sell,0.010,214.82100,212.76100,212.81900,212.82600,-0.0400,0.0000,-0.7,-0.07,-0.01,"",0,00:00:00:03,,,,,,,,,,,,
,04/30/2026 09:18,04/30/2026 22:05,GBPUSD,Sell,0.010,1.36591,1.34531,1.34590,1.36047,-0.0400,0.0000,-145.7,-10.75,-1.11,"",0,00:12:47:54,0.0,0s,149.2,149.25,0.0,0.0,-149.2,-10.444,0.0,2.3,-145.70,-10.20
,04/30/2026 17:37,04/30/2026 22:05,GBPUSD,Buy,0.180,0.00000,1.37037,1.35445,1.36047,-0.6300,0.0000,60.2,79.02,8.86,"",0,00:04:27:56,99.7,4h 27m,20.9,0.09,62.1,81.97200000000001,-5.4,-7.128000000000001,92.0,97.2,-1.90,-2.51
,04/27/2026 15:16,04/30/2026 22:05,EURUSD,Buy,0.010,1.15540,1.17570,1.17540,1.17370,-0.0400,-0.2600,-17.0,-1.55,-0.17,"",0,03:06:49:52,0.0,0s,95.1,95.24,0.0,0.0,-95.1,-6.657,0.0,82.1,-17.00,-1.19
,04/30/2026 17:36,04/30/2026 22:05,GBPUSD,Buy,0.180,1.34333,1.37011,1.35550,1.36046,-0.6300,0.0000,49.6,64.99,7.84,"",0,00:04:29:41,95.6,4h 17m,20.9,0.31,51.6,68.11200000000001,-15.9,-20.988000000000003,76.4,97.0,-2.00,-2.64
,04/30/2026 14:51,04/30/2026 18:01,GBPJPY,Sell,0.010,212.99000,210.93000,210.99300,212.99000,-0.0400,0.0000,-199.7,-9.42,-1.12,"[sl]",0,00:03:10:04,0.0,0s,199.7,200.00,0.0,0.0,-199.7,-9.985,0.0,0.0,-199.70,-9.98
,04/30/2026 17:33,04/30/2026 17:57,EURJPY,Buy,0.010,181.64200,183.70200,183.64300,183.70200,-0.0400,0.0000,5.9,0.24,0.03,"[tp]",0,00:00:23:32,12.5,2m,23.3,1.70,13.7,0.685,-23.3,-1.165,37.0,78.9,-7.80,-0.39
,04/30/2026 17:37,04/30/2026 17:38,GBPUSD,Sell,0.180,0.00000,0.00000,1.35438,1.35440,-0.6300,0.0000,-0.2,-0.90,-0.11,"",0,00:00:00:05,,,,,,,,,,,,
,04/30/2026 11:41,04/30/2026 17:36,GBPUSD,Sell,0.150,1.36057,1.34023,1.34942,1.35550,-0.5300,0.0000,-60.8,-67.81,-7.48,"",0,00:05:55:08,14.1,50m,74.8,7.22,9.1,10.101,-65.7,-72.927,12.2,6.6,-69.90,-77.59
,04/30/2026 17:19,04/30/2026 17:33,EURJPY,Buy,0.010,181.57600,183.63600,183.57900,183.63600,-0.0400,0.0000,5.7,0.23,0.03,"[tp]",0,00:00:14:12,28.6,4m,13.0,2.24,5.8,0.29,-13.0,-0.65,30.9,99.5,-0.10,0.00
,04/30/2026 16:58,04/30/2026 17:19,EURJPY,Buy,0.010,181.51400,183.57400,183.51400,183.57400,-0.0400,0.0000,6.0,0.24,0.03,"[tp]",0,00:00:21:42,13.7,2m,18.6,3.10,6.0,0.30000000000000004,-18.6,-0.9300000000000002,24.4,100.0,0.00,0.00
,04/30/2026 16:53,04/30/2026 16:57,EURJPY,Buy,0.010,181.46500,183.52500,183.46600,183.52500,-0.0400,0.0000,5.9,0.24,0.03,"[tp]",0,00:00:04:28,50.0,2m,1.8,0.31,5.9,0.29500000000000004,-1.8,-0.09000000000000001,76.6,100.0,0.00,0.00
,04/30/2026 16:05,04/30/2026 16:50,EURJPY,Buy,0.010,181.45100,183.51100,183.45400,183.51100,-0.0400,0.0000,5.7,0.23,0.03,"[tp]",0,00:00:44:36,4.5,2m,50.7,8.90,5.7,0.28500000000000003,-50.7,-2.535,10.1,100.0,0.00,0.00
,04/30/2026 16:00,04/30/2026 16:05,EURJPY,Buy,0.010,181.38600,183.44600,183.38100,183.44600,-0.0400,0.0000,6.5,0.27,0.03,"[tp]",0,00:00:05:22,40.0,2m,7.1,1.09,6.5,0.325,-7.1,-0.355,47.8,100.0,0.00,0.00
,04/30/2026 15:54,04/30/2026 15:55,EURJPY,Buy,0.010,181.37500,183.43500,183.37500,183.43500,-0.0400,0.0000,6.0,0.24,0.03,"[tp]",0,00:00:01:06,,,,,,,,,,,,
,04/30/2026 15:41,04/30/2026 15:44,EURJPY,Buy,0.010,181.54500,183.60500,183.54400,183.60500,-0.0400,0.0000,6.1,0.24,0.03,"[tp]",0,00:00:03:26,,,,,,,,,,,,
,04/30/2026 15:31,04/30/2026 15:36,EURJPY,Buy,0.010,181.40600,183.46600,183.40900,183.46600,-0.0400,0.0000,5.7,0.23,0.03,"[tp]",0,00:00:05:03,50.0,2m,7.5,0.89,8.4,0.42000000000000004,-7.5,-0.375,52.8,83.0,-2.70,-0.14
,04/30/2026 15:26,04/30/2026 15:27,EURJPY,Buy,0.010,181.37700,183.43700,183.38100,183.43700,-0.0400,0.0000,5.6,0.22,0.02,"[tp]",0,00:00:01:25,,,,,,,,,,,,
,04/30/2026 15:06,04/30/2026 15:22,EURJPY,Buy,0.010,181.23700,183.29700,183.23700,183.29700,-0.0400,0.0000,6.0,0.25,0.03,"[tp]",0,00:00:16:40,23.6,3m,23.8,3.90,6.0,0.30000000000000004,-23.4,-1.17,20.4,100.0,0.00,0.00
,04/30/2026 14:42,04/30/2026 15:03,EURJPY,Buy,0.010,181.26300,183.32300,183.26100,183.32300,-0.0400,0.0000,6.2,0.26,0.03,"[tp]",0,00:00:21:29,9.1,1m,92.8,14.97,6.2,0.31000000000000005,-92.8,-4.64,6.3,100.0,0.00,0.00
,04/30/2026 14:43,04/30/2026 14:44,GBPJPY,Sell,0.010,213.11400,211.05400,211.15500,211.05400,-0.0400,0.0000,10.1,0.44,0.05,"[tp]",0,00:00:00:22,,,,,,,,,,,,
,04/30/2026 14:43,04/30/2026 14:43,GBPJPY,Sell,0.010,213.18800,211.12800,211.20800,211.12800,-0.0400,0.0000,8.0,0.34,0.04,"[tp]",0,00:00:00:06,,,,,,,,,,,,
,04/30/2026 14:43,04/30/2026 14:43,GBPJPY,Sell,0.010,213.31900,211.25900,211.27700,211.25900,-0.0400,0.0000,1.8,0.05,0.01,"[tp]",0,00:00:00:08,,,,,,,,,,,,
,04/30/2026 14:43,04/30/2026 14:43,GBPJPY,Sell,0.010,213.44700,211.38700,211.44700,211.33400,-0.0400,0.0000,11.3,0.49,0.05,"[tp]",0,00:00:00:26,,,,,,,,,,,,
,04/30/2026 14:40,04/30/2026 14:41,EURJPY,Buy,0.010,181.14700,183.20700,183.14800,183.20700,-0.0400,0.0000,5.9,0.24,0.03,"[tp]",0,00:00:01:10,,,,,,,,,,,,
,04/30/2026 14:38,04/30/2026 14:40,EURJPY,Buy,0.010,181.08100,183.14100,183.08100,183.14100,-0.0400,0.0000,6.0,0.24,0.03,"[tp]",0,00:00:01:53,,,,,,,,,,,,
,04/30/2026 14:38,04/30/2026 14:38,EURJPY,Buy,0.010,181.01600,183.07600,183.01700,183.07600,-0.0400,0.0000,5.9,0.24,0.03,"[tp]",0,00:00:00:09,,,,,,,,,,,,
,04/30/2026 14:38,04/30/2026 14:38,EURJPY,Buy,0.010,180.94500,183.00500,182.96500,183.00500,-0.0400,0.0000,4.0,0.15,0.02,"[tp]",0,00:00:00:03,,,,,,,,,,,,
,04/30/2026 13:40,04/30/2026 14:36,EURJPY,Buy,0.010,183.01600,185.07600,185.01900,182.99800,-0.0400,0.0000,-202.1,-9.60,-1.05,"[sl]",0,00:00:55:51,0.0,0s,208.7,212.77,0.0,0.0,-208.7,-10.435,0.0,3.2,-202.10,-10.11
,04/30/2026 14:33,04/30/2026 14:34,GBPJPY,Sell,0.010,213.74500,211.68500,211.73200,211.68500,-0.0400,0.0000,4.7,0.18,0.02,"[tp]",0,00:00:00:15,,,,,,,,,,,,
,04/30/2026 14:33,04/30/2026 14:33,GBPJPY,Sell,0.010,213.83300,211.77300,211.86200,211.77300,-0.0400,0.0000,8.9,0.38,0.04,"[tp]",0,00:00:00:12,,,,,,,,,,,,
,04/30/2026 14:33,04/30/2026 14:33,GBPJPY,Sell,0.010,213.92600,211.86600,211.92600,211.86600,-0.0400,0.0000,6.0,0.24,0.03,"[tp]",0,00:00:00:08,,,,,,,,,,,,
,04/30/2026 14:33,04/30/2026 14:33,GBPJPY,Sell,0.010,214.00300,211.94300,212.00300,211.94300,-0.0400,0.0000,6.0,0.24,0.03,"[tp]",0,00:00:00:25,,,,,,,,,,,,
,04/30/2026 14:26,04/30/2026 14:28,GBPJPY,Sell,0.010,213.76600,211.70600,211.77000,211.70600,-0.0400,0.0000,6.4,0.26,0.03,"[tp]",0,00:00:01:49,,,,,,,,,,,,
,04/30/2026 14:26,04/30/2026 14:26,GBPJPY,Sell,0.010,213.83700,211.77700,211.85500,211.77700,-0.0400,0.0000,7.8,0.33,0.04,"[tp]",0,00:00:00:10,,,,,,,,,,,,
,04/30/2026 14:26,04/30/2026 14:26,GBPJPY,Sell,0.010,213.90900,211.84900,211.90900,211.84900,-0.0400,0.0000,6.0,0.24,0.03,"[tp]",0,00:00:00:06,,,,,,,,,,,,
,04/30/2026 14:21,04/30/2026 14:22,GBPJPY,Sell,0.010,214.00200,211.94200,212.00500,211.94200,-0.0400,0.0000,6.3,0.26,0.03,"[tp]",0,00:00:01:16,,,,,,,,,,,,
,04/30/2026 14:21,04/30/2026 14:21,GBPJPY,Sell,0.010,214.09000,212.03000,212.09000,212.03000,-0.0400,0.0000,6.0,0.24,0.03,"[tp]",0,00:00:00:29,,,,,,,,,,,,
,04/30/2026 14:03,04/30/2026 14:14,GBPJPY,Sell,0.010,214.16400,212.10400,212.17200,212.10400,-0.0400,0.0000,6.8,0.28,0.03,"[tp]",0,00:00:11:21,16.7,1m,60.4,8.89,6.8,0.34,-60.4,-3.02,10.1,100.0,0.00,0.00
,04/30/2026 14:01,04/30/2026 14:02,GBPJPY,Sell,0.010,214.35000,212.29000,212.33900,212.29000,-0.0400,0.0000,4.9,0.19,0.02,"[tp]",0,00:00:01:21,,,,,,,,,,,,
,04/30/2026 14:01,04/30/2026 14:01,GBPJPY,Sell,0.010,214.41600,212.35600,212.41600,212.35600,-0.0400,0.0000,6.0,0.24,0.03,"[tp]",0,00:00:00:02,,,,,,,,,,,,
,04/30/2026 13:58,04/30/2026 14:00,GBPJPY,Sell,0.010,214.45300,212.39300,212.46600,212.39300,-0.0400,0.0000,7.3,0.30,0.03,"[tp]",0,00:00:01:42,,,,,,,,,,,,
,04/30/2026 13:58,04/30/2026 13:58,GBPJPY,Sell,0.010,214.52400,212.46400,212.52800,212.46400,-0.0400,0.0000,6.4,0.26,0.03,"[tp]",0,00:00:00:47,,,,,,,,,,,,
,04/30/2026 13:49,04/30/2026 13:50,GBPJPY,Sell,0.010,215.00900,212.94900,213.02100,212.94900,-0.0400,0.0000,7.2,0.30,0.03,"[tp]",0,00:00:01:40,,,,,,,,,,,,
,04/30/2026 13:49,04/30/2026 13:49,GBPJPY,Sell,0.010,215.08200,213.02200,213.07200,213.02200,-0.0400,0.0000,5.0,0.19,0.02,"[tp]",0,00:00:00:06,,,,,,,,,,,,
,04/30/2026 13:41,04/30/2026 13:42,GBPJPY,Sell,0.010,215.34500,213.28500,213.35500,213.28500,-0.0400,0.0000,7.0,0.29,0.03,"[tp]",0,00:00:00:48,,,,,,,,,,,,
,04/30/2026 13:41,04/30/2026 13:41,GBPJPY,Sell,0.010,215.39500,213.33500,213.45000,213.33500,-0.0400,0.0000,11.5,0.50,0.06,"[tp]",0,00:00:00:06,,,,,,,,,,,,
,04/30/2026 13:41,04/30/2026 13:41,GBPJPY,Sell,0.010,215.48000,213.42000,213.48000,213.42000,-0.0400,0.0000,6.0,0.24,0.03,"[tp]",0,00:00:00:20,,,,,,,,,,,,
,04/30/2026 13:40,04/30/2026 13:40,EURJPY,Buy,0.010,182.95800,185.01800,184.95600,185.01800,-0.0400,0.0000,6.2,0.25,0.03,"[tp]",0,00:00:00:18,,,,,,,,,,,,
,04/30/2026 13:37,04/30/2026 13:38,GBPJPY,Sell,0.010,215.50300,213.44300,213.57200,213.44300,-0.0400,0.0000,12.9,0.56,0.06,"[tp]",0,00:00:00:57,,,,,,,,,,,,
,04/30/2026 13:37,04/30/2026 13:37,GBPJPY,Sell,0.010,215.60900,213.54900,213.61700,213.54900,-0.0400,0.0000,6.8,0.28,0.03,"[tp]",0,00:00:00:47,,,,,,,,,,,,
,04/30/2026 13:37,04/30/2026 13:37,GBPJPY,Sell,0.010,215.67800,213.61800,213.67800,213.61800,-0.0400,0.0000,6.0,0.24,0.03,"[tp]",0,00:00:00:01,,,,,,,,,,,,
,04/30/2026 13:34,04/30/2026 13:35,EURJPY,Buy,0.010,183.36600,185.42600,185.38100,185.42600,-0.0400,0.0000,4.5,0.17,0.02,"[tp]",0,00:00:00:09,,,,,,,,,,,,
,04/30/2026 13:34,04/30/2026 13:34,EURJPY,Buy,0.010,183.30200,185.36200,185.29600,185.36200,-0.0400,0.0000,6.6,0.27,0.03,"[tp]",0,00:00:00:12,,,,,,,,,,,,
,04/30/2026 13:34,04/30/2026 13:34,EURJPY,Buy,0.010,183.23400,185.29400,185.22800,185.29400,-0.0400,0.0000,6.6,0.27,0.03,"[tp]",0,00:00:00:11,,,,,,,,,,,,
,04/30/2026 13:34,04/30/2026 13:34,EURJPY,Buy,0.010,183.17000,185.23000,185.17100,185.23000,-0.0400,0.0000,5.9,0.24,0.03,"[tp]",0,00:00:00:03,,,,,,,,,,,,
,04/30/2026 13:34,04/30/2026 13:34,EURJPY,Buy,0.010,183.11200,185.17200,185.11300,185.17200,-0.0400,0.0000,5.9,0.23,0.03,"[tp]",0,00:00:00:20,,,,,,,,,,,,
,04/30/2026 13:34,04/30/2026 13:34,EURJPY,Buy,0.010,183.04900,185.10900,185.01900,185.10900,-0.0400,0.0000,9.0,0.38,0.04,"[tp]",0,00:00:00:08,,,,,,,,,,,,
,04/30/2026 10:39,04/30/2026 13:29,EURJPY,Buy,0.010,185.53100,187.59100,187.53100,185.60100,-0.0400,0.0000,-193.0,-9.05,-0.99,"[sl]",0,00:02:50:39,3.6,6m,221.3,138.89,1.6,0.08000000000000002,-219.7,-10.985,0.7,12.1,-194.60,-9.73
,04/30/2026 12:19,04/30/2026 13:26,GBPJPY,Sell,0.010,216.89100,214.83100,214.89100,214.83100,-0.0400,0.0000,6.0,0.24,0.03,"[tp]",0,00:01:07:26,4.5,3m,36.2,6.04,6.0,0.30000000000000004,-36.2,-1.8100000000000003,14.2,100.0,0.00,0.00
,04/30/2026 12:13,04/30/2026 12:19,GBPJPY,Sell,0.010,216.96300,214.90300,214.96300,214.90300,-0.0400,0.0000,6.0,0.24,0.03,"[tp]",0,00:00:06:26,100.0,6m,3.6,0.17,6.0,0.30000000000000004,0.0,0.0,100.0,100.0,0.00,0.00
,04/30/2026 12:01,04/30/2026 12:08,GBPJPY,Sell,0.010,217.07400,215.01400,215.08000,215.01400,-0.0400,0.0000,6.6,0.27,0.03,"[tp]",0,00:00:06:30,71.5,4m,9.9,0.73,7.9,0.395,-5.8,-0.29,57.7,90.5,-1.30,-0.07
,04/30/2026 12:01,04/30/2026 12:01,GBPJPY,Sell,0.010,217.15300,215.09300,215.15300,215.09300,-0.0400,0.0000,6.0,0.24,0.03,"[tp]",0,00:00:00:44,,,,,,,,,,,,
,04/28/2026 09:48,04/30/2026 11:57,GBPJPY,Sell,0.010,217.07500,215.04500,215.07500,215.04500,-0.0400,-0.4500,3.0,-0.35,-0.04,"[tp]",0,02:02:09:01,0.2,6m,151.1,50.51,3.0,0.15000000000000002,-151.1,-7.555,1.9,100.0,0.00,0.00
,04/30/2026 10:02,04/30/2026 10:33,EURJPY,Buy,0.010,185.47200,187.53200,187.47200,187.53200,-0.0400,0.0000,6.0,0.24,0.03,"[tp]",0,00:00:31:00,19.4,6m,7.4,1.23,6.0,0.30000000000000004,-7.4,-0.37000000000000005,44.8,100.0,0.00,0.00
,04/30/2026 09:23,04/30/2026 09:58,EURJPY,Buy,0.010,185.40300,187.46300,187.40200,187.46300,-0.0400,0.0000,6.1,0.24,0.03,"[tp]",0,00:00:35:44,47.3,16m,7.2,0.79,6.1,0.305,-4.8,-0.24,56.0,100.0,0.00,0.00
,04/29/2026 18:46,04/30/2026 09:15,EURJPY,Buy,0.010,185.35900,187.41900,187.35900,187.41900,-0.0400,0.0600,6.0,0.30,0.03,"[tp]",0,00:14:29:01,1.9,16m,38.8,5.83,6.0,0.30000000000000004,-35.0,-1.75,14.6,100.0,0.00,0.00
,04/30/2026 07:47,04/30/2026 09:12,GBPUSD,Sell,0.010,1.36608,1.34548,1.34608,1.34548,-0.0400,0.0000,6.0,0.41,0.05,"[tp]",0,00:01:25:02,15.3,13m,8.6,1.30,6.0,0.48,-7.8,-0.624,43.5,100.0,0.00,0.00
,04/30/2026 07:30,04/30/2026 07:40,GBPUSD,Sell,0.010,1.36630,1.34570,1.34630,1.34570,-0.0400,0.0000,6.0,0.41,0.05,"[tp]",0,00:00:10:06,100.0,10m,1.0,0.16,6.1,0.488,0.0,0.0,100.0,98.4,-0.10,-0.01
,04/30/2026 07:22,04/30/2026 07:28,GBPUSD,Sell,0.010,1.36679,1.34619,1.34678,1.34619,-0.0400,0.0000,5.9,0.40,0.04,"[tp]",0,00:00:06:08,100.0,6m,1.2,0.17,5.9,0.4130000000000001,0.0,0.0,100.0,100.0,0.00,0.00
,04/29/2026 23:12,04/30/2026 07:22,GBPUSD,Sell,0.010,1.36740,1.34680,1.34744,1.34680,-0.0400,-0.0200,6.4,0.42,0.05,"[tp]",0,00:08:09:44,21.5,1h 45m,29.0,2.41,8.5,0.68,-20.5,-1.6400000000000001,29.3,92.8,-2.10,-0.17
,04/29/2026 16:52,04/29/2026 23:12,GBPUSD,Sell,0.100,0.00000,1.34198,1.34776,1.34754,-0.3500,0.0000,2.2,1.28,0.14,"",0,00:06:19:39,32.9,2h 4m,28.6,1.54,15.9,11.766,-24.5,-18.13,39.4,66.1,-13.70,-10.14
,04/29/2026 16:32,04/29/2026 23:12,GBPUSD,Sell,0.100,0.00000,1.34198,1.34916,1.34754,-0.3500,0.0000,16.2,11.67,1.30,"",0,00:06:39:57,81.3,5h 25m,28.6,0.35,29.9,22.125999999999998,-10.5,-7.77,74.0,66.1,-13.70,-10.14
,04/29/2026 18:09,04/29/2026 18:34,EURJPY,Buy,0.010,185.28800,187.34800,187.29400,187.34800,-0.0400,0.0000,5.4,0.21,0.02,"[tp]",0,00:00:25:39,20.0,5m,5.6,1.04,5.4,0.27,-5.6,-0.27999999999999997,49.1,100.0,0.00,0.00
,04/29/2026 17:55,04/29/2026 18:06,EURJPY,Buy,0.010,185.23000,187.29000,187.23200,187.29000,-0.0400,0.0000,5.8,0.23,0.03,"[tp]",0,00:00:11:12,83.4,9m,3.2,0.05,5.8,0.29,-0.3,-0.015,95.1,100.0,0.00,0.00
,04/29/2026 16:56,04/29/2026 17:53,EURJPY,Buy,0.010,185.14600,187.20600,187.13900,187.20600,-0.0400,0.0000,6.7,0.27,0.03,"[tp]",0,00:00:57:12,34.5,19m,8.4,0.90,6.7,0.335,-6.0,-0.30000000000000004,52.8,100.0,0.00,0.00
,04/29/2026 16:00,04/29/2026 16:55,EURJPY,Buy,0.010,185.09400,187.15400,187.09500,187.15400,-0.0400,0.0000,5.9,0.23,0.03,"[tp]",0,00:00:54:54,23.7,13m,11.1,1.68,5.9,0.29500000000000004,-9.9,-0.49500000000000005,37.3,100.0,0.00,0.00
,04/29/2026 16:27,04/29/2026 16:34,GBPUSD,Sell,0.010,1.36923,1.34863,1.34925,1.34863,-0.0400,0.0000,6.2,0.42,0.05,"[tp]",0,00:00:06:47,85.8,5m,0.7,0.15,6.8,0.47600000000000003,0.0,0.0,100.0,91.2,-0.60,-0.04
,04/29/2026 09:19,04/29/2026 16:27,GBPUSD,Sell,0.010,1.36977,1.34927,1.34975,1.34927,-0.0400,0.0000,4.8,0.32,0.04,"[tp]",0,00:07:08:34,4.9,20m,18.6,3.31,4.8,0.384,-15.9,-1.272,23.2,100.0,0.00,0.00
,04/29/2026 14:35,04/29/2026 16:00,EURJPY,Buy,0.010,185.04300,187.09300,187.03900,187.09300,-0.0400,0.0000,5.4,0.21,0.02,"[tp]",0,00:01:24:35,18.9,15m,9.0,1.63,5.4,0.27,-8.8,-0.44000000000000006,38.0,100.0,0.00,0.00
,04/29/2026 14:50,04/29/2026 14:51,EURUSD,Buy,0.100,0.00000,1.17175,1.17037,1.17031,-0.3500,0.0000,-0.6,-0.80,-0.09,"",0,00:00:01:01,,,,,,,,,,,,
,04/29/2026 14:00,04/29/2026 14:35,EURJPY,Buy,0.010,184.99200,187.04200,186.99100,187.04200,-0.0400,0.0000,5.1,0.20,0.02,"[tp]",0,00:00:35:35,80.6,28m,3.6,0.57,5.1,0.255,-2.9,-0.145,63.8,100.0,0.00,0.00
,04/28/2026 21:52,04/29/2026 13:59,EURJPY,Buy,0.010,184.93800,186.98800,186.93800,186.98800,-0.0400,0.0200,5.0,0.21,0.02,"[tp]",0,00:16:07:48,1.6,15m,24.1,4.82,5.0,0.25,-24.1,-1.205,17.2,100.0,0.00,0.00
,04/29/2026 08:35,04/29/2026 09:15,GBPUSD,Sell,0.010,1.37037,1.34987,1.35036,1.34987,-0.0400,0.0000,4.9,0.32,0.04,"[tp]",0,00:00:40:30,22.0,8m,4.2,0.75,5.5,0.385,-4.1,-0.287,57.3,93.8,-0.60,-0.04
,04/28/2026 19:01,04/29/2026 08:34,GBPUSD,Sell,0.010,1.37100,1.35050,1.35098,1.35050,-0.0400,-0.0100,4.8,0.31,0.03,"[tp]",0,00:13:33:38,6.9,56m,20.4,2.93,6.0,0.48,-17.6,-1.4080000000000001,25.4,94.9,-1.20,-0.10
,04/27/2026 22:37,04/28/2026 21:49,EURJPY,Buy,0.010,183.87200,186.94200,186.87200,186.94200,-0.0400,0.0200,7.0,0.30,0.03,"[tp]",0,00:23:12:16,5.1,1h 11m,71.0,9.95,7.0,0.35000000000000003,-69.6,-3.48,9.1,100.0,0.00,0.00
,04/28/2026 18:05,04/28/2026 19:55,EURUSD,Buy,0.100,0.00000,1.17728,1.17090,1.17111,-0.3500,0.0000,2.1,1.21,0.14,"",0,00:01:49:48,57.3,1h 2m,10.5,0.75,7.5,5.55,-5.6,-4.144,57.3,58.8,-5.40,-4.00
,04/28/2026 18:00,04/28/2026 19:55,EURUSD,Buy,0.100,0.00000,1.17728,1.17013,1.17111,-0.3500,0.0000,9.8,6.90,0.78,"",0,00:01:55:07,100.0,1h 55m,10.5,0.07,15.2,11.248,0.0,0.0,100.0,64.5,-5.40,-4.00
,04/28/2026 15:07,04/28/2026 18:56,GBPUSD,Sell,0.030,1.36654,1.34644,1.34654,1.35095,-0.1100,0.0000,-44.1,-9.90,-1.11,"",0,00:03:48:17,0.0,0s,46.4,46.51,0.0,0.0,-46.4,-10.208,0.0,5.0,-44.10,-9.70
,04/28/2026 15:07,04/28/2026 15:07,GBPUSD,Sell,0.030,1.36664,1.34654,1.34665,1.34654,-0.1100,0.0000,1.1,0.14,0.02,"[tp]",0,00:00:00:33,,,,,,,,,,,,
,04/28/2026 15:07,04/28/2026 15:07,GBPUSD,Sell,0.030,1.36674,1.34664,1.34675,1.34664,-0.1100,0.0000,1.1,0.14,0.02,"[tp]",0,00:00:00:20,,,,,,,,,,,,
,04/28/2026 15:03,04/28/2026 15:04,GBPUSD,Sell,0.030,1.36646,1.34636,1.34646,1.34636,-0.1100,0.0000,1.0,0.11,0.01,"[tp]",0,00:00:00:55,,,,,,,,,,,,
,04/28/2026 15:03,04/28/2026 15:03,GBPUSD,Sell,0.030,1.36656,1.34646,1.34656,1.34646,-0.1100,0.0000,1.0,0.11,0.01,"[tp]",0,00:00:00:38,,,,,,,,,,,,
,04/28/2026 15:00,04/28/2026 15:02,GBPUSD,Sell,0.010,1.36682,1.34652,1.34682,1.34652,-0.0400,0.0000,3.0,0.18,0.02,"[tp]",0,00:00:02:26,,,,,,,,,,,,
,04/28/2026 14:49,04/28/2026 14:52,GBPUSD,Sell,0.010,1.36673,1.34643,1.34673,1.34643,-0.0400,0.0000,3.0,0.18,0.02,"[tp]",0,00:00:03:01,,,,,,,,,,,,
,04/28/2026 14:49,04/28/2026 14:49,GBPUSD,Sell,0.010,1.36704,1.34674,1.34703,1.34674,-0.0400,0.0000,2.9,0.18,0.02,"[tp]",0,00:00:00:55,,,,,,,,,,,,
,04/28/2026 14:44,04/28/2026 14:48,GBPUSD,Sell,0.010,1.36744,1.34714,1.34746,1.34714,-0.0400,0.0000,3.2,0.20,0.02,"[tp]",0,00:00:04:20,80.0,3m,0.9,0.23,3.9,0.312,-0.9,-0.07200000000000001,81.3,85.4,-0.70,-0.06
,04/28/2026 14:31,04/28/2026 14:34,GBPUSD,Sell,0.010,1.36819,1.34789,1.34819,1.34789,-0.0400,0.0000,3.0,0.18,0.02,"[tp]",0,00:00:03:19,,,,,,,,,,,,
,04/28/2026 13:59,04/28/2026 14:27,GBPUSD,Sell,0.010,1.36833,1.34803,1.34832,1.34803,-0.0400,0.0000,2.9,0.18,0.02,"[tp]",0,00:00:28:43,17.3,4m,8.2,2.83,2.9,0.23199999999999998,-8.2,-0.6559999999999999,26.1,100.0,0.00,0.00
,04/28/2026 12:42,04/28/2026 13:55,GBPUSD,Sell,0.010,1.36883,1.34853,1.34882,1.34853,-0.0400,0.0000,2.9,0.18,0.02,"[tp]",0,00:01:13:16,19.2,14m,5.6,1.81,3.1,0.24800000000000003,-5.6,-0.44799999999999995,35.6,97.7,-0.20,-0.02
,04/28/2026 12:30,04/28/2026 12:33,GBPUSD,Sell,0.010,1.36938,1.34908,1.34935,1.34908,-0.0400,0.0000,2.7,0.16,0.02,"[tp]",0,00:00:02:54,,,,,,,,,,,,
,04/28/2026 12:24,04/28/2026 12:30,GBPUSD,Sell,0.010,1.36975,1.34945,1.34975,1.34945,-0.0400,0.0000,3.0,0.18,0.02,"[tp]",0,00:00:06:18,85.8,5m,0.9,0.26,3.4,0.23800000000000002,-0.9,-0.06300000000000001,79.1,90.7,-0.40,-0.03
,04/28/2026 12:20,04/28/2026 12:22,GBPUSD,Sell,0.010,1.36995,1.34965,1.34995,1.34965,-0.0400,0.0000,3.0,0.18,0.02,"[tp]",0,00:00:02:10,,,,,,,,,,,,
,04/28/2026 12:01,04/28/2026 12:16,GBPUSD,Sell,0.010,1.37018,1.34988,1.35016,1.34988,-0.0400,0.0000,2.8,0.17,0.02,"[tp]",0,00:00:15:13,40.0,6m,3.5,0.82,3.3,0.264,-2.7,-0.21600000000000003,55.0,91.7,-0.50,-0.04
,04/28/2026 10:04,04/28/2026 12:01,GBPUSD,Sell,0.010,1.37048,1.35018,1.35047,1.35018,-0.0400,0.0000,2.9,0.17,0.02,"[tp]",0,00:01:57:03,6.8,7m,11.7,3.48,2.9,0.203,-10.1,-0.7070000000000001,22.3,100.0,0.00,0.00
,04/28/2026 09:52,04/28/2026 10:00,GBPUSD,Sell,0.010,1.37057,1.35027,1.35058,1.35027,-0.0400,0.0000,3.1,0.19,0.02,"[tp]",0,00:00:08:27,55.6,4m,2.4,0.48,3.1,0.21700000000000003,-1.5,-0.10500000000000001,67.4,100.0,0.00,0.00
,04/28/2026 09:48,04/28/2026 09:48,GBPJPY,Sell,0.010,217.12200,215.09200,215.12200,215.09200,-0.0400,0.0000,3.0,0.10,0.01,"[tp]",0,00:00:00:41,,,,,,,,,,,,
,04/28/2026 09:21,04/28/2026 09:45,GBPUSD,Sell,0.010,1.37135,1.35105,1.35137,1.35105,-0.0400,0.0000,3.2,0.20,0.02,"[tp]",0,00:00:24:56,20.0,4m,5.1,1.22,3.2,0.256,-3.9,-0.312,45.1,100.0,0.00,0.00
,04/28/2026 09:41,04/28/2026 09:42,GBPJPY,Sell,0.010,217.03100,215.00100,215.03200,215.00100,-0.0400,0.0000,3.1,0.10,0.01,"[tp]",0,00:00:01:14,,,,,,,,,,,,
,04/28/2026 09:34,04/28/2026 09:37,GBPJPY,Sell,0.010,217.11200,215.08200,215.11200,215.08200,-0.0400,0.0000,3.0,0.10,0.01,"[tp]",0,00:00:03:06,,,,,,,,,,,,
,04/28/2026 07:05,04/28/2026 09:31,GBPJPY,Sell,0.010,217.15500,215.12500,215.15600,215.12500,-0.0400,0.0000,3.1,0.10,0.01,"[tp]",0,00:02:26:03,8.3,12m,12.2,3.46,3.3,0.165,-11.4,-0.5700000000000001,22.4,98.6,-0.20,-0.01
,04/28/2026 09:16,04/28/2026 09:18,GBPUSD,Sell,0.010,1.37171,1.35141,1.35171,1.35141,-0.0400,0.0000,3.0,0.18,0.02,"[tp]",0,00:00:02:36,,,,,,,,,,,,
,04/28/2026 09:10,04/28/2026 09:14,GBPUSD,Sell,0.010,1.37202,1.35172,1.35203,1.35172,-0.0400,0.0000,3.1,0.19,0.02,"[tp]",0,00:00:04:00,100.0,4m,1.1,0.32,3.1,0.21700000000000003,0.0,0.0,100.0,100.0,0.00,0.00
,04/28/2026 08:49,04/28/2026 08:58,GBPUSD,Sell,0.010,1.37207,1.35177,1.35207,1.35177,-0.0400,0.0000,3.0,0.18,0.02,"[tp]",0,00:00:09:14,80.0,7m,1.4,0.23,3.0,0.21000000000000002,-0.7,-0.049,81.1,100.0,0.00,0.00
,04/28/2026 05:00,04/28/2026 08:45,GBPUSD,Sell,0.010,1.37229,1.35199,1.35230,1.35199,-0.0400,0.0000,3.1,0.19,0.02,"[tp]",0,00:03:45:30,15.5,34m,14.7,3.91,3.3,0.231,-12.9,-0.9030000000000001,20.4,98.8,-0.20,-0.01
,04/28/2026 06:34,04/28/2026 07:05,GBPJPY,Sell,0.010,217.20000,215.17000,215.19900,215.17000,-0.0400,0.0000,2.9,0.09,0.01,"[tp]",0,00:00:30:42,19.4,5m,14.5,5.00,2.9,0.11599999999999999,-14.5,-0.58,16.7,100.0,0.00,0.00
,04/28/2026 06:34,04/28/2026 06:34,GBPJPY,Sell,0.010,217.24600,215.21600,215.24400,215.21600,-0.0400,0.0000,2.8,0.09,0.01,"[tp]",0,00:00:00:33,,,,,,,,,,,,
,04/28/2026 06:08,04/28/2026 06:30,GBPJPY,Sell,0.010,217.34400,215.31400,215.34500,215.31400,-0.0400,0.0000,3.1,0.10,0.01,"[tp]",0,00:00:22:26,9.1,2m,12.3,3.97,3.1,0.15500000000000003,-12.3,-0.6150000000000001,20.1,100.0,0.00,0.00
,04/28/2026 06:04,04/28/2026 06:08,GBPJPY,Sell,0.010,217.38900,215.35900,215.38600,215.35900,-0.0400,0.0000,2.7,0.09,0.01,"[tp]",0,00:00:03:41,,,,,,,,,,,,
,04/28/2026 06:04,04/28/2026 06:04,GBPJPY,Sell,0.010,217.44900,215.41900,215.40100,215.41900,-0.0400,0.0000,-1.8,-0.12,-0.01,"[tp]",0,00:00:00:33,,,,,,,,,,,,
,04/28/2026 06:04,04/28/2026 06:04,GBPJPY,Sell,0.010,217.46400,215.43400,215.32700,215.43400,-0.0400,0.0000,-10.7,-0.54,-0.06,"[tp]",0,00:00:00:00,,,,,,,,,,,,
,04/28/2026 06:04,04/28/2026 06:04,GBPJPY,Sell,0.010,217.66200,215.63200,215.66200,215.63200,-0.0400,0.0000,3.0,0.10,0.01,"[tp]",0,00:00:00:00,,,,,,,,,,,,
,04/28/2026 03:35,04/28/2026 06:04,GBPJPY,Sell,0.010,217.70100,215.67100,215.70100,215.67100,-0.0400,0.0000,3.0,0.10,0.01,"[tp]",0,00:02:29:01,18.7,27m,31.5,0.35,34.5,1.725,-12.0,-0.6000000000000001,74.2,32.3,-31.50,-1.58
,04/28/2026 04:07,04/28/2026 04:57,GBPUSD,Sell,0.010,1.37266,1.35236,1.35266,1.35236,-0.0400,0.0000,3.0,0.18,0.02,"[tp]",0,00:00:50:18,37.3,18m,6.0,1.50,3.0,0.21000000000000002,-4.5,-0.31500000000000006,40.0,100.0,0.00,0.00
,04/27/2026 20:21,04/28/2026 04:01,GBPUSD,Sell,0.010,1.37316,1.35286,1.35316,1.35286,-0.0400,-0.0100,3.0,0.17,0.02,"[tp]",0,00:07:40:06,7.2,33m,12.7,2.49,5.1,0.357,-12.7,-0.889,28.7,88.2,-2.10,-0.15
,04/27/2026 22:38,04/28/2026 03:28,GBPJPY,Sell,0.010,217.72500,215.69500,215.72500,215.69500,-0.0400,-0.1100,3.0,-0.01,0.00,"[tp]",0,00:04:50:15,28.3,1h 22m,22.8,0.92,11.9,0.5950000000000001,-10.9,-0.545,52.2,61.0,-8.90,-0.45
,04/27/2026 00:01,04/27/2026 22:37,USDJPY,Buy,0.010,157.63900,159.66900,159.63900,159.39500,-0.0400,0.0000,-24.4,-1.17,-0.13,"",0,00:22:36:02,0.0,0s,53.9,54.05,0.0,0.0,-53.9,-2.6950000000000003,0.0,54.7,-24.40,-1.22
,04/27/2026 00:09,04/27/2026 22:37,AUDUSD,Sell,0.010,0.73281,0.71251,0.71281,0.71872,-0.0400,0.0000,-59.1,-4.40,-0.49,"",0,00:22:28:01,0.0,0s,71.3,71.43,0.0,0.0,-71.3,-4.9910000000000005,0.0,17.1,-59.10,-4.14
,04/27/2026 20:07,04/27/2026 20:18,GBPUSD,Sell,0.010,1.37359,1.35329,1.35361,1.35329,-0.0400,0.0000,3.2,0.20,0.02,"[tp]",0,00:00:11:16,75.0,8m,2.5,0.20,3.5,0.28,-0.7,-0.055999999999999994,83.3,92.9,-0.30,-0.02
,04/27/2026 16:55,04/27/2026 20:02,GBPUSD,Sell,0.010,1.37431,1.35401,1.35431,1.35401,-0.0400,0.0000,3.0,0.18,0.02,"[tp]",0,00:03:07:15,4.3,8m,21.7,6.77,3.0,0.21000000000000002,-20.3,-1.4210000000000003,12.9,100.0,0.00,0.00
,04/27/2026 16:48,04/27/2026 16:49,GBPUSD,Sell,0.010,1.37454,1.35424,1.35454,1.35424,-0.0400,0.0000,3.0,0.18,0.02,"[tp]",0,00:00:01:11,,,,,,,,,,,,
,04/27/2026 16:12,04/27/2026 16:44,GBPUSD,Sell,0.010,1.37523,1.35493,1.35523,1.35493,-0.0400,0.0000,3.0,0.18,0.02,"[tp]",0,00:00:32:32,15.2,4m,7.0,1.19,5.3,0.371,-6.3,-0.441,45.7,80.2,-2.30,-0.16
,04/27/2026 16:06,04/27/2026 16:10,GBPUSD,Sell,0.010,1.37534,1.35504,1.35534,1.35504,-0.0400,0.0000,3.0,0.18,0.02,"[tp]",0,00:00:04:40,60.0,2m,1.0,0.30,3.0,0.21000000000000002,-0.9,-0.06300000000000001,76.9,100.0,0.00,0.00
,04/27/2026 15:59,04/27/2026 16:00,GBPUSD,Sell,0.010,1.37492,1.35462,1.35489,1.35462,-0.0400,0.0000,2.7,0.16,0.02,"[tp]",0,00:00:00:15,,,,,,,,,,,,
,04/27/2026 15:59,04/27/2026 15:59,GBPUSD,Sell,0.010,1.37528,1.35498,1.35530,1.35498,-0.0400,0.0000,3.2,0.20,0.02,"[tp]",0,00:00:00:50,,,,,,,,,,,,
,04/27/2026 14:15,04/27/2026 15:58,GBPUSD,Sell,0.010,1.37562,1.35532,1.35562,1.35532,-0.0400,0.0000,3.0,0.18,0.02,"[tp]",0,00:01:43:51,13.5,14m,20.9,5.34,3.5,0.24500000000000002,-18.7,-1.3090000000000002,15.8,97.7,-0.50,-0.04
,04/27/2026 11:54,04/27/2026 15:14,EURUSD,Buy,0.010,1.15491,1.17521,1.17495,1.17521,-0.0400,0.0000,2.6,0.15,0.02,"[tp]",0,00:03:20:41,6.5,13m,12.3,4.39,2.6,0.18200000000000002,-11.4,-0.7980000000000002,18.6,100.0,0.00,0.00
,04/27/2026 14:08,04/27/2026 14:11,GBPUSD,Sell,0.010,1.37593,1.35563,1.35593,1.35563,-0.0400,0.0000,3.0,0.18,0.02,"[tp]",0,00:00:03:38,,,,,,,,,,,,
,04/27/2026 13:55,04/27/2026 14:01,GBPUSD,Sell,0.010,1.37621,1.35591,1.35621,1.35591,-0.0400,0.0000,3.0,0.18,0.02,"[tp]",0,00:00:06:55,100.0,6m,0.3,0.33,3.0,0.21000000000000002,0.0,0.0,100.0,100.0,0.00,0.00
,04/27/2026 11:49,04/27/2026 13:50,GBPUSD,Buy,0.010,1.32529,1.35599,1.35530,1.35599,-0.0400,0.0000,6.9,0.47,0.05,"[tp]",0,00:02:01:11,70.5,1h 25m,8.8,0.61,7.5,0.525,-4.6,-0.322,62.0,95.0,-0.60,-0.04
,04/27/2026 11:01,04/27/2026 11:50,EURUSD,Buy,0.010,1.15456,1.17486,1.17454,1.17486,-0.0400,0.0000,3.2,0.19,0.02,"[tp]",0,00:00:49:35,26.0,12m,6.5,1.56,3.2,0.22400000000000003,-5.0,-0.35000000000000003,39.0,100.0,0.00,0.00
,04/27/2026 06:41,04/27/2026 11:45,GBPUSD,Buy,0.010,1.32459,1.35529,1.35460,1.35529,-0.0400,0.0000,6.9,0.47,0.05,"[tp]",0,00:05:03:30,11.9,36m,22.5,2.84,7.4,0.5180000000000001,-21.0,-1.4700000000000002,26.1,98.2,-0.50,-0.04
,04/27/2026 10:56,04/27/2026 10:58,EURUSD,Buy,0.010,1.15408,1.17438,1.17408,1.17438,-0.0400,0.0000,3.0,0.18,0.02,"[tp]",0,00:00:02:41,,,,,,,,,,,,
,04/27/2026 10:07,04/27/2026 10:51,EURUSD,Buy,0.010,1.15352,1.17382,1.17351,1.17382,-0.0400,0.0000,3.1,0.19,0.02,"[tp]",0,00:00:44:39,13.4,5m,5.9,1.50,3.4,0.23800000000000002,-5.1,-0.357,40.0,96.5,-0.30,-0.02
,04/27/2026 06:41,04/27/2026 10:04,EURUSD,Buy,0.010,1.15302,1.17332,1.17303,1.17332,-0.0400,0.0000,2.9,0.17,0.02,"[tp]",0,00:03:23:01,12.4,25m,14.0,3.88,3.3,0.231,-12.8,-0.8960000000000001,20.5,97.5,-0.40,-0.03
,04/27/2026 05:58,04/27/2026 06:41,GBPUSD,Buy,0.010,1.32389,1.35459,1.35389,1.35459,-0.0400,0.0000,7.0,0.48,0.05,"[tp]",0,00:00:43:48,97.8,42m,1.6,0.04,7.0,0.49000000000000005,-0.3,-0.021,95.9,100.0,0.00,0.00
,04/27/2026 05:38,04/27/2026 06:41,EURUSD,Buy,0.010,1.15271,1.17301,1.17271,1.17301,-0.0400,0.0000,3.0,0.18,0.02,"[tp]",0,00:01:03:39,79.4,50m,1.8,0.25,3.6,0.25200000000000006,-0.9,-0.06300000000000001,80.0,86.7,-0.60,-0.04
,04/27/2026 04:06,04/27/2026 05:50,GBPUSD,Buy,0.010,1.32330,1.35400,1.35330,1.35400,-0.0400,0.0000,7.0,0.48,0.05,"[tp]",0,00:01:44:59,47.7,50m,7.6,1.09,7.0,0.49000000000000005,-7.6,-0.532,47.9,100.0,0.00,0.00
,04/27/2026 04:05,04/27/2026 05:37,EURUSD,Buy,0.010,1.15243,1.17273,1.17243,1.17273,-0.0400,0.0000,3.0,0.18,0.02,"[tp]",0,00:01:32:45,34.5,31m,6.1,2.03,3.0,0.21000000000000002,-6.1,-0.427,33.0,100.0,0.00,0.00
,04/27/2026 01:03,04/27/2026 04:01,GBPUSD,Buy,0.010,1.32221,1.35291,1.35221,1.35291,-0.0400,0.0000,7.0,0.48,0.05,"[tp]",0,00:02:58:18,1.7,3m,9.6,0.98,9.8,0.6860000000000002,-9.6,-0.672,50.5,85.6,-2.80,-0.20
,04/27/2026 03:59,04/27/2026 04:00,EURUSD,Buy,0.010,1.15162,1.17192,1.17162,1.17192,-0.0400,0.0000,3.0,0.19,0.02,"[tp]",0,00:00:01:25,,,,,,,,,,,,
,04/27/2026 03:56,04/27/2026 03:58,EURUSD,Buy,0.010,1.15137,1.17167,1.17137,1.17167,-0.0400,0.0000,3.0,0.18,0.02,"[tp]",0,00:00:02:18,,,,,,,,,,,,
,04/27/2026 00:35,04/27/2026 03:42,EURUSD,Buy,0.010,1.15099,1.17129,1.17099,1.17129,-0.0400,0.0000,3.0,0.18,0.02,"[tp]",0,00:03:06:57,14.0,26m,5.7,1.50,3.8,0.266,-5.7,-0.3990000000000001,40.0,91.6,-0.80,-0.06
,04/27/2026 00:03,04/27/2026 01:02,GBPUSD,Buy,0.010,1.32139,1.35209,1.35139,1.35209,-0.0400,0.0000,7.0,0.48,0.05,"[tp]",0,00:00:59:27,6.8,4m,13.0,1.78,7.3,0.511,-13.0,-0.9100000000000001,36.0,98.5,-0.30,-0.02
,04/27/2026 00:04,04/27/2026 00:35,EURUSD,Buy,0.010,1.15014,1.17044,1.17014,1.17044,-0.0400,0.0000,3.0,0.18,0.02,"[tp]",0,00:00:30:41,9.7,2m,4.7,1.34,3.5,0.24500000000000002,-4.7,-0.32900000000000007,42.7,93.9,-0.50,-0.04
,04/24/2026 17:56,04/24/2026 21:55,GBPUSD,Buy,0.040,0.00000,1.35430,1.34974,1.35267,-0.1400,0.0000,29.3,8.52,0.97,"",0,00:03:58:50,96.7,3h 50m,10.4,0.15,25.3,7.59,-3.7,-1.11,87.2,113.8,4.00,1.20
,04/24/2026 12:56,04/24/2026 17:56,GBPUSD,Sell,0.200,0.00000,1.34109,1.34819,1.34979,-0.7000,0.0000,-16.0,-24.41,-2.69,"",0,00:05:00:37,3.0,9m,34.9,11.47,2.8,4.144,-32.1,-47.508,8.0,46.1,-18.80,-27.82
,04/23/2026 20:45,04/24/2026 12:52,GBPUSD,Buy,0.200,0.00000,1.37285,1.34522,1.34804,-0.7000,-0.2200,28.2,40.92,4.73,"",0,00:16:06:02,100.0,16h 6m,30.3,0.03,31.9,47.211999999999996,0.0,0.0,100.0,88.4,-3.70,-5.48
,04/23/2026 20:35,04/23/2026 20:45,EURUSD,Buy,0.150,0.00000,1.18975,1.16866,1.16719,-0.5200,0.0000,-14.7,-16.91,-1.92,"from #45725761",0,00:00:10:13,0.0,0s,14.9,14.90,0.0,0.0,-14.9,-16.539,0.0,1.3,-14.70,-16.32
,04/23/2026 20:35,04/23/2026 20:37,EURUSD,Buy,0.050,0.00000,1.19191,1.16866,1.16810,-0.1800,0.0000,-5.6,-2.26,-0.26,"to #45725800",0,00:00:01:42,,,,,,,,,,,,
,04/23/2026 20:34,04/23/2026 20:35,GBPUSD,Buy,0.200,0.00000,1.36467,1.34700,1.34704,-0.7000,0.0000,0.4,-0.11,-0.01,"",0,00:00:00:49,,,,,,,,,,,,
,04/23/2026 20:33,04/23/2026 20:34,EURUSD,Buy,0.200,0.00000,1.18680,1.16847,1.16860,-0.7000,0.0000,1.3,1.23,0.14,"",0,00:00:01:41,,,,,,,,,,,,
,04/23/2026 20:31,04/23/2026 20:32,USDJPY,Buy,0.300,0.00000,162.31700,159.75800,159.73700,-1.0500,0.0000,-2.1,-3.98,-0.45,"",0,00:00:00:51,,,,,,,,,,,,
,04/23/2026 20:16,04/23/2026 20:30,GBPUSD,Sell,0.200,0.00000,1.33850,1.34637,1.34700,-0.7000,0.0000,-6.3,-10.05,-1.12,"",0,00:00:14:39,57.2,8m,9.2,2.17,2.9,4.292,-6.3,-9.324,31.5,0.0,-9.20,-13.62
,04/23/2026 14:53,04/23/2026 20:13,EURUSD,Buy,0.050,0.00000,0.00000,1.16970,1.16830,-0.1800,0.0000,-14.0,-5.38,-0.60,"",0,00:05:20:22,53.8,2h 52m,33.6,0.76,19.1,7.067,-14.5,-5.365,56.8,1.5,-33.10,-12.25
,04/23/2026 14:28,04/23/2026 20:13,EURUSD,Buy,0.200,0.00000,1.18188,1.16805,1.16831,-0.7000,0.0000,2.6,3.17,0.35,"",0,00:05:45:09,98.3,5h 39m,33.6,0.04,35.6,53.044000000000004,-1.3,-1.937,96.5,10.6,-33.00,-49.17
,04/23/2026 14:52,04/23/2026 14:53,EURUSD,Sell,0.200,0.00000,0.00000,1.16977,1.16963,-0.7000,0.0000,1.4,1.37,0.15,"",0,00:00:00:06,,,,,,,,,,,,
,04/23/2026 14:27,04/23/2026 14:28,GBPNZD,Sell,0.170,0.00000,2.26281,2.29602,2.29625,-0.6000,0.0000,-2.3,-2.30,-0.26,"",0,00:00:00:43,,,,,,,,,,,,
,04/23/2026 13:36,04/23/2026 14:27,GBPNZD,Sell,0.170,0.00000,2.26534,2.29651,2.29612,-0.6000,0.0000,3.9,2.29,0.26,"",0,00:00:50:56,84.4,42m,10.0,0.18,13.2,9.767999999999999,-2.4,-1.776,84.6,40.4,-9.30,-6.88
,04/23/2026 12:19,04/23/2026 13:36,GBPUSD,Buy,0.200,0.00000,1.36761,1.35049,1.34965,-0.7000,0.0000,-8.4,-13.15,-1.44,"",0,00:01:17:06,5.2,4m,16.0,7.89,1.8,2.664,-14.2,-21.016,11.3,36.2,-10.20,-15.10
,04/23/2026 12:18,04/23/2026 12:18,GBPUSD,Buy,0.200,0.00000,1.36723,1.34988,1.35025,-0.7000,0.0000,3.7,4.78,0.53,"",0,00:00:00:33,,,,,,,,,,,,
,04/23/2026 12:15,04/23/2026 12:17,EURUSD,Buy,0.200,0.00000,1.19610,1.16953,1.16970,-0.7000,0.0000,1.7,1.82,0.20,"",0,00:00:01:55,,,,,,,,,,,,
,04/23/2026 12:13,04/23/2026 12:15,GBPJPY,Buy,0.200,0.00000,216.66000,215.51700,215.49600,-0.7000,0.0000,-2.1,-2.65,-0.29,"",0,00:00:01:39,,,,,,,,,,,,
,04/23/2026 11:59,04/23/2026 12:13,EURUSD,Sell,0.200,0.00000,1.16292,1.17021,1.16959,-0.7000,0.0000,6.2,8.49,0.94,"",0,00:00:13:57,100.0,13m,1.2,0.14,7.4,10.952,0.0,0.0,100.0,83.8,-1.20,-1.78
,04/22/2026 22:01,04/23/2026 11:59,GBPNZD,Sell,0.150,0.00000,2.27020,2.28663,2.29396,-0.5300,-2.4800,-73.3,-50.94,-5.36,"",0,00:13:57:26,27.1,3h 46m,91.8,4.70,16.1,10.465000000000002,-75.7,-49.205000000000005,17.5,2.6,-89.40,-58.11
,04/21/2026 20:36,04/22/2026 22:01,GBPNZD,Sell,0.150,0.00000,2.26793,2.29205,2.28682,-0.5300,-0.8200,52.3,32.96,3.60,"",0,01:01:24:58,98.4,1d 1h ,51.1,0.37,82.6,54.516,-30.7,-20.262,72.9,73.3,-30.30,-20.00
,04/21/2026 20:18,04/21/2026 20:32,EURUSD,Sell,0.200,0.00000,1.16782,1.17235,1.17356,-0.7000,0.0000,-12.1,-18.63,-1.99,"",0,00:00:13:42,21.5,2m,14.4,5.55,2.2,3.2560000000000002,-12.2,-18.055999999999997,15.3,0.7,-14.30,-21.16
,04/21/2026 20:05,04/21/2026 20:32,EURUSD,Sell,0.200,0.00000,1.16686,1.17375,1.17353,-0.7000,0.0000,2.2,2.56,0.27,"",0,00:00:26:40,100.0,26m,14.4,0.06,16.2,23.976,0.0,0.0,100.0,13.6,-14.00,-20.72
,04/21/2026 20:18,04/21/2026 20:18,EURUSD,Buy,0.200,0.00000,0.00000,1.17235,1.17234,-0.7000,0.0000,-0.1,-0.85,-0.09,"",0,00:00:00:03,,,,,,,,,,,,
,04/21/2026 11:09,04/21/2026 20:18,GBPUSD,Sell,0.040,1.35400,1.34107,1.34900,1.34792,-0.1400,0.0000,10.8,3.06,0.33,"",0,00:09:09:39,3.1,17m,52.9,4.11,11.5,3.4499999999999997,-47.3,-14.19,19.6,98.8,-0.70,-0.21
,04/21/2026 02:29,04/21/2026 20:05,GBPNZD,Sell,0.050,0.00000,2.28250,2.29005,2.29116,-0.1800,0.0000,-11.1,-2.60,-0.28,"",0,00:17:36:16,94.9,16h 42m,69.8,0.34,52.2,11.484,-17.6,-3.8720000000000003,74.8,9.3,-63.30,-13.93
,04/21/2026 18:01,04/21/2026 18:36,EURUSD,Sell,0.040,1.17900,1.17450,1.17500,1.17450,-0.1400,0.0000,5.0,1.34,0.14,"[tp]",0,00:00:34:59,31.5,11m,8.5,1.20,7.1,2.13,-8.5,-2.55,45.5,86.5,-2.10,-0.63
,04/21/2026 17:55,04/21/2026 18:01,USDJPY,Buy,0.040,158.80000,159.40000,159.30000,159.40000,-0.1400,0.0000,10.0,1.72,0.18,"[tp]",0,00:00:05:46,100.0,5m,0.9,0.10,10.0,1.9,0.0,0.0,100.0,100.0,0.00,0.00
,04/21/2026 00:01,04/21/2026 00:02,GBPNZD,Buy,0.040,2.30100,2.30600,2.30526,2.29994,-0.1400,0.0000,-53.2,-9.39,-1.00,"[sl]",0,00:00:01:16,,,,,,,,,,,,
,04/20/2026 16:44,04/20/2026 18:24,EURUSD,Buy,0.030,1.17400,1.17850,1.17800,1.17850,-0.1100,0.0000,5.0,1.00,0.11,"[tp]",0,00:01:39:40,9.0,8m,13.0,2.42,5.0,1.1,-12.1,-2.662,29.2,100.0,0.00,0.00
,04/20/2026 16:44,04/20/2026 16:47,GBPUSD,Buy,0.030,1.35000,1.35350,1.35300,1.35350,-0.1100,0.0000,5.0,1.00,0.11,"[tp]",0,00:00:03:01,,,,,,,,,,,,
,04/20/2026 10:46,04/20/2026 12:59,GBPJPY,Buy,0.030,214.25000,214.85000,214.75000,214.85000,-0.1100,0.0000,10.0,1.29,0.14,"[tp]",0,00:02:12:26,3.8,5m,23.2,2.32,10.0,1.4000000000000001,-23.2,-3.248,30.1,100.0,0.00,0.00
,04/20/2026 03:58,04/20/2026 10:23,GBPAUD,Sell,0.030,1.89100,1.88650,1.88750,1.88650,-0.1100,0.0000,10.0,1.48,0.16,"[tp]",0,00:06:25:01,67.3,4h 19m,19.3,1.08,10.0,1.6,-10.8,-1.7280000000000002,48.1,100.0,0.00,0.00
,04/20/2026 04:00,04/20/2026 05:27,AUDCAD,Buy,0.030,0.97600,0.98000,0.97950,0.98000,-0.1100,0.0000,5.0,0.70,0.07,"[tp]",0,00:01:26:05,58.2,50m,8.9,0.78,5.0,0.8,-3.9,-0.624,56.2,100.0,0.00,0.00
,04/20/2026 03:01,04/20/2026 03:06,EURJPY,Buy,0.030,186.50000,186.99000,186.90000,186.99000,-0.1100,0.0000,9.0,1.15,0.12,"[tp]",0,00:00:05:48,100.0,5m,0.0,0.11,9.0,1.2600000000000002,0.0,0.0,100.0,100.0,0.00,0.00
,04/20/2026 01:00,04/20/2026 02:25,USDJPY,Buy,0.030,158.60000,159.10000,159.03100,159.10000,-0.1100,0.0000,6.9,0.86,0.09,"[tp]",0,00:01:25:47,12.8,10m,14.3,2.07,6.9,0.9660000000000002,-14.3,-2.0020000000000002,32.5,100.0,0.00,0.00
,04/20/2026 00:47,04/20/2026 00:59,EURAUD,Sell,0.030,1.64900,1.64400,1.64461,1.64900,-0.1100,0.0000,-43.9,-7.05,-0.75,"[sl]",0,00:00:12:03,0.0,0s,43.9,44.05,0.0,0.0,-43.9,-7.024,0.0,0.0,-43.90,-7.02
,04/17/2026 23:02,04/17/2026 23:05,EURUSD,Sell,0.200,0.00000,1.16798,1.17684,1.17678,-0.7000,0.0000,0.6,0.19,0.02,"",0,00:00:03:30,,,,,,,,,,,,
,04/17/2026 23:02,04/17/2026 23:02,EURUSD,Buy,0.150,0.00000,0.00000,1.17688,1.17689,-0.5300,0.0000,0.1,-0.42,-0.04,"",0,00:00:00:03,,,,,,,,,,,,
,04/17/2026 18:33,04/17/2026 23:01,GBPUSD,Buy,0.200,0.00000,1.35800,1.35616,1.35183,-0.7000,0.0000,-43.3,-64.76,-6.45,"",0,00:04:28:26,0.0,0s,21.4,21.41,0.0,0.0,-21.4,-31.671999999999997,0.0,102.3,-43.30,-64.08
,04/17/2026 09:50,04/17/2026 10:32,GBPUSD,Sell,0.200,0.00000,1.34501,1.35099,1.35177,-0.7000,0.0000,-7.8,-12.24,-1.20,"",0,00:00:41:25,21.5,8m,12.2,1.77,4.4,6.5120000000000005,-7.8,-11.544,36.1,0.0,-12.20,-18.06
,04/17/2026 04:41,04/17/2026 09:49,GBPUSD,Sell,0.150,0.00000,1.34900,1.35167,1.35082,-0.5300,0.0000,8.5,8.91,0.88,"",0,00:05:08:12,25.0,1h 17m,12.1,0.84,11.3,12.543000000000001,-9.5,-10.545000000000002,54.3,86.5,-2.80,-3.11
,04/16/2026 22:06,04/17/2026 04:41,GBPUSD,Sell,0.100,0.00000,1.35000,1.35327,1.35168,-0.3500,0.0000,15.9,11.41,1.15,"",0,00:06:34:15,92.2,6h 3m,17.6,0.17,17.3,12.802,-3.0,-2.2199999999999998,85.2,93.1,-1.40,-1.04
,04/16/2026 11:23,04/16/2026 22:06,EURUSD,Sell,0.100,0.00000,1.17426,1.17827,1.17816,-0.3500,0.0000,1.1,0.47,0.05,"",0,00:10:42:59,80.5,8h 37m,18.3,0.39,14.5,10.875,-5.7,-4.275,71.8,33.7,-13.40,-10.05
,04/16/2026 11:22,04/16/2026 22:06,GBPUSD,Sell,0.100,0.00000,1.34941,1.35545,1.35326,-0.3500,0.0000,21.9,15.83,1.62,"",0,00:10:43:13,98.8,10h 35m,25.3,0.10,36.2,26.788,-3.5,-2.59,91.2,64.0,-14.30,-10.58
,04/16/2026 11:25,04/16/2026 22:05,EURUSD,Sell,0.100,0.00000,1.17424,1.17802,1.17818,-0.3500,0.0000,-1.6,-1.54,-0.16,"",0,00:10:40:57,62.8,6h 42m,18.3,0.68,12.0,8.879999999999999,-8.2,-6.068,59.4,32.7,-13.60,-10.06
,04/16/2026 11:25,04/16/2026 22:05,GBPUSD,Sell,0.100,0.00000,1.34941,1.35496,1.35327,-0.3500,0.0000,16.9,12.14,1.25,"",0,00:10:40:04,88.3,9h 25m,25.3,0.27,31.3,23.162,-8.4,-6.216,78.8,63.7,-14.40,-10.66
,04/16/2026 11:25,04/16/2026 11:25,GBPUSD,Buy,0.100,0.00000,0.00000,1.35497,1.35495,-0.3500,0.0000,-0.2,-0.50,-0.05,"",0,00:00:00:03,,,,,,,,,,,,
,04/15/2026 08:20,04/15/2026 12:23,GBPJPY,Buy,0.010,212.77800,215.84800,215.77800,215.26400,-0.0400,0.0000,-51.4,-2.43,-0.25,"",0,00:04:03:55,0.0,0s,56.5,56.82,0.0,0.0,-56.5,-2.825,0.0,9.0,-51.40,-2.57
,04/15/2026 05:33,04/15/2026 12:23,USDJPY,Buy,0.010,156.03900,159.10900,159.03700,158.77500,-0.0400,0.0000,-26.2,-1.26,-0.13,"",0,00:06:50:09,4.4,18m,40.2,16.50,2.3,0.11499999999999999,-37.9,-1.895,5.7,29.1,-28.50,-1.43
,04/15/2026 02:35,04/15/2026 12:23,GBPUSD,Buy,0.010,1.32772,1.35842,1.35770,1.35581,-0.0400,0.0000,-18.9,-1.43,-0.15,"",0,00:09:48:53,1.2,7m,28.7,18.15,1.5,0.10500000000000001,-27.2,-1.9040000000000001,5.2,28.9,-20.40,-1.43
,04/14/2026 14:28,04/15/2026 12:23,EURUSD,Buy,0.010,1.15018,1.18118,1.18018,1.17867,-0.0400,-0.0600,-15.1,-1.21,-0.12,"",0,00:21:55:01,8.0,1h 45m,29.5,2.83,7.7,0.539,-21.8,-1.5260000000000002,26.1,22.7,-22.80,-1.60
,04/15/2026 04:05,04/15/2026 08:19,GBPJPY,Buy,0.010,212.70400,215.77400,215.70900,215.77400,-0.0400,0.0000,6.5,0.26,0.03,"[tp]",0,00:04:14:00,12.3,31m,15.0,2.03,6.5,0.325,-13.2,-0.66,33.0,100.0,0.00,0.00
,04/15/2026 04:44,04/15/2026 05:33,USDJPY,Buy,0.010,155.96500,159.03500,158.96500,159.03500,-0.0400,0.0000,7.0,0.28,0.03,"[tp]",0,00:00:49:43,18.4,9m,7.9,1.13,7.0,0.35000000000000003,-7.9,-0.395,47.0,100.0,0.00,0.00
,04/14/2026 18:53,04/15/2026 04:43,USDJPY,Buy,0.010,155.90100,158.97100,158.90100,158.97100,-0.0400,0.0500,7.0,0.33,0.03,"[tp]",0,00:09:50:01,7.5,44m,23.8,3.03,7.1,0.355,-21.5,-1.075,24.8,99.7,-0.10,0.00
,04/15/2026 02:42,04/15/2026 04:05,GBPJPY,Buy,0.010,212.62200,215.69200,215.62200,215.69200,-0.0400,0.0000,7.0,0.28,0.03,"[tp]",0,00:01:23:17,14.5,12m,16.2,1.75,8.3,0.41500000000000004,-14.5,-0.7250000000000001,36.4,94.3,-1.30,-0.07
,04/15/2026 02:06,04/15/2026 02:39,GBPJPY,Buy,0.010,212.54800,215.61800,215.54700,215.61800,-0.0400,0.0000,7.1,0.29,0.03,"[tp]",0,00:00:33:20,64.8,21m,3.3,0.44,7.1,0.355,-3.1,-0.15500000000000003,69.6,100.0,0.00,0.00
,04/14/2026 19:28,04/15/2026 02:34,GBPUSD,Buy,0.010,1.32676,1.35746,1.35676,1.35746,-0.0400,-0.0100,7.0,0.47,0.05,"[tp]",0,00:07:06:14,31.4,2h 13m,14.5,0.98,9.5,0.665,-9.3,-0.6510000000000001,50.5,86.7,-2.50,-0.18
,04/14/2026 22:22,04/15/2026 02:02,GBPJPY,Buy,0.010,212.47100,215.54100,215.46900,215.54100,-0.0400,0.0700,7.2,0.36,0.04,"[tp]",0,00:03:40:30,47.1,1h 43m,22.7,2.35,7.2,0.36000000000000004,-16.9,-0.845,29.9,100.0,0.00,0.00
,04/14/2026 20:37,04/14/2026 22:18,GBPJPY,Buy,0.010,212.41200,215.48200,215.41200,215.48200,-0.0400,0.0000,7.0,0.28,0.03,"[tp]",0,00:01:41:40,28.5,28m,9.0,1.07,7.0,0.35000000000000003,-7.5,-0.375,48.3,100.0,0.00,0.00
,04/14/2026 15:00,04/14/2026 20:35,GBPJPY,Sell,0.010,218.48100,215.41100,215.48700,215.41100,-0.0400,0.0000,7.6,0.31,0.03,"[tp]",0,00:05:35:02,21.2,1h 11m,28.6,3.04,9.4,0.47000000000000003,-28.6,-1.4300000000000002,24.7,95.3,-1.80,-0.09
,04/14/2026 19:02,04/14/2026 19:26,GBPUSD,Buy,0.010,1.32607,1.35677,1.35607,1.35677,-0.0400,0.0000,7.0,0.48,0.05,"[tp]",0,00:00:24:13,64.0,15m,3.5,0.33,7.0,0.49000000000000005,-2.3,-0.161,75.3,100.0,0.00,0.00
,04/14/2026 14:30,04/14/2026 18:59,GBPUSD,Sell,0.010,1.38724,1.35624,1.35725,1.35624,-0.0400,0.0000,10.1,0.70,0.07,"[tp]",0,00:04:29:18,25.2,1h 7m,23.1,1.49,11.0,0.77,-16.4,-1.148,40.1,96.7,-0.90,-0.06
,04/14/2026 14:56,04/14/2026 18:49,USDJPY,Buy,0.010,155.80300,158.90300,158.80300,158.90300,-0.0400,0.0000,10.0,0.43,0.04,"[tp]",0,00:03:53:42,29.7,1h 9m,27.5,1.95,10.3,0.515,-20.1,-1.0050000000000001,33.9,99.0,-0.30,-0.02
,04/14/2026 14:14,04/14/2026 14:26,GBPUSD,Buy,0.020,1.32694,1.35749,1.35695,1.35697,-0.0700,0.0000,0.2,-0.04,0.00,"",0,00:00:11:41,25.0,2m,2.1,6.34,0.3,0.045,-1.9,-0.285,13.6,95.5,-0.10,-0.01
,04/14/2026 14:05,04/14/2026 14:14,GBPUSD,Buy,0.020,1.32635,1.35690,1.35635,1.35690,-0.0700,0.0000,5.5,0.74,0.08,"[tp]",0,00:00:09:39,100.0,9m,1.7,0.14,6.9,1.035,0.0,0.0,100.0,79.7,-1.40,-0.21
,04/14/2026 14:04,04/14/2026 14:04,GBPUSD,Sell,0.020,1.38620,1.35550,1.35620,1.35633,-0.0700,0.0000,-1.3,-0.26,-0.03,"",0,00:00:00:42,,,,,,,,,,,,
,04/14/2026 13:26,04/14/2026 13:30,GBPUSD,Buy,0.050,1.34877,1.36499,1.35485,1.35473,-0.1800,0.0000,-1.2,-0.62,-0.06,"",0,00:00:04:05,0.0,0s,1.7,1.70,0.0,0.0,-1.7,-0.629,0.0,29.4,-1.20,-0.44
,04/14/2026 13:26,04/14/2026 13:30,EURUSD,Buy,0.050,1.17350,1.19016,1.17942,1.17919,-0.1800,0.0000,-2.3,-1.03,-0.11,"",0,00:00:04:15,0.0,0s,2.3,2.30,0.0,0.0,-2.3,-0.851,0.0,0.0,-2.30,-0.85
,04/13/2026 15:04,04/14/2026 13:12,GBPUSD,Sell,0.020,1.37191,1.34121,1.34191,1.35487,-0.0700,0.0000,-129.6,-19.20,-1.94,"",0,00:22:08:01,0.0,0s,130.3,131.58,0.0,0.0,-130.3,-19.545,0.0,0.5,-129.60,-19.44
,04/14/2026 10:09,04/14/2026 13:12,EURUSD,Buy,0.020,1.14943,1.18013,1.17943,1.17976,-0.0700,0.0000,3.3,0.41,0.04,"",0,00:03:03:01,3.9,7m,18.4,5.58,3.3,0.49499999999999994,-18.4,-2.76,15.2,100.0,0.00,0.00
,04/14/2026 11:44,04/14/2026 12:09,GBPUSD,Buy,0.020,0.00000,1.35771,1.35357,1.35458,-0.0700,0.0000,10.1,1.42,0.14,"",0,00:00:25:28,88.0,22m,2.7,0.15,10.4,1.56,-1.6,-0.24,86.7,97.5,-0.30,-0.05
,04/14/2026 09:56,04/14/2026 10:02,EURUSD,Buy,0.020,1.14760,1.17830,1.17760,1.17830,-0.0700,0.0000,7.0,0.97,0.10,"[tp]",0,00:00:06:08,100.0,6m,4.0,0.09,11.0,1.65,0.0,0.0,100.0,63.6,-4.00,-0.60
,04/14/2026 08:01,04/14/2026 09:53,EURUSD,Buy,0.020,1.14673,1.17743,1.17673,1.17743,-0.0700,0.0000,7.0,0.97,0.10,"[tp]",0,00:01:52:37,17.9,20m,10.8,1.18,7.4,1.11,-8.7,-1.305,46.0,97.5,-0.40,-0.06
,04/13/2026 22:07,04/14/2026 09:01,GBPUSD,Buy,0.030,0.00000,1.35250,1.35026,1.35250,-0.1100,-0.0200,22.4,4.84,0.49,"[tp]",0,00:10:53:44,90.9,9h 54m,12.8,0.33,22.4,4.928,-7.4,-1.6280000000000001,75.2,100.0,0.00,0.00
,04/14/2026 01:08,04/14/2026 07:53,EURUSD,Buy,0.020,1.14629,1.17699,1.17629,1.17699,-0.0700,0.0000,7.0,0.96,0.10,"[tp]",0,00:06:45:18,55.7,3h 45m,10.8,0.87,7.0,1.05,-6.1,-0.9149999999999999,53.4,100.0,0.00,0.00
,04/13/2026 22:06,04/14/2026 01:01,EURUSD,Buy,0.020,1.14580,1.17650,1.17581,1.17650,-0.0700,-0.1300,6.9,0.82,0.08,"[tp]",0,00:02:55:58,58.6,1h 43m,9.6,0.71,6.9,1.035,-4.9,-0.735,58.5,100.0,0.00,0.00
,04/13/2026 21:51,04/13/2026 21:59,EURUSD,Buy,0.020,1.14552,1.17622,1.17553,1.17622,-0.0700,0.0000,6.9,0.95,0.10,"[tp]",0,00:00:08:00,100.0,8m,2.4,0.11,9.3,1.395,0.0,0.0,100.0,74.2,-2.40,-0.36
,04/13/2026 21:31,04/13/2026 21:43,EURUSD,Buy,0.020,1.14437,1.17507,1.17466,1.17507,-0.0700,0.0000,4.1,0.54,0.06,"[tp]",0,00:00:12:10,100.0,12m,2.3,0.24,4.1,0.6149999999999999,0.0,0.0,100.0,100.0,0.00,0.00
,04/13/2026 20:18,04/13/2026 21:31,EURUSD,Buy,0.020,1.14356,1.17426,1.17356,1.17426,-0.0700,0.0000,7.0,0.97,0.10,"[tp]",0,00:01:12:39,60.3,43m,4.1,0.24,9.7,1.4549999999999998,-2.3,-0.345,80.8,77.5,-2.70,-0.40
,04/13/2026 19:51,04/13/2026 20:18,EURUSD,Buy,0.020,1.14285,1.17355,1.17285,1.17355,-0.0700,0.0000,7.0,0.97,0.10,"[tp]",0,00:00:27:53,35.8,9m,3.7,0.52,7.1,1.065,-3.7,-0.555,65.7,99.1,-0.10,-0.01
,04/13/2026 19:40,04/13/2026 19:47,EURUSD,Buy,0.020,1.14240,1.17310,1.17240,1.17310,-0.0700,0.0000,7.0,0.97,0.10,"[tp]",0,00:00:06:52,71.5,4m,3.4,0.49,7.0,1.05,-3.4,-0.51,67.3,100.0,0.00,0.00
,04/13/2026 19:34,04/13/2026 19:40,EURUSD,Buy,0.020,1.14170,1.17240,1.17170,1.17240,-0.0700,0.0000,7.0,0.97,0.10,"[tp]",0,00:00:06:29,85.8,5m,3.5,0.01,7.0,1.05,-0.1,-0.015,98.6,100.0,0.00,0.00
,04/13/2026 17:34,04/13/2026 19:33,EURUSD,Buy,0.020,1.14146,1.17216,1.17146,1.17216,-0.0700,0.0000,7.0,0.97,0.10,"[tp]",0,00:01:59:20,13.4,15m,16.4,1.64,7.0,1.05,-11.5,-1.7249999999999999,37.8,100.0,0.00,0.00
,04/13/2026 16:49,04/13/2026 17:29,EURUSD,Buy,0.020,1.14063,1.17133,1.17070,1.17133,-0.0700,0.0000,6.3,0.87,0.09,"[tp]",0,00:00:40:12,35.0,14m,5.8,0.84,6.3,0.945,-5.3,-0.7949999999999999,54.3,100.0,0.00,0.00
,04/13/2026 14:08,04/13/2026 16:49,EURUSD,Buy,0.020,1.13993,1.17063,1.16993,1.17063,-0.0700,0.0000,7.0,0.97,0.10,"[tp]",0,00:02:41:36,8.1,13m,17.2,2.05,8.4,1.26,-17.2,-2.5799999999999996,32.8,94.5,-1.40,-0.21
,04/13/2026 13:22,04/13/2026 15:00,GBPUSD,Sell,0.020,1.37242,1.34172,1.34242,1.34172,-0.0700,0.0000,7.0,0.97,0.10,"[tp]",0,00:01:37:06,8.2,7m,17.8,2.54,7.0,1.05,-17.8,-2.67,28.2,100.0,0.00,0.00
,04/13/2026 13:49,04/13/2026 14:00,EURUSD,Buy,0.020,1.13918,1.16988,1.16918,1.16988,-0.0700,0.0000,7.0,0.98,0.10,"[tp]",0,00:00:10:59,100.0,10m,2.2,0.14,7.0,1.05,0.0,0.0,100.0,100.0,0.00,0.00
,04/13/2026 13:03,04/13/2026 13:47,EURUSD,Buy,0.020,1.13874,1.16924,1.16874,1.16924,-0.0700,0.0000,5.0,0.67,0.07,"[tp]",0,00:00:43:53,27.3,11m,4.8,0.96,5.0,0.75,-4.8,-0.72,51.0,100.0,0.00,0.00
,04/13/2026 13:00,04/13/2026 13:22,GBPUSD,Sell,0.020,1.37290,1.34240,1.34291,1.34240,-0.0700,0.0000,5.1,0.69,0.07,"[tp]",0,00:00:22:54,87.0,19m,2.4,0.24,5.1,0.7649999999999999,-1.2,-0.18,81.0,100.0,0.00,0.00
,04/13/2026 13:00,04/13/2026 13:00,EURUSD,Sell,0.020,1.19867,1.16817,1.16867,1.16855,-0.0700,0.0000,1.2,0.11,0.01,"",0,00:00:00:34,,,,,,,,,,,,
,04/09/2026 09:29,04/13/2026 12:57,USDJPY,Sell,0.030,0.00000,158.34200,158.90500,159.73600,-0.1100,-0.5000,-83.1,-12.23,-1.25,"",0,04:03:27:54,3.9,3h 52m,119.7,3.59,26.1,3.6540000000000004,-93.6,-13.104000000000001,21.8,8.8,-109.20,-15.29
,04/10/2026 16:21,04/13/2026 12:57,EURUSD,Buy,0.030,0.00000,1.17500,1.17260,1.16879,-0.1100,-0.1900,-38.1,-8.81,-0.89,"",0,02:20:35:53,7.1,4h 52m,74.3,4.90,12.6,2.772,-61.7,-13.574,17.0,31.8,-50.70,-11.15
,04/09/2026 06:26,04/10/2026 16:28,GBPUSD,Buy,0.030,0.00000,1.34750,1.33947,1.34750,-0.1100,-0.0200,80.3,17.75,1.82,"[tp]",0,01:10:01:54,92.0,1d 7h ,44.5,0.15,80.3,17.666,-12.1,-2.662,86.9,100.0,0.00,0.00
,04/09/2026 18:23,04/10/2026 15:36,EURUSD,Buy,0.030,0.00000,1.17250,1.17000,1.17250,-0.1100,-0.1900,25.0,5.27,0.54,"[tp]",0,00:21:12:55,36.9,7h 49m,43.5,0.86,25.0,5.5,-21.5,-4.73,53.8,100.0,0.00,0.00
,04/09/2026 06:28,04/09/2026 18:23,EURUSD,Buy,0.030,0.00000,1.17000,1.16646,1.17000,-0.1100,0.0000,35.4,7.80,0.81,"[tp]",0,00:11:54:47,71.8,8h 33m,20.3,0.27,35.4,7.787999999999999,-9.4,-2.068,79.0,100.0,0.00,0.00
,04/09/2026 07:02,04/09/2026 07:24,USDJPY,Sell,0.030,158.91200,158.50000,158.70000,158.64800,-0.1100,0.0000,5.2,0.62,0.06,"",0,00:00:21:21,63.7,13m,1.8,0.34,5.3,0.742,-1.8,-0.25200000000000006,74.6,98.6,-0.10,-0.01
,04/09/2026 06:01,04/09/2026 06:16,EURUSD,Sell,0.020,1.22647,1.16587,1.16648,1.16649,-0.0700,0.0000,-0.1,-0.09,-0.01,"",0,00:00:14:20,40.0,5m,2.7,2.00,0.9,0.18000000000000002,-1.8,-0.36000000000000004,33.3,63.0,-1.00,-0.20
,04/09/2026 05:49,04/09/2026 06:16,USDJPY,Sell,0.050,0.00000,156.88200,158.73300,158.70800,-0.1800,0.0000,2.5,0.41,0.04,"",0,00:00:26:22,81.5,21m,3.7,0.85,2.6,0.624,-2.2,-0.528,54.2,97.9,-0.10,-0.02
,04/09/2026 00:18,04/09/2026 06:16,GBPUSD,Sell,0.050,0.00000,1.33559,1.33966,1.33967,-0.1800,0.0000,-0.1,-0.22,-0.02,"",0,00:05:57:58,61.2,3h 39m,19.0,0.45,14.5,5.800000000000001,-6.5,-2.6,69.0,30.5,-14.60,-5.84
,04/09/2026 00:14,04/09/2026 06:01,EURUSD,Sell,0.030,1.22613,1.16469,1.16613,1.16645,-0.1100,0.0000,-3.2,-0.83,-0.09,"",0,00:05:47:34,53.4,3h 5m,15.9,0.53,10.5,2.415,-5.6,-1.288,65.2,14.9,-13.70,-3.15
,04/07/2026 08:49,04/09/2026 00:12,GBPUSD,Sell,0.010,1.35226,1.32176,1.32226,1.34041,-0.0400,0.0000,-181.5,-13.58,-1.39,"",0,01:15:23:14,0.0,0s,258.3,263.16,0.0,0.0,-258.3,-18.081000000000003,0.0,29.7,-181.50,-12.71
,04/09/2026 00:02,04/09/2026 00:12,GBPUSD,Sell,0.050,0.00000,1.33492,1.33892,1.34041,-0.1800,0.0000,-14.9,-5.74,-0.59,"",0,00:00:09:53,0.0,0s,14.9,14.90,0.0,0.0,-14.9,-5.513,0.0,0.0,-14.90,-5.51
,04/08/2026 22:54,04/09/2026 00:12,EURUSD,Sell,0.050,0.00000,1.16437,1.16662,1.16664,-0.1800,0.4300,-0.2,0.18,0.02,"",0,00:01:18:07,83.4,1h 5m,12.8,0.23,12.6,4.409999999999999,-2.9,-1.015,81.3,17.4,-12.80,-4.48
,04/08/2026 10:13,04/09/2026 00:12,GBPUSD,Sell,0.050,0.00000,1.33589,1.34110,1.34042,-0.1800,0.0000,6.8,2.36,0.24,"",0,00:13:58:40,21.5,3h 0m,69.9,2.54,27.5,10.175,-69.9,-25.863000000000003,28.2,78.7,-20.70,-7.66
,04/08/2026 10:07,04/09/2026 00:12,GBPUSD,Sell,0.050,0.00000,1.33589,1.34186,1.34042,-0.1800,0.0000,14.4,5.19,0.53,"",0,00:14:04:35,26.7,3h 45m,64.3,1.77,35.1,12.987,-62.3,-23.051,36.0,78.7,-20.70,-7.66
,04/08/2026 22:11,04/08/2026 22:35,EURUSD,Buy,0.020,1.13518,1.16578,1.16518,1.16578,-0.0700,0.0000,6.0,0.83,0.09,"[tp]",0,00:00:24:11,66.7,16m,4.6,0.50,6.0,0.8999999999999999,-3.0,-0.44999999999999996,66.7,100.0,0.00,0.00
,04/08/2026 22:10,04/08/2026 22:11,EURUSD,Buy,0.020,1.13504,1.16564,1.16503,1.16519,-0.0700,0.0000,1.6,0.17,0.02,"",0,00:00:01:02,,,,,,,,,,,,
,04/08/2026 17:43,04/08/2026 22:00,EURUSD,Sell,0.050,0.00000,1.16450,1.16971,1.16450,-0.1800,0.0000,52.1,19.29,2.03,"[tp]",0,00:04:16:33,97.3,4h 9m,9.5,0.08,52.1,19.277,-4.1,-1.517,92.7,100.0,0.00,0.00
,04/08/2026 17:39,04/08/2026 21:33,GBPUSD,Sell,0.050,0.00000,1.34000,1.34453,1.34000,-0.1800,0.0000,45.3,16.72,1.79,"[tp]",0,00:03:54:22,96.6,3h 46m,14.0,0.11,45.3,16.761,-4.8,-1.776,90.4,100.0,0.00,0.00
,04/08/2026 16:06,04/08/2026 17:44,EURUSD,Buy,0.020,1.14191,1.17251,1.17191,1.16954,-0.0700,0.0000,-23.7,-3.59,-0.38,"",0,00:01:38:14,0.0,0s,29.9,29.94,0.0,0.0,-29.9,-4.484999999999999,0.0,20.7,-23.70,-3.55
,04/08/2026 15:58,04/08/2026 16:03,EURUSD,Buy,0.020,1.14157,1.17217,1.17157,1.17217,-0.0700,0.0000,6.0,0.82,0.09,"[tp]",0,00:00:05:30,83.4,4m,1.5,0.25,6.0,0.8999999999999999,-1.5,-0.22499999999999998,80.0,100.0,0.00,0.00
,04/08/2026 15:41,04/08/2026 15:55,EURUSD,Buy,0.020,1.14116,1.17176,1.17119,1.17176,-0.0700,0.0000,5.7,0.78,0.08,"[tp]",0,00:00:13:07,100.0,13m,2.8,0.18,5.7,0.855,0.0,0.0,100.0,100.0,0.00,0.00
,04/08/2026 09:43,04/08/2026 15:41,EURUSD,Buy,0.020,1.14054,1.17114,1.17054,1.17114,-0.0700,0.0000,6.0,0.82,0.09,"[tp]",0,00:05:58:57,9.5,34m,36.7,5.36,6.4,0.96,-34.3,-5.145,15.7,99.0,-0.40,-0.06
,04/08/2026 09:34,04/08/2026 09:38,EURUSD,Buy,0.020,1.13995,1.17055,1.16997,1.17055,-0.0700,0.0000,5.8,0.79,0.08,"[tp]",0,00:00:04:58,100.0,4m,0.0,0.17,5.8,0.87,0.0,0.0,100.0,100.0,0.00,0.00
,04/08/2026 09:24,04/08/2026 09:27,EURUSD,Buy,0.020,1.13925,1.16985,1.16925,1.16985,-0.0700,0.0000,6.0,0.82,0.09,"[tp]",0,00:00:03:29,,,,,,,,,,,,
,04/08/2026 09:04,04/08/2026 09:24,EURUSD,Buy,0.020,1.13866,1.16926,1.16866,1.16926,-0.0700,0.0000,6.0,0.82,0.09,"[tp]",0,00:00:20:02,85.8,17m,3.9,0.14,6.3,0.945,-0.9,-0.135,87.5,95.8,-0.30,-0.04
,04/08/2026 08:47,04/08/2026 08:50,EURUSD,Buy,0.020,1.13918,1.16978,1.16918,1.16978,-0.0700,0.0000,6.0,0.82,0.09,"[tp]",0,00:00:03:29,,,,,,,,,,,,
,04/08/2026 03:10,04/08/2026 08:43,EURUSD,Buy,0.020,1.13854,1.16914,1.16855,1.16914,-0.0700,0.0000,5.9,0.81,0.09,"[tp]",0,00:05:32:54,7.3,24m,20.4,3.29,5.9,0.885,-19.4,-2.9099999999999997,23.3,100.0,0.00,0.00
,04/08/2026 03:10,04/08/2026 03:10,EURUSD,Buy,0.020,1.13795,1.16855,1.16793,1.16855,-0.0700,0.0000,6.2,0.85,0.09,"[tp]",0,00:00:00:37,,,,,,,,,,,,
,04/08/2026 02:27,04/08/2026 03:02,EURUSD,Buy,0.020,1.13879,1.16939,1.16880,1.16939,-0.0700,0.0000,5.9,0.81,0.09,"[tp]",0,00:00:35:04,25.0,8m,15.0,2.54,5.9,0.885,-15.0,-2.25,28.2,100.0,0.00,0.00
,04/08/2026 02:24,04/08/2026 02:26,EURUSD,Buy,0.020,1.13820,1.16880,1.16822,1.16880,-0.0700,0.0000,5.8,0.79,0.09,"[tp]",0,00:00:02:59,,,,,,,,,,,,
,04/08/2026 02:17,04/08/2026 02:19,EURUSD,Buy,0.020,1.13739,1.16799,1.16740,1.16799,-0.0700,0.0000,5.9,0.81,0.09,"[tp]",0,00:00:02:17,,,,,,,,,,,,
,04/08/2026 02:08,04/08/2026 02:17,EURUSD,Buy,0.020,1.13680,1.16740,1.16678,1.16740,-0.0700,0.0000,6.2,0.85,0.09,"[tp]",0,00:00:09:19,60.0,5m,5.6,0.90,6.2,0.9299999999999999,-5.6,-0.84,52.5,100.0,0.00,0.00
,04/08/2026 02:02,04/08/2026 02:03,EURUSD,Buy,0.020,1.13678,1.16738,1.16675,1.16738,-0.0700,0.0000,6.3,0.87,0.09,"[tp]",0,00:00:01:43,,,,,,,,,,,,
,04/08/2026 01:54,04/08/2026 01:57,EURUSD,Buy,0.020,1.13563,1.16623,1.16561,1.16623,-0.0700,0.0000,6.2,0.86,0.09,"[tp]",0,00:00:02:34,,,,,,,,,,,,
,04/08/2026 01:40,04/08/2026 01:54,EURUSD,Buy,0.020,1.13496,1.16556,1.16495,1.16556,-0.0700,0.0000,6.1,0.85,0.09,"[tp]",0,00:00:14:35,20.0,2m,9.7,1.59,6.1,0.9149999999999999,-9.7,-1.4549999999999998,38.6,100.0,0.00,0.00
,04/08/2026 01:34,04/08/2026 01:35,EURUSD,Buy,0.020,1.13288,1.16348,1.16286,1.16348,-0.0700,0.0000,6.2,0.86,0.09,"[tp]",0,00:00:01:41,,,,,,,,,,,,
,04/08/2026 01:34,04/08/2026 01:34,EURUSD,Buy,0.020,1.13220,1.16280,1.16213,1.16280,-0.0700,0.0000,6.7,0.93,0.10,"[tp]",0,00:00:00:09,,,,,,,,,,,,
,04/08/2026 01:10,04/08/2026 01:32,EURUSD,Buy,0.020,1.13179,1.16239,1.16177,1.16239,-0.0700,0.0000,6.2,0.86,0.09,"[tp]",0,00:00:22:29,4.4,59s,11.8,1.90,6.2,0.9299999999999999,-11.8,-1.77,34.4,100.0,0.00,0.00
,04/07/2026 22:52,04/08/2026 01:06,GBPUSD,Buy,0.050,0.00000,1.33212,1.32917,1.33212,-0.1800,-0.0400,29.5,10.85,1.19,"[tp]",0,00:02:14:11,68.7,1h 32m,18.3,0.37,29.5,11.21,-10.9,-4.142,73.0,100.0,0.00,0.00
,04/07/2026 23:17,04/08/2026 01:02,EURUSD,Buy,0.020,1.13024,1.16084,1.16026,1.16084,-0.0700,-0.1300,5.8,0.68,0.07,"[tp]",0,00:01:45:31,5.8,6m,10.4,1.27,7.3,1.095,-9.3,-1.395,44.0,91.0,-1.50,-0.22
,04/07/2026 22:51,04/07/2026 23:15,EURUSD,Buy,0.020,1.12972,1.16032,1.15972,1.16032,-0.0700,0.0000,6.0,0.83,0.09,"[tp]",0,00:00:24:25,52.0,12m,6.4,0.67,6.0,0.8999999999999999,-4.0,-0.6,60.0,100.0,0.00,0.00
,04/07/2026 22:50,04/07/2026 22:52,GBPUSD,Buy,0.050,0.00000,1.33146,1.32878,1.32916,-0.1800,0.0000,3.8,1.25,0.14,"",0,00:00:01:47,,,,,,,,,,,,
,04/07/2026 22:45,04/07/2026 22:47,EURUSD,Buy,0.020,1.12941,1.16001,1.15966,1.16001,-0.0700,0.0000,3.5,0.46,0.05,"[tp]",0,00:00:01:38,,,,,,,,,,,,
,04/07/2026 22:21,04/07/2026 22:45,EURUSD,Buy,0.020,0.00000,1.15938,1.15865,1.15938,-0.0700,0.0000,7.3,1.03,0.11,"[tp]",0,00:00:24:05,8.4,2m,3.2,0.40,8.0,1.2,-3.2,-0.48,71.4,93.8,-0.70,-0.11
,04/07/2026 17:42,04/07/2026 22:18,EURUSD,Buy,0.020,1.12784,1.15844,1.15784,1.15844,-0.0700,0.0000,6.0,0.84,0.09,"[tp]",0,00:04:36:27,13.8,38m,12.5,1.86,6.4,0.96,-11.9,-1.785,35.0,97.8,-0.40,-0.06
,04/07/2026 12:01,04/07/2026 17:38,EURUSD,Buy,0.020,1.12747,1.15807,1.15747,1.15807,-0.0700,0.0000,6.0,0.84,0.09,"[tp]",0,00:05:37:30,2.1,7m,26.7,4.45,6.0,0.8999999999999999,-26.7,-4.005,18.3,100.0,0.00,0.00
,04/07/2026 11:46,04/07/2026 11:58,EURUSD,Buy,0.020,1.12691,1.15751,1.15691,1.15751,-0.0700,0.0000,6.0,0.83,0.09,"[tp]",0,00:00:12:47,46.2,5m,3.5,0.58,6.0,0.8999999999999999,-3.5,-0.525,63.2,100.0,0.00,0.00
,04/07/2026 11:14,04/07/2026 11:44,EURUSD,Buy,0.010,1.12637,1.15687,1.15637,1.15687,-0.0400,0.0000,5.0,0.34,0.04,"[tp]",0,00:00:30:20,35.5,10m,6.8,1.16,5.0,0.4,-5.8,-0.46399999999999997,46.3,100.0,0.00,0.00
,04/07/2026 11:06,04/07/2026 11:10,EURUSD,Buy,0.010,1.12518,1.15568,1.15519,1.15568,-0.0400,0.0000,4.9,0.33,0.04,"[tp]",0,00:00:04:53,100.0,4m,0.6,0.18,5.5,0.44,0.0,0.0,100.0,89.1,-0.60,-0.05
,04/07/2026 09:43,04/07/2026 11:02,EURUSD,Buy,0.010,1.12436,1.15486,1.15436,1.15486,-0.0400,0.0000,5.0,0.34,0.04,"[tp]",0,00:01:18:50,24.4,19m,7.3,1.24,5.0,0.4,-6.2,-0.49600000000000005,44.6,100.0,0.00,0.00
,04/07/2026 08:07,04/07/2026 09:43,EURUSD,Buy,0.010,1.12387,1.15437,1.15387,1.15437,-0.0400,0.0000,5.0,0.34,0.04,"[tp]",0,00:01:35:34,15.7,15m,8.9,1.25,6.5,0.52,-8.1,-0.648,44.5,89.7,-1.50,-0.12
,04/07/2026 08:35,04/07/2026 08:42,GBPUSD,Sell,0.010,1.35270,1.32220,1.32271,1.32220,-0.0400,0.0000,5.1,0.35,0.04,"[tp]",0,00:00:07:34,37.5,2m,3.5,0.65,5.4,0.43200000000000005,-3.5,-0.28,60.7,96.6,-0.30,-0.02
,04/07/2026 08:07,04/07/2026 08:30,GBPUSD,Sell,0.010,1.35329,1.32279,1.32329,1.32279,-0.0400,0.0000,5.0,0.34,0.04,"[tp]",0,00:00:22:22,95.7,21m,1.8,0.03,6.8,0.544,-0.2,-0.016,97.1,74.3,-1.80,-0.14
,04/07/2026 04:56,04/07/2026 06:19,EURAUD,Buy,0.100,1.66700,1.67110,1.67100,1.66901,-0.3500,0.0000,-19.9,-10.75,-1.18,"",0,00:01:22:17,0.0,0s,23.8,23.81,0.0,0.0,-23.8,-12.376000000000001,0.0,16.4,-19.90,-10.35
,04/07/2026 04:55,04/07/2026 05:26,GBPUSD,Sell,0.010,1.35175,1.32105,1.32174,1.32148,-0.0400,0.0000,2.6,0.16,0.02,"",0,00:00:31:01,68.8,21m,3.6,0.39,5.4,0.43200000000000005,-2.1,-0.168,72.0,62.7,-2.80,-0.22
,04/07/2026 04:45,04/07/2026 04:53,GBPUSD,Sell,0.010,1.35221,1.32151,1.32222,1.32185,-0.0400,0.0000,3.7,0.24,0.03,"",0,00:00:08:43,77.8,6m,1.6,0.15,5.3,0.424,-0.8,-0.064,86.9,73.8,-1.60,-0.13
,04/07/2026 04:49,04/07/2026 04:53,GBPUSD,Sell,0.100,0.00000,1.32150,1.32206,1.32182,-0.3500,0.0000,2.4,1.47,0.16,"",0,00:00:04:05,100.0,4m,1.5,0.27,3.7,2.8120000000000003,0.0,0.0,100.0,64.9,-1.30,-0.99
,04/07/2026 04:29,04/07/2026 04:39,GBPUSD,Sell,0.010,1.35296,1.32226,1.32296,1.32226,-0.0400,0.0000,7.0,0.49,0.05,"[tp]",0,00:00:09:46,90.0,8m,1.2,0.04,7.1,0.568,-0.3,-0.024,95.9,98.6,-0.10,-0.01
,04/07/2026 02:39,04/07/2026 04:29,GBPUSD,Sell,0.050,0.00000,1.32260,1.32312,1.32302,-0.1800,0.0000,1.0,0.20,0.02,"",0,00:01:50:09,25.5,28m,8.7,1.79,4.2,1.596,-7.5,-2.85,35.9,72.6,-3.20,-1.22
,04/06/2026 20:16,04/07/2026 02:37,GBPUSD,Sell,0.010,1.35195,1.32125,1.32195,1.32311,-0.0400,0.0000,-11.6,-0.92,-0.10,"",0,00:06:21:09,0.0,0s,23.7,23.75,0.0,0.0,-23.7,-1.896,0.0,51.1,-11.60,-0.93
,04/06/2026 20:35,04/07/2026 02:37,GBPUSD,Sell,0.010,0.00000,1.32223,1.32310,1.32311,-0.0400,0.0000,-0.1,-0.05,-0.01,"",0,00:06:01:50,10.8,39m,18.0,2.10,5.8,0.58,-12.2,-1.22,32.2,67.2,-5.90,-0.59
,04/06/2026 20:41,04/07/2026 02:37,GBPUSD,Sell,0.050,0.00000,1.32224,1.32291,1.32311,-0.1800,0.0000,-2.0,-0.94,-0.10,"",0,00:05:55:49,7.1,25m,18.0,3.62,3.9,1.482,-14.1,-5.358,21.7,67.2,-5.90,-2.24
,04/06/2026 20:51,04/07/2026 02:37,GBPUSD,Sell,0.050,0.00000,1.32223,1.32275,1.32309,-0.1800,0.0000,-3.4,-1.46,-0.16,"",0,00:05:45:41,3.2,11m,18.0,6.83,2.3,0.8739999999999999,-15.7,-5.966,12.8,68.3,-5.70,-2.17
,04/06/2026 18:19,04/06/2026 20:15,GBPUSD,Sell,0.010,1.35268,1.32198,1.32268,1.32198,-0.0400,0.0000,7.0,0.49,0.05,"[tp]",0,00:01:56:22,15.4,17m,14.2,1.58,7.6,0.608,-12.0,-0.96,38.8,96.9,-0.60,-0.05
,04/06/2026 14:25,04/06/2026 18:14,GBPUSD,Sell,0.010,1.35344,1.32274,1.32344,1.32274,-0.0400,0.0000,7.0,0.49,0.05,"[tp]",0,00:03:49:02,7.0,16m,35.0,4.84,7.0,0.56,-33.9,-2.7119999999999997,17.1,100.0,0.00,0.00
,04/06/2026 14:04,04/06/2026 14:24,GBPUSD,Sell,0.010,1.35436,1.32296,1.32437,1.32346,-0.0400,0.0000,9.1,0.65,0.07,"",0,00:00:20:51,100.0,20m,1.9,0.10,9.6,0.768,0.0,0.0,100.0,94.8,-0.50,-0.04
,04/06/2026 13:50,04/06/2026 14:00,GBPUSD,Sell,0.010,1.35488,1.32438,1.32490,1.32438,-0.0400,0.0000,5.2,0.35,0.04,"[tp]",0,00:00:10:31,100.0,10m,1.3,0.19,5.3,0.424,0.0,0.0,100.0,98.1,-0.10,-0.01
,04/06/2026 13:43,04/06/2026 13:46,GBPUSD,Sell,0.050,0.00000,1.30713,1.32467,1.32492,-0.1800,0.0000,-2.5,-1.12,-0.12,"",0,00:00:03:02,,,,,,,,,,,,
,04/06/2026 13:27,04/06/2026 13:40,EURUSD,Buy,0.010,0.00000,1.15531,1.15481,1.15492,-0.0400,0.0000,1.1,0.04,0.00,"",0,00:00:12:27,69.3,8m,0.8,0.42,1.9,0.133,-0.8,-0.05600000000000001,70.4,70.4,-0.80,-0.06
,04/06/2026 13:28,04/06/2026 13:40,EURUSD,Sell,0.010,0.00000,1.15403,1.15479,1.15492,-0.0400,0.0000,-1.3,-0.14,-0.02,"",0,00:00:11:06,16.7,1m,2.7,3.50,0.6,0.048,-2.1,-0.168,22.2,29.6,-1.90,-0.15
,04/06/2026 13:28,04/06/2026 13:40,GBPUSD,Buy,0.010,1.29473,1.32523,1.32473,1.32480,-0.0400,0.0000,0.7,0.01,0.00,"",0,00:00:12:00,58.4,7m,1.3,0.81,1.6,0.11200000000000002,-1.3,-0.09100000000000001,55.2,69.0,-0.90,-0.06
,04/06/2026 13:29,04/06/2026 13:40,GBPUSD,Sell,0.010,0.00000,1.32314,1.32466,1.32481,-0.0400,0.0000,-1.5,-0.15,-0.02,"",0,00:00:10:32,10.0,1m,2.8,3.67,0.6,0.042,-2.2,-0.15400000000000003,21.4,25.0,-2.10,-0.15
,04/06/2026 13:28,04/06/2026 13:29,GBPUSD,Sell,0.100,0.00000,1.32343,1.32467,1.32470,-0.3500,0.0000,-0.3,-0.58,-0.06,"",0,00:00:00:27,,,,,,,,,,,,
,04/06/2026 13:25,04/06/2026 13:25,EURUSD,Buy,0.010,1.12506,1.15556,1.15506,1.15502,-0.0400,0.0000,-0.4,-0.07,-0.01,"",0,00:00:00:15,,,,,,,,,,,,
,04/06/2026 11:10,04/06/2026 13:22,GBPUSD,Buy,0.100,0.00000,1.32809,1.32467,1.32510,-0.3500,0.0000,4.3,2.90,0.32,"",0,00:02:11:47,95.5,2h 5m,12.9,0.24,10.4,7.904000000000001,-2.5,-1.9,80.6,52.7,-6.10,-4.64
,04/03/2026 21:17,04/06/2026 11:07,EURUSD,Sell,0.010,1.18201,1.15001,1.15201,1.15580,-0.0400,0.0300,-37.9,-2.87,-0.31,"",0,02:13:50:47,90.5,2d 7h ,61.9,3.55,13.6,1.088,-48.3,-3.864,22.0,16.8,-51.50,-4.12
,04/03/2026 15:31,04/03/2026 21:16,EURUSD,Sell,0.010,1.18316,1.15116,1.15321,1.15200,-0.0400,0.0000,12.1,0.88,0.10,"",0,00:05:45:29,88.5,5h 5m,11.8,0.45,13.3,1.064,-6.0,-0.48,68.9,93.8,-1.20,-0.10
,04/02/2026 18:22,04/03/2026 21:16,GBPUSD,Buy,0.010,1.29320,1.32520,1.32320,1.31959,-0.0400,-0.0100,-36.1,-2.79,-0.30,"",0,01:02:53:19,32.9,8h 50m,46.2,3.81,9.6,0.768,-36.6,-2.9280000000000004,20.8,1.1,-45.70,-3.66
,04/02/2026 18:23,04/03/2026 15:30,EURUSD,Sell,0.010,1.18453,1.15253,1.15453,1.15253,-0.0400,0.0300,20.0,1.51,0.17,"[tp]",0,00:21:07:00,96.1,20h 17m,18.5,0.30,20.0,1.6,-5.9,-0.47200000000000003,77.2,100.0,0.00,0.00
,04/02/2026 18:20,04/02/2026 18:21,EURUSD,Buy,0.010,1.12483,1.15683,1.15483,1.15462,-0.0400,0.0000,-2.1,-0.20,-0.02,"",0,00:00:01:04,,,,,,,,,,,,
,04/02/2026 18:00,04/02/2026 18:20,GBPUSD,Buy,0.050,0.00000,1.32794,1.32441,1.32347,-0.1800,0.0000,-9.4,-3.73,-0.41,"",0,00:00:19:46,75.0,14m,17.9,2.51,5.1,1.938,-12.8,-4.864000000000001,28.5,19.0,-14.50,-5.51
,04/02/2026 18:00,04/02/2026 18:20,EURUSD,Buy,0.050,0.00000,1.15736,1.15530,1.15478,-0.1800,0.0000,-5.2,-2.14,-0.23,"",0,00:00:20:07,55.1,11m,12.2,1.84,4.3,1.634,-7.9,-3.0020000000000002,35.2,22.1,-9.50,-3.61
,04/02/2026 17:57,04/02/2026 18:00,EURUSD,Sell,0.010,1.18509,1.15309,1.15510,1.15530,-0.0400,0.0000,-2.0,-0.19,-0.02,"",0,00:00:03:30,,,,,,,,,,,,
,04/02/2026 18:00,04/02/2026 18:00,GBPUSD,Buy,0.010,1.29437,1.32637,1.32436,1.32444,-0.0400,0.0000,0.8,0.02,0.00,"",0,00:00:00:28,,,,,,,,,,,,
,04/02/2026 17:56,04/02/2026 17:59,GBPUSD,Buy,0.050,0.00000,1.32660,1.32430,1.32434,-0.1800,0.0000,0.4,-0.03,0.00,"",0,00:00:02:43,,,,,,,,,,,,
,04/02/2026 17:56,04/02/2026 17:59,GBPUSD,Buy,0.050,0.00000,1.32670,1.32413,1.32435,-0.1800,0.0000,2.2,0.65,0.07,"",0,00:00:02:59,,,,,,,,,,,,
,04/02/2026 17:39,04/02/2026 17:56,EURUSD,Buy,0.050,0.00000,1.15600,1.15457,1.15504,-0.1800,0.0000,4.7,1.60,0.17,"",0,00:00:17:11,64.8,11m,8.5,0.34,6.4,2.4320000000000004,-2.2,-0.8360000000000001,74.4,80.2,-1.70,-0.65
,04/02/2026 17:39,04/02/2026 17:56,GBPUSD,Buy,0.050,0.00000,1.32450,1.32225,1.32409,-0.1800,0.0000,18.4,6.77,0.74,"",0,00:00:17:38,100.0,17m,11.8,0.05,20.3,7.714,0.0,0.0,100.0,90.6,-1.90,-0.72
,04/02/2026 17:36,04/02/2026 17:56,EURUSD,Buy,0.050,0.00000,1.15600,1.15608,1.15506,-0.1800,0.0000,-10.2,-4.03,-0.44,"",0,00:00:19:46,0.0,0s,17.3,17.30,0.0,0.0,-17.3,-6.574000000000001,0.0,41.0,-10.20,-3.88
,04/02/2026 17:36,04/02/2026 17:56,GBPUSD,Buy,0.050,0.00000,1.32500,1.32474,1.32411,-0.1800,0.0000,-6.3,-2.56,-0.28,"",0,00:00:19:52,0.0,0s,23.5,23.53,0.0,0.0,-23.5,-8.93,0.0,73.2,-6.30,-2.39
,04/02/2026 13:13,04/02/2026 17:56,EURUSD,Sell,0.010,1.18184,1.14984,1.15184,1.15505,-0.0400,0.0000,-32.1,-2.46,-0.27,"",0,00:04:42:54,35.0,1h 39m,46.8,4.38,8.7,0.696,-38.1,-3.048,18.6,12.8,-40.80,-3.26
,04/02/2026 13:08,04/02/2026 17:56,GBPUSD,Sell,0.010,1.34977,1.31777,1.31973,1.32408,-0.0400,0.0000,-43.5,-3.33,-0.36,"",0,00:04:48:33,36.2,1h 44m,59.5,3.25,14.0,1.12,-45.5,-3.64,23.5,3.4,-57.50,-4.60
,04/02/2026 13:23,04/02/2026 13:54,USDJPY,Sell,0.010,162.65100,159.45100,159.64900,159.67200,-0.0400,0.0000,-2.3,-0.15,-0.02,"",0,00:00:31:20,59.4,18m,8.0,0.70,4.7,0.23500000000000001,-3.3,-0.165,58.8,12.5,-7.00,-0.35
,04/02/2026 13:08,04/02/2026 13:08,GBPUSD,Sell,0.010,1.34975,1.31775,1.31975,1.31978,-0.0400,0.0000,-0.3,-0.06,-0.01,"",0,00:00:00:01,,,,,,,,,,,,
,04/02/2026 10:55,04/02/2026 13:08,USDJPY,Sell,0.010,162.56600,159.36600,159.56600,159.59600,-0.0400,0.0000,-3.0,-0.18,-0.02,"",0,00:02:13:02,4.5,5m,16.6,13.18,1.2,0.06,-15.8,-0.79,7.1,75.3,-4.20,-0.21
,04/02/2026 13:07,04/02/2026 13:08,GBPUSD,Sell,0.010,1.34975,1.31775,1.31976,1.31975,-0.0400,0.0000,0.1,-0.03,0.00,"",0,00:00:00:03,,,,,,,,,,,,
,04/02/2026 11:30,04/02/2026 13:07,EURUSD,Sell,0.010,1.18276,1.15076,1.15276,1.15209,-0.0400,0.0000,6.7,0.47,0.05,"",0,00:01:37:57,74.5,1h 12m,9.3,0.55,7.8,0.624,-4.3,-0.344,64.5,90.9,-1.10,-0.09
,04/02/2026 11:25,04/02/2026 13:07,GBPUSD,Sell,0.010,1.35033,1.31833,1.32033,1.31978,-0.0400,0.0000,5.5,0.38,0.04,"",0,00:01:42:57,72.9,1h 15m,13.1,0.64,8.0,0.64,-5.1,-0.408,61.1,80.9,-2.50,-0.20
,04/02/2026 10:10,04/02/2026 10:11,USDJPY,Buy,0.050,0.00000,0.00000,159.55600,159.56200,-0.1800,0.0000,0.6,-0.04,0.00,"",0,00:00:00:46,,,,,,,,,,,,
,04/02/2026 10:05,04/02/2026 10:09,USDJPY,Buy,0.050,0.00000,160.09700,159.47900,159.51600,-0.1800,0.0000,3.7,0.70,0.08,"",0,00:00:03:42,,,,,,,,,,,,
,04/01/2026 15:44,04/02/2026 10:05,USDJPY,Sell,0.150,0.00000,156.75000,158.43700,159.48000,-0.5300,-3.8300,-104.3,-78.59,-7.84,"",0,00:18:20:38,0.5,5m,110.5,158.73,0.7,0.49699999999999994,-109.8,-77.958,0.6,5.0,-105.00,-74.55
,04/01/2026 15:02,04/01/2026 15:42,GBPUSD,Sell,0.050,0.00000,0.00000,1.33230,1.33060,-0.1800,0.0000,17.0,6.21,0.62,"",0,00:00:40:09,90.0,36m,9.7,0.06,24.9,9.462,-1.5,-0.5700000000000001,94.3,70.1,-7.90,-3.00
,04/01/2026 11:11,04/01/2026 15:42,GBPUSD,Sell,0.100,0.00000,1.31927,1.32705,1.33056,-0.3500,0.0000,-35.1,-26.73,-2.61,"",0,00:04:30:56,0.4,1m,55.0,54.05,1.0,0.75,-54.0,-40.5,1.8,34.4,-36.10,-27.08
,03/31/2026 18:02,04/01/2026 15:42,GBPUSD,Sell,0.100,0.00000,1.30632,1.31866,1.33056,-0.3500,0.0000,-119.0,-89.79,-8.07,"",0,00:21:39:44,1.6,20m,141.8,22.68,6.0,4.5,-135.8,-101.85000000000001,4.2,11.8,-125.00,-93.75
,04/01/2026 11:32,04/01/2026 13:21,GBPUSD,Buy,0.200,0.00000,1.33100,1.32940,1.33100,-0.7000,0.0000,16.0,23.34,2.14,"[tp]",0,00:01:49:13,39.5,43m,21.4,0.93,16.5,24.75,-15.3,-22.950000000000003,51.9,98.4,-0.50,-0.75
,04/01/2026 09:14,04/01/2026 11:11,GBPUSD,Buy,0.200,0.00000,1.33004,1.32674,1.32706,-0.7000,0.0000,3.2,4.12,0.38,"",0,00:01:57:18,90.6,1h 46m,27.4,0.20,22.8,34.428000000000004,-4.6,-6.946,83.2,28.5,-19.60,-29.60
,03/31/2026 19:50,04/01/2026 10:57,GBPUSD,Sell,0.100,0.00000,0.00000,1.32072,1.32687,-0.3500,0.0000,-61.5,-46.70,-4.13,"",0,00:15:07:31,0.0,0s,81.4,81.97,0.0,0.0,-81.4,-61.050000000000004,0.0,24.4,-61.50,-46.13
,03/31/2026 17:51,03/31/2026 19:42,GBPUSD,Sell,0.100,1.35123,1.29558,1.32342,1.32305,-0.3500,0.0000,3.7,2.45,0.22,"",0,00:01:50:59,100.0,1h 50m,61.3,0.02,62.1,47.196000000000005,0.0,0.0,100.0,6.0,-58.40,-44.38
,03/31/2026 17:45,03/31/2026 17:51,GBPUSD,Sell,0.200,1.35033,1.29564,1.32328,1.32342,-0.7000,0.0000,-1.4,-2.82,-0.25,"",0,00:00:05:04,16.7,50s,3.3,2.54,1.3,1.963,-3.3,-4.983,28.3,41.3,-2.70,-4.08
,03/31/2026 17:45,03/31/2026 17:45,GBPUSD,Sell,0.100,0.00000,1.30202,1.32345,1.32322,-0.3500,0.0000,2.3,1.39,0.12,"",0,00:00:00:48,,,,,,,,,,,,
,03/30/2026 11:20,03/31/2026 17:45,GBPUSD,Sell,0.100,0.00000,1.30065,1.32371,1.32327,-0.3500,0.0000,4.4,2.98,0.26,"",0,01:06:25:49,88.0,1d 2h ,99.3,0.33,74.9,56.92400000000001,-24.4,-18.544,75.4,29.0,-70.50,-53.58
,03/31/2026 17:44,03/31/2026 17:44,EURJPY,Sell,0.100,0.00000,0.00000,183.50300,183.49800,-0.3500,0.0000,0.5,-0.11,-0.01,"",0,00:00:00:36,,,,,,,,,,,,
,03/31/2026 17:43,03/31/2026 17:43,USDJPY,Sell,0.100,0.00000,0.00000,159.30600,159.29700,-0.3500,0.0000,0.9,0.08,0.01,"",0,00:00:00:25,,,,,,,,,,,,
,03/27/2026 20:56,03/27/2026 23:47,EURUSD,Sell,0.100,0.00000,1.13143,1.15111,1.15133,-0.3500,0.0000,-2.2,-2.01,-0.18,"",0,00:02:50:40,18.2,31m,2.6,2.60,0.0,0.0,-2.6,-1.9500000000000002,0.0,15.4,-2.20,-1.65
,03/27/2026 20:00,03/27/2026 20:55,EURUSD,Sell,0.100,0.00000,1.13355,1.15182,1.15131,-0.3500,0.0000,5.1,3.49,0.31,"",0,00:00:54:18,91.0,49m,7.8,0.60,11.3,8.475000000000001,-6.8,-5.1,62.4,65.7,-6.20,-4.65
,03/27/2026 19:58,03/27/2026 20:55,GBPUSD,Sell,0.100,0.00000,1.31717,1.32780,1.32672,-0.3500,0.0000,10.8,7.79,0.70,"",0,00:00:56:55,98.3,55m,8.8,0.29,17.5,13.125,-5.0,-3.75,77.8,70.2,-6.70,-5.02
,03/27/2026 17:13,03/27/2026 19:55,GBPUSD,Sell,0.100,0.00000,0.00000,1.33107,1.32821,-0.3500,0.0000,28.6,21.18,1.93,"",0,00:02:42:07,47.0,1h 16m,23.4,0.59,36.1,27.075000000000003,-21.3,-15.975000000000001,62.9,86.9,-7.50,-5.63
,03/27/2026 15:07,03/27/2026 19:55,EURUSD,Sell,0.100,0.00000,1.14009,1.15027,1.15223,-0.3500,0.0000,-19.6,-15.10,-1.36,"",0,00:04:48:32,0.7,2m,44.8,111.11,0.4,0.30000000000000004,-44.4,-33.3,0.9,55.4,-20.00,-15.00
,03/27/2026 18:38,03/27/2026 19:55,EURUSD,Sell,0.100,0.00000,0.00000,1.15423,1.15226,-0.3500,0.0000,19.7,14.49,1.32,"",0,00:01:17:34,100.0,1h 17m,7.4,0.04,26.7,20.025,0.0,0.0,100.0,73.8,-7.00,-5.25
,03/27/2026 15:04,03/27/2026 19:55,GBPUSD,Sell,0.100,0.00000,1.30522,1.32786,1.32822,-0.3500,0.0000,-3.6,-3.06,-0.28,"",0,00:04:50:43,8.3,24m,58.5,10.47,5.1,3.8249999999999997,-53.4,-40.05,8.7,85.1,-8.70,-6.52
,03/27/2026 18:37,03/27/2026 18:38,EURUSD,Buy,0.100,0.00000,0.00000,1.15419,1.15423,-0.3500,0.0000,0.4,-0.05,0.00,"",0,00:00:00:16,,,,,,,,,,,,
,03/26/2026 22:46,03/27/2026 15:04,GBPUSD,Sell,0.100,1.34891,1.30500,1.33173,1.32803,-0.3500,0.0000,37.0,27.51,2.56,"",0,00:16:17:49,28.3,4h 36m,35.9,0.76,38.7,29.025000000000002,-29.6,-22.200000000000003,56.7,97.5,-1.70,-1.28
,03/27/2026 12:21,03/27/2026 15:04,EURUSD,Sell,0.100,0.00000,1.14700,1.15210,1.15047,-0.3500,0.0000,16.3,11.93,1.12,"",0,00:02:43:26,74.9,2h 2m,7.0,0.26,17.5,13.125,-4.6,-3.4499999999999997,79.2,94.6,-1.20,-0.90
,03/26/2026 11:00,03/26/2026 22:37,GBPUSD,Sell,0.100,0.00000,1.32677,1.33453,1.33231,-0.3500,0.0000,22.2,16.31,1.56,"",0,00:11:36:28,50.1,5h 48m,51.9,1.05,27.2,20.4,-28.5,-21.375,48.8,91.0,-5.00,-3.75
,03/26/2026 10:51,03/26/2026 22:37,EURUSD,Sell,0.100,0.00000,1.14900,1.15527,1.15280,-0.3500,0.0000,24.7,18.19,1.77,"",0,00:11:46:05,73.4,8h 38m,30.5,0.39,29.8,22.35,-11.7,-8.774999999999999,71.8,87.7,-5.10,-3.83
,03/25/2026 19:11,03/26/2026 06:57,GBPUSD,Sell,0.100,1.34859,1.32656,1.33629,1.33652,-0.3500,0.0000,-2.3,-2.07,-0.20,"",0,00:11:46:28,52.2,6h 8m,28.0,2.11,13.3,9.975000000000001,-28.0,-21.0,32.2,62.2,-15.60,-11.70
,03/25/2026 19:11,03/25/2026 19:55,EURUSD,Sell,0.100,0.00000,1.12368,1.15561,1.15715,-0.3500,0.0000,-15.4,-11.86,-1.14,"",0,00:00:44:24,0.0,0s,18.4,18.42,0.0,0.0,-18.4,-13.799999999999999,0.0,16.3,-15.40,-11.55
,03/25/2026 18:17,03/25/2026 19:55,GBPUSD,Sell,0.100,1.34871,1.33068,1.33644,1.33822,-0.3500,0.0000,-17.8,-13.65,-1.29,"",0,00:01:38:11,5.2,5m,20.5,9.25,2.0,1.5,-18.5,-13.875,9.8,3.4,-19.80,-14.85
,03/25/2026 18:02,03/25/2026 18:17,GBPUSD,Sell,0.100,1.34871,1.30455,1.33913,1.33648,-0.3500,0.0000,26.5,19.48,1.88,"",0,00:00:15:20,100.0,15m,2.5,0.03,29.0,21.75,0.0,0.0,100.0,91.4,-2.50,-1.88
,03/25/2026 11:55,03/25/2026 17:03,GBPUSD,Sell,0.100,1.34837,1.31097,1.34123,1.33657,-0.3500,0.0000,46.6,34.52,3.45,"",0,00:05:07:55,78.9,4h 2m,34.7,0.29,47.3,35.474999999999994,-13.7,-10.274999999999999,77.5,98.9,-0.70,-0.52
,03/25/2026 11:50,03/25/2026 11:55,GBPUSD,Sell,0.100,1.34854,1.31097,1.34173,1.34124,-0.3500,0.0000,4.9,3.30,0.33,"",0,00:00:05:39,100.0,5m,2.4,0.14,7.3,5.402,0.0,0.0,100.0,67.1,-2.40,-1.78
,03/25/2026 11:27,03/25/2026 11:50,GBPUSD,Buy,0.100,0.00000,0.00000,1.34204,1.34172,-0.3500,0.0000,-3.2,-2.73,-0.27,"",0,00:00:22:31,21.8,4m,12.5,3.17,3.0,2.2199999999999998,-9.5,-7.03,24.0,50.4,-6.20,-4.59
,03/25/2026 11:27,03/25/2026 11:27,GBPUSD,Sell,0.100,1.34382,1.33957,1.34184,1.34202,-0.3500,0.0000,-1.8,-1.69,-0.17,"",0,00:00:00:37,,,,,,,,,,,,
,03/25/2026 11:26,03/25/2026 11:26,USDJPY,Sell,0.300,0.00000,158.73800,158.83900,158.84000,-1.0500,0.0000,-0.1,-1.19,-0.12,"",0,00:00:00:51,,,,,,,,,,,,
,03/25/2026 11:07,03/25/2026 11:25,GBPUSD,Buy,0.200,0.00000,1.34352,1.34038,1.34171,-0.7000,0.0000,13.3,19.13,1.94,"",0,00:00:18:31,100.0,18m,4.6,0.06,15.9,23.691,0.0,0.0,100.0,83.6,-2.60,-3.87
,03/25/2026 09:16,03/25/2026 11:07,GBPUSD,Sell,0.100,0.00000,0.00000,1.33786,1.34001,-0.3500,0.0000,-21.5,-16.39,-1.64,"",0,00:01:50:12,6.4,7m,33.5,4.49,6.1,4.574999999999999,-27.4,-20.549999999999997,18.2,17.6,-27.60,-20.70
,03/24/2026 23:58,03/25/2026 09:16,GBPUSD,Sell,0.100,0.00000,1.30035,1.34110,1.33785,-0.3500,0.0000,32.5,23.94,2.45,"",0,00:09:18:34,56.3,5h 14m,33.9,0.63,37.7,28.275000000000002,-23.6,-17.700000000000003,61.5,91.5,-5.20,-3.90
,03/24/2026 23:54,03/24/2026 23:56,GBPUSD,Sell,0.100,0.00000,1.31163,1.34099,1.34134,-0.3500,0.0000,-3.5,-2.96,-0.30,"",0,00:00:02:11,,,,,,,,,,,,
,03/24/2026 23:52,03/24/2026 23:55,GBPUSD,Sell,0.100,0.00000,1.31119,1.34132,1.34142,-0.3500,0.0000,-1.0,-1.10,-0.11,"",0,00:00:03:23,,,,,,,,,,,,
,03/24/2026 23:48,03/24/2026 23:52,GBPUSD,Sell,0.150,1.34841,1.31318,1.34057,1.34113,-0.5300,0.0000,-5.6,-6.79,-0.69,"",0,00:00:03:47,,,,,,,,,,,,
,03/24/2026 23:47,03/24/2026 23:48,GBPUSD,Sell,0.120,0.00000,1.31053,1.34054,1.34065,-0.4200,0.0000,-1.1,-1.40,-0.14,"",0,00:00:00:37,,,,,,,,,,,,
,03/24/2026 23:41,03/24/2026 23:47,USDJPY,Sell,0.250,0.00000,155.25000,158.73800,158.77500,-0.8800,0.0000,-3.7,-5.22,-0.53,"",0,00:00:05:34,33.4,1m,5.8,1.76,2.1,2.457,-3.7,-4.329,36.2,0.0,-5.80,-6.79
,03/24/2026 23:39,03/24/2026 23:41,GBPUSD,Buy,0.200,0.00000,0.00000,1.34156,1.34081,-0.7000,0.0000,-7.5,-11.89,-1.18,"",0,00:00:01:56,,,,,,,,,,,,
,03/24/2026 23:39,03/24/2026 23:41,GBPUSD,Buy,0.200,0.00000,0.00000,1.34176,1.34081,-0.7000,0.0000,-9.5,-14.87,-1.46,"",0,00:00:01:57,,,,,,,,,,,,
,03/24/2026 23:39,03/24/2026 23:39,GBPUSD,Sell,0.200,0.00000,0.00000,1.34156,1.34140,-0.7000,0.0000,1.6,1.69,0.17,"",0,00:00:00:03,,,,,,,,,,,,
,03/24/2026 23:27,03/24/2026 23:39,GBPUSD,Buy,0.200,0.00000,0.00000,1.34310,1.34063,-0.7000,0.0000,-24.7,-37.55,-3.56,"",0,00:00:12:19,0.0,0s,25.9,25.91,0.0,0.0,-25.9,-38.591,0.0,4.6,-24.70,-36.80
,03/24/2026 23:26,03/24/2026 23:39,GBPUSD,Buy,0.200,0.00000,0.00000,1.34308,1.34069,-0.7000,0.0000,-23.9,-36.35,-3.33,"",0,00:00:12:21,0.0,0s,25.7,25.71,0.0,0.0,-25.7,-38.293,0.0,7.0,-23.90,-35.61
,03/24/2026 23:26,03/24/2026 23:27,GBPUSD,Sell,0.200,0.00000,0.00000,1.34281,1.34321,-0.7000,0.0000,-4.0,-6.66,-0.61,"",0,00:00:00:17,,,,,,,,,,,,
,03/24/2026 23:26,03/24/2026 23:26,GBPUSD,Buy,0.200,0.00000,1.35469,1.34235,1.34301,-0.7000,0.0000,6.6,9.13,0.84,"",0,00:00:00:27,,,,,,,,,,,,
,03/24/2026 23:26,03/24/2026 23:26,GBPUSD,Buy,0.200,0.00000,0.00000,1.34286,1.34296,-0.7000,0.0000,1.0,0.79,0.07,"",0,00:00:00:03,,,,,,,,,,,,
,03/24/2026 21:41,03/24/2026 23:14,GBPUSD,Sell,0.200,0.00000,0.00000,1.33937,1.33824,-0.7000,0.0000,11.3,16.19,1.51,"",0,00:01:33:31,100.0,1h 33m,10.1,0.07,13.8,20.562,0.0,0.0,100.0,81.9,-2.50,-3.73
,03/24/2026 21:40,03/24/2026 21:40,GBPUSD,Buy,0.200,0.00000,0.00000,1.33943,1.33938,-0.7000,0.0000,-0.5,-1.45,-0.13,"",0,00:00:00:56,,,,,,,,,,,,
,03/24/2026 21:39,03/24/2026 21:40,GBPUSD,Buy,0.200,0.00000,0.00000,1.33927,1.33937,-0.7000,0.0000,1.0,0.79,0.07,"",0,00:00:01:05,,,,,,,,,,,,
,03/24/2026 21:39,03/24/2026 21:40,GBPUSD,Sell,0.200,0.00000,0.00000,1.33951,1.33947,-0.7000,0.0000,0.4,-0.10,-0.01,"",0,00:00:00:04,,,,,,,,,,,,
,03/24/2026 21:34,03/24/2026 21:39,GBPUSD,Sell,0.200,0.00000,1.33000,1.33856,1.33929,-0.7000,0.0000,-7.3,-11.60,-1.07,"",0,00:00:05:46,20.0,1m,9.0,17.01,0.5,0.745,-8.5,-12.665,5.6,13.3,-7.80,-11.62
,03/24/2026 21:32,03/24/2026 21:33,GBPUSD,Buy,0.200,0.00000,0.00000,1.33844,1.33837,-0.7000,0.0000,-0.7,-1.75,-0.16,"",0,00:00:01:00,,,,,,,,,,,,
,03/24/2026 21:32,03/24/2026 21:33,GBPUSD,Buy,0.200,0.00000,0.00000,1.33839,1.33836,-0.7000,0.0000,-0.3,-1.15,-0.11,"",0,00:00:00:52,,,,,,,,,,,,
,03/24/2026 21:32,03/24/2026 21:32,GBPUSD,Sell,0.200,0.00000,0.00000,1.33840,1.33839,-0.7000,0.0000,0.1,-0.55,-0.05,"",0,00:00:00:04,,,,,,,,,,,,
,03/24/2026 21:23,03/24/2026 21:32,GBPUSD,Sell,0.200,0.00000,0.00000,1.33691,1.33837,-0.7000,0.0000,-14.6,-22.52,-2.03,"",0,00:00:09:17,0.0,0s,15.9,15.92,0.0,0.0,-15.9,-23.691,0.0,8.2,-14.60,-21.75
,03/24/2026 21:23,03/24/2026 21:32,GBPUSD,Sell,0.200,0.00000,1.33348,1.33688,1.33837,-0.7000,0.0000,-14.9,-22.97,-2.02,"",0,00:00:09:15,0.0,0s,16.2,16.21,0.0,0.0,-16.2,-24.137999999999998,0.0,8.0,-14.90,-22.20
,03/24/2026 21:23,03/24/2026 21:23,GBPUSD,Buy,0.200,0.00000,0.00000,1.33684,1.33698,-0.7000,0.0000,1.4,1.39,0.12,"",0,00:00:00:02,,,,,,,,,,,,
,03/24/2026 21:21,03/24/2026 21:22,GBPUSD,Sell,0.200,0.00000,0.00000,1.33706,1.33689,-0.7000,0.0000,1.7,1.84,0.16,"",0,00:00:01:42,,,,,,,,,,,,
,03/24/2026 21:21,03/24/2026 21:22,GBPUSD,Sell,0.200,0.00000,1.33354,1.33705,1.33684,-0.7000,0.0000,2.1,2.44,0.22,"",0,00:00:01:55,,,,,,,,,,,,
,03/24/2026 21:21,03/24/2026 21:21,GBPUSD,Buy,0.200,0.00000,0.00000,1.33710,1.33701,-0.7000,0.0000,-0.9,-2.05,-0.18,"",0,00:00:00:02,,,,,,,,,,,,
,03/24/2026 21:20,03/24/2026 21:20,GBPUSD,Buy,0.200,0.00000,1.33794,1.33731,1.33688,-0.7000,0.0000,-4.3,-7.13,-0.63,"",0,00:00:00:23,,,,,,,,,,,,
,03/24/2026 20:59,03/24/2026 21:20,GBPUSD,Sell,0.200,0.00000,1.33159,1.33746,1.33743,-0.7000,0.0000,0.3,-0.25,-0.02,"",0,00:00:20:48,95.3,19m,9.1,0.21,9.4,14.100000000000001,-2.0,-3.0,82.5,20.2,-9.10,-13.65
,03/24/2026 21:04,03/24/2026 21:20,GBPUSD,Sell,0.200,0.00000,0.00000,1.33722,1.33722,-0.7000,0.0000,0.0,-0.70,-0.06,"",0,00:00:15:27,93.8,14m,7.0,0.14,7.0,0.0,0.0,0.0,100.0,0.0,-7.00,0.00
,03/24/2026 21:04,03/24/2026 21:04,GBPUSD,Buy,0.200,0.00000,0.00000,1.33720,1.33722,-0.7000,0.0000,0.2,-0.40,-0.04,"",0,00:00:00:04,,,,,,,,,,,,
,03/24/2026 18:43,03/24/2026 20:58,GBPUSD,Sell,0.400,0.00000,1.33337,1.33959,1.33774,-1.4000,0.0000,18.5,53.92,4.97,"",0,00:02:15:29,100.0,2h 15m,24.0,0.02,42.5,127.075,0.0,0.0,100.0,43.5,-24.00,-71.76
,03/24/2026 18:42,03/24/2026 18:43,GBPUSD,Buy,0.400,0.00000,0.00000,1.33979,1.33955,-1.4000,0.0000,-2.4,-8.57,-0.78,"",0,00:00:00:38,,,,,,,,,,,,
,03/24/2026 18:35,03/24/2026 18:42,GBPUSD,Sell,0.400,0.00000,0.00000,1.33938,1.33967,-1.4000,0.0000,-2.9,-10.06,-0.91,"",0,00:00:06:56,0.0,0s,3.0,3.00,0.0,0.0,-3.0,-8.97,0.0,3.3,-2.90,-8.67
,03/24/2026 18:24,03/24/2026 18:35,GBPUSD,Buy,0.400,0.00000,0.00000,1.34006,1.33945,-1.4000,0.0000,-6.1,-19.62,-1.75,"",0,00:00:10:43,27.3,2m,10.3,3.68,2.2,6.578000000000001,-8.1,-24.219,21.4,19.4,-8.30,-24.82
,03/24/2026 18:22,03/24/2026 18:25,GBPUSD,Sell,0.100,0.00000,1.32619,1.33972,1.34007,-0.3500,0.0000,-3.5,-2.96,-0.26,"",0,00:00:02:02,,,,,,,,,,,,
,03/24/2026 18:22,03/24/2026 18:22,GBPUSD,Buy,0.200,0.00000,1.34475,1.33952,1.33966,-0.7000,0.0000,1.4,1.39,0.12,"",0,00:00:00:46,,,,,,,,,,,,
,03/24/2026 18:14,03/24/2026 18:21,GBPUSD,Sell,0.200,0.00000,0.00000,1.33926,1.33928,-0.7000,0.0000,-0.2,-1.00,-0.09,"",0,00:00:07:23,14.3,1m,3.9,3.90,1.0,1.5,-3.9,-5.85,20.4,75.5,-1.20,-1.80
,03/24/2026 18:13,03/24/2026 18:21,GBPUSD,Sell,0.200,0.00000,1.32837,1.33946,1.33928,-0.7000,0.0000,1.8,1.99,0.18,"",0,00:00:08:19,62.5,5m,3.5,0.87,3.0,4.47,-2.6,-3.874,53.6,78.6,-1.20,-1.79
,03/24/2026 18:14,03/24/2026 18:14,GBPUSD,Buy,0.200,0.00000,0.00000,1.33938,1.33931,-0.7000,0.0000,-0.7,-1.75,-0.16,"",0,00:00:00:33,,,,,,,,,,,,
,03/24/2026 18:14,03/24/2026 18:14,GBPUSD,Sell,0.200,0.00000,0.00000,1.33944,1.33945,-0.7000,0.0000,-0.1,-0.85,-0.08,"",0,00:00:00:02,,,,,,,,,,,,
,03/24/2026 18:11,03/24/2026 18:13,GBPUSD,Buy,0.200,0.00000,0.00000,1.33967,1.33935,-0.7000,0.0000,-3.2,-5.48,-0.48,"",0,00:00:01:25,,,,,,,,,,,,
,03/24/2026 18:11,03/24/2026 18:13,GBPUSD,Buy,0.200,0.00000,0.00000,1.33969,1.33935,-0.7000,0.0000,-3.4,-5.78,-0.51,"",0,00:00:01:27,,,,,,,,,,,,
,03/24/2026 18:11,03/24/2026 18:11,GBPUSD,Sell,0.200,0.00000,0.00000,1.33971,1.33969,-0.7000,0.0000,0.2,-0.40,-0.04,"",0,00:00:00:02,,,,,,,,,,,,
,03/24/2026 18:10,03/24/2026 18:11,GBPUSD,Sell,0.200,0.00000,0.00000,1.33918,1.33978,-0.7000,0.0000,-6.0,-9.66,-0.84,"",0,00:00:00:50,,,,,,,,,,,,
,03/24/2026 18:10,03/24/2026 18:11,GBPUSD,Sell,0.200,0.00000,0.00000,1.33922,1.33975,-0.7000,0.0000,-5.3,-8.61,-0.74,"",0,00:00:00:52,,,,,,,,,,,,
,03/24/2026 18:10,03/24/2026 18:10,GBPUSD,Buy,0.200,0.00000,0.00000,1.33922,1.33915,-0.7000,0.0000,-0.7,-1.75,-0.15,"",0,00:00:00:04,,,,,,,,,,,,
,03/24/2026 17:56,03/24/2026 18:09,GBPUSD,Sell,0.200,0.00000,1.32699,1.34060,1.33968,-0.7000,0.0000,9.2,13.03,1.14,"",0,00:00:13:22,100.0,13m,4.1,0.08,13.2,19.668,0.0,0.0,100.0,69.7,-4.00,-5.96
,03/24/2026 17:56,03/24/2026 18:09,GBPUSD,Sell,0.200,0.00000,0.00000,1.34069,1.33974,-0.7000,0.0000,9.5,13.48,1.19,"",0,00:00:13:21,100.0,13m,4.6,0.07,14.1,21.009,0.0,0.0,100.0,67.4,-4.60,-6.85
,03/24/2026 17:56,03/24/2026 17:56,GBPUSD,Buy,0.200,0.00000,0.00000,1.34063,1.34077,-0.7000,0.0000,1.4,1.39,0.12,"",0,00:00:00:02,,,,,,,,,,,,
,03/24/2026 17:54,03/24/2026 17:55,GBPUSD,Sell,0.200,0.00000,0.00000,1.34155,1.34094,-0.7000,0.0000,6.1,8.40,0.75,"",0,00:00:01:50,,,,,,,,,,,,
,03/24/2026 17:54,03/24/2026 17:55,GBPUSD,Sell,0.200,0.00000,0.00000,1.34157,1.34096,-0.7000,0.0000,6.1,8.40,0.75,"",0,00:00:01:50,,,,,,,,,,,,
,03/24/2026 17:54,03/24/2026 17:54,GBPUSD,Buy,0.200,0.00000,0.00000,1.34157,1.34159,-0.7000,0.0000,0.2,-0.40,-0.04,"",0,00:00:00:02,,,,,,,,,,,,
,03/24/2026 17:52,03/24/2026 17:53,GBPUSD,Buy,0.200,0.00000,1.34508,1.34177,1.34129,-0.7000,0.0000,-4.8,-7.86,-0.70,"",0,00:00:01:34,,,,,,,,,,,,
,03/24/2026 17:52,03/24/2026 17:53,GBPUSD,Buy,0.200,0.00000,1.34508,1.34132,1.34136,-0.7000,0.0000,0.4,-0.10,-0.01,"",0,00:00:01:39,,,,,,,,,,,,
,03/24/2026 17:52,03/24/2026 17:52,GBPUSD,Sell,0.200,0.00000,0.00000,1.34180,1.34222,-0.7000,0.0000,-4.2,-6.96,-0.62,"",0,00:00:00:02,,,,,,,,,,,,
,03/24/2026 17:45,03/24/2026 17:52,GBPUSD,Sell,0.200,0.00000,1.33142,1.33984,1.34152,-0.7000,0.0000,-16.8,-25.75,-2.23,"",0,00:00:06:29,28.6,1m,24.7,2.63,6.8,10.132,-17.9,-26.671,27.5,4.5,-23.60,-35.16
,03/24/2026 17:43,03/24/2026 17:45,GBPUSD,Sell,0.200,1.34479,0.00000,1.34003,1.34004,-0.7000,0.0000,-0.1,-0.85,-0.07,"",0,00:00:01:34,,,,,,,,,,,,
,03/24/2026 17:40,03/24/2026 17:43,GBPUSD,Buy,0.200,0.00000,1.35457,1.34008,1.34032,-0.7000,0.0000,2.4,2.88,0.25,"",0,00:00:02:48,,,,,,,,,,,,
,03/24/2026 16:33,03/24/2026 17:37,GBPUSD,Buy,0.200,0.00000,1.36585,1.33786,1.33960,-0.7000,0.0000,17.4,25.28,2.24,"",0,00:01:04:10,62.5,40m,11.8,0.38,28.0,41.72,-10.6,-15.793999999999999,72.5,72.5,-10.60,-15.79
,03/23/2026 21:28,03/24/2026 16:33,USDJPY,Sell,0.100,0.00000,155.00000,158.26800,158.90700,-0.3500,-0.8500,-63.9,-31.26,-2.70,"",0,00:19:05:09,4.9,56m,85.5,3.43,19.3,9.071,-66.2,-31.114,22.6,2.7,-83.20,-39.10
,03/23/2026 20:18,03/23/2026 20:21,GBPUSD,Buy,0.100,0.00000,1.35000,1.34075,1.33997,-0.3500,0.0000,-7.8,-6.17,-0.53,"",0,00:00:02:21,,,,,,,,,,,,
,03/23/2026 20:16,03/23/2026 20:18,GBPUSD,Sell,0.100,0.00000,1.33750,1.34023,1.34087,-0.3500,0.0000,-6.4,-5.12,-0.44,"",0,00:00:01:37,,,,,,,,,,,,
,03/23/2026 20:14,03/23/2026 20:14,GBPUSD,Buy,0.150,0.00000,1.34500,1.34091,1.34052,-0.5300,0.0000,-3.9,-4.89,-0.42,"",0,00:00:00:28,,,,,,,,,,,,
,03/23/2026 18:40,03/23/2026 20:13,AUDCAD,Sell,0.150,0.00000,0.95500,0.96113,0.96211,-0.5300,0.0000,-9.8,-8.51,-0.72,"",0,00:01:32:58,69.9,1h 4m,34.8,0.39,25.0,20.25,-9.8,-7.9380000000000015,71.8,0.0,-34.80,-28.19
,03/23/2026 15:46,03/23/2026 20:13,AUDCAD,Sell,0.150,0.00000,0.95500,0.96272,0.96197,-0.5300,0.0000,7.5,5.58,0.47,"",0,00:04:27:22,56.6,2h 31m,59.9,0.96,40.9,33.129,-39.4,-31.914,50.9,58.4,-33.40,-27.05
,03/23/2026 17:43,03/23/2026 18:37,GBPUSD,Sell,0.150,0.00000,1.32568,1.34623,1.34188,-0.5300,0.0000,43.5,48.10,4.26,"",0,00:00:54:33,100.0,54m,15.5,0.02,45.0,50.400000000000006,0.0,0.0,100.0,96.7,-1.50,-1.68
,03/23/2026 17:39,03/23/2026 17:42,USDJPY,Sell,0.250,159.93800,155.49100,158.28400,158.35600,-0.8800,0.0000,-7.2,-9.33,-0.82,"",0,00:00:02:50,,,,,,,,,,,,
,03/23/2026 17:38,03/23/2026 17:39,USDJPY,Sell,0.100,0.00000,0.00000,158.30000,158.28400,-0.3500,0.0000,1.6,0.40,0.04,"",0,00:00:01:48,,,,,,,,,,,,
,03/23/2026 17:38,03/23/2026 17:39,GBPUSD,Buy,0.150,0.00000,0.00000,1.34771,1.34749,-0.5300,0.0000,-2.2,-2.98,-0.26,"",0,00:00:01:02,,,,,,,,,,,,
,03/23/2026 15:50,03/23/2026 17:39,GBPUSD,Sell,0.100,0.00000,0.00000,1.34175,1.34722,-0.3500,0.0000,-54.7,-40.95,-3.46,"",0,00:01:49:23,54.2,59m,87.6,2.34,26.2,19.387999999999998,-61.4,-45.436,29.9,7.6,-80.90,-59.87
,03/23/2026 15:47,03/23/2026 15:48,GBPUSD,Sell,0.100,0.00000,0.00000,1.34132,1.34199,-0.3500,0.0000,-6.7,-5.34,-0.45,"",0,00:00:00:57,,,,,,,,,,,,
,03/23/2026 15:44,03/23/2026 15:45,AUDCAD,Sell,0.100,0.00000,0.95500,0.96286,0.96293,-0.3500,0.0000,-0.7,-0.74,-0.06,"",0,00:00:01:08,,,,,,,,,,,,
,03/23/2026 15:43,03/23/2026 15:45,GBPUSD,Buy,0.100,0.00000,1.35000,1.34108,1.34071,-0.3500,0.0000,-3.7,-3.11,-0.26,"",0,00:00:02:23,,,,,,,,,,,,
,03/23/2026 15:17,03/23/2026 15:43,GBPUSD,Buy,0.100,0.00000,1.34700,1.33721,1.34046,-0.3500,0.0000,32.5,23.90,2.05,"",0,00:00:26:06,88.5,23m,14.9,0.11,39.3,29.474999999999998,-4.5,-3.375,89.7,84.5,-6.80,-5.10
,03/23/2026 11:25,03/23/2026 15:43,EURAUD,Sell,0.100,0.00000,1.64350,1.65686,1.65210,-0.3500,0.0000,47.6,24.56,2.15,"",0,00:04:17:48,79.5,3h 24m,101.2,0.46,111.4,57.928000000000004,-51.6,-26.832,68.3,60.9,-63.80,-33.18
,03/23/2026 12:02,03/23/2026 15:17,GBPUSD,Sell,0.100,0.00000,0.00000,1.33089,1.33748,-0.3500,0.0000,-65.9,-49.62,-4.16,"",0,00:03:14:27,62.1,2h 0m,170.9,2.34,51.1,38.325,-119.8,-89.85,29.9,31.5,-117.00,-87.75
,03/23/2026 11:20,03/23/2026 12:00,GBPUSD,Sell,0.120,0.00000,0.00000,1.33190,1.33094,-0.4200,0.0000,9.6,8.24,0.70,"",0,00:00:40:24,65.0,26m,12.1,0.96,12.6,11.34,-12.1,-10.89,51.0,87.9,-3.00,-2.70
,03/20/2026 22:20,03/23/2026 08:15,GBPAUD,Buy,0.100,0.00000,1.91000,1.90159,1.91000,-0.3500,-0.0700,84.1,43.61,3.82,"[tp]",0,02:09:55:01,10.2,5h 54m,28.5,0.34,84.1,43.732,-28.5,-14.82,74.7,100.0,0.00,0.00
,03/20/2026 20:12,03/20/2026 22:13,AUDCAD,Sell,0.150,0.00000,0.95233,0.96507,0.96232,-0.5300,0.0000,27.5,22.03,1.97,"",0,00:02:00:55,91.8,1h 51m,4.4,0.20,9.1,7.461999999999999,-1.8,-1.476,83.5,268.8,18.40,15.09
,03/20/2026 20:14,03/20/2026 22:13,AUDCAD,Sell,0.150,0.00000,0.00000,0.96502,0.96232,-0.5300,0.0000,27.0,21.62,1.97,"",0,00:01:59:04,90.8,1h 48m,4.4,0.27,8.6,7.052,-2.3,-1.8859999999999997,78.9,268.8,18.40,15.09
,03/20/2026 20:09,03/20/2026 20:12,GBPUSD,Buy,0.150,0.00000,1.33612,1.33349,1.33304,-0.5300,0.0000,-4.5,-5.59,-0.51,"",0,00:00:03:25,,,,,,,,,,,,
,03/20/2026 20:06,03/20/2026 20:08,EURUSD,Sell,0.200,0.00000,1.14992,1.15567,1.15646,-0.7000,0.0000,-7.9,-12.55,-1.12,"",0,00:00:02:34,,,,,,,,,,,,
,03/20/2026 20:05,03/20/2026 20:06,GBPUSD,Buy,0.150,0.00000,1.33595,1.33304,1.33234,-0.5300,0.0000,-7.0,-8.41,-0.75,"",0,00:00:01:24,,,,,,,,,,,,
,03/20/2026 20:03,03/20/2026 20:04,GBPJPY,Sell,0.150,0.00000,211.28800,212.20700,212.23500,-0.5300,0.0000,-2.8,-2.51,-0.22,"",0,00:00:00:46,,,,,,,,,,,,
,03/20/2026 20:00,03/20/2026 20:03,AUDCAD,Sell,0.150,0.00000,0.96160,0.96533,0.96553,-0.5300,0.0000,-2.0,-2.17,-0.19,"",0,00:00:03:02,,,,,,,,,,,,
,03/20/2026 19:48,03/20/2026 19:54,AUDCAD,Sell,0.150,0.00000,0.96125,0.96514,0.96540,-0.5300,0.0000,-2.6,-2.67,-0.24,"",0,00:00:05:42,33.4,1m,3.7,2.36,1.1,0.902,-2.6,-2.132,29.7,0.0,-3.70,-3.03
,03/20/2026 19:33,03/20/2026 19:54,AUDCAD,Sell,0.150,0.00000,0.96117,0.96525,0.96540,-0.5300,0.0000,-1.5,-1.76,-0.16,"",0,00:00:20:18,28.6,5m,3.7,1.41,2.2,1.804,-3.1,-2.542,41.5,30.2,-3.70,-3.03
,03/20/2026 19:34,03/20/2026 19:48,EURJPY,Buy,0.100,0.00000,185.54300,184.05000,184.05400,-0.3500,0.0000,0.4,-0.16,-0.01,"",0,00:00:13:19,42.9,5m,6.1,0.42,4.3,2.064,-1.8,-0.864,70.5,36.1,-3.90,-1.87
,03/20/2026 19:16,03/20/2026 19:32,GBPJPY,Buy,0.150,0.00000,213.00000,212.11100,212.06200,-0.5300,0.0000,-4.9,-4.00,-0.35,"",0,00:00:16:02,56.3,9m,17.1,0.40,12.2,8.661999999999999,-4.9,-3.479,71.3,0.0,-17.10,-12.14
,03/20/2026 19:14,03/20/2026 19:16,GBPJPY,Sell,0.100,0.00000,0.00000,212.06400,212.08400,-0.3500,0.0000,-2.0,-1.29,-0.11,"",0,00:00:01:28,,,,,,,,,,,,
,03/20/2026 19:04,03/20/2026 19:15,EURUSD,Sell,0.100,0.00000,0.00000,1.15531,1.15578,-0.3500,0.0000,-4.7,-3.87,-0.34,"",0,00:00:11:22,36.4,4m,8.3,2.07,2.7,2.0250000000000004,-5.6,-4.199999999999999,32.5,10.8,-7.40,-5.55
,03/20/2026 18:41,03/20/2026 19:03,GBPJPY,Sell,0.150,0.00000,211.34900,211.87100,211.96700,-0.5300,0.0000,-9.6,-7.32,-0.64,"",0,00:00:22:45,54.6,12m,19.1,1.01,9.5,6.744999999999999,-9.6,-6.816,49.7,0.0,-19.10,-13.56
,03/20/2026 18:28,03/20/2026 19:03,GBPJPY,Sell,0.150,0.00000,211.31900,211.98500,211.96100,-0.5300,0.0000,2.4,1.17,0.10,"",0,00:00:34:59,80.0,27m,18.7,0.25,20.9,14.838999999999999,-5.3,-3.763,79.8,29.4,-18.50,-13.13
,03/20/2026 18:40,03/20/2026 18:41,AUDCAD,Sell,0.100,0.00000,0.96279,0.96645,0.96639,-0.3500,0.0000,0.6,-0.02,0.00,"",0,00:00:00:55,,,,,,,,,,,,
,03/20/2026 18:34,03/20/2026 18:40,GBPUSD,Sell,0.100,0.00000,1.32680,1.33275,1.33243,-0.3500,0.0000,3.2,2.05,0.18,"",0,00:00:05:45,100.0,5m,3.7,0.14,6.9,5.175000000000001,0.0,0.0,100.0,46.4,-3.70,-2.78
,03/20/2026 18:37,03/20/2026 18:39,AUDCAD,Sell,0.100,0.00000,0.96212,0.96647,0.96640,-0.3500,0.0000,0.7,0.04,0.00,"",0,00:00:02:35,,,,,,,,,,,,
,03/20/2026 14:50,03/20/2026 18:35,USDJPY,Sell,0.100,0.00000,156.51400,158.63500,159.09700,-0.3500,0.0000,-46.2,-22.14,-1.89,"",0,00:03:44:42,21.8,48m,65.1,4.76,11.3,5.311,-53.8,-25.285999999999998,17.4,11.7,-57.50,-27.02
,03/20/2026 18:29,03/20/2026 18:34,GBPUSD,Buy,0.100,0.00000,1.35820,1.33235,1.33286,-0.3500,0.0000,5.1,3.48,0.30,"",0,00:00:04:45,100.0,4m,5.3,0.13,7.7,5.775,0.0,0.0,100.0,66.2,-2.60,-1.95
,03/20/2026 18:29,03/20/2026 18:29,GBPUSD,Sell,0.100,0.00000,1.32589,1.33237,1.33234,-0.3500,0.0000,0.3,-0.12,-0.01,"",0,00:00:00:29,,,,,,,,,,,,
,03/20/2026 18:26,03/20/2026 18:29,EURUSD,Sell,0.100,0.00000,1.14983,1.15433,1.15459,-0.3500,0.0000,-2.6,-2.30,-0.20,"",0,00:00:02:42,,,,,,,,,,,,
,03/20/2026 18:23,03/20/2026 18:28,GBPJPY,Sell,0.150,0.00000,211.35400,212.20400,211.99200,-0.5300,0.0000,21.2,14.47,1.25,"",0,00:00:04:52,100.0,4m,3.1,0.04,24.3,17.253,0.0,0.0,100.0,87.2,-3.10,-2.20
,03/20/2026 14:49,03/20/2026 14:50,USDJPY,Buy,0.100,0.00000,158.71500,158.60000,158.65000,-0.3500,0.0000,5.0,2.01,0.17,"",0,00:00:00:21,,,,,,,,,,,,
,03/20/2026 13:41,03/20/2026 14:45,GBPUSD,Buy,0.100,0.00000,1.34436,1.33791,1.33968,-0.3500,0.0000,17.7,12.86,1.13,"",0,00:01:04:03,73.5,47m,6.2,0.23,20.6,15.450000000000001,-4.7,-3.5250000000000004,81.4,88.5,-2.90,-2.18
,03/20/2026 13:39,03/20/2026 14:45,GBPUSD,Buy,0.100,0.00000,1.34443,1.33731,1.33968,-0.3500,0.0000,23.7,17.34,1.55,"",0,00:01:06:19,100.0,1h 6m,6.2,0.04,26.6,19.950000000000003,0.0,0.0,100.0,89.1,-2.90,-2.18
,03/20/2026 12:21,03/20/2026 13:39,USDJPY,Sell,0.010,161.61400,158.41400,158.61400,158.76500,-0.0400,0.0000,-15.1,-0.75,-0.07,"",0,00:01:18:51,0.0,0s,27.5,27.55,0.0,0.0,-27.5,-1.375,0.0,45.1,-15.10,-0.76
,03/20/2026 11:39,03/20/2026 13:39,EURUSD,Buy,0.010,1.12744,1.15944,1.15744,1.15507,-0.0400,0.0000,-23.7,-1.81,-0.16,"",0,00:02:00:50,5.0,6m,41.6,13.87,2.8,0.196,-38.8,-2.716,6.7,36.3,-26.50,-1.86
,03/20/2026 11:39,03/20/2026 13:39,GBPUSD,Buy,0.010,1.31287,1.34487,1.34287,1.33742,-0.0400,0.0000,-54.5,-4.12,-0.37,"",0,00:02:00:45,1.7,2m,67.8,24.15,2.7,0.18900000000000003,-65.1,-4.557,4.0,15.6,-57.20,-4.00
,03/20/2026 11:37,03/20/2026 12:19,USDJPY,Buy,0.010,155.41600,158.61600,158.41600,158.61600,-0.0400,0.0000,20.0,0.90,0.08,"[tp]",0,00:00:42:18,85.8,36m,4.7,0.23,20.1,1.0050000000000001,-4.7,-0.23500000000000001,81.0,99.6,-0.10,-0.01
,03/20/2026 11:25,03/20/2026 11:36,USDJPY,Sell,0.010,0.00000,158.09900,158.27700,158.42400,-0.0400,0.0000,-14.7,-0.73,-0.06,"",0,00:00:11:15,0.0,0s,14.7,14.71,0.0,0.0,-14.7,-0.735,0.0,0.0,-14.70,-0.73
,03/20/2026 11:24,03/20/2026 11:36,GBPUSD,Buy,0.010,0.00000,1.34601,1.34332,1.34296,-0.0400,0.0000,-3.6,-0.31,-0.03,"",0,00:00:12:24,16.7,2m,5.2,4.20,1.0,0.08,-4.2,-0.336,19.2,11.5,-4.60,-0.37
,03/20/2026 11:23,03/20/2026 11:36,EURUSD,Buy,0.010,0.00000,1.15981,1.15785,1.15735,-0.0400,0.0000,-5.0,-0.41,-0.04,"",0,00:00:12:44,23.1,2m,8.2,3.56,1.8,0.12600000000000003,-6.4,-0.44800000000000006,22.0,17.1,-6.80,-0.48
,03/20/2026 11:23,03/20/2026 11:23,EURUSD,Buy,0.150,0.00000,0.00000,1.15786,1.15786,-0.5300,0.0000,0.0,-0.53,-0.05,"",0,00:00:00:02,,,,,,,,,,,,
,03/20/2026 09:11,03/20/2026 11:12,GBPJPY,Buy,0.150,0.00000,214.47400,212.37500,212.63000,-0.5300,0.0000,25.5,17.46,1.57,"",0,00:02:01:19,63.7,1h 17m,16.4,0.29,31.1,22.081,-9.0,-6.39,77.6,86.0,-5.60,-3.98
,03/19/2026 22:34,03/19/2026 23:00,GBPUSD,Sell,0.100,0.00000,1.33862,1.34369,1.34304,-0.3500,0.0000,6.5,4.49,0.41,"",0,00:00:25:22,88.5,22m,7.5,0.13,11.7,8.658,-1.5,-1.1099999999999999,88.6,60.6,-5.20,-3.85
,03/19/2026 19:02,03/19/2026 19:46,USDJPY,Sell,0.150,0.00000,157.35600,158.11900,158.09400,-0.5300,0.0000,2.5,1.25,0.11,"",0,00:00:43:21,75.0,32m,8.6,0.79,5.2,3.6919999999999997,-4.1,-2.9109999999999996,55.9,71.0,-2.70,-1.92
,03/19/2026 18:33,03/19/2026 19:01,AUDCAD,Sell,0.100,0.00000,0.96390,0.96583,0.96553,-0.3500,0.0000,3.0,1.29,0.12,"",0,00:00:27:27,100.0,27m,9.2,0.11,9.5,5.2250000000000005,0.0,0.0,100.0,31.6,-6.50,-3.58
,03/19/2026 18:25,03/19/2026 18:32,EURAUD,Buy,0.100,0.00000,1.63801,1.63507,1.63550,-0.3500,0.0000,4.3,1.92,0.17,"",0,00:00:06:55,57.2,3m,2.9,0.45,6.4,3.3920000000000003,-2.9,-1.537,68.8,77.4,-2.10,-1.11
,03/19/2026 18:21,03/19/2026 18:23,USDJPY,Buy,0.150,0.00000,158.55300,158.41400,158.44100,-0.5300,0.0000,2.7,1.38,0.13,"",0,00:00:02:06,,,,,,,,,,,,
,03/19/2026 18:19,03/19/2026 18:21,USDJPY,Buy,0.150,0.00000,0.00000,158.39300,158.41700,-0.5300,0.0000,2.4,1.17,0.11,"",0,00:00:01:07,,,,,,,,,,,,
,03/19/2026 17:44,03/19/2026 18:19,USDJPY,Buy,0.150,0.00000,158.53600,158.30700,158.38100,-0.5300,0.0000,7.4,4.71,0.43,"",0,00:00:34:53,40.0,13m,18.1,1.28,8.6,6.106,-11.0,-7.81,43.9,93.9,-1.20,-0.85
,03/19/2026 17:03,03/19/2026 17:44,EURJPY,Sell,0.200,0.00000,181.21200,182.14700,182.27300,-0.7000,0.0000,-12.6,-12.63,-1.14,"",0,00:00:41:44,12.2,5m,22.9,2.27,7.0,6.6499999999999995,-15.9,-15.105,30.6,14.4,-19.60,-18.62
,03/19/2026 17:01,03/19/2026 17:02,GBPUSD,Buy,0.200,0.00000,1.33998,1.33653,1.33663,-0.7000,0.0000,1.0,0.80,0.07,"",0,00:00:00:35,,,,,,,,,,,,
,03/19/2026 16:57,03/19/2026 17:00,AUDCAD,Sell,0.300,0.00000,0.96144,0.96515,0.96627,-1.0500,0.0000,-11.2,-19.39,-1.72,"",0,00:00:03:02,,,,,,,,,,,,
,03/19/2026 16:56,03/19/2026 16:57,AUDCAD,Sell,0.300,0.00000,0.00000,0.96570,0.96526,-1.0500,0.0000,4.4,6.16,0.55,"",0,00:00:00:53,,,,,,,,,,,,
,03/19/2026 16:56,03/19/2026 16:56,AUDCAD,Sell,0.300,0.00000,0.96461,0.96568,0.96551,-1.0500,0.0000,1.7,1.74,0.16,"",0,00:00:00:28,,,,,,,,,,,,
,03/19/2026 16:54,03/19/2026 16:55,GBPUSD,Buy,0.200,0.00000,1.33855,1.33479,1.33480,-0.7000,0.0000,0.1,-0.55,-0.05,"",0,00:00:01:07,,,,,,,,,,,,
,03/19/2026 16:10,03/19/2026 16:54,USDJPY,Sell,0.150,0.00000,158.18500,158.83900,158.25900,-0.5300,0.0000,58.0,40.69,3.77,"",0,00:00:43:38,88.7,38m,13.1,0.06,71.1,50.480999999999995,-4.4,-3.124,94.2,82.6,-13.10,-9.30
,03/19/2026 15:35,03/19/2026 16:09,AUDCAD,Sell,0.100,0.00000,0.95773,0.96392,0.96131,-0.3500,0.0000,26.1,13.95,1.31,"",0,00:00:34:40,76.5,26m,7.5,0.21,27.2,14.96,-5.6,-3.08,82.9,96.6,-1.10,-0.60
,03/19/2026 15:26,03/19/2026 16:09,AUDCAD,Sell,0.200,0.00000,0.95761,0.96448,0.96130,-0.7000,0.0000,31.8,34.14,3.31,"",0,00:00:43:49,97.7,42m,7.5,0.03,32.8,36.08,0.0,0.0,100.0,97.0,-1.00,-1.10
,03/19/2026 11:11,03/19/2026 15:25,GBPUSD,Sell,0.200,0.00000,1.30749,1.32546,1.32906,-0.7000,0.0000,-36.0,-54.87,-5.06,"",0,00:04:14:07,7.9,20m,59.3,7.24,7.2,10.8,-52.1,-78.15,12.1,27.2,-43.20,-64.80
,03/19/2026 11:10,03/19/2026 11:11,EURUSD,Sell,0.250,0.00000,0.00000,1.14476,1.14444,-0.8800,0.0000,3.2,5.16,0.48,"",0,00:00:00:56,,,,,,,,,,,,
,03/19/2026 10:01,03/19/2026 11:09,GBPJPY,Sell,0.100,0.00000,210.52400,211.71800,210.98400,-0.3500,0.0000,73.4,34.44,3.29,"",0,00:01:08:03,100.0,1h 8m,22.5,0.01,74.9,35.203,0.0,0.0,100.0,98.0,-1.50,-0.70
,03/19/2026 00:02,03/19/2026 11:09,GBPJPY,Sell,0.250,0.00000,210.51500,211.88900,210.98100,-0.8800,0.0000,90.8,106.71,11.37,"",0,00:11:07:19,32.4,3h 36m,61.1,0.49,92.0,108.55999999999999,-44.7,-52.746,67.3,99.1,-1.20,-1.42
,03/19/2026 10:01,03/19/2026 10:01,GBPJPY,Buy,0.100,0.00000,0.00000,211.72900,211.71900,-0.3500,0.0000,-1.0,-0.82,-0.09,"",0,00:00:00:03,,,,,,,,,,,,
,03/18/2026 16:45,03/19/2026 00:02,EURJPY,Buy,0.250,0.00000,184.17000,183.55600,182.99100,-0.8800,0.4500,-56.5,-67.09,-6.67,"",0,00:07:17:07,50.6,3h 41m,76.9,2.77,20.4,24.071999999999996,-56.5,-66.67,26.5,0.0,-76.90,-90.74
,03/18/2026 15:17,03/18/2026 16:42,GBPUSD,Sell,0.250,1.33785,1.32616,1.33410,1.33194,-0.8800,0.0000,21.6,39.66,4.10,"",0,00:01:25:51,97.7,1h 23m,18.2,0.08,35.9,67.49199999999999,-2.8,-5.263999999999999,92.8,63.0,-14.30,-26.88
,03/18/2026 14:42,03/18/2026 15:16,GBPJPY,Buy,0.250,211.93000,213.01800,212.42300,212.32800,-0.8800,0.0000,-9.5,-12.07,-1.23,"",0,00:00:34:54,17.7,6m,15.5,1.63,5.9,6.962,-9.6,-11.328,38.1,0.6,-15.40,-18.17
,03/18/2026 14:29,03/18/2026 14:34,AUDCAD,Sell,0.300,0.00000,0.96785,0.97153,0.97203,-1.0500,0.0000,-5.0,-9.26,-0.94,"",0,00:00:05:05,0.0,0s,5.4,5.40,0.0,0.0,-5.4,-8.856,0.0,7.4,-5.00,-8.20
,03/18/2026 14:28,03/18/2026 14:29,AUDCAD,Sell,0.100,0.00000,0.96912,0.97175,0.97172,-0.3500,0.0000,0.3,-0.19,-0.02,"",0,00:00:00:28,,,,,,,,,,,,
,03/18/2026 14:18,03/18/2026 14:29,EURJPY,Buy,0.100,0.00000,183.65000,183.60000,183.50400,-0.3500,0.0000,-9.6,-4.87,-0.49,"",0,00:00:11:17,36.4,4m,14.6,4.84,2.5,1.1749999999999998,-12.1,-5.686999999999999,17.1,17.1,-12.10,-5.69
,03/18/2026 13:48,03/18/2026 14:29,EURAUD,Buy,0.100,0.00000,1.62914,1.62441,1.62584,-0.3500,0.0000,14.3,7.24,0.73,"",0,00:00:40:33,78.1,31m,5.0,0.30,14.5,7.6850000000000005,-4.3,-2.279,77.1,98.9,-0.20,-0.11
,03/18/2026 10:56,03/18/2026 13:48,EURAUD,Sell,0.100,0.00000,1.62000,1.62020,1.62436,-0.3500,0.0000,-41.6,-22.48,-2.23,"",0,00:02:51:57,0.0,0s,41.6,41.67,0.0,0.0,-41.6,-22.048000000000002,0.0,0.0,-41.60,-22.05
,03/18/2026 10:44,03/18/2026 10:44,EURJPY,Sell,0.100,0.00000,183.10000,183.12000,183.10000,-0.3500,0.0000,2.0,0.59,0.06,"[tp]",0,00:00:00:10,,,,,,,,,,,,
,03/18/2026 10:41,03/18/2026 10:44,EURUSD,Sell,0.100,0.00000,1.15270,1.15290,1.15270,-0.3500,0.0000,2.0,1.15,0.11,"[tp]",0,00:00:02:33,,,,,,,,,,,,
,03/17/2026 20:20,03/18/2026 01:48,EURJPY,Sell,0.010,186.29600,183.09600,183.29700,183.49400,-0.0400,-0.0800,-19.7,-1.04,-0.10,"",0,00:05:28:08,0.7,2m,24.7,18.02,1.3,0.065,-23.4,-1.17,5.3,15.0,-21.00,-1.05
,03/17/2026 19:05,03/18/2026 01:48,GBPUSD,Sell,0.010,1.36359,1.33159,1.33359,1.33610,-0.0400,0.0000,-25.1,-1.92,-0.19,"",0,00:06:43:06,0.0,0s,28.0,28.01,0.0,0.0,-28.0,-1.9600000000000002,0.0,10.4,-25.10,-1.76
,03/17/2026 18:50,03/18/2026 01:48,EURUSD,Sell,0.010,1.18236,1.15036,1.15238,1.15404,-0.0400,0.0300,-16.6,-1.25,-0.12,"",0,00:06:58:07,3.6,15m,27.4,5.23,4.4,0.30800000000000005,-23.0,-1.61,16.1,23.4,-21.00,-1.47
,03/17/2026 18:30,03/18/2026 01:48,AUDCAD,Sell,0.010,1.00240,0.97040,0.97239,0.97314,-0.0400,-0.0400,-7.5,-0.49,-0.05,"",0,00:07:18:06,13.5,59m,20.7,1.77,9.9,0.49500000000000005,-17.5,-0.875,36.1,36.5,-17.40,-0.87
,03/17/2026 18:35,03/18/2026 01:48,USDJPY,Buy,0.010,156.08100,159.28100,159.08200,158.98000,-0.0400,0.0500,-10.2,-0.47,-0.05,"",0,00:07:13:06,3.0,12m,26.1,9.44,2.5,0.125,-23.6,-1.1800000000000002,9.6,51.3,-12.70,-0.64
,03/17/2026 21:00,03/17/2026 21:34,GBPUSD,Buy,0.250,0.00000,1.33820,1.33620,1.33582,-0.8800,0.0000,-3.8,-7.99,-0.78,"",0,00:00:34:08,50.0,17m,6.3,2.32,1.9,3.553,-4.4,-8.228000000000002,30.2,9.5,-5.70,-10.66
,03/17/2026 18:23,03/17/2026 18:28,GBPUSD,Buy,0.250,0.00000,1.33855,1.33481,1.33445,-0.8800,0.0000,-3.6,-7.62,-0.74,"",0,00:00:04:59,40.0,1m,4.7,3.27,1.1,2.0570000000000004,-3.6,-6.732,23.4,0.0,-4.70,-8.79
,03/17/2026 18:22,03/17/2026 18:22,USDJPY,Sell,0.300,0.00000,158.73900,159.04300,159.04900,-1.0500,0.0000,-0.6,-1.90,-0.18,"",0,00:00:00:39,,,,,,,,,,,,
,03/17/2026 18:21,03/17/2026 18:22,USDJPY,Buy,0.300,0.00000,0.00000,159.03100,159.03800,-1.0500,0.0000,0.7,-0.06,-0.01,"",0,00:00:00:36,,,,,,,,,,,,
,03/17/2026 18:21,03/17/2026 18:22,USDJPY,Buy,0.300,0.00000,159.23100,159.02600,159.04000,-1.0500,0.0000,1.4,0.93,0.09,"",0,00:00:00:54,,,,,,,,,,,,
,03/17/2026 18:21,03/17/2026 18:21,USDJPY,Sell,0.300,0.00000,0.00000,159.02700,159.04800,-1.0500,0.0000,-2.1,-4.01,-0.39,"",0,00:00:00:04,,,,,,,,,,,,
,03/17/2026 16:48,03/17/2026 18:21,USDJPY,Sell,0.300,0.00000,158.22000,158.88200,159.02200,-1.0500,0.0000,-14.0,-20.85,-1.98,"",0,00:01:33:06,16.2,15m,23.9,3.69,5.1,7.190999999999999,-18.8,-26.508,21.3,20.1,-19.10,-26.93
,03/17/2026 16:27,03/17/2026 16:47,GBPUSD,Buy,0.250,0.00000,1.33834,1.33501,1.33524,-0.8800,0.0000,2.3,3.43,0.33,"",0,00:00:20:23,70.0,14m,9.7,0.28,8.3,15.521000000000003,-2.3,-4.301,78.3,43.4,-6.00,-11.22
,03/17/2026 15:13,03/17/2026 16:26,USDJPY,Sell,0.250,159.23100,158.62800,158.98300,158.85700,-0.8800,0.0000,12.6,13.97,1.35,"",0,00:01:12:52,39.8,29m,8.9,0.54,15.0,17.7,-8.1,-9.558,64.9,89.6,-2.40,-2.83
,03/17/2026 14:55,03/17/2026 16:26,GBPUSD,Sell,0.010,1.36175,1.32975,1.33175,1.33510,-0.0400,0.0000,-33.5,-2.55,-0.25,"",0,00:01:31:13,6.6,6m,40.1,6.29,5.5,0.385,-34.6,-2.422,13.7,2.7,-39.00,-2.73
,03/17/2026 14:50,03/17/2026 16:26,EURUSD,Sell,0.010,1.18135,1.14935,1.15136,1.15385,-0.0400,0.0000,-24.9,-1.91,-0.18,"",0,00:01:36:11,16.7,16m,36.3,3.22,8.6,0.688,-27.7,-2.216,23.7,7.7,-33.50,-2.68
,03/17/2026 00:45,03/17/2026 16:26,AUDCAD,Sell,0.010,0.99682,0.96482,0.96682,0.97480,-0.0400,0.0000,-79.8,-4.40,-0.42,"",0,00:15:41:12,11.0,1h 43m,99.3,4.28,18.8,0.9400000000000001,-80.5,-4.025,18.9,0.7,-98.60,-4.93
,03/17/2026 00:01,03/17/2026 16:26,EURJPY,Sell,0.010,185.91400,182.71400,182.91400,183.29600,-0.0400,0.0000,-38.2,-1.84,-0.18,"",0,00:16:25:10,3.5,34m,55.4,5.16,9.0,0.45,-46.4,-2.32,16.2,14.8,-47.20,-2.36
,03/17/2026 11:49,03/17/2026 12:08,GBPUSD,Buy,0.250,0.00000,1.33809,1.33284,1.33320,-0.8800,0.0000,3.6,5.87,0.56,"",0,00:00:18:19,57.9,10m,6.7,1.05,6.4,12.032,-6.7,-12.596,48.9,78.6,-2.80,-5.26
,03/17/2026 11:40,03/17/2026 11:44,GBPUSD,Buy,0.250,0.00000,1.33539,1.33190,1.33254,-0.8800,0.0000,6.4,11.13,1.08,"",0,00:00:04:29,100.0,4m,0.0,0.16,6.4,12.032,0.0,0.0,100.0,100.0,0.00,0.00
,03/17/2026 06:05,03/17/2026 11:43,EURUSD,Buy,0.010,1.11957,1.15157,1.14956,1.15095,-0.0400,0.0000,13.9,1.00,0.10,"",0,00:05:38:15,32.9,1h 51m,35.2,2.08,13.9,0.9730000000000001,-28.9,-2.023,32.5,100.0,0.00,0.00
,03/17/2026 11:39,03/17/2026 11:40,GBPUSD,Buy,0.250,0.00000,1.33250,1.33154,1.33183,-0.8800,0.0000,2.9,4.56,0.45,"",0,00:00:00:45,,,,,,,,,,,,
,03/17/2026 11:10,03/17/2026 11:37,GBPUSD,Buy,0.010,1.30016,1.33216,1.33016,1.33071,-0.0400,0.0000,5.5,0.37,0.04,"",0,00:00:27:06,92.9,25m,7.6,0.12,12.8,0.8960000000000001,-1.5,-0.10500000000000001,89.5,49.0,-7.30,-0.51
,03/17/2026 06:50,03/17/2026 11:37,USDJPY,Sell,0.010,162.31700,159.11700,159.31700,159.21800,-0.0400,0.0000,9.9,0.43,0.04,"",0,00:04:47:04,49.0,2h 20m,27.7,0.93,18.3,0.915,-17.1,-0.8550000000000001,51.7,76.3,-8.40,-0.42
,03/16/2026 20:25,03/17/2026 08:55,GBPUSD,Sell,0.010,1.36105,1.32905,1.33105,1.32905,-0.0400,0.0000,20.0,1.46,0.14,"[tp]",0,00:12:30:00,47.9,5h 59m,38.3,1.32,21.0,1.68,-27.8,-2.224,43.0,98.0,-1.00,-0.08
,03/16/2026 23:55,03/17/2026 04:39,EURUSD,Sell,0.010,1.18069,1.14869,1.15069,1.14869,-0.0400,0.0300,20.0,1.49,0.15,"[tp]",0,00:04:44:53,97.9,4h 38m,5.6,0.04,20.0,1.6,-0.7,-0.055999999999999994,96.6,100.0,0.00,0.00
,03/16/2026 23:55,03/17/2026 03:12,USDJPY,Buy,0.010,156.05300,159.25300,159.05400,159.25300,-0.0400,0.0500,19.9,0.95,0.09,"[tp]",0,00:03:17:32,76.3,2h 30m,13.5,0.32,19.9,0.995,-6.4,-0.32000000000000006,75.7,100.0,0.00,0.00
,03/16/2026 21:59,03/16/2026 22:01,GBPUSD,Sell,0.100,0.00000,1.33216,1.33313,1.33341,-0.3500,0.0000,-2.8,-2.45,-0.24,"",0,00:00:01:28,,,,,,,,,,,,
,03/16/2026 21:15,03/16/2026 21:57,AUDCAD,Buy,0.010,0.93617,0.96817,0.96617,0.96742,-0.0400,0.0000,12.5,0.65,0.06,"",0,00:00:42:37,100.0,42m,4.1,0.07,13.8,0.828,0.0,0.0,100.0,90.6,-1.30,-0.08
,03/16/2026 21:52,03/16/2026 21:57,GBPUSD,Sell,0.250,1.33393,1.33215,1.33305,1.33321,-0.8800,0.0000,-1.6,-3.88,-0.38,"",0,00:00:04:09,0.0,0s,3.3,3.30,0.0,0.0,-3.3,-6.204,0.0,51.5,-1.60,-3.01
,03/16/2026 21:25,03/16/2026 21:51,USDJPY,Sell,0.250,0.00000,158.45000,159.07200,158.97300,-0.8800,0.0000,9.9,10.80,1.06,"",0,00:00:25:40,100.0,25m,5.9,0.06,15.8,18.644,0.0,0.0,100.0,62.7,-5.90,-6.96
,03/16/2026 21:25,03/16/2026 21:25,USDJPY,Sell,0.010,162.07000,158.91000,159.07000,159.05100,-0.0400,0.0000,1.9,0.05,0.00,"",0,00:00:00:45,,,,,,,,,,,,
,03/16/2026 20:35,03/16/2026 21:24,EURUSD,Buy,0.010,1.11970,1.15170,1.14969,1.15122,-0.0400,0.0000,15.3,1.10,0.11,"",0,00:00:49:44,49.0,24m,5.9,0.38,15.4,1.078,-5.9,-0.4130000000000001,72.3,99.5,-0.10,-0.01
,03/16/2026 21:07,03/16/2026 21:24,GBPJPY,Buy,0.250,211.36800,212.32900,211.96000,211.93900,-0.8800,0.0000,-2.1,-3.36,-0.33,"",0,00:00:17:10,5.9,1m,3.4,7.50,0.4,0.472,-3.0,-3.54,11.8,26.5,-2.50,-2.95
,03/16/2026 20:01,03/16/2026 20:24,EURUSD,Buy,0.250,0.00000,1.15252,1.14995,1.14984,-0.8800,0.0000,-1.1,-2.95,-0.29,"",0,00:00:22:59,30.5,7m,6.9,0.64,4.2,7.896,-2.7,-5.076,60.9,23.2,-5.30,-9.96
,03/16/2026 19:45,03/16/2026 20:01,EURUSD,Sell,0.010,1.17923,1.14723,1.14923,1.14994,-0.0400,0.0000,-7.1,-0.57,-0.06,"",0,00:00:16:52,0.0,0s,11.2,11.21,0.0,0.0,-11.2,-0.784,0.0,36.6,-7.10,-0.50
,03/16/2026 20:01,03/16/2026 20:01,EURUSD,Buy,0.250,0.00000,0.00000,1.14994,1.14995,-0.8800,0.0000,0.1,-0.70,-0.07,"",0,00:00:00:03,,,,,,,,,,,,
,03/16/2026 19:39,03/16/2026 20:00,AUDCAD,Sell,0.250,0.00000,0.96334,0.96452,0.96525,-0.8800,0.0000,-7.3,-10.91,-1.06,"",0,00:00:21:16,0.0,0s,8.6,8.61,0.0,0.0,-8.6,-11.782,0.0,15.1,-7.30,-10.00
,03/16/2026 19:22,03/16/2026 19:38,AUDCAD,Sell,0.250,0.00000,0.96324,0.96491,0.96470,-0.8800,0.0000,2.1,2.01,0.20,"",0,00:00:16:42,100.0,16m,4.9,0.14,7.0,9.66,0.0,0.0,100.0,30.0,-4.90,-6.76
,03/16/2026 19:18,03/16/2026 19:21,EURJPY,Buy,0.250,0.00000,183.18600,183.03100,182.99100,-0.8800,0.0000,-4.0,-5.60,-0.54,"",0,00:00:02:49,,,,,,,,,,,,
,03/16/2026 19:07,03/16/2026 19:17,EURJPY,Buy,0.250,0.00000,183.20600,183.04000,182.99200,-0.8800,0.0000,-4.8,-6.54,-0.63,"",0,00:00:09:33,0.0,0s,7.1,7.10,0.0,0.0,-7.1,-8.377999999999998,0.0,32.4,-4.80,-5.66
,03/16/2026 19:04,03/16/2026 19:06,EURUSD,Sell,0.250,0.00000,1.14609,1.14902,1.14912,-0.8800,0.0000,-1.0,-2.76,-0.26,"",0,00:00:01:47,,,,,,,,,,,,
,03/16/2026 19:04,03/16/2026 19:04,EURUSD,Buy,0.250,0.00000,1.15019,1.14923,1.14905,-0.8800,0.0000,-1.8,-4.26,-0.41,"",0,00:00:00:19,,,,,,,,,,,,
,03/16/2026 18:53,03/16/2026 19:03,EURUSD,Sell,0.250,0.00000,1.14600,1.14811,1.14918,-0.8800,0.0000,-10.7,-20.98,-1.96,"",0,00:00:10:47,0.0,0s,11.7,11.71,0.0,0.0,-11.7,-21.996,0.0,8.5,-10.70,-20.12
,03/16/2026 18:50,03/16/2026 18:52,USDJPY,Buy,0.250,0.00000,159.34700,159.17300,159.26300,-0.8800,0.0000,9.0,9.75,0.92,"",0,00:00:02:35,,,,,,,,,,,,
,03/16/2026 18:45,03/16/2026 18:52,AUDCAD,Sell,0.010,0.99533,0.96333,0.96534,0.96487,-0.0400,0.0000,4.7,0.21,0.02,"",0,00:00:07:42,50.0,3m,2.3,0.41,5.6,0.27999999999999997,-2.3,-0.11499999999999999,70.9,88.6,-0.90,-0.04
,03/16/2026 18:43,03/16/2026 18:52,USDJPY,Buy,0.010,156.14900,159.34900,159.14800,159.26500,-0.0400,0.0000,11.7,0.52,0.05,"",0,00:00:09:32,88.9,8m,3.7,0.07,13.7,0.685,0.0,0.0,100.0,85.4,-2.00,-0.10
,03/16/2026 18:41,03/16/2026 18:44,EURJPY,Buy,0.250,0.00000,183.18600,182.99700,182.99500,-0.8800,0.0000,-0.2,-1.12,-0.11,"",0,00:00:03:12,,,,,,,,,,,,
,03/16/2026 18:43,03/16/2026 18:43,USDJPY,Buy,0.010,156.15100,159.35100,159.15000,159.14900,-0.0400,0.0000,-0.1,-0.05,0.00,"",0,00:00:00:04,,,,,,,,,,,,
,03/16/2026 18:43,03/16/2026 18:43,USDJPY,Buy,0.010,156.15000,159.35000,159.14900,159.15100,-0.0400,0.0000,0.2,-0.03,0.00,"",0,00:00:00:03,,,,,,,,,,,,
,03/16/2026 18:40,03/16/2026 18:43,USDJPY,Buy,0.010,156.13400,159.33400,159.13400,159.14700,-0.0400,0.0000,1.3,0.02,0.00,"",0,00:00:03:00,,,,,,,,,,,,
,03/16/2026 18:37,03/16/2026 18:41,GBPUSD,Buy,0.250,0.00000,1.33274,1.33100,1.33162,-0.8800,0.0000,6.2,10.76,1.02,"",0,00:00:03:57,,,,,,,,,,,,
,03/16/2026 18:35,03/16/2026 18:36,GBPJPY,Buy,0.250,0.00000,212.17900,211.84500,211.85700,-0.8800,0.0000,1.2,0.54,0.05,"",0,00:00:01:20,,,,,,,,,,,,
,03/16/2026 18:35,03/16/2026 18:35,GBPJPY,Sell,0.250,0.00000,211.61300,211.81000,211.84800,-0.8800,0.0000,-3.8,-5.36,-0.51,"",0,00:00:00:15,,,,,,,,,,,,
,03/16/2026 18:34,03/16/2026 18:35,GBPJPY,Buy,0.250,0.00000,0.00000,211.83000,211.80500,-0.8800,0.0000,-2.5,-3.83,-0.36,"",0,00:00:01:17,,,,,,,,,,,,
,03/16/2026 18:32,03/16/2026 18:33,AUDCAD,Sell,0.250,0.00000,0.96336,0.96495,0.96497,-0.8800,0.0000,-0.2,-1.15,-0.11,"",0,00:00:00:50,,,,,,,,,,,,
,03/16/2026 18:31,03/16/2026 18:31,EURJPY,Buy,0.250,0.00000,182.99900,182.95100,182.95200,-0.8800,0.0000,0.1,-0.77,-0.07,"",0,00:00:00:12,,,,,,,,,,,,
,03/16/2026 18:30,03/16/2026 18:31,EURJPY,Sell,0.250,0.00000,182.84800,182.94100,182.94000,-0.8800,0.0000,0.1,-0.76,-0.07,"",0,00:00:00:47,,,,,,,,,,,,
,03/16/2026 18:30,03/16/2026 18:30,EURJPY,Buy,0.250,0.00000,0.00000,182.94100,182.94500,-0.8800,0.0000,0.4,-0.41,-0.04,"",0,00:00:00:03,,,,,,,,,,,,
,03/16/2026 18:27,03/16/2026 18:30,AUDCAD,Sell,0.250,0.00000,0.96347,0.96493,0.96498,-0.8800,0.0000,-0.5,-1.57,-0.15,"",0,00:00:02:13,,,,,,,,,,,,
,03/16/2026 18:26,03/16/2026 18:27,AUDCAD,Sell,0.250,0.00000,0.00000,0.96496,0.96501,-0.8800,0.0000,-0.5,-1.57,-0.15,"",0,00:00:00:19,,,,,,,,,,,,
,03/16/2026 18:24,03/16/2026 18:25,GBPJPY,Sell,0.250,0.00000,211.69300,211.82600,211.80800,-0.8800,0.0000,1.8,1.24,0.12,"",0,00:00:00:53,,,,,,,,,,,,
,03/16/2026 18:22,03/16/2026 18:24,GBPJPY,Buy,0.250,0.00000,212.09600,211.82700,211.82400,-0.8800,0.0000,-0.3,-1.23,-0.12,"",0,00:00:01:34,,,,,,,,,,,,
,03/16/2026 18:20,03/16/2026 18:22,EURJPY,Buy,0.250,0.00000,183.19200,182.96000,182.98400,-0.8800,0.0000,2.4,1.95,0.18,"",0,00:00:02:22,,,,,,,,,,,,
,03/16/2026 18:15,03/16/2026 18:19,GBPUSD,Buy,0.250,0.00000,1.33229,1.33081,1.33089,-0.8800,0.0000,0.8,0.62,0.06,"",0,00:00:03:36,,,,,,,,,,,,
,03/16/2026 18:12,03/16/2026 18:15,GBPUSD,Buy,0.250,0.00000,1.33156,1.33032,1.33083,-0.8800,0.0000,5.1,8.70,0.83,"",0,00:00:03:21,,,,,,,,,,,,
,03/16/2026 18:05,03/16/2026 18:10,GBPJPY,Buy,0.250,0.00000,211.90800,211.71100,211.73800,-0.8800,0.0000,2.7,2.31,0.22,"",0,00:00:05:03,80.0,4m,0.4,0.15,2.7,3.186,-0.4,-0.472,87.1,100.0,0.00,0.00
,03/16/2026 18:03,03/16/2026 18:05,GBPJPY,Buy,0.250,0.00000,211.83200,211.64500,211.67300,-0.8800,0.0000,2.8,2.43,0.23,"",0,00:00:02:22,,,,,,,,,,,,
,03/16/2026 18:02,03/16/2026 18:02,GBPUSD,Buy,0.250,0.00000,0.00000,1.32993,1.32969,-0.8800,0.0000,-2.4,-5.39,-0.51,"",0,00:00:00:32,,,,,,,,,,,,
,03/16/2026 17:59,03/16/2026 18:01,GBPJPY,Buy,0.250,0.00000,0.00000,211.62400,211.66400,-0.8800,0.0000,4.0,3.84,0.37,"",0,00:00:02:00,,,,,,,,,,,,
,03/16/2026 17:43,03/16/2026 17:59,GBPJPY,Buy,0.250,0.00000,211.87300,211.57500,211.58800,-0.8800,0.0000,1.3,0.66,0.06,"",0,00:00:15:29,93.8,14m,7.1,0.13,7.9,9.322,-1.0,-1.18,88.8,25.8,-6.60,-7.79
,03/16/2026 16:15,03/16/2026 17:41,EURJPY,Sell,0.010,185.67400,182.47400,182.67400,182.72700,-0.0400,0.0000,-5.3,-0.29,-0.03,"",0,00:01:26:31,8.1,7m,16.1,4.97,2.7,0.135,-13.4,-0.67,16.8,50.3,-8.00,-0.40
,03/16/2026 16:31,03/16/2026 16:40,GBPUSD,Buy,0.250,0.00000,1.32959,1.32910,1.32959,-0.8800,0.0000,4.9,8.33,0.80,"[tp]",0,00:00:08:25,77.8,6m,3.4,0.45,4.9,9.212,-2.2,-4.136,69.0,100.0,0.00,0.00
,03/16/2026 14:47,03/16/2026 15:37,EURUSD,Buy,0.250,0.00000,1.14971,1.14852,1.14845,-0.8800,0.0000,-0.7,-2.20,-0.21,"",0,00:00:50:08,6.0,3m,7.7,3.21,2.4,4.536,-7.7,-14.552999999999999,23.8,69.3,-3.10,-5.86
,03/16/2026 14:44,03/16/2026 14:47,EURUSD,Buy,0.250,0.00000,1.14920,1.14824,1.14854,-0.8800,0.0000,3.0,4.77,0.46,"",0,00:00:02:14,,,,,,,,,,,,
,03/16/2026 13:40,03/16/2026 14:44,USDJPY,Sell,0.010,162.25300,159.05300,159.25200,159.13900,-0.0400,0.0000,11.3,0.50,0.05,"",0,00:01:04:12,97.0,1h 2m,6.7,0.06,11.5,0.5750000000000001,-0.7,-0.034999999999999996,94.3,98.4,-0.20,-0.01
,03/16/2026 14:41,03/16/2026 14:42,USDJPY,Sell,0.250,0.00000,159.13200,159.16300,159.13200,-0.8800,0.0000,3.1,2.79,0.27,"[tp]",0,00:00:00:54,,,,,,,,,,,,
,03/16/2026 13:28,03/16/2026 13:30,GBPUSD,Buy,0.250,0.00000,1.32803,1.32696,1.32719,-0.8800,0.0000,2.3,3.45,0.33,"",0,00:00:02:11,,,,,,,,,,,,
,03/16/2026 13:25,03/16/2026 13:27,GBPJPY,Buy,0.250,0.00000,211.34300,211.25800,211.29100,-0.8800,0.0000,3.3,3.02,0.29,"",0,00:00:02:02,,,,,,,,,,,,
,03/16/2026 12:25,03/16/2026 13:25,GBPUSD,Buy,0.010,1.29498,1.32698,1.32498,1.32653,-0.0400,0.0000,15.5,1.13,0.11,"",0,00:01:00:29,60.7,36m,9.2,0.44,17.9,1.432,-7.8,-0.624,69.6,90.7,-2.40,-0.19
,03/16/2026 13:20,03/16/2026 13:25,GBPJPY,Buy,0.250,0.00000,211.29700,211.24100,211.25900,-0.8800,0.0000,1.8,1.25,0.12,"",0,00:00:04:32,60.0,2m,1.3,0.72,1.8,2.124,-1.3,-1.534,58.1,100.0,0.00,0.00
,03/16/2026 13:16,03/16/2026 13:20,AUDCAD,Buy,0.250,0.00000,0.96370,0.96322,0.96339,-0.8800,0.0000,1.7,1.46,0.14,"",0,00:00:04:09,100.0,4m,0.4,0.48,2.1,2.8979999999999997,0.0,0.0,100.0,81.0,-0.40,-0.55
,03/16/2026 05:40,03/16/2026 13:20,USDJPY,Buy,0.010,156.54400,159.74400,159.54400,159.24200,-0.0400,0.0000,-30.2,-1.47,-0.14,"",0,00:07:40:50,18.3,1h 24m,44.9,3.73,9.5,0.47500000000000003,-35.4,-1.77,21.2,11.6,-39.70,-1.99
,03/16/2026 12:00,03/16/2026 13:18,EURUSD,Buy,0.010,1.11450,1.14650,1.14450,1.14650,-0.0400,0.0000,20.0,1.46,0.14,"[tp]",0,00:01:18:55,80.8,1h 3m,5.1,0.14,21.5,1.72,-3.1,-0.24800000000000003,87.4,93.9,-1.50,-0.12
,03/16/2026 12:00,03/16/2026 13:17,EURJPY,Buy,0.010,179.37700,182.57700,182.37700,182.57700,-0.0400,0.0000,20.0,0.91,0.09,"[tp]",0,00:01:17:59,66.7,52m,7.2,0.16,20.0,1.0,-3.2,-0.16000000000000003,86.2,100.0,0.00,0.00
,03/16/2026 06:00,03/16/2026 10:35,GBPUSD,Sell,0.010,1.35533,1.32333,1.32540,1.32333,-0.0400,0.0000,20.7,1.52,0.15,"[tp]",0,00:04:35:32,61.6,2h 49m,12.6,0.47,22.8,1.824,-10.8,-0.8640000000000001,67.9,93.8,-2.10,-0.17
,03/16/2026 08:00,03/16/2026 10:34,EURUSD,Sell,0.010,1.17418,1.14218,1.14418,1.14218,-0.0400,0.0000,20.0,1.47,0.14,"[tp]",0,00:02:34:58,93.6,2h 25m,10.0,0.06,20.5,1.6400000000000001,-1.3,-0.10400000000000001,94.0,97.7,-0.50,-0.04
,03/16/2026 08:10,03/16/2026 08:30,EURJPY,Sell,0.010,185.55300,182.35300,182.55300,182.35300,-0.0400,0.0000,20.0,0.91,0.09,"[tp]",0,00:00:20:02,100.0,20m,1.8,0.05,21.8,1.09,0.0,0.0,100.0,91.7,-1.80,-0.09
,03/16/2026 01:45,03/16/2026 05:09,EURJPY,Buy,0.010,179.37500,182.57500,182.37100,182.57500,-0.0400,0.0000,20.4,0.93,0.09,"[tp]",0,00:03:24:47,89.8,3h 3m,15.9,0.41,20.5,1.0250000000000001,-8.5,-0.42500000000000004,70.7,99.7,-0.10,-0.01
,03/16/2026 00:30,03/16/2026 03:38,USDJPY,Sell,0.010,162.49700,159.29700,159.49700,159.29700,-0.0400,0.0000,20.0,0.91,0.09,"[tp]",0,00:03:08:44,19.7,37m,24.3,1.18,20.6,1.03,-24.3,-1.215,45.9,98.7,-0.60,-0.03
,03/16/2026 01:15,03/16/2026 03:07,GBPUSD,Buy,0.010,1.29361,1.32561,1.32359,1.32561,-0.0400,0.0000,20.2,1.48,0.15,"[tp]",0,00:01:52:23,62.9,1h 10m,9.2,0.46,20.2,1.6159999999999999,-9.2,-0.736,68.7,100.0,0.00,0.00
,03/16/2026 01:20,03/16/2026 03:01,EURUSD,Buy,0.010,1.11204,1.14404,1.14204,1.14404,-0.0400,0.0000,20.0,1.47,0.14,"[tp]",0,00:01:41:54,96.1,1h 37m,6.3,0.01,20.1,1.608,-0.1,-0.008,99.5,99.5,-0.10,-0.01
,03/13/2026 18:40,03/13/2026 23:45,GBPUSD,Sell,0.050,0.00000,1.31954,1.32390,1.32215,-0.1800,0.0000,17.5,6.44,0.64,"",0,00:05:04:42,53.8,2h 43m,19.3,2.02,6.4,2.4320000000000004,-12.9,-4.902,33.2,157.5,11.10,4.22
,03/13/2026 14:42,03/13/2026 18:40,GBPUSD,Sell,0.050,0.00000,1.30373,1.32549,1.32390,-0.1800,0.0000,15.9,5.82,0.58,"",0,00:03:58:07,16.9,40m,37.8,2.02,16.9,6.422,-34.1,-12.958,33.1,98.0,-1.00,-0.38
,03/13/2026 14:28,,,Deposit,0.000,0.00000,0.00000,0.00000,0.00000,0.0000,0.0000,0.0,1003.48,0,"Transfer from US12-Live_3145236",0,00:00:00:00,,,,,,,,,,,,

Open Trades
Tags,Open Date,Symbol,Action,Lots,Open Price,TP,SL,Profit,Pips,Swap
,06/01/2026 20:20,GBPUSD,Sell,0.300,1.34587,1.31801,1.35586,-35.84,-16.1,-0.24
,06/02/2026 17:08,EURUSD,Sell,0.300,1.16403,1.15437,0.0,-10.46,0.0,0.0

