Time;Type;Volume;Symbol;Price;S/L;T/P;Time;Price;Commission;Swap;Profit;Comment
2026.06.01 17:00:55;Sell;0.04;XAUUSD;4 448.89;4 455.80;;2026.06.01 17:08:40;4 455.80;;;-27.64;[sl]
2026.06.01 16:36:10;Buy;0.04;XAUUSD;4 471.42;4 458.91;;2026.06.01 16:51:47;4 458.12;;;-53.20;[sl]
2026.06.01 16:06:16;Sell;0.04;XAUUSD;4 498.29;4 469.47;;2026.06.01 16:32:23;4 469.47;;;115.28;[sl]
2026.06.01 15:18:24;Sell;0.04;XAUUSD;4 503.78;4 509.94;;2026.06.01 15:45:12;4 509.94;;;-24.64;[sl]
2026.06.01 14:56:44;Buy;0.04;XAUUSD;4 506.33;4 502.11;;2026.06.01 15:13:36;4 505.39;;;-3.76;
2026.06.01 12:18:08;Buy;0.04;XAUUSD;4 504.80;4 497.83;;2026.06.01 12:25:16;4 497.83;;;-27.88;[sl]
2026.06.01 11:58:03;Sell Stop;0.04;XAUUSD;4 495.55;4 500.96;;2026.06.01 12:01:04;4 500.42;;;;cancelled
2026.06.01 11:15:55;Sell;0.04;XAUUSD;4 493.81;4 500.95;;2026.06.01 11:45:11;4 500.95;;;-28.56;[sl]
2026.06.01 08:58:14;Buy Stop;0.04;XAUUSD;4 522.47;4 515.41;;2026.06.01 09:22:59;4 506.80;;;;cancelled
2026.06.01 08:58:00;Buy Stop;0.40;XAUUSD;4 522.47;4 515.41;;2026.06.01 08:58:04;4 521.62;;;;cancelled
2026.06.01 08:09:50;Buy;0.40;XAUUSD;4 516.50;4 519.98;;2026.06.01 08:31:43;4 519.98;;;139.20;[sl]
2026.06.01 07:26:00;Buy Stop;0.40;XAUUSD;4 518.89;4 514.84;;2026.06.01 07:31:31;4 515.45;;;;cancelled
2026.06.01 07:08:03;Sell;0.40;XAUUSD;4 514.51;4 517.65;;2026.06.01 07:17:50;4 517.65;;;-125.60;[sl]
2026.06.01 06:55:19;Sell;0.40;XAUUSD;4 513.88;4 516.09;;2026.06.01 06:59:33;4 516.09;;;-88.40;[sl]
2026.06.01 06:09:28;Sell;0.40;XAUUSD;4 518.80;4 520.94;;2026.06.01 06:29:13;4 520.94;;;-85.60;[sl]
2026.05.31 22:23:43;Sell;0.40;BTCUSD;73 541.72;73 717.00;;2026.05.31 23:19:04;73 720.19;;;-71.39;[sl]
2026.05.31 13:48:09;Sell;0.40;BTCUSD;73 786.00;74 025.00;;2026.05.31 16:20:24;74 025.00;;;-95.60;[sl]
2026.05.31 11:04:37;Sell;0.40;BTCUSD;73 925.00;74 104.00;;2026.05.31 11:23:47;73 981.85;;;-22.74;
2026.05.31 07:30:22;Buy Stop;0.40;BTCUSD;74 220.00;74 068.00;;2026.05.31 07:41:52;74 159.27;;;;cancelled
2026.05.31 01:40:05;Sell;0.40;BTCUSD;73 778.00;74 015.79;;2026.05.31 03:25:16;74 026.45;;;-99.38;[sl]
2026.05.30 21:17:48;Buy;0.40;BTCUSD;74 015.79;73 778.00;;2026.05.31 01:40:05;73 778.00;;;-95.12;[sl]
2026.05.30 20:32:50;Sell;0.40;BTCUSD;73 798.95;73 965.00;;2026.05.30 20:45:46;73 965.00;;;-66.42;[sl]
2026.05.30 12:50:28;Buy;0.40;BTCUSD;73 583.41;73 644.00;;2026.05.30 18:53:26;73 924.37;;;136.38;
2026.05.30 10:45:06;Sell;0.40;BTCUSD;73 457.21;73 574.00;;2026.05.30 12:17:23;73 575.71;;;-47.40;[sl]
2026.05.30 09:32:54;Buy;0.40;BTCUSD;73 659.63;73 490.00;;2026.05.30 10:36:13;73 481.65;;;-71.19;[sl]
2026.05.30 07:27:00;Sell;0.40;BTCUSD;73 314.95;73 590.00;;2026.05.30 08:05:15;73 593.65;;;-111.48;[sl]
2026.05.30 05:17:28;Buy;0.40;BTCUSD;73 653.00;73 553.00;;2026.05.30 06:40:04;73 545.03;;;-43.19;[sl]
2026.05.30 05:00:17;Buy Limit;0.04;BTCUSD;73 660.00;73 613.00;;2026.05.30 05:01:44;73 676.99;;;;cancelled
2026.05.29 21:44:38;Sell Limit;0.04;XAUUSD;4 559.33;4 560.45;;2026.05.29 21:48:52;4 553.62;;;;cancelled
2026.05.29 21:08:18;Buy;0.04;XAUUSD;4 557.36;4 558.15;;2026.05.29 21:43:42;4 558.15;;;3.16;[sl]
2026.05.29 20:55:12;Sell;0.04;XAUUSD;4 552.41;4 556.61;;2026.05.29 21:02:44;4 556.61;;;-16.80;[sl]
2026.05.29 20:43:31;Sell Limit;0.04;XAUUSD;4 557.72;4 562.35;;2026.05.29 20:55:15;4 552.17;;;;cancelled
2026.05.29 19:04:55;Buy;0.04;XAUUSD;4 569.16;4 559.98;;2026.05.29 20:32:22;4 559.45;;;-38.84;[sl]
2026.05.29 18:58:48;Buy;0.04;XAUUSD;4 570.72;4 568.26;;2026.05.29 19:00:22;4 568.26;;;-9.84;[sl]
2026.05.29 13:30:13;Buy Limit;0.04;XAUUSD;4 528.22;4 525.72;;2026.05.29 13:51:46;4 537.98;;;;cancelled
2026.05.29 12:00:02;Buy;0.04;XAUUSD;4 515.80;4 529.60;;2026.05.29 12:56:39;4 529.60;;;55.20;[sl]
2026.05.29 10:14:17;Buy;0.04;XAUUSD;4 517.21;4 511.30;;2026.05.29 10:25:12;4 511.30;;;-23.64;[sl]
2026.05.29 09:00:05;Buy;0.04;XAUUSD;4 516.07;4 504.01;;2026.05.29 09:36:16;4 516.16;;;0.36;
2026.05.29 08:02:23;Buy;0.04;XAUUSD;4 511.32;4 508.08;;2026.05.29 08:33:25;4 508.08;;;-12.96;[sl]
2026.05.29 06:56:32;Buy;0.04;XAUUSD;4 499.53;4 509.19;;2026.05.29 07:45:59;4 509.19;;;38.64;[sl]
2026.05.29 06:46:44;Buy;0.04;XAUUSD;4 499.53;4 496.62;;2026.05.29 06:52:54;4 496.62;;;-11.64;[sl]
2026.05.29 06:20:39;Buy;0.04;XAUUSD;4 497.87;4 495.26;;2026.05.29 06:26:46;4 495.26;;;-10.44;[sl]
2026.05.29 05:45:01;Buy;0.04;XAUUSD;4 505.05;4 498.36;;2026.05.29 06:06:47;4 498.36;;;-26.76;[sl]
2026.05.29 03:15:41;Buy;0.04;XAUUSD;4 497.10;4 492.48;;2026.05.29 04:03:10;4 492.48;;;-18.48;[sl]
2026.05.29 02:55:22;Buy Limit;0.04;XAUUSD;4 491.69;4 489.42;;2026.05.29 03:10:41;4 493.91;;;;cancelled
2026.05.28 18:35:42;Buy;0.04;XAUUSD;4 482.45;4 506.78;;2026.05.28 20:05:58;4 506.78;;;97.32;[sl]
2026.05.28 17:45:13;Buy;0.04;XAUUSD;4 471.86;4 463.72;;2026.05.28 17:57:46;4 463.72;;;-32.56;[sl]
2026.05.28 16:45:12;Buy;0.04;XAUUSD;4 425.84;4 458.79;;2026.05.28 17:34:09;4 458.79;;;131.80;[sl]
2026.05.28 16:27:22;Buy;0.04;XAUUSD;4 432.36;4 425.76;;2026.05.28 16:31:08;4 425.76;;;-26.40;[sl]
2026.05.28 15:20:05;Buy;0.04;XAUUSD;4 387.52;4 428.82;;2026.05.28 16:08:33;4 428.82;;;165.20;[sl]
2026.05.28 14:27:47;Sell;0.04;XAUUSD;4 386.50;4 390.85;;2026.05.28 15:01:49;4 390.85;;;-17.40;[sl]
2026.05.28 14:23:25;Buy;0.04;XAUUSD;4 387.52;4 377.56;;2026.05.28 14:25:27;4 387.51;;;-0.04;
2026.05.28 12:44:08;Buy;0.04;XAUUSD;4 390.92;4 389.66;;2026.05.28 13:44:38;4 389.66;;;-5.04;[sl]
2026.05.28 11:25:53;Buy;0.04;XAUUSD;4 391.42;4 386.43;;2026.05.28 11:33:26;4 386.43;;;-19.96;[sl]
2026.05.28 09:22:50;Buy;0.04;XAUUSD;4 384.50;4 379.25;;2026.05.28 09:44:09;4 379.25;;;-21.00;[sl]
2026.05.28 09:23:27;Buy Limit;0.04;XAUUSD;4 377.38;4 374.27;;2026.05.28 09:43:34;4 381.99;;;;cancelled
2026.05.28 08:38:13;Buy;0.04;XAUUSD;4 389.75;4 381.01;;2026.05.28 09:08:18;4 381.01;;;-34.96;[sl]
2026.05.28 06:17:59;Sell;0.04;XAUUSD;4 387.97;4 382.42;;2026.05.28 08:30:38;4 382.42;;;22.20;[sl]
2026.05.27 17:00:00;Buy;0.04;XAUUSD;4 428.62;4 447.61;;2026.05.28 02:45:23;4 447.61;;;75.96;[sl]
2026.05.27 15:09:36;Sell;0.04;XAUUSD;4 432.00;4 437.74;4 425.22;2026.05.27 15:18:17;4 437.74;;;-22.96;[sl]
2026.05.27 14:50:12;Sell;0.04;XAUUSD;4 437.87;4 444.51;4 426.54;2026.05.27 14:58:51;4 426.54;;;45.32;[tp]
2026.05.27 14:46:38;Buy;0.04;XAUUSD;4 444.51;4 438.43;4 450.87;2026.05.27 14:50:12;4 437.87;;;-26.56;[sl]
2026.05.27 10:42:39;Buy;0.04;XAUUSD;4 483.97;4 481.21;4 488.51;2026.05.27 10:49:03;4 481.21;;;-11.04;[sl]
2026.05.27 10:10:58;Sell;0.04;XAUUSD;4 482.41;4 488.22;4 472.41;2026.05.27 10:24:04;4 488.22;;;-23.24;[sl]
2026.05.27 09:45:40;Buy;0.04;XAUUSD;4 488.22;4 482.41;4 498.22;2026.05.27 10:10:58;4 482.41;;;-23.24;[sl]
2026.05.27 07:39:15;Sell Stop;0.04;XAUUSD;4 497.88;4 501.67;;2026.05.27 07:43:29;4 506.42;;;;cancelled
2026.05.27 07:39:39;Buy;0.04;XAUUSD;4 501.67;4 497.88;4 505.67;2026.05.27 07:42:03;4 505.67;;;16.00;[tp]
2026.05.27 07:32:30;Sell;0.04;XAUUSD;4 497.92;4 501.71;4 489.92;2026.05.27 07:34:31;4 501.71;;;-15.16;[sl]
2026.05.27 07:17:43;Buy;0.04;XAUUSD;4 501.71;4 497.92;4 509.71;2026.05.27 07:32:30;4 497.92;;;-15.16;[sl]
2026.05.27 06:51:49;Sell;0.04;XAUUSD;4 503.33;4 505.84;4 497.33;2026.05.27 06:59:44;4 497.33;;;24.00;[tp]
2026.05.27 06:48:10;Buy;0.04;XAUUSD;4 505.84;4 503.33;4 511.84;2026.05.27 06:51:49;4 503.33;;;-10.04;[sl]
2026.05.27 06:49:12;Sell;0.04;XAUUSD;4 504.10;4 505.84;;2026.05.27 06:49:19;4 504.68;;;-2.32;
2026.05.27 06:25:07;Sell;0.04;XAUUSD;4 508.15;4 510.63;4 502.15;2026.05.27 06:39:48;4 502.15;;;24.00;[tp]
2026.05.27 06:20:57;Buy;0.04;XAUUSD;4 510.63;4 508.15;4 516.63;2026.05.27 06:25:07;4 508.15;;;-9.92;[sl]
2026.05.27 05:37:40;Sell;0.04;XAUUSD;4 500.89;4 505.23;4 490.89;2026.05.27 05:54:01;4 505.23;;;-17.36;[sl]
2026.05.27 05:36:20;Buy;0.04;XAUUSD;4 505.23;4 500.89;4 515.23;2026.05.27 05:37:40;4 500.89;;;-17.36;[sl]
2026.05.27 04:59:05;Buy Stop;0.04;XAUUSD;4 510.13;4 507.70;4 516.13;2026.05.27 05:16:06;4 502.97;;;;cancelled
2026.05.27 04:59:50;Sell;0.04;XAUUSD;4 507.70;4 510.13;4 501.70;2026.05.27 05:16:02;4 501.70;;;24.00;[tp]
2026.05.26 21:45:12;Sell Stop;0.04;XAUUSD;4 495.36;4 496.72;4 491.36;2026.05.26 22:06:17;4 498.72;;;;cancelled
2026.05.26 21:45:04;Buy;0.04;XAUUSD;4 496.72;4 495.36;4 500.72;2026.05.26 22:03:30;4 500.72;;;16.00;[tp]
2026.05.26 21:18:37;Sell Stop;0.04;XAUUSD;4 486.45;4 489.45;4 480.45;2026.05.26 21:26:17;4 495.68;;;;cancelled
2026.05.26 21:18:28;Buy;0.04;XAUUSD;4 489.45;4 486.45;4 495.45;2026.05.26 21:26:09;4 495.45;;;24.00;[tp]
2026.05.26 20:54:13;Sell;0.04;XAUUSD;4 497.82;4 492.95;;2026.05.26 21:01:33;4 492.95;;;19.48;[sl]
2026.05.26 20:48:36;Buy;0.04;XAUUSD;4 501.09;4 498.74;;2026.05.26 20:54:13;4 497.82;;;-13.08;[sl]
2026.05.26 20:35:27;Buy Stop;0.04;XAUUSD;4 502.04;4 498.78;;2026.05.26 20:37:48;4 498.76;;;;cancelled
2026.05.26 20:01:39;Buy;0.04;XAUUSD;4 506.28;4 503.06;;2026.05.26 20:29:07;4 503.06;;;-12.88;[sl]
2026.05.26 19:37:56;Buy Stop;0.04;XAUUSD;4 511.60;4 508.14;;2026.05.26 19:55:30;4 505.98;;;;cancelled
2026.05.26 19:40:16;Sell;0.04;XAUUSD;4 508.14;4 511.60;;2026.05.26 19:55:29;4 505.94;;;8.80;
2026.05.26 19:06:18;Sell;0.04;XAUUSD;4 504.03;4 508.47;4 498.34;2026.05.26 19:28:36;4 508.47;;;-17.76;[sl]
2026.05.26 18:42:12;Buy;0.04;XAUUSD;4 508.47;4 504.03;4 513.47;2026.05.26 19:06:18;4 504.03;;;-17.76;[sl]
2026.05.26 17:44:47;Sell;0.04;XAUUSD;4 521.04;4 524.00;4 517.54;2026.05.26 17:53:42;4 517.54;;;14.00;[tp]
2026.05.26 17:41:38;Buy Stop;0.04;XAUUSD;4 525.35;4 520.94;;2026.05.26 17:42:08;4 520.96;;;;cancelled
2026.05.26 16:53:44;Sell;0.04;XAUUSD;4 513.55;4 522.02;4 502.17;2026.05.26 17:32:53;4 522.02;;;-33.88;[sl]
2026.05.26 16:00:28;Buy;0.04;XAUUSD;4 522.02;4 513.55;4 532.20;2026.05.26 16:53:44;4 513.55;;;-33.88;[sl]
2026.05.26 15:58:57;Sell Limit;0.04;XAUUSD;4 522.02;;;2026.05.26 16:00:01;4 520.35;;;;cancelled
2026.05.26 15:28:36;Sell;0.04;XAUUSD;4 506.33;4 512.51;4 492.06;2026.05.26 15:45:01;4 512.51;;;-24.72;[sl]
2026.05.26 15:15:27;Buy;0.04;XAUUSD;4 512.51;4 506.33;4 522.56;2026.05.26 15:28:36;4 506.33;;;-24.72;[sl]
2026.05.26 14:58:57;Sell;0.04;XAUUSD;4 504.59;4 511.94;4 492.07;2026.05.26 15:08:40;4 511.94;;;-29.40;[sl]
2026.05.26 14:54:19;Buy;0.04;XAUUSD;4 511.94;4 504.59;;2026.05.26 14:58:57;4 504.59;;;-29.40;[sl]
2026.05.26 04:32:49;Sell;0.04;XAUUSD;4 539.35;4 547.30;4 505.01;2026.05.26 14:43:01;4 505.01;;;137.36;[tp]
2026.05.26 04:00:02;Buy;0.04;XAUUSD;4 547.30;4 539.35;4 562.38;2026.05.26 04:32:49;4 539.35;;;-31.80;[sl]
2026.05.26 03:52:06;Sell;0.04;XAUUSD;4 541.23;4 547.27;4 505.01;2026.05.26 03:56:32;4 547.27;;;-24.16;[sl]
2026.05.26 03:39:07;Buy;0.04;XAUUSD;4 547.27;4 541.23;4 562.76;2026.05.26 03:52:06;4 541.23;;;-24.16;[sl]
2026.05.26 03:00:01;Sell;0.04;XAUUSD;4 556.64;4 561.56;4 553.05;2026.05.26 03:01:50;4 553.05;;;14.36;[tp]
2026.05.26 02:52:13;Buy;0.04;XAUUSD;4 561.56;4 556.64;4 568.44;2026.05.26 03:00:01;4 556.64;;;-19.68;[sl]
2026.05.26 02:19:16;Sell;0.04;XAUUSD;4 577.23;4 579.53;4 573.71;2026.05.26 02:24:12;4 573.71;;;14.08;[tp]
2026.05.26 02:19:02;Buy;0.04;XAUUSD;4 579.53;4 577.23;;2026.05.26 02:19:16;4 577.23;;;-9.20;[sl]
2026.05.26 02:09:47;Sell Stop;0.04;XAUUSD;4 573.34;4 575.40;4 569.84;2026.05.26 02:18:29;4 579.68;;;;cancelled
2026.05.26 02:06:19;Buy;0.04;XAUUSD;4 575.40;4 573.34;4 579.30;2026.05.26 02:18:21;4 579.30;;;15.60;[tp]
2026.05.25 17:03:13;Buy;0.04;XAUUSD;4 565.31;4 562.35;4 576.14;2026.05.25 20:02:59;4 576.14;;;43.32;[tp]
2026.05.25 17:00:15;Sell;0.04;XAUUSD;4 562.35;4 565.31;4 553.81;2026.05.25 17:03:13;4 565.31;;;-11.84;[sl]
2026.05.25 16:47:48;Sell;0.04;XAUUSD;4 560.87;4 564.25;4 553.81;2026.05.25 16:55:07;4 564.25;;;-13.52;[sl]
2026.05.25 16:34:21;Buy;0.04;XAUUSD;4 564.25;4 560.87;4 575.53;2026.05.25 16:47:48;4 560.87;;;-13.52;[sl]
2026.05.25 16:21:25;Buy;0.04;XAUUSD;4 564.88;4 562.23;4 569.13;2026.05.25 16:25:41;4 562.23;;;-10.60;[sl]
2026.05.25 16:19:24;Sell;0.04;XAUUSD;4 562.23;4 564.88;4 555.46;2026.05.25 16:21:25;4 564.88;;;-10.60;[sl]
2026.05.25 15:44:14;Buy Stop;0.04;XAUUSD;4 569.43;4 566.81;4 575.53;2026.05.25 16:02:17;4 562.35;;;;cancelled
2026.05.25 15:44:18;Sell;0.04;XAUUSD;4 566.81;4 569.43;4 562.26;2026.05.25 16:02:09;4 562.26;;;18.20;[tp]
2026.05.25 15:28:26;Sell Stop;0.04;XAUUSD;4 557.49;4 560.79;4 554.05;2026.05.25 15:37:24;4 568.02;;;;cancelled
2026.05.25 15:29:37;Buy;0.04;XAUUSD;4 560.79;4 557.49;4 564.60;2026.05.25 15:35:17;4 564.60;;;15.24;[tp]
2026.05.25 15:04:29;Buy Stop;0.04;XAUUSD;4 566.22;4 563.90;4 570.81;2026.05.25 15:16:48;4 555.54;;;;cancelled
2026.05.25 15:05:07;Sell;0.04;XAUUSD;4 563.90;4 566.22;4 555.55;2026.05.25 15:16:43;4 555.55;;;33.40;[tp]
2026.05.25 14:59:57;Sell;0.04;XAUUSD;4 569.42;4 571.49;4 567.03;2026.05.25 15:00:42;4 567.03;;;9.56;[tp]
2026.05.25 14:58:35;Buy;0.04;XAUUSD;4 571.24;4 569.42;4 575.53;2026.05.25 14:59:57;4 569.42;;;-7.28;[sl]
2026.05.25 14:14:38;Sell Stop;0.04;XAUUSD;4 568.63;4 571.29;4 565.43;2026.05.25 14:52:50;4 571.11;;;;cancelled
2026.05.25 14:25:39;Buy;0.04;XAUUSD;4 571.29;4 568.63;4 579.30;2026.05.25 14:51:19;4 571.39;;;0.40;
2026.05.25 14:00:20;Sell;0.04;XAUUSD;4 568.39;4 570.25;4 553.37;2026.05.25 14:13:49;4 570.25;;;-7.44;[sl]
2026.05.25 13:07:16;Buy;0.04;XAUUSD;4 570.25;4 568.39;4 577.56;2026.05.25 14:00:20;4 568.39;;;-7.44;[sl]
2026.05.25 11:43:57;Sell;0.04;XAUUSD;4 554.22;4 557.53;4 549.55;2026.05.25 12:01:22;4 557.53;;;-13.24;[sl]
2026.05.25 11:43:11;Buy Stop;0.04;XAUUSD;4 557.53;4 554.22;;2026.05.25 11:45:09;4 555.06;;;;cancelled
2026.05.25 11:00:54;Sell;0.04;XAUUSD;4 563.30;4 564.83;4 558.55;2026.05.25 11:01:19;4 564.83;;;-6.12;[sl]
2026.05.25 10:42:52;Buy;0.04;XAUUSD;4 560.40;4 558.18;4 564.35;2026.05.25 10:54:01;4 564.35;;;15.80;[tp]
2026.05.25 10:37:35;Sell;0.04;XAUUSD;4 558.18;4 560.40;4 554.29;2026.05.25 10:42:52;4 560.40;;;-8.88;[sl]
2026.05.25 10:12:17;Buy;0.04;XAUUSD;4 564.75;4 561.81;4 571.61;2026.05.25 10:13:48;4 561.81;;;-11.76;[sl]
2026.05.25 10:09:47;Sell Stop;0.04;XAUUSD;4 561.81;4 564.75;4 555.81;2026.05.25 10:12:33;4 564.16;;;;cancelled
2026.05.25 10:09:36;Sell Limit;0.04;XAUUSD;4 564.40;;;2026.05.25 10:09:40;4 561.58;;;;cancelled
2026.05.25 10:09:06;Sell Limit;0.04;XAUUSD;4 564.40;4 564.75;;2026.05.25 10:09:26;4 561.73;;;;cancelled
2026.05.25 09:55:12;Buy Limit;0.04;XAUUSD;4 559.65;4 556.41;4 563.24;2026.05.25 10:03:10;4 564.82;;;;cancelled
2026.05.25 09:55:36;Sell Stop;0.04;XAUUSD;4 556.41;4 559.65;4 552.34;2026.05.25 10:03:09;4 564.42;;;;cancelled
2026.05.25 08:42:30;Sell Limit;0.04;XAUUSD;4 558.96;4 561.43;4 551.72;2026.05.25 08:52:09;4 553.77;;;;cancelled
2026.05.25 08:42:39;Buy Stop;0.04;XAUUSD;4 561.43;4 558.96;4 564.55;2026.05.25 08:52:08;4 554.22;;;;cancelled
2026.05.25 07:21:09;Buy;0.04;XAUUSD;4 564.77;4 559.39;4 571.61;2026.05.25 08:21:01;4 559.39;;;-21.52;[sl]
2026.05.25 06:44:06;Sell;0.04;XAUUSD;4 559.39;4 564.77;4 553.09;2026.05.25 07:21:09;4 564.77;;;-21.52;[sl]
2026.05.25 04:23:12;Buy;0.04;XAUUSD;4 570.31;4 562.69;4 578.21;2026.05.25 04:45:03;4 562.69;;;-30.48;[sl]
2026.05.25 04:18:01;Sell;0.04;XAUUSD;4 562.69;4 570.31;4 504.81;2026.05.25 04:23:12;4 570.31;;;-30.48;[sl]
2026.05.25 04:15:05;Buy Stop;0.04;XAUUSD;4 567.18;4 562.13;;2026.05.25 04:15:51;4 562.86;;;;cancelled
2026.05.25 04:05:11;Buy Stop;0.04;XAUUSD;4 574.78;4 566.91;4 586.64;2026.05.25 04:14:39;4 566.65;;;;cancelled
2026.05.25 04:07:28;Sell;0.04;XAUUSD;4 566.91;4 574.78;4 504.81;2026.05.25 04:14:38;4 566.68;;;0.92;
2026.05.25 04:00:06;Buy;0.04;XAUUSD;4 575.06;4 570.80;4 579.13;2026.05.25 04:00:31;4 570.80;;;-17.04;[sl]
2026.05.25 03:56:09;Sell;0.04;XAUUSD;4 570.80;4 575.06;4 566.17;2026.05.25 04:00:06;4 575.06;;;-17.04;[sl]
2026.05.25 02:52:06;Sell;0.04;XAUUSD;4 574.77;4 578.99;4 561.56;2026.05.25 03:49:45;4 578.99;;;-16.88;[sl]
2026.05.25 02:32:43;Buy;0.04;XAUUSD;4 578.99;4 574.77;4 586.64;2026.05.25 02:52:06;4 574.77;;;-16.88;[sl]
2026.05.25 02:21:34;Buy;0.04;XAUUSD;4 577.33;4 573.85;4 583.39;2026.05.25 02:25:59;4 573.85;;;-13.92;[sl]
2026.05.25 02:18:50;Sell;0.04;XAUUSD;4 573.85;4 577.33;4 561.56;2026.05.25 02:21:34;4 577.33;;;-13.92;[sl]
2026.05.24 11:25:22;Buy;0.40;BTCUSD;76 841.98;76 767.00;76 930.24;2026.05.24 11:34:13;76 767.00;;;-29.99;[sl]
2026.05.24 10:55:01;Sell;0.40;BTCUSD;76 767.26;76 838.00;76 656.66;2026.05.24 11:25:22;76 841.98;;;-29.89;[sl]
2026.05.24 10:48:56;Sell;0.40;BTCUSD;76 757.00;76 829.00;76 209.84;2026.05.24 10:52:10;76 833.80;;;-30.72;[sl]
2026.05.24 09:48:31;Buy;0.40;BTCUSD;76 832.19;76 760.00;77 124.19;2026.05.24 10:48:56;76 757.00;;;-30.08;[sl]
2026.05.24 08:49:04;Buy;0.40;BTCUSD;76 734.35;76 668.54;76 803.48;2026.05.24 08:51:31;76 803.48;;;27.65;[tp]
2026.05.24 08:38:01;Sell;0.40;BTCUSD;76 668.54;76 732.00;76 467.21;2026.05.24 08:49:04;76 734.35;;;-26.32;[sl]
2026.05.24 08:28:22;Buy;0.40;BTCUSD;76 717.47;76 682.00;76 791.38;2026.05.24 08:28:52;76 676.13;;;-16.54;[sl]
2026.05.24 08:28:14;Sell;0.40;BTCUSD;76 682.00;76 715.00;76 467.21;2026.05.24 08:28:22;76 717.47;;;-14.19;[sl]
2026.05.24 06:21:40;Sell Limit;0.40;BTCUSD;76 925.00;76 962.00;76 467.21;2026.05.24 08:05:10;76 752.08;;;;cancelled
2026.05.24 06:21:54;Buy Stop;0.40;BTCUSD;76 962.00;76 925.00;77 135.40;2026.05.24 08:05:09;76 776.50;;;;cancelled
2026.05.23 21:50:07;Sell Stop;0.40;BTCUSD;75 729.00;75 912.00;75 514.42;2026.05.23 23:49:58;76 813.41;;;;cancelled
2026.05.23 22:18:14;Buy;0.40;BTCUSD;75 915.53;75 729.00;76 561.13;2026.05.23 23:37:36;76 561.13;;;258.24;[tp]
2026.05.23 19:21:35;Sell;0.40;BTCUSD;75 443.08;75 547.89;75 071.61;2026.05.23 19:39:09;75 552.11;;;-43.61;[sl]
2026.05.23 19:11:36;Buy;0.40;BTCUSD;75 547.89;75 444.00;75 894.72;2026.05.23 19:21:35;75 443.08;;;-41.92;[sl]
2026.05.23 12:30:51;Buy;0.40;BTCUSD;74 736.94;74 467.00;75 414.88;2026.05.23 17:36:48;75 414.88;;;271.18;[tp]
2026.05.23 11:37:02;Sell;0.40;BTCUSD;74 467.00;74 712.00;74 213.51;2026.05.23 12:30:51;74 736.94;;;-107.98;[sl]
2026.05.23 09:46:40;Sell;0.40;BTCUSD;75 387.00;75 544.00;74 996.90;2026.05.23 10:46:33;74 996.90;;;156.04;[tp]
2026.05.23 06:07:56;Buy;0.40;BTCUSD;75 585.00;75 387.00;75 894.72;2026.05.23 09:46:40;75 387.00;;;-79.20;[sl]
2026.05.22 21:22:53;Buy;0.04;XAUUSD;4 518.02;4 515.83;4 524.38;2026.05.22 21:29:03;4 515.83;;;-8.76;[sl]
2026.05.22 21:05:59;Sell;0.04;XAUUSD;4 515.83;4 518.02;4 512.39;2026.05.22 21:22:53;4 518.02;;;-8.76;[sl]
2026.05.22 20:35:32;Buy Stop;0.04;XAUUSD;4 525.69;4 521.88;4 529.78;2026.05.22 21:04:25;4 515.77;;;;cancelled
2026.05.22 20:37:36;Sell;0.04;XAUUSD;4 521.88;4 525.69;4 513.17;2026.05.22 21:04:17;4 513.17;;;34.84;[tp]
2026.05.22 20:07:00;Buy;0.04;XAUUSD;4 519.68;4 515.64;4 524.26;2026.05.22 20:19:59;4 515.64;;;-16.16;[sl]
2026.05.22 19:43:14;Sell;0.04;XAUUSD;4 515.64;4 519.68;4 509.60;2026.05.22 20:07:00;4 519.68;;;-16.16;[sl]
2026.05.22 19:33:51;Sell;0.04;XAUUSD;4 522.53;4 524.55;4 518.27;2026.05.22 19:41:43;4 518.27;;;17.04;[tp]
2026.05.22 19:32:45;Buy;0.04;XAUUSD;4 524.55;4 522.53;4 528.38;2026.05.22 19:33:51;4 522.53;;;-8.08;[sl]
2026.05.22 18:34:13;Sell Stop;0.04;XAUUSD;4 514.08;4 518.70;4 507.11;2026.05.22 19:30:39;4 525.95;;;;cancelled
2026.05.22 18:35:27;Buy;0.04;XAUUSD;4 518.70;4 514.08;4 524.26;2026.05.22 19:30:34;4 524.26;;;22.24;[tp]
2026.05.22 15:20:11;Buy Stop;0.04;XAUUSD;4 536.50;4 526.12;4 553.92;2026.05.22 17:23:59;4 493.30;;;;cancelled
2026.05.22 15:22:04;Sell;0.04;XAUUSD;4 526.12;4 536.50;4 514.96;2026.05.22 16:42:26;4 514.96;;;44.64;[tp]
2026.05.22 15:06:12;Sell Stop;0.04;XAUUSD;4 518.68;4 522.55;;2026.05.22 15:14:27;4 527.77;;;;cancelled
2026.05.22 15:05:51;Buy;0.04;XAUUSD;4 522.55;4 518.68;4 527.79;2026.05.22 15:14:23;4 527.79;;;20.96;[tp]
2026.05.22 08:37:32;Buy;0.04;XAUUSD;4 533.30;4 527.54;;2026.05.22 08:55:07;4 527.54;;;-23.04;[sl]
2026.05.22 07:58:02;Sell;0.04;XAUUSD;4 527.54;4 533.30;;2026.05.22 08:37:32;4 533.30;;;-23.04;[sl]
2026.05.22 06:51:24;Buy Limit;0.04;XAUUSD;4 527.40;;;2026.05.22 06:51:33;4 529.08;;;;cancelled
2026.05.22 02:24:02;Sell;0.04;XAUUSD;4 539.58;4 527.40;;2026.05.22 06:43:57;4 527.40;;;48.72;[sl]
2026.05.22 02:23:56;Buy Stop;0.04;XAUUSD;4 545.39;4 539.58;;2026.05.22 04:45:33;4 527.07;;;;cancelled
2026.05.21 20:00:24;Buy;0.04;XAUUSD;4 521.38;4 539.64;;2026.05.22 02:21:16;4 539.64;;;73.04;[sl]
2026.05.21 18:55:12;Sell Stop;0.04;XAUUSD;4 494.93;4 521.38;;2026.05.22 01:20:51;4 542.05;;;;cancelled
2026.05.21 15:25:34;Sell;0.04;XAUUSD;4 505.08;4 518.80;4 485.08;2026.05.21 16:54:33;4 518.80;;;-54.88;[sl]
2026.05.21 15:11:13;Buy;0.04;XAUUSD;4 518.80;4 505.08;4 538.80;2026.05.21 15:25:34;4 505.08;;;-54.88;[sl]
2026.05.21 13:25:14;Sell;0.04;XAUUSD;4 529.59;4 518.21;;2026.05.21 14:11:52;4 518.21;;;45.52;[sl]
2026.05.21 09:49:23;Sell;0.04;XAUUSD;4 522.94;4 518.46;;2026.05.21 10:49:52;4 518.46;;;17.92;[sl]
2026.05.21 07:45:31;Buy;0.04;XAUUSD;4 536.86;4 527.26;;2026.05.21 08:18:59;4 527.26;;;-38.40;[sl]
2026.05.21 06:21:44;Buy;0.04;XAUUSD;4 539.42;4 531.41;;2026.05.21 06:50:30;4 531.41;;;-32.04;[sl]
2026.05.21 02:48:43;Buy;0.04;XAUUSD;4 545.79;4 560.06;;2026.05.21 04:54:03;4 560.06;;;57.08;[sl]
2026.05.21 02:00:21;Buy Stop;0.04;XAUUSD;4 543.69;4 535.17;;2026.05.21 02:33:57;4 540.45;;;;cancelled
2026.05.20 19:56:38;Buy;0.04;XAUUSD;4 534.18;4 524.05;;2026.05.21 01:59:28;4 538.17;;;15.96;
2026.05.20 17:51:59;Buy Limit;0.04;XAUUSD;4 511.15;4 467.06;;2026.05.20 19:34:29;4 525.32;;;;cancelled
2026.05.20 19:07:28;Buy Stop;0.04;XAUUSD;4 539.87;4 524.43;;2026.05.20 19:25:56;4 525.98;;;;cancelled
2026.05.20 16:29:47;Sell;0.04;XAUUSD;4 489.79;4 506.58;;2026.05.20 17:21:35;4 506.58;;;-67.16;[sl]
2026.05.20 15:32:05;Buy;0.04;XAUUSD;4 501.10;4 492.90;;2026.05.20 16:26:15;4 492.90;;;-32.80;[sl]
2026.05.20 14:29:37;Buy;0.04;XAUUSD;4 501.34;4 491.11;;2026.05.20 14:51:31;4 491.11;;;-40.92;[sl]
2026.05.20 14:19:14;Sell;0.04;XAUUSD;4 492.71;4 497.40;;2026.05.20 14:26:51;4 497.40;;;-18.76;[sl]
2026.05.20 13:17:40;Buy Limit;0.04;XAUUSD;4 485.13;4 472.75;;2026.05.20 13:50:35;4 491.24;;;;cancelled
2026.05.20 12:27:51;Sell;0.04;XAUUSD;4 476.72;4 489.76;4 456.72;2026.05.20 12:52:35;4 489.76;;;-52.16;[sl]
2026.05.20 05:44:47;Sell;0.04;XAUUSD;4 462.10;4 487.43;4 432.10;2026.05.20 11:30:09;4 487.43;;;-101.32;[sl]
2026.05.20 02:32:55;Sell;0.04;XAUUSD;4 490.18;4 511.41;4 460.18;2026.05.20 04:36:29;4 460.18;;;120.00;[tp]
2026.05.20 02:05:37;Sell;0.04;XAUUSD;4 481.83;4 488.57;4 471.83;2026.05.20 02:19:36;4 488.57;;;-26.96;[sl]
2026.05.19 19:14:32;Sell Stop;0.04;XAUUSD;4 496.13;4 510.67;;2026.05.19 19:26:25;4 509.57;;;;cancelled
2026.05.19 12:17:01;Sell;0.04;XAUUSD;4 536.29;4 559.71;4 506.29;2026.05.19 16:23:42;4 506.29;;;120.00;[tp]
2026.05.19 10:44:45;Sell;0.04;XAUUSD;4 541.55;4 555.61;4 521.55;2026.05.19 10:55:44;4 555.61;;;-56.24;[sl]
2026.05.19 10:29:55;Sell Stop;0.04;XAUUSD;4 543.04;;;2026.05.19 10:30:08;4 547.35;;;;cancelled
2026.05.19 09:21:30;Buy Limit;0.04;XAUUSD;4 543.89;4 530.73;4 563.89;2026.05.19 09:28:10;4 550.17;;;;cancelled
2026.05.19 08:33:03;Sell Stop;0.04;XAUUSD;4 530.73;4 546.90;4 510.73;2026.05.19 09:21:06;4 549.27;;;;cancelled
2026.05.19 08:01:01;Buy;0.04;XAUUSD;4 544.05;4 537.97;;2026.05.19 08:22:11;4 537.97;;;-24.32;[sl]
2026.05.19 04:44:24;Buy Stop;0.04;XAUUSD;4 572.70;4 554.08;;2026.05.19 05:12:45;4 555.78;;;;cancelled
2026.05.19 03:15:01;Buy;0.04;XAUUSD;4 578.46;4 570.97;;2026.05.19 03:28:45;4 570.97;;;-29.96;[sl]
2026.05.18 17:48:34;Sell;0.04;XAUUSD;4 538.60;4 563.41;4 508.60;2026.05.18 22:03:35;4 563.41;;;-99.24;[sl]
2026.05.18 14:09:52;Buy;0.04;XAUUSD;4 535.98;4 545.33;;2026.05.18 17:34:31;4 545.33;;;37.40;[sl]
2026.05.18 10:43:31;Buy;0.04;XAUUSD;4 551.77;4 545.33;;2026.05.18 17:34:31;4 545.33;;;-25.76;[sl]
2026.05.18 08:30:00;Buy;0.04;XAUUSD;4 550.99;4 532.10;4 570.99;2026.05.18 08:58:39;4 532.10;;;-75.56;[sl]
2026.05.18 07:51:50;Sell Stop;0.50;XAUUSD;4 530.09;4 550.15;;2026.05.18 08:23:15;4 547.78;;;;cancelled
2026.05.18 03:19:58;Sell;0.05;XAUUSD;4 523.04;4 544.44;;2026.05.18 06:44:15;4 544.44;;;-107.00;[sl]
2026.05.15 20:35:11;Buy Stop;0.05;XAUUSD;4 564.74;4 543.17;4 594.74;2026.05.18 02:15:39;4 541.80;;;;cancelled
2026.05.17 17:26:03;Sell;0.50;BTCUSD;78 024.00;78 037.00;;2026.05.17 20:44:12;78 042.46;;;-9.23;[sl]
2026.05.17 12:53:59;Buy Limit;0.50;BTCUSD;78 131.00;78 047.00;78 226.00;2026.05.17 13:43:23;78 436.59;;;;cancelled
2026.05.17 10:24:36;Sell Stop;0.50;BTCUSD;77 975.00;78 195.00;77 695.10;2026.05.17 10:45:58;78 132.01;;;;cancelled
2026.05.17 10:24:29;Sell Stop;0.50;BTCUSD;77 975.00;;;2026.05.17 10:24:53;78 073.35;;;;cancelled
2026.05.17 06:54:53;Buy;0.50;BTCUSD;78 013.00;77 851.00;78 196.00;2026.05.17 08:06:29;78 196.00;;;91.50;[tp]
2026.05.16 19:04:39;Buy;0.50;BTCUSD;78 345.11;77 874.00;78 842.00;2026.05.17 03:58:46;77 856.86;;;-244.13;[sl]
2026.05.16 13:08:33;Sell;0.50;BTCUSD;77 838.51;78 202.00;77 155.00;2026.05.16 18:32:07;78 203.78;;;-182.64;[sl]
2026.05.16 09:41:05;Sell;0.50;BTCUSD;78 748.35;79 040.00;78 457.00;2026.05.16 09:50:18;78 457.00;;;145.68;[tp]
2026.05.16 07:10:24;Sell;0.50;BTCUSD;79 021.30;79 173.00;78 821.30;2026.05.16 09:21:17;78 821.30;;;100.00;[tp]
2026.05.15 12:38:25;Sell;0.05;XAUUSD;4 545.85;4 564.10;4 525.85;2026.05.15 13:51:31;4 564.10;;;-91.25;[sl]
2026.05.15 10:29:58;Buy Stop;0.05;XAUUSD;4 589.09;4 564.32;4 619.09;2026.05.15 11:14:02;4 564.54;;;;cancelled
2026.05.15 07:43:41;Sell;0.05;XAUUSD;4 607.22;4 631.91;4 577.22;2026.05.15 08:32:05;4 577.22;;;150.00;[tp]
2026.05.15 06:44:57;Sell;0.05;XAUUSD;4 613.57;4 631.91;4 593.57;2026.05.15 07:11:50;4 621.03;;;-37.30;
2026.05.14 21:58:23;Sell;0.05;XAUUSD;4 670.29;4 687.36;4 650.29;2026.05.14 23:04:46;4 650.29;;;100.00;[tp]
2026.05.14 21:03:06;Sell;0.05;XAUUSD;4 670.29;4 687.36;;2026.05.14 21:49:29;4 669.41;;;4.40;
2026.05.14 20:34:22;Sell Stop;0.05;XAUUSD;4 674.11;;;2026.05.14 20:34:32;4 678.61;;;;cancelled
2026.05.14 16:00:16;Buy;0.05;XAUUSD;4 707.93;4 692.28;;2026.05.14 16:19:28;4 692.28;;;-78.25;[sl]
2026.05.14 10:43:11;Buy Stop;0.05;XAUUSD;4 719.23;4 694.84;;2026.05.14 10:58:17;4 693.55;;;;cancelled
2026.05.13 20:34:57;Buy;0.05;XAUUSD;4 691.23;4 678.92;;2026.05.14 06:41:22;4 678.92;;;-61.55;[sl]
2026.05.13 19:27:25;Sell Stop;0.05;XAUUSD;4 669.46;4 691.23;;2026.05.13 19:43:01;4 701.26;;;;cancelled
2026.05.13 19:24:11;Buy;0.05;XAUUSD;4 706.29;4 695.82;;2026.05.13 19:26:02;4 706.23;;;-0.30;
2026.05.13 15:01:28;Sell;0.05;XAUUSD;4 695.82;4 705.66;;2026.05.13 19:24:11;4 706.36;;;-52.70;[sl]
2026.05.13 13:36:09;Sell Limit;0.05;XAUUSD;4 698.75;4 710.94;;2026.05.13 13:48:40;4 695.37;;;;cancelled
2026.05.13 12:46:34;Sell;0.05;XAUUSD;4 693.54;4 703.24;;2026.05.13 13:08:09;4 703.24;;;-48.50;[sl]
2026.05.13 06:29:56;Buy;0.05;XAUUSD;4 701.00;4 687.58;;2026.05.13 12:22:33;4 687.58;;;-67.10;[sl]
2026.05.13 01:05:01;Buy;0.05;XAUUSD;4 720.20;4 711.99;;2026.05.13 04:00:13;4 711.99;;;-41.05;[sl]
2026.05.12 16:19:12;Sell;0.05;XAUUSD;4 687.40;4 711.92;;2026.05.12 22:53:51;4 711.92;;;-122.60;[sl]
2026.05.12 15:30:21;Sell;0.05;XAUUSD;4 695.17;4 709.49;;2026.05.12 15:46:28;4 710.19;;;-75.10;[sl]
2026.05.12 13:44:40;Sell Stop;0.05;XAUUSD;4 685.08;4 708.86;;2026.05.12 14:57:40;4 708.92;;;;cancelled
2026.05.12 12:21:15;Sell;0.05;XAUUSD;4 697.88;4 707.09;;2026.05.12 13:07:24;4 707.09;;;-46.05;[sl]
2026.05.12 07:05:06;Sell;0.05;XAUUSD;4 722.77;4 705.17;;2026.05.12 11:01:42;4 705.17;;;88.00;[sl]
2026.05.12 05:15:44;Buy Stop;0.05;XAUUSD;4 734.37;4 720.24;;2026.05.12 06:58:18;4 720.15;;;;cancelled
2026.05.12 03:23:36;Buy;0.05;XAUUSD;4 755.17;4 745.99;;2026.05.12 04:04:46;4 745.99;;;-45.90;[sl]
2026.05.12 02:46:52;Buy Stop;0.05;XAUUSD;4 759.68;;;2026.05.12 02:47:28;4 758.65;;;;cancelled
2026.05.11 22:49:32;Buy Limit;0.05;XAUUSD;4 124.86;;;2026.05.12 02:46:01;4 756.58;;;;cancelled
2026.05.11 15:31:34;Buy;0.05;XAUUSD;4 695.65;4 722.82;;2026.05.11 19:29:05;4 722.82;;;135.85;[sl]
2026.05.11 15:17:20;Sell Stop;0.05;XAUUSD;4 667.43;4 677.68;;2026.05.11 15:21:56;4 680.92;;;;cancelled
2026.05.11 13:15:48;Sell Stop;0.05;XAUUSD;4 656.27;4 679.15;;2026.05.11 15:01:07;4 672.88;;;;cancelled
2026.05.11 12:55:15;Sell Limit;0.05;XAUUSD;4 666.83;4 680.68;;2026.05.11 13:13:52;4 661.68;;;;cancelled
2026.05.11 08:48:46;Sell Limit;0.05;XAUUSD;4 670.57;4 676.31;;2026.05.11 09:12:50;4 666.77;;;;cancelled
2026.05.11 08:33:31;Buy;0.05;XAUUSD;4 676.36;4 668.40;;2026.05.11 08:43:05;4 668.40;;;-39.80;[sl]
2026.05.11 04:22:48;Buy;0.06;XAUUSD;4 700.05;4 670.34;;2026.05.11 07:21:54;4 670.34;;;-178.26;[sl]
2026.05.11 03:05:44;Sell;0.60;XAUUSD;4 689.99;4 698.92;;2026.05.11 04:05:36;4 698.92;;;-535.80;[sl]
2026.05.11 02:49:05;Buy;0.06;XAUUSD;4 697.50;4 688.75;;2026.05.11 03:00:03;4 688.75;;;-52.50;[sl]
2026.05.08 04:49:11;Buy;0.06;XAUUSD;4 719.89;4 696.88;;2026.05.11 01:05:01;4 684.81;;;-210.48;[sl]
2026.05.10 20:48:04;Buy;0.60;BTCUSD;81 425.28;81 185.00;;2026.05.10 22:01:17;81 181.94;;;-146.00;[sl]
2026.05.10 18:17:54;Buy Limit;0.60;BTCUSD;80 945.00;80 748.00;;2026.05.10 20:31:32;81 389.14;;;;cancelled
2026.05.10 17:54:17;Buy;0.60;BTCUSD;81 002.79;80 829.00;;2026.05.10 18:11:34;80 957.71;;;-27.05;
2026.05.10 16:21:32;Buy;0.60;BTCUSD;80 947.77;80 839.00;;2026.05.10 17:46:55;80 835.01;;;-67.66;[sl]
2026.05.10 05:47:10;Buy;0.60;BTCUSD;80 762.28;80 581.00;;2026.05.10 14:30:53;80 780.20;;;10.75;
2026.05.10 13:20:47;Sell Stop;0.60;BTCUSD;80 581.00;80 686.00;80 271.00;2026.05.10 14:30:33;80 780.19;;;;cancelled
2026.05.09 20:25:52;Buy;0.60;BTCUSD;80 827.38;80 550.00;;2026.05.10 04:03:30;80 546.65;;;-168.44;[sl]
2026.05.09 18:34:20;Buy Limit;0.60;BTCUSD;80 406.00;80 196.00;;2026.05.09 20:31:52;80 866.31;;;;cancelled
2026.05.09 13:39:45;Sell;0.60;BTCUSD;80 304.00;80 449.00;;2026.05.09 18:30:41;80 451.21;;;-88.33;[sl]
2026.05.09 10:24:57;Sell Stop;0.60;BTCUSD;80 104.00;;;2026.05.09 10:25:07;80 245.83;;;;cancelled
2026.05.09 07:37:42;Buy Stop;0.60;BTCUSD;80 663.00;80 267.00;;2026.05.09 09:29:49;80 305.38;;;;cancelled
2026.05.09 03:42:51;Buy;0.60;BTCUSD;80 188.00;80 285.00;;2026.05.09 06:41:29;80 274.80;;;52.08;[sl]
2026.05.08 03:46:49;Sell Stop;0.06;XAUUSD;4 693.96;4 709.86;;2026.05.08 04:15:23;4 712.28;;;;cancelled
2026.05.07 20:18:56;Sell;0.06;XAUUSD;4 710.42;4 723.37;;2026.05.08 02:46:08;4 699.93;;;62.94;
2026.05.07 12:43:26;Buy;0.06;XAUUSD;4 739.08;4 747.52;;2026.05.07 18:24:41;4 747.52;;;50.64;[sl]
2026.05.07 04:15:26;Buy;0.06;XAUUSD;4 711.40;4 731.54;;2026.05.07 11:58:48;4 731.54;;;120.84;[sl]
2026.05.07 03:29:29;Sell;0.06;XAUUSD;4 692.26;4 701.63;;2026.05.07 04:10:19;4 702.31;;;-60.30;[sl]
2026.05.07 01:10:04;Sell;0.06;XAUUSD;4 693.88;4 700.49;;2026.05.07 03:00:20;4 700.49;;;-39.66;[sl]
2026.05.06 20:36:02;Sell;0.06;XAUUSD;4 679.44;4 692.39;;2026.05.06 22:04:00;4 692.39;;;-77.70;[sl]
2026.05.06 19:51:00;Buy;0.06;XAUUSD;4 688.90;4 681.20;;2026.05.06 19:58:14;4 681.20;;;-46.20;[sl]
2026.05.06 16:32:38;Buy;0.06;XAUUSD;4 692.83;4 704.56;;2026.05.06 17:50:24;4 704.56;;;70.38;[sl]
2026.05.06 09:00:56;Buy;0.06;XAUUSD;4 664.27;4 695.44;;2026.05.06 14:56:30;4 694.40;;;180.78;[sl]
2026.05.06 03:00:01;Buy;0.06;XAUUSD;4 596.07;4 645.95;;2026.05.06 08:32:08;4 645.95;;;299.28;[sl]
2026.05.05 17:30:14;Buy Stop;0.06;XAUUSD;4 586.90;4 565.85;;2026.05.05 19:21:22;4 565.58;;;;cancelled
2026.05.05 15:21:26;Buy;0.06;XAUUSD;4 567.50;4 571.57;;2026.05.05 17:14:45;4 571.57;;;24.42;[sl]
2026.05.05 14:30:45;Buy Limit;0.06;XAUUSD;4 553.53;4 539.84;;2026.05.05 15:17:42;4 564.04;;;;cancelled
2026.05.05 08:03:39;Buy;0.06;XAUUSD;4 536.96;4 543.22;;2026.05.05 13:51:06;4 542.64;;;34.08;[sl]
2026.05.05 05:00:47;Buy;0.06;XAUUSD;4 541.58;4 534.01;;2026.05.05 06:57:59;4 534.01;;;-45.42;[sl]
2026.05.05 03:29:33;Sell Stop;0.06;XAUUSD;4 513.53;4 528.85;;2026.05.05 04:11:27;4 534.95;;;;cancelled
2026.05.05 03:02:18;Sell;0.06;XAUUSD;4 521.57;4 527.97;;2026.05.05 03:13:33;4 527.97;;;-38.40;[sl]
2026.05.04 18:16:18;Buy Stop;0.06;XAUUSD;4 571.17;4 525.98;;2026.05.04 18:21:42;4 523.24;;;;cancelled
2026.05.04 15:16:13;Buy;0.06;XAUUSD;4 566.19;4 551.43;;2026.05.04 18:13:54;4 551.43;;;-88.56;[sl]
2026.05.04 12:40:34;Buy;0.06;XAUUSD;4 584.60;4 575.79;;2026.05.04 12:57:49;4 575.79;;;-52.86;[sl]
2026.05.04 06:46:12;Buy;0.06;XAUUSD;4 612.13;4 590.98;;2026.05.04 09:05:15;4 590.45;;;-130.08;[sl]
2026.05.03 20:35:56;Buy;0.60;BTCUSD;78 790.00;78 526.00;;2026.05.04 02:45:03;78 493.43;;;-177.94;[sl]
2026.05.03 17:18:12;Buy;0.60;BTCUSD;78 690.00;78 560.00;;2026.05.03 19:20:20;78 557.85;;;-79.29;[sl]
2026.05.03 15:21:53;Buy Stop;0.30;BTCUSD;78 876.00;78 619.00;;2026.05.03 16:49:43;78 620.75;;;;cancelled
2026.05.03 14:34:32;Buy;0.60;BTCUSD;78 555.00;78 619.00;;2026.05.03 16:27:09;78 607.35;;;31.41;[sl]
2026.05.03 13:46:23;Sell;0.60;BTCUSD;78 381.51;78 545.00;;2026.05.03 14:10:36;78 546.25;;;-98.84;[sl]
2026.05.03 09:25:02;Sell;0.70;BTCUSD;78 074.85;78 298.00;;2026.05.03 09:54:10;78 298.00;;;-156.21;[sl]
2026.05.02 21:50:36;Buy;0.70;BTCUSD;78 457.60;78 282.00;;2026.05.03 04:02:45;78 238.60;;;-153.30;[sl]
2026.05.02 18:53:00;Buy;0.70;BTCUSD;78 438.08;78 325.00;;2026.05.02 21:04:01;78 324.20;;;-79.72;[sl]
2026.05.02 17:32:45;Buy Stop;0.03;BTCUSD;78 485.00;78 277.00;;2026.05.02 18:39:28;78 406.11;;;;cancelled
2026.05.02 10:51:53;Buy;0.70;BTCUSD;78 199.00;78 344.00;;2026.05.02 18:18:59;78 340.45;;;99.02;[sl]
2026.05.02 08:52:16;Buy;0.07;BTCUSD;78 199.58;78 344.00;;2026.05.02 18:18:59;78 340.45;;;9.86;[sl]
2026.05.02 06:34:13;Buy;0.07;BTCUSD;78 402.11;78 197.00;;2026.05.02 07:40:19;78 122.88;;;-19.55;[sl]
2026.05.02 05:03:08;Buy;0.70;BTCUSD;78 346.00;78 216.00;;2026.05.02 06:10:16;78 209.13;;;-95.81;[sl]
2026.05.02 02:18:18;Buy;0.70;BTCUSD;78 082.00;78 216.00;;2026.05.02 06:10:16;78 209.13;;;88.99;[sl]
2026.05.02 02:37:47;Balance;;;;;;;;;;0.00;
2026.05.02 02:37:45;Balance;;;;;;;;;;0.00;
2026.05.01 22:12:20;Buy;0.07;XAUUSD;4 626.29;4 616.06;;2026.05.01 22:36:04;4 616.06;;;-71.61;[sl]
2026.05.01 18:24:05;Buy;0.03;XAUUSD;4 637.03;4 634.05;;2026.05.01 18:50:35;4 633.05;;;-11.94;[sl]
2026.05.01 14:20:21;Buy;0.06;XAUUSD;4 573.06;4 634.05;;2026.05.01 18:50:35;4 633.05;;;359.94;[sl]
2026.05.01 16:52:34;Buy Limit;0.03;XAUUSD;4 609.35;4 586.46;;2026.05.01 18:24:12;4 636.86;;;;cancelled
2026.05.01 12:47:36;Buy Stop;0.07;XAUUSD;4 571.64;4 564.28;;2026.05.01 12:54:41;4 563.86;;;;cancelled
2026.05.01 10:17:28;Buy;0.07;XAUUSD;4 596.77;4 589.98;;2026.05.01 10:22:07;4 589.98;;;-47.53;[sl]
2026.05.01 10:00:33;Buy;0.07;XAUUSD;4 596.39;4 590.78;;2026.05.01 10:06:30;4 589.97;;;-44.94;[sl]
2026.05.01 08:27:35;Buy;0.07;XAUUSD;4 615.15;4 607.44;;2026.05.01 08:45:44;4 607.44;;;-53.97;[sl]
2026.05.01 07:03:27;Buy Stop;0.03;XAUUSD;4 628.33;;;2026.05.01 07:03:40;4 625.17;;;;cancelled
2026.05.01 05:46:55;Buy;0.07;XAUUSD;4 622.20;4 613.89;;2026.05.01 07:03:35;4 624.71;;;17.57;
2026.05.01 02:44:40;Buy;0.07;XAUUSD;4 632.28;4 626.65;;2026.05.01 02:59:36;4 626.65;;;-39.41;[sl]
2026.04.30 21:00:11;Sell Stop;0.07;XAUUSD;4 615.24;4 622.10;;2026.04.30 21:02:09;4 623.00;;;;cancelled
2026.04.30 19:01:18;Sell;0.03;XAUUSD;4 613.50;4 618.14;;2026.04.30 20:05:25;4 618.14;;;-13.92;[sl]
2026.04.30 15:06:29;Sell;0.07;XAUUSD;4 635.91;4 618.14;;2026.04.30 20:05:25;4 618.14;;;124.39;[sl]
2026.04.30 06:30:15;Sell;0.03;XAUUSD;4 562.81;4 569.58;;2026.04.30 08:51:33;4 569.58;;;-20.31;[sl]
2026.04.30 05:29:56;Sell;0.07;XAUUSD;4 571.96;4 569.58;;2026.04.30 08:51:33;4 569.58;;;16.66;[sl]
2026.04.29 19:53:30;Sell;0.07;XAUUSD;4 545.62;4 565.25;;2026.04.30 03:00:12;4 565.25;;;-137.41;[sl]
2026.04.29 16:30:20;Sell;0.01;XAUUSD;4 533.68;4 547.26;;2026.04.29 18:36:00;4 547.26;;;-13.58;[sl]
2026.04.29 12:30:22;Sell;0.03;XAUUSD;4 565.71;4 547.26;;2026.04.29 18:36:00;4 547.26;;;55.35;[sl]
2026.04.29 08:26:17;Sell;0.06;XAUUSD;4 600.31;4 547.26;;2026.04.29 18:36:00;4 547.26;;;318.30;[sl]
2026.04.29 12:30:22;Sell;0.03;XAUUSD;4 565.71;4 581.13;;2026.04.29 14:42:14;4 565.07;;;1.92;to #1373458999
2026.04.29 06:44:44;Sell Stop;0.06;XAUUSD;4 592.47;4 603.65;;2026.04.29 06:46:29;4 594.19;;;;cancelled
2026.04.29 04:14:26;Sell Stop;0.06;XAUUSD;4 576.11;4 604.49;;2026.04.29 05:19:14;4 602.39;;;;cancelled
2026.04.29 02:55:14;Sell;0.06;XAUUSD;4 593.05;4 599.95;;2026.04.29 03:00:35;4 599.95;;;-41.40;[sl]
2026.04.28 16:31:47;Sell;0.07;XAUUSD;4 571.16;4 594.84;;2026.04.28 19:53:38;4 594.84;;;-165.76;[sl]
2026.04.28 12:20:09;Sell;0.06;XAUUSD;4 621.56;4 600.16;;2026.04.28 15:52:12;4 600.16;;;128.40;[sl]
2026.04.28 04:08:34;Sell;0.06;XAUUSD;4 690.40;4 600.16;;2026.04.28 15:52:12;4 600.16;;;541.44;[sl]
2026.04.27 17:09:18;Sell;0.06;XAUUSD;4 689.07;4 682.93;;2026.04.27 20:32:40;4 682.93;;;36.84;[sl]
2026.04.27 12:09:50;Sell;0.06;XAUUSD;4 705.37;4 718.71;;2026.04.27 16:24:07;4 700.24;;;30.78;
2026.04.27 11:18:41;Sell Limit;0.06;XAUUSD;4 718.15;4 730.29;;2026.04.27 12:30:36;4 700.08;;;;cancelled
2026.04.27 10:03:25;Buy;0.06;XAUUSD;4 715.96;4 709.20;;2026.04.27 11:30:04;4 709.20;;;-40.56;[sl]
2026.04.27 05:07:18;Buy;0.06;XAUUSD;4 698.55;4 715.39;;2026.04.27 08:30:08;4 715.39;;;101.04;[sl]
2026.04.27 04:07:18;Buy;0.60;XAUUSD;4 698.55;4 697.65;;2026.04.27 05:06:04;4 697.65;;;-54.00;[sl]
2026.04.27 02:00:52;Sell;0.06;XAUUSD;4 679.83;4 697.04;;2026.04.27 03:59:02;4 697.04;;;-103.26;[sl]
2026.04.27 01:11:56;Sell Stop;0.06;BTCUSD;4 679.83;;;2026.04.27 01:12:02;78 469.68;;;;cancelled
2026.04.27 01:11:20;Sell Stop;0.60;BTCUSD;4 679.83;;;2026.04.27 01:11:38;78 472.87;;;;cancelled
2026.04.26 20:15:27;Buy;0.60;BTCUSD;78 013.97;77 821.00;;2026.04.27 00:54:45;77 808.09;;;-123.53;[sl]
2026.04.26 19:09:29;Buy;0.60;BTCUSD;78 042.60;77 979.00;;2026.04.26 19:44:48;77 976.49;;;-39.67;[sl]
2026.04.26 18:44:00;Buy Stop;0.60;BTCUSD;78 100.00;77 962.00;;2026.04.26 19:07:08;78 020.49;;;;cancelled
2026.04.26 16:33:56;Buy;0.60;BTCUSD;77 929.53;77 987.00;;2026.04.26 18:24:01;77 933.32;;;2.27;[sl]
2026.04.26 15:37:45;Sell Stop;0.60;BTCUSD;77 924.00;78 091.00;;2026.04.26 15:42:21;77 927.93;;;;cancelled
2026.04.26 11:36:34;Buy;0.60;BTCUSD;78 192.42;77 927.00;;2026.04.26 15:16:02;77 927.00;;;-159.25;[sl]
2026.04.26 06:59:03;Sell Stop;0.60;BTCUSD;77 285.00;77 526.00;;2026.04.26 08:19:31;78 007.08;;;;cancelled
2026.04.26 05:35:49;Buy Stop;0.60;BTCUSD;77 581.00;77 416.00;;2026.04.26 06:33:11;77 392.51;;;;cancelled
2026.04.25 22:53:30;Sell;0.60;BTCUSD;77 240.00;77 340.00;;2026.04.25 23:00:01;77 344.90;;;-62.94;[sl]
2026.04.25 21:44:42;Buy;0.60;BTCUSD;77 315.00;77 226.00;;2026.04.25 22:29:12;77 216.73;;;-58.96;[sl]
2026.04.25 21:21:28;Sell Stop;0.60;BTCUSD;77 217.00;77 327.00;;2026.04.25 21:31:21;77 304.10;;;;cancelled
2026.04.25 20:28:17;Sell Stop;0.60;BTCUSD;77 111.00;77 401.00;;2026.04.25 21:21:17;77 227.16;;;;cancelled
2026.04.25 18:06:52;Buy;0.60;BTCUSD;77 667.84;77 566.00;;2026.04.25 18:48:19;77 559.93;;;-64.75;[sl]
2026.04.25 17:49:38;Buy;0.70;BTCUSD;77 742.07;77 442.00;;2026.04.25 18:00:42;77 610.83;;;-91.87;
2026.04.25 16:07:03;Sell;0.70;BTCUSD;77 566.00;77 710.00;;2026.04.25 17:02:56;77 725.34;;;-111.54;[sl]
2026.04.25 12:54:42;Buy;0.70;BTCUSD;77 751.49;77 542.00;;2026.04.25 15:30:08;77 531.55;;;-153.96;[sl]
2026.04.25 11:38:17;Buy Limit;0.70;BTCUSD;77 570.00;77 449.00;;2026.04.25 12:12:09;77 606.18;;;;cancelled
2026.04.25 08:30:18;Sell;0.70;BTCUSD;77 449.76;77 635.00;;2026.04.25 11:31:14;77 635.00;;;-129.67;[sl]
2026.04.25 06:40:27;Buy;0.70;BTCUSD;77 635.00;77 490.00;;2026.04.25 08:04:43;77 489.35;;;-101.96;[sl]
2026.04.24 18:55:34;Buy;0.07;XAUUSD;4 729.93;4 714.81;;2026.04.24 22:56:12;4 714.81;;;-105.84;[sl]
2026.04.24 16:40:38;Buy Limit;0.07;XAUUSD;4 704.81;4 689.75;;2026.04.24 18:54:51;4 729.96;;;;cancelled
2026.04.24 16:06:47;Buy;0.07;XAUUSD;4 701.46;4 690.23;;2026.04.24 16:32:55;4 690.23;;;-78.61;[sl]
2026.04.24 14:25:07;Buy;0.07;XAUUSD;4 712.17;4 692.49;;2026.04.24 15:49:32;4 692.49;;;-137.76;[sl]
2026.04.24 11:35:32;Sell;0.07;XAUUSD;4 685.86;4 697.78;;2026.04.24 14:07:27;4 697.78;;;-83.44;[sl]
2026.04.24 09:42:20;Sell;0.08;XAUUSD;4 670.06;4 688.39;;2026.04.24 10:45:26;4 688.39;;;-146.64;[sl]
2026.04.24 08:25:32;Buy;0.08;XAUUSD;4 677.24;4 680.26;;2026.04.24 09:15:57;4 680.26;;;24.16;[sl]
2026.04.24 02:58:04;Sell;0.07;XAUUSD;4 692.66;4 674.92;;2026.04.24 07:47:54;4 674.92;;;124.18;[sl]
2026.04.24 02:40:20;Buy Stop;0.07;XAUUSD;4 701.11;4 686.73;;2026.04.24 02:56:45;4 695.16;;;;cancelled
2026.04.23 15:31:01;Buy;0.08;XAUUSD;4 740.22;4 688.88;;2026.04.23 20:41:59;4 688.88;;;-410.72;[sl]
2026.04.23 19:22:24;Buy;0.08;XAUUSD;4 722.56;4 716.33;;2026.04.23 19:34:32;4 727.19;;;37.04;
2026.04.23 12:01:51;Sell;0.08;XAUUSD;4 701.50;4 725.24;;2026.04.23 15:00:45;4 725.24;;;-189.92;[sl]
2026.04.23 09:21:11;Buy;0.08;XAUUSD;4 709.02;4 715.59;;2026.04.23 11:29:37;4 715.59;;;52.56;[sl]
2026.04.23 09:10:15;Buy Stop;0.08;XAUUSD;4 718.58;4 698.15;;2026.04.23 09:21:20;4 709.48;;;;cancelled
2026.04.22 18:17:55;Sell;0.08;XAUUSD;4 729.96;4 761.27;;2026.04.23 08:50:48;4 714.03;;;127.44;
2026.04.22 16:41:24;Buy;0.08;XAUUSD;4 751.87;4 736.38;;2026.04.22 17:32:30;4 736.38;;;-123.92;[sl]
2026.04.22 13:02:48;Sell;0.08;XAUUSD;4 751.82;4 747.61;;2026.04.22 16:09:31;4 747.61;;;33.68;[sl]
2026.04.22 08:52:16;Buy;0.08;XAUUSD;4 772.01;4 752.12;;2026.04.22 11:36:18;4 752.12;;;-159.12;[sl]
2026.04.22 07:57:18;Sell;0.08;XAUUSD;4 752.71;4 765.40;;2026.04.22 08:16:22;4 765.40;;;-101.52;[sl]
2026.04.22 04:48:20;Buy;0.08;XAUUSD;4 754.25;4 756.77;;2026.04.22 07:15:44;4 756.77;;;20.16;[sl]
2026.04.22 04:29:41;Buy Stop;0.08;XAUUSD;4 749.42;;;2026.04.22 04:29:53;4 746.51;;;;cancelled
2026.04.22 04:07:33;Sell;0.08;XAUUSD;4 737.60;4 747.50;;2026.04.22 04:22:29;4 747.50;;;-79.20;[sl]
2026.04.22 02:12:40;Buy;0.08;XAUUSD;4 726.33;4 740.34;;2026.04.22 03:54:02;4 740.34;;;112.08;[sl]
2026.04.21 17:40:16;Sell;0.08;XAUUSD;4 760.01;4 718.64;;2026.04.21 20:43:22;4 718.64;;;330.96;[sl]
2026.04.21 15:05:19;Buy Stop;0.08;XAUUSD;4 798.26;4 772.63;;2026.04.21 16:10:57;4 769.63;;;;cancelled
2026.04.21 09:29:06;Sell;0.08;XAUUSD;4 775.51;4 797.30;;2026.04.21 14:48:16;4 797.30;;;-174.32;[sl]
2026.04.21 03:01:10;Sell;0.08;XAUUSD;4 825.05;4 792.22;;2026.04.21 08:31:03;4 792.22;;;262.64;[sl]
2026.04.21 08:10:27;Buy Stop;0.08;XAUUSD;4 793.47;4 785.88;;2026.04.21 08:26:14;4 790.33;;;;cancelled
2026.04.20 17:46:25;Buy;0.08;XAUUSD;4 812.18;4 813.23;;2026.04.21 02:46:31;4 821.92;;;77.92;
2026.04.20 17:26:25;Buy;0.08;XAUUSD;4 826.15;4 815.93;;2026.04.20 17:35:24;4 815.93;;;-81.76;[sl]
2026.04.20 15:40:59;Sell Stop;0.08;XAUUSD;4 799.15;4 809.91;;2026.04.20 16:11:33;4 811.35;;;;cancelled
2026.04.20 15:17:58;Buy;0.08;XAUUSD;4 813.44;4 802.97;;2026.04.20 15:35:15;4 802.97;;;-83.76;[sl]
2026.04.20 14:11:22;Sell;0.08;XAUUSD;4 790.38;4 797.59;;2026.04.20 14:46:09;4 797.59;;;-57.68;[sl]
2026.04.20 13:38:10;Buy Stop;0.08;XAUUSD;4 800.87;4 795.14;;2026.04.20 13:48:49;4 796.68;;;;cancelled
2026.04.20 11:45:02;Sell;0.08;XAUUSD;4 792.55;4 799.11;;2026.04.20 13:09:11;4 799.11;;;-52.48;[sl]
2026.04.20 10:20:23;Buy;0.08;XAUUSD;4 804.42;4 793.82;;2026.04.20 10:30:33;4 793.17;;;-90.00;[sl]
2026.04.20 05:37:41;Sell;0.07;XAUUSD;4 798.37;4 791.76;;2026.04.20 07:47:03;4 791.76;;;46.27;[sl]
2026.04.20 04:23:00;Buy;0.70;XAUUSD;4 795.23;4 805.74;;2026.04.20 05:04:20;4 805.74;;;735.70;[sl]
2026.04.20 04:33:29;Buy Limit;0.07;XAUUSD;4 795.23;4 745.23;;2026.04.20 04:50:26;4 810.78;;;;cancelled
2026.04.20 03:08:23;Sell Stop;0.70;XAUUSD;4 736.78;4 773.83;;2026.04.20 04:08:08;4 785.12;;;;cancelled
2026.04.19 19:54:49;Sell;0.70;BTCUSD;75 332.30;74 212.00;;2026.04.20 03:23:19;74 216.32;;;781.19;[sl]
2026.04.17 14:47:50;Buy;0.07;XAUUSD;4 806.64;4 778.72;;2026.04.20 01:05:01;4 773.69;;;-230.65;[sl]
2026.04.19 16:59:10;Buy Stop;0.70;BTCUSD;76 246.00;75 746.00;;2026.04.19 19:34:20;75 661.05;;;;cancelled
2026.04.19 10:07:01;Sell;0.70;BTCUSD;75 242.71;75 744.00;;2026.04.19 16:08:09;75 744.00;;;-350.90;[sl]
2026.04.19 07:42:48;Buy Stop;0.70;BTCUSD;75 794.00;75 320.00;;2026.04.19 09:50:11;75 402.66;;;;cancelled
2026.04.19 04:29:32;Sell;0.70;BTCUSD;75 507.10;75 734.00;;2026.04.19 07:18:02;75 736.13;;;-160.32;[sl]
2026.04.18 21:01:15;Sell;0.70;BTCUSD;75 727.34;75 851.00;;2026.04.19 01:49:30;75 856.19;;;-90.20;[sl]
2026.04.18 19:46:13;Sell Stop;0.70;BTCUSD;75 722.00;76 222.00;;2026.04.18 21:00:45;75 778.68;;;;cancelled
2026.04.18 19:10:24;Sell;0.70;BTCUSD;76 106.00;76 205.00;;2026.04.18 19:14:10;76 207.62;;;-71.13;[sl]
2026.04.18 17:36:07;Buy;0.70;BTCUSD;76 241.73;75 722.00;;2026.04.18 18:46:50;76 107.15;;;-94.21;
2026.04.18 14:08:28;Buy Limit;0.70;BTCUSD;75 545.00;75 047.00;;2026.04.18 17:33:34;76 185.35;;;;cancelled
2026.04.18 05:18:22;Buy Stop;0.70;BTCUSD;78 345.00;77 845.00;;2026.04.18 13:14:35;76 267.83;;;;cancelled
2026.04.18 06:45:29;Buy Limit;0.70;BTCUSD;75 545.00;75 047.00;;2026.04.18 13:14:33;76 272.33;;;;cancelled
2026.04.18 05:17:45;Buy Stop;0.77;BTCUSD;78 345.00;;;2026.04.18 05:17:57;77 342.29;;;;cancelled
2026.04.16 16:47:46;Sell;0.07;XAUUSD;4 811.81;4 801.52;;2026.04.17 07:42:47;4 801.52;;;72.03;[sl]
2026.04.16 15:20:26;Buy Stop;0.07;XAUUSD;4 823.49;4 811.64;;2026.04.16 15:31:35;4 814.41;;;;cancelled
2026.04.16 14:56:28;Buy;0.07;XAUUSD;4 821.00;4 815.51;;2026.04.16 15:10:17;4 815.51;;;-38.43;[sl]
2026.04.16 13:15:01;Sell;0.07;XAUUSD;4 806.50;4 818.43;;2026.04.16 14:00:04;4 818.43;;;-83.51;[sl]
2026.04.16 08:06:08;Buy;0.08;XAUUSD;4 837.94;4 811.27;;2026.04.16 11:05:02;4 811.27;;;-213.36;[sl]
2026.04.15 18:48:20;Sell Stop;0.08;XAUUSD;4 787.02;4 803.87;;2026.04.16 02:46:26;4 823.99;;;;cancelled
2026.04.15 16:20:32;Buy;0.08;XAUUSD;4 816.60;4 808.40;;2026.04.15 18:05:17;4 807.61;;;-71.92;[sl]
2026.04.15 14:02:13;Sell Stop;0.08;XAUUSD;4 790.30;4 803.48;;2026.04.15 15:39:18;4 813.68;;;;cancelled
2026.04.15 08:37:03;Sell;0.08;XAUUSD;4 815.77;4 803.48;;2026.04.15 13:46:03;4 803.48;;;98.32;[sl]
2026.04.15 04:53:06;Buy Stop;0.08;XAUUSD;4 871.41;4 827.07;;2026.04.15 05:59:34;4 823.67;;;;cancelled
2026.04.15 04:03:36;Sell Stop;0.08;XAUUSD;4 827.07;4 851.14;;2026.04.15 04:16:22;4 866.82;;;;cancelled
2026.04.14 16:37:42;Buy;0.07;XAUUSD;4 796.92;4 830.93;;2026.04.15 03:15:38;4 830.93;;;238.07;[sl]
2026.04.14 01:06:20;Buy;0.07;XAUUSD;4 750.38;4 761.74;;2026.04.14 08:27:06;4 761.74;;;79.52;[sl]
2026.04.13 18:53:37;Sell Stop;0.07;XAUUSD;4 700.35;4 744.96;;2026.04.13 19:45:50;4 740.94;;;;cancelled
2026.04.13 17:13:20;Buy Stop;0.07;XAUUSD;4 744.96;4 703.58;;2026.04.13 18:53:27;4 715.16;;;;cancelled
2026.04.13 15:21:10;Sell Stop;0.07;XAUUSD;4 703.57;4 729.39;;2026.04.13 16:23:10;4 729.30;;;;cancelled
2026.04.13 12:29:52;Sell;0.07;XAUUSD;4 715.92;4 719.22;;2026.04.13 13:46:28;4 719.22;;;-23.10;[sl]
2026.04.13 11:06:18;Buy;0.07;XAUUSD;4 733.08;4 720.72;;2026.04.13 11:45:05;4 720.72;;;-86.52;[sl]
2026.04.13 09:16:17;Buy;0.70;XAUUSD;4 731.07;4 720.72;;2026.04.13 11:04:43;4 734.98;;;273.70;
2026.04.13 07:46:31;Sell Stop;0.07;XAUUSD;4 708.61;4 728.18;;2026.04.13 08:59:40;4 729.17;;;;cancelled
2026.04.13 03:14:12;Buy;0.07;XAUUSD;4 673.10;4 709.95;;2026.04.13 07:07:47;4 708.60;;;248.50;[sl]
2026.04.13 03:13:20;Buy Stop;0.70;XAUUSD;4 672.27;4 644.22;;2026.04.13 03:13:36;4 670.44;;;;cancelled
2026.04.12 12:14:41;Sell;0.70;BTCUSD;71 560.00;71 487.00;;2026.04.12 15:39:37;71 490.39;;;48.73;[sl]
2026.04.12 08:58:31;Buy Stop;0.70;BTCUSD;71 796.00;71 585.00;;2026.04.12 12:07:14;71 553.26;;;;cancelled
2026.04.12 07:14:11;Sell;0.70;BTCUSD;71 502.67;71 691.00;69 619.37;2026.04.12 08:31:19;71 694.40;;;-134.21;[sl]
2026.04.12 07:12:02;Sell Limit;0.70;BTCUSD;71 639.00;71 783.00;71 481.00;2026.04.12 07:13:21;71 505.09;;;;cancelled
2026.04.12 07:06:21;Buy Stop;0.70;BTCUSD;71 702.00;71 555.00;71 949.00;2026.04.12 07:11:26;71 563.83;;;;cancelled
2026.04.12 06:23:14;Sell;0.70;BTCUSD;71 639.00;71 676.00;;2026.04.12 07:05:41;71 676.54;;;-26.28;[sl]
2026.04.12 05:33:13;Buy;0.70;BTCUSD;71 899.94;71 662.00;;2026.04.12 06:10:37;71 654.78;;;-171.61;[sl]
2026.04.12 05:01:10;Buy;0.70;BTCUSD;71 686.55;71 723.00;;2026.04.12 05:23:45;71 722.50;;;25.17;[sl]
2026.04.11 21:20:30;Buy;0.70;BTCUSD;73 196.90;72 908.00;;2026.04.12 02:10:04;72 892.38;;;-213.16;[sl]
2026.04.11 15:51:41;Buy Stop;0.80;BTCUSD;72 976.00;72 814.00;;2026.04.11 16:43:53;72 691.09;;;;cancelled
2026.04.11 08:19:59;Sell;0.80;BTCUSD;72 666.00;72 843.00;;2026.04.11 12:21:13;72 860.40;;;-155.52;[sl]
2026.04.11 06:15:15;Buy Stop;0.80;BTCUSD;73 092.00;72 932.00;;2026.04.11 06:56:12;72 811.30;;;;cancelled
2026.04.10 21:32:23;Buy;0.08;XAUUSD;4 770.00;4 749.00;;2026.04.10 23:24:34;4 749.00;;;-168.00;[sl]
2026.04.10 20:17:27;Buy;0.08;XAUUSD;4 767.00;4 755.00;;2026.04.10 21:04:15;4 755.00;;;-96.00;[sl]
2026.04.10 19:34:40;Buy Stop;0.08;XAUUSD;4 766.00;4 746.00;;2026.04.10 19:40:04;4 762.68;;;;cancelled
2026.04.10 17:15:17;Buy;0.08;XAUUSD;4 782.66;4 761.24;;2026.04.10 18:36:33;4 761.24;;;-171.36;[sl]
2026.04.10 11:47:30;Sell;0.08;XAUUSD;4 736.20;4 773.67;;2026.04.10 15:30:01;4 773.67;;;-299.76;[sl]
2026.04.09 18:17:45;Buy;0.08;XAUUSD;4 777.40;4 750.50;;2026.04.10 05:13:57;4 750.50;;;-215.20;[sl]
2026.04.09 15:52:13;Sell Stop;0.08;XAUUSD;4 734.90;4 759.87;;2026.04.09 16:40:27;4 771.11;;;;cancelled
2026.04.09 12:28:04;Buy;0.08;XAUUSD;4 733.54;4 738.68;;2026.04.09 15:20:01;4 738.68;;;41.12;[sl]
2026.04.09 10:45:20;Sell Stop;0.08;XAUUSD;4 705.65;4 731.87;;2026.04.09 11:52:21;4 730.37;;;;cancelled
2026.04.09 09:53:55;Sell;0.09;XAUUSD;4 705.70;4 726.93;;2026.04.09 10:08:05;4 726.93;;;-191.07;[sl]
2026.04.09 07:42:14;Buy;0.09;XAUUSD;4 723.70;4 709.69;;2026.04.09 08:51:33;4 709.17;;;-130.77;[sl]
2026.04.09 06:49:47;Sell Stop;0.09;XAUUSD;4 705.19;4 733.27;;2026.04.09 07:32:07;4 716.95;;;;cancelled
2026.04.09 04:14:01;Buy;0.09;XAUUSD;4 719.53;4 722.59;;2026.04.09 05:55:04;4 722.59;;;27.54;[sl]
2026.04.08 12:43:06;Sell;0.08;XAUUSD;4 790.41;4 716.26;;2026.04.09 03:41:58;4 716.26;;;593.20;[sl]
2026.04.08 10:52:57;Buy Stop;0.08;XAUUSD;4 844.23;4 794.23;;2026.04.08 11:47:24;4 796.98;;;;cancelled
2026.04.08 08:46:13;Buy;0.08;XAUUSD;4 825.57;4 824.56;;2026.04.08 09:54:19;4 824.56;;;-8.08;[sl]
2026.04.08 07:17:51;Sell;0.08;XAUUSD;4 791.87;4 822.21;;2026.04.08 08:34:31;4 822.21;;;-242.72;[sl]
2026.04.08 03:55:41;Buy Stop;0.08;XAUUSD;4 836.67;4 810.25;;2026.04.08 04:38:59;4 800.46;;;;cancelled
2026.04.08 03:00:21;Buy;0.09;XAUUSD;4 836.67;4 810.25;;2026.04.08 03:45:54;4 810.25;;;-237.78;[sl]
2026.04.08 02:48:11;Buy Limit;0.09;XAUUSD;4 780.40;4 713.20;;2026.04.08 03:01:19;4 842.34;;;;cancelled
2026.04.07 08:30:02;Sell;0.09;XAUUSD;4 630.52;4 664.38;;2026.04.07 11:14:34;4 664.38;;;-304.74;[sl]
2026.04.07 07:50:41;Buy;0.09;XAUUSD;4 664.25;4 645.66;;2026.04.07 08:25:33;4 645.66;;;-167.31;[sl]
2026.04.07 04:52:18;Sell;0.09;XAUUSD;4 628.56;4 662.93;;2026.04.07 07:42:40;4 662.93;;;-309.33;[sl]
2026.04.07 02:46:58;Buy Stop;0.09;XAUUSD;4 668.35;4 649.29;;2026.04.07 04:15:04;4 640.79;;;;cancelled
2026.04.06 05:16:41;Buy;0.09;XAUUSD;4 643.06;4 650.17;;2026.04.06 20:14:02;4 650.17;;;63.99;[sl]
2026.04.06 02:33:19;Sell;0.08;XAUUSD;4 609.19;4 629.80;;2026.04.06 04:01:54;4 629.80;;;-164.88;[sl]
2026.04.05 17:13:46;Buy;0.80;BTCUSD;66 872.00;69 081.00;;2026.04.06 03:58:15;69 077.87;;;1 764.70;[sl]
2026.04.06 02:30:41;Sell;0.80;XAUUSD;4 609.19;4 651.61;;2026.04.06 02:32:00;4 613.15;;;-316.80;
2026.04.06 02:16:07;Buy Stop;0.80;XAUUSD;4 646.29;4 608.99;;2026.04.06 02:30:04;4 610.62;;;;cancelled
2026.04.06 01:47:40;Sell;0.08;XAUUSD;4 608.98;4 639.76;;2026.04.06 01:48:17;4 639.76;;;-246.24;[sl]
2026.04.02 18:02:49;Buy Stop;0.09;XAUUSD;4 699.84;4 649.84;;2026.04.06 01:33:56;4 638.33;;;;cancelled
2026.04.05 15:28:46;Sell;0.80;BTCUSD;66 870.57;66 877.00;;2026.04.05 16:46:55;66 879.40;;;-7.06;[sl]
2026.04.05 14:46:03;Buy Stop;0.80;BTCUSD;67 171.00;66 935.00;;2026.04.05 15:24:45;66 920.02;;;;cancelled
2026.04.05 04:23:04;Sell;0.80;BTCUSD;67 136.33;67 120.00;;2026.04.05 13:36:57;67 126.01;;;8.26;[sl]
2026.04.04 14:39:44;Buy;0.80;BTCUSD;67 085.00;67 034.00;;2026.04.04 17:40:33;67 034.00;;;-40.80;[sl]
2026.04.04 14:28:56;Buy Stop;0.80;BTCUSD;67 258.00;66 887.00;;2026.04.04 14:51:08;67 119.49;;;;cancelled
2026.04.04 11:51:10;Sell;0.80;BTCUSD;66 932.62;67 063.00;;2026.04.04 13:41:15;67 070.62;;;-110.40;[sl]
2026.04.04 09:07:11;Buy;0.80;BTCUSD;66 940.23;66 925.00;;2026.04.04 11:34:37;66 953.07;;;10.27;
2026.04.04 04:30:09;Sell;0.90;BTCUSD;66 808.00;66 914.00;;2026.04.04 08:30:42;66 914.00;;;-95.40;[sl]
2026.04.04 03:56:31;Buy Stop;0.90;BTCUSD;66 978.00;66 806.00;;2026.04.04 04:23:44;66 848.01;;;;cancelled
2026.04.03 21:49:24;Sell Stop;0.90;BTCUSD;66 752.00;66 917.00;;2026.04.04 03:55:23;66 877.93;;;;cancelled
2026.04.04 02:38:25;Balance;;;;;;;;;;0.00;
2026.04.04 02:38:23;Balance;;;;;;;;;;0.00;
2026.04.03 20:31:28;Sell;0.90;BTCUSD;66 926.00;66 917.00;;2026.04.03 21:18:51;66 917.66;;;7.51;[sl]
2026.04.03 17:44:45;Buy;0.80;BTCUSD;66 823.00;66 917.00;;2026.04.03 20:15:05;66 915.70;;;74.16;[sl]
2026.04.03 15:49:12;Sell;0.80;BTCUSD;66 762.00;66 698.00;;2026.04.03 17:03:34;66 708.62;;;42.70;[sl]
2026.04.03 14:49:53;Buy;0.90;BTCUSD;66 974.00;66 812.00;;2026.04.03 15:37:04;66 810.17;;;-147.45;[sl]
2026.04.03 12:05:24;Sell;0.90;BTCUSD;66 868.41;66 922.00;;2026.04.03 14:22:49;66 924.18;;;-50.19;[sl]
2026.04.03 10:03:26;Buy;0.80;BTCUSD;66 834.11;66 999.00;;2026.04.03 11:38:39;66 997.71;;;130.88;[sl]
2026.04.03 08:32:13;Buy;0.90;BTCUSD;66 754.32;66 555.00;;2026.04.03 08:52:18;66 544.97;;;-188.42;[sl]
2026.04.03 06:02:34;Sell Stop;0.90;BTCUSD;66 245.00;66 646.00;;2026.04.03 06:29:03;66 596.79;;;;cancelled
2026.04.03 05:39:15;Sell;0.90;BTCUSD;66 300.00;66 532.00;;2026.04.03 05:53:55;66 540.19;;;-216.17;[sl]
2026.04.03 05:27:04;Sell Limit;0.90;BTCUSD;66 676.00;;;2026.04.03 05:27:17;66 575.35;;;;cancelled
2026.04.02 08:33:30;Sell;0.09;XAUUSD;4 656.56;4 679.52;;2026.04.02 17:35:57;4 680.08;;;-211.68;[sl]
2026.04.02 06:44:08;Buy Stop;0.09;XAUUSD;4 699.65;4 673.07;;2026.04.02 07:23:36;4 663.92;;;;cancelled
2026.04.02 05:00:19;Sell Stop;0.09;XAUUSD;4 649.61;4 699.61;;2026.04.02 06:22:55;4 697.33;;;;cancelled
2026.04.02 03:02:19;Buy;0.09;XAUUSD;4 778.51;4 751.90;;2026.04.02 04:03:49;4 751.90;;;-239.49;[sl]
2026.04.02 02:50:59;Buy Stop;0.09;XAUUSD;4 800.98;4 751.90;;2026.04.02 03:38:17;4 788.21;;;;cancelled
2026.04.01 20:02:54;Buy;0.09;XAUUSD;4 791.05;4 774.56;;2026.04.01 20:58:52;4 774.56;;;-148.41;[sl]
2026.04.01 16:14:22;Sell Stop;0.09;XAUUSD;4 716.02;4 752.60;;2026.04.01 17:45:03;4 754.19;;;;cancelled
2026.04.01 15:50:11;Buy Stop;0.09;XAUUSD;4 763.26;4 728.22;;2026.04.01 15:58:13;4 725.73;;;;cancelled
2026.04.01 14:13:28;Buy;0.10;XAUUSD;4 740.71;4 728.22;;2026.04.01 15:26:06;4 728.22;;;-124.90;[sl]
2026.04.01 09:23:06;Buy;0.10;XAUUSD;4 703.78;4 712.95;;2026.04.01 10:52:37;4 712.95;;;91.70;[sl]
2026.04.01 07:45:35;Sell Stop;0.10;XAUUSD;4 667.01;4 694.50;;2026.04.01 08:53:38;4 695.23;;;;cancelled
2026.04.01 02:55:32;Buy;0.10;XAUUSD;4 696.51;4 671.89;;2026.04.01 07:16:30;4 671.89;;;-246.20;[sl]
2026.03.31 15:07:02;Buy;0.09;XAUUSD;4 593.50;4 661.68;;2026.04.01 01:48:10;4 661.68;;;613.62;[sl]
2026.03.31 10:34:08;Buy Stop;0.09;XAUUSD;4 619.69;4 569.69;;2026.03.31 14:36:59;4 577.75;;;;cancelled
2026.03.31 03:36:07;Buy;0.09;XAUUSD;4 521.71;4 543.41;;2026.03.31 10:19:30;4 543.41;;;195.30;[sl]
2026.03.31 03:02:31;Buy;0.09;XAUUSD;4 521.71;4 497.77;;2026.03.31 03:17:25;4 497.77;;;-215.46;[sl]
2026.03.30 20:40:35;Sell;0.09;XAUUSD;4 519.45;4 528.99;;2026.03.31 02:46:58;4 517.40;;;18.45;
2026.03.30 18:35:24;Buy;0.09;XAUUSD;4 543.76;4 527.53;;2026.03.30 20:13:08;4 527.53;;;-146.07;[sl]
2026.03.30 17:21:21;Sell;0.09;XAUUSD;4 516.82;4 535.02;;2026.03.30 17:47:57;4 535.02;;;-163.80;[sl]
2026.03.30 14:59:46;Buy Stop;0.09;XAUUSD;4 581.11;4 556.18;;2026.03.30 16:51:13;4 536.44;;;;cancelled
2026.03.30 12:50:10;Sell Stop;0.09;XAUUSD;4 523.67;4 541.08;;2026.03.30 14:16:55;4 538.66;;;;cancelled
2026.03.30 12:26:58;Buy Stop;0.09;XAUUSD;4 541.08;4 528.51;;2026.03.30 12:30:13;4 527.90;;;;cancelled
2026.03.30 11:00:48;Sell Stop;0.09;XAUUSD;4 515.77;4 535.20;;2026.03.30 12:02:22;4 539.04;;;;cancelled
2026.03.30 10:14:54;Buy Stop;0.09;XAUUSD;4 550.98;4 500.98;;2026.03.30 10:31:44;4 521.65;;;;cancelled
2026.03.30 09:56:20;Buy;0.10;XAUUSD;4 535.67;4 526.08;;2026.03.30 10:02:32;4 526.08;;;-95.90;[sl]
2026.03.30 05:48:33;Sell Stop;0.10;XAUUSD;4 419.24;4 469.24;;2026.03.30 09:54:16;4 537.38;;;;cancelled
2026.03.30 03:40:03;Sell;2.00;XAUUSD;4 445.52;4 495.52;;2026.03.30 05:44:03;4 495.52;;;-10 000.00;[sl]
2026.03.30 03:21:03;Sell Stop;2.00;BTCUSD;445.52;;;2026.03.30 03:21:22;66 908.90;;;;cancelled
2026.03.27 14:38:16;Buy;0.22;XAUUSD;4 434.67;4 451.82;;2026.03.30 02:32:40;4 451.82;;;377.30;[sl]
2026.03.29 18:23:18;Sell;2.00;BTCUSD;66 487.10;66 637.00;;2026.03.29 23:20:50;66 672.40;;;-370.60;[sl]
2026.03.29 17:26:54;Sell;2.00;BTCUSD;66 512.00;66 700.00;;2026.03.29 18:00:07;66 704.40;;;-384.80;[sl]
2026.03.29 14:38:15;Buy;2.10;BTCUSD;66 881.90;66 479.00;;2026.03.29 17:01:03;66 468.20;;;-868.77;[sl]
2026.03.29 06:15:13;Buy;2.20;BTCUSD;66 867.50;66 387.00;;2026.03.29 13:35:00;66 382.60;;;-1 066.78;[sl]
2026.03.29 03:08:31;Sell;2.20;BTCUSD;66 565.00;66 756.00;;2026.03.29 05:50:23;66 806.70;;;-531.74;[sl]
2026.03.28 22:14:33;Buy Stop;2.20;BTCUSD;67 025.00;66 801.00;;2026.03.29 01:12:08;66 342.80;;;;cancelled
2026.03.28 21:14:34;Sell Stop;0.20;BTCUSD;66 770.00;66 963.00;;2026.03.28 22:09:58;66 963.10;;;;cancelled
2026.03.28 20:44:43;Buy;2.30;BTCUSD;66 951.90;66 807.00;;2026.03.28 21:11:53;66 797.10;;;-356.04;[sl]
2026.03.28 18:55:29;Sell;2.30;BTCUSD;66 863.00;66 935.00;;2026.03.28 20:28:16;66 939.50;;;-175.95;[sl]
2026.03.28 13:34:59;Buy;2.20;BTCUSD;66 330.30;66 898.00;;2026.03.28 18:40:32;66 897.10;;;1 246.96;[sl]
2026.03.28 12:22:59;Sell;2.20;BTCUSD;66 142.50;66 321.00;;2026.03.28 13:34:56;66 322.10;;;-395.12;[sl]
2026.03.28 06:18:26;Buy;2.20;BTCUSD;66 257.19;66 409.00;;2026.03.28 11:30:30;66 291.50;;;75.48;[sl]
2026.03.28 05:33:31;Sell Stop;2.00;BTCUSD;66 072.00;66 238.00;;2026.03.28 05:44:55;66 214.17;;;;cancelled
2026.03.28 05:01:58;Sell;0.22;BTCUSD;66 072.00;66 238.00;;2026.03.28 05:44:47;66 238.72;;;-36.68;[sl]
2026.03.27 09:34:13;Sell;0.22;XAUUSD;4 450.18;4 430.60;;2026.03.27 14:16:24;4 430.60;;;430.76;[sl]
2026.03.27 04:47:51;Buy;0.21;XAUUSD;4 440.78;4 451.71;;2026.03.27 09:03:58;4 451.71;;;229.53;[sl]
2026.03.27 03:35:13;Buy Limit;0.21;XAUUSD;4 406.91;4 377.38;;2026.03.27 04:14:37;4 432.70;;;;cancelled
2026.03.27 02:22:34;Sell;0.22;XAUUSD;4 389.89;4 411.48;;2026.03.27 03:31:31;4 411.48;;;-474.98;[sl]
2026.03.26 18:12:02;Sell;0.21;XAUUSD;4 436.63;4 440.33;;2026.03.27 01:46:24;4 400.78;;;752.85;
2026.03.26 16:44:15;Buy Stop;0.21;XAUUSD;4 479.85;4 444.12;;2026.03.26 18:10:44;4 439.57;;;;cancelled
2026.03.26 07:16:50;Sell;0.20;XAUUSD;4 507.70;4 463.48;;2026.03.26 16:22:53;4 464.56;;;862.80;[sl]
2026.03.26 06:13:34;Buy;0.20;XAUUSD;4 519.26;4 517.83;;2026.03.26 07:05:41;4 517.83;;;-28.60;[sl]
2026.03.26 04:56:15;Sell;0.20;XAUUSD;4 511.73;4 514.05;;2026.03.26 05:32:58;4 514.65;;;-58.40;[sl]
2026.03.26 03:58:08;Buy Stop;0.20;XAUUSD;4 544.85;4 524.69;;2026.03.26 04:39:32;4 515.11;;;;cancelled
2026.03.26 03:00:05;Buy;0.21;XAUUSD;4 539.59;4 524.69;;2026.03.26 03:49:47;4 524.69;;;-312.90;[sl]
2026.03.26 02:23:17;Sell Stop;0.21;XAUUSD;4 488.88;4 533.50;;2026.03.26 03:00:05;4 540.09;;;;cancelled
2026.03.26 01:48:19;Sell;0.22;XAUUSD;4 493.95;4 533.50;;2026.03.26 02:18:04;4 533.50;;;-870.10;[sl]
2026.03.25 17:25:53;Buy Stop;0.22;XAUUSD;4 571.63;4 525.13;;2026.03.26 01:46:10;4 497.62;;;;cancelled
2026.03.25 16:46:09;Buy;0.22;XAUUSD;4 571.63;4 541.18;;2026.03.25 17:16:56;4 541.18;;;-669.90;[sl]
2026.03.25 15:30:01;Buy;0.23;XAUUSD;4 572.16;4 541.18;;2026.03.25 15:52:26;4 541.18;;;-712.54;[sl]
2026.03.25 14:45:21;Sell;0.23;XAUUSD;4 540.23;4 584.18;;2026.03.25 15:23:26;4 552.84;;;-290.03;
2026.03.25 13:21:39;Buy;0.24;XAUUSD;4 569.31;4 551.79;;2026.03.25 14:28:23;4 550.50;;;-451.44;[sl]
2026.03.25 13:11:39;Sell Stop;0.24;XAUUSD;4 533.19;4 567.23;;2026.03.25 13:15:38;4 567.99;;;;cancelled
2026.03.25 11:48:14;Sell;0.24;XAUUSD;4 533.19;4 567.23;;2026.03.25 13:05:04;4 567.23;;;-816.96;[sl]
2026.03.25 07:31:12;Sell;0.25;XAUUSD;4 553.89;4 567.23;;2026.03.25 10:21:01;4 567.23;;;-333.50;[sl]
2026.03.25 03:31:21;Buy;0.25;XAUUSD;4 579.16;4 552.43;;2026.03.25 07:32:10;4 552.43;;;-668.25;[sl]
2026.03.25 01:47:36;Buy Limit;0.25;XAUUSD;4 484.82;4 466.72;;2026.03.25 03:16:53;4 574.36;;;;cancelled
2026.03.24 19:32:09;Sell;0.26;XAUUSD;4 388.19;4 400.27;;2026.03.24 20:20:04;4 400.27;;;-314.08;[sl]
2026.03.24 18:14:46;Buy Stop;0.26;XAUUSD;4 429.29;4 403.24;;2026.03.24 19:14:21;4 395.59;;;;cancelled
2026.03.24 18:14:27;Sell Stop;0.26;XAUUSD;4 402.62;;;2026.03.24 18:15:17;4 413.35;;;;cancelled
2026.03.24 17:49:05;Buy;0.26;XAUUSD;4 430.25;4 403.24;;2026.03.24 18:06:05;4 403.24;;;-702.26;[sl]
2026.03.24 16:22:13;Buy Limit;0.26;XAUUSD;4 383.89;4 351.61;;2026.03.24 17:49:00;4 426.81;;;;cancelled
2026.03.24 14:32:47;Sell;0.26;XAUUSD;4 395.86;4 390.27;;2026.03.24 16:01:21;4 390.27;;;145.34;[sl]
2026.03.24 04:30:30;Buy;0.16;XAUUSD;4 353.80;4 395.99;;2026.03.24 13:01:36;4 394.54;;;651.84;[sl]
2026.03.23 21:14:42;Sell;0.15;XAUUSD;4 405.63;4 368.47;;2026.03.24 04:29:51;4 350.40;;;828.45;
2026.03.23 19:26:36;Buy;0.15;XAUUSD;4 406.02;4 409.49;;2026.03.23 21:13:35;4 409.49;;;52.05;[sl]
2026.03.23 17:55:12;Sell Limit;0.16;XAUUSD;4 405.92;4 455.92;;2026.03.23 19:21:43;4 394.03;;;;cancelled
2026.03.23 17:59:36;Sell Stop;0.16;XAUUSD;4 351.08;4 401.08;;2026.03.23 19:21:41;4 393.40;;;;cancelled
2026.03.23 17:32:22;Buy Stop;0.16;XAUUSD;4 513.21;4 463.21;;2026.03.23 17:54:53;4 398.86;;;;cancelled
2026.03.23 16:18:44;Buy;0.16;XAUUSD;4 492.85;4 442.85;;2026.03.23 17:17:48;4 442.85;;;-800.00;[sl]
2026.03.23 14:50:05;Buy;0.16;XAUUSD;4 463.61;4 413.61;;2026.03.23 15:25:36;4 413.61;;;-800.00;[sl]
2026.03.23 13:22:16;Buy Stop;0.13;XAUUSD;4 463.61;4 413.61;;2026.03.23 13:38:29;4 394.06;;;;cancelled
2026.03.23 13:14:28;Buy Stop;0.16;XAUUSD;4 463.61;4 413.21;;2026.03.23 13:22:26;4 360.58;;;;cancelled
2026.03.23 11:44:29;Sell;0.17;XAUUSD;4 226.18;4 276.18;;2026.03.23 12:50:29;4 276.18;;;-850.00;[sl]
2026.03.23 11:17:27;Buy;0.19;XAUUSD;4 285.28;4 246.62;;2026.03.23 11:39:33;4 244.73;;;-770.45;[sl]
2026.03.23 11:38:39;Buy;0.19;XAUUSD;4 255.93;4 246.62;;2026.03.23 11:39:33;4 244.73;;;-212.80;[sl]
2026.03.23 10:47:28;Buy;0.29;XAUUSD;4 255.93;4 235.95;;2026.03.23 10:50:17;4 235.95;;;-579.42;[sl]
2026.03.23 10:32:47;Buy;0.29;XAUUSD;4 255.93;4 235.93;;2026.03.23 10:39:32;4 235.93;;;-580.00;[sl]
2026.03.23 09:59:06;Sell Stop;0.29;XAUUSD;4 126.74;4 146.74;;2026.03.23 10:17:47;4 224.31;;;;cancelled
2026.03.23 07:45:13;Sell;0.27;XAUUSD;4 320.22;4 222.15;;2026.03.23 09:46:22;4 222.15;;;2 647.89;[sl]
2026.03.23 06:02:39;Buy;0.27;XAUUSD;4 360.71;4 340.71;;2026.03.23 07:30:16;4 340.71;;;-540.00;[sl]
2026.03.23 01:27:19;Sell;0.24;XAUUSD;4 489.93;4 365.11;;2026.03.23 06:00:26;4 365.11;;;2 995.68;[sl]
2026.03.22 19:40:19;Sell;2.04;BTCUSD;68 645.00;68 370.00;;2026.03.23 04:43:03;68 382.80;;;534.89;[sl]
2026.03.23 00:18:37;Buy;0.21;XAUUSD;4 517.18;4 497.18;;2026.03.23 00:57:30;4 497.18;;;-420.00;[sl]
2026.03.22 17:51:51;Buy Stop;2.04;BTCUSD;68 955.00;68 755.00;;2026.03.22 18:48:33;68 787.00;;;;cancelled
2026.03.22 18:03:56;Sell;2.05;BTCUSD;68 835.99;;;2026.03.22 18:04:11;68 876.94;;;-83.95;
2026.03.22 16:13:48;Buy;2.04;BTCUSD;68 775.72;68 681.00;;2026.03.22 17:40:42;68 681.00;;;-193.23;[sl]
2026.03.22 15:01:36;Buy;2.05;BTCUSD;68 775.51;68 572.00;;2026.03.22 15:37:21;68 568.30;;;-424.78;[sl]
2026.03.21 18:12:14;Sell;2.01;BTCUSD;70 548.05;68 687.00;;2026.03.22 14:28:46;68 713.83;;;3 686.78;[sl]
2026.03.21 16:17:39;Buy Stop;2.01;BTCUSD;71 087.00;70 887.00;;2026.03.21 17:26:05;70 613.49;;;;cancelled
2026.03.21 10:17:02;Sell;2.02;BTCUSD;70 635.98;70 844.00;;2026.03.21 16:10:51;70 845.36;;;-422.95;[sl]
2026.03.21 04:32:23;Buy;2.01;BTCUSD;70 606.00;70 711.00;;2026.03.21 09:46:09;70 707.09;;;203.19;[sl]
2026.03.21 04:32:23;Buy;0.71;BTCUSD;70 606.00;70 406.00;;2026.03.21 04:37:53;70 594.60;;;-8.09;
2026.03.20 20:45:27;Sell;0.21;XAUUSD;4 524.57;4 508.22;;2026.03.20 21:33:28;4 508.22;;;343.35;[sl]
2026.03.20 19:30:59;Buy Stop;0.21;XAUUSD;4 588.86;4 568.86;;2026.03.20 20:28:45;4 554.87;;;;cancelled
2026.03.20 19:02:28;Buy;0.21;XAUUSD;4 588.86;4 568.86;;2026.03.20 19:24:56;4 568.86;;;-420.00;[sl]
2026.03.20 18:29:01;Buy;0.22;XAUUSD;4 588.86;4 568.86;;2026.03.20 18:48:49;4 568.86;;;-440.00;[sl]
2026.03.20 16:00:24;Sell;0.21;XAUUSD;4 612.64;4 632.64;;2026.03.20 18:06:06;4 580.02;;;685.02;
2026.03.20 14:39:31;Buy;0.22;XAUUSD;4 666.79;4 646.79;;2026.03.20 15:31:31;4 646.79;;;-440.00;[sl]
2026.03.20 12:01:23;Sell;0.22;XAUUSD;4 659.86;4 679.86;;2026.03.20 14:01:15;4 679.86;;;-440.00;[sl]
2026.03.20 09:45:59;Buy;0.23;XAUUSD;4 698.56;4 678.56;;2026.03.20 11:34:27;4 678.56;;;-460.00;[sl]
2026.03.20 08:44:37;Sell Stop;0.23;XAUUSD;4 661.30;4 681.30;;2026.03.20 09:44:25;4 695.48;;;;cancelled
2026.03.19 15:53:08;Buy;0.21;XAUUSD;4 581.37;4 679.15;;2026.03.20 08:32:01;4 679.15;;;2 053.38;[sl]
2026.03.19 13:47:55;Sell;0.19;XAUUSD;4 658.30;4 574.75;;2026.03.19 15:20:32;4 574.75;;;1 587.45;[sl]
2026.03.19 13:15:01;Buy Stop;0.19;XAUUSD;4 699.95;4 679.95;;2026.03.19 13:43:53;4 661.08;;;;cancelled
2026.03.19 12:53:55;Sell;0.19;XAUUSD;4 671.12;4 691.12;;2026.03.19 13:01:39;4 691.12;;;-380.00;[sl]
2026.03.19 07:55:56;Sell;0.17;XAUUSD;4 832.56;4 722.43;;2026.03.19 11:23:03;4 722.43;;;1 872.21;[sl]
2026.03.19 03:57:29;Buy Stop;0.17;XAUUSD;4 867.43;4 847.43;;2026.03.19 07:48:11;4 838.70;;;;cancelled
2026.03.18 21:07:37;Sell;0.17;XAUUSD;4 852.43;4 851.58;;2026.03.19 03:02:16;4 851.58;;;14.45;[sl]
2026.03.18 18:45:20;Buy;0.18;XAUUSD;4 883.42;4 863.42;;2026.03.18 20:54:29;4 863.42;;;-360.00;[sl]
2026.03.18 17:45:49;Sell;0.18;XAUUSD;4 864.24;4 880.32;;2026.03.18 18:26:43;4 880.32;;;-289.44;[sl]
2026.03.18 16:43:16;Sell;0.18;XAUUSD;4 859.32;4 879.32;;2026.03.18 17:17:51;4 879.32;;;-360.00;[sl]
2026.03.18 12:02:00;Sell;0.17;XAUUSD;4 990.77;4 881.83;;2026.03.18 15:42:12;4 881.83;;;1 851.98;[sl]
2026.03.18 10:22:18;Sell Limit;0.17;XAUUSD;5 001.24;5 016.66;;2026.03.18 13:29:31;4 950.11;;;;cancelled
2026.03.18 09:15:44;Buy;0.17;XAUUSD;5 009.61;4 996.29;;2026.03.18 09:48:25;4 996.29;;;-226.44;[sl]
2026.03.18 08:16:26;Buy;0.17;XAUUSD;5 009.61;4 996.29;;2026.03.18 09:11:28;5 010.23;;;10.54;
2026.03.18 05:02:45;Sell;0.17;XAUUSD;4 990.60;5 004.42;;2026.03.18 08:11:55;5 004.42;;;-234.94;[sl]
2026.03.18 05:41:03;Sell;0.17;XAUUSD;4 995.53;4 994.56;;2026.03.18 05:59:33;4 991.90;;;61.71;
2026.03.18 04:30:56;Buy;0.17;XAUUSD;5 001.04;4 996.97;;2026.03.18 04:54:18;4 996.97;;;-69.19;[sl]
2026.03.17 19:56:25;Buy;0.17;XAUUSD;5 002.80;5 001.47;;2026.03.17 20:01:14;5 001.47;;;-22.61;[sl]
2026.03.17 17:27:22;Sell;0.17;XAUUSD;5 002.80;5 002.05;;2026.03.17 19:52:23;5 002.05;;;12.75;[sl]
2026.03.17 15:32:46;Buy;0.17;XAUUSD;5 024.19;5 004.19;;2026.03.17 16:31:40;5 004.19;;;-340.00;[sl]
2026.03.17 12:06:40;Sell;0.18;XAUUSD;5 005.00;5 018.56;;2026.03.17 14:27:30;5 018.56;;;-244.08;[sl]
2026.03.17 10:27:48;Buy Stop;0.18;XAUUSD;5 044.77;5 024.77;;2026.03.17 11:04:54;5 020.13;;;;cancelled
2026.03.17 05:21:33;Buy;0.18;XAUUSD;5 029.99;5 032.28;;2026.03.17 07:40:50;5 032.28;;;41.22;[sl]
2026.03.17 03:43:33;Sell;1.80;EURUSD;1.14870;1.14986;;2026.03.17 04:40:15;1.14986;;;-208.80;[sl]
2026.03.17 03:40:25;Sell;0.18;EURUSD;1.14870;1.15070;;2026.03.17 03:43:29;1.14889;;;-3.42;
2026.03.17 03:39:38;Sell Stop;0.18;EURUSD;1.14760;;;2026.03.17 03:40:00;1.14865;;;;cancelled
2026.03.17 02:50:27;Sell;0.18;XAUUSD;4 998.29;5 018.29;;2026.03.17 03:36:48;5 018.29;;;-360.00;[sl]
2026.03.16 17:28:47;Sell;0.18;XAUUSD;4 987.90;4 998.50;;2026.03.16 19:10:46;4 998.50;;;-190.80;[sl]
2026.03.16 14:28:54;Buy;0.18;XAUUSD;5 023.00;5 018.16;;2026.03.16 16:27:11;5 018.16;;;-87.12;[sl]
2026.03.16 10:39:47;Sell;0.19;XAUUSD;4 986.24;5 006.24;;2026.03.16 13:11:55;5 006.24;;;-380.00;[sl]
2026.03.15 17:08:37;Buy Stop;0.69;BTCUSD;71 635.00;71 316.00;;2026.03.15 19:00:54;71 409.21;;;;cancelled
2026.03.15 15:29:32;Sell Stop;0.69;BTCUSD;71 234.00;71 747.00;;2026.03.15 17:08:52;71 516.43;;;;cancelled
2026.03.15 12:00:42;Buy Stop;0.69;BTCUSD;71 944.00;71 697.00;;2026.03.15 14:02:35;71 753.91;;;;cancelled
2026.03.15 09:07:15;Sell Stop;0.69;BTCUSD;71 359.00;71 663.00;;2026.03.15 10:10:26;71 472.54;;;;cancelled
2026.03.14 13:47:01;Buy;0.69;BTCUSD;70 747.99;71 417.00;;2026.03.15 08:30:03;71 417.00;;;461.62;[sl]
2026.03.14 14:10:59;Sell Stop;0.68;BTCUSD;70 389.00;70 733.00;;2026.03.15 04:50:53;71 456.02;;;;cancelled
2026.03.14 14:10:42;Sell Stop;0.69;BTCUSD;70 389.00;;;2026.03.14 14:10:50;70 693.61;;;;cancelled
2026.03.14 08:40:28;Sell;0.69;BTCUSD;70 445.55;70 733.00;;2026.03.14 13:47:01;70 747.99;;;-208.68;[sl]
2026.03.14 10:09:17;Buy Stop;0.69;BTCUSD;70 733.00;70 389.00;;2026.03.14 11:48:11;70 441.01;;;;cancelled
2026.03.14 05:05:30;Buy;0.69;BTCUSD;70 919.70;70 450.00;;2026.03.14 08:40:28;70 445.55;;;-327.16;[sl]
2026.03.14 04:45:13;Sell Stop;0.69;BTCUSD;70 450.00;71 006.00;;2026.03.14 05:01:01;70 805.32;;;;cancelled
2026.03.14 04:44:37;Sell Stop;1.09;BTCUSD;70 450.00;70 976.74;;2026.03.14 04:44:55;70 738.55;;;;cancelled
2026.03.14 03:38:03;Sell;0.49;BTCUSD;70 513.56;70 843.00;;2026.03.14 03:47:11;70 853.56;;;-166.60;[sl]
2026.03.14 02:00:32;Buy;0.49;BTCUSD;70 843.00;70 516.00;;2026.03.14 03:38:03;70 513.56;;;-161.43;[sl]
2026.03.14 01:47:05;Buy Stop;0.49;BTCUSD;71 011.00;70 516.00;;2026.03.14 02:15:29;70 896.64;;;;cancelled
2026.03.14 01:18:04;Buy;0.49;BTCUSD;70 847.83;70 842.00;;2026.03.14 01:18:19;70 841.09;;;-3.30;[sl]
2026.03.13 12:50:48;Buy;0.19;XAUUSD;5 097.16;5 092.22;;2026.03.13 16:14:47;5 092.22;;;-93.86;[sl]
2026.03.13 12:55:04;Sell Stop;0.19;XAUUSD;5 084.50;5 097.16;;2026.03.13 15:03:37;5 118.42;;;;cancelled
2026.03.13 08:51:28;Sell;0.20;XAUUSD;5 087.64;5 101.66;;2026.03.13 11:18:51;5 086.96;;;13.60;
2026.03.13 02:00:24;Buy;0.20;XAUUSD;5 101.66;5 087.64;;2026.03.13 08:51:28;5 087.64;;;-280.40;[sl]
2026.03.13 01:48:47;Buy Limit;0.20;XAUUSD;5 086.65;5 066.65;;2026.03.13 02:02:49;5 100.18;;;;cancelled
2026.03.12 19:16:21;Sell;0.20;XAUUSD;5 117.94;5 135.69;;2026.03.13 01:48:10;5 098.20;;;394.80;
2026.03.12 18:42:16;Buy;0.20;XAUUSD;5 135.69;5 117.94;;2026.03.12 19:16:21;5 117.94;;;-355.00;[sl]
2026.03.12 16:31:57;Buy Stop;0.20;XAUUSD;5 163.96;5 143.96;;2026.03.12 16:36:33;5 150.71;;;;cancelled
2026.03.12 07:45:28;Buy;0.19;XAUUSD;5 154.83;5 168.11;;2026.03.12 14:07:50;5 168.11;;;252.32;[sl]
2026.03.12 08:00:17;Sell Stop;0.19;XAUUSD;5 137.20;5 154.83;;2026.03.12 09:45:37;5 183.92;;;;cancelled
2026.03.12 07:42:09;Buy Limit;0.19;XAUUSD;5 149.44;5 137.20;;2026.03.12 07:45:34;5 156.32;;;;cancelled
2026.03.11 09:34:11;Sell;0.19;XAUUSD;5 191.50;5 154.30;;2026.03.12 07:41:35;5 154.30;;;706.80;[sl]
2026.03.11 07:30:00;Sell;0.19;XAUUSD;5 199.27;5 208.76;;2026.03.11 08:13:40;5 208.76;;;-180.31;[sl]
2026.03.11 02:48:00;Buy;0.19;XAUUSD;5 215.85;5 195.85;;2026.03.11 04:10:07;5 195.85;;;-380.00;[sl]
2026.03.11 02:02:03;Buy Stop;0.19;XAUUSD;5 197.67;5 187.65;;2026.03.11 02:14:04;5 191.52;;;;cancelled
2026.03.11 01:48:13;Sell Stop;0.19;XAUUSD;5 185.49;5 205.49;;2026.03.11 01:55:42;5 193.52;;;;cancelled
2026.03.10 17:02:24;Buy;0.19;XAUUSD;5 214.77;5 222.66;;2026.03.10 20:02:09;5 222.66;;;149.91;[sl]
2026.03.10 15:18:33;Buy Limit;0.19;XAUUSD;5 192.31;5 172.31;;2026.03.10 16:03:23;5 205.82;;;;cancelled
2026.03.10 14:15:13;Sell Stop;0.19;XAUUSD;5 162.38;5 182.38;;2026.03.10 14:38:46;5 180.49;;;;cancelled
2026.03.10 11:43:39;Buy;0.01;XAUUSD;5 185.63;5 165.83;;2026.03.10 12:37:05;5 165.83;;;-19.80;[sl]
2026.03.10 10:33:50;Buy;0.18;XAUUSD;5 185.63;5 165.83;;2026.03.10 12:37:05;5 165.83;;;-356.40;[sl]
2026.03.10 09:29:59;Sell Stop;0.19;XAUUSD;5 158.49;5 178.49;;2026.03.10 10:34:14;5 185.11;;;;cancelled
2026.03.09 17:54:05;Buy;0.18;XAUUSD;5 103.00;5 161.51;;2026.03.10 09:22:38;5 161.51;;;1 053.18;[sl]
2026.03.09 17:45:59;Sell Stop;0.18;XAUUSD;5 079.00;5 099.00;;2026.03.09 17:46:18;5 096.78;;;;cancelled
2026.03.09 17:28:07;Buy Stop;0.18;XAUUSD;5 116.41;5 076.41;;2026.03.09 17:45:31;5 095.22;;;;cancelled
2026.03.09 15:57:05;Sell;0.19;XAUUSD;5 074.36;5 094.36;;2026.03.09 16:38:50;5 094.36;;;-380.00;[sl]
2026.03.09 13:30:47;Sell;0.19;XAUUSD;5 088.93;5 108.93;5 048.93;2026.03.09 14:28:49;5 108.93;;;-380.00;[sl]
2026.03.09 03:15:19;Buy;0.19;XAUUSD;5 075.85;5 080.82;;2026.03.09 13:20:27;5 080.82;;;94.43;[sl]
2026.03.09 02:36:28;Sell Limit;0.19;XAUUSD;5 093.27;5 113.27;;2026.03.09 03:12:26;5 066.94;;;;cancelled
2026.03.09 02:46:57;Sell;0.19;XAUUSD;5 043.32;5 064.33;;2026.03.09 03:12:16;5 065.04;;;-412.68;[sl]
2026.03.09 01:48:21;Sell Limit;0.19;XAUUSD;5 093.27;5 113.27;;2026.03.09 02:34:02;5 053.27;;;;cancelled
2026.03.09 02:14:24;Sell Stop;0.19;XAUUSD;5 028.65;5 048.65;;2026.03.09 02:34:01;5 053.50;;;;cancelled
2026.03.06 20:23:46;Buy;0.19;XAUUSD;5 147.76;5 148.78;;2026.03.09 00:05:10;5 141.62;;;-116.66;[sl]
2026.03.08 14:28:40;Sell;0.39;BTCUSD;67 382.00;67 275.00;;2026.03.08 21:31:48;67 279.25;;;40.07;[sl]
2026.03.08 10:44:36;Buy;0.39;BTCUSD;67 472.60;67 127.00;;2026.03.08 14:13:18;67 121.94;;;-136.76;[sl]
2026.03.07 18:18:02;Sell;0.39;BTCUSD;67 742.70;67 106.00;;2026.03.08 07:22:18;67 107.77;;;247.62;[sl]
2026.03.07 12:14:10;Buy;0.19;BTCUSD;68 090.00;67 706.00;;2026.03.07 16:09:42;67 671.22;;;-79.57;[sl]
2026.03.07 09:16:34;Sell Stop;0.19;BTCUSD;67 579.00;68 013.00;;2026.03.07 10:33:32;67 956.79;;;;cancelled
2026.03.07 02:39:23;Balance;;;;;;;;;;0.00;
2026.03.07 02:39:21;Balance;;;;;;;;;;0.00;
2026.03.06 19:02:15;Sell Stop;0.19;XAUUSD;5 126.23;5 146.23;;2026.03.06 19:38:06;5 146.93;;;;cancelled
2026.03.06 18:28:30;Sell Stop;0.19;XAUUSD;5 134.37;5 154.37;;2026.03.06 18:33:14;5 138.47;;;;cancelled
2026.03.06 14:45:00;Buy;0.20;XAUUSD;5 096.98;5 076.98;;2026.03.06 15:01:42;5 076.98;;;-400.00;[sl]
2026.03.06 13:32:59;Buy;0.20;XAUUSD;5 093.29;5 079.77;;2026.03.06 13:54:03;5 079.77;;;-270.40;[sl]
2026.03.06 11:22:01;Sell;0.20;XAUUSD;5 094.41;5 093.29;;2026.03.06 13:21:00;5 093.29;;;22.40;[sl]
2026.03.06 09:13:19;Sell Stop;0.20;XAUUSD;5 105.60;5 125.60;;2026.03.06 09:45:09;5 114.23;;;;cancelled
2026.03.06 07:46:14;Sell Limit;0.20;XAUUSD;5 127.54;5 147.54;;2026.03.06 09:45:08;5 114.27;;;;cancelled
2026.03.06 07:45:30;Sell Stop;0.19;XAUUSD;0.54;;;2026.03.06 07:46:05;5 121.28;;;;cancelled
2026.03.06 05:17:00;Buy;0.20;XAUUSD;5 135.16;5 122.09;;2026.03.06 07:31:36;5 122.09;;;-261.40;[sl]
2026.03.06 05:14:21;Buy Stop;0.21;XAUUSD;5 135.16;;;2026.03.06 05:14:40;5 131.47;;;;cancelled
2026.03.06 03:16:46;Sell Stop;0.20;XAUUSD;5 066.51;5 086.51;;2026.03.06 03:23:06;5 084.34;;;;cancelled
2026.03.06 01:47:40;Buy;0.21;XAUUSD;5 097.08;5 077.08;;2026.03.06 02:00:15;5 077.08;;;-420.00;[sl]
2026.03.05 15:16:57;Sell;0.20;XAUUSD;5 141.41;5 089.89;;2026.03.05 22:16:56;5 089.89;;;1 030.40;[sl]
2026.03.05 14:05:08;Buy;0.20;XAUUSD;5 169.20;5 156.48;;2026.03.05 15:00:26;5 156.48;;;-254.40;[sl]
2026.03.05 07:01:56;Sell;0.20;XAUUSD;5 174.75;5 167.48;;2026.03.05 10:46:25;5 168.14;;;132.20;[sl]
2026.03.05 03:06:26;Buy;0.20;XAUUSD;5 180.17;5 166.35;;2026.03.05 06:55:34;5 166.35;;;-276.40;[sl]
2026.03.04 19:00:12;Buy Stop;0.20;XAUUSD;5 162.93;5 142.93;;2026.03.04 19:27:25;5 137.81;;;;cancelled
2026.03.04 18:56:44;Sell Limit;0.20;XAUUSD;5 163.93;;;2026.03.04 18:56:47;5 146.15;;;;cancelled
2026.03.04 16:59:02;Sell Stop;0.20;XAUUSD;5 138.64;5 158.64;;2026.03.04 17:03:55;5 156.56;;;;cancelled
2026.03.04 11:39:08;Buy;0.20;XAUUSD;5 182.52;5 162.52;;2026.03.04 14:17:43;5 182.16;;;-7.20;
2026.03.04 09:48:14;Buy;0.21;XAUUSD;5 176.26;5 158.27;;2026.03.04 10:04:20;5 158.27;;;-377.79;[sl]
2026.03.04 07:05:27;Sell;0.21;XAUUSD;5 152.31;5 172.31;;2026.03.04 09:06:34;5 172.31;;;-420.00;[sl]
2026.03.04 04:49:56;Buy;0.22;XAUUSD;5 164.02;5 144.02;;2026.03.04 05:04:45;5 144.02;;;-440.00;[sl]
2026.03.04 04:09:15;Buy;0.22;XAUUSD;5 179.02;5 159.02;;2026.03.04 04:57:02;5 159.02;;;-440.00;[sl]
2026.03.03 07:30:26;Sell;0.18;XAUUSD;5 353.04;5 186.54;;2026.03.04 01:45:56;5 126.30;;;4 081.32;
2026.03.03 06:26:33;Buy;0.18;XAUUSD;5 373.95;5 358.87;;2026.03.03 07:00:01;5 358.87;;;-271.44;[sl]
2026.03.03 03:15:36;Buy;0.18;XAUUSD;5 372.25;5 352.25;;2026.03.03 03:47:08;5 351.15;;;-379.80;[sl]
2026.03.02 18:00:22;Sell;0.19;XAUUSD;5 305.44;5 326.07;;2026.03.02 21:04:31;5 326.60;;;-402.04;[sl]
2026.02.27 15:00:28;Buy;0.15;XAUUSD;5 191.01;5 402.23;;2026.03.02 10:43:32;5 402.23;;;3 168.30;[sl]
2026.03.01 17:45:34;Buy Stop;0.36;BTCUSD;67 264.00;66 804.00;;2026.03.01 18:15:27;66 952.76;;;;cancelled
2026.03.01 07:01:31;Sell;0.35;BTCUSD;67 367.00;66 572.00;;2026.03.01 15:51:19;66 580.56;;;275.25;[sl]
2026.03.01 05:00:26;Buy Stop;0.35;BTCUSD;68 226.00;67 311.00;;2026.03.01 06:57:59;67 303.37;;;;cancelled
2026.02.28 19:58:17;Buy;0.35;BTCUSD;65 224.34;66 368.00;;2026.03.01 03:11:03;66 110.41;;;310.12;[sl]
2026.02.28 16:00:06;Buy;0.35;BTCUSD;65 242.67;64 242.00;;2026.02.28 17:14:43;64 239.41;;;-351.14;[sl]
2026.02.28 06:09:26;Sell;0.35;BTCUSD;65 711.89;65 996.00;;2026.02.28 08:03:07;65 563.99;;;51.77;
2026.02.27 10:24:34;Sell;0.16;XAUUSD;5 175.53;5 186.98;;2026.02.27 14:00:02;5 186.98;;;-183.20;[sl]
2026.02.27 08:09:06;Buy Stop;0.16;XAUUSD;5 200.93;5 180.93;;2026.02.27 09:25:34;5 185.32;;;;cancelled
2026.02.27 06:41:56;Buy Stop;0.16;XAUUSD;5 188.65;5 168.65;;2026.02.27 06:42:15;5 188.04;;;;cancelled
2026.02.27 04:09:04;Buy;0.16;XAUUSD;5 194.80;5 174.80;;2026.02.27 04:38:38;5 174.80;;;-320.00;[sl]
2026.02.27 02:36:03;Sell;0.16;XAUUSD;5 178.77;5 189.49;;2026.02.27 03:37:45;5 189.49;;;-171.52;[sl]
2026.02.26 17:46:41;Buy;0.16;XAUUSD;5 176.91;5 156.91;;2026.02.27 01:50:29;5 182.97;;;96.96;
2026.02.26 17:29:51;Sell Stop;0.16;XAUUSD;5 130.47;5 150.47;;2026.02.26 17:33:58;5 150.55;;;;cancelled
2026.02.26 14:32:42;Buy;0.16;XAUUSD;5 180.56;5 160.56;;2026.02.26 16:08:36;5 160.56;;;-320.00;[sl]
2026.02.26 10:14:13;Sell;0.16;XAUUSD;5 190.24;5 178.72;;2026.02.26 14:27:01;5 178.72;;;184.32;[sl]
2026.02.26 07:13:45;Buy;0.16;XAUUSD;5 199.56;5 184.07;;2026.02.26 09:09:08;5 184.07;;;-247.84;[sl]
2026.02.26 04:32:08;Sell;0.17;XAUUSD;5 180.63;5 195.99;;2026.02.26 06:07:13;5 195.99;;;-261.12;[sl]
2026.02.25 18:20:08;Buy;0.17;XAUUSD;5 198.76;5 178.76;;2026.02.25 22:42:04;5 177.66;;;-358.70;[sl]
2026.02.25 15:23:24;Buy;0.17;XAUUSD;5 190.28;5 177.30;;2026.02.25 16:25:29;5 177.30;;;-220.66;[sl]
2026.02.25 11:52:15;Buy;0.17;XAUUSD;5 194.19;5 176.70;;2026.02.25 12:20:01;5 176.70;;;-297.33;[sl]
2026.02.25 07:20:44;Buy;0.18;XAUUSD;5 191.79;5 179.81;;2026.02.25 11:03:45;5 178.12;;;-246.06;[sl]
2026.02.25 04:49:15;Buy Stop;0.08;XAUUSD;5 194.27;5 174.59;;2026.02.25 05:15:31;5 187.19;;;;cancelled
2026.02.25 02:57:15;Buy;0.17;XAUUSD;5 152.37;5 174.59;;2026.02.25 04:51:02;5 174.59;;;377.74;[sl]
2026.02.25 04:41:17;Buy Stop;0.17;XAUUSD;5 194.27;5 174.59;;2026.02.25 04:49:34;5 185.56;;;;cancelled
2026.02.25 02:27:11;Sell Stop;0.17;XAUUSD;5 136.58;5 156.58;;2026.02.25 02:29:00;5 139.32;;;;cancelled
2026.02.24 22:41:00;Buy;0.18;XAUUSD;5 170.49;5 150.49;;2026.02.24 23:32:07;5 150.49;;;-360.00;[sl]
2026.02.24 17:59:27;Buy Stop;0.18;XAUUSD;5 155.73;5 135.73;;2026.02.24 18:53:33;5 134.41;;;;cancelled
2026.02.24 12:22:43;Buy;0.18;XAUUSD;5 178.00;5 166.41;;2026.02.24 12:33:50;5 166.41;;;-208.62;[sl]
2026.02.24 07:58:33;Buy Stop;0.18;XAUUSD;5 186.08;5 166.08;;2026.02.24 08:52:31;5 172.61;;;;cancelled
2026.02.24 01:49:57;Buy Stop;0.18;XAUUSD;5 249.81;5 229.81;;2026.02.24 02:23:16;5 233.56;;;;cancelled
2026.02.24 02:09:27;Buy Stop;0.38;BTCUSD;66 581.45;65 581.45;;2026.02.24 02:23:10;64 942.99;;;;cancelled
2026.02.24 02:09:00;Buy Stop;0.48;BTCUSD;66 581.45;65 581.45;;2026.02.24 02:09:31;64 731.55;;;;cancelled
2026.02.24 02:06:15;Buy Stop;0.58;BTCUSD;66 581.45;65 581.45;;2026.02.24 02:09:05;64 692.90;;;;cancelled
2026.02.24 02:05:17;Buy Stop;0.68;BTCUSD;66 581.45;66 048.30;;2026.02.24 02:05:44;64 680.43;;;;cancelled
2026.02.24 02:04:18;Buy Stop;1.08;BTCUSD;66 581.45;66 231.07;;2026.02.24 02:05:03;64 698.47;;;;cancelled
2026.02.24 02:01:49;Buy Stop;0.18;BTCUSD;66 034.76;64 034.76;;2026.02.24 02:03:57;64 707.32;;;;cancelled
2026.02.23 17:49:23;Buy;0.18;XAUUSD;5 204.05;5 180.67;;2026.02.23 18:04:11;5 180.67;;;-420.84;[sl]
2026.02.23 12:27:55;Buy;0.19;XAUUSD;5 153.44;5 143.04;;2026.02.23 16:00:26;5 143.04;;;-197.60;[sl]
2026.02.23 03:50:11;Buy;0.09;XAUUSD;5 166.82;5 134.92;;2026.02.23 09:25:14;5 134.92;;;-287.10;[sl]
2026.02.20 19:03:58;Buy;0.18;XAUUSD;5 069.72;5 134.92;;2026.02.23 09:25:14;5 134.92;;;1 173.60;[sl]
2026.02.22 18:59:38;Buy Stop;1.08;BTCUSD;67 669.00;67 492.00;;2026.02.22 19:52:03;67 322.46;;;;cancelled
2026.02.22 06:06:37;Buy;0.38;BTCUSD;68 089.89;67 795.00;;2026.02.22 15:33:32;67 789.09;;;-114.30;[sl]
2026.02.21 18:36:51;Buy;0.38;BTCUSD;68 290.60;68 078.00;;2026.02.21 18:39:43;68 309.76;;;7.28;
2026.02.21 13:46:07;Sell;0.38;BTCUSD;68 058.41;68 302.00;;2026.02.21 16:20:55;68 303.65;;;-93.19;[sl]
2026.02.21 02:33:39;Sell;0.38;BTCUSD;67 885.00;68 260.00;;2026.02.21 11:21:30;68 264.00;;;-144.02;[sl]
2026.02.20 17:01:16;Buy;0.09;XAUUSD;5 060.90;5 037.59;;2026.02.20 17:03:00;5 035.08;;;-232.38;[sl]
2026.02.20 15:02:21;Buy;0.18;XAUUSD;5 026.95;5 037.59;;2026.02.20 17:03:00;5 035.08;;;146.34;[sl]
2026.02.20 12:50:18;Buy Stop;0.18;XAUUSD;5 038.86;5 019.57;;2026.02.20 13:57:08;5 017.90;;;;cancelled
2026.02.20 09:38:39;Sell;0.18;XAUUSD;5 015.63;5 030.41;;2026.02.20 10:54:15;5 030.41;;;-266.04;[sl]
2026.02.20 05:41:31;Sell;0.19;XAUUSD;4 992.69;5 015.09;;2026.02.20 08:01:01;5 015.09;;;-425.60;[sl]
2026.02.19 18:58:02;Sell;0.19;XAUUSD;4 991.60;5 008.33;;2026.02.20 03:00:02;5 008.87;;;-328.13;[sl]
2026.02.19 13:52:59;Sell;0.09;XAUUSD;4 978.32;4 993.24;;2026.02.19 15:38:04;4 993.24;;;-134.28;[sl]
2026.02.19 11:35:22;Sell;0.19;XAUUSD;4 999.75;4 993.24;;2026.02.19 15:38:04;4 993.24;;;123.69;[sl]
2026.02.19 10:01:00;Sell;0.19;XAUUSD;5 008.81;5 020.64;;2026.02.19 10:45:07;5 020.64;;;-224.77;[sl]
2026.02.19 04:16:20;Sell;0.20;XAUUSD;4 968.42;4 989.07;;2026.02.19 07:04:33;4 989.07;;;-413.00;[sl]
2026.02.19 01:31:27;Sell Stop;0.10;XAUUSD;4 978.39;;4.00;2026.02.19 01:31:45;4 986.17;;;;cancelled
2026.02.18 20:19:42;Sell;0.20;XAUUSD;4 993.39;4 986.82;;2026.02.19 01:31:37;4 986.82;;;131.40;[sl]
2026.02.18 18:34:59;Sell Stop;0.20;XAUUSD;4 991.35;5 003.45;;2026.02.18 18:38:43;4 999.58;;;;cancelled
2026.02.18 16:04:52;Sell Stop;0.20;XAUUSD;4 949.05;4 969.35;;2026.02.18 16:33:12;4 976.20;;;;cancelled
2026.02.18 13:45:57;Sell;0.09;XAUUSD;4 908.82;4 917.94;;2026.02.18 14:01:06;4 917.94;;;-82.08;[sl]
2026.02.18 10:05:05;Sell;0.19;XAUUSD;4 929.02;4 917.94;;2026.02.18 14:01:06;4 917.94;;;210.52;[sl]
2026.02.18 08:01:39;Sell;0.20;XAUUSD;4 929.94;4 940.44;;2026.02.18 09:14:30;4 940.44;;;-210.00;[sl]
2026.02.18 03:31:20;Sell Stop;0.20;XAUUSD;4 881.91;4 911.09;;2026.02.18 05:05:14;4 913.66;;;;cancelled
2026.02.17 17:11:24;Sell;0.09;XAUUSD;4 856.11;4 868.84;;2026.02.17 20:03:29;4 868.84;;;-114.57;[sl]
2026.02.17 15:15:51;Sell;0.19;XAUUSD;4 915.69;4 868.84;;2026.02.17 20:03:23;4 868.84;;;890.15;[sl]
2026.02.17 13:04:55;Sell Stop;0.19;XAUUSD;4 907.60;4 939.41;;2026.02.17 14:47:27;4 937.00;;;;cancelled
2026.02.17 11:47:16;Sell;0.09;XAUUSD;4 915.50;4 929.13;;2026.02.17 11:53:36;4 929.13;;;-122.67;[sl]
2026.02.17 05:35:05;Sell;0.19;XAUUSD;4 952.86;4 929.13;;2026.02.17 11:53:36;4 929.13;;;450.87;[sl]
2026.02.17 03:53:42;Sell Limit;0.19;XAUUSD;4 975.46;5 001.25;;2026.02.17 05:30:18;4 955.83;;;;cancelled
2026.02.16 18:25:47;Sell;0.09;XAUUSD;4 983.45;4 999.87;;2026.02.17 01:05:04;4 999.87;;;-147.78;[sl]
2026.02.16 12:29:20;Sell;0.18;XAUUSD;5 006.66;4 983.68;;2026.02.16 18:25:28;4 983.68;;;413.64;[sl]
2026.02.16 18:15:07;Sell Limit;0.18;XAUUSD;4 983.45;4 999.87;;2026.02.16 18:16:02;4 978.63;;;;cancelled
2026.02.16 10:29:08;Sell Stop;0.18;XAUUSD;4 995.70;5 013.67;;2026.02.16 11:09:16;5 010.18;;;;cancelled
2026.02.16 04:37:06;Sell;0.18;XAUUSD;5 009.44;5 003.49;;2026.02.16 09:41:10;5 003.49;;;107.10;[sl]
2026.02.16 03:45:50;Buy Stop;0.40;BTCUSD;68 979.00;68 044.00;;2026.02.16 03:47:45;68 628.84;;;;cancelled
2026.02.15 09:18:18;Buy;0.40;BTCUSD;70 576.56;69 220.00;;2026.02.15 15:29:04;69 195.50;;;-552.42;[sl]
2026.02.14 10:01:42;Buy;0.19;BTCUSD;69 422.09;69 587.00;;2026.02.15 03:21:07;69 585.70;;;31.09;[sl]
2026.02.13 13:00:39;Sell;0.20;XAUUSD;4 944.15;4 997.64;;2026.02.13 15:30:30;4 997.64;;;-1 069.80;[sl]
2026.02.13 05:03:30;Sell;0.20;XAUUSD;4 984.38;4 980.60;;2026.02.13 05:30:55;4 980.60;;;75.60;[sl]
2026.02.13 04:46:37;Sell;0.20;XAUUSD;4 976.71;4 988.14;;2026.02.13 04:55:24;4 988.14;;;-228.60;[sl]
2026.02.13 04:35:49;Sell Limit;0.20;XAUUSD;4 984.35;4 989.71;;2026.02.13 04:43:37;4 978.18;;;;cancelled
2026.02.13 04:43:02;Sell Limit;0.20;XAUUSD;4 980.31;4 983.99;;2026.02.13 04:43:24;4 980.07;;;;cancelled
2026.02.13 04:29:01;Sell;0.20;XAUUSD;4 984.78;4 989.29;4 981.07;2026.02.13 04:30:28;4 989.29;;;-90.20;[sl]
2026.02.13 04:08:08;Sell;0.20;XAUUSD;4 976.20;4 985.15;;2026.02.13 04:29:02;4 985.81;;;-192.20;[sl]
2026.02.13 03:59:42;Sell;0.20;XAUUSD;4 978.23;4 985.01;;2026.02.13 04:05:45;4 985.01;;;-135.60;[sl]
2026.02.13 03:54:56;Sell Limit;0.20;XAUUSD;4 984.78;4 989.29;;2026.02.13 04:00:02;4 979.64;;;;cancelled
2026.02.13 01:42:18;Sell;0.22;XAUUSD;4 906.41;4 958.77;;2026.02.13 03:05:44;4 958.77;;;-1 151.92;[sl]
2026.02.13 01:15:15;Sell Stop;0.23;XAUUSD;4 911.22;;;2026.02.13 01:15:30;4 915.30;;;;cancelled
2026.02.12 15:21:33;Buy;0.22;XAUUSD;5 073.09;5 045.08;;2026.02.12 16:56:57;5 044.43;;;-630.52;[sl]
2026.02.12 11:58:17;Buy Stop;0.22;XAUUSD;5 081.12;5 047.26;;2026.02.12 13:05:25;5 063.55;;;;cancelled
2026.02.12 11:57:21;Buy Stop;0.22;XAUUSD;5 076.72;;;2026.02.12 11:57:26;5 076.46;;;;cancelled
2026.02.12 11:54:28;Buy;0.11;XAUUSD;5 079.78;5 076.33;;2026.02.12 11:56:28;5 076.33;;;-37.95;[sl]
2026.02.12 11:37:35;Buy;0.22;XAUUSD;5 072.03;5 076.33;;2026.02.12 11:56:28;5 076.33;;;94.60;[sl]
2026.02.12 11:32:57;Buy Stop;0.22;XAUUSD;5 073.36;5 070.46;;2026.02.12 11:33:25;5 070.73;;;;cancelled
2026.02.12 07:59:59;Buy Stop;0.22;XAUUSD;5 078.56;5 050.98;;2026.02.12 08:47:06;5 056.73;;;;cancelled
2026.02.12 02:21:12;Buy Stop;0.22;XAUUSD;5 099.14;5 020.12;;2026.02.12 03:33:30;5 060.22;;;;cancelled
2026.02.11 04:01:06;Buy;0.23;XAUUSD;5 054.94;5 020.18;;2026.02.11 15:31:01;5 020.18;;;-799.48;[sl]
2026.02.10 10:41:27;Buy;0.24;XAUUSD;5 045.96;5 011.29;;2026.02.10 17:37:57;5 011.29;;;-832.08;[sl]
2026.02.09 07:29:30;Buy;0.12;XAUUSD;5 031.74;4 969.20;;2026.02.10 01:50:02;5 034.55;;;33.72;
2026.02.09 07:29:30;Buy;0.12;XAUUSD;5 031.74;4 969.20;;2026.02.09 11:06:13;5 034.82;;;36.96;
2026.02.08 14:57:30;Buy;0.12;BTCUSD;71 286.97;69 850.00;73 981.00;2026.02.09 10:31:29;69 849.44;;;-172.50;[sl]
2026.02.08 14:57:30;Buy;0.12;BTCUSD;71 286.97;69 850.00;;2026.02.09 10:31:29;69 849.44;;;-172.50;[sl]
2026.02.08 10:04:09;Buy;0.24;BTCUSD;69 797.31;70 230.00;72 765.00;2026.02.09 10:21:33;70 104.74;;;73.78;[sl]
2026.02.08 10:04:09;Buy;0.24;BTCUSD;69 797.31;70 230.00;;2026.02.09 10:21:33;70 104.74;;;73.78;[sl]
2026.02.06 13:33:03;Sell Stop;0.06;XAUUSD;4 825.84;4 903.68;;2026.02.06 14:24:23;4 878.21;;;;cancelled
2026.02.06 13:33:20;Sell Stop;0.06;XAUUSD;4 825.84;4 903.68;4 670.16;2026.02.06 14:24:18;4 878.30;;;;cancelled
2026.02.06 09:55:05;Sell Stop;0.06;XAUUSD;4 829.52;4 882.58;4 723.40;2026.02.06 13:31:38;4 883.41;;;;cancelled
2026.02.06 09:55:01;Sell Stop;0.06;XAUUSD;4 829.52;4 882.58;;2026.02.06 13:31:35;4 881.81;;;;cancelled
2026.02.05 09:26:13;Buy;0.06;XAUUSD;4 934.42;4 825.68;5 151.90;2026.02.05 14:19:37;4 825.11;;;-655.86;[sl]
2026.02.05 09:26:13;Buy;0.06;XAUUSD;4 934.42;4 825.68;;2026.02.05 14:19:37;4 825.11;;;-655.86;[sl]
2026.02.05 03:15:27;Buy;0.06;XAUUSD;4 958.08;4 872.96;5 128.32;2026.02.05 04:45:27;4 870.91;;;-523.02;[sl]
2026.02.05 03:15:27;Buy;0.06;XAUUSD;4 958.08;4 872.96;;2026.02.05 04:45:27;4 870.91;;;-523.02;[sl]
2026.02.04 10:08:50;Buy Stop;0.03;XAUUSD;5 091.72;5 050.97;5 173.22;2026.02.04 11:33:08;5 049.45;;;;cancelled
2026.02.04 10:08:46;Buy Stop;0.03;XAUUSD;5 091.72;5 050.97;;2026.02.04 11:33:06;5 050.15;;;;cancelled
2026.02.03 13:02:26;Buy;0.06;XAUUSD;4 894.46;5 050.97;5 192.56;2026.02.04 11:32:39;5 050.24;;;934.68;[sl]
2026.02.03 13:02:26;Buy;0.06;XAUUSD;4 894.46;5 050.97;;2026.02.04 11:32:39;5 050.24;;;934.68;[sl]
2026.02.04 03:52:10;Buy Limit;0.03;XAUUSD;5 016.31;4 909.50;5 229.93;2026.02.04 10:09:10;5 086.68;;;;cancelled
2026.02.04 03:51:40;Buy Limit;0.03;XAUUSD;5 016.31;4 909.50;;2026.02.04 10:09:09;5 087.17;;;;cancelled
2026.02.03 11:56:51;Buy Limit;0.04;XAUUSD;4 894.46;;;2026.02.03 11:58:56;4 916.01;;;;cancelled
2026.02.03 11:56:43;Buy Limit;0.04;XAUUSD;4 894.46;4 745.41;;2026.02.03 11:58:55;4 916.04;;;;cancelled
2026.02.03 11:50:32;Buy Limit;0.01;XAUUSD;4 894.46;4 745.41;;2026.02.03 11:56:44;4 918.14;;;;cancelled
2026.02.03 11:50:01;Buy Limit;0.06;XAUUSD;4 894.46;4 745.41;;2026.02.03 11:50:34;4 923.33;;;;cancelled
2026.02.03 11:47:09;Buy Limit;0.24;XAUUSD;4 894.46;4 745.41;;2026.02.03 11:47:30;4 922.10;;;;cancelled
2026.02.02 02:09:21;Sell;0.01;XAUUSD;4 809.86;4 810.26;;2026.02.02 14:46:20;4 810.26;;;-0.40;[sl]
2026.02.02 02:09:21;Sell;0.01;XAUUSD;4 809.86;4 948.21;4 533.16;2026.02.02 07:49:22;4 533.16;;;276.70;[tp]
2026.02.02 01:56:51;Sell Limit;0.24;XAUUSD;4 809.86;4 948.21;;2026.02.02 02:03:49;4 770.54;;;;cancelled
2026.02.02 01:56:35;Sell Limit;0.24;XAUUSD;4 809.86;4 948.21;;2026.02.02 02:02:31;4 770.67;;;;cancelled
2026.02.01 08:37:51;Sell;0.05;BTCUSD;78 494.97;79 133.00;77 225.00;2026.02.01 12:13:13;79 143.04;;;-32.40;[sl]
2026.02.01 08:37:51;Sell;0.05;BTCUSD;78 494.97;79 133.00;;2026.02.01 12:13:13;79 143.04;;;-32.40;[sl]
2026.01.31 18:09:59;Sell;0.10;BTCUSD;80 724.10;79 133.00;;2026.02.01 12:13:13;79 143.04;;;158.11;[sl]
2026.01.31 07:06:00;Sell;0.20;BTCUSD;83 901.03;79 133.00;;2026.02.01 12:13:13;79 143.04;;;951.60;[sl]
2026.01.31 18:09:59;Sell;0.10;BTCUSD;80 724.10;82 945.00;76 435.00;2026.01.31 20:43:34;76 435.00;;;428.91;[tp]
2026.01.31 07:05:25;Sell;0.20;BTCUSD;83 902.08;84 237.00;83 232.00;2026.01.31 10:12:44;83 232.00;;;134.02;[tp]
2026.01.29 06:08:35;Buy;0.05;XAUUSD;5 551.89;5 445.47;5 764.73;2026.01.29 17:04:03;5 443.84;;;-540.25;[sl]
2026.01.29 06:08:35;Buy;0.05;XAUUSD;5 551.89;5 445.47;;2026.01.29 17:04:03;5 443.84;;;-540.25;[sl]
2026.01.29 01:35:00;Buy;0.10;XAUUSD;5 502.06;5 502.06;;2026.01.29 01:49:43;5 499.33;;;-27.30;[sl]
2026.01.29 01:35:00;Buy;0.10;XAUUSD;5 502.06;5 471.88;5 562.42;2026.01.29 01:38:56;5 562.42;;;603.60;[tp]
2026.01.28 15:01:03;Buy;0.02;XAUUSD;5 279.60;5 238.81;5 361.18;2026.01.28 17:08:28;5 238.81;;;-81.58;[sl]
2026.01.28 15:01:03;Buy;0.02;XAUUSD;5 279.60;5 238.81;;2026.01.28 17:08:28;5 238.81;;;-81.58;[sl]
2026.01.28 04:32:42;Buy;0.05;XAUUSD;5 225.57;5 238.81;5 362.55;2026.01.28 17:08:28;5 238.81;;;66.20;[sl]
2026.01.28 04:32:42;Buy;0.05;XAUUSD;5 225.57;5 238.81;;2026.01.28 17:08:28;5 238.81;;;66.20;[sl]
2026.01.27 05:40:38;Buy;0.10;XAUUSD;5 076.21;5 238.81;;2026.01.28 17:08:28;5 238.81;;;1 626.00;[sl]
2026.01.27 05:40:38;Buy;0.10;XAUUSD;5 076.21;5 076.24;5 201.43;2026.01.28 03:07:26;5 201.43;;;1 252.20;[tp]
2026.01.27 03:11:59;Buy;0.10;XAUUSD;5 062.14;4 989.97;5 204.80;2026.01.27 05:10:59;5 068.06;;;59.20;
2026.01.27 03:11:59;Buy;0.10;XAUUSD;5 062.14;4 989.97;;2026.01.27 05:10:59;5 068.08;;;59.40;
2026.01.27 02:32:30;Buy Stop;0.20;XAUUSD;5 061.58;4 989.97;5 204.80;2026.01.27 02:49:20;5 025.37;;;;cancelled
2026.01.27 02:32:26;Buy Stop;0.20;XAUUSD;5 061.58;4 989.97;;2026.01.27 02:49:01;5 024.23;;;;cancelled
2026.01.26 08:45:02;Buy;0.09;XAUUSD;5 093.47;5 028.91;;2026.01.26 21:21:50;5 028.34;;;-586.17;[sl]
2026.01.26 08:45:02;Buy;0.09;XAUUSD;5 093.47;5 028.91;5 222.59;2026.01.26 21:21:50;5 028.34;;;-586.17;[sl]
2026.01.23 16:05:43;Buy;0.18;XAUUSD;4 942.90;5 054.69;;2026.01.26 21:02:10;5 054.12;;;2 001.96;[sl]
2026.01.26 05:07:56;Buy Stop;0.90;XAUUSD;5 093.47;;;2026.01.26 05:08:01;5 079.96;;;;cancelled
2026.01.24 16:09:46;Sell;0.18;BTCUSD;89 450.00;87 013.00;;2026.01.26 02:09:32;87 040.18;;;433.77;[sl]
2026.01.23 16:05:43;Buy;0.18;XAUUSD;4 942.90;4 912.06;5 004.58;2026.01.26 01:05:00;5 004.58;;;1 110.24;[tp]
2026.01.24 16:09:46;Sell;0.18;BTCUSD;89 450.00;89 472.00;88 980.00;2026.01.25 05:21:13;88 980.00;;;84.60;[tp]
2026.01.24 02:59:58;Sell Stop;0.36;BTCUSD;89 299.00;89 766.00;;2026.01.24 05:05:14;89 747.46;;;;cancelled
2026.01.24 03:00:15;Sell Stop;0.36;BTCUSD;89 299.00;89 766.00;88 365.00;2026.01.24 05:05:13;89 756.84;;;;cancelled
2026.01.24 02:59:10;Sell Stop;0.18;BTCUSD;89 299.00;89 766.00;;2026.01.24 03:00:05;89 417.61;;;;cancelled
2026.01.24 02:59:05;Sell Stop;0.18;BTCUSD;89 299.00;89 766.00;;2026.01.24 03:00:03;89 417.45;;;;cancelled
2026.01.24 02:58:43;Sell Limit;0.18;BTCUSD;89 560.00;;;2026.01.24 02:58:56;89 438.86;;;;cancelled
2026.01.24 02:58:48;Sell Limit;0.18;BTCUSD;89 560.00;;;2026.01.24 02:58:55;89 438.86;;;;cancelled
2026.01.23 07:22:17;Buy;0.08;XAUUSD;4 959.32;4 938.01;5 001.94;2026.01.23 10:18:23;4 938.01;;;-170.48;[sl]
2026.01.23 07:22:17;Buy;0.08;XAUUSD;4 959.32;4 938.01;;2026.01.23 10:18:23;4 938.01;;;-170.48;[sl]
2026.01.22 17:25:26;Buy;0.15;XAUUSD;4 847.94;4 938.01;;2026.01.23 10:18:23;4 938.01;;;1 351.05;[sl]
2026.01.22 17:25:26;Buy;0.15;XAUUSD;4 847.94;4 810.72;4 922.38;2026.01.22 21:07:31;4 922.38;;;1 116.60;[tp]
2026.01.22 14:05:06;Buy Stop;0.15;XAUUSD;4 838.32;4 814.03;;2026.01.22 15:54:06;4 818.82;;;;cancelled
2026.01.22 14:05:10;Buy Stop;0.15;XAUUSD;4 838.32;4 814.03;4 886.90;2026.01.22 15:54:05;4 819.14;;;;cancelled
2026.01.22 02:41:03;Buy;0.32;XAUUSD;4 788.98;4 780.19;4 806.56;2026.01.22 03:03:02;4 780.19;;;-281.28;[sl]
2026.01.22 02:41:03;Buy;0.32;XAUUSD;4 788.98;4 780.19;;2026.01.22 03:03:02;4 780.19;;;-281.28;[sl]
2026.01.19 07:06:35;Buy;0.12;XAUUSD;4 670.26;4 859.44;;2026.01.21 13:46:14;4 859.44;;;2 270.16;[sl]
2026.01.21 07:33:47;Buy;0.13;XAUUSD;4 874.12;4 858.83;4 904.70;2026.01.21 08:45:57;4 858.83;;;-198.77;[sl]
2026.01.21 07:33:47;Buy;0.13;XAUUSD;4 874.12;4 858.83;;2026.01.21 08:45:57;4 858.83;;;-198.77;[sl]
2026.01.21 06:12:11;Buy;0.26;XAUUSD;4 838.46;4 867.46;;2026.01.21 08:04:36;4 867.46;;;754.00;[sl]
2026.01.21 06:12:11;Buy;0.26;XAUUSD;4 838.46;4 826.95;4 861.48;2026.01.21 06:40:29;4 861.48;;;598.52;[tp]
2026.01.21 01:36:40;Buy;0.12;XAUUSD;4 762.51;4 827.61;;2026.01.21 05:15:34;4 827.61;;;781.20;[sl]
2026.01.21 02:27:47;Buy;0.12;XAUUSD;4 777.86;4 770.52;;2026.01.21 02:31:48;4 779.08;;;14.64;
2026.01.21 02:27:47;Buy;0.12;XAUUSD;4 777.86;4 770.52;4 792.54;2026.01.21 02:31:47;4 779.08;;;14.64;
2026.01.21 01:37:14;Buy;0.12;XAUUSD;4 762.51;4 757.81;4 771.91;2026.01.21 01:44:18;4 771.91;;;112.80;[tp]
2026.01.19 07:06:35;Buy;0.12;XAUUSD;4 670.26;4 653.17;4 695.89;2026.01.20 06:59:15;4 695.89;;;307.56;[tp]
2026.01.17 04:36:19;Buy;1.30;BTCUSD;95 228.00;94 519.00;95 937.00;2026.01.19 01:30:07;94 518.49;;;-922.36;[sl]
2026.01.17 04:36:19;Buy;1.30;BTCUSD;95 228.00;94 519.00;;2026.01.19 01:30:07;94 518.49;;;-922.36;[sl]
2026.01.16 19:25:06;Buy Stop;0.13;XAUUSD;4 596.89;4 536.67;;2026.01.16 19:27:03;4 583.43;;;;cancelled
2026.01.16 19:25:10;Buy Stop;0.13;XAUUSD;4 596.89;4 536.67;4 717.33;2026.01.16 19:27:02;4 583.43;;;;cancelled
2026.01.16 02:51:47;Buy;0.14;XAUUSD;4 599.38;4 581.00;4 636.14;2026.01.16 17:27:02;4 580.25;;;-267.82;[sl]
2026.01.16 02:51:47;Buy;0.14;XAUUSD;4 599.38;4 581.00;;2026.01.16 17:27:02;4 580.25;;;-267.82;[sl]
2026.01.16 02:30:33;Buy;0.14;XAUUSD;4 607.13;4 599.38;;2026.01.16 02:51:36;4 599.38;;;-108.50;[sl]
2026.01.15 17:30:22;Buy;0.14;XAUUSD;4 615.48;4 599.38;;2026.01.16 02:51:36;4 599.38;;;-225.40;[sl]
2026.01.15 05:30:54;Sell;0.40;XAUUSD;4 581.19;4 615.05;4 547.33;2026.01.15 12:24:25;4 615.05;;;-1 354.40;[sl]
2026.01.15 05:30:54;Sell;0.40;XAUUSD;4 581.19;4 615.05;;2026.01.15 12:24:25;4 615.05;;;-1 354.40;[sl]
2026.01.14 18:55:26;Sell;0.40;XAUUSD;4 609.91;4 625.16;;2026.01.14 20:16:15;4 625.16;;;-610.00;[sl]
2026.01.14 18:55:26;Sell;0.40;XAUUSD;4 609.91;4 625.16;4 594.66;2026.01.14 20:16:15;4 625.16;;;-610.00;[sl]
2026.01.14 17:52:49;Sell Stop;0.80;XAUUSD;4 606.74;4 639.22;;2026.01.14 17:55:42;4 617.70;;;;cancelled
2026.01.14 06:03:59;Buy;0.40;XAUUSD;4 630.32;4 613.27;4 647.37;2026.01.14 16:48:24;4 613.27;;;-682.00;[sl]
2026.01.14 06:03:59;Buy;0.40;XAUUSD;4 630.32;4 613.27;;2026.01.14 16:48:24;4 613.27;;;-682.00;[sl]
2026.01.13 19:58:10;Sell;0.40;XAUUSD;4 592.33;4 621.12;4 564.96;2026.01.14 04:24:37;4 621.12;;;-1 151.60;[sl]
2026.01.13 19:58:10;Sell;0.40;XAUUSD;4 592.33;4 621.12;;2026.01.14 04:24:37;4 621.12;;;-1 151.60;[sl]
2026.01.13 15:02:00;Buy;0.40;XAUUSD;4 595.60;4 598.99;;2026.01.13 18:27:14;4 598.99;;;135.60;[sl]
2026.01.13 15:02:00;Buy;0.40;XAUUSD;4 595.60;4 577.79;4 613.41;2026.01.13 15:30:30;4 613.41;;;712.40;[tp]
2026.01.13 14:29:44;Sell Stop;0.40;XAUUSD;4 577.79;4 592.37;;2026.01.13 15:00:28;4 593.27;;;;cancelled
2026.01.13 14:29:48;Sell Stop;0.40;XAUUSD;4 577.79;4 592.37;4 563.21;2026.01.13 15:00:27;4 593.23;;;;cancelled
2026.01.13 07:42:05;Sell;0.40;XAUUSD;4 591.88;4 591.88;;2026.01.13 10:11:54;4 591.88;;;0.00;[sl]
2026.01.13 07:42:05;Sell;0.40;XAUUSD;4 591.88;4 601.85;4 581.91;2026.01.13 08:33:07;4 581.91;;;398.80;[tp]
2026.01.13 01:25:46;Sell Limit;0.40;XAUUSD;4 599.66;4 619.28;;2026.01.13 02:07:59;4 594.21;;;;cancelled
2026.01.13 01:25:54;Sell Limit;0.40;XAUUSD;4 599.66;4 619.28;4 580.04;2026.01.13 02:07:58;4 594.08;;;;cancelled
2026.01.12 17:40:57;Buy;0.40;XAUUSD;4 622.56;4 585.34;4 659.78;2026.01.13 01:12:08;4 585.34;;;-1 488.80;[sl]
2026.01.12 17:40:57;Buy;0.40;XAUUSD;4 622.56;4 585.34;;2026.01.13 01:12:08;4 585.34;;;-1 488.80;[sl]
2026.01.12 07:30:33;Buy;0.40;XAUUSD;4 574.29;4 598.34;;2026.01.12 16:04:00;4 598.34;;;962.00;[sl]
2026.01.12 07:30:33;Buy;0.40;XAUUSD;4 574.29;4 563.36;4 585.22;2026.01.12 09:15:46;4 585.22;;;437.20;[tp]
2026.01.09 20:17:08;Sell Stop;0.40;XAUUSD;4 481.92;4 511.99;4 451.85;2026.01.12 01:23:11;4 532.83;;;;cancelled
2026.01.09 20:17:03;Sell Stop;0.40;XAUUSD;4 481.92;4 511.99;;2026.01.12 01:23:09;4 533.72;;;;cancelled
2026.01.11 04:10:09;Buy;2.00;BTCUSD;90 659.38;90 659.38;;2026.01.11 21:48:03;90 657.66;;;-3.44;[sl]
2026.01.11 04:10:09;Buy;2.00;BTCUSD;90 659.38;90 416.00;90 896.00;2026.01.11 14:46:43;90 896.00;;;473.24;[tp]
2026.01.11 03:49:09;Buy Stop;4.00;BTCUSD;90 656.00;90 416.00;;2026.01.11 03:50:37;90 603.93;;;;cancelled
2026.01.11 03:49:56;Buy Stop;2.00;BTCUSD;90 656.00;90 416.00;;2026.01.11 03:50:34;90 603.93;;;;cancelled
2026.01.11 03:49:04;Buy Stop;4.00;BTCUSD;90 656.00;90 416.00;;2026.01.11 03:50:33;90 603.93;;;;cancelled
2026.01.10 17:46:03;Sell;4.00;BTCUSD;90 599.78;90 599.78;;2026.01.11 03:48:30;90 602.48;;;-10.80;[sl]
2026.01.10 17:46:03;Sell;4.00;BTCUSD;90 599.78;90 774.00;90 425.56;2026.01.11 00:09:25;90 425.56;;;696.88;[tp]
2026.01.10 15:55:37;Buy Stop;4.00;BTCUSD;90 812.00;90 585.00;;2026.01.10 16:16:44;90 590.52;;;;cancelled
2026.01.10 15:55:10;Buy Stop;4.00;BTCUSD;90 812.00;90 585.00;;2026.01.10 16:16:31;90 590.58;;;;cancelled
2026.01.10 05:07:05;Sell;2.00;BTCUSD;90 548.37;90 793.00;90 337.00;2026.01.10 12:16:25;90 797.32;;;-497.90;[sl]
2026.01.10 05:07:05;Sell;2.00;BTCUSD;90 548.37;90 793.00;;2026.01.10 12:16:25;90 797.32;;;-497.90;[sl]
2026.01.09 04:32:24;Buy;0.40;XAUUSD;4 470.33;4 481.93;;2026.01.09 19:56:43;4 481.93;;;464.00;[sl]
2026.01.09 04:32:24;Buy;0.40;XAUUSD;4 470.33;4 452.79;4 487.87;2026.01.09 15:34:42;4 487.87;;;701.60;[tp]
2026.01.08 16:06:18;Sell Stop;0.40;XAUUSD;4 417.21;4 436.47;;2026.01.08 17:04:38;4 433.53;;;;cancelled
2026.01.08 16:06:22;Sell Stop;0.40;XAUUSD;4 417.21;4 436.47;4 397.95;2026.01.08 17:04:36;4 433.31;;;;cancelled
2026.01.08 10:04:49;Sell;0.40;XAUUSD;4 426.10;4 426.10;;2026.01.08 14:33:48;4 426.10;;;0.00;[sl]
2026.01.08 10:04:49;Sell;0.40;XAUUSD;4 426.10;4 440.15;4 412.05;2026.01.08 14:15:07;4 412.05;;;562.00;[tp]
2026.01.08 05:40:07;Buy Stop;0.40;XAUUSD;4 449.90;4 433.46;;2026.01.08 06:50:58;4 431.08;;;;cancelled
2026.01.08 05:40:35;Buy Stop;0.40;XAUUSD;4 449.90;4 433.46;4 466.34;2026.01.08 06:50:56;4 431.07;;;;cancelled
2026.01.08 03:59:31;Buy Stop;0.40;XAUUSD;4 460.70;4 441.81;;2026.01.08 04:05:45;4 441.95;;;;cancelled
2026.01.08 03:59:35;Buy Stop;0.40;XAUUSD;4 460.70;4 441.81;4 479.59;2026.01.08 04:05:44;4 441.93;;;;cancelled
2026.01.08 02:24:51;Buy;0.40;XAUUSD;4 459.19;4 445.36;4 473.02;2026.01.08 03:00:33;4 445.36;;;-553.20;[sl]
2026.01.08 02:24:51;Buy;0.40;XAUUSD;4 459.19;4 445.36;;2026.01.08 03:00:33;4 445.36;;;-553.20;[sl]
2026.01.05 16:44:57;Buy;0.40;XAUUSD;4 430.06;4 432.25;;2026.01.07 15:09:39;4 432.25;;;87.60;[sl]
2026.01.05 16:44:57;Buy;0.40;XAUUSD;4 430.06;4 396.03;4 464.09;2026.01.06 05:12:48;4 464.09;;;1 361.20;[tp]
2026.01.05 05:02:17;Buy;0.40;XAUUSD;4 410.02;4 410.02;;2026.01.05 14:42:49;4 410.02;;;0.00;[sl]
2026.01.05 05:02:17;Buy;0.40;XAUUSD;4 410.02;4 388.67;4 431.37;2026.01.05 10:45:21;4 431.37;;;854.00;[tp]
2026.01.02 20:40:42;Sell;0.40;XAUUSD;4 315.20;4 333.91;4 296.49;2026.01.05 01:05:00;4 356.91;;;-1 668.40;[sl]
2026.01.02 20:40:42;Sell;0.40;XAUUSD;4 315.20;4 333.91;;2026.01.05 01:05:00;4 356.91;;;-1 668.40;[sl]
2026.01.04 06:16:38;Buy;2.00;BTCUSD;91 371.79;91 040.00;;2026.01.04 15:18:38;91 036.09;;;-671.40;[sl]
2026.01.04 06:16:38;Buy;2.00;BTCUSD;91 371.79;91 040.00;91 703.58;2026.01.04 08:06:37;91 703.58;;;663.58;[tp]
2026.01.03 10:54:46;Buy Limit;0.20;BTCUSD;89 581.00;86 625.00;;2026.01.04 05:05:45;91 231.20;;;;cancelled
2026.01.03 10:55:11;Buy Limit;0.20;BTCUSD;89 581.00;86 625.00;;2026.01.04 05:05:42;91 231.21;;;;cancelled
2026.01.03 10:53:31;Buy Limit;0.40;BTCUSD;89 581.00;;;2026.01.03 10:55:16;89 699.47;;;;cancelled
2026.01.03 10:53:13;Buy Limit;0.40;BTCUSD;89 581.00;;;2026.01.03 10:55:14;89 699.44;;;;cancelled
2026.01.03 10:51:01;Buy Limit;0.40;BTCUSD;89 581.00;86 625.00;;2026.01.03 10:53:24;89 730.89;;;;cancelled
2026.01.03 10:50:54;Buy Limit;0.40;BTCUSD;89 581.00;86 625.00;;2026.01.03 10:53:19;89 730.05;;;;cancelled
2026.01.03 10:50:36;Buy Stop;0.40;BTCUSD;89 851.00;;;2026.01.03 10:50:46;89 725.17;;;;cancelled
2026.01.03 06:06:10;Buy Stop;2.00;BTCUSD;90 412.00;90 156.00;;2026.01.03 06:56:35;90 081.90;;;;cancelled
2026.01.03 06:06:05;Buy Stop;2.00;BTCUSD;90 412.00;90 156.00;;2026.01.03 06:56:34;90 081.90;;;;cancelled
2026.01.03 04:41:12;Buy Limit;2.00;BTCUSD;90 088.00;89 593.00;;2026.01.03 06:06:17;90 366.64;;;;cancelled
2026.01.03 04:41:06;Buy Limit;2.00;BTCUSD;90 088.00;89 593.00;90 583.00;2026.01.03 06:06:16;90 366.64;;;;cancelled
2026.01.03 05:00:07;Buy Stop;2.00;BTCUSD;90 412.00;;;2026.01.03 05:00:48;90 341.73;;;;cancelled
2026.01.03 05:00:13;Buy Stop;2.00;BTCUSD;90 412.00;;;2026.01.03 05:00:47;90 341.73;;;;cancelled
2026.01.02 07:54:24;Buy;0.40;XAUUSD;4 380.51;4 384.55;;2026.01.02 15:24:01;4 384.55;;;161.60;[sl]
2026.01.02 07:54:24;Buy;0.40;XAUUSD;4 380.51;4 371.07;4 389.95;2026.01.02 10:44:50;4 389.95;;;377.60;[tp]
2026.01.02 05:49:33;Buy Limit;0.40;XAUUSD;4 356.30;4 344.59;4 368.01;2026.01.02 07:54:32;4 381.94;;;;cancelled
2026.01.02 05:49:44;Buy Limit;0.40;XAUUSD;4 356.30;4 344.59;;2026.01.02 07:54:31;4 381.91;;;;cancelled
2026.01.02 05:49:08;Buy;0.40;XAUUSD;4 375.19;4 356.30;;2026.01.02 05:50:12;4 373.12;;;-82.80;
2026.01.02 05:49:09;Buy;0.40;XAUUSD;4 375.18;4 356.30;;2026.01.02 05:50:11;4 373.21;;;-78.80;
2026.01.02 05:04:20;Buy Limit;0.40;XAUUSD;4 356.30;4 344.59;;2026.01.02 05:49:05;4 375.24;;;;cancelled
2026.01.02 05:04:24;Buy Limit;0.40;XAUUSD;4 356.30;4 344.59;4 368.01;2026.01.02 05:49:04;4 375.32;;;;cancelled
2026.01.01 09:11:38;Sell;2.00;BTCUSD;87 565.17;87 767.00;;2026.01.01 10:07:29;87 767.00;;;-403.66;[sl]
2026.01.01 09:11:38;Sell;2.00;BTCUSD;87 565.17;87 767.00;87 377.00;2026.01.01 10:07:29;87 767.00;;;-403.66;[sl]
2026.01.01 01:38:32;Sell;2.00;BTCUSD;87 625.18;87 896.00;;2026.01.01 03:07:15;87 897.18;;;-544.00;[sl]
2026.01.01 01:38:32;Sell;2.00;BTCUSD;87 625.18;87 896.00;87 358.00;2026.01.01 03:07:15;87 897.18;;;-544.00;[sl]
2026.01.01 01:29:36;Sell Stop;0.40;BTCUSD;87 627.00;87 896.00;;2026.01.01 01:31:49;87 658.07;;;;cancelled
2026.01.01 01:29:46;Sell Stop;0.40;BTCUSD;87 627.00;87 896.00;;2026.01.01 01:31:46;87 658.06;;;;cancelled
2025.12.30 18:09:51;Sell;0.40;XAUUSD;4 355.77;4 343.47;;2025.12.31 15:53:18;4 344.10;;;466.80;[sl]
2025.12.30 18:09:51;Sell;0.40;XAUUSD;4 355.77;4 392.49;4 319.05;2025.12.31 07:48:20;4 319.05;;;1 468.80;[tp]
2025.12.30 12:07:22;Sell Stop;0.40;XAUUSD;4 350.20;4 376.80;;2025.12.30 12:24:53;4 378.03;;;;cancelled
2025.12.30 12:07:30;Sell Stop;0.40;XAUUSD;4 350.20;4 376.80;;2025.12.30 12:24:52;4 378.05;;;;cancelled
2025.12.29 14:29:18;Sell;0.40;XAUUSD;4 456.94;4 341.67;;2025.12.29 18:12:22;4 341.67;;;4 610.80;[sl]
2025.12.29 14:29:18;Sell;0.40;XAUUSD;4 456.94;4 476.61;4 437.27;2025.12.29 15:42:09;4 437.27;;;786.80;[tp]
2025.12.29 10:31:37;Buy Stop;0.40;XAUUSD;4 488.77;4 445.46;4 532.08;2025.12.29 11:33:29;4 463.88;;;;cancelled
2025.12.29 10:31:32;Buy Stop;0.40;XAUUSD;4 488.77;4 445.46;;2025.12.29 11:33:27;4 463.93;;;;cancelled
2025.12.29 05:08:08;Buy;0.40;XAUUSD;4 518.30;4 472.46;4 563.10;2025.12.29 08:56:21;4 472.46;;;-1 833.60;[sl]
2025.12.29 05:08:08;Buy;0.40;XAUUSD;4 518.30;4 472.46;;2025.12.29 08:56:21;4 472.46;;;-1 833.60;[sl]
2025.12.29 01:30:10;Buy;0.40;XAUUSD;4 535.08;4 520.21;4 549.95;2025.12.29 02:01:59;4 520.21;;;-594.80;[sl]
2025.12.29 01:30:10;Buy;0.40;XAUUSD;4 535.08;4 520.21;;2025.12.29 02:01:59;4 520.21;;;-594.80;[sl]
2025.12.28 08:51:17;Buy;2.00;BTCUSD;87 751.00;87 577.00;;2025.12.28 19:05:54;87 803.17;;;104.34;
2025.12.28 08:51:17;Buy;2.00;BTCUSD;87 751.00;87 577.00;87 925.00;2025.12.28 10:40:12;87 925.00;;;348.00;[tp]
2025.12.27 05:52:33;Sell;2.00;BTCUSD;87 500.00;87 796.00;87 204.00;2025.12.27 06:16:27;87 491.03;;;17.94;
2025.12.27 05:52:33;Sell;2.00;BTCUSD;87 500.00;87 796.00;;2025.12.27 06:16:24;87 491.16;;;17.68;
2025.12.27 03:41:30;Sell Stop;2.00;BTCUSD;87 292.00;87 556.00;87 028.00;2025.12.27 05:52:51;87 500.28;;;;cancelled
2025.12.27 03:41:40;Sell Stop;2.00;BTCUSD;87 292.00;87 556.00;;2025.12.27 05:52:49;87 500.29;;;;cancelled
2025.12.27 03:39:51;Sell Stop;0.20;BTCUSD;87 292.00;87 556.00;;2025.12.27 03:41:42;87 427.55;;;;cancelled
2025.12.27 03:38:47;Sell Limit;0.20;BTCUSD;87 500.00;87 796.00;87 204.00;2025.12.27 03:41:12;87 424.94;;;;cancelled
2025.12.27 03:38:35;Sell Limit;0.20;BTCUSD;87 500.00;87 796.00;;2025.12.27 03:41:11;87 424.94;;;;cancelled
2025.12.26 14:49:21;Buy;0.20;XAUUSD;4 512.98;4 519.54;;2025.12.26 19:21:04;4 519.54;;;131.20;[sl]
2025.12.26 14:49:21;Buy;0.20;XAUUSD;4 512.98;4 502.96;4 533.02;2025.12.26 16:34:13;4 533.02;;;400.80;[tp]
2025.12.26 11:05:00;Buy;0.20;XAUUSD;4 517.68;4 507.18;4 538.68;2025.12.26 13:05:54;4 507.18;;;-210.00;[sl]
2025.12.26 11:05:00;Buy;0.20;XAUUSD;4 517.68;4 507.18;;2025.12.26 13:05:54;4 507.18;;;-210.00;[sl]
2025.12.26 08:42:55;Buy;0.20;XAUUSD;4 519.17;4 507.25;;2025.12.26 09:49:34;4 507.25;;;-238.40;[sl]
2025.12.26 08:42:55;Buy;0.20;XAUUSD;4 519.17;4 507.25;;2025.12.26 09:49:34;4 507.25;;;-238.40;[sl]
2025.12.24 19:02:41;Buy;0.20;XAUUSD;4 478.45;4 455.97;;2025.12.26 04:09:48;4 503.03;;;491.60;
2025.12.25 20:30:08;Buy Stop;2.00;BTCUSD;88 326.00;87 986.00;;2025.12.26 04:09:23;87 539.78;;;;cancelled
2025.12.25 20:30:48;Buy Stop;2.00;BTCUSD;88 326.00;87 986.00;89 006.00;2025.12.26 04:09:22;87 537.99;;;;cancelled
2025.12.24 19:02:41;Buy;0.20;XAUUSD;4 478.45;4 455.97;4 523.41;2025.12.26 03:02:30;4 523.41;;;899.20;[tp]
2025.12.25 20:29:15;Buy Stop;1.00;BTCUSD;88 326.00;87 986.00;;2025.12.25 20:30:12;88 224.98;;;;cancelled
2025.12.24 06:38:46;Buy;0.20;XAUUSD;4 498.77;4 468.60;4 559.11;2025.12.24 16:50:24;4 467.40;;;-627.40;[sl]
2025.12.24 06:38:46;Buy;0.20;XAUUSD;4 498.77;4 468.60;;2025.12.24 16:50:24;4 467.40;;;-627.40;[sl]
2025.12.24 02:59:23;Buy;0.20;XAUUSD;4 510.58;4 488.04;4 555.66;2025.12.24 04:58:40;4 487.30;;;-465.60;[sl]
2025.12.24 02:59:23;Buy;0.20;XAUUSD;4 510.58;4 488.04;;2025.12.24 04:58:40;4 487.30;;;-465.60;[sl]
2025.12.23 18:41:13;Buy;0.20;XAUUSD;4 465.70;4 441.32;;2025.12.24 01:24:27;4 490.85;;;503.00;
2025.12.23 18:41:13;Buy;0.20;XAUUSD;4 465.70;4 441.32;4 514.46;2025.12.24 01:24:24;4 490.90;;;504.00;
2025.12.23 15:31:18;Buy Stop;0.20;XAUUSD;4 497.70;4 484.51;;2025.12.23 15:41:45;4 489.13;;;;cancelled
2025.12.23 15:30:24;Buy Stop;0.20;XAUUSD;4 497.70;4 484.51;;2025.12.23 15:41:42;4 489.19;;;;cancelled
2025.12.23 09:03:59;Buy;0.20;XAUUSD;4 481.83;4 483.60;;2025.12.23 11:08:32;4 483.60;;;35.40;[sl]
2025.12.23 09:03:59;Buy;0.20;XAUUSD;4 481.83;4 483.60;4 506.65;2025.12.23 11:08:32;4 483.60;;;35.40;[sl]
2025.12.23 01:06:37;Buy Limit;0.20;XAUUSD;4 449.32;4 431.74;;2025.12.23 07:33:43;4 485.48;;;;cancelled
2025.12.22 14:00:59;Buy;0.20;XAUUSD;4 412.12;4 406.02;;2025.12.22 17:04:02;4 421.97;;;197.00;
2025.12.22 14:06:05;Buy;0.20;XAUUSD;4 412.12;4 406.02;4 424.32;2025.12.22 15:10:44;4 424.32;;;244.00;[tp]
2025.12.22 01:34:17;Buy;0.20;XAUUSD;4 349.26;4 407.94;;2025.12.22 12:31:09;4 407.94;;;1 173.60;[sl]
2025.12.21 17:37:48;Buy;1.00;BTCUSD;88 085.80;88 132.00;;2025.12.21 20:05:08;88 125.73;;;39.93;[sl]
2025.12.21 07:41:54;Buy;1.00;BTCUSD;88 144.84;88 556.00;;2025.12.21 14:44:57;88 538.34;;;393.50;[sl]
2025.12.21 03:30:20;Sell Limit;1.00;BTCUSD;88 252.00;88 447.00;;2025.12.21 07:24:57;88 103.66;;;;cancelled
2025.12.20 20:53:34;Buy;1.00;BTCUSD;88 249.00;88 059.00;;2025.12.21 03:27:30;88 266.06;;;17.06;
2025.12.20 10:20:35;Buy;1.00;BTCUSD;88 327.24;87 950.00;;2025.12.20 15:21:21;87 947.84;;;-379.40;[sl]
2025.12.20 09:46:33;Sell;1.00;BTCUSD;88 152.47;88 366.00;;2025.12.20 10:03:23;88 370.99;;;-218.52;[sl]
2025.12.20 07:07:33;Buy;1.00;BTCUSD;88 341.00;88 234.00;;2025.12.20 09:04:04;88 227.78;;;-113.22;[sl]
2025.12.20 05:32:27;Buy;1.00;BTCUSD;88 326.00;88 129.00;;2025.12.20 06:07:51;88 129.00;;;-197.00;[sl]
2025.12.20 02:12:02;Sell;1.00;BTCUSD;88 090.00;88 199.00;;2025.12.20 04:42:44;88 200.67;;;-110.67;[sl]
2025.12.20 02:03:28;Sell Limit;2.00;BTCUSD;88 090.00;88 367.00;;2025.12.20 02:08:33;88 023.09;;;;cancelled
2025.12.19 17:02:00;Buy;0.20;XAUUSD;4 338.29;4 341.97;;2025.12.19 22:14:13;4 341.97;;;73.60;[sl]
2025.12.19 14:30:18;Sell;0.20;XAUUSD;4 325.11;4 332.14;;2025.12.19 15:07:25;4 332.14;;;-140.60;[sl]
2025.12.19 12:38:07;Buy Stop;0.20;XAUUSD;4 333.95;4 321.03;;2025.12.19 14:28:44;4 326.44;;;;cancelled
2025.12.19 02:59:52;Sell;0.20;XAUUSD;4 325.65;4 335.89;;2025.12.19 08:53:06;4 325.98;;;-6.60;
2025.12.18 18:59:37;Buy Stop;0.20;XAUUSD;4 375.01;4 337.70;;2025.12.19 01:25:07;4 335.94;;;;cancelled
2025.12.18 17:22:15;Sell Stop;0.20;XAUUSD;4 308.57;4 343.29;;2025.12.18 18:14:41;4 362.52;;;;cancelled
2025.12.18 16:00:42;Buy Stop;0.20;XAUUSD;4 343.29;4 314.53;;2025.12.18 17:21:55;4 327.58;;;;cancelled
2025.12.18 10:55:45;Sell;0.20;XAUUSD;4 324.37;4 328.91;;2025.12.18 15:30:01;4 329.70;;;-106.60;[sl]
2025.12.18 01:35:41;Sell;0.20;XAUUSD;4 338.56;4 333.99;;2025.12.18 07:01:10;4 331.78;;;135.60;
2025.12.17 15:16:49;Buy;0.20;XAUUSD;4 328.22;4 330.27;;2025.12.18 01:31:19;4 338.55;;;206.60;
2025.12.17 15:15:31;Buy Limit;0.20;XAUUSD;4 323.59;4 315.05;;2025.12.17 15:17:01;4 328.77;;;;cancelled
2025.12.17 12:38:16;Sell;0.20;XAUUSD;4 307.78;4 324.97;;2025.12.17 15:09:48;4 324.97;;;-343.80;[sl]
2025.12.17 09:31:17;Sell Limit;0.20;XAUUSD;4 330.38;4 338.05;;2025.12.17 12:42:57;4 313.84;;;;cancelled
2025.12.17 06:56:39;Buy;0.20;XAUUSD;4 330.55;4 320.60;;2025.12.17 09:22:57;4 320.60;;;-199.00;[sl]
2025.12.17 06:40:29;Buy Limit;0.20;XAUUSD;4 325.50;4 311.12;;2025.12.17 07:00:52;4 331.50;;;;cancelled
2025.12.17 04:59:23;Sell;0.20;XAUUSD;4 314.15;4 328.09;;2025.12.17 06:39:39;4 328.09;;;-278.80;[sl]
2025.12.17 01:38:59;Buy;0.10;XAUUSD;4 307.37;4 311.33;;2025.12.17 04:56:31;4 311.33;;;39.60;[sl]
2025.12.16 18:15:57;Sell;0.10;XAUUSD;4 312.31;4 335.17;;2025.12.17 01:26:01;4 306.06;;;62.50;
2025.12.16 17:15:25;Buy Stop;0.10;XAUUSD;4 335.17;4 321.15;;2025.12.16 17:22:38;4 318.99;;;;cancelled
2025.12.16 15:01:58;Buy Limit;0.10;XAUUSD;4 289.09;4 273.87;;2025.12.16 17:15:39;4 322.80;;;;cancelled
2025.12.16 07:12:16;Sell;0.10;XAUUSD;4 286.52;4 282.35;;2025.12.16 14:06:58;4 282.35;;;41.70;[sl]
2025.12.16 03:52:14;Buy Stop;0.10;XAUUSD;4 318.24;4 299.02;;2025.12.16 05:16:18;4 282.00;;;;cancelled
2025.12.16 02:04:45;Sell;0.10;XAUUSD;4 303.11;4 310.00;;2025.12.16 02:29:31;4 310.00;;;-68.90;[sl]
2025.12.16 01:25:32;Sell Stop;0.10;XAUUSD;4 299.56;4 314.94;;2025.12.16 01:48:20;4 306.37;;;;cancelled
2025.12.15 15:57:40;Sell;0.10;XAUUSD;4 333.54;4 331.58;;2025.12.16 01:23:52;4 309.65;;;238.90;
2025.12.15 14:03:06;Buy;0.10;XAUUSD;4 343.97;4 339.04;;2025.12.15 15:05:38;4 339.04;;;-49.30;[sl]
2025.12.15 13:00:45;Sell;0.10;XAUUSD;4 337.67;4 344.68;;2025.12.15 14:01:25;4 344.68;;;-70.10;[sl]
2025.12.15 09:23:40;Buy;0.10;XAUUSD;4 344.68;4 333.54;;2025.12.15 12:57:46;4 340.26;;;-44.20;
2025.12.15 12:16:46;Buy Limit;0.10;US100;25 331.00;25 271.00;;2025.12.15 12:24:47;25 373.50;;;;cancelled
2025.12.15 12:14:36;Buy Stop;0.10;US100;25 375.00;;;2025.12.15 12:15:00;25 372.75;;;;cancelled
2025.12.15 10:12:01;Sell;0.10;US100;25 270.35;25 322.00;;2025.12.15 10:42:39;25 323.40;;;-53.05;[sl]
2025.12.15 07:43:40;Buy Limit;0.10;XAUUSD;4 331.57;4 324.73;;2025.12.15 09:13:24;4 342.32;;;;cancelled
2025.12.15 06:57:52;Sell Stop;0.10;XAUUSD;4 323.14;4 329.98;;2025.12.15 07:42:44;4 339.72;;;;cancelled
2025.12.15 06:23:55;Buy;0.10;XAUUSD;4 329.98;4 325.05;;2025.12.15 06:32:29;4 325.05;;;-49.30;[sl]
2025.12.15 03:00:01;Buy;0.10;XAUUSD;4 308.34;4 320.80;;2025.12.15 05:18:24;4 320.80;;;124.60;[sl]
2025.12.15 02:08:01;Sell;0.10;XAUUSD;4 301.27;4 307.21;;2025.12.15 02:38:28;4 307.21;;;-59.40;[sl]
2025.12.15 01:30:55;Buy;0.10;XAUUSD;4 306.63;4 298.99;;2025.12.15 02:01:06;4 303.07;;;-35.60;
2025.12.15 01:23:21;Buy Limit;0.10;XAUUSD;4 303.31;4 298.99;;2025.12.15 01:30:56;4 306.91;;;;cancelled
2025.12.14 08:19:00;Buy;1.00;BTCUSD;90 233.96;90 011.00;;2025.12.14 11:30:36;90 008.69;;;-225.27;[sl]
2025.12.14 06:42:07;Sell;1.00;BTCUSD;90 167.67;90 226.00;;2025.12.14 08:19:00;90 233.96;;;-66.29;[sl]
2025.12.13 07:35:26;Sell;1.00;BTCUSD;90 299.75;90 397.00;90 105.25;2025.12.13 10:16:24;90 401.49;;;-101.74;[sl]
2025.12.13 03:50:02;Sell Stop;1.00;BTCUSD;90 089.00;90 356.00;;2025.12.13 05:17:02;90 321.02;;;;cancelled
2025.12.13 03:16:50;Buy Stop;1.00;BTCUSD;90 445.00;90 167.00;;2025.12.13 03:17:53;90 310.46;;;;cancelled
2025.12.12 16:51:52;Buy;0.10;XAUUSD;4 346.40;4 321.37;;2025.12.12 17:20:58;4 321.37;;;-250.30;[sl]
2025.12.12 16:29:24;Buy Stop;0.10;XAUUSD;4 346.40;4 321.37;;2025.12.12 16:34:59;4 335.06;;;;cancelled
2025.12.12 16:27:57;Buy Stop;1.00;XAUUSD;4 346.40;4 321.37;;2025.12.12 16:28:09;4 345.17;;;;cancelled
2025.12.12 08:28:18;Buy;0.10;XAUUSD;4 280.85;4 326.97;4 381.38;2025.12.12 14:37:08;4 329.54;;;486.90;
2025.12.12 05:19:08;Sell;0.10;XAUUSD;4 269.34;4 273.46;;2025.12.12 07:24:59;4 273.46;;;-41.20;[sl]
2025.12.12 04:40:05;Buy Stop;0.10;XAUUSD;4 277.18;4 270.41;;2025.12.12 04:49:03;4 270.56;;;;cancelled
2025.12.11 17:41:56;Buy Limit;0.10;XAUUSD;4 244.89;4 217.88;;2025.12.12 04:47:03;4 271.59;;;;cancelled
2025.12.12 01:30:41;Buy Stop;0.10;XAUUSD;4 284.09;4 272.64;;2025.12.12 03:14:37;4 275.62;;;;cancelled
2025.12.11 09:36:34;Buy;0.10;XAUUSD;4 216.61;4 206.84;4 236.15;2025.12.11 15:16:24;4 206.84;;;-97.70;[sl]
2025.12.11 08:07:43;Sell Stop;0.10;XAUUSD;4 206.84;4 216.61;4 187.30;2025.12.11 10:22:59;4 215.89;;;;cancelled
2025.12.11 08:08:54;Sell;0.10;XAUUSD;4 209.62;;;2025.12.11 08:08:58;4 209.86;;;-2.40;
2025.12.11 04:10:57;Sell;0.10;XAUUSD;4 232.96;4 242.20;4 214.48;2025.12.11 05:09:28;4 214.48;;;184.80;[tp]
2025.12.10 11:03:23;Sell;0.10;XAUUSD;4 194.92;4 216.70;4 151.36;2025.12.10 21:09:03;4 216.70;;;-217.80;[sl]
2025.12.10 15:18:07;Buy Stop;0.10;XAUUSD;4 200.65;4 193.56;;2025.12.10 15:20:38;4 194.33;;;;cancelled
2025.12.09 18:37:02;Buy;0.10;XAUUSD;4 216.70;4 194.92;4 260.26;2025.12.10 11:03:23;4 194.92;;;-217.80;[sl]
2025.12.09 18:27:47;Buy Stop;0.10;XAUUSD;4 216.70;;;2025.12.09 18:28:31;4 213.96;;;;cancelled
2025.12.09 10:26:57;Sell Stop;0.10;XAUUSD;4 175.83;4 188.83;4 149.83;2025.12.09 18:27:28;4 213.52;;;;cancelled
2025.12.09 10:37:54;Buy;0.10;XAUUSD;4 188.83;4 175.83;4 214.83;2025.12.09 17:59:07;4 214.83;;;260.00;[tp]
2025.12.09 05:46:57;Buy Stop;0.10;XAUUSD;4 198.49;4 185.88;4 223.71;2025.12.09 07:00:00;4 187.22;;;;cancelled
2025.12.09 01:46:01;Buy;0.10;XAUUSD;4 194.36;4 188.23;4 206.62;2025.12.09 04:30:21;4 188.23;;;-61.30;[sl]
2025.12.08 09:40:06;Buy;0.10;XAUUSD;4 212.10;4 197.45;4 241.40;2025.12.08 16:01:16;4 197.45;;;-146.50;[sl]
2025.12.08 09:13:47;Buy Limit;0.10;XAUUSD;4 212.84;4 199.22;4 240.08;2025.12.08 09:27:39;4 214.68;;;;cancelled
2025.12.08 08:33:29;Buy;0.10;XAUUSD;4 218.34;4 213.78;;2025.12.08 09:06:07;4 213.78;;;-45.60;[sl]
2025.12.08 06:15:05;Buy;0.10;XAUUSD;4 210.77;4 206.63;4 219.05;2025.12.08 07:19:40;4 206.63;;;-41.40;[sl]
2025.12.08 03:02:36;Buy;0.10;XAUUSD;4 203.20;4 197.69;4 214.22;2025.12.08 03:57:39;4 197.69;;;-55.10;[sl]
2025.12.07 08:20:41;Buy;0.50;BTCUSD;89 634.06;89 427.00;90 045.00;2025.12.07 09:11:09;89 423.64;;;-105.21;[sl]
2025.12.06 05:03:00;Buy;0.50;BTCUSD;89 519.18;89 005.00;90 538.00;2025.12.07 01:03:26;88 963.14;;;-278.02;[sl]
2025.12.06 03:34:57;Buy Stop;0.30;BTCUSD;89 516.00;89 005.00;;2025.12.06 03:35:26;89 321.39;;;;cancelled
2025.12.06 03:34:03;Buy Stop;1.00;BTCUSD;89 516.00;89 005.00;;2025.12.06 03:35:02;89 327.75;;;;cancelled
2025.12.05 19:18:17;Buy;0.10;XAUUSD;4 217.89;4 198.55;4 256.57;2025.12.05 23:16:22;4 198.55;;;-193.40;[sl]
2025.12.04 20:59:24;Buy;0.10;XAUUSD;4 208.69;4 193.58;4 238.91;2025.12.05 16:12:01;4 238.91;;;302.20;[tp]
2025.11.26 04:25:39;Buy;0.10;XAUUSD;4 159.61;4 122.11;4 234.61;2025.12.05 15:28:56;4 234.61;;;750.00;[tp]
2025.11.26 01:20:21;Sell Stop;0.10;XAUUSD;4 122.11;4 159.61;4 047.11;2025.12.05 12:42:16;4 223.78;;;;cancelled
2025.12.04 18:53:02;Sell Stop;0.10;XAUUSD;4 193.58;4 208.69;4 163.36;2025.12.05 12:42:13;4 223.81;;;;cancelled
2025.12.04 14:18:42;Buy Stop;0.10;XAUUSD;4 202.13;4 193.32;;2025.12.04 14:38:35;4 192.12;;;;cancelled
2025.12.04 08:07:01;Sell Limit;0.10;XAUUSD;4 198.86;4 217.31;4 143.51;2025.12.04 09:00:10;4 189.16;;;;cancelled
2025.12.04 08:08:22;Buy Stop;0.10;XAUUSD;4 217.31;4 198.86;4 272.66;2025.12.04 09:00:09;4 189.37;;;;cancelled
2025.12.04 02:09:26;Buy;0.10;XAUUSD;4 209.80;4 203.53;4 228.61;2025.12.04 04:02:31;4 203.53;;;-62.70;[sl]
2025.12.04 01:33:42;Sell;0.10;XAUUSD;4 203.53;4 209.80;4 184.72;2025.12.04 02:09:26;4 209.80;;;-62.70;[sl]
2025.12.03 16:55:19;Sell;0.10;XAUUSD;4 205.18;4 214.73;4 176.53;2025.12.03 16:57:56;4 214.73;;;-95.50;[sl]
2025.12.03 16:51:56;Buy;0.10;XAUUSD;4 214.73;4 205.18;4 243.38;2025.12.03 16:55:19;4 205.18;;;-95.50;[sl]
2025.11.26 01:08:11;Buy Stop;0.10;XAUUSD;4 159.61;4 122.11;;2025.11.26 01:12:29;4 133.34;;;;cancelled
2025.11.25 19:33:58;Buy;0.10;XAUUSD;4 156.21;4 132.77;4 203.09;2025.11.25 20:59:43;4 132.77;;;-234.40;[sl]
2025.11.25 09:37:14;Sell;0.10;XAUUSD;4 132.77;4 156.21;4 085.89;2025.11.25 19:33:58;4 156.21;;;-234.40;[sl]
2025.11.25 02:56:30;Sell;0.10;XAUUSD;4 130.04;4 140.31;4 109.50;2025.11.25 04:03:20;4 140.31;;;-102.70;[sl]
2025.11.25 02:00:10;Buy;0.10;XAUUSD;4 140.31;4 130.04;4 160.85;2025.11.25 02:56:30;4 130.04;;;-102.70;[sl]
2025.11.23 04:11:26;Sell Stop;0.10;BTCUSD;84 916.00;86 175.00;82 398.00;2025.11.25 02:49:58;88 011.42;;;;cancelled
2025.11.24 11:11:58;Buy;0.10;XAUUSD;4 073.42;4 042.61;4 135.04;2025.11.24 23:42:21;4 135.04;;;616.20;[tp]
2025.11.23 04:26:27;Buy;0.10;BTCUSD;86 178.64;84 916.00;88 693.00;2025.11.24 21:03:22;88 693.00;;;251.44;[tp]
2025.11.24 04:53:20;Sell;0.10;XAUUSD;4 042.61;4 073.42;3 980.99;2025.11.24 11:11:58;4 073.42;;;-308.10;[sl]
2025.11.21 22:23:21;Sell;0.10;XAUUSD;4 075.70;4 088.65;4 051.75;2025.11.24 03:23:13;4 051.75;;;239.50;[tp]
2025.11.22 16:15:54;Buy;0.10;BTCUSD;84 598.19;83 902.00;85 978.00;2025.11.23 03:53:33;85 978.00;;;137.98;[tp]
2025.11.22 12:22:40;Sell;0.10;BTCUSD;83 902.00;84 594.00;82 518.00;2025.11.22 16:15:54;84 598.19;;;-69.62;[sl]
2025.11.22 12:20:22;Sell Limit;0.10;BTCUSD;83 902.00;;;2025.11.22 12:20:39;83 850.10;;;;cancelled
2025.11.22 08:31:19;Buy;0.10;BTCUSD;84 630.00;84 186.67;85 504.66;2025.11.22 10:20:37;84 185.88;;;-44.41;[sl]
2025.11.22 06:22:18;Sell;0.10;BTCUSD;84 186.67;84 626.00;83 303.01;2025.11.22 08:31:19;84 630.00;;;-44.33;[sl]
2025.11.21 21:23:01;Buy;0.10;XAUUSD;4 088.65;4 076.35;4 113.25;2025.11.21 22:23:21;4 075.70;;;-129.50;[sl]
2025.11.21 17:40:04;Sell;0.10;XAUUSD;4 058.61;4 081.52;4 014.53;2025.11.21 18:44:40;4 081.52;;;-229.10;[sl]
2025.11.21 16:01:03;Buy;0.10;XAUUSD;4 081.52;4 059.19;4 126.18;2025.11.21 17:40:04;4 058.61;;;-229.10;[sl]
2025.11.21 10:10:08;Sell Stop;0.10;XAUUSD;4 024.81;4 040.07;3 994.29;2025.11.21 15:04:59;4 060.13;;;;cancelled
2025.11.21 10:15:50;Buy;0.10;XAUUSD;4 040.07;4 024.81;4 070.59;2025.11.21 14:45:49;4 070.59;;;305.20;[tp]
2025.11.20 18:22:33;Buy Stop;0.10;XAUUSD;4 108.55;4 083.71;4 158.23;2025.11.21 08:32:33;4 037.82;;;;cancelled
2025.11.20 21:23:37;Sell;0.10;XAUUSD;4 083.71;4 108.55;4 034.03;2025.11.21 08:28:24;4 034.03;;;496.80;[tp]
2025.11.20 18:08:44;Sell Stop;0.10;XAUUSD;4 065.57;4 084.98;4 026.75;2025.11.20 18:19:54;4 071.31;;;;cancelled
2025.11.20 18:06:58;Buy Stop;0.10;XAUUSD;4 084.98;4 065.57;4 123.80;2025.11.20 18:19:51;4 071.68;;;;cancelled
2025.11.20 17:25:09;Buy Stop;0.10;XAUUSD;4 133.21;4 090.10;4 219.43;2025.11.20 18:06:26;4 079.88;;;;cancelled
2025.11.20 17:32:19;Sell;0.10;XAUUSD;4 090.10;4 133.21;4 003.88;2025.11.20 18:06:22;4 079.34;;;107.60;
2025.11.20 17:19:45;Buy Limit;0.10;XAUUSD;4 085.87;4 064.85;4 127.91;2025.11.20 17:23:13;4 089.78;;;;cancelled
2025.11.20 17:21:29;Sell Stop;0.10;XAUUSD;4 064.85;4 085.87;4 022.81;2025.11.20 17:23:12;4 089.01;;;;cancelled
2025.11.14 19:01:39;Sell Stop;0.05;GBPJPY;202.663;203.542;200.905;2025.11.20 17:20:27;206.707;;;;cancelled
2025.10.27 13:44:25;Buy Stop;0.02;XAGUSD;54.564;50.611;62.470;2025.11.20 17:20:26;51.214;;;;cancelled
2025.10.27 13:46:56;Sell Stop;0.02;US100;24 259.00;25 251.00;22 275.00;2025.11.20 17:20:25;25 152.75;;;;cancelled
2025.10.24 09:26:31;Buy;0.02;US100;25 251.00;24 259.00;27 235.00;2025.11.20 17:20:22;25 155.35;;;-19.13;
2025.10.21 11:01:58;Sell;0.02;XAGUSD;50.611;54.564;42.705;2025.11.20 17:20:21;51.220;;;-60.90;
2025.10.27 13:41:21;Buy Stop;0.01;XAUUSD;4 381.78;4 081.07;4 983.20;2025.11.20 17:20:14;4 091.07;;;;cancelled
2025.10.27 13:48:03;Sell Stop;0.20;HK50;25 113.19;26 187.70;22 964.17;2025.11.20 17:20:08;25 848.20;;;;cancelled
2025.10.22 03:37:08;Sell;0.01;XAUUSD;4 081.07;4 381.78;3 479.65;2025.11.20 17:20:01;4 091.96;;;-10.89;
2025.11.20 16:54:40;Sell Stop;0.10;XAUUSD;4 067.77;4 099.04;4 005.23;2025.11.20 17:19:53;4 092.10;;;;cancelled
2025.11.20 17:18:39;Sell Stop;0.10;XAUUSD;4 090.10;4 133.21;4 046.99;2025.11.20 17:19:20;4 093.91;;;;cancelled
2025.10.24 04:20:00;Buy;0.20;HK50;26 187.70;25 113.19;28 336.72;2025.11.20 17:18:23;25 855.20;;;-85.44;
2025.11.20 16:55:21;Buy;0.10;XAUUSD;4 099.04;4 067.77;4 161.58;2025.11.20 17:18:21;4 092.03;;;-70.10;
2025.11.20 16:53:18;Sell Stop;0.10;XAUUSD;4 067.77;;;2025.11.20 16:53:50;4 104.34;;;;cancelled
2025.11.20 04:05:52;Sell;0.10;XAUUSD;4 067.77;4 099.04;;2025.11.20 16:49:07;4 099.04;;;-312.70;[sl]
2025.11.20 04:05:52;Sell;0.10;XAUUSD;4 067.77;4 099.04;4 005.23;2025.11.20 16:49:07;4 099.04;;;-312.70;[sl]
2025.11.20 16:40:34;Balance;;Dividend;;;;;;;;0.90;
2025.11.20 01:41:12;Buy;0.10;XAUUSD;4 099.04;4 067.77;;2025.11.20 04:05:52;4 067.77;;;-312.70;[sl]
2025.11.20 01:41:12;Buy;0.10;XAUUSD;4 099.04;4 067.77;4 161.58;2025.11.20 04:05:52;4 067.77;;;-312.70;[sl]
2025.11.19 10:11:47;Buy;0.10;XAUUSD;4 079.01;4 100.80;;2025.11.19 17:53:26;4 100.80;;;217.90;[sl]
2025.11.18 21:13:51;Buy;0.10;XAUUSD;4 079.01;4 100.80;4 137.95;2025.11.19 17:53:26;4 100.80;;;217.90;[sl]
2025.11.14 19:05:45;Buy;0.05;GBPJPY;203.542;202.663;205.300;2025.11.19 16:59:39;205.300;;;56.13;[tp]
2025.11.19 16:38:05;Balance;;Dividend;;;;;;;;0.04;
2025.11.19 01:17:40;Sell Stop;0.10;XAUUSD;4 049.54;4 079.01;3 990.60;2025.11.19 08:13:54;4 096.12;;;;cancelled
2025.11.18 17:51:01;Sell;0.10;XAUUSD;4 049.54;4 079.01;3 990.60;2025.11.18 21:13:51;4 079.01;;;-294.70;[sl]
2025.11.18 16:17:41;Buy;0.10;XAUUSD;4 079.01;4 049.54;4 137.95;2025.11.18 17:51:01;4 049.54;;;-294.70;[sl]
2025.11.18 16:40:01;Balance;;;;;;;;;;0.11;
2025.11.17 21:32:29;Sell;0.05;XAUUSD;4 049.54;4 079.01;3 990.60;2025.11.18 16:17:41;4 079.01;;;-147.35;[sl]
2025.11.18 01:37:05;Buy Stop;0.05;XAUUSD;4 079.01;4 049.54;4 137.95;2025.11.18 15:00:58;4 036.93;;;;cancelled
2025.11.17 09:29:27;Buy;0.05;XAUUSD;4 079.01;4 049.54;4 137.95;2025.11.17 21:32:29;4 049.54;;;-147.35;[sl]
2025.11.17 16:41:52;Balance;;;;;;;;;;0.10;
2025.11.17 16:38:41;Balance;;;;;;;;;;0.14;
2025.11.17 09:39:57;Buy;0.05;BTCUSD;95 686.01;94 316.91;98 415.18;2025.11.17 15:31:31;94 316.91;;;-68.46;[sl]
2025.11.14 18:14:43;Sell Stop;0.05;US100;24 567.19;24 914.35;23 872.87;2025.11.17 10:31:00;25 284.95;;;;cancelled
2025.11.14 18:12:56;Buy Limit;0.05;US100;24 914.35;24 567.19;25 608.67;2025.11.17 10:30:58;25 287.10;;;;cancelled
2025.11.16 19:29:09;Sell;0.05;BTCUSD;94 316.91;95 683.00;91 584.73;2025.11.17 09:39:57;95 686.01;;;-68.46;[sl]
2025.11.17 07:11:06;Buy Stop;0.05;XAUUSD;4 087.45;4 077.69;4 106.97;2025.11.17 07:31:51;4 058.27;;;;cancelled
2025.11.17 06:47:17;Sell;0.05;XAUUSD;4 077.69;4 087.45;4 058.17;2025.11.17 07:31:23;4 058.17;;;97.60;[tp]
2025.11.17 06:05:34;Buy;0.05;XAUUSD;4 087.45;4 077.69;4 106.97;2025.11.17 06:47:17;4 077.69;;;-48.80;[sl]
2025.11.17 05:00:08;Sell;0.05;XAUUSD;4 077.69;4 087.45;4 058.17;2025.11.17 06:05:34;4 087.45;;;-48.80;[sl]
2025.11.17 04:03:11;Buy;0.05;XAUUSD;4 087.45;4 077.69;4 106.97;2025.11.17 05:00:08;4 077.69;;;-48.80;[sl]
2025.11.16 04:29:00;Buy;0.05;BTCUSD;95 729.27;95 165.60;96 829.76;2025.11.16 15:45:01;95 162.91;;;-28.32;[sl]
2025.11.16 03:36:20;Sell;0.05;BTCUSD;95 165.60;95 720.32;94 056.16;2025.11.16 04:29:00;95 729.27;;;-28.18;[sl]
2025.11.15 16:00:43;Buy;0.05;BTCUSD;96 387.90;95 612.60;97 927.76;2025.11.15 22:21:49;95 610.54;;;-38.87;[sl]
2025.11.15 13:47:10;Sell;0.05;BTCUSD;95 607.43;96 385.22;94 067.36;2025.11.15 16:00:43;96 387.90;;;-39.02;[sl]
2025.11.14 22:40:15;Sell;0.05;BTCUSD;94 532.64;96 811.87;89 992.63;2025.11.15 05:28:19;96 814.22;;;-114.08;[sl]
2025.11.14 18:25:39;Buy;0.05;BTCUSD;96 815.17;94 538.79;101 358.03;2025.11.14 22:40:15;94 532.64;;;-114.13;[sl]
2025.11.14 16:38:13;Balance;;Dividend;;;;;;;;0.61;
2025.11.13 20:31:11;Sell;0.05;XAUUSD;4 183.47;4 213.60;4 123.21;2025.11.14 14:17:12;4 123.21;;;301.30;[tp]
2025.11.13 06:00:25;Buy;0.05;XAUUSD;4 213.60;4 183.47;4 273.86;2025.11.13 20:31:11;4 183.47;;;-150.65;[sl]
2025.11.13 16:42:05;Balance;;Dividend;;;;;;;;0.08;
2025.10.28 15:30:37;Sell;0.20;GBPJPY;201.918;203.831;198.092;2025.11.13 14:44:21;203.831;;;-247.34;[sl]
2025.11.13 02:54:43;Buy;0.05;XAUUSD;4 208.22;4 187.37;4 249.92;2025.11.13 03:16:10;4 187.37;;;-104.25;[sl]
2025.11.13 02:08:43;Sell;0.05;XAUUSD;4 187.37;4 208.22;4 145.67;2025.11.13 02:54:43;4 208.22;;;-104.25;[sl]
2025.11.12 17:10:13;Buy;0.05;XAUUSD;4 148.36;4 129.42;4 186.24;2025.11.12 18:04:08;4 186.24;;;189.40;[tp]
2025.11.11 07:35:30;Sell;0.05;XAUUSD;4 129.42;4 148.36;4 091.54;2025.11.12 17:10:13;4 148.36;;;-94.70;[sl]
2025.11.12 16:45:35;Balance;;Dividend;;;;;;;;0.05;
2025.11.12 16:40:31;Balance;;Dividend;;;;;;;;0.43;
2025.10.30 07:01:36;Sell Stop;0.05;XAUUSD;3 915.35;3 982.73;3 780.59;2025.11.11 03:44:23;4 138.40;;;;cancelled
2025.11.11 01:30:29;Sell Stop;0.05;XAUUSD;4 106.52;4 116.99;4 085.58;2025.11.11 03:44:22;4 138.07;;;;cancelled
2025.11.11 02:03:02;Buy;0.05;XAUUSD;4 116.99;4 106.52;4 137.93;2025.11.11 03:30:04;4 137.93;;;104.70;[tp]
2025.10.30 11:01:12;Buy;0.05;XAUUSD;3 982.73;3 915.35;4 117.49;2025.11.11 01:06:27;4 117.49;;;673.80;[tp]
2025.11.10 16:40:13;Balance;;;;;;;;;;0.66;
2025.11.10 16:36:38;Balance;;;;;;;;;;1.64;
2025.11.07 16:37:55;Balance;;Dividend;;;;;;;;0.10;
2025.11.06 16:38:10;Balance;;Dividend;;;;;;;;4.09;
2025.11.03 17:27:58;Sell;0.02;BTCUSD;106 052.86;109 457.85;102 678.15;2025.11.04 18:20:38;102 678.15;;;67.49;[tp]
2025.11.04 16:38:10;Balance;;Dividend;;;;;;;;0.06;
2025.10.20 06:50:07;Buy;0.02;BTCUSD;109 457.85;106 068.00;116 237.55;2025.11.03 17:27:58;106 052.86;;;-68.10;[sl]
2025.11.03 08:31:08;Balance;;;;;;;;;;-900.00;
2025.11.03 00:39:14;Balance;;;;;;;;;;0.49;
2025.11.03 00:36:05;Balance;;;;;;;;;;0.21;
2025.10.01 00:00:00;Buy;9.86;archived;;;;2025.10.31 23:59:59;;;;38.32;
2025.10.01 00:00:00;Buy;4.82;archived;;;;2025.10.31 23:59:59;;;;4 816.17;
2025.10.31 16:40:09;Balance;;Dividend;;;;;;;;0.49;
2025.10.31 16:36:15;Balance;;Dividend;;;;;;;;0.21;
2025.10.31 04:09:28;Sell Limit;0.10;XAUUSD;4 074.46;;;2025.10.31 04:09:34;4 013.60;;;;cancelled
2025.10.30 16:38:34;Balance;;Dividend;;;;;;;;1.53;
2025.10.29 15:02:34;Buy Stop;0.10;XAUUSD;4 030.56;4 013.32;4 065.04;2025.10.30 01:41:06;3 948.25;;;;cancelled
2025.10.29 16:41:04;Balance;;Dividend;;;;;;;;0.04;
2025.10.29 15:02:13;Buy Stop;0.20;XAUUSD;4 030.56;4 013.32;;2025.10.29 15:02:39;4 019.15;;;;cancelled
2025.10.29 01:26:29;Sell Stop;0.20;XAUUSD;3 905.37;3 940.89;3 834.33;2025.10.29 10:30:56;4 013.25;;;;cancelled
2025.10.28 16:00:36;Sell Stop;0.20;XAUUSD;3 905.37;3 940.89;3 834.33;2025.10.29 01:21:56;3 951.25;;;;cancelled
2025.10.28 17:26:10;Balance;;;;;;;;;;0.07;
2025.10.24 09:00:18;Buy;0.20;GBPJPY;203.831;201.918;207.657;2025.10.28 15:30:37;201.918;;;-251.24;[sl]
2025.10.27 16:02:22;Buy Stop;0.20;XAUUSD;4 050.69;4 013.16;4 125.75;2025.10.28 09:03:07;3 939.12;;;;cancelled
2025.10.27 16:03:00;Sell;0.20;XAUUSD;4 013.16;4 050.69;3 938.10;2025.10.28 09:01:59;3 938.10;;;1 501.20;[tp]
2025.10.27 15:00:07;Buy;0.40;XAUUSD;4 050.56;4 028.78;4 094.12;2025.10.27 15:30:02;4 028.78;;;-871.20;[sl]
2025.10.27 13:10:50;Sell;0.40;XAUUSD;4 028.78;4 050.56;3 985.22;2025.10.27 15:00:07;4 050.56;;;-871.20;[sl]
2025.10.27 08:07:04;Buy Stop;0.04;XAUUSD;4 134.64;4 105.64;4 192.64;2025.10.27 11:00:37;4 048.01;;;;cancelled
2025.10.24 21:01:54;Sell;0.04;XAUUSD;4 105.64;4 134.64;4 047.00;2025.10.27 10:53:13;4 047.00;;;234.56;[tp]
2025.10.27 00:02:34;Buy;0.04;BTCUSD;113 846.00;112 373.00;113 846.00;2025.10.27 00:02:35;113 846.00;;;0.00;[tp]
2025.10.25 08:34:55;Buy;0.40;BTCUSD;111 235.33;110 626.00;112 450.00;2025.10.26 11:27:45;112 450.00;;;485.87;[tp]
2025.10.25 08:28:08;Buy Stop;0.04;BTCUSD;111 234.00;110 626.00;;2025.10.25 08:28:33;111 165.70;;;;cancelled
2025.10.25 07:16:50;Buy;1.00;BTCUSD;111 203.75;111 086.00;111 439.25;2025.10.25 08:11:35;111 079.75;;;-124.00;[sl]
2025.10.25 06:24:57;Sell;1.00;BTCUSD;110 997.04;111 129.00;110 733.12;2025.10.25 07:14:42;111 152.29;;;-155.25;[sl]
2025.10.25 06:20:15;Buy Stop;1.00;BTCUSD;111 130.00;111 061.00;111 268.00;2025.10.25 06:21:23;111 038.37;;;;cancelled
2025.10.25 06:12:15;Sell Stop;1.00;BTCUSD;110 964.00;111 054.00;110 784.00;2025.10.25 06:15:07;111 043.18;;;;cancelled
2025.10.25 06:06:10;Buy;2.00;BTCUSD;111 051.00;110 982.00;111 189.00;2025.10.25 06:10:48;110 965.81;;;-170.38;[sl]
2025.10.25 06:05:41;Buy Stop;1.00;BTCUSD;111 048.00;110 982.00;;2025.10.25 06:05:50;111 029.70;;;;cancelled
2025.10.25 06:05:26;Buy;0.40;BTCUSD;111 048.00;110 982.00;;2025.10.25 06:05:45;111 004.74;;;-17.30;
2025.10.25 05:47:54;Buy Stop;0.40;BTCUSD;111 234.00;110 626.00;112 450.00;2025.10.25 06:04:04;111 033.93;;;;cancelled
2025.10.25 05:47:29;Buy Stop;1.00;BTCUSD;111 234.00;110 626.00;;2025.10.25 05:47:56;110 962.79;;;;cancelled
2025.10.25 05:46:05;Buy Stop;1.00;BTCUSD;111 012.00;;;2025.10.25 05:46:17;110 974.10;;;;cancelled
2025.10.25 04:57:51;Buy Stop;0.40;BTCUSD;111 153.00;110 819.00;;2025.10.25 05:45:23;110 972.00;;;;cancelled
2025.10.24 19:13:01;Sell;0.40;XAUUSD;4 131.13;4 134.53;4 124.33;2025.10.24 19:15:13;4 134.53;;;-136.00;[sl]
2025.10.24 14:10:21;Buy;0.20;XAUUSD;4 061.20;4 045.26;4 092.00;2025.10.24 15:30:57;4 092.00;;;616.00;[tp]
2025.10.24 12:54:38;Buy;0.30;XAUUSD;4 058.14;4 050.20;4 074.02;2025.10.24 13:44:51;4 058.73;;;17.70;
2025.10.24 12:01:10;Buy Limit;0.20;XAUUSD;4 058.14;4 047.41;4 079.60;2025.10.24 12:02:59;4 065.13;;;;cancelled
2025.10.23 15:23:20;Buy;0.10;XAUUSD;4 101.07;4 072.12;4 156.03;2025.10.24 10:54:59;4 072.12;;;-289.50;[sl]
2025.10.24 04:29:53;Buy Stop;0.10;GBPJPY;203.831;201.918;;2025.10.24 04:30:21;203.671;;;;cancelled
2025.10.23 11:18:12;Buy Limit;0.01;XAUUSD;4 101.07;4 072.12;;2025.10.23 11:18:20;4 116.49;;;;cancelled
2025.10.23 10:11:30;Sell;0.01;XAUUSD;4 116.97;4 121.48;;2025.10.23 11:03:32;4 104.52;;;12.45;
2025.10.23 09:46:24;Buy;0.01;XAUUSD;4 120.82;4 114.36;;2025.10.23 09:51:30;4 114.36;;;-6.46;[sl]
2025.10.23 09:20:20;Buy Stop;0.01;XAUUSD;4 130.00;4 120.00;4 150.00;2025.10.23 09:26:20;4 126.01;;;;cancelled
2025.10.23 09:20:40;Sell Stop;0.01;XAUUSD;4 120.00;4 130.00;4 100.00;2025.10.23 09:26:19;4 125.30;;;;cancelled
2025.10.23 09:19:20;Buy Stop;0.01;XAUUSD;4 140.00;4 137.00;;2025.10.23 09:19:31;4 126.55;;;;cancelled
2025.10.23 09:16:45;Buy Stop;0.01;XAUUSD;4 133.00;4 130.00;4 139.00;2025.10.23 09:18:42;4 130.54;;;;cancelled
2025.10.23 09:16:04;Sell;0.01;XAUUSD;4 130.00;4 133.00;4 124.00;2025.10.23 09:18:39;4 129.95;;;0.05;
2025.10.23 08:51:37;Sell Stop;0.01;XAUUSD;4 097.00;4 100.00;4 091.00;2025.10.23 08:59:03;4 109.07;;;;cancelled
2025.10.23 08:53:07;Buy;0.01;XAUUSD;4 100.00;4 097.00;4 106.00;2025.10.23 08:55:00;4 106.00;;;6.00;[tp]
2025.10.22 08:58:47;Buy Stop;0.01;HK50;26 156.00;25 113.19;;2025.10.22 08:59:36;25 739.70;;;;cancelled
2025.10.22 03:27:33;Sell Limit;0.02;XAUUSD;4 081.07;4 381.78;;2025.10.22 03:27:50;4 048.41;;;;cancelled
2025.10.20 03:23:45;Sell Stop;0.02;US100;23 990.34;25 220.35;;2025.10.21 17:58:37;25 157.25;;;;cancelled
2025.10.20 03:21:24;Sell Stop;0.02;GBPJPY;201.327;203.555;;2025.10.21 17:58:08;203.086;;;;cancelled
2025.10.20 03:56:31;Buy;0.02;XAUUSD;4 250.66;4 332.78;;2025.10.21 08:12:07;4 332.78;;;164.24;[sl]
2025.10.20 03:56:31;Buy;0.02;XAUUSD;4 250.66;4 212.70;4 326.58;2025.10.20 06:43:56;4 256.25;;;11.18;
2025.10.20 03:15:06;Buy Stop;0.05;XAUUSD;4 250.66;4 212.70;;2025.10.20 03:18:49;4 224.20;;;;cancelled
2025.10.17 20:20:55;Sell;0.05;XAUUSD;4 200.86;4 259.72;;2025.10.20 01:05:01;4 264.99;;;-320.65;[sl]
2025.10.19 14:31:40;Buy;0.50;BTCUSD;107 853.40;107 740.00;;2025.10.19 14:46:14;107 738.80;;;-57.30;[sl]
2025.10.18 00:15:27;Sell;0.02;BTCUSD;107 374.00;113 622.00;;2025.10.19 14:39:33;107 934.20;;;-11.20;
2025.10.19 13:56:15;Buy;0.50;BTCUSD;107 647.00;107 886.00;;2025.10.19 14:22:26;107 879.99;;;116.50;[sl]
2025.10.19 13:44:42;Buy;0.50;BTCUSD;107 730.00;107 546.00;;2025.10.19 13:49:01;107 540.52;;;-94.74;[sl]
2025.10.19 04:36:27;Sell;0.50;BTCUSD;106 849.53;106 904.00;;2025.10.19 04:45:57;106 908.04;;;-29.26;[sl]
2025.10.19 04:26:03;Buy Stop;0.50;BTCUSD;106 965.00;106 880.00;;2025.10.19 04:30:11;106 939.46;;;;cancelled
2025.10.18 07:40:26;Sell Limit;0.50;BTCUSD;106 515.00;106 615.00;;2025.10.18 08:03:46;106 475.82;;;;cancelled
2025.10.18 07:01:33;Sell;0.50;BTCUSD;106 706.77;106 615.00;;2025.10.18 08:03:44;106 500.88;;;102.95;
2025.10.18 07:49:17;Sell Stop;0.50;BTCUSD;106 385.00;106 615.00;;2025.10.18 07:52:09;106 462.47;;;;cancelled
2025.10.18 07:11:31;Sell Stop;0.50;BTCUSD;106 461.00;;;2025.10.18 07:13:19;106 534.54;;;;cancelled
2025.10.18 06:54:59;Buy;0.50;BTCUSD;107 070.06;106 874.00;;2025.10.18 07:00:46;106 856.49;;;-106.79;[sl]
2025.10.18 06:47:07;Buy;1.00;BTCUSD;107 003.27;106 874.00;;2025.10.18 07:00:46;106 856.49;;;-146.78;[sl]
2025.10.18 06:06:06;Buy;1.00;BTCUSD;106 630.00;106 876.00;;2025.10.18 06:45:38;106 876.00;;;246.00;[sl]
2025.10.17 20:19:56;Sell Stop;0.10;XAUUSD;4 200.86;4 259.72;;2025.10.17 20:20:07;4 201.39;;;;cancelled
2025.10.17 19:30:40;Sell Limit;0.10;BTCUSD;107 374.00;113 622.00;;2025.10.17 19:32:26;106 598.36;;;;cancelled
2025.10.17 19:31:45;Sell Limit;0.20;BTCUSD;107 374.00;113 622.00;;2025.10.17 19:31:53;106 696.58;;;;cancelled
2025.10.16 12:55:14;Buy;0.10;XAUUSD;4 234.39;4 273.33;;2025.10.17 16:35:34;4 270.84;;;364.50;[sl]
2025.10.17 07:53:50;Buy Stop;0.10;XAUUSD;4 379.59;4 273.33;;2025.10.17 08:56:59;4 366.40;;;;cancelled
2025.10.17 07:07:30;Buy Limit;0.10;XAUUSD;4 367.21;4 312.46;;2025.10.17 07:07:33;4 374.46;;;;cancelled
2025.10.16 11:23:00;Buy;0.10;XAUUSD;4 234.39;4 222.11;;2025.10.16 12:30:12;4 222.11;;;-122.80;[sl]
2025.10.16 07:36:37;Buy Stop;0.10;XAUUSD;4 239.88;4 233.00;;2025.10.16 07:49:53;4 232.91;;;;cancelled
2025.10.16 03:14:51;Buy;0.10;XAUUSD;4 215.97;4 233.00;;2025.10.16 07:43:00;4 233.00;;;170.30;[sl]
2025.10.15 18:13:13;Buy Stop;0.10;XAUUSD;4 212.73;4 182.88;;2025.10.15 18:53:22;4 185.68;;;;cancelled
2025.10.15 16:51:22;Sell Stop;0.10;XAUUSD;4 176.24;4 204.56;;2025.10.15 17:04:14;4 204.18;;;;cancelled
2025.10.15 03:26:40;Buy;0.10;XAUUSD;4 162.47;4 167.12;;2025.10.15 12:21:18;4 164.82;;;23.50;[sl]
2025.10.14 18:06:19;Sell Stop;0.10;XAUUSD;4 103.96;4 138.34;;2025.10.14 18:23:47;4 138.45;;;;cancelled
2025.10.14 16:04:29;Sell;0.20;XAUUSD;4 103.55;4 134.82;;2025.10.14 17:10:55;4 134.82;;;-625.40;[sl]
2025.10.14 12:05:40;Buy Stop;0.20;XAUUSD;4 145.52;4 124.65;;2025.10.14 12:58:51;4 126.55;;;;cancelled
2025.10.14 10:01:56;Sell Stop;0.20;XAUUSD;4 090.42;4 134.48;;2025.10.14 12:05:24;4 137.08;;;;cancelled
2025.10.13 07:17:33;Buy;0.20;XAUUSD;4 056.32;4 119.48;;2025.10.14 08:44:57;4 119.48;;;1 263.20;[sl]
2025.10.10 16:38:00;Balance;;Dividend;;;;;;;;0.07;
2025.10.08 22:26:03;Buy;0.10;US100;25 136.30;24 734.54;;2025.10.10 12:29:15;25 137.25;;;0.95;
2025.10.10 12:01:27;Buy;0.20;XAUUSD;3 995.12;3 952.58;;2025.10.10 12:01:41;3 994.73;;;-7.80;
2025.10.10 05:30:28;Buy Stop;0.20;XAUUSD;3 991.30;3 957.94;;2025.10.10 08:00:38;3 968.33;;;;cancelled
2025.10.09 13:59:38;Buy;0.20;XAUUSD;4 044.14;4 002.57;;2025.10.09 19:34:48;4 002.57;;;-831.40;[sl]
2025.10.09 16:43:06;Balance;;Dividend;;;;;;;;0.44;
2025.10.09 04:48:50;Buy;0.20;XAUUSD;4 028.41;4 028.47;;2025.10.09 06:38:38;4 028.47;;;1.20;[sl]
2025.10.07 14:39:27;Buy;0.20;XAUUSD;3 963.90;4 026.31;;2025.10.09 01:09:13;4 026.31;;;1 248.20;[sl]
2025.10.07 12:57:28;Buy Stop;0.15;XAUUSD;3 963.90;3 940.90;;2025.10.07 12:57:38;3 958.34;;;;cancelled
2025.10.03 06:13:30;Buy;0.15;XAUUSD;3 845.58;3 957.34;;2025.10.07 09:42:39;3 957.34;;;1 676.40;[sl]
2025.10.03 05:07:32;Buy Limit;0.20;XAUUSD;3 845.58;3 819.39;;2025.10.03 05:07:46;3 857.58;;;;cancelled
2025.10.02 05:01:49;Buy;0.20;XAUUSD;3 865.42;3 852.96;;2025.10.02 17:37:06;3 852.96;;;-249.20;[sl]
2025.09.30 15:49:36;Buy;0.20;XAUUSD;3 817.94;3 853.34;;2025.10.02 04:00:03;3 853.34;;;708.00;[sl]
2025.09.01 00:00:00;Buy;59.00;archived;;;;2025.09.30 23:59:59;;;;3 089.10;
2025.09.01 00:00:00;Buy;4.90;archived;;;;2025.09.30 23:59:59;;;;-415.63;
2025.09.25 19:07:49;Buy;0.10;XAUUSD;3 739.07;3 825.30;;2025.09.30 11:22:37;3 825.30;;;862.30;[sl]
2025.09.27 03:24:48;Buy;0.10;BTCUSD;109 515.00;109 091.00;;2025.09.27 12:26:24;109 086.80;;;-42.82;[sl]
2025.09.25 03:08:35;Buy Limit;0.60;XAUUSD;3 746.06;3 741.38;;2025.09.25 03:10:10;3 747.51;;;;cancelled
2025.09.24 15:02:15;Buy;0.10;XAUUSD;3 769.85;3 759.58;;2025.09.24 16:46:01;3 759.58;;;-102.70;[sl]
2025.09.24 14:02:17;Buy Stop;0.10;XAUUSD;3 772.03;3 759.74;;2025.09.24 15:02:18;3 770.07;;;;cancelled
2025.09.24 12:28:30;Buy Stop;0.10;XAUUSD;3 778.06;3 763.08;;2025.09.24 13:59:44;3 762.31;;;;cancelled
2025.09.24 12:27:45;Buy Stop;0.20;XAUUSD;3 779.57;3 766.97;;2025.09.24 12:28:15;3 768.28;;;;cancelled
2025.09.24 12:26:57;Buy Stop;0.10;XAUUSD;3 779.57;3 766.97;;2025.09.24 12:27:24;3 768.19;;;;cancelled
2025.09.24 09:55:28;Buy;0.60;XAUUSD;3 773.35;3 770.04;;2025.09.24 11:15:08;3 772.12;;;-73.80;
2025.09.24 06:16:14;Buy;0.60;XAUUSD;3 758.71;3 772.44;;2025.09.24 09:12:13;3 772.44;;;823.80;[sl]
2025.09.24 06:45:12;Buy Limit;0.05;XAUUSD;3 393.60;3 351.30;;2025.09.24 06:45:21;3 765.15;;;;cancelled
2025.09.24 06:44:41;Buy Limit;0.03;XAUUSD;3 393.60;3 351.30;;2025.09.24 06:44:58;3 764.94;;;;cancelled
2025.09.24 06:44:14;Buy Limit;0.01;XAUUSD;3 393.60;3 351.30;;2025.09.24 06:44:46;3 765.16;;;;cancelled
2025.09.24 06:43:43;Buy Limit;0.60;XAUUSD;3 393.60;3 351.30;;2025.09.24 06:43:53;3 765.44;;;;cancelled
2025.09.24 06:15:26;Buy Limit;0.60;XAUUSD;3 757.96;3 752.34;;2025.09.24 06:16:21;3 758.75;;;;cancelled
2025.09.24 04:40:21;Buy;0.60;XAUUSD;3 760.78;3 757.02;;2025.09.24 04:49:23;3 757.02;;;-225.60;[sl]
2025.09.24 03:55:24;Buy;0.60;XAUUSD;3 764.42;3 761.58;;2025.09.24 04:15:34;3 761.58;;;-170.40;[sl]
2025.09.24 02:30:17;Buy;0.60;XAUUSD;3 769.78;3 767.17;;2025.09.24 02:32:28;3 767.17;;;-156.60;[sl]
2025.09.24 02:14:09;Buy Limit;0.60;XAUUSD;3 767.35;3 764.75;;2025.09.24 02:30:42;3 769.52;;;;cancelled
2025.09.23 18:40:40;Buy;0.60;XAUUSD;3 780.64;3 777.47;;2025.09.23 18:48:26;3 777.47;;;-190.20;[sl]
2025.09.23 18:13:44;Buy Limit;0.60;XAUUSD;3 776.14;3 772.78;;2025.09.23 18:40:47;3 780.30;;;;cancelled
2025.09.23 17:00:35;Buy;0.60;XAUUSD;3 784.50;3 774.07;;2025.09.23 17:06:43;3 774.07;;;-625.80;[sl]
2025.09.23 16:13:05;Buy;0.60;XAUUSD;3 787.43;3 782.84;;2025.09.23 16:19:59;3 782.84;;;-275.40;[sl]
2025.09.23 11:30:07;Buy;0.60;XAUUSD;3 759.84;3 779.66;;2025.09.23 15:11:39;3 779.66;;;1 189.20;[sl]
2025.09.23 10:51:35;Buy;0.60;XAUUSD;3 755.76;3 753.03;;2025.09.23 10:55:36;3 753.03;;;-163.80;[sl]
2025.09.23 08:23:00;Buy;0.60;XAUUSD;3 746.74;3 751.92;;2025.09.23 10:00:57;3 751.92;;;310.80;[sl]
2025.09.23 06:00:57;Buy;0.60;XAUUSD;3 742.36;3 744.20;;2025.09.23 07:54:35;3 744.20;;;110.40;[sl]
2025.09.23 03:30:07;Buy;0.60;XAUUSD;3 749.26;3 744.80;;2025.09.23 05:11:30;3 744.80;;;-267.60;[sl]
2025.09.23 03:37:01;Buy Limit;0.60;XAUUSD;3 747.25;3 744.80;;2025.09.23 03:42:09;3 749.70;;;;cancelled
2025.09.23 03:28:35;Buy Limit;0.60;XAUUSD;3 747.25;;;2025.09.23 03:30:09;3 749.48;;;;cancelled
2025.09.22 16:56:39;Buy;0.60;XAUUSD;3 721.17;3 713.76;;2025.09.23 02:10:44;3 741.70;;;1 231.80;
2025.09.22 16:09:36;Buy;0.60;XAUUSD;3 723.49;3 719.27;;2025.09.22 16:33:44;3 719.27;;;-253.20;[sl]
2025.09.22 06:02:37;Buy;0.60;XAUUSD;3 688.95;3 723.24;;2025.09.22 14:41:19;3 723.24;;;2 057.40;[sl]
2025.09.22 04:21:06;Buy Stop;0.60;XAUUSD;3 697.02;3 691.87;;2025.09.22 04:29:45;3 690.35;;;;cancelled
2025.09.22 03:36:00;Buy;0.60;XAUUSD;3 690.63;3 687.74;;2025.09.22 03:54:17;3 687.74;;;-173.40;[sl]
2025.09.22 02:39:49;Buy Stop;0.60;XAUUSD;3 690.05;3 687.45;;2025.09.22 02:52:24;3 687.45;;;;cancelled
2025.09.19 13:53:13;Buy Stop;0.60;XAUUSD;3 657.52;3 655.11;;2025.09.19 14:01:24;3 655.74;;;;cancelled
2025.09.19 11:30:21;Buy;0.60;XAUUSD;3 654.03;3 655.72;;2025.09.19 13:35:45;3 655.72;;;101.40;[sl]
2025.09.19 10:54:56;Buy;0.60;XAUUSD;3 655.30;3 651.03;;2025.09.19 11:15:45;3 651.03;;;-256.20;[sl]
2025.09.19 06:00:05;Buy;0.60;XAUUSD;3 648.16;3 657.03;;2025.09.19 08:25:56;3 657.03;;;532.20;[sl]
2025.09.19 04:48:05;Buy;0.60;XAUUSD;3 644.53;3 639.60;;2025.09.19 04:50:11;3 639.60;;;-295.80;[sl]
2025.09.18 19:00:22;Buy;0.60;XAUUSD;3 642.05;3 639.04;;2025.09.18 21:41:30;3 641.87;;;-10.80;
2025.09.18 14:36:10;Buy;0.60;XAUUSD;3 668.36;3 664.35;;2025.09.18 15:51:25;3 664.35;;;-240.60;[sl]
2025.09.18 13:53:18;Buy;0.60;XAUUSD;3 669.62;3 665.51;;2025.09.18 14:31:49;3 665.51;;;-246.60;[sl]
2025.09.18 11:25:24;Buy;0.30;XAUUSD;3 656.35;3 665.80;;2025.09.18 13:19:04;3 665.80;;;283.50;[sl]
2025.09.18 10:35:05;Buy Limit;0.30;XAUUSD;3 650.37;3 646.61;;2025.09.18 11:29:34;3 656.88;;;;cancelled
2025.09.18 10:31:50;Buy;0.30;XAUUSD;3 650.37;3 650.06;;2025.09.18 10:31:50;3 650.05;;;-9.60;
2025.09.18 09:45:06;Buy Stop;0.30;XAUUSD;3 639.36;3 635.94;;2025.09.18 10:03:30;3 637.94;;;;cancelled
2025.09.18 08:52:11;Buy Stop;0.30;XAUUSD;3 655.10;3 651.83;;2025.09.18 08:55:00;3 650.82;;;;cancelled
2025.09.18 05:01:07;Buy;0.30;XAUUSD;3 657.59;3 659.71;;2025.09.18 06:48:33;3 659.71;;;63.60;[sl]
2025.09.18 03:28:02;Sell;0.30;XAUUSD;3 662.48;3 665.95;;2025.09.18 03:46:36;3 661.71;;;23.10;
2025.09.17 15:14:55;Buy;0.30;XAUUSD;3 669.72;3 683.39;;2025.09.17 18:54:11;3 683.39;;;410.10;[sl]
2025.09.17 14:47:05;Buy;0.30;XAUUSD;3 668.86;3 665.74;;2025.09.17 14:53:54;3 665.74;;;-93.60;[sl]
2025.09.17 13:01:08;Buy;0.30;XAUUSD;3 669.87;3 667.44;;2025.09.17 13:05:27;3 667.44;;;-72.90;[sl]
2025.09.17 09:20:28;Buy;0.30;XAUUSD;3 678.60;3 674.82;;2025.09.17 09:32:32;3 674.82;;;-113.40;[sl]
2025.09.17 05:45:14;Buy;0.30;XAUUSD;3 681.61;3 680.66;;2025.09.17 07:57:55;3 680.66;;;-28.50;[sl]
2025.09.17 05:15:37;Buy;0.30;XAUUSD;3 681.81;3 676.07;;2025.09.17 05:38:05;3 676.07;;;-172.20;[sl]
2025.09.17 03:41:31;Buy;0.30;XAUUSD;3 694.16;3 692.46;;2025.09.17 03:45:12;3 692.46;;;-51.00;[sl]
2025.09.16 19:16:02;Buy;0.30;XAUUSD;3 688.23;3 693.50;;2025.09.17 03:35:44;3 693.50;;;158.10;[sl]
2025.09.16 17:10:54;Buy;0.30;XAUUSD;3 697.85;3 693.78;;2025.09.16 17:29:14;3 693.78;;;-122.10;[sl]
2025.09.16 11:45:22;Buy;0.30;XAUUSD;3 695.60;3 694.98;;2025.09.16 13:39:55;3 694.98;;;-18.60;[sl]
2025.09.16 10:50:30;Buy Stop;0.30;XAUUSD;3 689.70;3 687.06;;2025.09.16 10:57:31;3 686.90;;;;cancelled
2025.09.16 09:45:39;Buy Limit;0.30;XAUUSD;3 686.56;3 684.18;;2025.09.16 10:49:37;3 688.31;;;;cancelled
2025.09.16 10:00:10;Buy Stop;0.30;XAUUSD;3 693.58;3 689.70;;2025.09.16 10:48:41;3 688.55;;;;cancelled
2025.09.16 07:46:42;Buy;0.30;XAUUSD;3 683.14;3 683.20;;2025.09.16 08:32:31;3 683.20;;;1.80;[sl]
2025.09.16 06:13:01;Buy;0.30;XAUUSD;3 679.32;3 680.55;;2025.09.16 07:36:45;3 680.55;;;36.90;[sl]
2025.09.16 05:17:37;Buy;0.30;XAUUSD;3 682.13;3 678.52;;2025.09.16 05:33:40;3 678.52;;;-108.30;[sl]
2025.09.16 04:07:29;Buy Stop;0.30;XAUUSD;3 689.67;3 680.53;;2025.09.16 04:10:58;3 680.76;;;;cancelled
2025.09.16 03:51:08;Buy;0.30;XAUUSD;3 685.35;3 682.31;;2025.09.16 04:04:24;3 682.31;;;-91.20;[sl]
2025.09.16 03:43:58;Buy;0.30;XAUUSD;3 685.35;3 682.32;;2025.09.16 03:48:12;3 682.32;;;-90.90;[sl]
2025.09.15 16:29:36;Buy;0.30;XAUUSD;3 653.79;3 677.40;;2025.09.15 19:39:21;3 677.40;;;708.30;[sl]
2025.09.15 13:23:11;Buy;0.60;XAUUSD;3 644.92;3 642.20;;2025.09.15 13:42:44;3 642.20;;;-163.20;[sl]
2025.09.15 10:55:13;Buy;0.60;XAUUSD;3 644.29;3 639.65;;2025.09.15 12:27:19;3 639.65;;;-278.40;[sl]
2025.09.15 10:54:33;Buy Stop;0.60;XAUUSD;3 644.29;3 640.75;;2025.09.15 10:54:44;3 643.97;;;;cancelled
2025.09.15 09:25:11;Buy;0.60;XAUUSD;3 643.84;3 640.34;;2025.09.15 09:41:34;3 640.34;;;-210.00;[sl]
2025.09.15 04:55:44;Buy;0.60;XAUUSD;3 635.00;3 643.55;;2025.09.15 08:10:01;3 643.55;;;513.00;[sl]
2025.09.15 04:53:54;Buy Limit;0.60;XAUUSD;3 632.74;3 627.12;;2025.09.15 04:56:50;3 634.71;;;;cancelled
2025.09.15 04:53:14;Buy Limit;0.60;BTCUSD;3 632.74;3 627.12;;2025.09.15 04:53:41;115 204.50;;;;cancelled
2025.09.15 03:22:58;Buy;0.60;XAUUSD;3 641.95;3 635.98;;2025.09.15 03:32:01;3 635.98;;;-358.20;[sl]
2025.09.14 06:51:52;Buy Stop;0.60;BTCUSD;115 741.00;115 679.00;;2025.09.14 07:05:27;115 629.70;;;;cancelled
2025.09.14 04:35:48;Buy;0.60;BTCUSD;115 822.60;115 726.00;;2025.09.14 05:36:46;115 725.30;;;-58.38;[sl]
2025.09.13 09:40:13;Buy Stop;0.60;BTCUSD;115 709.00;115 643.00;;2025.09.13 09:48:32;115 662.30;;;;cancelled
2025.09.13 08:35:56;Buy;0.60;BTCUSD;115 726.00;115 653.00;;2025.09.13 08:48:34;115 649.30;;;-46.02;[sl]
2025.09.13 05:21:34;Buy;0.60;BTCUSD;115 953.20;115 795.00;;2025.09.13 07:11:50;115 795.00;;;-94.92;[sl]
2025.09.13 04:24:05;Buy;0.60;BTCUSD;116 086.00;116 007.00;;2025.09.13 04:25:48;116 005.75;;;-48.15;[sl]
2025.09.13 04:10:45;Buy Stop;0.60;BTCUSD;116 258.00;116 161.00;;2025.09.13 04:12:33;116 153.80;;;;cancelled
2025.09.12 18:36:52;Buy;0.60;XAUUSD;3 646.82;3 647.52;;2025.09.12 21:08:16;3 647.52;;;42.00;[sl]
2025.09.12 16:30:34;Buy;0.60;XAUUSD;3 647.86;3 649.46;;2025.09.12 17:36:44;3 649.46;;;96.00;[sl]
2025.09.12 13:56:47;Buy Stop;0.60;XAUUSD;3 652.43;3 649.06;;2025.09.12 14:57:55;3 648.04;;;;cancelled
2025.09.12 11:49:02;Sell;0.60;XAUUSD;3 642.93;3 651.49;;2025.09.12 13:21:13;3 651.49;;;-513.60;[sl]
2025.09.12 09:01:49;Sell;0.60;XAUUSD;3 652.06;3 653.34;;2025.09.12 11:06:12;3 651.30;;;45.60;
2025.09.12 08:45:23;Buy Stop;0.60;XAUUSD;3 656.03;3 652.55;;2025.09.12 08:54:04;3 655.00;;;;cancelled
2025.09.12 07:50:41;Buy Stop;0.60;XAUUSD;3 656.35;;;2025.09.12 07:51:07;3 655.52;;;;cancelled
2025.09.11 09:21:35;Buy;0.60;XAUUSD;3 633.74;3 631.67;;2025.09.11 09:25:19;3 631.67;;;-124.20;[sl]
2025.09.11 09:02:50;Sell Stop;0.60;XAUUSD;3 623.43;3 628.30;;2025.09.11 09:10:53;3 632.70;;;;cancelled
2025.09.11 08:40:06;Buy Stop;0.60;XAUUSD;3 633.68;3 630.17;;2025.09.11 08:57:24;3 628.10;;;;cancelled
2025.09.11 08:35:40;Buy;0.60;XAUUSD;3 632.02;3 629.77;;2025.09.11 08:37:48;3 631.39;;;-37.80;
2025.09.11 07:08:09;Buy;0.60;XAUUSD;3 633.69;3 631.87;;2025.09.11 07:37:01;3 631.87;;;-109.20;[sl]
2025.09.11 05:10:44;Buy;0.60;XAUUSD;3 643.61;3 641.89;;2025.09.11 05:14:00;3 641.89;;;-103.20;[sl]
2025.09.11 04:41:04;Sell;0.60;XAUUSD;3 643.29;3 643.01;;2025.09.11 05:08:01;3 643.01;;;16.80;[sl]
2025.09.11 04:10:05;Buy;0.60;XAUUSD;3 646.60;3 644.43;;2025.09.11 04:36:12;3 644.43;;;-130.20;[sl]
2025.09.11 03:21:38;Sell;0.60;XAUUSD;3 644.36;3 646.29;;2025.09.11 04:08:24;3 646.29;;;-115.80;[sl]
2025.09.11 01:35:32;Buy;0.60;XAUUSD;3 641.75;3 644.58;;2025.09.11 03:18:52;3 644.58;;;169.80;[sl]
2025.09.10 18:21:33;Buy;0.60;XAUUSD;3 648.62;3 645.50;;2025.09.10 18:23:00;3 645.50;;;-187.20;[sl]
2025.09.10 16:31:51;Buy;0.60;XAUUSD;3 649.45;3 645.18;;2025.09.10 17:49:55;3 645.18;;;-256.20;[sl]
2025.09.10 15:22:18;Buy;0.60;XAUUSD;3 650.39;3 647.19;;2025.09.10 15:37:07;3 647.19;;;-192.00;[sl]
2025.09.10 10:05:19;Buy;0.60;XAUUSD;3 647.04;3 654.30;;2025.09.10 14:01:15;3 654.30;;;435.60;[sl]
2025.09.10 09:27:16;Buy;0.60;XAUUSD;3 644.90;3 641.18;;2025.09.10 09:42:26;3 641.18;;;-223.20;[sl]
2025.09.10 08:59:45;Buy Stop;0.60;XAUUSD;3 644.69;3 641.78;;2025.09.10 09:01:33;3 641.69;;;;cancelled
2025.09.10 07:49:43;Buy;0.60;XAUUSD;3 642.75;3 640.07;;2025.09.10 08:39:31;3 640.07;;;-160.80;[sl]
2025.09.10 06:54:22;Buy;0.60;XAUUSD;3 636.58;3 640.48;;2025.09.10 07:40:56;3 640.48;;;234.00;[sl]
2025.09.10 04:57:19;Buy;0.60;XAUUSD;3 632.83;3 635.13;;2025.09.10 06:07:19;3 635.13;;;138.00;[sl]
2025.09.10 04:42:54;Buy;0.60;XAUUSD;3 629.63;3 626.09;;2025.09.10 04:46:50;3 626.09;;;-212.40;[sl]
2025.09.10 04:04:47;Buy Stop;0.60;XAUUSD;3 628.56;3 622.46;;2025.09.10 04:05:38;3 624.29;;;;cancelled
2025.09.09 18:47:57;Buy;0.60;XAUUSD;3 644.21;3 644.55;;2025.09.09 20:05:57;3 644.55;;;20.40;[sl]
2025.09.09 17:59:12;Buy Stop;0.60;XAUUSD;3 647.67;3 643.30;;2025.09.09 18:09:55;3 642.23;;;;cancelled
2025.09.09 15:56:05;Buy;0.60;XAUUSD;3 648.69;3 658.17;;2025.09.09 17:03:58;3 658.17;;;568.80;[sl]
2025.09.09 15:12:14;Buy;0.60;XAUUSD;3 654.55;3 650.18;;2025.09.09 15:21:14;3 650.18;;;-262.20;[sl]
2025.09.09 14:39:57;Buy Stop;0.60;XAUUSD;3 654.47;3 651.91;;2025.09.09 14:50:06;3 651.22;;;;cancelled
2025.09.09 14:22:29;Buy;0.60;XAUUSD;3 654.45;3 652.63;;2025.09.09 14:22:37;3 652.63;;;-109.20;[sl]
2025.09.09 13:25:27;Buy Stop;0.60;XAUUSD;3 654.51;3 652.61;;2025.09.09 14:05:15;3 653.27;;;;cancelled
2025.09.09 09:48:04;Buy;0.60;XAUUSD;3 645.71;3 652.31;;2025.09.09 13:09:25;3 652.31;;;396.00;[sl]
2025.09.09 08:37:41;Buy;0.60;XAUUSD;3 656.98;3 654.57;;2025.09.09 09:01:07;3 654.57;;;-144.60;[sl]
2025.09.09 07:25:31;Buy;0.60;XAUUSD;3 651.38;3 653.45;;2025.09.09 08:19:23;3 653.45;;;124.20;[sl]
2025.09.09 07:11:09;Buy Limit;0.60;XAUUSD;3 647.68;3 645.70;;2025.09.09 07:25:51;3 651.54;;;;cancelled
2025.09.09 04:20:36;Buy;0.60;XAUUSD;3 643.39;3 650.62;;2025.09.09 05:50:12;3 650.62;;;433.80;[sl]
2025.09.09 03:50:09;Buy;0.60;XAUUSD;3 639.83;3 637.54;;2025.09.09 04:07:32;3 637.54;;;-137.40;[sl]
2025.09.08 19:18:45;Buy;0.60;XAUUSD;3 640.26;3 637.52;;2025.09.08 19:38:58;3 637.52;;;-164.40;[sl]
2025.09.08 16:47:32;Buy;0.60;XAUUSD;3 632.10;3 640.42;;2025.09.08 18:26:21;3 640.42;;;499.20;[sl]
2025.09.08 15:49:11;Buy;0.60;XAUUSD;3 621.22;3 623.36;;2025.09.08 16:30:23;3 623.36;;;128.40;[sl]
2025.09.08 14:58:23;Buy;0.60;XAUUSD;3 619.08;3 615.12;;2025.09.08 15:24:27;3 615.12;;;-237.60;[sl]
2025.09.08 14:33:31;Buy;0.60;XAUUSD;3 617.13;3 615.32;;2025.09.08 14:40:00;3 615.32;;;-108.60;[sl]
2025.09.08 11:21:11;Buy;0.60;XAUUSD;3 613.34;3 616.35;;2025.09.08 13:42:32;3 616.35;;;180.60;[sl]
2025.09.08 08:07:23;Buy;0.60;XAUUSD;3 583.38;3 607.17;;2025.09.08 10:54:20;3 607.17;;;1 427.40;[sl]
2025.09.08 07:30:01;Buy Stop;0.60;XAUUSD;3 583.79;3 582.50;;2025.09.08 07:31:47;3 582.73;;;;cancelled
2025.09.08 07:31:26;Buy Stop;0.60;XAUUSD;3 583.79;3 582.50;;2025.09.08 07:31:39;3 583.01;;;;cancelled
2025.09.08 05:35:01;Buy Stop;0.60;XAUUSD;3 592.79;3 588.33;;2025.09.08 05:53:35;3 591.75;;;;cancelled
2025.09.08 04:55:47;Buy;0.60;XAUUSD;3 589.89;3 586.76;;2025.09.08 05:11:33;3 586.76;;;-187.80;[sl]
2025.09.08 04:06:23;Buy Stop;0.60;XAUUSD;3 592.95;3 588.40;;2025.09.08 04:09:34;3 588.01;;;;cancelled
2025.09.08 03:50:07;Sell Stop;0.60;XAUUSD;3 587.13;3 591.90;;2025.09.08 03:55:13;3 592.25;;;;cancelled
2025.09.08 03:46:09;Sell Limit;0.60;XAUUSD;3 598.87;;;2025.09.08 03:46:13;3 589.50;;;;cancelled
2025.09.07 05:49:04;Buy;0.60;BTCUSD;110 532.20;110 547.00;;2025.09.07 07:09:13;110 540.85;;;5.19;[sl]
2025.09.06 08:03:08;Sell;0.60;BTCUSD;110 739.60;110 730.00;;2025.09.06 09:26:38;110 732.00;;;4.56;[sl]
2025.09.06 07:35:26;Sell Stop;0.60;BTCUSD;110 741.00;110 883.00;;2025.09.06 07:51:45;110 860.70;;;;cancelled
2025.09.06 04:58:49;Buy;0.60;BTCUSD;110 847.00;110 782.00;;2025.09.06 05:05:12;110 810.30;;;-22.02;
2025.09.05 20:46:17;Buy Stop;0.60;XAUUSD;3 597.77;3 590.46;;2025.09.05 20:53:26;3 597.04;;;;cancelled
2025.09.05 20:27:01;Sell Stop;0.60;XAUUSD;3 590.77;3 598.29;;2025.09.05 20:46:08;3 596.98;;;;cancelled
2025.09.05 18:38:23;Buy;0.60;XAUUSD;3 592.60;3 596.45;;2025.09.05 19:37:21;3 596.45;;;231.00;[sl]
2025.09.05 18:35:32;Buy Stop;0.30;XAUUSD;3 592.60;;;2025.09.05 18:35:39;3 590.50;;;;cancelled
2025.09.05 16:17:26;Buy;0.60;XAUUSD;3 583.42;3 573.27;;2025.09.05 17:39:31;3 573.27;;;-609.00;[sl]
2025.09.05 10:04:33;Sell;0.60;EURUSD;1.16687;1.16749;;2025.09.05 10:09:20;1.16749;;;-37.20;[sl]
2025.09.05 06:23:00;Buy;0.60;XAUUSD;3 555.09;3 553.41;;2025.09.05 09:07:27;3 553.41;;;-100.80;[sl]
2025.09.05 06:19:18;Buy Limit;0.60;XAUUSD;3 552.66;3 548.69;;2025.09.05 06:23:30;3 555.46;;;;cancelled
2025.09.05 06:09:08;Buy;0.60;XAUUSD;3 552.66;3 553.16;;2025.09.05 06:17:16;3 553.16;;;30.00;[sl]
2025.09.04 18:00:07;Buy;0.60;XAUUSD;3 546.70;3 542.34;;2025.09.05 01:10:10;3 542.34;;;-261.60;[sl]
2025.09.04 16:17:15;Buy;0.60;XAUUSD;3 549.61;3 539.93;;2025.09.04 17:00:23;3 539.93;;;-580.80;[sl]
2025.09.04 10:52:17;Buy;0.60;XAUUSD;3 540.78;3 538.17;;2025.09.04 11:53:55;3 538.17;;;-156.60;[sl]
2025.09.04 07:51:27;Buy;0.60;XAUUSD;3 531.68;3 528.72;;2025.09.04 08:21:50;3 528.72;;;-177.60;[sl]
2025.09.03 21:37:24;Buy;0.60;XAUUSD;3 566.20;3 562.21;;2025.09.03 22:24:07;3 562.21;;;-239.40;[sl]
2025.09.03 18:31:45;Buy;0.60;XAUUSD;3 565.95;3 551.47;;2025.09.03 18:34:35;3 565.80;;;-9.00;
2025.09.03 14:40:00;Buy;0.60;XAUUSD;3 548.22;3 553.64;;2025.09.03 16:36:34;3 553.64;;;325.20;[sl]
2025.09.03 09:36:59;Buy;0.60;XAUUSD;3 535.35;3 535.87;;2025.09.03 12:50:39;3 535.87;;;31.20;[sl]
2025.09.03 07:15:40;Buy;0.60;XAUUSD;3 533.35;3 529.26;;2025.09.03 08:55:26;3 529.26;;;-245.40;[sl]
2025.09.03 05:15:36;Buy Stop;0.60;XAUUSD;3 544.38;3 535.03;;2025.09.03 05:44:21;3 538.74;;;;cancelled
2025.09.03 03:34:46;Buy Stop;0.60;XAUUSD;3 543.70;3 527.97;;2025.09.03 04:01:10;3 539.95;;;;cancelled
2025.09.02 18:05:52;Buy;0.60;XAUUSD;3 514.50;3 525.25;;2025.09.03 03:22:28;3 537.02;;;1 351.20;
2025.09.02 05:04:46;Buy Stop;0.60;XAUUSD;3 508.93;3 476.93;;2025.09.02 10:54:12;3 474.42;;;;cancelled
2025.09.02 04:00:45;Sell;0.60;XAUUSD;3 478.14;3 485.28;;2025.09.02 04:11:20;3 485.28;;;-428.40;[sl]
2025.09.02 03:41:27;Buy;0.60;XAUUSD;3 481.61;3 479.84;;2025.09.02 03:42:01;3 479.84;;;-106.20;[sl]
2025.09.01 18:52:01;Sell;0.60;XAUUSD;3 473.56;3 479.38;;2025.09.02 01:05:41;3 479.38;;;-349.20;[sl]
2025.09.01 16:29:50;Buy;0.60;XAUUSD;3 478.77;3 467.10;;2025.09.01 17:44:21;3 474.66;;;-246.60;
2025.09.01 10:38:59;Sell;0.60;XAUUSD;3 470.22;3 473.25;;2025.09.01 16:05:14;3 473.25;;;-181.80;[sl]
2025.09.01 09:32:48;Buy;0.60;XAUUSD;3 486.45;3 469.53;;2025.09.01 10:36:05;3 469.53;;;-1 015.20;[sl]
2025.09.01 06:20:21;Sell Stop;0.60;XAUUSD;3 469.53;3 486.43;;2025.09.01 09:28:52;3 485.27;;;;cancelled
2025.09.01 05:05:50;Buy;0.60;XAUUSD;3 459.53;3 474.23;;2025.09.01 06:09:42;3 474.23;;;882.00;[sl]
2025.08.31 18:43:48;Buy;0.60;BTCUSD;108 697.00;108 510.00;;2025.09.01 02:17:52;108 508.55;;;-113.07;[sl]
2025.08.31 18:40:22;Buy Limit;0.60;BTCUSD;108 568.00;108 418.00;;2025.08.31 19:00:15;108 775.10;;;;cancelled
2025.08.31 14:17:40;Sell;0.60;BTCUSD;108 315.00;108 486.00;;2025.08.31 17:37:03;108 487.30;;;-103.38;[sl]
2025.08.31 11:11:35;Buy;0.60;BTCUSD;108 787.38;108 758.00;;2025.08.31 12:33:46;108 756.80;;;-18.35;[sl]
2025.08.31 06:32:07;Sell;0.60;BTCUSD;109 127.00;108 768.00;;2025.08.31 10:06:05;108 770.70;;;213.78;[sl]
2025.08.31 04:32:12;Buy;0.60;BTCUSD;109 396.45;109 245.00;;2025.08.31 05:27:18;109 241.80;;;-92.79;[sl]
2025.08.31 03:25:10;Buy Limit;0.60;BTCUSD;108 771.00;108 418.00;;2025.08.31 04:42:36;109 304.20;;;;cancelled
2025.08.31 02:07:56;Sell Stop;0.60;BTCUSD;108 527.00;108 670.00;;2025.08.31 03:24:44;108 784.90;;;;cancelled
2025.08.30 21:22:12;Sell;0.60;BTCUSD;108 625.00;108 794.00;;2025.08.30 21:51:52;108 794.00;;;-101.40;[sl]
2025.08.30 06:55:01;Buy;0.60;BTCUSD;108 402.00;108 601.00;;2025.08.30 20:45:46;108 591.57;;;113.74;[sl]
2025.08.29 19:51:27;Buy;0.60;XAUUSD;3 447.86;3 447.86;;2025.08.29 20:09:41;3 447.86;;;0.00;[sl]
2025.08.29 17:59:09;Buy;0.60;XAUUSD;3 440.38;3 444.34;;2025.08.29 19:14:40;3 444.34;;;237.60;[sl]
2025.08.29 16:34:56;Buy Limit;0.60;XAUUSD;3 420.63;3 416.48;;2025.08.29 16:58:38;3 427.83;;;;cancelled
2025.08.29 15:08:00;Buy Stop;0.60;XAUUSD;3 411.63;3 409.09;;2025.08.29 15:14:54;3 409.32;;;;cancelled
2025.08.29 11:26:30;Buy Stop;0.60;XAUUSD;3 415.07;3 409.98;;2025.08.29 11:51:16;3 411.68;;;;cancelled
2025.08.29 10:01:57;Buy;0.60;XAUUSD;3 412.95;3 406.99;;2025.08.29 10:04:17;3 412.14;;;-48.60;
2025.08.29 08:14:57;Sell;0.60;XAUUSD;3 407.97;3 409.72;;2025.08.29 08:22:13;3 407.41;;;33.60;
2025.08.29 07:30:40;Sell Stop;0.60;XAUUSD;3 407.45;3 413.79;;2025.08.29 07:49:56;3 408.67;;;;cancelled
2025.08.29 06:50:14;Buy Stop;0.60;XAUUSD;3 413.79;3 409.95;;2025.08.29 07:03:25;3 410.18;;;;cancelled
2025.08.29 05:41:16;Buy;0.60;XAUUSD;3 413.65;3 409.89;;2025.08.29 06:14:54;3 409.89;;;-225.60;[sl]
2025.08.29 04:14:42;Sell Limit;0.60;XAUUSD;3 412.99;3 415.63;;2025.08.29 04:43:13;3 409.02;;;;cancelled
2025.08.29 04:13:50;Sell Stop;0.60;XAUUSD;3 312.99;3 315.63;;2025.08.29 04:14:31;3 411.44;;;;cancelled
2025.08.28 16:35:30;Buy;0.60;XAUUSD;3 405.96;3 407.46;;2025.08.28 18:21:02;3 407.46;;;90.00;[sl]
2025.08.28 15:48:02;Sell;0.60;XAUUSD;3 401.26;3 404.71;;2025.08.28 16:23:32;3 404.71;;;-207.00;[sl]
2025.08.28 15:06:31;Buy;0.60;XAUUSD;3 406.57;3 403.70;;2025.08.28 15:30:29;3 403.70;;;-172.20;[sl]
2025.08.28 13:18:37;Sell Stop;0.60;XAUUSD;3 396.12;3 399.56;;2025.08.28 14:20:42;3 399.51;;;;cancelled
2025.08.28 10:53:21;Buy;0.60;XAUUSD;3 396.03;3 398.07;;2025.08.28 13:01:28;3 398.07;;;122.40;[sl]
2025.08.28 09:53:09;Buy;0.60;XAUUSD;3 395.90;3 393.81;;2025.08.28 10:37:02;3 393.81;;;-125.40;[sl]
2025.08.28 06:15:42;Buy Stop;0.60;XAUUSD;3 392.77;3 390.47;;2025.08.28 06:23:41;3 390.75;;;;cancelled
2025.08.28 04:36:35;Sell;0.60;XAUUSD;3 387.41;3 389.94;;2025.08.28 05:46:34;3 389.94;;;-151.80;[sl]
2025.08.27 19:07:11;Buy;0.60;XAUUSD;3 389.95;3 394.05;;2025.08.27 21:05:21;3 394.05;;;246.00;[sl]
2025.08.27 16:15:09;Buy;0.60;XAUUSD;3 383.17;3 380.53;;2025.08.27 16:30:24;3 380.53;;;-158.40;[sl]
2025.08.27 15:36:29;Buy Stop;0.60;XAUUSD;3 383.17;3 377.67;;2025.08.27 16:04:52;3 381.67;;;;cancelled
2025.08.27 14:21:30;Sell;0.60;XAUUSD;3 374.85;3 377.20;;2025.08.27 14:50:23;3 377.20;;;-141.00;[sl]
2025.08.27 11:56:55;Buy;0.60;XAUUSD;3 384.43;3 383.25;;2025.08.27 12:24:21;3 383.25;;;-70.80;[sl]
2025.08.27 11:30:11;Buy Stop;0.60;XAUUSD;3 385.28;3 382.05;;2025.08.27 11:42:38;3 382.39;;;;cancelled
2025.08.27 10:25:02;Sell Stop;0.60;XAUUSD;3 373.72;3 376.66;;2025.08.27 10:28:25;3 375.95;;;;cancelled
2025.08.27 09:25:48;Buy Stop;0.60;XAUUSD;3 382.22;3 378.47;;2025.08.27 09:42:56;3 378.83;;;;cancelled
2025.08.27 05:22:36;Sell;0.60;XAUUSD;3 384.92;3 377.72;;2025.08.27 08:25:29;3 377.72;;;432.00;[sl]
2025.08.27 03:20:23;Buy;0.60;XAUUSD;3 393.13;3 391.53;;2025.08.27 03:24:46;3 391.53;;;-96.00;[sl]
2025.08.26 17:37:45;Buy;0.60;XAUUSD;3 376.63;3 383.36;;2025.08.26 19:18:53;3 383.36;;;403.80;[sl]
2025.08.26 15:26:50;Buy Stop;0.60;XAUUSD;3 379.60;3 377.15;;2025.08.26 15:32:22;3 376.65;;;;cancelled
2025.08.26 14:46:19;Buy;0.60;XAUUSD;3 379.94;3 367.26;;2025.08.26 14:54:33;3 378.10;;;-110.40;
2025.08.26 12:30:30;Sell Limit;0.60;XAUUSD;3 374.58;3 376.76;;2025.08.26 13:01:14;3 373.44;;;;cancelled
2025.08.26 12:08:22;Sell;0.60;XAUUSD;3 377.04;3 378.21;;2025.08.26 12:18:36;3 378.21;;;-70.20;[sl]
2025.08.26 11:24:02;Sell;0.60;XAUUSD;3 375.80;3 377.53;;2025.08.26 11:27:09;3 377.53;;;-103.80;[sl]
2025.08.26 11:05:38;Buy Stop;0.60;XAUUSD;3 379.42;3 376.66;;2025.08.26 11:21:38;3 376.78;;;;cancelled
2025.08.26 09:20:14;Buy Stop;0.60;XAUUSD;3 378.43;3 372.45;;2025.08.26 09:30:53;3 374.44;;;;cancelled
2025.08.26 08:57:48;Sell Stop;0.60;XAUUSD;3 372.45;3 379.36;;2025.08.26 09:20:00;3 374.50;;;;cancelled
2025.08.26 08:18:21;Buy Stop;0.60;XAUUSD;3 379.36;3 371.83;;2025.08.26 08:57:35;3 376.19;;;;cancelled
2025.08.26 06:55:58;Sell;0.60;XAUUSD;3 371.94;3 372.99;;2025.08.26 07:00:27;3 372.99;;;-63.00;[sl]
2025.08.26 06:50:58;Buy Stop;0.60;XAUUSD;3 374.30;3 369.84;;2025.08.26 06:54:24;3 372.95;;;;cancelled
2025.08.26 06:30:10;Sell Stop;0.60;XAUUSD;3 369.84;3 375.79;;2025.08.26 06:50:50;3 373.24;;;;cancelled
2025.08.26 05:25:20;Buy Stop;0.60;XAUUSD;3 379.35;3 372.92;;2025.08.26 05:40:03;3 377.73;;;;cancelled
2025.08.26 05:03:48;Buy;0.60;XAUUSD;3 378.12;3 376.43;;2025.08.26 05:15:29;3 376.43;;;-101.40;[sl]
2025.08.26 04:36:25;Sell;0.60;XAUUSD;3 372.46;3 386.79;;2025.08.26 04:41:21;3 374.58;;;-127.20;
2025.08.25 13:40:51;Sell Stop;0.60;XAUUSD;3 365.12;3 368.81;;2025.08.25 15:19:45;3 369.40;;;;cancelled
2025.08.25 12:40:33;Buy;0.60;XAUUSD;3 365.69;3 365.88;;2025.08.25 13:27:07;3 365.88;;;11.40;[sl]
2025.08.25 11:00:50;Sell;0.60;XAUUSD;3 366.47;3 364.15;;2025.08.25 12:33:22;3 364.15;;;139.20;[sl]
2025.08.25 10:55:01;Buy Stop;0.60;XAUUSD;3 369.79;3 366.39;;2025.08.25 11:00:42;3 366.78;;;;cancelled
2025.08.25 10:15:29;Sell;0.60;XAUUSD;3 367.57;3 368.32;;2025.08.25 10:23:46;3 368.32;;;-45.00;[sl]
2025.08.25 09:49:24;Buy;0.60;XAUUSD;3 369.59;3 367.95;;2025.08.25 10:01:00;3 367.95;;;-98.40;[sl]
2025.08.25 07:55:46;Buy Stop;0.60;XAUUSD;3 367.29;3 363.79;;2025.08.25 08:16:44;3 364.99;;;;cancelled
2025.08.25 05:58:02;Buy;0.60;XAUUSD;3 365.26;3 365.29;;2025.08.25 07:01:40;3 365.29;;;1.80;[sl]
2025.08.25 04:01:00;Buy;0.60;XAUUSD;3 365.98;3 363.30;;2025.08.25 04:18:56;3 365.48;;;-30.00;
2025.08.25 03:39:48;Sell;0.60;XAUUSD;3 364.52;3 365.56;;2025.08.25 03:42:02;3 365.56;;;-62.40;[sl]
2025.08.25 03:00:59;Buy;0.60;XAUUSD;3 368.49;3 367.04;;2025.08.25 03:02:57;3 367.04;;;-87.00;[sl]
2025.08.25 02:58:49;Buy Stop;0.60;XAUUSD;3 371.27;3 366.83;;2025.08.25 03:01:26;3 368.52;;;;cancelled
2025.08.24 06:10:28;Sell Stop;0.60;BTCUSD;114 930.00;115 586.00;;2025.08.24 06:55:43;115 060.40;;;;cancelled
2025.08.23 13:45:07;Sell;0.60;BTCUSD;115 566.20;115 085.00;;2025.08.23 16:48:34;115 094.00;;;283.32;[sl]
2025.08.23 12:16:14;Sell;0.60;BTCUSD;115 611.00;115 661.00;;2025.08.23 12:33:32;115 676.85;;;-39.51;[sl]
2025.08.23 11:43:23;Sell Stop;0.60;BTCUSD;11 558.00;115 877.00;;2025.08.23 12:16:19;115 613.00;;;;cancelled
2025.08.23 10:52:19;Buy Stop;0.60;BTCUSD;115 877.00;115 639.00;;2025.08.23 11:23:56;115 741.30;;;;cancelled
2025.08.23 10:42:54;Sell Stop;0.60;BTCUSD;115 639.00;115 904.00;;2025.08.23 10:43:20;115 894.90;;;;cancelled
2025.08.23 10:42:47;Sell Stop;0.60;BTCUSD;115 639.00;115 904.00;;2025.08.23 10:43:20;115 894.90;;;;cancelled
2025.08.23 09:49:43;Sell;0.60;BTCUSD;115 724.00;115 840.00;115 492.00;2025.08.23 10:11:07;115 843.05;;;-71.43;[sl]
2025.08.23 09:49:43;Sell;0.60;BTCUSD;115 724.00;115 840.00;;2025.08.23 10:11:07;115 843.05;;;-71.43;[sl]
2025.08.23 08:23:10;Buy;0.60;BTCUSD;115 982.20;115 877.00;116 192.60;2025.08.23 09:10:14;115 875.60;;;-63.96;[sl]
2025.08.23 08:23:10;Buy;0.60;BTCUSD;115 982.20;115 877.00;;2025.08.23 09:10:14;115 875.60;;;-63.96;[sl]
2025.08.23 07:45:01;Buy Stop;0.60;BTCUSD;115 970.00;115 623.00;;2025.08.23 08:06:07;115 895.60;;;;cancelled
2025.08.23 07:45:08;Buy Stop;0.60;BTCUSD;115 970.00;115 623.00;;2025.08.23 08:06:06;115 895.60;;;;cancelled
2025.08.23 06:32:40;Sell;0.60;BTCUSD;115 585.00;115 731.00;115 293.00;2025.08.23 07:08:25;115 732.20;;;-88.32;[sl]
2025.08.23 06:32:40;Sell;0.60;BTCUSD;115 585.00;115 731.00;;2025.08.23 07:08:25;115 732.20;;;-88.32;[sl]
2025.08.22 20:19:41;Buy;0.60;XAUUSD;3 373.49;3 370.47;;2025.08.22 22:04:30;3 371.53;;;-117.60;
2025.08.22 15:43:26;Sell Stop;0.60;XAUUSD;3 321.41;3 328.02;;2025.08.22 16:32:22;3 330.04;;;;cancelled
2025.08.22 13:30:36;Sell Stop;0.60;XAUUSD;3 329.01;3 331.11;;2025.08.22 13:36:18;3 331.01;;;;cancelled
2025.08.22 12:35:31;Sell Stop;0.60;XAUUSD;3 328.25;3 331.61;;2025.08.22 12:37:26;3 331.49;;;;cancelled
2025.08.22 11:26:14;Sell Stop;0.60;XAUUSD;3 326.00;3 329.26;;2025.08.22 11:31:03;3 329.78;;;;cancelled
2025.08.22 10:15:58;Buy;0.60;XAUUSD;3 334.25;3 328.95;;2025.08.22 10:43:55;3 328.95;;;-318.00;[sl]
2025.08.22 09:31:54;Sell;0.60;XAUUSD;3 326.97;3 330.71;;2025.08.22 10:02:02;3 330.71;;;-224.40;[sl]
2025.08.22 09:11:08;Sell Stop;0.60;XAUUSD;3 327.64;3 330.50;;2025.08.22 09:22:40;3 328.17;;;;cancelled
2025.08.22 08:45:20;Buy;0.60;XAUUSD;3 330.59;3 328.13;;2025.08.22 09:01:50;3 328.13;;;-147.60;[sl]
2025.08.22 07:16:22;Sell;0.60;XAUUSD;3 331.54;3 329.83;;2025.08.22 08:28:13;3 329.83;;;102.60;[sl]
2025.08.22 06:49:32;Buy Stop;0.60;XAUUSD;3 335.67;3 332.41;;2025.08.22 07:06:40;3 332.18;;;;cancelled
2025.08.22 05:46:31;Sell;0.60;XAUUSD;3 333.49;3 334.68;;2025.08.22 06:33:37;3 334.68;;;-71.40;[sl]
2025.08.22 05:10:21;Sell Limit;0.60;XAUUSD;3 336.72;3 338.58;;2025.08.22 05:46:35;3 333.96;;;;cancelled
2025.08.21 19:51:38;Sell;0.60;XAUUSD;3 338.96;3 341.73;;2025.08.21 20:05:25;3 341.73;;;-166.20;[sl]
2025.08.21 18:06:46;Sell;0.60;XAUUSD;3 341.52;3 342.65;;2025.08.21 18:29:17;3 342.65;;;-67.80;[sl]
2025.08.21 14:55:24;Buy;0.60;XAUUSD;3 334.60;3 341.34;;2025.08.21 16:45:00;3 341.34;;;404.40;[sl]
2025.08.21 15:05:20;Buy Limit;0.60;XAUUSD;3 333.65;;;2025.08.21 15:05:22;3 338.45;;;;cancelled
2025.08.21 14:04:35;Sell Limit;0.60;XAUUSD;3 348.30;;;2025.08.21 14:04:38;3 326.67;;;;cancelled
2025.08.21 10:53:01;Buy;0.60;XAUUSD;3 341.00;3 337.26;;2025.08.21 13:34:10;3 337.26;;;-224.40;[sl]
2025.08.21 09:41:30;Sell Stop;0.60;XAUUSD;3 334.28;3 338.15;;2025.08.21 09:54:50;3 335.82;;;;cancelled
2025.08.21 07:16:07;Sell;0.60;XAUUSD;3 339.22;3 341.05;;2025.08.21 07:30:13;3 341.05;;;-109.80;[sl]
2025.08.21 06:08:08;Buy Stop;0.60;XAUUSD;3 345.27;3 341.79;;2025.08.21 06:54:40;3 340.60;;;;cancelled
2025.08.21 04:50:01;Buy Stop;0.60;XAUUSD;3 346.63;3 343.20;;2025.08.21 04:56:48;3 343.40;;;;cancelled
2025.08.20 20:12:48;Buy;0.60;XAUUSD;3 346.29;3 344.11;;2025.08.20 21:06:48;3 344.11;;;-130.80;[sl]
2025.08.20 18:37:12;Sell Stop;0.60;XAUUSD;3 339.53;3 342.80;;2025.08.20 18:46:54;3 340.95;;;;cancelled
2025.08.20 17:55:31;Buy Stop;0.60;XAUUSD;3 350.37;3 345.39;;2025.08.20 18:08:42;3 343.58;;;;cancelled
2025.08.20 17:25:38;Sell Stop;0.30;XAUUSD;3 340.00;3 343.46;;2025.08.20 17:27:48;3 343.90;;;;cancelled
2025.08.20 17:25:46;Sell Stop;0.30;XAUUSD;3 340.00;3 343.46;3 333.08;2025.08.20 17:27:47;3 343.91;;;;cancelled
2025.08.20 16:50:15;Buy Stop;0.30;XAUUSD;3 348.59;;;2025.08.20 16:50:35;3 341.19;;;;cancelled
2025.08.20 16:50:25;Buy Stop;0.30;XAUUSD;3 348.59;;;2025.08.20 16:50:33;3 341.17;;;;cancelled
2025.08.20 14:27:21;Buy;0.60;XAUUSD;3 330.93;3 339.17;;2025.08.20 16:28:16;3 339.17;;;494.40;[sl]
2025.08.20 13:41:20;Buy Stop;0.60;XAUUSD;3 328.21;3 323.86;;2025.08.20 13:59:10;3 326.35;;;;cancelled
2025.08.20 13:44:36;Buy Limit;0.60;XAUUSD;3 325.97;3 320.91;;2025.08.20 13:50:33;3 326.65;;;;cancelled
2025.08.20 13:20:16;Sell;0.60;XAUUSD;3 325.27;3 327.69;;2025.08.20 13:30:09;3 327.69;;;-145.20;[sl]
2025.08.20 13:15:40;Buy;0.60;XAUUSD;3 325.98;;;2025.08.20 13:15:43;3 325.64;;;-20.40;
2025.08.20 11:46:51;Sell Stop;0.60;XAUUSD;3 320.91;3 327.79;;2025.08.20 12:09:38;3 326.72;;;;cancelled
2025.08.20 10:04:44;Sell Stop;0.60;XAUUSD;3 322.24;3 326.29;;2025.08.20 10:15:09;3 325.78;;;;cancelled
2025.08.20 05:36:07;Sell;0.60;XAUUSD;3 313.09;3 318.13;;2025.08.20 06:20:10;3 318.13;;;-302.40;[sl]
2025.08.19 19:13:50;Sell;0.60;XAUUSD;3 320.91;3 316.08;;2025.08.20 04:41:23;3 316.08;;;289.80;[sl]
2025.08.19 12:16:03;Sell;0.60;XAUUSD;3 337.08;3 339.76;;2025.08.19 12:46:07;3 339.76;;;-160.80;[sl]
2025.08.19 10:27:38;Buy Stop;0.60;XAUUSD;3 342.05;3 335.03;;2025.08.19 11:15:52;3 336.93;;;;cancelled
2025.08.19 09:25:26;Buy Stop;0.60;XAUUSD;3 338.40;3 335.14;;2025.08.19 09:54:49;3 337.13;;;;cancelled
2025.08.19 08:25:00;Buy;0.60;XAUUSD;3 339.04;3 336.32;;2025.08.19 08:53:51;3 336.32;;;-163.20;[sl]
2025.08.19 06:56:40;Sell;0.60;XAUUSD;3 337.29;3 341.93;;2025.08.19 07:22:50;3 337.85;;;-33.60;
2025.08.19 06:35:55;Buy Stop;0.60;XAUUSD;3 341.93;3 338.38;;2025.08.19 06:40:51;3 338.58;;;;cancelled
2025.08.19 05:35:10;Buy Stop;0.60;XAUUSD;3 335.05;3 329.52;;2025.08.19 05:46:08;3 332.73;;;;cancelled
2025.08.19 05:10:25;Sell Stop;0.60;XAUUSD;3 329.52;3 335.94;;2025.08.19 05:20:58;3 333.45;;;;cancelled
2025.08.19 04:55:36;Buy Stop;0.60;XAUUSD;3 335.94;3 331.93;;2025.08.19 05:01:15;3 331.91;;;;cancelled
2025.08.19 04:04:21;Sell;0.60;XAUUSD;3 332.61;3 335.51;;2025.08.19 04:45:37;3 334.71;;;-126.00;
2025.08.19 03:26:27;Buy Stop;0.60;XAUUSD;3 339.47;3 326.04;;2025.08.19 03:49:57;3 334.22;;;;cancelled
2025.08.18 16:34:28;Sell;0.60;XAUUSD;3 340.39;3 336.37;;2025.08.19 03:12:05;3 336.37;;;241.20;[sl]
2025.08.18 15:13:49;Sell Stop;0.60;XAUUSD;3 344.56;3 349.07;;2025.08.18 15:46:36;3 347.08;;;;cancelled
2025.08.18 14:36:42;Buy Stop;0.60;XAUUSD;3 349.12;3 346.48;;2025.08.18 14:46:07;3 347.00;;;;cancelled
2025.08.18 13:51:14;Sell;0.60;XAUUSD;3 348.00;3 351.74;;2025.08.18 14:02:29;3 348.34;;;-20.40;
2025.08.18 13:26:54;Buy Stop;0.60;XAUUSD;3 351.74;3 347.51;;2025.08.18 13:36:19;3 349.43;;;;cancelled
2025.08.18 13:06:51;Sell Stop;0.60;XAUUSD;3 347.51;3 352.01;;2025.08.18 13:17:33;3 351.12;;;;cancelled
2025.08.18 12:45:14;Buy Stop;0.60;XAUUSD;3 352.01;3 347.79;;2025.08.18 12:59:26;3 349.25;;;;cancelled
2025.08.18 12:03:11;Buy;0.60;XAUUSD;3 349.78;3 347.69;;2025.08.18 12:22:20;3 348.88;;;-54.00;
2025.08.18 11:05:02;Sell;0.60;XAUUSD;3 347.22;3 347.63;;2025.08.18 11:27:12;3 347.63;;;-24.60;[sl]
2025.08.18 10:30:33;Buy Stop;0.60;XAUUSD;3 356.07;3 347.89;;2025.08.18 10:56:10;3 349.64;;;;cancelled
2025.08.18 09:51:02;Buy Stop;0.60;XAUUSD;3 351.18;3 348.24;;2025.08.18 09:56:14;3 348.45;;;;cancelled
2025.08.18 09:28:32;Sell Stop;0.60;XAUUSD;3 346.07;3 651.54;;2025.08.18 09:48:23;3 349.80;;;;cancelled
2025.08.18 07:34:49;Buy;0.60;XAUUSD;3 353.12;3 352.86;;2025.08.18 08:24:43;3 352.86;;;-15.60;[sl]
2025.08.18 07:08:18;Sell Stop;0.60;XAUUSD;3 346.48;3 352.10;;2025.08.18 07:18:26;3 351.64;;;;cancelled
2025.08.18 06:20:07;Buy;0.60;XAUUSD;3 346.36;3 347.39;;2025.08.18 06:57:12;3 347.39;;;61.80;[sl]
2025.08.18 05:44:41;Sell Stop;0.60;XAUUSD;3 342.36;3 347.93;;2025.08.18 06:02:03;3 344.85;;;;cancelled
2025.08.17 19:43:45;Sell;0.60;BTCUSD;117 919.00;117 981.00;;2025.08.17 20:35:47;117 884.90;;;20.46;
2025.08.16 11:40:31;Buy;0.60;BTCUSD;117 639.80;117 499.00;;2025.08.16 12:48:21;117 496.90;;;-85.74;[sl]
2025.08.16 10:26:34;Buy;0.60;BTCUSD;117 490.60;117 549.00;;2025.08.16 11:00:52;117 544.32;;;32.23;[sl]
2025.08.16 07:48:12;Buy;0.60;BTCUSD;117 882.30;117 657.00;;2025.08.16 08:16:56;117 650.20;;;-139.26;[sl]
2025.08.16 06:35:33;Buy Stop;0.60;BTCUSD;117 655.90;117 373.80;;2025.08.16 06:58:04;117 393.60;;;;cancelled
2025.08.16 06:23:46;Buy;0.60;BTCUSD;117 627.35;117 525.60;;2025.08.16 06:31:07;117 524.85;;;-61.50;[sl]
2025.08.15 22:00:17;Sell;0.60;XAUUSD;3 335.68;3 337.07;;2025.08.15 22:26:53;3 337.07;;;-83.40;[sl]
2025.08.15 21:35:49;Buy Stop;0.60;XAUUSD;3 338.69;3 334.69;;2025.08.15 21:58:26;3 336.45;;;;cancelled
2025.08.15 21:13:16;Sell Stop;0.60;XAUUSD;3 335.47;3 337.75;;2025.08.15 21:16:45;3 336.83;;;;cancelled
2025.08.15 17:21:35;Buy;0.60;XAUUSD;3 341.42;3 332.90;;2025.08.15 20:26:55;3 336.58;;;-290.40;
2025.08.15 17:05:33;Sell Stop;0.60;XAUUSD;3 332.90;3 346.33;;2025.08.15 17:11:02;3 339.20;;;;cancelled
2025.08.15 16:03:52;Buy Stop;0.60;XAUUSD;3 344.31;3 333.55;;2025.08.15 16:52:37;3 334.55;;;;cancelled
2025.08.15 14:31:11;Buy;0.60;XAUUSD;3 341.12;3 337.71;;2025.08.15 15:17:03;3 337.71;;;-204.60;[sl]
2025.08.15 12:21:07;Buy;0.60;XAUUSD;3 343.25;3 338.36;;2025.08.15 13:24:49;3 339.68;;;-214.20;
2025.08.15 11:11:26;Buy Stop;0.60;XAUUSD;3 348.65;3 340.33;;2025.08.15 11:18:24;3 341.71;;;;cancelled
2025.08.15 10:33:27;Buy;0.60;XAUUSD;3 343.27;3 343.65;;2025.08.15 11:10:45;3 343.65;;;22.80;[sl]
2025.08.15 09:52:11;Buy Stop;0.60;XAUUSD;3 344.38;3 340.87;;2025.08.15 10:07:50;3 340.87;;;;cancelled
2025.08.15 05:51:45;Buy;0.60;XAUUSD;3 340.33;3 344.16;;2025.08.15 08:17:33;3 344.16;;;229.80;[sl]
2025.08.15 04:33:09;Sell Stop;0.60;XAUUSD;3 333.26;3 339.18;;2025.08.15 04:47:55;3 338.77;;;;cancelled
2025.08.15 04:05:22;Buy Stop;0.60;XAUUSD;3 339.17;3 334.67;;2025.08.15 04:32:03;3 336.68;;;;cancelled
2025.08.15 03:12:25;Sell Stop;0.60;XAUUSD;3 332.40;3 336.28;;2025.08.15 03:29:00;3 335.92;;;;cancelled
2025.08.15 02:07:07;Sell;0.60;XAUUSD;3 332.36;3 335.19;;2025.08.15 02:31:42;3 335.19;;;-169.80;[sl]
2025.08.14 19:25:38;Sell Stop;0.60;XAUUSD;3 329.82;3 342.42;;2025.08.14 19:55:57;3 334.42;;;;cancelled
2025.08.14 18:52:35;Buy Stop;0.60;XAUUSD;3 343.01;3 339.62;;2025.08.14 19:11:28;3 336.40;;;;cancelled
2025.08.14 18:02:15;Sell;0.60;XAUUSD;3 339.14;3 342.72;;2025.08.14 18:42:08;3 342.72;;;-214.80;[sl]
2025.08.14 17:24:06;Sell Stop;0.60;XAUUSD;3 334.31;3 348.17;;2025.08.14 17:31:29;3 345.11;;;;cancelled
2025.08.14 16:41:50;Sell Stop;0.60;XAUUSD;3 344.47;3 356.46;;2025.08.14 16:46:59;3 345.79;;;;cancelled
2025.08.14 15:30:01;Sell;0.60;XAUUSD;3 351.06;3 356.46;;2025.08.14 15:46:10;3 356.46;;;-324.00;[sl]
2025.08.14 15:15:31;Buy Stop;0.60;XAUUSD;3 358.76;3 354.76;;2025.08.14 15:16:08;3 354.92;;;;cancelled
2025.08.14 13:59:37;Sell Stop;0.60;XAUUSD;3 353.23;3 357.28;;2025.08.14 15:04:30;3 356.67;;;;cancelled
2025.08.14 12:29:12;Buy;0.60;XAUUSD;3 358.57;3 356.24;;2025.08.14 13:40:39;3 356.24;;;-139.80;[sl]
2025.08.14 11:46:13;Buy Stop;0.60;XAUUSD;3 350.78;3 344.38;;2025.08.14 12:01:55;3 347.79;;;;cancelled
2025.08.14 11:17:07;Sell Stop;0.60;XAUUSD;3 341.43;3 364.41;;2025.08.14 11:36:31;3 348.42;;;;cancelled
2025.08.14 10:19:28;Buy Stop;0.60;XAUUSD;3 366.86;3 357.33;;2025.08.14 10:33:36;3 360.55;;;;cancelled
2025.08.14 08:40:03;Sell;0.60;XAUUSD;3 358.61;3 360.19;;2025.08.14 09:10:32;3 360.19;;;-94.80;[sl]
2025.08.14 08:14:59;Sell Stop;0.60;XAUUSD;3 359.29;3 361.90;;2025.08.14 08:16:29;3 361.52;;;;cancelled
2025.08.14 07:50:09;Buy Stop;0.60;XAUUSD;3 362.22;3 358.54;;2025.08.14 08:02:17;3 359.75;;;;cancelled
2025.08.14 07:30:28;Buy;0.60;XAUUSD;3 361.59;3 359.76;;2025.08.14 07:32:36;3 359.76;;;-109.80;[sl]
2025.08.14 05:56:55;Sell;0.60;XAUUSD;3 364.39;3 359.15;;2025.08.14 06:56:30;3 359.15;;;314.40;[sl]
2025.08.14 05:29:07;Sell;0.60;XAUUSD;3 365.78;3 368.18;;2025.08.14 05:39:40;3 368.18;;;-144.00;[sl]
2025.08.14 05:06:22;Buy Stop;0.60;XAUUSD;3 371.04;3 365.10;;2025.08.14 05:10:58;3 368.63;;;;cancelled
2025.08.14 04:22:51;Sell;0.60;XAUUSD;3 367.35;3 370.74;;2025.08.14 04:51:37;3 370.74;;;-203.40;[sl]
2025.08.13 17:44:20;Sell;0.60;XAUUSD;3 363.33;3 361.29;;2025.08.14 02:05:02;3 361.29;;;122.40;[sl]
2025.08.13 16:01:59;Sell;0.30;XAUUSD;3 356.41;3 364.15;;2025.08.13 16:45:58;3 364.15;;;-232.20;[sl]
2025.08.13 14:04:12;Buy Stop;0.60;XAUUSD;3 367.07;3 363.78;;2025.08.13 14:18:38;3 363.01;;;;cancelled
2025.08.13 13:26:24;Sell Stop;0.60;XAUUSD;3 363.03;3 366.65;;2025.08.13 13:40:51;3 366.02;;;;cancelled
2025.08.13 12:35:57;Buy;0.60;XAUUSD;3 363.82;3 352.88;;2025.08.13 13:12:07;3 364.45;;;37.80;
2025.08.13 11:12:46;Sell Stop;0.60;XAUUSD;3 352.84;3 359.12;;2025.08.13 11:39:41;3 358.84;;;;cancelled
2025.08.13 10:23:24;Buy Limit;0.60;XAUUSD;3 357.99;3 357.82;;2025.08.13 10:36:37;3 359.45;;;;cancelled
2025.08.13 09:47:53;Buy;0.60;XAUUSD;3 356.98;3 354.83;;2025.08.13 10:04:12;3 354.83;;;-129.00;[sl]
2025.08.13 08:34:09;Sell;0.60;XAUUSD;3 347.71;3 349.41;;2025.08.13 08:54:25;3 349.41;;;-102.00;[sl]
2025.08.13 07:12:22;Sell Stop;0.60;XAUUSD;3 348.17;3 351.95;;2025.08.13 07:15:22;3 351.83;;;;cancelled
2025.08.13 05:01:34;Buy;0.30;XAUUSD;3 349.62;3 345.34;3 358.18;2025.08.13 05:07:55;3 347.82;;;-54.00;
2025.08.13 05:01:34;Buy;0.30;XAUUSD;3 349.62;3 345.34;;2025.08.13 05:07:54;3 347.83;;;-53.70;
2025.08.13 03:52:36;Sell;0.60;XAUUSD;3 343.68;3 346.38;;2025.08.13 04:04:29;3 346.38;;;-162.00;[sl]
2025.08.12 20:21:44;Buy;0.60;XAUUSD;3 350.29;3 347.22;;2025.08.12 20:50:01;3 347.22;;;-184.20;[sl]
2025.08.12 18:44:52;Buy Stop;0.60;XAUUSD;3 359.59;3 332.29;;2025.08.12 19:33:34;3 349.40;;;;cancelled
2025.08.12 16:06:30;Buy;0.60;XAUUSD;3 348.78;3 338.53;;2025.08.12 16:40:00;3 340.86;;;-475.20;
2025.08.12 16:00:09;Buy;0.60;XAUUSD;3 348.67;3 336.11;;2025.08.12 16:04:03;3 349.43;;;45.60;
2025.08.12 15:13:37;Sell Stop;0.30;XAUUSD;3 336.11;3 350.95;;2025.08.12 15:43:22;3 352.95;;;;cancelled
2025.08.12 12:56:05;Sell Limit;0.60;XAUUSD;3 346.03;3 352.24;;2025.08.12 12:56:31;3 345.51;;;;cancelled
2025.08.12 11:15:10;Buy Stop;0.30;XAUUSD;3 352.24;3 346.85;;2025.08.12 12:51:44;3 346.83;;;;cancelled
2025.08.12 11:12:01;Buy Stop;0.60;XAUUSD;3 358.52;3 342.15;;2025.08.12 11:14:58;3 353.36;;;;cancelled
2025.08.12 10:53:23;Buy Stop;0.60;XAUUSD;3 358.52;3 344.06;;2025.08.12 11:11:45;3 354.24;;;;cancelled
2025.08.12 06:32:23;Sell;0.30;XAUUSD;3 350.08;3 356.11;;2025.08.12 10:36:28;3 356.11;;;-180.90;[sl]
2025.08.12 04:31:13;Buy;0.30;XAUUSD;3 349.95;3 346.56;;2025.08.12 04:36:06;3 346.56;;;-101.70;[sl]
2025.08.12 03:11:51;Buy Limit;0.30;XAUUSD;3 349.95;3 346.56;;2025.08.12 03:50:49;3 355.10;;;;cancelled
2025.08.11 10:01:52;Sell;0.30;XAUUSD;3 363.77;3 352.68;;2025.08.11 20:37:09;3 352.68;;;332.70;[sl]
2025.08.11 09:22:48;Sell Limit;0.60;XAUUSD;3 371.55;3 379.13;;2025.08.11 10:01:38;3 364.06;;;;cancelled
2025.08.11 08:33:31;Buy Stop;0.60;XAUUSD;3 379.13;3 373.99;;2025.08.11 09:06:19;3 374.20;;;;cancelled
2025.08.11 08:09:21;Sell;0.60;XAUUSD;3 375.44;3 379.18;;2025.08.11 08:13:44;3 379.18;;;-224.40;[sl]
2025.08.11 06:30:38;Buy;0.60;XAUUSD;3 380.37;3 376.08;;2025.08.11 07:53:58;3 376.08;;;-257.40;[sl]
2025.08.11 03:33:23;Sell;0.60;XAUUSD;3 386.05;3 379.24;;2025.08.11 05:53:13;3 379.24;;;408.60;[sl]
2025.08.08 21:46:58;Buy;0.60;XAUUSD;3 397.57;3 390.88;;2025.08.11 02:56:43;3 390.88;;;-401.40;[sl]
2025.08.10 08:26:14;Sell;0.60;BTCUSD;117 973.60;118 236.70;;2025.08.10 11:47:05;118 239.55;;;-159.57;[sl]
2025.08.10 05:49:17;Buy;0.60;BTCUSD;117 128.50;118 109.60;;2025.08.10 08:18:24;118 108.75;;;588.15;[sl]
2025.08.09 06:37:42;Buy Stop;0.60;BTCUSD;116 476.00;116 311.40;;2025.08.09 06:42:26;116 410.90;;;;cancelled
2025.08.09 04:59:08;Sell;0.60;BTCUSD;116 526.40;116 468.40;;2025.08.09 06:20:18;116 432.60;;;56.28;
2025.08.08 18:17:55;Buy;0.60;XAUUSD;3 393.09;3 397.89;;2025.08.08 19:58:11;3 397.89;;;288.00;[sl]
2025.08.08 17:30:23;Sell;0.60;XAUUSD;3 384.35;3 390.41;;2025.08.08 17:55:26;3 390.41;;;-363.60;[sl]
2025.08.08 13:57:01;Sell;0.60;XAUUSD;3 386.45;3 386.34;;2025.08.08 14:33:00;3 386.34;;;6.60;[sl]
2025.08.08 12:41:24;Sell Stop;0.60;XAUUSD;3 396.63;3 401.68;;2025.08.08 13:01:23;3 400.42;;;;cancelled
2025.08.08 11:02:37;Buy Stop;0.60;XAUUSD;3 404.63;3 391.98;;2025.08.08 12:35:50;3 399.84;;;;cancelled
2025.08.08 10:22:17;Buy Stop;0.60;XAUUSD;3 400.84;3 392.09;;2025.08.08 10:40:15;3 393.19;;;;cancelled
2025.08.08 08:28:11;Sell;0.60;XAUUSD;3 392.34;3 396.08;;2025.08.08 09:06:09;3 396.08;;;-224.40;[sl]
2025.08.08 07:07:08;Buy;0.60;XAUUSD;3 397.36;3 394.95;;2025.08.08 07:58:10;3 394.95;;;-144.60;[sl]
2025.08.08 06:20:27;Sell Stop;0.60;XAUUSD;3 383.54;3 390.17;;2025.08.08 06:39:03;3 396.17;;;;cancelled
2025.08.08 05:37:15;Buy;0.60;XAUUSD;3 389.03;3 387.26;;2025.08.08 06:04:09;3 387.26;;;-106.20;[sl]
2025.08.08 04:59:43;Sell Stop;0.60;XAUUSD;3 382.43;3 386.17;;2025.08.08 05:18:55;3 388.32;;;;cancelled
2025.08.08 03:56:05;Sell Stop;0.60;XAUUSD;3 389.44;;;2025.08.08 03:56:33;3 390.90;;;;cancelled
2025.08.08 03:17:02;Buy Stop;0.60;XAUUSD;3 404.41;3 394.46;;2025.08.08 03:19:25;3 394.23;;;;cancelled
2025.08.07 20:23:13;Sell;0.60;XAUUSD;3 387.54;3 389.37;;2025.08.07 20:30:10;3 389.37;;;-109.80;[sl]
2025.08.07 17:55:47;Buy;0.60;XAUUSD;3 389.56;3 389.53;;2025.08.07 19:25:23;3 389.53;;;-1.80;[sl]
2025.08.07 16:38:30;Buy;0.60;XAUUSD;3 390.17;3 385.77;;2025.08.07 16:59:31;3 385.77;;;-264.00;[sl]
2025.08.07 15:14:41;Sell;0.60;XAUUSD;3 375.88;3 383.65;;2025.08.07 15:30:05;3 383.65;;;-466.20;[sl]
2025.08.07 12:30:11;Sell;0.60;XAUUSD;3 376.39;3 377.68;;2025.08.07 14:11:46;3 377.68;;;-77.40;[sl]
2025.08.07 10:15:09;Buy;0.60;XAUUSD;3 388.71;3 389.86;;2025.08.07 11:05:24;3 389.86;;;69.00;[sl]
2025.08.07 08:16:20;Buy Stop;0.60;XAUUSD;3 381.37;3 376.75;;2025.08.07 08:34:00;3 376.74;;;;cancelled
2025.08.07 07:20:42;Buy;0.60;XAUUSD;3 380.62;3 377.46;;2025.08.07 07:29:26;3 377.46;;;-189.60;[sl]
2025.08.07 05:33:53;Sell;0.60;XAUUSD;3 378.43;3 384.44;;2025.08.07 07:00:45;3 378.83;;;-24.00;
2025.08.07 04:10:13;Buy;0.60;XAUUSD;3 375.09;3 379.58;;2025.08.07 05:19:00;3 379.58;;;269.40;[sl]
2025.08.06 19:27:41;Sell Stop;0.60;XAUUSD;3 372.87;3 379.77;;2025.08.06 20:04:13;3 376.34;;;;cancelled
2025.08.06 19:09:42;Buy;0.60;XAUUSD;3 379.48;3 375.36;;2025.08.06 19:15:19;3 375.36;;;-247.20;[sl]
2025.08.06 15:51:50;Buy;0.60;XAUUSD;3 365.73;3 376.04;;2025.08.06 18:17:10;3 376.04;;;618.60;[sl]
2025.08.06 15:32:09;Sell Stop;0.60;XAUUSD;3 360.18;;;2025.08.06 15:32:14;3 362.08;;;;cancelled
2025.08.06 14:23:34;Buy;0.60;XAUUSD;3 365.60;3 363.75;;2025.08.06 15:00:44;3 363.75;;;-111.00;[sl]
2025.08.06 12:25:03;Sell;0.60;XAUUSD;3 364.82;3 364.23;;2025.08.06 13:15:42;3 364.23;;;35.40;[sl]
2025.08.06 10:32:24;Sell;0.60;XAUUSD;3 371.21;3 375.55;;2025.08.06 10:46:05;3 375.55;;;-260.40;[sl]
2025.08.06 09:22:29;Buy;0.60;XAUUSD;3 377.18;3 376.29;;2025.08.06 09:46:40;3 376.29;;;-53.40;[sl]
2025.08.06 07:49:45;Sell;0.60;XAUUSD;3 373.48;3 373.57;;2025.08.06 08:31:44;3 373.57;;;-5.40;[sl]
2025.08.06 04:10:05;Sell;0.60;XAUUSD;3 380.86;3 384.14;;2025.08.06 04:40:55;3 381.29;;;-25.80;
2025.08.05 19:30:44;Sell;0.60;XAUUSD;3 381.55;3 384.24;;2025.08.06 03:16:49;3 383.46;;;-114.60;
2025.08.05 19:04:54;Buy;0.60;XAUUSD;3 390.43;3 383.81;;2025.08.05 19:16:58;3 383.81;;;-397.20;[sl]
2025.08.05 18:41:14;Sell Stop;0.60;XAUUSD;3 382.18;3 388.39;;2025.08.05 18:46:27;3 387.79;;;;cancelled
2025.08.05 15:54:08;Buy;0.60;XAUUSD;3 366.26;3 382.26;;2025.08.05 18:34:32;3 382.26;;;960.00;[sl]
2025.08.05 12:31:00;Sell;0.60;XAUUSD;3 364.10;3 354.38;;2025.08.05 14:52:31;3 354.38;;;583.20;[sl]
2025.08.05 11:07:46;Sell;0.60;XAUUSD;3 371.20;3 374.80;;2025.08.05 11:22:47;3 374.80;;;-216.00;[sl]
2025.08.05 10:05:27;Sell;0.60;XAUUSD;3 368.49;3 372.24;;2025.08.05 10:06:52;3 369.01;;;-31.20;
2025.08.05 09:10:18;Buy Stop;0.60;XAUUSD;3 374.47;3 370.09;;2025.08.05 09:13:21;3 370.36;;;;cancelled
2025.08.05 07:43:01;Sell;0.60;XAUUSD;3 371.49;3 371.03;;2025.08.05 08:30:48;3 371.03;;;27.60;[sl]
2025.08.05 05:51:11;Sell;0.60;XAUUSD;3 374.43;3 378.56;;2025.08.05 06:54:20;3 374.41;;;1.20;
2025.08.05 04:25:22;Buy;0.60;XAUUSD;3 379.06;3 378.24;;2025.08.05 05:20:04;3 378.24;;;-49.20;[sl]
2025.08.05 02:56:29;Sell;0.60;XAUUSD;3 376.88;3 379.38;;2025.08.05 03:33:52;3 379.38;;;-150.00;[sl]
2025.08.05 02:00:02;Buy;0.60;XAUUSD;3 375.12;3 377.75;;2025.08.05 02:38:59;3 377.75;;;157.80;[sl]
2025.08.04 19:20:10;Buy Stop;0.60;XAUUSD;3 378.54;3 373.63;;2025.08.04 19:29:04;3 373.98;;;;cancelled
2025.08.04 18:08:56;Sell;0.60;XAUUSD;3 371.92;3 376.55;;2025.08.04 19:10:03;3 376.55;;;-277.80;[sl]
2025.08.04 18:00:30;Buy Limit;0.60;XAUUSD;3 371.92;;;2025.08.04 18:01:44;3 373.52;;;;cancelled
2025.08.04 16:12:53;Buy Limit;0.60;XAUUSD;3 369.31;3 361.43;;2025.08.04 16:27:38;3 375.37;;;;cancelled
2025.08.04 15:46:46;Sell Stop;0.60;XAUUSD;3 360.06;3 368.71;;2025.08.04 15:55:54;3 365.90;;;;cancelled
2025.08.04 12:57:15;Sell;0.60;XAUUSD;3 357.66;3 359.88;;2025.08.04 14:03:46;3 359.88;;;-133.20;[sl]
2025.08.04 12:06:39;Buy;0.60;XAUUSD;3 360.19;3 358.15;;2025.08.04 12:20:33;3 359.37;;;-49.20;
2025.08.04 10:16:59;Sell;0.60;XAUUSD;3 359.09;3 357.04;;2025.08.04 11:12:05;3 357.04;;;123.00;[sl]
2025.08.04 09:37:00;Sell Stop;0.60;XAUUSD;3 353.88;3 359.66;;2025.08.04 09:40:01;3 359.57;;;;cancelled
2025.08.04 08:58:13;Sell Stop;0.60;XAUUSD;3 355.40;3 359.75;;2025.08.04 09:16:15;3 358.66;;;;cancelled
2025.08.04 07:04:21;Buy;0.60;XAUUSD;3 361.23;3 356.76;;2025.08.04 08:36:14;3 356.76;;;-268.20;[sl]
2025.08.04 06:04:16;Buy Limit;0.60;XAUUSD;3 353.65;3 350.93;;2025.08.04 06:04:41;3 356.11;;;;cancelled
2025.08.04 06:04:27;Buy;0.60;XAUUSD;3 355.57;3 350.93;;2025.08.04 06:04:40;3 355.87;;;18.00;
2025.08.04 05:49:32;Sell Stop;0.60;XAUUSD;3 351.99;3 355.57;;2025.08.04 06:02:22;3 355.91;;;;cancelled
2025.08.03 06:21:59;Buy;0.60;BTCUSD;113 520.20;113 475.20;;2025.08.03 07:01:02;113 472.02;;;-28.91;[sl]
2025.08.02 21:17:27;Sell;0.60;BTCUSD;112 547.00;112 724.20;;2025.08.02 22:30:02;112 724.20;;;-106.32;[sl]
2025.08.02 08:41:10;Buy Stop;0.60;BTCUSD;113 985.20;113 823.80;;2025.08.02 09:11:57;113 861.10;;;;cancelled
2025.08.02 06:57:04;Buy;0.60;BTCUSD;113 846.85;113 883.20;;2025.08.02 08:11:42;113 882.10;;;21.15;[sl]
2025.08.01 21:38:30;Buy;0.60;XAUUSD;3 350.27;3 348.10;;2025.08.01 21:54:40;3 348.10;;;-130.20;[sl]
2025.08.01 20:18:48;Buy Stop;0.60;XAUUSD;3 349.55;3 346.92;;2025.08.01 21:03:58;3 346.97;;;;cancelled
2025.08.01 19:51:40;Sell Stop;0.60;XAUUSD;3 340.57;3 350.74;;2025.08.01 19:55:39;3 344.28;;;;cancelled
2025.08.01 17:42:16;Buy Stop;0.60;XAUUSD;3 350.92;3 341.50;;2025.08.01 19:27:41;3 341.42;;;;cancelled
2025.08.01 14:36:19;Buy Stop;0.60;XAUUSD;3 301.77;3 298.43;;2025.08.01 14:52:39;3 297.55;;;;cancelled
2025.08.01 12:26:41;Buy;0.60;XAUUSD;3 295.76;3 290.54;;2025.08.01 12:57:47;3 293.39;;;-142.20;
2025.08.01 11:03:38;Sell;0.60;XAUUSD;3 285.67;3 291.37;;2025.08.01 11:47:37;3 291.37;;;-342.00;[sl]
2025.08.01 10:02:07;Sell;0.60;XAUUSD;3 290.73;3 293.51;;2025.08.01 10:15:11;3 293.51;;;-166.80;[sl]
2025.08.01 08:03:01;Sell Stop;0.60;XAUUSD;3 290.15;3 294.70;;2025.08.01 08:44:20;3 294.50;;;;cancelled
2025.08.01 06:55:28;Sell;0.60;XAUUSD;3 291.33;3 297.47;;2025.08.01 07:33:14;3 294.36;;;-181.80;
2025.08.01 05:53:02;Sell Stop;0.60;XAUUSD;3 287.05;3 290.54;;2025.08.01 05:54:21;3 290.66;;;;cancelled
2025.08.01 04:51:04;Sell;0.60;XAUUSD;3 285.99;3 288.78;;2025.08.01 05:03:00;3 288.78;;;-167.40;[sl]
2025.07.31 20:44:00;Sell;0.60;XAUUSD;3 294.69;3 290.40;;2025.08.01 03:36:04;3 290.40;;;257.40;[sl]
2025.07.01 00:00:00;Buy;45.60;archived;;;;2025.07.31 23:59:59;;;;1 095.60;
2025.07.31 17:26:16;Sell Limit;0.60;XAUUSD;3 301.03;3 310.77;;2025.07.31 17:38:23;3 293.15;;;;cancelled
2025.07.31 15:54:54;Buy Stop;0.60;XAUUSD;3 311.52;3 303.88;;2025.07.31 16:32:40;3 308.45;;;;cancelled
2025.07.31 14:10:34;Sell Stop;0.60;XAUUSD;3 293.75;3 309.67;;2025.07.31 14:44:58;3 305.12;;;;cancelled
2025.07.31 10:12:55;Sell Stop;0.60;XAUUSD;3 299.61;3 304.12;;2025.07.31 10:46:50;3 308.59;;;;cancelled
2025.07.31 08:44:53;Sell Stop;0.60;XAUUSD;3 294.83;3 299.42;;2025.07.31 08:45:42;3 295.71;;;;cancelled
2025.07.31 07:22:52;Sell Stop;0.60;XAUUSD;3 293.75;3 296.78;;2025.07.31 07:45:05;3 296.56;;;;cancelled
2025.07.31 05:49:31;Sell Stop;0.60;XAUUSD;3 290.40;3 296.11;;2025.07.31 06:01:24;3 297.99;;;;cancelled
2025.07.31 04:46:52;Sell Stop;0.60;XAUUSD;3 285.53;3 291.65;;2025.07.31 04:58:18;3 293.57;;;;cancelled
2025.07.31 03:28:41;Sell Stop;0.60;XAUUSD;3 282.82;3 288.61;;2025.07.31 04:09:25;3 288.67;;;;cancelled
2025.07.30 18:47:10;Sell Stop;0.60;XAUUSD;3 289.16;3 294.42;;2025.07.30 19:17:31;3 293.50;;;;cancelled
2025.07.30 18:21:16;Sell Limit;0.60;XAUUSD;3 298.89;3 301.65;;2025.07.30 18:41:01;3 291.47;;;;cancelled
2025.07.30 10:46:39;Sell Stop;0.60;XAUUSD;3 325.65;3 331.88;;2025.07.30 11:00:25;3 327.98;;;;cancelled
2025.07.29 12:27:45;Sell Stop;0.60;XAUUSD;3 321.84;3 325.43;;2025.07.29 12:31:06;3 324.80;;;;cancelled
2025.07.29 09:05:19;Sell Limit;0.60;XAUUSD;3 317.49;3 320.46;;2025.07.29 09:05:23;3 316.68;;;;cancelled
2025.07.28 20:22:26;Sell Stop;0.60;XAUUSD;3 308.81;3 313.04;;2025.07.29 03:08:05;3 312.34;;;;cancelled
2025.07.28 05:10:30;Sell Stop;0.60;XAUUSD;3 330.55;3 336.88;;2025.07.28 06:06:38;3 336.39;;;;cancelled
2025.06.01 00:00:00;Buy;27.60;archived;;;;2025.06.30 23:59:59;;;;2 470.50;
2025.05.01 00:00:00;Buy;16.10;archived;;;;2025.05.31 23:59:59;;;;3 035.60;
2025.05.01 00:00:00;Buy;0.08;archived;;;;2025.05.31 23:59:59;;;;1 522.56;
2025.04.01 00:00:00;Buy;15.30;archived;;;;2025.04.30 23:59:59;;;;184.50;
2025.03.01 00:00:00;Buy;17.40;archived;;;;2025.03.31 23:59:59;;;;2 598.00;
2025.03.01 00:00:00;Buy;5.10;archived;;;;2025.03.31 23:59:59;;;;856.71;
2025.02.01 00:00:00;Buy;21.70;archived;;;;2025.02.28 23:59:59;;;;-137.00;
2025.02.17 01:05:13;Buy;0.30;US100;22 151.37;22 183.34;;2025.02.17 09:41:41;22 183.34;;;95.91;[sl]
2025.02.17 09:25:29;Sell;0.01;BTCUSD;96 164.90;;;2025.02.17 09:25:32;96 195.40;;;-0.31;
2025.02.17 09:24:50;Buy;0.10;BTCUSD;96 143.10;;;2025.02.17 09:25:23;96 150.10;;;0.70;
2025.02.17 09:18:40;Buy;0.01;BTCUSD;96 290.30;;;2025.02.17 09:24:02;96 120.80;;;-1.70;
2025.02.16 07:40:08;Buy;0.30;ETHUSD;2 704.71;2 687.71;;2025.02.16 15:56:54;2 687.71;;;-51.00;[sl]
2025.02.15 23:24:50;Buy;0.30;BTCUSD;97 649.66;97 274.23;;2025.02.16 07:08:28;97 438.84;;;-63.25;
2025.01.01 00:00:00;Buy;50.06;archived;;;;2025.01.31 23:59:59;;;;-6 597.50;
2025.01.30 16:35:21;Buy;0.10;US100;21 502.80;21 274.30;;2025.01.30 21:14:40;21 508.05;;;5.25;
2025.01.29 08:00:02;Buy;0.10;US100;21 525.70;21 422.14;;2025.01.29 16:37:43;21 421.30;;;-104.40;[sl]
2025.01.28 09:28:31;Buy;0.10;US100;21 225.70;21 139.04;;2025.01.28 16:32:01;21 139.04;;;-86.66;[sl]
2025.01.23 18:14:06;Sell;0.30;USDJPY;156.100;156.433;;2025.01.24 05:24:37;156.433;;;-63.86;[sl]
2025.01.22 16:43:08;Buy;0.20;USDJPY;156.155;156.282;;2025.01.23 10:31:07;156.572;;;53.27;
2025.01.22 10:19:48;Buy;0.20;US100;21 750.90;21 799.79;;2025.01.23 09:42:01;21 797.55;;;93.30;[sl]
2025.01.22 10:19:48;Buy;0.20;US100;21 750.90;21 720.64;21 811.42;2025.01.22 16:31:31;21 811.42;;;121.04;[tp]
2025.01.22 10:15:17;Buy;0.20;USDJPY;155.998;155.678;;2025.01.22 10:33:19;155.678;;;-41.11;[sl]
2025.01.22 10:15:17;Buy;0.20;USDJPY;155.998;155.678;156.640;2025.01.22 10:33:19;155.678;;;-41.11;[sl]
2024.12.01 00:00:00;Buy;84.85;archived;;;;2024.12.31 23:59:59;;;;-3 280.35;
2024.12.31 16:36:54;Balance;;Dividend;;;;;;;;0.34;
2024.12.19 01:42:25;Buy;0.02;US100;21 258.00;20 319.49;;2024.12.31 01:17:35;21 179.55;;;-15.69;
2024.12.19 01:42:25;Buy;0.02;US100;21 258.00;20 319.49;25 268.71;2024.12.31 01:17:34;21 179.90;;;-15.62;
2024.12.30 16:37:43;Balance;;Dividend;;;;;;;;0.07;
2024.12.23 16:36:53;Balance;;Dividend;;;;;;;;1.44;
2024.12.20 16:36:59;Balance;;Dividend;;;;;;;;0.83;
2024.12.02 16:30:57;Buy;0.05;US100;21 031.65;21 349.01;;2024.12.18 22:38:47;21 349.01;;;158.68;[sl]
2024.12.16 16:37:37;Balance;;Dividend;;;;;;;;0.44;
2024.12.13 16:38:28;Balance;;Dividend;;;;;;;;1.08;
2024.12.11 11:30:29;Buy;0.05;CADJPY;107.556;105.765;;2024.12.12 01:08:41;107.640;;;2.76;
2024.12.09 19:00:40;Buy;0.05;USDJPY;151.267;148.642;;2024.12.12 01:08:38;152.387;;;36.75;
2024.12.11 16:36:45;Balance;;Dividend;;;;;;;;0.20;
2024.12.09 15:18:31;Buy;0.05;NZDJPY;88.510;87.271;;2024.12.11 01:50:56;88.088;;;-13.90;
2024.12.10 16:38:45;Balance;;Dividend;;;;;;;;0.08;
2024.12.09 16:36:49;Balance;;Dividend;;;;;;;;0.88;
2024.12.06 16:37:38;Balance;;Dividend;;;;;;;;1.42;
2024.12.05 16:38:11;Balance;;Dividend;;;;;;;;0.85;
2024.12.04 16:36:50;Balance;;Dividend;;;;;;;;0.04;
2024.12.03 16:38:18;Balance;;Dividend;;;;;;;;0.44;
2024.11.01 00:00:00;Buy;65.70;archived;;;;2024.11.30 23:59:59;;;;-619.60;
2024.11.30 20:43:25;Buy;0.01;BTCUSD;96 944.96;96 845.27;97 046.96;2024.11.30 20:45:59;96 907.94;;;-0.37;
2024.11.26 01:37:53;Sell;0.05;AUDJPY;100.048;101.587;;2024.11.29 01:25:59;98.421;;;53.77;
2024.11.19 19:55:34;Buy;0.05;CADJPY;110.679;109.251;;2024.11.26 02:08:02;109.251;;;-46.25;[sl]
2024.11.07 02:37:05;Buy;0.05;USDJPY;154.726;153.405;;2024.11.19 10:41:41;153.405;;;-43.06;[sl]
2024.10.22 07:08:01;Buy;0.05;NZDJPY;91.385;90.742;;2024.11.15 17:35:26;90.742;;;-20.74;[sl]
2024.10.22 07:08:01;Buy;0.05;NZDJPY;91.385;90.742;;2024.11.15 17:35:26;90.742;;;-20.74;[sl]
2024.11.06 01:31:13;Buy;0.05;CADJPY;109.798;110.000;;2024.11.15 17:33:43;110.000;;;6.51;[sl]
2024.10.02 18:50:37;Buy;0.05;AUDJPY;100.752;100.143;103.540;2024.11.15 17:08:30;100.143;;;-19.60;[sl]
2024.10.02 18:50:37;Buy;0.05;AUDJPY;100.752;100.143;;2024.11.15 17:08:30;100.143;;;-19.60;[sl]
2024.11.06 01:30:04;Buy;0.05;GBPJPY;197.904;196.736;;2024.11.13 16:50:24;196.736;;;-37.75;[sl]
2024.10.21 14:12:56;Buy;0.05;CHFJPY;173.545;175.052;;2024.11.07 21:00:01;175.052;;;49.26;[sl]
2024.10.07 01:05:15;Buy;0.05;EURJPY;163.514;165.209;;2024.11.07 18:07:30;165.209;;;55.41;[sl]
2024.11.06 01:30:04;Buy;0.05;GBPJPY;197.904;196.490;199.318;2024.11.06 18:58:19;199.318;;;45.71;[tp]
2024.11.06 01:31:13;Buy;0.05;CADJPY;109.798;109.003;110.593;2024.11.06 04:38:17;110.593;;;25.84;[tp]
2024.10.02 23:50:00;Buy;0.05;USDJPY;146.528;151.450;;2024.11.05 20:19:38;151.450;;;162.50;[sl]
2024.10.01 00:00:00;Buy;42.10;archived;;;;2024.10.31 23:59:59;;;;-1 435.80;
2024.10.14 17:31:40;Buy;0.05;GBPJPY;195.643;196.388;;2024.10.31 17:06:17;196.388;;;24.39;[sl]
2024.10.02 01:40:36;Buy;0.05;CADJPY;106.356;109.344;;2024.10.31 08:51:03;109.344;;;98.22;[sl]
2024.10.07 01:05:15;Buy;0.05;EURJPY;163.514;161.845;;2024.10.24 02:31:53;164.579;;;34.89;
2024.10.22 21:02:09;Buy;0.05;US100;20 454.05;20 055.79;;2024.10.23 20:13:35;20 055.79;;;-199.13;[sl]
2024.10.22 21:02:09;Buy;0.05;US100;20 454.05;20 055.79;;2024.10.23 20:13:35;20 055.79;;;-199.13;[sl]
2024.10.14 17:31:40;Buy;0.05;GBPJPY;195.643;192.878;198.408;2024.10.23 15:27:23;198.408;;;90.26;[tp]
2024.10.02 23:50:00;Buy;0.05;USDJPY;146.528;149.083;151.412;2024.10.23 03:48:28;151.412;;;161.28;[tp]
2024.10.21 14:12:56;Buy;0.05;CHFJPY;173.545;172.405;174.685;2024.10.23 03:13:23;174.685;;;37.67;[tp]
2024.10.03 01:28:51;Buy;0.05;CHFJPY;172.555;172.596;176.813;2024.10.17 04:17:37;172.596;;;1.37;[sl]
2024.10.03 01:28:51;Buy;0.05;CHFJPY;172.555;172.596;;2024.10.17 04:17:37;172.596;;;1.37;[sl]
2024.10.02 01:40:36;Buy;0.05;CADJPY;106.356;104.857;107.855;2024.10.02 16:34:24;107.855;;;51.51;[tp]
2024.09.24 18:53:04;Buy;0.03;US100;19 986.12;19 642.09;20 330.15;2024.10.01 18:16:06;19 640.90;;;-103.57;[sl]
2024.09.24 18:53:04;Buy;0.03;US100;19 986.12;19 642.09;;2024.10.01 18:16:06;19 640.90;;;-103.57;[sl]
2024.09.01 00:00:00;Buy;1.43;archived;;;;2024.09.30 23:59:59;;;;95.17;
2024.09.01 00:00:00;Buy;0.78;archived;;;;2024.09.30 23:59:59;;;;434.72;
2024.09.01 00:00:00;Buy;0.88;archived;;;;2024.09.30 23:59:59;;;;-40.11;
2024.09.30 17:18:23;Balance;;Dividend;;;;;;;;0.50;
2024.09.30 17:15:42;Balance;;Dividend;;;;;;;;0.50;
2024.09.27 17:21:33;Balance;;Dividend;;;;;;;;0.25;
2024.09.23 04:03:50;Buy;0.03;NZDJPY;89.974;89.422;;2024.09.23 11:02:02;89.422;;;-11.53;[sl]
2024.09.23 04:03:50;Buy;0.03;NZDJPY;89.974;89.422;;2024.09.23 11:02:02;89.422;;;-11.53;[sl]
2024.09.23 02:57:45;Buy;0.03;USDJPY;144.079;143.645;;2024.09.23 10:18:16;143.645;;;-9.06;[sl]
2024.09.23 02:57:45;Buy;0.03;USDJPY;144.079;143.645;;2024.09.23 10:18:16;143.645;;;-9.06;[sl]
2024.09.23 04:07:35;Buy;0.03;CADJPY;106.449;105.803;;2024.09.23 10:18:06;105.803;;;-13.49;[sl]
2024.09.23 04:07:35;Buy;0.03;CADJPY;106.449;105.803;;2024.09.23 10:18:06;105.803;;;-13.49;[sl]
2024.09.23 04:03:51;Buy;0.03;EURJPY;161.029;160.198;;2024.09.23 10:11:55;160.198;;;-17.33;[sl]
2024.09.23 04:03:51;Buy;0.03;EURJPY;161.029;160.198;;2024.09.23 10:11:55;160.198;;;-17.33;[sl]
2024.09.19 16:39:29;Balance;;Dividend;;;;;;;;1.62;
2024.09.16 16:52:49;Balance;;Dividend;;;;;;;;0.89;
2024.09.10 16:43:40;Balance;;Dividend;;;;;;;;0.16;
2024.09.03 16:42:27;Balance;;Dividend;;;;;;;;0.72;
2024.08.01 00:00:00;Buy;1.44;archived;;;;2024.08.31 23:59:59;;;;-184.32;
2024.08.01 00:00:00;Buy;1.18;archived;;;;2024.08.31 23:59:59;;;;1 218.19;
2024.08.01 00:00:00;Buy;1.80;archived;;;;2024.08.31 23:59:59;;;;-1 691.28;
2024.08.30 16:38:42;Balance;;Dividend;;;;;;;;2.35;
2024.08.28 00:30:43;Balance;;Dividend;;;;;;;;-0.08;
2024.08.20 17:15:54;Balance;;Dividend;;;;;;;;0.20;
2024.08.16 16:46:56;Balance;;Dividend;;;;;;;;1.81;
2024.08.09 16:37:54;Balance;;Dividend;;;;;;;;1.00;
2024.08.08 16:57:31;Balance;;Dividend;;;;;;;;0.47;
2024.08.07 21:19:57;Balance;;Dividend;;;;;;;;0.70;
2024.08.06 17:15:10;Balance;;Dividend;;;;;;;;0.28;
2024.07.01 00:00:00;Buy;10.24;archived;;;;2024.07.31 23:59:59;;;;921.98;
2024.07.01 00:00:00;Buy;10.74;archived;;;;2024.07.31 23:59:59;;;;-5 532.09;
2024.07.01 00:00:00;Buy;10.94;archived;;;;2024.07.31 23:59:59;;;;-1 129.96;
2024.07.03 16:42:31;Balance;;Dividend;;;;;;;;9.63;
2024.06.01 00:00:00;Buy;10.00;archived;;;;2024.06.30 23:59:59;;;;630.41;
2024.06.01 00:00:00;Buy;11.49;archived;;;;2024.06.30 23:59:59;;;;698.23;
2024.06.01 00:00:00;Buy;11.53;archived;;;;2024.06.30 23:59:59;;;;-998.75;
2024.06.24 16:52:39;Balance;;Dividend;;;;;;;;18.63;
2024.06.13 17:37:16;Balance;;Dividend;;;;;;;;1.06;
2024.06.11 16:47:43;Balance;;Dividend;;;;;;;;0.87;
2024.06.05 16:55:59;Balance;;Dividend;;;;;;;;0.23;
2024.05.01 00:00:00;Buy;7.45;archived;;;;2024.05.31 23:59:59;;;;-1 365.95;
2024.05.01 00:00:00;Buy;8.04;archived;;;;2024.05.31 23:59:59;;;;527.60;
2024.05.01 00:00:00;Buy;9.23;archived;;;;2024.05.31 23:59:59;;;;-4 146.11;
2024.05.16 16:55:46;Balance;;Dividend;;;;;;;;10.46;
2024.05.15 09:05:41;Sell;0.31;EURAUD;1.62947;1.63255;;2024.05.15 09:05:50;1.62964;;;-3.51;
2024.05.15 09:04:26;Buy;0.31;CADJPY;114.609;114.086;;2024.05.15 09:04:37;114.590;;;-3.77;
2024.05.15 08:59:54;Buy;0.31;AUDUSD;0.66483;0.66131;;2024.05.15 09:00:09;0.66458;;;-7.75;
2024.05.15 08:58:58;Buy;0.31;AUDCAD;0.90679;0.90552;;2024.05.15 08:59:25;0.90655;;;-5.46;
2024.05.07 16:39:27;Balance;;Dividend;;;;;;;;5.15;
2024.04.01 00:00:00;Buy;15.34;archived;;;;2024.04.30 23:59:59;;;;-58.68;
2024.04.01 00:00:00;Buy;19.25;archived;;;;2024.04.30 23:59:59;;;;-7 483.93;
2024.04.01 00:00:00;Buy;14.89;archived;;;;2024.04.30 23:59:59;;;;2 797.32;
2024.04.25 00:44:40;Balance;;Dividend;;;;;;;;-4.76;
2024.04.18 15:22:14;Sell;0.39;EURUSD;1.06698;1.06562;;2024.04.19 07:38:44;1.06391;;;119.73;
2024.04.15 22:05:12;Sell;0.38;EURUSD;1.06224;1.06188;;2024.04.16 08:29:01;1.06188;;;13.68;[sl]
2024.04.12 17:26:02;Sell;0.37;EURUSD;1.06308;1.06539;;2024.04.15 05:02:49;1.06539;;;-85.47;[sl]
2024.04.11 00:48:29;Balance;;Dividend;;;;;;;;-0.52;
2024.04.09 00:36:08;Balance;;Dividend;;;;;;;;-2.60;
2024.03.01 00:00:00;Buy;15.03;archived;;;;2024.03.31 23:59:59;;;;-837.56;
2024.03.01 00:00:00;Buy;22.31;archived;;;;2024.03.31 23:59:59;;;;-5 874.69;
2024.03.01 00:00:00;Buy;11.33;archived;;;;2024.03.31 23:59:59;;;;929.47;
2024.03.20 16:47:29;Balance;;Dividend;;;;;;;;8.18;
2024.03.09 08:09:16;Sell;0.02;BTCUSD;68 250.44;;68 238.00;2024.03.09 08:16:28;68 266.36;;;-0.32;
2024.03.09 08:09:19;Buy;0.02;BTCUSD;68 273.66;;;2024.03.09 08:16:25;68 247.44;;;-0.52;
2024.03.09 07:59:22;Buy;0.45;BTCUSD;68 317.36;67 909.71;68 317.40;2024.03.09 08:08:05;68 242.74;;;-33.58;
2024.03.09 08:05:14;Sell;0.45;BTCUSD;68 289.04;68 400.00;68 277.00;2024.03.09 08:07:34;68 277.00;;;5.42;[tp]
2024.03.01 17:52:52;Balance;;Dividend;;;;;;;;2.23;
2024.03.01 00:20:00;Balance;;Dividend;;;;;;;;-2.23;
2024.02.01 00:00:00;Buy;18.86;archived;;;;2024.02.29 23:59:59;;;;-8 868.46;
2024.02.01 00:00:00;Buy;18.32;archived;;;;2024.02.29 23:59:59;;;;-1 100.84;
2024.02.01 00:00:00;Buy;14.72;archived;;;;2024.02.29 23:59:59;;;;-6 151.19;
2024.02.23 16:42:10;Balance;;Dividend;;;;;;;;0.27;
2024.02.20 00:20:46;Balance;;Dividend;;;;;;;;-15.95;
2024.02.15 16:57:30;Balance;;Dividend;;;;;;;;5.29;
2024.02.15 00:31:14;Balance;;Dividend;;;;;;;;-5.29;
2024.02.05 17:41:51;Balance;;Dividend;;;;;;;;8.60;
2024.01.01 00:00:00;Buy;16.22;archived;;;;2024.01.31 23:59:59;;;;-3 110.98;
2024.01.01 00:00:00;Buy;21.82;archived;;;;2024.01.31 23:59:59;;;;209.94;
2024.01.01 00:00:00;Buy;18.28;archived;;;;2024.01.31 23:59:59;;;;3 942.29;
2024.01.28 22:08:00;Balance;;Dividend;;;;;;;;21.17;
2024.01.09 18:03:40;Balance;;Dividend;;;;;;;;2.19;
2024.01.04 00:46:36;Balance;;Dividend;;;;;;;;-2.78;
2023.12.01 00:00:00;Buy;2.90;archived;;;;2023.12.31 23:59:59;;;;4 521.77;
2023.12.01 00:00:00;Buy;2.76;archived;;;;2023.12.31 23:59:59;;;;8 113.94;
2023.12.01 00:00:00;Buy;2.90;archived;;;;2023.12.31 23:59:59;;;;630.51;
2023.12.19 17:54:05;Balance;;Dividend;;;;;;;;14.65;
2023.12.14 16:56:52;Balance;;Dividend;;;;;;;;35.92;
2023.12.12 17:26:44;Balance;;Dividend;;;;;;;;3.09;
2023.12.07 00:48:13;Balance;;Dividend;;;;;;;;-3.39;
2023.11.01 00:00:00;Buy;7.12;archived;;;;2023.11.30 23:59:59;;;;3 268.76;
2023.11.01 00:00:00;Buy;9.15;archived;;;;2023.11.30 23:59:59;;;;580.67;
2023.11.01 00:00:00;Buy;3.16;archived;;;;2023.11.30 23:59:59;;;;4 611.38;
2023.11.01 00:00:00;Buy;0.35;archived;;;;2023.11.30 23:59:59;;;;-257.13;
2023.11.30 19:41:34;Balance;;Dividend;;;;;;;;16.37;
2023.11.29 17:44:12;Balance;;Dividend;;;;;;;;0.06;
2023.11.01 16:37:46;Balance;;Dividend;;;;;;;;0.01;
2023.10.01 00:00:00;Buy;8.38;archived;;;;2023.10.31 23:59:59;;;;-191.10;
2023.10.01 00:00:00;Buy;12.18;archived;;;;2023.10.31 23:59:59;;;;3 479.31;
2023.10.01 00:00:00;Buy;12.69;archived;;;;2023.10.31 23:59:59;;;;-55.47;
2023.08.10 15:41:07;Buy;0.01;AUDCAD;0.88100;;0.88300;2023.10.30 17:11:15;0.88300;;;1.44;[tp]
2023.10.05 09:11:00;Buy;0.01;AUDCAD;0.87300;;0.87500;2023.10.25 03:30:00;0.87500;;;1.45;[tp]
2023.09.01 00:00:00;Buy;4.60;archived;;;;2023.09.30 23:59:59;;;;3 270.40;
2023.09.01 00:00:00;Buy;20.40;archived;;;;2023.09.30 23:59:59;;;;-1 363.22;
2023.09.01 00:00:00;Buy;24.20;archived;;;;2023.09.30 23:59:59;;;;-212.00;
2023.09.04 14:09:44;Sell;0.60;EURUSD;1.08082;1.08813;1.07351;2023.09.05 14:18:36;1.07351;;;438.60;[tp]
2023.09.04 09:35:18;Buy;0.60;USDCHF;0.88425;0.87972;0.88878;2023.09.05 13:52:42;0.88878;;;305.81;[tp]
2023.09.04 15:01:37;Sell;0.60;GBPUSD;1.26279;1.26424;1.26134;2023.09.05 05:32:16;1.26134;;;87.00;[tp]
2023.09.04 11:04:21;Buy;0.60;USDJPY;146.409;146.132;146.686;2023.09.05 05:32:16;146.686;;;113.30;[tp]
2023.09.04 11:04:21;Sell;0.60;NZDUSD;0.59462;0.59610;0.59314;2023.09.05 04:16:03;0.59314;;;88.80;[tp]
2023.09.04 11:06:59;Sell;0.60;AUDUSD;0.64643;0.64805;0.64481;2023.09.05 04:05:37;0.64481;;;97.20;[tp]
2023.09.04 10:04:53;Sell;0.60;USDCAD;1.35902;1.36028;1.35776;2023.09.04 12:05:15;1.36028;;;-55.58;[sl]
2023.09.04 10:28:55;Buy;0.60;NZDUSD;0.59513;0.59446;0.59580;2023.09.04 10:49:20;0.59446;;;-40.20;[sl]
2023.09.04 10:00:32;Buy;0.60;AUDUSD;0.64737;0.64622;0.64852;2023.09.04 10:44:00;0.64622;;;-69.00;[sl]
2023.09.04 10:13:19;Buy;0.60;USDJPY;146.218;146.033;146.403;2023.09.04 10:42:53;146.403;;;75.82;[tp]
2023.09.01 22:03:00;Buy;0.60;GBPUSD;1.25962;1.25773;1.26340;2023.09.04 09:58:22;1.26155;;;115.80;
2023.09.01 22:10:09;Buy;0.60;AUDUSD;0.64518;0.64382;0.64790;2023.09.04 00:07:49;0.64382;;;-81.60;[sl]
2023.09.01 11:09:28;Buy;0.60;GBPUSD;1.26841;1.26398;1.27727;2023.09.01 17:01:08;1.26398;;;-265.80;[sl]
2023.08.30 18:04:00;Sell;0.60;AUDUSD;0.64946;0.65222;0.64394;2023.09.01 15:50:13;0.65222;;;-165.60;[sl]
2023.09.01 15:33:06;Sell;0.60;USDCAD;1.35250;1.35550;1.34756;2023.09.01 15:42:33;1.35550;;;-132.79;[sl]
2023.08.30 19:00:32;Sell;0.60;NZDUSD;0.59786;0.60066;0.59226;2023.09.01 15:32:28;0.60068;;;-169.20;[sl]
2023.09.01 12:41:58;Buy;0.60;USDCHF;0.88291;0.88145;0.88583;2023.09.01 15:31:02;0.88145;;;-99.38;[sl]
2023.09.01 11:05:45;Sell;0.60;USDJPY;145.421;145.629;145.005;2023.09.01 15:30:04;145.005;;;172.13;[tp]
2023.09.01 08:20:00;Sell;0.60;USDCHF;0.88341;0.88447;0.88129;2023.09.01 09:22:56;0.88447;;;-71.91;[sl]
2023.08.30 16:13:09;Buy;0.60;GBPUSD;1.27134;1.26497;1.28408;2023.09.01 09:22:35;1.26496;;;-382.80;[sl]
2023.08.31 21:44:06;Buy;0.60;EURUSD;1.08488;1.08349;1.08766;2023.09.01 09:22:18;1.08348;;;-84.00;[sl]
2023.08.01 00:00:00;Buy;68.60;archived;;;;2023.08.31 23:59:59;;;;-3 495.90;
2023.08.01 00:00:00;Buy;0.35;archived;;;;2023.08.31 23:59:59;;;;52.17;
2023.08.01 00:00:00;Buy;3.70;archived;;;;2023.08.31 23:59:59;;;;-17.90;
2023.08.31 16:55:48;Sell;0.60;USDCAD;1.35273;1.35495;1.34829;2023.08.31 18:02:11;1.35284;;;-4.88;
2023.08.31 15:18:38;Buy;0.60;USDCAD;1.35346;1.35205;1.35628;2023.08.31 16:36:35;1.35193;;;-67.90;[sl]
2023.08.31 10:01:47;Buy;0.60;USDJPY;145.938;145.754;146.306;2023.08.31 10:31:17;145.754;;;-75.74;[sl]
2023.08.30 13:00:18;Sell;0.60;USDJPY;146.335;146.576;145.853;2023.08.30 15:50:44;145.853;;;198.28;[tp]
2023.08.30 10:11:47;Sell;0.60;USDCAD;1.35676;1.35806;1.35416;2023.08.30 15:49:03;1.35416;;;115.20;[tp]
2023.08.30 12:21:36;Sell;0.60;AUDUSD;0.64675;0.64852;0.64321;2023.08.30 15:15:17;0.64852;;;-106.20;[sl]
2023.08.30 11:46:09;Buy;0.60;USDCHF;0.87977;0.87862;0.88207;2023.08.30 15:15:04;0.87862;;;-78.53;[sl]
2023.08.30 10:58:08;Sell;0.60;NZDUSD;0.59487;0.59645;0.59171;2023.08.30 14:40:41;0.59645;;;-94.80;[sl]
2023.08.30 10:17:39;Buy;0.60;GBPUSD;1.26308;1.26188;1.26548;2023.08.30 12:16:05;1.26548;;;144.00;[tp]
2023.08.29 12:00:51;Buy;0.60;USDCAD;1.36122;1.35981;1.36404;2023.08.29 17:26:53;1.35981;;;-62.21;[sl]
2023.08.29 11:11:36;Sell;0.60;AUDUSD;0.64358;0.64581;0.63918;2023.08.29 17:22:35;0.64581;;;-133.80;[sl]
2023.08.29 17:00:04;Buy;0.60;USDJPY;146.780;146.510;147.320;2023.08.29 17:04:42;146.510;;;-110.57;[sl]
2023.08.29 14:06:07;Sell;0.60;NZDUSD;0.59097;0.59354;0.58583;2023.08.29 17:04:28;0.59354;;;-154.20;[sl]
2023.08.29 14:02:06;Sell;0.60;GBPUSD;1.25901;1.26208;1.25287;2023.08.29 17:02:33;1.26208;;;-184.20;[sl]
2023.08.29 14:06:48;Buy;0.60;USDCHF;0.88535;0.88404;0.88797;2023.08.29 17:00:02;0.88404;;;-88.91;[sl]
2023.08.29 00:19:02;Sell;0.60;USDCHF;0.88340;0.88556;0.87908;2023.08.29 13:58:24;0.88556;;;-146.35;[sl]
2023.08.29 00:28:02;Buy;0.60;USDCAD;1.36057;1.35897;1.36377;2023.08.29 06:25:32;1.35897;;;-70.64;[sl]
2023.08.28 22:05:44;Buy;0.60;GBPUSD;1.26014;1.25934;1.26174;2023.08.29 03:11:34;1.26174;;;96.00;[tp]
2023.07.28 05:40:23;Buy;0.10;GBPAUD;1.91463;1.90576;;2023.08.16 10:17:20;1.97050;;;361.09;
2023.07.28 14:06:01;Buy;0.10;USDCHF;0.86929;0.86629;0.89502;2023.08.15 11:08:57;0.87697;;;87.57;
2023.07.28 15:30:29;Sell;0.10;NZDUSD;0.61803;0.62773;0.60542;2023.08.08 11:16:07;0.60542;;;126.10;[tp]
2023.07.27 10:40:49;Buy;0.10;GBPCAD;1.70902;1.68962;;2023.08.03 14:00:01;1.68962;;;-145.12;[sl]
2023.07.28 09:33:23;Sell;0.10;GBPUSD;1.27924;1.28917;1.26773;2023.08.03 11:41:55;1.26773;;;115.10;[tp]
2023.07.24 11:06:27;Buy;0.10;XTIUSD;76.72;78.90;;2023.08.02 19:29:04;78.90;;;218.00;[sl]
2023.07.24 10:57:16;Buy;0.10;XBRUSD;80.52;82.79;;2023.08.02 19:13:44;82.76;;;224.00;[sl]
2023.07.31 13:48:04;Sell;0.10;AUDUSD;0.67057;0.68251;;2023.08.02 09:19:11;0.65710;;;134.70;
2023.08.02 03:23:18;Balance;;Cashback;;;;;;;;1.00;
2023.07.25 09:57:11;Sell;0.10;BTCUSD;29 133.51;29 561.36;;2023.08.02 02:51:10;29 593.16;;;-45.97;[sl]
2023.07.19 20:30:42;Buy;0.10;EURNZD;1.78996;1.75247;;2023.08.01 08:49:38;1.77551;;;-89.44;
2023.07.27 11:53:41;Sell;0.10;XNGUSD;2.679;2.752;;2023.08.01 08:48:19;2.703;;;-24.00;
2023.08.01 03:20:54;Balance;;Cashback;;;;;;;;8.00;
2023.07.01 00:00:00;Buy;36.95;archived;;;;2023.07.31 23:59:59;;;;-1 297.90;
2023.07.01 00:00:00;Buy;0.99;archived;;;;2023.07.31 23:59:59;;;;149.85;
2023.07.27 13:03:03;Sell;0.10;AUDCHF;0.58164;0.58626;;2023.07.31 23:50:00;0.58626;;;-52.98;[sl]
2023.07.27 10:23:58;Sell;0.10;CADCHF;0.65178;0.66126;;2023.07.31 19:38:49;0.66126;;;-108.90;[sl]
2023.07.26 14:51:14;Buy;0.10;USDCAD;1.32226;1.31577;;2023.07.31 18:17:41;1.31572;;;-49.71;[sl]
2023.07.28 09:42:05;Sell;0.10;CHFJPY;160.414;163.823;;2023.07.31 17:00:50;163.823;;;-239.53;[sl]
2023.07.26 10:46:52;Sell;0.10;EURJPY;155.757;156.929;;2023.07.31 11:38:59;156.929;;;-82.27;[sl]
2023.07.27 20:04:21;Sell;0.10;AUDJPY;94.750;95.147;;2023.07.31 09:53:20;95.147;;;-27.93;[sl]
2023.07.27 13:03:03;Sell;0.10;NZDCHF;0.53420;0.54115;;2023.07.31 09:09:26;0.54033;;;-70.32;
2023.07.27 07:02:51;Sell;0.10;CADJPY;106.162;107.701;;2023.07.31 09:07:34;107.098;;;-65.99;
2023.07.27 20:06:02;Sell;0.10;NZDJPY;87.023;88.016;;2023.07.31 09:06:54;87.924;;;-63.53;
2023.07.28 09:46:54;Sell;0.10;GBPJPY;178.428;182.569;;2023.07.31 09:06:43;182.268;;;-270.77;
2023.07.27 07:40:11;Sell;0.10;USDJPY;139.919;141.783;;2023.07.31 06:49:04;141.783;;;-131.47;[sl]
2023.07.27 07:00:20;Sell;0.10;CNHJPY;19.611;19.788;;2023.07.31 01:00:24;19.788;;;-12.54;[sl]
2023.07.29 03:19:11;Balance;;Cashback;;;;;;;;2.00;
2023.07.21 15:15:59;Sell;0.10;EURCHF;0.96276;0.95654;;2023.07.28 10:00:02;0.95657;;;71.07;[sl]
2023.07.26 10:12:58;Buy;0.10;NZDUSD;0.62201;0.61560;;2023.07.28 06:28:21;0.61560;;;-64.10;[sl]
2023.07.27 16:43:14;Buy;0.10;NZDCAD;0.81994;0.81462;;2023.07.28 06:28:20;0.81462;;;-40.23;[sl]
2023.07.28 03:21:11;Balance;;Cashback;;;;;;;;2.00;
2023.07.20 09:59:06;Buy;0.10;AUDNZD;1.08580;1.08380;;2023.07.28 00:11:05;1.08380;;;-12.35;[sl]
2023.07.26 10:45:39;Buy;0.10;GBPUSD;1.29006;1.28092;;2023.07.27 21:38:30;1.28092;;;-91.40;[sl]
2023.07.27 13:03:50;Buy;0.10;CHFJPY;163.722;161.293;;2023.07.27 20:06:29;161.293;;;-173.73;[sl]
2023.07.27 09:16:54;Buy;0.10;AUDUSD;0.67904;0.67244;;2023.07.27 17:40:35;0.67244;;;-66.00;[sl]
2023.07.27 15:42:13;Buy;0.10;XAGUSD;24.925;24.288;;2023.07.27 16:38:02;24.288;;;-318.50;[sl]
2023.07.21 10:40:17;Buy;0.10;USDCHF;0.86669;0.85625;;2023.07.27 11:28:23;0.85624;;;-122.05;[sl]
2023.07.27 03:19:19;Balance;;Cashback;;;;;;;;4.00;
2023.07.25 12:57:31;Buy;0.10;NZDJPY;87.728;87.039;;2023.07.26 15:46:15;87.039;;;-49.13;[sl]
2023.07.25 05:22:03;Buy;0.10;AUDCHF;0.58725;0.58135;;2023.07.26 15:46:07;0.58135;;;-68.37;[sl]
2023.07.24 16:15:05;Buy;0.10;AUDJPY;94.927;94.857;;2023.07.26 12:12:09;94.857;;;-4.99;[sl]
2023.07.21 10:57:15;Buy;0.10;CADCHF;0.65787;0.65315;;2023.07.26 11:43:48;0.65315;;;-54.74;[sl]
2023.07.26 03:19:40;Balance;;Cashback;;;;;;;;1.00;
2023.07.24 10:30:32;Sell;0.10;AUDUSD;0.67293;0.67917;;2023.07.25 18:42:45;0.67919;;;-62.60;[sl]
2023.07.18 10:50:45;Buy;0.10;EURGBP;0.85964;0.86028;;2023.07.25 11:00:30;0.86028;;;8.22;[sl]
2023.07.18 15:30:21;Sell;0.10;NZDJPY;86.702;88.021;;2023.07.25 09:33:17;87.983;;;-90.53;
2023.07.25 03:19:15;Balance;;Cashback;;;;;;;;4.00;
2023.07.18 11:04:39;Sell;0.10;BTCUSD;29 904.75;30 465.78;;2023.07.24 10:15:37;29 760.26;;;14.45;
2023.07.21 23:32:44;Sell;0.10;GBPAUD;1.91094;1.93637;;2023.07.24 10:13:22;1.91214;;;-8.08;
2023.07.20 09:09:48;Sell;0.10;AUDCHF;0.58398;0.59247;;2023.07.24 10:10:45;0.58319;;;9.12;
2023.07.20 20:05:47;Buy;0.10;CHFJPY;161.830;160.564;;2023.07.24 10:08:41;163.402;;;111.19;
2023.07.20 08:39:48;Buy;0.10;CADJPY;106.084;104.244;;2023.07.24 10:08:33;107.086;;;70.86;
2023.07.19 14:12:20;Sell;0.10;USDCAD;1.31846;1.32933;;2023.07.24 10:03:45;1.32082;;;-17.87;
2023.07.19 05:06:54;Buy;0.10;AUDUSD;0.67873;0.66779;;2023.07.24 10:02:32;0.67369;;;-50.40;
2023.07.10 18:51:39;Buy;0.10;NZDUSD;0.62074;0.61822;;2023.07.21 16:46:57;0.61822;;;-25.20;[sl]
2023.07.17 16:24:05;Sell;0.10;GBPJPY;181.747;182.186;;2023.07.21 11:05:39;182.189;;;-31.23;[sl]
2023.07.21 03:18:49;Balance;;Cashback;;;;;;;;1.00;
2023.07.10 15:01:34;Sell;0.10;USDJPY;142.081;140.388;;2023.07.20 18:07:27;140.388;;;120.59;[sl]
2023.07.10 12:11:53;Sell;0.10;USDCHF;0.88897;0.86374;;2023.07.20 17:09:13;0.86374;;;292.10;[sl]
2023.07.17 16:51:20;Sell;0.10;AUDJPY;94.714;95.422;;2023.07.20 13:35:49;95.422;;;-50.79;[sl]
2023.07.20 03:18:37;Balance;;Cashback;;;;;;;;2.00;
2023.07.10 18:58:20;Buy;0.10;GBPUSD;1.28371;1.29039;;2023.07.19 14:56:30;1.29039;;;66.80;[sl]
2023.07.18 00:07:08;Sell;0.10;EURJPY;155.832;156.710;;2023.07.19 11:49:15;156.710;;;-62.88;[sl]
2023.07.13 08:59:20;Sell;0.10;USDCAD;1.31846;1.32377;;2023.07.18 16:26:14;1.32377;;;-40.11;[sl]
2023.07.18 03:17:41;Balance;;Cashback;;;;;;;;4.00;
2023.07.15 03:17:13;Balance;;Cashback;;;;;;;;10.00;
2023.07.14 08:39:03;Buy;0.10;BTCUSD;31 363.64;29 928.10;;2023.07.14 22:03:51;29 925.24;;;-143.84;[sl]
2023.07.14 03:18:50;Balance;;Cashback;;;;;;;;12.00;
2023.07.13 03:19:40;Balance;;Cashback;;;;;;;;10.00;
2023.07.07 19:41:59;Sell;0.60;USDCAD;1.32749;1.33742;1.31756;2023.07.12 17:00:00;1.31756;;;452.20;[tp]
2023.07.06 07:04:50;Sell;0.60;AUDUSD;0.66412;0.67072;0.65752;2023.07.12 03:32:05;0.67072;;;-396.00;[sl]
2023.07.12 03:19:05;Balance;;Cashback;;;;;;;;10.00;
2023.07.11 03:18:43;Balance;;Cashback;;;;;;;;7.00;
2023.06.28 17:54:04;Sell;0.60;EURUSD;1.09017;1.09787;1.08247;2023.07.10 17:08:08;1.09787;;;-462.00;[sl]
2023.07.09 23:32:48;Sell;0.60;BTCUSD;30 136.94;31 589.17;;2023.07.10 08:16:08;30 140.16;;;-1.93;
2023.07.08 03:18:14;Balance;;Cashback;;;;;;;;6.00;
2023.07.07 03:19:04;Balance;;Cashback;;;;;;;;13.00;
2023.07.06 14:08:51;Sell;0.60;USDCHF;0.89567;0.89967;0.89167;2023.07.06 17:37:32;0.89967;;;-266.76;[sl]
2023.06.19 21:01:36;Buy;0.50;BTCUSD;26 747.06;30 158.83;;2023.07.06 17:10:34;30 156.42;;;1 704.68;[sl]
2023.07.06 09:56:51;Buy;0.60;NZDUSD;0.62107;0.61752;0.62462;2023.07.06 15:32:41;0.61752;;;-213.00;[sl]
2023.06.30 15:30:24;Buy;0.60;GBPUSD;1.26686;1.25910;1.27462;2023.07.06 13:20:02;1.27462;;;465.60;[tp]
2023.07.06 03:17:55;Balance;;Cashback;;;;;;;;10.00;
2023.07.05 09:14:38;Buy;0.60;USDJPY;144.720;144.204;145.236;2023.07.05 12:40:56;144.200;;;-216.37;[sl]
2023.07.04 10:10:23;Sell;0.60;USDCAD;1.32299;1.32753;1.31845;2023.07.05 12:02:07;1.32753;;;-205.19;[sl]
2023.07.05 03:17:11;Balance;;Cashback;;;;;;;;6.00;
2023.07.04 03:19:28;Balance;;Cashback;;;;;;;;17.00;
2023.06.30 15:41:22;Buy;0.60;NZDUSD;0.61059;0.60501;0.61617;2023.07.03 17:00:02;0.61617;;;334.80;[tp]
2023.07.01 03:18:33;Balance;;Cashback;;;;;;;;20.00;
2023.06.01 00:00:00;Buy;56.85;archived;;;;2023.06.30 23:59:59;;;;-2 528.87;
2023.06.01 00:00:00;Buy;83.92;archived;;;;2023.06.30 23:59:59;;;;-7 240.33;
2023.06.01 00:00:00;Buy;0.77;archived;;;;2023.06.30 23:59:59;;;;113.43;
2023.06.26 12:51:00;Sell;0.75;USDCHF;0.89425;0.90152;0.88698;2023.06.30 11:34:12;0.90152;;;-604.81;[sl]
2023.06.30 03:18:37;Balance;;Cashback;;;;;;;;12.00;
2023.06.29 03:19:11;Balance;;Cashback;;;;;;;;25.00;
2023.06.27 11:17:23;Buy;0.75;USDJPY;143.733;142.933;144.533;2023.06.28 17:09:17;144.533;;;415.13;[tp]
2023.06.28 12:54:04;Sell;0.60;GBPUSD;1.26996;1.27614;1.26378;2023.06.28 15:35:53;1.26378;;;370.80;[tp]
2023.06.28 04:30:03;Sell;0.75;NZDUSD;0.61376;0.61810;0.60942;2023.06.28 11:13:46;0.60942;;;325.50;[tp]
2023.06.27 16:47:26;Buy;0.75;USDCAD;1.31831;1.31358;1.32304;2023.06.28 09:43:02;1.32304;;;268.13;[tp]
2023.06.27 11:13:43;Buy;0.75;AUDUSD;0.66957;0.66673;0.67241;2023.06.28 03:52:32;0.66673;;;-213.00;[sl]
2023.06.28 03:19:15;Balance;;Cashback;;;;;;;;12.00;
2023.06.27 08:18:01;Buy;0.75;NZDUSD;0.61944;0.61168;0.62720;2023.06.27 09:35:53;0.61951;;;5.25;
2023.06.27 03:17:14;Balance;;Cashback;;;;;;;;6.00;
2023.06.21 16:26:02;Sell;0.20;USDCAD;1.32053;1.32716;1.31390;2023.06.26 15:15:07;1.31390;;;100.92;[tp]
2023.06.24 03:19:29;Balance;;Cashback;;;;;;;;6.00;
2023.06.23 04:40:22;Sell;0.30;AUDUSD;0.67406;0.68064;0.66748;2023.06.23 15:32:05;0.66748;;;197.40;[tp]
2023.06.21 21:00:22;Buy;0.20;NZDUSD;0.62096;0.61333;0.62859;2023.06.23 11:50:37;0.61333;;;-152.60;[sl]
2023.06.21 17:35:50;Sell;0.30;USDCHF;0.89506;0.90031;0.88981;2023.06.23 10:18:02;0.90031;;;-174.94;[sl]
2023.06.22 16:00:01;Buy;0.10;USDJPY;142.268;141.214;143.322;2023.06.23 08:37:06;143.322;;;73.54;[tp]
2023.06.23 03:19:09;Balance;;Cashback;;;;;;;;21.00;
2023.06.21 17:30:02;Buy;0.30;EURUSD;1.09480;1.08920;1.10040;2023.06.22 13:04:10;1.10040;;;168.00;[tp]
2023.06.22 03:20:47;Balance;;Cashback;;;;;;;;13.00;
2023.06.20 12:08:18;Sell;0.30;USDJPY;141.438;142.020;140.856;2023.06.21 09:30:04;142.020;;;-122.94;[sl]
2023.06.21 03:20:36;Balance;;Cashback;;;;;;;;17.00;
2023.06.19 12:57:55;Sell;0.40;NZDUSD;0.62099;0.62515;0.61683;2023.06.20 08:18:51;0.61683;;;166.40;[tp]
2023.06.20 03:17:58;Balance;;Cashback;;;;;;;;15.00;
2023.06.17 03:18:05;Balance;;Cashback;;;;;;;;16.00;
2023.06.13 21:22:05;Buy;0.10;USDJPY;140.225;138.806;141.644;2023.06.16 18:22:06;141.644;;;100.18;[tp]
2023.06.13 08:05:12;Buy;0.40;EURUSD;1.07870;1.07425;;2023.06.16 08:22:49;1.09411;;;616.40;
2023.06.13 15:30:26;Buy;0.10;GBPUSD;1.26011;1.24868;;2023.06.16 08:22:43;1.27819;;;180.80;
2023.06.14 15:14:42;Sell;0.20;USDCHF;0.90155;0.91111;;2023.06.16 08:22:41;0.89213;;;211.18;
2023.06.16 03:20:09;Balance;;Cashback;;;;;;;;4.00;
2023.06.15 03:19:21;Balance;;Cashback;;;;;;;;31.00;
2023.06.13 11:45:16;Buy;0.30;BTCUSD;26 240.16;25 619.93;;2023.06.14 23:05:13;25 618.84;;;-186.40;[sl]
2023.06.14 03:20:08;Balance;;Cashback;;;;;;;;22.00;
2023.06.12 17:29:32;Buy;0.30;USDCAD;1.33732;1.33130;;2023.06.13 16:06:55;1.33130;;;-135.66;[sl]
2023.06.13 03:17:32;Balance;;Cashback;;;;;;;;15.00;
2023.06.12 05:07:38;Sell;0.30;USDCHF;0.90430;0.91091;;2023.06.12 19:34:59;0.91091;;;-217.69;[sl]
2023.06.10 07:22:43;Sell;0.20;BTCUSD;26 112.13;26 818.34;25 405.92;2023.06.10 20:03:23;25 405.92;;;141.24;[tp]
2023.06.10 03:17:46;Balance;;Cashback;;;;;;;;28.00;
2023.06.09 03:19:05;Balance;;Cashback;;;;;;;;34.00;
2023.06.08 03:19:50;Balance;;Cashback;;;;;;;;24.00;
2023.05.12 19:47:51;Buy;0.05;USDCAD;1.35600;1.33707;1.39386;2023.06.07 17:00:02;1.33353;;;-84.25;[sl]
2023.05.12 19:47:51;Buy;0.05;USDCAD;1.35600;1.33707;1.37493;2023.06.07 17:00:02;1.33632;;;-73.64;[sl]
2023.06.06 15:23:12;Sell;0.30;EURUSD;1.06744;1.07284;;2023.06.07 16:38:01;1.07287;;;-162.90;[sl]
2023.06.06 15:23:12;Sell;0.30;EURUSD;1.06744;1.07284;1.06204;2023.06.07 16:38:01;1.07287;;;-162.90;[sl]
2023.06.07 03:19:35;Balance;;Cashback;;;;;;;;29.00;
2023.06.06 03:20:10;Balance;;Cashback;;;;;;;;10.00;
2023.05.14 18:06:08;Buy;0.10;BTCUSD;27 154.26;25 749.83;;2023.06.05 19:03:15;25 743.24;;;-141.10;[sl]
2023.05.14 18:06:08;Buy;0.10;BTCUSD;27 154.26;25 749.83;28 508.25;2023.06.05 19:03:15;25 743.24;;;-141.10;[sl]
2023.06.03 03:19:45;Balance;;Cashback;;;;;;;;3.00;
2023.06.02 03:20:35;Balance;;Cashback;;;;;;;;4.00;
2023.05.10 17:51:04;Sell;0.10;EURUSD;1.09666;1.07485;;2023.06.01 18:36:21;1.07485;;;218.10;[sl]
2023.05.17 08:38:45;Sell;0.20;AUDUSD;0.66393;0.65631;;2023.06.01 18:05:49;0.65631;;;152.40;[sl]
2023.05.24 17:17:44;Buy;0.20;USDJPY;138.925;138.925;;2023.06.01 16:32:47;138.922;;;-0.43;[sl]
2023.06.01 03:20:41;Balance;;Cashback;;;;;;;;10.00;
2023.05.01 00:00:00;Buy;2.00;archived;;;;2023.05.31 23:59:59;;;;151.65;
2023.05.01 00:00:00;Buy;4.30;archived;;;;2023.05.31 23:59:59;;;;802.10;
2023.05.01 00:00:00;Buy;4.80;archived;;;;2023.05.31 23:59:59;;;;154.39;
2023.05.01 00:00:00;Buy;7.10;archived;;;;2023.05.31 23:59:59;;;;34.83;
2023.05.01 00:00:00;Buy;5.20;archived;;;;2023.05.31 23:59:59;;;;-523.30;
2023.05.01 00:00:00;Buy;86.39;archived;;;;2023.05.31 23:59:59;;;;-2 270.98;
2023.05.01 00:00:00;Buy;2.00;archived;;;;2023.05.31 23:59:59;;;;86.70;
2023.05.01 00:00:00;Buy;3.20;archived;;;;2023.05.31 23:59:59;;;;-538.50;
2023.05.01 00:00:00;Buy;0.64;archived;;;;2023.05.31 23:59:59;;;;94.75;
2023.05.30 03:18:36;Balance;;Cashback;;;;;;;;4.00;
2023.05.27 03:18:44;Balance;;Cashback;;;;;;;;16.00;
2023.05.26 03:20:12;Balance;;Cashback;;;;;;;;10.00;
2023.05.25 03:19:47;Balance;;Cashback;;;;;;;;6.00;
2023.05.24 03:19:28;Balance;;Cashback;;;;;;;;16.00;
2023.05.23 03:19:36;Balance;;Cashback;;;;;;;;9.00;
2023.05.20 03:19:16;Balance;;Cashback;;;;;;;;9.00;
2023.05.19 03:19:39;Balance;;Cashback;;;;;;;;12.00;
2023.05.18 03:20:12;Balance;;Cashback;;;;;;;;18.00;
2023.05.17 03:20:23;Balance;;Cashback;;;;;;;;11.00;
2023.05.16 03:18:40;Balance;;Cashback;;;;;;;;13.00;
2023.05.13 03:18:50;Balance;;Cashback;;;;;;;;29.00;
2023.05.12 03:20:30;Balance;;Cashback;;;;;;;;13.00;
2023.05.11 03:21:46;Balance;;Cashback;;;;;;;;21.00;
2023.05.10 03:21:02;Balance;;Cashback;;;;;;;;1.00;
2023.05.06 03:17:00;Balance;;Cashback;;;;;;;;3.00;
2023.05.05 05:01:01;Buy;0.10;BTCUSD;29 428.96;28 658.83;30 908.56;2023.05.05 15:30:45;28 621.84;;;-80.71;[sl]
2023.05.05 05:01:01;Buy;0.10;BTCUSD;29 428.96;28 658.83;30 158.65;2023.05.05 15:30:45;28 621.84;;;-80.71;[sl]
2023.05.05 05:01:01;Buy;0.10;BTCUSD;29 428.96;28 658.83;31 658.47;2023.05.05 15:30:44;28 621.84;;;-80.71;[sl]
2023.05.05 03:18:16;Balance;;Cashback;;;;;;;;9.00;
2023.05.04 03:22:46;Balance;;Cashback;;;;;;;;12.00;
2023.05.03 03:22:33;Balance;;Cashback;;;;;;;;17.00;
2023.05.02 03:20:54;Balance;;Cashback;;;;;;;;14.00;
2023.04.01 00:00:00;Buy;13.50;archived;;;;2023.04.30 23:59:59;;;;9.20;
2023.04.01 00:00:00;Buy;30.30;archived;;;;2023.04.30 23:59:59;;;;158.20;
2023.04.01 00:00:00;Buy;15.12;archived;;;;2023.04.30 23:59:59;;;;-59.14;
2023.04.01 00:00:00;Buy;10.00;archived;;;;2023.04.30 23:59:59;;;;5.40;
2023.04.01 00:00:00;Buy;60.40;archived;;;;2023.04.30 23:59:59;;;;337.50;
2023.04.01 00:00:00;Buy;14.50;archived;;;;2023.04.30 23:59:59;;;;-1 198.09;
2023.04.01 00:00:00;Buy;10.80;archived;;;;2023.04.30 23:59:59;;;;-575.00;
2023.04.01 00:00:00;Buy;14.00;archived;;;;2023.04.30 23:59:59;;;;-684.95;
2023.04.01 00:00:00;Buy;0.68;archived;;;;2023.04.30 23:59:59;;;;101.02;
2023.04.29 03:20:04;Balance;;Cashback;;;;;;;;10.00;
2023.04.27 23:19:09;Buy;0.30;USDCAD;1.35911;1.35911;1.37243;2023.04.28 17:23:32;1.35911;;;0.00;[sl]
2023.04.27 23:19:09;Buy;0.30;USDCAD;1.35911;1.35245;1.36577;2023.04.28 11:22:01;1.36577;;;146.29;[tp]
2023.04.28 03:21:21;Balance;;Cashback;;;;;;;;7.00;
2023.04.26 15:21:54;Sell;0.80;NZDUSD;0.61277;0.61516;0.60799;2023.04.27 08:30:00;0.61516;;;-191.20;[sl]
2023.04.26 15:21:54;Sell;0.80;NZDUSD;0.61277;0.61516;0.61038;2023.04.27 08:30:00;0.61516;;;-191.20;[sl]
2023.04.27 03:22:41;Balance;;Cashback;;;;;;;;11.00;
2023.04.26 03:22:29;Balance;;Cashback;;;;;;;;25.00;
2023.04.25 14:44:28;Sell;1.30;CHFJPY;150.919;151.070;150.617;2023.04.25 14:56:21;151.070;;;-146.30;[sl]
2023.04.25 14:41:51;Sell;1.30;CHFJPY;150.919;151.070;150.768;2023.04.25 14:56:21;151.070;;;-146.30;[sl]
2023.04.25 03:20:55;Balance;;Cashback;;;;;;;;20.00;
2023.04.18 06:13:39;Buy;0.20;CHFJPY;149.848;148.365;151.331;2023.04.24 13:25:06;151.331;;;220.31;[tp]
2023.04.22 03:19:24;Balance;;Cashback;;;;;;;;5.00;
2023.04.20 03:19:12;Buy;0.70;AUDNZD;1.08735;1.08191;1.09291;2023.04.21 15:13:56;1.09291;;;238.50;[tp]
2023.04.20 09:44:04;Buy;0.40;EURJPY;147.480;146.661;148.609;2023.04.21 07:11:46;146.661;;;-244.87;[sl]
2023.04.19 03:18:49;Balance;;Cashback;;;;;;;;2.00;
2023.04.18 03:19:27;Balance;;Cashback;;;;;;;;37.00;
2023.04.17 11:49:34;Sell;2.60;NZDCHF;0.55442;0.55595;0.55289;2023.04.17 22:57:09;0.55595;;;-442.70;[sl]
2023.04.17 10:44:05;Buy;1.20;EURNZD;1.77238;1.76911;1.77666;2023.04.17 16:55:14;1.76911;;;-242.50;[sl]
2023.04.12 16:13:37;Buy;0.30;NZDUSD;0.62337;0.61785;0.63245;2023.04.17 15:46:24;0.61785;;;-165.60;[sl]
2023.04.17 10:38:00;Buy;1.60;NZDJPY;83.155;82.916;83.435;2023.04.17 14:58:03;82.916;;;-285.85;[sl]
2023.04.15 03:19:06;Balance;;Cashback;;;;;;;;6.00;
2023.04.12 16:32:11;Buy;0.10;EURCAD;1.47861;1.47008;1.48944;2023.04.14 15:35:01;1.47008;;;-63.99;[sl]
2023.04.14 03:19:55;Balance;;Cashback;;;;;;;;5.00;
2023.04.12 15:30:45;Buy;0.40;AUDJPY;89.348;88.876;90.163;2023.04.13 21:21:00;90.163;;;245.63;[tp]
2023.04.13 06:11:48;Buy;0.20;EURGBP;0.87995;0.87824;0.88283;2023.04.13 16:44:01;0.88283;;;72.20;[tp]
2023.04.12 17:31:40;Buy;0.30;EURAUD;1.64192;1.63677;1.65034;2023.04.13 04:56:52;1.63677;;;-103.81;[sl]
2023.04.13 03:20:07;Balance;;Cashback;;;;;;;;19.00;
2023.04.12 15:28:15;Buy;0.40;CHFJPY;148.452;148.002;;2023.04.12 15:30:03;147.613;;;-251.72;[sl]
2023.04.12 10:50:58;Buy;2.80;USDCAD;1.34678;1.34617;1.34749;2023.04.12 11:08:06;1.34617;;;-126.88;[sl]
2023.04.12 03:18:22;Balance;;Cashback;;;;;;;;28.00;
2023.04.11 10:49:00;Buy;1.60;EURJPY;145.143;145.020;;2023.04.11 11:39:32;145.020;;;-147.85;[sl]
2023.04.11 10:14:12;Buy;1.69;EURGBP;0.87689;0.87630;0.87841;2023.04.11 11:30:35;0.87630;;;-124.06;[sl]
2023.04.11 03:19:51;Balance;;Cashback;;;;;;;;31.00;
2023.04.10 16:00:15;Buy;2.17;EURCHF;0.98756;0.98710;0.98848;2023.04.10 17:00:02;0.98710;;;-109.59;[sl]
2023.04.10 16:00:15;Buy;2.17;EURCHF;0.98756;0.98710;;2023.04.10 17:00:01;0.98710;;;-109.59;[sl]
2023.04.10 14:55:53;Buy;1.80;EURAUD;1.63597;1.63489;1.63813;2023.04.10 15:06:06;1.63489;;;-129.36;[sl]
2023.04.10 14:55:53;Buy;1.80;EURAUD;1.63597;1.63489;;2023.04.10 15:06:06;1.63489;;;-129.36;[sl]
2023.04.08 03:14:38;Balance;;Cashback;;;;;;;;48.00;
2023.04.07 09:54:27;Buy;4.80;GBPAUD;1.86222;1.86139;;2023.04.07 10:02:12;1.86139;;;-266.16;[sl]
2023.04.07 03:17:53;Balance;;Cashback;;;;;;;;23.00;
2023.04.06 16:04:42;Buy;1.00;EURJPY;143.448;143.743;;2023.04.06 17:42:55;143.743;;;223.95;[sl]
2023.04.06 03:18:59;Balance;;Cashback;;;;;;;;27.00;
2023.04.05 16:22:35;Buy;0.60;NZDUSD;0.63175;0.62850;;2023.04.06 00:05:20;0.62850;;;-195.00;[sl]
2023.04.05 03:20:32;Balance;;Cashback;;;;;;;;28.00;
2023.04.04 10:25:14;Buy;1.60;USDCAD;1.34304;1.34181;;2023.04.04 11:13:31;1.34181;;;-146.67;[sl]
2023.04.04 08:54:01;Buy;2.80;USDCAD;1.34375;1.34304;;2023.04.04 09:01:25;1.34389;;;29.17;
2023.04.04 03:19:53;Balance;;Cashback;;;;;;;;38.00;
2023.04.01 03:18:27;Balance;;Cashback;;;;;;;;14.00;
2023.03.01 00:00:00;Buy;4.20;archived;;;;2023.03.31 23:59:59;;;;-597.94;
2023.03.01 00:00:00;Buy;0.57;archived;;;;2023.03.31 23:59:59;;;;-184.56;
2023.03.01 00:00:00;Buy;0.60;archived;;;;2023.03.31 23:59:59;;;;-161.64;
2023.03.01 00:00:00;Buy;1.20;archived;;;;2023.03.31 23:59:59;;;;367.87;
2023.03.01 00:00:00;Buy;0.60;archived;;;;2023.03.31 23:59:59;;;;-12.88;
2023.03.01 00:00:00;Buy;14.20;archived;;;;2023.03.31 23:59:59;;;;-738.43;
2023.03.01 00:00:00;Buy;2.71;archived;;;;2023.03.31 23:59:59;;;;351.74;
2023.03.01 00:00:00;Buy;2.99;archived;;;;2023.03.31 23:59:59;;;;-624.20;
2023.03.01 00:00:00;Buy;2.93;archived;;;;2023.03.31 23:59:59;;;;207.07;
2023.03.01 00:00:00;Buy;23.15;archived;;;;2023.03.31 23:59:59;;;;-896.51;
2023.03.01 00:00:00;Buy;2.10;archived;;;;2023.03.31 23:59:59;;;;763.46;
2023.03.31 03:18:55;Balance;;Cashback;;;;;;;;23.00;
2023.03.30 10:46:02;Buy;1.50;GBPAUD;1.83999;1.84275;;2023.03.30 13:19:30;1.84275;;;277.34;[sl]
2023.03.24 15:29:11;Buy;0.60;AUDNZD;1.07076;1.06763;;2023.03.30 03:58:28;1.07444;;;137.19;
2023.03.30 03:18:30;Balance;;Cashback;;;;;;;;23.00;
2023.03.29 03:18:44;Balance;;Cashback;;;;;;;;3.00;
2023.03.28 09:12:46;Buy;0.50;AUDJPY;87.560;87.165;;2023.03.28 15:38:14;87.165;;;-151.42;[sl]
2023.03.28 03:18:14;Balance;;Cashback;;;;;;;;7.00;
2023.03.25 03:18:19;Balance;;Cashback;;;;;;;;5.00;
2023.03.24 03:20:23;Balance;;Cashback;;;;;;;;3.00;
2023.03.22 03:20:10;Balance;;Cashback;;;;;;;;3.00;
2023.03.21 03:20:11;Balance;;Cashback;;;;;;;;3.00;
2023.03.18 03:19:13;Balance;;Cashback;;;;;;;;3.00;
2023.03.16 03:20:48;Balance;;Cashback;;;;;;;;1.00;
2023.03.15 03:19:23;Balance;;Cashback;;;;;;;;1.00;
2023.03.14 03:21:17;Balance;;Cashback;;;;;;;;6.00;
2023.03.11 03:19:44;Balance;;Cashback;;;;;;;;3.00;
2023.03.08 09:57:08;Buy;0.20;AUDNZD;1.07972;1.07719;1.09794;2023.03.10 04:16:38;1.07719;;;-30.89;[sl]
2023.03.08 09:57:08;Buy;0.20;AUDNZD;1.07972;1.07719;1.09243;2023.03.10 04:16:38;1.07719;;;-30.89;[sl]
2023.03.08 09:57:08;Buy;0.20;AUDNZD;1.07972;1.07719;1.08523;2023.03.10 04:16:38;1.07719;;;-30.89;[sl]
2023.03.10 03:19:10;Balance;;Cashback;;;;;;;;7.00;
2023.03.09 03:18:03;Balance;;Cashback;;;;;;;;30.00;
2023.03.08 10:51:33;Sell;0.10;GBPAUD;1.79399;1.79787;1.78550;2023.03.08 20:57:47;1.79787;;;-25.55;[sl]
2023.03.08 10:51:33;Sell;0.10;GBPAUD;1.79399;1.79787;1.77547;2023.03.08 20:57:47;1.79787;;;-25.55;[sl]
2023.03.08 10:51:33;Sell;0.10;GBPAUD;1.79399;1.79787;1.76698;2023.03.08 20:57:47;1.79787;;;-25.55;[sl]
2023.03.08 12:14:50;Sell;0.10;EURAUD;1.59664;1.60128;1.56914;2023.03.08 20:47:22;1.60128;;;-30.55;[sl]
2023.03.08 12:14:50;Sell;0.10;EURAUD;1.59664;1.60128;1.57661;2023.03.08 20:47:22;1.60128;;;-30.55;[sl]
2023.03.08 12:14:50;Sell;0.10;EURAUD;1.59664;1.60128;1.58917;2023.03.08 20:47:22;1.60128;;;-30.55;[sl]
2023.03.08 13:36:27;Buy;0.20;AUDCHF;0.62245;0.62065;0.63354;2023.03.08 18:31:15;0.62065;;;-38.30;[sl]
2023.03.08 13:36:22;Buy;0.20;AUDCHF;0.62245;0.62065;0.63064;2023.03.08 18:31:15;0.62065;;;-38.30;[sl]
2023.03.08 13:36:22;Buy;0.20;AUDCHF;0.62245;0.62065;0.62535;2023.03.08 18:31:15;0.62065;;;-38.30;[sl]
2023.03.08 16:32:06;Sell;0.20;NZDCAD;0.84330;0.84573;0.83497;2023.03.08 17:25:26;0.84625;;;-42.83;[sl]
2023.03.08 16:32:06;Sell;0.20;NZDCAD;0.84330;0.84573;0.83775;2023.03.08 17:25:26;0.84625;;;-42.83;[sl]
2023.03.08 16:32:06;Sell;0.20;NZDCAD;0.84330;0.84573;0.84052;2023.03.08 17:25:26;0.84625;;;-42.83;[sl]
2023.03.08 13:56:56;Buy;0.40;NZDJPY;83.949;83.845;84.252;2023.03.08 15:30:01;83.845;;;-30.34;[sl]
2023.03.08 13:56:56;Buy;0.40;NZDJPY;83.949;83.845;84.791;2023.03.08 15:30:01;83.845;;;-30.34;[sl]
2023.03.08 13:56:56;Buy;0.40;NZDJPY;83.949;83.845;85.094;2023.03.08 15:30:01;83.845;;;-30.34;[sl]
2023.03.08 09:56:09;Buy;0.10;AUDJPY;90.745;90.456;92.807;2023.03.08 15:29:36;90.456;;;-21.08;[sl]
2023.03.08 09:56:09;Buy;0.10;AUDJPY;90.745;90.456;91.281;2023.03.08 15:29:36;90.454;;;-21.22;[sl]
2023.03.08 09:56:09;Buy;0.10;AUDJPY;90.745;90.456;92.271;2023.03.08 15:29:35;90.456;;;-21.08;[sl]
2023.03.08 03:20:07;Balance;;Cashback;;;;;;;;19.00;
2023.03.07 16:31:42;Sell;0.10;GBPCAD;1.63647;1.63646;1.62662;2023.03.07 21:46:49;1.62662;;;71.62;[tp]
2023.03.07 13:28:09;Buy;0.10;USDCHF;0.93268;0.93269;0.94188;2023.03.07 21:24:00;0.94188;;;97.68;[tp]
2023.03.07 20:01:59;Buy;0.30;EURCHF;0.99433;0.99275;1.00066;2023.03.07 20:32:10;0.99275;;;-50.43;[sl]
2023.03.07 20:01:59;Buy;0.30;EURCHF;0.99433;0.99275;0.99864;2023.03.07 20:32:10;0.99275;;;-50.43;[sl]
2023.03.07 20:01:59;Buy;0.30;EURCHF;0.99433;0.99275;0.99635;2023.03.07 20:32:10;0.99275;;;-50.43;[sl]
2023.03.07 16:31:42;Sell;0.10;GBPCAD;1.63647;1.63646;1.62976;2023.03.07 17:52:58;1.62976;;;48.88;[tp]
2023.03.07 13:28:09;Buy;0.10;USDCHF;0.93268;0.93269;0.93958;2023.03.07 17:09:17;0.93958;;;73.44;[tp]
2023.03.07 16:31:42;Sell;0.10;GBPCAD;1.63647;1.64020;1.63333;2023.03.07 17:04:59;1.63333;;;22.91;[tp]
2023.03.07 13:28:09;Buy;0.10;USDCHF;0.93268;0.92992;0.93498;2023.03.07 16:12:40;0.93498;;;24.60;[tp]
2023.03.07 10:20:29;Sell;0.10;USDJPY;135.818;136.189;134.615;2023.03.07 14:28:51;136.189;;;-27.24;[sl]
2023.03.07 10:20:29;Sell;0.10;USDJPY;135.818;136.189;134.990;2023.03.07 14:28:51;136.189;;;-27.24;[sl]
2023.03.07 10:20:29;Sell;0.10;USDJPY;135.818;136.189;135.443;2023.03.07 14:28:51;136.189;;;-27.24;[sl]
2023.03.07 03:19:07;Balance;;Cashback;;;;;;;;1.00;
2023.03.03 03:19:34;Balance;;Cashback;;;;;;;;1.00;
2023.03.02 03:20:00;Balance;;Cashback;;;;;;;;9.00;
2023.03.01 07:18:13;Balance;;External;;;;;;;;-15 052.00;
2023.03.01 03:19:22;Balance;;Cashback;;;;;;;;19.00;
2023.02.01 00:00:00;Buy;2.05;archived;;;;2023.02.28 23:59:59;;;;-22.88;
2023.02.01 00:00:00;Buy;11.03;archived;;;;2023.02.28 23:59:59;;;;-527.54;
2023.02.01 00:00:00;Buy;0.11;archived;;;;2023.02.28 23:59:59;;;;-1.12;
2023.02.01 00:00:00;Buy;8.30;archived;;;;2023.02.28 23:59:59;;;;11 127.42;
2023.02.28 08:56:33;Balance;;External;;;;;;;;-20 052.00;
2023.02.28 03:18:52;Balance;;Cashback;;;;;;;;14.00;
2023.02.25 03:18:55;Balance;;Cashback;;;;;;;;49.00;
2023.01.01 00:00:00;Buy;2.31;archived;;;;2023.01.31 23:59:59;;;;-1 837.81;
2023.01.03 05:37:32;Balance;;External;;;;;;;;-453.00;
2022.12.01 00:00:00;Buy;0.98;archived;;;;2022.12.31 23:59:59;;;;481.52;
2022.12.02 08:45:49;Balance;;External;;;;;;;;-952.00;
2022.11.01 00:00:00;Buy;1.21;archived;;;;2022.11.30 23:59:59;;;;606.88;
2022.10.01 00:00:00;Buy;0.87;archived;;;;2022.10.31 23:59:59;;;;465.00;
2022.10.31 20:48:24;Balance;;External;;;;;;;;-449.00;
2022.09.01 00:00:00;Buy;0.20;archived;;;;2022.09.30 23:59:59;;;;69.46;
2022.09.26 18:04:10;Balance;;External;;;;;;;;15 000.00;
2022.09.21 20:04:46;Balance;;External;;;;;;;;10 000.00;
2022.07.06 17:49:16;Buy;0.04;XAUUSD;1 750.78;;;2022.08.19 17:16:05;1 750.92;;;0.56;
2022.07.27 22:15:58;Buy;0.01;XAUUSD;1 740.28;;;2022.08.19 17:16:03;1 750.84;;;10.56;
2022.07.15 07:58:56;Sell;0.04;XAUUSD;1 709.48;;;2022.07.29 18:10:13;1 764.40;;;-219.68;
2022.07.15 08:02:49;Sell;0.06;XAUUSD;1 708.83;;;2022.07.29 18:10:11;1 764.38;;;-333.30;
2022.07.21 03:19:15;Sell;0.04;XAUUSD;1 692.35;;;2022.07.29 18:10:10;1 764.26;;;-287.64;
2022.07.20 21:38:56;Balance;;External;;;;;;;;10 000.00;
2022.07.01 13:40:30;Buy;0.04;XAUUSD;1 790.78;1 801.85;;2022.07.05 11:47:43;1 801.80;;;44.08;[sl]
2022.06.01 00:00:00;Buy;0.52;archived;;;;2022.06.30 23:59:59;;;;277.64;
2022.05.01 00:00:00;Buy;1.16;archived;;;;2022.05.31 23:59:59;;;;1 007.89;
2022.05.13 15:16:48;Balance;;External;;;;;;;;20 000.00;
2022.04.01 00:00:00;Buy;1.54;archived;;;;2022.04.30 23:59:59;;;;2 473.02;
2022.03.16 07:57:29;Buy;0.11;XAUUSD;1 920.39;1 928.00;;2022.03.18 05:35:29;1 928.00;;;83.71;[sl]
2022.02.25 15:35:57;Buy;0.10;XAUUSD;1 894.45;2 020.04;;2022.03.09 11:51:19;2 020.04;;;1 255.90;[sl]
2022.02.25 08:53:20;Buy;0.10;XAUUSD;1 916.92;1 930.37;;2022.03.02 12:26:10;1 930.37;;;134.50;[sl]
2022.02.24 19:48:05;Buy;0.10;XAUUSD;1 925.09;1 931.74;;2022.03.02 11:31:51;1 931.70;;;66.10;[sl]
2022.02.01 00:00:00;Buy;2.98;archived;;;;2022.02.28 23:59:59;;;;2 388.13;
2022.02.15 11:32:23;Balance;;External;;;;;;;;-5 056.00;
2022.01.01 00:00:00;Buy;1.68;archived;;;;2022.01.31 23:59:59;;;;1 290.27;
2022.01.12 09:33:51;Balance;;External;;;;;;;;10 000.00;
2021.12.01 00:00:00;Buy;0.57;archived;;;;2021.12.31 23:59:59;;;;540.12;
2021.11.01 00:00:00;Buy;0.88;archived;;;;2021.11.30 23:59:59;;;;829.27;
2021.10.01 00:00:00;Buy;1.48;archived;;;;2021.10.31 23:59:59;;;;1 094.29;
2021.09.01 00:00:00;Buy;1.67;archived;;;;2021.09.30 23:59:59;;;;695.34;
2021.08.01 00:00:00;Buy;0.15;archived;;;;2021.08.31 23:59:59;;;;73.31;
2021.08.27 07:04:03;Balance;;External;;;;;;;;500.00;
2021.08.27 06:59:42;Balance;;IN;;;;;;;;9 623.00;
