Time;Type;Volume;Symbol;Price;S/L;T/P;Time;Price;Commission;Swap;Profit;Comment
2026.05.29 19:00:00;Buy Stop;0.02;XAUUSD;4 765.41;4 721.37;4 823.00;2026.06.01 01:05:00;4 520.96;;;;cancelled
2026.05.29 14:00:00;Sell Stop;0.02;XAUUSD;4 102.57;4 146.61;4 044.98;2026.06.01 01:05:00;4 520.62;;;;cancelled
2026.05.29 18:07:56;Buy;0.01;XAUUSD;4 586.08;4 527.46;4 815.33;2026.06.01 01:05:00;4 520.82;-0.18;-0.60;-65.26;[sl]
2026.05.15 01:05:00;Buy Stop;0.02;XAUUSD;4 764.38;4 719.15;4 850.31;2026.06.01 01:05:00;4 520.99;;;;cancelled
2026.05.29 18:03:15;Buy;0.02;XAUUSD;4 572.07;4 565.83;4 629.36;2026.05.29 18:41:54;4 565.63;-0.37;;-12.88;[sl]
2026.05.29 18:03:41;Buy;0.01;XAUUSD;4 574.25;4 575.33;4 658.43;2026.05.29 18:04:00;4 574.75;-0.18;;0.50;[sl]
2026.05.27 14:00:00;Sell Stop;0.02;XAUUSD;4 102.90;4 150.23;4 041.01;2026.05.29 14:00:00;4 537.81;;;;cancelled
2026.05.27 01:05:00;Buy Stop;0.02;XAUUSD;4 764.78;4 717.45;4 826.67;2026.05.29 01:05:00;4 497.71;;;;cancelled
2026.05.15 01:05:00;Buy Stop;0.01;XAUUSD;4 766.37;4 696.62;4 857.59;2026.05.29 01:05:00;4 497.75;;;;cancelled
2026.05.27 13:46:04;Sell;0.01;XAUUSD;4 460.67;4 461.17;4 231.79;2026.05.28 01:05:40;4 461.19;-0.18;0.57;-0.52;[sl]
2026.05.11 01:05:00;Buy Stop;0.02;XAUUSD;4 886.14;4 841.34;4 953.34;2026.05.28 01:05:01;4 456.88;;;;cancelled
2026.05.27 13:39:39;Sell;0.01;XAUUSD;4 467.98;4 456.80;4 382.87;2026.05.27 21:20:19;4 456.81;-0.18;;11.17;[sl]
2026.05.27 13:46:12;Sell;0.02;XAUUSD;4 460.38;4 461.33;4 178.41;2026.05.27 15:22:07;4 461.07;-0.36;;-1.38;[sl]
2026.05.27 13:46:04;Sell;0.01;XAUUSD;4 460.77;4 459.90;4 373.14;2026.05.27 15:22:04;4 459.99;-0.18;;0.78;[sl]
2026.05.27 13:46:15;Sell;0.02;XAUUSD;4 457.44;4 456.03;4 396.35;2026.05.27 15:21:29;4 455.99;-0.36;;2.90;[sl]
2026.05.27 13:46:17;Sell;0.02;XAUUSD;4 454.40;4 452.83;4 392.13;2026.05.27 15:19:14;4 452.63;-0.36;;3.54;[sl]
2026.05.27 13:46:15;Sell;0.02;XAUUSD;4 455.88;4 453.90;4 370.58;2026.05.27 15:19:14;4 453.84;-0.36;;4.08;[sl]
2026.05.27 13:46:17;Sell;0.14;XAUUSD;4 453.69;4 450.74;4 437.21;2026.05.27 14:03:16;4 451.96;-2.49;;24.22;[sl]
2026.05.25 01:05:00;Sell Stop;0.02;XAUUSD;4 458.57;4 509.13;4 392.45;2026.05.27 01:05:00;4 503.09;;;;cancelled
2026.05.25 01:05:00;Buy Stop;0.02;XAUUSD;4 764.16;4 713.60;4 830.28;2026.05.27 01:05:00;4 503.87;;;;cancelled
2026.05.25 02:00:12;Buy;0.01;XAUUSD;4 568.38;4 523.38;4 797.03;2026.05.26 07:58:02;4 523.36;-0.18;-0.60;-45.02;[sl]
2026.05.18 04:00:00;Sell Stop;0.14;XAUUSD;4 098.87;4 104.87;4 081.87;2026.05.26 01:05:00;4 571.23;;;;cancelled
2026.05.18 04:00:00;Sell Stop;0.02;XAUUSD;4 099.27;4 143.37;4 033.12;2026.05.26 01:05:00;4 571.22;;;;cancelled
2026.05.25 03:00:00;Buy Stop;0.01;XAUUSD;4 770.94;4 712.19;5 000.06;2026.05.25 09:00:00;4 553.14;;;;cancelled
2026.05.18 04:00:01;Sell Stop;0.01;XAUUSD;4 105.86;4 171.79;4 017.96;2026.05.25 01:05:01;4 549.98;;;;cancelled
2026.05.18 04:00:00;Sell Stop;0.02;XAUUSD;4 100.90;4 146.36;4 014.52;2026.05.25 01:05:01;4 549.99;;;;cancelled
2026.05.18 04:00:00;Sell Stop;0.01;XAUUSD;4 113.72;4 183.43;4 022.56;2026.05.25 01:05:01;4 550.36;;;;cancelled
2026.05.14 01:05:00;Buy Stop;0.01;XAUUSD;4 888.80;4 823.09;4 976.41;2026.05.25 01:05:01;4 551.95;;;;cancelled
2026.05.22 04:00:00;Sell Stop;0.02;XAUUSD;4 103.24;4 153.93;4 036.95;2026.05.25 01:05:00;4 550.52;;;;cancelled
2026.05.22 01:05:01;Buy Stop;0.02;XAUUSD;4 764.13;4 713.44;4 830.42;2026.05.25 01:05:00;4 551.35;;;;cancelled
2026.05.20 22:00:00;Buy Stop;0.01;XAUUSD;4 586.20;4 527.25;4 816.11;2026.05.22 22:00:00;4 515.36;;;;cancelled
2026.05.20 04:00:00;Sell Stop;0.02;XAUUSD;4 103.25;4 154.01;4 036.87;2026.05.22 04:00:00;4 526.76;;;;cancelled
2026.05.20 01:05:00;Buy Stop;0.02;XAUUSD;4 764.12;4 713.36;4 830.50;2026.05.22 01:05:01;4 545.00;;;;cancelled
2026.05.13 22:00:00;Buy Stop;0.01;XAUUSD;4 770.92;4 711.72;5 001.81;2026.05.20 22:00:01;4 542.64;;;;cancelled
2026.05.18 04:00:00;Sell Stop;0.02;XAUUSD;4 103.24;4 153.89;4 037.00;2026.05.20 04:00:00;4 500.59;;;;cancelled
2026.05.18 01:05:00;Buy Stop;0.02;XAUUSD;4 764.14;4 713.49;4 830.38;2026.05.20 01:05:00;4 484.66;;;;cancelled
2026.05.14 23:38:47;Sell;0.01;XAUUSD;4 645.65;4 548.01;4 415.11;2026.05.18 06:44:24;4 548.12;-0.19;0.38;97.53;[sl]
2026.05.18 03:33:58;Sell;0.02;XAUUSD;4 503.24;4 548.07;4 417.95;2026.05.18 06:44:24;4 547.91;-0.36;;-89.34;[sl]
2026.05.18 03:33:20;Sell;0.01;XAUUSD;4 509.78;4 537.30;4 277.55;2026.05.18 05:14:07;4 537.38;-0.18;;-27.60;[sl]
2026.05.18 03:29:22;Sell;0.01;XAUUSD;4 516.06;4 524.44;4 424.85;2026.05.18 04:48:11;4 524.59;-0.18;;-8.53;[sl]
2026.05.15 16:45:17;Sell;0.01;XAUUSD;4 516.20;4 524.61;4 422.93;2026.05.18 04:48:11;4 524.47;-0.18;0.19;-8.27;[sl]
2026.05.18 03:33:20;Sell;0.01;XAUUSD;4 509.78;4 514.40;4 420.30;2026.05.18 03:59:40;4 514.54;-0.18;;-4.76;[sl]
2026.05.18 03:33:57;Sell;0.02;XAUUSD;4 505.02;4 512.68;4 439.34;2026.05.18 03:59:11;4 512.61;-0.36;;-15.18;[sl]
2026.05.18 03:33:58;Sell;0.02;XAUUSD;4 499.73;4 501.59;4 434.31;2026.05.18 03:35:00;4 493.50;-0.36;;12.46;
2026.05.18 03:33:57;Sell;0.02;XAUUSD;4 504.94;4 498.93;4 217.12;2026.05.18 03:34:02;4 499.51;-0.36;;10.86;[sl]
2026.05.18 03:33:58;Sell;0.14;XAUUSD;4 499.73;4 506.79;4 484.21;2026.05.18 03:34:00;4 499.19;-2.52;;7.56;
2026.05.15 02:00:00;Sell Stop;0.02;XAUUSD;4 505.55;4 555.94;4 439.66;2026.05.18 01:05:00;4 545.21;;;;cancelled
2026.05.15 01:05:00;Buy Stop;0.02;XAUUSD;4 764.19;4 713.80;4 830.08;2026.05.18 01:05:00;4 545.73;;;;cancelled
2026.05.07 01:05:00;Sell Stop;0.01;XAUUSD;4 508.25;4 574.55;4 419.85;2026.05.18 01:05:00;4 545.25;;;;cancelled
2026.05.13 02:00:00;Sell Stop;0.02;XAUUSD;4 505.68;4 557.40;4 438.04;2026.05.15 02:00:00;4 662.42;;;;cancelled
2026.05.12 03:00:00;Buy Stop;0.02;XAUUSD;4 883.30;4 847.80;5 173.23;2026.05.15 01:05:01;4 653.25;;;;cancelled
2026.05.08 01:05:00;Buy Stop;0.02;XAUUSD;4 881.56;4 836.64;4 966.90;2026.05.15 01:05:01;4 653.38;;;;cancelled
2026.05.13 02:00:00;Buy Stop;0.02;XAUUSD;4 881.04;4 829.32;4 948.68;2026.05.15 01:05:00;4 653.44;;;;cancelled
2026.05.12 03:00:00;Buy Stop;0.01;XAUUSD;4 883.46;4 813.52;4 974.92;2026.05.15 01:05:00;4 653.48;;;;cancelled
2026.05.06 14:00:00;Sell Stop;0.01;XAUUSD;4 508.09;4 566.38;4 280.75;2026.05.14 13:00:00;4 699.66;;;;cancelled
2026.05.04 01:05:00;Buy Stop;0.01;XAUUSD;4 888.81;4 823.54;4 975.83;2026.05.14 01:05:00;4 693.86;;;;cancelled
2026.05.12 03:00:00;Buy Stop;0.01;XAUUSD;4 888.04;4 829.11;5 117.88;2026.05.13 22:00:00;4 684.93;;;;cancelled
2026.05.11 01:05:01;Sell Stop;0.02;XAUUSD;4 505.71;4 557.67;4 437.76;2026.05.13 02:00:00;4 717.03;;;;cancelled
2026.05.11 01:05:01;Buy Stop;0.02;XAUUSD;4 881.00;4 829.04;4 948.95;2026.05.13 02:00:00;4 717.09;;;;cancelled
2026.04.23 01:05:00;Buy Stop;0.16;XAUUSD;4 889.29;4 883.29;4 906.29;2026.05.13 01:05:00;4 720.64;;;;cancelled
2026.05.12 02:31:56;Buy;0.01;XAUUSD;4 757.34;4 687.35;4 848.71;2026.05.12 10:07:48;4 687.67;-0.19;;-69.67;[sl]
2026.05.12 02:52:19;Buy;0.01;XAUUSD;4 762.27;4 715.06;4 991.84;2026.05.12 07:52:52;4 715.09;-0.19;;-47.18;[sl]
2026.05.12 02:31:56;Buy;0.02;XAUUSD;4 757.34;4 721.79;5 047.02;2026.05.12 04:41:04;4 721.83;-0.38;;-71.02;[sl]
2026.05.11 01:05:01;Buy Stop;0.02;XAUUSD;4 883.31;4 847.85;5 172.89;2026.05.12 01:05:00;4 740.67;;;;cancelled
2026.05.11 01:05:00;Buy Stop;0.01;XAUUSD;4 883.40;4 812.92;4 975.56;2026.05.12 01:05:00;4 741.21;;;;cancelled
2026.05.06 09:00:00;Buy Stop;0.01;XAUUSD;4 888.08;4 829.79;5 115.42;2026.05.11 14:00:00;4 664.72;;;;cancelled
2026.04.22 01:05:01;Buy Stop;0.03;XAUUSD;4 883.43;4 848.52;5 168.53;2026.05.11 01:05:01;4 685.49;;;;cancelled
2026.05.08 01:05:00;Buy Stop;0.02;XAUUSD;4 880.52;4 826.07;4 951.73;2026.05.11 01:05:00;4 686.32;;;;cancelled
2026.05.07 01:05:00;Sell Stop;0.02;XAUUSD;4 506.02;4 561.11;4 433.98;2026.05.11 01:05:00;4 685.42;;;;cancelled
2026.04.23 01:05:00;Buy Stop;0.02;XAUUSD;4 884.97;4 829.39;4 968.34;2026.05.11 01:05:00;4 686.92;;;;cancelled
2026.04.22 01:05:00;Buy Stop;0.01;XAUUSD;4 882.66;4 805.29;4 983.83;2026.05.11 01:05:00;4 687.00;;;;cancelled
2026.05.06 01:05:00;Sell Stop;0.15;XAUUSD;4 098.87;4 104.87;4 081.87;2026.05.08 01:05:00;4 693.15;;;;cancelled
2026.05.06 01:05:00;Buy Stop;0.02;XAUUSD;4 880.49;4 825.90;4 951.88;2026.05.08 01:05:00;4 694.09;;;;cancelled
2026.04.30 01:05:00;Sell Stop;0.02;XAUUSD;4 099.34;4 146.10;4 029.20;2026.05.08 01:05:00;4 693.20;;;;cancelled
2026.04.22 01:05:00;Buy Stop;0.02;XAUUSD;4 881.86;4 838.36;4 964.51;2026.05.08 01:05:00;4 693.62;;;;cancelled
2026.05.04 20:00:00;Sell Stop;0.01;XAUUSD;4 105.78;4 171.05;4 018.76;2026.05.07 01:05:01;4 690.68;;;;cancelled
2026.05.04 19:00:00;Sell Stop;0.02;XAUUSD;4 100.84;4 145.27;4 016.42;2026.05.07 01:05:01;4 690.67;;;;cancelled
2026.05.06 19:00:00;Sell Stop;0.02;XAUUSD;4 103.63;4 158.22;4 032.24;2026.05.07 01:05:00;4 690.67;;;;cancelled
2026.05.04 20:00:00;Sell Stop;0.01;XAUUSD;4 114.13;4 185.65;4 020.60;2026.05.07 01:05:00;4 690.68;;;;cancelled
2026.05.04 19:00:00;Sell Stop;0.02;XAUUSD;4 103.60;4 157.91;4 032.59;2026.05.06 19:00:00;4 687.72;;;;cancelled
2026.05.06 08:56:25;Buy;0.02;XAUUSD;4 657.94;4 666.37;4 884.49;2026.05.06 15:15:12;4 665.14;-0.37;;14.40;[sl]
2026.05.04 18:21:36;Sell;0.01;XAUUSD;4 526.03;4 596.57;4 432.55;2026.05.06 03:00:02;4 596.08;-0.18;0.38;-70.05;[sl]
2026.05.04 13:22:49;Sell;0.01;XAUUSD;4 526.00;4 596.54;4 432.55;2026.05.06 03:00:02;4 596.08;-0.18;0.38;-70.08;[sl]
2026.05.04 01:05:00;Buy Stop;0.02;XAUUSD;4 880.55;4 826.24;4 951.56;2026.05.06 01:05:00;4 552.53;;;;cancelled
2026.04.16 01:05:00;Sell Stop;0.17;XAUUSD;4 098.87;4 104.87;4 081.87;2026.05.06 01:05:00;4 552.08;;;;cancelled
2026.05.04 18:21:56;Sell;0.02;XAUUSD;4 515.60;4 569.86;4 444.54;2026.05.05 15:24:28;4 571.81;-0.36;0.38;-112.42;[sl]
2026.05.04 18:21:54;Sell;0.02;XAUUSD;4 517.71;4 564.37;4 291.64;2026.05.05 14:42:41;4 564.32;-0.36;0.38;-93.22;[sl]
2026.04.21 10:00:00;Buy Stop;0.02;XAUUSD;4 888.16;4 831.61;5 108.71;2026.05.05 14:00:00;4 543.01;;;;cancelled
2026.05.04 18:51:30;Sell;0.02;XAUUSD;4 512.73;4 557.20;4 428.37;2026.05.05 10:36:46;4 557.06;-0.36;0.38;-88.66;[sl]
2026.05.04 19:02:03;Sell;0.01;XAUUSD;4 517.47;4 538.18;4 430.71;2026.05.05 04:13:24;4 538.23;-0.18;0.19;-20.76;[sl]
2026.05.04 18:21:54;Sell;0.01;XAUUSD;4 517.39;4 538.19;4 430.71;2026.05.05 04:13:24;4 538.23;-0.18;0.19;-20.84;[sl]
2026.05.04 18:21:55;Sell;0.03;XAUUSD;4 516.07;4 551.82;4 228.54;2026.05.04 18:22:00;4 516.52;-0.54;;-1.35;
2026.05.01 23:00:00;Sell Stop;0.02;XAUUSD;4 100.83;4 145.13;4 016.66;2026.05.04 01:05:01;4 624.68;;;;cancelled
2026.04.30 01:05:00;Sell Stop;0.01;XAUUSD;4 114.21;4 186.11;4 020.18;2026.05.04 01:05:01;4 624.73;;;;cancelled
2026.04.27 01:05:00;Sell Stop;0.01;XAUUSD;4 105.70;4 170.26;4 019.62;2026.05.04 01:05:01;4 624.64;;;;cancelled
2026.05.01 01:05:00;Sell Stop;0.02;XAUUSD;4 103.65;4 158.42;4 032.03;2026.05.04 01:05:00;4 625.48;;;;cancelled
2026.05.01 01:05:00;Buy Stop;0.02;XAUUSD;4 880.46;4 825.69;4 952.08;2026.05.04 01:05:00;4 625.41;;;;cancelled
2026.04.22 01:05:01;Buy Stop;0.01;XAUUSD;4 888.85;4 824.60;4 974.52;2026.05.04 01:05:00;4 625.12;;;;cancelled
2026.05.01 22:00:00;Buy Stop;0.04;XAUUSD;4 893.60;4 882.24;4 959.50;2026.05.01 23:00:01;4 610.70;;;;cancelled
2026.05.01 01:05:01;Sell Stop;0.01;XAUUSD;4 097.26;4 127.94;4 047.27;2026.05.01 23:00:01;4 610.48;;;;cancelled
2026.05.01 01:05:01;Buy Stop;0.01;XAUUSD;4 892.35;4 861.67;4 942.34;2026.05.01 23:00:01;4 610.47;;;;cancelled
2026.05.01 01:05:00;Buy Stop;0.01;XAUUSD;4 895.86;4 853.66;4 993.25;2026.05.01 23:00:01;4 610.50;;;;cancelled
2026.05.01 01:05:00;Sell Stop;0.01;XAUUSD;4 097.54;4 126.58;3 987.71;2026.05.01 23:00:01;4 610.56;;;;cancelled
2026.05.01 01:05:00;Buy Stop;0.01;XAUUSD;4 894.65;4 865.61;5 004.48;2026.05.01 23:00:01;4 610.70;;;;cancelled
2026.04.30 01:05:01;Sell Stop;0.01;XAUUSD;4 097.35;4 140.03;3 998.85;2026.05.01 23:00:01;4 610.36;;;;cancelled
2026.04.23 01:05:01;Sell Stop;0.02;XAUUSD;4 098.05;4 150.22;3 996.20;2026.05.01 23:00:01;4 610.80;;;;cancelled
2026.05.01 01:05:00;Buy Stop;0.02;XAUUSD;4 894.10;4 843.87;4 992.17;2026.05.01 23:00:00;4 610.97;;;;cancelled
2026.05.01 01:05:00;Sell Stop;0.02;XAUUSD;4 093.63;4 194.85;3 953.16;2026.05.01 23:00:00;4 610.89;;;;cancelled
2026.05.01 01:05:00;Buy Stop;0.02;XAUUSD;4 895.33;4 794.11;5 035.80;2026.05.01 23:00:00;4 611.28;;;;cancelled
2026.05.01 01:05:00;Buy Stop;0.01;XAUUSD;4 894.22;4 843.99;4 992.29;2026.05.01 23:00:00;4 611.21;;;;cancelled
2026.05.01 01:05:00;Buy Stop;0.01;XAUUSD;4 893.91;4 866.32;4 915.01;2026.05.01 23:00:00;4 610.91;;;;cancelled
2026.04.30 10:00:00;Sell Stop;0.01;XAUUSD;4 098.05;4 148.86;3 998.86;2026.05.01 23:00:00;4 611.15;;;;cancelled
2026.04.30 01:05:00;Sell Stop;0.01;XAUUSD;4 098.01;4 125.92;4 076.67;2026.05.01 23:00:00;4 611.16;;;;cancelled
2026.04.15 22:13:01;Sell Stop;0.02;XAUUSD;4 100.72;4 143.22;4 019.97;2026.05.01 23:00:00;4 610.85;;;;cancelled
2026.05.01 12:00:00;Buy Stop;0.04;XAUUSD;4 893.60;4 882.24;4 959.50;2026.05.01 22:00:00;4 625.43;;;;cancelled
2026.05.01 01:05:00;Buy Stop;0.04;XAUUSD;4 893.60;4 882.24;4 959.50;2026.05.01 12:00:00;4 569.36;;;;cancelled
2026.04.29 12:00:00;Sell Stop;0.02;XAUUSD;4 358.77;4 416.44;4 133.85;2026.05.01 10:00:00;4 594.61;;;;cancelled
2026.04.13 01:05:02;Sell Stop;0.03;XAUUSD;4 105.01;4 139.20;3 825.76;2026.05.01 02:00:00;4 630.39;;;;cancelled
2026.04.30 01:05:01;Sell Stop;0.01;XAUUSD;4 097.25;4 128.28;4 046.69;2026.05.01 01:05:02;4 628.72;;;;cancelled
2026.04.30 01:05:01;Buy Stop;0.01;XAUUSD;4 892.37;4 861.34;4 942.93;2026.05.01 01:05:02;4 629.23;;;;cancelled
2026.04.30 01:05:01;Buy Stop;0.01;XAUUSD;4 895.92;4 853.24;4 994.42;2026.05.01 01:05:02;4 629.25;;;;cancelled
2026.04.28 11:10:00;Sell Stop;0.01;XAUUSD;4 097.52;4 127.53;3 984.00;2026.05.01 01:05:02;4 628.77;;;;cancelled
2026.04.30 22:00:00;Buy Stop;0.04;XAUUSD;4 893.63;4 882.14;4 960.28;2026.05.01 01:05:01;4 629.31;;;;cancelled
2026.04.30 01:05:01;Buy Stop;0.01;XAUUSD;4 894.69;4 865.32;5 005.78;2026.05.01 01:05:01;4 629.26;;;;cancelled
2026.04.30 01:05:00;Buy Stop;0.02;XAUUSD;4 894.14;4 843.33;4 993.33;2026.05.01 01:05:01;4 629.27;;;;cancelled
2026.04.30 01:05:00;Sell Stop;0.02;XAUUSD;4 093.57;4 195.95;3 951.49;2026.05.01 01:05:01;4 628.80;;;;cancelled
2026.04.30 01:05:00;Buy Stop;0.02;XAUUSD;4 895.38;4 793.00;5 037.46;2026.05.01 01:05:01;4 629.18;;;;cancelled
2026.04.30 01:05:00;Buy Stop;0.01;XAUUSD;4 894.26;4 843.45;4 993.45;2026.05.01 01:05:01;4 629.14;;;;cancelled
2026.04.30 01:05:00;Buy Stop;0.01;XAUUSD;4 893.95;4 866.04;4 915.29;2026.05.01 01:05:01;4 629.15;;;;cancelled
2026.04.29 01:05:00;Sell Stop;0.02;XAUUSD;4 103.69;4 158.92;4 031.47;2026.05.01 01:05:00;4 629.12;;;;cancelled
2026.04.29 01:05:00;Buy Stop;0.02;XAUUSD;4 880.37;4 825.14;4 952.59;2026.05.01 01:05:00;4 629.21;;;;cancelled
2026.04.30 12:00:00;Buy Stop;0.04;XAUUSD;4 893.63;4 882.14;4 960.28;2026.04.30 22:00:00;4 622.29;;;;cancelled
2026.04.30 01:05:00;Buy Stop;0.03;XAUUSD;4 893.63;4 882.14;4 960.28;2026.04.30 12:00:00;4 616.57;;;;cancelled
2026.04.28 18:00:00;Sell Stop;0.01;XAUUSD;4 098.05;4 149.97;3 996.68;2026.04.30 10:00:00;4 589.36;;;;cancelled
2026.04.29 11:35:50;Sell;0.02;XAUUSD;4 560.34;4 569.42;4 337.39;2026.04.30 03:45:21;4 569.60;-0.36;1.14;-18.52;[sl]
2026.04.28 17:39:25;Sell;0.02;XAUUSD;4 560.79;4 569.44;4 337.39;2026.04.30 03:45:21;4 569.53;-0.36;1.52;-17.48;[sl]
2026.04.28 14:48:53;Sell;0.02;XAUUSD;4 560.75;4 569.43;4 337.39;2026.04.30 03:45:21;4 569.53;-0.36;1.52;-17.56;[sl]
2026.04.28 08:36:09;Sell;0.02;XAUUSD;4 639.14;4 569.44;4 416.68;2026.04.30 03:45:21;4 569.60;-0.37;1.52;139.08;[sl]
2026.04.29 22:00:00;Buy Stop;0.03;XAUUSD;4 893.68;4 881.97;4 961.57;2026.04.30 01:05:02;4 539.86;;;;cancelled
2026.04.29 01:05:01;Buy Stop;0.01;XAUUSD;4 892.39;4 860.78;4 943.90;2026.04.30 01:05:02;4 539.87;;;;cancelled
2026.04.29 01:05:01;Buy Stop;0.01;XAUUSD;4 896.01;4 852.53;4 996.35;2026.04.30 01:05:02;4 539.86;;;;cancelled
2026.04.29 01:05:01;Buy Stop;0.01;XAUUSD;4 894.76;4 864.84;5 007.92;2026.04.30 01:05:02;4 539.86;;;;cancelled
2026.04.29 01:05:00;Buy Stop;0.02;XAUUSD;4 894.19;4 842.44;4 995.23;2026.04.30 01:05:02;4 539.86;;;;cancelled
2026.04.29 01:05:00;Sell Stop;0.02;XAUUSD;4 093.49;4 197.78;3 948.76;2026.04.30 01:05:02;4 539.47;;;;cancelled
2026.04.29 01:05:00;Buy Stop;0.02;XAUUSD;4 895.46;4 791.17;5 040.19;2026.04.30 01:05:02;4 539.84;;;;cancelled
2026.04.28 14:40:00;Sell Stop;0.01;XAUUSD;4 097.23;4 128.94;4 045.56;2026.04.30 01:05:02;4 539.69;;;;cancelled
2026.04.28 12:45:00;Sell Stop;0.01;XAUUSD;4 097.33;4 140.95;3 996.67;2026.04.30 01:05:02;4 539.49;;;;cancelled
2026.04.29 01:05:00;Buy Stop;0.01;XAUUSD;4 894.32;4 842.57;4 995.36;2026.04.30 01:05:01;4 539.84;;;;cancelled
2026.04.29 01:05:00;Buy Stop;0.01;XAUUSD;4 894.00;4 865.57;4 915.74;2026.04.30 01:05:01;4 539.81;;;;cancelled
2026.04.27 04:00:00;Sell Stop;0.01;XAUUSD;4 098.00;4 126.53;4 076.18;2026.04.30 01:05:01;4 539.42;;;;cancelled
2026.04.13 01:05:00;Sell Stop;0.02;XAUUSD;4 099.66;4 159.31;4 010.19;2026.04.30 01:05:00;4 539.59;;;;cancelled
2026.04.13 01:05:00;Sell Stop;0.01;XAUUSD;4 119.61;4 215.72;3 993.92;2026.04.30 01:05:00;4 539.58;;;;cancelled
2026.04.29 12:00:00;Buy Stop;0.03;XAUUSD;4 893.68;4 881.97;4 961.57;2026.04.29 22:00:00;4 538.16;;;;cancelled
2026.04.29 01:05:00;Buy Stop;0.03;XAUUSD;4 893.68;4 881.97;4 961.57;2026.04.29 12:00:00;4 573.38;;;;cancelled
2026.04.28 22:10:00;Buy Stop;0.01;XAUUSD;4 892.40;4 860.69;4 944.07;2026.04.29 01:05:02;4 598.92;;;;cancelled
2026.04.28 18:00:00;Buy Stop;0.03;XAUUSD;4 893.69;4 881.95;4 961.80;2026.04.29 01:05:02;4 599.02;;;;cancelled
2026.04.28 01:05:00;Buy Stop;0.01;XAUUSD;4 896.02;4 852.40;4 996.68;2026.04.29 01:05:02;4 598.98;;;;cancelled
2026.04.28 01:05:00;Buy Stop;0.01;XAUUSD;4 894.77;4 864.76;5 008.29;2026.04.29 01:05:02;4 599.01;;;;cancelled
2026.04.28 18:00:00;Buy Stop;0.01;XAUUSD;4 894.33;4 842.41;4 995.70;2026.04.29 01:05:01;4 599.01;;;;cancelled
2026.04.28 01:05:00;Buy Stop;0.02;XAUUSD;4 894.20;4 842.28;4 995.57;2026.04.29 01:05:01;4 599.03;;;;cancelled
2026.04.28 01:05:00;Buy Stop;0.02;XAUUSD;4 895.47;4 790.84;5 040.67;2026.04.29 01:05:01;4 599.00;;;;cancelled
2026.04.27 01:05:01;Sell Stop;0.02;XAUUSD;4 093.47;4 198.14;3 948.21;2026.04.29 01:05:01;4 598.78;;;;cancelled
2026.04.27 01:05:00;Buy Stop;0.01;XAUUSD;4 894.01;4 865.48;4 915.83;2026.04.29 01:05:01;4 599.01;;;;cancelled
2026.04.27 01:05:00;Sell Stop;0.02;XAUUSD;4 103.71;4 159.06;4 031.33;2026.04.29 01:05:00;4 598.50;;;;cancelled
2026.04.27 01:05:00;Buy Stop;0.02;XAUUSD;4 880.35;4 825.00;4 952.73;2026.04.29 01:05:00;4 598.83;;;;cancelled
2026.04.27 01:05:02;Buy Stop;0.01;XAUUSD;4 892.40;4 860.68;4 944.10;2026.04.28 22:10:00;4 596.80;;;;cancelled
2026.04.28 18:00:00;Sell Stop;0.02;XAUUSD;4 358.72;4 416.01;4 135.30;2026.04.28 20:00:00;4 592.36;;;;cancelled
2026.04.28 08:00:00;Buy Stop;0.03;XAUUSD;4 893.69;4 881.95;4 961.80;2026.04.28 18:00:00;4 575.05;;;;cancelled
2026.04.27 01:05:00;Sell Stop;0.01;XAUUSD;4 098.05;4 149.99;3 996.64;2026.04.28 18:00:00;4 574.07;;;;cancelled
2026.04.27 01:05:00;Buy Stop;0.01;XAUUSD;4 894.33;4 842.39;4 995.74;2026.04.28 18:00:00;4 574.58;;;;cancelled
2026.04.28 15:00:00;Sell Stop;0.02;XAUUSD;4 358.72;4 416.01;4 135.30;2026.04.28 16:00:00;4 593.52;;;;cancelled
2026.04.28 08:40:01;Sell;0.01;XAUUSD;4 632.44;4 605.06;4 579.48;2026.04.28 14:37:07;4 579.48;-0.19;;52.96;[tp]
2026.04.28 08:40:01;Sell;0.01;XAUUSD;4 632.41;4 608.92;4 530.62;2026.04.28 12:43:03;4 608.94;-0.19;;23.47;[sl]
2026.04.28 08:40:01;Sell;0.03;XAUUSD;4 632.44;4 632.44;4 563.54;2026.04.28 11:32:14;4 632.48;-0.56;;-0.12;[sl]
2026.04.28 08:40:01;Sell;0.01;XAUUSD;4 632.41;4 621.97;4 517.90;2026.04.28 11:06:54;4 622.10;-0.19;;10.31;[sl]
2026.04.27 22:00:00;Sell Stop;0.03;XAUUSD;4 631.65;4 643.40;4 563.51;2026.04.28 08:00:00;4 667.77;;;;cancelled
2026.04.27 22:00:00;Buy Stop;0.03;XAUUSD;4 893.69;4 881.94;4 961.83;2026.04.28 08:00:00;4 667.74;;;;cancelled
2026.04.23 01:05:01;Sell Stop;0.01;XAUUSD;4 631.28;4 675.11;4 530.14;2026.04.28 06:10:00;4 672.83;;;;cancelled
2026.04.27 01:05:02;Buy Stop;0.01;XAUUSD;4 896.03;4 852.39;4 996.74;2026.04.28 01:05:01;4 682.81;;;;cancelled
2026.04.27 01:05:01;Buy Stop;0.01;XAUUSD;4 894.78;4 864.75;5 008.35;2026.04.28 01:05:00;4 682.79;;;;cancelled
2026.04.27 01:05:01;Buy Stop;0.02;XAUUSD;4 894.21;4 842.27;4 995.62;2026.04.28 01:05:00;4 682.82;;;;cancelled
2026.04.27 01:05:00;Buy Stop;0.02;XAUUSD;4 895.48;4 790.81;5 040.74;2026.04.28 01:05:00;4 682.82;;;;cancelled
2026.04.27 12:00:00;Sell Stop;0.03;XAUUSD;4 631.65;4 643.40;4 563.51;2026.04.27 22:00:00;4 680.82;;;;cancelled
2026.04.27 12:00:00;Buy Stop;0.03;XAUUSD;4 893.69;4 881.94;4 961.83;2026.04.27 22:00:00;4 680.77;;;;cancelled
2026.04.27 01:05:01;Sell Stop;0.03;XAUUSD;4 631.65;4 643.40;4 563.51;2026.04.27 12:00:00;4 706.78;;;;cancelled
2026.04.27 01:05:01;Buy Stop;0.03;XAUUSD;4 893.69;4 881.94;4 961.83;2026.04.27 12:00:00;4 706.94;;;;cancelled
2026.04.20 06:11:01;Sell Stop;0.01;XAUUSD;4 098.00;4 126.80;4 075.98;2026.04.27 04:00:00;4 697.82;;;;cancelled
2026.04.23 01:05:01;Buy Stop;0.01;XAUUSD;4 896.05;4 852.22;4 997.19;2026.04.27 01:05:03;4 696.60;;;;cancelled
2026.04.23 01:05:01;Sell Stop;0.01;XAUUSD;4 631.46;4 661.61;4 517.40;2026.04.27 01:05:03;4 696.12;;;;cancelled
2026.04.23 01:05:01;Buy Stop;0.01;XAUUSD;4 894.79;4 864.64;5 008.85;2026.04.27 01:05:03;4 696.55;;;;cancelled
2026.04.24 22:10:00;Sell Stop;0.01;XAUUSD;4 631.17;4 663.17;4 579.02;2026.04.27 01:05:02;4 696.72;;;;cancelled
2026.04.24 22:10:00;Buy Stop;0.01;XAUUSD;4 892.41;4 860.41;4 944.56;2026.04.27 01:05:02;4 696.91;;;;cancelled
2026.04.23 01:05:00;Buy Stop;0.02;XAUUSD;4 894.22;4 842.05;4 996.07;2026.04.27 01:05:02;4 696.57;;;;cancelled
2026.04.23 01:05:00;Sell Stop;0.02;XAUUSD;4 093.45;4 198.57;3 947.56;2026.04.27 01:05:02;4 696.14;;;;cancelled
2026.04.23 01:05:00;Buy Stop;0.02;XAUUSD;4 895.50;4 790.38;5 041.39;2026.04.27 01:05:02;4 696.62;;;;cancelled
2026.04.23 01:05:00;Buy Stop;0.01;XAUUSD;4 894.02;4 865.36;4 915.93;2026.04.27 01:05:02;4 696.65;;;;cancelled
2026.04.24 22:00:00;Sell Stop;0.03;XAUUSD;4 631.65;4 643.50;4 562.91;2026.04.27 01:05:01;4 696.70;;;;cancelled
2026.04.24 19:00:00;Buy Stop;0.03;XAUUSD;4 893.72;4 881.87;4 962.46;2026.04.27 01:05:01;4 697.06;;;;cancelled
2026.04.24 18:00:00;Sell Stop;0.01;XAUUSD;4 098.05;4 150.45;3 995.75;2026.04.27 01:05:00;4 696.90;;;;cancelled
2026.04.24 18:00:00;Buy Stop;0.01;XAUUSD;4 894.36;4 841.96;4 996.66;2026.04.27 01:05:00;4 697.12;;;;cancelled
2026.04.24 01:05:00;Sell Stop;0.02;XAUUSD;4 103.77;4 159.75;4 030.57;2026.04.27 01:05:00;4 697.01;;;;cancelled
2026.04.24 01:05:00;Buy Stop;0.02;XAUUSD;4 880.23;4 824.25;4 953.43;2026.04.27 01:05:00;4 697.12;;;;cancelled
2026.04.16 02:00:00;Sell Stop;0.02;XAUUSD;4 105.54;4 168.74;4 021.28;2026.04.27 01:05:00;4 696.88;;;;cancelled
2026.04.23 01:05:01;Sell Stop;0.01;XAUUSD;4 631.18;4 663.04;4 579.26;2026.04.24 22:10:00;4 722.17;;;;cancelled
2026.04.23 01:05:01;Buy Stop;0.01;XAUUSD;4 892.41;4 860.55;4 944.33;2026.04.24 22:10:00;4 722.23;;;;cancelled
2026.04.24 12:00:00;Sell Stop;0.04;XAUUSD;4 631.65;4 643.50;4 562.91;2026.04.24 22:00:00;4 722.77;;;;cancelled
2026.04.24 09:00:00;Buy Stop;0.04;XAUUSD;4 893.72;4 881.87;4 962.46;2026.04.24 19:00:00;4 726.98;;;;cancelled
2026.04.23 01:05:00;Sell Stop;0.01;XAUUSD;4 098.05;4 150.22;3 996.20;2026.04.24 18:00:00;4 726.55;;;;cancelled
2026.04.23 01:05:00;Buy Stop;0.01;XAUUSD;4 894.34;4 842.17;4 996.19;2026.04.24 18:00:00;4 726.83;;;;cancelled
2026.04.24 05:49:43;Sell;0.02;XAUUSD;4 675.87;4 713.96;4 453.73;2026.04.24 14:27:24;4 714.06;-0.37;;-76.38;[sl]
2026.04.23 20:44:26;Sell;0.02;XAUUSD;4 675.05;4 713.70;4 453.73;2026.04.24 14:27:04;4 713.70;-0.37;0.38;-77.30;[sl]
2026.04.24 02:00:00;Sell Stop;0.04;XAUUSD;4 631.65;4 643.50;4 562.91;2026.04.24 12:00:00;4 691.32;;;;cancelled
2026.04.23 23:00:00;Buy Stop;0.04;XAUUSD;4 893.70;4 881.90;4 962.14;2026.04.24 09:00:00;4 687.14;;;;cancelled
2026.04.23 16:00:00;Sell Stop;0.04;XAUUSD;4 631.65;4 643.45;4 563.21;2026.04.24 02:00:00;4 693.23;;;;cancelled
2026.04.22 01:05:00;Sell Stop;0.02;XAUUSD;4 103.85;4 160.64;4 029.59;2026.04.24 01:05:00;4 695.21;;;;cancelled
2026.04.22 01:05:00;Buy Stop;0.02;XAUUSD;4 880.07;4 823.28;4 954.33;2026.04.24 01:05:00;4 695.42;;;;cancelled
2026.04.23 12:00:01;Buy Stop;0.04;XAUUSD;4 893.70;4 881.90;4 962.14;2026.04.23 23:00:00;4 696.31;;;;cancelled
2026.04.14 22:00:00;Sell Stop;0.02;XAUUSD;4 639.35;4 694.94;4 422.54;2026.04.23 18:00:00;4 733.58;;;;cancelled
2026.04.23 06:00:00;Sell Stop;0.04;XAUUSD;4 631.65;4 643.45;4 563.21;2026.04.23 16:00:00;4 740.72;;;;cancelled
2026.04.23 01:05:01;Buy Stop;0.04;XAUUSD;4 893.70;4 881.90;4 962.14;2026.04.23 12:00:00;4 703.19;;;;cancelled
2026.04.22 20:00:00;Sell Stop;0.04;XAUUSD;4 631.64;4 643.69;4 561.72;2026.04.23 06:00:00;4 699.18;;;;cancelled
2026.04.22 03:15:00;Sell Stop;0.01;XAUUSD;4 631.16;4 663.71;4 578.12;2026.04.23 01:05:03;4 741.82;;;;cancelled
2026.04.22 01:05:01;Buy Stop;0.01;XAUUSD;4 892.44;4 859.89;4 945.48;2026.04.23 01:05:03;4 742.02;;;;cancelled
2026.04.22 01:05:01;Buy Stop;0.01;XAUUSD;4 896.16;4 851.39;4 999.48;2026.04.23 01:05:03;4 742.00;;;;cancelled
2026.04.21 06:05:00;Sell Stop;0.01;XAUUSD;4 631.26;4 675.75;4 528.59;2026.04.23 01:05:03;4 741.81;;;;cancelled
2026.04.22 22:00:00;Buy Stop;0.04;XAUUSD;4 893.76;4 881.71;4 963.68;2026.04.23 01:05:02;4 742.00;;;;cancelled
2026.04.22 01:05:01;Buy Stop;0.01;XAUUSD;4 894.87;4 864.06;5 011.40;2026.04.23 01:05:02;4 741.96;;;;cancelled
2026.04.22 01:05:00;Sell Stop;0.02;XAUUSD;4 093.35;4 200.75;3 944.31;2026.04.23 01:05:02;4 741.83;;;;cancelled
2026.04.22 01:05:00;Buy Stop;0.02;XAUUSD;4 895.59;4 788.19;5 044.63;2026.04.23 01:05:02;4 742.05;;;;cancelled
2026.04.21 23:00:00;Sell Stop;0.01;XAUUSD;4 098.04;4 151.00;3 994.65;2026.04.23 01:05:02;4 741.85;;;;cancelled
2026.04.21 23:00:00;Buy Stop;0.01;XAUUSD;5 422.54;5 369.58;5 525.93;2026.04.23 01:05:02;4 742.01;;;;cancelled
2026.04.17 18:00:00;Sell Stop;0.02;XAUUSD;4 098.04;4 151.02;3 994.61;2026.04.23 01:05:02;4 741.78;;;;cancelled
2026.04.17 18:00:00;Buy Stop;0.02;XAUUSD;5 422.42;5 369.44;5 525.85;2026.04.23 01:05:02;4 742.02;;;;cancelled
2026.04.16 01:05:00;Sell Stop;0.01;XAUUSD;4 631.45;4 662.37;4 514.50;2026.04.23 01:05:02;4 741.75;;;;cancelled
2026.04.22 01:05:00;Buy Stop;0.01;XAUUSD;4 894.09;4 864.81;4 916.48;2026.04.23 01:05:01;4 741.98;;;;cancelled
2026.04.15 22:12:59;Buy Stop;0.17;XAUUSD;5 417.44;5 411.44;5 434.44;2026.04.23 01:05:00;4 742.00;;;;cancelled
2026.04.09 03:00:00;Buy Stop;0.02;XAUUSD;5 412.67;5 352.96;5 502.24;2026.04.23 01:05:00;4 741.97;;;;cancelled
2026.04.22 12:00:00;Buy Stop;0.04;XAUUSD;4 893.76;4 881.71;4 963.68;2026.04.22 22:00:00;4 741.94;;;;cancelled
2026.04.22 10:00:00;Sell Stop;0.04;XAUUSD;4 631.64;4 643.69;4 561.72;2026.04.22 20:00:00;4 728.92;;;;cancelled
2026.04.22 01:05:00;Buy Stop;0.04;XAUUSD;4 893.76;4 881.71;4 963.68;2026.04.22 12:00:00;4 757.03;;;;cancelled
2026.04.21 23:00:01;Sell Stop;0.04;XAUUSD;4 631.64;4 643.62;4 562.17;2026.04.22 10:00:00;4 767.50;;;;cancelled
2026.04.20 06:11:06;Sell Stop;0.01;XAUUSD;4 631.16;4 663.50;4 578.46;2026.04.22 03:15:00;4 743.00;;;;cancelled
2026.04.20 10:25:00;Buy Stop;0.01;XAUUSD;5 243.58;5 199.09;5 346.25;2026.04.22 01:05:01;4 725.72;;;;cancelled
2026.04.20 06:11:06;Buy Stop;0.01;XAUUSD;5 239.89;5 207.55;5 292.59;2026.04.22 01:05:01;4 725.72;;;;cancelled
2026.04.20 06:11:03;Buy Stop;0.01;XAUUSD;5 422.19;5 393.39;5 444.21;2026.04.22 01:05:01;4 725.73;;;;cancelled
2026.04.16 02:00:00;Buy Stop;0.02;XAUUSD;5 417.03;5 353.83;5 501.29;2026.04.22 01:05:01;4 725.73;;;;cancelled
2026.04.15 22:13:00;Buy Stop;0.02;XAUUSD;5 410.17;5 367.45;5 491.34;2026.04.22 01:05:01;4 725.73;;;;cancelled
2026.04.15 05:30:00;Buy Stop;0.01;XAUUSD;5 242.27;5 211.97;5 356.90;2026.04.22 01:05:01;4 725.73;;;;cancelled
2026.04.15 05:00:00;Buy Stop;0.01;XAUUSD;5 228.31;5 134.18;5 351.40;2026.04.22 01:05:01;4 725.75;;;;cancelled
2026.04.20 01:05:00;Sell Stop;0.02;XAUUSD;4 103.90;4 161.18;4 029.00;2026.04.22 01:05:00;4 725.58;;;;cancelled
2026.04.20 01:05:00;Buy Stop;0.02;XAUUSD;5 227.44;5 170.16;5 302.34;2026.04.22 01:05:00;4 725.76;;;;cancelled
2026.04.14 01:05:00;Sell Stop;0.02;XAUUSD;4 093.54;4 196.72;3 950.35;2026.04.22 01:05:00;4 725.58;;;;cancelled
2026.04.14 01:05:00;Buy Stop;0.02;XAUUSD;5 423.56;5 320.38;5 566.75;2026.04.22 01:05:00;4 725.76;;;;cancelled
2026.04.21 13:00:00;Sell Stop;0.04;XAUUSD;4 631.64;4 643.62;4 562.17;2026.04.21 23:00:00;4 678.73;;;;cancelled
2026.04.20 06:11:05;Sell Stop;0.01;XAUUSD;4 098.04;4 150.99;3 994.65;2026.04.21 23:00:00;4 679.45;;;;cancelled
2026.04.20 06:11:05;Buy Stop;0.01;XAUUSD;5 422.54;5 369.59;5 525.93;2026.04.21 23:00:00;4 679.31;;;;cancelled
2026.04.21 03:00:00;Sell Stop;0.04;XAUUSD;4 631.64;4 643.62;4 562.17;2026.04.21 13:00:00;4 783.95;;;;cancelled
2026.04.16 01:05:00;Sell Stop;0.01;XAUUSD;4 631.26;4 676.20;4 527.56;2026.04.21 06:05:00;4 807.52;;;;cancelled
2026.04.20 17:00:00;Sell Stop;0.04;XAUUSD;4 631.64;4 643.62;4 562.17;2026.04.21 03:00:00;4 822.01;;;;cancelled
2026.04.20 06:11:05;Sell Stop;0.04;XAUUSD;4 631.64;4 643.62;4 562.17;2026.04.20 17:00:00;4 818.12;;;;cancelled
2026.04.15 05:25:00;Buy Stop;0.01;XAUUSD;5 243.53;5 199.49;5 345.17;2026.04.20 10:25:00;4 801.95;;;;cancelled
2026.04.17 02:35:00;Buy Stop;0.01;XAUUSD;5 239.89;5 207.54;5 292.61;2026.04.20 06:11:06;4 792.01;;;;cancelled
2026.04.17 01:05:00;Sell Stop;0.01;XAUUSD;4 631.16;4 663.51;4 578.44;2026.04.20 06:11:06;4 792.14;;;;cancelled
2026.04.17 17:00:00;Sell Stop;0.04;XAUUSD;4 631.64;4 643.62;4 562.14;2026.04.20 06:11:05;4 791.90;;;;cancelled
2026.04.17 10:00:00;Sell Stop;0.01;XAUUSD;4 098.04;4 151.02;3 994.61;2026.04.20 06:11:04;4 792.12;;;;cancelled
2026.04.17 03:00:01;Buy Stop;0.01;XAUUSD;5 422.55;5 369.57;5 525.98;2026.04.20 06:11:04;4 792.19;;;;cancelled
2026.04.15 06:00:00;Buy Stop;0.02;XAUUSD;5 422.19;5 393.39;5 444.21;2026.04.20 06:11:02;4 792.73;;;;cancelled
2026.04.15 16:00:00;Sell Stop;0.02;XAUUSD;4 098.00;4 126.80;4 075.98;2026.04.20 06:11:01;4 792.64;;;;cancelled
2026.04.17 02:00:00;Sell Stop;0.02;XAUUSD;4 103.87;4 160.89;4 029.31;2026.04.20 01:05:00;4 774.46;;;;cancelled
2026.04.17 01:05:00;Buy Stop;0.02;XAUUSD;5 227.49;5 170.47;5 302.05;2026.04.20 01:05:00;4 775.01;;;;cancelled
2026.04.17 16:10:51;Buy;0.02;XAUUSD;4 869.02;4 829.68;5 087.01;2026.04.20 01:05:00;4 774.46;-0.39;-1.20;-189.12;[sl]
2026.04.08 19:00:00;Sell Stop;0.02;XAUUSD;4 098.05;4 149.44;3 997.71;2026.04.17 18:00:00;4 873.33;;;;cancelled
2026.04.08 19:00:00;Buy Stop;0.02;XAUUSD;5 422.32;5 370.93;5 522.66;2026.04.17 18:00:00;4 873.11;;;;cancelled
2026.04.17 07:00:00;Sell Stop;0.04;XAUUSD;4 631.64;4 643.62;4 562.14;2026.04.17 17:00:00;4 881.22;;;;cancelled
2026.04.15 18:00:00;Sell Stop;0.01;XAUUSD;4 098.05;4 150.48;3 995.70;2026.04.17 10:00:00;4 785.06;;;;cancelled
2026.04.16 20:39:16;Sell Stop;0.04;XAUUSD;4 631.64;4 643.74;4 561.47;2026.04.17 07:00:00;4 793.28;;;;cancelled
2026.04.15 11:00:00;Buy Stop;0.01;XAUUSD;5 422.51;5 370.08;5 524.86;2026.04.17 03:00:00;4 791.75;;;;cancelled
2026.04.15 05:35:00;Buy Stop;0.01;XAUUSD;5 239.87;5 207.85;5 292.05;2026.04.17 02:35:00;4 795.00;;;;cancelled
2026.04.15 02:00:00;Sell Stop;0.02;XAUUSD;4 104.10;4 163.41;4 026.54;2026.04.17 02:00:00;4 794.69;;;;cancelled
2026.04.16 01:05:00;Sell Stop;0.01;XAUUSD;4 631.15;4 663.82;4 577.92;2026.04.17 01:05:00;4 795.24;;;;cancelled
2026.04.15 01:05:00;Buy Stop;0.02;XAUUSD;5 227.04;5 167.73;5 304.60;2026.04.17 01:05:00;4 795.63;;;;cancelled
2026.04.15 05:00:00;Buy Stop;0.02;XAUUSD;5 235.66;5 179.85;5 453.33;2026.04.16 21:00:01;4 789.11;;;;cancelled
2026.04.16 01:05:00;Sell Stop;0.04;XAUUSD;4 631.64;4 643.74;4 561.47;2026.04.16 20:39:16;4 784.03;;;;cancelled
2026.04.06 01:05:01;Sell Stop;0.02;XAUUSD;4 105.36;4 166.98;4 023.21;2026.04.16 02:00:00;4 807.69;;;;cancelled
2026.04.06 01:05:01;Buy Stop;0.02;XAUUSD;5 417.09;5 355.47;5 499.24;2026.04.16 02:00:00;4 807.77;;;;cancelled
2026.04.15 22:15:00;Sell Stop;0.01;XAUUSD;4 097.22;4 129.24;4 045.04;2026.04.16 01:05:01;4 797.90;;;;cancelled
2026.04.15 19:01:17;Sell Stop;0.04;XAUUSD;4 097.70;4 109.56;4 028.92;2026.04.16 01:05:00;4 798.05;;;;cancelled
2026.04.14 01:05:01;Sell Stop;0.01;XAUUSD;4 097.34;4 140.36;3 998.07;2026.04.16 01:05:00;4 797.89;;;;cancelled
2026.04.14 01:05:01;Sell Stop;0.01;XAUUSD;4 097.53;4 127.13;3 985.58;2026.04.16 01:05:00;4 797.73;;;;cancelled
2026.03.27 00:05:00;Sell Stop;0.17;XAUUSD;4 098.87;4 104.87;4 081.87;2026.04.16 01:05:00;4 798.46;;;;cancelled
2026.04.14 01:05:01;Sell Stop;0.01;XAUUSD;4 097.24;4 128.51;4 046.28;2026.04.15 22:15:00;4 798.99;;;;cancelled
2026.04.13 01:05:02;Sell Stop;0.03;XAUUSD;4 100.72;4 143.22;4 019.97;2026.04.15 22:13:01;4 801.41;;;;cancelled
2026.04.15 01:05:00;Buy Stop;0.03;XAUUSD;5 410.17;5 367.45;5 491.34;2026.04.15 22:13:00;4 801.39;;;;cancelled
2026.04.13 01:05:01;Buy Stop;0.18;XAUUSD;5 417.44;5 411.44;5 434.44;2026.04.15 22:12:58;4 801.46;;;;cancelled
2026.04.15 09:00:00;Sell Stop;0.04;XAUUSD;4 097.70;4 109.56;4 028.92;2026.04.15 19:01:17;4 802.92;;;;cancelled
2026.04.14 01:05:00;Sell Stop;0.01;XAUUSD;4 098.05;4 149.25;3 998.09;2026.04.15 18:00:00;4 815.83;;;;cancelled
2026.04.08 19:00:00;Sell Stop;0.02;XAUUSD;4 098.00;4 126.23;4 076.41;2026.04.15 16:00:00;4 811.67;;;;cancelled
2026.04.15 01:05:00;Buy;0.03;XAUUSD;4 850.10;4 807.45;4 930.70;2026.04.15 10:01:38;4 808.16;-0.58;;-125.82;[sl]
2026.04.15 04:16:14;Buy;0.01;XAUUSD;4 862.94;4 810.96;4 962.12;2026.04.15 10:01:22;4 810.46;-0.19;;-52.48;[sl]
2026.04.15 04:16:11;Buy;0.02;XAUUSD;4 856.41;4 811.16;5 072.36;2026.04.15 09:32:54;4 811.18;-0.39;;-90.46;[sl]
2026.04.14 23:00:00;Sell Stop;0.04;XAUUSD;4 097.71;4 109.29;4 030.54;2026.04.15 09:00:00;4 819.95;;;;cancelled
2026.04.15 04:16:13;Buy;0.01;XAUUSD;4 858.18;4 828.99;4 911.22;2026.04.15 05:31:49;4 828.67;-0.19;;-29.51;[sl]
2026.04.15 04:16:14;Buy;0.01;XAUUSD;4 862.27;4 833.00;4 850.37;2026.04.15 05:25:34;4 832.48;-0.19;;-29.79;[sl]
2026.04.15 04:16:14;Buy;0.02;XAUUSD;4 862.27;4 833.72;4 861.24;2026.04.15 05:25:34;4 833.01;-0.39;;-58.52;[sl]
2026.04.15 04:16:14;Buy;0.01;XAUUSD;4 862.94;4 838.15;4 963.10;2026.04.15 05:21:59;4 837.94;-0.19;;-25.00;[sl]
2026.04.15 04:16:14;Buy;0.04;XAUUSD;4 862.27;4 850.34;4 928.70;2026.04.15 04:20:50;4 849.85;-0.78;;-49.68;[sl]
2026.04.15 04:11:58;Buy;0.03;XAUUSD;4 853.22;4 868.15;5 130.71;2026.04.15 04:17:00;4 868.13;-0.58;;44.73;[sl]
2026.04.15 04:11:57;Buy;0.01;XAUUSD;4 852.70;4 758.17;4 971.82;2026.04.15 04:12:00;4 850.47;-0.19;;-2.23;
2026.04.13 01:05:01;Sell Stop;0.02;XAUUSD;4 104.33;4 165.88;4 023.84;2026.04.15 02:00:00;4 835.04;;;;cancelled
2026.04.15 01:05:00;Buy;0.01;XAUUSD;4 849.60;4 850.37;4 974.21;2026.04.15 01:06:00;4 850.36;-0.19;;0.76;[sl]
2026.04.15 01:05:00;Buy;0.02;XAUUSD;4 849.45;4 849.07;4 927.52;2026.04.15 01:05:00;4 848.38;-0.39;;-2.14;[sl]
2026.04.14 12:00:02;Sell Stop;0.04;XAUUSD;4 097.71;4 109.29;4 030.54;2026.04.14 23:00:00;4 845.11;;;;cancelled
2026.04.14 12:00:01;Buy Stop;0.04;XAUUSD;4 861.53;4 849.95;4 928.70;2026.04.14 23:00:00;4 845.38;;;;cancelled
2026.04.09 14:00:00;Sell Stop;0.02;XAUUSD;4 614.65;4 670.10;4 398.39;2026.04.14 22:00:00;4 835.92;;;;cancelled
2026.04.14 01:05:01;Sell Stop;0.04;XAUUSD;4 097.71;4 109.29;4 030.54;2026.04.14 12:00:01;4 787.27;;;;cancelled
2026.04.14 01:05:01;Buy Stop;0.04;XAUUSD;4 861.53;4 849.95;4 928.70;2026.04.14 12:00:01;4 787.50;;;;cancelled
2026.04.13 01:05:02;Sell Stop;0.01;XAUUSD;4 097.22;4 129.40;4 044.79;2026.04.14 01:05:03;4 746.58;;;;cancelled
2026.04.13 01:05:02;Buy Stop;0.01;XAUUSD;4 860.30;4 828.12;4 912.73;2026.04.14 01:05:03;4 747.02;;;;cancelled
2026.04.13 01:05:01;Sell Stop;0.01;XAUUSD;4 097.32;4 141.58;3 995.17;2026.04.14 01:05:03;4 746.60;;;;cancelled
2026.04.13 01:05:01;Buy Stop;0.01;XAUUSD;4 863.98;4 819.72;4 966.13;2026.04.14 01:05:03;4 746.90;;;;cancelled
2026.04.09 05:00:00;Sell Stop;0.01;XAUUSD;4 097.51;4 127.66;3 983.45;2026.04.14 01:05:03;4 746.55;;;;cancelled
2026.04.13 22:00:00;Sell Stop;0.04;XAUUSD;4 097.69;4 109.61;4 028.57;2026.04.14 01:05:02;4 746.52;;;;cancelled
2026.04.13 22:00:00;Buy Stop;0.04;XAUUSD;4 861.61;4 849.69;4 930.73;2026.04.14 01:05:02;4 746.82;;;;cancelled
2026.04.13 01:05:01;Buy Stop;0.01;XAUUSD;4 862.71;4 832.26;4 977.91;2026.04.14 01:05:02;4 746.83;;;;cancelled
2026.04.13 01:05:00;Sell Stop;0.01;XAUUSD;4 098.04;4 150.73;3 995.18;2026.04.14 01:05:02;4 746.59;;;;cancelled
2026.04.13 01:05:00;Buy Stop;0.01;XAUUSD;5 422.53;5 369.84;5 525.39;2026.04.14 01:05:02;4 746.90;;;;cancelled
2026.04.13 01:05:00;Buy Stop;0.02;XAUUSD;4 861.93;4 832.99;4 884.06;2026.04.14 01:05:02;4 746.83;;;;cancelled
2026.04.07 18:00:00;Sell Stop;0.02;XAUUSD;4 093.52;4 197.02;3 949.88;2026.04.14 01:05:02;4 746.56;;;;cancelled
2026.04.07 18:00:00;Buy Stop;0.02;XAUUSD;5 423.58;5 320.08;5 567.22;2026.04.14 01:05:02;4 746.88;;;;cancelled
2026.04.13 12:00:00;Sell Stop;0.04;XAUUSD;4 097.69;4 109.61;4 028.57;2026.04.13 22:00:00;4 738.44;;;;cancelled
2026.04.13 12:00:00;Buy Stop;0.04;XAUUSD;4 861.61;4 849.69;4 930.73;2026.04.13 22:00:00;4 738.36;;;;cancelled
2026.04.13 01:05:01;Sell Stop;0.04;XAUUSD;4 097.69;4 109.61;4 028.57;2026.04.13 12:00:00;4 723.40;;;;cancelled
2026.04.13 01:05:01;Buy Stop;0.04;XAUUSD;4 861.61;4 849.69;4 930.73;2026.04.13 12:00:00;4 723.45;;;;cancelled
2026.04.10 01:05:00;Buy Stop;0.01;XAUUSD;5 239.87;5 208.01;5 291.80;2026.04.13 01:05:02;4 670.85;;;;cancelled
2026.04.08 03:20:00;Buy Stop;0.01;XAUUSD;5 243.43;5 200.25;5 343.07;2026.04.13 01:05:02;4 670.79;;;;cancelled
2026.04.08 03:00:00;Buy Stop;0.02;XAUUSD;5 422.13;5 393.90;5 443.72;2026.04.13 01:05:02;4 670.69;;;;cancelled
2026.04.08 02:00:00;Buy Stop;0.01;XAUUSD;5 242.20;5 212.49;5 354.57;2026.04.13 01:05:02;4 670.69;;;;cancelled
2026.04.08 02:00:00;Buy Stop;0.01;XAUUSD;5 228.04;5 131.40;5 354.42;2026.04.13 01:05:02;4 670.69;;;;cancelled
2026.04.08 01:05:00;Buy Stop;0.02;XAUUSD;5 410.26;5 367.97;5 490.62;2026.04.13 01:05:02;4 670.79;;;;cancelled
2026.03.26 00:05:00;Sell Stop;0.03;XAUUSD;4 104.58;4 136.64;3 842.78;2026.04.13 01:05:02;4 669.53;;;;cancelled
2026.04.10 19:10:00;Sell Stop;0.01;XAUUSD;4 097.23;4 129.09;4 045.30;2026.04.13 01:05:01;4 669.49;;;;cancelled
2026.04.10 01:05:00;Sell Stop;0.02;XAUUSD;4 104.54;4 168.21;4 021.27;2026.04.13 01:05:01;4 670.08;;;;cancelled
2026.04.07 01:05:01;Sell Stop;0.01;XAUUSD;4 097.34;4 140.49;3 997.76;2026.04.13 01:05:01;4 669.76;;;;cancelled
2026.03.26 00:05:00;Sell Stop;0.03;XAUUSD;4 100.59;4 141.00;4 023.80;2026.04.13 01:05:01;4 669.76;;;;cancelled
2026.03.23 02:35:21;Buy Stop;0.15;XAUUSD;5 417.44;5 411.44;5 434.44;2026.04.13 01:05:01;4 671.02;;;;cancelled
2026.04.10 22:00:00;Sell Stop;0.04;XAUUSD;4 097.70;4 109.50;4 029.25;2026.04.13 01:05:00;4 670.36;;;;cancelled
2026.04.10 10:00:00;Sell Stop;0.01;XAUUSD;4 098.05;4 150.22;3 996.19;2026.04.13 01:05:00;4 669.09;;;;cancelled
2026.04.10 10:00:00;Buy Stop;0.01;XAUUSD;5 422.49;5 370.32;5 524.35;2026.04.13 01:05:00;4 670.53;;;;cancelled
2026.04.10 03:00:00;Buy Stop;0.02;XAUUSD;5 226.20;5 162.53;5 309.47;2026.04.13 01:05:00;4 671.33;;;;cancelled
2026.03.27 00:05:00;Sell Stop;0.02;XAUUSD;4 099.56;4 155.20;4 016.09;2026.04.13 01:05:00;4 670.21;;;;cancelled
2026.03.26 00:05:00;Sell Stop;0.01;XAUUSD;4 118.39;4 209.03;3 999.86;2026.04.13 01:05:00;4 669.39;;;;cancelled
2026.04.10 12:00:00;Sell Stop;0.04;XAUUSD;4 097.70;4 109.50;4 029.25;2026.04.10 22:00:00;4 765.32;;;;cancelled
2026.04.08 22:10:00;Sell Stop;0.01;XAUUSD;4 097.24;4 128.63;4 046.09;2026.04.10 19:10:00;4 756.57;;;;cancelled
2026.04.10 01:05:00;Sell Stop;0.04;XAUUSD;4 097.70;4 109.50;4 029.25;2026.04.10 12:00:00;4 740.91;;;;cancelled
2026.04.08 18:00:00;Sell Stop;0.01;XAUUSD;4 098.05;4 149.44;3 997.71;2026.04.10 10:00:00;4 745.70;;;;cancelled
2026.04.08 18:00:00;Buy Stop;0.01;XAUUSD;5 422.44;5 371.05;5 522.78;2026.04.10 10:00:00;4 745.79;;;;cancelled
2026.04.08 02:00:01;Buy Stop;0.01;XAUUSD;5 224.69;5 153.11;5 318.29;2026.04.10 03:00:00;4 763.93;;;;cancelled
2026.04.09 14:00:00;Sell Stop;0.04;XAUUSD;4 097.70;4 109.50;4 029.27;2026.04.10 01:05:00;4 772.43;;;;cancelled
2026.04.08 03:10:00;Buy Stop;0.01;XAUUSD;5 239.84;5 208.45;5 290.99;2026.04.10 01:05:00;4 772.67;;;;cancelled
2026.04.08 01:05:00;Sell Stop;0.01;XAUUSD;4 105.33;4 176.91;4 011.73;2026.04.10 01:05:00;4 772.43;;;;cancelled
2026.04.08 02:00:01;Buy Stop;0.02;XAUUSD;5 235.69;5 180.57;5 450.64;2026.04.09 22:00:00;4 772.28;;;;cancelled
2026.04.09 04:00:00;Sell Stop;0.04;XAUUSD;4 097.70;4 109.50;4 029.27;2026.04.09 14:00:00;4 741.01;;;;cancelled
2026.04.07 06:00:00;Sell Stop;0.02;XAUUSD;4 560.51;4 615.52;4 345.99;2026.04.09 14:00:00;4 741.42;;;;cancelled
2026.04.08 23:00:00;Buy Stop;0.04;XAUUSD;5 241.12;5 229.50;5 308.54;2026.04.09 09:00:00;4 713.34;;;;cancelled
2026.03.30 19:59:51;Sell Stop;0.01;XAUUSD;4 097.56;4 125.53;3 991.78;2026.04.09 05:00:00;4 727.40;;;;cancelled
2026.04.08 18:00:00;Sell Stop;0.04;XAUUSD;4 097.71;4 109.33;4 030.29;2026.04.09 04:00:00;4 706.85;;;;cancelled
2026.03.23 02:00:01;Buy Stop;0.02;XAUUSD;5 413.45;5 360.90;5 492.28;2026.04.09 03:00:00;4 715.88;;;;cancelled
2026.04.08 13:00:00;Buy Stop;0.04;XAUUSD;5 241.12;5 229.50;5 308.54;2026.04.08 23:00:00;4 730.54;;;;cancelled
2026.04.07 01:05:01;Sell Stop;0.01;XAUUSD;4 097.24;4 128.61;4 046.12;2026.04.08 22:10:00;4 707.90;;;;cancelled
2026.04.01 22:00:00;Sell Stop;0.02;XAUUSD;4 098.01;4 125.41;4 077.06;2026.04.08 19:00:00;4 756.31;;;;cancelled
2026.03.30 19:59:51;Buy Stop;0.03;XAUUSD;5 422.13;5 373.75;5 516.59;2026.04.08 19:00:00;4 756.35;;;;cancelled
2026.03.30 19:59:49;Sell Stop;0.03;XAUUSD;4 098.05;4 147.89;4 000.74;2026.04.08 19:00:00;4 756.29;;;;cancelled
2026.04.08 08:00:00;Sell Stop;0.04;XAUUSD;4 097.71;4 109.33;4 030.29;2026.04.08 18:00:00;4 736.51;;;;cancelled
2026.04.07 01:05:00;Sell Stop;0.01;XAUUSD;4 098.05;4 149.41;3 997.77;2026.04.08 18:00:00;4 736.39;;;;cancelled
2026.04.07 01:05:00;Buy Stop;0.01;XAUUSD;5 422.44;5 371.08;5 522.72;2026.04.08 18:00:00;4 736.11;;;;cancelled
2026.04.08 03:00:00;Buy Stop;0.04;XAUUSD;5 241.12;5 229.50;5 308.54;2026.04.08 13:00:00;4 783.47;;;;cancelled
2026.04.07 22:00:00;Sell Stop;0.04;XAUUSD;4 097.71;4 109.33;4 030.33;2026.04.08 08:00:00;4 803.68;;;;cancelled
2026.04.08 01:54:02;Buy;0.01;XAUUSD;4 786.60;4 799.75;4 880.06;2026.04.08 04:20:15;4 800.17;-0.19;;13.57;[sl]
2026.04.08 01:54:35;Buy;0.03;XAUUSD;4 793.40;4 817.57;5 068.84;2026.04.08 03:33:19;4 817.19;-0.58;;71.37;[sl]
2026.04.08 01:55:54;Buy;0.01;XAUUSD;4 806.67;4 829.92;4 904.84;2026.04.08 03:17:36;4 829.74;-0.19;;23.07;[sl]
2026.04.08 01:54:37;Buy;0.01;XAUUSD;4 801.44;4 828.11;4 852.76;2026.04.08 03:06:38;4 853.07;-0.19;;51.63;[tp]
2026.04.08 01:55:46;Buy;0.02;XAUUSD;4 803.71;4 775.42;4 824.80;2026.04.08 02:03:43;4 824.84;-0.38;;42.26;[tp]
2026.04.08 01:55:46;Buy;0.04;XAUUSD;4 803.01;4 803.01;4 870.31;2026.04.08 02:00:46;4 801.95;-0.77;;-4.24;[sl]
2026.04.08 01:54:37;Buy;0.02;XAUUSD;4 798.95;4 766.02;5 011.87;2026.04.08 02:00:00;4 818.59;-0.38;;39.28;
2026.04.08 01:55:47;Buy;0.01;XAUUSD;4 803.85;4 814.18;4 916.34;2026.04.08 01:59:06;4 813.77;-0.19;;9.92;[sl]
2026.04.08 01:54:30;Buy;0.01;XAUUSD;4 790.89;4 807.80;4 916.19;2026.04.08 01:56:00;4 807.65;-0.19;;16.76;[sl]
2026.04.07 01:05:01;Buy Stop;0.01;XAUUSD;5 239.84;5 208.47;5 290.96;2026.04.08 01:05:01;4 744.59;;;;cancelled
2026.04.07 01:05:00;Buy Stop;0.01;XAUUSD;5 243.43;5 200.28;5 343.01;2026.04.08 01:05:01;4 744.69;;;;cancelled
2026.03.30 01:05:00;Buy Stop;0.01;XAUUSD;5 228.49;5 135.99;5 349.46;2026.04.08 01:05:01;4 744.69;;;;cancelled
2026.03.23 02:00:02;Buy Stop;0.03;XAUUSD;5 412.45;5 381.56;5 664.68;2026.04.08 01:05:01;4 744.59;;;;cancelled
2026.04.07 22:00:00;Buy Stop;0.04;XAUUSD;5 241.12;5 229.50;5 308.50;2026.04.08 01:05:00;4 744.83;;;;cancelled
2026.04.07 01:05:00;Buy Stop;0.02;XAUUSD;5 422.13;5 393.92;5 443.71;2026.04.08 01:05:00;4 744.84;;;;cancelled
2026.04.06 01:05:00;Sell Stop;0.01;XAUUSD;4 105.76;4 181.62;4 006.56;2026.04.08 01:05:00;4 744.57;;;;cancelled
2026.04.06 01:05:00;Buy Stop;0.01;XAUUSD;5 223.86;5 148.00;5 323.06;2026.04.08 01:05:00;4 745.27;;;;cancelled
2026.03.31 04:45:00;Buy Stop;0.01;XAUUSD;5 242.07;5 213.37;5 350.62;2026.04.08 01:05:00;4 744.76;;;;cancelled
2026.03.23 00:05:04;Buy Stop;0.02;XAUUSD;5 411.00;5 372.25;5 484.62;2026.04.08 01:05:00;4 745.43;;;;cancelled
2026.04.07 12:00:00;Sell Stop;0.04;XAUUSD;4 097.71;4 109.33;4 030.33;2026.04.07 22:00:00;4 662.67;;;;cancelled
2026.04.07 12:00:00;Buy Stop;0.04;XAUUSD;5 241.12;5 229.50;5 308.50;2026.04.07 22:00:00;4 662.79;;;;cancelled
2026.03.30 19:59:48;Sell Stop;0.02;XAUUSD;4 093.79;4 191.28;3 958.49;2026.04.07 18:00:00;4 633.31;;;;cancelled
2026.03.30 19:59:48;Buy Stop;0.02;XAUUSD;5 423.32;5 325.83;5 558.62;2026.04.07 18:00:00;4 633.37;;;;cancelled
2026.04.07 01:05:00;Sell Stop;0.04;XAUUSD;4 097.71;4 109.33;4 030.33;2026.04.07 12:00:00;4 682.84;;;;cancelled
2026.04.07 01:05:00;Buy Stop;0.04;XAUUSD;5 241.12;5 229.50;5 308.50;2026.04.07 12:00:00;4 683.21;;;;cancelled
2026.03.30 18:00:00;Sell Stop;0.02;XAUUSD;4 358.26;4 412.02;4 148.61;2026.04.07 06:00:00;4 650.64;;;;cancelled
2026.04.06 01:05:02;Sell Stop;0.01;XAUUSD;4 097.22;4 129.35;4 044.86;2026.04.07 01:05:02;4 661.77;;;;cancelled
2026.04.06 01:05:02;Buy Stop;0.01;XAUUSD;5 239.88;5 207.75;5 292.24;2026.04.07 01:05:02;4 662.11;;;;cancelled
2026.04.06 01:05:01;Sell Stop;0.01;XAUUSD;4 097.32;4 141.52;3 995.32;2026.04.07 01:05:02;4 661.78;;;;cancelled
2026.04.06 22:00:00;Sell Stop;0.04;XAUUSD;4 097.69;4 109.59;4 028.67;2026.04.07 01:05:01;4 661.78;;;;cancelled
2026.04.06 22:00:00;Buy Stop;0.04;XAUUSD;5 241.19;5 229.29;5 310.21;2026.04.07 01:05:01;4 662.15;;;;cancelled
2026.04.06 17:00:00;Buy Stop;0.02;XAUUSD;5 422.20;5 393.30;5 444.30;2026.04.07 01:05:01;4 662.10;;;;cancelled
2026.04.06 01:05:01;Buy Stop;0.01;XAUUSD;5 243.55;5 199.35;5 345.55;2026.04.07 01:05:01;4 662.11;;;;cancelled
2026.04.06 01:05:00;Sell Stop;0.01;XAUUSD;4 098.04;4 150.65;3 995.32;2026.04.07 01:05:01;4 661.82;;;;cancelled
2026.04.06 01:05:00;Buy Stop;0.01;XAUUSD;5 422.52;5 369.91;5 525.24;2026.04.07 01:05:01;4 662.12;;;;cancelled
2026.04.06 12:00:00;Sell Stop;0.04;XAUUSD;4 097.69;4 109.59;4 028.67;2026.04.06 22:00:00;4 658.20;;;;cancelled
2026.04.06 12:00:00;Buy Stop;0.04;XAUUSD;5 241.19;5 229.29;5 310.21;2026.04.06 22:00:00;4 658.37;;;;cancelled
2026.03.31 05:00:00;Buy Stop;0.02;XAUUSD;5 235.74;5 181.53;5 447.14;2026.04.06 22:00:00;4 658.39;;;;cancelled
2026.03.30 19:59:48;Buy Stop;0.02;XAUUSD;5 421.95;5 395.37;5 442.27;2026.04.06 17:00:00;4 680.85;;;;cancelled
2026.04.06 01:05:01;Sell Stop;0.04;XAUUSD;4 097.69;4 109.59;4 028.67;2026.04.06 12:00:00;4 696.17;;;;cancelled
2026.04.06 01:05:01;Buy Stop;0.04;XAUUSD;5 241.19;5 229.29;5 310.21;2026.04.06 12:00:00;4 696.36;;;;cancelled
2026.04.02 02:50:00;Buy Stop;0.01;XAUUSD;5 239.85;5 208.33;5 291.22;2026.04.06 01:05:01;4 638.19;;;;cancelled
2026.04.01 17:00:00;Sell Stop;0.01;XAUUSD;4 097.27;4 127.73;4 047.64;2026.04.06 01:05:01;4 636.79;;;;cancelled
2026.03.31 05:20:00;Buy Stop;0.01;XAUUSD;5 243.26;5 201.55;5 339.51;2026.04.06 01:05:01;4 638.30;;;;cancelled
2026.03.30 19:59:52;Sell Stop;0.01;XAUUSD;4 097.39;4 138.04;4 003.59;2026.04.06 01:05:01;4 637.01;;;;cancelled
2026.04.02 19:00:00;Sell Stop;0.04;XAUUSD;4 097.70;4 109.38;4 029.98;2026.04.06 01:05:00;4 637.17;;;;cancelled
2026.04.02 19:00:00;Buy Stop;0.04;XAUUSD;5 241.14;5 229.46;5 308.86;2026.04.06 01:05:00;4 638.21;;;;cancelled
2026.04.01 12:00:00;Sell Stop;0.01;XAUUSD;4 098.05;4 147.92;4 000.68;2026.04.06 01:05:00;4 637.69;;;;cancelled
2026.04.01 12:00:00;Buy Stop;0.01;XAUUSD;5 422.35;5 372.48;5 519.72;2026.04.06 01:05:00;4 638.52;;;;cancelled
2026.04.01 01:05:00;Sell Stop;0.01;XAUUSD;4 105.70;4 180.96;4 007.28;2026.04.06 01:05:00;4 637.43;;;;cancelled
2026.04.01 01:05:00;Buy Stop;0.01;XAUUSD;5 223.98;5 148.72;5 322.40;2026.04.06 01:05:00;4 638.52;;;;cancelled
2026.03.26 01:00:00;Buy Stop;0.02;XAUUSD;5 417.16;5 357.84;5 496.25;2026.04.06 01:05:00;4 638.20;;;;cancelled
2026.03.26 00:05:00;Sell Stop;0.02;XAUUSD;4 105.09;4 164.41;4 026.00;2026.04.06 01:05:00;4 637.17;;;;cancelled
2026.04.02 09:00:00;Sell Stop;0.04;XAUUSD;4 097.70;4 109.38;4 029.98;2026.04.02 19:00:00;4 661.07;;;;cancelled
2026.04.02 09:00:00;Buy Stop;0.04;XAUUSD;5 241.14;5 229.46;5 308.86;2026.04.02 19:00:00;4 661.17;;;;cancelled
2026.04.01 23:00:00;Sell Stop;0.04;XAUUSD;4 097.72;4 109.00;4 032.29;2026.04.02 09:00:00;4 594.75;;;;cancelled
2026.04.01 23:00:00;Buy Stop;0.04;XAUUSD;5 241.04;5 229.76;5 306.47;2026.04.02 09:00:00;4 594.92;;;;cancelled
2026.03.31 05:50:00;Buy Stop;0.01;XAUUSD;5 239.80;5 209.48;5 289.21;2026.04.02 02:50:00;4 784.23;;;;cancelled
2026.04.01 12:00:01;Sell Stop;0.04;XAUUSD;4 097.72;4 109.00;4 032.29;2026.04.01 23:00:00;4 766.12;;;;cancelled
2026.04.01 12:00:01;Buy Stop;0.04;XAUUSD;5 241.04;5 229.76;5 306.47;2026.04.01 23:00:00;4 766.78;;;;cancelled
2026.03.26 00:05:00;Sell Stop;0.02;XAUUSD;4 098.01;4 125.16;4 077.25;2026.04.01 22:00:00;4 753.33;;;;cancelled
2026.03.30 19:59:52;Sell Stop;0.01;XAUUSD;4 097.29;4 126.84;4 049.14;2026.04.01 17:00:00;4 734.52;;;;cancelled
2026.04.01 02:00:00;Sell Stop;0.04;XAUUSD;4 097.72;4 109.00;4 032.29;2026.04.01 12:00:00;4 728.73;;;;cancelled
2026.04.01 01:05:00;Buy Stop;0.04;XAUUSD;5 241.04;5 229.76;5 306.47;2026.04.01 12:00:00;4 728.82;;;;cancelled
2026.03.30 19:59:48;Sell Stop;0.01;XAUUSD;4 098.05;4 146.43;4 003.59;2026.04.01 12:00:00;4 728.67;;;;cancelled
2026.03.30 19:59:48;Buy Stop;0.01;XAUUSD;5 422.25;5 373.87;5 516.71;2026.04.01 12:00:00;4 728.86;;;;cancelled
2026.03.31 16:00:00;Sell Stop;0.04;XAUUSD;4 097.72;4 108.95;4 032.59;2026.04.01 02:00:00;4 681.22;;;;cancelled
2026.03.31 15:00:00;Buy Stop;0.04;XAUUSD;5 241.03;5 229.80;5 306.16;2026.04.01 01:05:00;4 674.80;;;;cancelled
2026.03.30 01:05:00;Sell Stop;0.01;XAUUSD;4 105.61;4 180.01;4 008.32;2026.04.01 01:05:00;4 674.60;;;;cancelled
2026.03.30 01:05:00;Buy Stop;0.01;XAUUSD;5 224.14;5 149.74;5 321.43;2026.04.01 01:05:00;4 674.80;;;;cancelled
2026.03.31 06:00:00;Sell Stop;0.04;XAUUSD;4 097.72;4 108.95;4 032.59;2026.03.31 16:00:00;4 575.20;;;;cancelled
2026.03.31 05:00:00;Buy Stop;0.04;XAUUSD;5 241.03;5 229.80;5 306.16;2026.03.31 15:00:00;4 582.49;;;;cancelled
2026.03.30 19:59:51;Sell Stop;0.04;XAUUSD;4 097.73;4 108.67;4 034.26;2026.03.31 06:00:00;4 567.90;;;;cancelled
2026.03.31 04:41:10;Buy;0.02;XAUUSD;4 600.17;4 566.26;4 808.63;2026.03.31 05:55:43;4 566.06;-0.37;;-68.22;[sl]
2026.03.31 04:41:14;Buy;0.01;XAUUSD;4 606.97;4 576.62;4 652.22;2026.03.31 05:46:41;4 576.74;-0.18;;-30.23;[sl]
2026.03.31 04:41:15;Buy;0.01;XAUUSD;4 607.16;4 587.94;4 701.25;2026.03.31 05:15:35;4 587.40;-0.18;;-19.76;[sl]
2026.03.31 04:41:14;Buy;0.04;XAUUSD;4 606.39;4 606.39;4 668.75;2026.03.31 04:46:45;4 605.85;-0.74;;-2.16;[sl]
2026.03.31 04:41:14;Buy;0.01;XAUUSD;4 606.97;4 616.95;4 712.07;2026.03.31 04:44:02;4 616.97;-0.18;;10.00;[sl]
2026.03.26 00:05:00;Sell Stop;0.01;XAUUSD;4 097.37;4 138.89;4 001.56;2026.03.30 19:59:53;4 539.74;;;;cancelled
2026.03.26 00:05:00;Sell Stop;0.01;XAUUSD;4 097.55;4 126.12;3 989.50;2026.03.30 19:59:53;4 539.71;;;;cancelled
2026.03.26 00:05:00;Sell Stop;0.02;XAUUSD;4 093.70;4 193.28;3 955.50;2026.03.30 19:59:53;4 539.66;;;;cancelled
2026.03.25 00:05:01;Buy Stop;0.01;XAUUSD;5 242.00;5 213.81;5 348.64;2026.03.30 19:59:53;4 539.73;;;;cancelled
2026.03.25 00:05:00;Buy Stop;0.03;XAUUSD;5 422.16;5 373.39;5 517.38;2026.03.30 19:59:53;4 539.70;;;;cancelled
2026.03.25 00:05:00;Buy Stop;0.02;XAUUSD;5 423.35;5 325.07;5 559.74;2026.03.30 19:59:53;4 539.70;;;;cancelled
2026.03.27 21:05:00;Sell Stop;0.01;XAUUSD;4 097.27;4 127.71;4 047.67;2026.03.30 19:59:52;4 539.73;;;;cancelled
2026.03.26 21:10:00;Buy Stop;0.01;XAUUSD;5 239.79;5 209.61;5 288.97;2026.03.30 19:59:52;4 539.70;;;;cancelled
2026.03.25 00:05:00;Buy Stop;0.02;XAUUSD;5 421.98;5 395.19;5 442.47;2026.03.30 19:59:52;4 539.70;;;;cancelled
2026.03.27 17:00:00;Sell Stop;0.04;XAUUSD;4 097.72;4 108.99;4 032.33;2026.03.30 19:59:51;4 539.68;;;;cancelled
2026.03.27 13:00:01;Buy Stop;0.04;XAUUSD;5 241.04;5 229.77;5 306.43;2026.03.30 19:59:51;4 539.73;;;;cancelled
2026.03.25 00:05:01;Buy Stop;0.01;XAUUSD;5 243.18;5 202.21;5 337.74;2026.03.30 19:59:51;4 539.77;;;;cancelled
2026.03.27 00:05:00;Sell Stop;0.02;XAUUSD;4 098.05;4 147.89;4 000.74;2026.03.30 19:59:49;4 539.88;;;;cancelled
2026.03.27 00:05:00;Sell Stop;0.01;XAUUSD;4 098.05;4 147.89;4 000.74;2026.03.30 19:59:48;4 539.54;;;;cancelled
2026.03.26 17:00:00;Buy Stop;0.01;XAUUSD;5 422.32;5 372.90;5 518.80;2026.03.30 19:59:48;4 539.60;;;;cancelled
2026.03.25 05:00:00;Sell Stop;0.02;XAUUSD;4 105.00;4 157.54;3 900.11;2026.03.30 18:00:00;4 538.83;;;;cancelled
2026.03.27 01:00:00;Buy Stop;0.01;XAUUSD;5 224.23;5 150.29;5 320.92;2026.03.30 01:05:00;4 513.48;;;;cancelled
2026.03.26 00:05:00;Sell Stop;0.01;XAUUSD;4 105.49;4 178.74;4 009.70;2026.03.30 01:05:00;4 510.44;;;;cancelled
2026.03.13 00:05:00;Buy Stop;0.01;XAUUSD;5 229.63;5 147.75;5 336.71;2026.03.30 01:05:00;4 514.00;;;;cancelled
2026.03.26 00:05:00;Sell Stop;0.01;XAUUSD;4 097.28;4 127.46;4 048.10;2026.03.27 21:05:00;4 508.41;;;;cancelled
2026.03.27 07:00:00;Sell Stop;0.04;XAUUSD;4 097.72;4 108.99;4 032.33;2026.03.27 17:00:00;4 509.24;;;;cancelled
2026.03.27 03:00:00;Buy Stop;0.04;XAUUSD;5 241.04;5 229.77;5 306.43;2026.03.27 13:00:01;4 415.33;;;;cancelled
2026.03.26 21:00:00;Sell Stop;0.04;XAUUSD;4 097.72;4 108.90;4 032.89;2026.03.27 07:00:00;4 445.50;;;;cancelled
2026.03.26 17:00:00;Buy Stop;0.04;XAUUSD;5 241.02;5 229.84;5 305.85;2026.03.27 03:00:00;4 378.76;;;;cancelled
2026.03.25 01:00:00;Buy Stop;0.01;XAUUSD;5 224.44;5 151.61;5 319.68;2026.03.27 01:00:00;4 411.55;;;;cancelled
2026.03.12 13:00:00;Buy Stop;0.02;XAUUSD;5 236.02;5 187.39;5 425.69;2026.03.27 01:00:00;4 411.59;;;;cancelled
2026.03.26 12:00:00;Sell Stop;0.01;XAUUSD;3 886.55;3 935.97;3 790.07;2026.03.27 00:05:00;4 387.17;;;;cancelled
2026.03.23 03:00:00;Sell Stop;0.17;XAUUSD;3 887.37;3 893.37;3 870.37;2026.03.27 00:05:00;4 387.17;;;;cancelled
2026.03.23 03:00:00;Sell Stop;0.02;XAUUSD;3 886.55;3 937.94;3 786.21;2026.03.27 00:05:00;4 387.17;;;;cancelled
2026.03.23 03:00:00;Sell Stop;0.02;XAUUSD;3 269.51;3 322.06;3 190.68;2026.03.27 00:05:00;4 387.17;;;;cancelled
2026.03.25 00:05:01;Buy Stop;0.01;XAUUSD;5 239.77;5 209.98;5 288.31;2026.03.26 21:10:00;4 386.21;;;;cancelled
2026.03.26 11:00:00;Sell Stop;0.04;XAUUSD;4 097.72;4 108.90;4 032.89;2026.03.26 21:00:00;4 395.14;;;;cancelled
2026.03.26 07:00:00;Buy Stop;0.04;XAUUSD;5 241.02;5 229.84;5 305.85;2026.03.26 17:00:00;4 465.52;;;;cancelled
2026.03.25 00:05:00;Buy Stop;0.01;XAUUSD;5 422.28;5 373.51;5 517.50;2026.03.26 17:00:00;4 465.30;;;;cancelled
2026.03.24 20:00:00;Sell Stop;0.01;XAUUSD;3 886.55;3 935.72;3 790.56;2026.03.26 12:00:00;4 423.63;;;;cancelled
2026.03.26 00:05:00;Sell Stop;0.04;XAUUSD;4 097.72;4 108.90;4 032.89;2026.03.26 11:00:00;4 427.69;;;;cancelled
2026.03.25 21:00:00;Buy Stop;0.04;XAUUSD;5 240.99;5 229.96;5 304.97;2026.03.26 07:00:00;4 520.85;;;;cancelled
2026.03.16 00:05:01;Buy Stop;0.02;XAUUSD;5 417.33;5 363.15;5 489.57;2026.03.26 01:00:00;4 517.87;;;;cancelled
2026.03.25 21:10:00;Sell Stop;0.01;XAUUSD;4 021.32;4 051.11;3 972.78;2026.03.26 00:05:01;4 523.35;;;;cancelled
2026.03.25 09:00:00;Sell Stop;0.01;XAUUSD;4 005.59;4 078.42;3 910.35;2026.03.26 00:05:01;4 522.74;;;;cancelled
2026.03.25 00:05:00;Sell Stop;0.02;XAUUSD;3 882.26;3 980.54;3 745.87;2026.03.26 00:05:01;4 522.87;;;;cancelled
2026.03.24 00:05:01;Sell Stop;0.01;XAUUSD;4 021.41;4 062.72;3 926.09;2026.03.26 00:05:01;4 523.07;;;;cancelled
2026.03.24 00:05:00;Sell Stop;0.01;XAUUSD;4 021.58;4 050.00;3 914.08;2026.03.26 00:05:01;4 523.12;;;;cancelled
2026.03.24 00:05:00;Sell Stop;0.02;XAUUSD;3 886.51;3 913.52;3 865.86;2026.03.26 00:05:00;4 522.71;;;;cancelled
2026.03.23 09:00:00;Sell Stop;0.01;XAUUSD;4 017.37;4 102.82;3 905.62;2026.03.26 00:05:00;4 522.62;;;;cancelled
2026.03.24 00:05:01;Sell Stop;0.01;XAUUSD;4 021.31;4 051.34;3 972.38;2026.03.25 21:10:00;4 503.56;;;;cancelled
2026.03.25 11:00:00;Buy Stop;0.04;XAUUSD;5 240.99;5 229.96;5 304.97;2026.03.25 21:00:00;4 538.45;;;;cancelled
2026.03.25 00:05:00;Buy Stop;0.04;XAUUSD;5 240.99;5 229.96;5 304.97;2026.03.25 11:00:00;4 556.17;;;;cancelled
2026.03.23 09:00:00;Sell Stop;0.02;XAUUSD;4 005.21;4 074.19;3 915.01;2026.03.25 09:00:00;4 544.96;;;;cancelled
2026.03.23 00:05:03;Buy Stop;0.01;XAUUSD;5 225.19;5 156.21;5 315.39;2026.03.25 01:00:00;4 484.52;;;;cancelled
2026.03.24 00:05:01;Buy Stop;0.01;XAUUSD;5 239.78;5 209.75;5 288.71;2026.03.25 00:05:02;4 479.58;;;;cancelled
2026.03.24 00:05:01;Buy Stop;0.01;XAUUSD;5 243.22;5 201.91;5 338.54;2026.03.25 00:05:02;4 479.56;;;;cancelled
2026.03.24 00:05:00;Buy Stop;0.01;XAUUSD;5 242.03;5 213.61;5 349.53;2026.03.25 00:05:02;4 479.58;;;;cancelled
2026.03.24 21:00:00;Buy Stop;0.04;XAUUSD;5 241.01;5 229.89;5 305.51;2026.03.25 00:05:01;4 479.63;;;;cancelled
2026.03.24 00:05:00;Buy Stop;0.02;XAUUSD;5 422.18;5 373.01;5 518.17;2026.03.25 00:05:01;4 479.65;;;;cancelled
2026.03.24 00:05:00;Sell Stop;0.02;XAUUSD;3 882.22;3 981.30;3 744.72;2026.03.25 00:05:01;4 479.51;;;;cancelled
2026.03.24 00:05:00;Buy Stop;0.02;XAUUSD;5 423.39;5 324.31;5 560.89;2026.03.25 00:05:01;4 479.68;;;;cancelled
2026.03.24 00:05:00;Buy Stop;0.01;XAUUSD;5 422.30;5 373.13;5 518.29;2026.03.25 00:05:01;4 479.68;;;;cancelled
2026.03.24 00:05:00;Buy Stop;0.02;XAUUSD;5 422.00;5 394.99;5 442.65;2026.03.25 00:05:01;4 479.68;;;;cancelled
2026.03.24 11:00:00;Buy Stop;0.04;XAUUSD;5 241.01;5 229.89;5 305.51;2026.03.24 21:00:00;4 389.13;;;;cancelled
2026.03.23 04:00:00;Sell Stop;0.01;XAUUSD;3 886.55;3 937.94;3 786.21;2026.03.24 20:00:00;4 388.73;;;;cancelled
2026.03.24 00:05:00;Buy Stop;0.04;XAUUSD;5 241.01;5 229.89;5 305.51;2026.03.24 11:00:00;4 412.54;;;;cancelled
2026.03.23 22:00:00;Buy Stop;0.04;XAUUSD;5 241.12;5 229.50;5 308.54;2026.03.24 00:05:02;4 383.44;;;;cancelled
2026.03.23 08:55:00;Sell Stop;0.01;XAUUSD;4 021.37;4 064.55;3 921.73;2026.03.24 00:05:02;4 382.26;;;;cancelled
2026.03.23 08:50:00;Sell Stop;0.01;XAUUSD;4 021.27;4 052.66;3 970.12;2026.03.24 00:05:02;4 381.08;;;;cancelled
2026.03.23 08:50:00;Sell Stop;0.01;XAUUSD;4 021.55;4 051.26;3 909.18;2026.03.24 00:05:02;4 382.32;;;;cancelled
2026.03.23 00:05:11;Buy Stop;0.01;XAUUSD;5 239.84;5 208.45;5 290.99;2026.03.24 00:05:02;4 382.35;;;;cancelled
2026.03.23 00:05:08;Buy Stop;0.01;XAUUSD;5 243.43;5 200.25;5 343.07;2026.03.24 00:05:02;4 383.48;;;;cancelled
2026.03.23 00:05:07;Buy Stop;0.01;XAUUSD;5 242.20;5 212.49;5 354.57;2026.03.24 00:05:02;4 383.31;;;;cancelled
2026.03.23 00:05:04;Buy Stop;0.02;XAUUSD;5 422.32;5 370.93;5 522.66;2026.03.24 00:05:02;4 383.14;;;;cancelled
2026.03.23 09:00:00;Sell Stop;0.02;XAUUSD;3 886.50;3 914.73;3 864.91;2026.03.24 00:05:01;4 381.60;;;;cancelled
2026.03.23 03:00:00;Sell Stop;0.02;XAUUSD;3 882.02;3 985.58;3 738.30;2026.03.24 00:05:01;4 382.19;;;;cancelled
2026.03.23 02:35:21;Buy Stop;0.02;XAUUSD;5 423.58;5 320.02;5 567.30;2026.03.24 00:05:01;4 383.37;;;;cancelled
2026.03.23 00:05:02;Buy Stop;0.01;XAUUSD;5 422.44;5 371.05;5 522.78;2026.03.24 00:05:01;4 382.44;;;;cancelled
2026.03.23 00:05:00;Buy Stop;0.01;XAUUSD;5 422.13;5 393.90;5 443.72;2026.03.24 00:05:01;4 382.68;;;;cancelled
2026.03.23 11:00:01;Buy Stop;0.04;XAUUSD;5 241.12;5 229.50;5 308.54;2026.03.23 22:00:00;4 399.14;;;;cancelled
2026.03.23 00:05:06;Buy Stop;0.03;XAUUSD;5 241.12;5 229.50;5 308.54;2026.03.23 11:00:01;4 252.07;;;;cancelled
2026.03.23 08:47:39;Sell;0.01;XAUUSD;4 169.10;4 212.59;4 069.77;2026.03.23 08:50:41;4 212.31;-0.17;;-43.21;[sl]
2026.03.23 08:47:39;Sell;0.01;XAUUSD;4 169.20;4 200.70;4 118.16;2026.03.23 08:49:42;4 200.85;-0.17;;-31.65;[sl]
2026.03.23 08:47:39;Sell;0.01;XAUUSD;4 169.25;4 199.30;4 178.49;2026.03.23 08:49:42;4 199.24;-0.17;;-29.99;[sl]
2026.03.23 08:02:52;Sell;0.01;XAUUSD;4 292.89;4 279.31;4 181.39;2026.03.23 08:46:45;4 181.16;-0.17;;111.73;[tp]
2026.03.23 08:05:52;Sell;0.01;XAUUSD;4 279.99;4 269.24;4 190.78;2026.03.23 08:44:52;4 189.94;-0.17;;90.05;[tp]
2026.03.23 08:07:08;Sell;0.01;XAUUSD;4 272.70;4 316.43;4 173.61;2026.03.23 08:08:01;4 282.20;-0.17;;-9.50;
2026.03.23 08:07:08;Sell;0.01;XAUUSD;4 272.32;4 304.54;4 222.00;2026.03.23 08:08:01;4 282.23;-0.17;;-9.91;
2026.03.23 08:07:07;Sell;0.01;XAUUSD;4 273.45;4 303.14;4 161.06;2026.03.23 08:08:00;4 281.98;-0.17;;-8.53;
2026.03.23 08:07:07;Sell;0.02;XAUUSD;4 273.59;4 302.14;4 252.32;2026.03.23 08:08:00;4 282.95;-0.34;;-18.72;
2026.03.23 02:15:19;Sell;0.01;XAUUSD;4 419.89;4 401.27;4 314.59;2026.03.23 03:08:18;4 401.81;-0.18;;18.08;[sl]
2026.03.23 02:34:44;Sell;0.01;XAUUSD;4 399.44;4 392.10;4 301.22;2026.03.23 03:06:03;4 392.14;-0.18;;7.30;[sl]
2026.03.23 02:15:34;Sell;0.01;XAUUSD;4 407.93;4 389.66;4 318.38;2026.03.23 03:05:16;4 389.66;-0.18;;18.27;[sl]
2026.03.23 02:34:44;Sell;0.01;XAUUSD;4 399.44;4 365.64;4 288.66;2026.03.23 02:58:46;4 365.91;-0.18;;33.53;[sl]
2026.03.23 02:34:43;Sell;0.02;XAUUSD;4 402.84;4 380.54;4 324.16;2026.03.23 02:52:50;4 324.01;-0.35;;157.66;[tp]
2026.03.23 02:34:44;Sell;0.01;XAUUSD;4 399.61;4 364.26;4 301.21;2026.03.23 02:44:22;4 365.51;-0.18;;34.10;[sl]
2026.03.23 02:34:44;Sell;0.02;XAUUSD;4 399.44;4 364.77;4 301.22;2026.03.23 02:44:22;4 365.51;-0.35;;67.86;[sl]
2026.03.23 02:15:34;Sell;0.02;XAUUSD;4 408.19;4 375.83;4 332.50;2026.03.23 02:37:59;4 332.45;-0.35;;151.48;[tp]
2026.03.23 02:34:44;Sell;0.01;XAUUSD;4 399.44;4 392.81;4 349.60;2026.03.23 02:36:40;4 348.58;-0.18;;50.86;[tp]
2026.03.23 02:35:08;Sell;0.01;XAUUSD;4 396.80;4 372.24;4 253.31;2026.03.23 02:36:07;4 372.62;-0.18;;24.18;[sl]
2026.03.23 02:34:44;Sell;0.01;XAUUSD;4 399.44;4 428.54;4 379.12;2026.03.23 02:35:23;4 378.76;-0.18;;20.68;[tp]
2026.03.23 00:05:03;Buy Stop;0.01;XAUUSD;5 423.58;5 320.02;5 567.30;2026.03.23 02:35:20;4 384.55;;;;cancelled
2026.03.06 01:05:00;Buy Stop;0.16;XAUUSD;5 417.44;5 411.44;5 434.44;2026.03.23 02:35:20;4 384.55;;;;cancelled
2026.03.23 02:34:44;Sell;0.16;XAUUSD;4 399.44;4 406.31;4 385.38;2026.03.23 02:35:20;4 384.83;-2.82;;233.76;[tp]
2026.03.23 02:15:37;Sell;0.02;XAUUSD;4 403.87;4 442.28;4 331.21;2026.03.23 02:25:10;4 442.35;-0.35;;-76.96;[sl]
2026.03.05 01:05:01;Buy Stop;0.03;XAUUSD;5 413.05;5 384.96;5 642.47;2026.03.23 02:00:01;4 465.67;;;;cancelled
2026.03.06 01:05:00;Buy Stop;0.02;XAUUSD;5 413.90;5 365.57;5 486.39;2026.03.23 02:00:00;4 465.69;;;;cancelled
2026.03.20 00:05:01;Sell Stop;0.01;XAUUSD;4 400.82;4 445.61;4 297.47;2026.03.23 00:05:17;4 472.64;;;;cancelled
2026.03.20 00:05:01;Buy Stop;0.01;XAUUSD;5 243.62;5 198.83;5 346.97;2026.03.23 00:05:16;4 473.83;;;;cancelled
2026.03.20 00:05:01;Sell Stop;0.01;XAUUSD;4 401.01;4 431.82;4 284.45;2026.03.23 00:05:16;4 472.63;;;;cancelled
2026.03.20 00:05:01;Buy Stop;0.01;XAUUSD;5 242.34;5 211.53;5 358.90;2026.03.23 00:05:15;4 473.82;;;;cancelled
2026.03.20 00:05:00;Buy Stop;0.02;XAUUSD;5 422.44;5 369.13;5 526.52;2026.03.23 00:05:14;4 474.21;;;;cancelled
2026.03.18 08:00:00;Sell Stop;0.02;XAUUSD;4 401.55;4 456.88;4 293.52;2026.03.23 00:05:14;4 472.92;;;;cancelled
2026.03.20 00:05:00;Sell Stop;0.01;XAUUSD;4 396.86;4 504.28;4 247.78;2026.03.23 00:05:13;4 473.01;;;;cancelled
2026.03.20 00:05:00;Buy Stop;0.01;XAUUSD;5 423.74;5 316.32;5 572.82;2026.03.23 00:05:12;4 474.07;;;;cancelled
2026.03.20 00:05:00;Buy Stop;0.01;XAUUSD;5 422.24;5 392.96;5 444.63;2026.03.23 00:05:12;4 474.01;;;;cancelled
2026.03.20 00:05:01;Buy Stop;0.01;XAUUSD;5 239.90;5 207.34;5 292.95;2026.03.23 00:05:10;4 474.14;;;;cancelled
2026.03.20 00:05:01;Sell Stop;0.01;XAUUSD;4 400.72;4 433.28;4 347.67;2026.03.23 00:05:09;4 472.68;;;;cancelled
2026.03.20 21:00:00;Buy Stop;0.03;XAUUSD;5 241.22;5 229.16;5 311.16;2026.03.23 00:05:06;4 474.93;;;;cancelled
2026.03.12 02:00:00;Sell Stop;0.02;XAUUSD;4 408.00;4 462.14;4 335.81;2026.03.23 00:05:05;4 474.25;;;;cancelled
2026.03.05 01:05:01;Buy Stop;0.02;XAUUSD;5 411.11;5 372.87;5 483.76;2026.03.23 00:05:04;4 475.00;;;;cancelled
2026.03.20 01:00:00;Buy Stop;0.01;XAUUSD;5 225.50;5 158.15;5 313.57;2026.03.23 00:05:02;4 476.09;;;;cancelled
2026.03.20 16:00:00;Sell Stop;0.01;XAUUSD;4 408.41;4 475.76;4 320.34;2026.03.23 00:05:01;4 475.13;;;;cancelled
2026.03.20 00:05:00;Buy Stop;0.01;XAUUSD;5 422.57;5 369.26;5 526.65;2026.03.23 00:05:01;4 476.18;;;;cancelled
2026.03.19 14:00:00;Sell Stop;0.01;XAUUSD;4 401.55;4 456.87;4 293.55;2026.03.23 00:05:01;4 475.14;;;;cancelled
2026.03.05 01:05:00;Sell Stop;0.02;XAUUSD;4 402.88;4 450.85;4 330.92;2026.03.23 00:05:00;4 475.08;;;;cancelled
2026.03.19 13:52:37;Sell;0.01;XAUUSD;4 653.87;4 625.51;4 598.93;2026.03.19 14:40:14;4 598.50;-0.19;;55.37;[tp]
2026.03.19 13:52:37;Sell;0.01;XAUUSD;4 654.04;4 629.02;4 546.83;2026.03.19 14:04:00;4 629.79;-0.19;;24.25;[sl]
2026.03.19 13:51:25;Sell;0.01;XAUUSD;4 654.14;4 686.28;4 533.32;2026.03.19 13:52:00;4 657.13;-0.19;;-2.99;
2026.03.18 21:00:23;Sell;0.02;XAUUSD;4 846.99;4 857.30;4 658.82;2026.03.19 03:37:06;4 857.22;-0.39;1.14;-20.46;[sl]
2026.03.18 15:00:56;Sell;0.01;XAUUSD;4 858.62;4 856.65;4 753.30;2026.03.19 03:36:34;4 856.79;-0.19;0.57;1.83;[sl]
2026.03.18 15:15:42;Sell;0.01;XAUUSD;4 846.23;4 846.58;4 763.21;2026.03.19 02:04:09;4 846.59;-0.19;0.57;-0.36;[sl]
2026.03.18 15:15:42;Sell;0.02;XAUUSD;4 846.23;4 894.53;4 658.82;2026.03.18 16:08:57;4 894.09;-0.39;;-95.72;[sl]
2026.03.18 15:16:43;Sell;0.01;XAUUSD;4 839.66;4 886.18;4 732.65;2026.03.18 16:04:02;4 886.33;-0.19;;-46.67;[sl]
2026.03.18 15:16:43;Sell;0.01;XAUUSD;4 839.67;4 873.49;4 784.73;2026.03.18 15:41:00;4 873.99;-0.19;;-34.32;[sl]
2026.03.18 15:16:41;Sell;0.01;XAUUSD;4 840.61;4 872.05;4 853.00;2026.03.18 15:40:57;4 872.06;-0.19;;-31.45;[sl]
2026.03.18 12:35:34;Sell;0.02;XAUUSD;4 971.41;5 019.71;4 784.82;2026.03.18 12:55:00;4 972.72;-0.40;;-2.62;
2026.03.09 08:30:03;Sell Stop;0.02;XAUUSD;4 401.55;4 457.80;4 291.72;2026.03.18 08:00:00;4 997.41;;;;cancelled
2026.03.17 21:00:00;Buy Stop;0.03;XAUUSD;5 241.33;5 228.82;5 313.90;2026.03.18 07:00:00;4 987.24;;;;cancelled
2026.03.16 00:05:01;Sell Stop;0.01;XAUUSD;4 847.20;4 911.38;4 763.27;2026.03.18 01:00:00;4 999.65;;;;cancelled
2026.03.16 00:05:01;Buy Stop;0.01;XAUUSD;5 226.11;5 161.93;5 310.04;2026.03.18 01:00:00;4 999.95;;;;cancelled
2026.03.17 13:00:00;Sell Stop;0.03;XAUUSD;4 840.28;4 852.79;4 767.71;2026.03.18 00:05:00;5 001.41;;;;cancelled
2026.03.16 05:15:46;Sell Stop;0.01;XAUUSD;4 401.55;4 457.69;4 291.94;2026.03.17 22:00:00;5 000.45;;;;cancelled
2026.03.17 11:00:00;Buy Stop;0.03;XAUUSD;5 241.33;5 228.82;5 313.90;2026.03.17 21:00:00;5 003.90;;;;cancelled
2026.03.13 22:00:00;Sell Stop;0.02;XAUUSD;4 847.12;4 895.90;4 656.86;2026.03.17 21:00:00;5 003.23;;;;cancelled
2026.03.17 03:00:00;Sell Stop;0.03;XAUUSD;4 840.28;4 852.79;4 767.71;2026.03.17 13:00:00;5 000.27;;;;cancelled
2026.03.17 00:05:01;Buy Stop;0.03;XAUUSD;5 241.33;5 228.82;5 313.90;2026.03.17 11:00:00;5 024.65;;;;cancelled
2026.03.16 16:00:02;Sell Stop;0.03;XAUUSD;4 840.27;4 852.97;4 766.62;2026.03.17 03:00:00;5 002.65;;;;cancelled
2026.03.16 12:55:00;Sell Stop;0.01;XAUUSD;4 839.76;4 874.05;4 783.89;2026.03.17 00:05:03;5 012.49;;;;cancelled
2026.03.16 16:00:01;Buy Stop;0.03;XAUUSD;5 241.37;5 228.67;5 315.02;2026.03.17 00:05:02;5 012.87;;;;cancelled
2026.03.16 08:20:00;Sell Stop;0.01;XAUUSD;4 839.87;4 887.03;4 731.03;2026.03.17 00:05:02;5 012.49;;;;cancelled
2026.03.16 05:25:00;Sell Stop;0.01;XAUUSD;4 840.07;4 872.52;4 717.32;2026.03.17 00:05:02;5 012.50;;;;cancelled
2026.03.16 05:15:48;Buy Stop;0.01;XAUUSD;5 239.97;5 205.68;5 295.84;2026.03.17 00:05:02;5 012.99;;;;cancelled
2026.03.16 05:15:47;Buy Stop;0.01;XAUUSD;5 243.89;5 196.73;5 352.73;2026.03.17 00:05:02;5 012.99;;;;cancelled
2026.03.16 05:15:47;Buy Stop;0.01;XAUUSD;5 242.54;5 210.09;5 365.29;2026.03.17 00:05:02;5 012.92;;;;cancelled
2026.03.16 05:15:47;Sell Stop;0.01;XAUUSD;4 396.60;4 509.73;4 239.60;2026.03.17 00:05:02;5 012.45;;;;cancelled
2026.03.09 08:30:03;Buy Stop;0.02;XAUUSD;5 422.62;5 366.37;5 532.45;2026.03.17 00:05:02;5 012.87;;;;cancelled
2026.03.09 08:30:03;Buy Stop;0.01;XAUUSD;5 424.00;5 310.64;5 581.32;2026.03.17 00:05:02;5 012.87;;;;cancelled
2026.03.16 06:00:00;Buy Stop;0.01;XAUUSD;5 422.41;5 391.57;5 445.99;2026.03.17 00:05:01;5 012.87;;;;cancelled
2026.03.16 05:15:46;Buy Stop;0.01;XAUUSD;5 422.75;5 366.61;5 532.36;2026.03.17 00:05:01;5 012.87;;;;cancelled
2026.03.16 05:15:47;Buy Stop;0.03;XAUUSD;5 241.37;5 228.67;5 315.02;2026.03.16 16:00:01;5 030.20;;;;cancelled
2026.03.16 05:15:47;Sell Stop;0.03;XAUUSD;4 840.27;4 852.97;4 766.62;2026.03.16 16:00:00;5 029.86;;;;cancelled
2026.03.13 21:47:20;Sell;0.01;XAUUSD;5 013.97;4 997.42;4 956.74;2026.03.16 12:52:40;4 997.75;-0.20;0.19;16.22;[sl]
2026.03.13 21:47:20;Sell;0.01;XAUUSD;5 013.91;5 033.67;4 902.67;2026.03.16 08:16:14;5 033.73;-0.20;0.19;-19.82;[sl]
2026.03.09 08:30:01;Buy Stop;0.01;XAUUSD;5 422.41;5 391.51;5 446.04;2026.03.16 06:00:00;5 019.31;;;;cancelled
2026.03.13 21:47:20;Sell;0.01;XAUUSD;5 013.96;5 002.67;4 888.68;2026.03.16 05:21:56;5 002.90;-0.20;0.19;11.06;[sl]
2026.03.13 00:05:00;Buy Stop;0.01;XAUUSD;5 244.00;5 195.92;5 354.96;2026.03.16 05:15:48;5 000.66;;;;cancelled
2026.03.13 00:05:00;Buy Stop;0.01;XAUUSD;5 242.62;5 209.54;5 367.75;2026.03.16 05:15:48;5 000.69;;;;cancelled
2026.03.09 08:30:03;Sell Stop;0.01;XAUUSD;4 396.59;4 509.95;4 239.27;2026.03.16 05:15:48;5 000.65;;;;cancelled
2026.03.13 21:00:00;Buy Stop;0.03;XAUUSD;5 241.43;5 228.49;5 316.51;2026.03.16 05:15:47;5 000.67;;;;cancelled
2026.03.13 00:05:00;Buy Stop;0.01;XAUUSD;5 240.00;5 205.05;5 296.96;2026.03.16 05:15:47;5 000.71;;;;cancelled
2026.03.12 17:00:00;Sell Stop;0.01;XAUUSD;4 401.54;4 458.86;4 289.62;2026.03.16 05:15:46;5 000.63;;;;cancelled
2026.03.12 17:00:00;Buy Stop;0.01;XAUUSD;5 422.83;5 365.51;5 534.75;2026.03.16 05:15:46;5 000.65;;;;cancelled
2026.03.16 01:02:33;Sell;0.01;XAUUSD;5 013.98;5 025.03;4 908.38;2026.03.16 02:06:22;5 025.06;-0.20;;-11.08;[sl]
2026.03.16 00:18:10;Sell;0.01;XAUUSD;5 013.81;5 024.61;4 908.38;2026.03.16 02:05:53;5 024.50;-0.20;;-10.69;[sl]
2026.03.13 22:07:28;Sell;0.01;XAUUSD;5 014.08;5 024.61;4 907.05;2026.03.16 02:05:53;5 024.49;-0.20;0.19;-10.41;[sl]
2026.03.13 21:46:35;Sell;0.02;XAUUSD;5 020.94;5 021.68;4 830.82;2026.03.16 02:04:44;5 022.48;-0.40;0.38;-3.08;[sl]
2026.03.13 18:06:11;Sell;0.02;XAUUSD;5 021.88;5 021.68;4 830.67;2026.03.16 02:04:44;5 022.48;-0.40;0.38;-1.20;[sl]
2026.03.13 21:47:20;Sell;0.03;XAUUSD;5 013.96;5 026.93;4 939.14;2026.03.16 00:06:59;5 027.58;-0.60;0.57;-40.86;[sl]
2026.03.05 01:05:01;Buy Stop;0.02;XAUUSD;5 417.31;5 362.52;5 490.36;2026.03.16 00:05:01;5 015.86;;;;cancelled
2026.03.13 00:05:00;Sell Stop;0.01;XAUUSD;5 002.24;5 066.09;4 918.75;2026.03.16 00:05:00;5 015.48;;;;cancelled
2026.03.13 00:05:00;Buy Stop;0.01;XAUUSD;5 226.17;5 162.32;5 309.66;2026.03.16 00:05:00;5 015.60;;;;cancelled
2026.03.13 21:47:21;Sell;0.01;XAUUSD;5 012.53;5 093.02;4 909.70;2026.03.13 21:51:00;5 010.99;-0.20;;1.54;
2026.03.12 00:05:00;Sell Stop;0.01;XAUUSD;5 013.70;5 048.71;4 956.65;2026.03.13 21:05:00;5 047.32;;;;cancelled
2026.03.13 11:00:00;Buy Stop;0.03;XAUUSD;5 241.43;5 228.49;5 316.51;2026.03.13 21:00:00;5 047.39;;;;cancelled
2026.03.06 23:00:00;Sell Stop;0.01;XAUUSD;4 401.50;4 432.74;4 377.61;2026.03.13 20:00:00;5 045.78;;;;cancelled
2026.03.13 07:00:00;Sell Stop;0.03;XAUUSD;5 014.22;5 027.16;4 939.14;2026.03.13 17:00:00;5 041.38;;;;cancelled
2026.03.13 00:05:00;Buy Stop;0.03;XAUUSD;5 241.43;5 228.49;5 316.51;2026.03.13 11:00:00;5 087.21;;;;cancelled
2026.03.12 21:00:00;Sell Stop;0.03;XAUUSD;5 014.22;5 027.19;4 939.02;2026.03.13 07:00:00;5 104.62;;;;cancelled
2026.03.11 05:35:02;Buy Stop;0.01;XAUUSD;5 420.68;5 385.99;5 477.21;2026.03.13 00:05:01;5 084.75;;;;cancelled
2026.03.09 08:30:04;Buy Stop;0.01;XAUUSD;5 424.59;5 377.33;5 533.65;2026.03.13 00:05:01;5 084.76;;;;cancelled
2026.03.05 01:05:00;Buy Stop;0.01;XAUUSD;5 410.67;5 331.99;5 513.57;2026.03.13 00:05:01;5 084.94;;;;cancelled
2026.03.12 17:00:00;Buy Stop;0.03;XAUUSD;5 422.12;5 409.15;5 497.32;2026.03.13 00:05:00;5 085.17;;;;cancelled
2026.03.11 00:05:00;Sell Stop;0.01;XAUUSD;5 002.23;5 065.90;4 918.97;2026.03.13 00:05:00;5 084.76;;;;cancelled
2026.03.11 00:05:00;Buy Stop;0.01;XAUUSD;5 406.90;5 343.23;5 490.16;2026.03.13 00:05:00;5 085.10;;;;cancelled
2026.03.09 08:30:04;Buy Stop;0.01;XAUUSD;5 423.24;5 390.72;5 546.24;2026.03.13 00:05:00;5 084.94;;;;cancelled
2026.03.12 11:00:00;Sell Stop;0.03;XAUUSD;5 014.22;5 027.19;4 939.02;2026.03.12 21:00:00;5 094.37;;;;cancelled
2026.03.12 07:00:00;Buy Stop;0.03;XAUUSD;5 422.12;5 409.15;5 497.32;2026.03.12 17:00:00;5 143.63;;;;cancelled
2026.03.11 01:00:00;Sell Stop;0.01;XAUUSD;4 401.54;4 458.34;4 290.64;2026.03.12 17:00:00;5 141.95;;;;cancelled
2026.03.11 01:00:00;Buy Stop;0.01;XAUUSD;5 422.79;5 365.99;5 533.69;2026.03.12 17:00:00;5 142.59;;;;cancelled
2026.03.04 06:00:00;Buy Stop;0.02;XAUUSD;5 416.66;5 366.96;5 610.49;2026.03.12 13:00:00;5 182.50;;;;cancelled
2026.03.12 00:05:00;Sell Stop;0.03;XAUUSD;5 014.22;5 027.19;4 939.02;2026.03.12 11:00:00;5 178.27;;;;cancelled
2026.03.11 21:00:00;Buy Stop;0.03;XAUUSD;5 422.10;5 409.25;5 496.62;2026.03.12 07:00:00;5 142.71;;;;cancelled
2026.03.02 01:05:03;Sell Stop;0.02;XAUUSD;4 407.96;4 461.82;4 336.14;2026.03.12 02:00:00;5 134.17;;;;cancelled
2026.03.11 05:35:02;Sell Stop;0.01;XAUUSD;4 994.83;5 029.52;4 938.30;2026.03.12 00:05:01;5 178.28;;;;cancelled
2026.03.09 08:30:05;Sell Stop;0.01;XAUUSD;4 994.95;5 042.21;4 885.89;2026.03.12 00:05:01;5 178.28;;;;cancelled
2026.03.11 21:00:00;Sell Stop;0.03;XAUUSD;4 995.35;5 008.20;4 920.83;2026.03.12 00:05:00;5 178.28;;;;cancelled
2026.03.06 23:00:01;Sell Stop;0.01;XAUUSD;4 995.15;5 028.02;4 870.81;2026.03.12 00:05:00;5 178.28;;;;cancelled
2026.03.11 11:00:00;Sell Stop;0.03;XAUUSD;4 995.35;5 008.20;4 920.83;2026.03.11 21:00:00;5 172.62;;;;cancelled
2026.03.11 11:00:00;Buy Stop;0.03;XAUUSD;5 422.10;5 409.25;5 496.62;2026.03.11 21:00:00;5 172.72;;;;cancelled
2026.03.11 01:00:00;Sell Stop;0.03;XAUUSD;4 995.35;5 008.20;4 920.83;2026.03.11 11:00:00;5 187.43;;;;cancelled
2026.03.11 00:05:00;Buy Stop;0.03;XAUUSD;5 422.10;5 409.25;5 496.62;2026.03.11 11:00:00;5 187.31;;;;cancelled
2026.03.09 08:30:05;Sell Stop;0.01;XAUUSD;4 994.84;5 029.20;4 938.85;2026.03.11 05:35:02;5 208.54;;;;cancelled
2026.03.09 08:30:05;Buy Stop;0.01;XAUUSD;5 420.67;5 386.31;5 476.66;2026.03.11 05:35:02;5 208.57;;;;cancelled
2026.03.10 15:00:00;Sell Stop;0.03;XAUUSD;4 995.34;5 008.29;4 920.25;2026.03.11 01:00:00;5 189.35;;;;cancelled
2026.03.09 08:30:02;Sell Stop;0.01;XAUUSD;4 401.55;4 457.80;4 291.72;2026.03.11 01:00:00;5 189.35;;;;cancelled
2026.03.09 08:30:02;Buy Stop;0.01;XAUUSD;5 422.76;5 366.51;5 532.59;2026.03.11 01:00:00;5 189.46;;;;cancelled
2026.03.10 15:00:00;Buy Stop;0.03;XAUUSD;5 422.12;5 409.17;5 497.21;2026.03.11 00:05:00;5 193.61;;;;cancelled
2026.03.09 00:05:00;Sell Stop;0.01;XAUUSD;5 002.14;5 064.90;4 920.07;2026.03.11 00:05:00;5 192.42;;;;cancelled
2026.03.09 00:05:00;Buy Stop;0.01;XAUUSD;5 407.07;5 344.31;5 489.14;2026.03.11 00:05:00;5 193.61;;;;cancelled
2026.03.05 14:00:00;Sell Stop;0.02;XAUUSD;5 002.32;5 051.98;4 808.64;2026.03.10 21:00:00;5 191.95;;;;cancelled
2026.03.10 05:00:00;Sell Stop;0.03;XAUUSD;4 995.34;5 008.29;4 920.25;2026.03.10 15:00:00;5 186.88;;;;cancelled
2026.03.10 05:00:00;Buy Stop;0.03;XAUUSD;5 422.12;5 409.17;5 497.21;2026.03.10 15:00:00;5 187.33;;;;cancelled
2026.03.09 19:00:00;Sell Stop;0.03;XAUUSD;4 995.35;5 008.07;4 921.55;2026.03.10 05:00:00;5 166.06;;;;cancelled
2026.03.09 19:00:00;Buy Stop;0.03;XAUUSD;5 422.07;5 409.35;5 495.87;2026.03.10 05:00:00;5 166.15;;;;cancelled
2026.03.09 08:30:04;Sell Stop;0.03;XAUUSD;4 995.35;5 008.07;4 921.55;2026.03.09 19:00:00;5 104.60;;;;cancelled
2026.03.09 08:30:04;Buy Stop;0.03;XAUUSD;5 422.07;5 409.35;5 495.87;2026.03.09 19:00:00;5 104.77;;;;cancelled
2026.03.06 23:00:01;Sell Stop;0.01;XAUUSD;4 994.94;5 042.72;4 884.69;2026.03.09 08:30:07;5 127.63;;;;cancelled
2026.03.06 23:00:01;Buy Stop;0.01;XAUUSD;5 424.65;5 376.87;5 534.90;2026.03.09 08:30:06;5 127.69;;;;cancelled
2026.03.06 23:00:01;Buy Stop;0.01;XAUUSD;5 423.28;5 390.41;5 547.62;2026.03.09 08:30:06;5 127.66;;;;cancelled
2026.03.06 23:00:00;Sell Stop;0.02;XAUUSD;4 401.54;4 458.41;4 290.51;2026.03.09 08:30:06;5 127.58;;;;cancelled
2026.03.06 23:00:00;Buy Stop;0.02;XAUUSD;5 422.66;5 365.79;5 533.69;2026.03.09 08:30:06;5 127.63;;;;cancelled
2026.03.06 23:00:00;Sell Stop;0.01;XAUUSD;4 396.53;4 511.13;4 237.50;2026.03.09 08:30:06;5 127.58;;;;cancelled
2026.03.06 23:00:00;Buy Stop;0.01;XAUUSD;5 424.05;5 309.45;5 583.08;2026.03.09 08:30:06;5 127.52;;;;cancelled
2026.03.06 23:00:02;Sell Stop;0.01;XAUUSD;4 994.83;5 029.56;4 938.23;2026.03.09 08:30:05;5 127.44;;;;cancelled
2026.03.06 23:00:01;Buy Stop;0.01;XAUUSD;5 420.68;5 385.95;5 477.28;2026.03.09 08:30:05;5 127.49;;;;cancelled
2026.03.06 23:00:00;Buy Stop;0.01;XAUUSD;5 422.45;5 391.21;5 446.34;2026.03.09 08:30:05;5 127.48;;;;cancelled
2026.03.06 23:00:01;Buy Stop;0.03;XAUUSD;5 422.10;5 409.24;5 496.70;2026.03.09 08:30:04;5 127.48;;;;cancelled
2026.03.06 23:00:01;Sell Stop;0.03;XAUUSD;4 995.35;5 008.21;4 920.75;2026.03.09 08:30:03;5 127.39;;;;cancelled
2026.03.06 23:00:00;Sell Stop;0.01;XAUUSD;4 401.54;4 458.41;4 290.51;2026.03.09 08:30:02;5 127.79;;;;cancelled
2026.03.06 23:00:00;Buy Stop;0.01;XAUUSD;5 422.80;5 365.93;5 533.83;2026.03.09 08:30:02;5 127.75;;;;cancelled
2026.03.06 01:05:00;Sell Stop;0.01;XAUUSD;5 002.11;5 064.61;4 920.38;2026.03.09 00:05:00;5 166.48;;;;cancelled
2026.03.05 01:05:00;Buy Stop;0.01;XAUUSD;5 406.96;5 343.63;5 489.78;2026.03.09 00:05:00;5 166.97;;;;cancelled
2026.03.06 01:05:00;Sell Stop;0.01;XAUUSD;4 994.83;5 029.56;4 938.23;2026.03.06 22:00:02;5 161.64;;;;cancelled
2026.03.06 01:05:00;Sell Stop;0.01;XAUUSD;4 994.94;5 042.72;4 884.69;2026.03.06 22:00:02;5 161.52;;;;cancelled
2026.03.05 01:05:01;Buy Stop;0.01;XAUUSD;5 420.67;5 386.25;5 476.77;2026.03.06 22:00:02;5 161.98;;;;cancelled
2026.03.06 18:00:00;Buy Stop;0.03;XAUUSD;5 422.10;5 409.24;5 496.70;2026.03.06 22:00:01;5 161.61;;;;cancelled
2026.03.06 12:00:00;Sell Stop;0.03;XAUUSD;4 995.35;5 008.21;4 920.75;2026.03.06 22:00:01;5 161.30;;;;cancelled
2026.03.06 01:05:00;Sell Stop;0.01;XAUUSD;4 995.15;5 028.02;4 870.81;2026.03.06 22:00:01;5 161.50;;;;cancelled
2026.03.06 01:05:00;Buy Stop;0.02;XAUUSD;5 422.66;5 365.79;5 533.69;2026.03.06 22:00:01;5 161.43;;;;cancelled
2026.03.05 01:05:01;Buy Stop;0.01;XAUUSD;5 424.60;5 377.25;5 533.88;2026.03.06 22:00:01;5 161.86;;;;cancelled
2026.03.05 01:05:01;Buy Stop;0.01;XAUUSD;5 423.25;5 390.67;5 546.49;2026.03.06 22:00:01;5 161.85;;;;cancelled
2026.03.05 01:05:01;Sell Stop;0.02;XAUUSD;4 401.55;4 457.91;4 291.50;2026.03.06 22:00:01;5 161.14;;;;cancelled
2026.03.06 18:00:00;Sell Stop;0.01;XAUUSD;4 401.54;4 458.41;4 290.51;2026.03.06 22:00:00;5 161.11;;;;cancelled
2026.03.06 01:05:00;Buy Stop;0.01;XAUUSD;5 422.80;5 365.93;5 533.83;2026.03.06 22:00:00;5 161.38;;;;cancelled
2026.03.05 01:05:00;Sell Stop;0.01;XAUUSD;4 396.58;4 510.16;4 238.95;2026.03.06 22:00:00;5 161.10;;;;cancelled
2026.03.05 01:05:00;Buy Stop;0.01;XAUUSD;5 424.01;5 310.43;5 581.64;2026.03.06 22:00:00;5 161.28;;;;cancelled
2026.03.05 01:05:00;Sell Stop;0.01;XAUUSD;4 401.50;4 432.46;4 377.82;2026.03.06 22:00:00;5 160.27;;;;cancelled
2026.03.05 01:05:00;Buy Stop;0.01;XAUUSD;5 422.42;5 391.46;5 446.10;2026.03.06 22:00:00;5 159.95;;;;cancelled
2026.03.06 08:00:00;Buy Stop;0.03;XAUUSD;5 422.10;5 409.24;5 496.70;2026.03.06 18:00:00;5 142.51;;;;cancelled
2026.03.05 01:05:00;Sell Stop;0.01;XAUUSD;4 401.55;4 457.91;4 291.50;2026.03.06 18:00:00;5 142.34;;;;cancelled
2026.03.06 01:05:00;Sell Stop;0.03;XAUUSD;4 995.35;5 008.21;4 920.75;2026.03.06 12:00:00;5 086.23;;;;cancelled
2026.03.05 22:00:00;Buy Stop;0.03;XAUUSD;5 422.07;5 409.32;5 496.02;2026.03.06 08:00:00;5 117.69;;;;cancelled
2026.02.16 01:05:02;Sell Stop;0.03;XAUUSD;4 406.82;4 432.54;4 196.74;2026.03.06 02:00:00;5 086.05;;;;cancelled
2026.03.05 22:00:00;Sell Stop;0.03;XAUUSD;4 840.27;4 853.02;4 766.32;2026.03.06 01:05:01;5 090.56;;;;cancelled
2026.03.05 12:54:56;Buy Stop;0.16;XAUUSD;5 595.73;5 589.73;5 612.73;2026.03.06 01:05:01;5 090.65;;;;cancelled
2026.03.05 01:05:01;Sell Stop;0.01;XAUUSD;4 839.76;4 874.18;4 783.66;2026.03.06 01:05:01;5 090.59;;;;cancelled
2026.03.05 01:05:01;Sell Stop;0.01;XAUUSD;4 839.87;4 887.22;4 730.59;2026.03.06 01:05:01;5 090.59;;;;cancelled
2026.03.02 01:05:03;Sell Stop;0.01;XAUUSD;4 840.06;4 873.18;4 714.76;2026.03.06 01:05:01;5 090.58;;;;cancelled
2026.03.05 01:05:00;Buy Stop;0.02;XAUUSD;5 592.23;5 544.26;5 664.19;2026.03.06 01:05:00;5 090.65;;;;cancelled
2026.03.05 01:05:00;Buy Stop;0.01;XAUUSD;5 601.05;5 544.69;5 711.10;2026.03.06 01:05:00;5 090.62;;;;cancelled
2026.03.04 02:00:00;Sell Stop;0.01;XAUUSD;4 847.07;4 909.99;4 764.79;2026.03.06 01:05:00;5 090.56;;;;cancelled
2026.03.02 01:05:02;Buy Stop;0.02;XAUUSD;5 600.76;5 546.97;5 705.78;2026.03.06 01:05:00;5 090.65;;;;cancelled
2026.02.20 01:05:00;Sell Stop;0.01;XAUUSD;4 856.64;4 927.75;4 763.65;2026.03.06 01:05:00;5 090.53;;;;cancelled
2026.03.05 12:00:00;Sell Stop;0.03;XAUUSD;4 840.27;4 853.02;4 766.32;2026.03.05 22:00:00;5 065.83;;;;cancelled
2026.03.05 12:00:00;Buy Stop;0.03;XAUUSD;5 422.07;5 409.32;5 496.02;2026.03.05 22:00:00;5 066.46;;;;cancelled
2026.03.03 17:00:00;Sell Stop;0.02;XAUUSD;4 847.08;4 895.54;4 658.09;2026.03.05 14:00:01;5 164.34;;;;cancelled
2026.03.02 01:06:39;Buy Stop;0.15;XAUUSD;5 595.73;5 589.73;5 612.73;2026.03.05 12:54:56;5 165.98;;;;cancelled
2026.03.02 01:06:41;Sell Stop;0.15;XAUUSD;4 402.38;4 408.38;4 385.38;2026.03.05 12:54:53;5 165.17;;;;cancelled
2026.03.05 01:05:01;Sell Stop;0.03;XAUUSD;4 840.27;4 853.02;4 766.32;2026.03.05 12:00:00;5 161.01;;;;cancelled
2026.03.05 01:05:01;Buy Stop;0.03;XAUUSD;5 422.07;5 409.32;5 496.02;2026.03.05 12:00:00;5 160.93;;;;cancelled
2026.03.04 23:25:00;Buy Stop;0.01;XAUUSD;5 603.13;5 553.71;5 717.17;2026.03.05 01:05:03;5 153.24;;;;cancelled
2026.03.04 01:05:00;Sell Stop;0.01;XAUUSD;4 839.72;4 875.64;4 781.18;2026.03.05 01:05:03;5 152.86;;;;cancelled
2026.03.03 22:10:00;Buy Stop;0.01;XAUUSD;5 599.04;5 562.74;5 658.19;2026.03.05 01:05:03;5 153.18;;;;cancelled
2026.03.02 11:10:00;Sell Stop;0.01;XAUUSD;4 839.85;4 887.99;4 728.75;2026.03.05 01:05:03;5 152.96;;;;cancelled
2026.03.04 23:00:00;Sell Stop;0.03;XAUUSD;4 840.25;4 853.55;4 763.08;2026.03.05 01:05:02;5 153.11;;;;cancelled
2026.03.04 23:00:00;Sell Stop;0.01;XAUUSD;4 401.49;4 433.80;4 376.78;2026.03.05 01:05:02;5 153.10;;;;cancelled
2026.03.04 01:05:00;Buy Stop;0.01;XAUUSD;5 601.21;5 542.39;5 716.05;2026.03.05 01:05:02;5 153.65;;;;cancelled
2026.03.03 18:00:00;Sell Stop;0.01;XAUUSD;4 401.54;4 460.97;4 285.50;2026.03.05 01:05:02;5 153.15;;;;cancelled
2026.03.02 01:05:00;Sell Stop;0.02;XAUUSD;4 401.54;4 459.31;4 288.76;2026.03.05 01:05:02;5 153.17;;;;cancelled
2026.02.27 19:00:01;Buy Stop;0.01;XAUUSD;5 602.36;5 487.33;5 762.00;2026.03.05 01:05:02;5 153.61;;;;cancelled
2026.02.27 18:30:01;Buy Stop;0.01;XAUUSD;5 601.59;5 568.59;5 726.40;2026.03.05 01:05:02;5 153.30;;;;cancelled
2026.02.27 01:05:01;Sell Stop;0.01;XAUUSD;4 396.52;4 511.55;4 236.88;2026.03.05 01:05:02;5 153.17;;;;cancelled
2026.03.04 02:00:00;Buy Stop;0.01;XAUUSD;5 585.33;5 522.41;5 667.61;2026.03.05 01:05:01;5 153.59;;;;cancelled
2026.03.02 01:05:05;Buy Stop;0.02;XAUUSD;5 595.63;5 541.77;5 667.45;2026.03.05 01:05:01;5 153.58;;;;cancelled
2026.02.27 19:00:00;Buy Stop;0.01;XAUUSD;5 600.75;5 569.39;5 624.73;2026.03.05 01:05:01;5 153.58;;;;cancelled
2026.02.27 19:00:00;Buy Stop;0.01;XAUUSD;5 589.47;5 515.55;5 686.13;2026.03.05 01:05:01;5 153.47;;;;cancelled
2026.02.27 18:00:01;Buy Stop;0.02;XAUUSD;5 589.64;5 552.55;5 660.10;2026.03.05 01:05:01;5 153.59;;;;cancelled
2026.02.16 01:05:00;Sell Stop;0.02;XAUUSD;4 402.72;4 444.49;4 340.06;2026.03.05 01:05:00;5 153.08;;;;cancelled
2026.02.16 01:05:00;Buy Stop;0.02;XAUUSD;5 592.90;5 551.13;5 655.56;2026.03.05 01:05:00;5 153.27;;;;cancelled
2026.02.27 18:25:00;Buy Stop;0.01;XAUUSD;5 602.96;5 555.00;5 713.63;2026.03.04 23:25:00;5 138.29;;;;cancelled
2026.03.04 12:00:01;Sell Stop;0.03;XAUUSD;4 840.25;4 853.55;4 763.08;2026.03.04 23:00:00;5 135.24;;;;cancelled
2026.02.26 01:05:00;Sell Stop;0.01;XAUUSD;4 401.50;4 432.72;4 377.62;2026.03.04 23:00:00;5 135.59;;;;cancelled
2026.03.04 01:05:00;Sell Stop;0.03;XAUUSD;4 840.25;4 853.55;4 763.08;2026.03.04 12:00:00;5 183.44;;;;cancelled
2026.02.27 16:00:00;Buy Stop;0.02;XAUUSD;5 595.02;5 546.80;5 783.07;2026.03.04 06:00:00;5 174.86;;;;cancelled
2026.03.02 01:06:38;Buy Stop;0.02;XAUUSD;5 585.94;5 526.19;5 664.07;2026.03.04 02:00:00;5 125.43;;;;cancelled
2026.03.02 01:06:37;Sell Stop;0.02;XAUUSD;4 846.75;4 906.50;4 768.62;2026.03.04 02:00:00;5 126.28;;;;cancelled
2026.02.16 01:05:01;Sell Stop;0.02;XAUUSD;4 403.82;4 439.44;4 336.14;2026.03.04 02:00:00;5 125.22;;;;cancelled
2026.03.03 22:10:00;Sell Stop;0.01;XAUUSD;4 839.70;4 876.00;4 780.55;2026.03.04 01:05:00;5 110.56;;;;cancelled
2026.03.03 19:00:00;Sell Stop;0.03;XAUUSD;4 840.24;4 853.68;4 762.27;2026.03.04 01:05:00;5 110.87;;;;cancelled
2026.03.03 18:00:00;Buy Stop;0.01;XAUUSD;5 601.25;5 541.82;5 717.29;2026.03.04 01:05:00;5 111.93;;;;cancelled
2026.03.02 01:05:04;Sell Stop;0.01;XAUUSD;4 839.74;4 874.74;4 782.71;2026.03.03 22:10:00;5 115.00;;;;cancelled
2026.03.02 01:05:04;Buy Stop;0.01;XAUUSD;5 598.99;5 563.99;5 656.02;2026.03.03 22:10:00;5 115.10;;;;cancelled
2026.03.03 09:00:00;Sell Stop;0.03;XAUUSD;4 840.24;4 853.68;4 762.27;2026.03.03 19:00:00;5 106.68;;;;cancelled
2026.03.02 01:05:00;Sell Stop;0.01;XAUUSD;4 401.54;4 458.84;4 289.66;2026.03.03 18:00:00;5 095.40;;;;cancelled
2026.03.02 01:05:00;Buy Stop;0.01;XAUUSD;5 601.11;5 543.81;5 712.99;2026.03.03 18:00:00;5 095.36;;;;cancelled
2026.03.03 16:41:36;Sell;0.02;XAUUSD;5 098.27;5 070.37;4 909.40;2026.03.03 17:41:30;5 070.57;-0.41;;55.40;[sl]
2026.03.03 13:29:30;Sell;0.02;XAUUSD;5 135.96;5 164.26;4 948.03;2026.03.03 14:05:38;5 162.95;-0.41;;-53.98;[sl]
2026.03.02 22:00:01;Sell Stop;0.03;XAUUSD;4 840.26;4 853.22;4 765.08;2026.03.03 09:00:00;5 310.31;;;;cancelled
2026.03.02 12:00:00;Sell Stop;0.03;XAUUSD;4 840.26;4 853.22;4 765.08;2026.03.02 22:00:00;5 330.58;;;;cancelled
2026.02.26 10:00:00;Sell Stop;0.02;XAUUSD;5 098.36;5 146.58;4 910.32;2026.03.02 14:00:01;5 385.31;;;;cancelled
2026.03.02 01:05:03;Sell Stop;0.03;XAUUSD;4 840.26;4 853.22;4 765.08;2026.03.02 12:00:00;5 392.13;;;;cancelled
2026.02.25 06:10:00;Sell Stop;0.01;XAUUSD;4 839.85;4 888.38;4 727.86;2026.03.02 11:10:00;5 397.85;;;;cancelled
2026.02.27 15:08:53;Buy;0.02;XAUUSD;5 215.48;5 310.85;5 403.40;2026.03.02 03:29:38;5 305.03;-0.42;-1.20;179.10;[sl]
2026.03.02 01:05:01;Sell Stop;0.14;XAUUSD;4 402.38;4 408.38;4 385.38;2026.03.02 01:06:41;5 339.27;;;;cancelled
2026.03.02 01:05:02;Buy Stop;0.14;XAUUSD;5 595.73;5 589.73;5 612.73;2026.03.02 01:06:39;5 336.14;;;;cancelled
2026.03.02 01:05:00;Buy Stop;0.01;XAUUSD;5 585.94;5 526.19;5 664.07;2026.03.02 01:06:38;5 338.12;;;;cancelled
2026.03.02 01:05:00;Sell Stop;0.01;XAUUSD;4 846.75;4 906.50;4 768.62;2026.03.02 01:06:37;5 338.99;;;;cancelled
2026.02.27 17:57:32;Buy;0.03;XAUUSD;5 244.18;5 339.55;5 463.97;2026.03.02 01:06:36;5 338.94;-0.63;-1.80;284.28;[sl]
2026.02.26 19:10:01;Sell Stop;0.01;XAUUSD;4 839.75;4 874.46;4 783.18;2026.03.02 01:05:04;5 355.34;;;;cancelled
2026.02.26 02:00:00;Buy Stop;0.01;XAUUSD;5 595.63;5 541.77;5 667.45;2026.03.02 01:05:04;5 358.34;;;;cancelled
2026.02.27 20:00:01;Sell Stop;0.03;XAUUSD;4 840.26;4 853.17;4 765.37;2026.03.02 01:05:03;5 355.34;;;;cancelled
2026.02.27 18:30:03;Buy Stop;0.01;XAUUSD;5 598.98;5 564.12;5 655.79;2026.03.02 01:05:03;5 358.34;;;;cancelled
2026.02.26 02:00:00;Sell Stop;0.01;XAUUSD;4 407.96;4 461.82;4 336.14;2026.03.02 01:05:03;5 355.34;;;;cancelled
2026.02.20 01:05:01;Sell Stop;0.01;XAUUSD;4 840.09;4 871.87;4 719.88;2026.03.02 01:05:03;5 355.34;;;;cancelled
2026.02.19 01:05:00;Buy Stop;0.01;XAUUSD;5 600.76;5 546.97;5 705.78;2026.03.02 01:05:02;5 358.39;;;;cancelled
2026.02.16 01:05:01;Buy Stop;0.13;XAUUSD;5 595.73;5 589.73;5 612.73;2026.03.02 01:05:02;5 358.39;;;;cancelled
2026.02.27 18:03:00;Buy;0.01;XAUUSD;5 242.27;5 234.57;5 338.58;2026.03.02 01:05:00;5 356.62;-0.21;-0.60;114.35;[tp]
2026.02.27 16:00:00;Buy Stop;0.01;XAUUSD;5 585.95;5 526.23;5 664.05;2026.03.02 01:05:00;5 359.76;;;;cancelled
2026.02.27 17:52:26;Buy;0.02;XAUUSD;5 242.75;5 257.17;5 312.55;2026.03.02 01:05:00;5 356.62;-0.42;-1.20;227.74;[tp]
2026.02.27 01:05:01;Sell Stop;0.01;XAUUSD;4 846.75;4 906.47;4 768.65;2026.03.02 01:05:00;5 355.51;;;;cancelled
2026.02.27 15:26:01;Buy;0.01;XAUUSD;5 238.40;5 242.79;5 316.50;2026.03.02 01:05:00;5 356.62;-0.21;-0.60;118.22;[tp]
2026.02.26 10:00:00;Sell Stop;0.01;XAUUSD;4 401.54;4 458.38;4 290.57;2026.03.02 01:05:00;5 356.58;;;;cancelled
2026.02.26 10:00:00;Buy Stop;0.01;XAUUSD;5 601.08;5 544.24;5 712.05;2026.03.02 01:05:00;5 359.76;;;;cancelled
2026.02.25 05:00:00;Sell Stop;0.01;XAUUSD;4 401.54;4 459.31;4 288.76;2026.03.02 01:05:00;5 355.46;;;;cancelled
2026.02.16 01:05:01;Sell Stop;0.13;XAUUSD;4 402.38;4 408.38;4 385.38;2026.03.02 01:05:00;5 355.45;;;;cancelled
2026.02.27 10:00:00;Sell Stop;0.03;XAUUSD;4 840.26;4 853.17;4 765.37;2026.02.27 20:00:00;5 234.93;;;;cancelled
2026.02.27 18:11:15;Buy;0.01;XAUUSD;5 251.49;5 216.57;5 308.24;2026.02.27 18:30:02;5 235.85;-0.21;;-15.64;
2026.02.27 18:13:48;Buy;0.01;XAUUSD;5 254.19;5 221.12;5 245.39;2026.02.27 18:30:00;5 234.49;-0.21;;-19.70;
2026.02.27 18:13:53;Buy;0.01;XAUUSD;5 255.64;5 222.43;5 366.08;2026.02.27 18:24:27;5 222.13;-0.21;;-33.51;[sl]
2026.02.27 18:13:47;Buy;0.01;XAUUSD;5 253.55;5 222.10;5 261.30;2026.02.27 18:24:27;5 221.57;-0.21;;-31.98;[sl]
2026.02.27 18:13:46;Buy;0.03;XAUUSD;5 253.04;5 240.05;5 327.74;2026.02.27 18:22:07;5 239.96;-0.63;;-39.24;[sl]
2026.02.27 18:13:49;Buy;0.01;XAUUSD;5 254.86;5 252.54;5 414.45;2026.02.27 18:19:05;5 252.08;-0.21;;-2.78;[sl]
2026.02.27 17:52:26;Buy;0.01;XAUUSD;5 243.17;5 244.84;5 338.58;2026.02.27 17:58:02;5 244.57;-0.21;;1.40;[sl]
2026.02.25 22:00:00;Buy Stop;0.02;XAUUSD;5 247.47;5 199.19;5 435.76;2026.02.27 14:00:02;5 186.56;;;;cancelled
2026.02.27 01:05:01;Buy Stop;0.03;XAUUSD;5 252.85;5 239.94;5 327.74;2026.02.27 12:00:00;5 176.23;;;;cancelled
2026.02.26 23:00:01;Sell Stop;0.03;XAUUSD;4 840.27;4 853.13;4 765.71;2026.02.27 10:00:00;5 177.17;;;;cancelled
2026.02.26 19:10:00;Buy Stop;0.01;XAUUSD;5 598.97;5 564.26;5 655.54;2026.02.27 01:05:03;5 182.43;;;;cancelled
2026.02.26 23:00:00;Buy Stop;0.03;XAUUSD;5 600.39;5 587.53;5 674.95;2026.02.27 01:05:02;5 182.43;;;;cancelled
2026.02.26 01:05:00;Buy Stop;0.01;XAUUSD;5 600.74;5 569.52;5 624.62;2026.02.27 01:05:02;5 182.40;;;;cancelled
2026.02.23 01:45:00;Buy Stop;0.01;XAUUSD;5 602.78;5 556.39;5 709.84;2026.02.27 01:05:02;5 182.43;;;;cancelled
2026.02.23 01:10:00;Buy Stop;0.01;XAUUSD;5 601.45;5 569.53;5 722.19;2026.02.27 01:05:02;5 182.43;;;;cancelled
2026.02.23 01:05:01;Buy Stop;0.03;XAUUSD;5 591.70;5 565.28;5 807.50;2026.02.27 01:05:02;5 182.40;;;;cancelled
2026.02.23 02:00:00;Buy Stop;0.01;XAUUSD;5 589.71;5 518.05;5 683.42;2026.02.27 01:05:01;5 182.40;;;;cancelled
2026.02.16 01:05:01;Buy Stop;0.02;XAUUSD;5 589.95;5 554.33;5 657.63;2026.02.27 01:05:01;5 182.40;;;;cancelled
2026.02.25 01:05:00;Sell Stop;0.01;XAUUSD;4 846.70;4 905.93;4 769.24;2026.02.27 01:05:00;5 181.98;;;;cancelled
2026.02.25 01:05:00;Buy Stop;0.01;XAUUSD;5 586.04;5 526.81;5 663.50;2026.02.27 01:05:00;5 182.60;;;;cancelled
2026.02.19 01:05:00;Sell Stop;0.01;XAUUSD;4 396.81;4 505.21;4 246.38;2026.02.27 01:05:00;5 181.98;;;;cancelled
2026.02.19 01:05:00;Buy Stop;0.01;XAUUSD;5 602.08;5 493.68;5 752.51;2026.02.27 01:05:00;5 182.60;;;;cancelled
2026.02.26 12:00:01;Sell Stop;0.03;XAUUSD;4 840.27;4 853.13;4 765.71;2026.02.26 23:00:00;5 196.65;;;;cancelled
2026.02.26 12:00:01;Buy Stop;0.03;XAUUSD;5 600.39;5 587.53;5 674.95;2026.02.26 23:00:00;5 197.05;;;;cancelled
2026.02.24 22:10:00;Sell Stop;0.01;XAUUSD;4 839.76;4 874.23;4 783.59;2026.02.26 19:10:00;5 186.48;;;;cancelled
2026.02.24 22:10:00;Buy Stop;0.01;XAUUSD;5 598.96;5 564.49;5 655.13;2026.02.26 19:10:00;5 186.71;;;;cancelled
2026.02.26 01:05:01;Sell Stop;0.03;XAUUSD;4 840.27;4 853.13;4 765.71;2026.02.26 12:00:00;5 186.44;;;;cancelled
2026.02.26 01:05:01;Buy Stop;0.03;XAUUSD;5 600.39;5 587.53;5 674.95;2026.02.26 12:00:00;5 186.52;;;;cancelled
2026.02.24 18:00:00;Sell Stop;0.01;XAUUSD;4 401.55;4 457.99;4 291.35;2026.02.26 10:00:00;5 185.29;;;;cancelled
2026.02.24 18:00:00;Buy Stop;0.01;XAUUSD;5 601.06;5 544.62;5 711.26;2026.02.26 10:00:00;5 186.80;;;;cancelled
2026.02.19 10:00:00;Sell Stop;0.02;XAUUSD;4 846.94;4 894.31;4 662.18;2026.02.26 10:00:00;5 186.31;;;;cancelled
2026.02.16 01:05:01;Sell Stop;0.02;XAUUSD;4 407.78;4 460.10;4 338.03;2026.02.26 02:00:00;5 163.33;;;;cancelled
2026.02.16 01:05:01;Buy Stop;0.02;XAUUSD;5 595.69;5 543.37;5 665.44;2026.02.26 02:00:00;5 163.17;;;;cancelled
2026.02.25 23:00:00;Sell Stop;0.01;XAUUSD;4 401.49;4 433.22;4 377.22;2026.02.26 01:05:01;5 174.70;;;;cancelled
2026.02.25 23:00:00;Buy Stop;0.01;XAUUSD;5 600.79;5 569.06;5 625.06;2026.02.26 01:05:01;5 175.20;;;;cancelled
2026.02.25 15:00:00;Buy Stop;0.03;XAUUSD;5 600.44;5 587.37;5 676.22;2026.02.26 01:05:01;5 175.24;;;;cancelled
2026.02.25 15:00:00;Sell Stop;0.03;XAUUSD;4 840.26;4 853.33;4 764.48;2026.02.26 01:05:00;5 174.81;;;;cancelled
2026.02.19 01:05:00;Sell Stop;0.01;XAUUSD;4 401.51;4 431.06;4 378.91;2026.02.25 23:00:00;5 152.28;;;;cancelled
2026.02.19 01:05:00;Buy Stop;0.01;XAUUSD;5 600.56;5 571.01;5 623.16;2026.02.25 23:00:00;5 152.42;;;;cancelled
2026.02.23 02:00:00;Buy Stop;0.02;XAUUSD;5 595.05;5 547.46;5 780.64;2026.02.25 22:00:00;5 204.85;;;;cancelled
2026.02.25 05:00:00;Sell Stop;0.03;XAUUSD;4 840.26;4 853.33;4 764.48;2026.02.25 15:00:00;5 182.85;;;;cancelled
2026.02.25 05:00:00;Buy Stop;0.03;XAUUSD;5 600.44;5 587.37;5 676.22;2026.02.25 15:00:00;5 182.94;;;;cancelled
2026.02.20 01:05:01;Sell Stop;0.01;XAUUSD;4 839.89;4 886.08;4 733.30;2026.02.25 06:10:00;5 175.03;;;;cancelled
2026.02.24 18:00:01;Sell Stop;0.03;XAUUSD;4 840.27;4 853.04;4 766.22;2026.02.25 05:00:00;5 181.45;;;;cancelled
2026.02.24 18:00:01;Buy Stop;0.03;XAUUSD;5 600.37;5 587.60;5 674.42;2026.02.25 05:00:00;5 181.50;;;;cancelled
2026.02.16 05:01:07;Sell Stop;0.01;XAUUSD;4 401.55;4 455.97;4 295.30;2026.02.25 05:00:00;5 181.23;;;;cancelled
2026.02.23 01:05:00;Sell Stop;0.01;XAUUSD;4 846.55;4 904.29;4 771.05;2026.02.25 01:05:00;5 135.93;;;;cancelled
2026.02.23 01:05:00;Buy Stop;0.01;XAUUSD;5 586.33;5 528.59;5 661.83;2026.02.25 01:05:00;5 137.02;;;;cancelled
2026.02.23 01:05:01;Sell Stop;0.01;XAUUSD;4 839.78;4 873.50;4 784.82;2026.02.24 22:10:00;5 149.90;;;;cancelled
2026.02.23 01:05:01;Buy Stop;0.01;XAUUSD;5 598.93;5 565.21;5 653.89;2026.02.24 22:10:00;5 149.99;;;;cancelled
2026.02.24 08:00:00;Sell Stop;0.03;XAUUSD;4 840.27;4 853.04;4 766.22;2026.02.24 18:00:00;5 150.67;;;;cancelled
2026.02.24 08:00:00;Buy Stop;0.03;XAUUSD;5 600.37;5 587.60;5 674.42;2026.02.24 18:00:00;5 150.73;;;;cancelled
2026.02.23 01:05:00;Sell Stop;0.01;XAUUSD;4 401.55;4 456.77;4 293.74;2026.02.24 18:00:00;5 150.81;;;;cancelled
2026.02.23 01:05:00;Buy Stop;0.01;XAUUSD;5 600.98;5 545.76;5 708.79;2026.02.24 18:00:00;5 150.67;;;;cancelled
2026.02.23 22:00:00;Sell Stop;0.03;XAUUSD;4 840.28;4 852.77;4 767.84;2026.02.24 08:00:00;5 182.72;;;;cancelled
2026.02.23 22:00:00;Buy Stop;0.03;XAUUSD;5 600.30;5 587.81;5 672.74;2026.02.24 08:00:00;5 182.79;;;;cancelled
2026.02.23 12:00:00;Sell Stop;0.03;XAUUSD;4 840.28;4 852.77;4 767.84;2026.02.23 22:00:00;5 215.38;;;;cancelled
2026.02.23 12:00:00;Buy Stop;0.03;XAUUSD;5 600.30;5 587.81;5 672.74;2026.02.23 22:00:00;5 215.39;;;;cancelled
2026.02.23 01:05:01;Sell Stop;0.03;XAUUSD;4 840.28;4 852.77;4 767.84;2026.02.23 12:00:00;5 149.70;;;;cancelled
2026.02.23 01:05:01;Buy Stop;0.03;XAUUSD;5 600.30;5 587.81;5 672.74;2026.02.23 12:00:00;5 149.76;;;;cancelled
2026.02.23 01:05:00;Buy;0.02;XAUUSD;5 117.70;5 134.66;5 298.14;2026.02.23 02:12:13;5 134.04;-0.41;;32.68;[sl]
2026.02.23 01:06:28;Buy;0.01;XAUUSD;5 126.17;5 151.15;5 228.49;2026.02.23 01:42:12;5 149.53;-0.21;;23.36;[sl]
2026.02.23 01:05:21;Buy;0.01;XAUUSD;5 122.99;5 134.09;5 240.53;2026.02.23 01:09:56;5 133.38;-0.20;;10.39;[sl]
2026.02.23 01:05:00;Buy;0.01;XAUUSD;5 117.70;5 059.53;5 182.85;2026.02.23 01:06:00;5 119.35;-0.20;;1.65;
2026.02.23 01:05:00;Buy;0.01;XAUUSD;5 117.77;5 119.12;5 201.50;2026.02.23 01:06:00;5 119.03;-0.20;;1.26;[sl]
2026.02.20 22:10:00;Buy Stop;0.01;XAUUSD;5 120.48;5 086.90;5 175.20;2026.02.23 01:05:01;5 118.32;;;;cancelled
2026.02.20 01:05:01;Sell Stop;0.01;XAUUSD;4 839.79;4 873.37;4 785.07;2026.02.23 01:05:01;5 117.60;;;;cancelled
2026.02.23 01:05:00;Buy;0.03;XAUUSD;5 117.77;5 117.56;5 323.50;2026.02.23 01:05:01;5 117.55;-0.61;;-0.66;[sl]
2026.02.20 22:00:00;Sell Stop;0.03;XAUUSD;4 840.28;4 852.72;4 768.16;2026.02.23 01:05:00;5 117.52;;;;cancelled
2026.02.20 18:00:02;Buy Stop;0.03;XAUUSD;5 121.85;5 109.41;5 193.97;2026.02.23 01:05:00;5 118.20;;;;cancelled
2026.02.20 18:00:01;Buy Stop;0.01;XAUUSD;5 600.96;5 545.98;5 708.30;2026.02.23 01:05:00;5 117.88;;;;cancelled
2026.02.20 01:05:01;Sell Stop;0.01;XAUUSD;4 846.51;4 903.76;4 771.64;2026.02.23 01:05:00;5 117.42;;;;cancelled
2026.02.19 14:00:00;Sell Stop;0.01;XAUUSD;4 401.55;4 455.34;4 296.53;2026.02.23 01:05:00;5 117.42;;;;cancelled
2026.02.19 01:05:01;Buy Stop;0.01;XAUUSD;5 120.45;5 087.60;5 173.99;2026.02.20 22:10:00;5 080.42;;;;cancelled
2026.02.20 12:00:00;Sell Stop;0.03;XAUUSD;4 840.28;4 852.72;4 768.16;2026.02.20 22:00:00;5 079.38;;;;cancelled
2026.02.20 08:00:00;Buy Stop;0.03;XAUUSD;5 121.85;5 109.41;5 193.97;2026.02.20 18:00:02;5 043.14;;;;cancelled
2026.02.19 01:05:00;Buy Stop;0.01;XAUUSD;5 600.89;5 547.10;5 705.91;2026.02.20 18:00:01;5 043.92;;;;cancelled
2026.02.20 01:05:00;Sell Stop;0.03;XAUUSD;4 840.28;4 852.72;4 768.16;2026.02.20 12:00:00;5 027.79;;;;cancelled
2026.02.19 22:00:00;Buy Stop;0.03;XAUUSD;5 121.79;5 109.62;5 192.36;2026.02.20 08:00:00;5 012.22;;;;cancelled
2026.02.18 02:00:00;Buy Stop;0.01;XAUUSD;5 108.05;5 051.16;5 182.44;2026.02.20 02:00:00;4 987.97;;;;cancelled
2026.02.19 01:05:01;Sell Stop;0.01;XAUUSD;4 654.03;4 686.88;4 600.49;2026.02.20 01:05:02;5 002.26;;;;cancelled
2026.02.19 22:00:01;Sell Stop;0.03;XAUUSD;4 654.51;4 666.68;4 583.94;2026.02.20 01:05:01;5 002.27;;;;cancelled
2026.02.19 01:05:01;Sell Stop;0.01;XAUUSD;4 654.13;4 699.32;4 549.84;2026.02.20 01:05:01;5 002.26;;;;cancelled
2026.02.18 02:00:00;Sell Stop;0.01;XAUUSD;4 407.37;4 464.26;4 332.98;2026.02.20 01:05:01;5 002.27;;;;cancelled
2026.02.18 01:05:00;Sell Stop;0.01;XAUUSD;4 654.31;4 686.22;4 533.60;2026.02.20 01:05:01;5 002.27;;;;cancelled
2026.02.16 01:05:00;Sell Stop;0.01;XAUUSD;4 417.02;4 485.77;4 327.11;2026.02.20 01:05:01;5 002.25;;;;cancelled
2026.02.19 12:00:00;Sell Stop;0.03;XAUUSD;4 654.51;4 666.68;4 583.94;2026.02.19 22:00:00;4 987.93;;;;cancelled
2026.02.19 12:00:00;Buy Stop;0.03;XAUUSD;5 121.79;5 109.62;5 192.36;2026.02.19 22:00:00;4 988.00;;;;cancelled
2026.02.17 22:00:00;Sell Stop;0.01;XAUUSD;4 401.55;4 457.13;4 293.04;2026.02.19 14:00:00;4 985.13;;;;cancelled
2026.02.19 01:05:01;Sell Stop;0.03;XAUUSD;4 654.51;4 666.68;4 583.94;2026.02.19 12:00:00;4 995.42;;;;cancelled
2026.02.19 01:05:01;Buy Stop;0.03;XAUUSD;5 121.79;5 109.62;5 192.36;2026.02.19 12:00:00;4 995.71;;;;cancelled
2026.02.17 08:00:00;Sell Stop;0.02;XAUUSD;4 661.05;4 707.62;4 479.42;2026.02.19 10:00:00;5 010.35;;;;cancelled
2026.02.18 01:05:00;Sell Stop;0.01;XAUUSD;4 654.00;4 687.71;4 599.06;2026.02.19 01:05:03;4 973.33;;;;cancelled
2026.02.18 23:00:00;Buy Stop;0.03;XAUUSD;5 121.86;5 109.37;5 194.28;2026.02.19 01:05:02;4 973.47;;;;cancelled
2026.02.18 02:05:01;Buy Stop;0.01;XAUUSD;5 120.49;5 086.78;5 175.43;2026.02.19 01:05:02;4 973.47;;;;cancelled
2026.02.18 01:05:00;Buy Stop;0.01;XAUUSD;5 600.98;5 545.77;5 708.76;2026.02.19 01:05:02;4 973.16;;;;cancelled
2026.02.17 08:40:00;Sell Stop;0.01;XAUUSD;4 654.10;4 700.79;4 546.35;2026.02.19 01:05:02;4 973.33;;;;cancelled
2026.02.16 05:01:08;Buy Stop;0.01;XAUUSD;5 124.27;5 078.55;5 229.78;2026.02.19 01:05:02;4 973.47;;;;cancelled
2026.02.16 05:01:08;Buy Stop;0.01;XAUUSD;5 122.96;5 091.50;5 241.95;2026.02.19 01:05:02;4 973.47;;;;cancelled
2026.02.16 05:01:07;Buy Stop;0.01;XAUUSD;5 600.80;5 546.38;5 707.05;2026.02.19 01:05:02;4 973.47;;;;cancelled
2026.02.16 05:01:05;Sell Stop;0.01;XAUUSD;4 396.76;4 506.42;4 244.58;2026.02.19 01:05:02;4 973.33;;;;cancelled
2026.02.16 05:01:05;Buy Stop;0.01;XAUUSD;5 602.13;5 492.47;5 754.31;2026.02.19 01:05:02;4 973.16;;;;cancelled
2026.02.16 05:01:04;Sell Stop;0.01;XAUUSD;4 401.50;4 431.39;4 378.64;2026.02.19 01:05:01;4 972.97;;;;cancelled
2026.02.16 05:01:04;Buy Stop;0.01;XAUUSD;5 600.60;5 570.71;5 623.46;2026.02.19 01:05:01;4 973.12;;;;cancelled
2026.02.18 14:00:01;Sell Stop;0.03;XAUUSD;4 654.50;4 666.99;4 582.08;2026.02.19 01:05:00;4 972.92;;;;cancelled
2026.02.18 12:00:01;Buy Stop;0.03;XAUUSD;5 121.86;5 109.37;5 194.28;2026.02.18 23:00:00;4 984.84;;;;cancelled
2026.02.18 04:00:00;Sell Stop;0.03;XAUUSD;4 654.50;4 666.99;4 582.08;2026.02.18 14:00:00;4 912.99;;;;cancelled
2026.02.18 01:05:00;Buy Stop;0.03;XAUUSD;5 121.86;5 109.37;5 194.28;2026.02.18 12:00:00;4 917.91;;;;cancelled
2026.02.17 18:00:00;Sell Stop;0.03;XAUUSD;4 654.50;4 667.07;4 581.59;2026.02.18 04:00:00;4 890.02;;;;cancelled
2026.02.16 05:01:09;Buy Stop;0.01;XAUUSD;5 120.47;5 087.24;5 174.63;2026.02.18 02:05:01;4 864.01;;;;cancelled
2026.02.16 01:05:01;Sell Stop;0.01;XAUUSD;4 407.26;4 463.02;4 334.34;2026.02.18 02:00:00;4 859.41;;;;cancelled
2026.02.16 01:05:01;Buy Stop;0.01;XAUUSD;5 108.27;5 052.51;5 181.19;2026.02.18 02:00:00;4 858.76;;;;cancelled
2026.02.17 08:45:00;Sell Stop;0.01;XAUUSD;4 653.99;4 687.93;4 598.68;2026.02.18 01:05:01;4 870.66;;;;cancelled
2026.02.17 22:00:00;Buy Stop;0.01;XAUUSD;5 601.00;5 545.42;5 709.51;2026.02.18 01:05:00;4 870.96;;;;cancelled
2026.02.17 13:00:01;Buy Stop;0.03;XAUUSD;5 121.88;5 109.31;5 194.79;2026.02.18 01:05:00;4 870.96;;;;cancelled
2026.02.17 08:40:00;Sell Stop;0.01;XAUUSD;4 654.30;4 686.43;4 532.78;2026.02.18 01:05:00;4 870.66;;;;cancelled
2026.02.16 05:01:04;Sell Stop;0.01;XAUUSD;4 401.55;4 455.97;4 295.30;2026.02.17 22:00:00;4 880.02;;;;cancelled
2026.02.16 05:01:04;Buy Stop;0.01;XAUUSD;5 600.93;5 546.51;5 707.18;2026.02.17 22:00:00;4 880.34;;;;cancelled
2026.02.17 08:00:00;Sell Stop;0.03;XAUUSD;4 654.50;4 667.07;4 581.59;2026.02.17 18:00:00;4 878.44;;;;cancelled
2026.02.17 03:00:00;Buy Stop;0.03;XAUUSD;5 121.88;5 109.31;5 194.79;2026.02.17 13:00:01;4 913.47;;;;cancelled
2026.02.17 07:31:51;Sell;0.01;XAUUSD;4 878.46;4 911.03;4 821.78;2026.02.17 08:41:00;4 913.50;-0.20;;-35.04;[sl]
2026.02.17 07:31:51;Sell;0.01;XAUUSD;4 878.46;4 909.53;4 889.81;2026.02.17 08:38:49;4 909.76;-0.20;;-31.30;[sl]
2026.02.17 07:31:51;Sell;0.01;XAUUSD;4 878.46;4 906.52;4 769.45;2026.02.17 08:38:28;4 906.96;-0.20;;-28.50;[sl]
2026.02.17 07:31:50;Sell;0.02;XAUUSD;4 881.98;4 879.82;4 702.67;2026.02.17 07:45:00;4 879.88;-0.39;;4.20;[sl]
2026.02.17 07:31:51;Sell;0.03;XAUUSD;4 878.46;4 890.17;4 804.69;2026.02.17 07:37:27;4 891.68;-0.59;;-39.66;[sl]
2026.02.16 16:00:01;Buy Stop;0.03;XAUUSD;5 121.82;5 109.51;5 193.21;2026.02.17 03:00:00;4 936.28;;;;cancelled
2026.02.16 05:01:09;Sell Stop;0.01;XAUUSD;4 654.02;4 687.25;4 599.86;2026.02.17 01:05:01;4 998.36;;;;cancelled
2026.02.16 05:01:08;Sell Stop;0.01;XAUUSD;4 654.12;4 699.84;4 548.61;2026.02.17 01:05:01;4 998.30;;;;cancelled
2026.02.16 16:00:01;Sell Stop;0.03;XAUUSD;4 654.51;4 666.82;4 583.12;2026.02.17 01:05:00;4 998.10;;;;cancelled
2026.02.16 05:01:08;Sell Stop;0.01;XAUUSD;4 654.32;4 685.78;4 535.33;2026.02.17 01:05:00;4 998.01;;;;cancelled
2026.02.16 05:01:07;Buy Stop;0.03;XAUUSD;5 121.82;5 109.51;5 193.21;2026.02.16 16:00:01;4 996.75;;;;cancelled
2026.02.16 05:01:07;Sell Stop;0.03;XAUUSD;4 654.51;4 666.82;4 583.12;2026.02.16 16:00:00;4 997.38;;;;cancelled
2026.02.16 01:05:00;Sell Stop;0.02;XAUUSD;4 661.05;4 707.58;4 479.57;2026.02.16 13:00:01;5 006.15;;;;cancelled
2026.02.16 05:01:05;Sell Stop;0.01;XAUUSD;3 886.55;3 938.19;3 785.73;2026.02.16 05:01:09;4 993.41;;;;cancelled
2026.01.21 02:00:00;Sell Stop;0.02;XAUUSD;3 886.55;3 938.19;3 785.73;2026.02.16 05:01:05;4 993.39;;;;cancelled
2026.01.22 10:00:00;Sell Stop;0.01;XAUUSD;3 886.54;3 939.20;3 783.72;2026.02.16 05:01:04;4 993.62;;;;cancelled
2026.01.20 01:05:00;Sell Stop;0.01;XAUUSD;3 882.04;3 985.09;3 739.03;2026.02.16 05:01:04;4 993.39;;;;cancelled
2026.01.20 01:05:00;Sell Stop;0.01;XAUUSD;4 273.91;4 302.00;4 252.43;2026.02.16 05:01:03;4 993.50;;;;cancelled
2026.01.06 01:05:00;Sell Stop;0.04;XAUUSD;4 277.70;4 295.80;4 129.86;2026.02.16 01:05:02;5 014.23;;;;cancelled
2026.01.23 01:05:00;Sell Stop;0.03;XAUUSD;4 277.08;4 307.08;4 237.85;2026.02.16 01:05:01;5 014.09;;;;cancelled
2026.01.05 01:05:00;Sell Stop;0.11;XAUUSD;3 887.37;3 893.37;3 870.37;2026.02.16 01:05:01;5 014.64;;;;cancelled
2026.01.12 02:26:33;Sell Stop;0.02;XAUUSD;4 283.92;4 328.01;4 226.26;2026.02.16 01:05:00;5 015.28;;;;cancelled
2026.01.08 01:05:00;Sell Stop;0.02;XAUUSD;3 268.93;3 298.21;3 225.00;2026.02.16 01:05:00;5 013.96;;;;cancelled
2026.02.02 07:49:20;Sell;0.01;XAUUSD;4 535.09;4 578.84;4 435.35;2026.02.02 08:27:29;4 435.24;-0.18;;99.85;[tp]
2026.02.02 07:49:16;Sell;0.03;XAUUSD;4 539.65;4 572.10;4 416.83;2026.02.02 08:00:48;4 572.96;-0.54;;-99.93;[sl]
2026.02.02 07:49:20;Sell;0.01;XAUUSD;4 534.25;4 567.50;4 482.93;2026.02.02 07:50:22;4 567.09;-0.18;;-32.84;[sl]
2026.02.02 07:49:20;Sell;0.01;XAUUSD;4 534.25;4 565.49;4 422.73;2026.02.02 07:50:22;4 567.51;-0.18;;-33.26;[sl]
2026.02.02 07:49:20;Sell;0.03;XAUUSD;4 535.82;4 547.89;4 465.72;2026.02.02 07:49:50;4 549.13;-0.54;;-39.93;[sl]
2026.01.25 12:08:31;Balance;;;;;;;;;;-200.00;
2026.01.23 04:00:00;Sell Stop;0.03;XAUUSD;4 535.81;4 547.89;4 465.72;2026.01.23 14:00:00;4 923.68;;;;cancelled
2026.01.22 18:00:00;Sell Stop;0.03;XAUUSD;4 535.81;4 547.72;4 466.72;2026.01.23 04:00:00;4 953.52;;;;cancelled
2026.01.21 01:05:00;Sell Stop;0.03;XAUUSD;4 277.06;4 306.89;4 238.06;2026.01.23 01:05:00;4 952.41;;;;cancelled
2026.01.21 01:05:00;Sell Stop;0.01;XAUUSD;4 535.36;4 566.90;4 483.97;2026.01.22 22:05:00;4 921.38;;;;cancelled
2026.01.22 08:00:00;Sell Stop;0.03;XAUUSD;4 535.81;4 547.72;4 466.72;2026.01.22 18:00:00;4 871.75;;;;cancelled
2026.01.20 18:00:00;Sell Stop;0.01;XAUUSD;3 886.55;3 937.69;3 786.71;2026.01.22 10:00:00;4 832.75;;;;cancelled
2026.01.21 22:00:00;Sell Stop;0.03;XAUUSD;4 535.82;4 547.50;4 468.08;2026.01.22 08:00:00;4 821.25;;;;cancelled
2026.01.21 12:00:00;Sell Stop;0.03;XAUUSD;4 535.82;4 547.50;4 468.08;2026.01.21 22:00:00;4 781.31;;;;cancelled
2026.01.21 01:05:00;Sell Stop;0.03;XAUUSD;4 535.82;4 547.50;4 468.08;2026.01.21 12:00:00;4 860.21;;;;cancelled
2026.01.12 02:26:33;Sell Stop;0.02;XAUUSD;3 886.55;3 936.06;3 789.90;2026.01.21 02:00:00;4 775.83;;;;cancelled
2026.01.20 22:10:00;Sell Stop;0.01;XAUUSD;4 405.97;4 437.20;4 355.07;2026.01.21 01:05:01;4 762.25;;;;cancelled
2026.01.19 01:05:00;Sell Stop;0.01;XAUUSD;4 406.08;4 448.94;4 307.18;2026.01.21 01:05:01;4 762.25;;;;cancelled
2026.01.20 22:00:00;Sell Stop;0.03;XAUUSD;4 406.44;4 418.01;4 339.35;2026.01.21 01:05:00;4 762.25;;;;cancelled
2026.01.19 01:05:00;Sell Stop;0.03;XAUUSD;4 277.03;4 306.56;4 238.42;2026.01.21 01:05:00;4 762.27;;;;cancelled
2026.01.13 01:05:00;Sell Stop;0.01;XAUUSD;4 406.27;4 435.15;4 297.04;2026.01.21 01:05:00;4 762.26;;;;cancelled
2026.01.05 01:05:00;Sell Stop;0.03;XAUUSD;3 888.04;3 910.87;3 844.67;2026.01.21 01:05:00;4 762.26;;;;cancelled
2026.01.19 01:05:01;Sell Stop;0.01;XAUUSD;4 405.98;4 437.13;4 355.21;2026.01.20 22:10:00;4 757.83;;;;cancelled
2026.01.20 12:00:00;Sell Stop;0.03;XAUUSD;4 406.44;4 418.01;4 339.35;2026.01.20 22:00:00;4 760.67;;;;cancelled
2026.01.19 01:05:00;Sell Stop;0.01;XAUUSD;3 886.55;3 937.56;3 786.95;2026.01.20 18:00:00;4 737.60;;;;cancelled
2026.01.16 18:00:00;Sell Stop;0.03;XAUUSD;4 410.99;4 442.45;4 288.31;2026.01.20 18:00:00;4 737.63;;;;cancelled
2026.01.20 01:05:01;Sell Stop;0.03;XAUUSD;4 406.44;4 418.01;4 339.35;2026.01.20 12:00:00;4 732.50;;;;cancelled
2026.01.19 12:00:00;Sell Stop;0.03;XAUUSD;4 406.44;4 417.98;4 339.52;2026.01.20 01:05:00;4 668.23;;;;cancelled
2026.01.12 23:00:00;Sell Stop;0.01;XAUUSD;4 273.92;4 301.11;4 253.12;2026.01.20 01:05:00;4 668.60;;;;cancelled
2026.01.12 01:05:00;Sell Stop;0.01;XAUUSD;3 882.19;3 981.95;3 743.75;2026.01.20 01:05:00;4 668.37;;;;cancelled
2026.01.19 01:05:00;Sell Stop;0.03;XAUUSD;4 406.44;4 417.98;4 339.52;2026.01.19 12:00:00;4 668.42;;;;cancelled
2026.01.19 01:05:00;Buy;0.03;XAUUSD;4 649.10;4 654.81;4 763.85;2026.01.19 01:10:02;4 654.58;-0.56;;16.44;[sl]
2026.01.16 19:05:00;Sell Stop;0.01;XAUUSD;4 405.97;4 437.23;4 355.03;2026.01.19 01:05:01;4 647.86;;;;cancelled
2026.01.16 22:00:00;Sell Stop;0.03;XAUUSD;4 406.44;4 418.02;4 339.30;2026.01.19 01:05:00;4 648.32;;;;cancelled
2026.01.16 01:05:00;Sell Stop;0.03;XAUUSD;4 277.06;4 306.86;4 238.09;2026.01.19 01:05:00;4 648.84;;;;cancelled
2026.01.15 10:00:00;Sell Stop;0.01;XAUUSD;3 886.55;3 937.25;3 787.56;2026.01.19 01:05:00;4 648.84;;;;cancelled
2026.01.13 01:05:00;Sell Stop;0.01;XAUUSD;4 406.09;4 448.06;4 309.23;2026.01.19 01:05:00;4 647.55;;;;cancelled
2026.01.16 12:00:00;Sell Stop;0.03;XAUUSD;4 406.44;4 418.02;4 339.30;2026.01.16 22:00:00;4 590.63;;;;cancelled
2026.01.14 22:05:00;Sell Stop;0.01;XAUUSD;4 405.98;4 436.99;4 355.44;2026.01.16 19:05:00;4 588.03;;;;cancelled
2026.01.16 17:28:42;Sell;0.03;XAUUSD;4 573.20;4 574.70;4 450.80;2026.01.16 17:58:14;4 574.48;-0.55;;-3.84;[sl]
2026.01.12 02:14:21;Buy;0.01;XAUUSD;4 554.28;4 561.59;4 650.25;2026.01.16 17:30:25;4 560.81;-0.18;-3.60;6.53;[sl]
2026.01.16 01:05:00;Sell Stop;0.03;XAUUSD;4 406.44;4 418.02;4 339.30;2026.01.16 12:00:00;4 600.18;;;;cancelled
2026.01.15 14:00:00;Sell Stop;0.03;XAUUSD;4 406.44;4 417.91;4 339.92;2026.01.16 01:05:00;4 618.88;;;;cancelled
2026.01.14 01:05:00;Sell Stop;0.03;XAUUSD;4 277.06;4 306.87;4 238.07;2026.01.16 01:05:00;4 618.88;;;;cancelled
2026.01.12 10:00:00;Sell Stop;0.03;XAUUSD;4 410.92;4 441.82;4 290.40;2026.01.15 18:00:00;4 616.10;;;;cancelled
2026.01.15 04:00:00;Sell Stop;0.03;XAUUSD;4 406.44;4 417.91;4 339.92;2026.01.15 14:00:00;4 619.31;;;;cancelled
2026.01.13 18:00:00;Sell Stop;0.01;XAUUSD;3 886.55;3 936.51;3 789.01;2026.01.15 10:00:00;4 601.84;;;;cancelled
2026.01.14 18:00:00;Sell Stop;0.03;XAUUSD;4 406.44;4 417.93;4 339.82;2026.01.15 04:00:00;4 599.96;;;;cancelled
2026.01.13 01:05:00;Sell Stop;0.01;XAUUSD;4 406.00;4 436.51;4 356.28;2026.01.14 22:05:00;4 632.08;;;;cancelled
2026.01.14 08:00:00;Sell Stop;0.03;XAUUSD;4 406.44;4 417.93;4 339.82;2026.01.14 18:00:00;4 618.87;;;;cancelled
2026.01.13 22:00:00;Sell Stop;0.03;XAUUSD;4 406.45;4 417.75;4 340.91;2026.01.14 08:00:00;4 619.90;;;;cancelled
2026.01.12 01:05:00;Sell Stop;0.02;XAUUSD;4 277.02;4 306.46;4 238.52;2026.01.14 01:05:00;4 591.78;;;;cancelled
2026.01.13 12:00:00;Sell Stop;0.03;XAUUSD;4 406.45;4 417.75;4 340.91;2026.01.13 22:00:00;4 597.60;;;;cancelled
2026.01.12 01:05:00;Sell Stop;0.01;XAUUSD;3 886.55;3 936.06;3 789.90;2026.01.13 18:00:00;4 618.93;;;;cancelled
2026.01.13 01:05:00;Sell Stop;0.03;XAUUSD;4 406.45;4 417.75;4 340.91;2026.01.13 12:00:00;4 586.02;;;;cancelled
2026.01.12 01:05:02;Sell Stop;0.01;XAUUSD;4 273.18;4 303.41;4 223.91;2026.01.13 01:05:01;4 596.66;;;;cancelled
2026.01.12 01:05:02;Sell Stop;0.01;XAUUSD;4 273.28;4 314.87;4 177.30;2026.01.13 01:05:01;4 596.66;;;;cancelled
2026.01.12 22:00:00;Sell Stop;0.04;XAUUSD;4 273.63;4 284.83;4 208.68;2026.01.13 01:05:00;4 596.74;;;;cancelled
2026.01.06 01:05:00;Sell Stop;0.01;XAUUSD;4 273.48;4 301.27;4 168.35;2026.01.13 01:05:00;4 596.66;;;;cancelled
2026.01.06 01:05:00;Sell Stop;0.01;XAUUSD;4 273.92;4 300.33;4 253.72;2026.01.12 23:00:00;4 593.85;;;;cancelled
2026.01.12 12:00:00;Sell Stop;0.03;XAUUSD;4 273.63;4 284.83;4 208.68;2026.01.12 22:00:00;4 611.12;;;;cancelled
2026.01.12 02:04:23;Buy;0.01;XAUUSD;4 545.38;4 552.13;4 605.28;2026.01.12 15:12:28;4 605.34;-0.18;;59.96;[tp]
2026.01.12 01:05:01;Sell Stop;0.03;XAUUSD;4 273.63;4 284.83;4 208.68;2026.01.12 12:00:00;4 589.30;;;;cancelled
2025.12.31 09:00:00;Sell Stop;0.02;XAUUSD;4 275.69;4 305.06;4 161.13;2026.01.12 10:00:00;4 587.60;;;;cancelled
2026.01.12 02:13:46;Buy;0.01;XAUUSD;4 552.95;4 568.22;4 650.13;2026.01.12 04:03:20;4 567.60;-0.18;;14.65;[sl]
2026.01.12 02:06:54;Buy;0.02;XAUUSD;4 548.94;4 569.51;4 668.65;2026.01.12 04:00:00;4 569.41;-0.36;;40.94;[sl]
2026.01.12 02:13:45;Buy;0.01;XAUUSD;4 552.38;4 576.60;4 601.03;2026.01.12 03:17:30;4 576.25;-0.18;;23.87;[sl]
2026.01.12 02:16:03;Buy;0.01;XAUUSD;4 555.43;4 577.83;4 650.78;2026.01.12 03:16:03;4 577.83;-0.18;;22.40;[sl]
2026.01.12 02:05:35;Buy;0.04;XAUUSD;4 546.58;4 580.76;4 691.91;2026.01.12 03:09:15;4 580.77;-0.73;;136.76;[sl]
2026.01.12 02:06:55;Buy;0.02;XAUUSD;4 549.59;4 577.35;4 595.66;2026.01.12 02:48:29;4 595.92;-0.36;;92.66;[tp]
2026.01.12 02:05:38;Buy;0.02;XAUUSD;4 547.27;4 556.93;4 591.20;2026.01.12 02:44:01;4 591.33;-0.36;;88.12;[tp]
2026.01.12 02:04:34;Buy;0.03;XAUUSD;4 545.79;4 572.40;4 588.38;2026.01.12 02:42:49;4 588.40;-0.55;;127.83;[tp]
2026.01.12 02:13:45;Buy;0.03;XAUUSD;4 553.28;4 585.25;4 617.95;2026.01.12 02:40:10;4 585.22;-0.55;;95.82;[sl]
2026.01.12 01:43:18;Buy;0.02;XAUUSD;4 544.85;4 556.45;4 583.26;2026.01.12 02:38:26;4 583.44;-0.36;;77.18;[tp]
2026.01.12 02:13:46;Buy;0.01;XAUUSD;4 553.45;4 526.21;4 574.00;2026.01.12 02:32:27;4 574.21;-0.18;;20.76;[tp]
2026.01.12 02:14:21;Buy;0.01;XAUUSD;4 554.36;4 564.31;4 658.86;2026.01.12 02:27:11;4 564.36;-0.18;;10.00;[sl]
2026.01.12 01:05:01;Sell Stop;0.01;XAUUSD;3 886.55;3 936.06;3 789.90;2026.01.12 02:26:33;4 565.83;;;;cancelled
2026.01.06 01:05:00;Sell Stop;0.01;XAUUSD;4 283.92;4 328.01;4 226.26;2026.01.12 02:26:33;4 565.83;;;;cancelled
2026.01.12 02:06:54;Buy;0.11;XAUUSD;4 548.88;4 551.45;4 565.72;2026.01.12 02:26:33;4 565.83;-2.00;;186.45;[tp]
2026.01.12 02:16:03;Buy;0.01;XAUUSD;4 555.75;4 560.02;4 693.14;2026.01.12 02:22:53;4 560.00;-0.18;;4.25;[sl]
2026.01.09 19:10:00;Sell Stop;0.01;XAUUSD;4 273.19;4 303.30;4 224.13;2026.01.12 01:05:02;4 521.20;;;;cancelled
2026.01.09 01:05:00;Buy Stop;0.01;XAUUSD;4 551.76;4 521.65;4 600.82;2026.01.12 01:05:02;4 521.75;;;;cancelled
2026.01.09 22:00:00;Sell Stop;0.03;XAUUSD;4 273.63;4 284.78;4 208.96;2026.01.12 01:05:01;4 521.24;;;;cancelled
2026.01.09 22:00:00;Buy Stop;0.03;XAUUSD;4 552.98;4 541.83;4 617.65;2026.01.12 01:05:01;4 521.75;;;;cancelled
2026.01.06 01:05:00;Sell Stop;0.01;XAUUSD;4 273.30;4 313.69;4 180.08;2026.01.12 01:05:01;4 521.19;;;;cancelled
2026.01.02 23:00:00;Buy Stop;0.01;XAUUSD;4 553.39;4 505.39;4 647.10;2026.01.12 01:05:01;4 521.72;;;;cancelled
2026.01.09 11:00:00;Buy Stop;0.01;XAUUSD;4 553.59;4 504.29;4 649.84;2026.01.12 01:05:00;4 521.50;;;;cancelled
2026.01.09 02:00:00;Buy Stop;0.02;XAUUSD;4 544.75;4 515.28;4 583.29;2026.01.12 01:05:00;4 521.50;;;;cancelled
2026.01.08 10:00:00;Sell Stop;0.01;XAUUSD;3 886.55;3 936.22;3 789.57;2026.01.12 01:05:00;4 521.40;;;;cancelled
2026.01.08 01:05:00;Sell Stop;0.02;XAUUSD;4 277.03;4 306.51;4 238.48;2026.01.12 01:05:00;4 521.28;;;;cancelled
2026.01.02 23:00:00;Sell Stop;0.01;XAUUSD;3 886.56;3 934.56;3 792.85;2026.01.12 01:05:00;4 521.18;;;;cancelled
2026.01.02 23:00:00;Sell Stop;0.01;XAUUSD;3 882.33;3 979.05;3 748.11;2026.01.12 01:05:00;4 521.23;;;;cancelled
2026.01.02 23:00:00;Buy Stop;0.01;XAUUSD;4 554.57;4 457.85;4 688.79;2026.01.12 01:05:00;4 521.70;;;;cancelled
2025.12.31 01:05:01;Buy Stop;0.02;XAUUSD;4 549.32;4 516.18;4 593.50;2026.01.12 01:05:00;4 521.70;;;;cancelled
2026.01.09 12:00:00;Sell Stop;0.03;XAUUSD;4 273.63;4 284.78;4 208.96;2026.01.09 22:00:00;4 499.20;;;;cancelled
2026.01.09 12:00:00;Buy Stop;0.03;XAUUSD;4 552.98;4 541.83;4 617.65;2026.01.09 22:00:00;4 498.27;;;;cancelled
2026.01.02 23:00:00;Buy Stop;0.01;XAUUSD;4 553.21;4 526.84;4 573.37;2026.01.09 20:00:00;4 483.78;;;;cancelled
2026.01.09 17:04:03;Buy;0.02;XAUUSD;4 498.84;4 486.43;4 618.50;2026.01.09 19:54:04;4 485.62;-0.36;;-26.44;[sl]
2026.01.07 22:10:00;Sell Stop;0.01;XAUUSD;4 273.19;4 303.24;4 224.22;2026.01.09 19:10:00;4 509.04;;;;cancelled
2026.01.09 02:00:00;Sell Stop;0.03;XAUUSD;4 273.63;4 284.78;4 208.96;2026.01.09 12:00:00;4 471.21;;;;cancelled
2026.01.09 01:05:00;Buy Stop;0.03;XAUUSD;4 552.98;4 541.83;4 617.65;2026.01.09 12:00:00;4 471.30;;;;cancelled
2026.01.07 18:00:01;Buy Stop;0.01;XAUUSD;4 553.58;4 504.37;4 649.65;2026.01.09 11:00:00;4 468.84;;;;cancelled
2026.01.08 16:00:00;Sell Stop;0.03;XAUUSD;4 273.63;4 284.87;4 208.46;2026.01.09 02:00:00;4 475.75;;;;cancelled
2026.01.07 01:05:02;Buy Stop;0.02;XAUUSD;4 544.70;4 514.93;4 583.63;2026.01.09 02:00:00;4 475.94;;;;cancelled
2026.01.08 19:10:00;Buy Stop;0.01;XAUUSD;4 551.77;4 521.43;4 601.21;2026.01.09 01:05:00;4 477.51;;;;cancelled
2026.01.08 15:00:00;Buy Stop;0.03;XAUUSD;4 553.00;4 541.76;4 618.17;2026.01.09 01:05:00;4 477.45;;;;cancelled
2026.01.08 04:05:00;Buy Stop;0.01;XAUUSD;4 555.24;4 513.51;4 651.54;2026.01.09 01:05:00;4 477.58;;;;cancelled
2025.12.30 14:00:00;Buy Stop;0.02;XAUUSD;4 548.96;4 519.73;4 662.95;2026.01.08 22:00:00;4 452.17;;;;cancelled
2026.01.06 22:10:00;Buy Stop;0.01;XAUUSD;4 551.73;4 522.37;4 599.58;2026.01.08 19:10:00;4 459.18;;;;cancelled
2026.01.08 06:00:00;Sell Stop;0.03;XAUUSD;4 273.63;4 284.87;4 208.46;2026.01.08 16:00:00;4 422.56;;;;cancelled
2026.01.08 05:00:00;Buy Stop;0.03;XAUUSD;4 553.00;4 541.76;4 618.17;2026.01.08 15:00:00;4 427.89;;;;cancelled
2026.01.06 18:00:00;Sell Stop;0.01;XAUUSD;3 886.56;3 934.64;3 792.69;2026.01.08 10:00:00;4 430.92;;;;cancelled
2026.01.07 20:00:00;Sell Stop;0.03;XAUUSD;4 273.63;4 284.76;4 209.07;2026.01.08 06:00:00;4 440.27;;;;cancelled
2026.01.07 18:00:01;Buy Stop;0.03;XAUUSD;4 552.98;4 541.85;4 617.54;2026.01.08 05:00:00;4 441.49;;;;cancelled
2026.01.02 23:00:01;Buy Stop;0.01;XAUUSD;4 555.07;4 514.75;4 648.12;2026.01.08 04:05:00;4 443.17;;;;cancelled
2026.01.06 01:05:00;Sell Stop;0.02;XAUUSD;4 277.09;4 307.22;4 237.69;2026.01.08 01:05:00;4 462.21;;;;cancelled
2025.12.29 01:05:00;Sell Stop;0.02;XAUUSD;3 271.92;3 303.77;3 229.45;2026.01.08 01:05:00;4 462.22;;;;cancelled
2025.12.22 01:05:00;Sell Stop;0.02;XAUUSD;3 268.90;3 296.77;3 227.09;2026.01.08 01:05:00;4 462.08;;;;cancelled
2026.01.06 01:05:01;Sell Stop;0.01;XAUUSD;4 273.21;4 302.57;4 225.36;2026.01.07 22:10:00;4 455.55;;;;cancelled
2026.01.07 09:00:01;Sell Stop;0.03;XAUUSD;4 273.63;4 284.76;4 209.07;2026.01.07 20:00:00;4 451.59;;;;cancelled
2026.01.07 08:00:00;Buy Stop;0.03;XAUUSD;4 552.98;4 541.85;4 617.54;2026.01.07 18:00:01;4 446.43;;;;cancelled
2026.01.06 01:05:00;Buy Stop;0.01;XAUUSD;4 553.51;4 505.43;4 647.38;2026.01.07 18:00:00;4 446.39;;;;cancelled
2026.01.06 23:00:00;Sell Stop;0.03;XAUUSD;4 273.64;4 284.52;4 210.56;2026.01.07 09:00:00;4 444.29;;;;cancelled
2026.01.06 22:00:00;Buy Stop;0.03;XAUUSD;4 552.92;4 542.04;4 616.00;2026.01.07 08:00:00;4 454.57;;;;cancelled
2026.01.05 01:05:00;Buy Stop;0.02;XAUUSD;4 544.61;4 514.40;4 584.12;2026.01.07 01:05:02;4 498.71;;;;cancelled
2026.01.06 12:00:01;Sell Stop;0.03;XAUUSD;4 273.64;4 284.52;4 210.56;2026.01.06 23:00:00;4 493.70;;;;cancelled
2026.01.05 01:05:01;Buy Stop;0.01;XAUUSD;4 551.73;4 522.15;4 599.94;2026.01.06 22:10:00;4 483.97;;;;cancelled
2026.01.06 12:00:00;Buy Stop;0.03;XAUUSD;4 552.92;4 542.04;4 616.00;2026.01.06 22:00:00;4 481.47;;;;cancelled
2026.01.05 01:05:00;Sell Stop;0.01;XAUUSD;3 886.55;3 934.99;3 791.98;2026.01.06 18:00:00;4 478.31;;;;cancelled
2026.01.06 01:05:00;Sell Stop;0.03;XAUUSD;4 273.64;4 284.52;4 210.56;2026.01.06 12:00:00;4 446.39;;;;cancelled
2026.01.06 01:05:00;Buy Stop;0.03;XAUUSD;4 552.92;4 542.04;4 616.00;2026.01.06 12:00:00;4 446.47;;;;cancelled
2026.01.05 22:00:00;Sell Stop;0.03;XAUUSD;4 169.80;4 180.76;4 106.25;2026.01.06 01:05:01;4 454.64;;;;cancelled
2026.01.05 22:00:00;Buy Stop;0.03;XAUUSD;4 552.94;4 541.98;4 616.49;2026.01.06 01:05:01;4 455.31;;;;cancelled
2026.01.05 01:05:01;Sell Stop;0.01;XAUUSD;4 169.36;4 198.94;4 121.15;2026.01.06 01:05:01;4 454.61;;;;cancelled
2026.01.05 01:05:00;Buy Stop;0.01;XAUUSD;4 553.53;4 505.09;4 648.10;2026.01.06 01:05:01;4 455.32;;;;cancelled
2026.01.02 23:00:01;Sell Stop;0.01;XAUUSD;4 169.46;4 209.78;4 076.41;2026.01.06 01:05:01;4 454.63;;;;cancelled
2026.01.02 23:00:01;Sell Stop;0.01;XAUUSD;4 169.64;4 197.38;4 064.70;2026.01.06 01:05:01;4 454.64;;;;cancelled
2026.01.02 23:00:00;Sell Stop;0.01;XAUUSD;3 886.51;3 912.88;3 866.35;2026.01.06 01:05:01;4 454.65;;;;cancelled
2026.01.05 01:05:00;Sell Stop;0.02;XAUUSD;4 173.26;4 203.47;4 133.75;2026.01.06 01:05:00;4 454.67;;;;cancelled
2025.12.29 01:05:00;Sell Stop;0.02;XAUUSD;4 180.09;4 224.26;4 122.33;2026.01.06 01:05:00;4 454.72;;;;cancelled
2026.01.05 12:00:00;Sell Stop;0.03;XAUUSD;4 169.80;4 180.76;4 106.25;2026.01.05 22:00:00;4 439.79;;;;cancelled
2026.01.05 12:00:00;Buy Stop;0.03;XAUUSD;4 552.94;4 541.98;4 616.49;2026.01.05 22:00:00;4 439.78;;;;cancelled
2026.01.05 01:05:00;Sell Stop;0.03;XAUUSD;4 169.80;4 180.76;4 106.25;2026.01.05 12:00:00;4 435.01;;;;cancelled
2026.01.05 01:05:00;Buy Stop;0.03;XAUUSD;4 552.94;4 541.98;4 616.49;2026.01.05 12:00:00;4 435.06;;;;cancelled
2026.01.02 23:00:01;Buy Stop;0.01;XAUUSD;4 551.72;4 522.41;4 599.49;2026.01.05 01:05:01;4 357.77;;;;cancelled
2026.01.02 23:00:01;Sell Stop;0.01;XAUUSD;4 169.37;4 198.68;4 121.60;2026.01.05 01:05:00;4 356.79;;;;cancelled
2026.01.02 23:00:01;Sell Stop;0.03;XAUUSD;4 169.81;4 180.67;4 106.84;2026.01.05 01:05:00;4 356.80;;;;cancelled
2026.01.02 23:00:01;Buy Stop;0.03;XAUUSD;4 552.92;4 542.06;4 615.89;2026.01.05 01:05:00;4 357.77;;;;cancelled
2026.01.02 23:00:00;Sell Stop;0.01;XAUUSD;3 886.56;3 934.56;3 792.85;2026.01.05 01:05:00;4 356.77;;;;cancelled
2026.01.02 23:00:00;Buy Stop;0.01;XAUUSD;4 553.51;4 505.51;4 647.22;2026.01.05 01:05:00;4 357.87;;;;cancelled
2026.01.02 10:00:00;Sell Stop;0.02;XAUUSD;4 173.30;4 203.90;4 133.28;2026.01.05 01:05:00;4 356.77;;;;cancelled
2026.01.02 10:00:00;Buy Stop;0.02;XAUUSD;4 544.54;4 513.94;4 584.56;2026.01.05 01:05:00;4 357.87;;;;cancelled
2025.12.19 02:00:00;Sell Stop;0.03;XAUUSD;3 887.94;3 909.06;3 847.80;2026.01.05 01:05:00;4 356.77;;;;cancelled
2025.12.15 01:05:00;Sell Stop;0.09;XAUUSD;3 887.37;3 893.37;3 870.37;2026.01.05 01:05:00;4 356.79;;;;cancelled
2026.01.02 21:00:00;Sell Stop;0.03;XAUUSD;4 169.81;4 180.67;4 106.84;2026.01.02 22:00:01;4 318.67;;;;cancelled
2026.01.02 21:00:00;Buy Stop;0.03;XAUUSD;4 552.92;4 542.06;4 615.89;2026.01.02 22:00:01;4 318.73;;;;cancelled
2026.01.02 10:00:02;Sell Stop;0.01;XAUUSD;4 169.37;4 198.68;4 121.60;2026.01.02 22:00:01;4 318.83;;;;cancelled
2026.01.02 10:00:02;Buy Stop;0.01;XAUUSD;4 551.72;4 522.41;4 599.49;2026.01.02 22:00:01;4 318.88;;;;cancelled
2025.12.31 14:25:00;Sell Stop;0.01;XAUUSD;4 169.64;4 197.32;4 064.96;2026.01.02 22:00:01;4 318.68;;;;cancelled
2025.12.31 01:05:01;Sell Stop;0.01;XAUUSD;4 169.47;4 209.69;4 076.65;2026.01.02 22:00:01;4 318.81;;;;cancelled
2025.12.31 01:05:01;Buy Stop;0.01;XAUUSD;4 555.06;4 514.84;4 647.88;2026.01.02 22:00:01;4 318.86;;;;cancelled
2025.12.31 01:05:01;Buy Stop;0.01;XAUUSD;4 553.91;4 526.23;4 658.59;2026.01.02 22:00:01;4 318.73;;;;cancelled
2026.01.02 10:00:01;Sell Stop;0.01;XAUUSD;3 886.56;3 934.56;3 792.85;2026.01.02 22:00:00;4 318.65;;;;cancelled
2026.01.02 10:00:01;Buy Stop;0.01;XAUUSD;4 553.39;4 505.39;4 647.10;2026.01.02 22:00:00;4 318.55;;;;cancelled
2026.01.02 10:00:00;Sell Stop;0.01;XAUUSD;3 886.56;3 934.56;3 792.85;2026.01.02 22:00:00;4 318.21;;;;cancelled
2026.01.02 10:00:00;Buy Stop;0.01;XAUUSD;4 553.51;4 505.51;4 647.22;2026.01.02 22:00:00;4 318.26;;;;cancelled
2026.01.02 10:00:00;Sell Stop;0.01;XAUUSD;3 886.51;3 912.88;3 866.35;2026.01.02 22:00:00;4 318.21;;;;cancelled
2025.12.31 01:05:00;Sell Stop;0.01;XAUUSD;3 882.34;3 978.82;3 748.45;2026.01.02 22:00:00;4 318.43;;;;cancelled
2025.12.31 01:05:00;Buy Stop;0.01;XAUUSD;4 554.55;4 458.07;4 688.44;2026.01.02 22:00:00;4 318.34;;;;cancelled
2025.12.31 01:05:00;Buy Stop;0.01;XAUUSD;4 553.20;4 526.90;4 573.31;2026.01.02 22:00:00;4 318.26;;;;cancelled
2026.01.02 10:00:01;Sell Stop;0.03;XAUUSD;4 169.81;4 180.67;4 106.84;2026.01.02 21:00:00;4 315.88;;;;cancelled
2026.01.02 10:00:01;Buy Stop;0.03;XAUUSD;4 552.92;4 542.06;4 615.89;2026.01.02 21:00:00;4 316.20;;;;cancelled
2025.12.31 01:05:01;Sell Stop;0.01;XAUUSD;4 169.37;4 198.61;4 121.72;2026.01.02 10:00:02;4 382.97;;;;cancelled
2025.12.31 01:05:01;Buy Stop;0.01;XAUUSD;4 551.72;4 522.48;4 599.37;2026.01.02 10:00:02;4 383.58;;;;cancelled
2025.12.31 12:00:00;Sell Stop;0.03;XAUUSD;4 169.81;4 180.64;4 107.00;2026.01.02 10:00:01;4 382.35;;;;cancelled
2025.12.31 12:00:00;Buy Stop;0.03;XAUUSD;4 552.91;4 542.08;4 615.72;2026.01.02 10:00:01;4 382.99;;;;cancelled
2025.12.24 05:00:00;Sell Stop;0.01;XAUUSD;3 886.55;3 935.70;3 790.60;2026.01.02 10:00:01;4 382.37;;;;cancelled
2025.12.31 01:05:00;Sell Stop;0.02;XAUUSD;4 173.30;4 203.91;4 133.27;2026.01.02 10:00:00;4 382.21;;;;cancelled
2025.12.31 01:05:00;Buy Stop;0.02;XAUUSD;4 544.53;4 513.92;4 584.56;2026.01.02 10:00:00;4 382.72;;;;cancelled
2025.12.30 18:00:00;Sell Stop;0.01;XAUUSD;3 886.55;3 936.71;3 788.63;2026.01.02 10:00:00;4 382.34;;;;cancelled
2025.12.26 10:00:00;Sell Stop;0.01;XAUUSD;3 886.51;3 913.75;3 865.68;2026.01.02 10:00:00;4 382.15;;;;cancelled
2025.12.22 05:22:54;Sell Stop;0.01;XAUUSD;4 169.64;4 197.32;4 064.95;2025.12.31 14:25:00;4 303.29;;;;cancelled
2025.12.31 01:05:00;Sell Stop;0.03;XAUUSD;4 169.81;4 180.64;4 107.00;2025.12.31 12:00:00;4 325.93;;;;cancelled
2025.12.31 01:05:00;Buy Stop;0.03;XAUUSD;4 552.91;4 542.08;4 615.72;2025.12.31 12:00:00;4 326.22;;;;cancelled
2025.12.31 08:01:41;Sell;0.02;XAUUSD;4 275.14;4 302.91;4 168.30;2025.12.31 08:19:05;4 302.93;-0.34;;-55.58;[sl]
2025.12.30 22:10:00;Sell Stop;0.01;XAUUSD;4 169.33;4 199.96;4 119.41;2025.12.31 01:05:01;4 340.97;;;;cancelled
2025.12.30 18:00:00;Sell Stop;0.03;XAUUSD;4 169.79;4 181.13;4 103.99;2025.12.31 01:05:01;4 340.97;;;;cancelled
2025.12.29 01:05:00;Sell Stop;0.01;XAUUSD;4 169.43;4 211.32;4 072.76;2025.12.31 01:05:01;4 340.97;;;;cancelled
2025.12.26 10:00:01;Sell Stop;0.01;XAUUSD;3 882.18;3 982.10;3 743.52;2025.12.31 01:05:01;4 340.99;;;;cancelled
2025.12.29 01:05:00;Sell Stop;0.02;XAUUSD;4 173.23;4 203.16;4 134.09;2025.12.31 01:05:00;4 340.98;;;;cancelled
2025.12.29 01:05:01;Sell Stop;0.01;XAUUSD;4 169.34;4 199.79;4 119.72;2025.12.30 22:10:00;4 341.87;;;;cancelled
2025.12.30 08:00:00;Sell Stop;0.03;XAUUSD;4 169.79;4 181.13;4 103.99;2025.12.30 18:00:00;4 365.33;;;;cancelled
2025.12.29 01:05:00;Sell Stop;0.01;XAUUSD;3 886.55;3 936.41;3 789.20;2025.12.30 18:00:00;4 365.44;;;;cancelled
2025.12.29 22:00:00;Sell Stop;0.03;XAUUSD;4 169.79;4 181.07;4 104.38;2025.12.30 08:00:00;4 377.77;;;;cancelled
2025.12.29 12:00:00;Sell Stop;0.03;XAUUSD;4 169.79;4 181.07;4 104.38;2025.12.29 22:00:00;4 337.03;;;;cancelled
2025.12.29 01:05:00;Sell Stop;0.03;XAUUSD;4 169.79;4 181.07;4 104.38;2025.12.29 12:00:00;4 472.33;;;;cancelled
2025.12.26 10:00:01;Sell Stop;0.01;XAUUSD;4 169.34;4 199.62;4 119.99;2025.12.29 01:05:01;4 541.87;;;;cancelled
2025.12.26 21:00:00;Sell Stop;0.03;XAUUSD;4 169.79;4 181.01;4 104.74;2025.12.29 01:05:00;4 541.84;;;;cancelled
2025.12.26 10:00:00;Sell Stop;0.01;XAUUSD;3 886.55;3 936.13;3 789.74;2025.12.29 01:05:00;4 541.83;;;;cancelled
2025.12.26 10:00:00;Sell Stop;0.02;XAUUSD;4 173.41;4 205.15;4 131.91;2025.12.29 01:05:00;4 541.84;;;;cancelled
2025.12.22 11:05:00;Sell Stop;0.01;XAUUSD;4 169.47;4 209.69;4 076.64;2025.12.29 01:05:00;4 541.86;;;;cancelled
2025.12.18 02:00:00;Sell Stop;0.02;XAUUSD;3 271.81;3 302.71;3 230.61;2025.12.29 01:05:00;4 541.86;;;;cancelled
2025.12.12 01:05:00;Sell Stop;0.01;XAUUSD;4 180.22;4 224.98;4 121.69;2025.12.29 01:05:00;4 541.83;;;;cancelled
2025.12.26 10:00:01;Sell Stop;0.03;XAUUSD;4 169.79;4 181.01;4 104.74;2025.12.26 21:00:00;4 530.93;;;;cancelled
2025.12.24 18:00:00;Sell Stop;0.03;XAUUSD;4 169.80;4 180.92;4 105.32;2025.12.26 10:00:01;4 510.82;;;;cancelled
2025.12.24 02:25:00;Sell Stop;0.01;XAUUSD;4 169.35;4 199.36;4 120.44;2025.12.26 10:00:01;4 510.84;;;;cancelled
2025.12.24 01:05:00;Sell Stop;0.02;XAUUSD;4 173.48;4 205.90;4 131.09;2025.12.26 10:00:00;4 511.14;;;;cancelled
2025.12.23 22:00:00;Sell Stop;0.01;XAUUSD;3 886.56;3 934.52;3 792.92;2025.12.26 10:00:00;4 510.68;;;;cancelled
2025.12.19 11:00:00;Sell Stop;0.01;XAUUSD;3 886.52;3 912.87;3 866.37;2025.12.26 10:00:00;4 511.14;;;;cancelled
2025.12.18 01:05:00;Sell Stop;0.01;XAUUSD;3 882.37;3 978.19;3 749.40;2025.12.26 10:00:00;4 510.54;;;;cancelled
2025.12.24 08:00:00;Sell Stop;0.03;XAUUSD;4 169.80;4 180.92;4 105.32;2025.12.24 18:00:00;4 458.44;;;;cancelled
2025.12.23 22:00:00;Sell Stop;0.03;XAUUSD;4 169.81;4 180.66;4 106.89;2025.12.24 08:00:00;4 488.72;;;;cancelled
2025.12.15 05:33:00;Sell Stop;0.01;XAUUSD;3 886.56;3 933.85;3 794.23;2025.12.24 05:00:00;4 478.12;;;;cancelled
2025.12.22 05:22:55;Sell Stop;0.01;XAUUSD;4 169.37;4 198.61;4 121.72;2025.12.24 02:25:00;4 510.83;;;;cancelled
2025.12.22 01:05:00;Sell Stop;0.02;XAUUSD;4 173.60;4 207.17;4 129.71;2025.12.24 01:05:00;4 488.74;;;;cancelled
2025.12.23 12:00:00;Sell Stop;0.03;XAUUSD;4 169.81;4 180.66;4 106.89;2025.12.23 22:00:00;4 490.88;;;;cancelled
2025.12.22 05:22:53;Sell Stop;0.01;XAUUSD;3 886.56;3 934.44;3 793.08;2025.12.23 22:00:00;4 490.91;;;;cancelled
2025.12.23 02:00:00;Sell Stop;0.02;XAUUSD;4 169.81;4 180.66;4 106.89;2025.12.23 12:00:00;4 480.49;;;;cancelled
2025.12.22 03:59:08;Buy;0.01;XAUUSD;4 384.82;4 391.66;4 478.36;2025.12.23 03:04:32;4 478.38;-0.18;-0.42;93.56;[tp]
2025.12.22 03:59:01;Buy;0.01;XAUUSD;4 384.62;4 445.26;4 477.40;2025.12.23 03:01:12;4 477.43;-0.18;-0.42;92.81;[tp]
2025.12.22 16:00:00;Sell Stop;0.02;XAUUSD;4 169.81;4 180.64;4 107.00;2025.12.23 02:00:00;4 460.17;;;;cancelled
2025.12.22 03:39:15;Buy;0.01;XAUUSD;4 377.45;4 385.25;4 435.58;2025.12.22 17:57:14;4 435.58;-0.18;;58.13;[tp]
2025.12.22 03:40:05;Buy;0.01;XAUUSD;4 382.89;4 407.00;4 430.24;2025.12.22 17:45:02;4 430.31;-0.18;;47.42;[tp]
2025.12.22 05:22:54;Sell Stop;0.02;XAUUSD;4 169.81;4 180.64;4 107.00;2025.12.22 16:00:00;4 423.81;;;;cancelled
2025.12.22 03:40:02;Buy;0.02;XAUUSD;4 380.75;4 406.12;4 421.80;2025.12.22 15:09:05;4 421.83;-0.35;;82.16;[tp]
2025.12.22 03:40:01;Buy;0.02;XAUUSD;4 379.52;4 384.86;4 420.75;2025.12.22 15:00:44;4 420.81;-0.35;;82.58;[tp]
2025.12.17 06:05:00;Sell Stop;0.01;XAUUSD;4 169.47;4 209.45;4 077.21;2025.12.22 11:05:00;4 409.66;;;;cancelled
2025.12.22 03:38:45;Buy;0.02;XAUUSD;4 375.43;4 381.54;4 419.06;2025.12.22 08:59:52;4 419.06;-0.35;;87.26;[tp]
2025.12.22 03:39:15;Buy;0.03;XAUUSD;4 377.45;4 399.00;4 417.41;2025.12.22 08:55:33;4 417.46;-0.53;;120.03;[tp]
2025.12.22 04:31:34;Buy;0.01;XAUUSD;4 385.90;4 405.33;4 518.71;2025.12.22 07:37:10;4 405.34;-0.18;;19.44;[sl]
2025.12.22 04:31:35;Buy;0.01;XAUUSD;4 386.28;4 407.94;4 478.42;2025.12.22 07:33:01;4 407.78;-0.18;;21.50;[sl]
2025.12.22 03:47:21;Buy;0.01;XAUUSD;4 384.43;4 358.28;4 404.37;2025.12.22 07:27:25;4 404.42;-0.18;;19.99;[tp]
2025.12.22 03:59:10;Buy;0.01;XAUUSD;4 385.10;4 394.73;4 489.06;2025.12.22 05:51:02;4 394.74;-0.18;;9.64;[sl]
2025.12.18 23:35:00;Sell Stop;0.01;XAUUSD;4 169.38;4 198.42;4 122.06;2025.12.22 05:22:54;4 389.59;;;;cancelled
2025.12.12 01:05:00;Sell Stop;0.01;XAUUSD;4 169.65;4 196.67;4 067.43;2025.12.22 05:22:54;4 390.21;;;;cancelled
2025.12.19 22:00:00;Sell Stop;0.02;XAUUSD;4 169.81;4 180.66;4 106.88;2025.12.22 05:22:53;4 390.21;;;;cancelled
2025.12.18 14:00:00;Sell Stop;0.01;XAUUSD;3 886.56;3 934.11;3 793.73;2025.12.22 05:22:52;4 390.38;;;;cancelled
2025.12.22 03:40:01;Buy;0.09;XAUUSD;4 380.41;4 379.22;4 396.93;2025.12.22 04:08:00;4 379.19;-1.58;;-10.98;[sl]
2025.12.19 01:05:00;Sell Stop;0.02;XAUUSD;4 173.62;4 207.43;4 129.41;2025.12.22 01:05:00;4 340.92;;;;cancelled
2025.12.18 20:00:00;Buy Stop;0.02;XAUUSD;4 375.09;4 341.09;4 419.55;2025.12.22 01:05:00;4 340.98;;;;cancelled
2025.12.04 02:00:00;Sell Stop;0.02;XAUUSD;3 268.89;3 296.45;3 227.55;2025.12.22 01:05:00;4 340.92;;;;cancelled
2025.12.19 12:00:00;Sell Stop;0.02;XAUUSD;4 169.81;4 180.66;4 106.88;2025.12.19 22:00:00;4 345.35;;;;cancelled
2025.12.19 01:05:00;Sell Stop;0.02;XAUUSD;4 169.81;4 180.66;4 106.88;2025.12.19 12:00:00;4 329.31;;;;cancelled
2025.12.12 14:00:00;Sell Stop;0.01;XAUUSD;3 886.52;3 912.20;3 866.88;2025.12.19 11:00:00;4 326.04;;;;cancelled
2025.12.18 18:11:34;Buy;0.01;XAUUSD;4 357.52;4 309.96;4 449.54;2025.12.19 03:34:55;4 309.36;-0.17;-0.42;-48.16;[sl]
2025.12.03 02:00:00;Sell Stop;0.02;XAUUSD;3 887.91;3 908.59;3 848.62;2025.12.19 02:00:00;4 335.18;;;;cancelled
2025.12.18 14:00:00;Sell Stop;0.02;XAUUSD;4 169.81;4 180.56;4 107.43;2025.12.19 01:05:00;4 335.83;;;;cancelled
2025.12.17 01:05:00;Sell Stop;0.02;XAUUSD;4 173.70;4 208.31;4 128.44;2025.12.19 01:05:00;4 335.83;;;;cancelled
2025.12.17 02:35:00;Sell Stop;0.01;XAUUSD;4 169.38;4 198.44;4 122.02;2025.12.18 23:35:00;4 332.00;;;;cancelled
2025.12.18 18:11:34;Buy;0.01;XAUUSD;4 357.29;4 331.12;4 363.27;2025.12.18 19:09:32;4 330.98;-0.17;;-26.31;[sl]
2025.12.18 18:11:35;Buy;0.01;XAUUSD;4 357.89;4 344.83;4 450.52;2025.12.18 19:06:18;4 344.65;-0.17;;-13.24;[sl]
2025.12.18 18:10:21;Buy;0.01;XAUUSD;4 348.84;4 346.48;4 407.67;2025.12.18 19:06:17;4 346.10;-0.17;;-2.74;[sl]
2025.12.17 17:33:47;Buy;0.01;XAUUSD;4 348.54;4 346.47;4 407.67;2025.12.18 19:06:17;4 346.09;-0.17;-1.26;-2.45;[sl]
2025.12.18 18:11:18;Buy;0.02;XAUUSD;4 352.44;4 346.57;4 459.59;2025.12.18 19:06:13;4 346.53;-0.35;;-11.82;[sl]
2025.12.18 18:09:58;Buy;0.02;XAUUSD;4 347.24;4 353.04;4 391.57;2025.12.18 19:06:03;4 353.06;-0.35;;11.64;[sl]
2025.12.18 18:11:22;Buy;0.01;XAUUSD;4 354.76;4 352.45;4 402.30;2025.12.18 19:06:03;4 352.40;-0.17;;-2.36;[sl]
2025.12.18 18:11:27;Buy;0.02;XAUUSD;4 355.46;4 355.46;4 418.50;2025.12.18 19:05:33;4 355.37;-0.35;;-0.18;[sl]
2025.12.18 18:10:22;Buy;0.02;XAUUSD;4 350.82;4 356.45;4 392.77;2025.12.18 18:57:08;4 356.45;-0.35;;11.26;[sl]
2025.12.18 18:10:22;Buy;0.03;XAUUSD;4 350.62;4 356.80;4 491.19;2025.12.18 18:55:23;4 356.74;-0.52;;18.36;[sl]
2025.12.18 18:11:19;Buy;0.02;XAUUSD;4 352.66;4 358.65;4 393.70;2025.12.18 18:55:09;4 358.65;-0.35;;11.98;[sl]
2025.12.18 18:10:22;Buy;0.02;XAUUSD;4 350.21;4 361.37;4 389.40;2025.12.18 18:52:15;4 360.66;-0.35;;20.90;[sl]
2025.12.18 18:11:34;Buy;0.01;XAUUSD;4 357.64;4 366.70;4 449.42;2025.12.18 18:28:31;4 366.80;-0.17;;9.16;[sl]
2025.12.18 18:11:34;Buy;0.01;XAUUSD;4 357.52;4 367.08;4 461.16;2025.12.18 18:17:20;4 367.06;-0.17;;9.54;[sl]
2025.12.18 18:11:18;Buy;0.09;XAUUSD;4 352.41;4 356.26;4 368.95;2025.12.18 18:15:52;4 368.97;-1.57;;149.04;[tp]
2025.12.18 18:11:34;Buy;0.01;XAUUSD;4 357.33;4 362.32;4 490.83;2025.12.18 18:14:38;4 362.39;-0.17;;5.06;[sl]
2025.12.17 17:33:08;Buy;0.02;XAUUSD;4 347.64;4 313.61;4 392.25;2025.12.18 16:43:26;4 312.81;-0.35;-2.52;-69.66;[sl]
2025.12.18 04:00:00;Sell Stop;0.02;XAUUSD;4 169.81;4 180.56;4 107.43;2025.12.18 14:00:00;4 325.42;;;;cancelled
2025.12.16 22:00:00;Sell Stop;0.01;XAUUSD;3 886.56;3 934.08;3 793.79;2025.12.18 14:00:00;4 325.45;;;;cancelled
2025.12.18 01:05:00;Buy Stop;0.02;XAUUSD;4 356.12;4 345.37;4 418.50;2025.12.18 12:00:00;4 323.44;;;;cancelled
2025.12.17 18:00:00;Buy Stop;0.01;XAUUSD;4 374.97;4 340.36;4 420.23;2025.12.18 11:00:00;4 326.29;;;;cancelled
2025.12.17 18:00:00;Sell Stop;0.02;XAUUSD;4 169.81;4 180.57;4 107.38;2025.12.18 04:00:00;4 331.58;;;;cancelled
2025.12.11 19:00:02;Buy Stop;0.02;XAUUSD;4 378.63;4 350.98;4 420.10;2025.12.18 04:00:00;4 331.63;;;;cancelled
2025.12.16 22:00:00;Buy Stop;0.01;XAUUSD;4 384.68;4 337.16;4 477.45;2025.12.18 03:00:00;4 334.64;;;;cancelled
2025.12.12 18:00:00;Sell Stop;0.02;XAUUSD;4 185.28;4 212.57;4 078.84;2025.12.18 02:00:00;4 339.06;;;;cancelled
2025.12.08 01:05:07;Sell Stop;0.01;XAUUSD;3 271.73;3 301.99;3 231.38;2025.12.18 02:00:00;4 339.01;;;;cancelled
2025.12.17 22:00:00;Buy Stop;0.02;XAUUSD;4 356.13;4 345.37;4 418.56;2025.12.18 01:05:01;4 339.46;;;;cancelled
2025.12.11 21:00:00;Buy Stop;0.01;XAUUSD;4 384.51;4 338.00;4 475.32;2025.12.18 01:05:01;4 339.46;;;;cancelled
2025.12.11 19:08:39;Buy Stop;0.08;XAUUSD;4 379.93;4 373.93;4 396.93;2025.12.18 01:05:00;4 339.46;;;;cancelled
2025.12.10 01:05:00;Sell Stop;0.01;XAUUSD;3 882.48;3 975.83;3 752.94;2025.12.18 01:05:00;4 339.40;;;;cancelled
2025.12.17 12:00:00;Buy Stop;0.02;XAUUSD;4 356.13;4 345.37;4 418.56;2025.12.17 22:00:00;4 337.14;;;;cancelled
2025.12.17 08:00:00;Sell Stop;0.02;XAUUSD;4 169.81;4 180.57;4 107.38;2025.12.17 18:00:00;4 330.54;;;;cancelled
2025.12.17 17:33:47;Buy;0.02;XAUUSD;4 348.54;4 328.06;4 389.40;2025.12.17 17:53:07;4 327.41;-0.35;;-42.26;[sl]
2025.12.17 01:05:00;Buy Stop;0.02;XAUUSD;4 356.13;4 345.37;4 418.56;2025.12.17 12:00:00;4 317.08;;;;cancelled
2025.12.16 22:00:00;Sell Stop;0.02;XAUUSD;4 169.81;4 180.56;4 107.47;2025.12.17 08:00:00;4 334.02;;;;cancelled
2025.12.12 01:05:00;Sell Stop;0.01;XAUUSD;4 169.48;4 208.76;4 078.84;2025.12.17 06:05:00;4 322.46;;;;cancelled
2025.12.15 05:33:03;Sell Stop;0.01;XAUUSD;4 169.38;4 198.26;4 122.31;2025.12.17 02:35:00;4 312.17;;;;cancelled
2025.12.15 05:33:03;Buy Stop;0.01;XAUUSD;4 382.91;4 354.03;4 429.98;2025.12.17 01:05:01;4 303.79;;;;cancelled
2025.12.12 10:00:00;Buy Stop;0.01;XAUUSD;4 384.35;4 358.67;4 403.99;2025.12.17 01:05:01;4 303.79;;;;cancelled
2025.12.11 20:15:00;Buy Stop;0.01;XAUUSD;4 386.14;4 347.06;4 476.32;2025.12.17 01:05:01;4 303.79;;;;cancelled
2025.12.11 19:00:03;Buy Stop;0.01;XAUUSD;4 380.62;4 350.29;4 421.06;2025.12.17 01:05:01;4 303.79;;;;cancelled
2025.12.11 19:00:00;Buy Stop;0.01;XAUUSD;4 385.65;4 291.92;4 515.72;2025.12.17 01:05:01;4 303.79;;;;cancelled
2025.12.11 19:00:00;Buy Stop;0.01;XAUUSD;4 376.81;4 332.08;4 435.30;2025.12.17 01:05:01;4 303.79;;;;cancelled
2025.12.11 18:55:00;Buy Stop;0.01;XAUUSD;4 385.02;4 358.13;4 486.72;2025.12.17 01:05:01;4 303.79;;;;cancelled
2025.12.11 18:00:03;Buy Stop;0.02;XAUUSD;4 377.27;4 356.49;4 416.74;2025.12.17 01:05:01;4 303.79;;;;cancelled
2025.12.15 01:05:00;Sell Stop;0.01;XAUUSD;4 173.75;4 208.85;4 127.85;2025.12.17 01:05:00;4 303.71;;;;cancelled
2025.12.15 01:05:00;Buy Stop;0.01;XAUUSD;4 374.88;4 339.78;4 420.78;2025.12.17 01:05:00;4 303.79;;;;cancelled
2025.12.16 12:00:00;Sell Stop;0.02;XAUUSD;4 169.81;4 180.56;4 107.47;2025.12.16 22:00:00;4 310.56;;;;cancelled
2025.12.15 05:33:00;Sell Stop;0.01;XAUUSD;3 886.56;3 933.85;3 794.23;2025.12.16 22:00:00;4 310.38;;;;cancelled
2025.12.15 05:33:00;Buy Stop;0.01;XAUUSD;4 384.67;4 337.38;4 477.00;2025.12.16 22:00:00;4 310.37;;;;cancelled
2025.12.16 02:00:00;Sell Stop;0.02;XAUUSD;4 169.81;4 180.56;4 107.47;2025.12.16 12:00:00;4 280.46;;;;cancelled
2025.12.15 16:00:00;Sell Stop;0.02;XAUUSD;4 169.81;4 180.51;4 107.77;2025.12.16 02:00:00;4 304.29;;;;cancelled
2025.12.15 05:33:01;Sell Stop;0.02;XAUUSD;4 169.82;4 180.39;4 108.49;2025.12.15 16:00:00;4 331.87;;;;cancelled
2025.12.12 01:05:00;Sell Stop;0.01;XAUUSD;4 169.39;4 197.94;4 122.86;2025.12.15 05:33:03;4 328.26;;;;cancelled
2025.12.11 21:05:00;Buy Stop;0.01;XAUUSD;4 382.89;4 354.48;4 429.18;2025.12.15 05:33:03;4 328.31;;;;cancelled
2025.12.12 22:00:00;Sell Stop;0.01;XAUUSD;4 169.82;4 180.39;4 108.49;2025.12.15 05:33:01;4 328.27;;;;cancelled
2025.12.11 10:00:00;Sell Stop;0.01;XAUUSD;3 886.56;3 933.07;3 795.75;2025.12.15 05:33:00;4 328.25;;;;cancelled
2025.12.05 16:20:02;Sell Stop;0.01;XAUUSD;3 886.56;3 933.02;3 795.86;2025.12.15 05:33:00;4 328.26;;;;cancelled
2025.12.12 19:00:00;Buy Stop;0.01;XAUUSD;4 384.64;4 337.89;4 475.91;2025.12.15 05:32:59;4 328.30;;;;cancelled
2025.12.12 01:05:00;Sell Stop;0.01;XAUUSD;4 173.73;4 208.66;4 128.05;2025.12.15 01:05:00;4 303.43;;;;cancelled
2025.12.11 18:00:03;Buy Stop;0.01;XAUUSD;4 374.96;4 340.28;4 420.31;2025.12.15 01:05:00;4 303.98;;;;cancelled
2025.11.24 01:05:00;Sell Stop;0.08;XAUUSD;3 887.37;3 893.37;3 870.37;2025.12.15 01:05:00;4 303.43;;;;cancelled
2025.12.12 12:00:00;Sell Stop;0.01;XAUUSD;4 169.82;4 180.39;4 108.49;2025.12.12 22:00:00;4 296.55;;;;cancelled
2025.12.11 18:47:41;Buy;0.01;XAUUSD;4 268.21;4 274.89;4 358.12;2025.12.12 18:08:25;4 274.85;-0.17;-0.42;6.64;[sl]
2025.12.11 02:00:00;Sell Stop;0.02;XAUUSD;4 173.76;4 200.83;4 068.19;2025.12.12 18:00:00;4 289.95;;;;cancelled
2025.12.11 18:43:51;Buy;0.02;XAUUSD;4 263.43;4 307.73;4 368.50;2025.12.12 17:25:14;4 306.24;-0.34;-0.84;85.62;[sl]
2025.12.05 16:20:01;Sell Stop;0.01;XAUUSD;3 886.52;3 912.04;3 867.01;2025.12.12 14:00:00;4 336.50;;;;cancelled
2025.12.12 01:05:00;Sell Stop;0.01;XAUUSD;4 169.82;4 180.39;4 108.49;2025.12.12 12:00:00;4 318.44;;;;cancelled
2025.12.11 18:19:51;Buy;0.01;XAUUSD;4 259.92;4 267.71;4 318.37;2025.12.12 11:54:43;4 318.54;-0.17;-0.42;58.62;[tp]
2025.12.11 17:50:28;Buy;0.01;XAUUSD;4 259.82;4 267.67;4 318.47;2025.12.12 11:54:43;4 318.54;-0.17;-0.42;58.72;[tp]
2025.12.11 18:47:41;Buy;0.01;XAUUSD;4 268.36;4 242.81;4 286.85;2025.12.12 09:07:43;4 286.85;-0.17;-0.42;18.49;[tp]
2025.12.11 19:10:04;Sell Stop;0.01;XAUUSD;4 021.36;4 049.77;3 975.07;2025.12.12 01:05:01;4 283.00;;;;cancelled
2025.12.10 21:25:00;Sell Stop;0.01;XAUUSD;4 021.45;4 060.37;3 931.64;2025.12.12 01:05:01;4 283.00;;;;cancelled
2025.12.05 16:20:02;Sell Stop;0.01;XAUUSD;4 021.62;4 048.47;3 920.04;2025.12.12 01:05:01;4 283.00;;;;cancelled
2025.12.11 22:00:00;Sell Stop;0.01;XAUUSD;4 021.78;4 032.30;3 960.76;2025.12.12 01:05:00;4 283.00;;;;cancelled
2025.12.10 02:00:00;Sell Stop;0.01;XAUUSD;4 001.80;4 036.71;3 956.15;2025.12.12 01:05:00;4 283.01;;;;cancelled
2025.12.08 01:05:06;Sell Stop;0.01;XAUUSD;4 008.29;4 053.02;3 949.80;2025.12.12 01:05:00;4 283.01;;;;cancelled
2025.12.11 12:00:00;Sell Stop;0.01;XAUUSD;4 021.78;4 032.30;3 960.76;2025.12.11 22:00:00;4 273.59;;;;cancelled
2025.12.11 17:50:04;Buy;0.01;XAUUSD;4 257.86;4 263.68;4 303.64;2025.12.11 21:01:04;4 263.03;-0.17;;5.17;[sl]
2025.12.11 17:50:28;Buy;0.01;XAUUSD;4 259.82;4 264.23;4 306.31;2025.12.11 21:01:04;4 263.61;-0.17;;3.79;[sl]
2025.12.11 18:22:48;Buy;0.02;XAUUSD;4 261.88;4 267.21;4 302.94;2025.12.11 20:58:45;4 267.15;-0.34;;10.54;[sl]
2025.12.11 18:47:41;Buy;0.01;XAUUSD;4 268.19;4 268.19;4 328.14;2025.12.11 20:58:27;4 268.16;-0.17;;-0.03;[sl]
2025.12.11 18:22:05;Buy;0.02;XAUUSD;4 261.30;4 268.14;4 401.33;2025.12.11 20:58:27;4 268.24;-0.34;;13.88;[sl]
2025.12.11 17:51:36;Buy;0.03;XAUUSD;4 261.31;4 268.14;4 403.33;2025.12.11 20:58:27;4 268.16;-0.51;;20.55;[sl]
2025.12.11 18:45:45;Buy;0.02;XAUUSD;4 263.66;4 270.11;4 303.91;2025.12.11 20:58:01;4 269.30;-0.34;;11.28;[sl]
2025.12.11 17:51:36;Buy;0.02;XAUUSD;4 261.31;4 272.81;4 299.67;2025.12.11 20:57:04;4 272.80;-0.34;;22.98;[sl]
2025.12.11 18:47:41;Buy;0.01;XAUUSD;4 268.36;4 277.22;4 358.19;2025.12.11 20:35:05;4 277.20;-0.17;;8.84;[sl]
2025.12.11 18:43:51;Buy;0.01;XAUUSD;4 263.36;4 284.40;4 353.25;2025.12.11 20:11:00;4 284.25;-0.17;;20.89;[sl]
2025.12.09 22:10:00;Sell Stop;0.01;XAUUSD;4 021.36;4 049.71;3 975.17;2025.12.11 19:10:03;4 280.66;;;;cancelled
2025.12.11 19:00:02;Buy Stop;0.07;XAUUSD;4 379.93;4 373.93;4 396.93;2025.12.11 19:08:38;4 281.55;;;;cancelled
2025.12.11 18:43:50;Buy;0.08;XAUUSD;4 262.79;4 265.03;4 280.00;2025.12.11 19:08:37;4 280.20;-1.36;;139.28;[tp]
2025.12.11 18:47:41;Buy;0.01;XAUUSD;4 267.40;4 274.26;4 398.24;2025.12.11 18:54:03;4 274.23;-0.17;;6.83;[sl]
2025.12.11 18:43:50;Buy;0.01;XAUUSD;4 262.79;4 272.14;4 363.61;2025.12.11 18:50:17;4 271.99;-0.17;;9.20;[sl]
2025.12.11 17:51:36;Buy;0.01;XAUUSD;4 261.49;4 250.92;4 322.39;2025.12.11 17:57:58;4 250.83;-0.17;;-10.66;[sl]
2025.12.11 01:05:00;Sell Stop;0.01;XAUUSD;4 021.78;4 032.30;3 960.76;2025.12.11 12:00:00;4 218.62;;;;cancelled
2025.12.09 18:00:00;Sell Stop;0.01;XAUUSD;3 886.56;3 932.97;3 795.94;2025.12.11 10:00:00;4 216.17;;;;cancelled
2025.12.10 23:00:00;Buy Stop;0.01;XAUUSD;4 261.36;4 250.88;4 322.13;2025.12.11 09:00:00;4 214.44;;;;cancelled
2025.12.09 08:00:00;Sell Stop;0.02;XAUUSD;4 166.78;4 193.78;4 061.46;2025.12.11 02:00:00;4 232.48;;;;cancelled
2025.12.10 14:00:01;Sell Stop;0.01;XAUUSD;4 021.78;4 032.26;3 961.01;2025.12.11 01:05:00;4 228.41;;;;cancelled
2025.12.10 12:00:02;Buy Stop;0.01;XAUUSD;4 261.36;4 250.88;4 322.13;2025.12.10 23:00:00;4 229.58;;;;cancelled
2025.12.05 16:20:02;Sell Stop;0.01;XAUUSD;4 021.45;4 060.48;3 931.38;2025.12.10 21:25:00;4 207.32;;;;cancelled
2025.12.09 01:05:00;Buy Stop;0.01;XAUUSD;4 267.68;4 221.27;4 358.30;2025.12.10 18:00:00;4 193.71;;;;cancelled
2025.12.10 04:00:00;Sell Stop;0.01;XAUUSD;4 021.78;4 032.26;3 961.01;2025.12.10 14:00:00;4 197.33;;;;cancelled
2025.12.10 01:05:00;Buy Stop;0.01;XAUUSD;4 261.36;4 250.88;4 322.13;2025.12.10 12:00:01;4 194.33;;;;cancelled
2025.12.09 18:00:00;Sell Stop;0.01;XAUUSD;4 021.78;4 032.28;3 960.89;2025.12.10 04:00:00;4 213.81;;;;cancelled
2025.12.08 01:05:07;Sell Stop;0.01;XAUUSD;4 001.83;4 037.04;3 955.79;2025.12.10 02:00:00;4 210.74;;;;cancelled
2025.12.08 01:05:07;Buy Stop;0.01;XAUUSD;4 257.93;4 222.72;4 303.97;2025.12.10 02:00:00;4 210.97;;;;cancelled
2025.12.09 22:10:00;Buy Stop;0.01;XAUUSD;4 265.96;4 237.61;4 312.15;2025.12.10 01:05:01;4 208.88;;;;cancelled
2025.12.09 22:00:00;Buy Stop;0.01;XAUUSD;4 267.11;4 256.61;4 328.00;2025.12.10 01:05:01;4 209.01;;;;cancelled
2025.12.09 01:05:00;Buy Stop;0.01;XAUUSD;4 268.08;4 241.25;4 369.56;2025.12.10 01:05:01;4 208.96;;;;cancelled
2025.12.05 16:20:02;Buy Stop;0.01;XAUUSD;4 269.20;4 230.17;4 359.27;2025.12.10 01:05:01;4 208.88;;;;cancelled
2025.12.05 16:20:01;Sell Stop;0.01;XAUUSD;3 882.47;3 976.09;3 752.55;2025.12.10 01:05:01;4 208.94;;;;cancelled
2025.12.05 16:20:01;Buy Stop;0.01;XAUUSD;4 268.71;4 175.09;4 398.63;2025.12.10 01:05:01;4 208.99;;;;cancelled
2025.12.05 16:20:01;Buy Stop;0.01;XAUUSD;4 267.40;4 241.88;4 286.91;2025.12.10 01:05:01;4 208.99;;;;cancelled
2025.12.08 01:05:08;Sell Stop;0.01;XAUUSD;4 021.36;4 049.76;3 975.08;2025.12.09 22:10:00;4 213.18;;;;cancelled
2025.12.08 01:05:07;Buy Stop;0.01;XAUUSD;4 265.96;4 237.56;4 312.24;2025.12.09 22:10:00;4 213.25;;;;cancelled
2025.12.09 12:00:00;Buy Stop;0.01;XAUUSD;4 267.11;4 256.61;4 328.00;2025.12.09 22:00:00;4 212.44;;;;cancelled
2025.12.09 08:00:00;Sell Stop;0.01;XAUUSD;4 021.78;4 032.28;3 960.89;2025.12.09 18:00:00;4 213.18;;;;cancelled
2025.12.08 01:05:07;Sell Stop;0.01;XAUUSD;3 886.56;3 933.06;3 795.77;2025.12.09 18:00:00;4 212.52;;;;cancelled
2025.12.09 01:05:00;Buy Stop;0.01;XAUUSD;4 267.11;4 256.61;4 328.00;2025.12.09 12:00:00;4 203.22;;;;cancelled
2025.12.09 07:57:15;Sell;0.02;XAUUSD;4 178.19;4 200.29;4 073.18;2025.12.09 11:05:05;4 200.41;-0.33;;-44.44;[sl]
2025.12.08 17:09:48;Sell;0.02;XAUUSD;4 178.12;4 200.30;4 073.18;2025.12.09 11:05:05;4 200.41;-0.33;;-44.58;[sl]
2025.12.08 22:00:00;Sell Stop;0.01;XAUUSD;4 021.78;4 032.30;3 960.78;2025.12.09 08:00:00;4 179.81;;;;cancelled
2025.12.08 22:00:00;Buy Stop;0.01;XAUUSD;4 267.12;4 256.60;4 328.12;2025.12.09 01:05:01;4 191.82;;;;cancelled
2025.12.08 01:05:07;Buy Stop;0.01;XAUUSD;4 267.69;4 221.19;4 358.48;2025.12.09 01:05:01;4 191.82;;;;cancelled
2025.12.05 16:20:02;Buy Stop;0.01;XAUUSD;4 268.09;4 241.24;4 369.67;2025.12.09 01:05:01;4 191.82;;;;cancelled
2025.12.05 16:20:01;Buy Stop;0.01;XAUUSD;4 267.58;4 221.12;4 358.28;2025.12.09 01:05:01;4 191.82;;;;cancelled
2025.12.08 12:00:00;Sell Stop;0.01;XAUUSD;4 021.78;4 032.30;3 960.78;2025.12.08 22:00:00;4 187.13;;;;cancelled
2025.12.08 12:00:00;Buy Stop;0.01;XAUUSD;4 267.12;4 256.60;4 328.12;2025.12.08 22:00:00;4 187.23;;;;cancelled
2025.12.08 18:00:00;Sell Stop;0.02;XAUUSD;4 166.78;4 193.78;4 061.47;2025.12.08 19:00:00;4 191.79;;;;cancelled
2025.12.08 01:05:07;Sell Stop;0.01;XAUUSD;4 021.78;4 032.30;3 960.78;2025.12.08 12:00:00;4 207.97;;;;cancelled
2025.12.08 01:05:07;Buy Stop;0.01;XAUUSD;4 267.12;4 256.60;4 328.12;2025.12.08 12:00:00;4 208.02;;;;cancelled
2025.12.04 13:00:04;Sell Stop;0.02;XAUUSD;4 166.78;4 193.77;4 061.54;2025.12.08 02:00:00;4 201.73;;;;cancelled
2025.12.05 19:00:00;Buy Stop;0.01;XAUUSD;4 257.97;4 222.96;4 303.75;2025.12.08 01:05:07;4 198.43;;;;cancelled
2025.12.05 16:20:03;Sell Stop;0.01;XAUUSD;4 021.36;4 049.73;3 975.12;2025.12.08 01:05:07;4 197.41;;;;cancelled
2025.12.05 16:20:02;Buy Stop;0.01;XAUUSD;4 265.96;4 237.59;4 312.20;2025.12.08 01:05:07;4 198.43;;;;cancelled
2025.12.05 16:20:02;Sell Stop;0.01;XAUUSD;4 021.78;4 032.29;3 960.83;2025.12.08 01:05:07;4 197.41;;;;cancelled
2025.12.05 16:20:02;Buy Stop;0.01;XAUUSD;4 267.12;4 256.61;4 328.07;2025.12.08 01:05:07;4 198.43;;;;cancelled
2025.12.05 01:05:01;Sell Stop;0.01;XAUUSD;4 001.81;4 036.82;3 956.03;2025.12.08 01:05:07;4 197.41;;;;cancelled
2025.11.27 02:00:00;Sell Stop;0.02;XAUUSD;3 271.70;3 301.72;3 231.67;2025.12.08 01:05:07;4 197.41;;;;cancelled
2025.11.18 01:05:00;Sell Stop;0.03;XAUUSD;3 890.24;3 908.08;3 744.53;2025.12.08 01:05:07;4 197.41;;;;cancelled
2025.12.05 16:20:01;Sell Stop;0.01;XAUUSD;3 886.56;3 933.02;3 795.86;2025.12.08 01:05:06;4 197.41;;;;cancelled
2025.12.05 16:20:01;Buy Stop;0.01;XAUUSD;4 267.69;4 221.23;4 358.39;2025.12.08 01:05:06;4 198.43;;;;cancelled
2025.11.21 01:05:00;Sell Stop;0.01;XAUUSD;4 008.00;4 051.43;3 951.20;2025.12.08 01:05:06;4 197.41;;;;cancelled
2025.12.05 18:00:00;Buy Stop;0.01;XAUUSD;4 374.90;4 339.89;4 420.68;2025.12.05 19:00:00;4 212.29;;;;cancelled
2025.12.05 17:39:03;Buy;0.01;XAUUSD;4 257.91;4 222.85;4 304.06;2025.12.05 18:10:05;4 221.47;-0.17;;-36.44;[sl]
2025.12.05 16:47:25;Buy;0.02;XAUUSD;4 240.52;4 231.27;4 345.49;2025.12.05 18:09:47;4 231.25;-0.34;;-18.54;[sl]
2025.12.05 12:00:00;Sell Stop;0.01;XAUUSD;4 021.78;4 032.29;3 960.83;2025.12.05 12:30:01;4 224.12;;;;cancelled
2025.12.05 09:00:00;Buy Stop;0.01;XAUUSD;4 267.12;4 256.61;4 328.07;2025.12.05 12:30:01;4 224.14;;;;cancelled
2025.12.05 01:05:01;Buy Stop;0.01;XAUUSD;4 269.20;4 230.17;4 359.27;2025.12.05 12:30:01;4 224.17;;;;cancelled
2025.12.04 23:15:02;Sell Stop;0.01;XAUUSD;4 021.36;4 049.76;3 975.08;2025.12.05 12:30:01;4 224.12;;;;cancelled
2025.12.04 01:05:01;Buy Stop;0.01;XAUUSD;4 265.96;4 237.56;4 312.24;2025.12.05 12:30:01;4 224.17;;;;cancelled
2025.12.04 01:05:00;Buy Stop;0.01;XAUUSD;4 268.09;4 241.21;4 369.76;2025.12.05 12:30:01;4 224.17;;;;cancelled
2025.12.01 05:14:18;Sell Stop;0.01;XAUUSD;4 021.46;4 060.06;3 932.38;2025.12.05 12:30:01;4 224.12;;;;cancelled
2025.12.01 05:14:18;Sell Stop;0.01;XAUUSD;4 021.62;4 048.18;3 921.15;2025.12.05 12:30:01;4 224.12;;;;cancelled
2025.12.05 01:05:01;Buy Stop;0.01;XAUUSD;4 267.58;4 221.12;4 358.28;2025.12.05 12:30:00;4 224.10;;;;cancelled
2025.12.05 01:05:01;Buy Stop;0.01;XAUUSD;4 268.71;4 175.09;4 398.63;2025.12.05 12:30:00;4 224.10;;;;cancelled
2025.12.05 01:05:00;Buy Stop;0.01;XAUUSD;4 267.69;4 221.23;4 358.39;2025.12.05 12:30:00;4 224.11;;;;cancelled
2025.12.04 14:00:03;Sell Stop;0.01;XAUUSD;3 886.56;3 933.06;3 795.77;2025.12.05 12:30:00;4 224.05;;;;cancelled
2025.12.04 01:05:00;Buy Stop;0.01;XAUUSD;4 267.40;4 241.86;4 286.93;2025.12.05 12:30:00;4 224.09;;;;cancelled
2025.12.01 05:14:17;Sell Stop;0.01;XAUUSD;3 886.56;3 932.51;3 796.85;2025.12.05 12:30:00;4 224.09;;;;cancelled
2025.12.01 05:14:17;Sell Stop;0.01;XAUUSD;3 882.51;3 975.10;3 754.02;2025.12.05 12:30:00;4 224.05;;;;cancelled
2025.12.01 05:14:15;Sell Stop;0.01;XAUUSD;3 886.52;3 911.76;3 867.22;2025.12.05 12:30:00;4 224.06;;;;cancelled
2025.12.05 01:05:01;Sell Stop;0.01;XAUUSD;4 021.78;4 032.29;3 960.83;2025.12.05 12:00:00;4 223.34;;;;cancelled
2025.12.03 10:00:00;Buy Stop;0.02;XAUUSD;4 263.35;4 236.33;4 368.74;2025.12.05 10:00:00;4 224.59;;;;cancelled
2025.12.04 23:00:00;Buy Stop;0.01;XAUUSD;4 267.12;4 256.60;4 328.12;2025.12.05 09:00:00;4 224.76;;;;cancelled
2025.12.04 01:05:00;Buy Stop;0.01;XAUUSD;4 269.21;4 230.14;4 359.36;2025.12.05 01:05:02;4 208.84;;;;cancelled
2025.12.04 15:00:01;Sell Stop;0.01;XAUUSD;4 021.78;4 032.30;3 960.78;2025.12.05 01:05:01;4 208.83;;;;cancelled
2025.12.04 01:05:00;Buy Stop;0.01;XAUUSD;4 268.72;4 175.01;4 398.76;2025.12.05 01:05:01;4 208.84;;;;cancelled
2025.12.04 01:05:00;Buy Stop;0.01;XAUUSD;4 384.62;4 338.12;4 475.41;2025.12.05 01:05:01;4 208.84;;;;cancelled
2025.12.03 01:05:00;Sell Stop;0.01;XAUUSD;4 001.86;4 037.39;3 955.40;2025.12.05 01:05:01;4 208.93;;;;cancelled
2025.12.01 05:14:17;Buy Stop;0.01;XAUUSD;4 384.47;4 338.52;4 474.18;2025.12.05 01:05:01;4 208.84;;;;cancelled
2025.12.01 04:00:00;Buy Stop;0.08;XAUUSD;4 379.93;4 373.93;4 396.93;2025.12.05 01:05:01;4 208.84;;;;cancelled
2025.11.27 01:05:01;Buy Stop;0.02;XAUUSD;4 378.67;4 351.38;4 419.60;2025.12.05 01:05:01;4 208.84;;;;cancelled
2025.12.03 02:15:01;Sell Stop;0.01;XAUUSD;4 021.35;4 049.91;3 974.81;2025.12.04 23:15:02;4 209.41;;;;cancelled
2025.12.04 12:00:02;Buy Stop;0.01;XAUUSD;4 267.12;4 256.60;4 328.12;2025.12.04 23:00:00;4 209.91;;;;cancelled
2025.12.04 05:00:00;Sell Stop;0.01;XAUUSD;4 021.78;4 032.30;3 960.78;2025.12.04 15:00:00;4 190.33;;;;cancelled
2025.12.02 22:00:00;Sell Stop;0.01;XAUUSD;3 886.56;3 933.21;3 795.47;2025.12.04 14:00:02;4 198.74;;;;cancelled
2025.11.25 06:00:00;Sell Stop;0.02;XAUUSD;4 025.68;4 052.47;3 921.20;2025.12.04 13:00:05;4 197.46;;;;cancelled
2025.12.04 01:05:00;Buy Stop;0.01;XAUUSD;4 267.12;4 256.60;4 328.12;2025.12.04 12:00:01;4 200.08;;;;cancelled
2025.12.03 18:00:01;Sell Stop;0.01;XAUUSD;4 021.78;4 032.36;3 960.43;2025.12.04 05:00:00;4 200.57;;;;cancelled
2025.11.17 01:05:42;Sell Stop;0.02;XAUUSD;3 268.85;3 295.00;3 229.63;2025.12.04 02:00:00;4 207.22;;;;cancelled
2025.12.03 04:25:00;Buy Stop;0.01;XAUUSD;4 382.90;4 354.34;4 429.44;2025.12.04 01:05:01;4 206.63;;;;cancelled
2025.12.02 22:00:00;Buy Stop;0.01;XAUUSD;4 384.63;4 337.98;4 475.72;2025.12.04 01:05:01;4 206.63;;;;cancelled
2025.12.01 16:40:00;Buy Stop;0.01;XAUUSD;4 386.08;4 347.48;4 475.16;2025.12.04 01:05:01;4 206.63;;;;cancelled
2025.12.01 12:10:00;Buy Stop;0.01;XAUUSD;4 384.98;4 358.42;4 485.45;2025.12.04 01:05:01;4 206.63;;;;cancelled
2025.12.01 11:00:00;Buy Stop;0.01;XAUUSD;4 385.60;4 293.01;4 514.09;2025.12.04 01:05:01;4 206.63;;;;cancelled
2025.12.01 05:14:15;Buy Stop;0.01;XAUUSD;4 384.30;4 359.06;4 403.60;2025.12.04 01:05:01;4 206.63;;;;cancelled
2025.12.01 04:00:00;Buy Stop;0.02;XAUUSD;4 377.30;4 356.70;4 416.43;2025.12.04 01:05:01;4 206.63;;;;cancelled
2025.11.24 01:05:01;Buy Stop;0.02;XAUUSD;4 380.64;4 350.88;4 420.32;2025.12.04 01:05:01;4 206.63;;;;cancelled
2025.12.03 01:05:00;Buy Stop;0.01;XAUUSD;4 374.80;4 339.27;4 421.26;2025.12.04 01:05:00;4 206.63;;;;cancelled
2025.12.01 04:00:00;Buy Stop;0.01;XAUUSD;4 376.82;4 332.20;4 435.17;2025.12.04 01:05:00;4 206.63;;;;cancelled
2025.12.03 08:00:00;Sell Stop;0.01;XAUUSD;4 021.78;4 032.36;3 960.43;2025.12.03 18:00:00;4 216.32;;;;cancelled
2025.12.02 22:00:00;Sell Stop;0.01;XAUUSD;4 021.78;4 032.33;3 960.57;2025.12.03 08:00:00;4 207.93;;;;cancelled
2025.12.01 07:25:00;Buy Stop;0.01;XAUUSD;4 382.88;4 354.82;4 428.61;2025.12.03 04:25:00;4 220.44;;;;cancelled
2025.12.01 05:14:19;Sell Stop;0.01;XAUUSD;4 021.37;4 049.43;3 975.64;2025.12.03 02:15:01;4 209.72;;;;cancelled
2025.11.17 01:05:43;Sell Stop;0.02;XAUUSD;3 887.85;3 907.55;3 850.42;2025.12.03 02:00:00;4 212.94;;;;cancelled
2025.12.01 01:05:00;Sell Stop;0.01;XAUUSD;4 001.83;4 037.02;3 955.81;2025.12.03 01:05:00;4 202.84;;;;cancelled
2025.12.01 01:05:00;Buy Stop;0.01;XAUUSD;4 374.86;4 339.67;4 420.88;2025.12.03 01:05:00;4 202.97;;;;cancelled
2025.12.02 12:00:00;Sell Stop;0.01;XAUUSD;4 021.78;4 032.33;3 960.57;2025.12.02 22:00:00;4 196.84;;;;cancelled
2025.12.01 05:14:16;Sell Stop;0.01;XAUUSD;3 886.56;3 932.51;3 796.85;2025.12.02 22:00:00;4 196.57;;;;cancelled
2025.12.01 05:14:16;Buy Stop;0.01;XAUUSD;4 384.58;4 338.63;4 474.29;2025.12.02 22:00:00;4 196.65;;;;cancelled
2025.12.02 02:00:00;Sell Stop;0.01;XAUUSD;4 021.78;4 032.33;3 960.57;2025.12.02 12:00:00;4 191.76;;;;cancelled
2025.12.01 16:00:00;Sell Stop;0.01;XAUUSD;4 021.78;4 032.17;3 961.50;2025.12.02 02:00:00;4 227.81;;;;cancelled
2025.12.01 10:09:03;Buy;0.01;XAUUSD;4 249.86;4 235.49;4 338.95;2025.12.01 16:35:52;4 233.99;-0.17;;-15.87;[sl]
2025.12.01 03:39:31;Buy;0.01;XAUUSD;4 241.08;4 236.24;4 296.95;2025.12.01 16:35:52;4 233.85;-0.17;;-7.23;[sl]
2025.12.01 05:14:17;Sell Stop;0.01;XAUUSD;4 021.78;4 032.17;3 961.50;2025.12.01 16:00:00;4 247.21;;;;cancelled
2025.12.01 10:01:08;Buy;0.01;XAUUSD;4 247.85;4 247.85;4 308.09;2025.12.01 14:11:44;4 247.99;-0.17;;0.14;[sl]
2025.12.01 10:03:44;Buy;0.01;XAUUSD;4 248.89;4 258.13;4 349.24;2025.12.01 12:07:26;4 257.98;-0.17;;9.09;[sl]
2025.12.01 10:09:02;Buy;0.01;XAUUSD;4 249.61;4 249.20;4 377.88;2025.12.01 10:30:55;4 248.98;-0.17;;-0.63;[sl]
2025.12.01 06:53:25;Buy;0.01;XAUUSD;4 247.08;4 219.00;4 292.40;2025.12.01 07:22:25;4 218.98;-0.17;;-28.10;[sl]
2025.12.01 03:53:55;Buy;0.02;XAUUSD;4 244.02;4 229.71;4 347.31;2025.12.01 07:13:32;4 229.47;-0.34;;-29.10;[sl]
2025.12.01 03:39:33;Buy;0.03;XAUUSD;4 241.94;4 237.84;4 387.26;2025.12.01 04:30:55;4 237.31;-0.51;;-13.89;[sl]
2025.12.01 03:39:32;Buy;0.02;XAUUSD;4 241.27;4 243.08;4 278.94;2025.12.01 04:22:12;4 242.35;-0.34;;2.16;[sl]
2025.12.01 03:39:35;Buy;0.08;XAUUSD;4 243.84;4 237.79;4 260.72;2025.12.01 03:48:14;4 237.76;-1.36;;-48.64;[sl]
2025.11.28 01:05:00;Sell Stop;0.01;XAUUSD;4 001.83;4 037.01;3 955.82;2025.12.01 01:05:00;4 226.50;;;;cancelled
2025.11.28 01:05:00;Buy Stop;0.01;XAUUSD;4 238.65;4 203.47;4 284.66;2025.12.01 01:05:00;4 226.81;;;;cancelled
2025.11.26 01:05:00;Sell Stop;0.01;XAUUSD;4 001.87;4 037.45;3 955.34;2025.11.28 01:05:00;4 159.46;;;;cancelled
2025.11.26 01:05:00;Buy Stop;0.01;XAUUSD;4 238.58;4 203.00;4 285.11;2025.11.28 01:05:00;4 159.65;;;;cancelled
2025.11.17 01:05:43;Sell Stop;0.02;XAUUSD;3 271.56;3 300.37;3 233.14;2025.11.27 02:00:00;4 164.98;;;;cancelled
2025.11.10 01:05:01;Buy Stop;0.02;XAUUSD;4 379.03;4 354.99;4 415.10;2025.11.27 01:05:01;4 164.91;;;;cancelled
2025.11.24 01:05:00;Sell Stop;0.01;XAUUSD;4 001.83;4 036.98;3 955.86;2025.11.26 01:05:00;4 134.29;;;;cancelled
2025.11.24 01:05:00;Buy Stop;0.01;XAUUSD;4 238.66;4 203.51;4 284.63;2025.11.26 01:05:00;4 134.45;;;;cancelled
2025.11.24 22:33:57;Buy;0.02;XAUUSD;4 130.99;4 129.84;4 233.80;2025.11.25 10:34:06;4 128.97;-0.33;-0.84;-4.04;[sl]
2025.11.20 05:00:03;Sell Stop;0.02;XAUUSD;4 001.72;4 027.95;3 899.42;2025.11.25 06:00:00;4 143.07;;;;cancelled
2025.11.13 02:00:00;Buy Stop;0.02;XAUUSD;4 380.70;4 352.82;4 417.87;2025.11.24 01:05:01;4 067.27;;;;cancelled
2025.11.21 01:05:00;Sell Stop;0.01;XAUUSD;4 001.81;4 036.82;3 956.03;2025.11.24 01:05:00;4 067.16;;;;cancelled
2025.11.20 01:05:00;Buy Stop;0.01;XAUUSD;4 238.75;4 204.09;4 284.08;2025.11.24 01:05:00;4 067.27;;;;cancelled
2025.11.03 01:05:00;Sell Stop;0.08;XAUUSD;3 887.37;3 893.37;3 870.37;2025.11.24 01:05:00;4 067.16;;;;cancelled
2025.11.17 10:00:00;Buy Stop;0.02;XAUUSD;4 244.14;4 218.47;4 344.24;2025.11.21 13:00:04;4 037.82;;;;cancelled
2025.11.19 02:00:00;Sell Stop;0.01;XAUUSD;3 890.12;3 924.64;3 844.98;2025.11.21 01:05:00;4 073.72;;;;cancelled
2025.11.17 01:05:42;Sell Stop;0.01;XAUUSD;3 896.15;3 938.64;3 840.59;2025.11.21 01:05:00;4 073.61;;;;cancelled
2025.11.06 10:00:00;Sell Stop;0.02;XAUUSD;3 931.98;3 956.40;3 836.75;2025.11.20 05:00:14;4 069.98;;;;cancelled
2025.11.18 01:05:00;Buy Stop;0.01;XAUUSD;4 238.87;4 204.82;4 283.40;2025.11.20 01:05:00;4 088.39;;;;cancelled
2025.11.17 01:05:43;Sell Stop;0.01;XAUUSD;3 890.02;3 923.56;3 846.16;2025.11.19 02:00:00;4 076.83;;;;cancelled
2025.11.04 20:29:26;Buy Stop;0.08;XAUUSD;4 379.93;4 373.93;4 396.93;2025.11.19 01:05:00;4 066.80;;;;cancelled
2025.11.17 01:05:42;Buy Stop;0.01;XAUUSD;4 375.18;4 341.64;4 419.04;2025.11.18 01:05:01;4 051.23;;;;cancelled
2025.11.10 01:05:02;Buy Stop;0.03;XAUUSD;4 377.78;4 360.00;4 523.01;2025.11.18 01:05:01;4 051.20;;;;cancelled
2025.11.10 01:05:02;Buy Stop;0.02;XAUUSD;4 377.68;4 358.86;4 413.44;2025.11.18 01:05:01;4 051.23;;;;cancelled
2025.11.10 01:05:01;Buy Stop;0.01;XAUUSD;4 377.39;4 337.99;4 428.92;2025.11.18 01:05:01;4 051.26;;;;cancelled
2025.10.31 00:05:00;Sell Stop;0.03;XAUUSD;3 890.24;3 908.11;3 744.27;2025.11.18 01:05:00;4 051.11;;;;cancelled
2025.11.10 04:00:00;Buy Stop;0.02;XAUUSD;4 380.41;4 355.96;4 475.78;2025.11.17 10:00:00;4 088.27;;;;cancelled
2025.11.06 01:05:00;Sell Stop;0.02;XAUUSD;3 271.38;3 298.67;3 235.00;2025.11.17 01:05:43;4 075.02;;;;cancelled
2025.10.31 00:05:00;Sell Stop;0.03;XAUUSD;3 887.78;3 906.23;3 852.73;2025.11.17 01:05:43;4 075.02;;;;cancelled
2025.11.14 02:00:00;Sell Stop;0.01;XAUUSD;3 889.91;3 922.33;3 847.52;2025.11.17 01:05:42;4 075.02;;;;cancelled
2025.11.14 02:00:00;Buy Stop;0.01;XAUUSD;4 375.40;4 342.98;4 417.79;2025.11.17 01:05:42;4 076.81;;;;cancelled
2025.10.31 00:05:00;Sell Stop;0.01;XAUUSD;3 895.09;3 932.82;3 845.75;2025.11.17 01:05:42;4 075.02;;;;cancelled
2025.10.30 02:00:00;Sell Stop;0.02;XAUUSD;3 268.77;3 291.41;3 234.82;2025.11.17 01:05:42;4 075.02;;;;cancelled
2025.11.12 02:00:00;Sell Stop;0.02;XAUUSD;3 889.83;3 921.47;3 848.46;2025.11.14 02:00:00;4 186.52;;;;cancelled
2025.11.12 02:00:00;Buy Stop;0.02;XAUUSD;4 375.55;4 343.91;4 416.92;2025.11.14 02:00:00;4 186.59;;;;cancelled
2025.11.03 01:05:01;Buy Stop;0.02;XAUUSD;4 380.73;4 353.71;4 416.76;2025.11.13 02:00:00;4 191.06;;;;cancelled
2025.11.10 01:05:01;Sell Stop;0.01;XAUUSD;3 889.79;3 920.97;3 849.02;2025.11.12 02:00:00;4 142.68;;;;cancelled
2025.11.10 01:05:01;Buy Stop;0.01;XAUUSD;4 375.63;4 344.45;4 416.40;2025.11.12 02:00:00;4 142.66;;;;cancelled
2025.11.10 03:22:49;Buy;0.02;XAUUSD;4 045.22;4 081.68;4 139.10;2025.11.10 16:32:19;4 081.53;-0.32;;72.62;[sl]
2025.10.23 01:05:00;Buy Stop;0.03;XAUUSD;4 377.82;4 360.22;4 521.53;2025.11.10 01:05:02;4 006.65;;;;cancelled
2025.11.07 01:05:00;Sell Stop;0.01;XAUUSD;3 889.79;3 920.96;3 849.03;2025.11.10 01:05:01;4 006.54;;;;cancelled
2025.11.07 01:05:00;Buy Stop;0.01;XAUUSD;4 375.64;4 344.47;4 416.40;2025.11.10 01:05:01;4 006.63;;;;cancelled
2025.10.24 01:05:00;Buy Stop;0.02;XAUUSD;4 379.39;4 358.70;4 410.42;2025.11.10 01:05:01;4 006.61;;;;cancelled
2025.10.23 01:05:00;Buy Stop;0.03;XAUUSD;4 377.99;4 360.64;4 410.96;2025.11.10 01:05:01;4 006.63;;;;cancelled
2025.10.23 01:05:00;Buy Stop;0.01;XAUUSD;4 378.05;4 344.81;4 421.52;2025.11.10 01:05:00;4 006.60;;;;cancelled
2025.11.05 01:05:00;Sell Stop;0.01;XAUUSD;3 889.79;3 921.01;3 848.97;2025.11.07 01:05:00;3 978.97;;;;cancelled
2025.11.05 01:05:00;Buy Stop;0.01;XAUUSD;4 375.63;4 344.41;4 416.45;2025.11.07 01:05:00;3 979.06;;;;cancelled
2025.11.03 02:00:00;Sell Stop;0.02;XAUUSD;3 918.30;3 942.38;3 824.38;2025.11.06 10:00:00;4 005.75;;;;cancelled
2025.10.27 00:05:01;Sell Stop;0.02;XAUUSD;3 271.16;3 296.54;3 237.32;2025.11.06 01:05:00;3 967.72;;;;cancelled
2025.11.03 01:05:00;Sell Stop;0.02;XAUUSD;3 889.75;3 920.51;3 849.53;2025.11.05 01:05:00;3 937.71;;;;cancelled
2025.11.03 01:05:00;Buy Stop;0.02;XAUUSD;4 375.72;4 344.96;4 415.94;2025.11.05 01:05:00;3 937.85;;;;cancelled
2025.10.24 01:05:00;Buy Stop;0.07;XAUUSD;4 379.93;4 373.93;4 396.93;2025.11.04 20:29:26;3 951.20;;;;cancelled
2025.10.22 18:00:00;Buy Stop;0.02;XAUUSD;4 380.53;4 358.52;4 466.35;2025.11.03 22:00:00;4 004.82;;;;cancelled
2025.10.30 05:00:00;Sell Stop;0.02;XAUUSD;3 889.74;3 913.37;3 797.58;2025.11.03 02:00:00;3 979.51;;;;cancelled
2025.10.31 00:05:00;Sell Stop;0.02;XAUUSD;3 889.71;3 920.07;3 850.00;2025.11.03 01:05:00;3 995.94;;;;cancelled
2025.10.31 00:05:00;Buy Stop;0.02;XAUUSD;4 375.79;4 345.43;4 415.50;2025.11.03 01:05:00;3 996.10;;;;cancelled
2025.10.23 01:05:00;Buy Stop;0.02;XAUUSD;4 380.79;4 355.69;4 414.25;2025.11.03 01:05:00;3 996.28;;;;cancelled
2025.10.13 01:05:14;Sell Stop;0.09;XAUUSD;3 268.90;3 274.90;3 251.90;2025.11.03 01:05:00;3 996.08;;;;cancelled
2025.10.29 17:00:00;Sell Stop;0.02;XAUUSD;3 314.49;3 343.50;3 276.56;2025.10.31 00:05:01;4 020.09;;;;cancelled
2025.10.27 17:00:00;Sell Stop;0.01;XAUUSD;3 319.21;3 353.37;3 274.54;2025.10.31 00:05:01;4 020.09;;;;cancelled
2025.10.24 16:00:00;Sell Stop;0.03;XAUUSD;3 312.63;3 330.04;3 279.54;2025.10.31 00:05:01;4 020.09;;;;cancelled
2025.10.29 00:05:00;Buy Stop;0.02;XAUUSD;4 376.05;4 347.04;4 413.98;2025.10.31 00:05:00;4 020.12;;;;cancelled
2025.10.28 09:00:00;Sell Stop;0.02;XAUUSD;3 822.32;3 845.50;3 731.91;2025.10.30 05:00:00;3 921.91;;;;cancelled
2025.10.13 01:05:14;Sell Stop;0.03;XAUUSD;3 268.60;3 284.47;3 244.79;2025.10.30 02:00:00;3 952.84;;;;cancelled
2025.10.27 17:00:00;Sell Stop;0.02;XAUUSD;3 314.34;3 341.82;3 278.41;2025.10.29 17:00:00;4 008.71;;;;cancelled
2025.10.27 00:05:00;Buy Stop;0.02;XAUUSD;4 376.35;4 348.87;4 412.28;2025.10.29 00:05:00;3 955.89;;;;cancelled
2025.10.28 08:39:16;Sell;0.02;XAUUSD;3 947.27;3 912.36;3 858.26;2025.10.28 12:32:29;3 912.91;-0.32;;68.72;[sl]
2025.10.27 16:03:03;Sell;0.02;XAUUSD;4 007.61;4 002.79;3 971.08;2025.10.27 19:02:24;4 002.85;-0.32;;9.52;[sl]
2025.10.27 16:03:03;Sell;0.02;XAUUSD;4 007.37;3 996.35;3 919.58;2025.10.27 18:16:40;3 996.48;-0.32;;21.78;[sl]
2025.10.27 16:03:02;Sell;0.01;XAUUSD;4 010.43;4 008.99;3 967.21;2025.10.27 16:04:02;4 009.01;-0.16;;1.42;[sl]
2025.10.16 01:05:01;Sell Stop;0.02;XAUUSD;3 317.40;3 343.45;3 283.33;2025.10.27 00:05:01;4 083.95;;;;cancelled
2025.10.24 01:05:00;Sell Stop;0.02;XAUUSD;3 314.29;3 341.28;3 279.00;2025.10.27 00:05:00;4 083.61;;;;cancelled
2025.10.23 01:05:00;Buy Stop;0.02;XAUUSD;4 376.53;4 350.01;4 411.20;2025.10.27 00:05:00;4 083.84;;;;cancelled
2025.10.16 01:05:01;Sell Stop;0.02;XAUUSD;3 270.77;3 292.79;3 241.41;2025.10.27 00:05:00;4 083.87;;;;cancelled
2025.10.08 16:00:00;Sell Stop;0.04;XAUUSD;3 312.48;3 327.36;3 284.20;2025.10.24 16:00:00;4 082.14;;;;cancelled
2025.10.22 01:05:00;Sell Stop;0.02;XAUUSD;3 314.14;3 339.68;3 280.75;2025.10.24 01:05:00;4 126.34;;;;cancelled
2025.10.21 17:00:00;Sell Stop;0.02;XAUUSD;3 947.16;3 968.25;3 864.91;2025.10.23 22:00:00;4 136.12;;;;cancelled
2025.10.20 01:05:00;Sell Stop;0.02;XAUUSD;3 313.83;3 336.19;3 284.59;2025.10.22 01:05:00;4 122.63;;;;cancelled
2025.10.21 16:47:59;Sell;0.02;XAUUSD;4 188.01;4 184.74;4 106.84;2025.10.21 17:06:29;4 185.04;-0.34;;5.94;[sl]
2025.10.13 14:00:00;Sell Stop;0.02;XAUUSD;3 946.96;3 966.50;3 870.77;2025.10.21 14:00:00;4 253.90;;;;cancelled
2025.10.20 22:57:05;Buy;0.02;XAUUSD;4 378.60;4 357.92;4 459.31;2025.10.20 23:13:31;4 357.62;-0.35;;-41.96;[sl]
2025.10.17 02:00:00;Sell Stop;0.02;XAUUSD;3 313.69;3 334.73;3 286.18;2025.10.20 01:05:00;4 264.60;;;;cancelled
2025.10.15 02:00:00;Sell Stop;0.02;XAUUSD;3 313.60;3 333.70;3 287.31;2025.10.17 02:00:00;4 346.83;;;;cancelled
2025.10.06 01:05:00;Sell Stop;0.02;XAUUSD;3 270.66;3 291.70;3 242.60;2025.10.16 01:05:01;4 212.61;;;;cancelled
2025.09.29 01:05:00;Sell Stop;0.02;XAUUSD;3 316.60;3 339.08;3 287.21;2025.10.16 01:05:01;4 212.61;;;;cancelled
2025.10.13 01:05:14;Sell Stop;0.03;XAUUSD;3 313.48;3 332.43;3 288.70;2025.10.15 02:00:00;4 158.76;;;;cancelled
2025.10.06 13:00:00;Sell Stop;0.03;XAUUSD;3 821.79;3 840.90;3 747.27;2025.10.13 14:00:00;4 080.78;;;;cancelled
2025.10.13 03:45:20;Buy;0.02;XAUUSD;4 058.47;4 038.89;4 134.50;2025.10.13 04:00:09;4 038.61;-0.32;;-39.72;[sl]
2025.10.13 02:08:23;Buy;0.02;XAUUSD;4 056.88;4 031.79;4 089.40;2025.10.13 03:03:25;4 031.71;-0.32;;-50.34;[sl]
2025.10.13 02:08:26;Buy;0.02;XAUUSD;4 058.46;4 037.00;4 087.33;2025.10.13 02:41:08;4 037.12;-0.32;;-42.68;[sl]
2025.10.13 02:08:22;Buy;0.03;XAUUSD;4 056.32;4 037.35;4 080.43;2025.10.13 02:41:08;4 037.45;-0.49;;-56.61;[sl]
2025.10.13 02:08:26;Buy;0.03;XAUUSD;4 058.26;4 038.89;4 134.09;2025.10.13 02:41:00;4 038.83;-0.49;;-58.29;[sl]
2025.10.13 02:08:23;Buy;0.03;XAUUSD;4 056.78;4 040.90;4 185.31;2025.10.13 02:35:46;4 040.90;-0.49;;-47.64;[sl]
2025.10.13 02:08:23;Buy;0.03;XAUUSD;4 056.78;4 041.60;4 084.88;2025.10.13 02:14:16;4 041.43;-0.49;;-46.05;[sl]
2025.10.10 02:00:00;Sell Stop;0.03;XAUUSD;3 313.45;3 332.01;3 289.18;2025.10.13 01:05:14;4 015.74;;;;cancelled
2025.09.25 02:00:00;Sell Stop;0.03;XAUUSD;3 268.56;3 282.79;3 247.21;2025.10.13 01:05:14;4 015.74;;;;cancelled
2025.09.22 15:12:09;Sell Stop;0.07;XAUUSD;3 268.90;3 274.90;3 251.90;2025.10.13 01:05:14;4 015.74;;;;cancelled
2025.09.22 15:12:12;Sell Stop;0.03;XAUUSD;3 314.59;3 329.59;3 192.10;2025.10.10 16:00:00;3 985.71;;;;cancelled
2025.10.08 01:05:06;Sell Stop;0.03;XAUUSD;3 313.36;3 331.04;3 290.24;2025.10.10 02:00:00;3 975.49;;;;cancelled
2025.09.22 15:12:11;Sell Stop;0.03;XAUUSD;3 312.59;3 329.22;3 281.00;2025.10.08 16:00:00;4 039.96;;;;cancelled
2025.10.06 01:05:00;Sell Stop;0.03;XAUUSD;3 313.35;3 330.93;3 290.36;2025.10.08 01:05:06;3 986.27;;;;cancelled
2025.09.26 18:00:00;Sell Stop;0.02;XAUUSD;3 720.09;3 739.62;3 643.90;2025.10.06 13:00:00;3 942.53;;;;cancelled
2025.10.03 02:00:00;Sell Stop;0.03;XAUUSD;3 313.36;3 331.04;3 290.24;2025.10.06 01:05:00;3 888.59;;;;cancelled
2025.09.25 02:00:00;Sell Stop;0.02;XAUUSD;3 270.72;3 292.32;3 241.92;2025.10.06 01:05:00;3 888.54;;;;cancelled
2025.10.01 01:05:01;Sell Stop;0.03;XAUUSD;3 313.32;3 330.59;3 290.73;2025.10.03 02:00:00;3 857.22;;;;cancelled
2025.09.29 01:05:00;Sell Stop;0.03;XAUUSD;3 313.26;3 330.00;3 291.36;2025.10.01 01:05:01;3 860.14;;;;cancelled
2025.09.29 05:19:32;Buy;0.02;XAUUSD;3 790.40;3 810.62;3 866.58;2025.09.29 16:04:16;3 810.59;-0.30;;40.38;[sl]
2025.09.29 05:15:31;Buy;0.03;XAUUSD;3 787.97;3 816.27;3 911.58;2025.09.29 15:30:35;3 816.15;-0.45;;84.54;[sl]
2025.09.29 05:18:58;Buy;0.02;XAUUSD;3 788.99;3 792.71;3 818.19;2025.09.29 09:15:23;3 818.19;-0.30;;58.40;[tp]
2025.09.29 04:01:43;Buy;0.02;XAUUSD;3 788.82;3 792.42;3 818.15;2025.09.29 09:15:23;3 818.19;-0.30;;58.74;[tp]
2025.09.29 05:19:36;Buy;0.02;XAUUSD;3 790.46;3 801.48;3 818.83;2025.09.29 08:42:55;3 801.48;-0.30;;22.04;[sl]
2025.09.29 05:15:36;Buy;0.03;XAUUSD;3 788.23;3 802.93;3 816.73;2025.09.29 08:21:59;3 802.84;-0.45;;43.83;[sl]
2025.09.29 05:19:26;Buy;0.03;XAUUSD;3 789.69;3 792.76;3 810.91;2025.09.29 08:05:35;3 810.96;-0.45;;63.81;[tp]
2025.09.29 05:15:36;Buy;0.03;XAUUSD;3 788.08;3 791.32;3 809.90;2025.09.29 08:05:14;3 810.01;-0.45;;65.79;[tp]
2025.09.29 05:19:26;Buy;0.08;XAUUSD;3 789.64;3 791.55;3 806.52;2025.09.29 05:25:08;3 791.55;-1.21;;15.28;[sl]
2025.09.29 04:00:01;Buy;0.03;XAUUSD;3 787.99;3 771.26;3 809.90;2025.09.29 04:24:20;3 771.20;-0.45;;-50.37;[sl]
2025.09.29 04:00:00;Buy;0.03;XAUUSD;3 787.78;3 772.84;3 911.38;2025.09.29 04:24:10;3 772.73;-0.45;;-45.15;[sl]
2025.09.29 04:00:01;Buy;0.03;XAUUSD;3 787.92;3 772.82;3 817.08;2025.09.29 04:24:10;3 772.73;-0.45;;-45.57;[sl]
2025.09.26 17:00:00;Sell Stop;0.03;XAUUSD;3 313.27;3 330.08;3 291.29;2025.09.29 01:05:00;3 764.65;;;;cancelled
2025.09.26 01:05:00;Buy Stop;0.03;XAUUSD;3 787.99;3 771.18;3 809.97;2025.09.29 01:05:00;3 764.69;;;;cancelled
2025.09.11 01:05:00;Sell Stop;0.02;XAUUSD;3 316.46;3 338.30;3 287.90;2025.09.29 01:05:00;3 764.72;;;;cancelled
2025.09.22 10:00:00;Sell Stop;0.02;XAUUSD;3 630.46;3 650.58;3 551.98;2025.09.26 18:00:00;3 778.69;;;;cancelled
2025.09.24 16:00:03;Sell Stop;0.03;XAUUSD;3 313.28;3 330.13;3 291.24;2025.09.26 17:00:00;3 761.89;;;;cancelled
2025.09.15 01:05:01;Sell Stop;0.02;XAUUSD;3 270.89;3 293.95;3 240.14;2025.09.25 02:00:00;3 741.18;;;;cancelled
2025.09.08 02:00:00;Sell Stop;0.03;XAUUSD;3 268.55;3 282.53;3 247.58;2025.09.25 02:00:00;3 741.18;;;;cancelled
2025.09.22 15:12:08;Sell Stop;0.03;XAUUSD;3 313.24;3 329.71;3 291.70;2025.09.24 16:00:03;3 768.39;;;;cancelled
2025.09.22 09:29:04;Buy;0.02;XAUUSD;3 706.41;3 738.26;3 785.31;2025.09.23 05:55:41;3 738.25;-0.30;-0.76;63.68;[sl]
2025.09.22 09:25:33;Buy;0.03;XAUUSD;3 704.30;3 743.55;3 826.91;2025.09.23 05:11:46;3 743.44;-0.44;-1.14;117.42;[sl]
2025.09.22 09:25:51;Buy;0.02;XAUUSD;3 705.26;3 708.70;3 733.41;2025.09.22 18:39:40;3 733.49;-0.30;;56.46;[tp]
2025.09.22 09:34:05;Buy;0.02;XAUUSD;3 706.83;3 712.22;3 735.98;2025.09.22 15:24:47;3 712.20;-0.30;;10.74;[sl]
2025.09.12 01:05:02;Sell Stop;0.02;XAUUSD;3 314.59;3 329.59;3 192.10;2025.09.22 15:12:12;3 723.00;;;;cancelled
2025.09.10 02:00:00;Sell Stop;0.02;XAUUSD;3 312.59;3 329.22;3 281.00;2025.09.22 15:12:11;3 723.05;;;;cancelled
2025.09.15 01:05:01;Sell Stop;0.06;XAUUSD;3 268.90;3 274.90;3 251.90;2025.09.22 15:12:09;3 723.07;;;;cancelled
2025.09.22 01:05:00;Sell Stop;0.02;XAUUSD;3 313.24;3 329.71;3 291.70;2025.09.22 15:12:08;3 723.12;;;;cancelled
2025.09.22 09:25:33;Buy;0.02;XAUUSD;3 704.30;3 707.50;3 725.81;2025.09.22 12:23:27;3 725.86;-0.30;;43.12;[tp]
2025.09.22 09:25:32;Buy;0.03;XAUUSD;3 704.29;3 709.98;3 734.17;2025.09.22 10:13:16;3 709.97;-0.44;;17.04;[sl]
2025.09.15 10:00:00;Sell Stop;0.02;XAUUSD;3 615.59;3 636.43;3 534.31;2025.09.22 10:00:00;3 714.39;;;;cancelled
2025.09.19 02:00:00;Sell Stop;0.02;XAUUSD;3 313.24;3 329.75;3 291.65;2025.09.22 01:05:00;3 687.90;;;;cancelled
2025.09.17 01:05:01;Sell Stop;0.02;XAUUSD;3 313.22;3 329.52;3 291.91;2025.09.19 02:00:00;3 640.39;;;;cancelled
2025.09.15 01:05:00;Sell Stop;0.02;XAUUSD;3 313.20;3 329.34;3 292.10;2025.09.17 01:05:01;3 691.51;;;;cancelled
2025.09.15 18:49:46;Buy;0.02;XAUUSD;3 673.57;3 682.37;3 755.60;2025.09.16 18:06:03;3 682.40;-0.29;-0.76;17.66;[sl]
2025.09.15 18:49:26;Buy;0.02;XAUUSD;3 671.37;3 687.95;3 793.86;2025.09.16 17:45:32;3 687.97;-0.29;-0.76;33.20;[sl]
2025.09.15 18:49:36;Buy;0.02;XAUUSD;3 672.32;3 675.73;3 700.53;2025.09.16 17:17:12;3 700.54;-0.29;-0.76;56.44;[tp]
2025.09.15 18:49:28;Buy;0.02;XAUUSD;3 671.55;3 674.38;3 692.62;2025.09.16 09:48:03;3 692.62;-0.29;-0.76;42.14;[tp]
2025.09.15 18:49:49;Buy;0.02;XAUUSD;3 673.91;3 675.54;3 704.72;2025.09.16 05:46:30;3 675.14;-0.29;-0.76;2.46;[sl]
2025.09.15 18:49:45;Buy;0.06;XAUUSD;3 673.10;3 675.49;3 689.92;2025.09.15 19:46:17;3 675.41;-0.88;;13.86;[sl]
2025.09.15 18:49:15;Buy;0.02;XAUUSD;3 671.20;3 675.55;3 702.16;2025.09.15 19:46:10;3 675.58;-0.29;;8.76;[sl]
2025.09.15 18:49:45;Buy;0.03;XAUUSD;3 673.15;3 675.66;3 693.94;2025.09.15 19:46:09;3 675.61;-0.44;;7.38;[sl]
2025.09.08 01:05:00;Sell Stop;0.02;XAUUSD;3 514.30;3 535.80;3 430.47;2025.09.15 10:00:00;3 635.88;;;;cancelled
2025.09.04 02:00:00;Sell Stop;0.02;XAUUSD;3 270.99;3 294.89;3 239.12;2025.09.15 01:05:01;3 644.75;;;;cancelled
2025.09.12 01:05:02;Sell Stop;0.02;XAUUSD;3 313.21;3 329.41;3 292.02;2025.09.15 01:05:00;3 644.72;;;;cancelled
2025.09.12 01:05:02;Buy Stop;0.02;XAUUSD;3 671.50;3 655.30;3 692.69;2025.09.15 01:05:00;3 644.77;;;;cancelled
2025.08.25 01:05:01;Sell Stop;0.06;XAUUSD;3 268.90;3 274.90;3 251.90;2025.09.15 01:05:00;3 644.73;;;;cancelled
2025.09.10 01:05:00;Sell Stop;0.02;XAUUSD;3 313.23;3 329.67;3 291.74;2025.09.12 01:05:02;3 636.03;;;;cancelled
2025.08.25 01:05:01;Sell Stop;0.02;XAUUSD;3 314.57;3 329.47;3 192.92;2025.09.12 01:05:02;3 636.03;;;;cancelled
2025.08.25 01:05:00;Sell Stop;0.02;XAUUSD;3 316.55;3 338.76;3 287.50;2025.09.11 01:05:00;3 644.34;;;;cancelled
2025.08.25 01:05:01;Sell Stop;0.02;XAUUSD;3 312.68;3 330.84;3 278.17;2025.09.10 02:00:00;3 635.33;;;;cancelled
2025.09.08 01:05:00;Sell Stop;0.02;XAUUSD;3 313.20;3 329.32;3 292.13;2025.09.10 01:05:00;3 627.48;;;;cancelled
2025.08.22 01:05:02;Sell Stop;0.02;XAUUSD;3 268.56;3 283.02;3 246.87;2025.09.08 02:00:00;3 592.28;;;;cancelled
2025.09.05 01:05:00;Sell Stop;0.02;XAUUSD;3 313.18;3 329.07;3 292.40;2025.09.08 01:05:00;3 591.86;;;;cancelled
2025.08.26 10:00:03;Sell Stop;0.02;XAUUSD;3 324.48;3 347.42;3 235.02;2025.09.08 01:05:00;3 591.76;;;;cancelled
2025.09.02 04:29:56;Buy;0.02;XAUUSD;3 497.79;3 476.71;3 525.34;2025.09.02 10:53:12;3 476.68;-0.28;;-42.22;[sl]
2025.09.02 04:37:30;Buy;0.03;XAUUSD;3 499.29;3 485.31;3 519.43;2025.09.02 09:26:47;3 485.25;-0.42;;-42.12;[sl]
2025.09.02 04:37:30;Buy;0.01;XAUUSD;3 499.43;3 493.02;3 532.39;2025.09.02 04:49:36;3 492.83;-0.14;;-6.60;[sl]
2025.09.02 04:29:28;Buy;0.02;XAUUSD;3 496.97;3 495.44;3 517.80;2025.09.02 04:49:31;3 495.31;-0.28;;-3.32;[sl]
2025.09.02 04:36:21;Buy;0.06;XAUUSD;3 498.42;3 500.29;3 515.35;2025.09.02 04:48:40;3 500.18;-0.84;;10.56;[sl]
2025.08.28 14:33:19;Buy;0.01;XAUUSD;3 407.76;3 445.08;3 498.84;2025.09.02 04:37:30;3 499.21;-0.14;-1.14;91.45;[tp]
2025.08.29 22:49:20;Buy;0.02;XAUUSD;3 450.69;3 454.17;3 478.03;2025.09.01 05:48:51;3 478.03;-0.28;-0.76;54.68;[tp]
2025.08.29 22:51:15;Buy;0.01;XAUUSD;3 451.91;3 458.13;3 485.08;2025.09.01 05:15:15;3 458.13;-0.14;-0.38;6.22;[sl]
2025.08.29 20:02:17;Buy;0.02;XAUUSD;3 449.73;3 457.40;3 470.28;2025.09.01 05:08:38;3 470.84;-0.28;-0.76;42.22;[tp]
2025.08.29 22:50:52;Buy;0.03;XAUUSD;3 451.23;3 437.31;3 472.12;2025.09.01 04:25:29;3 437.30;-0.41;-1.14;-41.79;[sl]
2025.08.29 17:13:22;Buy;0.02;XAUUSD;3 435.76;3 438.26;3 456.68;2025.09.01 04:20:59;3 438.19;-0.27;-0.76;4.86;[sl]
2025.08.29 17:14:15;Buy;0.02;XAUUSD;3 437.32;3 439.75;3 458.94;2025.09.01 04:11:30;3 439.74;-0.27;-0.76;4.84;[sl]
2025.08.29 17:14:14;Buy;0.06;XAUUSD;3 437.21;3 439.95;3 454.13;2025.09.01 04:09:05;3 439.95;-0.82;-2.28;16.44;[sl]
2025.08.29 17:13:55;Buy;0.02;XAUUSD;3 436.54;3 440.33;3 464.48;2025.09.01 04:08:49;3 440.22;-0.27;-0.76;7.36;[sl]
2025.08.29 17:31:38;Buy;0.01;XAUUSD;3 438.04;3 441.33;3 471.61;2025.09.01 04:07:27;3 441.31;-0.14;-0.38;3.27;[sl]
2025.08.29 17:13:20;Buy;0.02;XAUUSD;3 435.18;3 443.34;3 468.18;2025.09.01 01:08:29;3 443.34;-0.27;-0.76;16.32;[sl]
2025.08.29 22:50:40;Buy;0.06;XAUUSD;3 451.03;3 445.04;3 468.04;2025.09.01 01:05:35;3 445.04;-0.83;-2.28;-35.94;[sl]
2025.08.29 21:00:00;Buy Stop;0.02;XAUUSD;3 497.03;3 481.31;3 517.59;2025.09.01 01:05:00;3 446.27;;;;cancelled
2025.08.29 02:00:00;Sell Stop;0.02;XAUUSD;3 313.16;3 328.88;3 292.60;2025.09.01 01:05:00;3 446.30;;;;cancelled
2025.08.28 16:24:08;Buy;0.02;XAUUSD;3 405.72;3 408.17;3 526.75;2025.08.29 04:39:19;3 408.14;-0.27;-0.76;4.84;[sl]
2025.08.28 14:32:32;Buy;0.02;XAUUSD;3 405.77;3 408.19;3 527.04;2025.08.29 04:39:19;3 408.14;-0.27;-0.76;4.74;[sl]
2025.08.28 16:32:34;Buy;0.02;XAUUSD;3 405.88;3 408.80;3 426.77;2025.08.29 04:36:43;3 408.79;-0.27;-0.76;5.82;[sl]
2025.08.28 14:32:32;Buy;0.02;XAUUSD;3 406.33;3 408.88;3 426.99;2025.08.29 04:36:32;3 408.83;-0.27;-0.76;5.00;[sl]
2025.08.28 16:33:20;Buy;0.02;XAUUSD;3 406.76;3 409.86;3 434.57;2025.08.29 04:28:40;3 409.83;-0.27;-0.76;6.14;[sl]
2025.08.28 15:07:01;Buy;0.02;XAUUSD;3 406.98;3 409.63;3 434.57;2025.08.29 04:28:40;3 409.83;-0.27;-0.76;5.70;[sl]
2025.08.28 14:32:49;Buy;0.01;XAUUSD;3 406.45;3 409.90;3 437.72;2025.08.29 04:28:40;3 409.57;-0.14;-0.38;3.12;[sl]
2025.08.27 02:00:00;Sell Stop;0.02;XAUUSD;3 313.21;3 329.41;3 292.02;2025.08.29 02:00:00;3 416.89;;;;cancelled
2025.08.13 02:00:00;Buy Stop;0.02;XAUUSD;3 434.90;3 416.17;3 470.48;2025.08.29 02:00:00;3 416.88;;;;cancelled
2025.08.28 15:00:00;Buy Stop;0.02;XAUUSD;3 435.75;3 419.74;3 456.68;2025.08.28 16:00:00;3 397.50;;;;cancelled
2025.08.18 01:05:01;Buy Stop;0.01;XAUUSD;3 437.93;3 410.98;3 473.86;2025.08.28 02:00:00;3 395.86;;;;cancelled
2025.08.25 01:05:01;Sell Stop;0.02;XAUUSD;3 313.22;3 329.55;3 291.86;2025.08.27 02:00:00;3 391.18;;;;cancelled
2025.08.25 01:05:01;Buy Stop;0.02;XAUUSD;3 405.78;3 389.45;3 427.14;2025.08.27 02:00:00;3 391.24;;;;cancelled
2025.08.21 22:00:00;Sell Stop;0.01;XAUUSD;3 314.66;3 338.31;3 222.42;2025.08.26 10:00:03;3 376.44;;;;cancelled
2025.08.22 17:10:02;Buy;0.01;XAUUSD;3 357.25;3 356.32;3 450.77;2025.08.26 02:18:03;3 356.30;-0.13;-0.76;-0.95;[sl]
2025.08.21 01:05:00;Sell Stop;0.02;XAUUSD;3 273.17;3 295.45;3 244.03;2025.08.25 01:05:02;3 368.77;;;;cancelled
2025.08.20 01:05:00;Sell Stop;0.02;XAUUSD;3 269.32;3 287.93;3 233.97;2025.08.25 01:05:02;3 368.77;;;;cancelled
2025.08.08 02:00:26;Sell Stop;0.02;XAUUSD;3 271.15;3 285.92;3 150.51;2025.08.25 01:05:02;3 368.77;;;;cancelled
2025.08.14 01:05:01;Sell Stop;0.01;XAUUSD;3 271.39;3 298.73;3 234.94;2025.08.25 01:05:01;3 368.77;;;;cancelled
2025.08.05 01:05:01;Sell Stop;0.06;XAUUSD;3 268.90;3 274.90;3 251.90;2025.08.25 01:05:01;3 368.77;;;;cancelled
2025.08.22 01:05:02;Sell Stop;0.02;XAUUSD;3 269.82;3 285.99;3 248.67;2025.08.25 01:05:00;3 368.80;;;;cancelled
2025.08.22 01:05:02;Buy Stop;0.02;XAUUSD;3 405.81;3 389.64;3 426.96;2025.08.25 01:05:00;3 368.82;;;;cancelled
2025.08.06 01:05:01;Buy Stop;0.02;XAUUSD;3 437.03;3 420.40;3 461.97;2025.08.25 01:05:00;3 368.85;;;;cancelled
2025.08.20 01:05:00;Sell Stop;0.02;XAUUSD;3 269.85;3 286.36;3 248.27;2025.08.22 01:05:02;3 340.02;;;;cancelled
2025.08.20 01:05:00;Buy Stop;0.02;XAUUSD;3 405.75;3 389.24;3 427.33;2025.08.22 01:05:02;3 340.06;;;;cancelled
2025.08.05 01:05:01;Sell Stop;0.02;XAUUSD;3 268.63;3 285.69;3 243.04;2025.08.22 01:05:01;3 340.02;;;;cancelled
2025.08.14 18:00:00;Sell Stop;0.01;XAUUSD;3 271.38;3 295.85;3 175.97;2025.08.21 22:00:00;3 339.53;;;;cancelled
2025.08.04 01:05:00;Sell Stop;0.01;XAUUSD;3 273.87;3 299.30;3 240.61;2025.08.21 01:05:00;3 351.00;;;;cancelled
2025.08.15 22:00:00;Buy Stop;0.01;XAUUSD;3 373.88;3 349.44;3 469.20;2025.08.20 02:00:00;3 316.95;;;;cancelled
2025.08.18 01:05:00;Sell Stop;0.02;XAUUSD;3 269.90;3 286.91;3 247.66;2025.08.20 01:05:00;3 316.51;;;;cancelled
2025.08.18 01:05:00;Buy Stop;0.02;XAUUSD;3 405.65;3 388.64;3 427.89;2025.08.20 01:05:00;3 316.56;;;;cancelled
2025.08.04 01:05:00;Sell Stop;0.02;XAUUSD;3 269.32;3 287.92;3 233.98;2025.08.20 01:05:00;3 316.51;;;;cancelled
2025.08.14 17:11:09;Sell;0.01;XAUUSD;3 334.36;3 347.89;3 238.95;2025.08.18 06:32:52;3 347.89;-0.13;;-13.53;[sl]
2025.08.07 02:00:00;Buy Stop;0.01;XAUUSD;3 437.92;3 410.56;3 474.40;2025.08.18 01:05:01;3 334.73;;;;cancelled
2025.08.15 01:05:00;Sell Stop;0.02;XAUUSD;3 269.92;3 287.16;3 247.38;2025.08.18 01:05:00;3 334.70;;;;cancelled
2025.08.15 01:05:00;Buy Stop;0.02;XAUUSD;3 405.61;3 388.37;3 428.15;2025.08.18 01:05:00;3 334.74;;;;cancelled
2025.07.29 01:05:00;Buy Stop;0.06;XAUUSD;3 437.13;3 431.13;3 454.13;2025.08.18 01:05:00;3 334.73;;;;cancelled
2025.08.11 22:00:01;Buy Stop;0.01;XAUUSD;3 407.70;3 383.34;3 502.72;2025.08.15 22:00:02;3 336.03;;;;cancelled
2025.08.13 01:05:00;Sell Stop;0.02;XAUUSD;3 269.94;3 287.32;3 247.21;2025.08.15 01:05:00;3 336.69;;;;cancelled
2025.08.13 01:05:00;Buy Stop;0.02;XAUUSD;3 405.58;3 388.20;3 428.31;2025.08.15 01:05:00;3 336.73;;;;cancelled
2025.08.11 13:00:00;Sell Stop;0.01;XAUUSD;3 271.37;3 295.73;3 176.35;2025.08.14 14:00:00;3 355.13;;;;cancelled
2025.08.04 01:05:00;Sell Stop;0.01;XAUUSD;3 271.39;3 298.75;3 234.91;2025.08.14 01:05:01;3 357.15;;;;cancelled
2025.07.28 01:05:01;Buy Stop;0.02;XAUUSD;3 434.96;3 416.55;3 469.94;2025.08.13 02:00:00;3 350.54;;;;cancelled
2025.07.30 01:05:00;Buy Stop;0.01;XAUUSD;3 436.04;3 410.15;3 469.90;2025.08.13 01:05:01;3 349.82;;;;cancelled
2025.07.28 01:05:01;Buy Stop;0.02;XAUUSD;3 435.69;3 421.19;3 554.14;2025.08.13 01:05:01;3 349.82;;;;cancelled
2025.08.11 01:05:00;Sell Stop;0.02;XAUUSD;3 269.97;3 287.68;3 246.81;2025.08.13 01:05:00;3 349.81;;;;cancelled
2025.08.11 01:05:00;Buy Stop;0.02;XAUUSD;3 435.42;3 417.71;3 458.58;2025.08.13 01:05:00;3 349.86;;;;cancelled
2025.08.11 12:56:36;Sell;0.01;XAUUSD;3 353.10;3 356.16;3 258.34;2025.08.12 18:28:51;3 356.19;-0.13;;-3.09;[sl]
2025.08.11 01:05:00;Buy Stop;0.01;XAUUSD;3 437.61;3 413.25;3 532.63;2025.08.11 22:00:01;3 356.37;;;;cancelled
2025.08.08 02:00:26;Sell Stop;0.02;XAUUSD;3 269.98;3 287.76;3 246.73;2025.08.11 01:05:00;3 400.60;;;;cancelled
2025.08.08 02:00:26;Buy Stop;0.02;XAUUSD;3 435.41;3 417.63;3 458.66;2025.08.11 01:05:00;3 400.65;;;;cancelled
2025.07.24 22:00:00;Buy Stop;0.01;XAUUSD;3 437.63;3 413.68;3 531.05;2025.08.11 01:05:00;3 400.66;;;;cancelled
2025.08.06 01:05:01;Sell Stop;0.02;XAUUSD;3 270.05;3 288.53;3 245.89;2025.08.08 02:00:26;3 405.48;;;;cancelled
2025.08.06 01:05:01;Buy Stop;0.02;XAUUSD;3 435.28;3 416.80;3 459.44;2025.08.08 02:00:26;3 405.53;;;;cancelled
2025.07.21 01:05:02;Sell Stop;0.02;XAUUSD;3 250.78;3 265.07;3 134.08;2025.08.08 02:00:26;3 405.55;;;;cancelled
2025.08.01 18:00:00;Sell Stop;0.01;XAUUSD;3 271.34;3 295.49;3 177.14;2025.08.07 10:00:00;3 388.01;;;;cancelled
2025.07.28 01:05:01;Buy Stop;0.01;XAUUSD;3 437.94;3 411.09;3 473.73;2025.08.07 02:00:00;3 372.16;;;;cancelled
2025.07.24 02:00:00;Buy Stop;0.02;XAUUSD;3 450.68;3 431.65;3 479.22;2025.08.06 01:05:02;3 381.26;;;;cancelled
2025.08.04 01:05:00;Sell Stop;0.02;XAUUSD;3 270.09;3 289.02;3 245.34;2025.08.06 01:05:01;3 381.24;;;;cancelled
2025.08.04 01:05:00;Buy Stop;0.02;XAUUSD;3 435.19;3 416.26;3 459.94;2025.08.06 01:05:01;3 381.29;;;;cancelled
2025.07.24 02:00:01;Sell Stop;0.06;XAUUSD;3 248.62;3 254.62;3 231.62;2025.08.05 01:05:02;3 376.24;;;;cancelled
2025.07.21 02:00:00;Sell Stop;0.02;XAUUSD;3 248.40;3 267.60;3 219.60;2025.08.05 01:05:02;3 376.24;;;;cancelled
2025.07.30 22:00:00;Sell Stop;0.01;XAUUSD;3 253.70;3 279.59;3 219.84;2025.08.04 01:05:01;3 363.71;;;;cancelled
2025.07.21 01:05:01;Sell Stop;0.02;XAUUSD;3 249.01;3 267.24;3 214.38;2025.08.04 01:05:01;3 363.67;;;;cancelled
2025.08.01 22:00:00;Sell Stop;0.02;XAUUSD;3 249.79;3 268.46;3 225.38;2025.08.04 01:05:00;3 364.38;;;;cancelled
2025.08.01 02:00:01;Buy Stop;0.02;XAUUSD;3 435.24;3 416.57;3 459.65;2025.08.04 01:05:00;3 364.40;;;;cancelled
2025.07.24 02:00:01;Sell Stop;0.01;XAUUSD;3 251.05;3 277.90;3 215.25;2025.08.04 01:05:00;3 363.92;;;;cancelled
2025.07.30 22:00:00;Sell Stop;0.02;XAUUSD;3 249.78;3 268.40;3 225.42;2025.08.01 22:00:00;3 347.67;;;;cancelled
2025.07.30 22:00:00;Sell Stop;0.01;XAUUSD;3 251.03;3 274.94;3 157.78;2025.08.01 18:00:00;3 346.13;;;;cancelled
2025.07.30 02:00:00;Buy Stop;0.02;XAUUSD;3 435.25;3 416.63;3 459.61;2025.08.01 02:00:01;3 295.10;;;;cancelled
2025.07.30 21:49:54;Sell;0.01;XAUUSD;3 285.83;3 292.15;3 192.63;2025.07.31 04:55:16;3 292.20;-0.13;;-6.37;[sl]
2025.07.30 16:28:15;Sell;0.01;XAUUSD;3 304.93;3 292.17;3 211.71;2025.07.31 04:55:16;3 292.20;-0.13;;12.73;[sl]
2025.07.30 18:37:34;Sell;0.01;XAUUSD;3 288.83;3 284.94;3 253.27;2025.07.31 02:57:14;3 284.95;-0.13;;3.88;[sl]
2025.07.30 21:40:53;Sell;0.01;XAUUSD;3 288.44;3 284.81;3 254.69;2025.07.31 02:57:13;3 284.84;-0.13;;3.60;[sl]
2025.07.30 21:50:01;Sell;0.02;XAUUSD;3 284.62;3 281.66;3 260.27;2025.07.31 02:39:45;3 281.68;-0.26;;5.88;[sl]
2025.07.28 17:00:01;Sell Stop;0.02;XAUUSD;3 284.69;3 303.92;3 259.55;2025.07.30 18:00:00;3 302.19;;;;cancelled
2025.07.28 17:00:00;Sell Stop;0.01;XAUUSD;3 285.89;3 309.89;3 192.30;2025.07.30 14:00:00;3 328.57;;;;cancelled
2025.07.28 01:05:01;Buy Stop;0.02;XAUUSD;3 435.13;3 415.90;3 460.27;2025.07.30 02:00:00;3 327.85;;;;cancelled
2025.07.21 15:00:00;Buy Stop;0.01;XAUUSD;3 449.62;3 420.63;3 487.53;2025.07.30 01:05:00;3 327.76;;;;cancelled
2025.07.28 16:52:39;Sell;0.01;XAUUSD;3 313.03;3 325.07;3 220.48;2025.07.29 11:09:21;3 325.07;-0.13;;-12.04;[sl]
2025.07.28 16:50:09;Sell;0.01;XAUUSD;3 316.03;3 319.07;3 278.72;2025.07.29 04:41:56;3 319.09;-0.13;;-3.06;[sl]
2025.07.15 21:00:00;Buy Stop;0.05;XAUUSD;3 451.04;3 445.04;3 468.04;2025.07.29 01:05:00;3 314.12;;;;cancelled
2025.07.28 16:53:31;Sell;0.02;XAUUSD;3 311.81;3 314.09;3 286.72;2025.07.28 17:27:25;3 314.14;-0.26;;-4.66;[sl]
2025.07.24 02:00:00;Sell Stop;0.02;XAUUSD;3 311.89;3 331.44;3 286.33;2025.07.28 01:05:01;3 329.23;;;;cancelled
2025.07.21 15:00:00;Buy Stop;0.02;XAUUSD;3 448.91;3 430.68;3 483.54;2025.07.28 01:05:01;3 329.68;;;;cancelled
2025.07.21 01:05:01;Buy Stop;0.01;XAUUSD;3 451.85;3 425.22;3 487.35;2025.07.28 01:05:01;3 329.68;;;;cancelled
2025.07.25 15:00:00;Buy Stop;0.02;XAUUSD;3 449.06;3 429.91;3 474.11;2025.07.28 01:05:00;3 329.26;;;;cancelled
2025.07.23 15:00:00;Buy Stop;0.02;XAUUSD;3 448.99;3 429.51;3 474.46;2025.07.25 15:00:00;3 341.10;;;;cancelled
2025.07.14 01:05:01;Sell Stop;0.01;XAUUSD;3 251.03;3 277.66;3 215.52;2025.07.24 02:00:01;3 386.86;;;;cancelled
2025.07.22 01:05:01;Sell Stop;0.02;XAUUSD;3 311.93;3 331.79;3 285.96;2025.07.24 02:00:00;3 386.83;;;;cancelled
2025.07.07 02:00:00;Buy Stop;0.01;XAUUSD;3 450.38;3 428.56;3 483.11;2025.07.24 02:00:00;3 386.82;;;;cancelled
2025.07.04 01:05:07;Sell Stop;0.05;XAUUSD;3 248.62;3 254.62;3 231.62;2025.07.24 02:00:00;3 386.86;;;;cancelled
2025.07.21 17:15:26;Buy;0.01;XAUUSD;3 395.43;3 414.92;3 487.96;2025.07.23 16:03:07;3 414.89;-0.14;-0.76;19.46;[sl]
2025.07.21 14:44:19;Buy;0.01;XAUUSD;3 373.87;3 414.92;3 466.52;2025.07.23 16:03:07;3 414.89;-0.13;-0.76;41.02;[sl]
2025.07.21 15:00:00;Buy Stop;0.02;XAUUSD;3 448.82;3 428.46;3 475.45;2025.07.23 15:00:00;3 428.21;;;;cancelled
2025.07.21 14:46:22;Buy;0.01;XAUUSD;3 374.47;3 379.03;3 412.38;2025.07.22 16:08:11;3 412.42;-0.13;-0.38;37.95;[tp]
2025.07.21 14:46:25;Buy;0.02;XAUUSD;3 374.49;3 388.07;3 491.19;2025.07.22 04:41:56;3 387.80;-0.27;-0.76;26.62;[sl]
2025.07.21 14:29:24;Buy;0.02;XAUUSD;3 373.84;3 391.46;3 408.39;2025.07.22 03:04:39;3 391.30;-0.27;-0.76;34.92;[sl]
2025.07.21 01:05:01;Sell Stop;0.02;XAUUSD;3 284.81;3 305.17;3 258.18;2025.07.22 01:05:04;3 399.11;;;;cancelled
2025.07.14 01:05:00;Sell Stop;0.01;XAUUSD;3 289.65;3 320.50;3 249.30;2025.07.22 01:05:04;3 399.11;;;;cancelled
2025.07.21 14:29:24;Buy;0.02;XAUUSD;3 373.74;3 378.58;3 400.30;2025.07.21 17:36:03;3 400.31;-0.27;;53.14;[tp]
2025.07.11 06:00:00;Sell Stop;0.01;XAUUSD;3 285.88;3 309.77;3 192.72;2025.07.21 10:00:00;3 368.42;;;;cancelled
2025.07.04 01:05:06;Sell Stop;0.01;XAUUSD;3 248.47;3 270.46;3 215.49;2025.07.21 02:00:00;3 347.77;;;;cancelled
2025.07.11 19:00:00;Buy Stop;0.01;XAUUSD;3 449.42;3 418.55;3 489.79;2025.07.21 01:05:02;3 348.99;;;;cancelled
2025.07.07 01:05:01;Buy Stop;0.02;XAUUSD;3 449.66;3 435.43;3 565.86;2025.07.21 01:05:02;3 348.99;;;;cancelled
2025.07.07 01:05:01;Buy Stop;0.02;XAUUSD;3 448.91;3 430.70;3 483.52;2025.07.21 01:05:02;3 348.99;;;;cancelled
2025.07.03 01:05:00;Sell Stop;0.02;XAUUSD;3 250.77;3 265.02;3 134.41;2025.07.21 01:05:02;3 348.95;;;;cancelled
2025.07.10 01:05:01;Buy Stop;0.01;XAUUSD;3 451.85;3 425.10;3 487.51;2025.07.21 01:05:01;3 348.99;;;;cancelled
2025.07.03 01:05:00;Sell Stop;0.02;XAUUSD;3 249.02;3 267.29;3 214.32;2025.07.21 01:05:01;3 348.90;;;;cancelled
2025.07.18 02:00:00;Sell Stop;0.01;XAUUSD;3 284.85;3 305.69;3 257.60;2025.07.21 01:05:00;3 348.90;;;;cancelled
2025.07.18 02:00:00;Buy Stop;0.01;XAUUSD;3 448.73;3 427.89;3 475.98;2025.07.21 01:05:00;3 348.94;;;;cancelled
2025.07.16 01:05:03;Sell Stop;0.01;XAUUSD;3 284.91;3 306.29;3 256.96;2025.07.18 02:00:00;3 343.30;;;;cancelled
2025.07.16 01:05:03;Buy Stop;0.01;XAUUSD;3 448.63;3 427.25;3 476.58;2025.07.18 02:00:00;3 343.34;;;;cancelled
2025.07.16 18:30:24;Buy;0.01;XAUUSD;3 374.06;3 350.27;3 466.52;2025.07.16 18:55:16;3 349.15;-0.13;;-24.91;[sl]
2025.07.11 19:00:00;Buy Stop;0.01;XAUUSD;3 395.42;3 371.53;3 488.58;2025.07.16 06:00:00;3 326.25;;;;cancelled
2025.07.14 01:05:01;Sell Stop;0.01;XAUUSD;3 285.00;3 307.33;3 255.80;2025.07.16 01:05:03;3 326.12;;;;cancelled
2025.07.14 01:05:00;Buy Stop;0.01;XAUUSD;3 448.45;3 426.12;3 477.65;2025.07.16 01:05:03;3 326.16;;;;cancelled
2025.06.25 20:50:48;Buy Stop;0.05;XAUUSD;3 451.04;3 445.04;3 468.04;2025.07.15 21:00:00;3 328.12;;;;cancelled
2025.07.11 18:07:59;Buy;0.01;XAUUSD;3 364.78;3 352.01;3 457.77;2025.07.14 15:39:24;3 351.94;-0.13;-0.29;-12.84;[sl]
2025.07.11 13:26:51;Buy;0.01;XAUUSD;3 344.62;3 352.01;3 437.98;2025.07.14 15:39:24;3 351.94;-0.13;-0.29;7.32;[sl]
2025.07.11 18:00:31;Buy;0.01;XAUUSD;3 362.65;3 355.64;3 402.85;2025.07.14 15:31:17;3 355.57;-0.13;-0.29;-7.08;[sl]
2025.07.11 17:54:08;Buy;0.01;XAUUSD;3 362.37;3 355.64;3 404.62;2025.07.14 15:31:17;3 355.54;-0.13;-0.29;-6.83;[sl]
2025.07.11 17:50:23;Buy;0.01;XAUUSD;3 361.34;3 359.74;3 391.81;2025.07.14 04:37:24;3 359.74;-0.13;-0.29;-1.60;[sl]
2025.07.03 01:05:00;Sell Stop;0.01;XAUUSD;3 251.03;3 277.68;3 215.50;2025.07.14 01:05:01;3 360.98;;;;cancelled
2025.06.30 02:00:00;Sell Stop;0.01;XAUUSD;3 253.40;3 288.58;3 207.39;2025.07.14 01:05:01;3 360.83;;;;cancelled
2025.07.11 18:00:00;Buy Stop;0.01;XAUUSD;3 448.40;3 425.82;3 477.93;2025.07.14 01:05:00;3 361.13;;;;cancelled
2025.07.11 02:00:00;Sell Stop;0.01;XAUUSD;3 250.18;3 272.76;3 220.65;2025.07.14 01:05:00;3 361.04;;;;cancelled
2025.06.30 02:00:00;Sell Stop;0.01;XAUUSD;3 248.63;3 272.33;3 156.18;2025.07.11 06:00:00;3 332.83;;;;cancelled
2025.07.09 01:05:02;Sell Stop;0.01;XAUUSD;3 250.30;3 274.14;3 219.12;2025.07.11 02:00:00;3 323.04;;;;cancelled
2025.07.08 01:05:00;Buy Stop;0.01;XAUUSD;3 361.23;3 337.49;3 392.28;2025.07.10 01:05:01;3 315.95;;;;cancelled
2025.06.30 01:05:01;Buy Stop;0.01;XAUUSD;3 451.85;3 425.26;3 487.30;2025.07.10 01:05:01;3 315.95;;;;cancelled
2025.07.07 06:00:00;Buy Stop;0.01;XAUUSD;3 364.61;3 340.85;3 457.27;2025.07.09 22:00:00;3 311.53;;;;cancelled
2025.07.07 01:05:01;Sell Stop;0.01;XAUUSD;3 250.33;3 274.41;3 218.84;2025.07.09 01:05:02;3 302.93;;;;cancelled
2025.07.07 01:05:01;Buy Stop;0.01;XAUUSD;3 448.11;3 424.03;3 479.60;2025.07.08 01:05:01;3 341.24;;;;cancelled
2025.07.07 01:05:00;Buy Stop;0.01;XAUUSD;3 449.18;3 416.08;3 492.47;2025.07.08 01:05:00;3 341.24;;;;cancelled
2025.07.01 14:00:00;Buy Stop;0.01;XAUUSD;3 395.42;3 371.65;3 488.12;2025.07.07 06:00:00;3 308.97;;;;cancelled
2025.06.20 01:05:01;Buy Stop;0.01;XAUUSD;3 450.17;3 426.42;3 485.79;2025.07.07 02:00:00;3 333.60;;;;cancelled
2025.07.04 01:05:06;Buy Stop;0.01;XAUUSD;3 448.05;3 423.65;3 479.95;2025.07.07 01:05:01;3 341.55;;;;cancelled
2025.06.19 01:05:01;Buy Stop;0.02;XAUUSD;3 449.69;3 435.63;3 564.51;2025.07.07 01:05:01;3 341.55;;;;cancelled
2025.06.19 01:05:01;Buy Stop;0.02;XAUUSD;3 448.93;3 430.80;3 483.38;2025.07.07 01:05:01;3 341.55;;;;cancelled
2025.07.04 02:00:00;Sell Stop;0.01;XAUUSD;3 250.36;3 274.76;3 218.46;2025.07.07 01:05:00;3 341.48;;;;cancelled
2025.06.19 01:05:00;Buy Stop;0.01;XAUUSD;3 448.66;3 410.75;3 498.23;2025.07.07 01:05:00;3 341.52;;;;cancelled
2025.07.02 02:00:00;Sell Stop;0.01;XAUUSD;3 248.03;3 272.80;3 215.64;2025.07.04 02:00:00;3 329.20;;;;cancelled
2025.06.26 01:05:00;Sell Stop;0.01;XAUUSD;3 121.32;3 144.72;3 086.22;2025.07.04 01:05:07;3 324.81;;;;cancelled
2025.06.25 20:50:57;Sell Stop;0.05;XAUUSD;3 121.43;3 127.43;3 104.43;2025.07.04 01:05:07;3 324.81;;;;cancelled
2025.07.02 01:05:01;Buy Stop;0.01;XAUUSD;3 447.98;3 423.21;3 480.37;2025.07.04 01:05:06;3 324.82;;;;cancelled
2025.06.30 01:05:01;Sell Stop;0.01;XAUUSD;3 123.83;3 150.42;3 088.38;2025.07.03 01:05:00;3 359.42;;;;cancelled
2025.06.23 01:05:00;Sell Stop;0.02;XAUUSD;3 121.82;3 139.97;3 087.33;2025.07.03 01:05:00;3 359.45;;;;cancelled
2025.07.01 13:49:11;Buy;0.01;XAUUSD;3 349.13;3 334.38;3 441.64;2025.07.02 04:24:57;3 334.38;-0.13;-0.29;-14.75;[sl]
2025.06.30 02:00:00;Sell Stop;0.01;XAUUSD;3 248.08;3 273.39;3 214.98;2025.07.02 02:00:00;3 341.81;;;;cancelled
2025.06.30 01:05:00;Buy Stop;0.01;XAUUSD;3 447.87;3 422.56;3 480.97;2025.07.02 01:05:00;3 340.07;;;;cancelled
2025.06.30 01:26:37;Sell;0.01;XAUUSD;3 253.06;3 288.25;3 207.60;2025.06.30 08:17:59;3 288.25;-0.13;;-35.19;[sl]
2025.06.24 21:00:05;Buy Stop;0.01;XAUUSD;3 395.43;3 371.82;3 487.52;2025.06.30 06:00:00;3 280.10;;;;cancelled
2025.06.30 01:28:58;Sell;0.01;XAUUSD;3 248.25;3 273.39;3 214.98;2025.06.30 04:20:21;3 273.47;-0.13;;-25.22;[sl]
2025.06.30 01:28:57;Sell;0.01;XAUUSD;3 248.51;3 272.25;3 156.37;2025.06.30 04:19:34;3 272.26;-0.13;;-23.75;[sl]
2025.06.27 06:18:49;Sell;0.01;XAUUSD;3 302.11;3 295.70;3 253.97;2025.06.30 01:26:37;3 253.62;-0.13;-0.03;48.49;[tp]
2025.06.27 07:00:03;Sell Stop;0.01;XAUUSD;3 248.12;3 273.86;3 214.46;2025.06.30 01:05:00;3 272.82;;;;cancelled
2025.06.27 01:05:00;Buy Stop;0.01;XAUUSD;3 447.79;3 422.05;3 481.45;2025.06.30 01:05:00;3 272.85;;;;cancelled
2025.06.19 02:00:00;Sell Stop;0.01;XAUUSD;3 123.82;3 150.27;3 088.55;2025.06.30 01:05:00;3 272.80;;;;cancelled
2025.06.19 01:05:01;Buy Stop;0.01;XAUUSD;3 451.86;3 425.41;3 487.13;2025.06.30 01:05:00;3 272.84;;;;cancelled
2025.06.27 06:46:15;Sell;0.01;XAUUSD;3 296.62;3 279.34;3 204.59;2025.06.27 20:48:53;3 279.38;-0.13;;17.24;[sl]
2025.06.27 06:45:35;Sell;0.02;XAUUSD;3 298.20;3 270.60;3 183.59;2025.06.27 16:48:39;3 270.81;-0.26;;54.78;[sl]
2025.06.27 06:50:10;Sell;0.01;XAUUSD;3 295.97;3 289.56;3 261.62;2025.06.27 16:15:15;3 261.43;-0.13;;34.54;[tp]
2025.06.09 01:05:01;Sell Stop;0.02;XAUUSD;3 123.50;3 137.36;3 010.31;2025.06.27 01:05:01;3 325.24;;;;cancelled
2025.06.25 01:05:00;Buy Stop;0.01;XAUUSD;3 447.53;3 420.42;3 482.98;2025.06.27 01:05:00;3 325.32;;;;cancelled
2025.06.24 19:00:00;Sell Stop;0.01;XAUUSD;3 296.32;3 323.42;3 260.88;2025.06.26 19:00:00;3 325.00;;;;cancelled
2025.06.24 16:37:21;Sell;0.01;XAUUSD;3 301.86;3 337.17;3 252.43;2025.06.26 02:11:24;3 337.17;-0.13;-0.12;-35.31;[sl]
2025.06.24 18:03:25;Sell;0.01;XAUUSD;3 301.55;3 336.86;3 253.97;2025.06.26 02:10:21;3 337.02;-0.13;-0.12;-35.47;[sl]
2025.06.24 17:00:00;Sell;0.01;XAUUSD;3 301.57;3 336.88;3 253.97;2025.06.26 02:10:21;3 337.02;-0.13;-0.12;-35.45;[sl]
2025.06.09 01:05:00;Sell Stop;0.01;XAUUSD;3 121.30;3 144.23;3 086.90;2025.06.26 01:05:00;3 334.48;;;;cancelled
2025.06.13 09:11:07;Sell Stop;0.06;XAUUSD;3 121.43;3 127.43;3 104.43;2025.06.25 20:50:52;3 327.61;;;;cancelled
2025.06.20 01:05:02;Buy Stop;0.06;XAUUSD;3 451.04;3 445.04;3 468.04;2025.06.25 20:50:48;3 327.59;;;;cancelled
2025.06.23 01:05:00;Buy Stop;0.01;XAUUSD;3 447.43;3 419.82;3 483.53;2025.06.25 01:05:00;3 322.78;;;;cancelled
2025.06.24 16:41:07;Sell;0.01;XAUUSD;3 296.28;3 323.42;3 260.27;2025.06.24 22:37:13;3 323.42;-0.13;;-27.14;[sl]
2025.06.17 22:00:02;Buy Stop;0.01;XAUUSD;3 451.56;3 427.91;3 543.79;2025.06.24 21:00:06;3 318.55;;;;cancelled
2025.06.24 16:41:07;Sell;0.01;XAUUSD;3 296.32;3 319.80;3 206.21;2025.06.24 19:55:49;3 319.86;-0.13;;-23.54;[sl]
2025.06.24 17:00:01;Sell Stop;0.01;XAUUSD;3 248.26;3 275.36;3 212.82;2025.06.24 19:00:01;3 313.32;;;;cancelled
2025.06.24 17:00:00;Sell Stop;0.01;XAUUSD;3 248.62;3 272.23;3 156.53;2025.06.24 19:00:00;3 313.31;;;;cancelled
2025.06.20 01:05:02;Sell Stop;0.01;XAUUSD;3 296.36;3 323.88;3 260.37;2025.06.23 01:05:00;3 384.34;;;;cancelled
2025.06.19 01:05:00;Buy Stop;0.01;XAUUSD;3 447.43;3 419.81;3 483.54;2025.06.23 01:05:00;3 384.15;;;;cancelled
2025.06.05 02:00:00;Sell Stop;0.02;XAUUSD;3 121.77;3 139.15;3 088.75;2025.06.23 01:05:00;3 384.19;;;;cancelled
2025.06.13 09:11:05;Buy Stop;0.06;XAUUSD;3 498.35;3 492.35;3 515.35;2025.06.20 01:05:03;3 370.33;;;;cancelled
2025.06.13 04:00:05;Buy Stop;0.01;XAUUSD;3 497.54;3 474.33;3 532.35;2025.06.20 01:05:03;3 370.28;;;;cancelled
2025.06.18 01:05:00;Sell Stop;0.01;XAUUSD;3 296.40;3 324.28;3 259.94;2025.06.20 01:05:02;3 370.16;;;;cancelled
2025.06.09 02:00:00;Sell Stop;0.01;XAUUSD;3 123.75;3 149.67;3 089.19;2025.06.19 02:00:00;3 375.27;;;;cancelled
2025.06.13 04:00:09;Buy Stop;0.01;XAUUSD;3 499.18;3 472.94;3 534.16;2025.06.19 01:05:02;3 371.47;;;;cancelled
2025.06.18 01:05:00;Buy Stop;0.01;XAUUSD;3 494.69;3 466.81;3 531.15;2025.06.19 01:05:01;3 371.47;;;;cancelled
2025.06.13 06:00:00;Buy Stop;0.01;XAUUSD;3 495.93;3 457.70;3 545.92;2025.06.19 01:05:01;3 371.47;;;;cancelled
2025.06.13 04:00:08;Buy Stop;0.02;XAUUSD;3 496.30;3 478.42;3 530.26;2025.06.19 01:05:01;3 371.47;;;;cancelled
2025.06.16 01:05:00;Sell Stop;0.01;XAUUSD;3 296.50;3 325.40;3 258.71;2025.06.18 01:05:00;3 395.49;;;;cancelled
2025.06.16 01:05:00;Buy Stop;0.01;XAUUSD;3 494.49;3 465.59;3 532.28;2025.06.18 01:05:00;3 395.57;;;;cancelled
2025.06.13 05:24:10;Buy;0.01;XAUUSD;3 434.87;3 427.55;3 484.82;2025.06.16 07:51:56;3 427.34;-0.14;-0.29;-7.53;[sl]
2025.06.13 03:02:15;Buy;0.01;XAUUSD;3 399.43;3 405.37;3 448.72;2025.06.16 01:12:52;3 448.73;-0.14;-0.29;49.30;[tp]
2025.06.13 05:00:01;Buy Stop;0.01;XAUUSD;3 494.52;3 465.77;3 532.11;2025.06.16 01:05:00;3 441.15;;;;cancelled
2025.06.12 01:05:01;Sell Stop;0.01;XAUUSD;3 296.52;3 325.58;3 258.52;2025.06.16 01:05:00;3 441.08;;;;cancelled
2025.06.13 04:47:12;Buy;0.01;XAUUSD;3 433.44;3 428.88;3 471.01;2025.06.13 17:14:01;3 428.41;-0.14;;-5.03;[sl]
2025.06.13 03:03:23;Buy;0.01;XAUUSD;3 402.43;3 420.76;3 492.04;2025.06.13 08:25:10;3 420.95;-0.14;;18.52;[sl]
2025.06.13 03:02:29;Buy;0.02;XAUUSD;3 401.04;3 429.97;3 513.68;2025.06.13 06:15:30;3 429.95;-0.27;;57.82;[sl]
2025.06.13 03:03:45;Buy;0.01;XAUUSD;3 402.72;3 423.90;3 437.27;2025.06.13 05:33:08;3 437.35;-0.14;;34.63;[tp]
2025.06.13 03:02:08;Buy;0.01;XAUUSD;3 398.10;3 402.81;3 435.92;2025.06.13 05:25:56;3 435.95;-0.14;;37.85;[tp]
2025.06.12 16:44:19;Buy;0.01;XAUUSD;3 398.00;3 402.82;3 435.92;2025.06.13 05:25:56;3 435.95;-0.14;-0.29;37.95;[tp]
2025.06.13 03:02:29;Buy;0.01;XAUUSD;3 401.01;3 405.70;3 435.61;2025.06.13 05:25:25;3 435.62;-0.14;;34.61;[tp]
2025.06.13 03:02:15;Buy;0.02;XAUUSD;3 400.11;3 400.37;3 433.39;2025.06.13 03:15:11;3 400.26;-0.27;;0.30;[sl]
2025.06.13 03:02:50;Buy;0.05;XAUUSD;3 401.86;3 404.04;3 418.81;2025.06.13 03:14:11;3 403.73;-0.68;;9.35;[sl]
2025.06.12 17:00:00;Buy Stop;0.01;XAUUSD;3 433.36;3 404.30;3 471.36;2025.06.12 21:00:00;3 382.80;;;;cancelled
2025.06.11 01:05:01;Sell Stop;0.01;XAUUSD;3 248.52;3 278.19;3 209.72;2025.06.12 01:05:01;3 357.87;;;;cancelled
2025.06.10 01:05:00;Buy Stop;0.01;XAUUSD;3 397.70;3 367.50;3 437.20;2025.06.12 01:05:01;3 357.92;;;;cancelled
2025.06.03 01:05:01;Sell Stop;0.01;XAUUSD;3 253.73;3 290.38;3 205.80;2025.06.12 01:05:01;3 357.84;;;;cancelled
2025.05.30 22:00:00;Sell Stop;0.01;XAUUSD;3 248.43;3 270.59;3 162.02;2025.06.11 02:00:00;3 324.54;;;;cancelled
2025.06.09 01:05:01;Buy Stop;0.05;XAUUSD;3 498.35;3 492.35;3 515.35;2025.06.11 01:05:02;3 322.60;;;;cancelled
2025.06.02 01:05:01;Buy Stop;0.01;XAUUSD;3 497.65;3 475.52;3 530.85;2025.06.11 01:05:02;3 322.55;;;;cancelled
2025.06.09 01:05:01;Sell Stop;0.01;XAUUSD;3 248.56;3 278.67;3 209.19;2025.06.11 01:05:01;3 322.46;;;;cancelled
2025.06.02 17:00:05;Buy Stop;0.02;XAUUSD;3 435.95;3 422.12;3 548.88;2025.06.10 01:05:02;3 324.02;;;;cancelled
2025.06.09 01:05:00;Buy Stop;0.01;XAUUSD;3 433.16;3 403.05;3 472.53;2025.06.10 01:05:01;3 324.02;;;;cancelled
2025.06.05 01:05:00;Buy Stop;0.01;XAUUSD;3 499.20;3 473.68;3 533.22;2025.06.10 01:05:01;3 324.02;;;;cancelled
2025.06.02 17:00:00;Buy Stop;0.01;XAUUSD;3 435.06;3 398.91;3 482.34;2025.06.10 01:05:01;3 324.02;;;;cancelled
2025.05.28 02:00:00;Buy Stop;0.02;XAUUSD;3 496.54;3 479.82;3 528.32;2025.06.10 01:05:01;3 324.02;;;;cancelled
2025.05.21 01:05:00;Sell Stop;0.05;XAUUSD;3 121.43;3 127.43;3 104.43;2025.06.10 01:05:01;3 324.04;;;;cancelled
2025.06.05 13:00:00;Buy Stop;0.01;XAUUSD;3 437.81;3 415.08;3 526.47;2025.06.09 10:00:00;3 324.11;;;;cancelled
2025.05.30 02:00:00;Sell Stop;0.01;XAUUSD;3 123.64;3 148.60;3 090.36;2025.06.09 02:00:00;3 314.90;;;;cancelled
2025.05.20 01:05:02;Sell Stop;0.02;XAUUSD;3 123.38;3 136.65;3 014.99;2025.06.09 01:05:01;3 318.09;;;;cancelled
2025.05.19 01:05:01;Buy Stop;0.05;XAUUSD;3 498.35;3 492.35;3 515.35;2025.06.09 01:05:01;3 318.10;;;;cancelled
2025.06.06 15:00:00;Buy Stop;0.01;XAUUSD;3 433.19;3 403.25;3 472.35;2025.06.09 01:05:00;3 317.92;;;;cancelled
2025.06.05 02:00:00;Sell Stop;0.01;XAUUSD;3 248.53;3 278.37;3 209.50;2025.06.09 01:05:00;3 317.90;;;;cancelled
2025.05.21 01:05:00;Sell Stop;0.01;XAUUSD;3 121.26;3 142.65;3 089.17;2025.06.09 01:05:00;3 317.88;;;;cancelled
2025.06.04 15:00:00;Buy Stop;0.01;XAUUSD;3 433.22;3 403.44;3 472.16;2025.06.06 15:00:00;3 358.51;;;;cancelled
2025.06.05 12:58:20;Buy;0.01;XAUUSD;3 390.94;3 381.07;3 479.45;2025.06.05 15:49:23;3 380.46;-0.14;;-10.48;[sl]
2025.06.03 01:05:01;Sell Stop;0.01;XAUUSD;3 248.51;3 278.15;3 209.75;2025.06.05 02:00:00;3 373.59;;;;cancelled
2025.05.20 01:05:02;Sell Stop;0.02;XAUUSD;3 121.70;3 137.85;3 091.02;2025.06.05 02:00:00;3 373.61;;;;cancelled
2025.05.26 01:05:00;Buy Stop;0.01;XAUUSD;3 499.24;3 474.83;3 531.79;2025.06.05 01:05:00;3 374.58;;;;cancelled
2025.06.02 17:00:00;Buy Stop;0.01;XAUUSD;3 437.84;3 415.55;3 524.77;2025.06.04 22:00:02;3 376.23;;;;cancelled
2025.06.02 15:00:00;Buy Stop;0.01;XAUUSD;3 433.36;3 404.30;3 471.37;2025.06.04 15:00:00;3 346.71;;;;cancelled
2025.06.02 14:39:28;Buy;0.01;XAUUSD;3 360.18;3 364.79;3 398.33;2025.06.03 04:18:11;3 364.58;-0.13;-0.29;4.40;[sl]
2025.06.02 16:40:20;Buy;0.01;XAUUSD;3 362.08;3 367.90;3 409.30;2025.06.03 04:14:49;3 367.67;-0.13;-0.29;5.59;[sl]
2025.06.02 15:23:37;Buy;0.01;XAUUSD;3 362.14;3 367.90;3 408.35;2025.06.03 04:14:49;3 367.67;-0.13;-0.29;5.53;[sl]
2025.06.02 16:42:43;Buy;0.01;XAUUSD;3 364.85;3 368.66;3 449.56;2025.06.03 04:14:15;3 368.57;-0.13;-0.29;3.72;[sl]
2025.06.02 16:41:36;Buy;0.02;XAUUSD;3 362.90;3 378.15;3 475.84;2025.06.03 03:18:04;3 378.02;-0.27;-0.58;30.24;[sl]
2025.06.02 15:25:00;Buy;0.02;XAUUSD;3 363.01;3 378.15;3 474.16;2025.06.03 03:18:04;3 378.02;-0.27;-0.58;30.02;[sl]
2025.06.02 01:05:03;Sell Stop;0.01;XAUUSD;3 123.64;3 152.70;3 085.63;2025.06.03 01:05:01;3 384.66;;;;cancelled
2025.05.20 01:05:01;Sell Stop;0.01;XAUUSD;3 128.30;3 162.22;3 083.95;2025.06.03 01:05:01;3 384.66;;;;cancelled
2025.05.30 02:00:00;Sell Stop;0.01;XAUUSD;3 123.62;3 152.50;3 085.85;2025.06.02 01:05:02;3 304.03;;;;cancelled
2025.05.30 02:00:00;Buy Stop;0.01;XAUUSD;3 360.36;3 331.48;3 398.13;2025.06.02 01:05:02;3 304.22;;;;cancelled
2025.05.15 01:05:02;Buy Stop;0.01;XAUUSD;3 497.84;3 477.46;3 528.41;2025.06.02 01:05:01;3 303.38;;;;cancelled
2025.05.29 01:05:06;Sell Stop;0.01;XAUUSD;3 123.58;3 145.54;3 037.95;2025.05.30 22:00:06;3 293.64;;;;cancelled
2025.05.28 01:05:02;Sell Stop;0.01;XAUUSD;3 123.57;3 152.00;3 086.39;2025.05.30 02:00:00;3 314.47;;;;cancelled
2025.05.28 01:05:02;Buy Stop;0.01;XAUUSD;3 360.44;3 332.01;3 397.62;2025.05.30 02:00:00;3 314.57;;;;cancelled
2025.05.20 01:05:02;Sell Stop;0.01;XAUUSD;3 123.49;3 147.16;3 091.93;2025.05.30 02:00:00;3 314.50;;;;cancelled
2025.05.28 23:51:25;Sell;0.01;XAUUSD;3 281.29;3 269.57;3 197.66;2025.05.29 05:44:38;3 269.61;-0.13;-0.09;11.68;[sl]
2025.05.12 01:06:18;Buy Stop;0.02;XAUUSD;3 496.88;3 481.80;3 525.52;2025.05.28 02:00:00;3 303.27;;;;cancelled
2025.05.12 01:06:18;Buy Stop;0.02;XAUUSD;3 436.21;3 423.56;3 539.48;2025.05.28 01:05:03;3 304.30;;;;cancelled
2025.05.12 01:06:16;Buy Stop;0.01;XAUUSD;3 435.53;3 403.74;3 477.10;2025.05.28 01:05:03;3 304.30;;;;cancelled
2025.05.26 01:05:00;Sell Stop;0.01;XAUUSD;3 123.54;3 151.65;3 086.78;2025.05.28 01:05:02;3 304.25;;;;cancelled
2025.05.26 01:05:00;Buy Stop;0.01;XAUUSD;3 433.54;3 405.43;3 470.30;2025.05.28 01:05:02;3 304.31;;;;cancelled
2025.05.20 17:00:00;Buy Stop;0.01;XAUUSD;3 437.90;3 416.80;3 520.18;2025.05.27 14:00:00;3 293.78;;;;cancelled
2025.05.19 06:00:00;Sell Stop;0.01;XAUUSD;3 123.46;3 144.46;3 041.55;2025.05.26 14:00:00;3 331.60;;;;cancelled
2025.05.23 01:05:01;Buy Stop;0.01;XAUUSD;3 433.61;3 405.82;3 469.95;2025.05.26 01:05:00;3 351.73;;;;cancelled
2025.05.22 02:00:00;Sell Stop;0.01;XAUUSD;3 123.47;3 150.89;3 087.62;2025.05.26 01:05:00;3 351.84;;;;cancelled
2025.05.15 02:00:00;Buy Stop;0.01;XAUUSD;3 499.29;3 476.42;3 529.78;2025.05.26 01:05:00;3 352.07;;;;cancelled
2025.05.21 01:05:00;Buy Stop;0.01;XAUUSD;3 433.70;3 406.39;3 469.42;2025.05.23 01:05:01;3 297.67;;;;cancelled
2025.05.20 01:05:01;Sell Stop;0.01;XAUUSD;3 123.43;3 150.47;3 088.08;2025.05.22 02:00:00;3 317.99;;;;cancelled
2025.05.21 20:40:06;Buy;0.10;.US500Cash;5 890.6;5 830.2;6 090.2;2025.05.21 22:23:24;5 842.0;-0.01;;-4.86;
2025.05.21 20:40:04;Buy;0.10;.US500Cash;5 890.7;5 830.1;6 090.1;2025.05.21 22:23:23;5 842.3;-0.01;;-4.84;
2025.05.21 20:40:03;Buy;0.10;.US500Cash;5 890.8;5 830.2;6 090.2;2025.05.21 22:23:22;5 841.9;-0.01;;-4.89;
2025.05.21 20:40:09;Buy;0.10;.US500Cash;5 890.8;5 830.7;6 090.7;2025.05.21 22:23:21;5 841.9;-0.01;;-4.89;
2025.05.21 20:40:01;Buy;0.10;.US500Cash;5 891.7;5 832.1;6 092.1;2025.05.21 22:23:18;5 840.6;-0.01;;-5.11;
2025.05.21 20:40:02;Buy;0.10;.US500Cash;5 889.8;5 890.0;6 089.9;2025.05.21 20:40:04;5 889.3;-0.01;;-0.05;[sl]
2025.05.21 17:34:07;Sell;0.10;.US500Cash;5 906.4;5 903.7;5 706.1;2025.05.21 17:48:32;5 903.7;-0.01;;0.27;[sl]
2025.05.21 17:34:12;Sell;0.10;.US500Cash;5 906.0;5 905.8;5 705.9;2025.05.21 17:47:57;5 905.9;-0.01;;0.01;[sl]
2025.05.21 17:34:10;Sell;0.10;.US500Cash;5 906.0;5 905.8;5 705.7;2025.05.21 17:47:57;5 905.9;-0.01;;0.01;[sl]
2025.05.21 17:34:09;Sell;0.10;.US500Cash;5 906.2;5 906.0;5 706.1;2025.05.21 17:47:57;5 905.7;-0.01;;0.05;[sl]
2025.05.21 17:34:06;Sell;0.10;.US500Cash;5 906.0;5 905.8;5 705.9;2025.05.21 17:47:57;5 905.9;-0.01;;0.01;[sl]
2025.05.21 17:33:04;Sell;0.10;.US500Cash;5 908.6;5 906.8;5 708.9;2025.05.21 17:34:06;5 906.4;-0.01;;0.22;[sl]
2025.05.21 17:33:02;Sell;0.10;.US500Cash;5 908.1;5 906.7;5 707.7;2025.05.21 17:34:06;5 906.8;-0.01;;0.13;[sl]
2025.05.21 17:33:01;Sell;0.10;.US500Cash;5 908.0;5 906.7;5 708.0;2025.05.21 17:34:06;5 906.3;-0.01;;0.17;[sl]
2025.05.21 17:32:54;Sell;0.10;.US500Cash;5 908.2;5 906.6;5 708.2;2025.05.21 17:34:06;5 906.6;-0.01;;0.16;[sl]
2025.05.21 17:32:52;Sell;0.10;.US500Cash;5 907.9;5 906.7;5 707.6;2025.05.21 17:34:06;5 906.8;-0.01;;0.11;[sl]
2025.05.21 17:30:03;Sell;0.10;.US500Cash;5 910.2;5 908.5;5 709.9;2025.05.21 17:32:54;5 908.6;-0.01;;0.16;[sl]
2025.05.21 17:30:05;Sell;0.10;.US500Cash;5 910.0;5 908.5;5 710.1;2025.05.21 17:32:53;5 908.6;-0.01;;0.14;[sl]
2025.05.21 17:30:02;Sell;0.10;.US500Cash;5 909.8;5 908.4;5 709.6;2025.05.21 17:32:53;5 908.7;-0.01;;0.11;[sl]
2025.05.21 17:30:06;Sell;0.10;.US500Cash;5 910.2;5 908.3;5 709.6;2025.05.21 17:32:52;5 908.1;-0.01;;0.21;[sl]
2025.05.21 17:30:02;Sell;0.10;.US500Cash;5 909.9;5 908.3;5 709.7;2025.05.21 17:32:52;5 908.1;-0.01;;0.18;[sl]
2025.05.21 15:07:39;Sell;0.10;.US500Cash;5 906.6;5 906.4;5 706.6;2025.05.21 15:10:22;5 906.3;-0.01;;0.03;[sl]
2025.05.21 15:07:23;Sell;0.10;.US500Cash;5 906.4;5 906.2;5 706.3;2025.05.21 15:10:06;5 906.3;-0.01;;0.01;[sl]
2025.05.21 15:07:12;Sell;0.10;.US500Cash;5 906.4;5 906.2;5 705.9;2025.05.21 15:10:06;5 906.3;-0.01;;0.01;[sl]
2025.05.21 15:08:56;Sell;0.10;.US500Cash;5 906.1;5 905.9;5 706.1;2025.05.21 15:10:04;5 906.1;-0.01;;0.00;[sl]
2025.05.21 15:07:17;Sell;0.10;.US500Cash;5 906.2;5 906.0;5 706.3;2025.05.21 15:10:04;5 906.1;-0.01;;0.01;[sl]
2025.05.21 15:07:30;Sell;0.10;.US500Cash;5 906.8;5 906.6;5 706.8;2025.05.21 15:08:47;5 906.6;-0.01;;0.02;[sl]
2025.05.21 15:05:34;Sell;0.10;.US500Cash;5 908.4;5 906.6;5 708.3;2025.05.21 15:07:12;5 906.3;-0.01;;0.21;[sl]
2025.05.21 15:05:33;Sell;0.10;.US500Cash;5 908.4;5 906.6;5 708.3;2025.05.21 15:07:12;5 906.3;-0.01;;0.21;[sl]
2025.05.21 15:05:30;Sell;0.10;.US500Cash;5 908.4;5 906.6;5 708.3;2025.05.21 15:07:12;5 906.3;-0.01;;0.21;[sl]
2025.05.21 15:05:06;Sell;0.10;.US500Cash;5 908.7;5 906.4;5 708.8;2025.05.21 15:07:12;5 906.3;-0.01;;0.24;[sl]
2025.05.21 15:05:16;Sell;0.10;.US500Cash;5 908.5;5 906.3;5 708.6;2025.05.21 15:07:11;5 906.3;-0.01;;0.22;[sl]
2025.05.21 04:48:49;Buy;0.10;.US500Cash;5 934.6;5 874.6;6 134.6;2025.05.21 15:05:02;5 908.6;-0.01;;-2.60;
2025.05.21 04:47:41;Buy;0.10;.US500Cash;5 935.6;5 875.5;6 135.5;2025.05.21 15:05:02;5 908.6;-0.01;;-2.70;
2025.05.21 04:47:00;Buy;0.10;.US500Cash;5 935.1;5 875.1;6 135.1;2025.05.21 15:05:02;5 908.9;-0.01;;-2.62;
2025.05.21 06:11:15;Buy;0.10;.US500Cash;5 931.1;5 871.1;6 131.1;2025.05.21 15:05:01;5 908.6;-0.01;;-2.25;
2025.05.21 04:50:05;Buy;0.10;.US500Cash;5 935.6;5 875.4;6 135.4;2025.05.21 15:05:01;5 908.6;-0.01;;-2.70;
2025.05.19 01:05:00;Buy Stop;0.01;XAUUSD;3 433.77;3 406.85;3 468.98;2025.05.21 01:05:00;3 292.50;;;;cancelled
2025.05.12 01:06:17;Sell Stop;0.01;XAUUSD;2 582.81;2 602.35;2 553.50;2025.05.21 01:05:00;3 292.51;;;;cancelled
2025.05.01 02:00:00;Sell Stop;0.04;XAUUSD;2 956.86;2 962.86;2 939.86;2025.05.21 01:05:00;3 292.51;;;;cancelled
2025.05.20 22:24:27;Buy;0.10;.US500Cash;5 929.2;5 931.0;6 129.2;2025.05.20 22:27:10;5 931.2;-0.01;;0.20;[sl]
2025.05.20 22:20:47;Buy;0.10;.US500Cash;5 929.4;5 931.2;6 129.7;2025.05.20 22:27:06;5 931.2;-0.01;;0.18;[sl]
2025.05.20 22:21:12;Buy;0.10;.US500Cash;5 928.9;5 929.9;6 129.0;2025.05.20 22:26:11;5 930.7;-0.01;;0.18;[sl]
2025.05.20 22:21:10;Buy;0.10;.US500Cash;5 928.8;5 929.9;6 128.6;2025.05.20 22:26:11;5 930.7;-0.01;;0.19;[sl]
2025.05.20 22:20:57;Buy;0.10;.US500Cash;5 929.6;5 929.8;6 129.6;2025.05.20 22:26:11;5 930.7;-0.01;;0.11;[sl]
2025.05.20 22:21:09;Buy;0.10;.US500Cash;5 928.6;5 928.8;6 128.5;2025.05.20 22:24:18;5 928.8;-0.01;;0.02;[sl]
2025.05.20 22:20:06;Buy;0.10;.US500Cash;5 928.2;5 928.4;6 127.9;2025.05.20 22:20:49;5 928.3;-0.01;;0.01;[sl]
2025.05.20 22:20:14;Buy;0.10;.US500Cash;5 928.4;5 928.6;6 128.4;2025.05.20 22:20:42;5 929.2;-0.01;;0.08;[sl]
2025.05.20 22:20:03;Buy;0.10;.US500Cash;5 927.7;5 928.8;6 128.0;2025.05.20 22:20:42;5 929.2;-0.01;;0.15;[sl]
2025.05.20 22:19:10;Buy;0.10;.US500Cash;5 927.7;5 928.8;6 127.8;2025.05.20 22:20:42;5 929.2;-0.01;;0.15;[sl]
2025.05.20 22:19:07;Buy;0.10;.US500Cash;5 927.8;5 928.8;6 127.8;2025.05.20 22:20:42;5 929.2;-0.01;;0.14;[sl]
2025.05.20 22:15:08;Buy;0.10;.US500Cash;5 925.2;5 927.4;6 125.0;2025.05.20 22:19:59;5 927.2;-0.01;;0.20;[sl]
2025.05.20 22:15:01;Buy;0.10;.US500Cash;5 925.2;5 927.4;6 125.4;2025.05.20 22:19:58;5 927.2;-0.01;;0.20;[sl]
2025.05.20 22:19:17;Buy;0.10;.US500Cash;5 927.3;5 927.5;6 127.5;2025.05.20 22:19:56;5 927.5;-0.01;;0.02;[sl]
2025.05.20 22:18:38;Buy;0.10;.US500Cash;5 924.6;5 925.8;6 124.7;2025.05.20 22:19:02;5 926.9;-0.01;;0.23;[sl]
2025.05.20 22:15:19;Buy;0.10;.US500Cash;5 924.2;5 925.8;6 124.2;2025.05.20 22:19:02;5 926.9;-0.01;;0.27;[sl]
2025.05.20 22:15:17;Buy;0.10;.US500Cash;5 924.4;5 925.8;6 124.0;2025.05.20 22:19:02;5 926.9;-0.01;;0.25;[sl]
2025.05.20 22:15:24;Buy;0.10;.US500Cash;5 923.8;5 924.0;6 123.7;2025.05.20 22:18:36;5 923.9;-0.01;;0.01;[sl]
2025.05.20 17:22:36;Buy;0.10;.US500Cash;5 948.0;5 949.9;6 147.8;2025.05.20 17:39:29;5 950.0;-0.01;;0.20;[sl]
2025.05.20 17:21:46;Buy;0.10;.US500Cash;5 947.8;5 949.9;6 147.9;2025.05.20 17:39:29;5 950.0;-0.01;;0.22;[sl]
2025.05.20 17:21:44;Buy;0.10;.US500Cash;5 947.4;5 949.9;6 147.2;2025.05.20 17:39:29;5 950.0;-0.01;;0.26;[sl]
2025.05.20 17:23:08;Buy;0.10;.US500Cash;5 946.1;5 947.3;6 145.8;2025.05.20 17:38:41;5 947.2;-0.01;;0.11;[sl]
2025.05.20 17:22:59;Buy;0.10;.US500Cash;5 947.3;5 947.5;6 147.3;2025.05.20 17:38:41;5 947.2;-0.01;;-0.01;[sl]
2025.05.20 17:22:18;Buy;0.10;.US500Cash;5 947.0;5 947.2;6 146.9;2025.05.20 17:22:40;5 947.4;-0.01;;0.04;[sl]
2025.05.20 17:22:11;Buy;0.10;.US500Cash;5 946.9;5 947.1;6 146.8;2025.05.20 17:22:40;5 947.4;-0.01;;0.05;[sl]
2025.05.20 17:22:06;Buy;0.10;.US500Cash;5 946.3;5 946.5;6 146.3;2025.05.20 17:22:31;5 947.5;-0.01;;0.12;[sl]
2025.05.20 16:55:15;Buy;0.10;.US500Cash;5 946.7;5 946.9;6 146.5;2025.05.20 17:21:38;5 947.3;-0.01;;0.06;[sl]
2025.05.20 16:55:12;Buy;0.10;.US500Cash;5 946.5;5 946.7;6 146.5;2025.05.20 17:21:38;5 947.3;-0.01;;0.08;[sl]
2025.05.20 16:55:13;Buy;0.10;.US500Cash;5 946.8;5 947.0;6 146.6;2025.05.20 17:21:30;5 947.0;-0.01;;0.02;[sl]
2025.05.20 16:55:11;Buy;0.10;.US500Cash;5 946.2;5 947.2;6 146.4;2025.05.20 17:21:30;5 947.2;-0.01;;0.10;[sl]
2025.05.20 16:55:05;Buy;0.10;.US500Cash;5 946.0;5 947.2;6 145.9;2025.05.20 17:21:30;5 947.2;-0.01;;0.12;[sl]
2025.05.20 16:57:41;Buy;0.01;XAUUSD;3 253.17;3 261.66;3 333.03;2025.05.20 17:00:42;3 261.43;-0.13;;8.26;[sl]
2025.05.20 07:22:06;Buy;0.10;.US500Cash;5 950.0;5 951.5;6 149.8;2025.05.20 07:56:39;5 950.5;-0.01;;0.05;[sl]
2025.05.20 07:24:55;Buy;0.10;.US500Cash;5 949.5;5 949.7;6 149.5;2025.05.20 07:32:20;5 949.4;-0.01;;-0.01;[sl]
2025.05.20 07:24:01;Buy;0.10;.US500Cash;5 949.5;5 949.7;6 149.5;2025.05.20 07:32:20;5 949.4;-0.01;;-0.01;[sl]
2025.05.20 07:22:59;Buy;0.10;.US500Cash;5 949.5;5 949.7;6 149.5;2025.05.20 07:32:20;5 949.4;-0.01;;-0.01;[sl]
2025.05.20 07:20:26;Buy;0.10;.US500Cash;5 949.7;5 949.9;6 149.5;2025.05.20 07:32:16;5 950.0;-0.01;;0.03;[sl]
2025.05.20 04:55:42;Buy;0.10;.US500Cash;5 954.7;5 954.9;6 154.7;2025.05.20 05:12:09;5 955.1;-0.01;;0.04;[sl]
2025.05.20 04:55:15;Buy;0.10;.US500Cash;5 955.1;5 955.3;6 155.1;2025.05.20 05:12:03;5 955.1;-0.01;;0.00;[sl]
2025.05.20 04:56:33;Buy;0.10;.US500Cash;5 954.3;5 955.4;6 154.4;2025.05.20 05:12:01;5 955.6;-0.01;;0.13;[sl]
2025.05.20 04:56:24;Buy;0.10;.US500Cash;5 954.3;5 955.4;6 154.4;2025.05.20 05:12:01;5 955.6;-0.01;;0.13;[sl]
2025.05.20 04:55:13;Buy;0.10;.US500Cash;5 955.3;5 955.5;6 155.2;2025.05.20 05:12:01;5 955.6;-0.01;;0.03;[sl]
2025.05.19 17:51:44;Sell;0.10;.US500Cash;5 934.1;5 994.7;5 734.7;2025.05.20 04:55:00;5 955.5;-0.01;-0.03;-2.14;
2025.05.19 17:50:39;Sell;0.10;.US500Cash;5 933.0;5 992.7;5 732.7;2025.05.20 04:55:00;5 955.1;-0.01;-0.03;-2.21;
2025.05.19 01:05:01;Sell Stop;0.01;XAUUSD;2 958.85;2 985.77;2 923.64;2025.05.20 01:05:02;3 228.13;;;;cancelled
2025.05.14 16:00:00;Sell Stop;0.01;XAUUSD;2 963.38;2 995.76;2 921.04;2025.05.20 01:05:02;3 228.13;;;;cancelled
2025.05.14 02:00:00;Sell Stop;0.02;XAUUSD;2 957.08;2 972.40;2 927.97;2025.05.20 01:05:02;3 228.13;;;;cancelled
2025.05.12 01:06:18;Sell Stop;0.01;XAUUSD;2 835.14;2 857.20;2 805.73;2025.05.20 01:05:02;3 228.13;;;;cancelled
2025.05.08 22:00:01;Buy Stop;0.01;XAUUSD;3 437.99;3 418.88;3 512.51;2025.05.19 22:00:00;3 233.60;;;;cancelled
2025.05.19 16:15:23;Sell;0.01;.US500Cash;5 889.4;5 949.4;5 689.4;2025.05.19 18:40:18;5 949.7;;;-0.60;[sl]
2025.05.19 16:15:18;Sell;0.01;.US500Cash;5 888.9;5 948.9;5 688.9;2025.05.19 18:40:17;5 948.9;;;-0.60;[sl]
2025.05.19 16:15:20;Sell;0.01;.US500Cash;5 888.2;5 947.9;5 687.9;2025.05.19 18:40:06;5 948.6;;;-0.60;[sl]
2025.05.19 16:15:16;Sell;0.01;.US500Cash;5 888.4;5 948.4;5 688.4;2025.05.19 18:40:06;5 948.6;;;-0.60;[sl]
2025.05.19 16:15:15;Sell;0.01;.US500Cash;5 888.7;5 948.6;5 688.6;2025.05.19 18:40:06;5 948.6;;;-0.60;[sl]
2025.05.19 17:51:43;Sell;0.10;.US500Cash;5 935.0;5 934.8;5 735.5;2025.05.19 18:00:00;5 935.0;-0.01;;0.00;[sl]
2025.05.19 17:51:53;Sell;0.10;.US500Cash;5 935.4;5 935.2;5 735.5;2025.05.19 17:57:21;5 935.2;-0.01;;0.02;[sl]
2025.05.19 17:51:56;Sell;0.10;.US500Cash;5 935.5;5 935.3;5 735.3;2025.05.19 17:55:24;5 935.1;-0.01;;0.04;[sl]
2025.05.19 17:51:41;Sell;0.10;.US500Cash;5 935.6;5 935.4;5 735.3;2025.05.19 17:51:50;5 935.1;-0.01;;0.05;[sl]
2025.05.19 17:51:19;Sell;0.10;.US500Cash;5 938.2;5 935.3;5 738.0;2025.05.19 17:51:50;5 935.1;-0.01;;0.31;[sl]
2025.05.19 16:15:07;Sell;0.01;.US500Cash;5 889.9;5 889.9;5 690.1;2025.05.19 16:15:22;5 889.9;;;0.00;[sl]
2025.05.19 16:15:09;Sell;0.01;.US500Cash;5 889.6;5 889.6;5 689.6;2025.05.19 16:15:18;5 888.9;;;0.01;[sl]
2025.05.19 14:35:47;Sell;0.10;.US500Cash;5 890.7;5 889.4;5 690.8;2025.05.19 16:15:18;5 889.6;-0.01;;0.11;[sl]
2025.05.19 16:15:08;Sell;0.01;.US500Cash;5 890.2;5 890.2;5 689.9;2025.05.19 16:15:14;5 890.4;;;0.00;[sl]
2025.05.19 16:15:04;Sell;0.01;.US500Cash;5 890.2;5 890.2;5 690.4;2025.05.19 16:15:14;5 890.4;;;0.00;[sl]
2025.05.19 16:15:03;Sell;0.01;.US500Cash;5 890.9;5 889.8;5 690.9;2025.05.19 16:15:14;5 890.4;;;0.01;[sl]
2025.05.19 14:36:08;Sell;0.10;.US500Cash;5 891.0;5 889.8;5 691.4;2025.05.19 16:15:14;5 890.4;-0.01;;0.06;[sl]
2025.05.19 14:39:32;Sell;0.10;.US500Cash;5 890.5;5 890.3;5 690.4;2025.05.19 16:15:11;5 889.1;-0.01;;0.14;[sl]
2025.05.19 09:13:44;Buy;0.01;.US500Cash;5 906.8;5 846.6;6 106.6;2025.05.19 16:15:02;5 891.2;;;-0.16;
2025.05.19 16:05:10;Sell;0.10;.US500Cash;5 899.0;5 894.3;5 699.0;2025.05.19 16:13:27;5 894.1;-0.01;;0.49;[sl]
2025.05.19 16:08:02;Sell;0.10;.US500Cash;5 898.6;5 894.2;5 698.6;2025.05.19 16:13:26;5 893.8;-0.01;;0.48;[sl]
2025.05.19 16:05:02;Sell;0.10;.US500Cash;5 899.3;5 899.1;5 699.0;2025.05.19 16:07:54;5 899.2;-0.01;;0.01;[sl]
2025.05.19 14:35:36;Sell;0.10;.US500Cash;5 891.7;5 891.5;5 691.9;2025.05.19 14:40:58;5 891.5;-0.01;;0.02;[sl]
2025.05.19 14:35:12;Sell;0.10;.US500Cash;5 891.6;5 891.4;5 691.6;2025.05.19 14:40:58;5 891.5;-0.01;;0.01;[sl]
2025.05.19 14:35:26;Sell;0.10;.US500Cash;5 892.2;5 891.1;5 692.1;2025.05.19 14:39:25;5 891.1;-0.01;;0.11;[sl]
2025.05.19 10:31:32;Buy;0.10;.US500Cash;5 896.4;5 836.3;6 096.3;2025.05.19 14:35:02;5 891.4;-0.01;;-0.50;
2025.05.19 10:31:30;Buy;0.10;.US500Cash;5 896.2;5 836.1;6 096.1;2025.05.19 14:35:02;5 891.4;-0.01;;-0.48;
2025.05.19 10:31:14;Buy;0.10;.US500Cash;5 896.1;5 836.1;6 096.1;2025.05.19 14:35:02;5 891.4;-0.01;;-0.47;
2025.05.19 10:31:52;Buy;0.10;.US500Cash;5 896.1;5 836.1;6 096.1;2025.05.19 14:35:01;5 891.4;-0.01;;-0.47;
2025.05.19 10:30:42;Buy;0.10;.US500Cash;5 896.0;5 897.0;6 096.1;2025.05.19 14:08:20;5 897.0;-0.01;;0.10;[sl]
2025.05.19 10:25:38;Buy;0.10;.US500Cash;5 894.2;5 895.3;6 094.0;2025.05.19 10:31:06;5 895.5;-0.01;;0.13;[sl]
2025.05.19 10:25:35;Buy;0.10;.US500Cash;5 894.1;5 895.3;6 094.1;2025.05.19 10:31:06;5 895.5;-0.01;;0.14;[sl]
2025.05.19 10:25:30;Buy;0.10;.US500Cash;5 894.3;5 895.3;6 094.4;2025.05.19 10:31:06;5 895.5;-0.01;;0.12;[sl]
2025.05.19 10:25:21;Buy;0.10;.US500Cash;5 894.3;5 895.3;6 094.3;2025.05.19 10:31:06;5 895.5;-0.01;;0.12;[sl]
2025.05.19 10:25:43;Buy;0.10;.US500Cash;5 894.0;5 895.5;6 094.0;2025.05.19 10:30:40;5 895.5;-0.01;;0.15;[sl]
2025.05.19 09:20:24;Sell;0.10;.US500Cash;5 902.8;5 900.5;5 702.6;2025.05.19 09:27:53;5 900.5;-0.01;;0.23;[sl]
2025.05.19 09:20:17;Sell;0.10;.US500Cash;5 903.0;5 900.5;5 702.9;2025.05.19 09:27:53;5 900.5;-0.01;;0.25;[sl]
2025.05.19 09:21:11;Sell;0.10;.US500Cash;5 903.2;5 902.2;5 703.2;2025.05.19 09:26:18;5 902.2;-0.01;;0.10;[sl]
2025.05.19 09:20:14;Sell;0.10;.US500Cash;5 903.4;5 902.0;5 703.4;2025.05.19 09:26:18;5 902.2;-0.01;;0.12;[sl]
2025.05.19 09:20:05;Sell;0.10;.US500Cash;5 903.5;5 902.0;5 703.5;2025.05.19 09:26:18;5 902.2;-0.01;;0.13;[sl]
2025.05.19 09:13:28;Buy;0.01;.US500Cash;5 905.9;5 905.9;6 106.1;2025.05.19 09:15:11;5 906.0;;;0.00;[sl]
2025.05.19 09:13:38;Buy;0.01;.US500Cash;5 906.1;5 906.1;6 106.1;2025.05.19 09:15:03;5 906.2;;;0.00;[sl]
2025.05.19 09:13:42;Buy;0.01;.US500Cash;5 906.2;5 906.2;6 106.3;2025.05.19 09:15:02;5 906.3;;;0.00;[sl]
2025.05.19 09:11:14;Buy;0.01;.US500Cash;5 904.8;5 906.5;6 105.0;2025.05.19 09:15:00;5 906.4;;;0.02;[sl]
2025.05.19 09:11:25;Buy;0.01;.US500Cash;5 905.3;5 905.3;6 105.3;2025.05.19 09:13:25;5 905.0;;;0.00;[sl]
2025.05.19 09:11:19;Buy;0.01;.US500Cash;5 905.2;5 905.2;6 105.1;2025.05.19 09:13:25;5 905.0;;;0.00;[sl]
2025.05.19 09:07:31;Buy;0.01;.US500Cash;5 905.2;5 905.2;6 105.3;2025.05.19 09:13:25;5 905.0;;;0.00;[sl]
2025.05.19 09:07:31;Buy;0.01;.US500Cash;5 905.2;5 905.2;6 105.1;2025.05.19 09:13:25;5 905.0;;;0.00;[sl]
2025.05.19 09:07:26;Buy;0.01;.US500Cash;5 904.5;5 904.5;6 104.6;2025.05.19 09:11:10;5 904.4;;;0.00;[sl]
2025.05.19 09:05:52;Buy;0.01;.US500Cash;5 904.6;5 904.6;6 104.6;2025.05.19 09:11:10;5 904.4;;;0.00;[sl]
2025.05.19 09:07:30;Buy;0.01;.US500Cash;5 904.9;5 904.9;6 104.9;2025.05.19 09:11:06;5 904.8;;;0.00;[sl]
2025.05.19 09:05:41;Buy;0.01;.US500Cash;5 904.3;5 904.3;6 104.3;2025.05.19 09:07:23;5 904.3;;;0.00;[sl]
2025.05.19 09:05:37;Buy;0.01;.US500Cash;5 904.3;5 904.3;6 104.1;2025.05.19 09:07:23;5 904.3;;;0.00;[sl]
2025.05.19 09:05:26;Buy;0.01;.US500Cash;5 904.2;5 904.2;6 104.3;2025.05.19 09:07:23;5 904.0;;;0.00;[sl]
2025.05.19 09:05:25;Buy;0.01;.US500Cash;5 904.1;5 904.1;6 104.3;2025.05.19 09:07:23;5 904.0;;;0.00;[sl]
2025.05.19 09:02:47;Buy;0.01;.US500Cash;5 901.5;5 903.9;6 101.8;2025.05.19 09:05:24;5 903.7;;;0.02;[sl]
2025.05.19 09:02:46;Buy;0.01;.US500Cash;5 901.7;5 903.9;6 101.8;2025.05.19 09:05:24;5 903.7;;;0.02;[sl]
2025.05.19 09:02:38;Buy;0.01;.US500Cash;5 902.2;5 903.9;6 102.3;2025.05.19 09:05:24;5 903.7;;;0.02;[sl]
2025.05.19 09:02:36;Buy;0.01;.US500Cash;5 902.2;5 903.9;6 102.0;2025.05.19 09:05:24;5 903.7;;;0.02;[sl]
2025.05.19 09:02:28;Buy;0.01;.US500Cash;5 902.7;5 903.9;6 102.5;2025.05.19 09:05:24;5 903.8;;;0.01;[sl]
2025.05.19 09:00:06;Buy;0.01;.US500Cash;5 901.5;5 901.5;6 102.0;2025.05.19 09:02:33;5 901.4;;;0.00;[sl]
2025.05.19 09:00:04;Buy;0.01;.US500Cash;5 901.7;5 901.7;6 102.0;2025.05.19 09:02:33;5 901.4;;;0.00;[sl]
2025.05.19 09:00:02;Buy;0.01;.US500Cash;5 901.5;5 901.5;6 101.8;2025.05.19 09:02:33;5 901.4;;;0.00;[sl]
2025.05.19 09:00:01;Buy;0.01;.US500Cash;5 901.5;5 901.5;6 101.8;2025.05.19 09:02:33;5 901.4;;;0.00;[sl]
2025.05.19 09:00:03;Buy;0.01;.US500Cash;5 901.8;5 901.8;6 101.8;2025.05.19 09:02:25;5 901.8;;;0.00;[sl]
2025.05.16 22:45:55;Sell;0.01;.US500Cash;5 946.4;5 926.4;5 746.4;2025.05.19 03:00:04;5 925.6;;-0.01;0.21;[sl]
2025.05.16 22:47:11;Sell;0.01;.US500Cash;5 949.8;5 926.4;5 749.8;2025.05.19 03:00:03;5 925.2;;-0.01;0.25;[sl]
2025.05.16 22:47:01;Sell;0.01;.US500Cash;5 948.4;5 926.4;5 748.4;2025.05.19 03:00:03;5 925.4;;-0.01;0.23;[sl]
2025.05.16 22:45:54;Sell;0.01;.US500Cash;5 946.7;5 926.4;5 747.0;2025.05.19 03:00:03;5 925.2;;-0.01;0.22;[sl]
2025.05.16 22:45:20;Sell;0.01;.US500Cash;5 946.9;5 926.4;5 746.8;2025.05.19 03:00:03;5 925.4;;-0.01;0.22;[sl]
2025.04.28 01:05:02;Buy Stop;0.04;XAUUSD;3 498.35;3 492.35;3 515.35;2025.05.19 01:05:01;3 216.38;;;;cancelled
2025.05.16 16:00:00;Sell Stop;0.01;XAUUSD;2 958.81;2 985.29;2 924.19;2025.05.19 01:05:00;3 216.34;;;;cancelled
2025.05.16 02:00:00;Buy Stop;0.01;XAUUSD;3 433.86;3 407.38;3 468.48;2025.05.19 01:05:00;3 216.38;;;;cancelled
2025.05.16 22:45:07;Sell;0.01;.US500Cash;5 947.8;5 947.8;5 747.8;2025.05.16 22:46:44;5 948.0;;;0.00;[sl]
2025.05.16 22:45:43;Sell;0.01;.US500Cash;5 947.5;5 947.5;5 747.4;2025.05.16 22:46:42;5 947.2;;;0.00;[sl]
2025.05.16 20:45:28;Sell;0.10;.US500Cash;5 945.3;5 943.1;5 745.3;2025.05.16 20:51:24;5 943.0;-0.01;;0.23;[sl]
2025.05.16 20:46:27;Sell;0.10;.US500Cash;5 944.4;5 943.0;5 744.5;2025.05.16 20:51:19;5 942.8;-0.01;;0.16;[sl]
2025.05.16 20:46:25;Sell;0.10;.US500Cash;5 944.8;5 943.0;5 744.8;2025.05.16 20:51:19;5 942.8;-0.01;;0.20;[sl]
2025.05.16 20:46:13;Sell;0.10;.US500Cash;5 944.8;5 943.0;5 744.9;2025.05.16 20:51:19;5 942.8;-0.01;;0.20;[sl]
2025.05.16 20:46:20;Sell;0.10;.US500Cash;5 945.0;5 943.6;5 744.8;2025.05.16 20:50:46;5 943.4;-0.01;;0.16;[sl]
2025.05.16 18:16:06;Buy;0.01;.US500Cash;5 924.4;5 927.2;6 124.3;2025.05.16 18:31:23;5 927.2;;;0.03;[sl]
2025.05.16 18:16:05;Buy;0.01;.US500Cash;5 924.0;5 927.2;6 124.3;2025.05.16 18:31:23;5 927.3;;;0.03;[sl]
2025.05.16 18:16:02;Buy;0.01;.US500Cash;5 924.5;5 927.2;6 124.7;2025.05.16 18:31:23;5 927.3;;;0.03;[sl]
2025.05.16 18:15:09;Buy;0.01;.US500Cash;5 924.5;5 927.2;6 124.7;2025.05.16 18:31:23;5 927.3;;;0.03;[sl]
2025.05.16 18:15:08;Buy;0.01;.US500Cash;5 924.7;5 927.2;6 124.6;2025.05.16 18:31:23;5 927.3;;;0.03;[sl]
2025.05.16 18:15:05;Buy;0.01;.US500Cash;5 923.7;5 923.7;6 124.0;2025.05.16 18:16:03;5 923.9;;;0.00;[sl]
2025.05.16 18:15:04;Buy;0.01;.US500Cash;5 923.8;5 923.8;6 123.8;2025.05.16 18:16:03;5 923.9;;;0.00;[sl]
2025.05.16 18:15:09;Buy;0.01;.US500Cash;5 924.4;5 924.4;6 124.7;2025.05.16 18:16:00;5 924.5;;;0.00;[sl]
2025.05.16 17:30:02;Buy;0.01;.US500Cash;5 924.0;5 924.0;6 123.9;2025.05.16 18:13:34;5 924.2;;;0.00;[sl]
2025.05.16 17:30:04;Buy;0.01;.US500Cash;5 923.4;5 924.7;6 123.8;2025.05.16 18:12:18;5 925.0;;;0.02;[sl]
2025.05.16 17:30:01;Buy;0.01;.US500Cash;5 923.6;5 924.7;6 123.2;2025.05.16 18:12:18;5 925.0;;;0.01;[sl]
2025.05.16 17:32:47;Buy;0.01;.US500Cash;5 921.9;5 921.9;6 122.0;2025.05.16 18:01:00;5 922.0;;;0.00;[sl]
2025.05.16 17:32:49;Buy;0.01;.US500Cash;5 921.7;5 921.7;6 121.9;2025.05.16 17:56:16;5 921.5;;;0.00;[sl]
2025.05.16 17:30:08;Buy;0.01;.US500Cash;5 921.6;5 921.6;6 122.0;2025.05.16 17:32:46;5 921.4;;;0.00;[sl]
2025.05.16 17:30:08;Buy;0.01;.US500Cash;5 921.8;5 921.8;6 122.0;2025.05.16 17:32:46;5 921.5;;;0.00;[sl]
2025.05.16 16:10:35;Buy;0.10;.US500Cash;5 931.0;5 932.5;6 131.0;2025.05.16 16:28:28;5 932.2;-0.01;;0.12;[sl]
2025.05.16 16:11:41;Buy;0.10;.US500Cash;5 930.4;5 931.7;6 130.5;2025.05.16 16:19:18;5 931.9;-0.01;;0.15;[sl]
2025.05.16 16:11:05;Buy;0.10;.US500Cash;5 930.4;5 931.7;6 130.7;2025.05.16 16:19:18;5 931.9;-0.01;;0.15;[sl]
2025.05.16 16:10:50;Buy;0.10;.US500Cash;5 930.7;5 931.7;6 130.9;2025.05.16 16:19:18;5 931.9;-0.01;;0.12;[sl]
2025.05.16 16:10:47;Buy;0.10;.US500Cash;5 930.7;5 931.7;6 131.0;2025.05.16 16:19:18;5 931.9;-0.01;;0.12;[sl]
2025.05.14 16:00:00;Sell Stop;0.01;XAUUSD;2 958.70;2 984.10;2 925.49;2025.05.16 16:00:00;3 177.70;;;;cancelled
2025.05.16 13:57:40;Sell;0.10;.US500Cash;5 929.7;5 928.3;5 729.7;2025.05.16 15:58:22;5 928.3;-0.01;;0.14;[sl]
2025.05.16 13:58:19;Sell;0.10;.US500Cash;5 930.2;5 929.1;5 730.2;2025.05.16 15:56:26;5 929.6;-0.01;;0.06;[sl]
2025.05.16 13:57:59;Sell;0.10;.US500Cash;5 930.2;5 929.2;5 730.2;2025.05.16 15:54:34;5 928.9;-0.01;;0.13;[sl]
2025.05.16 13:55:33;Sell;0.10;.US500Cash;5 930.2;5 929.2;5 730.2;2025.05.16 15:54:34;5 928.9;-0.01;;0.13;[sl]
2025.05.16 13:55:24;Sell;0.10;.US500Cash;5 930.2;5 929.2;5 730.2;2025.05.16 15:54:34;5 928.9;-0.01;;0.13;[sl]
2025.05.16 13:20:30;Buy;0.10;.US500Cash;5 929.3;5 930.7;6 129.8;2025.05.16 13:26:01;5 930.7;-0.01;;0.14;[sl]
2025.05.16 13:19:50;Buy;0.10;.US500Cash;5 929.5;5 930.7;6 129.7;2025.05.16 13:26:01;5 930.7;-0.01;;0.12;[sl]
2025.05.16 13:19:48;Buy;0.10;.US500Cash;5 929.4;5 930.7;6 129.3;2025.05.16 13:26:01;5 930.7;-0.01;;0.13;[sl]
2025.05.16 13:19:41;Buy;0.10;.US500Cash;5 929.0;5 930.7;6 129.3;2025.05.16 13:26:01;5 930.7;-0.01;;0.17;[sl]
2025.05.16 13:19:03;Buy;0.10;.US500Cash;5 929.4;5 930.7;6 129.4;2025.05.16 13:26:01;5 930.7;-0.01;;0.13;[sl]
2025.05.16 13:15:23;Buy;0.10;.US500Cash;5 927.4;5 928.7;6 127.2;2025.05.16 13:19:00;5 929.0;-0.01;;0.16;[sl]
2025.05.16 13:15:21;Buy;0.10;.US500Cash;5 926.8;5 928.7;6 127.1;2025.05.16 13:19:00;5 929.0;-0.01;;0.22;[sl]
2025.05.16 13:15:06;Buy;0.10;.US500Cash;5 926.9;5 928.7;6 126.9;2025.05.16 13:19:00;5 929.0;-0.01;;0.21;[sl]
2025.05.16 13:15:02;Buy;0.10;.US500Cash;5 926.5;5 928.7;6 126.6;2025.05.16 13:19:00;5 929.0;-0.01;;0.25;[sl]
2025.05.16 13:15:01;Buy;0.10;.US500Cash;5 926.9;5 928.7;6 126.9;2025.05.16 13:19:00;5 929.0;-0.01;;0.21;[sl]
2025.05.16 12:05:39;Sell;0.10;.US500Cash;5 928.7;5 927.1;5 728.7;2025.05.16 13:01:26;5 927.1;-0.01;;0.16;[sl]
2025.05.16 12:05:26;Sell;0.10;.US500Cash;5 928.7;5 927.1;5 728.7;2025.05.16 13:01:26;5 927.1;-0.01;;0.16;[sl]
2025.05.16 12:05:22;Sell;0.10;.US500Cash;5 928.7;5 927.1;5 728.7;2025.05.16 13:01:26;5 927.1;-0.01;;0.16;[sl]
2025.05.16 12:05:18;Sell;0.10;.US500Cash;5 928.7;5 927.1;5 728.7;2025.05.16 13:01:26;5 927.1;-0.01;;0.16;[sl]
2025.05.16 12:05:05;Sell;0.10;.US500Cash;5 929.2;5 928.0;5 729.2;2025.05.16 12:47:00;5 928.1;-0.01;;0.11;[sl]
2025.05.16 10:00:16;Buy;0.10;.US500Cash;5 912.1;5 914.2;6 111.8;2025.05.16 10:08:52;5 914.2;-0.01;;0.21;[sl]
2025.05.16 10:00:17;Buy;0.10;.US500Cash;5 912.4;5 914.2;6 112.3;2025.05.16 10:08:51;5 914.2;-0.01;;0.18;[sl]
2025.05.16 10:00:13;Buy;0.10;.US500Cash;5 912.4;5 914.2;6 112.1;2025.05.16 10:08:51;5 914.2;-0.01;;0.18;[sl]
2025.05.16 10:00:06;Buy;0.10;.US500Cash;5 912.9;5 914.5;6 112.6;2025.05.16 10:07:41;5 914.5;-0.01;;0.16;[sl]
2025.05.16 10:00:00;Buy;0.10;.US500Cash;5 912.5;5 914.5;6 112.8;2025.05.16 10:07:41;5 914.5;-0.01;;0.20;[sl]
2025.05.16 08:52:26;Sell;0.01;.US500Cash;5 913.9;5 913.9;5 713.9;2025.05.16 09:40:04;5 913.5;;;0.00;[sl]
2025.05.16 08:48:50;Sell;0.01;.US500Cash;5 914.4;5 914.4;5 714.4;2025.05.16 09:30:24;5 914.3;;;0.00;[sl]
2025.05.16 08:45:50;Sell;0.01;.US500Cash;5 914.4;5 914.4;5 714.4;2025.05.16 09:30:24;5 914.3;;;0.00;[sl]
2025.05.16 08:49:37;Sell;0.01;.US500Cash;5 914.2;5 914.2;5 713.9;2025.05.16 09:30:15;5 914.2;;;0.00;[sl]
2025.05.16 06:46:02;Sell;0.10;.US500Cash;5 915.4;5 914.1;5 715.4;2025.05.16 09:30:15;5 914.2;-0.01;;0.12;[sl]
2025.05.16 08:47:44;Sell;0.01;.US500Cash;5 915.0;5 915.0;5 714.9;2025.05.16 09:00:52;5 915.1;;;0.00;[sl]
2025.05.16 06:48:30;Sell;0.10;.US500Cash;5 915.6;5 914.5;5 715.4;2025.05.16 09:00:05;5 914.5;-0.01;;0.11;[sl]
2025.05.16 07:00:01;Sell;0.10;.US500Cash;5 915.7;5 914.7;5 715.9;2025.05.16 08:42:30;5 914.7;-0.01;;0.10;[sl]
2025.05.16 06:47:19;Sell;0.10;.US500Cash;5 915.7;5 914.7;5 715.9;2025.05.16 08:42:30;5 914.7;-0.01;;0.10;[sl]
2025.05.16 04:35:54;Buy;0.10;.US500Cash;5 910.4;5 914.4;6 110.5;2025.05.16 05:32:02;5 914.4;-0.01;;0.40;[sl]
2025.05.16 04:35:42;Buy;0.10;.US500Cash;5 910.5;5 914.4;6 110.6;2025.05.16 05:32:02;5 914.4;-0.01;;0.39;[sl]
2025.05.16 04:35:32;Buy;0.10;.US500Cash;5 910.6;5 914.4;6 110.5;2025.05.16 05:32:02;5 914.4;-0.01;;0.38;[sl]
2025.05.16 04:35:18;Buy;0.10;.US500Cash;5 910.6;5 914.4;6 110.5;2025.05.16 05:32:02;5 914.4;-0.01;;0.38;[sl]
2025.05.16 04:35:10;Buy;0.10;.US500Cash;5 910.6;5 914.4;6 110.6;2025.05.16 05:32:02;5 914.4;-0.01;;0.38;[sl]
2025.05.14 02:00:00;Buy Stop;0.01;XAUUSD;3 434.07;3 408.67;3 467.28;2025.05.16 02:00:00;3 251.26;;;;cancelled
2025.05.15 21:35:33;Buy;0.10;.US500Cash;5 918.1;5 920.0;6 118.5;2025.05.15 23:00:00;5 918.5;-0.01;;0.04;[sl]
2025.05.15 21:33:17;Buy;0.10;.US500Cash;5 918.1;5 919.8;6 119.1;2025.05.15 23:00:00;5 918.8;-0.01;;0.07;[sl]
2025.05.15 21:33:11;Buy;0.10;.US500Cash;5 917.8;5 920.1;6 117.6;2025.05.15 23:00:00;5 918.5;-0.01;;0.07;[sl]
2025.05.15 21:32:34;Buy;0.10;.US500Cash;5 918.2;5 920.1;6 119.2;2025.05.15 23:00:00;5 918.8;-0.01;;0.06;[sl]
2025.05.15 21:31:00;Buy;0.10;.US500Cash;5 914.4;5 915.8;6 115.2;2025.05.15 21:31:38;5 915.7;-0.01;;0.13;[sl]
2025.05.15 21:30:59;Buy;0.10;.US500Cash;5 914.4;5 915.8;6 115.2;2025.05.15 21:31:38;5 915.7;-0.01;;0.13;[sl]
2025.05.15 21:30:40;Buy;0.10;.US500Cash;5 914.2;5 915.9;6 115.2;2025.05.15 21:31:38;5 915.7;-0.01;;0.15;[sl]
2025.05.15 21:30:33;Buy;0.10;.US500Cash;5 914.8;5 915.8;6 115.2;2025.05.15 21:31:38;5 915.7;-0.01;;0.09;[sl]
2025.05.15 21:30:29;Buy;0.10;.US500Cash;5 914.6;5 915.9;6 115.2;2025.05.15 21:31:38;5 915.7;-0.01;;0.11;[sl]
2025.05.15 17:16:45;Sell;0.10;.US500Cash;5 874.4;5 872.6;5 674.6;2025.05.15 17:36:00;5 872.9;-0.01;;0.15;[sl]
2025.05.15 17:16:26;Sell;0.10;.US500Cash;5 875.4;5 873.8;5 675.3;2025.05.15 17:33:25;5 873.5;-0.01;;0.19;[sl]
2025.05.15 17:19:10;Sell;0.10;.US500Cash;5 878.5;5 877.2;5 677.7;2025.05.15 17:29:31;5 876.9;-0.01;;0.16;[sl]
2025.05.15 17:18:32;Sell;0.10;.US500Cash;5 878.6;5 877.2;5 677.8;2025.05.15 17:29:31;5 877.2;-0.01;;0.14;[sl]
2025.05.15 17:18:30;Sell;0.10;.US500Cash;5 878.8;5 877.7;5 677.9;2025.05.15 17:29:14;5 878.0;-0.01;;0.08;[sl]
2025.05.15 17:16:25;Sell;0.10;.US500Cash;5 877.5;5 875.9;5 678.1;2025.05.15 17:16:47;5 875.6;-0.01;;0.19;[sl]
2025.05.15 17:15:52;Sell;0.10;.US500Cash;5 878.8;5 876.8;5 677.8;2025.05.15 17:16:27;5 876.3;-0.01;;0.25;[sl]
2025.05.15 17:15:48;Sell;0.10;.US500Cash;5 878.5;5 876.4;5 677.7;2025.05.15 17:16:27;5 876.1;-0.01;;0.24;[sl]
2025.05.15 09:30:06;Buy;0.01;.US500Cash;5 879.0;5 880.5;6 079.1;2025.05.15 15:44:22;5 880.4;;;0.01;[sl]
2025.05.15 09:30:05;Buy;0.01;.US500Cash;5 878.7;5 880.5;6 079.1;2025.05.15 15:44:22;5 880.3;;;0.02;[sl]
2025.05.15 09:30:02;Buy;0.01;.US500Cash;5 879.3;5 880.5;6 078.9;2025.05.15 15:44:22;5 880.4;;;0.01;[sl]
2025.05.15 09:30:01;Buy;0.01;.US500Cash;5 878.7;5 880.5;6 079.4;2025.05.15 15:44:22;5 880.3;;;0.02;[sl]
2025.05.15 09:30:00;Buy;0.01;.US500Cash;5 879.0;5 880.5;6 079.0;2025.05.15 15:44:22;5 880.3;;;0.01;[sl]
2025.05.15 10:31:18;Buy;0.10;.US500Cash;5 871.9;5 873.1;6 071.8;2025.05.15 15:32:51;5 873.8;-0.01;;0.19;[sl]
2025.05.15 12:26:57;Buy;0.10;.US500Cash;5 858.7;5 859.8;6 058.7;2025.05.15 12:30:43;5 859.8;-0.01;;0.11;[sl]
2025.05.15 09:06:26;Buy;0.10;.US500Cash;5 873.5;5 875.1;6 073.5;2025.05.15 09:16:51;5 875.2;-0.01;;0.17;[sl]
2025.05.15 06:30:04;Sell;0.10;.US500Cash;5 882.4;5 881.2;5 682.6;2025.05.15 06:34:09;5 881.3;-0.01;;0.11;[sl]
2025.05.15 03:42:59;Buy;0.10;.US500Cash;5 884.0;5 885.5;6 084.0;2025.05.15 05:50:40;5 885.4;-0.01;;0.14;[sl]
2025.05.14 15:18:23;Sell;0.01;XAUUSD;3 209.00;3 202.16;3 167.53;2025.05.15 05:24:30;3 167.51;-0.13;-0.09;41.49;[tp]
2025.05.15 03:31:37;Buy;0.10;.US500Cash;5 883.0;5 884.2;6 083.0;2025.05.15 04:02:47;5 884.1;-0.01;;0.11;[sl]
2025.05.14 15:16:52;Sell;0.01;XAUUSD;3 210.42;3 189.92;3 132.08;2025.05.15 04:00:51;3 189.95;-0.13;-0.09;20.47;[sl]
2025.05.05 02:00:00;Buy Stop;0.01;XAUUSD;3 499.36;3 478.67;3 526.94;2025.05.15 02:00:00;3 182.76;;;;cancelled
2025.04.28 01:05:02;Buy Stop;0.02;XAUUSD;3 498.16;3 480.72;3 524.33;2025.05.15 01:05:02;3 181.14;;;;cancelled
2025.05.14 22:35:12;Buy;0.10;.US500Cash;5 890.8;5 894.2;6 091.2;2025.05.14 22:50:03;5 893.3;-0.01;;0.25;[sl]
2025.05.14 22:35:17;Buy;0.10;.US500Cash;5 891.2;5 894.2;6 091.2;2025.05.14 22:50:02;5 894.7;-0.01;;0.35;[sl]
2025.05.14 22:35:05;Buy;0.10;.US500Cash;5 890.5;5 894.5;6 091.2;2025.05.14 22:50:02;5 895.2;-0.01;;0.47;[sl]
2025.05.14 22:35:03;Buy;0.10;.US500Cash;5 889.9;5 894.5;6 090.2;2025.05.14 22:50:02;5 894.7;-0.01;;0.48;[sl]
2025.05.14 22:35:09;Buy;0.10;.US500Cash;5 890.4;5 894.3;6 091.2;2025.05.14 22:50:01;5 894.7;-0.01;;0.43;[sl]
2025.05.14 21:16:03;Sell;0.10;.US500Cash;5 889.0;5 887.2;5 690.8;2025.05.14 21:28:28;5 887.0;-0.01;;0.20;[sl]
2025.05.14 21:20:07;Sell;0.10;.US500Cash;5 892.1;5 890.2;5 692.2;2025.05.14 21:25:11;5 890.2;-0.01;;0.19;[sl]
2025.05.14 21:00:26;Buy;0.10;.US500Cash;5 892.4;5 893.8;6 092.7;2025.05.14 21:06:45;5 893.6;-0.01;;0.12;[sl]
2025.05.14 20:56:46;Buy;0.10;.US500Cash;5 889.5;5 891.4;6 090.4;2025.05.14 21:00:30;5 891.5;-0.01;;0.20;[sl]
2025.05.14 20:56:45;Buy;0.10;.US500Cash;5 889.4;5 891.4;6 090.4;2025.05.14 21:00:30;5 891.5;-0.01;;0.21;[sl]
2025.05.14 20:40:18;Buy;0.10;.US500Cash;5 888.0;5 889.0;6 088.4;2025.05.14 20:42:36;5 889.1;-0.01;;0.11;[sl]
2025.05.14 20:38:08;Buy;0.10;.US500Cash;5 885.3;5 886.6;6 086.2;2025.05.14 20:39:56;5 886.6;-0.01;;0.13;[sl]
2025.05.14 20:36:21;Buy;0.10;.US500Cash;5 884.8;5 886.6;6 085.3;2025.05.14 20:39:56;5 886.6;-0.01;;0.18;[sl]
2025.05.14 20:35:24;Buy;0.10;.US500Cash;5 883.6;5 886.6;6 084.1;2025.05.14 20:39:56;5 886.6;-0.01;;0.30;[sl]
2025.05.14 20:35:04;Buy;0.10;.US500Cash;5 882.6;5 884.4;6 083.1;2025.05.14 20:35:59;5 884.6;-0.01;;0.20;[sl]
2025.05.14 17:30:03;Buy;0.10;.US500Cash;5 893.7;5 895.7;6 093.6;2025.05.14 17:32:22;5 895.8;-0.01;;0.21;[sl]
2025.05.14 15:36:36;Sell;0.01;XAUUSD;3 204.43;3 197.79;3 171.34;2025.05.14 16:53:19;3 197.82;-0.13;;6.61;[sl]
2025.05.14 15:36:36;Sell;0.02;XAUUSD;3 204.40;3 189.05;3 105.39;2025.05.14 16:21:12;3 189.20;-0.26;;30.40;[sl]
2025.05.14 15:47:27;Sell;0.10;.US500Cash;5 896.7;5 895.1;5 696.7;2025.05.14 16:02:21;5 895.1;-0.01;;0.16;[sl]
2025.05.14 15:43:58;Sell;0.10;.US500Cash;5 897.7;5 895.1;5 697.9;2025.05.14 16:02:21;5 895.1;-0.01;;0.26;[sl]
2025.05.14 15:43:05;Sell;0.10;.US500Cash;5 897.7;5 895.1;5 697.9;2025.05.14 16:02:21;5 895.1;-0.01;;0.26;[sl]
2025.05.14 15:41:01;Sell;0.10;.US500Cash;5 897.7;5 895.1;5 697.7;2025.05.14 16:02:21;5 895.1;-0.01;;0.26;[sl]
2025.05.14 14:45:15;Sell;0.10;.US500Cash;5 897.7;5 895.1;5 697.9;2025.05.14 16:02:21;5 895.1;-0.01;;0.26;[sl]
2025.05.14 15:43:04;Sell;0.10;.US500Cash;5 898.7;5 897.6;5 697.9;2025.05.14 15:44:04;5 897.4;-0.01;;0.13;[sl]
2025.05.14 15:40:34;Sell;0.10;.US500Cash;5 899.7;5 898.1;5 699.2;2025.05.14 15:42:56;5 898.1;-0.01;;0.16;[sl]
2025.05.14 14:45:33;Sell;0.10;.US500Cash;5 898.7;5 897.6;5 697.9;2025.05.14 14:56:13;5 897.6;-0.01;;0.11;[sl]
2025.05.14 14:46:41;Sell;0.10;.US500Cash;5 898.9;5 897.9;5 697.9;2025.05.14 14:55:37;5 897.9;-0.01;;0.10;[sl]
2025.05.14 14:45:14;Sell;0.10;.US500Cash;5 898.9;5 897.9;5 697.9;2025.05.14 14:55:37;5 897.9;-0.01;;0.10;[sl]
2025.05.14 14:45:04;Sell;0.10;.US500Cash;5 899.4;5 897.9;5 698.7;2025.05.14 14:55:37;5 897.9;-0.01;;0.15;[sl]
2025.05.14 13:38:32;Buy;0.01;.US500Cash;5 890.2;5 893.7;6 090.3;2025.05.14 14:02:05;5 893.8;;;0.04;[sl]
2025.05.14 13:38:18;Buy;0.01;.US500Cash;5 890.1;5 893.7;6 090.1;2025.05.14 14:02:05;5 893.8;;;0.04;[sl]
2025.05.14 13:38:07;Buy;0.01;.US500Cash;5 889.9;5 893.7;6 089.9;2025.05.14 14:02:05;5 893.8;;;0.04;[sl]
2025.05.14 13:37:59;Buy;0.01;.US500Cash;5 889.7;5 893.7;6 089.8;2025.05.14 14:02:05;5 893.8;;;0.04;[sl]
2025.05.14 13:37:54;Buy;0.01;.US500Cash;5 889.7;5 893.7;6 089.8;2025.05.14 14:02:05;5 893.8;;;0.04;[sl]
2025.05.14 13:30:48;Buy;0.01;.US500Cash;5 887.2;5 889.5;6 087.3;2025.05.14 13:37:53;5 889.5;;;0.02;[sl]
2025.05.14 13:30:47;Buy;0.01;.US500Cash;5 887.2;5 889.5;6 087.3;2025.05.14 13:37:53;5 889.5;;;0.02;[sl]
2025.05.14 13:30:28;Buy;0.01;.US500Cash;5 887.4;5 889.5;6 087.4;2025.05.14 13:37:53;5 889.5;;;0.02;[sl]
2025.05.14 13:30:10;Buy;0.01;.US500Cash;5 887.4;5 889.5;6 087.4;2025.05.14 13:37:53;5 889.5;;;0.02;[sl]
2025.05.14 13:30:01;Buy;0.01;.US500Cash;5 887.1;5 889.5;6 087.1;2025.05.14 13:37:53;5 889.5;;;0.02;[sl]
2025.05.14 09:16:49;Sell;0.01;.US500Cash;5 889.6;5 889.6;5 689.6;2025.05.14 10:27:29;5 889.7;;;0.00;[sl]
2025.05.14 09:23:53;Sell;0.01;.US500Cash;5 890.2;5 890.2;5 690.2;2025.05.14 10:26:13;5 890.2;;;0.00;[sl]
2025.05.14 09:18:33;Sell;0.01;.US500Cash;5 890.2;5 890.2;5 690.2;2025.05.14 10:26:13;5 890.2;;;0.00;[sl]
2025.05.14 09:15:56;Sell;0.01;.US500Cash;5 890.2;5 890.2;5 690.2;2025.05.14 10:26:13;5 890.2;;;0.00;[sl]
2025.05.14 09:16:48;Sell;0.01;.US500Cash;5 890.0;5 890.0;5 689.9;2025.05.14 10:26:00;5 890.1;;;0.00;[sl]
2025.05.05 10:00:00;Sell Stop;0.01;XAUUSD;3 204.40;3 222.80;3 132.65;2025.05.14 10:00:00;3 228.75;;;;cancelled
2025.05.14 09:15:21;Sell;0.01;.US500Cash;5 890.7;5 890.7;5 690.7;2025.05.14 09:21:52;5 890.5;;;0.00;[sl]
2025.05.14 09:15:17;Sell;0.01;.US500Cash;5 890.9;5 890.9;5 690.7;2025.05.14 09:17:57;5 891.0;;;0.00;[sl]
2025.05.14 06:07:51;Buy;0.10;.US500Cash;5 887.7;5 889.5;6 088.0;2025.05.14 06:08:37;5 889.9;-0.01;;0.22;[sl]
2025.05.12 01:06:17;Sell Stop;0.01;XAUUSD;3 204.47;3 229.11;3 172.25;2025.05.14 02:00:00;3 254.55;;;;cancelled
2025.05.12 01:06:17;Buy Stop;0.01;XAUUSD;3 434.21;3 409.57;3 466.43;2025.05.14 02:00:00;3 254.59;;;;cancelled
2025.04.28 01:05:02;Sell Stop;0.02;XAUUSD;2 956.99;2 970.82;2 930.71;2025.05.14 02:00:00;3 254.41;;;;cancelled
2025.05.13 22:54:53;Sell;0.10;.US500Cash;5 889.1;5 886.3;5 689.3;2025.05.13 22:55:15;5 886.2;-0.01;;0.29;[sl]
2025.05.13 22:53:10;Sell;0.10;.US500Cash;5 889.7;5 886.1;5 691.7;2025.05.13 22:55:15;5 886.2;-0.01;;0.35;[sl]
2025.05.13 19:20:31;Sell;0.01;.US500Cash;5 887.9;5 886.1;5 688.0;2025.05.13 22:55:15;5 886.2;;;0.02;[sl]
2025.05.13 19:20:23;Sell;0.01;.US500Cash;5 887.7;5 886.3;5 687.6;2025.05.13 22:55:15;5 886.2;;;0.02;[sl]
2025.05.13 19:20:19;Sell;0.01;.US500Cash;5 886.5;5 886.5;5 687.7;2025.05.13 22:55:15;5 886.5;;;0.00;[sl]
2025.05.13 19:20:12;Sell;0.01;.US500Cash;5 887.5;5 886.2;5 686.7;2025.05.13 22:55:15;5 886.2;;;0.01;[sl]
2025.05.13 22:54:47;Sell;0.10;.US500Cash;5 890.6;5 886.0;5 689.7;2025.05.13 22:55:14;5 886.0;-0.01;;0.46;[sl]
2025.05.13 19:20:33;Sell;0.01;.US500Cash;5 888.2;5 886.0;5 687.9;2025.05.13 22:55:13;5 886.0;;;0.02;[sl]
2025.05.13 22:54:14;Sell;0.10;.US500Cash;5 892.8;5 890.6;5 693.0;2025.05.13 22:55:00;5 889.7;-0.01;;0.31;[sl]
2025.05.13 22:53:29;Sell;0.10;.US500Cash;5 891.6;5 890.6;5 690.8;2025.05.13 22:55:00;5 889.7;-0.01;;0.19;[sl]
2025.05.13 22:54:11;Sell;0.10;.US500Cash;5 893.7;5 891.9;5 693.7;2025.05.13 22:54:40;5 891.6;-0.01;;0.21;[sl]
2025.05.13 22:54:09;Sell;0.10;.US500Cash;5 894.3;5 892.0;5 693.7;2025.05.13 22:54:38;5 891.6;-0.01;;0.27;[sl]
2025.05.13 22:52:24;Sell;0.10;.US500Cash;5 893.5;5 891.2;5 693.5;2025.05.13 22:53:17;5 891.3;-0.01;;0.22;[sl]
2025.05.13 22:52:32;Sell;0.10;.US500Cash;5 892.4;5 890.8;5 692.4;2025.05.13 22:53:16;5 891.0;-0.01;;0.14;[sl]
2025.05.13 22:52:08;Sell;0.10;.US500Cash;5 894.8;5 893.2;5 694.7;2025.05.13 22:53:00;5 893.0;-0.01;;0.18;[sl]
2025.05.13 22:51:26;Sell;0.10;.US500Cash;5 895.1;5 893.2;5 695.2;2025.05.13 22:53:00;5 893.0;-0.01;;0.21;[sl]
2025.05.13 22:51:01;Sell;0.10;.US500Cash;5 898.5;5 894.8;5 698.3;2025.05.13 22:51:54;5 895.3;-0.01;;0.32;[sl]
2025.05.13 22:51:15;Sell;0.10;.US500Cash;5 895.8;5 894.7;5 696.2;2025.05.13 22:51:53;5 894.7;-0.01;;0.11;[sl]
2025.05.13 22:50:36;Sell;0.10;.US500Cash;5 900.2;5 894.7;5 700.2;2025.05.13 22:51:53;5 894.7;-0.01;;0.55;[sl]
2025.05.13 22:48:50;Sell;0.10;.US500Cash;5 899.9;5 898.9;5 699.8;2025.05.13 22:49:21;5 898.9;-0.01;;0.10;[sl]
2025.05.13 22:12:00;Buy;0.10;.US500Cash;5 903.7;5 905.0;6 103.9;2025.05.13 22:16:37;5 905.2;-0.01;;0.15;[sl]
2025.05.13 21:56:42;Buy;0.10;.US500Cash;5 899.4;5 902.4;6 099.2;2025.05.13 21:59:10;5 902.5;-0.01;;0.31;[sl]
2025.05.13 19:19:03;Sell;0.01;.US500Cash;5 888.6;5 888.6;5 688.4;2025.05.13 19:20:30;5 888.6;;;0.00;[sl]
2025.05.13 19:18:23;Sell;0.01;.US500Cash;5 888.6;5 888.6;5 689.1;2025.05.13 19:20:30;5 888.5;;;0.00;[sl]
2025.05.13 19:19:07;Sell;0.01;.US500Cash;5 888.7;5 887.7;5 688.5;2025.05.13 19:20:11;5 887.5;;;0.01;[sl]
2025.05.13 19:18:33;Sell;0.01;.US500Cash;5 888.7;5 887.7;5 688.5;2025.05.13 19:20:11;5 887.5;;;0.01;[sl]
2025.05.13 19:18:20;Sell;0.01;.US500Cash;5 889.4;5 887.7;5 689.2;2025.05.13 19:20:11;5 887.5;;;0.02;[sl]
2025.05.13 19:18:18;Sell;0.01;.US500Cash;5 889.2;5 889.2;5 688.9;2025.05.13 19:19:02;5 888.8;;;0.00;[sl]
2025.05.13 19:17:29;Sell;0.01;.US500Cash;5 890.4;5 888.7;5 691.0;2025.05.13 19:19:00;5 888.5;;;0.02;[sl]
2025.05.13 19:17:14;Sell;0.01;.US500Cash;5 890.8;5 889.5;5 691.0;2025.05.13 19:18:14;5 889.5;;;0.01;[sl]
2025.05.13 19:17:11;Sell;0.01;.US500Cash;5 891.0;5 889.5;5 691.0;2025.05.13 19:18:14;5 889.5;;;0.02;[sl]
2025.05.13 19:17:09;Sell;0.01;.US500Cash;5 891.2;5 889.5;5 691.0;2025.05.13 19:18:14;5 889.5;;;0.02;[sl]
2025.05.13 19:17:00;Sell;0.01;.US500Cash;5 890.9;5 889.5;5 691.0;2025.05.13 19:18:14;5 889.5;;;0.01;[sl]
2025.05.13 19:15:24;Sell;0.01;.US500Cash;5 891.7;5 891.7;5 691.5;2025.05.13 19:17:22;5 891.6;;;0.00;[sl]
2025.05.13 19:15:14;Sell;0.01;.US500Cash;5 891.5;5 891.5;5 691.2;2025.05.13 19:16:57;5 891.5;;;0.00;[sl]
2025.05.13 19:16:16;Sell;0.01;.US500Cash;5 892.3;5 890.9;5 692.2;2025.05.13 19:16:55;5 890.9;;;0.01;[sl]
2025.05.13 19:15:48;Sell;0.01;.US500Cash;5 891.8;5 890.8;5 691.8;2025.05.13 19:16:55;5 890.9;;;0.01;[sl]
2025.05.13 19:15:09;Sell;0.01;.US500Cash;5 891.8;5 890.8;5 691.6;2025.05.13 19:16:55;5 890.9;;;0.01;[sl]
2025.05.13 19:15:02;Sell;0.01;.US500Cash;5 892.7;5 892.7;5 692.5;2025.05.13 19:16:12;5 892.8;;;0.00;[sl]
2025.05.13 19:15:05;Sell;0.01;.US500Cash;5 892.5;5 892.5;5 692.7;2025.05.13 19:15:46;5 892.5;;;0.00;[sl]
2025.05.13 17:38:19;Sell;0.10;.US500Cash;5 886.6;5 884.2;5 686.5;2025.05.13 17:41:41;5 884.2;-0.01;;0.24;[sl]
2025.05.13 17:30:48;Sell;0.10;.US500Cash;5 886.7;5 884.1;5 685.8;2025.05.13 17:41:41;5 884.2;-0.01;;0.25;[sl]
2025.05.13 17:33:08;Sell;0.10;.US500Cash;5 887.1;5 885.9;5 686.8;2025.05.13 17:41:08;5 885.7;-0.01;;0.14;[sl]
2025.05.13 17:30:07;Sell;0.10;.US500Cash;5 885.9;5 884.4;5 685.1;2025.05.13 17:30:33;5 884.8;-0.01;;0.11;[sl]
2025.05.13 13:35:01;Sell Stop;0.10;.US500Cash;5 829.4;5 889.4;5 629.4;2025.05.13 14:09:58;5 833.7;;;;expiration
2025.05.13 10:17:25;Buy;0.10;.US500Cash;5 830.5;5 833.2;6 031.2;2025.05.13 13:01:02;5 833.2;-0.01;;0.27;[sl]
2025.05.13 10:17:41;Buy;0.10;.US500Cash;5 830.4;5 831.4;6 030.2;2025.05.13 12:58:10;5 831.7;-0.01;;0.13;[sl]
2025.05.13 10:17:22;Buy;0.10;.US500Cash;5 830.4;5 831.4;6 031.2;2025.05.13 12:58:10;5 831.7;-0.01;;0.13;[sl]
2025.05.13 10:17:21;Buy;0.10;.US500Cash;5 830.4;5 831.4;6 031.2;2025.05.13 12:58:10;5 831.7;-0.01;;0.13;[sl]
2025.05.13 10:17:13;Buy;0.10;.US500Cash;5 829.5;5 830.7;6 030.4;2025.05.13 12:55:11;5 830.9;-0.01;;0.14;[sl]
2025.05.13 10:15:36;Buy;0.10;.US500Cash;5 827.7;5 829.2;6 028.0;2025.05.13 10:17:36;5 829.2;-0.01;;0.15;[sl]
2025.05.13 07:46:49;Buy;0.10;.US500Cash;5 825.6;5 827.2;6 026.3;2025.05.13 08:05:08;5 827.2;-0.01;;0.16;[sl]
2025.05.13 07:46:48;Buy;0.10;.US500Cash;5 825.4;5 827.2;6 026.2;2025.05.13 08:05:08;5 827.2;-0.01;;0.18;[sl]
2025.05.13 07:46:10;Buy;0.10;.US500Cash;5 825.3;5 827.2;6 026.2;2025.05.13 08:05:08;5 827.2;-0.01;;0.19;[sl]
2025.05.13 07:45:19;Buy;0.10;.US500Cash;5 825.5;5 827.2;6 025.5;2025.05.13 08:05:08;5 827.2;-0.01;;0.17;[sl]
2025.05.13 07:47:18;Buy;0.10;.US500Cash;5 826.3;5 827.5;6 027.2;2025.05.13 08:05:05;5 827.5;-0.01;;0.12;[sl]
2025.05.12 21:16:59;Sell;0.10;.US500Cash;5 834.5;5 830.5;5 633.7;2025.05.12 22:00:47;5 830.7;-0.01;;0.38;[sl]
2025.05.12 21:19:48;Sell;0.10;.US500Cash;5 837.7;5 836.3;5 637.8;2025.05.12 21:28:47;5 836.2;-0.01;;0.15;[sl]
2025.05.12 21:20:00;Sell;0.10;.US500Cash;5 838.7;5 837.3;5 637.8;2025.05.12 21:23:42;5 837.1;-0.01;;0.16;[sl]
2025.05.12 21:19:59;Sell;0.10;.US500Cash;5 838.7;5 837.3;5 637.7;2025.05.12 21:23:42;5 837.1;-0.01;;0.16;[sl]
2025.05.12 21:19:56;Sell;0.10;.US500Cash;5 838.5;5 837.3;5 637.7;2025.05.12 21:23:42;5 837.1;-0.01;;0.14;[sl]
2025.05.12 19:44:59;Buy;0.01;.US500Cash;5 820.7;5 825.1;6 020.9;2025.05.12 19:48:05;5 824.9;;;0.04;[sl]
2025.05.12 17:17:25;Buy;0.10;.US500Cash;5 820.9;5 825.0;6 020.8;2025.05.12 19:48:05;5 824.8;-0.01;;0.39;[sl]
2025.05.12 17:17:21;Buy;0.10;.US500Cash;5 820.2;5 825.0;6 020.0;2025.05.12 19:48:05;5 824.8;-0.01;;0.46;[sl]
2025.05.12 17:16:26;Buy;0.10;.US500Cash;5 821.9;5 825.1;6 023.2;2025.05.12 19:48:05;5 824.9;-0.01;;0.30;[sl]
2025.05.12 17:16:00;Buy;0.10;.US500Cash;5 822.4;5 825.1;6 022.4;2025.05.12 19:48:05;5 824.9;-0.01;;0.25;[sl]
2025.05.12 17:15:53;Buy;0.10;.US500Cash;5 821.8;5 825.1;6 022.1;2025.05.12 19:48:05;5 824.9;-0.01;;0.31;[sl]
2025.05.12 19:43:45;Buy;0.01;.US500Cash;5 819.7;5 819.7;6 019.9;2025.05.12 19:45:33;5 819.6;;;0.00;[sl]
2025.05.12 19:43:42;Buy;0.01;.US500Cash;5 819.7;5 819.7;6 019.9;2025.05.12 19:45:33;5 819.6;;;0.00;[sl]
2025.05.12 19:43:39;Buy;0.01;.US500Cash;5 819.9;5 819.9;6 019.9;2025.05.12 19:45:32;5 819.9;;;0.00;[sl]
2025.05.12 19:42:57;Buy;0.01;.US500Cash;5 819.6;5 820.7;6 019.5;2025.05.12 19:44:56;5 820.7;;;0.01;[sl]
2025.05.12 19:42:36;Buy;0.01;.US500Cash;5 819.1;5 820.7;6 019.3;2025.05.12 19:44:56;5 820.4;;;0.01;[sl]
2025.05.12 19:42:52;Buy;0.01;.US500Cash;5 819.2;5 819.2;6 019.4;2025.05.12 19:43:34;5 819.3;;;0.00;[sl]
2025.05.12 19:42:47;Buy;0.01;.US500Cash;5 819.4;5 819.4;6 019.4;2025.05.12 19:43:34;5 819.3;;;0.00;[sl]
2025.05.12 19:42:38;Buy;0.01;.US500Cash;5 819.4;5 819.4;6 019.5;2025.05.12 19:43:34;5 819.3;;;0.00;[sl]
2025.05.12 19:39:13;Buy;0.01;.US500Cash;5 817.7;5 818.9;6 018.0;2025.05.12 19:42:34;5 818.8;;;0.01;[sl]
2025.05.12 19:39:09;Buy;0.01;.US500Cash;5 817.5;5 818.9;6 017.2;2025.05.12 19:42:34;5 818.8;;;0.01;[sl]
2025.05.12 19:39:04;Buy;0.01;.US500Cash;5 816.9;5 818.9;6 017.2;2025.05.12 19:42:34;5 818.8;;;0.02;[sl]
2025.05.12 19:39:01;Buy;0.01;.US500Cash;5 817.3;5 818.9;6 016.5;2025.05.12 19:42:34;5 818.9;;;0.02;[sl]
2025.05.12 19:38:06;Buy;0.01;.US500Cash;5 817.9;5 818.9;6 017.9;2025.05.12 19:42:34;5 818.8;;;0.01;[sl]
2025.05.12 19:34:16;Buy;0.01;.US500Cash;5 815.4;5 817.2;6 015.4;2025.05.12 19:38:46;5 817.3;;;0.02;[sl]
2025.05.12 19:34:14;Buy;0.01;.US500Cash;5 815.2;5 817.2;6 015.4;2025.05.12 19:38:46;5 817.3;;;0.02;[sl]
2025.05.12 19:34:04;Buy;0.01;.US500Cash;5 815.4;5 817.2;6 015.5;2025.05.12 19:38:46;5 817.3;;;0.02;[sl]
2025.05.12 19:34:02;Buy;0.01;.US500Cash;5 815.2;5 817.2;6 015.5;2025.05.12 19:38:46;5 817.3;;;0.02;[sl]
2025.05.12 19:33:59;Buy;0.01;.US500Cash;5 815.2;5 817.2;6 015.4;2025.05.12 19:38:04;5 817.5;;;0.02;[sl]
2025.05.12 19:30:26;Buy;0.01;.US500Cash;5 812.7;5 815.0;6 013.0;2025.05.12 19:33:56;5 815.0;;;0.02;[sl]
2025.05.12 19:30:16;Buy;0.01;.US500Cash;5 813.5;5 815.0;6 013.5;2025.05.12 19:33:56;5 815.0;;;0.02;[sl]
2025.05.12 19:30:14;Buy;0.01;.US500Cash;5 813.7;5 815.0;6 014.0;2025.05.12 19:33:56;5 815.0;;;0.01;[sl]
2025.05.12 19:30:06;Buy;0.01;.US500Cash;5 812.7;5 815.0;6 012.9;2025.05.12 19:33:56;5 815.0;;;0.02;[sl]
2025.05.12 19:30:04;Buy;0.01;.US500Cash;5 812.7;5 815.0;6 012.4;2025.05.12 19:33:56;5 815.0;;;0.02;[sl]
2025.05.12 17:15:46;Buy;0.10;.US500Cash;5 820.6;5 822.1;6 021.3;2025.05.12 17:16:23;5 822.0;-0.01;;0.14;[sl]
2025.05.12 17:15:33;Buy;0.10;.US500Cash;5 820.6;5 822.1;6 021.4;2025.05.12 17:16:23;5 822.0;-0.01;;0.14;[sl]
2025.05.12 17:15:16;Buy;0.10;.US500Cash;5 821.0;5 822.0;6 021.1;2025.05.12 17:16:23;5 822.0;-0.01;;0.10;[sl]
2025.05.12 10:04:15;Sell;0.10;.US500Cash;5 796.3;5 856.6;5 596.6;2025.05.12 17:15:04;5 820.9;-0.01;;-2.46;
2025.05.12 10:04:22;Sell;0.10;.US500Cash;5 798.6;5 860.1;5 600.1;2025.05.12 17:15:03;5 820.7;-0.01;;-2.21;
2025.05.12 13:56:29;Sell;0.01;XAUUSD;3 208.53;3 237.87;3 170.21;2025.05.12 16:05:04;3 238.33;-0.13;;-29.80;[sl]
2025.05.12 13:45:34;Sell;0.10;.US500Cash;5 826.5;5 824.5;5 626.5;2025.05.12 14:52:02;5 824.2;-0.01;;0.23;[sl]
2025.05.12 13:45:14;Sell;0.10;.US500Cash;5 826.5;5 824.3;5 626.7;2025.05.12 14:52:02;5 824.2;-0.01;;0.23;[sl]
2025.05.12 13:45:32;Sell;0.10;.US500Cash;5 827.5;5 826.0;5 626.5;2025.05.12 14:48:39;5 826.5;-0.01;;0.10;[sl]
2025.05.12 10:04:19;Sell;0.10;.US500Cash;5 800.0;5 798.1;5 598.6;2025.05.12 10:56:39;5 797.9;-0.01;;0.21;[sl]
2025.05.12 10:36:20;Sell;0.10;.US500Cash;5 816.8;5 813.7;5 616.7;2025.05.12 10:41:55;5 813.3;-0.01;;0.35;[sl]
2025.05.12 10:36:05;Sell;0.10;.US500Cash;5 816.0;5 813.7;5 618.9;2025.05.12 10:41:55;5 813.3;-0.01;;0.27;[sl]
2025.05.12 10:35:36;Sell;0.10;.US500Cash;5 822.7;5 820.7;5 621.8;2025.05.12 10:36:02;5 820.9;-0.01;;0.18;[sl]
2025.05.12 10:35:24;Sell;0.10;.US500Cash;5 821.7;5 820.7;5 621.8;2025.05.12 10:36:02;5 820.9;-0.01;;0.08;[sl]
2025.05.12 10:00:06;Sell;0.10;.US500Cash;5 768.4;5 825.6;5 565.6;2025.05.12 10:08:22;5 826.9;-0.01;;-5.85;[sl]
2025.05.12 10:00:05;Sell;0.10;.US500Cash;5 765.2;5 825.3;5 565.3;2025.05.12 10:08:22;5 826.9;-0.01;;-6.17;[sl]
2025.05.12 10:00:37;Sell;0.10;.US500Cash;5 798.3;5 797.1;5 597.5;2025.05.12 10:04:18;5 801.0;-0.01;;-0.27;[sl]
2025.05.12 10:02:34;Sell;0.10;.US500Cash;5 798.3;5 797.2;5 597.8;2025.05.12 10:04:17;5 800.8;-0.01;;-0.25;[sl]
2025.05.12 10:02:33;Sell;0.10;.US500Cash;5 799.8;5 797.5;5 597.9;2025.05.12 10:04:12;5 798.7;-0.01;;0.11;[sl]
2025.05.12 10:02:28;Sell;0.10;.US500Cash;5 802.1;5 801.1;5 602.3;2025.05.12 10:02:34;5 801.2;-0.01;;0.09;[sl]
2025.05.12 10:01:58;Sell;0.10;.US500Cash;5 802.4;5 801.0;5 602.5;2025.05.12 10:02:32;5 800.7;-0.01;;0.17;[sl]
2025.05.12 10:01:56;Sell;0.10;.US500Cash;5 802.9;5 801.8;5 602.8;2025.05.12 10:02:26;5 801.5;-0.01;;0.14;[sl]
2025.05.12 10:01:33;Sell;0.10;.US500Cash;5 806.6;5 805.3;5 607.6;2025.05.12 10:01:55;5 805.3;-0.01;;0.13;[sl]
2025.05.12 10:01:37;Sell;0.10;.US500Cash;5 808.4;5 806.9;5 609.3;2025.05.12 10:01:54;5 806.5;-0.01;;0.19;[sl]
2025.05.12 10:01:15;Sell;0.10;.US500Cash;5 810.0;5 808.2;5 610.7;2025.05.12 10:01:34;5 809.3;-0.01;;0.07;[sl]
2025.05.12 10:01:23;Sell;0.10;.US500Cash;5 812.0;5 810.8;5 611.9;2025.05.12 10:01:32;5 811.1;-0.01;;0.09;[sl]
2025.05.12 10:00:04;Sell;0.10;.US500Cash;5 756.5;5 816.1;5 556.1;2025.05.12 10:01:21;5 815.2;-0.01;;-5.87;[sl]
2025.05.12 10:00:03;Sell;0.10;.US500Cash;5 751.4;5 812.1;5 552.1;2025.05.12 10:01:15;5 813.8;-0.01;;-6.24;[sl]
2025.05.12 04:46:06;Sell;0.10;.US500Cash;5 737.8;5 797.6;5 537.6;2025.05.12 10:00:35;5 798.0;-0.01;;-6.02;[sl]
2025.05.01 02:00:00;Sell Stop;0.01;XAUUSD;2 834.94;2 855.22;2 807.89;2025.05.12 01:06:18;3 284.24;;;;cancelled
2025.04.25 01:05:51;Buy Stop;0.02;XAUUSD;3 497.55;3 486.02;3 591.74;2025.05.12 01:06:18;3 284.40;;;;cancelled
2025.05.09 01:05:02;Buy Stop;0.01;XAUUSD;3 495.35;3 470.93;3 527.29;2025.05.12 01:06:17;3 285.53;;;;cancelled
2025.05.08 02:00:00;Sell Stop;0.01;XAUUSD;3 204.38;3 228.11;3 173.35;2025.05.12 01:06:17;3 284.80;;;;cancelled
2025.04.25 01:05:51;Buy Stop;0.02;XAUUSD;3 497.20;3 483.62;3 523.01;2025.05.12 01:06:17;3 285.38;;;;cancelled
2025.04.25 01:05:51;Buy Stop;0.01;XAUUSD;3 497.10;3 469.73;3 532.89;2025.05.12 01:06:16;3 284.50;;;;cancelled
2025.04.24 18:00:00;Sell Stop;0.02;XAUUSD;2 582.74;2 599.63;2 557.40;2025.05.12 01:06:16;3 284.35;;;;cancelled
2025.05.09 19:00:46;Buy;0.01;.US500Cash;5 672.8;5 675.0;5 873.0;2025.05.09 22:09:17;5 674.9;;;0.02;[sl]
2025.05.09 19:00:42;Buy;0.01;.US500Cash;5 672.8;5 675.0;5 872.6;2025.05.09 22:09:17;5 674.9;;;0.02;[sl]
2025.05.09 19:00:39;Buy;0.01;.US500Cash;5 672.2;5 675.0;5 872.3;2025.05.09 22:09:17;5 674.9;;;0.03;[sl]
2025.05.09 19:00:20;Buy;0.01;.US500Cash;5 673.2;5 675.0;5 873.5;2025.05.09 22:09:17;5 674.9;;;0.02;[sl]
2025.05.09 19:00:15;Buy;0.01;.US500Cash;5 673.1;5 675.0;5 873.6;2025.05.09 22:09:17;5 674.9;;;0.02;[sl]
2025.05.09 20:23:31;Buy;0.01;.US500Cash;5 660.1;5 661.2;5 860.2;2025.05.09 20:41:25;5 661.3;;;0.01;[sl]
2025.05.09 20:25:04;Buy;0.01;.US500Cash;5 659.2;5 660.2;5 859.5;2025.05.09 20:27:11;5 660.1;;;0.01;[sl]
2025.05.09 20:24:30;Buy;0.01;.US500Cash;5 657.2;5 660.0;5 857.5;2025.05.09 20:25:38;5 660.4;;;0.03;[sl]
2025.05.09 20:24:09;Buy;0.01;.US500Cash;5 655.6;5 660.0;5 855.4;2025.05.09 20:25:38;5 660.3;;;0.05;[sl]
2025.05.09 20:23:50;Buy;0.01;.US500Cash;5 657.4;5 660.0;5 858.4;2025.05.09 20:25:38;5 660.4;;;0.03;[sl]
2025.05.09 20:24:24;Buy;0.01;.US500Cash;5 656.2;5 657.9;5 855.4;2025.05.09 20:24:53;5 658.1;;;0.02;[sl]
2025.05.09 20:23:15;Buy;0.01;.US500Cash;5 658.9;5 661.1;5 859.7;2025.05.09 20:23:29;5 660.9;;;0.02;[sl]
2025.05.09 20:22:40;Buy;0.01;.US500Cash;5 654.1;5 661.0;5 855.1;2025.05.09 20:23:29;5 661.0;;;0.07;[sl]
2025.05.09 20:22:38;Buy;0.01;.US500Cash;5 654.2;5 661.1;5 854.9;2025.05.09 20:23:29;5 660.9;;;0.07;[sl]
2025.05.09 20:22:35;Buy;0.01;.US500Cash;5 653.7;5 661.0;5 853.9;2025.05.09 20:23:29;5 661.0;;;0.07;[sl]
2025.05.09 20:20:17;Buy;0.01;.US500Cash;5 658.5;5 661.0;5 859.2;2025.05.09 20:23:29;5 660.9;;;0.02;[sl]
2025.05.09 20:22:31;Buy;0.01;.US500Cash;5 652.1;5 654.2;5 847.8;2025.05.09 20:23:13;5 655.3;;;0.03;[sl]
2025.05.09 20:21:41;Buy;0.01;.US500Cash;5 656.2;5 657.6;5 855.8;2025.05.09 20:22:27;5 649.9;;;-0.06;[sl]
2025.05.09 20:21:23;Buy;0.01;.US500Cash;5 656.6;5 657.7;5 856.8;2025.05.09 20:22:27;5 654.6;;;-0.02;[sl]
2025.05.09 20:21:07;Buy;0.01;.US500Cash;5 656.5;5 657.7;5 856.4;2025.05.09 20:22:27;5 649.9;;;-0.07;[sl]
2025.05.09 20:21:02;Buy;0.01;.US500Cash;5 655.7;5 657.7;5 856.0;2025.05.09 20:22:27;5 654.6;;;-0.01;[sl]
2025.05.09 18:07:49;Buy;0.01;.US500Cash;5 669.7;5 671.8;5 870.3;2025.05.09 18:52:59;5 671.5;;;0.02;[sl]
2025.05.09 18:06:11;Buy;0.01;.US500Cash;5 669.7;5 671.6;5 870.3;2025.05.09 18:52:59;5 671.5;;;0.02;[sl]
2025.05.09 18:07:12;Buy;0.01;.US500Cash;5 669.3;5 670.4;5 870.2;2025.05.09 18:52:09;5 670.3;;;0.01;[sl]
2025.05.09 18:06:06;Buy;0.01;.US500Cash;5 669.3;5 670.4;5 870.3;2025.05.09 18:52:09;5 670.3;;;0.01;[sl]
2025.05.09 18:18:49;Buy;0.01;.US500Cash;5 668.0;5 670.2;5 868.4;2025.05.09 18:50:35;5 670.0;;;0.02;[sl]
2025.05.09 18:05:14;Buy;0.01;.US500Cash;5 669.3;5 670.4;5 870.3;2025.05.09 18:50:17;5 670.4;;;0.01;[sl]
2025.05.09 18:18:54;Buy;0.01;.US500Cash;5 667.8;5 667.8;5 868.0;2025.05.09 18:48:17;5 667.9;;;0.00;[sl]
2025.05.09 18:19:23;Buy;0.01;.US500Cash;5 666.7;5 666.7;5 867.0;2025.05.09 18:36:12;5 666.5;;;0.00;[sl]
2025.05.09 18:19:11;Buy;0.01;.US500Cash;5 666.5;5 667.6;5 866.5;2025.05.09 18:36:10;5 667.6;;;0.01;[sl]
2025.05.09 18:19:20;Buy;0.01;.US500Cash;5 666.2;5 666.2;5 866.7;2025.05.09 18:35:23;5 666.4;;;0.00;[sl]
2025.05.09 18:15:20;Buy;0.01;.US500Cash;5 665.8;5 668.0;5 865.4;2025.05.09 18:18:46;5 667.5;;;0.02;[sl]
2025.05.09 18:15:23;Buy;0.01;.US500Cash;5 664.7;5 668.0;5 864.9;2025.05.09 18:18:45;5 668.0;;;0.03;[sl]
2025.05.09 18:15:17;Buy;0.01;.US500Cash;5 664.8;5 668.1;5 865.4;2025.05.09 18:18:42;5 668.4;;;0.04;[sl]
2025.05.09 18:15:05;Buy;0.01;.US500Cash;5 664.8;5 668.1;5 865.4;2025.05.09 18:18:42;5 668.4;;;0.04;[sl]
2025.05.09 18:15:04;Buy;0.01;.US500Cash;5 665.5;5 668.1;5 865.7;2025.05.09 18:18:42;5 668.4;;;0.03;[sl]
2025.05.09 17:52:13;Buy;0.01;.US500Cash;5 663.6;5 664.6;5 863.6;2025.05.09 18:01:11;5 664.5;;;0.01;[sl]
2025.05.09 17:52:42;Buy;0.01;.US500Cash;5 662.2;5 664.0;5 863.2;2025.05.09 17:59:03;5 664.1;;;0.02;[sl]
2025.05.09 17:54:58;Buy;0.01;.US500Cash;5 658.3;5 661.1;5 858.1;2025.05.09 17:57:18;5 661.3;;;0.03;[sl]
2025.05.09 17:55:06;Buy;0.01;.US500Cash;5 659.2;5 661.2;5 859.3;2025.05.09 17:57:11;5 661.5;;;0.02;[sl]
2025.05.09 17:54:42;Buy;0.01;.US500Cash;5 655.1;5 658.4;5 855.2;2025.05.09 17:55:20;5 657.5;;;0.02;[sl]
2025.05.09 17:50:01;Buy;0.01;.US500Cash;5 661.5;5 663.4;5 862.1;2025.05.09 17:52:05;5 662.9;;;0.01;[sl]
2025.05.09 17:49:59;Buy;0.01;.US500Cash;5 661.4;5 663.4;5 861.9;2025.05.09 17:52:05;5 662.9;;;0.02;[sl]
2025.05.09 17:46:04;Buy;0.01;.US500Cash;5 661.5;5 663.4;5 861.6;2025.05.09 17:52:05;5 662.9;;;0.01;[sl]
2025.05.09 17:46:01;Buy;0.01;.US500Cash;5 660.4;5 663.4;5 860.4;2025.05.09 17:52:05;5 662.9;;;0.03;[sl]
2025.05.09 17:45:45;Buy;0.01;.US500Cash;5 660.5;5 663.4;5 860.6;2025.05.09 17:52:05;5 662.9;;;0.02;[sl]
2025.05.09 17:46:26;Buy;0.01;.US500Cash;5 659.1;5 660.2;5 859.5;2025.05.09 17:49:52;5 660.4;;;0.01;[sl]
2025.05.09 17:45:33;Buy;0.01;.US500Cash;5 659.2;5 660.2;5 859.4;2025.05.09 17:49:52;5 660.4;;;0.01;[sl]
2025.05.09 14:39:30;Sell;0.01;.US500Cash;5 668.7;5 663.1;5 468.9;2025.05.09 17:26:52;5 662.9;;;0.06;[sl]
2025.05.09 14:38:47;Sell;0.01;.US500Cash;5 667.7;5 663.0;5 467.4;2025.05.09 17:26:52;5 662.9;;;0.05;[sl]
2025.05.09 14:38:58;Sell;0.01;.US500Cash;5 666.7;5 664.7;5 467.1;2025.05.09 17:26:33;5 664.5;;;0.02;[sl]
2025.05.09 14:38:44;Sell;0.01;.US500Cash;5 668.0;5 664.7;5 468.0;2025.05.09 17:26:33;5 664.5;;;0.04;[sl]
2025.05.09 14:40:08;Sell;0.01;.US500Cash;5 670.2;5 670.2;5 469.9;2025.05.09 17:24:10;5 670.0;;;0.00;[sl]
2025.05.09 14:38:21;Sell;0.01;.US500Cash;5 669.2;5 668.0;5 469.4;2025.05.09 14:39:12;5 668.1;;;0.01;[sl]
2025.05.09 14:38:26;Sell;0.01;.US500Cash;5 669.2;5 668.0;5 469.0;2025.05.09 14:39:11;5 668.1;;;0.01;[sl]
2025.05.09 14:38:18;Sell;0.01;.US500Cash;5 670.0;5 668.7;5 470.2;2025.05.09 14:38:42;5 668.7;;;0.01;[sl]
2025.05.09 14:38:15;Sell;0.01;.US500Cash;5 670.0;5 668.7;5 470.1;2025.05.09 14:38:42;5 668.8;;;0.01;[sl]
2025.05.09 14:38:09;Sell;0.01;.US500Cash;5 670.9;5 668.7;5 470.9;2025.05.09 14:38:42;5 668.7;;;0.02;[sl]
2025.05.09 14:32:17;Sell;0.01;.US500Cash;5 671.1;5 671.1;5 470.9;2025.05.09 14:38:05;5 671.1;;;0.00;[sl]
2025.05.09 14:37:24;Sell;0.01;.US500Cash;5 670.3;5 670.3;5 471.0;2025.05.09 14:38:04;5 671.0;;;-0.01;[sl]
2025.05.09 14:37:21;Sell;0.01;.US500Cash;5 670.5;5 670.5;5 470.6;2025.05.09 14:38:04;5 670.8;;;0.00;[sl]
2025.05.09 14:32:15;Sell;0.01;.US500Cash;5 670.9;5 670.9;5 471.1;2025.05.09 14:38:04;5 670.8;;;0.00;[sl]
2025.05.09 14:30:58;Sell;0.01;.US500Cash;5 670.7;5 670.7;5 471.4;2025.05.09 14:38:04;5 671.0;;;0.00;[sl]
2025.05.09 14:36:22;Sell;0.01;.US500Cash;5 671.5;5 671.5;5 471.7;2025.05.09 14:37:20;5 671.3;;;0.00;[sl]
2025.05.09 14:30:19;Sell;0.01;.US500Cash;5 671.5;5 671.5;5 473.0;2025.05.09 14:37:20;5 671.3;;;0.00;[sl]
2025.05.09 14:30:56;Sell;0.01;.US500Cash;5 671.9;5 671.9;5 472.1;2025.05.09 14:36:19;5 671.6;;;0.00;[sl]
2025.05.09 14:32:00;Sell;0.01;.US500Cash;5 673.1;5 673.1;5 473.0;2025.05.09 14:32:12;5 672.5;;;0.01;[sl]
2025.05.09 14:31:12;Sell;0.01;.US500Cash;5 673.5;5 673.5;5 473.7;2025.05.09 14:32:12;5 672.7;;;0.01;[sl]
2025.05.09 14:31:11;Sell;0.01;.US500Cash;5 674.2;5 674.2;5 473.9;2025.05.09 14:31:58;5 673.7;;;0.01;[sl]
2025.05.09 14:30:10;Sell;0.01;.US500Cash;5 672.8;5 672.8;5 472.3;2025.05.09 14:31:08;5 673.3;;;-0.01;[sl]
2025.05.09 14:30:24;Sell;0.01;.US500Cash;5 673.8;5 672.2;5 473.8;2025.05.09 14:31:03;5 672.2;;;0.02;[sl]
2025.05.09 14:30:27;Sell;0.01;.US500Cash;5 673.4;5 673.4;5 474.1;2025.05.09 14:30:48;5 672.7;;;0.01;[sl]
2025.05.09 14:30:26;Sell;0.01;.US500Cash;5 674.0;5 673.0;5 474.0;2025.05.09 14:30:48;5 673.0;;;0.01;[sl]
2025.05.09 14:30:05;Sell;0.01;.US500Cash;5 673.7;5 673.7;5 473.6;2025.05.09 14:30:22;5 674.3;;;-0.01;[sl]
2025.05.09 14:30:04;Sell;0.01;.US500Cash;5 673.6;5 673.6;5 474.1;2025.05.09 14:30:21;5 673.8;;;0.00;[sl]
2025.05.09 14:30:03;Sell;0.01;.US500Cash;5 674.8;5 672.9;5 474.1;2025.05.09 14:30:21;5 673.8;;;0.01;[sl]
2025.05.09 14:30:02;Sell;0.01;.US500Cash;5 674.4;5 674.4;5 474.6;2025.05.09 14:30:17;5 673.9;;;0.01;[sl]
2025.05.09 08:27:58;Sell;0.01;.US500Cash;5 665.9;5 665.9;5 465.9;2025.05.09 14:27:01;5 667.8;;;-0.02;[sl]
2025.05.09 14:26:37;Sell;0.01;.US500Cash;5 683.1;5 675.4;5 483.2;2025.05.09 14:26:45;5 676.8;;;0.06;[sl]
2025.05.09 12:35:02;Sell Stop;0.01;.US500Cash;5 670.6;5 730.6;5 470.6;2025.05.09 13:09:57;5 678.9;;;;expiration
2025.05.09 08:28:29;Sell;0.01;.US500Cash;5 666.9;5 666.9;5 466.9;2025.05.09 11:17:39;5 667.0;;;0.00;[sl]
2025.05.09 08:27:19;Sell;0.01;.US500Cash;5 666.4;5 666.4;5 466.4;2025.05.09 11:17:25;5 666.5;;;0.00;[sl]
2025.05.09 08:28:14;Sell;0.01;.US500Cash;5 666.3;5 666.3;5 466.4;2025.05.09 11:17:24;5 666.3;;;0.00;[sl]
2025.05.09 08:29:13;Sell;0.01;.US500Cash;5 667.2;5 667.2;5 467.2;2025.05.09 10:23:29;5 667.4;;;0.00;[sl]
2025.05.09 08:23:16;Sell;0.01;.US500Cash;5 667.9;5 667.9;5 467.9;2025.05.09 08:29:12;5 667.9;;;0.00;[sl]
2025.05.09 08:25:19;Sell;0.01;.US500Cash;5 668.4;5 667.1;5 468.4;2025.05.09 08:28:12;5 667.0;;;0.01;[sl]
2025.05.09 08:23:22;Sell;0.01;.US500Cash;5 668.4;5 667.1;5 468.4;2025.05.09 08:28:12;5 667.0;;;0.01;[sl]
2025.05.09 08:21:33;Sell;0.01;.US500Cash;5 668.9;5 667.5;5 468.9;2025.05.09 08:27:13;5 667.6;;;0.01;[sl]
2025.05.09 08:15:28;Sell;0.01;.US500Cash;5 669.9;5 667.5;5 469.9;2025.05.09 08:27:13;5 667.6;;;0.02;[sl]
2025.05.09 08:20:27;Sell;0.01;.US500Cash;5 669.2;5 669.2;5 468.9;2025.05.09 08:24:04;5 668.9;;;0.00;[sl]
2025.05.09 08:15:54;Sell;0.01;.US500Cash;5 670.9;5 669.0;5 471.0;2025.05.09 08:22:40;5 669.1;;;0.02;[sl]
2025.05.09 08:15:15;Sell;0.01;.US500Cash;5 670.7;5 669.0;5 470.8;2025.05.09 08:22:40;5 669.1;;;0.02;[sl]
2025.05.09 08:16:10;Sell;0.01;.US500Cash;5 671.5;5 670.4;5 471.4;2025.05.09 08:19:52;5 669.5;;;0.02;[sl]
2025.05.09 08:16:02;Sell;0.01;.US500Cash;5 671.4;5 670.4;5 471.4;2025.05.09 08:19:52;5 669.5;;;0.02;[sl]
2025.05.09 04:15:12;Buy;0.01;.US500Cash;5 659.8;5 661.9;5 859.8;2025.05.09 04:23:38;5 661.9;;;0.02;[sl]
2025.05.09 04:00:15;Buy;0.01;.US500Cash;5 658.8;5 661.9;5 858.5;2025.05.09 04:23:38;5 661.9;;;0.03;[sl]
2025.05.09 04:00:21;Buy;0.01;.US500Cash;5 658.8;5 661.7;5 858.6;2025.05.09 04:18:54;5 661.7;;;0.03;[sl]
2025.05.09 04:00:35;Buy;0.01;.US500Cash;5 659.1;5 659.1;5 859.2;2025.05.09 04:14:09;5 659.2;;;0.00;[sl]
2025.05.09 04:00:12;Buy;0.01;.US500Cash;5 658.0;5 659.2;5 858.0;2025.05.09 04:14:09;5 659.2;;;0.01;[sl]
2025.05.09 04:00:04;Buy;0.01;.US500Cash;5 657.9;5 659.2;5 858.0;2025.05.09 04:14:09;5 659.2;;;0.01;[sl]
2025.05.09 03:50:28;Buy;0.01;.US500Cash;5 656.5;5 657.8;5 856.5;2025.05.09 04:00:47;5 657.7;;;0.01;[sl]
2025.05.07 01:05:00;Buy Stop;0.01;XAUUSD;3 495.53;3 472.01;3 526.29;2025.05.09 01:05:02;3 310.92;;;;cancelled
2025.05.06 05:00:00;Buy Stop;0.01;XAUUSD;3 499.11;3 480.39;3 572.10;2025.05.08 22:00:02;3 308.99;;;;cancelled
2025.05.08 21:19:50;Buy;0.01;.US500Cash;5 704.0;5 707.4;5 904.2;2025.05.08 21:34:49;5 707.8;;;0.04;[sl]
2025.05.08 21:19:11;Buy;0.01;.US500Cash;5 705.0;5 707.4;5 905.1;2025.05.08 21:34:49;5 707.4;;;0.02;[sl]
2025.05.08 21:18:06;Buy;0.01;.US500Cash;5 705.3;5 707.4;5 906.1;2025.05.08 21:34:49;5 707.8;;;0.03;[sl]
2025.05.08 21:17:22;Buy;0.01;.US500Cash;5 705.7;5 707.4;5 906.2;2025.05.08 21:34:49;5 707.4;;;0.02;[sl]
2025.05.08 21:16:06;Buy;0.01;.US500Cash;5 706.4;5 707.4;5 906.1;2025.05.08 21:34:49;5 707.8;;;0.01;[sl]
2025.05.08 21:15:34;Buy;0.01;.US500Cash;5 703.3;5 704.9;5 903.2;2025.05.08 21:16:34;5 705.1;;;0.02;[sl]
2025.05.08 21:12:16;Buy;0.01;.US500Cash;5 702.5;5 704.9;5 902.9;2025.05.08 21:16:34;5 705.0;;;0.03;[sl]
2025.05.08 21:12:03;Buy;0.01;.US500Cash;5 702.3;5 704.9;5 901.9;2025.05.08 21:16:34;5 705.1;;;0.03;[sl]
2025.05.08 21:10:32;Buy;0.01;.US500Cash;5 703.1;5 705.0;5 903.5;2025.05.08 21:16:34;5 705.0;;;0.02;[sl]
2025.05.08 21:11:49;Buy;0.01;.US500Cash;5 700.0;5 701.5;5 899.8;2025.05.08 21:12:49;5 701.6;;;0.02;[sl]
2025.05.08 18:29:10;Buy;0.01;.US500Cash;5 686.4;5 688.5;5 886.5;2025.05.08 18:39:51;5 688.5;;;0.02;[sl]
2025.05.08 18:29:13;Buy;0.01;.US500Cash;5 687.0;5 688.4;5 887.2;2025.05.08 18:39:50;5 688.1;;;0.01;[sl]
2025.05.08 18:29:58;Buy;0.01;.US500Cash;5 680.5;5 681.7;5 880.7;2025.05.08 18:32:39;5 682.6;;;0.02;[sl]
2025.05.08 18:30:00;Buy;0.01;.US500Cash;5 679.8;5 679.8;5 879.2;2025.05.08 18:31:08;5 679.8;;;0.00;[sl]
2025.05.08 18:29:41;Buy;0.01;.US500Cash;5 685.3;5 685.3;5 885.3;2025.05.08 18:29:52;5 682.7;;;-0.03;[sl]
2025.05.08 18:29:35;Buy;0.01;.US500Cash;5 685.2;5 685.2;5 885.1;2025.05.08 18:29:52;5 682.8;;;-0.02;[sl]
2025.05.08 18:29:38;Buy;0.01;.US500Cash;5 685.5;5 685.5;5 885.5;2025.05.08 18:29:49;5 685.8;;;0.00;[sl]
2025.05.08 18:28:47;Buy;0.01;.US500Cash;5 683.3;5 685.8;5 883.3;2025.05.08 18:29:14;5 686.3;;;0.03;[sl]
2025.05.08 18:28:37;Buy;0.01;.US500Cash;5 683.2;5 685.8;5 883.2;2025.05.08 18:29:14;5 686.0;;;0.03;[sl]
2025.05.08 18:26:22;Buy;0.01;.US500Cash;5 679.5;5 682.0;5 879.8;2025.05.08 18:28:38;5 682.8;;;0.03;[sl]
2025.05.08 18:26:15;Buy;0.01;.US500Cash;5 680.4;5 681.8;5 880.5;2025.05.08 18:28:35;5 682.7;;;0.02;[sl]
2025.05.08 18:26:02;Buy;0.01;.US500Cash;5 680.1;5 682.0;5 880.1;2025.05.08 18:28:35;5 682.7;;;0.03;[sl]
2025.05.08 18:26:00;Buy;0.01;.US500Cash;5 679.8;5 681.9;5 880.2;2025.05.08 18:28:35;5 682.7;;;0.03;[sl]
2025.05.08 18:25:59;Buy;0.01;.US500Cash;5 679.7;5 681.7;5 879.3;2025.05.08 18:28:35;5 682.7;;;0.03;[sl]
2025.05.08 18:25:57;Buy;0.01;.US500Cash;5 679.2;5 679.2;5 879.1;2025.05.08 18:26:21;5 678.6;;;-0.01;[sl]
2025.05.08 18:25:39;Buy;0.01;.US500Cash;5 678.2;5 679.5;5 876.9;2025.05.08 18:26:13;5 679.9;;;0.02;[sl]
2025.05.08 18:25:46;Buy;0.01;.US500Cash;5 677.8;5 677.8;5 877.4;2025.05.08 18:25:56;5 678.7;;;0.01;[sl]
2025.05.08 18:25:32;Buy;0.01;.US500Cash;5 678.1;5 678.1;5 878.1;2025.05.08 18:25:56;5 678.7;;;0.01;[sl]
2025.05.08 18:25:31;Buy;0.01;.US500Cash;5 678.0;5 678.0;5 878.0;2025.05.08 18:25:56;5 678.7;;;0.01;[sl]
2025.05.08 18:25:29;Buy;0.01;.US500Cash;5 677.8;5 677.8;5 877.8;2025.05.08 18:25:52;5 678.6;;;0.01;[sl]
2025.05.08 18:25:38;Buy;0.01;.US500Cash;5 676.9;5 676.9;5 876.6;2025.05.08 18:25:43;5 677.6;;;0.01;[sl]
2025.05.08 18:25:00;Buy;0.01;.US500Cash;5 677.4;5 677.4;5 877.1;2025.05.08 18:25:26;5 677.6;;;0.00;[sl]
2025.05.08 18:25:14;Buy;0.01;.US500Cash;5 677.8;5 677.8;5 877.8;2025.05.08 18:25:24;5 678.7;;;0.01;[sl]
2025.05.08 18:25:08;Buy;0.01;.US500Cash;5 678.2;5 678.2;5 878.1;2025.05.08 18:25:24;5 678.7;;;0.01;[sl]
2025.05.08 18:25:05;Buy;0.01;.US500Cash;5 678.1;5 678.1;5 878.0;2025.05.08 18:25:24;5 678.7;;;0.01;[sl]
2025.05.08 18:25:03;Buy;0.01;.US500Cash;5 677.7;5 677.7;5 877.7;2025.05.08 18:25:24;5 678.7;;;0.01;[sl]
2025.05.08 18:24:31;Buy;0.01;.US500Cash;5 675.6;5 676.7;5 875.7;2025.05.08 18:25:13;5 677.4;;;0.02;[sl]
2025.05.08 18:24:27;Buy;0.01;.US500Cash;5 675.5;5 676.5;5 875.6;2025.05.08 18:24:58;5 676.5;;;0.01;[sl]
2025.05.08 18:24:11;Buy;0.01;.US500Cash;5 673.6;5 676.5;5 873.6;2025.05.08 18:24:58;5 676.7;;;0.03;[sl]
2025.05.08 18:24:06;Buy;0.01;.US500Cash;5 674.4;5 676.5;5 874.4;2025.05.08 18:24:58;5 676.5;;;0.02;[sl]
2025.05.08 18:24:00;Buy;0.01;.US500Cash;5 674.8;5 676.5;5 874.8;2025.05.08 18:24:58;5 676.7;;;0.02;[sl]
2025.05.08 18:24:15;Buy;0.01;.US500Cash;5 674.1;5 674.1;5 873.9;2025.05.08 18:24:26;5 674.7;;;0.01;[sl]
2025.05.08 18:24:14;Buy;0.01;.US500Cash;5 673.9;5 673.9;5 873.8;2025.05.08 18:24:25;5 674.7;;;0.01;[sl]
2025.05.08 18:23:13;Buy;0.01;.US500Cash;5 671.3;5 673.5;5 871.5;2025.05.08 18:24:09;5 673.2;;;0.02;[sl]
2025.05.08 18:22:53;Buy;0.01;.US500Cash;5 672.4;5 673.6;5 872.4;2025.05.08 18:24:09;5 673.2;;;0.01;[sl]
2025.05.08 18:22:09;Buy;0.01;.US500Cash;5 672.1;5 673.6;5 872.0;2025.05.08 18:24:09;5 673.2;;;0.01;[sl]
2025.05.08 18:21:01;Buy;0.01;.US500Cash;5 671.8;5 673.7;5 870.8;2025.05.08 18:24:06;5 673.9;;;0.02;[sl]
2025.05.08 18:22:17;Buy;0.01;.US500Cash;5 672.6;5 673.7;5 872.0;2025.05.08 18:23:57;5 674.5;;;0.02;[sl]
2025.05.08 18:22:56;Buy;0.01;.US500Cash;5 670.8;5 670.8;5 871.1;2025.05.08 18:23:10;5 670.8;;;0.00;[sl]
2025.05.08 18:21:00;Buy;0.01;.US500Cash;5 671.3;5 671.3;5 870.4;2025.05.08 18:22:55;5 671.0;;;0.00;[sl]
2025.05.08 18:22:33;Buy;0.01;.US500Cash;5 670.1;5 671.5;5 870.1;2025.05.08 18:22:51;5 671.7;;;0.02;[sl]
2025.05.08 18:22:15;Buy;0.01;.US500Cash;5 671.1;5 671.1;5 871.4;2025.05.08 18:22:26;5 670.7;;;0.00;[sl]
2025.05.08 18:21:47;Buy;0.01;.US500Cash;5 669.8;5 671.2;5 869.4;2025.05.08 18:22:10;5 671.1;;;0.01;[sl]
2025.05.08 18:21:04;Buy;0.01;.US500Cash;5 670.1;5 671.2;5 870.5;2025.05.08 18:22:10;5 671.1;;;0.01;[sl]
2025.05.08 18:20:59;Buy;0.01;.US500Cash;5 670.1;5 671.5;5 869.7;2025.05.08 18:22:08;5 671.6;;;0.02;[sl]
2025.05.08 18:21:06;Buy;0.01;.US500Cash;5 669.7;5 669.7;5 869.8;2025.05.08 18:21:45;5 668.2;;;-0.02;[sl]
2025.05.08 18:20:40;Buy;0.01;.US500Cash;5 665.9;5 670.7;5 866.1;2025.05.08 18:20:56;5 666.9;;;0.01;[sl]
2025.05.08 18:20:38;Buy;0.01;.US500Cash;5 665.8;5 670.7;5 865.8;2025.05.08 18:20:56;5 666.9;;;0.01;[sl]
2025.05.08 18:20:34;Buy;0.01;.US500Cash;5 665.3;5 670.9;5 865.5;2025.05.08 18:20:56;5 666.9;;;0.02;[sl]
2025.05.08 18:19:24;Buy;0.01;.US500Cash;5 665.4;5 670.7;5 865.1;2025.05.08 18:20:56;5 666.9;;;0.02;[sl]
2025.05.08 18:19:34;Buy;0.01;.US500Cash;5 665.2;5 671.8;5 865.1;2025.05.08 18:20:54;5 671.7;;;0.07;[sl]
2025.05.08 18:19:08;Buy;0.01;.US500Cash;5 664.9;5 664.9;5 864.8;2025.05.08 18:20:33;5 665.0;;;0.00;[sl]
2025.05.08 18:19:05;Buy;0.01;.US500Cash;5 664.7;5 664.7;5 864.6;2025.05.08 18:20:33;5 665.0;;;0.00;[sl]
2025.05.08 18:19:10;Buy;0.01;.US500Cash;5 665.0;5 665.0;5 865.2;2025.05.08 18:20:32;5 665.0;;;0.00;[sl]
2025.05.08 18:19:04;Buy;0.01;.US500Cash;5 664.3;5 664.3;5 864.3;2025.05.08 18:19:22;5 664.4;;;0.00;[sl]
2025.05.08 18:17:31;Buy;0.01;.US500Cash;5 663.3;5 664.4;5 863.4;2025.05.08 18:19:18;5 664.5;;;0.01;[sl]
2025.05.08 18:18:09;Buy;0.01;.US500Cash;5 662.3;5 664.2;5 862.9;2025.05.08 18:19:02;5 664.2;;;0.02;[sl]
2025.05.08 18:17:52;Buy;0.01;.US500Cash;5 663.1;5 664.1;5 863.1;2025.05.08 18:19:02;5 664.2;;;0.01;[sl]
2025.05.08 18:17:47;Buy;0.01;.US500Cash;5 662.3;5 664.1;5 862.7;2025.05.08 18:19:02;5 664.2;;;0.02;[sl]
2025.05.08 18:17:45;Buy;0.01;.US500Cash;5 662.8;5 664.1;5 862.6;2025.05.08 18:19:02;5 664.2;;;0.01;[sl]
2025.05.08 18:15:22;Buy;0.01;.US500Cash;5 662.2;5 664.1;5 863.2;2025.05.08 18:19:02;5 664.2;;;0.02;[sl]
2025.05.08 18:14:17;Buy;0.01;.US500Cash;5 662.4;5 664.1;5 862.3;2025.05.08 18:19:02;5 664.2;;;0.02;[sl]
2025.05.08 18:14:08;Buy;0.01;.US500Cash;5 662.0;5 664.1;5 862.0;2025.05.08 18:19:02;5 664.2;;;0.02;[sl]
2025.05.08 18:15:50;Buy;0.01;.US500Cash;5 662.3;5 662.3;5 862.2;2025.05.08 18:17:34;5 662.1;;;0.00;[sl]
2025.05.08 18:15:50;Buy;0.01;.US500Cash;5 662.2;5 662.2;5 862.3;2025.05.08 18:17:34;5 662.1;;;0.00;[sl]
2025.05.08 18:15:48;Buy;0.01;.US500Cash;5 662.1;5 662.1;5 862.4;2025.05.08 18:17:34;5 662.1;;;0.00;[sl]
2025.05.08 18:15:46;Buy;0.01;.US500Cash;5 662.3;5 662.3;5 863.1;2025.05.08 18:17:34;5 662.1;;;0.00;[sl]
2025.05.08 18:16:53;Buy;0.01;.US500Cash;5 661.1;5 662.7;5 861.2;2025.05.08 18:17:22;5 662.7;;;0.02;[sl]
2025.05.08 18:16:20;Buy;0.01;.US500Cash;5 660.7;5 660.7;5 860.9;2025.05.08 18:16:52;5 660.9;;;0.00;[sl]
2025.05.08 18:16:05;Buy;0.01;.US500Cash;5 660.9;5 660.9;5 860.9;2025.05.08 18:16:16;5 660.4;;;-0.01;[sl]
2025.05.08 18:15:28;Buy;0.01;.US500Cash;5 662.2;5 662.2;5 861.9;2025.05.08 18:15:45;5 662.4;;;0.00;[sl]
2025.05.08 18:15:03;Buy;0.01;.US500Cash;5 661.8;5 661.8;5 861.9;2025.05.08 18:15:45;5 661.5;;;0.00;[sl]
2025.05.08 18:15:02;Buy;0.01;.US500Cash;5 661.8;5 661.8;5 861.9;2025.05.08 18:15:45;5 661.5;;;0.00;[sl]
2025.05.08 18:15:01;Buy;0.01;.US500Cash;5 661.9;5 661.9;5 862.0;2025.05.08 18:15:45;5 661.6;;;0.00;[sl]
2025.05.08 18:15:00;Buy;0.01;.US500Cash;5 661.9;5 661.9;5 861.9;2025.05.08 18:15:45;5 661.6;;;0.00;[sl]
2025.05.08 18:14:24;Buy;0.01;.US500Cash;5 660.8;5 662.5;5 861.5;2025.05.08 18:15:45;5 662.2;;;0.01;[sl]
2025.05.08 18:14:14;Buy;0.01;.US500Cash;5 661.4;5 662.5;5 861.4;2025.05.08 18:15:45;5 662.4;;;0.01;[sl]
2025.05.08 18:15:04;Buy;0.01;.US500Cash;5 661.4;5 661.4;5 862.1;2025.05.08 18:15:26;5 661.6;;;0.00;[sl]
2025.05.08 18:11:06;Buy;0.01;.US500Cash;5 658.2;5 660.4;5 859.2;2025.05.08 18:14:05;5 660.4;;;0.02;[sl]
2025.05.08 18:11:02;Buy;0.01;.US500Cash;5 657.8;5 660.4;5 859.2;2025.05.08 18:14:05;5 660.4;;;0.03;[sl]
2025.05.08 18:10:18;Buy;0.01;.US500Cash;5 657.5;5 660.3;5 858.3;2025.05.08 18:14:05;5 660.3;;;0.03;[sl]
2025.05.08 18:10:15;Buy;0.01;.US500Cash;5 657.5;5 660.3;5 857.4;2025.05.08 18:14:05;5 660.3;;;0.03;[sl]
2025.05.08 18:10:11;Buy;0.01;.US500Cash;5 656.8;5 660.2;5 857.4;2025.05.08 18:14:05;5 660.3;;;0.04;[sl]
2025.05.08 18:10:09;Buy;0.01;.US500Cash;5 656.3;5 657.5;5 857.5;2025.05.08 18:10:56;5 657.6;;;0.01;[sl]
2025.05.08 18:10:03;Buy;0.01;.US500Cash;5 656.4;5 657.5;5 857.5;2025.05.08 18:10:56;5 657.6;;;0.01;[sl]
2025.05.08 17:02:30;Buy;0.01;.US500Cash;5 664.8;5 666.1;5 865.3;2025.05.08 17:32:56;5 666.0;;;0.01;[sl]
2025.05.08 17:02:23;Buy;0.01;.US500Cash;5 664.3;5 665.7;5 864.5;2025.05.08 17:32:43;5 665.8;;;0.02;[sl]
2025.05.08 17:04:59;Buy;0.01;.US500Cash;5 661.9;5 662.9;5 862.3;2025.05.08 17:28:07;5 662.6;;;0.01;[sl]
2025.05.08 17:22:20;Buy;0.01;.US500Cash;5 658.8;5 660.0;5 858.8;2025.05.08 17:25:41;5 659.8;;;0.01;[sl]
2025.05.08 17:23:49;Buy;0.01;.US500Cash;5 655.8;5 658.6;5 856.3;2025.05.08 17:25:16;5 658.3;;;0.03;[sl]
2025.05.08 17:22:33;Buy;0.01;.US500Cash;5 656.5;5 657.8;5 856.5;2025.05.08 17:23:21;5 657.9;;;0.01;[sl]
2025.05.08 17:21:49;Buy;0.01;.US500Cash;5 658.6;5 660.5;5 859.2;2025.05.08 17:22:10;5 661.1;;;0.03;[sl]
2025.05.08 17:21:46;Buy;0.01;.US500Cash;5 657.7;5 661.2;5 858.3;2025.05.08 17:22:09;5 660.8;;;0.03;[sl]
2025.05.08 17:01:37;Buy;0.01;.US500Cash;5 662.8;5 664.8;5 863.2;2025.05.08 17:02:04;5 664.6;;;0.02;[sl]
2025.05.08 17:01:26;Buy;0.01;.US500Cash;5 662.6;5 664.8;5 863.2;2025.05.08 17:02:04;5 664.5;;;0.02;[sl]
2025.05.08 17:01:17;Buy;0.01;.US500Cash;5 662.3;5 664.8;5 863.2;2025.05.08 17:02:04;5 664.6;;;0.02;[sl]
2025.05.08 17:01:16;Buy;0.01;.US500Cash;5 662.7;5 664.7;5 863.2;2025.05.08 17:02:04;5 664.5;;;0.02;[sl]
2025.05.08 17:00:21;Buy;0.01;.US500Cash;5 658.2;5 661.4;5 858.2;2025.05.08 17:00:53;5 661.4;;;0.03;[sl]
2025.05.08 17:00:13;Buy;0.01;.US500Cash;5 657.8;5 661.4;5 859.2;2025.05.08 17:00:53;5 661.4;;;0.04;[sl]
2025.05.08 17:00:10;Buy;0.01;.US500Cash;5 658.3;5 661.4;5 859.2;2025.05.08 17:00:53;5 661.4;;;0.03;[sl]
2025.05.08 17:00:09;Buy;0.01;.US500Cash;5 658.3;5 661.4;5 859.0;2025.05.08 17:00:53;5 661.4;;;0.03;[sl]
2025.05.08 17:00:07;Buy;0.01;.US500Cash;5 658.3;5 661.4;5 859.1;2025.05.08 17:00:53;5 661.4;;;0.03;[sl]
2025.05.08 10:43:26;Sell;0.01;.US500Cash;5 675.2;5 673.3;5 475.3;2025.05.08 10:49:27;5 673.3;;;0.02;[sl]
2025.05.08 10:05:01;Buy;0.01;.US500Cash;5 672.1;5 674.7;5 872.0;2025.05.08 10:08:09;5 674.8;;;0.03;[sl]
2025.05.08 09:40:18;Buy;0.01;.US500Cash;5 666.0;5 668.9;5 866.1;2025.05.08 09:44:20;5 668.9;;;0.03;[sl]
2025.05.08 07:32:38;Sell;0.01;.US500Cash;5 676.4;5 674.3;5 476.4;2025.05.08 08:32:41;5 673.9;;;0.03;[sl]
2025.05.08 07:32:21;Sell;0.01;.US500Cash;5 676.4;5 674.3;5 476.4;2025.05.08 08:32:41;5 673.9;;;0.03;[sl]
2025.05.08 07:31:09;Sell;0.01;.US500Cash;5 676.4;5 674.2;5 476.4;2025.05.08 08:32:41;5 673.9;;;0.03;[sl]
2025.05.08 07:30:16;Sell;0.01;.US500Cash;5 676.4;5 674.2;5 476.4;2025.05.08 08:32:41;5 673.9;;;0.03;[sl]
2025.05.08 07:33:25;Sell;0.01;.US500Cash;5 676.9;5 676.9;5 476.9;2025.05.08 08:27:51;5 677.1;;;0.00;[sl]
2025.05.08 07:25:01;Sell Stop;0.01;.US500Cash;5 675.2;5 735.2;5 475.2;2025.05.08 07:59:44;5 679.2;;;;expiration
2025.05.06 01:05:08;Sell Stop;0.01;XAUUSD;3 204.32;3 227.37;3 174.17;2025.05.08 02:00:00;3 369.97;;;;cancelled
2025.05.07 17:29:10;Buy;0.01;.US500Cash;5 635.9;5 642.0;5 835.7;2025.05.07 22:42:40;5 642.1;;;0.06;[sl]
2025.05.07 17:30:24;Buy;0.01;.US500Cash;5 635.1;5 635.1;5 835.2;2025.05.07 22:42:25;5 635.9;;;0.01;[sl]
2025.05.07 21:35:00;Buy;0.01;.US500Cash;5 610.8;5 613.6;5 811.0;2025.05.07 21:36:51;5 612.8;;;0.02;[sl]
2025.05.07 21:34:54;Buy;0.01;.US500Cash;5 609.9;5 614.0;5 810.3;2025.05.07 21:36:50;5 613.8;;;0.04;[sl]
2025.05.07 21:34:31;Buy;0.01;.US500Cash;5 610.6;5 614.0;5 810.3;2025.05.07 21:36:50;5 613.7;;;0.03;[sl]
2025.05.07 21:34:24;Buy;0.01;.US500Cash;5 612.4;5 614.0;5 812.9;2025.05.07 21:36:50;5 613.8;;;0.01;[sl]
2025.05.07 21:34:22;Buy;0.01;.US500Cash;5 611.8;5 613.7;5 811.3;2025.05.07 21:36:50;5 613.8;;;0.02;[sl]
2025.05.07 21:33:59;Buy;0.01;.US500Cash;5 610.3;5 611.6;5 810.5;2025.05.07 21:34:28;5 611.1;;;0.01;[sl]
2025.05.07 21:33:19;Buy;0.01;.US500Cash;5 610.2;5 612.0;5 810.3;2025.05.07 21:34:28;5 611.2;;;0.01;[sl]
2025.05.07 21:33:00;Buy;0.01;.US500Cash;5 608.5;5 610.7;5 807.9;2025.05.07 21:34:05;5 610.1;;;0.02;[sl]
2025.05.07 21:32:08;Buy;0.01;.US500Cash;5 609.7;5 610.8;5 809.5;2025.05.07 21:34:05;5 610.5;;;0.01;[sl]
2025.05.07 21:32:07;Buy;0.01;.US500Cash;5 608.4;5 610.8;5 806.7;2025.05.07 21:34:05;5 611.0;;;0.03;[sl]
2025.05.07 21:32:38;Buy;0.01;.US500Cash;5 606.6;5 609.0;5 806.6;2025.05.07 21:33:17;5 608.7;;;0.02;[sl]
2025.05.07 21:32:34;Buy;0.01;.US500Cash;5 606.5;5 609.0;5 806.6;2025.05.07 21:33:17;5 608.7;;;0.02;[sl]
2025.05.07 21:32:28;Buy;0.01;.US500Cash;5 604.9;5 606.7;5 805.1;2025.05.07 21:32:44;5 606.6;;;0.02;[sl]
2025.05.07 21:32:01;Buy;0.01;.US500Cash;5 606.4;5 608.1;5 804.7;2025.05.07 21:32:11;5 608.6;;;0.02;[sl]
2025.05.07 21:31:35;Buy;0.01;.US500Cash;5 603.4;5 607.8;5 801.6;2025.05.07 21:32:11;5 608.6;;;0.05;[sl]
2025.05.07 21:27:45;Buy;0.01;.US500Cash;5 601.3;5 603.0;5 802.3;2025.05.07 21:31:53;5 603.3;;;0.02;[sl]
2025.05.07 21:31:27;Buy;0.01;.US500Cash;5 600.5;5 602.0;5 800.0;2025.05.07 21:31:39;5 602.2;;;0.02;[sl]
2025.05.07 21:27:39;Buy;0.01;.US500Cash;5 600.7;5 602.3;5 800.8;2025.05.07 21:31:39;5 602.2;;;0.02;[sl]
2025.05.07 21:30:04;Buy;0.01;.US500Cash;5 598.3;5 599.6;5 797.4;2025.05.07 21:31:31;5 600.0;;;0.02;[sl]
2025.05.07 21:29:59;Buy;0.01;.US500Cash;5 597.7;5 599.6;5 797.3;2025.05.07 21:31:31;5 600.0;;;0.02;[sl]
2025.05.07 21:30:45;Buy;0.01;.US500Cash;5 593.4;5 597.7;5 793.7;2025.05.07 21:31:14;5 598.7;;;0.05;[sl]
2025.05.07 21:26:19;Buy;0.01;.US500Cash;5 597.0;5 599.0;5 796.7;2025.05.07 21:27:37;5 599.0;;;0.02;[sl]
2025.05.07 21:26:03;Buy;0.01;.US500Cash;5 595.6;5 599.1;5 796.9;2025.05.07 21:27:37;5 599.0;;;0.03;[sl]
2025.05.07 21:25:54;Buy;0.01;.US500Cash;5 595.9;5 599.1;5 795.9;2025.05.07 21:27:37;5 599.0;;;0.03;[sl]
2025.05.07 21:25:41;Buy;0.01;.US500Cash;5 595.2;5 599.2;5 795.7;2025.05.07 21:27:34;5 599.3;;;0.04;[sl]
2025.05.07 21:25:25;Buy;0.01;.US500Cash;5 595.3;5 599.2;5 794.4;2025.05.07 21:27:34;5 599.3;;;0.04;[sl]
2025.05.07 21:25:35;Buy;0.01;.US500Cash;5 594.5;5 595.7;5 794.7;2025.05.07 21:26:13;5 595.2;;;0.01;[sl]
2025.05.07 21:25:32;Buy;0.01;.US500Cash;5 593.5;5 594.6;5 793.7;2025.05.07 21:25:49;5 594.8;;;0.01;[sl]
2025.05.07 21:25:14;Buy;0.01;.US500Cash;5 593.5;5 594.6;5 793.4;2025.05.07 21:25:28;5 593.2;;;0.00;[sl]
2025.05.07 21:25:05;Buy;0.01;.US500Cash;5 593.4;5 594.7;5 793.9;2025.05.07 21:25:28;5 593.1;;;0.00;[sl]
2025.05.07 19:20:18;Buy;0.01;.US500Cash;5 621.5;5 621.5;5 821.8;2025.05.07 19:42:47;5 621.6;;;0.00;[sl]
2025.05.07 19:20:23;Buy;0.01;.US500Cash;5 620.0;5 622.3;5 820.1;2025.05.07 19:42:46;5 621.9;;;0.02;[sl]
2025.05.07 19:20:21;Buy;0.01;.US500Cash;5 619.9;5 622.3;5 820.3;2025.05.07 19:42:46;5 621.9;;;0.02;[sl]
2025.05.07 19:18:22;Buy;0.01;.US500Cash;5 619.1;5 621.0;5 819.0;2025.05.07 19:20:18;5 620.9;;;0.02;[sl]
2025.05.07 19:18:17;Buy;0.01;.US500Cash;5 619.9;5 621.2;5 820.0;2025.05.07 19:20:15;5 621.3;;;0.01;[sl]
2025.05.07 19:18:11;Buy;0.01;.US500Cash;5 619.7;5 621.3;5 820.1;2025.05.07 19:20:15;5 621.2;;;0.02;[sl]
2025.05.07 19:15:05;Buy;0.01;.US500Cash;5 618.7;5 618.7;5 818.7;2025.05.07 19:18:20;5 618.9;;;0.00;[sl]
2025.05.07 19:15:00;Buy;0.01;.US500Cash;5 619.0;5 619.0;5 819.0;2025.05.07 19:18:13;5 619.2;;;0.00;[sl]
2025.05.07 19:15:04;Buy;0.01;.US500Cash;5 618.6;5 619.7;5 819.0;2025.05.07 19:18:08;5 619.5;;;0.01;[sl]
2025.05.07 18:45:46;Buy;0.01;.US500Cash;5 617.9;5 619.6;5 819.1;2025.05.07 19:05:32;5 619.3;;;0.01;[sl]
2025.05.07 18:47:20;Buy;0.01;.US500Cash;5 614.3;5 615.4;5 815.2;2025.05.07 18:53:32;5 615.6;;;0.01;[sl]
2025.05.07 18:47:19;Buy;0.01;.US500Cash;5 613.9;5 615.5;5 814.9;2025.05.07 18:53:31;5 615.2;;;0.01;[sl]
2025.05.07 18:48:20;Buy;0.01;.US500Cash;5 609.6;5 612.2;5 810.3;2025.05.07 18:52:42;5 612.3;;;0.03;[sl]
2025.05.07 18:47:52;Buy;0.01;.US500Cash;5 610.2;5 612.3;5 811.2;2025.05.07 18:52:40;5 612.8;;;0.03;[sl]
2025.05.07 18:25:28;Buy;0.01;.US500Cash;5 611.2;5 612.4;5 811.2;2025.05.07 18:38:55;5 612.7;;;0.02;[sl]
2025.05.07 18:25:40;Buy;0.01;.US500Cash;5 610.3;5 612.1;5 811.2;2025.05.07 18:38:24;5 611.6;;;0.01;[sl]
2025.05.07 18:25:10;Buy;0.01;.US500Cash;5 610.4;5 612.1;5 811.2;2025.05.07 18:38:24;5 611.6;;;0.01;[sl]
2025.05.07 18:25:07;Buy;0.01;.US500Cash;5 610.2;5 612.1;5 811.2;2025.05.07 18:38:24;5 611.6;;;0.01;[sl]
2025.05.07 18:25:30;Buy;0.01;.US500Cash;5 610.0;5 611.1;5 811.2;2025.05.07 18:32:30;5 611.3;;;0.01;[sl]
2025.05.07 17:29:59;Buy;0.01;.US500Cash;5 634.8;5 634.8;5 834.8;2025.05.07 17:32:06;5 634.5;;;0.00;[sl]
2025.05.07 17:29:27;Buy;0.01;.US500Cash;5 634.9;5 634.9;5 834.9;2025.05.07 17:32:06;5 634.5;;;0.00;[sl]
2025.05.07 17:29:35;Buy;0.01;.US500Cash;5 634.4;5 634.4;5 834.3;2025.05.07 17:31:09;5 634.5;;;0.00;[sl]
2025.05.07 17:24:16;Buy;0.01;.US500Cash;5 633.5;5 634.7;5 833.8;2025.05.07 17:29:08;5 635.1;;;0.02;[sl]
2025.05.07 17:24:14;Buy;0.01;.US500Cash;5 633.6;5 634.7;5 833.7;2025.05.07 17:29:08;5 635.2;;;0.02;[sl]
2025.05.07 17:24:11;Buy;0.01;.US500Cash;5 633.3;5 634.9;5 833.0;2025.05.07 17:29:08;5 635.1;;;0.02;[sl]
2025.05.07 17:11:17;Buy;0.01;.US500Cash;5 633.5;5 634.8;5 833.1;2025.05.07 17:29:08;5 635.2;;;0.02;[sl]
2025.05.07 17:07:23;Buy;0.01;.US500Cash;5 633.5;5 634.8;5 833.5;2025.05.07 17:29:08;5 635.1;;;0.02;[sl]
2025.05.07 17:11:18;Buy;0.01;.US500Cash;5 632.8;5 632.8;5 833.3;2025.05.07 17:24:07;5 632.9;;;0.00;[sl]
2025.05.07 17:11:21;Buy;0.01;.US500Cash;5 633.0;5 633.0;5 833.3;2025.05.07 17:23:59;5 633.2;;;0.00;[sl]
2025.05.07 17:09:11;Buy;0.01;.US500Cash;5 633.1;5 633.1;5 833.0;2025.05.07 17:23:59;5 633.6;;;0.01;[sl]
2025.05.07 17:07:45;Buy;0.01;.US500Cash;5 632.5;5 632.5;5 832.6;2025.05.07 17:11:14;5 632.6;;;0.00;[sl]
2025.05.07 17:09:02;Buy;0.01;.US500Cash;5 633.0;5 633.0;5 833.1;2025.05.07 17:11:08;5 633.2;;;0.00;[sl]
2025.05.07 17:08:59;Buy;0.01;.US500Cash;5 633.0;5 633.0;5 833.0;2025.05.07 17:11:08;5 633.2;;;0.00;[sl]
2025.05.07 17:07:48;Buy;0.01;.US500Cash;5 632.2;5 632.2;5 832.6;2025.05.07 17:09:03;5 632.4;;;0.00;[sl]
2025.05.07 17:08:00;Buy;0.01;.US500Cash;5 631.0;5 632.1;5 831.0;2025.05.07 17:08:57;5 632.4;;;0.01;[sl]
2025.05.07 17:07:56;Buy;0.01;.US500Cash;5 631.6;5 631.6;5 831.3;2025.05.07 17:08:57;5 632.4;;;0.01;[sl]
2025.05.07 17:06:30;Buy;0.01;.US500Cash;5 629.4;5 632.8;5 829.2;2025.05.07 17:07:21;5 632.3;;;0.03;[sl]
2025.05.07 17:06:27;Buy;0.01;.US500Cash;5 628.9;5 632.6;5 829.1;2025.05.07 17:07:21;5 632.6;;;0.04;[sl]
2025.05.07 17:06:21;Buy;0.01;.US500Cash;5 629.3;5 632.6;5 828.9;2025.05.07 17:07:21;5 632.3;;;0.03;[sl]
2025.05.07 17:06:04;Buy;0.01;.US500Cash;5 627.9;5 632.6;5 828.6;2025.05.07 17:07:21;5 632.6;;;0.05;[sl]
2025.05.07 17:05:31;Buy;0.01;.US500Cash;5 631.7;5 632.8;5 831.6;2025.05.07 17:07:21;5 632.3;;;0.01;[sl]
2025.05.07 17:06:09;Buy;0.01;.US500Cash;5 628.4;5 628.4;5 828.4;2025.05.07 17:06:18;5 628.6;;;0.00;[sl]
2025.05.07 17:06:01;Buy;0.01;.US500Cash;5 628.4;5 628.4;5 828.4;2025.05.07 17:06:18;5 628.6;;;0.00;[sl]
2025.05.07 17:06:00;Buy;0.01;.US500Cash;5 628.1;5 628.1;5 828.0;2025.05.07 17:06:18;5 628.3;;;0.00;[sl]
2025.05.07 17:03:51;Buy;0.01;.US500Cash;5 630.9;5 630.9;5 830.8;2025.05.07 17:05:27;5 630.7;;;0.00;[sl]
2025.05.07 17:02:52;Buy;0.01;.US500Cash;5 630.7;5 630.7;5 830.7;2025.05.07 17:05:27;5 631.1;;;0.00;[sl]
2025.05.07 17:02:44;Buy;0.01;.US500Cash;5 630.7;5 630.7;5 830.4;2025.05.07 17:05:27;5 631.0;;;0.00;[sl]
2025.05.07 17:00:03;Buy;0.01;.US500Cash;5 631.0;5 631.0;5 830.9;2025.05.07 17:05:27;5 630.8;;;0.00;[sl]
2025.05.07 17:00:01;Buy;0.01;.US500Cash;5 630.9;5 630.9;5 831.5;2025.05.07 17:05:27;5 630.7;;;0.00;[sl]
2025.05.07 17:02:34;Buy;0.01;.US500Cash;5 629.9;5 629.9;5 829.9;2025.05.07 17:03:36;5 630.9;;;0.01;[sl]
2025.05.07 17:01:45;Buy;0.01;.US500Cash;5 629.8;5 629.8;5 830.1;2025.05.07 17:02:20;5 630.3;;;0.01;[sl]
2025.05.07 17:00:09;Buy;0.01;.US500Cash;5 629.9;5 629.9;5 830.2;2025.05.07 17:02:20;5 630.3;;;0.00;[sl]
2025.05.07 17:00:05;Buy;0.01;.US500Cash;5 630.3;5 630.3;5 830.7;2025.05.07 17:02:20;5 630.3;;;0.00;[sl]
2025.05.07 17:00:13;Buy;0.01;.US500Cash;5 629.1;5 629.1;5 829.5;2025.05.07 17:01:41;5 629.2;;;0.00;[sl]
2025.05.07 15:50:36;Buy;0.01;.US500Cash;5 628.9;5 630.0;5 828.9;2025.05.07 15:51:30;5 629.7;;;0.01;[sl]
2025.05.07 15:48:51;Buy;0.01;.US500Cash;5 628.8;5 630.0;5 828.9;2025.05.07 15:51:30;5 629.7;;;0.01;[sl]
2025.05.07 10:02:31;Buy;0.01;.US500Cash;5 635.0;5 637.0;5 835.4;2025.05.07 10:18:42;5 637.0;;;0.02;[sl]
2025.05.07 10:02:31;Buy;0.01;.US500Cash;5 635.4;5 637.0;5 835.4;2025.05.07 10:18:42;5 637.0;;;0.02;[sl]
2025.05.07 10:02:28;Buy;0.01;.US500Cash;5 634.7;5 637.0;5 835.2;2025.05.07 10:18:42;5 637.0;;;0.02;[sl]
2025.05.07 10:02:25;Buy;0.01;.US500Cash;5 635.7;5 637.0;5 835.6;2025.05.07 10:18:42;5 637.0;;;0.01;[sl]
2025.05.07 10:01:57;Buy;0.01;.US500Cash;5 635.0;5 637.0;5 834.8;2025.05.07 10:18:42;5 637.0;;;0.02;[sl]
2025.05.07 10:01:53;Buy;0.01;.US500Cash;5 634.6;5 634.6;5 834.6;2025.05.07 10:02:28;5 634.5;;;0.00;[sl]
2025.05.07 10:00:37;Buy;0.01;.US500Cash;5 633.4;5 634.8;5 833.4;2025.05.07 10:02:27;5 634.8;;;0.01;[sl]
2025.05.07 10:00:35;Buy;0.01;.US500Cash;5 633.2;5 635.0;5 833.0;2025.05.07 10:02:23;5 635.0;;;0.02;[sl]
2025.05.07 10:00:01;Buy;0.01;.US500Cash;5 632.9;5 635.0;5 833.2;2025.05.07 10:02:23;5 635.0;;;0.02;[sl]
2025.05.07 10:01:10;Buy;0.01;.US500Cash;5 632.7;5 633.8;5 832.5;2025.05.07 10:01:52;5 634.0;;;0.01;[sl]
2025.05.07 10:00:40;Buy;0.01;.US500Cash;5 632.8;5 633.8;5 832.8;2025.05.07 10:01:52;5 634.0;;;0.01;[sl]
2025.05.07 10:01:01;Buy;0.01;.US500Cash;5 632.0;5 632.0;5 832.0;2025.05.07 10:01:08;5 632.0;;;0.00;[sl]
2025.05.07 10:00:07;Buy;0.01;.US500Cash;5 632.2;5 632.2;5 832.0;2025.05.07 10:00:59;5 632.0;;;0.00;[sl]
2025.05.07 10:00:05;Buy;0.01;.US500Cash;5 631.7;5 632.8;5 831.9;2025.05.07 10:00:35;5 632.8;;;0.01;[sl]
2025.05.07 10:00:04;Buy;0.01;.US500Cash;5 631.5;5 632.8;5 831.8;2025.05.07 10:00:34;5 633.0;;;0.02;[sl]
2025.05.07 10:00:02;Buy;0.01;.US500Cash;5 632.0;5 633.0;5 832.2;2025.05.07 10:00:34;5 633.0;;;0.01;[sl]
2025.05.07 09:10:00;Buy Stop;0.01;.US500Cash;5 635.8;5 575.8;5 835.8;2025.05.07 09:44:58;5 630.5;;;;expiration
2025.05.07 09:02:53;Buy;0.01;.US500Cash;5 634.1;5 635.3;5 834.1;2025.05.07 09:05:42;5 635.3;;;0.01;[sl]
2025.05.07 06:50:38;Sell;0.01;.US500Cash;5 639.5;5 638.3;5 439.5;2025.05.07 08:05:31;5 638.4;;;0.01;[sl]
2025.05.05 01:05:00;Buy Stop;0.01;XAUUSD;3 495.71;3 473.14;3 525.23;2025.05.07 01:05:00;3 417.31;;;;cancelled
2025.05.06 18:53:52;Sell;0.01;.US500Cash;5 620.6;5 620.6;5 420.7;2025.05.06 19:44:24;5 620.6;;;0.00;[sl]
2025.05.06 18:53:47;Sell;0.01;.US500Cash;5 620.5;5 620.5;5 420.4;2025.05.06 19:44:24;5 620.7;;;0.00;[sl]
2025.05.06 18:54:00;Sell;0.01;.US500Cash;5 620.7;5 620.7;5 420.7;2025.05.06 19:09:56;5 620.6;;;0.00;[sl]
2025.05.06 18:53:54;Sell;0.01;.US500Cash;5 620.8;5 620.8;5 420.8;2025.05.06 19:09:56;5 620.6;;;0.00;[sl]
2025.05.06 18:53:56;Sell;0.01;.US500Cash;5 620.5;5 620.5;5 420.5;2025.05.06 19:09:46;5 620.4;;;0.00;[sl]
2025.05.06 18:52:09;Sell;0.01;.US500Cash;5 623.7;5 621.8;5 423.6;2025.05.06 18:53:50;5 621.8;;;0.02;[sl]
2025.05.06 18:51:58;Sell;0.01;.US500Cash;5 622.8;5 621.5;5 422.8;2025.05.06 18:53:50;5 621.9;;;0.01;[sl]
2025.05.06 18:53:15;Sell;0.01;.US500Cash;5 622.7;5 621.0;5 422.4;2025.05.06 18:53:47;5 621.0;;;0.02;[sl]
2025.05.06 18:53:12;Sell;0.01;.US500Cash;5 622.0;5 621.0;5 422.8;2025.05.06 18:53:47;5 620.9;;;0.01;[sl]
2025.05.06 18:53:04;Sell;0.01;.US500Cash;5 622.5;5 621.0;5 422.5;2025.05.06 18:53:47;5 621.0;;;0.02;[sl]
2025.05.06 18:46:18;Sell;0.01;.US500Cash;5 623.0;5 621.0;5 421.9;2025.05.06 18:53:47;5 620.9;;;0.02;[sl]
2025.05.06 18:46:16;Sell;0.01;.US500Cash;5 623.0;5 621.0;5 423.0;2025.05.06 18:53:47;5 621.0;;;0.02;[sl]
2025.05.06 18:52:04;Sell;0.01;.US500Cash;5 623.4;5 623.4;5 423.2;2025.05.06 18:53:10;5 623.5;;;0.00;[sl]
2025.05.06 18:52:02;Sell;0.01;.US500Cash;5 623.4;5 623.4;5 423.0;2025.05.06 18:53:10;5 623.5;;;0.00;[sl]
2025.05.06 18:51:55;Sell;0.01;.US500Cash;5 623.2;5 623.2;5 423.3;2025.05.06 18:53:00;5 623.0;;;0.00;[sl]
2025.05.06 18:46:31;Sell;0.01;.US500Cash;5 623.8;5 623.8;5 423.6;2025.05.06 18:51:51;5 623.9;;;0.00;[sl]
2025.05.06 18:46:27;Sell;0.01;.US500Cash;5 623.4;5 623.4;5 423.4;2025.05.06 18:51:50;5 623.8;;;0.00;[sl]
2025.05.06 18:46:25;Sell;0.01;.US500Cash;5 623.4;5 623.4;5 423.6;2025.05.06 18:51:50;5 623.8;;;0.00;[sl]
2025.05.06 18:46:41;Sell;0.01;.US500Cash;5 624.6;5 622.9;5 424.3;2025.05.06 18:51:49;5 623.0;;;0.02;[sl]
2025.05.06 18:46:29;Sell;0.01;.US500Cash;5 624.1;5 622.8;5 423.7;2025.05.06 18:51:49;5 622.8;;;0.01;[sl]
2025.05.06 18:46:06;Sell;0.01;.US500Cash;5 624.8;5 622.8;5 425.0;2025.05.06 18:51:49;5 622.8;;;0.02;[sl]
2025.05.06 18:47:20;Sell;0.01;.US500Cash;5 626.3;5 625.1;5 426.4;2025.05.06 18:51:23;5 625.1;;;0.01;[sl]
2025.05.06 18:47:18;Sell;0.01;.US500Cash;5 627.0;5 625.1;5 426.7;2025.05.06 18:51:23;5 625.1;;;0.02;[sl]
2025.05.06 18:45:29;Sell;0.01;.US500Cash;5 624.9;5 624.9;5 424.8;2025.05.06 18:46:39;5 624.9;;;0.00;[sl]
2025.05.06 18:45:32;Sell;0.01;.US500Cash;5 625.2;5 624.1;5 424.9;2025.05.06 18:46:23;5 624.2;;;0.01;[sl]
2025.05.06 18:45:28;Sell;0.01;.US500Cash;5 625.1;5 624.1;5 424.8;2025.05.06 18:46:23;5 624.2;;;0.01;[sl]
2025.05.06 18:45:54;Sell;0.01;.US500Cash;5 625.8;5 623.9;5 425.9;2025.05.06 18:46:23;5 624.1;;;0.02;[sl]
2025.05.06 18:45:01;Sell;0.01;.US500Cash;5 624.1;5 624.1;5 423.9;2025.05.06 18:46:23;5 624.2;;;0.00;[sl]
2025.05.06 18:45:11;Sell;0.01;.US500Cash;5 625.2;5 624.1;5 425.1;2025.05.06 18:46:23;5 624.2;;;0.01;[sl]
2025.05.06 18:45:00;Sell;0.01;.US500Cash;5 624.2;5 624.2;5 424.2;2025.05.06 18:46:23;5 624.1;;;0.00;[sl]
2025.05.06 18:45:10;Sell;0.01;.US500Cash;5 625.7;5 624.7;5 425.8;2025.05.06 18:45:25;5 624.9;;;0.01;[sl]
2025.05.06 18:45:05;Sell;0.01;.US500Cash;5 625.4;5 624.4;5 425.2;2025.05.06 18:45:25;5 624.8;;;0.01;[sl]
2025.05.06 18:45:04;Sell;0.01;.US500Cash;5 625.6;5 624.4;5 425.4;2025.05.06 18:45:25;5 625.1;;;0.01;[sl]
2025.05.06 15:07:08;Buy;0.01;.US500Cash;5 610.4;5 611.7;5 810.3;2025.05.06 16:35:36;5 611.5;;;0.01;[sl]
2025.05.06 15:06:55;Buy;0.01;.US500Cash;5 609.2;5 611.7;5 810.2;2025.05.06 16:35:36;5 611.5;;;0.02;[sl]
2025.05.06 15:06:43;Buy;0.01;.US500Cash;5 609.4;5 611.8;5 810.4;2025.05.06 16:35:33;5 612.0;;;0.03;[sl]
2025.05.06 15:05:25;Buy;0.01;.US500Cash;5 610.4;5 611.8;5 810.3;2025.05.06 16:35:33;5 612.0;;;0.02;[sl]
2025.05.06 15:05:19;Buy;0.01;.US500Cash;5 609.4;5 611.9;5 810.2;2025.05.06 16:35:33;5 612.0;;;0.03;[sl]
2025.05.06 14:28:32;Sell;0.01;.US500Cash;5 607.6;5 603.1;5 407.6;2025.05.06 14:51:25;5 602.4;;;0.05;[sl]
2025.05.06 14:23:36;Sell;0.01;.US500Cash;5 612.1;5 609.9;5 412.3;2025.05.06 14:25:01;5 610.1;;;0.02;[sl]
2025.05.06 14:23:14;Sell;0.01;.US500Cash;5 611.7;5 609.9;5 411.2;2025.05.06 14:25:01;5 610.1;;;0.02;[sl]
2025.05.06 14:23:13;Sell;0.01;.US500Cash;5 611.2;5 609.8;5 414.8;2025.05.06 14:25:01;5 610.1;;;0.01;[sl]
2025.05.06 14:23:22;Sell;0.01;.US500Cash;5 614.6;5 612.4;5 414.3;2025.05.06 14:23:51;5 612.5;;;0.02;[sl]
2025.05.06 14:23:19;Sell;0.01;.US500Cash;5 615.8;5 612.4;5 416.1;2025.05.06 14:23:51;5 613.0;;;0.03;[sl]
2025.05.06 04:20:10;Buy;0.01;.US500Cash;5 646.0;5 585.9;5 845.9;2025.05.06 14:20:02;5 617.6;;;-0.28;
2025.05.06 03:16:00;Buy;0.01;.US500Cash;5 649.6;5 589.6;5 849.6;2025.05.06 14:20:02;5 617.6;;;-0.32;
2025.05.06 11:10:29;Buy;0.01;.US500Cash;5 622.4;5 562.3;5 822.3;2025.05.06 14:20:01;5 617.4;;;-0.05;
2025.05.06 11:10:26;Buy;0.01;.US500Cash;5 621.4;5 562.3;5 822.3;2025.05.06 14:20:01;5 617.6;;;-0.04;
2025.05.06 11:10:33;Buy;0.01;.US500Cash;5 622.4;5 562.3;5 822.3;2025.05.06 14:20:00;5 617.4;;;-0.05;
2025.05.06 13:39:08;Buy;0.01;.US500Cash;5 620.0;5 620.0;5 820.0;2025.05.06 14:00:17;5 620.5;;;0.01;[sl]
2025.05.06 13:39:01;Buy;0.01;.US500Cash;5 620.0;5 620.0;5 820.0;2025.05.06 14:00:17;5 620.5;;;0.01;[sl]
2025.05.06 13:38:57;Buy;0.01;.US500Cash;5 620.0;5 620.0;5 820.0;2025.05.06 14:00:17;5 620.5;;;0.01;[sl]
2025.05.06 13:38:55;Buy;0.01;.US500Cash;5 620.1;5 620.1;5 820.1;2025.05.06 14:00:17;5 620.5;;;0.00;[sl]
2025.05.06 13:38:14;Buy;0.01;.US500Cash;5 620.2;5 620.2;5 820.2;2025.05.06 14:00:17;5 620.5;;;0.00;[sl]
2025.05.06 13:37:57;Buy;0.01;.US500Cash;5 620.2;5 620.2;5 820.2;2025.05.06 14:00:17;5 620.5;;;0.00;[sl]
2025.05.06 13:40:07;Buy;0.01;.US500Cash;5 619.7;5 620.7;5 820.0;2025.05.06 14:00:11;5 620.6;;;0.01;[sl]
2025.05.06 13:37:24;Buy;0.01;.US500Cash;5 619.7;5 620.7;5 819.7;2025.05.06 14:00:05;5 621.2;;;0.02;[sl]
2025.05.06 13:37:22;Buy;0.01;.US500Cash;5 619.4;5 620.7;5 819.2;2025.05.06 14:00:05;5 621.0;;;0.02;[sl]
2025.05.06 13:36:57;Buy;0.01;.US500Cash;5 619.7;5 620.7;5 819.7;2025.05.06 14:00:05;5 621.2;;;0.02;[sl]
2025.05.06 13:35:15;Buy;0.01;.US500Cash;5 616.7;5 617.7;5 816.7;2025.05.06 13:36:27;5 617.7;;;0.01;[sl]
2025.05.06 13:35:03;Buy;0.01;.US500Cash;5 616.7;5 617.7;5 816.2;2025.05.06 13:36:27;5 617.7;;;0.01;[sl]
2025.05.06 13:33:45;Buy;0.01;.US500Cash;5 614.9;5 617.7;5 814.7;2025.05.06 13:36:27;5 617.7;;;0.03;[sl]
2025.05.06 13:32:35;Buy;0.01;.US500Cash;5 615.7;5 617.9;5 815.7;2025.05.06 13:36:27;5 617.7;;;0.02;[sl]
2025.05.06 13:32:22;Buy;0.01;.US500Cash;5 615.2;5 618.0;5 815.2;2025.05.06 13:36:27;5 617.7;;;0.03;[sl]
2025.05.06 13:32:17;Buy;0.01;.US500Cash;5 615.2;5 618.0;5 815.2;2025.05.06 13:36:27;5 617.7;;;0.03;[sl]
2025.05.06 13:32:14;Buy;0.01;.US500Cash;5 615.2;5 618.0;5 815.2;2025.05.06 13:36:27;5 617.7;;;0.03;[sl]
2025.05.06 13:31:35;Buy;0.01;.US500Cash;5 615.4;5 617.8;5 815.2;2025.05.06 13:36:27;5 617.7;;;0.02;[sl]
2025.05.06 13:30:30;Buy;0.01;.US500Cash;5 613.9;5 617.8;5 814.2;2025.05.06 13:36:27;5 617.7;;;0.04;[sl]
2025.05.06 13:30:08;Buy;0.01;.US500Cash;5 613.9;5 617.8;5 814.2;2025.05.06 13:36:27;5 617.7;;;0.04;[sl]
2025.05.06 13:33:41;Buy;0.01;.US500Cash;5 614.7;5 614.7;5 814.7;2025.05.06 13:34:26;5 615.5;;;0.01;[sl]
2025.05.06 13:32:11;Buy;0.01;.US500Cash;5 614.7;5 614.7;5 814.7;2025.05.06 13:34:26;5 615.5;;;0.01;[sl]
2025.05.06 13:31:25;Buy;0.01;.US500Cash;5 614.4;5 614.4;5 814.7;2025.05.06 13:33:22;5 614.3;;;0.00;[sl]
2025.05.06 13:30:57;Buy;0.01;.US500Cash;5 614.4;5 614.4;5 814.7;2025.05.06 13:33:22;5 614.3;;;0.00;[sl]
2025.05.06 13:30:53;Buy;0.01;.US500Cash;5 614.2;5 614.2;5 814.2;2025.05.06 13:32:10;5 614.0;;;0.00;[sl]
2025.05.06 13:30:50;Buy;0.01;.US500Cash;5 614.0;5 614.0;5 814.2;2025.05.06 13:32:10;5 614.0;;;0.00;[sl]
2025.05.06 13:30:48;Buy;0.01;.US500Cash;5 614.0;5 614.0;5 814.2;2025.05.06 13:32:10;5 614.0;;;0.00;[sl]
2025.05.06 13:30:16;Buy;0.01;.US500Cash;5 614.2;5 614.2;5 814.0;2025.05.06 13:32:10;5 614.0;;;0.00;[sl]
2025.05.06 13:30:05;Buy;0.01;.US500Cash;5 614.2;5 614.2;5 814.2;2025.05.06 13:32:10;5 614.0;;;0.00;[sl]
2025.05.06 13:07:46;Buy;0.01;.US500Cash;5 613.4;5 613.4;5 813.2;2025.05.06 13:19:28;5 613.4;;;0.00;[sl]
2025.05.06 13:08:05;Buy;0.01;.US500Cash;5 613.7;5 613.7;5 813.7;2025.05.06 13:19:14;5 613.5;;;0.00;[sl]
2025.05.06 13:08:01;Buy;0.01;.US500Cash;5 613.7;5 613.7;5 813.7;2025.05.06 13:19:14;5 613.5;;;0.00;[sl]
2025.05.06 13:07:50;Buy;0.01;.US500Cash;5 613.7;5 613.7;5 813.7;2025.05.06 13:19:14;5 613.5;;;0.00;[sl]
2025.05.06 13:05:01;Buy;0.01;.US500Cash;5 613.7;5 613.7;5 813.5;2025.05.06 13:19:14;5 613.5;;;0.00;[sl]
2025.05.06 13:01:48;Buy;0.01;.US500Cash;5 613.7;5 613.7;5 813.7;2025.05.06 13:19:14;5 613.5;;;0.00;[sl]
2025.05.06 13:01:41;Buy;0.01;.US500Cash;5 613.7;5 613.7;5 813.7;2025.05.06 13:19:14;5 613.5;;;0.00;[sl]
2025.05.06 13:01:35;Buy;0.01;.US500Cash;5 613.7;5 613.7;5 813.7;2025.05.06 13:19:14;5 613.5;;;0.00;[sl]
2025.05.06 13:01:20;Buy;0.01;.US500Cash;5 613.7;5 613.7;5 813.7;2025.05.06 13:19:14;5 613.5;;;0.00;[sl]
2025.05.06 13:00:14;Buy;0.01;.US500Cash;5 613.7;5 613.7;5 813.2;2025.05.06 13:19:14;5 613.5;;;0.00;[sl]
2025.05.06 13:04:16;Buy;0.01;.US500Cash;5 613.2;5 613.2;5 813.2;2025.05.06 13:07:41;5 612.8;;;0.00;[sl]
2025.05.06 13:01:17;Buy;0.01;.US500Cash;5 613.2;5 613.2;5 813.2;2025.05.06 13:07:41;5 612.8;;;0.00;[sl]
2025.05.06 13:04:52;Buy;0.01;.US500Cash;5 612.9;5 612.9;5 813.2;2025.05.06 13:07:40;5 612.8;;;0.00;[sl]
2025.05.06 13:04:10;Buy;0.01;.US500Cash;5 613.2;5 613.2;5 813.2;2025.05.06 13:07:40;5 612.8;;;0.00;[sl]
2025.05.06 13:01:09;Buy;0.01;.US500Cash;5 612.4;5 612.4;5 812.2;2025.05.06 13:04:48;5 612.7;;;0.00;[sl]
2025.05.06 13:00:56;Buy;0.01;.US500Cash;5 612.7;5 612.7;5 813.0;2025.05.06 13:04:08;5 612.7;;;0.00;[sl]
2025.05.06 13:00:51;Buy;0.01;.US500Cash;5 612.7;5 612.7;5 812.7;2025.05.06 13:04:08;5 612.7;;;0.00;[sl]
2025.05.06 13:01:16;Buy;0.01;.US500Cash;5 612.9;5 612.9;5 812.7;2025.05.06 13:04:03;5 613.0;;;0.00;[sl]
2025.05.06 09:19:05;Buy;0.01;.US500Cash;5 635.2;5 636.3;5 834.7;2025.05.06 09:33:00;5 636.3;;;0.01;[sl]
2025.05.06 09:11:01;Buy;0.01;.US500Cash;5 632.8;5 633.8;5 833.5;2025.05.06 09:19:17;5 633.8;;;0.01;[sl]
2025.05.06 04:07:20;Buy;0.01;XAUUSD;3 352.21;3 367.65;3 423.09;2025.05.06 05:36:32;3 367.09;-0.13;;14.88;[sl]
2025.04.28 01:05:03;Sell Stop;0.02;XAUUSD;2 958.49;2 970.15;2 863.31;2025.05.06 01:05:10;3 333.60;;;;cancelled
2025.05.05 01:05:00;Sell Stop;0.01;XAUUSD;2 958.42;2 980.99;2 928.90;2025.05.06 01:05:09;3 333.60;;;;cancelled
2025.04.28 01:05:01;Sell Stop;0.01;XAUUSD;2 962.37;2 990.21;2 925.96;2025.05.06 01:05:09;3 333.65;;;;cancelled
2025.05.05 20:12:29;Sell;0.01;.US500Cash;5 671.3;5 667.5;5 471.2;2025.05.05 20:15:53;5 667.2;;;0.04;[sl]
2025.05.05 18:15:26;Sell;0.01;.US500Cash;5 662.6;5 660.1;5 462.8;2025.05.05 18:35:25;5 660.2;;;0.02;[sl]
2025.05.05 18:10:26;Sell;0.01;.US500Cash;5 663.6;5 662.5;5 462.6;2025.05.05 18:32:37;5 662.6;;;0.01;[sl]
2025.05.05 18:12:46;Sell;0.01;.US500Cash;5 664.8;5 663.7;5 465.2;2025.05.05 18:13:30;5 663.8;;;0.01;[sl]
2025.05.05 12:31:38;Buy;0.01;.US500Cash;5 646.2;5 647.8;5 846.1;2025.05.05 16:02:03;5 647.8;;;0.02;[sl]
2025.05.05 12:24:10;Buy;0.01;.US500Cash;5 645.7;5 647.8;5 845.7;2025.05.05 16:02:03;5 647.8;;;0.02;[sl]
2025.05.05 12:21:27;Buy;0.01;.US500Cash;5 643.1;5 644.3;5 843.4;2025.05.05 12:25:12;5 644.3;;;0.01;[sl]
2025.05.05 12:08:13;Buy;0.01;.US500Cash;5 638.4;5 642.6;5 838.4;2025.05.05 12:21:41;5 642.8;;;0.04;[sl]
2025.05.05 12:07:06;Buy;0.01;.US500Cash;5 637.9;5 639.3;5 838.4;2025.05.05 12:18:53;5 639.3;;;0.01;[sl]
2025.05.05 12:06:49;Buy;0.01;.US500Cash;5 638.2;5 639.3;5 839.1;2025.05.05 12:18:53;5 639.3;;;0.01;[sl]
2025.05.05 12:06:48;Buy;0.01;.US500Cash;5 638.4;5 639.6;5 839.1;2025.05.05 12:18:47;5 639.8;;;0.01;[sl]
2025.05.05 12:06:29;Buy;0.01;.US500Cash;5 638.4;5 639.6;5 839.1;2025.05.05 12:18:47;5 639.8;;;0.01;[sl]
2025.05.05 10:30:29;Buy;0.01;.US500Cash;5 650.5;5 652.0;5 850.3;2025.05.05 11:02:18;5 652.0;;;0.02;[sl]
2025.05.05 10:28:13;Buy;0.01;.US500Cash;5 649.5;5 650.7;5 850.3;2025.05.05 10:34:13;5 650.7;;;0.01;[sl]
2025.05.05 10:27:16;Buy;0.01;.US500Cash;5 649.5;5 650.7;5 850.3;2025.05.05 10:34:13;5 650.7;;;0.01;[sl]
2025.05.05 08:49:29;Sell;0.01;.US500Cash;5 646.7;5 696.7;5 446.7;2025.05.05 10:25:01;5 651.0;;;-0.04;
2025.05.01 04:00:00;Sell Stop;0.01;XAUUSD;2 958.53;2 976.78;2 887.35;2025.05.05 10:00:00;3 262.25;;;;cancelled
2025.05.05 05:48:00;Buy;0.01;.US500Cash;5 648.6;5 650.5;5 849.0;2025.05.05 06:42:01;5 650.5;;;0.02;[sl]
2025.05.02 18:30:10;Sell;0.01;.US500Cash;5 663.6;5 658.1;5 463.5;2025.05.05 03:00:10;5 657.8;;-0.01;0.06;[sl]
2025.05.02 18:29:16;Sell;0.01;.US500Cash;5 663.4;5 658.0;5 463.3;2025.05.05 03:00:09;5 658.0;;-0.01;0.05;[sl]
2025.04.25 01:05:51;Buy Stop;0.01;XAUUSD;3 499.39;3 479.64;3 525.72;2025.05.05 02:00:00;3 239.81;;;;cancelled
2025.05.02 02:00:01;Sell Stop;0.01;XAUUSD;2 958.43;2 981.15;2 928.71;2025.05.05 01:05:00;3 238.38;;;;cancelled
2025.05.02 02:00:00;Buy Stop;0.01;XAUUSD;3 495.68;3 472.96;3 525.40;2025.05.05 01:05:00;3 238.45;;;;cancelled
2025.05.02 13:46:01;Sell;0.01;.US500Cash;5 622.6;5 620.1;5 423.2;2025.05.02 14:32:44;5 620.2;;;0.02;[sl]
2025.05.02 13:44:04;Sell;0.01;.US500Cash;5 623.6;5 620.0;5 423.2;2025.05.02 14:32:43;5 620.0;;;0.04;[sl]
2025.05.02 13:25:18;Sell;0.01;.US500Cash;5 625.0;5 620.0;5 425.3;2025.05.02 14:32:43;5 620.0;;;0.05;[sl]
2025.05.02 13:26:10;Sell;0.01;.US500Cash;5 626.7;5 625.0;5 426.2;2025.05.02 13:40:50;5 624.9;;;0.02;[sl]
2025.05.02 13:32:07;Sell;0.01;.US500Cash;5 628.1;5 626.5;5 428.1;2025.05.02 13:38:00;5 626.5;;;0.02;[sl]
2025.04.30 02:00:00;Sell Stop;0.01;XAUUSD;2 958.37;2 980.44;2 929.50;2025.05.02 02:00:00;3 237.99;;;;cancelled
2025.04.30 02:00:00;Buy Stop;0.01;XAUUSD;3 495.81;3 473.74;3 524.68;2025.05.02 02:00:00;3 238.05;;;;cancelled
2025.05.01 03:20:02;Sell;0.01;XAUUSD;3 263.86;3 261.60;3 196.55;2025.05.01 03:25:01;3 260.47;-0.13;;3.39;[sl]
2025.04.21 01:05:02;Sell Stop;0.01;XAUUSD;2 834.71;2 853.07;2 810.23;2025.05.01 02:00:00;3 274.24;;;;cancelled
2025.04.11 01:05:03;Sell Stop;0.04;XAUUSD;2 956.86;2 962.86;2 939.86;2025.05.01 02:00:00;3 274.18;;;;cancelled
2025.04.28 22:00:00;Buy Stop;0.01;XAUUSD;3 369.87;3 351.87;3 440.08;2025.04.30 18:00:00;3 309.95;;;;cancelled
2025.04.30 15:05:01;Sell;0.01;XAUUSD;3 267.35;3 285.60;3 196.72;2025.04.30 15:18:05;3 285.59;-0.13;;-18.24;[sl]
2025.04.28 01:05:02;Sell Stop;0.01;XAUUSD;2 958.31;2 979.79;2 930.22;2025.04.30 02:00:00;3 319.00;;;;cancelled
2025.04.28 01:05:02;Buy Stop;0.01;XAUUSD;3 495.92;3 474.44;3 524.01;2025.04.30 02:00:00;3 319.12;;;;cancelled
2025.04.25 13:00:00;Sell Stop;0.01;XAUUSD;3 262.35;3 280.06;3 193.27;2025.04.29 10:00:00;3 319.07;;;;cancelled
2025.04.25 12:25:51;Buy Stop;0.01;XAUUSD;3 499.17;3 481.65;3 567.51;2025.04.28 22:00:00;3 349.19;;;;cancelled
2025.04.25 02:00:00;Sell Stop;0.01;XAUUSD;2 958.26;2 979.25;2 930.81;2025.04.28 01:05:02;3 325.76;;;;cancelled
2025.04.25 01:05:51;Buy Stop;0.01;XAUUSD;3 496.01;3 475.02;3 523.46;2025.04.28 01:05:02;3 325.82;;;;cancelled
2025.04.10 01:05:00;Sell Stop;0.02;XAUUSD;2 958.27;2 968.82;2 872.15;2025.04.28 01:05:02;3 325.68;;;;cancelled
2025.04.10 01:05:00;Sell Stop;0.02;XAUUSD;2 956.89;2 969.02;2 933.84;2025.04.28 01:05:02;3 325.68;;;;cancelled
2025.04.10 01:05:00;Sell Stop;0.01;XAUUSD;2 961.21;2 983.83;2 931.62;2025.04.28 01:05:01;3 325.76;;;;cancelled
2025.04.25 12:25:52;Sell Stop;0.01;XAUUSD;2 958.38;2 975.49;2 891.65;2025.04.25 13:00:00;3 292.17;;;;cancelled
2025.04.23 17:00:00;Sell Stop;0.02;XAUUSD;2 958.38;2 975.49;2 891.65;2025.04.25 12:25:52;3 304.80;;;;cancelled
2025.04.24 06:00:00;Buy Stop;0.02;XAUUSD;3 499.17;3 481.65;3 567.51;2025.04.25 12:25:51;3 304.76;;;;cancelled
2025.04.23 02:00:00;Sell Stop;0.01;XAUUSD;2 958.17;2 978.25;2 931.91;2025.04.25 02:00:00;3 367.00;;;;cancelled
2025.04.07 17:23:49;Sell Stop;0.02;XAUUSD;2 582.64;2 595.60;2 563.19;2025.04.24 18:00:00;3 327.50;;;;cancelled
2025.04.23 16:38:48;Sell;0.02;XAUUSD;3 285.86;3 279.98;3 221.08;2025.04.23 17:19:24;3 280.37;-0.26;;10.98;[sl]
2025.04.21 01:05:02;Sell Stop;0.01;XAUUSD;2 958.04;2 976.83;2 933.47;2025.04.23 02:00:00;3 328.04;;;;cancelled
2025.04.09 14:00:00;Sell Stop;0.02;XAUUSD;2 958.16;2 973.51;2 898.29;2025.04.22 14:00:00;3 452.44;;;;cancelled
2025.04.16 01:05:04;Sell Stop;0.01;XAUUSD;2 957.98;2 976.21;2 934.14;2025.04.21 01:05:02;3 331.96;;;;cancelled
2025.04.09 19:14:07;Sell Stop;0.01;XAUUSD;2 834.53;2 851.29;2 812.18;2025.04.21 01:05:02;3 331.96;;;;cancelled
2025.04.14 01:05:00;Sell Stop;0.01;XAUUSD;2 957.98;2 976.19;2 934.16;2025.04.16 01:05:04;3 230.83;;;;cancelled
2025.04.10 01:05:00;Sell Stop;0.01;XAUUSD;2 957.91;2 975.37;2 935.08;2025.04.14 01:05:00;3 222.47;;;;cancelled
2025.04.10 19:37:43;Buy;0.02;XAUUSD;3 167.19;3 197.47;3 228.54;2025.04.11 08:42:14;3 197.47;-0.25;-0.58;60.56;[sl]
2025.04.10 18:15:51;Buy;0.01;XAUUSD;3 165.94;3 170.70;3 193.60;2025.04.11 03:21:09;3 194.88;-0.13;-0.29;28.94;[tp]
2025.04.09 19:14:04;Sell Stop;0.04;XAUUSD;2 833.27;2 839.27;2 816.27;2025.04.11 01:05:03;3 179.60;;;;cancelled
2025.04.10 18:25:18;Buy;0.02;XAUUSD;3 167.07;3 159.57;3 225.64;2025.04.10 18:56:58;3 159.25;-0.25;;-15.64;[sl]
2025.04.10 18:15:13;Buy;0.01;XAUUSD;3 165.09;3 163.80;3 187.28;2025.04.10 18:55:40;3 163.65;-0.13;;-1.44;[sl]
2025.04.10 18:15:51;Buy;0.02;XAUUSD;3 165.94;3 163.97;3 249.65;2025.04.10 18:55:28;3 163.89;-0.25;;-4.10;[sl]
2025.04.10 18:25:07;Buy;0.02;XAUUSD;3 166.39;3 165.78;3 186.51;2025.04.10 18:47:50;3 165.76;-0.25;;-1.26;[sl]
2025.04.10 18:25:33;Buy;0.01;XAUUSD;3 167.28;3 165.87;3 190.05;2025.04.10 18:47:49;3 165.77;-0.13;;-1.51;[sl]
2025.04.10 18:15:51;Buy;0.02;XAUUSD;3 165.94;3 167.27;3 187.82;2025.04.10 18:44:07;3 167.05;-0.25;;2.22;[sl]
2025.04.10 18:25:07;Buy;0.04;XAUUSD;3 166.28;3 165.77;3 183.11;2025.04.10 18:33:05;3 165.73;-0.51;;-2.20;[sl]
2025.04.09 22:45:12;Buy;0.01;XAUUSD;3 099.51;3 109.18;;2025.04.10 05:09:57;3 108.94;-0.12;-0.87;9.43;[sl]
2025.04.08 01:05:47;Buy Stop;0.02;XAUUSD;3 164.60;3 147.89;3 186.46;2025.04.10 02:00:00;3 080.23;;;;cancelled
2025.04.09 22:45:12;Buy;0.01;XAUUSD;3 099.51;3 075.43;;2025.04.10 01:06:43;3 075.30;-0.12;-0.87;-24.21;[sl]
2025.04.09 22:45:12;Buy;0.01;XAUUSD;3 099.51;3 077.62;;2025.04.10 01:05:42;3 077.38;-0.12;-0.87;-22.13;[sl]
2025.04.07 17:23:49;Sell Stop;0.02;XAUUSD;2 833.27;2 844.87;2 811.23;2025.04.10 01:05:01;3 079.88;;;;cancelled
2025.04.09 18:00:00;Sell Stop;0.02;XAUUSD;2 881.96;2 898.85;2 859.87;2025.04.10 01:05:00;3 079.88;;;;cancelled
2025.04.07 17:23:48;Sell Stop;0.01;XAUUSD;2 884.90;2 905.65;2 857.76;2025.04.10 01:05:00;3 079.88;;;;cancelled
2025.04.09 04:45:00;Sell Stop;0.01;XAUUSD;2 969.97;;;2025.04.09 19:15:00;3 088.84;;;;cancelled
2025.04.09 04:45:00;Sell Stop;0.01;XAUUSD;2 969.97;;;2025.04.09 19:15:00;3 088.84;;;;cancelled
2025.04.09 04:45:00;Sell Stop;0.01;XAUUSD;2 969.97;;;2025.04.09 19:15:00;3 088.81;;;;cancelled
2025.04.08 01:05:48;Buy Stop;0.03;XAUUSD;3 165.58;3 155.29;3 249.65;2025.04.09 19:14:09;3 089.16;;;;cancelled
2025.04.07 17:23:49;Sell Stop;0.02;XAUUSD;2 834.53;2 851.29;2 812.18;2025.04.09 19:14:07;3 089.01;;;;cancelled
2025.04.08 01:05:48;Buy Stop;0.02;XAUUSD;3 167.24;3 150.13;3 190.05;2025.04.09 19:14:06;3 088.76;;;;cancelled
2025.04.07 17:23:49;Sell Stop;0.05;XAUUSD;2 833.27;2 839.27;2 816.27;2025.04.09 19:14:04;3 088.64;;;;cancelled
2025.04.09 01:05:04;Buy Stop;0.05;XAUUSD;3 166.11;3 160.11;3 183.11;2025.04.09 19:14:03;3 088.67;;;;cancelled
2025.04.07 17:23:49;Sell Stop;0.02;XAUUSD;2 881.90;2 898.15;2 860.65;2025.04.09 18:00:00;3 070.41;;;;cancelled
2025.04.07 17:23:49;Sell Stop;0.02;XAUUSD;2 882.22;2 897.24;2 823.64;2025.04.09 14:00:00;3 042.97;;;;cancelled
2025.04.09 02:35:50;Sell;0.01;XAUUSD;2 974.08;3 007.92;;2025.04.09 04:52:34;3 008.20;-0.12;;-34.12;[sl]
2025.04.09 02:35:50;Sell;0.01;XAUUSD;2 974.08;3 002.72;;2025.04.09 04:44:01;3 002.63;-0.12;;-28.55;[sl]
2025.04.09 02:35:50;Sell;0.01;XAUUSD;2 973.90;2 999.93;;2025.04.09 04:41:32;3 001.23;-0.12;;-27.33;[sl]
2025.04.07 17:14:36;Sell Stop;0.02;XAUUSD;2 834.53;2 851.29;2 812.18;2025.04.07 17:22:50;3 022.80;;;;cancelled
2025.04.07 17:14:36;Sell Stop;0.02;XAUUSD;2 833.27;2 844.87;2 811.23;2025.04.07 17:22:50;3 022.71;;;;cancelled
2025.04.07 17:14:36;Sell Stop;0.05;XAUUSD;2 833.27;2 839.27;2 816.27;2025.04.07 17:22:50;3 022.66;;;;cancelled
2025.04.07 17:14:35;Sell Stop;0.02;XAUUSD;2 881.90;2 898.15;2 860.65;2025.04.07 17:22:49;3 022.48;;;;cancelled
2025.04.07 17:14:35;Sell Stop;0.02;XAUUSD;2 582.64;2 595.60;2 563.19;2025.04.07 17:22:49;3 022.42;;;;cancelled
2025.04.07 17:14:35;Sell Stop;0.01;XAUUSD;2 884.90;2 905.65;2 857.76;2025.04.07 17:22:48;3 022.33;;;;cancelled
2025.04.07 15:48:09;Sell Stop;0.02;XAUUSD;2 833.97;2 845.97;2 817.97;2025.04.07 17:13:58;3 030.61;;;;cancelled
2025.04.07 15:48:09;Sell Stop;0.03;XAUUSD;2 833.17;2 843.17;2 814.17;2025.04.07 17:13:58;3 030.62;;;;cancelled
2025.04.07 15:48:09;Sell Stop;0.05;XAUUSD;2 833.27;2 839.27;2 816.27;2025.04.07 17:13:58;3 030.51;;;;cancelled
2025.04.07 15:48:08;Sell Stop;0.02;XAUUSD;2 881.57;2 894.57;2 864.57;2025.04.07 17:13:57;3 030.56;;;;cancelled
2025.04.07 15:48:08;Sell Stop;0.02;XAUUSD;2 582.62;2 594.62;2 564.62;2025.04.07 17:13:57;3 029.88;;;;cancelled
2025.04.07 15:48:08;Sell Stop;0.02;XAUUSD;2 883.17;2 896.17;2 866.17;2025.04.07 17:13:56;3 029.90;;;;cancelled
2025.04.07 12:57:20;Buy;0.01;GBPUSD;1.28337;;;2025.04.07 15:01:48;1.28221;-0.05;;-1.16;
2025.04.07 12:02:00;Buy;0.01;GBPUSD;1.28663;;;2025.04.07 15:01:48;1.28223;-0.05;;-4.40;
2025.04.07 12:03:09;Buy;0.01;GBPUSD;1.28688;;;2025.04.07 15:01:47;1.28223;-0.05;;-4.65;
2025.04.07 14:15:38;Balance;;;;;;;;;;-316.64;
2025.04.07 14:12:54;Balance;;;;;;;;;;316.64;
2025.04.07 11:52:05;Sell;0.01;XAUUSD;3 032.57;;;2025.04.07 12:00:11;3 030.45;-0.12;;2.12;
2025.04.07 11:51:09;Sell;0.01;XAUUSD;3 031.64;;;2025.04.07 12:00:11;3 030.60;-0.12;;1.04;
2025.04.07 11:23:45;Sell;0.01;USDCHF;0.85103;;;2025.04.07 11:58:51;0.85082;-0.04;;0.25;
2025.04.07 11:19:49;Sell;0.01;USDCHF;0.85065;;;2025.04.07 11:58:51;0.85082;-0.04;;-0.20;
2025.04.07 11:34:41;Sell;0.01;USDCHF;0.85241;;;2025.04.07 11:58:50;0.85081;-0.04;;1.88;
2025.04.07 11:51:16;Sell;0.01;USDCHF;0.85158;;;2025.04.07 11:58:50;0.85082;-0.04;;0.89;
2025.04.07 10:53:40;Sell;0.01;XAUUSD;3 027.17;;;2025.04.07 10:53:43;3 026.60;-0.12;;0.57;
2025.04.07 10:07:31;Sell;0.01;GBPUSD;1.29232;;;2025.04.07 10:53:43;1.28971;-0.05;;2.61;
2025.04.07 09:47:36;Buy;0.01;GBPUSD;1.29004;;;2025.04.07 10:06:46;1.29202;-0.05;;1.98;
2025.04.07 10:00:54;Buy;0.01;GBPUSD;1.29085;;;2025.04.07 10:06:46;1.29204;-0.05;;1.19;
2025.04.07 08:58:26;Buy;0.01;USDCHF;0.85087;;;2025.04.07 09:04:58;0.85228;-0.04;;1.65;
2025.04.07 09:00:04;Buy;0.01;USDCHF;0.85110;;;2025.04.07 09:04:58;0.85227;-0.04;;1.37;
2025.04.07 08:19:44;Sell;0.01;GBPUSD;1.29132;;;2025.04.07 08:36:01;1.29148;-0.05;;-0.16;
2025.04.07 06:49:22;Sell;0.01;GBPUSD;1.28862;;;2025.04.07 08:36:01;1.29149;-0.05;;-2.87;
2025.04.07 08:32:12;Sell;0.01;XAUUSD;3 043.16;;;2025.04.07 08:36:00;3 037.07;-0.12;;6.09;
2025.04.07 08:18:47;Sell Stop;0.01;GBPUSD;1.29056;;;2025.04.07 08:19:00;1.29169;;;;cancelled
2025.04.07 01:24:02;Sell;0.01;GBPUSD;1.29049;;;2025.04.07 05:37:17;1.28586;-0.05;;4.63;
2025.04.07 00:52:12;Sell;0.01;GBPUSD;1.28457;;;2025.04.07 05:37:17;1.28590;-0.05;;-1.33;
2025.04.07 00:48:00;Sell;0.01;GBPUSD;1.28382;;;2025.04.07 05:37:17;1.28592;-0.05;;-2.10;
2025.04.07 02:50:10;Sell;0.01;GBPUSD;1.29077;;;2025.04.07 05:37:16;1.28586;-0.05;;4.91;
2025.04.07 04:15:14;Sell;0.01;XAUUSD;3 011.10;;;2025.04.07 05:37:15;3 030.85;-0.12;;-19.75;
2025.04.07 02:52:30;Sell;0.01;GBPUSD;1.29243;;;2025.04.07 05:37:15;1.28597;-0.05;;6.46;
2025.04.07 04:35:06;Sell;0.01;XAUUSD;3 030.48;;;2025.04.07 05:37:14;3 030.62;-0.12;;-0.14;
2025.04.07 04:36:45;Sell;0.01;XAUUSD;3 024.30;;;2025.04.07 05:37:14;3 030.62;-0.12;;-6.32;
2025.04.07 04:29:37;Sell;0.01;XAUUSD;3 020.07;;;2025.04.07 05:37:14;3 030.62;-0.12;;-10.55;
2025.04.07 04:21:06;Sell;0.01;XAUUSD;3 015.72;;;2025.04.07 05:37:14;3 031.02;-0.12;;-15.30;
2025.04.07 05:33:07;Sell Stop;0.01;USDCHF;0.85768;;;2025.04.07 05:37:13;0.85803;;;;cancelled
2025.04.07 04:47:04;Sell;0.01;XAUUSD;3 053.25;;;2025.04.07 05:37:13;3 030.48;-0.12;;22.77;
2025.04.07 04:40:01;Sell;0.01;XAUUSD;3 048.55;;;2025.04.07 05:37:13;3 030.62;-0.12;;17.93;
2025.04.07 02:51:05;Sell Stop;0.01;GBPUSD;1.29163;;;2025.04.07 02:52:00;1.29281;;;;cancelled
2025.04.07 02:50:30;Sell Stop;0.01;GBPUSD;1.29115;;;2025.04.07 02:52:00;1.29282;;;;cancelled
2025.04.07 01:23:00;Sell Stop;0.01;GBPUSD;1.28798;;;2025.04.07 01:24:00;1.29087;;;;cancelled
2025.04.07 00:50:57;Sell Stop;0.01;GBPUSD;1.28425;;;2025.04.07 00:51:00;1.28489;;;;cancelled
2025.04.07 00:49:27;Sell Stop;0.01;GBPUSD;1.28397;;;2025.04.07 00:51:00;1.28489;;;;cancelled
2025.04.07 00:17:55;Buy Stop;0.01;USDCHF;0.85644;;;2025.04.07 00:18:26;0.85635;;;;cancelled
2025.04.04 22:21:19;Sell;0.01;XAUUSD;3 031.01;;;2025.04.04 22:27:58;3 029.90;-0.12;;1.11;
2025.04.04 22:18:22;Sell;0.01;XAUUSD;3 029.46;;;2025.04.04 22:27:58;3 029.88;-0.12;;-0.42;
2025.04.04 22:15:07;Sell;0.01;USDCHF;0.86217;;;2025.04.04 22:27:58;0.86213;-0.04;;0.05;
2025.04.04 22:25:04;Sell;0.01;XAUUSD;3 032.49;;;2025.04.04 22:27:57;3 029.99;-0.12;;2.50;
2025.04.04 18:37:58;Buy;0.01;XAUUSD;3 019.44;;;2025.04.04 18:38:28;3 022.77;-0.12;;3.33;
2025.04.04 18:05:22;Sell;0.01;USDCHF;0.85659;;;2025.04.04 18:36:36;0.85515;-0.04;;1.68;
2025.04.04 17:58:04;Sell;0.01;USDCHF;0.85603;;;2025.04.04 18:36:36;0.85511;-0.04;;1.08;
2025.04.04 17:55:15;Sell;0.01;USDCHF;0.85547;;;2025.04.04 18:36:36;0.85511;-0.04;;0.42;
2025.04.04 17:01:44;Buy;0.01;XAUUSD;3 055.86;;;2025.04.04 17:22:47;3 051.83;-0.12;;-4.03;
2025.04.04 17:14:05;Buy;0.01;XAUUSD;3 049.03;;;2025.04.04 17:22:46;3 051.71;-0.12;;2.68;
2025.04.04 17:05:52;Buy;0.01;XAUUSD;3 053.10;;;2025.04.04 17:22:46;3 051.84;-0.12;;-1.26;
2025.04.04 17:16:18;Buy;0.01;XAUUSD;3 044.43;;;2025.04.04 17:22:45;3 051.71;-0.12;;7.28;
2025.04.04 14:13:53;Sell;0.01;XAUUSD;3 135.34;;;2025.04.04 14:15:14;3 132.36;-0.13;;2.98;
2025.04.03 03:45:00;Buy;0.04;AUDNZD;1.09343;;1.08839;2025.04.04 14:09:53;1.08405;-0.10;-0.18;-21.26;
2025.04.03 04:00:00;Buy;0.04;AUDNZD;1.09330;;1.08845;2025.04.04 14:09:52;1.08401;-0.10;-0.18;-21.05;
2025.04.03 15:45:01;Buy;0.03;AUDNZD;1.09106;;1.08906;2025.04.04 14:09:51;1.08399;-0.08;-0.13;-12.02;
2025.04.03 09:00:01;Buy;0.04;AUDNZD;1.09236;;1.08948;2025.04.04 14:09:51;1.08401;-0.10;-0.18;-18.92;
2025.04.04 05:45:00;Buy;0.04;AUDCAD;0.88478;;0.87776;2025.04.04 14:09:50;0.87003;-0.10;;-41.65;
2025.04.04 06:30:00;Buy;0.04;AUDCAD;0.88141;;0.88205;2025.04.04 14:09:49;0.87006;-0.10;;-32.05;
2025.04.04 05:45:01;Buy;0.04;AUDCAD;0.88478;;0.87568;2025.04.04 14:09:49;0.87004;-0.10;;-41.62;
2025.04.04 06:30:00;Buy;0.04;AUDCAD;0.88142;;0.88051;2025.04.04 14:09:48;0.87016;-0.10;;-31.80;
2025.04.04 06:30:01;Buy;0.04;AUDCAD;0.88145;;0.87731;2025.04.04 14:09:45;0.87013;-0.10;;-31.97;
2025.04.04 07:15:00;Buy;0.05;AUDCAD;0.87934;;0.87776;2025.04.04 14:09:44;0.86996;-0.12;;-33.11;
2025.04.04 07:00:00;Buy;0.03;AUDNZD;1.09084;;1.09034;2025.04.04 14:09:44;1.08399;-0.08;;-11.64;
2025.04.04 07:15:01;Buy;0.05;AUDCAD;0.87934;;0.87568;2025.04.04 14:09:43;0.86983;-0.12;;-33.57;
2025.04.04 07:15:00;Buy;0.03;AUDCAD;0.87923;;0.87987;2025.04.04 14:09:43;0.86991;-0.07;;-19.74;
2025.04.04 08:15:01;Buy;0.05;AUDNZD;1.09047;;1.08839;2025.04.04 14:09:42;1.08386;-0.12;;-18.73;
2025.04.04 08:00:00;Buy;0.03;AUDCAD;0.87900;;0.88118;2025.04.04 14:09:42;0.86983;-0.07;;-19.42;
2025.04.04 11:00:04;Buy;0.04;NZDCAD;0.80491;;0.80728;2025.04.04 14:09:41;0.80249;-0.09;;-6.84;
2025.04.04 11:00:04;Buy;0.04;NZDCAD;0.80491;;0.80793;2025.04.04 14:09:40;0.80252;-0.09;;-6.75;
2025.04.04 11:30:08;Buy;0.03;AUDCAD;0.87756;;0.88078;2025.04.04 14:09:39;0.86986;-0.07;;-16.30;
2025.04.04 11:30:07;Buy;0.03;AUDCAD;0.87754;;0.87936;2025.04.04 14:09:39;0.86983;-0.07;;-16.33;
2025.04.04 12:45:01;Buy;0.05;AUDNZD;1.08966;;1.08845;2025.04.04 14:09:38;1.08379;-0.12;;-16.63;
2025.04.04 12:45:00;Buy;0.03;AUDNZD;1.08965;;1.08975;2025.04.04 14:09:38;1.08379;-0.07;;-9.96;
2025.04.04 13:15:14;Buy;0.03;AUDNZD;1.08939;;1.09076;2025.04.04 14:09:37;1.08381;-0.07;;-9.48;
2025.04.04 13:30:54;Buy;0.05;AUDNZD;1.08776;;1.08948;2025.04.04 14:09:36;1.08380;-0.12;;-11.22;
2025.04.04 13:30:48;Buy;0.03;AUDNZD;1.08776;;1.08896;2025.04.04 14:09:36;1.08381;-0.07;;-6.71;
2025.04.04 13:30:58;Buy;0.05;AUDCAD;0.87544;;0.88051;2025.04.04 14:09:35;0.86985;-0.12;;-19.73;
2025.04.04 13:30:55;Buy;0.03;AUDNZD;1.08776;;1.09171;2025.04.04 14:09:35;1.08381;-0.07;;-6.71;
2025.04.04 13:30:58;Buy;0.03;AUDCAD;0.87545;;0.87898;2025.04.04 14:09:34;0.86983;-0.07;;-11.90;
2025.04.04 13:31:05;Buy;0.05;AUDCAD;0.87541;;0.87731;2025.04.04 14:09:33;0.86978;-0.12;;-19.87;
2025.04.04 13:31:04;Buy;0.05;AUDCAD;0.87537;;0.88205;2025.04.04 14:09:33;0.86978;-0.12;;-19.73;
2025.04.04 13:45:10;Buy;0.03;AUDCAD;0.87339;;0.88122;2025.04.04 14:09:32;0.86968;-0.07;;-7.86;
2025.04.04 13:45:10;Buy;0.07;AUDCAD;0.87339;;0.87776;2025.04.04 14:09:32;0.86967;-0.17;;-18.38;
2025.04.04 13:45:10;Buy;0.03;AUDNZD;1.08615;;1.09027;2025.04.04 14:09:31;1.08381;-0.07;;-3.97;
2025.04.04 13:45:12;Buy;0.07;AUDCAD;0.87338;;0.87568;2025.04.04 14:09:30;0.86962;-0.17;;-18.58;
2025.04.04 13:45:11;Buy;0.03;AUDCAD;0.87339;;0.87969;2025.04.04 14:09:30;0.86964;-0.07;;-7.94;
2025.04.04 13:45:16;Buy;0.04;AUDNZD;1.08622;;1.08906;2025.04.04 14:09:29;1.08376;-0.10;;-5.58;
2025.04.04 14:00:23;Buy;0.06;AUDNZD;1.08475;;1.08845;2025.04.04 14:09:28;1.08374;-0.15;;-3.43;
2025.04.04 14:00:23;Buy;0.03;AUDNZD;1.08468;;1.08831;2025.04.04 14:09:27;1.08374;-0.07;;-1.60;
2025.04.04 14:00:23;Buy;0.03;NZDCAD;0.80202;;0.80825;2025.04.04 14:09:27;0.80234;-0.07;;0.68;
2025.04.04 14:00:24;Buy;0.03;AUDNZD;1.08477;;1.08953;2025.04.04 14:09:26;1.08372;-0.07;;-1.78;
2025.04.04 14:00:23;Buy;0.03;NZDCAD;0.80202;;0.80826;2025.04.04 14:09:26;0.80235;-0.07;;0.70;
2025.04.04 14:00:24;Buy;0.03;NZDCAD;0.80202;;0.80953;2025.04.04 14:09:25;0.80237;-0.07;;0.74;
2025.04.04 14:00:24;Buy;0.03;NZDCAD;0.80201;;0.80824;2025.04.04 14:09:24;0.80239;-0.07;;0.80;
2025.04.04 14:00:24;Buy;0.04;AUDNZD;1.08477;;1.09034;2025.04.04 14:09:24;1.08378;-0.10;;-2.25;
2025.04.04 14:00:25;Buy;0.03;NZDCAD;0.80189;;0.80894;2025.04.04 14:09:23;0.80242;-0.07;;1.12;
2025.04.04 14:00:25;Buy;0.03;NZDCAD;0.80198;;0.80987;2025.04.04 14:09:23;0.80244;-0.07;;0.97;
2025.04.04 14:00:26;Buy;0.03;NZDCAD;0.80190;;0.80863;2025.04.04 14:09:22;0.80241;-0.07;;1.08;
2025.04.04 14:00:25;Buy;0.03;NZDCAD;0.80198;;0.80813;2025.04.04 14:09:22;0.80244;-0.07;;0.98;
2025.04.04 14:01:26;Buy;0.04;AUDCAD;0.86969;;0.88118;2025.04.04 14:09:21;0.86977;-0.10;;0.23;
2025.04.04 14:01:26;Buy;0.04;AUDCAD;0.86967;;0.87987;2025.04.04 14:09:20;0.86978;-0.10;;0.31;
2025.04.04 14:01:32;Buy;0.04;AUDCAD;0.86960;;0.87936;2025.04.04 14:09:19;0.86973;-0.10;;0.37;
2025.04.02 14:30:00;Sell;0.04;NZDCAD;0.82263;;0.82107;2025.04.02 23:27:45;0.82107;-0.09;;4.35;[tp]
2025.03.21 18:15:00;Buy;0.04;AUDCAD;0.89922;;0.90218;2025.03.25 11:45:03;0.90150;-0.10;-0.18;6.37;
2025.03.21 18:15:00;Buy;0.04;AUDCAD;0.89927;;0.90349;2025.03.24 10:45:01;0.90267;-0.10;-0.09;9.49;
2025.03.18 16:30:01;Buy;0.03;AUDNZD;1.09412;;1.09547;2025.03.19 16:00:00;1.09463;-0.08;-0.13;0.89;
2025.03.18 18:45:00;Buy;0.03;AUDNZD;1.09376;;1.09512;2025.03.19 15:30:01;1.09442;-0.08;-0.13;1.14;
2025.03.18 15:45:01;Buy;0.03;AUDNZD;1.09466;;1.09490;2025.03.19 13:15:01;1.09429;-0.08;-0.13;-0.64;
2025.03.18 15:45:01;Buy;0.03;AUDNZD;1.09466;;1.09487;2025.03.19 13:00:00;1.09416;-0.08;-0.13;-0.87;
2025.03.18 07:45:00;Buy;0.03;AUDNZD;1.09528;;1.09477;2025.03.19 05:15:02;1.09426;-0.08;-0.13;-1.78;
2025.02.28 20:45:00;Buy;0.03;AUDCAD;0.89535;;0.90116;2025.03.03 19:30:01;0.90040;-0.07;-0.07;10.51;
2025.02.28 15:45:00;Buy;0.04;NZDCAD;0.80750;;0.81192;2025.03.03 17:15:01;0.81101;-0.09;-0.03;9.74;
2025.02.28 15:45:00;Buy;0.03;AUDCAD;0.89579;;0.90055;2025.03.03 17:15:01;0.89983;-0.07;-0.07;8.41;
2025.02.28 12:30:00;Buy;0.04;NZDCAD;0.80825;;0.81127;2025.03.03 17:00:12;0.81057;-0.09;-0.03;6.44;
2025.02.28 15:45:00;Buy;0.03;AUDCAD;0.89580;;0.90042;2025.03.03 16:30:02;0.89952;-0.07;-0.07;7.74;
2025.02.28 12:30:00;Buy;0.03;AUDCAD;0.89682;;0.89947;2025.03.03 16:27:26;0.89947;-0.07;-0.07;5.51;[tp]
2025.02.28 15:45:01;Buy;0.03;AUDCAD;0.89580;;0.89921;2025.03.03 14:15:02;0.89859;-0.07;-0.07;5.80;
2025.02.28 15:45:01;Buy;0.03;AUDCAD;0.89580;;0.89905;2025.03.03 03:08:47;0.89905;-0.07;-0.07;6.75;[tp]
2025.02.17 03:45:00;Sell;0.04;NZDCAD;0.81400;;0.81226;2025.02.18 01:15:02;0.81278;-0.09;-0.17;3.44;
2025.02.14 18:30:00;Sell;0.04;NZDCAD;0.81223;;0.81285;2025.02.18 01:14:21;0.81285;-0.09;-0.34;-1.75;[tp]
2024.12.25 08:06:28;Balance;;;;;;;;;;600.00;
2024.12.19 22:30:00;Buy;0.02;NZDCAD;0.81051;;0.81329;2024.12.24 14:45:00;0.81258;-0.05;-0.06;2.87;
2024.12.19 22:45:00;Buy;0.02;NZDCAD;0.81041;;0.81412;2024.12.23 11:15:00;0.81350;-0.05;-0.04;4.30;
2024.12.20 01:15:01;Buy;0.02;NZDCAD;0.81004;;0.81376;2024.12.23 10:30:00;0.81304;-0.05;-0.02;4.17;
2024.12.20 11:30:00;Buy;0.02;AUDCAD;0.89688;;0.90004;2024.12.23 08:15:00;0.89933;-0.05;-0.05;3.41;
2024.12.19 22:45:01;Buy;0.02;NZDCAD;0.81041;;0.81413;2024.12.20 22:15:02;0.81339;-0.05;-0.02;4.15;
2024.12.20 01:15:01;Buy;0.02;NZDCAD;0.81004;;0.81361;2024.12.20 20:45:00;0.81320;-0.05;;4.40;
2024.12.19 02:15:00;Buy;0.02;AUDCAD;0.89693;;0.90052;2024.12.20 20:45:00;0.89964;-0.05;-0.05;3.77;
2024.12.19 00:05:02;Buy;0.02;NZDCAD;0.81295;;0.81327;2024.12.20 19:00:02;0.81276;-0.05;-0.02;-0.26;
2024.12.20 01:15:01;Buy;0.04;NZDCAD;0.81004;;0.81327;2024.12.20 19:00:01;0.81275;-0.09;;7.55;
2024.12.19 02:15:01;Buy;0.02;AUDCAD;0.89700;;0.89997;2024.12.20 19:00:01;0.89922;-0.05;-0.05;3.09;
2024.12.19 01:15:01;Buy;0.02;AUDCAD;0.89782;;0.89894;2024.12.20 18:24:42;0.89894;-0.05;-0.05;1.56;[tp]
2024.12.20 11:30:00;Buy;0.03;AUDCAD;0.89688;;0.89892;2024.12.20 18:24:13;0.89892;-0.07;;4.26;[tp]
2024.12.18 22:15:01;Buy;0.02;AUDCAD;0.89910;;0.89892;2024.12.20 18:24:13;0.89892;-0.05;-0.19;-0.25;[tp]
2024.12.20 01:15:02;Buy;0.04;NZDCAD;0.81003;;0.81215;2024.12.20 18:19:14;0.81215;-0.09;;5.90;[tp]
2024.12.19 00:05:02;Buy;0.02;NZDCAD;0.81295;;0.81215;2024.12.20 18:19:14;0.81215;-0.05;-0.02;-1.11;[tp]
2024.12.20 02:45:01;Buy;0.04;NZDCAD;0.80994;;0.81154;2024.12.20 15:28:26;0.81154;-0.09;;4.45;[tp]
2024.12.19 00:05:02;Buy;0.03;NZDCAD;0.81284;;0.81157;2024.12.20 15:28:26;0.81159;-0.07;-0.02;-2.60;[tp]
2024.12.19 00:05:01;Buy;0.03;NZDCAD;0.81282;;0.81154;2024.12.20 15:28:26;0.81154;-0.07;-0.02;-2.67;[tp]
2024.12.19 02:15:00;Buy;0.03;AUDCAD;0.89695;;0.89838;2024.12.20 09:58:52;0.89839;-0.07;-0.07;3.00;[tp]
2024.12.18 22:15:01;Buy;0.02;AUDCAD;0.89907;;0.89838;2024.12.20 09:58:52;0.89839;-0.05;-0.19;-0.94;[tp]
2024.12.18 22:15:00;Buy;0.02;AUDCAD;0.89908;;0.89821;2024.12.20 09:58:12;0.89823;-0.05;-0.19;-1.18;[tp]
2024.12.18 22:15:01;Buy;0.02;AUDCAD;0.89906;;0.89911;2024.12.20 08:45:01;0.89854;-0.05;-0.19;-0.72;
2024.12.19 00:05:01;Buy;0.03;NZDCAD;0.81270;;0.81190;2024.12.20 03:56:13;0.81191;-0.07;-0.02;-1.65;[tp]
2024.12.18 22:15:00;Buy;0.02;AUDCAD;0.89908;;0.89898;2024.12.19 15:27:01;0.89898;-0.05;-0.14;-0.14;[tp]
2024.12.12 01:10:07;Buy;0.02;XAUUSD;2 719.67;2 701.17;2 743.46;2024.12.12 03:30:47;2 701.14;-0.22;;-37.06;[sl]
2024.12.11 22:05:26;Buy;0.02;XAUUSD;2 719.44;2 701.15;2 743.46;2024.12.12 03:30:47;2 701.29;-0.22;-1.74;-36.30;[sl]
2024.12.11 21:45:02;Buy;0.02;XAUUSD;2 719.52;2 701.17;2 743.46;2024.12.12 03:30:47;2 701.14;-0.22;-1.74;-36.76;[sl]
2024.12.11 20:03:44;Buy;0.02;XAUUSD;2 719.22;2 701.15;2 743.46;2024.12.12 03:30:47;2 701.29;-0.22;-1.74;-35.86;[sl]
2024.12.11 19:06:26;Buy;0.02;XAUUSD;2 719.38;2 701.17;2 743.42;2024.12.12 03:30:47;2 701.29;-0.22;-1.74;-36.18;[sl]
2024.12.11 20:21:02;Buy;0.02;XAUUSD;2 720.82;2 710.74;2 775.68;2024.12.12 03:30:35;2 710.54;-0.22;-1.74;-20.56;[sl]
2024.12.11 21:41:38;Buy;0.03;XAUUSD;2 719.30;2 716.30;2 797.66;2024.12.12 03:17:03;2 716.21;-0.33;-2.61;-9.27;[sl]
2024.12.11 19:06:20;Buy;0.03;XAUUSD;2 719.38;2 716.27;2 797.97;2024.12.12 03:17:03;2 716.21;-0.33;-2.61;-9.51;[sl]
2024.12.11 18:33:05;Buy;0.02;XAUUSD;2 718.79;2 717.13;2 737.03;2024.12.12 03:16:11;2 717.11;-0.22;-1.74;-3.36;[sl]
2024.12.11 19:06:19;Buy;0.03;XAUUSD;2 719.34;2 719.32;2 740.04;2024.12.12 03:10:36;2 719.31;-0.33;-2.61;-0.09;[sl]
2024.12.09 15:58:11;Buy;0.02;XAUUSD;2 665.76;2 662.55;2 720.66;2024.12.09 20:14:42;2 661.90;-0.21;;-7.72;[sl]
2024.12.09 11:50:00;Buy;0.02;XAUUSD;2 656.34;2 662.73;2 711.33;2024.12.09 20:14:09;2 662.83;-0.21;;12.98;[sl]
2024.12.06 17:29:50;Balance;;;;;;;;;;-1 500.00;
2024.12.06 03:08:29;Sell;0.04;XAUUSD;2 623.69;2 629.24;2 568.91;2024.12.06 05:11:36;2 629.36;-0.42;;-22.68;[sl]
2024.12.05 19:43:13;Sell;0.04;XAUUSD;2 623.85;2 629.14;2 568.86;2024.12.06 05:11:35;2 629.14;-0.42;-0.12;-21.16;[sl]
2024.11.22 20:20:25;Buy;0.04;XAUUSD;2 709.73;2 706.58;2 764.15;2024.11.25 03:01:12;2 706.70;-0.43;-1.16;-12.12;[sl]
2024.11.22 13:05:45;Buy;0.05;XAUUSD;2 709.85;2 696.31;2 762.27;2024.11.22 15:24:38;2 696.34;-0.54;;-67.55;[sl]
2024.11.13 12:47:19;Balance;;;;;;;;;;-200.00;
2024.11.12 07:30:49;Sell;0.04;XAUUSD;2 608.40;2 603.96;2 586.71;2024.11.12 14:03:30;2 603.96;-0.42;;17.76;[sl]
2024.11.12 07:32:42;Sell;0.05;XAUUSD;2 606.47;2 603.55;2 553.97;2024.11.12 14:03:19;2 603.49;-0.52;;14.90;[sl]
2024.11.12 07:32:37;Sell;0.06;XAUUSD;2 606.53;2 605.68;2 527.59;2024.11.12 10:11:21;2 605.65;-0.63;;5.28;[sl]
2024.11.12 07:58:01;Sell;0.05;XAUUSD;2 605.76;2 604.26;2 589.50;2024.11.12 09:51:02;2 604.39;-0.52;;6.85;[sl]
2024.11.12 08:00:25;Sell;0.06;XAUUSD;2 605.38;2 602.59;2 585.87;2024.11.12 09:49:12;2 602.57;-0.63;;16.86;[sl]
2024.11.11 15:33:21;Sell;0.05;XAUUSD;2 644.68;2 623.64;2 592.58;2024.11.11 22:32:13;2 623.62;-0.53;;105.30;[sl]
2024.11.06 08:34:54;Sell;0.05;XAUUSD;2 710.19;2 716.72;2 659.69;2024.11.06 09:09:23;2 716.94;-0.54;;-33.75;[sl]
2024.10.29 15:37:00;Buy;0.04;XAUUSD;2 758.18;2 776.01;2 808.60;2024.10.30 14:15:02;2 773.87;-0.44;-1.16;62.76;[sl]
2024.10.30 11:39:36;Balance;;;;;;;;;;-100.00;
2024.10.29 04:11:46;Buy;0.04;XAUUSD;2 756.90;2 759.47;2 777.65;2024.10.30 02:10:34;2 777.70;-0.44;-1.16;83.20;[tp]
2024.10.29 15:16:25;Buy;0.03;XAUUSD;2 756.82;2 759.47;2 777.42;2024.10.30 02:10:31;2 777.47;-0.33;-0.87;61.95;[tp]
2024.10.29 07:07:33;Buy;0.04;XAUUSD;2 756.91;2 759.47;2 777.42;2024.10.30 02:10:31;2 777.47;-0.44;-1.16;82.24;[tp]
2024.10.29 15:16:25;Buy;0.09;XAUUSD;2 756.81;2 759.95;2 773.86;2024.10.29 21:02:42;2 773.90;-0.99;;153.81;[tp]
2024.10.29 15:36:17;Buy;0.05;XAUUSD;2 757.54;2 760.04;2 772.70;2024.10.29 20:26:39;2 772.92;-0.55;;76.90;[tp]
2024.10.29 15:16:11;Buy;0.05;XAUUSD;2 756.50;2 761.74;2 834.38;2024.10.29 17:25:36;2 761.66;-0.55;;25.80;[sl]
2024.10.29 15:37:00;Buy;0.04;XAUUSD;2 758.18;2 764.08;2 777.36;2024.10.29 17:20:41;2 763.89;-0.44;;22.84;[sl]
2024.10.29 15:16:11;Buy;0.05;XAUUSD;2 756.41;2 765.32;2 775.46;2024.10.29 16:36:08;2 765.33;-0.55;;44.60;[sl]
2024.10.29 04:06:36;Buy;0.05;XAUUSD;2 756.34;2 759.15;2 771.64;2024.10.29 16:25:32;2 771.64;-0.55;;76.50;[tp]
2024.10.29 15:15:55;Buy;0.04;XAUUSD;2 756.13;2 759.22;2 771.43;2024.10.29 16:25:25;2 771.50;-0.44;;61.48;[tp]
2024.10.29 08:48:52;Buy;0.05;XAUUSD;2 756.26;2 759.09;2 771.43;2024.10.29 16:25:25;2 771.50;-0.55;;76.20;[tp]
2024.10.29 11:21:08;Buy;0.05;XAUUSD;2 756.50;2 746.95;2 834.38;2024.10.29 13:26:20;2 746.96;-0.55;;-47.70;[sl]
2024.10.29 08:49:35;Buy;0.06;XAUUSD;2 756.41;2 746.46;2 775.46;2024.10.29 10:27:03;2 746.58;-0.66;;-58.98;[sl]
2024.10.29 04:06:37;Buy;0.06;XAUUSD;2 756.49;2 746.47;2 775.46;2024.10.29 10:27:03;2 746.50;-0.66;;-59.94;[sl]
2024.10.29 08:49:38;Buy;0.06;XAUUSD;2 756.52;2 746.96;2 834.38;2024.10.29 10:26:53;2 746.90;-0.66;;-57.72;[sl]
2024.10.29 07:06:27;Buy;0.06;XAUUSD;2 756.58;2 747.02;2 834.38;2024.10.29 10:26:53;2 746.90;-0.66;;-58.08;[sl]
2024.10.29 04:06:37;Buy;0.06;XAUUSD;2 756.49;2 746.93;2 834.82;2024.10.29 10:26:53;2 746.90;-0.66;;-57.54;[sl]
2024.10.29 04:13:36;Buy;0.06;XAUUSD;2 757.49;2 747.31;2 772.70;2024.10.29 10:26:44;2 747.30;-0.66;;-61.14;[sl]
2024.10.29 07:06:35;Buy;0.10;XAUUSD;2 756.82;2 750.86;2 773.86;2024.10.29 07:55:06;2 750.82;-1.10;;-60.00;[sl]
2024.10.29 04:11:46;Buy;0.10;XAUUSD;2 756.96;2 750.94;2 773.86;2024.10.29 04:51:41;2 751.01;-1.10;;-59.50;[sl]
2024.10.24 09:47:34;Balance;;;;;;;;;;-100.00;
2024.10.21 16:18:19;Balance;;;;;;;;;;-100.00;
2024.10.17 09:00:50;Buy;0.09;XAUUSD;2 683.87;2 686.47;2 705.60;2024.10.17 19:31:04;2 686.17;-0.97;;20.70;[sl]
2024.10.17 08:34:09;Buy;0.09;XAUUSD;2 683.90;2 686.46;2 705.60;2024.10.17 19:31:04;2 686.17;-0.97;;20.43;[sl]
2024.10.17 05:03:08;Buy;0.09;XAUUSD;2 683.81;2 686.47;2 706.05;2024.10.17 19:31:04;2 686.17;-0.97;;21.24;[sl]
2024.10.17 09:38:09;Buy;0.14;XAUUSD;2 684.46;2 673.60;2 700.85;2024.10.17 15:31:30;2 673.35;-1.50;;-155.54;[sl]
2024.10.17 05:03:56;Buy;0.14;XAUUSD;2 684.61;2 673.71;2 700.91;2024.10.17 15:31:30;2 673.35;-1.50;;-157.64;[sl]
2024.10.17 08:33:49;Buy;0.18;XAUUSD;2 683.59;2 673.90;2 762.65;2024.10.17 15:31:21;2 673.76;-1.93;;-176.94;[sl]
2024.10.17 05:01:15;Buy;0.18;XAUUSD;2 683.67;2 673.98;2 762.74;2024.10.17 15:31:21;2 673.76;-1.93;;-178.38;[sl]
2024.10.17 09:40:17;Buy;0.11;XAUUSD;2 685.03;2 675.90;2 736.54;2024.10.17 15:30:01;2 675.11;-1.18;;-109.12;[sl]
2024.10.17 05:04:20;Buy;0.11;XAUUSD;2 684.99;2 675.89;2 736.75;2024.10.17 15:30:01;2 675.11;-1.18;;-108.68;[sl]
2024.10.17 08:28:07;Buy;0.12;XAUUSD;2 683.28;2 681.45;2 698.94;2024.10.17 14:56:08;2 681.38;-1.29;;-22.80;[sl]
2024.10.17 09:40:21;Buy;0.10;XAUUSD;2 685.19;2 681.42;2 704.81;2024.10.17 14:56:08;2 681.38;-1.07;;-38.10;[sl]
2024.10.17 05:00:00;Buy;0.12;XAUUSD;2 683.34;2 681.43;2 699.14;2024.10.17 14:56:08;2 681.38;-1.29;;-23.52;[sl]
2024.10.17 08:33:45;Buy;0.14;XAUUSD;2 683.57;2 682.62;2 702.99;2024.10.17 14:52:21;2 682.44;-1.50;;-15.82;[sl]
2024.10.17 05:01:15;Buy;0.14;XAUUSD;2 683.67;2 682.62;2 703.01;2024.10.17 14:52:21;2 682.44;-1.50;;-17.22;[sl]
2024.10.17 08:34:10;Buy;0.25;XAUUSD;2 683.99;2 677.98;2 700.98;2024.10.17 12:22:21;2 677.95;-2.68;;-151.00;[sl]
2024.10.17 05:03:52;Buy;0.25;XAUUSD;2 684.09;2 678.07;2 700.98;2024.10.17 06:34:15;2 678.10;-2.68;;-149.75;[sl]
2024.10.16 16:01:16;Buy;0.09;XAUUSD;2 683.83;2 666.85;2 706.89;2024.10.16 19:04:21;2 666.84;-0.97;;-152.91;[sl]
2024.10.16 16:39:10;Buy;0.10;XAUUSD;2 685.61;2 670.88;2 704.98;2024.10.16 17:48:34;2 670.06;-1.07;;-155.50;[sl]
2024.10.16 16:01:10;Buy;0.12;XAUUSD;2 683.40;2 671.32;2 699.14;2024.10.16 17:44:56;2 672.04;-1.29;;-136.32;[sl]
2024.10.16 09:13:06;Buy;0.11;XAUUSD;2 673.02;2 671.51;2 724.83;2024.10.16 17:44:55;2 672.10;-1.18;;-10.12;[sl]
2024.10.16 16:37:23;Buy;0.11;XAUUSD;2 685.06;2 671.78;2 736.75;2024.10.16 17:43:59;2 672.48;-1.18;;-138.38;[sl]
2024.10.16 16:01:10;Buy;0.14;XAUUSD;2 683.39;2 673.12;2 703.34;2024.10.16 16:58:20;2 672.59;-1.50;;-151.20;[sl]
2024.10.16 16:06:04;Buy;0.14;XAUUSD;2 684.49;2 673.52;2 701.51;2024.10.16 16:58:19;2 672.69;-1.50;;-165.20;[sl]
2024.10.16 16:01:10;Buy;0.18;XAUUSD;2 683.39;2 673.99;2 762.12;2024.10.16 16:55:52;2 673.98;-1.93;;-169.38;[sl]
2024.10.16 16:01:17;Buy;0.25;XAUUSD;2 684.02;2 678.00;2 700.98;2024.10.16 16:50:22;2 678.06;-2.68;;-149.00;[sl]
2024.10.08 17:27:11;Sell;0.11;XAUUSD;2 626.51;2 617.44;2 573.82;2024.10.08 20:25:52;2 617.70;-1.16;;96.91;[sl]
2024.09.19 12:20:55;Buy;0.11;XAUUSD;2 589.05;2 580.54;2 640.99;2024.09.19 15:40:33;2 580.47;-1.14;;-94.38;[sl]
2024.09.18 21:06:56;Buy;0.11;XAUUSD;2 588.20;2 586.75;2 640.99;2024.09.18 21:41:16;2 586.64;-1.14;;-17.16;[sl]
2024.09.17 09:45:28;Balance;;;;;;;;;;-30.00;
2024.09.12 15:41:34;Buy;0.11;XAUUSD;2 531.00;2 554.22;2 584.46;2024.09.13 19:07:13;2 584.46;-1.11;-3.19;588.06;[tp]
2024.09.13 17:38:36;Balance;;;;;;;;;;-15.00;
2024.09.12 15:41:30;Buy;0.09;XAUUSD;2 530.44;2 533.78;2 552.89;2024.09.12 17:46:39;2 553.08;-0.91;;203.76;[tp]
2024.09.12 15:41:30;Buy;0.18;XAUUSD;2 530.44;2 531.46;2 605.69;2024.09.12 16:18:04;2 531.33;-1.82;;16.02;[sl]
2024.09.12 15:41:32;Buy;0.14;XAUUSD;2 530.33;2 533.99;2 546.92;2024.09.12 16:16:48;2 533.18;-1.42;;39.90;[sl]
2024.09.12 15:41:30;Buy;0.12;XAUUSD;2 530.02;2 526.16;2 546.87;2024.09.12 16:00:07;2 526.16;-1.21;;-46.32;[sl]
2024.09.12 15:45:51;Buy;0.10;XAUUSD;2 531.55;2 527.31;2 551.26;2024.09.12 16:00:02;2 527.41;-1.01;;-41.40;[sl]
2024.09.12 15:40:25;Buy;0.14;XAUUSD;2 527.17;2 528.47;2 547.00;2024.09.12 15:59:18;2 528.49;-1.42;;18.48;[sl]
2024.09.12 15:41:30;Buy;0.25;XAUUSD;2 530.25;2 529.49;2 547.09;2024.09.12 15:58:39;2 529.47;-2.53;;-19.50;[sl]
2024.09.11 09:37:54;Buy;0.12;XAUUSD;2 526.69;2 513.17;2 544.37;2024.09.11 15:30:04;2 511.76;-1.21;;-179.16;[sl]
2024.09.11 11:45:38;Buy;0.14;XAUUSD;2 527.08;2 516.61;2 547.00;2024.09.11 15:30:02;2 516.08;-1.42;;-154.00;[sl]
2024.09.11 09:39:49;Buy;0.14;XAUUSD;2 527.14;2 516.66;2 547.00;2024.09.11 15:30:02;2 515.79;-1.42;;-158.90;[sl]
2024.09.06 15:31:05;Buy;0.12;XAUUSD;2 526.62;2 513.03;2 544.32;2024.09.06 16:09:34;2 513.04;-1.21;;-162.96;[sl]
2024.09.06 15:31:42;Buy;0.14;XAUUSD;2 529.11;2 518.46;2 550.83;2024.09.06 16:03:34;2 518.13;-1.42;;-153.72;[sl]
2024.09.06 15:37:20;Buy;0.18;XAUUSD;2 529.44;2 520.60;2 604.91;2024.09.06 16:00:03;2 520.99;-1.82;;-152.10;[sl]
2024.09.04 11:54:56;Sell;0.11;XAUUSD;2 472.58;2 486.41;2 418.40;2024.09.04 13:32:03;2 486.42;-1.09;;-152.24;[sl]
2024.09.02 13:10:47;Balance;;;;;;;;;;-500.00;
2024.09.02 05:06:02;Sell;0.11;XAUUSD;2 494.82;2 504.16;2 441.04;2024.09.02 11:42:08;2 504.17;-1.10;;-102.85;[sl]
2024.08.30 20:01:29;Sell;0.11;XAUUSD;2 494.95;2 504.11;2 441.04;2024.09.02 11:42:08;2 504.15;-1.10;-0.33;-101.20;[sl]
2024.08.26 21:00:49;Balance;;;;;;;;;;-30.00;
2024.08.16 15:50:36;Buy;0.11;XAUUSD;2 479.38;2 483.60;2 536.32;2024.08.16 17:22:21;2 483.50;-1.09;;45.32;[sl]
2024.08.16 15:52:20;Buy;0.09;XAUUSD;2 482.30;2 485.66;2 505.22;2024.08.16 17:04:09;2 485.66;-0.89;;30.24;[sl]
2024.08.16 15:52:20;Buy;0.18;XAUUSD;2 482.30;2 490.21;2 554.87;2024.08.16 17:00:46;2 489.85;-1.79;;135.90;[sl]
2024.08.16 15:53:16;Buy;0.10;XAUUSD;2 483.26;2 491.18;2 504.94;2024.08.16 17:00:45;2 491.23;-0.99;;79.70;[sl]
2024.08.16 15:52:05;Buy;0.12;XAUUSD;2 481.46;2 483.54;2 498.16;2024.08.16 16:20:17;2 483.93;-1.19;;29.64;[sl]
2024.08.16 15:52:05;Buy;0.14;XAUUSD;2 481.46;2 484.52;2 502.84;2024.08.16 16:19:33;2 484.39;-1.39;;41.02;[sl]
2024.08.16 15:52:21;Buy;0.14;XAUUSD;2 482.81;2 484.68;2 499.63;2024.08.16 16:19:31;2 484.72;-1.39;;26.74;[sl]
2024.08.16 15:52:21;Buy;0.25;XAUUSD;2 482.95;2 486.48;2 499.09;2024.08.16 16:01:57;2 486.52;-2.48;;89.25;[sl]
2024.08.14 11:44:07;Buy;0.11;XAUUSD;2 477.82;2 463.21;2 534.25;2024.08.14 15:33:16;2 463.10;-1.09;;-161.92;[sl]
2024.08.14 15:30:04;Buy;0.12;XAUUSD;2 480.54;2 467.63;2 498.90;2024.08.14 15:31:11;2 467.76;-1.19;;-153.36;[sl]
2024.08.14 15:30:05;Buy;0.14;XAUUSD;2 479.52;2 470.10;2 502.90;2024.08.14 15:31:03;2 470.17;-1.39;;-130.90;[sl]
2024.08.13 02:56:21;Buy;0.09;XAUUSD;2 476.51;2 458.64;2 498.62;2024.08.13 08:13:42;2 458.71;-0.89;;-160.20;[sl]
2024.08.13 02:18:38;Buy;0.12;XAUUSD;2 475.10;2 461.67;2 492.52;2024.08.13 04:21:18;2 461.59;-1.19;;-162.12;[sl]
2024.08.13 03:00:35;Buy;0.11;XAUUSD;2 476.88;2 462.25;2 533.94;2024.08.13 04:21:18;2 461.96;-1.09;;-164.12;[sl]
2024.08.13 02:56:21;Buy;0.18;XAUUSD;2 476.51;2 467.56;2 548.21;2024.08.13 04:12:56;2 467.53;-1.78;;-161.64;[sl]
2024.07.31 21:42:02;Buy;0.11;XAUUSD;2 431.39;2 444.45;2 485.72;2024.08.01 05:42:53;2 444.28;-1.07;-9.57;141.79;[sl]
2024.07.25 04:26:59;Sell;0.09;XAUUSD;2 387.44;2 381.96;2 365.76;2024.07.25 13:56:26;2 382.02;-0.86;;48.78;[sl]
2024.07.25 04:27:16;Sell;0.11;XAUUSD;2 385.68;2 380.15;2 331.78;2024.07.25 13:55:18;2 380.20;-1.05;;60.28;[sl]
2024.07.25 04:38:43;Sell;0.12;XAUUSD;2 385.10;2 379.03;2 368.81;2024.07.25 04:44:49;2 379.15;-1.14;;71.40;[sl]
2024.07.16 17:32:26;Buy;0.07;XAUUSD;2 448.31;2 452.16;2 470.00;2024.07.17 03:40:18;2 470.00;-0.69;-2.03;151.83;[tp]
2024.07.16 17:51:02;Buy;0.07;XAUUSD;2 449.61;2 461.20;2 469.72;2024.07.16 23:05:12;2 469.92;-0.69;;142.17;[tp]
2024.07.16 17:32:41;Buy;0.19;XAUUSD;2 448.42;2 452.42;2 465.41;2024.07.16 20:50:01;2 465.61;-1.86;;326.61;[tp]
2024.07.16 16:51:40;Buy;0.11;XAUUSD;2 447.99;2 458.68;2 467.43;2024.07.16 19:09:45;2 458.53;-1.08;;115.94;[sl]
2024.07.16 17:35:18;Buy;0.10;XAUUSD;2 449.11;2 451.02;2 465.14;2024.07.16 18:46:48;2 465.14;-0.98;;160.30;[tp]
2024.07.16 16:51:29;Buy;0.10;XAUUSD;2 447.59;2 449.82;2 460.42;2024.07.16 18:22:21;2 460.58;-0.98;;129.90;[tp]
2024.07.15 17:40:43;Buy;0.09;XAUUSD;2 423.96;2 423.28;2 476.99;2024.07.15 20:19:33;2 423.52;-0.87;;-3.96;[sl]
2024.07.11 15:30:05;Buy;0.08;XAUUSD;2 392.44;2 397.17;2 444.35;2024.07.11 16:41:59;2 397.17;-0.77;;37.84;[sl]
2024.07.11 15:30:02;Buy;0.13;XAUUSD;2 391.51;2 404.20;2 457.83;2024.07.11 16:39:01;2 404.30;-1.24;;166.27;[sl]
2024.07.11 15:30:02;Buy;0.06;XAUUSD;2 391.54;2 394.62;2 412.89;2024.07.11 16:25:34;2 412.93;-0.57;;128.34;[tp]
2024.07.11 15:30:05;Buy;0.07;XAUUSD;2 392.27;2 402.34;2 412.50;2024.07.11 16:25:33;2 412.61;-0.67;;142.38;[tp]
2024.07.11 15:30:03;Buy;0.10;XAUUSD;2 391.57;2 402.13;2 410.23;2024.07.11 16:25:03;2 410.43;-0.96;;188.60;[tp]
2024.07.11 15:30:03;Buy;0.17;XAUUSD;2 391.54;2 394.10;2 408.27;2024.07.11 15:42:30;2 408.30;-1.63;;284.92;[tp]
2024.07.11 15:30:04;Buy;0.09;XAUUSD;2 391.35;2 393.37;2 408.00;2024.07.11 15:42:29;2 408.04;-0.86;;150.21;[tp]
2024.07.11 15:30:02;Buy;0.08;XAUUSD;2 391.51;2 394.79;2 406.60;2024.07.11 15:42:12;2 406.66;-0.77;;121.20;[tp]
2024.07.05 18:33:33;Buy;0.09;XAUUSD;2 387.50;2 380.22;2 438.25;2024.07.08 09:43:56;2 379.94;-0.86;-2.61;-68.04;[sl]
2024.07.05 18:18:07;Buy;0.07;XAUUSD;2 386.01;2 382.45;2 407.69;2024.07.08 05:47:24;2 382.50;-0.67;-2.03;-24.57;[sl]
2024.07.05 18:18:07;Buy;0.14;XAUUSD;2 386.01;2 384.58;2 452.48;2024.07.08 04:06:03;2 384.48;-1.34;-4.06;-21.42;[sl]
2024.07.05 18:17:14;Buy;0.09;XAUUSD;2 385.39;2 385.07;2 401.58;2024.07.08 01:58:36;2 385.05;-0.86;-2.61;-3.06;[sl]
2024.07.05 10:43:03;Buy;0.06;XAUUSD;2 367.21;2 372.98;2 389.43;2024.07.05 20:28:03;2 389.43;-0.57;;133.32;[tp]
2024.07.05 15:02:00;Buy;0.07;XAUUSD;2 367.11;2 369.69;2 388.75;2024.07.05 20:08:46;2 388.80;-0.66;;151.83;[tp]
2024.07.05 11:14:00;Buy;0.07;XAUUSD;2 367.02;2 369.61;2 388.75;2024.07.05 20:08:46;2 388.80;-0.66;;152.46;[tp]
2024.07.05 15:02:00;Buy;0.14;XAUUSD;2 367.08;2 358.93;2 433.54;2024.07.05 15:30:07;2 350.75;-1.33;;-228.62;[sl]
2024.07.05 11:14:00;Buy;0.14;XAUUSD;2 367.02;2 358.88;2 433.54;2024.07.05 15:30:07;2 350.75;-1.33;;-227.78;[sl]
2024.07.05 09:08:41;Buy;0.08;XAUUSD;2 366.23;2 353.79;2 382.89;2024.07.05 15:30:07;2 350.75;-0.76;;-123.84;[sl]
2024.07.05 11:15:35;Buy;0.09;XAUUSD;2 368.11;2 355.07;2 419.05;2024.07.05 15:30:07;2 350.75;-0.85;;-156.24;[sl]
2024.07.05 10:43:03;Buy;0.14;XAUUSD;2 367.12;2 358.97;2 435.54;2024.07.05 15:30:07;2 350.75;-1.33;;-229.18;[sl]
2024.07.03 09:56:04;Buy;0.09;XAUUSD;2 339.32;2 352.25;2 390.16;2024.07.04 09:31:56;2 352.11;-0.84;-7.83;115.11;[sl]
2024.07.03 09:46:23;Buy;0.06;XAUUSD;2 338.04;2 341.24;2 360.54;2024.07.03 17:00:02;2 360.56;-0.56;;135.12;[tp]
2024.07.03 09:45:40;Buy;0.08;XAUUSD;2 337.52;2 339.54;2 354.00;2024.07.03 15:36:01;2 354.04;-0.75;;132.16;[tp]
2024.06.28 13:32:47;Buy;0.09;XAUUSD;2 336.63;2 325.93;2 387.32;2024.06.28 17:38:56;2 325.91;-0.84;;-96.48;[sl]
2024.06.26 16:29:11;Sell;0.09;XAUUSD;2 297.23;2 307.45;2 246.64;2024.06.27 11:50:25;2 307.47;-0.83;-0.81;-92.16;[sl]
2024.06.26 13:23:36;Sell;0.09;XAUUSD;2 307.74;2 317.45;2 257.52;2024.06.26 15:36:50;2 317.60;-0.83;;-88.74;[sl]
2024.06.25 19:31:48;Sell;0.09;XAUUSD;2 318.34;2 316.98;2 267.84;2024.06.26 15:26:46;2 317.02;-0.83;-0.27;11.88;[sl]
2024.06.25 18:31:55;Sell;0.09;XAUUSD;2 318.10;2 316.98;2 267.84;2024.06.26 15:26:46;2 317.02;-0.83;-0.27;9.72;[sl]
2024.06.20 08:03:53;Buy;0.09;XAUUSD;2 341.07;2 332.32;2 390.80;2024.06.20 12:13:27;2 332.30;-0.84;;-78.93;[sl]
2024.06.20 04:34:05;Buy;0.09;XAUUSD;2 336.38;2 332.36;2 386.20;2024.06.20 12:13:27;2 332.32;-0.84;;-36.54;[sl]
2024.06.07 20:56:49;Sell;0.21;XAUUSD;2 304.80;2 296.66;2 265.74;2024.06.10 01:46:32;2 296.66;-1.94;-0.63;170.94;[sl]
2024.06.07 18:59:40;Sell;0.21;XAUUSD;2 304.58;2 296.53;2 265.74;2024.06.10 01:45:59;2 296.53;-1.94;-0.63;169.05;[sl]
2024.06.07 15:30:58;Sell;0.16;XAUUSD;2 315.56;2 313.93;2 299.08;2024.06.07 17:09:31;2 314.14;-1.48;;22.72;[sl]
2024.06.07 15:30:38;Sell;0.12;XAUUSD;2 316.92;2 314.18;2 300.68;2024.06.07 17:09:31;2 314.08;-1.11;;34.08;[sl]
2024.06.07 15:30:58;Sell;0.21;XAUUSD;2 315.70;2 325.75;2 277.08;2024.06.07 16:05:18;2 325.73;-1.95;;-210.63;[sl]
2024.06.07 15:30:59;Sell;0.21;XAUUSD;2 314.91;2 324.96;2 296.38;2024.06.07 16:04:40;2 324.98;-1.94;;-211.47;[sl]
2024.06.07 15:30:58;Sell;0.34;XAUUSD;2 315.65;2 321.73;2 266.98;2024.06.07 15:39:06;2 322.04;-3.15;;-217.26;[sl]
2024.06.07 15:30:59;Sell;0.34;XAUUSD;2 315.14;2 321.25;2 298.48;2024.06.07 15:34:39;2 321.81;-3.15;;-226.78;[sl]
2024.06.06 04:04:10;Buy;0.21;XAUUSD;2 359.65;2 364.95;2 398.36;2024.06.06 09:28:15;2 364.57;-1.98;;103.32;[sl]
2024.05.30 08:34:01;Sell;0.16;XAUUSD;2 326.03;2 339.03;2 309.78;2024.05.30 13:56:16;2 339.02;-1.49;;-207.84;[sl]
2024.05.30 08:34:02;Sell;0.21;XAUUSD;2 325.87;2 332.77;2 287.78;2024.05.30 09:58:54;2 332.86;-1.95;;-146.79;[sl]
2024.05.30 08:32:43;Sell;0.12;XAUUSD;2 328.37;2 331.28;2 311.38;2024.05.30 09:51:35;2 331.28;-1.12;;-34.92;[sl]
2024.05.30 05:43:02;Sell;0.12;XAUUSD;2 328.28;2 331.25;2 311.38;2024.05.30 09:51:35;2 331.28;-1.12;;-36.00;[sl]
2024.05.30 08:34:02;Sell;0.34;XAUUSD;2 325.48;2 326.37;2 277.68;2024.05.30 08:39:00;2 326.71;-3.16;;-41.82;[sl]
2024.05.23 20:56:51;Sell;0.21;XAUUSD;2 332.30;2 335.76;2 293.90;2024.05.24 08:30:17;2 335.68;-1.96;-0.63;-70.98;[sl]
2024.05.20 04:00:21;Buy;0.21;XAUUSD;2 430.97;2 429.70;2 470.08;2024.05.20 04:17:56;2 429.50;-2.04;;-30.87;[sl]
2024.05.20 04:00:21;Buy;0.16;XAUUSD;2 429.11;2 431.20;2 446.08;2024.05.20 04:15:40;2 431.13;-1.55;;32.32;[sl]
2024.05.20 04:00:21;Buy;0.12;XAUUSD;2 431.72;2 432.03;2 447.18;2024.05.20 04:15:23;2 431.94;-1.17;;2.64;[sl]
2024.05.20 04:00:21;Buy;0.34;XAUUSD;2 430.46;2 433.99;2 446.88;2024.05.20 04:14:38;2 434.06;-3.31;;122.40;[sl]
2024.05.20 04:00:22;Buy;0.21;XAUUSD;2 431.14;2 434.13;2 448.48;2024.05.20 04:14:36;2 434.22;-2.04;;64.68;[sl]
2024.05.20 04:00:21;Buy;0.17;XAUUSD;2 431.72;2 434.20;2 447.18;2024.05.20 04:14:35;2 434.21;-1.65;;42.33;[sl]
2024.05.20 04:00:21;Buy;0.17;XAUUSD;2 431.72;2 419.56;2 448.28;2024.05.20 04:01:01;2 432.35;-1.65;;10.71;
2024.05.17 17:54:19;Buy;0.16;XAUUSD;2 415.45;2 413.10;2 432.42;2024.05.17 23:54:44;2 413.98;-1.55;;-23.52;[sl]
2024.05.17 18:01:38;Buy;0.12;XAUUSD;2 416.55;2 403.55;2 433.52;2024.05.17 18:25:50;2 403.79;-1.16;;-153.12;[sl]
2024.05.17 18:02:10;Buy;0.21;XAUUSD;2 417.42;2 407.42;2 456.42;2024.05.17 18:16:33;2 406.97;-2.03;;-219.45;[sl]
2024.05.15 15:30:11;Buy;0.16;XAUUSD;2 375.97;2 363.05;2 393.05;2024.05.15 16:44:09;2 362.98;-1.52;;-207.84;[sl]
2024.05.15 15:30:22;Buy;0.12;XAUUSD;2 377.37;2 364.37;2 393.62;2024.05.15 16:44:03;2 364.25;-1.14;;-157.44;[sl]
2024.05.15 15:30:15;Buy;0.21;XAUUSD;2 375.73;2 366.45;2 395.45;2024.05.15 15:37:16;2 366.52;-2.00;;-193.41;[sl]
2024.05.15 15:30:25;Buy;0.21;XAUUSD;2 378.35;2 368.29;2 417.05;2024.05.15 15:36:25;2 368.31;-2.00;;-210.84;[sl]
2024.05.15 15:30:24;Buy;0.34;XAUUSD;2 378.22;2 372.17;2 426.25;2024.05.15 15:34:31;2 372.26;-3.23;;-202.64;[sl]
2024.05.10 04:02:30;Buy;0.21;XAUUSD;2 352.15;2 368.24;2 391.14;2024.05.10 15:22:28;2 367.93;-1.98;;331.38;[sl]
2024.05.09 17:08:15;Buy;0.21;XAUUSD;2 331.10;2 347.64;2 370.56;2024.05.10 11:55:54;2 370.56;-1.96;-6.09;828.66;[tp]
2024.05.06 15:46:01;Buy;0.21;XAUUSD;2 329.26;2 327.93;2 366.83;2024.05.06 15:50:01;2 327.70;-1.96;;-32.76;[sl]
2024.05.04 13:17:53;Balance;;;;;;;;;;-150.00;
2024.05.04 00:43:17;Balance;;;;;;;;;;61.62;
2024.05.04 00:41:42;Balance;;;;;;;;;;75.83;
2024.05.04 00:40:51;Balance;;;;;;;;;;11.64;
2024.05.03 17:21:11;Sell;0.21;XAUUSD;2 282.93;2 292.93;2 243.94;2024.05.03 17:52:06;2 292.94;-1.92;;-210.21;[sl]
2024.05.03 16:33:59;Sell;0.21;XAUUSD;2 282.80;2 292.82;2 243.94;2024.05.03 16:54:44;2 292.88;-1.92;;-211.68;[sl]
2024.04.30 17:59:59;Sell;0.21;XAUUSD;2 292.90;2 291.40;2 253.70;2024.05.01 12:48:49;2 291.73;-1.93;-0.63;24.57;[sl]
2024.04.30 21:36:40;Sell;0.11;XAUUSD;2 294.27;2 291.37;2 277.30;2024.05.01 12:48:48;2 291.37;-1.01;-0.33;31.90;[sl]
2024.04.30 20:23:18;Sell;0.11;XAUUSD;2 293.95;2 291.37;2 277.30;2024.05.01 12:48:48;2 291.34;-1.01;-0.33;28.71;[sl]
2024.04.30 17:59:59;Sell;0.11;XAUUSD;2 293.45;2 291.37;2 277.30;2024.05.01 12:48:48;2 291.34;-1.01;-0.33;23.21;[sl]
2024.04.30 17:59:59;Sell;0.16;XAUUSD;2 292.68;2 290.20;2 275.70;2024.05.01 12:45:13;2 290.24;-1.47;-0.48;39.04;[sl]
2024.04.30 21:45:55;Sell;0.34;XAUUSD;2 292.63;2 291.60;2 243.60;2024.05.01 01:33:01;2 291.60;-3.12;-1.02;35.02;[sl]
2024.04.30 20:27:11;Sell;0.34;XAUUSD;2 292.52;2 291.60;2 243.60;2024.05.01 01:33:01;2 291.60;-3.12;-1.02;31.28;[sl]
2024.04.30 15:30:03;Sell;0.21;XAUUSD;2 304.86;2 314.65;2 267.37;2024.04.30 15:40:03;2 305.52;-1.94;;-13.86;
2024.04.23 04:36:44;Sell;0.19;XAUUSD;2 325.62;2 308.61;2 286.69;2024.04.23 05:06:21;2 308.67;-1.77;;322.05;[sl]
2024.04.22 21:09:48;Sell;0.18;XAUUSD;2 325.23;2 308.43;2 286.69;2024.04.23 05:06:20;2 308.40;-1.67;-0.54;302.94;[sl]
2024.04.22 09:47:07;Sell;0.18;XAUUSD;2 354.28;2 343.40;2 316.53;2024.04.22 17:49:33;2 343.40;-1.70;;195.84;[sl]
2024.04.19 04:27:35;Buy;0.18;XAUUSD;2 397.98;2 404.01;2 436.81;2024.04.19 04:53:42;2 404.07;-1.73;;109.62;[sl]
2024.04.11 21:43:34;Buy;0.17;XAUUSD;2 364.90;2 381.31;2 403.92;2024.04.12 16:42:50;2 403.95;-1.61;-4.93;663.85;[tp]
2024.04.01 10:42:30;Balance;;;;;;;;;;-200.00;
2024.03.28 18:33:42;Buy;0.13;XAUUSD;2 222.37;2 239.12;2 261.35;2024.04.01 06:37:24;2 261.43;-1.16;-7.54;507.78;[tp]
2024.03.28 18:32:47;Buy;0.10;XAUUSD;2 220.64;2 223.28;2 237.35;2024.04.01 01:05:00;2 239.29;-0.89;-5.80;186.50;[tp]
2024.03.28 18:33:03;Buy;0.11;XAUUSD;2 221.65;2 223.78;2 239.55;2024.04.01 01:05:00;2 239.55;-0.98;-6.38;196.90;[tp]
2024.03.28 18:32:47;Buy;0.13;XAUUSD;2 220.73;2 225.10;2 239.75;2024.04.01 01:05:00;2 239.76;-1.15;-7.54;247.39;[tp]
2024.03.28 18:33:04;Buy;0.10;XAUUSD;2 221.55;2 223.37;2 238.45;2024.04.01 01:05:00;2 239.29;-0.89;-5.80;177.40;[tp]
2024.03.28 18:33:04;Buy;0.22;XAUUSD;2 221.43;2 219.11;2 270.55;2024.03.28 18:52:05;2 218.92;-1.95;;-55.22;[sl]
2024.03.28 18:34:51;Buy;0.11;XAUUSD;2 222.35;2 219.11;2 238.45;2024.03.28 18:52:05;2 218.93;-0.98;;-37.62;[sl]
2024.03.28 18:33:04;Buy;0.22;XAUUSD;2 221.55;2 220.00;2 238.15;2024.03.28 18:51:53;2 219.76;-1.95;;-39.38;[sl]
2024.03.21 00:15:28;Buy;0.10;XAUUSD;2 195.37;2 200.71;2 233.75;2024.03.21 00:34:16;2 200.27;-0.88;;49.00;[sl]
2024.03.21 00:14:06;Buy;0.16;XAUUSD;2 193.96;2 207.05;2 242.95;2024.03.21 00:20:33;2 206.82;-1.40;;205.76;[sl]
2024.03.21 00:12:03;Buy;0.08;XAUUSD;2 193.00;2 179.97;2 209.75;2024.03.21 00:16:15;2 211.64;-0.70;;149.12;[tp]
2024.03.21 00:13:54;Buy;0.16;XAUUSD;2 193.56;2 187.55;2 210.55;2024.03.21 00:16:15;2 211.64;-1.40;;289.28;[tp]
2024.03.21 00:14:06;Buy;0.08;XAUUSD;2 193.96;2 181.95;2 211.95;2024.03.21 00:16:15;2 212.75;-0.70;;150.32;[tp]
2024.03.21 00:15:28;Buy;0.08;XAUUSD;2 195.47;2 183.44;2 210.85;2024.03.21 00:16:15;2 211.64;-0.70;;129.36;[tp]
2024.03.21 00:12:04;Buy;0.10;XAUUSD;2 193.13;2 183.15;2 212.15;2024.03.21 00:16:15;2 212.75;-0.88;;196.20;[tp]
2024.03.21 00:13:56;Buy;0.08;XAUUSD;2 193.77;2 180.85;2 210.85;2024.03.21 00:16:15;2 211.64;-0.70;;142.96;[tp]
2024.03.18 03:21:56;Sell;0.10;XAUUSD;2 151.49;2 156.13;2 112.63;2024.03.18 12:10:44;2 156.14;-0.86;;-46.50;[sl]
2024.03.06 16:33:50;Buy;0.08;XAUUSD;2 144.40;2 143.79;2 161.37;2024.03.06 21:04:58;2 143.82;-0.69;;-4.64;[sl]
2024.03.06 17:56:30;Balance;;;;;;;;;;7.42;
2024.03.06 16:33:50;Buy;0.08;XAUUSD;2 144.40;2 132.47;2 162.47;2024.03.06 17:04:51;2 132.19;-0.69;;-97.68;[sl]
2024.03.06 16:32:53;Buy;0.08;XAUUSD;2 143.43;2 140.46;2 160.27;2024.03.06 17:04:36;2 139.96;-0.69;;-27.76;[sl]
2024.03.06 16:34:10;Buy;0.08;XAUUSD;2 145.20;2 142.57;2 161.37;2024.03.06 17:00:36;2 142.57;-0.69;;-21.04;[sl]
2024.03.06 16:33:50;Buy;0.16;XAUUSD;2 144.16;2 143.50;2 161.07;2024.03.06 17:00:01;2 143.13;-1.37;;-16.48;[sl]
2024.03.04 09:44:04;Buy;0.07;XAUUSD;2 086.38;2 096.73;2 105.37;2024.03.04 17:50:59;2 105.45;-0.58;;133.49;[tp]
2024.03.01 20:16:37;Buy;0.06;XAUUSD;2 086.47;2 096.64;2 105.37;2024.03.04 17:50:59;2 105.45;-0.50;-1.74;113.88;[tp]
2024.03.04 15:51:45;Buy;0.05;XAUUSD;2 087.77;2 090.08;2 104.07;2024.03.04 17:50:20;2 104.14;-0.42;;81.85;[tp]
2024.03.04 09:45:03;Buy;0.05;XAUUSD;2 087.09;2 089.72;2 104.07;2024.03.04 17:50:20;2 104.14;-0.42;;85.25;[tp]
2024.03.01 20:19:00;Buy;0.05;XAUUSD;2 087.07;2 089.88;2 104.07;2024.03.04 17:50:20;2 104.14;-0.42;-1.45;85.35;[tp]
2024.03.01 17:36:04;Buy;0.05;XAUUSD;2 065.09;2 082.26;2 104.03;2024.03.04 17:50:19;2 104.03;-0.41;-1.45;194.70;[tp]
2024.03.04 15:51:44;Buy;0.11;XAUUSD;2 086.78;2 090.05;2 103.77;2024.03.04 17:50:09;2 103.80;-0.92;;187.22;[tp]
2024.03.04 09:44:35;Buy;0.11;XAUUSD;2 086.79;2 090.07;2 103.77;2024.03.04 17:50:09;2 103.80;-0.92;;187.11;[tp]
2024.03.01 20:16:22;Buy;0.05;XAUUSD;2 085.95;2 088.08;2 102.97;2024.03.04 17:23:53;2 102.98;-0.42;-1.45;85.15;[tp]
2024.03.01 20:16:42;Buy;0.10;XAUUSD;2 086.78;2 080.78;2 103.77;2024.03.04 03:27:25;2 080.73;-0.83;-2.90;-60.50;[sl]
2024.03.01 17:34:12;Buy;0.08;XAUUSD;2 064.27;2 082.12;2 113.23;2024.03.01 23:44:34;2 081.87;-0.66;;140.80;[sl]
2024.03.01 17:29:52;Buy;0.05;XAUUSD;2 063.43;2 073.62;2 082.43;2024.03.01 19:03:33;2 082.49;-0.41;;95.30;[tp]
2024.03.01 17:34:12;Buy;0.04;XAUUSD;2 064.27;2 066.37;2 082.23;2024.03.01 19:03:33;2 082.49;-0.33;;72.88;[tp]
2024.03.01 17:34:12;Buy;0.04;XAUUSD;2 064.25;2 066.93;2 081.13;2024.03.01 18:55:30;2 081.20;-0.33;;67.80;[tp]
2024.03.01 17:41:56;Buy;0.04;XAUUSD;2 065.21;2 074.70;2 081.13;2024.03.01 18:55:30;2 081.20;-0.33;;63.96;[tp]
2024.03.01 17:30:00;Buy;0.08;XAUUSD;2 063.84;2 066.20;2 080.83;2024.03.01 18:54:54;2 080.83;-0.66;;135.92;[tp]
2024.03.01 17:27:59;Buy;0.04;XAUUSD;2 063.04;2 065.22;2 080.03;2024.03.01 18:42:22;2 080.04;-0.33;;68.00;[tp]
2024.02.29 15:36:16;Buy;0.05;XAUUSD;2 041.36;2 040.38;2 079.89;2024.03.01 10:39:17;2 040.40;-0.41;-1.45;-4.80;[sl]
2024.02.29 15:31:25;Buy;0.04;XAUUSD;2 038.83;2 040.95;2 055.89;2024.03.01 10:37:15;2 040.94;-0.33;-1.16;8.44;[sl]
2024.02.29 15:31:57;Buy;0.04;XAUUSD;2 040.33;2 042.50;2 056.99;2024.03.01 10:23:40;2 042.49;-0.33;-1.16;8.64;[sl]
2024.02.29 15:31:57;Buy;0.08;XAUUSD;2 040.33;2 044.49;2 089.09;2024.02.29 18:31:14;2 044.40;-0.65;;32.56;[sl]
2024.02.14 13:22:54;Sell;0.01;GBPUSD;1.25419;1.25521;1.25371;2024.02.14 13:55:28;1.25521;-0.05;;-1.02;[sl]
2024.02.13 15:58:11;Sell;0.02;XAUUSD;2 003.12;2 016.12;1 986.12;2024.02.14 12:55:49;1 993.04;-0.16;-0.06;20.16;
2024.02.13 15:58:11;Sell;0.02;XAUUSD;2 003.12;2 013.12;1 964.12;2024.02.14 12:55:49;1 993.10;-0.16;-0.06;20.04;
2024.02.13 16:00:39;Sell;0.04;XAUUSD;2 002.69;2 008.52;1 985.52;2024.02.14 12:55:48;1 993.10;-0.32;-0.12;38.36;
2024.02.13 16:00:39;Sell;0.02;XAUUSD;2 002.28;2 014.12;1 984.12;2024.02.14 12:55:47;1 993.15;-0.16;-0.06;18.26;
2024.02.13 15:58:12;Sell;0.04;XAUUSD;2 003.02;2 009.02;1 954.02;2024.02.14 12:55:46;1 993.09;-0.32;-0.12;39.72;
2024.02.13 16:00:39;Sell;0.02;XAUUSD;2 002.10;2 012.42;1 983.42;2024.02.14 12:55:45;1 993.09;-0.16;-0.06;18.02;
2024.02.13 15:58:11;Sell;0.02;XAUUSD;2 003.22;2 015.22;1 987.22;2024.02.14 10:18:19;1 987.21;-0.16;-0.06;32.02;[tp]
2024.02.13 15:57:12;Sell;0.02;XAUUSD;2 004.80;2 017.72;1 987.72;2024.02.14 10:15:23;1 987.67;-0.16;-0.06;34.26;[tp]
2024.01.30 09:35:31;Buy;0.02;XAUUSD;2 039.02;2 028.94;2 077.94;2024.02.02 16:03:21;2 028.79;-0.16;-2.90;-20.46;[sl]
2024.02.01 18:14:06;Buy;0.02;XAUUSD;2 059.99;2 046.78;2 076.78;2024.02.02 15:30:02;2 042.76;-0.16;-0.58;-34.46;[sl]
2024.02.01 18:25:27;Buy;0.02;XAUUSD;2 060.99;2 047.88;2 077.88;2024.02.02 15:30:01;2 042.53;-0.16;-0.58;-36.92;[sl]
2024.01.24 17:34:29;Sell;0.02;XAUUSD;2 017.66;2 021.62;1 978.77;2024.01.25 15:38:03;2 021.86;-0.16;-0.18;-8.40;[sl]
2024.01.17 16:11:44;Sell;0.02;XAUUSD;2 016.09;2 013.22;1 999.19;2024.01.18 09:08:02;2 013.26;-0.16;-0.18;5.66;[sl]
2024.01.17 16:55:46;Sell;0.02;XAUUSD;2 014.17;2 011.94;1 997.59;2024.01.18 03:56:55;2 011.98;-0.16;-0.18;4.38;[sl]
2024.01.17 16:55:46;Sell;0.02;XAUUSD;2 014.17;2 011.66;1 975.59;2024.01.18 03:54:26;2 011.68;-0.16;-0.18;4.98;[sl]
2024.01.17 16:55:46;Sell;0.02;XAUUSD;2 013.17;2 010.76;1 995.59;2024.01.18 02:56:38;2 010.82;-0.16;-0.18;4.70;[sl]
2024.01.17 16:55:46;Sell;0.04;XAUUSD;2 014.17;2 008.17;1 965.49;2024.01.18 01:06:17;2 008.17;-0.32;-0.36;24.00;[sl]
2024.01.17 16:55:46;Sell;0.02;XAUUSD;2 014.13;2 008.17;1 998.69;2024.01.18 01:06:17;2 008.17;-0.16;-0.18;11.92;[sl]
2024.01.17 16:55:46;Sell;0.02;XAUUSD;2 013.24;2 008.17;1 994.89;2024.01.18 01:06:17;2 008.17;-0.16;-0.18;10.14;[sl]
2024.01.17 16:55:46;Sell;0.04;XAUUSD;2 013.39;2 011.40;1 996.99;2024.01.17 17:41:19;2 011.45;-0.32;;7.76;[sl]
2024.01.12 12:13:09;Balance;;;;;;;;;;1 334.96;
