Time;Type;Volume;Symbol;Price;S/L;T/P;Time;Price;Commission;Swap;Profit;Comment
2026.05.27 17:56:16;Buy;0.01;GBPUSD;1.34233;;1.34432;2026.05.28 17:13:53;1.34437;-0.07;-0.09;2.04;[tp]
2026.05.12 09:19:53;Buy;0.01;GBPUSD;1.35664;;1.35665;2026.05.25 20:42:05;1.35071;-0.07;-0.39;-5.93;
2026.05.15 02:12:15;Buy;0.01;GBPUSD;1.33872;;1.35070;2026.05.25 20:42:01;1.35070;-0.07;-0.24;11.98;[tp]
2026.05.14 18:10:47;Buy;0.01;GBPUSD;1.34775;;1.35070;2026.05.25 20:42:01;1.35070;-0.07;-0.27;2.95;[tp]
2026.05.13 08:51:12;Buy;0.01;GOLD;4 697.10;4 625.00;;2026.05.15 03:30:54;4 624.39;-0.07;-2.72;-72.71;
2026.05.11 09:00:00;Buy;0.01;GBPUSD;1.35846;;1.36158;2026.05.11 16:08:04;1.36159;-0.07;;3.13;[tp]
2026.05.07 23:31:02;Buy;0.01;GBPUSD;1.35617;;1.35936;2026.05.08 11:21:39;1.35937;-0.07;-0.03;3.20;[tp]
2026.05.04 10:41:10;Buy;0.01;GBPUSD;1.35683;;1.36079;2026.05.06 11:33:41;1.36090;-0.07;-0.06;4.07;[tp]
2026.05.04 07:00:01;Buy;0.08;EURJPY;183.370;;;2026.05.04 10:12:02;184.101;-0.56;;37.25;
2026.04.30 14:44:46;Buy;0.08;EURJPY;182.606;;;2026.05.01 02:46:02;184.098;-0.56;0.20;76.06;
2026.04.30 14:28:09;Buy;0.08;EURJPY;183.359;;;2026.05.01 02:46:02;184.098;-0.56;0.20;37.67;
2026.04.30 14:00:02;Buy;0.08;EURJPY;184.107;;;2026.05.01 02:46:02;184.098;-0.56;0.20;-0.46;
2026.04.28 10:00:34;Buy;0.01;GBPUSD;1.35027;;1.35278;2026.04.30 13:57:36;1.35280;-0.07;-0.12;2.53;[tp]
2026.04.29 22:08:06;Buy;0.01;GOLD;4 540.93;;;2026.04.29 22:08:20;4 541.25;-0.07;;0.32;
2026.04.29 22:07:45;Buy;0.01;GOLD;4 540.00;;;2026.04.29 22:07:58;4 540.63;-0.07;;0.63;
2026.04.28 14:09:18;Buy;0.01;GOLD;4 602.53;;;2026.04.28 14:43:26;4 569.64;-0.07;;-32.89;
2026.04.23 20:39:53;Buy;0.01;GBPUSD;1.34583;;1.34900;2026.04.24 13:26:55;1.34900;-0.07;-0.03;3.17;[tp]
2026.04.21 08:18:15;Buy;0.03;GOLD;4 790.25;4 728.09;;2026.04.21 17:47:22;4 727.53;-0.21;;-188.16;
2026.04.20 09:29:03;Buy;0.01;GBPUSD;1.34834;;1.35158;2026.04.20 10:21:03;1.35160;-0.07;;3.26;[tp]
2026.04.08 13:19:26;Buy;0.01;GOLD;4 778.29;4 590.80;;2026.04.20 09:30:33;4 788.72;-0.07;-10.32;10.43;
2026.03.19 09:01:47;Buy;0.01;GOLD;4 767.65;;4 980.00;2026.04.20 09:30:33;4 788.72;-0.07;-25.80;21.07;
2026.04.13 21:24:03;Buy;0.03;GOLD;4 729.08;4 607.71;4 941.97;2026.04.20 09:29:15;4 784.46;-0.21;-18.05;166.14;
2026.01.28 00:22:16;Buy;0.02;GBPUSD;1.38407;;1.38408;2026.04.14 14:45:57;1.35734;-0.14;-4.67;-53.46;
2026.01.29 12:46:35;Buy;0.02;GBPUSD;1.37917;;1.37918;2026.04.14 14:45:54;1.35735;-0.14;-4.48;-43.64;
2026.01.30 04:20:43;Buy;0.02;GBPUSD;1.37442;;1.37443;2026.04.14 14:45:50;1.35735;-0.14;-4.42;-34.14;
2026.02.04 11:37:01;Buy;0.02;GBPUSD;1.37063;;1.37064;2026.04.14 14:45:46;1.35732;-0.14;-4.24;-26.62;
2026.01.27 22:59:53;Buy;0.02;EURUSD;1.20303;;1.20304;2026.04.08 06:50:48;1.16700;-0.14;-12.68;-72.06;
2026.01.28 07:02:06;Buy;0.02;EURUSD;1.19860;;1.19861;2026.04.08 06:50:45;1.16702;-0.14;-12.50;-63.16;
2026.01.29 17:16:44;Buy;0.02;EURUSD;1.19328;;1.19329;2026.04.08 06:50:42;1.16702;-0.14;-11.97;-52.52;
2026.02.09 17:19:38;Buy;0.02;EURUSD;1.19065;;1.19066;2026.04.08 06:50:40;1.16703;-0.14;-10.36;-47.24;
2026.02.10 17:14:36;Buy;0.02;EURUSD;1.19038;;1.19039;2026.04.08 06:50:36;1.16702;-0.14;-10.18;-46.72;
2026.02.11 15:30:04;Buy;0.02;EURUSD;1.18685;;1.18686;2026.04.08 06:50:33;1.16704;-0.14;-10.00;-39.62;
2026.02.18 09:47:09;Buy;0.02;EURUSD;1.18335;;1.18477;2026.04.08 06:50:28;1.16703;-0.14;-8.75;-32.64;
2026.02.11 15:30:04;Buy;0.02;EURUSD;1.18685;;1.18686;2026.04.08 06:50:16;1.16706;-0.14;-10.00;-39.58;
2026.02.11 15:33:12;Buy;0.02;EURUSD;1.18396;;1.18397;2026.04.08 06:50:11;1.16709;-0.14;-10.00;-33.74;
2026.02.16 18:50:36;Buy;0.02;EURUSD;1.18498;;1.18499;2026.04.08 06:50:08;1.16710;-0.14;-9.11;-35.76;
2026.02.17 15:19:24;Buy;0.02;EURUSD;1.18217;;1.18218;2026.04.08 06:50:04;1.16709;-0.14;-8.93;-30.16;
2026.02.18 19:39:09;Buy;0.02;EURUSD;1.18030;;1.18031;2026.04.08 06:50:01;1.16710;-0.14;-8.75;-26.40;
2026.02.04 17:31:31;Buy;0.02;GBPUSD;1.36684;;1.36685;2026.04.08 06:49:57;1.33979;-0.14;-3.87;-54.10;
2026.02.05 04:07:26;Buy;0.02;GBPUSD;1.36355;;1.36356;2026.04.08 06:49:54;1.33980;-0.14;-3.68;-47.50;
2026.02.05 10:54:49;Buy;0.02;GBPUSD;1.36021;;1.36231;2026.04.08 06:49:48;1.33979;-0.14;-3.68;-40.84;
2026.03.23 05:01:41;Buy;0.02;GOLD;4 372.09;;4 988.00;2026.04.08 06:37:51;4 800.25;-0.14;-27.50;856.32;
2026.03.23 13:01:11;Buy;0.02;GOLD;4 283.88;4 090.00;5 100.00;2026.04.08 06:37:47;4 800.02;-0.14;-27.50;1 032.28;
2026.02.18 22:24:49;Buy;0.02;EURUSD;1.17842;;1.17843;2026.04.02 08:44:44;1.15354;-0.14;-8.03;-49.76;
2026.02.19 15:04:29;Buy;0.02;EURUSD;1.17623;;1.17624;2026.04.02 08:44:42;1.15353;-0.14;-7.50;-45.40;
2026.02.23 11:16:25;Buy;0.02;EURUSD;1.18063;;1.18477;2026.04.02 08:44:38;1.15354;-0.14;-7.14;-54.18;
2026.02.26 17:28:01;Buy;0.02;EURUSD;1.17842;;1.18477;2026.04.02 08:44:35;1.15355;-0.14;-6.25;-49.74;
2026.03.02 09:00:01;Buy;0.02;EURUSD;1.17324;;1.17343;2026.04.02 08:44:32;1.15358;-0.14;-5.89;-39.32;
2026.02.17 09:15:09;Buy;0.02;GBPUSD;1.35744;;1.36231;2026.04.02 08:44:27;1.32284;-0.14;-2.83;-69.20;
2026.02.17 15:01:43;Buy;0.02;GBPUSD;1.35437;;1.36231;2026.04.02 08:44:21;1.32287;-0.14;-2.83;-63.00;
2026.02.17 17:00:58;Buy;0.02;GBPUSD;1.35135;;1.36231;2026.04.02 08:44:18;1.32284;-0.14;-2.83;-57.02;
2026.03.31 18:00:00;Sell;0.07;EURCHF;0.92591;;;2026.03.31 18:00:11;0.92616;-0.49;;-2.18;
2026.03.02 09:00:01;Buy;0.02;EURUSD;1.17324;;1.18477;2026.03.25 14:34:44;1.15926;-0.14;-4.11;-27.96;
2026.03.11 11:01:41;Buy;0.02;EURUSD;1.16029;;1.17343;2026.03.25 14:34:36;1.15929;-0.14;-2.50;-2.00;
2026.03.10 15:26:52;Buy;0.02;EURUSD;1.16437;;1.17343;2026.03.25 14:34:33;1.15927;-0.14;-2.68;-10.20;
2026.03.11 18:09:09;Buy;0.02;EURUSD;1.15638;;1.17343;2026.03.25 14:34:27;1.15928;-0.14;-2.50;5.80;
2026.03.12 15:19:55;Buy;0.02;EURUSD;1.15296;;1.17343;2026.03.25 14:34:23;1.15921;-0.14;-1.97;12.50;
2026.03.13 06:36:40;Buy;0.02;EURUSD;1.15007;;1.17343;2026.03.25 14:34:08;1.15925;-0.14;-1.79;18.36;
2026.03.19 09:02:25;Buy;0.02;EURUSD;1.14571;;1.17343;2026.03.25 14:34:04;1.15927;-0.14;-0.72;27.12;
2026.03.23 08:53:08;Buy;0.02;GOLD;4 228.12;4 150.00;;2026.03.23 09:06:51;4 149.90;-0.14;;-156.44;
2026.03.23 08:19:32;Buy;0.01;GOLD;4 283.39;4 250.00;;2026.03.23 08:29:17;4 249.66;-0.07;;-33.73;
2026.03.19 09:02:26;Buy;0.02;AUDUSD;0.70339;;0.70682;2026.03.19 09:04:59;0.70366;-0.14;;0.54;
2026.03.11 17:58:56;Buy;0.02;AUDUSD;0.71501;;0.71876;2026.03.19 09:02:29;0.70338;-0.14;-0.40;-23.26;
2026.03.12 08:10:11;Buy;0.02;AUDUSD;0.71147;;0.71505;2026.03.19 09:02:27;0.70336;-0.14;-0.28;-16.22;
2026.03.18 14:09:23;Buy;0.02;AUDUSD;0.70840;;0.71145;2026.03.19 09:02:25;0.70337;-0.14;-0.12;-10.06;
2026.03.18 20:58:09;Buy;0.02;AUDUSD;0.70513;;0.70842;2026.03.19 09:02:23;0.70337;-0.14;-0.12;-3.52;
2026.03.13 09:21:15;Buy;0.02;EURUSD;1.14715;;1.17162;2026.03.19 09:02:14;1.14582;-0.14;-1.07;-2.66;
2026.03.13 10:11:23;Buy;0.02;EURUSD;1.14394;;1.17162;2026.03.19 09:02:11;1.14591;-0.14;-1.07;3.94;
2026.03.18 15:12:36;Buy;0.02;AUDUSD;0.70511;;0.70840;2026.03.18 17:05:33;0.70840;-0.14;;6.58;
2026.03.12 17:12:27;Buy;0.02;AUDUSD;0.70766;;0.71149;2026.03.17 15:20:24;0.71151;-0.14;-0.12;7.70;
2026.03.13 08:33:50;Buy;0.02;AUDUSD;0.70421;;0.70751;2026.03.16 16:02:43;0.70751;-0.14;-0.04;6.60;
2026.03.16 09:37:30;Buy;0.02;AUDUSD;0.70094;;0.70420;2026.03.16 12:28:01;0.70421;-0.14;;6.54;
2026.03.11 11:56:49;Buy;0.02;AUDUSD;0.71449;;0.71853;2026.03.11 16:01:29;0.71855;-0.14;;8.12;
2026.03.10 20:18:42;Buy;0.02;AUDUSD;0.71252;;0.71673;2026.03.11 04:47:02;0.71673;-0.14;-0.04;8.42;
2026.02.12 06:42:27;Buy;0.02;AUDUSD;0.71200;;0.71472;2026.03.10 16:59:38;0.71472;-0.14;-0.96;5.44;
2026.03.04 12:24:37;Buy;0.02;EURUSD;1.16392;;1.17961;2026.03.10 15:26:37;1.16447;-0.14;-1.07;1.10;
2026.03.05 18:26:54;Buy;0.02;EURUSD;1.15600;;1.17961;2026.03.10 15:26:32;1.16446;-0.14;-0.54;16.92;
2026.03.05 07:50:22;Buy;0.02;EURUSD;1.16006;;1.17961;2026.03.10 15:26:27;1.16457;-0.14;-0.54;9.02;
2026.03.03 13:08:49;Buy;0.01;GOLD;5 197.23;;5 366.67;2026.03.10 15:21:35;5 216.08;-0.07;-6.02;18.85;
2026.03.03 04:18:37;Buy;0.02;AUDUSD;0.70876;;0.71204;2026.03.10 13:51:35;0.71204;-0.14;-0.28;6.56;
2026.03.05 07:54:36;Buy;0.02;AUDUSD;0.70448;;0.70880;2026.03.10 08:20:59;0.70889;-0.14;-0.12;8.82;
2026.03.06 11:46:41;Buy;0.02;AUDUSD;0.70058;;0.70448;2026.03.09 17:22:43;0.70449;-0.14;-0.04;7.82;
2026.03.05 18:05:02;Buy;0.02;AUDUSD;0.70003;;0.70445;2026.03.06 09:21:08;0.70445;-0.14;-0.04;8.84;
2026.03.03 10:56:25;Buy;0.02;AUDUSD;0.70516;;0.70877;2026.03.05 03:18:33;0.70877;-0.14;-0.16;7.22;
2026.03.03 13:29:39;Buy;0.01;GOLD;5 123.87;;5 366.67;2026.03.04 17:01:56;5 161.77;-0.07;-0.86;37.90;
2026.03.02 10:29:54;Buy;0.02;EURUSD;1.17024;;1.18477;2026.03.04 12:24:41;1.16400;-0.14;-0.36;-12.48;
2026.03.02 10:29:55;Buy;0.02;EURUSD;1.17022;;1.17842;2026.03.04 12:24:39;1.16397;-0.14;-0.36;-12.50;
2026.03.03 07:40:14;Buy;0.02;EURUSD;1.16678;;1.18477;2026.03.04 12:24:35;1.16388;-0.14;-0.18;-5.80;
2026.03.03 07:42:31;Buy;0.02;EURUSD;1.16673;;1.17842;2026.03.04 12:24:32;1.16381;-0.14;-0.18;-5.84;
2026.03.03 10:18:01;Buy;0.02;EURUSD;1.16310;;1.18477;2026.03.04 12:24:23;1.16376;-0.14;-0.18;1.32;
2026.03.03 10:18:04;Buy;0.02;EURUSD;1.16307;;1.17842;2026.03.04 12:24:19;1.16373;-0.14;-0.18;1.32;
2026.03.03 12:38:30;Buy;0.02;EURUSD;1.15894;;1.18477;2026.03.04 12:24:14;1.16374;-0.14;-0.18;9.60;
2026.03.03 12:38:30;Buy;0.02;EURUSD;1.15894;;1.17842;2026.03.04 12:24:09;1.16360;-0.14;-0.18;9.32;
2026.03.03 17:14:04;Buy;0.02;EURUSD;1.15469;;1.17842;2026.03.04 12:24:03;1.16361;-0.14;-0.18;17.84;
2026.02.19 07:10:46;Buy;0.02;GBPUSD;1.34810;;1.36231;2026.03.04 12:23:29;1.33824;-0.14;-0.67;-19.72;
2026.02.19 16:11:59;Buy;0.02;GBPUSD;1.34473;;1.36231;2026.03.04 12:23:16;1.33828;-0.14;-0.67;-12.90;
2026.03.02 09:00:01;Buy;0.02;GBPUSD;1.33818;;1.36231;2026.03.04 12:23:10;1.33825;-0.14;-0.12;0.14;
2026.03.02 10:24:29;Buy;0.02;GBPUSD;1.33348;;1.36231;2026.03.04 12:23:07;1.33824;-0.14;-0.12;9.52;
2026.03.03 11:48:41;Buy;0.02;GBPUSD;1.32813;;1.36231;2026.03.04 12:23:03;1.33819;-0.14;-0.06;20.12;
2026.03.04 02:44:50;Buy;0.02;AUDUSD;0.70076;;0.70522;2026.03.04 12:08:22;0.70528;-0.14;;9.04;
2026.03.03 13:16:33;Buy;0.02;AUDUSD;0.70133;;0.70506;2026.03.03 21:40:08;0.70507;-0.14;;7.48;
2026.03.03 17:01:51;Buy;0.02;AUDUSD;0.69737;;0.70137;2026.03.03 18:10:04;0.70141;-0.14;;8.08;
2026.03.03 13:20:38;Buy;0.02;GBPUSD;1.32631;;1.34862;2026.03.03 16:39:55;1.33058;-0.14;;8.54;
2026.03.03 11:46:03;Buy;0.02;GBPUSD;1.32846;;1.34862;2026.03.03 16:39:54;1.33058;-0.14;;4.24;
2026.03.03 10:39:14;Buy;0.02;GBPUSD;1.33059;;1.34862;2026.03.03 16:39:54;1.33063;-0.14;;0.08;
2026.03.02 10:29:44;Buy;0.02;GBPUSD;1.33274;;1.34862;2026.03.03 16:39:54;1.33064;-0.14;-0.06;-4.20;
2026.03.02 09:17:51;Buy;0.02;GBPUSD;1.33560;;1.34862;2026.03.03 16:39:53;1.33061;-0.14;-0.06;-9.98;
2026.03.02 09:00:01;Buy;0.02;GBPUSD;1.33818;;1.34862;2026.03.03 16:39:53;1.33060;-0.14;-0.06;-15.16;
2026.02.26 19:49:12;Buy;0.02;GBPUSD;1.34538;;1.34862;2026.03.03 16:39:53;1.33060;-0.14;-0.18;-29.56;
2026.02.26 19:25:56;Buy;0.02;GBPUSD;1.34754;;1.34862;2026.03.03 16:39:53;1.33060;-0.14;-0.18;-33.88;
2026.02.26 19:12:46;Buy;0.02;GBPUSD;1.34946;;1.34947;2026.03.03 16:39:52;1.33058;-0.14;-0.18;-37.76;
2026.02.26 17:24:46;Buy;0.02;GBPUSD;1.35133;;1.35134;2026.03.03 16:39:52;1.33055;-0.14;-0.18;-41.56;
2026.02.26 10:19:21;Buy;0.02;GBPUSD;1.35301;;1.35302;2026.03.03 16:39:52;1.33052;-0.14;-0.18;-44.98;
2026.02.26 10:03:05;Buy;0.02;GBPUSD;1.35407;;1.35408;2026.03.03 16:39:51;1.33052;-0.14;-0.18;-47.10;
2026.02.26 06:30:31;Buy;0.02;GBPUSD;1.35501;;1.35502;2026.03.03 16:39:48;1.33042;-0.14;-0.18;-49.18;
2026.02.26 04:30:41;Buy;0.02;GBPUSD;1.35615;;1.35616;2026.03.03 16:39:34;1.33065;-0.14;-0.18;-51.00;
2026.03.03 14:32:23;Buy;0.02;GOLD;5 199.95;4 900.13;;2026.03.03 16:33:20;5 115.93;-0.14;;-168.04;
2026.03.03 14:07:24;Buy;0.02;GOLD;5 171.92;;;2026.03.03 14:32:23;5 199.98;-0.14;;56.12;
2026.03.03 14:30:40;Buy;0.02;GOLD;5 211.06;;;2026.03.03 14:32:22;5 199.81;-0.14;;-22.50;
2026.03.03 14:30:41;Buy;0.02;GOLD;5 211.55;;;2026.03.03 14:32:21;5 200.33;-0.14;;-22.44;
2026.03.02 12:46:31;Buy;0.02;AUDUSD;0.70882;;0.71193;2026.03.03 03:24:01;0.71194;-0.14;-0.04;6.24;
2026.03.02 15:09:47;Buy;0.02;AUDUSD;0.70556;;0.70884;2026.03.02 21:08:25;0.70889;-0.14;;6.66;
2026.03.02 09:00:02;Buy;0.02;AUDUSD;0.70668;;0.70961;2026.03.02 12:20:55;0.70961;-0.14;;5.86;
2026.02.27 15:36:52;Buy;0.02;AUDUSD;0.70952;;0.71203;2026.02.27 17:10:41;0.71205;-0.14;;5.06;
2026.02.25 13:11:36;Buy;0.01;GOLD;5 163.76;;5 234.00;2026.02.27 15:23:47;5 234.02;-0.07;-3.44;70.26;
2026.02.26 17:14:06;Buy;0.02;AUDUSD;0.70944;;0.71198;2026.02.27 05:13:17;0.71202;-0.14;-0.04;5.16;
2026.02.18 11:57:55;Buy;0.21;GBPUSD;1.35792;1.34472;1.35930;2026.02.26 20:00:41;1.34471;-1.47;-6.50;-277.41;[sl]
2026.02.26 17:28:50;Buy;0.02;AUDUSD;0.70669;;0.70947;2026.02.26 17:45:13;0.70948;-0.14;;5.58;
2026.02.20 07:09:07;Buy;0.02;GBPUSD;1.34375;;1.35789;2026.02.25 19:52:36;1.35583;-0.14;-0.18;24.16;
2026.02.19 15:09:26;Buy;0.02;GBPUSD;1.34504;;1.35789;2026.02.25 19:52:36;1.35583;-0.14;-0.24;21.58;
2026.02.19 14:00:14;Buy;0.02;GBPUSD;1.34648;;1.35789;2026.02.25 19:52:36;1.35583;-0.14;-0.24;18.70;
2026.02.19 13:26:59;Buy;0.02;GBPUSD;1.34774;;1.35789;2026.02.25 19:52:35;1.35583;-0.14;-0.24;16.18;
2026.02.19 02:59:06;Buy;0.02;GBPUSD;1.34896;;1.35789;2026.02.25 19:52:35;1.35583;-0.14;-0.24;13.74;
2026.02.19 00:00:30;Buy;0.02;GBPUSD;1.35050;;1.35789;2026.02.25 19:52:35;1.35583;-0.14;-0.24;10.66;
2026.02.19 00:00:00;Buy;0.02;GBPUSD;1.35110;;1.35789;2026.02.25 19:52:35;1.35583;-0.14;-0.24;9.46;
2026.02.17 17:28:12;Buy;0.02;GBPUSD;1.35074;;1.35789;2026.02.25 19:52:35;1.35583;-0.14;-0.49;10.18;
2026.02.17 15:44:37;Buy;0.02;GBPUSD;1.35269;;1.35789;2026.02.25 19:52:35;1.35583;-0.14;-0.49;6.28;
2026.02.17 15:01:29;Buy;0.02;GBPUSD;1.35454;;1.35789;2026.02.25 19:52:34;1.35583;-0.14;-0.49;2.58;
2026.02.17 09:31:11;Buy;0.02;GBPUSD;1.35625;;1.35789;2026.02.25 19:52:34;1.35583;-0.14;-0.49;-0.84;
2026.02.17 09:15:16;Buy;0.02;GBPUSD;1.35728;;1.35789;2026.02.25 19:52:34;1.35583;-0.14;-0.49;-2.90;
2026.02.17 09:05:39;Buy;0.02;GBPUSD;1.35820;;1.35821;2026.02.25 19:52:34;1.35583;-0.14;-0.49;-4.74;
2026.02.17 09:00:10;Buy;0.02;GBPUSD;1.35905;;1.35906;2026.02.25 19:52:34;1.35583;-0.14;-0.49;-6.44;
2026.02.13 08:04:36;Buy;0.02;GBPUSD;1.36022;;1.36023;2026.02.25 19:52:33;1.35584;-0.14;-0.61;-8.76;
2026.02.11 15:30:48;Buy;0.02;GBPUSD;1.36131;;1.36132;2026.02.25 19:52:33;1.35581;-0.14;-0.86;-11.00;
2026.02.11 15:30:13;Buy;0.02;GBPUSD;1.36340;;1.36341;2026.02.25 19:52:33;1.35588;-0.14;-0.86;-15.04;
2026.02.11 14:16:22;Buy;0.02;GBPUSD;1.36845;;1.36846;2026.02.25 19:52:33;1.35589;-0.14;-0.86;-25.12;
2026.02.11 13:33:05;Buy;0.02;GBPUSD;1.36982;;1.36983;2026.02.25 19:52:33;1.35589;-0.14;-0.86;-27.86;
2026.02.12 18:22:38;Buy;0.02;AUDUSD;0.70886;;0.71197;2026.02.25 19:22:36;0.71197;-0.14;-0.44;6.22;
2026.02.25 12:01:27;Buy;0.02;EURUSD;1.17859;;1.18065;2026.02.25 18:03:15;1.18065;-0.14;;4.12;
2026.02.24 03:15:30;Buy;0.02;EURUSD;1.17813;;1.18065;2026.02.25 09:01:24;1.18065;-0.14;-0.18;5.04;
2026.02.24 03:00:09;Buy;0.01;GOLD;5 202.79;;5 230.21;2026.02.25 07:07:32;5 190.36;-0.07;-0.86;-12.43;
2026.02.24 03:16:29;Buy;0.01;GOLD;5 152.54;;5 230.21;2026.02.25 07:07:28;5 190.32;-0.07;-0.86;37.78;
2026.02.24 16:13:38;Buy;0.01;GOLD;5 096.47;;5 230.21;2026.02.25 07:07:23;5 190.23;-0.07;-0.86;93.76;
2026.02.23 14:21:48;Buy;0.02;AUDUSD;0.70589;;0.70887;2026.02.25 04:44:37;0.70887;-0.14;-0.08;5.96;
2026.02.24 15:50:04;Buy;0.02;AUDUSD;0.70329;;0.70591;2026.02.24 17:32:46;0.70591;-0.14;;5.24;
2026.02.23 14:22:14;Buy;0.02;EURUSD;1.17776;;1.18063;2026.02.23 16:56:54;1.18063;-0.14;;5.74;
2026.02.23 11:16:25;Sell;0.12;GBPUSD;1.35091;1.35691;1.34291;2026.02.23 11:27:15;1.35092;-0.84;;-0.12;
2026.02.23 11:16:25;Sell;0.42;GBPUSD;1.35091;1.37491;1.34951;2026.02.23 11:27:10;1.35103;-2.94;;-5.04;
2026.02.23 11:00:00;Buy Stop;0.12;GBPUSD;1.35359;1.34759;1.36159;2026.02.23 11:16:25;1.35101;;;;cancelled
2026.02.23 11:00:00;Buy Stop;0.42;GBPUSD;1.35359;1.32959;1.35499;2026.02.23 11:16:25;1.35101;;;;cancelled
2026.02.18 16:22:23;Buy;0.02;EURUSD;1.18154;;1.18333;2026.02.23 01:57:55;1.18336;-0.14;-0.89;3.64;
2026.02.18 20:21:33;Buy;0.02;EURUSD;1.17966;;1.18148;2026.02.23 01:21:26;1.18162;-0.14;-0.89;3.92;
2026.02.17 00:01:16;Buy;0.02;AUDUSD;0.70731;;0.70938;2026.02.20 20:47:58;0.70939;-0.14;-0.20;4.16;
2026.02.19 14:14:58;Buy;0.02;EURUSD;1.17759;;1.17968;2026.02.20 17:13:34;1.17970;-0.14;-0.18;4.22;
2026.02.19 13:35:14;Buy;0.02;AUDUSD;0.70486;;0.70734;2026.02.20 17:01:15;0.70737;-0.14;-0.04;5.02;
2026.02.20 04:41:34;Buy;0.02;EURUSD;1.17554;;1.17759;2026.02.20 15:29:06;1.17761;-0.14;;4.14;
2026.02.17 16:01:36;Buy;0.01;GOLD;4 849.98;;5 033.42;2026.02.20 11:04:35;5 033.71;-0.07;-4.30;183.73;
2026.02.12 18:26:13;Buy;0.01;GOLD;4 899.96;;5 033.42;2026.02.20 11:04:35;5 033.71;-0.07;-6.88;133.75;
2026.02.12 18:14:40;Buy;0.01;GOLD;4 956.14;;5 033.42;2026.02.20 11:04:35;5 033.71;-0.07;-6.88;77.57;
2026.02.12 18:11:46;Buy;0.01;GOLD;5 016.92;;5 033.42;2026.02.20 11:04:35;5 033.71;-0.07;-6.88;16.79;
2026.02.11 14:41:15;Buy;0.01;GOLD;5 064.99;;5 065.29;2026.02.20 11:04:35;5 034.20;-0.07;-9.46;-30.79;
2026.02.20 03:50:56;Buy;0.02;AUDUSD;0.70231;;0.70491;2026.02.20 09:00:05;0.70492;-0.14;;5.22;
2026.02.19 15:09:26;Buy;0.02;EURUSD;1.17533;;1.17758;2026.02.19 23:34:25;1.17758;-0.14;;4.50;
2026.02.18 20:38:33;Buy;0.02;AUDUSD;0.70515;;0.70734;2026.02.19 09:37:12;0.70734;-0.14;-0.12;4.38;
2026.02.16 11:06:32;Buy;0.21;GBPUSD;1.36590;1.35190;1.36657;2026.02.18 19:38:52;1.35188;-1.47;-1.30;-294.42;[sl]
2026.02.18 11:57:55;Buy;0.08;GBPUSD;1.35792;1.35212;1.36590;2026.02.18 19:38:01;1.35211;-0.56;;-46.48;[sl]
2026.02.18 16:24:55;Buy;0.02;AUDUSD;0.70527;;0.70731;2026.02.18 17:04:52;0.70733;-0.14;;4.12;
2026.02.18 11:00:00;Sell Stop;0.21;GBPUSD;1.35485;1.37885;1.35345;2026.02.18 11:57:56;1.35791;;;;cancelled
2026.02.18 11:00:00;Sell Stop;0.08;GBPUSD;1.35485;1.36085;1.34685;2026.02.18 11:57:56;1.35791;;;;cancelled
2026.02.17 13:55:55;Buy;0.02;EURUSD;1.18326;;1.18499;2026.02.17 20:43:46;1.18501;-0.14;;3.50;
2026.02.17 15:09:41;Buy;0.02;AUDUSD;0.70510;;0.70731;2026.02.17 20:21:51;0.70732;-0.14;;4.44;
2026.02.17 17:13:21;Buy;0.02;EURUSD;1.18142;;1.18323;2026.02.17 18:35:36;1.18323;-0.14;;3.62;
2026.02.17 17:33:33;Buy;0.02;AUDUSD;0.70286;;0.70510;2026.02.17 18:07:15;0.70510;-0.14;;4.48;
2026.02.17 12:11:46;Buy;0.02;GOLD;4 939.23;;;2026.02.17 12:36:24;4 920.07;-0.14;;-38.32;
2026.02.17 08:18:51;Buy;0.02;GOLD;4 896.85;;;2026.02.17 12:36:24;4 920.13;-0.14;;46.56;
2026.02.17 04:02:37;Buy;0.02;AUDUSD;0.70531;;0.70738;2026.02.17 12:03:47;0.70739;-0.14;;4.16;
2026.02.17 09:30:56;Buy;0.02;EURUSD;1.18335;;1.18499;2026.02.17 11:35:45;1.18499;-0.14;;3.28;
2026.02.16 11:06:32;Buy;0.08;GBPUSD;1.36590;1.36170;1.37387;2026.02.17 03:02:59;1.36166;-0.56;-0.25;-33.92;[sl]
2026.02.16 11:00:02;Sell Stop;0.08;GBPUSD;1.36342;1.36942;1.35542;2026.02.16 11:06:32;1.36585;;;;cancelled
2026.02.16 11:00:02;Sell Stop;0.21;GBPUSD;1.36342;1.38742;1.36272;2026.02.16 11:06:32;1.36585;;;;cancelled
2026.02.13 08:35:04;Buy;0.02;AUDUSD;0.70582;;0.70889;2026.02.16 07:56:12;0.70889;-0.14;-0.04;6.14;
2026.02.13 17:00:02;Buy;0.02;GOLD;5 003.21;;;2026.02.13 17:56:31;4 984.00;-0.14;;-38.42;
2026.02.12 19:07:21;Buy;0.02;GOLD;4 959.83;;;2026.02.13 17:56:31;4 984.33;-0.14;-1.72;49.00;
2026.02.11 17:13:52;Buy;0.02;AUDUSD;0.71084;;0.71355;2026.02.11 19:16:27;0.71355;-0.14;;5.42;
2026.02.11 15:30:13;Buy;0.02;AUDUSD;0.70799;;0.71072;2026.02.11 15:41:56;0.71074;-0.14;;5.50;
2026.02.11 15:33:12;Buy;0.02;EURUSD;1.18399;;1.18685;2026.02.11 15:39:52;1.18685;-0.14;;5.72;
2026.02.11 08:43:24;Buy;0.02;AUDUSD;0.71039;;0.71279;2026.02.11 13:07:46;0.71179;-0.14;;2.80;
2026.02.10 17:36:48;Buy;0.01;GOLD;5 024.51;;5 104.68;2026.02.11 12:51:08;5 096.41;-0.07;-0.86;71.90;
2026.02.09 13:40:21;Buy;0.12;GBPUSD;1.36302;1.36262;1.37098;2026.02.11 12:42:43;1.37100;-0.84;-0.74;95.76;[tp]
2026.01.30 04:21:51;Buy;0.02;GBPUSD;1.37365;;1.37366;2026.02.11 12:41:56;1.37071;-0.14;-0.61;-5.88;
2026.01.29 17:20:19;Buy;0.02;GBPUSD;1.37622;;1.37623;2026.02.11 12:41:56;1.37070;-0.14;-0.67;-11.04;
2026.01.29 12:57:15;Buy;0.02;GBPUSD;1.37874;;1.37875;2026.02.11 12:41:55;1.37070;-0.14;-0.67;-16.08;
2026.01.29 11:49:27;Buy;0.02;GBPUSD;1.38076;;1.38077;2026.02.11 12:41:54;1.37050;-0.14;-0.67;-20.52;
2026.01.29 09:35:17;Buy;0.02;GBPUSD;1.38266;;1.38267;2026.02.11 12:41:54;1.37051;-0.14;-0.67;-24.30;
2026.02.05 17:31:16;Buy;0.02;GBPUSD;1.35284;;1.37045;2026.02.11 12:41:53;1.37051;-0.14;-0.24;35.34;[tp]
2026.02.05 11:43:44;Buy;0.02;GBPUSD;1.35576;;1.37045;2026.02.11 12:41:53;1.37051;-0.14;-0.24;29.50;[tp]
2026.02.05 11:25:54;Buy;0.02;GBPUSD;1.35770;;1.37045;2026.02.11 12:41:53;1.37051;-0.14;-0.24;25.62;[tp]
2026.02.05 11:04:52;Buy;0.02;GBPUSD;1.35934;;1.37045;2026.02.11 12:41:53;1.37051;-0.14;-0.24;22.34;[tp]
2026.02.05 10:49:38;Buy;0.02;GBPUSD;1.36073;;1.37045;2026.02.11 12:41:53;1.37051;-0.14;-0.24;19.56;[tp]
2026.02.05 07:18:34;Buy;0.02;GBPUSD;1.36209;;1.37045;2026.02.11 12:41:53;1.37051;-0.14;-0.24;16.84;[tp]
2026.02.02 16:17:46;Buy;0.02;GBPUSD;1.36354;;1.37045;2026.02.11 12:41:53;1.37051;-0.14;-0.55;13.94;[tp]
2026.02.02 15:39:01;Buy;0.02;GBPUSD;1.36554;;1.37045;2026.02.11 12:41:53;1.37051;-0.14;-0.55;9.94;[tp]
2026.02.02 09:00:03;Buy;0.02;GBPUSD;1.36762;;1.37045;2026.02.11 12:41:53;1.37051;-0.14;-0.55;5.78;[tp]
2026.02.10 06:20:49;Buy;0.02;AUDUSD;0.70772;;0.71038;2026.02.11 04:17:56;0.71039;-0.14;-0.04;5.34;
2026.02.09 18:27:40;Buy;0.02;EURUSD;1.18985;;1.19218;2026.02.10 16:29:28;1.19223;-0.14;-0.18;4.76;
2026.02.10 12:21:42;Sell;0.04;GBPUSD;1.36620;1.37224;1.35824;2026.02.10 13:39:32;1.36611;-0.28;;0.36;
2026.02.10 12:21:42;Sell;0.21;GBPUSD;1.36620;1.39024;1.36554;2026.02.10 13:39:27;1.36608;-1.47;;2.52;
2026.02.10 11:00:07;Buy Stop;0.04;GBPUSD;1.36970;1.36370;1.37770;2026.02.10 12:21:43;1.36630;;;;cancelled
2026.02.10 11:00:07;Buy Stop;0.21;GBPUSD;1.36970;1.34570;1.37040;2026.02.10 12:21:43;1.36630;;;;cancelled
2026.02.02 09:00:01;Buy;0.01;GOLD;4 492.20;;5 199.72;2026.02.10 06:20:53;5 024.34;-0.07;-6.88;532.14;
2026.01.30 11:13:41;Buy;0.01;GOLD;5 028.67;;5 028.97;2026.02.10 06:20:53;5 024.33;-0.07;-7.74;-4.34;
2026.01.30 05:43:09;Buy;0.01;GOLD;5 169.55;;5 169.85;2026.02.10 06:20:52;5 024.33;-0.07;-7.74;-145.22;
2026.01.29 10:52:17;Buy;0.02;AUDUSD;0.70573;;0.70935;2026.02.09 20:11:08;0.70935;-0.14;-0.48;7.24;
2026.01.28 17:08:13;Buy;0.02;EURUSD;1.19285;;1.19286;2026.02.09 17:00:41;1.19242;-0.14;-2.14;-0.86;
2026.02.05 04:52:29;Buy;0.02;EURUSD;1.17863;;1.19238;2026.02.09 17:00:40;1.19242;-0.14;-0.36;27.58;
2026.02.02 16:11:42;Buy;0.02;EURUSD;1.18130;;1.19238;2026.02.09 17:00:40;1.19242;-0.14;-1.25;22.24;
2026.02.02 09:00:02;Buy;0.02;EURUSD;1.18533;;1.19238;2026.02.09 17:00:40;1.19242;-0.14;-1.25;14.18;
2026.01.28 07:02:06;Buy;0.02;EURUSD;1.19860;;1.19861;2026.02.09 17:00:40;1.19242;-0.14;-2.14;-12.36;
2026.01.27 22:59:53;Buy;0.02;EURUSD;1.20303;;1.20304;2026.02.09 17:00:40;1.19242;-0.14;-2.32;-21.22;
2026.02.09 15:24:27;Buy;0.02;EURUSD;1.18959;;1.19221;2026.02.09 17:00:35;1.19224;-0.14;;5.30;
2026.02.02 09:00:02;Buy;0.02;EURUSD;1.18533;;1.18948;2026.02.09 15:24:21;1.18948;-0.14;-1.25;8.30;
2026.01.29 17:15:42;Buy;0.02;AUDUSD;0.70162;;0.70567;2026.02.09 15:08:53;0.70570;-0.14;-0.48;8.16;
2026.02.09 13:40:21;Buy;0.63;GBPUSD;1.36302;1.33898;1.36438;2026.02.09 13:55:43;1.36440;-4.41;;86.94;[tp]
2026.02.09 11:00:01;Sell Stop;0.12;GBPUSD;1.35894;1.36494;1.35094;2026.02.09 13:40:22;1.36297;;;;cancelled
2026.02.09 11:00:01;Sell Stop;0.63;GBPUSD;1.35894;1.38294;1.35754;2026.02.09 13:40:22;1.36297;;;;cancelled
2026.02.02 16:11:42;Buy;0.02;EURUSD;1.18130;;1.18535;2026.02.09 08:01:23;1.18535;-0.14;-1.25;8.10;
2026.02.04 18:49:19;Buy;0.02;AUDUSD;0.69818;;0.70166;2026.02.06 18:38:48;0.70167;-0.14;-0.16;6.98;
2026.02.05 14:00:24;Buy;0.02;GBPUSD;1.35566;;1.35966;2026.02.06 16:05:10;1.35968;-0.14;-0.06;8.04;[tp]
2026.02.05 17:36:50;Buy;0.02;EURUSD;1.17867;;1.18129;2026.02.06 16:03:08;1.18129;-0.14;-0.18;5.24;
2026.02.05 17:26:56;Buy;0.02;AUDUSD;0.69515;;0.69814;2026.02.06 13:41:43;0.69814;-0.14;-0.04;5.98;
2026.02.06 01:20:55;Buy;0.02;AUDUSD;0.69209;;0.69520;2026.02.06 07:41:42;0.69520;-0.14;;6.22;
2026.02.06 02:07:30;Buy;0.02;GBPUSD;1.35165;;1.35566;2026.02.06 06:42:11;1.35566;-0.14;;8.02;[tp]
2026.02.06 02:52:34;Buy;0.02;GOLD;4 748.54;;;2026.02.06 05:04:31;4 827.68;-0.14;;158.28;
2026.02.06 05:00:02;Buy;0.02;GOLD;4 816.62;;;2026.02.06 05:04:30;4 827.52;-0.14;;21.80;
2026.02.06 05:00:00;Buy;0.02;GOLD;4 816.49;;;2026.02.06 05:04:30;4 827.52;-0.14;;22.06;
2026.02.06 02:27:25;Buy;0.02;GOLD;4 720.12;;;2026.02.06 02:52:34;4 748.29;-0.14;;56.34;
2026.02.06 02:51:43;Buy;0.02;GOLD;4 760.16;;;2026.02.06 02:52:33;4 748.29;-0.14;;-23.74;
2026.02.06 02:51:43;Buy;0.02;GOLD;4 760.18;;;2026.02.06 02:52:33;4 748.35;-0.14;;-23.66;
2026.02.05 04:52:29;Buy;0.02;EURUSD;1.17863;;1.18104;2026.02.05 15:36:22;1.18104;-0.14;;4.82;
2026.02.05 11:38:19;Buy;0.02;GBPUSD;1.35655;;1.36022;2026.02.05 13:17:51;1.36023;-0.14;;7.36;[tp]
2026.02.03 19:20:43;Buy;0.08;GBPUSD;1.37073;1.36793;1.37873;2026.02.04 17:27:10;1.36789;-0.56;-0.25;-22.72;[sl]
2026.02.04 11:37:13;Sell;0.42;GBPUSD;1.37046;1.39447;1.36907;2026.02.04 11:37:26;1.37052;-2.94;;-2.52;
2026.02.04 11:37:13;Sell;0.12;GBPUSD;1.37046;1.37647;1.36247;2026.02.04 11:37:23;1.37056;-0.84;;-1.20;
2026.02.04 11:00:01;Buy Stop;0.12;GBPUSD;1.37340;1.36740;1.38140;2026.02.04 11:37:14;1.37049;;;;cancelled
2026.02.04 11:00:01;Buy Stop;0.42;GBPUSD;1.37340;1.34940;1.37480;2026.02.04 11:37:14;1.37049;;;;cancelled
2026.02.02 09:00:03;Buy;0.02;GBPUSD;1.36762;;1.37230;2026.02.04 10:08:55;1.37230;-0.14;-0.12;9.36;[tp]
2026.02.02 11:49:47;Buy;0.42;GBPUSD;1.37064;1.35424;1.37204;2026.02.04 08:11:02;1.37207;-2.94;-2.60;60.06;[tp]
2026.02.03 11:00:01;Sell Stop;0.08;GBPUSD;1.36520;1.37120;1.35720;2026.02.03 11:16:06;1.36778;;;;cancelled
2026.02.03 03:49:51;Buy;0.02;AUDUSD;0.69743;;0.70169;2026.02.03 05:46:10;0.70170;-0.14;;8.54;
2026.02.02 09:00:03;Buy;0.02;AUDUSD;0.69250;;0.69764;2026.02.03 03:43:57;0.69764;-0.14;-0.07;10.28;
2026.02.02 18:02:30;Buy;0.02;GBPUSD;1.36260;;1.36766;2026.02.03 02:24:18;1.36766;-0.14;-0.06;10.12;[tp]
2026.02.02 11:49:47;Buy;0.08;GBPUSD;1.37064;1.36464;1.37864;2026.02.02 16:09:17;1.36464;-0.56;;-48.00;[sl]
2026.02.02 11:00:00;Sell Stop;0.08;GBPUSD;1.36592;1.37192;1.35792;2026.02.02 11:49:47;1.37058;;;;cancelled
2026.02.02 11:00:00;Sell Stop;0.42;GBPUSD;1.36592;1.38992;1.36452;2026.02.02 11:49:47;1.37058;;;;cancelled
2026.02.02 02:21:52;Buy;0.02;GOLD;4 880.20;4 580.05;;2026.02.02 07:44:33;4 579.66;-0.14;;-601.08;
2026.02.02 02:15:53;Buy;0.02;SILVER;86.756;76.712;;2026.02.02 05:55:47;76.710;-0.14;;-1 004.60;
2026.02.02 02:08:01;Buy;0.02;GOLD;4 778.41;4 478.49;;2026.02.02 02:21:52;4 878.68;-0.14;;200.54;
2026.02.02 02:07:24;Buy;0.02;GOLD;4 790.29;;;2026.02.02 02:08:01;4 777.91;-0.14;;-24.76;
2026.02.02 02:07:24;Buy;0.02;GOLD;4 790.46;;;2026.02.02 02:08:01;4 777.82;-0.14;;-25.28;
2026.02.02 02:00:25;Buy;0.02;GOLD;4 749.80;;;2026.02.02 02:08:01;4 778.07;-0.14;;56.54;
2026.01.30 20:03:04;Buy;0.02;GOLD;4 876.44;;;2026.01.30 21:11:14;4 896.89;-0.14;;40.90;
2026.01.30 21:10:10;Buy;0.02;GOLD;4 918.25;;;2026.01.30 21:11:13;4 896.51;-0.14;;-43.48;
2026.01.30 11:54:33;Buy;0.02;AUDUSD;0.69711;;0.70160;2026.01.30 13:51:07;0.70160;-0.14;;8.98;
2026.01.30 13:00:00;Buy;0.02;GOLD;5 119.81;;;2026.01.30 13:02:32;5 099.95;-0.14;;-39.72;
2026.01.30 12:22:10;Buy;0.02;GOLD;5 054.19;;;2026.01.30 13:02:32;5 099.93;-0.14;;91.48;
2026.01.30 13:00:01;Buy;0.02;GOLD;5 120.74;;;2026.01.30 13:02:31;5 099.96;-0.14;;-41.56;
2026.01.30 12:20:26;Buy;0.02;GOLD;5 069.33;;;2026.01.30 12:22:10;5 052.78;-0.14;;-33.10;
2026.01.30 12:00:10;Buy;0.02;GOLD;5 028.87;;;2026.01.30 12:22:10;5 053.39;-0.14;;49.04;
2026.01.30 12:20:27;Buy;0.02;GOLD;5 068.32;;;2026.01.30 12:22:09;5 053.94;-0.14;;-28.76;
2026.01.29 17:26:32;Buy;0.01;GOLD;5 263.68;;5 366.80;2026.01.29 19:22:48;5 328.72;-0.07;;65.04;
2026.01.29 17:27:56;Buy;0.01;GOLD;5 155.36;;5 366.80;2026.01.29 19:21:29;5 336.40;-0.07;;181.04;
2026.01.29 18:07:57;Buy;0.02;GOLD;5 237.26;4 937.92;;2026.01.29 19:18:44;5 337.54;-0.14;;200.56;
2026.01.29 17:29:14;Buy;0.02;AUDUSD;0.69725;;0.70161;2026.01.29 18:49:08;0.70162;-0.14;;8.74;
2026.01.29 18:05:42;Buy;0.02;GOLD;5 250.26;;;2026.01.29 18:07:56;5 238.65;-0.14;;-23.22;
2026.01.29 18:01:55;Buy;0.02;GOLD;5 208.26;;;2026.01.29 18:07:56;5 237.70;-0.14;;58.88;
2026.01.29 18:05:44;Buy;0.02;GOLD;5 250.23;;;2026.01.29 18:07:55;5 238.42;-0.14;;-23.62;
2026.01.29 17:16:18;Buy;0.01;GOLD;5 335.09;;5 567.47;2026.01.29 17:16:40;5 308.30;-0.07;;-26.79;
2026.01.29 17:07:23;Buy;0.01;GOLD;5 431.58;;5 567.47;2026.01.29 17:16:39;5 312.82;-0.07;;-118.76;
2026.01.29 01:46:06;Buy;0.01;GOLD;5 521.37;;5 567.47;2026.01.29 17:16:39;5 312.36;-0.07;;-209.01;
2026.01.28 04:00:01;Buy;0.02;GBPUSD;1.38002;;1.38407;2026.01.29 07:01:55;1.38407;-0.14;-0.19;8.10;[tp]
2026.01.28 17:08:14;Buy;0.02;GBPUSD;1.37566;;1.38392;2026.01.29 06:53:07;1.38392;-0.14;-0.19;16.52;[tp]
2026.01.28 10:51:33;Buy;0.02;GBPUSD;1.37800;;1.38392;2026.01.29 06:53:07;1.38392;-0.14;-0.19;11.84;[tp]
2026.01.28 03:34:49;Buy;0.02;GBPUSD;1.38056;;1.38392;2026.01.29 06:53:07;1.38392;-0.14;-0.19;6.72;[tp]
2026.01.27 22:49:56;Buy;0.02;GBPUSD;1.38368;;1.38392;2026.01.29 06:53:07;1.38392;-0.14;-0.25;0.48;[tp]
2026.01.27 11:10:16;Sell;0.21;GBPUSD;1.36688;1.38348;1.36618;2026.01.29 06:10:41;1.38351;-1.47;-3.53;-349.23;[sl]
2026.01.28 17:08:14;Buy;0.02;EURUSD;1.19283;;1.19751;2026.01.29 01:37:36;1.19752;-0.14;-0.53;9.38;
2026.01.28 13:16:14;Sell;0.04;GBPUSD;1.37738;1.38218;1.36939;2026.01.29 01:28:17;1.38219;-0.28;-0.50;-19.24;[sl]
2026.01.28 17:08:14;Buy;0.02;GBPUSD;1.37579;;1.38008;2026.01.28 22:41:37;1.38016;-0.14;;8.74;[tp]
2026.01.28 02:53:46;Buy;0.02;AUDUSD;0.69958;;0.70227;2026.01.28 22:39:19;0.70228;-0.14;;5.40;
2026.01.28 13:04:39;Buy;0.01;GOLD;5 253.75;;5 331.74;2026.01.28 21:57:57;5 331.87;-0.07;;78.12;
2026.01.28 13:16:14;Sell;0.21;GBPUSD;1.37738;1.40139;1.37599;2026.01.28 17:08:06;1.37583;-1.47;;32.55;[tp]
2026.01.28 11:00:09;Buy Stop;0.04;GBPUSD;1.38320;1.37720;1.39120;2026.01.28 13:16:15;1.37742;;;;cancelled
2026.01.28 11:00:06;Buy Stop;0.21;GBPUSD;1.38320;1.35920;1.38460;2026.01.28 13:16:15;1.37742;;;;cancelled
2026.01.28 02:05:41;Buy;0.02;AUDUSD;0.69907;;0.70164;2026.01.28 02:30:49;0.70164;-0.14;;5.14;
2026.01.26 11:50:19;Buy;0.01;GOLD;5 084.92;;5 159.80;2026.01.27 22:47:10;5 159.82;-0.07;-0.86;74.90;
2026.01.27 17:38:39;Buy;0.02;GBPUSD;1.37702;;1.38130;2026.01.27 22:46:58;1.38131;-0.14;;8.58;[tp]
2026.01.27 15:51:39;Buy;0.02;GBPUSD;1.37313;;1.37736;2026.01.27 16:56:50;1.37747;-0.14;;8.68;[tp]
2026.01.26 11:50:13;Buy;0.02;AUDUSD;0.69207;;0.69440;2026.01.27 14:23:59;0.69440;-0.14;-0.07;4.66;
2026.01.27 11:10:16;Sell;0.04;GBPUSD;1.36688;1.37288;1.36088;2026.01.27 14:23:10;1.37288;-0.28;;-24.00;[sl]
2026.01.26 21:16:19;Buy;0.02;EURUSD;1.18729;;1.19061;2026.01.27 14:12:51;1.19061;-0.14;-0.18;6.64;
2026.01.26 21:16:19;Buy;0.02;EURUSD;1.18729;;1.19060;2026.01.27 14:12:51;1.19061;-0.14;-0.18;6.64;
2026.01.27 10:41:15;Buy;0.02;GBPUSD;1.36644;;1.37159;2026.01.27 14:10:33;1.37162;-0.14;;10.36;[tp]
2026.01.26 23:36:18;Buy;0.02;GBPUSD;1.36767;;1.37159;2026.01.27 14:10:33;1.37162;-0.14;-0.06;7.90;[tp]
2026.01.26 18:57:41;Buy;0.02;GBPUSD;1.36936;;1.37159;2026.01.27 14:10:33;1.37162;-0.14;-0.06;4.52;[tp]
2026.01.26 11:49:45;Buy;0.02;GBPUSD;1.36744;;1.37151;2026.01.27 14:10:17;1.37152;-0.14;-0.06;8.16;[tp]
2026.01.27 11:00:00;Buy Stop;0.04;GBPUSD;1.36909;1.36309;1.37509;2026.01.27 11:10:17;1.36691;;;;cancelled
2026.01.27 11:00:00;Buy Stop;0.21;GBPUSD;1.36909;1.34509;1.36979;2026.01.27 11:10:17;1.36690;;;;cancelled
2026.01.26 21:20:52;Buy;0.01;GOLD;5 036.21;;5 200.71;2026.01.27 10:38:52;5 080.25;-0.07;-0.86;44.04;
2026.01.26 11:50:05;Buy;0.02;EURUSD;1.18653;;1.18954;2026.01.26 17:57:28;1.18954;-0.14;;6.02;
2026.01.26 11:49:58;Buy;0.02;EURUSD;1.18651;;1.18954;2026.01.26 17:57:28;1.18954;-0.14;;6.06;
2026.01.26 14:23:00;Buy;0.02;GBPUSD;1.36588;;1.37080;2026.01.26 17:53:24;1.37080;-0.14;;9.84;[tp]
2026.01.26 11:49:53;Buy;0.02;GBPUSD;1.36758;;1.37080;2026.01.26 17:53:24;1.37080;-0.14;;6.44;[tp]
2026.01.26 13:24:30;Balance;;;;;;;;;;7 000.00;
2026.01.26 10:46:20;Sell;0.01;EURGBP;0.86751;;0.86549;2026.01.26 10:46:21;0.86755;-0.07;;-0.05;
2026.01.26 10:46:18;Buy;0.01;EURGBP;0.86753;;0.86954;2026.01.26 10:46:20;0.86751;-0.07;;-0.02;
2026.01.26 10:46:12;Sell;0.01;EURGBP;0.86751;;0.86550;2026.01.26 10:46:19;0.86753;-0.07;;-0.03;
2026.01.26 00:01:04;Sell;0.04;AUDUSD;0.69209;;0.68336;2026.01.26 10:46:18;0.69170;-0.28;;1.56;
2026.01.26 00:00:00;Buy;0.01;EURGBP;0.86898;;0.87098;2026.01.26 10:46:17;0.86749;-0.07;;-2.04;
2026.01.26 00:00:00;Buy;0.02;USDCAD;1.37015;;1.37215;2026.01.26 10:46:16;1.36863;-0.14;;-2.22;
2026.01.26 00:00:00;Buy;0.03;USDCHF;0.77615;;0.78030;2026.01.26 10:46:16;0.77765;-0.21;;5.79;
2026.01.23 23:08:20;Buy;0.02;USDCHF;0.78153;;0.78030;2026.01.26 10:46:15;0.77765;-0.14;0.14;-9.98;
2026.01.23 14:39:43;Sell;0.03;AUDUSD;0.68580;;0.68336;2026.01.26 10:46:14;0.69170;-0.21;-0.03;-17.70;
2026.01.22 16:38:21;Sell;0.03;NZDCAD;0.81315;;0.80687;2026.01.26 10:46:13;0.81639;-0.21;-0.24;-7.10;
2026.01.22 06:08:43;Sell;0.02;AUDUSD;0.68080;;0.68336;2026.01.26 10:46:13;0.69170;-0.14;-0.04;-21.80;
2026.01.21 10:49:20;Sell;0.02;AUDUSD;0.67580;;0.68336;2026.01.26 10:46:12;0.69170;-0.14;-0.11;-31.80;
2026.01.20 11:42:02;Sell;0.01;EURGBP;0.87024;;0.86575;2026.01.26 10:46:11;0.86755;-0.07;0.11;3.68;
2026.01.20 09:26:43;Sell;0.02;NZDCAD;0.80815;;0.80687;2026.01.26 10:46:10;0.81636;-0.14;-0.48;-12.00;
2026.01.19 12:51:07;Sell;0.02;NZDCAD;0.80317;;0.80687;2026.01.26 10:46:09;0.81636;-0.14;-0.56;-19.27;
2026.01.06 06:18:44;Sell;0.01;EURGBP;0.86526;;0.86575;2026.01.26 10:46:09;0.86755;-0.07;0.37;-3.13;
2026.01.26 00:53:03;Buy;0.03;EURUSD;1.18782;;;2026.01.26 10:46:05;1.18487;-0.21;;-8.85;
2026.01.26 00:53:02;Sell;0.03;EURUSD;1.18769;;;2026.01.26 10:46:03;1.18490;-0.21;;8.37;
2026.01.26 02:01:24;Buy;0.04;EURUSD;1.18482;;;2026.01.26 10:46:02;1.18488;-0.28;;0.24;
2026.01.26 00:53:39;Sell;0.02;EURUSD;1.18844;;1.18544;2026.01.26 02:00:39;1.18540;-0.14;;6.08;[tp]
2026.01.26 00:00:00;Sell;0.02;EURUSD;1.18643;;1.18544;2026.01.26 02:00:39;1.18540;-0.14;;2.06;[tp]
2026.01.20 10:34:34;Buy;0.03;USDCHF;0.79159;;0.79559;2026.01.21 21:30:16;0.79559;-0.21;0.21;15.08;[tp]
2026.01.19 17:02:39;Buy;0.02;USDCHF;0.79658;;0.79559;2026.01.21 21:30:16;0.79559;-0.14;0.28;-2.49;[tp]
2026.01.20 13:40:23;Buy;0.01;EURGBP;0.87136;;0.87336;2026.01.21 12:55:03;0.87336;-0.07;-0.11;2.69;[tp]
2026.01.20 11:01:38;Buy;0.01;EURGBP;0.86935;;0.87135;2026.01.20 13:40:22;0.87135;-0.07;;2.69;[tp]
2026.01.05 17:23:21;Buy;0.01;EURGBP;0.86734;;0.86934;2026.01.20 11:01:38;0.86934;-0.07;-1.65;2.70;[tp]
2026.01.19 01:33:33;Buy;0.02;USDCHF;0.79809;;0.80009;2026.01.19 02:08:44;0.80014;-0.14;;5.12;[tp]
2026.01.19 00:00:00;Buy;0.02;EURUSD;1.15851;;1.16051;2026.01.19 01:06:07;1.16051;-0.14;;4.00;[tp]
2026.01.15 12:49:44;Sell;1.32;GBPUSD;1.34215;1.34446;1.33618;2026.01.15 14:49:47;1.34081;-9.24;;176.88;
2026.01.13 02:00:00;Sell;0.02;NZDCAD;0.80102;;0.79902;2026.01.13 15:19:23;0.79902;-0.14;;2.88;[tp]
2026.01.13 11:03:56;Buy;1.20;GBPUSD;1.34788;1.34612;1.35387;2026.01.13 14:48:20;1.34603;-8.40;;-222.00;[sl]
2026.01.12 00:03:56;Sell;0.02;USDCAD;1.39142;;1.38942;2026.01.12 02:43:50;1.38941;-0.14;;2.89;[tp]
2026.01.12 01:30:49;Buy;0.02;EURUSD;1.16238;;1.16441;2026.01.12 02:12:50;1.16447;-0.14;;4.18;[tp]
2026.01.09 11:43:32;Sell;1.20;GBPUSD;1.34101;1.34388;1.33504;2026.01.09 15:32:42;1.34394;-8.40;;-351.60;[sl]
2026.01.07 06:11:20;Sell;0.02;AUDUSD;0.67661;;0.67211;2026.01.07 23:00:08;0.67210;-0.14;;9.02;[tp]
2026.01.05 18:35:05;Sell;0.02;AUDUSD;0.67161;;0.67211;2026.01.07 23:00:08;0.67210;-0.14;-0.04;-0.98;[tp]
2026.01.07 11:12:36;Sell;1.08;GBPUSD;1.34896;1.35174;1.34298;2026.01.07 15:56:38;1.34968;-7.56;;-77.76;
2026.01.06 11:00:04;Buy Stop;1.08;GBPUSD;1.35685;1.35446;1.36285;2026.01.06 20:30:00;1.35052;;;;cancelled
2026.01.05 17:23:21;Sell;0.01;EURGBP;0.86730;;0.86530;2026.01.06 06:18:44;0.86530;-0.07;0.02;2.71;[tp]
2025.11.26 04:15:50;Sell;0.02;AUDUSD;0.64941;;0.65656;2025.12.12 18:59:18;0.66386;-0.14;-0.39;-28.90;
2025.11.28 17:29:32;Sell;0.02;AUDUSD;0.65444;;0.65656;2025.12.12 18:59:17;0.66387;-0.14;-0.30;-18.86;
2025.12.03 15:15:00;Sell;0.03;AUDUSD;0.65949;;0.65656;2025.12.12 18:59:16;0.66384;-0.21;-0.35;-13.05;
2025.12.08 00:00:00;Sell;0.01;EURGBP;0.87203;;0.87254;2025.12.12 18:59:15;0.87890;-0.07;0.11;-9.17;
2025.12.05 16:49:45;Sell;0.04;AUDUSD;0.66449;;0.65656;2025.12.12 18:59:15;0.66383;-0.28;-0.29;2.64;
2025.12.08 00:01:06;Buy;0.02;NZDCAD;0.80134;;0.80334;2025.12.12 18:59:14;0.79818;-0.14;-0.23;-4.59;
2025.12.12 09:00:10;Sell;0.01;EURGBP;0.87705;;0.87254;2025.12.12 18:59:13;0.87890;-0.07;;-2.47;
2025.12.12 11:00:01;Buy Stop;0.48;GBPUSD;1.33953;1.33734;1.34553;2025.12.12 18:59:03;1.33482;;;;cancelled
2025.12.11 17:50:29;Buy;0.02;USDCHF;0.79321;;0.79520;2025.12.11 22:03:03;0.79520;-0.14;;5.01;[tp]
2025.12.11 14:11:01;Buy;0.48;GBPUSD;1.33887;1.33582;1.34483;2025.12.11 15:43:35;1.34015;-3.36;;61.44;
2025.12.09 11:17:51;Buy;0.12;GBPUSD;1.33523;1.31663;1.33592;2025.12.10 21:11:02;1.33595;-0.84;-0.49;8.64;[tp]
2025.12.10 11:00:08;Sell Stop;0.36;GBPUSD;1.32949;1.33278;1.32349;2025.12.10 20:30:00;1.33448;;;;cancelled
2025.12.10 15:57:54;Buy;0.12;GBPUSD;1.33280;1.30878;1.33418;2025.12.10 19:13:54;1.33418;-0.84;;16.56;[tp]
2025.12.10 11:00:08;Sell Stop;0.12;GBPUSD;1.32949;1.35349;1.32809;2025.12.10 15:57:55;1.33274;;;;cancelled
2025.12.05 19:52:43;Buy;0.02;USDCAD;1.38403;;1.38603;2025.12.09 20:09:04;1.38604;-0.14;0.06;2.90;[tp]
2025.12.09 11:00:03;Sell Stop;0.12;GBPUSD;1.33222;1.35622;1.33152;2025.12.09 11:17:53;1.33515;;;;cancelled
2025.12.08 17:14:55;Sell;0.02;USDCHF;0.80745;;0.80545;2025.12.09 07:57:45;0.80545;-0.14;-0.38;4.97;[tp]
2025.12.08 17:36:44;Buy;0.02;EURUSD;1.16239;;1.16439;2025.12.09 03:49:38;1.16441;-0.14;-0.18;4.04;[tp]
2025.12.08 11:27:20;Sell;0.12;GBPUSD;1.33136;1.35516;1.33066;2025.12.08 17:43:04;1.33066;-0.84;;8.40;[tp]
2025.12.08 11:00:00;Buy Stop;0.12;GBPUSD;1.33476;1.31076;1.33546;2025.12.08 11:27:20;1.33147;;;;cancelled
2025.12.04 13:08:05;Buy;0.24;GBPUSD;1.33524;1.33263;1.34124;2025.12.04 15:30:00;1.33233;-1.68;;-69.84;[sl]
2025.12.01 00:00:05;Sell;0.01;EURGBP;0.87621;;0.87421;2025.12.03 18:06:41;0.87421;-0.07;0.04;2.67;[tp]
2025.12.02 11:45:22;Sell;0.12;GBPUSD;1.32066;1.34464;1.31994;2025.12.02 12:03:54;1.31990;-0.84;;9.12;[tp]
2025.12.02 11:45:22;Sell;0.24;GBPUSD;1.32066;1.32179;1.31464;2025.12.02 11:53:53;1.32178;-1.68;;-26.88;[sl]
2025.12.02 11:00:00;Buy Stop;0.12;GBPUSD;1.32224;1.29824;1.32294;2025.12.02 11:45:22;1.32070;;;;cancelled
2025.12.01 14:54:51;Sell;0.02;EURUSD;1.16443;;1.16144;2025.12.01 20:23:51;1.16144;-0.14;;5.98;[tp]
2025.12.01 12:05:16;Sell;0.02;EURUSD;1.16244;;1.16144;2025.12.01 20:23:51;1.16144;-0.14;;2.00;[tp]
2025.12.01 14:48:35;Buy;0.02;USDCHF;0.80056;;0.80255;2025.12.01 16:48:02;0.80256;-0.14;;4.98;[tp]
2025.12.01 14:00:41;Buy;0.12;GBPUSD;1.32372;1.29972;1.32442;2025.12.01 14:16:39;1.32446;-0.84;;8.88;[tp]
2025.12.01 11:00:01;Sell Stop;0.12;GBPUSD;1.32042;1.34442;1.31972;2025.12.01 14:00:42;1.32366;;;;cancelled
2025.11.28 17:56:21;Buy;0.12;GBPUSD;1.32420;1.32094;1.33017;2025.11.28 22:40:29;1.32449;-0.84;;3.48;
2025.11.24 00:00:00;Sell;0.01;EURGBP;0.87765;;0.87565;2025.11.26 15:40:23;0.87565;-0.07;0.04;2.64;[tp]
2025.11.26 13:42:10;Buy;0.12;GBPUSD;1.31957;1.31642;1.32551;2025.11.26 14:00:26;1.31640;-0.84;;-38.04;[sl]
2025.11.26 12:31:58;Sell;0.12;GBPUSD;1.31642;1.34042;1.31572;2025.11.26 13:08:29;1.31568;-0.84;;8.88;[tp]
2025.11.26 11:00:13;Buy Stop;0.12;GBPUSD;1.31988;1.29588;1.32058;2025.11.26 12:32:03;1.31647;;;;cancelled
2025.11.19 04:49:52;Buy;0.09;NZDCAD;0.78891;;0.80034;2025.11.26 04:08:07;0.80034;-0.63;-1.14;73.05;[tp]
2025.11.07 05:18:57;Buy;0.07;NZDCAD;0.79381;;0.80034;2025.11.26 04:08:07;0.80034;-0.49;-2.21;32.46;[tp]
2025.11.04 08:10:47;Buy;0.05;NZDCAD;0.79875;;0.80034;2025.11.26 04:08:07;0.80034;-0.35;-2.00;5.64;[tp]
2025.10.08 04:00:14;Buy;0.04;NZDCAD;0.80372;;0.80034;2025.11.26 04:08:07;0.80034;-0.28;-3.50;-9.60;[tp]
2025.10.07 21:42:49;Buy;0.03;NZDCAD;0.80877;;0.80034;2025.11.26 04:08:07;0.80034;-0.21;-2.86;-17.96;[tp]
2025.10.06 00:01:07;Buy;0.02;NZDCAD;0.81374;;0.80034;2025.11.26 04:08:07;0.80034;-0.14;-1.97;-19.04;[tp]
2025.10.06 00:01:07;Buy;0.02;NZDCAD;0.81374;;0.80034;2025.11.26 04:08:07;0.80034;-0.14;-1.97;-19.04;[tp]
2025.11.25 11:11:38;Buy;0.12;GBPUSD;1.31169;1.30943;1.31766;2025.11.25 11:45:39;1.31354;-0.84;;22.20;
2025.11.25 11:35:33;Buy;0.12;GBPUSD;1.31310;1.28896;1.31366;2025.11.25 11:41:40;1.31366;-0.84;;6.72;[tp]
2025.11.25 11:00:08;Sell Stop;0.12;GBPUSD;1.30943;1.33343;1.30873;2025.11.25 11:35:35;1.31288;;;;cancelled
2025.11.24 11:27:29;Sell;0.12;GBPUSD;1.30875;1.33255;1.30805;2025.11.24 17:50:06;1.30805;-0.84;;8.40;[tp]
2025.11.24 11:00:00;Buy Stop;0.12;GBPUSD;1.31128;1.28728;1.31198;2025.11.24 11:27:30;1.30885;;;;cancelled
2025.11.21 19:03:47;Buy;0.12;GBPUSD;1.31043;1.30646;1.31639;2025.11.21 23:47:48;1.31051;-0.84;;0.96;
2025.11.12 15:38:49;Sell;0.01;EURGBP;0.88312;;0.87864;2025.11.21 18:33:48;0.87862;-0.07;0.20;5.89;[tp]
2025.11.10 18:01:22;Sell;0.01;EURGBP;0.87815;;0.87864;2025.11.21 18:33:48;0.87862;-0.07;0.24;-0.62;[tp]
2025.11.20 11:00:07;Sell Stop;0.12;GBPUSD;1.30365;1.30777;1.29765;2025.11.20 20:30:04;1.30773;;;;cancelled
2025.11.19 11:00:21;Sell;0.12;GBPUSD;1.31217;1.31496;1.30621;2025.11.19 12:48:23;1.31084;-0.84;;15.96;
2025.11.19 11:00:21;Sell;0.12;GBPUSD;1.31217;1.33621;1.31151;2025.11.19 12:07:08;1.31151;-0.84;;7.92;[tp]
2025.11.19 11:00:00;Buy Stop;0.12;GBPUSD;1.31562;1.29162;1.31632;2025.11.19 11:00:21;1.31223;;;;cancelled
2025.11.18 12:20:27;Sell;0.12;GBPUSD;1.31466;1.33867;1.31397;2025.11.18 13:57:44;1.31396;-0.84;;8.40;[tp]
2025.11.18 11:00:00;Buy Stop;0.12;GBPUSD;1.31648;1.29248;1.31718;2025.11.18 12:20:27;1.31471;;;;cancelled
2025.11.17 11:40:48;Buy;0.12;GBPUSD;1.31763;1.29361;1.31831;2025.11.17 14:06:41;1.31832;-0.84;;8.28;[tp]
2025.11.17 11:00:09;Sell Stop;0.12;GBPUSD;1.31347;1.33747;1.31277;2025.11.17 11:40:49;1.31759;;;;cancelled
2025.11.14 11:00:07;Buy Stop;0.12;GBPUSD;1.32017;1.31250;1.32617;2025.11.14 19:45:06;1.31564;;;;cancelled
2025.11.13 11:00:00;Sell Stop;0.12;GBPUSD;1.31094;1.31442;1.30494;2025.11.13 19:17:06;1.32081;;;;cancelled
2025.11.13 09:24:35;Sell;0.02;AUDUSD;0.65703;;0.65499;2025.11.13 15:36:58;0.65498;-0.14;;4.10;[tp]
2025.11.12 11:00:48;Sell;0.12;GBPUSD;1.31154;1.31758;1.30553;2025.11.12 15:39:36;1.30978;-0.84;;21.12;
2025.11.11 11:08:42;Sell;0.12;GBPUSD;1.31188;1.33248;1.31120;2025.11.12 11:00:01;1.31172;-0.84;-0.40;1.92;
2025.11.11 15:26:28;Buy;0.12;GBPUSD;1.31723;1.31190;1.32323;2025.11.11 20:10:28;1.31754;-0.84;;3.72;
2025.11.11 11:00:00;Buy Stop;0.12;GBPUSD;1.31730;1.29330;1.31800;2025.11.11 11:08:42;1.31186;;;;cancelled
2025.11.10 07:45:04;Buy;0.02;USDCAD;1.40204;;1.40404;2025.11.11 08:47:42;1.40405;-0.14;0.03;2.86;[tp]
2025.11.10 11:00:23;Buy;0.12;GBPUSD;1.31757;1.29357;1.31827;2025.11.10 14:20:37;1.31829;-0.84;;8.64;[tp]
2025.11.10 11:00:01;Sell Stop;0.12;GBPUSD;1.31377;1.33777;1.31307;2025.11.10 11:00:23;1.31751;;;;cancelled
2025.10.24 11:02:04;Sell;0.01;EURGBP;0.87316;;0.87109;2025.11.10 06:01:15;0.87895;-0.07;0.28;-7.61;
2025.10.20 00:00:00;Sell;0.01;EURGBP;0.86795;;0.87109;2025.11.10 06:01:15;0.87895;-0.07;0.39;-14.47;
2025.10.28 15:45:41;Sell;0.01;EURGBP;0.87817;;0.87109;2025.11.10 06:01:14;0.87895;-0.07;0.24;-1.03;
2025.11.07 15:27:02;Buy;0.12;GBPUSD;1.31354;1.31003;1.31954;2025.11.07 17:00:11;1.31499;-0.84;;17.40;
2025.11.06 11:44:58;Buy;0.48;GBPUSD;1.30887;1.30518;1.31483;2025.11.06 14:58:24;1.31008;-3.36;;58.08;
2025.11.05 17:04:00;Sell;0.03;USDCHF;0.81238;;0.80837;2025.11.06 10:57:44;0.80835;-0.21;-1.70;14.96;[tp]
2025.11.03 12:04:49;Sell;0.02;USDCHF;0.80736;;0.80837;2025.11.06 10:57:44;0.80835;-0.14;-1.89;-2.45;[tp]
2025.11.05 11:07:57;Buy;0.12;GBPUSD;1.30506;1.28286;1.30573;2025.11.06 02:47:01;1.30574;-0.84;-1.48;8.16;[tp]
2025.11.05 11:00:02;Sell Stop;0.36;GBPUSD;1.30088;1.30503;1.29488;2025.11.05 20:30:01;1.30421;;;;cancelled
2025.11.05 11:00:02;Sell Stop;0.12;GBPUSD;1.30183;1.32583;1.30113;2025.11.05 11:07:57;1.30509;;;;cancelled
2025.11.04 11:14:14;Sell;0.36;GBPUSD;1.30843;1.31276;1.30243;2025.11.04 11:23:31;1.30729;-2.52;;41.04;
2025.11.04 11:14:14;Sell;0.12;GBPUSD;1.30843;1.33243;1.30773;2025.11.04 11:21:28;1.30773;-0.84;;8.40;[tp]
2025.11.04 11:00:00;Buy Stop;0.12;GBPUSD;1.31400;1.29000;1.31470;2025.11.04 11:14:14;1.30849;;;;cancelled
2025.11.03 17:27:12;Sell;0.02;USDCAD;1.40683;;1.40485;2025.11.03 19:16:48;1.40485;-0.14;;2.82;[tp]
2025.11.03 10:53:08;Buy;0.02;EURUSD;1.15107;;1.15302;2025.11.03 18:21:25;1.15302;-0.14;;3.90;[tp]
2025.11.03 16:31:47;Sell;0.12;GBPUSD;1.31159;1.33560;1.31090;2025.11.03 16:46:03;1.31088;-0.84;;8.52;[tp]
2025.11.03 11:00:07;Buy Stop;0.12;GBPUSD;1.31498;1.29098;1.31568;2025.11.03 16:31:47;1.31165;;;;cancelled
2025.10.31 13:36:22;Sell;0.24;GBPUSD;1.31236;1.31581;1.30639;2025.10.31 14:59:53;1.31075;-1.68;;38.64;
2025.10.30 15:07:37;Sell;0.02;USDCAD;1.40080;;1.39880;2025.10.30 16:08:15;1.39880;-0.14;;2.86;[tp]
2025.10.29 04:00:14;Sell;0.02;AUDUSD;0.65943;;0.65744;2025.10.29 20:36:48;0.65742;-0.14;;4.02;[tp]
2025.10.29 11:00:01;Sell;0.24;GBPUSD;1.32071;1.32752;1.31473;2025.10.29 15:44:03;1.32090;-1.68;;-4.56;
2025.10.28 11:00:01;Buy Stop;0.12;GBPUSD;1.33681;1.32998;1.34281;2025.10.28 20:30:00;1.32735;;;;cancelled
2025.10.28 07:18:21;Sell;0.02;NZDCAD;0.80882;;0.80681;2025.10.28 15:11:46;0.80681;-0.14;;2.87;[tp]
2025.10.27 11:20:10;Buy;0.12;GBPUSD;1.33359;1.30953;1.33423;2025.10.27 11:47:46;1.33423;-0.84;;7.68;[tp]
2025.10.27 11:00:01;Sell Stop;0.12;GBPUSD;1.33092;1.35492;1.33022;2025.10.27 11:20:10;1.33362;;;;cancelled
2025.10.27 03:13:06;Sell;0.02;EURUSD;1.16438;;1.16236;2025.10.27 06:06:01;1.16232;-0.14;;4.12;[tp]
2025.10.24 14:03:40;Sell;0.12;GBPUSD;1.33102;1.33321;1.32502;2025.10.24 15:30:01;1.33773;-0.84;;-80.52;[sl]
2025.10.23 15:19:41;Sell;0.24;GBPUSD;1.33282;1.33639;1.32683;2025.10.23 18:15:15;1.33146;-1.68;;32.64;
2025.10.21 13:19:13;Sell;0.12;GBPUSD;1.33705;1.34149;1.33108;2025.10.21 18:03:13;1.33773;-0.84;;-8.16;
2025.10.21 13:19:13;Sell;0.12;GBPUSD;1.33705;1.36108;1.33638;2025.10.21 16:47:16;1.33637;-0.84;;8.16;[tp]
2025.10.21 12:00:00;Buy Stop;0.12;GBPUSD;1.33983;1.31583;1.34053;2025.10.21 13:19:14;1.33705;;;;cancelled
2025.10.20 13:11:25;Sell;0.12;GBPUSD;1.34146;1.36546;1.34076;2025.10.20 14:00:53;1.34075;-0.84;;8.52;[tp]
2025.10.20 12:00:00;Buy Stop;0.12;GBPUSD;1.34438;1.32038;1.34508;2025.10.20 13:11:25;1.34152;;;;cancelled
2025.10.17 09:19:36;Buy;0.02;USDCHF;0.78852;;0.79052;2025.10.17 14:12:22;0.79052;-0.14;;5.06;[tp]
2025.10.16 13:19:30;Buy;0.12;GBPUSD;1.34439;1.34028;1.35039;2025.10.16 18:03:30;1.34336;-0.84;;-12.36;
2025.10.15 18:12:01;Buy;0.48;GBPUSD;1.33747;1.33125;1.34344;2025.10.15 18:24:11;1.33936;-3.36;;90.72;
2025.10.14 15:16:34;Sell;0.01;EURGBP;0.87136;;0.86935;2025.10.15 18:08:46;0.86935;-0.07;0.02;2.69;[tp]
2025.10.13 17:13:21;Sell;0.12;GBPUSD;1.33241;1.35461;1.33173;2025.10.14 09:05:09;1.33171;-0.84;-0.40;8.40;[tp]
2025.10.13 00:00:00;Sell;0.01;EURGBP;0.86905;;0.86705;2025.10.14 03:16:17;0.86705;-0.07;0.02;2.67;[tp]
2025.10.13 12:00:03;Buy Stop;0.12;GBPUSD;1.33674;1.31274;1.33744;2025.10.13 17:13:22;1.33246;;;;cancelled
2025.10.10 13:50:32;Sell;0.36;GBPUSD;1.32773;1.33122;1.32178;2025.10.10 14:00:04;1.32647;-2.52;;45.36;
2025.10.09 08:03:49;Sell;0.02;AUDUSD;0.66087;;0.65887;2025.10.09 09:29:12;0.65887;-0.14;;4.00;[tp]
2025.10.08 19:09:05;Sell;0.36;GBPUSD;1.33829;1.34422;1.33229;2025.10.08 23:53:10;1.34043;-2.52;;-77.04;
2025.10.08 16:19:26;Buy;0.12;GBPUSD;1.34309;1.31909;1.34379;2025.10.08 17:31:54;1.34383;-0.84;;8.88;[tp]
2025.10.08 12:00:00;Sell Stop;0.12;GBPUSD;1.33829;1.36229;1.33759;2025.10.08 16:19:27;1.34305;;;;cancelled
2025.10.06 23:01:23;Sell;0.01;EURGBP;0.86854;;0.86654;2025.10.08 10:30:19;0.86653;-0.07;0.04;2.69;[tp]
2025.10.07 12:00:12;Buy Stop;0.24;GBPUSD;1.34868;1.34282;1.35468;2025.10.07 21:30:00;1.34385;;;;cancelled
2025.10.07 13:58:55;Sell;0.12;GBPUSD;1.34284;1.36682;1.34142;2025.10.07 14:22:27;1.34136;-0.84;;17.76;[tp]
2025.10.06 14:00:43;Sell;0.12;GBPUSD;1.34212;1.36252;1.34142;2025.10.07 14:22:27;1.34136;-0.84;-0.40;9.12;[tp]
2025.10.07 12:00:02;Buy Stop;0.12;GBPUSD;1.34877;1.32477;1.35017;2025.10.07 13:58:56;1.34291;;;;cancelled
2025.10.06 12:00:01;Buy Stop;0.12;GBPUSD;1.34653;1.32253;1.34723;2025.10.06 14:00:44;1.34216;;;;cancelled
2025.09.23 11:41:33;Sell;0.01;EURGBP;0.87442;;0.86743;2025.10.06 11:01:23;0.86743;-0.07;0.24;9.39;[tp]
2025.09.16 20:15:02;Sell;0.01;EURGBP;0.86943;;0.86743;2025.10.06 11:01:23;0.86743;-0.07;0.37;2.69;[tp]
2025.09.15 00:00:22;Sell;0.01;EURGBP;0.86443;;0.86743;2025.10.06 11:01:23;0.86743;-0.07;0.39;-4.03;[tp]
2025.10.06 09:49:58;Buy;0.02;EURUSD;1.16922;;1.17115;2025.10.06 10:38:16;1.17115;-0.14;;3.86;[tp]
2025.10.03 12:00:01;Sell Stop;0.24;GBPUSD;1.34275;1.34682;1.33675;2025.10.03 21:30:01;1.34706;;;;cancelled
2025.10.02 12:00:01;Buy Stop;0.12;GBPUSD;1.35113;1.34677;1.35713;2025.10.02 21:30:04;1.34451;;;;cancelled
2025.09.30 16:19:13;Sell;0.12;GBPUSD;1.34191;1.35751;1.34122;2025.10.02 17:13:39;1.34198;-0.84;-1.59;-0.84;
2025.09.29 12:00:18;Buy Limit;0.01;GOLD;3 319.15;;;2025.10.01 19:36:42;3 870.34;;;;cancelled
2025.09.29 12:00:17;Buy Limit;0.01;GOLD;3 315.62;;;2025.10.01 19:36:39;3 870.42;;;;cancelled
2025.09.29 12:00:17;Buy Limit;0.01;GOLD;3 313.26;;;2025.10.01 19:36:38;3 870.40;;;;cancelled
2025.09.29 12:00:17;Buy Limit;0.01;GOLD;3 317.97;;;2025.10.01 19:36:38;3 870.41;;;;cancelled
2025.09.29 12:00:17;Buy Limit;0.01;GOLD;3 441.65;;;2025.10.01 19:36:38;3 870.43;;;;cancelled
2025.09.29 12:00:17;Buy Limit;0.01;GOLD;3 459.32;;;2025.10.01 19:36:37;3 870.50;;;;cancelled
2025.09.29 12:00:17;Buy Limit;0.01;GOLD;3 455.78;;;2025.10.01 19:36:37;3 870.52;;;;cancelled
2025.09.29 12:00:17;Buy Limit;0.01;GOLD;3 589.06;;;2025.10.01 19:36:36;3 870.55;;;;cancelled
2025.09.29 00:09:12;Buy;0.09;NZDCAD;0.80717;;0.81121;2025.10.01 15:45:00;0.81121;-0.63;-0.34;26.11;[tp]
2025.09.29 00:09:06;Buy;0.09;NZDCAD;0.81021;;0.81121;2025.10.01 15:45:00;0.81121;-0.63;-0.34;6.46;[tp]
2025.09.29 00:09:02;Buy;0.09;NZDCAD;0.81021;;0.81121;2025.10.01 15:45:00;0.81121;-0.63;-0.34;6.46;[tp]
2025.09.29 00:08:51;Buy;0.09;NZDCAD;0.80747;;0.81121;2025.10.01 15:45:00;0.81121;-0.63;-0.34;24.17;[tp]
2025.09.29 00:08:43;Buy;0.09;NZDCAD;0.81021;;0.81121;2025.10.01 15:45:00;0.81121;-0.63;-0.34;6.46;[tp]
2025.09.29 00:08:41;Buy;0.09;NZDCAD;0.81021;;0.81121;2025.10.01 15:45:00;0.81121;-0.63;-0.34;6.46;[tp]
2025.09.29 00:07:46;Buy;0.07;NZDCAD;0.80748;;0.81121;2025.10.01 15:45:00;0.81121;-0.49;-0.26;18.76;[tp]
2025.09.29 00:06:31;Buy;0.05;NZDCAD;0.80977;;0.81121;2025.10.01 15:45:00;0.81121;-0.35;-0.18;5.17;[tp]
2025.09.29 00:06:01;Buy;0.04;NZDCAD;0.80982;;0.81121;2025.10.01 15:45:00;0.81121;-0.28;-0.14;4.00;[tp]
2025.09.29 00:05:21;Buy;0.03;NZDCAD;0.80990;;0.81121;2025.10.01 15:45:00;0.81121;-0.21;-0.12;2.82;[tp]
2025.09.29 00:05:01;Buy;0.02;NZDCAD;0.80996;;0.81121;2025.10.01 15:45:00;0.81121;-0.14;-0.08;1.80;[tp]
2025.09.29 00:05:01;Buy;0.02;NZDCAD;0.80996;;0.81121;2025.10.01 15:45:00;0.81121;-0.14;-0.08;1.80;[tp]
2025.10.01 14:08:34;Buy;0.12;GBPUSD;1.34811;1.32412;1.34952;2025.10.01 15:15:49;1.34965;-0.84;;18.48;[tp]
2025.10.01 12:00:02;Sell Stop;0.12;GBPUSD;1.34524;1.36924;1.34384;2025.10.01 14:08:35;1.34806;;;;cancelled
2025.09.30 17:58:34;Sell;0.02;NZDCAD;0.80789;;0.80590;2025.10.01 04:36:09;0.80590;-0.14;-0.08;2.85;[tp]
2025.09.30 17:36:01;Buy;0.12;GBPUSD;1.34537;1.34191;1.35126;2025.09.30 22:20:02;1.34503;-0.84;;-4.08;
2025.09.30 12:00:00;Buy Stop;0.12;GBPUSD;1.34526;1.32126;1.34596;2025.09.30 16:19:14;1.34198;;;;cancelled
2025.09.29 12:00:16;Buy;0.01;GOLD;3 818.61;;;2025.09.30 07:10:37;3 864.91;-0.07;-0.55;46.30;
2025.09.29 12:00:16;Buy;0.01;GOLD;3 818.56;;;2025.09.30 07:10:34;3 864.91;-0.07;-0.55;46.35;
2025.09.29 12:00:16;Buy;0.01;GOLD;3 818.56;;;2025.09.30 07:10:32;3 864.93;-0.07;-0.55;46.37;
2025.09.29 12:00:15;Sell;0.02;SILVER;46.951;;;2025.09.30 07:10:29;47.033;-0.14;-0.26;-8.20;
2025.09.29 12:00:16;Sell;0.02;SILVER;46.952;;;2025.09.30 07:10:28;47.033;-0.14;-0.26;-8.10;
2025.09.29 12:00:16;Sell;0.02;SILVER;46.952;;;2025.09.30 07:10:22;47.038;-0.14;-0.26;-8.60;
2025.09.29 12:00:16;Buy;0.01;GOLD;3 818.56;;;2025.09.30 07:10:19;3 864.61;-0.07;-0.55;46.05;
2025.09.29 12:00:16;Sell;0.02;SILVER;46.952;;;2025.09.30 07:10:15;47.044;-0.14;-0.26;-9.20;
2025.09.29 12:00:17;Buy;0.01;GOLD;3 818.56;;;2025.09.30 07:10:12;3 864.90;-0.07;-0.55;46.34;
2025.09.29 12:00:16;Sell;0.02;SILVER;46.952;;;2025.09.30 07:10:09;47.047;-0.14;-0.26;-9.50;
2025.09.29 15:51:04;Sell;0.02;EURUSD;1.17442;;1.17143;2025.09.30 03:51:36;1.17143;-0.14;0.04;5.98;[tp]
2025.09.29 04:38:36;Sell;0.02;EURUSD;1.17243;;1.17143;2025.09.30 03:51:36;1.17143;-0.14;0.04;2.00;[tp]
2025.09.29 12:00:15;Sell;0.01;GOLD;3 818.41;3 826.00;3 666.17;2025.09.29 14:35:28;3 825.92;-0.07;;-7.51;
2025.09.26 12:00:00;Sell Stop;0.12;GBPUSD;1.33283;1.33716;1.32683;2025.09.26 21:30:00;1.34046;;;;cancelled
2025.09.25 14:11:49;Sell;0.12;GBPUSD;1.34344;1.34680;1.33744;2025.09.25 14:45:59;1.34199;-0.84;;17.40;
2025.09.24 12:23:04;Sell;0.12;GBPUSD;1.34803;1.35268;1.34204;2025.09.24 14:00:07;1.34668;-0.84;;16.20;
2025.09.24 12:46:00;Sell;0.12;GBPUSD;1.34720;1.37120;1.34650;2025.09.24 13:59:35;1.34650;-0.84;;8.40;[tp]
2025.09.24 12:00:00;Buy Stop;0.12;GBPUSD;1.35288;1.32888;1.35358;2025.09.24 12:46:01;1.34725;;;;cancelled
2025.09.24 12:00:00;Buy Stop;0.12;GBPUSD;1.35268;1.34804;1.35868;2025.09.24 12:23:04;1.34804;;;;cancelled
2025.09.23 12:02:55;Sell;0.12;GBPUSD;1.35019;1.37119;1.34949;2025.09.24 09:27:51;1.34945;-0.84;-0.40;8.88;[tp]
2025.09.23 12:00:00;Buy Stop;0.12;GBPUSD;1.35281;1.32881;1.35351;2025.09.23 12:02:55;1.35023;;;;cancelled
2025.09.22 23:32:03;Sell;0.02;EURUSD;1.18003;;1.17803;2025.09.23 10:15:00;1.17802;-0.14;0.04;4.02;[tp]
2025.09.22 12:58:13;Buy;0.12;GBPUSD;1.35045;1.32642;1.35112;2025.09.22 15:55:30;1.35113;-0.84;;8.16;[tp]
2025.09.22 12:00:02;Sell Stop;0.12;GBPUSD;1.34518;1.36918;1.34448;2025.09.22 12:58:14;1.35040;;;;cancelled
2025.09.19 18:35:36;Buy;0.02;NZDCAD;0.80668;;0.80868;2025.09.22 11:48:20;0.80868;-0.14;-0.04;2.90;[tp]
2025.09.22 03:01:45;Buy;0.05;EURUSD;1.17329;;1.17679;2025.09.22 11:32:02;1.17683;-0.35;;17.70;[tp]
2025.09.22 00:01:01;Buy;0.04;EURUSD;1.17528;;1.17679;2025.09.22 11:32:02;1.17683;-0.28;;6.20;[tp]
2025.09.22 00:00:57;Buy;0.03;EURUSD;1.17528;;1.17679;2025.09.22 11:32:02;1.17683;-0.21;;4.65;[tp]
2025.09.22 00:00:49;Buy;0.02;EURUSD;1.17581;;1.17679;2025.09.22 11:32:02;1.17683;-0.14;;2.04;[tp]
2025.09.22 00:00:48;Buy;0.02;EURUSD;1.17581;;1.17679;2025.09.22 11:32:02;1.17683;-0.14;;2.04;[tp]
2025.09.19 14:07:12;Sell;0.36;GBPUSD;1.34838;1.35523;1.34238;2025.09.19 15:32:22;1.34675;-2.52;;58.68;
2025.09.18 16:40:49;Buy;0.02;EURUSD;1.17564;;1.17763;2025.09.18 17:12:44;1.17763;-0.14;;3.98;[tp]
2025.09.05 15:30:12;Sell;0.07;EURUSD;1.17477;;;2025.09.18 16:34:27;1.17751;-0.49;1.71;-19.18;
2025.09.16 14:55:17;Sell;0.09;EURUSD;1.18207;;;2025.09.18 16:34:26;1.17750;-0.63;0.68;41.13;
2025.09.16 10:19:01;Sell;0.09;EURUSD;1.17967;;;2025.09.18 16:34:26;1.17746;-0.63;0.68;19.89;
2025.09.09 04:53:01;Sell;0.09;EURUSD;1.17744;;;2025.09.18 16:34:26;1.17748;-0.63;1.87;-0.36;
2025.09.16 17:17:21;Sell;0.09;EURUSD;1.18468;;;2025.09.18 16:34:25;1.17751;-0.63;0.68;64.53;
2025.09.17 21:07:21;Sell;0.09;EURUSD;1.18969;;;2025.09.18 16:34:24;1.17752;-0.63;0.51;109.53;
2025.09.16 20:13:30;Sell;0.09;EURUSD;1.18716;;;2025.09.18 16:34:24;1.17751;-0.63;0.68;86.85;
2025.09.09 12:56:42;Sell;0.02;NZDCAD;0.82229;;0.81779;2025.09.18 02:35:49;0.81778;-0.14;-0.88;6.55;[tp]
2025.09.08 09:29:23;Sell;0.02;NZDCAD;0.81729;;0.81779;2025.09.18 02:35:49;0.81778;-0.14;-0.96;-0.71;[tp]
2025.09.16 16:24:08;Buy;0.03;USDCAD;1.37439;;1.37840;2025.09.17 21:53:20;1.37840;-0.21;0.01;8.73;[tp]
2025.09.15 18:57:36;Buy;0.02;USDCAD;1.37942;;1.37840;2025.09.17 21:53:20;1.37840;-0.14;0.02;-1.48;[tp]
2025.09.17 21:07:41;Sell;0.09;EURUSD;1.19036;;1.18367;2025.09.17 21:46:31;1.18362;-0.63;;60.66;[tp]
2025.09.17 21:00:11;Sell;0.09;EURUSD;1.18834;;1.18367;2025.09.17 21:46:31;1.18362;-0.63;;42.48;[tp]
2025.09.16 19:25:14;Sell;0.07;EURUSD;1.18630;;1.18367;2025.09.17 21:46:31;1.18362;-0.49;0.13;18.76;[tp]
2025.09.16 17:16:44;Sell;0.05;EURUSD;1.18425;;1.18367;2025.09.17 21:46:31;1.18362;-0.35;0.10;3.15;[tp]
2025.09.16 16:25:42;Sell;0.04;EURUSD;1.18225;;1.18367;2025.09.17 21:46:31;1.18362;-0.28;0.08;-5.48;[tp]
2025.09.16 11:18:38;Sell;0.03;EURUSD;1.18026;;1.18367;2025.09.17 21:46:31;1.18362;-0.21;0.06;-10.08;[tp]
2025.09.16 06:32:08;Sell;0.02;EURUSD;1.17830;;1.18367;2025.09.17 21:46:31;1.18362;-0.14;0.04;-10.64;[tp]
2025.09.15 14:58:23;Sell;0.02;EURUSD;1.17630;;1.18367;2025.09.17 21:46:31;1.18362;-0.14;0.08;-14.64;[tp]
2025.09.17 21:02:35;Sell;0.02;AUDUSD;0.66957;;0.66509;2025.09.17 21:46:24;0.66509;-0.14;;8.96;[tp]
2025.09.11 17:17:27;Sell;0.02;AUDUSD;0.66460;;0.66509;2025.09.17 21:46:24;0.66509;-0.14;-0.08;-0.98;[tp]
2025.09.17 12:41:48;Buy;0.24;GBPUSD;1.36514;1.36288;1.37111;2025.09.17 17:22:53;1.36650;-1.68;;32.64;
2025.09.17 16:45:43;Buy;0.12;GBPUSD;1.36602;1.34200;1.36670;2025.09.17 17:19:13;1.36673;-0.84;;8.52;[tp]
2025.09.17 12:00:04;Sell Stop;0.12;GBPUSD;1.36288;1.38688;1.36218;2025.09.17 16:45:43;1.36598;;;;cancelled
2025.09.16 12:48:23;Buy;0.24;GBPUSD;1.36440;1.35968;1.37038;2025.09.16 16:39:11;1.36570;-1.68;;31.20;
2025.09.16 12:48:23;Buy;0.12;GBPUSD;1.36440;1.34038;1.36508;2025.09.16 16:22:06;1.36508;-0.84;;8.16;[tp]
2025.09.16 12:00:01;Sell Stop;0.12;GBPUSD;1.35968;1.38368;1.35898;2025.09.16 12:48:23;1.36437;;;;cancelled
2025.09.15 12:36:39;Buy;0.12;GBPUSD;1.36002;1.33602;1.36072;2025.09.15 13:25:34;1.36072;-0.84;;8.40;[tp]
2025.09.15 12:00:00;Sell Stop;0.12;GBPUSD;1.35521;1.37921;1.35451;2025.09.15 12:36:40;1.35997;;;;cancelled
2025.09.09 12:16:13;Buy;0.12;GBPUSD;1.35837;1.35797;1.35906;2025.09.15 10:17:19;1.35797;-0.84;-2.95;-4.80;[sl]
2025.09.11 12:26:27;Sell;0.12;GBPUSD;1.35021;1.35346;1.34421;2025.09.11 15:30:17;1.35329;-0.84;;-36.96;[sl]
2025.09.05 21:41:52;Buy;0.10;SILVER;40.952;;;2025.09.11 09:37:23;41.085;-0.70;-7.13;66.50;
2025.09.05 21:42:02;Sell;0.07;GOLD;3 593.84;;;2025.09.11 09:37:21;3 634.25;-0.49;9.72;-282.87;
2025.09.09 08:07:31;Sell;0.07;GOLD;3 656.20;;;2025.09.11 09:37:20;3 634.28;-0.49;6.48;153.44;
2025.09.09 08:07:31;Buy;0.10;SILVER;41.412;;;2025.09.11 09:37:19;41.087;-0.70;-5.93;-162.50;
2025.09.09 16:48:52;Sell;0.07;GOLD;3 665.31;;;2025.09.11 09:37:17;3 633.96;-0.49;6.48;219.45;
2025.09.09 16:48:53;Buy;0.10;SILVER;41.231;;;2025.09.11 09:37:16;41.082;-0.70;-5.93;-74.50;
2025.09.10 16:49:01;Sell;0.02;AUDUSD;0.66287;;0.66088;2025.09.11 04:00:45;0.66087;-0.14;-0.07;4.00;[tp]
2025.09.10 12:36:16;Buy;0.12;GBPUSD;1.35443;1.33045;1.35585;2025.09.10 15:30:03;1.35599;-0.84;;18.72;[tp]
2025.09.10 12:00:00;Sell Stop;0.12;GBPUSD;1.35121;1.37521;1.34981;2025.09.10 12:36:17;1.35441;;;;cancelled
2025.09.02 10:52:44;Sell;0.01;EURGBP;0.86961;;0.86509;2025.09.10 03:57:50;0.86509;-0.07;0.15;6.11;[tp]
2025.09.02 06:28:04;Sell;0.01;EURGBP;0.86456;;0.86509;2025.09.10 03:57:50;0.86509;-0.07;0.15;-0.72;[tp]
2025.09.08 16:14:03;Buy;0.02;USDCHF;0.79352;;0.79555;2025.09.09 15:40:08;0.79555;-0.14;0.14;5.10;[tp]
2025.09.09 12:16:13;Buy;0.12;GBPUSD;1.35837;1.35569;1.36436;2025.09.09 15:00:33;1.35569;-0.84;;-32.16;[sl]
2025.09.09 03:26:31;Sell;0.02;EURUSD;1.17737;;1.17437;2025.09.09 14:53:59;1.17434;-0.14;;6.06;[tp]
2025.09.08 16:14:04;Sell;0.02;EURUSD;1.17536;;1.17437;2025.09.09 14:53:59;1.17434;-0.14;0.04;2.04;[tp]
2025.09.09 12:00:00;Sell Stop;0.12;GBPUSD;1.35567;1.37967;1.35497;2025.09.09 12:16:13;1.35834;;;;cancelled
2025.09.05 18:08:42;Buy;0.02;USDCHF;0.79719;;0.79919;2025.09.08 00:08:54;0.79929;-0.14;0.14;5.25;[tp]
2025.09.02 10:15:00;Buy;0.02;NZDCAD;0.80851;;0.81049;2025.09.03 17:10:31;0.81049;-0.14;-0.04;2.87;[tp]
2025.08.28 13:23:07;Sell;0.02;AUDUSD;0.65263;;0.65063;2025.09.02 10:50:20;0.65063;-0.14;-0.06;4.00;[tp]
2025.09.01 00:00:27;Sell;0.01;EURGBP;0.86602;;0.86402;2025.09.01 18:28:03;0.86402;-0.07;;2.70;[tp]
2025.09.01 09:05:48;Sell;0.02;EURUSD;1.17237;;1.17037;2025.09.01 18:15:58;1.17037;-0.14;;4.00;[tp]
2025.09.01 13:30:21;Sell;0.06;SILVER;40.646;;;2025.09.01 14:15:56;40.487;-0.42;;47.70;
2025.09.01 13:30:21;Buy;0.04;GOLD;3 471.63;;;2025.09.01 14:15:56;3 470.48;-0.28;;-4.60;
2025.08.29 12:07:07;Sell;0.14;AUDUSD;0.65327;;;2025.08.29 17:59:53;0.65451;-0.98;;-17.36;
2025.08.29 12:07:10;Buy;0.09;GBPUSD;1.34768;;;2025.08.29 17:59:50;1.35079;-0.63;;27.99;
2025.08.27 13:53:31;Sell;0.80;GBPUSD;1.34284;;;2025.08.29 08:10:07;1.35004;-5.60;-10.56;-576.00;
2025.08.28 20:11:09;Sell;0.80;GBPUSD;1.35280;;;2025.08.29 08:09:53;1.35004;-5.60;-2.64;220.80;
2025.08.19 11:29:21;Sell;0.04;GBPNZD;2.28465;;2.26958;2025.08.28 19:38:26;2.29691;-0.28;-2.73;-28.87;
2025.08.19 11:05:35;Sell;0.04;GBPNZD;2.28359;;2.27829;2025.08.28 19:38:26;2.29691;-0.28;-2.73;-31.36;
2025.08.19 18:55:22;Sell;0.03;GBPNZD;2.28700;;;2025.08.28 19:38:25;2.29689;-0.21;-2.06;-17.47;
2025.08.20 07:58:35;Sell;0.04;GBPNZD;2.31198;;;2025.08.28 19:38:24;2.29689;-0.28;-2.48;35.54;
2025.08.20 11:30:05;Sell;0.01;GBPNZD;2.31990;;;2025.08.28 19:38:23;2.29689;-0.07;-0.62;13.54;
2025.08.28 17:47:08;Buy;0.80;GBPUSD;1.35173;;;2025.08.28 17:49:08;1.35113;-5.60;;-48.00;
2025.08.27 12:31:31;Buy;0.06;SILVER;38.350;;;2025.08.27 18:47:20;38.504;-0.42;;46.20;
2025.08.27 12:31:31;Sell;0.05;GOLD;3 382.31;;;2025.08.27 18:47:20;3 388.46;-0.35;;-30.75;
2025.08.27 13:08:50;Buy;0.06;SILVER;38.203;;;2025.08.27 18:47:15;38.505;-0.42;;90.60;
2025.08.27 13:08:49;Sell;0.05;GOLD;3 377.97;;;2025.08.27 18:47:15;3 388.82;-0.35;;-54.25;
2025.08.26 23:24:52;Sell;0.01;EURGBP;0.86360;;0.86160;2025.08.27 17:20:11;0.86160;-0.07;0.02;2.69;[tp]
2025.08.27 13:53:31;Sell;0.60;GBPUSD;1.34285;1.34234;1.33695;2025.08.27 14:00:07;1.34235;-4.20;;30.00;[sl]
2025.08.27 12:00:00;Buy Stop;0.60;GBPUSD;1.34669;1.32269;1.35269;2025.08.27 13:53:31;1.34285;;;;cancelled
2025.08.27 12:00:00;Buy Stop;0.80;GBPUSD;1.34669;1.32269;1.34809;2025.08.27 13:53:31;1.34285;;;;cancelled
2025.08.25 19:53:49;Buy;0.18;EURUSD;1.16529;;;2025.08.26 16:48:35;1.16541;-1.26;-1.60;2.16;
2025.08.25 19:53:49;Sell;0.31;AUDUSD;0.64953;;;2025.08.26 16:48:32;0.64844;-2.17;-0.34;33.79;
2025.08.26 12:13:15;Buy;0.80;GBPUSD;1.34689;1.32290;1.34830;2025.08.26 13:19:15;1.34809;-5.60;;96.00;
2025.08.26 12:08:22;Buy;0.60;GBPUSD;1.34674;1.34337;1.35269;2025.08.26 12:57:41;1.34796;-4.20;;73.20;
2025.08.26 12:13:15;Buy;0.48;GBPUSD;1.34688;1.34795;1.35290;2025.08.26 12:57:40;1.34795;-3.36;;51.36;[sl]
2025.08.26 12:00:00;Sell Stop;0.48;GBPUSD;1.34337;1.36737;1.33737;2025.08.26 12:13:15;1.34687;;;;cancelled
2025.08.26 12:00:00;Sell Stop;0.80;GBPUSD;1.34337;1.36737;1.34197;2025.08.26 12:13:15;1.34687;;;;cancelled
2025.08.26 08:42:28;Sell;0.01;EURGBP;0.86438;;0.86237;2025.08.26 11:24:52;0.86237;-0.07;;2.70;[tp]
2025.08.25 18:28:04;Sell;0.01;EURGBP;0.86566;;0.86366;2025.08.25 20:42:27;0.86365;-0.07;;2.71;[tp]
2025.08.20 20:57:04;Buy;0.18;GBPUSD;1.34705;;;2025.08.21 06:30:14;1.34480;-1.26;-2.21;-40.50;
2025.08.20 20:57:03;Sell;0.23;EURUSD;1.16714;;;2025.08.21 06:29:58;1.16433;-1.61;1.31;64.63;
2025.08.20 20:05:41;Sell;0.18;GBPUSD;1.34629;;;2025.08.20 20:56:40;1.34690;-1.26;;-10.98;
2025.08.20 20:05:40;Buy;0.23;EURUSD;1.16634;;;2025.08.20 20:56:40;1.16709;-1.61;;17.25;
2025.08.20 10:06:19;Buy;0.13;SILVER;37.185;;;2025.08.20 15:30:08;37.445;-0.91;;169.00;
2025.08.20 10:06:18;Sell;0.09;GOLD;3 323.28;;;2025.08.20 15:30:04;3 338.13;-0.63;;-133.65;
2025.08.19 11:05:31;Sell;0.04;GBPCAD;1.86759;;1.85781;2025.08.20 08:02:16;1.86891;-0.28;-0.33;-3.80;
2025.08.19 11:29:14;Sell;0.04;GBPCAD;1.86821;;1.86360;2025.08.20 08:02:09;1.86882;-0.28;-0.33;-1.76;
2025.08.19 18:05:54;Sell;0.03;GBPCAD;1.87072;;;2025.08.20 08:02:08;1.86881;-0.21;-0.25;4.13;
2025.08.19 16:10:00;Sell;0.02;GBPCAD;1.86872;;;2025.08.20 08:01:58;1.86881;-0.14;-0.16;-0.13;
2025.08.13 12:00:00;Sell Stop;0.24;GBPUSD;1.34987;1.37387;1.34387;2025.08.18 20:14:24;1.35142;;;;cancelled
2025.08.13 12:00:00;Sell Stop;0.32;GBPUSD;1.34987;1.37387;1.34847;2025.08.18 20:14:23;1.35142;;;;cancelled
2025.08.18 15:36:15;Buy;0.05;GOLD;3 347.52;;;2025.08.18 19:56:56;3 334.00;-0.35;;-67.60;
2025.08.18 15:36:15;Sell;0.06;SILVER;38.211;;;2025.08.18 19:56:55;38.007;-0.42;;61.20;
2025.08.14 14:38:04;Sell;0.30;AUDUSD;0.65252;;;2025.08.14 16:25:27;0.64946;-2.10;;91.80;
2025.08.14 14:38:04;Buy;0.18;GBPUSD;1.35792;;;2025.08.14 16:25:27;1.35416;-1.26;;-67.68;
2025.08.13 20:27:28;Sell;0.12;SILVER;38.506;;;2025.08.14 16:08:06;38.193;-0.84;1.57;187.80;
2025.08.13 20:27:28;Buy;0.09;GOLD;3 357.74;;;2025.08.14 16:08:05;3 353.30;-0.63;-14.95;-39.96;
2025.08.13 20:27:28;Buy;0.04;GOLD;3 357.79;;;2025.08.14 15:10:12;3 358.19;-0.28;-6.64;1.60;
2025.08.13 20:27:28;Sell;0.06;SILVER;38.506;;;2025.08.14 15:10:12;38.307;-0.42;0.78;59.70;
2025.08.13 12:16:12;Sell;0.04;EURUSD;1.17207;;;2025.08.13 18:32:47;1.17182;-0.28;;1.00;
2025.08.11 17:25:37;Buy;0.09;EURUSD;1.16006;;;2025.08.13 18:32:45;1.17189;-0.63;-1.60;106.47;
2025.08.07 17:08:30;Buy;0.07;EURUSD;1.16305;;;2025.08.13 18:32:45;1.17189;-0.49;-2.48;61.88;
2025.08.07 13:15:58;Buy;0.04;EURUSD;1.16633;;;2025.08.13 18:32:44;1.17189;-0.28;-1.44;22.24;
2025.08.07 11:01:06;Buy;0.03;EURUSD;1.16917;;;2025.08.13 18:32:44;1.17187;-0.21;-1.08;8.10;
2025.08.07 11:01:06;Sell;0.03;EURUSD;1.16915;;;2025.08.13 18:32:43;1.17189;-0.21;0.24;-8.22;
2025.08.12 23:39:04;Sell;0.01;EURGBP;0.86495;;0.86295;2025.08.13 14:19:21;0.86295;-0.07;0.02;2.72;[tp]
2025.08.12 12:12:00;Buy;0.29;AUDUSD;0.64939;;;2025.08.12 17:05:54;0.65136;-2.03;;57.13;
2025.08.12 12:12:00;Sell;0.17;GBPUSD;1.34651;;;2025.08.12 17:05:54;1.34972;-1.19;;-54.57;
2025.08.12 12:12:29;Sell;0.17;GBPUSD;1.34651;;;2025.08.12 15:55:12;1.34916;-1.19;;-45.05;
2025.08.12 12:12:29;Buy;0.22;EURUSD;1.16138;;;2025.08.12 15:55:12;1.16431;-1.54;;64.46;
2025.08.12 12:00:33;Buy;0.12;GBPUSD;1.34723;1.34193;1.35323;2025.08.12 15:30:11;1.34982;-0.84;;31.08;
2025.08.12 12:00:33;Buy;0.32;GBPUSD;1.34723;1.32323;1.34863;2025.08.12 15:30:05;1.34864;-2.24;;45.12;[tp]
2025.08.12 12:00:01;Sell Stop;0.12;GBPUSD;1.34193;1.34723;1.33593;2025.08.12 12:00:33;1.34718;;;;cancelled
2025.08.12 12:00:00;Sell Stop;0.32;GBPUSD;1.34193;1.36593;1.34053;2025.08.12 12:00:33;1.34721;;;;cancelled
2025.08.11 00:00:32;Sell;0.01;EURGBP;0.86489;;0.86289;2025.08.12 11:38:51;0.86287;-0.07;0.02;2.72;[tp]
2025.08.11 15:14:45;Sell;0.02;USDCHF;0.81154;;0.80955;2025.08.12 11:13:20;0.80955;-0.14;-0.38;4.92;[tp]
2025.08.12 06:37:13;Sell;0.06;SILVER;37.892;;;2025.08.12 10:38:36;37.902;-0.42;;-3.00;
2025.08.12 06:37:13;Buy;0.04;GOLD;3 350.67;;;2025.08.12 10:38:36;3 356.34;-0.28;;22.68;
2025.08.12 08:10:42;Sell;0.08;EURUSD;1.16262;;;2025.08.12 09:29:46;1.16114;-0.56;;11.84;
2025.08.12 08:10:42;Buy;0.10;AUDUSD;0.65036;;;2025.08.12 09:29:45;0.64996;-0.70;;-4.00;
2025.08.11 07:55:53;Sell;0.14;GBPUSD;1.34653;;;2025.08.11 15:53:05;1.34208;-0.98;;62.30;
2025.08.11 14:43:27;Sell;0.16;GBPUSD;1.34274;1.36680;1.34140;2025.08.11 15:37:10;1.34140;-1.12;;21.44;[tp]
2025.08.11 12:00:00;Buy Stop;0.16;GBPUSD;1.34779;1.32379;1.34919;2025.08.11 14:43:28;1.34274;;;;cancelled
2025.08.11 08:54:52;Sell;0.07;SILVER;38.186;;;2025.08.11 10:35:14;37.888;-0.49;;104.30;
2025.08.11 08:54:52;Buy;0.05;GOLD;3 378.29;;;2025.08.11 10:35:14;3 362.62;-0.35;;-78.35;
2025.08.08 12:48:37;Buy;0.12;GBPUSD;1.34515;1.34233;1.35114;2025.08.08 15:24:50;1.34233;-0.84;;-33.84;[sl]
2025.08.05 14:16:11;Sell;0.16;GBPUSD;1.32714;1.34294;1.32644;2025.08.07 14:01:31;1.34294;-1.12;-2.11;-252.80;[sl]
2025.08.05 14:16:11;Sell;0.12;GBPUSD;1.32714;1.34294;1.32114;2025.08.07 14:01:31;1.34294;-0.84;-1.59;-189.60;[sl]
2025.08.07 14:00:07;Buy;0.12;GBPUSD;1.33961;1.33445;1.34409;2025.08.07 14:00:31;1.34197;-0.84;;28.32;
2025.08.05 12:00:00;Buy Stop;0.12;GBPUSD;1.33038;1.30638;1.33638;2025.08.05 14:16:11;1.32717;;;;cancelled
2025.08.05 12:00:00;Buy Stop;0.16;GBPUSD;1.33038;1.30638;1.33108;2025.08.05 14:16:11;1.32717;;;;cancelled
2025.08.05 12:16:03;Buy;0.24;GBPUSD;1.32951;1.32714;1.33545;2025.08.05 14:16:11;1.32714;-1.68;;-56.88;[sl]
2025.08.05 00:10:43;Sell;0.01;EURGBP;0.87048;;0.86848;2025.08.05 12:02:54;0.86848;-0.07;;2.66;[tp]
2025.08.04 12:11:14;Buy;0.12;GBPUSD;1.32922;1.33041;1.33522;2025.08.04 12:42:40;1.33040;-0.84;;14.16;[sl]
2025.08.04 12:11:14;Buy;0.16;GBPUSD;1.32922;1.30522;1.32992;2025.08.04 12:37:48;1.32996;-1.12;;11.84;[tp]
2025.08.04 12:00:00;Sell Stop;0.12;GBPUSD;1.32635;1.35035;1.32035;2025.08.04 12:11:14;1.32918;;;;cancelled
2025.08.04 12:00:00;Sell Stop;0.16;GBPUSD;1.32635;1.35035;1.32565;2025.08.04 12:11:14;1.32918;;;;cancelled
2025.08.04 00:00:00;Sell;0.01;EURGBP;0.87233;;0.87033;2025.08.04 12:10:36;0.87033;-0.07;;2.66;[tp]
2025.08.01 17:00:31;Sell;0.07;EURUSD;1.15867;;;2025.08.01 17:11:59;1.15582;-0.49;;19.95;
2025.08.01 15:46:05;Sell;0.04;EURUSD;1.15352;;;2025.08.01 17:11:58;1.15583;-0.28;;-9.24;
2025.07.30 23:23:17;Buy;0.07;EURUSD;1.14039;;;2025.08.01 17:11:58;1.15583;-0.49;-2.49;108.08;
2025.07.30 21:49:15;Buy;0.04;EURUSD;1.14464;;;2025.08.01 17:11:57;1.15585;-0.28;-1.43;44.84;
2025.07.30 15:35:32;Buy;0.03;EURUSD;1.14865;;;2025.08.01 17:11:56;1.15581;-0.21;-1.07;21.48;
2025.07.30 15:35:32;Sell;0.03;EURUSD;1.14860;;;2025.08.01 17:11:55;1.15586;-0.21;0.23;-21.78;
2025.07.30 23:23:23;Sell;0.08;USDCHF;0.81498;;0.80823;2025.08.01 15:37:03;0.80821;-0.56;-6.02;67.01;[tp]
2025.07.30 15:50:06;Sell;0.05;USDCHF;0.80995;;0.80823;2025.08.01 15:37:03;0.80821;-0.35;-3.76;10.76;[tp]
2025.07.29 09:33:52;Sell;0.03;USDCHF;0.80494;;0.80823;2025.08.01 15:37:03;0.80821;-0.21;-2.82;-12.14;[tp]
2025.07.28 12:34:58;Sell;0.02;USDCHF;0.79989;;0.80823;2025.08.01 15:37:03;0.80821;-0.14;-2.27;-20.59;[tp]
2025.07.31 13:14:14;Sell;0.12;GBPUSD;1.32232;1.32796;1.31632;2025.07.31 15:49:20;1.32106;-0.84;;15.12;
2025.07.29 16:00:01;Sell;0.96;GBPUSD;1.33140;1.35180;1.33003;2025.07.30 16:11:32;1.33001;-6.72;-3.17;133.44;[tp]
2025.07.29 16:00:01;Sell;0.72;GBPUSD;1.33140;1.33079;1.32543;2025.07.30 16:00:35;1.33093;-5.04;-2.38;33.84;[sl]
2025.07.29 21:57:55;Sell;0.01;EURGBP;0.86484;;0.86285;2025.07.30 14:32:29;0.86284;-0.07;0.02;2.67;[tp]
2025.07.30 12:05:58;Buy;0.96;GBPUSD;1.33702;1.31301;1.33841;2025.07.30 13:04:47;1.33842;-6.72;;134.40;[tp]
2025.07.30 12:05:58;Buy;0.72;GBPUSD;1.33701;1.33763;1.34301;2025.07.30 12:08:57;1.33763;-5.04;;44.64;[sl]
2025.07.30 12:00:01;Sell Stop;0.72;GBPUSD;1.33405;1.35805;1.32805;2025.07.30 12:05:58;1.33698;;;;cancelled
2025.07.30 12:00:01;Sell Stop;0.96;GBPUSD;1.33405;1.35805;1.33265;2025.07.30 12:05:58;1.33698;;;;cancelled
2025.07.29 16:00:01;Sell;0.12;GBPUSD;1.33140;1.33545;1.32543;2025.07.29 20:44:01;1.33410;-0.84;;-32.40;
2025.07.29 12:00:00;Buy Stop;0.96;GBPUSD;1.33623;1.31223;1.33763;2025.07.29 16:00:02;1.33141;;;;cancelled
2025.07.29 12:00:00;Buy Stop;0.72;GBPUSD;1.33623;1.31223;1.34223;2025.07.29 16:00:02;1.33141;;;;cancelled
2025.07.24 19:10:00;Sell;0.01;EURGBP;0.87027;;0.86578;2025.07.29 09:57:54;0.86577;-0.07;0.06;5.99;[tp]
2025.07.21 00:00:28;Sell;0.01;EURGBP;0.86528;;0.86578;2025.07.29 09:57:54;0.86577;-0.07;0.15;-0.66;[tp]
2025.07.28 14:33:45;Sell;0.80;GBPUSD;1.34036;1.36449;1.33909;2025.07.28 19:00:34;1.33906;-5.60;;104.00;[tp]
2025.07.28 14:33:45;Sell;0.60;GBPUSD;1.34036;1.33962;1.33449;2025.07.28 18:41:58;1.33962;-4.20;;44.40;[sl]
2025.07.28 11:04:13;Sell;0.02;USDCAD;1.37411;;1.37211;2025.07.28 14:57:37;1.37211;-0.14;;2.92;[tp]
2025.07.28 12:00:00;Buy Stop;0.80;GBPUSD;1.34460;1.32060;1.34600;2025.07.28 14:33:47;1.34042;;;;cancelled
2025.07.28 12:00:00;Buy Stop;0.60;GBPUSD;1.34460;1.32060;1.35060;2025.07.28 14:33:47;1.34042;;;;cancelled
2025.07.25 12:09:55;Sell;0.12;GBPUSD;1.34581;1.35048;1.33987;2025.07.25 14:23:20;1.34438;-0.84;;17.16;
2025.07.24 12:00:02;Buy Stop;0.12;GBPUSD;1.35830;1.35415;1.36430;2025.07.24 21:30:01;1.35192;;;;cancelled
2025.07.21 18:08:53;Buy;0.02;GOLD;3 398.93;;3 410.73;2025.07.21 18:54:45;3 397.76;-0.14;;-2.34;
2025.07.21 17:49:04;Buy;0.02;GOLD;3 397.51;;3 409.66;2025.07.21 18:06:18;3 400.10;-0.14;;5.18;
2025.07.21 03:35:01;Buy;0.02;GOLD;3 353.17;;5 796.48;2025.07.21 17:47:18;3 398.86;-0.14;;91.38;
2025.07.21 02:20:03;Sell;0.02;GOLD;3 345.87;;976.50;2025.07.21 03:35:01;3 353.18;-0.14;;-14.62;
2025.07.18 09:35:01;Buy;0.08;GOLD;3 339.27;;3 932.07;2025.07.21 02:20:03;3 345.87;-0.56;-3.91;52.80;
2025.07.18 12:07:42;Buy;0.12;GBPUSD;1.34411;1.34096;1.35008;2025.07.18 14:11:12;1.34548;-0.84;;16.44;
2025.07.18 09:05:00;Sell;0.08;GOLD;3 332.40;;2 809.65;2025.07.18 09:35:01;3 339.27;-0.56;;-54.96;
2025.07.17 20:10:00;Buy;0.08;GOLD;3 340.09;;3 781.44;2025.07.18 09:05:00;3 332.42;-0.56;-3.91;-61.36;
2025.07.17 12:00:01;Sell Stop;0.12;GBPUSD;1.33731;1.34034;1.33131;2025.07.17 21:30:00;1.34082;;;;cancelled
2025.07.17 05:20:00;Sell;0.08;GOLD;3 340.07;;2 899.51;2025.07.17 20:10:00;3 340.09;-0.56;;-0.16;
2025.07.14 17:51:07;Sell;0.01;EURGBP;0.86871;;0.86422;2025.07.17 14:50:47;0.86422;-0.07;0.09;6.01;[tp]
2025.07.14 00:00:20;Sell;0.01;EURGBP;0.86373;;0.86422;2025.07.17 14:50:47;0.86422;-0.07;0.09;-0.65;[tp]
2025.07.16 18:55:23;Buy;0.02;GOLD;3 347.61;;3 556.47;2025.07.17 05:20:00;3 340.07;-0.14;-2.93;-15.08;
2025.07.16 18:25:01;Buy;0.06;GOLD;3 368.49;;3 556.47;2025.07.17 05:20:00;3 340.07;-0.42;-8.80;-170.52;
2025.07.15 18:35:19;Buy;0.09;EURUSD;1.16008;;;2025.07.16 18:30:23;1.17031;-0.63;-0.80;92.07;
2025.07.15 17:08:22;Buy;0.09;EURUSD;1.16300;;;2025.07.16 18:30:23;1.17028;-0.63;-0.80;65.52;
2025.07.15 16:34:05;Buy;0.09;EURUSD;1.16567;;;2025.07.16 18:30:23;1.17032;-0.63;-0.80;41.85;
2025.07.14 00:00:16;Buy;0.07;EURUSD;1.16819;;;2025.07.16 18:30:23;1.17043;-0.49;-1.24;15.68;
2025.07.16 16:38:27;Buy;0.09;EURUSD;1.15735;;;2025.07.16 18:30:20;1.17024;-0.63;;116.01;
2025.07.16 15:50:00;Sell;0.02;GOLD;3 331.21;;3 276.89;2025.07.16 18:25:01;3 368.37;-0.14;;-74.32;
2025.07.16 18:19:49;Sell;0.02;GOLD;3 368.87;;3 276.89;2025.07.16 18:25:00;3 368.19;-0.14;;1.36;
2025.07.16 18:05:30;Sell;0.02;GOLD;3 348.38;;3 276.89;2025.07.16 18:25:00;3 368.25;-0.14;;-39.74;
2025.07.15 12:39:08;Buy;0.48;GBPUSD;1.34546;1.32606;1.34686;2025.07.16 18:18:02;1.34686;-3.36;-1.97;67.20;[tp]
2025.07.16 16:21:50;Sell;0.12;GBPUSD;1.33812;1.33974;1.33212;2025.07.16 16:50:25;1.33675;-0.84;;16.44;
2025.07.16 12:14:23;Sell;0.64;GBPUSD;1.33881;1.36281;1.33741;2025.07.16 16:38:35;1.33741;-4.48;;89.60;[tp]
2025.07.16 12:14:23;Sell;0.48;GBPUSD;1.33882;1.33824;1.33281;2025.07.16 16:22:07;1.33825;-3.36;;27.36;[sl]
2025.07.16 09:35:01;Buy;0.02;GOLD;3 341.28;;3 456.81;2025.07.16 15:50:00;3 331.21;-0.14;;-20.14;
2025.07.16 12:00:01;Buy Stop;0.64;GBPUSD;1.34178;1.31778;1.34318;2025.07.16 12:14:24;1.33884;;;;cancelled
2025.07.16 12:00:01;Buy Stop;0.48;GBPUSD;1.34178;1.31778;1.34778;2025.07.16 12:14:24;1.33884;;;;cancelled
2025.07.15 16:15:00;Sell;0.02;GOLD;3 346.61;;3 231.22;2025.07.16 09:35:00;3 341.45;-0.14;0.28;10.32;
2025.07.15 16:34:03;Sell;0.48;GBPUSD;1.34271;1.34546;1.33671;2025.07.15 16:40:19;1.34089;-3.36;;87.36;
2025.07.15 07:05:00;Buy;0.02;GOLD;3 358.04;;3 366.54;2025.07.15 16:15:00;3 346.64;-0.14;;-22.80;
2025.07.15 12:39:08;Buy;0.36;GBPUSD;1.34546;1.34620;1.35146;2025.07.15 15:30:26;1.34621;-2.52;;27.00;[sl]
2025.07.15 12:00:02;Sell Stop;0.48;GBPUSD;1.34268;1.36668;1.34128;2025.07.15 12:39:08;1.34543;;;;cancelled
2025.07.15 12:00:02;Sell Stop;0.36;GBPUSD;1.34268;1.36668;1.33668;2025.07.15 12:39:08;1.34543;;;;cancelled
2025.07.14 17:52:51;Sell;0.48;GBPUSD;1.34504;1.36903;1.34363;2025.07.14 18:06:38;1.34363;-3.36;;67.68;[tp]
2025.07.14 17:52:51;Sell;0.36;GBPUSD;1.34503;1.34441;1.33903;2025.07.14 18:04:43;1.34441;-2.52;;22.32;[sl]
2025.07.14 12:00:00;Buy Stop;0.48;GBPUSD;1.35051;1.32651;1.35191;2025.07.14 17:52:52;1.34504;;;;cancelled
2025.07.14 12:00:00;Buy Stop;0.36;GBPUSD;1.35051;1.32651;1.35651;2025.07.14 17:52:52;1.34504;;;;cancelled
2025.07.14 16:45:01;Sell;0.02;GOLD;3 357.22;;3 344.09;2025.07.14 17:39:53;3 344.05;-0.14;;26.34;[tp]
2025.07.04 10:54:42;Buy;0.02;GOLD;3 342.76;;3 350.94;2025.07.04 10:54:46;3 342.71;-0.14;;-0.10;
2025.07.04 10:54:40;Buy;0.02;GOLD;3 342.75;;3 350.91;2025.07.04 10:54:41;3 342.63;-0.14;;-0.24;
2025.07.04 07:45:01;Buy;0.02;GOLD;3 341.61;;4 261.38;2025.07.04 10:54:39;3 342.66;-0.14;;2.10;
2025.07.02 16:15:30;Sell;0.01;EURGBP;0.86550;;0.85185;2025.07.04 10:54:38;0.86176;-0.07;0.07;5.11;
2025.07.02 15:06:19;Sell;0.01;EURGBP;0.86049;;0.85185;2025.07.04 10:54:37;0.86176;-0.07;0.07;-1.74;
2025.07.01 12:34:18;Sell;0.07;EURUSD;1.18240;;;2025.07.04 10:54:36;1.17746;-0.49;0.66;34.58;
2025.06.30 23:58:37;Sell;0.04;EURUSD;1.17876;;;2025.07.04 10:54:35;1.17746;-0.28;0.47;5.20;
2025.06.27 17:46:49;Buy;0.04;EURUSD;1.17096;;;2025.07.04 10:54:34;1.17744;-0.28;-2.51;25.92;
2025.06.27 16:01:05;Buy;0.03;EURUSD;1.17527;;;2025.07.04 10:54:33;1.17744;-0.21;-1.88;6.51;
2025.06.27 16:01:04;Sell;0.03;EURUSD;1.17515;;;2025.07.04 10:54:32;1.17746;-0.21;0.41;-6.93;
2025.06.02 00:00:00;Sell;0.01;EURGBP;0.84221;;0.85185;2025.07.04 10:54:30;0.86175;-0.07;0.63;-26.70;
2025.06.11 09:53:20;Sell;0.01;EURGBP;0.84720;;0.85185;2025.07.04 10:54:17;0.86170;-0.07;0.46;-19.81;
2025.07.03 14:50:00;Sell;0.02;GOLD;3 344.63;;2 424.80;2025.07.04 07:45:00;3 341.60;-0.14;0.28;6.06;
2025.07.03 15:30:01;Sell;0.12;GBPUSD;1.36184;1.36763;1.35623;2025.07.03 15:30:23;1.36045;-0.84;;16.68;
2025.07.01 12:28:31;Buy;0.09;USDCHF;0.78853;;0.79698;2025.07.03 15:30:18;0.79706;-0.63;2.52;96.32;[tp]
2025.06.30 20:21:55;Buy;0.08;USDCHF;0.79349;;0.79698;2025.07.03 15:30:18;0.79706;-0.56;2.80;35.83;[tp]
2025.06.26 11:33:29;Buy;0.05;USDCHF;0.79852;;0.79698;2025.07.03 15:30:18;0.79706;-0.35;2.45;-9.16;[tp]
2025.06.26 03:05:43;Buy;0.03;USDCHF;0.80346;;0.79698;2025.07.03 15:30:18;0.79706;-0.21;1.47;-24.09;[tp]
2025.06.24 15:36:37;Buy;0.02;USDCHF;0.80837;;0.79698;2025.07.03 15:30:18;0.79706;-0.14;1.53;-28.38;[tp]
2025.07.02 13:00:00;Buy;0.02;GOLD;3 341.92;;4 261.65;2025.07.03 14:50:00;3 344.64;-0.14;-2.93;5.44;
2025.07.02 12:00:00;Buy Stop;0.16;GBPUSD;1.37534;1.35134;1.37674;2025.07.02 21:00:00;1.36320;;;;cancelled
2025.07.02 12:00:00;Buy Stop;0.12;GBPUSD;1.37534;1.35134;1.38134;2025.07.02 21:00:00;1.36320;;;;cancelled
2025.07.01 13:12:31;Buy;0.16;GBPUSD;1.37880;1.35900;1.37918;2025.07.02 16:19:01;1.35899;-1.12;-0.66;-316.96;[sl]
2025.07.01 13:12:31;Buy;0.12;GBPUSD;1.37880;1.35900;1.38448;2025.07.02 16:19:01;1.35899;-0.84;-0.49;-237.72;[sl]
2025.07.01 15:02:32;Sell;0.01;EURGBP;0.85871;;0.84737;2025.07.02 15:06:19;0.86055;-0.07;0.02;-2.51;
2025.07.01 15:01:25;Buy;0.01;EURGBP;0.85887;;0.86086;2025.07.02 15:01:43;0.86087;-0.07;-0.11;2.73;[tp]
2025.07.02 10:00:00;Sell;0.02;GOLD;3 333.27;;2 499.60;2025.07.02 13:00:00;3 341.92;-0.14;;-17.30;
2025.07.02 06:50:00;Buy;0.02;GOLD;3 341.38;;4 095.17;2025.07.02 10:00:00;3 333.18;-0.14;;-16.40;
2025.07.02 05:20:00;Sell;0.02;GOLD;3 330.10;;2 689.15;2025.07.02 06:50:00;3 341.32;-0.14;;-22.44;
2025.06.30 08:05:02;Buy;0.02;GOLD;3 286.27;;3 926.95;2025.07.02 05:20:00;3 330.08;-0.14;-1.96;87.62;
2025.07.01 13:12:31;Buy;0.12;GBPUSD;1.37880;1.37229;1.38448;2025.07.01 17:00:02;1.37226;-0.84;;-78.48;[sl]
2025.06.30 17:39:10;Sell;0.01;EURGBP;0.85692;;0.84678;2025.07.01 15:02:31;0.85872;-0.07;0.02;-2.47;
2025.06.30 17:39:09;Buy;0.01;EURGBP;0.85696;;0.85895;2025.07.01 15:00:20;0.85895;-0.07;-0.11;2.74;[tp]
2025.07.01 12:00:01;Sell Stop;0.16;GBPUSD;1.37309;1.39709;1.37239;2025.07.01 13:12:31;1.37877;;;;cancelled
2025.07.01 12:00:01;Sell Stop;0.12;GBPUSD;1.37309;1.39709;1.36709;2025.07.01 13:12:31;1.37877;;;;cancelled
2025.06.23 08:37:48;Sell;0.01;EURGBP;0.85740;;0.84694;2025.06.30 17:39:09;0.85694;-0.07;0.13;0.63;
2025.06.24 11:50:25;Buy;0.01;EURGBP;0.85243;;0.85693;2025.06.30 17:39:08;0.85694;-0.07;-0.67;6.18;[tp]
2025.06.23 08:37:47;Buy;0.01;EURGBP;0.85742;;0.85693;2025.06.30 17:39:08;0.85694;-0.07;-0.78;-0.66;[tp]
2025.06.30 12:47:10;Sell;0.01;GBPUSD;1.36917;1.39322;1.36322;2025.06.30 16:36:53;1.36812;-0.07;;1.05;
2025.06.30 12:47:10;Sell;0.01;GBPUSD;1.36917;1.39322;1.36322;2025.06.30 16:36:52;1.36816;-0.07;;1.01;
2025.06.30 12:47:10;Sell;0.01;GBPUSD;1.36917;1.39322;1.36322;2025.06.30 16:36:52;1.36815;-0.07;;1.02;
2025.06.30 12:47:10;Sell;0.01;GBPUSD;1.36917;1.39322;1.36322;2025.06.30 16:36:51;1.36815;-0.07;;1.02;
2025.06.30 12:47:10;Sell;0.01;GBPUSD;1.36917;1.39322;1.36322;2025.06.30 16:36:51;1.36813;-0.07;;1.04;
2025.06.30 12:47:10;Sell;0.01;GBPUSD;1.36917;1.39322;1.36322;2025.06.30 16:36:50;1.36815;-0.07;;1.02;
2025.06.30 12:47:10;Sell;0.01;GBPUSD;1.36917;1.39322;1.36322;2025.06.30 16:36:50;1.36813;-0.07;;1.04;
2025.06.30 12:47:10;Sell;0.12;GBPUSD;1.36917;1.36804;1.36322;2025.06.30 16:36:49;1.36806;-0.84;;13.32;[sl]
2025.06.30 12:47:10;Sell;0.16;GBPUSD;1.36917;1.39322;1.36852;2025.06.30 15:39:26;1.36852;-1.12;;10.40;[tp]
2025.06.30 12:00:02;Buy Stop;0.01;GBPUSD;1.37418;1.35018;1.38018;2025.06.30 12:47:13;1.36919;;;;cancelled
2025.06.30 12:00:03;Buy Stop;0.01;GBPUSD;1.37418;1.35018;1.38018;2025.06.30 12:47:12;1.36917;;;;cancelled
2025.06.30 12:00:02;Buy Stop;0.01;GBPUSD;1.37418;1.35018;1.38018;2025.06.30 12:47:12;1.36917;;;;cancelled
2025.06.30 12:00:06;Buy Stop;0.01;GBPUSD;1.37418;1.35018;1.38018;2025.06.30 12:47:11;1.36917;;;;cancelled
2025.06.30 12:00:05;Buy Stop;0.01;GBPUSD;1.37418;1.35018;1.38018;2025.06.30 12:47:11;1.36917;;;;cancelled
2025.06.30 12:00:04;Buy Stop;0.01;GBPUSD;1.37418;1.35018;1.38018;2025.06.30 12:47:11;1.36917;;;;cancelled
2025.06.30 12:00:07;Buy Stop;0.01;GBPUSD;1.37418;1.35018;1.38018;2025.06.30 12:47:10;1.36917;;;;cancelled
2025.06.30 12:00:01;Buy Stop;0.16;GBPUSD;1.37418;1.35018;1.37488;2025.06.30 12:47:10;1.36917;;;;cancelled
2025.06.30 12:00:01;Buy Stop;0.12;GBPUSD;1.37418;1.35018;1.38018;2025.06.30 12:47:10;1.36917;;;;cancelled
2025.06.26 20:52:11;Sell;0.02;GOLD;3 336.29;;3 109.99;2025.06.30 08:05:01;3 286.32;-0.14;0.56;99.94;
2025.06.26 16:10:02;Sell;0.04;GOLD;3 317.82;;3 109.99;2025.06.30 08:05:01;3 286.27;-0.28;1.12;126.20;
2025.06.27 20:48:43;Sell;0.02;USDCAD;1.37426;;1.37216;2025.06.27 21:25:52;1.37212;-0.14;;3.12;[tp]
2025.06.27 16:30:40;Sell;0.12;GBPUSD;1.37192;1.37507;1.36592;2025.06.27 17:48:04;1.37055;-0.84;;16.44;
2025.06.26 17:42:20;Buy;0.02;USDCAD;1.36349;;1.36548;2025.06.27 13:09:08;1.36548;-0.14;0.01;2.91;[tp]
2025.06.25 20:00:01;Buy;0.02;GOLD;3 334.86;;3 555.51;2025.06.26 16:10:01;3 317.68;-0.14;-2.93;-34.36;
2025.06.26 16:09:50;Buy;0.02;GOLD;3 317.96;;3 555.51;2025.06.26 16:10:00;3 317.81;-0.14;;-0.30;
2025.06.25 19:01:39;Buy;0.12;GBPUSD;1.36347;1.36052;1.36946;2025.06.25 20:52:37;1.36470;-0.84;;14.76;
2025.06.25 13:25:01;Sell;0.02;GOLD;3 325.88;;2 960.29;2025.06.25 20:00:00;3 335.07;-0.14;;-18.38;
2025.06.25 12:17:28;Sell;0.01;GBPUSD;1.36052;1.38452;1.35452;2025.06.25 15:30:10;1.35984;-0.07;;0.68;
2025.06.25 12:17:28;Sell;0.01;GBPUSD;1.36052;1.38452;1.35452;2025.06.25 15:30:10;1.35984;-0.07;;0.68;
2025.06.25 12:17:28;Sell;0.01;GBPUSD;1.36052;1.38452;1.35452;2025.06.25 15:30:09;1.35984;-0.07;;0.68;
2025.06.25 12:17:28;Sell;0.01;GBPUSD;1.36052;1.38452;1.35452;2025.06.25 15:30:09;1.35982;-0.07;;0.70;
2025.06.25 12:17:28;Sell;0.01;GBPUSD;1.36052;1.38452;1.35452;2025.06.25 15:30:08;1.35984;-0.07;;0.68;
2025.06.25 12:17:28;Sell;0.01;GBPUSD;1.36052;1.38452;1.35452;2025.06.25 15:30:08;1.35982;-0.07;;0.70;
2025.06.25 12:17:28;Sell;0.01;GBPUSD;1.36052;1.38452;1.35452;2025.06.25 15:30:08;1.35982;-0.07;;0.70;
2025.06.25 12:17:28;Sell;0.12;GBPUSD;1.36052;1.35976;1.35452;2025.06.25 15:30:07;1.35976;-0.84;;9.12;[sl]
2025.06.25 12:17:28;Sell;0.16;GBPUSD;1.36052;1.38452;1.35982;2025.06.25 15:27:54;1.35979;-1.12;;11.68;[tp]
2025.06.25 04:25:01;Buy;0.02;GOLD;3 329.90;;3 653.61;2025.06.25 13:25:00;3 325.83;-0.14;;-8.14;
2025.06.25 12:00:02;Buy Stop;0.01;GBPUSD;1.36346;1.33946;1.36946;2025.06.25 12:17:31;1.36057;;;;cancelled
2025.06.25 12:00:01;Buy Stop;0.01;GBPUSD;1.36346;1.33946;1.36946;2025.06.25 12:17:31;1.36053;;;;cancelled
2025.06.25 12:00:04;Buy Stop;0.01;GBPUSD;1.36346;1.33946;1.36946;2025.06.25 12:17:30;1.36055;;;;cancelled
2025.06.25 12:00:03;Buy Stop;0.01;GBPUSD;1.36346;1.33946;1.36946;2025.06.25 12:17:30;1.36057;;;;cancelled
2025.06.25 12:00:07;Buy Stop;0.01;GBPUSD;1.36346;1.33946;1.36946;2025.06.25 12:17:29;1.36054;;;;cancelled
2025.06.25 12:00:05;Buy Stop;0.01;GBPUSD;1.36346;1.33946;1.36946;2025.06.25 12:17:29;1.36057;;;;cancelled
2025.06.25 12:00:08;Buy Stop;0.01;GBPUSD;1.36346;1.33946;1.36946;2025.06.25 12:17:28;1.36053;;;;cancelled
2025.06.25 12:00:02;Buy Stop;0.12;GBPUSD;1.36346;1.33946;1.36946;2025.06.25 12:17:28;1.36053;;;;cancelled
2025.06.25 12:00:02;Buy Stop;0.16;GBPUSD;1.36346;1.33946;1.36416;2025.06.25 12:17:28;1.36053;;;;cancelled
2025.06.24 01:30:01;Sell;0.04;GOLD;3 356.30;;3 193.80;2025.06.25 04:25:00;3 329.88;-0.28;0.56;105.68;
2025.06.23 16:45:01;Buy;0.02;GOLD;3 381.61;;3 390.01;2025.06.24 01:30:01;3 356.20;-0.14;-0.98;-50.82;
2025.06.24 01:03:01;Buy;0.02;GOLD;3 361.88;;3 390.01;2025.06.24 01:30:00;3 355.95;-0.14;;-11.86;
2025.06.23 15:38:45;Buy;0.02;GOLD;3 356.16;;3 382.10;2025.06.23 16:44:02;3 382.42;-0.14;;52.52;[tp]
2025.06.23 14:34:27;Buy;0.02;GOLD;3 376.17;;3 382.10;2025.06.23 16:44:02;3 382.49;-0.14;;12.64;[tp]
2025.06.23 13:30:00;Buy;0.02;GOLD;3 367.18;;3 382.08;2025.06.23 14:22:09;3 382.16;-0.14;;29.96;[tp]
2025.06.23 12:04:43;Sell;0.12;GBPUSD;1.34040;1.33919;1.33440;2025.06.23 12:10:22;1.33919;-0.84;;14.52;[sl]
2025.06.23 12:04:43;Sell;0.16;GBPUSD;1.34040;1.36440;1.33970;2025.06.23 12:09:14;1.33968;-1.12;;11.52;[tp]
2025.06.23 12:00:00;Buy Stop;0.16;GBPUSD;1.34499;1.32099;1.34569;2025.06.23 12:04:43;1.34037;;;;cancelled
2025.06.23 12:00:00;Buy Stop;0.12;GBPUSD;1.34499;1.32099;1.35099;2025.06.23 12:04:43;1.34037;;;;cancelled
2025.06.23 09:00:04;Sell Stop;0.01;GBPUSD;1.34040;1.36440;1.33440;2025.06.23 09:28:58;1.34333;;;;cancelled
2025.06.23 09:00:07;Sell Stop;0.01;GBPUSD;1.34040;1.36440;1.33440;2025.06.23 09:28:57;1.34333;;;;cancelled
2025.06.23 09:00:07;Buy Stop;0.01;GBPUSD;1.34425;1.32025;1.35025;2025.06.23 09:28:56;1.34336;;;;cancelled
2025.06.23 09:00:06;Sell Stop;0.01;GBPUSD;1.34040;1.36440;1.33440;2025.06.23 09:28:56;1.34333;;;;cancelled
2025.06.23 09:00:05;Buy Stop;0.01;GBPUSD;1.34425;1.32025;1.35025;2025.06.23 09:28:55;1.34336;;;;cancelled
2025.06.23 09:00:05;Sell Stop;0.01;GBPUSD;1.34040;1.36440;1.33440;2025.06.23 09:28:53;1.34332;;;;cancelled
2025.06.23 09:00:04;Buy Stop;0.01;GBPUSD;1.34425;1.32025;1.35025;2025.06.23 09:28:52;1.34333;;;;cancelled
2025.06.23 09:00:03;Buy Stop;0.01;GBPUSD;1.34425;1.32025;1.35025;2025.06.23 09:28:51;1.34333;;;;cancelled
2025.06.23 09:00:03;Sell Stop;0.01;GBPUSD;1.34040;1.36440;1.33440;2025.06.23 09:28:50;1.34333;;;;cancelled
2025.06.23 09:00:02;Buy Stop;0.01;GBPUSD;1.34425;1.32025;1.35025;2025.06.23 09:28:49;1.34335;;;;cancelled
2025.06.23 09:00:02;Sell Stop;0.01;GBPUSD;1.34040;1.36440;1.33440;2025.06.23 09:28:48;1.34333;;;;cancelled
2025.06.23 09:00:01;Buy Stop;0.01;GBPUSD;1.34425;1.32025;1.35025;2025.06.23 09:28:47;1.34335;;;;cancelled
2025.06.23 09:00:01;Sell Stop;0.01;GBPUSD;1.34040;1.36440;1.33440;2025.06.23 09:28:46;1.34335;;;;cancelled
2025.06.23 09:00:01;Buy Stop;0.01;GBPUSD;1.34425;1.32025;1.35025;2025.06.23 09:28:45;1.34343;;;;cancelled
2025.06.18 04:01:00;Sell;0.01;EURGBP;0.85548;;0.84630;2025.06.23 08:37:47;0.85744;-0.07;0.09;-2.63;
2025.06.23 00:00:00;Buy;0.01;EURGBP;0.85542;;0.85742;2025.06.23 08:37:46;0.85742;-0.07;;2.69;[tp]
2025.06.20 12:10:09;Buy;0.12;GBPUSD;1.34949;1.34613;1.35545;2025.06.20 15:40:15;1.35087;-0.84;;16.56;
2025.06.20 08:00:00;Sell;0.02;GOLD;3 354.20;;3 342.77;2025.06.20 09:00:24;3 342.48;-0.14;;23.44;[tp]
2025.06.19 12:00:00;Sell Stop;0.12;GBPUSD;1.33818;1.34295;1.33218;2025.06.19 21:30:00;1.34577;;;;cancelled
2025.06.17 23:41:55;Sell;0.02;USDCAD;1.36782;;1.36577;2025.06.18 07:56:39;1.36574;-0.14;-0.13;3.05;[tp]
2025.06.17 16:55:41;Sell;0.01;EURGBP;0.85368;;0.84570;2025.06.18 04:00:55;0.85552;-0.07;0.02;-2.47;
2025.06.17 16:55:40;Buy;0.01;EURGBP;0.85370;;0.85569;2025.06.18 03:53:38;0.85571;-0.07;-0.11;2.70;[tp]
2025.06.17 12:00:00;Buy Stop;0.12;GBPUSD;1.35800;1.35470;1.36400;2025.06.17 21:30:00;1.34322;;;;cancelled
2025.06.17 12:00:04;Sell;0.12;GBPUSD;1.35470;1.35378;1.34870;2025.06.17 17:08:47;1.35378;-0.84;;11.04;[sl]
2025.06.17 12:00:04;Sell;0.16;GBPUSD;1.35470;1.37870;1.35400;2025.06.17 17:08:06;1.35396;-1.12;;11.84;[tp]
2025.06.16 10:22:57;Sell;0.01;EURGBP;0.85219;;0.84520;2025.06.17 16:55:41;0.85370;-0.07;0.02;-2.05;
2025.06.16 10:07:02;Buy;0.01;EURGBP;0.85170;;0.85368;2025.06.17 16:55:40;0.85368;-0.07;-0.11;2.69;[tp]
2025.06.17 10:34:50;Sell;0.01;GBPUSD;1.35560;1.37961;1.34961;2025.06.17 12:00:10;1.35489;-0.07;;0.71;
2025.06.17 10:34:50;Sell;0.01;GBPUSD;1.35560;1.37961;1.34961;2025.06.17 12:00:10;1.35486;-0.07;;0.74;
2025.06.17 10:34:50;Sell;0.01;GBPUSD;1.35560;1.37961;1.34961;2025.06.17 12:00:10;1.35488;-0.07;;0.72;
2025.06.17 10:34:50;Sell;0.01;GBPUSD;1.35560;1.37961;1.34961;2025.06.17 12:00:10;1.35491;-0.07;;0.69;
2025.06.17 10:34:50;Sell;0.01;GBPUSD;1.35560;1.37961;1.34961;2025.06.17 12:00:09;1.35492;-0.07;;0.68;
2025.06.17 10:34:50;Sell;0.01;GBPUSD;1.35560;1.37961;1.34961;2025.06.17 12:00:09;1.35490;-0.07;;0.70;
2025.06.17 10:34:50;Sell;0.01;GBPUSD;1.35560;1.37961;1.34961;2025.06.17 12:00:09;1.35493;-0.07;;0.67;
2025.06.17 12:00:00;Buy Stop;0.16;GBPUSD;1.35803;1.33403;1.35873;2025.06.17 12:00:04;1.35473;;;;cancelled
2025.06.17 12:00:00;Buy Stop;0.12;GBPUSD;1.35803;1.33403;1.36403;2025.06.17 12:00:04;1.35473;;;;cancelled
2025.06.17 09:00:02;Buy Stop;0.01;GBPUSD;1.35803;1.33403;1.36403;2025.06.17 10:34:52;1.35562;;;;cancelled
2025.06.17 09:00:02;Buy Stop;0.01;GBPUSD;1.35803;1.33403;1.36403;2025.06.17 10:34:52;1.35562;;;;cancelled
2025.06.17 09:00:01;Buy Stop;0.01;GBPUSD;1.35803;1.33403;1.36403;2025.06.17 10:34:52;1.35562;;;;cancelled
2025.06.17 09:00:00;Buy Stop;0.01;GBPUSD;1.35803;1.33403;1.36403;2025.06.17 10:34:52;1.35562;;;;cancelled
2025.06.17 09:00:04;Buy Stop;0.01;GBPUSD;1.35803;1.33403;1.36403;2025.06.17 10:34:51;1.35559;;;;cancelled
2025.06.17 09:00:03;Buy Stop;0.01;GBPUSD;1.35803;1.33403;1.36403;2025.06.17 10:34:51;1.35561;;;;cancelled
2025.06.17 09:00:03;Buy Stop;0.01;GBPUSD;1.35803;1.33403;1.36403;2025.06.17 10:34:51;1.35562;;;;cancelled
2025.06.09 12:03:38;Buy;0.35;GBPUSD;1.35791;1.34391;1.35860;2025.06.12 03:49:50;1.35861;-2.45;-7.19;24.50;[tp]
2025.06.09 12:03:38;Buy;0.03;GBPUSD;1.35791;1.33390;1.36390;2025.06.11 20:29:32;1.35595;-0.21;-0.24;-5.88;
2025.06.09 12:03:38;Buy;0.03;GBPUSD;1.35791;1.33390;1.36390;2025.06.11 20:29:31;1.35595;-0.21;-0.24;-5.88;
2025.06.09 12:03:38;Buy;0.03;GBPUSD;1.35791;1.33390;1.36390;2025.06.11 20:29:29;1.35595;-0.21;-0.24;-5.88;
2025.06.09 12:03:38;Buy;0.03;GBPUSD;1.35791;1.33390;1.36390;2025.06.11 20:29:28;1.35595;-0.21;-0.24;-5.88;
2025.06.09 12:03:38;Buy;0.03;GBPUSD;1.35791;1.33390;1.36390;2025.06.11 20:29:27;1.35597;-0.21;-0.24;-5.82;
2025.06.09 12:03:38;Buy;0.03;GBPUSD;1.35791;1.33390;1.36390;2025.06.11 20:29:26;1.35597;-0.21;-0.24;-5.82;
2025.06.09 12:03:38;Buy;0.03;GBPUSD;1.35791;1.33390;1.36390;2025.06.11 20:29:25;1.35598;-0.21;-0.24;-5.79;
2025.06.09 12:03:38;Buy;0.27;GBPUSD;1.35791;1.34391;1.36390;2025.06.11 20:29:23;1.35599;-1.89;-2.22;-51.84;
2025.06.10 10:37:06;Buy;0.01;EURGBP;0.84609;;0.84806;2025.06.11 16:17:27;0.84806;-0.07;-0.11;2.66;[tp]
2025.06.11 12:02:16;Buy;0.27;GBPUSD;1.34975;1.34633;1.35572;2025.06.11 15:30:10;1.35265;-1.89;;78.30;
2025.06.11 12:02:16;Buy;0.35;GBPUSD;1.34975;1.32572;1.35112;2025.06.11 15:30:01;1.35128;-2.45;;53.55;[tp]
2025.06.11 12:02:16;Buy;0.03;GBPUSD;1.34975;1.32572;1.35572;2025.06.11 12:40:59;1.35033;-0.21;;1.74;
2025.06.11 12:02:16;Buy;0.03;GBPUSD;1.34975;1.32572;1.35572;2025.06.11 12:40:59;1.35033;-0.21;;1.74;
2025.06.11 12:02:16;Buy;0.03;GBPUSD;1.34975;1.32572;1.35572;2025.06.11 12:40:59;1.35033;-0.21;;1.74;
2025.06.11 12:02:16;Buy;0.03;GBPUSD;1.34975;1.32572;1.35572;2025.06.11 12:40:59;1.35033;-0.21;;1.74;
2025.06.11 12:02:16;Buy;0.03;GBPUSD;1.34975;1.32572;1.35572;2025.06.11 12:40:58;1.35034;-0.21;;1.77;
2025.06.11 12:02:16;Buy;0.03;GBPUSD;1.34975;1.32572;1.35572;2025.06.11 12:40:58;1.35034;-0.21;;1.77;
2025.06.11 12:02:16;Buy;0.27;GBPUSD;1.34975;1.35037;1.35572;2025.06.11 12:40:58;1.35034;-1.89;;15.93;[sl]
2025.06.11 12:02:16;Buy;0.03;GBPUSD;1.34975;1.32572;1.35572;2025.06.11 12:40:58;1.35034;-0.21;;1.77;
2025.06.11 12:00:01;Sell Stop;0.03;GBPUSD;1.34633;1.37033;1.34033;2025.06.11 12:02:18;1.34974;;;;cancelled
2025.06.11 12:00:03;Sell Stop;0.03;GBPUSD;1.34633;1.37033;1.34033;2025.06.11 12:02:17;1.34972;;;;cancelled
2025.06.11 12:00:03;Sell Stop;0.03;GBPUSD;1.34633;1.37033;1.34033;2025.06.11 12:02:17;1.34972;;;;cancelled
2025.06.11 12:00:02;Sell Stop;0.03;GBPUSD;1.34633;1.37033;1.34033;2025.06.11 12:02:17;1.34972;;;;cancelled
2025.06.11 12:00:02;Sell Stop;0.03;GBPUSD;1.34633;1.37033;1.34033;2025.06.11 12:02:17;1.34973;;;;cancelled
2025.06.11 12:00:01;Sell Stop;0.03;GBPUSD;1.34633;1.37033;1.34033;2025.06.11 12:02:17;1.34973;;;;cancelled
2025.06.11 12:00:04;Sell Stop;0.03;GBPUSD;1.34633;1.37033;1.34033;2025.06.11 12:02:16;1.34972;;;;cancelled
2025.06.11 12:00:02;Sell Stop;0.27;GBPUSD;1.34633;1.34972;1.34033;2025.06.11 12:02:16;1.34972;;;;cancelled
2025.06.11 12:00:01;Sell Stop;0.27;GBPUSD;1.34633;1.37033;1.34033;2025.06.11 12:02:16;1.34972;;;;cancelled
2025.06.11 12:00:01;Sell Stop;0.35;GBPUSD;1.34633;1.37033;1.34493;2025.06.11 12:02:16;1.34972;;;;cancelled
2025.06.02 00:00:00;Buy;0.01;EURGBP;0.84405;;0.84605;2025.06.10 10:37:05;0.84605;-0.07;-0.88;2.70;[tp]
2025.06.09 19:33:10;Balance;;;;;;;;;;-13 000.00;
2025.06.09 12:00:01;Sell Stop;0.03;GBPUSD;1.35475;1.37875;1.34875;2025.06.09 12:03:40;1.35790;;;;cancelled
2025.06.09 12:00:01;Sell Stop;0.03;GBPUSD;1.35475;1.37875;1.34875;2025.06.09 12:03:40;1.35790;;;;cancelled
2025.06.09 12:00:00;Sell Stop;0.03;GBPUSD;1.35475;1.37875;1.34875;2025.06.09 12:03:40;1.35790;;;;cancelled
2025.06.09 12:00:03;Sell Stop;0.03;GBPUSD;1.35475;1.37875;1.34875;2025.06.09 12:03:39;1.35791;;;;cancelled
2025.06.09 12:00:03;Sell Stop;0.03;GBPUSD;1.35475;1.37875;1.34875;2025.06.09 12:03:39;1.35791;;;;cancelled
2025.06.09 12:00:02;Sell Stop;0.03;GBPUSD;1.35475;1.37875;1.34875;2025.06.09 12:03:39;1.35791;;;;cancelled
2025.06.09 12:00:02;Sell Stop;0.03;GBPUSD;1.35475;1.37875;1.34875;2025.06.09 12:03:39;1.35791;;;;cancelled
2025.06.09 12:00:00;Sell Stop;0.35;GBPUSD;1.35475;1.37875;1.35405;2025.06.09 12:03:39;1.35791;;;;cancelled
2025.06.09 12:00:00;Sell Stop;0.27;GBPUSD;1.35475;1.37875;1.34875;2025.06.09 12:03:39;1.35791;;;;cancelled
2025.06.06 12:07:32;Sell;0.27;GBPUSD;1.35327;1.35845;1.34734;2025.06.06 16:24:46;1.35137;-1.89;;51.30;
2025.06.06 12:00:00;Buy Stop;0.27;GBPUSD;1.35845;1.35334;1.36445;2025.06.06 12:07:32;1.35328;;;;cancelled
2025.06.05 13:06:23;Buy;1.35;GBPUSD;1.35754;1.35395;1.36353;2025.06.05 15:30:22;1.35917;-9.45;;220.05;
2025.06.04 16:00:22;Buy;1.08;GBPUSD;1.35486;1.34999;1.36068;2025.06.04 17:07:50;1.35623;-7.56;;147.96;
2025.06.04 16:00:12;Buy;0.03;GBPUSD;1.35454;1.33053;1.36053;2025.06.04 17:03:05;1.35523;-0.21;;2.07;
2025.06.04 16:00:12;Buy;0.03;GBPUSD;1.35454;1.33053;1.36053;2025.06.04 17:03:05;1.35523;-0.21;;2.07;
2025.06.04 16:00:12;Buy;0.03;GBPUSD;1.35454;1.33053;1.36053;2025.06.04 17:03:04;1.35517;-0.21;;1.89;
2025.06.04 16:00:12;Buy;0.03;GBPUSD;1.35454;1.33053;1.36053;2025.06.04 17:03:04;1.35517;-0.21;;1.89;
2025.06.04 16:00:12;Buy;0.03;GBPUSD;1.35454;1.33053;1.36053;2025.06.04 17:03:04;1.35515;-0.21;;1.83;
2025.06.04 16:00:12;Buy;0.03;GBPUSD;1.35454;1.33053;1.36053;2025.06.04 17:03:04;1.35520;-0.21;;1.98;
2025.06.04 16:00:12;Buy;0.03;GBPUSD;1.35454;1.33053;1.36053;2025.06.04 17:03:03;1.35514;-0.21;;1.80;
2025.06.04 16:00:12;Buy;0.27;GBPUSD;1.35454;1.35516;1.36053;2025.06.04 17:03:03;1.35513;-1.89;;15.93;[sl]
2025.06.04 16:00:12;Buy;0.35;GBPUSD;1.35454;1.33053;1.35523;2025.06.04 17:02:32;1.35523;-2.45;;24.15;[tp]
2025.06.04 12:00:00;Sell Stop;1.08;GBPUSD;1.34999;1.35468;1.34399;2025.06.04 16:00:22;1.35481;;;;cancelled
2025.06.04 12:00:00;Sell Stop;0.03;GBPUSD;1.34999;1.37399;1.34399;2025.06.04 16:00:14;1.35456;;;;cancelled
2025.06.04 12:00:02;Sell Stop;0.03;GBPUSD;1.34999;1.37399;1.34399;2025.06.04 16:00:13;1.35455;;;;cancelled
2025.06.04 12:00:02;Sell Stop;0.03;GBPUSD;1.34999;1.37399;1.34399;2025.06.04 16:00:13;1.35455;;;;cancelled
2025.06.04 12:00:02;Sell Stop;0.03;GBPUSD;1.34999;1.37399;1.34399;2025.06.04 16:00:13;1.35456;;;;cancelled
2025.06.04 12:00:01;Sell Stop;0.03;GBPUSD;1.34999;1.37399;1.34399;2025.06.04 16:00:13;1.35454;;;;cancelled
2025.06.04 12:00:01;Sell Stop;0.03;GBPUSD;1.34999;1.37399;1.34399;2025.06.04 16:00:13;1.35454;;;;cancelled
2025.06.04 12:00:03;Sell Stop;0.03;GBPUSD;1.34999;1.37399;1.34399;2025.06.04 16:00:12;1.35455;;;;cancelled
2025.06.04 12:00:00;Sell Stop;0.35;GBPUSD;1.34999;1.37399;1.34929;2025.06.04 16:00:12;1.35455;;;;cancelled
2025.06.04 12:00:00;Sell Stop;0.27;GBPUSD;1.34999;1.37399;1.34399;2025.06.04 16:00:12;1.35455;;;;cancelled
2025.06.03 12:00:00;Buy Stop;1.08;GBPUSD;1.35505;1.35108;1.36105;2025.06.03 21:30:00;1.35245;;;;cancelled
2025.06.03 12:01:52;Sell;0.03;GBPUSD;1.35106;1.37508;1.34508;2025.06.03 14:18:59;1.35051;-0.21;;1.65;
2025.06.03 12:01:52;Sell;0.03;GBPUSD;1.35106;1.37508;1.34508;2025.06.03 14:18:58;1.35051;-0.21;;1.65;
2025.06.03 12:01:52;Sell;0.03;GBPUSD;1.35106;1.37508;1.34508;2025.06.03 14:18:58;1.35051;-0.21;;1.65;
2025.06.03 12:01:52;Sell;0.03;GBPUSD;1.35106;1.37508;1.34508;2025.06.03 14:18:58;1.35051;-0.21;;1.65;
2025.06.03 12:01:52;Sell;0.03;GBPUSD;1.35106;1.37508;1.34508;2025.06.03 14:18:58;1.35051;-0.21;;1.65;
2025.06.03 12:01:52;Sell;0.03;GBPUSD;1.35106;1.37508;1.34508;2025.06.03 14:18:57;1.35049;-0.21;;1.71;
2025.06.03 12:01:52;Sell;0.03;GBPUSD;1.35106;1.37508;1.34508;2025.06.03 14:18:57;1.35051;-0.21;;1.65;
2025.06.03 12:01:52;Sell;0.27;GBPUSD;1.35106;1.35054;1.34508;2025.06.03 14:02:17;1.35058;-1.89;;12.96;[sl]
2025.06.03 12:01:52;Sell;0.35;GBPUSD;1.35106;1.37508;1.35038;2025.06.03 14:01:20;1.35037;-2.45;;24.15;[tp]
2025.06.03 12:00:02;Buy Stop;0.03;GBPUSD;1.35386;1.32986;1.35986;2025.06.03 12:01:53;1.35108;;;;cancelled
2025.06.03 12:00:01;Buy Stop;0.03;GBPUSD;1.35386;1.32986;1.35986;2025.06.03 12:01:53;1.35108;;;;cancelled
2025.06.03 12:00:01;Buy Stop;0.03;GBPUSD;1.35386;1.32986;1.35986;2025.06.03 12:01:53;1.35108;;;;cancelled
2025.06.03 12:00:01;Buy Stop;0.03;GBPUSD;1.35386;1.32986;1.35986;2025.06.03 12:01:53;1.35108;;;;cancelled
2025.06.03 12:00:00;Buy Stop;0.03;GBPUSD;1.35386;1.32986;1.35986;2025.06.03 12:01:53;1.35110;;;;cancelled
2025.06.03 12:00:03;Buy Stop;0.03;GBPUSD;1.35386;1.32986;1.35986;2025.06.03 12:01:52;1.35111;;;;cancelled
2025.06.03 12:00:02;Buy Stop;0.03;GBPUSD;1.35386;1.32986;1.35986;2025.06.03 12:01:52;1.35111;;;;cancelled
2025.06.03 12:00:00;Buy Stop;0.35;GBPUSD;1.35386;1.32986;1.35456;2025.06.03 12:01:52;1.35111;;;;cancelled
2025.06.03 12:00:00;Buy Stop;0.27;GBPUSD;1.35386;1.32986;1.35986;2025.06.03 12:01:52;1.35111;;;;cancelled
2025.06.02 10:51:11;Buy;0.02;USDCHF;0.81735;;0.81934;2025.06.03 12:01:52;0.81934;-0.14;0.14;4.86;[tp]
2025.06.02 04:29:49;Buy;0.02;USDCAD;1.37056;;1.37264;2025.06.02 06:29:58;1.37264;-0.14;;3.03;[tp]
2025.05.30 16:56:47;Sell;0.81;GBPUSD;1.34539;1.35117;1.33941;2025.05.30 21:40:47;1.34677;-5.67;;-111.78;
2025.05.29 02:38:12;Buy;0.01;EURGBP;0.83615;;0.84062;2025.05.29 16:00:04;0.84062;-0.07;;6.03;[tp]
2025.05.26 00:00:00;Buy;0.01;EURGBP;0.84108;;0.84062;2025.05.29 16:00:04;0.84062;-0.07;-0.55;-0.62;[tp]
2025.05.29 02:44:42;Sell;0.02;USDCHF;0.83449;;0.83250;2025.05.29 02:54:06;0.83242;-0.14;;4.97;[tp]
2025.05.27 16:04:17;Sell;0.01;EURGBP;0.83845;;0.83645;2025.05.29 02:38:11;0.83624;-0.07;0.07;2.97;[tp]
2025.05.28 16:28:26;Sell;0.81;GBPUSD;1.34600;1.35173;1.34001;2025.05.28 21:12:26;1.34750;-5.67;;-121.50;
2025.05.27 12:00:00;Buy Stop;0.54;GBPUSD;1.35819;1.35210;1.36419;2025.05.27 21:30:00;1.35118;;;;cancelled
2025.05.26 00:00:00;Sell;0.01;EURGBP;0.83945;;0.83745;2025.05.27 14:04:20;0.83745;-0.07;0.02;2.71;[tp]
2025.05.26 00:00:00;Buy;0.02;USDCHF;0.82198;;0.82398;2025.05.27 10:46:48;0.82398;-0.14;0.14;4.85;[tp]
2025.05.23 21:12:15;Buy;0.03;USDCAD;1.37125;;1.37525;2025.05.27 10:27:34;1.37525;-0.21;0.02;8.73;[tp]
2025.05.23 17:13:44;Buy;0.02;USDCAD;1.37625;;1.37525;2025.05.27 10:27:34;1.37525;-0.14;0.02;-1.45;[tp]
2025.05.26 04:54:17;Sell;0.02;NZDCAD;0.82454;;0.82255;2025.05.26 17:35:08;0.82528;-0.14;;-1.08;
2025.05.26 04:48:37;Sell;0.02;EURUSD;1.14034;;1.13734;2025.05.26 15:18:21;1.13729;-0.14;;6.10;[tp]
2025.05.26 03:03:56;Sell;0.02;EURUSD;1.13833;;1.13734;2025.05.26 15:18:21;1.13729;-0.14;;2.08;[tp]
2025.05.20 08:16:04;Sell;0.01;EURGBP;0.84113;;0.83914;2025.05.23 14:52:23;0.83914;-0.07;0.09;2.68;[tp]
2025.05.22 12:00:00;Buy Stop;0.27;GBPUSD;1.34423;1.33875;1.35023;2025.05.22 21:30:00;1.34222;;;;cancelled
2025.05.21 04:01:33;Buy;0.02;USDCHF;0.82563;;0.82762;2025.05.22 15:41:51;0.82779;-0.14;0.40;5.22;[tp]
2025.05.21 18:24:58;Buy;0.02;USDCAD;1.38295;;1.38498;2025.05.21 22:21:32;1.38498;-0.14;;2.93;[tp]
2025.05.21 18:27:24;Sell;0.02;AUDUSD;0.64650;;0.64451;2025.05.21 20:30:40;0.64451;-0.14;;3.98;[tp]
2025.05.20 08:16:04;Buy;0.01;EURGBP;0.84117;;0.84315;2025.05.21 05:12:30;0.84315;-0.07;-0.11;2.66;[tp]
2025.05.20 15:18:14;Sell;0.27;GBPUSD;1.33435;1.33959;1.32837;2025.05.20 20:02:14;1.33714;-1.89;;-75.33;
2025.05.20 15:18:14;Sell;0.03;GBPUSD;1.33435;1.35837;1.32837;2025.05.20 15:23:39;1.33379;-0.21;;1.68;
2025.05.20 15:18:14;Sell;0.03;GBPUSD;1.33435;1.35837;1.32837;2025.05.20 15:23:39;1.33379;-0.21;;1.68;
2025.05.20 15:18:14;Sell;0.03;GBPUSD;1.33435;1.35837;1.32837;2025.05.20 15:23:39;1.33377;-0.21;;1.74;
2025.05.20 15:18:14;Sell;0.03;GBPUSD;1.33435;1.35837;1.32837;2025.05.20 15:23:38;1.33379;-0.21;;1.68;
2025.05.20 15:18:14;Sell;0.03;GBPUSD;1.33435;1.35837;1.32837;2025.05.20 15:23:38;1.33379;-0.21;;1.68;
2025.05.20 15:18:14;Sell;0.03;GBPUSD;1.33435;1.35837;1.32837;2025.05.20 15:23:38;1.33377;-0.21;;1.74;
2025.05.20 15:18:14;Sell;0.03;GBPUSD;1.33435;1.35837;1.32837;2025.05.20 15:23:38;1.33377;-0.21;;1.74;
2025.05.20 15:18:14;Sell;0.27;GBPUSD;1.33435;1.33375;1.32837;2025.05.20 15:23:35;1.33374;-1.89;;16.47;[sl]
2025.05.20 15:18:14;Sell;0.35;GBPUSD;1.33435;1.35837;1.33367;2025.05.20 15:23:05;1.33367;-2.45;;23.80;[tp]
2025.05.20 12:00:00;Buy Stop;0.03;GBPUSD;1.33959;1.31559;1.34559;2025.05.20 15:18:16;1.33435;;;;cancelled
2025.05.20 12:00:00;Buy Stop;0.03;GBPUSD;1.33959;1.31559;1.34559;2025.05.20 15:18:16;1.33433;;;;cancelled
2025.05.20 12:00:03;Buy Stop;0.03;GBPUSD;1.33959;1.31559;1.34559;2025.05.20 15:18:15;1.33433;;;;cancelled
2025.05.20 12:00:02;Buy Stop;0.03;GBPUSD;1.33959;1.31559;1.34559;2025.05.20 15:18:15;1.33435;;;;cancelled
2025.05.20 12:00:02;Buy Stop;0.03;GBPUSD;1.33959;1.31559;1.34559;2025.05.20 15:18:15;1.33435;;;;cancelled
2025.05.20 12:00:01;Buy Stop;0.03;GBPUSD;1.33959;1.31559;1.34559;2025.05.20 15:18:15;1.33435;;;;cancelled
2025.05.20 12:00:01;Buy Stop;0.03;GBPUSD;1.33959;1.31559;1.34559;2025.05.20 15:18:15;1.33435;;;;cancelled
2025.05.20 12:00:00;Buy Stop;0.35;GBPUSD;1.33959;1.31559;1.34029;2025.05.20 15:18:15;1.33433;;;;cancelled
2025.05.20 12:00:00;Buy Stop;0.27;GBPUSD;1.33959;1.31559;1.34559;2025.05.20 15:18:15;1.33433;;;;cancelled
2025.05.16 23:58:52;Buy;0.02;EURGBP;0.84085;;0.84449;2025.05.19 08:59:16;0.84094;-0.14;-0.22;0.24;
2025.05.14 12:22:59;Sell;0.09;EURUSD;1.12592;;;2025.05.19 08:59:13;1.11853;-0.63;0.76;66.51;
2025.05.14 10:54:17;Sell;0.09;EURUSD;1.12146;;;2025.05.19 08:59:12;1.11853;-0.63;0.76;26.37;
2025.05.13 18:23:17;Sell;0.07;EURUSD;1.11739;;;2025.05.19 08:59:11;1.11853;-0.49;0.72;-7.98;
2025.05.13 13:07:21;Buy;0.01;EURGBP;0.84039;;0.84861;2025.05.19 08:59:10;0.84093;-0.07;-0.66;0.72;
2025.05.12 21:05:04;Sell;0.01;EURGBP;0.84080;;0.83881;2025.05.19 08:59:10;0.84097;-0.07;0.13;-0.22;
2025.05.12 16:21:05;Sell;0.04;EURUSD;1.11296;;;2025.05.19 08:59:09;1.11853;-0.28;0.48;-22.28;
2025.05.12 13:40:07;Buy;0.03;EURUSD;1.10814;;;2025.05.19 08:59:08;1.11851;-0.21;-1.75;31.11;
2025.05.12 13:40:06;Sell;0.03;EURUSD;1.10812;;;2025.05.19 08:59:07;1.11853;-0.21;0.35;-31.23;
2025.05.12 10:00:10;Buy;0.02;EURGBP;0.84412;;0.84449;2025.05.19 08:59:07;0.84094;-0.14;-1.53;-8.46;
2025.05.12 00:00:00;Buy;0.01;EURGBP;0.84534;;0.84861;2025.05.19 08:59:06;0.84094;-0.07;-0.77;-5.85;
2025.05.06 14:10:27;Buy;0.01;EURGBP;0.84787;;0.84861;2025.05.19 08:59:05;0.84094;-0.07;-1.43;-9.22;
2025.05.05 06:59:26;Buy;0.01;EURGBP;0.85282;;0.84861;2025.05.19 08:59:04;0.84094;-0.07;-1.54;-15.80;
2025.05.16 12:00:00;Buy Stop;0.27;GBPUSD;1.33299;1.33043;1.33899;2025.05.16 21:30:00;1.32714;;;;cancelled
2025.05.15 12:00:00;Sell Stop;0.27;GBPUSD;1.32615;1.33061;1.32015;2025.05.15 21:30:00;1.32915;;;;cancelled
2025.05.14 17:37:39;Sell;0.27;GBPUSD;1.32891;1.32827;1.32299;2025.05.14 19:41:07;1.32825;-1.89;;17.82;[sl]
2025.05.14 17:37:39;Sell;0.35;GBPUSD;1.32891;1.35299;1.32829;2025.05.14 19:40:44;1.32828;-2.45;;22.05;[tp]
2025.05.14 11:00:19;Sell;0.02;AUDUSD;0.64894;;0.64693;2025.05.14 14:08:57;0.64693;-0.14;;4.02;[tp]
2025.05.14 11:08:14;Sell;0.02;EURUSD;1.12470;;1.12271;2025.05.14 11:14:26;1.12271;-0.14;;3.98;[tp]
2025.05.12 10:25:24;Sell;0.03;USDCHF;0.84277;;0.83871;2025.05.14 04:13:30;0.83871;-0.21;-1.09;14.52;[tp]
2025.05.12 10:01:19;Sell;0.02;USDCHF;0.83763;;0.83871;2025.05.14 04:13:30;0.83871;-0.14;-0.72;-2.58;[tp]
2025.05.13 12:00:02;Sell Stop;0.27;GBPUSD;1.31652;1.32179;1.31052;2025.05.13 21:30:00;1.32982;;;;cancelled
2025.05.13 12:21:47;Buy;0.03;GBPUSD;1.32179;1.29779;1.32779;2025.05.13 15:30:12;1.32298;-0.21;;3.57;
2025.05.13 12:21:47;Buy;0.03;GBPUSD;1.32179;1.29779;1.32779;2025.05.13 15:30:10;1.32309;-0.21;;3.90;
2025.05.13 12:21:47;Buy;0.03;GBPUSD;1.32179;1.29779;1.32779;2025.05.13 15:30:09;1.32312;-0.21;;3.99;
2025.05.13 12:21:47;Buy;0.03;GBPUSD;1.32179;1.29779;1.32779;2025.05.13 15:30:08;1.32330;-0.21;;4.53;
2025.05.13 12:21:47;Buy;0.03;GBPUSD;1.32179;1.29779;1.32779;2025.05.13 15:30:07;1.32329;-0.21;;4.50;
2025.05.13 12:21:47;Buy;0.03;GBPUSD;1.32179;1.29779;1.32779;2025.05.13 15:30:07;1.32293;-0.21;;3.42;
2025.05.13 12:21:47;Buy;0.03;GBPUSD;1.32179;1.29779;1.32779;2025.05.13 15:30:06;1.32289;-0.21;;3.30;
2025.05.13 12:21:47;Buy;0.27;GBPUSD;1.32179;1.32304;1.32779;2025.05.13 15:30:05;1.32288;-1.89;;29.43;[sl]
2025.05.13 12:21:47;Buy;0.35;GBPUSD;1.32179;1.29779;1.32249;2025.05.13 15:30:01;1.32272;-2.45;;32.55;[tp]
2025.05.13 12:00:02;Sell Stop;0.03;GBPUSD;1.31883;1.34283;1.31283;2025.05.13 12:21:52;1.32174;;;;cancelled
2025.05.13 12:00:04;Sell Stop;0.03;GBPUSD;1.31883;1.34283;1.31283;2025.05.13 12:21:51;1.32175;;;;cancelled
2025.05.13 12:00:06;Sell Stop;0.03;GBPUSD;1.31883;1.34283;1.31283;2025.05.13 12:21:50;1.32185;;;;cancelled
2025.05.13 12:00:05;Sell Stop;0.03;GBPUSD;1.31883;1.34283;1.31283;2025.05.13 12:21:50;1.32184;;;;cancelled
2025.05.13 12:00:08;Sell Stop;0.03;GBPUSD;1.31883;1.34283;1.31283;2025.05.13 12:21:49;1.32185;;;;cancelled
2025.05.13 12:00:07;Sell Stop;0.03;GBPUSD;1.31883;1.34283;1.31283;2025.05.13 12:21:49;1.32185;;;;cancelled
2025.05.13 12:00:09;Sell Stop;0.03;GBPUSD;1.31883;1.34283;1.31283;2025.05.13 12:21:48;1.32185;;;;cancelled
2025.05.13 12:00:02;Sell Stop;0.35;GBPUSD;1.31883;1.34283;1.31813;2025.05.13 12:21:48;1.32185;;;;cancelled
2025.05.13 12:00:02;Sell Stop;0.27;GBPUSD;1.31883;1.34283;1.31283;2025.05.13 12:21:48;1.32185;;;;cancelled
2025.05.13 00:00:01;Buy;0.01;EURGBP;0.84256;;0.84915;2025.05.13 00:02:12;0.84073;-0.07;;-2.41;
2025.05.12 00:00:00;Sell;0.01;EURGBP;0.84280;;0.84080;2025.05.12 21:05:03;0.84080;-0.07;;2.64;[tp]
2025.05.12 11:14:17;Buy;0.07;EURUSD;1.10904;;1.11452;2025.05.12 11:57:47;1.11453;-0.49;;38.43;[tp]
2025.05.12 10:43:44;Buy;0.05;EURUSD;1.11105;;1.11452;2025.05.12 11:57:47;1.11453;-0.35;;17.40;[tp]
2025.05.12 10:27:46;Buy;0.04;EURUSD;1.11303;;1.11452;2025.05.12 11:57:47;1.11453;-0.28;;6.00;[tp]
2025.05.12 10:20:37;Buy;0.03;EURUSD;1.11502;;1.11452;2025.05.12 11:57:47;1.11453;-0.21;;-1.47;[tp]
2025.05.12 10:13:10;Buy;0.02;EURUSD;1.11704;;1.11452;2025.05.12 11:57:47;1.11453;-0.14;;-5.02;[tp]
2025.05.12 10:00:41;Buy;0.02;EURUSD;1.11907;;1.11452;2025.05.12 11:57:47;1.11453;-0.14;;-9.08;[tp]
2025.05.08 20:43:46;Sell;0.02;USDCAD;1.39328;;1.39128;2025.05.09 10:43:50;1.39128;-0.14;-0.12;2.88;[tp]
2025.05.08 22:22:31;Sell;0.02;USDCHF;0.83276;;0.83080;2025.05.09 09:14:43;0.83080;-0.14;-0.37;4.72;[tp]
2025.05.08 20:29:34;Buy;0.02;EURUSD;1.12151;;1.12352;2025.05.09 08:57:33;1.12352;-0.14;-0.17;4.02;[tp]
2025.05.07 11:43:30;Sell;0.01;EURGBP;0.85168;;0.84716;2025.05.08 18:41:59;0.84716;-0.07;0.05;6.01;[tp]
2025.05.06 15:45:17;Sell;0.01;EURGBP;0.84664;;0.84716;2025.05.08 18:41:59;0.84716;-0.07;0.07;-0.69;[tp]
2025.04.28 09:44:10;Buy;0.03;USDCAD;1.38776;;;2025.05.08 17:57:05;1.39009;-0.21;0.12;5.03;
2025.04.29 05:19:09;Buy;0.07;USDCAD;1.38107;;;2025.05.08 17:57:04;1.39013;-0.49;0.24;45.62;
2025.04.28 16:43:55;Buy;0.04;USDCAD;1.38438;;;2025.05.08 17:57:04;1.39012;-0.28;0.14;16.52;
2025.04.30 22:53:38;Buy;0.09;USDCAD;1.37702;;;2025.05.08 17:57:03;1.39015;-0.63;0.30;85.01;
2025.05.08 12:30:58;Sell;0.27;GBPUSD;1.32659;1.33379;1.32059;2025.05.08 14:02:08;1.32584;-1.89;;20.25;
2025.05.07 14:07:30;Buy;0.54;GBPUSD;1.33559;1.33322;1.34156;2025.05.07 16:24:43;1.33691;-3.78;;71.28;
2025.05.07 12:08:08;Sell;0.03;GBPUSD;1.33320;1.35722;1.32722;2025.05.07 12:24:27;1.33246;-0.21;;2.22;
2025.05.07 12:08:08;Sell;0.03;GBPUSD;1.33320;1.35722;1.32722;2025.05.07 12:24:27;1.33244;-0.21;;2.28;
2025.05.07 12:08:08;Sell;0.03;GBPUSD;1.33320;1.35722;1.32722;2025.05.07 12:24:26;1.33252;-0.21;;2.04;
2025.05.07 12:08:08;Sell;0.03;GBPUSD;1.33320;1.35722;1.32722;2025.05.07 12:24:26;1.33250;-0.21;;2.10;
2025.05.07 12:08:08;Sell;0.03;GBPUSD;1.33320;1.35722;1.32722;2025.05.07 12:24:25;1.33252;-0.21;;2.04;
2025.05.07 12:08:08;Sell;0.03;GBPUSD;1.33320;1.35722;1.32722;2025.05.07 12:24:25;1.33251;-0.21;;2.07;
2025.05.07 12:08:08;Sell;0.03;GBPUSD;1.33320;1.35722;1.32722;2025.05.07 12:24:25;1.33249;-0.21;;2.13;
2025.05.07 12:08:08;Sell;0.27;GBPUSD;1.33320;1.33249;1.32722;2025.05.07 12:24:24;1.33251;-1.89;;18.63;[sl]
2025.05.07 12:08:08;Sell;0.35;GBPUSD;1.33320;1.35722;1.33252;2025.05.07 12:19:22;1.33251;-2.45;;24.15;[tp]
2025.05.07 12:00:02;Buy Stop;0.03;GBPUSD;1.33683;1.31283;1.34283;2025.05.07 12:08:12;1.33321;;;;cancelled
2025.05.07 12:00:01;Buy Stop;0.03;GBPUSD;1.33683;1.31283;1.34283;2025.05.07 12:08:12;1.33323;;;;cancelled
2025.05.07 12:00:03;Buy Stop;0.03;GBPUSD;1.33683;1.31283;1.34283;2025.05.07 12:08:11;1.33320;;;;cancelled
2025.05.07 12:00:03;Buy Stop;0.03;GBPUSD;1.33683;1.31283;1.34283;2025.05.07 12:08:11;1.33323;;;;cancelled
2025.05.07 12:00:05;Buy Stop;0.03;GBPUSD;1.33683;1.31283;1.34283;2025.05.07 12:08:10;1.33322;;;;cancelled
2025.05.07 12:00:04;Buy Stop;0.03;GBPUSD;1.33683;1.31283;1.34283;2025.05.07 12:08:10;1.33322;;;;cancelled
2025.05.07 12:00:07;Buy Stop;0.03;GBPUSD;1.33683;1.31283;1.34283;2025.05.07 12:08:09;1.33320;;;;cancelled
2025.05.07 12:00:01;Buy Stop;0.35;GBPUSD;1.33683;1.31283;1.33753;2025.05.07 12:08:09;1.33320;;;;cancelled
2025.05.07 12:00:01;Buy Stop;0.27;GBPUSD;1.33683;1.31283;1.34283;2025.05.07 12:08:09;1.33320;;;;cancelled
2025.05.06 15:59:21;Buy;0.02;USDJPY;142.496;;142.695;2025.05.06 16:12:59;142.696;-0.14;;2.80;[tp]
2025.05.06 13:38:35;Sell;0.01;EURGBP;0.84866;;0.84666;2025.05.06 15:45:16;0.84666;-0.07;;2.68;[tp]
2025.05.06 13:31:53;Buy;0.27;GBPUSD;1.33350;1.32591;1.33948;2025.05.06 13:57:16;1.33474;-1.89;;33.48;
2025.05.06 13:31:53;Buy;0.03;GBPUSD;1.33350;1.30948;1.33948;2025.05.06 13:51:16;1.33405;-0.21;;1.65;
2025.05.06 13:31:53;Buy;0.03;GBPUSD;1.33350;1.30948;1.33948;2025.05.06 13:51:15;1.33405;-0.21;;1.65;
2025.05.06 13:31:53;Buy;0.03;GBPUSD;1.33350;1.30948;1.33948;2025.05.06 13:51:15;1.33401;-0.21;;1.53;
2025.05.06 13:31:53;Buy;0.03;GBPUSD;1.33350;1.30948;1.33948;2025.05.06 13:51:14;1.33401;-0.21;;1.53;
2025.05.06 13:31:53;Buy;0.03;GBPUSD;1.33350;1.30948;1.33948;2025.05.06 13:51:14;1.33402;-0.21;;1.56;
2025.05.06 13:31:53;Buy;0.03;GBPUSD;1.33350;1.30948;1.33948;2025.05.06 13:51:13;1.33401;-0.21;;1.53;
2025.05.06 13:31:53;Buy;0.03;GBPUSD;1.33350;1.30948;1.33948;2025.05.06 13:51:13;1.33400;-0.21;;1.50;
2025.05.06 13:31:53;Buy;0.27;GBPUSD;1.33350;1.33400;1.33948;2025.05.06 13:51:13;1.33400;-1.89;;13.50;[sl]
2025.05.06 13:31:53;Buy;0.35;GBPUSD;1.33350;1.30948;1.33418;2025.05.06 13:50:35;1.33418;-2.45;;23.80;[tp]
2025.05.06 03:10:18;Sell;0.01;EURGBP;0.85069;;0.84871;2025.05.06 13:38:35;0.84870;-0.07;;2.65;[tp]
2025.05.06 12:00:02;Sell Stop;0.03;GBPUSD;1.32844;1.35244;1.32244;2025.05.06 13:31:57;1.33351;;;;cancelled
2025.05.06 12:00:02;Sell Stop;0.03;GBPUSD;1.32844;1.35244;1.32244;2025.05.06 13:31:57;1.33351;;;;cancelled
2025.05.06 12:00:04;Sell Stop;0.03;GBPUSD;1.32844;1.35244;1.32244;2025.05.06 13:31:56;1.33352;;;;cancelled
2025.05.06 12:00:07;Sell Stop;0.03;GBPUSD;1.32844;1.35244;1.32244;2025.05.06 13:31:55;1.33351;;;;cancelled
2025.05.06 12:00:06;Sell Stop;0.03;GBPUSD;1.32844;1.35244;1.32244;2025.05.06 13:31:55;1.33351;;;;cancelled
2025.05.06 12:00:05;Sell Stop;0.03;GBPUSD;1.32844;1.35244;1.32244;2025.05.06 13:31:55;1.33351;;;;cancelled
2025.05.06 12:00:09;Sell Stop;0.03;GBPUSD;1.32844;1.35244;1.32244;2025.05.06 13:31:54;1.33352;;;;cancelled
2025.05.06 12:00:02;Sell Stop;0.35;GBPUSD;1.32844;1.35244;1.32774;2025.05.06 13:31:54;1.33352;;;;cancelled
2025.05.06 12:00:02;Sell Stop;0.27;GBPUSD;1.32844;1.35244;1.32244;2025.05.06 13:31:54;1.33352;;;;cancelled
2025.05.06 12:00:01;Sell Stop;0.27;GBPUSD;1.32591;1.33348;1.31991;2025.05.06 13:31:54;1.33352;;;;cancelled
2025.05.05 06:59:26;Sell;0.01;EURGBP;0.85277;;0.85077;2025.05.06 03:10:17;0.85076;-0.07;0.02;2.68;[tp]
2025.05.05 13:23:44;Buy;0.03;GBPUSD;1.33079;1.30679;1.33679;2025.05.05 14:13:18;1.33227;-0.21;;4.44;
2025.05.05 13:23:44;Buy;0.03;GBPUSD;1.33079;1.30679;1.33679;2025.05.05 14:13:18;1.33227;-0.21;;4.44;
2025.05.05 13:23:44;Buy;0.03;GBPUSD;1.33079;1.30679;1.33679;2025.05.05 14:13:17;1.33228;-0.21;;4.47;
2025.05.05 13:23:44;Buy;0.03;GBPUSD;1.33079;1.30679;1.33679;2025.05.05 14:13:17;1.33227;-0.21;;4.44;
2025.05.05 13:23:44;Buy;0.03;GBPUSD;1.33079;1.30679;1.33679;2025.05.05 14:13:16;1.33227;-0.21;;4.44;
2025.05.05 13:23:44;Buy;0.03;GBPUSD;1.33079;1.30679;1.33679;2025.05.05 14:13:16;1.33226;-0.21;;4.41;
2025.05.05 13:23:44;Buy;0.03;GBPUSD;1.33079;1.30679;1.33679;2025.05.05 14:13:15;1.33227;-0.21;;4.44;
2025.05.05 13:23:44;Buy;0.27;GBPUSD;1.33079;1.33231;1.33679;2025.05.05 14:13:15;1.33227;-1.89;;39.96;[sl]
2025.05.05 13:23:44;Buy;0.35;GBPUSD;1.33079;1.30679;1.33149;2025.05.05 14:08:09;1.33149;-2.45;;24.50;[tp]
2025.05.05 12:00:03;Sell Stop;0.03;GBPUSD;1.32745;1.35145;1.32145;2025.05.05 13:23:47;1.33076;;;;cancelled
2025.05.05 12:00:02;Sell Stop;0.03;GBPUSD;1.32745;1.35145;1.32145;2025.05.05 13:23:47;1.33075;;;;cancelled
2025.05.05 12:00:05;Sell Stop;0.03;GBPUSD;1.32745;1.35145;1.32145;2025.05.05 13:23:46;1.33076;;;;cancelled
2025.05.05 12:00:04;Sell Stop;0.03;GBPUSD;1.32745;1.35145;1.32145;2025.05.05 13:23:46;1.33076;;;;cancelled
2025.05.05 12:00:09;Sell Stop;0.03;GBPUSD;1.32745;1.35145;1.32145;2025.05.05 13:23:45;1.33076;;;;cancelled
2025.05.05 12:00:08;Sell Stop;0.03;GBPUSD;1.32745;1.35145;1.32145;2025.05.05 13:23:45;1.33076;;;;cancelled
2025.05.05 12:00:06;Sell Stop;0.03;GBPUSD;1.32745;1.35145;1.32145;2025.05.05 13:23:45;1.33076;;;;cancelled
2025.05.05 12:00:01;Sell Stop;0.27;GBPUSD;1.32562;1.34962;1.31962;2025.05.05 13:23:45;1.33076;;;;cancelled
2025.05.05 12:00:01;Sell Stop;0.35;GBPUSD;1.32562;1.34962;1.32492;2025.05.05 13:23:45;1.33076;;;;cancelled
2025.05.02 15:30:02;Sell;0.27;GBPUSD;1.32605;1.33413;1.32083;2025.05.02 20:14:02;1.32780;-1.89;;-47.25;
2025.05.02 12:00:00;Buy Stop;0.27;GBPUSD;1.33413;1.32683;1.34013;2025.05.02 15:30:02;1.32645;;;;cancelled
2025.05.01 18:41:40;Sell;0.27;GBPUSD;1.32777;1.33533;1.32178;2025.05.01 19:04:21;1.32636;-1.89;;38.07;
2025.04.28 21:09:38;Sell;0.01;EURGBP;0.85019;;0.84820;2025.05.01 17:10:51;0.84820;-0.07;0.09;2.65;[tp]
2025.04.28 21:09:38;Buy;0.01;EURGBP;0.85023;;0.85221;2025.04.30 16:26:45;0.85232;-0.07;-0.22;2.79;[tp]
2025.04.30 12:54:15;Sell;0.27;GBPUSD;1.33615;1.34027;1.33018;2025.04.30 15:31:52;1.33481;-1.89;;36.18;
2025.04.30 12:54:15;Sell;0.03;GBPUSD;1.33615;1.36018;1.33018;2025.04.30 15:04:33;1.33562;-0.21;;1.59;
2025.04.30 12:54:15;Sell;0.03;GBPUSD;1.33615;1.36018;1.33018;2025.04.30 15:04:32;1.33557;-0.21;;1.74;
2025.04.30 12:54:15;Sell;0.03;GBPUSD;1.33615;1.36018;1.33018;2025.04.30 15:04:31;1.33557;-0.21;;1.74;
2025.04.30 12:54:15;Sell;0.03;GBPUSD;1.33615;1.36018;1.33018;2025.04.30 15:04:31;1.33556;-0.21;;1.77;
2025.04.30 12:54:15;Sell;0.03;GBPUSD;1.33615;1.36018;1.33018;2025.04.30 15:04:30;1.33553;-0.21;;1.86;
2025.04.30 12:54:15;Sell;0.03;GBPUSD;1.33615;1.36018;1.33018;2025.04.30 15:04:30;1.33554;-0.21;;1.83;
2025.04.30 12:54:15;Sell;0.03;GBPUSD;1.33615;1.36018;1.33018;2025.04.30 15:04:29;1.33556;-0.21;;1.77;
2025.04.30 12:54:15;Sell;0.27;GBPUSD;1.33615;1.33548;1.33018;2025.04.30 15:04:28;1.33552;-1.89;;17.01;[sl]
2025.04.28 17:21:07;Buy;0.02;EURGBP;0.84959;;0.85159;2025.04.30 14:45:27;0.85161;-0.14;-0.44;5.39;[tp]
2025.04.30 12:54:15;Sell;0.35;GBPUSD;1.33615;1.36018;1.33548;2025.04.30 14:07:18;1.33547;-2.45;;23.80;[tp]
2025.04.30 12:00:01;Buy Stop;0.03;GBPUSD;1.34074;1.31674;1.34674;2025.04.30 12:54:22;1.33599;;;;cancelled
2025.04.30 12:00:02;Buy Stop;0.03;GBPUSD;1.34074;1.31674;1.34674;2025.04.30 12:54:21;1.33602;;;;cancelled
2025.04.30 12:00:03;Buy Stop;0.03;GBPUSD;1.34074;1.31674;1.34674;2025.04.30 12:54:20;1.33605;;;;cancelled
2025.04.30 12:00:05;Buy Stop;0.03;GBPUSD;1.34074;1.31674;1.34674;2025.04.30 12:54:19;1.33608;;;;cancelled
2025.04.30 12:00:04;Buy Stop;0.03;GBPUSD;1.34074;1.31674;1.34674;2025.04.30 12:54:19;1.33608;;;;cancelled
2025.04.30 12:00:08;Buy Stop;0.03;GBPUSD;1.34074;1.31674;1.34674;2025.04.30 12:54:18;1.33606;;;;cancelled
2025.04.30 12:00:06;Buy Stop;0.03;GBPUSD;1.34074;1.31674;1.34674;2025.04.30 12:54:18;1.33606;;;;cancelled
2025.04.30 12:00:01;Buy Stop;0.35;GBPUSD;1.34074;1.31674;1.34144;2025.04.30 12:54:18;1.33606;;;;cancelled
2025.04.30 12:00:01;Buy Stop;0.27;GBPUSD;1.34074;1.31674;1.34674;2025.04.30 12:54:18;1.33606;;;;cancelled
2025.04.29 12:00:00;Buy Stop;0.27;GBPUSD;1.34432;1.33927;1.35032;2025.04.29 21:30:00;1.33964;;;;cancelled
2025.04.29 13:13:08;Sell;0.03;GBPUSD;1.33927;1.36327;1.33327;2025.04.29 13:19:03;1.33873;-0.21;;1.62;
2025.04.29 13:13:08;Sell;0.03;GBPUSD;1.33927;1.36327;1.33327;2025.04.29 13:19:03;1.33875;-0.21;;1.56;
2025.04.29 13:13:08;Sell;0.03;GBPUSD;1.33927;1.36327;1.33327;2025.04.29 13:19:02;1.33874;-0.21;;1.59;
2025.04.29 13:13:08;Sell;0.03;GBPUSD;1.33927;1.36327;1.33327;2025.04.29 13:19:02;1.33876;-0.21;;1.53;
2025.04.29 13:13:08;Sell;0.03;GBPUSD;1.33927;1.36327;1.33327;2025.04.29 13:19:01;1.33874;-0.21;;1.59;
2025.04.29 13:13:08;Sell;0.03;GBPUSD;1.33927;1.36327;1.33327;2025.04.29 13:19:00;1.33866;-0.21;;1.83;
2025.04.29 13:13:08;Sell;0.03;GBPUSD;1.33927;1.36327;1.33327;2025.04.29 13:19:00;1.33864;-0.21;;1.89;
2025.04.29 13:13:08;Sell;0.27;GBPUSD;1.33927;1.33863;1.33327;2025.04.29 13:18:59;1.33866;-1.89;;16.47;[sl]
2025.04.29 13:13:08;Sell;0.35;GBPUSD;1.33927;1.36327;1.33857;2025.04.29 13:17:52;1.33857;-2.45;;24.50;[tp]
2025.04.29 12:00:00;Buy Stop;0.03;GBPUSD;1.34432;1.32032;1.35032;2025.04.29 13:13:12;1.33930;;;;cancelled
2025.04.29 12:00:05;Buy Stop;0.03;GBPUSD;1.34432;1.32032;1.35032;2025.04.29 13:13:11;1.33932;;;;cancelled
2025.04.29 12:00:03;Buy Stop;0.03;GBPUSD;1.34432;1.32032;1.35032;2025.04.29 13:13:11;1.33932;;;;cancelled
2025.04.29 12:00:08;Buy Stop;0.03;GBPUSD;1.34432;1.32032;1.35032;2025.04.29 13:13:10;1.33930;;;;cancelled
2025.04.29 12:00:07;Buy Stop;0.03;GBPUSD;1.34432;1.32032;1.35032;2025.04.29 13:13:10;1.33930;;;;cancelled
2025.04.29 12:00:06;Buy Stop;0.03;GBPUSD;1.34432;1.32032;1.35032;2025.04.29 13:13:10;1.33932;;;;cancelled
2025.04.29 12:00:09;Buy Stop;0.03;GBPUSD;1.34432;1.32032;1.35032;2025.04.29 13:13:09;1.33932;;;;cancelled
2025.04.29 12:00:00;Buy Stop;0.35;GBPUSD;1.34432;1.32032;1.34502;2025.04.29 13:13:09;1.33932;;;;cancelled
2025.04.29 12:00:00;Buy Stop;0.27;GBPUSD;1.34432;1.32032;1.35032;2025.04.29 13:13:09;1.33932;;;;cancelled
2025.04.28 22:05:25;Buy;0.02;USDJPY;142.063;;142.265;2025.04.29 02:11:45;142.272;-0.14;0.10;2.94;[tp]
2025.04.28 22:05:25;Buy;0.02;USDJPY;142.063;;142.265;2025.04.29 02:11:45;142.272;-0.14;0.10;2.94;[tp]
2025.04.28 12:00:00;Sell Stop;0.35;GBPUSD;1.32871;1.35271;1.32801;2025.04.28 21:00:00;1.34116;;;;cancelled
2025.04.28 12:00:00;Sell Stop;0.27;GBPUSD;1.32871;1.35271;1.32271;2025.04.28 21:00:00;1.34116;;;;cancelled
2025.04.28 12:01:58;Buy;0.03;GBPUSD;1.33350;1.30948;1.33948;2025.04.28 12:08:03;1.33411;-0.21;;1.83;
2025.04.28 12:01:58;Buy;0.03;GBPUSD;1.33348;1.30948;1.33948;2025.04.28 12:08:03;1.33412;-0.21;;1.92;
2025.04.28 12:01:58;Buy;0.03;GBPUSD;1.33350;1.30948;1.33948;2025.04.28 12:08:02;1.33405;-0.21;;1.65;
2025.04.28 12:01:58;Buy;0.03;GBPUSD;1.33348;1.30948;1.33948;2025.04.28 12:08:02;1.33406;-0.21;;1.74;
2025.04.28 12:01:58;Buy;0.03;GBPUSD;1.33348;1.30948;1.33948;2025.04.28 12:08:01;1.33405;-0.21;;1.71;
2025.04.28 12:01:58;Buy;0.03;GBPUSD;1.33348;1.30948;1.33948;2025.04.28 12:08:01;1.33406;-0.21;;1.74;
2025.04.28 12:01:58;Buy;0.03;GBPUSD;1.33348;1.30948;1.33948;2025.04.28 12:08:01;1.33405;-0.21;;1.71;
2025.04.28 12:00:02;Sell Stop;0.03;GBPUSD;1.32871;1.35271;1.32271;2025.04.28 12:02:02;1.33353;;;;cancelled
2025.04.28 12:00:04;Sell Stop;0.03;GBPUSD;1.32871;1.35271;1.32271;2025.04.28 12:02:01;1.33357;;;;cancelled
2025.04.28 12:00:03;Sell Stop;0.03;GBPUSD;1.32871;1.35271;1.32271;2025.04.28 12:02:01;1.33357;;;;cancelled
2025.04.28 12:00:05;Sell Stop;0.03;GBPUSD;1.32871;1.35271;1.32271;2025.04.28 12:02:00;1.33346;;;;cancelled
2025.04.28 12:00:07;Sell Stop;0.03;GBPUSD;1.32871;1.35271;1.32271;2025.04.28 12:01:59;1.33346;;;;cancelled
2025.04.28 12:00:06;Sell Stop;0.03;GBPUSD;1.32871;1.35271;1.32271;2025.04.28 12:01:59;1.33346;;;;cancelled
2025.04.28 12:00:09;Sell Stop;0.03;GBPUSD;1.32871;1.35271;1.32271;2025.04.28 12:01:58;1.33346;;;;cancelled
2025.04.28 09:09:06;Buy;0.01;EURGBP;0.85400;;0.85598;2025.04.28 09:09:37;0.85392;-0.07;;-0.10;
2025.04.28 09:09:05;Sell;0.01;EURGBP;0.85396;;0.85196;2025.04.28 09:09:36;0.85393;-0.07;;0.04;
2025.04.24 08:56:28;Sell;0.03;AUDUSD;0.63489;;;2025.04.25 11:43:13;0.63869;-0.21;-0.03;-11.40;
2025.04.24 11:00:21;Sell;0.04;AUDUSD;0.63855;;;2025.04.25 11:43:12;0.63868;-0.28;-0.04;-0.52;
2025.04.25 06:21:55;Sell;0.07;AUDUSD;0.64190;;;2025.04.25 11:43:10;0.63870;-0.49;;22.40;
2025.04.24 12:00:00;Sell Stop;0.27;GBPUSD;1.32636;1.33107;1.32036;2025.04.24 21:30:00;1.33163;;;;cancelled
2025.04.24 14:58:13;Balance;;;;;;;;;;-10 000.00;
2025.04.23 20:48:00;Buy;0.01;EURGBP;0.85404;;0.85602;2025.04.23 20:48:05;0.85398;-0.07;;-0.08;
2025.04.22 00:06:43;Buy;0.01;EURGBP;0.86097;;0.85951;2025.04.23 20:48:01;0.85402;-0.07;-0.11;-9.22;
2025.04.23 00:00:00;Buy;0.01;EURGBP;0.85811;;0.85940;2025.04.23 20:48:00;0.85400;-0.07;;-5.45;
2025.04.23 16:59:58;Buy;0.01;EURGBP;0.85311;;0.85940;2025.04.23 20:47:59;0.85401;-0.07;;1.20;
2025.03.26 21:27:11;Buy;0.04;EURUSD;1.07473;;;2025.04.23 20:47:57;1.13328;-0.28;-9.28;234.20;
2025.04.03 13:12:32;Sell;0.09;EURUSD;1.10901;;;2025.04.23 20:47:56;1.13326;-0.63;2.72;-218.25;
2025.04.03 09:50:44;Sell;0.09;EURUSD;1.09883;;;2025.04.23 20:47:56;1.13326;-0.63;2.72;-309.87;
2025.04.09 04:00:00;Sell;0.03;EURUSD;1.10153;;;2025.04.23 20:47:55;1.13326;-0.21;0.70;-95.19;
2025.04.09 09:53:40;Sell;0.04;EURUSD;1.10766;;;2025.04.23 20:47:54;1.13327;-0.28;0.96;-102.44;
2025.04.09 04:00:00;Buy;0.03;EURUSD;1.10157;;;2025.04.23 20:47:54;1.13324;-0.21;-3.50;95.01;
2025.04.09 20:26:32;Buy;0.04;EURUSD;1.09475;;;2025.04.23 20:47:53;1.13324;-0.28;-4.64;153.96;
2025.04.10 18:42:51;Sell;0.09;EURUSD;1.12284;;;2025.04.23 20:47:52;1.13327;-0.63;1.66;-93.87;
2025.04.10 17:38:50;Sell;0.07;EURUSD;1.11485;;;2025.04.23 20:47:52;1.13327;-0.49;1.32;-128.94;
2025.04.11 03:32:15;Sell;0.09;EURUSD;1.13148;;;2025.04.23 20:47:51;1.13328;-0.63;1.51;-16.20;
2025.04.21 02:32:47;Sell;0.09;EURUSD;1.14452;;;2025.04.23 20:47:49;1.13327;-0.63;0.30;101.25;
2025.04.11 11:02:42;Sell;0.09;EURUSD;1.14132;;;2025.04.23 20:47:49;1.13328;-0.63;1.51;72.36;
2025.04.21 03:34:14;Sell;0.09;EURUSD;1.14815;;;2025.04.23 20:47:48;1.13327;-0.63;0.30;133.92;
2025.04.21 05:28:13;Sell;0.09;EURUSD;1.15144;;;2025.04.23 20:47:47;1.13328;-0.63;0.30;163.44;
2025.04.21 10:57:42;Sell;0.09;EURUSD;1.15568;;;2025.04.23 20:47:46;1.13322;-0.63;0.30;202.14;
2025.04.23 16:50:52;Sell;0.81;GBPUSD;1.32855;1.33292;1.32258;2025.04.23 17:36:33;1.32722;-5.67;;107.73;
2025.04.23 16:59:54;Buy;0.01;EURGBP;0.85313;;0.85940;2025.04.23 16:59:57;0.85319;-0.07;;0.08;
2025.04.16 17:03:21;Sell;0.01;EURGBP;0.85797;;0.85347;2025.04.23 16:59:39;0.85340;-0.07;0.13;6.07;[tp]
2025.04.15 21:56:29;Sell;0.01;EURGBP;0.85297;;0.85347;2025.04.23 16:59:39;0.85340;-0.07;0.15;-0.58;[tp]
2025.04.23 12:13:11;Buy;0.03;GBPUSD;1.33296;1.30892;1.33892;2025.04.23 12:21:16;1.33365;-0.21;;2.07;
2025.04.23 12:13:11;Buy;0.03;GBPUSD;1.33296;1.30892;1.33892;2025.04.23 12:21:15;1.33366;-0.21;;2.10;
2025.04.23 12:13:11;Buy;0.03;GBPUSD;1.33296;1.30892;1.33892;2025.04.23 12:21:15;1.33366;-0.21;;2.10;
2025.04.23 12:13:11;Buy;0.03;GBPUSD;1.33296;1.30892;1.33892;2025.04.23 12:21:14;1.33365;-0.21;;2.07;
2025.04.23 12:13:11;Buy;0.03;GBPUSD;1.33296;1.30892;1.33892;2025.04.23 12:21:13;1.33365;-0.21;;2.07;
2025.04.23 12:13:11;Buy;0.03;GBPUSD;1.33296;1.30892;1.33892;2025.04.23 12:21:13;1.33366;-0.21;;2.10;
2025.04.23 12:13:11;Buy;0.03;GBPUSD;1.33296;1.30892;1.33892;2025.04.23 12:21:13;1.33366;-0.21;;2.10;
2025.04.23 12:13:11;Buy;0.27;GBPUSD;1.33296;1.33367;1.33892;2025.04.23 12:21:12;1.33367;-1.89;;19.17;[sl]
2025.04.23 12:13:11;Buy;0.35;GBPUSD;1.33296;1.30892;1.33362;2025.04.23 12:19:40;1.33362;-2.45;;23.10;[tp]
2025.04.23 12:00:02;Sell Stop;0.03;GBPUSD;1.32858;1.35258;1.32258;2025.04.23 12:13:17;1.33302;;;;cancelled
2025.04.23 12:00:03;Sell Stop;0.03;GBPUSD;1.32858;1.35258;1.32258;2025.04.23 12:13:16;1.33302;;;;cancelled
2025.04.23 12:00:08;Sell Stop;0.03;GBPUSD;1.32858;1.35258;1.32258;2025.04.23 12:13:15;1.33302;;;;cancelled
2025.04.23 12:00:05;Sell Stop;0.03;GBPUSD;1.32858;1.35258;1.32258;2025.04.23 12:13:15;1.33301;;;;cancelled
2025.04.23 12:00:10;Sell Stop;0.03;GBPUSD;1.32858;1.35258;1.32258;2025.04.23 12:13:14;1.33301;;;;cancelled
2025.04.23 12:00:09;Sell Stop;0.03;GBPUSD;1.32858;1.35258;1.32258;2025.04.23 12:13:14;1.33301;;;;cancelled
2025.04.23 12:00:11;Sell Stop;0.03;GBPUSD;1.32858;1.35258;1.32258;2025.04.23 12:13:13;1.33302;;;;cancelled
2025.04.23 12:00:02;Sell Stop;0.27;GBPUSD;1.32858;1.35258;1.32258;2025.04.23 12:13:13;1.33302;;;;cancelled
2025.04.23 12:00:02;Sell Stop;0.35;GBPUSD;1.32858;1.35258;1.32788;2025.04.23 12:13:13;1.33302;;;;cancelled
2025.04.22 12:00:00;Buy Stop;1.08;GBPUSD;1.34250;1.33606;1.34850;2025.04.22 21:30:00;1.33406;;;;cancelled
2025.04.22 06:03:20;Buy;0.08;USDJPY;140.258;;140.926;2025.04.22 19:00:12;140.928;-0.56;;38.03;[tp]
2025.04.21 05:22:13;Buy;0.05;USDJPY;140.755;;140.926;2025.04.22 19:00:12;140.928;-0.35;0.24;6.14;[tp]
2025.04.21 03:34:01;Buy;0.03;USDJPY;141.248;;140.926;2025.04.22 19:00:12;140.928;-0.21;0.15;-6.81;[tp]
2025.04.21 02:00:00;Buy;0.02;USDJPY;141.743;;140.926;2025.04.22 19:00:12;140.928;-0.14;0.10;-11.57;[tp]
2025.04.22 08:29:22;Buy;0.09;USDJPY;139.931;;140.796;2025.04.22 16:41:23;140.796;-0.63;;55.29;[tp]
2025.04.22 06:01:53;Buy;0.08;USDJPY;140.456;;140.796;2025.04.22 16:41:23;140.796;-0.56;;19.32;[tp]
2025.04.21 05:00:22;Buy;0.05;USDJPY;140.955;;140.796;2025.04.22 16:41:23;140.796;-0.35;0.24;-5.65;[tp]
2025.04.21 03:00:35;Buy;0.03;USDJPY;141.450;;140.796;2025.04.22 16:41:23;140.796;-0.21;0.15;-13.94;[tp]
2025.04.21 00:09:47;Buy;0.02;USDJPY;141.973;;140.796;2025.04.22 16:41:23;140.796;-0.14;0.10;-16.72;[tp]
2025.04.21 17:21:39;Buy;0.01;EURGBP;0.85883;;0.86083;2025.04.21 21:00:17;0.86083;-0.07;;2.68;[tp]
2025.04.21 10:57:41;Sell;0.09;EURUSD;1.15579;;1.14891;2025.04.21 18:07:14;1.14887;-0.63;;62.28;[tp]
2025.04.21 08:33:12;Sell;0.09;EURUSD;1.15338;;1.14891;2025.04.21 18:07:14;1.14887;-0.63;;40.59;[tp]
2025.04.21 05:28:13;Sell;0.07;EURUSD;1.15144;;1.14891;2025.04.21 18:07:14;1.14887;-0.49;;17.99;[tp]
2025.04.21 05:27:58;Sell;0.05;EURUSD;1.14980;;1.14891;2025.04.21 18:07:14;1.14887;-0.35;;4.65;[tp]
2025.04.21 03:10:45;Sell;0.04;EURUSD;1.14737;;1.14891;2025.04.21 18:07:14;1.14887;-0.28;;-6.00;[tp]
2025.04.21 02:49:08;Sell;0.03;EURUSD;1.14545;;1.14891;2025.04.21 18:07:14;1.14887;-0.21;;-10.26;[tp]
2025.04.21 01:24:37;Sell;0.02;EURUSD;1.14343;;1.14891;2025.04.21 18:07:14;1.14887;-0.14;;-10.88;[tp]
2025.04.21 00:31:29;Sell;0.02;EURUSD;1.14143;;1.14891;2025.04.21 18:07:14;1.14887;-0.14;;-14.88;[tp]
2025.04.21 05:28:19;Sell;0.02;EURGBP;0.86117;;0.85913;2025.04.21 08:17:46;0.86083;-0.14;;0.91;
2025.04.21 05:28:20;Buy;0.03;USDCHF;0.80826;;0.81226;2025.04.21 08:17:36;0.80808;-0.21;;-0.67;
2025.04.21 02:08:39;Buy;0.02;USDCHF;0.81325;;0.81226;2025.04.21 08:17:34;0.80811;-0.14;;-12.72;
2025.04.21 05:28:04;Buy;0.02;USDCAD;1.38057;;1.38258;2025.04.21 08:17:22;1.37964;-0.14;;-1.35;
2025.04.21 06:37:15;Sell;0.02;NZDCAD;0.82729;;0.82525;2025.04.21 08:17:09;0.82752;-0.14;;-0.34;
2025.04.03 12:11:29;Sell;0.09;EURUSD;1.10375;;;2025.04.21 08:16:27;1.15249;-0.63;2.42;-438.66;
2025.04.21 00:00:00;Buy;0.01;EURGBP;0.85960;;0.86160;2025.04.21 05:28:23;0.86194;-0.07;;3.13;[tp]
2025.04.18 12:00:01;Buy;1.08;GBPUSD;1.32765;1.32440;1.33365;2025.04.18 16:44:01;1.32736;-7.56;;-31.32;
2025.04.17 12:00:24;Buy;0.54;GBPUSD;1.32430;1.32038;1.33029;2025.04.17 16:23:58;1.32558;-3.78;;69.12;
2025.04.17 09:30:23;Buy;0.01;GBPUSD;1.32144;;;2025.04.17 09:31:14;1.32166;-0.07;;0.22;
2025.04.15 21:56:29;Buy;0.01;EURGBP;0.85300;;0.85499;2025.04.16 05:44:29;0.85500;-0.07;-0.11;2.65;[tp]
2025.04.15 12:18:35;Buy;0.54;GBPUSD;1.32395;1.31832;1.32997;2025.04.15 17:02:35;1.32266;-3.78;;-69.66;
2025.04.15 12:18:35;Buy;0.54;GBPUSD;1.32395;1.32450;1.32997;2025.04.15 12:32:00;1.32448;-3.78;;28.62;[sl]
2025.04.15 12:18:35;Buy;0.06;GBPUSD;1.32395;1.29997;1.32997;2025.04.15 12:31:21;1.32457;-0.42;;3.72;
2025.04.15 12:18:35;Buy;0.06;GBPUSD;1.32395;1.29997;1.32997;2025.04.15 12:31:20;1.32457;-0.42;;3.72;
2025.04.15 12:18:35;Buy;0.06;GBPUSD;1.32395;1.29997;1.32997;2025.04.15 12:31:20;1.32454;-0.42;;3.54;
2025.04.15 12:18:35;Buy;0.06;GBPUSD;1.32395;1.29997;1.32997;2025.04.15 12:31:19;1.32453;-0.42;;3.48;
2025.04.15 12:18:35;Buy;0.06;GBPUSD;1.32395;1.29997;1.32997;2025.04.15 12:31:19;1.32453;-0.42;;3.48;
2025.04.15 12:18:35;Buy;0.06;GBPUSD;1.32395;1.29997;1.32997;2025.04.15 12:31:18;1.32452;-0.42;;3.42;
2025.04.15 12:18:35;Buy;0.06;GBPUSD;1.32395;1.29997;1.32997;2025.04.15 12:31:18;1.32453;-0.42;;3.48;
2025.04.15 12:18:35;Buy;0.72;GBPUSD;1.32395;1.29997;1.32467;2025.04.15 12:30:48;1.32471;-5.04;;54.72;[tp]
2025.04.15 12:00:02;Sell Stop;0.06;GBPUSD;1.31832;1.34232;1.31232;2025.04.15 12:18:40;1.32395;;;;cancelled
2025.04.15 12:00:04;Sell Stop;0.06;GBPUSD;1.31832;1.34232;1.31232;2025.04.15 12:18:39;1.32394;;;;cancelled
2025.04.15 12:00:03;Sell Stop;0.06;GBPUSD;1.31832;1.34232;1.31232;2025.04.15 12:18:39;1.32393;;;;cancelled
2025.04.15 12:00:07;Sell Stop;0.06;GBPUSD;1.31832;1.34232;1.31232;2025.04.15 12:18:38;1.32397;;;;cancelled
2025.04.15 12:00:06;Sell Stop;0.06;GBPUSD;1.31832;1.34232;1.31232;2025.04.15 12:18:38;1.32397;;;;cancelled
2025.04.15 12:00:09;Sell Stop;0.06;GBPUSD;1.31832;1.34232;1.31232;2025.04.15 12:18:37;1.32396;;;;cancelled
2025.04.15 12:00:08;Sell Stop;0.06;GBPUSD;1.31832;1.34232;1.31232;2025.04.15 12:18:37;1.32397;;;;cancelled
2025.04.15 12:00:02;Sell Stop;0.54;GBPUSD;1.31832;1.34232;1.31232;2025.04.15 12:18:37;1.32396;;;;cancelled
2025.04.15 12:00:02;Sell Stop;0.72;GBPUSD;1.31832;1.34232;1.31762;2025.04.15 12:18:37;1.32396;;;;cancelled
2025.04.15 05:47:39;Sell;0.02;NZDCAD;0.82035;;0.81835;2025.04.15 11:13:58;0.81833;-0.14;;2.92;[tp]
2025.04.15 02:15:47;Sell;0.01;EURGBP;0.86091;;0.85891;2025.04.15 09:56:29;0.85891;-0.07;;2.63;[tp]
2025.04.14 12:02:24;Sell;0.01;EURGBP;0.86451;;0.86250;2025.04.14 14:15:47;0.86250;-0.07;;2.65;[tp]
2025.04.11 22:35:08;Sell;0.01;EURGBP;0.86695;;0.86495;2025.04.14 00:02:23;0.86495;-0.07;0.02;2.62;[tp]
2025.04.11 11:02:42;Sell;0.05;EURUSD;1.14133;;1.13604;2025.04.11 11:08:22;1.13601;-0.35;;26.60;[tp]
2025.04.11 11:02:26;Sell;0.04;EURUSD;1.13905;;1.13604;2025.04.11 11:08:22;1.13601;-0.28;;12.16;[tp]
2025.04.11 10:56:23;Sell;0.03;EURUSD;1.13680;;1.13604;2025.04.11 11:08:22;1.13601;-0.21;;2.37;[tp]
2025.04.11 10:27:00;Sell;0.02;EURUSD;1.13486;;1.13604;2025.04.11 11:08:22;1.13601;-0.14;;-2.30;[tp]
2025.04.11 10:21:15;Sell;0.02;EURUSD;1.13283;;1.13604;2025.04.11 11:08:22;1.13601;-0.14;;-6.36;[tp]
2025.04.11 03:35:46;Buy;0.08;USDCHF;0.81588;;0.82261;2025.04.11 09:03:37;0.82261;-0.56;;65.45;[tp]
2025.04.11 02:52:25;Buy;0.05;USDCHF;0.82094;;0.82261;2025.04.11 09:03:37;0.82261;-0.35;;10.15;[tp]
2025.04.10 18:42:51;Buy;0.03;USDCHF;0.82582;;0.82261;2025.04.11 09:03:37;0.82261;-0.21;0.20;-11.71;[tp]
2025.04.10 18:20:08;Buy;0.02;USDCHF;0.83093;;0.82261;2025.04.11 09:03:37;0.82261;-0.14;0.13;-20.23;[tp]
2025.04.11 03:33:01;Sell;0.02;EURGBP;0.87244;;0.86769;2025.04.11 08:37:30;0.86769;-0.14;;12.36;[tp]
2025.04.11 03:33:01;Sell;0.01;EURGBP;0.87244;;0.86769;2025.04.11 08:37:30;0.86769;-0.07;;6.18;[tp]
2025.04.11 03:05:10;Sell;0.02;EURGBP;0.86693;;0.86769;2025.04.11 08:37:30;0.86769;-0.14;;-1.97;[tp]
2025.04.11 03:05:10;Sell;0.01;EURGBP;0.86693;;0.86769;2025.04.11 08:37:30;0.86769;-0.07;;-0.99;[tp]
2025.04.11 06:58:14;Sell;0.02;NZDCAD;0.80818;;0.80624;2025.04.11 07:37:53;0.80622;-0.14;;2.81;[tp]
2025.04.11 03:21:53;Buy;0.02;USDJPY;143.215;;143.420;2025.04.11 03:49:21;143.422;-0.14;;2.89;[tp]
2025.04.11 03:21:53;Buy;0.02;USDJPY;143.215;;143.420;2025.04.11 03:49:21;143.422;-0.14;;2.89;[tp]
2025.04.11 03:32:42;Buy;0.02;USDCAD;1.39199;;1.39410;2025.04.11 03:46:46;1.39410;-0.14;;3.03;[tp]
2025.04.10 21:24:18;Sell;0.09;EURUSD;1.12362;;1.11688;2025.04.10 22:21:15;1.11685;-0.63;;60.93;[tp]
2025.04.10 18:40:29;Sell;0.09;EURUSD;1.12157;;1.11688;2025.04.10 22:21:15;1.11685;-0.63;;42.48;[tp]
2025.04.10 18:34:39;Sell;0.07;EURUSD;1.11957;;1.11688;2025.04.10 22:21:15;1.11685;-0.49;;19.04;[tp]
2025.04.10 17:57:39;Sell;0.05;EURUSD;1.11755;;1.11688;2025.04.10 22:21:15;1.11685;-0.35;;3.50;[tp]
2025.04.10 17:53:20;Sell;0.04;EURUSD;1.11548;;1.11688;2025.04.10 22:21:15;1.11685;-0.28;;-5.48;[tp]
2025.04.10 16:57:05;Sell;0.03;EURUSD;1.11342;;1.11688;2025.04.10 22:21:15;1.11685;-0.21;;-10.29;[tp]
2025.04.10 15:30:02;Sell;0.02;EURUSD;1.11144;;1.11688;2025.04.10 22:21:15;1.11685;-0.14;;-10.82;[tp]
2025.04.10 14:06:46;Sell;0.02;EURUSD;1.10875;;1.11688;2025.04.10 22:21:15;1.11685;-0.14;;-16.20;[tp]
2025.04.10 17:40:21;Sell;0.02;AUDUSD;0.62150;;0.61952;2025.04.10 18:57:26;0.61952;-0.14;;3.96;[tp]
2025.04.10 12:52:27;Buy;0.54;GBPUSD;1.28826;1.28397;1.29427;2025.04.10 13:22:20;1.29027;-3.78;;108.54;
2025.04.10 08:47:22;Sell;0.02;NZDCAD;0.80195;;0.79996;2025.04.10 10:05:18;0.79995;-0.14;;2.85;[tp]
2025.04.09 08:58:35;Sell;0.01;EURGBP;0.86157;;0.85212;2025.04.10 09:52:45;0.85204;-0.07;0.05;12.27;[tp]
2025.04.07 16:28:55;Sell;0.01;EURGBP;0.85660;;0.85212;2025.04.10 09:52:45;0.85204;-0.07;0.09;5.87;[tp]
2025.04.07 01:06:40;Sell;0.01;EURGBP;0.85166;;0.85212;2025.04.10 09:52:45;0.85204;-0.07;0.09;-0.49;[tp]
2025.04.07 00:00:00;Sell;0.01;EURGBP;0.84665;;0.85212;2025.04.10 09:52:45;0.85204;-0.07;0.09;-6.94;[tp]
2025.04.09 12:00:00;Buy Stop;0.54;GBPUSD;1.28502;1.27855;1.29102;2025.04.09 21:30:00;1.28013;;;;cancelled
2025.04.09 07:26:30;Buy;0.02;USDCHF;0.83986;;0.84186;2025.04.09 07:49:38;0.84186;-0.14;;4.75;[tp]
2025.04.09 04:23:23;Sell;0.02;EURUSD;1.10394;;1.10194;2025.04.09 04:35:54;1.10194;-0.14;;4.00;[tp]
2025.04.09 03:19:11;Buy;0.02;NZDCAD;0.78301;;0.78497;2025.04.09 03:27:21;0.78502;-0.14;;2.82;[tp]
2025.04.08 12:00:00;Sell Stop;0.54;GBPUSD;1.27069;1.27567;1.26469;2025.04.08 21:30:00;1.27930;;;;cancelled
2025.04.07 15:06:55;Sell;0.02;EURGBP;0.85567;;0.85368;2025.04.08 17:16:04;0.85367;-0.14;0.03;5.12;[tp]
2025.04.07 03:18:35;Buy;0.03;NZDCAD;0.78700;;0.79320;2025.04.07 04:22:50;0.79320;-0.21;;13.07;[tp]
2025.04.07 01:03:35;Buy;0.02;NZDCAD;0.79195;;0.79320;2025.04.07 04:22:50;0.79320;-0.14;;1.75;[tp]
2025.04.07 00:01:11;Buy;0.02;NZDCAD;0.79675;;0.79320;2025.04.07 04:22:50;0.79320;-0.14;;-4.99;[tp]
2025.04.07 01:03:32;Buy;0.02;AUDUSD;0.59615;;0.60058;2025.04.07 02:07:01;0.60060;-0.14;;8.90;[tp]
2025.04.07 00:02:07;Buy;0.02;AUDUSD;0.60100;;0.60058;2025.04.07 02:07:01;0.60060;-0.14;;-0.80;[tp]
2025.04.04 19:00:21;Sell;0.01;EURGBP;0.85226;;0.84775;2025.04.04 21:02:09;0.84774;-0.07;;5.84;[tp]
2025.04.04 13:25:32;Sell;0.01;EURGBP;0.84724;;0.84775;2025.04.04 21:02:09;0.84774;-0.07;;-0.64;[tp]
2025.04.04 14:02:12;Buy;0.09;USDCHF;0.84991;;0.86051;2025.04.04 20:25:04;0.86051;-0.63;;110.86;[tp]
2025.04.03 17:47:01;Buy;0.09;USDCHF;0.85491;;0.86051;2025.04.04 20:25:04;0.86051;-0.63;0.58;58.57;[tp]
2025.04.03 13:13:14;Buy;0.08;USDCHF;0.85989;;0.86051;2025.04.04 20:25:04;0.86051;-0.56;0.52;5.76;[tp]
2025.04.03 12:11:02;Buy;0.05;USDCHF;0.86492;;0.86051;2025.04.04 20:25:04;0.86051;-0.35;0.32;-25.62;[tp]
2025.04.03 09:50:21;Buy;0.03;USDCHF;0.86983;;0.86051;2025.04.04 20:25:04;0.86051;-0.21;0.19;-32.49;[tp]
2025.04.03 08:18:13;Buy;0.02;USDCHF;0.87480;;0.86051;2025.04.04 20:25:04;0.86051;-0.14;0.13;-33.21;[tp]
2025.04.04 14:26:47;Buy;0.02;AUDUSD;0.60885;;0.61092;2025.04.04 14:37:52;0.61092;-0.14;;4.14;[tp]
2025.04.04 12:00:12;Buy;0.02;NZDCAD;0.80416;;0.80616;2025.04.04 12:39:00;0.80617;-0.14;;2.84;[tp]
2025.04.03 13:13:12;Sell;0.09;EURUSD;1.11297;;1.10372;2025.04.03 19:26:08;1.10370;-0.63;;83.43;[tp]
2025.04.03 13:12:35;Sell;0.09;EURUSD;1.11096;;1.10372;2025.04.03 19:26:08;1.10370;-0.63;;65.34;[tp]
2025.04.03 13:12:25;Sell;0.09;EURUSD;1.10811;;1.10372;2025.04.03 19:26:08;1.10370;-0.63;;39.69;[tp]
2025.04.03 13:05:57;Sell;0.09;EURUSD;1.10610;;1.10372;2025.04.03 19:26:08;1.10370;-0.63;;21.60;[tp]
2025.04.03 12:08:54;Sell;0.07;EURUSD;1.10329;;1.10372;2025.04.03 19:26:08;1.10370;-0.49;;-2.87;[tp]
2025.04.03 11:40:11;Sell;0.05;EURUSD;1.10127;;1.10372;2025.04.03 19:26:08;1.10370;-0.35;;-12.15;[tp]
2025.04.03 11:21:35;Sell;0.04;EURUSD;1.09917;;1.10372;2025.04.03 19:26:08;1.10370;-0.28;;-18.12;[tp]
2025.04.03 09:37:04;Sell;0.03;EURUSD;1.09716;;1.10372;2025.04.03 19:26:08;1.10370;-0.21;;-19.62;[tp]
2025.04.03 08:44:52;Sell;0.02;EURUSD;1.09512;;1.10372;2025.04.03 19:26:08;1.10370;-0.14;;-17.16;[tp]
2025.04.03 08:23:23;Sell;0.02;EURUSD;1.09309;;1.10372;2025.04.03 19:26:08;1.10370;-0.14;;-21.22;[tp]
2025.04.03 12:34:32;Buy;0.02;USDJPY;146.410;;146.615;2025.04.03 12:39:34;146.616;-0.14;;2.81;[tp]
2025.04.03 12:34:32;Buy;0.02;USDJPY;146.410;;146.615;2025.04.03 12:39:34;146.616;-0.14;;2.81;[tp]
2025.04.03 11:36:45;Buy;0.02;USDCAD;1.41259;;1.41457;2025.04.03 12:17:20;1.41461;-0.14;;2.86;[tp]
2025.04.03 00:23:49;Buy;0.02;AUDUSD;0.62661;;0.62871;2025.04.03 08:27:56;0.62874;-0.14;;4.26;[tp]
2025.04.03 00:06:35;Buy;0.02;USDCAD;1.42263;;1.42463;2025.04.03 00:26:12;1.42469;-0.14;;2.89;[tp]
2025.04.02 12:31:17;Buy;0.06;GBPUSD;1.29312;1.26913;1.29913;2025.04.02 12:49:18;1.29451;-0.42;;8.34;
2025.04.02 12:31:17;Buy;0.06;GBPUSD;1.29312;1.26913;1.29913;2025.04.02 12:49:17;1.29451;-0.42;;8.34;
2025.04.02 12:31:17;Buy;0.06;GBPUSD;1.29312;1.26913;1.29913;2025.04.02 12:49:17;1.29449;-0.42;;8.22;
2025.04.02 12:31:17;Buy;0.06;GBPUSD;1.29312;1.26913;1.29913;2025.04.02 12:49:16;1.29453;-0.42;;8.46;
2025.04.02 12:31:17;Buy;0.06;GBPUSD;1.29312;1.26913;1.29913;2025.04.02 12:49:16;1.29453;-0.42;;8.46;
2025.04.02 12:31:17;Buy;0.06;GBPUSD;1.29312;1.26913;1.29913;2025.04.02 12:49:15;1.29454;-0.42;;8.52;
2025.04.02 12:31:17;Buy;0.06;GBPUSD;1.29312;1.26913;1.29913;2025.04.02 12:49:15;1.29453;-0.42;;8.46;
2025.04.02 12:31:17;Buy;0.54;GBPUSD;1.29312;1.29453;1.29913;2025.04.02 12:49:15;1.29453;-3.78;;76.14;[sl]
2025.04.02 12:31:17;Buy;0.72;GBPUSD;1.29312;1.26913;1.29383;2025.04.02 12:42:28;1.29383;-5.04;;51.12;[tp]
2025.04.02 12:00:01;Sell Stop;0.06;GBPUSD;1.28992;1.31392;1.28392;2025.04.02 12:31:22;1.29313;;;;cancelled
2025.04.02 12:00:04;Sell Stop;0.06;GBPUSD;1.28992;1.31392;1.28392;2025.04.02 12:31:21;1.29311;;;;cancelled
2025.04.02 12:00:02;Sell Stop;0.06;GBPUSD;1.28992;1.31392;1.28392;2025.04.02 12:31:21;1.29311;;;;cancelled
2025.04.02 12:00:05;Sell Stop;0.06;GBPUSD;1.28992;1.31392;1.28392;2025.04.02 12:31:20;1.29314;;;;cancelled
2025.04.02 12:00:07;Sell Stop;0.06;GBPUSD;1.28992;1.31392;1.28392;2025.04.02 12:31:19;1.29313;;;;cancelled
2025.04.02 12:00:09;Sell Stop;0.06;GBPUSD;1.28992;1.31392;1.28392;2025.04.02 12:31:18;1.29313;;;;cancelled
2025.04.02 12:00:11;Sell Stop;0.06;GBPUSD;1.28992;1.31392;1.28392;2025.04.02 12:31:17;1.29308;;;;cancelled
2025.04.02 12:00:00;Sell Stop;0.54;GBPUSD;1.29050;1.31450;1.28450;2025.04.02 12:31:17;1.29308;;;;cancelled
2025.04.02 12:00:00;Sell Stop;0.72;GBPUSD;1.29050;1.31450;1.28980;2025.04.02 12:31:17;1.29308;;;;cancelled
2025.04.01 16:43:26;Sell;0.01;EURGBP;0.83744;;0.83544;2025.04.01 19:20:33;0.83544;-0.07;;2.59;[tp]
2025.04.01 16:42:15;Sell;0.03;USDCAD;1.44103;;;2025.04.01 16:42:59;1.44131;-0.21;;-0.58;
2025.04.01 13:09:23;Sell;0.54;GBPUSD;1.29180;1.29386;1.28580;2025.04.01 14:33:13;1.29024;-3.78;;84.24;
2025.03.31 04:04:03;Sell;0.02;EURUSD;1.08435;;1.08235;2025.03.31 10:39:14;1.08230;-0.14;;4.10;[tp]
2025.03.28 11:33:48;Buy;0.54;GBPUSD;1.29527;1.29364;1.30125;2025.03.28 12:58:11;1.29364;-3.78;;-88.02;[sl]
2025.03.27 11:00:00;Sell Stop;0.54;GBPUSD;1.29019;1.29303;1.28419;2025.03.27 20:30:00;1.29559;;;;cancelled
2025.03.17 15:32:09;Buy;1.00;GBPUSD;1.29786;1.27386;1.29794;2025.03.27 17:32:09;1.29795;-7.00;-39.60;9.00;[tp]
2025.03.26 11:06:11;Sell;0.54;GBPUSD;1.29017;1.29597;1.28420;2025.03.26 14:07:04;1.28854;-3.78;;88.02;
2025.03.26 11:00:00;Buy Stop;0.54;GBPUSD;1.29597;1.29020;1.30197;2025.03.26 11:06:12;1.29020;;;;cancelled
2025.03.25 11:00:00;Sell Stop;0.54;GBPUSD;1.29106;1.29264;1.28506;2025.03.25 20:30:00;1.29512;;;;cancelled
2025.03.25 11:58:10;Buy;0.06;GBPUSD;1.29295;1.26895;1.29895;2025.03.25 12:15:22;1.29352;-0.42;;3.42;
2025.03.25 11:58:10;Buy;0.06;GBPUSD;1.29295;1.26895;1.29895;2025.03.25 12:15:21;1.29352;-0.42;;3.42;
2025.03.25 11:58:10;Buy;0.06;GBPUSD;1.29295;1.26895;1.29895;2025.03.25 12:15:21;1.29349;-0.42;;3.24;
2025.03.25 11:58:10;Buy;0.06;GBPUSD;1.29295;1.26895;1.29895;2025.03.25 12:15:20;1.29351;-0.42;;3.36;
2025.03.25 11:58:10;Buy;0.06;GBPUSD;1.29295;1.26895;1.29895;2025.03.25 12:15:20;1.29351;-0.42;;3.36;
2025.03.25 11:58:10;Buy;0.06;GBPUSD;1.29295;1.26895;1.29895;2025.03.25 12:15:19;1.29351;-0.42;;3.36;
2025.03.25 11:58:10;Buy;0.06;GBPUSD;1.29295;1.26895;1.29895;2025.03.25 12:15:18;1.29351;-0.42;;3.36;
2025.03.25 11:58:10;Buy;0.54;GBPUSD;1.29295;1.29349;1.29895;2025.03.25 12:15:18;1.29351;-3.78;;30.24;[sl]
2025.03.25 11:58:10;Buy;0.72;GBPUSD;1.29295;1.26895;1.29365;2025.03.25 12:13:42;1.29366;-5.04;;51.12;[tp]
2025.03.25 11:00:05;Sell Stop;0.06;GBPUSD;1.29106;1.31506;1.28506;2025.03.25 11:58:14;1.29307;;;;cancelled
2025.03.25 11:00:07;Sell Stop;0.06;GBPUSD;1.29106;1.31506;1.28506;2025.03.25 11:58:13;1.29306;;;;cancelled
2025.03.25 11:00:11;Sell Stop;0.06;GBPUSD;1.29106;1.31506;1.28506;2025.03.25 11:58:12;1.29304;;;;cancelled
2025.03.25 11:00:09;Sell Stop;0.06;GBPUSD;1.29106;1.31506;1.28506;2025.03.25 11:58:12;1.29304;;;;cancelled
2025.03.25 11:00:16;Sell Stop;0.06;GBPUSD;1.29106;1.31506;1.28506;2025.03.25 11:58:11;1.29292;;;;cancelled
2025.03.25 11:00:15;Sell Stop;0.06;GBPUSD;1.29106;1.31506;1.28506;2025.03.25 11:58:11;1.29293;;;;cancelled
2025.03.25 11:00:13;Sell Stop;0.06;GBPUSD;1.29106;1.31506;1.28506;2025.03.25 11:58:11;1.29295;;;;cancelled
2025.03.25 11:00:01;Sell Stop;0.72;GBPUSD;1.29106;1.31506;1.29036;2025.03.25 11:58:11;1.29292;;;;cancelled
2025.03.25 11:00:01;Sell Stop;0.54;GBPUSD;1.29106;1.31506;1.28506;2025.03.25 11:58:11;1.29292;;;;cancelled
2025.03.24 11:37:28;Buy;0.06;GBPUSD;1.29583;1.27185;1.30185;2025.03.24 12:08:29;1.29671;-0.42;;5.28;
2025.03.24 11:37:28;Buy;0.06;GBPUSD;1.29583;1.27185;1.30185;2025.03.24 12:08:28;1.29671;-0.42;;5.28;
2025.03.24 11:37:28;Buy;0.06;GBPUSD;1.29583;1.27185;1.30185;2025.03.24 12:08:28;1.29671;-0.42;;5.28;
2025.03.24 11:37:28;Buy;0.06;GBPUSD;1.29583;1.27185;1.30185;2025.03.24 12:08:27;1.29671;-0.42;;5.28;
2025.03.24 11:37:28;Buy;0.06;GBPUSD;1.29583;1.27185;1.30185;2025.03.24 12:08:27;1.29672;-0.42;;5.34;
2025.03.24 11:37:28;Buy;0.06;GBPUSD;1.29583;1.27185;1.30185;2025.03.24 12:08:26;1.29672;-0.42;;5.34;
2025.03.24 11:37:28;Buy;0.06;GBPUSD;1.29585;1.27185;1.30185;2025.03.24 12:08:26;1.29674;-0.42;;5.34;
2025.03.24 11:37:28;Buy;0.54;GBPUSD;1.29585;1.29674;1.30185;2025.03.24 12:08:26;1.29674;-3.78;;48.06;[sl]
2025.03.24 11:37:28;Buy;0.72;GBPUSD;1.29585;1.27185;1.29655;2025.03.24 12:05:16;1.29655;-5.04;;50.40;[tp]
2025.03.24 11:00:02;Sell Stop;0.06;GBPUSD;1.29100;1.31500;1.28500;2025.03.24 11:37:32;1.29581;;;;cancelled
2025.03.24 11:00:05;Sell Stop;0.06;GBPUSD;1.29100;1.31500;1.28500;2025.03.24 11:37:31;1.29582;;;;cancelled
2025.03.24 11:00:06;Sell Stop;0.06;GBPUSD;1.29100;1.31500;1.28500;2025.03.24 11:37:30;1.29582;;;;cancelled
2025.03.24 11:00:11;Sell Stop;0.06;GBPUSD;1.29100;1.31500;1.28500;2025.03.24 11:37:29;1.29582;;;;cancelled
2025.03.24 11:00:09;Sell Stop;0.06;GBPUSD;1.29100;1.31500;1.28500;2025.03.24 11:37:29;1.29583;;;;cancelled
2025.03.24 11:00:07;Sell Stop;0.06;GBPUSD;1.29100;1.31500;1.28500;2025.03.24 11:37:29;1.29582;;;;cancelled
2025.03.24 11:00:13;Sell Stop;0.06;GBPUSD;1.29100;1.31500;1.28500;2025.03.24 11:37:28;1.29582;;;;cancelled
2025.03.24 11:00:02;Sell Stop;0.72;GBPUSD;1.29100;1.31500;1.29030;2025.03.24 11:37:28;1.29582;;;;cancelled
2025.03.24 11:00:02;Sell Stop;0.54;GBPUSD;1.29100;1.31500;1.28500;2025.03.24 11:37:28;1.29582;;;;cancelled
2025.03.21 15:00:00;Buy Stop;1.25;GBPUSD;1.29487;1.27087;1.30087;2025.03.21 20:00:00;1.29227;;;;cancelled
2025.03.13 15:07:04;Sell;0.75;GBPUSD;1.29261;1.31664;1.28664;2025.03.21 20:00:00;1.29227;-5.25;-24.63;25.50;
2025.03.11 16:28:49;Sell;0.75;GBPUSD;1.29180;1.31580;1.28580;2025.03.21 20:00:00;1.29227;-5.25;-36.94;-35.25;
2025.03.05 15:03:37;Sell;0.50;GBPUSD;1.28070;1.30498;1.27498;2025.03.21 20:00:00;1.29228;-3.50;-36.90;-579.00;
2025.03.11 20:12:12;Sell;0.09;EURUSD;1.09438;;;2025.03.21 19:24:10;1.08077;-0.63;1.82;122.49;
2025.03.11 10:21:57;Sell;0.09;EURUSD;1.09048;;;2025.03.21 19:24:08;1.08074;-0.63;1.82;87.66;
2025.03.07 11:14:18;Sell;0.07;EURUSD;1.08637;;;2025.03.21 19:24:07;1.08076;-0.49;1.68;39.27;
2025.03.06 03:42:17;Sell;0.04;EURUSD;1.08138;;;2025.03.21 19:24:05;1.08076;-0.28;1.03;2.48;
2025.03.05 17:00:01;Buy;0.03;EURUSD;1.07694;;;2025.03.21 19:24:02;1.08074;-0.21;-4.50;11.40;
2025.03.05 17:00:01;Sell;0.03;EURUSD;1.07647;;;2025.03.21 19:24:00;1.08076;-0.21;0.90;-12.87;
2025.03.21 15:32:14;Sell;0.54;GBPUSD;1.29238;1.29713;1.28638;2025.03.21 17:53:46;1.29025;-3.78;;115.02;
2025.03.18 10:16:20;Sell;0.09;EURUSD;1.09541;;1.08000;2025.03.21 17:53:42;1.08000;-0.63;0.76;138.69;[tp]
2025.03.11 19:59:37;Sell;0.09;EURUSD;1.09341;;1.08000;2025.03.21 17:53:42;1.08000;-0.63;1.82;120.69;[tp]
2025.03.11 10:48:58;Sell;0.09;EURUSD;1.09138;;1.08000;2025.03.21 17:53:42;1.08000;-0.63;1.82;102.42;[tp]
2025.03.11 09:43:38;Sell;0.09;EURUSD;1.08928;;1.08000;2025.03.21 17:53:42;1.08000;-0.63;1.82;83.52;[tp]
2025.03.07 15:30:03;Sell;0.09;EURUSD;1.08719;;1.08000;2025.03.21 17:53:42;1.08000;-0.63;2.12;64.71;[tp]
2025.03.06 17:03:44;Sell;0.09;EURUSD;1.08520;;1.08000;2025.03.21 17:53:42;1.08000;-0.63;2.27;46.80;[tp]
2025.03.06 15:16:21;Sell;0.09;EURUSD;1.08282;;1.08000;2025.03.21 17:53:42;1.08000;-0.63;2.27;25.38;[tp]
2025.03.06 03:39:14;Sell;0.09;EURUSD;1.08078;;1.08000;2025.03.21 17:53:42;1.08000;-0.63;2.27;7.02;[tp]
2025.03.05 19:41:15;Sell;0.09;EURUSD;1.07878;;1.08000;2025.03.21 17:53:42;1.08000;-0.63;2.73;-10.98;[tp]
2025.03.05 16:40:50;Sell;0.09;EURUSD;1.07672;;1.08000;2025.03.21 17:53:42;1.08000;-0.63;2.73;-29.52;[tp]
2025.03.05 16:29:15;Sell;0.09;EURUSD;1.07472;;1.08000;2025.03.21 17:53:42;1.08000;-0.63;2.73;-47.52;[tp]
2025.03.05 16:05:14;Sell;0.07;EURUSD;1.07258;;1.08000;2025.03.21 17:53:42;1.08000;-0.49;2.16;-51.94;[tp]
2025.03.05 11:01:03;Sell;0.05;EURUSD;1.07034;;1.08000;2025.03.21 17:53:42;1.08000;-0.35;1.59;-48.30;[tp]
2025.03.05 10:14:45;Sell;0.04;EURUSD;1.06808;;1.08000;2025.03.21 17:53:42;1.08000;-0.28;1.23;-47.68;[tp]
2025.03.05 09:35:06;Sell;0.03;EURUSD;1.06609;;1.08000;2025.03.21 17:53:42;1.08000;-0.21;0.90;-41.73;[tp]
2025.03.05 09:01:35;Sell;0.02;EURUSD;1.06411;;1.08000;2025.03.21 17:53:42;1.08000;-0.14;0.57;-31.78;[tp]
2025.03.05 06:01:26;Sell;0.02;EURUSD;1.06212;;1.08000;2025.03.21 17:53:42;1.08000;-0.14;0.57;-35.76;[tp]
2025.03.20 15:00:00;Buy Stop;1.25;GBPUSD;1.29808;1.27408;1.30408;2025.03.20 20:00:00;1.29618;;;;cancelled
2025.03.19 15:21:54;Sell;0.06;GBPUSD;1.29565;1.31965;1.28965;2025.03.20 11:26:28;1.29492;-0.42;-0.74;4.38;
2025.03.19 15:21:54;Sell;0.06;GBPUSD;1.29565;1.31965;1.28965;2025.03.20 11:26:28;1.29492;-0.42;-0.74;4.38;
2025.03.19 15:21:54;Sell;0.06;GBPUSD;1.29565;1.31965;1.28965;2025.03.20 11:26:27;1.29489;-0.42;-0.74;4.56;
2025.03.19 15:21:54;Sell;0.06;GBPUSD;1.29565;1.31965;1.28965;2025.03.20 11:26:27;1.29491;-0.42;-0.74;4.44;
2025.03.19 15:21:54;Sell;0.06;GBPUSD;1.29565;1.31965;1.28965;2025.03.20 11:26:26;1.29485;-0.42;-0.74;4.80;
2025.03.19 15:21:54;Sell;0.06;GBPUSD;1.29565;1.31965;1.28965;2025.03.20 11:26:26;1.29483;-0.42;-0.74;4.92;
2025.03.19 15:21:54;Sell;0.06;GBPUSD;1.29565;1.31965;1.28965;2025.03.20 11:26:26;1.29483;-0.42;-0.74;4.92;
2025.03.19 15:21:54;Sell;0.54;GBPUSD;1.29565;1.29484;1.28965;2025.03.20 11:26:15;1.29484;-3.78;-6.64;43.74;[sl]
2025.03.19 15:21:54;Sell;0.72;GBPUSD;1.29565;1.31685;1.29495;2025.03.20 11:25:45;1.29494;-5.04;-8.86;51.12;[tp]
2025.03.19 15:21:54;Sell;0.54;GBPUSD;1.29565;1.30020;1.28965;2025.03.19 20:05:55;1.29791;-3.78;;-122.04;
2025.03.19 15:00:00;Buy Stop;1.25;GBPUSD;1.29835;1.27435;1.30435;2025.03.19 20:00:00;1.29786;;;;cancelled
2025.03.19 11:00:00;Buy Stop;0.06;GBPUSD;1.30037;1.27637;1.30637;2025.03.19 15:21:59;1.29557;;;;cancelled
2025.03.19 11:00:01;Buy Stop;0.06;GBPUSD;1.30037;1.27637;1.30637;2025.03.19 15:21:58;1.29557;;;;cancelled
2025.03.19 11:00:02;Buy Stop;0.06;GBPUSD;1.30037;1.27637;1.30637;2025.03.19 15:21:57;1.29557;;;;cancelled
2025.03.19 11:00:03;Buy Stop;0.06;GBPUSD;1.30037;1.27637;1.30637;2025.03.19 15:21:56;1.29556;;;;cancelled
2025.03.19 11:00:05;Buy Stop;0.06;GBPUSD;1.30037;1.27637;1.30637;2025.03.19 15:21:55;1.29559;;;;cancelled
2025.03.19 11:00:04;Buy Stop;0.06;GBPUSD;1.30037;1.27637;1.30637;2025.03.19 15:21:55;1.29556;;;;cancelled
2025.03.19 11:00:07;Buy Stop;0.06;GBPUSD;1.30037;1.27637;1.30637;2025.03.19 15:21:54;1.29565;;;;cancelled
2025.03.19 11:00:00;Buy Stop;0.72;GBPUSD;1.30037;1.27637;1.30107;2025.03.19 15:21:54;1.29565;;;;cancelled
2025.03.19 11:00:00;Buy Stop;0.54;GBPUSD;1.30037;1.27637;1.30637;2025.03.19 15:21:54;1.29565;;;;cancelled
2025.03.18 15:00:00;Sell Stop;1.00;GBPUSD;1.29504;1.31904;1.28904;2025.03.18 20:00:00;1.30051;;;;cancelled
2025.03.18 11:47:01;Buy;0.06;GBPUSD;1.29996;1.27597;1.30597;2025.03.18 19:19:57;1.30051;-0.42;;3.30;
2025.03.18 11:47:01;Buy;0.06;GBPUSD;1.29996;1.27597;1.30597;2025.03.18 19:19:56;1.30049;-0.42;;3.18;
2025.03.18 11:47:01;Buy;0.06;GBPUSD;1.29996;1.27597;1.30597;2025.03.18 19:19:56;1.30049;-0.42;;3.18;
2025.03.18 11:47:01;Buy;0.06;GBPUSD;1.29996;1.27597;1.30597;2025.03.18 19:19:56;1.30050;-0.42;;3.24;
2025.03.18 11:47:01;Buy;0.06;GBPUSD;1.29996;1.27597;1.30597;2025.03.18 19:19:55;1.30049;-0.42;;3.18;
2025.03.18 11:47:01;Buy;0.06;GBPUSD;1.29996;1.27597;1.30597;2025.03.18 19:19:55;1.30050;-0.42;;3.24;
2025.03.18 11:47:01;Buy;0.06;GBPUSD;1.29996;1.27597;1.30597;2025.03.18 19:19:55;1.30050;-0.42;;3.24;
2025.03.18 11:47:01;Buy;0.54;GBPUSD;1.29996;1.30049;1.30597;2025.03.18 19:19:50;1.30048;-3.78;;28.08;[sl]
2025.03.18 11:47:01;Buy;0.72;GBPUSD;1.29996;1.27616;1.30067;2025.03.18 19:19:00;1.30068;-5.04;;51.84;[tp]
2025.03.12 15:00:38;Buy;0.75;GBPUSD;1.29466;1.27065;1.30065;2025.03.18 19:19:00;1.30068;-5.25;-14.87;451.50;[tp]
2025.03.10 15:16:35;Buy;0.50;GBPUSD;1.29468;1.27068;1.30068;2025.03.18 19:19:00;1.30068;-3.50;-13.20;300.00;[tp]
2025.03.18 11:00:01;Sell Stop;0.06;GBPUSD;1.29666;1.32066;1.29066;2025.03.18 11:47:07;1.29994;;;;cancelled
2025.03.18 11:00:05;Sell Stop;0.06;GBPUSD;1.29666;1.32066;1.29066;2025.03.18 11:47:05;1.29993;;;;cancelled
2025.03.18 11:00:02;Sell Stop;0.06;GBPUSD;1.29666;1.32066;1.29066;2025.03.18 11:47:05;1.29993;;;;cancelled
2025.03.18 11:00:06;Sell Stop;0.06;GBPUSD;1.29666;1.32066;1.29066;2025.03.18 11:47:04;1.29996;;;;cancelled
2025.03.18 11:00:11;Sell Stop;0.06;GBPUSD;1.29666;1.32066;1.29066;2025.03.18 11:47:03;1.29995;;;;cancelled
2025.03.18 11:00:09;Sell Stop;0.06;GBPUSD;1.29666;1.32066;1.29066;2025.03.18 11:47:03;1.29995;;;;cancelled
2025.03.18 11:00:12;Sell Stop;0.06;GBPUSD;1.29666;1.32066;1.29066;2025.03.18 11:47:02;1.29996;;;;cancelled
2025.03.18 11:00:01;Sell Stop;0.54;GBPUSD;1.29666;1.32066;1.29066;2025.03.18 11:47:02;1.29996;;;;cancelled
2025.03.18 11:00:00;Sell Stop;0.72;GBPUSD;1.29666;1.32066;1.29596;2025.03.18 11:47:02;1.29996;;;;cancelled
2025.03.12 14:30:01;Buy;0.06;GBPUSD;1.29884;1.27268;1.30268;2025.03.17 20:21:10;1.29961;-0.42;-0.99;4.62;
2025.03.12 14:30:01;Buy;0.06;GBPUSD;1.29884;1.27268;1.30268;2025.03.17 20:21:09;1.29963;-0.42;-0.99;4.74;
2025.03.12 14:30:01;Buy;0.06;GBPUSD;1.29881;1.27268;1.30268;2025.03.17 20:21:08;1.29966;-0.42;-0.99;5.10;
2025.03.12 14:30:01;Buy;0.06;GBPUSD;1.29884;1.27268;1.30268;2025.03.17 20:21:08;1.29963;-0.42;-0.99;4.74;
2025.03.12 14:30:01;Buy;0.06;GBPUSD;1.29884;1.27268;1.30268;2025.03.17 20:21:07;1.29963;-0.42;-0.99;4.74;
2025.03.12 14:30:01;Buy;0.06;GBPUSD;1.29884;1.27268;1.30268;2025.03.17 20:21:07;1.29963;-0.42;-0.99;4.74;
2025.03.12 14:30:01;Buy;0.06;GBPUSD;1.29868;1.27268;1.30268;2025.03.17 17:29:34;1.29929;-0.42;-0.99;3.66;
2025.03.17 11:05:10;Buy;0.06;GBPUSD;1.29457;1.27057;1.30057;2025.03.17 11:43:12;1.29554;-0.42;;5.82;
2025.03.17 11:05:10;Buy;0.06;GBPUSD;1.29457;1.27057;1.30057;2025.03.17 11:43:11;1.29553;-0.42;;5.76;
2025.03.17 11:05:10;Buy;0.06;GBPUSD;1.29457;1.27057;1.30057;2025.03.17 11:43:10;1.29554;-0.42;;5.82;
2025.03.17 11:05:10;Buy;0.06;GBPUSD;1.29457;1.27057;1.30057;2025.03.17 11:43:10;1.29553;-0.42;;5.76;
2025.03.17 11:05:10;Buy;0.06;GBPUSD;1.29457;1.27057;1.30057;2025.03.17 11:43:09;1.29554;-0.42;;5.82;
2025.03.17 11:05:10;Buy;0.06;GBPUSD;1.29457;1.27057;1.30057;2025.03.17 11:43:09;1.29553;-0.42;;5.76;
2025.03.17 11:05:10;Buy;0.54;GBPUSD;1.29457;1.29555;1.30057;2025.03.17 11:43:08;1.29555;-3.78;;52.92;[sl]
2025.03.17 11:05:10;Buy;0.06;GBPUSD;1.29457;1.27057;1.30057;2025.03.17 11:43:08;1.29553;-0.42;;5.76;
2025.03.17 11:05:10;Buy;0.72;GBPUSD;1.29457;1.27057;1.29527;2025.03.17 11:39:02;1.29527;-5.04;;50.40;[tp]
2025.03.17 11:00:02;Sell Stop;0.06;GBPUSD;1.29271;1.31671;1.28671;2025.03.17 11:05:14;1.29458;;;;cancelled
2025.03.17 11:00:03;Sell Stop;0.06;GBPUSD;1.29271;1.31671;1.28671;2025.03.17 11:05:13;1.29458;;;;cancelled
2025.03.17 11:00:06;Sell Stop;0.06;GBPUSD;1.29271;1.31671;1.28671;2025.03.17 11:05:12;1.29457;;;;cancelled
2025.03.17 11:00:04;Sell Stop;0.06;GBPUSD;1.29271;1.31671;1.28671;2025.03.17 11:05:12;1.29457;;;;cancelled
2025.03.17 11:00:11;Sell Stop;0.06;GBPUSD;1.29271;1.31671;1.28671;2025.03.17 11:05:11;1.29458;;;;cancelled
2025.03.17 11:00:08;Sell Stop;0.06;GBPUSD;1.29271;1.31671;1.28671;2025.03.17 11:05:11;1.29457;;;;cancelled
2025.03.17 11:00:13;Sell Stop;0.06;GBPUSD;1.29271;1.31671;1.28671;2025.03.17 11:05:10;1.29457;;;;cancelled
2025.03.17 11:00:02;Sell Stop;0.54;GBPUSD;1.29271;1.31671;1.28671;2025.03.17 11:05:10;1.29457;;;;cancelled
2025.03.17 11:00:02;Sell Stop;0.72;GBPUSD;1.29271;1.31671;1.29201;2025.03.17 11:05:10;1.29457;;;;cancelled
2025.03.14 15:00:00;Buy Stop;1.00;GBPUSD;1.29537;1.27137;1.30137;2025.03.14 20:00:00;1.29284;;;;cancelled
2025.03.12 12:48:39;Sell;0.54;GBPUSD;1.29300;1.29244;1.28700;2025.03.13 15:11:33;1.29244;-3.78;-6.64;30.24;[sl]
2025.03.12 12:48:39;Sell;0.72;GBPUSD;1.29300;1.31300;1.29230;2025.03.13 15:10:54;1.29230;-5.04;-8.86;50.40;[tp]
2025.03.13 15:00:00;Buy Stop;0.75;GBPUSD;1.29647;1.27247;1.30247;2025.03.13 15:07:05;1.29261;;;;cancelled
2025.03.13 14:30:01;Buy;0.54;GBPUSD;1.29705;1.29480;1.30309;2025.03.13 14:30:06;1.29500;-3.78;;-110.70;[sl]
2025.03.12 11:00:00;Sell Stop;0.06;GBPUSD;1.29123;1.31523;1.28523;2025.03.12 14:30:05;1.29858;;;;cancelled
2025.03.12 11:00:03;Sell Stop;0.06;GBPUSD;1.29123;1.31523;1.28523;2025.03.12 14:30:04;1.29864;;;;cancelled
2025.03.12 11:00:03;Sell Stop;0.06;GBPUSD;1.29123;1.31523;1.28523;2025.03.12 14:30:04;1.29864;;;;cancelled
2025.03.12 11:00:05;Sell Stop;0.06;GBPUSD;1.29123;1.31523;1.28523;2025.03.12 14:30:03;1.29875;;;;cancelled
2025.03.12 11:00:09;Sell Stop;0.06;GBPUSD;1.29123;1.31523;1.28523;2025.03.12 14:30:02;1.29798;;;;cancelled
2025.03.12 11:00:08;Sell Stop;0.06;GBPUSD;1.29123;1.31523;1.28523;2025.03.12 14:30:02;1.29847;;;;cancelled
2025.03.12 11:00:06;Sell Stop;0.06;GBPUSD;1.29123;1.31523;1.28523;2025.03.12 14:30:02;1.29861;;;;cancelled
2025.03.12 11:00:00;Buy Stop;0.72;GBPUSD;1.29668;1.27268;1.29738;2025.03.12 12:48:39;1.29303;;;;cancelled
2025.03.12 11:00:00;Buy Stop;0.54;GBPUSD;1.29668;1.27268;1.30268;2025.03.12 12:48:39;1.29303;;;;cancelled
2025.03.06 16:02:01;Buy;0.50;GBPUSD;1.28988;1.26585;1.29585;2025.03.11 20:12:59;1.29585;-3.50;-4.95;298.50;[tp]
2025.03.11 11:52:42;Buy;0.54;GBPUSD;1.29387;1.28720;1.29982;2025.03.11 16:36:42;1.29265;-3.78;;-65.88;
2025.03.11 11:00:01;Sell Stop;0.54;GBPUSD;1.28720;1.29382;1.28120;2025.03.11 11:52:43;1.29381;;;;cancelled
2025.03.10 15:00:00;Sell Stop;0.50;GBPUSD;1.29007;1.31407;1.28407;2025.03.10 15:16:36;1.29464;;;;cancelled
2025.03.10 12:30:16;Buy;0.06;GBPUSD;1.29238;1.26837;1.29837;2025.03.10 13:50:20;1.29302;-0.42;;3.84;
2025.03.10 12:30:16;Buy;0.06;GBPUSD;1.29238;1.26837;1.29837;2025.03.10 13:50:19;1.29301;-0.42;;3.78;
2025.03.10 12:30:16;Buy;0.06;GBPUSD;1.29238;1.26837;1.29837;2025.03.10 13:50:18;1.29303;-0.42;;3.90;
2025.03.10 12:30:16;Buy;0.06;GBPUSD;1.29238;1.26837;1.29837;2025.03.10 13:50:18;1.29302;-0.42;;3.84;
2025.03.10 12:30:16;Buy;0.06;GBPUSD;1.29238;1.26837;1.29837;2025.03.10 13:50:17;1.29304;-0.42;;3.96;
2025.03.10 12:30:16;Buy;0.06;GBPUSD;1.29238;1.26837;1.29837;2025.03.10 13:50:17;1.29308;-0.42;;4.20;
2025.03.10 12:30:16;Buy;0.06;GBPUSD;1.29238;1.26837;1.29837;2025.03.10 13:50:16;1.29319;-0.42;;4.86;
2025.03.10 12:30:16;Buy;0.54;GBPUSD;1.29238;1.29318;1.29837;2025.03.10 13:50:16;1.29318;-3.78;;43.20;[sl]
2025.03.10 12:30:16;Buy;0.72;GBPUSD;1.29238;1.26837;1.29307;2025.03.10 12:48:51;1.29307;-5.04;;49.68;[tp]
2025.03.10 11:00:18;Sell Stop;0.06;GBPUSD;1.28730;1.31130;1.28130;2025.03.10 12:30:19;1.29239;;;;cancelled
2025.03.10 11:00:03;Sell Stop;0.06;GBPUSD;1.28730;1.31130;1.28130;2025.03.10 12:30:19;1.29238;;;;cancelled
2025.03.10 11:00:20;Sell Stop;0.06;GBPUSD;1.28730;1.31130;1.28130;2025.03.10 12:30:18;1.29237;;;;cancelled
2025.03.10 11:00:19;Sell Stop;0.06;GBPUSD;1.28730;1.31130;1.28130;2025.03.10 12:30:18;1.29236;;;;cancelled
2025.03.10 11:00:23;Sell Stop;0.06;GBPUSD;1.28730;1.31130;1.28130;2025.03.10 12:30:17;1.29237;;;;cancelled
2025.03.10 11:00:21;Sell Stop;0.06;GBPUSD;1.28730;1.31130;1.28130;2025.03.10 12:30:17;1.29236;;;;cancelled
2025.03.10 11:00:21;Sell Stop;0.06;GBPUSD;1.28730;1.31130;1.28130;2025.03.10 12:30:17;1.29237;;;;cancelled
2025.03.06 11:06:54;Buy;0.54;GBPUSD;1.29022;1.28821;1.29624;2025.03.06 11:30:01;1.28798;-3.78;;-120.96;[sl]
2025.03.05 11:02:10;Buy;0.05;USDCHF;0.88649;;0.89197;2025.03.06 05:05:44;0.89197;-0.35;0.93;30.72;[tp]
2025.03.04 11:29:19;Buy;0.03;USDCHF;0.89147;;0.89197;2025.03.06 05:05:44;0.89197;-0.21;0.75;1.68;[tp]
2025.03.03 20:13:15;Buy;0.02;USDCHF;0.89643;;0.89197;2025.03.06 05:05:44;0.89197;-0.14;0.61;-10.00;[tp]
2025.02.27 08:04:48;Sell;0.04;EURUSD;1.04664;;;2025.03.05 15:03:41;1.06935;-0.28;0.28;-90.84;
2025.03.04 13:51:03;Sell;0.09;EURUSD;1.05372;;;2025.03.05 15:03:40;1.06914;-0.63;0.15;-138.78;
2025.03.03 17:29:57;Sell;0.07;EURUSD;1.05001;;;2025.03.05 15:03:40;1.06936;-0.49;0.24;-135.45;
2025.03.05 15:00:00;Buy Stop;0.50;GBPUSD;1.28438;1.26038;1.29038;2025.03.05 15:03:39;1.28098;;;;cancelled
2025.03.04 20:13:16;Sell;0.09;EURUSD;1.05708;;;2025.03.05 15:03:38;1.06873;-0.63;0.15;-104.85;
2025.03.04 22:13:02;Sell;0.09;EURUSD;1.06113;;;2025.03.05 15:03:36;1.06969;-0.63;0.15;-77.04;
2025.03.05 09:26:37;Sell;0.09;EURUSD;1.06531;;;2025.03.05 15:03:35;1.06976;-0.63;;-40.05;
2025.03.05 10:54:55;Sell;0.09;EURUSD;1.06971;;;2025.03.05 15:03:34;1.06968;-0.63;;0.27;
2025.03.05 15:03:33;Balance;;;;;;;;;;-25 000.00;
2025.02.27 00:02:12;Buy;0.01;EURGBP;0.82772;;0.83301;2025.03.05 11:00:08;0.83301;-0.07;-0.41;6.79;[tp]
2025.02.18 00:05:02;Buy;0.01;EURGBP;0.83130;;0.83301;2025.03.05 11:00:08;0.83301;-0.07;-1.53;2.19;[tp]
2025.02.17 00:00:00;Buy;0.01;EURGBP;0.83401;;0.83301;2025.03.05 11:00:08;0.83301;-0.07;-1.63;-1.29;[tp]
2025.02.28 18:30:01;Sell;0.25;GBPUSD;1.25821;1.28224;1.25224;2025.03.05 10:06:41;1.28225;-1.75;-3.09;-601.00;[sl]
2025.03.04 15:08:48;Buy;0.25;GBPUSD;1.27528;1.25128;1.28128;2025.03.05 09:33:30;1.28128;-1.75;-0.83;150.00;[tp]
2025.02.19 00:41:20;Buy;0.02;EURGBP;0.82694;;0.83119;2025.03.05 01:14:38;0.83119;-0.14;-2.93;10.88;[tp]
2025.02.17 11:18:01;Buy;0.02;EURGBP;0.83144;;0.83119;2025.03.05 01:14:38;0.83119;-0.14;-3.35;-0.63;[tp]
2025.02.28 03:31:46;Buy;0.02;AUDUSD;0.62264;;0.62710;2025.03.04 23:47:56;0.62712;-0.14;-0.14;8.96;[tp]
2025.02.27 15:46:23;Buy;0.02;AUDUSD;0.62756;;0.62710;2025.03.04 23:47:56;0.62712;-0.14;-0.21;-0.88;[tp]
2025.03.04 11:00:01;Sell Stop;0.72;GBPUSD;1.26776;1.29176;1.26706;2025.03.04 20:00:00;1.27434;;;;cancelled
2025.03.04 11:00:01;Sell Stop;0.54;GBPUSD;1.26776;1.29176;1.26176;2025.03.04 20:00:00;1.27434;;;;cancelled
2025.03.04 15:10:22;Sell;0.07;EURUSD;1.05585;;1.05037;2025.03.04 17:20:06;1.05036;-0.49;;38.43;[tp]
2025.03.04 13:51:13;Sell;0.05;EURUSD;1.05386;;1.05037;2025.03.04 17:20:06;1.05036;-0.35;;17.50;[tp]
2025.03.04 10:31:09;Sell;0.04;EURUSD;1.05189;;1.05037;2025.03.04 17:20:06;1.05036;-0.28;;6.12;[tp]
2025.03.03 17:29:48;Sell;0.03;EURUSD;1.04987;;1.05037;2025.03.04 17:20:06;1.05036;-0.21;0.05;-1.47;[tp]
2025.03.03 16:21:53;Sell;0.02;EURUSD;1.04779;;1.05037;2025.03.04 17:20:06;1.05036;-0.14;0.03;-5.14;[tp]
2025.03.03 13:44:31;Sell;0.02;EURUSD;1.04574;;1.05037;2025.03.04 17:20:06;1.05036;-0.14;0.03;-9.24;[tp]
2025.02.27 15:30:01;Buy;0.25;GBPUSD;1.26905;1.25399;1.27505;2025.03.04 14:54:13;1.27517;-1.75;-2.49;153.00;[tp]
2025.03.04 11:33:05;Buy;0.06;GBPUSD;1.27250;1.24850;1.27850;2025.03.04 11:43:39;1.27317;-0.42;;4.02;
2025.03.04 11:33:05;Buy;0.06;GBPUSD;1.27250;1.24850;1.27850;2025.03.04 11:43:38;1.27318;-0.42;;4.08;
2025.03.04 11:33:05;Buy;0.06;GBPUSD;1.27250;1.24850;1.27850;2025.03.04 11:43:37;1.27318;-0.42;;4.08;
2025.03.04 11:33:05;Buy;0.06;GBPUSD;1.27250;1.24850;1.27850;2025.03.04 11:43:37;1.27319;-0.42;;4.14;
2025.03.04 11:33:05;Buy;0.06;GBPUSD;1.27250;1.24850;1.27850;2025.03.04 11:43:36;1.27318;-0.42;;4.08;
2025.03.04 11:33:05;Buy;0.06;GBPUSD;1.27250;1.24850;1.27850;2025.03.04 11:43:36;1.27319;-0.42;;4.14;
2025.03.04 11:33:05;Buy;0.06;GBPUSD;1.27250;1.24850;1.27850;2025.03.04 11:43:35;1.27321;-0.42;;4.26;
2025.03.04 11:00:01;Sell Stop;0.06;GBPUSD;1.26776;1.29176;1.26176;2025.03.04 11:33:09;1.27243;;;;cancelled
2025.03.04 11:00:04;Sell Stop;0.06;GBPUSD;1.26776;1.29176;1.26176;2025.03.04 11:33:08;1.27245;;;;cancelled
2025.03.04 11:00:03;Sell Stop;0.06;GBPUSD;1.26776;1.29176;1.26176;2025.03.04 11:33:08;1.27245;;;;cancelled
2025.03.04 11:00:06;Sell Stop;0.06;GBPUSD;1.26776;1.29176;1.26176;2025.03.04 11:33:07;1.27244;;;;cancelled
2025.03.04 11:00:11;Sell Stop;0.06;GBPUSD;1.26776;1.29176;1.26176;2025.03.04 11:33:06;1.27247;;;;cancelled
2025.03.04 11:00:10;Sell Stop;0.06;GBPUSD;1.26776;1.29176;1.26176;2025.03.04 11:33:06;1.27246;;;;cancelled
2025.03.04 11:00:08;Sell Stop;0.06;GBPUSD;1.26776;1.29176;1.26176;2025.03.04 11:33:06;1.27245;;;;cancelled
2025.03.04 03:34:24;Buy;0.02;USDJPY;148.609;;148.808;2025.03.04 03:40:21;148.809;-0.14;;2.69;[tp]
2025.03.04 03:34:24;Buy;0.02;USDJPY;148.609;;148.808;2025.03.04 03:40:21;148.809;-0.14;;2.69;[tp]
2025.03.03 22:37:12;Sell;0.02;USDCAD;1.45398;;1.45205;2025.03.03 22:54:44;1.45203;-0.14;;2.69;[tp]
2025.02.27 15:49:38;Sell;0.02;USDCAD;1.44218;;1.43994;2025.03.03 16:37:12;1.43994;-0.14;-0.24;3.11;[tp]
2025.03.03 11:10:53;Buy;0.06;GBPUSD;1.26092;1.23691;1.26691;2025.03.03 11:16:12;1.26151;-0.42;;3.54;
2025.03.03 11:10:53;Buy;0.06;GBPUSD;1.26092;1.23691;1.26691;2025.03.03 11:16:11;1.26146;-0.42;;3.24;
2025.03.03 11:10:53;Buy;0.06;GBPUSD;1.26092;1.23691;1.26691;2025.03.03 11:16:09;1.26145;-0.42;;3.18;
2025.03.03 11:10:53;Buy;0.06;GBPUSD;1.26092;1.23691;1.26691;2025.03.03 11:16:09;1.26148;-0.42;;3.36;
2025.03.03 11:10:53;Buy;0.06;GBPUSD;1.26092;1.23691;1.26691;2025.03.03 11:16:08;1.26147;-0.42;;3.30;
2025.03.03 11:10:53;Buy;0.06;GBPUSD;1.26092;1.23691;1.26691;2025.03.03 11:16:08;1.26149;-0.42;;3.42;
2025.03.03 11:10:53;Buy;0.06;GBPUSD;1.26092;1.23691;1.26691;2025.03.03 11:16:07;1.26148;-0.42;;3.36;
2025.03.03 11:10:53;Buy;0.54;GBPUSD;1.26092;1.26148;1.26691;2025.03.03 11:16:07;1.26149;-3.78;;30.78;[sl]
2025.03.03 11:10:53;Buy;0.72;GBPUSD;1.26093;1.23691;1.26161;2025.03.03 11:15:50;1.26161;-5.04;;48.96;[tp]
2025.03.03 11:00:01;Sell Stop;0.06;GBPUSD;1.25813;1.28213;1.25213;2025.03.03 11:10:58;1.26090;;;;cancelled
2025.03.03 11:00:02;Sell Stop;0.06;GBPUSD;1.25813;1.28213;1.25213;2025.03.03 11:10:57;1.26090;;;;cancelled
2025.03.03 11:00:04;Sell Stop;0.06;GBPUSD;1.25813;1.28213;1.25213;2025.03.03 11:10:56;1.26090;;;;cancelled
2025.03.03 11:00:08;Sell Stop;0.06;GBPUSD;1.25813;1.28213;1.25213;2025.03.03 11:10:55;1.26090;;;;cancelled
2025.03.03 11:00:06;Sell Stop;0.06;GBPUSD;1.25813;1.28213;1.25213;2025.03.03 11:10:55;1.26090;;;;cancelled
2025.03.03 11:00:10;Sell Stop;0.06;GBPUSD;1.25813;1.28213;1.25213;2025.03.03 11:10:54;1.26090;;;;cancelled
2025.03.03 11:00:12;Sell Stop;0.06;GBPUSD;1.25813;1.28213;1.25213;2025.03.03 11:10:53;1.26090;;;;cancelled
2025.03.03 11:00:01;Sell Stop;0.54;GBPUSD;1.25897;1.28297;1.25297;2025.03.03 11:10:53;1.26090;;;;cancelled
2025.03.03 11:00:01;Sell Stop;0.72;GBPUSD;1.25897;1.28297;1.25827;2025.03.03 11:10:53;1.26090;;;;cancelled
2025.02.27 13:01:42;Buy;0.54;GBPUSD;1.26813;1.26490;1.27413;2025.02.27 15:46:21;1.26465;-3.78;;-187.92;[sl]
2025.02.26 14:54:19;Buy;0.02;AUDUSD;0.63061;;0.63261;2025.02.26 19:29:01;0.63261;-0.14;;4.00;[tp]
2025.02.26 17:28:30;Buy;0.54;GBPUSD;1.26763;1.26341;1.27363;2025.02.26 17:33:59;1.26860;-3.78;;52.38;
2025.02.26 17:30:06;Buy;0.06;GBPUSD;1.26792;1.24385;1.27385;2025.02.26 17:31:55;1.26853;-0.42;;3.66;
2025.02.26 17:30:06;Buy;0.06;GBPUSD;1.26792;1.24385;1.27385;2025.02.26 17:31:55;1.26856;-0.42;;3.84;
2025.02.26 17:30:06;Buy;0.06;GBPUSD;1.26792;1.24385;1.27385;2025.02.26 17:31:54;1.26853;-0.42;;3.66;
2025.02.26 17:30:06;Buy;0.06;GBPUSD;1.26792;1.24385;1.27385;2025.02.26 17:31:54;1.26854;-0.42;;3.72;
2025.02.26 17:30:05;Buy;0.06;GBPUSD;1.26793;1.24385;1.27385;2025.02.26 17:31:53;1.26854;-0.42;;3.66;
2025.02.26 17:30:05;Buy;0.06;GBPUSD;1.26793;1.24385;1.27385;2025.02.26 17:31:53;1.26855;-0.42;;3.72;
2025.02.26 17:30:05;Buy;0.54;GBPUSD;1.26793;1.26853;1.27385;2025.02.26 17:31:52;1.26853;-3.78;;32.40;[sl]
2025.02.26 17:30:06;Buy;0.06;GBPUSD;1.26792;1.24385;1.27385;2025.02.26 17:31:52;1.26854;-0.42;;3.72;
2025.02.26 17:30:06;Buy;0.72;GBPUSD;1.26792;1.24385;1.26855;2025.02.26 17:31:16;1.26855;-5.04;;45.36;[tp]
2025.02.26 11:00:01;Sell Stop;0.06;GBPUSD;1.26341;1.28741;1.25741;2025.02.26 17:30:10;1.26791;;;;cancelled
2025.02.26 11:00:02;Sell Stop;0.06;GBPUSD;1.26341;1.28741;1.25741;2025.02.26 17:30:09;1.26792;;;;cancelled
2025.02.26 11:00:07;Sell Stop;0.06;GBPUSD;1.26341;1.28741;1.25741;2025.02.26 17:30:08;1.26788;;;;cancelled
2025.02.26 11:00:05;Sell Stop;0.06;GBPUSD;1.26341;1.28741;1.25741;2025.02.26 17:30:08;1.26791;;;;cancelled
2025.02.26 11:00:11;Sell Stop;0.06;GBPUSD;1.26341;1.28741;1.25741;2025.02.26 17:30:07;1.26779;;;;cancelled
2025.02.26 11:00:10;Sell Stop;0.06;GBPUSD;1.26341;1.28741;1.25741;2025.02.26 17:30:07;1.26781;;;;cancelled
2025.02.26 11:00:08;Sell Stop;0.06;GBPUSD;1.26341;1.28741;1.25741;2025.02.26 17:30:07;1.26783;;;;cancelled
2025.02.26 11:00:01;Sell Stop;0.72;GBPUSD;1.26341;1.28741;1.26271;2025.02.26 17:30:07;1.26780;;;;cancelled
2025.02.26 11:00:01;Sell Stop;0.54;GBPUSD;1.26341;1.28741;1.25741;2025.02.26 17:30:07;1.26779;;;;cancelled
2025.02.07 16:28:28;Buy;0.09;USDCAD;1.42909;;;2025.02.26 07:40:05;1.43317;-0.63;0.50;25.62;
2025.02.05 08:23:58;Buy;0.09;USDCAD;1.43238;;;2025.02.26 07:40:05;1.43318;-0.63;0.61;5.02;
2025.02.14 09:11:20;Buy;0.09;USDCAD;1.41676;;;2025.02.26 07:40:04;1.43317;-0.63;0.30;103.05;
2025.02.13 17:24:06;Buy;0.09;USDCAD;1.42132;;;2025.02.26 07:40:04;1.43317;-0.63;0.33;74.42;
2025.02.12 19:56:10;Buy;0.09;USDCAD;1.42577;;;2025.02.26 07:40:04;1.43316;-0.63;0.41;46.41;
2025.02.03 23:42:28;Buy;0.09;USDCAD;1.44108;;;2025.02.26 07:40:04;1.43317;-0.63;0.67;-49.67;
2025.02.03 19:56:16;Buy;0.07;USDCAD;1.45342;;;2025.02.26 07:40:03;1.43317;-0.49;0.49;-98.91;
2025.02.03 15:03:38;Buy;0.04;USDCAD;1.46448;;1.46470;2025.02.26 07:40:01;1.43317;-0.28;0.26;-87.39;
2025.02.03 00:01:02;Buy;0.03;USDCAD;1.47408;;;2025.02.26 07:39:59;1.43319;-0.21;0.23;-85.59;
2025.02.03 00:01:01;Sell;0.03;USDCAD;1.47353;;;2025.02.26 07:39:57;1.43323;-0.21;-4.14;84.35;
2025.02.25 11:00:00;Sell Stop;0.54;GBPUSD;1.26143;1.26488;1.25543;2025.02.25 20:30:00;1.26618;;;;cancelled
2025.02.25 12:03:16;Buy;0.02;NZDCAD;0.81496;;0.81696;2025.02.25 15:49:47;0.81696;-0.14;;2.81;[tp]
2025.02.25 15:05:19;Buy;0.25;GBPUSD;1.26633;1.25131;1.26731;2025.02.25 15:34:29;1.26731;-1.75;;24.50;[tp]
2025.02.25 15:00:00;Sell Stop;0.25;GBPUSD;1.26143;1.27643;1.26043;2025.02.25 15:05:19;1.26628;;;;cancelled
2025.02.25 13:36:20;Buy;0.06;GBPUSD;1.26400;1.23999;1.26999;2025.02.25 13:57:31;1.26467;-0.42;;4.02;
2025.02.25 13:36:20;Buy;0.06;GBPUSD;1.26400;1.23999;1.26999;2025.02.25 13:57:31;1.26466;-0.42;;3.96;
2025.02.25 13:36:20;Buy;0.06;GBPUSD;1.26400;1.23999;1.26999;2025.02.25 13:57:30;1.26465;-0.42;;3.90;
2025.02.25 13:36:20;Buy;0.06;GBPUSD;1.26400;1.23999;1.26999;2025.02.25 13:57:29;1.26463;-0.42;;3.78;
2025.02.25 13:36:20;Buy;0.06;GBPUSD;1.26400;1.23999;1.26999;2025.02.25 13:57:29;1.26466;-0.42;;3.96;
2025.02.25 13:36:20;Buy;0.06;GBPUSD;1.26400;1.23999;1.26999;2025.02.25 13:57:28;1.26465;-0.42;;3.90;
2025.02.25 13:36:20;Buy;0.06;GBPUSD;1.26400;1.23999;1.26999;2025.02.25 13:57:28;1.26465;-0.42;;3.90;
2025.02.25 13:36:20;Buy;0.54;GBPUSD;1.26400;1.26467;1.26999;2025.02.25 13:57:28;1.26465;-3.78;;35.10;[sl]
2025.02.25 13:36:20;Buy;0.72;GBPUSD;1.26400;1.23999;1.26469;2025.02.25 13:53:02;1.26469;-5.04;;49.68;[tp]
2025.02.25 11:00:01;Sell Stop;0.06;GBPUSD;1.26143;1.28543;1.25543;2025.02.25 13:36:26;1.26399;;;;cancelled
2025.02.25 11:00:01;Sell Stop;0.06;GBPUSD;1.26143;1.28543;1.25543;2025.02.25 13:36:25;1.26399;;;;cancelled
2025.02.25 11:00:03;Sell Stop;0.06;GBPUSD;1.26143;1.28543;1.25543;2025.02.25 13:36:23;1.26399;;;;cancelled
2025.02.25 11:00:08;Sell Stop;0.06;GBPUSD;1.26143;1.28543;1.25543;2025.02.25 13:36:22;1.26394;;;;cancelled
2025.02.25 11:00:07;Sell Stop;0.06;GBPUSD;1.26143;1.28543;1.25543;2025.02.25 13:36:22;1.26399;;;;cancelled
2025.02.25 11:00:12;Sell Stop;0.06;GBPUSD;1.26143;1.28543;1.25543;2025.02.25 13:36:21;1.26397;;;;cancelled
2025.02.25 11:00:10;Sell Stop;0.06;GBPUSD;1.26143;1.28543;1.25543;2025.02.25 13:36:21;1.26397;;;;cancelled
2025.02.25 11:00:01;Sell Stop;0.54;GBPUSD;1.26143;1.28543;1.25543;2025.02.25 13:36:21;1.26397;;;;cancelled
2025.02.25 11:00:01;Sell Stop;0.72;GBPUSD;1.26143;1.28543;1.26073;2025.02.25 13:36:21;1.26397;;;;cancelled
2025.02.24 16:40:00;Sell;0.25;GBPUSD;1.26245;1.27746;1.26146;2025.02.24 16:47:43;1.26146;-1.75;;24.75;[tp]
2025.02.21 17:24:43;Sell;0.25;GBPUSD;1.26358;1.27858;1.26258;2025.02.21 20:34:16;1.26256;-1.75;;25.50;[tp]
2025.02.21 11:00:00;Buy Stop;0.54;GBPUSD;1.26711;1.26524;1.27311;2025.02.21 20:30:00;1.26315;;;;cancelled
2025.02.20 11:00:00;Sell Stop;0.54;GBPUSD;1.25745;1.26035;1.25145;2025.02.20 20:30:00;1.26564;;;;cancelled
2025.02.20 15:22:53;Buy;0.25;GBPUSD;1.26189;1.24685;1.26285;2025.02.20 17:21:21;1.26285;-1.75;;24.00;[tp]
2025.02.19 11:41:01;Sell;0.06;GBPUSD;1.26059;1.28463;1.25463;2025.02.19 12:07:35;1.26011;-0.42;;2.88;
2025.02.19 11:41:01;Sell;0.06;GBPUSD;1.26059;1.28463;1.25463;2025.02.19 12:07:35;1.26012;-0.42;;2.82;
2025.02.19 11:41:01;Sell;0.06;GBPUSD;1.26059;1.28463;1.25463;2025.02.19 12:07:34;1.26011;-0.42;;2.88;
2025.02.19 11:41:01;Sell;0.06;GBPUSD;1.26059;1.28463;1.25463;2025.02.19 12:07:33;1.26011;-0.42;;2.88;
2025.02.19 11:41:01;Sell;0.06;GBPUSD;1.26059;1.28463;1.25463;2025.02.19 12:07:33;1.26011;-0.42;;2.88;
2025.02.19 11:41:01;Sell;0.06;GBPUSD;1.26059;1.28463;1.25463;2025.02.19 12:07:33;1.26011;-0.42;;2.88;
2025.02.19 11:41:01;Sell;0.54;GBPUSD;1.26059;1.26008;1.25463;2025.02.19 12:07:32;1.26009;-3.78;;27.00;[sl]
2025.02.19 11:41:01;Sell;0.06;GBPUSD;1.26059;1.28463;1.25463;2025.02.19 12:07:32;1.26011;-0.42;;2.88;
2025.02.19 11:41:01;Sell;0.72;GBPUSD;1.26059;1.28463;1.25993;2025.02.19 12:06:24;1.25990;-5.04;;49.68;[tp]
2025.02.19 11:00:01;Buy Stop;0.06;GBPUSD;1.26387;1.23987;1.26987;2025.02.19 11:41:06;1.26056;;;;cancelled
2025.02.19 11:00:00;Buy Stop;0.06;GBPUSD;1.26387;1.23987;1.26987;2025.02.19 11:41:06;1.26053;;;;cancelled
2025.02.19 11:00:02;Buy Stop;0.06;GBPUSD;1.26387;1.23987;1.26987;2025.02.19 11:41:04;1.26057;;;;cancelled
2025.02.19 11:00:03;Buy Stop;0.06;GBPUSD;1.26387;1.23987;1.26987;2025.02.19 11:41:03;1.26057;;;;cancelled
2025.02.19 11:00:06;Buy Stop;0.06;GBPUSD;1.26387;1.23987;1.26987;2025.02.19 11:41:02;1.26058;;;;cancelled
2025.02.19 11:00:05;Buy Stop;0.06;GBPUSD;1.26387;1.23987;1.26987;2025.02.19 11:41:02;1.26059;;;;cancelled
2025.02.19 11:00:03;Buy Stop;0.06;GBPUSD;1.26387;1.23987;1.26987;2025.02.19 11:41:02;1.26057;;;;cancelled
2025.02.19 11:00:00;Buy Stop;0.54;GBPUSD;1.26373;1.23973;1.26973;2025.02.19 11:41:01;1.26058;;;;cancelled
2025.02.19 11:00:00;Buy Stop;0.72;GBPUSD;1.26373;1.23973;1.26443;2025.02.19 11:41:01;1.26058;;;;cancelled
2025.02.13 15:30:00;Sell;0.30;GBPUSD;1.24595;1.26988;1.23988;2025.02.19 08:29:32;1.26239;-2.10;-4.92;-493.20;
2025.02.14 15:16:52;Buy;0.30;GBPUSD;1.25972;1.23572;1.26572;2025.02.19 08:29:30;1.26239;-2.10;-2.97;80.10;
2025.02.17 16:21:24;Sell;0.60;GBPUSD;1.25868;1.28268;1.25268;2025.02.19 08:29:29;1.26242;-4.20;-4.92;-224.40;
2025.02.18 16:27:09;Buy;0.60;GBPUSD;1.26087;1.23687;1.26687;2025.02.19 08:29:28;1.26240;-4.20;-1.98;91.80;
2025.02.18 11:00:00;Buy Stop;0.54;GBPUSD;1.26290;1.25918;1.26890;2025.02.18 20:30:00;1.25975;;;;cancelled
2025.02.18 11:02:04;Buy;0.06;GBPUSD;1.26131;1.23731;1.26731;2025.02.18 17:35:59;1.26187;-0.42;;3.36;
2025.02.18 11:02:04;Buy;0.06;GBPUSD;1.26131;1.23731;1.26731;2025.02.18 17:35:58;1.26184;-0.42;;3.18;
2025.02.18 11:02:04;Buy;0.06;GBPUSD;1.26131;1.23731;1.26731;2025.02.18 17:35:56;1.26177;-0.42;;2.76;
2025.02.18 11:02:04;Buy;0.06;GBPUSD;1.26131;1.23731;1.26731;2025.02.18 17:35:56;1.26178;-0.42;;2.82;
2025.02.18 11:02:04;Buy;0.06;GBPUSD;1.26131;1.23731;1.26731;2025.02.18 17:35:55;1.26179;-0.42;;2.88;
2025.02.18 11:02:04;Buy;0.06;GBPUSD;1.26131;1.23731;1.26731;2025.02.18 17:35:55;1.26180;-0.42;;2.94;
2025.02.18 11:02:04;Buy;0.06;GBPUSD;1.26131;1.23731;1.26731;2025.02.18 17:35:55;1.26182;-0.42;;3.06;
2025.02.18 11:02:04;Buy;0.54;GBPUSD;1.26131;1.26183;1.26731;2025.02.18 17:35:54;1.26183;-3.78;;28.08;[sl]
2025.02.18 11:02:04;Buy;0.72;GBPUSD;1.26132;1.23752;1.26201;2025.02.18 17:35:48;1.26202;-5.04;;50.40;[tp]
2025.02.18 11:00:00;Sell Stop;0.06;GBPUSD;1.25918;1.28318;1.25318;2025.02.18 11:02:08;1.26122;;;;cancelled
2025.02.18 11:00:01;Sell Stop;0.06;GBPUSD;1.25918;1.28318;1.25318;2025.02.18 11:02:07;1.26121;;;;cancelled
2025.02.18 11:00:05;Sell Stop;0.06;GBPUSD;1.25918;1.28318;1.25318;2025.02.18 11:02:06;1.26127;;;;cancelled
2025.02.18 11:00:03;Sell Stop;0.06;GBPUSD;1.25918;1.28318;1.25318;2025.02.18 11:02:06;1.26129;;;;cancelled
2025.02.18 11:00:11;Sell Stop;0.06;GBPUSD;1.25918;1.28318;1.25318;2025.02.18 11:02:05;1.26127;;;;cancelled
2025.02.18 11:00:09;Sell Stop;0.06;GBPUSD;1.25918;1.28318;1.25318;2025.02.18 11:02:05;1.26129;;;;cancelled
2025.02.18 11:00:07;Sell Stop;0.06;GBPUSD;1.25918;1.28318;1.25318;2025.02.18 11:02:05;1.26129;;;;cancelled
2025.02.18 11:00:00;Sell Stop;0.72;GBPUSD;1.25918;1.28318;1.25848;2025.02.18 11:02:05;1.26127;;;;cancelled
2025.02.18 11:00:00;Sell Stop;0.54;GBPUSD;1.25918;1.28318;1.25318;2025.02.18 11:02:05;1.26127;;;;cancelled
2025.02.14 16:42:12;Buy;0.03;USDCHF;0.89795;;0.90194;2025.02.18 03:29:06;0.90194;-0.21;0.37;13.27;[tp]
2025.02.14 02:43:19;Buy;0.02;USDCHF;0.90292;;0.90194;2025.02.18 03:29:06;0.90194;-0.14;0.24;-2.17;[tp]
2025.02.17 15:00:00;Buy Stop;0.60;GBPUSD;1.26090;1.23690;1.26690;2025.02.17 16:21:24;1.25870;;;;cancelled
2025.02.17 11:13:59;Buy;0.06;GBPUSD;1.26007;1.23604;1.26604;2025.02.17 14:16:46;1.26059;-0.42;;3.12;
2025.02.17 11:13:59;Buy;0.06;GBPUSD;1.26007;1.23604;1.26604;2025.02.17 14:16:45;1.26060;-0.42;;3.18;
2025.02.17 11:13:59;Buy;0.06;GBPUSD;1.26007;1.23604;1.26604;2025.02.17 14:16:43;1.26060;-0.42;;3.18;
2025.02.17 11:13:59;Buy;0.06;GBPUSD;1.26007;1.23604;1.26604;2025.02.17 14:16:43;1.26059;-0.42;;3.12;
2025.02.17 11:13:59;Buy;0.06;GBPUSD;1.26007;1.23604;1.26604;2025.02.17 14:16:43;1.26060;-0.42;;3.18;
2025.02.17 11:13:59;Buy;0.06;GBPUSD;1.26007;1.23604;1.26604;2025.02.17 14:16:42;1.26060;-0.42;;3.18;
2025.02.17 11:13:59;Buy;0.06;GBPUSD;1.26007;1.23604;1.26604;2025.02.17 14:16:42;1.26061;-0.42;;3.24;
2025.02.17 11:13:59;Buy;0.54;GBPUSD;1.26007;1.26060;1.26604;2025.02.17 14:16:41;1.26060;-3.78;;28.62;[sl]
2025.02.17 11:13:59;Buy;0.72;GBPUSD;1.26008;1.23604;1.26074;2025.02.17 14:14:49;1.26074;-5.04;;47.52;[tp]
2025.02.17 11:00:01;Sell Stop;0.06;GBPUSD;1.25823;1.28223;1.25223;2025.02.17 11:14:04;1.26004;;;;cancelled
2025.02.17 11:00:03;Sell Stop;0.06;GBPUSD;1.25823;1.28223;1.25223;2025.02.17 11:14:03;1.26004;;;;cancelled
2025.02.17 11:00:05;Sell Stop;0.06;GBPUSD;1.25823;1.28223;1.25223;2025.02.17 11:14:02;1.26006;;;;cancelled
2025.02.17 11:00:07;Sell Stop;0.06;GBPUSD;1.25823;1.28223;1.25223;2025.02.17 11:14:01;1.26002;;;;cancelled
2025.02.17 11:00:10;Sell Stop;0.06;GBPUSD;1.25823;1.28223;1.25223;2025.02.17 11:14:00;1.25999;;;;cancelled
2025.02.17 11:00:08;Sell Stop;0.06;GBPUSD;1.25823;1.28223;1.25223;2025.02.17 11:14:00;1.25999;;;;cancelled
2025.02.17 11:00:11;Sell Stop;0.06;GBPUSD;1.25823;1.28223;1.25223;2025.02.17 11:13:59;1.26001;;;;cancelled
2025.02.17 11:00:01;Sell Stop;0.72;GBPUSD;1.25823;1.28223;1.25753;2025.02.17 11:13:59;1.26001;;;;cancelled
2025.02.17 11:00:01;Sell Stop;0.54;GBPUSD;1.25823;1.28223;1.25223;2025.02.17 11:13:59;1.26001;;;;cancelled
2025.02.14 11:30:57;Buy;0.54;GBPUSD;1.25957;1.25488;1.26557;2025.02.14 15:47:33;1.26080;-3.78;;66.42;
2025.02.14 09:11:13;Buy;0.02;USDCAD;1.41687;;1.41887;2025.02.14 13:31:13;1.41887;-0.14;;2.82;[tp]
2025.02.13 19:23:30;Buy;0.02;USDCHF;0.90403;;0.90603;2025.02.13 20:43:19;0.90606;-0.14;;4.48;[tp]
2025.02.13 15:00:00;Buy Stop;0.30;GBPUSD;1.25063;1.22663;1.25663;2025.02.13 15:30:01;1.24698;;;;cancelled
2025.02.11 23:36:08;Buy;0.01;EURGBP;0.83243;;0.83443;2025.02.12 16:07:24;0.83443;-0.07;-0.10;2.48;[tp]
2025.02.12 15:30:02;Sell;0.30;GBPUSD;1.23820;1.25866;;2025.02.12 15:40:41;1.23825;-2.10;;-1.50;
2025.02.12 15:00:00;Buy Stop;0.30;GBPUSD;1.24630;1.23130;1.24730;2025.02.12 15:30:02;1.23895;;;;cancelled
2025.02.12 11:00:00;Buy Stop;0.54;GBPUSD;1.24513;1.24397;1.25113;2025.02.12 11:01:51;1.24426;;;;cancelled
2025.02.12 11:00:18;Sell Stop;0.06;GBPUSD;1.24397;1.26797;1.23797;2025.02.12 11:01:50;1.24423;;;;cancelled
2025.02.12 11:00:14;Buy Stop;0.06;GBPUSD;1.24594;1.22194;1.25194;2025.02.12 11:01:48;1.24424;;;;cancelled
2025.02.12 11:00:01;Sell Stop;0.06;GBPUSD;1.24397;1.26797;1.23797;2025.02.12 11:01:46;1.24435;;;;cancelled
2025.02.12 11:00:02;Sell Stop;0.06;GBPUSD;1.24397;1.26797;1.23797;2025.02.12 11:01:44;1.24435;;;;cancelled
2025.02.12 11:00:01;Buy Stop;0.06;GBPUSD;1.24594;1.22194;1.25194;2025.02.12 11:01:44;1.24438;;;;cancelled
2025.02.12 11:00:02;Buy Stop;0.06;GBPUSD;1.24594;1.22194;1.25194;2025.02.12 11:01:43;1.24437;;;;cancelled
2025.02.12 11:00:04;Buy Stop;0.06;GBPUSD;1.24594;1.22194;1.25194;2025.02.12 11:01:40;1.24435;;;;cancelled
2025.02.12 11:00:03;Sell Stop;0.06;GBPUSD;1.24397;1.26797;1.23797;2025.02.12 11:01:40;1.24434;;;;cancelled
2025.02.12 11:00:10;Buy Stop;0.06;GBPUSD;1.24594;1.22194;1.25194;2025.02.12 11:01:39;1.24431;;;;cancelled
2025.02.12 11:00:04;Sell Stop;0.06;GBPUSD;1.24397;1.26797;1.23797;2025.02.12 11:01:39;1.24428;;;;cancelled
2025.02.12 11:00:12;Sell Stop;0.06;GBPUSD;1.24397;1.26797;1.23797;2025.02.12 11:01:37;1.24426;;;;cancelled
2025.02.12 11:00:01;Buy Stop;0.06;GBPUSD;1.24594;1.22194;1.25194;2025.02.12 11:01:35;1.24429;;;;cancelled
2025.02.12 11:00:00;Sell Stop;0.06;GBPUSD;1.24397;1.26797;1.23797;2025.02.12 11:01:33;1.24427;;;;cancelled
2025.02.12 11:00:00;Buy Stop;0.06;GBPUSD;1.24594;1.22194;1.25194;2025.02.12 11:01:29;1.24429;;;;cancelled
2025.02.12 11:00:00;Sell Stop;0.72;GBPUSD;1.24397;1.26797;1.24327;2025.02.12 11:01:19;1.24423;;;;cancelled
2025.02.12 11:00:00;Buy Stop;0.72;GBPUSD;1.24594;1.22194;1.24664;2025.02.12 11:01:16;1.24425;;;;cancelled
2025.02.12 11:00:00;Sell Stop;0.54;GBPUSD;1.24397;1.26797;1.23797;2025.02.12 11:01:12;1.24422;;;;cancelled
2025.02.12 11:00:00;Buy Stop;0.54;GBPUSD;1.24594;1.22194;1.25194;2025.02.12 11:01:10;1.24425;;;;cancelled
2025.02.11 11:00:00;Sell Stop;0.54;GBPUSD;1.23441;1.24087;1.22841;2025.02.11 20:30:00;1.24250;;;;cancelled
2025.02.10 11:32:46;Buy;0.72;GBPUSD;1.24155;1.22235;1.24224;2025.02.11 18:12:33;1.24186;-5.04;-2.38;22.32;
2025.02.10 11:32:46;Buy;0.06;GBPUSD;1.24155;1.21754;1.24754;2025.02.11 18:12:25;1.24190;-0.42;-0.20;2.10;
2025.02.10 11:32:46;Buy;0.06;GBPUSD;1.24155;1.21754;1.24754;2025.02.11 18:12:20;1.24186;-0.42;-0.20;1.86;
2025.02.10 11:32:46;Buy;0.06;GBPUSD;1.24155;1.21754;1.24754;2025.02.11 18:12:15;1.24187;-0.42;-0.20;1.92;
2025.02.10 11:32:46;Buy;0.06;GBPUSD;1.24155;1.21754;1.24754;2025.02.11 18:12:11;1.24187;-0.42;-0.20;1.92;
2025.02.10 11:32:46;Buy;0.06;GBPUSD;1.24155;1.21754;1.24754;2025.02.11 18:12:09;1.24187;-0.42;-0.20;1.92;
2025.02.10 11:32:46;Buy;0.06;GBPUSD;1.24155;1.21754;1.24754;2025.02.11 18:12:05;1.24186;-0.42;-0.20;1.86;
2025.02.10 11:32:46;Buy;0.06;GBPUSD;1.24155;1.21754;1.24754;2025.02.11 18:12:02;1.24184;-0.42;-0.20;1.74;
2025.02.10 11:32:46;Buy;0.54;GBPUSD;1.24155;1.22235;1.24754;2025.02.11 18:12:00;1.24182;-3.78;-1.78;14.58;
2025.02.11 15:04:32;Buy;0.30;GBPUSD;1.23831;1.22320;1.23920;2025.02.11 15:36:39;1.23922;-2.10;;27.30;[tp]
2025.02.11 11:05:05;Buy;0.72;GBPUSD;1.23682;1.21272;1.23812;2025.02.11 11:51:34;1.23708;-5.04;;18.72;
2025.02.11 11:05:05;Buy;0.06;GBPUSD;1.23681;1.21272;1.24272;2025.02.11 11:08:14;1.23748;-0.42;;4.02;
2025.02.11 11:05:05;Buy;0.06;GBPUSD;1.23681;1.21272;1.24272;2025.02.11 11:08:13;1.23748;-0.42;;4.02;
2025.02.11 11:05:05;Buy;0.06;GBPUSD;1.23681;1.21272;1.24272;2025.02.11 11:08:12;1.23749;-0.42;;4.08;
2025.02.11 11:05:05;Buy;0.06;GBPUSD;1.23681;1.21272;1.24272;2025.02.11 11:08:11;1.23750;-0.42;;4.14;
2025.02.11 11:05:05;Buy;0.06;GBPUSD;1.23681;1.21272;1.24272;2025.02.11 11:08:10;1.23751;-0.42;;4.20;
2025.02.11 11:05:05;Buy;0.06;GBPUSD;1.23681;1.21272;1.24272;2025.02.11 11:08:10;1.23749;-0.42;;4.08;
2025.02.11 11:05:05;Buy;0.06;GBPUSD;1.23681;1.21272;1.24272;2025.02.11 11:08:09;1.23746;-0.42;;3.90;
2025.02.11 11:05:05;Buy;0.54;GBPUSD;1.23681;1.23748;1.24272;2025.02.11 11:08:08;1.23745;-3.78;;34.56;[sl]
2025.02.11 11:00:02;Sell Stop;0.06;GBPUSD;1.23441;1.25841;1.22841;2025.02.11 11:05:10;1.23667;;;;cancelled
2025.02.11 11:00:05;Sell Stop;0.06;GBPUSD;1.23441;1.25841;1.22841;2025.02.11 11:05:09;1.23667;;;;cancelled
2025.02.11 11:00:06;Sell Stop;0.06;GBPUSD;1.23441;1.25841;1.22841;2025.02.11 11:05:08;1.23669;;;;cancelled
2025.02.11 11:00:08;Sell Stop;0.06;GBPUSD;1.23441;1.25841;1.22841;2025.02.11 11:05:07;1.23669;;;;cancelled
2025.02.11 11:00:14;Sell Stop;0.06;GBPUSD;1.23441;1.25841;1.22841;2025.02.11 11:05:06;1.23668;;;;cancelled
2025.02.11 11:00:11;Sell Stop;0.06;GBPUSD;1.23441;1.25841;1.22841;2025.02.11 11:05:06;1.23669;;;;cancelled
2025.02.11 11:00:10;Sell Stop;0.06;GBPUSD;1.23441;1.25841;1.22841;2025.02.11 11:05:06;1.23669;;;;cancelled
2025.02.11 11:00:01;Sell Stop;0.72;GBPUSD;1.23441;1.25841;1.23301;2025.02.11 11:05:06;1.23668;;;;cancelled
2025.02.11 11:00:01;Sell Stop;0.54;GBPUSD;1.23441;1.25841;1.22841;2025.02.11 11:05:06;1.23668;;;;cancelled
2025.02.10 00:00:00;Buy;0.02;EURGBP;0.83175;;0.83375;2025.02.11 02:13:58;0.83376;-0.14;-0.20;4.97;[tp]
2025.02.10 00:00:00;Buy;0.01;EURGBP;0.83175;;0.83375;2025.02.11 02:13:58;0.83376;-0.07;-0.10;2.48;[tp]
2025.02.10 16:15:42;Sell;0.30;GBPUSD;1.23782;1.25284;1.23684;2025.02.10 20:43:54;1.23683;-2.10;;29.70;[tp]
2025.02.10 11:00:01;Sell Stop;0.06;GBPUSD;1.23659;1.26059;1.23059;2025.02.10 11:32:49;1.24158;;;;cancelled
2025.02.10 11:00:00;Sell Stop;0.06;GBPUSD;1.23659;1.26059;1.23059;2025.02.10 11:32:49;1.24157;;;;cancelled
2025.02.10 11:00:18;Sell Stop;0.06;GBPUSD;1.23659;1.26059;1.23059;2025.02.10 11:32:48;1.24158;;;;cancelled
2025.02.10 11:00:16;Sell Stop;0.06;GBPUSD;1.23659;1.26059;1.23059;2025.02.10 11:32:48;1.24157;;;;cancelled
2025.02.10 11:00:15;Sell Stop;0.06;GBPUSD;1.23659;1.26059;1.23059;2025.02.10 11:32:48;1.24157;;;;cancelled
2025.02.10 11:00:20;Sell Stop;0.06;GBPUSD;1.23659;1.26059;1.23059;2025.02.10 11:32:47;1.24160;;;;cancelled
2025.02.10 11:00:19;Sell Stop;0.06;GBPUSD;1.23659;1.26059;1.23059;2025.02.10 11:32:47;1.24159;;;;cancelled
2025.02.10 11:00:00;Sell Stop;0.72;GBPUSD;1.23659;1.26059;1.23589;2025.02.10 11:32:47;1.24160;;;;cancelled
2025.02.10 11:00:00;Sell Stop;0.54;GBPUSD;1.23659;1.26059;1.23059;2025.02.10 11:32:47;1.24160;;;;cancelled
2025.02.05 10:51:49;Buy;0.10;USDCAD;1.42844;;;2025.02.10 06:21:44;1.43441;-0.70;0.15;41.62;
2025.02.04 17:46:33;Buy;0.08;USDCAD;1.43351;;;2025.02.10 06:21:37;1.43441;-0.56;0.17;5.02;
2025.02.04 15:56:18;Buy;0.07;USDCAD;1.43841;;;2025.02.10 06:21:34;1.43441;-0.49;0.13;-19.52;
2025.02.03 23:40:51;Buy;0.06;USDCAD;1.44343;;;2025.02.10 06:21:28;1.43441;-0.42;0.14;-37.73;
2025.02.03 23:36:08;Buy;0.05;USDCAD;1.44820;;;2025.02.10 06:21:25;1.43441;-0.35;0.13;-48.07;
2025.02.03 19:56:13;Buy;0.04;USDCAD;1.45485;;;2025.02.10 06:21:23;1.43441;-0.28;0.08;-57.00;
2025.02.03 17:05:00;Sell;0.03;USDCAD;1.46934;;;2025.02.10 06:21:20;1.43446;-0.21;-1.26;72.95;
2025.02.03 15:05:09;Buy;0.03;USDCAD;1.45918;;;2025.02.10 06:21:18;1.43441;-0.21;0.07;-51.81;
2025.02.03 15:03:42;Buy;0.03;USDCAD;1.46408;;;2025.02.10 06:21:16;1.43441;-0.21;0.07;-62.05;
2025.02.03 15:03:40;Sell;0.03;USDCAD;1.46428;;;2025.02.10 06:21:15;1.43446;-0.21;-1.26;62.36;
2025.02.07 15:30:01;Buy;0.30;GBPUSD;1.24855;1.23196;1.24796;2025.02.07 15:30:02;1.24800;-2.10;;-16.50;[tp]
2025.02.03 00:00:00;Buy;0.02;EURGBP;0.83367;;0.83567;2025.02.06 14:00:18;0.83568;-0.14;-1.03;4.98;[tp]
2025.02.03 00:00:00;Buy;0.01;EURGBP;0.83367;;0.83567;2025.02.06 14:00:18;0.83568;-0.07;-0.51;2.50;[tp]
2025.02.06 11:22:12;Sell;0.54;GBPUSD;1.24409;1.25097;1.23810;2025.02.06 11:54:44;1.24236;-3.78;;93.42;
2025.02.05 15:00:01;Buy Stop;0.30;GBPUSD;1.25510;1.24010;1.25610;2025.02.05 20:00:00;1.25087;;;;cancelled
2025.02.05 11:06:24;Buy;0.06;GBPUSD;1.25142;1.22741;1.25741;2025.02.05 11:15:22;1.25200;-0.42;;3.48;
2025.02.05 11:06:23;Buy;0.06;GBPUSD;1.25142;1.22741;1.25741;2025.02.05 11:15:21;1.25200;-0.42;;3.48;
2025.02.05 11:06:24;Buy;0.06;GBPUSD;1.25142;1.22741;1.25741;2025.02.05 11:15:20;1.25200;-0.42;;3.48;
2025.02.05 11:06:24;Buy;0.06;GBPUSD;1.25142;1.22741;1.25741;2025.02.05 11:15:19;1.25204;-0.42;;3.72;
2025.02.05 11:06:23;Buy;0.06;GBPUSD;1.25142;1.22741;1.25741;2025.02.05 11:15:17;1.25205;-0.42;;3.78;
2025.02.05 11:06:24;Buy;0.06;GBPUSD;1.25142;1.22741;1.25741;2025.02.05 11:15:16;1.25202;-0.42;;3.60;
2025.02.05 11:06:24;Buy;0.06;GBPUSD;1.25142;1.22741;1.25741;2025.02.05 11:15:16;1.25204;-0.42;;3.72;
2025.02.05 11:00:14;Buy;0.54;GBPUSD;1.25076;1.24623;1.25674;2025.02.05 11:15:16;1.25205;-3.78;;69.66;
2025.02.05 11:00:14;Buy;0.54;GBPUSD;1.25076;1.25132;1.25674;2025.02.05 11:07:29;1.25130;-3.78;;29.16;[sl]
2025.02.05 11:00:14;Buy;0.72;GBPUSD;1.25075;1.22674;1.25144;2025.02.05 11:07:01;1.25144;-5.04;;49.68;[tp]
2025.02.05 11:00:00;Sell Stop;0.06;GBPUSD;1.24623;1.27023;1.24023;2025.02.05 11:06:27;1.25141;;;;cancelled
2025.02.05 11:00:02;Sell Stop;0.06;GBPUSD;1.24623;1.27023;1.24023;2025.02.05 11:06:26;1.25140;;;;cancelled
2025.02.05 11:00:05;Sell Stop;0.06;GBPUSD;1.24623;1.27023;1.24023;2025.02.05 11:06:25;1.25139;;;;cancelled
2025.02.05 11:00:04;Sell Stop;0.06;GBPUSD;1.24623;1.27023;1.24023;2025.02.05 11:06:25;1.25139;;;;cancelled
2025.02.05 11:00:03;Sell Stop;0.06;GBPUSD;1.24623;1.27023;1.24023;2025.02.05 11:06:25;1.25140;;;;cancelled
2025.02.05 11:00:08;Sell Stop;0.06;GBPUSD;1.24623;1.27023;1.24023;2025.02.05 11:06:24;1.25139;;;;cancelled
2025.02.05 11:00:07;Sell Stop;0.06;GBPUSD;1.24623;1.27023;1.24023;2025.02.05 11:06:24;1.25139;;;;cancelled
2025.02.05 11:00:00;Sell Stop;0.72;GBPUSD;1.24623;1.27023;1.24553;2025.02.05 11:00:14;1.25070;;;;cancelled
2025.02.05 11:00:00;Sell Stop;0.54;GBPUSD;1.24623;1.27023;1.24023;2025.02.05 11:00:14;1.25070;;;;cancelled
2025.02.04 18:03:02;Buy;0.02;USDCAD;1.43228;;1.43440;2025.02.04 19:16:29;1.43448;-0.14;;3.07;[tp]
2025.02.04 16:08:05;Buy;1.08;GBPUSD;1.24380;1.23783;1.24980;2025.02.04 16:53:45;1.24506;-7.56;;136.08;
2025.02.04 16:08:05;Buy;0.30;GBPUSD;1.24379;1.22881;1.24481;2025.02.04 16:52:04;1.24482;-2.10;;30.90;[tp]
2025.02.04 11:08:36;Buy;0.06;GBPUSD;1.24284;1.21882;1.24882;2025.02.04 11:13:04;1.24343;-0.42;;3.54;
2025.02.04 11:08:36;Buy;0.06;GBPUSD;1.24284;1.21882;1.24882;2025.02.04 11:13:04;1.24341;-0.42;;3.42;
2025.02.04 11:08:36;Buy;0.06;GBPUSD;1.24284;1.21882;1.24882;2025.02.04 11:13:03;1.24344;-0.42;;3.60;
2025.02.04 11:08:36;Buy;0.06;GBPUSD;1.24284;1.21882;1.24882;2025.02.04 11:13:02;1.24337;-0.42;;3.18;
2025.02.04 11:08:36;Buy;0.06;GBPUSD;1.24284;1.21882;1.24882;2025.02.04 11:13:01;1.24337;-0.42;;3.18;
2025.02.04 11:08:36;Buy;0.06;GBPUSD;1.24284;1.21882;1.24882;2025.02.04 11:13:01;1.24337;-0.42;;3.18;
2025.02.04 11:08:36;Buy;0.54;GBPUSD;1.24284;1.24341;1.24882;2025.02.04 11:13:00;1.24339;-3.78;;29.70;[sl]
2025.02.04 11:08:36;Buy;0.06;GBPUSD;1.24284;1.21882;1.24882;2025.02.04 11:13:00;1.24337;-0.42;;3.18;
2025.02.04 11:08:36;Buy;0.72;GBPUSD;1.24285;1.21882;1.24352;2025.02.04 11:12:13;1.24352;-5.04;;48.24;[tp]
2025.02.04 11:00:01;Sell Stop;0.06;GBPUSD;1.23783;1.26183;1.23183;2025.02.04 11:08:39;1.24291;;;;cancelled
2025.02.04 11:00:00;Sell Stop;0.06;GBPUSD;1.23783;1.26183;1.23183;2025.02.04 11:08:39;1.24291;;;;cancelled
2025.02.04 11:00:01;Sell Stop;0.06;GBPUSD;1.23783;1.26183;1.23183;2025.02.04 11:08:38;1.24288;;;;cancelled
2025.02.04 11:00:05;Sell Stop;0.06;GBPUSD;1.23783;1.26183;1.23183;2025.02.04 11:08:37;1.24282;;;;cancelled
2025.02.04 11:00:02;Sell Stop;0.06;GBPUSD;1.23783;1.26183;1.23183;2025.02.04 11:08:37;1.24281;;;;cancelled
2025.02.04 11:00:07;Sell Stop;0.06;GBPUSD;1.23783;1.26183;1.23183;2025.02.04 11:08:36;1.24281;;;;cancelled
2025.02.04 11:00:06;Sell Stop;0.06;GBPUSD;1.23783;1.26183;1.23183;2025.02.04 11:08:36;1.24281;;;;cancelled
2025.02.04 11:00:00;Sell Stop;0.72;GBPUSD;1.23783;1.26183;1.23713;2025.02.04 11:08:36;1.24281;;;;cancelled
2025.02.04 11:00:00;Sell Stop;0.54;GBPUSD;1.23783;1.26183;1.23183;2025.02.04 11:08:36;1.24281;;;;cancelled
2025.02.03 23:43:12;Buy;0.02;USDCAD;1.43975;;1.44175;2025.02.03 23:45:14;1.44177;-0.14;;2.80;[tp]
2025.02.03 15:00:00;Sell Stop;0.30;GBPUSD;1.23003;1.24503;1.22903;2025.02.03 20:00:00;1.23934;;;;cancelled
2025.01.31 20:20:04;Sell;0.03;USDCAD;1.44786;;;2025.02.03 15:03:40;1.46440;-0.21;-0.18;-33.88;
2025.02.03 00:00:00;Sell;0.04;USDCAD;1.47343;;;2025.02.03 15:03:39;1.46451;-0.28;;24.36;
2025.01.31 22:52:38;Sell;0.03;USDCAD;1.45309;;;2025.02.03 15:03:39;1.46455;-0.21;-0.18;-23.47;
2025.01.31 20:20:04;Buy;0.03;USDCAD;1.44802;;;2025.02.03 15:03:39;1.46445;-0.21;0.01;33.66;
2025.02.03 04:31:28;Sell;0.05;USDCAD;1.47841;;;2025.02.03 15:03:38;1.46448;-0.35;;47.56;
2025.02.03 02:21:20;Sell;0.02;USDCHF;0.91603;;0.91402;2025.02.03 14:32:53;0.91401;-0.14;;4.42;[tp]
2025.02.03 01:00:00;Sell;0.03;EURUSD;1.02511;;;2025.02.03 06:40:01;1.02252;-0.21;;7.77;
2025.02.03 01:00:00;Buy;0.03;EURUSD;1.02536;;;2025.02.03 06:39:57;1.02250;-0.21;;-8.58;
2025.02.03 00:01:01;Sell;0.02;NZDCAD;0.82226;;0.82029;2025.02.03 01:39:22;0.82027;-0.14;;2.70;[tp]
2025.02.03 00:00:07;Buy;0.03;EURUSD;1.02470;;1.02656;2025.02.03 01:07:17;1.02668;-0.21;;5.94;[tp]
2025.02.03 00:00:04;Buy;0.02;EURUSD;1.02470;;1.02656;2025.02.03 01:07:17;1.02668;-0.14;;3.96;[tp]
2025.02.03 00:00:00;Buy;0.02;EURUSD;1.02420;;1.02656;2025.02.03 01:07:17;1.02668;-0.14;;4.96;[tp]
2025.02.03 00:00:00;Sell;0.02;USDCAD;1.47343;;1.47143;2025.02.03 01:06:26;1.47143;-0.14;;2.72;[tp]
2025.01.30 22:44:48;Buy;0.04;USDCAD;1.45250;;;2025.02.03 00:00:01;1.47343;-0.28;0.02;56.82;
2025.01.30 22:39:25;Buy;0.03;USDCAD;1.45756;;;2025.02.03 00:00:01;1.47343;-0.21;0.02;32.31;
2025.01.30 22:39:24;Sell;0.03;USDCAD;1.45724;;;2025.02.03 00:00:01;1.47408;-0.21;-0.36;-34.27;
2025.01.31 19:09:33;Buy;0.09;USDCAD;1.44148;;;2025.02.03 00:00:00;1.47343;-0.63;0.03;195.16;
2025.01.30 22:48:30;Buy;0.07;USDCAD;1.44759;;;2025.02.03 00:00:00;1.47343;-0.49;0.04;122.76;
2025.01.30 22:39:24;Sell;0.03;USDCAD;1.45724;;;2025.01.31 20:20:03;1.44778;-0.21;-0.18;19.60;
2025.01.30 22:44:49;Buy;0.03;USDCAD;1.45275;;;2025.01.31 20:20:02;1.44734;-0.21;0.01;-11.21;
2025.01.30 22:39:25;Buy;0.03;USDCAD;1.45756;;;2025.01.31 20:20:02;1.44739;-0.21;0.01;-21.08;
2025.01.31 19:10:09;Buy;0.06;USDCAD;1.43722;;;2025.01.31 20:20:01;1.44770;-0.42;;43.43;
2025.01.31 19:09:02;Buy;0.05;USDCAD;1.44289;;;2025.01.31 20:20:01;1.44769;-0.35;;16.58;
2025.01.30 22:57:20;Buy;0.04;USDCAD;1.44752;;;2025.01.31 20:20:01;1.44750;-0.28;0.01;-0.06;
2025.01.29 04:00:00;Buy;0.02;AUDUSD;0.62321;;0.62521;2025.01.31 19:09:53;0.62529;-0.14;-0.29;4.16;[tp]
2025.01.31 16:09:19;Sell;0.30;GBPUSD;1.24046;1.25545;1.23945;2025.01.31 16:12:54;1.23943;-2.10;;30.90;[tp]
2025.01.29 11:32:41;Buy;0.03;NZDCAD;0.81505;;;2025.01.30 22:40:48;0.81782;-0.21;-0.16;5.72;
2025.01.29 10:51:50;Buy;0.03;NZDCAD;0.81576;;;2025.01.30 22:40:48;0.81768;-0.21;-0.16;3.96;
2025.01.30 09:48:22;Buy;0.05;NZDCAD;0.81363;;;2025.01.30 22:40:47;0.81783;-0.35;;14.45;
2025.01.29 13:38:04;Buy;0.04;NZDCAD;0.81436;;;2025.01.30 22:40:47;0.81776;-0.28;-0.21;9.36;
2025.01.30 22:38:23;Sell;0.03;NZDCAD;0.81798;;;2025.01.30 22:40:46;0.81817;-0.21;;-0.39;
2025.01.30 22:38:28;Sell;0.03;NZDCAD;0.81869;;;2025.01.30 22:40:45;0.81805;-0.21;;1.32;
2025.01.30 22:39:28;Sell;0.05;NZDCAD;0.82043;;;2025.01.30 22:40:44;0.81805;-0.35;;8.19;
2025.01.30 22:38:39;Sell;0.04;NZDCAD;0.81940;;;2025.01.30 22:40:44;0.81798;-0.28;;3.91;
2025.01.30 22:39:14;Sell;0.03;USDCAD;1.45710;;1.45300;2025.01.30 22:40:37;1.45282;-0.21;;8.84;[tp]
2025.01.30 22:38:17;Sell;0.02;USDCAD;1.45184;;1.45300;2025.01.30 22:40:37;1.45282;-0.14;;-1.35;[tp]
2025.01.30 15:57:34;Buy;0.30;GBPUSD;1.24639;1.23137;1.24737;2025.01.30 16:00:17;1.24737;-2.10;;29.40;[tp]
2025.01.30 15:00:00;Sell Stop;0.30;GBPUSD;1.24236;1.25736;1.24136;2025.01.30 15:57:35;1.24640;;;;cancelled
2025.01.29 15:00:29;Buy;0.30;GBPUSD;1.24278;1.21878;1.24878;2025.01.29 20:49:56;1.24467;-2.10;;56.70;
2025.01.28 15:50:08;Sell;0.30;GBPUSD;1.24167;1.25669;1.24069;2025.01.29 15:16:11;1.24069;-2.10;-1.23;29.40;[tp]
2025.01.29 11:03:50;Sell;0.06;GBPUSD;1.24333;1.26733;1.23733;2025.01.29 11:57:21;1.24245;-0.42;;5.28;
2025.01.29 11:03:50;Sell;0.06;GBPUSD;1.24333;1.26733;1.23733;2025.01.29 11:57:20;1.24249;-0.42;;5.04;
2025.01.29 11:03:50;Sell;0.06;GBPUSD;1.24333;1.26733;1.23733;2025.01.29 11:57:20;1.24248;-0.42;;5.10;
2025.01.29 11:03:50;Sell;0.06;GBPUSD;1.24333;1.26733;1.23733;2025.01.29 11:57:19;1.24252;-0.42;;4.86;
2025.01.29 11:03:50;Sell;0.06;GBPUSD;1.24333;1.26733;1.23733;2025.01.29 11:57:19;1.24250;-0.42;;4.98;
2025.01.29 11:03:50;Sell;0.06;GBPUSD;1.24333;1.26733;1.23733;2025.01.29 11:57:18;1.24250;-0.42;;4.98;
2025.01.29 11:03:50;Sell;0.54;GBPUSD;1.24333;1.24251;1.23733;2025.01.29 11:57:18;1.24252;-3.78;;43.74;[sl]
2025.01.29 11:03:50;Sell;0.06;GBPUSD;1.24333;1.26733;1.23733;2025.01.29 11:57:18;1.24252;-0.42;;4.86;
2025.01.29 11:03:50;Sell;0.72;GBPUSD;1.24333;1.26733;1.24263;2025.01.29 11:55:53;1.24262;-5.04;;51.12;[tp]
2025.01.29 11:00:00;Buy Stop;0.06;GBPUSD;1.24643;1.22243;1.25243;2025.01.29 11:03:54;1.24330;;;;cancelled
2025.01.29 11:00:12;Buy Stop;0.06;GBPUSD;1.24643;1.22243;1.25243;2025.01.29 11:03:53;1.24329;;;;cancelled
2025.01.29 11:00:11;Buy Stop;0.06;GBPUSD;1.24643;1.22243;1.25243;2025.01.29 11:03:53;1.24331;;;;cancelled
2025.01.29 11:00:14;Buy Stop;0.06;GBPUSD;1.24643;1.22243;1.25243;2025.01.29 11:03:52;1.24332;;;;cancelled
2025.01.29 11:00:17;Buy Stop;0.06;GBPUSD;1.24643;1.22243;1.25243;2025.01.29 11:03:51;1.24330;;;;cancelled
2025.01.29 11:00:16;Buy Stop;0.06;GBPUSD;1.24643;1.22243;1.25243;2025.01.29 11:03:51;1.24332;;;;cancelled
2025.01.29 11:00:18;Buy Stop;0.06;GBPUSD;1.24643;1.22243;1.25243;2025.01.29 11:03:50;1.24333;;;;cancelled
2025.01.29 11:00:00;Buy Stop;0.54;GBPUSD;1.24643;1.22243;1.25243;2025.01.29 11:03:50;1.24333;;;;cancelled
2025.01.29 11:00:00;Buy Stop;0.72;GBPUSD;1.24643;1.22243;1.24713;2025.01.29 11:03:50;1.24333;;;;cancelled
2025.01.27 01:00:06;Buy;0.04;GOLD;2 770.91;;;2025.01.29 10:51:38;2 763.98;-0.28;0.76;-27.72;
2025.01.27 01:00:06;Sell;0.04;GOLD;2 770.45;;;2025.01.29 10:51:37;2 764.05;-0.28;-3.18;25.60;
2025.01.28 13:47:02;Sell;0.01;EURGBP;0.83855;;0.83655;2025.01.29 09:46:01;0.83655;-0.07;0.02;2.49;[tp]
2025.01.28 11:19:03;Buy;0.06;GBPUSD;1.24544;1.22144;1.25144;2025.01.29 08:43:41;1.24594;-0.42;-0.20;3.00;
2025.01.28 11:19:03;Buy;0.06;GBPUSD;1.24544;1.22144;1.25144;2025.01.29 08:43:40;1.24592;-0.42;-0.20;2.88;
2025.01.28 11:19:03;Buy;0.06;GBPUSD;1.24544;1.22144;1.25144;2025.01.29 08:43:40;1.24591;-0.42;-0.20;2.82;
2025.01.28 11:19:03;Buy;0.06;GBPUSD;1.24544;1.22144;1.25144;2025.01.29 08:43:39;1.24593;-0.42;-0.20;2.94;
2025.01.28 11:19:03;Buy;0.06;GBPUSD;1.24544;1.22144;1.25144;2025.01.29 08:43:39;1.24593;-0.42;-0.20;2.94;
2025.01.28 11:19:03;Buy;0.06;GBPUSD;1.24544;1.22144;1.25144;2025.01.29 08:43:38;1.24592;-0.42;-0.20;2.88;
2025.01.28 11:19:03;Buy;0.06;GBPUSD;1.24544;1.22144;1.25144;2025.01.29 08:43:38;1.24592;-0.42;-0.20;2.88;
2025.01.28 11:19:03;Buy;0.54;GBPUSD;1.24544;1.24597;1.25144;2025.01.29 08:43:37;1.24593;-3.78;-1.78;26.46;[sl]
2025.01.28 11:19:03;Buy;0.72;GBPUSD;1.24545;1.22445;1.24614;2025.01.29 08:42:50;1.24616;-5.04;-2.38;51.12;[tp]
2025.01.28 16:08:26;Buy;0.02;NZDCAD;0.81337;;0.81537;2025.01.28 19:40:02;0.81537;-0.14;;2.78;[tp]
2025.01.28 13:59:51;Sell;0.54;GBPUSD;1.24251;1.24544;1.23653;2025.01.28 18:43:51;1.24306;-3.78;;-29.70;
2025.01.28 11:00:01;Sell Stop;0.06;GBPUSD;1.24253;1.26653;1.23653;2025.01.28 11:19:07;1.24543;;;;cancelled
2025.01.28 11:00:04;Sell Stop;0.06;GBPUSD;1.24253;1.26653;1.23653;2025.01.28 11:19:06;1.24544;;;;cancelled
2025.01.28 11:00:02;Sell Stop;0.06;GBPUSD;1.24253;1.26653;1.23653;2025.01.28 11:19:06;1.24543;;;;cancelled
2025.01.28 11:00:05;Sell Stop;0.06;GBPUSD;1.24253;1.26653;1.23653;2025.01.28 11:19:05;1.24544;;;;cancelled
2025.01.28 11:00:08;Sell Stop;0.06;GBPUSD;1.24253;1.26653;1.23653;2025.01.28 11:19:04;1.24546;;;;cancelled
2025.01.28 11:00:07;Sell Stop;0.06;GBPUSD;1.24253;1.26653;1.23653;2025.01.28 11:19:04;1.24545;;;;cancelled
2025.01.28 11:00:06;Sell Stop;0.06;GBPUSD;1.24253;1.26653;1.23653;2025.01.28 11:19:04;1.24546;;;;cancelled
2025.01.28 11:00:02;Sell Stop;0.72;GBPUSD;1.24253;1.26653;1.24183;2025.01.28 11:19:04;1.24546;;;;cancelled
2025.01.28 11:00:01;Sell Stop;0.54;GBPUSD;1.24253;1.26653;1.23653;2025.01.28 11:19:04;1.24546;;;;cancelled
2025.01.27 00:00:00;Sell;0.01;EURGBP;0.84021;;0.83821;2025.01.28 01:47:02;0.83821;-0.07;0.02;2.49;[tp]
2025.01.27 12:02:25;Buy;0.02;USDCHF;0.90096;;0.90299;2025.01.28 01:15:18;0.90299;-0.14;0.12;4.50;[tp]
2025.01.27 12:09:40;Buy;0.02;USDJPY;154.109;;154.312;2025.01.27 15:20:16;154.312;-0.14;;2.63;[tp]
2025.01.27 12:09:40;Buy;0.02;USDJPY;154.109;;154.312;2025.01.27 15:20:16;154.312;-0.14;;2.63;[tp]
2025.01.27 12:02:25;Buy;0.06;GBPUSD;1.24901;1.22501;1.25501;2025.01.27 12:05:19;1.24956;-0.42;;3.30;
2025.01.27 12:02:25;Buy;0.06;GBPUSD;1.24901;1.22501;1.25501;2025.01.27 12:05:18;1.24965;-0.42;;3.84;
2025.01.27 12:02:25;Buy;0.06;GBPUSD;1.24901;1.22501;1.25501;2025.01.27 12:05:18;1.24965;-0.42;;3.84;
2025.01.27 12:02:25;Buy;0.06;GBPUSD;1.24901;1.22501;1.25501;2025.01.27 12:05:17;1.24965;-0.42;;3.84;
2025.01.27 12:02:25;Buy;0.06;GBPUSD;1.24901;1.22501;1.25501;2025.01.27 12:05:17;1.24965;-0.42;;3.84;
2025.01.27 12:02:25;Buy;0.06;GBPUSD;1.24901;1.22501;1.25501;2025.01.27 12:05:16;1.24964;-0.42;;3.78;
2025.01.27 12:02:25;Buy;0.06;GBPUSD;1.24901;1.22501;1.25501;2025.01.27 12:05:16;1.24967;-0.42;;3.96;
2025.01.27 12:02:25;Buy;0.54;GBPUSD;1.24901;1.24975;1.25501;2025.01.27 12:05:08;1.24975;-3.78;;39.96;[sl]
2025.01.27 12:02:25;Buy;0.72;GBPUSD;1.24901;1.22501;1.24971;2025.01.27 12:04:32;1.24973;-5.04;;51.84;[tp]
2025.01.27 11:00:03;Sell Stop;0.06;GBPUSD;1.24409;1.26809;1.23809;2025.01.27 12:02:28;1.24901;;;;cancelled
2025.01.27 11:00:02;Sell Stop;0.06;GBPUSD;1.24409;1.26809;1.23809;2025.01.27 12:02:28;1.24901;;;;cancelled
2025.01.27 11:00:09;Sell Stop;0.06;GBPUSD;1.24409;1.26809;1.23809;2025.01.27 12:02:27;1.24898;;;;cancelled
2025.01.27 11:00:07;Sell Stop;0.06;GBPUSD;1.24409;1.26809;1.23809;2025.01.27 12:02:27;1.24901;;;;cancelled
2025.01.27 11:00:05;Sell Stop;0.06;GBPUSD;1.24409;1.26809;1.23809;2025.01.27 12:02:27;1.24901;;;;cancelled
2025.01.27 11:00:12;Sell Stop;0.06;GBPUSD;1.24409;1.26809;1.23809;2025.01.27 12:02:26;1.24899;;;;cancelled
2025.01.27 11:00:11;Sell Stop;0.06;GBPUSD;1.24409;1.26809;1.23809;2025.01.27 12:02:26;1.24898;;;;cancelled
2025.01.27 11:00:01;Sell Stop;0.54;GBPUSD;1.24409;1.26809;1.23809;2025.01.27 12:02:26;1.24898;;;;cancelled
2025.01.27 11:00:01;Sell Stop;0.72;GBPUSD;1.24409;1.26809;1.24339;2025.01.27 12:02:26;1.24898;;;;cancelled
2025.01.24 16:45:00;Buy;0.12;GBPUSD;1.24505;1.22988;1.24588;2025.01.24 17:08:59;1.24588;-0.84;;9.96;[tp]
2025.01.24 11:20:26;Buy;0.25;GBPUSD;1.24195;1.23453;1.24795;2025.01.24 11:24:42;1.24356;-1.75;;40.25;
2025.01.23 11:00:00;Sell Stop;0.25;GBPUSD;1.22942;1.23216;1.22342;2025.01.23 20:30:00;1.23640;;;;cancelled
2025.01.23 16:51:09;Buy;0.12;GBPUSD;1.23319;1.21819;1.23419;2025.01.23 18:23:26;1.23436;-0.84;;14.04;[tp]
2025.01.23 09:06:53;Balance;;;;;;;;;;22 648.00;
2025.01.22 11:01:30;Buy;0.25;GBPUSD;1.23448;1.23106;1.24048;2025.01.22 11:45:33;1.23585;-1.75;;34.25;
2025.01.22 11:10:05;Buy;0.03;GBPUSD;1.23492;1.21091;1.24091;2025.01.22 11:28:09;1.23555;-0.21;;1.89;
2025.01.22 11:10:05;Buy;0.03;GBPUSD;1.23492;1.21091;1.24091;2025.01.22 11:28:09;1.23555;-0.21;;1.89;
2025.01.22 11:10:05;Buy;0.03;GBPUSD;1.23492;1.21091;1.24091;2025.01.22 11:28:08;1.23552;-0.21;;1.80;
2025.01.22 11:10:05;Buy;0.03;GBPUSD;1.23492;1.21091;1.24091;2025.01.22 11:28:08;1.23552;-0.21;;1.80;
2025.01.22 11:10:05;Buy;0.03;GBPUSD;1.23492;1.21091;1.24091;2025.01.22 11:28:07;1.23553;-0.21;;1.83;
2025.01.22 11:10:05;Buy;0.03;GBPUSD;1.23492;1.21091;1.24091;2025.01.22 11:28:07;1.23554;-0.21;;1.86;
2025.01.22 11:10:05;Buy;0.03;GBPUSD;1.23492;1.21091;1.24091;2025.01.22 11:28:07;1.23553;-0.21;;1.83;
2025.01.22 11:10:05;Buy;0.16;GBPUSD;1.23492;1.23560;1.24091;2025.01.22 11:28:06;1.23552;-1.12;;9.60;[sl]
2025.01.22 11:10:05;Buy;0.25;GBPUSD;1.23492;1.21091;1.23561;2025.01.22 11:27:35;1.23564;-1.75;;18.00;[tp]
2025.01.22 11:00:02;Sell Stop;0.03;GBPUSD;1.23106;1.25506;1.22506;2025.01.22 11:10:07;1.23490;;;;cancelled
2025.01.22 11:00:02;Sell Stop;0.03;GBPUSD;1.23106;1.25506;1.22506;2025.01.22 11:10:07;1.23489;;;;cancelled
2025.01.22 11:00:01;Sell Stop;0.03;GBPUSD;1.23106;1.25506;1.22506;2025.01.22 11:10:07;1.23489;;;;cancelled
2025.01.22 11:00:05;Sell Stop;0.03;GBPUSD;1.23106;1.25506;1.22506;2025.01.22 11:10:06;1.23489;;;;cancelled
2025.01.22 11:00:04;Sell Stop;0.03;GBPUSD;1.23106;1.25506;1.22506;2025.01.22 11:10:06;1.23489;;;;cancelled
2025.01.22 11:00:03;Sell Stop;0.03;GBPUSD;1.23106;1.25506;1.22506;2025.01.22 11:10:06;1.23490;;;;cancelled
2025.01.22 11:00:06;Sell Stop;0.03;GBPUSD;1.23106;1.25506;1.22506;2025.01.22 11:10:05;1.23489;;;;cancelled
2025.01.22 11:00:01;Sell Stop;0.25;GBPUSD;1.23106;1.25506;1.23036;2025.01.22 11:10:05;1.23489;;;;cancelled
2025.01.22 11:00:01;Sell Stop;0.16;GBPUSD;1.23106;1.25506;1.22506;2025.01.22 11:10:05;1.23489;;;;cancelled
2025.01.14 15:11:04;Sell;0.12;GBPUSD;1.21539;1.23939;1.20939;2025.01.16 17:53:23;1.22310;-0.84;-1.97;-92.52;
2025.01.16 17:05:53;Buy;0.24;GBPUSD;1.22139;1.19738;1.22738;2025.01.16 17:53:21;1.22308;-1.68;;40.56;
2025.01.16 11:00:00;Buy Stop;0.25;GBPUSD;1.22468;1.21981;1.23068;2025.01.16 17:52:15;1.22324;;;;cancelled
2025.01.15 15:28:46;Buy;0.24;GBPUSD;1.22323;1.19916;1.22916;2025.01.15 15:32:26;1.22917;-1.68;;142.56;[tp]
2025.01.15 15:30:01;Buy;0.25;GBPUSD;1.22613;1.21925;1.23022;2025.01.15 15:30:04;1.22811;-1.75;;49.50;
2025.01.15 11:32:54;Buy;0.16;GBPUSD;1.22180;1.22238;1.22776;2025.01.15 11:48:09;1.22240;-1.12;;9.60;[sl]
2025.01.15 11:32:54;Buy;0.25;GBPUSD;1.22180;1.19776;1.22246;2025.01.15 11:47:53;1.22248;-1.75;;17.00;[tp]
2025.01.15 11:00:00;Sell Stop;0.25;GBPUSD;1.21914;1.24314;1.21844;2025.01.15 11:32:54;1.22176;;;;cancelled
2025.01.15 11:00:00;Sell Stop;0.16;GBPUSD;1.21914;1.24314;1.21314;2025.01.15 11:32:54;1.22176;;;;cancelled
2025.01.14 15:00:00;Buy Stop;0.12;GBPUSD;1.21943;1.19543;1.22543;2025.01.14 15:11:04;1.21545;;;;cancelled
2025.01.14 11:12:51;Sell;0.25;GBPUSD;1.21964;1.22191;1.21364;2025.01.14 11:40:59;1.21833;-1.75;;32.75;
2025.01.14 11:12:51;Sell;0.03;GBPUSD;1.21964;1.24364;1.21364;2025.01.14 11:26:16;1.21896;-0.21;;2.04;
2025.01.14 11:12:51;Sell;0.03;GBPUSD;1.21964;1.24364;1.21364;2025.01.14 11:26:16;1.21893;-0.21;;2.13;
2025.01.14 11:12:51;Sell;0.03;GBPUSD;1.21964;1.24364;1.21364;2025.01.14 11:26:16;1.21896;-0.21;;2.04;
2025.01.14 11:12:51;Sell;0.03;GBPUSD;1.21964;1.24364;1.21364;2025.01.14 11:26:15;1.21894;-0.21;;2.10;
2025.01.14 11:12:51;Sell;0.03;GBPUSD;1.21964;1.24364;1.21364;2025.01.14 11:26:15;1.21895;-0.21;;2.07;
2025.01.14 11:12:51;Sell;0.03;GBPUSD;1.21964;1.24364;1.21364;2025.01.14 11:26:15;1.21897;-0.21;;2.01;
2025.01.14 11:12:51;Sell;0.16;GBPUSD;1.21964;1.21895;1.21364;2025.01.14 11:26:14;1.21896;-1.12;;10.88;[sl]
2025.01.14 11:12:51;Sell;0.03;GBPUSD;1.21964;1.24364;1.21364;2025.01.14 11:26:14;1.21895;-0.21;;2.07;
2025.01.14 11:12:51;Sell;0.25;GBPUSD;1.21964;1.24364;1.21894;2025.01.14 11:26:03;1.21894;-1.75;;17.50;[tp]
2025.01.14 11:00:01;Buy Stop;0.03;GBPUSD;1.22185;1.19785;1.22785;2025.01.14 11:12:53;1.21962;;;;cancelled
2025.01.14 11:00:00;Buy Stop;0.03;GBPUSD;1.22185;1.19785;1.22785;2025.01.14 11:12:53;1.21964;;;;cancelled
2025.01.14 11:00:03;Buy Stop;0.03;GBPUSD;1.22185;1.19785;1.22785;2025.01.14 11:12:52;1.21963;;;;cancelled
2025.01.14 11:00:02;Buy Stop;0.03;GBPUSD;1.22185;1.19785;1.22785;2025.01.14 11:12:52;1.21965;;;;cancelled
2025.01.14 11:00:02;Buy Stop;0.03;GBPUSD;1.22185;1.19785;1.22785;2025.01.14 11:12:52;1.21965;;;;cancelled
2025.01.14 11:00:04;Buy Stop;0.03;GBPUSD;1.22185;1.19785;1.22785;2025.01.14 11:12:51;1.21965;;;;cancelled
2025.01.14 11:00:03;Buy Stop;0.03;GBPUSD;1.22185;1.19785;1.22785;2025.01.14 11:12:51;1.21964;;;;cancelled
2025.01.14 11:00:00;Buy Stop;0.25;GBPUSD;1.22185;1.19785;1.22255;2025.01.14 11:12:51;1.21963;;;;cancelled
2025.01.14 11:00:00;Buy Stop;0.16;GBPUSD;1.22185;1.19785;1.22785;2025.01.14 11:12:51;1.21965;;;;cancelled
2025.01.13 15:26:24;Buy;0.12;GBPUSD;1.21375;1.18974;1.21974;2025.01.13 23:51:30;1.21983;-0.84;;72.96;[tp]
2025.01.13 15:00:00;Sell Stop;0.12;GBPUSD;1.20985;1.23385;1.20385;2025.01.13 15:26:25;1.21383;;;;cancelled
2025.01.10 15:03:00;Buy;0.12;GBPUSD;1.23209;1.21709;1.23309;2025.01.13 05:10:33;1.21709;-0.84;-0.34;-180.00;[sl]
2025.01.09 15:00:00;Sell Stop;0.12;GBPUSD;1.22506;1.24006;1.22406;2025.01.09 20:00:00;1.23008;;;;cancelled
2025.01.08 13:03:46;Sell;0.25;GBPUSD;1.24403;1.24911;1.23802;2025.01.08 13:10:23;1.24248;-1.75;;38.75;
2025.01.08 13:03:46;Sell;0.03;GBPUSD;1.24403;1.26802;1.23802;2025.01.08 13:07:24;1.24344;-0.21;;1.77;
2025.01.08 13:03:46;Sell;0.03;GBPUSD;1.24403;1.26802;1.23802;2025.01.08 13:07:23;1.24347;-0.21;;1.68;
2025.01.08 13:03:46;Sell;0.03;GBPUSD;1.24403;1.26802;1.23802;2025.01.08 13:07:23;1.24349;-0.21;;1.62;
2025.01.08 13:03:46;Sell;0.03;GBPUSD;1.24403;1.26802;1.23802;2025.01.08 13:07:23;1.24347;-0.21;;1.68;
2025.01.08 13:03:46;Sell;0.03;GBPUSD;1.24403;1.26802;1.23802;2025.01.08 13:07:22;1.24343;-0.21;;1.80;
2025.01.08 13:03:46;Sell;0.03;GBPUSD;1.24403;1.26802;1.23802;2025.01.08 13:07:22;1.24348;-0.21;;1.65;
2025.01.08 13:03:46;Sell;0.03;GBPUSD;1.24403;1.26802;1.23802;2025.01.08 13:07:22;1.24347;-0.21;;1.68;
2025.01.08 13:03:46;Sell;0.16;GBPUSD;1.24403;1.24349;1.23802;2025.01.08 13:07:22;1.24350;-1.12;;8.48;[sl]
2025.01.08 13:03:46;Sell;0.25;GBPUSD;1.24403;1.26802;1.24332;2025.01.08 13:07:08;1.24331;-1.75;;18.00;[tp]
2025.01.08 11:00:00;Buy Stop;0.03;GBPUSD;1.24953;1.22553;1.25553;2025.01.08 13:03:48;1.24404;;;;cancelled
2025.01.08 11:00:02;Buy Stop;0.03;GBPUSD;1.24953;1.22553;1.25553;2025.01.08 13:03:47;1.24402;;;;cancelled
2025.01.08 11:00:02;Buy Stop;0.03;GBPUSD;1.24953;1.22553;1.25553;2025.01.08 13:03:47;1.24402;;;;cancelled
2025.01.08 11:00:01;Buy Stop;0.03;GBPUSD;1.24953;1.22553;1.25553;2025.01.08 13:03:47;1.24404;;;;cancelled
2025.01.08 11:00:05;Buy Stop;0.03;GBPUSD;1.24953;1.22553;1.25553;2025.01.08 13:03:46;1.24405;;;;cancelled
2025.01.08 11:00:04;Buy Stop;0.03;GBPUSD;1.24953;1.22553;1.25553;2025.01.08 13:03:46;1.24404;;;;cancelled
2025.01.08 11:00:03;Buy Stop;0.03;GBPUSD;1.24953;1.22553;1.25553;2025.01.08 13:03:46;1.24402;;;;cancelled
2025.01.08 11:00:00;Buy Stop;0.25;GBPUSD;1.24953;1.22553;1.25023;2025.01.08 13:03:46;1.24405;;;;cancelled
2025.01.08 11:00:00;Buy Stop;0.16;GBPUSD;1.24953;1.22553;1.25553;2025.01.08 13:03:46;1.24405;;;;cancelled
2025.01.06 11:00:00;Sell Stop;0.16;GBPUSD;1.24040;1.26440;1.23440;2025.01.06 19:49:40;1.25119;;;;cancelled
2025.01.06 11:00:00;Sell Stop;0.25;GBPUSD;1.24040;1.26440;1.23970;2025.01.06 19:49:39;1.25119;;;;cancelled
2024.12.12 12:33:50;Sell;0.05;GBPUSD;1.27537;1.28736;1.26936;2024.12.12 12:57:18;1.27434;-0.35;;5.15;
2024.12.12 12:33:50;Sell;0.05;GBPUSD;1.27537;1.28736;1.26936;2024.12.12 12:57:18;1.27434;-0.35;;5.15;
2024.12.12 12:33:50;Sell;0.05;GBPUSD;1.27537;1.28736;1.26936;2024.12.12 12:57:18;1.27436;-0.35;;5.05;
2024.12.12 12:33:50;Sell;0.05;GBPUSD;1.27537;1.28736;1.26936;2024.12.12 12:57:18;1.27432;-0.35;;5.25;
2024.12.12 12:33:50;Sell;0.05;GBPUSD;1.27537;1.28736;1.26936;2024.12.12 12:57:17;1.27434;-0.35;;5.15;
2024.12.12 12:33:50;Sell;0.05;GBPUSD;1.27537;1.28736;1.26936;2024.12.12 12:57:17;1.27431;-0.35;;5.30;
2024.12.12 11:04:40;Sell;1.00;GBPUSD;1.27596;1.27724;1.27460;2024.12.12 12:53:52;1.27460;-7.00;;136.00;[tp]
2024.12.12 12:00:00;Buy Stop;0.05;GBPUSD;1.27890;1.26690;1.28490;2024.12.12 12:33:52;1.27535;;;;cancelled
2024.12.12 12:00:02;Buy Stop;0.05;GBPUSD;1.27890;1.26690;1.28490;2024.12.12 12:33:51;1.27534;;;;cancelled
2024.12.12 12:00:01;Buy Stop;0.05;GBPUSD;1.27890;1.26690;1.28490;2024.12.12 12:33:51;1.27534;;;;cancelled
2024.12.12 12:00:01;Buy Stop;0.05;GBPUSD;1.27890;1.26690;1.28490;2024.12.12 12:33:51;1.27535;;;;cancelled
2024.12.12 12:00:00;Buy Stop;0.05;GBPUSD;1.27890;1.26690;1.28490;2024.12.12 12:33:51;1.27534;;;;cancelled
2024.12.12 12:00:03;Buy Stop;0.05;GBPUSD;1.27890;1.26690;1.28490;2024.12.12 12:33:50;1.27532;;;;cancelled
2024.12.12 11:00:00;Buy Stop;1.00;GBPUSD;1.27724;1.27600;1.27864;2024.12.12 11:04:40;1.27600;;;;cancelled
2024.12.11 12:00:04;Sell;0.05;GBPUSD;1.27289;1.28489;1.26689;2024.12.11 12:08:58;1.27162;-0.35;;6.35;
2024.12.11 12:00:06;Sell;0.05;GBPUSD;1.27289;1.28489;1.26689;2024.12.11 12:08:57;1.27164;-0.35;;6.25;
2024.12.11 12:00:05;Sell;0.05;GBPUSD;1.27289;1.28489;1.26689;2024.12.11 12:08:57;1.27161;-0.35;;6.40;
2024.12.11 12:00:03;Sell;0.05;GBPUSD;1.27292;1.28493;1.26693;2024.12.11 12:08:57;1.27163;-0.35;;6.45;
2024.12.11 12:00:02;Sell;0.05;GBPUSD;1.27293;1.28493;1.26693;2024.12.11 12:08:57;1.27161;-0.35;;6.60;
2024.12.11 12:00:01;Sell;0.05;GBPUSD;1.27295;1.28495;1.26695;2024.12.11 12:08:56;1.27162;-0.35;;6.65;
2024.12.11 11:45:30;Sell;0.40;GBPUSD;1.27293;1.27166;1.26695;2024.12.11 12:08:56;1.27166;-2.80;;50.80;[sl]
2024.12.11 11:45:30;Sell;0.50;GBPUSD;1.27293;1.27728;1.27155;2024.12.11 12:08:41;1.27154;-3.50;;69.50;[tp]
2024.12.11 11:45:30;Sell;0.05;GBPUSD;1.27293;1.29695;1.26695;2024.12.11 12:07:45;1.27232;-0.35;;3.05;
2024.12.11 11:45:30;Sell;0.05;GBPUSD;1.27293;1.29695;1.26695;2024.12.11 12:07:45;1.27232;-0.35;;3.05;
2024.12.11 11:45:30;Sell;0.05;GBPUSD;1.27293;1.29695;1.26695;2024.12.11 12:07:45;1.27232;-0.35;;3.05;
2024.12.11 11:45:30;Sell;0.05;GBPUSD;1.27293;1.29695;1.26695;2024.12.11 12:07:44;1.27232;-0.35;;3.05;
2024.12.11 11:45:30;Sell;0.05;GBPUSD;1.27293;1.29695;1.26695;2024.12.11 12:07:44;1.27230;-0.35;;3.15;
2024.12.11 11:45:30;Sell;0.05;GBPUSD;1.27293;1.29695;1.26695;2024.12.11 12:07:44;1.27232;-0.35;;3.05;
2024.12.11 11:45:30;Sell;0.05;GBPUSD;1.27293;1.29695;1.26695;2024.12.11 12:07:43;1.27232;-0.35;;3.05;
2024.12.11 11:45:30;Sell;0.50;GBPUSD;1.27293;1.29695;1.27225;2024.12.11 12:07:15;1.27221;-3.50;;36.00;[tp]
2024.12.11 12:00:01;Buy Stop;0.05;GBPUSD;1.27573;1.26373;1.28173;2024.12.11 12:00:08;1.27298;;;;cancelled
2024.12.11 12:00:04;Buy Stop;0.05;GBPUSD;1.27573;1.26373;1.28173;2024.12.11 12:00:07;1.27295;;;;cancelled
2024.12.11 12:00:03;Buy Stop;0.05;GBPUSD;1.27573;1.26373;1.28173;2024.12.11 12:00:07;1.27299;;;;cancelled
2024.12.11 12:00:03;Buy Stop;0.05;GBPUSD;1.27573;1.26373;1.28173;2024.12.11 12:00:07;1.27298;;;;cancelled
2024.12.11 12:00:02;Buy Stop;0.05;GBPUSD;1.27573;1.26373;1.28173;2024.12.11 12:00:07;1.27298;;;;cancelled
2024.12.11 12:00:05;Buy Stop;0.05;GBPUSD;1.27573;1.26373;1.28173;2024.12.11 12:00:06;1.27292;;;;cancelled
2024.12.11 11:00:01;Buy Stop;0.05;GBPUSD;1.27728;1.25328;1.28328;2024.12.11 11:45:32;1.27293;;;;cancelled
2024.12.11 11:00:01;Buy Stop;0.05;GBPUSD;1.27728;1.25328;1.28328;2024.12.11 11:45:32;1.27292;;;;cancelled
2024.12.11 11:00:00;Buy Stop;0.05;GBPUSD;1.27728;1.25328;1.28328;2024.12.11 11:45:32;1.27294;;;;cancelled
2024.12.11 11:00:03;Buy Stop;0.05;GBPUSD;1.27728;1.25328;1.28328;2024.12.11 11:45:31;1.27294;;;;cancelled
2024.12.11 11:00:03;Buy Stop;0.05;GBPUSD;1.27728;1.25328;1.28328;2024.12.11 11:45:31;1.27292;;;;cancelled
2024.12.11 11:00:02;Buy Stop;0.05;GBPUSD;1.27728;1.25328;1.28328;2024.12.11 11:45:31;1.27294;;;;cancelled
2024.12.11 11:00:02;Buy Stop;0.05;GBPUSD;1.27728;1.25328;1.28328;2024.12.11 11:45:31;1.27294;;;;cancelled
2024.12.11 11:00:00;Buy Stop;0.50;GBPUSD;1.27728;1.25328;1.27798;2024.12.11 11:45:31;1.27294;;;;cancelled
2024.12.11 11:00:00;Buy Stop;0.50;GBPUSD;1.27728;1.27295;1.27868;2024.12.11 11:45:31;1.27294;;;;cancelled
2024.12.11 11:00:00;Buy Stop;0.40;GBPUSD;1.27728;1.25328;1.28328;2024.12.11 11:45:31;1.27294;;;;cancelled
2024.12.10 12:09:01;Buy;0.05;GBPUSD;1.27646;1.26443;1.28243;2024.12.10 21:19:18;1.27732;-0.35;;4.30;
2024.12.10 12:09:01;Buy;0.05;GBPUSD;1.27646;1.26443;1.28243;2024.12.10 21:19:17;1.27734;-0.35;;4.40;
2024.12.10 12:09:01;Buy;0.05;GBPUSD;1.27646;1.26443;1.28243;2024.12.10 21:19:17;1.27732;-0.35;;4.30;
2024.12.10 12:09:01;Buy;0.05;GBPUSD;1.27646;1.26443;1.28243;2024.12.10 21:19:17;1.27732;-0.35;;4.30;
2024.12.10 12:09:01;Buy;0.05;GBPUSD;1.27646;1.26443;1.28243;2024.12.10 21:19:16;1.27732;-0.35;;4.30;
2024.12.10 12:09:01;Buy;0.05;GBPUSD;1.27646;1.26443;1.28243;2024.12.10 21:19:16;1.27733;-0.35;;4.35;
2024.12.10 12:09:01;Buy;0.05;GBPUSD;1.27646;1.25243;1.28243;2024.12.10 21:10:02;1.27717;-0.35;;3.55;
2024.12.10 12:09:01;Buy;0.05;GBPUSD;1.27646;1.25243;1.28243;2024.12.10 21:10:02;1.27716;-0.35;;3.50;
2024.12.10 12:09:01;Buy;0.05;GBPUSD;1.27646;1.25243;1.28243;2024.12.10 21:10:01;1.27717;-0.35;;3.55;
2024.12.10 12:09:01;Buy;0.05;GBPUSD;1.27646;1.25243;1.28243;2024.12.10 21:10:01;1.27717;-0.35;;3.55;
2024.12.10 12:09:01;Buy;0.05;GBPUSD;1.27646;1.25243;1.28243;2024.12.10 21:10:01;1.27716;-0.35;;3.50;
2024.12.10 12:09:01;Buy;0.05;GBPUSD;1.27646;1.25243;1.28243;2024.12.10 21:10:01;1.27717;-0.35;;3.55;
2024.12.10 12:09:01;Buy;0.05;GBPUSD;1.27646;1.25243;1.28243;2024.12.10 21:10:00;1.27717;-0.35;;3.55;
2024.12.10 12:09:01;Buy;0.40;GBPUSD;1.27646;1.27718;1.28243;2024.12.10 21:10:00;1.27718;-2.80;;28.80;[sl]
2024.12.10 12:09:01;Buy;0.50;GBPUSD;1.27646;1.25306;1.27713;2024.12.10 21:09:18;1.27713;-3.50;;33.50;[tp]
2024.12.10 12:09:01;Buy;0.50;GBPUSD;1.27646;1.27343;1.28243;2024.12.10 17:03:23;1.27344;-3.50;;-151.00;[sl]
2024.12.10 12:00:01;Sell Stop;0.05;GBPUSD;1.27359;1.28559;1.26759;2024.12.10 12:09:03;1.27643;;;;cancelled
2024.12.10 12:00:00;Sell Stop;0.05;GBPUSD;1.27359;1.28559;1.26759;2024.12.10 12:09:03;1.27643;;;;cancelled
2024.12.10 11:00:01;Sell Stop;0.05;GBPUSD;1.27343;1.29743;1.26743;2024.12.10 12:09:03;1.27643;;;;cancelled
2024.12.10 11:00:01;Sell Stop;0.05;GBPUSD;1.27343;1.29743;1.26743;2024.12.10 12:09:03;1.27643;;;;cancelled
2024.12.10 11:00:00;Sell Stop;0.05;GBPUSD;1.27343;1.29743;1.26743;2024.12.10 12:09:03;1.27643;;;;cancelled
2024.12.10 12:00:02;Sell Stop;0.05;GBPUSD;1.27359;1.28559;1.26759;2024.12.10 12:09:02;1.27643;;;;cancelled
2024.12.10 12:00:02;Sell Stop;0.05;GBPUSD;1.27359;1.28559;1.26759;2024.12.10 12:09:02;1.27643;;;;cancelled
2024.12.10 12:00:01;Sell Stop;0.05;GBPUSD;1.27359;1.28559;1.26759;2024.12.10 12:09:02;1.27643;;;;cancelled
2024.12.10 11:00:03;Sell Stop;0.05;GBPUSD;1.27343;1.29743;1.26743;2024.12.10 12:09:02;1.27643;;;;cancelled
2024.12.10 11:00:03;Sell Stop;0.05;GBPUSD;1.27343;1.29743;1.26743;2024.12.10 12:09:02;1.27643;;;;cancelled
2024.12.10 11:00:02;Sell Stop;0.05;GBPUSD;1.27343;1.29743;1.26743;2024.12.10 12:09:02;1.27643;;;;cancelled
2024.12.10 12:00:03;Sell Stop;0.05;GBPUSD;1.27359;1.28559;1.26759;2024.12.10 12:09:01;1.27644;;;;cancelled
2024.12.10 11:00:04;Sell Stop;0.05;GBPUSD;1.27343;1.29743;1.26743;2024.12.10 12:09:01;1.27644;;;;cancelled
2024.12.10 11:00:00;Sell Stop;0.50;GBPUSD;1.27343;1.29743;1.27273;2024.12.10 12:09:01;1.27644;;;;cancelled
2024.12.10 11:00:00;Sell Stop;0.50;GBPUSD;1.27343;1.27643;1.26743;2024.12.10 12:09:01;1.27644;;;;cancelled
2024.12.10 11:00:00;Sell Stop;0.40;GBPUSD;1.27343;1.29743;1.26743;2024.12.10 12:09:01;1.27644;;;;cancelled
2024.12.09 11:00:00;Sell Stop;0.50;GBPUSD;1.27160;1.29560;1.27090;2024.12.09 20:00:00;1.27703;;;;cancelled
2024.12.09 11:00:00;Sell Stop;0.40;GBPUSD;1.27160;1.29560;1.26560;2024.12.09 20:00:00;1.27703;;;;cancelled
2024.12.09 11:02:09;Buy;0.05;GBPUSD;1.27729;1.25331;1.28331;2024.12.09 12:10:01;1.27799;-0.35;;3.50;
2024.12.09 11:02:09;Buy;0.05;GBPUSD;1.27729;1.25331;1.28331;2024.12.09 12:10:01;1.27798;-0.35;;3.45;
2024.12.09 11:02:09;Buy;0.05;GBPUSD;1.27729;1.25331;1.28331;2024.12.09 12:10:00;1.27802;-0.35;;3.65;
2024.12.09 11:02:09;Buy;0.05;GBPUSD;1.27729;1.25331;1.28331;2024.12.09 12:10:00;1.27803;-0.35;;3.70;
2024.12.09 11:02:09;Buy;0.05;GBPUSD;1.27729;1.25331;1.28331;2024.12.09 12:10:00;1.27800;-0.35;;3.55;
2024.12.09 11:02:09;Buy;0.05;GBPUSD;1.27729;1.25331;1.28331;2024.12.09 12:09:59;1.27803;-0.35;;3.70;
2024.12.09 11:02:09;Buy;0.05;GBPUSD;1.27729;1.25331;1.28331;2024.12.09 12:09:59;1.27806;-0.35;;3.85;
2024.12.09 11:00:01;Sell Stop;0.05;GBPUSD;1.27160;1.29560;1.26560;2024.12.09 11:02:11;1.27729;;;;cancelled
2024.12.09 11:00:00;Sell Stop;0.05;GBPUSD;1.27160;1.29560;1.26560;2024.12.09 11:02:11;1.27729;;;;cancelled
2024.12.09 11:00:03;Sell Stop;0.05;GBPUSD;1.27160;1.29560;1.26560;2024.12.09 11:02:10;1.27729;;;;cancelled
2024.12.09 11:00:02;Sell Stop;0.05;GBPUSD;1.27160;1.29560;1.26560;2024.12.09 11:02:10;1.27729;;;;cancelled
2024.12.09 11:00:02;Sell Stop;0.05;GBPUSD;1.27160;1.29560;1.26560;2024.12.09 11:02:10;1.27729;;;;cancelled
2024.12.09 11:00:04;Sell Stop;0.05;GBPUSD;1.27160;1.29560;1.26560;2024.12.09 11:02:09;1.27729;;;;cancelled
2024.12.09 11:00:03;Sell Stop;0.05;GBPUSD;1.27160;1.29560;1.26560;2024.12.09 11:02:09;1.27729;;;;cancelled
2024.12.06 14:20:49;Buy;0.50;GBPUSD;1.27755;1.27922;1.28352;2024.12.06 15:30:11;1.27894;-3.50;;69.50;[sl]
2024.12.06 11:00:00;Sell Stop;0.50;GBPUSD;1.27400;1.27752;1.26800;2024.12.06 14:20:49;1.27754;;;;cancelled
2024.12.05 13:41:21;Buy;1.00;GBPUSD;1.27322;1.26917;1.27462;2024.12.05 15:32:00;1.27462;-7.00;;140.00;[tp]
2024.12.05 11:00:00;Sell Stop;1.00;GBPUSD;1.26917;1.27322;1.26777;2024.12.05 13:41:21;1.27319;;;;cancelled
2024.12.05 12:00:00;Sell Stop;0.05;GBPUSD;1.27130;1.28330;1.26530;2024.12.05 13:00:03;1.27185;;;;cancelled
2024.12.05 12:00:02;Sell Stop;0.05;GBPUSD;1.27130;1.28330;1.26530;2024.12.05 13:00:02;1.27185;;;;cancelled
2024.12.05 12:00:02;Sell Stop;0.05;GBPUSD;1.27130;1.28330;1.26530;2024.12.05 13:00:02;1.27185;;;;cancelled
2024.12.05 12:00:01;Sell Stop;0.05;GBPUSD;1.27130;1.28330;1.26530;2024.12.05 13:00:02;1.27185;;;;cancelled
2024.12.05 12:00:01;Sell Stop;0.05;GBPUSD;1.27130;1.28330;1.26530;2024.12.05 13:00:02;1.27185;;;;cancelled
2024.12.05 12:00:03;Sell Stop;0.05;GBPUSD;1.27130;1.28330;1.26530;2024.12.05 13:00:01;1.27186;;;;cancelled
2024.12.05 12:00:01;Buy Stop;0.05;GBPUSD;1.27417;1.26217;1.28017;2024.12.05 13:00:01;1.27187;;;;cancelled
2024.12.05 12:00:00;Buy Stop;0.05;GBPUSD;1.27417;1.26217;1.28017;2024.12.05 13:00:01;1.27187;;;;cancelled
2024.12.05 12:00:00;Buy Stop;0.05;GBPUSD;1.27417;1.26217;1.28017;2024.12.05 13:00:01;1.27187;;;;cancelled
2024.12.05 12:00:03;Buy Stop;0.05;GBPUSD;1.27417;1.26217;1.28017;2024.12.05 13:00:00;1.27191;;;;cancelled
2024.12.05 12:00:02;Buy Stop;0.05;GBPUSD;1.27417;1.26217;1.28017;2024.12.05 13:00:00;1.27191;;;;cancelled
2024.12.05 12:00:01;Buy Stop;0.05;GBPUSD;1.27417;1.26217;1.28017;2024.12.05 13:00:00;1.27189;;;;cancelled
2024.12.03 11:00:48;Buy;0.05;GBPUSD;1.26956;1.24552;1.27552;2024.12.04 17:25:38;1.27070;-0.35;-0.14;5.70;
2024.12.03 11:00:48;Buy;0.05;GBPUSD;1.26956;1.24552;1.27552;2024.12.04 17:25:38;1.27068;-0.35;-0.14;5.60;
2024.12.03 11:00:48;Buy;0.05;GBPUSD;1.26956;1.24552;1.27552;2024.12.04 17:25:37;1.27074;-0.35;-0.14;5.90;
2024.12.03 11:00:48;Buy;0.05;GBPUSD;1.26956;1.24552;1.27552;2024.12.04 17:25:37;1.27079;-0.35;-0.14;6.15;
2024.12.03 11:00:48;Buy;0.05;GBPUSD;1.26956;1.24552;1.27552;2024.12.04 17:25:37;1.27074;-0.35;-0.14;5.90;
2024.12.03 11:00:48;Buy;0.05;GBPUSD;1.26956;1.24552;1.27552;2024.12.04 17:25:36;1.27078;-0.35;-0.14;6.10;
2024.12.03 11:00:48;Buy;0.05;GBPUSD;1.26953;1.24552;1.27552;2024.12.04 11:04:22;1.26331;-0.35;-0.14;-31.10;
2024.12.03 17:29:06;Sell;0.40;GBPUSD;1.26385;1.26329;1.25787;2024.12.04 11:04:21;1.26333;-2.80;-1.65;20.80;[sl]
2024.12.03 17:29:06;Sell;0.50;GBPUSD;1.26383;1.28563;1.26317;2024.12.04 11:04:19;1.26314;-3.50;-2.06;34.50;[tp]
2024.12.04 11:03:19;Sell;0.50;GBPUSD;1.26498;1.28906;1.26366;2024.12.04 11:04:09;1.26365;-3.50;;66.50;[tp]
2024.12.04 11:03:19;Sell;0.50;GBPUSD;1.26498;1.27027;1.26366;2024.12.04 11:04:09;1.26365;-3.50;;66.50;[tp]
2024.12.04 11:03:19;Sell;0.05;GBPUSD;1.26498;1.28906;1.25906;2024.12.04 11:03:53;1.26396;-0.35;;5.10;
2024.12.04 11:03:19;Sell;0.05;GBPUSD;1.26498;1.28906;1.25906;2024.12.04 11:03:53;1.26403;-0.35;;4.75;
2024.12.04 11:03:19;Sell;0.05;GBPUSD;1.26498;1.28906;1.25906;2024.12.04 11:03:53;1.26401;-0.35;;4.85;
2024.12.04 11:03:19;Sell;0.05;GBPUSD;1.26498;1.28906;1.25906;2024.12.04 11:03:53;1.26405;-0.35;;4.65;
2024.12.04 11:03:19;Sell;0.05;GBPUSD;1.26498;1.28906;1.25906;2024.12.04 11:03:52;1.26386;-0.35;;5.60;
2024.12.04 11:03:19;Sell;0.05;GBPUSD;1.26498;1.28906;1.25906;2024.12.04 11:03:52;1.26385;-0.35;;5.65;
2024.12.04 11:03:19;Sell;0.05;GBPUSD;1.26498;1.28906;1.25906;2024.12.04 11:03:52;1.26388;-0.35;;5.50;
2024.12.04 11:03:19;Sell;0.40;GBPUSD;1.26498;1.26395;1.25906;2024.12.04 11:03:51;1.26395;-2.80;;41.20;[sl]
2024.12.04 11:00:00;Buy Stop;0.05;GBPUSD;1.27027;1.24627;1.27627;2024.12.04 11:03:21;1.26481;;;;cancelled
2024.12.04 11:00:03;Buy Stop;0.05;GBPUSD;1.27027;1.24627;1.27627;2024.12.04 11:03:20;1.26510;;;;cancelled
2024.12.04 11:00:02;Buy Stop;0.05;GBPUSD;1.27027;1.24627;1.27627;2024.12.04 11:03:20;1.26503;;;;cancelled
2024.12.04 11:00:01;Buy Stop;0.05;GBPUSD;1.27027;1.24627;1.27627;2024.12.04 11:03:20;1.26501;;;;cancelled
2024.12.04 11:00:01;Buy Stop;0.05;GBPUSD;1.27027;1.24627;1.27627;2024.12.04 11:03:20;1.26496;;;;cancelled
2024.12.04 11:00:04;Buy Stop;0.05;GBPUSD;1.27027;1.24627;1.27627;2024.12.04 11:03:19;1.26496;;;;cancelled
2024.12.04 11:00:03;Buy Stop;0.05;GBPUSD;1.27027;1.24627;1.27627;2024.12.04 11:03:19;1.26494;;;;cancelled
2024.12.04 11:00:00;Buy Stop;0.50;GBPUSD;1.27027;1.24627;1.27167;2024.12.04 11:03:19;1.26496;;;;cancelled
2024.12.04 11:00:00;Buy Stop;0.50;GBPUSD;1.27027;1.26506;1.27167;2024.12.04 11:03:19;1.26496;;;;cancelled
2024.12.04 11:00:00;Buy Stop;0.40;GBPUSD;1.27027;1.24627;1.27627;2024.12.04 11:03:19;1.26496;;;;cancelled
2024.12.03 17:29:06;Sell;0.50;GBPUSD;1.26383;1.26735;1.25787;2024.12.03 18:53:51;1.26737;-3.50;;-177.00;[sl]
2024.12.03 12:00:01;Sell Stop;0.05;GBPUSD;1.26421;1.27621;1.25821;2024.12.03 13:00:03;1.26647;;;;cancelled
2024.12.03 12:00:00;Sell Stop;0.05;GBPUSD;1.26421;1.27621;1.25821;2024.12.03 13:00:03;1.26647;;;;cancelled
2024.12.03 12:00:03;Sell Stop;0.05;GBPUSD;1.26421;1.27621;1.25821;2024.12.03 13:00:02;1.26650;;;;cancelled
2024.12.03 12:00:02;Sell Stop;0.05;GBPUSD;1.26421;1.27621;1.25821;2024.12.03 13:00:02;1.26648;;;;cancelled
2024.12.03 12:00:02;Sell Stop;0.05;GBPUSD;1.26421;1.27621;1.25821;2024.12.03 13:00:02;1.26648;;;;cancelled
2024.12.03 12:00:01;Sell Stop;0.05;GBPUSD;1.26421;1.27621;1.25821;2024.12.03 13:00:02;1.26649;;;;cancelled
2024.12.03 12:00:01;Buy Stop;0.05;GBPUSD;1.26981;1.25781;1.27581;2024.12.03 13:00:01;1.26655;;;;cancelled
2024.12.03 12:00:00;Buy Stop;0.05;GBPUSD;1.26981;1.25781;1.27581;2024.12.03 13:00:01;1.26656;;;;cancelled
2024.12.03 12:00:00;Buy Stop;0.05;GBPUSD;1.26981;1.25781;1.27581;2024.12.03 13:00:01;1.26653;;;;cancelled
2024.12.03 12:00:02;Buy Stop;0.05;GBPUSD;1.26981;1.25781;1.27581;2024.12.03 13:00:00;1.26661;;;;cancelled
2024.12.03 12:00:02;Buy Stop;0.05;GBPUSD;1.26981;1.25781;1.27581;2024.12.03 13:00:00;1.26657;;;;cancelled
2024.12.03 12:00:01;Buy Stop;0.05;GBPUSD;1.26981;1.25781;1.27581;2024.12.03 13:00:00;1.26655;;;;cancelled
2024.12.03 11:00:01;Sell Stop;0.05;GBPUSD;1.26387;1.28787;1.25787;2024.12.03 11:00:50;1.26958;;;;cancelled
2024.12.03 11:00:01;Sell Stop;0.05;GBPUSD;1.26387;1.28787;1.25787;2024.12.03 11:00:50;1.26958;;;;cancelled
2024.12.03 11:00:00;Sell Stop;0.05;GBPUSD;1.26387;1.28787;1.25787;2024.12.03 11:00:50;1.26960;;;;cancelled
2024.12.03 11:00:04;Sell Stop;0.05;GBPUSD;1.26387;1.28787;1.25787;2024.12.03 11:00:49;1.26956;;;;cancelled
2024.12.03 11:00:03;Sell Stop;0.05;GBPUSD;1.26387;1.28787;1.25787;2024.12.03 11:00:49;1.26959;;;;cancelled
2024.12.03 11:00:03;Sell Stop;0.05;GBPUSD;1.26387;1.28787;1.25787;2024.12.03 11:00:49;1.26958;;;;cancelled
2024.12.03 11:00:02;Sell Stop;0.05;GBPUSD;1.26387;1.28787;1.25787;2024.12.03 11:00:49;1.26958;;;;cancelled
2024.11.29 15:54:07;Sell;0.50;GBPUSD;1.26781;1.26644;1.26181;2024.12.02 14:57:57;1.26649;-3.50;-2.06;66.00;[sl]
2024.12.02 12:20:54;Buy;0.05;GBPUSD;1.27097;1.24699;1.27699;2024.12.02 13:41:48;1.27199;-0.35;;5.10;
2024.12.02 12:20:54;Buy;0.05;GBPUSD;1.27097;1.24699;1.27699;2024.12.02 13:41:47;1.27199;-0.35;;5.10;
2024.12.02 12:20:54;Buy;0.05;GBPUSD;1.27097;1.24699;1.27699;2024.12.02 13:41:47;1.27199;-0.35;;5.10;
2024.12.02 12:20:54;Buy;0.05;GBPUSD;1.27097;1.24699;1.27699;2024.12.02 13:41:47;1.27198;-0.35;;5.05;
2024.12.02 12:20:54;Buy;0.05;GBPUSD;1.27097;1.24699;1.27699;2024.12.02 13:41:46;1.27203;-0.35;;5.30;
2024.12.02 12:20:54;Buy;0.05;GBPUSD;1.27097;1.24699;1.27699;2024.12.02 13:41:46;1.27203;-0.35;;5.30;
2024.12.02 12:20:54;Buy;0.05;GBPUSD;1.27097;1.24699;1.27699;2024.12.02 13:41:46;1.27203;-0.35;;5.30;
2024.12.02 11:00:02;Sell Stop;0.05;GBPUSD;1.26788;1.29188;1.26188;2024.12.02 12:20:56;1.27095;;;;cancelled
2024.12.02 11:00:01;Sell Stop;0.05;GBPUSD;1.26788;1.29188;1.26188;2024.12.02 12:20:56;1.27096;;;;cancelled
2024.12.02 11:00:01;Sell Stop;0.05;GBPUSD;1.26788;1.29188;1.26188;2024.12.02 12:20:56;1.27096;;;;cancelled
2024.12.02 11:00:00;Sell Stop;0.05;GBPUSD;1.26788;1.29188;1.26188;2024.12.02 12:20:56;1.27096;;;;cancelled
2024.12.02 11:00:03;Sell Stop;0.05;GBPUSD;1.26788;1.29188;1.26188;2024.12.02 12:20:55;1.27095;;;;cancelled
2024.12.02 11:00:03;Sell Stop;0.05;GBPUSD;1.26788;1.29188;1.26188;2024.12.02 12:20:55;1.27095;;;;cancelled
2024.12.02 11:00:02;Sell Stop;0.05;GBPUSD;1.26788;1.29188;1.26188;2024.12.02 12:20:55;1.27097;;;;cancelled
2024.11.29 11:00:00;Buy Stop;0.50;GBPUSD;1.27509;1.26781;1.28109;2024.11.29 15:54:07;1.26784;;;;cancelled
2024.11.28 18:03:00;Buy;0.50;GBPUSD;1.26836;1.27010;1.27436;2024.11.29 02:41:39;1.27010;-3.50;-1.40;87.00;[sl]
2024.11.28 11:00:00;Sell Stop;0.50;GBPUSD;1.26445;1.26836;1.25845;2024.11.28 18:03:00;1.26835;;;;cancelled
2024.11.28 12:38:13;Buy;0.05;GBPUSD;1.26598;1.25397;1.27197;2024.11.28 13:07:09;1.26688;-0.35;;4.50;
2024.11.28 12:38:13;Buy;0.05;GBPUSD;1.26598;1.25397;1.27197;2024.11.28 13:07:09;1.26688;-0.35;;4.50;
2024.11.28 12:38:13;Buy;0.05;GBPUSD;1.26598;1.25397;1.27197;2024.11.28 13:07:08;1.26687;-0.35;;4.45;
2024.11.28 12:38:13;Buy;0.05;GBPUSD;1.26598;1.25397;1.27197;2024.11.28 13:07:08;1.26687;-0.35;;4.45;
2024.11.28 12:38:13;Buy;0.05;GBPUSD;1.26598;1.25397;1.27197;2024.11.28 13:07:08;1.26687;-0.35;;4.45;
2024.11.28 12:38:13;Buy;0.05;GBPUSD;1.26598;1.25397;1.27197;2024.11.28 13:07:08;1.26687;-0.35;;4.45;
2024.11.28 12:00:01;Sell Stop;0.05;GBPUSD;1.26441;1.27641;1.25841;2024.11.28 12:38:15;1.26595;;;;cancelled
2024.11.28 12:00:01;Sell Stop;0.05;GBPUSD;1.26441;1.27641;1.25841;2024.11.28 12:38:15;1.26594;;;;cancelled
2024.11.28 12:00:00;Sell Stop;0.05;GBPUSD;1.26441;1.27641;1.25841;2024.11.28 12:38:15;1.26594;;;;cancelled
2024.11.28 12:00:03;Sell Stop;0.05;GBPUSD;1.26441;1.27641;1.25841;2024.11.28 12:38:14;1.26595;;;;cancelled
2024.11.28 12:00:03;Sell Stop;0.05;GBPUSD;1.26441;1.27641;1.25841;2024.11.28 12:38:14;1.26595;;;;cancelled
2024.11.28 12:00:02;Sell Stop;0.05;GBPUSD;1.26441;1.27641;1.25841;2024.11.28 12:38:14;1.26595;;;;cancelled
2024.11.27 12:58:51;Buy;0.50;GBPUSD;1.26174;1.26304;1.26774;2024.11.27 15:08:00;1.26304;-3.50;;65.00;[sl]
2024.11.27 12:58:51;Buy;0.05;GBPUSD;1.26174;1.24974;1.26774;2024.11.27 14:42:41;1.26273;-0.35;;4.95;
2024.11.27 12:58:51;Buy;0.05;GBPUSD;1.26174;1.24974;1.26774;2024.11.27 14:42:41;1.26273;-0.35;;4.95;
2024.11.27 12:58:51;Buy;0.05;GBPUSD;1.26174;1.24974;1.26774;2024.11.27 14:42:41;1.26273;-0.35;;4.95;
2024.11.27 12:58:51;Buy;0.05;GBPUSD;1.26174;1.24974;1.26774;2024.11.27 14:42:40;1.26273;-0.35;;4.95;
2024.11.27 12:58:51;Buy;0.05;GBPUSD;1.26174;1.24974;1.26774;2024.11.27 14:42:40;1.26273;-0.35;;4.95;
2024.11.27 12:58:51;Buy;0.05;GBPUSD;1.26174;1.24974;1.26774;2024.11.27 14:42:40;1.26273;-0.35;;4.95;
2024.11.27 12:58:51;Buy;0.05;GBPUSD;1.26174;1.23774;1.26774;2024.11.27 14:36:37;1.26242;-0.35;;3.40;
2024.11.27 12:58:51;Buy;0.05;GBPUSD;1.26174;1.23774;1.26774;2024.11.27 14:36:37;1.26243;-0.35;;3.45;
2024.11.27 12:58:51;Buy;0.05;GBPUSD;1.26174;1.23774;1.26774;2024.11.27 14:36:36;1.26242;-0.35;;3.40;
2024.11.27 12:58:51;Buy;0.05;GBPUSD;1.26174;1.23774;1.26774;2024.11.27 14:36:36;1.26242;-0.35;;3.40;
2024.11.27 12:58:51;Buy;0.05;GBPUSD;1.26174;1.23774;1.26774;2024.11.27 14:36:36;1.26243;-0.35;;3.45;
2024.11.27 12:58:51;Buy;0.05;GBPUSD;1.26174;1.23774;1.26774;2024.11.27 14:36:35;1.26244;-0.35;;3.50;
2024.11.27 12:58:51;Buy;0.05;GBPUSD;1.26174;1.23774;1.26774;2024.11.27 14:36:35;1.26244;-0.35;;3.50;
2024.11.27 12:58:51;Buy;0.40;GBPUSD;1.26174;1.26244;1.26774;2024.11.27 14:36:35;1.26244;-2.80;;28.00;[sl]
2024.11.27 12:58:51;Buy;0.50;GBPUSD;1.26174;1.23774;1.26244;2024.11.27 14:35:38;1.26244;-3.50;;35.00;[tp]
2024.11.27 12:00:01;Sell Stop;0.05;GBPUSD;1.25656;1.26856;1.25056;2024.11.27 12:58:53;1.26179;;;;cancelled
2024.11.27 12:00:00;Sell Stop;0.05;GBPUSD;1.25656;1.26856;1.25056;2024.11.27 12:58:53;1.26180;;;;cancelled
2024.11.27 11:00:01;Sell Stop;0.05;GBPUSD;1.25656;1.28056;1.25056;2024.11.27 12:58:53;1.26179;;;;cancelled
2024.11.27 11:00:01;Sell Stop;0.05;GBPUSD;1.25656;1.28056;1.25056;2024.11.27 12:58:53;1.26180;;;;cancelled
2024.11.27 11:00:00;Sell Stop;0.05;GBPUSD;1.25656;1.28056;1.25056;2024.11.27 12:58:53;1.26179;;;;cancelled
2024.11.27 12:00:03;Sell Stop;0.05;GBPUSD;1.25656;1.26856;1.25056;2024.11.27 12:58:52;1.26174;;;;cancelled
2024.11.27 12:00:03;Sell Stop;0.05;GBPUSD;1.25656;1.26856;1.25056;2024.11.27 12:58:52;1.26181;;;;cancelled
2024.11.27 12:00:02;Sell Stop;0.05;GBPUSD;1.25656;1.26856;1.25056;2024.11.27 12:58:52;1.26181;;;;cancelled
2024.11.27 12:00:01;Sell Stop;0.05;GBPUSD;1.25656;1.26856;1.25056;2024.11.27 12:58:52;1.26178;;;;cancelled
2024.11.27 11:00:04;Sell Stop;0.05;GBPUSD;1.25656;1.28056;1.25056;2024.11.27 12:58:52;1.26174;;;;cancelled
2024.11.27 11:00:03;Sell Stop;0.05;GBPUSD;1.25656;1.28056;1.25056;2024.11.27 12:58:52;1.26172;;;;cancelled
2024.11.27 11:00:02;Sell Stop;0.05;GBPUSD;1.25656;1.28056;1.25056;2024.11.27 12:58:52;1.26181;;;;cancelled
2024.11.27 11:00:02;Sell Stop;0.05;GBPUSD;1.25656;1.28056;1.25056;2024.11.27 12:58:52;1.26178;;;;cancelled
2024.11.27 11:00:00;Sell Stop;0.50;GBPUSD;1.25656;1.28056;1.25586;2024.11.27 12:58:52;1.26174;;;;cancelled
2024.11.27 11:00:00;Sell Stop;0.50;GBPUSD;1.25656;1.26174;1.25056;2024.11.27 12:58:52;1.26174;;;;cancelled
2024.11.27 11:00:00;Sell Stop;0.40;GBPUSD;1.25656;1.28056;1.25056;2024.11.27 12:58:52;1.26174;;;;cancelled
2024.11.26 12:20:01;Buy;0.05;GBPUSD;1.25794;1.24594;1.26394;2024.11.26 12:49:46;1.25874;-0.35;;4.00;
2024.11.26 12:20:01;Buy;0.05;GBPUSD;1.25794;1.24594;1.26394;2024.11.26 12:49:46;1.25874;-0.35;;4.00;
2024.11.26 12:20:01;Buy;0.05;GBPUSD;1.25794;1.24594;1.26394;2024.11.26 12:49:46;1.25874;-0.35;;4.00;
2024.11.26 12:20:01;Buy;0.05;GBPUSD;1.25794;1.24594;1.26394;2024.11.26 12:49:46;1.25874;-0.35;;4.00;
2024.11.26 12:20:01;Buy;0.05;GBPUSD;1.25794;1.24594;1.26394;2024.11.26 12:49:45;1.25874;-0.35;;4.00;
2024.11.26 12:20:01;Buy;0.05;GBPUSD;1.25794;1.24594;1.26394;2024.11.26 12:49:45;1.25874;-0.35;;4.00;
2024.11.26 12:00:01;Sell Stop;0.05;GBPUSD;1.25369;1.26569;1.24769;2024.11.26 12:20:03;1.25792;;;;cancelled
2024.11.26 12:00:00;Sell Stop;0.05;GBPUSD;1.25369;1.26569;1.24769;2024.11.26 12:20:03;1.25788;;;;cancelled
2024.11.26 12:00:03;Sell Stop;0.05;GBPUSD;1.25369;1.26569;1.24769;2024.11.26 12:20:02;1.25793;;;;cancelled
2024.11.26 12:00:03;Sell Stop;0.05;GBPUSD;1.25369;1.26569;1.24769;2024.11.26 12:20:02;1.25792;;;;cancelled
2024.11.26 12:00:02;Sell Stop;0.05;GBPUSD;1.25369;1.26569;1.24769;2024.11.26 12:20:02;1.25791;;;;cancelled
2024.11.26 12:00:01;Sell Stop;0.05;GBPUSD;1.25369;1.26569;1.24769;2024.11.26 12:20:02;1.25791;;;;cancelled
2024.11.26 11:03:10;Buy;0.50;GBPUSD;1.25635;1.25764;1.26234;2024.11.26 11:13:45;1.25764;-3.50;;64.50;[sl]
2024.11.26 11:03:10;Buy;0.05;GBPUSD;1.25635;1.23234;1.26234;2024.11.26 11:03:50;1.25694;-0.35;;2.95;
2024.11.26 11:03:10;Buy;0.05;GBPUSD;1.25635;1.23234;1.26234;2024.11.26 11:03:50;1.25692;-0.35;;2.85;
2024.11.26 11:03:10;Buy;0.05;GBPUSD;1.25635;1.23234;1.26234;2024.11.26 11:03:49;1.25700;-0.35;;3.25;
2024.11.26 11:03:10;Buy;0.05;GBPUSD;1.25635;1.23234;1.26234;2024.11.26 11:03:49;1.25694;-0.35;;2.95;
2024.11.26 11:03:10;Buy;0.05;GBPUSD;1.25635;1.23234;1.26234;2024.11.26 11:03:49;1.25702;-0.35;;3.35;
2024.11.26 11:03:10;Buy;0.05;GBPUSD;1.25635;1.23234;1.26234;2024.11.26 11:03:49;1.25697;-0.35;;3.10;
2024.11.26 11:03:10;Buy;0.05;GBPUSD;1.25635;1.23234;1.26234;2024.11.26 11:03:48;1.25699;-0.35;;3.20;
2024.11.26 11:03:10;Buy;0.40;GBPUSD;1.25635;1.25701;1.26234;2024.11.26 11:03:48;1.25701;-2.80;;26.40;[sl]
2024.11.26 11:03:10;Buy;0.50;GBPUSD;1.25635;1.23234;1.25704;2024.11.26 11:03:36;1.25705;-3.50;;35.00;[tp]
2024.11.26 11:00:01;Sell Stop;0.05;GBPUSD;1.25059;1.27459;1.24459;2024.11.26 11:03:12;1.25642;;;;cancelled
2024.11.26 11:00:01;Sell Stop;0.05;GBPUSD;1.25059;1.27459;1.24459;2024.11.26 11:03:12;1.25642;;;;cancelled
2024.11.26 11:00:00;Sell Stop;0.05;GBPUSD;1.25059;1.27459;1.24459;2024.11.26 11:03:12;1.25642;;;;cancelled
2024.11.26 11:00:04;Sell Stop;0.05;GBPUSD;1.25059;1.27459;1.24459;2024.11.26 11:03:11;1.25635;;;;cancelled
2024.11.26 11:00:03;Sell Stop;0.05;GBPUSD;1.25059;1.27459;1.24459;2024.11.26 11:03:11;1.25635;;;;cancelled
2024.11.26 11:00:03;Sell Stop;0.05;GBPUSD;1.25059;1.27459;1.24459;2024.11.26 11:03:11;1.25635;;;;cancelled
2024.11.26 11:00:02;Sell Stop;0.05;GBPUSD;1.25059;1.27459;1.24459;2024.11.26 11:03:11;1.25637;;;;cancelled
2024.11.26 11:00:00;Sell Stop;0.50;GBPUSD;1.25059;1.27459;1.24989;2024.11.26 11:03:11;1.25635;;;;cancelled
2024.11.26 11:00:00;Sell Stop;0.50;GBPUSD;1.25059;1.25634;1.24459;2024.11.26 11:03:11;1.25635;;;;cancelled
2024.11.26 11:00:00;Sell Stop;0.40;GBPUSD;1.25059;1.27459;1.24459;2024.11.26 11:03:11;1.25635;;;;cancelled
2024.11.22 11:00:11;Sell;0.50;GBPUSD;1.25500;1.25349;1.24905;2024.11.22 11:09:46;1.25349;-3.50;;75.50;[sl]
2024.11.22 11:00:00;Buy Stop;0.50;GBPUSD;1.25950;1.25505;1.26550;2024.11.22 11:00:11;1.25508;;;;cancelled
2024.11.18 11:06:21;Sell;0.40;GBPUSD;1.26138;1.26077;1.25539;2024.11.21 18:12:16;1.26082;-2.80;-8.24;22.40;[sl]
2024.11.18 11:06:21;Sell;0.50;GBPUSD;1.26138;1.27078;1.26069;2024.11.21 18:11:51;1.26068;-3.50;-10.30;35.00;[tp]
2024.11.21 12:00:00;Sell Stop;0.05;GBPUSD;1.26220;1.27420;1.25620;2024.11.21 13:00:04;1.26323;;;;cancelled
2024.11.21 12:00:02;Sell Stop;0.05;GBPUSD;1.26220;1.27420;1.25620;2024.11.21 13:00:03;1.26323;;;;cancelled
2024.11.21 12:00:01;Sell Stop;0.05;GBPUSD;1.26220;1.27420;1.25620;2024.11.21 13:00:03;1.26324;;;;cancelled
2024.11.21 12:00:01;Sell Stop;0.05;GBPUSD;1.26220;1.27420;1.25620;2024.11.21 13:00:03;1.26323;;;;cancelled
2024.11.21 12:00:03;Sell Stop;0.05;GBPUSD;1.26220;1.27420;1.25620;2024.11.21 13:00:02;1.26324;;;;cancelled
2024.11.21 12:00:03;Sell Stop;0.05;GBPUSD;1.26220;1.27420;1.25620;2024.11.21 13:00:02;1.26324;;;;cancelled
2024.11.21 12:00:00;Buy Stop;0.05;GBPUSD;1.26588;1.25388;1.27188;2024.11.21 13:00:02;1.26325;;;;cancelled
2024.11.21 12:00:02;Buy Stop;0.05;GBPUSD;1.26588;1.25388;1.27188;2024.11.21 13:00:01;1.26321;;;;cancelled
2024.11.21 12:00:02;Buy Stop;0.05;GBPUSD;1.26588;1.25388;1.27188;2024.11.21 13:00:01;1.26324;;;;cancelled
2024.11.21 12:00:01;Buy Stop;0.05;GBPUSD;1.26588;1.25388;1.27188;2024.11.21 13:00:01;1.26324;;;;cancelled
2024.11.21 12:00:00;Buy Stop;0.05;GBPUSD;1.26588;1.25388;1.27188;2024.11.21 13:00:01;1.26325;;;;cancelled
2024.11.21 12:00:03;Buy Stop;0.05;GBPUSD;1.26588;1.25388;1.27188;2024.11.21 13:00:00;1.26321;;;;cancelled
2024.11.18 11:06:21;Sell;0.05;GBPUSD;1.26138;1.28539;1.25539;2024.11.21 11:38:36;1.26287;-0.35;-1.04;-7.45;
2024.11.18 11:06:21;Sell;0.05;GBPUSD;1.26138;1.28539;1.25539;2024.11.21 11:38:35;1.26287;-0.35;-1.04;-7.45;
2024.11.18 11:06:21;Sell;0.05;GBPUSD;1.26138;1.28539;1.25539;2024.11.21 11:38:34;1.26287;-0.35;-1.04;-7.45;
2024.11.18 11:06:21;Sell;0.05;GBPUSD;1.26138;1.28539;1.25539;2024.11.21 11:38:34;1.26287;-0.35;-1.04;-7.45;
2024.11.18 11:06:21;Sell;0.05;GBPUSD;1.26138;1.28539;1.25539;2024.11.21 11:38:33;1.26284;-0.35;-1.04;-7.30;
2024.11.18 11:06:21;Sell;0.05;GBPUSD;1.26138;1.28539;1.25539;2024.11.21 11:38:32;1.26284;-0.35;-1.04;-7.30;
2024.11.18 11:06:21;Sell;0.05;GBPUSD;1.26138;1.28539;1.25539;2024.11.21 11:38:31;1.26284;-0.35;-1.04;-7.30;
2024.11.21 11:01:59;Sell;0.50;GBPUSD;1.26361;1.26608;1.25761;2024.11.21 11:32:52;1.26288;-3.50;;36.50;
2024.11.21 11:00:00;Buy Stop;0.50;GBPUSD;1.26608;1.26361;1.27208;2024.11.21 11:01:59;1.26365;;;;cancelled
2024.11.20 12:35:02;Sell;0.05;GBPUSD;1.26630;1.27829;1.26029;2024.11.20 13:17:31;1.26523;-0.35;;5.35;
2024.11.20 12:35:02;Sell;0.05;GBPUSD;1.26630;1.27829;1.26029;2024.11.20 13:17:31;1.26523;-0.35;;5.35;
2024.11.20 12:35:02;Sell;0.05;GBPUSD;1.26630;1.27829;1.26029;2024.11.20 13:17:31;1.26523;-0.35;;5.35;
2024.11.20 12:35:02;Sell;0.05;GBPUSD;1.26630;1.27829;1.26029;2024.11.20 13:17:30;1.26523;-0.35;;5.35;
2024.11.20 12:35:02;Sell;0.05;GBPUSD;1.26630;1.27829;1.26029;2024.11.20 13:17:30;1.26523;-0.35;;5.35;
2024.11.20 12:35:02;Sell;0.05;GBPUSD;1.26630;1.27829;1.26029;2024.11.20 13:17:30;1.26523;-0.35;;5.35;
2024.11.20 11:00:01;Sell;0.50;GBPUSD;1.26757;1.26598;1.26157;2024.11.20 12:36:02;1.26598;-3.50;;79.50;[sl]
2024.11.20 11:00:01;Sell;1.00;GBPUSD;1.26756;1.29157;1.26617;2024.11.20 12:35:20;1.26617;-7.00;;139.00;[tp]
2024.11.20 12:00:00;Buy Stop;0.05;GBPUSD;1.27157;1.25957;1.27757;2024.11.20 12:35:04;1.26635;;;;cancelled
2024.11.20 12:00:01;Buy Stop;0.05;GBPUSD;1.27157;1.25957;1.27757;2024.11.20 12:35:03;1.26634;;;;cancelled
2024.11.20 12:00:01;Buy Stop;0.05;GBPUSD;1.27157;1.25957;1.27757;2024.11.20 12:35:03;1.26634;;;;cancelled
2024.11.20 12:00:00;Buy Stop;0.05;GBPUSD;1.27157;1.25957;1.27757;2024.11.20 12:35:03;1.26634;;;;cancelled
2024.11.20 12:00:02;Buy Stop;0.05;GBPUSD;1.27157;1.25957;1.27757;2024.11.20 12:35:02;1.26633;;;;cancelled
2024.11.20 12:00:02;Buy Stop;0.05;GBPUSD;1.27157;1.25957;1.27757;2024.11.20 12:35:02;1.26634;;;;cancelled
2024.11.20 11:00:56;Sell;0.10;GBPUSD;1.26725;1.29126;1.26126;2024.11.20 11:35:14;1.26660;-0.70;;6.50;
2024.11.20 11:00:56;Sell;0.10;GBPUSD;1.26725;1.29126;1.26126;2024.11.20 11:35:14;1.26662;-0.70;;6.30;
2024.11.20 11:00:56;Sell;0.10;GBPUSD;1.26725;1.29126;1.26126;2024.11.20 11:35:13;1.26659;-0.70;;6.60;
2024.11.20 11:00:56;Sell;0.10;GBPUSD;1.26725;1.29126;1.26126;2024.11.20 11:35:13;1.26661;-0.70;;6.40;
2024.11.20 11:00:56;Sell;0.10;GBPUSD;1.26725;1.29126;1.26126;2024.11.20 11:35:13;1.26660;-0.70;;6.50;
2024.11.20 11:00:56;Sell;0.10;GBPUSD;1.26725;1.29126;1.26126;2024.11.20 11:35:13;1.26661;-0.70;;6.40;
2024.11.20 11:00:56;Sell;0.10;GBPUSD;1.26725;1.29126;1.26126;2024.11.20 11:35:12;1.26660;-0.70;;6.50;
2024.11.20 11:00:01;Sell;0.80;GBPUSD;1.26756;1.26690;1.26157;2024.11.20 11:32:09;1.26692;-5.60;;51.20;[sl]
2024.11.20 11:00:00;Buy Stop;0.10;GBPUSD;1.27157;1.24757;1.27757;2024.11.20 11:00:59;1.26730;;;;cancelled
2024.11.20 11:00:02;Buy Stop;0.10;GBPUSD;1.27157;1.24757;1.27757;2024.11.20 11:00:58;1.26732;;;;cancelled
2024.11.20 11:00:01;Buy Stop;0.10;GBPUSD;1.27157;1.24757;1.27757;2024.11.20 11:00:58;1.26731;;;;cancelled
2024.11.20 11:00:00;Buy Stop;0.10;GBPUSD;1.27157;1.24757;1.27757;2024.11.20 11:00:58;1.26730;;;;cancelled
2024.11.20 11:00:03;Buy Stop;0.10;GBPUSD;1.27157;1.24757;1.27757;2024.11.20 11:00:57;1.26727;;;;cancelled
2024.11.20 11:00:03;Buy Stop;0.10;GBPUSD;1.27157;1.24757;1.27757;2024.11.20 11:00:57;1.26730;;;;cancelled
2024.11.20 11:00:02;Buy Stop;0.10;GBPUSD;1.27157;1.24757;1.27757;2024.11.20 11:00:57;1.26728;;;;cancelled
2024.11.20 11:00:00;Buy Stop;1.00;GBPUSD;1.26962;1.24562;1.27102;2024.11.20 11:00:02;1.26753;;;;cancelled
2024.11.20 11:00:00;Buy Stop;0.80;GBPUSD;1.26962;1.24562;1.27562;2024.11.20 11:00:02;1.26759;;;;cancelled
2024.11.20 11:00:00;Buy Stop;0.50;GBPUSD;1.26962;1.26757;1.27562;2024.11.20 11:00:02;1.26753;;;;cancelled
2024.11.19 11:00:00;Buy Stop;0.50;GBPUSD;1.26902;1.26621;1.27502;2024.11.19 20:30:00;1.26659;;;;cancelled
2024.11.19 11:00:00;Buy Stop;0.50;GBPUSD;1.26902;1.24502;1.27042;2024.11.19 20:00:00;1.26713;;;;cancelled
2024.11.19 11:00:00;Buy Stop;0.40;GBPUSD;1.26902;1.24502;1.27502;2024.11.19 20:00:00;1.26713;;;;cancelled
2024.11.19 11:18:07;Sell;0.05;GBPUSD;1.26495;1.28894;1.25894;2024.11.19 11:21:00;1.26420;-0.35;;3.75;
2024.11.19 11:18:07;Sell;0.05;GBPUSD;1.26495;1.28894;1.25894;2024.11.19 11:20:59;1.26416;-0.35;;3.95;
2024.11.19 11:18:07;Sell;0.05;GBPUSD;1.26495;1.28894;1.25894;2024.11.19 11:20:59;1.26420;-0.35;;3.75;
2024.11.19 11:18:07;Sell;0.05;GBPUSD;1.26495;1.28894;1.25894;2024.11.19 11:20:59;1.26415;-0.35;;4.00;
2024.11.19 11:18:07;Sell;0.05;GBPUSD;1.26495;1.28894;1.25894;2024.11.19 11:20:59;1.26416;-0.35;;3.95;
2024.11.19 11:18:07;Sell;0.05;GBPUSD;1.26495;1.28894;1.25894;2024.11.19 11:20:58;1.26418;-0.35;;3.85;
2024.11.19 11:18:07;Sell;0.05;GBPUSD;1.26495;1.28894;1.25894;2024.11.19 11:20:58;1.26418;-0.35;;3.85;
2024.11.19 11:00:00;Buy Stop;0.05;GBPUSD;1.26902;1.24502;1.27502;2024.11.19 11:18:09;1.26502;;;;cancelled
2024.11.19 11:00:00;Buy Stop;0.05;GBPUSD;1.26902;1.24502;1.27502;2024.11.19 11:18:09;1.26505;;;;cancelled
2024.11.19 11:00:02;Buy Stop;0.05;GBPUSD;1.26902;1.24502;1.27502;2024.11.19 11:18:08;1.26501;;;;cancelled
2024.11.19 11:00:01;Buy Stop;0.05;GBPUSD;1.26902;1.24502;1.27502;2024.11.19 11:18:08;1.26500;;;;cancelled
2024.11.19 11:00:01;Buy Stop;0.05;GBPUSD;1.26902;1.24502;1.27502;2024.11.19 11:18:08;1.26502;;;;cancelled
2024.11.19 11:00:03;Buy Stop;0.05;GBPUSD;1.26902;1.24502;1.27502;2024.11.19 11:18:07;1.26501;;;;cancelled
2024.11.19 11:00:02;Buy Stop;0.05;GBPUSD;1.26902;1.24502;1.27502;2024.11.19 11:18:07;1.26500;;;;cancelled
2024.11.18 11:00:02;Buy Stop;0.05;GBPUSD;1.26417;1.24017;1.27017;2024.11.18 11:06:23;1.26141;;;;cancelled
2024.11.18 11:00:01;Buy Stop;0.05;GBPUSD;1.26417;1.24017;1.27017;2024.11.18 11:06:23;1.26139;;;;cancelled
2024.11.18 11:00:01;Buy Stop;0.05;GBPUSD;1.26417;1.24017;1.27017;2024.11.18 11:06:23;1.26137;;;;cancelled
2024.11.18 11:00:00;Buy Stop;0.05;GBPUSD;1.26417;1.24017;1.27017;2024.11.18 11:06:23;1.26135;;;;cancelled
2024.11.18 11:00:04;Buy Stop;0.05;GBPUSD;1.26417;1.24017;1.27017;2024.11.18 11:06:22;1.26140;;;;cancelled
2024.11.18 11:00:03;Buy Stop;0.05;GBPUSD;1.26417;1.24017;1.27017;2024.11.18 11:06:22;1.26141;;;;cancelled
2024.11.18 11:00:02;Buy Stop;0.05;GBPUSD;1.26417;1.24017;1.27017;2024.11.18 11:06:22;1.26139;;;;cancelled
2024.11.18 11:00:00;Buy Stop;0.50;GBPUSD;1.26417;1.24017;1.26487;2024.11.18 11:06:22;1.26140;;;;cancelled
2024.11.18 11:00:00;Buy Stop;0.40;GBPUSD;1.26417;1.24017;1.27017;2024.11.18 11:06:22;1.26140;;;;cancelled
2024.11.15 11:53:32;Sell;0.50;GBPUSD;1.26553;1.26917;1.25953;2024.11.15 13:39:08;1.26920;-3.50;;-183.50;[sl]
2024.11.15 11:00:00;Buy Stop;0.50;GBPUSD;1.26917;1.26553;1.27517;2024.11.15 11:53:33;1.26554;;;;cancelled
2024.11.14 16:30:58;Buy;0.50;GBPUSD;1.26965;1.26722;1.27105;2024.11.14 17:22:02;1.27105;-3.50;;70.00;[tp]
2024.11.14 12:06:33;Sell;0.05;GBPUSD;1.26544;1.27744;1.25944;2024.11.14 12:20:44;1.26441;-0.35;;5.15;
2024.11.14 12:06:33;Sell;0.05;GBPUSD;1.26544;1.27744;1.25944;2024.11.14 12:20:43;1.26440;-0.35;;5.20;
2024.11.14 12:06:33;Sell;0.05;GBPUSD;1.26544;1.27744;1.25944;2024.11.14 12:20:43;1.26442;-0.35;;5.10;
2024.11.14 12:06:33;Sell;0.05;GBPUSD;1.26544;1.27744;1.25944;2024.11.14 12:20:43;1.26442;-0.35;;5.10;
2024.11.14 12:06:33;Sell;0.05;GBPUSD;1.26544;1.27744;1.25944;2024.11.14 12:20:43;1.26442;-0.35;;5.10;
2024.11.14 12:06:33;Sell;0.05;GBPUSD;1.26544;1.27744;1.25944;2024.11.14 12:20:42;1.26440;-0.35;;5.20;
2024.11.14 12:00:02;Buy Stop;0.05;GBPUSD;1.26954;1.25754;1.27554;2024.11.14 12:06:35;1.26546;;;;cancelled
2024.11.14 12:00:01;Buy Stop;0.05;GBPUSD;1.26954;1.25754;1.27554;2024.11.14 12:06:35;1.26546;;;;cancelled
2024.11.14 12:00:01;Buy Stop;0.05;GBPUSD;1.26954;1.25754;1.27554;2024.11.14 12:06:35;1.26545;;;;cancelled
2024.11.14 12:00:00;Buy Stop;0.05;GBPUSD;1.26954;1.25754;1.27554;2024.11.14 12:06:35;1.26545;;;;cancelled
2024.11.14 12:00:03;Buy Stop;0.05;GBPUSD;1.26954;1.25754;1.27554;2024.11.14 12:06:34;1.26547;;;;cancelled
2024.11.14 12:00:03;Buy Stop;0.05;GBPUSD;1.26954;1.25754;1.27554;2024.11.14 12:06:34;1.26547;;;;cancelled
2024.11.13 11:35:38;Buy;0.50;GBPUSD;1.27555;1.27298;1.28155;2024.11.13 16:33:10;1.27295;-3.50;;-130.00;[sl]
2024.11.13 11:35:38;Buy;0.05;GBPUSD;1.27555;1.25155;1.28155;2024.11.13 15:30:19;1.27626;-0.35;;3.55;
2024.11.13 11:35:38;Buy;0.05;GBPUSD;1.27555;1.25155;1.28155;2024.11.13 15:30:18;1.27624;-0.35;;3.45;
2024.11.13 11:35:38;Buy;0.05;GBPUSD;1.27555;1.25155;1.28155;2024.11.13 15:30:17;1.27603;-0.35;;2.40;
2024.11.13 11:35:38;Buy;0.05;GBPUSD;1.27555;1.25155;1.28155;2024.11.13 15:30:15;1.27570;-0.35;;0.75;
2024.11.13 11:35:38;Buy;0.05;GBPUSD;1.27555;1.25155;1.28155;2024.11.13 15:30:14;1.27632;-0.35;;3.85;
2024.11.13 11:35:38;Buy;0.05;GBPUSD;1.27555;1.25155;1.28155;2024.11.13 15:30:13;1.27646;-0.35;;4.55;
2024.11.13 11:35:38;Buy;0.05;GBPUSD;1.27555;1.25155;1.28155;2024.11.13 15:30:12;1.27682;-0.35;;6.35;
2024.11.13 11:35:38;Buy;0.40;GBPUSD;1.27555;1.27659;1.28155;2024.11.13 15:30:12;1.27673;-2.80;;47.20;[sl]
2024.11.13 11:35:38;Buy;0.50;GBPUSD;1.27555;1.25155;1.27625;2024.11.13 15:30:07;1.27628;-3.50;;36.50;[tp]
2024.11.13 12:00:01;Sell Stop;0.05;GBPUSD;1.27288;1.28488;1.26688;2024.11.13 13:00:03;1.27403;;;;cancelled
2024.11.13 12:00:00;Sell Stop;0.05;GBPUSD;1.27288;1.28488;1.26688;2024.11.13 13:00:03;1.27403;;;;cancelled
2024.11.13 12:00:03;Sell Stop;0.05;GBPUSD;1.27288;1.28488;1.26688;2024.11.13 13:00:02;1.27403;;;;cancelled
2024.11.13 12:00:02;Sell Stop;0.05;GBPUSD;1.27288;1.28488;1.26688;2024.11.13 13:00:02;1.27404;;;;cancelled
2024.11.13 12:00:01;Sell Stop;0.05;GBPUSD;1.27288;1.28488;1.26688;2024.11.13 13:00:02;1.27404;;;;cancelled
2024.11.13 12:00:03;Sell Stop;0.05;GBPUSD;1.27288;1.28488;1.26688;2024.11.13 13:00:01;1.27403;;;;cancelled
2024.11.13 12:00:01;Buy Stop;0.05;GBPUSD;1.27569;1.26369;1.28169;2024.11.13 13:00:01;1.27404;;;;cancelled
2024.11.13 12:00:01;Buy Stop;0.05;GBPUSD;1.27569;1.26369;1.28169;2024.11.13 13:00:01;1.27404;;;;cancelled
2024.11.13 12:00:00;Buy Stop;0.05;GBPUSD;1.27569;1.26369;1.28169;2024.11.13 13:00:01;1.27404;;;;cancelled
2024.11.13 12:00:03;Buy Stop;0.05;GBPUSD;1.27569;1.26369;1.28169;2024.11.13 13:00:00;1.27404;;;;cancelled
2024.11.13 12:00:02;Buy Stop;0.05;GBPUSD;1.27569;1.26369;1.28169;2024.11.13 13:00:00;1.27406;;;;cancelled
2024.11.13 12:00:02;Buy Stop;0.05;GBPUSD;1.27569;1.26369;1.28169;2024.11.13 13:00:00;1.27406;;;;cancelled
2024.11.13 11:00:01;Sell Stop;0.05;GBPUSD;1.27298;1.29698;1.26698;2024.11.13 11:35:40;1.27547;;;;cancelled
2024.11.13 11:00:00;Sell Stop;0.05;GBPUSD;1.27298;1.29698;1.26698;2024.11.13 11:35:40;1.27546;;;;cancelled
2024.11.13 11:00:03;Sell Stop;0.05;GBPUSD;1.27298;1.29698;1.26698;2024.11.13 11:35:39;1.27546;;;;cancelled
2024.11.13 11:00:02;Sell Stop;0.05;GBPUSD;1.27298;1.29698;1.26698;2024.11.13 11:35:39;1.27546;;;;cancelled
2024.11.13 11:00:01;Sell Stop;0.05;GBPUSD;1.27298;1.29698;1.26698;2024.11.13 11:35:39;1.27546;;;;cancelled
2024.11.13 11:00:04;Sell Stop;0.05;GBPUSD;1.27298;1.29698;1.26698;2024.11.13 11:35:38;1.27549;;;;cancelled
2024.11.13 11:00:03;Sell Stop;0.05;GBPUSD;1.27298;1.29698;1.26698;2024.11.13 11:35:38;1.27548;;;;cancelled
2024.11.13 11:00:00;Sell Stop;0.50;GBPUSD;1.27298;1.29698;1.27228;2024.11.13 11:35:38;1.27549;;;;cancelled
2024.11.13 11:00:00;Sell Stop;0.50;GBPUSD;1.27298;1.27555;1.26698;2024.11.13 11:35:38;1.27549;;;;cancelled
2024.11.13 11:00:00;Sell Stop;0.40;GBPUSD;1.27298;1.29698;1.26698;2024.11.13 11:35:38;1.27549;;;;cancelled
2024.11.12 12:00:01;Sell Stop;0.05;GBPUSD;1.27915;1.29115;1.27315;2024.11.12 13:00:03;1.28194;;;;cancelled
2024.11.12 12:00:01;Sell Stop;0.05;GBPUSD;1.27915;1.29115;1.27315;2024.11.12 13:00:03;1.28194;;;;cancelled
2024.11.12 12:00:00;Sell Stop;0.05;GBPUSD;1.27915;1.29115;1.27315;2024.11.12 13:00:03;1.28195;;;;cancelled
2024.11.12 12:00:03;Sell Stop;0.05;GBPUSD;1.27915;1.29115;1.27315;2024.11.12 13:00:02;1.28192;;;;cancelled
2024.11.12 12:00:02;Sell Stop;0.05;GBPUSD;1.27915;1.29115;1.27315;2024.11.12 13:00:02;1.28192;;;;cancelled
2024.11.12 12:00:02;Sell Stop;0.05;GBPUSD;1.27915;1.29115;1.27315;2024.11.12 13:00:02;1.28194;;;;cancelled
2024.11.12 12:00:01;Buy Stop;0.05;GBPUSD;1.28481;1.27281;1.29081;2024.11.12 13:00:01;1.28190;;;;cancelled
2024.11.12 12:00:00;Buy Stop;0.05;GBPUSD;1.28481;1.27281;1.29081;2024.11.12 13:00:01;1.28192;;;;cancelled
2024.11.12 12:00:00;Buy Stop;0.05;GBPUSD;1.28481;1.27281;1.29081;2024.11.12 13:00:01;1.28195;;;;cancelled
2024.11.12 12:00:03;Buy Stop;0.05;GBPUSD;1.28481;1.27281;1.29081;2024.11.12 13:00:00;1.28188;;;;cancelled
2024.11.12 12:00:02;Buy Stop;0.05;GBPUSD;1.28481;1.27281;1.29081;2024.11.12 13:00:00;1.28191;;;;cancelled
2024.11.12 12:00:02;Buy Stop;0.05;GBPUSD;1.28481;1.27281;1.29081;2024.11.12 13:00:00;1.28194;;;;cancelled
2024.11.11 11:28:15;Sell;0.05;GBPUSD;1.28862;1.31268;1.28268;2024.11.11 13:02:15;1.28793;-0.35;;3.45;
2024.11.11 11:28:15;Sell;0.05;GBPUSD;1.28862;1.31268;1.28268;2024.11.11 13:02:14;1.28793;-0.35;;3.45;
2024.11.11 11:28:15;Sell;0.05;GBPUSD;1.28861;1.31268;1.28268;2024.11.11 13:02:13;1.28799;-0.35;;3.10;
2024.11.11 11:28:15;Sell;0.05;GBPUSD;1.28866;1.31268;1.28268;2024.11.11 13:02:12;1.28797;-0.35;;3.45;
2024.11.11 11:28:15;Sell;0.05;GBPUSD;1.28862;1.31268;1.28268;2024.11.11 13:02:10;1.28798;-0.35;;3.20;
2024.11.11 11:28:15;Sell;0.05;GBPUSD;1.28860;1.31268;1.28268;2024.11.11 13:02:09;1.28805;-0.35;;2.75;
2024.11.11 11:28:15;Sell;0.05;GBPUSD;1.28862;1.31268;1.28268;2024.11.11 13:02:08;1.28813;-0.35;;2.45;
2024.11.11 11:28:02;Sell;0.40;GBPUSD;1.28885;1.28801;1.28300;2024.11.11 13:02:08;1.28812;-2.80;;29.20;[sl]
2024.11.11 11:28:02;Sell;0.50;GBPUSD;1.28888;1.31300;1.28830;2024.11.11 11:40:56;1.28830;-3.50;;29.00;[tp]
2024.11.11 11:00:01;Buy Stop;0.05;GBPUSD;1.29234;1.26834;1.29834;2024.11.11 11:28:17;1.28867;;;;cancelled
2024.11.11 11:00:00;Buy Stop;0.05;GBPUSD;1.29234;1.26834;1.29834;2024.11.11 11:28:17;1.28868;;;;cancelled
2024.11.11 11:00:03;Buy Stop;0.05;GBPUSD;1.29234;1.26834;1.29834;2024.11.11 11:28:16;1.28867;;;;cancelled
2024.11.11 11:00:02;Buy Stop;0.05;GBPUSD;1.29234;1.26834;1.29834;2024.11.11 11:28:16;1.28867;;;;cancelled
2024.11.11 11:00:01;Buy Stop;0.05;GBPUSD;1.29234;1.26834;1.29834;2024.11.11 11:28:16;1.28867;;;;cancelled
2024.11.11 11:00:04;Buy Stop;0.05;GBPUSD;1.29234;1.26834;1.29834;2024.11.11 11:28:15;1.28862;;;;cancelled
2024.11.11 11:00:03;Buy Stop;0.05;GBPUSD;1.29234;1.26834;1.29834;2024.11.11 11:28:15;1.28868;;;;cancelled
2024.11.11 11:00:00;Buy Stop;0.50;GBPUSD;1.29266;1.26866;1.29336;2024.11.11 11:28:02;1.28885;;;;cancelled
2024.11.11 11:00:00;Buy Stop;0.40;GBPUSD;1.29266;1.26866;1.29866;2024.11.11 11:28:02;1.28884;;;;cancelled
2024.11.08 11:00:00;Buy Stop;0.24;GBPUSD;1.29901;1.29606;1.30501;2024.11.08 20:30:00;1.28999;;;;cancelled
2024.11.07 14:53:00;Buy;0.24;GBPUSD;1.29481;1.29626;1.30083;2024.11.07 15:04:39;1.29625;-1.68;;34.56;[sl]
2024.11.07 11:00:00;Sell Stop;0.24;GBPUSD;1.28691;1.29483;1.28091;2024.11.07 14:53:01;1.29482;;;;cancelled
2024.11.05 12:06:47;Buy;0.02;GBPUSD;1.29860;1.28658;1.30458;2024.11.05 16:16:05;1.29950;-0.14;;1.80;
2024.11.05 12:06:47;Buy;0.02;GBPUSD;1.29860;1.28658;1.30458;2024.11.05 16:16:05;1.29950;-0.14;;1.80;
2024.11.05 12:06:47;Buy;0.02;GBPUSD;1.29860;1.28658;1.30458;2024.11.05 16:16:04;1.29950;-0.14;;1.80;
2024.11.05 12:06:47;Buy;0.02;GBPUSD;1.29860;1.28658;1.30458;2024.11.05 16:16:04;1.29950;-0.14;;1.80;
2024.11.05 12:06:47;Buy;0.02;GBPUSD;1.29860;1.28658;1.30458;2024.11.05 16:16:04;1.29950;-0.14;;1.80;
2024.11.05 12:06:47;Buy;0.02;GBPUSD;1.29860;1.28658;1.30458;2024.11.05 16:16:03;1.29950;-0.14;;1.80;
2024.11.05 11:01:10;Buy;0.24;GBPUSD;1.29826;1.29957;1.30428;2024.11.05 16:16:03;1.29955;-1.68;;30.96;[sl]
2024.11.05 12:06:47;Buy;0.02;GBPUSD;1.29860;1.27458;1.30458;2024.11.05 13:39:40;1.29912;-0.14;;1.04;
2024.11.05 12:06:47;Buy;0.02;GBPUSD;1.29860;1.27458;1.30458;2024.11.05 13:39:40;1.29912;-0.14;;1.04;
2024.11.05 12:06:47;Buy;0.02;GBPUSD;1.29860;1.27458;1.30458;2024.11.05 13:39:40;1.29911;-0.14;;1.02;
2024.11.05 12:06:47;Buy;0.02;GBPUSD;1.29860;1.27458;1.30458;2024.11.05 13:39:40;1.29913;-0.14;;1.06;
2024.11.05 12:06:47;Buy;0.02;GBPUSD;1.29860;1.27458;1.30458;2024.11.05 13:39:39;1.29912;-0.14;;1.04;
2024.11.05 12:06:47;Buy;0.02;GBPUSD;1.29860;1.27458;1.30458;2024.11.05 13:39:39;1.29912;-0.14;;1.04;
2024.11.05 12:06:47;Buy;0.02;GBPUSD;1.29860;1.27458;1.30458;2024.11.05 13:39:39;1.29912;-0.14;;1.04;
2024.11.05 11:01:10;Buy;0.18;GBPUSD;1.29826;1.29903;1.30428;2024.11.05 13:31:08;1.29903;-1.26;;13.86;[sl]
2024.11.05 11:01:10;Buy;0.24;GBPUSD;1.29826;1.27428;1.29898;2024.11.05 13:30:13;1.29898;-1.68;;17.28;[tp]
2024.11.01 13:45:09;Buy;0.50;GBPUSD;1.29192;1.29330;1.29794;2024.11.01 14:30:03;1.29538;-3.50;;173.00;
2024.10.31 15:54:28;Sell;0.50;GBPUSD;1.29414;1.29290;1.28815;2024.10.31 15:57:12;1.29291;-3.50;;61.50;[sl]
2024.10.30 11:00:03;Buy;0.05;GBPUSD;1.30212;1.27813;1.30813;2024.10.30 16:13:50;1.30290;-0.35;;3.90;
2024.10.30 11:00:05;Buy;0.05;GBPUSD;1.30214;1.27815;1.30815;2024.10.30 16:13:49;1.30296;-0.35;;4.10;
2024.10.30 11:00:04;Buy;0.05;GBPUSD;1.30218;1.27818;1.30818;2024.10.30 16:13:49;1.30290;-0.35;;3.60;
2024.10.30 11:00:01;Buy;0.05;GBPUSD;1.30218;1.27818;1.30818;2024.10.30 16:13:49;1.30296;-0.35;;3.90;
2024.10.30 11:00:04;Buy;0.05;GBPUSD;1.30211;1.27810;1.30810;2024.10.30 16:13:48;1.30302;-0.35;;4.55;
2024.10.30 11:00:02;Buy;0.05;GBPUSD;1.30216;1.27813;1.30813;2024.10.30 16:13:48;1.30302;-0.35;;4.30;
2024.10.30 11:00:00;Buy;0.05;GBPUSD;1.30214;1.27819;1.30819;2024.10.30 16:13:48;1.30303;-0.35;;4.45;
2024.10.30 11:45:10;Sell;0.50;GBPUSD;1.29945;1.30209;1.29348;2024.10.30 12:36:58;1.29820;-3.50;;62.50;
2024.10.30 12:00:58;Sell;0.05;GBPUSD;1.29992;1.31192;1.29392;2024.10.30 12:28:03;1.29849;-0.35;;7.15;
2024.10.30 12:00:58;Sell;0.05;GBPUSD;1.29992;1.31192;1.29392;2024.10.30 12:28:03;1.29850;-0.35;;7.10;
2024.10.30 12:00:58;Sell;0.05;GBPUSD;1.29992;1.31192;1.29392;2024.10.30 12:28:03;1.29850;-0.35;;7.10;
2024.10.30 12:00:58;Sell;0.05;GBPUSD;1.29992;1.31192;1.29392;2024.10.30 12:28:03;1.29849;-0.35;;7.15;
2024.10.30 12:00:58;Sell;0.05;GBPUSD;1.29992;1.31192;1.29392;2024.10.30 12:28:02;1.29849;-0.35;;7.15;
2024.10.30 12:00:58;Sell;0.05;GBPUSD;1.29992;1.31192;1.29392;2024.10.30 12:28:02;1.29850;-0.35;;7.10;
2024.10.30 11:45:10;Sell;0.48;GBPUSD;1.29945;1.29851;1.29348;2024.10.30 12:28:02;1.29849;-3.36;;46.08;[sl]
2024.10.30 11:45:10;Sell;0.60;GBPUSD;1.29944;1.32348;1.29878;2024.10.30 12:26:30;1.29877;-4.20;;40.20;[tp]
2024.10.29 13:06:01;Buy;0.05;GBPUSD;1.29908;1.27509;1.30509;2024.10.29 16:00:11;1.29962;-0.35;;2.70;
2024.10.29 13:06:01;Buy;0.05;GBPUSD;1.29908;1.27509;1.30509;2024.10.29 16:00:10;1.29983;-0.35;;3.75;
2024.10.29 13:06:01;Buy;0.05;GBPUSD;1.29908;1.27509;1.30509;2024.10.29 16:00:09;1.29978;-0.35;;3.50;
2024.10.29 13:06:01;Buy;0.05;GBPUSD;1.29908;1.27509;1.30509;2024.10.29 16:00:08;1.29988;-0.35;;4.00;
2024.10.29 13:06:01;Buy;0.05;GBPUSD;1.29908;1.27509;1.30509;2024.10.29 16:00:06;1.29973;-0.35;;3.25;
2024.10.29 13:06:01;Buy;0.05;GBPUSD;1.29908;1.27509;1.30509;2024.10.29 16:00:05;1.29995;-0.35;;4.35;
2024.10.29 13:06:01;Buy;0.05;GBPUSD;1.29908;1.27509;1.30509;2024.10.29 16:00:04;1.30001;-0.35;;4.65;
2024.10.28 16:50:56;Buy;0.01;GBPUSD;1.29994;1.27496;1.30596;2024.10.29 10:42:40;1.29864;-0.07;-0.05;-1.30;
2024.10.28 16:50:56;Buy;0.01;GBPUSD;1.29994;1.27496;1.30596;2024.10.29 10:42:39;1.29865;-0.07;-0.05;-1.29;
2024.10.28 16:50:56;Buy;0.01;GBPUSD;1.29994;1.27496;1.30596;2024.10.29 10:42:39;1.29864;-0.07;-0.05;-1.30;
2024.10.28 16:50:56;Buy;0.01;GBPUSD;1.29994;1.27496;1.30596;2024.10.29 10:42:38;1.29864;-0.07;-0.05;-1.30;
2024.10.28 16:50:56;Buy;0.01;GBPUSD;1.29994;1.27496;1.30596;2024.10.29 10:42:38;1.29864;-0.07;-0.05;-1.30;
2024.10.28 16:50:56;Buy;0.01;GBPUSD;1.29994;1.27496;1.30596;2024.10.29 10:42:38;1.29866;-0.07;-0.05;-1.28;
2024.10.28 16:50:56;Buy;0.01;GBPUSD;1.29994;1.27496;1.30596;2024.10.29 10:42:37;1.29866;-0.07;-0.05;-1.28;
2024.10.29 10:35:07;Balance;;;;;;;;;;24 000.00;
2024.10.25 12:07:20;Buy;0.04;GBPUSD;1.29808;1.29578;1.30208;2024.10.25 15:44:42;1.29941;-0.28;;5.32;
2024.10.23 14:04:10;Sell;0.04;GBPUSD;1.29696;1.29961;1.29301;2024.10.23 14:57:30;1.29550;-0.28;;5.84;
2024.10.23 14:04:10;Sell;0.01;GBPUSD;1.29696;1.32201;1.29101;2024.10.23 14:52:57;1.29618;-0.07;;0.78;
2024.10.23 14:04:10;Sell;0.01;GBPUSD;1.29696;1.32201;1.29101;2024.10.23 14:52:57;1.29616;-0.07;;0.80;
2024.10.23 14:04:10;Sell;0.01;GBPUSD;1.29696;1.32201;1.29101;2024.10.23 14:52:57;1.29618;-0.07;;0.78;
2024.10.23 14:04:10;Sell;0.01;GBPUSD;1.29696;1.32201;1.29101;2024.10.23 14:52:57;1.29616;-0.07;;0.80;
2024.10.23 14:04:10;Sell;0.01;GBPUSD;1.29696;1.32201;1.29101;2024.10.23 14:52:56;1.29618;-0.07;;0.78;
2024.10.23 14:04:10;Sell;0.01;GBPUSD;1.29696;1.32201;1.29101;2024.10.23 14:52:56;1.29618;-0.07;;0.78;
2024.10.23 14:04:10;Sell;0.01;GBPUSD;1.29696;1.32201;1.29101;2024.10.23 14:52:56;1.29617;-0.07;;0.79;
2024.10.22 12:54:26;Sell;0.04;GBPUSD;1.29783;1.30150;1.29383;2024.10.22 15:56:12;1.29625;-0.28;;6.32;
2024.10.22 12:54:26;Sell;0.01;GBPUSD;1.29784;1.32283;1.29183;2024.10.22 12:57:36;1.29704;-0.07;;0.80;
2024.10.22 12:54:26;Sell;0.01;GBPUSD;1.29784;1.32283;1.29183;2024.10.22 12:57:36;1.29703;-0.07;;0.81;
2024.10.22 12:54:26;Sell;0.01;GBPUSD;1.29784;1.32283;1.29183;2024.10.22 12:57:35;1.29706;-0.07;;0.78;
2024.10.22 12:54:26;Sell;0.01;GBPUSD;1.29784;1.32283;1.29183;2024.10.22 12:57:35;1.29704;-0.07;;0.80;
2024.10.22 12:54:26;Sell;0.01;GBPUSD;1.29784;1.32283;1.29183;2024.10.22 12:57:35;1.29702;-0.07;;0.82;
2024.10.22 12:54:26;Sell;0.01;GBPUSD;1.29783;1.32283;1.29183;2024.10.22 12:57:35;1.29705;-0.07;;0.78;
2024.10.22 12:54:26;Sell;0.01;GBPUSD;1.29783;1.32283;1.29183;2024.10.22 12:57:34;1.29709;-0.07;;0.74;
2024.10.21 17:23:20;Sell;0.01;GBPUSD;1.30109;1.32610;1.29510;2024.10.21 17:36:01;1.30030;-0.07;;0.79;
2024.10.21 17:23:20;Sell;0.01;GBPUSD;1.30109;1.32610;1.29510;2024.10.21 17:36:01;1.30028;-0.07;;0.81;
2024.10.21 17:23:20;Sell;0.01;GBPUSD;1.30109;1.32610;1.29510;2024.10.21 17:36:01;1.30032;-0.07;;0.77;
2024.10.21 17:23:20;Sell;0.01;GBPUSD;1.30109;1.32610;1.29510;2024.10.21 17:36:00;1.30032;-0.07;;0.77;
2024.10.21 17:23:20;Sell;0.01;GBPUSD;1.30109;1.32610;1.29510;2024.10.21 17:36:00;1.30032;-0.07;;0.77;
2024.10.21 17:23:20;Sell;0.01;GBPUSD;1.30109;1.32610;1.29510;2024.10.21 17:36:00;1.30033;-0.07;;0.76;
2024.10.21 17:23:20;Sell;0.01;GBPUSD;1.30109;1.32610;1.29510;2024.10.21 17:35:59;1.30033;-0.07;;0.76;
2024.10.16 22:02:03;Sell;0.01;GBPUSD;1.29811;1.32314;1.29214;2024.10.17 10:09:04;1.29761;-0.07;-0.06;0.50;
2024.10.16 22:02:03;Sell;0.01;GBPUSD;1.29811;1.32314;1.29214;2024.10.17 10:09:04;1.29762;-0.07;-0.06;0.49;
2024.10.16 22:02:03;Sell;0.01;GBPUSD;1.29812;1.32314;1.29214;2024.10.17 10:09:04;1.29763;-0.07;-0.06;0.49;
2024.10.16 22:02:03;Sell;0.01;GBPUSD;1.29811;1.32314;1.29214;2024.10.17 10:09:03;1.29761;-0.07;-0.06;0.50;
2024.10.16 22:02:03;Sell;0.01;GBPUSD;1.29811;1.32314;1.29214;2024.10.17 10:09:03;1.29761;-0.07;-0.06;0.50;
2024.10.16 22:02:03;Sell;0.01;GBPUSD;1.29811;1.32314;1.29214;2024.10.17 10:09:03;1.29762;-0.07;-0.06;0.49;
2024.10.16 22:02:03;Sell;0.01;GBPUSD;1.29812;1.32314;1.29214;2024.10.17 10:09:03;1.29762;-0.07;-0.06;0.50;
2024.10.15 13:22:43;Buy;0.01;GBPUSD;1.30876;1.28376;1.31476;2024.10.15 13:31:43;1.30947;-0.07;;0.71;
2024.10.15 13:22:43;Buy;0.01;GBPUSD;1.30876;1.28376;1.31476;2024.10.15 13:31:43;1.30953;-0.07;;0.77;
2024.10.15 13:22:43;Buy;0.01;GBPUSD;1.30876;1.28376;1.31476;2024.10.15 13:31:42;1.30947;-0.07;;0.71;
2024.10.15 13:22:43;Buy;0.01;GBPUSD;1.30876;1.28376;1.31476;2024.10.15 13:31:42;1.30947;-0.07;;0.71;
2024.10.15 13:22:43;Buy;0.01;GBPUSD;1.30876;1.28376;1.31476;2024.10.15 13:31:42;1.30947;-0.07;;0.71;
2024.10.15 13:22:43;Buy;0.01;GBPUSD;1.30876;1.28376;1.31476;2024.10.15 13:31:42;1.30947;-0.07;;0.71;
2024.10.15 13:22:43;Buy;0.01;GBPUSD;1.30876;1.28376;1.31476;2024.10.15 13:31:41;1.30947;-0.07;;0.71;
2024.10.14 14:56:50;Sell;0.01;GBPUSD;1.30392;1.32895;1.29795;2024.10.14 15:41:35;1.30329;-0.07;;0.63;
2024.10.14 14:56:50;Sell;0.01;GBPUSD;1.30392;1.32895;1.29795;2024.10.14 15:41:35;1.30330;-0.07;;0.62;
2024.10.14 14:56:50;Sell;0.01;GBPUSD;1.30392;1.32895;1.29795;2024.10.14 15:41:34;1.30329;-0.07;;0.63;
2024.10.14 14:56:50;Sell;0.01;GBPUSD;1.30392;1.32895;1.29795;2024.10.14 15:41:34;1.30331;-0.07;;0.61;
2024.10.14 14:56:50;Sell;0.01;GBPUSD;1.30392;1.32895;1.29795;2024.10.14 15:41:34;1.30329;-0.07;;0.63;
2024.10.14 14:56:50;Sell;0.01;GBPUSD;1.30392;1.32895;1.29795;2024.10.14 15:41:33;1.30329;-0.07;;0.63;
2024.10.14 14:56:50;Sell;0.01;GBPUSD;1.30392;1.32895;1.29795;2024.10.14 15:41:33;1.30331;-0.07;;0.61;
2024.10.02 16:40:33;Sell;0.01;GBPUSD;1.32593;1.35093;1.31993;2024.10.02 17:37:02;1.32534;-0.07;;0.59;
2024.10.02 16:40:33;Sell;0.01;GBPUSD;1.32593;1.35093;1.31993;2024.10.02 17:37:02;1.32531;-0.07;;0.62;
2024.10.02 16:40:33;Sell;0.01;GBPUSD;1.32593;1.35093;1.31993;2024.10.02 17:37:01;1.32531;-0.07;;0.62;
2024.10.02 16:40:33;Sell;0.01;GBPUSD;1.32593;1.35093;1.31993;2024.10.02 17:37:01;1.32529;-0.07;;0.64;
2024.10.02 16:40:33;Sell;0.01;GBPUSD;1.32593;1.35093;1.31993;2024.10.02 17:37:01;1.32526;-0.07;;0.67;
2024.10.02 16:40:33;Sell;0.01;GBPUSD;1.32593;1.35093;1.31993;2024.10.02 17:37:01;1.32531;-0.07;;0.62;
2024.10.02 16:40:33;Sell;0.01;GBPUSD;1.32593;1.35093;1.31993;2024.10.02 17:37:00;1.32523;-0.07;;0.70;
2024.10.01 12:47:21;Sell;0.01;GBPUSD;1.33251;1.35751;1.32651;2024.10.01 13:09:22;1.33130;-0.07;;1.21;
2024.10.01 12:47:21;Sell;0.01;GBPUSD;1.33251;1.35751;1.32651;2024.10.01 13:09:22;1.33125;-0.07;;1.26;
2024.10.01 12:47:21;Sell;0.01;GBPUSD;1.33252;1.35751;1.32651;2024.10.01 13:09:21;1.33129;-0.07;;1.23;
2024.10.01 12:47:21;Sell;0.01;GBPUSD;1.33251;1.35751;1.32651;2024.10.01 13:09:21;1.33131;-0.07;;1.20;
2024.10.01 12:47:21;Sell;0.01;GBPUSD;1.33251;1.35751;1.32651;2024.10.01 13:09:21;1.33131;-0.07;;1.20;
2024.10.01 12:47:21;Sell;0.01;GBPUSD;1.33251;1.35751;1.32651;2024.10.01 13:09:21;1.33130;-0.07;;1.21;
2024.10.01 12:47:21;Sell;0.01;GBPUSD;1.33251;1.35751;1.32651;2024.10.01 13:09:20;1.33131;-0.07;;1.20;
2024.08.21 22:00:59;Balance;;;;;;;;;;1 000.00;
