Time;Type;Volume;Symbol;Price;S/L;T/P;Time;Price;Commission;Swap;Profit;Comment
2026.05.27 11:15:53;Buy;0.01;AUDCAD;0.98673;;;2026.05.28 12:41:59;0.98685;-0.05;0.06;0.09;
2026.05.27 11:15:52;Buy;0.01;AUDCHF;0.56069;;;2026.05.28 12:41:58;0.56171;-0.05;0.13;1.29;
2026.05.27 11:15:52;Buy;0.01;AUDJPY;113.746;;;2026.05.28 12:41:58;113.516;-0.05;0.12;-1.44;
2026.05.27 11:15:53;Buy;0.01;AUDNZD;1.21488;;;2026.05.28 12:41:57;1.20844;-0.05;0.06;-3.80;
2026.05.27 11:15:51;Buy;0.01;CADCHF;0.56820;;;2026.05.28 12:41:57;0.56922;-0.05;0.05;1.29;
2026.05.27 11:15:50;Sell;0.01;EURAUD;1.63134;;;2026.05.28 12:41:57;1.63121;-0.05;0.11;0.09;
2026.05.27 11:15:50;Buy;0.01;EURCHF;0.91470;;;2026.05.28 12:41:57;0.91641;-0.05;0.08;2.17;
2026.05.27 11:15:48;Sell;0.01;EURUSD;1.16446;;;2026.05.28 12:41:56;1.16170;-0.05;0.08;2.76;
2026.05.27 11:15:51;Buy;0.01;GBPNZD;2.28917;;;2026.05.28 12:41:55;2.27422;-0.05;0.01;-8.81;
2026.05.27 11:15:51;Buy;0.01;GBPCAD;1.85936;;;2026.05.28 12:41:55;1.85720;-0.05;0.05;-1.56;
2026.05.27 11:15:50;Buy;0.01;GBPCHF;1.05657;;;2026.05.28 12:41:55;1.05721;-0.05;0.23;0.81;
2026.05.27 11:15:54;Buy;0.01;NZDCHF;0.46151;;;2026.05.28 12:41:54;0.46477;-0.05;0.09;4.13;
2026.05.27 11:15:53;Buy;0.01;NZDJPY;93.638;;;2026.05.28 12:41:54;93.911;-0.05;0.03;1.71;
2026.05.27 11:15:49;Sell;0.01;NZDUSD;0.58755;;;2026.05.28 12:41:53;0.58923;-0.05;0.03;-1.68;
2026.05.27 11:15:49;Buy;0.01;USDCAD;1.38247;;;2026.05.28 12:41:53;1.38606;-0.05;0.02;2.59;
2026.05.27 11:15:49;Buy;0.01;USDCHF;0.78549;;;2026.05.28 12:41:53;0.78888;-0.05;0.02;4.30;
2026.05.27 11:15:48;Buy;0.01;USDJPY;159.373;;;2026.05.28 12:41:52;159.395;-0.05;0.01;0.14;
2026.05.20 11:49:26;Sell;0.01;EURUSD;1.15930;;;2026.05.21 12:18:56;1.16293;-0.05;0.10;-3.63;
2026.05.20 11:49:26;Buy;0.01;USDCHF;0.79040;;;2026.05.21 12:18:55;0.78624;-0.05;0.02;-5.29;
2026.05.20 11:49:26;Buy;0.01;USDJPY;159.060;;;2026.05.21 12:18:55;158.947;-0.05;0.01;-0.71;
2026.05.20 11:49:27;Buy;0.01;AUDUSD;0.71158;;;2026.05.21 12:18:54;0.71396;-0.05;;2.38;
2026.05.20 11:49:27;Buy;0.01;USDCAD;1.37674;;;2026.05.21 12:18:54;1.37668;-0.05;0.02;-0.04;
2026.05.20 11:49:28;Sell;0.01;EURAUD;1.62907;;;2026.05.21 12:18:53;1.62893;-0.05;0.14;0.10;
2026.05.20 11:49:28;Buy;0.01;EURCHF;0.91634;;;2026.05.21 12:18:53;0.91441;-0.05;0.11;-2.45;
2026.05.20 11:49:27;Sell;0.01;NZDUSD;0.58414;;;2026.05.21 12:18:53;0.58704;-0.05;0.02;-2.90;
2026.05.20 11:49:29;Buy;0.01;CADCHF;0.57413;;;2026.05.21 12:18:52;0.57120;-0.05;0.08;-3.73;
2026.05.20 11:49:29;Buy;0.01;GBPNZD;2.29192;;;2026.05.21 12:18:52;2.29007;-0.05;;-1.09;
2026.05.20 11:49:29;Buy;0.01;GBPCAD;1.84308;;;2026.05.21 12:18:52;1.85053;-0.05;0.06;5.41;
2026.05.20 11:49:28;Buy;0.01;GBPCHF;1.05814;;;2026.05.21 12:18:52;1.05706;-0.05;0.32;-1.38;
2026.05.20 11:49:31;Buy;0.01;AUDCAD;0.97967;;;2026.05.21 12:18:51;0.98271;-0.05;0.08;2.21;
2026.05.20 11:49:30;Buy;0.01;AUDCHF;0.56249;;;2026.05.21 12:18:51;0.56141;-0.05;0.18;-1.38;
2026.05.20 11:49:30;Buy;0.01;AUDJPY;113.183;;;2026.05.21 12:18:51;113.486;-0.05;0.16;1.90;
2026.05.20 11:49:31;Buy;0.01;NZDCHF;0.46172;;;2026.05.21 12:18:50;0.46154;-0.05;0.09;-0.23;
2026.05.20 11:49:31;Buy;0.01;NZDJPY;92.917;;;2026.05.21 12:18:50;93.294;-0.05;0.04;2.37;
2026.05.20 11:49:31;Buy;0.01;AUDNZD;1.21823;;;2026.05.21 12:18:50;1.21615;-0.05;0.05;-1.22;
2026.05.20 11:51:45;Buy;0.01;BITCOIN;77 376.31;76 218.51;;2026.05.21 12:18:49;77 842.88;-0.46;-0.26;4.67;
2026.05.05 12:21:54;Buy;0.01;BITCOIN;80 585.98;;;2026.05.07 07:06:56;80 698.23;-0.48;-0.54;1.12;
2026.04.21 13:06:03;Buy;0.01;USDCHF;0.77995;;;2026.04.23 10:54:35;0.78465;-0.05;0.04;5.99;
2026.04.21 13:06:02;Buy;0.01;USDJPY;159.212;;;2026.04.23 10:54:35;159.626;-0.05;;2.59;
2026.04.21 13:06:02;Sell;0.01;EURUSD;1.17598;;;2026.04.23 10:54:35;1.17006;-0.05;0.11;5.92;
2026.04.21 13:06:04;Buy;0.01;EURCHF;0.91716;;;2026.04.23 10:54:34;0.91806;-0.05;0.11;1.14;
2026.04.21 13:06:03;Sell;0.01;NZDUSD;0.59018;;;2026.04.23 10:54:34;0.58907;-0.05;0.05;1.11;
2026.04.21 13:06:03;Buy;0.01;USDCAD;1.36594;;;2026.04.23 10:54:34;1.36693;-0.05;0.04;0.72;
2026.04.21 13:06:04;Buy;0.01;GBPCHF;1.05332;;;2026.04.23 10:54:33;1.05824;-0.05;0.32;6.27;
2026.04.21 13:06:04;Sell;0.01;EURAUD;1.64375;;;2026.04.23 10:54:33;1.63559;-0.05;0.15;5.84;
2026.04.21 13:06:06;Buy;0.01;AUDCHF;0.55805;;;2026.04.23 10:54:32;0.56127;-0.05;0.20;4.10;
2026.04.21 13:06:05;Buy;0.01;AUDJPY;113.900;;;2026.04.23 10:54:32;114.186;-0.05;0.18;1.79;
2026.04.21 13:06:05;Buy;0.01;CADCHF;0.57100;;;2026.04.23 10:54:32;0.57409;-0.05;0.08;3.94;
2026.04.21 13:06:05;Buy;0.01;GBPCAD;1.84468;;;2026.04.23 10:54:32;1.84336;-0.05;0.04;-0.97;
2026.04.21 13:06:07;Buy;0.01;NZDJPY;93.965;;;2026.04.23 10:54:31;94.003;-0.05;0.04;0.24;
2026.04.21 13:06:06;Buy;0.01;AUDNZD;1.21230;;;2026.04.23 10:54:31;1.21445;-0.05;0.05;1.27;
2026.04.21 13:06:06;Buy;0.01;AUDCAD;0.97725;;;2026.04.23 10:54:31;0.97772;-0.05;0.07;0.34;
2026.04.21 13:06:07;Buy;0.01;NZDCHF;0.46031;;;2026.04.23 10:54:30;0.46216;-0.05;0.10;2.36;
2026.04.17 10:14:25;Buy;0.01;AUDCAD;0.98075;;;2026.04.20 09:58:31;0.97979;-0.05;0.01;-0.70;
2026.04.17 10:14:25;Buy;0.01;AUDNZD;1.21804;;;2026.04.20 09:58:30;1.21785;-0.05;0.01;-0.11;
2026.04.17 10:14:24;Buy;0.01;AUDCHF;0.56156;;;2026.04.20 09:58:30;0.55966;-0.05;0.04;-2.43;
2026.04.17 10:14:24;Buy;0.01;AUDJPY;114.152;;;2026.04.20 09:58:30;113.658;-0.05;0.04;-3.11;
2026.04.17 10:14:23;Buy;0.01;CADCHF;0.57254;;;2026.04.20 09:58:30;0.57111;-0.05;0.02;-1.83;
2026.04.17 10:14:23;Sell;0.01;EURAUD;1.64366;;;2026.04.20 09:58:29;1.64411;-0.05;0.03;-0.32;
2026.04.17 10:14:22;Buy;0.01;EURCHF;0.92299;;;2026.04.20 09:58:29;0.92010;-0.05;0.03;-3.69;
2026.04.17 10:14:21;Sell;0.01;EURUSD;1.17770;;;2026.04.20 09:58:29;1.17629;-0.05;0.03;1.41;
2026.04.17 10:14:26;Buy;0.01;NZDCHF;0.46102;;;2026.04.20 09:58:28;0.45945;-0.05;0.02;-2.00;
2026.04.17 10:14:23;Buy;0.01;GBPCAD;1.84980;;;2026.04.20 09:58:28;1.84946;-0.05;0.01;-0.24;
2026.04.17 10:14:23;Buy;0.01;GBPCHF;1.05910;;;2026.04.20 09:58:28;1.05621;-0.05;0.08;-3.70;
2026.04.17 10:14:25;Buy;0.01;NZDJPY;93.725;;;2026.04.20 09:58:27;93.309;-0.05;0.01;-2.62;
2026.04.17 10:14:22;Sell;0.01;NZDUSD;0.58827;;;2026.04.20 09:58:27;0.58738;-0.05;0.01;0.89;
2026.04.17 10:14:22;Buy;0.01;USDCAD;1.36881;;;2026.04.20 09:58:27;1.36970;-0.05;0.02;0.65;
2026.04.17 10:14:21;Buy;0.01;USDCHF;0.78367;;;2026.04.20 09:58:27;0.78218;-0.05;0.01;-1.90;
2026.04.17 10:14:21;Buy;0.01;USDJPY;159.326;;;2026.04.20 09:58:26;158.859;-0.05;;-2.94;
2026.04.18 13:16:11;Balance;;;;;;;;;;-7.43;
2026.03.20 11:33:55;Buy;0.01;AUDCAD;0.97110;;;2026.04.10 10:06:42;0.97668;-0.05;0.27;4.03;
2026.03.20 11:33:55;Buy;0.01;AUDCHF;0.55790;;;2026.04.10 10:06:42;0.55764;-0.05;0.82;-0.33;
2026.03.20 11:53:13;Buy;0.01;AUDJPY;112.249;;;2026.04.10 10:06:41;112.480;-0.05;0.80;1.45;
2026.03.20 11:33:56;Buy;0.01;AUDNZD;1.20571;;;2026.04.10 10:06:41;1.20858;-0.05;0.10;1.68;
2026.03.20 11:33:55;Buy;0.01;CADCHF;0.57454;;;2026.04.10 10:06:40;0.57098;-0.05;0.44;-4.50;
2026.03.20 11:33:53;Sell;0.01;EURAUD;1.63332;;;2026.04.10 10:06:40;1.65529;-0.05;0.54;-15.52;
2026.03.20 11:33:54;Buy;0.01;GBPCAD;1.83861;;;2026.04.10 10:06:39;1.85678;-0.05;0.26;13.14;
2026.03.20 11:33:53;Buy;0.01;EURCHF;0.91127;;;2026.04.10 10:06:39;0.92312;-0.05;0.54;15.00;
2026.03.20 11:33:52;Sell;0.01;EURUSD;1.15620;;;2026.04.10 10:06:39;1.16883;-0.05;0.50;-12.63;
2026.03.20 11:53:14;Buy;0.01;NZDJPY;93.156;;;2026.04.10 10:06:38;93.059;-0.05;0.23;-0.61;
2026.03.20 11:33:56;Buy;0.01;NZDCHF;0.46277;;;2026.04.10 10:06:38;0.46141;-0.05;0.45;-1.72;
2026.03.20 11:33:54;Buy;0.01;GBPCHF;1.05628;;;2026.04.10 10:06:38;1.06018;-0.05;1.73;4.93;
2026.03.20 11:33:52;Sell;0.01;NZDUSD;0.58705;;;2026.04.10 10:06:38;0.58426;-0.05;0.17;2.79;
2026.03.20 11:53:12;Buy;0.01;USDJPY;158.771;;;2026.04.10 10:06:37;159.273;-0.05;;3.15;
2026.03.20 11:33:52;Buy;0.01;USDCAD;1.37190;;;2026.04.10 10:06:37;1.38322;-0.05;0.45;8.18;
2026.03.20 11:33:52;Buy;0.01;USDCHF;0.78812;;;2026.04.10 10:06:37;0.78975;-0.05;0.19;2.06;
2026.03.20 11:53:13;Buy;0.01;GBPJPY;212.616;;;2026.04.09 10:02:13;212.760;-0.05;-0.05;0.90;
2026.03.20 11:33:54;Buy;0.01;GBPNZD;2.28289;;;2026.04.09 10:02:13;2.29533;-0.05;0.04;7.26;
2026.04.01 09:54:05;Buy;0.01;XAUUSD;4 724.71;4 724.71;;2026.04.01 12:06:34;4 724.19;-0.17;;-0.52;[sl]
2026.03.31 10:59:25;Buy;0.01;XAGUSD;73.111;73.111;;2026.03.31 11:07:17;73.085;-0.13;;-1.30;[sl]
2026.03.20 11:53:13;Buy;0.01;CADJPY;115.757;;;2026.03.23 12:34:17;116.041;-0.05;-0.04;1.78;
2026.03.20 11:53:13;Buy;0.01;CHFJPY;201.420;;;2026.03.23 12:34:16;201.178;-0.05;-0.07;-1.52;
2026.03.20 11:53:12;Buy;0.01;EURJPY;183.399;;;2026.03.23 12:34:16;183.348;-0.05;-0.06;-0.32;
2026.03.16 16:48:08;Buy;0.01;AUDCAD;0.96484;;;2026.03.19 15:15:17;0.96107;-0.05;0.04;-2.75;
2026.03.16 16:48:07;Buy;0.01;AUDCHF;0.55638;;;2026.03.19 15:15:17;0.55571;-0.05;0.15;-0.85;
2026.03.16 16:48:08;Buy;0.01;AUDNZD;1.20726;;;2026.03.19 15:15:16;1.20671;-0.05;0.01;-0.32;
2026.03.16 16:48:07;Buy;0.01;AUDJPY;112.299;;;2026.03.19 15:15:16;111.259;-0.05;0.22;-6.55;
2026.03.16 16:48:07;Buy;0.01;CADCHF;0.57661;;;2026.03.19 15:15:16;0.57819;-0.05;0.10;1.99;
2026.03.16 13:32:42;Buy;0.01;BITCOIN;73 526.18;65 225.52;123 714.56;2026.03.19 15:15:16;69 108.93;-0.44;-0.74;-44.17;
2026.03.17 08:56:44;Buy;0.01;ETHEREUM;2 315.70;1 863.67;4 727.00;2026.03.19 15:15:15;2 119.72;-0.07;-0.08;-9.80;
2026.03.16 16:48:05;Sell;0.01;EURAUD;1.62732;;;2026.03.19 15:15:15;1.64111;-0.05;0.09;-9.66;
2026.03.16 13:32:47;Buy;0.01;ETHEREUM;2 266.95;1 876.60;4 727.44;2026.03.19 15:15:15;2 119.53;-0.07;-0.12;-7.37;
2026.03.16 16:48:06;Buy;0.01;GBPCAD;1.81818;;;2026.03.19 15:15:14;1.82524;-0.05;0.06;5.14;
2026.03.16 16:48:05;Buy;0.01;EURCHF;0.90538;;;2026.03.19 15:15:14;0.91208;-0.05;0.11;8.44;
2026.03.16 16:48:03;Sell;0.01;EURUSD;1.14806;;;2026.03.19 15:15:14;1.14924;-0.05;0.11;-1.18;
2026.03.16 16:48:05;Buy;0.01;GBPCHF;1.04832;;;2026.03.19 15:15:12;1.05539;-0.05;0.39;8.91;
2026.03.18 10:10:24;Buy;0.01;GBPJPY;212.210;;;2026.03.19 15:15:05;211.258;-0.05;;-5.99;
2026.03.16 16:48:09;Buy;0.01;NZDCHF;0.46084;;;2026.03.19 15:15:04;0.46043;-0.05;0.10;-0.51;
2026.03.16 16:48:08;Buy;0.01;NZDJPY;93.024;;;2026.03.19 15:15:04;92.168;-0.05;0.04;-5.39;
2026.03.16 16:48:06;Buy;0.01;GBPNZD;2.27503;;;2026.03.19 15:15:04;2.29142;-0.05;0.04;9.50;
2026.03.16 16:48:04;Sell;0.01;NZDUSD;0.58436;;;2026.03.19 15:15:04;0.58017;-0.05;0.05;4.19;
2026.03.16 16:48:04;Buy;0.01;USDCAD;1.36761;;;2026.03.19 15:15:03;1.37280;-0.05;0.06;3.78;
2026.03.16 16:48:04;Buy;0.01;USDCHF;0.78852;;;2026.03.19 15:15:02;0.79366;-0.05;0.05;6.48;
2026.03.16 16:48:03;Buy;0.01;USDJPY;159.168;;;2026.03.19 15:15:02;158.863;-0.05;0.02;-1.92;
2026.03.16 08:32:47;Buy;0.01;USDTRY;44.20054;43.60503;;2026.03.16 12:52:00;44.17524;-0.05;;-0.57;
2026.03.16 10:55:02;Sell;0.10;RUS2000;2 492.7;2 549.2;;2026.03.16 12:51:59;2 502.4;-0.01;;-0.97;
2026.03.16 10:53:05;Sell;0.10;HK50;25 728.7;26 351.1;;2026.03.16 12:51:59;25 821.5;-0.02;;-1.19;
2026.03.16 08:38:07;Sell;0.01;US30;46 808.1;47 573.0;;2026.03.16 12:51:59;46 803.0;-0.02;;0.05;
2026.03.16 11:00:04;Sell;0.01;SPN35;16 963.8;;;2026.03.16 12:51:58;17 050.9;-0.01;;-1.00;
2026.03.16 10:56:50;Sell;0.10;US400;3 358.0;3 420.2;;2026.03.16 12:51:58;3 368.9;-0.02;;-1.09;
2026.03.16 11:09:39;Buy;0.01;ETHEREUM;2 245.13;1 878.34;;2026.03.16 12:51:57;2 267.63;-0.07;;1.13;
2026.03.16 11:08:26;Buy;0.01;BITCOIN;73 086.06;;;2026.03.16 12:51:57;73 530.10;-0.44;;4.44;
2026.03.16 11:05:31;Buy;0.10;CORN;455.15;419.48;;2026.03.16 12:51:57;452.35;-0.02;;-2.80;
2026.03.16 11:03:13;Sell;0.01;GOLDInd;4 983.08;5 143.62;;2026.03.16 12:51:57;4 997.02;-0.25;;-13.94;
2026.03.16 11:02:05;Buy;0.01;BRN;102.18;99.99;;2026.03.16 12:42:37;99.98;-0.05;;-22.00;[sl]
2026.03.13 16:34:21;Buy;0.01;BITCOIN;73 763.95;;;2026.03.13 16:39:20;73 533.20;-0.44;;-2.31;
2026.03.13 13:08:50;Buy;0.01;EURUSD;1.14605;;;2026.03.13 16:11:59;1.14765;-0.05;;1.60;
2026.03.13 13:08:51;Sell;0.01;USDCAD;1.36794;;;2026.03.13 16:11:58;1.36894;-0.05;;-0.73;
2026.03.13 13:08:51;Sell;0.01;USDCHF;0.78816;;;2026.03.13 16:11:58;0.78762;-0.05;;0.69;
2026.03.13 13:08:51;Sell;0.01;USDJPY;159.385;;;2026.03.13 16:11:58;159.136;-0.05;;1.56;
2026.03.13 13:08:52;Sell;0.01;EURCHF;0.90317;;;2026.03.13 16:11:57;0.90383;-0.05;;-0.84;
2026.03.13 13:08:52;Buy;0.01;NZDUSD;0.58214;;;2026.03.13 16:11:57;0.58339;-0.05;;1.25;
2026.03.13 13:08:53;Sell;0.01;GBPCHF;1.04441;;;2026.03.13 16:11:56;1.04553;-0.05;;-1.42;
2026.03.13 13:08:53;Buy;0.01;EURAUD;1.62869;;;2026.03.13 16:11:56;1.62859;-0.05;;-0.07;
2026.03.13 13:08:54;Sell;0.01;CADCHF;0.57606;;;2026.03.13 16:11:55;0.57542;-0.05;;0.81;
2026.03.13 13:08:54;Sell;0.01;GBPNZD;2.27657;;;2026.03.13 16:11:55;2.27537;-0.05;;0.70;
2026.03.13 13:08:54;Sell;0.01;GBPCAD;1.81292;;;2026.03.13 16:11:55;1.81708;-0.05;;-3.04;
2026.03.13 13:08:56;Sell;0.01;AUDCAD;0.96249;;;2026.03.13 16:11:54;0.96459;-0.05;;-1.53;
2026.03.13 13:08:55;Sell;0.01;AUDCHF;0.55446;;;2026.03.13 16:11:54;0.55505;-0.05;;-0.75;
2026.03.13 13:08:55;Sell;0.01;AUDJPY;112.152;;;2026.03.13 16:11:54;112.149;-0.05;;0.02;
2026.03.13 13:08:57;Sell;0.01;NZDCHF;0.45871;;;2026.03.13 16:11:53;0.45957;-0.05;;-1.09;
2026.03.13 13:08:56;Sell;0.01;NZDJPY;92.775;;;2026.03.13 16:11:53;92.855;-0.05;;-0.50;
2026.03.13 13:08:56;Sell;0.01;AUDNZD;1.20862;;;2026.03.13 16:11:53;1.20789;-0.05;;0.42;
2026.03.11 17:04:01;Buy;0.01;USDCHF;0.77948;;;2026.03.12 08:13:26;0.78170;-0.05;0.03;2.84;
2026.03.11 17:04:00;Buy;0.01;USDJPY;158.732;;;2026.03.12 08:13:26;159.098;-0.05;0.02;2.30;
2026.03.11 17:04:00;Sell;0.01;EURUSD;1.15778;;;2026.03.12 08:13:26;1.15449;-0.05;0.07;3.29;
2026.03.11 17:04:02;Buy;0.01;EURCHF;0.90232;;;2026.03.12 08:13:25;0.90239;-0.05;0.07;0.09;
2026.03.11 17:04:01;Sell;0.01;NZDUSD;0.59269;;;2026.03.12 08:13:25;0.58986;-0.05;0.03;2.83;
2026.03.11 17:04:01;Buy;0.01;USDCAD;1.35844;;;2026.03.12 08:13:25;1.35891;-0.05;0.02;0.35;
2026.03.11 17:04:03;Buy;0.01;GBPCAD;1.82261;;;2026.03.12 08:13:24;1.81669;-0.05;0.04;-4.36;
2026.03.11 17:04:02;Buy;0.01;GBPCHF;1.04584;;;2026.03.12 08:13:24;1.04512;-0.05;0.23;-0.92;
2026.03.11 17:04:02;Sell;0.01;EURAUD;1.61419;;;2026.03.12 08:13:24;1.62281;-0.05;0.05;-6.14;
2026.03.11 17:04:04;Buy;0.01;AUDJPY;113.865;;;2026.03.12 08:13:23;113.179;-0.05;0.09;-4.31;
2026.03.11 17:04:04;Buy;0.01;CADCHF;0.57387;;;2026.03.12 08:13:23;0.57525;-0.05;0.06;1.77;
2026.03.11 17:04:03;Buy;0.01;GBPNZD;2.26403;;;2026.03.12 08:13:23;2.26674;-0.05;0.02;1.60;
2026.03.11 17:04:06;Buy;0.01;NZDJPY;94.075;;;2026.03.12 08:13:22;93.838;-0.05;0.02;-1.49;
2026.03.11 17:04:05;Buy;0.01;AUDNZD;1.21035;;;2026.03.12 08:13:22;1.20605;-0.05;0.01;-2.54;
2026.03.11 17:04:05;Buy;0.01;AUDCAD;0.97425;;;2026.03.12 08:13:22;0.96658;-0.05;0.02;-5.64;
2026.03.11 17:04:05;Buy;0.01;AUDCHF;0.55911;;;2026.03.12 08:13:22;0.55609;-0.05;0.09;-3.86;
2026.03.11 17:04:06;Buy;0.01;NZDCHF;0.46196;;;2026.03.12 08:13:21;0.46100;-0.05;0.06;-1.23;
2026.03.10 14:19:38;Buy;0.01;USDCHF;0.77674;;;2026.03.10 15:18:54;0.77496;-0.05;;-2.30;
2026.03.10 14:19:38;Buy;0.01;USDJPY;157.935;;;2026.03.10 15:18:54;157.740;-0.05;;-1.24;
2026.03.10 14:19:37;Sell;0.01;EURUSD;1.16276;;;2026.03.10 15:18:54;1.16425;-0.05;;-1.49;
2026.03.10 14:19:39;Sell;0.01;NZDUSD;0.59337;;;2026.03.10 15:18:53;0.59401;-0.05;;-0.64;
2026.03.10 14:19:38;Buy;0.01;USDCAD;1.35593;;;2026.03.10 15:18:53;1.35589;-0.05;;-0.03;
2026.03.10 14:19:40;Buy;0.01;GBPCHF;1.04384;;;2026.03.10 15:18:52;1.04265;-0.05;;-1.54;
2026.03.10 14:19:39;Sell;0.01;EURAUD;1.63580;;;2026.03.10 15:18:52;1.63556;-0.05;;0.17;
2026.03.10 14:19:39;Buy;0.01;EURCHF;0.90324;;;2026.03.10 15:18:52;0.90241;-0.05;;-1.08;
2026.03.10 14:19:40;Buy;0.01;GBPCAD;1.82195;;;2026.03.10 15:18:51;1.82402;-0.05;;1.53;
2026.03.10 14:19:41;Buy;0.01;AUDJPY;112.290;;;2026.03.10 15:18:50;112.289;-0.05;;0.00;
2026.03.10 14:19:41;Buy;0.01;CADCHF;0.57293;;;2026.03.10 15:18:50;0.57157;-0.05;;-1.76;
2026.03.10 14:19:41;Buy;0.01;GBPNZD;2.26472;;;2026.03.10 15:18:50;2.26476;-0.05;;0.02;
2026.03.10 14:19:43;Buy;0.01;NZDJPY;93.744;;;2026.03.10 15:18:49;93.688;-0.05;;-0.36;
2026.03.10 14:19:42;Buy;0.01;AUDNZD;1.19817;;;2026.03.10 15:18:49;1.19846;-0.05;;0.18;
2026.03.10 14:19:42;Buy;0.01;AUDCAD;0.96391;;;2026.03.10 15:18:49;0.96510;-0.05;;0.87;
2026.03.10 14:19:42;Buy;0.01;AUDCHF;0.55227;;;2026.03.10 15:18:49;0.55168;-0.05;;-0.76;
2026.03.10 14:19:43;Buy;0.01;NZDCHF;0.46099;;;2026.03.10 15:18:48;0.46027;-0.05;;-0.93;
2026.03.09 17:04:33;Buy;0.01;USDCAD;1.35805;;;2026.03.09 17:24:37;1.35813;-0.05;;0.06;
2026.03.09 17:04:32;Buy;0.01;USDCHF;0.77875;;;2026.03.09 17:24:37;0.77836;-0.05;;-0.50;
2026.03.09 17:04:32;Buy;0.01;USDJPY;158.294;;;2026.03.09 17:24:37;158.180;-0.05;;-0.72;
2026.03.09 17:04:32;Sell;0.01;EURUSD;1.15842;;;2026.03.09 17:24:37;1.15871;-0.05;;-0.29;
2026.03.09 17:04:34;Sell;0.01;EURAUD;1.64536;;;2026.03.09 17:24:36;1.64509;-0.05;;0.19;
2026.03.09 17:04:33;Buy;0.01;EURCHF;0.90211;;;2026.03.09 17:24:36;0.90190;-0.05;;-0.27;
2026.03.09 17:04:33;Sell;0.01;NZDUSD;0.59130;;;2026.03.09 17:24:36;0.59179;-0.05;;-0.49;
2026.03.09 17:04:35;Buy;0.01;GBPNZD;2.26518;;;2026.03.09 17:24:35;2.26260;-0.05;;-1.52;
2026.03.09 17:04:35;Buy;0.01;GBPCAD;1.81901;;;2026.03.09 17:24:35;1.81869;-0.05;;-0.24;
2026.03.09 17:04:34;Buy;0.01;GBPCHF;1.04313;;;2026.03.09 17:24:35;1.04234;-0.05;;-1.01;
2026.03.09 17:04:36;Buy;0.01;AUDJPY;111.438;;;2026.03.09 17:24:34;111.419;-0.05;;-0.12;
2026.03.09 17:04:36;Buy;0.01;CADCHF;0.57352;;;2026.03.09 17:24:34;0.57308;-0.05;;-0.56;
2026.03.09 17:04:38;Buy;0.01;NZDJPY;93.604;;;2026.03.09 17:24:33;93.609;-0.05;;0.04;
2026.03.09 17:04:37;Buy;0.01;AUDNZD;1.19052;;;2026.03.09 17:24:33;1.19017;-0.05;;-0.20;
2026.03.09 17:04:37;Buy;0.01;AUDCAD;0.95601;;;2026.03.09 17:24:33;0.95668;-0.05;;0.49;
2026.03.09 17:04:36;Buy;0.01;AUDCHF;0.54826;;;2026.03.09 17:24:33;0.54823;-0.05;;-0.04;
2026.03.09 17:04:38;Buy;0.01;NZDCHF;0.46056;;;2026.03.09 17:24:32;0.46057;-0.05;;0.01;
2026.03.09 13:43:48;Buy;0.01;USDJPY;158.474;;;2026.03.09 16:24:23;158.343;-0.05;;-0.83;
2026.03.09 13:43:48;Sell;0.01;EURUSD;1.15599;;;2026.03.09 16:24:23;1.15634;-0.05;;-0.35;
2026.03.09 13:43:49;Sell;0.01;NZDUSD;0.59073;;;2026.03.09 16:24:22;0.59144;-0.05;;-0.71;
2026.03.09 13:43:49;Buy;0.01;USDCAD;1.35330;;;2026.03.09 16:24:22;1.35719;-0.05;;2.87;
2026.03.09 13:43:49;Buy;0.01;USDCHF;0.77906;;;2026.03.09 16:24:22;0.77908;-0.05;;0.03;
2026.03.09 13:43:50;Buy;0.01;GBPCHF;1.03997;;;2026.03.09 16:24:21;1.04065;-0.05;;0.87;
2026.03.09 13:43:50;Sell;0.01;EURAUD;1.64747;;;2026.03.09 16:24:21;1.64347;-0.05;;2.81;
2026.03.09 13:43:50;Buy;0.01;EURCHF;0.90059;;;2026.03.09 16:24:21;0.90091;-0.05;;0.41;
2026.03.09 13:43:51;Buy;0.01;CADCHF;0.57575;;;2026.03.09 16:24:20;0.57405;-0.05;;-2.19;
2026.03.09 13:43:51;Buy;0.01;GBPNZD;2.25999;;;2026.03.09 16:24:20;2.25835;-0.05;;-0.97;
2026.03.09 13:43:51;Buy;0.01;GBPCAD;1.80631;;;2026.03.09 16:24:20;1.81258;-0.05;;4.62;
2026.03.09 13:43:52;Buy;0.01;AUDCAD;0.94969;;;2026.03.09 16:24:19;0.95486;-0.05;;3.81;
2026.03.09 13:43:52;Buy;0.01;AUDCHF;0.54674;;;2026.03.09 16:24:19;0.54820;-0.05;;1.87;
2026.03.09 13:43:52;Buy;0.01;AUDJPY;111.204;;;2026.03.09 16:24:19;111.414;-0.05;;1.32;
2026.03.09 13:43:53;Buy;0.01;NZDCHF;0.46023;;;2026.03.09 16:24:18;0.46070;-0.05;;0.60;
2026.03.09 13:43:53;Buy;0.01;NZDJPY;93.611;;;2026.03.09 16:24:18;93.641;-0.05;;0.19;
2026.03.09 13:43:53;Buy;0.01;AUDNZD;1.18807;;;2026.03.09 16:24:18;1.18966;-0.05;;0.94;
2026.03.09 10:50:52;Buy;0.01;USDCAD;1.35785;1.35385;1.36185;2026.03.09 12:10:13;1.35493;-0.05;;-2.16;
2026.03.06 14:17:27;Buy;0.01;USDCAD;1.36601;1.36201;1.37001;2026.03.06 15:01:00;1.36580;-0.05;;-0.15;
2026.03.06 08:01:35;Sell;0.01;EURUSD;1.16065;;;2026.03.06 09:03:03;1.16108;-0.05;;-0.43;
2026.03.06 08:01:36;Sell;0.01;NZDUSD;0.59012;;;2026.03.06 09:03:02;0.59098;-0.05;;-0.86;
2026.03.06 08:01:36;Buy;0.01;USDCAD;1.36636;;;2026.03.06 09:03:02;1.36595;-0.05;;-0.30;
2026.03.06 08:01:35;Buy;0.01;USDCHF;0.78106;;;2026.03.06 09:03:02;0.78049;-0.05;;-0.73;
2026.03.06 08:01:35;Buy;0.01;USDJPY;157.838;;;2026.03.06 09:03:02;157.765;-0.05;;-0.46;
2026.03.06 08:01:37;Buy;0.01;GBPCHF;1.04335;;;2026.03.06 09:03:01;1.04313;-0.05;;-0.29;
2026.03.06 08:01:37;Sell;0.01;EURAUD;1.65088;;;2026.03.06 09:03:01;1.64999;-0.05;;0.62;
2026.03.06 08:01:36;Buy;0.01;EURCHF;0.90658;;;2026.03.06 09:03:01;0.90621;-0.05;;-0.48;
2026.03.06 08:01:38;Buy;0.01;CADCHF;0.57175;;;2026.03.06 09:03:00;0.57135;-0.05;;-0.51;
2026.03.06 08:01:38;Buy;0.01;GBPNZD;2.26337;;;2026.03.06 09:03:00;2.26153;-0.05;;-1.09;
2026.03.06 08:01:37;Buy;0.01;GBPCAD;1.82507;;;2026.03.06 09:03:00;1.82545;-0.05;;0.28;
2026.03.06 08:01:39;Buy;0.01;AUDCAD;0.96070;;;2026.03.06 09:02:59;0.96123;-0.05;;0.39;
2026.03.06 08:01:39;Buy;0.01;AUDCHF;0.54926;;;2026.03.06 09:02:59;0.54928;-0.05;;0.02;
2026.03.06 08:01:38;Buy;0.01;AUDJPY;110.977;;;2026.03.06 09:02:59;111.027;-0.05;;0.31;
2026.03.06 08:01:40;Buy;0.01;NZDCHF;0.46108;;;2026.03.06 09:02:58;0.46116;-0.05;;0.11;
2026.03.06 08:01:40;Buy;0.01;NZDJPY;93.175;;;2026.03.06 09:02:58;93.220;-0.05;;0.28;
2026.03.06 08:01:39;Buy;0.01;AUDNZD;1.19141;;;2026.03.06 09:02:58;1.19092;-0.05;;-0.29;
2026.03.05 15:00:14;Sell;0.01;EURUSD;1.16200;;;2026.03.05 16:03:45;1.16052;-0.05;;1.48;
2026.03.05 15:00:15;Buy;0.01;USDCAD;1.36235;;;2026.03.05 16:03:44;1.36458;-0.05;;1.63;
2026.03.05 15:00:15;Buy;0.01;USDCHF;0.77999;;;2026.03.05 16:03:44;0.78084;-0.05;;1.09;
2026.03.05 15:00:15;Buy;0.01;USDJPY;157.451;;;2026.03.05 16:03:44;157.614;-0.05;;1.03;
2026.03.05 15:00:17;Sell;0.01;EURAUD;1.64835;;;2026.03.05 16:03:43;1.64965;-0.05;;-0.92;
2026.03.05 15:00:16;Buy;0.01;EURCHF;0.90634;;;2026.03.05 16:03:43;0.90617;-0.05;;-0.22;
2026.03.05 15:00:16;Sell;0.01;NZDUSD;0.59218;;;2026.03.05 16:03:43;0.59134;-0.05;;0.84;
2026.03.05 15:00:18;Buy;0.01;GBPNZD;2.25716;;;2026.03.05 16:03:42;2.25854;-0.05;;0.82;
2026.03.05 15:00:17;Buy;0.01;GBPCAD;1.82081;;;2026.03.05 16:03:42;1.82245;-0.05;;1.20;
2026.03.05 15:00:17;Buy;0.01;GBPCHF;1.04273;;;2026.03.05 16:03:42;1.04316;-0.05;;0.55;
2026.03.05 15:00:18;Buy;0.01;AUDJPY;110.985;;;2026.03.05 16:03:41;110.891;-0.05;;-0.59;
2026.03.05 15:00:18;Buy;0.01;CADCHF;0.57272;;;2026.03.05 16:03:41;0.57231;-0.05;;-0.52;
2026.03.05 15:00:19;Buy;0.01;AUDNZD;1.19038;;;2026.03.05 16:03:40;1.18969;-0.05;;-0.41;
2026.03.05 15:00:19;Buy;0.01;AUDCAD;0.96030;;;2026.03.05 16:03:40;0.95977;-0.05;;-0.39;
2026.03.05 15:00:19;Buy;0.01;AUDCHF;0.54995;;;2026.03.05 16:03:40;0.54937;-0.05;;-0.75;
2026.03.05 15:00:20;Buy;0.01;NZDCHF;0.46205;;;2026.03.05 16:03:39;0.46170;-0.05;;-0.45;
2026.03.05 15:00:20;Buy;0.01;NZDJPY;93.257;;;2026.03.05 16:03:39;93.201;-0.05;;-0.36;
2026.03.05 15:02:32;Buy;0.01;USDCAD;1.36220;1.35819;1.36619;2026.03.05 16:03:38;1.36462;-0.05;;1.77;
2026.03.04 12:09:31;Sell;0.01;USDCHF;0.78131;0.78131;0.77718;2026.03.04 13:05:04;0.78131;-0.05;;0.00;[sl]
2026.02.27 12:44:07;Sell;0.01;USDJPY;155.949;;;2026.02.27 16:31:09;156.050;-0.05;;-0.65;
2026.02.27 12:44:06;Buy;0.01;EURUSD;1.18019;;;2026.02.27 16:31:09;1.18027;-0.05;;0.08;
2026.02.27 12:44:08;Sell;0.01;USDCAD;1.36677;;;2026.02.27 16:31:08;1.36633;-0.05;;0.32;
2026.02.27 12:44:08;Sell;0.01;USDCHF;0.77241;;;2026.02.27 16:31:08;0.76952;-0.05;;3.76;
2026.02.27 12:44:09;Sell;0.01;EURCHF;0.91161;;;2026.02.27 16:31:07;0.90815;-0.05;;4.50;
2026.02.27 12:44:08;Buy;0.01;NZDUSD;0.59865;;;2026.02.27 16:31:07;0.59839;-0.05;;-0.26;
2026.02.27 12:44:10;Sell;0.01;GBPCAD;1.84189;;;2026.02.27 16:31:06;1.83968;-0.05;;1.62;
2026.02.27 12:44:09;Sell;0.01;GBPCHF;1.04101;;;2026.02.27 16:31:06;1.03611;-0.05;;6.37;
2026.02.27 12:44:09;Buy;0.01;EURAUD;1.65932;;;2026.02.27 16:31:06;1.66044;-0.05;;0.79;
2026.02.27 12:44:11;Sell;0.01;AUDJPY;110.907;;;2026.02.27 16:31:05;110.953;-0.05;;-0.29;
2026.02.27 12:44:10;Sell;0.01;CADCHF;0.56511;;;2026.02.27 16:31:05;0.56329;-0.05;;2.37;
2026.02.27 12:44:10;Sell;0.01;GBPNZD;2.25088;;;2026.02.27 16:31:05;2.25003;-0.05;;0.51;
2026.02.27 12:44:11;Sell;0.01;AUDCAD;0.97200;;;2026.02.27 16:31:04;0.97133;-0.05;;0.49;
2026.02.27 12:44:11;Sell;0.01;AUDCHF;0.54937;;;2026.02.27 16:31:04;0.54710;-0.05;;2.95;
2026.02.27 12:44:12;Sell;0.01;NZDCHF;0.46240;;;2026.02.27 16:31:03;0.46062;-0.05;;2.32;
2026.02.27 12:44:12;Sell;0.01;NZDJPY;93.364;;;2026.02.27 16:31:03;93.410;-0.05;;-0.30;
2026.02.27 12:44:12;Sell;0.01;AUDNZD;1.18785;;;2026.02.27 16:31:03;1.18799;-0.05;;-0.08;
2026.02.27 10:26:27;Buy;0.01;EURUSD;1.18165;;;2026.02.27 10:46:24;1.18116;-0.05;;-0.49;
2026.02.27 10:26:29;Sell;0.01;USDCAD;1.36682;;;2026.02.27 10:46:23;1.36712;-0.05;;-0.22;
2026.02.27 10:26:28;Sell;0.01;USDCHF;0.77233;;;2026.02.27 10:46:23;0.77302;-0.05;;-0.89;
2026.02.27 10:26:28;Sell;0.01;USDJPY;155.990;;;2026.02.27 10:46:23;156.109;-0.05;;-0.76;
2026.02.27 10:26:31;Sell;0.01;EURCHF;0.91268;;;2026.02.27 10:46:22;0.91321;-0.05;;-0.68;
2026.02.27 10:26:31;Buy;0.01;NZDUSD;0.59924;;;2026.02.27 10:46:22;0.59868;-0.05;;-0.56;
2026.02.27 10:26:32;Sell;0.01;GBPCAD;1.84435;;;2026.02.27 10:46:21;1.84483;-0.05;;-0.35;
2026.02.27 10:26:32;Sell;0.01;GBPCHF;1.04226;;;2026.02.27 10:46:21;1.04315;-0.05;;-1.15;
2026.02.27 10:26:31;Buy;0.01;EURAUD;1.65852;;;2026.02.27 10:46:21;1.65975;-0.05;;0.87;
2026.02.27 10:26:33;Sell;0.01;AUDJPY;111.142;;;2026.02.27 10:46:20;111.105;-0.05;;0.24;
2026.02.27 10:26:32;Sell;0.01;CADCHF;0.56506;;;2026.02.27 10:46:20;0.56551;-0.05;;-0.58;
2026.02.27 10:26:32;Sell;0.01;GBPNZD;2.25197;;;2026.02.27 10:46:20;2.25414;-0.05;;-1.30;
2026.02.27 10:26:34;Sell;0.01;AUDNZD;1.18899;;;2026.02.27 10:46:19;1.18881;-0.05;;0.11;
2026.02.27 10:26:34;Sell;0.01;AUDCAD;0.97382;;;2026.02.27 10:46:19;0.97298;-0.05;;0.62;
2026.02.27 10:26:33;Sell;0.01;AUDCHF;0.55032;;;2026.02.27 10:46:19;0.55025;-0.05;;0.09;
2026.02.27 10:26:35;Sell;0.01;NZDCHF;0.46276;;;2026.02.27 10:46:18;0.46287;-0.05;;-0.14;
2026.02.27 10:26:34;Sell;0.01;NZDJPY;93.442;;;2026.02.27 10:46:18;93.476;-0.05;;-0.22;
2026.02.26 10:28:49;Buy;0.01;USDJPY;156.084;155.683;156.483;2026.02.26 11:39:31;156.027;-0.05;;-0.37;
2026.02.25 10:02:33;Sell;0.01;USDJPY;155.989;156.389;155.589;2026.02.25 11:02:34;156.390;-0.05;;-2.56;[sl]
2026.02.24 10:08:07;Sell;0.01;AUDUSD;0.70634;0.71033;0.70233;2026.02.25 05:53:38;0.71051;-0.05;-0.02;-4.17;[sl]
2026.02.20 16:02:41;Sell;0.01;GBPUSD;1.34828;1.35226;1.34426;2026.02.23 01:40:55;1.35235;-0.05;-0.03;-4.07;[sl]
2026.02.20 10:44:18;Sell;0.01;AUDUSD;0.70524;0.70924;0.70124;2026.02.20 14:38:00;0.70460;-0.05;;0.64;
2026.02.20 11:05:25;Buy;0.01;USDCHF;0.77557;;;2026.02.20 14:37:59;0.77606;-0.05;;0.63;
2026.02.20 11:05:25;Buy;0.01;USDJPY;155.606;;;2026.02.20 14:37:59;155.234;-0.05;;-2.40;
2026.02.20 11:05:25;Sell;0.01;EURUSD;1.17615;;;2026.02.20 14:37:59;1.17661;-0.05;;-0.46;
2026.02.20 11:05:26;Buy;0.01;EURCHF;0.91211;;;2026.02.20 14:37:58;0.91298;-0.05;;1.12;
2026.02.20 11:05:26;Sell;0.01;NZDUSD;0.59552;;;2026.02.20 14:37:58;0.59527;-0.05;;0.25;
2026.02.20 11:05:27;Buy;0.01;GBPCHF;1.04352;;;2026.02.20 14:37:57;1.04578;-0.05;;2.91;
2026.02.20 11:05:26;Sell;0.01;EURAUD;1.66609;;;2026.02.20 14:37:57;1.66996;-0.05;;-2.73;
2026.02.20 11:05:28;Buy;0.01;CADCHF;0.56667;;;2026.02.20 14:37:56;0.56692;-0.05;;0.32;
2026.02.20 11:05:27;Buy;0.01;GBPNZD;2.25919;;;2026.02.20 14:37:56;2.26374;-0.05;;2.71;
2026.02.20 11:05:27;Buy;0.01;GBPCAD;1.84165;;;2026.02.20 14:37:56;1.84460;-0.05;;2.15;
2026.02.20 11:05:29;Buy;0.01;AUDCAD;0.96625;;;2026.02.20 14:37:55;0.96439;-0.05;;-1.36;
2026.02.20 11:05:28;Buy;0.01;AUDCHF;0.54748;;;2026.02.20 14:37:55;0.54678;-0.05;;-0.90;
2026.02.20 11:05:28;Buy;0.01;AUDJPY;109.851;;;2026.02.20 14:37:55;109.372;-0.05;;-3.08;
2026.02.20 11:05:30;Buy;0.01;NZDCHF;0.46197;;;2026.02.20 14:37:54;0.46189;-0.05;;-0.11;
2026.02.20 11:05:29;Buy;0.01;NZDJPY;92.684;;;2026.02.20 14:37:54;92.398;-0.05;;-1.84;
2026.02.20 11:05:29;Buy;0.01;AUDNZD;1.18525;;;2026.02.20 14:37:54;1.18359;-0.05;;-0.99;
2026.02.19 16:08:58;Sell;0.01;EURUSD;1.17547;;;2026.02.19 18:14:40;1.17626;-0.05;;-0.79;
2026.02.19 16:07:27;Sell;0.01;AUDUSD;0.70445;0.70845;0.70045;2026.02.19 18:14:40;0.70534;-0.05;;-0.89;
2026.02.19 16:08:59;Sell;0.01;NZDUSD;0.59572;;;2026.02.19 18:14:39;0.59727;-0.05;;-1.55;
2026.02.19 16:08:58;Buy;0.01;USDCHF;0.77545;;;2026.02.19 18:14:39;0.77534;-0.05;;-0.14;
2026.02.19 16:08:58;Buy;0.01;USDJPY;155.050;;;2026.02.19 18:14:39;154.955;-0.05;;-0.61;
2026.02.19 16:09:00;Buy;0.01;GBPCAD;1.84366;;;2026.02.19 18:14:38;1.84021;-0.05;;-2.52;
2026.02.19 16:09:00;Buy;0.01;GBPCHF;1.04320;;;2026.02.19 18:14:38;1.04273;-0.05;;-0.60;
2026.02.19 16:08:59;Sell;0.01;EURAUD;1.66859;;;2026.02.19 18:14:38;1.66780;-0.05;;0.55;
2026.02.19 16:08:59;Buy;0.01;EURCHF;0.91158;;;2026.02.19 18:14:38;0.91210;-0.05;;0.67;
2026.02.19 16:09:01;Buy;0.01;AUDJPY;109.225;;;2026.02.19 18:14:37;109.296;-0.05;;0.45;
2026.02.19 16:09:01;Buy;0.01;CADCHF;0.56592;;;2026.02.19 18:14:37;0.56656;-0.05;;0.82;
2026.02.19 16:09:00;Buy;0.01;GBPNZD;2.25801;;;2026.02.19 18:14:37;2.25173;-0.05;;-3.75;
2026.02.19 16:09:02;Buy;0.01;NZDJPY;92.383;;;2026.02.19 18:14:36;92.547;-0.05;;1.06;
2026.02.19 16:09:02;Buy;0.01;AUDNZD;1.18243;;;2026.02.19 18:14:36;1.18099;-0.05;;-0.86;
2026.02.19 16:09:02;Buy;0.01;AUDCAD;0.96543;;;2026.02.19 18:14:36;0.96513;-0.05;;-0.22;
2026.02.19 16:09:01;Buy;0.01;AUDCHF;0.54632;;;2026.02.19 18:14:36;0.54686;-0.05;;0.69;
2026.02.19 16:09:03;Buy;0.01;NZDCHF;0.46208;;;2026.02.19 18:14:35;0.46301;-0.05;;1.20;
2026.02.19 10:01:55;Sell;0.01;USDJPY;154.984;155.386;154.586;2026.02.19 12:12:15;154.802;-0.05;;1.18;
2026.02.18 10:09:47;Sell;0.01;GBPUSD;1.35604;1.36004;1.35204;2026.02.18 19:38:51;1.35195;-0.05;;4.09;[tp]
2026.02.16 16:20:12;Sell;0.01;AUDUSD;0.70814;0.71215;0.70415;2026.02.17 16:50:45;0.70414;-0.05;-0.02;4.00;[tp]
2026.02.17 10:44:24;Buy;0.01;USDJPY;152.861;152.460;153.260;2026.02.17 15:43:09;153.261;-0.05;;2.61;[tp]
2026.02.13 12:14:24;Sell;0.01;GBPUSD;1.36218;1.36615;1.35815;2026.02.16 11:08:20;1.36625;-0.05;-0.03;-4.07;[sl]
2026.02.12 18:10:19;Sell;0.01;USDCAD;1.36074;1.36474;1.35674;2026.02.13 11:06:53;1.36044;-0.05;-0.26;0.22;
2026.02.12 14:04:39;Sell;0.01;USDJPY;153.289;153.690;152.890;2026.02.12 14:49:24;153.687;-0.05;;-2.59;[sl]
2026.02.10 12:20:35;Sell;0.01;USDCHF;0.76582;;;2026.02.10 17:41:30;0.76532;-0.05;;0.65;
2026.02.10 12:20:34;Sell;0.01;USDJPY;155.178;;;2026.02.10 17:41:30;154.168;-0.05;;6.55;
2026.02.10 12:20:34;Buy;0.01;EURUSD;1.19110;;;2026.02.10 17:41:30;1.19018;-0.05;;-0.92;
2026.02.10 12:20:36;Buy;0.01;EURAUD;1.68415;;;2026.02.10 17:41:29;1.68168;-0.05;;-1.75;
2026.02.10 12:20:35;Sell;0.01;EURCHF;0.91212;;;2026.02.10 17:41:29;0.91085;-0.05;;1.66;
2026.02.10 12:20:35;Sell;0.01;USDCAD;1.35639;;;2026.02.10 17:41:29;1.35325;-0.05;;2.32;
2026.02.10 12:20:36;Sell;0.01;GBPNZD;2.26122;;;2026.02.10 17:41:28;2.25987;-0.05;;0.82;
2026.02.10 12:20:36;Sell;0.01;GBPCAD;1.85343;;;2026.02.10 17:41:28;1.84871;-0.05;;3.48;
2026.02.10 12:20:36;Sell;0.01;GBPCHF;1.04645;;;2026.02.10 17:41:28;1.04570;-0.05;;0.98;
2026.02.10 12:20:37;Sell;0.01;AUDCHF;0.54150;;;2026.02.10 17:41:27;0.54167;-0.05;;-0.23;
2026.02.10 12:20:37;Sell;0.01;AUDJPY;109.749;;;2026.02.10 17:41:27;109.145;-0.05;;3.92;
2026.02.10 12:20:37;Sell;0.01;CADCHF;0.56455;;;2026.02.10 17:41:27;0.56566;-0.05;;-1.45;
2026.02.10 12:20:38;Sell;0.01;NZDJPY;93.777;;;2026.02.10 17:41:26;93.257;-0.05;;3.37;
2026.02.10 12:20:38;Sell;0.01;AUDNZD;1.17015;;;2026.02.10 17:41:26;1.17082;-0.05;;-0.41;
2026.02.10 12:20:38;Sell;0.01;AUDCAD;0.95911;;;2026.02.10 17:41:26;0.95762;-0.05;;1.10;
2026.02.10 12:20:39;Sell;0.01;NZDCHF;0.46272;;;2026.02.10 17:41:25;0.46273;-0.05;;-0.01;
2026.02.10 15:02:03;Buy;0.01;USDJPY;155.194;154.797;155.597;2026.02.10 15:35:41;154.791;-0.05;;-2.60;[sl]
2026.02.10 09:48:32;Buy;0.01;USDJPY;155.543;155.142;155.942;2026.02.10 09:48:39;155.541;-0.05;;-0.01;
2026.02.09 16:08:55;Sell;0.01;GBPUSD;1.36340;1.36741;1.35941;2026.02.09 17:00:42;1.36524;-0.05;;-1.84;
2026.02.09 14:16:25;Sell;0.01;NZDUSD;0.60255;0.60655;0.59855;2026.02.09 17:00:42;0.60539;-0.05;;-2.84;
2026.02.09 14:18:32;Buy;0.01;EURJPY;185.755;185.353;186.153;2026.02.09 16:29:17;185.348;-0.05;;-2.61;[sl]
2026.02.06 17:56:47;Sell;0.01;AUDCAD;0.95519;;;2026.02.09 10:30:30;0.95925;-0.05;-0.05;-2.98;
2026.02.06 17:56:47;Sell;0.01;AUDCHF;0.54320;;;2026.02.09 10:30:29;0.54365;-0.05;-0.10;-0.58;
2026.02.06 17:56:47;Sell;0.01;AUDJPY;109.923;;;2026.02.09 10:30:29;110.196;-0.05;-0.17;-1.74;
2026.02.06 17:56:46;Sell;0.01;CADCHF;0.56865;;;2026.02.09 10:30:29;0.56678;-0.05;-0.08;2.42;
2026.02.06 17:56:45;Buy;0.01;EURAUD;1.68629;;;2026.02.09 10:30:28;1.68614;-0.05;-0.10;-0.11;
2026.02.06 17:56:45;Sell;0.01;EURCHF;0.91612;;;2026.02.09 10:30:28;0.91665;-0.05;-0.12;-0.68;
2026.02.06 17:56:44;Buy;0.01;EURUSD;1.18170;;;2026.02.09 10:30:28;1.18523;-0.05;-0.08;3.53;
2026.02.06 17:56:46;Sell;0.01;GBPNZD;2.26256;;;2026.02.09 10:30:27;2.26063;-0.05;-0.11;1.16;
2026.02.06 17:56:46;Sell;0.01;GBPCAD;1.85531;;;2026.02.09 10:30:27;1.85504;-0.05;-0.11;0.20;
2026.02.06 17:56:45;Sell;0.01;GBPCHF;1.05512;;;2026.02.09 10:30:27;1.05132;-0.05;-0.21;4.91;
2026.02.06 17:56:48;Sell;0.01;NZDCHF;0.46620;;;2026.02.09 10:30:26;0.46511;-0.05;-0.07;1.41;
2026.02.06 17:56:48;Sell;0.01;NZDJPY;94.338;;;2026.02.09 10:30:26;94.289;-0.05;-0.10;0.31;
2026.02.06 17:56:45;Sell;0.01;USDCAD;1.36328;;;2026.02.09 10:30:25;1.36467;-0.05;-0.07;-1.02;
2026.02.06 17:56:44;Sell;0.01;USDCHF;0.77526;;;2026.02.09 10:30:25;0.77334;-0.05;-0.19;2.48;
2026.02.06 17:56:44;Sell;0.01;USDJPY;156.873;;;2026.02.09 10:30:25;156.765;-0.05;-0.32;0.69;
2026.02.06 09:07:39;Buy;0.01;EURUSD;1.17967;;;2026.02.06 10:55:54;1.17911;-0.05;;-0.56;
2026.02.05 15:10:00;Sell;0.01;USDCHF;0.77638;0.78038;0.77238;2026.02.06 10:55:54;0.77869;-0.05;-0.19;-2.97;
2026.02.06 09:07:41;Sell;0.01;EURCHF;0.91586;;;2026.02.06 10:55:53;0.91806;-0.05;;-2.82;
2026.02.06 09:07:40;Sell;0.01;USDCAD;1.36897;;;2026.02.06 10:55:53;1.36811;-0.05;;0.63;
2026.02.06 09:07:40;Sell;0.01;USDCHF;0.77634;;;2026.02.06 10:55:53;0.77859;-0.05;;-2.89;
2026.02.06 09:07:40;Sell;0.01;USDJPY;156.715;;;2026.02.06 10:55:53;156.940;-0.05;;-1.43;
2026.02.06 09:07:42;Sell;0.01;CADCHF;0.56711;;;2026.02.06 10:55:52;0.56915;-0.05;;-2.62;
2026.02.06 09:07:41;Sell;0.01;GBPCAD;1.85769;;;2026.02.06 10:55:52;1.85604;-0.05;;1.20;
2026.02.06 09:07:41;Sell;0.01;GBPCHF;1.05361;;;2026.02.06 10:55:52;1.05637;-0.05;;-3.54;
2026.02.06 09:07:41;Buy;0.01;EURAUD;1.69575;;;2026.02.06 10:55:52;1.69315;-0.05;;-1.81;
2026.02.06 09:07:43;Sell;0.01;AUDCAD;0.95215;;;2026.02.06 10:55:51;0.95269;-0.05;;-0.39;
2026.02.06 09:07:42;Sell;0.01;AUDCHF;0.54001;;;2026.02.06 10:55:51;0.54215;-0.05;;-2.75;
2026.02.06 09:07:42;Sell;0.01;AUDJPY;109.016;;;2026.02.06 10:55:51;109.296;-0.05;;-1.79;
2026.02.04 14:06:31;Buy;0.01;EURUSD;1.18113;1.17714;1.18514;2026.02.06 02:15:03;1.17712;-0.05;-0.32;-4.01;[sl]
2026.02.04 17:02:08;Sell;0.01;USDJPY;156.436;;;2026.02.05 18:14:33;156.862;-0.05;-0.48;-2.72;
2026.02.04 17:02:13;Sell;0.01;NZDJPY;94.009;;;2026.02.05 18:14:30;93.721;-0.05;-0.05;1.83;
2026.02.04 17:02:09;Sell;0.01;EURCHF;0.91651;;;2026.02.05 18:14:26;0.91624;-0.05;-0.36;0.34;
2026.02.04 17:02:12;Sell;0.01;AUDNZD;1.16595;;;2026.02.05 18:14:22;1.16300;-0.05;-0.66;1.76;
2026.02.04 17:02:12;Sell;0.01;AUDCAD;0.95804;;;2026.02.05 18:14:20;0.95137;-0.05;-0.16;4.87;
2026.02.04 17:02:09;Buy;0.01;EURAUD;1.68566;;;2026.02.05 18:14:16;1.69653;-0.05;-0.29;7.56;
2026.02.04 17:02:12;Sell;0.01;AUDCHF;0.54375;;;2026.02.05 18:14:12;0.54001;-0.05;-0.30;4.81;
2026.02.04 17:02:11;Sell;0.01;AUDJPY;109.648;;;2026.02.05 18:14:09;108.996;-0.05;-0.24;4.16;
2026.02.04 17:02:11;Sell;0.01;CADCHF;0.56748;;;2026.02.05 18:14:06;0.56778;-0.05;-0.24;-0.39;
2026.02.04 17:02:10;Sell;0.01;GBPCHF;1.06148;;;2026.02.05 18:14:02;1.05138;-0.05;-0.62;12.99;
2026.02.04 17:02:11;Sell;0.01;GBPNZD;2.27609;;;2026.02.05 18:13:58;2.26395;-0.05;-0.10;7.25;
2026.02.04 17:02:08;Sell;0.01;USDCHF;0.77575;;;2026.02.05 18:13:55;0.77738;-0.05;-0.56;-2.10;
2026.02.04 17:02:08;Buy;0.01;EURUSD;1.18153;;;2026.02.05 18:13:53;1.17875;-0.05;-0.24;-2.78;
2026.02.04 17:02:10;Sell;0.01;GBPCAD;1.87043;;;2026.02.05 18:13:49;1.85175;-0.05;-0.33;13.65;
2026.02.04 17:02:09;Sell;0.01;USDCAD;1.36692;;;2026.02.05 18:13:42;1.36937;-0.05;-0.07;-1.79;
2026.02.04 17:02:13;Sell;0.01;NZDCHF;0.46612;;;2026.02.05 18:13:39;0.46437;-0.05;-0.07;2.25;
2026.02.05 16:10:54;Buy;0.01;GBPNZD;2.26351;2.25951;2.26751;2026.02.05 16:50:19;2.25949;-0.05;;-2.41;[sl]
2026.02.05 16:06:56;Buy;0.01;GBPAUD;1.94745;1.94344;1.95144;2026.02.05 16:47:15;1.94339;-0.05;;-2.84;[sl]
2026.02.03 16:10:05;Sell;0.01;AUDCHF;0.54492;0.54892;0.54092;2026.02.05 14:42:59;0.54092;-0.05;-0.40;5.16;[tp]
2026.02.05 11:08:47;Buy;0.01;GBPCAD;1.86164;1.85764;1.86564;2026.02.05 11:38:19;1.85763;-0.05;;-2.93;[sl]
2026.02.04 17:08:27;Sell;0.01;CHFJPY;201.705;202.106;201.306;2026.02.05 09:52:13;202.107;-0.05;-0.04;-2.56;[sl]
2026.02.03 16:07:07;Sell;0.01;AUDCAD;0.95719;0.96118;0.95318;2026.02.05 04:16:12;0.95316;-0.05;-0.21;2.94;[tp]
2026.02.04 16:07:52;Sell;0.01;CADJPY;114.520;114.918;114.118;2026.02.04 23:31:12;114.918;-0.05;;-2.54;[sl]
2026.02.04 12:23:57;Sell;0.01;NZDJPY;94.307;94.706;93.906;2026.02.04 18:41:03;93.906;-0.05;;2.56;[tp]
2026.02.04 10:06:27;Buy;0.01;EURAUD;1.68114;1.67710;1.68510;2026.02.04 16:59:04;1.68529;-0.05;;2.91;[tp]
2026.02.04 10:09:31;Sell;0.01;CHFJPY;201.534;201.935;201.135;2026.02.04 13:15:16;201.940;-0.05;;-2.59;[sl]
2026.02.04 10:07:53;Buy;0.01;GBPAUD;1.94894;1.94496;1.95296;2026.02.04 11:48:10;1.95302;-0.05;;2.86;[tp]
2026.02.03 15:13:25;Sell;0.01;USDJPY;155.811;156.211;155.411;2026.02.04 04:37:30;156.211;-0.05;-0.16;-2.56;[sl]
2026.02.03 16:08:02;Sell;0.01;EURJPY;183.849;184.247;183.447;2026.02.04 02:32:23;184.250;-0.05;-0.14;-2.57;[sl]
2026.02.02 17:43:35;Sell;0.01;AUDUSD;0.69519;0.69920;0.69120;2026.02.03 05:31:23;0.69926;-0.05;-0.01;-4.07;[sl]
2026.02.02 17:46:10;Buy;0.01;CHFJPY;199.402;199.004;199.804;2026.02.03 02:38:57;199.819;-0.05;-0.07;2.68;[tp]
2026.02.02 12:43:52;Sell;0.01;CHFJPY;199.555;199.957;199.157;2026.02.02 13:04:10;199.518;-0.05;;0.24;
2026.02.02 09:55:20;Sell;0.01;EURUSD;1.18586;;;2026.02.02 11:06:20;1.18506;-0.05;;0.80;
2026.02.02 09:55:22;Buy;0.01;USDCHF;0.77317;;;2026.02.02 11:06:19;0.77439;-0.05;;1.58;
2026.02.02 09:55:21;Buy;0.01;USDJPY;154.836;;;2026.02.02 11:06:19;154.867;-0.05;;0.20;
2026.02.02 09:55:25;Sell;0.01;NZDUSD;0.60114;;;2026.02.02 11:06:18;0.60084;-0.05;;0.30;
2026.02.02 09:55:24;Buy;0.01;USDCAD;1.36511;;;2026.02.02 11:06:18;1.36493;-0.05;;-0.13;
2026.02.02 09:55:25;Buy;0.01;EURCHF;0.91704;;;2026.02.02 11:06:17;0.91779;-0.05;;0.97;
2026.02.02 09:55:27;Buy;0.01;GBPCAD;1.86832;;;2026.02.02 11:06:16;1.86855;-0.05;;0.17;
2026.02.02 09:55:26;Buy;0.01;GBPCHF;1.05841;;;2026.02.02 11:06:16;1.06018;-0.05;;2.28;
2026.02.02 09:55:26;Sell;0.01;EURAUD;1.70743;;;2026.02.02 11:06:16;1.70666;-0.05;;0.53;
2026.02.02 09:55:28;Buy;0.01;AUDJPY;107.542;;;2026.02.02 11:06:15;107.546;-0.05;;0.03;
2026.02.02 09:55:28;Buy;0.01;CADCHF;0.56645;;;2026.02.02 11:06:15;0.56734;-0.05;;1.15;
2026.02.02 09:55:27;Buy;0.01;GBPNZD;2.27688;;;2026.02.02 11:06:15;2.27869;-0.05;;1.09;
2026.02.02 09:55:29;Buy;0.01;AUDCAD;0.94811;;;2026.02.02 11:06:14;0.94772;-0.05;;-0.29;
2026.02.02 09:55:28;Buy;0.01;AUDCHF;0.53704;;;2026.02.02 11:06:14;0.53776;-0.05;;0.93;
2026.02.02 09:55:31;Buy;0.01;NZDCHF;0.46480;;;2026.02.02 11:06:13;0.46528;-0.05;;0.62;
2026.02.02 09:55:30;Buy;0.01;NZDJPY;93.073;;;2026.02.02 11:06:13;93.035;-0.05;;-0.25;
2026.02.02 09:55:30;Buy;0.01;AUDNZD;1.15549;;;2026.02.02 11:06:13;1.15573;-0.05;;0.15;
2026.01.28 15:02:19;Sell;0.01;USDJPY;152.573;;;2026.01.28 16:17:12;152.900;-0.05;;-2.14;
2026.01.28 15:02:18;Buy;0.01;EURUSD;1.19776;;;2026.01.28 16:17:12;1.19630;-0.05;;-1.46;
2026.01.28 15:02:20;Buy;0.01;NZDUSD;0.60324;;;2026.01.28 16:17:11;0.60316;-0.05;;-0.08;
2026.01.28 15:02:19;Sell;0.01;USDCAD;1.35593;;;2026.01.28 16:17:11;1.35510;-0.05;;0.61;
2026.01.28 15:02:19;Sell;0.01;USDCHF;0.76683;;;2026.01.28 16:17:11;0.76828;-0.05;;-1.89;
2026.01.28 15:02:21;Sell;0.01;GBPCHF;1.05738;;;2026.01.28 16:17:10;1.05849;-0.05;;-1.44;
2026.01.28 15:02:20;Buy;0.01;EURAUD;1.71066;;;2026.01.28 16:17:10;1.70936;-0.05;;-0.91;
2026.01.28 15:02:20;Sell;0.01;EURCHF;0.91835;;;2026.01.28 16:17:10;0.91908;-0.05;;-0.95;
2026.01.28 15:02:22;Sell;0.01;GBPNZD;2.28598;;;2026.01.28 16:17:09;2.28422;-0.05;;1.06;
2026.01.28 15:02:21;Sell;0.01;GBPCAD;1.86967;;;2026.01.28 16:17:09;1.86683;-0.05;;2.10;
2026.01.28 15:02:22;Sell;0.01;AUDJPY;106.831;;;2026.01.28 16:17:08;107.004;-0.05;;-1.13;
2026.01.28 15:02:22;Sell;0.01;CADCHF;0.56548;;;2026.01.28 16:17:08;0.56699;-0.05;;-1.97;
2026.01.28 15:02:24;Sell;0.01;AUDNZD;1.16066;;;2026.01.28 16:17:07;1.16038;-0.05;;0.17;
2026.01.28 15:02:23;Sell;0.01;AUDCAD;0.94925;;;2026.01.28 16:17:07;0.94847;-0.05;;0.58;
2026.01.28 15:02:23;Sell;0.01;AUDCHF;0.53682;;;2026.01.28 16:17:07;0.53772;-0.05;;-1.17;
2026.01.28 15:02:24;Sell;0.01;NZDCHF;0.46245;;;2026.01.28 16:17:06;0.46348;-0.05;;-1.34;
2026.01.28 15:02:24;Sell;0.01;NZDJPY;92.025;;;2026.01.28 16:17:06;92.229;-0.05;;-1.34;
2026.01.26 12:50:34;Sell;0.01;USDCHF;0.77648;;;2026.01.26 13:31:47;0.77813;-0.05;;-2.12;
2026.01.26 12:50:34;Sell;0.01;USDJPY;153.576;;;2026.01.26 13:31:47;153.828;-0.05;;-1.64;
2026.01.26 12:50:34;Buy;0.01;EURUSD;1.18602;;;2026.01.26 13:31:47;1.18491;-0.05;;-1.11;
2026.01.26 12:50:35;Sell;0.01;EURCHF;0.92092;;;2026.01.26 13:31:46;0.92207;-0.05;;-1.48;
2026.01.26 12:50:35;Buy;0.01;NZDUSD;0.59738;;;2026.01.26 13:31:46;0.59627;-0.05;;-1.11;
2026.01.26 12:50:35;Sell;0.01;USDCAD;1.36729;;;2026.01.26 13:31:46;1.36863;-0.05;;-0.98;
2026.01.26 12:50:37;Sell;0.01;GBPNZD;2.28833;;;2026.01.26 13:31:45;2.29186;-0.05;;-2.10;
2026.01.26 12:50:37;Sell;0.01;GBPCAD;1.86907;;;2026.01.26 13:31:45;1.87037;-0.05;;-0.95;
2026.01.26 12:50:36;Sell;0.01;GBPCHF;1.06146;;;2026.01.26 13:31:45;1.06331;-0.05;;-2.37;
2026.01.26 12:50:36;Buy;0.01;EURAUD;1.71247;;;2026.01.26 13:31:45;1.71359;-0.05;;0.77;
2026.01.26 12:50:38;Sell;0.01;AUDCHF;0.53768;;;2026.01.26 13:31:44;0.53806;-0.05;;-0.48;
2026.01.26 12:50:37;Sell;0.01;AUDJPY;106.359;;;2026.01.26 13:31:44;106.386;-0.05;;-0.17;
2026.01.26 12:50:37;Sell;0.01;CADCHF;0.56786;;;2026.01.26 13:31:44;0.56857;-0.05;;-0.92;
2026.01.26 12:50:39;Sell;0.01;NZDJPY;91.737;;;2026.01.26 13:31:43;91.749;-0.05;;-0.08;
2026.01.26 12:50:38;Sell;0.01;AUDNZD;1.15918;;;2026.01.26 13:31:43;1.15978;-0.05;;-0.36;
2026.01.26 12:50:38;Sell;0.01;AUDCAD;0.94679;;;2026.01.26 13:31:43;0.94649;-0.05;;0.22;
2026.01.26 12:50:39;Sell;0.01;NZDCHF;0.46380;;;2026.01.26 13:31:42;0.46405;-0.05;;-0.32;
2026.01.26 13:08:28;Sell;0.05;USDJPY;153.439;;;2026.01.26 13:27:32;153.795;-0.25;;-11.57;
2026.01.23 09:05:23;Buy;0.01;USDJPY;158.899;;;2026.01.23 10:59:01;158.154;-0.05;;-4.71;
2026.01.23 09:05:22;Sell;0.01;EURUSD;1.17411;;;2026.01.23 10:59:01;1.17403;-0.05;;0.08;
2026.01.23 09:05:23;Buy;0.01;USDCAD;1.37901;;;2026.01.23 10:59:00;1.37873;-0.05;;-0.20;
2026.01.23 09:05:23;Buy;0.01;USDCHF;0.79043;;;2026.01.23 10:59:00;0.79028;-0.05;;-0.19;
2026.01.23 09:05:24;Sell;0.01;EURAUD;1.71418;;;2026.01.23 10:58:59;1.71486;-0.05;;-0.47;
2026.01.23 09:05:24;Buy;0.01;EURCHF;0.92814;;;2026.01.23 10:58:59;0.92793;-0.05;;-0.27;
2026.01.23 09:05:23;Sell;0.01;NZDUSD;0.59092;;;2026.01.23 10:58:59;0.59069;-0.05;;0.23;
2026.01.23 09:05:25;Buy;0.01;GBPNZD;2.28280;;;2026.01.23 10:58:58;2.28550;-0.05;;1.59;
2026.01.23 09:05:25;Buy;0.01;GBPCAD;1.86027;;;2026.01.23 10:58:58;1.86134;-0.05;;0.78;
2026.01.23 09:05:24;Buy;0.01;GBPCHF;1.06630;;;2026.01.23 10:58:58;1.06694;-0.05;;0.81;
2026.01.23 09:05:26;Buy;0.01;AUDCHF;0.54136;;;2026.01.23 10:58:57;0.54102;-0.05;;-0.43;
2026.01.23 09:05:26;Buy;0.01;AUDJPY;108.816;;;2026.01.23 10:58:57;108.273;-0.05;;-3.43;
2026.01.23 09:05:25;Buy;0.01;CADCHF;0.57324;;;2026.01.23 10:58:57;0.57318;-0.05;;-0.07;
2026.01.23 09:05:27;Buy;0.01;NZDJPY;93.909;;;2026.01.23 10:58:56;93.408;-0.05;;-3.17;
2026.01.23 09:05:27;Buy;0.01;AUDNZD;1.15902;;;2026.01.23 10:58:56;1.15910;-0.05;;0.05;
2026.01.23 09:05:26;Buy;0.01;AUDCAD;0.94450;;;2026.01.23 10:58:56;0.94399;-0.05;;-0.37;
2026.01.23 09:05:27;Buy;0.01;NZDCHF;0.46716;;;2026.01.23 10:58:55;0.46675;-0.05;;-0.52;
2026.01.20 11:21:09;Sell;0.01;USDJPY;157.757;;;2026.01.20 13:17:01;157.897;-0.05;;-0.89;
2026.01.20 11:21:09;Buy;0.01;EURUSD;1.17167;;;2026.01.20 13:17:01;1.17227;-0.05;;0.60;
2026.01.20 11:21:10;Buy;0.01;NZDUSD;0.58323;;;2026.01.20 13:17:00;0.58336;-0.05;;0.13;
2026.01.20 11:21:10;Sell;0.01;USDCAD;1.38331;;;2026.01.20 13:17:00;1.38299;-0.05;;0.23;
2026.01.20 11:21:09;Sell;0.01;USDCHF;0.79072;;;2026.01.20 13:17:00;0.79003;-0.05;;0.87;
2026.01.20 11:21:11;Sell;0.01;GBPCHF;1.06527;;;2026.01.20 13:16:59;1.06357;-0.05;;2.15;
2026.01.20 11:21:11;Buy;0.01;EURAUD;1.74181;;;2026.01.20 13:16:59;1.74196;-0.05;;0.11;
2026.01.20 11:21:11;Sell;0.01;EURCHF;0.92647;;;2026.01.20 13:16:59;0.92611;-0.05;;0.46;
2026.01.20 11:21:12;Sell;0.01;GBPNZD;2.30963;;;2026.01.20 13:16:58;2.30787;-0.05;;1.02;
2026.01.20 11:21:12;Sell;0.01;GBPCAD;1.86343;;;2026.01.20 13:16:58;1.86180;-0.05;;1.18;
2026.01.20 11:21:13;Sell;0.01;AUDCHF;0.53190;;;2026.01.20 13:16:57;0.53166;-0.05;;0.31;
2026.01.20 11:21:13;Sell;0.01;AUDJPY;106.120;;;2026.01.20 13:16:57;106.250;-0.05;;-0.82;
2026.01.20 11:21:12;Sell;0.01;CADCHF;0.57158;;;2026.01.20 13:16:57;0.57134;-0.05;;0.30;
2026.01.20 11:21:14;Sell;0.01;NZDJPY;92.019;;;2026.01.20 13:16:56;92.116;-0.05;;-0.62;
2026.01.20 11:21:14;Sell;0.01;AUDNZD;1.15328;;;2026.01.20 13:16:56;1.15352;-0.05;;-0.14;
2026.01.20 11:21:13;Sell;0.01;AUDCAD;0.93051;;;2026.01.20 13:16:56;0.93057;-0.05;;-0.05;
2026.01.20 11:21:15;Sell;0.01;NZDCHF;0.46116;;;2026.01.20 13:16:55;0.46094;-0.05;;0.28;
2026.01.19 09:13:15;Sell;0.01;USDCHF;0.79788;;;2026.01.19 18:18:51;0.79715;-0.05;;0.92;
2026.01.19 09:13:15;Sell;0.01;USDJPY;157.752;;;2026.01.19 18:18:51;158.126;-0.05;;-2.37;
2026.01.19 09:13:15;Buy;0.01;EURUSD;1.16395;;;2026.01.19 18:18:51;1.16428;-0.05;;0.33;
2026.01.19 09:13:16;Buy;0.01;EURAUD;1.73816;;;2026.01.19 18:18:50;1.73402;-0.05;;-2.78;
2026.01.19 09:13:16;Sell;0.01;EURCHF;0.92870;;;2026.01.19 18:18:50;0.92809;-0.05;;0.76;
2026.01.19 09:13:16;Buy;0.01;NZDUSD;0.57781;;;2026.01.19 18:18:50;0.57917;-0.05;;1.36;
2026.01.19 09:13:17;Sell;0.01;GBPCAD;1.86174;;;2026.01.19 18:18:49;1.86156;-0.05;;0.13;
2026.01.19 09:13:17;Sell;0.01;GBPCHF;1.06981;;;2026.01.19 18:18:49;1.07035;-0.05;;-0.67;
2026.01.19 09:13:18;Sell;0.01;AUDJPY;105.644;;;2026.01.19 18:18:48;106.156;-0.05;;-3.24;
2026.01.19 09:13:18;Sell;0.01;CADCHF;0.57459;;;2026.01.19 18:18:48;0.57502;-0.05;;-0.54;
2026.01.19 09:13:17;Sell;0.01;GBPNZD;2.32021;;;2026.01.19 18:18:48;2.31829;-0.05;;1.11;
2026.01.19 09:13:19;Sell;0.01;AUDNZD;1.15891;;;2026.01.19 18:18:47;1.15921;-0.05;;-0.17;
2026.01.19 09:13:19;Sell;0.01;AUDCAD;0.92984;;;2026.01.19 18:18:47;0.93085;-0.05;;-0.73;
2026.01.19 09:13:18;Sell;0.01;AUDCHF;0.53434;;;2026.01.19 18:18:47;0.53523;-0.05;;-1.12;
2026.01.19 09:13:20;Sell;0.01;NZDCHF;0.46098;;;2026.01.19 18:18:46;0.46175;-0.05;;-0.96;
2026.01.19 09:13:20;Sell;0.01;NZDJPY;91.150;;;2026.01.19 18:18:46;91.596;-0.05;;-2.82;
2026.01.16 15:10:08;Sell;0.01;USDCAD;1.38883;;;2026.01.16 17:44:14;1.39201;-0.05;;-2.28;
2026.01.16 15:11:29;Sell;0.01;AUDJPY;105.884;;;2026.01.16 17:44:13;105.606;-0.05;;1.75;
2026.01.16 15:11:29;Sell;0.01;AUDCHF;0.53686;;;2026.01.16 17:44:13;0.53620;-0.05;;0.82;
2026.01.16 15:11:30;Sell;0.01;CHFJPY;197.184;;;2026.01.16 17:44:12;196.970;-0.05;;1.35;
2026.01.16 15:11:30;Sell;0.01;CADJPY;113.830;;;2026.01.16 17:44:12;113.691;-0.05;;0.88;
2026.01.16 15:11:29;Sell;0.01;CADCHF;0.57718;;;2026.01.16 17:44:12;0.57731;-0.05;;-0.16;
2026.01.16 15:11:31;Buy;0.01;EURUSD;1.16151;;;2026.01.16 17:44:11;1.15858;-0.05;;-2.93;
2026.01.16 15:11:31;Sell;0.01;EURJPY;183.638;;;2026.01.16 17:44:11;183.355;-0.05;;1.78;
2026.01.16 15:11:30;Sell;0.01;EURCHF;0.93120;;;2026.01.16 17:44:11;0.93093;-0.05;;0.34;
2026.01.16 15:11:32;Sell;0.01;NZDCHF;0.46153;;;2026.01.16 17:44:10;0.46151;-0.05;;0.02;
2026.01.16 15:11:32;Sell;0.01;GBPJPY;211.787;;;2026.01.16 17:44:10;211.571;-0.05;;1.37;
2026.01.16 15:11:32;Sell;0.01;GBPCHF;1.07386;;;2026.01.16 17:44:10;1.07424;-0.05;;-0.47;
2026.01.16 15:11:33;Sell;0.01;USDCHF;0.80169;;;2026.01.16 17:44:09;0.80358;-0.05;;-2.35;
2026.01.16 15:11:33;Sell;0.01;NZDJPY;91.015;;;2026.01.16 17:44:09;90.881;-0.05;;0.84;
2026.01.14 13:08:52;Sell;0.01;AUDCAD;0.92770;;;2026.01.15 10:11:51;0.92890;-0.05;-0.21;-0.87;
2026.01.14 13:11:48;Buy;0.01;BITCOIN;94 898.81;;;2026.01.15 10:11:50;96 479.68;-0.57;-0.33;15.81;
2026.01.14 13:08:52;Sell;0.01;AUDNZD;1.16414;;;2026.01.15 10:11:50;1.16458;-0.05;-0.20;-0.25;
2026.01.14 13:08:52;Sell;0.01;AUDCHF;0.53499;;;2026.01.15 10:11:50;0.53562;-0.05;-0.39;-0.78;
2026.01.14 13:08:51;Sell;0.01;AUDJPY;106.055;;;2026.01.15 10:11:50;106.039;-0.05;-0.31;0.10;
2026.01.14 13:08:51;Sell;0.01;CADCHF;0.57673;;;2026.01.15 10:11:49;0.57659;-0.05;-0.31;0.17;
2026.01.14 13:08:49;Buy;0.01;EURAUD;1.74421;;;2026.01.15 10:11:49;1.74029;-0.05;-0.37;-2.62;
2026.01.14 13:08:49;Sell;0.01;EURCHF;0.93324;;;2026.01.15 10:11:49;0.93196;-0.05;-0.46;1.59;
2026.01.14 13:08:50;Sell;0.01;GBPCAD;1.86722;;;2026.01.15 10:11:48;1.86713;-0.05;-0.42;0.07;
2026.01.14 13:08:49;Sell;0.01;GBPCHF;1.07698;;;2026.01.15 10:11:48;1.07625;-0.05;-0.80;0.91;
2026.01.14 13:08:47;Buy;0.01;EURUSD;1.16524;;;2026.01.15 10:11:48;1.16280;-0.05;-0.32;-2.44;
2026.01.14 13:08:53;Sell;0.01;NZDCHF;0.45959;;;2026.01.15 10:11:47;0.45991;-0.05;-0.25;-0.40;
2026.01.14 13:08:51;Sell;0.01;GBPNZD;2.34299;;;2026.01.15 10:11:47;2.34053;-0.05;-0.41;1.41;
2026.01.14 13:08:53;Sell;0.01;NZDJPY;91.101;;;2026.01.15 10:11:46;91.060;-0.05;-0.19;0.26;
2026.01.14 13:08:48;Buy;0.01;NZDUSD;0.57393;;;2026.01.15 10:11:46;0.57383;-0.05;-0.15;-0.10;
2026.01.14 13:08:48;Sell;0.01;USDCAD;1.38842;;;2026.01.15 10:11:46;1.39044;-0.05;-0.08;-1.45;
2026.01.14 13:08:48;Sell;0.01;USDCHF;0.80079;;;2026.01.15 10:11:45;0.80141;-0.05;-0.73;-0.77;
2026.01.14 13:08:47;Sell;0.01;USDJPY;158.723;;;2026.01.15 10:11:45;158.677;-0.05;-0.65;0.29;
2026.01.13 16:05:19;Buy;0.01;USDCHF;0.79814;;;2026.01.13 18:06:41;0.80064;-0.05;;3.12;
2026.01.13 16:05:18;Buy;0.01;USDJPY;158.845;;;2026.01.13 18:06:41;159.007;-0.05;;1.02;
2026.01.13 16:05:18;Sell;0.01;EURUSD;1.16691;;;2026.01.13 18:06:41;1.16459;-0.05;;2.32;
2026.01.13 16:05:20;Sell;0.01;NZDUSD;0.57666;;;2026.01.13 18:06:40;0.57444;-0.05;;2.22;
2026.01.13 16:05:19;Buy;0.01;USDCAD;1.38663;;;2026.01.13 18:06:40;1.38856;-0.05;;1.39;
2026.01.13 16:05:21;Buy;0.01;GBPCHF;1.07521;;;2026.01.13 18:06:39;1.07563;-0.05;;0.53;
2026.01.13 16:05:20;Sell;0.01;EURAUD;1.73865;;;2026.01.13 18:06:39;1.74296;-0.05;;-2.88;
2026.01.13 16:05:20;Buy;0.01;EURCHF;0.93133;;;2026.01.13 18:06:39;0.93241;-0.05;;1.35;
2026.01.13 16:05:22;Buy;0.01;CADCHF;0.57566;;;2026.01.13 18:06:38;0.57658;-0.05;;1.15;
2026.01.13 16:05:22;Buy;0.01;GBPNZD;2.33565;;;2026.01.13 18:06:38;2.33824;-0.05;;1.49;
2026.01.13 16:05:21;Buy;0.01;GBPCAD;1.86785;;;2026.01.13 18:06:38;1.86518;-0.05;;-1.92;
2026.01.13 16:05:23;Buy;0.01;AUDCHF;0.53569;;;2026.01.13 18:06:37;0.53490;-0.05;;-0.99;
2026.01.13 16:05:23;Buy;0.01;AUDJPY;106.612;;;2026.01.13 18:06:37;106.230;-0.05;;-2.41;
2026.01.13 16:05:24;Buy;0.01;NZDJPY;91.613;;;2026.01.13 18:06:36;91.344;-0.05;;-1.69;
2026.01.13 16:05:24;Buy;0.01;AUDNZD;1.16384;;;2026.01.13 18:06:36;1.16289;-0.05;;-0.54;
2026.01.13 16:05:23;Buy;0.01;AUDCAD;0.93053;;;2026.01.13 18:06:36;0.92760;-0.05;;-2.11;
2026.01.13 16:06:09;Buy;0.01;CADJPY;114.547;;;2026.01.13 18:06:35;114.519;-0.05;;-0.18;
2026.01.13 16:05:25;Buy;0.01;NZDCHF;0.46031;;;2026.01.13 18:06:35;0.45985;-0.05;;-0.57;
2026.01.13 16:07:43;Buy;0.01;GBPJPY;213.987;;;2026.01.13 18:06:34;213.592;-0.05;;-2.48;
2026.01.13 16:06:29;Buy;0.01;EURJPY;185.340;;;2026.01.13 18:06:34;185.170;-0.05;;-1.07;
2026.01.13 16:06:19;Buy;0.01;CHFJPY;199.031;;;2026.01.13 18:06:34;198.574;-0.05;;-2.87;
2026.01.09 16:16:07;Buy;0.01;AUDJPY;105.490;;;2026.01.13 15:00:47;106.446;-0.05;0.02;6.01;
2026.01.09 16:15:00;Buy;0.01;AUDCAD;0.92759;;;2026.01.13 15:00:47;0.92979;-0.05;;1.59;
2026.01.09 16:15:00;Buy;0.01;AUDCHF;0.53458;;;2026.01.13 15:00:47;0.53522;-0.05;0.06;0.80;
2026.01.09 16:16:45;Buy;0.01;CADJPY;113.730;;;2026.01.13 15:00:46;114.463;-0.05;-0.03;4.62;
2026.01.09 16:15:01;Buy;0.01;AUDNZD;1.16603;;;2026.01.13 15:00:46;1.16334;-0.05;;-1.55;
2026.01.09 16:14:59;Buy;0.01;CADCHF;0.57637;;;2026.01.13 15:00:46;0.57564;-0.05;0.04;-0.92;
2026.01.09 16:17:00;Buy;0.01;CHFJPY;197.370;;;2026.01.13 15:00:45;198.816;-0.05;-0.07;9.11;
2026.01.09 16:14:57;Sell;0.01;EURAUD;1.74223;;;2026.01.13 15:00:45;1.73956;-0.05;0.02;1.78;
2026.01.09 16:17:08;Buy;0.01;EURJPY;183.846;;;2026.01.13 15:00:44;185.159;-0.05;-0.05;8.27;
2026.01.09 16:14:57;Buy;0.01;EURCHF;0.93145;;;2026.01.13 15:00:44;0.93118;-0.05;0.06;-0.33;
2026.01.09 16:14:55;Sell;0.01;EURUSD;1.16420;;;2026.01.13 15:00:44;1.16541;-0.05;0.06;-1.21;
2026.01.09 16:15:52;Buy;0.01;GBPJPY;211.846;;;2026.01.13 15:00:43;213.872;-0.05;-0.01;12.75;
2026.01.09 16:14:58;Buy;0.01;GBPCAD;1.86311;;;2026.01.13 15:00:43;1.86828;-0.05;0.02;3.72;
2026.01.09 16:14:58;Buy;0.01;GBPCHF;1.07386;;;2026.01.13 15:00:43;1.07545;-0.05;0.16;1.99;
2026.01.09 16:16:16;Buy;0.01;NZDJPY;90.466;;;2026.01.13 15:00:42;91.485;-0.05;;6.41;
2026.01.09 16:15:01;Buy;0.01;NZDCHF;0.45851;;;2026.01.13 15:00:42;0.46000;-0.05;0.04;1.86;
2026.01.09 16:14:59;Buy;0.01;GBPNZD;2.34204;;;2026.01.13 15:00:42;2.33781;-0.05;0.02;-2.44;
2026.01.09 16:14:56;Sell;0.01;NZDUSD;0.57308;;;2026.01.13 15:00:41;0.57586;-0.05;0.02;-2.78;
2026.01.09 16:14:56;Buy;0.01;USDCAD;1.38820;;;2026.01.13 15:00:41;1.38795;-0.05;0.06;-0.18;
2026.01.09 16:14:56;Buy;0.01;USDCHF;0.80006;;;2026.01.13 15:00:41;0.79892;-0.05;0.08;-1.43;
2026.01.09 16:15:29;Buy;0.01;USDJPY;157.762;;;2026.01.13 15:00:40;158.879;-0.05;;7.03;
2026.01.09 12:10:11;Sell;0.01;EURUSD;1.16439;;;2026.01.09 14:12:46;1.16430;-0.05;;0.09;
2026.01.09 12:10:12;Buy;0.01;USDCAD;1.38721;;;2026.01.09 14:12:45;1.38729;-0.05;;0.06;
2026.01.09 12:10:12;Buy;0.01;USDCHF;0.80007;;;2026.01.09 14:12:45;0.79987;-0.05;;-0.25;
2026.01.09 12:10:12;Buy;0.01;USDJPY;157.702;;;2026.01.09 14:12:45;157.594;-0.05;;-0.69;
2026.01.09 12:10:14;Buy;0.01;GBPJPY;211.498;;;2026.01.09 14:12:44;211.344;-0.05;;-0.97;
2026.01.09 12:10:14;Sell;0.01;EURAUD;1.74238;;;2026.01.09 14:12:44;1.74290;-0.05;;-0.35;
2026.01.09 12:10:13;Buy;0.01;EURCHF;0.93160;;;2026.01.09 14:12:44;0.93124;-0.05;;-0.45;
2026.01.09 12:10:13;Sell;0.01;NZDUSD;0.57300;;;2026.01.09 14:12:44;0.57274;-0.05;;0.26;
2026.01.09 12:10:15;Buy;0.01;GBPNZD;2.34078;;;2026.01.09 14:12:43;2.34130;-0.05;;0.30;
2026.01.09 12:10:15;Buy;0.01;GBPCAD;1.86044;;;2026.01.09 14:12:43;1.86023;-0.05;;-0.15;
2026.01.09 12:10:14;Buy;0.01;GBPCHF;1.07300;;;2026.01.09 14:12:43;1.07266;-0.05;;-0.42;
2026.01.09 12:10:16;Buy;0.01;AUDCHF;0.53468;;;2026.01.09 14:12:42;0.53427;-0.05;;-0.51;
2026.01.09 12:10:16;Buy;0.01;AUDJPY;105.381;;;2026.01.09 14:12:42;105.283;-0.05;;-0.62;
2026.01.09 12:10:16;Buy;0.01;CADCHF;0.57682;;;2026.01.09 14:12:42;0.57655;-0.05;;-0.34;
2026.01.09 12:10:17;Buy;0.01;NZDCHF;0.45850;;;2026.01.09 14:12:41;0.45803;-0.05;;-0.59;
2026.01.09 12:10:17;Buy;0.01;NZDJPY;90.367;;;2026.01.09 14:12:41;90.258;-0.05;;-0.69;
2026.01.08 11:31:50;Sell;0.01;AUDCHF;0.53424;;;2026.01.08 15:07:36;0.53420;-0.05;;0.05;
2026.01.08 11:31:49;Sell;0.01;AUDJPY;104.888;;;2026.01.08 15:07:35;104.967;-0.05;;-0.51;
2026.01.08 11:31:49;Sell;0.01;CADCHF;0.57482;;;2026.01.08 15:07:35;0.57560;-0.05;;-0.98;
2026.01.08 11:31:47;Buy;0.01;EURAUD;1.74400;;;2026.01.08 15:07:35;1.74301;-0.05;;-0.66;
2026.01.08 11:31:46;Sell;0.01;EURCHF;0.93167;;;2026.01.08 15:07:35;0.93124;-0.05;;0.54;
2026.01.08 11:31:48;Sell;0.01;GBPCAD;1.86559;;;2026.01.08 15:07:34;1.86255;-0.05;;2.20;
2026.01.08 11:31:47;Sell;0.01;GBPCHF;1.07256;;;2026.01.08 15:07:34;1.07200;-0.05;;0.70;
2026.01.08 11:31:45;Buy;0.01;EURUSD;1.16733;;;2026.01.08 15:07:34;1.16744;-0.05;;0.11;
2026.01.08 11:31:50;Sell;0.01;NZDCHF;0.45837;;;2026.01.08 15:07:33;0.45852;-0.05;;-0.19;
2026.01.08 11:31:48;Sell;0.01;GBPNZD;2.33927;;;2026.01.08 15:07:33;2.33836;-0.05;;0.52;
2026.01.08 11:31:47;Sell;0.01;GBPJPY;210.582;;;2026.01.08 15:07:33;210.606;-0.05;;-0.15;
2026.01.08 11:31:50;Sell;0.01;NZDJPY;90.016;;;2026.01.08 15:07:32;90.077;-0.05;;-0.39;
2026.01.08 11:31:46;Buy;0.01;NZDUSD;0.57439;;;2026.01.08 15:07:32;0.57473;-0.05;;0.34;
2026.01.08 11:31:45;Sell;0.01;USDCAD;1.38854;;;2026.01.08 15:07:32;1.38607;-0.05;;1.78;
2026.01.08 11:31:45;Sell;0.01;USDCHF;0.79813;;;2026.01.08 15:07:31;0.79768;-0.05;;0.56;
2026.01.08 11:31:45;Sell;0.01;USDJPY;156.707;;;2026.01.08 15:07:31;156.720;-0.05;;-0.08;
2026.01.07 11:15:04;Sell;0.01;EURUSD;1.16836;;;2026.01.07 15:03:46;1.16875;-0.05;;-0.39;
2026.01.07 11:15:05;Buy;0.01;USDCAD;1.38179;;;2026.01.07 15:03:45;1.38057;-0.05;;-0.88;
2026.01.07 11:15:05;Buy;0.01;USDCHF;0.79593;;;2026.01.07 15:03:45;0.79586;-0.05;;-0.09;
2026.01.07 11:15:05;Buy;0.01;USDJPY;156.535;;;2026.01.07 15:03:45;156.501;-0.05;;-0.22;
2026.01.07 11:15:06;Buy;0.01;EURCHF;0.92988;;;2026.01.07 15:03:44;0.93007;-0.05;;0.23;
2026.01.07 11:15:06;Sell;0.01;NZDUSD;0.57857;;;2026.01.07 15:03:44;0.57880;-0.05;;-0.23;
2026.01.07 11:15:07;Buy;0.01;GBPCHF;1.07363;;;2026.01.07 15:03:43;1.07360;-0.05;;-0.04;
2026.01.07 11:15:07;Buy;0.01;GBPJPY;211.137;;;2026.01.07 15:03:43;211.101;-0.05;;-0.23;
2026.01.07 11:15:06;Sell;0.01;EURAUD;1.73407;;;2026.01.07 15:03:43;1.73578;-0.05;;-1.15;
2026.01.07 11:15:08;Buy;0.01;CADCHF;0.57609;;;2026.01.07 15:03:42;0.57645;-0.05;;0.45;
2026.01.07 11:15:08;Buy;0.01;GBPNZD;2.33146;;;2026.01.07 15:03:42;2.33081;-0.05;;-0.38;
2026.01.07 11:15:07;Buy;0.01;GBPCAD;1.86384;;;2026.01.07 15:03:42;1.86234;-0.05;;-1.09;
2026.01.07 11:15:09;Buy;0.01;NZDJPY;90.581;;;2026.01.07 15:03:41;90.560;-0.05;;-0.14;
2026.01.07 11:15:09;Buy;0.01;AUDCHF;0.53626;;;2026.01.07 15:03:41;0.53578;-0.05;;-0.60;
2026.01.07 11:15:09;Buy;0.01;AUDJPY;105.449;;;2026.01.07 15:03:41;105.368;-0.05;;-0.52;
2026.01.07 11:15:10;Buy;0.01;NZDCHF;0.46055;;;2026.01.07 15:03:40;0.46057;-0.05;;0.02;
2026.01.03 10:43:27;Balance;;;;;;;;;;36.25;
2025.12.23 11:12:25;Sell;0.01;USDCHF;0.78828;;;2025.12.23 15:00:50;0.78744;-0.05;;1.07;
2025.12.23 11:12:25;Buy;0.01;EURUSD;1.17873;;;2025.12.23 15:00:50;1.17903;-0.05;;0.30;
2025.12.23 11:12:27;Sell;0.01;EURCHF;0.92912;;;2025.12.23 15:00:49;0.92838;-0.05;;0.94;
2025.12.23 11:12:26;Buy;0.01;NZDUSD;0.58354;;;2025.12.23 15:00:49;0.58395;-0.05;;0.41;
2025.12.23 11:12:26;Sell;0.01;USDCAD;1.37113;;;2025.12.23 15:00:49;1.37012;-0.05;;0.74;
2025.12.23 11:12:28;Sell;0.01;GBPCHF;1.06519;;;2025.12.23 15:00:48;1.06336;-0.05;;2.32;
2025.12.23 11:12:27;Sell;0.01;GBPJPY;210.460;;;2025.12.23 15:00:48;210.648;-0.05;;-1.20;
2025.12.23 11:12:27;Buy;0.01;EURAUD;1.76203;;;2025.12.23 15:00:48;1.76119;-0.05;;-0.57;
2025.12.23 11:12:29;Sell;0.01;AUDJPY;104.178;;;2025.12.23 15:00:47;104.433;-0.05;;-1.63;
2025.12.23 11:12:29;Sell;0.01;CADCHF;0.57501;;;2025.12.23 15:00:47;0.57490;-0.05;;0.14;
2025.12.23 11:12:28;Sell;0.01;GBPNZD;2.31545;;;2025.12.23 15:00:47;2.31236;-0.05;;1.80;
2025.12.23 11:12:28;Sell;0.01;GBPCAD;1.85225;;;2025.12.23 15:00:47;1.84971;-0.05;;1.86;
2025.12.23 11:12:30;Sell;0.01;NZDJPY;90.859;;;2025.12.23 15:00:46;91.108;-0.05;;-1.60;
2025.12.23 11:12:30;Sell;0.01;AUDCAD;0.91687;;;2025.12.23 15:00:46;0.91715;-0.05;;-0.21;
2025.12.23 11:12:30;Sell;0.01;AUDCHF;0.52734;;;2025.12.23 15:00:46;0.52715;-0.05;;0.24;
2025.12.23 11:12:31;Sell;0.01;NZDCHF;0.45993;;;2025.12.23 15:00:45;0.45989;-0.05;;0.05;
2025.12.19 10:03:15;Buy;0.01;USDCAD;1.37937;;;2025.12.19 14:06:46;1.37959;-0.05;;0.16;
2025.12.19 10:03:15;Buy;0.01;USDCHF;0.79584;;;2025.12.19 14:06:46;0.79568;-0.05;;-0.20;
2025.12.19 10:03:14;Buy;0.01;USDJPY;156.869;;;2025.12.19 14:06:46;157.305;-0.05;;2.77;
2025.12.19 10:03:14;Sell;0.01;EURUSD;1.17070;;;2025.12.19 14:06:46;1.17124;-0.05;;-0.54;
2025.12.19 10:03:16;Sell;0.01;EURAUD;1.77277;;;2025.12.19 14:06:45;1.77331;-0.05;;-0.35;
2025.12.19 10:03:16;Buy;0.01;EURCHF;0.93175;;;2025.12.19 14:06:45;0.93189;-0.05;;0.18;
2025.12.19 10:03:15;Sell;0.01;NZDUSD;0.57460;;;2025.12.19 14:06:45;0.57448;-0.05;;0.12;
2025.12.19 10:03:17;Buy;0.01;GBPCAD;1.84415;;;2025.12.19 14:06:44;1.84480;-0.05;;0.47;
2025.12.19 10:03:17;Buy;0.01;GBPCHF;1.06402;;;2025.12.19 14:06:44;1.06405;-0.05;;0.03;
2025.12.19 10:03:16;Buy;0.01;GBPJPY;209.699;;;2025.12.19 14:06:44;210.368;-0.05;;4.25;
2025.12.19 10:03:18;Buy;0.01;AUDJPY;103.587;;;2025.12.19 14:06:43;103.902;-0.05;;2.01;
2025.12.19 10:03:18;Buy;0.01;CADCHF;0.57702;;;2025.12.19 14:06:43;0.57671;-0.05;;-0.39;
2025.12.19 10:03:18;Buy;0.01;GBPNZD;2.32692;;;2025.12.19 14:06:43;2.32765;-0.05;;0.42;
2025.12.19 10:03:19;Buy;0.01;AUDNZD;1.14927;;;2025.12.19 14:06:42;1.14963;-0.05;;0.21;
2025.12.19 10:03:19;Buy;0.01;AUDCAD;0.91078;;;2025.12.19 14:06:42;0.91114;-0.05;;0.26;
2025.12.19 10:03:19;Buy;0.01;AUDCHF;0.52557;;;2025.12.19 14:06:42;0.52548;-0.05;;-0.11;
2025.12.19 10:03:20;Buy;0.01;NZDCHF;0.45743;;;2025.12.19 14:06:41;0.45704;-0.05;;-0.49;
2025.12.19 10:03:20;Buy;0.01;NZDJPY;90.151;;;2025.12.19 14:06:41;90.351;-0.05;;1.27;
2025.12.16 15:00:49;Sell;0.01;USDCAD;1.37596;;;2025.12.16 16:07:59;1.37481;-0.05;;0.84;
2025.12.16 15:00:49;Sell;0.01;USDCHF;0.79396;;;2025.12.16 16:07:59;0.79481;-0.05;;-1.07;
2025.12.16 15:00:49;Sell;0.01;USDJPY;154.618;;;2025.12.16 16:07:59;154.792;-0.05;;-1.12;
2025.12.16 15:00:48;Buy;0.01;EURUSD;1.17768;;;2025.12.16 16:07:59;1.17760;-0.05;;-0.08;
2025.12.16 15:00:50;Buy;0.01;EURAUD;1.77417;;;2025.12.16 16:07:58;1.77179;-0.05;;-1.58;
2025.12.16 15:00:50;Sell;0.01;EURCHF;0.93504;;;2025.12.16 16:07:58;0.93598;-0.05;;-1.18;
2025.12.16 15:00:50;Buy;0.01;NZDUSD;0.57856;;;2025.12.16 16:07:58;0.57913;-0.05;;0.57;
2025.12.16 15:00:52;Sell;0.01;GBPCAD;1.84861;;;2025.12.16 16:07:57;1.84527;-0.05;;2.43;
2025.12.16 15:00:51;Sell;0.01;GBPCHF;1.06681;;;2025.12.16 16:07:57;1.06675;-0.05;;0.08;
2025.12.16 15:00:51;Sell;0.01;GBPJPY;207.743;;;2025.12.16 16:07:57;207.742;-0.05;;0.00;
2025.12.16 15:00:53;Sell;0.01;AUDCHF;0.52706;;;2025.12.16 16:07:56;0.52830;-0.05;;-1.56;
2025.12.16 15:00:53;Sell;0.01;AUDJPY;102.636;;;2025.12.16 16:07:56;102.871;-0.05;;-1.52;
2025.12.16 15:00:52;Sell;0.01;CADCHF;0.57702;;;2025.12.16 16:07:56;0.57816;-0.05;;-1.44;
2025.12.16 15:00:52;Sell;0.01;GBPNZD;2.32214;;;2025.12.16 16:07:56;2.31770;-0.05;;2.57;
2025.12.16 15:00:54;Sell;0.01;NZDJPY;89.458;;;2025.12.16 16:07:55;89.660;-0.05;;-1.30;
2025.12.16 15:00:54;Sell;0.01;AUDNZD;1.14740;;;2025.12.16 16:07:55;1.14771;-0.05;;-0.18;
2025.12.16 15:00:53;Sell;0.01;AUDCAD;0.91339;;;2025.12.16 16:07:55;0.91377;-0.05;;-0.27;
2025.12.16 15:00:55;Sell;0.01;NZDCHF;0.45931;;;2025.12.16 16:07:54;0.46036;-0.05;;-1.32;
2025.12.15 11:11:00;Sell;0.01;USDJPY;155.019;;;2025.12.15 12:18:10;155.049;-0.05;;-0.19;
2025.12.15 11:11:00;Buy;0.01;EURUSD;1.17389;;;2025.12.15 12:18:10;1.17418;-0.05;;0.29;
2025.12.15 11:11:01;Buy;0.01;NZDUSD;0.57810;;;2025.12.15 12:18:09;0.57836;-0.05;;0.26;
2025.12.15 11:11:01;Sell;0.01;USDCAD;1.37586;;;2025.12.15 12:18:09;1.37693;-0.05;;-0.78;
2025.12.15 11:11:01;Sell;0.01;USDCHF;0.79679;;;2025.12.15 12:18:09;0.79597;-0.05;;1.03;
2025.12.15 11:11:03;Sell;0.01;GBPJPY;207.361;;;2025.12.15 12:18:08;207.503;-0.05;;-0.92;
2025.12.15 11:11:02;Buy;0.01;EURAUD;1.76582;;;2025.12.15 12:18:08;1.76661;-0.05;;0.53;
2025.12.15 11:11:02;Sell;0.01;EURCHF;0.93524;;;2025.12.15 12:18:08;0.93468;-0.05;;0.70;
2025.12.15 11:11:04;Sell;0.01;GBPNZD;2.31345;;;2025.12.15 12:18:07;2.31378;-0.05;;-0.19;
2025.12.15 11:11:03;Sell;0.01;GBPCAD;1.84019;;;2025.12.15 12:18:07;1.84257;-0.05;;-1.73;
2025.12.15 11:11:03;Sell;0.01;GBPCHF;1.06578;;;2025.12.15 12:18:07;1.06530;-0.05;;0.61;
2025.12.15 11:11:05;Sell;0.01;AUDCAD;0.91463;;;2025.12.15 12:18:06;0.91527;-0.05;;-0.47;
2025.12.15 11:11:05;Sell;0.01;AUDCHF;0.52978;;;2025.12.15 12:18:06;0.52917;-0.05;;0.77;
2025.12.15 11:11:04;Sell;0.01;AUDJPY;103.064;;;2025.12.15 12:18:06;103.062;-0.05;;0.01;
2025.12.15 11:11:04;Sell;0.01;CADCHF;0.57909;;;2025.12.15 12:18:06;0.57817;-0.05;;1.16;
2025.12.15 11:11:06;Sell;0.01;NZDCHF;0.46058;;;2025.12.15 12:18:05;0.46044;-0.05;;0.18;
2025.12.15 11:11:06;Sell;0.01;NZDJPY;89.617;;;2025.12.15 12:18:05;89.680;-0.05;;-0.41;
2025.12.15 11:11:05;Sell;0.01;AUDNZD;1.14986;;;2025.12.15 12:18:05;1.14939;-0.05;;0.27;
2025.12.12 15:15:35;Sell;0.01;EURUSD;1.17295;;;2025.12.12 17:09:02;1.17433;-0.05;;-1.38;
2025.12.12 15:15:36;Buy;0.01;USDCAD;1.37586;;;2025.12.12 17:09:01;1.37604;-0.05;;0.13;
2025.12.12 15:15:36;Buy;0.01;USDCHF;0.79558;;;2025.12.12 17:09:01;0.79458;-0.05;;-1.26;
2025.12.12 15:15:36;Buy;0.01;USDJPY;155.992;;;2025.12.12 17:09:01;155.836;-0.05;;-1.00;
2025.12.12 15:15:37;Sell;0.01;EURAUD;1.75940;;;2025.12.12 17:09:00;1.76398;-0.05;;-3.05;
2025.12.12 15:15:37;Buy;0.01;EURCHF;0.93321;;;2025.12.12 17:09:00;0.93311;-0.05;;-0.13;
2025.12.12 15:15:37;Sell;0.01;NZDUSD;0.58091;;;2025.12.12 17:09:00;0.58077;-0.05;;0.14;
2025.12.12 15:15:39;Buy;0.01;GBPNZD;2.30330;;;2025.12.12 17:08:59;2.30345;-0.05;;0.09;
2025.12.12 15:15:38;Buy;0.01;GBPCAD;1.84078;;;2025.12.12 17:08:59;1.84065;-0.05;;-0.10;
2025.12.12 15:15:38;Buy;0.01;GBPCHF;1.06443;;;2025.12.12 17:08:59;1.06285;-0.05;;-1.99;
2025.12.12 15:15:38;Buy;0.01;GBPJPY;208.703;;;2025.12.12 17:08:59;208.454;-0.05;;-1.60;
2025.12.12 15:15:40;Buy;0.01;AUDCHF;0.53042;;;2025.12.12 17:08:58;0.52898;-0.05;;-1.81;
2025.12.12 15:15:40;Buy;0.01;AUDJPY;103.988;;;2025.12.12 17:08:58;103.744;-0.05;;-1.56;
2025.12.12 15:15:39;Buy;0.01;CADCHF;0.57831;;;2025.12.12 17:08:58;0.57740;-0.05;;-1.15;
2025.12.12 15:15:41;Buy;0.01;NZDJPY;90.634;;;2025.12.12 17:08:57;90.499;-0.05;;-0.87;
2025.12.12 15:15:41;Buy;0.01;AUDNZD;1.14743;;;2025.12.12 17:08:57;1.14635;-0.05;;-0.63;
2025.12.12 15:15:40;Buy;0.01;AUDCAD;0.91720;;;2025.12.12 17:08:57;0.91603;-0.05;;-0.85;
2025.12.12 15:15:41;Buy;0.01;NZDCHF;0.46222;;;2025.12.12 17:08:56;0.46137;-0.05;;-1.07;
2025.12.10 16:07:26;Sell;0.01;USDJPY;156.565;;;2025.12.12 10:49:09;155.766;-0.05;-0.64;5.13;
2025.12.10 16:07:26;Buy;0.01;EURUSD;1.16385;;;2025.12.12 10:49:09;1.17341;-0.05;-0.37;9.56;
2025.12.10 16:07:27;Sell;0.01;USDCAD;1.38493;;;2025.12.12 10:49:08;1.37569;-0.05;-0.31;6.72;
2025.12.10 16:07:26;Sell;0.01;USDCHF;0.80329;;;2025.12.12 10:49:08;0.79515;-0.05;-0.71;10.24;
2025.12.10 16:07:28;Buy;0.01;EURAUD;1.75313;;;2025.12.12 10:49:07;1.75755;-0.05;-0.40;2.95;
2025.12.10 16:07:28;Sell;0.01;EURCHF;0.93492;;;2025.12.12 10:49:07;0.93317;-0.05;-0.48;2.20;
2025.12.10 16:07:28;Buy;0.01;NZDUSD;0.57797;;;2025.12.12 10:49:07;0.58178;-0.05;-0.17;3.81;
2025.12.10 16:07:29;Sell;0.01;GBPCHF;1.07069;;;2025.12.12 10:49:06;1.06421;-0.05;-0.88;8.15;
2025.12.10 16:07:29;Sell;0.01;GBPJPY;208.681;;;2025.12.12 10:49:06;208.490;-0.05;-0.91;1.22;
2025.12.10 16:07:30;Sell;0.01;GBPNZD;2.30587;;;2025.12.12 10:49:05;2.30002;-0.05;-0.45;3.41;
2025.12.10 16:07:30;Sell;0.01;GBPCAD;1.84575;;;2025.12.12 10:49:05;1.84100;-0.05;-0.49;3.45;
2025.12.10 16:07:30;Sell;0.01;CADCHF;0.57999;;;2025.12.12 10:49:04;0.57808;-0.05;-0.32;2.40;
2025.12.10 16:07:31;Sell;0.01;AUDCAD;0.91939;;;2025.12.12 10:49:03;0.91837;-0.05;-0.21;0.74;
2025.12.10 16:07:31;Sell;0.01;AUDCHF;0.53331;;;2025.12.12 10:49:03;0.53089;-0.05;-0.42;3.05;
2025.12.10 16:07:31;Sell;0.01;AUDJPY;103.948;;;2025.12.12 10:49:03;103.989;-0.05;-0.37;-0.26;
2025.12.10 16:07:33;Sell;0.01;NZDCHF;0.46420;;;2025.12.12 10:49:02;0.46268;-0.05;-0.25;1.91;
2025.12.10 16:07:32;Sell;0.01;NZDJPY;90.477;;;2025.12.12 10:49:02;90.644;-0.05;-0.21;-1.07;
2025.12.10 16:07:32;Sell;0.01;AUDNZD;1.14871;;;2025.12.12 10:49:02;1.14755;-0.05;-0.21;0.67;
2025.12.12 09:32:31;Sell;0.01;USDJPY;155.617;;;2025.12.12 10:49:01;155.777;-0.05;;-1.03;
2025.12.12 09:32:31;Buy;0.01;EURUSD;1.17417;;;2025.12.12 10:49:01;1.17337;-0.05;;-0.80;
2025.12.12 09:32:32;Sell;0.01;EURCHF;0.93293;;;2025.12.12 10:49:00;0.93313;-0.05;;-0.25;
2025.12.12 09:32:32;Buy;0.01;NZDUSD;0.58123;;;2025.12.12 10:49:00;0.58176;-0.05;;0.53;
2025.12.12 09:32:32;Sell;0.01;USDCAD;1.37681;;;2025.12.12 10:49:00;1.37572;-0.05;;0.79;
2025.12.12 09:32:31;Sell;0.01;USDCHF;0.79458;;;2025.12.12 10:49:00;0.79518;-0.05;;-0.75;
2025.12.12 09:32:33;Sell;0.01;GBPCHF;1.06391;;;2025.12.12 10:48:59;1.06413;-0.05;;-0.28;
2025.12.12 09:32:33;Sell;0.01;GBPJPY;208.373;;;2025.12.12 10:48:59;208.473;-0.05;;-0.64;
2025.12.12 09:32:33;Buy;0.01;EURAUD;1.76157;;;2025.12.12 10:48:59;1.75784;-0.05;;-2.49;
2025.12.12 09:32:34;Sell;0.01;GBPNZD;2.30373;;;2025.12.12 10:48:58;2.30021;-0.05;;2.04;
2025.12.12 09:32:34;Sell;0.01;GBPCAD;1.84348;;;2025.12.12 10:48:58;1.84088;-0.05;;1.89;
2025.12.12 09:32:35;Sell;0.01;AUDCAD;0.91763;;;2025.12.12 10:48:57;0.91820;-0.05;;-0.42;
2025.12.12 09:32:35;Sell;0.01;AUDCHF;0.52958;;;2025.12.12 10:48:57;0.53073;-0.05;;-1.45;
2025.12.12 09:32:35;Sell;0.01;AUDJPY;103.732;;;2025.12.12 10:48:57;103.984;-0.05;;-1.62;
2025.12.12 09:32:34;Sell;0.01;CADCHF;0.57709;;;2025.12.12 10:48:57;0.57806;-0.05;;-1.22;
2025.12.12 09:32:36;Sell;0.01;NZDCHF;0.46177;;;2025.12.12 10:48:56;0.46265;-0.05;;-1.10;
2025.12.12 09:32:36;Sell;0.01;NZDJPY;90.450;;;2025.12.12 10:48:56;90.640;-0.05;;-1.22;
2025.12.12 09:32:36;Sell;0.01;AUDNZD;1.14670;;;2025.12.12 10:48:56;1.14732;-0.05;;-0.36;
2025.12.10 12:05:25;Buy;0.01;BITCOIN;93 012.88;;;2025.12.11 16:50:18;89 708.21;-0.56;-0.31;-33.05;
2025.12.06 12:54:02;Balance;;;;;;;;;;121.45;
2025.12.02 12:03:06;Buy;0.01;EURUSD;1.16075;;;2025.12.02 14:56:45;1.16173;-0.05;;0.98;
2025.12.02 12:03:07;Sell;0.01;USDCAD;1.40076;;;2025.12.02 14:56:44;1.40042;-0.05;;0.24;
2025.12.02 12:03:06;Sell;0.01;USDCHF;0.80427;;;2025.12.02 14:56:44;0.80442;-0.05;;-0.19;
2025.12.02 12:03:06;Sell;0.01;USDJPY;155.985;;;2025.12.02 14:56:44;156.011;-0.05;;-0.17;
2025.12.02 12:03:07;Sell;0.01;EURCHF;0.93354;;;2025.12.02 14:56:43;0.93459;-0.05;;-1.31;
2025.12.02 12:03:07;Buy;0.01;NZDUSD;0.57175;;;2025.12.02 14:56:43;0.57225;-0.05;;0.50;
2025.12.02 12:03:08;Sell;0.01;GBPCHF;1.06192;;;2025.12.02 14:56:42;1.06248;-0.05;;-0.69;
2025.12.02 12:03:08;Sell;0.01;GBPJPY;205.950;;;2025.12.02 14:56:42;206.055;-0.05;;-0.68;
2025.12.02 12:03:08;Buy;0.01;EURAUD;1.77290;;;2025.12.02 14:56:42;1.77235;-0.05;;-0.36;
2025.12.02 12:03:10;Sell;0.01;AUDJPY;102.130;;;2025.12.02 14:56:41;102.252;-0.05;;-0.79;
2025.12.02 12:03:09;Sell;0.01;CADCHF;0.57415;;;2025.12.02 14:56:41;0.57449;-0.05;;-0.43;
2025.12.02 12:03:09;Sell;0.01;GBPNZD;2.30942;;;2025.12.02 14:56:41;2.30793;-0.05;;0.85;
2025.12.02 12:03:09;Sell;0.01;GBPCAD;1.84943;;;2025.12.02 14:56:41;1.84951;-0.05;;-0.06;
2025.12.02 12:03:11;Sell;0.01;AUDNZD;1.14517;;;2025.12.02 14:56:40;1.14534;-0.05;;-0.09;
2025.12.02 12:03:11;Sell;0.01;AUDCAD;0.91707;;;2025.12.02 14:56:40;0.91791;-0.05;;-0.60;
2025.12.02 12:03:10;Sell;0.01;AUDCHF;0.52661;;;2025.12.02 14:56:40;0.52726;-0.05;;-0.80;
2025.12.02 12:03:12;Sell;0.01;NZDCHF;0.45979;;;2025.12.02 14:56:39;0.46041;-0.05;;-0.77;
2025.12.02 12:03:12;Sell;0.01;NZDJPY;89.174;;;2025.12.02 14:56:39;89.287;-0.05;;-0.72;
2025.12.01 10:56:13;Buy;0.01;EURUSD;1.16120;;;2025.12.01 18:33:46;1.16256;-0.05;;1.36;
2025.12.01 10:56:14;Sell;0.01;USDCHF;0.80311;;;2025.12.01 18:33:45;0.80298;-0.05;;0.16;
2025.12.01 10:56:14;Sell;0.01;USDJPY;155.547;;;2025.12.01 18:33:45;155.288;-0.05;;1.67;
2025.12.01 10:56:15;Sell;0.01;EURCHF;0.93250;;;2025.12.01 18:33:44;0.93353;-0.05;;-1.28;
2025.12.01 10:56:15;Buy;0.01;NZDUSD;0.57351;;;2025.12.01 18:33:44;0.57356;-0.05;;0.05;
2025.12.01 10:56:14;Sell;0.01;USDCAD;1.39849;;;2025.12.01 18:33:44;1.39807;-0.05;;0.30;
2025.12.01 10:56:16;Sell;0.01;GBPCHF;1.06115;;;2025.12.01 18:33:43;1.06233;-0.05;;-1.47;
2025.12.01 10:56:16;Sell;0.01;GBPJPY;205.536;;;2025.12.01 18:33:43;205.436;-0.05;;0.65;
2025.12.01 10:56:16;Buy;0.01;EURAUD;1.77324;;;2025.12.01 18:33:43;1.77435;-0.05;;0.72;
2025.12.01 10:56:19;Sell;0.01;AUDJPY;101.862;;;2025.12.01 18:33:42;101.737;-0.05;;0.80;
2025.12.01 10:56:18;Sell;0.01;CADCHF;0.57422;;;2025.12.01 18:33:42;0.57442;-0.05;;-0.25;
2025.12.01 10:56:17;Sell;0.01;GBPNZD;2.30374;;;2025.12.01 18:33:42;2.30673;-0.05;;-1.72;
2025.12.01 10:56:17;Sell;0.01;GBPCAD;1.84792;;;2025.12.01 18:33:42;1.84955;-0.05;;-1.17;
2025.12.01 10:56:20;Sell;0.01;AUDNZD;1.14183;;;2025.12.01 18:33:41;1.14222;-0.05;;-0.22;
2025.12.01 10:56:19;Sell;0.01;AUDCAD;0.91571;;;2025.12.01 18:33:41;0.91589;-0.05;;-0.12;
2025.12.01 10:56:19;Sell;0.01;AUDCHF;0.52590;;;2025.12.01 18:33:41;0.52608;-0.05;;-0.22;
2025.12.01 10:56:21;Sell;0.01;NZDCHF;0.46048;;;2025.12.01 18:33:40;0.46062;-0.05;;-0.18;
2025.12.01 10:56:20;Sell;0.01;NZDJPY;89.195;;;2025.12.01 18:33:40;89.076;-0.05;;0.77;
2025.11.26 15:02:36;Sell;0.01;EURUSD;1.15729;;;2025.11.26 17:03:06;1.15851;-0.05;;-1.22;
2025.11.26 15:02:36;Buy;0.01;USDCHF;0.80710;;;2025.11.26 17:03:05;0.80666;-0.05;;-0.55;
2025.11.26 15:02:36;Buy;0.01;USDJPY;156.515;;;2025.11.26 17:03:05;156.606;-0.05;;0.58;
2025.11.26 15:02:38;Sell;0.01;EURAUD;1.78177;;;2025.11.26 17:03:04;1.78316;-0.05;;-0.91;
2025.11.26 15:02:37;Buy;0.01;EURCHF;0.93409;;;2025.11.26 17:03:04;0.93451;-0.05;;0.52;
2025.11.26 15:02:37;Sell;0.01;NZDUSD;0.56718;;;2025.11.26 17:03:04;0.56782;-0.05;;-0.64;
2025.11.26 15:02:39;Buy;0.01;GBPCAD;1.85706;;;2025.11.26 17:03:03;1.85984;-0.05;;1.97;
2025.11.26 15:02:38;Buy;0.01;GBPCHF;1.06377;;;2025.11.26 17:03:03;1.06530;-0.05;;1.90;
2025.11.26 15:02:38;Buy;0.01;GBPJPY;206.287;;;2025.11.26 17:03:03;206.813;-0.05;;3.36;
2025.11.26 15:02:40;Buy;0.01;AUDJPY;101.653;;;2025.11.26 17:03:02;101.739;-0.05;;0.55;
2025.11.26 15:02:39;Buy;0.01;CADCHF;0.57284;;;2025.11.26 17:03:02;0.57277;-0.05;;-0.09;
2025.11.26 15:02:39;Buy;0.01;GBPNZD;2.32400;;;2025.11.26 17:03:02;2.32595;-0.05;;1.10;
2025.11.26 15:02:41;Buy;0.01;AUDNZD;1.14511;;;2025.11.26 17:03:01;1.14409;-0.05;;-0.57;
2025.11.26 15:02:40;Buy;0.01;AUDCAD;0.91509;;;2025.11.26 17:03:01;0.91480;-0.05;;-0.20;
2025.11.26 15:02:40;Buy;0.01;AUDCHF;0.52423;;;2025.11.26 17:03:01;0.52402;-0.05;;-0.26;
2025.11.26 15:02:41;Buy;0.01;NZDCHF;0.45785;;;2025.11.26 17:03:00;0.45795;-0.05;;0.13;
2025.11.26 15:02:41;Buy;0.01;NZDJPY;88.783;;;2025.11.26 17:03:00;88.912;-0.05;;0.83;
2025.11.25 17:06:51;Sell;0.01;USDCAD;1.41055;;;2025.11.25 18:46:15;1.41140;-0.05;;-0.60;
2025.11.25 17:07:57;Sell;0.01;USDJPY;155.982;;;2025.11.25 18:46:14;156.240;-0.05;;-1.65;
2025.11.25 17:07:48;Buy;0.01;EURUSD;1.15706;;;2025.11.25 18:46:14;1.15571;-0.05;;-1.35;
2025.11.25 17:08:53;Sell;0.01;EURCHF;0.93365;;;2025.11.25 18:46:13;0.93486;-0.05;;-1.50;
2025.11.25 17:08:41;Sell;0.01;EURJPY;180.511;;;2025.11.25 18:46:13;180.576;-0.05;;-0.42;
2025.11.25 17:08:17;Buy;0.01;EURGBP;0.87782;;;2025.11.25 18:46:13;0.87716;-0.05;;-0.87;
2025.11.25 17:08:08;Sell;0.01;USDCHF;0.80688;;;2025.11.25 18:46:13;0.80888;-0.05;;-2.47;
2025.11.25 17:09:31;Sell;0.01;GBPJPY;205.613;;;2025.11.25 18:46:12;205.861;-0.05;;-1.58;
2025.11.25 17:09:16;Buy;0.01;EURNZD;2.06380;;;2025.11.25 18:46:12;2.06096;-0.05;;-1.59;
2025.11.25 17:09:06;Buy;0.01;EURCAD;1.63186;;;2025.11.25 18:46:12;1.63087;-0.05;;-0.70;
2025.11.25 17:10:09;Sell;0.01;CADJPY;110.632;;;2025.11.25 18:46:11;110.713;-0.05;;-0.52;
2025.11.25 17:09:56;Sell;0.01;CHFJPY;193.303;;;2025.11.25 18:46:11;193.170;-0.05;;0.85;
2025.11.25 17:09:40;Sell;0.01;GBPCHF;1.06348;;;2025.11.25 18:46:11;1.06578;-0.05;;-2.84;
2025.11.25 17:11:02;Buy;0.01;AUDNZD;1.15093;;;2025.11.25 18:46:10;1.15006;-0.05;;-0.48;
2025.11.25 17:10:49;Sell;0.01;AUDCHF;0.52078;;;2025.11.25 18:46:10;0.52169;-0.05;;-1.12;
2025.11.25 17:10:40;Sell;0.01;AUDJPY;100.686;;;2025.11.25 18:46:10;100.764;-0.05;;-0.50;
2025.11.25 17:10:23;Sell;0.01;CADCHF;0.57222;;;2025.11.25 18:46:10;0.57320;-0.05;;-1.21;
2025.11.25 17:11:35;Sell;0.01;NZDCHF;0.45217;;;2025.11.25 18:46:09;0.45359;-0.05;;-1.75;
2025.11.25 17:11:23;Sell;0.01;NZDJPY;87.421;;;2025.11.25 18:46:09;87.609;-0.05;;-1.20;
2025.11.21 09:02:33;Sell;0.01;AUDCAD;0.90860;;;2025.11.24 13:42:00;0.90976;-0.05;-0.05;-0.82;
2025.11.21 09:02:33;Sell;0.01;AUDCHF;0.51880;;;2025.11.24 13:41:59;0.52042;-0.05;-0.09;-2.01;
2025.11.21 09:02:32;Sell;0.01;AUDJPY;101.352;;;2025.11.24 13:41:59;101.081;-0.05;;1.73;
2025.11.21 09:02:32;Sell;0.01;CADCHF;0.57096;;;2025.11.24 13:41:58;0.57207;-0.05;-0.07;-1.38;
2025.11.21 09:02:30;Buy;0.01;EURAUD;1.78963;;;2025.11.24 13:41:58;1.78970;-0.05;-0.09;0.04;
2025.11.21 09:02:29;Sell;0.01;EURCHF;0.92834;;;2025.11.24 13:41:58;0.93138;-0.05;-0.11;-3.76;
2025.11.21 09:02:31;Sell;0.01;GBPCAD;1.84216;;;2025.11.24 13:41:57;1.84717;-0.05;-0.12;-3.55;
2025.11.21 09:02:31;Sell;0.01;GBPCHF;1.05187;;;2025.11.24 13:41:57;1.05665;-0.05;-0.21;-5.92;
2025.11.21 09:02:29;Buy;0.01;EURGBP;0.88260;;;2025.11.24 13:41:57;0.88139;-0.05;-0.13;-1.58;
2025.11.21 09:02:27;Buy;0.01;EURUSD;1.15404;;;2025.11.24 13:41:57;1.15396;-0.05;-0.09;-0.08;
2025.11.21 09:02:34;Sell;0.01;NZDCHF;0.45050;;;2025.11.24 13:41:56;0.45262;-0.05;-0.06;-2.63;
2025.11.21 09:02:31;Sell;0.01;GBPNZD;2.33449;;;2025.11.24 13:41:56;2.33479;-0.05;-0.10;-0.17;
2025.11.21 09:02:30;Sell;0.01;GBPJPY;205.486;;;2025.11.24 13:41:56;205.235;-0.05;;1.60;
2025.11.21 09:02:33;Sell;0.01;NZDJPY;88.013;;;2025.11.24 13:41:55;87.915;-0.05;;0.63;
2025.11.21 09:02:29;Buy;0.01;NZDUSD;0.56004;;;2025.11.24 13:41:55;0.56070;-0.05;-0.04;0.66;
2025.11.21 09:02:28;Sell;0.01;USDCAD;1.40909;;;2025.11.24 13:41:55;1.41105;-0.05;-0.07;-1.39;
2025.11.21 09:02:28;Sell;0.01;USDCHF;0.80453;;;2025.11.24 13:41:54;0.80713;-0.05;-0.15;-3.22;
2025.11.21 09:02:27;Sell;0.01;USDJPY;157.174;;;2025.11.24 13:41:54;156.772;-0.05;;2.56;
2025.11.18 09:32:16;Sell;0.01;BITCOIN;89 967.80;;;2025.11.18 17:23:03;92 724.82;-0.54;;-27.57;
2025.11.13 16:33:36;Buy;0.01;EURUSD;1.16226;;;2025.11.14 13:03:42;1.16149;-0.05;-0.09;-0.77;
2025.11.13 16:33:37;Sell;0.01;USDCAD;1.40009;;;2025.11.14 13:03:41;1.40394;-0.05;-0.22;-2.74;
2025.11.13 16:33:36;Sell;0.01;USDCHF;0.79515;;;2025.11.14 13:03:41;0.79236;-0.05;-0.16;3.52;
2025.11.13 16:33:36;Sell;0.01;USDJPY;154.579;;;2025.11.14 13:03:41;154.714;-0.05;-0.14;-0.87;
2025.11.13 16:33:38;Buy;0.01;EURAUD;1.77311;;;2025.11.14 13:03:40;1.78249;-0.05;-0.10;6.11;
2025.11.13 16:33:38;Sell;0.01;EURCHF;0.92405;;;2025.11.14 13:03:40;0.92036;-0.05;-0.11;4.66;
2025.11.13 16:33:37;Buy;0.01;EURGBP;0.88258;;;2025.11.14 13:03:40;0.88380;-0.05;-0.13;1.61;
2025.11.13 16:33:37;Buy;0.01;NZDUSD;0.56679;;;2025.11.14 13:03:40;0.56724;-0.05;-0.04;0.45;
2025.11.13 16:33:40;Sell;0.01;GBPCAD;1.84351;;;2025.11.14 13:03:39;1.84501;-0.05;-0.12;-1.06;
2025.11.13 16:33:39;Sell;0.01;GBPCHF;1.04714;;;2025.11.14 13:03:39;1.04135;-0.05;-0.21;7.31;
2025.11.13 16:33:39;Sell;0.01;GBPJPY;203.564;;;2025.11.14 13:03:39;203.330;-0.05;-0.20;1.51;
2025.11.13 16:33:41;Sell;0.01;AUDJPY;101.327;;;2025.11.14 13:03:38;100.814;-0.05;-0.08;3.31;
2025.11.13 16:33:40;Sell;0.01;CADCHF;0.56797;;;2025.11.14 13:03:38;0.56445;-0.05;-0.08;4.44;
2025.11.13 16:33:40;Sell;0.01;GBPNZD;2.32340;;;2025.11.14 13:03:38;2.31685;-0.05;-0.10;3.72;
2025.11.13 16:33:42;Sell;0.01;NZDJPY;87.603;;;2025.11.14 13:03:37;87.773;-0.05;-0.06;-1.09;
2025.11.13 16:33:42;Sell;0.01;AUDCAD;0.91762;;;2025.11.14 13:03:37;0.91476;-0.05;-0.05;2.03;
2025.11.13 16:33:41;Sell;0.01;AUDCHF;0.52120;;;2025.11.14 13:03:37;0.51632;-0.05;-0.10;6.16;
2025.11.13 16:33:42;Sell;0.01;NZDCHF;0.45061;;;2025.11.14 13:03:36;0.44953;-0.05;-0.07;1.36;
2025.11.13 12:02:24;Sell;0.01;USDCHF;0.79544;;;2025.11.13 13:32:23;0.79571;-0.05;;-0.34;
2025.11.13 12:02:24;Sell;0.01;USDJPY;154.535;;;2025.11.13 13:32:23;154.744;-0.05;;-1.35;
2025.11.13 12:02:23;Buy;0.01;EURUSD;1.16161;;;2025.11.13 13:32:23;1.16140;-0.05;;-0.21;
2025.11.13 12:02:25;Buy;0.01;EURGBP;0.88292;;;2025.11.13 13:32:22;0.88281;-0.05;;-0.15;
2025.11.13 12:02:25;Buy;0.01;NZDUSD;0.56733;;;2025.11.13 13:32:22;0.56687;-0.05;;-0.46;
2025.11.13 12:02:24;Sell;0.01;USDCAD;1.39927;;;2025.11.13 13:32:22;1.39948;-0.05;;-0.15;
2025.11.13 12:02:26;Sell;0.01;GBPJPY;203.298;;;2025.11.13 13:32:21;203.563;-0.05;;-1.71;
2025.11.13 12:02:26;Buy;0.01;EURAUD;1.76758;;;2025.11.13 13:32:21;1.76880;-0.05;;0.81;
2025.11.13 12:02:25;Sell;0.01;EURCHF;0.92399;;;2025.11.13 13:32:21;0.92413;-0.05;;-0.18;
2025.11.13 12:02:27;Sell;0.01;GBPNZD;2.31873;;;2025.11.13 13:32:20;2.32057;-0.05;;-1.04;
2025.11.13 12:02:27;Sell;0.01;GBPCAD;1.84051;;;2025.11.13 13:32:20;1.84074;-0.05;;-0.16;
2025.11.13 12:02:27;Sell;0.01;GBPCHF;1.04642;;;2025.11.13 13:32:20;1.04674;-0.05;;-0.41;
2025.11.13 12:02:29;Sell;0.01;AUDCHF;0.52272;;;2025.11.13 13:32:19;0.52247;-0.05;;0.31;
2025.11.13 12:02:28;Sell;0.01;AUDJPY;101.555;;;2025.11.13 13:32:19;101.607;-0.05;;-0.33;
2025.11.13 12:02:28;Sell;0.01;CADCHF;0.56850;;;2025.11.13 13:32:19;0.56870;-0.05;;-0.25;
2025.11.13 12:02:30;Sell;0.01;NZDCHF;0.45123;;;2025.11.13 13:32:18;0.45114;-0.05;;0.12;
2025.11.13 12:02:30;Sell;0.01;NZDJPY;87.667;;;2025.11.13 13:32:18;87.732;-0.05;;-0.42;
2025.11.13 12:02:29;Sell;0.01;AUDCAD;0.91942;;;2025.11.13 13:32:18;0.91877;-0.05;;0.47;
2025.11.12 16:10:46;Buy;0.01;EURUSD;1.15685;;;2025.11.12 18:21:13;1.15952;-0.05;;2.67;
2025.11.12 16:10:47;Sell;0.01;USDCHF;0.79841;;;2025.11.12 18:21:12;0.79714;-0.05;;1.59;
2025.11.12 16:10:46;Sell;0.01;USDJPY;154.957;;;2025.11.12 18:21:12;154.734;-0.05;;1.44;
2025.11.12 16:10:47;Sell;0.01;USDCAD;1.40201;;;2025.11.12 18:21:11;1.40027;-0.05;;1.24;
2025.11.12 16:10:48;Buy;0.01;EURAUD;1.77081;;;2025.11.12 18:21:10;1.77247;-0.05;;1.08;
2025.11.12 16:10:48;Sell;0.01;EURCHF;0.92367;;;2025.11.12 18:21:10;0.92427;-0.05;;-0.76;
2025.11.12 16:10:48;Buy;0.01;EURGBP;0.88338;;;2025.11.12 18:21:10;0.88287;-0.05;;-0.67;
2025.11.12 16:10:47;Buy;0.01;NZDUSD;0.56591;;;2025.11.12 18:21:10;0.56625;-0.05;;0.34;
2025.11.12 16:10:49;Sell;0.01;GBPCAD;1.83605;;;2025.11.12 18:21:09;1.83885;-0.05;;-2.00;
2025.11.12 16:10:49;Sell;0.01;GBPCHF;1.04562;;;2025.11.12 18:21:09;1.04681;-0.05;;-1.50;
2025.11.12 16:10:49;Sell;0.01;GBPJPY;202.938;;;2025.11.12 18:21:09;203.205;-0.05;;-1.72;
2025.11.12 16:10:50;Sell;0.01;AUDJPY;101.231;;;2025.11.12 18:21:08;101.223;-0.05;;0.05;
2025.11.12 16:10:50;Sell;0.01;CADCHF;0.56945;;;2025.11.12 18:21:08;0.56931;-0.05;;0.17;
2025.11.12 16:10:50;Sell;0.01;GBPNZD;2.31420;;;2025.11.12 18:21:08;2.31927;-0.05;;-2.87;
2025.11.12 16:10:51;Sell;0.01;NZDJPY;87.682;;;2025.11.12 18:21:07;87.626;-0.05;;0.36;
2025.11.12 16:10:51;Sell;0.01;AUDCAD;0.91588;;;2025.11.12 18:21:07;0.91598;-0.05;;-0.08;
2025.11.12 16:10:51;Sell;0.01;AUDCHF;0.52158;;;2025.11.12 18:21:07;0.52146;-0.05;;0.15;
2025.11.12 16:10:52;Sell;0.01;NZDCHF;0.45176;;;2025.11.12 18:21:06;0.45141;-0.05;;0.44;
2025.11.11 09:24:15;Buy;0.01;EURUSD;1.15554;;;2025.11.12 15:08:00;1.15758;-0.05;-0.09;2.04;
2025.11.11 09:24:17;Buy;0.01;NZDUSD;0.56348;;;2025.11.12 15:07:59;0.56650;-0.05;-0.04;3.02;
2025.11.11 09:24:16;Sell;0.01;USDCHF;0.80441;;;2025.11.12 15:07:59;0.79911;-0.05;-0.16;6.63;
2025.11.11 09:24:16;Sell;0.01;USDJPY;154.185;;;2025.11.12 15:07:59;154.802;-0.05;-0.14;-3.99;
2025.11.11 09:24:18;Sell;0.01;GBPJPY;202.546;;;2025.11.12 15:07:58;203.106;-0.05;-0.20;-3.62;
2025.11.11 09:24:18;Buy;0.01;EURAUD;1.77294;;;2025.11.12 15:07:58;1.76962;-0.05;-0.10;-2.17;
2025.11.11 09:24:17;Sell;0.01;EURCHF;0.92953;;;2025.11.12 15:07:58;0.92502;-0.05;-0.11;5.65;
2025.11.11 09:24:17;Buy;0.01;EURGBP;0.87964;;;2025.11.12 15:07:58;0.88219;-0.05;-0.13;3.34;
2025.11.11 09:24:19;Sell;0.01;GBPNZD;2.33114;;;2025.11.12 15:07:57;2.31606;-0.05;-0.10;8.54;
2025.11.11 09:24:19;Sell;0.01;GBPCAD;1.84368;;;2025.11.12 15:07:57;1.83784;-0.05;-0.12;4.17;
2025.11.11 09:24:18;Sell;0.01;GBPCHF;1.05670;;;2025.11.12 15:07:57;1.04847;-0.05;-0.21;10.30;
2025.11.11 09:24:21;Sell;0.01;AUDCHF;0.52430;;;2025.11.12 15:07:56;0.52273;-0.05;-0.10;1.96;
2025.11.11 09:24:20;Sell;0.01;AUDJPY;100.496;;;2025.11.12 15:07:56;101.262;-0.05;-0.08;-4.95;
2025.11.11 09:24:20;Sell;0.01;CADCHF;0.57308;;;2025.11.12 15:07:56;0.57052;-0.05;-0.07;3.21;
2025.11.11 09:24:22;Sell;0.01;NZDCHF;0.45320;;;2025.11.12 15:07:55;0.45276;-0.05;-0.07;0.55;
2025.11.11 09:24:21;Sell;0.01;NZDJPY;86.869;;;2025.11.12 15:07:55;87.706;-0.05;-0.06;-5.41;
2025.11.11 09:24:21;Sell;0.01;AUDCAD;0.91481;;;2025.11.12 15:07:55;0.91628;-0.05;-0.05;-1.05;
2025.11.06 17:24:35;Sell;0.01;AUDCAD;0.91531;;;2025.11.07 20:40:26;0.91142;-0.05;-0.10;2.77;
2025.11.06 17:24:35;Sell;0.01;AUDCHF;0.52395;;;2025.11.07 20:40:26;0.52196;-0.05;-0.19;2.47;
2025.11.06 17:24:35;Sell;0.01;AUDJPY;99.449;;;2025.11.07 20:40:26;99.399;-0.05;-0.16;0.32;
2025.11.06 17:24:34;Sell;0.01;CADCHF;0.57241;;;2025.11.07 20:40:25;0.57272;-0.05;-0.15;-0.38;
2025.11.06 17:24:33;Buy;0.01;EURAUD;1.77846;;;2025.11.07 20:40:25;1.78377;-0.05;-0.18;3.45;
2025.11.06 17:24:32;Sell;0.01;EURCHF;0.93187;;;2025.11.07 20:40:25;0.93103;-0.05;-0.22;1.04;
2025.11.06 17:24:34;Sell;0.01;GBPCAD;1.84940;;;2025.11.07 20:40:24;1.85012;-0.05;-0.23;-0.51;
2025.11.06 17:24:33;Sell;0.01;GBPCHF;1.05870;;;2025.11.07 20:40:24;1.05951;-0.05;-0.40;-1.00;
2025.11.06 17:24:32;Buy;0.01;EURGBP;0.88022;;;2025.11.07 20:40:24;0.87870;-0.05;-0.24;-2.00;
2025.11.06 17:24:30;Buy;0.01;EURUSD;1.15318;;;2025.11.07 20:40:24;1.15728;-0.05;-0.18;4.10;
2025.11.06 17:24:36;Sell;0.01;NZDCHF;0.45573;;;2025.11.07 20:40:23;0.45251;-0.05;-0.13;4.00;
2025.11.06 17:24:34;Sell;0.01;GBPNZD;2.32269;;;2025.11.07 20:40:23;2.34180;-0.05;-0.20;-10.75;
2025.11.06 17:24:33;Sell;0.01;GBPJPY;200.939;;;2025.11.07 20:40:23;201.774;-0.05;-0.39;-5.45;
2025.11.06 17:24:36;Sell;0.01;NZDJPY;86.500;;;2025.11.07 20:40:22;86.176;-0.05;-0.11;2.11;
2025.11.06 17:24:31;Buy;0.01;NZDUSD;0.56406;;;2025.11.07 20:40:22;0.56237;-0.05;-0.07;-1.69;
2025.11.06 17:24:31;Sell;0.01;USDCAD;1.41183;;;2025.11.07 20:40:22;1.40491;-0.05;-0.22;4.93;
2025.11.06 17:24:31;Sell;0.01;USDCHF;0.80810;;;2025.11.07 20:40:22;0.80450;-0.05;-0.31;4.47;
2025.11.06 17:24:30;Sell;0.01;USDJPY;153.376;;;2025.11.07 20:40:21;153.212;-0.05;-0.29;1.07;
2025.11.04 09:10:24;Sell;0.02;USDJPY;153.553;;;2025.11.05 17:04:49;154.197;-0.10;-0.29;-8.35;
2025.11.04 09:10:23;Buy;0.02;EURUSD;1.15279;;;2025.11.05 17:04:49;1.14769;-0.10;-0.19;-10.20;
2025.11.04 09:10:25;Sell;0.02;USDCAD;1.40643;;;2025.11.05 17:04:48;1.41274;-0.10;-0.15;-8.93;
2025.11.04 09:10:24;Sell;0.02;USDCHF;0.80709;;;2025.11.05 17:04:48;0.81188;-0.10;-0.32;-11.80;
2025.11.04 09:10:26;Sell;0.02;EURCHF;0.93038;;;2025.11.05 17:04:47;0.93179;-0.10;-0.22;-3.47;
2025.11.04 09:10:25;Buy;0.02;EURGBP;0.87860;;;2025.11.05 17:04:47;0.88099;-0.10;-0.24;6.23;
2025.11.04 09:10:25;Buy;0.02;NZDUSD;0.56839;;;2025.11.05 17:04:47;0.56439;-0.10;-0.08;-8.00;
2025.11.04 09:10:27;Sell;0.02;GBPCHF;1.05900;;;2025.11.05 17:04:46;1.05764;-0.10;-0.41;3.35;
2025.11.04 09:10:27;Sell;0.02;GBPJPY;201.477;;;2025.11.05 17:04:46;200.868;-0.10;-0.41;7.90;
2025.11.04 09:10:26;Buy;0.02;EURAUD;1.77012;;;2025.11.05 17:04:46;1.76794;-0.10;-0.19;-2.83;
2025.11.04 09:10:28;Sell;0.02;CADCHF;0.57383;;;2025.11.05 17:04:45;0.57470;-0.10;-0.16;-2.14;
2025.11.04 09:10:28;Sell;0.02;GBPNZD;2.30853;;;2025.11.05 17:04:45;2.30817;-0.10;-0.19;0.40;
2025.11.04 09:10:27;Sell;0.02;GBPCAD;1.84533;;;2025.11.05 17:04:45;1.84024;-0.10;-0.21;7.20;
2025.11.04 09:10:29;Sell;0.02;AUDCAD;0.91592;;;2025.11.05 17:04:44;0.91703;-0.10;-0.10;-1.57;
2025.11.04 09:10:29;Sell;0.02;AUDCHF;0.52562;;;2025.11.05 17:04:44;0.52701;-0.10;-0.19;-3.43;
2025.11.04 09:10:28;Sell;0.02;AUDJPY;100.002;;;2025.11.05 17:04:44;100.097;-0.10;-0.17;-1.23;
2025.11.04 09:10:30;Sell;0.02;NZDCHF;0.45866;;;2025.11.05 17:04:43;0.45825;-0.10;-0.13;1.01;
2025.11.04 09:10:29;Sell;0.02;NZDJPY;87.263;;;2025.11.05 17:04:43;87.038;-0.10;-0.12;2.92;
2025.11.03 17:16:45;Sell;0.02;USDCHF;0.80757;;;2025.11.03 21:20:14;0.80786;-0.10;;-0.72;
2025.11.03 17:16:45;Sell;0.02;USDJPY;154.027;;;2025.11.03 21:20:14;154.215;-0.10;;-2.44;
2025.11.03 17:16:44;Buy;0.02;EURUSD;1.15173;;;2025.11.03 21:20:14;1.15193;-0.10;;0.40;
2025.11.03 17:16:46;Buy;0.02;EURGBP;0.87724;;;2025.11.03 21:20:13;0.87672;-0.10;;-1.37;
2025.11.03 17:16:46;Buy;0.02;NZDUSD;0.57024;;;2025.11.03 21:20:13;0.57087;-0.10;;1.26;
2025.11.03 17:16:45;Sell;0.02;USDCAD;1.40621;;;2025.11.03 21:20:13;1.40540;-0.10;;1.15;
2025.11.03 17:16:47;Sell;0.02;GBPJPY;202.213;;;2025.11.03 21:20:12;202.625;-0.10;;-5.34;
2025.11.03 17:16:47;Buy;0.02;EURAUD;1.76439;;;2025.11.03 21:20:12;1.76129;-0.10;;-4.06;
2025.11.03 17:16:46;Sell;0.02;EURCHF;0.93010;;;2025.11.03 21:20:12;0.93061;-0.10;;-1.26;
2025.11.03 17:16:49;Sell;0.02;GBPNZD;2.30258;;;2025.11.03 21:20:11;2.30154;-0.10;;1.19;
2025.11.03 17:16:48;Sell;0.02;GBPCAD;1.84620;;;2025.11.03 21:20:11;1.84648;-0.10;;-0.39;
2025.11.03 17:16:48;Sell;0.02;GBPCHF;1.06028;;;2025.11.03 21:20:11;1.06146;-0.10;;-2.92;
2025.11.03 17:16:51;Sell;0.02;AUDCHF;0.52713;;;2025.11.03 21:20:10;0.52838;-0.10;;-3.09;
2025.11.03 17:16:50;Sell;0.02;AUDJPY;100.537;;;2025.11.03 21:20:10;100.862;-0.10;;-4.21;
2025.11.03 17:16:50;Sell;0.02;CADCHF;0.57424;;;2025.11.03 21:20:10;0.57490;-0.10;;-1.63;
2025.11.03 17:16:53;Sell;0.02;NZDCHF;0.46042;;;2025.11.03 21:20:09;0.46121;-0.10;;-1.95;
2025.11.03 17:16:52;Sell;0.02;NZDJPY;87.813;;;2025.11.03 21:20:09;88.041;-0.10;;-2.95;
2025.11.03 17:16:51;Sell;0.02;AUDCAD;0.91791;;;2025.11.03 21:20:09;0.91913;-0.10;;-1.74;
2025.10.31 16:06:47;Sell;0.02;AUDJPY;100.827;;;2025.11.03 09:04:59;101.104;-0.10;;-3.60;
2025.10.31 16:04:52;Sell;0.02;AUDCAD;0.91735;;;2025.11.03 09:04:59;0.91872;-0.10;-0.10;-1.95;
2025.10.31 16:04:52;Sell;0.02;AUDCHF;0.52601;;;2025.11.03 09:04:59;0.52730;-0.10;-0.19;-3.21;
2025.10.31 16:04:52;Sell;0.02;CADCHF;0.57337;;;2025.11.03 09:04:59;0.57399;-0.10;-0.16;-1.54;
2025.10.31 16:07:12;Sell;0.02;CHFJPY;191.602;;;2025.11.03 09:04:58;191.759;-0.10;;-2.03;
2025.10.31 16:06:36;Sell;0.02;CADJPY;109.870;;;2025.11.03 09:04:58;110.056;-0.10;;-2.42;
2025.10.31 16:04:50;Buy;0.02;EURAUD;1.76265;;;2025.11.03 09:04:58;1.75976;-0.10;-0.19;-3.79;
2025.10.31 16:07:06;Sell;0.02;EURJPY;177.676;;;2025.11.03 09:04:57;177.928;-0.10;;-3.27;
2025.10.31 16:04:50;Sell;0.02;EURCHF;0.92718;;;2025.11.03 09:04:57;0.92794;-0.10;-0.22;-1.89;
2025.10.31 16:04:49;Buy;0.02;EURGBP;0.87967;;;2025.11.03 09:04:57;0.87768;-0.10;-0.24;-5.23;
2025.10.31 16:04:51;Sell;0.02;GBPCAD;1.83815;;;2025.11.03 09:04:56;1.84209;-0.10;-0.21;-5.62;
2025.10.31 16:04:50;Sell;0.02;GBPCHF;1.05400;;;2025.11.03 09:04:56;1.05726;-0.10;-0.41;-8.11;
2025.10.31 16:04:48;Buy;0.02;EURUSD;1.15383;;;2025.11.03 09:04:56;1.15406;-0.10;-0.19;0.46;
2025.10.31 16:06:27;Sell;0.02;GBPJPY;201.972;;;2025.11.03 09:04:55;202.732;-0.10;;-9.86;
2025.10.31 16:04:52;Sell;0.02;NZDCHF;0.46017;;;2025.11.03 09:04:55;0.46058;-0.10;-0.13;-1.02;
2025.10.31 16:04:51;Sell;0.02;GBPNZD;2.29014;;;2025.11.03 09:04:55;2.29592;-0.10;-0.20;-6.62;
2025.10.31 16:06:58;Sell;0.02;NZDJPY;88.188;;;2025.11.03 09:04:54;88.311;-0.10;;-1.60;
2025.10.31 16:04:49;Buy;0.02;NZDUSD;0.57273;;;2025.11.03 09:04:54;0.57271;-0.10;-0.08;-0.04;
2025.10.31 16:04:49;Sell;0.02;USDCAD;1.40147;;;2025.11.03 09:04:54;1.40102;-0.10;-0.39;0.64;
2025.10.31 16:04:48;Sell;0.02;USDCHF;0.80359;;;2025.11.03 09:04:54;0.80407;-0.10;-0.32;-1.19;
2025.10.31 16:07:29;Sell;0.02;USDJPY;153.993;;;2025.11.03 09:04:53;154.172;-0.10;;-2.32;
2025.10.28 11:47:18;Sell;0.02;AUDCAD;0.91746;;;2025.10.29 16:29:52;0.91810;-0.10;-0.10;-0.92;
2025.10.28 11:47:18;Sell;0.02;AUDCHF;0.52011;;;2025.10.29 16:29:51;0.52638;-0.10;-0.19;-15.72;
2025.10.28 11:47:17;Sell;0.02;AUDJPY;99.607;;;2025.10.29 16:29:51;100.387;-0.10;-0.17;-10.26;
2025.10.28 11:47:17;Sell;0.02;CADCHF;0.56689;;;2025.10.29 16:29:51;0.57340;-0.10;-0.16;-16.33;
2025.10.28 11:47:16;Sell;0.02;CADJPY;108.558;;;2025.10.29 16:29:50;109.355;-0.10;-0.16;-10.48;
2025.10.28 11:47:14;Buy;0.02;EURAUD;1.77839;;;2025.10.29 16:29:50;1.76400;-0.10;-0.19;-18.99;
2025.10.28 11:47:14;Sell;0.02;EURCHF;0.92495;;;2025.10.29 16:29:50;0.92857;-0.10;-0.22;-9.08;
2025.10.28 11:47:16;Sell;0.02;GBPCAD;1.86411;;;2025.10.29 16:29:49;1.83835;-0.10;-0.21;37.04;
2025.10.28 11:47:15;Sell;0.02;GBPCHF;1.05682;;;2025.10.29 16:29:49;1.05400;-0.10;-0.42;7.07;
2025.10.28 11:47:14;Buy;0.02;EURGBP;0.87521;;;2025.10.29 16:29:49;0.88094;-0.10;-0.24;15.15;
2025.10.28 11:47:12;Buy;0.02;EURUSD;1.16568;;;2025.10.29 16:29:49;1.16439;-0.10;-0.19;-2.58;
2025.10.28 11:47:19;Sell;0.02;NZDCHF;0.45786;;;2025.10.29 16:29:48;0.46138;-0.10;-0.14;-8.83;
2025.10.28 11:47:16;Sell;0.02;GBPNZD;2.30782;;;2025.10.29 16:29:48;2.28476;-0.10;-0.20;26.68;
2025.10.28 11:47:15;Sell;0.02;GBPJPY;202.374;;;2025.10.29 16:29:48;201.018;-0.10;-0.41;17.84;
2025.10.28 11:47:18;Sell;0.02;NZDJPY;87.682;;;2025.10.29 16:29:47;87.992;-0.10;-0.12;-4.08;
2025.10.28 11:47:14;Buy;0.02;NZDUSD;0.57710;;;2025.10.29 16:29:47;0.57850;-0.10;-0.08;2.80;
2025.10.28 11:47:13;Sell;0.02;USDCAD;1.39973;;;2025.10.29 16:29:47;1.39093;-0.10;-0.14;12.65;
2025.10.28 11:47:13;Sell;0.02;USDCHF;0.79351;;;2025.10.29 16:29:46;0.79744;-0.10;-0.32;-9.86;
2025.10.28 11:47:13;Sell;0.02;USDJPY;151.953;;;2025.10.29 16:29:46;152.085;-0.10;-0.29;-1.74;
2025.10.27 10:46:05;Balance;;;;;;;;;;-100.00;Withdrawal
2025.10.22 16:11:43;Buy;0.02;USDJPY;151.939;;;2025.10.23 11:02:33;152.477;-0.10;0.32;7.06;
2025.10.22 16:11:43;Sell;0.02;EURUSD;1.15854;;;2025.10.23 11:02:33;1.15998;-0.10;0.24;-2.88;
2025.10.22 16:11:44;Buy;0.02;USDCAD;1.40182;;;2025.10.23 11:02:32;1.39934;-0.10;0.06;-3.54;
2025.10.22 16:11:43;Buy;0.02;USDCHF;0.79726;;;2025.10.23 11:02:32;0.79728;-0.10;0.46;0.05;
2025.10.22 16:11:45;Sell;0.02;EURAUD;1.78514;;;2025.10.23 11:02:31;1.78273;-0.10;0.07;3.13;
2025.10.22 16:11:45;Buy;0.02;EURCHF;0.92368;;;2025.10.23 11:02:31;0.92470;-0.10;0.14;2.56;
2025.10.22 16:11:44;Sell;0.02;EURGBP;0.86955;;;2025.10.23 11:02:31;0.86884;-0.10;0.03;1.89;
2025.10.22 16:11:44;Sell;0.02;NZDUSD;0.57421;;;2025.10.23 11:02:31;0.57489;-0.10;0.11;-1.36;
2025.10.22 16:11:46;Buy;0.02;GBPCAD;1.86758;;;2025.10.23 11:02:30;1.86797;-0.10;0.08;0.56;
2025.10.22 16:11:46;Buy;0.02;GBPCHF;1.06223;;;2025.10.23 11:02:30;1.06432;-0.10;0.63;5.25;
2025.10.22 16:11:45;Buy;0.02;GBPJPY;202.434;;;2025.10.23 11:02:30;203.566;-0.10;0.40;14.85;
2025.10.22 16:11:47;Buy;0.02;CADCHF;0.56880;;;2025.10.23 11:02:29;0.56975;-0.10;0.14;2.39;
2025.10.22 16:11:47;Buy;0.02;CADJPY;108.402;;;2025.10.23 11:02:29;108.972;-0.10;0.03;7.48;
2025.10.22 16:11:46;Buy;0.02;GBPNZD;2.32036;;;2025.10.23 11:02:29;2.32237;-0.10;0.05;2.31;
2025.10.22 16:11:49;Buy;0.02;NZDJPY;87.255;;;2025.10.23 11:02:28;87.636;-0.10;0.13;4.99;
2025.10.22 16:11:49;Buy;0.02;AUDCHF;0.51742;;;2025.10.23 11:02:28;0.51872;-0.10;0.21;3.26;
2025.10.22 16:11:48;Buy;0.02;AUDJPY;98.607;;;2025.10.23 11:02:28;99.213;-0.10;0.22;7.95;
2025.10.22 16:11:49;Buy;0.02;NZDCHF;0.45785;;;2025.10.23 11:02:27;0.45819;-0.10;0.20;0.85;
2025.10.20 09:03:42;Buy;0.01;AUDCHF;0.51586;;;2025.10.22 14:14:10;0.51665;-0.05;0.08;0.99;
2025.10.20 09:03:42;Buy;0.01;AUDJPY;97.986;;;2025.10.22 14:14:10;98.453;-0.05;0.08;3.08;
2025.10.20 09:03:42;Buy;0.01;CADCHF;0.56583;;;2025.10.22 14:14:10;0.56795;-0.05;0.04;2.66;
2025.10.20 09:03:41;Buy;0.01;CADJPY;107.470;;;2025.10.22 14:14:09;108.230;-0.05;;5.00;
2025.10.20 09:03:39;Sell;0.01;EURAUD;1.79388;;;2025.10.22 14:14:09;1.78640;-0.05;0.02;4.86;
2025.10.20 09:03:39;Buy;0.01;EURCHF;0.92542;;;2025.10.22 14:14:09;0.92295;-0.05;0.04;-3.10;
2025.10.20 09:03:40;Buy;0.01;GBPCAD;1.88332;;;2025.10.22 14:14:08;1.86712;-0.05;0.02;-11.55;
2025.10.20 09:03:39;Sell;0.01;EURGBP;0.86842;;;2025.10.22 14:14:08;0.87033;-0.05;0.02;-2.54;
2025.10.20 09:03:37;Sell;0.01;EURUSD;1.16683;;;2025.10.22 14:14:08;1.15862;-0.05;0.08;8.21;
2025.10.20 09:03:41;Buy;0.01;GBPNZD;2.34168;;;2025.10.22 14:14:07;2.31960;-0.05;0.02;-12.67;
2025.10.20 09:03:40;Buy;0.01;GBPCHF;1.06556;;;2025.10.22 14:14:07;1.06052;-0.05;0.22;-6.32;
2025.10.20 09:03:40;Buy;0.01;GBPJPY;202.389;;;2025.10.22 14:14:07;202.086;-0.05;0.14;-1.99;
2025.10.20 09:03:43;Buy;0.01;NZDCHF;0.45511;;;2025.10.22 14:14:06;0.45714;-0.05;0.04;2.55;
2025.10.20 09:03:43;Buy;0.01;NZDJPY;86.445;;;2025.10.22 14:14:06;87.111;-0.05;0.04;4.39;
2025.10.20 09:03:38;Sell;0.01;NZDUSD;0.57377;;;2025.10.22 14:14:06;0.57391;-0.05;0.04;-0.14;
2025.10.20 09:03:38;Buy;0.01;USDCAD;1.40179;;;2025.10.22 14:14:05;1.40260;-0.05;0.06;0.58;
2025.10.20 09:03:38;Buy;0.01;USDCHF;0.79308;;;2025.10.22 14:14:05;0.79664;-0.05;0.16;4.47;
2025.10.20 09:03:37;Buy;0.01;USDJPY;150.634;;;2025.10.22 14:14:05;151.802;-0.05;0.10;7.69;
2025.10.09 18:30:25;Sell;0.01;GBPJPY;203.698;;;2025.10.10 19:53:07;202.784;-0.05;-0.20;6.02;
2025.10.09 18:30:25;Sell;0.01;USDCAD;1.40182;;;2025.10.10 19:53:07;1.40092;-0.05;-0.29;0.64;
2025.10.09 18:30:24;Sell;0.01;USDJPY;153.171;;;2025.10.10 19:53:07;151.997;-0.05;-0.14;7.72;
2025.10.09 18:30:26;Sell;0.01;NZDJPY;87.917;;;2025.10.10 19:53:06;86.973;-0.05;-0.06;6.21;
2025.10.09 18:30:26;Sell;0.01;AUDJPY;100.316;;;2025.10.10 19:53:06;98.551;-0.05;-0.08;11.62;
2025.10.09 18:30:25;Sell;0.01;CADJPY;109.281;;;2025.10.10 19:53:06;108.511;-0.05;-0.08;5.06;
2025.10.09 18:32:07;Sell;0.01;CADCHF;0.57515;;;2025.10.10 19:53:05;0.57219;-0.05;;3.70;
2025.10.09 18:31:40;Sell;0.01;AUDCHF;0.52807;;;2025.10.10 19:53:05;0.51971;-0.05;;10.43;
2025.10.09 18:31:15;Buy;0.01;EURUSD;1.15566;;;2025.10.10 19:53:05;1.16063;-0.05;;4.97;
2025.10.09 18:34:19;Sell;0.01;EURJPY;177.003;;;2025.10.10 19:53:04;176.436;-0.05;-0.11;3.73;
2025.10.09 18:33:52;Sell;0.01;EURCHF;0.93174;;;2025.10.10 19:53:04;0.93033;-0.05;;1.76;
2025.10.09 18:33:37;Sell;0.01;CHFJPY;190.007;;;2025.10.10 19:53:04;189.681;-0.05;-0.02;2.14;
2025.10.09 18:35:51;Sell;0.01;USDCHF;0.80615;;;2025.10.10 19:53:03;0.80156;-0.05;;5.73;
2025.10.09 18:35:27;Sell;0.01;NZDCHF;0.46261;;;2025.10.10 19:53:03;0.45862;-0.05;;4.98;
2025.10.09 18:34:45;Sell;0.01;GBPCHF;1.07204;;;2025.10.10 19:53:03;1.06935;-0.05;;3.36;
2025.10.09 18:29:45;Sell;0.01;NZDJPY;87.910;;;2025.10.09 18:29:47;87.923;-0.05;;-0.09;
2025.10.09 18:29:44;Sell;0.01;GBPJPY;203.705;;;2025.10.09 18:29:46;203.713;-0.05;;-0.06;
2025.10.09 18:29:43;Sell;0.01;USDCAD;1.40171;;;2025.10.09 18:29:46;1.40177;-0.05;;-0.04;
2025.10.09 18:29:44;Sell;0.01;AUDJPY;100.325;;;2025.10.09 18:29:45;100.335;-0.05;;-0.07;
2025.10.09 18:29:44;Sell;0.01;CADJPY;109.280;;;2025.10.09 18:29:45;109.290;-0.05;;-0.07;
2025.10.09 18:29:43;Sell;0.01;USDJPY;153.158;;;2025.10.09 18:29:43;153.160;-0.05;;-0.01;
2025.10.06 14:33:48;Sell;0.01;USDJPY;150.241;;;2025.10.06 16:30:04;149.969;-0.05;;1.81;
2025.10.06 14:33:47;Buy;0.01;EURUSD;1.16767;;;2025.10.06 16:30:04;1.16888;-0.05;;1.21;
2025.10.06 14:33:49;Buy;0.01;NZDUSD;0.58204;;;2025.10.06 16:30:03;0.58294;-0.05;;0.90;
2025.10.06 14:33:48;Sell;0.01;USDCAD;1.39564;;;2025.10.06 16:30:03;1.39670;-0.05;;-0.76;
2025.10.06 14:33:48;Sell;0.01;USDCHF;0.79794;;;2025.10.06 16:30:03;0.79737;-0.05;;0.71;
2025.10.06 14:33:50;Buy;0.01;EURAUD;1.76955;;;2025.10.06 16:30:02;1.76862;-0.05;;-0.61;
2025.10.06 14:33:49;Sell;0.01;EURCHF;0.93169;;;2025.10.06 16:30:02;0.93204;-0.05;;-0.44;
2025.10.06 14:33:49;Buy;0.01;EURGBP;0.86949;;;2025.10.06 16:30:02;0.86960;-0.05;;0.15;
2025.10.06 14:33:51;Sell;0.01;GBPCAD;1.87426;;;2025.10.06 16:30:01;1.87719;-0.05;;-2.10;
2025.10.06 14:33:51;Sell;0.01;GBPCHF;1.07162;;;2025.10.06 16:30:01;1.07175;-0.05;;-0.16;
2025.10.06 14:33:50;Sell;0.01;GBPJPY;201.767;;;2025.10.06 16:30:01;201.572;-0.05;;1.30;
2025.10.06 14:33:52;Sell;0.01;AUDJPY;99.142;;;2025.10.06 16:30:00;99.111;-0.05;;0.21;
2025.10.06 14:33:52;Sell;0.01;CADCHF;0.57172;;;2025.10.06 16:30:00;0.57098;-0.05;;0.93;
2025.10.06 14:33:51;Sell;0.01;CADJPY;107.648;;;2025.10.06 16:30:00;107.386;-0.05;;1.75;
2025.10.06 14:33:53;Sell;0.01;NZDCHF;0.46437;;;2025.10.06 16:29:59;0.46489;-0.05;;-0.65;
2025.10.06 14:33:53;Sell;0.01;NZDJPY;87.438;;;2025.10.06 16:29:59;87.433;-0.05;;0.04;
2025.10.06 14:33:52;Sell;0.01;AUDCHF;0.52654;;;2025.10.06 16:29:59;0.52699;-0.05;;-0.56;
2025.10.03 11:11:35;Sell;0.02;EURUSD;1.17341;;;2025.10.06 01:42:00;1.17170;-0.10;0.09;3.42;
2025.10.03 11:11:35;Buy;0.02;USDJPY;147.406;;;2025.10.06 01:41:56;149.281;-0.10;0.10;25.12;
2025.10.03 11:11:36;Buy;0.02;USDCHF;0.79730;;;2025.10.06 01:41:52;0.79735;-0.10;0.17;0.13;
2025.10.03 11:11:36;Buy;0.02;USDCAD;1.39618;;;2025.10.06 01:41:46;1.39661;-0.10;0.06;0.62;
2025.10.03 11:11:36;Sell;0.02;NZDUSD;0.58312;;;2025.10.06 01:41:41;0.58174;-0.10;0.01;2.76;
2025.10.03 11:11:37;Sell;0.02;EURGBP;0.87165;;;2025.10.06 01:41:36;0.87223;-0.10;0.01;-1.56;
2025.10.03 11:11:37;Buy;0.02;EURCHF;0.93558;;;2025.10.06 01:41:32;0.93409;-0.10;0.05;-3.73;
2025.10.03 11:11:37;Sell;0.02;EURAUD;1.77610;;;2025.10.06 01:41:26;1.77876;-0.10;;-3.51;
2025.10.03 11:11:38;Buy;0.02;GBPJPY;198.430;;;2025.10.06 01:41:22;200.514;-0.10;0.13;27.92;
2025.10.03 11:11:38;Buy;0.02;GBPCHF;1.07326;;;2025.10.06 01:41:16;1.07107;-0.10;0.21;-5.49;
2025.10.03 11:11:38;Buy;0.02;GBPCAD;1.87939;;;2025.10.06 01:41:11;1.87594;-0.10;0.02;-4.94;
2025.10.03 11:11:39;Buy;0.02;CADCHF;0.57110;;;2025.10.06 01:41:07;0.57068;-0.10;0.05;-1.05;
2025.10.03 11:11:39;Buy;0.02;AUDJPY;97.382;;;2025.10.06 01:41:03;98.320;-0.10;;12.57;
2025.10.03 11:11:40;Buy;0.02;AUDCHF;0.52671;;;2025.10.06 01:40:58;0.52505;-0.10;;-4.16;
2025.10.03 11:11:40;Buy;0.02;NZDJPY;85.965;;;2025.10.06 01:40:52;86.771;-0.10;0.05;10.80;
2025.10.03 11:11:40;Buy;0.02;NZDCHF;0.46496;;;2025.10.06 01:40:46;0.46328;-0.10;0.06;-4.22;
2025.10.01 16:24:47;Sell;0.01;AUDCAD;0.92196;;;2025.10.02 09:03:08;0.92263;-0.05;-0.19;-0.48;
2025.10.01 16:24:46;Sell;0.01;AUDCHF;0.52724;;;2025.10.02 09:03:08;0.52712;-0.05;-0.39;0.15;
2025.10.01 16:24:46;Sell;0.01;AUDJPY;97.079;;;2025.10.02 09:03:07;97.376;-0.05;-0.35;-2.02;
2025.10.01 16:24:46;Sell;0.01;CADCHF;0.57183;;;2025.10.02 09:03:07;0.57143;-0.05;-0.25;0.50;
2025.10.01 16:24:44;Buy;0.01;EURAUD;1.77709;;;2025.10.02 09:03:07;1.77394;-0.05;-0.39;-2.09;
2025.10.01 16:24:44;Sell;0.01;EURCHF;0.93690;;;2025.10.02 09:03:06;0.93513;-0.05;-0.35;2.22;
2025.10.01 16:24:44;Buy;0.01;EURGBP;0.86994;;;2025.10.02 09:03:06;0.87099;-0.05;-0.37;1.41;
2025.10.01 16:24:42;Buy;0.01;EURUSD;1.17581;;;2025.10.02 09:03:06;1.17414;-0.05;-0.31;-1.67;
2025.10.01 16:24:45;Sell;0.01;GBPCAD;1.88328;;;2025.10.02 09:03:05;1.87893;-0.05;-0.32;3.12;
2025.10.01 16:24:45;Sell;0.01;GBPCHF;1.07699;;;2025.10.02 09:03:05;1.07356;-0.05;-0.64;4.31;
2025.10.01 16:24:45;Sell;0.01;GBPJPY;198.300;;;2025.10.02 09:03:05;198.326;-0.05;-0.61;-0.17;
2025.10.01 16:24:47;Sell;0.01;NZDCHF;0.46388;;;2025.10.02 09:03:04;0.46480;-0.05;-0.23;-1.15;
2025.10.01 16:24:47;Sell;0.01;NZDJPY;85.414;;;2025.10.02 09:03:04;85.863;-0.05;-0.20;-3.05;
2025.10.01 16:24:44;Buy;0.01;NZDUSD;0.58223;;;2025.10.02 09:03:03;0.58352;-0.05;-0.09;1.29;
2025.10.01 16:24:43;Sell;0.01;USDCAD;1.39346;;;2025.10.02 09:03:03;1.39408;-0.05;-0.07;-0.44;
2025.10.01 16:24:43;Sell;0.01;USDCHF;0.79685;;;2025.10.02 09:03:03;0.79642;-0.05;-0.50;0.54;
2025.10.01 16:24:43;Sell;0.01;USDJPY;146.719;;;2025.10.02 09:03:03;147.126;-0.05;-0.44;-2.77;
2025.09.30 09:34:18;Buy;0.01;EURUSD;1.17393;;;2025.09.30 17:19:20;1.17419;-0.05;;0.26;
2025.09.30 09:34:20;Buy;0.01;NZDUSD;0.57954;;;2025.09.30 17:19:19;0.58013;-0.05;;0.59;
2025.09.30 09:34:19;Buy;0.01;AUDUSD;0.65960;;;2025.09.30 17:19:19;0.66217;-0.05;;2.57;
2025.09.30 09:34:19;Sell;0.01;USDCHF;0.79666;;;2025.09.30 17:19:19;0.79602;-0.05;;0.80;
2025.09.30 09:34:19;Sell;0.01;USDJPY;148.146;;;2025.09.30 17:19:19;147.843;-0.05;;2.05;
2025.09.30 09:34:21;Buy;0.01;EURAUD;1.77959;;;2025.09.30 17:19:18;1.77297;-0.05;;-4.38;
2025.09.30 09:34:20;Sell;0.01;EURCHF;0.93521;;;2025.09.30 17:19:18;0.93471;-0.05;;0.63;
2025.09.30 09:34:20;Buy;0.01;EURGBP;0.87317;;;2025.09.30 17:19:18;0.87336;-0.05;;0.25;
2025.09.30 09:34:22;Sell;0.01;GBPCAD;1.87038;;;2025.09.30 17:19:17;1.86934;-0.05;;0.75;
2025.09.30 09:34:21;Sell;0.01;GBPCHF;1.07107;;;2025.09.30 17:19:17;1.07015;-0.05;;1.15;
2025.09.30 09:34:21;Sell;0.01;GBPJPY;199.182;;;2025.09.30 17:19:17;198.755;-0.05;;2.89;
2025.09.30 09:34:23;Sell;0.01;NZDJPY;85.852;;;2025.09.30 17:19:16;85.780;-0.05;;0.48;
2025.09.30 09:34:23;Sell;0.01;AUDCHF;0.52550;;;2025.09.30 17:19:16;0.52717;-0.05;;-2.10;
2025.09.30 09:34:22;Sell;0.01;AUDJPY;97.726;;;2025.09.30 17:19:16;97.906;-0.05;;-1.22;
2025.09.30 09:34:22;Sell;0.01;CADCHF;0.57260;;;2025.09.30 17:19:16;0.57252;-0.05;;0.10;
2025.09.30 09:34:23;Sell;0.01;NZDCHF;0.46165;;;2025.09.30 17:19:15;0.46188;-0.05;;-0.29;
2025.09.30 09:34:46;Sell;0.01;USDCHF;0.79660;;;2025.09.30 17:17:55;0.79621;-0.05;;0.49;
2025.09.30 09:34:45;Sell;0.01;USDJPY;148.147;;;2025.09.30 17:17:55;147.839;-0.05;;2.08;
2025.09.30 09:34:45;Buy;0.01;EURUSD;1.17399;;;2025.09.30 17:17:55;1.17409;-0.05;;0.10;
2025.09.30 09:34:46;Buy;0.01;AUDUSD;0.65986;;;2025.09.30 17:17:54;0.66214;-0.05;;2.28;
2025.09.30 09:34:47;Buy;0.01;EURGBP;0.87319;;;2025.09.30 17:17:53;0.87321;-0.05;;0.03;
2025.09.30 09:34:46;Buy;0.01;NZDUSD;0.57969;;;2025.09.30 17:17:53;0.58012;-0.05;;0.43;
2025.09.30 09:34:47;Buy;0.01;EURAUD;1.77937;;;2025.09.30 17:17:52;1.77304;-0.05;;-4.19;
2025.09.30 09:34:47;Sell;0.01;EURCHF;0.93522;;;2025.09.30 17:17:52;0.93482;-0.05;;0.50;
2025.09.30 09:34:48;Sell;0.01;GBPCAD;1.87040;;;2025.09.30 17:17:51;1.86970;-0.05;;0.50;
2025.09.30 09:34:48;Sell;0.01;GBPCHF;1.07106;;;2025.09.30 17:17:51;1.07055;-0.05;;0.64;
2025.09.30 09:34:48;Sell;0.01;GBPJPY;199.195;;;2025.09.30 17:17:51;198.774;-0.05;;2.85;
2025.09.30 09:34:50;Sell;0.01;AUDCHF;0.52559;;;2025.09.30 17:17:50;0.52723;-0.05;;-2.06;
2025.09.30 09:34:49;Sell;0.01;AUDJPY;97.753;;;2025.09.30 17:17:50;97.889;-0.05;;-0.92;
2025.09.30 09:34:49;Sell;0.01;CADCHF;0.57260;;;2025.09.30 17:17:50;0.57262;-0.05;;-0.02;
2025.09.30 09:34:50;Sell;0.01;NZDCHF;0.46171;;;2025.09.30 17:17:49;0.46197;-0.05;;-0.33;
2025.09.30 09:34:50;Sell;0.01;NZDJPY;85.872;;;2025.09.30 17:17:49;85.771;-0.05;;0.68;
2025.09.30 10:30:30;Balance;;;;;;;;;;150.00;Deposit
2025.09.29 10:21:04;Buy;0.01;EURUSD;1.17307;;;2025.09.30 09:33:51;1.17397;-0.05;-0.10;0.90;
2025.09.29 10:21:05;Sell;0.01;USDCHF;0.79569;;;2025.09.30 09:33:50;0.79666;-0.05;-0.17;-1.22;
2025.09.29 10:21:04;Sell;0.01;USDJPY;148.676;;;2025.09.30 09:33:50;148.149;-0.05;-0.15;3.56;
2025.09.29 10:21:05;Buy;0.01;NZDUSD;0.57918;;;2025.09.30 09:33:49;0.57947;-0.05;-0.03;0.29;
2025.09.29 10:21:05;Buy;0.01;AUDUSD;0.65702;;;2025.09.30 09:33:49;0.65952;-0.05;-0.03;2.50;
2025.09.29 10:21:05;Sell;0.01;USDCAD;1.39190;;;2025.09.30 09:33:49;1.39126;-0.05;;0.46;
2025.09.29 10:21:06;Buy;0.01;EURAUD;1.78553;;;2025.09.30 09:33:48;1.78001;-0.05;-0.10;-3.64;
2025.09.29 10:21:06;Sell;0.01;EURCHF;0.93337;;;2025.09.30 09:33:48;0.93530;-0.05;-0.12;-2.43;
2025.09.29 10:21:06;Buy;0.01;EURGBP;0.87242;;;2025.09.30 09:33:48;0.87312;-0.05;-0.12;0.95;
2025.09.29 10:21:07;Sell;0.01;AUDJPY;97.676;;;2025.09.30 09:33:47;97.709;-0.05;-0.08;-0.22;
2025.09.29 10:21:07;Sell;0.01;GBPCHF;1.06987;;;2025.09.30 09:33:47;1.07115;-0.05;-0.21;-1.60;
2025.09.29 10:21:07;Sell;0.01;GBPJPY;199.918;;;2025.09.30 09:33:47;199.188;-0.05;-0.20;4.93;
2025.09.29 10:21:08;Sell;0.01;NZDCHF;0.46077;;;2025.09.30 09:33:46;0.46170;-0.05;-0.08;-1.17;
2025.09.29 10:21:08;Sell;0.01;NZDJPY;86.099;;;2025.09.30 09:33:46;85.856;-0.05;-0.07;1.64;
2025.09.29 10:21:08;Sell;0.01;AUDCHF;0.52273;;;2025.09.30 09:33:46;0.52545;-0.05;-0.10;-3.41;
2025.09.29 16:57:23;Buy;0.01;EURUSD;1.17424;;;2025.09.30 09:33:45;1.17404;-0.05;-0.10;-0.20;
2025.09.29 10:22:25;Sell;0.01;CADCHF;0.57162;;;2025.09.30 09:33:45;0.57268;-0.05;-0.08;-1.33;
2025.09.29 10:22:21;Sell;0.01;CADJPY;106.796;;;2025.09.30 09:33:45;106.496;-0.05;-0.08;2.03;
2025.09.29 16:57:24;Buy;0.01;AUDUSD;0.65658;;;2025.09.30 09:33:44;0.65955;-0.05;-0.03;2.97;
2025.09.29 16:57:23;Sell;0.01;USDCHF;0.79749;;;2025.09.30 09:33:44;0.79663;-0.05;-0.17;1.08;
2025.09.29 16:57:23;Sell;0.01;USDJPY;148.562;;;2025.09.30 09:33:44;148.147;-0.05;-0.15;2.80;
2025.09.29 16:57:25;Sell;0.01;EURCHF;0.93642;;;2025.09.30 09:33:43;0.93529;-0.05;-0.12;1.42;
2025.09.29 16:57:24;Buy;0.01;EURGBP;0.87382;;;2025.09.30 09:33:43;0.87313;-0.05;-0.12;-0.93;
2025.09.29 16:57:24;Buy;0.01;NZDUSD;0.57818;;;2025.09.30 09:33:43;0.57949;-0.05;-0.03;1.31;
2025.09.29 16:57:26;Sell;0.01;GBPCHF;1.07170;;;2025.09.30 09:33:42;1.07116;-0.05;-0.21;0.68;
2025.09.29 16:57:25;Sell;0.01;GBPJPY;199.649;;;2025.09.30 09:33:42;199.193;-0.05;-0.20;3.08;
2025.09.29 16:57:25;Buy;0.01;EURAUD;1.78856;;;2025.09.30 09:33:42;1.77981;-0.05;-0.10;-5.77;
2025.09.29 16:57:26;Sell;0.01;CADCHF;0.57234;;;2025.09.30 09:33:41;0.57274;-0.05;-0.08;-0.50;
2025.09.29 16:57:26;Sell;0.01;GBPCAD;1.87237;;;2025.09.30 09:33:41;1.87048;-0.05;-0.11;1.36;
2025.09.29 16:57:28;Sell;0.01;NZDCHF;0.46104;;;2025.09.30 09:33:40;0.46179;-0.05;-0.08;-0.94;
2025.09.29 16:57:27;Sell;0.01;NZDJPY;85.888;;;2025.09.30 09:33:40;85.870;-0.05;-0.07;0.12;
2025.09.29 16:57:27;Sell;0.01;AUDCHF;0.52357;;;2025.09.30 09:33:40;0.52559;-0.05;-0.10;-2.53;
2025.09.29 16:57:27;Sell;0.01;AUDJPY;97.539;;;2025.09.30 09:33:40;97.730;-0.05;-0.08;-1.29;
2025.09.30 09:33:39;Balance;;;;;;;;;;-150.00;Withdrawal
2025.09.30 09:22:22;Balance;;;;;;;;;;-150.00;Withdrawal
2025.09.26 11:02:34;Sell;0.01;EURUSD;1.16705;;;2025.09.26 16:35:00;1.16839;-0.05;;-1.34;
2025.09.26 11:02:35;Buy;0.01;USDCAD;1.39473;;;2025.09.26 16:34:59;1.39360;-0.05;;-0.81;
2025.09.26 11:02:35;Buy;0.01;USDCHF;0.80006;;;2025.09.26 16:34:59;0.79854;-0.05;;-1.90;
2025.09.26 11:02:35;Buy;0.01;USDJPY;149.832;;;2025.09.26 16:34:59;149.702;-0.05;;-0.87;
2025.09.26 11:02:37;Sell;0.01;EURAUD;1.78707;;;2025.09.26 16:34:58;1.78663;-0.05;;0.29;
2025.09.26 11:02:36;Buy;0.01;EURCHF;0.93375;;;2025.09.26 16:34:58;0.93299;-0.05;;-0.96;
2025.09.26 11:02:36;Sell;0.01;EURGBP;0.87409;;;2025.09.26 16:34:58;0.87308;-0.05;;1.36;
2025.09.26 11:02:36;Sell;0.01;NZDUSD;0.57617;;;2025.09.26 16:34:58;0.57675;-0.05;;-0.58;
2025.09.26 11:02:38;Buy;0.01;GBPCHF;1.06818;;;2025.09.26 16:34:57;1.06864;-0.05;;0.58;
2025.09.26 11:02:37;Buy;0.01;GBPJPY;200.044;;;2025.09.26 16:34:57;200.331;-0.05;;1.92;
2025.09.26 11:02:39;Buy;0.01;CADCHF;0.57367;;;2025.09.26 16:34:56;0.57295;-0.05;;-0.90;
2025.09.26 11:02:38;Buy;0.01;CADJPY;107.433;;;2025.09.26 16:34:56;107.408;-0.05;;-0.16;
2025.09.26 11:02:38;Buy;0.01;GBPCAD;1.86194;;;2025.09.26 16:34:56;1.86483;-0.05;;2.08;
2025.09.26 11:02:40;Buy;0.01;NZDJPY;86.340;;;2025.09.26 16:34:55;86.326;-0.05;;-0.10;
2025.09.26 11:02:40;Buy;0.01;AUDCAD;0.91077;;;2025.09.26 16:34:55;0.91132;-0.05;;0.39;
2025.09.26 11:02:39;Buy;0.01;AUDCHF;0.52251;;;2025.09.26 16:34:55;0.52222;-0.05;;-0.36;
2025.09.26 11:02:39;Buy;0.01;AUDJPY;97.851;;;2025.09.26 16:34:55;97.897;-0.05;;0.31;
2025.09.26 11:02:40;Buy;0.01;NZDCHF;0.46104;;;2025.09.26 16:34:54;0.46049;-0.05;;-0.69;
2025.09.25 16:16:42;Sell;0.01;EURUSD;1.17059;;;2025.09.25 16:25:58;1.17045;-0.05;;0.14;
2025.09.25 16:16:44;Buy;0.01;USDCAD;1.39075;;;2025.09.25 16:25:57;1.39114;-0.05;;0.28;
2025.09.25 16:16:43;Buy;0.01;USDCHF;0.79835;;;2025.09.25 16:25:57;0.79812;-0.05;;-0.29;
2025.09.25 16:16:43;Buy;0.01;USDJPY;149.205;;;2025.09.25 16:25:57;149.166;-0.05;;-0.26;
2025.09.25 16:16:45;Buy;0.01;EURCHF;0.93456;;;2025.09.25 16:25:56;0.93413;-0.05;;-0.54;
2025.09.25 16:16:44;Sell;0.01;EURGBP;0.87442;;;2025.09.25 16:25:56;0.87437;-0.05;;0.06;
2025.09.25 16:16:44;Sell;0.01;NZDUSD;0.57938;;;2025.09.25 16:25:56;0.57902;-0.05;;0.36;
2025.09.25 16:16:46;Buy;0.01;GBPCHF;1.06874;;;2025.09.25 16:25:55;1.06839;-0.05;;-0.44;
2025.09.25 16:16:45;Buy;0.01;GBPJPY;199.746;;;2025.09.25 16:25:55;199.680;-0.05;;-0.44;
2025.09.25 16:16:45;Sell;0.01;EURAUD;1.78448;;;2025.09.25 16:25:55;1.78482;-0.05;;-0.22;
2025.09.25 16:16:47;Buy;0.01;CADCHF;0.57418;;;2025.09.25 16:25:54;0.57377;-0.05;;-0.52;
2025.09.25 16:16:47;Buy;0.01;CADJPY;107.310;;;2025.09.25 16:25:54;107.235;-0.05;;-0.50;
2025.09.25 16:16:46;Buy;0.01;GBPCAD;1.86144;;;2025.09.25 16:25:54;1.86195;-0.05;;0.36;
2025.09.25 16:16:49;Buy;0.01;NZDJPY;86.457;;;2025.09.25 16:25:53;86.359;-0.05;;-0.65;
2025.09.25 16:16:48;Buy;0.01;AUDCAD;0.91216;;;2025.09.25 16:25:53;0.91216;-0.05;;0.00;
2025.09.25 16:16:48;Buy;0.01;AUDCHF;0.52373;;;2025.09.25 16:25:53;0.52338;-0.05;;-0.44;
2025.09.25 16:16:48;Buy;0.01;AUDJPY;97.879;;;2025.09.25 16:25:53;97.820;-0.05;;-0.39;
2025.09.25 16:16:49;Buy;0.01;NZDCHF;0.46259;;;2025.09.25 16:25:52;0.46207;-0.05;;-0.65;
2025.09.23 12:05:24;Sell;0.01;USDJPY;147.540;;;2025.09.23 15:21:56;147.789;-0.05;;-1.68;
2025.09.23 12:05:23;Buy;0.01;EURUSD;1.18031;;;2025.09.23 15:21:56;1.17894;-0.05;;-1.37;
2025.09.23 12:05:26;Buy;0.01;NZDUSD;0.58623;;;2025.09.23 15:21:55;0.58642;-0.05;;0.19;
2025.09.23 12:05:25;Sell;0.01;USDCAD;1.38295;;;2025.09.23 15:21:55;1.38230;-0.05;;0.47;
2025.09.23 12:05:25;Sell;0.01;USDCHF;0.79191;;;2025.09.23 15:21:55;0.79260;-0.05;;-0.87;
2025.09.23 12:05:29;Buy;0.01;EURAUD;1.78847;;;2025.09.23 15:21:54;1.78387;-0.05;;-3.04;
2025.09.23 12:05:28;Sell;0.01;EURCHF;0.93467;;;2025.09.23 15:21:54;0.93443;-0.05;;0.31;
2025.09.23 12:05:27;Buy;0.01;EURGBP;0.87424;;;2025.09.23 15:21:54;0.87225;-0.05;;-2.69;
2025.09.23 12:05:32;Sell;0.01;GBPCAD;1.86700;;;2025.09.23 15:21:53;1.86811;-0.05;;-0.80;
2025.09.23 12:05:31;Sell;0.01;GBPCHF;1.06917;;;2025.09.23 15:21:53;1.07123;-0.05;;-2.60;
2025.09.23 12:05:30;Sell;0.01;GBPJPY;199.189;;;2025.09.23 15:21:53;199.742;-0.05;;-3.74;
2025.09.23 12:05:34;Sell;0.01;CADCHF;0.57263;;;2025.09.23 15:21:52;0.57346;-0.05;;-1.05;
2025.09.23 12:05:33;Sell;0.01;CADJPY;106.679;;;2025.09.23 15:21:52;106.926;-0.05;;-1.67;
2025.09.23 12:05:35;Sell;0.01;AUDCHF;0.52263;;;2025.09.23 15:21:51;0.52383;-0.05;;-1.51;
2025.09.23 12:05:35;Sell;0.01;AUDJPY;97.368;;;2025.09.23 15:21:51;97.671;-0.05;;-2.05;
2025.09.23 14:51:56;Buy;0.01;EURUSD;1.17947;;;2025.09.23 15:21:50;1.17894;-0.05;;-0.53;
2025.09.23 12:05:37;Sell;0.01;NZDCHF;0.46419;;;2025.09.23 15:21:50;0.46486;-0.05;;-0.85;
2025.09.23 12:05:36;Sell;0.01;NZDJPY;86.478;;;2025.09.23 15:21:50;86.675;-0.05;;-1.33;
2025.09.23 14:51:57;Sell;0.01;USDCAD;1.38272;;;2025.09.23 15:21:49;1.38230;-0.05;;0.30;
2025.09.23 14:51:57;Sell;0.01;USDCHF;0.79214;;;2025.09.23 15:21:49;0.79260;-0.05;;-0.58;
2025.09.23 14:51:57;Sell;0.01;USDJPY;147.762;;;2025.09.23 15:21:49;147.788;-0.05;;-0.18;
2025.09.23 14:51:58;Sell;0.01;EURCHF;0.93428;;;2025.09.23 15:21:48;0.93444;-0.05;;-0.20;
2025.09.23 14:51:58;Buy;0.01;EURGBP;0.87278;;;2025.09.23 15:21:48;0.87225;-0.05;;-0.71;
2025.09.23 14:51:57;Buy;0.01;NZDUSD;0.58630;;;2025.09.23 15:21:48;0.58642;-0.05;;0.12;
2025.09.23 14:51:59;Sell;0.01;GBPCAD;1.86855;;;2025.09.23 15:21:47;1.86811;-0.05;;0.32;
2025.09.23 14:51:59;Sell;0.01;GBPCHF;1.07050;;;2025.09.23 15:21:47;1.07123;-0.05;;-0.92;
2025.09.23 14:51:59;Sell;0.01;GBPJPY;199.687;;;2025.09.23 15:21:47;199.742;-0.05;;-0.37;
2025.09.23 14:51:58;Buy;0.01;EURAUD;1.78592;;;2025.09.23 15:21:47;1.78387;-0.05;;-1.36;
2025.09.23 14:52:00;Sell;0.01;AUDJPY;97.586;;;2025.09.23 15:21:46;97.671;-0.05;;-0.58;
2025.09.23 14:52:00;Sell;0.01;CADCHF;0.57286;;;2025.09.23 15:21:46;0.57345;-0.05;;-0.74;
2025.09.23 14:52:00;Sell;0.01;CADJPY;106.860;;;2025.09.23 15:21:46;106.927;-0.05;;-0.46;
2025.09.23 14:52:01;Sell;0.01;NZDCHF;0.46437;;;2025.09.23 15:21:45;0.46485;-0.05;;-0.60;
2025.09.23 14:52:01;Sell;0.01;NZDJPY;86.624;;;2025.09.23 15:21:45;86.676;-0.05;;-0.35;
2025.09.23 14:52:01;Sell;0.01;AUDCHF;0.52314;;;2025.09.23 15:21:45;0.52382;-0.05;;-0.86;
2025.09.22 13:15:15;Buy;0.01;USDCAD;1.38065;;;2025.09.22 14:30:58;1.38063;-0.05;;-0.01;
2025.09.22 13:15:15;Buy;0.01;USDCHF;0.79412;;;2025.09.22 14:30:58;0.79357;-0.05;;-0.69;
2025.09.22 13:15:14;Sell;0.01;EURUSD;1.17791;;;2025.09.22 14:30:58;1.17755;-0.05;;0.36;
2025.09.22 13:15:16;Buy;0.01;EURCHF;0.93545;;;2025.09.22 14:30:57;0.93443;-0.05;;-1.29;
2025.09.22 13:15:15;Sell;0.01;EURGBP;0.87250;;;2025.09.22 14:30:57;0.87242;-0.05;;0.11;
2025.09.22 13:15:15;Sell;0.01;NZDUSD;0.58609;;;2025.09.22 14:30:57;0.58611;-0.05;;-0.02;
2025.09.22 13:15:17;Buy;0.01;CADCHF;0.57525;;;2025.09.22 14:30:56;0.57479;-0.05;;-0.58;
2025.09.22 13:15:17;Buy;0.01;GBPCAD;1.86385;;;2025.09.22 14:30:56;1.86344;-0.05;;-0.30;
2025.09.22 13:15:16;Buy;0.01;GBPCHF;1.07212;;;2025.09.22 14:30:56;1.07112;-0.05;;-1.26;
2025.09.22 13:15:16;Sell;0.01;EURAUD;1.78528;;;2025.09.22 14:30:56;1.78533;-0.05;;-0.03;
2025.09.22 13:16:14;Buy;0.01;USDJPY;147.883;;;2025.09.22 14:30:55;147.830;-0.05;;-0.36;
2025.09.22 13:15:18;Buy;0.01;NZDCHF;0.46550;;;2025.09.22 14:30:55;0.46507;-0.05;;-0.54;
2025.09.22 13:15:17;Buy;0.01;AUDCHF;0.52396;;;2025.09.22 14:30:55;0.52342;-0.05;;-0.68;
2025.09.22 13:17:01;Buy;0.01;CADJPY;107.134;;;2025.09.22 14:30:54;107.081;-0.05;;-0.36;
2025.09.22 13:16:50;Buy;0.01;GBPJPY;199.657;;;2025.09.22 14:30:54;199.542;-0.05;;-0.78;
2025.09.22 13:16:32;Buy;0.01;EURJPY;174.200;;;2025.09.22 14:30:54;174.081;-0.05;;-0.80;
2025.09.22 13:17:22;Buy;0.01;NZDJPY;86.694;;;2025.09.22 14:30:53;86.639;-0.05;;-0.37;
2025.09.22 13:17:16;Buy;0.01;AUDJPY;97.581;;;2025.09.22 14:30:53;97.509;-0.05;;-0.49;
2025.09.19 10:27:12;Sell;0.01;EURUSD;1.17751;;;2025.09.19 13:58:00;1.17609;-0.05;;1.42;
2025.09.19 10:27:13;Buy;0.01;USDCHF;0.79385;;;2025.09.19 13:57:59;0.79509;-0.05;;1.56;
2025.09.19 10:27:13;Buy;0.01;USDJPY;147.786;;;2025.09.19 13:57:59;147.942;-0.05;;1.05;
2025.09.19 10:27:14;Sell;0.01;NZDUSD;0.58759;;;2025.09.19 13:57:58;0.58742;-0.05;;0.17;
2025.09.19 10:27:14;Sell;0.01;AUDUSD;0.66071;;;2025.09.19 13:57:58;0.66033;-0.05;;0.38;
2025.09.19 10:27:13;Buy;0.01;USDCAD;1.38055;;;2025.09.19 13:57:58;1.38083;-0.05;;0.20;
2025.09.19 10:27:15;Sell;0.01;EURAUD;1.78204;;;2025.09.19 13:57:57;1.78119;-0.05;;0.56;
2025.09.19 10:27:15;Buy;0.01;EURCHF;0.93476;;;2025.09.19 13:57:57;0.93506;-0.05;;0.38;
2025.09.19 10:27:14;Sell;0.01;EURGBP;0.87147;;;2025.09.19 13:57:57;0.87141;-0.05;;0.08;
2025.09.19 10:27:16;Buy;0.01;GBPCHF;1.07259;;;2025.09.19 13:57:56;1.07308;-0.05;;0.62;
2025.09.19 10:27:15;Buy;0.01;GBPJPY;199.677;;;2025.09.19 13:57:56;199.666;-0.05;;-0.08;
2025.09.19 10:27:17;Buy;0.01;CADCHF;0.57510;;;2025.09.19 13:57:55;0.57581;-0.05;;0.89;
2025.09.19 10:27:16;Buy;0.01;CADJPY;107.065;;;2025.09.19 13:57:55;107.142;-0.05;;0.52;
2025.09.19 10:27:16;Buy;0.01;GBPCAD;1.86520;;;2025.09.19 13:57:55;1.86342;-0.05;;-1.29;
2025.09.19 10:27:18;Buy;0.01;NZDCHF;0.46651;;;2025.09.19 13:57:54;0.46698;-0.05;;0.59;
2025.09.19 10:27:18;Buy;0.01;NZDJPY;86.848;;;2025.09.19 13:57:54;86.896;-0.05;;0.33;
2025.09.19 10:27:18;Buy;0.01;AUDCHF;0.52456;;;2025.09.19 13:57:54;0.52496;-0.05;;0.51;
2025.09.19 10:27:17;Buy;0.01;AUDJPY;97.652;;;2025.09.19 13:57:54;97.682;-0.05;;0.20;
2025.09.18 09:21:12;Sell;0.01;EURUSD;1.17870;;;2025.09.18 16:20:24;1.17856;-0.05;;0.14;
2025.09.18 09:21:13;Buy;0.01;USDCAD;1.37975;;;2025.09.18 16:20:23;1.37916;-0.05;;-0.43;
2025.09.18 09:21:13;Buy;0.01;USDCHF;0.79133;;;2025.09.18 16:20:23;0.79158;-0.05;;0.32;
2025.09.18 09:21:12;Buy;0.01;USDJPY;147.497;;;2025.09.18 16:20:23;147.948;-0.05;;3.05;
2025.09.18 09:21:14;Sell;0.01;NZDUSD;0.59011;;;2025.09.18 16:20:22;0.58884;-0.05;;1.27;
2025.09.18 09:21:13;Sell;0.01;AUDUSD;0.66184;;;2025.09.18 16:20:22;0.66291;-0.05;;-1.07;
2025.09.18 09:21:15;Sell;0.01;EURAUD;1.78076;;;2025.09.18 16:20:21;1.77798;-0.05;;1.84;
2025.09.18 09:21:14;Buy;0.01;EURCHF;0.93271;;;2025.09.18 16:20:21;0.93290;-0.05;;0.24;
2025.09.18 09:21:14;Sell;0.01;EURGBP;0.86705;;;2025.09.18 16:20:21;0.86771;-0.05;;-0.89;
2025.09.18 09:21:15;Buy;0.01;GBPCAD;1.87536;;;2025.09.18 16:20:20;1.87298;-0.05;;-1.72;
2025.09.18 09:21:15;Buy;0.01;GBPCHF;1.07567;;;2025.09.18 16:20:20;1.07515;-0.05;;-0.65;
2025.09.18 09:21:15;Buy;0.01;GBPJPY;200.490;;;2025.09.18 16:20:20;200.950;-0.05;;3.11;
2025.09.18 09:21:17;Buy;0.01;AUDCHF;0.52379;;;2025.09.18 16:20:19;0.52469;-0.05;;1.14;
2025.09.18 09:21:16;Buy;0.01;AUDJPY;97.624;;;2025.09.18 16:20:19;98.066;-0.05;;2.98;
2025.09.18 09:21:16;Buy;0.01;CADCHF;0.57364;;;2025.09.18 16:20:19;0.57399;-0.05;;0.44;
2025.09.18 09:21:16;Buy;0.01;CADJPY;106.915;;;2025.09.18 16:20:19;107.282;-0.05;;2.48;
2025.09.18 09:21:18;Buy;0.01;NZDCHF;0.46703;;;2025.09.18 16:20:18;0.46604;-0.05;;-1.25;
2025.09.18 09:21:17;Buy;0.01;NZDJPY;87.046;;;2025.09.18 16:20:18;87.106;-0.05;;0.40;
2025.09.15 17:10:35;Sell;0.01;AUDCHF;0.52927;;;2025.09.16 17:21:45;0.52587;-0.05;-0.11;4.31;
2025.09.15 17:10:34;Sell;0.01;AUDJPY;98.124;;;2025.09.16 17:21:45;97.832;-0.05;-0.09;1.99;
2025.09.15 17:10:31;Buy;0.01;AUDUSD;0.66561;;;2025.09.16 17:21:45;0.66718;-0.05;-0.03;1.57;
2025.09.15 17:10:34;Sell;0.01;CADCHF;0.57462;;;2025.09.16 17:21:44;0.57349;-0.05;-0.09;1.43;
2025.09.15 17:10:34;Sell;0.01;CADJPY;106.533;;;2025.09.16 17:21:44;106.693;-0.05;-0.09;-1.09;
2025.09.15 17:10:32;Buy;0.01;EURAUD;1.76608;;;2025.09.16 17:21:44;1.77438;-0.05;-0.10;5.53;
2025.09.15 17:10:32;Sell;0.01;EURCHF;0.93471;;;2025.09.16 17:21:43;0.93306;-0.05;-0.12;2.09;
2025.09.15 17:10:32;Buy;0.01;EURGBP;0.86522;;;2025.09.16 17:21:43;0.86639;-0.05;-0.12;1.59;
2025.09.15 17:10:30;Buy;0.01;EURUSD;1.17547;;;2025.09.16 17:21:43;1.18386;-0.05;-0.10;8.39;
2025.09.15 17:10:33;Sell;0.01;GBPCAD;1.88004;;;2025.09.16 17:21:42;1.87791;-0.05;-0.10;1.55;
2025.09.15 17:10:33;Sell;0.01;GBPCHF;1.08038;;;2025.09.16 17:21:42;1.07687;-0.05;-0.21;4.45;
2025.09.15 17:10:33;Sell;0.01;GBPJPY;200.296;;;2025.09.16 17:21:42;200.335;-0.05;-0.21;-0.26;
2025.09.15 17:10:35;Sell;0.01;NZDCHF;0.47384;;;2025.09.16 17:21:41;0.47122;-0.05;-0.08;3.32;
2025.09.15 17:10:35;Sell;0.01;NZDJPY;87.848;;;2025.09.16 17:21:41;87.662;-0.05;-0.07;1.27;
2025.09.15 17:10:32;Buy;0.01;NZDUSD;0.59592;;;2025.09.16 17:21:41;0.59778;-0.05;-0.04;1.86;
2025.09.15 17:10:31;Sell;0.01;USDCAD;1.38384;;;2025.09.16 17:21:41;1.37459;-0.05;-0.07;6.73;
2025.09.15 17:10:31;Sell;0.01;USDCHF;0.79520;;;2025.09.16 17:21:40;0.78817;-0.05;-0.17;8.92;
2025.09.15 17:10:30;Sell;0.01;USDJPY;147.427;;;2025.09.16 17:21:40;146.631;-0.05;-0.15;5.43;
2025.09.11 18:28:59;Sell;0.01;EURUSD;1.17378;;;2025.09.12 08:24:04;1.17268;-0.05;0.05;1.10;
2025.09.11 18:29:00;Sell;0.01;AUDUSD;0.66532;;;2025.09.12 08:24:03;0.66603;-0.05;;-0.71;
2025.09.11 18:28:59;Buy;0.01;USDCAD;1.38352;;;2025.09.12 08:24:03;1.38399;-0.05;0.09;0.34;
2025.09.11 18:28:59;Buy;0.01;USDCHF;0.79582;;;2025.09.12 08:24:03;0.79663;-0.05;0.09;1.02;
2025.09.11 18:28:59;Buy;0.01;USDJPY;147.159;;;2025.09.12 08:24:03;147.503;-0.05;0.06;2.33;
2025.09.11 18:29:01;Buy;0.01;EURCHF;0.93410;;;2025.09.12 08:24:02;0.93415;-0.05;0.03;0.07;
2025.09.11 18:29:00;Sell;0.01;EURGBP;0.86468;;;2025.09.12 08:24:02;0.86520;-0.05;;-0.71;
2025.09.11 18:29:00;Sell;0.01;NZDUSD;0.59674;;;2025.09.12 08:24:02;0.59695;-0.05;0.01;-0.21;
2025.09.11 18:29:02;Buy;0.01;GBPCHF;1.08021;;;2025.09.12 08:24:01;1.07977;-0.05;0.11;-0.55;
2025.09.11 18:29:01;Buy;0.01;GBPJPY;199.752;;;2025.09.12 08:24:01;199.930;-0.05;0.06;1.21;
2025.09.11 18:29:01;Sell;0.01;EURAUD;1.76410;;;2025.09.12 08:24:01;1.76096;-0.05;0.02;2.10;
2025.09.11 18:29:03;Buy;0.01;AUDJPY;97.915;;;2025.09.12 08:24:00;98.227;-0.05;0.04;2.11;
2025.09.11 18:29:03;Buy;0.01;CADCHF;0.57534;;;2025.09.12 08:24:00;0.57557;-0.05;0.03;0.29;
2025.09.11 18:29:02;Buy;0.01;CADJPY;106.391;;;2025.09.12 08:24:00;106.578;-0.05;0.01;1.27;
2025.09.11 18:29:02;Buy;0.01;GBPCAD;1.87768;;;2025.09.12 08:24:00;1.87583;-0.05;;-1.34;
2025.09.11 18:29:04;Buy;0.01;NZDCHF;0.47494;;;2025.09.12 08:23:59;0.47545;-0.05;0.03;0.64;
2025.09.11 18:29:04;Buy;0.01;NZDJPY;87.827;;;2025.09.12 08:23:59;88.037;-0.05;0.03;1.42;
2025.09.11 18:29:04;Buy;0.01;AUDCHF;0.52950;;;2025.09.12 08:23:59;0.53047;-0.05;0.05;1.22;
2025.09.11 16:26:07;Buy;0.01;USDJPY;147.543;;;2025.09.11 17:04:14;147.306;-0.05;;-1.61;
2025.09.11 16:26:07;Sell;0.01;EURUSD;1.17224;;;2025.09.11 17:04:14;1.17407;-0.05;;-1.83;
2025.09.11 16:26:09;Sell;0.01;NZDUSD;0.59421;;;2025.09.11 17:04:13;0.59545;-0.05;;-1.24;
2025.09.11 16:26:09;Sell;0.01;AUDUSD;0.66217;;;2025.09.11 17:04:13;0.66377;-0.05;;-1.60;
2025.09.11 16:26:08;Buy;0.01;USDCAD;1.38637;;;2025.09.11 17:04:13;1.38481;-0.05;;-1.13;
2025.09.11 16:26:08;Buy;0.01;USDCHF;0.79791;;;2025.09.11 17:04:13;0.79609;-0.05;;-2.29;
2025.09.11 16:26:10;Sell;0.01;EURAUD;1.77022;;;2025.09.11 17:04:12;1.76890;-0.05;;0.88;
2025.09.11 16:26:10;Buy;0.01;EURCHF;0.93539;;;2025.09.11 17:04:12;0.93467;-0.05;;-0.90;
2025.09.11 16:26:09;Sell;0.01;EURGBP;0.86550;;;2025.09.11 17:04:12;0.86610;-0.05;;-0.81;
2025.09.11 16:26:11;Buy;0.01;GBPCAD;1.87735;;;2025.09.11 17:04:11;1.87702;-0.05;;-0.24;
2025.09.11 16:26:10;Buy;0.01;GBPCHF;1.08065;;;2025.09.11 17:04:11;1.07918;-0.05;;-1.85;
2025.09.11 16:26:10;Buy;0.01;GBPJPY;199.824;;;2025.09.11 17:04:11;199.695;-0.05;;-0.87;
2025.09.11 16:26:12;Buy;0.01;AUDCHF;0.52838;;;2025.09.11 17:04:10;0.52839;-0.05;;0.01;
2025.09.11 16:26:12;Buy;0.01;AUDJPY;97.706;;;2025.09.11 17:04:10;97.774;-0.05;;0.46;
2025.09.11 16:26:11;Buy;0.01;CADCHF;0.57567;;;2025.09.11 17:04:10;0.57490;-0.05;;-0.97;
2025.09.11 16:26:11;Buy;0.01;CADJPY;106.454;;;2025.09.11 17:04:10;106.386;-0.05;;-0.46;
2025.09.11 16:26:13;Buy;0.01;NZDCHF;0.47418;;;2025.09.11 17:04:09;0.47396;-0.05;;-0.27;
2025.09.11 16:26:12;Buy;0.01;NZDJPY;87.683;;;2025.09.11 17:04:09;87.707;-0.05;;0.16;
2025.09.11 16:06:53;Sell;0.01;USDJPY;147.411;;;2025.09.11 16:25:24;147.539;-0.05;;-0.87;
2025.09.11 16:06:53;Buy;0.01;EURUSD;1.17313;;;2025.09.11 16:25:24;1.17243;-0.05;;-0.70;
2025.09.11 16:06:54;Buy;0.01;AUDUSD;0.66267;;;2025.09.11 16:25:23;0.66224;-0.05;;-0.43;
2025.09.11 16:06:54;Sell;0.01;USDCAD;1.38622;;;2025.09.11 16:25:23;1.38626;-0.05;;-0.03;
2025.09.11 16:06:53;Sell;0.01;USDCHF;0.79700;;;2025.09.11 16:25:23;0.79785;-0.05;;-1.07;
2025.09.11 16:06:55;Buy;0.01;EURGBP;0.86540;;;2025.09.11 16:25:22;0.86566;-0.05;;0.35;
2025.09.11 16:06:54;Buy;0.01;NZDUSD;0.59472;;;2025.09.11 16:25:22;0.59427;-0.05;;-0.45;
2025.09.11 16:06:56;Buy;0.01;EURAUD;1.77035;;;2025.09.11 16:25:21;1.77042;-0.05;;0.05;
2025.09.11 16:06:55;Sell;0.01;EURCHF;0.93498;;;2025.09.11 16:25:21;0.93544;-0.05;;-0.58;
2025.09.11 16:06:57;Sell;0.01;GBPCAD;1.87902;;;2025.09.11 16:25:20;1.87737;-0.05;;1.19;
2025.09.11 16:06:56;Sell;0.01;GBPCHF;1.08049;;;2025.09.11 16:25:20;1.08051;-0.05;;-0.03;
2025.09.11 16:06:56;Sell;0.01;GBPJPY;199.836;;;2025.09.11 16:25:20;199.808;-0.05;;0.19;
2025.09.11 16:06:58;Sell;0.01;AUDJPY;97.680;;;2025.09.11 16:25:19;97.717;-0.05;;-0.25;
2025.09.11 16:06:57;Sell;0.01;CADCHF;0.57500;;;2025.09.11 16:25:19;0.57560;-0.05;;-0.75;
2025.09.11 16:06:57;Sell;0.01;CADJPY;106.352;;;2025.09.11 16:25:19;106.443;-0.05;;-0.61;
2025.09.11 16:06:59;Sell;0.01;NZDCHF;0.47394;;;2025.09.11 16:25:18;0.47421;-0.05;;-0.34;
2025.09.11 16:06:58;Sell;0.01;NZDJPY;87.660;;;2025.09.11 16:25:18;87.690;-0.05;;-0.20;
2025.09.11 16:06:58;Sell;0.01;AUDCHF;0.52813;;;2025.09.11 16:25:18;0.52843;-0.05;;-0.38;
2025.09.11 12:12:20;Buy;0.01;EURUSD;1.16882;;;2025.09.11 13:26:20;1.16867;-0.05;;-0.15;
2025.09.11 12:12:21;Buy;0.01;AUDUSD;0.66046;;;2025.09.11 13:26:19;0.66046;-0.05;;0.00;
2025.09.11 12:12:20;Sell;0.01;USDCAD;1.38835;;;2025.09.11 13:26:19;1.38836;-0.05;;-0.01;
2025.09.11 12:12:20;Sell;0.01;USDCHF;0.79944;;;2025.09.11 13:26:19;0.79944;-0.05;;0.00;
2025.09.11 12:12:20;Sell;0.01;USDJPY;147.872;;;2025.09.11 13:26:19;147.958;-0.05;;-0.58;
2025.09.11 12:12:21;Buy;0.01;EURGBP;0.86527;;;2025.09.11 13:26:18;0.86531;-0.05;;0.05;
2025.09.11 12:12:21;Buy;0.01;NZDUSD;0.59246;;;2025.09.11 13:26:18;0.59300;-0.05;;0.54;
2025.09.11 12:12:22;Sell;0.01;GBPJPY;199.756;;;2025.09.11 13:26:17;199.823;-0.05;;-0.45;
2025.09.11 12:12:22;Buy;0.01;EURAUD;1.76983;;;2025.09.11 13:26:17;1.76927;-0.05;;-0.37;
2025.09.11 12:12:22;Sell;0.01;EURCHF;0.93439;;;2025.09.11 13:26:17;0.93431;-0.05;;0.10;
2025.09.11 12:12:23;Sell;0.01;CADJPY;106.523;;;2025.09.11 13:26:16;106.600;-0.05;;-0.52;
2025.09.11 12:12:23;Sell;0.01;GBPCAD;1.87520;;;2025.09.11 13:26:16;1.87471;-0.05;;0.36;
2025.09.11 12:12:23;Sell;0.01;GBPCHF;1.07997;;;2025.09.11 13:26:16;1.07968;-0.05;;0.36;
2025.09.11 12:12:24;Sell;0.01;AUDCHF;0.52797;;;2025.09.11 13:26:15;0.52807;-0.05;;-0.13;
2025.09.11 12:12:24;Sell;0.01;AUDJPY;97.656;;;2025.09.11 13:26:15;97.734;-0.05;;-0.52;
2025.09.11 12:12:24;Sell;0.01;CADCHF;0.57588;;;2025.09.11 13:26:15;0.57596;-0.05;;-0.10;
2025.09.11 12:12:25;Sell;0.01;NZDCHF;0.47358;;;2025.09.11 13:26:14;0.47414;-0.05;;-0.70;
2025.09.11 12:12:25;Sell;0.01;NZDJPY;87.598;;;2025.09.11 13:26:14;87.751;-0.05;;-1.03;
2025.09.09 11:55:24;Buy;0.01;USDCHF;0.79323;;;2025.09.09 15:37:51;0.79521;-0.05;;2.49;
2025.09.09 11:55:24;Buy;0.01;USDJPY;146.716;;;2025.09.09 15:37:51;146.925;-0.05;;1.42;
2025.09.09 11:55:24;Sell;0.01;EURUSD;1.17582;;;2025.09.09 15:37:51;1.17323;-0.05;;2.59;
2025.09.09 11:55:25;Sell;0.01;NZDUSD;0.59498;;;2025.09.09 15:37:50;0.59424;-0.05;;0.74;
2025.09.09 11:55:25;Sell;0.01;AUDUSD;0.66109;;;2025.09.09 15:37:50;0.65999;-0.05;;1.10;
2025.09.09 11:55:25;Buy;0.01;USDCAD;1.38003;;;2025.09.09 15:37:50;1.38215;-0.05;;1.53;
2025.09.09 11:55:26;Buy;0.01;EURCHF;0.93271;;;2025.09.09 15:37:49;0.93292;-0.05;;0.26;
2025.09.09 11:55:26;Sell;0.01;EURGBP;0.86635;;;2025.09.09 15:37:49;0.86577;-0.05;;0.79;
2025.09.09 11:55:27;Buy;0.01;GBPCHF;1.07654;;;2025.09.09 15:37:48;1.07758;-0.05;;1.31;
2025.09.09 11:55:27;Buy;0.01;GBPJPY;199.113;;;2025.09.09 15:37:48;199.103;-0.05;;-0.07;
2025.09.09 11:55:26;Sell;0.01;EURAUD;1.77850;;;2025.09.09 15:37:48;1.77784;-0.05;;0.44;
2025.09.09 11:55:28;Buy;0.01;CADCHF;0.57487;;;2025.09.09 15:37:47;0.57532;-0.05;;0.56;
2025.09.09 11:55:28;Buy;0.01;CADJPY;106.324;;;2025.09.09 15:37:47;106.299;-0.05;;-0.17;
2025.09.09 11:55:27;Buy;0.01;GBPCAD;1.87282;;;2025.09.09 15:37:47;1.87288;-0.05;;0.05;
2025.09.09 11:55:29;Buy;0.01;NZDJPY;87.304;;;2025.09.09 15:37:46;87.296;-0.05;;-0.05;
2025.09.09 11:55:29;Buy;0.01;AUDCHF;0.52445;;;2025.09.09 15:37:46;0.52476;-0.05;;0.39;
2025.09.09 11:55:28;Buy;0.01;AUDJPY;96.999;;;2025.09.09 15:37:46;96.957;-0.05;;-0.29;
2025.09.09 11:55:29;Buy;0.01;NZDCHF;0.47208;;;2025.09.09 15:37:45;0.47246;-0.05;;0.48;
2025.09.05 16:07:32;Buy;0.01;EURUSD;1.17291;;;2025.09.05 17:28:16;1.17385;-0.05;;0.94;
2025.09.05 16:07:33;Sell;0.01;USDCAD;1.38054;;;2025.09.05 17:28:15;1.38309;-0.05;;-1.84;
2025.09.05 16:07:32;Sell;0.01;USDCHF;0.79905;;;2025.09.05 17:28:15;0.79797;-0.05;;1.35;
2025.09.05 16:07:32;Sell;0.01;USDJPY;147.272;;;2025.09.05 17:28:15;147.146;-0.05;;0.86;
2025.09.05 16:07:33;Buy;0.01;NZDUSD;0.59006;;;2025.09.05 17:28:14;0.58997;-0.05;;-0.09;
2025.09.05 16:07:33;Buy;0.01;AUDUSD;0.65731;;;2025.09.05 17:28:14;0.65629;-0.05;;-1.02;
2025.09.05 16:07:35;Buy;0.01;EURAUD;1.78457;;;2025.09.05 17:28:13;1.78826;-0.05;;2.42;
2025.09.05 16:07:34;Sell;0.01;EURCHF;0.93719;;;2025.09.05 17:28:13;0.93670;-0.05;;0.61;
2025.09.05 16:07:34;Buy;0.01;EURGBP;0.86730;;;2025.09.05 17:28:13;0.86792;-0.05;;0.83;
2025.09.05 16:07:35;Sell;0.01;GBPCHF;1.08062;;;2025.09.05 17:28:12;1.07925;-0.05;;1.71;
2025.09.05 16:07:35;Sell;0.01;GBPJPY;199.168;;;2025.09.05 17:28:12;199.010;-0.05;;1.08;
2025.09.05 16:07:37;Sell;0.01;CADCHF;0.57880;;;2025.09.05 17:28:11;0.57704;-0.05;;2.21;
2025.09.05 16:07:36;Sell;0.01;CADJPY;106.678;;;2025.09.05 17:28:11;106.405;-0.05;;1.86;
2025.09.05 16:07:36;Sell;0.01;GBPCAD;1.86689;;;2025.09.05 17:28:11;1.87041;-0.05;;-2.54;
2025.09.05 16:07:37;Sell;0.01;AUDCHF;0.52519;;;2025.09.05 17:28:10;0.52380;-0.05;;1.74;
2025.09.05 16:07:37;Sell;0.01;AUDJPY;96.800;;;2025.09.05 17:28:10;96.590;-0.05;;1.42;
2025.09.05 16:07:38;Sell;0.01;NZDCHF;0.47146;;;2025.09.05 17:28:09;0.47084;-0.05;;0.78;
2025.09.05 16:07:38;Sell;0.01;NZDJPY;86.894;;;2025.09.05 17:28:09;86.822;-0.05;;0.49;
2025.08.14 10:04:19;Buy;0.01;AUDCHF;0.52753;;;2025.09.05 10:33:06;0.52558;-0.05;0.96;-2.43;
2025.08.14 10:04:19;Buy;0.01;AUDJPY;95.755;;;2025.09.05 10:33:06;96.893;-0.05;0.86;7.68;
2025.08.14 10:04:15;Sell;0.01;AUDUSD;0.65410;;;2025.09.05 10:33:06;0.65368;-0.05;;0.42;
2025.08.14 10:04:18;Buy;0.01;CADCHF;0.58595;;;2025.09.05 10:33:05;0.58266;-0.05;0.66;-4.09;
2025.08.14 10:04:18;Buy;0.01;CADJPY;106.359;;;2025.09.05 10:33:05;107.415;-0.05;0.13;7.12;
2025.08.14 10:04:16;Sell;0.01;EURAUD;1.78721;;;2025.09.05 10:33:05;1.78574;-0.05;0.38;0.96;
2025.08.14 10:04:18;Buy;0.01;GBPCAD;1.87033;;;2025.09.05 10:33:04;1.85696;-0.05;0.11;-9.69;
2025.08.14 10:04:16;Buy;0.01;EURCHF;0.94282;;;2025.09.05 10:33:04;0.93862;-0.05;0.62;-5.23;
2025.08.14 10:04:16;Sell;0.01;EURGBP;0.86036;;;2025.09.05 10:33:04;0.86742;-0.05;0.10;-9.50;
2025.08.14 10:04:13;Sell;0.01;EURUSD;1.16911;;;2025.09.05 10:33:04;1.16722;-0.05;1.07;1.89;
2025.08.14 10:04:20;Buy;0.01;NZDCHF;0.48078;;;2025.09.05 10:33:03;0.47202;-0.05;0.67;-10.89;
2025.08.14 10:04:17;Buy;0.01;GBPCHF;1.09587;;;2025.09.05 10:33:03;1.08209;-0.05;2.38;-17.14;
2025.08.14 10:04:17;Buy;0.01;GBPJPY;198.916;;;2025.09.05 10:33:03;199.478;-0.05;1.34;3.79;
2025.08.14 10:04:19;Buy;0.01;NZDJPY;87.263;;;2025.09.05 10:33:02;87.017;-0.05;0.56;-1.66;
2025.08.14 10:04:15;Sell;0.01;NZDUSD;0.59609;;;2025.09.05 10:33:02;0.58708;-0.05;0.21;9.01;
2025.08.14 10:04:15;Buy;0.01;USDCAD;1.37652;;;2025.09.05 10:33:02;1.38002;-0.05;0.72;2.54;
2025.08.14 10:04:14;Buy;0.01;USDCHF;0.80641;;;2025.09.05 10:33:01;0.80415;-0.05;1.79;-2.81;
2025.08.14 10:04:14;Buy;0.01;USDJPY;146.381;;;2025.09.05 10:33:01;148.239;-0.05;1.27;12.53;
2025.09.03 17:04:53;Buy;0.01;USDCHF;0.80336;;;2025.09.03 18:28:47;0.80284;-0.05;;-0.65;
2025.09.03 17:04:53;Buy;0.01;USDJPY;148.207;;;2025.09.03 18:28:47;148.012;-0.05;;-1.32;
2025.09.03 17:04:52;Sell;0.01;EURUSD;1.16726;;;2025.09.03 18:28:47;1.16810;-0.05;;-0.84;
2025.09.03 17:04:54;Sell;0.01;AUDUSD;0.65477;;;2025.09.03 18:28:46;0.65501;-0.05;;-0.24;
2025.09.03 17:04:53;Buy;0.01;USDCAD;1.37879;;;2025.09.03 18:28:46;1.37858;-0.05;;-0.15;
2025.09.03 17:04:55;Sell;0.01;EURAUD;1.78257;;;2025.09.03 18:28:45;1.78352;-0.05;;-0.62;
2025.09.03 17:04:55;Buy;0.01;EURCHF;0.93780;;;2025.09.03 18:28:45;0.93780;-0.05;;0.00;
2025.09.03 17:04:54;Sell;0.01;EURGBP;0.86837;;;2025.09.03 18:28:45;0.86863;-0.05;;-0.35;
2025.09.03 17:04:54;Sell;0.01;NZDUSD;0.58766;;;2025.09.03 18:28:45;0.58815;-0.05;;-0.49;
2025.09.03 17:04:56;Buy;0.01;GBPCAD;1.85319;;;2025.09.03 18:28:44;1.85381;-0.05;;0.45;
2025.09.03 17:04:56;Buy;0.01;GBPCHF;1.07986;;;2025.09.03 18:28:44;1.07964;-0.05;;-0.28;
2025.09.03 17:04:55;Buy;0.01;GBPJPY;199.212;;;2025.09.03 18:28:44;199.044;-0.05;;-1.14;
2025.09.03 17:04:57;Buy;0.01;AUDJPY;97.049;;;2025.09.03 18:28:43;96.943;-0.05;;-0.71;
2025.09.03 17:04:57;Buy;0.01;CADCHF;0.58274;;;2025.09.03 18:28:43;0.58234;-0.05;;-0.50;
2025.09.03 17:04:57;Buy;0.01;CADJPY;107.503;;;2025.09.03 18:28:43;107.363;-0.05;;-0.94;
2025.09.03 17:04:58;Buy;0.01;NZDCHF;0.47217;;;2025.09.03 18:28:42;0.47212;-0.05;;-0.06;
2025.09.03 17:04:58;Buy;0.01;NZDJPY;87.104;;;2025.09.03 18:28:42;87.042;-0.05;;-0.42;
2025.09.03 17:04:58;Buy;0.01;AUDCHF;0.52607;;;2025.09.03 18:28:42;0.52583;-0.05;;-0.30;
2025.09.03 16:29:01;Buy;0.01;EURUSD;1.16476;;;2025.09.03 16:58:21;1.16480;-0.05;;0.04;
2025.09.03 16:29:02;Sell;0.01;USDCAD;1.37976;;;2025.09.03 16:58:20;1.38029;-0.05;;-0.38;
2025.09.03 16:29:02;Sell;0.01;USDCHF;0.80479;;;2025.09.03 16:58:20;0.80481;-0.05;;-0.02;
2025.09.03 16:29:02;Sell;0.01;USDJPY;148.700;;;2025.09.03 16:58:20;148.645;-0.05;;0.37;
2025.09.03 16:29:03;Buy;0.01;EURGBP;0.86749;;;2025.09.03 16:58:19;0.86820;-0.05;;0.95;
2025.09.03 16:29:03;Buy;0.01;NZDUSD;0.58682;;;2025.09.03 16:58:19;0.58646;-0.05;;-0.36;
2025.09.03 16:29:03;Buy;0.01;AUDUSD;0.65399;;;2025.09.03 16:58:19;0.65368;-0.05;;-0.31;
2025.09.03 16:29:04;Sell;0.01;GBPJPY;199.665;;;2025.09.03 16:58:18;199.418;-0.05;;1.66;
2025.09.03 16:29:04;Buy;0.01;EURAUD;1.78116;;;2025.09.03 16:58:18;1.78180;-0.05;;0.41;
2025.09.03 16:29:04;Sell;0.01;EURCHF;0.93742;;;2025.09.03 16:58:18;0.93748;-0.05;;-0.08;
2025.09.03 16:29:05;Sell;0.01;GBPCAD;1.85250;;;2025.09.03 16:58:17;1.85179;-0.05;;0.52;
2025.09.03 16:29:05;Sell;0.01;GBPCHF;1.08067;;;2025.09.03 16:58:17;1.07977;-0.05;;1.11;
2025.09.03 16:29:06;Sell;0.01;CADCHF;0.58331;;;2025.09.03 16:58:16;0.58314;-0.05;;0.21;
2025.09.03 16:29:06;Sell;0.01;CADJPY;107.774;;;2025.09.03 16:58:16;107.697;-0.05;;0.52;
2025.09.03 16:29:07;Sell;0.01;NZDJPY;87.247;;;2025.09.03 16:58:15;87.180;-0.05;;0.45;
2025.09.03 16:29:07;Sell;0.01;AUDCHF;0.52631;;;2025.09.03 16:58:15;0.52615;-0.05;;0.20;
2025.09.03 16:29:06;Sell;0.01;AUDJPY;97.242;;;2025.09.03 16:58:15;97.170;-0.05;;0.49;
2025.09.03 16:29:08;Sell;0.01;NZDCHF;0.47222;;;2025.09.03 16:58:14;0.47205;-0.05;;0.21;
2025.09.03 10:51:49;Buy;0.01;USDCHF;0.80544;;;2025.09.03 14:22:47;0.80474;-0.05;;-0.87;
2025.09.03 10:51:49;Buy;0.01;USDJPY;148.788;;;2025.09.03 14:22:47;148.688;-0.05;;-0.67;
2025.09.03 10:51:48;Sell;0.01;EURUSD;1.16306;;;2025.09.03 14:22:47;1.16436;-0.05;;-1.30;
2025.09.03 10:51:50;Sell;0.01;NZDUSD;0.58564;;;2025.09.03 14:22:46;0.58625;-0.05;;-0.61;
2025.09.03 10:51:49;Sell;0.01;AUDUSD;0.65205;;;2025.09.03 14:22:46;0.65314;-0.05;;-1.09;
2025.09.03 10:51:49;Buy;0.01;USDCAD;1.38001;;;2025.09.03 14:22:46;1.37988;-0.05;;-0.09;
2025.09.03 10:51:51;Sell;0.01;EURAUD;1.78360;;;2025.09.03 14:22:45;1.78277;-0.05;;0.54;
2025.09.03 10:51:50;Buy;0.01;EURCHF;0.93680;;;2025.09.03 14:22:45;0.93698;-0.05;;0.23;
2025.09.03 10:51:50;Sell;0.01;EURGBP;0.87027;;;2025.09.03 14:22:45;0.86891;-0.05;;1.82;
2025.09.03 10:51:52;Buy;0.01;GBPCHF;1.07639;;;2025.09.03 14:22:44;1.07840;-0.05;;2.50;
2025.09.03 10:51:51;Buy;0.01;GBPJPY;198.821;;;2025.09.03 14:22:44;199.250;-0.05;;2.88;
2025.09.03 10:51:53;Buy;0.01;CADCHF;0.58376;;;2025.09.03 14:22:43;0.58318;-0.05;;-0.72;
2025.09.03 10:51:52;Buy;0.01;CADJPY;107.827;;;2025.09.03 14:22:43;107.752;-0.05;;-0.50;
2025.09.03 10:51:52;Buy;0.01;GBPCAD;1.84403;;;2025.09.03 14:22:43;1.84905;-0.05;;3.64;
2025.09.03 10:51:55;Buy;0.01;NZDCHF;0.47174;;;2025.09.03 14:22:42;0.47172;-0.05;;-0.02;
2025.09.03 10:51:54;Buy;0.01;NZDJPY;87.138;;;2025.09.03 14:22:42;87.158;-0.05;;0.13;
2025.09.03 10:51:54;Buy;0.01;AUDCHF;0.52522;;;2025.09.03 14:22:42;0.52556;-0.05;;0.42;
2025.09.03 10:51:53;Buy;0.01;AUDJPY;97.017;;;2025.09.03 14:22:42;97.107;-0.05;;0.61;
2025.09.02 11:04:03;Buy;0.01;USDCHF;0.80369;;;2025.09.02 22:33:05;0.80487;-0.05;;1.47;
2025.09.02 11:04:03;Buy;0.01;USDJPY;148.638;;;2025.09.02 22:33:05;148.356;-0.05;;-1.90;
2025.09.02 11:04:03;Sell;0.01;EURUSD;1.16489;;;2025.09.02 22:33:05;1.16387;-0.05;;1.02;
2025.09.02 11:04:04;Sell;0.01;NZDUSD;0.58536;;;2025.09.02 22:33:04;0.58633;-0.05;;-0.97;
2025.09.02 11:04:04;Sell;0.01;AUDUSD;0.65054;;;2025.09.02 22:33:04;0.65192;-0.05;;-1.38;
2025.09.02 11:04:04;Buy;0.01;USDCAD;1.37769;;;2025.09.02 22:33:04;1.37856;-0.05;;0.63;
2025.09.02 11:04:06;Sell;0.01;EURAUD;1.79054;;;2025.09.02 22:33:03;1.78545;-0.05;;3.32;
2025.09.02 11:04:05;Buy;0.01;EURCHF;0.93621;;;2025.09.02 22:33:03;0.93673;-0.05;;0.65;
2025.09.02 11:04:05;Sell;0.01;EURGBP;0.86905;;;2025.09.02 22:33:03;0.86935;-0.05;;-0.40;
2025.09.02 11:04:07;Buy;0.01;CADJPY;107.902;;;2025.09.02 22:33:02;107.614;-0.05;;-1.94;
2025.09.02 11:04:07;Buy;0.01;GBPCAD;1.84656;;;2025.09.02 22:33:02;1.84554;-0.05;;-0.74;
2025.09.02 11:04:06;Buy;0.01;GBPCHF;1.07724;;;2025.09.02 22:33:02;1.07757;-0.05;;0.41;
2025.09.02 11:04:06;Buy;0.01;GBPJPY;199.228;;;2025.09.02 22:33:02;198.619;-0.05;;-4.11;
2025.09.02 11:04:08;Buy;0.01;AUDCHF;0.52286;;;2025.09.02 22:33:01;0.52466;-0.05;;2.24;
2025.09.02 11:04:08;Buy;0.01;AUDJPY;96.701;;;2025.09.02 22:33:01;96.707;-0.05;;0.04;
2025.09.02 11:04:07;Buy;0.01;CADCHF;0.58343;;;2025.09.02 22:33:01;0.58382;-0.05;;0.49;
2025.09.02 11:04:09;Buy;0.01;NZDCHF;0.47050;;;2025.09.02 22:33:00;0.47179;-0.05;;1.60;
2025.09.02 11:04:08;Buy;0.01;NZDJPY;87.015;;;2025.09.02 22:33:00;86.964;-0.05;;-0.35;
2025.08.29 22:00:49;Balance;;;;;;;;;;-120.00;Withdrawal
2025.08.29 13:03:56;Buy;0.01;USDJPY;147.095;;;2025.08.29 15:21:30;147.270;-0.05;;1.19;
2025.08.29 13:03:56;Sell;0.01;EURUSD;1.16736;;;2025.08.29 15:21:30;1.16585;-0.05;;1.51;
2025.08.29 13:03:58;Sell;0.01;EURGBP;0.86703;;;2025.08.29 15:21:29;0.86649;-0.05;;0.73;
2025.08.29 13:03:57;Sell;0.01;NZDUSD;0.58872;;;2025.08.29 15:21:29;0.58838;-0.05;;0.34;
2025.08.29 13:03:57;Sell;0.01;AUDUSD;0.65290;;;2025.08.29 15:21:29;0.65265;-0.05;;0.25;
2025.08.29 13:03:57;Buy;0.01;USDCHF;0.80157;;;2025.08.29 15:21:29;0.80310;-0.05;;1.91;
2025.08.29 13:03:59;Buy;0.01;GBPJPY;198.044;;;2025.08.29 15:21:28;198.153;-0.05;;0.74;
2025.08.29 13:03:59;Sell;0.01;EURAUD;1.78783;;;2025.08.29 15:21:28;1.78643;-0.05;;0.92;
2025.08.29 13:03:58;Buy;0.01;EURCHF;0.93575;;;2025.08.29 15:21:28;0.93623;-0.05;;0.60;
2025.08.29 13:04:00;Buy;0.01;CADCHF;0.58277;;;2025.08.29 15:21:27;0.58399;-0.05;;1.52;
2025.08.29 13:04:00;Buy;0.01;CADJPY;106.942;;;2025.08.29 15:21:27;107.102;-0.05;;1.09;
2025.08.29 13:03:59;Buy;0.01;GBPCAD;1.85200;;;2025.08.29 15:21:27;1.85005;-0.05;;-1.42;
2025.08.29 13:03:59;Buy;0.01;GBPCHF;1.07921;;;2025.08.29 15:21:27;1.08048;-0.05;;1.58;
2025.08.29 13:04:02;Buy;0.01;NZDJPY;86.607;;;2025.08.29 15:21:26;86.648;-0.05;;0.27;
2025.08.29 13:04:01;Buy;0.01;AUDCHF;0.52339;;;2025.08.29 15:21:26;0.52409;-0.05;;0.87;
2025.08.29 13:04:01;Buy;0.01;AUDJPY;96.044;;;2025.08.29 15:21:26;96.116;-0.05;;0.49;
2025.08.29 13:04:02;Buy;0.01;NZDCHF;0.47195;;;2025.08.29 15:21:25;0.47246;-0.05;;0.64;
2025.08.28 11:23:23;Buy;0.01;USDCAD;1.37829;;;2025.08.28 13:49:10;1.37617;-0.05;;-1.54;
2025.08.28 11:25:00;Sell;0.01;EURUSD;1.16381;;;2025.08.28 13:49:05;1.16745;-0.05;;-3.64;
2025.08.28 11:25:14;Buy;0.01;USDJPY;147.314;;;2025.08.28 13:49:01;146.908;-0.05;;-2.76;
2025.08.28 11:25:24;Buy;0.01;USDCHF;0.80167;;;2025.08.28 13:48:58;0.79956;-0.05;;-2.64;
2025.08.28 11:25:54;Sell;0.01;AUDUSD;0.65110;;;2025.08.28 13:48:54;0.65299;-0.05;;-1.89;
2025.08.28 11:26:10;Sell;0.01;NZDUSD;0.58576;;;2025.08.28 13:48:51;0.58749;-0.05;;-1.73;
2025.08.28 11:26:26;Sell;0.01;EURGBP;0.86252;;;2025.08.28 13:48:48;0.86319;-0.05;;-0.91;
2025.08.28 11:26:37;Buy;0.01;EURCHF;0.93297;;;2025.08.28 13:48:45;0.93342;-0.05;;0.56;
2025.08.28 11:26:48;Sell;0.01;EURAUD;1.78683;;;2025.08.28 13:48:41;1.78782;-0.05;;-0.65;
2025.08.28 11:26:57;Buy;0.01;GBPJPY;198.758;;;2025.08.28 13:48:38;198.690;-0.05;;-0.46;
2025.08.28 11:27:06;Buy;0.01;GBPCHF;1.08161;;;2025.08.28 13:48:35;1.08135;-0.05;;-0.33;
2025.08.28 11:27:18;Buy;0.01;GBPCAD;1.85886;;;2025.08.28 13:48:31;1.86079;-0.05;;1.40;
2025.08.28 11:27:28;Buy;0.01;CADJPY;106.924;;;2025.08.28 13:48:27;106.767;-0.05;;-1.07;
2025.08.28 11:27:38;Buy;0.01;CADCHF;0.58189;;;2025.08.28 13:48:24;0.58106;-0.05;;-1.03;
2025.08.28 11:27:49;Buy;0.01;AUDJPY;95.944;;;2025.08.28 13:48:20;95.929;-0.05;;-0.10;
2025.08.28 11:27:59;Buy;0.01;AUDCHF;0.52212;;;2025.08.28 13:48:17;0.52206;-0.05;;-0.08;
2025.08.28 11:28:11;Buy;0.01;NZDJPY;86.326;;;2025.08.28 13:48:13;86.298;-0.05;;-0.19;
2025.08.28 11:28:20;Buy;0.01;NZDCHF;0.46979;;;2025.08.28 13:48:10;0.46962;-0.05;;-0.22;
2025.08.25 11:19:06;Buy;0.01;USDJPY;147.319;;;2025.08.26 08:30:39;147.803;-0.05;0.06;3.27;
2025.08.25 11:19:05;Sell;0.01;EURUSD;1.17031;;;2025.08.26 08:30:39;1.16329;-0.05;0.05;7.02;
2025.08.25 11:19:07;Sell;0.01;NZDUSD;0.58701;;;2025.08.26 08:30:38;0.58407;-0.05;0.01;2.94;
2025.08.25 11:19:07;Sell;0.01;AUDUSD;0.64963;;;2025.08.26 08:30:38;0.64794;-0.05;;1.69;
2025.08.25 11:19:06;Buy;0.01;USDCAD;1.38278;;;2025.08.26 08:30:38;1.38524;-0.05;0.03;1.78;
2025.08.25 11:19:06;Buy;0.01;USDCHF;0.80242;;;2025.08.26 08:30:38;0.80554;-0.05;0.08;3.87;
2025.08.25 11:19:08;Buy;0.01;CADJPY;106.550;;;2025.08.26 08:30:37;106.700;-0.05;0.01;1.02;
2025.08.25 11:19:08;Sell;0.01;EURAUD;1.80138;;;2025.08.26 08:30:37;1.79560;-0.05;0.02;3.74;
2025.08.25 11:19:07;Buy;0.01;EURCHF;0.93908;;;2025.08.26 08:30:37;0.93706;-0.05;0.03;-2.51;
2025.08.25 11:19:09;Buy;0.01;AUDCHF;0.52131;;;2025.08.26 08:30:36;0.52188;-0.05;0.04;0.70;
2025.08.25 11:19:09;Buy;0.01;AUDJPY;95.708;;;2025.08.26 08:30:36;95.759;-0.05;0.04;0.34;
2025.08.25 11:19:08;Buy;0.01;CADCHF;0.58038;;;2025.08.26 08:30:36;0.58151;-0.05;0.03;1.40;
2025.08.25 11:19:10;Buy;0.01;NZDCHF;0.47109;;;2025.08.26 08:30:35;0.47044;-0.05;0.03;-0.81;
2025.08.25 11:19:10;Buy;0.01;NZDJPY;86.489;;;2025.08.26 08:30:35;86.321;-0.05;0.03;-1.14;
2025.08.14 10:04:17;Sell;0.01;EURNZD;1.96110;;;2025.08.25 08:40:32;1.99497;-0.05;-0.05;-19.87;
2025.08.21 11:03:52;Sell;0.01;EURUSD;1.16547;;;2025.08.21 18:00:30;1.16163;-0.05;;3.84;
2025.08.21 11:03:53;Sell;0.01;AUDUSD;0.64201;;;2025.08.21 18:00:29;0.64260;-0.05;;-0.59;
2025.08.21 11:03:53;Buy;0.01;USDCAD;1.38831;;;2025.08.21 18:00:29;1.38974;-0.05;;1.03;
2025.08.21 11:03:53;Buy;0.01;USDCHF;0.80520;;;2025.08.21 18:00:29;0.80795;-0.05;;3.40;
2025.08.21 11:03:52;Buy;0.01;USDJPY;147.606;;;2025.08.21 18:00:29;148.151;-0.05;;3.68;
2025.08.21 11:03:54;Sell;0.01;EURGBP;0.86622;;;2025.08.21 18:00:28;0.86525;-0.05;;1.30;
2025.08.21 11:03:54;Sell;0.01;NZDUSD;0.58184;;;2025.08.21 18:00:28;0.58206;-0.05;;-0.22;
2025.08.21 11:03:55;Buy;0.01;GBPJPY;198.577;;;2025.08.21 18:00:27;198.882;-0.05;;2.06;
2025.08.21 11:03:55;Sell;0.01;EURAUD;1.81513;;;2025.08.21 18:00:27;1.80789;-0.05;;4.65;
2025.08.21 11:03:54;Buy;0.01;EURCHF;0.93847;;;2025.08.21 18:00:27;0.93853;-0.05;;0.07;
2025.08.21 11:03:56;Buy;0.01;CADCHF;0.58011;;;2025.08.21 18:00:26;0.58144;-0.05;;1.65;
2025.08.21 11:03:56;Buy;0.01;CADJPY;106.342;;;2025.08.21 18:00:26;106.613;-0.05;;1.83;
2025.08.21 11:03:56;Buy;0.01;GBPCAD;1.86758;;;2025.08.21 18:00:26;1.86548;-0.05;;-1.51;
2025.08.21 11:03:55;Buy;0.01;GBPCHF;1.08326;;;2025.08.21 18:00:26;1.08463;-0.05;;1.69;
2025.08.21 11:03:58;Buy;0.01;NZDJPY;85.893;;;2025.08.21 18:00:25;86.222;-0.05;;2.22;
2025.08.21 11:03:57;Buy;0.01;AUDCHF;0.51701;;;2025.08.21 18:00:25;0.51916;-0.05;;2.66;
2025.08.21 11:03:57;Buy;0.01;AUDJPY;94.772;;;2025.08.21 18:00:25;95.195;-0.05;;2.85;
2025.08.21 11:03:58;Buy;0.01;NZDCHF;0.46856;;;2025.08.21 18:00:24;0.47022;-0.05;;2.05;
2025.08.20 11:51:58;Buy;0.01;USDJPY;147.537;;;2025.08.20 13:34:01;147.378;-0.05;;-1.08;
2025.08.20 11:51:57;Sell;0.01;EURUSD;1.16405;;;2025.08.20 13:34:01;1.16577;-0.05;;-1.72;
2025.08.20 11:51:59;Sell;0.01;AUDUSD;0.64348;;;2025.08.20 13:34:00;0.64361;-0.05;;-0.13;
2025.08.20 11:51:58;Buy;0.01;USDCAD;1.38778;;;2025.08.20 13:34:00;1.38720;-0.05;;-0.42;
2025.08.20 11:51:58;Buy;0.01;USDCHF;0.80785;;;2025.08.20 13:34:00;0.80694;-0.05;;-1.13;
2025.08.20 11:52:00;Buy;0.01;EURCHF;0.94042;;;2025.08.20 13:33:59;0.94061;-0.05;;0.24;
2025.08.20 11:52:00;Sell;0.01;EURGBP;0.86211;;;2025.08.20 13:33:59;0.86361;-0.05;;-2.02;
2025.08.20 11:51:59;Sell;0.01;NZDUSD;0.58296;;;2025.08.20 13:33:59;0.58295;-0.05;;0.01;
2025.08.20 11:52:01;Buy;0.01;GBPCHF;1.09075;;;2025.08.20 13:33:58;1.08921;-0.05;;-1.90;
2025.08.20 11:52:01;Buy;0.01;GBPJPY;199.200;;;2025.08.20 13:33:58;198.938;-0.05;;-1.78;
2025.08.20 11:52:00;Sell;0.01;EURAUD;1.80889;;;2025.08.20 13:33:58;1.81134;-0.05;;-1.58;
2025.08.20 11:52:02;Buy;0.01;CADCHF;0.58221;;;2025.08.20 13:33:57;0.58170;-0.05;;-0.63;
2025.08.20 11:52:02;Buy;0.01;CADJPY;106.331;;;2025.08.20 13:33:57;106.245;-0.05;;-0.58;
2025.08.20 11:52:02;Buy;0.01;GBPCAD;1.87361;;;2025.08.20 13:33:57;1.87234;-0.05;;-0.92;
2025.08.20 11:52:03;Buy;0.01;NZDJPY;86.024;;;2025.08.20 13:33:56;85.904;-0.05;;-0.82;
2025.08.20 11:52:03;Buy;0.01;AUDCHF;0.51990;;;2025.08.20 13:33:56;0.51929;-0.05;;-0.75;
2025.08.20 11:52:03;Buy;0.01;AUDJPY;94.951;;;2025.08.20 13:33:56;94.847;-0.05;;-0.71;
2025.08.20 11:52:04;Buy;0.01;NZDCHF;0.47102;;;2025.08.20 13:33:55;0.47033;-0.05;;-0.86;
2025.08.19 10:26:49;Buy;0.01;USDCHF;0.80599;;;2025.08.19 19:06:17;0.80704;-0.05;;1.30;
2025.08.19 10:26:49;Buy;0.01;USDJPY;147.637;;;2025.08.19 19:06:17;147.640;-0.05;;0.02;
2025.08.19 10:26:49;Sell;0.01;EURUSD;1.16776;;;2025.08.19 19:06:17;1.16590;-0.05;;1.86;
2025.08.19 10:26:50;Sell;0.01;NZDUSD;0.59239;;;2025.08.19 19:06:16;0.59012;-0.05;;2.27;
2025.08.19 10:26:50;Sell;0.01;AUDUSD;0.64905;;;2025.08.19 19:06:16;0.64595;-0.05;;3.10;
2025.08.19 10:26:50;Buy;0.01;USDCAD;1.38048;;;2025.08.19 19:06:16;1.38577;-0.05;;3.82;
2025.08.19 10:26:51;Sell;0.01;EURAUD;1.79904;;;2025.08.19 19:06:15;1.80526;-0.05;;-4.02;
2025.08.19 10:26:51;Buy;0.01;EURCHF;0.94123;;;2025.08.19 19:06:15;0.94097;-0.05;;-0.32;
2025.08.19 10:26:50;Sell;0.01;EURGBP;0.86375;;;2025.08.19 19:06:15;0.86441;-0.05;;-0.89;
2025.08.19 10:26:52;Buy;0.01;CADJPY;106.957;;;2025.08.19 19:06:14;106.538;-0.05;;-2.83;
2025.08.19 10:26:52;Buy;0.01;GBPCAD;1.86622;;;2025.08.19 19:06:14;1.86925;-0.05;;2.19;
2025.08.19 10:26:52;Buy;0.01;GBPCHF;1.08965;;;2025.08.19 19:06:14;1.08864;-0.05;;-1.25;
2025.08.19 10:26:51;Buy;0.01;GBPJPY;199.594;;;2025.08.19 19:06:14;199.154;-0.05;;-2.98;
2025.08.19 10:26:53;Buy;0.01;AUDCHF;0.52317;;;2025.08.19 19:06:13;0.52124;-0.05;;-2.39;
2025.08.19 10:26:53;Buy;0.01;AUDJPY;95.829;;;2025.08.19 19:06:13;95.361;-0.05;;-3.17;
2025.08.19 10:26:53;Buy;0.01;CADCHF;0.58392;;;2025.08.19 19:06:13;0.58233;-0.05;;-1.97;
2025.08.19 10:26:54;Buy;0.01;NZDCHF;0.47753;;;2025.08.19 19:06:12;0.47615;-0.05;;-1.71;
2025.08.19 10:26:53;Buy;0.01;NZDJPY;87.469;;;2025.08.19 19:06:12;87.112;-0.05;;-2.42;
2025.08.15 08:35:12;Buy;0.01;AUDCHF;0.52435;;;2025.08.18 16:31:02;0.52527;-0.05;0.04;1.14;
2025.08.15 08:35:12;Buy;0.01;AUDJPY;95.650;;;2025.08.18 16:31:02;96.186;-0.05;0.04;3.62;
2025.08.15 08:35:12;Buy;0.01;CADCHF;0.58435;;;2025.08.18 16:31:01;0.58531;-0.05;0.03;1.19;
2025.08.15 08:35:12;Buy;0.01;CADJPY;106.593;;;2025.08.18 16:31:01;107.179;-0.05;0.01;3.96;
2025.08.15 08:35:08;Sell;0.01;AUDUSD;0.65012;;;2025.08.18 16:31:01;0.65056;-0.05;;-0.44;
2025.08.15 08:35:10;Sell;0.01;EURNZD;1.96980;;;2025.08.18 16:31:00;1.96873;-0.05;;0.63;
2025.08.15 08:35:10;Sell;0.01;EURAUD;1.79381;;;2025.08.18 16:31:00;1.79453;-0.05;0.02;-0.47;
2025.08.15 08:35:09;Buy;0.01;EURCHF;0.94064;;;2025.08.18 16:31:00;0.94262;-0.05;0.03;2.46;
2025.08.15 08:35:09;Sell;0.01;EURGBP;0.86094;;;2025.08.18 16:31:00;0.86220;-0.05;0.01;-1.71;
2025.08.15 08:35:11;Buy;0.01;GBPCAD;1.86983;;;2025.08.18 16:30:59;1.86781;-0.05;0.01;-1.46;
2025.08.15 08:35:11;Buy;0.01;GBPCHF;1.09252;;;2025.08.18 16:30:59;1.09329;-0.05;0.12;0.95;
2025.08.15 08:35:07;Sell;0.01;EURUSD;1.16633;;;2025.08.18 16:30:59;1.16735;-0.05;0.05;-1.02;
2025.08.15 08:35:13;Buy;0.01;NZDCHF;0.47752;;;2025.08.18 16:30:58;0.47880;-0.05;0.03;1.59;
2025.08.15 08:35:13;Buy;0.01;NZDJPY;87.105;;;2025.08.18 16:30:58;87.676;-0.05;0.03;3.86;
2025.08.15 08:35:10;Buy;0.01;GBPJPY;199.296;;;2025.08.18 16:30:58;200.201;-0.05;0.06;6.12;
2025.08.15 08:35:09;Sell;0.01;NZDUSD;0.59200;;;2025.08.18 16:30:57;0.59303;-0.05;0.01;-1.03;
2025.08.15 08:35:08;Buy;0.01;USDCAD;1.38032;;;2025.08.18 16:30:57;1.37960;-0.05;0.03;-0.52;
2025.08.15 08:35:08;Buy;0.01;USDCHF;0.80647;;;2025.08.18 16:30:57;0.80749;-0.05;0.08;1.26;
2025.08.15 08:35:07;Buy;0.01;USDJPY;147.113;;;2025.08.18 16:30:57;147.864;-0.05;0.06;5.08;
2025.08.12 16:19:52;Sell;0.01;AUDCHF;0.52657;;;2025.08.13 21:04:11;0.52680;-0.05;-0.11;-0.29;
2025.08.12 16:19:52;Sell;0.01;AUDJPY;96.295;;;2025.08.13 21:04:11;96.436;-0.05;-0.08;-0.95;
2025.08.12 16:19:48;Buy;0.01;AUDUSD;0.64987;;;2025.08.13 21:04:11;0.65391;-0.05;-0.03;4.04;
2025.08.12 16:19:51;Sell;0.01;CADCHF;0.58781;;;2025.08.13 21:04:10;0.58502;-0.05;-0.09;3.47;
2025.08.12 16:19:51;Sell;0.01;CADJPY;107.491;;;2025.08.13 21:04:10;107.095;-0.05;-0.09;2.69;
2025.08.12 16:19:50;Buy;0.01;EURAUD;1.79022;;;2025.08.13 21:04:10;1.78923;-0.05;-0.10;-0.64;
2025.08.12 16:19:50;Buy;0.01;EURNZD;1.96207;;;2025.08.13 21:04:09;1.95967;-0.05;-0.08;-1.43;
2025.08.12 16:19:49;Sell;0.01;EURCHF;0.94264;;;2025.08.13 21:04:09;0.94260;-0.05;-0.11;0.05;
2025.08.12 16:19:49;Buy;0.01;EURGBP;0.86286;;;2025.08.13 21:04:09;0.86232;-0.05;-0.13;-0.74;
2025.08.12 16:19:51;Sell;0.01;GBPCAD;1.85854;;;2025.08.13 21:04:08;1.86867;-0.05;-0.10;-7.36;
2025.08.12 16:19:50;Sell;0.01;GBPCHF;1.09255;;;2025.08.13 21:04:08;1.09313;-0.05;-0.22;-0.72;
2025.08.12 16:19:47;Buy;0.01;EURUSD;1.16333;;;2025.08.13 21:04:08;1.17015;-0.05;-0.10;6.82;
2025.08.08 13:47:45;Sell;0.01;EURUSD;1.16339;;;2025.08.13 21:04:08;1.17013;-0.05;0.15;-6.74;
2025.08.12 16:19:53;Sell;0.01;NZDCHF;0.48044;;;2025.08.13 21:04:07;0.48101;-0.05;-0.08;-0.70;
2025.08.12 16:19:52;Sell;0.01;NZDJPY;87.859;;;2025.08.13 21:04:07;88.087;-0.05;-0.07;-1.55;
2025.08.12 16:19:50;Sell;0.01;GBPJPY;199.790;;;2025.08.13 21:04:07;200.113;-0.05;-0.20;-2.19;
2025.08.12 16:19:49;Buy;0.01;NZDUSD;0.59298;;;2025.08.13 21:04:06;0.59703;-0.05;-0.03;4.05;
2025.08.12 16:19:48;Sell;0.01;USDCAD;1.37858;;;2025.08.13 21:04:06;1.37710;-0.05;-0.07;1.07;
2025.08.08 13:47:45;Buy;0.01;USDCHF;0.80826;;;2025.08.13 21:04:06;0.80546;-0.05;0.24;-3.48;
2025.08.12 16:19:48;Sell;0.01;USDCHF;0.81035;;;2025.08.13 21:04:05;0.80554;-0.05;-0.17;5.97;
2025.08.12 16:19:47;Sell;0.01;USDJPY;148.180;;;2025.08.13 21:04:05;147.465;-0.05;-0.15;4.85;
2025.08.11 11:52:13;Buy;0.01;NZDJPY;87.709;;;2025.08.12 16:21:19;87.869;-0.05;0.03;1.08;
2025.08.11 11:52:13;Buy;0.01;AUDJPY;96.198;;;2025.08.12 16:21:15;96.313;-0.05;0.04;0.77;
2025.08.11 11:52:12;Buy;0.01;CADJPY;107.180;;;2025.08.12 16:21:11;107.517;-0.05;0.01;2.28;
2025.08.11 11:52:12;Buy;0.01;GBPJPY;198.575;;;2025.08.12 16:21:06;199.854;-0.05;0.06;8.63;
2025.08.11 11:52:12;Sell;0.01;AUDUSD;0.65206;;;2025.08.12 16:21:03;0.64976;-0.05;;2.30;
2025.08.11 11:52:11;Buy;0.01;USDJPY;147.519;;;2025.08.12 16:20:59;148.229;-0.05;0.06;4.79;
2025.08.08 13:47:49;Buy;0.01;NZDCHF;0.48150;;;2025.08.12 16:20:56;0.48047;-0.05;0.06;-1.27;
2025.08.08 13:47:49;Buy;0.01;AUDCAD;0.89589;;;2025.08.12 16:20:51;0.89563;-0.05;-0.01;-0.19;
2025.08.08 13:47:48;Buy;0.01;AUDCHF;0.52735;;;2025.08.12 16:20:42;0.52663;-0.05;0.08;-0.89;
2025.08.08 13:47:48;Buy;0.01;CADCHF;0.58867;;;2025.08.12 16:20:38;0.58790;-0.05;0.06;-0.95;
2025.08.08 13:47:48;Buy;0.01;GBPCAD;1.84476;;;2025.08.12 16:20:33;1.85843;-0.05;0.02;9.92;
2025.08.08 13:47:47;Buy;0.01;GBPCHF;1.08587;;;2025.08.12 16:20:29;1.09261;-0.05;0.22;8.32;
2025.08.08 13:47:47;Sell;0.01;EURNZD;1.95283;;;2025.08.12 16:20:26;1.96191;-0.05;;-5.39;
2025.08.08 13:47:47;Sell;0.01;EURAUD;1.78304;;;2025.08.12 16:20:21;1.79001;-0.05;0.04;-4.53;
2025.08.08 13:47:47;Buy;0.01;EURCHF;0.94031;;;2025.08.12 16:20:17;0.94264;-0.05;0.06;2.88;
2025.08.08 13:47:46;Sell;0.01;EURGBP;0.86591;;;2025.08.12 16:20:14;0.86285;-0.05;0.02;4.13;
2025.08.08 13:47:46;Sell;0.01;NZDUSD;0.59564;;;2025.08.12 16:20:06;0.59298;-0.05;0.02;2.66;
2025.08.08 13:47:46;Buy;0.01;USDCAD;1.37320;;;2025.08.12 16:20:02;1.37853;-0.05;0.06;3.87;
2025.05.19 08:57:16;Buy;0.01;AUDCAD;0.89420;;;2025.08.08 13:22:47;0.89542;-0.05;0.13;0.89;
2025.05.16 08:28:31;Buy;0.01;AUDCHF;0.53634;;;2025.08.08 13:22:47;0.52697;-0.05;3.76;-11.59;
2025.05.16 08:28:30;Buy;0.01;AUDJPY;93.442;;;2025.08.08 13:22:47;96.346;-0.05;3.46;19.66;
2025.05.19 08:57:16;Buy;0.01;CADCHF;0.59855;;;2025.08.08 13:22:46;0.58849;-0.05;2.27;-12.45;
2025.05.19 08:57:16;Buy;0.01;CADJPY;103.954;;;2025.08.08 13:22:46;107.596;-0.05;0.70;24.65;
2025.05.16 08:28:29;Sell;0.01;EURAUD;1.74310;;;2025.08.08 13:22:46;1.78454;-0.05;1.81;-27.03;
2025.05.16 08:28:29;Buy;0.01;EURCHF;0.93487;;;2025.08.08 13:22:46;0.94032;-0.05;2.30;6.75;
2025.06.19 10:16:49;Sell;0.01;EURNZD;1.91894;;;2025.08.08 13:22:45;1.95426;-0.05;0.18;-21.04;
2025.05.27 11:16:16;Buy;0.01;EURJPY;163.128;;;2025.08.08 13:22:45;171.931;-0.05;0.06;59.59;
2025.05.16 08:28:29;Sell;0.01;EURGBP;0.84124;;;2025.08.08 13:22:45;0.86595;-0.05;0.68;-33.21;
2025.07.21 13:36:43;Sell;0.01;EURUSD;1.16389;;;2025.08.08 13:22:44;1.16386;-0.05;0.97;0.03;
2025.05.19 08:57:15;Buy;0.01;GBPCAD;1.85757;;;2025.08.08 13:22:44;1.84523;-0.05;1.16;-8.99;
2025.05.16 08:28:30;Buy;0.01;GBPCHF;1.11121;;;2025.08.08 13:22:44;1.08596;-0.05;9.63;-31.25;
2025.05.16 08:28:31;Buy;0.01;NZDCHF;0.49298;;;2025.08.08 13:22:43;0.48117;-0.05;2.98;-14.62;
2025.05.16 08:28:31;Buy;0.01;NZDJPY;85.886;;;2025.08.08 13:22:43;87.976;-0.05;0.83;14.15;
2025.05.16 08:28:30;Buy;0.01;GBPJPY;193.598;;;2025.08.08 13:22:43;198.547;-0.05;4.83;33.50;
2025.05.27 11:16:16;Sell;0.01;NZDUSD;0.59648;;;2025.08.08 13:22:42;0.59561;-0.05;0.60;0.87;
2025.05.16 08:28:28;Buy;0.01;USDCAD;1.39416;;;2025.08.08 13:22:42;1.37300;-0.05;2.46;-15.41;
2025.05.16 08:28:28;Buy;0.01;USDCHF;0.83414;;;2025.08.08 13:22:42;0.80797;-0.05;6.82;-32.39;
2025.05.16 08:28:28;Buy;0.01;USDJPY;145.326;;;2025.08.08 13:22:41;147.721;-0.05;4.81;16.21;
2025.08.06 18:31:41;Buy;0.01;NZDCHF;0.47853;;;2025.08.07 13:22:33;0.47980;-0.05;0.10;1.57;
2025.08.06 18:31:40;Buy;0.01;NZDJPY;87.446;;;2025.08.07 13:22:33;87.730;-0.05;0.11;1.93;
2025.08.06 18:31:40;Buy;0.01;AUDCAD;0.89320;;;2025.08.07 13:22:33;0.89621;-0.05;0.01;2.20;
2025.08.06 18:31:39;Buy;0.01;AUDCHF;0.52418;;;2025.08.07 13:22:32;0.52602;-0.05;0.13;2.28;
2025.08.06 18:31:39;Buy;0.01;AUDJPY;95.789;;;2025.08.07 13:22:32;96.179;-0.05;0.16;2.64;
2025.08.06 18:31:39;Buy;0.01;CADCHF;0.58688;;;2025.08.07 13:22:32;0.58691;-0.05;0.09;0.04;
2025.08.06 18:31:37;Buy;0.01;CADJPY;107.249;;;2025.08.07 13:22:31;107.317;-0.05;0.02;0.46;
2025.08.06 18:31:37;Buy;0.01;GBPCAD;1.83401;;;2025.08.07 13:22:31;1.83601;-0.05;0.02;1.45;
2025.08.06 18:31:36;Buy;0.01;GBPCHF;1.07629;;;2025.08.07 13:22:31;1.07764;-0.05;0.35;1.67;
2025.08.06 18:31:35;Buy;0.01;GBPJPY;196.679;;;2025.08.07 13:22:30;197.037;-0.05;0.25;2.43;
2025.08.06 18:31:35;Sell;0.01;EURNZD;1.96147;;;2025.08.07 13:22:30;1.95937;-0.05;;1.25;
2025.08.06 18:31:34;Sell;0.01;EURAUD;1.79065;;;2025.08.07 13:22:30;1.78718;-0.05;0.07;2.26;
2025.08.06 18:31:34;Buy;0.01;EURCHF;0.93865;;;2025.08.07 13:22:29;0.94005;-0.05;0.08;1.74;
2025.08.06 18:31:33;Sell;0.01;EURGBP;0.87210;;;2025.08.07 13:22:29;0.87236;-0.05;0.04;-0.34;
2025.08.06 18:31:32;Sell;0.01;NZDUSD;0.59331;;;2025.08.07 13:22:29;0.59542;-0.05;0.02;-2.11;
2025.08.06 18:31:31;Buy;0.01;USDCAD;1.37427;;;2025.08.07 13:22:29;1.37333;-0.05;0.03;-0.68;
2025.08.06 18:31:31;Buy;0.01;USDCHF;0.80645;;;2025.08.07 13:22:28;0.80592;-0.05;0.25;-0.66;
2025.08.06 18:31:30;Buy;0.01;USDJPY;147.372;;;2025.08.07 13:22:28;147.355;-0.05;0.22;-0.12;
2025.08.06 18:31:30;Sell;0.01;EURUSD;1.16392;;;2025.08.07 13:22:28;1.16648;-0.05;0.14;-2.56;
2025.08.04 16:41:11;Sell;0.01;EURUSD;1.15803;;;2025.08.05 20:20:23;1.15810;-0.05;0.05;-0.07;
2025.08.04 16:41:11;Buy;0.01;USDJPY;147.132;;;2025.08.05 20:20:18;147.515;-0.05;0.06;2.60;
2025.08.04 16:41:11;Buy;0.01;USDCHF;0.80737;;;2025.08.05 20:20:14;0.80726;-0.05;0.08;-0.14;
2025.08.04 16:41:12;Buy;0.01;USDCAD;1.37660;;;2025.08.05 20:20:11;1.37775;-0.05;0.03;0.83;
2025.08.04 16:41:12;Sell;0.01;NZDUSD;0.59242;;;2025.08.05 20:20:08;0.59007;-0.05;0.01;2.35;
2025.08.04 16:41:13;Sell;0.01;EURGBP;0.87022;;;2025.08.05 20:20:05;0.86999;-0.05;0.01;0.31;
2025.08.04 16:41:13;Buy;0.01;EURCHF;0.93495;;;2025.08.05 20:20:01;0.93485;-0.05;0.03;-0.12;
2025.08.04 16:41:13;Sell;0.01;EURAUD;1.78595;;;2025.08.05 20:19:58;1.78839;-0.05;0.02;-1.59;
2025.08.04 16:41:14;Sell;0.01;EURNZD;1.95442;;;2025.08.05 20:19:54;1.96288;-0.05;;-5.00;
2025.08.04 16:41:14;Buy;0.01;GBPJPY;195.779;;;2025.08.05 20:19:50;196.363;-0.05;0.07;3.95;
2025.08.04 16:41:14;Buy;0.01;GBPCHF;1.07434;;;2025.08.05 20:19:46;1.07458;-0.05;0.11;0.29;
2025.08.04 16:41:15;Buy;0.01;GBPCAD;1.83173;;;2025.08.05 20:19:43;1.83388;-0.05;0.01;1.56;
2025.08.04 16:41:15;Buy;0.01;CADJPY;106.888;;;2025.08.05 20:19:39;107.073;-0.05;0.01;1.25;
2025.08.04 16:41:15;Buy;0.01;CADCHF;0.58655;;;2025.08.05 20:19:36;0.58595;-0.05;0.03;-0.75;
2025.08.04 16:41:16;Buy;0.01;AUDJPY;95.392;;;2025.08.05 20:19:32;95.522;-0.05;0.04;0.88;
2025.08.04 16:41:16;Buy;0.01;AUDCHF;0.52348;;;2025.08.05 20:19:26;0.52275;-0.05;0.04;-0.90;
2025.08.04 16:41:16;Buy;0.01;AUDCAD;0.89251;;;2025.08.05 20:19:22;0.89211;-0.05;;-0.29;
2025.08.04 16:41:17;Buy;0.01;NZDJPY;87.166;;;2025.08.05 20:19:19;87.042;-0.05;0.03;-0.84;
2025.08.04 16:41:17;Buy;0.01;NZDCHF;0.47836;;;2025.08.05 20:19:15;0.47633;-0.05;0.03;-2.51;
2025.08.04 09:32:34;Sell;0.01;EURUSD;1.15677;;;2025.08.04 12:21:03;1.15738;-0.05;;-0.61;
2025.08.04 09:32:34;Buy;0.01;USDJPY;147.727;;;2025.08.04 12:20:58;147.785;-0.05;;0.39;
2025.08.04 09:32:35;Buy;0.01;USDCHF;0.80740;;;2025.08.04 12:20:55;0.80851;-0.05;;1.37;
2025.08.04 09:32:35;Sell;0.01;NZDUSD;0.59092;;;2025.08.04 12:20:51;0.59181;-0.05;;-0.89;
2025.08.04 09:32:35;Sell;0.01;EURGBP;0.87139;;;2025.08.04 12:20:47;0.87035;-0.05;;1.38;
2025.08.04 09:32:36;Buy;0.01;EURCHF;0.93403;;;2025.08.04 12:20:36;0.93561;-0.05;;1.96;
2025.08.04 09:32:36;Sell;0.01;EURNZD;1.95730;;;2025.08.04 12:20:33;1.95568;-0.05;;0.96;
2025.08.04 09:32:36;Buy;0.01;GBPJPY;196.106;;;2025.08.04 12:20:29;196.485;-0.05;;2.57;
2025.08.04 09:32:37;Buy;0.01;GBPCHF;1.07187;;;2025.08.04 12:20:23;1.07501;-0.05;;3.88;
2025.08.04 09:32:37;Buy;0.01;GBPCAD;1.82946;;;2025.08.04 12:20:20;1.83176;-0.05;;1.67;
2025.08.04 09:32:37;Buy;0.01;CADJPY;107.200;;;2025.08.04 12:20:16;107.274;-0.05;;0.50;
2025.08.04 09:32:38;Buy;0.01;CADCHF;0.58593;;;2025.08.04 12:20:12;0.58684;-0.05;;1.12;
2025.08.04 09:32:38;Buy;0.01;AUDCHF;0.52297;;;2025.08.04 12:20:08;0.52428;-0.05;;1.62;
2025.08.04 09:32:38;Buy;0.01;NZDJPY;87.305;;;2025.08.04 12:20:05;87.453;-0.05;;1.00;
2025.08.04 09:32:39;Buy;0.01;NZDCHF;0.47719;;;2025.08.04 12:19:58;0.47841;-0.05;;1.51;
2025.07.29 14:16:56;Balance;;;;;;;;;;-80.00;Withdrawal
2025.07.24 11:46:03;Sell;0.01;EURUSD;1.17666;;;2025.07.29 12:41:27;1.15798;-0.05;0.15;18.68;
2025.07.24 11:46:04;Buy;0.01;USDJPY;146.348;;;2025.07.29 12:41:22;148.521;-0.05;0.17;14.63;
2025.07.24 11:46:04;Buy;0.01;USDCHF;0.79339;;;2025.07.29 12:41:18;0.80506;-0.05;0.24;14.50;
2025.07.24 11:46:04;Buy;0.01;USDCAD;1.36035;;;2025.07.29 12:41:15;1.37428;-0.05;0.15;10.14;
2025.07.24 11:46:05;Sell;0.01;NZDUSD;0.60551;;;2025.07.29 12:41:09;0.59615;-0.05;0.03;9.36;
2025.07.24 11:46:05;Sell;0.01;EURGBP;0.86814;;;2025.07.29 12:41:06;0.86752;-0.05;0.03;0.83;
2025.07.24 11:46:06;Buy;0.01;EURCHF;0.93353;;;2025.07.29 12:41:02;0.93224;-0.05;0.09;-1.60;
2025.07.24 11:46:06;Sell;0.01;EURAUD;1.77738;;;2025.07.29 12:40:58;1.77678;-0.05;0.09;0.40;
2025.07.24 11:46:06;Sell;0.01;EURNZD;1.94293;;;2025.07.29 12:40:52;1.94267;-0.05;;0.16;
2025.07.24 11:46:07;Buy;0.01;GBPJPY;198.353;;;2025.07.29 12:40:48;198.250;-0.05;0.21;-0.69;
2025.07.24 11:46:07;Buy;0.01;GBPCHF;1.07526;;;2025.07.29 12:40:43;1.07469;-0.05;0.35;-0.71;
2025.07.24 11:46:08;Buy;0.01;GBPCAD;1.84327;;;2025.07.29 12:40:39;1.83426;-0.05;0.03;-6.55;
2025.07.24 11:46:08;Buy;0.01;CADJPY;107.611;;;2025.07.29 12:40:33;108.075;-0.05;0.03;3.12;
2025.07.24 11:46:09;Buy;0.01;CADCHF;0.58339;;;2025.07.29 12:40:30;0.58583;-0.05;0.09;3.03;
2025.07.24 11:46:09;Buy;0.01;AUDJPY;96.887;;;2025.07.29 12:40:26;96.800;-0.05;0.12;-0.59;
2025.07.24 11:46:09;Buy;0.01;AUDCHF;0.52525;;;2025.07.29 12:40:23;0.52475;-0.05;0.15;-0.63;
2025.07.24 11:46:10;Buy;0.01;AUDCAD;0.90040;;;2025.07.29 12:40:19;0.89570;-0.05;;-3.42;
2025.07.24 11:46:10;Buy;0.01;NZDJPY;88.631;;;2025.07.29 12:40:16;88.540;-0.05;0.09;-0.61;
2025.07.24 11:46:10;Buy;0.01;NZDCHF;0.48050;;;2025.07.29 12:40:09;0.47994;-0.05;0.12;-0.70;
2025.05.16 08:28:27;Sell;0.01;EURUSD;1.12076;;;2025.07.21 13:36:36;1.16384;-0.05;2.87;-43.08;
2025.06.18 08:55:50;Buy;0.01;BITCOIN;105 469.58;102 354.90;;2025.06.19 09:40:24;104 725.70;-0.63;-0.35;-7.44;
2025.06.18 08:55:14;Buy;0.01;XAGEUR;32.407;30.571;;2025.06.19 09:40:20;31.700;-0.07;-0.45;-40.48;
2025.06.05 12:19:28;Buy;0.01;XAGUSD;35.309;35.332;;2025.06.05 18:56:11;35.324;-0.06;;0.75;[sl]
2025.06.05 12:24:33;Buy;0.01;XAUUSD;3 384.23;3 230.06;;2025.06.05 12:43:27;3 385.03;-0.12;;0.80;
2025.03.28 11:20:51;Buy;0.01;XAGUSD;34.420;;;2025.05.28 11:26:12;33.315;-0.06;-11.75;-55.25;
2025.05.26 18:51:58;Buy;0.01;BITCOIN;110 093.00;;;2025.05.26 22:03:31;109 004.84;-0.66;;-10.88;
2025.05.16 08:29:18;Buy;0.01;CADCHF;0.59834;;;2025.05.16 08:29:29;0.59817;-0.05;;-0.20;
2025.05.09 10:45:09;Buy;0.01;BITCOIN;103 952.45;;;2025.05.14 09:31:48;103 764.27;-0.62;-1.72;-1.88;
2025.04.03 16:46:55;Buy;0.01;NZDCHF;0.50060;;;2025.05.14 09:31:44;0.49854;-0.05;1.32;-2.45;
2025.04.03 16:46:54;Buy;0.01;NZDJPY;85.110;;;2025.05.14 09:31:41;87.365;-0.05;0.08;15.34;
2025.04.03 16:46:54;Buy;0.01;AUDCAD;0.89516;;;2025.05.14 09:31:38;0.90169;-0.05;0.25;4.69;
2025.04.03 16:46:53;Buy;0.01;AUDCHF;0.54640;;;2025.05.14 09:31:34;0.54346;-0.05;1.86;-3.50;
2025.04.03 16:46:53;Buy;0.01;AUDJPY;92.900;;;2025.05.14 09:31:30;95.234;-0.05;1.75;15.87;
2025.04.03 16:46:53;Buy;0.01;CADCHF;0.61045;;;2025.05.14 09:31:27;0.60270;-0.05;0.90;-9.24;
2025.04.03 16:46:52;Buy;0.01;CADJPY;103.772;;;2025.05.14 09:31:23;105.601;-0.05;0.14;12.43;
2025.04.03 16:46:51;Buy;0.01;GBPCAD;1.84911;;;2025.05.14 09:31:19;1.85345;-0.05;0.99;3.11;
2025.04.03 16:46:51;Buy;0.01;GBPCHF;1.12850;;;2025.05.14 09:31:15;1.11702;-0.05;4.38;-13.68;
2025.04.03 16:46:50;Buy;0.01;GBPJPY;191.858;;;2025.05.14 09:31:12;195.735;-0.05;2.29;26.37;
2025.04.03 16:46:50;Sell;0.01;EURAUD;1.74156;;;2025.05.14 09:31:08;1.72904;-0.05;0.70;8.11;
2025.04.03 16:46:49;Buy;0.01;EURCHF;0.95149;;;2025.05.14 09:31:04;0.93956;-0.05;0.95;-14.22;
2025.04.03 16:46:49;Sell;0.01;EURGBP;0.84310;;;2025.05.14 09:31:00;0.84118;-0.05;0.38;2.56;
2025.04.03 16:46:48;Buy;0.01;USDCAD;1.40486;;;2025.05.14 09:30:57;1.39245;-0.05;1.30;-8.91;
2025.04.03 16:46:48;Buy;0.01;USDCHF;0.85730;;;2025.05.14 09:30:53;0.83909;-0.05;3.10;-21.70;
2025.04.03 16:46:48;Buy;0.01;USDJPY;145.744;;;2025.05.14 09:30:47;147.023;-0.05;2.26;8.70;
2025.04.03 16:46:47;Sell;0.01;EURUSD;1.10994;;;2025.05.14 09:30:44;1.11975;-0.05;1.40;-9.81;
2025.04.03 16:46:49;Sell;0.01;NZDUSD;0.58378;;;2025.05.08 10:22:17;0.59216;-0.05;0.04;-8.38;
2025.03.31 12:00:00;Buy;0.01;profit;;;;2025.03.31 12:00:00;;-3.89;6.21;5.86;
2025.02.28 12:00:00;Buy;0.01;profit;;;;2025.02.28 12:00:00;;-13.29;3.95;-173.28;
2025.01.31 12:00:00;Buy;0.01;profit;;;;2025.01.31 12:00:00;;-2.75;-3.62;26.81;
2024.12.31 12:00:00;Buy;0.01;profit;;;;2024.12.31 12:00:00;;-2.08;-7.86;-18.17;
2024.11.30 12:00:00;Buy;0.01;profit;;;;2024.11.30 12:00:00;;-104.80;-11.58;600.77;
2024.11.20 16:41:42;Balance;;;;;;;;;;702.26;
