Time;Type;Volume;Symbol;Price;S/L;T/P;Time;Price;Commission;Swap;Profit;Comment
2026.06.01 11:34:14;Sell;0.02;XAUUSD;4 489.16;4 528.11;4 450.21;2026.06.01 15:55:50;4 450.21;-0.40;;77.90;[tp]
2026.05.29 11:13:21;Buy;0.03;XAUUSD;4 527.71;4 502.71;4 577.71;2026.05.29 17:04:56;4 577.71;-0.60;;150.00;[tp]
2026.05.29 03:15:18;Buy;0.03;XAUUSD;4 517.00;4 477.00;4 567.00;2026.05.29 16:53:30;4 567.00;-0.60;;150.00;[tp]
2026.05.28 10:31:12;Sell Stop;0.03;XAUUSD;4 366.00;4 406.00;4 316.00;2026.05.29 00:24:35;4 494.54;;;;
2026.05.27 18:13:49;Sell Stop;0.03;XAUUSD;4 366.03;4 391.03;4 316.03;2026.05.28 18:07:49;4 480.15;;;;
2026.05.28 04:12:52;Sell;0.03;XAUUSD;4 400.90;4 425.90;4 350.90;2026.05.28 14:55:47;4 425.90;-0.60;;-75.00;[sl]
2026.05.28 03:26:31;Sell;0.03;XAUUSD;4 423.00;4 473.00;4 373.00;2026.05.28 05:38:25;4 373.00;-0.60;;150.00;[tp]
2026.05.27 12:46:25;Sell;0.03;XAUUSD;4 455.00;4 495.00;4 405.00;2026.05.27 15:27:59;4 405.00;-0.60;;150.00;[tp]
2026.05.27 08:31:22;Sell;0.03;XAUUSD;4 482.16;4 507.16;4 432.16;2026.05.27 13:56:06;4 432.16;-0.60;;150.00;[tp]
2026.05.27 08:21:40;Sell;0.03;XAUUSD;4 486.00;4 500.00;4 460.00;2026.05.27 12:46:14;4 460.00;-0.60;;78.00;[tp]
2026.05.27 02:37:06;Buy Stop;0.03;XAUUSD;4 528.00;4 514.00;4 568.00;2026.05.27 09:51:47;4 487.40;;;;
2026.05.26 14:01:50;Sell Stop;0.03;XAUUSD;4 454.00;4 504.00;4 404.00;2026.05.27 02:31:12;4 516.52;;;;
2026.05.26 13:58:56;Sell;0.03;XAUUSD;4 505.00;4 535.00;4 455.00;2026.05.27 00:00:24;4 538.99;-0.60;-0.38;-101.97;
2026.05.21 03:31:32;Buy Stop;0.03;XAUUSD;4 586.00;4 536.00;4 636.00;2026.05.26 14:01:06;4 509.92;;;;
2026.05.25 00:31:09;Buy;0.03;XAUUSD;4 558.99;4 538.99;4 598.99;2026.05.26 03:33:15;4 538.99;-0.60;-1.90;-60.00;[sl]
2026.05.25 10:07:52;Buy Stop;0.03;XAUUSD;4 589.97;4 564.97;4 639.97;2026.05.26 02:01:38;4 554.86;;;;
2026.05.26 01:18:21;Buy;0.03;XAUUSD;4 579.97;4 556.96;4 626.00;2026.05.26 01:36:38;4 556.96;-0.60;;-69.03;[sl]
2026.05.26 01:18:21;Buy;0.03;XAUUSD;4 579.85;4 559.85;4 619.85;2026.05.26 01:35:23;4 559.85;-0.60;;-60.00;[sl]
2026.05.21 16:15:13;Sell Stop;0.03;XAUUSD;4 453.46;4 473.46;4 413.46;2026.05.23 16:15:00;4 506.97;;;;expiration
2026.05.21 03:33:04;Buy Stop;0.03;XAUUSD;4 588.61;4 568.61;4 628.61;2026.05.23 03:32:00;4 507.44;;;;expiration
2026.05.21 13:00:07;Sell Stop;0.03;XAUUSD;4 455.00;4 505.00;4 405.00;2026.05.22 12:59:00;4 513.57;;;;expiration
2026.05.20 11:06:16;Sell Stop;0.03;XAUUSD;4 455.00;4 490.00;4 405.00;2026.05.21 03:30:02;4 558.23;;;;
2026.05.20 16:14:42;Sell Stop;0.03;XAUUSD;4 453.31;4 473.31;4 413.31;2026.05.20 16:20:57;4 485.31;;;;
2026.05.20 02:08:34;Sell Stop;0.03;XAUUSD;4 351.13;4 376.13;4 301.13;2026.05.20 14:01:13;4 494.87;;;;
2026.05.20 10:03:25;Sell Stop;0.03;XAUUSD;4 453.30;4 478.30;4 403.30;2026.05.20 14:01:05;4 494.87;;;;
2026.05.20 04:46:47;Sell;0.03;XAUUSD;4 460.00;4 490.00;4 410.00;2026.05.20 10:55:07;4 490.00;-0.60;;-90.00;[sl]
2026.05.20 03:36:09;Sell;0.03;XAUUSD;4 463.79;4 488.79;4 413.79;2026.05.20 03:50:46;4 488.79;-0.60;;-75.00;[sl]
2026.05.19 15:22:12;Sell;0.03;XAUUSD;4 510.00;4 540.00;4 460.00;2026.05.20 03:36:29;4 460.00;-0.60;-0.37;150.00;[tp]
2026.05.19 15:31:21;Sell;0.03;XAUUSD;4 480.69;4 500.69;4 440.69;2026.05.19 15:54:11;4 500.69;-0.60;;-60.00;[sl]
2026.05.18 14:49:10;Buy;0.03;XAUUSD;4 575.00;4 525.00;4 625.00;2026.05.19 15:04:35;4 525.00;-0.60;-1.90;-150.00;[sl]
2026.05.19 10:03:36;Buy Stop;0.03;XAUUSD;4 589.40;4 564.40;4 639.40;2026.05.19 14:01:24;4 540.60;;;;
2026.05.18 09:54:25;Sell Stop;0.03;XAUUSD;4 510.00;4 540.00;4 460.00;2026.05.19 09:54:00;4 549.21;;;;expiration
2026.05.18 12:16:24;Sell Stop;0.03;XAUUSD;4 480.44;4 500.44;4 440.44;2026.05.18 17:29:23;4 535.60;;;;
2026.05.18 13:41:31;Buy;0.03;XAUUSD;4 564.81;4 544.81;4 604.81;2026.05.18 16:34:31;4 544.81;-0.60;;-60.00;[sl]
2026.05.18 02:33:20;Sell;0.03;XAUUSD;4 510.00;4 560.00;4 460.00;2026.05.18 09:32:24;4 560.00;-0.60;;-150.00;[sl]
2026.05.18 02:33:19;Sell;0.03;XAUUSD;4 511.33;4 531.93;4 471.93;2026.05.18 03:51:22;4 531.93;-0.60;;-61.80;[sl]
2026.05.18 02:33:59;Sell;0.03;XAUUSD;4 499.86;4 524.86;4 449.86;2026.05.18 03:48:10;4 524.86;-0.60;;-75.00;[sl]
2026.05.18 02:44:37;Sell;0.03;XAUUSD;4 482.30;4 507.30;4 432.30;2026.05.18 02:57:21;4 507.30;-0.60;;-75.00;[sl]
2026.05.14 00:03:30;Buy Stop;0.03;XAUUSD;4 773.31;4 753.31;4 813.31;2026.05.16 00:03:00;4 538.80;;;;expiration
2026.05.15 02:25:18;Sell;0.03;XAUUSD;4 637.60;4 662.60;4 587.60;2026.05.15 07:18:01;4 587.60;-0.60;;150.00;[tp]
2026.05.15 02:25:18;Sell;0.03;XAUUSD;4 638.40;4 658.40;4 598.40;2026.05.15 07:07:22;4 598.40;-0.60;;120.00;[tp]
2026.05.14 22:04:46;Sell;0.03;XAUUSD;4 650.00;4 700.00;4 600.00;2026.05.15 07:02:09;4 600.00;-0.60;-0.39;150.00;[tp]
2026.05.14 06:49:40;Buy Stop;0.03;XAUUSD;4 720.00;4 670.00;4 770.00;2026.05.15 06:49:00;4 608.37;;;;expiration
2026.05.14 15:42:28;Sell;0.03;XAUUSD;4 667.83;4 687.91;4 627.91;2026.05.14 15:47:42;4 687.91;-0.60;;-60.24;[sl]
2026.05.13 03:45:12;Buy Stop;0.03;XAUUSD;4 726.77;4 706.77;4 766.77;2026.05.13 13:13:21;4 696.02;;;;
2026.05.13 11:22:33;Sell;0.03;XAUUSD;4 687.57;4 707.71;4 647.71;2026.05.13 12:08:48;4 707.71;-0.60;;-60.42;[sl]
2026.05.12 12:08:47;Buy Stop;0.03;XAUUSD;4 770.00;4 720.00;4 820.00;2026.05.13 12:08:00;4 701.21;;;;expiration
2026.05.12 17:22:47;Sell;0.03;XAUUSD;4 650.00;4 700.00;4 600.00;2026.05.12 21:07:46;4 700.00;-0.60;;-150.00;[sl]
2026.05.12 17:22:48;Sell;0.03;XAUUSD;4 647.60;4 667.78;4 607.78;2026.05.12 17:39:31;4 667.78;-0.60;;-60.54;[sl]
2026.05.11 13:07:45;Sell Stop;0.02;XAUUSD;4 647.54;4 686.86;4 608.22;2026.05.12 08:52:58;4 699.84;;;;
2026.05.12 00:46:26;Buy;0.03;XAUUSD;4 752.95;4 700.00;4 800.00;2026.05.12 08:22:29;4 700.00;-0.60;;-158.85;[sl]
2026.05.12 00:46:26;Buy;0.02;XAUUSD;4 752.95;4 707.84;4 792.14;2026.05.12 08:00:22;4 707.84;-0.40;;-90.22;[sl]
2026.05.12 01:48:42;Buy;0.03;XAUUSD;4 760.00;4 710.00;4 810.00;2026.05.12 07:09:06;4 710.00;-0.60;;-150.00;[sl]
2026.05.12 00:46:25;Buy;0.03;XAUUSD;4 749.81;4 729.33;4 789.33;2026.05.12 03:38:03;4 729.33;-0.60;;-61.44;[sl]
2026.05.11 02:52:51;Sell;0.03;XAUUSD;4 675.00;4 725.00;4 625.00;2026.05.11 15:16:34;4 725.00;-0.60;;-150.00;[sl]
2026.05.11 13:27:36;Sell Stop;0.03;XAUUSD;4 648.00;4 688.00;4 598.00;2026.05.11 15:06:43;4 705.96;;;;
2026.05.11 03:29:37;Buy Stop;0.03;XAUUSD;4 750.00;4 700.00;4 800.00;2026.05.11 13:22:02;4 665.76;;;;
2026.05.07 21:23:54;Buy Stop;0.03;XAUUSD;4 764.70;4 744.70;4 804.70;2026.05.11 08:16:39;4 650.18;;;;
2026.05.11 00:00:06;Sell;0.02;XAUUSD;4 683.79;4 735.28;4 655.30;2026.05.11 07:52:07;4 655.30;-0.40;;56.98;[tp]
2026.05.11 00:03:31;Sell;0.03;XAUUSD;4 681.71;4 701.71;4 641.71;2026.05.11 03:22:57;4 701.71;-0.60;;-60.00;[sl]
2026.05.08 05:33:48;Buy;0.03;XAUUSD;4 726.00;4 676.00;4 776.00;2026.05.11 02:20:14;4 676.00;-0.60;-1.97;-150.00;[sl]
2026.05.08 14:43:53;Buy;0.03;XAUUSD;4 730.00;4 700.00;4 760.00;2026.05.11 00:00:06;4 683.79;-0.60;-1.97;-138.63;
2026.05.08 15:30:38;Buy;0.02;XAUUSD;4 735.58;4 695.61;4 774.83;2026.05.11 00:00:06;4 683.79;-0.40;-1.31;-103.58;
2026.05.08 04:31:55;Buy Stop;0.03;XAUUSD;4 777.00;4 727.00;4 827.00;2026.05.09 04:31:00;4 715.79;;;;expiration
2026.05.08 14:03:55;Buy Stop;0.03;XAUUSD;4 764.83;4 739.83;4 814.83;2026.05.08 18:06:57;4 705.69;;;;
2026.05.08 15:54:50;Buy Stop;0.02;XAUUSD;4 775.25;4 737.99;4 812.51;2026.05.08 16:10:38;4 740.38;;;;
2026.05.08 07:46:17;Sell Stop;0.03;XAUUSD;4 695.00;4 734.73;4 655.27;2026.05.08 15:49:30;4 724.04;;;;
2026.05.08 09:18:30;Sell Limit;0.03;XAUUSD;4 727.00;4 737.00;4 707.00;2026.05.08 12:29:58;4 721.28;;;;
2026.05.08 06:05:27;Buy Stop;0.03;XAUUSD;4 764.83;4 739.83;4 814.83;2026.05.08 10:09:51;4 708.39;;;;
2026.05.08 07:46:00;Sell Stop;0.03;XAUUSD;4 704.00;4 734.00;4 674.00;2026.05.08 09:07:43;4 722.49;;;;
2026.05.07 19:27:03;Sell;0.02;XAUUSD;4 692.65;4 731.78;4 653.52;2026.05.08 04:03:48;4 731.78;-0.40;-0.26;-78.26;[sl]
2026.05.08 00:00:23;Sell;0.03;XAUUSD;4 679.00;4 708.29;4 648.29;2026.05.08 02:06:46;4 708.29;-0.60;;-87.87;[sl]
2026.05.05 01:01:52;Sell Stop;0.03;XAUUSD;4 506.00;4 546.00;4 456.00;2026.05.08 01:01:00;4 686.95;;;;expiration
2026.05.07 08:31:32;Buy;0.03;XAUUSD;4 724.00;4 688.00;4 774.00;2026.05.07 19:27:10;4 688.00;-0.60;;-108.00;[sl]
2026.05.07 08:31:31;Buy;0.03;XAUUSD;4 723.27;4 698.27;4 773.27;2026.05.07 19:26:48;4 698.27;-0.60;;-75.00;[sl]
2026.05.07 08:31:31;Buy;0.03;XAUUSD;4 722.96;4 702.96;4 762.96;2026.05.07 16:59:30;4 762.96;-0.60;;120.00;[tp]
2026.05.07 15:32:56;Buy;0.03;XAUUSD;4 753.87;4 739.91;4 781.77;2026.05.07 15:47:45;4 739.91;-0.60;;-41.88;[sl]
2026.05.06 15:28:32;Sell Stop;0.03;XAUUSD;4 661.45;4 681.45;4 621.45;2026.05.07 10:02:33;4 739.65;;;;
2026.05.06 15:33:56;Buy;0.03;XAUUSD;4 695.00;4 665.00;4 725.00;2026.05.07 08:31:50;4 725.00;-0.60;-5.87;90.00;[tp]
2026.05.07 03:10:45;Buy;0.03;XAUUSD;4 705.00;4 690.00;4 720.00;2026.05.07 03:50:41;4 720.00;-0.60;;45.00;[tp]
2026.05.06 15:08:01;Buy;0.03;XAUUSD;4 676.00;4 656.00;4 706.00;2026.05.06 15:54:15;4 706.00;-0.60;;90.00;[tp]
2026.05.06 15:01:33;Buy;0.03;XAUUSD;4 690.00;4 670.00;4 710.00;2026.05.06 15:08:35;4 670.00;-0.60;;-60.00;[sl]
2026.05.06 14:03:52;Buy;0.03;XAUUSD;4 682.00;4 662.00;4 702.00;2026.05.06 14:19:03;4 661.69;-0.60;;-60.93;
2026.05.06 07:56:34;Buy;0.03;XAUUSD;4 661.01;4 641.01;4 701.01;2026.05.06 10:51:13;4 701.01;-0.60;;120.00;[tp]
2026.05.06 05:39:21;Buy;0.03;XAUUSD;4 650.00;4 600.00;4 700.00;2026.05.06 10:50:49;4 700.00;-0.60;;150.00;[tp]
2026.05.06 07:45:13;Sell Stop;0.03;XAUUSD;4 642.00;4 662.00;4 622.00;2026.05.06 08:00:16;4 649.54;;;;
2026.05.06 01:12:50;Buy;0.03;XAUUSD;4 586.03;4 546.00;4 636.00;2026.05.06 04:18:49;4 636.00;-0.60;;149.91;[tp]
2026.05.04 22:54:01;Sell Stop;0.03;XAUUSD;4 500.85;4 520.85;4 460.85;2026.05.06 02:30:22;4 599.50;;;;
2026.05.04 00:26:35;Buy Stop;0.03;XAUUSD;4 660.98;4 640.98;4 700.98;2026.05.06 00:26:00;4 550.04;;;;expiration
2026.05.05 14:24:28;Sell;0.03;XAUUSD;4 570.82;4 590.00;4 550.00;2026.05.06 00:07:22;4 550.00;-0.60;-0.38;62.46;[tp]
2026.05.05 15:22:36;Buy Stop;0.03;XAUUSD;4 636.00;4 596.00;4 686.00;2026.05.06 00:03:05;4 555.32;;;;
2026.05.05 02:08:11;Sell Stop;0.03;XAUUSD;4 500.57;4 525.57;4 450.57;2026.05.05 06:01:39;4 535.66;;;;
2026.05.04 00:41:58;Buy Stop;0.03;XAUUSD;4 650.00;4 605.00;4 700.00;2026.05.05 00:41:00;4 519.56;;;;expiration
2026.05.04 12:03:52;Sell;0.03;XAUUSD;4 559.45;4 605.00;4 510.00;2026.05.04 18:08:01;4 508.44;-0.60;;153.03;
2026.05.04 12:03:52;Sell;0.03;XAUUSD;4 559.45;4 580.27;4 520.27;2026.05.04 16:22:08;4 580.29;-0.60;;-62.52;
2026.05.04 12:05:32;Buy;0.03;XAUUSD;4 549.36;4 520.00;4 580.00;2026.05.04 16:22:08;4 580.00;-0.60;;91.92;[tp]
2026.05.04 11:14:23;Buy;0.03;XAUUSD;4 583.00;4 573.00;4 603.00;2026.05.04 11:58:10;4 572.94;-0.60;;-30.18;
2026.05.04 09:30:15;Buy Stop;0.03;XAUUSD;4 594.00;4 580.00;4 614.00;2026.05.04 10:16:04;4 582.33;;;;
2026.05.01 11:58:57;Sell Stop;0.03;XAUUSD;4 510.00;4 560.00;4 460.00;2026.05.02 11:58:00;4 614.79;;;;expiration
2026.05.01 14:04:25;Sell Stop;0.03;XAUUSD;4 559.47;4 584.47;4 509.47;2026.05.01 18:18:41;4 644.39;;;;
2026.05.01 14:05:50;Sell Stop;0.03;XAUUSD;4 510.27;4 535.27;4 460.27;2026.05.01 18:18:33;4 644.39;;;;
2026.05.01 16:12:18;Buy;0.03;XAUUSD;4 649.00;4 622.00;4 680.00;2026.05.01 17:05:40;4 622.00;-0.60;;-81.00;[sl]
2026.05.01 16:12:18;Buy;0.03;XAUUSD;4 646.60;4 626.60;4 686.60;2026.05.01 17:02:18;4 626.60;-0.60;;-60.00;[sl]
2026.05.01 09:54:59;Buy;0.03;XAUUSD;4 580.00;4 560.00;4 600.00;2026.05.01 14:25:05;4 600.00;-0.60;;60.00;[tp]
2026.05.01 07:55:48;Sell;0.03;XAUUSD;4 605.32;4 625.32;4 565.32;2026.05.01 11:04:10;4 565.32;-0.60;;120.00;[tp]
2026.04.30 18:05:20;Buy Stop;0.03;XAUUSD;4 647.02;4 622.02;4 697.02;2026.05.01 10:01:16;4 580.94;;;;
2026.04.29 22:54:58;Sell Stop;0.03;XAUUSD;4 510.44;4 530.44;4 470.44;2026.04.30 10:13:20;4 598.31;;;;
2026.04.30 02:08:19;Sell Stop;0.03;XAUUSD;4 509.57;4 534.57;4 459.57;2026.04.30 10:01:20;4 598.31;;;;
2026.04.30 08:31:43;Sell;0.03;XAUUSD;4 574.00;4 594.00;4 554.00;2026.04.30 09:09:16;4 594.00;-0.60;;-60.00;[sl]
2026.04.29 16:37:56;Sell Stop;0.03;XAUUSD;4 512.00;4 557.00;4 462.00;2026.04.30 04:37:00;4 568.35;;;;expiration
2026.04.29 11:50:22;Sell;0.03;XAUUSD;4 553.28;4 578.28;4 503.28;2026.04.30 03:28:51;4 578.44;-0.60;-1.14;-75.48;
2026.04.28 13:37:10;Sell;0.03;XAUUSD;4 576.53;4 627.00;4 527.00;2026.04.29 15:39:27;4 527.00;-0.60;-0.38;148.59;[tp]
2026.04.29 11:50:22;Sell;0.03;XAUUSD;4 554.77;4 574.77;4 514.77;2026.04.29 12:30:03;4 574.77;-0.60;;-60.00;[sl]
2026.04.27 00:27:58;Buy Stop;0.03;XAUUSD;4 740.67;4 720.67;4 780.67;2026.04.28 22:42:56;4 595.02;;;;
2026.04.28 07:30:37;Sell;0.03;XAUUSD;4 643.85;4 668.85;4 593.85;2026.04.28 13:31:24;4 593.85;-0.60;;150.00;[tp]
2026.04.28 07:06:19;Sell;0.03;XAUUSD;4 657.37;4 677.60;4 617.60;2026.04.28 10:06:09;4 617.60;-0.60;;119.31;[tp]
2026.04.27 17:02:29;Sell;0.03;XAUUSD;4 670.00;4 720.00;4 620.00;2026.04.28 10:02:22;4 620.00;-0.60;-0.39;150.00;[tp]
2026.04.28 07:06:19;Sell;0.03;XAUUSD;4 657.37;4 671.75;4 628.80;2026.04.28 07:42:41;4 628.80;-0.60;;85.71;[tp]
2026.04.28 06:09:01;Sell Stop;0.03;XAUUSD;4 643.85;4 668.85;4 593.85;2026.04.28 06:12:45;4 668.41;;;;
2026.04.27 04:59:30;Buy Stop;0.03;XAUUSD;4 745.00;4 700.00;4 795.00;2026.04.28 04:59:00;4 669.13;;;;expiration
2026.04.24 16:07:51;Buy Stop;0.03;XAUUSD;4 743.33;4 723.33;4 783.33;2026.04.24 16:26:58;4 731.88;;;;
2026.04.24 06:22:08;Sell;0.03;XAUUSD;4 665.00;4 715.00;4 615.00;2026.04.24 13:27:55;4 715.00;-0.60;;-150.00;[sl]
2026.04.24 06:06:31;Sell Stop;0.03;XAUUSD;4 643.97;4 668.97;4 593.97;2026.04.24 10:02:48;4 690.45;;;;
2026.04.24 06:22:09;Sell;0.03;XAUUSD;4 663.08;4 689.10;4 614.10;2026.04.24 09:45:27;4 689.10;-0.60;;-78.06;[sl]
2026.04.24 06:22:08;Sell;0.03;XAUUSD;4 664.59;4 684.59;4 624.59;2026.04.24 07:34:31;4 684.59;-0.60;;-60.00;[sl]
2026.04.22 13:46:53;Buy Stop;0.03;XAUUSD;4 772.44;4 752.44;4 812.44;2026.04.24 04:08:02;4 697.01;;;;
2026.04.23 19:42:12;Sell;0.03;XAUUSD;4 683.69;4 709.03;4 634.03;2026.04.23 19:53:29;4 709.03;-0.60;;-76.02;[sl]
2026.04.23 19:46:41;Sell;0.03;XAUUSD;4 668.10;4 693.10;4 618.10;2026.04.23 19:53:16;4 693.10;-0.60;;-75.00;[sl]
2026.04.23 19:46:40;Sell;0.03;XAUUSD;4 669.57;4 689.57;4 629.57;2026.04.23 19:53:13;4 689.57;-0.60;;-60.00;[sl]
2026.04.23 02:09:48;Sell;0.03;XAUUSD;4 715.00;4 755.00;4 665.00;2026.04.23 19:46:46;4 665.00;-0.60;;150.00;[tp]
2026.04.23 12:09:32;Sell;0.03;XAUUSD;4 692.10;4 717.10;4 642.10;2026.04.23 13:55:41;4 717.10;-0.60;;-75.00;[sl]
2026.04.21 10:26:10;Buy Stop;0.03;XAUUSD;4 832.96;4 812.96;4 872.96;2026.04.22 13:02:18;4 757.30;;;;
2026.04.21 16:46:39;Sell;0.03;XAUUSD;4 737.97;4 757.97;4 697.97;2026.04.21 19:30:32;4 697.97;-0.60;;120.00;[tp]
2026.04.21 17:18:30;Sell;0.03;XAUUSD;4 752.00;4 792.00;4 702.00;2026.04.21 19:12:50;4 702.00;-0.60;;150.00;[tp]
2026.04.21 07:00:03;Sell;0.03;XAUUSD;4 785.00;4 815.00;4 745.00;2026.04.21 16:44:59;4 745.00;-0.60;;120.00;[tp]
2026.04.21 14:30:33;Sell;0.03;XAUUSD;4 769.89;4 789.25;4 738.90;2026.04.21 14:36:17;4 789.25;-0.60;;-58.08;[sl]
2026.04.20 07:46:47;Sell Stop;0.03;XAUUSD;4 744.00;4 784.00;4 694.00;2026.04.21 07:46:00;4 795.19;;;;expiration
2026.04.20 13:54:15;Buy;0.03;XAUUSD;4 808.75;4 788.75;4 848.75;2026.04.21 06:55:51;4 788.75;-0.60;-2.01;-60.00;[sl]
2026.04.21 00:00:25;Buy;0.03;XAUUSD;4 828.24;4 802.48;4 877.48;2026.04.21 04:31:41;4 802.48;-0.60;;-77.28;[sl]
2026.04.20 01:36:25;Sell;0.03;XAUUSD;4 766.00;4 806.00;4 716.00;2026.04.20 03:31:05;4 806.00;-0.60;;-120.00;[sl]
2026.04.17 15:10:53;Buy;0.03;XAUUSD;4 870.00;4 820.00;4 920.00;2026.04.20 00:00:17;4 768.54;-0.60;-2.02;-304.38;
2026.04.16 15:55:23;Sell;0.03;XAUUSD;4 787.00;4 837.00;4 737.00;2026.04.17 14:48:11;4 837.60;-0.60;-0.40;-151.80;
2026.04.17 06:03:38;Sell Stop;0.03;XAUUSD;4 767.42;4 792.42;4 717.42;2026.04.17 14:01:34;4 793.70;;;;
2026.04.17 02:48:56;Buy Stop;0.03;XAUUSD;4 838.47;4 818.47;4 878.47;2026.04.17 05:17:20;4 789.93;;;;
2026.04.17 03:12:19;Sell;0.03;XAUUSD;4 772.70;4 793.64;4 733.64;2026.04.17 04:07:03;4 793.64;-0.60;;-62.82;[sl]
2026.04.16 15:55:24;Sell;0.03;XAUUSD;4 786.09;4 806.09;4 746.09;2026.04.16 17:06:12;4 806.09;-0.60;;-60.00;[sl]
2026.04.16 11:26:07;Buy Stop;0.03;XAUUSD;4 838.46;4 818.46;4 878.46;2026.04.16 16:15:02;4 815.67;;;;
2026.04.16 02:00:52;Buy;0.03;XAUUSD;4 830.60;4 810.60;4 870.60;2026.04.16 10:05:02;4 810.51;-0.60;;-60.27;
2026.04.15 04:07:09;Buy;0.03;XAUUSD;4 850.00;4 825.00;4 890.00;2026.04.15 04:34:19;4 824.87;-0.60;;-75.39;
2026.04.15 03:16:12;Buy;0.03;XAUUSD;4 857.98;4 831.99;4 906.99;2026.04.15 04:25:33;4 831.99;-0.60;;-77.97;[sl]
2026.04.15 03:16:12;Buy;0.03;XAUUSD;4 856.83;4 836.83;4 896.83;2026.04.15 04:22:13;4 836.83;-0.60;;-60.00;[sl]
2026.04.14 15:37:42;Buy;0.03;XAUUSD;4 800.00;4 765.00;4 850.00;2026.04.15 00:04:53;4 850.00;-0.60;-2.02;150.00;[tp]
2026.04.14 15:37:41;Buy;0.03;XAUUSD;4 796.30;4 771.30;4 846.30;2026.04.15 00:02:35;4 846.30;-0.60;-2.02;150.00;[tp]
2026.04.14 15:37:41;Buy;0.03;XAUUSD;4 796.50;4 776.50;4 836.50;2026.04.14 19:38:36;4 836.50;-0.60;;120.00;[tp]
2026.04.14 09:08:52;Buy;0.03;XAUUSD;4 795.27;4 775.27;4 835.27;2026.04.14 09:23:56;4 775.27;-0.60;;-60.00;[sl]
2026.04.13 15:49:53;Buy;0.03;XAUUSD;4 740.78;4 720.04;4 780.04;2026.04.13 16:17:56;4 720.04;-0.60;;-62.22;[sl]
2026.04.13 00:52:29;Sell Stop;0.03;XAUUSD;4 572.00;4 622.00;4 522.00;2026.04.13 12:52:00;4 723.07;;;;expiration
2026.04.13 00:48:52;Sell Stop;0.03;XAUUSD;4 640.00;4 685.00;4 590.00;2026.04.13 06:48:00;4 716.97;;;;expiration
2026.04.10 02:10:53;Sell Stop;0.03;XAUUSD;4 607.02;4 632.02;4 557.02;2026.04.13 06:02:05;4 719.53;;;;
2026.04.13 00:00:29;Sell;0.03;XAUUSD;4 637.42;4 723.28;4 648.28;2026.04.13 00:00:30;4 640.07;-0.60;;-7.95;
2026.04.13 00:00:29;Sell;0.03;XAUUSD;4 637.42;4 751.17;4 691.17;2026.04.13 00:00:30;4 640.07;-0.60;;-7.95;
2026.04.10 00:39:36;Buy;0.03;XAUUSD;4 760.00;4 710.00;4 810.00;2026.04.13 00:00:29;4 637.42;-0.60;-1.98;-367.74;
2026.04.10 18:19:37;Buy Stop;0.03;XAUUSD;4 805.00;4 755.00;4 855.00;2026.04.11 18:19:00;4 749.81;;;;expiration
2026.04.10 16:31:25;Buy Stop;0.03;XAUUSD;4 802.00;4 752.00;4 852.00;2026.04.10 22:31:03;4 747.95;;;;expiration
2026.04.09 15:47:23;Buy Stop;0.03;XAUUSD;4 805.00;4 755.00;4 855.00;2026.04.10 15:47:00;4 767.62;;;;expiration
2026.04.10 03:02:29;Buy Stop;0.03;XAUUSD;4 802.00;4 752.00;4 852.00;2026.04.10 15:02:00;4 772.33;;;;expiration
2026.04.09 08:52:19;Sell Stop;0.03;XAUUSD;4 698.00;4 735.00;4 648.00;2026.04.09 20:52:00;4 770.94;;;;expiration
2026.04.08 18:02:24;Buy Limit;0.03;XAUUSD;4 690.00;4 640.00;4 740.00;2026.04.09 20:08:22;4 798.16;;;;
2026.04.09 12:24:46;Buy;0.03;XAUUSD;4 735.00;4 698.00;4 785.00;2026.04.09 17:21:14;4 785.00;-0.60;;150.00;[tp]
2026.04.09 10:03:05;Sell Stop;0.03;XAUUSD;4 698.28;4 723.28;4 648.28;2026.04.09 14:01:51;4 749.85;;;;
2026.04.09 10:06:51;Sell Stop;0.03;XAUUSD;4 607.02;4 632.02;4 557.02;2026.04.09 14:01:41;4 749.85;;;;
2026.04.08 11:56:22;Buy Stop;0.03;XAUUSD;4 843.00;4 793.00;4 893.00;2026.04.09 08:51:25;4 715.57;;;;
2026.04.06 00:11:16;Sell Stop;0.03;XAUUSD;4 607.63;4 627.63;4 567.63;2026.04.09 08:01:59;4 713.39;;;;
2026.04.08 05:56:15;Buy Stop;0.03;XAUUSD;4 857.64;4 837.64;4 897.64;2026.04.09 08:01:54;4 713.93;;;;
2026.04.08 06:01:43;Buy Stop;0.03;XAUUSD;4 856.99;4 831.99;4 906.99;2026.04.08 18:01:05;4 760.28;;;;
2026.04.08 10:41:47;Buy;0.03;XAUUSD;4 800.00;4 775.00;4 850.00;2026.04.08 12:16:22;4 775.00;-0.60;;-75.00;[sl]
2026.04.08 07:49:22;Buy;0.03;XAUUSD;4 830.00;4 780.00;4 880.00;2026.04.08 11:44:43;4 780.00;-0.60;;-150.00;[sl]
2026.04.08 07:31:37;Buy;0.03;XAUUSD;4 820.00;4 795.00;4 870.00;2026.04.08 10:42:13;4 795.00;-0.60;;-75.00;[sl]
2026.04.08 10:06:13;Buy Stop;0.03;XAUUSD;4 847.00;4 822.00;4 897.00;2026.04.08 10:32:26;4 816.37;;;;
2026.04.08 09:47:48;Buy Limit;0.03;XAUUSD;4 800.00;4 775.00;4 850.00;2026.04.08 10:05:28;4 819.23;;;;
2026.04.08 07:49:22;Buy;0.03;XAUUSD;4 830.00;4 805.00;4 870.00;2026.04.08 09:41:48;4 805.00;-0.60;;-75.00;[sl]
2026.04.08 06:06:34;Buy Limit;0.03;XAUUSD;4 760.00;4 735.00;4 810.00;2026.04.08 07:42:15;4 811.70;;;;
2026.04.07 21:45:55;Buy;0.03;XAUUSD;4 710.46;4 660.00;4 760.00;2026.04.08 00:34:42;4 760.00;-0.60;-1.96;148.62;[tp]
2026.04.08 00:00:34;Buy;0.03;XAUUSD;4 740.14;4 715.00;4 790.00;2026.04.08 00:32:52;4 715.00;-0.60;;-75.42;[sl]
2026.04.07 21:20:22;Buy;0.03;XAUUSD;4 700.00;4 675.00;4 750.00;2026.04.08 00:07:02;4 750.00;-0.60;-1.96;150.00;[tp]
2026.04.07 21:20:22;Buy;0.03;XAUUSD;4 700.00;4 650.00;4 750.00;2026.04.08 00:07:02;4 750.00;-0.60;-1.96;150.00;[tp]
2026.04.07 21:45:54;Buy;0.03;XAUUSD;4 706.50;4 685.77;4 745.77;2026.04.08 00:00:54;4 745.77;-0.60;-1.96;117.81;[tp]
2026.04.07 21:22:22;Buy Limit;0.03;XAUUSD;4 660.00;4 635.00;4 710.00;2026.04.07 22:03:08;4 687.95;;;;
2026.04.07 13:23:26;Buy;0.03;XAUUSD;4 645.00;4 620.00;4 695.00;2026.04.07 16:06:12;4 620.00;-0.60;;-75.00;[sl]
2026.04.07 10:02:24;Buy;0.03;XAUUSD;4 660.00;4 635.00;4 710.00;2026.04.07 13:14:03;4 633.94;-0.60;;-78.18;
2026.04.07 10:20:44;Buy;0.03;XAUUSD;4 670.73;4 645.00;4 720.00;2026.04.07 13:10:44;4 645.00;-0.60;;-77.19;[sl]
2026.04.07 03:56:16;Sell Stop;0.03;XAUUSD;4 578.00;4 628.00;4 528.00;2026.04.07 11:00:15;4 680.72;;;;
2026.04.06 17:15:44;Buy;0.03;XAUUSD;4 659.32;4 635.00;4 710.00;2026.04.07 03:10:32;4 635.00;-0.60;-1.94;-72.96;[sl]
2026.04.06 14:05:07;Buy Stop;0.03;XAUUSD;4 711.00;4 661.00;4 761.00;2026.04.07 02:04:00;4 651.22;;;;expiration
2026.04.06 14:01:44;Buy Stop;0.03;XAUUSD;4 706.70;4 681.70;4 756.70;2026.04.07 02:02:27;4 659.10;;;;
2026.04.06 18:00:14;Buy;0.03;XAUUSD;4 670.00;4 645.00;4 720.00;2026.04.06 19:14:04;4 645.00;-0.60;;-75.00;[sl]
2026.04.06 11:00:23;Buy;0.03;XAUUSD;4 700.14;4 650.00;4 750.00;2026.04.06 19:14:02;4 650.00;-0.60;;-150.42;[sl]
2026.04.06 17:41:11;Buy Stop;0.03;XAUUSD;4 670.00;4 645.00;4 720.00;2026.04.06 17:44:08;4 656.74;;;;
2026.04.06 17:39:17;Buy Stop;0.03;XAUUSD;4 670.00;4 645.00;4 720.00;2026.04.06 17:39:56;4 652.94;;;;
2026.04.06 13:57:18;Buy;0.03;XAUUSD;4 680.00;4 655.00;4 730.00;2026.04.06 17:38:03;4 654.95;-0.60;;-75.15;
2026.04.06 17:05:43;Buy Stop;0.03;XAUUSD;4 710.00;4 685.00;4 760.00;2026.04.06 17:07:33;4 666.51;;;;
2026.04.06 16:35:27;Buy;0.03;XAUUSD;4 695.00;4 670.00;4 745.00;2026.04.06 17:04:16;4 670.00;-0.60;;-75.00;[sl]
2026.04.06 16:00:31;Buy;0.03;XAUUSD;4 690.00;4 665.00;4 740.00;2026.04.06 16:10:19;4 665.00;-0.60;;-75.00;[sl]
2026.04.06 14:23:30;Buy Limit;0.03;XAUUSD;4 645.00;4 620.00;4 695.00;2026.04.06 14:39:57;4 672.11;;;;
2026.04.06 12:14:26;Buy;0.03;XAUUSD;4 690.00;4 665.00;4 740.00;2026.04.06 14:21:58;4 665.00;-0.60;;-75.00;[sl]
2026.04.06 03:02:12;Sell Stop;0.03;XAUUSD;4 580.00;4 630.00;4 530.00;2026.04.06 14:01:40;4 684.18;;;;
2026.04.06 11:00:24;Buy;0.03;XAUUSD;4 705.00;4 680.00;4 755.00;2026.04.06 13:51:21;4 680.00;-0.60;;-75.00;[sl]
2026.04.06 11:00:23;Buy;0.03;XAUUSD;4 700.14;4 679.72;4 739.72;2026.04.06 13:51:21;4 679.72;-0.60;;-61.26;[sl]
2026.04.06 10:05:17;Buy Limit;0.03;XAUUSD;4 680.00;4 655.00;4 730.00;2026.04.06 10:44:47;4 690.18;;;;
2026.04.06 06:54:46;Buy;0.03;XAUUSD;4 655.00;4 630.00;4 695.00;2026.04.06 10:25:33;4 695.00;-0.60;;120.00;[tp]
2026.04.06 05:57:19;Buy;0.03;XAUUSD;4 640.00;4 615.00;4 690.00;2026.04.06 10:04:18;4 690.00;-0.60;;150.00;[tp]
2026.04.06 02:02:59;Sell Stop;0.03;XAUUSD;4 553.50;4 578.50;4 503.50;2026.04.06 10:01:25;4 687.91;;;;
2026.04.06 06:01:43;Buy Stop;0.03;XAUUSD;4 650.00;4 625.00;4 700.00;2026.04.06 06:28:34;4 647.29;;;;
2026.04.06 04:38:34;Buy Limit;0.03;XAUUSD;4 620.00;4 595.00;4 670.00;2026.04.06 05:58:41;4 633.55;;;;
2026.04.06 04:28:39;Buy Stop;0.03;XAUUSD;4 680.00;4 660.00;4 720.00;2026.04.06 05:06:23;4 650.83;;;;
2026.04.06 04:24:09;Buy Stop;0.03;XAUUSD;4 700.00;4 675.00;4 750.00;2026.04.06 04:37:43;4 662.50;;;;
2026.04.06 03:01:55;Buy;0.03;XAUUSD;4 630.00;4 605.00;4 670.00;2026.04.06 04:21:20;4 670.00;-0.60;;120.00;[tp]
2026.04.06 02:41:34;Buy;0.03;XAUUSD;4 620.00;4 595.00;4 670.00;2026.04.06 04:21:20;4 670.00;-0.60;;150.00;[tp]
2026.04.02 15:58:33;Buy;0.03;XAUUSD;4 652.00;4 602.00;4 702.00;2026.04.06 02:27:40;4 601.86;-0.60;-3.90;-150.42;
2026.04.02 16:23:28;Buy;0.03;XAUUSD;4 670.00;4 620.00;4 720.00;2026.04.06 00:10:20;4 620.00;-0.60;-3.90;-150.00;[sl]
2026.04.02 16:36:30;Buy;0.03;XAUUSD;4 690.00;4 640.00;4 740.00;2026.04.06 00:00:41;4 635.58;-0.60;-3.90;-163.26;
2026.04.02 22:51:51;Sell Stop;0.03;XAUUSD;4 554.66;4 574.66;4 514.66;2026.04.04 22:51:00;4 671.87;;;;expiration
2026.04.02 18:02:31;Sell Stop;0.03;XAUUSD;4 553.50;4 578.50;4 503.50;2026.04.04 18:02:00;4 671.87;;;;expiration
2026.04.02 09:17:49;Buy;0.03;XAUUSD;4 625.00;4 575.00;4 675.00;2026.04.02 16:24:49;4 675.00;-0.60;;150.00;[tp]
2026.04.02 14:00:41;Buy Limit;0.03;XAUUSD;4 580.00;4 530.00;4 630.00;2026.04.02 16:07:42;4 623.15;;;;
2026.04.02 13:43:02;Sell;0.03;XAUUSD;4 594.42;4 614.42;4 554.42;2026.04.02 14:15:00;4 614.42;-0.60;;-60.00;[sl]
2026.04.02 09:48:26;Buy;0.03;XAUUSD;4 645.00;4 595.00;4 695.00;2026.04.02 13:43:02;4 595.00;-0.60;;-150.00;[sl]
2026.04.02 07:50:09;Buy;0.03;XAUUSD;4 590.00;4 540.00;4 640.00;2026.04.02 09:41:38;4 640.00;-0.60;;150.00;[tp]
2026.04.02 07:40:47;Buy;0.03;XAUUSD;4 640.00;4 615.00;4 690.00;2026.04.02 07:47:08;4 615.00;-0.60;;-75.00;[sl]
2026.04.02 07:44:13;Buy Stop;0.03;XAUUSD;4 650.00;4 625.00;4 700.00;2026.04.02 07:46:17;4 632.23;;;;
2026.04.02 04:33:06;Buy;0.03;XAUUSD;4 670.00;4 645.00;4 720.00;2026.04.02 07:33:56;4 645.00;-0.60;;-75.00;[sl]
2026.04.02 05:49:37;Buy;0.03;XAUUSD;4 680.00;4 655.00;4 730.00;2026.04.02 07:33:31;4 655.00;-0.60;;-75.00;[sl]
2026.04.02 03:57:37;Buy Limit;0.03;XAUUSD;4 640.00;4 590.00;4 690.00;2026.04.02 05:22:54;4 693.95;;;;
2026.04.01 20:35:55;Buy;0.03;XAUUSD;4 750.00;4 725.00;4 800.00;2026.04.02 03:06:57;4 725.00;-0.60;-5.95;-75.00;[sl]
2026.04.01 20:19:32;Buy;0.03;XAUUSD;4 760.00;4 735.00;4 810.00;2026.04.02 03:04:24;4 735.00;-0.60;-5.95;-75.00;[sl]
2026.04.02 00:29:43;Buy;0.03;XAUUSD;4 774.17;4 754.17;4 814.17;2026.04.02 03:04:06;4 752.77;-0.60;;-64.20;
2026.04.01 14:09:17;Buy;0.03;XAUUSD;4 740.00;4 715.00;4 790.00;2026.04.01 18:02:16;4 790.00;-0.60;;150.00;[tp]
2026.04.01 08:57:53;Buy;0.03;XAUUSD;4 730.00;4 705.00;4 780.00;2026.04.01 17:35:01;4 780.00;-0.60;;150.00;[tp]
2026.04.01 08:48:11;Buy;0.03;XAUUSD;4 723.12;4 673.00;4 773.00;2026.04.01 17:09:42;4 773.00;-0.60;;149.64;[tp]
2026.04.01 13:45:07;Buy Stop;0.03;XAUUSD;4 765.00;4 740.00;4 815.00;2026.04.01 14:02:09;4 758.85;;;;
2026.04.01 13:40:36;Buy Limit;0.03;XAUUSD;4 740.00;4 715.00;4 790.00;2026.04.01 13:44:34;4 759.46;;;;
2026.04.01 07:41:24;Buy;0.03;XAUUSD;4 703.00;4 678.00;4 753.00;2026.04.01 13:39:10;4 753.00;-0.60;;150.00;[tp]
2026.04.01 09:36:37;Buy;0.03;XAUUSD;4 739.48;4 714.48;4 789.48;2026.04.01 09:52:05;4 714.48;-0.60;;-75.00;[sl]
2026.04.01 07:32:02;Buy;0.03;XAUUSD;4 692.61;4 672.61;4 732.61;2026.04.01 08:58:09;4 732.61;-0.60;;120.00;[tp]
2026.04.01 07:41:30;Buy Stop;0.03;XAUUSD;4 713.00;4 688.00;4 763.00;2026.04.01 07:57:11;4 698.13;;;;
2026.04.01 03:39:22;Buy Limit;0.03;XAUUSD;4 630.00;4 580.00;4 680.00;2026.04.01 07:34:29;4 684.07;;;;
2026.03.31 16:02:51;Buy;0.03;XAUUSD;4 618.82;4 568.00;4 668.00;2026.03.31 20:09:46;4 668.00;-0.60;;147.54;[tp]
2026.03.30 01:26:56;Sell Stop;0.03;XAUUSD;4 482.69;4 502.69;4 442.69;2026.03.31 19:45:15;4 658.62;;;;
2026.03.31 16:02:51;Buy;0.03;XAUUSD;4 619.73;4 599.31;4 659.31;2026.03.31 16:55:49;4 599.12;-0.60;;-61.83;
2026.03.31 07:46:04;Balance;;;;;;;;;;-80.00;Withdrawal
2026.03.30 13:44:50;Buy;0.03;XAUUSD;4 556.12;4 534.97;4 594.97;2026.03.30 15:48:24;4 534.97;-0.60;;-63.45;[sl]
2026.03.18 12:35:37;Sell;0.06;XAUUSD;4 967.01;4 987.30;4 927.30;2026.03.18 13:58:46;4 927.30;-1.20;;238.26;[tp]
2026.03.17 06:44:45;Buy;0.06;XAUUSD;5 038.14;5 018.14;5 078.14;2026.03.17 08:01:23;5 018.14;-1.20;;-120.00;[sl]
2026.03.16 10:01:12;Sell Stop;0.06;XAUUSD;4 966.42;4 991.42;4 916.42;2026.03.17 02:02:47;5 012.41;;;;
2026.03.16 01:20:31;Sell;0.06;XAUUSD;4 993.53;5 020.94;4 945.94;2026.03.16 02:02:21;5 020.94;-1.20;;-164.46;[sl]
2026.03.16 01:20:31;Sell;0.06;XAUUSD;4 993.53;5 016.19;4 956.19;2026.03.16 02:02:05;5 016.19;-1.20;;-135.96;[sl]
2026.03.13 16:55:23;Sell;0.06;XAUUSD;5 054.62;5 074.91;5 014.91;2026.03.13 21:47:20;5 014.91;-1.20;;238.26;[tp]
2026.03.13 14:45:16;Buy;0.06;XAUUSD;5 113.59;5 063.59;5 160.89;2026.03.13 16:52:14;5 063.59;-1.20;;-300.00;[sl]
2026.03.13 14:32:56;Buy Limit;0.06;XAUUSD;5 084.26;5 039.03;5 134.26;2026.03.13 16:03:34;5 114.54;;;;
2026.03.13 10:02:50;Sell Stop;0.06;XAUUSD;5 054.56;5 079.56;5 004.56;2026.03.13 14:02:09;5 094.31;;;;
2026.03.13 10:05:51;Sell Stop;0.06;XAUUSD;4 995.94;5 020.94;4 945.94;2026.03.13 14:01:57;5 094.31;;;;
2026.03.13 03:44:50;Buy;0.06;XAUUSD;5 112.63;5 062.63;5 159.52;2026.03.13 10:21:54;5 062.63;-1.20;;-300.00;[sl]
2026.03.12 19:38:48;Sell;0.06;XAUUSD;5 109.23;5 134.23;5 059.23;2026.03.12 22:30:37;5 059.01;-1.20;;301.32;
2026.03.12 00:56:24;Buy;0.06;XAUUSD;5 152.41;5 107.79;5 203.03;2026.03.12 17:11:13;5 107.79;-1.20;;-267.72;[sl]
2026.03.12 09:45:23;Buy;0.06;XAUUSD;5 186.71;5 136.71;5 234.00;2026.03.12 17:01:57;5 136.71;-1.20;;-300.00;[sl]
2026.03.12 09:42:13;Buy;0.06;XAUUSD;5 175.26;5 155.26;5 215.26;2026.03.12 15:45:54;5 154.35;-1.20;;-125.46;
2026.03.11 15:49:36;Sell;0.06;XAUUSD;5 156.48;5 176.48;5 116.48;2026.03.11 15:58:36;5 176.48;-1.20;;-120.00;[sl]
2026.03.11 02:08:12;Buy Stop;0.06;XAUUSD;5 238.39;5 213.39;5 288.39;2026.03.11 14:07:55;5 188.73;;;;
2026.03.10 15:20:41;Buy;0.06;XAUUSD;5 214.38;5 161.43;5 258.72;2026.03.10 20:19:33;5 161.43;-1.20;;-317.70;[sl]
2026.03.10 15:18:00;Buy;0.06;XAUUSD;5 205.87;5 180.87;5 255.87;2026.03.10 20:18:37;5 180.87;-1.20;;-150.00;[sl]
2026.03.10 16:07:48;Buy;0.06;XAUUSD;5 190.08;5 140.08;5 237.38;2026.03.10 17:45:34;5 237.38;-1.20;;283.80;[tp]
2026.03.10 15:18:09;Buy;0.06;XAUUSD;5 206.47;5 186.47;5 246.47;2026.03.10 16:10:57;5 186.11;-1.20;;-122.16;
2026.03.10 03:20:33;Buy;0.06;XAUUSD;5 156.19;5 131.19;5 206.19;2026.03.10 15:18:09;5 206.19;-1.20;;300.00;[tp]
2026.03.10 10:40:32;Buy;0.06;XAUUSD;5 192.19;5 172.19;5 232.19;2026.03.10 12:31:43;5 172.19;-1.20;;-120.00;[sl]
2026.03.10 03:57:22;Buy;0.06;XAUUSD;5 180.41;5 155.01;5 230.01;2026.03.10 06:01:20;5 155.01;-1.20;;-152.40;[sl]
2026.03.10 00:03:48;Buy;0.06;XAUUSD;5 126.68;5 077.03;5 174.32;2026.03.10 03:54:38;5 174.32;-1.20;;285.84;[tp]
2026.03.09 21:58:09;Buy Limit;0.06;XAUUSD;5 110.86;5 065.63;5 160.86;2026.03.10 00:05:08;5 135.58;;;;
2026.03.09 11:39:44;Buy;0.06;XAUUSD;5 121.28;5 071.28;5 168.57;2026.03.09 15:45:37;5 070.52;-1.20;;-304.56;
2026.03.09 04:20:32;Buy;0.06;XAUUSD;5 076.28;5 026.48;5 123.78;2026.03.09 07:45:38;5 123.78;-1.20;;285.00;[tp]
2026.03.09 01:42:57;Sell;0.06;XAUUSD;5 050.75;5 070.75;5 010.75;2026.03.09 01:44:54;5 070.75;-1.20;;-120.00;[sl]
2026.03.06 17:02:00;Buy;0.06;XAUUSD;5 143.73;5 123.73;5 183.73;2026.03.09 00:00:28;5 192.16;-1.20;-4.30;290.58;
2026.03.06 10:04:52;Sell Stop;0.06;XAUUSD;5 050.74;5 075.74;5 000.74;2026.03.06 18:00:52;5 155.31;;;;
2026.03.06 10:06:08;Sell Stop;0.06;XAUUSD;4 995.94;5 020.94;4 945.94;2026.03.06 18:00:43;5 155.31;;;;
2026.03.06 09:08:27;Buy;0.06;XAUUSD;5 106.53;5 056.53;5 153.82;2026.03.06 17:02:45;5 153.82;-1.20;;283.74;[tp]
2026.03.05 15:22:11;Sell;0.06;XAUUSD;5 107.97;5 129.42;5 069.42;2026.03.05 15:32:53;5 129.42;-1.20;;-128.70;[sl]
2026.03.05 07:52:40;Buy Limit;0.06;XAUUSD;5 094.94;5 044.94;5 144.94;2026.03.05 15:23:04;5 158.03;;;;
2026.03.05 08:07:10;Buy;0.06;XAUUSD;5 144.75;5 094.75;5 194.75;2026.03.05 15:22:55;5 094.75;-1.20;;-300.00;[sl]
2026.03.04 18:08:11;Buy Stop;0.06;XAUUSD;5 166.63;5 146.63;5 216.63;2026.03.05 01:40:39;5 148.97;;;;
2026.03.04 19:23:38;Sell;0.06;XAUUSD;5 129.22;5 150.00;5 080.00;2026.03.05 01:00:48;5 150.00;-1.20;-2.57;-124.68;[sl]
2026.03.04 19:24:34;Sell;0.06;XAUUSD;5 120.95;5 140.95;5 080.95;2026.03.04 19:45:05;5 140.95;-1.20;;-120.00;[sl]
2026.03.04 04:36:26;Buy;0.06;XAUUSD;5 164.76;5 119.53;5 214.76;2026.03.04 19:24:34;5 119.53;-1.20;;-271.38;[sl]
2026.03.04 17:36:07;Buy Stop;0.06;XAUUSD;5 170.00;5 130.00;5 220.00;2026.03.04 17:44:51;5 158.11;;;;
2026.03.04 12:30:31;Buy;0.06;XAUUSD;5 185.04;5 139.81;5 235.04;2026.03.04 16:56:34;5 139.81;-1.20;;-271.38;[sl]
2026.03.04 14:46:26;Buy;0.06;XAUUSD;5 169.00;5 149.00;5 219.00;2026.03.04 16:48:33;5 148.34;-1.20;;-123.96;
2026.03.04 12:08:44;Buy;0.06;XAUUSD;5 192.00;5 160.00;5 242.00;2026.03.04 14:40:16;5 160.00;-1.20;;-192.00;[sl]
2026.03.04 11:58:34;Buy;0.06;XAUUSD;5 182.00;5 160.00;5 232.00;2026.03.04 14:40:16;5 160.00;-1.20;;-132.00;[sl]
2026.03.04 12:08:44;Buy;0.06;XAUUSD;5 190.81;5 170.81;5 230.81;2026.03.04 14:32:14;5 170.81;-1.20;;-120.00;[sl]
2026.03.04 06:42:58;Buy;0.06;XAUUSD;5 154.40;5 104.40;5 204.40;2026.03.04 14:04:00;5 204.40;-1.20;;300.00;[tp]
2026.03.04 07:05:15;Buy Stop;0.06;XAUUSD;5 180.80;5 130.80;5 228.10;2026.03.04 08:29:15;5 131.26;;;;
2026.03.04 05:57:46;Buy;0.06;XAUUSD;5 175.59;5 125.59;5 225.59;2026.03.04 08:06:28;5 125.59;-1.20;;-300.00;[sl]
2026.03.04 02:05:07;Sell Stop;0.06;XAUUSD;4 994.61;5 019.61;4 944.61;2026.03.04 06:00:53;5 171.29;;;;
2026.03.04 03:00:51;Buy;0.06;XAUUSD;5 149.50;5 129.50;5 189.50;2026.03.04 04:13:33;5 189.50;-1.20;;240.00;[tp]
2026.03.04 01:14:21;Buy Limit;0.06;XAUUSD;5 096.56;5 051.33;5 146.56;2026.03.04 03:16:36;5 134.51;;;;
2026.03.03 22:56:09;Buy;0.06;XAUUSD;5 100.00;5 080.00;5 150.00;2026.03.04 03:01:34;5 150.00;-1.20;;300.00;[tp]
2026.03.03 23:00:19;Buy Limit;0.06;XAUUSD;3 110.00;3 080.00;3 160.00;2026.03.04 01:02:58;5 088.72;;;;
2026.03.03 21:40:08;Buy;0.06;XAUUSD;5 115.00;5 085.00;5 165.00;2026.03.03 22:52:13;5 085.00;-1.20;-4.27;-180.00;[sl]
2026.03.03 21:46:27;Buy;0.06;XAUUSD;5 125.00;5 095.00;5 175.00;2026.03.03 22:51:34;5 094.11;-1.20;-4.27;-185.34;
2026.03.03 21:02:12;Buy;0.06;XAUUSD;5 145.00;5 105.00;5 195.00;2026.03.03 21:17:32;5 105.00;-1.20;;-240.00;[sl]
2026.03.03 20:39:52;Buy;0.06;XAUUSD;5 135.00;5 105.00;5 185.00;2026.03.03 21:17:32;5 105.00;-1.20;;-180.00;[sl]
2026.03.03 19:53:10;Sell;0.06;XAUUSD;5 072.00;5 102.00;5 022.00;2026.03.03 20:09:43;5 102.00;-1.20;;-180.00;[sl]
2026.03.03 16:44:06;Sell;0.06;XAUUSD;5 072.00;5 102.00;5 022.00;2026.03.03 16:51:47;5 021.50;-1.20;;303.00;
2026.03.03 16:31:43;Buy;0.06;XAUUSD;5 122.23;5 073.20;5 173.20;2026.03.03 16:44:06;5 073.12;-1.20;;-294.66;
2026.03.03 16:39:44;Buy Stop;0.06;XAUUSD;5 140.00;5 100.00;5 190.00;2026.03.03 16:41:40;5 127.97;;;;
2026.03.03 16:39:02;Buy;0.06;XAUUSD;5 130.00;5 100.00;5 180.00;2026.03.03 16:41:28;5 100.00;-1.20;;-180.00;[sl]
2026.03.03 16:37:21;Sell Stop;0.06;XAUUSD;5 072.00;5 102.00;5 022.00;2026.03.03 16:39:12;5 110.95;;;;
2026.03.03 15:05:01;Buy;0.06;XAUUSD;5 172.33;5 122.33;5 222.33;2026.03.03 16:31:43;5 121.33;-1.20;;-306.00;
2026.03.03 13:35:06;Buy;0.06;XAUUSD;5 120.00;5 100.00;5 170.00;2026.03.03 14:06:43;5 170.00;-1.20;;300.00;[tp]
2026.03.03 13:34:40;Buy;0.06;XAUUSD;5 110.00;5 090.00;5 160.00;2026.03.03 14:05:15;5 160.00;-1.20;;300.00;[tp]
2026.03.03 13:10:44;Buy;0.06;XAUUSD;5 190.00;5 170.00;5 240.00;2026.03.03 13:27:40;5 170.00;-1.20;;-120.00;[sl]
2026.03.03 13:10:52;Buy;0.06;XAUUSD;5 200.00;5 180.00;5 250.00;2026.03.03 13:17:31;5 178.77;-1.20;;-127.38;
2026.03.03 12:53:28;Buy;0.06;XAUUSD;5 241.41;5 191.41;5 291.41;2026.03.03 13:08:58;5 191.41;-1.20;;-300.00;[sl]
2026.03.03 13:03:14;Buy;0.06;XAUUSD;5 265.00;5 230.00;5 315.00;2026.03.03 13:07:44;5 222.69;-1.20;;-253.86;
2026.03.03 11:25:13;Sell;0.06;XAUUSD;5 280.15;5 300.15;5 240.15;2026.03.03 12:59:06;5 240.13;-1.20;;240.12;
2026.03.03 11:47:12;Buy;0.06;XAUUSD;5 270.00;5 240.00;5 320.00;2026.03.03 12:59:05;5 240.00;-1.20;;-180.00;[sl]
2026.03.03 10:01:48;Buy;0.06;XAUUSD;5 330.00;5 310.00;5 380.00;2026.03.03 10:30:55;5 310.00;-1.20;;-120.00;[sl]
2026.03.03 08:56:41;Sell Stop;0.06;XAUUSD;5 300.00;5 320.00;5 250.00;2026.03.03 09:58:42;5 326.60;;;;
2026.03.03 09:12:00;Sell;0.06;XAUUSD;5 310.00;5 330.00;5 260.00;2026.03.03 09:51:24;5 330.00;-1.20;;-120.00;[sl]
2026.03.03 08:42:52;Buy Stop;0.06;XAUUSD;5 319.00;5 300.00;5 369.00;2026.03.03 08:52:36;5 304.81;;;;
2026.03.03 08:51:45;Sell Limit;0.06;XAUUSD;5 300.00;5 320.00;5 250.00;2026.03.03 08:52:30;5 296.94;;;;
2026.03.03 04:46:01;Buy Stop;0.06;XAUUSD;5 379.83;5 359.83;5 429.83;2026.03.03 08:41:31;5 309.60;;;;
2026.03.03 07:48:36;Sell;0.06;XAUUSD;5 333.31;5 353.31;5 293.31;2026.03.03 08:13:36;5 293.31;-1.20;;240.00;[tp]
2026.02.25 14:40:48;Sell;0.21;EURJPY;184.697;185.697;183.697;2026.03.03 07:35:23;183.697;-4.20;-5.15;133.47;[tp]
2026.03.03 05:00:24;Buy;0.06;XAUUSD;5 369.83;5 349.83;5 419.83;2026.03.03 07:31:48;5 349.83;-1.20;;-120.00;[sl]
2026.03.02 21:15:39;Buy Limit;0.06;XAUUSD;5 311.32;5 266.08;5 361.32;2026.03.03 03:21:23;5 353.56;;;;
2026.03.02 21:01:35;Buy;0.06;XAUUSD;5 320.00;5 290.00;5 370.00;2026.03.03 03:16:59;5 370.00;-1.20;-4.45;300.00;[tp]
2026.03.02 19:07:10;Buy;0.06;XAUUSD;5 310.00;5 285.00;5 360.00;2026.03.03 02:30:39;5 360.00;-1.20;-4.45;300.00;[tp]
2026.03.02 19:34:38;Buy;0.06;XAUUSD;5 320.00;5 295.00;5 370.00;2026.03.02 20:06:28;5 295.00;-1.20;;-150.00;[sl]
2026.03.02 18:48:59;Buy Stop;0.06;XAUUSD;5 316.67;5 300.00;5 366.67;2026.03.02 18:53:21;5 298.85;;;;
2026.03.02 18:49:43;Buy Stop;0.06;XAUUSD;5 326.67;5 300.00;5 376.67;2026.03.02 18:53:17;5 297.43;;;;
2026.03.02 17:21:15;Buy;0.06;XAUUSD;5 330.00;5 310.00;5 380.00;2026.03.02 17:58:12;5 310.00;-1.20;;-120.00;[sl]
2026.03.02 16:37:41;Buy;0.06;XAUUSD;5 340.00;5 310.00;5 390.00;2026.03.02 17:58:12;5 310.00;-1.20;;-180.00;[sl]
2026.03.02 07:25:04;Sell Stop;0.06;XAUUSD;5 303.51;5 323.51;5 263.51;2026.03.02 16:33:42;5 351.99;;;;
2026.03.02 16:28:25;Buy;0.06;XAUUSD;5 330.00;5 310.00;5 380.00;2026.03.02 16:33:36;5 310.00;-1.20;;-120.00;[sl]
2026.03.02 16:30:23;Buy;0.06;XAUUSD;5 340.00;5 320.00;5 390.00;2026.03.02 16:31:24;5 320.00;-1.20;;-120.00;[sl]
2026.03.02 16:18:21;Buy;0.06;XAUUSD;5 363.30;5 313.37;5 410.67;2026.03.02 16:26:14;5 313.37;-1.20;;-299.58;[sl]
2026.03.02 15:05:16;Buy;0.06;XAUUSD;5 403.00;5 363.00;5 453.00;2026.03.02 16:10:15;5 363.00;-1.20;;-240.00;[sl]
2026.03.02 12:10:16;Buy;0.06;XAUUSD;5 393.00;5 363.00;5 443.00;2026.03.02 16:10:15;5 363.00;-1.20;;-180.00;[sl]
2026.03.02 09:07:52;Buy;0.06;XAUUSD;5 394.83;5 368.67;5 443.67;2026.03.02 16:10:00;5 368.67;-1.20;;-156.96;[sl]
2026.03.02 09:07:51;Buy;0.06;XAUUSD;5 393.37;5 373.37;5 433.37;2026.03.02 16:09:58;5 372.73;-1.20;;-123.84;
2026.03.02 04:57:03;Sell Stop;0.06;XAUUSD;5 340.00;5 360.00;5 290.00;2026.03.02 05:01:45;5 346.11;;;;
2026.03.02 03:49:31;Sell Stop;0.06;XAUUSD;5 315.00;5 345.00;5 265.00;2026.03.02 04:42:09;5 339.29;;;;
2026.03.02 03:58:19;Sell;0.06;XAUUSD;5 325.00;5 345.00;5 275.00;2026.03.02 04:41:43;5 345.00;-1.20;;-120.00;[sl]
2026.02.27 19:43:34;Buy;0.06;XAUUSD;5 235.00;5 215.00;5 285.00;2026.03.02 01:02:44;5 322.69;-1.20;-4.38;526.14;
2026.02.27 20:54:47;Buy;0.06;XAUUSD;5 245.00;5 215.00;5 295.00;2026.03.02 01:02:44;5 322.69;-1.20;-4.38;466.14;
2026.02.25 11:00:02;Sell;0.21;CHFJPY;201.952;202.952;200.952;2026.02.27 16:07:12;202.952;-4.20;-3.77;-134.42;[sl]
2026.02.27 15:06:42;Buy Limit;0.06;XAUUSD;5 132.22;5 082.22;5 179.51;2026.02.27 15:26:58;5 211.77;;;;
2026.02.27 02:23:40;Balance;;;;;;;;;;330.00;
2026.02.24 22:58:23;Sell Stop;0.08;XAUUSD;5 093.83;5 113.83;5 053.83;2026.02.26 01:29:13;5 171.59;;;;
2026.02.25 20:49:55;Buy;0.03;XAUUSD;5 201.45;5 151.45;5 248.74;2026.02.25 22:58:19;5 151.45;-0.60;-6.48;-150.00;[sl]
2026.02.25 03:14:05;Buy;0.08;XAUUSD;5 173.27;5 153.27;5 213.27;2026.02.25 18:47:04;5 213.27;-1.60;;320.00;[tp]
2026.02.24 10:43:08;Sell Limit;0.21;USDJPY;157.031;158.031;156.031;2026.02.25 12:02:07;156.425;;;;
2026.02.11 16:57:05;Buy Limit;0.21;EURJPY;180.697;179.697;181.697;2026.02.25 11:48:06;184.419;;;;
2026.02.24 10:43:53;Buy Limit;0.21;USDJPY;153.031;152.031;154.031;2026.02.25 11:47:55;156.437;;;;
2026.02.23 02:26:36;Buy Limit;0.21;CHFJPY;197.952;196.952;198.952;2026.02.25 11:44:58;202.319;;;;
2026.02.24 17:59:26;Buy Limit;0.03;XAUUSD;5 121.21;5 071.21;5 168.51;2026.02.25 08:01:43;5 202.31;;;;
2026.02.24 14:54:49;Sell;0.08;XAUUSD;5 145.16;5 165.18;5 105.18;2026.02.24 16:13:36;5 105.18;-1.60;;319.84;[tp]
2026.02.24 03:16:09;Buy;0.03;XAUUSD;5 156.44;5 106.44;5 203.74;2026.02.24 16:13:35;5 105.75;-0.60;;-152.07;
2026.02.23 02:23:17;Sell Limit;0.21;GBPJPY;211.041;212.041;210.041;2026.02.24 10:41:30;210.623;;;;
2026.02.23 02:24:04;Buy Limit;0.21;GBPJPY;207.041;206.041;208.041;2026.02.24 10:41:27;210.653;;;;
2026.02.18 20:23:38;Sell;0.21;USDJPY;154.708;155.708;153.708;2026.02.24 09:12:56;155.708;-4.20;-7.01;-134.87;[sl]
2026.02.24 08:00:05;Balance;;;;;;;;;;-500.00;Withdrawal
2026.02.23 16:36:39;Buy;0.08;XAUUSD;5 177.02;5 157.02;5 217.02;2026.02.23 18:26:57;5 217.02;-1.60;;320.00;[tp]
2026.02.23 09:26:13;Buy;0.03;XAUUSD;5 131.28;5 081.28;5 178.58;2026.02.23 16:36:49;5 178.58;-0.60;;141.90;[tp]
2026.02.20 15:50:33;Buy;0.08;XAUUSD;5 045.13;5 025.13;5 085.13;2026.02.20 17:03:20;5 022.65;-1.60;;-179.84;
2026.02.20 08:23:23;Buy;0.08;XAUUSD;5 022.32;5 002.32;5 062.32;2026.02.20 17:01:46;5 062.37;-1.60;;320.40;
2026.02.18 15:15:05;Buy Limit;0.03;XAUUSD;4 991.90;4 941.90;5 039.19;2026.02.20 16:46:43;5 041.52;;;;
2026.02.20 02:13:41;Sell Stop;0.08;XAUUSD;4 959.83;4 979.83;4 919.83;2026.02.20 15:13:56;5 027.27;;;;
2026.02.19 11:36:18;Buy;0.03;XAUUSD;4 994.39;4 944.39;5 041.68;2026.02.20 11:17:24;5 041.98;-0.60;;142.77;
2026.02.18 01:04:29;Sell Stop;0.08;XAUUSD;4 841.43;4 861.43;4 801.43;2026.02.20 01:04:01;5 002.66;;;;expiration
2026.02.19 17:34:40;Buy;0.08;XAUUSD;5 022.30;5 002.30;5 062.30;2026.02.19 18:07:02;5 002.09;-1.60;;-161.68;
2026.02.19 13:59:07;Sell Limit;0.21;GBPJPY;210.468;211.468;209.468;2026.02.19 16:59:53;208.561;;;;
2026.02.19 13:59:42;Buy Limit;0.21;GBPJPY;206.468;205.468;207.468;2026.02.19 16:59:46;208.587;;;;
2026.02.11 17:00:54;Buy Limit;0.21;CADJPY;110.117;109.117;111.117;2026.02.19 13:58:03;112.973;;;;
2026.02.11 17:01:47;Sell Limit;0.21;CADJPY;114.117;115.117;113.117;2026.02.19 13:57:56;112.950;;;;
2026.02.11 17:02:45;Sell Limit;0.21;AUDJPY;109.978;110.978;108.978;2026.02.19 13:57:52;108.884;;;;
2026.02.11 17:03:25;Buy Limit;0.21;AUDJPY;105.978;104.978;106.978;2026.02.19 13:57:48;108.912;;;;
2026.02.11 17:04:35;Buy Limit;0.21;NZDJPY;90.232;89.232;91.232;2026.02.19 13:57:44;92.255;;;;
2026.02.11 17:05:26;Sell Limit;0.21;NZDJPY;94.232;95.232;93.232;2026.02.19 13:57:40;92.228;;;;
2026.02.19 07:55:54;Sell;0.21;CHFJPY;200.898;201.898;199.898;2026.02.19 13:15:44;199.898;-4.20;;135.77;[tp]
2026.02.19 08:41:38;Buy;0.08;XAUUSD;5 010.97;4 990.97;5 050.97;2026.02.19 12:03:14;4 990.61;-1.60;;-162.88;
2026.02.11 16:58:58;Buy Limit;0.21;CHFJPY;196.898;195.898;197.898;2026.02.19 08:38:04;200.784;;;;
2026.02.11 16:54:07;Buy Limit;0.21;USDJPY;150.708;149.708;151.708;2026.02.19 02:37:28;154.699;;;;
2026.02.18 14:58:51;Buy;0.08;XAUUSD;4 943.69;4 923.69;4 983.69;2026.02.18 16:38:45;4 983.69;-1.60;;320.00;[tp]
2026.02.18 05:07:16;Buy Limit;0.03;XAUUSD;4 884.67;4 834.67;4 931.96;2026.02.18 06:59:31;4 933.08;;;;
2026.02.18 02:21:37;Buy;0.03;XAUUSD;4 859.43;4 809.43;4 906.72;2026.02.18 04:53:49;4 906.72;-0.60;;141.87;[tp]
2026.02.17 16:01:08;Sell;0.08;XAUUSD;4 859.43;4 879.43;4 819.43;2026.02.17 16:05:54;4 879.43;-1.60;;-160.00;[sl]
2026.02.17 12:51:07;Buy;0.03;XAUUSD;4 914.07;4 864.07;4 961.37;2026.02.17 16:01:06;4 864.07;-0.60;;-150.00;[sl]
2026.02.17 07:32:04;Sell;0.03;XAUUSD;4 868.95;4 919.00;4 822.00;2026.02.17 09:38:32;4 919.00;-0.60;;-150.15;[sl]
2026.02.16 01:05:33;Buy Stop;0.03;XAUUSD;5 102.50;5 055.50;5 152.50;2026.02.17 09:01:22;4 909.33;;;;
2026.02.17 07:51:52;Buy Limit;0.03;XAUUSD;4 863.01;4 817.78;4 913.01;2026.02.17 08:41:53;4 896.38;;;;
2026.02.17 07:15:37;Sell;0.08;XAUUSD;4 922.14;4 943.40;4 883.40;2026.02.17 07:31:50;4 883.40;-1.60;;309.92;[tp]
2026.02.17 02:52:15;Sell;0.08;XAUUSD;4 964.46;4 984.95;4 924.95;2026.02.17 03:03:18;4 924.95;-1.60;;316.08;[tp]
2026.02.16 04:09:41;Buy Stop;0.03;XAUUSD;5 062.25;5 012.92;5 111.74;2026.02.17 02:57:31;4 976.25;;;;
2026.02.13 15:30:21;Buy;0.03;XAUUSD;4 998.24;4 948.83;5 047.30;2026.02.17 02:57:19;4 948.70;-0.60;-2.09;-148.62;
2026.02.13 02:37:48;Sell Stop;0.03;XAUUSD;4 926.32;4 972.03;4 879.51;2026.02.15 02:37:00;5 043.12;;;;expiration
2026.02.13 10:51:13;Buy;0.03;XAUUSD;4 973.91;4 924.37;5 021.67;2026.02.13 18:27:00;5 021.67;-0.60;;143.28;[tp]
2026.02.13 05:08:55;Sell Stop;0.08;XAUUSD;4 879.00;4 899.00;4 839.00;2026.02.13 15:56:18;4 981.36;;;;
2026.02.13 15:30:21;Buy;0.08;XAUUSD;4 998.24;4 977.39;5 037.39;2026.02.13 15:46:02;4 977.33;-1.60;;-167.28;
2026.02.13 02:28:05;Buy Limit;0.03;XAUUSD;4 918.07;4 868.07;4 965.36;2026.02.13 13:31:33;4 936.47;;;;
2026.02.11 16:56:08;Sell Limit;0.21;GBPJPY;215.778;216.778;214.778;2026.02.12 13:33:48;208.925;;;;
2026.02.12 05:11:58;Buy;0.21;GBPJPY;207.778;206.778;208.778;2026.02.12 08:17:03;208.778;-4.20;;136.97;[tp]
2026.02.11 12:44:08;Buy;0.03;XAUUSD;5 088.62;5 040.75;5 137.75;2026.02.11 15:30:41;5 040.75;-0.60;;-143.61;[sl]
2026.02.09 15:06:49;Sell Stop;0.03;XAUUSD;4 978.78;5 027.63;4 929.51;2026.02.11 14:41:31;5 100.65;;;;
2026.02.11 13:28:59;Buy;0.03;XAUUSD;5 106.57;5 057.77;5 155.75;2026.02.11 14:41:20;5 056.46;-0.60;;-150.33;
2026.02.11 12:44:08;Buy;0.08;XAUUSD;5 087.51;5 066.73;5 126.73;2026.02.11 14:41:13;5 066.73;-1.60;;-166.24;[sl]
2026.02.06 15:46:53;Buy Stop;0.03;XAUUSD;5 108.75;5 058.75;5 156.13;2026.02.11 12:51:07;5 071.52;;;;
2026.02.10 05:05:03;Buy;0.03;XAUUSD;5 033.40;4 983.40;5 080.70;2026.02.11 12:40:52;5 081.31;-0.60;-2.10;143.73;
2026.02.10 16:41:56;Buy;0.21;USDJPY;154.242;153.242;155.242;2026.02.11 07:11:02;153.242;-4.20;-0.58;-137.04;[sl]
2026.02.10 17:17:32;Buy;0.21;EURJPY;183.737;182.737;184.737;2026.02.11 06:21:17;182.737;-4.20;-1.22;-136.93;[sl]
2026.02.10 16:45:21;Buy;0.21;GBPJPY;210.995;209.995;211.995;2026.02.11 03:13:24;209.995;-4.20;-1.39;-136.46;[sl]
2026.02.10 12:41:33;Buy;0.21;GBPJPY;211.995;210.995;212.995;2026.02.10 16:42:10;210.995;-4.20;;-136.16;[sl]
2026.02.09 17:55:43;Buy Limit;0.21;CHFJPY;200.632;199.632;201.632;2026.02.10 16:24:16;202.213;;;;
2026.02.09 17:54:19;Sell Limit;0.21;CHFJPY;204.632;205.632;203.632;2026.02.10 16:00:38;202.199;;;;
2026.02.09 14:58:06;Sell Limit;0.21;GBPJPY;215.995;216.995;214.995;2026.02.10 13:14:40;211.993;;;;
2026.02.10 04:07:48;Buy;0.08;XAUUSD;5 044.71;5 024.71;5 084.71;2026.02.10 05:15:07;5 024.71;-1.60;;-160.00;[sl]
2026.02.10 03:27:58;Sell Stop;0.08;XAUUSD;5 009.56;5 029.56;4 969.56;2026.02.10 05:10:20;5 036.42;;;;
2026.02.09 17:33:09;Buy;0.08;XAUUSD;5 048.82;5 027.20;5 087.20;2026.02.10 01:10:11;5 019.05;-1.60;-5.65;-238.16;
2026.02.09 18:04:16;Buy;0.03;XAUUSD;5 067.46;5 024.60;5 109.95;2026.02.10 01:10:11;5 019.05;-0.60;-2.12;-145.23;
2026.02.03 17:57:05;Buy Limit;0.21;NZDJPY;91.157;90.157;92.157;2026.02.09 17:57:00;94.297;;;;expiration
2026.02.09 15:12:24;Sell Limit;0.21;EURJPY;187.737;188.737;186.737;2026.02.09 17:56:26;185.494;;;;
2026.02.09 15:13:08;Buy Limit;0.21;EURJPY;183.737;182.737;184.737;2026.02.09 17:56:17;185.518;;;;
2026.02.03 17:56:34;Sell Limit;0.21;NZDJPY;95.157;96.157;94.157;2026.02.09 17:56:00;94.252;;;;expiration
2026.02.03 17:54:35;Buy Limit;0.21;CADJPY;111.619;110.619;112.619;2026.02.09 17:54:00;114.782;;;;expiration
2026.02.03 17:54:02;Sell Limit;0.21;CADJPY;115.619;116.619;114.619;2026.02.09 17:54:00;114.757;;;;expiration
2026.02.05 11:19:16;Sell;0.21;CHFJPY;202.185;203.185;201.185;2026.02.09 17:48:53;203.185;-4.20;-1.88;-134.83;[sl]
2026.02.09 04:51:29;Buy;0.08;XAUUSD;5 006.74;4 966.74;5 046.74;2026.02.09 17:33:09;5 047.74;-1.60;;328.00;
2026.02.04 12:33:57;Sell;0.21;USDJPY;156.771;157.771;155.771;2026.02.09 16:08:28;155.771;-4.20;-5.84;134.81;[tp]
2026.02.09 07:29:29;Buy;0.08;XAUUSD;5 031.55;5 011.55;5 071.55;2026.02.09 09:14:03;5 011.55;-1.60;;-160.00;[sl]
2026.02.09 01:08:27;Buy;0.03;XAUUSD;4 975.50;4 928.50;5 025.50;2026.02.09 01:28:31;5 025.50;-0.60;;150.00;[tp]
2026.02.06 06:00:51;Sell Stop;0.03;XAUUSD;4 785.00;4 832.00;4 735.00;2026.02.08 06:00:00;4 964.31;;;;expiration
2026.02.06 07:40:19;Buy;0.03;XAUUSD;4 862.99;4 812.61;4 909.99;2026.02.06 15:00:20;4 910.67;-0.60;;143.04;
2026.02.05 09:38:04;Sell;0.21;EURJPY;185.407;186.407;184.407;2026.02.06 02:16:55;184.407;-4.20;-0.86;134.07;[tp]
2026.02.04 03:22:23;Sell;0.21;AUDJPY;109.759;110.759;108.759;2026.02.05 17:33:40;108.759;-4.20;-2.14;134.08;[tp]
2026.02.02 04:16:06;Buy Limit;0.21;CHFJPY;198.185;197.185;199.185;2026.02.05 11:26:27;202.177;;;;
2026.02.02 04:14:44;Buy Limit;0.21;EURJPY;181.407;180.407;182.407;2026.02.05 10:04:35;185.386;;;;
2026.02.05 03:38:31;Buy Stop;0.03;XAUUSD;4 998.37;4 950.10;5 047.30;2026.02.05 04:49:25;4 917.50;;;;
2026.02.05 04:12:18;Sell;0.03;XAUUSD;4 925.18;4 970.13;4 879.51;2026.02.05 04:45:27;4 879.51;-0.60;;137.01;[tp]
2026.02.02 04:11:58;Buy Limit;0.21;USDJPY;152.771;151.771;153.771;2026.02.04 12:47:12;156.773;;;;
2026.02.04 03:09:47;Sell;0.21;GBPJPY;213.778;214.778;212.778;2026.02.04 10:10:07;214.778;-4.20;;-134.23;[sl]
2026.02.03 17:55:47;Buy Limit;0.21;AUDJPY;105.759;104.759;106.759;2026.02.04 03:51:13;109.798;;;;
2026.02.02 04:13:21;Buy Limit;0.21;GBPJPY;209.778;208.778;210.778;2026.02.04 03:15:47;213.655;;;;
2026.02.04 01:07:54;Sell;0.03;XAUUSD;4 918.61;4 968.87;4 873.63;2026.02.04 02:09:58;4 968.87;-0.60;;-150.78;[sl]
2026.02.03 09:25:46;Buy;0.03;XAUUSD;4 899.50;4 852.50;4 949.50;2026.02.03 15:46:20;4 949.69;-0.60;;150.57;
2026.02.03 03:31:10;Buy Stop;0.03;XAUUSD;4 883.11;4 836.97;4 929.51;2026.02.03 04:32:45;4 793.34;;;;
2026.02.03 03:15:00;Buy;0.03;XAUUSD;4 834.05;4 786.07;4 879.51;2026.02.03 04:16:38;4 785.53;-0.60;;-145.56;
2026.02.02 16:03:20;Sell Stop;0.03;XAUUSD;4 654.31;4 704.31;4 609.07;2026.02.02 16:39:43;4 712.57;;;;
2026.02.02 15:41:33;Sell Stop;0.03;XAUUSD;4 644.52;4 690.97;4 597.54;2026.02.02 16:37:51;4 712.57;;;;
2026.02.02 16:03:27;Sell;0.03;XAUUSD;4 702.04;4 751.01;4 652.93;2026.02.02 16:34:07;4 751.22;-0.60;;-147.54;
2026.02.02 13:44:07;Buy Stop;0.03;XAUUSD;4 816.79;4 771.84;4 862.23;2026.02.02 15:58:57;4 696.02;;;;
2026.02.02 13:36:52;Buy;0.03;XAUUSD;4 765.52;4 717.41;4 814.78;2026.02.02 15:31:58;4 717.41;-0.60;;-144.33;[sl]
2026.02.02 13:00:12;Buy;0.03;XAUUSD;4 715.11;4 668.79;4 761.94;2026.02.02 13:31:21;4 762.06;-0.60;;140.85;
2026.02.02 11:48:56;Buy;0.03;XAUUSD;4 714.91;4 668.79;4 761.94;2026.02.02 12:37:18;4 668.79;-0.60;;-138.36;[sl]
2026.02.02 11:26:00;Buy;0.03;XAUUSD;4 663.20;4 619.89;4 708.77;2026.02.02 11:41:03;4 708.77;-0.60;;136.71;[tp]
2026.02.02 04:45:46;Buy;0.03;XAUUSD;4 750.15;4 704.91;4 800.14;2026.02.02 04:57:55;4 704.91;-0.60;;-135.72;[sl]
2026.02.02 01:37:45;Buy;0.03;XAUUSD;4 768.21;4 718.21;4 815.58;2026.02.02 02:09:26;4 815.58;-0.60;;142.11;[tp]
2026.01.30 23:52:09;Buy;0.05;XAUUSD;4 889.26;4 859.26;4 919.26;2026.02.02 01:00:25;4 779.15;-1.00;;-550.55;
2026.01.27 11:56:46;Buy Limit;0.21;CHFJPY;194.263;193.263;195.263;2026.01.31 11:56:00;200.255;;;;expiration
2026.01.27 11:56:05;Buy Limit;0.21;EURJPY;178.790;177.790;179.790;2026.01.31 11:56:00;183.470;;;;expiration
2026.01.27 11:55:17;Buy Limit;0.21;GBPJPY;206.615;205.615;207.615;2026.01.31 11:55:00;211.846;;;;expiration
2026.01.27 11:54:08;Buy Limit;0.21;USDJPY;150.300;149.300;151.300;2026.01.31 11:54:00;154.783;;;;expiration
2026.01.30 15:31:14;Buy Stop;0.03;XAUUSD;5 163.14;5 113.14;5 210.51;2026.01.30 19:49:47;4 850.29;;;;
2026.01.30 19:39:25;Buy;0.03;XAUUSD;4 889.88;4 844.65;4 939.88;2026.01.30 19:44:17;4 844.20;-0.60;;-137.04;
2026.01.30 12:59:38;Buy;0.05;XAUUSD;5 115.20;5 085.20;5 145.20;2026.01.30 14:01:02;5 145.20;-1.00;;150.00;[tp]
2026.01.30 11:45:23;Buy;0.03;XAUUSD;4 974.16;4 928.93;5 024.16;2026.01.30 11:57:56;5 024.16;-0.60;;150.00;[tp]
2026.01.29 09:27:31;Buy Stop;0.08;XAUUSD;5 597.94;5 577.94;5 637.94;2026.01.30 11:34:56;5 056.78;;;;
2026.01.30 10:34:04;Sell;0.08;XAUUSD;5 083.71;5 118.54;5 058.54;2026.01.30 10:48:54;5 118.54;-1.60;;-278.64;[sl]
2026.01.30 02:06:38;Buy;0.03;XAUUSD;5 449.50;5 402.50;5 499.50;2026.01.30 02:47:22;5 402.50;-0.60;;-141.00;[sl]
2026.01.29 17:28:01;Buy;0.03;XAUUSD;5 119.34;5 077.08;5 174.45;2026.01.29 17:28:46;5 182.05;-0.60;;188.13;
2026.01.28 20:18:23;Buy;0.08;XAUUSD;5 311.89;5 291.89;5 351.89;2026.01.28 20:30:54;5 291.89;-1.60;;-160.00;[sl]
2026.01.27 06:26:47;Sell Stop;0.08;XAUUSD;4 990.20;5 010.20;4 950.20;2026.01.28 04:13:43;5 219.59;;;;
2026.01.27 01:02:41;Sell Stop;0.03;XAUUSD;4 985.50;5 032.50;4 935.50;2026.01.27 23:52:10;5 173.42;;;;
2026.01.27 22:10:19;Buy;0.03;XAUUSD;5 127.89;5 077.54;5 174.91;2026.01.27 22:53:39;5 174.91;-0.60;-2.14;141.06;[tp]
2026.01.27 22:03:25;Buy;0.03;XAUUSD;5 113.37;5 065.50;5 162.50;2026.01.27 22:48:41;5 162.50;-0.60;-2.14;147.39;[tp]
2026.01.27 22:03:25;Buy;0.08;XAUUSD;5 111.38;5 091.38;5 151.38;2026.01.27 22:45:48;5 151.38;-1.60;-5.72;320.00;[tp]
2026.01.26 10:33:28;Buy;0.21;USDJPY;153.741;152.741;154.741;2026.01.27 09:55:30;154.741;-4.20;-0.58;135.71;[tp]
2026.01.26 05:00:19;Buy;0.21;GBPJPY;210.481;209.481;211.481;2026.01.27 08:13:15;211.481;-4.20;-1.40;135.90;[tp]
2026.01.26 10:33:28;Buy;0.21;EURJPY;182.200;181.200;183.200;2026.01.26 23:56:13;183.200;-4.20;-1.21;136.16;[tp]
2026.01.26 10:34:31;Buy;0.21;CHFJPY;197.534;196.534;198.534;2026.01.26 17:50:56;198.534;-4.20;;136.63;[tp]
2026.01.26 08:45:00;Buy;0.08;XAUUSD;5 092.91;5 072.91;5 132.91;2026.01.26 15:02:44;5 072.91;-1.60;;-160.00;[sl]
2026.01.22 09:31:24;Sell Limit;0.21;USDJPY;160.666;161.666;159.666;2026.01.26 03:02:03;154.816;;;;
2026.01.22 09:34:16;Sell Limit;0.21;GBPJPY;215.057;216.057;214.057;2026.01.26 03:01:57;211.578;;;;
2026.01.23 08:26:02;Sell Limit;0.21;CHFJPY;201.662;202.662;200.662;2026.01.26 03:01:54;199.143;;;;
2026.01.23 18:09:33;Buy;0.08;XAUUSD;4 967.43;4 947.43;5 007.43;2026.01.26 01:00:16;5 007.43;-1.60;-5.53;320.00;[tp]
2026.01.25 09:34:21;Balance;;;;;;;;;;400.00;
2026.01.22 09:35:00;Sell Stop;0.21;CHFJPY;121.662;122.662;120.662;2026.01.23 08:24:12;200.757;;;;
2026.01.22 19:49:31;Buy;0.03;XAUUSD;4 905.07;4 855.07;4 952.45;2026.01.23 01:04:41;4 952.45;-0.60;-2.05;142.14;[tp]
2026.01.22 19:22:56;Buy;0.03;XAUUSD;4 890.09;4 842.50;4 939.50;2026.01.22 23:42:40;4 939.50;-0.60;-2.05;148.23;[tp]
2026.01.22 19:22:54;Buy;0.08;XAUUSD;4 888.36;4 868.36;4 928.36;2026.01.22 22:17:32;4 928.36;-1.60;;320.00;[tp]
2026.01.22 09:32:55;Sell Limit;0.21;EURJPY;187.963;188.963;186.963;2026.01.22 09:42:49;185.635;;;;
2026.01.20 08:21:03;Sell;0.21;AUDJPY;106.639;107.639;105.639;2026.01.22 03:57:24;107.639;-4.20;-2.76;-132.59;[sl]
2026.01.19 13:43:41;Sell Stop;0.05;XAUUSD;4 652.05;4 682.05;4 622.05;2026.01.21 13:43:00;4 862.45;;;;expiration
2026.01.19 06:04:09;Buy Limit;0.21;USDJPY;156.093;155.093;157.093;2026.01.21 11:50:21;157.996;;;;
2026.01.19 06:04:39;Sell Limit;0.21;USDJPY;160.093;161.093;159.093;2026.01.21 11:50:18;157.987;;;;
2026.01.21 03:20:15;Buy;0.03;XAUUSD;4 816.09;4 766.53;4 865.77;2026.01.21 06:45:00;4 865.77;-0.60;;149.04;[tp]
2026.01.20 20:11:18;Buy;0.03;XAUUSD;4 765.17;4 716.01;4 814.78;2026.01.21 03:20:14;4 814.78;-0.60;-1.98;148.83;[tp]
2026.01.20 15:59:51;Buy;0.08;XAUUSD;4 737.59;4 717.59;4 777.59;2026.01.21 01:46:38;4 777.59;-1.60;-5.28;320.00;[tp]
2026.01.20 07:55:18;Buy;0.03;XAUUSD;4 712.08;4 662.44;4 761.94;2026.01.20 19:57:21;4 761.94;-0.60;;149.58;[tp]
2026.01.20 06:35:43;Buy;0.08;XAUUSD;4 691.05;4 671.05;4 731.05;2026.01.20 10:57:45;4 731.05;-1.60;;320.00;[tp]
2026.01.19 06:05:56;Buy Limit;0.21;AUDJPY;104.639;103.639;105.639;2026.01.20 08:47:34;106.702;;;;
2026.01.19 01:08:03;Buy;0.03;XAUUSD;4 658.85;4 610.66;4 708.77;2026.01.20 07:50:59;4 708.77;-0.60;-1.95;149.76;[tp]
2026.01.19 01:08:04;Buy;0.03;XAUUSD;4 659.74;4 609.74;4 707.11;2026.01.20 07:46:32;4 707.11;-0.60;-1.95;142.11;[tp]
2026.01.12 18:14:49;Sell;0.21;NZDJPY;91.152;92.152;90.152;2026.01.20 06:47:19;92.152;-4.20;-4.02;-132.83;[sl]
2026.01.19 01:12:10;Buy Limit;0.08;XAUUSD;4 642.98;4 622.98;4 682.98;2026.01.20 05:41:46;4 673.88;;;;
2026.01.19 01:02:58;Buy Limit;0.03;XAUUSD;4 604.07;4 555.65;4 652.93;2026.01.19 01:08:18;4 642.02;;;;
2026.01.16 17:29:51;Sell;0.03;XAUUSD;4 565.72;4 615.72;4 520.48;2026.01.19 01:00:18;4 624.41;-0.60;-0.38;-176.07;
2026.01.15 08:20:46;Buy Stop;0.08;XAUUSD;4 642.98;4 622.98;4 682.98;2026.01.17 08:20:00;4 596.05;;;;expiration
2026.01.16 17:29:19;Sell;0.08;XAUUSD;4 569.69;4 589.69;4 529.69;2026.01.16 18:07:30;4 589.69;-1.60;;-160.00;[sl]
2026.01.16 17:26:11;Sell;0.05;XAUUSD;4 581.43;4 611.43;4 551.43;2026.01.16 17:33:30;4 551.43;-1.00;;150.00;[tp]
2026.01.12 15:08:48;Buy;0.03;XAUUSD;4 604.07;4 555.65;4 652.93;2026.01.16 17:31:54;4 555.65;-0.60;-4.62;-145.26;[sl]
2026.01.06 07:36:24;Buy Limit;0.03;XAUUSD;4 501.03;4 455.79;4 551.03;2026.01.16 07:20:30;4 600.01;;;;
2026.01.12 02:10:23;Buy Limit;0.03;XAUUSD;4 517.39;4 467.39;4 564.76;2026.01.15 18:17:19;4 610.37;;;;
2026.01.14 07:01:55;Buy;0.08;XAUUSD;4 634.97;4 614.97;4 674.97;2026.01.14 16:43:17;4 614.97;-1.60;;-160.00;[sl]
2026.01.13 22:34:19;Sell;0.08;XAUUSD;4 573.13;4 593.79;4 533.79;2026.01.14 01:07:40;4 593.79;-1.60;;-165.28;[sl]
2026.01.13 16:47:16;Buy;0.03;XAUUSD;4 632.50;4 585.50;4 682.50;2026.01.13 20:19:20;4 585.50;-0.60;;-141.00;[sl]
2026.01.13 16:47:15;Buy;0.08;XAUUSD;4 630.09;4 610.09;4 670.09;2026.01.13 17:17:59;4 609.64;-1.60;;-163.60;
2026.01.13 08:41:46;Sell;0.05;XAUUSD;4 574.63;4 604.64;4 544.64;2026.01.13 15:12:56;4 604.64;-1.00;;-150.05;[sl]
2026.01.13 10:22:24;Balance;;;;;;;;;;5.00;
2026.01.09 11:22:56;Sell;0.21;USDJPY;157.666;158.666;156.666;2026.01.13 04:46:27;158.666;-4.20;-2.34;-132.35;[sl]
2026.01.06 19:04:04;Sell;0.21;AUDJPY;105.509;106.509;104.509;2026.01.13 04:43:04;106.509;-4.20;-4.80;-132.37;[sl]
2026.01.07 23:55:02;Buy;0.21;CADJPY;113.130;112.130;114.130;2026.01.13 03:25:11;114.130;-4.20;-1.58;132.58;[tp]
2026.01.08 15:13:45;Buy Limit;0.05;XAUUSD;4 376.55;4 346.55;4 406.55;2026.01.13 02:31:29;4 595.77;;;;
2026.01.02 08:32:19;Buy Limit;0.21;NZDJPY;89.192;88.192;90.192;2026.01.12 18:24:02;91.077;;;;
2026.01.12 02:13:08;Buy;0.03;XAUUSD;4 551.79;4 502.83;4 601.07;2026.01.12 15:07:58;4 601.07;-0.60;;147.84;[tp]
2026.01.05 13:05:19;Buy;0.21;EURJPY;182.963;181.963;183.963;2026.01.12 04:19:47;183.963;-4.20;-8.35;133.10;[tp]
2026.01.12 02:06:56;Buy;0.08;XAUUSD;4 549.53;4 529.53;4 589.53;2026.01.12 02:42:57;4 589.53;-1.60;;320.00;[tp]
2026.01.12 02:14:21;Buy;0.05;XAUUSD;4 553.66;4 523.66;4 583.66;2026.01.12 02:38:26;4 583.66;-1.00;;150.00;[tp]
2026.01.09 17:09:49;Sell;0.03;XAUUSD;4 500.09;4 547.46;4 450.09;2026.01.12 02:05:39;4 547.46;-0.60;-0.38;-142.11;[sl]
2026.01.09 17:09:49;Buy;0.08;XAUUSD;4 500.84;4 480.84;4 540.84;2026.01.12 01:41:20;4 540.84;-1.60;-2.00;320.00;[tp]
2026.01.09 15:35:02;Buy;0.03;XAUUSD;4 488.65;4 440.63;4 536.79;2026.01.12 01:29:45;4 536.79;-0.60;-0.75;144.42;[tp]
2026.01.09 15:32:27;Buy;0.03;XAUUSD;4 481.75;4 434.75;4 531.75;2026.01.12 01:19:03;4 531.75;-0.60;-0.75;150.00;[tp]
2026.01.09 17:21:05;Buy;0.05;XAUUSD;4 501.38;4 471.38;4 531.38;2026.01.12 01:19:02;4 531.38;-1.00;-1.25;150.00;[tp]
2026.01.08 22:30:18;Sell Stop;0.08;XAUUSD;4 407.99;4 427.99;4 367.99;2026.01.09 23:38:26;4 508.59;;;;
2026.01.02 08:26:11;Buy Limit;0.21;USDJPY;155.666;154.666;156.666;2026.01.09 11:47:48;157.690;;;;
2026.01.07 10:01:28;Buy Stop;0.03;XAUUSD;4 488.65;4 440.63;4 536.79;2026.01.09 10:01:00;4 471.26;;;;expiration
2026.01.08 07:43:29;Sell;0.03;XAUUSD;4 417.37;4 460.75;4 373.92;2026.01.08 18:33:39;4 460.75;-0.60;;-130.14;[sl]
2026.01.02 08:28:59;Sell Limit;0.21;CADJPY;115.130;116.130;114.130;2026.01.08 02:32:06;113.109;;;;
2026.01.07 08:46:06;Sell;0.08;XAUUSD;4 442.80;4 462.80;4 402.80;2026.01.07 09:46:24;4 462.80;-1.60;;-160.00;[sl]
2026.01.06 20:16:36;Buy;0.03;XAUUSD;4 492.81;4 449.32;4 536.79;2026.01.07 07:43:36;4 449.32;-0.60;-0.75;-130.47;[sl]
2026.01.06 16:33:02;Buy;0.08;XAUUSD;4 476.01;4 456.01;4 516.01;2026.01.07 07:34:03;4 456.01;-1.60;-1.99;-160.00;[sl]
2026.01.02 08:31:05;Buy Limit;0.21;AUDJPY;103.509;102.509;104.509;2026.01.06 19:52:41;105.549;;;;
2026.01.05 16:55:03;Buy;0.03;XAUUSD;4 441.79;4 399.32;4 484.31;2026.01.06 16:45:40;4 484.31;-0.60;-0.74;127.56;[tp]
2026.01.05 16:54:48;Buy;0.08;XAUUSD;4 439.99;4 419.99;4 479.99;2026.01.06 16:35:08;4 479.99;-1.60;-1.98;320.00;[tp]
2026.01.06 01:56:32;Sell Stop;0.08;XAUUSD;4 396.39;4 416.39;4 356.39;2026.01.06 13:35:47;4 452.80;;;;
2026.01.05 03:05:02;Buy;0.03;XAUUSD;4 419.25;4 369.00;4 466.38;2026.01.06 05:18:11;4 466.73;-0.60;-0.74;142.44;
2026.01.05 04:17:32;Sell Stop;0.03;XAUUSD;4 364.43;4 404.66;4 323.24;2026.01.06 01:03:21;4 448.51;;;;
2026.01.05 03:02:10;Buy;0.08;XAUUSD;4 404.37;4 384.37;4 444.37;2026.01.05 17:00:31;4 444.37;-1.60;;320.00;[tp]
2026.01.02 08:27:25;Sell Limit;0.21;EURJPY;184.963;185.963;183.963;2026.01.05 14:47:50;182.886;;;;
2026.01.02 02:11:04;Sell Stop;0.08;XAUUSD;4 274.23;4 294.23;4 234.23;2026.01.05 13:39:41;4 419.13;;;;
2025.12.31 18:12:43;Buy Limit;0.03;XAUUSD;4 258.99;4 213.76;4 308.99;2026.01.05 09:48:12;4 421.28;;;;
2026.01.05 02:18:11;Buy;0.03;XAUUSD;4 381.83;4 345.91;4 418.60;2026.01.05 03:05:02;4 418.82;-0.60;;110.97;
2026.01.02 08:37:02;Buy Stop;0.05;XAUUSD;4 410.78;4 380.78;4 440.78;2026.01.04 08:36:00;4 333.52;;;;expiration
2026.01.02 02:09:41;Buy Stop;0.08;XAUUSD;4 404.37;4 384.37;4 444.37;2026.01.04 02:09:00;4 333.52;;;;expiration
2026.01.02 05:12:58;Sell;0.03;XAUUSD;4 368.52;4 415.89;4 318.52;2026.01.02 18:17:29;4 318.52;-0.60;;150.00;[tp]
2026.01.02 05:42:36;Buy;0.03;XAUUSD;4 375.00;4 328.00;4 425.00;2026.01.02 18:01:34;4 328.00;-0.60;;-141.00;[sl]
2026.01.02 10:07:03;Buy;0.03;XAUUSD;4 385.45;4 352.90;4 418.60;2026.01.02 16:35:03;4 352.45;-0.60;;-99.00;
2026.01.02 01:23:34;Buy;0.03;XAUUSD;4 339.22;4 304.59;4 373.92;2026.01.02 05:42:21;4 373.92;-0.60;;104.10;[tp]
2025.12.31 18:14:07;Buy Limit;0.03;XAUUSD;4 293.05;4 247.82;4 343.05;2026.01.02 02:54:07;4 352.31;;;;
2025.12.30 22:52:20;Buy Stop;0.08;XAUUSD;4 404.94;4 384.94;4 444.94;2026.01.01 22:52:00;4 318.15;;;;expiration
2025.12.26 14:55:13;Buy Limit;0.21;EURJPY;182.675;181.675;183.675;2026.01.01 14:55:00;184.130;;;;expiration
2025.12.26 14:51:02;Buy Limit;0.21;USDJPY;154.765;153.765;155.765;2026.01.01 14:51:00;156.740;;;;expiration
2025.12.31 10:52:24;Sell Stop;0.08;XAUUSD;4 302.44;4 322.44;4 262.44;2025.12.31 11:03:49;4 310.71;;;;
2025.12.31 07:50:44;Sell;0.08;XAUUSD;4 302.49;4 322.49;4 262.49;2025.12.31 08:50:41;4 322.49;-1.60;;-160.00;[sl]
2025.12.30 09:49:29;Buy;0.08;XAUUSD;4 380.31;4 360.31;4 420.31;2025.12.30 10:22:52;4 360.31;-1.60;;-160.00;[sl]
2025.12.29 01:06:03;Buy Stop;0.08;XAUUSD;4 550.00;4 530.00;4 590.00;2025.12.30 03:12:19;4 339.68;;;;
2025.12.29 15:42:27;Buy;0.03;XAUUSD;4 432.59;4 387.72;4 482.95;2025.12.29 16:06:53;4 387.72;-0.60;;-134.61;[sl]
2025.12.29 08:56:22;Sell;0.08;XAUUSD;4 472.52;4 492.52;4 432.52;2025.12.29 15:42:27;4 432.09;-1.60;;323.44;
2025.12.26 17:37:45;Buy;0.03;XAUUSD;4 542.58;4 492.58;4 589.95;2025.12.29 02:26:32;4 492.58;-0.60;-0.75;-150.00;[sl]
2025.12.26 16:34:05;Buy;0.08;XAUUSD;4 531.43;4 511.43;4 571.43;2025.12.26 19:34:03;4 511.43;-1.60;;-160.00;[sl]
2025.12.24 08:20:05;Sell Stop;0.08;XAUUSD;4 430.39;4 450.39;4 390.39;2025.12.26 08:19:00;4 514.26;;;;expiration
2025.12.26 03:04:52;Buy;0.08;XAUUSD;4 525.97;4 505.97;4 565.97;2025.12.26 03:42:02;4 505.97;-1.60;;-160.00;[sl]
2025.12.22 06:56:39;Buy Limit;0.03;XAUUSD;4 375.28;4 330.05;4 425.28;2025.12.26 02:53:39;4 511.60;;;;
2025.12.19 12:11:20;Buy Limit;0.21;USDJPY;153.846;152.846;154.846;2025.12.25 12:11:00;156.019;;;;expiration
2025.12.19 12:10:56;Sell Limit;0.21;USDJPY;157.846;158.846;156.846;2025.12.25 12:10:00;155.848;;;;expiration
2025.12.19 12:09:17;Buy Limit;0.21;CADJPY;111.173;110.173;112.173;2025.12.25 12:09:00;114.093;;;;expiration
2025.12.19 12:08:43;Sell Limit;0.21;CADJPY;115.173;116.173;114.173;2025.12.25 12:08:00;113.914;;;;expiration
2025.12.15 03:23:39;Buy Limit;0.21;AUDJPY;101.651;100.651;102.651;2025.12.25 03:23:00;104.613;;;;expiration
2025.12.15 03:23:05;Sell Limit;0.21;AUDJPY;105.651;106.651;104.651;2025.12.25 03:23:00;104.435;;;;expiration
2025.12.24 01:36:00;Buy;0.03;XAUUSD;4 501.00;4 454.00;4 551.00;2025.12.24 17:42:18;4 454.00;-0.60;;-141.00;[sl]
2025.12.23 22:58:54;Buy;0.08;XAUUSD;4 498.08;4 478.08;4 538.08;2025.12.24 04:59:21;4 478.08;-1.60;;-160.00;[sl]
2025.12.22 11:00:08;Sell;0.21;EURJPY;184.922;185.922;183.922;2025.12.23 05:59:33;183.922;-4.20;-0.86;134.43;[tp]
2025.12.22 05:36:00;Buy;0.03;XAUUSD;4 391.26;4 341.26;4 438.63;2025.12.22 18:15:36;4 438.63;-0.60;;142.11;[tp]
2025.12.22 03:39:07;Buy;0.03;XAUUSD;4 376.50;4 329.50;4 426.50;2025.12.22 15:11:16;4 426.50;-0.60;;150.00;[tp]
2025.12.15 03:22:15;Buy Limit;0.21;EURJPY;180.922;179.922;181.922;2025.12.22 11:10:09;184.784;;;;
2025.12.22 03:38:44;Buy;0.08;XAUUSD;4 374.66;4 354.66;4 414.66;2025.12.22 08:53:32;4 414.66;-1.60;;320.00;[tp]
2025.12.18 18:11:23;Buy;0.03;XAUUSD;4 354.50;4 307.50;4 404.50;2025.12.22 07:27:48;4 404.50;-0.60;-1.44;150.00;[tp]
2025.12.18 19:06:08;Buy;0.03;XAUUSD;4 350.61;4 305.38;4 400.61;2025.12.22 06:51:44;4 400.61;-0.60;-1.44;150.00;[tp]
2025.12.08 14:07:10;Sell;0.21;CADJPY;112.675;113.675;111.675;2025.12.19 10:00:24;113.675;-4.20;-9.62;-133.95;[sl]
2025.12.18 18:13:49;Buy;0.03;XAUUSD;4 366.51;4 316.51;4 413.88;2025.12.19 03:25:02;4 316.51;-0.60;-0.72;-150.00;[sl]
2025.12.18 18:11:22;Buy;0.05;XAUUSD;4 354.35;4 323.98;4 383.98;2025.12.18 19:11:52;4 323.98;-1.00;;-151.85;[sl]
2025.12.18 18:11:22;Buy;0.08;XAUUSD;4 353.59;4 333.59;4 393.59;2025.12.18 19:09:32;4 332.63;-1.60;;-167.68;
2025.12.17 07:22:07;Buy;0.08;XAUUSD;4 335.24;4 315.24;4 375.24;2025.12.17 10:05:06;4 315.24;-1.60;;-160.00;[sl]
2025.12.15 01:06:07;Sell Stop;0.08;XAUUSD;4 258.01;4 278.01;4 218.01;2025.12.17 03:47:28;4 315.42;;;;
2025.12.15 01:04:34;Buy Stop;0.03;XAUUSD;4 354.50;4 307.50;4 404.50;2025.12.17 01:04:00;4 303.97;;;;expiration
2025.12.15 18:37:45;Buy Limit;0.03;XAUUSD;4 265.01;4 219.78;4 315.01;2025.12.16 13:24:05;4 278.76;;;;
2025.12.09 17:00:05;Sell;0.21;NZDJPY;90.543;91.543;89.543;2025.12.16 02:09:53;89.543;-4.20;-3.57;135.66;[tp]
2025.12.15 11:24:36;Buy Stop;0.03;XAUUSD;4 398.98;4 348.98;4 446.35;2025.12.15 18:37:09;4 304.01;;;;
2025.12.01 04:17:44;Sell Limit;0.21;USDJPY;157.141;158.141;156.141;2025.12.13 04:17:00;155.846;;;;expiration
2025.12.01 04:17:10;Buy Limit;0.21;USDJPY;154.141;153.141;155.141;2025.12.13 04:17:00;155.858;;;;expiration
2025.12.09 10:26:53;Sell;0.21;EURJPY;182.032;183.032;181.032;2025.12.12 16:00:11;183.032;-4.20;-4.27;-134.55;[sl]
2025.12.12 09:07:10;Buy;0.08;XAUUSD;4 286.01;4 265.72;4 325.72;2025.12.12 12:42:12;4 325.72;-1.60;;317.68;[tp]
2025.12.11 18:47:28;Buy;0.08;XAUUSD;4 264.73;4 244.73;4 304.73;2025.12.12 10:49:32;4 304.73;-1.60;-1.90;320.00;[tp]
2025.12.12 03:30:47;Balance;;;;;;;;;;5.00;
2025.12.08 01:07:32;Sell Stop;0.08;XAUUSD;4 163.89;4 183.89;4 123.89;2025.12.11 23:31:30;4 274.11;;;;
2025.12.10 22:16:30;Buy;0.03;XAUUSD;4 236.36;4 186.36;4 283.73;2025.12.11 20:09:37;4 283.73;-0.60;-2.12;142.11;[tp]
2025.12.11 05:09:27;Buy;0.03;XAUUSD;4 214.78;4 169.54;4 264.78;2025.12.11 18:47:28;4 264.78;-0.60;;150.00;[tp]
2025.12.01 04:21:37;Buy Limit;0.21;NZDJPY;87.543;86.543;88.543;2025.12.09 17:34:11;90.594;;;;
2025.12.05 17:03:19;Sell;0.21;AUDJPY;103.166;104.166;102.166;2025.12.09 17:25:49;104.166;-4.20;-1.36;-134.02;[sl]
2025.12.01 04:18:21;Buy Limit;0.21;EURJPY;179.032;178.032;180.032;2025.12.09 11:00:47;182.076;;;;
2025.12.05 07:30:04;Buy;0.03;XAUUSD;4 221.50;4 174.50;4 271.50;2025.12.09 08:09:33;4 174.50;-0.60;-1.40;-141.00;[sl]
2025.12.01 04:19:26;Buy Limit;0.21;CADJPY;109.675;108.675;110.675;2025.12.08 14:16:52;112.589;;;;
2025.12.01 04:20:31;Buy Limit;0.21;AUDJPY;100.166;99.166;101.166;2025.12.08 03:13:20;103.003;;;;
2025.12.05 18:05:07;Buy;0.03;XAUUSD;4 237.60;4 192.70;4 287.93;2025.12.05 23:20:17;4 192.70;-0.60;-0.70;-134.70;[sl]
2025.12.05 06:40:36;Buy Stop;0.05;XAUUSD;4 266.03;4 226.03;4 306.03;2025.12.05 18:58:35;4 214.56;;;;
2025.12.05 17:39:21;Buy;0.03;XAUUSD;4 258.44;4 208.44;4 305.82;2025.12.05 18:14:30;4 208.44;-0.60;;-150.00;[sl]
2025.12.05 15:00:14;Buy;0.08;XAUUSD;4 231.11;4 210.77;4 270.77;2025.12.05 18:12:02;4 210.13;-1.60;;-167.84;
2025.12.05 16:49:55;Buy;0.05;XAUUSD;4 243.16;4 213.16;4 273.16;2025.12.05 18:11:53;4 213.16;-1.00;;-150.00;[sl]
2025.12.05 16:47:32;Buy;0.08;XAUUSD;4 242.01;4 221.99;4 281.99;2025.12.05 18:10:04;4 221.92;-1.60;;-160.72;
2025.12.03 08:48:56;Sell Stop;0.08;XAUUSD;4 175.47;4 195.47;4 135.47;2025.12.05 12:58:49;4 224.23;;;;
2025.12.03 04:02:31;Buy Stop;0.05;XAUUSD;4 266.03;4 226.03;4 306.03;2025.12.05 04:02:00;4 204.17;;;;expiration
2025.12.04 16:58:51;Balance;;;;;;;;;;-730.00;Withdrawal
2025.12.03 15:55:00;Buy;0.03;XAUUSD;4 236.50;4 189.50;4 286.50;2025.12.04 05:02:49;4 189.50;-0.60;-2.11;-141.00;[sl]
2025.12.03 15:52:40;Buy;0.08;XAUUSD;4 230.87;4 210.87;4 270.87;2025.12.03 16:53:46;4 210.87;-1.60;;-160.00;[sl]
2025.12.02 11:36:18;Buy;0.03;XAUUSD;4 190.08;4 140.08;4 237.45;2025.12.03 15:55:00;4 237.81;-0.60;-0.70;143.19;
2025.12.02 17:54:42;Sell;0.05;XAUUSD;4 176.27;4 217.62;4 137.62;2025.12.03 03:01:56;4 217.62;-1.00;-0.58;-206.75;[sl]
2025.12.02 17:58:04;Sell;0.03;XAUUSD;4 169.08;4 212.96;4 125.19;2025.12.03 01:10:02;4 212.96;-0.60;-0.35;-131.64;[sl]
2025.12.02 03:02:30;Sell;0.08;XAUUSD;4 219.77;4 239.77;4 179.77;2025.12.02 17:54:42;4 178.17;-1.60;;332.80;
2025.12.02 16:25:57;Buy;0.03;XAUUSD;4 227.64;4 179.85;4 276.05;2025.12.02 17:36:33;4 179.85;-0.60;;-143.37;[sl]
2025.12.01 11:43:44;Buy Stop;0.03;XAUUSD;4 279.13;4 230.94;4 327.76;2025.12.02 13:58:19;4 199.84;;;;
2025.12.01 19:40:33;Buy Stop;0.05;XAUUSD;4 245.54;4 205.54;4 285.54;2025.12.02 13:15:00;4 186.03;;;;
2025.12.01 02:28:26;Buy;0.03;XAUUSD;4 231.98;4 188.08;4 276.05;2025.12.02 11:36:19;4 187.80;-0.60;-0.71;-132.54;
2025.12.01 12:04:33;Buy;0.08;XAUUSD;4 256.60;4 236.60;4 296.60;2025.12.01 16:35:52;4 236.57;-1.60;;-160.24;
2025.11.24 16:10:10;Balance;;;;;;;;;;-140.00;Withdrawal
2025.11.10 02:49:01;Sell Limit;0.30;NZDJPY;88.296;89.296;87.296;2025.11.20 04:17:24;88.131;;;;cancelled
2025.11.19 03:03:03;Buy Limit;0.04;XAUUSD;3 982.39;3 937.16;4 032.39;2025.11.20 04:17:21;4 055.97;;;;cancelled
2025.11.19 19:38:19;Sell Stop;0.06;XAUUSD;4 053.01;4 083.01;4 023.01;2025.11.20 04:17:18;4 054.60;;;;cancelled
2025.11.20 03:48:34;Buy Stop;0.09;XAUUSD;4 110.16;4 090.16;4 150.16;2025.11.20 04:17:15;4 057.49;;;;cancelled
2025.11.20 04:11:00;Sell Stop;0.09;XAUUSD;4 055.63;4 075.63;4 015.63;2025.11.20 04:17:11;4 059.43;;;;cancelled
2025.11.20 03:51:42;Sell;0.30;EURJPY;181.391;182.391;180.391;2025.11.20 04:16:57;181.338;-6.00;;10.10;
2025.11.19 19:03:35;Sell;0.05;XAUUSD;4 066.43;4 115.31;4 018.00;2025.11.20 04:16:52;4 060.54;-1.00;-1.70;29.45;
2025.11.18 19:40:01;Sell;0.30;CADJPY;111.193;112.193;110.193;2025.11.20 04:16:41;111.998;-6.00;-4.15;-153.42;
2025.11.19 07:16:33;Buy;0.05;XAUUSD;4 084.25;4 037.25;4 134.25;2025.11.20 04:16:35;4 060.80;-1.00;-3.40;-117.25;
2025.11.20 01:17:52;Buy;0.09;XAUUSD;4 091.39;4 071.39;4 131.39;2025.11.20 04:02:35;4 071.39;-1.80;;-180.00;[sl]
2025.11.19 22:02:38;Sell Stop;0.09;XAUUSD;4 055.83;4 075.83;4 015.83;2025.11.20 03:47:48;4 094.37;;;;
2025.11.19 11:44:53;Buy;0.09;XAUUSD;4 098.87;4 078.87;4 138.87;2025.11.19 18:26:13;4 078.87;-1.80;;-180.00;[sl]
2025.11.19 16:59:15;Buy;0.05;XAUUSD;4 127.38;4 081.20;4 173.51;2025.11.19 18:25:42;4 081.20;-1.00;;-230.90;[sl]
2025.11.19 07:16:32;Buy;0.09;XAUUSD;4 082.28;4 062.28;4 122.28;2025.11.19 16:55:56;4 122.28;-1.80;;360.00;[tp]
2025.11.19 07:16:33;Buy;0.05;XAUUSD;4 082.98;4 044.00;4 122.30;2025.11.19 16:55:56;4 122.30;-1.00;;196.60;[tp]
2025.11.18 13:00:04;Sell;0.30;USDJPY;155.423;156.423;154.423;2025.11.19 16:22:10;156.423;-6.00;-1.67;-191.79;[sl]
2025.11.12 17:55:18;Sell;0.30;EURJPY;179.391;180.391;178.391;2025.11.19 11:47:05;180.391;-6.00;-8.46;-192.42;[sl]
2025.11.10 05:42:05;Buy Limit;0.30;CADJPY;107.193;106.193;108.193;2025.11.19 01:31:55;111.232;;;;
2025.11.10 05:51:51;Buy Limit;0.30;NZDJPY;84.296;83.296;85.296;2025.11.19 01:31:47;88.039;;;;
2025.11.18 11:55:30;Buy;0.06;XAUUSD;4 043.97;4 013.97;4 073.97;2025.11.18 16:04:39;4 073.97;-1.20;;180.00;[tp]
2025.11.18 05:00:23;Sell;0.05;XAUUSD;4 015.08;4 060.44;3 968.55;2025.11.18 15:35:56;4 060.44;-1.00;;-226.80;[sl]
2025.11.10 05:52:39;Buy Limit;0.30;USDJPY;151.423;150.423;152.423;2025.11.18 13:48:31;155.422;;;;
2025.11.18 09:12:06;Sell;0.09;XAUUSD;4 004.91;4 024.91;3 964.91;2025.11.18 10:06:56;4 024.91;-1.80;;-180.00;[sl]
2025.11.14 07:16:04;Buy Stop;0.09;XAUUSD;4 111.18;4 091.18;4 151.18;2025.11.18 07:15:00;4 012.65;;;;expiration
2025.11.14 05:19:04;Buy Stop;0.06;XAUUSD;4 244.51;4 214.51;4 274.51;2025.11.18 05:19:00;4 011.98;;;;expiration
2025.11.17 21:35:24;Sell;0.09;XAUUSD;4 032.09;4 052.40;3 992.40;2025.11.18 01:00:11;4 052.56;-1.80;-1.01;-184.23;
2025.11.17 21:56:43;Sell;0.05;XAUUSD;4 011.52;4 053.16;3 968.55;2025.11.18 01:00:11;4 053.16;-1.00;-0.56;-208.20;[sl]
2025.11.14 15:23:08;Sell;0.05;XAUUSD;4 067.77;4 114.12;4 018.00;2025.11.17 21:43:11;4 018.00;-1.00;-0.57;248.85;[tp]
2025.11.17 07:19:18;Sell;0.09;XAUUSD;4 068.33;4 088.33;4 028.33;2025.11.17 09:56:03;4 088.33;-1.80;;-180.00;[sl]
2025.11.14 14:19:27;Sell;0.05;XAUUSD;4 116.27;4 161.74;4 070.87;2025.11.14 15:23:03;4 070.87;-1.00;;227.00;[tp]
2025.11.14 13:17:10;Sell;0.09;XAUUSD;4 145.35;4 165.42;4 105.42;2025.11.14 15:10:49;4 105.42;-1.80;;359.37;[tp]
2025.11.14 09:22:24;Buy;0.04;XAUUSD;4 165.45;4 115.45;4 212.83;2025.11.14 14:20:51;4 115.45;-0.80;;-200.00;[sl]
2025.11.13 02:48:02;Sell;0.30;AUDJPY;101.604;102.604;100.604;2025.11.14 14:12:33;100.604;-6.00;-0.95;194.18;[tp]
2025.11.14 05:27:07;Buy Stop;0.09;XAUUSD;4 245.53;4 225.53;4 285.53;2025.11.14 12:26:00;4 168.49;;;;
2025.11.14 11:54:13;Balance;;;;;;;;;;5.00;
2025.11.13 20:38:45;Buy;0.04;XAUUSD;4 149.44;4 104.20;4 199.44;2025.11.14 04:25:50;4 199.44;-0.80;-0.93;200.00;[tp]
2025.11.13 05:56:10;Buy;0.05;XAUUSD;4 212.75;4 165.75;4 262.75;2025.11.13 20:32:41;4 165.32;-1.00;;-237.15;
2025.11.13 10:03:21;Buy;0.05;XAUUSD;4 226.20;4 176.33;4 276.05;2025.11.13 20:31:29;4 176.33;-1.00;;-249.35;[sl]
2025.11.13 05:56:10;Buy;0.09;XAUUSD;4 212.20;4 191.85;4 251.85;2025.11.13 16:43:22;4 191.85;-1.80;;-183.15;[sl]
2025.11.12 17:34:30;Buy;0.05;XAUUSD;4 178.36;4 136.63;4 221.19;2025.11.13 10:00:31;4 221.19;-1.00;-3.49;214.15;[tp]
2025.11.12 17:16:07;Buy;0.04;XAUUSD;4 165.56;4 115.56;4 212.93;2025.11.13 05:59:49;4 212.93;-0.80;-2.80;189.48;[tp]
2025.11.10 05:50:29;Buy Limit;0.30;AUDJPY;97.604;96.604;98.604;2025.11.13 02:54:20;101.601;;;;
2025.11.10 05:53:15;Buy Limit;0.30;EURJPY;175.391;174.391;176.391;2025.11.13 01:59:19;179.375;;;;
2025.11.12 05:51:56;Sell Stop;0.09;XAUUSD;4 096.97;4 116.97;4 056.97;2025.11.12 23:30:41;4 198.28;;;;
2025.11.12 17:16:18;Buy;0.06;XAUUSD;4 167.21;4 137.21;4 197.21;2025.11.12 18:59:01;4 197.21;-1.20;;180.00;[tp]
2025.11.12 17:10:20;Buy;0.09;XAUUSD;4 149.02;4 129.02;4 189.02;2025.11.12 18:07:56;4 189.02;-1.80;;360.00;[tp]
2025.11.11 02:30:02;Buy;0.05;XAUUSD;4 127.10;4 081.66;4 173.51;2025.11.12 17:33:22;4 173.51;-1.00;-1.15;232.05;[tp]
2025.10.31 08:51:22;Buy Limit;0.04;XAUUSD;4 030.91;3 985.68;4 080.91;2025.11.11 05:38:45;4 144.78;;;;
2025.11.10 20:16:29;Buy;0.09;XAUUSD;4 106.07;4 086.07;4 146.07;2025.11.11 05:32:18;4 146.07;-1.80;-2.05;360.00;[tp]
2025.11.10 14:20:48;Buy;0.06;XAUUSD;4 094.62;4 064.62;4 124.62;2025.11.11 02:28:01;4 124.62;-1.20;-1.37;180.00;[tp]
2025.11.10 08:28:16;Buy;0.05;XAUUSD;4 073.52;4 026.62;4 122.30;2025.11.11 01:49:49;4 122.30;-1.00;-1.14;243.90;[tp]
2025.11.10 03:26:02;Buy;0.04;XAUUSD;4 047.58;3 997.58;4 094.95;2025.11.10 14:21:36;4 094.95;-0.80;;189.48;[tp]
2025.11.10 03:23:44;Buy;0.09;XAUUSD;4 046.35;4 026.35;4 086.35;2025.11.10 11:40:06;4 086.35;-1.80;;360.00;[tp]
2025.11.10 03:16:31;Buy;0.05;XAUUSD;4 031.26;3 992.09;4 070.87;2025.11.10 08:01:05;4 070.87;-1.00;;198.05;[tp]
2025.11.06 08:55:36;Buy;0.05;XAUUSD;3 992.75;3 945.75;4 042.75;2025.11.10 03:22:12;4 042.75;-1.00;-2.22;250.00;[tp]
2025.11.06 13:57:14;Buy Stop;0.05;XAUUSD;4 031.26;3 993.64;4 070.87;2025.11.08 13:57:00;4 002.51;;;;expiration
2025.11.05 09:33:27;Sell Stop;0.09;XAUUSD;3 966.33;3 986.33;3 926.33;2025.11.07 23:22:28;4 004.73;;;;
2025.11.07 18:31:41;Buy;0.09;XAUUSD;4 014.66;3 994.66;4 054.66;2025.11.07 19:18:15;3 994.32;-1.80;;-183.06;
2025.11.05 02:53:12;Buy;0.18;CHFJPY;189.385;188.385;190.385;2025.11.07 15:45:05;190.385;-3.60;-4.32;117.47;[tp]
2025.11.05 14:59:04;Sell Limit;0.30;EURJPY;179.702;180.702;178.702;2025.11.07 04:15:00;176.633;;;;expiration
2025.11.05 14:58:44;Buy Limit;0.30;EURJPY;175.702;174.702;176.702;2025.11.07 04:15:00;176.656;;;;expiration
2025.11.05 14:59:22;Buy Limit;0.30;USDJPY;152.053;151.053;153.053;2025.11.07 04:13:00;153.043;;;;expiration
2025.11.05 14:59:38;Sell Limit;0.30;USDJPY;156.053;157.053;155.053;2025.11.07 04:12:00;153.031;;;;expiration
2025.11.06 05:38:30;Buy;0.09;XAUUSD;3 990.61;3 970.61;4 030.61;2025.11.06 19:21:14;3 970.61;-1.80;;-180.00;[sl]
2025.11.05 02:39:40;Sell Stop;0.05;XAUUSD;3 925.50;3 971.50;3 875.50;2025.11.06 16:45:10;3 997.14;;;;
2025.11.04 16:42:11;Sell Stop;0.05;XAUUSD;3 914.05;3 960.87;3 866.41;2025.11.06 13:54:46;4 016.90;;;;
2025.11.04 16:29:18;Sell;0.05;XAUUSD;3 959.22;4 005.32;3 917.82;2025.11.06 09:20:13;4 005.32;-1.00;-2.21;-230.50;[sl]
2025.11.05 18:47:11;Buy;0.09;XAUUSD;3 987.67;3 967.31;4 027.31;2025.11.06 01:11:31;3 967.31;-1.80;-5.98;-183.24;[sl]
2025.11.05 14:54:54;Buy Limit;0.30;GBPJPY;198.464;197.464;199.464;2025.11.05 18:00:25;201.119;;;;
2025.11.03 04:13:28;Buy Limit;0.18;USDJPY;152.053;151.053;153.053;2025.11.05 14:58:26;153.734;;;;cancelled
2025.11.03 04:12:25;Sell Limit;0.18;USDJPY;156.053;157.053;155.053;2025.11.05 14:58:23;153.719;;;;cancelled
2025.11.03 04:15:51;Buy Limit;0.18;EURJPY;175.702;174.702;176.702;2025.11.05 14:58:18;176.649;;;;cancelled
2025.11.03 04:15:14;Sell Limit;0.18;EURJPY;179.702;180.702;178.702;2025.11.05 14:58:10;176.625;;;;cancelled
2025.11.05 03:26:02;Buy Limit;0.18;GBPJPY;198.464;197.464;199.464;2025.11.05 14:54:34;200.429;;;;
2025.11.04 16:29:18;Sell;0.09;XAUUSD;3 959.22;3 982.06;3 922.06;2025.11.05 10:05:50;3 982.06;-1.80;-0.98;-205.56;[sl]
2025.11.03 01:06:18;Buy Stop;0.09;XAUUSD;4 030.90;4 010.90;4 070.90;2025.11.05 09:32:46;3 966.87;;;;
2025.11.03 04:16:27;Sell Limit;0.18;CHFJPY;193.385;194.385;192.385;2025.11.05 03:23:19;189.206;;;;
2025.11.04 11:52:56;Buy;0.18;GBPJPY;200.464;199.464;201.464;2025.11.05 03:00:59;199.464;-3.60;-1.14;-117.47;[sl]
2025.11.03 04:14:08;Sell Limit;0.18;GBPJPY;204.464;205.464;203.464;2025.11.04 14:09:35;200.609;;;;
2025.11.03 09:50:38;Buy;0.05;XAUUSD;4 024.59;3 978.86;4 070.87;2025.11.04 02:43:19;3 978.86;-1.00;-1.11;-228.65;[sl]
2025.10.31 00:50:41;Buy;0.05;XAUUSD;4 033.96;3 985.50;4 082.50;2025.10.31 18:14:23;3 985.50;-1.00;;-242.30;[sl]
2025.10.28 06:20:55;Sell Limit;0.18;NZDJPY;88.835;89.835;87.835;2025.10.31 17:48:00;88.169;;;;expiration
2025.10.30 05:01:36;Sell;0.09;XAUUSD;3 915.83;3 935.83;3 875.83;2025.10.30 05:31:11;3 935.83;-1.80;;-180.00;[sl]
2025.10.29 11:09:12;Buy;0.05;XAUUSD;4 020.50;3 973.50;4 070.50;2025.10.29 20:35:33;3 973.47;-1.00;;-235.15;
2025.10.29 02:28:27;Buy;0.09;XAUUSD;3 970.38;3 950.38;4 010.38;2025.10.29 04:35:44;3 950.24;-1.80;;-181.26;
2025.10.28 06:21:10;Sell Limit;0.18;CADJPY;110.332;111.332;109.332;2025.10.29 03:02:00;108.754;;;;expiration
2025.10.28 06:26:13;Sell;0.04;XAUUSD;3 970.00;4 016.00;3 920.00;2025.10.28 10:18:14;3 920.00;-0.80;;200.00;[tp]
2025.10.28 06:26:11;Sell;0.09;XAUUSD;3 971.60;3 991.60;3 931.60;2025.10.28 09:20:52;3 931.60;-1.80;;360.00;[tp]
2025.10.28 06:28:43;Buy Limit;0.04;XAUUSD;3 929.23;3 883.99;3 979.23;2025.10.28 08:47:53;3 945.49;;;;
2025.10.27 00:05:30;Buy Stop;0.04;XAUUSD;4 138.87;4 118.87;4 178.87;2025.10.28 08:40:00;3 957.90;;;;
2025.10.27 10:53:14;Sell;0.04;XAUUSD;4 045.02;4 065.02;4 005.02;2025.10.27 16:08:12;4 004.87;-0.80;;160.60;
2025.10.27 00:52:26;Buy Stop;0.04;XAUUSD;4 147.75;4 101.75;4 197.75;2025.10.27 16:04:34;4 031.08;;;;
2025.10.27 06:22:28;Balance;;;;;;;;;;-120.00;Withdrawal
2025.10.23 12:59:36;Buy Stop;0.04;XAUUSD;4 155.07;4 135.07;4 195.07;2025.10.25 12:59:00;4 114.23;;;;expiration
2025.10.23 00:03:33;Buy Stop;0.04;XAUUSD;4 163.75;4 117.75;4 213.75;2025.10.24 22:31:11;4 101.41;;;;
2025.10.24 10:04:43;Sell;0.04;XAUUSD;4 066.29;4 086.73;4 026.73;2025.10.24 14:30:57;4 088.36;-0.80;;-88.28;
2025.10.23 08:00:48;Buy;0.04;XAUUSD;4 116.51;4 096.51;4 156.51;2025.10.23 09:37:08;4 096.51;-0.80;;-80.00;[sl]
2025.10.22 02:02:08;Sell;0.04;XAUUSD;4 080.25;4 127.25;4 030.25;2025.10.22 02:10:12;4 030.19;-0.80;;200.24;
2025.10.22 02:02:08;Sell;0.04;XAUUSD;4 081.39;4 101.56;4 041.56;2025.10.22 02:06:18;4 041.56;-0.80;;159.32;[tp]
2025.10.21 00:01:30;Buy Stop;0.04;XAUUSD;4 381.50;4 335.50;4 431.50;2025.10.21 15:51:41;4 177.89;;;;
2025.10.21 14:12:31;Sell;0.04;XAUUSD;4 221.11;4 241.11;4 181.11;2025.10.21 15:48:09;4 181.11;-0.80;;160.00;[tp]
2025.10.21 08:30:00;Balance;;;;;;;;;;-31.00;Withdrawal
2025.10.20 21:57:23;Buy;0.04;XAUUSD;4 379.39;4 359.39;4 419.39;2025.10.20 22:13:31;4 358.91;-0.80;;-81.92;
2025.10.20 13:59:08;Buy;0.04;XAUUSD;4 275.55;4 255.11;4 315.11;2025.10.20 14:39:25;4 315.11;-0.80;;158.24;[tp]
2025.10.20 13:47:07;Balance;;;;;;;;;;-50.00;Withdrawal
2025.10.17 12:07:37;Buy Stop;0.04;XAUUSD;4 378.32;4 358.32;4 418.32;2025.10.20 02:03:28;4 241.29;;;;
2025.10.17 13:34:42;Sell;0.04;XAUUSD;4 308.71;4 328.90;4 268.90;2025.10.17 15:35:41;4 268.18;-0.80;;162.12;
2025.10.16 04:06:54;Buy;0.04;XAUUSD;4 233.74;4 185.79;4 283.59;2025.10.16 18:18:18;4 283.59;-0.80;;199.40;[tp]
2025.10.16 12:00:48;Buy;0.04;XAUUSD;4 242.07;4 222.07;4 282.07;2025.10.16 18:16:57;4 282.07;-0.80;;160.00;[tp]
2025.10.16 03:41:18;Buy;0.04;XAUUSD;4 230.25;4 183.25;4 280.25;2025.10.16 18:15:42;4 280.25;-0.80;;200.00;[tp]
2025.10.16 13:45:19;Buy;0.04;XAUUSD;4 247.85;4 217.85;4 277.85;2025.10.16 18:06:20;4 277.85;-0.80;;120.00;[tp]
2025.10.16 08:22:16;Sell Stop;0.04;XAUUSD;4 203.71;4 223.71;4 163.71;2025.10.16 16:24:56;4 263.61;;;;
2025.10.14 11:56:28;Sell Stop;0.04;XAUUSD;4 091.02;4 111.02;4 051.02;2025.10.16 08:21:47;4 224.68;;;;
2025.10.15 03:12:21;Buy;0.04;XAUUSD;4 180.87;4 133.54;4 229.59;2025.10.16 03:37:31;4 229.59;-0.80;-2.81;194.88;[tp]
2025.10.15 00:13:18;Buy;0.04;XAUUSD;4 155.52;4 135.52;4 195.52;2025.10.15 08:46:42;4 195.52;-0.80;;160.00;[tp]
2025.10.14 15:44:23;Buy;0.04;XAUUSD;4 127.59;4 080.42;4 175.00;2025.10.15 03:05:09;4 175.00;-0.80;-0.92;189.64;[tp]
2025.10.14 11:54:54;Buy Stop;0.04;XAUUSD;4 179.59;4 159.59;4 219.59;2025.10.15 00:04:38;4 144.97;;;;
2025.10.14 07:15:44;Buy;0.04;XAUUSD;4 178.85;4 134.04;4 226.34;2025.10.14 07:41:54;4 134.04;-0.80;;-179.24;[sl]
2025.10.14 01:34:55;Buy;0.04;XAUUSD;4 126.35;4 077.15;4 175.80;2025.10.14 07:08:32;4 175.80;-0.80;;197.80;[tp]
2025.10.10 06:58:32;Sell Stop;0.04;XAUUSD;3 944.90;3 964.90;3 904.90;2025.10.14 06:58:00;4 169.25;;;;expiration
2025.10.14 05:20:27;Balance;;;;;;;;;;5.00;
2025.10.13 07:32:59;Buy;0.04;XAUUSD;4 075.30;4 029.03;4 125.06;2025.10.14 01:34:41;4 125.06;-0.80;-0.91;199.04;[tp]
2025.10.13 02:45:20;Buy;0.04;XAUUSD;4 058.50;4 012.00;4 108.50;2025.10.13 18:02:41;4 108.50;-0.80;;200.00;[tp]
2025.10.13 07:04:56;Buy;0.04;XAUUSD;4 060.30;4 040.30;4 100.30;2025.10.13 16:47:59;4 100.30;-0.80;;160.00;[tp]
2025.10.13 07:04:57;Buy;0.04;XAUUSD;4 061.49;4 031.49;4 091.49;2025.10.13 15:25:02;4 091.49;-0.80;;120.00;[tp]
2025.10.13 00:01:25;Buy;0.04;XAUUSD;4 025.54;3 977.67;4 070.87;2025.10.13 07:24:26;4 070.87;-0.80;;181.32;[tp]
2025.10.13 02:45:21;Buy;0.04;XAUUSD;4 059.28;4 039.28;4 099.28;2025.10.13 03:00:09;4 039.28;-0.80;;-80.00;[sl]
2025.10.10 10:47:04;Buy;0.04;XAUUSD;3 994.24;3 974.24;4 034.24;2025.10.10 16:00:37;3 974.24;-0.80;;-80.00;[sl]
2025.10.10 06:07:26;Sell;0.04;XAUUSD;3 957.80;3 995.04;3 917.82;2025.10.10 10:47:41;3 995.04;-0.80;;-148.96;[sl]
2025.10.10 01:12:18;Sell Stop;0.04;XAUUSD;3 944.98;3 964.98;3 904.98;2025.10.10 06:56:29;3 960.63;;;;
2025.10.08 22:24:27;Buy Stop;0.04;XAUUSD;4 059.42;4 039.42;4 099.42;2025.10.10 06:54:39;3 961.09;;;;
2025.10.08 15:09:48;Buy Stop;0.04;XAUUSD;4 075.30;4 029.03;4 125.06;2025.10.09 20:24:09;3 951.30;;;;
2025.10.09 18:34:51;Sell;0.04;XAUUSD;4 001.42;4 021.42;3 961.42;2025.10.09 19:06:27;3 961.42;-0.80;;160.00;[tp]
2025.10.08 06:50:45;Buy;0.04;XAUUSD;4 023.75;3 977.67;4 070.87;2025.10.09 18:42:16;3 977.67;-0.80;-2.70;-184.32;[sl]
2025.10.09 15:09:00;Buy;0.04;XAUUSD;4 057.49;4 027.49;4 087.49;2025.10.09 15:46:10;4 027.49;-0.80;;-120.00;[sl]
2025.10.08 01:01:22;Buy;0.04;XAUUSD;3 992.50;3 946.50;4 042.50;2025.10.08 11:46:15;4 042.50;-0.80;;200.00;[tp]
2025.10.07 00:25:43;Buy;0.04;XAUUSD;3 974.75;3 932.78;4 018.00;2025.10.08 06:02:21;4 018.00;-0.80;-0.88;173.00;[tp]
2025.10.07 14:52:30;Buy;0.04;XAUUSD;3 976.95;3 956.95;4 016.95;2025.10.08 06:02:12;4 016.95;-0.80;-0.88;160.00;[tp]
2025.10.07 15:47:38;Buy;0.04;XAUUSD;3 978.27;3 948.27;4 008.27;2025.10.08 04:49:56;4 008.27;-0.80;-0.88;120.00;[tp]
2025.10.06 04:01:21;Buy;0.04;XAUUSD;3 923.54;3 879.01;3 968.55;2025.10.06 18:08:21;3 968.55;-0.80;;180.04;[tp]
2025.10.06 00:59:51;Buy;0.04;XAUUSD;3 898.01;3 851.50;3 948.00;2025.10.06 10:06:34;3 948.00;-0.80;;199.96;[tp]
2025.10.06 00:59:50;Buy;0.04;XAUUSD;3 896.78;3 876.78;3 936.78;2025.10.06 06:41:39;3 936.78;-0.80;;160.00;[tp]
2025.10.03 14:58:57;Buy;0.04;XAUUSD;3 875.23;3 832.76;3 921.40;2025.10.06 04:01:08;3 921.40;-0.80;-0.86;184.68;[tp]
2025.10.03 06:03:18;Sell Stop;0.04;XAUUSD;3 823.86;3 863.89;3 783.63;2025.10.06 01:21:25;3 894.77;;;;
2025.10.03 09:39:56;Buy;0.04;XAUUSD;3 863.98;3 843.98;3 903.98;2025.10.06 01:02:22;3 903.98;-0.80;-0.86;160.00;[tp]
2025.10.03 00:07:40;Buy Stop;0.04;XAUUSD;3 898.00;3 851.50;3 948.00;2025.10.05 00:07:00;3 887.20;;;;expiration
2025.10.03 02:10:55;Sell Stop;0.04;XAUUSD;3 819.48;3 839.48;3 779.48;2025.10.03 17:26:59;3 877.01;;;;
2025.10.01 04:09:16;Buy;0.04;XAUUSD;3 875.23;3 832.76;3 921.40;2025.10.02 16:46:48;3 832.76;-0.80;-2.58;-169.88;[sl]
2025.10.01 04:05:00;Buy;0.04;XAUUSD;3 871.81;3 851.81;3 911.81;2025.10.02 16:37:06;3 851.81;-0.80;-2.58;-80.00;[sl]
2025.10.02 15:31:10;Buy;0.04;XAUUSD;3 895.16;3 875.16;3 935.16;2025.10.02 15:50:43;3 875.16;-0.80;;-80.00;[sl]
2025.09.26 16:24:59;Buy;0.03;XAUUSD;3 780.75;3 735.75;3 828.75;2025.09.29 13:43:02;3 828.75;-0.60;-0.63;144.00;[tp]
2025.09.29 02:42:40;Buy;0.03;XAUUSD;3 783.81;3 763.81;3 823.81;2025.09.29 13:25:26;3 823.81;-0.60;;120.00;[tp]
2025.09.26 15:08:53;Buy;0.03;XAUUSD;3 761.68;3 741.68;3 801.68;2025.09.29 06:32:56;3 801.68;-0.60;-0.63;120.00;[tp]
2025.09.25 03:43:30;Sell Stop;0.03;XAUUSD;3 717.44;3 737.44;3 677.44;2025.09.26 17:26:49;3 779.44;;;;
2025.09.25 09:39:13;Buy;0.03;XAUUSD;3 751.60;3 731.60;3 791.60;2025.09.25 14:51:16;3 731.60;-0.60;;-60.00;[sl]
2025.09.23 10:19:38;Buy;0.03;XAUUSD;3 759.19;3 739.19;3 799.19;2025.09.24 18:16:29;3 739.19;-0.60;-0.63;-60.00;[sl]
2025.09.22 00:25:16;Buy;0.03;XAUUSD;3 691.75;3 644.75;3 741.75;2025.09.22 19:30:50;3 741.75;-0.60;;150.00;[tp]
2025.09.19 17:15:02;Buy;0.03;XAUUSD;3 673.16;3 653.16;3 713.16;2025.09.22 08:38:05;3 713.16;-0.60;-0.61;120.00;[tp]
2025.09.18 08:03:54;Sell;0.03;XAUUSD;3 646.28;3 666.28;3 606.28;2025.09.18 11:02:08;3 666.28;-0.60;;-60.00;[sl]
2025.09.16 03:00:04;Buy;0.03;XAUUSD;3 688.75;3 643.25;3 738.75;2025.09.18 08:05:03;3 643.25;-0.60;-2.45;-136.50;[sl]
2025.09.17 20:08:59;Buy;0.03;XAUUSD;3 703.31;3 683.31;3 743.31;2025.09.17 20:15:21;3 683.31;-0.60;;-60.00;[sl]
2025.09.15 17:54:13;Buy;0.03;XAUUSD;3 675.90;3 645.90;3 705.90;2025.09.17 20:09:33;3 705.90;-0.60;-1.23;90.00;[tp]
2025.09.17 20:01:17;Sell;0.03;XAUUSD;3 659.46;3 680.06;3 620.06;2025.09.17 20:01:59;3 680.06;-0.60;;-61.80;[sl]
2025.09.15 11:56:45;Sell Stop;0.03;XAUUSD;3 626.69;3 646.69;3 586.69;2025.09.17 08:49:15;3 673.34;;;;
2025.09.17 02:39:26;Balance;;;;;;;;;;-80.00;Withdrawal
2025.09.15 15:37:14;Buy;0.03;XAUUSD;3 657.67;3 637.67;3 697.67;2025.09.16 11:27:37;3 697.67;-0.60;-0.61;120.00;[tp]
2025.09.12 04:30:16;Buy;0.03;XAUUSD;3 650.75;3 611.50;3 694.50;2025.09.16 10:13:34;3 694.50;-0.60;-1.22;131.25;[tp]
2025.09.10 12:38:09;Buy Stop;0.03;XAUUSD;3 675.90;3 645.90;3 705.90;2025.09.12 12:38:00;3 650.80;;;;expiration
2025.09.10 01:06:31;Buy Stop;0.03;XAUUSD;3 657.67;3 637.67;3 697.67;2025.09.12 01:06:00;3 635.25;;;;expiration
2025.09.11 11:13:14;Sell;0.03;XAUUSD;3 620.74;3 640.74;3 580.74;2025.09.11 14:36:07;3 640.74;-0.60;;-60.00;[sl]
2025.09.09 15:32:57;Buy;0.03;XAUUSD;3 662.44;3 613.52;3 712.17;2025.09.11 14:30:05;3 613.52;-0.60;-2.43;-146.76;[sl]
2025.09.09 15:27:02;Buy;0.03;XAUUSD;3 659.44;3 639.44;3 699.44;2025.09.09 16:35:21;3 639.44;-0.60;;-60.00;[sl]
2025.09.08 09:19:28;Buy;0.03;XAUUSD;3 608.98;3 560.28;3 658.38;2025.09.09 07:40:51;3 658.38;-0.60;-0.61;148.20;[tp]
2025.09.08 09:04:35;Buy;0.03;XAUUSD;3 600.43;3 570.43;3 630.43;2025.09.08 15:14:06;3 630.43;-0.60;;90.00;[tp]
2025.09.05 14:32:34;Buy;0.03;XAUUSD;3 578.61;3 558.61;3 618.61;2025.09.08 12:14:39;3 618.61;-0.60;-0.60;120.00;[tp]
2025.09.05 14:30:06;Buy;0.03;XAUUSD;3 568.14;3 520.75;3 615.75;2025.09.08 10:22:56;3 616.37;-0.60;-0.60;144.69;
2025.09.03 15:14:18;Buy;0.03;XAUUSD;3 556.50;3 507.18;3 606.15;2025.09.08 09:15:57;3 606.15;-0.60;-2.97;148.95;[tp]
2025.09.04 14:17:44;Sell Stop;0.03;XAUUSD;3 511.47;3 531.47;3 471.47;2025.09.06 14:17:00;3 587.09;;;;expiration
2025.09.03 02:23:46;Buy;0.03;XAUUSD;3 539.25;3 496.75;3 586.25;2025.09.05 15:46:07;3 586.25;-0.60;-2.37;141.00;[tp]
2025.09.04 15:25:28;Buy;0.03;XAUUSD;3 553.81;3 533.81;3 573.81;2025.09.05 14:30:47;3 573.81;-0.60;-0.59;60.00;[tp]
2025.09.03 13:12:46;Buy;0.03;XAUUSD;3 546.90;3 526.90;3 586.90;2025.09.04 04:54:12;3 526.90;-0.60;-1.78;-60.00;[sl]
2025.09.03 13:13:14;Buy;0.03;XAUUSD;3 547.58;3 517.58;3 577.58;2025.09.03 20:12:22;3 577.58;-0.60;;90.00;[tp]
2025.09.02 03:45:57;Buy;0.03;XAUUSD;3 504.24;3 454.71;3 554.00;2025.09.03 15:01:36;3 554.00;-0.60;-0.59;149.28;[tp]
2025.09.02 16:44:41;Buy;0.03;XAUUSD;3 508.68;3 488.68;3 548.68;2025.09.03 13:33:39;3 548.68;-0.60;-0.59;120.00;[tp]
2025.09.02 16:44:43;Buy;0.03;XAUUSD;3 509.02;3 479.02;3 539.02;2025.09.02 21:36:48;3 539.02;-0.60;;90.00;[tp]
2025.09.02 03:16:01;Buy;0.03;XAUUSD;3 489.89;3 469.89;3 529.89;2025.09.02 19:30:50;3 529.89;-0.60;;120.00;[tp]
2025.09.02 10:04:06;Sell Stop;0.03;XAUUSD;3 466.36;3 486.36;3 426.36;2025.09.02 16:15:35;3 496.25;;;;
2025.09.02 03:44:55;Buy;0.03;XAUUSD;3 502.43;3 472.43;3 532.43;2025.09.02 09:54:30;3 472.43;-0.60;;-90.00;[sl]
2025.09.02 04:08:25;Buy;0.03;XAUUSD;3 500.10;3 480.10;3 540.10;2025.09.02 09:50:16;3 480.10;-0.60;;-60.00;[sl]
2025.09.01 03:58:20;Buy;0.03;XAUUSD;3 452.77;3 407.07;3 499.46;2025.09.02 03:41:12;3 499.46;-0.60;-0.58;140.07;[tp]
2025.08.29 13:00:12;Sell Stop;0.03;XAUUSD;3 396.79;3 426.79;3 366.79;2025.09.01 14:18:55;3 468.94;;;;
2025.09.01 03:58:31;Buy;0.03;XAUUSD;3 455.39;3 425.39;3 485.39;2025.09.01 05:01:46;3 485.39;-0.60;;90.00;[tp]
2025.08.27 18:34:40;Buy;0.03;XAUUSD;3 394.30;3 374.30;3 434.30;2025.08.29 16:12:43;3 434.30;-0.60;-2.27;120.00;[tp]
2025.08.22 16:52:42;Buy;0.03;XAUUSD;3 376.96;3 327.79;3 426.57;2025.08.29 15:51:36;3 426.57;-0.60;-3.96;148.83;[tp]
2025.08.26 02:23:00;Buy;0.03;XAUUSD;3 378.89;3 358.89;3 418.89;2025.08.28 20:45:48;3 418.89;-0.60;-2.27;120.00;[tp]
2025.08.28 08:46:23;Balance;;;;;;;;;;-700.00;Withdrawal
2025.08.28 05:48:36;Balance;;;;;;;;;;700.00;
2025.08.22 16:02:38;Buy;0.03;XAUUSD;3 351.97;3 331.97;3 391.97;2025.08.26 22:52:09;3 391.97;-0.60;-1.69;120.00;[tp]
2025.08.18 01:20:16;Sell Stop;0.03;XAUUSD;3 302.68;3 349.69;3 253.33;2025.08.26 01:20:00;3 356.39;;;;expiration
2025.08.22 07:33:42;Sell Stop;0.03;XAUUSD;3 311.70;3 331.70;3 271.70;2025.08.24 07:33:00;3 371.15;;;;expiration
2025.08.20 15:44:10;Buy;0.03;XAUUSD;3 345.41;3 325.41;3 385.41;2025.08.21 13:03:51;3 325.41;-0.60;-1.67;-60.00;[sl]
2025.08.19 16:47:04;Sell;0.03;XAUUSD;3 323.52;3 343.52;3 283.52;2025.08.20 14:57:54;3 343.52;-0.60;-0.28;-60.00;[sl]
2025.08.18 07:05:29;Buy Stop;0.03;XAUUSD;3 375.20;3 355.20;3 415.20;2025.08.20 07:05:00;3 320.63;;;;expiration
2025.08.14 18:16:20;Sell;0.03;XAUUSD;3 331.17;3 351.17;3 291.17;2025.08.18 05:49:56;3 351.17;-0.60;-0.56;-60.00;[sl]
2025.08.14 11:16:09;Buy Stop;0.03;XAUUSD;3 374.91;3 354.91;3 414.91;2025.08.16 11:16:00;3 336.91;;;;expiration
2025.08.04 15:31:52;Buy;0.03;XAUUSD;3 378.05;3 329.89;3 426.57;2025.08.14 18:16:42;3 329.89;-0.60;-6.74;-144.48;[sl]
2025.08.13 09:12:12;Buy;0.03;XAUUSD;3 358.00;3 332.50;3 389.50;2025.08.14 18:16:06;3 331.98;-0.60;-1.68;-78.06;
2025.08.14 02:22:48;Buy;0.03;XAUUSD;3 370.82;3 350.82;3 410.82;2025.08.14 09:45:01;3 350.82;-0.60;;-60.00;[sl]
2025.08.11 16:39:40;Sell;0.03;XAUUSD;3 344.32;3 364.32;3 304.32;2025.08.13 11:41:53;3 364.32;-0.60;-0.56;-60.00;[sl]
2025.08.11 03:08:10;Sell;0.03;XAUUSD;3 371.83;3 391.83;3 331.83;2025.08.12 16:19:35;3 331.83;-0.60;-0.28;120.00;[tp]
2025.08.08 00:58:02;Buy Stop;0.03;XAUUSD;3 434.19;3 384.92;3 483.62;2025.08.12 00:57:00;3 345.85;;;;expiration
2025.08.08 03:42:28;Buy Stop;0.03;XAUUSD;3 409.10;3 389.10;3 449.10;2025.08.11 16:12:47;3 357.12;;;;
2025.08.11 00:18:29;Buy Stop;0.03;XAUUSD;3 410.25;3 372.75;3 449.50;2025.08.11 14:44:06;3 352.73;;;;
2025.08.05 16:54:18;Buy;0.03;XAUUSD;3 386.50;3 347.75;3 428.75;2025.08.11 14:29:32;3 347.75;-0.60;-3.38;-116.25;[sl]
2025.08.07 21:38:07;Buy;0.03;XAUUSD;3 398.70;3 368.70;3 428.70;2025.08.11 03:11:04;3 368.70;-0.60;-1.14;-90.00;[sl]
2025.08.04 13:16:43;Buy;0.03;XAUUSD;3 366.09;3 346.09;3 406.09;2025.08.08 00:03:41;3 406.09;-0.60;-3.37;120.00;[tp]
2025.08.05 12:09:21;Sell Stop;0.03;XAUUSD;3 344.38;3 374.38;3 314.38;2025.08.07 12:09:00;3 376.06;;;;expiration
2025.08.05 16:51:18;Buy;0.03;XAUUSD;3 385.50;3 365.50;3 425.50;2025.08.06 10:28:26;3 365.50;-0.60;-0.56;-60.00;[sl]
2025.08.05 06:07:06;Sell Stop;0.03;XAUUSD;3 345.15;3 365.15;3 305.15;2025.08.05 16:01:50;3 376.45;;;;
2025.08.01 10:17:26;Sell Stop;0.03;XAUUSD;3 274.19;3 304.19;3 244.19;2025.08.05 10:17:00;3 372.16;;;;expiration
2025.08.01 14:32:17;Buy;0.03;XAUUSD;3 321.71;3 273.71;3 371.06;2025.08.04 14:05:09;3 371.06;-0.60;-0.56;148.05;[tp]
2025.08.01 03:54:44;Sell Stop;0.03;XAUUSD;3 268.28;3 288.28;3 228.28;2025.08.03 03:54:00;3 362.88;;;;expiration
2025.08.01 00:03:36;Sell Stop;0.03;XAUUSD;3 267.25;3 300.25;3 233.50;2025.08.01 15:34:05;3 350.75;;;;
2025.07.30 15:43:21;Sell;0.03;XAUUSD;3 301.25;3 343.75;3 256.00;2025.08.01 14:46:17;3 343.75;-0.60;-1.09;-127.50;[sl]
2025.07.31 09:46:11;Sell;0.03;XAUUSD;3 309.35;3 339.35;3 279.35;2025.08.01 14:43:42;3 339.35;-0.60;-0.27;-90.00;[sl]
2025.07.30 15:33:00;Sell;0.03;XAUUSD;3 301.84;3 321.84;3 261.84;2025.08.01 14:32:17;3 321.84;-0.60;-1.09;-60.00;[sl]
2025.07.31 04:41:24;Sell Stop;0.03;XAUUSD;3 280.64;3 310.64;3 250.64;2025.08.01 04:41:00;3 287.28;;;;expiration
2025.08.01 02:58:23;Balance;;;;;;;;;;-127.00;Withdrawal
2025.07.28 15:34:08;Sell;0.03;XAUUSD;3 323.85;3 343.85;3 283.85;2025.07.30 20:50:14;3 283.85;-0.60;-0.56;120.00;[tp]
2025.07.25 17:28:35;Sell;0.03;XAUUSD;3 330.84;3 360.84;3 300.84;2025.07.30 15:55:22;3 300.84;-0.60;-0.84;90.00;[tp]
2025.07.25 05:09:25;Sell;0.03;XAUUSD;3 360.96;3 376.09;3 314.73;2025.07.28 15:50:51;3 314.73;-0.60;-0.28;138.69;[tp]
2025.07.28 09:12:50;Balance;;;;;;;;;;-200.00;Withdrawal
2025.07.28 08:39:22;Balance;;;;;;;;;;200.00;
2025.07.28 00:54:34;Sell;0.03;XAUUSD;3 324.85;3 345.10;3 285.10;2025.07.28 08:00:45;3 345.10;-0.60;;-60.75;[sl]
2025.07.23 02:19:58;Buy Stop;0.03;XAUUSD;3 439.15;3 419.15;3 479.15;2025.07.28 07:59:09;3 343.98;;;;
2025.07.24 16:59:32;Buy Stop;0.03;XAUUSD;3 377.35;3 357.35;3 417.35;2025.07.26 16:59:00;3 337.54;;;;expiration
2025.07.24 15:09:24;Buy Stop;0.03;XAUUSD;3 408.20;3 392.85;3 454.47;2025.07.26 15:09:00;3 337.54;;;;expiration
2025.07.23 00:16:39;Buy Stop;0.03;XAUUSD;3 439.26;3 423.92;3 485.53;2025.07.24 19:49:50;3 371.61;;;;
2025.07.23 17:58:03;Sell;0.03;XAUUSD;3 399.07;3 414.21;3 352.84;2025.07.24 15:00:06;3 352.84;-0.60;-0.85;138.69;[tp]
2025.07.22 14:42:09;Buy;0.03;XAUUSD;3 402.80;3 382.80;3 442.80;2025.07.23 18:21:40;3 382.80;-0.60;-0.57;-60.00;[sl]
2025.07.23 04:21:17;Sell;0.03;XAUUSD;3 420.54;3 440.54;3 400.54;2025.07.23 17:57:39;3 400.54;-0.60;;60.00;[tp]
2025.07.21 14:18:38;Buy;0.03;XAUUSD;3 377.49;3 357.49;3 417.49;2025.07.22 15:32:38;3 417.49;-0.60;-0.57;120.00;[tp]
2025.07.21 14:18:41;Buy;0.03;XAUUSD;3 377.70;3 347.70;3 407.70;2025.07.22 14:59:49;3 407.70;-0.60;-0.57;90.00;[tp]
2025.07.21 07:11:38;Buy;0.03;XAUUSD;3 361.82;3 341.33;3 401.33;2025.07.21 16:41:02;3 401.33;-0.60;;118.53;[tp]
2025.07.21 02:56:10;Sell Stop;0.02;XAUUSD;3 311.53;3 345.82;3 277.24;2025.07.21 14:51:05;3 381.78;;;;
2025.07.18 09:23:01;Buy;0.02;XAUUSD;3 345.82;3 311.53;3 377.72;2025.07.21 14:18:58;3 377.72;-0.40;-0.37;63.80;[tp]
2025.07.18 04:29:30;Sell Stop;0.03;XAUUSD;3 310.17;3 330.17;3 270.17;2025.07.21 13:11:51;3 363.97;;;;
2025.07.17 14:45:12;Sell;0.02;XAUUSD;3 311.53;3 345.82;3 277.24;2025.07.18 09:23:01;3 345.82;-0.40;-0.19;-68.58;[sl]
2025.07.10 00:28:07;Buy Stop;0.03;XAUUSD;3 407.37;3 392.03;3 453.65;2025.07.18 00:28:00;3 340.51;;;;expiration
2025.07.10 00:26:56;Sell Stop;0.03;XAUUSD;3 238.60;3 253.80;3 192.98;2025.07.18 00:26:00;3 339.82;;;;expiration
2025.07.17 14:30:34;Sell;0.03;XAUUSD;3 318.47;3 339.61;3 279.61;2025.07.17 18:32:17;3 339.61;-0.60;;-63.42;[sl]
2025.07.17 14:30:34;Sell;0.03;XAUUSD;3 318.47;3 338.50;3 298.50;2025.07.17 17:51:58;3 338.50;-0.60;;-60.09;[sl]
2025.07.11 12:27:11;Buy;0.02;XAUUSD;3 345.82;3 311.53;3 377.72;2025.07.17 14:45:12;3 311.53;-0.40;-2.23;-68.58;[sl]
2025.07.17 02:37:03;Buy;0.03;XAUUSD;3 343.06;3 323.06;3 383.06;2025.07.17 13:01:25;3 323.06;-0.60;;-60.00;[sl]
2025.07.15 15:26:54;Sell;0.03;XAUUSD;3 341.20;3 361.20;3 301.20;2025.07.16 17:16:17;3 361.20;-0.60;-0.28;-60.00;[sl]
2025.07.16 16:33:15;Sell;0.03;XAUUSD;3 320.25;3 340.25;3 280.25;2025.07.16 16:56:32;3 340.25;-0.60;;-60.00;[sl]
2025.07.15 04:24:32;Buy Stop;0.03;XAUUSD;3 375.02;3 355.02;3 415.02;2025.07.16 16:03:54;3 326.86;;;;
2025.07.14 03:24:32;Sell Stop;0.02;XAUUSD;3 311.53;3 345.82;3 277.24;2025.07.16 03:24:00;3 333.72;;;;expiration
2025.07.11 17:19:17;Buy;0.03;XAUUSD;3 366.24;3 336.24;3 396.24;2025.07.15 15:35:20;3 336.24;-0.60;-1.12;-90.00;[sl]
2025.07.14 09:28:50;Buy;0.03;XAUUSD;3 374.10;3 354.10;3 414.10;2025.07.14 14:37:10;3 354.10;-0.60;;-60.00;[sl]
2025.07.11 02:30:56;Buy;0.03;XAUUSD;3 330.34;3 310.34;3 370.34;2025.07.14 00:28:47;3 370.34;-0.60;-0.56;120.00;[tp]
2025.07.10 16:07:39;Sell Stop;0.03;XAUUSD;3 282.70;3 302.70;3 242.70;2025.07.12 16:07:00;3 356.95;;;;expiration
2025.07.08 16:15:54;Sell;0.02;XAUUSD;3 306.00;3 345.82;3 277.24;2025.07.11 12:27:11;3 345.82;-0.40;-0.91;-79.64;[sl]
2025.07.04 10:39:06;Buy Stop;0.03;XAUUSD;3 366.23;3 336.23;3 396.23;2025.07.10 10:38:00;3 323.02;;;;expiration
2025.07.08 17:08:57;Sell;0.03;XAUUSD;3 291.60;3 321.60;3 261.60;2025.07.10 02:42:04;3 321.60;-0.60;-1.11;-90.00;[sl]
2025.07.09 15:53:45;Sell Stop;0.03;XAUUSD;3 287.63;3 302.84;3 242.02;2025.07.09 21:56:08;3 316.10;;;;
2025.07.08 16:42:58;Sell;0.03;XAUUSD;3 296.52;3 316.52;3 256.52;2025.07.09 21:12:52;3 316.52;-0.60;-0.28;-60.00;[sl]
2025.07.09 05:01:18;Sell;0.03;XAUUSD;3 285.31;3 300.52;3 239.70;2025.07.09 15:51:25;3 300.52;-0.60;;-45.63;[sl]
2025.07.01 12:57:23;Buy Stop;0.03;XAUUSD;3 367.76;3 352.41;3 414.03;2025.07.08 20:39:25;3 304.50;;;;
2025.07.07 03:22:37;Sell Stop;0.03;XAUUSD;3 285.31;3 300.52;3 239.70;2025.07.08 20:39:20;3 304.04;;;;
2025.07.03 14:35:04;Sell;0.03;XAUUSD;3 327.72;3 347.72;3 287.72;2025.07.08 17:11:42;3 287.72;-0.60;-0.84;120.00;[tp]
2025.07.08 04:06:22;Buy Stop;0.03;XAUUSD;3 345.82;3 325.82;3 385.82;2025.07.08 15:55:53;3 316.23;;;;
2025.07.04 06:39:11;Buy Stop;0.03;XAUUSD;3 365.92;3 345.92;3 405.92;2025.07.08 04:05:33;3 336.05;;;;
2025.07.03 14:39:29;Sell Stop;0.03;XAUUSD;3 285.31;3 300.52;3 239.70;2025.07.05 14:39:00;3 337.06;;;;expiration
2025.07.03 00:49:21;Buy Stop;0.03;XAUUSD;3 407.37;3 392.03;3 453.65;2025.07.03 14:38:46;3 330.90;;;;
2025.07.01 13:04:44;Buy;0.03;XAUUSD;3 351.33;3 321.33;3 381.33;2025.07.03 14:38:22;3 321.33;-0.60;-2.24;-90.00;[sl]
2025.07.02 21:54:11;Buy;0.03;XAUUSD;3 358.10;3 338.10;3 398.10;2025.07.03 14:30:06;3 338.10;-0.60;-1.68;-60.00;[sl]
2025.07.01 03:57:35;Sell Stop;0.02;XAUUSD;3 255.82;3 305.82;3 205.82;2025.07.03 03:57:00;3 345.13;;;;expiration
2025.06.30 05:18:45;Sell Stop;0.03;XAUUSD;3 247.78;3 267.78;3 207.78;2025.07.02 05:18:00;3 336.54;;;;expiration
2025.07.01 16:59:10;Sell Stop;0.03;XAUUSD;3 290.32;3 305.53;3 244.70;2025.07.02 05:06:44;3 336.46;;;;
2025.06.30 04:24:56;Sell Stop;0.03;XAUUSD;3 242.01;3 257.21;3 196.00;2025.07.01 15:11:49;3 355.01;;;;
2025.06.30 03:53:18;Sell Stop;0.03;XAUUSD;3 254.36;3 269.55;3 208.34;2025.07.01 12:56:19;3 348.92;;;;
2025.06.30 18:50:19;Buy;0.03;XAUUSD;3 296.89;3 276.89;3 336.89;2025.07.01 09:13:25;3 336.89;-0.60;-0.55;120.00;[tp]
2025.06.30 02:07:49;Sell Stop;0.02;XAUUSD;3 254.36;3 269.55;3 208.34;2025.06.30 03:53:00;3 273.15;;;;cancelled
2025.06.30 03:37:10;Balance;;;;;;;;;;70.00;
2025.06.27 05:57:01;Sell;0.02;XAUUSD;3 293.77;3 313.77;3 253.77;2025.06.30 00:26:39;3 253.77;-0.40;-0.18;80.00;[tp]
2025.06.27 09:23:12;Sell;0.02;XAUUSD;3 285.01;3 315.01;3 255.01;2025.06.30 00:25:09;3 255.01;-0.40;-0.18;60.00;[tp]
2025.06.27 22:05:29;Sell Stop;0.02;XAUUSD;3 255.54;3 270.83;3 208.34;2025.06.29 22:05:00;3 274.53;;;;expiration
2025.06.27 16:38:15;Sell Limit;0.02;XAUUSD;3 289.61;3 304.90;3 242.41;2025.06.29 16:38:00;3 274.53;;;;expiration
2025.06.06 15:37:42;Buy;0.02;GBPJPY;195.916;192.719;198.814;2025.06.27 19:30:51;198.291;-0.40;-2.75;32.82;
2025.06.27 04:48:38;Sell;0.02;XAUUSD;3 309.98;3 329.98;3 269.98;2025.06.27 14:59:48;3 269.98;-0.40;;80.00;[tp]
2025.06.27 14:21:57;Balance;;;;;;;;;;150.00;
2025.06.26 15:35:30;Sell;0.02;XAUUSD;3 311.89;3 340.15;3 283.63;2025.06.27 10:14:13;3 283.63;-0.40;-0.19;56.52;[tp]
2025.06.26 21:49:55;Buy Stop;0.02;XAUUSD;3 350.27;3 330.27;3 390.27;2025.06.27 02:15:58;3 317.70;;;;
2025.06.26 15:35:30;Sell;0.02;XAUUSD;3 311.68;3 331.68;3 291.68;2025.06.26 18:33:29;3 331.68;-0.40;;-40.00;[sl]
2025.06.26 01:10:21;Buy;0.02;XAUUSD;3 337.21;3 317.21;3 377.21;2025.06.26 15:10:07;3 317.21;-0.40;;-40.00;[sl]
2025.06.24 16:26:49;Sell Stop;0.02;XAUUSD;3 312.06;3 332.06;3 272.06;2025.06.26 15:07:33;3 325.54;;;;
2025.06.25 21:02:11;Sell Stop;0.02;XAUUSD;3 310.09;3 325.15;3 264.21;2025.06.26 14:57:59;3 325.54;;;;
2025.06.26 04:44:43;Buy;0.02;XAUUSD;3 340.42;3 325.08;3 386.69;2025.06.26 14:57:29;3 325.08;-0.40;;-30.68;[sl]
2025.06.26 02:15:31;Sell Stop;0.02;XAUUSD;3 290.90;3 305.96;3 245.02;2025.06.26 04:23:20;3 331.15;;;;
2025.06.05 02:28:10;Sell Stop;0.02;GBPJPY;192.719;195.916;190.025;2025.06.26 03:28:00;198.170;;;;expiration
2025.06.26 01:13:54;Buy Stop;0.02;XAUUSD;3 340.42;3 325.08;3 386.69;2025.06.26 02:14:03;3 339.68;;;;
2025.06.24 22:16:55;Sell Stop;0.02;XAUUSD;3 290.90;3 305.96;3 245.02;2025.06.26 01:12:31;3 335.91;;;;
2025.06.24 14:45:56;Sell Stop;0.02;XAUUSD;3 291.08;3 311.08;3 271.08;2025.06.25 22:45:00;3 333.36;;;;expiration
2025.06.25 17:07:00;Sell Stop;0.02;XAUUSD;3 310.09;3 325.15;3 264.21;2025.06.25 17:20:50;3 324.31;;;;
2025.06.19 09:08:32;Buy Stop;0.02;XAUUSD;3 405.52;3 390.18;3 451.80;2025.06.25 17:06:23;3 325.54;;;;
2025.06.17 03:06:17;Buy Stop;0.02;XAUUSD;3 451.22;3 401.22;3 501.22;2025.06.25 03:06:00;3 329.28;;;;expiration
2025.06.24 02:01:14;Sell;0.02;XAUUSD;3 339.88;3 360.56;3 300.56;2025.06.24 15:39:53;3 300.56;-0.40;;78.64;[tp]
2025.06.24 03:36:58;Buy Stop;0.02;XAUUSD;3 394.71;3 379.37;3 440.98;2025.06.24 03:47:16;3 346.14;;;;
2025.06.23 04:10:35;Buy Stop;0.02;XAUUSD;3 394.77;3 374.77;3 434.77;2025.06.24 02:16:58;3 345.49;;;;
2025.06.23 18:21:23;Buy;0.02;XAUUSD;3 391.84;3 376.50;3 438.11;2025.06.23 19:27:25;3 376.50;-0.40;;-30.68;[sl]
2025.06.23 00:03:11;Buy;0.02;XAUUSD;3 387.24;3 358.78;3 418.78;2025.06.23 02:40:46;3 358.78;-0.40;;-56.92;[sl]
2025.06.20 05:10:18;Sell;0.02;XAUUSD;3 347.66;3 367.66;3 307.66;2025.06.20 15:47:27;3 367.66;-0.40;;-40.00;[sl]
2025.06.17 16:34:20;Sell;0.02;XAUUSD;3 374.76;3 404.76;3 344.76;2025.06.20 07:57:04;3 344.76;-0.40;-0.94;60.00;[tp]
2025.06.19 13:34:35;Balance;;;;;;;;;;-150.00;Withdrawal
2025.06.18 21:29:53;Sell;0.02;XAUUSD;3 366.32;3 386.32;3 326.32;2025.06.19 03:05:16;3 386.32;-0.40;-0.56;-40.00;[sl]
2025.06.17 17:06:44;Buy Stop;0.02;XAUUSD;3 405.52;3 390.35;3 451.80;2025.06.19 00:31:56;3 377.14;;;;
2025.06.18 22:13:55;Sell;0.02;XAUUSD;3 362.66;3 377.71;3 316.78;2025.06.19 00:21:37;3 377.71;-0.40;-0.56;-30.10;[sl]
2025.06.16 14:08:27;Buy Stop;0.02;XAUUSD;3 452.30;3 422.30;3 482.30;2025.06.18 14:08:00;3 382.98;;;;expiration
2025.06.16 13:10:12;Buy Stop;0.02;XAUUSD;3 453.36;3 438.18;3 499.64;2025.06.18 12:27:59;3 377.94;;;;
2025.06.18 06:46:20;Buy;0.02;XAUUSD;3 400.30;3 380.30;3 440.30;2025.06.18 08:44:03;3 380.30;-0.40;;-40.00;[sl]
2025.06.16 13:42:58;Buy Stop;0.02;XAUUSD;3 451.35;3 431.35;3 491.35;2025.06.18 01:19:01;3 389.85;;;;
2025.06.16 15:16:44;Sell;0.02;XAUUSD;3 407.89;3 428.13;3 368.13;2025.06.17 16:37:16;3 368.13;-0.40;-0.19;79.52;[tp]
2025.06.17 12:44:41;Sell Stop;0.02;XAUUSD;3 372.26;3 387.31;3 326.39;2025.06.17 14:18:37;3 385.88;;;;
2025.06.16 09:32:05;Buy Stop;0.02;XAUUSD;3 453.36;3 438.18;3 499.64;2025.06.16 12:16:29;3 415.74;;;;
2025.06.16 00:40:36;Buy;0.02;XAUUSD;3 447.15;3 417.15;3 477.15;2025.06.16 08:05:04;3 417.15;-0.40;;-60.00;[sl]
2025.06.16 00:30:07;Buy;0.02;XAUUSD;3 446.97;3 426.97;3 486.97;2025.06.16 06:56:59;3 426.97;-0.40;;-40.00;[sl]
2025.06.13 15:27:47;Buy;0.02;XAUUSD;3 444.53;3 424.53;3 484.53;2025.06.13 16:58:32;3 424.53;-0.40;;-40.00;[sl]
2025.06.13 02:02:24;Buy;0.02;XAUUSD;3 400.43;3 385.26;3 445.00;2025.06.13 15:35:38;3 445.00;-0.40;;89.14;[tp]
2025.06.12 15:04:29;Buy;0.02;XAUUSD;3 392.23;3 342.23;3 442.23;2025.06.13 04:54:41;3 442.23;-0.40;-0.38;100.00;[tp]
2025.06.13 02:02:14;Buy;0.02;XAUUSD;3 399.02;3 379.02;3 439.02;2025.06.13 04:39:32;3 439.02;-0.40;;80.00;[tp]
2025.06.13 02:03:46;Buy;0.02;XAUUSD;3 403.28;3 373.28;3 433.28;2025.06.13 04:23:48;3 433.28;-0.40;;60.00;[tp]
2025.06.12 12:28:27;Buy;0.02;XAUUSD;3 377.93;3 357.93;3 417.93;2025.06.13 02:54:21;3 417.93;-0.40;-0.38;80.00;[tp]
2025.06.12 12:30:43;Buy;0.02;XAUUSD;3 381.47;3 366.29;3 401.07;2025.06.13 02:02:46;3 401.07;-0.40;-0.38;39.20;[tp]
2025.06.11 22:32:29;Sell Stop;0.02;XAUUSD;3 319.40;3 339.40;3 279.40;2025.06.12 21:45:09;3 387.21;;;;
2025.06.06 16:00:01;Sell;0.02;XAUUSD;3 342.23;3 392.23;3 292.23;2025.06.12 15:04:29;3 392.23;-0.40;-1.10;-100.00;[sl]
2025.06.12 08:23:48;Buy Stop;0.02;XAUUSD;3 381.47;3 366.29;3 401.07;2025.06.12 11:00:26;3 358.65;;;;
2025.06.10 13:21:21;Buy;0.02;XAUUSD;3 342.05;3 312.05;3 372.05;2025.06.12 01:01:06;3 372.05;-0.40;-1.49;60.00;[tp]
2025.06.09 08:23:02;Sell Stop;0.02;XAUUSD;3 315.86;3 335.86;3 275.86;2025.06.11 22:27:26;3 346.69;;;;
2025.06.11 14:30:12;Buy;0.02;XAUUSD;3 349.75;3 329.41;3 389.41;2025.06.11 15:45:28;3 329.03;-0.40;;-41.44;
2025.06.11 14:30:12;Buy;0.02;XAUUSD;3 351.13;3 335.29;3 396.46;2025.06.11 15:02:43;3 335.29;-0.40;;-31.68;[sl]
2025.06.06 16:02:55;Sell;0.02;XAUUSD;3 337.94;3 352.99;3 292.08;2025.06.11 14:30:17;3 352.99;-0.40;-0.54;-30.10;[sl]
2025.06.10 13:12:38;Buy;0.02;XAUUSD;3 338.33;3 318.33;3 378.33;2025.06.11 01:21:15;3 318.33;-0.40;-0.37;-40.00;[sl]
2025.06.10 13:15:37;Buy;0.02;XAUUSD;3 340.24;3 325.06;3 386.24;2025.06.10 17:04:53;3 325.06;-0.40;;-30.36;[sl]
2025.06.10 04:08:21;Sell Stop;0.02;XAUUSD;3 289.85;3 319.85;3 259.85;2025.06.10 14:22:35;3 332.69;;;;
2025.06.06 16:01:54;Sell;0.02;XAUUSD;3 339.75;3 359.75;3 299.75;2025.06.09 02:45:43;3 299.55;-0.40;-0.18;80.40;
2025.06.06 03:19:43;Buy Stop;0.02;XAUUSD;3 403.73;3 383.73;3 443.73;2025.06.09 00:15:46;3 319.58;;;;
2025.06.06 12:39:42;Buy Stop;0.02;XAUUSD;3 377.70;3 362.53;3 423.71;2025.06.08 12:39:00;3 312.64;;;;expiration
2025.06.05 14:53:09;Buy Stop;0.02;XAUUSD;3 400.96;3 370.96;3 430.96;2025.06.07 14:53:00;3 312.64;;;;expiration
2025.06.05 12:05:25;Buy;0.02;XAUUSD;3 392.23;3 342.23;3 442.23;2025.06.05 17:54:13;3 342.09;-0.40;;-100.28;
2025.06.04 16:32:28;Buy;0.02;XAUUSD;3 372.65;3 352.65;3 412.65;2025.06.05 17:38:21;3 352.65;-0.40;-1.12;-40.00;[sl]
2025.06.04 16:35:43;Buy;0.02;XAUUSD;3 374.27;3 359.10;3 420.28;2025.06.05 17:31:35;3 359.10;-0.40;-1.12;-30.34;[sl]
2025.06.03 16:10:48;Sell Stop;0.02;XAUUSD;3 318.10;3 348.10;3 288.10;2025.06.05 14:54:41;3 397.68;;;;
2025.06.05 12:05:42;Buy;0.02;XAUUSD;3 393.53;3 378.30;3 439.49;2025.06.05 14:50:21;3 378.30;-0.40;;-30.46;[sl]
2025.06.04 03:37:04;Buy;0.02;XAUUSD;3 369.14;3 339.14;3 399.14;2025.06.05 12:45:16;3 399.14;-0.40;-1.12;60.00;[tp]
2025.05.30 04:11:09;Buy Stop;0.02;GBPJPY;195.916;192.976;198.534;2025.06.05 02:25:29;193.462;;;;
2025.05.30 04:19:09;Sell Stop;0.02;GBPJPY;192.521;195.916;189.307;2025.06.05 02:25:20;193.426;;;;
2025.06.04 07:38:53;Sell Stop;0.02;XAUUSD;3 332.44;3 347.50;3 286.58;2025.06.04 21:44:44;3 372.84;;;;
2025.06.04 03:26:26;Buy;0.02;XAUUSD;3 364.42;3 349.24;3 410.43;2025.06.04 07:37:42;3 349.24;-0.40;;-30.36;[sl]
2025.06.02 15:43:32;Buy;0.02;XAUUSD;3 365.38;3 335.38;3 395.38;2025.06.03 16:03:09;3 335.38;-0.40;-0.38;-60.00;[sl]
2025.06.02 08:19:06;Buy;0.02;XAUUSD;3 333.11;3 317.83;3 379.68;2025.06.02 20:55:02;3 379.68;-0.40;;93.14;[tp]
2025.06.02 00:11:36;Sell Stop;0.02;XAUUSD;3 271.95;3 291.95;3 231.95;2025.06.02 17:36:40;3 376.71;;;;
2025.06.02 08:18:41;Buy;0.02;XAUUSD;3 330.98;3 310.98;3 370.98;2025.06.02 15:54:08;3 370.98;-0.40;;80.00;[tp]
2025.06.02 07:45:24;Buy;0.02;XAUUSD;3 324.89;3 279.25;3 370.54;2025.06.02 15:54:05;3 370.54;-0.40;;91.30;[tp]
2025.06.02 08:19:06;Buy;0.02;XAUUSD;3 333.11;3 302.61;3 362.61;2025.06.02 14:23:53;3 362.61;-0.40;;59.00;[tp]
2025.06.02 00:13:09;Sell Stop;0.02;XAUUSD;3 267.82;3 282.87;3 221.96;2025.06.02 08:51:10;3 342.97;;;;
2025.05.30 15:55:13;Sell;0.02;XAUUSD;3 279.25;3 324.89;3 236.49;2025.06.02 07:45:24;3 324.89;-0.20;-0.18;-91.28;[sl]
2025.05.30 15:39:28;Sell Stop;0.02;XAUUSD;3 245.61;3 265.61;3 205.61;2025.06.02 00:08:38;3 290.76;;;;
2025.05.30 02:01:16;Buy Stop;0.02;GBPJPY;196.408;191.887;200.629;2025.05.30 04:07:00;194.002;;;;expiration
2025.05.28 18:54:56;Buy Stop;0.02;XAUUSD;3 326.35;3 316.35;3 356.35;2025.05.28 20:06:33;3 296.91;;;;
2025.05.28 07:40:47;Balance;;;;;;;;;;600.00;
2025.05.27 06:12:05;Sell Stop;0.02;XAUUSD;3 321.35;3 331.35;3 291.35;2025.05.27 07:00:17;3 336.90;;;;
2025.05.27 06:11:15;Buy Stop;0.02;XAUUSD;3 371.35;3 361.35;3 401.35;2025.05.27 06:48:03;3 337.35;;;;
2025.05.26 01:54:43;Balance;;;;;;;;;;-100.00;Withdrawal
2025.05.22 02:12:28;Buy;0.02;XAUUSD;3 325.35;3 310.35;3 355.35;2025.05.22 10:59:16;3 310.35;-0.20;;-30.00;[sl]
2025.05.21 12:02:29;Buy Stop;0.02;XAUUSD;3 330.35;3 325.35;3 360.35;2025.05.21 16:38:11;3 305.97;;;;
2025.05.21 11:57:44;Buy Stop;0.02;XAUUSD;3 320.35;3 310.35;3 370.35;2025.05.21 14:33:50;3 311.48;;;;
2025.05.21 05:47:25;Buy Stop;0.02;XAUUSD;3 320.35;3 310.35;3 340.35;2025.05.21 06:22:21;3 305.98;;;;
2025.05.21 05:46:00;Buy Stop;0.02;XAUUSD;3 310.35;3 300.35;3 335.35;2025.05.21 06:20:12;3 305.98;;;;
2025.05.21 02:44:57;Buy Stop;0.02;XAUUSD;3 315.35;3 305.35;3 335.35;2025.05.21 03:25:26;3 299.04;;;;
2025.05.21 03:00:04;Buy;0.02;XAUUSD;3 305.35;3 295.35;3 335.35;2025.05.21 03:16:55;3 295.35;-0.20;;-20.00;[sl]
2025.05.21 02:14:05;Buy Stop;0.02;XAUUSD;3 310.35;3 300.35;3 330.35;2025.05.21 02:20:33;3 296.60;;;;
2025.05.21 00:44:20;Buy Stop;0.02;XAUUSD;3 300.35;3 290.35;3 330.35;2025.05.21 02:15:25;3 291.19;;;;
2025.05.20 15:57:35;Buy;0.02;XAUUSD;3 250.35;3 240.35;3 290.35;2025.05.20 21:24:29;3 290.35;-0.20;;80.00;[tp]
2025.05.20 13:18:08;Buy;0.02;XAUUSD;3 240.35;3 230.35;3 290.35;2025.05.20 21:24:29;3 290.35;-0.20;;100.00;[tp]
2025.05.20 14:35:44;Buy;0.02;XAUUSD;3 250.35;3 240.35;3 290.35;2025.05.20 15:00:03;3 240.35;-0.20;;-20.00;[sl]
2025.05.20 10:32:08;Buy;0.02;XAUUSD;3 225.35;3 215.35;3 245.35;2025.05.20 14:33:14;3 245.35;-0.20;;40.00;[tp]
2025.05.20 13:22:53;Balance;;;;;;;;;;-400.00;Withdrawal
2025.05.20 10:43:19;Buy Stop;0.02;XAUUSD;3 250.35;3 240.35;3 300.35;2025.05.20 13:10:54;3 237.09;;;;
2025.05.20 07:50:45;Sell Stop;0.02;XAUUSD;3 200.35;3 210.35;3 170.35;2025.05.20 10:33:51;3 221.19;;;;
2025.05.20 07:42:37;Sell;0.02;XAUUSD;3 210.35;3 220.35;3 170.35;2025.05.20 09:38:35;3 220.35;-0.20;;-20.00;[sl]
2025.05.19 10:01:37;Buy Stop;0.02;XAUUSD;3 250.35;3 240.35;3 295.35;2025.05.20 03:59:41;3 231.13;;;;
2025.05.19 18:40:29;Buy Stop;0.02;XAUUSD;3 240.35;3 230.35;3 290.35;2025.05.20 03:59:36;3 231.13;;;;
2025.05.19 16:28:42;Buy Stop;0.02;XAUUSD;3 240.35;3 230.35;3 290.35;2025.05.19 18:30:33;3 230.60;;;;
2025.05.19 10:57:45;Buy Stop;0.02;XAUUSD;3 260.35;3 250.35;3 295.35;2025.05.19 15:08:03;3 235.58;;;;
2025.05.19 05:39:12;Sell;0.02;XAUUSD;3 220.35;3 230.35;3 190.35;2025.05.19 08:19:27;3 230.55;-0.20;;-20.40;
2025.05.19 07:04:18;Sell Stop;0.02;XAUUSD;3 210.35;3 220.35;3 190.35;2025.05.19 08:17:47;3 225.04;;;;
2025.05.19 05:49:08;Sell;0.02;XAUUSD;3 210.35;3 220.35;3 190.35;2025.05.19 07:01:54;3 220.35;-0.20;;-20.00;[sl]
2025.05.19 02:12:35;Buy Stop;0.02;XAUUSD;3 260.35;3 250.35;3 300.35;2025.05.19 04:56:28;3 227.05;;;;
2025.05.19 02:10:55;Buy Stop;0.02;XAUUSD;3 250.35;3 240.35;3 300.35;2025.05.19 03:56:26;3 229.00;;;;
2025.05.16 12:21:57;Buy Stop;0.02;XAUUSD;3 220.35;3 210.35;3 240.35;2025.05.16 13:28:16;3 173.41;;;;
2025.05.16 12:20:41;Buy Stop;0.02;XAUUSD;3 210.35;3 200.35;3 240.35;2025.05.16 12:58:42;3 177.90;;;;
2025.05.16 06:43:34;Buy Stop;0.02;XAUUSD;3 260.35;3 240.38;3 310.35;2025.05.16 12:07:24;3 207.79;;;;
2025.05.15 21:29:43;Buy;0.02;XAUUSD;3 230.35;3 220.35;3 260.35;2025.05.16 03:44:25;3 220.35;-0.20;-0.36;-20.00;[sl]
2025.05.15 04:47:07;Sell;0.02;XAUUSD;3 151.35;3 161.35;3 131.35;2025.05.15 07:45:10;3 131.35;-0.20;;40.00;[tp]
2025.05.15 04:33:54;Sell;0.02;XAUUSD;3 161.35;3 171.35;3 131.35;2025.05.15 07:45:10;3 131.35;-0.20;;60.00;[tp]
2025.05.14 14:46:04;Sell;0.02;XAUUSD;3 194.35;3 204.35;3 174.35;2025.05.14 18:42:09;3 174.35;-0.20;;40.00;[tp]
2025.05.14 14:36:35;Sell;0.02;XAUUSD;3 204.35;3 214.35;3 174.35;2025.05.14 18:42:09;3 174.35;-0.20;;60.00;[tp]
2025.05.13 17:58:02;Buy Stop;0.02;XAUUSD;3 267.35;3 257.35;3 317.35;2025.05.14 14:28:45;3 220.30;;;;
2025.05.14 10:11:04;Balance;;;;;;;;;;5.00;
2025.05.13 13:44:46;Buy Stop;0.02;XAUUSD;3 257.35;3 247.35;3 307.35;2025.05.13 13:58:57;3 254.59;;;;
2025.05.13 12:23:23;Buy Stop;0.02;XAUUSD;3 267.35;3 257.35;3 317.35;2025.05.13 13:58:53;3 256.53;;;;
2025.05.13 09:54:07;Buy Stop;0.02;XAUUSD;3 266.35;3 256.35;3 316.35;2025.05.13 11:38:44;3 252.47;;;;
2025.05.13 09:59:58;Buy Stop;0.02;XAUUSD;3 276.35;3 266.35;3 316.35;2025.05.13 10:06:23;3 259.54;;;;
2025.05.13 03:44:27;Sell;0.02;XAUUSD;3 219.35;3 229.35;3 189.35;2025.05.13 04:13:51;3 229.35;-0.20;;-20.00;[sl]
2025.05.13 00:00:15;Buy;0.02;XAUUSD;3 239.35;3 219.35;3 269.35;2025.05.13 03:44:27;3 219.35;-0.20;;-40.00;[sl]
2025.05.12 17:06:40;Buy Stop;0.02;XAUUSD;3 249.35;3 239.35;3 269.35;2025.05.13 03:26:10;3 235.65;;;;
2025.05.12 17:44:19;Buy Stop;0.02;XAUUSD;3 259.35;3 249.35;3 309.35;2025.05.12 18:38:18;3 229.07;;;;
2025.05.12 13:40:29;Sell Stop;0.02;XAUUSD;3 209.35;3 219.35;3 189.35;2025.05.12 13:59:07;3 224.53;;;;
2025.05.12 11:42:13;Sell;0.02;XAUUSD;3 219.35;3 229.35;3 189.35;2025.05.12 13:55:37;3 229.35;-0.20;;-20.00;[sl]
2025.05.12 12:41:49;Sell;0.02;XAUUSD;3 209.35;3 219.35;3 189.35;2025.05.12 13:05:03;3 219.35;-0.20;;-20.00;[sl]
2025.05.12 07:25:39;Buy Stop;0.02;XAUUSD;3 284.35;3 274.35;3 314.35;2025.05.12 09:37:50;3 243.32;;;;
2025.05.12 09:00:52;Sell;0.02;XAUUSD;3 259.35;3 269.35;3 229.35;2025.05.12 09:26:56;3 229.35;-0.20;;60.00;[tp]
2025.05.12 03:35:03;Sell Stop;0.02;XAUUSD;3 259.35;3 269.35;3 229.35;2025.05.12 03:41:22;3 268.37;;;;
2025.05.09 07:56:57;Buy;0.02;XAUUSD;3 320.35;3 310.35;3 350.35;2025.05.12 00:00:14;3 308.15;-0.20;-0.37;-24.40;
2025.05.09 18:47:31;Buy Stop;0.02;XAUUSD;3 350.35;3 340.35;3 400.35;2025.05.11 18:47:00;3 327.06;;;;expiration
2025.05.09 16:16:55;Sell Stop;0.02;XAUUSD;3 320.35;3 334.35;3 290.35;2025.05.09 17:03:01;3 338.40;;;;
2025.05.09 13:06:44;Buy;0.02;XAUUSD;3 330.35;3 320.35;3 350.35;2025.05.09 16:15:26;3 320.35;-0.20;;-20.00;[sl]
2025.05.09 09:11:39;Buy;0.02;XAUUSD;3 330.35;3 320.35;3 350.35;2025.05.09 10:16:38;3 320.35;-0.20;;-20.00;[sl]
2025.05.09 04:09:38;Sell;0.02;XAUUSD;3 284.35;3 294.35;3 254.35;2025.05.09 04:37:59;3 294.35;-0.20;;-20.00;[sl]
2025.05.09 03:42:29;Sell Limit;0.02;XAUUSD;3 384.35;3 394.35;3 354.35;2025.05.09 03:43:33;3 291.55;;;;
2025.05.08 18:18:56;Sell;0.02;XAUUSD;3 309.35;3 319.35;3 289.35;2025.05.08 21:22:00;3 289.35;-0.20;;40.00;[tp]
2025.05.08 18:14:00;Sell Limit;0.02;XAUUSD;3 319.35;3 329.35;3 289.35;2025.05.08 18:16:39;3 315.97;;;;
2025.05.08 08:14:15;Sell;0.02;XAUUSD;3 348.31;3 359.35;3 319.35;2025.05.08 15:03:11;3 359.35;-0.20;;-22.08;[sl]
2025.05.08 08:17:26;Sell;0.02;XAUUSD;3 338.11;3 348.31;3 318.31;2025.05.08 09:38:46;3 348.31;-0.20;;-20.40;[sl]
2025.05.08 05:10:06;Buy Stop;0.02;XAUUSD;3 409.35;3 399.35;3 434.35;2025.05.08 07:12:43;3 380.48;;;;
2025.05.08 06:10:36;Buy Stop;0.02;XAUUSD;3 399.35;3 389.35;3 429.35;2025.05.08 06:50:03;3 392.82;;;;
2025.05.08 05:11:56;Buy Stop;0.02;XAUUSD;3 419.35;3 409.35;3 434.35;2025.05.08 05:28:11;3 399.17;;;;
2025.05.07 08:55:53;Sell;0.02;XAUUSD;3 389.35;3 399.35;3 339.35;2025.05.08 03:51:49;3 399.35;-0.20;-0.56;-20.00;[sl]
2025.05.07 20:45:50;Sell;0.02;XAUUSD;3 379.35;3 389.35;3 349.35;2025.05.08 03:02:03;3 389.35;-0.20;-0.56;-20.00;[sl]
2025.05.07 20:03:22;Buy Stop;0.02;XAUUSD;3 399.35;3 389.35;3 419.35;2025.05.07 20:14:19;3 390.83;;;;
2025.05.07 19:16:24;Sell Stop;0.02;XAUUSD;3 379.35;3 389.35;3 349.35;2025.05.07 20:02:38;3 385.17;;;;
2025.05.07 18:16:03;Sell;0.02;XAUUSD;3 379.35;3 389.35;3 349.35;2025.05.07 18:48:50;3 389.35;-0.20;;-20.00;[sl]
2025.05.07 16:20:03;Sell;0.02;XAUUSD;3 379.35;3 389.35;3 344.35;2025.05.07 16:39:28;3 389.35;-0.20;;-20.00;[sl]
2025.05.07 15:02:38;Sell Stop;0.02;XAUUSD;3 379.35;3 389.35;3 344.35;2025.05.07 15:47:05;3 383.86;;;;
2025.05.07 14:13:14;Buy Stop;0.02;XAUUSD;3 399.35;3 389.35;3 419.35;2025.05.07 15:01:28;3 389.94;;;;
2025.05.07 11:27:34;Sell Stop;0.02;XAUUSD;3 369.35;3 379.35;3 344.35;2025.05.07 13:38:01;3 387.95;;;;
2025.05.07 10:35:03;Sell Stop;0.02;XAUUSD;3 379.35;3 389.35;3 339.35;2025.05.07 10:47:40;3 384.95;;;;
2025.05.07 03:20:18;Sell;0.02;XAUUSD;3 369.35;3 379.35;3 339.35;2025.05.07 04:17:16;3 379.35;-0.20;;-20.00;[sl]
2025.05.07 03:11:10;Sell Stop;0.02;XAUUSD;3 359.35;3 369.35;3 339.35;2025.05.07 03:55:32;3 370.62;;;;
2025.05.07 02:40:13;Sell;0.02;XAUUSD;3 374.00;3 384.35;3 349.35;2025.05.07 03:03:54;3 384.35;-0.20;;-20.70;[sl]
2025.05.06 17:47:17;Sell Stop;0.02;XAUUSD;3 379.35;3 389.35;3 349.35;2025.05.06 18:10:30;3 393.36;;;;
2025.05.06 14:40:14;Buy;0.02;XAUUSD;3 389.35;3 384.35;3 419.35;2025.05.06 16:29:39;3 384.35;-0.20;;-10.00;[sl]
2025.05.06 15:23:51;Buy Stop;0.02;XAUUSD;3 419.35;3 409.35;3 469.35;2025.05.06 15:27:46;3 395.81;;;;
2025.05.06 03:01:14;Buy;0.02;XAUUSD;3 339.35;3 329.35;3 389.35;2025.05.06 14:40:23;3 389.35;-0.20;;100.00;[tp]
2025.05.06 05:24:33;Buy Stop;0.02;XAUUSD;3 389.35;3 379.35;3 439.35;2025.05.06 06:47:23;3 359.00;;;;
2025.05.05 21:21:01;Buy;0.02;XAUUSD;3 329.35;3 319.35;3 379.35;2025.05.06 03:42:16;3 379.35;-0.20;-0.37;100.00;[tp]
2025.05.05 14:42:24;Buy Stop;0.02;XAUUSD;3 324.35;3 319.35;3 349.35;2025.05.05 15:02:19;3 321.22;;;;
2025.05.05 14:21:09;Buy Stop;0.02;XAUUSD;3 324.35;3 314.35;3 349.35;2025.05.05 14:31:48;3 318.99;;;;
2025.05.05 13:34:31;Balance;;;;;;;;;;183.00;
2025.05.05 13:00:58;Buy Stop;0.02;XAUUSD;3 319.35;3 309.35;3 349.35;2025.05.05 13:26:49;3 317.44;;;;
2025.05.05 13:04:49;Buy Stop;0.02;XAUUSD;3 329.35;3 319.35;3 349.35;2025.05.05 13:13:50;3 314.60;;;;
2025.05.05 11:01:11;Buy;0.02;XAUUSD;3 284.35;3 274.35;3 304.35;2025.05.05 11:30:30;3 304.35;-0.20;;40.00;[tp]
2025.05.05 10:38:05;Buy;0.02;XAUUSD;3 274.35;3 264.35;3 304.35;2025.05.05 11:30:30;3 304.35;-0.20;;60.00;[tp]
2025.05.05 09:05:32;Sell;0.02;XAUUSD;3 259.35;3 269.35;3 229.35;2025.05.05 10:23:56;3 269.35;-0.20;;-20.00;[sl]
2025.05.05 09:06:25;Sell Stop;0.02;XAUUSD;3 249.35;3 259.35;3 229.35;2025.05.05 09:41:33;3 262.32;;;;
2025.05.05 04:50:39;Buy Stop;0.02;XAUUSD;3 274.35;3 264.35;3 304.35;2025.05.05 09:05:44;3 260.79;;;;
2025.05.05 07:00:40;Sell Stop;0.02;XAUUSD;3 249.35;3 259.35;3 229.35;2025.05.05 08:57:42;3 260.53;;;;
2025.05.02 18:47:06;Sell;0.02;XAUUSD;3 229.35;3 239.35;3 179.35;2025.05.02 19:24:55;3 239.35;-0.20;;-20.00;[sl]
2025.05.02 16:36:54;Buy Stop;0.02;XAUUSD;3 274.35;3 264.35;3 309.35;2025.05.02 17:36:32;3 250.94;;;;
2025.05.02 04:51:56;Buy;0.02;XAUUSD;3 249.35;3 239.35;3 279.35;2025.05.02 17:36:15;3 239.35;-0.20;;-20.00;[sl]
2025.05.02 09:32:39;Buy;0.02;XAUUSD;3 259.35;3 249.35;3 279.35;2025.05.02 15:00:05;3 249.35;-0.20;;-20.00;[sl]
2025.05.02 08:19:24;Buy;0.02;XAUUSD;3 259.35;3 249.35;3 279.35;2025.05.02 08:50:00;3 249.35;-0.20;;-20.00;[sl]
2025.05.02 02:28:18;Buy;0.02;XAUUSD;3 244.35;3 234.35;3 269.35;2025.05.02 02:47:38;3 234.35;-0.20;;-20.00;[sl]
2025.05.01 17:45:43;Sell Stop;0.02;XAUUSD;3 199.35;3 209.35;3 179.35;2025.05.01 17:58:52;3 217.52;;;;
2025.05.01 02:35:00;Sell;0.02;XAUUSD;3 248.67;3 258.67;3 228.67;2025.05.01 06:02:02;3 228.67;-0.20;;40.00;[tp]
2025.05.01 02:24:32;Sell;0.02;XAUUSD;3 258.67;3 269.35;3 229.35;2025.05.01 05:59:35;3 229.35;-0.20;;58.64;[tp]
2025.04.30 15:23:07;Sell;0.01;XAUUSD;3 302.68;3 332.68;3 252.68;2025.05.01 02:30:30;3 252.68;-0.10;-0.27;50.00;[tp]
2025.04.28 09:57:49;Sell;0.02;EURNZD;1.91175;1.92975;1.87675;2025.04.30 14:16:29;1.92206;-0.20;-0.19;-12.21;
2025.04.28 11:54:18;Sell Stop;0.02;EURNZD;1.90175;1.91375;1.87675;2025.04.30 11:54:00;1.91760;;;;expiration
2025.04.29 04:12:57;Sell Limit;0.01;XAUUSD;3 335.00;3 355.00;3 305.00;2025.04.29 18:49:57;3 325.84;;;;
2025.04.29 14:20:02;Sell;0.01;XAUUSD;3 304.97;3 325.00;3 285.00;2025.04.29 18:39:01;3 325.00;-0.10;;-20.03;[sl]
2025.04.29 05:08:13;Sell Limit;0.01;XAUUSD;3 325.00;3 345.00;3 305.00;2025.04.29 07:50:21;3 313.74;;;;
2025.04.28 14:25:24;Sell;0.01;XAUUSD;3 300.08;3 330.08;3 250.08;2025.04.28 16:40:56;3 330.08;-0.10;;-30.00;[sl]
2025.04.28 12:51:13;Sell;0.01;XAUUSD;3 290.08;3 315.08;3 260.08;2025.04.28 16:25:17;3 315.08;-0.10;;-25.00;[sl]
2025.04.28 09:41:58;Buy;0.01;XAUUSD;3 287.00;3 278.00;3 298.00;2025.04.28 11:28:16;3 278.00;-0.10;;-9.00;[sl]
2025.04.28 04:46:20;Buy Limit;0.01;XAUUSD;3 276.50;3 262.50;3 296.50;2025.04.28 06:38:26;3 293.86;;;;
2025.04.28 02:29:49;Balance;;;;;;;;;;-1 000.00;Withdrawal
2025.04.25 19:18:23;Sell;0.01;XAUUSD;3 288.80;3 316.80;3 248.80;2025.04.25 22:54:34;3 316.80;-0.10;-0.09;-28.00;[sl]
2025.04.25 16:51:23;Sell;0.01;XAUUSD;3 276.80;3 306.80;3 236.80;2025.04.25 21:43:28;3 306.80;-0.10;;-30.00;[sl]
2025.04.25 14:04:01;Buy Stop;0.02;XAUUSD;3 306.50;3 296.50;3 329.62;2025.04.25 19:16:08;3 285.03;;;;
2025.04.25 05:49:10;Sell Limit;0.01;XAUUSD;3 342.69;3 372.69;3 312.69;2025.04.25 16:16:58;3 283.89;;;;
2025.04.25 10:46:01;Sell;0.01;XAUUSD;3 304.01;3 314.01;3 284.01;2025.04.25 15:01:41;3 284.01;-0.10;;20.00;[tp]
2025.04.25 12:21:34;Buy Stop;0.02;XAUUSD;3 314.20;3 302.00;3 364.20;2025.04.25 13:14:55;3 300.01;;;;
2025.04.25 05:57:02;Sell;0.02;XAUUSD;3 332.88;3 342.88;3 282.88;2025.04.25 12:23:17;3 302.16;-0.20;;61.44;
2025.04.25 10:36:36;Buy Stop;0.02;XAUUSD;3 314.50;3 302.50;3 335.10;2025.04.25 11:12:07;3 306.49;;;;
2025.04.24 21:37:00;Buy;0.02;XAUUSD;3 340.28;3 332.28;3 379.08;2025.04.25 05:57:09;3 332.28;-0.20;-0.37;-16.00;[sl]
2025.04.25 04:14:25;Sell Limit;0.01;XAUUSD;3 357.19;3 372.19;3 327.19;2025.04.25 04:24:25;3 348.90;;;;cancelled
2025.04.24 15:00:02;Sell;0.02;XAUUSD;3 335.03;3 345.88;3 296.85;2025.04.24 21:54:57;3 345.88;-0.20;;-21.70;[sl]
2025.04.24 10:41:53;Buy;0.01;XAUUSD;3 337.50;3 317.50;3 357.50;2025.04.24 15:44:08;3 317.50;-0.10;;-20.00;[sl]
2025.04.24 13:29:24;Buy;0.02;XAUUSD;3 342.50;3 332.50;3 392.50;2025.04.24 15:01:35;3 332.50;-0.20;;-20.00;[sl]
2025.04.24 13:43:06;Sell Stop;0.02;XAUUSD;3 334.20;3 346.20;3 290.20;2025.04.24 14:01:18;3 336.34;;;;
2025.04.24 11:38:42;Sell;0.02;XAUUSD;3 329.16;3 339.16;3 305.50;2025.04.24 13:23:17;3 339.16;-0.20;;-20.00;[sl]
2025.04.24 10:46:56;Buy;0.02;XAUUSD;3 339.62;3 329.62;3 389.62;2025.04.24 11:35:20;3 329.62;-0.20;;-20.00;[sl]
2025.04.23 21:17:31;Buy;0.02;XAUUSD;3 292.50;3 279.50;3 317.50;2025.04.24 02:09:09;3 317.50;-0.20;-1.10;50.00;[tp]
2025.04.23 19:31:29;Sell;0.02;XAUUSD;3 279.72;3 290.77;3 265.54;2025.04.23 21:10:00;3 290.77;-0.20;;-22.10;[sl]
2025.04.23 18:36:24;Buy;0.02;XAUUSD;3 296.11;3 284.11;3 346.11;2025.04.23 19:17:38;3 284.11;-0.20;;-24.00;[sl]
2025.04.23 14:33:17;Buy Stop;0.01;XAUUSD;3 330.32;3 312.32;3 348.32;2025.04.23 16:08:41;3 285.01;;;;
2025.04.23 14:57:02;Sell;0.02;XAUUSD;3 313.48;3 323.48;3 293.48;2025.04.23 15:38:24;3 293.48;-0.20;;40.00;[tp]
2025.04.16 04:11:34;Sell;0.02;GBPJPY;188.960;190.460;184.460;2025.04.23 14:48:18;188.574;-0.20;-0.64;5.45;
2025.04.16 10:27:51;Sell;0.02;AUDJPY;90.642;93.242;86.742;2025.04.23 14:48:14;90.871;-0.20;-0.43;-3.23;
2025.04.22 07:04:42;Sell;0.02;GBPJPY;187.960;190.461;183.959;2025.04.23 14:48:09;188.567;-0.20;-0.09;-8.57;
2025.04.23 10:13:36;Buy;0.01;XAUUSD;3 308.32;3 288.32;3 348.32;2025.04.23 14:48:02;3 319.76;-0.10;;11.44;
2025.04.23 14:04:14;Sell;0.02;XAUUSD;3 321.88;3 331.88;3 305.88;2025.04.23 14:26:51;3 331.88;-0.20;;-20.00;[sl]
2025.04.23 13:18:14;Buy;0.02;XAUUSD;3 335.62;3 325.62;3 354.10;2025.04.23 13:54:49;3 325.62;-0.20;;-20.00;[sl]
2025.04.23 04:21:40;Buy;0.01;XAUUSD;3 369.75;3 357.75;3 392.75;2025.04.23 04:47:40;3 357.75;-0.10;;-12.00;[sl]
2025.04.23 01:05:32;Buy;0.02;XAUUSD;3 336.58;3 326.58;3 376.58;2025.04.23 03:00:26;3 376.58;-0.20;;80.00;[tp]
2025.04.23 00:11:54;Buy;0.02;XAUUSD;3 344.04;3 334.04;3 374.04;2025.04.23 00:14:37;3 334.04;-0.20;;-20.00;[sl]
2025.04.22 13:44:53;Sell;0.02;AUDJPY;89.642;90.642;88.041;2025.04.23 00:00:10;90.868;-0.20;-0.06;-17.19;
2025.04.22 14:39:17;Sell;0.02;XAUUSD;3 448.12;3 458.12;3 411.50;2025.04.22 15:45:01;3 411.50;-0.20;;73.24;[tp]
2025.04.22 15:16:09;Buy Stop;0.02;XAUUSD;3 451.43;3 441.43;3 501.43;2025.04.22 15:27:24;3 441.91;;;;
2025.04.22 11:07:31;Buy;0.02;XAUUSD;3 454.21;3 444.24;3 494.11;2025.04.22 14:41:19;3 444.24;-0.20;;-19.94;[sl]
2025.04.22 04:09:30;Buy Limit;0.01;XAUUSD;3 433.96;3 413.96;3 463.96;2025.04.22 14:36:41;3 452.83;;;;cancelled
2025.04.22 13:00:14;Sell;0.02;XAUUSD;3 451.07;3 463.07;3 427.55;2025.04.22 14:20:19;3 463.07;-0.20;;-24.00;[sl]
2025.04.22 10:56:11;Buy;0.01;XAUUSD;3 443.96;3 413.96;3 493.96;2025.04.22 13:25:53;3 452.75;-0.10;;8.79;
2025.04.22 09:32:48;Buy;0.02;XAUUSD;3 472.61;3 460.61;3 495.10;2025.04.22 10:36:18;3 460.61;-0.20;;-24.00;[sl]
2025.04.22 09:05:38;Sell;0.02;XAUUSD;3 472.86;3 483.54;3 463.54;2025.04.22 09:14:12;3 463.54;-0.20;;18.64;[tp]
2025.04.22 08:41:22;Buy;0.02;XAUUSD;3 483.32;3 473.32;3 520.10;2025.04.22 09:05:38;3 472.86;-0.20;;-20.92;
2025.04.22 07:44:42;Buy;0.02;XAUUSD;3 488.42;3 477.10;3 510.10;2025.04.22 08:38:22;3 477.10;-0.20;;-22.64;[sl]
2025.04.21 19:30:27;Buy;0.02;XAUUSD;3 415.75;3 405.75;3 444.05;2025.04.22 01:35:25;3 444.05;-0.20;-0.38;56.60;[tp]
2025.04.21 17:00:27;Buy;0.02;XAUUSD;3 418.61;3 407.10;3 461.10;2025.04.21 19:06:59;3 407.10;-0.20;;-23.02;[sl]
2025.04.21 15:53:38;Buy;0.02;XAUUSD;3 424.72;3 412.72;3 451.10;2025.04.21 16:47:43;3 412.72;-0.20;;-24.00;[sl]
2025.04.21 09:55:21;Buy Limit;0.01;XAUUSD;3 382.79;3 367.79;3 402.79;2025.04.21 13:56:39;3 399.57;;;;
2025.04.21 08:03:35;Buy;0.02;XAUUSD;3 386.42;3 376.42;3 403.10;2025.04.21 13:43:54;3 403.10;-0.20;;33.36;[tp]
2025.04.21 03:39:58;Buy;0.02;XAUUSD;3 376.42;3 365.73;3 403.10;2025.04.21 13:43:54;3 403.10;-0.20;;53.36;[tp]
2025.04.18 13:54:15;Buy Stop;0.02;USDJPY;143.056;142.056;145.415;2025.04.21 09:07:57;140.808;;;;
2025.04.18 04:59:15;Sell;0.02;EURNZD;1.91541;1.92642;1.89541;2025.04.21 04:28:04;1.92642;-0.20;-0.09;-13.16;[sl]
2025.04.16 17:24:37;Sell;0.02;USDJPY;142.777;143.777;140.777;2025.04.21 04:21:56;140.777;-0.20;-0.55;28.41;[tp]
2025.04.17 17:02:14;Buy;0.02;XAUUSD;3 297.26;3 285.26;3 347.26;2025.04.21 00:18:57;3 347.26;-0.20;-0.74;100.00;[tp]
2025.04.18 04:36:26;Sell Stop;0.02;USDJPY;141.777;142.777;140.777;2025.04.20 04:36:00;142.138;;;;expiration
2025.04.17 15:57:09;Sell;0.02;XAUUSD;3 312.50;3 322.50;3 302.50;2025.04.17 16:29:39;3 302.50;-0.20;;20.00;[tp]
2025.04.17 11:20:09;Buy;0.02;XAUUSD;3 325.06;3 313.99;3 360.10;2025.04.17 15:56:56;3 313.99;-0.20;;-22.14;[sl]
2025.04.17 14:30:10;Sell Stop;0.02;XAUUSD;3 320.50;3 330.50;3 300.50;2025.04.17 14:31:22;3 324.66;;;;
2025.04.17 07:43:49;Buy Stop;0.02;XAUUSD;3 344.30;3 334.10;3 374.10;2025.04.17 12:45:38;3 325.53;;;;
2025.04.17 04:04:24;Buy;0.02;XAUUSD;3 330.10;3 320.10;3 357.23;2025.04.17 09:14:26;3 320.10;-0.20;;-20.00;[sl]
2025.04.15 06:30:39;Sell Limit;0.02;AUDJPY;91.742;93.242;87.242;2025.04.17 06:30:00;90.575;;;;expiration
2025.04.16 22:51:08;Buy;0.02;XAUUSD;3 342.36;3 332.36;3 362.36;2025.04.17 03:31:29;3 332.36;-0.20;;-20.00;[sl]
2025.04.16 10:47:44;Buy;0.02;XAUUSD;3 300.10;3 290.10;3 350.10;2025.04.17 00:02:45;3 350.10;-0.20;-1.11;100.00;[tp]
2025.04.16 15:56:37;Buy;0.02;XAUUSD;3 313.61;3 301.10;3 334.10;2025.04.16 20:22:53;3 334.24;-0.20;;41.26;
2025.04.16 13:46:59;Buy;0.02;XAUUSD;3 310.10;3 300.10;3 330.10;2025.04.16 15:24:15;3 300.10;-0.20;;-20.00;[sl]
2025.04.16 09:58:41;Buy;0.02;XAUUSD;3 300.30;3 290.30;3 350.30;2025.04.16 10:31:42;3 290.30;-0.20;;-20.00;[sl]
2025.04.16 09:30:14;Buy Limit;0.02;XAUUSD;2 300.30;2 290.30;2 350.30;2025.04.16 09:56:49;3 300.04;;;;
2025.04.16 05:50:44;Buy;0.02;XAUUSD;3 278.30;3 268.30;3 297.26;2025.04.16 09:07:46;3 297.26;-0.20;;37.92;[tp]
2025.04.15 11:04:05;Buy Stop;0.02;XAUUSD;3 232.47;3 222.47;3 254.89;2025.04.15 12:27:09;3 224.67;;;;
2025.04.15 09:32:05;Sell;0.02;XAUUSD;3 218.10;3 230.10;3 176.27;2025.04.15 10:10:41;3 230.10;-0.20;;-24.00;[sl]
2025.04.15 09:14:14;Sell Stop;0.02;XAUUSD;3 220.10;3 230.50;3 176.03;2025.04.15 09:18:06;3 222.45;;;;
2025.04.14 15:30:14;Buy Stop;0.02;XAUUSD;3 207.30;3 197.30;3 257.30;2025.04.14 15:31:01;3 202.30;;;;cancelled
2025.04.11 09:07:23;Buy;0.02;XAUUSD;3 211.81;3 197.81;3 261.81;2025.04.14 15:13:30;3 197.81;-0.20;-0.36;-28.00;[sl]
2025.04.14 07:58:27;Buy;0.02;XAUUSD;3 235.08;3 224.08;3 257.08;2025.04.14 10:02:23;3 224.08;-0.20;;-22.00;[sl]
2025.04.11 14:29:17;Buy;0.02;XAUUSD;3 224.64;3 214.32;3 261.81;2025.04.14 00:01:45;3 214.32;-0.20;-0.36;-20.64;[sl]
2025.04.08 02:36:03;Sell;0.02;GBPJPY;188.275;190.461;183.959;2025.04.11 17:22:00;187.443;-0.20;-0.45;11.59;
2025.04.11 12:43:44;Buy;0.01;XAUUSD;3 218.42;3 188.42;3 248.42;2025.04.11 17:21:51;3 236.15;-0.10;;17.73;
2025.04.11 14:30:59;Buy;0.01;XAUUSD;3 228.42;3 208.42;3 248.42;2025.04.11 17:21:43;3 235.75;-0.10;;7.33;
2025.04.10 16:43:48;Sell;0.01;EURJPY;161.267;163.124;157.624;2025.04.11 10:50:26;163.124;-0.10;-0.04;-13.06;[sl]
2025.04.10 16:43:38;Sell;0.01;EURJPY;161.276;163.124;157.624;2025.04.11 10:50:26;163.124;-0.10;-0.04;-12.99;[sl]
2025.04.11 08:37:24;Buy;0.02;XAUUSD;3 201.81;3 190.81;3 220.01;2025.04.11 10:21:49;3 220.01;-0.20;;36.40;[tp]
2025.04.11 07:40:41;Sell;0.02;XAUUSD;3 204.82;3 214.82;3 192.82;2025.04.11 07:44:43;3 192.82;-0.20;;24.00;[tp]
2025.04.11 04:21:58;Buy;0.02;XAUUSD;3 219.63;3 206.63;3 269.63;2025.04.11 07:04:55;3 206.63;-0.20;;-26.00;[sl]
2025.04.10 14:05:05;Buy;0.02;XAUUSD;3 126.43;3 114.43;3 171.05;2025.04.10 17:30:04;3 171.05;-0.20;;89.24;[tp]
2025.04.10 04:22:04;Buy;0.02;EURNZD;1.94155;1.93055;1.96656;2025.04.10 05:58:03;1.93055;-0.20;;-12.52;[sl]
2025.04.09 19:22:56;Sell;0.02;GBPJPY;186.960;188.960;183.960;2025.04.09 20:08:09;188.960;-0.20;;-26.98;[sl]
2025.04.09 12:20:35;Sell;0.02;EURJPY;160.024;161.524;157.624;2025.04.09 19:36:30;161.524;-0.20;;-20.39;[sl]
2025.04.09 10:12:48;Buy;0.02;XAUUSD;3 047.33;3 037.33;3 070.10;2025.04.09 13:01:49;3 037.33;-0.20;;-20.00;[sl]
2025.04.09 06:29:25;Sell;0.01;XAUUSD;3 008.07;3 025.96;2 966.96;2025.04.09 07:33:08;3 017.48;-0.10;;-9.41;
2025.04.07 16:10:35;Sell;0.02;GBPJPY;188.960;190.460;185.960;2025.04.09 02:17:45;185.960;-0.20;-0.18;41.24;[tp]
2025.04.08 18:00:12;Sell;0.02;XAUUSD;3 000.96;3 025.96;2 966.96;2025.04.09 00:21:52;2 985.03;-0.20;-0.17;31.86;
2025.04.08 13:54:14;Sell;0.02;XAUUSD;3 016.96;3 046.96;2 966.96;2025.04.09 00:21:47;2 984.86;-0.20;-0.17;64.20;
2025.04.07 04:45:28;Sell Limit;0.01;GBPJPY;188.960;190.460;185.960;2025.04.07 08:15:23;188.203;;;;cancelled
2025.04.04 17:40:03;Buy Stop;0.02;XAUUSD;3 035.68;3 020.68;3 085.68;2025.04.04 17:40:38;3 022.89;;;;cancelled
2025.04.04 16:20:00;Buy;0.02;XAUUSD;3 048.50;3 038.50;3 098.50;2025.04.04 16:28:06;3 053.13;-0.20;;9.26;
2025.04.04 15:04:28;Buy;0.02;XAUUSD;3 079.30;3 069.30;3 129.30;2025.04.04 15:35:25;3 068.94;-0.20;;-20.72;
2025.04.04 11:01:07;Buy;0.02;XAUUSD;3 087.27;3 077.27;3 137.27;2025.04.04 14:40:38;3 077.27;-0.20;;-20.00;[sl]
2025.04.04 13:49:45;Buy;0.02;XAUUSD;3 109.80;3 099.80;3 159.80;2025.04.04 14:04:59;3 099.80;-0.20;;-20.00;[sl]
2025.04.04 12:32:03;Buy;0.02;XAUUSD;3 110.05;3 100.05;3 160.05;2025.04.04 13:45:36;3 100.05;-0.20;;-20.00;[sl]
2025.04.04 09:10:18;Buy Stop;0.02;XAUUSD;3 109.21;3 099.21;3 159.21;2025.04.04 12:25:05;3 091.74;;;;
2025.04.04 10:05:38;Buy;0.02;XAUUSD;3 093.50;3 083.50;3 143.50;2025.04.04 10:21:46;3 083.50;-0.20;;-20.00;[sl]
2025.04.04 06:14:00;Buy;0.02;XAUUSD;3 100.70;3 088.40;3 150.70;2025.04.04 10:02:35;3 088.40;-0.20;;-24.60;[sl]
2025.04.03 22:39:24;Buy;0.02;XAUUSD;3 113.75;3 100.50;3 163.75;2025.04.04 04:37:13;3 100.50;-0.20;;-26.50;[sl]
2025.04.03 17:43:40;Buy;0.02;XAUUSD;3 112.63;3 102.59;3 162.63;2025.04.03 18:23:38;3 102.59;-0.20;;-20.08;[sl]
2025.04.03 16:46:31;Buy;0.02;XAUUSD;3 132.32;3 120.32;3 173.10;2025.04.03 17:09:23;3 120.32;-0.20;;-24.00;[sl]
2025.04.03 14:48:33;Buy;0.02;XAUUSD;3 072.92;3 060.18;3 112.10;2025.04.03 15:12:10;3 060.18;-0.20;;-25.48;[sl]
2025.04.03 12:03:02;Buy Stop;0.02;XAUUSD;3 102.50;3 092.50;3 152.50;2025.04.03 13:16:49;3 107.28;;;;
2025.04.03 10:07:07;Buy;0.02;XAUUSD;3 131.45;3 121.45;3 173.10;2025.04.03 12:00:02;3 121.45;-0.20;;-20.00;[sl]
2025.04.03 04:44:43;Buy Stop;0.02;XAUUSD;3 150.15;3 140.15;3 185.10;2025.04.03 08:58:41;3 125.46;;;;
2025.04.03 08:26:36;Buy Stop;0.02;XAUUSD;3 133.88;3 123.88;3 173.05;2025.04.03 08:31:02;3 129.32;;;;
2025.04.03 02:35:17;Buy;0.02;XAUUSD;3 150.70;3 140.70;3 173.10;2025.04.03 06:50:02;3 140.70;-0.20;;-20.00;[sl]
2025.04.01 20:06:39;Buy;0.02;XAUUSD;3 116.69;3 106.69;3 150.10;2025.04.02 22:14:18;3 106.06;-0.20;-0.35;-21.26;
2025.04.02 14:30:04;Buy;0.02;XAUUSD;3 126.69;3 116.69;3 150.10;2025.04.02 15:51:41;3 116.69;-0.20;;-20.00;[sl]
2025.04.02 10:32:49;Buy;0.02;XAUUSD;3 131.83;3 121.83;3 150.10;2025.04.02 12:41:01;3 121.83;-0.20;;-20.00;[sl]
2025.04.01 13:26:02;Sell;0.02;XAUUSD;3 129.38;3 139.38;3 114.38;2025.04.01 17:59:34;3 114.38;-0.20;;30.00;[tp]
2025.04.01 17:06:21;Buy Stop;0.02;XAUUSD;3 136.93;3 126.93;3 161.10;2025.04.01 17:29:20;3 132.59;;;;
2025.04.01 14:04:29;Buy Stop;0.02;XAUUSD;3 135.11;3 122.11;3 160.10;2025.04.01 16:57:52;3 129.32;;;;
2025.04.01 12:22:29;Buy;0.02;XAUUSD;3 138.09;3 128.09;3 170.10;2025.04.01 14:01:28;3 128.09;-0.20;;-20.00;[sl]
2025.04.01 07:33:53;Buy;0.02;XAUUSD;3 147.95;3 137.95;3 173.10;2025.04.01 07:53:02;3 137.95;-0.20;;-20.00;[sl]
2025.03.31 16:08:40;Buy;0.02;XAUUSD;3 116.00;3 106.50;3 147.00;2025.04.01 05:53:16;3 147.00;-0.20;-0.35;62.00;[tp]
2025.03.31 14:11:15;Buy;0.02;XAUUSD;3 123.10;3 113.10;3 137.10;2025.03.31 15:31:13;3 113.10;-0.20;;-20.00;[sl]
2025.03.31 12:51:40;Buy;0.02;XAUUSD;3 123.45;3 113.45;3 137.35;2025.03.31 13:33:58;3 113.45;-0.20;;-20.00;[sl]
2025.03.31 05:00:11;Buy;0.02;XAUUSD;3 107.50;3 097.50;3 125.05;2025.03.31 08:13:06;3 125.05;-0.20;;35.10;[tp]
2025.03.31 03:29:50;Buy;0.02;XAUUSD;3 091.55;3 081.55;3 105.10;2025.03.31 04:22:45;3 105.10;-0.20;;27.10;[tp]
2025.03.28 05:55:47;Buy;0.02;XAUUSD;3 075.50;3 065.50;3 087.10;2025.03.31 00:00:20;3 087.10;-0.20;-0.34;23.20;[tp]
2025.03.26 07:38:27;Balance;;;;;;;;;;3 000.00;
