Time;Type;Volume;Symbol;Price;S/L;T/P;Time;Price;Commission;Swap;Profit;Comment
2026.05.29 10:15:12;Sell;0.03;EURGBP;0.86721;;;2026.06.01 20:30:02;0.86389;;0.06;13.41;
2026.05.27 12:30:16;Sell;0.03;NZDCAD;0.81294;;;2026.06.01 17:00:13;0.81900;;0.19;-13.13;
2026.05.29 14:15:13;Sell;0.24;NZDCAD;0.82409;;;2026.06.01 17:00:10;0.81901;;0.33;88.07;
2026.05.29 04:15:20;Sell;0.12;NZDCAD;0.82045;;;2026.06.01 17:00:10;0.81902;;0.16;12.39;
2026.05.27 17:15:11;Sell;0.06;NZDCAD;0.81647;;;2026.06.01 17:00:10;0.81899;;0.39;-10.92;
2026.05.29 16:44:18;Sell;0.03;AUDCAD;0.99233;;;2026.06.01 16:53:54;0.98853;;-0.12;8.23;
2026.05.27 11:15:05;Sell;0.06;NZDCAD;0.81222;;;2026.06.01 16:28:48;0.82066;;0.39;-36.60;
2026.05.21 11:15:08;Sell;0.03;NZDCAD;0.80798;;;2026.06.01 16:28:48;0.82066;;0.35;-27.50;
2026.05.29 15:30:10;Sell;0.48;NZDCAD;0.82525;;;2026.06.01 16:28:45;0.82072;;0.65;157.17;
2026.05.29 07:15:10;Sell;0.24;NZDCAD;0.82107;;;2026.06.01 16:28:45;0.82072;;0.33;6.07;
2026.05.27 17:15:11;Sell;0.12;NZDCAD;0.81647;;;2026.06.01 16:28:45;0.82072;;0.77;-36.86;
2026.05.27 16:00:07;Sell;0.06;NZDCAD;0.81511;;;2026.06.01 16:13:04;0.82187;;0.39;-29.30;
2026.05.27 12:00:07;Sell;0.03;NZDCAD;0.81268;;;2026.06.01 16:13:04;0.82184;;0.19;-19.85;
2026.05.29 16:00:10;Sell;0.36;NZDCAD;0.82608;;;2026.06.01 16:12:56;0.82167;;0.49;114.68;
2026.05.29 12:00:09;Sell;0.24;NZDCAD;0.82268;;;2026.06.01 16:12:55;0.82167;;0.33;17.51;
2026.05.29 05:00:08;Sell;0.15;NZDCAD;0.82018;;;2026.06.01 16:12:55;0.82166;;0.20;-16.04;
2026.05.28 16:00:07;Sell;0.09;NZDCAD;0.81751;;;2026.06.01 16:12:55;0.82169;;0.24;-27.18;
2026.05.29 12:00:09;Buy;0.03;AUDNZD;1.20009;;;2026.06.01 12:42:53;1.20554;;;9.74;
2026.05.27 09:00:09;Buy;0.03;AUDCAD;0.98844;;;2026.05.29 16:44:12;0.99233;;-0.56;8.45;
2026.05.27 17:00:07;Buy;0.12;AUDNZD;1.20952;;;2026.05.28 07:57:59;1.21131;;-0.01;12.59;
2026.05.27 15:00:12;Buy;0.06;AUDNZD;1.21204;;;2026.05.28 07:57:59;1.21131;;;-2.57;
2026.05.27 12:00:07;Buy;0.03;AUDNZD;1.21507;;;2026.05.28 07:57:58;1.21131;;;-6.62;
2026.05.28 05:00:16;Buy;0.24;AUDNZD;1.20697;;;2026.05.28 07:57:52;1.21111;;;58.27;
2026.05.21 21:00:14;Sell;0.03;AUDCAD;0.98667;;;2026.05.28 07:37:29;0.98430;;-0.85;5.13;
2026.05.25 10:00:10;Sell;0.06;AUDCAD;0.98949;;;2026.05.28 07:37:05;0.98428;;-1.23;22.55;
2026.05.25 16:30:47;Buy;0.06;EURGBP;0.86243;;;2026.05.27 10:50:03;0.86617;;-1.36;30.16;
2026.05.18 19:15:15;Buy;0.03;EURGBP;0.86684;;;2026.05.27 10:50:03;0.86616;;-3.06;-2.75;
2026.05.25 12:00:20;Buy;0.06;EURGBP;0.86298;;;2026.05.27 10:07:07;0.86580;;-1.36;22.76;
2026.05.20 16:00:07;Buy;0.03;EURGBP;0.86557;;;2026.05.27 10:07:07;0.86580;;-2.38;0.93;
2026.05.26 19:00:06;Buy;0.03;NZDCAD;0.80551;;;2026.05.27 09:51:41;0.81216;;-0.19;14.44;
2026.05.26 18:45:19;Buy;0.03;NZDCAD;0.80581;;;2026.05.27 05:15:17;0.81059;;-0.19;10.39;
2026.05.26 11:00:14;Sell;0.03;AUDNZD;1.22521;;;2026.05.27 05:00:34;1.22088;;-0.20;7.62;
2026.05.26 17:00:02;Sell;0.06;AUDNZD;1.22758;;;2026.05.27 05:00:19;1.22335;;-0.41;14.86;
2026.05.21 20:30:14;Sell;0.06;NZDCAD;0.80979;;;2026.05.26 18:45:07;0.80581;;0.24;17.29;
2026.05.20 17:30:20;Sell;0.03;NZDCAD;0.80578;;;2026.05.26 18:45:07;0.80581;;0.23;-0.06;
2026.05.18 15:00:16;Sell;0.03;NZDCAD;0.80561;;;2026.05.26 16:53:31;0.80614;;0.31;-1.15;
2026.05.21 21:00:14;Sell;0.06;NZDCAD;0.81037;;;2026.05.26 16:53:19;0.80622;;0.24;18.03;
2026.05.21 21:00:14;Sell;0.03;AUDCAD;0.98665;;;2026.05.22 12:17:37;0.98290;;-0.12;8.16;
2026.05.19 15:00:10;Buy;0.12;AUDCAD;0.97886;;;2026.05.20 18:15:49;0.98415;;-0.55;46.22;
2026.05.18 00:05:05;Buy;0.06;AUDCAD;0.98407;;;2026.05.20 18:15:49;0.98415;;-0.56;0.35;
2026.05.18 00:05:05;Buy;0.03;AUDCAD;0.98407;;;2026.05.20 18:15:49;0.98416;;-0.28;0.20;
2026.05.20 03:45:22;Buy;0.12;NZDCAD;0.80130;;;2026.05.20 17:30:11;0.80568;;;38.21;
2026.05.18 00:20:24;Buy;0.06;NZDCAD;0.80468;;;2026.05.20 17:30:11;0.80568;;-0.76;4.36;
2026.05.18 00:20:24;Buy;0.03;NZDCAD;0.80468;;;2026.05.20 17:30:11;0.80568;;-0.38;2.18;
2026.05.18 00:05:05;Buy;0.03;AUDCAD;0.98407;;;2026.05.20 17:16:52;0.98223;;-0.28;-4.01;
2026.05.19 18:00:09;Buy;0.24;AUDCAD;0.97569;;;2026.05.20 17:16:46;0.98207;;-1.11;111.24;
2026.05.19 16:30:02;Buy;0.03;NZDCAD;0.80239;;;2026.05.20 17:16:46;0.80529;;-0.19;6.32;
2026.05.18 04:00:19;Buy;0.12;AUDCAD;0.98053;;;2026.05.20 17:16:46;0.98199;;-1.11;12.73;
2026.05.18 00:05:05;Buy;0.06;AUDCAD;0.98407;;;2026.05.20 17:16:46;0.98195;;-0.56;-9.24;
2026.05.14 21:00:28;Sell;0.03;EURGBP;0.87075;;;2026.05.18 19:13:21;0.86673;;0.12;16.21;
2026.05.14 21:00:28;Sell;0.06;EURGBP;0.87075;;;2026.05.18 19:11:30;0.86718;;0.23;28.78;
2026.05.14 08:30:08;Sell;0.03;EURGBP;0.86643;;;2026.05.18 19:11:30;0.86716;;0.12;-2.94;
2026.05.18 04:00:07;Buy;0.24;NZDCAD;0.80200;;;2026.05.18 14:39:35;0.80596;;;69.13;
2026.05.18 00:20:24;Buy;0.15;NZDCAD;0.80468;;;2026.05.18 14:39:35;0.80595;;;13.86;
2026.05.18 00:20:24;Buy;0.09;NZDCAD;0.80468;;;2026.05.18 14:39:35;0.80591;;;8.05;
2026.05.18 00:20:23;Buy;0.06;NZDCAD;0.80468;;;2026.05.18 14:39:35;0.80591;;;5.37;
2026.05.11 11:00:13;Buy;0.03;NZDCAD;0.81330;;;2026.05.18 14:39:35;0.80591;;-1.33;-16.13;
2026.05.13 18:00:14;Sell;0.03;NZDCAD;0.81246;;;2026.05.18 00:20:23;0.80468;;0.19;16.97;
2026.05.13 15:00:05;Sell;0.03;AUDCAD;0.99271;;;2026.05.18 00:05:06;0.98407;;-0.61;18.83;
2026.05.08 16:00:19;Sell;0.12;AUDCAD;0.99082;;;2026.05.18 00:05:06;0.98407;;-3.97;58.87;
2026.05.06 12:00:16;Sell;0.06;AUDCAD;0.98626;;;2026.05.18 00:05:05;0.98407;;-2.99;9.55;
2026.05.06 04:00:17;Sell;0.03;AUDCAD;0.98227;;;2026.05.18 00:05:05;0.98407;;-1.46;-3.93;
2026.05.13 22:00:06;Sell;0.24;AUDCAD;0.99505;;;2026.05.18 00:05:04;0.98407;;-4.96;191.54;
2026.05.06 13:45:03;Sell;0.24;NZDCAD;0.81238;;;2026.05.13 12:30:19;0.81204;;2.20;5.96;
2026.05.06 09:30:14;Sell;0.12;NZDCAD;0.80879;;;2026.05.13 12:30:18;0.81204;;1.10;-28.46;
2026.05.06 04:30:14;Sell;0.06;NZDCAD;0.80533;;;2026.05.13 12:30:18;0.81205;;0.56;-29.42;
2026.05.05 15:30:08;Sell;0.03;NZDCAD;0.80195;;;2026.05.13 12:30:18;0.81205;;0.32;-22.10;
2026.05.08 15:45:05;Sell;0.48;NZDCAD;0.81592;;;2026.05.13 12:30:06;0.81207;;1.86;134.82;
2026.05.11 18:30:05;Sell;0.03;NZDCAD;0.81541;;;2026.05.13 11:48:17;0.81238;;0.08;6.64;
2026.05.12 11:07:39;Sell;0.03;EURGBP;0.86930;;;2026.05.13 09:04:12;0.86594;;0.06;13.66;
2026.04.14 14:00:10;Buy;0.03;EURGBP;0.87001;;;2026.05.12 11:07:33;0.86931;;-9.63;-2.84;
2026.04.23 13:30:08;Buy;0.06;EURGBP;0.86569;;;2026.05.12 11:07:27;0.86932;;-11.71;29.42;
2026.05.08 17:00:14;Sell;0.24;AUDCAD;0.99270;;;2026.05.12 10:07:33;0.98758;;-1.98;89.71;
2026.05.07 08:00:13;Sell;0.12;AUDCAD;0.98805;;;2026.05.12 10:07:33;0.98758;;-1.49;4.12;
2026.05.06 06:00:06;Sell;0.06;AUDCAD;0.98381;;;2026.05.12 10:07:33;0.98758;;-1.49;-16.51;
2026.04.23 20:44:02;Sell;0.03;AUDCAD;0.97568;;;2026.05.12 10:07:32;0.98757;;-2.01;-26.04;
2026.05.11 18:00:08;Buy;0.03;EURGBP;0.86373;;;2026.05.12 10:05:20;0.86754;;-0.35;15.47;
2026.05.05 18:00:06;Sell;0.03;NZDCAD;0.80256;;;2026.05.11 10:33:53;0.81298;;0.24;-22.87;
2026.05.07 11:00:10;Sell;0.24;NZDCAD;0.81396;;;2026.05.11 10:33:47;0.81298;;0.64;17.21;
2026.05.06 13:00:19;Sell;0.15;NZDCAD;0.81116;;;2026.05.11 10:33:47;0.81298;;0.99;-19.98;
2026.05.06 10:00:08;Sell;0.09;NZDCAD;0.80863;;;2026.05.11 10:33:47;0.81295;;0.60;-28.45;
2026.05.06 05:00:14;Sell;0.06;NZDCAD;0.80584;;;2026.05.11 10:33:47;0.81295;;0.40;-31.21;
2026.05.08 17:00:13;Sell;0.36;NZDCAD;0.81702;;;2026.05.11 10:33:38;0.81297;;0.47;106.66;
2026.05.08 09:30:13;Sell;0.03;NZDCAD;0.81278;;;2026.05.11 01:03:13;0.81416;;0.04;-3.03;
2026.05.08 17:00:14;Sell;0.06;NZDCAD;0.81702;;;2026.05.11 01:03:04;0.81411;;0.08;12.75;
2026.04.30 22:00:05;Buy;0.12;EURGBP;0.86293;;;2026.05.11 01:00:22;0.86631;;-12.38;55.05;
2026.04.23 15:00:15;Buy;0.06;EURGBP;0.86572;;;2026.05.11 01:00:22;0.86633;;-11.02;4.96;
2026.04.22 17:00:23;Buy;0.03;EURGBP;0.86867;;;2026.05.11 01:00:22;0.86635;;-6.50;-9.44;
2026.04.28 22:00:08;Sell;0.03;AUDNZD;1.22058;;;2026.05.06 13:52:55;1.21524;;-1.59;9.58;
2026.05.04 20:00:06;Buy;0.06;NZDCAD;0.79872;;;2026.05.05 17:56:32;0.80212;;-0.38;14.98;
2026.05.04 14:00:05;Buy;0.03;NZDCAD;0.80115;;;2026.05.05 17:56:32;0.80213;;-0.19;2.16;
2026.04.30 14:28:03;Sell;0.03;NZDCAD;0.80216;;;2026.05.04 18:51:37;0.79914;;0.08;6.66;
2026.05.01 18:30:06;Sell;0.03;NZDCAD;0.80334;;;2026.05.04 18:30:05;0.79958;;0.04;8.29;
2026.04.30 16:00:10;Sell;0.03;NZDCAD;0.80191;;;2026.05.04 13:04:19;0.80147;;0.08;0.97;
2026.05.04 07:00:10;Sell;0.06;NZDCAD;0.80468;;;2026.05.04 13:04:13;0.80138;;;14.55;
2026.04.29 19:00:09;Buy;0.03;NZDCAD;0.79803;;;2026.04.30 14:30:06;0.80225;;-0.58;9.27;
2026.04.29 22:00:08;Buy;0.03;AUDCAD;0.97388;;;2026.04.30 14:29:24;0.97861;;-0.44;10.39;
2026.04.29 18:30:08;Buy;0.06;NZDCAD;0.79886;;;2026.04.30 14:28:03;0.80216;;-1.16;14.50;
2026.04.28 10:00:07;Buy;0.03;NZDCAD;0.80301;;;2026.04.30 14:28:03;0.80216;;-0.77;-1.86;
2026.04.29 19:00:09;Buy;0.09;NZDCAD;0.79803;;;2026.04.30 14:18:38;0.80132;;-1.75;21.68;
2026.04.29 16:00:18;Buy;0.06;NZDCAD;0.80070;;;2026.04.30 14:18:38;0.80132;;-1.16;2.72;
2026.04.23 21:00:16;Buy;0.03;NZDCAD;0.80350;;;2026.04.30 14:18:38;0.80135;;-1.34;-4.72;
2026.04.23 21:00:16;Sell;0.03;NZDCAD;0.80323;;;2026.04.29 18:15:03;0.79901;;0.16;9.25;
2026.04.28 22:00:09;Sell;0.06;AUDCAD;0.98285;;;2026.04.29 16:33:40;0.97771;;-0.23;22.53;
2026.04.27 06:00:08;Sell;0.03;AUDCAD;0.97987;;;2026.04.29 16:33:40;0.97771;;-0.23;4.73;
2026.04.23 23:15:06;Buy;0.06;NZDCAD;0.80130;;;2026.04.27 04:49:57;0.80458;;-0.78;14.41;
2026.04.23 06:00:10;Buy;0.03;NZDCAD;0.80544;;;2026.04.27 04:49:57;0.80458;;-0.38;-1.89;
2026.04.22 09:00:24;Sell;0.03;NZDCAD;0.80740;;;2026.04.23 20:46:51;0.80108;;0.13;13.83;
2026.04.23 20:00:03;Sell;0.03;AUDCAD;0.97959;;;2026.04.23 20:43:50;0.97596;;;7.95;
2026.04.21 02:00:13;Sell;0.06;NZDCAD;0.80641;;;2026.04.23 20:30:04;0.80272;;0.33;16.16;
2026.04.20 11:08:59;Sell;0.03;NZDCAD;0.80362;;;2026.04.23 20:30:04;0.80271;;0.21;1.99;
2026.04.21 23:00:06;Buy;0.03;AUDCAD;0.97561;;;2026.04.23 19:34:58;0.97955;;-0.59;8.63;
2026.04.20 11:08:59;Buy;0.06;NZDCAD;0.80389;;;2026.04.22 08:21:11;0.80780;;-0.78;17.19;
2026.04.16 20:00:05;Buy;0.03;NZDCAD;0.80665;;;2026.04.22 08:21:11;0.80780;;-0.76;2.53;
2026.04.21 20:15:09;Buy;0.03;NZDCAD;0.80413;;;2026.04.22 08:16:28;0.80734;;-0.19;7.06;
2026.04.17 17:45:17;Sell;0.06;NZDCAD;0.80919;;;2026.04.20 11:08:59;0.80389;;0.08;23.22;
2026.04.17 15:45:08;Sell;0.03;NZDCAD;0.80605;;;2026.04.20 11:08:59;0.80389;;0.04;4.73;
2026.04.15 22:00:09;Sell;0.24;AUDCAD;0.98492;;;2026.04.20 11:08:59;0.97905;;-4.43;102.87;
2026.04.15 11:00:09;Sell;0.06;AUDCAD;0.98332;;;2026.04.20 11:08:59;0.97906;;-1.10;18.66;
2026.04.14 17:00:04;Sell;0.12;AUDCAD;0.98102;;;2026.04.20 11:08:58;0.97906;;-2.66;17.18;
2026.04.14 16:00:24;Sell;0.03;AUDCAD;0.98017;;;2026.04.20 11:08:58;0.97906;;-0.66;2.43;
2026.04.08 02:00:08;Sell;0.06;AUDCAD;0.97691;;;2026.04.20 11:08:58;0.97906;;-2.60;-9.42;
2026.04.07 12:00:05;Sell;0.03;AUDCAD;0.96599;;;2026.04.20 11:08:58;0.97906;;-1.42;-28.63;
2026.04.17 16:00:21;Sell;0.03;NZDCAD;0.80837;;;2026.04.17 22:47:40;0.80572;;;5.81;
2026.04.16 12:30:23;Sell;0.03;NZDCAD;0.80859;;;2026.04.17 15:00:06;0.80485;;0.04;8.21;
2026.04.14 18:00:05;Sell;0.03;NZDCAD;0.81311;;;2026.04.16 19:55:13;0.80666;;0.16;14.12;
2026.04.08 01:15:15;Sell;0.03;NZDCAD;0.79680;;;2026.04.16 16:52:04;0.80748;;0.40;-23.35;
2026.04.14 13:15:06;Sell;0.24;NZDCAD;0.81152;;;2026.04.16 16:51:58;0.80742;;1.32;71.73;
2026.04.08 08:45:09;Sell;0.12;NZDCAD;0.80745;;;2026.04.16 16:51:58;0.80739;;1.61;0.52;
2026.04.08 02:00:20;Sell;0.06;NZDCAD;0.80317;;;2026.04.16 16:51:58;0.80739;;0.81;-18.46;
2026.04.14 17:15:16;Sell;0.12;NZDCAD;0.81288;;;2026.04.16 12:30:23;0.80886;;0.65;35.12;
2026.04.14 01:13:08;Sell;0.03;NZDCAD;0.80907;;;2026.04.16 12:30:23;0.80886;;0.16;0.46;
2026.04.14 01:13:07;Sell;0.06;NZDCAD;0.80907;;;2026.04.16 12:30:23;0.80886;;0.33;0.92;
2026.04.09 05:00:15;Buy;0.03;AUDNZD;1.20696;;;2026.04.15 18:24:03;1.21237;;-0.04;9.59;
2026.04.08 22:00:11;Buy;0.03;NZDCAD;0.80525;;;2026.04.14 16:03:22;0.81201;;-1.14;14.77;
2026.04.09 18:45:14;Sell;0.06;NZDCAD;0.80959;;;2026.04.14 01:13:07;0.80934;;0.24;1.08;
2026.04.08 21:30:22;Sell;0.03;NZDCAD;0.80604;;;2026.04.14 01:13:07;0.80934;;0.24;-7.18;
2026.04.08 02:00:20;Sell;0.06;AUDCAD;0.97646;;;2026.04.14 01:13:07;0.97873;;-1.28;-9.88;
2026.04.07 23:00:07;Sell;0.03;AUDCAD;0.96832;;;2026.04.14 01:13:07;0.97873;;-0.76;-22.65;
2026.04.08 01:45:24;Sell;0.03;NZDCAD;0.79995;;;2026.04.08 21:30:13;0.80636;;;-13.89;
2026.04.08 16:15:05;Sell;0.24;NZDCAD;0.81032;;;2026.04.08 21:30:07;0.80632;;;69.31;
2026.04.08 07:15:06;Sell;0.12;NZDCAD;0.80695;;;2026.04.08 21:30:07;0.80632;;;5.46;
2026.04.08 02:00:08;Sell;0.06;NZDCAD;0.80347;;;2026.04.08 21:30:07;0.80631;;;-12.30;
2026.04.08 08:00:07;Sell;0.06;NZDCAD;0.80676;;;2026.04.08 21:25:30;0.80632;;;1.90;
2026.04.08 02:00:20;Sell;0.03;NZDCAD;0.80317;;;2026.04.08 21:25:30;0.80632;;;-6.82;
2026.04.08 16:00:06;Sell;0.09;NZDCAD;0.80969;;;2026.04.08 21:25:21;0.80626;;;22.28;
2026.03.31 18:00:07;Sell;0.06;EURGBP;0.87371;;;2026.04.08 11:57:14;0.87007;;0.89;29.33;
2026.03.30 12:00:08;Sell;0.03;EURGBP;0.86859;;;2026.04.08 11:57:14;0.87007;;0.53;-5.97;
2026.04.01 03:00:04;Sell;0.06;EURGBP;0.87389;;;2026.04.08 08:05:17;0.87028;;0.78;29.06;
2026.03.30 16:45:14;Sell;0.03;EURGBP;0.86945;;;2026.04.08 08:05:17;0.87028;;0.53;-3.34;
2026.04.03 04:00:06;Sell;0.06;AUDNZD;1.20915;;;2026.04.08 06:14:50;1.21271;;-1.10;-12.42;
2026.04.02 18:00:10;Sell;0.03;AUDNZD;1.20661;;;2026.04.08 06:14:50;1.21271;;-0.73;-10.64;
2026.04.07 16:00:10;Sell;0.48;AUDNZD;1.21655;;;2026.04.08 06:14:41;1.21268;;-2.96;108.04;
2026.04.07 12:00:05;Sell;0.24;AUDNZD;1.21408;;;2026.04.08 06:14:41;1.21268;;-1.48;19.54;
2026.04.06 05:00:08;Sell;0.12;AUDNZD;1.21163;;;2026.04.08 06:14:41;1.21268;;-1.48;-7.33;
2026.04.02 05:00:08;Buy;0.03;NZDCAD;0.79501;;;2026.04.08 01:53:22;0.80183;;-0.76;14.75;
2026.04.02 04:45:09;Buy;0.03;NZDCAD;0.79511;;;2026.04.08 01:45:05;0.79985;;-0.76;10.26;
2026.04.06 12:00:05;Sell;0.03;AUDCAD;0.96478;;;2026.04.07 04:39:34;0.96117;;-0.10;7.78;
2026.04.02 17:52:45;Sell;0.03;NZDCAD;0.79665;;;2026.04.03 11:00:31;0.79471;;0.04;4.18;
2026.04.02 07:45:12;Buy;0.06;NZDCAD;0.79423;;;2026.04.02 17:52:45;0.79665;;;10.44;
2026.04.01 21:30:08;Buy;0.03;NZDCAD;0.79818;;;2026.04.02 17:52:45;0.79666;;-0.57;-3.28;
2026.03.31 22:45:06;Sell;0.03;NZDCAD;0.79969;;;2026.04.02 04:45:06;0.79501;;0.16;10.11;
2026.04.01 03:00:04;Sell;0.06;NZDCAD;0.79981;;;2026.04.02 04:17:32;0.79631;;0.23;15.12;
2026.03.30 10:00:05;Sell;0.03;NZDCAD;0.79729;;;2026.04.02 04:17:32;0.79629;;0.20;2.17;
2026.04.01 10:00:09;Sell;0.06;AUDCAD;0.96461;;;2026.04.02 04:06:06;0.95958;;-0.62;21.75;
2026.04.01 03:00:03;Sell;0.03;AUDCAD;0.96171;;;2026.04.02 04:06:06;0.95958;;-0.31;4.60;
2026.03.31 20:00:06;Sell;0.03;AUDCAD;0.95934;;;2026.04.01 21:35:18;0.96055;;-0.10;-2.62;
2026.04.01 10:00:09;Sell;0.06;AUDCAD;0.96461;;;2026.04.01 21:35:12;0.96057;;;17.44;
2026.03.26 10:15:24;Buy;0.03;NZDCAD;0.80066;;;2026.03.31 20:35:08;0.79985;;-0.57;-1.75;
2026.03.30 01:45:08;Buy;0.06;NZDCAD;0.79663;;;2026.03.31 20:35:02;0.79986;;-0.37;13.91;
2026.03.26 23:13:43;Buy;0.03;AUDCAD;0.95537;;;2026.03.31 19:42:17;0.95977;;-0.45;9.47;
2026.03.31 15:00:07;Sell;0.03;AUDCAD;0.95906;;;2026.03.31 17:57:54;0.95484;;;9.07;
2026.03.30 17:30:06;Buy;0.03;NZDCAD;0.79511;;;2026.03.31 17:00:09;0.79866;;-0.19;7.65;
2026.03.26 21:00:07;Buy;0.06;AUDCAD;0.95393;;;2026.03.31 14:45:20;0.95912;;-0.87;22.35;
2026.03.26 15:00:10;Buy;0.03;AUDCAD;0.95676;;;2026.03.31 14:45:20;0.95912;;-0.45;5.08;
2026.03.23 14:30:07;Buy;0.03;EURGBP;0.86526;;;2026.03.30 11:53:01;0.86854;;-2.38;13.02;
2026.03.27 08:15:09;Sell;0.03;NZDCAD;0.80007;;;2026.03.30 03:00:07;0.79626;;0.04;8.23;
2026.03.25 01:00:19;Sell;0.03;NZDCAD;0.80334;;;2026.03.30 02:12:59;0.79645;;0.20;14.87;
2026.03.26 23:00:05;Buy;0.06;AUDCAD;0.95293;;;2026.03.26 23:13:43;0.95515;;;9.63;
2026.03.26 15:00:10;Buy;0.03;AUDCAD;0.95675;;;2026.03.26 23:13:43;0.95515;;;-3.47;
2026.03.24 13:00:19;Sell;0.03;NZDCAD;0.80084;;;2026.03.26 22:15:10;0.79718;;0.16;7.93;
2026.03.25 02:00:13;Sell;0.03;AUDCAD;0.96301;;;2026.03.25 16:50:32;0.95835;;;10.14;
2026.03.24 05:00:23;Buy;0.03;AUDCAD;0.95845;;;2026.03.24 23:26:19;0.96316;;;10.28;
2026.03.24 17:00:12;Buy;0.06;NZDCAD;0.80028;;;2026.03.24 23:25:01;0.80337;;;13.48;
2026.03.24 05:00:23;Buy;0.03;NZDCAD;0.80260;;;2026.03.24 23:25:01;0.80337;;;1.68;
2026.03.24 05:00:23;Buy;0.06;AUDNZD;1.19429;;;2026.03.24 23:23:52;1.19841;;;14.44;
2026.03.23 19:00:08;Buy;0.03;AUDNZD;1.19707;;;2026.03.24 23:23:52;1.19841;;-0.01;2.35;
2026.03.23 17:30:10;Sell;0.06;NZDCAD;0.80342;;;2026.03.24 12:30:10;0.79992;;0.08;15.27;
2026.03.23 14:30:07;Sell;0.03;NZDCAD;0.80039;;;2026.03.24 12:30:10;0.79992;;0.04;1.03;
2026.03.23 22:00:06;Sell;0.06;NZDCAD;0.80592;;;2026.03.24 03:15:18;0.80254;;0.08;14.76;
2026.03.23 20:00:06;Sell;0.03;NZDCAD;0.80305;;;2026.03.24 03:15:18;0.80253;;0.04;1.13;
2026.03.23 15:00:05;Sell;0.03;NZDCAD;0.79776;;;2026.03.23 19:04:00;0.80103;;;-7.15;
2026.03.23 18:00:13;Sell;0.09;NZDCAD;0.80486;;;2026.03.23 19:03:48;0.80109;;;24.73;
2026.03.23 16:00:06;Sell;0.06;NZDCAD;0.80145;;;2026.03.23 19:03:48;0.80109;;;1.58;
2026.03.23 18:00:04;Sell;0.03;AUDCAD;0.96508;;;2026.03.23 18:52:19;0.96020;;;10.67;
2026.03.23 14:10:38;Buy;0.03;AUDCAD;0.96257;;;2026.03.23 18:04:44;0.96664;;;8.91;
2026.03.23 12:45:15;Buy;0.03;NZDCAD;0.79499;;;2026.03.23 14:15:06;0.79945;;;9.76;
2026.03.23 14:07:06;Buy;0.03;AUDCAD;0.96102;;;2026.03.23 14:10:23;0.96204;;;2.24;
2026.03.20 19:00:27;Sell;0.03;EURGBP;0.86774;;;2026.03.23 14:08:29;0.86360;;0.06;16.66;
2026.03.23 14:00:37;Buy;0.15;NZDCAD;0.79332;;;2026.03.23 14:07:06;0.79904;;;62.66;
2026.03.23 14:00:37;Buy;0.12;AUDCAD;0.95220;;;2026.03.23 14:07:06;0.96080;;;75.37;
2026.03.23 10:00:05;Buy;0.06;AUDCAD;0.95529;;;2026.03.23 14:07:06;0.96079;;;24.09;
2026.03.23 09:00:06;Buy;0.06;AUDCAD;0.95607;;;2026.03.23 14:07:06;0.96071;;;20.33;
2026.03.23 09:00:05;Buy;0.09;NZDCAD;0.79661;;;2026.03.23 14:07:02;0.79943;;;18.54;
2026.03.23 04:00:08;Buy;0.03;AUDCAD;0.95981;;;2026.03.23 14:07:02;0.96103;;;2.68;
2026.03.23 04:00:07;Buy;0.06;NZDCAD;0.79914;;;2026.03.23 14:07:02;0.79945;;;1.36;
2026.03.23 01:00:07;Buy;0.03;AUDCAD;0.96007;;;2026.03.23 14:07:02;0.96103;;;2.10;
2026.03.20 17:00:09;Buy;0.03;NZDCAD;0.80159;;;2026.03.23 14:07:02;0.79934;;-0.19;-4.93;
2026.03.20 22:00:16;Sell;0.03;NZDCAD;0.79912;;;2026.03.23 12:45:15;0.79499;;0.04;9.01;
2026.03.20 16:15:19;Sell;0.03;NZDCAD;0.80293;;;2026.03.20 22:00:16;0.79939;;;7.74;
2026.03.19 18:30:06;Buy;0.24;EURGBP;0.86157;;;2026.03.20 17:42:59;0.86633;;-2.72;152.08;
2026.03.06 19:15:05;Buy;0.12;EURGBP;0.86593;;;2026.03.20 17:42:59;0.86633;;-18.97;6.39;
2026.03.03 19:41:32;Buy;0.06;EURGBP;0.87052;;;2026.03.20 17:42:58;0.86633;;-12.89;-33.47;
2026.03.02 13:48:26;Buy;0.03;EURGBP;0.87458;;;2026.03.20 17:42:58;0.86633;;-6.78;-32.95;
2026.03.02 15:00:09;Buy;0.03;EURGBP;0.87380;;;2026.03.20 17:13:52;0.86558;;-6.78;-32.87;
2026.03.09 16:00:10;Buy;0.24;EURGBP;0.86519;;;2026.03.20 17:13:49;0.86558;;-35.22;12.48;
2026.03.06 11:00:12;Buy;0.12;EURGBP;0.86820;;;2026.03.20 17:13:49;0.86558;;-18.97;-41.91;
2026.03.03 19:41:33;Buy;0.06;EURGBP;0.87052;;;2026.03.20 17:13:49;0.86558;;-12.89;-39.51;
2026.03.11 22:00:05;Buy;0.48;EURGBP;0.86265;;;2026.03.20 17:13:46;0.86558;;-59.51;187.46;
2026.03.19 22:00:09;Sell;0.03;AUDCAD;0.97093;;;2026.03.20 17:09:04;0.96635;;-0.11;10.01;
2026.03.19 03:30:08;Sell;0.03;NZDCAD;0.79749;;;2026.03.20 16:15:19;0.80320;;0.04;-12.49;
2026.03.19 22:15:04;Sell;0.12;NZDCAD;0.80709;;;2026.03.20 16:15:07;0.80322;;0.16;33.88;
2026.03.19 17:45:05;Sell;0.06;NZDCAD;0.80158;;;2026.03.20 16:15:07;0.80322;;0.08;-7.17;
2026.03.19 22:15:05;Sell;0.06;NZDCAD;0.80712;;;2026.03.20 16:14:34;0.80319;;0.08;17.20;
2026.03.19 17:15:05;Sell;0.03;NZDCAD;0.80058;;;2026.03.20 16:14:34;0.80319;;0.04;-5.71;
2026.03.20 04:00:07;Sell;0.15;NZDCAD;0.80815;;;2026.03.20 13:01:29;0.80411;;;44.16;
2026.03.19 22:00:09;Sell;0.09;NZDCAD;0.80439;;;2026.03.20 13:01:29;0.80411;;0.12;1.84;
2026.03.19 18:00:06;Sell;0.06;NZDCAD;0.80133;;;2026.03.20 13:01:29;0.80411;;0.08;-12.16;
2026.03.19 07:00:02;Sell;0.03;NZDCAD;0.79859;;;2026.03.20 13:01:29;0.80411;;0.04;-12.07;
2026.03.19 16:00:07;Buy;0.03;AUDCAD;0.96343;;;2026.03.19 18:05:58;0.96831;;;10.67;
2026.03.19 16:15:13;Buy;0.03;NZDCAD;0.79655;;;2026.03.19 16:53:32;0.79975;;;6.99;
2026.03.19 02:00:25;Buy;0.06;NZDCAD;0.79494;;;2026.03.19 05:24:41;0.79882;;;16.98;
2026.03.18 16:00:08;Buy;0.03;NZDCAD;0.79822;;;2026.03.19 05:24:41;0.79883;;-0.57;1.34;
2026.03.18 23:30:10;Buy;0.06;NZDCAD;0.79548;;;2026.03.19 05:20:25;0.79875;;-1.14;14.31;
2026.03.18 15:30:05;Buy;0.03;NZDCAD;0.79939;;;2026.03.19 05:20:25;0.79875;;-0.57;-1.40;
2026.03.18 15:30:17;Sell;0.03;NZDCAD;0.79912;;;2026.03.18 23:30:09;0.79548;;;7.95;
2026.03.17 18:00:03;Sell;0.06;NZDCAD;0.80231;;;2026.03.18 15:46:19;0.79906;;0.08;14.22;
2026.03.17 16:00:08;Sell;0.06;AUDCAD;0.97233;;;2026.03.18 15:46:19;0.96832;;-0.21;17.55;
2026.03.16 22:00:22;Sell;0.03;AUDCAD;0.96746;;;2026.03.18 15:46:19;0.96831;;-0.21;-1.86;
2026.03.16 17:00:09;Sell;0.03;NZDCAD;0.79984;;;2026.03.18 15:46:18;0.79905;;0.08;1.73;
2026.03.17 13:00:14;Sell;0.06;AUDCAD;0.97048;;;2026.03.18 15:30:38;0.96900;;-0.21;6.49;
2026.03.16 22:00:22;Sell;0.03;AUDCAD;0.96746;;;2026.03.18 15:30:38;0.96898;;-0.21;-3.33;
2026.03.18 08:00:05;Sell;0.12;AUDCAD;0.97459;;;2026.03.18 15:30:35;0.96887;;;50.09;
2026.03.17 09:15:21;Sell;0.03;NZDCAD;0.79676;;;2026.03.18 15:30:17;0.79939;;0.04;-5.76;
2026.03.17 21:15:05;Sell;0.12;NZDCAD;0.80335;;;2026.03.18 15:30:05;0.79940;;0.16;34.60;
2026.03.17 13:00:15;Sell;0.06;NZDCAD;0.79988;;;2026.03.18 15:30:05;0.79939;;0.08;2.15;
2026.03.18 09:15:10;Sell;0.03;NZDCAD;0.80436;;;2026.03.18 14:29:17;0.80144;;;6.40;
2026.03.17 09:15:20;Buy;0.03;NZDCAD;0.79702;;;2026.03.17 13:03:12;0.80005;;;6.64;
2026.03.16 21:45:08;Sell;0.06;NZDCAD;0.80184;;;2026.03.17 09:15:20;0.79702;;0.08;21.11;
2026.03.16 13:30:11;Sell;0.03;NZDCAD;0.79869;;;2026.03.17 09:15:20;0.79701;;0.04;3.68;
2026.03.13 08:00:11;Buy;0.15;NZDCAD;0.79570;;;2026.03.16 15:32:22;0.79991;;-0.95;46.16;
2026.03.12 17:01:20;Buy;0.09;NZDCAD;0.79967;;;2026.03.16 15:32:22;0.79992;;-1.15;1.65;
2026.03.11 21:00:05;Buy;0.06;NZDCAD;0.80320;;;2026.03.16 15:32:21;0.79992;;-1.93;-14.38;
2026.03.10 23:00:06;Buy;0.03;NZDCAD;0.80555;;;2026.03.16 15:32:21;0.79992;;-1.15;-12.34;
2026.03.13 22:45:20;Buy;0.03;NZDCAD;0.79470;;;2026.03.16 13:30:05;0.79863;;-0.19;8.61;
2026.03.11 05:00:12;Sell;0.06;AUDNZD;1.20451;;;2026.03.16 06:18:56;1.20560;;-1.74;-3.80;
2026.03.10 20:00:04;Sell;0.03;AUDNZD;1.20113;;;2026.03.16 06:18:55;1.20560;;-1.04;-7.79;
2026.03.11 17:41:15;Sell;0.24;AUDNZD;1.20917;;;2026.03.16 06:18:41;1.20556;;-6.99;50.36;
2026.03.11 06:00:07;Sell;0.12;AUDNZD;1.20693;;;2026.03.16 06:18:40;1.20555;;-3.49;9.63;
2026.03.13 16:01:16;Sell;0.03;NZDCAD;0.79942;;;2026.03.13 21:15:05;0.79557;;;8.41;
2026.03.13 10:00:47;Buy;0.06;AUDCAD;0.96097;;;2026.03.13 15:49:30;0.96638;;;23.70;
2026.03.13 09:30:05;Buy;0.03;NZDCAD;0.79441;;;2026.03.13 15:49:29;0.79906;;;10.19;
2026.03.13 08:15:06;Buy;0.06;NZDCAD;0.79561;;;2026.03.13 15:49:29;0.79906;;;15.11;
2026.03.12 17:01:20;Buy;0.03;AUDCAD;0.96586;;;2026.03.13 15:49:29;0.96637;;-0.16;1.12;
2026.03.12 17:01:20;Buy;0.03;NZDCAD;0.79967;;;2026.03.13 15:49:29;0.79906;;-0.19;-1.33;
2026.03.13 10:00:47;Buy;0.06;AUDCAD;0.96097;;;2026.03.13 15:34:33;0.96505;;;17.88;
2026.03.12 18:03:53;Buy;0.03;AUDCAD;0.96419;;;2026.03.13 15:34:33;0.96505;;-0.16;1.88;
2026.03.11 20:45:12;Sell;0.03;NZDCAD;0.80251;;;2026.03.12 17:30:05;0.79872;;0.12;8.36;
2026.03.10 10:00:12;Sell;0.03;AUDCAD;0.96272;;;2026.03.12 07:34:24;0.96853;;-0.36;-12.83;
2026.03.11 18:00:14;Sell;0.24;AUDCAD;0.97475;;;2026.03.12 07:34:15;0.96859;;-2.19;108.78;
2026.03.10 19:00:12;Sell;0.12;AUDCAD;0.96949;;;2026.03.12 07:34:15;0.96859;;-1.47;7.95;
2026.03.10 13:00:15;Sell;0.06;AUDCAD;0.96575;;;2026.03.12 07:34:15;0.96859;;-0.73;-12.54;
2026.03.10 19:00:12;Sell;0.06;AUDCAD;0.96950;;;2026.03.12 02:33:59;0.96947;;-0.73;0.14;
2026.03.10 11:00:46;Sell;0.03;AUDCAD;0.96488;;;2026.03.12 02:33:58;0.96947;;-0.36;-10.13;
2026.03.11 08:00:17;Sell;0.12;AUDCAD;0.97365;;;2026.03.12 02:33:55;0.96947;;-1.10;36.87;
2026.03.10 18:00:09;Sell;0.12;NZDCAD;0.80676;;;2026.03.11 20:45:12;0.80278;;0.16;35.16;
2026.03.09 18:15:07;Sell;0.06;NZDCAD;0.80330;;;2026.03.11 20:45:12;0.80278;;0.16;2.30;
2026.03.09 12:30:18;Sell;0.03;NZDCAD;0.79987;;;2026.03.11 20:45:12;0.80278;;0.08;-6.43;
2026.03.10 21:00:11;Sell;0.15;NZDCAD;0.80797;;;2026.03.10 22:48:51;0.80489;;;34.02;
2026.03.10 02:00:10;Sell;0.09;NZDCAD;0.80544;;;2026.03.10 22:48:50;0.80489;;;3.65;
2026.03.09 19:00:21;Sell;0.06;NZDCAD;0.80310;;;2026.03.10 22:48:50;0.80489;;0.08;-7.91;
2026.03.09 13:00:24;Sell;0.03;NZDCAD;0.80062;;;2026.03.10 22:48:50;0.80489;;0.04;-9.43;
2026.03.09 01:00:12;Buy;0.06;AUDCAD;0.95025;;;2026.03.09 17:46:52;0.95578;;;24.44;
2026.03.06 16:00:10;Buy;0.03;AUDCAD;0.95374;;;2026.03.09 17:46:52;0.95578;;-0.16;4.51;
2026.03.09 02:00:08;Buy;0.06;AUDCAD;0.94903;;;2026.03.09 12:34:31;0.95273;;;16.38;
2026.03.06 16:00:11;Buy;0.03;AUDCAD;0.95373;;;2026.03.09 12:34:31;0.95273;;-0.16;-2.21;
2026.03.04 17:45:07;Buy;0.03;NZDCAD;0.80928;;;2026.03.09 12:30:18;0.79987;;-0.97;-20.81;
2026.03.09 01:15:07;Buy;0.24;NZDCAD;0.79625;;;2026.03.09 12:30:03;0.80007;;;67.59;
2026.03.06 13:45:10;Buy;0.12;NZDCAD;0.80207;;;2026.03.09 12:30:03;0.80007;;-0.78;-17.69;
2026.03.05 15:30:10;Buy;0.06;NZDCAD;0.80607;;;2026.03.09 12:30:03;0.80007;;-0.78;-26.54;
2026.03.05 08:00:22;Buy;0.03;NZDCAD;0.80842;;;2026.03.09 12:21:26;0.80028;;-0.38;-18.00;
2026.03.09 01:45:07;Buy;0.24;NZDCAD;0.79590;;;2026.03.09 12:21:24;0.80027;;;77.31;
2026.03.06 16:00:11;Buy;0.12;NZDCAD;0.80024;;;2026.03.09 12:21:23;0.80027;;-0.78;0.26;
2026.03.06 11:30:09;Buy;0.06;NZDCAD;0.80414;;;2026.03.09 12:21:23;0.80027;;-0.39;-17.12;
2026.03.06 16:00:11;Buy;0.06;NZDCAD;0.80024;;;2026.03.09 12:20:14;0.79994;;-0.39;-1.33;
2026.03.06 12:00:15;Buy;0.03;NZDCAD;0.80283;;;2026.03.09 12:20:14;0.79994;;-0.19;-6.39;
2026.03.09 02:00:09;Buy;0.09;NZDCAD;0.79616;;;2026.03.09 12:20:11;0.79999;;;25.41;
2026.03.04 18:00:06;Sell;0.03;NZDCAD;0.80988;;;2026.03.06 11:40:58;0.80333;;0.16;14.38;
2026.03.05 20:00:05;Buy;0.03;AUDCAD;0.95701;;;2026.03.06 09:21:19;0.96167;;-0.16;10.24;
2026.03.05 20:00:05;Buy;0.03;AUDCAD;0.95700;;;2026.03.06 04:12:37;0.96070;;-0.16;8.12;
2026.03.04 16:00:08;Sell;0.03;AUDCAD;0.96417;;;2026.03.05 09:56:58;0.95978;;-0.28;9.65;
2026.03.03 09:45:06;Buy;0.12;NZDCAD;0.80920;;;2026.03.04 17:30:12;0.80965;;-0.77;3.95;
2026.03.02 08:15:10;Buy;0.06;NZDCAD;0.81343;;;2026.03.04 17:30:12;0.80965;;-0.78;-16.60;
2026.02.20 18:30:09;Buy;0.03;NZDCAD;0.81749;;;2026.03.04 17:30:12;0.80965;;-1.97;-17.22;
2026.03.03 12:30:05;Buy;0.24;NZDCAD;0.80574;;;2026.03.04 17:30:03;0.80971;;-1.55;69.74;
2026.03.03 13:00:24;Buy;0.09;NZDCAD;0.80535;;;2026.03.04 12:12:32;0.80881;;-0.58;22.80;
2026.03.03 10:00:20;Buy;0.06;NZDCAD;0.80869;;;2026.03.04 12:12:32;0.80880;;-0.39;0.48;
2026.03.02 09:00:12;Buy;0.03;NZDCAD;0.81315;;;2026.03.04 12:12:32;0.80879;;-0.39;-9.57;
2026.03.03 10:00:20;Buy;0.03;NZDCAD;0.80868;;;2026.03.04 05:56:41;0.80704;;-0.19;-3.60;
2026.03.03 19:41:33;Buy;0.06;NZDCAD;0.80355;;;2026.03.04 05:56:35;0.80708;;-0.39;15.47;
2026.03.03 19:41:33;Buy;0.06;AUDCAD;0.95974;;;2026.03.03 21:46:40;0.96391;;;18.32;
2026.03.03 13:00:23;Buy;0.03;AUDCAD;0.96314;;;2026.03.03 21:46:40;0.96390;;;1.67;
2026.03.03 13:00:24;Buy;0.03;AUDCAD;0.96314;;;2026.03.03 20:49:28;0.96257;;;-1.25;
2026.03.03 19:41:33;Buy;0.06;AUDCAD;0.95973;;;2026.03.03 20:49:25;0.96259;;;12.57;
2026.03.03 06:00:24;Sell;0.06;AUDNZD;1.19577;;;2026.03.03 14:52:55;1.19170;;;14.39;
2026.03.02 22:00:18;Sell;0.03;AUDNZD;1.19289;;;2026.03.03 14:52:55;1.19170;;-0.17;2.10;
2026.03.03 02:00:11;Sell;0.03;AUDCAD;0.97085;;;2026.03.03 10:45:31;0.96638;;;9.79;
2026.03.02 09:00:12;Buy;0.03;AUDCAD;0.96552;;;2026.03.02 17:13:24;0.96916;;;7.98;
2026.03.02 10:30:11;Sell;0.03;EURGBP;0.87795;;;2026.03.02 13:48:20;0.87458;;;13.57;
2026.02.27 18:00:14;Sell;0.12;EURGBP;0.87822;;;2026.03.02 12:56:30;0.87554;;0.23;43.11;
2026.02.26 20:29:04;Sell;0.06;EURGBP;0.87528;;;2026.03.02 12:56:30;0.87553;;0.24;-2.01;
2026.02.17 10:00:08;Sell;0.03;EURGBP;0.87245;;;2026.03.02 12:56:30;0.87553;;0.78;-12.39;
2026.03.02 02:00:09;Sell;0.03;NZDCAD;0.81404;;;2026.03.02 08:13:10;0.81360;;;0.97;
2026.03.02 04:00:14;Sell;0.06;NZDCAD;0.81700;;;2026.03.02 08:12:52;0.81360;;;14.93;
2026.02.27 20:00:10;Buy;0.03;AUDCAD;0.96994;;;2026.03.02 03:10:08;0.96879;;-0.16;-2.53;
2026.03.02 02:00:03;Buy;0.06;AUDCAD;0.96460;;;2026.03.02 03:09:59;0.96879;;;18.42;
2026.03.02 01:00:12;Buy;0.03;AUDCAD;0.96383;;;2026.03.02 03:04:34;0.96850;;;10.26;
2026.02.27 07:00:14;Sell;0.12;AUDNZD;1.18901;;;2026.03.02 01:03:19;1.18540;;-0.70;25.83;
2026.02.25 05:00:09;Sell;0.06;AUDNZD;1.18669;;;2026.03.02 01:03:19;1.18538;;-1.75;4.69;
2026.02.20 10:00:27;Sell;0.03;AUDNZD;1.18400;;;2026.03.02 01:03:18;1.18538;;-1.37;-2.47;
2026.02.18 11:00:09;Sell;0.03;NZDCAD;0.82007;;;2026.03.02 01:00:39;0.81346;;0.47;14.52;
2026.02.20 18:00:14;Sell;0.03;AUDCAD;0.96885;;;2026.03.02 01:00:12;0.96383;;-0.72;11.03;
2026.02.25 06:00:15;Sell;0.06;AUDCAD;0.97186;;;2026.03.02 01:00:06;0.96343;;-0.94;37.03;
2026.02.18 09:15:04;Buy;0.03;EURGBP;0.87332;;;2026.02.27 15:28:58;0.87692;;-3.83;14.53;
2026.02.25 19:00:05;Sell;0.06;AUDCAD;0.97356;;;2026.02.26 17:23:09;0.97001;;-0.56;15.54;
2026.02.25 04:00:15;Sell;0.03;AUDCAD;0.96953;;;2026.02.26 17:23:09;0.97001;;-0.28;-1.05;
2026.02.24 16:00:06;Buy;0.03;AUDCAD;0.96473;;;2026.02.25 02:30:45;0.96895;;-0.16;9.24;
2026.02.20 18:00:14;Sell;0.03;AUDCAD;0.96885;;;2026.02.24 15:21:56;0.96533;;-0.17;7.71;
2026.02.20 03:45:08;Buy;0.06;NZDCAD;0.81554;;;2026.02.23 01:46:16;0.81894;;-0.39;14.94;
2026.02.18 04:15:13;Buy;0.03;NZDCAD;0.81984;;;2026.02.23 01:46:16;0.81890;;-0.96;-2.06;
2026.02.20 04:30:26;Buy;0.06;NZDCAD;0.81420;;;2026.02.20 18:15:10;0.81792;;;16.32;
2026.02.18 16:30:14;Buy;0.03;NZDCAD;0.81766;;;2026.02.20 18:15:10;0.81792;;-0.77;0.57;
2026.02.20 04:00:07;Buy;0.03;AUDCAD;0.96331;;;2026.02.20 16:56:09;0.96708;;;8.25;
2026.02.17 21:00:10;Sell;0.03;AUDCAD;0.96654;;;2026.02.20 03:50:36;0.96270;;-0.39;8.41;
2026.02.10 11:00:10;Sell;0.03;NZDCAD;0.81962;;;2026.02.18 05:01:27;0.81920;;0.31;0.92;
2026.02.11 17:00:07;Sell;0.06;NZDCAD;0.82267;;;2026.02.18 05:01:21;0.81921;;0.55;15.21;
2026.02.12 17:30:09;Sell;0.06;NZDCAD;0.82406;;;2026.02.18 04:15:13;0.81984;;0.32;18.55;
2026.02.06 18:15:05;Sell;0.03;NZDCAD;0.82060;;;2026.02.18 04:15:13;0.81984;;0.39;1.67;
2026.02.12 16:15:13;Buy;0.03;EURGBP;0.87044;;;2026.02.17 15:56:32;0.87397;;-1.05;14.33;
2026.02.13 14:00:15;Buy;0.03;AUDCAD;0.96039;;;2026.02.16 03:14:02;0.96410;;-0.18;8.18;
2026.02.11 17:00:07;Sell;0.12;AUDCAD;0.96770;;;2026.02.13 08:35:11;0.96199;;-1.24;50.28;
2026.02.11 15:00:05;Sell;0.06;AUDCAD;0.96363;;;2026.02.13 08:35:11;0.96199;;-0.61;7.22;
2026.02.09 02:00:17;Sell;0.03;AUDCAD;0.96056;;;2026.02.13 08:35:11;0.96199;;-0.47;-3.14;
2026.02.11 17:00:07;Sell;0.06;AUDCAD;0.96771;;;2026.02.13 07:29:25;0.96340;;-0.61;18.98;
2026.02.11 05:00:12;Sell;0.03;AUDCAD;0.96278;;;2026.02.13 07:29:25;0.96337;;-0.31;-1.30;
2026.02.12 18:00:16;Sell;0.06;NZDCAD;0.82470;;;2026.02.12 20:21:53;0.82154;;;13.91;
2026.02.11 13:45:05;Sell;0.03;NZDCAD;0.82072;;;2026.02.12 20:21:53;0.82155;;0.11;-1.82;
2026.02.11 20:00:14;Sell;0.24;AUDNZD;1.17825;;;2026.02.12 10:52:08;1.17366;;-3.74;66.79;
2026.02.11 05:00:12;Sell;0.12;AUDNZD;1.17479;;;2026.02.12 10:52:08;1.17366;;-1.87;8.22;
2026.02.09 11:00:07;Sell;0.06;AUDNZD;1.17079;;;2026.02.12 10:52:08;1.17366;;-1.55;-10.44;
2026.02.04 13:00:09;Sell;0.03;AUDNZD;1.16608;;;2026.02.12 10:52:08;1.17366;;-1.54;-13.79;
2026.02.09 11:00:16;Sell;0.03;EURGBP;0.87227;;;2026.02.11 16:46:29;0.86841;;0.12;15.82;
2026.02.05 11:10:17;Sell;0.03;EURGBP;0.86808;;;2026.02.11 16:45:29;0.86856;;0.24;-1.97;
2026.02.09 09:30:08;Sell;0.06;EURGBP;0.87196;;;2026.02.11 16:45:23;0.86856;;0.24;27.86;
2026.02.09 02:00:17;Sell;0.03;AUDCAD;0.96056;;;2026.02.10 18:55:52;0.95708;;-0.08;7.72;
2026.02.06 12:00:08;Sell;0.03;NZDCAD;0.81904;;;2026.02.10 06:32:34;0.81831;;0.08;1.61;
2026.02.06 20:00:07;Sell;0.06;NZDCAD;0.82175;;;2026.02.10 06:32:28;0.81832;;0.15;15.18;
2026.02.05 17:00:06;Buy;0.06;NZDCAD;0.81802;;;2026.02.06 18:49:08;0.82137;;-0.38;14.74;
2026.02.04 12:15:07;Buy;0.03;NZDCAD;0.82189;;;2026.02.06 18:49:08;0.82137;;-0.77;-1.14;
2026.02.05 23:00:06;Buy;0.06;AUDCAD;0.95107;;;2026.02.06 18:14:47;0.95632;;-0.34;23.10;
2026.02.04 20:00:06;Buy;0.03;AUDCAD;0.95423;;;2026.02.06 18:14:47;0.95632;;-0.69;4.60;
2026.02.05 23:30:06;Buy;0.03;NZDCAD;0.81553;;;2026.02.06 13:15:12;0.81921;;-0.19;8.07;
2026.02.05 12:00:10;Sell;0.03;EURGBP;0.86839;;;2026.02.06 11:55:16;0.86859;;0.06;-0.82;
2026.02.05 17:00:06;Sell;0.06;EURGBP;0.87156;;;2026.02.06 11:55:01;0.86856;;0.12;24.45;
2026.02.06 02:00:10;Buy;0.06;NZDCAD;0.81435;;;2026.02.06 08:11:37;0.81850;;;18.20;
2026.02.05 05:00:10;Buy;0.03;NZDCAD;0.81845;;;2026.02.06 08:11:37;0.81849;;-0.19;0.09;
2026.02.06 02:00:10;Buy;0.06;AUDCAD;0.94836;;;2026.02.06 08:11:19;0.95245;;;17.93;
2026.02.05 05:00:10;Buy;0.03;AUDCAD;0.95315;;;2026.02.06 08:11:19;0.95243;;-0.17;-1.58;
2026.02.04 17:00:10;Sell;0.03;NZDCAD;0.82145;;;2026.02.05 17:15:10;0.81746;;0.11;8.76;
2026.02.02 17:30:12;Buy;0.06;EURGBP;0.86463;;;2026.02.05 11:10:17;0.86808;;-3.46;28.13;
2026.01.23 11:43:50;Buy;0.03;EURGBP;0.86834;;;2026.02.05 11:10:17;0.86808;;-4.54;-1.06;
2026.02.02 21:00:07;Buy;0.06;EURGBP;0.86312;;;2026.02.05 08:27:17;0.86607;;-3.46;24.09;
2026.01.28 18:00:06;Buy;0.03;EURGBP;0.86626;;;2026.02.05 08:27:17;0.86607;;-3.49;-0.78;
2026.02.03 09:00:07;Sell;0.03;NZDCAD;0.82519;;;2026.02.05 04:15:42;0.81854;;0.15;14.58;
2026.02.03 06:00:08;Sell;0.06;AUDCAD;0.95897;;;2026.02.04 19:40:06;0.95374;;-0.15;22.94;
2026.02.02 18:00:10;Sell;0.03;AUDCAD;0.95062;;;2026.02.04 19:40:06;0.95374;;-0.16;-6.84;
2026.02.03 06:00:08;Sell;0.06;AUDCAD;0.95895;;;2026.02.04 19:39:42;0.95415;;-0.15;21.06;
2026.02.02 19:00:07;Sell;0.03;AUDCAD;0.95157;;;2026.02.04 19:39:42;0.95414;;-0.16;-5.64;
2026.02.02 19:15:23;Sell;0.06;NZDCAD;0.82210;;;2026.02.04 17:00:10;0.82177;;0.15;1.45;
2026.01.29 17:15:17;Sell;0.03;NZDCAD;0.81863;;;2026.02.04 17:00:10;0.82177;;0.16;-6.89;
2026.02.03 09:15:08;Sell;0.12;NZDCAD;0.82555;;;2026.02.04 17:00:07;0.82178;;0.15;33.10;
2026.02.03 09:45:08;Sell;0.06;NZDCAD;0.82667;;;2026.02.04 03:12:09;0.82344;;0.08;14.20;
2026.02.02 19:15:24;Sell;0.03;NZDCAD;0.82210;;;2026.02.04 03:12:09;0.82344;;0.08;-2.94;
2026.01.29 18:00:19;Buy;0.03;NZDCAD;0.81771;;;2026.02.03 06:04:08;0.82455;;-0.58;15.03;
2026.02.02 06:00:09;Buy;0.03;AUDNZD;1.15363;;;2026.02.02 17:57:15;1.15870;;;9.12;
2026.01.30 09:00:18;Buy;0.03;AUDCAD;0.94509;;;2026.01.30 17:44:12;0.94980;;;10.45;
2026.01.29 17:30:09;Buy;0.03;NZDCAD;0.81810;;;2026.01.30 16:35:28;0.82122;;-0.20;6.91;
2026.01.29 18:00:07;Buy;0.03;AUDCAD;0.94588;;;2026.01.29 22:59:03;0.95041;;;10.07;
2026.01.29 18:00:07;Buy;0.03;AUDCAD;0.94587;;;2026.01.29 19:24:16;0.94969;;;8.49;
2026.01.20 03:00:12;Sell;0.06;NZDCAD;0.80438;;;2026.01.29 17:21:02;0.81778;;0.81;-59.32;
2026.01.19 05:00:15;Sell;0.03;NZDCAD;0.80142;;;2026.01.29 17:21:02;0.81779;;0.46;-36.24;
2026.01.22 16:00:28;Sell;0.24;NZDCAD;0.81273;;;2026.01.29 17:21:00;0.81775;;2.09;-88.89;
2026.01.22 06:00:13;Sell;0.15;NZDCAD;0.81010;;;2026.01.29 17:20:59;0.81774;;1.30;-84.55;
2026.01.20 07:00:19;Sell;0.09;NZDCAD;0.80755;;;2026.01.29 17:20:59;0.81774;;1.22;-67.67;
2026.01.26 17:00:12;Sell;0.54;NZDCAD;0.81937;;;2026.01.29 17:20:53;0.81754;;3.38;72.90;
2026.01.23 01:00:29;Sell;0.36;NZDCAD;0.81598;;;2026.01.29 17:20:53;0.81754;;2.69;-41.43;
2026.01.29 06:00:22;Sell;0.81;NZDCAD;0.82208;;;2026.01.29 17:20:50;0.81748;;;274.88;
2026.01.21 09:00:31;Sell;0.03;NZDCAD;0.80863;;;2026.01.29 17:18:11;0.81784;;0.38;-20.38;
2026.01.26 01:15:13;Sell;0.12;NZDCAD;0.81767;;;2026.01.29 17:18:08;0.81767;;0.75;0.00;
2026.01.22 16:30:10;Sell;0.06;NZDCAD;0.81293;;;2026.01.29 17:18:08;0.81764;;0.52;-20.85;
2026.01.29 08:00:08;Sell;0.03;AUDNZD;1.16426;;;2026.01.29 17:17:59;1.15881;;;9.86;
2026.01.29 06:00:22;Sell;0.24;NZDCAD;0.82208;;;2026.01.29 17:17:59;0.81761;;;79.11;
2026.01.22 19:00:05;Sell;0.24;AUDCAD;0.94290;;;2026.01.29 17:17:14;0.94918;;-4.23;-111.20;
2026.01.22 03:00:08;Sell;0.12;AUDCAD;0.93866;;;2026.01.29 17:17:14;0.94925;;-2.12;-93.76;
2026.01.21 17:00:11;Sell;0.06;AUDCAD;0.93460;;;2026.01.29 17:17:14;0.94928;;-1.50;-64.99;
2026.01.15 20:00:06;Sell;0.03;AUDCAD;0.93151;;;2026.01.29 17:17:14;0.94933;;-1.03;-39.44;
2026.01.29 06:00:22;Sell;0.96;AUDCAD;0.95669;;;2026.01.29 17:17:11;0.94954;;;506.63;
2026.01.26 01:00:12;Sell;0.48;AUDCAD;0.94856;;;2026.01.29 17:17:11;0.94954;;-6.09;-34.72;
2026.01.29 06:45:15;Sell;0.03;NZDCAD;0.82297;;;2026.01.29 17:15:11;0.81913;;;8.51;
2026.01.22 03:00:08;Sell;0.06;AUDCAD;0.93866;;;2026.01.29 17:02:30;0.95273;;-1.06;-62.46;
2026.01.20 06:00:06;Sell;0.03;AUDCAD;0.93192;;;2026.01.29 17:02:30;0.95273;;-0.82;-46.19;
2026.01.22 19:00:05;Sell;0.12;AUDCAD;0.94290;;;2026.01.29 17:02:27;0.95272;;-2.12;-87.19;
2026.01.29 07:00:32;Sell;0.96;AUDCAD;0.95851;;;2026.01.29 17:02:21;0.95260;;;419.74;
2026.01.29 01:00:10;Sell;0.48;AUDCAD;0.95413;;;2026.01.29 17:02:21;0.95261;;;53.97;
2026.01.26 01:00:09;Sell;0.24;AUDCAD;0.94867;;;2026.01.29 17:02:21;0.95260;;-3.04;-69.78;
2026.01.19 06:00:06;Sell;0.12;NZDCAD;0.80185;;;2026.01.29 06:39:12;0.82307;;1.78;-188.32;
2026.01.12 08:30:02;Sell;0.06;NZDCAD;0.79853;;;2026.01.29 06:39:11;0.82307;;1.37;-108.89;
2026.01.09 09:30:14;Sell;0.03;NZDCAD;0.79539;;;2026.01.29 06:39:11;0.82307;;0.77;-61.42;
2026.01.20 18:00:24;Sell;0.48;NZDCAD;0.80853;;;2026.01.29 06:39:02;0.82308;;6.50;-516.50;
2026.01.20 03:30:09;Sell;0.24;NZDCAD;0.80494;;;2026.01.29 06:39:02;0.82308;;3.25;-321.97;
2026.01.26 16:45:10;Sell;3.84;NZDCAD;0.81893;;;2026.01.29 06:38:59;0.82314;;24.01;-1 195.58;
2026.01.22 23:30:28;Sell;1.92;NZDCAD;0.81508;;;2026.01.29 06:38:59;0.82309;;16.73;-1 137.36;
2026.01.22 13:30:27;Sell;0.96;NZDCAD;0.81177;;;2026.01.29 06:38:59;0.82309;;8.36;-803.68;
2026.01.23 18:00:10;Buy;0.03;EURGBP;0.86688;;;2026.01.27 22:49:05;0.87126;;-0.70;18.20;
2026.01.22 13:30:27;Sell;0.03;EURGBP;0.87178;;;2026.01.23 11:43:50;0.86834;;0.06;13.96;
2026.01.21 13:00:10;Sell;0.03;EURGBP;0.87308;;;2026.01.23 11:03:46;0.86931;;0.23;15.27;
2026.01.20 11:34:56;Sell;0.03;EURGBP;0.86986;;;2026.01.21 22:24:22;0.87051;;0.06;-2.62;
2026.01.21 15:00:16;Sell;0.06;EURGBP;0.87403;;;2026.01.21 22:24:13;0.87052;;;28.25;
2026.01.20 12:00:04;Buy;0.06;AUDNZD;1.15268;;;2026.01.21 17:18:07;1.15697;;-0.08;15.07;
2026.01.20 04:00:09;Buy;0.03;AUDNZD;1.15610;;;2026.01.21 17:18:07;1.15697;;-0.04;1.53;
2026.01.20 18:15:08;Sell;0.06;NZDCAD;0.80866;;;2026.01.21 02:59:13;0.80572;;0.07;12.75;
2026.01.19 23:45:13;Sell;0.03;NZDCAD;0.80440;;;2026.01.21 02:59:12;0.80572;;0.08;-2.86;
2026.01.05 15:00:05;Buy;0.02;EURGBP;0.86742;;;2026.01.20 13:37:34;0.87128;;-3.44;10.39;
2026.01.15 09:45:04;Buy;0.03;EURGBP;0.86560;;;2026.01.20 11:34:56;0.86986;;-1.02;17.22;
2026.01.13 18:00:23;Buy;0.06;NZDCAD;0.79811;;;2026.01.19 03:17:19;0.80152;;-2.22;14.72;
2026.01.13 10:00:14;Buy;0.03;NZDCAD;0.80100;;;2026.01.19 03:17:19;0.80152;;-1.12;1.13;
2026.01.15 19:12:55;Sell;0.03;AUDCAD;0.93192;;;2026.01.19 01:00:11;0.92824;;-0.14;7.93;
2026.01.13 17:45:12;Buy;0.03;NZDCAD;0.79769;;;2026.01.16 20:42:21;0.80082;;-0.94;6.75;
2026.01.13 18:00:23;Buy;0.03;AUDCAD;0.92822;;;2026.01.15 19:12:52;0.93192;;-0.67;7.98;
2026.01.14 20:00:10;Buy;0.03;AUDCAD;0.92639;;;2026.01.15 11:33:16;0.93093;;-0.50;9.79;
2026.01.12 18:00:10;Sell;0.03;AUDCAD;0.93201;;;2026.01.13 17:04:05;0.92853;;-0.07;7.52;
2026.01.08 10:15:02;Sell;0.02;EURGBP;0.86859;;;2026.01.13 04:39:49;0.86527;;0.12;8.95;
2026.01.09 11:00:06;Buy;0.03;NZDCAD;0.79517;;;2026.01.13 03:49:53;0.80184;;-0.37;14.42;
2026.01.08 08:30:07;Buy;0.02;NZDCAD;0.79831;;;2026.01.13 02:55:06;0.80146;;-0.36;4.54;
2026.01.07 06:00:09;Sell;0.02;AUDNZD;1.16753;;;2026.01.12 23:53:08;1.16251;;-0.49;5.79;
2026.01.09 10:34:06;Buy;0.03;AUDCAD;0.92652;;;2026.01.09 22:05:38;0.93019;;;7.91;
2026.01.07 04:00:05;Sell;0.16;AUDCAD;0.93243;;;2026.01.09 12:33:10;0.92649;;-1.56;68.51;
2026.01.06 18:00:05;Sell;0.08;AUDCAD;0.92762;;;2026.01.09 12:33:10;0.92649;;-0.97;6.52;
2026.01.05 19:00:19;Sell;0.04;AUDCAD;0.92402;;;2026.01.09 12:33:10;0.92651;;-0.59;-7.18;
2026.01.05 09:00:14;Sell;0.02;AUDCAD;0.91957;;;2026.01.09 12:33:09;0.92650;;-0.30;-10.00;
2026.01.06 23:00:07;Sell;0.08;AUDCAD;0.93046;;;2026.01.09 10:33:43;0.92649;;-0.97;22.88;
2026.01.06 09:00:10;Sell;0.04;AUDCAD;0.92660;;;2026.01.09 10:33:42;0.92649;;-0.49;0.32;
2026.01.05 17:00:05;Sell;0.02;AUDCAD;0.92245;;;2026.01.09 10:33:42;0.92649;;-0.30;-5.83;
2026.01.05 19:00:19;Sell;0.04;NZDCAD;0.79618;;;2026.01.09 09:51:08;0.79530;;0.29;2.53;
2026.01.05 09:00:14;Sell;0.02;NZDCAD;0.79223;;;2026.01.09 09:51:07;0.79530;;0.13;-4.43;
2026.01.06 05:00:06;Sell;0.06;NZDCAD;0.79832;;;2026.01.09 09:51:04;0.79528;;0.36;13.15;
2026.01.07 02:45:13;Sell;0.08;NZDCAD;0.79932;;;2026.01.09 09:30:14;0.79565;;0.39;21.16;
2026.01.06 22:04:19;Sell;0.04;NZDCAD;0.79808;;;2026.01.09 09:30:14;0.79565;;0.24;7.00;
2026.01.06 22:04:19;Sell;0.02;NZDCAD;0.79808;;;2026.01.09 09:30:14;0.79565;;0.11;3.50;
2026.01.06 11:30:16;Buy;0.04;EURGBP;0.86469;;;2026.01.08 09:32:40;0.86831;;-1.83;19.47;
2026.01.05 12:00:15;Buy;0.02;EURGBP;0.86909;;;2026.01.08 09:32:40;0.86831;;-1.15;-2.10;
2026.01.06 05:00:06;Sell;0.04;GBPUSD;1.35565;;;2026.01.06 13:05:58;1.35289;;;11.04;
2026.01.05 19:00:18;Sell;0.02;GBPUSD;1.35249;;;2026.01.06 13:05:58;1.35289;;-0.06;-0.80;
2026.01.06 05:00:06;Sell;0.02;AUDUSD;0.67229;;;2026.01.06 11:12:17;0.67192;;;0.74;
2026.01.06 09:00:10;Sell;0.04;AUDUSD;0.67369;;;2026.01.06 11:12:14;0.67194;;;7.00;
2025.12.17 03:00:11;Buy;0.04;AUDCAD;0.91164;;;2025.12.23 09:17:43;0.91655;;-1.32;14.29;
2025.12.15 01:00:14;Buy;0.02;AUDCAD;0.91566;;;2025.12.23 09:17:43;0.91655;;-0.88;1.30;
2025.12.17 03:00:12;Buy;0.08;AUDCAD;0.91165;;;2025.12.23 02:30:22;0.91565;;-2.63;23.28;
2025.12.12 18:00:06;Buy;0.04;AUDCAD;0.91566;;;2025.12.23 02:30:21;0.91566;;-1.98;0.00;
2025.12.05 19:00:10;Buy;0.02;AUDCAD;0.91951;;;2025.12.23 02:30:21;0.91566;;-1.76;-5.60;
2025.12.16 08:30:25;Sell;0.04;EURGBP;0.87950;;;2025.12.16 12:51:56;0.87587;;;19.49;
2025.12.04 11:00:16;Sell;0.02;EURGBP;0.87503;;;2025.12.16 12:51:56;0.87587;;0.40;-2.25;
2025.12.09 07:00:13;Sell;0.04;NZDCAD;0.80153;;;2025.12.15 04:04:28;0.79824;;0.29;9.56;
2025.12.08 19:00:17;Sell;0.02;NZDCAD;0.79865;;;2025.12.15 04:04:28;0.79822;;0.15;0.63;
2025.12.03 18:00:13;Buy;0.02;EURGBP;0.87465;;;2025.12.12 17:51:02;0.87867;;-2.52;10.74;
2025.12.10 22:15:12;Sell;0.02;NZDCAD;0.80282;;;2025.12.11 08:21:18;0.79995;;0.07;4.16;
2025.12.10 23:00:05;Sell;0.02;AUDUSD;0.66786;;;2025.12.11 04:54:02;0.66529;;-0.04;5.14;
2025.12.09 16:45:06;Buy;0.02;NZDCAD;0.79951;;;2025.12.10 22:14:15;0.80281;;-0.12;4.78;
2025.12.08 17:15:10;Buy;0.04;NZDCAD;0.79719;;;2025.12.09 04:51:21;0.80049;;-0.25;9.53;
2025.12.05 17:45:07;Buy;0.02;NZDCAD;0.80136;;;2025.12.09 04:51:21;0.80049;;-0.24;-1.26;
2025.12.05 13:00:29;Sell;0.10;AUDUSD;0.66350;;;2025.12.08 17:10:05;0.66209;;-0.06;14.10;
2025.12.04 18:00:15;Sell;0.06;AUDUSD;0.66189;;;2025.12.08 17:10:04;0.66209;;-0.08;-1.20;
2025.12.04 02:00:06;Sell;0.04;AUDUSD;0.66034;;;2025.12.08 17:10:04;0.66209;;-0.04;-7.00;
2025.12.03 18:00:13;Sell;0.02;NZDCAD;0.80367;;;2025.12.08 17:10:04;0.79713;;0.11;9.46;
2025.12.03 16:00:09;Sell;0.02;AUDUSD;0.65905;;;2025.12.08 17:10:03;0.66209;;-0.06;-6.08;
2025.12.05 13:00:29;Sell;0.16;AUDCAD;0.92519;;;2025.12.05 18:18:00;0.91921;;;69.01;
2025.12.03 23:00:09;Sell;0.08;AUDCAD;0.92080;;;2025.12.05 18:17:59;0.91921;;-0.76;9.17;
2025.12.02 10:00:15;Sell;0.04;AUDCAD;0.91744;;;2025.12.05 18:17:59;0.91921;;-0.49;-5.11;
2025.11.26 06:00:10;Sell;0.02;AUDCAD;0.91475;;;2025.12.05 18:17:59;0.91921;;-0.53;-6.43;
2025.12.03 23:00:09;Sell;0.04;AUDCAD;0.92080;;;2025.12.05 17:45:02;0.92107;;-0.39;-0.78;
2025.12.02 08:00:14;Sell;0.02;AUDCAD;0.91716;;;2025.12.05 17:45:01;0.92107;;-0.24;-5.64;
2025.12.05 13:00:29;Sell;0.08;AUDCAD;0.92520;;;2025.12.05 17:44:58;0.92109;;;23.72;
2025.12.04 10:00:09;Sell;0.16;NZDCAD;0.80590;;;2025.12.05 17:30:23;0.80182;;0.19;47.10;
2025.11.27 03:15:23;Sell;0.08;NZDCAD;0.80185;;;2025.12.05 17:30:23;0.80182;;0.77;0.17;
2025.11.26 03:15:15;Sell;0.04;NZDCAD;0.79772;;;2025.12.05 17:30:22;0.80182;;0.53;-11.83;
2025.11.25 19:15:05;Sell;0.02;NZDCAD;0.79217;;;2025.12.05 17:30:22;0.80182;;0.26;-13.92;
2025.12.01 10:30:09;Sell;0.02;EURGBP;0.87893;;;2025.12.03 17:00:03;0.87606;;0.08;7.65;
2025.12.03 08:00:19;Sell;0.04;NZDCAD;0.80383;;;2025.12.03 16:08:40;0.80063;;;9.17;
2025.11.28 19:00:07;Sell;0.02;NZDCAD;0.80144;;;2025.12.03 16:08:40;0.80063;;0.06;1.16;
2025.11.28 17:10:11;Buy;0.02;AUDCAD;0.91373;;;2025.12.02 07:15:48;0.91739;;-0.22;5.22;
2025.11.26 16:00:14;Buy;0.04;EURGBP;0.87575;;;2025.12.01 10:25:38;0.87873;;-2.26;15.76;
2025.11.21 19:00:07;Buy;0.02;EURGBP;0.87849;;;2025.12.01 10:25:37;0.87872;;-1.83;0.61;
2025.11.28 17:00:10;Sell;0.02;AUDUSD;0.65366;;;2025.12.01 07:08:54;0.65382;;-0.01;-0.32;
2025.11.28 18:00:07;Sell;0.04;AUDUSD;0.65573;;;2025.12.01 07:08:42;0.65382;;-0.02;7.64;
2025.11.28 03:00:07;Sell;0.04;AUDCAD;0.91706;;;2025.11.28 17:10:11;0.91373;;;9.54;
2025.11.26 03:00:05;Sell;0.02;AUDCAD;0.91360;;;2025.11.28 17:10:11;0.91373;;-0.19;-0.19;
2025.11.27 06:00:13;Sell;0.16;NZDCAD;0.80353;;;2025.11.28 16:55:46;0.79988;;0.19;41.77;
2025.11.26 05:00:10;Sell;0.10;NZDCAD;0.80083;;;2025.11.28 16:55:45;0.79988;;0.47;6.79;
2025.11.26 04:00:13;Sell;0.06;NZDCAD;0.79821;;;2025.11.28 16:55:45;0.79988;;0.28;-7.16;
2025.11.26 02:00:14;Sell;0.04;NZDCAD;0.79312;;;2025.11.28 16:55:45;0.79988;;0.19;-19.34;
2025.11.20 16:00:16;Sell;0.02;NZDCAD;0.79033;;;2025.11.28 16:55:45;0.79988;;0.17;-13.66;
2025.11.26 14:15:12;Sell;0.02;EURGBP;0.88112;;;2025.11.26 14:57:52;0.87747;;;9.63;
2025.11.25 19:45:08;Buy;0.04;EURGBP;0.87705;;;2025.11.26 14:09:17;0.88073;;-0.45;19.34;
2025.11.17 10:00:05;Buy;0.02;EURGBP;0.88144;;;2025.11.26 14:09:17;0.88073;;-2.06;-1.86;
2025.11.26 08:00:08;Sell;0.04;AUDUSD;0.65054;;;2025.11.26 13:30:10;0.64882;;;6.88;
2025.11.26 04:00:13;Sell;0.02;AUDUSD;0.64888;;;2025.11.26 13:30:10;0.64882;;;0.12;
2025.11.18 09:00:06;Buy;0.04;AUDCAD;0.90999;;;2025.11.26 05:27:28;0.91501;;-1.70;14.27;
2025.11.17 18:00:07;Buy;0.02;AUDCAD;0.91312;;;2025.11.26 05:27:28;0.91501;;-0.98;2.69;
2025.11.18 09:00:07;Buy;0.04;AUDCAD;0.90999;;;2025.11.26 02:30:41;0.91347;;-1.70;9.87;
2025.11.17 13:00:05;Buy;0.02;AUDCAD;0.91366;;;2025.11.26 02:30:40;0.91347;;-0.98;-0.27;
2025.11.20 19:00:10;Buy;0.02;AUDUSD;0.64484;;;2025.11.21 15:17:12;0.64495;;-0.11;0.22;
2025.11.21 14:00:09;Buy;0.04;AUDUSD;0.64311;;;2025.11.21 15:17:06;0.64496;;;7.40;
2025.11.20 16:30:04;Sell;0.02;NZDCAD;0.79112;;;2025.11.20 20:54:14;0.78829;;;4.02;
2025.11.19 22:00:09;Buy;0.04;NZDCAD;0.78635;;;2025.11.20 15:43:24;0.79062;;-0.72;12.17;
2025.11.19 17:45:07;Buy;0.02;NZDCAD;0.78670;;;2025.11.20 15:43:24;0.79062;;-0.36;5.58;
2025.11.19 05:00:09;Buy;0.02;NZDCAD;0.78878;;;2025.11.20 15:43:23;0.79062;;-0.36;2.62;
2025.11.14 04:00:11;Sell;0.02;NZDCAD;0.79569;;;2025.11.19 03:42:14;0.78937;;0.06;9.03;
2025.11.17 22:00:07;Buy;0.02;AUDUSD;0.64837;;;2025.11.18 15:26:41;0.65084;;-0.11;4.94;
2025.11.11 10:00:23;Sell;0.02;EURGBP;0.88069;;;2025.11.17 11:17:31;0.88073;;0.24;-0.10;
2025.11.12 17:00:18;Sell;0.04;EURGBP;0.88369;;;2025.11.17 11:17:25;0.88067;;0.39;15.90;
2025.11.14 13:00:05;Buy;0.02;AUDUSD;0.65149;;;2025.11.14 17:46:53;0.65413;;;5.28;
2025.11.13 03:00:11;Sell;0.02;AUDCAD;0.91790;;;2025.11.14 13:06:54;0.91435;;-0.05;5.05;
2025.11.11 10:24:44;Sell;0.02;EURGBP;0.88115;;;2025.11.14 10:44:28;0.88159;;0.20;-1.16;
2025.11.14 02:45:34;Sell;0.04;EURGBP;0.88506;;;2025.11.14 10:44:19;0.88182;;;17.10;
2025.11.13 10:00:15;Sell;0.02;AUDCAD;0.91988;;;2025.11.14 09:21:27;0.91559;;-0.05;6.12;
2025.11.07 10:00:09;Buy;0.24;NZDCAD;0.79163;;;2025.11.14 03:44:44;0.79543;;-10.16;65.02;
2025.11.07 05:00:37;Buy;0.16;NZDCAD;0.79432;;;2025.11.14 03:44:43;0.79543;;-6.77;12.67;
2025.11.04 12:00:13;Buy;0.10;NZDCAD;0.79672;;;2025.11.14 03:44:43;0.79544;;-7.19;-9.13;
2025.11.04 08:00:08;Buy;0.06;NZDCAD;0.79929;;;2025.11.14 03:44:43;0.79544;;-4.30;-16.47;
2025.10.31 06:00:07;Buy;0.04;NZDCAD;0.80176;;;2025.11.14 03:44:43;0.79543;;-3.36;-18.06;
2025.10.27 11:00:16;Buy;0.02;NZDCAD;0.80419;;;2025.11.14 03:44:43;0.79543;;-2.40;-12.50;
2025.11.13 10:00:15;Sell;0.02;AUDUSD;0.65742;;;2025.11.13 15:41:45;0.65491;;;5.02;
2025.11.07 21:00:09;Buy;0.32;NZDCAD;0.78983;;;2025.11.13 10:34:58;0.79435;;-11.60;103.39;
2025.11.07 05:45:13;Buy;0.16;NZDCAD;0.79388;;;2025.11.13 10:34:58;0.79435;;-5.80;5.37;
2025.11.04 11:15:12;Buy;0.08;NZDCAD;0.79807;;;2025.11.13 10:34:58;0.79435;;-5.25;-21.27;
2025.10.31 05:00:07;Buy;0.04;NZDCAD;0.80206;;;2025.11.13 10:34:58;0.79435;;-3.12;-22.05;
2025.10.28 16:45:14;Buy;0.02;NZDCAD;0.80616;;;2025.11.13 10:34:58;0.79435;;-2.16;-16.88;
2025.11.10 08:00:26;Sell;0.02;AUDUSD;0.65263;;;2025.11.12 01:00:09;0.65281;;-0.02;-0.36;
2025.11.10 14:00:07;Buy;0.02;EURGBP;0.87760;;;2025.11.11 10:24:44;0.88115;;-0.23;9.32;
2025.11.07 16:00:07;Buy;0.02;AUDCAD;0.91246;;;2025.11.10 19:50:15;0.91607;;-0.11;5.16;
2025.11.04 20:00:11;Sell;0.02;EURGBP;0.88135;;;2025.11.10 14:47:47;0.87751;;0.23;10.12;
2025.11.07 18:00:17;Buy;0.02;AUDCAD;0.91105;;;2025.11.10 07:47:27;0.91552;;-0.11;6.38;
2025.10.28 17:00:12;Sell;0.04;EURGBP;0.87800;;;2025.11.10 01:00:24;0.87867;;1.02;-3.53;
2025.10.24 17:45:17;Sell;0.02;EURGBP;0.87354;;;2025.11.10 01:00:24;0.87867;;0.59;-13.50;
2025.11.05 03:30:20;Sell;0.08;EURGBP;0.88254;;;2025.11.10 01:00:21;0.87874;;0.76;40.00;
2025.11.04 12:00:13;Buy;0.02;AUDCAD;0.91385;;;2025.11.05 18:51:36;0.91851;;-0.11;6.61;
2025.11.04 12:00:13;Buy;0.02;AUDCAD;0.91385;;;2025.11.05 17:27:54;0.91764;;-0.11;5.37;
2025.11.05 03:00:08;Buy;0.04;AUDUSD;0.64746;;;2025.11.05 05:54:44;0.64931;;;7.40;
2025.11.04 12:00:14;Buy;0.02;AUDUSD;0.64942;;;2025.11.05 05:54:44;0.64931;;-0.11;-0.22;
2025.10.27 20:00:27;Sell;0.04;AUDCAD;0.91747;;;2025.11.04 11:54:55;0.91408;;-0.72;9.64;
2025.10.24 16:00:05;Sell;0.02;AUDCAD;0.91353;;;2025.11.04 11:54:55;0.91407;;-0.38;-0.77;
2025.10.30 16:00:07;Buy;0.02;AUDUSD;0.65385;;;2025.11.03 06:00:16;0.65527;;-0.22;2.84;
2025.10.28 18:00:07;Sell;0.16;EURGBP;0.87842;;;2025.10.31 18:43:13;0.87829;;1.55;2.73;
2025.10.28 12:00:06;Sell;0.08;EURGBP;0.87555;;;2025.10.31 18:43:13;0.87829;;0.76;-28.77;
2025.10.24 11:00:31;Sell;0.04;EURGBP;0.87256;;;2025.10.31 18:43:13;0.87829;;0.55;-30.09;
2025.10.16 20:00:19;Sell;0.02;EURGBP;0.86963;;;2025.10.31 18:43:13;0.87829;;0.60;-22.73;
2025.10.29 14:00:09;Sell;0.32;EURGBP;0.88113;;;2025.10.31 18:42:58;0.87819;;2.46;123.48;
2025.10.27 12:00:04;Sell;0.02;AUDUSD;0.65528;;;2025.10.29 15:26:21;0.65883;;-0.02;-7.10;
2025.10.29 11:00:02;Sell;0.10;AUDUSD;0.66118;;;2025.10.29 15:26:16;0.65883;;;23.50;
2025.10.29 04:00:06;Sell;0.06;AUDUSD;0.65973;;;2025.10.29 15:26:16;0.65883;;;5.40;
2025.10.28 18:00:07;Sell;0.04;AUDUSD;0.65765;;;2025.10.29 15:26:15;0.65883;;-0.02;-4.72;
2025.10.21 19:00:11;Sell;0.02;NZDCAD;0.80480;;;2025.10.27 10:56:42;0.80428;;0.01;0.75;
2025.10.27 01:00:10;Sell;0.04;NZDCAD;0.80741;;;2025.10.27 10:56:30;0.80427;;;8.99;
2025.10.27 01:00:10;Sell;0.04;NZDCAD;0.80741;;;2025.10.27 10:27:49;0.80469;;;7.78;
2025.10.15 10:15:16;Sell;0.02;NZDCAD;0.80406;;;2025.10.27 10:27:48;0.80469;;0.02;-0.90;
2025.10.15 09:15:16;Buy;0.02;EURGBP;0.86995;;;2025.10.24 17:38:49;0.87342;;-2.51;9.24;
2025.10.20 19:00:15;Sell;0.02;AUDCAD;0.91403;;;2025.10.21 15:33:54;0.90972;;-0.05;6.15;
2025.10.20 18:00:09;Sell;0.02;AUDCAD;0.91351;;;2025.10.21 15:32:09;0.91007;;-0.05;4.91;
2025.10.20 19:00:15;Sell;0.04;NZDCAD;0.80657;;;2025.10.21 11:05:29;0.80323;;0.01;9.50;
2025.10.15 12:00:22;Sell;0.02;NZDCAD;0.80401;;;2025.10.21 11:05:29;0.80323;;0.01;1.11;
2025.10.21 04:00:09;Sell;0.02;AUDUSD;0.65223;;;2025.10.21 08:18:35;0.64988;;;4.70;
2025.10.17 05:00:08;Buy;0.02;AUDCAD;0.90924;;;2025.10.20 18:20:31;0.91389;;-0.11;6.63;
2025.10.17 05:00:08;Buy;0.02;AUDCAD;0.90924;;;2025.10.20 17:15:52;0.91298;;-0.11;5.33;
2025.10.17 07:00:28;Buy;0.02;AUDUSD;0.64693;;;2025.10.17 14:13:46;0.64923;;;4.60;
2025.09.19 10:00:02;Sell;0.04;EURGBP;0.87110;;;2025.10.16 16:03:00;0.86726;;2.12;20.65;
2025.09.16 18:00:19;Sell;0.02;EURGBP;0.86779;;;2025.10.16 16:03:00;0.86726;;1.28;1.43;
2025.09.23 05:00:16;Sell;0.08;EURGBP;0.87367;;;2025.10.16 16:02:57;0.86723;;3.91;69.26;
2025.10.15 13:00:16;Sell;0.02;AUDCAD;0.91533;;;2025.10.16 03:30:38;0.91139;;-0.14;5.61;
2025.10.15 13:00:16;Sell;0.04;AUDUSD;0.65210;;;2025.10.15 20:08:12;0.65029;;;7.24;
2025.10.15 06:00:28;Sell;0.02;AUDUSD;0.65075;;;2025.10.15 20:08:12;0.65029;;;0.92;
2025.10.14 08:30:09;Buy;0.04;NZDCAD;0.80051;;;2025.10.15 10:08:16;0.80396;;-0.22;9.84;
2025.10.10 15:45:15;Buy;0.02;NZDCAD;0.80471;;;2025.10.15 10:08:16;0.80396;;-0.33;-1.07;
2025.10.14 13:00:16;Buy;0.04;NZDCAD;0.79999;;;2025.10.15 05:19:51;0.80342;;-0.22;9.78;
2025.10.10 19:00:09;Buy;0.02;NZDCAD;0.80256;;;2025.10.15 05:19:51;0.80342;;-0.33;1.23;
2025.10.13 13:45:16;Buy;0.02;EURGBP;0.86866;;;2025.10.14 17:57:56;0.87203;;-0.23;8.96;
2025.10.14 11:00:06;Buy;0.04;AUDUSD;0.64557;;;2025.10.14 17:17:45;0.64711;;;6.16;
2025.10.14 09:00:09;Buy;0.02;AUDUSD;0.64696;;;2025.10.14 17:17:45;0.64711;;;0.30;
2025.10.10 19:00:09;Buy;0.04;AUDCAD;0.90914;;;2025.10.13 18:14:12;0.91414;;-0.22;14.26;
2025.10.10 18:00:15;Buy;0.02;AUDCAD;0.91510;;;2025.10.13 18:14:12;0.91414;;-0.11;-1.37;
2025.10.10 19:00:09;Buy;0.04;AUDCAD;0.90914;;;2025.10.13 18:13:03;0.91399;;-0.22;13.83;
2025.10.10 16:00:11;Buy;0.02;AUDCAD;0.91675;;;2025.10.13 18:13:03;0.91399;;-0.11;-3.93;
2025.10.09 20:00:10;Buy;0.02;AUDUSD;0.65485;;;2025.10.13 04:34:20;0.65229;;-0.22;-5.12;
2025.10.10 19:00:09;Buy;0.04;AUDUSD;0.64936;;;2025.10.13 04:34:14;0.65232;;-0.22;11.84;
2025.10.10 14:00:12;Sell;0.02;EURGBP;0.87216;;;2025.10.13 01:00:30;0.87033;;0.04;4.88;
2025.10.09 06:00:17;Sell;0.02;NZDCAD;0.80880;;;2025.10.10 18:14:19;0.80244;;;9.10;
2025.10.09 16:00:21;Sell;0.02;AUDCAD;0.92095;;;2025.10.10 15:30:14;0.91765;;-0.05;4.72;
2025.10.06 10:53:10;Buy;0.02;EURGBP;0.86784;;;2025.10.10 12:54:02;0.87126;;-1.37;9.09;
2025.10.08 05:00:28;Buy;0.02;AUDCAD;0.91678;;;2025.10.09 15:36:51;0.92131;;-0.33;6.50;
2025.10.07 11:00:21;Buy;0.02;NZDCAD;0.81040;;;2025.10.09 04:11:55;0.80824;;-0.44;-3.10;
2025.10.08 05:00:07;Buy;0.04;NZDCAD;0.80323;;;2025.10.09 04:11:43;0.80834;;-0.65;14.66;
2025.10.08 12:00:09;Buy;0.04;AUDCAD;0.91553;;;2025.10.08 23:15:27;0.91930;;;10.81;
2025.10.07 11:00:21;Buy;0.02;AUDCAD;0.91977;;;2025.10.08 23:15:26;0.91930;;-0.11;-0.68;
2025.10.08 04:15:06;Buy;0.02;NZDCAD;0.80250;;;2025.10.08 16:10:08;0.80590;;;4.88;
2025.09.30 08:00:14;Sell;0.02;AUDCAD;0.91902;;;2025.10.08 04:00:14;0.91683;;-0.39;3.14;
2025.09.30 18:00:12;Sell;0.04;AUDCAD;0.92193;;;2025.10.08 04:00:08;0.91714;;-0.78;13.72;
2025.10.01 16:45:13;Sell;0.04;NZDCAD;0.81167;;;2025.10.08 03:12:03;0.80857;;0.06;8.88;
2025.10.01 09:30:28;Sell;0.02;NZDCAD;0.80757;;;2025.10.08 03:12:03;0.80857;;0.01;-1.43;
2025.10.01 16:00:05;Sell;0.02;NZDCAD;0.81117;;;2025.10.07 10:47:10;0.81052;;0.01;0.93;
2025.10.02 11:00:14;Sell;0.04;NZDCAD;0.81377;;;2025.10.07 10:47:04;0.81050;;0.03;9.37;
2025.10.06 17:00:22;Sell;0.08;AUDCAD;0.92378;;;2025.10.07 10:24:08;0.91958;;-0.19;24.06;
2025.09.30 12:00:08;Sell;0.04;AUDCAD;0.91930;;;2025.10.07 10:24:08;0.91958;;-0.68;-0.80;
2025.09.29 18:00:07;Sell;0.02;AUDCAD;0.91540;;;2025.10.07 10:24:08;0.91958;;-0.39;-5.99;
2025.10.02 13:30:14;Sell;0.02;EURGBP;0.87119;;;2025.10.06 10:52:58;0.86785;;0.08;8.98;
2025.09.25 17:00:12;Buy;0.02;NZDCAD;0.80365;;;2025.10.01 15:15:57;0.81046;;-0.44;9.78;
2025.09.23 11:45:10;Sell;0.08;EURGBP;0.87429;;;2025.10.01 15:15:00;0.87028;;1.26;43.23;
2025.09.18 21:45:11;Sell;0.04;EURGBP;0.86983;;;2025.10.01 15:15:00;0.87028;;0.87;-2.42;
2025.09.11 10:30:16;Sell;0.02;EURGBP;0.86547;;;2025.10.01 15:15:00;0.87021;;0.72;-12.77;
2025.09.30 08:00:05;Sell;0.02;AUDUSD;0.66056;;;2025.09.30 10:41:57;0.65766;;;5.80;
2025.09.25 17:15:13;Buy;0.04;NZDCAD;0.80345;;;2025.09.30 09:29:56;0.80669;;-0.66;9.32;
2025.09.24 16:45:09;Buy;0.02;NZDCAD;0.80762;;;2025.09.30 09:29:56;0.80669;;-0.66;-1.33;
2025.09.25 17:00:12;Buy;0.02;AUDCAD;0.91123;;;2025.09.29 07:50:09;0.91473;;-0.22;5.03;
2025.09.25 21:00:41;Buy;0.04;AUDUSD;0.65335;;;2025.09.26 21:58:50;0.65509;;-0.22;6.96;
2025.09.25 17:00:12;Buy;0.02;AUDUSD;0.65479;;;2025.09.26 21:58:50;0.65509;;-0.11;0.60;
2025.09.22 20:00:12;Sell;0.02;NZDCAD;0.81066;;;2025.09.25 16:50:14;0.80402;;0.01;9.54;
2025.09.23 13:00:06;Sell;0.02;AUDCAD;0.91333;;;2025.09.25 15:30:08;0.91359;;-0.19;-0.37;
2025.09.24 11:00:16;Sell;0.04;AUDCAD;0.91671;;;2025.09.25 15:30:05;0.91352;;-0.29;9.17;
2025.09.19 19:00:12;Buy;0.04;AUDCAD;0.90839;;;2025.09.22 21:56:09;0.91192;;-0.22;10.22;
2025.09.18 23:00:05;Buy;0.02;AUDCAD;0.91218;;;2025.09.22 21:56:09;0.91192;;-0.22;-0.38;
2025.09.19 18:45:16;Buy;0.16;NZDCAD;0.80677;;;2025.09.22 21:11:50;0.81098;;-0.88;48.74;
2025.09.18 16:45:11;Buy;0.08;NZDCAD;0.81100;;;2025.09.22 21:11:50;0.81098;;-0.88;-0.12;
2025.09.18 08:00:13;Buy;0.04;NZDCAD;0.81508;;;2025.09.22 21:11:50;0.81098;;-0.44;-11.87;
2025.09.18 02:00:10;Buy;0.02;NZDCAD;0.81894;;;2025.09.22 21:11:49;0.81098;;-0.22;-11.52;
2025.09.22 04:00:10;Buy;0.06;AUDUSD;0.65863;;;2025.09.22 20:59:09;0.65977;;;6.84;
2025.09.19 09:00:17;Buy;0.04;AUDUSD;0.65983;;;2025.09.22 20:59:09;0.65977;;-0.22;-0.24;
2025.09.18 18:00:22;Buy;0.02;AUDUSD;0.66136;;;2025.09.22 20:59:09;0.65977;;-0.22;-3.18;
2025.09.18 03:00:23;Buy;0.02;NZDCAD;0.81725;;;2025.09.22 19:25:53;0.81052;;-0.22;-9.74;
2025.09.19 19:00:12;Buy;0.16;NZDCAD;0.80685;;;2025.09.22 19:25:41;0.81051;;-0.88;42.37;
2025.09.19 16:00:24;Buy;0.10;NZDCAD;0.80971;;;2025.09.22 19:25:41;0.81051;;-0.55;5.79;
2025.09.18 12:00:11;Buy;0.06;NZDCAD;0.81200;;;2025.09.22 19:25:41;0.81051;;-0.66;-6.47;
2025.09.18 09:00:05;Buy;0.04;NZDCAD;0.81472;;;2025.09.22 19:25:41;0.81051;;-0.44;-12.19;
2025.09.10 17:00:06;Sell;0.64;AUDCAD;0.91693;;;2025.09.18 22:42:21;0.91192;;-15.37;232.49;
2025.09.09 13:00:13;Sell;0.32;AUDCAD;0.91331;;;2025.09.18 22:42:21;0.91192;;-8.44;32.25;
2025.09.05 17:00:05;Sell;0.16;AUDCAD;0.90898;;;2025.09.18 22:42:21;0.91192;;-4.99;-34.11;
2025.09.03 16:00:10;Sell;0.08;AUDCAD;0.90238;;;2025.09.18 22:42:21;0.91192;;-3.24;-55.34;
2025.08.22 18:00:08;Sell;0.04;AUDCAD;0.89810;;;2025.09.18 22:42:21;0.91192;;-2.55;-40.08;
2025.08.22 17:00:31;Sell;0.02;AUDCAD;0.89684;;;2025.09.18 22:42:21;0.91192;;-1.31;-21.87;
2025.09.10 07:00:14;Sell;0.16;AUDCAD;0.91470;;;2025.09.18 08:11:51;0.91372;;-3.85;11.37;
2025.09.08 19:00:11;Sell;0.08;AUDCAD;0.91068;;;2025.09.18 08:11:51;0.91372;;-2.29;-17.64;
2025.09.05 16:00:14;Sell;0.04;AUDCAD;0.90702;;;2025.09.18 08:11:51;0.91372;;-1.27;-19.44;
2025.09.03 16:00:10;Sell;0.02;AUDCAD;0.90238;;;2025.09.18 08:11:50;0.91372;;-0.82;-16.44;
2025.09.11 18:00:04;Sell;0.32;AUDCAD;0.92006;;;2025.09.18 08:11:35;0.91368;;-5.39;148.08;
2025.09.12 21:00:07;Sell;0.02;NZDCAD;0.82463;;;2025.09.18 02:12:08;0.81792;;0.01;9.75;
2025.09.17 16:15:06;Sell;0.02;NZDCAD;0.82326;;;2025.09.17 21:54:04;0.82038;;;4.18;
2025.09.11 21:00:05;Sell;0.16;NZDCAD;0.82622;;;2025.09.15 22:57:37;0.82210;;0.06;47.87;
2025.09.09 13:00:13;Sell;0.08;NZDCAD;0.82205;;;2025.09.15 22:57:37;0.82210;;0.07;-0.29;
2025.09.08 10:00:08;Sell;0.04;NZDCAD;0.81780;;;2025.09.15 22:57:37;0.82211;;0.06;-12.52;
2025.09.05 15:45:06;Sell;0.02;NZDCAD;0.81386;;;2025.09.15 22:57:37;0.82211;;0.01;-11.98;
2025.09.11 17:00:30;Sell;0.02;NZDCAD;0.82403;;;2025.09.12 15:34:02;0.82352;;;0.73;
2025.09.12 03:00:08;Sell;0.04;NZDCAD;0.82677;;;2025.09.12 15:33:59;0.82354;;;9.33;
2025.09.11 23:00:11;Sell;0.04;AUDUSD;0.66623;;;2025.09.12 11:49:31;0.66457;;-0.02;6.64;
2025.09.11 18:00:04;Sell;0.02;AUDUSD;0.66485;;;2025.09.12 11:49:31;0.66457;;-0.01;0.56;
2025.09.05 17:00:05;Sell;0.02;NZDCAD;0.81628;;;2025.09.11 15:30:51;0.82383;;0.01;-10.88;
2025.09.08 15:00:08;Sell;0.04;NZDCAD;0.81924;;;2025.09.11 15:30:24;0.82349;;0.04;-12.25;
2025.09.09 13:00:13;Sell;0.06;NZDCAD;0.82205;;;2025.09.11 15:30:21;0.82350;;0.04;-6.27;
2025.09.10 18:00:09;Sell;0.10;NZDCAD;0.82467;;;2025.09.11 15:30:09;0.82334;;0.05;9.58;
2025.09.02 10:15:08;Sell;0.02;EURGBP;0.86759;;;2025.09.10 10:23:19;0.86442;;0.32;8.58;
2025.09.02 11:00:08;Sell;0.02;EURGBP;0.86881;;;2025.09.10 04:00:38;0.86505;;0.32;10.18;
2025.09.09 13:00:13;Sell;0.10;AUDUSD;0.66180;;;2025.09.09 16:08:24;0.65971;;;20.90;
2025.09.09 06:00:05;Sell;0.06;AUDUSD;0.66018;;;2025.09.09 16:08:24;0.65971;;;2.82;
2025.09.08 11:00:08;Sell;0.04;AUDUSD;0.65852;;;2025.09.09 16:08:24;0.65971;;-0.02;-4.76;
2025.09.05 16:00:14;Sell;0.02;AUDUSD;0.65719;;;2025.09.09 16:08:24;0.65971;;-0.02;-5.04;
2025.08.20 07:00:06;Buy;0.04;NZDCAD;0.80866;;;2025.09.05 15:55:10;0.81468;;-3.92;17.43;
2025.08.14 16:00:04;Buy;0.02;NZDCAD;0.81825;;;2025.09.05 15:55:10;0.81468;;-2.36;-5.17;
2025.09.02 11:00:07;Buy;0.02;NZDCAD;0.80618;;;2025.09.03 15:10:26;0.80962;;-0.11;4.99;
2025.09.02 16:00:17;Buy;0.02;AUDUSD;0.64872;;;2025.09.02 17:00:17;0.65142;;;5.40;
2025.09.01 12:00:10;Sell;0.02;AUDCAD;0.90077;;;2025.09.02 10:50:00;0.89632;;-0.05;6.46;
2025.08.29 05:30:13;Sell;0.02;NZDCAD;0.81021;;;2025.09.02 10:34:28;0.80725;;;4.30;
2025.08.07 14:15:19;Buy;0.02;EURGBP;0.86820;;;2025.09.02 10:12:23;0.86726;;-5.50;-2.54;
2025.08.12 10:15:07;Buy;0.04;EURGBP;0.86374;;;2025.09.02 10:12:11;0.86736;;-9.62;19.53;
2025.08.29 18:00:14;Sell;0.04;AUDUSD;0.65446;;;2025.09.01 10:13:46;0.65356;;-0.02;3.60;
2025.08.28 14:00:12;Sell;0.02;AUDUSD;0.65284;;;2025.09.01 10:13:46;0.65356;;-0.02;-1.44;
2025.08.27 11:00:08;Buy;0.02;EURGBP;0.86253;;;2025.08.29 11:25:04;0.86637;;-0.91;10.35;
2025.08.27 13:30:19;Buy;0.04;NZDCAD;0.80669;;;2025.08.29 05:20:24;0.81007;;-0.87;9.83;
2025.08.20 05:15:07;Buy;0.02;NZDCAD;0.81090;;;2025.08.29 05:20:24;0.81007;;-1.19;-1.21;
2025.08.22 18:00:08;Sell;0.02;AUDUSD;0.64922;;;2025.08.26 06:05:34;0.64728;;-0.02;3.88;
2025.08.20 15:00:26;Buy;0.04;AUDCAD;0.89236;;;2025.08.22 17:00:50;0.89684;;-0.85;12.90;
2025.08.19 20:00:12;Buy;0.02;AUDCAD;0.89510;;;2025.08.22 17:00:49;0.89685;;-0.53;2.52;
2025.08.21 06:00:21;Buy;0.10;AUDUSD;0.64208;;;2025.08.22 17:00:17;0.64521;;-0.53;31.30;
2025.08.20 07:00:06;Buy;0.06;AUDUSD;0.64330;;;2025.08.22 17:00:17;0.64521;;-1.27;11.46;
2025.08.19 22:00:16;Buy;0.04;AUDUSD;0.64524;;;2025.08.22 17:00:16;0.64523;;-1.04;-0.04;
2025.08.19 18:00:05;Buy;0.02;AUDUSD;0.64656;;;2025.08.22 17:00:16;0.64526;;-0.53;-2.60;
2025.08.19 09:00:13;Buy;0.02;AUDCAD;0.89507;;;2025.08.22 16:32:47;0.89471;;-0.53;-0.52;
2025.08.20 18:00:12;Buy;0.04;AUDCAD;0.89117;;;2025.08.22 16:32:44;0.89473;;-0.85;10.23;
2025.08.07 15:00:11;Buy;0.02;EURGBP;0.86818;;;2025.08.20 16:49:17;0.86533;;-2.53;-7.68;
2025.08.12 12:00:06;Buy;0.08;EURGBP;0.86239;;;2025.08.20 16:49:14;0.86537;;-7.31;32.13;
2025.08.08 14:00:06;Buy;0.04;EURGBP;0.86566;;;2025.08.20 16:49:14;0.86537;;-4.58;-1.56;
2025.08.15 17:30:13;Sell;0.02;NZDCAD;0.81893;;;2025.08.20 05:00:14;0.81435;;;6.60;
2025.08.13 08:00:18;Sell;0.04;AUDCAD;0.89968;;;2025.08.19 09:01:13;0.89495;;-0.66;13.69;
2025.08.07 11:00:13;Sell;0.02;AUDCAD;0.89686;;;2025.08.19 09:01:13;0.89494;;-0.51;2.78;
2025.08.12 19:00:11;Sell;0.02;AUDCAD;0.89872;;;2025.08.19 08:53:54;0.89546;;-0.36;4.72;
2025.08.14 17:00:07;Buy;0.02;AUDUSD;0.64932;;;2025.08.15 15:39:38;0.65174;;-0.10;4.84;
2025.08.13 09:45:14;Sell;0.02;NZDCAD;0.82200;;;2025.08.14 15:30:16;0.81859;;-0.01;4.95;
2025.08.13 06:00:18;Sell;0.10;NZDCAD;0.82069;;;2025.08.14 10:51:30;0.81993;;-0.05;5.52;
2025.08.07 11:00:13;Sell;0.06;NZDCAD;0.81815;;;2025.08.14 10:51:30;0.81993;;-0.07;-7.75;
2025.08.06 07:00:15;Sell;0.04;NZDCAD;0.81525;;;2025.08.14 10:51:30;0.81993;;-0.08;-13.58;
2025.08.05 12:00:07;Sell;0.02;NZDCAD;0.81262;;;2025.08.14 10:51:30;0.81994;;-0.02;-10.62;
2025.08.13 11:00:07;Sell;0.16;NZDCAD;0.82323;;;2025.08.14 10:51:21;0.81993;;-0.08;38.32;
2025.08.14 05:00:01;Sell;0.02;AUDUSD;0.65648;;;2025.08.14 09:56:18;0.65390;;;5.16;
2025.08.08 12:00:32;Buy;0.02;NZDCAD;0.81779;;;2025.08.13 09:25:57;0.82096;;-0.30;4.60;
2025.08.12 14:18:59;Buy;0.02;AUDCAD;0.89492;;;2025.08.12 18:26:08;0.89855;;;5.27;
2025.08.12 06:00:09;Sell;0.02;AUDCAD;0.89826;;;2025.08.12 14:18:59;0.89492;;;4.84;
2025.08.06 07:00:15;Sell;0.02;AUDCAD;0.89333;;;2025.08.07 18:03:16;0.89372;;-0.16;-0.57;
2025.08.07 11:00:13;Sell;0.04;AUDCAD;0.89686;;;2025.08.07 18:03:04;0.89366;;;9.30;
2025.08.07 11:00:13;Sell;0.06;AUDUSD;0.65366;;;2025.08.07 17:03:36;0.65140;;;13.56;
2025.08.07 08:00:07;Sell;0.04;AUDUSD;0.65164;;;2025.08.07 17:03:36;0.65140;;;0.96;
2025.08.06 14:00:06;Sell;0.02;AUDUSD;0.65037;;;2025.08.07 17:03:36;0.65140;;-0.06;-2.06;
2025.08.07 10:30:13;Sell;0.04;EURGBP;0.87345;;;2025.08.07 14:00:50;0.87056;;;15.51;
2025.08.01 16:00:22;Sell;0.02;EURGBP;0.86906;;;2025.08.07 14:00:50;0.87056;;0.24;-4.02;
2025.08.01 17:00:02;Sell;0.04;EURGBP;0.87112;;;2025.08.07 14:00:20;0.87119;;0.47;-0.37;
2025.08.01 13:00:06;Sell;0.02;EURGBP;0.86713;;;2025.08.07 14:00:20;0.87120;;0.24;-10.91;
2025.08.07 12:00:07;Sell;0.08;EURGBP;0.87388;;;2025.08.07 14:00:14;0.87162;;;24.22;
2025.08.01 10:00:03;Buy;0.04;NZDCAD;0.81440;;;2025.08.07 09:21:28;0.81777;;-1.25;9.82;
2025.07.29 10:00:15;Buy;0.02;NZDCAD;0.81857;;;2025.08.07 09:21:28;0.81777;;-1.12;-1.17;
2025.07.31 08:00:06;Sell;0.02;NZDCAD;0.81850;;;2025.08.05 10:51:14;0.81194;;;9.52;
2025.07.28 10:15:36;Buy;0.02;EURGBP;0.87271;;;2025.08.01 15:30:34;0.86822;;-1.35;-11.84;
2025.07.30 12:30:12;Buy;0.08;EURGBP;0.86357;;;2025.08.01 15:30:26;0.86818;;-3.57;48.61;
2025.07.28 14:45:08;Buy;0.04;EURGBP;0.86826;;;2025.08.01 15:30:25;0.86821;;-2.69;-0.26;
2025.07.31 02:00:11;Buy;0.16;EURGBP;0.86195;;;2025.07.31 13:14:36;0.86492;;;62.83;
2025.07.29 18:00:12;Buy;0.08;EURGBP;0.86463;;;2025.07.31 13:14:36;0.86492;;-3.58;3.07;
2025.07.28 16:00:08;Buy;0.04;EURGBP;0.86757;;;2025.07.31 13:14:36;0.86492;;-2.24;-14.01;
2025.07.28 12:00:13;Buy;0.02;EURGBP;0.87028;;;2025.07.31 13:14:36;0.86492;;-1.13;-14.17;
2025.07.30 22:00:07;Buy;0.04;AUDCAD;0.88862;;;2025.07.31 08:00:54;0.89362;;-0.60;14.48;
2025.07.30 16:00:17;Buy;0.02;AUDCAD;0.89267;;;2025.07.31 08:00:54;0.89362;;-0.30;1.38;
2025.07.28 11:00:07;Buy;0.02;NZDCAD;0.82067;;;2025.07.31 07:30:36;0.81808;;-0.51;-3.74;
2025.07.30 22:00:07;Buy;0.06;NZDCAD;0.81424;;;2025.07.31 07:30:33;0.81802;;-0.93;16.40;
2025.07.30 22:00:07;Buy;0.08;AUDCAD;0.88863;;;2025.07.31 07:30:33;0.89253;;-1.21;22.56;
2025.07.30 18:00:18;Buy;0.04;NZDCAD;0.81747;;;2025.07.31 07:30:33;0.81802;;-0.62;1.59;
2025.07.30 16:00:16;Buy;0.04;AUDCAD;0.89268;;;2025.07.31 07:30:33;0.89252;;-0.60;-0.47;
2025.07.28 11:12:59;Buy;0.02;AUDCAD;0.89542;;;2025.07.31 07:30:33;0.89252;;-0.50;-4.19;
2025.07.30 23:00:07;Buy;0.04;AUDUSD;0.64317;;;2025.07.31 05:03:41;0.64522;;-0.60;8.20;
2025.07.30 17:00:08;Buy;0.02;AUDUSD;0.64558;;;2025.07.31 05:03:41;0.64522;;-0.30;-0.72;
2025.07.29 10:00:15;Buy;0.04;AUDUSD;0.65059;;;2025.07.30 03:48:29;0.65236;;-0.20;7.08;
2025.07.28 11:00:07;Buy;0.02;AUDUSD;0.65238;;;2025.07.30 03:48:29;0.65235;;-0.20;-0.06;
2025.07.23 07:45:22;Sell;0.02;NZDCAD;0.81802;;;2025.07.29 09:55:17;0.81892;;-0.01;-1.31;
2025.07.23 17:30:20;Sell;0.04;NZDCAD;0.82210;;;2025.07.29 09:55:08;0.81894;;-0.05;9.19;
2025.07.24 07:00:13;Sell;0.04;AUDCAD;0.89957;;;2025.07.28 16:46:33;0.89500;;-0.22;13.32;
2025.07.23 17:00:11;Sell;0.02;AUDCAD;0.89661;;;2025.07.28 16:46:33;0.89500;;-0.26;2.34;
2025.07.24 05:00:12;Sell;0.04;AUDCAD;0.89866;;;2025.07.28 11:12:47;0.89541;;-0.22;9.46;
2025.07.23 13:23:03;Sell;0.02;AUDCAD;0.89517;;;2025.07.28 11:12:47;0.89541;;-0.26;-0.35;
2025.07.25 19:00:13;Sell;0.04;EURGBP;0.87346;;;2025.07.28 10:58:43;0.87078;;0.08;14.37;
2025.07.24 20:00:08;Sell;0.02;EURGBP;0.87054;;;2025.07.28 10:58:43;0.87078;;0.08;-0.64;
2025.07.28 03:00:10;Sell;0.10;NZDCAD;0.82470;;;2025.07.28 10:39:02;0.82148;;;23.46;
2025.07.23 18:00:11;Sell;0.06;NZDCAD;0.82205;;;2025.07.28 10:39:02;0.82148;;-0.05;2.50;
2025.07.23 11:00:07;Sell;0.04;NZDCAD;0.81952;;;2025.07.28 10:39:02;0.82148;;-0.04;-5.71;
2025.07.23 07:00:21;Sell;0.02;NZDCAD;0.81683;;;2025.07.28 10:39:02;0.82149;;-0.01;-6.80;
2025.06.10 10:45:08;Sell;0.04;EURGBP;0.84611;;;2025.07.28 01:00:15;0.87514;;2.96;-156.09;
2025.05.29 17:22:23;Sell;0.02;EURGBP;0.84199;;;2025.07.28 01:00:15;0.87517;;1.63;-89.19;
2025.06.17 22:00:11;Sell;0.16;EURGBP;0.85484;;;2025.07.28 01:00:12;0.87524;;10.28;-438.73;
2025.06.12 10:45:08;Sell;0.08;EURGBP;0.85073;;;2025.07.28 01:00:12;0.87524;;5.47;-263.56;
2025.07.14 17:45:05;Sell;1.28;EURGBP;0.86862;;;2025.07.28 01:00:06;0.87521;;34.97;-1 133.84;
2025.07.02 15:45:04;Sell;0.64;EURGBP;0.86422;;;2025.07.28 01:00:06;0.87521;;29.79;-945.45;
2025.07.01 16:15:16;Sell;0.32;EURGBP;0.85912;;;2025.07.28 01:00:06;0.87521;;15.37;-692.09;
2025.07.24 07:00:12;Sell;0.10;AUDUSD;0.66136;;;2025.07.24 23:10:12;0.65918;;;21.80;
2025.07.23 15:00:07;Sell;0.06;AUDUSD;0.65980;;;2025.07.24 23:10:12;0.65918;;-0.17;3.72;
2025.07.23 11:00:07;Sell;0.04;AUDUSD;0.65783;;;2025.07.24 23:10:12;0.65918;;-0.12;-5.40;
2025.07.23 05:00:19;Sell;0.02;AUDUSD;0.65609;;;2025.07.24 23:10:12;0.65918;;-0.06;-6.18;
2025.07.22 10:00:12;Buy;0.02;AUDCAD;0.89171;;;2025.07.23 13:22:51;0.89517;;-0.10;5.10;
2025.07.22 11:00:07;Buy;0.04;NZDCAD;0.81353;;;2025.07.23 06:31:05;0.81724;;-0.21;10.92;
2025.07.21 02:00:05;Buy;0.02;NZDCAD;0.81650;;;2025.07.23 06:31:05;0.81724;;-0.20;1.09;
2025.07.17 22:00:13;Buy;0.02;EURGBP;0.86393;;;2025.07.22 10:04:04;0.86785;;-0.69;10.56;
2025.07.18 17:00:06;Sell;0.04;NZDCAD;0.82043;;;2025.07.21 01:47:19;0.81687;;-0.01;10.37;
2025.07.18 04:00:05;Sell;0.02;NZDCAD;0.81752;;;2025.07.21 01:47:19;0.81687;;;0.95;
2025.07.18 16:00:15;Sell;0.02;AUDUSD;0.65316;;;2025.07.18 20:33:59;0.65061;;;5.10;
2025.07.16 18:00:07;Buy;0.10;NZDCAD;0.81423;;;2025.07.18 03:40:00;0.81758;;-2.08;24.39;
2025.07.15 18:00:11;Buy;0.06;NZDCAD;0.81654;;;2025.07.18 03:40:00;0.81758;;-1.55;4.54;
2025.07.14 05:00:12;Buy;0.04;NZDCAD;0.81995;;;2025.07.18 03:40:00;0.81758;;-1.25;-6.90;
2025.07.10 16:00:12;Buy;0.02;NZDCAD;0.82274;;;2025.07.18 03:39:59;0.81758;;-0.82;-7.51;
2025.07.17 06:00:30;Buy;0.08;AUDCAD;0.88863;;;2025.07.18 03:29:37;0.89296;;-0.40;25.22;
2025.07.16 20:00:17;Buy;0.04;AUDCAD;0.89351;;;2025.07.18 03:29:37;0.89296;;-0.80;-1.60;
2025.07.14 19:10:57;Buy;0.02;AUDCAD;0.89652;;;2025.07.18 03:29:37;0.89296;;-0.60;-5.18;
2025.07.14 04:30:06;Buy;0.02;NZDCAD;0.81998;;;2025.07.18 01:00:24;0.81553;;-0.61;-6.47;
2025.07.17 06:00:29;Buy;0.08;NZDCAD;0.81158;;;2025.07.18 01:00:12;0.81553;;-0.41;22.98;
2025.07.15 18:30:12;Buy;0.04;NZDCAD;0.81572;;;2025.07.18 01:00:12;0.81552;;-1.04;-0.58;
2025.07.17 15:00:13;Buy;0.02;AUDUSD;0.64586;;;2025.07.17 18:37:09;0.64839;;;5.06;
2025.07.16 17:00:09;Buy;0.02;AUDUSD;0.65018;;;2025.07.16 18:16:20;0.65287;;;5.38;
2025.07.14 18:00:16;Sell;0.08;EURGBP;0.86870;;;2025.07.16 14:56:32;0.86602;;0.31;28.73;
2025.07.11 17:00:12;Sell;0.04;EURGBP;0.86602;;;2025.07.16 14:56:32;0.86603;;0.24;-0.05;
2025.07.08 12:00:14;Sell;0.02;EURGBP;0.86308;;;2025.07.16 14:56:32;0.86604;;0.27;-7.94;
2025.07.08 08:00:07;Sell;0.02;AUDCAD;0.89277;;;2025.07.14 19:10:54;0.89654;;-0.31;-5.50;
2025.07.10 12:00:09;Sell;0.04;AUDCAD;0.89665;;;2025.07.14 19:10:51;0.89653;;-0.21;0.35;
2025.07.10 23:00:13;Sell;0.08;AUDCAD;0.90015;;;2025.07.14 19:10:48;0.89653;;-0.43;21.15;
2025.07.10 19:00:17;Sell;0.02;AUDCAD;0.89883;;;2025.07.14 17:52:54;0.89703;;-0.11;2.63;
2025.07.11 10:00:05;Sell;0.04;AUDCAD;0.90181;;;2025.07.14 17:52:39;0.89712;;-0.11;13.71;
2025.07.07 03:45:03;Buy;0.02;NZDCAD;0.82228;;;2025.07.11 03:18:29;0.82539;;-0.65;4.54;
2025.07.10 14:00:08;Sell;0.04;AUDUSD;0.65643;;;2025.07.10 15:37:16;0.65470;;;6.92;
2025.07.10 06:00:05;Sell;0.02;AUDUSD;0.65499;;;2025.07.10 15:37:16;0.65470;;;0.58;
2025.07.03 16:00:07;Buy;0.04;NZDCAD;0.82277;;;2025.07.10 13:24:13;0.82350;;-1.47;2.14;
2025.07.02 15:00:11;Buy;0.02;NZDCAD;0.82700;;;2025.07.10 13:24:13;0.82350;;-1.08;-5.12;
2025.07.07 08:00:06;Buy;0.06;NZDCAD;0.81952;;;2025.07.10 13:24:07;0.82350;;-1.59;17.46;
2025.07.07 04:00:02;Buy;0.02;AUDCAD;0.88991;;;2025.07.08 07:30:25;0.89351;;-0.10;5.28;
2025.07.07 08:00:07;Buy;0.04;AUDCAD;0.88690;;;2025.07.08 07:30:22;0.89338;;-0.21;19.00;
2025.07.03 16:00:07;Buy;0.02;AUDCAD;0.89145;;;2025.07.08 07:30:22;0.89338;;-0.32;2.83;
2025.07.07 08:00:06;Buy;0.04;AUDCAD;0.88691;;;2025.07.08 07:30:16;0.89321;;-0.21;18.47;
2025.06.30 19:00:14;Sell;0.02;EURGBP;0.85776;;;2025.07.07 19:56:21;0.86005;;0.21;-6.22;
2025.07.02 16:00:09;Sell;0.04;EURGBP;0.86386;;;2025.07.07 19:56:18;0.86005;;0.31;20.72;
2025.07.07 12:00:13;Buy;0.06;AUDUSD;0.64918;;;2025.07.07 16:39:54;0.65101;;;10.98;
2025.07.07 08:00:06;Buy;0.04;AUDUSD;0.65047;;;2025.07.07 16:39:54;0.65101;;;2.16;
2025.07.07 05:00:13;Buy;0.02;AUDUSD;0.65299;;;2025.07.07 16:39:54;0.65101;;;-3.96;
2025.07.03 15:45:08;Buy;0.02;NZDCAD;0.82171;;;2025.07.04 02:58:13;0.82506;;-0.11;4.93;
2025.06.24 06:00:13;Sell;0.02;AUDCAD;0.89078;;;2025.07.03 15:30:16;0.89142;;-0.56;-0.94;
2025.06.25 22:00:09;Sell;0.04;AUDCAD;0.89353;;;2025.07.03 15:30:13;0.89174;;-1.06;5.26;
2025.07.01 18:00:16;Sell;0.08;AUDCAD;0.89714;;;2025.07.03 15:30:10;0.89193;;-0.81;30.63;
2025.07.02 23:00:06;Sell;0.02;AUDUSD;0.65874;;;2025.07.03 04:41:28;0.65746;;-0.05;2.56;
2025.07.02 02:00:05;Sell;0.04;AUDCAD;0.89772;;;2025.07.02 14:56:29;0.89441;;;9.70;
2025.06.26 03:00:20;Sell;0.02;AUDCAD;0.89397;;;2025.07.02 14:56:29;0.89441;;-0.20;-0.64;
2025.06.27 21:00:07;Sell;0.02;NZDCAD;0.83043;;;2025.07.02 14:49:43;0.82748;;;4.32;
2025.06.23 19:00:10;Sell;0.02;NZDCAD;0.81779;;;2025.07.02 14:19:34;0.82841;;-0.01;-15.57;
2025.06.24 04:00:09;Sell;0.06;NZDCAD;0.82301;;;2025.07.02 14:19:16;0.82844;;-0.08;-23.88;
2025.06.23 22:00:18;Sell;0.04;NZDCAD;0.82059;;;2025.07.02 14:19:16;0.82844;;-0.08;-23.02;
2025.07.02 04:00:13;Sell;0.24;NZDCAD;0.83245;;;2025.07.02 14:19:10;0.82841;;;71.09;
2025.06.26 03:00:20;Sell;0.16;NZDCAD;0.82981;;;2025.07.02 14:19:10;0.82841;;-0.10;16.43;
2025.06.24 10:00:10;Sell;0.10;NZDCAD;0.82675;;;2025.07.02 14:19:10;0.82841;;-0.14;-12.17;
2025.06.25 10:00:11;Buy;0.02;EURGBP;0.85183;;;2025.06.30 10:24:52;0.85574;;-1.08;10.72;
2025.06.26 17:00:06;Sell;0.02;AUDUSD;0.65510;;;2025.06.27 13:24:08;0.65317;;-0.02;3.86;
2025.06.24 10:00:09;Sell;0.06;AUDUSD;0.65112;;;2025.06.24 16:45:10;0.64894;;;13.08;
2025.06.24 07:00:07;Sell;0.04;AUDUSD;0.64906;;;2025.06.24 16:45:10;0.64894;;;0.48;
2025.06.24 02:00:17;Sell;0.02;AUDUSD;0.64727;;;2025.06.24 16:45:09;0.64894;;;-3.34;
2025.06.10 12:00:06;Sell;0.04;EURGBP;0.84581;;;2025.06.24 10:31:37;0.85404;;0.68;-44.66;
2025.05.30 20:00:10;Sell;0.02;EURGBP;0.84311;;;2025.06.24 10:31:37;0.85405;;0.49;-29.68;
2025.06.11 17:00:08;Sell;0.08;EURGBP;0.84841;;;2025.06.24 10:31:28;0.85390;;1.17;-59.60;
2025.06.23 06:00:06;Sell;0.64;EURGBP;0.85650;;;2025.06.24 10:31:25;0.85384;;0.73;231.01;
2025.06.17 20:00:07;Sell;0.32;EURGBP;0.85377;;;2025.06.24 10:31:25;0.85384;;2.53;-3.04;
2025.06.12 11:00:07;Sell;0.16;EURGBP;0.85104;;;2025.06.24 10:31:25;0.85383;;1.80;-60.57;
2025.06.23 01:00:30;Buy;0.02;AUDCAD;0.88334;;;2025.06.23 19:45:42;0.88475;;;2.05;
2025.06.23 13:00:10;Buy;0.04;AUDCAD;0.88012;;;2025.06.23 19:45:24;0.88496;;;14.06;
2025.06.23 13:00:10;Buy;0.16;NZDCAD;0.81274;;;2025.06.23 18:32:07;0.81719;;;51.85;
2025.06.23 06:00:06;Buy;0.10;NZDCAD;0.81716;;;2025.06.23 18:32:07;0.81719;;;0.22;
2025.06.19 09:00:06;Buy;0.06;NZDCAD;0.81939;;;2025.06.23 18:32:07;0.81719;;-0.63;-9.61;
2025.06.19 05:00:09;Buy;0.04;NZDCAD;0.82196;;;2025.06.23 18:32:07;0.81719;;-0.42;-13.90;
2025.06.18 20:00:08;Buy;0.02;NZDCAD;0.82593;;;2025.06.23 18:32:07;0.81719;;-0.53;-12.73;
2025.06.23 12:30:12;Buy;0.08;NZDCAD;0.81292;;;2025.06.23 17:54:57;0.81687;;;22.99;
2025.06.23 01:15:14;Buy;0.04;NZDCAD;0.81750;;;2025.06.23 17:54:57;0.81687;;;-1.83;
2025.06.19 05:30:07;Buy;0.02;NZDCAD;0.82170;;;2025.06.23 17:54:57;0.81687;;-0.21;-7.03;
2025.06.23 14:00:07;Buy;0.04;AUDCAD;0.87987;;;2025.06.23 17:20:45;0.88316;;;9.58;
2025.06.23 01:00:28;Buy;0.02;AUDCAD;0.88326;;;2025.06.23 17:20:45;0.88316;;;-0.14;
2025.06.23 01:00:28;Buy;0.02;AUDUSD;0.64224;;;2025.06.23 10:00:10;0.64236;;;0.24;
2025.06.23 07:00:07;Buy;0.04;AUDUSD;0.64038;;;2025.06.23 10:00:07;0.64241;;;8.12;
2025.06.18 10:00:08;Sell;0.02;AUDCAD;0.88860;;;2025.06.23 01:00:27;0.88326;;-0.26;7.77;
2025.06.19 17:00:05;Buy;0.02;AUDUSD;0.64586;;;2025.06.20 02:16:52;0.64841;;-0.10;5.10;
2025.06.18 08:00:14;Sell;0.02;AUDCAD;0.88823;;;2025.06.19 08:54:09;0.88707;;-0.16;1.69;
2025.06.18 18:00:12;Sell;0.04;AUDCAD;0.89180;;;2025.06.19 08:53:48;0.88715;;-0.33;13.55;
2025.06.18 17:15:07;Sell;0.02;NZDCAD;0.82539;;;2025.06.19 04:58:45;0.82219;;-0.01;4.67;
2025.06.17 21:00:32;Buy;0.02;NZDCAD;0.82054;;;2025.06.18 18:30:22;0.82733;;-0.10;9.92;
2025.06.17 17:45:07;Buy;0.02;NZDCAD;0.82193;;;2025.06.18 17:09:21;0.82510;;-0.10;4.64;
2025.06.16 15:00:08;Sell;0.02;NZDCAD;0.82109;;;2025.06.17 20:48:54;0.82052;;;0.83;
2025.06.16 20:00:10;Sell;0.04;NZDCAD;0.82371;;;2025.06.17 20:48:42;0.82045;;-0.01;9.57;
2025.06.17 10:00:07;Sell;0.02;AUDCAD;0.88773;;;2025.06.17 20:21:18;0.88346;;;6.27;
2025.06.13 04:00:06;Buy;0.04;AUDCAD;0.88266;;;2025.06.17 09:35:22;0.88763;;-0.40;14.65;
2025.06.12 05:00:04;Buy;0.02;AUDCAD;0.88731;;;2025.06.17 09:35:22;0.88763;;-0.30;0.47;
2025.06.16 17:15:05;Sell;0.02;NZDCAD;0.82409;;;2025.06.17 02:57:47;0.82100;;;4.56;
2025.06.13 14:00:04;Buy;0.08;AUDCAD;0.88219;;;2025.06.16 17:01:13;0.88658;;-0.41;25.91;
2025.06.12 11:00:07;Buy;0.04;AUDCAD;0.88592;;;2025.06.16 17:01:13;0.88658;;-0.40;1.95;
2025.06.11 15:36:35;Buy;0.02;AUDCAD;0.89335;;;2025.06.16 17:01:13;0.88658;;-0.50;-9.99;
2025.06.16 02:44:32;Buy;0.04;NZDCAD;0.81726;;;2025.06.16 13:46:03;0.82024;;;8.79;
2025.06.13 03:15:40;Buy;0.02;NZDCAD;0.82163;;;2025.06.16 13:46:02;0.82024;;-0.11;-2.05;
2025.06.12 21:00:09;Buy;0.02;NZDCAD;0.82439;;;2025.06.16 13:37:08;0.82002;;-0.22;-6.44;
2025.06.13 11:00:03;Buy;0.06;NZDCAD;0.81922;;;2025.06.16 13:37:02;0.82003;;-0.32;3.59;
2025.06.13 05:00:04;Buy;0.04;NZDCAD;0.82178;;;2025.06.16 13:37:01;0.82003;;-0.21;-5.16;
2025.06.16 02:44:32;Buy;0.10;NZDCAD;0.81726;;;2025.06.16 13:36:58;0.82003;;;20.42;
2025.06.11 05:00:08;Buy;0.02;NZDCAD;0.82562;;;2025.06.12 15:43:41;0.82655;;-0.32;1.37;
2025.06.12 05:00:04;Buy;0.04;NZDCAD;0.82308;;;2025.06.12 15:43:38;0.82656;;;10.22;
2025.06.12 10:45:08;Buy;0.02;NZDCAD;0.82132;;;2025.06.12 13:29:55;0.82467;;;4.91;
2025.06.09 11:00:06;Sell;0.02;AUDCAD;0.89184;;;2025.06.12 04:37:46;0.88754;;-0.26;6.29;
2025.06.11 05:00:08;Buy;0.02;AUDCAD;0.88965;;;2025.06.11 15:36:29;0.89307;;;5.01;
2025.06.05 16:00:04;Sell;0.02;NZDCAD;0.82653;;;2025.06.11 04:49:48;0.82573;;;1.17;
2025.06.10 04:00:13;Sell;0.04;NZDCAD;0.82909;;;2025.06.11 04:49:42;0.82573;;-0.01;9.83;
2025.06.10 06:00:05;Sell;0.04;AUDCAD;0.89322;;;2025.06.11 04:47:30;0.89005;;-0.11;9.27;
2025.06.05 16:00:04;Sell;0.02;AUDCAD;0.88963;;;2025.06.11 04:47:30;0.89005;;-0.20;-0.62;
2025.06.05 16:15:07;Sell;0.02;NZDCAD;0.82747;;;2025.06.06 05:23:51;0.82458;;;4.23;
2025.06.05 17:00:09;Sell;0.02;AUDUSD;0.65258;;;2025.06.06 05:02:21;0.64996;;-0.02;5.24;
2025.06.03 16:00:05;Buy;0.04;NZDCAD;0.82315;;;2025.06.05 15:30:36;0.82692;;-0.84;11.05;
2025.06.03 06:00:03;Buy;0.02;NZDCAD;0.82567;;;2025.06.05 15:30:36;0.82692;;-0.42;1.83;
2025.06.02 18:00:04;Sell;0.02;NZDCAD;0.82660;;;2025.06.03 09:10:16;0.82366;;;4.27;
2025.06.02 18:00:03;Sell;0.04;NZDCAD;0.82661;;;2025.06.03 05:40:41;0.82627;;-0.01;0.99;
2025.06.02 06:00:16;Sell;0.02;NZDCAD;0.82301;;;2025.06.03 05:40:40;0.82627;;;-4.75;
2025.06.03 04:00:07;Sell;0.06;NZDCAD;0.83022;;;2025.06.03 05:40:37;0.82636;;;16.87;
2025.06.02 18:00:04;Sell;0.02;AUDUSD;0.64972;;;2025.06.03 05:33:45;0.64718;;-0.02;5.08;
2025.05.27 11:00:07;Buy;0.02;AUDCAD;0.88757;;;2025.06.02 17:36:13;0.88939;;-0.59;2.66;
2025.05.30 17:00:08;Buy;0.04;AUDCAD;0.88450;;;2025.06.02 17:36:10;0.88940;;-0.19;14.31;
2025.05.30 20:00:09;Buy;0.04;AUDCAD;0.88400;;;2025.06.02 12:09:49;0.88736;;-0.19;9.82;
2025.05.27 12:00:10;Buy;0.02;AUDCAD;0.88764;;;2025.06.02 12:09:49;0.88736;;-0.59;-0.41;
2025.05.30 22:00:09;Buy;0.04;NZDCAD;0.81954;;;2025.06.02 04:26:00;0.82316;;-0.20;10.56;
2025.05.29 05:00:06;Buy;0.02;NZDCAD;0.82259;;;2025.06.02 04:25:59;0.82316;;-0.20;0.83;
2025.05.12 10:15:18;Buy;0.02;EURGBP;0.84286;;;2025.05.29 17:22:19;0.84199;;-3.82;-2.35;
2025.05.23 16:00:08;Buy;0.04;EURGBP;0.83840;;;2025.05.29 17:22:17;0.84204;;-2.44;19.65;
2025.05.22 17:00:05;Buy;0.02;EURGBP;0.84104;;;2025.05.29 16:58:46;0.84123;;-1.41;0.51;
2025.05.23 16:00:07;Buy;0.04;EURGBP;0.83840;;;2025.05.29 16:58:40;0.84123;;-2.44;15.27;
2025.05.27 23:00:07;Sell;0.02;NZDCAD;0.82197;;;2025.05.29 04:46:43;0.82214;;-0.04;-0.24;
2025.05.28 07:00:07;Sell;0.04;NZDCAD;0.82599;;;2025.05.29 04:46:40;0.82216;;-0.06;11.06;
2025.05.28 06:45:08;Sell;0.02;NZDCAD;0.82547;;;2025.05.28 08:12:30;0.82273;;;3.96;
2025.05.27 08:30:04;Buy;0.02;NZDCAD;0.82109;;;2025.05.28 05:28:15;0.82441;;-0.10;4.81;
2025.05.27 19:00:07;Buy;0.04;AUDUSD;0.64363;;;2025.05.28 03:30:24;0.64530;;-0.19;6.68;
2025.05.27 12:00:10;Buy;0.02;AUDUSD;0.64493;;;2025.05.28 03:30:24;0.64530;;-0.10;0.74;
2025.05.27 18:00:06;Buy;0.04;NZDCAD;0.81806;;;2025.05.27 22:57:54;0.82187;;;11.03;
2025.05.23 17:00:05;Buy;0.02;NZDCAD;0.82057;;;2025.05.27 22:57:54;0.82187;;-0.20;1.88;
2025.05.23 10:30:06;Sell;0.02;NZDCAD;0.81996;;;2025.05.27 08:08:23;0.82159;;-0.02;-2.37;
2025.05.26 05:00:06;Sell;0.04;NZDCAD;0.82506;;;2025.05.27 08:08:14;0.82169;;-0.02;9.80;
2025.05.26 05:00:06;Sell;0.02;AUDCAD;0.89429;;;2025.05.26 20:56:07;0.89102;;;4.76;
2025.05.26 06:00:03;Sell;0.04;AUDUSD;0.65245;;;2025.05.26 12:42:37;0.65025;;;8.80;
2025.05.23 21:00:12;Sell;0.02;AUDUSD;0.64950;;;2025.05.26 12:42:37;0.65025;;-0.02;-1.50;
2025.05.22 14:00:08;Buy;0.02;AUDCAD;0.89047;;;2025.05.26 05:09:16;0.89493;;-0.20;6.52;
2025.05.22 18:00:06;Buy;0.02;AUDCAD;0.88995;;;2025.05.26 04:38:27;0.89341;;-0.20;5.04;
2025.05.20 17:00:06;Buy;0.02;NZDCAD;0.82260;;;2025.05.23 14:21:06;0.82310;;-0.50;0.73;
2025.05.22 13:00:06;Buy;0.04;NZDCAD;0.81951;;;2025.05.23 14:20:59;0.82325;;-0.20;10.84;
2025.05.21 19:00:04;Sell;0.02;AUDUSD;0.64650;;;2025.05.21 21:56:47;0.64399;;;5.02;
2025.05.08 15:00:11;Buy;0.02;EURGBP;0.84766;;;2025.05.21 11:59:45;0.84498;;-2.18;-7.18;
2025.05.12 16:00:04;Buy;0.08;EURGBP;0.84226;;;2025.05.21 11:59:39;0.84499;;-7.20;29.27;
2025.05.12 02:00:07;Buy;0.04;EURGBP;0.84494;;;2025.05.21 11:59:39;0.84500;;-3.60;0.32;
2025.05.20 16:00:05;Buy;0.02;AUDCAD;0.89099;;;2025.05.21 05:06:33;0.89541;;-0.10;6.36;
2025.05.20 16:00:05;Buy;0.02;AUDCAD;0.89099;;;2025.05.21 03:30:22;0.89464;;-0.10;5.25;
2025.05.16 09:00:05;Sell;0.02;NZDCAD;0.82403;;;2025.05.20 15:18:27;0.82318;;-0.02;1.21;
2025.05.19 21:00:11;Sell;0.04;NZDCAD;0.82649;;;2025.05.20 15:18:21;0.82322;;-0.02;9.37;
2025.05.19 23:00:06;Sell;0.04;NZDCAD;0.82710;;;2025.05.20 13:39:22;0.82398;;-0.02;8.95;
2025.05.16 06:30:09;Sell;0.02;NZDCAD;0.82287;;;2025.05.20 13:39:22;0.82398;;-0.02;-1.60;
2025.05.19 14:20:01;Sell;0.02;AUDCAD;0.89961;;;2025.05.20 08:41:32;0.89610;;-0.06;5.03;
2025.05.15 14:00:07;Buy;0.02;AUDCAD;0.89600;;;2025.05.19 14:20:01;0.89961;;-0.20;5.18;
2025.05.16 04:00:04;Buy;0.04;AUDCAD;0.89282;;;2025.05.19 12:06:40;0.89778;;-0.19;14.23;
2025.05.15 14:00:07;Buy;0.02;AUDCAD;0.89600;;;2025.05.19 12:06:39;0.89778;;-0.20;2.56;
2025.05.15 21:00:05;Buy;0.04;NZDCAD;0.82012;;;2025.05.16 08:17:19;0.82399;;-0.20;11.10;
2025.05.15 08:00:06;Buy;0.02;NZDCAD;0.82322;;;2025.05.16 08:17:18;0.82399;;-0.10;1.10;
2025.05.15 14:00:07;Buy;0.04;AUDUSD;0.64065;;;2025.05.16 06:32:07;0.64232;;-0.19;6.68;
2025.05.15 11:00:09;Buy;0.02;AUDUSD;0.64197;;;2025.05.16 06:32:06;0.64232;;-0.10;0.70;
2025.05.12 02:00:07;Sell;0.02;NZDCAD;0.82413;;;2025.05.15 02:30:27;0.82364;;-0.05;0.70;
2025.05.13 17:00:06;Sell;0.04;NZDCAD;0.82720;;;2025.05.15 02:30:09;0.82367;;-0.08;10.10;
2025.05.13 17:00:06;Sell;0.02;AUDCAD;0.89984;;;2025.05.14 21:15:09;0.89820;;-0.06;2.35;
2025.05.13 18:00:10;Sell;0.04;AUDCAD;0.90276;;;2025.05.14 21:15:06;0.89820;;-0.12;13.05;
2025.05.13 18:00:10;Sell;0.04;AUDCAD;0.90276;;;2025.05.14 19:40:45;0.89915;;-0.12;10.33;
2025.05.13 16:00:05;Sell;0.02;AUDCAD;0.89865;;;2025.05.14 19:40:45;0.89917;;-0.06;-0.74;
2025.05.14 11:15:09;Sell;0.02;NZDCAD;0.82891;;;2025.05.14 19:40:19;0.82590;;;4.31;
2025.05.14 05:00:06;Sell;0.04;AUDUSD;0.64849;;;2025.05.14 09:05:56;0.64686;;;6.52;
2025.05.13 19:00:20;Sell;0.02;AUDUSD;0.64707;;;2025.05.14 09:05:56;0.64686;;-0.02;0.42;
2025.05.13 04:00:03;Buy;0.02;AUDCAD;0.89002;;;2025.05.13 07:40:24;0.89447;;;6.37;
2025.05.12 20:00:05;Buy;0.02;AUDUSD;0.63644;;;2025.05.13 06:25:51;0.63893;;-0.09;4.98;
2025.05.09 17:00:08;Sell;0.02;AUDCAD;0.89427;;;2025.05.13 03:56:48;0.89011;;-0.13;5.95;
2025.05.09 16:30:05;Sell;0.02;NZDCAD;0.82237;;;2025.05.12 21:18:11;0.81944;;-0.01;4.18;
2025.05.09 17:00:08;Sell;0.02;AUDCAD;0.89427;;;2025.05.12 21:12:25;0.89096;;-0.07;4.73;
2025.05.08 12:00:07;Buy;0.04;NZDCAD;0.82094;;;2025.05.12 01:10:43;0.82464;;-0.38;10.63;
2025.05.05 20:00:06;Buy;0.02;NZDCAD;0.82391;;;2025.05.12 01:10:43;0.82465;;-0.65;1.07;
2025.05.07 23:00:07;Buy;0.02;AUDCAD;0.88964;;;2025.05.09 16:32:47;0.89395;;-0.36;6.19;
2025.05.08 22:00:08;Buy;0.02;AUDUSD;0.63967;;;2025.05.09 16:25:35;0.64224;;-0.09;5.14;
2025.05.07 19:00:06;Buy;0.02;AUDCAD;0.88999;;;2025.05.09 16:25:35;0.89365;;-0.36;5.26;
2025.05.07 12:00:09;Sell;0.02;EURGBP;0.85155;;;2025.05.08 14:06:37;0.84783;;;9.92;
2025.05.08 06:00:05;Buy;0.02;EURGBP;0.84868;;;2025.05.08 14:02:37;0.84879;;;0.29;
2025.05.07 23:00:06;Buy;0.02;AUDUSD;0.64321;;;2025.05.08 04:51:44;0.64578;;-0.27;5.14;
2025.05.05 09:00:08;Sell;0.08;AUDCAD;0.89386;;;2025.05.07 22:14:41;0.88867;;-0.54;30.03;
2025.05.02 13:00:06;Sell;0.04;AUDCAD;0.88943;;;2025.05.07 22:14:41;0.88867;;-0.39;2.19;
2025.05.02 04:00:08;Sell;0.02;AUDCAD;0.88661;;;2025.05.07 22:14:41;0.88868;;-0.21;-2.99;
2025.05.07 04:15:04;Sell;0.04;NZDCAD;0.82907;;;2025.05.07 12:22:42;0.82589;;;9.21;
2025.05.05 04:30:10;Sell;0.02;NZDCAD;0.82481;;;2025.05.07 12:22:42;0.82589;;-0.04;-1.57;
2025.05.06 14:15:06;Buy;0.04;EURGBP;0.84787;;;2025.05.07 11:42:18;0.85151;;-0.38;19.44;
2025.04.28 10:00:04;Buy;0.02;EURGBP;0.85240;;;2025.05.07 11:42:18;0.85151;;-1.71;-2.38;
2025.05.07 02:00:12;Sell;0.02;AUDCAD;0.89637;;;2025.05.07 11:21:15;0.89272;;;5.30;
2025.05.06 13:00:06;Buy;0.02;EURGBP;0.84948;;;2025.05.06 19:47:57;0.84947;;;-0.03;
2025.05.06 16:00:04;Buy;0.04;EURGBP;0.84664;;;2025.05.06 19:47:54;0.84947;;;15.13;
2025.05.02 12:00:17;Sell;0.02;AUDCAD;0.88774;;;2025.05.06 03:22:27;0.89206;;-0.14;-6.24;
2025.05.05 16:00:08;Sell;0.08;AUDCAD;0.89581;;;2025.05.06 03:22:23;0.89204;;-0.27;21.80;
2025.05.05 02:00:11;Sell;0.04;AUDCAD;0.89205;;;2025.05.06 03:22:22;0.89204;;-0.13;0.03;
2025.05.05 16:00:04;Sell;0.04;NZDCAD;0.82734;;;2025.05.05 19:56:12;0.82394;;;9.84;
2025.05.05 05:00:07;Sell;0.02;NZDCAD;0.82482;;;2025.05.05 19:56:11;0.82394;;;1.28;
2025.05.05 13:00:08;Sell;0.06;AUDUSD;0.64912;;;2025.05.05 18:57:00;0.64687;;;13.50;
2025.05.05 06:00:11;Sell;0.04;AUDUSD;0.64686;;;2025.05.05 18:56:59;0.64687;;;-0.04;
2025.05.02 17:00:06;Sell;0.02;AUDUSD;0.64571;;;2025.05.05 18:56:59;0.64687;;-0.03;-2.32;
2025.05.02 11:00:08;Buy;0.02;NZDCAD;0.81817;;;2025.05.05 04:32:34;0.82513;;-0.09;10.10;
2025.04.30 10:45:06;Buy;0.08;NZDCAD;0.81919;;;2025.05.02 17:27:53;0.82336;;-1.50;24.21;
2025.04.28 11:00:17;Buy;0.04;NZDCAD;0.82404;;;2025.05.02 17:27:53;0.82336;;-1.13;-1.98;
2025.04.25 09:00:04;Buy;0.02;NZDCAD;0.82847;;;2025.05.02 17:27:53;0.82336;;-0.64;-7.41;
2025.05.01 17:00:47;Buy;0.02;EURGBP;0.84916;;;2025.05.02 14:55:53;0.85347;;-0.19;11.45;
2025.04.30 17:59:05;Buy;0.02;AUDCAD;0.88367;;;2025.05.02 11:35:11;0.88746;;-0.36;5.48;
2025.04.22 23:00:09;Buy;0.02;NZDCAD;0.82503;;;2025.05.02 10:29:09;0.82040;;-1.10;-6.71;
2025.04.30 11:00:08;Buy;0.06;NZDCAD;0.81948;;;2025.05.02 10:28:42;0.82049;;-1.13;4.39;
2025.04.29 17:00:25;Buy;0.04;NZDCAD;0.82250;;;2025.05.02 10:28:42;0.82049;;-0.94;-5.82;
2025.05.01 19:00:04;Buy;0.10;NZDCAD;0.81704;;;2025.05.02 10:28:39;0.82049;;-0.47;24.98;
2025.04.30 17:00:08;Buy;0.04;AUDCAD;0.88028;;;2025.05.01 05:35:14;0.88506;;-0.54;13.87;
2025.04.29 23:00:08;Buy;0.02;AUDCAD;0.88334;;;2025.05.01 05:35:14;0.88506;;-0.36;2.50;
2025.04.30 17:00:08;Buy;0.02;AUDCAD;0.88028;;;2025.04.30 17:59:05;0.88345;;;4.59;
2025.04.28 18:00:05;Buy;0.04;EURGBP;0.84971;;;2025.04.30 16:27:10;0.85266;;-0.76;15.74;
2025.04.25 04:00:08;Buy;0.02;EURGBP;0.85279;;;2025.04.30 16:27:10;0.85266;;-0.57;-0.35;
2025.04.29 23:00:08;Buy;0.02;AUDCAD;0.88334;;;2025.04.30 07:34:23;0.88681;;-0.09;5.01;
2025.04.25 10:45:08;Sell;0.02;EURGBP;0.85462;;;2025.04.25 16:27:27;0.85136;;;8.69;
2025.04.24 18:00:06;Sell;0.02;AUDCAD;0.88793;;;2025.04.25 16:22:02;0.88471;;-0.07;4.65;
2025.04.24 18:00:06;Sell;0.02;AUDUSD;0.63999;;;2025.04.25 08:49:12;0.63975;;-0.03;0.48;
2025.04.25 07:00:04;Sell;0.04;AUDUSD;0.64141;;;2025.04.25 08:49:09;0.63975;;;6.64;
2025.04.24 19:30:05;Sell;0.04;NZDCAD;0.83171;;;2025.04.25 08:42:13;0.82856;;-0.03;9.08;
2025.04.24 11:30:03;Sell;0.02;NZDCAD;0.82742;;;2025.04.25 08:42:12;0.82856;;-0.02;-1.64;
2025.04.24 10:30:10;Sell;0.02;EURGBP;0.85572;;;2025.04.25 06:36:27;0.85245;;;8.69;
2025.04.24 09:00:08;Buy;0.04;AUDUSD;0.63490;;;2025.04.24 09:27:41;0.63653;;;6.52;
2025.04.23 22:00:05;Buy;0.02;AUDUSD;0.63641;;;2025.04.24 09:27:41;0.63653;;-0.26;0.24;
2025.04.23 15:45:10;Sell;0.02;NZDCAD;0.82946;;;2025.04.23 22:38:34;0.82637;;;4.45;
2025.04.23 17:00:11;Buy;0.02;EURGBP;0.85322;;;2025.04.23 18:26:37;0.85688;;;9.72;
2025.04.23 17:00:10;Buy;0.02;EURGBP;0.85322;;;2025.04.23 18:24:06;0.85634;;;8.28;
2025.04.23 14:00:07;Sell;0.02;EURGBP;0.85727;;;2025.04.23 16:59:43;0.85334;;;10.45;
2025.04.23 10:00:02;Sell;0.02;AUDUSD;0.64225;;;2025.04.23 11:45:08;0.64051;;;3.48;
2025.04.22 22:00:08;Buy;0.02;AUDCAD;0.88076;;;2025.04.23 04:27:44;0.88520;;-0.09;6.43;
2025.04.22 22:00:08;Buy;0.02;AUDCAD;0.88076;;;2025.04.23 04:00:08;0.88425;;-0.09;5.05;
2025.04.22 18:45:06;Buy;0.02;NZDCAD;0.82784;;;2025.04.23 03:49:22;0.82650;;-0.09;-1.94;
2025.04.23 01:30:04;Buy;0.04;NZDCAD;0.82311;;;2025.04.23 03:49:04;0.82659;;;10.06;
2025.04.22 23:00:09;Buy;0.02;AUDUSD;0.63644;;;2025.04.23 03:37:29;0.63881;;-0.09;4.74;
2025.04.18 18:01:23;Sell;0.02;EURGBP;0.85786;;;2025.04.23 01:00:26;0.85544;;;6.44;
2025.04.16 19:00:02;Sell;0.02;EURGBP;0.85931;;;2025.04.23 01:00:26;0.85541;;;10.37;
2025.04.10 18:01:41;Sell;0.02;NZDCAD;0.80381;;;2025.04.22 22:58:26;0.82496;;-0.14;-30.60;
2025.04.15 06:00:07;Sell;0.24;NZDCAD;0.82000;;;2025.04.22 22:58:25;0.82496;;-1.26;-86.10;
2025.04.15 04:00:05;Sell;0.16;NZDCAD;0.81745;;;2025.04.22 22:58:25;0.82495;;-0.84;-86.80;
2025.04.14 10:00:26;Sell;0.10;NZDCAD;0.81443;;;2025.04.22 22:58:25;0.82495;;-0.60;-76.09;
2025.04.11 23:00:11;Sell;0.06;NZDCAD;0.80957;;;2025.04.22 22:58:25;0.82495;;-0.40;-66.75;
2025.04.11 06:00:06;Sell;0.04;NZDCAD;0.80617;;;2025.04.22 22:58:25;0.82498;;-0.27;-54.42;
2025.04.21 20:00:05;Sell;0.82;NZDCAD;0.83032;;;2025.04.22 22:58:13;0.82500;;-0.62;315.51;
2025.04.21 07:00:09;Sell;0.54;NZDCAD;0.82786;;;2025.04.22 22:58:13;0.82500;;-0.41;111.69;
2025.04.15 16:00:35;Sell;0.36;NZDCAD;0.82443;;;2025.04.22 22:58:13;0.82500;;-1.89;-14.84;
2025.04.21 07:00:08;Sell;0.02;AUDCAD;0.88618;;;2025.04.22 18:40:57;0.88192;;-0.07;6.17;
2025.04.21 07:00:09;Sell;0.02;AUDCAD;0.88618;;;2025.04.22 18:27:04;0.88295;;-0.07;4.68;
2025.04.21 06:00:03;Sell;0.02;AUDUSD;0.63992;;;2025.04.21 20:04:09;0.64044;;;-1.04;
2025.04.21 07:00:08;Sell;0.04;AUDUSD;0.64233;;;2025.04.21 20:04:01;0.64041;;;7.68;
2025.04.18 06:02:25;Buy;0.02;NZDCAD;0.82202;;;2025.04.21 06:09:46;0.82589;;-0.09;5.60;
2025.04.17 11:00:09;Buy;0.02;AUDCAD;0.88094;;;2025.04.17 16:28:02;0.88530;;;6.28;
2025.04.14 11:00:06;Sell;0.04;AUDCAD;0.87493;;;2025.04.17 10:06:29;0.87991;;-0.65;-14.34;
2025.04.11 21:00:08;Sell;0.02;AUDCAD;0.87172;;;2025.04.17 10:06:28;0.87991;;-0.39;-11.80;
2025.04.14 22:00:08;Sell;0.08;AUDCAD;0.87861;;;2025.04.17 10:06:22;0.87991;;-1.31;-7.49;
2025.04.15 16:00:35;Sell;0.16;AUDCAD;0.88539;;;2025.04.17 10:06:19;0.87990;;-2.09;63.27;
2025.04.14 03:01:27;Sell;0.02;AUDCAD;0.87442;;;2025.04.17 07:54:33;0.88079;;-0.33;-9.17;
2025.04.15 17:00:09;Sell;0.16;AUDCAD;0.88491;;;2025.04.17 07:54:27;0.88082;;-2.09;47.12;
2025.04.15 07:00:08;Sell;0.08;AUDCAD;0.88123;;;2025.04.17 07:54:27;0.88081;;-1.05;2.42;
2025.04.14 21:00:10;Sell;0.04;AUDCAD;0.87755;;;2025.04.17 07:54:27;0.88081;;-0.65;-9.39;
2025.04.15 15:30:47;Sell;0.02;NZDCAD;0.82483;;;2025.04.16 16:45:31;0.82095;;-0.01;5.59;
2025.04.14 17:00:15;Buy;0.04;EURGBP;0.86085;;;2025.04.16 10:22:47;0.85747;;-0.76;-17.95;
2025.04.14 12:00:17;Buy;0.02;EURGBP;0.86471;;;2025.04.16 10:22:47;0.85747;;-0.38;-19.23;
2025.04.15 19:00:04;Buy;0.16;EURGBP;0.85395;;;2025.04.16 10:22:42;0.85746;;-1.51;74.55;
2025.04.15 12:00:03;Buy;0.08;EURGBP;0.85763;;;2025.04.16 10:22:42;0.85746;;-0.76;-1.81;
2025.04.15 12:15:02;Buy;0.02;EURGBP;0.85721;;;2025.04.16 08:58:02;0.85642;;-0.19;-2.10;
2025.04.15 20:15:08;Buy;0.04;EURGBP;0.85285;;;2025.04.16 08:57:58;0.85646;;-0.38;19.18;
2025.04.15 08:00:07;Sell;0.02;AUDUSD;0.63690;;;2025.04.15 21:02:38;0.63436;;;5.08;
2025.04.14 10:00:25;Sell;0.02;AUDUSD;0.63308;;;2025.04.14 15:56:08;0.63044;;;5.28;
2025.04.11 21:00:08;Buy;0.04;EURGBP;0.86485;;;2025.04.11 23:22:01;0.86778;;;15.32;
2025.04.11 13:00:07;Buy;0.02;EURGBP;0.86736;;;2025.04.11 23:22:01;0.86778;;;1.10;
2025.04.11 16:00:12;Sell;0.04;AUDUSD;0.62606;;;2025.04.11 16:41:57;0.62576;;;1.20;
2025.04.11 15:00:23;Sell;0.02;AUDUSD;0.62384;;;2025.04.11 16:41:56;0.62577;;;-3.86;
2025.04.10 11:00:09;Sell;0.02;EURGBP;0.85636;;;2025.04.11 12:51:39;0.86832;;;-31.43;
2025.04.10 19:00:16;Sell;0.08;EURGBP;0.86458;;;2025.04.11 12:51:36;0.86831;;;-39.21;
2025.04.10 17:01:34;Sell;0.04;EURGBP;0.86140;;;2025.04.11 12:51:36;0.86831;;;-36.32;
2025.04.11 04:00:34;Sell;0.16;EURGBP;0.86803;;;2025.04.11 12:51:33;0.86836;;;-6.94;
2025.04.11 12:00:05;Sell;0.32;EURGBP;0.87161;;;2025.04.11 12:51:30;0.86835;;;137.07;
2025.04.11 08:00:06;Buy;0.02;AUDUSD;0.61950;;;2025.04.11 08:21:35;0.61962;;;0.24;
2025.04.11 05:00:08;Sell;0.02;AUDUSD;0.62383;;;2025.04.11 07:32:05;0.62150;;;4.66;
2025.04.10 18:01:41;Sell;0.08;NZDCAD;0.80378;;;2025.04.10 19:27:35;0.79960;;;23.86;
2025.04.10 06:15:03;Sell;0.04;NZDCAD;0.79914;;;2025.04.10 19:27:35;0.79960;;;-1.31;
2025.04.09 20:45:09;Sell;0.02;NZDCAD;0.79458;;;2025.04.10 19:27:35;0.79960;;-0.04;-7.17;
2025.04.10 18:01:42;Sell;0.02;AUDUSD;0.62465;;;2025.04.10 18:26:48;0.62202;;;5.26;
2025.04.10 07:00:03;Sell;0.06;NZDCAD;0.80032;;;2025.04.10 17:17:36;0.79968;;;2.74;
2025.04.10 06:00:08;Sell;0.04;NZDCAD;0.79731;;;2025.04.10 17:17:36;0.79969;;;-6.78;
2025.04.10 01:00:44;Sell;0.02;NZDCAD;0.79529;;;2025.04.10 17:17:35;0.79969;;;-6.27;
2025.04.10 15:00:16;Sell;0.10;NZDCAD;0.80245;;;2025.04.10 17:17:29;0.79963;;;20.09;
2025.04.09 21:30:06;Buy;0.02;EURGBP;0.85458;;;2025.04.10 12:20:16;0.85832;;-0.55;9.63;
2025.04.10 10:00:05;Buy;0.04;EURGBP;0.85349;;;2025.04.10 10:58:21;0.85635;;;14.73;
2025.04.09 22:00:09;Buy;0.02;EURGBP;0.85631;;;2025.04.10 10:58:21;0.85635;;-0.55;0.10;
2025.04.09 21:00:11;Sell;0.02;AUDCAD;0.86404;;;2025.04.10 10:44:50;0.86520;;-0.19;-1.65;
2025.04.10 08:00:05;Sell;0.08;AUDCAD;0.87005;;;2025.04.10 10:44:47;0.86525;;;27.28;
2025.04.09 22:00:09;Sell;0.04;AUDCAD;0.86670;;;2025.04.10 10:44:46;0.86525;;-0.38;4.12;
2025.04.10 08:00:05;Sell;0.02;AUDCAD;0.87005;;;2025.04.10 10:27:41;0.86711;;;4.18;
2025.04.10 09:00:24;Sell;0.02;AUDUSD;0.61973;;;2025.04.10 10:23:22;0.61741;;;4.64;
2025.04.09 22:00:09;Sell;0.02;AUDCAD;0.86669;;;2025.04.10 03:49:41;0.86340;;-0.19;4.66;
2025.04.09 21:00:11;Sell;0.02;AUDUSD;0.61393;;;2025.04.10 02:58:43;0.61338;;-0.09;1.10;
2025.04.10 02:00:05;Sell;0.04;AUDUSD;0.61486;;;2025.04.10 02:58:36;0.61329;;;6.28;
2025.04.09 13:00:08;Buy;0.02;NZDCAD;0.78886;;;2025.04.09 20:46:06;0.79502;;;8.75;
2025.04.09 15:00:07;Sell;0.08;EURGBP;0.86391;;;2025.04.09 20:31:32;0.86087;;;31.05;
2025.04.09 08:00:04;Sell;0.04;EURGBP;0.86095;;;2025.04.09 20:31:32;0.86087;;;0.41;
2025.04.09 01:00:09;Sell;0.02;EURGBP;0.85803;;;2025.04.09 20:31:32;0.86089;;;-7.30;
2025.04.09 11:00:02;Sell;0.02;AUDCAD;0.85571;;;2025.04.09 14:35:10;0.85163;;;5.75;
2025.04.09 11:00:02;Sell;0.02;AUDUSD;0.60262;;;2025.04.09 11:21:32;0.60077;;;3.70;
2025.04.08 21:00:05;Buy;0.04;NZDCAD;0.78997;;;2025.04.09 11:15:16;0.79036;;-0.18;1.10;
2025.04.08 13:00:12;Buy;0.02;NZDCAD;0.79335;;;2025.04.09 11:15:16;0.79034;;-0.09;-4.24;
2025.04.09 03:00:06;Buy;0.06;NZDCAD;0.78621;;;2025.04.09 11:15:13;0.79041;;;17.72;
2025.04.08 19:00:05;Buy;0.02;AUDCAD;0.85396;;;2025.04.09 10:27:16;0.85438;;-0.08;0.59;
2025.04.08 20:00:09;Buy;0.04;AUDCAD;0.84980;;;2025.04.09 10:27:13;0.85435;;-0.17;12.82;
2025.04.09 01:00:09;Buy;0.06;AUDUSD;0.59519;;;2025.04.09 04:05:59;0.59699;;;10.80;
2025.04.08 22:00:03;Buy;0.04;AUDUSD;0.59661;;;2025.04.09 04:05:59;0.59698;;-0.16;1.48;
2025.04.08 21:00:05;Buy;0.02;AUDUSD;0.59826;;;2025.04.09 04:05:59;0.59698;;-0.08;-2.56;
2025.04.08 17:15:02;Buy;0.02;EURGBP;0.85402;;;2025.04.08 22:17:02;0.85761;;;9.18;
2025.04.08 08:00:08;Sell;0.02;AUDCAD;0.85812;;;2025.04.08 18:12:26;0.85374;;;6.17;
2025.04.08 18:00:04;Buy;0.02;AUDUSD;0.60254;;;2025.04.08 18:00:11;0.60270;;;0.32;
2025.04.07 13:30:21;Sell;0.16;EURGBP;0.85459;;;2025.04.08 17:11:23;0.85378;;;16.57;
2025.04.04 14:45:09;Sell;0.08;EURGBP;0.85034;;;2025.04.08 17:11:22;0.85380;;;-35.38;
2025.04.04 06:30:10;Sell;0.04;EURGBP;0.84598;;;2025.04.08 17:11:22;0.85384;;;-40.19;
2025.04.03 13:15:11;Sell;0.02;EURGBP;0.84209;;;2025.04.08 17:11:22;0.85384;;;-30.04;
2025.04.07 22:45:11;Sell;0.32;EURGBP;0.85874;;;2025.04.08 17:11:13;0.85386;;;199.62;
2025.04.07 21:55:59;Sell;0.04;EURGBP;0.85707;;;2025.04.08 17:10:17;0.85408;;;15.29;
2025.04.07 12:00:06;Sell;0.02;EURGBP;0.85393;;;2025.04.08 17:10:16;0.85408;;;-0.38;
2025.04.08 02:00:02;Buy;0.02;NZDCAD;0.78859;;;2025.04.08 10:03:09;0.79534;;;9.54;
2025.04.08 09:00:07;Sell;0.02;AUDUSD;0.60650;;;2025.04.08 09:23:12;0.60433;;;4.34;
2025.04.07 19:03:28;Buy;0.04;AUDUSD;0.59694;;;2025.04.08 02:10:39;0.60010;;-0.17;12.64;
2025.04.07 18:08:54;Buy;0.02;AUDUSD;0.60195;;;2025.04.08 02:10:38;0.60010;;-0.08;-3.70;
2025.04.07 22:01:15;Buy;0.04;NZDCAD;0.78615;;;2025.04.08 01:00:07;0.78948;;-0.18;9.35;
2025.04.07 18:08:54;Buy;0.02;NZDCAD;0.79039;;;2025.04.08 01:00:07;0.78945;;-0.09;-1.32;
2025.04.07 22:01:14;Buy;0.04;AUDCAD;0.84882;;;2025.04.07 23:09:52;0.85280;;;11.18;
2025.04.07 19:03:27;Buy;0.02;AUDCAD;0.84981;;;2025.04.07 23:09:52;0.85280;;;4.19;
2025.04.07 14:00:42;Sell;0.02;NZDCAD;0.79603;;;2025.04.07 18:08:53;0.79041;;;7.91;
2025.04.07 14:00:42;Sell;0.04;AUDCAD;0.86075;;;2025.04.07 18:08:53;0.85537;;;15.14;
2025.04.07 09:00:38;Sell;0.02;AUDCAD;0.85558;;;2025.04.07 18:08:53;0.85542;;;0.22;
2025.04.07 02:25:29;Buy;0.36;NZDCAD;0.79234;;;2025.04.07 13:47:42;0.79701;;;118.03;
2025.04.04 21:00:12;Buy;0.24;NZDCAD;0.79407;;;2025.04.07 13:47:42;0.79697;;-1.06;48.86;
2025.04.04 18:00:08;Buy;0.16;NZDCAD;0.79831;;;2025.04.07 13:47:42;0.79697;;-0.71;-15.05;
2025.04.04 16:00:08;Buy;0.10;NZDCAD;0.80172;;;2025.04.07 13:47:41;0.79697;;-0.44;-33.34;
2025.04.04 11:00:10;Buy;0.06;NZDCAD;0.80506;;;2025.04.07 13:47:41;0.79697;;-0.27;-34.08;
2025.04.04 07:00:15;Buy;0.04;NZDCAD;0.80748;;;2025.04.07 13:47:41;0.79697;;-0.18;-29.51;
2025.04.04 05:00:09;Buy;0.02;NZDCAD;0.81247;;;2025.04.07 13:47:40;0.79697;;-0.09;-21.77;
2025.04.07 03:03:44;Buy;0.32;AUDCAD;0.85405;;;2025.04.07 08:20:37;0.85940;;;120.57;
2025.04.04 18:00:07;Buy;0.16;AUDCAD;0.86158;;;2025.04.07 08:20:37;0.85945;;-0.68;-24.00;
2025.04.04 14:00:12;Buy;0.08;AUDCAD;0.86993;;;2025.04.07 08:20:36;0.85945;;-0.34;-59.05;
2025.04.04 07:00:14;Buy;0.04;AUDCAD;0.88087;;;2025.04.07 08:20:36;0.85945;;-0.17;-60.34;
2025.04.04 04:00:07;Buy;0.02;AUDCAD;0.88961;;;2025.04.07 08:20:36;0.85945;;-0.08;-42.49;
2025.04.07 02:25:29;Buy;0.04;AUDCAD;0.85475;;;2025.04.07 06:27:30;0.85832;;;10.02;
2025.04.04 22:40:26;Buy;0.02;AUDCAD;0.86015;;;2025.04.07 06:27:29;0.85831;;-0.08;-2.58;
2025.04.07 03:15:11;Buy;0.32;NZDCAD;0.78778;;;2025.04.07 04:25:39;0.79386;;;136.77;
2025.04.04 18:30:14;Buy;0.16;NZDCAD;0.79457;;;2025.04.07 04:25:39;0.79386;;-0.71;-7.99;
2025.04.04 14:30:07;Buy;0.08;NZDCAD;0.79995;;;2025.04.07 04:25:38;0.79388;;-0.35;-34.14;
2025.04.04 11:45:02;Buy;0.04;NZDCAD;0.80420;;;2025.04.07 04:25:38;0.79387;;-0.18;-29.05;
2025.04.04 06:15:12;Buy;0.02;NZDCAD;0.80843;;;2025.04.07 04:25:38;0.79387;;-0.09;-20.47;
2025.04.07 02:25:29;Sell;0.32;EURGBP;0.85277;;;2025.04.07 03:03:43;0.84950;;;135.11;
2025.04.04 15:00:19;Sell;0.16;EURGBP;0.84946;;;2025.04.07 03:03:43;0.84950;;;-0.83;
2025.04.04 12:00:19;Sell;0.08;EURGBP;0.84695;;;2025.04.07 03:03:43;0.84951;;;-26.45;
2025.04.03 18:00:05;Sell;0.04;EURGBP;0.84425;;;2025.04.07 03:03:42;0.84945;;;-26.86;
2025.04.03 14:00:08;Sell;0.02;EURGBP;0.84053;;;2025.04.07 03:03:42;0.84944;;;-23.01;
2025.04.04 15:00:20;Buy;0.04;AUDUSD;0.61128;;;2025.04.04 22:45:59;0.60625;;;-20.12;
2025.04.04 13:00:09;Buy;0.02;AUDUSD;0.62013;;;2025.04.04 22:45:59;0.60627;;;-27.72;
2025.04.04 19:00:08;Buy;0.10;AUDUSD;0.60458;;;2025.04.04 22:45:39;0.60621;;;16.30;
2025.04.04 17:00:10;Buy;0.06;AUDUSD;0.60850;;;2025.04.04 22:45:39;0.60622;;;-13.68;
2025.04.04 22:00:21;Buy;0.16;AUDUSD;0.60206;;;2025.04.04 22:45:34;0.60617;;;65.76;
2025.04.04 07:00:15;Buy;0.02;AUDCAD;0.88086;;;2025.04.04 22:40:07;0.85962;;;-29.90;
2025.04.04 12:00:19;Buy;0.04;AUDCAD;0.87713;;;2025.04.04 22:39:31;0.85969;;;-49.09;
2025.04.04 17:00:12;Buy;0.16;AUDCAD;0.86569;;;2025.04.04 22:38:56;0.85982;;;-66.09;
2025.04.04 14:00:13;Buy;0.08;AUDCAD;0.86994;;;2025.04.04 22:38:55;0.85982;;;-56.98;
2025.04.04 20:00:28;Buy;0.64;AUDCAD;0.85371;;;2025.04.04 22:38:49;0.85992;;;279.70;
2025.04.04 19:00:09;Buy;0.32;AUDCAD;0.85806;;;2025.04.04 22:38:49;0.85991;;;41.66;
2025.04.04 07:00:15;Buy;0.02;AUDUSD;0.62553;;;2025.04.04 09:02:35;0.62520;;;-0.66;
2025.04.04 08:00:13;Buy;0.04;AUDUSD;0.62338;;;2025.04.04 09:02:32;0.62520;;;7.28;
2025.04.03 13:00:07;Sell;0.02;NZDCAD;0.82107;;;2025.04.04 03:16:12;0.81446;;-0.01;9.39;
2025.04.03 23:00:05;Buy;0.02;AUDUSD;0.63175;;;2025.04.03 23:01:49;0.63185;;;0.20;
2025.04.03 12:00:05;Sell;0.02;AUDUSD;0.63361;;;2025.04.03 18:35:49;0.63541;;;-3.60;
2025.04.03 15:00:10;Sell;0.04;AUDUSD;0.63598;;;2025.04.03 18:35:24;0.63542;;;2.24;
2025.04.03 17:00:41;Sell;0.06;AUDUSD;0.63782;;;2025.04.03 18:35:20;0.63541;;;14.46;
2025.04.03 01:00:15;Buy;0.02;AUDCAD;0.89282;;;2025.04.03 12:40:11;0.89774;;;6.95;
2025.04.03 03:00:16;Buy;0.02;NZDCAD;0.81437;;;2025.04.03 12:34:49;0.82123;;;9.69;
2025.04.03 02:00:15;Buy;0.02;AUDCAD;0.89186;;;2025.04.03 12:08:43;0.89568;;;5.40;
2025.04.03 01:00:16;Buy;0.02;EURGBP;0.83356;;;2025.04.03 09:35:11;0.83700;;;9.02;
2025.04.02 23:45:17;Buy;0.02;NZDCAD;0.81908;;;2025.04.03 04:31:58;0.81769;;-0.27;-1.95;
2025.04.03 01:15:17;Buy;0.04;NZDCAD;0.81422;;;2025.04.03 04:31:45;0.81762;;;9.55;
2025.04.03 02:00:15;Buy;0.02;AUDUSD;0.62511;;;2025.04.03 04:23:44;0.62770;;;5.18;
2025.04.02 11:00:07;Sell;0.02;NZDCAD;0.82049;;;2025.04.03 01:06:18;0.81400;;-0.04;9.10;
2025.04.02 12:00:06;Sell;0.02;AUDCAD;0.90199;;;2025.04.02 23:45:17;0.89814;;;5.38;
2025.04.02 08:00:06;Sell;0.02;AUDCAD;0.90100;;;2025.04.02 23:44:08;0.89771;;;4.60;
2025.03.24 17:15:16;Buy;0.02;EURGBP;0.83487;;;2025.04.02 23:14:48;0.83708;;-1.57;5.75;
2025.04.02 07:00:08;Sell;0.02;AUDUSD;0.62979;;;2025.04.02 17:09:26;0.62963;;;0.32;
2025.04.02 13:00:05;Sell;0.04;AUDUSD;0.63127;;;2025.04.02 17:09:20;0.62960;;;6.68;
2025.03.27 23:00:09;Buy;0.02;NZDCAD;0.82098;;;2025.04.02 08:28:34;0.81882;;-0.36;-3.01;
2025.03.31 16:00:30;Buy;0.06;NZDCAD;0.81555;;;2025.04.02 08:28:28;0.81882;;-0.54;13.70;
2025.03.28 07:00:03;Buy;0.04;NZDCAD;0.81806;;;2025.04.02 08:28:28;0.81882;;-0.54;2.12;
2025.03.20 15:00:32;Buy;0.02;AUDCAD;0.90401;;;2025.04.01 16:37:34;0.90123;;-0.89;-3.85;
2025.03.21 19:00:20;Buy;0.04;AUDCAD;0.89925;;;2025.04.01 16:37:28;0.90129;;-1.60;5.66;
2025.03.31 17:00:11;Buy;0.08;AUDCAD;0.89575;;;2025.04.01 16:37:23;0.90127;;-0.35;30.63;
2025.03.21 17:00:20;Buy;0.04;AUDCAD;0.90085;;;2025.04.01 16:36:35;0.90114;;-1.60;0.81;
2025.03.20 13:00:17;Buy;0.02;AUDCAD;0.90468;;;2025.04.01 16:36:35;0.90114;;-0.89;-4.91;
2025.03.31 13:00:18;Buy;0.08;AUDCAD;0.89712;;;2025.04.01 16:36:16;0.90120;;-0.35;22.65;
2025.03.31 12:00:16;Buy;0.02;AUDUSD;0.62578;;;2025.04.01 06:30:33;0.62560;;-0.09;-0.36;
2025.03.31 16:00:30;Buy;0.04;AUDUSD;0.62384;;;2025.04.01 06:30:30;0.62573;;-0.17;7.56;
2025.03.31 17:45:14;Buy;0.02;NZDCAD;0.81247;;;2025.03.31 20:31:48;0.81573;;;4.54;
2025.03.28 10:00:11;Buy;0.02;EURGBP;0.83310;;;2025.03.28 23:31:31;0.83680;;;9.58;
2025.03.20 15:00:23;Buy;0.04;NZDCAD;0.82491;;;2025.03.27 18:57:11;0.82301;;-1.20;-5.30;
2025.03.19 17:00:11;Buy;0.02;NZDCAD;0.82747;;;2025.03.27 18:57:11;0.82303;;-0.88;-6.20;
2025.03.24 17:00:11;Buy;0.10;NZDCAD;0.81966;;;2025.03.27 18:57:06;0.82305;;-2.19;23.67;
2025.03.24 05:00:16;Buy;0.06;NZDCAD;0.82215;;;2025.03.27 18:57:06;0.82305;;-1.30;3.77;
2025.03.25 10:45:04;Buy;0.02;NZDCAD;0.81888;;;2025.03.27 18:34:30;0.82215;;-0.35;4.57;
2025.03.26 14:00:04;Sell;0.02;AUDUSD;0.63268;;;2025.03.26 18:56:57;0.63014;;;5.08;
2025.03.12 22:00:12;Buy;0.02;EURGBP;0.83945;;;2025.03.26 11:23:18;0.83672;;-2.42;-7.05;
2025.03.25 23:00:07;Buy;0.08;EURGBP;0.83388;;;2025.03.26 11:23:12;0.83674;;-0.70;29.51;
2025.03.20 16:00:13;Buy;0.04;EURGBP;0.83669;;;2025.03.26 11:23:12;0.83674;;-1.40;0.26;
2025.03.21 10:45:16;Sell;0.02;EURGBP;0.83807;;;2025.03.24 17:05:31;0.83474;;-0.01;8.61;
2025.03.21 17:00:20;Buy;0.02;AUDUSD;0.62759;;;2025.03.24 09:25:10;0.62893;;-0.09;2.68;
2025.03.05 10:00:32;Sell;0.02;EURGBP;0.83226;;;2025.03.20 14:17:12;0.83679;;-0.28;-11.73;
2025.03.05 16:45:30;Sell;0.04;EURGBP;0.83667;;;2025.03.20 14:17:10;0.83679;;-0.55;-0.62;
2025.03.07 15:45:08;Sell;0.08;EURGBP;0.84089;;;2025.03.20 14:17:02;0.83681;;-0.78;42.29;
2025.03.19 11:00:12;Buy;0.02;AUDCAD;0.90695;;;2025.03.19 23:44:51;0.91070;;;5.23;
2025.03.19 11:47:30;Buy;0.02;NZDCAD;0.82887;;;2025.03.19 23:19:15;0.83216;;;4.60;
2025.03.19 11:00:13;Buy;0.02;AUDUSD;0.63320;;;2025.03.19 21:44:56;0.63557;;;4.74;
2025.03.14 16:00:08;Sell;0.02;AUDCAD;0.91062;;;2025.03.19 11:51:03;0.90635;;-0.21;5.97;
2025.03.18 01:30:06;Sell;0.04;NZDCAD;0.83203;;;2025.03.19 11:47:30;0.82887;;-0.04;8.83;
2025.03.17 04:45:09;Sell;0.02;NZDCAD;0.82783;;;2025.03.19 11:47:30;0.82887;;-0.04;-1.45;
2025.03.18 02:00:12;Sell;0.06;NZDCAD;0.83248;;;2025.03.19 11:20:16;0.82926;;-0.06;13.50;
2025.03.17 13:00:20;Sell;0.04;NZDCAD;0.82968;;;2025.03.19 11:20:16;0.82926;;-0.08;1.18;
2025.03.14 16:00:12;Sell;0.02;NZDCAD;0.82679;;;2025.03.19 11:20:15;0.82928;;-0.06;-3.48;
2025.03.14 16:00:16;Sell;0.02;AUDCAD;0.91056;;;2025.03.19 10:41:25;0.90709;;-0.21;4.85;
2025.03.17 22:00:08;Sell;0.06;AUDUSD;0.63899;;;2025.03.18 06:23:28;0.63689;;-0.09;12.60;
2025.03.17 19:00:14;Sell;0.04;AUDUSD;0.63729;;;2025.03.18 06:23:28;0.63689;;-0.06;1.60;
2025.03.17 15:00:13;Sell;0.02;AUDUSD;0.63503;;;2025.03.18 06:23:27;0.63689;;-0.03;-3.72;
2025.03.11 09:00:24;Buy;0.02;NZDCAD;0.82041;;;2025.03.14 15:43:02;0.82732;;-0.41;9.59;
2025.03.12 15:15:08;Buy;0.02;NZDCAD;0.82186;;;2025.03.14 10:50:47;0.82518;;-0.33;4.61;
2025.03.13 12:00:16;Buy;0.02;AUDCAD;0.90527;;;2025.03.14 10:30:33;0.90866;;-0.09;4.70;
2025.03.13 13:00:04;Buy;0.02;AUDCAD;0.90391;;;2025.03.14 09:17:01;0.90838;;-0.09;6.20;
2025.03.11 11:00:15;Sell;0.04;EURGBP;0.84353;;;2025.03.12 15:55:53;0.84074;;-0.04;14.45;
2025.03.07 13:00:17;Sell;0.02;EURGBP;0.84047;;;2025.03.12 15:55:52;0.84074;;-0.06;-0.70;
2025.03.11 17:15:19;Sell;0.02;NZDCAD;0.82584;;;2025.03.12 14:50:26;0.82282;;-0.02;4.19;
2025.03.10 16:00:18;Sell;0.02;NZDCAD;0.82694;;;2025.03.11 04:33:59;0.82048;;-0.02;8.95;
2025.03.10 13:30:19;Sell;0.04;NZDCAD;0.82485;;;2025.03.11 01:32:43;0.82169;;-0.04;8.76;
2025.03.07 15:45:07;Sell;0.02;NZDCAD;0.82066;;;2025.03.11 01:32:43;0.82169;;-0.04;-1.42;
2025.03.10 16:00:19;Sell;0.02;AUDCAD;0.91179;;;2025.03.10 20:54:30;0.90851;;;4.54;
2025.03.07 20:00:11;Buy;0.02;NZDCAD;0.82004;;;2025.03.10 15:27:54;0.82699;;-0.08;9.65;
2025.03.07 09:00:12;Buy;0.04;NZDCAD;0.81767;;;2025.03.07 18:06:33;0.82096;;;9.16;
2025.03.05 20:01:00;Buy;0.02;NZDCAD;0.82025;;;2025.03.07 18:06:33;0.82096;;-0.33;0.98;
2025.03.07 16:00:18;Buy;0.02;AUDUSD;0.62886;;;2025.03.07 17:09:25;0.63110;;;4.48;
2025.03.04 21:00:10;Sell;0.02;AUDCAD;0.90419;;;2025.03.07 05:01:10;0.90267;;-0.34;2.13;
2025.03.05 18:00:12;Sell;0.04;AUDCAD;0.90750;;;2025.03.07 05:00:29;0.90283;;-0.55;13.06;
2025.03.04 20:00:20;Sell;0.02;AUDCAD;0.90284;;;2025.03.07 04:56:25;0.90305;;-0.34;-0.29;
2025.03.05 17:00:47;Sell;0.04;AUDCAD;0.90632;;;2025.03.07 04:56:15;0.90309;;-0.55;9.03;
2025.03.06 17:00:20;Sell;0.16;EURGBP;0.83989;;;2025.03.06 20:25:45;0.83707;;;58.18;
2025.03.05 19:00:29;Sell;0.08;EURGBP;0.83724;;;2025.03.06 20:25:44;0.83707;;-0.23;1.76;
2025.03.05 12:00:18;Sell;0.04;EURGBP;0.83444;;;2025.03.06 20:25:42;0.83707;;-0.12;-13.57;
2025.03.05 08:00:27;Sell;0.02;EURGBP;0.83082;;;2025.03.06 20:25:41;0.83707;;-0.06;-16.12;
2025.03.04 19:00:27;Sell;0.04;NZDCAD;0.81550;;;2025.03.06 17:19:25;0.82029;;-0.17;-13.43;
2025.03.03 17:15:16;Sell;0.02;NZDCAD;0.81084;;;2025.03.06 17:19:22;0.82029;;-0.11;-13.24;
2025.03.05 16:45:41;Sell;0.08;NZDCAD;0.81977;;;2025.03.06 17:19:09;0.82034;;-0.26;-3.20;
2025.03.06 14:15:05;Sell;0.16;NZDCAD;0.82413;;;2025.03.06 17:17:57;0.81997;;;46.66;
2025.03.05 16:00:12;Sell;0.02;AUDUSD;0.62930;;;2025.03.06 11:29:44;0.63282;;-0.10;-7.04;
2025.03.06 04:00:25;Sell;0.10;AUDUSD;0.63521;;;2025.03.06 11:29:34;0.63277;;;24.40;
2025.03.05 22:00:11;Sell;0.06;AUDUSD;0.63380;;;2025.03.06 11:29:33;0.63279;;-0.30;6.06;
2025.03.05 17:02:00;Sell;0.04;AUDUSD;0.63096;;;2025.03.06 11:29:33;0.63279;;-0.20;-7.32;
2025.03.05 02:00:12;Buy;0.02;NZDCAD;0.81514;;;2025.03.05 18:14:08;0.82208;;;9.64;
2025.03.05 01:00:23;Sell;0.02;AUDUSD;0.62710;;;2025.03.05 04:28:56;0.62450;;;5.20;
2025.03.04 21:00:07;Sell;0.04;NZDCAD;0.81730;;;2025.03.04 23:25:56;0.81398;;;9.23;
2025.03.03 22:00:31;Sell;0.02;NZDCAD;0.81454;;;2025.03.04 23:25:56;0.81398;;-0.02;0.78;
2025.02.10 01:00:30;Buy;0.02;EURGBP;0.83175;;;2025.03.04 16:00:58;0.82846;;-3.48;-8.37;
2025.02.18 21:00:06;Buy;0.04;EURGBP;0.82879;;;2025.03.04 16:00:46;0.82846;;-4.47;-1.68;
2025.02.27 16:00:35;Buy;0.08;EURGBP;0.82538;;;2025.03.04 16:00:37;0.82844;;-1.90;31.14;
2025.02.27 17:15:08;Buy;0.04;EURGBP;0.82461;;;2025.03.04 15:15:08;0.82811;;-0.96;17.84;
2025.02.26 14:45:15;Buy;0.02;EURGBP;0.82887;;;2025.03.04 15:15:08;0.82812;;-0.96;-1.91;
2025.03.03 22:01:12;Sell;0.02;AUDCAD;0.90251;;;2025.03.04 05:03:01;0.89888;;-0.07;5.01;
2025.02.28 02:00:12;Buy;0.02;AUDCAD;0.90045;;;2025.03.03 22:02:24;0.90278;;-0.08;3.21;
2025.02.28 06:00:16;Buy;0.04;AUDCAD;0.89748;;;2025.03.03 22:02:08;0.90281;;-0.17;14.69;
2025.02.27 07:00:12;Buy;0.02;NZDCAD;0.81511;;;2025.03.03 20:43:27;0.81314;;-0.16;-2.72;
2025.02.28 06:00:04;Buy;0.06;NZDCAD;0.80954;;;2025.03.03 20:43:22;0.81314;;-0.25;14.95;
2025.02.28 01:00:15;Buy;0.04;NZDCAD;0.81280;;;2025.03.03 20:43:22;0.81314;;-0.17;0.94;
2025.02.28 06:00:16;Buy;0.04;AUDCAD;0.89748;;;2025.03.03 20:21:37;0.90100;;-0.17;9.75;
2025.02.27 20:00:07;Buy;0.02;AUDCAD;0.90137;;;2025.03.03 20:21:36;0.90101;;-0.16;-0.50;
2025.02.28 18:00:17;Buy;0.02;NZDCAD;0.80727;;;2025.03.03 16:47:25;0.81050;;-0.08;4.49;
2025.02.27 17:00:19;Buy;0.10;AUDUSD;0.62554;;;2025.03.03 14:13:33;0.62289;;-0.84;-26.50;
2025.02.27 16:00:45;Buy;0.06;AUDUSD;0.62664;;;2025.03.03 14:13:32;0.62289;;-0.50;-22.50;
2025.02.27 07:00:14;Buy;0.04;AUDUSD;0.62881;;;2025.03.03 14:13:31;0.62289;;-0.34;-23.68;
2025.02.26 23:00:23;Buy;0.02;AUDUSD;0.63019;;;2025.03.03 14:13:30;0.62288;;-0.41;-14.62;
2025.02.27 23:00:13;Buy;0.16;AUDUSD;0.62370;;;2025.03.03 14:13:20;0.62286;;-1.34;-13.44;
2025.02.28 20:00:16;Buy;0.36;AUDUSD;0.62068;;;2025.03.03 14:13:12;0.62282;;-1.50;77.04;
2025.02.28 04:00:19;Buy;0.24;AUDUSD;0.62194;;;2025.03.03 14:13:12;0.62282;;-1.00;21.12;
2025.02.14 16:00:10;Sell;0.02;AUDCAD;0.89985;;;2025.02.27 22:50:22;0.90072;;-0.89;-1.20;
2025.02.17 09:00:19;Sell;0.04;AUDCAD;0.90259;;;2025.02.27 22:50:15;0.90076;;-1.66;5.07;
2025.02.20 11:00:08;Sell;0.08;AUDCAD;0.90593;;;2025.02.27 22:50:10;0.90074;;-1.89;28.75;
2025.02.20 07:00:07;Sell;0.04;AUDCAD;0.90482;;;2025.02.27 17:18:13;0.90152;;-0.97;9.15;
2025.02.14 17:56:21;Sell;0.02;AUDCAD;0.90111;;;2025.02.27 17:18:11;0.90151;;-0.89;-0.55;
2025.02.20 19:30:12;Sell;0.04;NZDCAD;0.81747;;;2025.02.27 10:25:31;0.81437;;-0.29;8.65;
2025.02.20 06:30:07;Sell;0.02;NZDCAD;0.81293;;;2025.02.27 10:25:30;0.81437;;-0.14;-2.01;
2025.02.20 18:00:12;Sell;0.02;NZDCAD;0.81643;;;2025.02.27 06:03:04;0.81601;;-0.14;0.59;
2025.02.26 01:00:12;Sell;0.04;NZDCAD;0.81938;;;2025.02.27 06:03:01;0.81601;;-0.13;9.38;
2025.02.25 02:00:15;Buy;0.02;AUDUSD;0.63399;;;2025.02.26 01:43:29;0.63529;;-0.09;2.60;
2025.02.20 21:00:12;Sell;0.02;AUDUSD;0.64021;;;2025.02.21 17:12:34;0.63775;;-0.03;4.92;
2025.02.18 17:00:07;Buy;0.02;NZDCAD;0.80951;;;2025.02.20 17:35:16;0.81629;;-0.33;9.55;
2025.02.18 19:45:29;Buy;0.04;NZDCAD;0.80871;;;2025.02.19 08:08:03;0.81200;;-0.17;9.28;
2025.02.18 01:15:13;Buy;0.02;NZDCAD;0.81286;;;2025.02.19 08:08:03;0.81200;;-0.08;-1.22;
2025.02.17 04:00:06;Sell;0.04;NZDCAD;0.81339;;;2025.02.18 11:49:48;0.81007;;-0.04;9.35;
2025.02.14 17:00:20;Sell;0.02;NZDCAD;0.81076;;;2025.02.18 11:49:48;0.81007;;-0.05;0.98;
2025.02.14 16:00:10;Sell;0.04;AUDUSD;0.63534;;;2025.02.18 01:29:21;0.63515;;-0.14;0.76;
2025.02.14 11:00:09;Sell;0.02;AUDUSD;0.63337;;;2025.02.18 01:29:21;0.63515;;-0.07;-3.56;
2025.02.17 04:00:05;Sell;0.06;AUDUSD;0.63678;;;2025.02.18 01:29:18;0.63515;;-0.10;9.78;
2025.02.07 18:00:16;Buy;0.02;AUDCAD;0.89738;;;2025.02.14 17:56:16;0.90110;;-0.57;5.25;
2025.02.12 16:00:14;Buy;0.02;NZDCAD;0.80346;;;2025.02.14 16:21:13;0.81022;;-0.31;9.55;
2025.02.03 23:45:35;Buy;0.02;NZDCAD;0.81163;;;2025.02.14 16:21:13;0.81022;;-1.02;-1.99;
2025.02.12 13:00:09;Buy;0.04;NZDCAD;0.80676;;;2025.02.14 16:21:03;0.81019;;-0.60;9.69;
2025.02.13 15:00:12;Buy;0.04;AUDCAD;0.89428;;;2025.02.14 14:25:32;0.89918;;-0.17;13.82;
2025.02.04 04:00:06;Buy;0.02;AUDCAD;0.89719;;;2025.02.14 14:25:31;0.89918;;-0.98;2.81;
2025.02.05 18:00:14;Sell;0.02;NZDCAD;0.81356;;;2025.02.12 11:01:52;0.80702;;-0.21;9.15;
2025.02.12 04:00:07;Sell;0.02;AUDUSD;0.63008;;;2025.02.12 10:52:58;0.62829;;;3.58;
2025.02.07 11:00:10;Sell;0.02;AUDCAD;0.90069;;;2025.02.07 17:55:00;0.89755;;;4.39;
2025.02.06 15:00:11;Sell;0.02;EURGBP;0.83729;;;2025.02.07 12:21:38;0.83362;;-0.02;9.15;
2025.02.06 15:00:11;Sell;0.02;EURGBP;0.83729;;;2025.02.06 18:21:09;0.83399;;;8.21;
2025.02.03 01:01:31;Buy;0.02;EURGBP;0.83247;;;2025.02.06 14:01:44;0.83629;;-0.76;9.46;
2025.02.04 02:00:17;Buy;0.02;AUDCAD;0.89694;;;2025.02.05 22:30:04;0.90036;;-0.08;4.78;
2025.01.29 10:00:20;Buy;0.04;EURGBP;0.83684;;;2025.02.05 17:05:45;0.83327;;-2.17;-17.86;
2025.01.27 23:00:10;Buy;0.02;EURGBP;0.83974;;;2025.02.05 17:05:45;0.83328;;-1.37;-16.16;
2025.02.03 01:01:00;Buy;0.08;EURGBP;0.83225;;;2025.02.05 17:04:56;0.83325;;-1.24;10.02;
2025.02.03 16:00:11;Buy;0.16;EURGBP;0.83015;;;2025.02.05 17:04:50;0.83330;;-2.46;63.08;
2025.02.04 15:00:25;Buy;0.04;NZDCAD;0.80853;;;2025.02.05 13:11:46;0.81249;;-0.15;11.08;
2025.02.04 01:00:26;Buy;0.02;NZDCAD;0.81187;;;2025.02.05 13:11:45;0.81249;;-0.08;0.87;
2025.02.04 18:00:18;Sell;0.02;AUDUSD;0.62477;;;2025.02.05 03:54:14;0.62441;;-0.04;0.72;
2025.02.04 22:00:18;Sell;0.04;AUDUSD;0.62581;;;2025.02.05 03:54:12;0.62442;;-0.07;5.56;
2025.01.24 05:00:09;Sell;0.02;NZDCAD;0.81761;;;2025.02.03 23:39:50;0.81159;;-0.24;8.33;
2025.02.03 17:30:52;Buy;0.02;NZDCAD;0.81519;;;2025.02.03 18:08:42;0.81733;;;2.93;
2025.02.03 18:01:02;Sell;0.02;AUDUSD;0.61959;;;2025.02.03 18:08:03;0.61846;;;2.26;
2025.02.03 12:00:20;Sell;0.02;AUDUSD;0.61417;;;2025.02.03 12:27:45;0.61420;;;-0.06;
2025.02.03 02:00:18;Buy;0.02;AUDUSD;0.61407;;;2025.02.03 06:03:30;0.61207;;;-4.00;
2025.02.03 03:00:33;Buy;0.04;AUDUSD;0.61174;;;2025.02.03 06:03:08;0.61175;;;0.04;
2025.02.03 05:00:09;Buy;0.06;AUDUSD;0.60962;;;2025.02.03 06:02:27;0.61186;;;13.44;
2025.02.03 01:15:12;Sell;0.04;NZDCAD;0.82179;;;2025.02.03 02:06:56;0.81954;;;6.12;
2025.02.03 01:00:58;Sell;0.04;AUDCAD;0.90627;;;2025.02.03 02:06:35;0.90358;;;7.32;
2025.01.30 22:46:07;Sell;0.02;NZDCAD;0.81764;;;2025.02.03 02:06:34;0.81950;;-0.06;-2.53;
2025.01.30 23:00:12;Sell;0.02;AUDCAD;0.90030;;;2025.02.03 02:05:55;0.90350;;-0.14;-4.36;
2025.01.28 04:00:47;Buy;0.02;AUDCAD;0.90114;;;2025.01.30 22:43:22;0.90253;;-0.32;1.91;
2025.01.28 16:00:14;Buy;0.02;NZDCAD;0.81391;;;2025.01.30 22:43:20;0.81859;;-0.31;6.43;
2025.01.30 08:00:15;Buy;0.04;AUDCAD;0.89717;;;2025.01.30 22:41:35;0.90195;;;13.16;
2025.01.29 16:00:11;Buy;0.06;AUDUSD;0.62145;;;2025.01.29 19:22:37;0.62353;;;12.48;
2025.01.29 03:00:31;Buy;0.04;AUDUSD;0.62354;;;2025.01.29 19:22:36;0.62353;;;-0.04;
2025.01.28 06:00:03;Buy;0.02;AUDUSD;0.62522;;;2025.01.29 19:22:35;0.62356;;-0.08;-3.32;
2025.01.21 03:00:35;Sell;0.08;NZDCAD;0.81451;;;2025.01.28 15:35:46;0.81396;;-0.97;3.06;
2025.01.20 01:00:08;Sell;0.04;NZDCAD;0.80899;;;2025.01.28 15:35:45;0.81393;;-0.55;-13.72;
2025.01.15 09:45:10;Sell;0.02;NZDCAD;0.80488;;;2025.01.28 15:35:44;0.81396;;-0.41;-12.61;
2025.01.24 08:00:11;Sell;0.16;NZDCAD;0.81802;;;2025.01.28 15:35:16;0.81389;;-0.55;45.89;
2025.01.24 06:00:08;Sell;0.16;AUDCAD;0.90566;;;2025.01.28 06:03:39;0.89985;;-1.16;64.54;
2025.01.21 06:00:11;Sell;0.08;AUDCAD;0.90066;;;2025.01.28 06:03:39;0.89985;;-2.03;4.50;
2025.01.17 21:00:08;Sell;0.04;AUDCAD;0.89634;;;2025.01.28 06:03:37;0.89985;;-1.28;-9.75;
2025.01.15 17:00:13;Sell;0.02;AUDCAD;0.89354;;;2025.01.28 06:03:36;0.89976;;-0.92;-8.64;
2025.01.15 16:00:39;Sell;0.02;AUDCAD;0.89298;;;2025.01.28 04:00:28;0.90123;;-0.92;-11.46;
2025.01.20 01:00:07;Sell;0.04;AUDCAD;0.89700;;;2025.01.28 03:59:42;0.90101;;-1.14;-11.14;
2025.01.21 05:00:07;Sell;0.08;AUDCAD;0.90038;;;2025.01.28 03:59:33;0.90102;;-2.03;-3.56;
2025.01.24 06:00:12;Sell;0.16;AUDCAD;0.90566;;;2025.01.28 03:59:07;0.90118;;-1.16;49.78;
2025.01.24 05:00:08;Sell;0.02;AUDUSD;0.63176;;;2025.01.27 01:02:32;0.62943;;-0.04;4.66;
2025.01.17 14:00:13;Sell;0.02;EURGBP;0.84488;;;2025.01.24 18:53:40;0.84116;;-0.27;9.29;
2025.01.13 11:00:22;Sell;0.08;EURGBP;0.84214;;;2025.01.24 18:38:21;0.84168;;-1.94;4.60;
2025.01.09 09:00:25;Sell;0.04;EURGBP;0.83803;;;2025.01.24 18:38:21;0.84168;;-1.07;-18.24;
2025.01.08 14:00:14;Sell;0.02;EURGBP;0.83253;;;2025.01.24 18:38:20;0.84168;;-0.69;-22.86;
2025.01.20 12:00:05;Sell;0.16;EURGBP;0.84630;;;2025.01.24 18:38:10;0.84168;;-1.79;92.34;
2025.01.22 04:00:16;Buy;0.02;NZDCAD;0.81081;;;2025.01.24 04:58:56;0.81769;;-0.29;9.61;
2025.01.21 05:00:06;Sell;0.04;NZDCAD;0.81495;;;2025.01.22 02:30:00;0.81148;;-0.07;9.69;
2025.01.20 10:00:10;Sell;0.02;NZDCAD;0.81197;;;2025.01.22 02:30:00;0.81148;;-0.06;0.68;
2025.01.20 16:00:20;Sell;0.02;AUDUSD;0.62642;;;2025.01.20 19:26:50;0.62457;;;3.70;
2025.01.20 10:00:11;Sell;0.02;AUDUSD;0.62217;;;2025.01.20 11:03:23;0.62072;;;2.90;
2025.01.14 20:00:06;Buy;0.02;NZDCAD;0.80334;;;2025.01.20 05:01:42;0.81013;;-0.43;9.40;
2025.01.17 16:00:12;Buy;0.02;AUDUSD;0.61778;;;2025.01.17 16:52:47;0.62040;;;5.24;
2025.01.15 18:00:29;Buy;0.02;EURGBP;0.84073;;;2025.01.17 09:11:35;0.84460;;-0.56;9.43;
2025.01.15 16:00:17;Sell;0.02;AUDUSD;0.62421;;;2025.01.15 18:32:07;0.62164;;;5.14;
2025.01.08 05:00:08;Buy;0.02;AUDCAD;0.89369;;;2025.01.15 15:53:00;0.89267;;-0.56;-1.42;
2025.01.09 09:00:28;Buy;0.04;AUDCAD;0.89091;;;2025.01.15 15:52:58;0.89269;;-0.64;4.98;
2025.01.10 20:00:10;Buy;0.08;AUDCAD;0.88730;;;2025.01.15 15:52:27;0.89271;;-0.96;30.24;
2025.01.13 09:01:17;Sell;0.16;EURGBP;0.84120;;;2025.01.15 15:39:01;0.84079;;-0.58;8.07;
2025.01.09 09:00:26;Sell;0.08;EURGBP;0.83802;;;2025.01.15 15:38:58;0.84078;;-0.60;-27.15;
2025.01.08 15:00:27;Sell;0.04;EURGBP;0.83366;;;2025.01.15 15:38:56;0.84078;;-0.50;-35.02;
2025.01.14 16:00:13;Sell;0.32;EURGBP;0.84363;;;2025.01.15 15:38:54;0.84075;;-0.59;113.31;
2025.01.06 14:00:17;Sell;0.02;EURGBP;0.83065;;;2025.01.15 15:38:22;0.84068;;-0.35;-24.67;
2025.01.14 09:00:11;Sell;0.04;NZDCAD;0.80691;;;2025.01.14 19:09:48;0.80363;;;9.12;
2025.01.14 02:00:37;Sell;0.02;NZDCAD;0.80430;;;2025.01.14 19:09:48;0.80363;;;0.93;
2025.01.14 01:08:11;Sell;0.02;NZDCAD;0.80384;;;2025.01.14 15:27:32;0.80439;;;-0.76;
2025.01.14 09:45:25;Sell;0.04;NZDCAD;0.80716;;;2025.01.14 15:27:28;0.80439;;;7.70;
2025.01.14 02:00:36;Sell;0.02;AUDUSD;0.61887;;;2025.01.14 14:19:37;0.61672;;;4.30;
2025.01.08 03:00:19;Buy;0.02;AUDCAD;0.89325;;;2025.01.14 10:08:47;0.89089;;-0.48;-3.29;
2025.01.10 16:01:17;Buy;0.04;AUDCAD;0.88611;;;2025.01.14 10:08:28;0.89097;;-0.32;13.53;
2025.01.08 14:00:32;Buy;0.02;NZDCAD;0.80632;;;2025.01.14 01:09:11;0.80402;;-0.43;-3.20;
2025.01.10 17:01:17;Buy;0.06;NZDCAD;0.80047;;;2025.01.14 01:09:08;0.80400;;-0.43;14.73;
2025.01.09 10:00:10;Buy;0.04;NZDCAD;0.80329;;;2025.01.14 01:09:08;0.80400;;-0.42;1.98;
2025.01.10 15:45:29;Buy;0.02;NZDCAD;0.80033;;;2025.01.14 01:08:08;0.80383;;-0.14;4.87;
2025.01.13 09:01:17;Buy;0.04;AUDUSD;0.61418;;;2025.01.13 10:07:39;0.61516;;;3.92;
2025.01.10 19:00:09;Buy;0.02;AUDUSD;0.61451;;;2025.01.13 10:07:38;0.61516;;-0.08;1.30;
2025.01.08 15:00:45;Buy;0.02;AUDUSD;0.61980;;;2025.01.10 03:28:02;0.62046;;-0.32;1.32;
2025.01.06 03:17:55;Sell;0.02;NZDCAD;0.81245;;;2025.01.08 13:34:38;0.80607;;-0.06;8.87;
2025.01.06 16:19:59;Sell;0.02;AUDCAD;0.89698;;;2025.01.08 02:33:23;0.89387;;-0.14;4.33;
2025.01.06 03:00:02;Sell;0.02;AUDCAD;0.89920;;;2025.01.06 21:55:26;0.89494;;;5.95;
2025.01.06 20:00:13;Buy;0.02;AUDUSD;0.62424;;;2025.01.06 20:00:27;0.62415;;;-0.18;
2025.01.06 11:00:12;Sell;0.02;AUDUSD;0.62505;;;2025.01.06 16:22:08;0.62493;;;0.24;
2025.01.06 14:00:36;Sell;0.04;AUDUSD;0.62848;;;2025.01.06 16:20:58;0.62503;;;13.80;
2025.01.06 03:04:45;Sell;0.02;AUDCAD;0.89915;;;2025.01.06 16:19:19;0.89759;;;2.17;
2024.12.12 04:00:22;Sell;0.02;AUDCAD;0.90679;;;2024.12.18 21:01:09;0.90196;;-0.28;6.73;
2024.12.10 18:15:13;Buy;0.02;NZDCAD;0.82111;;;2024.12.17 18:46:20;0.82441;;-0.50;4.61;
2024.12.13 18:00:25;Sell;0.04;EURGBP;0.83147;;;2024.12.16 16:45:57;0.82882;;-0.08;13.41;
2024.12.13 11:00:17;Sell;0.02;EURGBP;0.82887;;;2024.12.16 16:45:55;0.82882;;-0.04;0.13;
2024.12.11 10:00:26;Buy;0.10;NZDCAD;0.81858;;;2024.12.16 08:03:19;0.82237;;-1.86;26.65;
2024.12.10 18:00:22;Buy;0.06;NZDCAD;0.82162;;;2024.12.16 08:03:19;0.82237;;-1.33;3.16;
2024.12.10 15:00:13;Buy;0.04;NZDCAD;0.82466;;;2024.12.16 08:03:18;0.82237;;-0.90;-6.44;
2024.12.10 06:00:13;Buy;0.02;NZDCAD;0.82718;;;2024.12.16 08:03:18;0.82237;;-0.43;-6.76;
2024.12.13 05:00:11;Buy;0.02;AUDUSD;0.63597;;;2024.12.13 14:43:14;0.63802;;;4.10;
2024.12.10 12:00:19;Buy;0.02;EURGBP;0.82573;;;2024.12.13 10:46:04;0.82912;;-0.71;8.55;
2024.12.10 19:00:11;Buy;0.04;EURGBP;0.82416;;;2024.12.12 17:17:02;0.82708;;-1.15;14.83;
2024.12.04 16:00:06;Buy;0.02;EURGBP;0.82740;;;2024.12.12 17:17:00;0.82707;;-1.43;-0.84;
2024.12.12 03:00:18;Sell;0.02;AUDUSD;0.64045;;;2024.12.12 13:16:14;0.63997;;;0.96;
2024.12.12 06:00:07;Sell;0.04;AUDUSD;0.64166;;;2024.12.12 13:13:51;0.63981;;;7.40;
2024.12.11 12:00:09;Buy;0.02;AUDCAD;0.90039;;;2024.12.12 02:32:00;0.90616;;-0.25;8.16;
2024.12.10 06:00:13;Buy;0.02;AUDUSD;0.63946;;;2024.12.11 15:43:59;0.63730;;-0.08;-4.32;
2024.12.11 10:00:21;Buy;0.06;AUDUSD;0.63501;;;2024.12.11 15:43:52;0.63734;;;13.98;
2024.12.10 18:00:19;Buy;0.04;AUDUSD;0.63703;;;2024.12.11 15:43:50;0.63734;;-0.16;1.24;
2024.12.09 10:00:18;Sell;0.02;AUDCAD;0.90937;;;2024.12.10 05:33:44;0.90614;;-0.07;4.55;
2024.12.06 16:00:28;Sell;0.02;NZDCAD;0.82683;;;2024.12.10 05:32:47;0.82635;;-0.08;0.68;
2024.12.09 18:00:18;Sell;0.04;NZDCAD;0.83035;;;2024.12.10 05:32:41;0.82649;;-0.07;10.88;
2024.12.09 10:00:15;Sell;0.02;AUDCAD;0.90932;;;2024.12.10 05:32:39;0.90570;;-0.07;5.11;
2024.12.09 18:00:17;Sell;0.04;AUDCAD;0.91260;;;2024.12.10 05:31:54;0.90680;;-0.15;16.35;
2024.12.09 16:00:08;Sell;0.02;AUDUSD;0.64638;;;2024.12.09 22:24:02;0.64390;;;4.96;
2024.12.04 17:37:37;Buy;0.02;AUDCAD;0.90521;;;2024.12.09 09:56:32;0.90908;;-0.41;5.47;
2024.12.04 13:00:13;Buy;0.04;AUDCAD;0.90201;;;2024.12.09 09:28:17;0.90690;;-0.84;13.81;
2024.12.04 05:00:06;Buy;0.02;AUDCAD;0.90509;;;2024.12.09 09:28:11;0.90694;;-0.41;2.61;
2024.12.06 15:45:09;Sell;0.02;NZDCAD;0.82587;;;2024.12.09 07:00:20;0.82291;;-0.04;4.18;
2024.12.05 12:00:07;Buy;0.02;NZDCAD;0.82466;;;2024.12.06 15:39:43;0.82570;;-0.08;1.48;
2024.12.06 11:00:09;Buy;0.04;NZDCAD;0.82147;;;2024.12.06 15:39:17;0.82539;;;11.16;
2024.12.04 06:00:08;Buy;0.04;NZDCAD;0.82265;;;2024.12.05 09:08:05;0.82635;;-0.45;10.52;
2024.12.02 16:00:17;Buy;0.02;NZDCAD;0.82548;;;2024.12.05 09:08:04;0.82635;;-0.39;1.24;
2024.12.02 15:45:17;Buy;0.02;NZDCAD;0.82529;;;2024.12.04 18:20:43;0.82470;;-0.16;-0.84;
2024.12.04 13:00:14;Buy;0.04;NZDCAD;0.82133;;;2024.12.04 18:20:33;0.82468;;;9.52;
2024.12.04 14:00:09;Buy;0.04;AUDCAD;0.90143;;;2024.12.04 17:37:29;0.90504;;;10.27;
2024.12.04 07:00:09;Buy;0.02;AUDCAD;0.90553;;;2024.12.04 17:37:28;0.90504;;;-0.69;
2024.12.04 06:00:08;Buy;0.04;AUDUSD;0.64152;;;2024.12.04 06:47:37;0.64320;;;6.72;
2024.12.04 05:00:06;Buy;0.02;AUDUSD;0.64294;;;2024.12.04 06:47:37;0.64320;;;0.52;
2024.12.02 16:00:14;Buy;0.02;AUDCAD;0.90805;;;2024.12.03 19:16:34;0.91185;;-0.08;5.40;
2024.12.02 11:00:04;Buy;0.02;EURGBP;0.82733;;;2024.12.03 13:17:32;0.83062;;-0.14;8.34;
2024.12.02 11:00:03;Buy;0.04;EURGBP;0.82734;;;2024.12.03 12:15:39;0.83010;;-0.29;14.00;
2024.12.02 03:00:26;Buy;0.02;EURGBP;0.83012;;;2024.12.03 12:15:39;0.83010;;-0.14;-0.05;
2024.11.29 10:00:10;Sell;0.02;AUDCAD;0.91214;;;2024.12.02 15:39:41;0.90877;;-0.07;4.80;
2024.11.29 16:00:24;Sell;0.04;NZDCAD;0.82973;;;2024.12.02 15:28:18;0.82635;;-0.07;9.63;
2024.11.27 10:00:17;Sell;0.02;NZDCAD;0.82717;;;2024.12.02 15:28:17;0.82637;;-0.19;1.14;
2024.11.25 18:00:41;Sell;0.02;EURGBP;0.83563;;;2024.11.28 15:44:03;0.83211;;-0.19;8.92;
2024.11.25 18:00:26;Sell;0.02;EURGBP;0.83564;;;2024.11.28 10:06:42;0.83248;;-0.19;8.00;
2024.11.26 18:00:22;Buy;0.02;NZDCAD;0.81974;;;2024.11.27 09:40:03;0.82651;;-0.08;9.64;
2024.11.26 17:15:12;Buy;0.02;NZDCAD;0.82078;;;2024.11.27 03:02:51;0.82415;;-0.08;4.80;
2024.11.26 04:00:08;Sell;0.02;AUDCAD;0.91421;;;2024.11.26 17:51:40;0.90981;;;6.25;
2024.11.26 04:00:09;Sell;0.02;AUDCAD;0.91419;;;2024.11.26 17:07:49;0.91075;;;4.88;
2024.11.26 09:30:13;Sell;0.04;NZDCAD;0.82500;;;2024.11.26 16:52:36;0.82188;;;8.85;
2024.11.26 02:15:28;Sell;0.02;NZDCAD;0.82062;;;2024.11.26 16:52:35;0.82188;;;-1.78;
2024.11.26 03:01:40;Sell;0.02;NZDCAD;0.82261;;;2024.11.26 16:52:08;0.82199;;;0.88;
2024.11.26 15:00:16;Sell;0.04;NZDCAD;0.82557;;;2024.11.26 16:51:59;0.82201;;;10.10;
2024.11.26 02:00:27;Buy;0.02;AUDUSD;0.64643;;;2024.11.26 03:35:42;0.64722;;;1.58;
2024.11.26 03:01:34;Buy;0.04;AUDUSD;0.64485;;;2024.11.26 03:35:22;0.64739;;;10.16;
2024.11.21 10:00:22;Buy;0.02;NZDCAD;0.81877;;;2024.11.26 02:09:46;0.82014;;-0.21;1.94;
2024.11.22 05:00:12;Buy;0.04;NZDCAD;0.81601;;;2024.11.26 02:08:45;0.81980;;-0.26;10.73;
2024.11.08 15:45:09;Buy;0.02;NZDCAD;0.83212;;;2024.11.26 01:58:12;0.81901;;-1.09;-18.62;
2024.11.22 17:45:21;Buy;0.32;NZDCAD;0.81477;;;2024.11.26 01:58:11;0.81901;;-2.13;96.34;
2024.11.21 09:45:07;Buy;0.16;NZDCAD;0.81891;;;2024.11.26 01:58:11;0.81901;;-1.59;1.13;
2024.11.13 18:45:12;Buy;0.08;NZDCAD;0.82308;;;2024.11.26 01:58:11;0.81901;;-3.49;-23.12;
2024.11.12 17:15:08;Buy;0.04;NZDCAD;0.82753;;;2024.11.26 01:58:10;0.81900;;-1.85;-24.23;
2024.11.25 03:00:11;Sell;0.02;AUDCAD;0.91194;;;2024.11.25 08:15:55;0.90852;;;4.91;
2024.11.25 03:00:13;Sell;0.02;AUDUSD;0.65443;;;2024.11.25 06:22:26;0.65193;;;5.00;
2024.11.20 17:00:11;Buy;0.02;AUDCAD;0.90863;;;2024.11.25 01:20:50;0.91224;;-0.41;5.18;
2024.11.12 20:00:18;Sell;0.02;EURGBP;0.83294;;;2024.11.22 11:12:35;0.82980;;-0.51;7.86;
2024.11.15 21:00:11;Sell;0.02;NZDCAD;0.82628;;;2024.11.21 08:35:55;0.81971;;-0.29;9.41;
2024.11.15 19:00:09;Sell;0.04;EURGBP;0.83555;;;2024.11.20 09:31:38;0.83287;;-0.27;13.62;
2024.11.12 20:00:14;Sell;0.02;EURGBP;0.83293;;;2024.11.20 09:31:37;0.83288;;-0.34;0.13;
2024.11.19 06:00:04;Sell;0.02;AUDCAD;0.91370;;;2024.11.19 11:34:12;0.91070;;;4.27;
2024.11.13 03:00:10;Buy;0.04;AUDCAD;0.91016;;;2024.11.18 21:38:12;0.91199;;-0.84;5.22;
2024.11.12 13:00:21;Buy;0.02;AUDCAD;0.91325;;;2024.11.18 21:38:12;0.91199;;-0.49;-1.80;
2024.11.14 06:00:08;Buy;0.08;AUDCAD;0.90650;;;2024.11.18 21:38:03;0.91202;;-0.66;31.49;
2024.11.12 05:00:19;Buy;0.10;AUDUSD;0.65559;;;2024.11.18 19:40:32;0.64976;;-2.48;-58.30;
2024.11.08 19:00:23;Buy;0.06;AUDUSD;0.65716;;;2024.11.18 19:40:29;0.64976;;-1.99;-44.40;
2024.11.08 16:00:12;Buy;0.04;AUDUSD;0.66081;;;2024.11.18 19:40:29;0.64976;;-1.33;-44.20;
2024.11.08 15:00:18;Buy;0.02;AUDUSD;0.66249;;;2024.11.18 19:40:28;0.64976;;-0.65;-25.46;
2024.11.14 06:00:08;Buy;0.82;AUDUSD;0.64700;;;2024.11.18 19:40:21;0.64974;;-6.75;224.68;
2024.11.13 19:00:43;Buy;0.54;AUDUSD;0.64859;;;2024.11.18 19:40:19;0.64975;;-11.14;62.64;
2024.11.13 17:00:19;Buy;0.36;AUDUSD;0.65011;;;2024.11.18 19:40:19;0.64976;;-7.43;-12.60;
2024.11.12 19:00:15;Buy;0.24;AUDUSD;0.65212;;;2024.11.18 19:40:19;0.64976;;-5.96;-56.64;
2024.11.12 13:00:21;Buy;0.16;AUDUSD;0.65412;;;2024.11.18 19:40:18;0.64976;;-3.98;-69.76;
2024.11.13 18:00:14;Buy;0.04;AUDCAD;0.90811;;;2024.11.18 18:12:16;0.91164;;-0.84;10.05;
2024.11.12 17:00:20;Buy;0.02;AUDCAD;0.91175;;;2024.11.18 18:12:16;0.91164;;-0.49;-0.16;
2024.11.13 18:00:12;Buy;0.02;NZDCAD;0.82457;;;2024.11.15 18:27:41;0.82564;;-0.27;1.52;
2024.11.14 04:00:11;Buy;0.04;NZDCAD;0.82203;;;2024.11.15 18:27:29;0.82565;;-0.13;10.29;
2024.11.11 05:00:08;Sell;0.02;NZDCAD;0.83087;;;2024.11.13 17:24:05;0.82422;;-0.10;9.51;
2024.11.11 15:00:24;Buy;0.08;EURGBP;0.82699;;;2024.11.12 17:54:19;0.83137;;-0.56;44.70;
2024.11.06 15:00:36;Buy;0.04;EURGBP;0.83180;;;2024.11.12 17:54:18;0.83134;;-1.63;-2.35;
2024.11.06 03:00:36;Buy;0.02;EURGBP;0.83633;;;2024.11.12 17:54:14;0.83135;;-0.83;-12.71;
2024.11.11 12:00:08;Buy;0.04;EURGBP;0.82807;;;2024.11.12 17:36:16;0.83091;;-0.28;14.51;
2024.11.08 16:00:12;Buy;0.02;EURGBP;0.83093;;;2024.11.12 17:36:15;0.83090;;-0.28;-0.07;
2024.11.07 17:00:21;Sell;0.02;NZDCAD;0.83509;;;2024.11.08 19:13:25;0.82851;;-0.05;9.45;
2024.11.07 11:00:19;Sell;0.02;AUDCAD;0.92065;;;2024.11.08 15:39:51;0.91948;;-0.08;1.68;
2024.11.07 19:00:05;Sell;0.04;AUDCAD;0.92437;;;2024.11.08 15:39:48;0.91952;;-0.15;13.94;
2024.11.07 17:00:21;Sell;0.02;AUDCAD;0.92513;;;2024.11.08 10:09:33;0.92173;;-0.08;4.89;
2024.11.07 11:00:19;Sell;0.02;AUDUSD;0.66348;;;2024.11.07 21:42:08;0.66565;;;-4.34;
2024.11.07 17:00:19;Sell;0.06;AUDUSD;0.66758;;;2024.11.07 21:41:49;0.66570;;;11.28;
2024.11.07 16:00:14;Sell;0.04;AUDUSD;0.66625;;;2024.11.07 21:41:48;0.66573;;;2.08;
2024.11.06 05:00:38;Buy;0.02;NZDCAD;0.82692;;;2024.11.07 15:00:39;0.83370;;-0.18;9.76;
2024.11.06 03:00:25;Buy;0.02;EURGBP;0.83622;;;2024.11.07 13:56:12;0.83386;;-0.41;-6.09;
2024.11.07 06:00:09;Buy;0.08;EURGBP;0.83123;;;2024.11.07 13:56:07;0.83386;;;27.14;
2024.11.06 12:00:12;Buy;0.04;EURGBP;0.83372;;;2024.11.07 13:56:06;0.83386;;-0.81;0.72;
2024.11.06 04:45:13;Buy;0.02;NZDCAD;0.82689;;;2024.11.07 05:15:42;0.83030;;-0.18;4.90;
2024.11.06 11:00:11;Sell;0.02;AUDUSD;0.65859;;;2024.11.06 11:00:38;0.65858;;;0.02;
2024.11.06 07:12:26;Buy;0.02;AUDCAD;0.91168;;;2024.11.06 10:50:35;0.91503;;;4.82;
2024.11.06 06:00:17;Buy;0.02;AUDCAD;0.90816;;;2024.11.06 07:12:26;0.91146;;;4.75;
2024.11.06 06:00:18;Buy;0.02;AUDUSD;0.65205;;;2024.11.06 06:42:15;0.65414;;;4.18;
2024.11.01 16:00:17;Sell;0.02;NZDCAD;0.83331;;;2024.11.06 04:35:40;0.82712;;-0.15;8.90;
2024.11.04 03:00:19;Sell;0.02;AUDCAD;0.91815;;;2024.11.06 04:18:26;0.91390;;-0.16;6.11;
2024.11.05 14:00:08;Sell;0.02;AUDCAD;0.91935;;;2024.11.06 02:32:37;0.91583;;-0.08;5.07;
2024.11.05 09:30:07;Sell;0.02;NZDCAD;0.83244;;;2024.11.06 02:32:36;0.82957;;-0.05;4.14;
2024.11.04 03:00:23;Sell;0.02;AUDCAD;0.91821;;;2024.11.04 18:58:09;0.91489;;;4.77;
2024.11.04 04:00:14;Sell;0.02;AUDUSD;0.66010;;;2024.11.04 18:56:39;0.65818;;;3.84;
2024.11.01 18:00:08;Buy;0.02;EURGBP;0.83715;;;2024.11.04 11:16:01;0.84093;;-0.14;9.80;
2024.10.29 07:00:22;Buy;0.08;AUDCAD;0.91210;;;2024.11.04 01:08:20;0.91798;;-2.04;33.78;
2024.10.23 21:00:11;Buy;0.04;AUDCAD;0.91663;;;2024.11.04 01:08:20;0.91798;;-2.05;3.88;
2024.10.23 14:00:04;Buy;0.02;AUDCAD;0.91989;;;2024.11.04 01:08:20;0.91798;;-1.06;-2.74;
2024.10.31 18:00:12;Sell;0.04;EURGBP;0.84293;;;2024.11.01 16:16:35;0.83946;;-0.11;17.99;
2024.10.31 04:00:12;Sell;0.02;EURGBP;0.83810;;;2024.11.01 16:16:33;0.83946;;-0.05;-3.52;
2024.10.31 17:00:46;Buy;0.02;NZDCAD;0.82691;;;2024.11.01 15:53:55;0.83384;;-0.06;9.97;
2024.10.31 16:30:22;Buy;0.02;NZDCAD;0.82979;;;2024.11.01 07:44:08;0.83306;;-0.06;4.69;
2024.10.31 17:00:14;Buy;0.02;AUDCAD;0.91051;;;2024.10.31 19:20:47;0.91412;;;5.18;
2024.10.30 12:00:23;Sell;0.02;NZDCAD;0.83389;;;2024.10.31 16:52:45;0.82725;;-0.16;9.55;
2024.10.30 11:15:06;Sell;0.02;NZDCAD;0.83340;;;2024.10.30 23:25:59;0.83037;;;4.36;
2024.10.17 20:00:08;Buy;0.02;EURGBP;0.83203;;;2024.10.30 20:15:03;0.83584;;-1.49;9.90;
2024.10.29 15:00:11;Buy;0.02;EURGBP;0.83172;;;2024.10.30 13:46:14;0.83494;;-0.14;8.36;
2024.10.21 19:00:09;Buy;0.02;AUDCAD;0.92208;;;2024.10.30 11:54:49;0.91536;;-0.80;-9.66;
2024.10.23 15:00:05;Buy;0.04;AUDCAD;0.91836;;;2024.10.30 11:54:46;0.91532;;-1.20;-8.75;
2024.10.30 07:00:14;Buy;0.16;AUDCAD;0.91057;;;2024.10.30 11:54:45;0.91532;;;54.66;
2024.10.28 21:00:16;Buy;0.08;AUDCAD;0.91453;;;2024.10.30 11:54:45;0.91532;;-0.68;4.55;
2024.10.29 16:00:16;Buy;0.04;NZDCAD;0.82866;;;2024.10.30 11:03:47;0.83237;;-0.12;10.66;
2024.10.28 19:00:13;Buy;0.02;NZDCAD;0.83148;;;2024.10.30 11:03:46;0.83237;;-0.12;1.28;
2024.10.30 07:00:14;Buy;0.04;AUDUSD;0.65407;;;2024.10.30 10:30:24;0.65589;;;7.28;
2024.10.29 16:00:17;Buy;0.02;AUDUSD;0.65581;;;2024.10.30 10:30:23;0.65589;;-0.08;0.16;
2024.10.28 09:00:10;Buy;0.06;NZDCAD;0.82887;;;2024.10.28 16:52:11;0.83248;;;15.60;
2024.10.23 15:00:05;Buy;0.04;NZDCAD;0.83150;;;2024.10.28 16:52:11;0.83248;;-0.61;2.82;
2024.10.16 02:00:08;Buy;0.02;NZDCAD;0.83512;;;2024.10.28 16:52:10;0.83248;;-0.67;-3.80;
2024.10.28 07:00:05;Buy;0.02;AUDUSD;0.65828;;;2024.10.28 14:44:29;0.66082;;;5.08;
2024.10.24 10:30:10;Sell;0.02;NZDCAD;0.83274;;;2024.10.28 04:50:13;0.82963;;-0.10;4.47;
2024.10.23 21:00:10;Buy;0.04;AUDUSD;0.66223;;;2024.10.24 03:40:38;0.66388;;-0.51;6.60;
2024.10.23 15:00:06;Buy;0.02;AUDUSD;0.66365;;;2024.10.24 03:40:38;0.66388;;-0.25;0.46;
2024.10.18 10:00:13;Buy;0.04;EURGBP;0.83033;;;2024.10.22 13:36:41;0.83411;;-0.52;19.62;
2024.10.14 20:00:18;Buy;0.02;EURGBP;0.83532;;;2024.10.22 13:36:40;0.83411;;-0.99;-3.14;
2024.10.15 23:53:06;Buy;0.02;AUDCAD;0.92329;;;2024.10.17 17:53:18;0.92338;;-0.35;0.13;
2024.10.16 16:00:19;Buy;0.04;AUDCAD;0.91973;;;2024.10.17 17:53:13;0.92334;;-0.52;10.48;
2024.10.16 10:00:09;Sell;0.02;EURGBP;0.83744;;;2024.10.17 15:55:55;0.83374;;-0.21;9.63;
2024.10.15 11:00:24;Buy;0.04;EURGBP;0.83376;;;2024.10.16 09:15:15;0.83652;;-0.25;14.35;
2024.10.10 10:00:16;Buy;0.02;EURGBP;0.83636;;;2024.10.16 09:15:15;0.83652;;-0.48;0.42;
2024.10.16 03:00:09;Buy;0.04;AUDUSD;0.66773;;;2024.10.16 06:07:20;0.66974;;;8.04;
2024.10.16 02:00:07;Buy;0.02;AUDUSD;0.66985;;;2024.10.16 06:07:20;0.66975;;;-0.20;
2024.10.11 03:00:06;Sell;0.04;AUDCAD;0.92652;;;2024.10.15 23:53:06;0.92329;;-0.30;9.38;
2024.10.10 07:00:08;Sell;0.02;AUDCAD;0.92261;;;2024.10.15 23:53:06;0.92330;;-0.24;-1.00;
2024.10.10 16:00:43;Sell;0.02;NZDCAD;0.83598;;;2024.10.15 22:57:35;0.83832;;-0.21;-3.39;
2024.10.15 15:00:30;Sell;0.06;NZDCAD;0.84144;;;2024.10.15 22:57:27;0.83833;;;13.54;
2024.10.11 06:00:13;Sell;0.04;NZDCAD;0.83896;;;2024.10.15 22:57:26;0.83833;;-0.28;1.82;
2024.10.15 15:45:28;Sell;0.02;NZDCAD;0.84299;;;2024.10.15 18:06:26;0.84006;;;4.25;
2024.10.11 18:30:11;Sell;0.04;NZDCAD;0.84124;;;2024.10.14 15:21:00;0.83814;;-0.14;8.99;
2024.10.10 16:30:14;Sell;0.02;NZDCAD;0.83669;;;2024.10.14 15:21:00;0.83814;;-0.14;-2.10;
2024.10.03 16:00:10;Buy;0.04;AUDUSD;0.68399;;;2024.10.11 18:14:56;0.67535;;-1.59;-34.56;
2024.10.03 08:00:13;Buy;0.02;AUDUSD;0.68612;;;2024.10.11 18:14:56;0.67536;;-0.80;-21.52;
2024.10.08 09:00:06;Buy;0.36;AUDUSD;0.67269;;;2024.10.11 18:14:47;0.67528;;-8.92;93.24;
2024.10.07 22:00:27;Buy;0.24;AUDUSD;0.67458;;;2024.10.11 18:14:46;0.67529;;-7.13;17.04;
2024.10.07 18:00:15;Buy;0.16;AUDUSD;0.67635;;;2024.10.11 18:14:45;0.67529;;-4.75;-16.96;
2024.10.07 17:00:09;Buy;0.10;AUDUSD;0.67805;;;2024.10.11 18:14:45;0.67529;;-2.98;-27.60;
2024.10.04 17:00:14;Buy;0.06;AUDUSD;0.67971;;;2024.10.11 18:14:45;0.67529;;-2.09;-26.52;
2024.10.01 18:00:13;Buy;0.04;NZDCAD;0.84985;;;2024.10.10 15:32:36;0.83610;;-1.09;-40.03;
2024.10.01 06:00:09;Buy;0.02;NZDCAD;0.85570;;;2024.10.10 15:32:36;0.83609;;-0.55;-28.54;
2024.10.07 19:00:08;Buy;0.36;NZDCAD;0.83332;;;2024.10.10 15:31:41;0.83530;;-4.38;51.85;
2024.10.02 18:00:13;Buy;0.10;NZDCAD;0.84453;;;2024.10.10 15:31:41;0.83524;;-2.47;-67.58;
2024.10.02 16:00:06;Buy;0.06;NZDCAD;0.84716;;;2024.10.10 15:31:40;0.83517;;-1.49;-52.33;
2024.10.09 15:00:17;Buy;0.54;NZDCAD;0.83047;;;2024.10.10 15:31:34;0.83552;;-3.92;198.42;
2024.10.04 16:00:43;Buy;0.24;NZDCAD;0.83634;;;2024.10.10 15:31:20;0.83570;;-3.51;-11.17;
2024.10.03 12:00:39;Buy;0.16;NZDCAD;0.84168;;;2024.10.10 15:31:18;0.83563;;-2.73;-70.44;
2024.10.04 19:30:09;Buy;0.16;NZDCAD;0.83518;;;2024.10.10 15:14:59;0.83514;;-2.33;-0.46;
2024.10.04 15:30:31;Buy;0.08;NZDCAD;0.83702;;;2024.10.10 15:14:58;0.83514;;-1.18;-10.93;
2024.10.03 03:30:03;Buy;0.04;NZDCAD;0.84403;;;2024.10.10 15:14:58;0.83515;;-0.69;-25.83;
2024.10.01 18:15:07;Buy;0.02;NZDCAD;0.84857;;;2024.10.10 15:14:58;0.83515;;-0.55;-19.52;
2024.10.09 14:45:11;Buy;0.32;NZDCAD;0.83046;;;2024.10.10 15:14:49;0.83518;;-2.32;109.84;
2024.10.03 13:00:31;Buy;0.02;AUDCAD;0.92619;;;2024.10.10 07:01:35;0.92287;;-0.62;-4.85;
2024.10.08 07:00:28;Buy;0.08;AUDCAD;0.91741;;;2024.10.10 07:01:23;0.92286;;-1.40;31.81;
2024.10.04 20:00:11;Buy;0.04;AUDCAD;0.92288;;;2024.10.10 07:01:23;0.92286;;-1.06;-0.05;
2024.10.08 06:00:16;Buy;0.16;AUDCAD;0.91753;;;2024.10.10 06:09:36;0.92233;;-2.79;56.05;
2024.10.07 14:00:27;Buy;0.08;AUDCAD;0.92188;;;2024.10.10 06:09:35;0.92235;;-1.75;2.74;
2024.10.03 13:00:31;Buy;0.04;AUDCAD;0.92620;;;2024.10.10 06:09:35;0.92235;;-1.24;-11.23;
2024.10.01 18:00:13;Buy;0.02;AUDCAD;0.93020;;;2024.10.10 06:09:35;0.92235;;-0.98;-11.46;
2024.10.04 19:00:17;Buy;0.02;EURGBP;0.83631;;;2024.10.08 09:51:54;0.84007;;-0.24;9.84;
2024.10.03 11:07:57;Sell;0.02;EURGBP;0.83962;;;2024.10.04 18:50:35;0.83635;;-0.07;8.57;
2024.10.03 12:00:23;Sell;0.04;EURGBP;0.84147;;;2024.10.04 10:57:22;0.83787;;-0.14;18.95;
2024.10.03 09:00:18;Sell;0.02;EURGBP;0.83642;;;2024.10.04 10:57:21;0.83792;;-0.07;-3.94;
2024.08.09 13:01:21;Buy;0.02;EURGBP;0.85592;;;2024.10.03 11:07:54;0.83961;;-7.03;-42.86;
2024.09.23 18:00:33;Buy;0.64;EURGBP;0.83401;;;2024.10.03 11:07:43;0.83962;;-48.47;471.79;
2024.09.20 10:00:17;Buy;0.32;EURGBP;0.83874;;;2024.10.03 11:07:43;0.83963;;-26.26;37.43;
2024.08.27 19:00:07;Buy;0.16;EURGBP;0.84333;;;2024.10.03 11:07:42;0.83963;;-39.32;-77.79;
2024.08.23 10:45:15;Buy;0.08;EURGBP;0.84755;;;2024.10.03 11:07:41;0.83959;;-20.67;-83.69;
2024.08.16 12:15:13;Buy;0.04;EURGBP;0.85192;;;2024.10.03 11:07:40;0.83956;;-12.04;-64.97;
2024.10.01 19:00:21;Buy;0.02;AUDUSD;0.68847;;;2024.10.02 06:12:04;0.69120;;-0.10;5.46;
2024.10.01 16:00:17;Buy;0.04;EURGBP;0.83150;;;2024.10.01 20:07:09;0.83419;;;14.25;
2024.09.26 13:00:06;Buy;0.02;EURGBP;0.83434;;;2024.10.01 20:07:08;0.83420;;-0.39;-0.37;
2024.09.12 20:00:18;Sell;0.02;AUDCAD;0.91130;;;2024.10.01 18:24:56;0.92850;;-1.34;-25.48;
2024.09.19 07:00:09;Sell;0.16;AUDCAD;0.92370;;;2024.10.01 18:24:54;0.92850;;-6.26;-56.88;
2024.09.17 11:00:32;Sell;0.08;AUDCAD;0.91883;;;2024.10.01 18:24:52;0.92848;;-4.39;-57.18;
2024.09.16 12:00:18;Sell;0.04;AUDCAD;0.91452;;;2024.10.01 18:24:49;0.92848;;-2.35;-41.35;
2024.09.30 06:00:16;Sell;0.64;AUDCAD;0.93558;;;2024.10.01 18:24:32;0.92850;;-2.53;335.59;
2024.09.26 21:00:38;Sell;0.32;AUDCAD;0.92926;;;2024.10.01 18:24:30;0.92844;;-3.79;19.43;
2024.09.26 19:00:24;Sell;0.02;AUDCAD;0.92893;;;2024.10.01 16:39:24;0.92967;;-0.24;-1.09;
2024.09.27 16:00:21;Sell;0.04;AUDCAD;0.93258;;;2024.10.01 16:39:17;0.92964;;-0.32;8.70;
2024.09.30 10:00:16;Sell;0.08;AUDCAD;0.93684;;;2024.10.01 16:37:16;0.93061;;-0.32;36.88;
2024.09.30 03:45:11;Sell;0.04;NZDCAD;0.85929;;;2024.10.01 05:30:04;0.85618;;-0.15;9.20;
2024.09.27 15:45:15;Sell;0.02;NZDCAD;0.85517;;;2024.10.01 05:30:02;0.85618;;-0.14;-1.49;
2024.09.27 03:00:10;Sell;0.02;NZDCAD;0.85279;;;2024.10.01 05:22:03;0.85630;;-0.14;-5.19;
2024.09.30 04:00:16;Sell;0.06;NZDCAD;0.85966;;;2024.10.01 05:21:57;0.85628;;-0.22;15.00;
2024.09.27 17:00:37;Sell;0.04;NZDCAD;0.85681;;;2024.10.01 05:21:57;0.85628;;-0.30;1.57;
2024.09.30 20:00:14;Sell;0.04;AUDUSD;0.69381;;;2024.09.30 21:12:57;0.69170;;;8.44;
2024.09.27 16:00:21;Sell;0.02;AUDUSD;0.69224;;;2024.09.30 21:12:56;0.69170;;-0.03;1.08;
2024.09.25 19:00:18;Buy;0.02;NZDCAD;0.84562;;;2024.09.27 02:34:40;0.85280;;-0.20;10.65;
2024.09.26 14:00:06;Sell;0.02;AUDUSD;0.68859;;;2024.09.26 17:05:13;0.68660;;;3.98;
2024.09.25 19:07:34;Buy;0.02;AUDCAD;0.92038;;;2024.09.26 08:59:53;0.92403;;-0.27;5.42;
2024.09.25 23:00:09;Buy;0.04;AUDUSD;0.68198;;;2024.09.26 04:54:01;0.68381;;-0.60;7.32;
2024.09.25 19:00:20;Buy;0.02;AUDUSD;0.68363;;;2024.09.26 04:54:01;0.68381;;-0.30;0.36;
2024.09.12 21:00:15;Sell;0.04;AUDCAD;0.91245;;;2024.09.25 19:07:26;0.92038;;-1.70;-23.56;
2024.09.12 17:48:13;Sell;0.02;AUDCAD;0.90917;;;2024.09.25 19:07:25;0.92039;;-0.87;-16.67;
2024.09.19 10:00:21;Sell;0.32;AUDCAD;0.92535;;;2024.09.25 19:07:23;0.92040;;-5.01;117.64;
2024.09.18 11:00:21;Sell;0.16;AUDCAD;0.92086;;;2024.09.25 19:07:23;0.92040;;-4.36;5.46;
2024.09.16 17:00:12;Sell;0.08;AUDCAD;0.91616;;;2024.09.25 19:07:23;0.92040;;-2.80;-25.19;
2024.09.24 15:15:12;Sell;0.02;NZDCAD;0.84915;;;2024.09.25 18:47:56;0.84604;;-0.07;4.62;
2024.09.19 12:00:15;Sell;0.16;NZDCAD;0.84725;;;2024.09.25 18:44:33;0.84616;;-2.37;12.95;
2024.09.18 11:00:22;Sell;0.10;NZDCAD;0.84426;;;2024.09.25 18:44:33;0.84616;;-2.57;-14.10;
2024.09.16 15:00:27;Sell;0.06;NZDCAD;0.84129;;;2024.09.25 18:44:32;0.84616;;-1.98;-21.70;
2024.09.12 21:00:15;Sell;0.04;NZDCAD;0.83832;;;2024.09.25 18:44:32;0.84616;;-1.63;-23.28;
2024.09.10 13:00:10;Sell;0.02;NZDCAD;0.83548;;;2024.09.25 18:44:31;0.84616;;-1.07;-15.86;
2024.09.24 16:00:27;Sell;0.24;NZDCAD;0.85064;;;2024.09.25 18:44:23;0.84619;;-0.89;79.30;
2024.09.23 18:00:27;Buy;0.08;EURGBP;0.83398;;;2024.09.25 14:00:29;0.83678;;-1.01;29.95;
2024.09.23 11:00:14;Buy;0.04;EURGBP;0.83699;;;2024.09.25 14:00:29;0.83678;;-0.50;-1.13;
2024.09.19 15:00:36;Buy;0.02;EURGBP;0.83972;;;2024.09.25 14:00:28;0.83678;;-0.52;-7.87;
2024.09.24 17:00:19;Sell;0.02;AUDUSD;0.68695;;;2024.09.25 08:48:35;0.68789;;-0.03;-1.88;
2024.09.24 22:00:07;Sell;0.04;AUDUSD;0.68841;;;2024.09.25 08:48:28;0.68793;;-0.06;1.92;
2024.09.25 02:00:07;Sell;0.06;AUDUSD;0.68984;;;2024.09.25 08:48:23;0.68792;;;11.52;
2024.09.20 09:30:14;Sell;0.02;NZDCAD;0.84792;;;2024.09.20 14:15:29;0.84474;;;4.68;
2024.09.19 13:00:18;Sell;0.04;AUDUSD;0.68368;;;2024.09.19 15:18:43;0.68181;;;7.48;
2024.09.19 10:00:22;Sell;0.02;AUDUSD;0.68178;;;2024.09.19 15:18:43;0.68182;;;-0.08;
2024.09.18 04:00:34;Sell;0.02;AUDUSD;0.67693;;;2024.09.18 07:56:54;0.67510;;;3.66;
2024.09.11 18:00:25;Sell;0.02;EURGBP;0.84599;;;2024.09.16 18:21:44;0.84220;;-0.35;10.01;
2024.09.13 14:30:09;Buy;0.02;NZDCAD;0.83801;;;2024.09.16 15:20:41;0.84135;;-0.05;4.92;
2024.09.12 21:00:16;Sell;0.02;AUDUSD;0.67159;;;2024.09.13 11:17:24;0.67141;;-0.03;0.36;
2024.09.13 04:00:10;Sell;0.04;AUDUSD;0.67311;;;2024.09.13 11:17:12;0.67142;;;6.76;
2024.09.09 09:15:14;Buy;0.02;NZDCAD;0.83515;;;2024.09.12 20:58:24;0.83853;;-0.25;4.97;
2024.09.04 05:00:07;Buy;0.04;AUDCAD;0.90792;;;2024.09.12 19:49:27;0.91061;;-1.72;7.91;
2024.09.03 09:00:13;Buy;0.02;AUDCAD;0.91166;;;2024.09.12 19:49:27;0.91061;;-0.97;-1.54;
2024.09.09 03:31:51;Buy;0.08;AUDCAD;0.90508;;;2024.09.12 19:49:18;0.91062;;-1.74;32.60;
2024.09.06 19:01:09;Buy;0.04;AUDCAD;0.90511;;;2024.09.12 17:47:58;0.90918;;-1.03;11.98;
2024.09.03 18:00:15;Buy;0.02;AUDCAD;0.91001;;;2024.09.12 17:47:57;0.90918;;-0.97;-1.22;
2024.09.09 12:00:17;Buy;0.02;AUDUSD;0.66553;;;2024.09.10 13:58:32;0.66710;;-0.10;3.14;
2024.09.09 10:00:24;Buy;0.04;NZDCAD;0.83496;;;2024.09.10 12:42:17;0.83553;;-0.10;1.68;
2024.09.03 08:00:10;Buy;0.02;NZDCAD;0.83746;;;2024.09.10 12:42:16;0.83553;;-0.35;-2.84;
2024.09.09 14:00:11;Buy;0.06;NZDCAD;0.83197;;;2024.09.10 12:42:04;0.83555;;-0.15;15.83;
2024.09.06 15:45:24;Sell;0.02;NZDCAD;0.84210;;;2024.09.06 16:39:04;0.83880;;;4.88;
2024.09.03 04:45:26;Buy;0.02;NZDCAD;0.83961;;;2024.09.05 14:28:18;0.83875;;-0.20;-1.27;
2024.09.05 03:45:27;Buy;0.04;NZDCAD;0.83555;;;2024.09.05 14:28:15;0.83875;;;9.48;
2024.09.03 13:00:12;Buy;0.02;AUDUSD;0.67350;;;2024.09.04 10:15:37;0.67134;;-0.10;-4.32;
2024.09.04 04:00:27;Buy;0.06;AUDUSD;0.66902;;;2024.09.04 10:15:29;0.67139;;;14.22;
2024.09.03 18:00:11;Buy;0.04;AUDUSD;0.67146;;;2024.09.04 10:15:28;0.67139;;-0.20;-0.28;
2024.08.29 21:00:08;Sell;0.02;NZDCAD;0.84416;;;2024.09.03 07:26:54;0.83736;;-0.21;10.05;
2024.08.30 20:00:12;Buy;0.02;AUDCAD;0.91254;;;2024.09.02 17:54:18;0.91627;;-0.09;5.53;
2024.08.29 03:30:12;Sell;0.02;NZDCAD;0.84316;;;2024.09.02 14:12:01;0.84014;;-0.14;4.47;
2024.08.26 16:00:11;Buy;0.08;EURGBP;0.84553;;;2024.09.02 11:20:16;0.84316;;-3.54;-24.91;
2024.08.22 13:00:25;Buy;0.04;EURGBP;0.84875;;;2024.09.02 11:20:16;0.84316;;-2.26;-29.37;
2024.08.16 13:00:09;Buy;0.02;EURGBP;0.85163;;;2024.09.02 11:20:16;0.84316;;-1.93;-22.25;
2024.08.30 12:00:12;Buy;0.32;EURGBP;0.84024;;;2024.09.02 11:20:13;0.84319;;-2.01;123.99;
2024.08.28 07:00:12;Buy;0.16;EURGBP;0.84289;;;2024.09.02 11:20:12;0.84319;;-5.04;6.31;
2024.08.29 04:00:21;Sell;0.02;AUDCAD;0.91549;;;2024.08.30 19:33:05;0.91219;;-0.08;4.89;
2024.08.29 04:00:21;Sell;0.02;NZDCAD;0.84338;;;2024.08.29 17:19:26;0.84252;;;1.28;
2024.08.29 05:00:23;Sell;0.04;NZDCAD;0.84603;;;2024.08.29 17:19:20;0.84252;;;10.41;
2024.08.27 04:00:08;Buy;0.02;NZDCAD;0.83596;;;2024.08.29 03:17:33;0.84286;;-0.20;10.24;
2024.08.20 16:00:20;Sell;0.10;GBPUSD;1.30245;;;2024.08.27 21:11:17;1.32580;;-0.81;-233.50;
2024.08.19 21:00:05;Sell;0.06;GBPUSD;1.29898;;;2024.08.27 21:11:17;1.32580;;-0.56;-160.92;
2024.08.19 09:00:09;Sell;0.04;GBPUSD;1.29614;;;2024.08.27 21:11:15;1.32580;;-0.35;-118.64;
2024.08.16 21:00:12;Sell;0.02;GBPUSD;1.29298;;;2024.08.27 21:11:15;1.32580;;-0.20;-65.64;
2024.08.27 21:00:05;Sell;1.24;GBPUSD;1.32478;;;2024.08.27 21:11:09;1.32586;;;-133.92;
2024.08.26 03:00:17;Sell;0.82;GBPUSD;1.32147;;;2024.08.27 21:11:09;1.32586;;-1.11;-359.98;
2024.08.23 18:00:12;Sell;0.54;GBPUSD;1.31870;;;2024.08.27 21:11:09;1.32586;;-1.34;-386.64;
2024.08.22 13:00:21;Sell;0.36;GBPUSD;1.31248;;;2024.08.27 21:11:09;1.32586;;-1.30;-481.68;
2024.08.21 20:00:07;Sell;0.24;GBPUSD;1.30891;;;2024.08.27 21:11:08;1.32586;;-1.67;-406.80;
2024.08.21 18:00:07;Sell;0.16;GBPUSD;1.30600;;;2024.08.27 21:11:08;1.32586;;-1.12;-317.76;
2024.08.23 21:00:13;Sell;0.24;NZDCAD;0.84054;;;2024.08.26 17:00:48;0.83674;;-0.97;67.63;
2024.08.20 18:00:10;Sell;0.16;NZDCAD;0.83796;;;2024.08.26 17:00:47;0.83674;;-3.82;14.48;
2024.08.20 10:00:27;Sell;0.10;NZDCAD;0.83508;;;2024.08.26 17:00:47;0.83674;;-2.39;-12.31;
2024.08.19 19:00:22;Sell;0.06;NZDCAD;0.83196;;;2024.08.26 17:00:47;0.83674;;-1.68;-21.27;
2024.08.19 05:00:09;Sell;0.04;NZDCAD;0.82929;;;2024.08.26 17:00:47;0.83674;;-1.12;-22.10;
2024.08.16 13:00:10;Sell;0.02;NZDCAD;0.82628;;;2024.08.26 17:00:47;0.83674;;-0.64;-15.51;
2024.08.20 15:45:05;Sell;0.04;NZDCAD;0.83622;;;2024.08.26 15:30:36;0.83722;;-0.96;-2.97;
2024.08.19 19:00:21;Sell;0.02;NZDCAD;0.83197;;;2024.08.26 15:30:35;0.83722;;-0.56;-7.78;
2024.08.23 20:45:05;Sell;0.08;NZDCAD;0.84081;;;2024.08.26 15:30:24;0.83699;;-0.32;22.64;
2024.08.23 23:00:12;Sell;0.02;AUDCAD;0.91799;;;2024.08.26 13:38:07;0.91460;;-0.08;5.02;
2024.08.23 23:00:14;Sell;0.04;AUDUSD;0.67947;;;2024.08.26 06:49:57;0.67783;;-0.05;6.56;
2024.08.23 20:00:19;Sell;0.02;AUDUSD;0.67817;;;2024.08.26 06:49:57;0.67782;;-0.03;0.70;
2024.08.22 17:12:36;Buy;0.02;AUDCAD;0.91284;;;2024.08.23 17:10:15;0.91637;;-0.09;5.21;
2024.08.16 14:00:05;Sell;0.02;AUDCAD;0.91044;;;2024.08.22 20:55:22;0.91172;;-0.47;-1.88;
2024.08.19 19:00:15;Sell;0.08;AUDCAD;0.91702;;;2024.08.22 20:55:04;0.91167;;-1.56;31.45;
2024.08.19 04:00:14;Sell;0.04;AUDCAD;0.91308;;;2024.08.22 20:55:04;0.91167;;-0.79;4.14;
2024.08.19 15:00:11;Sell;0.04;AUDCAD;0.91590;;;2024.08.22 17:12:30;0.91271;;-0.79;9.37;
2024.08.16 21:00:12;Sell;0.02;AUDCAD;0.91206;;;2024.08.22 17:12:29;0.91271;;-0.47;-0.95;
2024.08.16 20:00:03;Sell;0.02;AUDUSD;0.66559;;;2024.08.22 15:31:34;0.67270;;-0.17;-14.22;
2024.08.16 22:00:16;Sell;0.04;AUDUSD;0.66693;;;2024.08.22 15:31:31;0.67270;;-0.30;-23.08;
2024.08.19 15:00:10;Sell;0.10;AUDUSD;0.66984;;;2024.08.22 15:30:59;0.67265;;-0.65;-28.10;
2024.08.19 05:00:09;Sell;0.06;AUDUSD;0.66833;;;2024.08.22 15:30:59;0.67266;;-0.39;-25.98;
2024.08.20 22:00:08;Sell;0.36;AUDUSD;0.67455;;;2024.08.22 15:30:46;0.67263;;-1.85;69.12;
2024.08.19 23:00:06;Sell;0.24;AUDUSD;0.67315;;;2024.08.22 15:30:45;0.67263;;-1.55;12.48;
2024.08.19 18:00:11;Sell;0.16;AUDUSD;0.67154;;;2024.08.22 15:30:43;0.67265;;-1.04;-17.76;
2024.08.14 21:15:21;Buy;0.04;NZDCAD;0.82280;;;2024.08.16 08:14:40;0.82630;;-0.33;10.21;
2024.08.14 05:15:07;Buy;0.02;NZDCAD;0.82736;;;2024.08.16 08:14:38;0.82630;;-0.17;-1.54;
2024.08.14 07:00:16;Buy;0.04;NZDCAD;0.82503;;;2024.08.16 08:12:23;0.82572;;-0.33;2.01;
2024.08.14 06:00:18;Buy;0.02;NZDCAD;0.82758;;;2024.08.16 08:12:23;0.82572;;-0.17;-2.71;
2024.08.15 05:00:09;Buy;0.06;NZDCAD;0.82217;;;2024.08.16 08:12:14;0.82574;;-0.13;15.61;
2024.08.14 12:00:12;Sell;0.02;EURGBP;0.85809;;;2024.08.15 17:18:40;0.85422;;-0.21;9.94;
2024.08.15 04:00:11;Buy;0.02;AUDUSD;0.65894;;;2024.08.15 05:18:04;0.66142;;;4.96;
2024.08.09 13:01:21;Sell;0.02;AUDCAD;0.90424;;;2024.08.15 04:16:54;0.90237;;-0.47;2.73;
2024.08.13 17:00:12;Sell;0.04;AUDCAD;0.90770;;;2024.08.15 04:16:27;0.90234;;-0.61;15.63;
2024.08.09 13:01:21;Sell;0.02;AUDCAD;0.90424;;;2024.08.14 19:26:48;0.90541;;-0.24;-1.71;
2024.08.13 20:00:05;Sell;0.04;AUDCAD;0.90869;;;2024.08.14 19:26:45;0.90542;;-0.15;9.54;
2024.08.13 11:00:18;Buy;0.04;EURGBP;0.85333;;;2024.08.14 09:01:10;0.85630;;-0.25;15.24;
2024.08.09 13:01:21;Buy;0.02;EURGBP;0.85592;;;2024.08.14 09:01:10;0.85630;;-0.36;0.98;
2024.08.13 22:00:15;Sell;0.02;GBPUSD;1.28665;;;2024.08.14 09:00:59;1.28302;;-0.02;7.26;
2024.08.09 13:01:22;Sell;0.02;NZDCAD;0.82697;;;2024.08.14 05:02:31;0.82707;;-0.24;-0.14;
2024.08.13 07:45:23;Sell;0.04;NZDCAD;0.82892;;;2024.08.14 05:02:26;0.82710;;-0.16;5.30;
2024.08.13 21:30:08;Sell;0.08;NZDCAD;0.83309;;;2024.08.14 05:02:14;0.82701;;-0.31;35.47;
2024.08.13 16:00:14;Sell;0.02;NZDCAD;0.83076;;;2024.08.14 05:02:08;0.82706;;-0.08;5.40;
2024.08.13 22:00:17;Sell;0.04;NZDCAD;0.83327;;;2024.08.14 05:02:07;0.82706;;-0.16;18.11;
2024.08.13 20:00:07;Sell;0.02;AUDUSD;0.66238;;;2024.08.14 05:02:07;0.66304;;-0.03;-1.32;
2024.08.14 04:00:09;Sell;0.04;AUDUSD;0.66407;;;2024.08.14 05:00:43;0.66286;;;4.84;
2024.08.09 21:00:15;Buy;0.02;NZDCAD;0.82426;;;2024.08.13 15:54:22;0.83121;;-0.08;10.12;
2024.08.13 11:00:16;Sell;0.02;GBPUSD;1.28072;;;2024.08.13 13:29:38;1.27839;;;4.66;
2024.08.09 13:01:22;Sell;0.02;NZDCAD;0.82697;;;2024.08.09 19:50:46;0.82437;;;3.79;
2024.08.09 13:01:22;Sell;0.04;NZDCAD;0.82697;;;2024.08.09 19:50:41;0.82437;;;7.57;
2024.08.09 13:01:22;Sell;0.02;GBPUSD;1.27580;;;2024.08.09 14:50:50;1.27302;;;5.56;
2024.08.09 14:00:08;Buy;0.02;AUDUSD;0.65760;;;2024.08.09 14:00:16;0.65754;;;-0.12;
2024.08.07 23:00:08;Buy;0.08;GBPCAD;1.74446;;;2024.08.08 20:16:11;1.75049;;-1.84;35.11;
2024.08.06 18:00:07;Buy;0.04;GBPCAD;1.75457;;;2024.08.08 20:16:10;1.75048;;-1.23;-11.91;
2024.08.05 16:00:24;Buy;0.02;GBPCAD;1.76465;;;2024.08.08 20:16:09;1.75049;;-0.76;-20.61;
2024.07.22 05:00:06;Buy;0.04;AUDUSD;0.66722;;;2024.08.08 17:40:49;0.65790;;-3.84;-37.28;
2024.07.19 20:00:19;Buy;0.02;AUDUSD;0.66876;;;2024.08.08 17:40:20;0.65774;;-2.01;-22.04;
2024.07.24 08:00:14;Buy;0.36;AUDUSD;0.65863;;;2024.08.08 17:40:08;0.65789;;-30.93;-26.64;
2024.07.24 05:00:11;Buy;0.24;AUDUSD;0.66072;;;2024.08.08 17:40:07;0.65788;;-20.60;-68.16;
2024.07.23 12:00:11;Buy;0.16;AUDUSD;0.66227;;;2024.08.08 17:40:04;0.65789;;-14.57;-70.08;
2024.07.22 17:00:36;Buy;0.10;AUDUSD;0.66367;;;2024.08.08 17:40:03;0.65788;;-9.62;-57.90;
2024.07.22 15:00:27;Buy;0.06;AUDUSD;0.66536;;;2024.08.08 17:40:02;0.65788;;-5.76;-44.88;
2024.07.25 08:00:16;Buy;0.82;AUDUSD;0.65418;;;2024.08.08 17:39:53;0.65788;;-57.88;303.40;
2024.07.25 04:00:28;Buy;0.54;AUDUSD;0.65650;;;2024.08.08 17:39:53;0.65788;;-38.12;74.52;
2024.08.08 06:15:13;Buy;0.02;NZDCAD;0.82330;;;2024.08.08 17:38:05;0.82499;;;2.46;
2024.08.07 06:00:09;Sell;0.04;NZDCAD;0.82676;;;2024.08.08 02:25:15;0.82361;;-0.46;9.16;
2024.08.06 04:00:29;Sell;0.02;NZDCAD;0.82421;;;2024.08.08 02:25:14;0.82361;;-0.31;0.88;
2024.08.05 16:49:19;Buy;0.02;AUDCAD;0.89837;;;2024.08.07 04:45:23;0.90251;;-0.16;6.01;
2024.08.05 11:00:50;Buy;0.02;NZDCAD;0.82222;;;2024.08.07 02:00:34;0.82476;;-0.08;3.69;
2024.08.06 09:15:14;Buy;0.04;NZDCAD;0.81885;;;2024.08.07 02:00:07;0.82473;;-0.08;17.06;
2024.08.06 09:00:24;Sell;0.02;AUDNZD;1.09835;;;2024.08.07 01:45:35;1.09108;;-0.03;8.69;
2024.08.06 14:00:12;Buy;0.04;GBPUSD;1.26914;;;2024.08.06 17:21:28;1.27240;;;13.04;
2024.08.06 11:00:31;Buy;0.02;GBPUSD;1.27400;;;2024.08.06 17:21:26;1.27240;;;-3.20;
2024.08.06 03:00:20;Buy;0.02;EURGBP;0.85639;;;2024.08.06 15:16:25;0.86026;;;9.82;
2024.08.05 19:00:17;Buy;0.04;NZDCAD;0.81953;;;2024.08.06 03:20:48;0.82332;;-0.08;10.98;
2024.08.05 12:00:37;Buy;0.02;NZDCAD;0.82266;;;2024.08.06 03:20:47;0.82332;;-0.04;0.95;
2024.07.31 12:00:12;Buy;0.04;AUDNZD;1.09775;;;2024.08.05 17:19:16;1.09192;;-1.11;-13.87;
2024.07.31 05:00:14;Buy;0.02;AUDNZD;1.09981;;;2024.08.05 17:19:16;1.09189;;-0.56;-9.42;
2024.08.01 21:00:13;Buy;0.16;AUDNZD;1.09274;;;2024.08.05 17:19:11;1.09189;;-1.78;-8.09;
2024.08.01 18:00:28;Buy;0.08;AUDNZD;1.09512;;;2024.08.05 17:19:11;1.09187;;-0.90;-15.47;
2024.08.05 09:00:45;Buy;0.32;AUDNZD;1.08714;;;2024.08.05 17:18:40;1.09214;;;95.20;
2024.08.02 09:19:49;Sell;0.02;EURGBP;0.84832;;;2024.08.05 17:02:48;0.85887;;-0.07;-26.97;
2024.07.26 03:00:17;Sell;0.02;EURGBP;0.84407;;;2024.08.05 17:02:30;0.85879;;-0.56;-37.62;
2024.08.02 18:00:12;Sell;0.04;EURGBP;0.85282;;;2024.08.05 17:01:57;0.85866;;-0.14;-29.84;
2024.08.05 11:00:44;Sell;0.08;EURGBP;0.85589;;;2024.08.05 17:01:37;0.85857;;;-27.38;
2024.08.05 16:00:23;Sell;0.40;EURGBP;0.86175;;;2024.08.05 17:01:36;0.85856;;;162.99;
2024.08.05 13:00:23;Sell;0.18;EURGBP;0.85912;;;2024.08.05 17:01:35;0.85854;;;13.33;
2024.08.05 10:00:14;Sell;0.32;EURGBP;0.85576;;;2024.08.05 17:01:35;0.85854;;;-113.62;
2024.08.02 18:00:08;Sell;0.16;EURGBP;0.85284;;;2024.08.05 17:01:34;0.85854;;-0.55;-116.48;
2024.08.02 11:00:09;Sell;0.08;EURGBP;0.84985;;;2024.08.05 17:01:33;0.85854;;-0.28;-88.80;
2024.08.01 22:00:16;Sell;0.04;EURGBP;0.84720;;;2024.08.05 17:01:33;0.85854;;-0.28;-57.95;
2024.08.05 13:00:21;Sell;0.64;EURGBP;0.85912;;;2024.08.05 17:00:57;0.85845;;;54.81;
2024.08.05 16:00:23;Sell;1.28;EURGBP;0.86175;;;2024.08.05 17:00:36;0.85865;;;507.16;
2024.08.05 10:50:23;Buy;0.02;AUDCAD;0.89502;;;2024.08.05 16:47:24;0.89824;;;4.66;
2024.08.02 16:01:21;Sell;0.02;GBPCAD;1.77315;;;2024.08.05 15:30:56;1.76467;;-0.05;12.26;
2024.08.05 09:15:25;Buy;0.02;NZDCAD;0.81804;;;2024.08.05 11:00:33;0.82202;;;5.73;
2024.08.05 04:00:14;Buy;0.02;AUDCAD;0.90062;;;2024.08.05 10:49:32;0.89548;;;-7.41;
2024.08.05 10:00:28;Buy;0.04;AUDCAD;0.88998;;;2024.08.05 10:49:26;0.89535;;;15.49;
2024.07.30 21:15:33;Sell;0.02;NZDCAD;0.81727;;;2024.08.05 07:30:29;0.82413;;-0.47;-9.89;
2024.08.01 17:00:35;Sell;0.08;NZDCAD;0.82469;;;2024.08.05 07:30:26;0.82413;;-0.62;3.23;
2024.07.31 17:00:10;Sell;0.04;NZDCAD;0.82121;;;2024.08.05 07:30:26;0.82413;;-0.76;-8.41;
2024.08.02 17:00:12;Sell;0.16;NZDCAD;0.82810;;;2024.08.05 07:30:09;0.82425;;-0.62;44.40;
2024.08.02 16:00:42;Sell;0.10;NZDCAD;0.82684;;;2024.08.05 07:27:22;0.82359;;-0.38;23.42;
2024.08.01 17:00:27;Sell;0.06;NZDCAD;0.82468;;;2024.08.05 07:27:21;0.82358;;-0.46;4.76;
2024.07.31 17:00:12;Sell;0.04;NZDCAD;0.82119;;;2024.08.05 07:27:20;0.82357;;-0.76;-6.86;
2024.07.30 23:00:13;Sell;0.02;NZDCAD;0.81742;;;2024.08.05 07:27:20;0.82361;;-0.47;-8.92;
2024.08.02 17:01:34;Sell;0.02;AUDCAD;0.90459;;;2024.08.05 03:12:34;0.90128;;-0.08;4.76;
2024.08.02 17:00:06;Sell;0.02;GBPUSD;1.28316;;;2024.08.02 18:07:39;1.28000;;;6.32;
2024.08.02 10:00:19;Buy;0.02;GBPCAD;1.76418;;;2024.08.02 15:56:13;1.77343;;;13.35;
2024.08.01 22:00:16;Buy;0.02;GBPUSD;1.27285;;;2024.08.02 15:30:54;1.27744;;-0.19;9.18;
2024.08.01 12:00:11;Buy;0.02;GBPUSD;1.27787;;;2024.08.01 15:32:03;1.28181;;;7.88;
2024.07.30 01:00:11;Buy;0.02;EURGBP;0.84147;;;2024.08.01 14:06:07;0.84531;;-0.49;9.80;
2024.07.22 07:00:07;Sell;0.02;GBPCAD;1.77411;;;2024.08.01 12:33:20;1.76531;;-0.60;12.72;
2024.07.31 05:00:23;Buy;0.02;AUDCAD;0.90018;;;2024.07.31 22:05:26;0.90358;;;4.93;
2024.07.30 02:00:21;Sell;0.02;AUDCAD;0.90808;;;2024.07.31 04:29:11;0.90465;;-0.08;4.96;
2024.07.24 07:30:10;Buy;0.32;NZDCAD;0.81702;;;2024.07.30 21:15:19;0.81727;;-3.97;5.78;
2024.07.23 14:30:09;Buy;0.16;NZDCAD;0.82023;;;2024.07.30 21:15:18;0.81727;;-2.32;-34.20;
2024.07.22 06:45:09;Buy;0.08;NZDCAD;0.82384;;;2024.07.30 21:15:18;0.81727;;-1.31;-37.96;
2024.07.19 04:00:14;Buy;0.04;NZDCAD;0.82722;;;2024.07.30 21:15:18;0.81727;;-0.73;-28.74;
2024.07.17 17:15:18;Buy;0.02;NZDCAD;0.83063;;;2024.07.30 21:15:17;0.81727;;-0.53;-19.30;
2024.07.26 04:30:20;Buy;0.64;NZDCAD;0.81353;;;2024.07.30 21:15:05;0.81726;;-2.64;172.40;
2024.07.29 16:00:41;Buy;0.36;NZDCAD;0.81231;;;2024.07.30 19:43:31;0.81702;;-0.74;122.51;
2024.07.25 16:00:28;Buy;0.24;NZDCAD;0.81562;;;2024.07.30 19:43:31;0.81702;;-1.47;24.28;
2024.07.24 05:00:25;Buy;0.16;NZDCAD;0.81828;;;2024.07.30 19:43:30;0.81702;;-1.99;-14.57;
2024.07.23 10:00:18;Buy;0.10;NZDCAD;0.82115;;;2024.07.30 19:43:29;0.81702;;-1.46;-29.84;
2024.07.22 07:00:06;Buy;0.06;NZDCAD;0.82378;;;2024.07.30 19:43:28;0.81702;;-0.97;-29.30;
2024.07.19 05:00:06;Buy;0.04;NZDCAD;0.82645;;;2024.07.30 19:43:27;0.81702;;-0.73;-27.26;
2024.07.10 06:00:17;Buy;0.02;NZDCAD;0.82890;;;2024.07.30 19:43:27;0.81702;;-0.82;-17.17;
2024.07.29 11:00:08;Buy;0.04;GBPUSD;1.28328;;;2024.07.29 19:47:21;1.28569;;;9.64;
2024.07.25 22:00:04;Buy;0.02;GBPUSD;1.28601;;;2024.07.29 19:47:21;1.28569;;-0.38;-0.64;
2024.07.12 12:00:16;Buy;0.02;EURGBP;0.84086;;;2024.07.26 17:13:54;0.84475;;-1.70;10.01;
2024.07.25 10:27:39;Buy;0.02;AUDCAD;0.90303;;;2024.07.26 11:55:32;0.90657;;-0.08;5.13;
2024.05.15 18:00:30;Sell;0.64;AUDCAD;0.90839;;;2024.07.25 10:27:39;0.90303;;-171.74;247.90;
2024.05.03 18:00:49;Sell;0.32;AUDCAD;0.90406;;;2024.07.25 10:27:38;0.90304;;-96.48;23.59;
2024.05.03 04:00:13;Sell;0.16;AUDCAD;0.89863;;;2024.07.25 10:27:38;0.90304;;-48.25;-50.99;
2024.04.29 05:00:08;Sell;0.08;AUDCAD;0.89508;;;2024.07.25 10:27:36;0.90307;;-25.73;-46.19;
2024.04.24 05:00:27;Sell;0.04;AUDCAD;0.89095;;;2024.07.25 10:27:35;0.90307;;-13.42;-35.04;
2024.04.23 17:00:31;Sell;0.02;AUDCAD;0.88584;;;2024.07.25 10:27:34;0.90307;;-6.95;-24.91;
2024.07.19 13:00:13;Buy;0.04;GBPUSD;1.29075;;;2024.07.22 02:26:15;1.29362;;-0.37;11.48;
2024.07.18 23:00:35;Buy;0.02;GBPUSD;1.29462;;;2024.07.22 02:26:14;1.29362;;-0.38;-2.00;
2024.07.05 16:00:11;Sell;0.02;GBPCAD;1.74377;;;2024.07.19 13:03:54;1.77018;;-0.70;-38.50;
2024.07.17 14:00:04;Sell;0.16;GBPCAD;1.78105;;;2024.07.19 13:03:52;1.77015;;-1.60;127.12;
2024.07.12 19:00:46;Sell;0.08;GBPCAD;1.76894;;;2024.07.19 13:03:52;1.77017;;-1.40;-7.17;
2024.07.11 15:00:06;Sell;0.04;GBPCAD;1.75507;;;2024.07.19 13:03:52;1.77016;;-0.80;-44.00;
2024.07.15 01:00:48;Buy;0.08;EURGBP;0.83952;;;2024.07.18 14:32:34;0.84206;;-2.44;26.37;
2024.07.11 23:00:12;Buy;0.04;EURGBP;0.84152;;;2024.07.18 14:32:34;0.84206;;-1.69;2.80;
2024.07.08 01:00:09;Buy;0.02;EURGBP;0.84477;;;2024.07.18 14:32:33;0.84206;;-1.45;-7.03;
2024.07.17 13:00:05;Sell;0.02;GBPUSD;1.30426;;;2024.07.17 18:07:30;1.30099;;;6.54;
2024.07.16 16:45:32;Buy;0.08;NZDCAD;0.82780;;;2024.07.17 12:00:32;0.83214;;-0.17;25.42;
2024.07.15 09:30:21;Buy;0.04;NZDCAD;0.83142;;;2024.07.17 12:00:31;0.83214;;-0.16;2.11;
2024.07.12 16:15:55;Buy;0.02;NZDCAD;0.83467;;;2024.07.17 12:00:31;0.83215;;-0.12;-3.69;
2024.07.16 16:00:13;Buy;0.02;AUDUSD;0.67236;;;2024.07.17 11:50:47;0.67475;;-0.10;4.78;
2024.07.12 04:00:45;Sell;0.64;AUDNZD;1.11128;;;2024.07.17 02:02:11;1.10955;;-2.63;67.19;
2024.07.10 06:00:16;Sell;0.32;AUDNZD;1.10867;;;2024.07.17 02:02:11;1.10955;;-3.08;-17.09;
2024.07.09 06:00:29;Sell;0.16;AUDNZD;1.10065;;;2024.07.17 02:02:11;1.10955;;-1.76;-86.42;
2024.07.02 11:00:28;Sell;0.08;AUDNZD;1.09860;;;2024.07.17 02:02:11;1.10955;;-1.65;-53.17;
2024.06.28 18:00:15;Sell;0.04;AUDNZD;1.09569;;;2024.07.17 02:02:11;1.10955;;-0.94;-33.65;
2024.06.26 10:00:02;Sell;0.02;AUDNZD;1.09290;;;2024.07.17 02:02:10;1.10955;;-0.60;-20.21;
2024.07.16 06:00:14;Sell;1.28;AUDNZD;1.11350;;;2024.07.17 02:01:56;1.10946;;-1.75;313.87;
2024.07.11 17:00:20;Sell;0.04;GBPUSD;1.29301;;;2024.07.16 08:24:46;1.29595;;-0.15;-11.76;
2024.07.11 12:00:08;Sell;0.02;GBPUSD;1.28748;;;2024.07.16 08:24:46;1.29595;;-0.06;-16.94;
2024.07.12 18:00:46;Sell;0.16;GBPUSD;1.29895;;;2024.07.16 08:24:34;1.29592;;-0.38;48.48;
2024.07.12 14:00:15;Sell;0.08;GBPUSD;1.29604;;;2024.07.16 08:24:33;1.29592;;-0.18;0.96;
2024.07.10 05:15:20;Buy;0.02;NZDCAD;0.83064;;;2024.07.12 16:15:24;0.83444;;-0.17;5.58;
2024.07.11 16:00:29;Sell;0.02;AUDUSD;0.67926;;;2024.07.11 19:47:42;0.67638;;;5.76;
2024.07.05 16:15:08;Sell;0.02;NZDCAD;0.83569;;;2024.07.10 05:15:20;0.83064;;-0.24;7.40;
2024.07.05 16:00:33;Sell;0.02;NZDCAD;0.83488;;;2024.07.10 05:01:18;0.83214;;-0.24;4.01;
2024.07.05 22:00:19;Sell;0.04;NZDCAD;0.83730;;;2024.07.10 05:00:54;0.83298;;-0.48;12.67;
2024.07.08 15:00:28;Sell;0.16;GBPUSD;1.28332;;;2024.07.09 10:48:27;1.27978;;-0.19;56.64;
2024.07.05 16:00:35;Sell;0.08;GBPUSD;1.28030;;;2024.07.09 10:48:27;1.27978;;-0.18;4.16;
2024.07.03 17:00:40;Sell;0.04;GBPUSD;1.27589;;;2024.07.09 10:48:27;1.27978;;-0.29;-15.56;
2024.07.03 15:00:13;Sell;0.02;GBPUSD;1.27061;;;2024.07.09 10:48:26;1.27979;;-0.13;-18.36;
2024.06.28 18:03:03;Sell;0.02;EURGBP;0.84754;;;2024.07.08 17:50:21;0.84404;;-0.57;8.98;
2024.07.02 18:45:21;Buy;0.08;NZDCAD;0.83099;;;2024.07.05 15:45:40;0.83475;;-0.84;22.09;
2024.06.25 18:15:42;Buy;0.04;NZDCAD;0.83454;;;2024.07.05 15:45:38;0.83475;;-0.98;0.61;
2024.06.20 19:45:10;Buy;0.02;NZDCAD;0.83788;;;2024.07.05 15:45:37;0.83478;;-0.62;-4.56;
2024.06.17 10:00:09;Buy;0.04;NZDCAD;0.84032;;;2024.07.05 15:33:39;0.83608;;-1.63;-12.45;
2024.06.14 17:00:33;Buy;0.02;NZDCAD;0.84314;;;2024.07.05 15:33:39;0.83606;;-0.87;-10.40;
2024.06.21 04:00:22;Buy;0.06;NZDCAD;0.83743;;;2024.07.05 15:33:05;0.83580;;-1.79;-7.18;
2024.06.26 06:00:09;Buy;0.10;NZDCAD;0.83473;;;2024.07.05 15:31:38;0.83584;;-2.31;8.15;
2024.06.28 10:00:27;Buy;0.16;NZDCAD;0.83194;;;2024.07.05 15:31:11;0.83556;;-2.34;42.54;
2024.07.05 05:00:17;Sell;0.04;AUDUSD;0.67342;;;2024.07.05 15:31:10;0.67493;;;-6.04;
2024.06.20 21:00:16;Buy;0.04;GBPCAD;1.73517;;;2024.07.05 15:31:10;1.74292;;-4.61;22.77;
2024.06.14 17:00:17;Buy;0.02;GBPCAD;1.74453;;;2024.07.05 15:31:09;1.74287;;-3.18;-2.44;
2024.07.03 18:00:21;Sell;0.02;AUDUSD;0.67192;;;2024.07.05 15:30:18;0.67368;;-0.10;-3.52;
2024.07.01 04:00:07;Sell;0.04;EURGBP;0.84919;;;2024.07.03 15:15:28;0.84679;;-0.30;12.21;
2024.06.24 11:00:53;Sell;0.02;EURGBP;0.84644;;;2024.07.03 15:15:27;0.84679;;-0.68;-0.89;
2024.06.27 04:00:34;Buy;0.02;GBPUSD;1.26149;;;2024.06.27 10:20:20;1.26464;;;6.30;
2024.06.24 15:00:14;Sell;0.02;EURGBP;0.84757;;;2024.06.25 16:51:47;0.84397;;-0.08;9.13;
2024.06.20 14:00:15;Sell;0.04;AUDNZD;1.08884;;;2024.06.21 18:39:10;1.08547;;-0.05;8.24;
2024.06.19 06:00:20;Sell;0.02;AUDNZD;1.08631;;;2024.06.21 18:39:09;1.08547;;-0.11;1.03;
2024.06.18 19:30:06;Sell;0.02;NZDCAD;0.84323;;;2024.06.20 16:30:09;0.83916;;-0.32;5.95;
2024.06.19 02:00:39;Sell;0.02;AUDUSD;0.66579;;;2024.06.20 15:41:26;0.66656;;-0.07;-1.54;
2024.06.19 11:00:08;Sell;0.04;AUDUSD;0.66723;;;2024.06.20 15:41:23;0.66656;;-0.15;2.68;
2024.06.14 17:00:41;Buy;0.02;AUDUSD;0.65985;;;2024.06.17 21:03:11;0.66134;;-0.10;2.98;
2024.05.22 10:00:07;Buy;0.02;EURGBP;0.85143;;;2024.06.17 09:45:47;0.84444;;-2.86;-17.72;
2024.06.10 18:00:18;Buy;0.08;EURGBP;0.84412;;;2024.06.17 09:45:44;0.84442;;-3.08;3.04;
2024.06.10 02:00:16;Buy;0.04;EURGBP;0.84696;;;2024.06.17 09:45:44;0.84441;;-1.54;-12.93;
2024.06.13 22:00:05;Buy;0.18;EURGBP;0.84140;;;2024.06.17 09:45:35;0.84440;;-1.98;68.43;
2024.06.13 22:00:04;Buy;0.16;EURGBP;0.84140;;;2024.06.17 09:35:52;0.84420;;-1.76;56.75;
2024.06.10 18:00:08;Buy;0.08;EURGBP;0.84413;;;2024.06.17 09:35:52;0.84420;;-3.08;0.71;
2024.06.10 02:00:16;Buy;0.04;EURGBP;0.84696;;;2024.06.17 09:35:51;0.84421;;-1.54;-13.94;
2024.06.05 20:00:08;Buy;0.02;EURGBP;0.85034;;;2024.06.17 09:35:49;0.84421;;-1.32;-15.53;
2024.06.14 08:00:38;Sell;0.02;NZDCAD;0.84512;;;2024.06.17 09:15:16;0.84098;;-0.08;6.03;
2024.06.14 17:00:36;Buy;0.04;GBPUSD;1.26608;;;2024.06.14 19:45:45;1.26873;;;10.60;
2024.06.14 16:00:19;Buy;0.02;GBPUSD;1.26948;;;2024.06.14 19:45:43;1.26873;;;-1.50;
2024.06.12 17:00:39;Sell;0.08;GBPCAD;1.75659;;;2024.06.14 12:34:12;1.74868;;-0.80;45.97;
2024.06.04 10:00:13;Sell;0.04;GBPCAD;1.74699;;;2024.06.14 12:34:11;1.74871;;-1.15;-5.00;
2024.05.31 16:00:38;Sell;0.02;GBPCAD;1.73792;;;2024.06.14 12:34:09;1.74871;;-0.66;-15.68;
2024.06.12 17:00:39;Sell;0.02;NZDCAD;0.85004;;;2024.06.14 12:31:24;0.84330;;-0.32;9.80;
2024.06.12 15:45:43;Sell;0.04;NZDCAD;0.84973;;;2024.06.14 08:00:09;0.84543;;-0.65;12.51;
2024.06.07 15:47:04;Sell;0.02;NZDCAD;0.84318;;;2024.06.14 08:00:09;0.84543;;-0.56;-3.27;
2024.06.13 15:00:26;Buy;0.02;GBPUSD;1.27627;;;2024.06.13 15:32:17;1.28037;;;8.20;
2024.06.13 08:00:08;Buy;0.02;AUDUSD;0.66481;;;2024.06.13 08:01:13;0.66482;;;0.02;
2024.06.12 17:00:25;Sell;0.02;GBPUSD;1.28336;;;2024.06.12 21:53:40;1.28037;;;5.98;
2024.06.12 16:00:38;Sell;0.02;AUDUSD;0.66861;;;2024.06.12 21:06:24;0.66893;;;-0.64;
2024.06.12 20:00:09;Sell;0.04;AUDUSD;0.66998;;;2024.06.12 21:00:53;0.66909;;;3.56;
2024.06.07 17:00:22;Buy;0.02;NZDCAD;0.84081;;;2024.06.12 15:31:02;0.84947;;-0.12;12.64;
2024.06.10 10:00:21;Buy;0.02;GBPUSD;1.27108;;;2024.06.11 13:07:36;1.27429;;-0.19;6.42;
2024.06.07 19:00:17;Buy;0.04;AUDUSD;0.65882;;;2024.06.10 18:39:07;0.66068;;-0.21;7.44;
2024.06.07 16:00:28;Buy;0.02;AUDUSD;0.66050;;;2024.06.10 18:39:07;0.66068;;-0.10;0.36;
2024.06.04 13:00:19;Buy;0.16;AUDNZD;1.07736;;;2024.06.10 04:35:46;1.07834;;-5.58;9.57;
2024.06.04 07:00:03;Buy;0.08;AUDNZD;1.07955;;;2024.06.10 04:35:45;1.07834;;-2.80;-5.90;
2024.05.27 03:00:23;Buy;0.04;AUDNZD;1.08215;;;2024.06.10 04:35:45;1.07834;;-3.23;-9.30;
2024.05.23 04:00:24;Buy;0.02;AUDNZD;1.08431;;;2024.06.10 04:35:45;1.07834;;-1.90;-7.28;
2024.06.05 14:00:34;Buy;0.32;AUDNZD;1.07483;;;2024.06.10 04:35:24;1.07842;;-9.32;70.08;
2024.06.04 08:00:09;Sell;0.16;NZDCAD;0.84424;;;2024.06.07 15:48:10;0.84338;;-3.16;10.02;
2024.05.22 06:00:08;Sell;0.04;NZDCAD;0.83657;;;2024.06.07 15:48:09;0.84336;;-2.69;-19.78;
2024.06.05 17:00:46;Sell;0.24;NZDCAD;0.84754;;;2024.06.07 15:48:00;0.84345;;-3.84;71.49;
2024.06.03 18:00:15;Sell;0.10;NZDCAD;0.84173;;;2024.06.07 15:47:41;0.84352;;-2.33;-13.04;
2024.05.28 05:00:18;Sell;0.06;NZDCAD;0.83913;;;2024.06.07 15:47:39;0.84354;;-2.71;-19.28;
2024.05.21 16:00:31;Sell;0.02;NZDCAD;0.83279;;;2024.06.07 15:47:27;0.84348;;-1.39;-15.57;
2024.06.05 16:46:05;Sell;0.16;NZDCAD;0.84777;;;2024.06.07 15:47:04;0.84349;;-2.56;49.86;
2024.06.04 03:15:20;Sell;0.08;NZDCAD;0.84407;;;2024.06.07 15:46:37;0.84350;;-1.58;3.32;
2024.06.03 17:00:22;Sell;0.04;NZDCAD;0.84053;;;2024.06.07 15:46:36;0.84349;;-0.94;-8.62;
2024.05.23 06:45:16;Sell;0.02;NZDCAD;0.83701;;;2024.06.07 15:46:30;0.84350;;-1.10;-9.45;
2024.06.03 19:00:26;Sell;0.02;GBPUSD;1.27931;;;2024.06.04 12:13:39;1.27605;;-0.02;6.52;
2024.06.04 01:00:12;Sell;0.02;AUDUSD;0.66913;;;2024.06.04 10:25:17;0.66603;;;6.20;
2024.05.23 06:00:09;Sell;0.08;GBPCAD;1.74144;;;2024.05.31 14:49:05;1.73405;;-1.11;43.36;
2024.05.21 09:00:21;Sell;0.04;GBPCAD;1.73295;;;2024.05.31 14:49:03;1.73406;;-0.83;-3.25;
2024.05.15 18:00:32;Sell;0.02;GBPCAD;1.72399;;;2024.05.31 14:49:02;1.73406;;-0.57;-14.77;
2024.05.21 17:00:08;Buy;0.02;EURGBP;0.85361;;;2024.05.31 14:47:08;0.85344;;-1.32;-0.44;
2024.05.22 17:00:06;Buy;0.04;EURGBP;0.85052;;;2024.05.31 14:47:02;0.85342;;-2.42;14.75;
2024.05.30 02:00:39;Buy;0.02;GBPUSD;1.26981;;;2024.05.30 16:38:16;1.27302;;;6.42;
2024.05.28 16:00:25;Sell;0.02;GBPUSD;1.27917;;;2024.05.28 21:22:18;1.27605;;;6.24;
2024.05.22 22:00:05;Buy;0.02;AUDUSD;0.66138;;;2024.05.23 13:12:15;0.66397;;-0.31;5.18;
2024.05.22 05:15:41;Sell;0.02;NZDCAD;0.83766;;;2024.05.22 21:15:12;0.83358;;;5.97;
2024.05.22 10:00:19;Sell;0.02;GBPUSD;1.27571;;;2024.05.22 12:12:57;1.27239;;;6.64;
2024.05.20 15:30:32;Buy;0.02;NZDCAD;0.83140;;;2024.05.22 05:15:14;0.83758;;-0.10;9.07;
2024.05.15 20:00:13;Sell;0.04;NZDCAD;0.83174;;;2024.05.21 05:15:56;0.83088;;-0.85;2.52;
2024.05.15 16:00:35;Sell;0.02;NZDCAD;0.82845;;;2024.05.21 05:15:56;0.83088;;-0.43;-3.56;
2024.05.16 04:00:12;Sell;0.06;NZDCAD;0.83391;;;2024.05.21 05:15:40;0.83091;;-0.66;13.19;
2024.05.17 22:30:16;Sell;0.64;NZDCAD;0.83547;;;2024.05.20 15:30:28;0.83140;;-2.31;191.10;
2024.05.15 20:15:07;Sell;0.32;NZDCAD;0.83208;;;2024.05.20 15:30:26;0.83139;;-5.76;16.20;
2024.05.15 15:45:23;Sell;0.16;NZDCAD;0.82864;;;2024.05.20 15:30:26;0.83139;;-2.89;-32.28;
2024.05.09 15:45:21;Sell;0.08;NZDCAD;0.82476;;;2024.05.20 15:30:25;0.83139;;-2.56;-38.91;
2024.05.03 15:45:33;Sell;0.04;NZDCAD;0.82144;;;2024.05.20 15:30:25;0.83139;;-2.11;-29.20;
2024.05.02 21:15:13;Sell;0.02;NZDCAD;0.81495;;;2024.05.20 15:30:25;0.83139;;-1.13;-24.12;
2024.05.17 13:00:10;Buy;0.04;AUDNZD;1.08936;;;2024.05.20 03:56:10;1.09317;;-0.24;9.34;
2024.05.16 09:00:10;Buy;0.02;AUDNZD;1.09197;;;2024.05.20 03:56:10;1.09317;;-0.24;1.47;
2024.05.07 20:00:16;Sell;0.02;EURGBP;0.85973;;;2024.05.17 18:18:58;0.85596;;-0.98;9.58;
2024.05.07 20:00:42;Sell;0.02;EURGBP;0.85971;;;2024.05.17 18:18:57;0.85595;;-0.98;9.55;
2024.05.16 17:00:26;Buy;0.02;AUDUSD;0.66599;;;2024.05.16 17:01:43;0.66618;;;0.38;
2024.05.15 21:00:24;Sell;0.08;GBPUSD;1.26821;;;2024.05.16 14:33:05;1.26567;;-0.28;20.32;
2024.05.15 19:00:41;Sell;0.04;GBPUSD;1.26504;;;2024.05.16 14:33:05;1.26567;;-0.14;-2.52;
2024.05.15 13:00:21;Sell;0.02;GBPUSD;1.26234;;;2024.05.16 14:33:04;1.26566;;-0.07;-6.64;
2024.05.16 04:00:40;Sell;0.06;AUDUSD;0.67102;;;2024.05.16 04:48:48;0.66858;;;14.64;
2024.05.15 20:00:24;Sell;0.04;AUDUSD;0.66879;;;2024.05.16 04:48:48;0.66858;;-0.15;0.84;
2024.05.15 19:00:46;Sell;0.02;AUDUSD;0.66688;;;2024.05.16 04:48:48;0.66858;;-0.08;-3.40;
2024.05.14 16:00:18;Buy;0.02;GBPCAD;1.71324;;;2024.05.15 15:34:43;1.72090;;-0.17;11.26;
2024.05.10 16:00:32;Buy;0.02;NZDCAD;0.82154;;;2024.05.15 15:32:24;0.82870;;-0.15;10.53;
2024.05.13 17:00:12;Sell;0.02;GBPUSD;1.25640;;;2024.05.14 11:05:57;1.25317;;-0.02;6.46;
2024.05.13 16:00:17;Sell;0.02;AUDUSD;0.66213;;;2024.05.13 18:05:11;0.66088;;;2.50;
2024.05.10 16:00:33;Buy;0.02;GBPCAD;1.70955;;;2024.05.13 17:40:08;1.71779;;-0.17;12.05;
2024.05.03 05:00:29;Sell;0.04;NZDCAD;0.81592;;;2024.05.10 15:31:20;0.82197;;-0.98;-17.73;
2024.05.01 22:00:15;Sell;0.02;NZDCAD;0.81357;;;2024.05.10 15:31:02;0.82142;;-0.77;-11.51;
2024.05.03 17:00:44;Sell;0.06;NZDCAD;0.82256;;;2024.05.10 15:30:44;0.82140;;-1.47;5.10;
2024.05.10 02:00:06;Sell;0.10;NZDCAD;0.82559;;;2024.05.10 15:30:40;0.82143;;;30.50;
2024.05.08 05:00:28;Buy;0.04;AUDUSD;0.65720;;;2024.05.09 14:47:33;0.65818;;-0.61;3.92;
2024.05.08 03:00:11;Buy;0.02;AUDUSD;0.65890;;;2024.05.09 14:47:33;0.65818;;-0.30;-1.44;
2024.05.03 16:01:00;Sell;0.02;GBPCAD;1.71754;;;2024.05.09 14:01:22;1.70984;;-0.19;11.22;
2024.05.08 03:00:05;Buy;0.04;GBPUSD;1.25023;;;2024.05.08 14:01:58;1.24982;;;-1.64;
2024.05.07 20:00:07;Buy;0.02;GBPUSD;1.25275;;;2024.05.08 14:01:57;1.24981;;-0.18;-5.88;
2024.05.08 11:00:26;Buy;0.08;GBPUSD;1.24713;;;2024.05.08 14:01:54;1.24983;;;21.60;
2024.05.03 17:01:47;Sell;0.04;AUDUSD;0.66244;;;2024.05.03 17:25:58;0.66026;;;8.72;
2024.05.03 05:00:31;Sell;0.02;AUDUSD;0.65781;;;2024.05.03 17:25:56;0.66027;;;-4.92;
2024.04.25 10:00:45;Buy;0.02;EURGBP;0.85785;;;2024.05.03 17:09:52;0.85791;;-0.88;0.15;
2024.04.29 13:00:06;Buy;0.04;EURGBP;0.85505;;;2024.05.03 17:08:35;0.85783;;-1.32;13.96;
2024.05.03 17:01:28;Sell;0.02;GBPUSD;1.25680;;;2024.05.03 17:05:43;1.25606;;;1.48;
2024.04.29 18:01:13;Buy;0.08;EURGBP;0.85388;;;2024.05.03 16:12:33;0.85679;;-2.62;29.33;
2024.04.25 12:00:13;Buy;0.04;EURGBP;0.85666;;;2024.05.03 16:12:32;0.85680;;-1.76;0.71;
2024.04.24 09:00:19;Buy;0.02;EURGBP;0.85932;;;2024.05.03 16:12:31;0.85680;;-1.21;-6.35;
2024.05.02 05:01:03;Sell;0.04;AUDNZD;1.10199;;;2024.05.03 15:30:23;1.09932;;-0.06;6.44;
2024.04.26 23:00:11;Sell;0.02;AUDNZD;1.09949;;;2024.05.03 15:30:22;1.09933;;-0.20;0.19;
2024.04.23 19:00:17;Sell;0.02;GBPCAD;1.70009;;;2024.05.02 17:13:58;1.71247;;-0.34;-18.04;
2024.04.30 18:00:25;Sell;0.08;GBPCAD;1.71986;;;2024.05.02 17:13:50;1.71232;;-0.51;43.95;
2024.04.25 13:00:05;Sell;0.04;GBPCAD;1.71133;;;2024.05.02 17:13:49;1.71231;;-0.43;-2.85;
2024.05.01 02:00:23;Buy;0.02;NZDCAD;0.81010;;;2024.05.01 23:30:12;0.81437;;;6.21;
2024.05.01 22:01:03;Sell;0.02;AUDUSD;0.65345;;;2024.05.01 22:21:52;0.65111;;;4.68;
2024.05.01 02:00:22;Buy;0.04;NZDCAD;0.81010;;;2024.05.01 21:53:33;0.81365;;;10.36;
2024.04.30 09:00:15;Buy;0.02;NZDCAD;0.81295;;;2024.05.01 21:53:31;0.81368;;-0.05;1.07;
2024.04.30 20:00:06;Buy;0.04;AUDUSD;0.64874;;;2024.05.01 15:32:53;0.64913;;-0.20;1.56;
2024.04.30 16:00:49;Buy;0.02;AUDUSD;0.64991;;;2024.05.01 15:32:52;0.64913;;-0.10;-1.56;
2024.05.01 02:00:10;Buy;0.06;AUDUSD;0.64742;;;2024.05.01 15:32:28;0.64914;;;10.32;
2024.04.25 10:00:46;Sell;0.02;NZDCAD;0.81428;;;2024.05.01 02:00:22;0.81010;;-0.28;6.07;
2024.04.25 05:00:27;Sell;0.02;NZDCAD;0.81367;;;2024.04.30 08:30:48;0.81318;;-0.21;0.71;
2024.04.29 21:00:23;Sell;0.04;NZDCAD;0.81650;;;2024.04.30 08:30:45;0.81318;;-0.14;9.70;
2024.04.29 08:00:29;Sell;0.02;AUDUSD;0.65756;;;2024.04.29 17:23:28;0.65486;;;5.40;
2024.04.26 10:00:20;Sell;0.02;AUDUSD;0.65447;;;2024.04.26 18:12:19;0.65194;;;5.06;
2024.04.23 15:01:05;Sell;0.02;GBPUSD;1.24025;;;2024.04.25 15:47:59;1.24768;;-0.09;-14.86;
2024.04.25 06:00:04;Sell;0.08;GBPUSD;1.24664;;;2024.04.25 15:46:49;1.24702;;;-3.04;
2024.04.23 17:00:14;Sell;0.04;GBPUSD;1.24406;;;2024.04.25 15:46:30;1.24703;;-0.19;-11.88;
2024.04.25 10:00:45;Sell;0.16;GBPUSD;1.24989;;;2024.04.25 15:46:17;1.24709;;;44.80;
2024.04.19 04:15:27;Buy;0.04;NZDCAD;0.81056;;;2024.04.25 10:00:44;0.81425;;-0.60;10.79;
2024.04.17 16:45:28;Buy;0.02;NZDCAD;0.81479;;;2024.04.25 10:00:44;0.81425;;-0.50;-0.79;
2024.04.15 11:00:21;Buy;0.04;NZDCAD;0.81653;;;2024.04.24 16:32:06;0.81370;;-0.90;-8.25;
2024.04.10 18:00:08;Buy;0.02;NZDCAD;0.81914;;;2024.04.24 16:32:06;0.81368;;-0.70;-7.97;
2024.04.19 06:00:32;Buy;0.10;NZDCAD;0.80879;;;2024.04.24 16:31:49;0.81368;;-0.75;35.67;
2024.04.15 17:00:06;Buy;0.06;NZDCAD;0.81398;;;2024.04.24 16:31:47;0.81367;;-1.35;-1.35;
2024.04.24 05:00:16;Sell;0.06;AUDUSD;0.65243;;;2024.04.24 13:42:27;0.64981;;;15.72;
2024.04.24 04:00:14;Sell;0.04;AUDUSD;0.64940;;;2024.04.24 13:42:27;0.64981;;;-1.64;
2024.04.23 17:00:57;Sell;0.02;AUDUSD;0.64805;;;2024.04.24 13:42:26;0.64981;;-0.02;-3.52;
2024.04.22 13:00:10;Sell;0.08;EURGBP;0.86276;;;2024.04.23 17:11:48;0.85981;;-0.33;29.38;
2024.04.19 19:00:19;Sell;0.04;EURGBP;0.85942;;;2024.04.23 17:11:46;0.85981;;-0.32;-1.94;
2024.04.17 20:00:22;Sell;0.02;EURGBP;0.85680;;;2024.04.23 17:11:44;0.85981;;-0.49;-7.49;
2024.04.22 16:00:12;Buy;0.04;GBPCAD;1.69013;;;2024.04.23 16:56:58;1.69996;;-0.34;28.78;
2024.04.19 18:00:35;Buy;0.02;GBPCAD;1.70733;;;2024.04.23 16:56:11;1.70017;;-0.34;-10.48;
2024.04.19 21:00:25;Sell;0.04;EURGBP;0.86100;;;2024.04.23 15:00:58;0.86082;;-0.32;0.90;
2024.04.22 14:00:13;Sell;0.08;EURGBP;0.86404;;;2024.04.23 15:00:31;0.86090;;-0.33;31.15;
2024.04.19 18:00:36;Sell;0.02;EURGBP;0.85807;;;2024.04.23 14:59:59;0.86088;;-0.16;-6.97;
2024.04.22 15:00:25;Buy;0.08;GBPUSD;1.23144;;;2024.04.22 19:15:25;1.23444;;;24.00;
2024.04.22 13:00:10;Buy;0.04;GBPUSD;1.23453;;;2024.04.22 19:15:24;1.23445;;;-0.32;
2024.04.19 20:00:29;Buy;0.02;GBPUSD;1.23924;;;2024.04.22 19:15:24;1.23445;;-0.18;-9.58;
2024.04.19 06:00:22;Buy;0.16;AUDCAD;0.87931;;;2024.04.22 04:36:13;0.88464;;-0.76;62.12;
2024.04.17 01:00:17;Buy;0.08;AUDCAD;0.88543;;;2024.04.22 04:36:13;0.88464;;-1.89;-4.61;
2024.04.15 17:00:09;Buy;0.04;AUDCAD;0.88826;;;2024.04.22 04:36:12;0.88464;;-1.33;-10.55;
2024.04.10 18:00:35;Buy;0.02;AUDCAD;0.89242;;;2024.04.22 04:36:12;0.88466;;-1.12;-11.30;
2024.04.05 16:00:07;Sell;0.02;GBPCAD;1.71621;;;2024.04.19 17:53:05;1.70802;;-0.44;11.93;
2024.04.19 11:00:08;Sell;0.02;AUDUSD;0.64221;;;2024.04.19 11:00:50;0.64220;;;0.02;
2024.04.19 06:00:21;Buy;0.02;AUDUSD;0.63741;;;2024.04.19 06:32:14;0.63926;;;3.70;
2024.04.18 06:00:12;Sell;0.02;AUDUSD;0.64518;;;2024.04.18 16:41:54;0.64270;;;4.96;
2024.04.16 06:15:13;Buy;0.04;NZDCAD;0.81138;;;2024.04.17 03:45:20;0.81523;;-0.10;11.14;
2024.04.15 16:45:15;Buy;0.02;NZDCAD;0.81478;;;2024.04.17 03:45:18;0.81528;;-0.10;0.73;
2024.04.16 17:00:14;Buy;0.04;AUDUSD;0.63989;;;2024.04.16 21:10:38;0.64176;;;7.48;
2024.04.16 05:00:24;Buy;0.02;AUDUSD;0.64230;;;2024.04.16 21:10:38;0.64176;;;-1.08;
2024.04.10 17:45:18;Sell;0.02;NZDCAD;0.81918;;;2024.04.15 16:15:22;0.81508;;-0.35;5.97;
2024.04.12 22:00:13;Buy;0.04;AUDUSD;0.64572;;;2024.04.15 01:31:13;0.64735;;-0.20;6.52;
2024.04.12 17:01:51;Buy;0.02;AUDUSD;0.64695;;;2024.04.15 01:31:11;0.64735;;-0.10;0.80;
2024.04.12 18:00:27;Buy;0.04;GBPUSD;1.24350;;;2024.04.12 21:11:44;1.24611;;;10.44;
2024.04.12 14:00:03;Buy;0.02;GBPUSD;1.24704;;;2024.04.12 21:11:43;1.24612;;;-1.84;
2024.04.03 15:00:08;Sell;0.02;EURGBP;0.85735;;;2024.04.12 09:40:49;0.85360;;-0.90;9.40;
2024.04.03 17:00:59;Sell;0.02;EURGBP;0.85799;;;2024.04.12 09:02:50;0.85400;;-0.90;10.00;
2024.04.10 20:00:28;Buy;0.04;GBPUSD;1.25348;;;2024.04.11 10:51:04;1.25607;;-1.10;10.36;
2024.04.10 18:00:09;Buy;0.02;GBPUSD;1.25661;;;2024.04.11 10:51:04;1.25607;;-0.55;-1.08;
2024.04.10 19:00:22;Buy;0.04;AUDUSD;0.65084;;;2024.04.11 10:29:18;0.65265;;-0.62;7.24;
2024.04.10 17:00:40;Buy;0.02;AUDUSD;0.65259;;;2024.04.11 10:29:18;0.65265;;-0.31;0.12;
2024.04.04 10:30:10;Sell;0.04;NZDCAD;0.81558;;;2024.04.10 17:01:59;0.81850;;-0.56;-8.56;
2024.04.03 19:45:30;Sell;0.02;NZDCAD;0.81225;;;2024.04.10 17:01:58;0.81852;;-0.49;-9.18;
2024.04.08 16:45:19;Sell;0.08;NZDCAD;0.81930;;;2024.04.10 17:01:32;0.81841;;-0.56;5.22;
2024.04.09 15:30:21;Sell;0.16;NZDCAD;0.82244;;;2024.04.10 17:00:39;0.81846;;-0.56;46.64;
2024.04.03 20:01:25;Sell;0.02;NZDCAD;0.81219;;;2024.04.10 15:46:06;0.82043;;-0.49;-12.08;
2024.04.04 09:00:09;Sell;0.04;AUDCAD;0.89015;;;2024.04.10 15:46:05;0.89439;;-0.52;-12.43;
2024.04.03 19:00:14;Sell;0.02;AUDCAD;0.88653;;;2024.04.10 15:45:50;0.89426;;-0.48;-11.33;
2024.04.08 09:00:17;Sell;0.06;NZDCAD;0.81785;;;2024.04.10 15:45:44;0.82014;;-0.42;-10.06;
2024.04.09 05:00:12;Sell;0.10;NZDCAD;0.82060;;;2024.04.10 15:44:54;0.82011;;-0.35;3.59;
2024.04.04 09:00:08;Sell;0.04;NZDCAD;0.81522;;;2024.04.10 15:44:45;0.82017;;-0.56;-14.50;
2024.04.05 16:00:08;Sell;0.08;AUDCAD;0.89424;;;2024.04.10 15:43:35;0.89409;;-0.78;0.88;
2024.04.09 13:00:16;Sell;0.16;AUDCAD;0.89825;;;2024.04.10 15:42:57;0.89408;;-0.53;48.89;
2024.04.09 17:00:15;Sell;0.16;NZDCAD;0.82337;;;2024.04.10 15:40:59;0.82000;;-0.56;39.51;
2024.04.09 13:00:16;Sell;0.02;GBPUSD;1.26804;;;2024.04.10 15:36:01;1.26210;;-0.02;11.88;
2024.04.05 16:00:18;Buy;0.02;GBPUSD;1.25960;;;2024.04.05 18:44:20;1.26259;;;5.98;
2024.04.04 14:00:20;Sell;0.10;AUDUSD;0.66111;;;2024.04.04 22:28:50;0.65870;;;24.10;
2024.04.04 11:00:14;Sell;0.06;AUDUSD;0.65919;;;2024.04.04 22:28:49;0.65870;;;2.94;
2024.04.04 04:00:29;Sell;0.04;AUDUSD;0.65785;;;2024.04.04 22:28:48;0.65870;;;-3.40;
2024.04.03 19:00:12;Sell;0.02;AUDUSD;0.65563;;;2024.04.04 22:28:48;0.65870;;-0.07;-6.14;
2024.04.01 21:00:08;Buy;0.04;GBPCAD;1.70419;;;2024.04.04 21:53:11;1.71233;;-1.73;24.05;
2024.03.21 17:00:16;Buy;0.02;GBPCAD;1.71595;;;2024.04.04 21:53:10;1.71233;;-2.41;-5.35;
2024.04.04 17:00:30;Sell;0.04;GBPUSD;1.26721;;;2024.04.04 21:40:57;1.26472;;;9.96;
2024.04.03 20:01:25;Sell;0.02;GBPUSD;1.26462;;;2024.04.04 21:40:57;1.26470;;-0.07;-0.16;
2024.03.20 19:00:28;Buy;0.16;NZDCAD;0.81878;;;2024.04.03 19:45:28;0.81227;;-5.77;-77.01;
2024.03.19 03:45:06;Buy;0.08;NZDCAD;0.82252;;;2024.04.03 19:45:27;0.81227;;-3.10;-60.62;
2024.03.15 05:15:11;Buy;0.04;NZDCAD;0.82603;;;2024.04.03 19:45:25;0.81226;;-1.74;-40.72;
2024.03.12 17:15:45;Buy;0.02;NZDCAD;0.82969;;;2024.04.03 19:45:24;0.81227;;-1.12;-25.76;
2024.04.01 17:15:35;Buy;1.28;NZDCAD;0.80824;;;2024.04.03 19:45:18;0.81223;;-6.53;377.55;
2024.03.28 12:00:33;Buy;0.64;NZDCAD;0.81139;;;2024.04.03 19:45:17;0.81225;;-6.54;40.69;
2024.03.22 11:00:21;Buy;0.32;NZDCAD;0.81521;;;2024.04.03 19:45:17;0.81225;;-8.19;-70.02;
2024.04.01 19:00:42;Buy;0.54;NZDCAD;0.80712;;;2024.04.03 19:26:44;0.81178;;-2.75;186.04;
2024.03.28 19:00:09;Buy;0.36;NZDCAD;0.80954;;;2024.04.03 19:26:44;0.81178;;-3.68;59.62;
2024.03.28 11:00:23;Buy;0.24;NZDCAD;0.81258;;;2024.04.03 19:26:43;0.81178;;-2.44;-14.19;
2024.03.22 07:00:16;Buy;0.16;NZDCAD;0.81579;;;2024.04.03 19:26:42;0.81177;;-4.10;-47.56;
2024.03.21 17:00:26;Buy;0.10;NZDCAD;0.81830;;;2024.04.03 19:26:40;0.81177;;-2.84;-48.28;
2024.03.19 09:00:26;Buy;0.06;NZDCAD;0.82100;;;2024.04.03 19:26:40;0.81177;;-2.30;-40.95;
2024.03.18 21:00:13;Buy;0.04;NZDCAD;0.82353;;;2024.04.03 19:26:40;0.81177;;-1.63;-34.78;
2024.03.15 06:00:08;Buy;0.02;NZDCAD;0.82605;;;2024.04.03 19:26:39;0.81177;;-0.86;-21.12;
2024.03.28 15:00:16;Buy;0.04;AUDCAD;0.88249;;;2024.04.03 18:28:14;0.88597;;-0.76;10.29;
2024.03.27 05:00:12;Buy;0.02;AUDCAD;0.88632;;;2024.04.03 18:28:14;0.88598;;-0.69;-0.50;
2024.04.01 18:00:12;Buy;0.02;GBPUSD;1.25640;;;2024.04.03 17:00:59;1.25980;;-0.36;6.80;
2024.04.01 19:00:12;Buy;0.02;AUDUSD;0.64833;;;2024.04.02 12:12:40;0.65083;;-0.10;5.00;
2024.03.25 07:00:31;Sell;2.56;AUDNZD;1.08837;;;2024.04.02 11:19:30;1.09251;;-27.71;-631.36;
2024.03.21 04:00:20;Sell;1.28;AUDNZD;1.08601;;;2024.04.02 11:19:29;1.09252;;-17.33;-496.42;
2024.03.21 03:00:31;Sell;0.64;AUDNZD;1.08321;;;2024.04.02 11:19:29;1.09251;;-8.66;-354.58;
2024.03.20 13:00:21;Sell;0.32;AUDNZD;1.08061;;;2024.04.02 11:19:28;1.09251;;-5.63;-226.86;
2024.03.15 19:00:24;Sell;0.16;AUDNZD;1.07859;;;2024.04.02 11:19:27;1.09251;;-3.51;-132.68;
2024.03.15 07:00:14;Sell;0.08;AUDNZD;1.07580;;;2024.04.02 11:19:27;1.09252;;-1.76;-79.68;
2024.03.12 18:00:27;Sell;0.04;AUDNZD;1.07360;;;2024.04.02 11:19:26;1.09252;;-1.08;-45.09;
2024.03.12 01:23:13;Sell;0.02;AUDNZD;1.07175;;;2024.04.02 11:19:24;1.09253;;-0.60;-24.76;
2024.03.21 20:00:11;Sell;0.02;EURGBP;0.85757;;;2024.03.29 04:30:50;0.85396;;-0.65;9.12;
2024.03.21 22:00:16;Sell;0.02;EURGBP;0.85810;;;2024.03.28 23:57:07;0.85510;;-0.57;7.58;
2024.03.22 11:00:18;Buy;0.16;GBPUSD;1.26075;;;2024.03.25 14:54:47;1.26382;;-1.47;49.12;
2024.03.22 06:00:24;Buy;0.08;GBPUSD;1.26404;;;2024.03.25 14:54:46;1.26382;;-0.73;-1.76;
2024.03.21 19:00:39;Buy;0.04;GBPUSD;1.26676;;;2024.03.25 14:54:46;1.26382;;-0.74;-11.76;
2024.03.21 18:00:32;Buy;0.02;GBPUSD;1.26992;;;2024.03.25 14:54:44;1.26379;;-0.37;-12.26;
2024.03.22 11:00:21;Buy;0.06;AUDUSD;0.65178;;;2024.03.25 05:35:15;0.65382;;-0.30;12.24;
2024.03.22 06:00:25;Buy;0.04;AUDUSD;0.65342;;;2024.03.25 05:35:14;0.65382;;-0.20;1.60;
2024.03.22 05:00:13;Buy;0.02;AUDUSD;0.65499;;;2024.03.25 05:35:14;0.65382;;-0.10;-2.34;
2024.03.21 02:00:26;Sell;0.02;AUDCAD;0.88903;;;2024.03.22 05:37:35;0.88580;;-0.07;4.77;
2024.03.04 05:00:40;Sell;0.02;GBPCAD;1.71737;;;2024.03.21 16:27:47;1.71895;;-0.58;-2.33;
2024.03.05 19:00:22;Sell;0.04;GBPCAD;1.72589;;;2024.03.21 16:27:38;1.71878;;-1.11;21.04;
2024.03.20 22:00:43;Sell;0.02;GBPUSD;1.27779;;;2024.03.21 14:37:33;1.27477;;-0.07;6.04;
2024.03.21 10:00:37;Sell;0.10;AUDUSD;0.66274;;;2024.03.21 12:01:50;0.66039;;;23.50;
2024.03.21 04:00:22;Sell;0.06;AUDUSD;0.66130;;;2024.03.21 12:01:49;0.66039;;;5.46;
2024.03.21 02:00:27;Sell;0.04;AUDUSD;0.65951;;;2024.03.21 12:01:49;0.66039;;;-3.52;
2024.03.20 22:01:23;Sell;0.02;AUDUSD;0.65762;;;2024.03.21 12:01:48;0.66039;;-0.07;-5.54;
2024.03.19 09:00:29;Buy;0.02;AUDUSD;0.65188;;;2024.03.20 19:44:03;0.65320;;-0.10;2.64;
2024.03.15 18:00:11;Buy;0.02;AUDCAD;0.88744;;;2024.03.19 16:03:22;0.88718;;-0.20;-0.38;
2024.03.19 13:00:51;Buy;0.04;AUDCAD;0.88357;;;2024.03.19 16:03:07;0.88719;;;10.65;
2024.03.19 13:00:28;Buy;0.08;GBPUSD;1.26731;;;2024.03.19 15:34:53;1.26985;;;20.32;
2024.03.19 11:00:34;Buy;0.04;GBPUSD;1.26989;;;2024.03.19 15:34:37;1.26981;;;-0.32;
2024.03.18 07:00:16;Buy;0.02;GBPUSD;1.27275;;;2024.03.19 15:34:36;1.26985;;-0.19;-5.80;
2024.03.06 10:00:30;Sell;0.02;AUDCAD;0.88554;;;2024.03.19 04:38:02;0.88672;;-0.89;-1.74;
2024.03.07 13:00:47;Sell;0.08;AUDCAD;0.89182;;;2024.03.19 04:37:56;0.88672;;-2.61;30.10;
2024.03.06 19:00:18;Sell;0.04;AUDCAD;0.88829;;;2024.03.19 04:37:55;0.88673;;-1.69;4.60;
2024.03.15 04:00:20;Buy;0.02;AUDUSD;0.65692;;;2024.03.18 12:04:40;0.65731;;-0.10;0.78;
2024.03.07 12:00:12;Sell;0.04;AUDCAD;0.89101;;;2024.03.15 17:07:58;0.88769;;-1.04;9.82;
2024.03.06 16:00:27;Sell;0.02;AUDCAD;0.88728;;;2024.03.15 17:07:57;0.88769;;-0.75;-0.61;
2024.03.08 16:00:19;Sell;0.02;NZDCAD;0.83331;;;2024.03.15 04:23:46;0.82658;;-0.49;9.94;
2024.03.08 13:00:15;Buy;0.02;EURGBP;0.85186;;;2024.03.13 20:02:12;0.85570;;-0.33;9.84;
2024.03.12 16:00:23;Buy;0.04;GBPUSD;1.27696;;;2024.03.13 14:32:41;1.28006;;-0.37;12.40;
2024.03.11 23:54:00;Buy;0.02;GBPUSD;1.28135;;;2024.03.13 14:32:41;1.28006;;-0.38;-2.58;
2024.03.08 15:45:18;Sell;0.04;NZDCAD;0.83372;;;2024.03.12 17:15:43;0.82969;;-0.28;11.93;
2024.03.07 06:30:11;Sell;0.02;NZDCAD;0.83010;;;2024.03.12 17:15:42;0.82968;;-0.21;0.63;
2024.03.11 18:00:07;Buy;0.02;GBPUSD;1.28162;;;2024.03.11 23:53:48;1.28125;;;-0.74;
2024.03.08 02:00:15;Sell;0.04;GBPUSD;1.28132;;;2024.03.08 18:46:50;1.28463;;;-13.24;
2024.03.07 18:01:06;Sell;0.02;GBPUSD;1.27891;;;2024.03.08 18:46:49;1.28464;;-0.02;-11.46;
2024.03.08 17:00:42;Sell;0.16;GBPUSD;1.28792;;;2024.03.08 18:46:38;1.28466;;;52.16;
2024.03.08 15:00:32;Sell;0.08;GBPUSD;1.28373;;;2024.03.08 18:46:37;1.28467;;;-7.52;
2024.02.28 17:00:49;Buy;0.02;NZDCAD;0.82631;;;2024.03.08 15:31:21;0.83401;;-0.57;11.47;
2024.02.15 16:00:45;Sell;0.02;EURGBP;0.85647;;;2024.03.07 15:40:05;0.85274;;-1.71;9.51;
2024.02.29 19:45:24;Buy;0.04;NZDCAD;0.82581;;;2024.03.07 06:16:33;0.82974;;-0.76;11.64;
2024.02.28 03:15:24;Buy;0.02;NZDCAD;0.82937;;;2024.03.07 06:16:33;0.82974;;-0.52;0.55;
2024.03.05 08:00:05;Buy;0.02;AUDCAD;0.88190;;;2024.03.06 07:50:47;0.88537;;-0.10;5.11;
2024.03.05 18:00:18;Sell;0.04;GBPUSD;1.27321;;;2024.03.05 20:31:52;1.27046;;;11.00;
2024.03.04 17:00:05;Sell;0.02;GBPUSD;1.26917;;;2024.03.05 20:31:52;1.27045;;-0.02;-2.56;
2024.03.01 18:00:24;Sell;0.02;AUDCAD;0.88527;;;2024.03.05 07:59:36;0.88186;;-0.12;5.02;
2024.02.29 22:00:08;Buy;0.02;GBPUSD;1.26145;;;2024.03.01 13:42:17;1.26452;;-0.18;6.14;
2024.02.29 13:00:12;Sell;0.04;GBPCAD;1.72021;;;2024.02.29 19:08:06;1.71320;;;20.66;
2024.02.27 13:15:13;Sell;0.02;GBPCAD;1.71138;;;2024.02.29 19:08:05;1.71317;;-0.12;-2.64;
2024.02.28 17:00:49;Buy;0.02;AUDCAD;0.88098;;;2024.02.29 05:41:41;0.88446;;-0.29;5.13;
2024.02.20 12:00:10;Sell;0.04;AUDCAD;0.88414;;;2024.02.28 17:00:10;0.88096;;-1.03;9.38;
2024.02.16 19:00:08;Sell;0.02;AUDCAD;0.88042;;;2024.02.28 17:00:10;0.88096;;-0.61;-0.80;
2024.02.27 10:00:19;Sell;0.02;NZDCAD;0.83299;;;2024.02.28 16:56:51;0.82639;;-0.07;9.73;
2024.02.20 15:45:11;Sell;0.08;NZDCAD;0.83474;;;2024.02.28 03:15:21;0.82936;;-2.32;31.80;
2024.02.20 11:45:20;Sell;0.04;NZDCAD;0.83114;;;2024.02.28 03:15:21;0.82936;;-1.17;5.25;
2024.02.19 10:34:59;Sell;0.02;NZDCAD;0.82862;;;2024.02.28 03:15:20;0.82936;;-0.64;-1.10;
2024.02.19 10:35:00;Sell;0.02;NZDCAD;0.82862;;;2024.02.27 04:27:25;0.83159;;-0.57;-4.39;
2024.02.20 17:00:34;Sell;0.06;NZDCAD;0.83503;;;2024.02.27 04:27:18;0.83158;;-1.53;15.32;
2024.02.20 12:00:10;Sell;0.04;NZDCAD;0.83152;;;2024.02.27 04:27:18;0.83158;;-1.02;-0.18;
2024.02.14 19:00:28;Sell;0.02;AUDCAD;0.87908;;;2024.02.27 02:16:22;0.88258;;-0.80;-5.18;
2024.02.20 17:00:34;Sell;0.08;AUDCAD;0.88743;;;2024.02.27 02:16:09;0.88238;;-1.81;29.91;
2024.02.19 10:34:58;Sell;0.04;AUDCAD;0.88149;;;2024.02.27 02:16:08;0.88240;;-1.03;-2.70;
2024.02.22 20:00:38;Buy;0.02;AUDNZD;1.05783;;;2024.02.26 02:38:56;1.06263;;-0.24;5.92;
2024.02.20 14:00:17;Sell;0.02;EURGBP;0.85760;;;2024.02.23 13:14:19;0.85384;;-0.41;9.54;
2024.02.22 11:00:30;Sell;0.02;GBPUSD;1.27018;;;2024.02.22 13:10:08;1.26704;;;6.28;
2024.02.20 16:00:20;Sell;0.02;GBPUSD;1.26425;;;2024.02.21 10:57:17;1.26120;;-0.02;6.10;
2024.02.15 19:00:14;Buy;0.02;NZDCAD;0.82370;;;2024.02.19 10:34:58;0.82862;;-0.10;7.30;
2024.02.13 05:00:26;Buy;0.02;NZDCAD;0.82115;;;2024.02.19 10:34:57;0.82862;;-0.31;11.09;
2024.02.15 16:00:46;Sell;0.02;AUDCAD;0.88076;;;2024.02.16 03:02:21;0.87763;;-0.06;4.64;
2024.02.14 10:00:21;Buy;0.04;GBPUSD;1.25614;;;2024.02.15 16:33:27;1.25884;;-1.10;10.80;
2024.02.13 16:00:19;Buy;0.02;GBPUSD;1.25891;;;2024.02.15 16:33:27;1.25884;;-0.73;-0.14;
2024.02.13 04:30:16;Buy;0.02;NZDCAD;0.82201;;;2024.02.15 15:30:52;0.82693;;-0.21;7.27;
2024.02.08 11:00:15;Buy;0.02;AUDCAD;0.87667;;;2024.02.15 13:05:37;0.88014;;-0.69;5.13;
2024.02.07 18:00:08;Buy;0.02;EURGBP;0.85172;;;2024.02.15 09:42:56;0.85555;;-1.10;9.62;
2024.02.13 13:00:35;Buy;0.02;EURGBP;0.85040;;;2024.02.14 17:22:03;0.85425;;-0.11;9.66;
2024.02.13 13:00:20;Sell;0.02;GBPUSD;1.26680;;;2024.02.13 15:30:59;1.26222;;;9.16;
2024.02.09 10:45:15;Sell;0.08;NZDCAD;0.82614;;;2024.02.13 04:30:15;0.82201;;-0.56;24.55;
2024.02.09 02:00:27;Sell;0.04;NZDCAD;0.82214;;;2024.02.13 04:30:15;0.82201;;-0.28;0.39;
2024.02.08 18:15:25;Sell;0.02;NZDCAD;0.81928;;;2024.02.13 04:30:14;0.82202;;-0.21;-4.07;
2024.02.07 14:00:06;Sell;0.02;NZDCAD;0.82335;;;2024.02.13 04:20:40;0.82241;;-0.42;1.40;
2024.02.09 11:00:11;Sell;0.04;NZDCAD;0.82617;;;2024.02.13 04:19:51;0.82261;;-0.28;10.59;
2024.02.07 22:00:05;Buy;0.02;AUDNZD;1.06725;;;2024.02.12 18:23:56;1.06551;;-0.56;-2.13;
2024.02.09 03:00:15;Buy;0.08;AUDNZD;1.06127;;;2024.02.12 18:23:26;1.06550;;-0.46;20.75;
2024.02.08 20:00:08;Buy;0.04;AUDNZD;1.06522;;;2024.02.12 18:23:25;1.06550;;-0.46;0.68;
2024.02.08 22:00:09;Buy;0.04;AUDCAD;0.87326;;;2024.02.09 18:32:45;0.87800;;-0.20;14.08;
2024.02.05 01:00:44;Buy;0.02;AUDCAD;0.87706;;;2024.02.09 18:32:43;0.87799;;-0.60;1.38;
2024.02.07 05:30:14;Sell;0.04;NZDCAD;0.82341;;;2024.02.08 18:15:14;0.81959;;-0.42;11.34;
2024.02.06 04:00:42;Sell;0.02;NZDCAD;0.82019;;;2024.02.08 18:15:13;0.81959;;-0.28;0.89;
2024.02.07 10:00:23;Sell;0.02;GBPUSD;1.26262;;;2024.02.08 14:29:57;1.25969;;-0.07;5.86;
2024.02.06 18:00:08;Sell;0.02;AUDCAD;0.88063;;;2024.02.08 07:48:46;0.87726;;-0.25;5.01;
2024.02.02 18:00:12;Buy;0.02;NZDCAD;0.81717;;;2024.02.07 13:32:14;0.82409;;-0.15;10.27;
2024.02.05 18:00:10;Sell;0.02;EURGBP;0.85659;;;2024.02.07 10:06:51;0.85286;;-0.16;9.42;
2024.02.05 18:00:36;Buy;0.32;GBPUSD;1.25210;;;2024.02.06 07:41:28;1.25552;;-2.94;109.44;
2024.02.05 15:00:11;Buy;0.16;GBPUSD;1.25562;;;2024.02.06 07:41:28;1.25552;;-1.47;-1.60;
2024.02.05 13:00:08;Buy;0.08;GBPUSD;1.25958;;;2024.02.06 07:41:28;1.25552;;-0.73;-32.48;
2024.02.02 19:00:19;Buy;0.04;GBPUSD;1.26256;;;2024.02.06 07:41:27;1.25552;;-0.74;-28.16;
2024.02.02 16:00:36;Buy;0.02;GBPUSD;1.26716;;;2024.02.06 07:41:27;1.25552;;-0.36;-23.28;
2024.02.02 18:30:28;Buy;0.02;NZDCAD;0.81628;;;2024.02.06 04:00:41;0.82019;;-0.10;5.78;
2024.02.01 02:00:08;Buy;0.02;EURGBP;0.85213;;;2024.02.05 14:54:09;0.85590;;-0.22;9.47;
2024.01.31 23:00:23;Sell;0.02;NZDCAD;0.82164;;;2024.02.02 17:30:12;0.81690;;-0.27;7.04;
2024.01.31 22:00:36;Sell;0.02;NZDCAD;0.82366;;;2024.02.02 17:26:25;0.81718;;-0.27;9.62;
2024.02.02 12:00:16;Sell;0.02;GBPUSD;1.27571;;;2024.02.02 15:31:12;1.27014;;;11.14;
2024.02.01 11:00:11;Buy;0.08;AUDCAD;0.87774;;;2024.02.02 12:05:15;0.88324;;-0.40;32.91;
2024.01.31 08:00:12;Buy;0.04;AUDCAD;0.88116;;;2024.02.02 12:05:14;0.88324;;-0.80;6.23;
2024.01.29 01:00:06;Buy;0.02;AUDCAD;0.88509;;;2024.02.02 12:05:14;0.88324;;-0.60;-2.77;
2024.02.01 08:00:11;Buy;0.02;AUDCAD;0.87940;;;2024.02.02 11:43:19;0.88283;;-0.10;5.13;
2024.01.31 16:45:09;Sell;0.04;NZDCAD;0.82542;;;2024.01.31 22:15:59;0.82191;;;10.46;
2024.01.29 09:45:15;Sell;0.02;NZDCAD;0.82132;;;2024.01.31 22:15:37;0.82175;;-0.14;-0.64;
2024.01.29 23:00:13;Sell;0.02;NZDCAD;0.82239;;;2024.01.31 21:01:46;0.82206;;-0.14;0.49;
2024.01.31 17:00:32;Sell;0.04;NZDCAD;0.82523;;;2024.01.31 21:01:12;0.82148;;;11.18;
2024.01.31 04:00:16;Buy;0.04;AUDCAD;0.88169;;;2024.01.31 16:33:26;0.88526;;;10.66;
2024.01.26 21:00:14;Buy;0.02;AUDCAD;0.88550;;;2024.01.31 16:33:25;0.88524;;-0.30;-0.39;
2024.01.25 17:01:18;Buy;0.08;EURGBP;0.85363;;;2024.01.30 17:17:47;0.85653;;-1.32;29.33;
2024.01.18 18:01:07;Buy;0.04;EURGBP;0.85642;;;2024.01.30 17:17:46;0.85653;;-2.21;0.56;
2024.01.08 21:00:26;Buy;0.02;EURGBP;0.85936;;;2024.01.30 17:17:45;0.85653;;-2.43;-7.16;
2024.01.29 13:00:11;Buy;0.16;EURGBP;0.85165;;;2024.01.30 12:34:23;0.85447;;-0.89;57.21;
2024.01.24 12:00:29;Buy;0.08;EURGBP;0.85410;;;2024.01.30 12:34:22;0.85447;;-2.66;3.76;
2024.01.17 14:00:11;Buy;0.04;EURGBP;0.85727;;;2024.01.30 12:34:21;0.85447;;-2.88;-14.20;
2024.01.05 21:45:58;Buy;0.02;EURGBP;0.86016;;;2024.01.30 12:34:21;0.85447;;-2.54;-14.43;
2024.01.26 15:00:14;Buy;0.04;NZDCAD;0.82026;;;2024.01.29 22:18:33;0.82402;;-0.11;11.22;
2024.01.26 03:00:07;Buy;0.02;NZDCAD;0.82294;;;2024.01.29 22:18:32;0.82400;;-0.06;1.58;
2024.01.29 17:00:35;Buy;0.02;GBPUSD;1.26747;;;2024.01.29 22:12:49;1.27064;;;6.34;
2024.01.26 01:00:13;Sell;0.02;NZDCAD;0.82300;;;2024.01.26 23:00:21;0.81915;;;5.73;
2024.01.24 17:00:25;Sell;0.02;AUDCAD;0.88940;;;2024.01.26 14:58:59;0.88599;;-0.25;5.08;
2024.01.24 18:00:14;Sell;0.02;AUDCAD;0.89047;;;2024.01.26 11:13:49;0.88630;;-0.25;6.19;
2024.01.24 19:00:06;Sell;0.08;GBPCAD;1.71868;;;2024.01.26 09:20:25;1.71014;;-0.40;50.67;
2024.01.11 20:00:17;Sell;0.04;GBPCAD;1.70785;;;2024.01.26 09:20:24;1.71014;;-0.75;-6.79;
2024.01.05 21:45:58;Sell;0.02;GBPCAD;1.70057;;;2024.01.26 09:20:23;1.71014;;-0.47;-14.20;
2024.01.24 23:00:25;Sell;0.04;NZDCAD;0.82698;;;2024.01.25 23:30:15;0.82310;;-0.41;11.52;
2024.01.24 10:45:31;Sell;0.02;NZDCAD;0.82357;;;2024.01.25 23:30:15;0.82310;;-0.20;0.69;
2024.01.24 23:00:25;Sell;0.04;NZDCAD;0.82698;;;2024.01.25 22:59:15;0.82350;;-0.41;10.33;
2024.01.24 11:00:21;Sell;0.02;NZDCAD;0.82395;;;2024.01.25 22:59:14;0.82350;;-0.20;0.67;
2024.01.24 12:00:29;Sell;0.02;GBPUSD;1.27634;;;2024.01.24 14:23:10;1.27318;;;6.32;
2024.01.23 18:00:53;Buy;0.24;NZDCAD;0.81890;;;2024.01.24 10:33:36;0.82283;;-0.68;70.16;
2024.01.19 18:00:26;Buy;0.16;NZDCAD;0.82140;;;2024.01.24 10:33:34;0.82283;;-1.35;17.02;
2024.01.17 17:00:42;Buy;0.10;NZDCAD;0.82417;;;2024.01.24 10:33:34;0.82283;;-1.97;-9.97;
2024.01.16 20:00:23;Buy;0.06;NZDCAD;0.82758;;;2024.01.24 10:33:33;0.82288;;-1.36;-20.98;
2024.01.15 12:00:42;Buy;0.04;NZDCAD;0.83014;;;2024.01.24 10:33:33;0.82288;;-1.01;-21.59;
2024.01.15 10:00:26;Buy;0.02;NZDCAD;0.83265;;;2024.01.24 10:33:31;0.82287;;-0.53;-14.55;
2024.01.23 17:45:41;Buy;0.32;NZDCAD;0.81904;;;2024.01.24 09:45:38;0.82262;;-0.90;85.16;
2024.01.15 09:45:15;Buy;0.02;NZDCAD;0.83284;;;2024.01.24 09:45:38;0.82262;;-0.53;-15.20;
2024.01.19 07:45:11;Buy;0.16;NZDCAD;0.82245;;;2024.01.24 09:45:18;0.82272;;-1.35;3.21;
2024.01.17 15:30:44;Buy;0.08;NZDCAD;0.82566;;;2024.01.24 09:45:18;0.82272;;-1.60;-17.49;
2024.01.16 15:15:17;Buy;0.04;NZDCAD;0.82943;;;2024.01.24 09:45:18;0.82272;;-0.89;-19.95;
2024.01.22 13:00:04;Buy;0.02;AUDCAD;0.88434;;;2024.01.23 11:20:18;0.88790;;-0.10;5.28;
2024.01.19 12:08:21;Sell;0.02;AUDCAD;0.88844;;;2024.01.22 08:11:56;0.88505;;-0.06;5.04;
2024.01.16 16:01:14;Buy;0.04;AUDCAD;0.88879;;;2024.01.19 12:07:54;0.88846;;-1.00;-0.98;
2024.01.15 12:00:42;Buy;0.02;AUDCAD;0.89313;;;2024.01.19 12:07:54;0.88847;;-0.60;-6.92;
2024.01.17 11:00:26;Buy;0.08;AUDCAD;0.88452;;;2024.01.19 12:07:24;0.88845;;-1.61;23.35;
2024.01.05 21:45:57;Buy;0.02;AUDCAD;0.89772;;;2024.01.19 12:06:46;0.88883;;-1.41;-13.20;
2024.01.17 18:00:17;Buy;0.16;AUDCAD;0.88290;;;2024.01.19 12:06:44;0.88883;;-3.21;70.46;
2024.01.16 20:00:23;Buy;0.08;AUDCAD;0.88814;;;2024.01.19 12:06:43;0.88883;;-2.01;4.10;
2024.01.16 04:00:06;Buy;0.04;AUDCAD;0.89252;;;2024.01.19 12:06:42;0.88882;;-1.00;-10.99;
2024.01.19 02:00:47;Sell;0.02;GBPUSD;1.27099;;;2024.01.19 09:00:56;1.26808;;;5.82;
2024.01.16 10:00:36;Buy;0.02;GBPUSD;1.26716;;;2024.01.16 15:43:21;1.26659;;;-1.14;
2024.01.16 12:00:27;Buy;0.04;GBPUSD;1.26414;;;2024.01.16 15:42:21;1.26682;;;10.72;
2024.01.12 04:30:27;Sell;0.02;NZDCAD;0.83659;;;2024.01.15 09:45:12;0.83285;;-0.07;5.58;
2024.01.12 17:01:09;Sell;0.04;NZDCAD;0.83712;;;2024.01.15 09:01:57;0.83364;;-0.14;10.39;
2024.01.08 21:00:58;Sell;0.02;NZDCAD;0.83427;;;2024.01.15 09:01:55;0.83364;;-0.48;0.94;
2024.01.05 21:45:57;Buy;0.02;NZDCAD;0.83518;;;2024.01.12 04:30:07;0.83666;;-0.41;2.21;
2024.01.11 16:00:45;Buy;0.02;AUDCAD;0.89346;;;2024.01.12 03:38:50;0.89689;;-0.10;5.12;
2024.01.11 06:00:17;Sell;0.02;AUDCAD;0.89812;;;2024.01.11 15:31:08;0.89481;;;4.95;
2024.01.05 21:45:58;Buy;0.02;NZDCAD;0.83518;;;2024.01.08 20:04:08;0.83415;;-0.06;-1.54;
2024.01.05 19:49:21;Buy;0.02;EURGBP;0.86040;;;2024.01.05 21:45:37;0.86005;;;-0.89;
2024.01.05 19:49:20;Buy;0.02;AUDCAD;0.89617;;;2024.01.05 21:45:37;0.89751;;;2.01;
2024.01.05 19:49:21;Buy;0.02;AUDCAD;0.89617;;;2024.01.05 21:45:36;0.89751;;;2.01;
2024.01.05 19:49:21;Sell;0.02;NZDCAD;0.83346;;;2024.01.05 21:45:35;0.83517;;;-2.56;
2023.12.18 14:00:11;Buy;1.10;USDCAD;1.33626;;;2023.12.18 17:31:20;1.33857;;;189.83;
2023.12.15 05:00:22;Buy;0.42;USDCAD;1.33919;;;2023.12.18 17:31:20;1.33865;;-1.46;-16.94;
2023.12.14 16:00:28;Buy;0.16;USDCAD;1.34295;;;2023.12.18 17:31:20;1.33865;;-1.11;-51.40;
2023.12.14 05:00:33;Buy;0.06;USDCAD;1.34639;;;2023.12.18 17:31:19;1.33866;;-0.42;-34.65;
2023.12.13 22:00:36;Buy;0.02;USDCAD;1.35069;;;2023.12.18 17:31:19;1.33866;;-0.35;-17.97;
2023.12.14 11:00:27;Sell;0.04;AUDNZD;1.08068;;;2023.12.18 03:05:00;1.07701;;-0.12;9.15;
2023.12.14 01:00:25;Sell;0.02;AUDNZD;1.07705;;;2023.12.18 03:04:59;1.07700;;-0.06;0.07;
2023.12.14 11:00:45;Buy;0.04;NZDCAD;0.83405;;;2023.12.18 03:03:44;0.83325;;-0.22;-2.39;
2023.12.15 09:01:26;Buy;0.08;NZDCAD;0.83009;;;2023.12.18 03:03:28;0.83322;;-0.23;18.71;
2023.12.13 11:00:06;Sell;0.06;AUDNZD;1.07647;;;2023.12.18 03:02:39;1.07735;;-0.41;-3.29;
2023.12.14 11:00:27;Sell;0.12;AUDNZD;1.08070;;;2023.12.18 03:02:29;1.07732;;-0.34;25.25;
2023.12.13 17:00:36;Sell;0.02;EURGBP;0.86217;;;2023.12.15 11:41:12;0.85854;;-0.33;9.27;
2023.12.14 20:00:29;Sell;0.32;GBPUSD;1.27811;;;2023.12.15 02:51:31;1.27483;;-0.34;104.96;
2023.12.14 17:00:33;Sell;0.16;GBPUSD;1.27450;;;2023.12.15 02:51:31;1.27482;;-0.17;-5.12;
2023.12.14 15:00:25;Sell;0.08;GBPUSD;1.27124;;;2023.12.15 02:51:30;1.27482;;-0.08;-28.64;
2023.12.14 12:00:20;Sell;0.04;GBPUSD;1.26670;;;2023.12.15 02:51:29;1.27482;;-0.04;-32.48;
2023.12.13 23:00:19;Sell;0.02;GBPUSD;1.26278;;;2023.12.15 02:51:28;1.27481;;-0.08;-24.06;
2023.12.14 04:00:05;Sell;0.02;AUDCAD;0.90400;;;2023.12.14 15:20:58;0.90007;;;5.85;
2023.12.14 04:00:07;Sell;0.04;AUDCAD;0.90398;;;2023.12.14 15:15:16;0.90037;;;10.75;
2023.12.13 18:00:18;Sell;0.04;NZDCAD;0.83114;;;2023.12.14 10:59:25;0.83407;;-0.41;-8.71;
2023.12.13 23:00:29;Sell;0.08;NZDCAD;0.83771;;;2023.12.14 10:59:15;0.83408;;-0.82;21.57;
2023.12.13 04:00:12;Buy;0.04;NZDCAD;0.83159;;;2023.12.13 17:43:44;0.83115;;;-1.30;
2023.12.13 15:00:26;Buy;0.08;NZDCAD;0.82815;;;2023.12.13 17:43:27;0.83113;;;17.56;
2023.12.12 17:00:52;Buy;0.02;GBPUSD;1.25233;;;2023.12.12 17:28:24;1.25544;;;6.22;
2023.11.24 18:00:06;Buy;0.04;EURGBP;0.86739;;;2023.12.12 11:02:16;0.85964;;-3.53;-38.89;
2023.11.21 20:00:14;Buy;0.02;EURGBP;0.87048;;;2023.12.12 11:02:15;0.85964;;-2.32;-27.19;
2023.11.30 18:00:16;Buy;0.16;EURGBP;0.86180;;;2023.12.12 11:01:55;0.85964;;-8.83;-43.35;
2023.11.29 10:00:42;Buy;0.08;EURGBP;0.86502;;;2023.12.12 11:01:53;0.85963;;-5.77;-54.09;
2023.12.01 21:00:12;Buy;0.64;EURGBP;0.85670;;;2023.12.12 11:01:33;0.85964;;-31.76;236.01;
2023.12.01 17:01:10;Buy;0.32;EURGBP;0.85921;;;2023.12.12 11:01:33;0.85964;;-15.89;17.26;
2023.12.11 04:00:35;Buy;0.08;NZDCAD;0.83119;;;2023.12.12 07:26:23;0.83408;;-0.23;17.06;
2023.12.08 15:00:50;Buy;0.04;NZDCAD;0.83449;;;2023.12.12 07:26:23;0.83408;;-0.22;-1.21;
2023.12.08 17:01:30;Buy;0.02;GBPCAD;1.70170;;;2023.12.11 12:05:01;1.70721;;-0.18;8.11;
2023.12.07 21:00:26;Sell;0.04;AUDCAD;0.89747;;;2023.12.08 15:34:17;0.89363;;-0.13;11.30;
2023.12.07 21:00:28;Sell;0.02;AUDCAD;0.89747;;;2023.12.08 15:33:35;0.89358;;-0.06;5.73;
2023.12.07 19:00:41;Sell;0.08;NZDCAD;0.83870;;;2023.12.08 10:12:38;0.83589;;-0.27;16.54;
2023.12.06 10:27:14;Sell;0.04;NZDCAD;0.83636;;;2023.12.08 10:12:37;0.83588;;-0.55;1.41;
2023.12.07 05:00:17;Buy;0.04;AUDCAD;0.88869;;;2023.12.07 15:23:46;0.89347;;;14.05;
2023.12.05 19:47:20;Buy;0.02;AUDCAD;0.89031;;;2023.12.07 15:23:44;0.89345;;-0.40;4.61;
2023.12.06 20:00:14;Buy;0.06;AUDNZD;1.06649;;;2023.12.07 15:14:25;1.07017;;-1.02;13.54;
2023.12.06 10:27:14;Buy;0.02;AUDNZD;1.06812;;;2023.12.07 15:09:32;1.06991;;-0.34;2.20;
2023.12.06 21:00:24;Buy;0.04;AUDNZD;1.06626;;;2023.12.07 15:09:03;1.06991;;-0.68;8.96;
2023.12.07 05:00:09;Buy;0.08;AUDCAD;0.88868;;;2023.12.07 11:42:55;0.89270;;;23.66;
2023.12.05 19:47:19;Buy;0.04;AUDCAD;0.89032;;;2023.12.07 11:42:55;0.89270;;-0.80;7.00;
2023.12.01 20:00:36;Sell;0.04;NZDCAD;0.83652;;;2023.12.06 10:27:10;0.83668;;-0.42;-0.47;
2023.12.01 20:00:35;Sell;0.02;GBPUSD;1.26928;;;2023.12.06 10:27:10;1.26057;;-0.06;17.42;
2023.12.01 19:00:39;Buy;0.06;USDCAD;1.34973;;;2023.12.06 10:27:09;1.35605;;-0.63;27.96;
2023.12.01 11:00:11;Buy;0.02;USDCAD;1.35278;;;2023.12.06 10:27:09;1.35602;;-0.21;4.78;
2023.12.01 22:00:25;Sell;0.04;AUDCAD;0.90004;;;2023.12.05 19:47:19;0.89032;;-0.26;28.64;
2023.12.01 22:00:25;Sell;0.02;AUDCAD;0.90004;;;2023.12.05 19:47:19;0.89032;;-0.12;14.31;
2023.12.01 02:00:08;Buy;0.02;GBPCAD;1.71255;;;2023.12.01 20:14:43;1.71696;;;6.53;
2023.12.01 17:01:12;Buy;0.08;NZDCAD;0.83365;;;2023.12.01 18:14:21;0.83595;;;13.62;
2023.11.30 13:00:16;Buy;0.04;NZDCAD;0.83654;;;2023.12.01 18:14:21;0.83594;;-0.11;-1.77;
2023.12.01 03:00:09;Buy;0.12;AUDNZD;1.07167;;;2023.12.01 16:58:38;1.07485;;;23.49;
2023.11.29 04:00:11;Buy;0.06;AUDNZD;1.07518;;;2023.12.01 16:58:38;1.07488;;-1.38;-1.10;
2023.11.30 16:00:55;Buy;0.02;GBPUSD;1.26159;;;2023.11.30 18:01:24;1.26613;;;9.08;
2023.11.29 02:00:17;Sell;0.02;GBPCAD;1.72445;;;2023.11.30 12:18:52;1.72041;;-0.08;5.93;
2023.11.29 13:00:19;Buy;0.04;NZDCAD;0.83545;;;2023.11.30 04:47:14;0.83894;;-0.34;10.27;
2023.11.28 19:00:10;Buy;0.06;USDCAD;1.35651;;;2023.11.29 16:16:11;1.35997;;-0.21;15.27;
2023.11.24 17:00:26;Buy;0.02;USDCAD;1.36072;;;2023.11.29 16:16:01;1.35988;;-0.21;-1.24;
2023.11.28 19:00:09;Sell;0.16;AUDCAD;0.90374;;;2023.11.29 13:50:08;0.89793;;-0.51;68.48;
2023.11.20 21:00:28;Sell;0.08;AUDCAD;0.89990;;;2023.11.29 13:50:08;0.89793;;-2.24;11.61;
2023.11.20 05:00:18;Sell;0.04;AUDCAD;0.89633;;;2023.11.29 13:50:07;0.89793;;-1.11;-4.71;
2023.11.17 13:00:11;Sell;0.02;AUDCAD;0.89358;;;2023.11.29 13:50:07;0.89793;;-0.61;-6.41;
2023.11.28 18:00:20;Sell;0.04;NZDCAD;0.83292;;;2023.11.29 11:32:02;0.83520;;-0.14;-6.72;
2023.11.29 04:00:19;Sell;0.08;NZDCAD;0.83864;;;2023.11.29 11:31:59;0.83520;;;20.27;
2023.11.29 07:00:04;Buy;0.04;AUDNZD;1.07298;;;2023.11.29 11:08:18;1.07656;;;8.82;
2023.11.29 04:00:12;Buy;0.02;AUDNZD;1.07518;;;2023.11.29 11:08:17;1.07656;;;1.70;
2023.11.27 11:00:17;Sell;0.04;AUDCAD;0.89995;;;2023.11.29 07:27:13;0.90001;;-0.25;-0.18;
2023.11.28 19:00:08;Sell;0.08;AUDCAD;0.90374;;;2023.11.29 07:26:55;0.90009;;-0.25;21.55;
2023.11.28 19:00:11;Sell;0.04;GBPUSD;1.27112;;;2023.11.28 20:03:13;1.26895;;;8.68;
2023.11.28 18:00:19;Sell;0.02;GBPUSD;1.26816;;;2023.11.28 20:03:13;1.26892;;;-1.52;
2023.11.28 10:00:32;Buy;0.04;NZDCAD;0.82848;;;2023.11.28 17:40:23;0.83219;;;10.92;
2023.11.24 18:00:06;Sell;0.04;GBPUSD;1.26125;;;2023.11.27 17:06:45;1.26126;;-0.04;-0.04;
2023.11.24 15:00:20;Sell;0.02;GBPUSD;1.25720;;;2023.11.27 17:06:45;1.26128;;-0.02;-8.16;
2023.11.27 15:00:06;Sell;0.08;GBPUSD;1.26379;;;2023.11.27 17:06:27;1.26108;;;21.68;
2023.11.24 17:00:26;Buy;0.04;NZDCAD;0.82734;;;2023.11.27 11:10:39;0.83062;;-0.11;9.61;
2023.11.23 01:00:31;Buy;0.04;AUDCAD;0.89619;;;2023.11.27 10:46:57;0.89995;;-0.40;11.03;
2023.11.22 08:00:12;Buy;0.04;NZDCAD;0.82740;;;2023.11.24 14:14:18;0.83069;;-0.44;9.62;
2023.11.20 17:00:24;Sell;0.02;GBPCAD;1.71637;;;2023.11.22 17:49:31;1.71239;;-0.05;5.79;
2023.11.20 21:00:27;Sell;0.12;AUDCAD;0.89991;;;2023.11.22 10:29:18;0.89572;;-0.74;36.65;
2023.11.20 05:00:18;Sell;0.08;AUDCAD;0.89633;;;2023.11.22 10:29:18;0.89572;;-0.50;3.55;
2023.11.17 13:00:10;Sell;0.04;AUDCAD;0.89358;;;2023.11.22 10:29:18;0.89572;;-0.36;-6.24;
2023.11.21 11:00:12;Sell;0.20;NZDCAD;0.83366;;;2023.11.21 20:02:37;0.82885;;;70.24;
2023.11.21 03:00:18;Sell;0.12;NZDCAD;0.82903;;;2023.11.21 20:02:37;0.82885;;;1.58;
2023.11.20 07:00:13;Sell;0.08;NZDCAD;0.82577;;;2023.11.21 20:02:37;0.82885;;-0.26;-17.99;
2023.11.20 02:00:08;Sell;0.04;NZDCAD;0.82235;;;2023.11.21 20:02:36;0.82885;;-0.13;-18.99;
2023.11.16 10:00:27;Sell;0.04;EURGBP;0.87583;;;2023.11.21 12:40:45;0.87277;;-0.51;15.36;
2023.11.15 16:00:15;Sell;0.02;EURGBP;0.87261;;;2023.11.21 12:40:45;0.87277;;-0.49;-0.40;
2023.11.20 12:00:17;Sell;0.08;GBPUSD;1.25049;;;2023.11.20 12:15:58;1.24838;;;16.88;
2023.11.20 05:00:06;Sell;0.04;GBPUSD;1.24825;;;2023.11.20 12:15:58;1.24837;;;-0.48;
2023.11.17 21:00:16;Sell;0.02;GBPUSD;1.24556;;;2023.11.20 12:15:58;1.24837;;-0.02;-5.62;
2023.11.17 13:00:12;Sell;0.04;NZDCAD;0.82262;;;2023.11.17 15:45:45;0.81976;;;8.33;
2023.11.16 19:00:10;Sell;0.02;USDCAD;1.37734;;;2023.11.17 15:08:07;1.37146;;-0.13;8.57;
2023.11.17 04:00:16;Buy;0.04;NZDCAD;0.81908;;;2023.11.17 12:24:09;0.82240;;;9.68;
2023.11.16 19:00:10;Sell;0.02;GBPCAD;1.71070;;;2023.11.17 04:24:43;1.70681;;-0.02;5.66;
2023.11.16 16:00:19;Sell;0.04;NZDCAD;0.82412;;;2023.11.16 23:04:47;0.82116;;;8.60;
2023.11.16 05:00:25;Buy;0.02;GBPUSD;1.23835;;;2023.11.16 15:32:39;1.24097;;;5.24;
2023.11.16 05:00:25;Buy;0.08;NZDCAD;0.81931;;;2023.11.16 15:32:38;0.82169;;;13.88;
2023.11.15 17:00:13;Buy;0.04;NZDCAD;0.82297;;;2023.11.16 15:32:37;0.82169;;-0.33;-3.74;
2023.11.16 05:00:24;Buy;0.02;GBPCAD;1.69756;;;2023.11.16 15:30:53;1.70202;;;6.50;
2023.11.14 19:00:25;Buy;0.02;USDCAD;1.37143;;;2023.11.16 14:08:12;1.37174;;-0.28;0.45;
2023.11.15 06:00:23;Buy;0.06;USDCAD;1.36849;;;2023.11.16 14:08:01;1.37165;;-0.64;13.82;
2023.11.15 13:00:15;Sell;0.04;AUDCAD;0.89208;;;2023.11.16 03:51:42;0.88752;;-0.37;13.32;
2023.11.14 17:00:16;Sell;0.02;AUDCAD;0.88924;;;2023.11.16 03:51:42;0.88752;;-0.24;2.51;
2023.11.15 13:00:14;Sell;0.08;AUDCAD;0.89208;;;2023.11.15 16:57:54;0.88836;;;21.73;
2023.11.14 17:00:15;Sell;0.04;AUDCAD;0.88927;;;2023.11.15 16:57:53;0.88836;;-0.12;2.66;
2023.11.15 11:00:25;Sell;0.12;NZDCAD;0.82646;;;2023.11.15 16:44:45;0.82307;;;29.74;
2023.11.14 22:00:25;Sell;0.08;NZDCAD;0.82293;;;2023.11.15 16:44:45;0.82307;;-0.27;-0.82;
2023.11.14 18:00:12;Sell;0.04;NZDCAD;0.81987;;;2023.11.15 16:44:44;0.82307;;-0.13;-9.36;
2023.11.14 20:00:11;Sell;0.16;GBPUSD;1.24922;;;2023.11.15 15:32:44;1.24541;;-0.18;60.96;
2023.11.14 18:00:12;Sell;0.08;GBPUSD;1.24562;;;2023.11.15 15:32:43;1.24541;;-0.09;1.68;
2023.11.14 16:00:36;Sell;0.04;GBPUSD;1.24067;;;2023.11.15 15:32:43;1.24540;;-0.04;-18.92;
2023.11.14 10:00:10;Sell;0.02;GBPUSD;1.22948;;;2023.11.15 15:32:42;1.24542;;-0.02;-31.88;
2023.11.14 17:00:17;Sell;0.04;GBPCAD;1.71156;;;2023.11.15 14:45:39;1.70462;;-0.05;20.29;
2023.11.14 10:00:16;Sell;0.02;GBPCAD;1.69798;;;2023.11.15 14:45:38;1.70464;;-0.03;-9.74;
2023.11.10 02:00:22;Sell;0.02;EURGBP;0.87312;;;2023.11.14 17:18:06;0.86936;;-0.16;9.37;
2023.11.09 22:00:11;Buy;0.04;NZDCAD;0.81556;;;2023.11.14 15:32:18;0.81549;;-0.33;-0.20;
2023.11.13 17:00:14;Buy;0.08;NZDCAD;0.81178;;;2023.11.14 15:31:01;0.81451;;-0.22;15.85;
2023.11.09 12:00:10;Buy;0.02;AUDNZD;1.07995;;;2023.11.13 23:20:47;1.08483;;-0.22;5.74;
2023.11.09 12:00:10;Buy;0.12;AUDNZD;1.07995;;;2023.11.13 11:04:54;1.08338;;-1.34;24.22;
2023.11.07 16:00:36;Buy;0.06;AUDNZD;1.08377;;;2023.11.13 11:04:54;1.08338;;-2.01;-1.38;
2023.11.10 14:00:15;Buy;0.02;GBPUSD;1.22087;;;2023.11.13 08:47:20;1.22381;;-0.18;5.88;
2023.11.03 19:00:27;Sell;0.02;GBPCAD;1.69143;;;2023.11.09 21:17:36;1.68757;;-0.13;5.60;
2023.11.08 23:00:54;Buy;0.04;NZDCAD;0.81580;;;2023.11.09 16:41:54;0.81883;;-0.33;8.80;
2023.11.08 18:00:26;Sell;0.16;USDCAD;1.37990;;;2023.11.09 15:49:33;1.37736;;-3.12;29.51;
2023.11.07 19:00:06;Sell;0.06;USDCAD;1.37706;;;2023.11.09 15:49:32;1.37737;;-1.56;-1.35;
2023.11.07 09:00:07;Sell;0.02;USDCAD;1.37309;;;2023.11.09 15:49:32;1.37735;;-0.52;-6.19;
2023.11.03 19:00:26;Buy;0.04;EURGBP;0.86768;;;2023.11.08 11:00:30;0.87068;;-0.66;14.71;
2023.10.31 19:00:35;Buy;0.02;EURGBP;0.87111;;;2023.11.08 11:00:30;0.87068;;-0.87;-1.05;
2023.11.07 07:00:16;Buy;0.04;NZDCAD;0.81425;;;2023.11.08 05:48:46;0.81744;;-0.11;9.27;
2023.11.07 16:00:36;Buy;0.02;AUDCAD;0.88254;;;2023.11.08 04:18:45;0.88703;;-0.10;6.53;
2023.11.07 10:00:13;Buy;0.04;AUDCAD;0.88252;;;2023.11.08 04:13:30;0.88624;;-0.20;10.81;
2023.11.07 20:00:28;Buy;0.08;GBPUSD;1.22704;;;2023.11.07 20:59:00;1.22984;;;22.40;
2023.11.07 12:00:18;Buy;0.04;GBPUSD;1.23024;;;2023.11.07 20:58:59;1.22984;;;-1.60;
2023.11.07 07:00:16;Buy;0.02;GBPUSD;1.23301;;;2023.11.07 20:58:59;1.22984;;;-6.34;
2023.11.01 17:00:41;Sell;0.04;AUDCAD;0.88312;;;2023.11.07 15:01:26;0.88192;;-0.66;3.49;
2023.10.27 17:01:15;Sell;0.02;AUDCAD;0.87976;;;2023.11.07 15:01:26;0.88192;;-0.51;-3.14;
2023.11.02 02:00:06;Sell;0.08;AUDCAD;0.88706;;;2023.11.07 15:01:20;0.88192;;-0.68;29.91;
2023.10.27 17:01:25;Sell;0.04;AUDCAD;0.87993;;;2023.11.07 07:26:16;0.88300;;-0.99;-8.95;
2023.11.02 02:00:05;Sell;0.12;AUDCAD;0.88704;;;2023.11.07 07:26:04;0.88301;;-1.02;35.23;
2023.11.01 17:00:57;Sell;0.08;AUDCAD;0.88327;;;2023.11.07 07:26:04;0.88301;;-1.35;1.51;
2023.11.06 11:00:38;Sell;0.08;GBPUSD;1.24139;;;2023.11.06 17:11:43;1.23802;;;26.96;
2023.11.03 19:00:27;Sell;0.04;GBPUSD;1.23717;;;2023.11.06 17:11:43;1.23802;;-0.05;-3.40;
2023.11.03 17:00:36;Sell;0.02;GBPUSD;1.23399;;;2023.11.06 17:11:42;1.23801;;-0.02;-8.04;
2023.11.06 11:00:39;Buy;0.16;USDCAD;1.36361;;;2023.11.06 16:34:23;1.36676;;;36.88;
2023.11.03 17:00:35;Buy;0.06;USDCAD;1.36719;;;2023.11.06 16:34:23;1.36676;;-0.22;-1.89;
2023.11.02 21:00:06;Buy;0.02;USDCAD;1.37529;;;2023.11.06 16:34:22;1.36676;;-0.14;-12.48;
2023.11.03 18:00:16;Sell;0.08;NZDCAD;0.81897;;;2023.11.06 12:54:07;0.81570;;-0.26;19.17;
2023.11.03 15:00:10;Sell;0.04;NZDCAD;0.81367;;;2023.11.06 12:54:06;0.81571;;-0.13;-5.98;
2023.11.02 20:00:11;Buy;0.04;NZDCAD;0.81066;;;2023.11.03 12:48:39;0.81362;;-0.11;8.62;
2023.11.02 01:00:13;Sell;0.06;AUDNZD;1.09330;;;2023.11.03 11:27:18;1.08967;;-0.07;12.87;
2023.11.02 13:00:18;Sell;0.12;NZDCAD;0.81520;;;2023.11.02 17:06:40;0.81173;;;30.22;
2023.11.02 02:00:06;Sell;0.08;NZDCAD;0.81174;;;2023.11.02 17:06:40;0.81168;;;0.35;
2023.11.01 12:00:12;Sell;0.04;NZDCAD;0.80768;;;2023.11.02 17:06:39;0.81167;;-0.38;-11.58;
2023.11.02 04:00:11;Sell;0.02;GBPUSD;1.21928;;;2023.11.02 11:03:22;1.21619;;;6.18;
2023.11.01 21:00:37;Buy;0.02;GBPUSD;1.21311;;;2023.11.01 22:12:10;1.21445;;;2.68;
2023.11.01 03:00:17;Sell;0.02;GBPCAD;1.68609;;;2023.11.01 15:54:04;1.68218;;;5.64;
2023.10.26 16:00:34;Sell;0.04;NZDCAD;0.80341;;;2023.11.01 01:06:07;0.80448;;-0.52;-3.09;
2023.10.27 18:00:19;Sell;0.08;NZDCAD;0.80711;;;2023.11.01 01:06:01;0.80442;;-0.78;15.51;
2023.10.19 13:00:08;Sell;0.04;EURGBP;0.87099;;;2023.10.31 18:59:05;0.87123;;-1.61;-1.16;
2023.10.30 17:00:20;Sell;0.08;EURGBP;0.87398;;;2023.10.31 18:58:55;0.87123;;-0.33;26.70;
2023.10.17 14:00:08;Sell;0.02;EURGBP;0.86803;;;2023.10.31 18:58:38;0.87123;;-1.12;-7.76;
2023.10.31 14:00:20;Sell;0.02;GBPUSD;1.21973;;;2023.10.31 15:34:52;1.21667;;;6.12;
2023.10.27 17:01:16;Sell;0.02;GBPCAD;1.68120;;;2023.10.30 05:00:06;1.67798;;-0.02;4.65;
2023.10.27 19:00:22;Sell;0.02;GBPUSD;1.21508;;;2023.10.27 20:13:28;1.21197;;;6.22;
2023.10.26 20:00:19;Sell;0.16;USDCAD;1.38410;;;2023.10.26 21:54:59;1.38145;;;30.69;
2023.10.26 04:00:19;Sell;0.06;USDCAD;1.38097;;;2023.10.26 21:54:58;1.38145;;;-2.08;
2023.10.25 13:00:06;Sell;0.02;USDCAD;1.37767;;;2023.10.26 21:54:57;1.38144;;-0.39;-5.46;
2023.10.24 18:00:20;Buy;0.02;GBPUSD;1.21771;;;2023.10.26 15:55:34;1.21150;;-0.71;-12.42;
2023.10.26 04:00:18;Buy;0.16;GBPUSD;1.20921;;;2023.10.26 15:55:23;1.21149;;;36.48;
2023.10.25 22:00:13;Buy;0.08;GBPUSD;1.21166;;;2023.10.26 15:55:22;1.21147;;-2.11;-1.52;
2023.10.25 11:00:07;Buy;0.04;GBPUSD;1.21419;;;2023.10.26 15:55:21;1.21148;;-1.06;-10.84;
2023.10.25 14:00:19;Buy;0.04;NZDCAD;0.80198;;;2023.10.26 13:11:51;0.80144;;-0.32;-1.57;
2023.10.26 04:00:19;Buy;0.08;NZDCAD;0.79871;;;2023.10.26 13:11:36;0.80141;;;15.65;
2023.10.25 06:00:06;Sell;0.96;AUDNZD;1.09137;;;2023.10.25 20:04:55;1.08652;;;270.55;
2023.10.24 08:00:27;Sell;0.48;AUDNZD;1.08549;;;2023.10.25 20:04:54;1.08652;;-0.44;-28.73;
2023.10.18 23:00:14;Sell;0.24;AUDNZD;1.08206;;;2023.10.25 20:04:54;1.08653;;-1.49;-62.34;
2023.10.17 13:00:19;Sell;0.12;AUDNZD;1.07892;;;2023.10.25 20:04:53;1.08652;;-0.87;-52.99;
2023.10.17 04:00:14;Sell;0.06;AUDNZD;1.07550;;;2023.10.25 20:04:53;1.08652;;-0.42;-38.42;
2023.10.24 12:00:10;Sell;0.02;AUDCAD;0.87127;;;2023.10.25 12:45:55;0.87268;;-0.05;-2.05;
2023.10.25 05:00:08;Sell;0.08;AUDCAD;0.87812;;;2023.10.25 12:45:35;0.87278;;;31.01;
2023.10.25 03:00:13;Sell;0.04;AUDCAD;0.87396;;;2023.10.25 12:45:34;0.87279;;;3.39;
2023.10.18 05:00:42;Sell;0.16;AUDNZD;1.08044;;;2023.10.25 12:09:26;1.08697;;-1.00;-61.02;
2023.10.17 11:00:20;Sell;0.08;AUDNZD;1.07832;;;2023.10.25 12:09:26;1.08697;;-0.56;-40.42;
2023.10.17 05:00:18;Sell;0.04;AUDNZD;1.07600;;;2023.10.25 12:09:25;1.08697;;-0.31;-25.63;
2023.10.17 02:00:03;Sell;0.02;AUDNZD;1.07362;;;2023.10.25 12:09:24;1.08697;;-0.15;-15.59;
2023.10.19 12:00:13;Sell;0.32;AUDNZD;1.08313;;;2023.10.25 12:09:21;1.08697;;-1.15;-71.76;
2023.10.24 08:00:28;Sell;0.64;AUDNZD;1.08549;;;2023.10.25 12:09:18;1.08697;;-0.59;-55.31;
2023.10.25 04:00:37;Sell;2.56;AUDNZD;1.09034;;;2023.10.25 12:09:17;1.08697;;;503.79;
2023.10.24 15:00:12;Sell;1.28;AUDNZD;1.08775;;;2023.10.25 12:09:15;1.08697;;-1.19;58.30;
2023.10.25 05:00:08;Sell;0.12;AUDCAD;0.87812;;;2023.10.25 12:05:43;0.87397;;;36.18;
2023.10.25 03:00:13;Sell;0.08;AUDCAD;0.87396;;;2023.10.25 12:05:42;0.87397;;;-0.06;
2023.10.24 12:00:10;Sell;0.04;AUDCAD;0.87127;;;2023.10.25 12:05:41;0.87398;;-0.10;-7.88;
2023.10.19 05:00:13;Buy;0.32;NZDCAD;0.80122;;;2023.10.25 03:31:49;0.80408;;-3.43;66.60;
2023.10.12 06:00:03;Buy;0.04;NZDCAD;0.81700;;;2023.10.25 03:31:48;0.80408;;-1.20;-37.61;
2023.10.20 16:00:33;Buy;0.48;NZDCAD;0.79719;;;2023.10.25 03:31:43;0.80383;;-3.87;231.96;
2023.10.13 18:00:37;Buy;0.20;NZDCAD;0.80524;;;2023.10.25 03:31:28;0.80390;;-5.38;-19.51;
2023.10.13 06:00:13;Buy;0.12;NZDCAD;0.81011;;;2023.10.25 03:31:28;0.80390;;-3.21;-54.23;
2023.10.12 16:00:20;Buy;0.08;NZDCAD;0.81335;;;2023.10.25 03:31:27;0.80390;;-2.36;-55.02;
2023.10.23 19:00:13;Sell;0.02;GBPCAD;1.67296;;;2023.10.24 21:43:45;1.66916;;-0.02;5.54;
2023.10.24 10:00:16;Buy;0.02;USDCAD;1.36643;;;2023.10.24 16:46:06;1.37303;;;9.61;
2023.10.24 06:00:10;Sell;0.04;GBPUSD;1.22649;;;2023.10.24 13:03:24;1.22383;;;10.64;
2023.10.23 19:00:14;Sell;0.02;GBPUSD;1.22304;;;2023.10.24 13:03:24;1.22383;;-0.02;-1.58;
2023.10.20 17:00:08;Buy;0.02;AUDCAD;0.86442;;;2023.10.24 04:11:57;0.86881;;-0.20;6.42;
2023.10.20 17:00:07;Buy;0.04;AUDCAD;0.86442;;;2023.10.23 19:41:42;0.86784;;-0.21;10.00;
2023.10.19 12:00:12;Sell;0.06;USDCAD;1.37360;;;2023.10.19 18:46:22;1.37061;;;13.09;
2023.10.18 22:00:19;Sell;0.02;USDCAD;1.37075;;;2023.10.19 18:46:22;1.37061;;-0.39;0.20;
2023.10.17 16:00:29;Sell;0.02;USDCAD;1.36817;;;2023.10.17 18:59:48;1.36235;;;8.54;
2023.10.12 19:00:19;Buy;0.02;AUDCAD;0.86522;;;2023.10.17 03:35:41;0.86524;;-0.30;0.03;
2023.10.13 20:00:23;Buy;0.04;AUDCAD;0.85956;;;2023.10.17 03:35:36;0.86498;;-0.42;15.93;
2023.10.12 20:00:11;Sell;0.02;USDCAD;1.36695;;;2023.10.16 20:12:48;1.36088;;-0.26;8.92;
2023.10.10 22:00:22;Buy;0.02;EURGBP;0.86312;;;2023.10.16 11:53:12;0.86700;;-0.67;9.43;
2023.10.13 20:00:22;Buy;0.08;AUDCAD;0.85956;;;2023.10.16 09:52:26;0.86328;;-0.41;21.82;
2023.10.12 19:00:16;Buy;0.04;AUDCAD;0.86520;;;2023.10.16 09:52:25;0.86328;;-0.42;-5.63;
2023.10.13 21:00:21;Buy;0.02;GBPUSD;1.21330;;;2023.10.16 08:31:18;1.21633;;-0.18;6.06;
2023.09.29 22:00:15;Sell;0.04;GBPCAD;1.65449;;;2023.10.13 17:19:24;1.66006;;-0.70;-16.31;
2023.09.28 14:00:27;Sell;0.02;GBPCAD;1.64603;;;2023.10.13 17:19:04;1.65999;;-0.36;-20.44;
2023.10.04 16:00:19;Sell;0.08;GBPCAD;1.66941;;;2023.10.13 17:18:11;1.66022;;-1.09;53.80;
2023.10.12 22:00:22;Buy;0.08;GBPUSD;1.21741;;;2023.10.13 05:07:29;1.21991;;-0.72;20.00;
2023.10.12 20:00:11;Buy;0.04;GBPUSD;1.22013;;;2023.10.13 05:07:29;1.21990;;-0.36;-0.92;
2023.10.12 17:00:52;Buy;0.02;GBPUSD;1.22357;;;2023.10.13 05:07:28;1.21989;;-0.18;-7.36;
2023.10.09 04:00:19;Buy;0.02;USDCAD;1.36423;;;2023.10.12 16:53:39;1.36360;;-0.35;-0.92;
2023.10.09 21:00:04;Buy;0.06;USDCAD;1.36010;;;2023.10.12 16:53:15;1.36350;;-1.06;14.96;
2023.10.11 02:00:09;Sell;0.02;AUDCAD;0.87347;;;2023.10.12 15:30:53;0.86888;;-0.16;6.75;
2023.10.11 02:00:09;Sell;0.04;AUDCAD;0.87347;;;2023.10.11 20:40:04;0.87015;;;9.75;
2023.10.11 17:00:21;Sell;0.02;GBPUSD;1.23284;;;2023.10.11 18:11:43;1.23000;;;5.68;
2023.10.11 04:00:21;Sell;0.08;NZDCAD;0.82128;;;2023.10.11 07:47:54;0.81861;;;15.71;
2023.10.09 17:00:09;Sell;0.04;NZDCAD;0.81786;;;2023.10.11 07:47:53;0.81861;;-0.28;-2.21;
2023.10.10 12:00:14;Sell;0.02;GBPUSD;1.22700;;;2023.10.10 14:44:22;1.22411;;;5.78;
2023.10.06 19:00:11;Sell;0.12;NZDCAD;0.81851;;;2023.10.09 07:39:23;0.81509;;-0.40;30.04;
2023.10.05 04:00:23;Sell;0.08;NZDCAD;0.81482;;;2023.10.09 07:39:23;0.81509;;-0.54;-1.58;
2023.10.04 17:01:25;Sell;0.04;NZDCAD;0.81167;;;2023.10.09 07:39:23;0.81509;;-0.66;-10.01;
2023.10.06 18:00:05;Sell;0.02;GBPUSD;1.21878;;;2023.10.09 01:00:40;1.22071;;-0.02;-3.86;
2023.10.06 19:00:11;Sell;0.04;GBPUSD;1.22532;;;2023.10.09 01:00:13;1.22077;;-0.04;18.20;
2023.10.06 16:00:44;Buy;0.02;GBPUSD;1.21251;;;2023.10.06 16:16:49;1.21568;;;6.34;
2023.10.06 11:00:10;Sell;0.02;GBPUSD;1.22033;;;2023.10.06 15:34:10;1.21360;;;13.46;
2023.10.04 11:00:12;Sell;0.06;AUDNZD;1.07187;;;2023.10.05 12:50:28;1.06828;;-0.15;12.78;
2023.10.04 16:00:20;Sell;0.02;GBPUSD;1.21694;;;2023.10.04 17:01:32;1.21450;;;4.88;
2023.10.04 05:00:18;Buy;0.04;NZDCAD;0.80636;;;2023.10.04 14:12:44;0.80960;;;9.46;
2023.10.03 14:00:06;Sell;0.02;EURGBP;0.86881;;;2023.10.04 12:47:28;0.86512;;-0.07;8.96;
2023.10.04 04:00:19;Buy;0.04;AUDNZD;1.06665;;;2023.10.04 04:03:01;1.06914;;;5.87;
2023.10.04 04:00:18;Sell;0.04;NZDCAD;0.81068;;;2023.10.04 04:02:54;0.80810;;;7.52;
2023.10.03 08:00:15;Buy;0.02;AUDNZD;1.06887;;;2023.10.04 04:02:53;1.06962;;-0.12;0.88;
2023.10.04 04:00:18;Buy;0.12;AUDNZD;1.06664;;;2023.10.04 04:02:18;1.06910;;;17.41;
2023.10.03 08:00:15;Buy;0.06;AUDNZD;1.06887;;;2023.10.04 04:02:17;1.06911;;-0.36;0.85;
2023.10.03 14:00:06;Sell;0.16;USDCAD;1.37213;;;2023.10.03 15:46:27;1.36967;;;28.74;
2023.10.03 05:00:15;Sell;0.06;USDCAD;1.36910;;;2023.10.03 15:46:26;1.36967;;;-2.50;
2023.10.02 18:00:25;Sell;0.02;USDCAD;1.36648;;;2023.10.03 15:46:25;1.36965;;-0.13;-4.63;
2023.09.29 18:01:01;Sell;0.12;NZDCAD;0.81217;;;2023.10.03 14:12:09;0.80852;;-0.81;31.91;
2023.09.29 05:00:13;Sell;0.08;NZDCAD;0.80808;;;2023.10.03 14:12:08;0.80852;;-0.54;-2.56;
2023.09.28 19:00:11;Sell;0.04;NZDCAD;0.80427;;;2023.10.03 14:12:08;0.80852;;-0.41;-12.38;
2023.10.03 08:00:13;Buy;0.16;GBPUSD;1.20644;;;2023.10.03 11:06:38;1.20912;;;42.88;
2023.10.02 23:00:11;Buy;0.08;GBPUSD;1.20935;;;2023.10.03 11:06:37;1.20913;;-0.70;-1.76;
2023.10.02 18:00:19;Buy;0.04;GBPUSD;1.21224;;;2023.10.03 11:06:37;1.20912;;-0.35;-12.48;
2023.10.02 16:00:13;Buy;0.02;GBPUSD;1.21518;;;2023.10.03 11:06:37;1.20912;;-0.18;-12.12;
2023.09.29 06:00:15;Sell;0.04;AUDCAD;0.87056;;;2023.10.03 07:49:30;0.86606;;-0.21;13.13;
2023.09.28 21:00:06;Sell;0.02;AUDCAD;0.86691;;;2023.10.03 07:49:30;0.86606;;-0.15;1.24;
2023.09.29 06:00:15;Sell;0.08;AUDCAD;0.87056;;;2023.10.03 07:17:52;0.86667;;-0.42;22.71;
2023.09.28 21:00:06;Sell;0.04;AUDCAD;0.86692;;;2023.10.03 07:17:51;0.86667;;-0.32;0.73;
2023.09.29 21:00:11;Buy;0.02;GBPUSD;1.21887;;;2023.10.02 10:07:11;1.22169;;-0.18;5.64;
2023.10.02 09:00:15;Sell;0.06;USDCAD;1.35958;;;2023.10.02 09:46:15;1.35660;;;13.18;
2023.09.29 21:00:11;Sell;0.02;USDCAD;1.35657;;;2023.10.02 09:46:15;1.35660;;-0.13;-0.04;
2023.09.28 15:00:13;Buy;0.02;EURGBP;0.86355;;;2023.09.29 17:19:22;0.86747;;-0.12;9.55;
2023.09.29 13:00:24;Sell;0.02;GBPUSD;1.22590;;;2023.09.29 16:39:41;1.22302;;;5.76;
2023.09.26 22:00:12;Sell;0.02;USDCAD;1.35207;;;2023.09.29 09:30:16;1.34611;;-0.65;8.86;
2023.09.27 20:00:03;Buy;0.04;AUDNZD;1.07389;;;2023.09.28 22:42:24;1.07748;;-0.71;8.56;
2023.09.25 18:00:09;Buy;0.02;AUDNZD;1.07602;;;2023.09.28 22:42:24;1.07748;;-0.60;1.74;
2023.09.28 19:00:14;Sell;0.02;GBPUSD;1.22221;;;2023.09.28 20:58:10;1.21927;;;5.88;
2023.09.28 04:00:21;Buy;0.24;AUDNZD;1.07278;;;2023.09.28 17:32:02;1.07608;;;47.14;
2023.09.25 18:00:10;Buy;0.12;AUDNZD;1.07606;;;2023.09.28 17:32:01;1.07609;;-3.58;0.22;
2023.09.22 17:00:10;Buy;0.06;AUDNZD;1.07918;;;2023.09.28 17:32:01;1.07610;;-2.15;-11.00;
2023.09.28 01:00:26;Buy;0.08;AUDCAD;0.85808;;;2023.09.28 16:35:40;0.86343;;;31.74;
2023.09.27 19:00:09;Buy;0.04;AUDCAD;0.86047;;;2023.09.28 16:35:40;0.86344;;-0.62;8.81;
2023.09.26 01:06:10;Buy;0.02;AUDCAD;0.86452;;;2023.09.28 16:35:39;0.86343;;-0.41;-1.62;
2023.09.28 14:00:15;Sell;0.04;NZDCAD;0.80427;;;2023.09.28 15:51:44;0.80131;;;8.77;
2023.09.28 01:00:26;Buy;0.12;AUDCAD;0.85808;;;2023.09.28 13:46:50;0.86233;;;37.80;
2023.09.27 19:00:09;Buy;0.08;AUDCAD;0.86047;;;2023.09.28 13:46:50;0.86232;;-1.24;10.97;
2023.09.26 01:06:10;Buy;0.04;AUDCAD;0.86452;;;2023.09.28 13:46:49;0.86230;;-0.83;-6.59;
2023.09.25 12:00:19;Buy;0.02;GBPUSD;1.22204;;;2023.09.28 11:15:30;1.21680;;-0.89;-10.48;
2023.09.27 04:00:14;Buy;0.16;GBPUSD;1.21430;;;2023.09.28 11:15:16;1.21681;;-4.22;40.16;
2023.09.26 18:00:10;Buy;0.08;GBPUSD;1.21696;;;2023.09.28 11:15:16;1.21681;;-2.82;-1.20;
2023.09.26 06:00:20;Buy;0.04;GBPUSD;1.21957;;;2023.09.28 11:15:16;1.21681;;-1.41;-11.04;
2023.09.27 21:00:15;Buy;0.04;NZDCAD;0.79913;;;2023.09.28 10:20:15;0.80230;;-0.32;9.40;
2023.09.21 21:00:26;Buy;0.32;GBPCAD;1.65659;;;2023.09.28 09:53:55;1.63588;;-19.37;-491.01;
2023.09.19 12:00:20;Buy;0.16;GBPCAD;1.66488;;;2023.09.28 09:53:54;1.63588;;-15.30;-343.78;
2023.09.14 20:00:14;Buy;0.08;GBPCAD;1.67547;;;2023.09.28 09:53:53;1.63586;;-9.74;-234.77;
2023.09.14 14:00:46;Buy;0.04;GBPCAD;1.68510;;;2023.09.28 09:53:52;1.63586;;-4.88;-145.93;
2023.09.12 12:00:08;Buy;0.02;GBPCAD;1.69323;;;2023.09.28 09:53:52;1.63587;;-3.15;-85.00;
2023.09.27 20:00:24;Buy;1.28;GBPCAD;1.63926;;;2023.09.28 09:53:45;1.63576;;-33.11;-331.92;
2023.09.22 13:00:27;Buy;0.64;GBPCAD;1.64777;;;2023.09.28 09:53:45;1.63577;;-33.16;-569.01;
2023.09.27 12:00:02;Sell;0.04;NZDCAD;0.80314;;;2023.09.27 19:10:43;0.80018;;;8.76;
2023.09.22 12:00:19;Sell;0.16;EURGBP;0.86882;;;2023.09.27 17:30:14;0.86596;;-1.64;55.58;
2023.09.21 12:00:08;Sell;0.08;EURGBP;0.86592;;;2023.09.27 17:30:12;0.86596;;-1.10;-0.39;
2023.09.19 02:00:13;Sell;0.04;EURGBP;0.86325;;;2023.09.27 17:30:12;0.86596;;-1.08;-13.16;
2023.09.13 01:00:24;Sell;0.02;EURGBP;0.86059;;;2023.09.27 17:30:11;0.86597;;-0.96;-13.07;
2023.09.22 16:00:13;Sell;0.08;NZDCAD;0.80387;;;2023.09.27 07:16:03;0.80116;;-0.81;16.03;
2023.09.21 18:00:49;Sell;0.04;NZDCAD;0.80023;;;2023.09.27 07:16:03;0.80115;;-0.55;-2.72;
2023.07.14 18:00:11;Sell;0.04;GBPCAD;1.72771;;;2023.09.22 13:23:55;1.64651;;-3.72;241.43;
2023.09.21 15:00:28;Buy;0.04;GBPUSD;1.22637;;;2023.09.21 18:07:12;1.22990;;;14.12;
2023.09.21 04:00:41;Buy;0.02;GBPUSD;1.23135;;;2023.09.21 18:07:11;1.22989;;;-2.92;
2023.09.21 08:00:06;Buy;0.04;NZDCAD;0.79665;;;2023.09.21 17:53:39;0.79980;;;9.33;
2023.09.20 14:00:18;Sell;0.04;NZDCAD;0.80064;;;2023.09.21 03:29:55;0.79778;;-0.40;8.48;
2023.09.14 18:00:28;Sell;0.06;AUDNZD;1.08926;;;2023.09.21 01:23:32;1.08526;;-0.36;14.26;
2023.09.18 17:00:44;Buy;0.02;AUDCAD;0.86818;;;2023.09.20 19:21:19;0.87246;;-0.20;6.38;
2023.09.20 10:00:39;Buy;0.02;GBPUSD;1.23544;;;2023.09.20 16:05:30;1.23833;;;5.78;
2023.09.18 17:00:45;Buy;0.04;AUDCAD;0.86819;;;2023.09.20 16:05:04;0.87153;;-0.42;9.95;
2023.09.18 16:00:19;Buy;0.08;NZDCAD;0.79660;;;2023.09.20 02:17:06;0.79965;;-0.42;18.15;
2023.09.14 16:00:36;Buy;0.04;NZDCAD;0.80069;;;2023.09.20 02:17:06;0.79965;;-0.44;-3.09;
2023.09.19 11:00:19;Buy;0.42;USDCAD;1.34598;;;2023.09.20 02:00:40;1.34475;;-1.46;-38.42;
2023.09.18 18:00:20;Buy;0.16;USDCAD;1.34915;;;2023.09.20 02:00:40;1.34475;;-1.10;-52.35;
2023.09.14 14:00:46;Buy;0.06;USDCAD;1.35186;;;2023.09.20 02:00:40;1.34475;;-0.84;-31.72;
2023.09.12 17:00:17;Buy;0.02;USDCAD;1.35568;;;2023.09.20 02:00:40;1.34475;;-0.56;-16.26;
2023.09.19 15:00:21;Buy;1.10;USDCAD;1.34244;;;2023.09.20 02:00:37;1.34472;;-3.81;186.51;
2023.09.15 08:00:18;Sell;0.02;AUDCAD;0.87341;;;2023.09.15 23:11:14;0.86927;;;6.12;
2023.09.15 08:00:19;Sell;0.04;AUDCAD;0.87341;;;2023.09.15 18:59:32;0.87010;;;9.80;
2023.09.14 19:00:39;Buy;0.02;GBPUSD;1.24096;;;2023.09.15 11:04:32;1.24388;;-0.18;5.84;
2023.09.14 21:00:24;Buy;0.02;AUDCAD;0.86890;;;2023.09.15 07:46:56;0.87325;;-0.10;6.45;
2023.09.14 21:00:24;Buy;0.04;AUDCAD;0.86890;;;2023.09.15 05:32:32;0.87236;;-0.21;10.25;
2023.09.13 06:00:24;Buy;0.02;AUDCAD;0.86878;;;2023.09.14 04:31:13;0.87217;;-0.31;5.00;
2023.09.13 06:00:23;Buy;0.04;AUDCAD;0.86879;;;2023.09.14 03:48:55;0.87216;;-0.63;9.96;
2023.09.12 17:00:15;Buy;0.04;NZDCAD;0.79968;;;2023.09.14 03:35:23;0.80281;;-0.43;9.24;
2023.09.11 06:00:26;Sell;0.04;NZDCAD;0.80484;;;2023.09.12 12:14:18;0.80195;;-0.13;8.51;
2023.09.08 20:00:18;Buy;0.04;GBPCAD;1.69863;;;2023.09.11 11:22:00;1.70439;;-0.35;16.93;
2023.09.06 17:01:16;Buy;0.02;GBPCAD;1.70673;;;2023.09.11 11:21:59;1.70439;;-0.89;-3.44;
2023.09.08 04:00:09;Sell;0.04;NZDCAD;0.80580;;;2023.09.08 19:31:26;0.80291;;;8.49;
2023.09.08 11:00:06;Sell;0.02;AUDCAD;0.87376;;;2023.09.08 19:30:36;0.86958;;;6.13;
2023.09.08 10:00:05;Sell;0.04;AUDCAD;0.87398;;;2023.09.08 18:07:34;0.87076;;;9.45;
2023.09.05 14:00:18;Buy;0.04;AUDCAD;0.86941;;;2023.09.08 08:54:27;0.87472;;-1.04;15.55;
2023.09.05 09:00:17;Buy;0.02;AUDCAD;0.87241;;;2023.09.08 08:54:27;0.87472;;-0.51;3.39;
2023.09.07 14:00:39;Buy;0.04;GBPUSD;1.24575;;;2023.09.07 18:34:32;1.24824;;;9.96;
2023.09.07 10:00:10;Buy;0.02;GBPUSD;1.24847;;;2023.09.07 18:34:31;1.24824;;;-0.46;
2023.09.05 14:00:19;Buy;0.08;NZDCAD;0.80155;;;2023.09.07 16:07:27;0.80472;;-0.84;18.56;
2023.09.05 06:00:08;Buy;0.04;NZDCAD;0.80589;;;2023.09.07 16:07:26;0.80472;;-0.43;-3.43;
2023.09.05 16:00:20;Buy;0.02;EURGBP;0.85442;;;2023.09.07 04:20:37;0.85824;;-0.49;9.55;
2023.09.05 10:00:37;Sell;0.02;USDCAD;1.36376;;;2023.09.07 01:00:20;1.36410;;-0.53;-0.50;
2023.09.06 18:00:10;Sell;0.06;USDCAD;1.36649;;;2023.09.07 01:00:05;1.36410;;-1.19;10.51;
2023.09.05 14:00:28;Buy;0.08;AUDCAD;0.86942;;;2023.09.06 13:16:59;0.87332;;-0.42;22.87;
2023.09.05 09:00:15;Buy;0.04;AUDCAD;0.87241;;;2023.09.06 13:16:59;0.87332;;-0.21;2.66;
2023.09.05 12:00:17;Buy;0.02;GBPUSD;1.25343;;;2023.09.05 13:25:55;1.25667;;;6.48;
2023.09.01 17:01:08;Sell;0.04;NZDCAD;0.80832;;;2023.09.05 04:52:47;0.80573;;-0.26;7.61;
2023.09.01 19:00:28;Buy;0.04;GBPUSD;1.25902;;;2023.09.04 09:06:04;1.26146;;-0.37;9.76;
2023.09.01 18:00:41;Buy;0.02;GBPUSD;1.26188;;;2023.09.04 09:06:03;1.26146;;-0.18;-0.84;
2023.08.29 02:00:10;Sell;0.02;AUDNZD;1.08822;;;2023.09.01 17:48:51;1.08344;;-0.09;5.69;
2023.09.01 01:00:27;Buy;0.02;USDCAD;1.35128;;;2023.09.01 17:04:03;1.35641;;;7.56;
2023.09.01 06:00:04;Buy;0.04;AUDCAD;0.87449;;;2023.09.01 15:36:48;0.88078;;;18.60;
2023.08.31 01:00:11;Buy;0.08;NZDCAD;0.80592;;;2023.09.01 15:32:27;0.81121;;-0.21;31.31;
2023.08.30 18:01:53;Buy;0.04;NZDCAD;0.80934;;;2023.09.01 15:32:27;0.81121;;-0.43;5.54;
2023.09.01 11:00:20;Buy;0.02;AUDCAD;0.87448;;;2023.09.01 15:31:56;0.87919;;;6.98;
2023.08.29 21:00:46;Sell;0.02;AUDCAD;0.87775;;;2023.09.01 09:11:48;0.87367;;-0.26;6.04;
2023.08.29 21:00:15;Sell;0.04;AUDCAD;0.87778;;;2023.09.01 05:47:02;0.87451;;-0.54;9.68;
2023.08.28 11:00:26;Sell;0.04;EURGBP;0.85934;;;2023.08.31 11:03:21;0.85656;;-0.66;14.14;
2023.08.23 15:00:08;Sell;0.02;EURGBP;0.85594;;;2023.08.31 11:03:20;0.85655;;-0.65;-1.56;
2023.08.30 17:00:48;Sell;0.08;GBPUSD;1.27423;;;2023.08.30 21:06:09;1.27093;;;26.40;
2023.08.30 16:00:28;Sell;0.04;GBPUSD;1.27084;;;2023.08.30 21:06:08;1.27093;;;-0.36;
2023.08.29 23:00:08;Sell;0.02;GBPUSD;1.26494;;;2023.08.30 21:06:08;1.27093;;-0.02;-11.98;
2023.08.30 17:00:48;Sell;0.08;NZDCAD;0.81214;;;2023.08.30 17:57:56;0.80894;;;18.92;
2023.08.29 18:01:18;Sell;0.04;NZDCAD;0.80694;;;2023.08.30 17:57:55;0.80896;;-0.13;-5.97;
2023.08.24 13:00:21;Buy;0.04;NZDCAD;0.80484;;;2023.08.29 17:07:35;0.80789;;-0.33;8.96;
2023.08.29 13:00:34;Sell;0.02;AUDCAD;0.87774;;;2023.08.29 15:29:06;0.87322;;;6.63;
2023.08.29 13:00:43;Sell;0.04;AUDCAD;0.87759;;;2023.08.29 15:19:56;0.87426;;;9.77;
2023.08.25 18:01:31;Sell;0.02;USDCAD;1.36333;;;2023.08.28 17:08:19;1.35760;;-0.13;8.44;
2023.08.25 05:00:43;Buy;0.08;GBPUSD;1.25805;;;2023.08.25 13:56:49;1.26075;;;21.60;
2023.08.24 22:00:13;Buy;0.04;GBPUSD;1.26080;;;2023.08.25 13:56:49;1.26075;;-0.37;-0.20;
2023.08.24 19:00:17;Buy;0.02;GBPUSD;1.26323;;;2023.08.25 13:56:49;1.26075;;-0.18;-4.96;
2023.08.23 18:00:17;Sell;0.04;AUDCAD;0.87611;;;2023.08.24 15:44:37;0.87168;;-0.32;13.07;
2023.08.22 11:00:16;Sell;0.02;AUDCAD;0.87175;;;2023.08.24 15:44:36;0.87164;;-0.21;0.17;
2023.08.23 18:00:16;Sell;0.08;AUDCAD;0.87609;;;2023.08.24 14:54:37;0.87253;;-0.64;21.02;
2023.08.22 11:00:18;Sell;0.04;AUDCAD;0.87167;;;2023.08.24 14:54:37;0.87253;;-0.43;-2.54;
2023.08.23 19:00:20;Sell;0.02;GBPUSD;1.27136;;;2023.08.24 12:18:40;1.26826;;-0.07;6.20;
2023.08.23 17:02:39;Sell;0.08;NZDCAD;0.80923;;;2023.08.24 09:32:59;0.80608;;-0.81;18.63;
2023.08.22 07:00:25;Sell;0.04;NZDCAD;0.80388;;;2023.08.24 09:32:59;0.80608;;-0.54;-6.51;
2023.08.23 16:00:15;Sell;0.02;USDCAD;1.35928;;;2023.08.23 19:24:40;1.35338;;;8.72;
2023.08.23 13:00:08;Buy;0.02;GBPUSD;1.26433;;;2023.08.23 16:57:17;1.26763;;;6.60;
2023.08.23 13:00:13;Buy;0.02;GBPCAD;1.71542;;;2023.08.23 16:12:48;1.71960;;;6.15;
2023.08.16 11:00:12;Buy;0.04;EURGBP;0.85744;;;2023.08.23 12:45:35;0.85484;;-1.83;-13.15;
2023.08.14 23:00:09;Buy;0.02;EURGBP;0.85995;;;2023.08.23 12:45:34;0.85484;;-1.18;-12.93;
2023.08.22 19:00:24;Buy;0.16;EURGBP;0.85203;;;2023.08.23 12:45:30;0.85484;;-1.03;56.87;
2023.08.17 02:00:26;Buy;0.08;EURGBP;0.85468;;;2023.08.23 12:45:29;0.85484;;-2.07;1.62;
2023.08.21 20:00:23;Sell;0.02;GBPCAD;1.72932;;;2023.08.22 15:04:48;1.72528;;-0.03;5.97;
2023.08.21 14:00:10;Buy;0.08;NZDCAD;0.79983;;;2023.08.21 21:51:14;0.80273;;;17.13;
2023.08.18 22:00:16;Buy;0.04;NZDCAD;0.80321;;;2023.08.21 21:51:14;0.80273;;-0.11;-1.42;
2023.08.17 06:00:15;Buy;0.20;NZDCAD;0.80032;;;2023.08.18 18:59:40;0.80526;;-0.53;72.87;
2023.08.11 19:00:27;Buy;0.12;NZDCAD;0.80394;;;2023.08.18 18:59:40;0.80526;;-2.23;11.69;
2023.08.11 02:00:07;Buy;0.08;NZDCAD;0.80903;;;2023.08.18 18:59:40;0.80526;;-1.47;-22.24;
2023.08.10 18:00:40;Buy;0.04;NZDCAD;0.81293;;;2023.08.18 18:59:40;0.80526;;-0.87;-22.63;
2023.08.17 05:00:12;Buy;0.04;AUDCAD;0.86393;;;2023.08.17 13:26:18;0.86876;;;14.30;
2023.08.16 04:00:38;Buy;0.02;AUDCAD;0.86969;;;2023.08.17 13:26:17;0.86877;;-0.31;-1.36;
2023.08.17 04:00:58;Sell;0.06;USDCAD;1.35443;;;2023.08.17 13:19:11;1.35130;;;13.90;
2023.08.16 18:01:23;Sell;0.02;USDCAD;1.35168;;;2023.08.17 13:19:09;1.35130;;-0.39;0.56;
2023.08.17 03:01:02;Buy;0.04;AUDCAD;0.86833;;;2023.08.17 13:01:07;0.86779;;;-1.60;
2023.08.17 05:00:14;Buy;0.08;AUDCAD;0.86389;;;2023.08.17 13:00:27;0.86804;;;24.56;
2023.08.16 18:00:21;Sell;0.02;GBPCAD;1.72359;;;2023.08.17 12:05:39;1.71910;;-0.08;6.63;
2023.08.16 12:00:31;Sell;0.02;GBPUSD;1.27561;;;2023.08.16 15:52:01;1.27263;;;5.96;
2023.08.16 04:00:36;Buy;0.04;AUDCAD;0.86973;;;2023.08.16 10:05:06;0.87289;;;9.36;
2023.08.11 06:00:16;Sell;0.02;AUDNZD;1.08513;;;2023.08.16 09:18:36;1.08038;;-0.06;5.68;
2023.08.11 06:00:15;Sell;0.06;AUDNZD;1.08513;;;2023.08.16 05:00:48;1.08221;;-0.15;10.43;
2023.08.15 18:00:24;Sell;0.02;GBPCAD;1.71788;;;2023.08.15 22:23:53;1.71388;;;5.93;
2023.08.11 20:00:18;Buy;0.04;AUDCAD;0.87269;;;2023.08.15 09:02:26;0.87556;;-0.42;8.54;
2023.08.10 23:00:44;Sell;0.02;EURGBP;0.86616;;;2023.08.11 20:32:52;0.86229;;-0.06;9.83;
2023.08.10 14:00:13;Buy;0.02;USDCAD;1.34013;;;2023.08.11 15:34:46;1.34600;;-0.07;8.72;
2023.08.10 21:00:26;Buy;0.02;GBPUSD;1.26764;;;2023.08.11 09:03:28;1.27085;;-0.18;6.42;
2023.08.10 16:00:31;Sell;0.04;NZDCAD;0.81595;;;2023.08.10 17:49:23;0.81307;;;8.60;
2023.08.08 07:00:30;Buy;0.02;AUDCAD;0.87680;;;2023.08.10 15:33:08;0.88382;;-0.43;10.49;
2023.08.08 20:00:13;Buy;0.02;EURGBP;0.85992;;;2023.08.10 07:04:15;0.86378;;-0.55;9.81;
2023.08.08 18:00:14;Sell;0.04;GBPCAD;1.71332;;;2023.08.09 21:14:30;1.70757;;-0.05;17.14;
2023.08.04 17:00:29;Sell;0.02;GBPCAD;1.70333;;;2023.08.09 21:14:29;1.70757;;-0.09;-6.32;
2023.08.04 16:00:45;Sell;0.04;NZDCAD;0.81545;;;2023.08.09 17:49:49;0.81227;;-0.42;9.48;
2023.08.08 07:00:29;Buy;0.04;AUDCAD;0.87680;;;2023.08.09 09:32:50;0.88053;;-0.21;11.12;
2023.08.08 16:00:28;Sell;0.16;USDCAD;1.34873;;;2023.08.08 18:37:04;1.34592;;;33.40;
2023.08.08 10:00:33;Sell;0.02;USDCAD;1.34193;;;2023.08.08 18:37:02;1.34592;;;-5.93;
2023.08.08 14:00:28;Sell;0.06;USDCAD;1.34539;;;2023.08.08 18:36:52;1.34598;;;-2.63;
2023.08.04 19:00:48;Sell;0.08;GBPUSD;1.27729;;;2023.08.04 22:36:12;1.27479;;;20.00;
2023.08.04 16:00:44;Sell;0.04;GBPUSD;1.27459;;;2023.08.04 22:36:12;1.27479;;;-0.80;
2023.08.03 20:00:25;Sell;0.02;GBPUSD;1.27186;;;2023.08.04 22:36:11;1.27479;;-0.02;-5.86;
2023.08.01 16:01:02;Sell;0.02;USDCAD;1.32930;;;2023.08.04 19:05:07;1.33297;;-0.65;-5.51;
2023.08.03 06:00:06;Sell;0.16;USDCAD;1.33522;;;2023.08.04 19:05:04;1.33296;;-1.05;27.13;
2023.08.02 17:00:53;Sell;0.06;USDCAD;1.33280;;;2023.08.04 19:05:02;1.33296;;-1.57;-0.72;
2023.08.01 12:00:43;Buy;0.04;NZDCAD;0.81682;;;2023.08.04 15:37:49;0.81419;;-0.54;-7.86;
2023.08.02 07:00:08;Buy;0.08;NZDCAD;0.81193;;;2023.08.04 15:37:40;0.81414;;-0.87;13.21;
2023.08.03 03:00:33;Buy;0.06;AUDNZD;1.07504;;;2023.08.03 22:48:42;1.07878;;;13.62;
2023.08.01 10:00:37;Buy;0.02;AUDNZD;1.07642;;;2023.08.03 20:10:26;1.07783;;-0.49;1.71;
2023.08.03 12:00:11;Buy;0.04;AUDNZD;1.07424;;;2023.08.03 20:10:14;1.07781;;;8.70;
2023.08.02 16:00:28;Sell;0.02;EURGBP;0.86128;;;2023.08.03 17:10:56;0.86176;;-0.16;-1.22;
2023.08.03 15:00:30;Sell;0.04;EURGBP;0.86456;;;2023.08.03 17:10:36;0.86174;;;14.30;
2023.08.03 14:01:38;Buy;0.02;GBPUSD;1.26527;;;2023.08.03 14:39:33;1.26790;;;5.26;
2023.08.02 17:00:53;Buy;0.02;GBPUSD;1.27005;;;2023.08.02 20:07:17;1.27331;;;6.52;
2023.08.01 19:00:20;Buy;0.02;GBPUSD;1.27485;;;2023.08.01 22:39:45;1.27793;;;6.16;
2023.07.27 18:00:20;Buy;0.02;EURGBP;0.85554;;;2023.08.01 17:34:37;0.85953;;-0.42;10.18;
2023.07.31 07:00:21;Sell;0.08;NZDCAD;0.81956;;;2023.08.01 10:50:49;0.81681;;-0.28;16.61;
2023.07.28 18:00:47;Sell;0.04;NZDCAD;0.81613;;;2023.08.01 10:50:48;0.81681;;-0.28;-2.05;
2023.07.31 19:00:20;Buy;0.02;GBPCAD;1.69208;;;2023.08.01 07:42:45;1.69624;;-0.18;6.29;
2023.07.27 23:00:20;Sell;0.02;USDCAD;1.32354;;;2023.07.31 16:48:58;1.31777;;-0.26;8.76;
2023.07.31 08:00:29;Buy;0.12;AUDNZD;1.07853;;;2023.07.31 15:34:21;1.08204;;;26.14;
2023.07.28 06:00:08;Buy;0.06;AUDNZD;1.08264;;;2023.07.31 15:34:21;1.08204;;-0.37;-2.24;
2023.07.28 05:00:27;Buy;0.04;AUDCAD;0.88477;;;2023.07.31 08:12:33;0.88484;;-0.21;0.21;
2023.07.28 02:00:24;Buy;0.02;AUDCAD;0.88772;;;2023.07.31 08:12:33;0.88484;;-0.11;-4.35;
2023.07.28 10:00:23;Buy;0.08;AUDCAD;0.87941;;;2023.07.31 08:12:05;0.88478;;-0.43;32.42;
2023.07.28 05:00:28;Buy;0.08;AUDCAD;0.88476;;;2023.07.31 04:35:49;0.88398;;-0.43;-4.71;
2023.07.28 02:00:24;Buy;0.04;AUDCAD;0.88772;;;2023.07.31 04:35:49;0.88391;;-0.21;-11.51;
2023.07.28 10:00:18;Buy;0.12;AUDCAD;0.87941;;;2023.07.31 04:35:48;0.88391;;-0.64;40.77;
2023.07.27 17:01:05;Buy;0.04;NZDCAD;0.82030;;;2023.07.28 17:41:23;0.81641;;-0.11;-11.75;
2023.07.28 11:00:32;Buy;0.12;NZDCAD;0.81133;;;2023.07.28 17:40:52;0.81634;;;45.42;
2023.07.28 04:00:10;Buy;0.08;NZDCAD;0.81705;;;2023.07.28 17:40:49;0.81634;;;-4.29;
2023.07.27 17:00:38;Buy;0.02;GBPCAD;1.69607;;;2023.07.28 14:02:00;1.70057;;-0.18;6.80;
2023.07.27 22:00:24;Buy;0.04;GBPUSD;1.28015;;;2023.07.28 13:29:01;1.28341;;-0.37;13.04;
2023.07.27 17:01:03;Buy;0.02;GBPUSD;1.28481;;;2023.07.28 13:29:01;1.28341;;-0.19;-2.80;
2023.07.27 06:00:10;Sell;0.02;AUDCAD;0.89588;;;2023.07.27 16:16:56;0.89175;;;6.26;
2023.07.27 06:00:08;Sell;0.04;AUDCAD;0.89588;;;2023.07.27 15:53:32;0.89252;;;10.20;
2023.07.27 12:00:09;Sell;0.02;GBPCAD;1.70996;;;2023.07.27 15:10:53;1.70597;;;6.06;
2023.07.27 11:00:22;Sell;0.02;GBPUSD;1.29832;;;2023.07.27 14:02:52;1.29493;;;6.78;
2023.07.25 22:00:28;Buy;0.08;EURGBP;0.85676;;;2023.07.27 13:14:08;0.85944;;-2.23;27.81;
2023.07.25 18:00:57;Buy;0.04;EURGBP;0.85901;;;2023.07.27 13:14:08;0.85944;;-1.12;2.23;
2023.07.24 11:00:30;Buy;0.02;EURGBP;0.86257;;;2023.07.27 13:14:07;0.85945;;-0.70;-8.10;
2023.07.26 17:00:20;Buy;0.04;NZDCAD;0.82062;;;2023.07.27 05:05:52;0.82385;;-0.33;9.81;
2023.07.26 19:00:35;Sell;0.04;GBPUSD;1.29284;;;2023.07.26 21:07:49;1.29175;;;4.36;
2023.07.25 23:00:23;Sell;0.02;GBPUSD;1.28998;;;2023.07.26 21:07:46;1.29175;;-0.02;-3.54;
2023.07.21 11:00:34;Buy;0.12;NZDCAD;0.81781;;;2023.07.26 13:11:04;0.82212;;-0.99;39.16;
2023.07.20 16:02:20;Buy;0.08;NZDCAD;0.82281;;;2023.07.26 13:11:03;0.82212;;-0.88;-4.18;
2023.07.20 10:00:16;Buy;0.04;NZDCAD;0.82596;;;2023.07.26 13:11:03;0.82212;;-0.44;-11.63;
2023.07.20 12:00:13;Buy;0.08;GBPCAD;1.69611;;;2023.07.26 11:42:19;1.70316;;-2.92;42.74;
2023.07.19 11:00:19;Buy;0.04;GBPCAD;1.70538;;;2023.07.26 11:42:16;1.70330;;-2.55;-6.30;
2023.07.19 08:00:23;Buy;0.02;GBPCAD;1.71530;;;2023.07.26 11:42:14;1.70332;;-1.27;-18.16;
2023.07.24 12:00:20;Buy;0.02;GBPUSD;1.28164;;;2023.07.24 14:29:12;1.28494;;;6.60;
2023.07.24 05:00:22;Sell;0.06;AUDNZD;1.09155;;;2023.07.24 10:32:46;1.08764;;;14.51;
2023.07.20 18:00:12;Buy;0.02;GBPUSD;1.28542;;;2023.07.21 06:04:25;1.28850;;-0.18;6.16;
2023.07.19 14:00:11;Sell;0.16;EURGBP;0.86822;;;2023.07.20 23:57:36;0.86537;;-1.29;58.69;
2023.07.19 10:00:27;Sell;0.08;EURGBP;0.86494;;;2023.07.20 23:57:36;0.86538;;-0.64;-4.54;
2023.07.17 22:38:19;Sell;0.02;EURGBP;0.85943;;;2023.07.20 23:57:35;0.86538;;-0.26;-15.32;
2023.07.17 22:38:18;Sell;0.04;EURGBP;0.85943;;;2023.07.20 23:57:35;0.86538;;-0.52;-30.63;
2023.07.17 22:38:08;Buy;0.04;NZDCAD;0.83511;;;2023.07.20 08:01:10;0.82875;;-0.56;-19.35;
2023.07.19 09:02:52;Buy;0.20;NZDCAD;0.82356;;;2023.07.20 08:01:01;0.82868;;-1.68;77.89;
2023.07.18 20:00:37;Buy;0.12;NZDCAD;0.82777;;;2023.07.20 08:00:56;0.82865;;-1.35;8.03;
2023.07.18 12:00:47;Buy;0.08;NZDCAD;0.83174;;;2023.07.20 08:00:56;0.82865;;-0.89;-18.80;
2023.07.19 13:00:32;Buy;0.08;AUDCAD;0.89205;;;2023.07.20 05:03:49;0.89738;;-1.30;32.47;
2023.07.19 05:00:25;Buy;0.04;AUDCAD;0.89557;;;2023.07.20 05:03:47;0.89739;;-0.65;5.54;
2023.07.17 22:38:07;Buy;0.02;AUDCAD;0.89975;;;2023.07.20 05:03:45;0.89733;;-0.54;-3.68;
2023.07.19 13:00:36;Buy;0.12;AUDCAD;0.89200;;;2023.07.20 04:32:52;0.89650;;-1.95;41.11;
2023.07.19 05:00:25;Buy;0.08;AUDCAD;0.89557;;;2023.07.20 04:32:34;0.89640;;-1.30;5.06;
2023.07.17 22:38:07;Buy;0.04;AUDCAD;0.89975;;;2023.07.20 04:32:33;0.89639;;-1.09;-10.23;
2023.07.19 10:01:31;Buy;0.08;GBPUSD;1.29650;;;2023.07.19 22:57:09;1.29345;;;-24.40;
2023.07.19 06:00:26;Buy;0.04;GBPUSD;1.30176;;;2023.07.19 22:57:08;1.29345;;;-33.24;
2023.07.18 19:00:27;Buy;0.02;GBPUSD;1.30526;;;2023.07.19 22:57:06;1.29345;;-0.18;-23.62;
2023.07.19 15:00:43;Buy;0.32;GBPUSD;1.29009;;;2023.07.19 22:56:41;1.29354;;;110.40;
2023.07.19 12:00:36;Buy;0.16;GBPUSD;1.29349;;;2023.07.19 22:56:41;1.29354;;;0.80;
2023.07.18 23:00:18;Sell;0.02;AUDNZD;1.08485;;;2023.07.19 01:46:32;1.08005;;-0.02;6.06;
2023.07.18 16:00:49;Sell;0.06;AUDNZD;1.08432;;;2023.07.19 01:46:10;1.08037;;-0.06;14.95;
2023.07.17 22:38:08;Sell;0.04;GBPCAD;1.72478;;;2023.07.18 18:41:07;1.72148;;-0.06;10.01;
2023.07.17 22:38:08;Sell;0.02;GBPCAD;1.72478;;;2023.07.18 18:41:07;1.72152;;-0.03;4.95;
2023.07.13 06:00:06;Sell;0.02;GBPCAD;1.71543;;;2023.07.17 22:37:28;1.72506;;-0.06;-14.60;
2023.07.14 19:00:15;Buy;0.02;AUDUSD;0.68435;;;2023.07.17 22:37:27;0.68230;;-0.11;-4.10;
2023.07.14 19:00:15;Buy;0.02;AUDNZD;1.07359;;;2023.07.17 22:37:26;1.07739;;-0.13;4.81;
2023.07.17 05:00:13;Buy;0.02;AUDUSD;0.68149;;;2023.07.17 22:37:13;0.68230;;;1.62;
2023.07.17 16:00:11;Buy;0.04;AUDCAD;0.89837;;;2023.07.17 22:37:09;0.89952;;;3.49;
2023.07.17 16:00:28;Buy;0.04;NZDCAD;0.83614;;;2023.07.17 22:37:05;0.83481;;;-4.03;
2023.07.14 23:00:37;Sell;0.02;USDCAD;1.32244;;;2023.07.17 18:24:03;1.31659;;-0.13;8.89;
2023.07.12 22:00:08;Sell;0.08;NZDCAD;0.83142;;;2023.07.17 12:28:11;0.83773;;-1.44;-38.19;
2023.07.12 18:00:38;Sell;0.04;NZDCAD;0.82807;;;2023.07.17 12:28:10;0.83773;;-0.71;-29.23;
2023.07.14 20:00:15;Sell;0.32;NZDCAD;0.84255;;;2023.07.17 12:28:08;0.83772;;-1.15;116.93;
2023.07.13 17:00:25;Sell;0.20;NZDCAD;0.83907;;;2023.07.17 12:28:07;0.83772;;-1.44;20.43;
2023.07.13 10:00:14;Sell;0.12;NZDCAD;0.83530;;;2023.07.17 12:28:07;0.83772;;-0.86;-21.97;
2023.07.13 18:00:55;Sell;0.04;AUDNZD;1.07946;;;2023.07.14 18:46:21;1.07365;;-0.04;14.82;
2023.07.13 13:00:19;Sell;0.02;AUDNZD;1.07809;;;2023.07.14 18:46:20;1.07365;;-0.02;5.66;
2023.07.12 16:00:30;Sell;0.02;AUDUSD;0.67301;;;2023.07.14 17:05:43;0.68490;;-0.09;-23.78;
2023.07.12 18:00:12;Sell;0.02;AUDUSD;0.67922;;;2023.07.14 17:04:26;0.68438;;-0.09;-10.32;
2023.07.13 07:00:10;Sell;0.04;AUDUSD;0.68143;;;2023.07.14 17:03:39;0.68495;;-0.04;-14.08;
2023.07.13 10:00:13;Sell;0.06;AUDUSD;0.68327;;;2023.07.14 17:03:09;0.68523;;-0.06;-11.76;
2023.07.13 13:00:16;Sell;0.10;AUDUSD;0.68518;;;2023.07.14 17:02:26;0.68475;;-0.11;4.30;
2023.07.13 17:00:19;Sell;0.16;AUDUSD;0.68870;;;2023.07.14 17:02:05;0.68490;;-0.17;60.80;
2023.07.13 17:00:26;Sell;0.36;AUDCAD;0.90405;;;2023.07.14 16:07:45;0.89965;;-1.05;120.68;
2023.07.13 14:00:12;Sell;0.24;AUDCAD;0.90201;;;2023.07.14 16:07:45;0.89964;;-0.70;43.34;
2023.07.13 11:00:38;Sell;0.16;AUDCAD;0.89989;;;2023.07.14 16:07:45;0.89964;;-0.47;3.04;
2023.07.13 07:00:19;Sell;0.10;AUDCAD;0.89779;;;2023.07.14 16:07:44;0.89965;;-0.29;-14.17;
2023.07.12 20:00:09;Sell;0.06;AUDCAD;0.89563;;;2023.07.14 16:07:44;0.89965;;-0.70;-18.37;
2023.07.12 17:03:42;Sell;0.04;AUDCAD;0.89100;;;2023.07.14 16:07:43;0.89965;;-0.47;-26.36;
2023.07.12 16:00:31;Sell;0.02;AUDCAD;0.88996;;;2023.07.14 16:07:43;0.89965;;-0.23;-14.76;
2023.07.12 19:00:10;Sell;0.02;GBPUSD;1.29902;;;2023.07.14 09:43:44;1.31048;;-0.12;-22.92;
2023.07.13 17:00:25;Sell;0.16;GBPUSD;1.31074;;;2023.07.14 09:43:37;1.31050;;-0.24;3.84;
2023.07.13 13:00:19;Sell;0.08;GBPUSD;1.30691;;;2023.07.14 09:43:37;1.31047;;-0.12;-28.48;
2023.07.13 11:00:38;Sell;0.04;GBPUSD;1.30266;;;2023.07.14 09:43:36;1.31047;;-0.06;-31.24;
2023.07.14 07:00:12;Sell;0.32;GBPUSD;1.31365;;;2023.07.14 09:43:31;1.31046;;;102.08;
2023.07.11 11:00:44;Sell;0.02;AUDNZD;1.07731;;;2023.07.13 05:06:04;1.07609;;-0.08;1.54;
2023.07.12 02:00:26;Sell;0.06;AUDNZD;1.08007;;;2023.07.13 05:05:48;1.07608;;-0.18;15.11;
2023.07.11 13:00:05;Sell;0.04;AUDNZD;1.07864;;;2023.07.13 05:05:47;1.07608;;-0.16;6.47;
2023.07.12 02:00:27;Buy;0.02;USDCAD;1.32272;;;2023.07.12 18:38:20;1.31774;;;-7.56;
2023.07.12 18:00:48;Buy;0.16;USDCAD;1.31615;;;2023.07.12 18:38:12;1.31775;;;19.43;
2023.07.12 17:03:40;Buy;0.06;USDCAD;1.31611;;;2023.07.12 18:38:11;1.31771;;;7.29;
2023.07.12 12:00:16;Buy;0.04;NZDCAD;0.81904;;;2023.07.12 15:40:34;0.82377;;;14.33;
2023.07.12 09:00:35;Buy;0.02;AUDUSD;0.67087;;;2023.07.12 15:39:54;0.67461;;;7.48;
2023.07.12 11:00:18;Buy;0.02;AUDUSD;0.66886;;;2023.07.12 15:39:49;0.67468;;;11.64;
2023.07.11 12:00:37;Sell;0.02;GBPCAD;1.71080;;;2023.07.12 14:25:34;1.70663;;-0.03;6.31;
2023.07.12 04:00:06;Sell;0.08;GBPUSD;1.29455;;;2023.07.12 14:00:18;1.29175;;;22.40;
2023.07.11 13:00:15;Sell;0.04;GBPUSD;1.29114;;;2023.07.12 14:00:17;1.29175;;-0.06;-2.44;
2023.07.11 06:00:09;Sell;0.02;GBPUSD;1.28753;;;2023.07.12 14:00:16;1.29175;;-0.03;-8.44;
2023.07.12 05:00:31;Sell;0.04;AUDCAD;0.88828;;;2023.07.12 10:32:22;0.88459;;;11.16;
2023.07.12 06:00:11;Sell;0.02;AUDUSD;0.67364;;;2023.07.12 08:25:09;0.67088;;;5.52;
2023.07.12 04:00:31;Sell;0.02;AUDUSD;0.67110;;;2023.07.12 08:25:07;0.67088;;;0.44;
2023.07.11 17:00:20;Buy;0.08;NZDCAD;0.81935;;;2023.07.12 04:04:01;0.82227;;-0.22;17.67;
2023.07.07 16:01:48;Buy;0.04;NZDCAD;0.82236;;;2023.07.12 04:03:59;0.82229;;-0.33;-0.21;
2023.07.11 12:00:37;Buy;0.02;AUDUSD;0.66646;;;2023.07.12 03:10:20;0.66949;;-0.11;6.06;
2023.07.11 04:00:20;Sell;0.04;AUDUSD;0.66861;;;2023.07.11 11:46:11;0.66658;;;8.12;
2023.07.10 20:00:13;Sell;0.02;AUDUSD;0.66714;;;2023.07.11 11:46:10;0.66658;;-0.02;1.12;
2023.07.10 17:00:41;Sell;0.02;AUDUSD;0.66568;;;2023.07.11 11:46:09;0.66658;;-0.02;-1.80;
2023.07.10 13:00:14;Buy;0.06;AUDNZD;1.07348;;;2023.07.11 09:10:17;1.07779;;-0.37;16.04;
2023.07.10 11:00:19;Buy;0.04;AUDNZD;1.07471;;;2023.07.11 09:10:16;1.07779;;-0.25;7.64;
2023.07.10 10:00:41;Buy;0.02;AUDNZD;1.07589;;;2023.07.11 09:10:16;1.07779;;-0.12;2.36;
2023.07.10 12:00:27;Buy;0.04;AUDCAD;0.88266;;;2023.07.10 19:48:54;0.88632;;;11.02;
2023.07.10 16:00:17;Buy;0.04;AUDUSD;0.66289;;;2023.07.10 16:50:55;0.66493;;;8.16;
2023.07.10 10:00:42;Buy;0.02;AUDUSD;0.66491;;;2023.07.10 16:50:54;0.66493;;;0.04;
2023.07.10 07:00:12;Buy;0.02;AUDUSD;0.66656;;;2023.07.10 16:50:53;0.66493;;;-3.26;
2023.07.07 14:00:31;Sell;0.08;GBPCAD;1.70584;;;2023.07.10 13:59:11;1.69879;;-0.12;42.45;
2023.07.06 14:00:18;Sell;0.04;GBPCAD;1.69625;;;2023.07.10 13:59:11;1.69881;;-0.12;-7.71;
2023.07.05 12:00:36;Sell;0.02;GBPCAD;1.68750;;;2023.07.10 13:59:10;1.69882;;-0.15;-17.04;
2023.07.07 18:00:56;Sell;0.04;GBPUSD;1.28208;;;2023.07.10 13:33:23;1.27969;;-0.06;9.56;
2023.07.07 17:00:45;Sell;0.02;GBPUSD;1.27888;;;2023.07.10 13:33:23;1.27969;;-0.03;-1.62;
2023.07.07 20:00:10;Buy;0.06;USDCAD;1.32691;;;2023.07.10 08:57:03;1.32994;;-0.22;13.67;
2023.07.07 18:00:55;Buy;0.02;USDCAD;1.32998;;;2023.07.10 08:57:03;1.32994;;-0.07;-0.06;
2023.07.07 20:00:09;Sell;0.04;AUDCAD;0.88891;;;2023.07.10 08:35:47;0.88560;;-0.12;9.96;
2023.07.07 20:00:09;Sell;0.04;AUDUSD;0.67000;;;2023.07.10 04:41:08;0.66778;;-0.04;8.88;
2023.07.07 18:01:18;Sell;0.02;AUDUSD;0.66803;;;2023.07.10 04:41:07;0.66777;;-0.02;0.52;
2023.07.07 17:00:17;Sell;0.02;AUDUSD;0.66568;;;2023.07.10 04:41:07;0.66777;;-0.02;-4.18;
2023.07.07 12:00:10;Buy;0.16;AUDNZD;1.07424;;;2023.07.07 22:16:17;1.07766;;;33.99;
2023.07.06 08:00:20;Buy;0.08;AUDNZD;1.07632;;;2023.07.07 22:16:17;1.07766;;-0.49;6.66;
2023.07.05 08:00:16;Buy;0.04;AUDNZD;1.07860;;;2023.07.07 22:16:16;1.07766;;-0.99;-2.34;
2023.07.04 14:00:08;Buy;0.02;AUDNZD;1.08068;;;2023.07.07 22:16:16;1.07766;;-0.62;-3.75;
2023.07.04 08:00:09;Buy;0.02;AUDNZD;1.08159;;;2023.07.07 22:11:47;1.07759;;-0.62;-4.97;
2023.07.04 14:00:11;Buy;0.04;AUDNZD;1.08068;;;2023.07.07 22:11:37;1.07760;;-1.24;-7.66;
2023.07.06 08:00:29;Buy;0.24;AUDNZD;1.07627;;;2023.07.07 22:11:32;1.07761;;-1.48;19.98;
2023.07.05 13:00:34;Buy;0.16;AUDNZD;1.07737;;;2023.07.07 22:11:32;1.07761;;-3.97;2.38;
2023.07.05 08:00:16;Buy;0.10;AUDNZD;1.07860;;;2023.07.07 22:11:31;1.07761;;-2.48;-6.15;
2023.07.05 05:00:31;Buy;0.06;AUDNZD;1.07925;;;2023.07.07 22:11:31;1.07761;;-1.49;-6.11;
2023.07.07 02:00:12;Buy;0.36;AUDNZD;1.07513;;;2023.07.07 22:11:25;1.07761;;;55.45;
2023.07.07 16:00:28;Buy;0.02;AUDUSD;0.66288;;;2023.07.07 16:46:57;0.66636;;;6.96;
2023.07.06 18:00:49;Sell;0.02;USDCAD;1.33444;;;2023.07.07 15:32:45;1.33306;;-0.13;2.07;
2023.07.07 10:00:07;Sell;0.06;USDCAD;1.33729;;;2023.07.07 15:32:27;1.33336;;;17.68;
2023.07.07 12:00:12;Sell;0.08;NZDCAD;0.82664;;;2023.07.07 15:18:40;0.82386;;;16.64;
2023.07.06 23:00:13;Sell;0.04;NZDCAD;0.82288;;;2023.07.07 15:18:40;0.82386;;-0.14;-2.93;
2023.07.06 17:00:51;Buy;0.02;AUDUSD;0.66224;;;2023.07.07 13:39:16;0.66493;;-0.10;5.38;
2023.07.06 16:00:46;Buy;0.02;AUDUSD;0.66434;;;2023.07.07 13:39:16;0.66493;;-0.10;1.18;
2023.07.06 18:00:49;Buy;0.02;GBPUSD;1.26948;;;2023.07.06 19:04:03;1.27270;;;6.44;
2023.06.30 16:00:25;Sell;0.04;NZDCAD;0.81004;;;2023.07.06 17:32:58;0.82000;;-0.89;-29.82;
2023.07.04 12:00:15;Sell;0.12;NZDCAD;0.81738;;;2023.07.06 17:32:16;0.82003;;-1.75;-23.80;
2023.07.03 07:00:13;Sell;0.08;NZDCAD;0.81407;;;2023.07.06 17:32:16;0.82003;;-1.45;-35.68;
2023.07.06 10:00:55;Sell;0.32;NZDCAD;0.82451;;;2023.07.06 17:32:12;0.82003;;;107.29;
2023.07.05 12:00:37;Sell;0.20;NZDCAD;0.82149;;;2023.07.06 17:32:11;0.81999;;-2.18;22.46;
2023.07.06 10:00:55;Sell;0.02;AUDCAD;0.88776;;;2023.07.06 16:45:39;0.88396;;;5.70;
2023.07.06 14:00:19;Sell;0.02;GBPUSD;1.27722;;;2023.07.06 15:37:00;1.27332;;;7.80;
2023.07.04 19:00:31;Sell;0.04;AUDCAD;0.88548;;;2023.07.06 15:36:59;0.88448;;-0.47;3.00;
2023.07.06 15:00:34;Sell;0.08;AUDCAD;0.88838;;;2023.07.06 15:36:06;0.88467;;;22.29;
2023.07.06 10:00:18;Sell;0.02;AUDUSD;0.66817;;;2023.07.06 15:18:31;0.66568;;;4.98;
2023.07.05 22:00:21;Buy;0.02;AUDUSD;0.66551;;;2023.07.06 09:32:48;0.66808;;-0.31;5.14;
2023.07.05 12:00:37;Buy;0.02;AUDUSD;0.66711;;;2023.07.06 09:32:48;0.66808;;-0.31;1.94;
2023.07.04 16:00:24;Sell;0.02;AUDUSD;0.66934;;;2023.07.05 11:20:37;0.66692;;-0.02;4.84;
2023.07.04 10:00:33;Sell;0.02;AUDUSD;0.66785;;;2023.07.05 11:20:37;0.66692;;-0.02;1.86;
2023.07.04 08:00:09;Buy;0.02;AUDUSD;0.66447;;;2023.07.04 09:37:03;0.66759;;;6.24;
2023.07.03 20:00:18;Sell;0.04;AUDCAD;0.88416;;;2023.07.04 07:31:39;0.88222;;-0.12;5.85;
2023.06.30 16:00:11;Sell;0.02;AUDUSD;0.66443;;;2023.07.04 07:31:39;0.66591;;-0.04;-2.96;
2023.07.03 17:01:10;Sell;0.04;AUDUSD;0.66895;;;2023.07.04 07:30:32;0.66485;;-0.05;16.40;
2023.06.30 19:00:09;Sell;0.02;AUDUSD;0.66619;;;2023.07.04 07:30:32;0.66485;;-0.04;2.68;
2023.06.30 21:00:08;Buy;0.10;AUDNZD;1.08597;;;2023.07.03 18:43:49;1.08561;;-0.61;-2.21;
2023.06.30 17:00:42;Buy;0.06;AUDNZD;1.08752;;;2023.07.03 18:43:48;1.08561;;-0.37;-7.06;
2023.06.30 08:00:24;Buy;0.04;AUDNZD;1.08836;;;2023.07.03 18:43:48;1.08561;;-0.25;-6.77;
2023.06.30 04:00:12;Buy;0.02;AUDNZD;1.08936;;;2023.07.03 18:43:48;1.08560;;-0.12;-4.62;
2023.07.03 10:00:51;Buy;0.24;AUDNZD;1.08264;;;2023.07.03 18:43:39;1.08560;;;43.72;
2023.07.03 05:00:13;Buy;0.16;AUDNZD;1.08411;;;2023.07.03 18:43:38;1.08561;;;14.77;
2023.06.19 04:00:39;Buy;0.04;AUDCAD;0.90577;;;2023.07.03 17:04:23;0.88502;;-2.84;-62.72;
2023.06.20 06:00:26;Buy;0.08;AUDCAD;0.89941;;;2023.07.03 17:02:50;0.88527;;-5.29;-85.47;
2023.06.21 10:00:23;Buy;0.12;AUDCAD;0.89596;;;2023.07.03 17:02:20;0.88503;;-7.33;-99.11;
2023.06.22 08:00:16;Buy;0.20;AUDCAD;0.89063;;;2023.07.03 17:01:26;0.88517;;-9.14;-82.52;
2023.06.26 09:00:43;Buy;0.48;AUDCAD;0.87906;;;2023.07.03 17:01:23;0.88506;;-17.07;217.65;
2023.06.23 06:00:26;Buy;0.32;AUDCAD;0.88492;;;2023.07.03 17:01:22;0.88511;;-12.99;4.59;
2023.06.20 12:00:14;Buy;0.04;AUDCAD;0.89828;;;2023.07.03 16:49:22;0.88429;;-2.64;-42.24;
2023.06.22 08:00:17;Buy;0.16;AUDCAD;0.89064;;;2023.07.03 16:49:21;0.88429;;-7.32;-76.70;
2023.06.21 15:00:03;Buy;0.10;AUDCAD;0.89382;;;2023.07.03 16:49:21;0.88428;;-6.11;-72.02;
2023.06.20 17:00:12;Buy;0.06;AUDCAD;0.89624;;;2023.07.03 16:49:19;0.88429;;-3.97;-54.13;
2023.06.20 05:00:54;Buy;0.02;AUDCAD;0.90106;;;2023.07.03 16:49:01;0.88451;;-1.31;-24.99;
2023.06.23 09:00:39;Buy;0.54;AUDCAD;0.88324;;;2023.07.03 16:48:43;0.88437;;-21.92;46.07;
2023.06.23 06:00:27;Buy;0.36;AUDCAD;0.88492;;;2023.07.03 16:48:41;0.88444;;-14.61;-13.05;
2023.06.22 20:00:25;Buy;0.24;AUDCAD;0.88843;;;2023.07.03 16:48:41;0.88444;;-10.96;-72.30;
2023.06.26 10:00:20;Buy;1.24;AUDCAD;0.87874;;;2023.07.03 16:48:38;0.88441;;-44.06;530.86;
2023.06.23 17:00:30;Buy;0.82;AUDCAD;0.88109;;;2023.07.03 16:48:35;0.88440;;-33.29;204.93;
2023.06.30 17:00:44;Sell;0.02;GBPUSD;1.27011;;;2023.07.03 10:33:16;1.26686;;-0.04;6.50;
2023.06.29 19:00:15;Sell;0.02;AUDNZD;1.09221;;;2023.06.30 16:56:11;1.08740;;-0.02;5.89;
2023.06.28 13:00:19;Sell;0.02;USDCAD;1.32263;;;2023.06.30 16:43:59;1.32468;;-0.49;-3.10;
2023.06.28 16:00:26;Sell;0.06;USDCAD;1.32702;;;2023.06.30 16:43:19;1.32412;;-1.49;13.14;
2023.06.29 16:00:28;Buy;0.04;NZDCAD;0.80579;;;2023.06.30 15:38:51;0.80919;;-0.10;10.26;
2023.06.29 16:00:21;Buy;0.02;AUDUSD;0.66107;;;2023.06.30 15:34:43;0.66429;;-0.10;6.44;
2023.06.29 19:00:33;Sell;0.10;AUDNZD;1.09221;;;2023.06.30 03:45:16;1.08862;;-0.11;21.79;
2023.06.29 17:00:10;Sell;0.06;AUDNZD;1.09077;;;2023.06.30 03:45:15;1.08862;;-0.06;7.83;
2023.06.29 16:00:22;Sell;0.04;AUDNZD;1.08916;;;2023.06.30 03:45:15;1.08862;;-0.04;1.31;
2023.06.29 05:00:25;Sell;0.02;AUDNZD;1.08795;;;2023.06.30 03:45:14;1.08862;;-0.02;-0.82;
2023.06.28 16:00:10;Buy;0.06;AUDUSD;0.66068;;;2023.06.29 14:33:30;0.66391;;-0.89;19.38;
2023.06.28 05:00:18;Buy;0.04;AUDUSD;0.66331;;;2023.06.29 14:33:29;0.66391;;-0.59;2.40;
2023.06.28 04:00:13;Buy;0.02;AUDUSD;0.66693;;;2023.06.29 14:33:27;0.66391;;-0.30;-6.04;
2023.06.27 19:00:11;Buy;0.02;AUDUSD;0.66827;;;2023.06.29 14:33:26;0.66390;;-0.40;-8.74;
2023.06.28 15:00:31;Buy;0.08;NZDCAD;0.80528;;;2023.06.29 14:20:54;0.80799;;-0.60;16.36;
2023.06.28 06:00:13;Buy;0.04;NZDCAD;0.80844;;;2023.06.29 14:20:54;0.80799;;-0.30;-1.36;
2023.06.27 05:00:36;Sell;0.02;AUDNZD;1.08624;;;2023.06.29 04:16:26;1.08540;;-0.08;1.02;
2023.06.28 14:00:29;Sell;0.06;AUDNZD;1.08969;;;2023.06.29 04:16:17;1.08539;;-0.18;15.72;
2023.06.28 10:00:49;Sell;0.04;AUDNZD;1.08860;;;2023.06.29 04:16:15;1.08539;;-0.12;7.82;
2023.06.28 17:00:37;Buy;0.08;GBPUSD;1.26412;;;2023.06.28 18:21:46;1.26390;;;-1.76;
2023.06.28 15:00:44;Buy;0.04;GBPUSD;1.26634;;;2023.06.28 18:21:46;1.26390;;;-9.76;
2023.06.28 14:00:31;Buy;0.02;GBPUSD;1.26927;;;2023.06.28 18:21:45;1.26389;;;-10.76;
2023.06.28 18:00:13;Buy;0.16;GBPUSD;1.26142;;;2023.06.28 18:21:44;1.26390;;;39.68;
2023.06.27 17:01:28;Sell;0.04;NZDCAD;0.81439;;;2023.06.28 03:17:41;0.81188;;-0.15;7.60;
2023.06.27 05:00:37;Sell;0.02;AUDUSD;0.67100;;;2023.06.27 18:20:42;0.66802;;;5.96;
2023.06.27 05:00:25;Buy;0.02;USDCAD;1.31278;;;2023.06.27 16:48:11;1.31845;;;8.60;
2023.06.23 09:00:45;Buy;0.20;NZDCAD;0.80993;;;2023.06.27 16:19:05;0.81456;;-1.00;70.38;
2023.06.22 20:00:26;Buy;0.12;NZDCAD;0.81336;;;2023.06.27 16:19:04;0.81455;;-0.90;10.85;
2023.06.19 15:00:53;Buy;0.08;NZDCAD;0.81756;;;2023.06.27 16:19:02;0.81456;;-1.58;-18.24;
2023.06.19 04:00:39;Buy;0.04;NZDCAD;0.82128;;;2023.06.27 16:19:01;0.81459;;-0.80;-20.34;
2023.06.23 16:00:36;Buy;0.10;AUDUSD;0.66771;;;2023.06.27 04:44:48;0.67037;;-0.99;26.60;
2023.06.23 08:00:20;Buy;0.06;AUDUSD;0.66953;;;2023.06.27 04:44:48;0.67038;;-0.60;5.10;
2023.06.23 06:00:27;Buy;0.04;AUDUSD;0.67126;;;2023.06.27 04:44:47;0.67038;;-0.40;-3.52;
2023.06.23 05:00:18;Buy;0.02;AUDUSD;0.67370;;;2023.06.27 04:44:47;0.67038;;-0.20;-6.64;
2023.06.22 18:00:09;Buy;0.02;AUDUSD;0.67616;;;2023.06.27 04:44:47;0.67038;;-0.30;-11.56;
2023.06.23 08:00:20;Buy;0.02;AUDNZD;1.09007;;;2023.06.27 04:20:33;1.08583;;-0.24;-5.23;
2023.06.26 04:00:28;Buy;0.10;AUDNZD;1.08455;;;2023.06.27 04:20:31;1.08584;;-0.61;7.95;
2023.06.26 02:00:20;Buy;0.06;AUDNZD;1.08635;;;2023.06.27 04:20:29;1.08586;;-0.37;-1.81;
2023.06.23 17:00:27;Buy;0.04;AUDNZD;1.08788;;;2023.06.27 04:20:28;1.08587;;-0.50;-4.96;
2023.06.22 16:00:14;Buy;0.02;AUDNZD;1.09230;;;2023.06.27 04:19:59;1.08577;;-0.36;-8.05;
2023.06.26 14:00:11;Buy;0.32;AUDNZD;1.08239;;;2023.06.27 04:19:53;1.08584;;-1.96;68.02;
2023.06.26 12:00:06;Buy;0.16;AUDNZD;1.08249;;;2023.06.27 04:19:51;1.08585;;-0.98;33.13;
2023.06.26 04:00:28;Buy;0.16;AUDNZD;1.08455;;;2023.06.27 04:19:50;1.08582;;-0.98;12.53;
2023.06.23 17:00:29;Buy;0.08;AUDNZD;1.08796;;;2023.06.27 04:19:48;1.08586;;-0.98;-10.35;
2023.06.23 08:00:21;Buy;0.04;AUDNZD;1.09008;;;2023.06.27 04:19:47;1.08587;;-0.50;-10.38;
2023.06.22 20:00:10;Buy;0.02;GBPCAD;1.67527;;;2023.06.23 12:55:54;1.67946;;-0.17;6.34;
2023.06.19 02:00:14;Sell;0.02;AUDNZD;1.10394;;;2023.06.23 07:45:28;1.09022;;-0.12;16.86;
2023.06.22 11:00:27;Sell;0.02;AUDUSD;0.67885;;;2023.06.22 17:33:16;0.67574;;;6.22;
2023.06.21 20:00:14;Sell;0.02;AUDUSD;0.67918;;;2023.06.22 08:10:36;0.67628;;-0.08;5.80;
2023.06.21 09:00:22;Buy;0.02;AUDUSD;0.67835;;;2023.06.21 19:24:19;0.67891;;;1.12;
2023.06.21 11:00:16;Buy;0.02;AUDUSD;0.67648;;;2023.06.21 19:24:10;0.67892;;;4.88;
2023.06.20 16:00:34;Buy;0.04;AUDUSD;0.67757;;;2023.06.21 05:21:27;0.67987;;-0.20;9.20;
2023.06.20 10:01:05;Buy;0.02;AUDUSD;0.68018;;;2023.06.21 05:21:27;0.67987;;-0.10;-0.62;
2023.06.20 05:00:53;Buy;0.02;AUDUSD;0.68116;;;2023.06.21 05:21:27;0.67987;;-0.10;-2.58;
2023.06.20 16:00:19;Buy;0.04;GBPUSD;1.27391;;;2023.06.20 22:51:26;1.27650;;;10.36;
2023.06.20 13:00:18;Buy;0.02;GBPUSD;1.27678;;;2023.06.20 22:51:26;1.27650;;;-0.56;
2023.06.15 00:16:43;Sell;0.02;GBPCAD;1.68649;;;2023.06.20 16:28:07;1.68474;;-0.12;2.65;
2023.06.15 20:00:38;Sell;0.04;GBPCAD;1.69007;;;2023.06.20 16:28:04;1.68474;;-0.24;16.12;
2023.06.19 09:00:36;Sell;0.02;AUDUSD;0.68638;;;2023.06.20 04:33:32;0.68357;;-0.03;5.62;
2023.06.14 23:00:23;Sell;0.04;GBPCAD;1.68761;;;2023.06.19 15:33:39;1.68925;;-0.41;-4.97;
2023.06.14 15:00:20;Sell;0.02;GBPCAD;1.68221;;;2023.06.19 15:33:39;1.68924;;-0.20;-10.65;
2023.06.19 07:00:24;Buy;0.02;AUDUSD;0.68370;;;2023.06.19 08:45:20;0.68673;;;6.06;
2023.06.16 17:00:22;Sell;0.02;AUDUSD;0.68762;;;2023.06.19 04:45:24;0.68465;;-0.03;5.94;
2023.06.16 21:00:07;Buy;0.16;USDCAD;1.31860;;;2023.06.19 03:51:24;1.32082;;-0.57;26.89;
2023.06.15 22:00:29;Buy;0.06;USDCAD;1.32117;;;2023.06.19 03:51:23;1.32082;;-0.42;-1.59;
2023.06.15 18:00:15;Buy;0.02;USDCAD;1.32433;;;2023.06.19 03:51:23;1.32082;;-0.14;-5.31;
2023.06.16 10:00:49;Sell;0.16;AUDNZD;1.10482;;;2023.06.16 23:34:05;1.10190;;;29.16;
2023.06.15 19:00:23;Sell;0.10;AUDNZD;1.10333;;;2023.06.16 23:34:05;1.10190;;-0.10;8.92;
2023.06.15 10:00:16;Sell;0.06;AUDNZD;1.10203;;;2023.06.16 23:34:04;1.10190;;-0.06;0.49;
2023.06.15 05:00:54;Sell;0.04;AUDNZD;1.10087;;;2023.06.16 23:34:04;1.10190;;-0.04;-2.57;
2023.06.15 02:00:07;Sell;0.02;AUDNZD;1.09713;;;2023.06.16 23:34:04;1.10190;;-0.02;-5.95;
2023.06.15 18:00:14;Sell;0.02;GBPUSD;1.27441;;;2023.06.16 17:52:45;1.28083;;-0.04;-12.84;
2023.06.16 10:00:13;Sell;0.08;GBPUSD;1.27990;;;2023.06.16 17:52:35;1.28086;;;-7.68;
2023.06.15 20:00:23;Sell;0.04;GBPUSD;1.27729;;;2023.06.16 17:52:35;1.28086;;-0.08;-14.28;
2023.06.16 17:01:43;Sell;0.16;GBPUSD;1.28358;;;2023.06.16 17:51:54;1.28088;;;43.20;
2023.06.15 22:00:22;Sell;0.04;AUDCAD;0.91008;;;2023.06.16 17:10:24;0.90654;;-0.13;10.72;
2023.06.15 16:00:08;Sell;0.02;AUDUSD;0.68093;;;2023.06.16 16:37:05;0.68655;;-0.03;-11.24;
2023.06.15 22:00:28;Sell;0.04;AUDCAD;0.91008;;;2023.06.16 16:36:22;0.90711;;-0.13;8.99;
2023.06.15 22:00:26;Sell;0.06;AUDUSD;0.68902;;;2023.06.16 16:36:22;0.68629;;-0.08;16.38;
2023.06.15 19:00:22;Sell;0.04;AUDUSD;0.68688;;;2023.06.16 16:36:21;0.68631;;-0.06;2.28;
2023.06.15 17:00:18;Sell;0.02;AUDUSD;0.68524;;;2023.06.16 16:36:19;0.68626;;-0.03;-2.04;
2023.06.15 08:00:30;Sell;0.02;AUDCAD;0.90787;;;2023.06.16 16:35:33;0.90706;;-0.07;1.23;
2023.06.15 17:00:26;Sell;0.04;NZDCAD;0.82491;;;2023.06.16 16:35:15;0.82115;;-0.15;11.38;
2023.06.15 15:00:10;Buy;0.04;NZDCAD;0.82133;;;2023.06.15 16:34:34;0.82464;;;9.94;
2023.06.15 09:00:17;Sell;0.02;AUDUSD;0.68187;;;2023.06.15 15:08:10;0.67929;;;5.16;
2023.06.15 09:00:15;Sell;0.04;AUDCAD;0.90894;;;2023.06.15 14:56:44;0.90587;;;9.21;
2023.06.14 16:00:28;Sell;0.04;NZDCAD;0.82486;;;2023.06.15 14:20:19;0.82197;;-0.46;8.67;
2023.06.14 22:00:18;Buy;0.02;AUDUSD;0.68075;;;2023.06.15 08:31:26;0.68141;;-0.30;1.32;
2023.06.14 23:00:11;Buy;0.02;AUDUSD;0.67914;;;2023.06.15 08:30:37;0.68149;;-0.30;4.70;
2023.06.14 17:00:08;Buy;0.02;AUDNZD;1.09786;;;2023.06.15 01:47:32;1.09692;;-0.38;-1.17;
2023.06.14 23:00:20;Buy;0.10;AUDNZD;1.09362;;;2023.06.15 01:47:22;1.09697;;-1.88;20.76;
2023.06.14 22:00:09;Buy;0.06;AUDNZD;1.09504;;;2023.06.15 01:47:22;1.09697;;-1.13;7.17;
2023.06.14 18:00:20;Buy;0.04;AUDNZD;1.09673;;;2023.06.15 01:47:22;1.09697;;-0.75;0.60;
2023.06.13 20:00:29;Sell;0.02;GBPUSD;1.26214;;;2023.06.14 21:06:58;1.26364;;-0.04;-3.00;
2023.06.14 18:00:22;Sell;0.04;AUDCAD;0.90675;;;2023.06.14 21:06:08;0.90273;;;12.06;
2023.06.14 15:00:21;Sell;0.04;GBPUSD;1.26467;;;2023.06.14 21:06:07;1.26467;;;0.00;
2023.06.14 16:00:20;Sell;0.08;GBPUSD;1.26724;;;2023.06.14 21:02:18;1.26538;;;14.88;
2023.06.14 05:00:06;Sell;0.02;AUDUSD;0.67796;;;2023.06.14 21:01:09;0.67848;;;-1.04;
2023.06.14 16:00:09;Sell;0.02;AUDUSD;0.68047;;;2023.06.14 21:00:23;0.67996;;;1.02;
2023.06.14 18:00:14;Sell;0.04;AUDUSD;0.68281;;;2023.06.14 21:00:16;0.68046;;;9.40;
2023.06.02 17:00:15;Sell;0.04;AUDNZD;1.08879;;;2023.06.14 15:43:57;1.09750;;-0.35;-21.59;
2023.06.02 05:00:34;Sell;0.02;AUDNZD;1.08605;;;2023.06.14 15:43:57;1.09750;;-0.17;-14.19;
2023.06.12 17:00:24;Sell;0.04;AUDNZD;1.10345;;;2023.06.14 15:43:56;1.09749;;-0.08;14.77;
2023.06.12 04:00:14;Sell;0.02;AUDNZD;1.10173;;;2023.06.14 15:43:18;1.09748;;-0.04;5.26;
2023.06.07 14:00:42;Sell;0.32;AUDNZD;1.10210;;;2023.06.14 15:43:18;1.09749;;-2.07;91.42;
2023.06.06 17:00:40;Sell;0.16;AUDNZD;1.09853;;;2023.06.14 15:43:17;1.09750;;-1.17;10.21;
2023.06.06 08:00:58;Sell;0.08;AUDNZD;1.09599;;;2023.06.14 15:43:16;1.09750;;-0.58;-7.48;
2023.06.13 19:00:39;Buy;0.04;NZDCAD;0.81771;;;2023.06.14 13:19:11;0.82087;;-0.09;9.51;
2023.06.13 18:00:13;Sell;0.02;AUDUSD;0.67887;;;2023.06.13 21:32:16;0.67591;;;5.92;
2023.06.09 20:00:11;Sell;0.02;AUDCAD;0.89947;;;2023.06.13 18:58:08;0.90128;;-0.12;-2.72;
2023.06.13 11:00:16;Sell;0.06;AUDCAD;0.90463;;;2023.06.13 18:57:57;0.90123;;;15.34;
2023.06.12 12:00:11;Sell;0.04;AUDCAD;0.90166;;;2023.06.13 18:57:57;0.90123;;-0.13;1.30;
2023.06.13 16:00:19;Sell;0.12;AUDCAD;0.90551;;;2023.06.13 18:52:20;0.90133;;;37.72;
2023.06.12 18:00:32;Sell;0.08;AUDCAD;0.90207;;;2023.06.13 18:52:19;0.90133;;-0.25;4.45;
2023.06.09 16:00:19;Sell;0.04;AUDCAD;0.89930;;;2023.06.13 18:52:18;0.90134;;-0.26;-6.14;
2023.06.13 11:00:13;Sell;0.02;AUDUSD;0.67740;;;2023.06.13 17:10:16;0.67692;;;0.96;
2023.06.13 16:00:19;Sell;0.02;AUDUSD;0.67972;;;2023.06.13 17:10:13;0.67694;;;5.56;
2023.06.13 16:00:37;Sell;0.08;NZDCAD;0.82210;;;2023.06.13 17:01:10;0.81922;;;17.28;
2023.06.09 16:00:22;Sell;0.04;NZDCAD;0.81816;;;2023.06.13 17:01:08;0.81922;;-0.30;-3.18;
2023.06.12 17:00:23;Buy;0.02;AUDUSD;0.67500;;;2023.06.13 09:21:02;0.67775;;-0.10;5.50;
2023.06.08 18:00:11;Sell;0.02;GBPCAD;1.67434;;;2023.06.12 19:02:46;1.67065;;-0.08;5.52;
2023.06.12 12:00:09;Sell;0.16;AUDUSD;0.67718;;;2023.06.12 16:51:24;0.67442;;;44.16;
2023.06.12 10:00:34;Sell;0.10;AUDUSD;0.67477;;;2023.06.12 16:51:23;0.67442;;;3.50;
2023.06.09 16:00:21;Sell;0.06;AUDUSD;0.67343;;;2023.06.12 16:51:20;0.67444;;-0.07;-6.06;
2023.06.08 20:00:33;Sell;0.04;AUDUSD;0.67138;;;2023.06.12 16:51:19;0.67444;;-0.10;-12.24;
2023.06.08 16:00:12;Sell;0.02;AUDUSD;0.66957;;;2023.06.12 16:51:16;0.67444;;-0.04;-9.74;
2023.06.08 11:00:18;Sell;0.02;AUDUSD;0.66801;;;2023.06.12 16:51:15;0.67440;;-0.04;-12.78;
2023.06.07 14:00:40;Sell;0.82;AUDNZD;1.10210;;;2023.06.09 16:19:34;1.09840;;-3.01;186.07;
2023.06.07 11:00:26;Sell;0.54;AUDNZD;1.10010;;;2023.06.09 16:19:33;1.09840;;-1.98;56.30;
2023.06.06 17:00:36;Sell;0.36;AUDNZD;1.09855;;;2023.06.09 16:19:33;1.09840;;-1.64;3.32;
2023.06.06 15:00:11;Sell;0.24;AUDNZD;1.09636;;;2023.06.09 16:19:32;1.09840;;-1.09;-30.03;
2023.06.06 08:00:57;Sell;0.16;AUDNZD;1.09599;;;2023.06.09 16:19:32;1.09840;;-0.73;-23.65;
2023.06.05 17:00:45;Sell;0.10;AUDNZD;1.09071;;;2023.06.09 16:19:32;1.09840;;-0.51;-47.17;
2023.06.02 18:00:30;Sell;0.06;AUDNZD;1.08970;;;2023.06.09 16:19:31;1.09840;;-0.34;-32.01;
2023.06.02 16:00:31;Sell;0.04;AUDNZD;1.08749;;;2023.06.09 16:19:30;1.09838;;-0.23;-26.72;
2023.06.02 05:00:12;Sell;0.02;AUDNZD;1.08596;;;2023.06.09 16:19:30;1.09838;;-0.11;-15.23;
2023.06.07 19:00:12;Buy;1.08;NZDCAD;0.80847;;;2023.06.09 15:58:50;0.81813;;-9.85;781.21;
2023.05.31 18:00:56;Buy;0.72;NZDCAD;0.81487;;;2023.06.09 15:58:50;0.81816;;-16.99;177.37;
2023.05.30 09:00:13;Buy;0.48;NZDCAD;0.81993;;;2023.06.09 15:58:49;0.81816;;-12.30;-63.61;
2023.05.25 20:00:19;Buy;0.32;NZDCAD;0.82451;;;2023.06.09 15:58:49;0.81816;;-10.16;-152.16;
2023.05.25 08:00:13;Buy;0.20;NZDCAD;0.82779;;;2023.06.09 15:58:48;0.81816;;-6.33;-144.22;
2023.05.24 10:00:52;Buy;0.12;NZDCAD;0.83153;;;2023.06.09 15:58:46;0.81816;;-4.54;-120.14;
2023.05.24 06:00:36;Buy;0.08;NZDCAD;0.83502;;;2023.06.09 15:58:45;0.81816;;-3.02;-101.00;
2023.05.23 16:00:27;Buy;0.04;NZDCAD;0.84258;;;2023.06.09 15:58:45;0.81815;;-1.57;-73.18;
2023.06.08 06:00:33;Buy;0.02;USDCAD;1.33539;;;2023.06.09 15:31:25;1.33441;;-0.07;-1.47;
2023.06.09 15:00:11;Buy;0.06;USDCAD;1.33253;;;2023.06.09 15:31:05;1.33425;;;7.73;
2023.06.09 02:00:13;Sell;0.04;GBPUSD;1.25606;;;2023.06.09 11:08:49;1.25352;;;10.16;
2023.06.08 18:00:13;Sell;0.02;GBPUSD;1.25340;;;2023.06.09 11:08:49;1.25351;;-0.04;-0.22;
2023.06.07 18:00:27;Buy;0.02;AUDCAD;0.89064;;;2023.06.08 16:36:39;0.89520;;-0.30;6.83;
2023.06.07 20:00:12;Buy;0.02;GBPUSD;1.24341;;;2023.06.08 11:08:52;1.24669;;-0.49;6.56;
2023.06.07 21:00:18;Buy;0.02;AUDUSD;0.66525;;;2023.06.08 10:29:51;0.66742;;-0.30;4.34;
2023.06.07 18:00:14;Buy;0.02;AUDUSD;0.66673;;;2023.06.08 10:29:50;0.66742;;-0.30;1.38;
2023.06.05 07:00:26;Sell;0.02;AUDUSD;0.66053;;;2023.06.07 17:41:32;0.66728;;-0.04;-13.50;
2023.06.06 08:00:22;Sell;0.04;AUDUSD;0.66685;;;2023.06.07 17:41:30;0.66730;;-0.05;-1.80;
2023.06.05 19:00:25;Sell;0.02;AUDUSD;0.66237;;;2023.06.07 17:41:30;0.66730;;-0.04;-9.86;
2023.06.07 14:00:41;Sell;0.10;AUDUSD;0.67029;;;2023.06.07 17:41:18;0.66730;;;29.90;
2023.06.07 03:00:16;Sell;0.06;AUDUSD;0.66793;;;2023.06.07 17:41:17;0.66729;;;3.84;
2023.06.06 08:00:51;Sell;0.04;AUDCAD;0.89449;;;2023.06.07 17:38:23;0.89275;;-0.13;5.21;
2023.06.02 12:00:27;Sell;0.02;AUDCAD;0.88868;;;2023.06.07 17:38:23;0.89275;;-0.19;-6.09;
2023.06.07 14:00:42;Sell;0.06;AUDCAD;0.89706;;;2023.06.07 17:38:17;0.89278;;;19.21;
2023.06.07 15:00:33;Sell;0.02;GBPUSD;1.24705;;;2023.06.07 17:32:49;1.24766;;;-1.22;
2023.06.07 17:01:25;Sell;0.04;GBPUSD;1.24985;;;2023.06.07 17:32:38;1.24737;;;9.92;
2023.06.02 19:00:14;Buy;0.02;GBPCAD;1.67567;;;2023.06.05 17:13:59;1.67091;;-0.15;-7.08;
2023.06.05 02:00:16;Buy;0.04;GBPCAD;1.66903;;;2023.06.05 17:11:57;1.67078;;;5.20;
2023.06.05 16:00:58;Buy;0.08;GBPCAD;1.66297;;;2023.06.05 17:08:11;1.66947;;;38.70;
2023.06.02 20:00:09;Buy;0.02;GBPUSD;1.24504;;;2023.06.05 17:05:00;1.24192;;-0.16;-6.24;
2023.06.05 10:01:31;Buy;0.04;GBPUSD;1.24120;;;2023.06.05 17:03:10;1.24231;;;4.44;
2023.06.05 15:00:16;Buy;0.08;GBPUSD;1.23841;;;2023.06.05 17:02:28;1.24204;;;29.04;
2023.06.02 13:00:53;Sell;0.04;AUDCAD;0.88934;;;2023.06.05 01:02:03;0.88632;;-0.12;8.99;
2023.05.31 23:00:11;Sell;0.02;AUDUSD;0.65021;;;2023.06.05 01:01:20;0.66016;;-0.09;-19.90;
2023.06.02 12:00:25;Sell;0.68;AUDUSD;0.66272;;;2023.06.05 01:01:19;0.66016;;-0.55;174.08;
2023.05.31 17:00:43;Sell;0.02;AUDUSD;0.64785;;;2023.06.05 01:01:19;0.66016;;-0.09;-24.62;
2023.06.02 06:00:10;Sell;0.42;AUDUSD;0.66102;;;2023.06.05 01:01:18;0.66016;;-0.34;36.12;
2023.06.02 05:00:12;Sell;0.26;AUDUSD;0.65944;;;2023.06.05 01:01:18;0.66016;;-0.21;-18.72;
2023.06.01 19:00:05;Sell;0.16;AUDUSD;0.65757;;;2023.06.05 01:01:18;0.66016;;-0.27;-41.44;
2023.06.01 18:00:14;Sell;0.10;AUDUSD;0.65558;;;2023.06.05 01:01:16;0.66014;;-0.17;-45.60;
2023.06.01 17:00:43;Sell;0.06;AUDUSD;0.65481;;;2023.06.05 01:01:16;0.66014;;-0.10;-31.98;
2023.06.01 14:00:19;Sell;0.04;AUDUSD;0.65217;;;2023.06.05 01:01:15;0.66014;;-0.06;-31.88;
2023.06.01 17:00:41;Sell;0.02;GBPUSD;1.25206;;;2023.06.02 17:49:08;1.24886;;-0.04;6.40;
2023.06.01 16:00:29;Buy;0.02;USDCAD;1.35389;;;2023.06.02 15:33:29;1.34269;;-0.06;-16.68;
2023.06.02 12:00:26;Buy;0.42;USDCAD;1.34126;;;2023.06.02 15:32:20;1.34264;;;43.17;
2023.06.01 19:00:06;Buy;0.16;USDCAD;1.34438;;;2023.06.02 15:32:20;1.34266;;-0.49;-20.50;
2023.06.01 18:00:34;Buy;0.06;USDCAD;1.35094;;;2023.06.02 15:32:18;1.34276;;-0.18;-36.55;
2023.05.26 05:00:36;Buy;0.02;AUDNZD;1.07128;;;2023.06.02 03:05:17;1.08477;;-0.90;16.36;
2023.05.31 20:00:12;Buy;0.20;AUDCAD;0.87976;;;2023.06.01 13:36:38;0.88442;;-2.92;68.70;
2023.05.31 10:00:45;Buy;0.12;AUDCAD;0.88463;;;2023.06.01 13:36:37;0.88442;;-1.75;-1.86;
2023.05.25 11:00:41;Buy;0.08;AUDCAD;0.88835;;;2023.06.01 13:36:37;0.88441;;-2.73;-23.23;
2023.05.24 08:00:28;Buy;0.04;AUDCAD;0.89088;;;2023.06.01 13:36:36;0.88441;;-1.97;-19.08;
2023.05.31 23:00:15;Sell;0.02;GBPUSD;1.24373;;;2023.06.01 10:58:58;1.24053;;-0.11;6.40;
2023.05.31 18:00:50;Buy;0.04;AUDCAD;0.88005;;;2023.06.01 07:28:18;0.88391;;-0.58;11.38;
2023.05.31 10:00:09;Buy;0.02;AUDCAD;0.88470;;;2023.06.01 07:28:18;0.88391;;-0.29;-1.16;
2023.05.30 14:00:13;Sell;0.02;GBPCAD;1.68773;;;2023.05.31 17:15:38;1.68458;;-0.05;4.63;
2023.05.31 16:00:53;Buy;0.04;AUDUSD;0.64730;;;2023.05.31 16:46:25;0.64915;;;7.40;
2023.05.31 10:00:32;Buy;0.02;AUDUSD;0.64847;;;2023.05.31 16:46:24;0.64915;;;1.36;
2023.05.31 05:00:27;Buy;0.02;AUDUSD;0.65044;;;2023.05.31 16:46:24;0.64915;;;-2.58;
2023.05.31 11:00:31;Buy;0.02;GBPUSD;1.23619;;;2023.05.31 16:37:46;1.23922;;;6.06;
2023.05.30 21:00:07;Buy;0.02;AUDUSD;0.65050;;;2023.05.31 04:30:49;0.65164;;-0.11;2.28;
2023.05.30 17:00:24;Buy;0.02;AUDUSD;0.65185;;;2023.05.31 04:30:48;0.65161;;-0.11;-0.48;
2023.05.24 13:00:13;Sell;0.04;AUDNZD;1.07158;;;2023.05.30 17:49:32;1.07773;;-0.12;-14.89;
2023.05.24 07:00:16;Sell;0.02;AUDNZD;1.06925;;;2023.05.30 17:49:32;1.07772;;-0.06;-10.25;
2023.05.26 23:00:08;Sell;0.32;AUDNZD;1.07859;;;2023.05.30 17:49:27;1.07767;;-0.30;17.81;
2023.05.26 17:00:34;Sell;0.16;AUDNZD;1.07589;;;2023.05.30 17:49:26;1.07772;;-0.16;-17.72;
2023.05.25 14:00:19;Sell;0.08;AUDNZD;1.07397;;;2023.05.30 17:49:25;1.07774;;-0.12;-18.24;
2023.05.30 05:00:26;Sell;0.64;AUDNZD;1.08161;;;2023.05.30 17:49:19;1.07771;;;150.99;
2023.05.30 15:00:16;Sell;0.02;GBPUSD;1.24343;;;2023.05.30 17:48:29;1.24035;;;6.16;
2023.05.30 15:00:15;Sell;0.02;AUDUSD;0.65509;;;2023.05.30 16:52:15;0.65230;;;5.58;
2023.05.30 07:00:23;Buy;0.02;AUDUSD;0.65137;;;2023.05.30 12:19:28;0.65431;;;5.88;
2023.05.29 10:00:07;Sell;0.02;AUDUSD;0.65466;;;2023.05.30 06:24:49;0.65180;;-0.02;5.72;
2023.05.26 17:00:37;Buy;0.02;AUDUSD;0.65184;;;2023.05.29 08:14:30;0.65450;;-0.11;5.32;
2023.05.26 15:00:21;Sell;0.02;AUDUSD;0.65411;;;2023.05.26 16:36:23;0.65163;;;4.96;
2023.05.26 10:00:20;Sell;0.02;AUDUSD;0.65220;;;2023.05.26 16:36:22;0.65161;;;1.18;
2023.05.24 14:00:20;Buy;0.02;AUDCAD;0.88971;;;2023.05.26 15:31:30;0.88941;;-0.39;-0.44;
2023.05.25 13:00:05;Buy;0.04;AUDCAD;0.88747;;;2023.05.26 15:30:33;0.89032;;-0.20;8.37;
2023.05.24 14:00:19;Sell;0.02;USDCAD;1.35543;;;2023.05.26 14:43:25;1.36025;;-0.54;-7.09;
2023.05.25 17:00:27;Sell;0.16;USDCAD;1.36296;;;2023.05.26 14:43:20;1.36024;;-1.08;31.99;
2023.05.24 18:00:32;Sell;0.06;USDCAD;1.35869;;;2023.05.26 14:43:19;1.36024;;-1.62;-6.84;
2023.05.25 19:00:13;Buy;0.42;AUDUSD;0.65058;;;2023.05.26 09:43:33;0.65260;;-2.20;84.84;
2023.05.25 16:00:15;Buy;0.26;AUDUSD;0.65187;;;2023.05.26 09:43:32;0.65260;;-1.36;18.98;
2023.05.25 05:00:15;Buy;0.16;AUDUSD;0.65331;;;2023.05.26 09:43:31;0.65260;;-0.84;-11.36;
2023.05.24 17:00:11;Buy;0.10;AUDUSD;0.65494;;;2023.05.26 09:43:30;0.65259;;-2.09;-23.50;
2023.05.24 14:00:15;Buy;0.06;AUDUSD;0.65629;;;2023.05.26 09:43:30;0.65259;;-1.25;-22.20;
2023.05.24 10:00:34;Buy;0.04;AUDUSD;0.65810;;;2023.05.26 09:43:30;0.65259;;-0.84;-22.04;
2023.05.24 08:00:28;Buy;0.02;AUDUSD;0.65975;;;2023.05.26 09:43:29;0.65259;;-0.41;-14.32;
2023.05.23 16:00:26;Buy;0.02;AUDUSD;0.66152;;;2023.05.26 09:43:28;0.65259;;-0.52;-17.86;
2023.05.25 18:00:12;Sell;0.10;AUDNZD;1.07498;;;2023.05.26 04:03:54;1.07204;;-0.05;17.84;
2023.05.25 14:00:19;Sell;0.06;AUDNZD;1.07397;;;2023.05.26 04:03:54;1.07204;;-0.03;7.02;
2023.05.25 04:00:26;Sell;0.04;AUDNZD;1.07301;;;2023.05.26 04:03:53;1.07204;;-0.02;2.35;
2023.05.24 12:00:26;Sell;0.02;AUDNZD;1.07153;;;2023.05.26 04:03:52;1.07204;;-0.04;-0.62;
2023.05.24 13:00:12;Buy;0.02;GBPUSD;1.23880;;;2023.05.25 12:32:26;1.23855;;-0.48;-0.50;
2023.05.24 22:00:12;Buy;0.04;GBPUSD;1.23607;;;2023.05.25 12:32:17;1.23846;;-0.96;9.56;
2023.05.24 10:00:25;Sell;0.02;GBPUSD;1.24433;;;2023.05.24 10:22:04;1.24171;;;5.24;
2023.05.23 11:00:10;Buy;0.02;AUDNZD;1.05824;;;2023.05.24 09:11:22;1.07116;;-0.13;15.89;
2023.05.22 09:00:14;Buy;0.02;AUDNZD;1.05735;;;2023.05.24 05:02:44;1.06626;;-0.26;11.03;
2023.05.23 13:00:24;Buy;0.02;GBPUSD;1.23838;;;2023.05.23 16:57:50;1.24158;;;6.40;
2023.05.19 15:00:07;Sell;0.08;NZDCAD;0.84666;;;2023.05.23 15:30:38;0.84390;;-0.69;16.34;
2023.05.19 10:00:40;Sell;0.04;NZDCAD;0.84336;;;2023.05.23 15:30:37;0.84390;;-0.34;-1.60;
2023.05.22 20:00:10;Sell;0.02;AUDUSD;0.66475;;;2023.05.23 13:00:53;0.66180;;-0.02;5.90;
2023.05.22 14:00:24;Buy;0.16;AUDNZD;1.05697;;;2023.05.23 09:27:25;1.05973;;-1.07;27.74;
2023.05.22 07:00:10;Buy;0.10;AUDNZD;1.05801;;;2023.05.23 09:27:24;1.05973;;-0.67;10.80;
2023.05.19 19:00:15;Buy;0.06;AUDNZD;1.05959;;;2023.05.23 09:27:23;1.05974;;-0.80;0.57;
2023.05.19 12:00:10;Buy;0.04;AUDNZD;1.06063;;;2023.05.23 09:27:22;1.05974;;-0.54;-2.24;
2023.05.19 02:00:19;Buy;0.02;AUDNZD;1.06280;;;2023.05.23 09:27:21;1.05975;;-0.26;-3.83;
2023.05.19 13:00:38;Sell;0.02;AUDUSD;0.66567;;;2023.05.22 09:09:20;0.66342;;-0.02;4.50;
2023.05.19 10:00:40;Sell;0.02;AUDUSD;0.66458;;;2023.05.22 09:09:19;0.66350;;-0.02;2.16;
2023.05.18 14:00:06;Buy;0.02;GBPCAD;1.67457;;;2023.05.19 15:34:06;1.67888;;-0.15;6.40;
2023.05.16 17:00:23;Buy;0.12;AUDCAD;0.89690;;;2023.05.19 10:48:12;0.89668;;-2.99;-1.96;
2023.05.12 18:00:24;Buy;0.08;AUDCAD;0.90034;;;2023.05.19 10:48:10;0.89668;;-2.79;-21.71;
2023.05.11 12:00:41;Buy;0.04;AUDCAD;0.90320;;;2023.05.19 10:48:09;0.89671;;-1.60;-19.25;
2023.05.18 17:00:50;Buy;0.20;AUDCAD;0.89246;;;2023.05.19 10:47:51;0.89694;;-1.00;66.45;
2023.05.16 09:00:16;Buy;0.04;AUDCAD;0.89989;;;2023.05.19 09:23:47;0.89614;;-1.00;-11.13;
2023.05.12 15:00:20;Buy;0.02;AUDCAD;0.90185;;;2023.05.19 09:23:47;0.89613;;-0.70;-8.49;
2023.05.18 17:00:16;Buy;0.16;AUDCAD;0.89239;;;2023.05.19 09:23:40;0.89599;;-0.80;42.73;
2023.05.18 11:00:37;Buy;0.10;AUDCAD;0.89394;;;2023.05.19 09:23:40;0.89598;;-0.50;15.14;
2023.05.16 16:00:45;Buy;0.06;AUDCAD;0.89615;;;2023.05.19 09:23:38;0.89599;;-1.50;-0.71;
2023.05.18 16:00:20;Buy;0.04;AUDUSD;0.66215;;;2023.05.19 09:22:00;0.66450;;-0.21;9.40;
2023.05.18 05:00:08;Buy;0.02;AUDUSD;0.66454;;;2023.05.19 09:21:59;0.66448;;-0.11;-0.12;
2023.05.17 22:00:18;Buy;0.02;AUDUSD;0.66604;;;2023.05.19 09:21:59;0.66448;;-0.43;-3.12;
2023.05.17 18:00:14;Buy;0.04;NZDCAD;0.84141;;;2023.05.19 01:00:29;0.84053;;-0.34;-2.61;
2023.05.18 18:00:21;Buy;0.08;NZDCAD;0.83739;;;2023.05.19 01:00:16;0.84058;;-0.17;18.91;
2023.05.17 16:00:43;Buy;0.04;AUDNZD;1.06359;;;2023.05.18 18:02:12;1.06487;;-0.78;3.18;
2023.05.17 08:00:08;Buy;0.02;AUDNZD;1.06568;;;2023.05.18 18:02:10;1.06489;;-0.39;-0.98;
2023.05.18 10:00:29;Buy;0.08;AUDNZD;1.06147;;;2023.05.18 18:01:40;1.06483;;;16.69;
2023.05.16 06:00:27;Buy;0.04;AUDNZD;1.07094;;;2023.05.18 15:35:38;1.06427;;-1.04;-16.63;
2023.05.16 04:00:10;Buy;0.02;AUDNZD;1.07230;;;2023.05.18 15:35:36;1.06428;;-0.52;-10.00;
2023.05.18 10:00:28;Buy;0.54;AUDNZD;1.06149;;;2023.05.18 15:35:11;1.06437;;;96.88;
2023.05.18 06:00:21;Buy;0.36;AUDNZD;1.06248;;;2023.05.18 15:35:09;1.06437;;;42.39;
2023.05.17 11:00:17;Buy;0.24;AUDNZD;1.06395;;;2023.05.18 15:35:09;1.06436;;-4.65;6.13;
2023.05.17 05:00:14;Buy;0.16;AUDNZD;1.06627;;;2023.05.18 15:35:08;1.06436;;-3.10;-19.04;
2023.05.16 19:00:18;Buy;0.10;AUDNZD;1.06842;;;2023.05.18 15:35:07;1.06437;;-2.58;-25.23;
2023.05.16 13:00:54;Buy;0.06;AUDNZD;1.06954;;;2023.05.18 15:35:07;1.06445;;-1.55;-19.02;
2023.05.17 18:00:13;Buy;0.02;AUDUSD;0.66428;;;2023.05.17 20:34:01;0.66718;;;5.80;
2023.05.17 11:00:40;Sell;0.02;USDCAD;1.35274;;;2023.05.17 15:50:53;1.34728;;;8.11;
2023.05.17 09:00:32;Buy;0.06;AUDUSD;0.66399;;;2023.05.17 14:32:28;0.66615;;;12.96;
2023.05.16 20:00:25;Buy;0.04;AUDUSD;0.66575;;;2023.05.17 14:32:28;0.66616;;-0.21;1.64;
2023.05.16 09:01:32;Buy;0.02;AUDUSD;0.66747;;;2023.05.17 14:32:28;0.66616;;-0.11;-2.62;
2023.05.16 06:00:26;Buy;0.02;AUDUSD;0.66914;;;2023.05.17 14:32:27;0.66616;;-0.11;-5.96;
2023.05.12 13:00:17;Buy;0.08;NZDCAD;0.84096;;;2023.05.17 14:31:51;0.84451;;-0.53;21.07;
2023.05.12 07:00:09;Buy;0.04;NZDCAD;0.84494;;;2023.05.17 14:31:50;0.84451;;-0.27;-1.28;
2023.05.17 11:00:07;Buy;0.02;GBPUSD;1.24229;;;2023.05.17 14:07:55;1.24534;;;6.10;
2023.05.16 16:00:10;Buy;0.06;USDCAD;1.34204;;;2023.05.16 17:54:18;1.34537;;;14.85;
2023.05.15 20:00:11;Buy;0.02;USDCAD;1.34625;;;2023.05.16 17:54:18;1.34535;;-0.06;-1.34;
2023.05.16 10:00:42;Buy;0.08;GBPCAD;1.68298;;;2023.05.16 12:42:17;1.68766;;;27.81;
2023.05.08 11:00:12;Buy;0.04;GBPCAD;1.68783;;;2023.05.16 12:42:16;1.68766;;-2.39;-0.51;
2023.05.05 16:00:41;Buy;0.02;GBPCAD;1.69409;;;2023.05.16 12:42:16;1.68766;;-1.35;-9.55;
2023.05.15 20:00:10;Sell;0.02;AUDUSD;0.67073;;;2023.05.16 05:04:40;0.66823;;-0.02;5.00;
2023.05.15 10:00:31;Sell;0.02;AUDUSD;0.66887;;;2023.05.16 05:04:39;0.66824;;-0.02;1.26;
2023.05.15 20:00:11;Sell;0.04;AUDNZD;1.07611;;;2023.05.16 03:45:42;1.07249;;-0.03;9.06;
2023.05.12 19:00:26;Sell;0.02;AUDNZD;1.07375;;;2023.05.16 03:45:41;1.07249;;-0.02;1.57;
2023.05.12 15:00:18;Sell;0.16;AUDNZD;1.07321;;;2023.05.16 03:07:17;1.07299;;-0.20;2.20;
2023.05.12 12:00:34;Sell;0.10;AUDNZD;1.07176;;;2023.05.16 03:07:17;1.07299;;-0.13;-7.68;
2023.05.12 08:00:43;Sell;0.06;AUDNZD;1.06922;;;2023.05.16 03:07:17;1.07299;;-0.08;-14.13;
2023.05.12 07:00:08;Sell;0.04;AUDNZD;1.06826;;;2023.05.16 03:07:16;1.07299;;-0.06;-11.82;
2023.05.12 05:00:03;Sell;0.02;AUDNZD;1.06650;;;2023.05.16 03:07:16;1.07299;;-0.02;-8.11;
2023.05.15 14:00:15;Sell;0.36;AUDNZD;1.07557;;;2023.05.16 03:06:55;1.07299;;-0.23;58.03;
2023.05.15 05:00:24;Sell;0.24;AUDNZD;1.07437;;;2023.05.16 03:06:55;1.07299;;-0.15;20.70;
2023.05.11 17:00:22;Buy;0.04;GBPUSD;1.25101;;;2023.05.15 14:21:39;1.25094;;-0.64;-0.28;
2023.05.11 10:00:58;Buy;0.02;GBPUSD;1.25905;;;2023.05.15 14:21:39;1.25094;;-0.32;-16.22;
2023.05.12 18:00:17;Buy;0.08;GBPUSD;1.24729;;;2023.05.15 14:21:24;1.25090;;-0.63;28.88;
2023.05.12 18:00:15;Buy;0.06;AUDUSD;0.66533;;;2023.05.15 09:59:31;0.66880;;-0.32;20.82;
2023.05.12 11:00:12;Buy;0.04;AUDUSD;0.66858;;;2023.05.15 09:59:29;0.66880;;-0.21;0.88;
2023.05.11 17:00:16;Buy;0.02;AUDUSD;0.67017;;;2023.05.15 09:59:29;0.66880;;-0.22;-2.74;
2023.05.11 10:00:31;Buy;0.02;AUDUSD;0.67457;;;2023.05.15 09:59:29;0.66880;;-0.22;-11.54;
2023.05.11 15:00:17;Sell;0.02;USDCAD;1.34279;;;2023.05.15 08:57:19;1.35299;;-0.26;-15.08;
2023.05.12 20:00:37;Sell;0.42;USDCAD;1.35555;;;2023.05.15 08:56:55;1.35317;;-2.80;73.87;
2023.05.12 18:00:19;Sell;0.16;USDCAD;1.35293;;;2023.05.15 08:56:55;1.35317;;-1.07;-2.84;
2023.05.11 17:00:23;Sell;0.06;USDCAD;1.34768;;;2023.05.15 08:56:54;1.35317;;-0.80;-24.34;
2023.05.10 07:00:16;Sell;0.04;NZDCAD;0.84934;;;2023.05.12 06:02:13;0.84578;;-0.65;10.56;
2023.05.10 18:00:42;Buy;0.10;AUDNZD;1.06395;;;2023.05.12 02:55:57;1.06453;;-2.60;3.65;
2023.05.10 06:00:31;Buy;0.06;AUDNZD;1.06655;;;2023.05.12 02:55:57;1.06453;;-1.57;-7.63;
2023.05.09 11:00:10;Buy;0.04;AUDNZD;1.06771;;;2023.05.12 02:55:56;1.06453;;-1.30;-8.01;
2023.05.08 17:00:12;Buy;0.02;AUDNZD;1.06963;;;2023.05.12 02:55:56;1.06453;;-0.78;-6.41;
2023.05.11 12:00:41;Buy;0.24;AUDNZD;1.06171;;;2023.05.12 02:55:50;1.06453;;-1.55;42.59;
2023.05.11 10:00:32;Buy;0.16;AUDNZD;1.06290;;;2023.05.12 02:55:50;1.06453;;-1.03;16.41;
2023.05.11 04:00:40;Sell;0.02;AUDUSD;0.67882;;;2023.05.11 09:35:23;0.67608;;;5.48;
2023.05.10 18:00:36;Buy;0.02;AUDUSD;0.67613;;;2023.05.11 03:03:15;0.67840;;-0.32;4.54;
2023.05.10 17:00:18;Buy;0.02;AUDUSD;0.67789;;;2023.05.11 03:03:15;0.67840;;-0.32;1.02;
2023.05.10 16:00:15;Sell;0.02;AUDUSD;0.68156;;;2023.05.10 16:38:23;0.67852;;;6.08;
2023.05.10 16:00:33;Sell;0.02;GBPUSD;1.26762;;;2023.05.10 16:24:33;1.26455;;;6.14;
2023.05.08 23:00:16;Buy;0.02;AUDUSD;0.67813;;;2023.05.10 15:33:48;0.67806;;-0.22;-0.14;
2023.05.09 11:00:12;Buy;0.02;AUDUSD;0.67592;;;2023.05.10 15:33:02;0.67870;;-0.11;5.56;
2023.05.05 19:00:37;Sell;0.02;AUDUSD;0.67465;;;2023.05.08 21:08:52;0.67779;;-0.02;-6.28;
2023.05.08 10:00:33;Sell;0.06;AUDUSD;0.67860;;;2023.05.08 21:08:51;0.67781;;;4.74;
2023.05.08 06:00:52;Sell;0.04;AUDUSD;0.67636;;;2023.05.08 21:08:49;0.67778;;;-5.68;
2023.05.05 17:00:16;Sell;0.02;AUDUSD;0.67311;;;2023.05.08 21:08:40;0.67779;;-0.02;-9.36;
2023.05.08 17:00:13;Sell;0.10;AUDUSD;0.67999;;;2023.05.08 21:08:24;0.67775;;;22.40;
2023.05.04 21:00:23;Buy;0.02;USDCAD;1.35359;;;2023.05.08 20:55:22;1.33662;;-0.12;-25.39;
2023.05.08 13:00:10;Buy;2.86;USDCAD;1.33430;;;2023.05.08 20:55:07;1.33654;;;479.33;
2023.05.05 22:00:10;Buy;1.10;USDCAD;1.33758;;;2023.05.08 20:55:06;1.33653;;-3.38;-86.42;
2023.05.05 19:00:38;Buy;0.42;USDCAD;1.34210;;;2023.05.08 20:55:05;1.33661;;-1.29;-172.51;
2023.05.05 17:00:40;Buy;0.16;USDCAD;1.34528;;;2023.05.08 20:55:03;1.33661;;-0.49;-103.78;
2023.05.05 07:00:07;Buy;0.06;USDCAD;1.35070;;;2023.05.08 20:55:03;1.33661;;-0.18;-63.25;
2023.05.05 16:00:40;Buy;0.04;NZDCAD;0.84544;;;2023.05.08 17:38:13;0.84858;;-0.09;9.40;
2023.05.05 21:00:51;Buy;0.04;AUDCAD;0.90403;;;2023.05.08 17:37:31;0.90767;;-0.20;10.90;
2023.05.05 18:00:12;Sell;0.10;AUDNZD;1.07178;;;2023.05.08 14:27:57;1.07017;;-0.07;10.22;
2023.05.05 17:00:34;Sell;0.06;AUDNZD;1.07021;;;2023.05.08 14:27:56;1.07017;;-0.04;0.15;
2023.05.05 10:00:28;Sell;0.04;AUDNZD;1.06841;;;2023.05.08 14:27:56;1.07017;;-0.03;-4.47;
2023.05.05 07:00:05;Sell;0.02;AUDNZD;1.06719;;;2023.05.08 14:27:56;1.07017;;-0.01;-3.78;
2023.05.08 06:00:51;Sell;0.16;AUDNZD;1.07320;;;2023.05.08 14:27:35;1.07021;;;30.36;
2023.05.03 10:00:21;Sell;0.02;GBPUSD;1.25031;;;2023.05.05 15:42:24;1.25720;;-0.17;-13.78;
2023.05.03 18:00:10;Sell;0.04;GBPUSD;1.25318;;;2023.05.05 15:40:56;1.25675;;-0.35;-14.28;
2023.05.04 20:00:35;Sell;0.16;GBPUSD;1.25939;;;2023.05.05 15:40:14;1.25644;;-0.34;47.20;
2023.05.03 22:00:11;Sell;0.08;GBPUSD;1.25622;;;2023.05.05 15:39:55;1.25655;;-0.70;-2.64;
2023.05.05 10:00:40;Sell;0.32;GBPUSD;1.26291;;;2023.05.05 15:39:49;1.25675;;;197.12;
2023.05.02 09:00:35;Sell;0.04;NZDCAD;0.83805;;;2023.05.05 15:36:00;0.84680;;-0.78;-25.96;
2023.05.02 15:00:30;Sell;0.08;NZDCAD;0.84313;;;2023.05.05 15:35:58;0.84678;;-1.57;-21.66;
2023.05.03 03:00:19;Sell;0.12;NZDCAD;0.84792;;;2023.05.05 15:35:02;0.84701;;-1.89;8.09;
2023.05.04 20:00:35;Sell;0.02;AUDUSD;0.66987;;;2023.05.05 15:33:19;0.67149;;-0.02;-3.24;
2023.05.04 14:00:33;Sell;0.20;NZDCAD;0.85178;;;2023.05.05 15:33:18;0.84730;;-0.79;66.46;
2023.05.02 09:00:56;Sell;0.04;AUDCAD;0.90688;;;2023.05.05 15:32:44;0.90555;;-0.60;3.95;
2023.05.05 06:00:08;Sell;0.02;AUDUSD;0.67211;;;2023.05.05 15:32:19;0.67164;;;0.94;
2023.05.05 09:00:18;Sell;0.08;AUDCAD;0.90964;;;2023.05.05 15:31:36;0.90591;;;22.12;
2023.05.05 07:00:06;Sell;0.04;AUDUSD;0.67353;;;2023.05.05 15:31:34;0.67131;;;8.88;
2023.05.02 22:00:14;Buy;0.04;AUDNZD;1.07340;;;2023.05.05 06:42:48;1.06714;;-1.26;-15.79;
2023.05.04 18:00:39;Buy;0.36;AUDNZD;1.06376;;;2023.05.05 06:42:47;1.06714;;-2.29;76.75;
2023.05.02 18:00:34;Buy;0.02;AUDNZD;1.07448;;;2023.05.05 06:42:47;1.06714;;-0.64;-9.26;
2023.05.04 15:00:47;Buy;0.24;AUDNZD;1.06533;;;2023.05.05 06:42:46;1.06714;;-1.53;27.39;
2023.05.04 14:00:14;Buy;0.16;AUDNZD;1.06669;;;2023.05.05 06:42:45;1.06713;;-1.02;4.44;
2023.05.03 05:00:09;Buy;0.10;AUDNZD;1.06871;;;2023.05.05 06:42:44;1.06713;;-2.54;-9.96;
2023.05.03 03:00:13;Buy;0.06;AUDNZD;1.07159;;;2023.05.05 06:42:44;1.06713;;-1.52;-16.88;
2023.05.04 19:00:41;Buy;0.16;AUDNZD;1.06286;;;2023.05.05 06:07:29;1.06673;;-1.02;39.03;
2023.05.04 15:00:49;Buy;0.08;AUDNZD;1.06535;;;2023.05.05 06:07:27;1.06675;;-0.51;7.06;
2023.05.03 05:00:15;Buy;0.04;AUDNZD;1.06871;;;2023.05.05 06:07:26;1.06675;;-1.01;-4.94;
2023.05.03 03:00:21;Buy;0.02;AUDNZD;1.07162;;;2023.05.05 06:07:25;1.06676;;-0.51;-6.13;
2023.05.04 12:00:23;Buy;0.02;AUDUSD;0.66605;;;2023.05.04 19:15:45;0.66896;;;5.82;
2023.05.03 23:00:30;Sell;0.02;GBPCAD;1.70989;;;2023.05.04 18:11:22;1.70623;;-0.16;5.39;
2023.05.04 06:00:13;Sell;0.02;AUDUSD;0.66916;;;2023.05.04 10:24:20;0.66664;;;5.04;
2023.05.04 05:00:46;Sell;0.02;AUDUSD;0.66735;;;2023.05.04 10:24:17;0.66664;;;1.42;
2023.05.04 02:00:14;Buy;0.02;AUDUSD;0.66472;;;2023.05.04 04:58:17;0.66724;;;5.04;
2023.05.03 23:00:18;Buy;0.02;AUDUSD;0.66690;;;2023.05.04 04:58:16;0.66723;;-0.31;0.66;
2023.05.02 08:00:37;Sell;0.02;AUDCAD;0.90617;;;2023.05.04 01:58:00;0.90579;;-0.24;0.56;
2023.05.02 10:00:39;Sell;0.04;AUDCAD;0.90885;;;2023.05.04 01:57:56;0.90581;;-0.48;8.93;
2023.05.02 18:00:17;Buy;0.02;AUDUSD;0.66622;;;2023.05.03 21:00:23;0.66941;;-0.10;6.38;
2023.05.02 15:00:51;Sell;0.02;AUDUSD;0.66976;;;2023.05.02 17:52:15;0.66687;;;5.78;
2023.05.02 03:00:54;Buy;0.02;GBPUSD;1.24871;;;2023.05.02 17:40:45;1.24851;;;-0.40;
2023.05.02 16:00:15;Buy;0.04;GBPUSD;1.24583;;;2023.05.02 17:40:08;1.24843;;;10.40;
2023.05.01 08:00:17;Sell;0.02;AUDNZD;1.07300;;;2023.05.02 17:26:30;1.07629;;-0.01;-4.08;
2023.05.01 12:00:11;Sell;0.04;AUDNZD;1.07443;;;2023.05.02 17:26:06;1.07633;;-0.01;-4.72;
2023.05.01 17:00:48;Sell;0.06;AUDNZD;1.07562;;;2023.05.02 17:25:18;1.07632;;-0.02;-2.61;
2023.05.02 08:00:33;Sell;0.10;AUDNZD;1.08272;;;2023.05.02 17:25:15;1.07632;;;39.68;
2023.04.28 19:00:05;Buy;0.02;USDCAD;1.35546;;;2023.05.02 16:57:56;1.36110;;-0.12;8.29;
2023.05.02 08:00:38;Sell;0.02;AUDNZD;1.08269;;;2023.05.02 14:31:09;1.07826;;;5.50;
2023.05.02 10:00:37;Sell;0.02;AUDUSD;0.67109;;;2023.05.02 13:00:32;0.66867;;;4.84;
2023.05.02 08:00:36;Sell;0.02;AUDUSD;0.66951;;;2023.05.02 13:00:32;0.66867;;;1.68;
2023.05.01 19:00:22;Buy;0.02;AUDUSD;0.66350;;;2023.05.02 07:32:46;0.66785;;-0.11;8.70;
2023.04.21 21:00:22;Sell;0.02;NZDCAD;0.83181;;;2023.05.01 18:55:30;0.83560;;-0.58;-5.60;
2023.04.28 15:00:37;Sell;0.12;NZDCAD;0.83962;;;2023.05.01 18:55:23;0.83563;;-0.45;35.33;
2023.04.25 02:00:10;Sell;0.04;NZDCAD;0.83541;;;2023.05.01 18:55:21;0.83562;;-0.89;-0.62;
2023.04.28 18:00:16;Sell;0.02;AUDUSD;0.66073;;;2023.05.01 18:25:00;0.66374;;-0.01;-6.02;
2023.05.01 06:00:33;Sell;0.02;AUDUSD;0.66206;;;2023.05.01 18:24:21;0.66360;;;-3.08;
2023.05.01 16:00:24;Sell;0.06;AUDUSD;0.66577;;;2023.05.01 18:24:18;0.66357;;;13.20;
2023.05.01 07:00:25;Sell;0.04;AUDUSD;0.66347;;;2023.05.01 18:24:18;0.66357;;;-0.40;
2023.04.19 10:00:51;Sell;0.01;GBPCAD;1.66953;;;2023.05.01 17:43:43;1.69486;;-0.34;-18.71;
2023.04.24 20:00:13;Sell;0.09;GBPCAD;1.68807;;;2023.05.01 17:43:40;1.69481;;-1.61;-44.80;
2023.04.21 20:00:08;Sell;0.04;GBPCAD;1.68307;;;2023.05.01 17:43:39;1.69482;;-0.81;-34.71;
2023.04.20 12:00:27;Sell;0.02;GBPCAD;1.67637;;;2023.05.01 17:43:39;1.69481;;-0.45;-27.24;
2023.04.26 12:00:16;Sell;0.88;GBPCAD;1.69970;;;2023.05.01 17:43:20;1.69477;;-11.24;320.41;
2023.04.26 07:00:33;Sell;0.40;GBPCAD;1.69280;;;2023.05.01 17:43:18;1.69479;;-5.11;-58.79;
2023.04.28 18:00:23;Sell;0.02;GBPUSD;1.25667;;;2023.05.01 10:40:34;1.25375;;-0.05;5.84;
2023.04.28 17:00:48;Buy;0.64;AUDNZD;1.06998;;;2023.05.01 10:27:50;1.07379;;-4.18;150.75;
2023.04.28 14:00:24;Buy;0.32;AUDNZD;1.07238;;;2023.05.01 10:27:49;1.07381;;-2.09;28.29;
2023.04.28 11:00:22;Buy;0.16;AUDNZD;1.07464;;;2023.05.01 10:27:49;1.07383;;-1.05;-8.01;
2023.04.26 08:00:33;Buy;0.08;AUDNZD;1.07760;;;2023.05.01 10:27:48;1.07383;;-2.59;-18.65;
2023.04.25 14:00:19;Buy;0.02;AUDNZD;1.08002;;;2023.05.01 10:27:48;1.07381;;-0.78;-7.68;
2023.04.25 10:00:22;Buy;0.01;AUDNZD;1.08221;;;2023.05.01 10:27:46;1.07381;;-0.39;-5.19;
2023.04.28 16:00:14;Buy;0.04;AUDCAD;0.89843;;;2023.05.01 08:40:37;0.89977;;-0.21;3.95;
2023.04.28 21:00:40;Buy;0.08;AUDCAD;0.89583;;;2023.05.01 08:40:26;0.89975;;-0.43;23.14;
2023.04.28 18:01:34;Buy;0.06;AUDCAD;0.89700;;;2023.05.01 08:40:26;0.89975;;-0.32;12.17;
2023.04.28 16:00:16;Buy;0.04;AUDCAD;0.89843;;;2023.05.01 08:40:25;0.89975;;-0.21;3.89;
2023.04.26 09:00:32;Buy;0.02;AUDCAD;0.90044;;;2023.05.01 08:40:25;0.89975;;-0.54;-1.02;
2023.04.28 20:00:08;Buy;0.36;AUDNZD;1.06980;;;2023.05.01 06:33:26;1.07262;;-2.35;62.77;
2023.04.26 10:00:33;Buy;0.04;AUDNZD;1.07717;;;2023.05.01 06:33:26;1.07263;;-1.30;-11.23;
2023.04.25 17:01:20;Buy;0.01;AUDNZD;1.07894;;;2023.05.01 06:33:26;1.07262;;-0.39;-3.91;
2023.04.28 15:00:21;Buy;0.24;AUDNZD;1.07107;;;2023.05.01 06:33:25;1.07262;;-1.57;23.00;
2023.04.28 14:00:20;Buy;0.16;AUDNZD;1.07237;;;2023.05.01 06:33:24;1.07263;;-1.05;2.57;
2023.04.28 11:00:18;Buy;0.10;AUDNZD;1.07465;;;2023.05.01 06:33:24;1.07263;;-0.65;-12.49;
2023.04.27 12:00:23;Buy;0.06;AUDNZD;1.07591;;;2023.05.01 06:33:23;1.07263;;-0.78;-12.17;
2023.04.28 11:00:19;Buy;0.02;AUDUSD;0.65964;;;2023.04.28 17:58:16;0.66062;;;1.96;
2023.04.28 13:00:27;Buy;0.02;AUDUSD;0.65815;;;2023.04.28 17:58:08;0.66063;;;4.96;
2023.04.27 21:00:51;Sell;0.02;AUDUSD;0.66252;;;2023.04.28 10:07:22;0.65971;;-0.01;5.62;
2023.04.27 09:00:19;Sell;0.02;AUDUSD;0.66280;;;2023.04.27 16:43:10;0.65984;;;5.92;
2023.04.25 11:00:15;Buy;0.01;AUDUSD;0.66603;;;2023.04.27 08:30:51;0.66294;;-0.21;-3.09;
2023.04.24 14:00:12;Buy;0.01;AUDUSD;0.66817;;;2023.04.27 08:30:49;0.66294;;-0.26;-5.23;
2023.04.25 17:00:38;Buy;0.02;AUDUSD;0.66365;;;2023.04.27 08:30:45;0.66309;;-0.44;-1.12;
2023.04.26 12:00:16;Buy;0.10;AUDUSD;0.66062;;;2023.04.27 08:30:35;0.66309;;-1.64;24.70;
2023.04.25 21:00:07;Buy;0.03;AUDUSD;0.66187;;;2023.04.27 08:30:34;0.66309;;-0.65;3.66;
2023.04.26 17:00:13;Sell;0.02;GBPUSD;1.24944;;;2023.04.26 17:53:06;1.24625;;;6.38;
2023.04.25 21:00:07;Sell;0.03;USDCAD;1.36458;;;2023.04.26 11:30:33;1.36166;;-0.19;6.43;
2023.04.25 17:01:39;Sell;0.01;USDCAD;1.36184;;;2023.04.26 11:30:32;1.36165;;-0.06;0.14;
2023.04.25 17:00:25;Buy;0.01;GBPUSD;1.24115;;;2023.04.26 09:47:22;1.24416;;-0.08;3.01;
2023.04.21 15:00:14;Sell;0.01;AUDNZD;1.09268;;;2023.04.25 16:42:35;1.07934;;;8.21;
2023.04.25 02:00:10;Sell;0.02;GBPUSD;1.24909;;;2023.04.25 10:05:45;1.24590;;;6.38;
2023.04.24 20:00:13;Sell;0.01;GBPUSD;1.24673;;;2023.04.25 10:05:44;1.24586;;-0.02;0.87;
2023.04.20 22:00:16;Buy;0.01;AUDUSD;0.67428;;;2023.04.24 12:27:17;0.66941;;-0.12;-4.87;
2023.04.21 10:00:16;Buy;0.03;AUDUSD;0.66879;;;2023.04.24 12:27:12;0.66941;;-0.17;1.86;
2023.04.21 09:00:32;Buy;0.02;AUDUSD;0.67074;;;2023.04.24 12:27:12;0.66941;;-0.11;-2.66;
2023.04.21 05:00:18;Buy;0.01;AUDUSD;0.67246;;;2023.04.24 12:27:11;0.66941;;-0.06;-3.05;
2023.04.24 10:00:38;Buy;0.05;AUDUSD;0.66708;;;2023.04.24 12:27:05;0.66939;;;11.55;
2023.04.17 17:01:10;Sell;0.01;USDCAD;1.33969;;;2023.04.24 11:59:41;1.35336;;-0.43;-10.10;
2023.04.19 13:00:09;Sell;0.03;USDCAD;1.34302;;;2023.04.24 11:59:38;1.35336;;-0.95;-22.92;
2023.04.24 06:00:19;Sell;1.43;USDCAD;1.35520;;;2023.04.24 11:59:23;1.35348;;;181.72;
2023.04.21 10:00:30;Sell;0.55;USDCAD;1.35248;;;2023.04.24 11:59:22;1.35339;;-3.52;-36.98;
2023.04.21 05:00:14;Sell;0.21;USDCAD;1.34948;;;2023.04.24 11:59:22;1.35339;;-1.34;-60.67;
2023.04.19 22:00:29;Sell;0.08;USDCAD;1.34617;;;2023.04.24 11:59:21;1.35339;;-2.53;-42.68;
2023.04.21 15:00:15;Sell;0.02;AUDNZD;1.09266;;;2023.04.21 17:45:42;1.08904;;;4.45;
2023.04.20 16:00:42;Sell;0.01;AUDNZD;1.09036;;;2023.04.21 17:45:41;1.08905;;;0.81;
2023.04.20 14:00:15;Sell;0.02;NZDCAD;0.83251;;;2023.04.21 10:36:06;0.82940;;-0.07;4.60;
2023.04.20 19:00:23;Sell;0.02;AUDCAD;0.90885;;;2023.04.21 09:28:52;0.90528;;-0.05;5.28;
2023.04.20 23:00:27;Sell;0.08;AUDNZD;1.09223;;;2023.04.21 09:10:35;1.08938;;-0.04;14.04;
2023.04.20 17:00:39;Sell;0.05;AUDNZD;1.09083;;;2023.04.21 09:10:35;1.08938;;-0.02;4.47;
2023.04.20 15:00:14;Sell;0.03;AUDNZD;1.08972;;;2023.04.21 09:10:34;1.08938;;-0.01;0.63;
2023.04.20 06:00:21;Sell;0.02;AUDNZD;1.08830;;;2023.04.21 09:10:33;1.08938;;-0.01;-1.33;
2023.04.20 02:00:08;Sell;0.01;AUDNZD;1.08740;;;2023.04.21 09:10:33;1.08938;;;-1.22;
2023.04.20 14:00:30;Sell;0.02;AUDCAD;0.90682;;;2023.04.21 09:05:17;0.90590;;-0.05;1.36;
2023.04.20 16:00:40;Sell;0.03;AUDCAD;0.90882;;;2023.04.21 09:05:16;0.90590;;-0.08;6.49;
2023.04.20 13:00:21;Sell;0.01;AUDCAD;0.90462;;;2023.04.21 09:05:03;0.90587;;-0.03;-0.92;
2023.04.20 16:00:19;Sell;0.01;AUDUSD;0.67485;;;2023.04.20 21:29:17;0.67456;;;0.29;
2023.04.20 14:00:20;Sell;0.01;AUDUSD;0.67358;;;2023.04.20 21:29:17;0.67456;;;-0.98;
2023.04.20 18:00:37;Sell;0.02;AUDUSD;0.67654;;;2023.04.20 21:29:05;0.67457;;;3.94;
2023.04.19 12:00:28;Buy;0.01;AUDUSD;0.67064;;;2023.04.20 13:58:41;0.67354;;-0.16;2.90;
2023.04.19 16:00:48;Sell;0.02;NZDCAD;0.83396;;;2023.04.20 02:00:12;0.83061;;-0.22;4.97;
2023.04.19 17:00:15;Buy;0.02;AUDNZD;1.08145;;;2023.04.20 02:00:04;1.08723;;-0.39;7.13;
2023.04.19 16:00:10;Buy;0.01;AUDNZD;1.08267;;;2023.04.20 02:00:03;1.08727;;-0.19;2.84;
2023.04.18 09:00:34;Sell;0.01;AUDNZD;1.08653;;;2023.04.19 16:36:11;1.08193;;-0.01;2.86;
2023.04.14 12:00:20;Buy;0.02;NZDCAD;0.83817;;;2023.04.19 15:43:32;0.83427;;-0.15;-5.81;
2023.04.14 19:00:19;Buy;0.06;NZDCAD;0.83045;;;2023.04.19 15:43:23;0.83419;;-0.45;16.70;
2023.04.14 17:01:24;Buy;0.04;NZDCAD;0.83373;;;2023.04.19 15:43:22;0.83419;;-0.30;1.37;
2023.04.18 09:00:20;Sell;0.01;AUDUSD;0.67290;;;2023.04.19 11:13:22;0.67059;;-0.01;2.31;
2023.04.18 05:00:30;Sell;0.01;AUDUSD;0.67169;;;2023.04.19 11:13:20;0.67059;;-0.01;1.10;
2023.04.17 05:00:41;Sell;0.01;AUDNZD;1.08210;;;2023.04.18 13:16:44;1.08355;;;-0.90;
2023.04.17 18:00:16;Sell;0.02;AUDNZD;1.08436;;;2023.04.18 13:16:43;1.08355;;-0.01;1.00;
2023.04.18 09:00:21;Sell;0.05;AUDNZD;1.08658;;;2023.04.18 13:16:38;1.08354;;;9.45;
2023.04.18 06:00:23;Sell;0.03;AUDNZD;1.08565;;;2023.04.18 13:16:37;1.08354;;;3.93;
2023.04.14 20:00:22;Buy;0.02;AUDCAD;0.89688;;;2023.04.18 09:42:04;0.90042;;-0.22;5.29;
2023.04.17 04:00:25;Buy;0.01;AUDCAD;0.89550;;;2023.04.18 08:33:07;0.89998;;-0.05;3.35;
2023.04.14 16:00:36;Buy;0.01;AUDUSD;0.67652;;;2023.04.18 04:43:58;0.67123;;-0.10;-5.29;
2023.04.17 17:00:37;Buy;0.03;AUDUSD;0.66916;;;2023.04.18 04:43:56;0.67121;;-0.16;6.15;
2023.04.14 19:00:28;Buy;0.02;AUDUSD;0.67024;;;2023.04.18 04:43:55;0.67121;;-0.22;1.94;
2023.04.14 18:00:32;Buy;0.01;AUDUSD;0.67176;;;2023.04.18 04:43:53;0.67120;;-0.10;-0.56;
2023.04.17 12:00:35;Buy;0.04;GBPCAD;1.65458;;;2023.04.17 14:50:57;1.66046;;;17.59;
2023.04.14 19:00:18;Buy;0.02;GBPCAD;1.66129;;;2023.04.17 14:50:56;1.66046;;-0.15;-1.24;
2023.04.14 12:00:18;Buy;0.01;GBPCAD;1.66662;;;2023.04.17 14:50:56;1.66046;;-0.07;-4.60;
2023.04.14 18:00:34;Buy;0.01;GBPUSD;1.24443;;;2023.04.17 13:37:21;1.24074;;-0.07;-3.69;
2023.04.17 12:00:17;Buy;0.04;GBPUSD;1.23777;;;2023.04.17 13:37:08;1.24079;;;12.08;
2023.04.14 19:00:19;Buy;0.02;GBPUSD;1.24165;;;2023.04.17 13:37:07;1.24079;;-0.15;-1.72;
2023.04.13 17:00:46;Buy;0.02;AUDNZD;1.07540;;;2023.04.14 20:03:32;1.08108;;-0.13;7.04;
2023.04.13 16:00:16;Buy;0.01;AUDNZD;1.07675;;;2023.04.14 20:03:31;1.08108;;-0.07;2.68;
2023.04.13 17:00:34;Sell;0.01;AUDCAD;0.90505;;;2023.04.14 17:02:55;0.90031;;-0.03;3.56;
2023.04.12 22:00:21;Buy;0.03;USDCAD;1.34323;;;2023.04.14 15:47:19;1.33467;;-0.42;-19.24;
2023.04.12 05:00:14;Buy;0.01;USDCAD;1.34599;;;2023.04.14 15:47:17;1.33465;;-0.14;-8.50;
2023.04.13 13:00:21;Buy;0.08;USDCAD;1.33967;;;2023.04.14 15:47:02;1.33454;;-0.28;-30.75;
2023.04.13 16:00:15;Sell;0.02;AUDCAD;0.90468;;;2023.04.14 15:46:55;0.90172;;-0.05;4.43;
2023.04.13 19:00:28;Buy;0.21;USDCAD;1.33458;;;2023.04.14 15:46:10;1.33407;;-0.73;-8.03;
2023.04.14 13:00:50;Buy;0.55;USDCAD;1.33172;;;2023.04.14 15:46:03;1.33405;;;96.06;
2023.04.14 12:00:16;Buy;0.01;AUDUSD;0.67657;;;2023.04.14 15:30:43;0.67884;;;2.27;
2023.04.13 12:00:31;Sell;0.01;GBPUSD;1.25201;;;2023.04.14 14:33:56;1.24889;;-0.03;3.12;
2023.04.13 11:00:09;Sell;0.02;AUDUSD;0.67243;;;2023.04.14 11:59:21;0.67659;;-0.01;-8.32;
2023.04.12 16:00:22;Sell;0.01;AUDUSD;0.67065;;;2023.04.14 11:59:19;0.67659;;-0.03;-5.94;
2023.04.11 06:00:13;Sell;0.01;AUDUSD;0.66650;;;2023.04.14 11:59:18;0.67658;;-0.04;-10.08;
2023.04.13 21:00:36;Sell;0.08;AUDUSD;0.67923;;;2023.04.14 11:59:05;0.67647;;-0.06;22.08;
2023.04.13 19:00:26;Sell;0.05;AUDUSD;0.67782;;;2023.04.14 11:59:04;0.67647;;-0.04;6.75;
2023.04.13 16:00:18;Sell;0.03;AUDUSD;0.67555;;;2023.04.14 11:59:03;0.67647;;-0.02;-2.76;
2023.04.13 17:00:36;Sell;0.02;NZDCAD;0.84173;;;2023.04.14 11:52:26;0.83850;;-0.07;4.85;
2023.04.10 18:00:19;Buy;0.06;NZDCAD;0.83968;;;2023.04.13 16:21:34;0.84092;;-0.75;5.56;
2023.04.06 06:00:04;Buy;0.02;NZDCAD;0.84823;;;2023.04.13 16:21:34;0.84092;;-0.35;-10.92;
2023.04.11 18:00:27;Buy;0.10;NZDCAD;0.83625;;;2023.04.13 16:21:33;0.84092;;-0.99;34.90;
2023.04.06 16:00:47;Buy;0.04;NZDCAD;0.84325;;;2023.04.13 16:21:05;0.84097;;-0.70;-6.82;
2023.04.11 16:00:12;Sell;0.02;AUDNZD;1.07266;;;2023.04.13 15:56:18;1.07713;;-0.04;-5.61;
2023.04.11 06:00:09;Sell;0.01;AUDNZD;1.07062;;;2023.04.13 15:56:18;1.07713;;-0.01;-4.09;
2023.04.12 14:00:25;Sell;0.08;AUDNZD;1.07696;;;2023.04.13 15:55:33;1.07692;;-0.12;0.20;
2023.04.13 05:00:12;Sell;0.16;AUDNZD;1.08074;;;2023.04.13 15:54:53;1.07666;;;41.00;
2023.04.12 05:00:13;Sell;0.04;AUDNZD;1.07483;;;2023.04.13 15:54:42;1.07671;;-0.06;-4.73;
2023.04.06 10:00:19;Sell;0.02;AUDNZD;1.06566;;;2023.04.13 15:35:10;1.07810;;-0.07;-15.57;
2023.04.05 22:00:16;Sell;0.01;AUDNZD;1.06409;;;2023.04.13 15:35:09;1.07810;;-0.03;-8.77;
2023.04.06 18:00:16;Sell;0.03;AUDNZD;1.06701;;;2023.04.13 15:35:01;1.07808;;-0.08;-20.78;
2023.04.11 05:00:08;Sell;0.08;AUDNZD;1.06950;;;2023.04.13 15:34:31;1.07818;;-0.16;-43.45;
2023.04.06 22:00:10;Sell;0.05;AUDNZD;1.06832;;;2023.04.13 15:33:32;1.07805;;-0.15;-30.43;
2023.04.11 17:00:46;Sell;0.27;AUDNZD;1.07385;;;2023.04.13 15:33:19;1.07810;;-0.53;-71.80;
2023.04.11 07:00:21;Sell;0.12;AUDNZD;1.07082;;;2023.04.13 15:32:39;1.07820;;-0.24;-55.41;
2023.04.11 09:00:37;Sell;0.18;AUDNZD;1.07235;;;2023.04.13 15:32:13;1.07808;;-0.36;-64.57;
2023.04.12 09:00:37;Sell;0.62;AUDNZD;1.07625;;;2023.04.13 15:31:22;1.07815;;-0.91;-73.80;
2023.04.12 05:00:12;Sell;0.41;AUDNZD;1.07483;;;2023.04.13 15:31:20;1.07815;;-0.60;-85.29;
2023.04.13 05:00:22;Sell;1.40;AUDNZD;1.08069;;;2023.04.13 15:30:23;1.07773;;;259.53;
2023.04.12 21:01:07;Sell;0.93;AUDNZD;1.07751;;;2023.04.13 15:30:21;1.07771;;-1.37;-11.65;
2023.04.10 19:00:13;Buy;0.01;AUDCAD;0.89678;;;2023.04.12 15:32:48;0.90210;;-0.10;3.96;
2023.04.10 17:00:30;Buy;0.02;AUDCAD;0.89749;;;2023.04.12 15:31:51;0.90222;;-0.22;7.04;
2023.04.11 14:00:10;Sell;0.01;GBPUSD;1.24509;;;2023.04.11 14:37:46;1.24209;;;3.00;
2023.04.07 17:00:13;Buy;0.01;AUDUSD;0.66696;;;2023.04.11 05:09:46;0.66643;;-0.10;-0.53;
2023.04.10 17:00:30;Buy;0.01;AUDUSD;0.66221;;;2023.04.11 05:09:02;0.66636;;-0.05;4.15;
2023.04.10 16:00:21;Buy;0.02;GBPUSD;1.23543;;;2023.04.11 02:22:32;1.23881;;-0.14;6.76;
2023.04.07 16:00:17;Buy;0.01;GBPUSD;1.24163;;;2023.04.11 02:22:32;1.23880;;-0.14;-2.83;
2023.04.07 12:00:09;Sell;0.03;USDCAD;1.35088;;;2023.04.10 20:22:15;1.35183;;-0.18;-2.11;
2023.04.06 06:00:15;Sell;0.01;USDCAD;1.34808;;;2023.04.10 20:22:15;1.35183;;-0.12;-2.77;
2023.04.10 16:00:31;Sell;0.08;USDCAD;1.35440;;;2023.04.10 20:22:06;1.35184;;;15.15;
2023.04.06 22:00:11;Sell;0.01;AUDUSD;0.66795;;;2023.04.07 15:35:49;0.66496;;-0.01;2.99;
2023.04.06 09:00:31;Buy;0.01;AUDUSD;0.66933;;;2023.04.06 19:13:01;0.66778;;;-1.55;
2023.04.06 17:00:18;Buy;0.02;AUDUSD;0.66562;;;2023.04.06 19:12:47;0.66779;;;4.34;
2023.04.06 16:00:15;Buy;0.01;AUDUSD;0.66709;;;2023.04.06 19:12:47;0.66779;;;0.70;
2023.04.05 19:00:26;Sell;0.01;AUDUSD;0.67278;;;2023.04.06 05:42:37;0.66977;;-0.02;3.01;
2023.04.05 14:00:22;Buy;0.02;NZDCAD;0.84839;;;2023.04.05 18:41:15;0.85171;;;4.94;
2023.04.05 14:00:21;Buy;0.04;AUDCAD;0.90074;;;2023.04.05 18:25:58;0.90466;;;11.64;
2023.04.05 11:00:18;Buy;0.02;AUDCAD;0.90357;;;2023.04.05 18:25:57;0.90466;;;1.62;
2023.04.05 10:00:17;Buy;0.02;AUDNZD;1.05908;;;2023.04.05 18:18:11;1.06351;;;5.60;
2023.04.05 07:00:09;Buy;0.01;AUDNZD;1.06372;;;2023.04.05 18:18:10;1.06355;;;-0.11;
2023.04.05 10:00:36;Buy;0.18;AUDNZD;1.05916;;;2023.04.05 18:18:05;1.06360;;;50.48;
2023.04.05 08:00:16;Buy;0.12;AUDNZD;1.06222;;;2023.04.05 18:18:05;1.06360;;;10.46;
2023.04.05 07:00:36;Buy;0.08;AUDNZD;1.06364;;;2023.04.05 18:18:03;1.06359;;;-0.25;
2023.04.05 06:00:27;Buy;0.05;AUDNZD;1.06519;;;2023.04.05 18:18:03;1.06359;;;-5.05;
2023.04.04 18:00:41;Buy;0.03;AUDNZD;1.06961;;;2023.04.05 18:18:03;1.06359;;-0.18;-11.41;
2023.04.04 16:00:18;Buy;0.02;AUDNZD;1.07140;;;2023.04.05 18:18:02;1.06359;;-0.12;-9.86;
2023.04.04 08:00:10;Buy;0.01;AUDNZD;1.07295;;;2023.04.05 18:18:01;1.06354;;-0.06;-5.94;
2023.04.04 13:00:36;Sell;0.01;GBPCAD;1.67866;;;2023.04.05 17:46:23;1.67506;;-0.03;2.67;
2023.04.05 14:00:21;Buy;0.02;AUDCAD;0.90074;;;2023.04.05 17:05:36;0.90319;;;3.64;
2023.04.05 12:00:11;Buy;0.01;AUDCAD;0.90235;;;2023.04.05 17:05:35;0.90321;;;0.64;
2023.04.05 10:00:37;Buy;0.01;AUDUSD;0.67217;;;2023.04.05 17:01:11;0.67229;;;0.12;
2023.04.05 09:00:16;Buy;0.01;AUDUSD;0.67360;;;2023.04.05 17:01:10;0.67239;;;-1.21;
2023.04.05 12:00:10;Buy;0.02;AUDUSD;0.66974;;;2023.04.05 17:00:57;0.67238;;;5.28;
2023.04.05 06:00:27;Sell;0.04;NZDCAD;0.85326;;;2023.04.05 13:24:53;0.84898;;;12.70;
2023.04.03 15:00:44;Sell;0.02;NZDCAD;0.84583;;;2023.04.05 13:24:53;0.84898;;-0.14;-4.67;
2023.04.05 06:00:27;Sell;0.01;AUDUSD;0.67645;;;2023.04.05 08:31:40;0.67420;;;2.25;
2023.04.04 18:00:39;Sell;0.01;AUDUSD;0.67471;;;2023.04.05 08:31:38;0.67417;;-0.01;0.54;
2023.04.04 12:00:11;Buy;0.01;AUDCAD;0.90545;;;2023.04.05 05:02:44;0.90858;;-0.05;2.33;
2023.04.04 16:00:17;Buy;0.01;AUDUSD;0.67253;;;2023.04.04 17:19:49;0.67536;;;2.83;
2023.04.04 11:00:28;Buy;0.01;AUDUSD;0.67561;;;2023.04.04 17:19:49;0.67536;;;-0.25;
2023.04.04 13:00:37;Sell;0.08;GBPUSD;1.25099;;;2023.04.04 15:49:26;1.24681;;;33.44;
2023.04.04 11:00:28;Sell;0.04;GBPUSD;1.24699;;;2023.04.04 15:49:26;1.24681;;;0.72;
2023.04.03 17:01:18;Sell;0.02;GBPUSD;1.24083;;;2023.04.04 15:49:25;1.24681;;-0.06;-11.96;
2023.04.03 14:00:10;Sell;0.01;GBPUSD;1.23634;;;2023.04.04 15:49:25;1.24681;;-0.03;-10.47;
2023.04.04 14:00:17;Buy;0.08;USDCAD;1.34156;;;2023.04.04 14:27:48;1.34375;;;13.04;
2023.04.03 17:00:42;Buy;0.03;USDCAD;1.34379;;;2023.04.04 14:27:48;1.34375;;-0.11;-0.09;
2023.04.03 14:00:09;Buy;0.01;USDCAD;1.34707;;;2023.04.04 14:27:47;1.34375;;-0.04;-2.47;
2023.04.03 15:00:41;Sell;0.02;AUDUSD;0.67586;;;2023.04.04 10:35:02;0.67466;;-0.02;2.40;
2023.04.03 13:00:17;Sell;0.01;AUDUSD;0.67143;;;2023.04.04 10:35:02;0.67466;;-0.01;-3.23;
2023.04.03 11:00:16;Sell;0.01;AUDUSD;0.66961;;;2023.04.04 10:35:01;0.67466;;-0.01;-5.05;
2023.04.03 18:00:32;Sell;0.03;AUDUSD;0.67819;;;2023.04.04 10:34:23;0.67485;;-0.03;10.02;
2023.04.03 18:00:15;Sell;0.02;AUDCAD;0.91235;;;2023.04.04 07:35:30;0.90868;;-0.05;5.47;
2023.04.03 15:00:43;Sell;0.01;AUDCAD;0.90906;;;2023.04.04 07:35:29;0.90868;;-0.03;0.28;
2023.04.03 18:00:20;Sell;0.02;AUDCAD;0.91235;;;2023.04.04 07:35:03;0.90912;;-0.05;4.81;
2023.03.22 22:00:48;Sell;0.01;AUDNZD;1.07599;;;2023.04.04 07:31:43;1.07584;;-0.13;0.10;
2023.04.03 17:00:39;Sell;0.02;AUDNZD;1.07735;;;2023.04.04 07:31:08;1.07616;;-0.02;1.50;
2023.04.03 19:00:21;Sell;0.03;AUDNZD;1.07847;;;2023.04.04 07:31:06;1.07619;;-0.03;4.31;
2023.04.03 02:00:39;Buy;0.04;NZDCAD;0.84238;;;2023.04.03 14:48:57;0.84537;;;8.89;
2023.03.31 21:00:11;Buy;0.02;NZDCAD;0.84600;;;2023.04.03 14:48:57;0.84537;;-0.06;-0.94;
2023.04.03 01:00:50;Buy;0.04;AUDCAD;0.90295;;;2023.04.03 14:32:10;0.90751;;;13.55;
2023.03.29 15:00:11;Buy;0.02;AUDCAD;0.90682;;;2023.04.03 14:32:09;0.90751;;-0.54;1.02;
2023.04.03 02:00:39;Buy;0.01;GBPCAD;1.66163;;;2023.04.03 13:01:05;1.66537;;;2.77;
2023.03.29 20:00:21;Buy;0.01;AUDCAD;0.90680;;;2023.04.03 12:21:00;0.90478;;-0.26;-1.50;
2023.04.03 04:00:47;Buy;0.03;AUDCAD;0.90060;;;2023.04.03 12:20:53;0.90478;;;9.30;
2023.03.31 21:00:11;Buy;0.02;AUDCAD;0.90445;;;2023.04.03 12:20:52;0.90477;;-0.11;0.48;
2023.03.31 21:00:08;Buy;0.01;AUDUSD;0.66810;;;2023.04.03 10:08:44;0.66827;;-0.05;0.17;
2023.03.31 18:00:21;Buy;0.01;AUDUSD;0.66976;;;2023.04.03 10:08:43;0.66827;;-0.05;-1.49;
2023.04.03 03:00:40;Buy;0.02;AUDUSD;0.66584;;;2023.04.03 10:08:32;0.66832;;;4.96;
2023.04.03 07:00:06;Buy;0.04;GBPUSD;1.22773;;;2023.04.03 10:01:44;1.23054;;;11.24;
2023.04.03 02:00:39;Buy;0.02;GBPUSD;1.23107;;;2023.04.03 10:01:44;1.23054;;;-1.06;
2023.03.31 21:00:12;Buy;0.01;GBPUSD;1.23340;;;2023.04.03 10:01:44;1.23054;;-0.07;-2.86;
2023.03.31 17:00:47;Sell;0.01;AUDUSD;0.67084;;;2023.03.31 17:51:41;0.66848;;;2.36;
2023.03.31 06:00:05;Sell;0.02;NZDCAD;0.85003;;;2023.03.31 17:50:02;0.84688;;;4.65;
2023.03.31 11:00:20;Buy;0.01;AUDUSD;0.66789;;;2023.03.31 16:35:43;0.67109;;;3.20;
2023.03.30 22:00:17;Sell;0.01;GBPUSD;1.23902;;;2023.03.31 10:45:27;1.23631;;-0.03;2.71;
2023.03.28 23:00:09;Buy;0.08;USDCAD;1.35982;;;2023.03.31 10:36:40;1.35591;;-1.46;-23.07;
2023.03.28 18:00:17;Buy;0.03;USDCAD;1.36296;;;2023.03.31 10:36:39;1.35594;;-0.55;-15.53;
2023.03.27 21:00:08;Buy;0.01;USDCAD;1.36588;;;2023.03.31 10:36:39;1.35594;;-0.23;-7.33;
2023.03.30 11:00:32;Buy;0.55;USDCAD;1.35408;;;2023.03.31 10:36:14;1.35585;;-2.02;71.80;
2023.03.29 21:00:09;Buy;0.21;USDCAD;1.35663;;;2023.03.31 10:36:14;1.35584;;-3.08;-12.24;
2023.03.31 05:01:01;Sell;0.01;AUDUSD;0.67240;;;2023.03.31 10:16:45;0.66965;;;2.75;
2023.03.30 10:00:52;Sell;0.01;AUDUSD;0.67081;;;2023.03.31 10:16:45;0.66965;;-0.01;1.16;
2023.03.29 17:00:30;Buy;0.02;NZDCAD;0.84556;;;2023.03.31 04:22:29;0.84917;;-0.23;5.34;
2023.03.29 17:00:31;Buy;0.01;GBPCAD;1.67305;;;2023.03.31 04:21:02;1.67757;;-0.29;3.34;
2023.03.29 19:00:09;Buy;0.01;AUDUSD;0.66795;;;2023.03.30 09:56:27;0.67105;;-0.15;3.10;
2023.03.29 11:00:22;Buy;0.01;AUDUSD;0.66720;;;2023.03.29 17:23:12;0.67029;;;3.09;
2023.03.28 12:00:23;Sell;0.02;NZDCAD;0.85083;;;2023.03.29 14:09:24;0.84749;;-0.06;4.92;
2023.03.28 18:01:14;Sell;0.01;AUDUSD;0.66982;;;2023.03.29 10:08:57;0.66734;;-0.01;2.48;
2023.03.28 05:00:10;Sell;0.01;AUDUSD;0.66796;;;2023.03.29 10:08:57;0.66734;;-0.01;0.62;
2023.03.28 19:00:19;Sell;0.02;GBPUSD;1.23401;;;2023.03.29 08:59:40;1.23153;;-0.06;4.96;
2023.03.28 04:00:29;Sell;0.01;GBPUSD;1.23098;;;2023.03.29 08:59:40;1.23153;;-0.03;-0.55;
2023.03.27 19:00:46;Buy;0.06;AUDCAD;0.90937;;;2023.03.28 12:30:13;0.91352;;-0.32;18.18;
2023.03.27 04:00:24;Buy;0.04;AUDCAD;0.91242;;;2023.03.28 12:30:11;0.91352;;-0.21;3.22;
2023.03.23 16:00:13;Buy;0.02;AUDCAD;0.91566;;;2023.03.28 12:30:09;0.91351;;-0.33;-3.14;
2023.03.24 20:00:27;Buy;0.01;AUDCAD;0.91301;;;2023.03.28 06:10:03;0.91241;;-0.10;-0.44;
2023.03.27 21:00:07;Buy;0.06;NZDCAD;0.84544;;;2023.03.28 06:10:01;0.84960;;-0.17;18.30;
2023.03.27 19:00:28;Buy;0.03;AUDCAD;0.90927;;;2023.03.28 06:10:01;0.91241;;-0.16;6.91;
2023.03.24 17:01:14;Buy;0.02;NZDCAD;0.85347;;;2023.03.28 06:10:01;0.84960;;-0.12;-5.67;
2023.03.27 14:00:33;Buy;0.02;AUDCAD;0.91121;;;2023.03.28 06:09:59;0.91241;;-0.11;1.76;
2023.03.27 13:00:44;Buy;0.04;NZDCAD;0.84981;;;2023.03.28 06:09:59;0.84960;;-0.12;-0.62;
2023.03.24 13:00:20;Buy;0.02;AUDUSD;0.66441;;;2023.03.28 04:08:25;0.66819;;-0.20;7.56;
2023.03.23 21:00:19;Buy;0.01;AUDUSD;0.67043;;;2023.03.28 04:08:25;0.66820;;-0.15;-2.23;
2023.03.23 22:00:53;Buy;0.01;AUDUSD;0.66921;;;2023.03.28 04:08:23;0.66819;;-0.15;-1.02;
2023.03.24 13:00:24;Sell;0.01;USDCAD;1.37750;;;2023.03.27 14:31:31;1.37130;;-0.06;4.52;
2023.03.24 13:00:43;Buy;0.01;GBPUSD;1.22181;;;2023.03.27 01:29:23;1.22407;;-0.07;2.26;
2023.03.23 07:00:15;Sell;0.04;NZDCAD;0.85779;;;2023.03.24 11:37:18;0.85504;;-0.12;8.00;
2023.03.22 23:00:27;Sell;0.02;NZDCAD;0.85433;;;2023.03.24 11:37:17;0.85507;;-0.24;-1.07;
2023.03.23 18:00:33;Buy;0.01;USDCAD;1.36347;;;2023.03.23 21:26:19;1.36967;;;4.53;
2023.03.23 16:00:15;Buy;0.01;AUDUSD;0.66939;;;2023.03.23 18:24:34;0.67247;;;3.08;
2023.03.23 06:00:09;Sell;0.01;AUDUSD;0.67295;;;2023.03.23 15:52:39;0.66998;;;2.97;
2023.03.22 22:01:02;Sell;0.01;AUDCAD;0.92076;;;2023.03.23 15:51:37;0.91613;;-0.08;3.39;
2023.03.23 06:00:25;Sell;0.01;GBPUSD;1.23137;;;2023.03.23 14:36:39;1.22833;;;3.04;
2023.03.23 09:00:14;Sell;0.01;GBPCAD;1.68467;;;2023.03.23 13:57:26;1.68048;;;3.06;
2023.03.22 23:00:12;Buy;0.01;AUDUSD;0.66903;;;2023.03.23 04:16:26;0.67172;;-0.15;2.69;
2023.03.22 22:00:50;Sell;0.01;AUDUSD;0.67272;;;2023.03.22 22:11:47;0.66999;;;2.73;
2023.03.22 05:00:22;Sell;0.01;AUDUSD;0.66856;;;2023.03.22 22:11:25;0.67033;;;-1.77;
2023.03.22 19:00:21;Sell;0.02;NZDCAD;0.85336;;;2023.03.22 21:03:57;0.85570;;;-3.41;
2023.03.22 11:01:20;Buy;0.01;AUDNZD;1.07711;;;2023.03.22 21:02:05;1.07488;;;-1.39;
2023.03.22 19:00:56;Buy;0.03;AUDNZD;1.07504;;;2023.03.22 21:01:24;1.07399;;;-1.97;
2023.03.22 16:00:18;Buy;0.02;AUDNZD;1.07605;;;2023.03.22 21:01:24;1.07398;;;-2.58;
2023.03.21 03:00:10;Sell;0.03;AUDNZD;1.07594;;;2023.03.22 10:21:24;1.07727;;-0.03;-2.48;
2023.03.20 18:00:13;Sell;0.02;AUDNZD;1.07460;;;2023.03.22 10:21:22;1.07726;;-0.04;-3.31;
2023.03.20 16:00:36;Sell;0.01;AUDNZD;1.07220;;;2023.03.22 10:21:22;1.07727;;-0.02;-3.16;
2023.03.22 05:00:20;Sell;0.12;AUDNZD;1.08018;;;2023.03.22 10:21:06;1.07727;;;21.72;
2023.03.21 12:00:09;Sell;0.08;AUDNZD;1.07873;;;2023.03.22 10:21:05;1.07727;;-0.09;7.27;
2023.03.21 10:00:39;Sell;0.05;AUDNZD;1.07728;;;2023.03.22 10:21:04;1.07727;;-0.06;0.03;
2023.03.21 05:00:04;Buy;0.04;NZDCAD;0.85209;;;2023.03.22 10:01:28;0.85110;;-0.12;-2.89;
2023.03.20 13:00:53;Buy;0.02;NZDCAD;0.85567;;;2023.03.22 10:01:27;0.85111;;-0.12;-6.65;
2023.03.21 12:00:27;Buy;0.06;NZDCAD;0.84643;;;2023.03.22 10:01:11;0.85111;;-0.18;20.50;
2023.03.21 18:00:21;Buy;0.02;AUDUSD;0.66585;;;2023.03.22 04:25:27;0.66790;;-0.10;4.10;
2023.03.21 12:00:10;Buy;0.01;AUDUSD;0.66769;;;2023.03.22 04:25:27;0.66790;;-0.05;0.21;
2023.03.21 08:00:05;Buy;0.01;AUDUSD;0.66905;;;2023.03.22 04:25:26;0.66790;;-0.05;-1.15;
2023.03.20 17:00:38;Buy;0.01;USDCAD;1.36558;;;2023.03.21 18:01:20;1.37216;;-0.04;4.80;
2023.03.20 12:00:38;Sell;0.02;GBPCAD;1.67500;;;2023.03.21 16:32:50;1.67059;;-0.04;6.47;
2023.03.17 17:03:28;Sell;0.01;GBPCAD;1.66907;;;2023.03.21 16:32:49;1.67062;;-0.04;-1.13;
2023.03.20 17:00:37;Sell;0.02;GBPUSD;1.22607;;;2023.03.21 12:02:51;1.22308;;-0.05;5.98;
2023.03.20 14:00:44;Sell;0.01;GBPUSD;1.22222;;;2023.03.21 12:02:49;1.22310;;-0.03;-0.88;
2023.03.17 08:00:23;Sell;0.01;AUDCAD;0.91883;;;2023.03.21 11:36:06;0.91450;;-0.06;3.17;
2023.03.20 17:00:35;Sell;0.01;AUDUSD;0.67231;;;2023.03.21 04:31:37;0.66923;;-0.01;3.08;
2023.03.20 08:00:24;Buy;0.01;AUDUSD;0.66832;;;2023.03.20 16:16:56;0.67084;;;2.52;
2023.03.20 05:00:26;Buy;0.01;AUDUSD;0.67028;;;2023.03.20 16:16:56;0.67084;;;0.56;
2023.03.17 15:00:20;Buy;0.03;AUDNZD;1.07260;;;2023.03.20 13:36:27;1.07115;;-0.17;-2.72;
2023.03.17 03:00:21;Buy;0.02;AUDNZD;1.07414;;;2023.03.20 13:36:24;1.07115;;-0.12;-3.73;
2023.03.16 23:00:37;Buy;0.01;AUDNZD;1.07553;;;2023.03.20 13:36:23;1.07115;;-0.12;-2.73;
2023.03.20 10:00:25;Buy;0.12;AUDNZD;1.06827;;;2023.03.20 13:36:10;1.07121;;;22.01;
2023.03.17 18:00:26;Buy;0.08;AUDNZD;1.06966;;;2023.03.20 13:36:10;1.07121;;-0.46;7.74;
2023.03.17 16:00:57;Buy;0.05;AUDNZD;1.07142;;;2023.03.20 13:36:09;1.07121;;-0.29;-0.65;
2023.03.17 18:00:29;Sell;0.06;NZDCAD;0.85983;;;2023.03.20 12:33:58;0.85595;;-0.18;16.96;
2023.03.17 10:00:54;Sell;0.04;NZDCAD;0.85614;;;2023.03.20 12:33:58;0.85595;;-0.12;0.55;
2023.03.17 04:00:25;Sell;0.02;NZDCAD;0.85115;;;2023.03.20 12:33:56;0.85596;;-0.06;-7.01;
2023.03.17 06:00:17;Sell;0.02;AUDCAD;0.91732;;;2023.03.20 12:02:03;0.91655;;-0.05;1.12;
2023.03.20 04:01:30;Sell;0.04;AUDCAD;0.92029;;;2023.03.20 12:01:40;0.91653;;;10.96;
2023.03.20 04:01:30;Sell;0.01;AUDUSD;0.67210;;;2023.03.20 04:41:33;0.66954;;;2.56;
2023.03.17 14:00:23;Buy;0.01;AUDUSD;0.66941;;;2023.03.20 04:01:29;0.67210;;-0.05;2.69;
2023.03.17 06:00:25;Buy;0.01;USDCAD;1.37028;;;2023.03.17 18:29:05;1.37621;;;4.31;
2023.03.17 08:00:22;Sell;0.03;AUDUSD;0.67146;;;2023.03.17 13:44:09;0.66916;;;6.90;
2023.03.17 06:00:19;Sell;0.02;AUDUSD;0.66953;;;2023.03.17 13:44:09;0.66916;;;0.74;
2023.03.17 05:00:12;Sell;0.01;AUDUSD;0.66829;;;2023.03.17 13:44:08;0.66916;;;-0.87;
2023.03.16 18:00:14;Sell;0.01;AUDUSD;0.66620;;;2023.03.17 13:44:08;0.66916;;-0.01;-2.96;
2023.03.17 10:00:58;Sell;0.02;GBPUSD;1.21663;;;2023.03.17 11:34:39;1.21440;;;4.46;
2023.03.17 06:00:22;Sell;0.01;GBPUSD;1.21342;;;2023.03.17 11:34:05;1.21447;;;-1.05;
2023.03.16 02:00:15;Buy;0.04;NZDCAD;0.84783;;;2023.03.17 02:36:04;0.85101;;-0.12;9.27;
2023.03.15 07:00:27;Buy;0.02;NZDCAD;0.85202;;;2023.03.17 02:36:03;0.85101;;-0.24;-1.47;
2023.03.16 07:00:47;Sell;0.02;AUDNZD;1.07639;;;2023.03.16 22:32:21;1.07584;;;0.68;
2023.03.16 02:00:12;Sell;0.01;AUDNZD;1.07428;;;2023.03.16 22:32:21;1.07584;;;-0.96;
2023.03.16 11:00:15;Sell;0.03;AUDNZD;1.07769;;;2023.03.16 22:31:52;1.07581;;;3.49;
2023.03.16 14:00:32;Sell;0.05;AUDNZD;1.07941;;;2023.03.16 22:31:51;1.07581;;;11.14;
2023.03.15 22:00:20;Sell;0.01;AUDUSD;0.66241;;;2023.03.16 16:17:37;0.66456;;-0.03;-2.15;
2023.03.16 04:01:12;Sell;0.01;AUDUSD;0.66373;;;2023.03.16 16:16:25;0.66442;;;-0.69;
2023.03.16 11:01:04;Sell;0.02;AUDUSD;0.66596;;;2023.03.16 16:16:16;0.66424;;;3.44;
2023.03.16 15:01:04;Buy;0.01;GBPCAD;1.65441;;;2023.03.16 16:05:47;1.65859;;;3.04;
2023.03.15 15:00:21;Buy;0.01;AUDNZD;1.07084;;;2023.03.16 01:03:11;1.07489;;-0.17;2.49;
2023.03.15 18:01:12;Buy;0.02;AUDNZD;1.06882;;;2023.03.16 01:03:10;1.07489;;-0.34;7.46;
2023.03.15 09:00:38;Buy;0.01;AUDUSD;0.66816;;;2023.03.15 21:37:32;0.66212;;;-6.04;
2023.03.15 19:00:17;Buy;0.03;AUDUSD;0.66111;;;2023.03.15 21:36:57;0.66165;;;1.62;
2023.03.15 17:00:16;Buy;0.02;AUDUSD;0.66255;;;2023.03.15 21:36:14;0.66138;;;-2.34;
2023.03.15 13:00:18;Buy;0.01;AUDUSD;0.66535;;;2023.03.15 21:36:13;0.66137;;;-3.98;
2023.03.15 15:01:11;Sell;0.01;USDCAD;1.37673;;;2023.03.15 21:29:59;1.37532;;;1.03;
2023.03.15 20:00:29;Buy;0.05;AUDUSD;0.65960;;;2023.03.15 21:29:21;0.66203;;;12.15;
2023.03.15 18:00:51;Sell;0.03;USDCAD;1.37962;;;2023.03.15 21:27:48;1.37500;;;10.08;
2023.03.15 13:00:54;Buy;0.01;GBPUSD;1.21166;;;2023.03.15 15:34:49;1.20906;;;-2.60;
2023.03.15 14:03:04;Buy;0.02;GBPUSD;1.20733;;;2023.03.15 15:31:36;1.20930;;;3.94;
2023.03.15 02:00:14;Sell;0.01;AUDNZD;1.07217;;;2023.03.15 13:23:57;1.07082;;;0.84;
2023.03.15 06:00:32;Sell;0.02;AUDNZD;1.07362;;;2023.03.15 13:23:33;1.07095;;;3.31;
2023.03.15 07:00:25;Sell;0.03;AUDNZD;1.07483;;;2023.03.15 13:23:24;1.07094;;;7.25;
2023.03.15 00:08:31;Buy;0.03;USDCAD;1.36858;;;2023.03.15 10:53:04;1.36965;;;2.34;
2023.03.13 18:01:10;Buy;0.01;USDCAD;1.36994;;;2023.03.15 10:53:02;1.36968;;-0.08;-0.19;
2023.03.15 06:00:32;Sell;0.02;AUDUSD;0.67061;;;2023.03.15 08:34:43;0.66829;;;4.64;
2023.03.15 00:08:30;Sell;0.01;AUDUSD;0.66823;;;2023.03.15 08:34:43;0.66829;;;-0.06;
2023.03.15 00:08:30;Sell;0.01;AUDUSD;0.66823;;;2023.03.15 08:34:43;0.66829;;;-0.06;
2023.03.13 15:00:26;Buy;0.01;AUDNZD;1.07312;;;2023.03.15 06:16:26;1.07433;;-0.12;0.75;
2023.03.13 16:00:46;Buy;0.02;AUDNZD;1.07097;;;2023.03.15 06:16:21;1.07430;;-0.23;4.16;
2023.03.15 00:08:31;Buy;0.02;NZDCAD;0.85338;;;2023.03.15 05:04:45;0.85434;;;1.40;
2023.03.15 00:08:30;Buy;0.05;AUDNZD;1.07233;;;2023.03.15 01:55:30;1.07308;;;2.34;
2023.03.13 16:00:24;Buy;0.03;AUDNZD;1.07083;;;2023.03.15 01:55:30;1.07308;;-0.34;4.21;
2023.03.10 22:00:18;Buy;0.02;AUDNZD;1.07316;;;2023.03.15 01:55:29;1.07308;;-0.34;-0.10;
2023.03.10 18:00:14;Buy;0.01;AUDNZD;1.07429;;;2023.03.15 01:55:29;1.07308;;-0.18;-0.75;
2023.03.13 08:00:43;Sell;0.01;AUDCAD;0.91501;;;2023.03.15 00:08:31;0.91480;;-0.06;0.15;
2023.03.10 10:01:01;Sell;0.04;GBPCAD;1.65472;;;2023.03.15 00:08:31;1.66469;;-0.27;-29.14;
2023.03.13 22:01:13;Sell;0.02;GBPUSD;1.21972;;;2023.03.15 00:08:30;1.21617;;-0.11;7.10;
2023.03.13 21:00:33;Sell;0.20;GBPCAD;1.67088;;;2023.03.15 00:08:30;1.66469;;-0.88;90.46;
2023.03.13 20:00:28;Buy;0.01;AUDUSD;0.66672;;;2023.03.15 00:08:29;0.66823;;-0.10;1.51;
2023.03.13 18:01:06;Sell;0.01;GBPUSD;1.21535;;;2023.03.15 00:08:29;1.21617;;-0.06;-0.82;
2023.03.13 16:00:25;Sell;0.04;NZDCAD;0.85425;;;2023.03.15 00:08:29;0.85338;;-0.24;2.54;
2023.03.13 06:00:37;Sell;0.02;NZDCAD;0.84990;;;2023.03.15 00:08:25;0.85343;;-0.12;-5.16;
2023.03.10 17:00:51;Sell;0.09;GBPCAD;1.66616;;;2023.03.15 00:08:25;1.66469;;-0.60;9.66;
2023.03.10 01:00:08;Sell;0.02;GBPCAD;1.64801;;;2023.03.15 00:08:20;1.66469;;-0.12;-24.38;
2023.03.09 19:00:19;Sell;0.01;GBPCAD;1.64217;;;2023.03.15 00:08:19;1.66469;;-0.08;-16.45;
2023.03.13 17:00:36;Sell;0.01;AUDUSD;0.66652;;;2023.03.13 19:49:17;0.66630;;;0.22;
2023.03.13 18:00:59;Sell;0.01;AUDUSD;0.66934;;;2023.03.13 19:49:15;0.66632;;;3.02;
2023.03.13 13:00:12;Buy;0.01;AUDUSD;0.66230;;;2023.03.13 16:12:13;0.66525;;;2.95;
2023.03.13 06:00:37;Buy;0.01;USDCAD;1.37211;;;2023.03.13 13:07:26;1.37763;;;4.01;
2023.03.13 08:00:42;Sell;0.02;AUDCAD;0.91499;;;2023.03.13 12:40:34;0.91183;;;4.59;
2023.03.13 06:00:12;Sell;0.01;AUDUSD;0.66655;;;2023.03.13 12:31:03;0.66317;;;3.38;
2023.03.13 02:00:17;Sell;0.01;AUDUSD;0.66267;;;2023.03.13 12:31:00;0.66316;;;-0.49;
2023.03.13 04:00:27;Buy;0.02;NZDCAD;0.84629;;;2023.03.13 05:42:04;0.84978;;;5.09;
2023.03.09 07:00:30;Sell;0.02;NZDCAD;0.84512;;;2023.03.13 03:46:18;0.84692;;-0.12;-2.61;
2023.03.10 18:00:19;Sell;0.04;NZDCAD;0.85003;;;2023.03.13 03:46:08;0.84693;;-0.12;9.02;
2023.03.10 21:00:23;Buy;0.01;AUDUSD;0.65807;;;2023.03.13 01:04:52;0.66037;;-0.05;2.30;
2023.03.10 21:00:25;Buy;0.01;GBPUSD;1.20328;;;2023.03.13 01:00:14;1.20868;;-0.07;5.40;
2023.03.10 18:00:13;Sell;0.01;AUDUSD;0.66300;;;2023.03.10 20:16:26;0.66026;;;2.74;
2023.03.10 16:00:22;Sell;0.01;AUDUSD;0.66063;;;2023.03.10 20:16:25;0.66027;;;0.36;
2023.03.10 17:00:44;Sell;0.02;GBPUSD;1.20873;;;2023.03.10 18:58:34;1.20434;;;8.78;
2023.03.10 16:00:45;Sell;0.01;GBPUSD;1.20088;;;2023.03.10 18:58:32;1.20427;;;-3.39;
2023.03.08 05:00:26;Sell;0.01;AUDNZD;1.07939;;;2023.03.10 17:06:37;1.07491;;-0.04;2.76;
2023.03.08 08:00:11;Sell;0.02;AUDNZD;1.08079;;;2023.03.10 17:06:33;1.07497;;-0.08;7.19;
2023.03.10 11:00:21;Sell;0.01;USDCAD;1.38593;;;2023.03.10 15:34:24;1.37904;;;5.00;
2023.03.09 22:00:11;Buy;0.01;AUDUSD;0.65886;;;2023.03.10 15:31:19;0.66210;;-0.05;3.24;
2023.03.09 16:01:05;Sell;0.01;GBPUSD;1.19188;;;2023.03.10 10:24:43;1.19307;;-0.03;-1.19;
2023.03.10 10:00:49;Sell;0.02;GBPUSD;1.19598;;;2023.03.10 10:24:10;1.19313;;;5.70;
2023.03.09 14:00:24;Sell;0.01;AUDUSD;0.66168;;;2023.03.09 21:33:50;0.65934;;;2.34;
2023.03.08 12:00:19;Sell;0.01;AUDUSD;0.66019;;;2023.03.09 21:33:50;0.65935;;-0.03;0.84;
2023.03.07 19:00:57;Sell;0.01;USDCAD;1.37358;;;2023.03.09 16:13:32;1.37674;;-0.23;-2.30;
2023.03.08 20:00:13;Sell;0.08;USDCAD;1.37947;;;2023.03.09 16:13:04;1.37701;;-1.35;14.29;
2023.03.08 05:00:08;Sell;0.03;USDCAD;1.37684;;;2023.03.09 16:13:02;1.37708;;-0.51;-0.52;
2023.03.07 19:00:57;Buy;0.01;GBPCAD;1.62839;;;2023.03.08 18:11:00;1.63262;;-0.07;3.07;
2023.03.07 19:00:57;Buy;0.02;NZDCAD;0.84169;;;2023.03.08 17:27:46;0.84474;;-0.06;4.43;
2023.03.07 09:00:28;Buy;0.02;AUDCAD;0.91290;;;2023.03.08 17:06:11;0.91141;;-0.11;-2.17;
2023.03.07 12:00:12;Buy;0.04;AUDCAD;0.91024;;;2023.03.08 17:06:08;0.91143;;-0.21;3.46;
2023.03.07 20:00:15;Buy;0.06;AUDCAD;0.90631;;;2023.03.08 17:05:54;0.91132;;-0.32;21.83;
2023.03.07 18:00:38;Buy;0.03;AUDCAD;0.90671;;;2023.03.08 17:03:59;0.91022;;-0.16;7.64;
2023.03.07 14:00:05;Buy;0.02;AUDCAD;0.90889;;;2023.03.08 17:03:27;0.91004;;-0.11;1.67;
2023.03.07 11:00:20;Buy;0.01;AUDCAD;0.91096;;;2023.03.08 17:03:26;0.91004;;-0.05;-0.67;
2023.03.07 20:00:16;Buy;0.02;GBPUSD;1.18512;;;2023.03.08 12:55:16;1.18413;;-0.13;-1.98;
2023.03.07 18:00:42;Buy;0.01;GBPUSD;1.18725;;;2023.03.08 12:55:15;1.18413;;-0.07;-3.12;
2023.03.08 05:00:08;Buy;0.04;GBPUSD;1.18133;;;2023.03.08 12:55:12;1.18413;;;11.20;
2023.03.08 05:00:26;Buy;0.08;AUDUSD;0.65754;;;2023.03.08 11:40:23;0.66058;;;24.32;
2023.03.07 21:00:16;Buy;0.05;AUDUSD;0.65915;;;2023.03.08 11:40:23;0.66058;;-0.25;7.15;
2023.03.07 18:00:38;Buy;0.03;AUDUSD;0.66070;;;2023.03.08 11:40:23;0.66058;;-0.15;-0.36;
2023.03.07 14:00:21;Buy;0.02;AUDUSD;0.66628;;;2023.03.08 11:40:22;0.66058;;-0.10;-11.40;
2023.03.07 11:00:19;Buy;0.01;AUDUSD;0.66832;;;2023.03.08 11:40:21;0.66058;;-0.05;-7.74;
2023.03.07 06:00:14;Buy;0.01;AUDUSD;0.67162;;;2023.03.08 11:40:21;0.66060;;-0.05;-11.02;
2023.03.07 13:00:32;Buy;0.01;AUDNZD;1.07594;;;2023.03.08 07:02:05;1.08067;;-0.06;2.89;
2023.03.07 11:00:20;Buy;0.05;AUDNZD;1.07685;;;2023.03.08 01:05:21;1.07870;;-0.29;5.65;
2023.03.07 10:00:55;Buy;0.03;AUDNZD;1.07906;;;2023.03.08 01:05:20;1.07870;;-0.17;-0.66;
2023.03.07 06:00:13;Buy;0.02;AUDNZD;1.08154;;;2023.03.08 01:05:20;1.07870;;-0.12;-3.47;
2023.03.07 05:00:13;Buy;0.01;AUDNZD;1.08567;;;2023.03.08 01:05:20;1.07870;;-0.06;-4.26;
2023.03.07 17:00:51;Buy;0.08;AUDNZD;1.07498;;;2023.03.08 01:05:04;1.07868;;-0.46;18.07;
2023.03.07 10:00:11;Sell;0.02;NZDCAD;0.84644;;;2023.03.07 17:09:12;0.84304;;;4.96;
2023.03.07 10:00:10;Sell;0.01;GBPCAD;1.64069;;;2023.03.07 11:44:55;1.63689;;;2.79;
2023.03.06 14:00:10;Buy;0.01;AUDUSD;0.67205;;;2023.03.07 04:11:33;0.67468;;-0.05;2.63;
2023.03.06 11:00:14;Buy;0.01;AUDUSD;0.67413;;;2023.03.07 04:11:33;0.67468;;-0.05;0.55;
2023.03.06 11:00:15;Buy;0.04;NZDCAD;0.84191;;;2023.03.07 04:09:14;0.84480;;-0.12;8.50;
2023.03.02 16:00:19;Buy;0.02;NZDCAD;0.84549;;;2023.03.07 04:09:14;0.84481;;-0.18;-1.00;
2023.03.03 19:00:22;Sell;0.08;AUDNZD;1.08844;;;2023.03.06 23:58:32;1.08715;;-0.15;6.39;
2023.03.03 17:00:28;Sell;0.05;AUDNZD;1.08685;;;2023.03.06 23:58:32;1.08715;;-0.10;-0.93;
2023.03.03 16:00:11;Sell;0.03;AUDNZD;1.08564;;;2023.03.06 23:58:31;1.08715;;-0.06;-2.80;
2023.03.03 10:00:18;Sell;0.02;AUDNZD;1.08452;;;2023.03.06 23:58:31;1.08715;;-0.04;-3.27;
2023.03.03 05:00:11;Sell;0.01;AUDNZD;1.08319;;;2023.03.06 23:58:31;1.08715;;-0.02;-2.46;
2023.03.03 22:00:19;Sell;0.01;GBPUSD;1.20438;;;2023.03.06 12:37:09;1.20149;;-0.03;2.89;
2023.03.03 03:00:32;Sell;0.01;AUDUSD;0.67452;;;2023.03.06 10:33:52;0.67372;;-0.01;0.80;
2023.03.03 20:00:11;Sell;0.01;AUDUSD;0.67598;;;2023.03.06 10:33:49;0.67373;;-0.01;2.25;
2023.03.03 01:00:14;Buy;0.02;AUDCAD;0.91571;;;2023.03.03 15:42:10;0.91928;;;5.25;
2023.03.02 09:00:37;Buy;0.02;GBPCAD;1.63126;;;2023.03.03 15:18:25;1.63106;;-0.15;-0.30;
2023.03.01 16:00:19;Buy;0.01;GBPCAD;1.63711;;;2023.03.03 15:18:24;1.63105;;-0.29;-4.46;
2023.03.02 16:00:18;Buy;0.04;GBPCAD;1.62617;;;2023.03.03 15:18:06;1.63104;;-0.30;14.33;
2023.03.01 20:00:09;Buy;0.04;AUDNZD;1.07988;;;2023.03.03 08:25:21;1.08381;;-0.96;9.79;
2023.03.01 11:00:24;Buy;0.02;AUDNZD;1.08248;;;2023.03.03 08:25:20;1.08379;;-0.48;1.64;
2023.03.01 08:00:12;Buy;0.01;AUDNZD;1.08601;;;2023.03.03 08:25:20;1.08380;;-0.24;-1.38;
2023.03.02 04:00:09;Buy;0.01;AUDUSD;0.67409;;;2023.03.03 02:54:56;0.67432;;-0.05;0.23;
2023.03.01 16:00:12;Buy;0.01;AUDUSD;0.67547;;;2023.03.03 02:54:56;0.67432;;-0.21;-1.15;
2023.03.02 13:00:17;Buy;0.02;AUDUSD;0.67238;;;2023.03.03 02:54:32;0.67441;;-0.10;4.06;
2023.03.02 08:00:15;Buy;0.01;GBPUSD;1.19882;;;2023.03.02 14:04:02;1.19845;;;-0.37;
2023.03.02 13:00:14;Buy;0.02;GBPUSD;1.19610;;;2023.03.02 14:03:41;1.19833;;;4.46;
2023.03.01 10:00:13;Sell;0.01;AUDCAD;0.92084;;;2023.03.02 12:02:35;0.91636;;-0.07;3.29;
2023.03.01 20:00:08;Buy;0.18;AUDNZD;1.07988;;;2023.03.02 10:14:28;1.08296;;-3.23;34.44;
2023.03.01 12:00:22;Buy;0.12;AUDNZD;1.08114;;;2023.03.02 10:14:28;1.08296;;-2.15;13.57;
2023.03.01 10:00:13;Buy;0.05;AUDNZD;1.08475;;;2023.03.02 10:14:28;1.08296;;-0.90;-5.56;
2023.03.01 11:00:34;Buy;0.08;AUDNZD;1.08255;;;2023.03.02 10:14:27;1.08296;;-1.43;2.03;
2023.03.01 03:00:08;Buy;0.03;AUDNZD;1.08620;;;2023.03.02 10:14:14;1.08299;;-0.54;-5.98;
2023.02.28 18:00:47;Buy;0.02;AUDNZD;1.08845;;;2023.03.02 10:14:14;1.08298;;-0.48;-6.80;
2023.02.28 16:00:13;Buy;0.01;AUDNZD;1.09229;;;2023.03.02 10:14:14;1.08298;;-0.24;-5.78;
2023.03.01 09:00:16;Sell;0.04;NZDCAD;0.84724;;;2023.03.02 09:29:32;0.84709;;-0.35;0.44;
2023.02.28 18:00:30;Sell;0.02;NZDCAD;0.84301;;;2023.03.02 09:29:32;0.84709;;-0.24;-5.99;
2023.03.01 11:00:24;Sell;0.06;NZDCAD;0.85043;;;2023.03.02 09:29:05;0.84693;;-0.53;15.42;
2023.03.01 09:00:16;Sell;0.02;AUDCAD;0.92022;;;2023.03.02 08:14:03;0.91667;;-0.14;5.22;
2023.03.01 15:00:13;Sell;0.03;AUDUSD;0.67795;;;2023.03.01 15:32:33;0.67570;;;6.75;
2023.03.01 06:00:16;Sell;0.01;AUDUSD;0.67481;;;2023.03.01 15:32:32;0.67570;;;-0.89;
2023.03.01 04:00:17;Sell;0.01;AUDUSD;0.67336;;;2023.03.01 15:32:32;0.67570;;;-2.34;
2023.03.01 09:00:16;Sell;0.02;AUDUSD;0.67626;;;2023.03.01 15:32:20;0.67582;;;0.88;
2023.03.01 01:00:10;Buy;0.01;GBPUSD;1.20341;;;2023.03.01 09:45:21;1.20697;;;3.56;
2023.03.01 03:00:09;Buy;0.01;AUDUSD;0.66993;;;2023.03.01 03:53:22;0.67324;;;3.31;
2023.02.28 15:00:33;Sell;0.01;AUDUSD;0.67353;;;2023.02.28 22:15:24;0.67317;;;0.36;
2023.02.28 11:00:09;Sell;0.01;AUDUSD;0.67201;;;2023.02.28 22:15:23;0.67317;;;-1.16;
2023.02.28 20:00:07;Sell;0.02;AUDUSD;0.67519;;;2023.02.28 22:15:19;0.67320;;;3.98;
2023.02.28 16:00:15;Sell;0.01;GBPCAD;1.64711;;;2023.02.28 20:46:12;1.64314;;;2.91;
2023.02.28 16:00:15;Sell;0.01;GBPUSD;1.21228;;;2023.02.28 18:59:51;1.20921;;;3.07;
2023.02.22 11:00:21;Buy;0.02;AUDCAD;0.92349;;;2023.02.28 17:56:20;0.91784;;-0.69;-8.30;
2023.02.23 20:00:19;Buy;0.04;AUDCAD;0.92057;;;2023.02.28 17:56:02;0.91789;;-0.69;-7.88;
2023.02.24 18:00:14;Buy;0.06;AUDCAD;0.91719;;;2023.02.28 17:55:29;0.91798;;-0.68;3.48;
2023.02.27 08:00:18;Buy;0.10;AUDCAD;0.91291;;;2023.02.28 17:55:15;0.91794;;-0.57;36.96;
2023.02.27 06:00:13;Buy;0.04;NZDCAD;0.83644;;;2023.02.28 16:03:02;0.83942;;-0.12;8.77;
2023.02.24 15:00:29;Buy;0.02;NZDCAD;0.84011;;;2023.02.28 16:03:01;0.83940;;-0.12;-1.04;
2023.02.27 20:00:10;Sell;0.01;AUDUSD;0.67347;;;2023.02.28 10:19:42;0.67064;;-0.01;2.83;
2023.02.27 20:00:11;Sell;0.02;GBPUSD;1.20588;;;2023.02.28 09:26:51;1.20324;;-0.05;5.28;
2023.02.27 16:00:17;Sell;0.01;GBPUSD;1.20221;;;2023.02.28 09:26:51;1.20324;;-0.03;-1.03;
2023.02.24 20:00:25;Buy;0.03;AUDCAD;0.91576;;;2023.02.28 02:31:14;0.91562;;-0.34;-0.31;
2023.02.24 15:00:12;Buy;0.02;AUDCAD;0.91795;;;2023.02.28 02:31:14;0.91562;;-0.22;-3.43;
2023.02.23 19:00:20;Buy;0.01;AUDCAD;0.92082;;;2023.02.28 02:31:13;0.91562;;-0.18;-3.83;
2023.02.22 17:00:26;Buy;0.02;AUDNZD;1.09346;;;2023.02.28 02:31:13;1.09471;;-0.71;1.54;
2023.02.22 05:00:21;Buy;0.01;AUDNZD;1.09681;;;2023.02.28 02:31:13;1.09471;;-0.36;-1.29;
2023.02.27 07:00:10;Buy;0.05;AUDCAD;0.91373;;;2023.02.28 02:30:39;0.91568;;-0.28;7.18;
2023.02.24 21:00:27;Buy;0.04;AUDNZD;1.09090;;;2023.02.28 02:30:37;1.09472;;-0.48;9.42;
2023.02.27 15:00:08;Buy;0.08;AUDCAD;0.91173;;;2023.02.28 02:30:28;0.91579;;-0.45;23.94;
2023.02.22 05:00:20;Buy;0.03;AUDNZD;1.09682;;;2023.02.28 02:02:23;1.09389;;-1.07;-5.41;
2023.02.22 04:00:10;Buy;0.02;AUDNZD;1.09893;;;2023.02.28 02:02:22;1.09387;;-0.71;-6.23;
2023.02.22 03:00:31;Buy;0.01;AUDNZD;1.10055;;;2023.02.28 02:02:21;1.09387;;-0.36;-4.11;
2023.02.24 21:00:27;Buy;0.18;AUDNZD;1.09090;;;2023.02.28 02:02:19;1.09389;;-2.14;33.15;
2023.02.24 08:00:21;Buy;0.12;AUDNZD;1.09222;;;2023.02.28 02:02:19;1.09389;;-1.43;12.34;
2023.02.22 17:00:23;Buy;0.08;AUDNZD;1.09346;;;2023.02.28 02:02:18;1.09389;;-2.85;2.11;
2023.02.22 09:00:11;Buy;0.05;AUDNZD;1.09552;;;2023.02.28 02:02:18;1.09388;;-1.79;-5.05;
2023.02.27 06:00:05;Buy;0.05;AUDUSD;0.67117;;;2023.02.27 17:19:58;0.67390;;;13.65;
2023.02.24 17:00:34;Buy;0.03;AUDUSD;0.67277;;;2023.02.27 17:19:58;0.67390;;-0.16;3.39;
2023.02.24 15:00:10;Buy;0.02;AUDUSD;0.67503;;;2023.02.27 17:19:57;0.67390;;-0.11;-2.26;
2023.02.24 14:00:19;Buy;0.01;AUDUSD;0.67657;;;2023.02.27 17:19:57;0.67390;;-0.05;-2.67;
2023.02.24 11:00:09;Buy;0.01;AUDUSD;0.67847;;;2023.02.27 17:19:57;0.67391;;-0.05;-4.56;
2023.02.24 17:00:35;Buy;0.01;GBPUSD;1.19465;;;2023.02.27 11:48:57;1.19792;;-0.07;3.27;
2023.02.24 16:00:26;Sell;0.08;USDCAD;1.36297;;;2023.02.24 21:52:28;1.36021;;;16.23;
2023.02.24 15:00:11;Sell;0.03;USDCAD;1.35981;;;2023.02.24 21:52:28;1.36021;;;-0.88;
2023.02.22 22:00:41;Sell;0.01;USDCAD;1.35652;;;2023.02.24 21:52:28;1.36021;;-0.21;-2.71;
2023.02.22 05:00:20;Sell;0.04;NZDCAD;0.84354;;;2023.02.24 14:21:32;0.84076;;-0.45;8.18;
2023.02.21 14:00:08;Sell;0.02;NZDCAD;0.83998;;;2023.02.24 14:21:32;0.84076;;-0.29;-1.15;
2023.02.24 03:00:14;Sell;0.01;AUDUSD;0.68173;;;2023.02.24 10:09:13;0.67866;;;3.07;
2023.02.23 19:00:19;Buy;0.01;AUDUSD;0.67869;;;2023.02.24 02:59:04;0.68164;;-0.05;2.95;
2023.02.23 20:00:20;Buy;0.01;GBPUSD;1.19994;;;2023.02.23 21:31:43;1.20293;;;2.99;
2023.02.23 04:00:36;Sell;0.01;AUDUSD;0.68308;;;2023.02.23 18:07:01;0.68020;;;2.88;
2023.02.22 22:00:41;Buy;0.01;GBPUSD;1.20378;;;2023.02.23 05:20:36;1.20674;;-0.20;2.96;
2023.02.22 22:00:40;Buy;0.01;AUDUSD;0.67987;;;2023.02.23 03:30:31;0.68244;;-0.16;2.57;
2023.02.22 18:00:41;Buy;0.01;AUDUSD;0.68199;;;2023.02.23 03:30:31;0.68244;;-0.16;0.45;
2023.02.21 12:00:24;Sell;0.01;GBPCAD;1.62684;;;2023.02.22 19:01:29;1.63339;;-0.02;-4.84;
2023.02.21 18:00:28;Sell;0.04;GBPCAD;1.63826;;;2023.02.22 19:01:18;1.63337;;-0.08;14.44;
2023.02.21 16:00:23;Sell;0.02;GBPCAD;1.63335;;;2023.02.22 19:01:17;1.63338;;-0.04;-0.05;
2023.02.22 15:00:20;Sell;0.01;AUDUSD;0.68389;;;2023.02.22 17:32:20;0.68125;;;2.64;
2023.02.22 11:00:05;Buy;0.02;AUDUSD;0.68151;;;2023.02.22 14:27:35;0.68389;;;4.76;
2023.02.22 04:00:11;Buy;0.01;AUDUSD;0.68390;;;2023.02.22 14:27:35;0.68390;;;0.00;
2023.02.21 21:00:12;Buy;0.01;AUDUSD;0.68534;;;2023.02.22 14:27:35;0.68390;;-0.05;-1.44;
2023.02.20 11:00:26;Sell;0.02;AUDNZD;1.10764;;;2023.02.22 02:30:48;1.10110;;-0.04;8.13;
2023.02.20 08:00:26;Sell;0.01;AUDNZD;1.10515;;;2023.02.22 02:30:47;1.10108;;-0.02;2.53;
2023.02.21 18:00:24;Sell;0.01;AUDUSD;0.68918;;;2023.02.21 19:04:27;0.68609;;;3.09;
2023.02.21 12:00:23;Sell;0.01;GBPUSD;1.20920;;;2023.02.21 19:02:52;1.21122;;;-2.02;
2023.02.21 18:00:34;Sell;0.02;GBPUSD;1.21398;;;2023.02.21 19:02:15;1.21077;;;6.42;
2023.02.21 10:00:37;Buy;0.01;AUDUSD;0.68776;;;2023.02.21 17:37:12;0.68892;;;1.16;
2023.02.21 16:00:22;Buy;0.01;AUDUSD;0.68662;;;2023.02.21 17:36:42;0.68897;;;2.35;
2023.02.20 17:00:04;Buy;0.01;USDCAD;1.34512;;;2023.02.21 16:46:03;1.35045;;-0.04;3.95;
2023.02.20 05:00:15;Sell;0.02;AUDCAD;0.92857;;;2023.02.21 14:22:59;0.92505;;-0.04;5.23;
2023.02.20 08:00:26;Sell;0.03;AUDUSD;0.69032;;;2023.02.21 09:20:04;0.68807;;-0.02;6.75;
2023.02.20 05:00:14;Sell;0.02;AUDUSD;0.68893;;;2023.02.21 09:20:03;0.68811;;-0.02;1.64;
2023.02.17 21:00:08;Sell;0.01;AUDUSD;0.68695;;;2023.02.21 09:20:03;0.68811;;-0.01;-1.16;
2023.02.17 18:00:51;Sell;0.01;AUDUSD;0.68524;;;2023.02.21 09:20:03;0.68816;;-0.01;-2.92;
2023.02.20 14:00:30;Sell;0.02;NZDCAD;0.84108;;;2023.02.21 09:02:31;0.83789;;-0.05;4.73;
2023.02.20 08:00:11;Sell;0.01;AUDNZD;1.10513;;;2023.02.21 04:28:02;1.10384;;-0.01;0.81;
2023.02.20 11:00:11;Sell;0.02;AUDNZD;1.10749;;;2023.02.21 04:27:54;1.10384;;-0.02;4.57;
2023.02.17 22:00:12;Sell;0.02;NZDCAD;0.84130;;;2023.02.20 11:52:17;0.83824;;-0.05;4.54;
2023.02.15 18:00:14;Buy;0.02;AUDNZD;1.09775;;;2023.02.20 04:16:33;1.10358;;-0.61;7.27;
2023.02.15 10:00:48;Buy;0.01;AUDNZD;1.09875;;;2023.02.20 04:16:32;1.10358;;-0.30;3.01;
2023.02.15 14:00:11;Buy;0.04;AUDCAD;0.92371;;;2023.02.20 04:01:02;0.92780;;-1.19;12.13;
2023.02.15 08:00:21;Buy;0.02;AUDCAD;0.92627;;;2023.02.20 04:01:02;0.92780;;-0.60;2.26;
2023.02.15 17:00:31;Buy;0.01;AUDCAD;0.92285;;;2023.02.20 03:19:50;0.92730;;-0.30;3.30;
2023.02.17 22:00:11;Sell;0.02;GBPUSD;1.20447;;;2023.02.20 02:41:08;1.20200;;-0.05;4.94;
2023.02.17 19:00:22;Sell;0.01;GBPUSD;1.20134;;;2023.02.20 02:41:07;1.20200;;-0.03;-0.66;
2023.02.17 12:00:11;Buy;0.02;NZDCAD;0.83748;;;2023.02.17 17:05:06;0.84087;;;5.02;
2023.02.17 02:00:20;Buy;0.01;AUDUSD;0.68617;;;2023.02.17 16:19:21;0.68478;;;-1.39;
2023.02.16 16:00:14;Buy;0.01;AUDUSD;0.68794;;;2023.02.17 16:19:21;0.68477;;-0.05;-3.17;
2023.02.17 12:00:10;Buy;0.03;AUDUSD;0.68255;;;2023.02.17 16:19:00;0.68483;;;6.84;
2023.02.17 07:00:38;Buy;0.02;AUDUSD;0.68426;;;2023.02.17 16:19:00;0.68483;;;1.14;
2023.02.15 16:00:31;Buy;0.01;GBPCAD;1.61289;;;2023.02.17 16:14:10;1.61699;;-0.29;3.04;
2023.02.17 07:00:17;Buy;0.02;GBPUSD;1.19504;;;2023.02.17 15:47:41;1.19730;;;4.52;
2023.02.17 02:00:06;Buy;0.01;GBPUSD;1.19741;;;2023.02.17 15:47:40;1.19731;;;-0.10;
2023.02.17 02:00:05;Sell;0.01;USDCAD;1.34735;;;2023.02.17 15:32:03;1.35075;;;-2.52;
2023.02.17 14:00:15;Sell;0.08;USDCAD;1.35330;;;2023.02.17 15:31:46;1.35104;;;13.38;
2023.02.17 10:00:25;Sell;0.03;USDCAD;1.35021;;;2023.02.17 15:31:45;1.35104;;;-1.84;
2023.02.16 07:00:10;Sell;0.02;NZDCAD;0.84291;;;2023.02.17 04:02:41;0.83979;;-0.05;4.63;
2023.02.16 05:01:10;Sell;0.01;AUDUSD;0.69133;;;2023.02.16 15:30:41;0.68954;;;1.79;
2023.02.16 04:00:32;Sell;0.01;AUDUSD;0.69016;;;2023.02.16 15:30:24;0.68895;;;1.21;
2023.02.15 06:00:27;Buy;0.01;GBPUSD;1.21478;;;2023.02.16 04:38:02;1.20502;;-0.20;-9.76;
2023.02.15 16:00:33;Buy;0.08;GBPUSD;1.20165;;;2023.02.16 04:37:38;1.20494;;-1.59;26.32;
2023.02.15 14:00:20;Buy;0.04;GBPUSD;1.20559;;;2023.02.16 04:37:38;1.20495;;-0.80;-2.56;
2023.02.15 10:00:48;Buy;0.02;GBPUSD;1.20839;;;2023.02.16 04:37:37;1.20495;;-0.40;-6.88;
2023.02.15 05:00:13;Buy;0.02;NZDCAD;0.84316;;;2023.02.16 04:37:04;0.84318;;-0.19;0.03;
2023.02.16 03:00:28;Buy;0.04;NZDCAD;0.83940;;;2023.02.16 04:36:13;0.84312;;;11.13;
2023.02.16 03:00:28;Buy;0.01;AUDUSD;0.68706;;;2023.02.16 03:42:53;0.69015;;;3.09;
2023.02.16 02:00:17;Sell;0.01;AUDUSD;0.69073;;;2023.02.16 02:32:25;0.68820;;;2.53;
2023.02.15 17:00:25;Buy;0.05;AUDUSD;0.68700;;;2023.02.15 21:06:26;0.69015;;;15.75;
2023.02.15 13:00:19;Buy;0.03;AUDUSD;0.68966;;;2023.02.15 21:06:26;0.69015;;;1.47;
2023.02.15 09:00:41;Buy;0.02;AUDUSD;0.69139;;;2023.02.15 21:06:25;0.69015;;;-2.48;
2023.02.15 05:00:05;Buy;0.01;AUDUSD;0.69466;;;2023.02.15 21:06:25;0.69014;;;-4.52;
2023.02.14 17:00:28;Buy;0.01;AUDUSD;0.69699;;;2023.02.15 21:06:24;0.69014;;-0.05;-6.85;
2023.02.10 22:00:39;Buy;0.01;USDCAD;1.33462;;;2023.02.15 13:48:49;1.34052;;-0.12;4.40;
2023.02.14 12:00:16;Sell;0.01;GBPCAD;1.62532;;;2023.02.15 09:01:54;1.61992;;-0.02;4.04;
2023.02.15 02:00:14;Sell;0.05;AUDNZD;1.10293;;;2023.02.15 09:00:40;1.09962;;;10.40;
2023.02.14 16:00:24;Sell;0.03;AUDNZD;1.10163;;;2023.02.15 09:00:39;1.09962;;-0.03;3.79;
2023.02.14 12:00:14;Sell;0.02;AUDNZD;1.09954;;;2023.02.15 09:00:38;1.09962;;-0.02;-0.10;
2023.02.14 05:00:32;Sell;0.01;AUDNZD;1.09831;;;2023.02.15 09:00:37;1.09961;;-0.01;-0.82;
2023.02.13 15:00:29;Sell;0.01;AUDUSD;0.69456;;;2023.02.14 16:13:45;0.69655;;;-1.99;
2023.02.14 07:00:10;Sell;0.02;AUDUSD;0.69728;;;2023.02.14 16:13:05;0.69689;;;0.78;
2023.02.13 18:00:13;Sell;0.01;AUDUSD;0.69613;;;2023.02.14 16:13:04;0.69692;;;-0.79;
2023.02.14 16:00:14;Sell;0.03;AUDUSD;0.69944;;;2023.02.14 16:10:49;0.69682;;;7.86;
2023.02.14 05:00:14;Buy;0.02;NZDCAD;0.84513;;;2023.02.14 15:39:44;0.84497;;;-0.24;
2023.02.13 18:00:33;Sell;0.01;GBPUSD;1.21346;;;2023.02.14 15:39:44;1.21970;;-0.03;-6.24;
2023.02.14 11:00:35;Sell;0.02;GBPUSD;1.21799;;;2023.02.14 15:38:40;1.22105;;;-6.12;
2023.02.14 14:00:10;Sell;0.04;GBPUSD;1.22023;;;2023.02.14 15:34:31;1.22455;;;-17.28;
2023.02.13 18:00:35;Sell;0.02;NZDCAD;0.84856;;;2023.02.14 04:34:12;0.84528;;-0.05;4.92;
2023.02.13 09:00:35;Buy;0.08;AUDNZD;1.09393;;;2023.02.14 04:03:07;1.09706;;-0.52;15.87;
2023.02.08 20:00:15;Buy;0.01;AUDNZD;1.09863;;;2023.02.14 04:03:07;1.09706;;-0.36;-1.00;
2023.02.13 08:00:13;Buy;0.05;AUDNZD;1.09524;;;2023.02.14 04:03:06;1.09705;;-0.32;5.74;
2023.02.09 07:00:17;Buy;0.03;AUDNZD;1.09628;;;2023.02.14 04:03:06;1.09705;;-0.57;1.46;
2023.02.09 02:00:13;Buy;0.02;AUDNZD;1.09744;;;2023.02.14 04:03:06;1.09705;;-0.39;-0.49;
2023.02.10 16:00:19;Buy;0.02;AUDCAD;0.92863;;;2023.02.13 17:51:53;0.92858;;-0.13;-0.07;
2023.02.10 18:00:16;Buy;0.04;AUDCAD;0.92444;;;2023.02.13 17:51:45;0.92866;;-0.25;12.66;
2023.02.10 18:00:18;Buy;0.02;AUDCAD;0.92446;;;2023.02.13 17:36:57;0.92823;;-0.13;5.66;
2023.02.10 16:00:45;Buy;0.01;AUDCAD;0.92849;;;2023.02.13 17:36:56;0.92824;;-0.06;-0.18;
2023.02.10 18:00:19;Buy;0.02;GBPCAD;1.61240;;;2023.02.13 16:47:07;1.61675;;-0.15;6.52;
2023.02.10 17:00:43;Buy;0.01;GBPCAD;1.61715;;;2023.02.13 16:47:06;1.61675;;-0.08;-0.30;
2023.02.13 15:12:22;Balance;;;;;;;;;;-2 000.00;
2023.02.10 18:00:21;Buy;0.04;NZDCAD;0.84337;;;2023.02.13 15:00:59;0.84712;;-0.13;11.25;
2023.02.10 06:00:15;Buy;0.02;NZDCAD;0.84944;;;2023.02.13 15:00:59;0.84713;;-0.07;-3.46;
2023.02.13 03:00:24;Buy;0.01;AUDUSD;0.69103;;;2023.02.13 14:19:32;0.69403;;;3.00;
2023.02.10 20:00:07;Buy;0.04;GBPUSD;1.20507;;;2023.02.13 14:16:32;1.20818;;-0.26;12.44;
2023.02.10 18:00:22;Buy;0.02;GBPUSD;1.20745;;;2023.02.13 14:16:31;1.20818;;-0.13;1.46;
2023.02.10 04:00:17;Buy;0.01;GBPUSD;1.21096;;;2023.02.13 14:16:30;1.20798;;-0.07;-2.98;
2023.02.10 10:00:08;Sell;0.01;AUDUSD;0.69408;;;2023.02.10 19:13:44;0.69104;;;3.04;
2023.02.09 18:00:17;Buy;0.01;AUDUSD;0.69717;;;2023.02.10 09:47:33;0.69408;;-0.06;-3.09;
2023.02.10 06:00:14;Buy;0.03;AUDUSD;0.69151;;;2023.02.10 09:47:31;0.69408;;;7.71;
2023.02.09 22:00:10;Buy;0.02;AUDUSD;0.69402;;;2023.02.10 09:47:29;0.69406;;-0.12;0.08;
2023.02.09 20:00:11;Buy;0.01;AUDUSD;0.69539;;;2023.02.10 09:47:28;0.69405;;-0.06;-1.34;
2023.02.08 18:01:47;Sell;0.01;GBPCAD;1.62163;;;2023.02.10 09:01:00;1.62828;;-0.08;-4.94;
2023.02.09 17:00:39;Sell;0.04;GBPCAD;1.63232;;;2023.02.10 09:00:47;1.62817;;-0.08;12.34;
2023.02.09 12:00:24;Sell;0.02;GBPCAD;1.62703;;;2023.02.10 09:00:45;1.62816;;-0.04;-1.68;
2023.02.09 16:00:36;Sell;0.04;NZDCAD;0.85398;;;2023.02.09 21:38:36;0.85115;;;8.41;
2023.02.09 04:00:12;Sell;0.02;NZDCAD;0.85007;;;2023.02.09 21:38:35;0.85115;;;-1.60;
2023.02.09 16:00:19;Sell;0.04;AUDCAD;0.93736;;;2023.02.09 21:38:15;0.93366;;;11.00;
2023.02.09 06:00:09;Sell;0.02;AUDCAD;0.93486;;;2023.02.09 21:38:15;0.93366;;;1.78;
2023.02.09 16:00:35;Sell;0.02;GBPUSD;1.21890;;;2023.02.09 17:50:27;1.21649;;;4.82;
2023.02.09 13:00:25;Sell;0.01;GBPUSD;1.21502;;;2023.02.09 17:50:24;1.21644;;;-1.42;
2023.02.09 05:00:17;Sell;0.01;AUDUSD;0.69473;;;2023.02.09 17:26:08;0.69806;;;-3.33;
2023.02.09 10:00:20;Sell;0.01;AUDUSD;0.69646;;;2023.02.09 17:25:32;0.69830;;;-1.84;
2023.02.09 16:00:17;Sell;0.03;AUDUSD;0.70083;;;2023.02.09 17:25:27;0.69824;;;7.77;
2023.02.09 13:00:23;Sell;0.02;AUDUSD;0.69819;;;2023.02.09 17:25:25;0.69829;;;-0.20;
2023.02.08 18:00:12;Buy;0.01;AUDUSD;0.69380;;;2023.02.09 04:21:25;0.69452;;-0.16;0.72;
2023.02.08 16:00:25;Buy;0.01;AUDUSD;0.69576;;;2023.02.09 04:21:24;0.69452;;-0.16;-1.24;
2023.02.08 22:00:06;Buy;0.02;AUDUSD;0.69262;;;2023.02.09 04:21:18;0.69456;;-0.32;3.88;
2023.02.08 02:00:32;Sell;0.01;AUDNZD;1.10151;;;2023.02.09 01:02:51;1.09802;;-0.03;2.20;
2023.02.07 15:00:40;Sell;0.02;AUDNZD;1.09821;;;2023.02.08 18:14:59;1.09983;;-0.02;-2.05;
2023.02.06 07:00:03;Sell;0.01;AUDNZD;1.09683;;;2023.02.08 18:14:58;1.09982;;-0.02;-1.89;
2023.02.08 01:00:26;Sell;0.03;AUDNZD;1.10009;;;2023.02.08 18:14:30;1.09983;;;0.49;
2023.02.08 09:00:39;Sell;0.08;AUDNZD;1.10260;;;2023.02.08 18:14:14;1.09981;;;14.08;
2023.02.08 02:00:15;Sell;0.05;AUDNZD;1.10152;;;2023.02.08 18:14:13;1.09984;;;5.29;
2023.02.08 10:00:57;Sell;0.01;GBPUSD;1.20950;;;2023.02.08 16:53:25;1.20646;;;3.04;
2023.02.08 01:00:26;Sell;0.01;AUDUSD;0.69634;;;2023.02.08 15:20:23;0.69609;;;0.25;
2023.02.07 22:00:10;Sell;0.01;AUDUSD;0.69430;;;2023.02.08 15:20:22;0.69609;;-0.01;-1.79;
2023.02.08 10:00:11;Sell;0.02;AUDUSD;0.69848;;;2023.02.08 15:20:19;0.69603;;;4.90;
2023.02.07 21:00:25;Buy;0.01;AUDUSD;0.69165;;;2023.02.07 21:43:28;0.69437;;;2.72;
2023.02.07 20:02:44;Sell;0.01;AUDCAD;0.93383;;;2023.02.07 20:44:59;0.92985;;;2.96;
2023.02.07 20:00:13;Sell;0.01;AUDUSD;0.69808;;;2023.02.07 20:16:48;0.69489;;;3.19;
2023.02.07 15:00:16;Buy;0.02;NZDCAD;0.84671;;;2023.02.07 19:48:53;0.84982;;;4.64;
2023.02.07 16:00:41;Buy;0.01;AUDUSD;0.69076;;;2023.02.07 19:45:07;0.69431;;;3.55;
2023.02.07 14:00:17;Buy;0.01;GBPUSD;1.19863;;;2023.02.07 18:17:45;1.20150;;;2.87;
2023.02.03 18:01:05;Buy;0.01;GBPCAD;1.61828;;;2023.02.07 17:54:44;1.61510;;-0.16;-2.36;
2023.02.07 12:00:13;Buy;0.02;GBPCAD;1.61017;;;2023.02.07 17:54:36;1.61513;;;7.38;
2023.02.07 08:00:39;Sell;0.02;AUDCAD;0.93136;;;2023.02.07 17:10:56;0.92768;;;5.47;
2023.02.07 12:00:13;Sell;0.01;AUDUSD;0.69385;;;2023.02.07 15:28:15;0.69092;;;2.93;
2023.02.07 06:00:48;Sell;0.02;AUDUSD;0.69323;;;2023.02.07 10:07:59;0.69161;;;3.24;
2023.02.07 05:00:10;Sell;0.01;AUDUSD;0.69208;;;2023.02.07 10:07:58;0.69153;;;0.55;
2023.02.07 04:00:49;Sell;0.01;AUDUSD;0.69018;;;2023.02.07 10:07:57;0.69155;;;-1.37;
2023.02.03 19:01:34;Buy;0.05;AUDCAD;0.93029;;;2023.02.07 04:54:41;0.92817;;-0.62;-7.90;
2023.02.03 18:01:04;Buy;0.03;AUDCAD;0.93259;;;2023.02.07 04:54:40;0.92818;;-0.37;-9.86;
2023.02.03 16:00:45;Buy;0.02;AUDCAD;0.93538;;;2023.02.07 04:54:40;0.92818;;-0.25;-10.73;
2023.02.03 04:00:12;Buy;0.01;AUDCAD;0.94146;;;2023.02.07 04:54:40;0.92818;;-0.12;-9.90;
2023.02.06 18:01:09;Buy;0.18;AUDCAD;0.92317;;;2023.02.07 04:54:35;0.92817;;-1.07;67.10;
2023.02.06 16:00:26;Buy;0.12;AUDCAD;0.92536;;;2023.02.07 04:54:35;0.92817;;-0.71;25.14;
2023.02.03 22:00:32;Buy;0.08;AUDCAD;0.92789;;;2023.02.07 04:54:34;0.92817;;-0.99;1.67;
2023.02.06 18:00:12;Buy;0.02;AUDCAD;0.92320;;;2023.02.07 03:54:25;0.92701;;-0.12;5.68;
2023.02.06 18:01:05;Buy;0.06;NZDCAD;0.84457;;;2023.02.07 03:19:05;0.84883;;-0.21;19.03;
2023.02.03 21:00:27;Buy;0.04;NZDCAD;0.84880;;;2023.02.07 03:19:05;0.84883;;-0.28;0.09;
2023.02.03 18:01:13;Buy;0.02;NZDCAD;0.85262;;;2023.02.07 03:19:05;0.84883;;-0.14;-5.64;
2023.02.02 22:00:09;Buy;0.02;AUDUSD;0.70725;;;2023.02.07 02:20:30;0.68947;;-0.34;-35.56;
2023.02.02 17:00:31;Buy;0.01;AUDUSD;0.70893;;;2023.02.07 02:20:30;0.68946;;-0.17;-19.47;
2023.02.02 13:00:06;Buy;0.01;AUDUSD;0.71191;;;2023.02.07 02:20:29;0.68945;;-0.17;-22.46;
2023.02.03 22:00:15;Buy;0.13;AUDUSD;0.69263;;;2023.02.07 02:20:24;0.68944;;-1.46;-41.47;
2023.02.03 19:00:38;Buy;0.08;AUDUSD;0.69447;;;2023.02.07 02:20:24;0.68944;;-0.89;-40.24;
2023.02.03 16:00:17;Buy;0.05;AUDUSD;0.69734;;;2023.02.07 02:20:24;0.68944;;-0.56;-39.50;
2023.02.03 05:00:20;Buy;0.03;AUDUSD;0.70550;;;2023.02.07 02:20:23;0.68944;;-0.33;-48.18;
2023.02.06 18:00:10;Buy;0.55;AUDUSD;0.68604;;;2023.02.07 02:20:15;0.68949;;-2.98;189.75;
2023.02.06 17:00:14;Buy;0.34;AUDUSD;0.68779;;;2023.02.07 02:20:14;0.68949;;-1.84;57.80;
2023.02.06 12:00:12;Buy;0.21;AUDUSD;0.68963;;;2023.02.07 02:20:14;0.68949;;-1.14;-2.94;
2023.02.06 01:00:28;Buy;0.04;GBPUSD;1.20419;;;2023.02.06 10:50:49;1.20694;;;11.00;
2023.02.03 19:01:01;Buy;0.02;GBPUSD;1.20716;;;2023.02.06 10:50:48;1.20692;;-0.13;-0.48;
2023.02.03 17:00:48;Buy;0.01;GBPUSD;1.20910;;;2023.02.06 10:50:46;1.20688;;-0.07;-2.22;
2023.02.03 14:00:20;Buy;0.02;AUDNZD;1.08988;;;2023.02.06 06:15:15;1.09571;;-0.12;7.37;
2023.02.02 18:00:13;Buy;0.01;AUDNZD;1.09131;;;2023.02.06 06:15:15;1.09571;;-0.12;2.79;
2023.02.03 17:00:53;Sell;0.01;USDCAD;1.34222;;;2023.02.03 17:42:07;1.33626;;;4.46;
2023.02.03 14:00:22;Sell;0.01;GBPUSD;1.22574;;;2023.02.03 15:32:50;1.21775;;;7.99;
2023.02.03 01:00:19;Buy;0.02;NZDCAD;0.86196;;;2023.02.03 14:21:58;0.86525;;;4.93;
2023.02.03 10:00:30;Buy;0.02;GBPUSD;1.21961;;;2023.02.03 11:36:24;1.22294;;;6.66;
2023.02.03 01:00:18;Buy;0.01;GBPUSD;1.22273;;;2023.02.03 11:36:22;1.22292;;;0.19;
2023.02.02 19:00:39;Buy;0.01;GBPCAD;1.63262;;;2023.02.03 11:30:37;1.63143;;-0.08;-0.90;
2023.02.03 02:00:18;Buy;0.02;GBPCAD;1.62736;;;2023.02.03 11:30:24;1.63165;;;6.42;
2023.02.02 18:00:23;Sell;0.02;NZDCAD;0.86589;;;2023.02.02 21:54:44;0.86266;;;4.84;
2023.02.01 01:00:27;Sell;0.01;AUDNZD;1.09646;;;2023.02.02 17:47:51;1.09227;;-0.03;2.72;
2023.02.01 07:00:22;Sell;0.02;AUDNZD;1.09811;;;2023.02.02 17:47:49;1.09225;;-0.07;7.61;
2023.02.02 03:00:43;Sell;0.04;NZDCAD;0.86635;;;2023.02.02 17:04:55;0.86358;;;8.31;
2023.02.01 22:00:36;Sell;0.02;NZDCAD;0.86296;;;2023.02.02 17:04:54;0.86359;;-0.15;-0.95;
2023.02.02 15:00:30;Buy;0.01;GBPUSD;1.22931;;;2023.02.02 15:22:55;1.23192;;;2.61;
2023.02.02 02:00:49;Sell;0.01;AUDUSD;0.71493;;;2023.02.02 12:48:48;0.71209;;;2.84;
2023.02.01 22:00:34;Sell;0.01;AUDUSD;0.71247;;;2023.02.02 12:48:47;0.71209;;-0.02;0.38;
2023.02.02 01:00:18;Sell;0.01;AUDCAD;0.94779;;;2023.02.02 12:46:59;0.94658;;;0.91;
2023.02.02 08:00:28;Sell;0.02;AUDCAD;0.94964;;;2023.02.02 12:46:50;0.94656;;;4.64;
2023.02.02 02:00:49;Sell;0.01;GBPUSD;1.23901;;;2023.02.02 11:18:47;1.23560;;;3.41;
2023.01.31 21:00:07;Buy;0.01;GBPCAD;1.64060;;;2023.02.01 21:41:52;1.64499;;-0.08;3.30;
2023.02.01 01:00:29;Buy;0.04;NZDCAD;0.85582;;;2023.02.01 20:34:26;0.85993;;;12.32;
2023.01.31 18:01:36;Buy;0.02;NZDCAD;0.86269;;;2023.02.01 20:34:26;0.85993;;-0.07;-4.13;
2023.02.01 16:00:24;Sell;0.03;AUDUSD;0.70857;;;2023.02.01 19:20:27;0.70624;;;6.99;
2023.02.01 07:00:22;Sell;0.02;AUDUSD;0.70668;;;2023.02.01 19:20:26;0.70624;;;0.88;
2023.01.31 18:00:25;Sell;0.01;AUDUSD;0.70458;;;2023.02.01 19:20:25;0.70624;;-0.01;-1.66;
2023.01.31 16:01:08;Sell;0.01;AUDUSD;0.70305;;;2023.02.01 19:20:25;0.70624;;-0.01;-3.19;
2023.01.31 21:00:07;Buy;0.03;USDCAD;1.33040;;;2023.02.01 18:56:18;1.33352;;-0.12;7.02;
2023.01.31 19:00:41;Buy;0.01;USDCAD;1.33353;;;2023.02.01 18:56:16;1.33350;;-0.04;-0.02;
2023.01.31 11:00:39;Buy;0.01;GBPUSD;1.23147;;;2023.02.01 15:23:25;1.23385;;-0.07;2.38;
2023.01.27 18:00:51;Buy;0.01;AUDCAD;0.94555;;;2023.02.01 15:16:16;0.94305;;-0.19;-1.88;
2023.01.31 20:00:15;Buy;0.05;AUDCAD;0.93917;;;2023.02.01 15:15:36;0.94320;;-0.31;15.15;
2023.01.31 13:00:16;Buy;0.03;AUDCAD;0.94125;;;2023.02.01 15:15:35;0.94320;;-0.19;4.40;
2023.01.30 12:00:10;Buy;0.02;AUDCAD;0.94355;;;2023.02.01 15:15:34;0.94317;;-0.24;-0.57;
2023.02.01 05:00:19;Buy;0.06;AUDCAD;0.93791;;;2023.02.01 15:09:14;0.94240;;;20.23;
2023.01.31 13:00:27;Buy;0.04;AUDCAD;0.94129;;;2023.02.01 15:09:13;0.94240;;-0.25;3.33;
2023.01.30 06:00:47;Buy;0.02;AUDCAD;0.94470;;;2023.02.01 15:09:13;0.94240;;-0.24;-3.45;
2023.01.30 12:00:09;Buy;0.02;AUDNZD;1.09054;;;2023.01.31 23:46:38;1.09401;;-0.24;4.48;
2023.01.30 05:00:13;Buy;0.01;AUDNZD;1.09196;;;2023.01.31 23:46:37;1.09401;;-0.12;1.32;
2023.01.31 09:00:22;Buy;0.03;AUDNZD;1.08974;;;2023.01.31 23:45:50;1.09444;;-0.18;9.08;
2023.01.30 20:00:17;Sell;0.02;NZDCAD;0.86588;;;2023.01.31 17:52:58;0.86247;;-0.05;5.11;
2023.01.31 11:00:40;Sell;0.01;USDCAD;1.34512;;;2023.01.31 16:51:19;1.33959;;;4.13;
2023.01.30 06:01:34;Buy;0.01;AUDUSD;0.70881;;;2023.01.31 15:38:12;0.70276;;-0.06;-6.05;
2023.01.27 09:00:32;Buy;0.01;AUDUSD;0.71004;;;2023.01.31 15:38:10;0.70276;;-0.12;-7.28;
2023.01.30 20:00:24;Buy;0.02;AUDUSD;0.70704;;;2023.01.31 15:37:29;0.70284;;-0.11;-8.40;
2023.01.31 03:00:29;Buy;0.03;AUDUSD;0.70505;;;2023.01.31 15:34:27;0.70186;;;-9.57;
2023.01.31 06:00:08;Buy;0.05;AUDUSD;0.70367;;;2023.01.31 15:34:21;0.70183;;;-9.20;
2023.01.31 11:00:38;Buy;0.08;AUDUSD;0.70084;;;2023.01.31 15:32:30;0.70271;;;14.96;
2023.01.31 13:00:27;Buy;0.13;AUDUSD;0.69889;;;2023.01.31 15:31:20;0.70207;;;41.34;
2023.01.27 12:00:26;Buy;0.01;GBPCAD;1.64759;;;2023.01.30 06:02:14;1.65180;;-0.08;3.16;
2023.01.26 08:00:48;Sell;0.03;AUDNZD;1.09740;;;2023.01.30 04:10:27;1.09333;;-0.05;7.94;
2023.01.25 19:00:20;Sell;0.02;AUDNZD;1.09587;;;2023.01.30 04:10:27;1.09331;;-0.11;3.32;
2023.01.25 17:00:42;Sell;0.01;AUDNZD;1.09456;;;2023.01.30 04:10:25;1.09333;;-0.06;0.80;
2023.01.23 18:00:24;Sell;0.01;AUDNZD;1.08421;;;2023.01.30 04:07:07;1.09353;;-0.08;-6.05;
2023.01.26 08:00:26;Sell;0.08;AUDNZD;1.09745;;;2023.01.30 04:06:41;1.09358;;-0.15;20.13;
2023.01.25 08:00:29;Sell;0.04;AUDNZD;1.09506;;;2023.01.30 04:06:40;1.09358;;-0.22;3.84;
2023.01.25 03:01:00;Sell;0.02;AUDNZD;1.09340;;;2023.01.30 04:06:40;1.09360;;-0.11;-0.26;
2023.01.27 03:00:30;Sell;0.02;NZDCAD;0.86597;;;2023.01.27 17:47:33;0.86212;;;5.78;
2023.01.25 21:00:42;Sell;0.10;AUDCAD;0.95079;;;2023.01.27 17:27:03;0.94611;;-0.81;35.14;
2023.01.25 03:00:16;Sell;0.06;AUDCAD;0.94641;;;2023.01.27 17:27:03;0.94611;;-0.49;1.36;
2023.01.23 19:00:08;Sell;0.04;AUDCAD;0.93997;;;2023.01.27 17:27:03;0.94611;;-0.48;-18.44;
2023.01.23 11:00:16;Sell;0.02;AUDCAD;0.93510;;;2023.01.27 17:27:02;0.94612;;-0.24;-16.56;
2023.01.27 03:00:28;Sell;0.01;AUDUSD;0.71266;;;2023.01.27 08:50:33;0.70983;;;2.83;
2023.01.26 18:00:09;Buy;0.01;AUDUSD;0.70850;;;2023.01.26 22:13:22;0.71145;;;2.95;
2023.01.25 18:00:45;Sell;0.02;NZDCAD;0.86642;;;2023.01.26 18:26:38;0.86348;;-0.14;4.40;
2023.01.25 19:00:19;Sell;0.01;AUDUSD;0.70814;;;2023.01.26 17:47:04;0.70924;;-0.02;-1.10;
2023.01.26 05:00:06;Sell;0.02;AUDUSD;0.71146;;;2023.01.26 17:46:42;0.70940;;;4.12;
2023.01.25 21:00:39;Sell;0.01;AUDUSD;0.70987;;;2023.01.26 17:46:41;0.70941;;-0.02;0.46;
2023.01.26 04:00:09;Sell;0.01;AUDCAD;0.95264;;;2023.01.26 16:58:33;0.94805;;;3.44;
2023.01.25 18:01:04;Sell;0.02;GBPCAD;1.65673;;;2023.01.26 13:05:58;1.65833;;-0.08;-2.39;
2023.01.25 17:00:32;Sell;0.01;GBPCAD;1.65595;;;2023.01.26 13:05:58;1.65832;;-0.04;-1.77;
2023.01.26 04:00:10;Sell;0.04;GBPCAD;1.66275;;;2023.01.26 13:05:42;1.65827;;;13.39;
2023.01.25 22:00:25;Sell;0.02;GBPUSD;1.23979;;;2023.01.26 11:29:21;1.23772;;-0.15;4.14;
2023.01.25 19:00:26;Sell;0.01;GBPUSD;1.23733;;;2023.01.26 11:29:21;1.23772;;-0.07;-0.39;
2023.01.25 14:00:25;Buy;0.01;AUDUSD;0.70852;;;2023.01.25 17:06:59;0.70933;;;0.81;
2023.01.25 16:00:34;Buy;0.01;AUDUSD;0.70681;;;2023.01.25 17:06:37;0.70925;;;2.44;
2023.01.25 16:00:58;Buy;0.02;NZDCAD;0.86323;;;2023.01.25 17:03:53;0.86653;;;4.93;
2023.01.23 18:00:40;Sell;0.01;AUDCAD;0.94112;;;2023.01.25 15:58:51;0.94443;;-0.04;-2.48;
2023.01.25 08:00:31;Sell;0.05;AUDCAD;0.94830;;;2023.01.25 15:58:50;0.94442;;;14.51;
2023.01.25 03:01:02;Sell;0.03;AUDCAD;0.94660;;;2023.01.25 15:58:49;0.94442;;;4.89;
2023.01.25 02:00:21;Sell;0.02;AUDCAD;0.94238;;;2023.01.25 15:58:47;0.94441;;;-3.04;
2023.01.23 18:00:39;Sell;0.02;NZDCAD;0.86784;;;2023.01.25 15:34:32;0.86423;;-0.10;5.40;
2023.01.25 06:00:09;Sell;0.12;AUDNZD;1.09438;;;2023.01.25 14:34:13;1.09175;;;20.47;
2023.01.25 03:00:44;Sell;0.08;AUDNZD;1.09333;;;2023.01.25 14:34:13;1.09175;;;8.19;
2023.01.25 02:00:20;Sell;0.05;AUDNZD;1.08566;;;2023.01.25 14:34:12;1.09175;;;-19.74;
2023.01.23 18:00:22;Sell;0.03;AUDNZD;1.08419;;;2023.01.25 14:34:12;1.09175;;-0.06;-14.71;
2023.01.19 17:00:23;Sell;0.02;AUDNZD;1.08133;;;2023.01.25 14:34:12;1.09175;;-0.08;-13.51;
2023.01.19 11:00:15;Sell;0.01;AUDNZD;1.07926;;;2023.01.25 14:34:11;1.09175;;-0.04;-8.10;
2023.01.25 09:00:07;Sell;0.18;AUDNZD;1.09577;;;2023.01.25 14:33:52;1.09167;;;47.86;
2023.01.24 20:00:16;Sell;0.01;GBPUSD;1.23269;;;2023.01.25 12:10:52;1.22955;;-0.02;3.14;
2023.01.25 09:00:13;Sell;0.03;AUDUSD;0.71147;;;2023.01.25 12:01:51;0.70885;;;7.86;
2023.01.25 05:00:07;Sell;0.02;AUDUSD;0.70962;;;2023.01.25 12:01:44;0.70889;;;1.46;
2023.01.25 03:00:18;Sell;0.01;AUDUSD;0.70796;;;2023.01.25 12:01:44;0.70889;;;-0.93;
2023.01.24 18:00:23;Sell;0.01;AUDUSD;0.70481;;;2023.01.25 12:01:43;0.70885;;-0.01;-4.04;
2023.01.24 17:01:42;Buy;0.04;GBPUSD;1.22746;;;2023.01.24 17:21:13;1.22845;;;3.96;
2023.01.24 15:00:18;Buy;0.02;GBPUSD;1.22886;;;2023.01.24 17:21:01;1.22853;;;-0.66;
2023.01.24 12:00:46;Buy;0.01;GBPUSD;1.23284;;;2023.01.24 17:20:59;1.22856;;;-4.28;
2023.01.24 17:00:19;Buy;0.02;AUDUSD;0.69968;;;2023.01.24 17:13:54;0.70191;;;4.46;
2023.01.24 15:00:15;Buy;0.01;AUDUSD;0.70146;;;2023.01.24 17:13:52;0.70191;;;0.45;
2023.01.24 11:00:13;Buy;0.01;AUDUSD;0.70306;;;2023.01.24 17:13:51;0.70191;;;-1.15;
2023.01.24 15:00:16;Buy;0.01;GBPCAD;1.64152;;;2023.01.24 15:29:47;1.64510;;;2.68;
2023.01.24 09:00:15;Sell;0.01;AUDUSD;0.70476;;;2023.01.24 10:33:27;0.70233;;;2.43;
2023.01.23 18:00:24;Sell;0.01;AUDUSD;0.70333;;;2023.01.24 10:33:26;0.70234;;-0.01;0.99;
2023.01.23 13:00:15;Buy;0.01;GBPCAD;1.65239;;;2023.01.23 17:50:49;1.65637;;;2.97;
2023.01.23 16:00:14;Buy;0.01;AUDUSD;0.69755;;;2023.01.23 17:49:08;0.70069;;;3.14;
2023.01.20 21:00:26;Sell;0.01;AUDUSD;0.69678;;;2023.01.23 15:46:22;0.69812;;;-1.34;
2023.01.20 18:00:40;Sell;0.01;AUDUSD;0.69498;;;2023.01.23 15:46:21;0.69812;;;-3.14;
2023.01.23 11:00:24;Sell;0.03;AUDUSD;0.70065;;;2023.01.23 15:45:50;0.69821;;;7.32;
2023.01.23 02:00:15;Sell;0.02;AUDUSD;0.69835;;;2023.01.23 15:45:49;0.69821;;;0.28;
2023.01.23 02:00:16;Sell;0.04;NZDCAD;0.86741;;;2023.01.23 15:38:38;0.86447;;;8.79;
2023.01.20 10:00:28;Sell;0.02;NZDCAD;0.86398;;;2023.01.23 15:38:37;0.86449;;-0.05;-0.76;
2023.01.23 11:00:26;Buy;0.08;USDCAD;1.33463;;;2023.01.23 13:42:50;1.33767;;;18.18;
2023.01.20 21:00:27;Buy;0.03;USDCAD;1.33915;;;2023.01.23 13:42:50;1.33765;;-0.13;-3.36;
2023.01.20 18:00:41;Buy;0.01;USDCAD;1.34238;;;2023.01.23 13:42:49;1.33766;;-0.04;-3.53;
2023.01.23 03:00:07;Sell;0.01;GBPUSD;1.24244;;;2023.01.23 12:15:08;1.23903;;;3.41;
2023.01.18 16:01:54;Sell;0.02;GBPCAD;1.65854;;;2023.01.20 17:50:37;1.66163;;-0.09;-4.60;
2023.01.18 12:00:32;Sell;0.01;GBPCAD;1.65100;;;2023.01.20 17:50:36;1.66162;;-0.05;-7.91;
2023.01.19 02:00:19;Sell;0.04;GBPCAD;1.66631;;;2023.01.20 17:49:32;1.66043;-0.01;-0.05;17.52;
2023.01.20 16:00:13;Buy;0.01;AUDUSD;0.69145;;;2023.01.20 17:09:10;0.69432;;;2.87;
2023.01.20 04:00:18;Sell;0.01;AUDUSD;0.69217;;;2023.01.20 15:53:20;0.69138;;;0.79;
2023.01.20 10:00:17;Sell;0.01;AUDUSD;0.69392;;;2023.01.20 15:52:52;0.69138;;;2.54;
2023.01.19 12:01:06;Buy;0.02;AUDCAD;0.93037;;;2023.01.20 10:23:57;0.93396;;-0.12;5.33;
2023.01.19 09:00:55;Buy;0.02;AUDCAD;0.93042;;;2023.01.20 10:03:32;0.93370;;-0.12;4.88;
2023.01.19 04:00:12;Buy;0.01;AUDCAD;0.93250;;;2023.01.20 10:03:31;0.93368;;-0.06;0.88;
2023.01.19 10:02:12;Buy;0.02;NZDCAD;0.86418;;;2023.01.20 04:15:54;0.86347;;-0.08;-1.05;
2023.01.19 15:00:12;Buy;0.04;NZDCAD;0.86053;;;2023.01.20 04:15:48;0.86349;-0.01;-0.15;8.80;
2023.01.19 09:00:54;Buy;0.08;AUDUSD;0.68896;;;2023.01.20 03:30:11;0.69224;;-0.44;26.24;
2023.01.19 03:00:16;Buy;0.05;AUDUSD;0.69092;;;2023.01.20 03:30:02;0.69225;;-0.28;6.65;
2023.01.18 22:00:27;Buy;0.03;AUDUSD;0.69434;;;2023.01.20 03:30:01;0.69225;;-0.67;-6.27;
2023.01.18 20:00:23;Buy;0.02;AUDUSD;0.69621;;;2023.01.20 03:30:00;0.69224;;-0.44;-7.94;
2023.01.18 19:00:13;Buy;0.01;AUDUSD;0.69890;;;2023.01.20 03:29:58;0.69225;;-0.23;-6.65;
2023.01.18 18:00:11;Buy;0.01;AUDUSD;0.70109;;;2023.01.20 03:29:58;0.69225;;-0.23;-8.84;
2023.01.19 05:00:12;Buy;0.01;GBPUSD;1.23293;;;2023.01.19 17:02:53;1.23587;;;2.94;
2023.01.19 04:00:41;Sell;0.03;USDCAD;1.35085;;;2023.01.19 15:55:21;1.34787;;;6.63;
2023.01.18 20:00:34;Sell;0.01;USDCAD;1.34763;;;2023.01.19 15:55:16;1.34781;;-0.16;-0.13;
2023.01.19 03:00:30;Buy;0.62;AUDNZD;1.07505;;;2023.01.19 10:56:45;1.07920;-0.09;;164.28;
2023.01.19 02:00:12;Buy;0.41;AUDNZD;1.07735;;;2023.01.19 10:56:43;1.07920;-0.06;;48.43;
2023.01.18 04:00:16;Buy;0.08;AUDNZD;1.08433;;;2023.01.19 10:56:43;1.07920;-0.01;-1.37;-26.21;
2023.01.17 11:00:16;Buy;0.05;AUDNZD;1.08631;;;2023.01.19 10:56:43;1.07920;-0.01;-1.14;-22.69;
2023.01.17 10:00:38;Buy;0.03;AUDNZD;1.08802;;;2023.01.19 10:56:43;1.07920;;-0.68;-16.89;
2023.01.16 12:00:26;Buy;0.02;AUDNZD;1.08924;;;2023.01.19 10:56:42;1.07920;;-0.56;-12.82;
2023.01.16 06:00:27;Buy;0.01;AUDNZD;1.09180;;;2023.01.19 10:56:42;1.07920;;-0.29;-8.04;
2023.01.18 21:00:55;Buy;0.27;AUDNZD;1.08035;;;2023.01.19 10:56:12;1.07895;-0.04;-4.62;-24.14;
2023.01.18 19:00:20;Buy;0.18;AUDNZD;1.08202;;;2023.01.19 10:56:10;1.07895;-0.02;-3.08;-35.30;
2023.01.18 11:00:20;Buy;0.12;AUDNZD;1.08313;;;2023.01.19 10:56:08;1.07893;-0.02;-2.05;-32.19;
2023.01.18 20:00:23;Buy;0.01;AUDNZD;1.08133;;;2023.01.19 10:50:47;1.07847;;-0.17;-1.83;
2023.01.19 02:00:14;Buy;0.02;AUDNZD;1.07735;;;2023.01.19 10:50:07;1.07857;;;1.56;
2023.01.19 03:00:33;Buy;0.04;AUDNZD;1.07505;;;2023.01.19 10:49:35;1.07883;-0.01;;9.65;
2023.01.18 10:00:52;Sell;0.06;NZDCAD;0.86498;;;2023.01.19 08:57:48;0.86499;-0.01;-0.41;-0.05;
2023.01.18 02:00:25;Sell;0.04;NZDCAD;0.86117;;;2023.01.19 08:57:47;0.86499;-0.01;-0.27;-11.32;
2023.01.17 06:00:27;Sell;0.02;NZDCAD;0.85767;;;2023.01.19 08:57:47;0.86499;;-0.18;-10.84;
2023.01.18 17:00:28;Sell;0.10;NZDCAD;0.87035;;;2023.01.19 08:57:35;0.86496;-0.01;-0.68;39.91;
2023.01.18 10:00:19;Sell;0.02;AUDCAD;0.93781;;;2023.01.19 02:38:50;0.93426;;-0.11;5.26;
2023.01.18 16:01:36;Sell;0.01;AUDCAD;0.94229;;;2023.01.18 19:09:45;0.93800;;;3.20;
2023.01.18 16:01:35;Sell;0.02;GBPUSD;1.23877;;;2023.01.18 18:24:53;1.23665;;;4.24;
2023.01.18 12:00:30;Sell;0.01;GBPUSD;1.23586;;;2023.01.18 18:24:06;1.23649;;;-0.63;
2023.01.17 18:00:30;Sell;0.01;AUDUSD;0.69915;;;2023.01.18 17:51:51;0.70202;;-0.01;-2.87;
2023.01.18 09:00:11;Sell;0.01;AUDUSD;0.70105;;;2023.01.18 17:51:15;0.70231;;;-1.26;
2023.01.18 12:00:27;Sell;0.02;AUDUSD;0.70248;;;2023.01.18 17:50:39;0.70211;;;0.74;
2023.01.18 17:00:55;Sell;0.03;AUDUSD;0.70460;;;2023.01.18 17:50:38;0.70211;;;7.47;
2023.01.17 17:00:35;Sell;0.02;GBPUSD;1.22855;;;2023.01.17 17:44:40;1.22703;;;3.04;
2023.01.17 14:00:28;Sell;0.01;GBPUSD;1.22548;;;2023.01.17 17:44:38;1.22712;;;-1.64;
2023.01.16 09:00:25;Buy;0.01;AUDUSD;0.69783;;;2023.01.17 17:34:32;0.69789;;-0.06;0.06;
2023.01.16 11:00:21;Buy;0.01;AUDUSD;0.69452;;;2023.01.17 17:33:37;0.69781;;-0.06;3.29;
2023.01.13 08:00:13;Sell;0.01;AUDNZD;1.09239;;;2023.01.17 09:51:05;1.08776;;-0.02;2.96;
2023.01.16 11:00:39;Buy;0.01;GBPUSD;1.21787;;;2023.01.16 11:51:08;1.22085;;;2.98;
2023.01.13 18:00:35;Sell;0.02;NZDCAD;0.85301;;;2023.01.16 10:54:17;0.85418;;-0.04;-1.74;
2023.01.16 04:00:28;Sell;0.04;NZDCAD;0.85694;;;2023.01.16 10:53:44;0.85416;-0.01;;8.29;
2023.01.16 03:00:29;Sell;0.01;GBPCAD;1.63920;;;2023.01.16 10:26:37;1.63509;;;3.07;
2023.01.16 04:00:26;Sell;0.01;AUDUSD;0.70115;;;2023.01.16 08:31:37;0.69778;;;3.37;
2023.01.13 21:00:43;Sell;0.01;AUDUSD;0.69747;;;2023.01.16 08:31:33;0.69775;;;-0.28;
2023.01.16 05:00:16;Sell;0.01;GBPUSD;1.22812;;;2023.01.16 08:18:21;1.22525;;;2.87;
2023.01.13 03:00:37;Sell;0.01;AUDCAD;0.93201;;;2023.01.16 06:59:22;0.93394;;-0.02;-1.44;
2023.01.13 21:00:44;Sell;0.02;AUDCAD;0.93424;;;2023.01.16 06:58:37;0.93428;;-0.04;-0.06;
2023.01.16 04:00:27;Sell;0.03;AUDCAD;0.93687;;;2023.01.16 06:58:28;0.93437;;;5.61;
2023.01.11 10:00:15;Sell;0.01;AUDNZD;1.08450;;;2023.01.16 01:34:53;1.09082;;-0.05;-4.05;
2023.01.12 16:00:16;Sell;0.05;AUDNZD;1.08804;;;2023.01.16 01:34:19;1.09066;-0.01;-0.11;-8.38;
2023.01.11 19:00:11;Sell;0.03;AUDNZD;1.08678;;;2023.01.16 01:34:17;1.09065;;-0.16;-7.43;
2023.01.11 17:00:16;Sell;0.02;AUDNZD;1.08577;;;2023.01.16 01:34:16;1.09060;;-0.11;-6.18;
2023.01.13 21:00:43;Sell;0.18;AUDNZD;1.09337;;;2023.01.16 01:34:11;1.09055;-0.03;-0.19;32.48;
2023.01.13 03:00:23;Sell;0.12;AUDNZD;1.09220;;;2023.01.16 01:34:11;1.09055;-0.02;-0.13;12.67;
2023.01.12 20:00:15;Sell;0.08;AUDNZD;1.08982;;;2023.01.16 01:34:11;1.09055;-0.01;-0.17;-3.73;
2023.01.13 15:00:44;Buy;0.01;AUDUSD;0.69368;;;2023.01.13 20:03:42;0.69685;;;3.17;
2023.01.13 09:00:23;Sell;0.02;AUDCAD;0.93300;;;2023.01.13 15:02:38;0.92928;;;5.56;
2023.01.12 18:00:08;Sell;0.01;AUDUSD;0.69330;;;2023.01.13 14:31:46;0.69422;;-0.01;-0.92;
2023.01.12 20:00:14;Sell;0.01;AUDUSD;0.69751;;;2023.01.13 14:31:23;0.69412;;-0.01;3.39;
2023.01.12 20:00:34;Sell;0.02;NZDCAD;0.85464;;;2023.01.13 14:11:33;0.85132;;-0.04;4.97;
2023.01.12 20:00:32;Sell;0.01;GBPUSD;1.22294;;;2023.01.13 04:15:50;1.22005;;-0.02;2.89;
2023.01.12 17:02:04;Buy;0.01;AUDCAD;0.92752;;;2023.01.12 17:26:31;0.93143;;;2.92;
2023.01.12 17:00:40;Buy;0.01;AUDUSD;0.69073;;;2023.01.12 17:12:57;0.69372;;;2.99;
2023.01.12 16:01:02;Sell;0.01;AUDCAD;0.93206;;;2023.01.12 16:43:34;0.92724;;;3.59;
2023.01.12 16:01:07;Sell;0.01;AUDUSD;0.69811;;;2023.01.12 16:14:19;0.69516;;;2.95;
2023.01.12 07:00:13;Sell;0.02;AUDCAD;0.92925;;;2023.01.12 15:38:42;0.93088;;;-2.44;
2023.01.12 04:00:15;Sell;0.01;AUDUSD;0.69174;;;2023.01.12 15:33:45;0.69232;;;-0.58;
2023.01.11 21:00:22;Sell;0.02;NZDCAD;0.85470;;;2023.01.12 14:35:44;0.85143;;-0.13;4.88;
2023.01.11 15:00:26;Buy;0.01;AUDUSD;0.68861;;;2023.01.12 02:32:56;0.69199;;-0.16;3.38;
2023.01.10 17:00:32;Sell;0.02;NZDCAD;0.85491;;;2023.01.11 14:18:47;0.85158;;-0.04;4.95;
2023.01.11 07:00:16;Sell;0.01;AUDUSD;0.69110;;;2023.01.11 14:12:27;0.68856;;;2.54;
2023.01.10 17:00:25;Sell;0.01;AUDUSD;0.68938;;;2023.01.11 14:12:26;0.68856;;-0.01;0.82;
2023.01.10 13:00:08;Buy;0.03;AUDNZD;1.08018;;;2023.01.11 06:37:29;1.08433;;-0.17;7.93;
2023.01.10 12:00:19;Buy;0.02;AUDNZD;1.08126;;;2023.01.11 06:37:27;1.08429;;-0.11;3.86;
2023.01.09 11:00:07;Buy;0.01;AUDNZD;1.08345;;;2023.01.11 06:37:26;1.08429;;-0.12;0.53;
2023.01.10 14:00:13;Buy;0.02;AUDCAD;0.92235;;;2023.01.11 01:06:26;0.92600;;-0.12;5.44;
2023.01.10 15:00:47;Buy;0.01;AUDCAD;0.92101;;;2023.01.10 23:33:56;0.92556;;-0.06;3.39;
2023.01.10 15:01:08;Buy;0.02;NZDCAD;0.85171;;;2023.01.10 16:56:25;0.85525;;;5.29;
2023.01.10 02:00:15;Buy;0.01;AUDUSD;0.69095;;;2023.01.10 16:05:10;0.68941;;;-1.54;
2023.01.10 15:00:51;Buy;0.02;AUDUSD;0.68656;;;2023.01.10 16:04:59;0.68915;;;5.18;
2023.01.10 13:00:08;Buy;0.01;AUDUSD;0.68946;;;2023.01.10 16:04:58;0.68918;;;-0.28;
2023.01.09 04:00:27;Sell;0.04;AUDCAD;0.92616;;;2023.01.10 13:12:24;0.92217;-0.01;-0.07;11.92;
2023.01.06 20:00:22;Sell;0.02;AUDCAD;0.92334;;;2023.01.10 13:12:24;0.92217;;-0.08;1.75;
2023.01.09 18:00:15;Sell;0.08;AUDUSD;0.69422;;;2023.01.09 22:38:58;0.69133;-0.01;;23.12;
2023.01.09 05:00:08;Sell;0.05;AUDUSD;0.69234;;;2023.01.09 22:38:57;0.69133;;;5.05;
2023.01.09 02:00:13;Sell;0.03;AUDUSD;0.68941;;;2023.01.09 22:38:55;0.69132;;;-5.73;
2023.01.06 22:01:16;Sell;0.02;AUDUSD;0.68795;;;2023.01.09 22:38:52;0.69132;;-0.01;-6.74;
2023.01.06 19:00:10;Sell;0.01;AUDUSD;0.68629;;;2023.01.09 22:38:51;0.69129;;-0.01;-5.00;
2023.01.06 18:00:32;Sell;0.01;AUDUSD;0.68388;;;2023.01.09 22:38:50;0.69129;;-0.01;-7.41;
2023.01.06 19:00:53;Sell;0.02;NZDCAD;0.85181;;;2023.01.09 22:31:21;0.85293;;-0.04;-1.68;
2023.01.09 05:00:36;Sell;0.04;NZDCAD;0.85576;;;2023.01.09 22:30:58;0.85286;-0.01;;8.67;
2023.01.06 16:00:45;Buy;0.01;USDCAD;1.35404;;;2023.01.09 16:26:11;1.34091;;-0.04;-9.79;
2023.01.09 13:00:35;Buy;0.21;USDCAD;1.33878;;;2023.01.09 16:26:03;1.34108;-0.02;;36.02;
2023.01.09 04:00:28;Buy;0.08;USDCAD;1.34161;;;2023.01.09 16:26:02;1.34107;-0.01;;-3.22;
2023.01.06 20:00:51;Buy;0.03;USDCAD;1.34433;;;2023.01.09 16:26:00;1.34107;;-0.13;-7.29;
2023.01.09 02:00:38;Sell;0.01;AUDCAD;0.92658;;;2023.01.09 12:56:38;0.92518;;;1.05;
2023.01.09 05:00:35;Sell;0.02;AUDCAD;0.92807;;;2023.01.09 12:56:23;0.92521;;;4.27;
2023.01.06 18:02:51;Sell;0.01;GBPUSD;1.20427;;;2023.01.09 12:39:09;1.21202;;-0.02;-7.75;
2023.01.06 20:00:53;Sell;0.02;GBPUSD;1.20848;;;2023.01.09 12:38:33;1.21219;;-0.04;-7.42;
2023.01.09 02:00:36;Sell;0.04;GBPUSD;1.21195;;;2023.01.09 12:38:27;1.21222;;;-1.08;
2023.01.09 08:00:12;Sell;0.08;GBPUSD;1.21476;;;2023.01.09 12:38:19;1.21234;-0.01;;19.36;
2023.01.09 11:00:23;Sell;0.02;GBPCAD;1.62946;;;2023.01.09 12:23:56;1.62563;;;5.72;
2023.01.06 20:00:56;Sell;0.01;GBPCAD;1.62442;;;2023.01.09 12:23:53;1.62561;;-0.01;-0.89;
2023.01.06 17:01:12;Buy;0.01;AUDUSD;0.67731;;;2023.01.06 17:11:18;0.68021;;;2.90;
2023.01.06 17:01:28;Buy;0.02;NZDCAD;0.84598;;;2023.01.06 17:08:06;0.84860;;;3.87;
2023.01.06 16:00:17;Sell;0.01;AUDUSD;0.67887;;;2023.01.06 16:43:29;0.67598;;;2.89;
2023.01.05 18:02:17;Sell;0.01;USDCAD;1.35819;;;2023.01.06 15:38:49;1.35918;;-0.05;-0.73;
2023.01.06 13:00:17;Sell;0.03;USDCAD;1.36307;;;2023.01.06 15:38:34;1.35918;;;8.59;
2023.01.06 04:00:26;Buy;0.02;AUDCAD;0.91640;;;2023.01.06 15:33:28;0.91836;;;2.88;
2023.01.06 10:00:16;Buy;0.01;AUDUSD;0.67495;;;2023.01.06 15:31:51;0.67395;;;-1.00;
2023.01.06 14:00:40;Buy;0.01;AUDUSD;0.67272;;;2023.01.06 15:31:12;0.67515;;;2.43;
2023.01.05 17:00:17;Buy;0.02;NZDCAD;0.84446;;;2023.01.06 15:10:19;0.84830;;-0.07;5.63;
2023.01.06 06:00:26;Sell;0.01;AUDUSD;0.67743;;;2023.01.06 09:41:14;0.67408;;;3.35;
2023.01.05 16:00:10;Buy;0.01;AUDUSD;0.67765;;;2023.01.06 05:02:20;0.67743;;-0.05;-0.22;
2023.01.05 18:00:15;Buy;0.01;AUDUSD;0.67390;;;2023.01.06 05:02:11;0.67740;;-0.05;3.50;
2023.01.05 16:00:33;Buy;0.01;GBPCAD;1.61390;;;2023.01.05 18:33:35;1.61828;;;3.22;
2023.01.05 18:02:18;Buy;0.02;GBPUSD;1.18846;;;2023.01.05 18:31:34;1.19038;;;3.84;
2023.01.05 17:00:26;Buy;0.01;GBPUSD;1.19098;;;2023.01.05 18:31:33;1.19039;;;-0.59;
2023.01.05 14:00:16;Sell;0.02;NZDCAD;0.85022;;;2023.01.05 15:38:26;0.84696;;;4.82;
2023.01.05 10:00:39;Buy;0.01;AUDUSD;0.68137;;;2023.01.05 14:19:56;0.68405;;;2.68;
2023.01.05 06:00:13;Buy;0.01;AUDUSD;0.68031;;;2023.01.05 08:12:21;0.68334;;;3.03;
2022.12.15 12:00:44;Buy;0.06;NZDCAD;0.86628;;;2022.12.16 15:51:09;0.87078;-0.01;-0.20;19.75;
2022.12.15 10:01:00;Buy;0.04;NZDCAD;0.87147;;;2022.12.16 15:51:08;0.87081;-0.01;-0.14;-1.93;
2022.12.14 02:00:17;Buy;0.02;NZDCAD;0.87483;;;2022.12.16 15:51:07;0.87081;;-0.28;-5.88;
2022.12.15 20:00:32;Buy;0.21;AUDUSD;0.66816;;;2022.12.16 04:20:46;0.67163;;-1.09;72.87;
2022.12.15 19:00:23;Buy;0.13;AUDUSD;0.66998;;;2022.12.16 04:20:46;0.67163;;-0.67;21.45;
2022.12.15 18:00:16;Buy;0.08;AUDUSD;0.67251;;;2022.12.16 04:20:46;0.67163;;-0.41;-7.04;
2022.12.15 17:00:27;Buy;0.05;AUDUSD;0.67473;;;2022.12.16 04:20:45;0.67162;;-0.26;-15.55;
2022.12.15 12:00:18;Buy;0.03;AUDUSD;0.67748;;;2022.12.16 04:20:44;0.67162;;-0.16;-17.58;
2022.12.15 07:00:12;Buy;0.02;AUDUSD;0.68251;;;2022.12.16 04:20:44;0.67162;;-0.10;-21.78;
2022.12.15 05:00:29;Buy;0.01;AUDUSD;0.68404;;;2022.12.16 04:20:43;0.67164;;-0.05;-12.40;
2022.12.14 16:00:13;Buy;0.01;AUDUSD;0.68615;;;2022.12.16 04:20:41;0.67166;;-0.21;-14.49;
2022.12.15 20:00:33;Sell;0.03;USDCAD;1.36624;;;2022.12.16 04:07:41;1.36286;;-0.16;7.44;
2022.12.15 16:00:58;Sell;0.01;USDCAD;1.36230;;;2022.12.16 04:07:40;1.36285;;-0.05;-0.40;
2022.12.15 18:01:54;Buy;0.01;GBPCAD;1.66405;;;2022.12.15 23:17:06;1.66359;;-0.08;-0.34;
2022.12.15 19:01:12;Buy;0.01;AUDCAD;0.91456;;;2022.12.15 22:41:12;0.91542;;;0.63;
2022.12.15 12:00:24;Sell;0.01;AUDNZD;1.06172;;;2022.12.15 22:04:53;1.05635;;;3.41;
2022.12.15 20:00:34;Buy;0.02;GBPUSD;1.21637;;;2022.12.15 21:03:54;1.21913;;;5.52;
2022.12.15 19:01:18;Buy;0.01;GBPUSD;1.22075;;;2022.12.15 21:03:54;1.21913;;;-1.62;
2022.12.15 12:00:24;Buy;0.01;GBPUSD;1.23384;;;2022.12.15 16:14:10;1.23413;;;0.29;
2022.12.15 15:00:11;Buy;0.02;GBPUSD;1.23123;;;2022.12.15 16:14:02;1.23390;;;5.34;
2022.12.15 13:00:13;Buy;0.06;AUDCAD;0.91752;;;2022.12.15 15:45:04;0.92154;-0.01;;17.71;
2022.12.15 11:00:29;Buy;0.04;AUDCAD;0.92112;;;2022.12.15 15:44:47;0.92157;-0.01;;1.33;
2022.12.15 07:00:11;Buy;0.02;AUDCAD;0.92572;;;2022.12.15 15:44:47;0.92162;;;-6.02;
2022.12.15 13:00:15;Buy;0.02;AUDCAD;0.91753;;;2022.12.15 15:36:56;0.92124;;;5.45;
2022.12.15 11:00:37;Buy;0.01;AUDCAD;0.92113;;;2022.12.15 15:35:59;0.92101;;;-0.09;
2022.12.14 11:00:23;Sell;0.02;AUDNZD;1.06506;;;2022.12.15 08:57:43;1.06012;;-0.06;6.36;
2022.12.06 08:00:12;Sell;0.01;AUDNZD;1.06431;;;2022.12.15 08:57:43;1.06012;;-0.11;2.70;
2022.12.14 11:00:37;Sell;0.01;AUDNZD;1.06506;;;2022.12.15 05:04:21;1.06042;;-0.03;2.99;
2022.12.13 16:00:38;Buy;0.01;USDCAD;1.35473;;;2022.12.14 21:11:32;1.35944;;-0.04;3.46;
2022.12.14 20:00:08;Sell;0.01;GBPUSD;1.24188;;;2022.12.14 21:01:28;1.23825;;;3.63;
2022.12.14 02:00:17;Buy;0.01;AUDUSD;0.68415;;;2022.12.14 11:29:37;0.68729;;;3.14;
2022.12.13 16:00:26;Sell;0.01;AUDUSD;0.68664;;;2022.12.14 01:12:48;0.68474;;-0.01;1.90;
2022.12.13 10:00:27;Sell;0.01;AUDUSD;0.67779;;;2022.12.14 01:12:48;0.68474;;-0.01;-6.95;
2022.12.13 17:00:25;Sell;0.02;AUDUSD;0.68896;;;2022.12.14 01:12:39;0.68479;;-0.01;8.34;
2022.12.13 21:00:27;Buy;0.01;GBPUSD;1.23499;;;2022.12.13 21:44:53;1.23783;;;2.84;
2022.12.13 18:02:39;Sell;0.02;NZDCAD;0.87902;;;2022.12.13 19:28:57;0.87569;;;4.92;
2022.12.13 17:00:26;Sell;0.01;AUDCAD;0.93270;;;2022.12.13 19:28:25;0.92836;;;3.21;
2022.12.13 17:00:43;Sell;0.01;GBPCAD;1.68131;;;2022.12.13 17:53:03;1.67838;;;2.16;
2022.12.13 16:00:54;Sell;0.01;GBPUSD;1.24123;;;2022.12.13 17:42:55;1.23869;;;2.54;
2022.12.13 06:00:29;Buy;0.01;AUDUSD;0.67432;;;2022.12.13 09:26:10;0.67729;;;2.97;
2022.12.12 18:00:19;Buy;0.01;AUDUSD;0.67421;;;2022.12.13 04:40:34;0.67682;;-0.05;2.61;
2022.12.12 15:00:22;Buy;0.01;AUDUSD;0.67622;;;2022.12.13 04:40:33;0.67682;;-0.05;0.60;
2022.12.09 17:01:30;Sell;0.04;NZDCAD;0.87297;;;2022.12.12 20:13:26;0.87012;-0.01;-0.10;8.34;
2022.12.09 04:00:16;Sell;0.02;NZDCAD;0.86919;;;2022.12.12 20:13:25;0.87011;;-0.05;-1.34;
2022.12.09 17:00:25;Sell;0.06;AUDCAD;0.92559;;;2022.12.12 18:02:34;0.92157;-0.01;-0.12;17.64;
2022.12.07 20:00:05;Sell;0.02;AUDCAD;0.91801;;;2022.12.12 18:02:34;0.92157;;-0.21;-5.21;
2022.12.09 02:00:24;Sell;0.04;AUDCAD;0.92112;;;2022.12.12 18:02:12;0.92155;-0.01;-0.08;-1.26;
2022.12.12 12:00:25;Sell;0.08;AUDCAD;0.92784;;;2022.12.12 14:58:16;0.92365;-0.01;;24.53;
2022.12.09 17:01:21;Sell;0.05;AUDCAD;0.92548;;;2022.12.12 14:58:15;0.92365;-0.01;-0.10;6.70;
2022.12.09 06:00:09;Sell;0.03;AUDCAD;0.92318;;;2022.12.12 14:58:14;0.92364;;-0.06;-1.01;
2022.12.09 02:00:14;Sell;0.02;AUDCAD;0.92117;;;2022.12.12 14:58:12;0.92372;;-0.04;-3.74;
2022.12.07 22:00:13;Sell;0.01;AUDCAD;0.91863;;;2022.12.12 14:58:11;0.92374;;-0.10;-3.74;
2022.12.12 12:00:24;Sell;0.01;AUDUSD;0.67920;;;2022.12.12 14:55:45;0.67636;;;2.84;
2022.12.12 03:00:34;Buy;0.01;AUDUSD;0.67628;;;2022.12.12 11:58:26;0.67924;;;2.96;
2022.12.09 16:00:22;Sell;0.01;GBPCAD;1.67409;;;2022.12.12 02:39:56;1.67048;;-0.01;2.64;
2022.12.09 19:00:07;Sell;0.01;AUDUSD;0.68078;;;2022.12.12 02:01:18;0.67765;;-0.01;3.13;
2022.12.09 16:00:24;Buy;0.01;AUDUSD;0.67755;;;2022.12.09 18:16:37;0.68032;;;2.77;
2022.12.09 14:00:11;Sell;0.01;AUDUSD;0.67878;;;2022.12.09 15:31:06;0.67552;;;3.26;
2022.12.09 11:00:13;Buy;0.01;AUDUSD;0.67581;;;2022.12.09 13:47:02;0.67886;;;3.05;
2022.12.08 16:00:59;Buy;0.01;USDCAD;1.35750;;;2022.12.09 11:01:54;1.36382;;-0.04;4.63;
2022.12.09 04:00:15;Sell;0.02;GBPUSD;1.22669;;;2022.12.09 10:30:38;1.22422;;;4.94;
2022.12.08 17:00:42;Sell;0.01;GBPUSD;1.22268;;;2022.12.09 10:30:37;1.22422;;-0.02;-1.54;
2022.12.08 06:00:07;Sell;0.01;AUDUSD;0.67164;;;2022.12.09 10:26:07;0.67641;;-0.01;-4.77;
2022.12.09 04:00:29;Sell;0.05;AUDUSD;0.67948;;;2022.12.09 10:25:44;0.67632;;;15.80;
2022.12.08 16:00:58;Sell;0.03;AUDUSD;0.67648;;;2022.12.09 10:25:44;0.67632;;-0.02;0.48;
2022.12.08 15:00:18;Sell;0.02;AUDUSD;0.67436;;;2022.12.09 10:25:44;0.67632;;-0.01;-3.92;
2022.12.08 10:00:35;Sell;0.01;AUDUSD;0.67259;;;2022.12.09 10:25:43;0.67631;;-0.01;-3.72;
2022.12.08 15:00:33;Buy;0.02;NZDCAD;0.86520;;;2022.12.09 03:15:29;0.86868;;-0.07;5.12;
2022.12.07 11:00:20;Sell;0.04;NZDCAD;0.86603;;;2022.12.08 13:31:05;0.86584;-0.01;-0.31;0.56;
2022.12.06 13:00:11;Sell;0.02;NZDCAD;0.86198;;;2022.12.08 13:31:05;0.86584;;-0.21;-5.66;
2022.12.08 11:00:31;Sell;0.06;NZDCAD;0.86939;;;2022.12.08 13:31:00;0.86590;-0.01;;15.34;
2022.12.07 13:00:12;Buy;0.01;AUDNZD;1.05473;;;2022.12.08 12:47:45;1.05955;;-0.17;3.06;
2022.12.07 22:00:15;Sell;0.01;GBPCAD;1.66688;;;2022.12.08 12:08:55;1.66290;;-0.03;2.91;
2022.12.07 18:00:30;Sell;0.01;AUDUSD;0.67261;;;2022.12.08 03:14:57;0.67036;;-0.02;2.25;
2022.12.07 16:00:30;Sell;0.01;AUDUSD;0.67129;;;2022.12.08 03:14:56;0.67035;;-0.02;0.94;
2022.12.07 14:11:56;Buy;0.01;AUDUSD;0.66718;;;2022.12.07 15:01:50;0.66943;;;2.25;
2022.12.07 09:00:12;Buy;0.01;AUDUSD;0.66872;;;2022.12.07 15:01:49;0.66942;;;0.70;
2022.12.07 05:00:14;Buy;0.01;GBPCAD;1.65611;;;2022.12.07 10:49:37;1.66005;;;2.88;
2022.12.07 04:00:26;Sell;0.01;AUDUSD;0.67073;;;2022.12.07 08:15:21;0.66808;;;2.65;
2022.12.06 18:00:11;Buy;0.01;AUDUSD;0.67019;;;2022.12.07 03:55:34;0.67080;;-0.05;0.61;
2022.12.06 22:00:28;Buy;0.01;AUDUSD;0.66890;;;2022.12.07 03:55:16;0.67098;;-0.05;2.08;
2022.12.06 18:00:53;Sell;0.02;GBPCAD;1.66800;;;2022.12.06 19:40:12;1.66383;;;6.11;
2022.12.06 14:00:10;Sell;0.01;GBPCAD;1.66266;;;2022.12.06 19:40:11;1.66382;;;-0.85;
2022.12.05 18:01:01;Sell;0.01;USDCAD;1.35191;;;2022.12.06 18:12:38;1.36216;;-0.05;-7.52;
2022.12.05 19:00:46;Sell;0.03;USDCAD;1.35703;;;2022.12.06 18:11:55;1.36169;;-0.16;-10.27;
2022.12.06 17:00:15;Sell;0.21;USDCAD;1.36455;;;2022.12.06 18:11:45;1.36161;;;45.34;
2022.12.06 11:00:29;Sell;0.08;USDCAD;1.36142;;;2022.12.06 18:11:44;1.36161;;;-1.12;
2022.12.06 04:00:18;Sell;0.01;AUDUSD;0.67204;;;2022.12.06 17:06:30;0.67118;;;0.86;
2022.12.06 15:00:22;Sell;0.01;AUDUSD;0.67385;;;2022.12.06 17:06:17;0.67122;;;2.63;
2022.12.06 04:00:19;Sell;0.02;NZDCAD;0.86122;;;2022.12.06 09:27:37;0.85796;;;4.79;
2022.12.06 05:00:14;Buy;0.02;AUDNZD;1.05873;;;2022.12.06 07:59:28;1.06432;;;7.08;
2022.12.06 03:01:10;Buy;0.01;AUDNZD;1.06007;;;2022.12.06 07:59:27;1.06432;;;2.69;
2022.12.06 03:00:45;Buy;0.32;AUDNZD;1.06011;;;2022.12.06 07:22:29;1.06376;-0.04;;73.89;
2022.12.02 21:00:09;Buy;0.16;AUDNZD;1.06241;;;2022.12.06 07:22:29;1.06376;-0.02;-1.80;13.66;
2022.12.02 12:00:15;Buy;0.08;AUDNZD;1.06497;;;2022.12.06 07:22:29;1.06376;-0.01;-0.91;-6.12;
2022.12.02 05:00:17;Buy;0.04;AUDNZD;1.06778;;;2022.12.06 07:22:28;1.06376;-0.01;-0.45;-10.17;
2022.12.01 15:00:23;Buy;0.02;AUDNZD;1.07027;;;2022.12.06 07:22:28;1.06376;;-0.33;-8.24;
2022.12.01 13:00:19;Buy;0.01;AUDNZD;1.07212;;;2022.12.06 07:22:28;1.06376;;-0.18;-5.29;
2022.12.05 17:01:53;Buy;0.01;AUDCAD;0.91063;;;2022.12.06 06:25:25;0.91516;;-0.06;3.33;
2022.12.05 20:00:21;Buy;0.02;AUDCAD;0.91088;;;2022.12.06 06:17:42;0.91463;;-0.11;5.52;
2022.12.05 22:00:18;Buy;0.02;AUDUSD;0.66985;;;2022.12.06 03:20:27;0.67238;;-0.10;5.06;
2022.12.05 19:00:10;Buy;0.01;AUDUSD;0.67129;;;2022.12.06 03:20:27;0.67238;;-0.05;1.09;
2022.12.05 17:00:21;Buy;0.01;AUDUSD;0.67569;;;2022.12.06 03:20:27;0.67238;;-0.05;-3.31;
2022.12.05 17:01:13;Buy;0.02;NZDCAD;0.85645;;;2022.12.06 02:28:50;0.86052;;-0.06;5.99;
2022.12.01 14:00:51;Buy;0.18;AUDNZD;1.07141;;;2022.12.06 02:28:03;1.05902;-0.02;-3.07;-141.29;
2022.12.01 13:00:19;Buy;0.12;AUDNZD;1.07212;;;2022.12.06 02:28:03;1.05902;-0.02;-2.03;-99.59;
2022.12.01 12:00:14;Buy;0.08;AUDNZD;1.07340;;;2022.12.06 02:28:03;1.05902;-0.01;-1.37;-72.88;
2022.12.01 05:00:06;Buy;0.05;AUDNZD;1.07554;;;2022.12.06 02:28:03;1.05902;-0.01;-0.85;-52.33;
2022.11.30 04:00:34;Buy;0.03;AUDNZD;1.07668;;;2022.12.06 02:28:03;1.05902;;-1.02;-33.57;
2022.11.30 01:00:17;Buy;0.02;AUDNZD;1.07886;;;2022.12.06 02:28:02;1.05902;;-0.67;-25.14;
2022.11.29 19:00:24;Buy;0.01;AUDNZD;1.07946;;;2022.12.06 02:28:02;1.05903;;-0.41;-12.94;
2022.12.02 05:00:16;Buy;0.41;AUDNZD;1.06778;;;2022.12.06 02:27:44;1.05901;-0.06;-4.62;-227.80;
2022.12.01 16:00:37;Buy;0.27;AUDNZD;1.06871;;;2022.12.06 02:27:44;1.05901;-0.04;-4.59;-165.92;
2022.12.02 18:00:37;Buy;1.40;AUDNZD;1.06295;;;2022.12.06 02:27:34;1.05904;-0.19;-15.79;-346.79;
2022.12.02 12:00:18;Buy;0.93;AUDNZD;1.06496;;;2022.12.06 02:27:33;1.05904;-0.13;-10.49;-348.79;
2022.12.02 11:00:06;Buy;0.62;AUDNZD;1.06637;;;2022.12.06 02:27:32;1.05903;-0.08;-6.99;-288.31;
2022.12.05 17:01:07;Buy;0.01;GBPUSD;1.22101;;;2022.12.05 19:26:54;1.21970;;;-1.31;
2022.12.05 19:00:12;Buy;0.02;GBPUSD;1.21697;;;2022.12.05 19:26:45;1.21972;;;5.50;
2022.11.30 19:00:26;Sell;0.02;NZDCAD;0.84395;;;2022.12.05 16:49:52;0.85674;;-0.26;-19.04;
2022.12.01 03:00:42;Sell;0.04;NZDCAD;0.84776;;;2022.12.05 16:49:40;0.85678;-0.01;-0.22;-26.85;
2022.12.02 09:00:35;Sell;0.16;NZDCAD;0.85863;;;2022.12.05 16:49:27;0.85675;-0.02;-0.43;22.38;
2022.12.01 16:00:39;Sell;0.10;NZDCAD;0.85473;;;2022.12.05 16:49:27;0.85675;-0.01;-0.54;-15.03;
2022.12.01 12:00:40;Sell;0.06;NZDCAD;0.85138;;;2022.12.05 16:49:26;0.85675;-0.01;-0.32;-23.98;
2022.12.02 21:00:11;Sell;0.24;NZDCAD;0.86265;;;2022.12.05 16:49:25;0.85674;-0.03;-0.65;105.55;
2022.12.05 12:00:07;Sell;0.01;AUDUSD;0.68152;;;2022.12.05 16:12:08;0.67871;;;2.81;
2022.12.05 15:00:36;Sell;0.01;GBPUSD;1.23113;;;2022.12.05 15:47:51;1.22815;;;2.98;
2022.12.05 13:00:08;Buy;0.01;GBPUSD;1.22473;;;2022.12.05 13:57:11;1.22787;;;3.14;
2022.12.02 19:00:29;Sell;0.01;AUDUSD;0.67996;;;2022.12.05 10:15:30;0.68027;;-0.01;-0.31;
2022.12.05 04:00:18;Sell;0.01;AUDUSD;0.68334;;;2022.12.05 10:15:07;0.67996;;;3.38;
2022.12.05 06:00:09;Sell;0.02;AUDCAD;0.91717;;;2022.12.05 09:55:15;0.91378;;;5.05;
2022.12.05 04:00:06;Sell;0.01;GBPUSD;1.23245;;;2022.12.05 09:47:59;1.22942;;;3.03;
2022.12.02 16:01:43;Buy;0.01;AUDCAD;0.91236;;;2022.12.05 03:15:00;0.91700;;-0.06;3.45;
2022.12.02 17:00:37;Buy;0.02;AUDCAD;0.91179;;;2022.12.02 19:09:17;0.91518;;;5.04;
2022.12.01 18:00:27;Buy;0.01;AUDUSD;0.68117;;;2022.12.02 18:46:55;0.68037;;-0.05;-0.80;
2022.12.02 16:00:19;Buy;0.01;AUDUSD;0.67705;;;2022.12.02 18:46:54;0.68038;;;3.33;
2022.12.01 11:00:33;Sell;0.01;GBPCAD;1.62560;;;2022.12.02 15:39:55;1.64236;;-0.01;-12.42;
2022.12.01 12:00:26;Sell;0.02;GBPCAD;1.63117;;;2022.12.02 15:38:20;1.64185;;-0.02;-15.82;
2022.12.01 17:00:24;Sell;0.09;GBPCAD;1.65101;;;2022.12.02 15:36:03;1.64073;-0.02;-0.07;68.50;
2022.12.01 15:01:40;Sell;0.04;GBPCAD;1.63783;;;2022.12.02 15:36:02;1.64088;-0.01;-0.03;-9.03;
2022.12.01 09:00:20;Sell;0.04;AUDCAD;0.91540;;;2022.12.02 15:35:26;0.91178;-0.01;-0.09;10.72;
2022.11.30 22:00:15;Sell;0.02;AUDCAD;0.91218;;;2022.12.02 15:35:25;0.91175;;-0.17;0.64;
2022.12.01 02:00:19;Buy;0.01;USDCAD;1.34147;;;2022.12.02 15:30:47;1.34849;;-0.04;5.21;
2022.12.02 03:00:19;Buy;0.01;GBPUSD;1.22336;;;2022.12.02 09:44:39;1.22653;;;3.17;
2022.12.01 17:00:56;Sell;0.02;AUDCAD;0.91779;;;2022.12.01 17:42:57;0.91423;;;5.29;
2022.12.01 07:00:12;Sell;0.01;AUDCAD;0.91349;;;2022.12.01 17:42:55;0.91427;;;-0.58;
2022.12.01 17:00:26;Sell;0.02;GBPUSD;1.23015;;;2022.12.01 17:33:44;1.22583;;;8.64;
2022.12.01 16:00:38;Sell;0.01;GBPUSD;1.22099;;;2022.12.01 17:33:43;1.22583;;;-4.84;
2022.12.01 11:00:16;Sell;0.01;AUDUSD;0.68167;;;2022.12.01 17:17:52;0.68039;;;1.28;
2022.12.01 17:00:55;Sell;0.01;AUDUSD;0.68375;;;2022.12.01 17:17:30;0.68028;;;3.47;
2022.12.01 08:00:26;Sell;0.03;AUDUSD;0.68254;;;2022.12.01 10:25:40;0.67990;;;7.92;
2022.12.01 03:00:20;Sell;0.02;AUDUSD;0.68051;;;2022.12.01 10:25:39;0.67990;;;1.22;
2022.11.30 22:00:12;Sell;0.01;AUDUSD;0.67878;;;2022.12.01 10:25:39;0.67990;;-0.02;-1.12;
2022.11.30 21:00:33;Sell;0.01;AUDUSD;0.67664;;;2022.12.01 10:25:39;0.67990;;-0.02;-3.26;
2022.12.01 03:00:41;Sell;0.02;GBPUSD;1.20964;;;2022.12.01 09:59:43;1.20724;;;4.80;
2022.11.30 22:00:45;Sell;0.01;GBPUSD;1.20557;;;2022.12.01 09:59:42;1.20727;;-0.05;-1.70;
2022.11.30 18:00:19;Buy;0.01;AUDUSD;0.66986;;;2022.11.30 20:32:12;0.67361;;;3.75;
2022.11.30 17:02:50;Buy;0.02;AUDCAD;0.90548;;;2022.11.30 20:30:51;0.90932;;;5.68;
2022.11.30 18:00:55;Buy;0.01;GBPCAD;1.61465;;;2022.11.30 18:57:39;1.61917;;;3.34;
2022.11.30 18:00:30;Buy;0.01;GBPUSD;1.19081;;;2022.11.30 18:34:52;1.19413;;;3.32;
2022.11.30 17:02:52;Buy;0.01;USDCAD;1.35058;;;2022.11.30 17:32:59;1.35532;;;3.50;
2022.11.30 14:00:36;Sell;0.01;AUDUSD;0.67393;;;2022.11.30 17:03:55;0.67085;;;3.08;
2022.11.30 10:00:19;Sell;0.01;AUDUSD;0.67194;;;2022.11.30 17:01:59;0.67055;;;1.39;
2022.11.29 13:00:11;Sell;0.01;AUDCAD;0.90640;;;2022.11.30 17:00:22;0.90644;;-0.02;-0.03;
2022.11.29 16:00:40;Sell;0.02;AUDCAD;0.91004;;;2022.11.30 17:00:09;0.90658;;-0.04;5.13;
2022.11.29 18:00:18;Sell;0.06;AUDCAD;0.91071;;;2022.11.30 16:58:10;0.90667;-0.01;-0.13;17.96;
2022.11.29 14:00:14;Sell;0.04;AUDCAD;0.90690;;;2022.11.30 16:58:09;0.90667;-0.01;-0.09;0.69;
2022.11.29 12:00:27;Sell;0.02;AUDCAD;0.90374;;;2022.11.30 16:58:09;0.90667;;-0.04;-4.34;
2022.11.29 19:00:46;Sell;0.10;NZDCAD;0.84522;;;2022.11.30 16:57:25;0.84086;-0.01;-0.27;32.31;
2022.11.29 15:00:27;Sell;0.06;NZDCAD;0.84157;;;2022.11.30 16:57:24;0.84086;-0.01;-0.16;3.16;
2022.11.29 12:00:10;Sell;0.04;NZDCAD;0.83775;;;2022.11.30 16:57:24;0.84086;;-0.11;-9.22;
2022.11.29 06:00:17;Sell;0.02;NZDCAD;0.83387;;;2022.11.30 16:57:24;0.84086;;-0.05;-10.36;
2022.11.29 19:00:21;Buy;0.01;AUDUSD;0.66894;;;2022.11.30 09:51:47;0.67169;;-0.05;2.75;
2022.11.29 20:00:27;Sell;0.03;USDCAD;1.35953;;;2022.11.30 09:15:30;1.35608;;-0.15;7.63;
2022.11.29 16:00:40;Sell;0.01;USDCAD;1.35538;;;2022.11.30 09:15:30;1.35608;;-0.05;-0.52;
2022.11.29 18:00:35;Sell;0.01;GBPCAD;1.62842;;;2022.11.29 20:59:42;1.62499;;;2.52;
2022.11.28 04:00:43;Buy;0.03;AUDNZD;1.07610;;;2022.11.29 16:47:20;1.08096;;-0.17;9.06;
2022.11.28 03:00:18;Buy;0.02;AUDNZD;1.07891;;;2022.11.29 16:47:19;1.08096;;-0.11;2.55;
2022.11.28 02:00:14;Buy;0.01;AUDNZD;1.07988;;;2022.11.29 16:47:19;1.08096;;-0.06;0.68;
2022.11.29 11:00:42;Sell;0.01;AUDUSD;0.67402;;;2022.11.29 16:20:57;0.67075;;;3.27;
2022.11.29 06:00:23;Sell;0.01;AUDUSD;0.67031;;;2022.11.29 16:20:56;0.67075;;;-0.44;
2022.11.29 11:00:43;Buy;0.01;USDCAD;1.34177;;;2022.11.29 14:29:40;1.34871;;;5.15;
2022.11.28 20:00:16;Buy;0.01;GBPCAD;1.61387;;;2022.11.29 10:47:06;1.61777;;-0.08;2.91;
2022.11.28 21:00:32;Buy;0.02;AUDCAD;0.89750;;;2022.11.29 09:19:18;0.90117;;-0.11;5.47;
2022.11.28 21:00:16;Buy;0.02;GBPUSD;1.19763;;;2022.11.29 05:16:47;1.20002;;-0.14;4.78;
2022.11.28 20:00:15;Buy;0.01;GBPUSD;1.20021;;;2022.11.29 05:16:46;1.20002;;-0.07;-0.19;
2022.11.28 22:00:12;Buy;0.02;AUDUSD;0.66475;;;2022.11.29 04:08:07;0.66685;;-0.10;4.20;
2022.11.28 21:00:32;Buy;0.01;AUDUSD;0.66645;;;2022.11.29 04:08:07;0.66685;;-0.05;0.40;
2022.11.28 20:00:15;Buy;0.01;AUDUSD;0.66814;;;2022.11.29 04:08:07;0.66685;;-0.05;-1.29;
2022.11.28 04:00:06;Sell;0.01;USDCAD;1.34658;;;2022.11.29 03:57:26;1.34615;;-0.05;0.32;
2022.11.29 01:00:11;Sell;0.03;USDCAD;1.34922;;;2022.11.29 03:57:14;1.34619;;;6.75;
2022.11.25 17:00:21;Sell;0.02;NZDCAD;0.83475;;;2022.11.28 21:54:58;0.83144;;-0.06;4.90;
2022.11.28 11:01:04;Sell;0.20;GBPCAD;1.62545;;;2022.11.28 16:54:08;1.62036;-0.05;;75.69;
2022.11.28 04:00:07;Sell;0.09;GBPCAD;1.62076;;;2022.11.28 16:54:08;1.62036;-0.02;;2.68;
2022.11.23 13:00:08;Sell;0.01;GBPCAD;1.59974;;;2022.11.28 16:54:08;1.62036;;-0.02;-15.34;
2022.11.23 19:00:55;Sell;0.04;GBPCAD;1.61508;;;2022.11.28 16:54:07;1.62027;-0.01;-0.08;-15.43;
2022.11.23 16:00:37;Sell;0.02;GBPCAD;1.60552;;;2022.11.28 16:54:06;1.62027;;-0.04;-21.94;
2022.11.28 11:00:19;Sell;0.01;AUDUSD;0.67077;;;2022.11.28 16:05:16;0.66809;;;2.68;
2022.11.28 04:00:42;Buy;0.02;AUDUSD;0.66690;;;2022.11.28 10:40:18;0.67077;;;7.74;
2022.11.25 12:00:04;Buy;0.01;AUDUSD;0.67369;;;2022.11.28 10:40:18;0.67080;;-0.05;-2.89;
2022.11.28 01:00:08;Buy;0.01;AUDUSD;0.67223;;;2022.11.28 10:40:16;0.67077;;;-1.46;
2022.11.23 19:00:55;Sell;0.02;AUDCAD;0.89950;;;2022.11.28 03:22:13;0.89894;;-0.23;0.83;
2022.11.24 17:00:13;Sell;0.04;AUDCAD;0.90274;;;2022.11.28 03:21:32;0.89886;-0.01;-0.18;11.55;
2022.11.24 15:00:16;Sell;0.10;NZDCAD;0.83678;;;2022.11.25 13:06:28;0.83227;-0.01;-0.23;33.79;
2022.11.23 17:00:56;Sell;0.06;NZDCAD;0.83299;;;2022.11.25 13:06:26;0.83227;-0.01;-0.55;3.24;
2022.11.23 16:00:19;Sell;0.04;NZDCAD;0.82943;;;2022.11.25 13:06:25;0.83227;;-0.36;-8.51;
2022.11.23 04:00:13;Sell;0.02;NZDCAD;0.82540;;;2022.11.25 13:06:25;0.83227;;-0.19;-10.29;
2022.11.24 17:00:11;Sell;0.01;AUDUSD;0.67725;;;2022.11.25 10:04:30;0.67482;;-0.01;2.43;
2022.11.24 15:00:15;Sell;0.01;AUDUSD;0.67536;;;2022.11.25 10:04:30;0.67485;;-0.01;0.51;
2022.11.22 15:00:07;Sell;0.01;GBPUSD;1.18832;;;2022.11.25 10:03:08;1.20867;;-0.06;-20.35;
2022.11.23 16:00:15;Sell;0.04;GBPUSD;1.19700;;;2022.11.25 10:02:53;1.20889;;-0.21;-47.56;
2022.11.23 12:00:42;Sell;0.02;GBPUSD;1.19196;;;2022.11.25 10:02:50;1.20882;;-0.11;-33.72;
2022.11.24 14:00:10;Sell;0.64;GBPUSD;1.21257;;;2022.11.25 10:02:37;1.20877;-0.08;-0.87;243.20;
2022.11.24 04:00:08;Sell;0.32;GBPUSD;1.20876;;;2022.11.25 10:02:36;1.20878;-0.04;-0.44;-0.64;
2022.11.23 22:00:26;Sell;0.16;GBPUSD;1.20643;;;2022.11.25 10:02:36;1.20877;-0.02;-0.87;-37.44;
2022.11.23 17:01:16;Sell;0.08;GBPUSD;1.20121;;;2022.11.25 10:02:35;1.20879;-0.01;-0.44;-60.64;
2022.11.25 07:29:57;Buy;0.03;USDCAD;1.33294;;;2022.11.25 10:00:45;1.33522;;;5.12;
2022.11.24 01:00:15;Buy;0.01;USDCAD;1.33532;;;2022.11.25 10:00:45;1.33522;;-0.04;-0.07;
2022.11.23 17:00:21;Buy;0.02;AUDNZD;1.07587;;;2022.11.25 09:02:35;1.08153;;-0.41;7.09;
2022.11.23 04:00:24;Buy;0.01;AUDNZD;1.07667;;;2022.11.25 09:02:34;1.08154;;-0.21;3.05;
2022.11.23 04:00:14;Buy;0.32;AUDNZD;1.07658;;;2022.11.25 01:40:17;1.08105;-0.04;-6.65;89.51;
2022.11.22 08:00:24;Buy;0.16;AUDNZD;1.08081;;;2022.11.25 01:40:17;1.08105;-0.02;-4.14;2.40;
2022.11.21 11:00:18;Buy;0.08;AUDNZD;1.08300;;;2022.11.25 01:40:16;1.08105;-0.01;-2.49;-9.76;
2022.11.18 15:00:25;Buy;0.04;AUDNZD;1.08551;;;2022.11.25 01:40:16;1.08104;-0.01;-1.43;-11.19;
2022.11.18 04:00:23;Buy;0.02;AUDNZD;1.08859;;;2022.11.25 01:40:16;1.08104;;-0.71;-9.45;
2022.11.17 21:00:10;Buy;0.01;AUDNZD;1.09215;;;2022.11.25 01:40:15;1.08104;;-0.41;-6.96;
2022.11.24 06:00:08;Sell;0.13;AUDUSD;0.67649;;;2022.11.24 13:30:26;0.67326;-0.01;;41.99;
2022.11.24 02:00:16;Sell;0.08;AUDUSD;0.67465;;;2022.11.24 13:30:25;0.67326;-0.01;;11.12;
2022.11.23 18:00:20;Sell;0.05;AUDUSD;0.67217;;;2022.11.24 13:30:25;0.67326;;-0.16;-5.45;
2022.11.23 17:01:03;Sell;0.03;AUDUSD;0.66872;;;2022.11.24 13:30:25;0.67326;;-0.09;-13.62;
2022.11.23 16:00:28;Sell;0.02;AUDUSD;0.66562;;;2022.11.24 13:30:23;0.67326;;-0.06;-15.28;
2022.11.22 12:00:12;Sell;0.01;AUDUSD;0.66412;;;2022.11.24 13:30:23;0.67326;;-0.04;-9.14;
2022.11.22 07:00:22;Sell;0.01;AUDUSD;0.66230;;;2022.11.24 13:30:22;0.67326;;-0.04;-10.96;
2022.11.24 06:00:07;Sell;0.02;AUDCAD;0.90190;;;2022.11.24 12:32:55;0.89888;;;4.52;
2022.11.23 18:00:31;Sell;0.01;AUDCAD;0.89931;;;2022.11.24 12:32:55;0.89888;;-0.07;0.33;
2022.11.21 12:00:06;Buy;0.02;AUDCAD;0.88834;;;2022.11.23 14:22:21;0.89195;;-0.20;5.38;
2022.11.22 20:00:10;Buy;0.03;USDCAD;1.33888;;;2022.11.23 13:37:03;1.34192;;-0.12;6.80;
2022.11.22 11:00:23;Buy;0.01;USDCAD;1.34161;;;2022.11.23 13:37:03;1.34192;;-0.04;0.23;
2022.11.22 17:00:55;Buy;0.12;AUDNZD;1.07887;;;2022.11.23 02:58:35;1.08188;-0.02;-0.61;22.17;
2022.11.22 08:00:23;Buy;0.08;AUDNZD;1.08084;;;2022.11.23 02:58:34;1.08188;-0.01;-0.41;5.11;
2022.11.21 16:00:18;Buy;0.05;AUDNZD;1.08189;;;2022.11.23 02:58:34;1.08188;-0.01;-0.51;-0.03;
2022.11.21 11:00:17;Buy;0.03;AUDNZD;1.08299;;;2022.11.23 02:58:34;1.08188;;-0.30;-2.05;
2022.11.21 01:00:20;Buy;0.02;AUDNZD;1.08456;;;2022.11.23 02:58:34;1.08188;;-0.20;-3.29;
2022.11.18 15:00:08;Buy;0.01;AUDNZD;1.08545;;;2022.11.23 02:58:33;1.08188;;-0.15;-2.20;
2022.11.21 20:00:15;Buy;0.02;NZDCAD;0.81988;;;2022.11.22 10:27:55;0.82319;;-0.06;4.93;
2022.11.21 18:00:23;Buy;0.05;AUDUSD;0.65915;;;2022.11.22 03:12:27;0.66187;;-0.23;13.60;
2022.11.21 12:00:38;Buy;0.03;AUDUSD;0.66116;;;2022.11.22 03:12:27;0.66188;;-0.14;2.16;
2022.11.21 05:00:40;Buy;0.02;AUDUSD;0.66395;;;2022.11.22 03:12:27;0.66190;;-0.09;-4.10;
2022.11.21 04:00:15;Buy;0.01;AUDUSD;0.66518;;;2022.11.22 03:12:26;0.66190;;-0.05;-3.28;
2022.11.18 17:00:24;Buy;0.01;AUDUSD;0.66743;;;2022.11.22 03:12:26;0.66190;;-0.10;-5.53;
2022.11.21 04:00:09;Buy;0.01;GBPUSD;1.18565;;;2022.11.22 02:06:37;1.18304;;-0.07;-2.61;
2022.11.21 12:00:17;Buy;0.04;GBPUSD;1.18064;;;2022.11.22 02:05:59;1.18317;;-0.28;10.12;
2022.11.21 08:00:14;Buy;0.02;GBPUSD;1.18303;;;2022.11.22 02:05:58;1.18321;;-0.14;0.36;
2022.11.18 11:00:17;Sell;0.04;NZDCAD;0.82325;;;2022.11.21 19:11:22;0.82052;;-0.09;8.12;
2022.11.18 04:00:23;Sell;0.02;NZDCAD;0.81955;;;2022.11.21 19:11:22;0.82047;;-0.05;-1.36;
2022.11.21 18:00:23;Sell;0.03;USDCAD;1.34944;;;2022.11.21 19:10:49;1.34572;;;8.29;
2022.11.21 12:00:06;Sell;0.01;USDCAD;1.34373;;;2022.11.21 19:10:48;1.34573;;;-1.49;
2022.11.18 05:00:17;Sell;0.02;AUDCAD;0.89282;;;2022.11.21 02:54:41;0.89203;;-0.05;1.18;
2022.11.18 13:00:42;Sell;0.04;AUDCAD;0.89604;;;2022.11.21 02:54:38;0.89197;-0.01;-0.09;12.15;
2022.11.17 20:00:06;Sell;0.02;AUDUSD;0.66796;;;2022.11.18 16:11:59;0.66872;;-0.02;-1.52;
2022.11.17 19:00:16;Sell;0.01;AUDUSD;0.66663;;;2022.11.18 16:11:58;0.66893;;-0.01;-2.30;
2022.11.17 17:00:08;Sell;0.01;AUDUSD;0.66488;;;2022.11.18 16:11:58;0.66893;;-0.01;-4.05;
2022.11.18 06:00:14;Sell;0.05;AUDUSD;0.67129;;;2022.11.18 16:11:27;0.66910;;;10.95;
2022.11.18 03:00:24;Sell;0.03;AUDUSD;0.66961;;;2022.11.18 16:11:26;0.66910;;;1.53;
2022.11.14 14:00:34;Sell;0.01;AUDNZD;1.09991;;;2022.11.18 14:11:34;1.08622;;-0.07;8.46;
2022.11.18 12:00:14;Sell;0.02;GBPCAD;1.59056;;;2022.11.18 13:27:40;1.58705;;;5.26;
2022.11.18 06:00:15;Sell;0.01;GBPCAD;1.58564;;;2022.11.18 13:27:40;1.58705;;;-1.06;
2022.11.18 01:00:09;Sell;0.02;GBPUSD;1.18624;;;2022.11.18 06:49:19;1.18920;;;-5.92;
2022.11.17 20:00:11;Sell;0.01;GBPUSD;1.18364;;;2022.11.18 06:49:19;1.18920;;-0.01;-5.56;
2022.11.18 06:00:17;Sell;0.08;GBPUSD;1.19150;;;2022.11.18 06:49:10;1.18907;-0.01;;19.44;
2022.11.18 03:00:25;Sell;0.04;GBPUSD;1.18878;;;2022.11.18 06:49:10;1.18908;;;-1.20;
2022.11.17 14:00:08;Buy;0.02;AUDCAD;0.89292;;;2022.11.18 04:38:24;0.89322;;-0.10;0.45;
2022.11.17 16:00:14;Buy;0.04;AUDCAD;0.88908;;;2022.11.18 04:38:15;0.89313;-0.01;-0.21;12.17;
2022.11.17 18:00:28;Buy;0.01;AUDCAD;0.88820;;;2022.11.18 04:02:28;0.89235;;-0.05;3.12;
2022.11.17 13:00:49;Buy;0.02;NZDCAD;0.81541;;;2022.11.18 03:21:28;0.81854;;-0.06;4.71;
2022.11.17 13:00:49;Sell;0.03;USDCAD;1.33696;;;2022.11.17 17:26:07;1.33399;;;6.68;
2022.11.16 19:00:21;Sell;0.01;USDCAD;1.33386;;;2022.11.17 17:26:07;1.33399;;-0.15;-0.10;
2022.11.17 12:00:30;Buy;0.01;AUDUSD;0.66972;;;2022.11.17 16:47:51;0.66560;;;-4.12;
2022.11.17 15:00:19;Buy;0.02;AUDUSD;0.66501;;;2022.11.17 16:47:29;0.66585;;;1.68;
2022.11.17 16:00:06;Buy;0.03;AUDUSD;0.66385;;;2022.11.17 16:47:27;0.66588;;;6.09;
2022.11.17 13:00:48;Buy;0.01;AUDUSD;0.66752;;;2022.11.17 16:47:27;0.66588;;;-1.64;
2022.11.17 16:01:44;Buy;0.01;GBPCAD;1.57576;;;2022.11.17 16:33:30;1.57961;;;2.88;
2022.11.17 15:00:50;Buy;0.01;GBPUSD;1.17955;;;2022.11.17 16:29:47;1.17963;;;0.08;
2022.11.17 16:01:01;Buy;0.02;GBPUSD;1.17655;;;2022.11.17 16:28:45;1.17926;;;5.42;
2022.11.16 17:01:10;Sell;0.10;NZDCAD;0.82056;;;2022.11.17 12:37:14;0.81560;-0.01;-0.68;37.14;
2022.11.15 12:00:32;Sell;0.06;NZDCAD;0.81665;;;2022.11.17 12:37:13;0.81570;-0.01;-0.55;4.26;
2022.11.14 20:00:23;Sell;0.04;NZDCAD;0.81175;;;2022.11.17 12:37:12;0.81570;;-0.45;-11.83;
2022.11.14 15:00:23;Sell;0.02;NZDCAD;0.80822;;;2022.11.17 12:37:11;0.81570;;-0.24;-11.20;
2022.11.14 18:00:38;Sell;0.02;AUDCAD;0.89045;;;2022.11.17 12:36:05;0.89229;;-0.24;-2.75;
2022.11.15 14:00:18;Sell;0.06;AUDCAD;0.89652;;;2022.11.17 12:36:01;0.89230;-0.01;-0.56;18.96;
2022.11.14 22:00:14;Sell;0.04;AUDCAD;0.89281;;;2022.11.17 12:35:59;0.89231;-0.01;-0.46;1.49;
2022.11.14 21:00:26;Sell;0.27;AUDCAD;0.89277;;;2022.11.17 12:17:40;0.89297;-0.04;-3.12;-4.05;
2022.11.14 18:00:39;Sell;0.18;AUDCAD;0.89046;;;2022.11.17 12:17:40;0.89300;-0.02;-2.09;-34.25;
2022.11.11 20:00:16;Sell;0.12;AUDCAD;0.88862;;;2022.11.17 12:17:39;0.89302;-0.02;-1.67;-39.55;
2022.11.11 11:00:36;Sell;0.08;AUDCAD;0.88692;;;2022.11.17 12:17:38;0.89302;-0.01;-1.12;-36.55;
2022.11.11 08:00:25;Sell;0.05;AUDCAD;0.88429;;;2022.11.17 12:17:38;0.89302;-0.01;-0.71;-32.69;
2022.11.11 06:00:17;Sell;0.03;AUDCAD;0.88139;;;2022.11.17 12:17:37;0.89302;;-0.42;-26.14;
2022.11.10 18:00:34;Sell;0.02;AUDCAD;0.87932;;;2022.11.17 12:17:37;0.89302;;-0.34;-20.53;
2022.11.10 16:00:47;Sell;0.01;AUDCAD;0.87464;;;2022.11.17 12:17:37;0.89302;;-0.15;-13.76;
2022.11.15 18:00:53;Sell;0.62;AUDCAD;0.90096;;;2022.11.17 12:16:55;0.89308;-0.08;-5.74;365.95;
2022.11.15 10:00:38;Sell;0.41;AUDCAD;0.89537;;;2022.11.17 12:16:53;0.89309;-0.06;-3.79;70.03;
2022.11.16 22:00:25;Sell;0.01;GBPCAD;1.58770;;;2022.11.17 12:12:50;1.58402;;-0.01;2.76;
2022.11.17 10:00:46;Sell;0.01;AUDUSD;0.67398;;;2022.11.17 11:15:44;0.67109;;;2.89;
2022.11.17 05:00:15;Buy;0.02;AUDUSD;0.67159;;;2022.11.17 09:36:40;0.67418;;;5.18;
2022.11.16 19:00:44;Buy;0.01;AUDUSD;0.67329;;;2022.11.17 09:36:39;0.67418;;-0.14;0.89;
2022.11.16 16:00:18;Buy;0.01;AUDUSD;0.67595;;;2022.11.17 09:36:38;0.67417;;-0.14;-1.78;
2022.11.16 08:00:47;Sell;0.01;AUDUSD;0.67677;;;2022.11.16 15:31:25;0.67592;;;0.85;
2022.11.16 12:00:34;Sell;0.01;AUDUSD;0.67805;;;2022.11.16 15:30:49;0.67599;;;2.06;
2022.11.16 09:00:57;Sell;0.01;GBPUSD;1.18825;;;2022.11.16 09:13:01;1.18529;;;2.96;
2022.11.16 03:00:27;Buy;0.01;AUDUSD;0.67430;;;2022.11.16 07:53:59;0.67661;;;2.31;
2022.11.16 01:00:19;Buy;0.01;AUDUSD;0.67585;;;2022.11.16 07:53:59;0.67661;;;0.76;
2022.11.15 21:00:15;Buy;0.01;AUDUSD;0.67445;;;2022.11.15 22:03:19;0.67771;;;3.26;
2022.11.15 21:00:21;Buy;0.01;GBPCAD;1.57347;;;2022.11.15 22:01:31;1.57730;;;2.88;
2022.11.15 21:00:46;Buy;0.02;GBPUSD;1.18267;;;2022.11.15 21:57:34;1.18679;;;8.24;
2022.11.15 18:02:27;Buy;0.01;GBPUSD;1.18958;;;2022.11.15 21:57:32;1.18679;;;-2.79;
2022.11.15 18:00:52;Sell;0.01;AUDUSD;0.67774;;;2022.11.15 20:33:46;0.67498;;;2.76;
2022.11.15 17:00:15;Buy;0.01;AUDUSD;0.67286;;;2022.11.15 17:56:32;0.67598;;;3.12;
2022.11.15 13:00:44;Sell;0.01;GBPCAD;1.57569;;;2022.11.15 17:52:24;1.58195;;;-4.70;
2022.11.15 15:00:22;Sell;0.02;GBPCAD;1.58132;;;2022.11.15 17:52:06;1.58215;;;-1.25;
2022.11.15 16:01:19;Sell;0.04;GBPCAD;1.58778;;;2022.11.15 17:51:27;1.58175;-0.01;;18.12;
2022.11.14 18:00:38;Sell;0.01;AUDUSD;0.67098;;;2022.11.15 16:47:32;0.67167;;-0.01;-0.69;
2022.11.15 10:00:36;Sell;0.01;AUDUSD;0.67549;;;2022.11.15 16:47:21;0.67159;;;3.90;
2022.11.15 16:01:18;Sell;0.02;GBPUSD;1.19749;;;2022.11.15 16:36:35;1.19450;;;5.98;
2022.11.15 15:00:22;Sell;0.01;GBPUSD;1.19065;;;2022.11.15 16:36:35;1.19451;;;-3.86;
2022.11.15 11:00:10;Sell;0.01;GBPUSD;1.18379;;;2022.11.15 11:46:30;1.18093;;;2.86;
2022.11.14 13:00:15;Buy;0.01;AUDUSD;0.66722;;;2022.11.14 17:04:27;0.66987;;;2.65;
2022.11.11 17:01:40;Sell;0.06;NZDCAD;0.80768;;;2022.11.14 14:08:58;0.80630;-0.01;-0.14;6.22;
2022.11.11 11:00:37;Sell;0.04;NZDCAD;0.80387;;;2022.11.14 14:08:57;0.80628;;-0.09;-7.25;
2022.11.10 17:00:41;Sell;0.02;NZDCAD;0.80063;;;2022.11.14 14:08:57;0.80628;;-0.10;-8.49;
2022.11.11 20:00:16;Sell;0.10;NZDCAD;0.81079;;;2022.11.14 14:08:55;0.80628;-0.01;-0.23;33.92;
2022.11.11 21:00:16;Buy;0.05;AUDNZD;1.09525;;;2022.11.14 12:44:49;1.09879;-0.01;-0.25;10.73;
2022.11.11 19:00:22;Buy;0.03;AUDNZD;1.09634;;;2022.11.14 12:44:48;1.09882;;-0.15;4.51;
2022.11.11 17:01:24;Buy;0.02;AUDNZD;1.09787;;;2022.11.14 12:44:46;1.09885;;-0.10;1.19;
2022.11.11 15:00:26;Buy;0.01;AUDNZD;1.10058;;;2022.11.14 12:44:45;1.09882;;-0.05;-1.07;
2022.11.14 11:00:27;Sell;0.01;AUDUSD;0.67015;;;2022.11.14 12:08:26;0.66741;;;2.74;
2022.11.14 08:00:13;Buy;0.01;AUDUSD;0.66668;;;2022.11.14 10:00:53;0.66973;;;3.05;
2022.11.11 22:00:16;Sell;0.06;AUDCAD;0.88915;;;2022.11.14 07:58:10;0.88519;-0.01;-0.14;17.89;
2022.11.11 15:00:25;Sell;0.04;AUDCAD;0.88579;;;2022.11.14 07:58:09;0.88519;-0.01;-0.09;1.81;
2022.11.10 19:00:27;Sell;0.02;AUDCAD;0.88041;;;2022.11.14 07:58:09;0.88519;;-0.10;-7.20;
2022.11.14 02:00:31;Sell;0.01;AUDUSD;0.66922;;;2022.11.14 07:37:26;0.66673;;;2.49;
2022.11.11 21:00:43;Sell;0.01;GBPCAD;1.56885;;;2022.11.14 01:40:45;1.56529;;;2.68;
2022.11.11 21:00:34;Sell;0.01;GBPUSD;1.18412;;;2022.11.14 01:00:39;1.17805;;-0.01;6.07;
2022.11.11 22:00:35;Sell;0.01;AUDUSD;0.67127;;;2022.11.14 01:00:19;0.66855;;-0.01;2.72;
2022.11.11 18:00:38;Sell;0.01;AUDUSD;0.66987;;;2022.11.14 01:00:17;0.66881;;-0.01;1.06;
2022.11.11 17:00:14;Buy;0.01;AUDUSD;0.66801;;;2022.11.11 17:52:04;0.66947;;;1.46;
2022.11.11 09:00:35;Sell;0.02;AUDNZD;1.10238;;;2022.11.11 16:59:57;1.09846;;;4.76;
2022.11.11 04:00:31;Sell;0.01;AUDNZD;1.09923;;;2022.11.11 16:59:56;1.09851;;;0.44;
2022.11.10 22:00:08;Buy;0.03;USDCAD;1.33511;;;2022.11.11 16:39:38;1.32905;;-0.12;-13.68;
2022.11.11 11:00:35;Sell;0.02;AUDUSD;0.66728;;;2022.11.11 16:36:58;0.66555;;;3.46;
2022.11.10 20:00:16;Buy;0.01;USDCAD;1.33949;;;2022.11.11 16:36:25;1.33006;;-0.04;-7.09;
2022.11.11 08:00:23;Sell;0.01;AUDUSD;0.66462;;;2022.11.11 16:34:46;0.66612;;;-1.50;
2022.11.11 07:00:24;Sell;0.01;AUDUSD;0.66173;;;2022.11.11 16:34:44;0.66615;;;-4.42;
2022.11.11 16:00:33;Buy;0.21;USDCAD;1.32671;;;2022.11.11 16:34:37;1.32933;-0.02;;41.39;
2022.11.11 16:00:33;Sell;0.03;AUDUSD;0.66870;;;2022.11.11 16:34:36;0.66620;;;7.50;
2022.11.11 08:00:49;Buy;0.08;USDCAD;1.33048;;;2022.11.11 16:34:35;1.32937;-0.01;;-6.68;
2022.11.11 13:00:15;Sell;0.12;AUDNZD;1.10396;;;2022.11.11 14:57:58;1.10083;-0.02;;22.74;
2022.11.11 09:00:34;Sell;0.08;AUDNZD;1.10238;;;2022.11.11 14:57:58;1.10083;-0.01;;7.51;
2022.11.11 08:00:22;Sell;0.05;AUDNZD;1.10105;;;2022.11.11 14:57:58;1.10083;-0.01;;0.67;
2022.11.11 03:00:11;Sell;0.03;AUDNZD;1.09883;;;2022.11.11 14:57:57;1.10083;;;-3.63;
2022.11.09 12:00:26;Sell;0.02;AUDNZD;1.09663;;;2022.11.11 14:57:57;1.10083;;-0.09;-5.08;
2022.11.04 16:01:02;Sell;0.01;AUDNZD;1.09500;;;2022.11.11 14:57:57;1.10083;;-0.08;-3.53;
2022.11.11 10:00:28;Sell;0.01;GBPUSD;1.17424;;;2022.11.11 10:20:56;1.17162;;;2.62;
2022.11.11 04:00:31;Buy;0.01;AUDUSD;0.65857;;;2022.11.11 05:56:20;0.66147;;;2.90;
2022.11.10 22:00:08;Sell;0.01;AUDUSD;0.65911;;;2022.11.11 03:39:23;0.65835;;-0.01;0.76;
2022.11.11 02:00:11;Sell;0.01;AUDUSD;0.66070;;;2022.11.11 03:39:13;0.65825;;;2.45;
2022.11.10 22:00:35;Sell;0.02;GBPCAD;1.56116;;;2022.11.11 02:43:29;1.55753;;-0.01;5.44;
2022.11.10 16:01:23;Sell;0.01;GBPCAD;1.55620;;;2022.11.11 02:43:21;1.55757;;;-1.02;
2022.11.10 20:00:15;Buy;0.01;AUDUSD;0.65628;;;2022.11.10 21:52:04;0.65916;;;2.88;
2022.11.10 18:00:42;Sell;0.01;AUDUSD;0.65915;;;2022.11.10 19:41:31;0.65592;;;3.23;
2022.11.10 17:00:33;Sell;0.01;AUDUSD;0.65572;;;2022.11.10 19:41:18;0.65590;;;-0.18;
2022.11.10 17:00:35;Sell;0.01;GBPUSD;1.16594;;;2022.11.10 18:12:29;1.16616;;;-0.22;
2022.11.10 18:00:34;Sell;0.02;GBPUSD;1.16747;;;2022.11.10 18:12:20;1.16605;;;2.84;
2022.11.09 03:00:24;Buy;0.01;AUDUSD;0.64970;;;2022.11.10 15:35:29;0.65259;;-0.13;2.89;
2022.11.10 07:00:06;Buy;0.02;NZDCAD;0.79465;;;2022.11.10 15:34:39;0.80051;;;8.73;
2022.11.09 13:00:41;Buy;0.01;AUDUSD;0.64698;;;2022.11.10 15:34:38;0.65249;;-0.13;5.51;
2022.11.09 19:00:26;Buy;0.04;AUDCAD;0.86742;;;2022.11.10 15:34:14;0.87556;-0.01;-0.60;24.24;
2022.11.09 13:00:41;Buy;0.02;AUDCAD;0.87031;;;2022.11.10 15:34:13;0.87557;;-0.30;7.83;
2022.11.10 10:00:34;Buy;0.05;AUDUSD;0.64014;;;2022.11.10 15:31:06;0.65005;;;49.55;
2022.11.09 22:00:34;Buy;0.03;AUDUSD;0.64236;;;2022.11.10 15:31:04;0.64990;;-0.39;22.62;
2022.11.09 18:01:02;Buy;0.02;AUDUSD;0.64404;;;2022.11.10 15:30:51;0.64986;;-0.26;11.64;
2022.11.09 21:00:10;Sell;0.01;USDCAD;1.35094;;;2022.11.10 14:56:10;1.35413;;-0.15;-2.36;
2022.11.09 22:00:23;Sell;0.03;USDCAD;1.35356;;;2022.11.10 14:55:45;1.35407;;-0.45;-1.13;
2022.11.10 14:00:48;Sell;0.08;USDCAD;1.35668;;;2022.11.10 14:55:39;1.35413;;;15.07;
2022.11.09 19:00:12;Buy;0.02;AUDCAD;0.86741;;;2022.11.10 03:06:56;0.87021;;-0.30;4.15;
2022.11.09 14:00:22;Buy;0.01;AUDCAD;0.86943;;;2022.11.10 03:06:55;0.87022;;-0.15;0.59;
2022.11.09 13:00:20;Buy;0.02;NZDCAD;0.79376;;;2022.11.10 02:49:51;0.79689;;-0.18;4.62;
2022.11.09 16:00:30;Buy;0.02;GBPCAD;1.53472;;;2022.11.10 02:39:28;1.53860;;-0.47;5.74;
2022.11.09 12:00:17;Buy;0.01;GBPCAD;1.53973;;;2022.11.10 02:39:27;1.53857;;-0.23;-0.86;
2022.11.09 18:01:02;Buy;0.01;GBPUSD;1.13839;;;2022.11.09 18:10:26;1.14062;;;2.23;
2022.11.09 13:00:20;Buy;0.01;GBPUSD;1.14376;;;2022.11.09 13:19:11;1.14658;;;2.82;
2022.11.07 16:00:12;Sell;0.04;NZDCAD;0.80009;;;2022.11.09 08:38:16;0.79750;;-0.18;7.70;
2022.11.04 18:00:27;Sell;0.02;NZDCAD;0.79692;;;2022.11.09 08:38:15;0.79750;;-0.13;-0.86;
2022.11.07 17:00:23;Sell;0.02;AUDCAD;0.87366;;;2022.11.08 21:33:05;0.87301;;-0.04;0.96;
2022.11.08 18:00:26;Sell;0.04;AUDCAD;0.87650;;;2022.11.08 21:33:02;0.87305;-0.01;;10.24;
2022.11.08 18:00:27;Sell;0.01;AUDUSD;0.65310;;;2022.11.08 21:25:02;0.64911;;;3.99;
2022.11.08 12:00:07;Sell;0.01;AUDUSD;0.64798;;;2022.11.08 21:25:02;0.64911;;;-1.13;
2022.11.08 19:00:16;Buy;0.01;USDCAD;1.33911;;;2022.11.08 21:10:21;1.34504;;;4.41;
2022.11.07 17:00:38;Sell;0.01;AUDCAD;0.87370;;;2022.11.08 20:30:50;0.87372;;-0.02;-0.01;
2022.11.08 18:00:28;Sell;0.02;AUDCAD;0.87651;;;2022.11.08 20:30:35;0.87364;;;4.28;
2022.11.08 19:00:17;Sell;0.02;GBPUSD;1.15919;;;2022.11.08 20:21:16;1.15639;;;5.60;
2022.11.08 18:00:31;Sell;0.01;GBPUSD;1.15640;;;2022.11.08 20:21:16;1.15639;;;0.01;
2022.11.08 15:00:15;Buy;0.01;GBPUSD;1.14429;;;2022.11.08 16:31:20;1.14703;;;2.74;
2022.11.08 08:00:19;Buy;0.01;AUDUSD;0.64523;;;2022.11.08 11:45:26;0.64784;;;2.61;
2022.11.07 20:00:16;Sell;0.04;GBPCAD;1.55395;;;2022.11.08 10:19:15;1.54914;-0.01;-0.02;14.24;
2022.11.07 17:00:48;Sell;0.02;GBPCAD;1.54741;;;2022.11.08 10:19:14;1.54921;;-0.01;-2.67;
2022.11.07 12:00:18;Sell;0.01;GBPCAD;1.54323;;;2022.11.08 10:19:12;1.54922;;;-4.43;
2022.11.07 16:00:30;Sell;0.01;AUDUSD;0.64743;;;2022.11.08 07:35:49;0.64479;;-0.01;2.64;
2022.11.07 11:00:27;Sell;0.01;AUDUSD;0.64578;;;2022.11.08 07:35:48;0.64479;;-0.01;0.99;
2022.11.07 20:00:07;Sell;0.01;GBPUSD;1.15170;;;2022.11.08 06:56:23;1.14889;;-0.01;2.81;
2022.11.07 13:00:21;Sell;0.02;GBPUSD;1.14521;;;2022.11.07 14:24:50;1.14276;;;4.90;
2022.11.07 11:00:29;Sell;0.01;GBPUSD;1.14223;;;2022.11.07 14:24:49;1.14278;;;-0.55;
2022.11.07 05:00:13;Buy;0.01;AUDUSD;0.64207;;;2022.11.07 10:52:10;0.64504;;;2.97;
2022.11.04 08:00:16;Sell;0.02;AUDUSD;0.63471;;;2022.11.07 03:15:59;0.64183;;-0.02;-14.24;
2022.11.04 18:00:25;Sell;0.08;AUDUSD;0.64663;;;2022.11.07 03:15:58;0.64183;-0.01;-0.08;38.40;
2022.11.04 05:00:19;Sell;0.01;AUDUSD;0.63032;;;2022.11.07 03:15:58;0.64183;;-0.01;-11.51;
2022.11.04 16:01:26;Sell;0.05;AUDUSD;0.64335;;;2022.11.07 03:15:57;0.64180;;-0.05;7.75;
2022.11.04 14:00:24;Sell;0.03;AUDUSD;0.63714;;;2022.11.07 03:15:56;0.64178;;-0.03;-13.92;
2022.11.04 07:00:23;Sell;0.01;AUDUSD;0.63298;;;2022.11.07 03:15:30;0.64173;;-0.01;-8.75;
2022.11.04 21:00:17;Sell;0.01;GBPUSD;1.13318;;;2022.11.07 01:00:28;1.13200;;-0.01;1.18;
2022.11.04 22:00:10;Sell;0.02;GBPUSD;1.13660;;;2022.11.07 01:00:12;1.13202;;-0.03;9.16;
2022.11.04 16:01:44;Buy;0.01;USDCAD;1.35305;;;2022.11.04 18:30:26;1.35272;;;-0.24;
2022.11.04 18:00:37;Buy;0.03;USDCAD;1.34850;;;2022.11.04 18:28:20;1.35187;;;7.48;
2022.11.03 19:01:51;Buy;0.02;GBPCAD;1.53587;;;2022.11.04 17:15:56;1.52876;;-0.15;-10.54;
2022.11.04 16:00:50;Buy;0.09;GBPCAD;1.52422;;;2022.11.04 17:15:52;1.52865;-0.02;;29.53;
2022.11.04 14:00:25;Buy;0.04;GBPCAD;1.52817;;;2022.11.04 17:15:51;1.52863;-0.01;;1.37;
2022.11.03 16:00:42;Buy;0.01;GBPCAD;1.54057;;;2022.11.04 17:15:37;1.52861;;-0.08;-8.86;
2022.11.04 16:01:44;Sell;0.01;GBPUSD;1.12609;;;2022.11.04 16:52:33;1.12429;;;1.80;
2022.11.03 13:00:28;Buy;0.02;NZDCAD;0.79385;;;2022.11.04 16:19:32;0.79596;;-0.06;3.12;
2022.11.03 03:00:09;Buy;0.01;AUDNZD;1.09063;;;2022.11.04 15:51:09;1.09508;;-0.05;2.61;
2022.11.03 20:00:34;Buy;0.02;AUDNZD;1.08915;;;2022.11.04 15:50:24;1.09501;;-0.09;6.86;
2022.11.04 07:00:23;Buy;0.01;USDCAD;1.36998;;;2022.11.04 15:33:39;1.35978;;;-7.50;
2022.11.04 09:00:16;Buy;0.03;USDCAD;1.36718;;;2022.11.04 15:33:25;1.35914;;;-17.75;
2022.11.04 14:00:27;Buy;0.08;USDCAD;1.36255;;;2022.11.04 15:32:15;1.36114;-0.01;;-8.29;
2022.11.03 11:00:37;Buy;0.01;AUDCAD;0.86828;;;2022.11.04 14:15:27;0.86902;;-0.05;0.54;
2022.11.03 13:00:28;Buy;0.02;AUDCAD;0.86592;;;2022.11.04 14:15:00;0.86921;;-0.10;4.83;
2022.11.03 10:00:26;Buy;0.01;GBPUSD;1.13839;;;2022.11.04 07:51:14;1.12347;;-0.07;-14.92;
2022.11.03 11:00:38;Buy;0.02;GBPUSD;1.13400;;;2022.11.04 07:51:05;1.12333;;-0.13;-21.34;
2022.11.03 16:00:24;Buy;0.08;GBPUSD;1.11658;;;2022.11.04 07:50:41;1.12350;;-0.53;55.36;
2022.11.03 14:00:32;Buy;0.04;GBPUSD;1.12667;;;2022.11.04 07:50:41;1.12350;;-0.26;-12.68;
2022.11.03 18:00:32;Sell;0.01;AUDUSD;0.63134;;;2022.11.03 19:37:17;0.62883;;;2.51;
2022.11.03 10:00:10;Buy;0.01;AUDUSD;0.63457;;;2022.11.03 17:51:53;0.63178;;;-2.79;
2022.11.03 11:00:17;Buy;0.01;AUDUSD;0.63231;;;2022.11.03 17:50:55;0.63209;;;-0.22;
2022.11.03 13:00:27;Buy;0.02;AUDUSD;0.62906;;;2022.11.03 17:50:29;0.63198;;;5.84;
2022.11.02 23:00:22;Sell;0.01;USDCAD;1.37040;;;2022.11.03 17:18:35;1.37747;;-0.15;-5.13;
2022.11.03 16:00:29;Sell;0.08;USDCAD;1.37947;;;2022.11.03 17:17:11;1.37724;;;12.95;
2022.11.03 13:00:28;Sell;0.03;USDCAD;1.37625;;;2022.11.03 17:16:45;1.37698;;;-1.59;
2022.11.03 12:00:18;Buy;0.01;GBPCAD;1.54914;;;2022.11.03 15:01:47;1.54567;;;-2.51;
2022.11.01 17:01:40;Sell;0.06;NZDCAD;0.79823;;;2022.11.03 11:04:01;0.79511;-0.01;-0.49;13.62;
2022.11.01 10:00:21;Sell;0.04;NZDCAD;0.79572;;;2022.11.03 11:04:00;0.79510;;-0.33;1.81;
2022.10.31 19:00:22;Sell;0.02;NZDCAD;0.79246;;;2022.11.03 11:03:59;0.79509;;-0.20;-3.83;
2022.11.03 07:00:16;Sell;0.01;AUDUSD;0.63665;;;2022.11.03 09:27:14;0.63376;;;2.89;
2022.11.03 03:00:09;Buy;0.01;AUDUSD;0.63376;;;2022.11.03 05:22:18;0.63637;;;2.61;
2022.11.02 23:00:22;Buy;0.01;AUDUSD;0.63597;;;2022.11.03 05:22:18;0.63638;;-0.13;0.41;
2022.11.02 06:00:11;Sell;0.01;AUDUSD;0.64169;;;2022.11.02 22:19:50;0.63941;;;2.28;
2022.11.01 21:00:22;Sell;0.01;AUDUSD;0.63996;;;2022.11.02 22:19:49;0.63941;;-0.01;0.55;
2022.10.31 01:00:37;Buy;0.04;AUDCAD;0.87213;;;2022.11.02 21:06:06;0.87716;-0.01;-0.39;14.83;
2022.10.31 20:00:28;Buy;0.02;AUDNZD;1.09950;;;2022.11.02 21:05:11;1.09261;;-0.18;-8.15;
2022.10.31 13:00:15;Buy;0.01;AUDNZD;1.10114;;;2022.11.02 21:04:25;1.09293;;-0.10;-4.85;
2022.11.01 12:00:21;Buy;0.05;AUDNZD;1.09561;;;2022.11.02 21:04:10;1.09282;-0.01;-0.23;-8.25;
2022.11.01 08:00:13;Buy;0.01;AUDNZD;1.09695;;;2022.11.02 21:04:09;1.09285;;-0.05;-2.42;
2022.11.01 08:00:12;Buy;0.03;AUDNZD;1.09695;;;2022.11.02 21:04:09;1.09286;;-0.14;-7.26;
2022.10.28 04:00:08;Buy;0.02;AUDCAD;0.87440;;;2022.11.02 21:03:37;0.87746;;-0.30;4.51;
2022.11.02 14:00:22;Buy;0.18;AUDNZD;1.09108;;;2022.11.02 21:03:30;1.09298;-0.02;;20.23;
2022.11.02 11:00:13;Buy;0.12;AUDNZD;1.09235;;;2022.11.02 21:03:29;1.09298;-0.02;;4.47;
2022.11.01 17:02:03;Buy;0.02;AUDNZD;1.09349;;;2022.11.02 21:03:29;1.09301;;-0.09;-0.56;
2022.11.01 17:01:09;Buy;0.08;AUDNZD;1.09428;;;2022.11.02 21:03:28;1.09310;-0.01;-0.37;-5.59;
2022.11.02 14:00:23;Buy;0.04;AUDNZD;1.09110;;;2022.11.02 21:02:30;1.09218;-0.01;;2.56;
2022.11.01 18:00:43;Sell;0.01;USDCAD;1.36549;;;2022.11.02 06:20:35;1.35958;;-0.05;4.35;
2022.11.01 18:00:07;Buy;0.01;AUDUSD;0.63882;;;2022.11.01 19:07:24;0.64095;;;2.13;
2022.11.01 05:00:07;Buy;0.01;USDCAD;1.36047;;;2022.11.01 17:04:11;1.36026;;;-0.15;
2022.11.01 09:00:47;Buy;0.03;USDCAD;1.35688;;;2022.11.01 17:03:10;1.35995;;;6.77;
2022.11.01 16:00:18;Sell;0.01;AUDUSD;0.64546;;;2022.11.01 17:01:47;0.64240;;;3.06;
2022.10.31 22:00:17;Buy;0.01;GBPCAD;1.56299;;;2022.11.01 16:45:55;1.56682;;-0.08;2.83;
2022.11.01 07:00:32;Buy;0.01;AUDUSD;0.64264;;;2022.11.01 15:15:47;0.64568;;;3.04;
2022.11.01 02:00:22;Sell;0.01;AUDUSD;0.64044;;;2022.11.01 06:33:02;0.64221;;;-1.77;
2022.11.01 05:00:06;Sell;0.01;AUDUSD;0.64194;;;2022.11.01 06:32:51;0.64238;;;-0.44;
2022.11.01 06:00:21;Sell;0.02;AUDUSD;0.64443;;;2022.11.01 06:32:31;0.64200;;;4.86;
2022.10.31 18:00:16;Buy;0.02;AUDCAD;0.87091;;;2022.11.01 05:17:47;0.87392;;-0.10;4.42;
2022.10.28 14:00:16;Buy;0.01;AUDCAD;0.87280;;;2022.11.01 05:17:47;0.87392;;-0.10;0.83;
2022.10.31 16:00:26;Buy;0.01;AUDUSD;0.63793;;;2022.11.01 01:34:31;0.64036;;-0.04;2.43;
2022.10.31 12:00:34;Buy;0.01;AUDUSD;0.63984;;;2022.11.01 01:34:30;0.64037;;-0.04;0.53;
2022.10.31 06:00:32;Sell;0.02;NZDCAD;0.79197;;;2022.10.31 18:22:18;0.78898;;;4.37;
2022.10.31 16:00:13;Sell;0.03;USDCAD;1.36746;;;2022.10.31 17:17:08;1.36414;;;7.30;
2022.10.31 12:00:35;Sell;0.01;USDCAD;1.36457;;;2022.10.31 17:16:49;1.36447;;;0.07;
2022.10.27 02:00:10;Sell;0.01;AUDNZD;1.11437;;;2022.10.31 12:44:02;1.10069;;-0.04;7.96;
2022.10.31 07:00:12;Sell;0.01;AUDUSD;0.64230;;;2022.10.31 11:30:45;0.63917;;;3.13;
2022.10.28 03:00:35;Buy;0.01;AUDUSD;0.64512;;;2022.10.31 04:47:38;0.64184;;-0.04;-3.28;
2022.10.28 19:00:16;Buy;0.03;AUDUSD;0.63968;;;2022.10.31 04:47:29;0.64188;;-0.13;6.60;
2022.10.28 11:00:30;Buy;0.02;AUDUSD;0.64213;;;2022.10.31 04:47:29;0.64188;;-0.08;-0.50;
2022.10.28 10:00:17;Buy;0.01;AUDUSD;0.64347;;;2022.10.31 04:47:28;0.64188;;-0.04;-1.59;
2022.10.28 14:00:16;Buy;0.02;NZDCAD;0.78849;;;2022.10.28 16:11:31;0.79141;;;4.29;
2022.10.27 21:00:18;Buy;0.01;AUDNZD;1.10616;;;2022.10.28 12:17:06;1.10629;;-0.05;0.08;
2022.10.28 06:00:12;Buy;0.02;AUDNZD;1.10227;;;2022.10.28 12:16:42;1.10657;;;4.97;
2022.10.28 05:00:37;Sell;0.02;NZDCAD;0.79262;;;2022.10.28 11:03:56;0.78945;;;4.66;
2022.10.27 21:00:20;Sell;0.02;NZDCAD;0.79227;;;2022.10.28 03:14:55;0.78910;;-0.04;4.67;
2022.10.27 18:00:28;Sell;0.01;AUDUSD;0.64825;;;2022.10.27 23:09:34;0.64527;;;2.98;
2022.10.27 10:00:16;Buy;0.01;AUDUSD;0.64839;;;2022.10.27 16:17:37;0.64744;;;-0.95;
2022.10.27 12:00:09;Buy;0.01;AUDUSD;0.64691;;;2022.10.27 16:17:07;0.64749;;;0.58;
2022.10.27 14:00:27;Buy;0.02;AUDUSD;0.64498;;;2022.10.27 16:15:58;0.64705;;;4.14;
2022.10.27 03:00:11;Sell;0.06;NZDCAD;0.79131;;;2022.10.27 15:19:51;0.78893;-0.01;;10.50;
2022.10.26 17:01:12;Sell;0.04;NZDCAD;0.79084;;;2022.10.27 15:18:28;0.78906;;-0.24;5.23;
2022.10.26 10:01:22;Sell;0.02;NZDCAD;0.78449;;;2022.10.27 15:18:27;0.78902;;-0.12;-6.66;
2022.10.26 11:00:12;Sell;0.02;AUDCAD;0.87641;;;2022.10.27 15:04:56;0.87687;;-0.14;-0.68;
2022.10.26 19:00:36;Sell;0.04;AUDCAD;0.88050;;;2022.10.27 15:04:55;0.87688;-0.01;-0.28;10.63;
2022.10.26 10:01:21;Sell;0.01;AUDCAD;0.87368;;;2022.10.27 12:06:02;0.87843;;-0.07;-3.49;
2022.10.26 17:01:40;Sell;0.03;AUDCAD;0.88154;;;2022.10.27 12:05:50;0.87844;;-0.21;6.84;
2022.10.26 11:00:51;Sell;0.02;AUDCAD;0.87639;;;2022.10.27 12:05:28;0.87847;;-0.14;-3.06;
2022.10.26 22:00:25;Sell;0.05;AUDCAD;0.88044;;;2022.10.27 12:05:20;0.87850;-0.01;-0.35;7.14;
2022.10.26 18:00:12;Sell;0.01;AUDUSD;0.64886;;;2022.10.27 09:43:18;0.64852;;-0.04;0.34;
2022.10.27 09:00:07;Sell;0.01;AUDUSD;0.65117;;;2022.10.27 09:43:12;0.64852;;;2.65;
2022.10.26 12:00:22;Sell;0.01;AUDNZD;1.11679;;;2022.10.27 02:44:47;1.11189;;-0.05;2.86;
2022.10.26 12:00:20;Sell;0.05;AUDNZD;1.11677;;;2022.10.26 20:09:15;1.11290;-0.01;;11.28;
2022.10.26 11:00:33;Sell;0.03;AUDNZD;1.11458;;;2022.10.26 20:09:14;1.11290;;;2.94;
2022.10.26 04:00:16;Sell;0.02;AUDNZD;1.11319;;;2022.10.26 20:09:13;1.11290;;;0.33;
2022.10.18 13:00:22;Sell;0.01;AUDNZD;1.11088;;;2022.10.26 20:09:11;1.11290;;-0.13;-1.18;
2022.10.26 17:02:43;Sell;0.01;GBPCAD;1.57883;;;2022.10.26 17:31:14;1.57482;;;2.94;
2022.10.26 12:00:21;Sell;0.13;AUDUSD;0.64928;;;2022.10.26 16:23:52;0.64552;-0.01;;48.88;
2022.10.24 15:00:14;Sell;0.01;AUDUSD;0.63065;;;2022.10.26 16:23:52;0.64552;;-0.02;-14.87;
2022.10.26 11:00:09;Sell;0.08;AUDUSD;0.64696;;;2022.10.26 16:23:51;0.64552;-0.01;;11.52;
2022.10.26 10:00:08;Sell;0.05;AUDUSD;0.64350;;;2022.10.26 16:23:51;0.64552;;;-10.10;
2022.10.26 07:00:14;Sell;0.03;AUDUSD;0.64064;;;2022.10.26 16:23:50;0.64553;;;-14.67;
2022.10.25 17:00:21;Sell;0.02;AUDUSD;0.63960;;;2022.10.26 16:23:49;0.64554;;-0.03;-11.88;
2022.10.25 02:00:31;Sell;0.01;AUDUSD;0.63267;;;2022.10.26 16:23:49;0.64554;;-0.01;-12.87;
2022.10.26 11:00:43;Buy;0.08;USDCAD;1.35459;;;2022.10.26 16:18:13;1.35746;-0.01;;16.91;
2022.10.26 10:01:17;Buy;0.03;USDCAD;1.35839;;;2022.10.26 16:18:11;1.35750;;;-1.97;
2022.10.25 18:00:40;Buy;0.01;USDCAD;1.36224;;;2022.10.26 16:18:11;1.35752;;-0.05;-3.48;
2022.10.25 18:00:41;Sell;0.02;NZDCAD;0.78422;;;2022.10.26 03:40:58;0.78123;;-0.03;4.39;
2022.10.25 17:00:43;Sell;0.01;GBPCAD;1.56438;;;2022.10.25 18:00:50;1.56099;;;2.48;
2022.10.25 13:00:19;Buy;0.02;NZDCAD;0.78002;;;2022.10.25 16:24:38;0.78301;;;4.38;
2022.10.24 13:01:20;Buy;0.02;NZDCAD;0.78054;;;2022.10.25 06:42:23;0.78355;;-0.07;4.40;
2022.10.24 12:00:33;Sell;0.03;USDCAD;1.37298;;;2022.10.24 14:51:14;1.37001;;;6.50;
2022.10.24 07:00:15;Sell;0.01;USDCAD;1.36918;;;2022.10.24 14:50:31;1.37008;;;-0.66;
2022.10.24 06:00:30;Buy;0.01;AUDUSD;0.63454;;;2022.10.24 14:49:38;0.63160;;;-2.94;
2022.10.24 05:00:13;Buy;0.01;AUDUSD;0.63585;;;2022.10.24 14:49:14;0.63200;;;-3.85;
2022.10.24 07:00:15;Buy;0.02;AUDUSD;0.63311;;;2022.10.24 14:49:13;0.63205;;;-2.12;
2022.10.24 11:00:42;Buy;0.03;AUDUSD;0.63087;;;2022.10.24 14:48:22;0.63181;;;2.82;
2022.10.24 12:00:31;Buy;0.05;AUDUSD;0.62964;;;2022.10.24 14:48:17;0.63175;;;10.55;
2022.10.24 09:00:42;Sell;0.01;GBPCAD;1.55491;;;2022.10.24 13:58:28;1.55142;;;2.55;
2022.10.21 17:01:37;Sell;0.02;NZDCAD;0.78194;;;2022.10.24 11:04:16;0.78366;;-0.03;-2.51;
2022.10.21 23:00:25;Sell;0.04;NZDCAD;0.78633;;;2022.10.24 11:02:54;0.78345;;-0.07;8.40;
2022.10.21 22:00:08;Sell;0.02;AUDCAD;0.86955;;;2022.10.24 06:19:31;0.86647;;-0.04;4.49;
2022.10.21 19:02:37;Sell;0.01;AUDCAD;0.87064;;;2022.10.24 06:12:42;0.86666;;-0.02;2.91;
2022.10.21 23:01:06;Sell;0.01;AUDUSD;0.63899;;;2022.10.24 02:21:36;0.63590;;-0.01;3.09;
2022.10.21 17:00:27;Buy;0.01;USDCAD;1.37263;;;2022.10.24 01:24:47;1.36568;;-0.05;-5.09;
2022.10.24 01:00:30;Buy;0.08;USDCAD;1.36232;;;2022.10.24 01:24:24;1.36562;-0.01;;19.33;
2022.10.21 20:01:06;Buy;0.03;USDCAD;1.36648;;;2022.10.24 01:24:23;1.36562;;-0.14;-1.89;
2022.10.21 21:00:09;Buy;0.01;AUDUSD;0.63586;;;2022.10.21 22:22:35;0.63872;;;2.86;
2022.10.21 19:00:27;Sell;0.01;AUDUSD;0.63664;;;2022.10.21 19:20:55;0.63364;;;3.00;
2022.10.21 17:00:33;Sell;0.01;AUDUSD;0.63130;;;2022.10.21 17:30:45;0.62979;;;1.51;
2022.10.21 15:00:14;Buy;0.02;NZDCAD;0.77815;;;2022.10.21 16:45:36;0.78132;;;4.62;
2022.10.20 20:00:07;Buy;0.01;AUDUSD;0.63127;;;2022.10.21 16:06:01;0.62673;;-0.04;-4.54;
2022.10.21 12:00:09;Sell;0.01;USDCAD;1.38218;;;2022.10.21 16:04:47;1.37837;;;2.76;
2022.10.20 21:00:39;Buy;0.01;AUDUSD;0.62930;;;2022.10.21 16:04:17;0.62736;;-0.04;-1.94;
2022.10.21 02:00:13;Buy;0.02;AUDUSD;0.62764;;;2022.10.21 16:02:00;0.62654;;;-2.20;
2022.10.21 09:00:49;Buy;0.03;AUDUSD;0.62608;;;2022.10.21 16:01:48;0.62623;;;0.45;
2022.10.21 15:00:12;Buy;0.05;AUDUSD;0.62359;;;2022.10.21 16:01:41;0.62589;;;11.50;
2022.10.11 14:00:21;Buy;0.01;AUDNZD;1.12144;;;2022.10.21 15:22:14;1.10967;;-0.50;-6.59;
2022.10.12 11:00:51;Buy;0.02;AUDNZD;1.11866;;;2022.10.21 15:22:09;1.10975;;-0.95;-9.98;
2022.10.19 23:00:19;Buy;0.64;AUDNZD;1.10618;;;2022.10.21 15:21:48;1.10991;-0.08;-11.11;133.66;
2022.10.18 10:01:03;Buy;0.32;AUDNZD;1.10850;;;2022.10.21 15:21:47;1.10991;-0.04;-6.94;25.27;
2022.10.18 06:00:17;Buy;0.16;AUDNZD;1.11102;;;2022.10.21 15:21:45;1.10991;-0.02;-3.47;-9.94;
2022.10.18 03:00:31;Buy;0.08;AUDNZD;1.11347;;;2022.10.21 15:21:44;1.10991;-0.01;-1.74;-15.94;
2022.10.14 04:00:44;Buy;0.04;AUDNZD;1.11584;;;2022.10.21 15:21:42;1.10991;-0.01;-1.20;-13.28;
2022.10.20 14:00:37;Sell;0.02;NZDCAD;0.78229;;;2022.10.21 06:56:37;0.77958;;-0.03;3.93;
2022.10.20 12:00:14;Sell;0.01;AUDUSD;0.62762;;;2022.10.20 19:44:35;0.63147;;;-3.85;
2022.10.20 09:00:22;Sell;0.01;AUDUSD;0.62571;;;2022.10.20 19:44:34;0.63147;;;-5.76;
2022.10.20 18:00:29;Sell;0.05;AUDUSD;0.63532;;;2022.10.20 19:44:29;0.63147;;;19.25;
2022.10.20 14:00:12;Sell;0.03;AUDUSD;0.63037;;;2022.10.20 19:44:29;0.63145;;;-3.24;
2022.10.20 13:00:21;Sell;0.02;AUDUSD;0.62908;;;2022.10.20 19:44:28;0.63146;;;-4.76;
2022.10.20 11:00:25;Buy;0.01;GBPCAD;1.54355;;;2022.10.20 15:31:24;1.54813;;;3.34;
2022.10.20 05:00:19;Buy;0.01;AUDCAD;0.86140;;;2022.10.20 14:13:36;0.86572;;;3.15;
2022.10.20 05:00:14;Buy;0.02;NZDCAD;0.77829;;;2022.10.20 13:40:34;0.78108;;;4.06;
2022.10.20 07:00:09;Buy;0.02;AUDCAD;0.86067;;;2022.10.20 12:06:47;0.86419;;;5.12;
2022.10.20 05:00:16;Buy;0.03;AUDUSD;0.62424;;;2022.10.20 08:21:27;0.62676;;;7.56;
2022.10.19 19:00:13;Buy;0.02;AUDUSD;0.62719;;;2022.10.20 08:21:26;0.62676;;-0.23;-0.86;
2022.10.19 15:00:25;Buy;0.01;AUDUSD;0.62839;;;2022.10.20 08:21:24;0.62679;;-0.11;-1.60;
2022.10.18 18:00:18;Buy;0.01;AUDUSD;0.63000;;;2022.10.20 08:21:22;0.62686;;-0.15;-3.14;
2022.10.18 11:00:24;Sell;0.04;NZDCAD;0.78045;;;2022.10.20 04:53:51;0.77794;;-0.28;7.28;
2022.10.18 04:00:38;Sell;0.02;NZDCAD;0.77709;;;2022.10.20 04:53:51;0.77794;;-0.14;-1.23;
2022.10.18 16:00:13;Sell;0.02;AUDCAD;0.86785;;;2022.10.18 18:25:11;0.86499;;;4.15;
2022.10.17 21:00:25;Buy;0.01;GBPCAD;1.55959;;;2022.10.18 17:54:10;1.55760;;-0.08;-1.45;
2022.10.18 09:01:16;Buy;0.02;GBPCAD;1.55488;;;2022.10.18 17:53:55;1.55776;;;4.19;
2022.10.18 15:00:14;Sell;0.01;AUDUSD;0.63142;;;2022.10.18 17:15:58;0.63090;;;0.52;
2022.10.18 16:00:15;Sell;0.01;AUDUSD;0.63342;;;2022.10.18 17:15:51;0.63088;;;2.54;
2022.10.18 14:00:40;Sell;0.01;USDCAD;1.37749;;;2022.10.18 15:23:39;1.37150;;;4.37;
2022.10.18 12:00:03;Buy;0.01;AUDUSD;0.62800;;;2022.10.18 14:39:29;0.63091;;;2.91;
2022.10.14 20:00:52;Buy;0.10;AUDCAD;0.86225;;;2022.10.18 14:27:48;0.86701;-0.01;-0.95;34.61;
2022.10.10 12:00:24;Buy;0.06;AUDCAD;0.86637;;;2022.10.18 14:27:46;0.86700;-0.01;-2.23;2.75;
2022.10.10 02:00:09;Buy;0.04;AUDCAD;0.87288;;;2022.10.18 14:27:45;0.86702;-0.01;-1.48;-17.04;
2022.10.07 18:00:12;Buy;0.02;AUDCAD;0.87679;;;2022.10.18 14:27:42;0.86707;;-0.83;-14.14;
2022.10.14 20:00:43;Buy;0.01;AUDCAD;0.86230;;;2022.10.18 14:20:32;0.86667;;-0.10;3.18;
2022.10.18 02:00:19;Buy;0.18;AUDNZD;1.11428;;;2022.10.18 12:49:18;1.11103;-0.02;;-33.10;
2022.10.14 04:00:28;Buy;0.12;AUDNZD;1.11572;;;2022.10.18 12:49:17;1.11103;-0.02;-1.02;-31.84;
2022.10.13 15:00:13;Buy;0.08;AUDNZD;1.11745;;;2022.10.18 12:49:15;1.11103;-0.01;-1.02;-29.06;
2022.10.12 11:00:31;Buy;0.05;AUDNZD;1.11851;;;2022.10.18 12:49:13;1.11103;-0.01;-1.28;-21.16;
2022.10.11 14:00:19;Buy;0.03;AUDNZD;1.12148;;;2022.10.18 12:49:13;1.11103;;-0.91;-17.74;
2022.10.11 13:00:31;Buy;0.02;AUDNZD;1.12507;;;2022.10.18 12:49:11;1.11102;;-0.60;-15.90;
2022.10.05 05:00:02;Buy;0.01;AUDNZD;1.12647;;;2022.10.18 12:49:10;1.11098;;-0.54;-8.76;
2022.10.18 04:00:21;Buy;0.27;AUDNZD;1.11212;;;2022.10.18 12:48:37;1.11103;-0.03;;-16.65;
2022.10.18 11:00:21;Buy;0.93;AUDNZD;1.10807;;;2022.10.18 12:48:35;1.11103;-0.12;;155.68;
2022.10.18 08:00:15;Buy;0.62;AUDNZD;1.10922;;;2022.10.18 12:48:34;1.11103;-0.08;;63.47;
2022.10.18 06:00:16;Buy;0.41;AUDNZD;1.11102;;;2022.10.18 12:48:32;1.11106;-0.05;;0.93;
2022.10.17 16:00:59;Buy;0.01;USDCAD;1.37565;;;2022.10.18 10:17:14;1.37169;;-0.04;-2.89;
2022.10.18 07:00:27;Buy;0.08;USDCAD;1.36940;;;2022.10.18 10:16:59;1.37171;-0.01;;13.47;
2022.10.17 19:01:29;Buy;0.03;USDCAD;1.37217;;;2022.10.18 10:16:58;1.37171;;-0.13;-1.01;
2022.10.17 11:00:10;Sell;0.01;AUDUSD;0.62459;;;2022.10.18 10:16:57;0.62980;;-0.01;-5.21;
2022.10.17 16:00:16;Sell;0.01;AUDUSD;0.62761;;;2022.10.18 10:16:21;0.62977;;-0.01;-2.16;
2022.10.18 08:00:14;Sell;0.03;AUDUSD;0.63202;;;2022.10.18 10:16:07;0.62973;;;6.87;
2022.10.17 19:00:11;Sell;0.02;AUDUSD;0.63067;;;2022.10.18 10:16:06;0.62978;;-0.03;1.78;
2022.10.14 17:03:14;Buy;0.02;NZDCAD;0.77261;;;2022.10.18 02:11:35;0.77583;;-0.12;4.69;
2022.10.17 18:00:23;Sell;0.01;GBPCAD;1.56982;;;2022.10.17 18:13:19;1.56604;;;2.76;
2022.10.17 04:00:24;Buy;0.01;AUDUSD;0.62150;;;2022.10.17 10:03:14;0.62468;;;3.18;
2022.10.14 18:00:30;Sell;0.03;USDCAD;1.38717;;;2022.10.17 05:08:26;1.38301;;-0.13;9.02;
2022.10.14 13:00:11;Sell;0.01;USDCAD;1.37933;;;2022.10.17 05:08:25;1.38301;;-0.04;-2.66;
2022.10.14 22:00:40;Buy;0.02;AUDUSD;0.62055;;;2022.10.17 03:06:29;0.62270;;-0.07;4.30;
2022.10.14 19:00:16;Buy;0.01;AUDUSD;0.62219;;;2022.10.17 03:06:28;0.62270;;-0.04;0.51;
2022.10.14 17:00:22;Buy;0.01;AUDUSD;0.62415;;;2022.10.17 03:06:27;0.62270;;-0.04;-1.45;
2022.10.14 20:00:31;Buy;0.01;GBPCAD;1.54943;;;2022.10.17 01:01:58;1.55588;;-0.08;4.65;
2022.10.14 18:01:30;Sell;0.01;GBPCAD;1.56163;;;2022.10.14 18:17:35;1.55824;;;2.44;
2022.10.14 04:00:43;Sell;0.02;NZDCAD;0.77805;;;2022.10.14 16:42:08;0.77503;;;4.38;
2022.10.14 16:00:22;Sell;0.01;AUDUSD;0.63121;;;2022.10.14 16:36:26;0.62857;;;2.64;
2022.10.14 15:00:13;Buy;0.02;AUDUSD;0.62783;;;2022.10.14 15:55:17;0.63069;;;5.72;
2022.10.14 12:00:14;Buy;0.01;AUDUSD;0.62987;;;2022.10.14 15:54:49;0.63054;;;0.67;
2022.10.14 11:00:15;Buy;0.01;AUDUSD;0.63241;;;2022.10.14 15:54:47;0.63051;;;-1.90;
2022.10.14 13:00:26;Buy;0.01;GBPCAD;1.55157;;;2022.10.14 13:33:26;1.55414;;;1.86;
2022.10.13 19:00:25;Sell;0.01;AUDUSD;0.62795;;;2022.10.14 10:22:29;0.63098;;-0.01;-3.03;
2022.10.14 05:00:43;Sell;0.02;AUDUSD;0.63363;;;2022.10.14 10:22:21;0.63101;;;5.24;
2022.10.13 21:00:16;Sell;0.01;AUDUSD;0.63081;;;2022.10.14 10:22:20;0.63094;;-0.01;-0.13;
2022.10.13 17:02:11;Buy;0.02;NZDCAD;0.77363;;;2022.10.14 02:34:53;0.77614;;-0.06;3.65;
2022.10.13 19:00:30;Buy;0.01;USDCAD;1.37509;;;2022.10.13 22:28:54;1.37492;;;-0.12;
2022.10.13 21:00:36;Buy;0.03;USDCAD;1.37181;;;2022.10.13 22:28:24;1.37470;;;6.31;
2022.10.13 17:01:58;Sell;0.03;USDCAD;1.38993;;;2022.10.13 18:09:29;1.38471;;;11.31;
2022.10.13 16:00:55;Buy;0.01;AUDUSD;0.61948;;;2022.10.13 18:09:27;0.62346;;;3.98;
2022.10.11 22:01:08;Sell;0.01;USDCAD;1.38044;;;2022.10.13 18:08:00;1.38551;;-0.17;-3.66;
2022.10.13 15:00:52;Sell;0.01;GBPCAD;1.55283;;;2022.10.13 16:53:49;1.55632;;;-2.51;
2022.10.13 16:01:27;Sell;0.02;GBPCAD;1.56151;;;2022.10.13 16:52:37;1.55699;;;6.51;
2022.10.12 22:00:10;Sell;0.02;NZDCAD;0.77477;;;2022.10.13 15:36:34;0.77201;;-0.11;3.96;
2022.10.12 18:00:14;Sell;0.01;AUDUSD;0.62697;;;2022.10.13 15:31:27;0.61974;;-0.04;7.23;
2022.10.13 04:00:07;Sell;0.01;AUDUSD;0.62856;;;2022.10.13 15:30:58;0.62027;;;8.29;
2022.10.12 03:00:16;Buy;0.01;AUDCAD;0.86426;;;2022.10.13 12:31:10;0.86867;;-0.14;3.20;
2022.10.13 04:00:07;Sell;0.01;GBPCAD;1.53398;;;2022.10.13 09:30:12;1.53060;;;2.44;
2022.10.12 08:00:18;Sell;0.01;AUDUSD;0.62696;;;2022.10.12 15:30:30;0.62390;;;3.06;
2022.10.12 02:00:14;Buy;0.02;NZDCAD;0.77051;;;2022.10.12 09:25:48;0.77365;;;4.55;
2022.10.11 22:00:39;Buy;0.01;AUDUSD;0.62644;;;2022.10.12 07:05:08;0.62768;;-0.04;1.24;
2022.10.12 05:00:51;Buy;0.01;AUDUSD;0.62478;;;2022.10.12 07:04:34;0.62763;;;2.85;
2022.10.11 15:00:34;Sell;0.04;NZDCAD;0.77323;;;2022.10.11 22:11:21;0.77068;;;7.39;
2022.10.11 11:00:42;Sell;0.02;NZDCAD;0.77025;;;2022.10.11 22:11:21;0.77069;;;-0.64;
2022.10.11 19:00:38;Buy;0.01;USDCAD;1.37409;;;2022.10.11 21:58:37;1.37996;;;4.25;
2022.10.11 19:00:11;Sell;0.01;AUDUSD;0.63272;;;2022.10.11 21:46:34;0.62905;;;3.67;
2022.10.11 18:00:19;Sell;0.01;AUDUSD;0.62852;;;2022.10.11 21:46:34;0.62903;;;-0.51;
2022.10.07 10:00:13;Buy;0.01;AUDCAD;0.87917;;;2022.10.11 19:47:32;0.87027;;-0.10;-6.49;
2022.10.10 11:00:16;Buy;0.12;AUDCAD;0.86774;;;2022.10.11 19:47:22;0.87027;-0.02;-0.55;22.13;
2022.10.10 02:00:10;Buy;0.05;AUDCAD;0.87291;;;2022.10.11 19:47:22;0.87026;-0.01;-0.23;-9.66;
2022.10.07 20:01:07;Buy;0.03;AUDCAD;0.87495;;;2022.10.11 19:47:21;0.87026;;-0.28;-10.26;
2022.10.07 16:00:37;Buy;0.02;AUDCAD;0.87714;;;2022.10.11 19:47:20;0.87025;;-0.18;-10.05;
2022.10.10 18:01:12;Buy;0.18;AUDCAD;0.86432;;;2022.10.11 19:47:14;0.87011;-0.02;-0.82;75.99;
2022.10.10 08:00:06;Buy;0.08;AUDCAD;0.86986;;;2022.10.11 19:47:00;0.87010;-0.01;-0.37;1.40;
2022.10.11 12:00:17;Sell;0.01;AUDUSD;0.62680;;;2022.10.11 17:02:34;0.62668;;;0.12;
2022.10.11 15:00:27;Sell;0.01;AUDUSD;0.62925;;;2022.10.11 17:02:27;0.62664;;;2.61;
2022.10.11 05:00:40;Sell;0.01;USDCAD;1.38083;;;2022.10.11 13:59:32;1.38122;;;-0.28;
2022.10.11 08:00:22;Sell;0.03;USDCAD;1.38436;;;2022.10.11 13:59:26;1.38126;;;6.73;
2022.10.11 06:00:19;Buy;0.02;AUDUSD;0.62666;;;2022.10.11 10:17:25;0.62751;;;1.70;
2022.10.10 18:01:10;Buy;0.01;AUDUSD;0.62832;;;2022.10.11 10:16:58;0.62747;;-0.04;-0.85;
2022.10.10 14:00:21;Buy;0.01;AUDUSD;0.63097;;;2022.10.11 10:16:33;0.62724;;-0.04;-3.73;
2022.10.11 08:00:48;Buy;0.03;AUDUSD;0.62528;;;2022.10.11 10:16:23;0.62719;;;5.73;
2022.10.06 13:00:36;Buy;0.02;NZDCAD;0.78018;;;2022.10.11 10:12:11;0.77039;;-0.18;-14.13;
2022.10.06 20:00:21;Buy;0.04;NZDCAD;0.77692;;;2022.10.11 10:11:56;0.77039;;-0.36;-18.85;
2022.10.10 18:00:44;Buy;0.16;NZDCAD;0.76479;;;2022.10.11 10:11:26;0.77043;-0.02;-0.46;65.17;
2022.10.10 02:00:09;Buy;0.10;NZDCAD;0.76943;;;2022.10.11 10:11:24;0.77047;-0.01;-0.29;7.51;
2022.10.07 16:01:07;Buy;0.06;NZDCAD;0.77310;;;2022.10.11 10:11:22;0.77047;-0.01;-0.34;-11.39;
2022.10.10 12:00:25;Buy;0.03;AUDUSD;0.63021;;;2022.10.10 13:05:20;0.63223;;;6.06;
2022.10.10 10:00:21;Buy;0.02;AUDUSD;0.63212;;;2022.10.10 13:05:19;0.63224;;;0.24;
2022.10.10 08:00:06;Buy;0.01;AUDUSD;0.63329;;;2022.10.10 13:05:18;0.63224;;;-1.05;
2022.10.10 07:00:20;Buy;0.01;AUDUSD;0.63488;;;2022.10.10 13:05:14;0.63216;;;-2.72;
2022.10.07 11:00:21;Sell;0.01;AUDNZD;1.13476;;;2022.10.10 07:50:21;1.13000;;-0.01;2.67;
2022.10.10 05:00:03;Sell;0.01;AUDUSD;0.63734;;;2022.10.10 06:39:24;0.63447;;;2.87;
2022.10.07 22:00:35;Buy;0.01;AUDUSD;0.63683;;;2022.10.10 04:06:45;0.63693;;-0.04;0.10;
2022.10.07 16:00:50;Buy;0.01;AUDUSD;0.63911;;;2022.10.10 04:06:45;0.63693;;-0.04;-2.18;
2022.10.10 02:00:03;Buy;0.02;AUDUSD;0.63470;;;2022.10.10 04:06:15;0.63691;;;4.42;
2022.10.07 18:00:42;Buy;0.01;USDCAD;1.36863;;;2022.10.07 22:22:04;1.37478;;;4.47;
2022.10.07 12:00:08;Sell;0.01;AUDUSD;0.64151;;;2022.10.07 15:30:59;0.63943;;;2.08;
2022.10.06 12:00:09;Buy;0.01;AUDUSD;0.64793;;;2022.10.07 11:18:16;0.64171;;-0.04;-6.22;
2022.10.06 13:00:03;Buy;0.01;AUDUSD;0.64653;;;2022.10.07 11:17:39;0.64184;;-0.04;-4.69;
2022.10.07 10:00:29;Buy;0.08;AUDUSD;0.63907;;;2022.10.07 11:17:25;0.64173;;;21.28;
2022.10.06 19:00:16;Buy;0.05;AUDUSD;0.64109;;;2022.10.07 11:17:24;0.64172;;-0.18;3.15;
2022.10.06 18:00:16;Buy;0.03;AUDUSD;0.64313;;;2022.10.07 11:17:23;0.64172;;-0.11;-4.23;
2022.10.06 17:00:15;Buy;0.02;AUDUSD;0.64491;;;2022.10.07 11:17:22;0.64172;;-0.07;-6.38;
2022.10.06 14:00:51;Sell;0.01;USDCAD;1.36748;;;2022.10.07 10:40:42;1.37237;;-0.04;-3.56;
2022.10.06 22:01:01;Sell;0.08;USDCAD;1.37479;;;2022.10.07 10:40:12;1.37228;;-0.34;14.63;
2022.10.06 18:01:09;Sell;0.03;USDCAD;1.37208;;;2022.10.07 10:40:12;1.37228;;-0.13;-0.44;
2022.10.06 07:00:18;Sell;0.04;AUDCAD;0.88593;;;2022.10.06 17:30:31;0.88260;-0.01;;9.70;
2022.10.05 19:00:05;Sell;0.02;AUDCAD;0.88302;;;2022.10.06 17:30:29;0.88258;;-0.15;0.64;
2022.10.06 04:00:06;Buy;0.01;USDCAD;1.35960;;;2022.10.06 11:58:46;1.36542;;;4.26;
2022.10.06 03:00:19;Sell;0.06;NZDCAD;0.78540;;;2022.10.06 11:51:50;0.78203;-0.01;;14.81;
2022.10.06 01:00:14;Sell;0.04;NZDCAD;0.78147;;;2022.10.06 11:51:49;0.78199;;;-1.52;
2022.10.05 18:00:38;Sell;0.02;NZDCAD;0.77878;;;2022.10.06 11:51:45;0.78196;;-0.12;-4.66;
2022.10.05 19:00:24;Sell;0.01;AUDCAD;0.88290;;;2022.10.06 11:13:38;0.88464;;-0.07;-1.27;
2022.10.06 06:00:26;Sell;0.03;AUDCAD;0.88723;;;2022.10.06 11:12:35;0.88430;;;6.45;
2022.10.06 05:00:14;Sell;0.02;AUDCAD;0.88532;;;2022.10.06 11:12:34;0.88430;;;1.50;
2022.10.05 22:00:33;Sell;0.01;AUDUSD;0.65043;;;2022.10.06 10:01:15;0.65043;;-0.05;0.00;
2022.10.05 21:00:31;Sell;0.01;AUDUSD;0.64753;;;2022.10.06 10:01:14;0.65043;;-0.05;-2.90;
2022.10.06 06:00:25;Sell;0.02;AUDUSD;0.65341;;;2022.10.06 10:01:08;0.65032;;;6.18;
2022.10.05 15:00:36;Buy;0.01;AUDUSD;0.64409;;;2022.10.05 20:06:07;0.64700;;;2.91;
2022.10.05 13:00:43;Buy;0.01;AUDUSD;0.64699;;;2022.10.05 20:06:07;0.64700;;;0.01;
2022.10.05 18:00:40;Sell;0.03;USDCAD;1.36859;;;2022.10.05 19:49:57;1.36430;;;9.43;
2022.10.05 15:00:39;Sell;0.01;USDCAD;1.36155;;;2022.10.05 19:49:56;1.36430;;;-2.02;
2022.10.05 15:00:39;Buy;0.02;NZDCAD;0.77455;;;2022.10.05 17:48:38;0.77826;;;5.43;
2022.10.05 10:00:37;Sell;0.02;NZDCAD;0.77838;;;2022.10.05 14:25:27;0.77570;;;3.94;
2022.10.05 06:00:09;Buy;0.02;NZDCAD;0.77602;;;2022.10.05 09:28:54;0.77922;;;4.74;
2022.10.05 06:00:08;Buy;0.01;AUDUSD;0.64845;;;2022.10.05 09:27:30;0.65129;;;2.84;
2022.10.05 05:00:35;Buy;0.01;AUDNZD;1.12641;;;2022.10.05 05:47:21;1.13039;;;2.28;
2022.10.05 02:00:52;Sell;0.01;AUDUSD;0.65059;;;2022.10.05 05:47:21;0.64767;;;2.92;
2022.10.05 05:00:36;Sell;0.02;NZDCAD;0.78010;;;2022.10.05 05:43:03;0.77680;;;4.88;
2022.10.04 21:00:34;Buy;0.01;USDCAD;1.35347;;;2022.10.05 04:42:43;1.35362;;-0.04;0.11;
2022.10.04 22:00:16;Buy;0.03;USDCAD;1.35093;;;2022.10.05 04:42:34;1.35352;;-0.13;5.74;
2022.10.04 19:00:07;Buy;0.02;AUDCAD;0.88005;;;2022.10.05 04:26:53;0.88055;;-0.09;0.74;
2022.10.04 19:00:11;Buy;0.01;AUDCAD;0.88004;;;2022.10.05 04:26:33;0.88071;;-0.05;0.50;
2022.10.04 21:00:12;Buy;0.04;AUDCAD;0.87682;;;2022.10.05 04:26:30;0.88067;-0.01;-0.19;11.40;
2022.10.04 20:00:18;Buy;0.02;AUDCAD;0.87773;;;2022.10.05 04:26:29;0.88067;;-0.09;4.36;
2022.10.04 19:00:09;Buy;0.02;NZDCAD;0.77797;;;2022.10.05 04:01:15;0.77699;;-0.06;-1.45;
2022.10.04 21:00:34;Buy;0.04;NZDCAD;0.77429;;;2022.10.05 04:00:48;0.77686;;-0.12;7.60;
2022.09.28 07:00:18;Sell;0.01;AUDNZD;1.14468;;;2022.10.05 04:00:36;1.13104;;-0.13;7.84;
2022.10.04 19:00:13;Buy;0.02;AUDNZD;1.13111;;;2022.10.05 01:00:46;1.13505;;-0.09;4.51;
2022.10.04 15:01:38;Buy;0.01;AUDNZD;1.13363;;;2022.10.05 01:00:46;1.13505;;-0.04;0.81;
2022.10.04 20:00:25;Buy;0.01;AUDUSD;0.64742;;;2022.10.04 22:37:53;0.65004;;;2.62;
2022.10.04 18:00:38;Sell;0.01;AUDUSD;0.64967;;;2022.10.04 19:57:50;0.64674;;;2.93;
2022.10.04 18:01:32;Sell;0.02;NZDCAD;0.77972;;;2022.10.04 18:49:41;0.77720;;;3.72;
2022.10.04 12:00:33;Buy;0.01;AUDUSD;0.65037;;;2022.10.04 17:06:04;0.64900;;;-1.37;
2022.10.04 14:00:30;Buy;0.02;AUDUSD;0.64739;;;2022.10.04 17:05:36;0.64921;;;3.64;
2022.10.04 13:00:05;Buy;0.01;AUDUSD;0.64865;;;2022.10.04 17:05:34;0.64925;;;0.60;
2022.10.04 10:00:58;Sell;0.02;NZDCAD;0.78056;;;2022.10.04 13:59:40;0.77758;;;4.37;
2022.10.03 22:00:11;Buy;0.08;USDCAD;1.36354;;;2022.10.04 12:08:24;1.36252;-0.01;-0.35;-5.99;
2022.10.03 18:00:30;Buy;0.03;USDCAD;1.36660;;;2022.10.04 12:08:23;1.36252;;-0.13;-8.98;
2022.10.03 15:01:02;Buy;0.01;USDCAD;1.37276;;;2022.10.04 12:08:22;1.36252;;-0.04;-7.52;
2022.10.04 07:00:30;Buy;0.21;USDCAD;1.36006;;;2022.10.04 12:08:01;1.36240;-0.02;;36.07;
2022.10.04 10:00:32;Sell;0.01;AUDUSD;0.65384;;;2022.10.04 11:21:29;0.65090;;;2.94;
2022.10.04 06:00:42;Buy;0.02;NZDCAD;0.77674;;;2022.10.04 09:47:11;0.78011;;;4.96;
2022.10.04 07:00:05;Buy;0.02;AUDCAD;0.88270;;;2022.10.04 09:40:35;0.88651;;;5.61;
2022.10.04 08:00:19;Buy;0.01;AUDUSD;0.64744;;;2022.10.04 09:14:14;0.64979;;;2.35;
2022.10.04 07:00:04;Buy;0.01;AUDUSD;0.64911;;;2022.10.04 09:14:13;0.64979;;;0.68;
2022.10.04 06:00:41;Sell;0.01;AUDUSD;0.65002;;;2022.10.04 06:31:18;0.64695;;;3.07;
2022.10.03 18:00:28;Sell;0.05;AUDUSD;0.64980;;;2022.10.04 05:09:32;0.64907;;-0.09;3.65;
2022.10.03 17:01:25;Sell;0.03;AUDUSD;0.64877;;;2022.10.04 05:09:31;0.64907;;-0.06;-0.90;
2022.10.03 15:00:10;Sell;0.02;AUDUSD;0.64568;;;2022.10.04 05:09:30;0.64907;;-0.04;-6.78;
2022.10.03 05:00:08;Sell;0.01;AUDUSD;0.64450;;;2022.10.04 05:09:30;0.64907;;-0.02;-4.57;
2022.10.03 02:00:22;Sell;0.01;AUDUSD;0.64164;;;2022.10.04 05:09:30;0.64907;;-0.02;-7.43;
2022.10.03 22:00:13;Sell;0.08;AUDUSD;0.65154;;;2022.10.04 05:09:21;0.64903;-0.01;-0.15;20.08;
2022.10.03 18:00:29;Sell;0.02;NZDCAD;0.78083;;;2022.10.04 05:09:09;0.77775;;-0.04;4.51;
2022.09.30 18:00:17;Buy;0.02;AUDCAD;0.88427;;;2022.10.03 17:01:41;0.88773;;-0.09;5.06;
2022.09.30 14:00:16;Buy;0.02;NZDCAD;0.77942;;;2022.10.03 13:23:31;0.77873;;-0.06;-1.00;
2022.09.30 19:00:30;Buy;0.04;NZDCAD;0.77618;;;2022.10.03 13:23:12;0.77875;;-0.11;7.47;
2022.09.30 21:00:29;Sell;0.01;USDCAD;1.38044;;;2022.10.03 04:52:26;1.37405;;-0.04;4.65;
2022.09.30 14:00:06;Buy;0.01;AUDUSD;0.64723;;;2022.10.03 01:27:15;0.64253;;-0.03;-4.70;
2022.09.30 18:00:18;Buy;0.01;AUDUSD;0.64427;;;2022.10.03 01:26:54;0.64276;;-0.03;-1.51;
2022.09.30 23:00:25;Buy;0.03;AUDUSD;0.63977;;;2022.10.03 01:26:49;0.64268;;-0.10;8.73;
2022.09.30 21:00:08;Buy;0.02;AUDUSD;0.64212;;;2022.10.03 01:26:48;0.64266;;-0.07;1.08;
2022.09.30 03:00:19;Sell;0.02;AUDCAD;0.88981;;;2022.09.30 17:20:42;0.88671;;;4.52;
2022.09.29 13:00:59;Sell;0.02;NZDCAD;0.77905;;;2022.09.30 13:32:10;0.78052;;-0.04;-2.14;
2022.09.29 23:00:21;Sell;0.04;NZDCAD;0.78320;;;2022.09.30 13:32:02;0.78055;;-0.08;7.73;
2022.09.30 12:00:13;Sell;0.01;AUDUSD;0.65133;;;2022.09.30 13:29:34;0.64840;;;2.93;
2022.09.30 07:00:28;Buy;0.01;AUDUSD;0.64857;;;2022.09.30 11:14:47;0.65127;;;2.70;
2022.09.29 17:00:40;Sell;0.01;AUDUSD;0.64767;;;2022.09.30 05:19:55;0.64874;;-0.02;-1.07;
2022.09.30 03:00:17;Sell;0.02;AUDUSD;0.65074;;;2022.09.30 05:19:37;0.64884;;;3.80;
2022.09.29 23:00:22;Sell;0.01;AUDUSD;0.64944;;;2022.09.30 05:19:36;0.64881;;-0.02;0.63;
2022.09.29 16:00:39;Buy;0.01;AUDUSD;0.64651;;;2022.09.29 16:32:10;0.64892;;;2.41;
2022.09.29 15:00:16;Sell;0.01;AUDUSD;0.64864;;;2022.09.29 15:36:37;0.64621;;;2.43;
2022.09.29 13:00:37;Sell;0.01;AUDUSD;0.64716;;;2022.09.29 15:35:52;0.64645;;;0.71;
2022.09.29 11:00:15;Buy;0.02;AUDUSD;0.64454;;;2022.09.29 12:46:06;0.64749;;;5.90;
2022.09.29 10:00:45;Sell;0.01;USDCAD;1.36985;;;2022.09.29 12:45:32;1.36937;;;0.35;
2022.09.29 04:00:08;Buy;0.01;AUDUSD;0.64902;;;2022.09.29 12:45:12;0.64753;;;-1.49;
2022.09.29 06:00:18;Buy;0.01;AUDUSD;0.64764;;;2022.09.29 12:44:54;0.64755;;;-0.09;
2022.09.29 11:01:10;Sell;0.03;USDCAD;1.37450;;;2022.09.29 12:42:51;1.37056;;;8.62;
2022.09.28 19:00:23;Sell;0.04;NZDCAD;0.77822;;;2022.09.29 05:43:04;0.77563;;-0.24;7.58;
2022.09.28 14:02:56;Sell;0.02;NZDCAD;0.77400;;;2022.09.29 05:43:03;0.77561;;-0.12;-2.35;
2022.09.28 18:02:54;Sell;0.01;AUDCAD;0.88644;;;2022.09.29 04:03:24;0.88576;;-0.08;0.50;
2022.09.28 19:00:24;Sell;0.02;AUDCAD;0.88843;;;2022.09.29 04:03:16;0.88580;;-0.16;3.85;
2022.09.28 22:00:11;Sell;0.08;AUDUSD;0.65243;;;2022.09.29 03:44:44;0.64933;-0.01;-0.43;24.80;
2022.09.28 19:00:09;Sell;0.05;AUDUSD;0.65098;;;2022.09.29 03:44:38;0.64937;;-0.27;8.05;
2022.09.28 18:00:28;Sell;0.03;AUDUSD;0.64734;;;2022.09.29 03:44:38;0.64937;;-0.16;-6.09;
2022.09.28 17:00:46;Sell;0.02;AUDUSD;0.64576;;;2022.09.29 03:44:37;0.64939;;-0.11;-7.26;
2022.09.28 16:00:21;Sell;0.01;AUDUSD;0.64226;;;2022.09.29 03:44:37;0.64939;;-0.05;-7.13;
2022.09.28 15:00:46;Sell;0.01;AUDUSD;0.64094;;;2022.09.29 03:44:36;0.64939;;-0.05;-8.45;
2022.09.28 21:00:39;Buy;0.21;USDCAD;1.36144;;;2022.09.29 03:11:28;1.36364;-0.02;-2.78;33.88;
2022.09.28 19:00:23;Buy;0.08;USDCAD;1.36504;;;2022.09.29 03:11:27;1.36364;-0.01;-1.06;-8.21;
2022.09.28 18:00:48;Buy;0.03;USDCAD;1.36880;;;2022.09.29 03:11:26;1.36364;;-0.40;-11.35;
2022.09.28 16:01:19;Buy;0.01;USDCAD;1.37106;;;2022.09.29 03:11:26;1.36364;;-0.13;-5.44;
2022.09.28 08:00:13;Buy;0.01;AUDCAD;0.87975;;;2022.09.28 13:24:52;0.88390;;;3.02;
2022.09.28 10:01:29;Sell;0.01;USDCAD;1.37875;;;2022.09.28 13:24:50;1.37363;;;3.73;
2022.09.28 10:00:40;Buy;0.06;AUDCAD;0.87861;;;2022.09.28 13:14:04;0.88226;-0.01;;15.92;
2022.09.27 21:00:21;Buy;0.04;AUDCAD;0.88191;;;2022.09.28 13:14:03;0.88227;-0.01;-0.18;1.04;
2022.09.23 21:00:14;Buy;0.02;AUDCAD;0.88741;;;2022.09.28 13:14:02;0.88222;;-0.27;-7.55;
2022.09.28 13:00:13;Buy;0.01;AUDUSD;0.63796;;;2022.09.28 13:04:14;0.63964;;;1.68;
2022.09.28 06:01:10;Buy;0.06;NZDCAD;0.76882;;;2022.09.28 12:37:56;0.77281;-0.01;;17.32;
2022.09.27 21:00:27;Buy;0.04;NZDCAD;0.77316;;;2022.09.28 12:37:55;0.77281;;-0.11;-1.01;
2022.09.27 17:01:29;Buy;0.02;NZDCAD;0.77582;;;2022.09.28 12:37:53;0.77280;;-0.06;-4.37;
2022.09.28 11:00:18;Sell;0.01;AUDUSD;0.63942;;;2022.09.28 12:26:17;0.63680;;;2.62;
2022.09.28 10:00:40;Buy;0.08;AUDUSD;0.63696;;;2022.09.28 10:55:20;0.63971;;;22.00;
2022.09.28 08:00:06;Buy;0.05;AUDUSD;0.63859;;;2022.09.28 10:55:17;0.63967;;;5.40;
2022.09.28 05:00:08;Buy;0.03;AUDUSD;0.64066;;;2022.09.28 10:55:15;0.63966;;;-3.00;
2022.09.27 20:00:15;Buy;0.02;AUDUSD;0.64215;;;2022.09.28 10:55:14;0.63966;;-0.07;-4.98;
2022.09.27 19:00:23;Buy;0.01;AUDUSD;0.64454;;;2022.09.28 10:55:12;0.63970;;-0.03;-4.84;
2022.09.27 18:00:11;Buy;0.01;AUDUSD;0.64624;;;2022.09.28 10:55:08;0.63969;;-0.03;-6.55;
2022.09.26 10:01:07;Buy;0.01;AUDNZD;1.13407;;;2022.09.28 05:31:42;1.14876;;-0.08;8.18;
2022.09.27 09:00:08;Sell;0.02;NZDCAD;0.77937;;;2022.09.27 16:48:40;0.77650;;;4.19;
2022.09.27 04:00:08;Sell;0.01;AUDUSD;0.64917;;;2022.09.27 16:26:53;0.64649;;;2.68;
2022.09.27 03:00:15;Sell;0.01;AUDUSD;0.64715;;;2022.09.27 16:26:53;0.64649;;;0.66;
2022.09.26 16:20:40;Buy;0.02;NZDCAD;0.77974;;;2022.09.27 08:45:38;0.77959;;-0.06;-0.22;
2022.09.26 20:00:47;Buy;0.06;NZDCAD;0.77556;;;2022.09.27 08:45:22;0.77955;-0.01;-0.17;17.50;
2022.09.26 16:20:41;Buy;0.04;NZDCAD;0.77974;;;2022.09.27 08:45:20;0.77955;;-0.11;-0.55;
2022.09.26 22:00:51;Sell;0.01;AUDNZD;1.14527;;;2022.09.27 08:25:01;1.14004;;-0.02;2.97;
2022.09.26 19:00:38;Sell;0.03;USDCAD;1.37451;;;2022.09.27 03:12:24;1.37054;;-0.12;8.69;
2022.09.26 16:20:42;Sell;0.01;USDCAD;1.36475;;;2022.09.27 03:12:16;1.37059;;-0.04;-4.26;
2022.09.26 13:00:18;Buy;0.01;AUDUSD;0.64986;;;2022.09.26 22:06:26;0.64656;;;-3.30;
2022.09.26 21:00:13;Buy;0.02;AUDUSD;0.64401;;;2022.09.26 22:06:08;0.64666;;;5.30;
2022.09.26 19:00:22;Buy;0.01;AUDUSD;0.64665;;;2022.09.26 22:06:07;0.64666;;;0.01;
2022.09.16 12:00:10;Sell;0.03;USDCAD;1.32866;;;2022.09.26 16:20:39;1.36499;;-0.95;-79.85;
2022.09.16 02:00:16;Sell;0.01;USDCAD;1.32482;;;2022.09.26 16:20:38;1.36499;;-0.32;-29.43;
2022.09.26 12:00:16;Sell;0.01;AUDUSD;0.65206;;;2022.09.26 12:59:01;0.64955;;;2.51;
2022.09.26 11:01:14;Sell;0.01;AUDUSD;0.65040;;;2022.09.26 12:59:00;0.64955;;;0.85;
2022.09.26 08:00:18;Buy;0.01;AUDUSD;0.64940;;;2022.09.26 10:23:46;0.65229;;;2.89;
2022.09.23 21:00:13;Sell;0.01;AUDNZD;1.13551;;;2022.09.26 09:34:51;1.13477;;-0.01;0.43;
2022.09.26 03:00:26;Sell;0.02;AUDNZD;1.13733;;;2022.09.26 09:34:36;1.13465;;;3.07;
2022.09.26 04:00:41;Sell;0.03;AUDNZD;1.13898;;;2022.09.26 09:34:35;1.13463;;;7.47;
2022.09.26 05:00:33;Sell;0.01;AUDUSD;0.65194;;;2022.09.26 07:58:28;0.64936;;;2.58;
2022.09.23 17:00:21;Buy;0.01;AUDUSD;0.65657;;;2022.09.26 04:11:51;0.65214;;-0.04;-4.43;
2022.09.23 18:00:31;Buy;0.01;AUDUSD;0.65383;;;2022.09.26 04:11:01;0.65179;;-0.04;-2.04;
2022.09.23 22:00:16;Buy;0.02;AUDUSD;0.65163;;;2022.09.26 04:06:59;0.65258;;-0.07;1.90;
2022.09.26 04:00:31;Buy;0.03;AUDUSD;0.64976;;;2022.09.26 04:06:58;0.65248;;;8.16;
2022.09.19 18:00:21;Sell;0.01;AUDNZD;1.12681;;;2022.09.23 16:39:03;1.13371;;-0.11;-4.01;
2022.09.19 20:00:17;Sell;0.02;AUDNZD;1.12804;;;2022.09.23 16:36:29;1.13350;;-0.18;-6.34;
2022.09.20 04:00:23;Sell;0.03;AUDNZD;1.13030;;;2022.09.23 16:36:09;1.13347;;-0.24;-5.52;
2022.09.22 20:00:09;Sell;0.18;AUDNZD;1.13641;;;2022.09.23 16:35:44;1.13333;-0.02;-0.28;32.19;
2022.09.20 14:00:25;Sell;0.12;AUDNZD;1.13505;;;2022.09.23 16:35:43;1.13330;-0.02;-0.95;12.19;
2022.09.20 12:00:16;Sell;0.08;AUDNZD;1.13353;;;2022.09.23 16:35:42;1.13330;-0.01;-0.63;1.07;
2022.09.20 05:00:17;Sell;0.05;AUDNZD;1.13090;;;2022.09.23 16:35:41;1.13330;-0.01;-0.40;-6.97;
2022.09.23 14:00:28;Buy;0.03;AUDUSD;0.65614;;;2022.09.23 16:08:44;0.65874;;;7.80;
2022.09.23 12:00:25;Buy;0.02;AUDUSD;0.65841;;;2022.09.23 16:08:42;0.65874;;;0.66;
2022.09.23 11:00:13;Buy;0.01;AUDUSD;0.66017;;;2022.09.23 16:08:39;0.65877;;;-1.40;
2022.09.23 07:00:13;Buy;0.01;AUDUSD;0.66191;;;2022.09.23 16:08:38;0.65877;;;-3.14;
2022.09.22 20:00:08;Sell;0.02;AUDCAD;0.89563;;;2022.09.23 07:08:11;0.89253;;-0.05;4.59;
2022.09.23 04:00:13;Sell;0.01;AUDUSD;0.66502;;;2022.09.23 06:38:29;0.66225;;;2.77;
2022.09.22 17:00:44;Buy;0.01;AUDUSD;0.66171;;;2022.09.22 20:32:54;0.66471;;;3.00;
2022.09.22 12:00:42;Sell;0.01;AUDUSD;0.66531;;;2022.09.22 16:43:00;0.66220;;;3.11;
2022.09.22 02:00:32;Buy;0.01;AUDUSD;0.66233;;;2022.09.22 11:06:29;0.66224;;;-0.09;
2022.09.21 23:00:23;Buy;0.01;AUDUSD;0.66357;;;2022.09.22 11:06:27;0.66229;;-0.11;-1.28;
2022.09.22 04:00:22;Buy;0.02;AUDUSD;0.65924;;;2022.09.22 11:04:43;0.66214;;;5.80;
2022.09.21 22:00:37;Sell;0.01;AUDUSD;0.66986;;;2022.09.21 22:12:05;0.66645;;;3.41;
2022.09.21 05:00:19;Buy;0.01;AUDUSD;0.66848;;;2022.09.21 21:39:15;0.66561;;;-2.87;
2022.09.21 08:00:20;Buy;0.01;AUDUSD;0.66698;;;2022.09.21 21:36:52;0.66675;;;-0.23;
2022.09.21 20:00:31;Buy;0.02;AUDUSD;0.66529;;;2022.09.21 21:36:07;0.66602;;;1.46;
2022.09.21 02:00:37;Sell;0.04;AUDCAD;0.89446;;;2022.09.21 21:02:17;0.89037;-0.01;;12.19;
2022.09.16 23:00:05;Sell;0.02;AUDCAD;0.89152;;;2022.09.21 21:01:46;0.89018;;-0.15;1.99;
2022.09.20 21:00:31;Buy;0.02;AUDUSD;0.66808;;;2022.09.21 03:10:37;0.66989;;-0.07;3.62;
2022.09.20 20:00:17;Buy;0.01;AUDUSD;0.66934;;;2022.09.21 03:10:36;0.66989;;-0.04;0.55;
2022.09.20 12:00:15;Buy;0.01;AUDUSD;0.67078;;;2022.09.21 03:10:36;0.66989;;-0.04;-0.89;
2022.09.19 18:00:20;Sell;0.01;AUDUSD;0.67005;;;2022.09.20 11:26:13;0.66972;;-0.02;0.33;
2022.09.19 23:00:09;Sell;0.01;AUDUSD;0.67254;;;2022.09.20 11:25:52;0.66968;;-0.02;2.86;
2022.09.19 12:00:05;Buy;0.02;AUDUSD;0.66780;;;2022.09.19 17:36:29;0.66955;;;3.50;
2022.09.19 10:00:17;Buy;0.01;AUDUSD;0.66895;;;2022.09.19 17:36:28;0.66954;;;0.59;
2022.09.19 07:00:15;Buy;0.01;AUDUSD;0.67069;;;2022.09.19 17:36:27;0.66954;;;-1.15;
2022.09.16 20:00:09;Buy;0.02;AUDNZD;1.12110;;;2022.09.19 17:16:36;1.12695;;-0.09;6.94;
2022.09.14 04:00:33;Buy;0.01;AUDNZD;1.12249;;;2022.09.19 17:16:35;1.12694;;-0.22;2.64;
2022.09.19 02:00:12;Sell;0.01;AUDUSD;0.67284;;;2022.09.19 05:26:30;0.67022;;;2.62;
2022.09.16 18:00:20;Sell;0.01;AUDUSD;0.67034;;;2022.09.19 05:26:30;0.67021;;-0.02;0.13;
2022.09.13 21:00:13;Buy;0.02;AUDCAD;0.88779;;;2022.09.16 22:21:30;0.89128;;-0.50;5.26;
2022.09.13 17:00:56;Buy;0.02;NZDCAD;0.79150;;;2022.09.16 21:26:47;0.79447;;-0.31;4.47;
2022.09.16 11:00:12;Buy;0.01;AUDUSD;0.66745;;;2022.09.16 17:14:06;0.67026;;;2.81;
2022.09.16 10:00:34;Buy;0.02;GBPUSD;1.14219;;;2022.09.16 13:53:09;1.14104;;;-2.30;
2022.09.15 22:00:08;Buy;0.01;GBPUSD;1.14661;;;2022.09.16 13:53:08;1.14105;;-0.06;-5.56;
2022.09.16 11:00:38;Buy;0.04;GBPUSD;1.13740;;;2022.09.16 13:53:04;1.14095;;;14.20;
2022.09.16 08:00:58;Sell;0.01;AUDUSD;0.67172;;;2022.09.16 10:31:31;0.66915;;;2.57;
2022.09.16 02:00:03;Buy;0.02;AUDUSD;0.66921;;;2022.09.16 06:30:33;0.67129;;;4.16;
2022.09.15 19:00:10;Buy;0.01;AUDUSD;0.67083;;;2022.09.16 06:30:33;0.67129;;-0.04;0.46;
2022.09.15 14:00:33;Buy;0.01;AUDUSD;0.67278;;;2022.09.16 06:30:32;0.67129;;-0.04;-1.49;
2022.09.14 18:00:32;Sell;0.01;AUDUSD;0.67501;;;2022.09.15 13:43:22;0.67230;;-0.05;2.71;
2022.09.14 13:00:16;Sell;0.01;GBPCAD;1.52159;;;2022.09.15 05:56:09;1.51803;;0.02;2.70;
2022.09.13 16:00:32;Buy;0.01;AUDCAD;0.88859;;;2022.09.15 01:45:54;0.88913;;-0.20;0.41;
2022.09.13 22:00:27;Buy;0.02;AUDCAD;0.88634;;;2022.09.15 01:45:12;0.88920;;-0.40;4.35;
2022.09.13 17:00:46;Buy;0.01;AUDUSD;0.68024;;;2022.09.14 17:41:53;0.67405;;-0.03;-6.19;
2022.09.13 22:00:09;Buy;0.03;AUDUSD;0.67384;;;2022.09.14 17:41:45;0.67411;;-0.10;0.81;
2022.09.13 20:00:06;Buy;0.02;AUDUSD;0.67614;;;2022.09.14 17:41:45;0.67416;;-0.07;-3.96;
2022.09.13 18:01:03;Buy;0.01;AUDUSD;0.67775;;;2022.09.14 17:41:45;0.67418;;-0.03;-3.57;
2022.09.14 10:00:21;Buy;0.05;AUDUSD;0.67170;;;2022.09.14 17:41:23;0.67421;;;12.55;
2022.09.14 09:00:30;Sell;0.08;USDCAD;1.31802;;;2022.09.14 11:20:20;1.31570;;;14.11;
2022.09.13 22:00:14;Sell;0.03;USDCAD;1.31513;;;2022.09.14 11:20:20;1.31570;;-0.10;-1.30;
2022.09.13 18:00:55;Sell;0.01;USDCAD;1.31101;;;2022.09.14 11:20:19;1.31570;;-0.03;-3.56;
2022.09.13 18:00:54;Buy;0.02;GBPUSD;1.15448;;;2022.09.14 11:04:40;1.15429;;-0.11;-0.38;
2022.09.13 22:01:02;Buy;0.04;GBPUSD;1.15015;;;2022.09.14 11:03:46;1.15373;;-0.22;14.32;
2022.09.13 17:01:07;Buy;0.01;GBPUSD;1.15649;;;2022.09.14 11:03:46;1.15373;;-0.05;-2.76;
2022.09.13 17:00:44;Sell;0.12;AUDNZD;1.12480;;;2022.09.13 23:45:27;1.12219;-0.02;;18.81;
2022.09.13 12:00:36;Sell;0.08;AUDNZD;1.12312;;;2022.09.13 23:45:26;1.12224;-0.01;;4.23;
2022.09.12 23:00:12;Sell;0.05;AUDNZD;1.12179;;;2022.09.13 23:45:26;1.12223;-0.01;-0.08;-1.32;
2022.09.09 21:00:07;Sell;0.03;AUDNZD;1.12043;;;2022.09.13 23:45:25;1.12223;;-0.09;-3.24;
2022.09.09 09:00:16;Sell;0.02;AUDNZD;1.11918;;;2022.09.13 23:45:25;1.12223;;-0.05;-3.66;
2022.09.07 07:00:09;Sell;0.01;AUDNZD;1.11752;;;2022.09.13 23:45:25;1.12217;;-0.10;-2.79;
2022.09.09 07:00:19;Sell;0.02;AUDCAD;0.88907;;;2022.09.13 15:55:18;0.88875;;-0.09;0.49;
2022.09.09 17:00:29;Sell;0.04;AUDCAD;0.89255;;;2022.09.13 15:54:02;0.88884;-0.01;-0.17;11.36;
2022.09.09 11:00:21;Sell;0.01;AUDCAD;0.89154;;;2022.09.13 15:41:28;0.88999;;-0.04;1.19;
2022.09.12 15:00:11;Sell;0.02;AUDCAD;0.89346;;;2022.09.13 15:39:50;0.88946;;-0.05;6.14;
2022.09.13 10:01:08;Sell;0.02;GBPUSD;1.17230;;;2022.09.13 15:39:13;1.15887;;;26.86;
2022.09.13 14:00:10;Sell;0.03;AUDCAD;0.89549;;;2022.09.13 15:38:52;0.88990;;;12.86;
2022.09.12 11:00:47;Sell;0.01;GBPUSD;1.16820;;;2022.09.13 15:38:06;1.15975;;-0.02;8.45;
2022.09.13 12:00:04;Sell;0.01;AUDUSD;0.68957;;;2022.09.13 15:35:35;0.68334;;;6.23;
2022.09.13 14:00:18;Sell;0.01;AUDUSD;0.69129;;;2022.09.13 15:35:16;0.68348;;;7.81;
2022.09.13 06:00:47;Buy;0.01;AUDUSD;0.68678;;;2022.09.13 11:48:52;0.68972;;;2.94;
2022.09.12 20:00:08;Sell;0.02;AUDUSD;0.68933;;;2022.09.13 05:23:08;0.68675;;-0.04;5.16;
2022.09.12 10:00:33;Sell;0.01;AUDUSD;0.68708;;;2022.09.13 05:23:07;0.68676;;-0.02;0.32;
2022.09.09 16:00:35;Sell;0.01;AUDUSD;0.68409;;;2022.09.13 05:23:06;0.68677;;-0.03;-2.68;
2022.09.09 22:00:14;Buy;0.02;NZDCAD;0.79560;;;2022.09.12 10:24:12;0.79866;;-0.07;4.71;
2022.09.09 15:00:46;Buy;0.02;NZDCAD;0.79384;;;2022.09.09 17:03:32;0.79744;;;5.52;
2022.09.09 06:00:18;Sell;0.03;AUDUSD;0.68115;;;2022.09.09 15:31:15;0.68256;;;-4.23;
2022.09.09 04:00:14;Sell;0.02;AUDUSD;0.67850;;;2022.09.09 15:31:14;0.68256;;;-8.12;
2022.09.09 02:00:24;Sell;0.01;AUDUSD;0.67552;;;2022.09.09 15:31:13;0.68256;;;-7.04;
2022.09.08 14:00:36;Sell;0.01;AUDUSD;0.67415;;;2022.09.09 15:31:13;0.68256;;-0.02;-8.41;
2022.09.09 11:00:11;Sell;0.08;AUDUSD;0.68588;;;2022.09.09 15:30:58;0.68243;-0.01;;27.60;
2022.09.09 08:00:13;Sell;0.05;AUDUSD;0.68314;;;2022.09.09 15:30:58;0.68242;;;3.60;
2022.09.09 12:00:22;Buy;0.08;USDCAD;1.29925;;;2022.09.09 15:00:54;1.30168;-0.01;;14.93;
2022.09.09 08:00:13;Buy;0.03;USDCAD;1.30255;;;2022.09.09 15:00:54;1.30168;;;-2.01;
2022.09.09 04:00:12;Buy;0.01;USDCAD;1.30576;;;2022.09.09 15:00:53;1.30168;;;-3.13;
2022.09.09 12:00:23;Sell;0.02;NZDCAD;0.79849;;;2022.09.09 14:30:54;0.79537;;;4.80;
2022.09.09 07:00:20;Sell;0.01;GBPUSD;1.15806;;;2022.09.09 14:12:53;1.15965;;;-1.59;
2022.09.09 11:00:19;Sell;0.02;GBPUSD;1.16294;;;2022.09.09 14:11:55;1.15929;;;7.30;
2022.09.06 18:00:34;Buy;0.04;NZDCAD;0.79443;;;2022.09.09 11:22:19;0.79803;;-0.66;11.09;
2022.09.06 11:00:22;Buy;0.02;NZDCAD;0.79838;;;2022.09.09 11:22:19;0.79803;;-0.33;-0.54;
2022.09.02 22:00:24;Buy;0.01;AUDNZD;1.11387;;;2022.09.09 08:15:37;1.11884;;-0.34;3.04;
2022.09.06 19:01:03;Buy;0.04;AUDCAD;0.88575;;;2022.09.09 05:05:55;0.88691;-0.01;-1.01;3.55;
2022.09.06 12:00:04;Buy;0.02;AUDCAD;0.88854;;;2022.09.09 05:05:55;0.88691;;-0.50;-2.49;
2022.09.08 07:00:15;Buy;0.06;AUDCAD;0.88258;;;2022.09.09 05:05:34;0.88694;-0.01;-0.30;20.04;
2022.09.08 10:00:20;Sell;0.01;AUDUSD;0.67565;;;2022.09.08 11:26:42;0.67291;;;2.74;
2022.09.08 07:00:15;Buy;0.01;AUDUSD;0.67203;;;2022.09.08 09:14:27;0.67492;;;2.89;
2022.09.08 06:00:18;Sell;0.01;AUDUSD;0.67461;;;2022.09.08 06:06:40;0.67179;;;2.82;
2022.09.07 21:00:20;Sell;0.01;AUDUSD;0.67597;;;2022.09.08 05:09:07;0.67355;;-0.06;2.42;
2022.09.07 20:00:31;Sell;0.01;AUDUSD;0.67393;;;2022.09.08 05:09:06;0.67355;;-0.06;0.38;
2022.09.08 02:00:17;Sell;0.01;GBPCAD;1.51427;;;2022.09.08 03:39:21;1.51105;;;2.45;
2022.09.07 23:00:13;Sell;0.02;GBPUSD;1.15276;;;2022.09.08 03:39:20;1.15044;;-0.13;4.64;
2022.09.07 20:00:31;Sell;0.01;GBPUSD;1.14948;;;2022.09.08 03:39:20;1.15044;;-0.06;-0.96;
2022.09.06 12:00:33;Buy;0.01;AUDCAD;0.88837;;;2022.09.07 20:06:39;0.88719;;-0.05;-0.89;
2022.09.06 18:00:26;Buy;0.02;AUDCAD;0.88618;;;2022.09.07 20:06:08;0.88712;;-0.10;1.43;
2022.09.07 15:00:46;Buy;0.03;AUDCAD;0.88355;;;2022.09.07 20:06:00;0.88710;;;8.10;
2022.09.06 07:00:42;Buy;0.01;AUDUSD;0.68022;;;2022.09.07 19:46:35;0.67398;;-0.03;-6.24;
2022.09.06 21:00:08;Buy;0.03;AUDUSD;0.67324;;;2022.09.07 19:46:08;0.67400;;-0.10;2.28;
2022.09.06 17:00:34;Buy;0.02;AUDUSD;0.67473;;;2022.09.07 19:46:07;0.67400;;-0.07;-1.46;
2022.09.06 12:00:06;Buy;0.01;AUDUSD;0.67711;;;2022.09.07 19:46:07;0.67400;;-0.03;-3.11;
2022.09.07 04:00:13;Buy;0.05;AUDUSD;0.67148;;;2022.09.07 19:46:05;0.67400;;;12.60;
2022.09.07 14:00:36;Buy;0.01;GBPCAD;1.50752;;;2022.09.07 17:52:12;1.51162;;;3.11;
2022.09.07 14:00:35;Buy;0.01;GBPUSD;1.14492;;;2022.09.07 17:28:22;1.14403;;;-0.89;
2022.09.07 17:01:30;Buy;0.02;GBPUSD;1.14086;;;2022.09.07 17:26:44;1.14412;;;6.52;
2022.09.02 22:00:24;Buy;0.08;AUDNZD;1.11387;;;2022.09.07 05:29:39;1.11745;-0.01;-1.14;17.22;
2022.09.02 18:00:24;Buy;0.05;AUDNZD;1.11608;;;2022.09.07 05:29:38;1.11745;-0.01;-0.70;4.12;
2022.08.30 20:00:17;Buy;0.03;AUDNZD;1.11730;;;2022.09.07 05:29:38;1.11745;;-1.16;0.27;
2022.08.30 19:00:46;Buy;0.02;AUDNZD;1.12007;;;2022.09.07 05:29:38;1.11745;;-0.77;-3.15;
2022.08.29 05:00:26;Buy;0.01;AUDNZD;1.12185;;;2022.09.07 05:29:37;1.11745;;-0.45;-2.65;
2022.09.06 17:01:02;Buy;0.01;GBPUSD;1.15080;;;2022.09.06 17:27:20;1.15320;;;2.40;
2022.09.06 10:01:02;Sell;0.01;GBPCAD;1.52086;;;2022.09.06 11:07:08;1.51735;;;2.67;
2022.09.02 18:00:44;Sell;0.02;NZDCAD;0.80249;;;2022.09.06 07:57:09;0.79969;;-0.08;4.27;
2022.09.06 04:00:26;Sell;0.01;AUDUSD;0.68287;;;2022.09.06 06:49:53;0.68003;;;2.84;
2022.09.06 04:00:19;Sell;0.02;GBPUSD;1.15892;;;2022.09.06 06:49:12;1.15672;;;4.40;
2022.09.06 03:00:19;Sell;0.01;GBPUSD;1.15655;;;2022.09.06 06:49:12;1.15672;;;-0.17;
2022.09.05 09:00:41;Sell;0.01;USDCAD;1.31578;;;2022.09.06 03:55:13;1.31007;;-0.03;4.36;
2022.09.05 03:00:31;Buy;0.01;AUDUSD;0.67926;;;2022.09.06 02:21:06;0.68141;;-0.03;2.15;
2022.09.02 20:00:25;Buy;0.01;AUDUSD;0.68060;;;2022.09.06 02:21:00;0.68142;;-0.06;0.82;
2022.09.05 13:00:12;Sell;0.01;GBPUSD;1.15106;;;2022.09.05 15:40:21;1.14844;;;2.62;
2022.09.05 03:00:24;Buy;0.04;GBPCAD;1.50844;;;2022.09.05 11:53:29;1.51287;-0.01;;13.47;
2022.09.02 17:04:30;Buy;0.02;GBPCAD;1.51385;;;2022.09.05 11:53:29;1.51287;;-0.15;-1.49;
2022.09.01 18:01:23;Buy;0.01;GBPCAD;1.51881;;;2022.09.05 11:53:22;1.51280;;-0.16;-4.57;
2022.09.05 09:00:39;Buy;0.02;GBPUSD;1.14501;;;2022.09.05 09:51:18;1.14798;;;5.94;
2022.09.05 01:00:26;Buy;0.01;GBPUSD;1.14902;;;2022.09.05 09:51:17;1.14798;;;-1.04;
2022.09.02 18:00:31;Sell;0.01;AUDUSD;0.68453;;;2022.09.02 19:29:23;0.68172;;;2.81;
2022.09.02 16:00:23;Sell;0.01;AUDUSD;0.68192;;;2022.09.02 19:29:22;0.68174;;;0.18;
2022.09.02 17:04:18;Buy;0.01;USDCAD;1.31200;;;2022.09.02 19:23:48;1.31112;;;-0.67;
2022.09.02 18:00:43;Buy;0.03;USDCAD;1.30852;;;2022.09.02 19:23:41;1.31106;;;5.81;
2022.09.01 19:01:03;Buy;0.01;AUDCAD;0.89274;;;2022.09.02 15:38:51;0.89640;;-0.05;2.79;
2022.09.01 19:01:13;Buy;0.02;NZDCAD;0.79911;;;2022.09.02 14:20:42;0.80171;;-0.06;3.95;
2022.09.01 18:00:43;Buy;0.01;AUDUSD;0.67805;;;2022.09.02 12:42:15;0.68101;;-0.03;2.96;
2022.09.01 18:01:24;Buy;0.02;GBPUSD;1.15250;;;2022.09.01 21:05:56;1.15496;;;4.92;
2022.09.01 14:00:15;Buy;0.01;GBPUSD;1.15623;;;2022.09.01 21:05:55;1.15496;;;-1.27;
2022.08.30 12:00:22;Sell;0.02;NZDCAD;0.80323;;;2022.09.01 17:50:35;0.80031;;-0.17;4.43;
2022.09.01 10:00:54;Sell;0.01;AUDUSD;0.68229;;;2022.09.01 17:16:53;0.67938;;;2.91;
2022.08.31 12:00:18;Sell;0.01;USDCAD;1.31061;;;2022.09.01 12:51:15;1.31692;;-0.11;-4.79;
2022.09.01 04:00:29;Sell;0.08;USDCAD;1.31549;;;2022.09.01 12:50:48;1.31698;;;-9.05;
2022.08.31 23:00:20;Sell;0.03;USDCAD;1.31312;;;2022.09.01 12:50:48;1.31698;;-0.32;-8.79;
2022.09.01 12:00:24;Sell;0.21;USDCAD;1.31870;;;2022.09.01 12:50:45;1.31698;;;27.43;
2022.08.29 04:00:13;Buy;0.01;GBPCAD;1.52595;;;2022.09.01 11:49:19;1.52975;;-0.39;2.89;
2022.09.01 05:00:09;Buy;0.02;AUDCAD;0.89660;;;2022.09.01 11:21:51;0.90079;;;6.37;
2022.08.31 12:00:17;Buy;0.01;AUDUSD;0.68706;;;2022.09.01 08:58:55;0.68340;;-0.10;-3.66;
2022.09.01 05:00:08;Buy;0.03;AUDUSD;0.68119;;;2022.09.01 08:58:41;0.68354;;;7.05;
2022.09.01 03:00:31;Buy;0.02;AUDUSD;0.68286;;;2022.09.01 08:58:37;0.68354;;;1.36;
2022.08.31 13:00:16;Buy;0.01;AUDUSD;0.68531;;;2022.09.01 08:58:36;0.68354;;-0.10;-1.77;
2022.08.31 09:00:37;Sell;0.01;AUDUSD;0.69026;;;2022.08.31 11:28:07;0.68723;;;3.03;
2022.08.30 16:00:27;Buy;0.01;AUDUSD;0.69120;;;2022.08.31 07:21:12;0.68791;;-0.03;-3.29;
2022.08.31 03:00:38;Buy;0.02;AUDUSD;0.68560;;;2022.08.31 07:21:07;0.68791;;;4.62;
2022.08.30 18:00:51;Buy;0.01;AUDUSD;0.68705;;;2022.08.31 07:21:07;0.68791;;-0.03;0.86;
2022.08.30 12:00:13;Sell;0.02;AUDCAD;0.90180;;;2022.08.30 19:41:39;0.89857;;;4.93;
2022.08.30 18:01:29;Buy;0.01;GBPUSD;1.16329;;;2022.08.30 18:18:37;1.16594;;;2.65;
2022.08.30 11:00:35;Sell;0.01;AUDUSD;0.69269;;;2022.08.30 15:31:29;0.69260;;;0.09;
2022.08.29 16:00:23;Sell;0.01;AUDUSD;0.68988;;;2022.08.30 15:31:26;0.69260;;-0.02;-2.72;
2022.08.30 12:00:21;Sell;0.02;AUDUSD;0.69515;;;2022.08.30 15:30:58;0.69245;;;5.40;
2022.08.23 22:00:38;Buy;0.02;NZDCAD;0.80486;;;2022.08.30 11:09:53;0.80165;;-0.38;-4.95;
2022.08.26 19:00:27;Buy;0.04;NZDCAD;0.80123;;;2022.08.30 11:09:36;0.80149;;-0.22;0.80;
2022.08.29 03:00:20;Buy;0.06;NZDCAD;0.79811;;;2022.08.30 11:09:14;0.80156;-0.01;-0.17;15.95;
2022.08.22 19:00:25;Sell;0.01;AUDNZD;1.11468;;;2022.08.30 04:40:08;1.12036;;-0.09;-3.49;
2022.08.24 20:00:19;Sell;0.02;AUDNZD;1.11697;;;2022.08.30 04:40:01;1.12034;;-0.13;-4.15;
2022.08.26 13:00:29;Sell;0.16;AUDNZD;1.12366;;;2022.08.30 04:39:50;1.12036;-0.02;-0.38;32.52;
2022.08.26 02:00:34;Sell;0.08;AUDNZD;1.12153;;;2022.08.30 04:39:49;1.12036;-0.01;-0.18;5.76;
2022.08.25 10:01:09;Sell;0.04;AUDNZD;1.11898;;;2022.08.30 04:39:48;1.12036;-0.01;-0.15;-3.40;
2022.08.29 16:00:32;Sell;0.01;GBPUSD;1.17154;;;2022.08.29 17:56:55;1.16885;;;2.69;
2022.08.26 18:00:18;Sell;0.01;USDCAD;1.29885;;;2022.08.29 15:31:01;1.30225;;-0.04;-2.61;
2022.08.29 02:00:07;Sell;0.08;USDCAD;1.30497;;;2022.08.29 15:30:07;1.30268;;;14.06;
2022.08.26 20:00:22;Sell;0.03;USDCAD;1.30210;;;2022.08.29 15:30:05;1.30268;;-0.11;-1.34;
2022.08.26 20:00:43;Buy;0.02;AUDUSD;0.69066;;;2022.08.29 15:22:20;0.68797;;-0.07;-5.38;
2022.08.26 19:00:16;Buy;0.01;AUDUSD;0.69201;;;2022.08.29 15:22:19;0.68797;;-0.03;-4.04;
2022.08.29 05:00:26;Buy;0.08;AUDUSD;0.68585;;;2022.08.29 15:22:17;0.68794;;;16.72;
2022.08.29 02:00:11;Buy;0.05;AUDUSD;0.68740;;;2022.08.29 15:22:16;0.68795;;;2.75;
2022.08.26 22:00:13;Buy;0.03;AUDUSD;0.68917;;;2022.08.29 15:22:16;0.68795;;-0.10;-3.66;
2022.08.26 18:00:31;Buy;0.01;AUDUSD;0.69399;;;2022.08.29 15:21:52;0.68799;;-0.03;-6.00;
2022.08.26 20:00:21;Buy;0.01;GBPUSD;1.17547;;;2022.08.29 12:56:47;1.16905;;-0.05;-6.42;
2022.08.29 03:00:18;Buy;0.04;GBPUSD;1.16912;;;2022.08.29 12:56:39;1.16891;;;-0.84;
2022.08.29 01:00:12;Buy;0.02;GBPUSD;1.17343;;;2022.08.29 12:56:38;1.16891;;;-9.04;
2022.08.29 08:00:11;Buy;0.08;GBPUSD;1.16554;;;2022.08.29 12:56:26;1.16875;;;25.68;
2022.08.25 12:00:32;Sell;0.02;AUDCAD;0.90088;;;2022.08.26 21:46:52;0.89783;;-0.05;4.68;
2022.08.25 21:00:15;Sell;0.01;AUDCAD;0.90240;;;2022.08.26 21:18:17;0.89829;;-0.03;3.16;
2022.08.18 11:00:08;Sell;0.01;AUDNZD;1.10623;;;2022.08.26 17:32:58;1.12433;;-0.09;-11.21;
2022.08.25 10:01:12;Buy;0.01;USDCAD;1.29231;;;2022.08.26 17:32:02;1.29789;;-0.04;4.30;
2022.08.25 11:00:09;Sell;0.93;AUDNZD;1.11946;;;2022.08.26 17:29:59;1.12528;-0.13;-1.13;-335.09;
2022.08.25 06:00:07;Sell;0.62;AUDNZD;1.11839;;;2022.08.26 17:29:58;1.12524;-0.09;-0.75;-262.91;
2022.08.19 07:00:26;Sell;0.02;AUDNZD;1.10779;;;2022.08.26 17:28:04;1.12538;;-0.15;-21.76;
2022.08.19 19:00:43;Sell;0.08;AUDNZD;1.11209;;;2022.08.26 17:27:30;1.12518;-0.01;-0.64;-64.84;
2022.08.19 13:00:13;Sell;0.05;AUDNZD;1.11050;;;2022.08.26 17:26:20;1.12531;-0.01;-0.40;-45.89;
2022.08.19 11:00:15;Sell;0.03;AUDNZD;1.10931;;;2022.08.26 17:26:19;1.12525;;-0.25;-29.64;
2022.08.19 21:00:16;Sell;0.12;AUDNZD;1.11311;;;2022.08.26 17:25:08;1.12531;-0.02;-0.95;-90.79;
2022.08.25 20:00:16;Sell;1.40;AUDNZD;1.12077;;;2022.08.26 17:24:30;1.12535;-0.20;-1.70;-397.44;
2022.08.25 03:00:18;Sell;0.41;AUDNZD;1.11731;;;2022.08.26 17:24:03;1.12520;-0.06;-0.50;-200.63;
2022.08.22 13:00:05;Sell;0.18;AUDNZD;1.11447;;;2022.08.26 17:24:03;1.12515;-0.03;-1.27;-119.22;
2022.08.24 04:00:11;Sell;0.27;AUDNZD;1.11598;;;2022.08.26 17:23:12;1.12535;-0.04;-1.30;-156.81;
2022.08.26 16:00:20;Sell;0.01;AUDUSD;0.69916;;;2022.08.26 17:03:51;0.69661;;;2.55;
2022.08.25 17:00:37;Buy;0.01;AUDUSD;0.69592;;;2022.08.26 15:31:46;0.69915;;-0.03;3.23;
2022.08.25 11:00:26;Sell;0.03;AUDUSD;0.69805;;;2022.08.25 16:42:14;0.69525;;;8.40;
2022.08.25 08:00:24;Sell;0.02;AUDUSD;0.69584;;;2022.08.25 16:42:13;0.69526;;;1.16;
2022.08.25 05:00:25;Sell;0.01;AUDUSD;0.69367;;;2022.08.25 16:42:11;0.69528;;;-1.61;
2022.08.24 18:00:42;Sell;0.01;AUDUSD;0.69138;;;2022.08.25 16:42:10;0.69528;;-0.05;-3.90;
2022.08.24 03:00:29;Buy;0.01;AUDUSD;0.69196;;;2022.08.24 17:49:48;0.69098;;;-0.98;
2022.08.24 16:00:26;Buy;0.02;AUDUSD;0.68916;;;2022.08.24 17:49:23;0.69093;;;3.54;
2022.08.24 05:00:16;Buy;0.01;AUDUSD;0.69075;;;2022.08.24 17:49:22;0.69089;;;0.14;
2022.08.23 19:00:25;Buy;0.01;USDCAD;1.29476;;;2022.08.24 15:37:14;1.30057;;-0.04;4.47;
2022.08.23 18:00:22;Sell;0.01;AUDUSD;0.69438;;;2022.08.24 02:37:15;0.69145;;-0.02;2.93;
2022.08.23 17:01:20;Sell;0.01;AUDUSD;0.69316;;;2022.08.24 02:37:13;0.69143;;-0.02;1.73;
2022.08.23 17:01:22;Sell;0.01;GBPUSD;1.18644;;;2022.08.23 22:00:24;1.18200;;;4.44;
2022.08.19 17:01:01;Buy;0.04;NZDCAD;0.80452;;;2022.08.23 17:13:42;0.80827;;-0.20;11.59;
2022.08.19 03:00:11;Buy;0.02;NZDCAD;0.80856;;;2022.08.23 17:13:40;0.80828;;-0.10;-0.43;
2022.08.18 20:00:51;Buy;0.02;GBPUSD;1.19382;;;2022.08.23 16:55:16;1.18264;;-0.33;-22.36;
2022.08.18 19:00:37;Buy;0.01;GBPUSD;1.19686;;;2022.08.23 16:54:46;1.18266;;-0.15;-14.20;
2022.08.19 04:00:14;Buy;0.04;GBPUSD;1.19084;;;2022.08.23 16:53:50;1.18292;;-0.42;-31.68;
2022.08.19 13:00:14;Buy;0.08;GBPUSD;1.18700;;;2022.08.23 16:49:40;1.18451;;-0.84;-19.92;
2022.08.19 14:00:19;Buy;0.16;GBPUSD;1.18444;;;2022.08.23 16:49:25;1.18473;;-1.70;4.64;
2022.08.22 18:00:18;Buy;0.01;AUDUSD;0.68746;;;2022.08.23 16:49:01;0.69158;;-0.03;4.12;
2022.08.19 18:00:44;Buy;0.32;GBPUSD;1.18037;;;2022.08.23 16:48:10;1.18355;;-3.38;101.76;
2022.08.22 17:00:39;Buy;0.64;GBPUSD;1.17771;;;2022.08.23 16:47:43;1.18333;;-3.39;359.68;
2022.08.23 02:00:33;Sell;0.02;AUDCAD;0.89793;;;2022.08.23 15:33:20;0.89479;;;4.82;
2022.08.22 17:01:14;Sell;0.03;USDCAD;1.30387;;;2022.08.23 11:11:38;1.30090;;-0.11;6.85;
2022.08.22 10:00:45;Sell;0.01;USDCAD;1.30043;;;2022.08.23 11:11:37;1.30090;;-0.04;-0.36;
2022.08.22 06:00:18;Sell;0.01;AUDUSD;0.69044;;;2022.08.22 17:44:10;0.68767;;;2.77;
2022.08.19 15:01:00;Buy;0.04;GBPCAD;1.53843;;;2022.08.22 16:48:21;1.53807;-0.01;-0.30;-1.11;
2022.08.22 14:00:18;Buy;0.09;GBPCAD;1.53328;;;2022.08.22 16:47:54;1.53819;-0.02;;33.91;
2022.08.19 08:00:17;Buy;0.02;GBPCAD;1.54302;;;2022.08.22 16:47:44;1.53811;;-0.15;-7.54;
2022.08.18 20:00:54;Buy;0.01;GBPCAD;1.54726;;;2022.08.22 16:47:41;1.53819;;-0.16;-6.97;
2022.08.17 15:00:19;Buy;0.02;AUDCAD;0.89571;;;2022.08.22 09:18:54;0.89669;;-0.46;1.51;
2022.08.19 19:00:36;Buy;0.04;AUDCAD;0.89287;;;2022.08.22 09:18:33;0.89672;-0.01;-0.19;11.84;
2022.08.18 20:00:18;Buy;0.01;AUDUSD;0.69121;;;2022.08.22 05:19:28;0.68954;;-0.06;-1.67;
2022.08.18 19:00:33;Buy;0.01;AUDUSD;0.69295;;;2022.08.22 05:19:28;0.68954;;-0.06;-3.41;
2022.08.19 18:00:36;Buy;0.03;AUDUSD;0.68683;;;2022.08.22 05:19:05;0.68944;;-0.10;7.83;
2022.08.19 14:00:20;Buy;0.02;AUDUSD;0.68905;;;2022.08.22 05:19:04;0.68944;;-0.07;0.78;
2022.08.18 20:01:03;Sell;0.03;USDCAD;1.29591;;;2022.08.18 22:33:17;1.29314;;;6.43;
2022.08.17 19:00:15;Sell;0.01;USDCAD;1.29312;;;2022.08.18 22:33:16;1.29314;;-0.11;-0.02;
2022.08.18 15:00:18;Sell;0.02;NZDCAD;0.81248;;;2022.08.18 20:25:14;0.80957;;;4.50;
2022.08.18 13:00:28;Sell;0.01;AUDUSD;0.69569;;;2022.08.18 17:09:11;0.69336;;;2.33;
2022.08.18 12:00:26;Sell;0.01;AUDUSD;0.69371;;;2022.08.18 17:08:58;0.69323;;;0.48;
2022.08.17 19:00:04;Buy;0.04;NZDCAD;0.80985;;;2022.08.18 14:59:47;0.81260;-0.01;-0.31;8.53;
2022.08.17 11:00:26;Buy;0.02;NZDCAD;0.81303;;;2022.08.18 14:59:46;0.81260;;-0.15;-0.67;
2022.08.17 05:00:58;Buy;0.01;AUDCAD;0.90079;;;2022.08.18 13:04:52;0.89693;;-0.14;-2.99;
2022.08.18 10:00:34;Buy;0.05;AUDCAD;0.89374;;;2022.08.18 13:04:43;0.89697;-0.01;;12.53;
2022.08.17 15:00:15;Buy;0.03;AUDCAD;0.89572;;;2022.08.18 13:04:42;0.89696;;-0.42;2.89;
2022.08.17 12:00:16;Buy;0.02;AUDCAD;0.89777;;;2022.08.18 13:04:40;0.89696;;-0.28;-1.25;
2022.08.18 10:00:33;Buy;0.01;AUDUSD;0.69048;;;2022.08.18 11:45:08;0.69358;;;3.10;
2022.08.17 22:00:39;Sell;0.01;AUDUSD;0.69413;;;2022.08.18 09:31:26;0.69138;;-0.05;2.75;
2022.08.17 06:00:16;Buy;0.03;AUDNZD;1.10113;;;2022.08.18 03:53:35;1.10535;;-0.46;7.95;
2022.08.12 06:00:32;Buy;0.02;AUDNZD;1.10228;;;2022.08.18 03:53:34;1.10535;;-0.60;3.86;
2022.08.05 12:00:23;Buy;0.01;AUDNZD;1.10414;;;2022.08.18 03:53:34;1.10535;;-0.65;0.76;
2022.08.17 05:00:15;Buy;0.01;AUDUSD;0.70055;;;2022.08.17 21:09:07;0.69450;;;-6.05;
2022.08.17 18:00:12;Buy;0.01;GBPUSD;1.20455;;;2022.08.17 21:08:32;1.20664;;;2.09;
2022.08.17 14:00:29;Buy;0.02;AUDUSD;0.69520;;;2022.08.17 21:08:26;0.69397;;;-2.46;
2022.08.17 11:00:19;Buy;0.01;AUDUSD;0.69772;;;2022.08.17 21:08:23;0.69395;;;-3.77;
2022.08.17 15:00:17;Buy;0.03;AUDUSD;0.69400;;;2022.08.17 21:05:19;0.69398;;;-0.06;
2022.08.17 18:00:18;Buy;0.05;AUDUSD;0.69176;;;2022.08.17 21:04:28;0.69431;;;12.75;
2022.08.17 06:00:29;Sell;0.02;NZDCAD;0.81617;;;2022.08.17 10:44:16;0.81303;;;4.87;
2022.08.17 08:00:19;Sell;0.02;GBPUSD;1.21188;;;2022.08.17 10:12:40;1.20969;;;4.38;
2022.08.16 17:00:25;Sell;0.01;GBPUSD;1.20941;;;2022.08.17 10:12:38;1.20970;;-0.02;-0.29;
2022.08.16 02:00:14;Buy;0.02;NZDCAD;0.82078;;;2022.08.17 05:14:24;0.81947;;-0.05;-2.04;
2022.08.16 13:00:16;Buy;0.04;NZDCAD;0.81597;;;2022.08.17 05:13:14;0.81959;-0.01;-0.10;11.28;
2022.08.16 10:00:24;Buy;0.01;AUDUSD;0.70058;;;2022.08.16 21:22:41;0.70293;;;2.35;
2022.08.16 07:00:14;Buy;0.01;AUDUSD;0.70234;;;2022.08.16 21:22:40;0.70293;;;0.59;
2022.08.15 13:00:27;Sell;0.01;USDCAD;1.29033;;;2022.08.16 20:52:50;1.28508;;-0.04;4.09;
2022.08.16 13:00:25;Buy;0.01;GBPUSD;1.20227;;;2022.08.16 15:57:54;1.20555;;;3.28;
2022.08.16 04:00:22;Buy;0.05;AUDUSD;0.70067;;;2022.08.16 06:00:23;0.70332;;;13.25;
2022.08.15 15:00:07;Buy;0.03;AUDUSD;0.70280;;;2022.08.16 06:00:23;0.70332;;-0.10;1.56;
2022.08.15 11:00:09;Buy;0.01;AUDUSD;0.70636;;;2022.08.16 06:00:23;0.70332;;-0.03;-3.04;
2022.08.15 12:00:12;Buy;0.02;AUDUSD;0.70447;;;2022.08.16 06:00:22;0.70332;;-0.07;-2.30;
2022.08.15 09:00:37;Buy;0.01;AUDUSD;0.70840;;;2022.08.16 06:00:09;0.70326;;-0.03;-5.14;
2022.08.12 21:00:29;Sell;0.01;AUDCAD;0.90973;;;2022.08.16 03:18:17;0.90561;;-0.06;3.18;
2022.08.15 15:00:34;Sell;0.01;GBPCAD;1.55982;;;2022.08.15 19:19:34;1.55657;;;2.52;
2022.08.12 14:00:26;Buy;0.01;GBPUSD;1.21275;;;2022.08.15 15:33:15;1.21007;;-0.06;-2.68;
2022.08.15 10:00:52;Buy;0.02;NZDCAD;0.82050;;;2022.08.15 15:31:39;0.82326;;;4.28;
2022.08.15 12:00:16;Buy;0.04;GBPUSD;1.20728;;;2022.08.15 15:31:37;1.21023;;;11.80;
2022.08.15 10:00:53;Buy;0.02;GBPUSD;1.21090;;;2022.08.15 15:31:11;1.21098;;;0.16;
2022.08.12 22:00:24;Sell;0.10;AUDCAD;0.91038;;;2022.08.15 12:17:42;0.90613;-0.01;-0.25;32.99;
2022.08.10 20:00:22;Sell;0.06;AUDCAD;0.90598;;;2022.08.15 12:17:41;0.90610;-0.01;-0.76;-0.56;
2022.08.08 11:00:21;Sell;0.04;AUDCAD;0.89841;;;2022.08.15 12:17:40;0.90610;-0.01;-0.71;-23.88;
2022.08.04 11:00:25;Sell;0.02;AUDCAD;0.89477;;;2022.08.15 12:17:39;0.90610;;-0.45;-17.59;
2022.08.12 13:00:21;Buy;0.01;GBPCAD;1.55010;;;2022.08.15 10:55:33;1.55387;;-0.08;2.93;
2022.08.10 18:00:46;Buy;0.01;USDCAD;1.27598;;;2022.08.15 10:10:43;1.28175;;-0.20;4.50;
2022.08.12 21:00:29;Sell;0.01;AUDUSD;0.71194;;;2022.08.15 08:10:31;0.70905;;-0.02;2.89;
2022.08.12 22:00:24;Sell;0.04;NZDCAD;0.82455;;;2022.08.15 07:14:51;0.82184;-0.01;-0.10;8.47;
2022.08.12 02:00:13;Sell;0.02;NZDCAD;0.82092;;;2022.08.15 07:14:50;0.82184;;-0.05;-1.44;
2022.08.12 14:00:25;Buy;0.01;AUDUSD;0.70921;;;2022.08.12 20:16:45;0.71195;;;2.74;
2022.08.12 11:00:19;Sell;0.01;AUDUSD;0.71255;;;2022.08.12 13:15:05;0.70976;;;2.79;
2022.08.12 04:00:06;Buy;0.01;AUDUSD;0.70951;;;2022.08.12 08:36:52;0.71228;;;2.77;
2022.08.11 16:00:21;Sell;0.02;AUDUSD;0.71227;;;2022.08.12 03:46:30;0.70914;;-0.03;6.26;
2022.08.10 18:00:20;Sell;0.01;AUDUSD;0.70970;;;2022.08.12 03:46:29;0.70913;;-0.07;0.57;
2022.08.10 16:00:26;Sell;0.01;AUDUSD;0.70530;;;2022.08.12 03:46:28;0.70913;;-0.07;-3.83;
2022.08.10 13:00:13;Sell;0.02;NZDCAD;0.81253;;;2022.08.11 22:00:33;0.82076;;-0.15;-12.89;
2022.08.11 16:00:20;Sell;0.06;NZDCAD;0.82287;;;2022.08.11 22:00:24;0.82078;-0.01;;9.83;
2022.08.10 17:01:04;Sell;0.04;NZDCAD;0.81892;;;2022.08.11 22:00:22;0.82073;-0.01;-0.30;-5.68;
2022.08.11 06:00:19;Buy;0.01;GBPUSD;1.21861;;;2022.08.11 09:51:30;1.22159;;;2.98;
2022.08.10 16:01:56;Sell;0.01;AUDCAD;0.90502;;;2022.08.11 05:02:21;0.90396;;-0.08;0.83;
2022.08.10 19:00:39;Sell;0.02;AUDCAD;0.90647;;;2022.08.11 05:02:12;0.90391;;-0.15;4.01;
2022.08.10 18:00:47;Sell;0.02;GBPUSD;1.22628;;;2022.08.10 21:25:59;1.22354;;;5.48;
2022.08.10 17:01:14;Sell;0.01;GBPUSD;1.22262;;;2022.08.10 21:25:58;1.22356;;;-0.94;
2022.08.09 20:00:03;Buy;0.01;AUDUSD;0.69640;;;2022.08.10 15:34:34;0.70428;;-0.04;7.88;
2022.08.08 08:00:09;Sell;0.01;AUDNZD;1.11071;;;2022.08.10 05:48:11;1.10600;;-0.02;2.96;
2022.08.08 20:00:09;Buy;0.02;NZDCAD;0.80752;;;2022.08.10 05:09:38;0.81083;;-0.10;5.14;
2022.08.08 16:00:42;Sell;0.02;AUDUSD;0.69907;;;2022.08.09 19:48:33;0.69634;;-0.03;5.46;
2022.08.08 11:00:23;Sell;0.01;AUDUSD;0.69679;;;2022.08.09 19:48:32;0.69634;;-0.02;0.45;
2022.08.08 08:00:04;Sell;0.01;AUDUSD;0.69347;;;2022.08.09 19:48:29;0.69633;;-0.02;-2.86;
2022.08.08 19:00:14;Buy;0.01;GBPCAD;1.55517;;;2022.08.09 17:01:40;1.55942;;-0.07;3.30;
2022.08.05 17:00:25;Sell;0.01;USDCAD;1.29409;;;2022.08.08 15:00:13;1.28850;;-0.04;4.34;
2022.08.05 17:00:27;Buy;0.02;NZDCAD;0.80688;;;2022.08.08 13:40:23;0.81007;;-0.05;4.94;
2022.08.08 11:00:23;Sell;0.01;GBPUSD;1.21127;;;2022.08.08 11:35:40;1.20823;;;3.04;
2022.08.04 15:00:20;Buy;0.01;AUDUSD;0.69662;;;2022.08.08 05:46:40;0.69307;;-0.08;-3.55;
2022.08.05 16:01:11;Buy;0.02;AUDUSD;0.68934;;;2022.08.08 05:46:37;0.69307;;-0.07;7.46;
2022.08.05 13:00:13;Buy;0.01;AUDUSD;0.69495;;;2022.08.08 05:46:37;0.69307;;-0.04;-1.88;
2022.08.05 16:01:08;Buy;0.01;GBPUSD;1.20364;;;2022.08.05 17:16:00;1.20584;;;2.20;
2022.08.04 22:00:11;Sell;0.01;GBPCAD;1.56401;;;2022.08.05 15:52:23;1.56081;;;2.47;
2022.08.05 10:00:24;Sell;0.01;AUDCAD;0.89693;;;2022.08.05 15:47:41;0.89262;;;3.33;
2022.08.04 06:00:14;Sell;0.02;NZDCAD;0.80787;;;2022.08.05 15:35:10;0.80933;;-0.05;-2.26;
2022.08.05 10:00:23;Sell;0.04;NZDCAD;0.81160;;;2022.08.05 15:32:25;0.80852;-0.01;;9.53;
2022.08.04 21:00:14;Sell;0.01;GBPUSD;1.21610;;;2022.08.05 12:34:12;1.21292;;-0.01;3.18;
2022.08.03 02:00:18;Sell;0.03;AUDNZD;1.10960;;;2022.08.05 11:45:21;1.10473;;-0.11;9.20;
2022.08.02 19:00:18;Sell;0.02;AUDNZD;1.10665;;;2022.08.05 11:45:20;1.10473;;-0.09;2.42;
2022.08.02 18:00:37;Sell;0.01;AUDNZD;1.10534;;;2022.08.05 11:45:18;1.10476;;-0.05;0.37;
2022.08.04 15:01:00;Buy;0.01;GBPCAD;1.55235;;;2022.08.04 16:05:21;1.55634;;;3.11;
2022.08.04 15:00:47;Buy;0.01;GBPUSD;1.20802;;;2022.08.04 15:49:55;1.21147;;;3.45;
2022.08.04 11:00:26;Sell;0.02;AUDUSD;0.69661;;;2022.08.04 14:54:48;0.69611;;;1.00;
2022.08.03 23:00:21;Sell;0.01;AUDUSD;0.69485;;;2022.08.04 14:54:47;0.69612;;-0.04;-1.27;
2022.08.03 07:00:09;Sell;0.01;AUDUSD;0.69319;;;2022.08.04 14:54:45;0.69612;;-0.04;-2.93;
2022.08.04 14:00:43;Sell;0.03;AUDUSD;0.69852;;;2022.08.04 14:54:22;0.69614;;;7.14;
2022.08.03 03:00:55;Sell;0.01;USDCAD;1.28858;;;2022.08.04 13:04:05;1.28267;;-0.12;4.61;
2022.08.03 05:00:07;Buy;0.02;AUDCAD;0.88940;;;2022.08.04 04:17:06;0.89312;;-0.29;5.79;
2022.08.03 16:00:25;Buy;0.02;NZDCAD;0.80348;;;2022.08.04 03:52:18;0.80667;;-0.16;4.97;
2022.08.02 09:00:23;Buy;0.01;AUDCAD;0.89535;;;2022.08.03 19:24:38;0.89250;;-0.05;-2.22;
2022.08.03 03:00:56;Buy;0.03;AUDCAD;0.88836;;;2022.08.03 19:24:04;0.89236;;;9.33;
2022.08.02 11:00:26;Buy;0.02;AUDCAD;0.89140;;;2022.08.03 19:24:03;0.89242;;-0.10;1.59;
2022.08.02 22:00:19;Buy;0.01;GBPUSD;1.21703;;;2022.08.03 10:27:53;1.22012;;-0.06;3.09;
2022.08.02 11:00:27;Buy;0.02;NZDCAD;0.80851;;;2022.08.03 10:11:16;0.80582;;-0.05;-4.18;
2022.08.03 02:00:21;Buy;0.04;NZDCAD;0.80213;;;2022.08.03 10:10:19;0.80581;;;11.44;
2022.08.03 03:00:11;Buy;0.01;AUDUSD;0.68916;;;2022.08.03 06:23:31;0.69296;;;3.80;
2022.08.02 21:00:43;Buy;0.01;AUDUSD;0.69361;;;2022.08.03 06:23:29;0.69296;;-0.04;-0.65;
2022.08.01 17:01:49;Sell;0.01;GBPCAD;1.57161;;;2022.08.02 20:01:55;1.56762;;;3.11;
2022.08.02 08:00:27;Buy;0.01;AUDUSD;0.69739;;;2022.08.02 18:35:24;0.69590;;;-1.49;
2022.08.01 17:01:23;Buy;0.01;AUDUSD;0.70266;;;2022.08.02 18:35:21;0.69590;;-0.04;-6.76;
2022.08.02 09:00:19;Buy;0.02;AUDUSD;0.69567;;;2022.08.02 18:34:38;0.69596;;;0.58;
2022.08.02 12:00:25;Buy;0.03;AUDUSD;0.69227;;;2022.08.02 18:34:36;0.69598;;;11.13;
2022.08.02 08:00:55;Buy;0.01;AUDNZD;1.10427;;;2022.08.02 17:55:42;1.10519;;;0.58;
2022.08.02 13:00:36;Buy;0.02;AUDNZD;1.10144;;;2022.08.02 17:54:52;1.10522;;;4.75;
2022.07.28 11:00:30;Buy;0.01;AUDNZD;1.11335;;;2022.08.02 17:49:36;1.10476;;-0.15;-5.39;
2022.07.28 15:00:11;Buy;0.02;AUDNZD;1.11174;;;2022.08.02 17:49:24;1.10463;;-0.30;-8.93;
2022.07.28 18:00:14;Buy;0.03;AUDNZD;1.11066;;;2022.08.02 17:48:51;1.10458;;-0.45;-11.46;
2022.08.01 08:00:11;Buy;0.05;AUDNZD;1.10945;;;2022.08.02 17:48:30;1.10466;-0.01;-0.25;-15.04;
2022.08.02 08:00:28;Buy;0.12;AUDNZD;1.10417;;;2022.08.02 17:47:53;1.10477;-0.02;;4.52;
2022.08.01 17:00:17;Buy;0.08;AUDNZD;1.10881;;;2022.08.02 17:47:52;1.10479;-0.01;-0.41;-20.20;
2022.08.02 14:00:13;Buy;0.27;AUDNZD;1.10120;;;2022.08.02 17:47:44;1.10473;-0.04;;59.88;
2022.08.02 11:00:15;Buy;0.18;AUDNZD;1.10260;;;2022.08.02 17:47:43;1.10477;-0.02;;24.54;
2022.07.29 22:00:17;Sell;0.02;NZDCAD;0.80630;;;2022.08.02 09:42:59;0.81003;;-0.10;-5.80;
2022.08.01 18:00:52;Sell;0.06;NZDCAD;0.81349;;;2022.08.02 09:42:52;0.81001;-0.01;-0.14;16.23;
2022.08.01 16:00:17;Sell;0.04;NZDCAD;0.80974;;;2022.08.02 09:42:51;0.81001;-0.01;-0.10;-0.84;
2022.08.01 18:00:24;Sell;0.08;GBPUSD;1.22797;;;2022.08.02 08:55:46;1.22408;-0.01;-0.10;31.12;
2022.08.01 12:00:24;Sell;0.04;GBPUSD;1.22309;;;2022.08.02 08:55:45;1.22408;;-0.05;-3.96;
2022.08.01 05:00:09;Sell;0.02;GBPUSD;1.21847;;;2022.08.02 08:55:44;1.22409;;-0.02;-11.24;
2022.07.29 18:02:49;Sell;0.01;GBPUSD;1.21685;;;2022.08.02 08:55:44;1.22404;;-0.02;-7.19;
2022.08.01 15:00:23;Sell;0.01;AUDCAD;0.89931;;;2022.08.02 07:34:00;0.89918;;-0.02;0.10;
2022.08.01 15:00:12;Sell;0.02;AUDCAD;0.89932;;;2022.08.02 07:33:11;0.89918;;-0.05;0.22;
2022.08.01 19:00:13;Sell;0.04;AUDCAD;0.90239;;;2022.08.02 07:33:04;0.89930;-0.01;-0.09;9.61;
2022.08.01 18:00:26;Sell;0.02;AUDCAD;0.90239;;;2022.08.02 07:33:03;0.89942;;-0.05;4.62;
2022.08.01 11:00:27;Buy;0.01;USDCAD;1.27840;;;2022.08.01 20:46:10;1.28408;;;4.42;
2022.08.01 04:00:34;Sell;0.01;AUDUSD;0.69819;;;2022.08.01 16:33:49;0.70099;;;-2.80;
2022.08.01 10:00:34;Sell;0.01;AUDUSD;0.69987;;;2022.08.01 16:33:31;0.70100;;;-1.13;
2022.08.01 13:00:24;Sell;0.03;AUDUSD;0.70331;;;2022.08.01 16:32:35;0.70113;;;6.54;
2022.08.01 11:00:26;Sell;0.02;AUDUSD;0.70160;;;2022.08.01 16:32:34;0.70114;;;0.92;
2022.07.29 22:00:10;Sell;0.01;AUDUSD;0.69944;;;2022.08.01 03:03:12;0.69704;;-0.01;2.40;
2022.07.29 18:02:46;Sell;0.01;AUDUSD;0.69763;;;2022.08.01 03:03:12;0.69704;;-0.01;0.59;
2022.07.29 16:01:37;Buy;0.02;NZDCAD;0.80248;;;2022.07.29 21:40:38;0.80601;;;5.50;
2022.07.29 12:00:16;Buy;0.01;AUDUSD;0.69969;;;2022.07.29 17:56:29;0.69620;;;-3.49;
2022.07.29 17:00:32;Buy;0.02;AUDUSD;0.69276;;;2022.07.29 17:55:33;0.69643;;;7.34;
2022.07.29 15:00:08;Buy;0.01;AUDUSD;0.69726;;;2022.07.29 17:55:31;0.69644;;;-0.82;
2022.07.29 12:00:22;Buy;0.01;GBPUSD;1.21663;;;2022.07.29 17:52:13;1.21345;;;-3.18;
2022.07.29 17:02:31;Buy;0.02;GBPUSD;1.20865;;;2022.07.29 17:49:57;1.21305;;;8.80;
2022.07.27 23:00:33;Sell;0.02;NZDCAD;0.80294;;;2022.07.29 15:33:34;0.80355;;-0.19;-0.95;
2022.07.28 18:00:26;Sell;0.04;NZDCAD;0.80642;;;2022.07.29 15:33:32;0.80357;-0.01;-0.09;8.87;
2022.07.29 11:00:21;Sell;0.02;AUDCAD;0.89863;;;2022.07.29 14:58:15;0.89538;;;5.06;
2022.07.29 11:00:20;Sell;0.01;AUDUSD;0.70236;;;2022.07.29 11:24:43;0.69997;;;2.39;
2022.07.29 07:00:08;Sell;0.01;AUDUSD;0.70071;;;2022.07.29 11:24:41;0.70001;;;0.70;
2022.07.29 10:00:40;Sell;0.01;GBPUSD;1.22370;;;2022.07.29 10:44:03;1.22077;;;2.93;
2022.07.28 15:00:28;Buy;0.01;AUDUSD;0.69692;;;2022.07.29 02:49:38;0.69987;;-0.04;2.95;
2022.07.28 11:00:31;Buy;0.01;USDCAD;1.28078;;;2022.07.28 17:32:41;1.28639;;;4.36;
2022.07.28 14:00:28;Buy;0.01;GBPUSD;1.21204;;;2022.07.28 16:20:28;1.21601;;;3.97;
2022.07.27 22:00:40;Sell;0.01;AUDUSD;0.69962;;;2022.07.28 14:21:56;0.69674;;-0.04;2.88;
2022.07.28 01:00:27;Sell;0.01;GBPCAD;1.55868;;;2022.07.28 12:53:27;1.55538;;;2.57;
2022.07.27 23:00:33;Sell;0.01;GBPUSD;1.21643;;;2022.07.28 12:53:26;1.21345;;-0.03;2.98;
2022.07.27 17:00:14;Sell;0.02;AUDNZD;1.11620;;;2022.07.28 11:30:23;1.11249;;-0.06;4.67;
2022.07.26 13:00:42;Sell;0.01;AUDNZD;1.11376;;;2022.07.28 11:30:21;1.11248;;-0.04;0.81;
2022.07.27 15:00:13;Sell;0.03;AUDNZD;1.11552;;;2022.07.28 10:42:21;1.11360;;-0.09;3.61;
2022.07.27 14:00:14;Sell;0.02;AUDNZD;1.11396;;;2022.07.28 10:42:20;1.11356;;-0.06;0.51;
2022.07.26 12:00:09;Sell;0.01;AUDNZD;1.11275;;;2022.07.28 10:42:18;1.11352;;-0.04;-0.48;
2022.07.27 20:00:09;Sell;0.05;AUDNZD;1.11680;;;2022.07.28 10:42:06;1.11356;-0.01;-0.15;10.18;
2022.07.26 12:00:10;Buy;0.02;NZDCAD;0.80233;;;2022.07.27 21:41:49;0.80193;;-0.05;-0.63;
2022.07.27 19:00:16;Buy;0.04;NZDCAD;0.79852;;;2022.07.27 21:40:56;0.80142;;;9.02;
2022.07.27 05:00:22;Buy;0.01;AUDUSD;0.69284;;;2022.07.27 21:39:56;0.69545;;;2.61;
2022.07.25 13:01:04;Sell;0.01;AUDCAD;0.89491;;;2022.07.27 04:52:24;0.89084;;-0.04;3.16;
2022.07.26 18:00:15;Sell;0.01;AUDUSD;0.69581;;;2022.07.27 04:39:12;0.69292;;-0.01;2.89;
2022.07.25 14:00:15;Sell;0.02;AUDCAD;0.89508;;;2022.07.27 04:39:12;0.89186;;-0.10;5.01;
2022.07.26 15:00:09;Buy;0.01;AUDUSD;0.69331;;;2022.07.26 17:46:03;0.69549;;;2.18;
2022.07.26 13:00:37;Buy;0.01;AUDUSD;0.69459;;;2022.07.26 17:46:01;0.69555;;;0.96;
2022.07.26 14:00:25;Buy;0.01;GBPUSD;1.19959;;;2022.07.26 17:32:14;1.20300;;;3.41;
2022.07.26 06:00:06;Buy;0.01;USDCAD;1.28289;;;2022.07.26 15:19:27;1.28871;;;4.52;
2022.07.26 05:00:10;Sell;0.03;AUDUSD;0.69762;;;2022.07.26 12:17:52;0.69500;;;7.86;
2022.07.25 13:00:10;Sell;0.02;AUDUSD;0.69529;;;2022.07.26 12:17:52;0.69500;;-0.03;0.58;
2022.07.25 12:00:22;Sell;0.01;AUDUSD;0.69369;;;2022.07.26 12:17:52;0.69500;;-0.01;-1.31;
2022.07.25 06:00:12;Sell;0.01;AUDUSD;0.69104;;;2022.07.26 12:17:51;0.69500;;-0.01;-3.96;
2022.07.22 20:00:39;Sell;0.01;GBPCAD;1.54810;;;2022.07.26 11:04:34;1.54454;;0.02;2.78;
2022.07.22 21:00:31;Buy;0.02;AUDNZD;1.10738;;;2022.07.26 10:46:32;1.11306;;-0.20;7.11;
2022.07.21 18:00:10;Buy;0.01;AUDNZD;1.10848;;;2022.07.26 10:46:31;1.11308;;-0.15;2.88;
2022.07.26 05:00:10;Sell;0.02;GBPUSD;1.20792;;;2022.07.26 08:58:36;1.20535;;;5.14;
2022.07.25 13:01:04;Sell;0.01;GBPUSD;1.20487;;;2022.07.26 08:58:33;1.20534;;-0.01;-0.47;
2022.07.22 18:02:00;Sell;0.04;NZDCAD;0.80588;;;2022.07.26 08:38:19;0.80351;-0.01;-0.18;7.39;
2022.07.21 16:00:28;Sell;0.02;NZDCAD;0.80257;;;2022.07.26 08:38:18;0.80351;;-0.13;-1.47;
2022.07.25 03:00:19;Sell;0.01;USDCAD;1.29270;;;2022.07.25 12:45:56;1.28712;;;4.34;
2022.07.25 04:00:28;Buy;0.02;AUDUSD;0.68856;;;2022.07.25 05:24:30;0.69107;;;5.02;
2022.07.22 22:00:04;Buy;0.01;AUDUSD;0.69131;;;2022.07.25 05:24:30;0.69107;;-0.04;-0.24;
2022.07.22 21:00:30;Buy;0.01;AUDUSD;0.69298;;;2022.07.25 05:24:29;0.69107;;-0.04;-1.91;
2022.07.22 17:00:29;Sell;0.01;AUDUSD;0.69648;;;2022.07.22 20:34:38;0.69299;;;3.49;
2022.07.22 14:00:14;Sell;0.01;AUDUSD;0.69269;;;2022.07.22 20:34:38;0.69300;;;-0.31;
2022.07.22 18:01:54;Buy;0.03;USDCAD;1.28348;;;2022.07.22 19:11:04;1.28708;;;8.39;
2022.07.19 22:00:16;Buy;0.01;USDCAD;1.28831;;;2022.07.22 19:11:03;1.28705;;-0.20;-0.98;
2022.07.22 11:00:19;Buy;0.01;GBPCAD;1.53688;;;2022.07.22 16:48:03;1.54154;;;3.63;
2022.07.22 08:00:14;Buy;0.01;AUDUSD;0.68994;;;2022.07.22 13:50:25;0.69285;;;2.91;
2022.07.22 01:00:11;Sell;0.01;AUDUSD;0.69312;;;2022.07.22 07:57:36;0.69012;;;3.00;
2022.07.21 17:00:28;Buy;0.01;AUDUSD;0.68952;;;2022.07.21 23:23:11;0.69260;;;3.08;
2022.07.21 15:00:13;Sell;0.08;AUDNZD;1.10999;;;2022.07.21 17:50:19;1.10758;-0.01;;11.99;
2022.07.20 09:00:09;Sell;0.01;AUDNZD;1.10493;;;2022.07.21 17:50:17;1.10758;;-0.03;-1.65;
2022.07.21 13:00:10;Sell;0.05;AUDNZD;1.10909;;;2022.07.21 17:50:00;1.10732;-0.01;;5.51;
2022.07.21 08:00:24;Sell;0.03;AUDNZD;1.10787;;;2022.07.21 17:49:59;1.10731;;;1.05;
2022.07.20 12:00:29;Sell;0.02;AUDNZD;1.10632;;;2022.07.21 17:49:58;1.10731;;-0.06;-1.23;
2022.07.21 16:00:17;Sell;0.01;AUDUSD;0.69020;;;2022.07.21 16:27:17;0.68700;;;3.20;
2022.07.21 16:00:30;Sell;0.01;GBPUSD;1.19854;;;2022.07.21 16:15:09;1.19323;;;5.31;
2022.07.21 12:00:50;Buy;0.04;NZDCAD;0.79993;;;2022.07.21 15:51:13;0.80257;;;8.19;
2022.07.20 12:00:13;Buy;0.02;NZDCAD;0.80331;;;2022.07.21 15:51:12;0.80257;;-0.16;-1.15;
2022.07.21 11:00:09;Buy;0.01;AUDUSD;0.68755;;;2022.07.21 15:45:21;0.69009;;;2.54;
2022.07.21 15:00:37;Buy;0.01;GBPUSD;1.19255;;;2022.07.21 15:28:15;1.19372;;;1.17;
2022.07.21 08:00:06;Sell;0.01;AUDUSD;0.69132;;;2022.07.21 10:17:28;0.68835;;;2.97;
2022.07.20 21:00:11;Buy;0.01;AUDUSD;0.68753;;;2022.07.21 07:32:49;0.69061;;-0.11;3.08;
2022.07.20 21:00:43;Buy;0.01;GBPUSD;1.19608;;;2022.07.21 06:06:34;1.19903;;-0.17;2.95;
2022.07.20 18:00:24;Sell;0.01;AUDUSD;0.69029;;;2022.07.20 20:57:52;0.68758;;;2.71;
2022.07.19 06:00:10;Sell;0.01;AUDUSD;0.68252;;;2022.07.20 17:04:23;0.68881;;-0.01;-6.29;
2022.07.19 11:00:50;Sell;0.02;AUDUSD;0.68780;;;2022.07.20 17:04:15;0.68873;;-0.03;-1.86;
2022.07.19 09:00:12;Sell;0.01;AUDUSD;0.68477;;;2022.07.20 17:04:13;0.68873;;-0.01;-3.96;
2022.07.20 06:00:21;Sell;0.05;AUDUSD;0.69106;;;2022.07.20 17:04:01;0.68870;;;11.80;
2022.07.19 13:00:24;Sell;0.03;AUDUSD;0.68956;;;2022.07.20 17:04:00;0.68869;;-0.04;2.61;
2022.07.19 12:00:30;Sell;0.01;GBPUSD;1.20125;;;2022.07.20 13:38:14;1.19813;;-0.01;3.12;
2022.07.19 09:00:13;Sell;0.02;AUDNZD;1.10961;;;2022.07.20 08:01:11;1.10378;;-0.02;7.31;
2022.06.16 23:00:16;Sell;0.01;AUDNZD;1.10819;;;2022.07.20 08:01:11;1.10379;;-0.29;2.76;
2022.07.19 19:00:18;Buy;0.02;NZDCAD;0.80261;;;2022.07.20 07:06:41;0.80604;;-0.05;5.34;
2022.07.19 09:00:22;Sell;0.01;AUDNZD;1.10958;;;2022.07.20 05:48:28;1.10472;;-0.01;3.03;
2022.07.18 03:00:20;Sell;0.04;AUDCAD;0.88587;;;2022.07.19 21:52:07;0.88858;-0.01;-0.09;-8.41;
2022.07.14 19:00:06;Sell;0.02;AUDCAD;0.88308;;;2022.07.19 21:52:07;0.88858;;-0.12;-8.54;
2022.07.19 13:00:24;Sell;0.06;AUDCAD;0.89252;;;2022.07.19 21:51:43;0.88866;-0.01;;17.97;
2022.07.14 22:00:36;Sell;0.01;AUDCAD;0.88534;;;2022.07.19 21:31:44;0.88909;;-0.06;-2.91;
2022.07.19 12:00:28;Sell;0.05;AUDCAD;0.89235;;;2022.07.19 21:31:33;0.88912;-0.01;;12.53;
2022.07.19 11:00:40;Sell;0.03;AUDCAD;0.89048;;;2022.07.19 21:31:32;0.88914;;;3.12;
2022.07.19 09:00:20;Sell;0.02;AUDCAD;0.88711;;;2022.07.19 21:31:30;0.88912;;;-3.12;
2022.07.19 12:00:28;Sell;0.02;NZDCAD;0.80643;;;2022.07.19 17:45:23;0.80379;;;4.09;
2022.07.19 05:00:36;Buy;0.01;GBPUSD;1.19309;;;2022.07.19 08:28:03;1.19600;;;2.91;
2022.07.18 18:01:10;Buy;0.02;NZDCAD;0.79761;;;2022.07.19 07:47:27;0.80091;;-0.05;5.09;
2022.07.19 04:00:16;Buy;0.01;AUDUSD;0.68066;;;2022.07.19 05:34:39;0.68279;;;2.13;
2022.07.18 21:00:29;Buy;0.01;AUDUSD;0.68198;;;2022.07.19 05:34:37;0.68280;;-0.03;0.82;
2022.07.18 18:01:23;Buy;0.01;USDCAD;1.29053;;;2022.07.18 20:57:21;1.29614;;;4.33;
2022.07.18 18:00:29;Sell;0.08;AUDUSD;0.68465;;;2022.07.18 20:49:26;0.68225;-0.01;;19.20;
2022.07.18 11:00:15;Sell;0.05;AUDUSD;0.68312;;;2022.07.18 20:49:25;0.68226;;;4.30;
2022.07.18 03:00:20;Sell;0.03;AUDUSD;0.68099;;;2022.07.18 20:49:24;0.68226;;;-3.81;
2022.07.15 18:00:24;Sell;0.02;AUDUSD;0.67920;;;2022.07.18 20:49:23;0.68226;;-0.03;-6.12;
2022.07.15 16:00:20;Sell;0.01;AUDUSD;0.67799;;;2022.07.18 20:49:23;0.68226;;-0.01;-4.27;
2022.07.15 14:00:24;Sell;0.01;AUDUSD;0.67571;;;2022.07.18 20:49:23;0.68226;;-0.01;-6.55;
2022.07.18 18:01:12;Sell;0.08;GBPUSD;1.20230;;;2022.07.18 19:01:25;1.19892;-0.01;;27.04;
2022.07.18 13:00:25;Sell;0.04;GBPUSD;1.19765;;;2022.07.18 19:01:24;1.19892;;;-5.08;
2022.07.18 11:00:37;Sell;0.02;GBPUSD;1.19493;;;2022.07.18 19:01:23;1.19892;;;-7.98;
2022.07.18 03:00:21;Sell;0.01;GBPUSD;1.18870;;;2022.07.18 19:01:21;1.19892;;;-10.22;
2022.07.18 11:00:36;Sell;0.02;NZDCAD;0.80173;;;2022.07.18 17:40:07;0.79879;;;4.55;
2022.07.15 13:00:59;Buy;0.01;USDCAD;1.30948;;;2022.07.18 14:57:43;1.29865;;-0.04;-8.34;
2022.07.18 07:00:11;Buy;0.21;USDCAD;1.29946;;;2022.07.18 14:57:38;1.29864;-0.02;;-13.26;
2022.07.15 18:00:25;Buy;0.08;USDCAD;1.30240;;;2022.07.18 14:57:38;1.29865;-0.01;-0.34;-23.10;
2022.07.15 16:01:14;Buy;0.03;USDCAD;1.30412;;;2022.07.18 14:57:37;1.29865;;-0.13;-12.64;
2022.07.18 13:00:25;Buy;0.55;USDCAD;1.29683;;;2022.07.18 14:57:19;1.29864;-0.06;;76.66;
2022.07.14 21:00:23;Sell;0.04;NZDCAD;0.80266;;;2022.07.18 09:02:52;0.80004;;-0.16;8.06;
2022.07.14 13:00:41;Sell;0.02;NZDCAD;0.79910;;;2022.07.18 09:02:50;0.80003;;-0.08;-1.43;
2022.07.15 09:00:25;Buy;0.01;AUDUSD;0.67310;;;2022.07.15 13:47:32;0.67579;;;2.69;
2022.07.15 05:00:30;Sell;0.01;GBPUSD;1.18429;;;2022.07.15 09:02:53;1.18193;;;2.36;
2022.07.14 22:00:35;Sell;0.01;AUDUSD;0.67574;;;2022.07.15 08:03:27;0.67340;;-0.01;2.34;
2022.07.14 19:00:50;Sell;0.01;AUDUSD;0.67390;;;2022.07.15 08:03:26;0.67340;;-0.01;0.50;
2022.07.14 14:00:15;Buy;0.01;AUDUSD;0.67149;;;2022.07.14 18:18:28;0.67219;;;0.70;
2022.07.14 17:00:22;Buy;0.02;AUDUSD;0.66974;;;2022.07.14 18:18:27;0.67219;;;4.90;
2022.07.14 12:00:24;Buy;0.01;AUDUSD;0.67415;;;2022.07.14 18:18:27;0.67220;;;-1.95;
2022.07.14 18:00:30;Buy;0.02;GBPUSD;1.17915;;;2022.07.14 18:09:59;1.18122;;;4.14;
2022.07.14 16:00:42;Buy;0.01;GBPUSD;1.18152;;;2022.07.14 18:09:57;1.18120;;;-0.32;
2022.07.14 12:00:20;Sell;0.01;USDCAD;1.30592;;;2022.07.14 18:07:24;1.31421;;;-6.31;
2022.07.14 14:00:40;Sell;0.03;USDCAD;1.31277;;;2022.07.14 18:07:21;1.31436;;;-3.63;
2022.07.14 16:00:52;Sell;0.08;USDCAD;1.31681;;;2022.07.14 18:05:43;1.31395;;;17.41;
2022.07.14 06:00:16;Sell;0.01;AUDUSD;0.67733;;;2022.07.14 11:42:17;0.67442;;;2.91;
2022.07.14 02:00:41;Buy;0.01;GBPUSD;1.18816;;;2022.07.14 06:03:33;1.18786;;;-0.30;
2022.07.14 05:00:12;Buy;0.02;GBPUSD;1.18579;;;2022.07.14 06:03:15;1.18804;;;4.50;
2022.07.14 03:00:37;Buy;0.01;AUDUSD;0.67321;;;2022.07.14 05:36:37;0.67682;;;3.61;
2022.07.13 23:00:06;Buy;0.01;AUDUSD;0.67617;;;2022.07.14 05:36:36;0.67689;;-0.10;0.72;
2022.07.13 18:00:30;Sell;0.02;NZDCAD;0.79772;;;2022.07.14 02:08:34;0.79500;;-0.12;4.18;
2022.07.13 18:00:22;Sell;0.01;AUDUSD;0.67880;;;2022.07.13 22:34:11;0.67605;;;2.75;
2022.07.13 18:00:31;Sell;0.01;GBPUSD;1.19452;;;2022.07.13 18:31:33;1.19244;;;2.08;
2022.07.07 18:00:35;Buy;0.02;NZDCAD;0.80186;;;2022.07.13 17:49:51;0.79646;;-0.20;-8.33;
2022.07.13 17:01:03;Buy;0.06;NZDCAD;0.79275;;;2022.07.13 17:48:17;0.79665;-0.01;;18.05;
2022.07.11 15:00:27;Buy;0.04;NZDCAD;0.79793;;;2022.07.13 17:48:16;0.79669;;-0.18;-3.82;
2022.07.13 16:00:29;Buy;0.01;AUDUSD;0.67458;;;2022.07.13 17:45:04;0.67740;;;2.82;
2022.07.13 12:00:29;Sell;0.01;AUDUSD;0.67775;;;2022.07.13 15:33:48;0.67411;;;3.64;
2022.07.12 18:00:26;Sell;0.01;AUDUSD;0.67644;;;2022.07.13 15:33:30;0.67421;;-0.01;2.23;
2022.07.13 15:00:17;Sell;0.02;AUDUSD;0.67922;;;2022.07.13 15:32:05;0.67547;;;7.50;
2022.07.12 19:00:16;Sell;0.01;GBPUSD;1.19037;;;2022.07.13 02:17:35;1.18773;;-0.01;2.64;
2022.07.11 18:00:32;Buy;0.02;GBPCAD;1.54481;;;2022.07.12 19:26:39;1.54892;;-0.14;6.32;
2022.07.11 17:00:58;Buy;0.01;GBPCAD;1.54980;;;2022.07.12 19:26:38;1.54888;;-0.07;-0.71;
2022.07.11 09:00:11;Buy;0.02;AUDCAD;0.88465;;;2022.07.12 16:44:13;0.87945;;-0.09;-7.99;
2022.07.11 18:00:24;Buy;0.06;AUDCAD;0.87573;;;2022.07.12 16:43:48;0.87968;-0.01;-0.26;18.20;
2022.07.11 15:00:24;Buy;0.04;AUDCAD;0.88127;;;2022.07.12 16:43:46;0.87971;-0.01;-0.17;-4.80;
2022.07.08 20:00:07;Buy;0.01;AUDUSD;0.68370;;;2022.07.12 16:34:56;0.67532;;-0.06;-8.38;
2022.07.11 08:00:06;Buy;0.01;AUDUSD;0.68228;;;2022.07.12 16:34:21;0.67514;;-0.03;-7.14;
2022.07.11 11:00:14;Buy;0.02;AUDUSD;0.68034;;;2022.07.12 16:33:34;0.67522;;-0.07;-10.24;
2022.07.11 13:00:29;Buy;0.03;AUDUSD;0.67876;;;2022.07.12 16:33:31;0.67527;;-0.10;-10.47;
2022.07.11 15:00:25;Buy;0.05;AUDUSD;0.67712;;;2022.07.12 16:33:09;0.67547;;-0.17;-8.25;
2022.07.12 08:00:29;Buy;0.13;AUDUSD;0.67241;;;2022.07.12 16:32:38;0.67554;;;40.69;
2022.07.11 16:00:22;Buy;0.08;AUDUSD;0.67422;;;2022.07.12 16:32:35;0.67551;;-0.26;10.32;
2022.07.11 14:00:16;Buy;0.01;AUDCAD;0.88210;;;2022.07.12 16:05:51;0.87932;;-0.04;-2.13;
2022.07.11 18:00:31;Buy;0.03;AUDCAD;0.87572;;;2022.07.12 16:05:36;0.87938;;-0.13;8.43;
2022.07.11 16:00:23;Buy;0.02;AUDCAD;0.87817;;;2022.07.12 16:05:34;0.87936;;-0.09;1.83;
2022.07.11 17:01:06;Buy;0.02;GBPUSD;1.18955;;;2022.07.12 14:22:53;1.18714;;-0.10;-4.82;
2022.07.11 13:00:17;Buy;0.01;GBPUSD;1.19451;;;2022.07.12 14:22:40;1.18694;;-0.05;-7.57;
2022.07.12 11:00:47;Buy;0.08;GBPUSD;1.18381;;;2022.07.12 14:22:16;1.18690;;;24.72;
2022.07.12 08:00:29;Buy;0.04;GBPUSD;1.18651;;;2022.07.12 14:22:15;1.18690;;;1.56;
2022.07.08 18:00:51;Sell;0.01;GBPUSD;1.20237;;;2022.07.11 04:17:20;1.19969;;-0.01;2.68;
2022.07.08 18:00:50;Sell;0.01;AUDUSD;0.68654;;;2022.07.08 19:42:17;0.68350;;;3.04;
2022.07.08 17:00:27;Sell;0.01;AUDUSD;0.68285;;;2022.07.08 19:42:17;0.68350;;;-0.65;
2022.07.08 16:00:07;Buy;0.01;AUDUSD;0.68117;;;2022.07.08 16:23:46;0.68348;;;2.31;
2022.07.08 08:00:14;Buy;0.01;AUDUSD;0.68236;;;2022.07.08 16:23:43;0.68350;;;1.14;
2022.07.07 13:00:16;Sell;0.01;AUDCAD;0.88941;;;2022.07.08 15:47:27;0.88559;;-0.03;2.93;
2022.07.05 22:00:23;Sell;0.02;AUDCAD;0.88565;;;2022.07.08 15:32:44;0.88695;;-0.25;-1.99;
2022.07.07 13:00:08;Sell;0.04;AUDCAD;0.88942;;;2022.07.08 15:32:33;0.88697;-0.01;-0.10;7.52;
2022.07.08 01:00:13;Buy;0.01;USDCAD;1.29717;;;2022.07.08 15:30:38;1.30279;;;4.31;
2022.07.08 11:00:14;Buy;0.01;GBPUSD;1.19426;;;2022.07.08 13:10:16;1.19717;;;2.91;
2022.07.07 20:00:08;Sell;0.01;GBPCAD;1.55903;;;2022.07.08 10:37:20;1.55553;;;2.69;
2022.07.08 04:00:40;Sell;0.02;GBPUSD;1.20501;;;2022.07.08 07:32:56;1.20079;;;8.44;
2022.07.07 21:00:24;Sell;0.01;GBPUSD;1.20123;;;2022.07.08 07:32:55;1.20079;;-0.02;0.44;
2022.07.07 06:00:28;Sell;0.01;AUDUSD;0.68124;;;2022.07.08 05:46:05;0.68363;;-0.02;-2.39;
2022.07.07 13:00:07;Sell;0.01;AUDUSD;0.68397;;;2022.07.08 05:45:52;0.68352;;-0.02;0.45;
2022.07.08 04:00:39;Sell;0.02;AUDUSD;0.68583;;;2022.07.08 05:45:47;0.68342;;;4.82;
2022.07.06 19:00:28;Buy;0.02;NZDCAD;0.80143;;;2022.07.07 05:39:21;0.80472;;-0.14;5.05;
2022.07.06 18:00:27;Buy;0.01;AUDUSD;0.67726;;;2022.07.07 05:16:42;0.68008;;-0.09;2.82;
2022.07.06 05:00:12;Sell;0.01;AUDCAD;0.88730;;;2022.07.07 03:07:06;0.88309;;-0.07;3.23;
2022.07.06 04:00:09;Sell;0.01;AUDUSD;0.68057;;;2022.07.06 17:17:50;0.67788;;;2.69;
2022.07.05 18:01:31;Sell;0.02;NZDCAD;0.80068;;;2022.07.06 17:15:50;0.80133;;-0.05;-1.00;
2022.07.05 22:00:15;Sell;0.04;NZDCAD;0.80423;;;2022.07.06 17:15:12;0.80141;;-0.10;8.65;
2022.07.06 16:00:24;Buy;0.01;GBPCAD;1.55010;;;2022.07.06 16:44:16;1.55377;;;2.82;
2022.07.05 17:00:30;Sell;0.03;USDCAD;1.30209;;;2022.07.05 23:33:50;1.30262;;;-1.22;
2022.07.05 16:00:24;Sell;0.01;USDCAD;1.29983;;;2022.07.05 23:33:50;1.30261;;;-2.13;
2022.07.05 18:01:30;Sell;0.08;USDCAD;1.30468;;;2022.07.05 23:33:44;1.30260;;;12.77;
2022.07.05 17:00:29;Buy;0.03;AUDUSD;0.67701;;;2022.07.05 23:32:48;0.68018;;;9.51;
2022.07.05 12:00:29;Buy;0.02;AUDUSD;0.67955;;;2022.07.05 23:32:48;0.68018;;;1.26;
2022.07.05 11:00:21;Buy;0.01;AUDUSD;0.68159;;;2022.07.05 23:32:47;0.68018;;;-1.41;
2022.07.05 08:00:20;Buy;0.01;AUDUSD;0.68628;;;2022.07.05 23:32:47;0.68018;;;-6.10;
2022.07.05 12:00:34;Buy;0.02;GBPUSD;1.20470;;;2022.07.05 22:51:00;1.19585;;;-17.70;
2022.07.05 18:01:30;Buy;0.16;GBPUSD;1.19112;;;2022.07.05 22:50:49;1.19567;;;72.80;
2022.07.05 16:00:26;Buy;0.08;GBPUSD;1.19651;;;2022.07.05 22:50:48;1.19566;;;-6.80;
2022.07.05 15:00:22;Buy;0.04;GBPUSD;1.19990;;;2022.07.05 22:50:47;1.19566;;;-16.96;
2022.07.05 11:00:22;Buy;0.01;GBPUSD;1.20807;;;2022.07.05 22:50:39;1.19575;;;-12.32;
2022.07.04 17:00:23;Buy;0.02;NZDCAD;0.80070;;;2022.07.05 16:46:08;0.79919;;-0.04;-2.32;
2022.07.05 13:00:35;Buy;0.04;NZDCAD;0.79599;;;2022.07.05 16:45:43;0.79918;;;9.81;
2022.07.05 12:00:28;Buy;0.02;AUDCAD;0.87830;;;2022.07.05 15:58:47;0.88166;;;5.17;
2022.07.04 11:01:10;Buy;0.01;USDCAD;1.28658;;;2022.07.05 12:00:33;1.29213;;-0.04;4.30;
2022.07.04 13:00:17;Sell;0.01;AUDCAD;0.88359;;;2022.07.05 10:10:53;0.87958;;-0.02;3.12;
2022.07.05 04:00:17;Sell;0.02;AUDCAD;0.88454;;;2022.07.05 09:13:44;0.88140;;;4.88;
2022.07.05 04:00:08;Sell;0.01;AUDUSD;0.68847;;;2022.07.05 07:31:03;0.68667;;;1.80;
2022.07.04 18:00:12;Buy;0.01;AUDUSD;0.68552;;;2022.07.05 03:46:51;0.68884;;-0.03;3.32;
2022.07.04 15:00:19;Sell;0.01;GBPCAD;1.56154;;;2022.07.04 19:39:09;1.55825;;;2.55;
2022.07.01 21:00:18;Sell;0.01;GBPUSD;1.20638;;;2022.07.04 17:18:00;1.21261;;-0.02;-6.23;
2022.07.04 15:00:19;Sell;0.08;GBPUSD;1.21554;;;2022.07.04 17:17:40;1.21267;-0.01;;22.96;
2022.07.04 11:00:32;Sell;0.04;GBPUSD;1.21184;;;2022.07.04 17:17:38;1.21267;;;-3.32;
2022.07.01 22:00:20;Sell;0.02;GBPUSD;1.20959;;;2022.07.04 17:17:38;1.21268;;-0.03;-6.18;
2022.07.04 09:00:22;Sell;0.01;AUDUSD;0.68312;;;2022.07.04 17:14:11;0.68533;;;-2.21;
2022.07.04 13:00:17;Sell;0.03;AUDUSD;0.68780;;;2022.07.04 17:14:10;0.68533;;;7.41;
2022.07.04 11:00:29;Sell;0.02;AUDUSD;0.68605;;;2022.07.04 17:14:10;0.68533;;;1.44;
2022.07.01 22:00:18;Sell;0.01;AUDUSD;0.68165;;;2022.07.04 17:14:01;0.68524;;-0.01;-3.59;
2022.06.21 14:00:12;Buy;0.02;AUDCAD;0.90044;;;2022.07.04 10:06:54;0.88087;;-1.00;-30.42;
2022.07.01 18:00:29;Buy;0.24;AUDCAD;0.87519;;;2022.07.04 10:06:50;0.88086;-0.03;-1.03;105.75;
2022.07.01 07:00:36;Buy;0.16;AUDCAD;0.88215;;;2022.07.04 10:06:49;0.88086;-0.02;-0.69;-16.04;
2022.06.29 01:00:24;Buy;0.10;AUDCAD;0.88960;;;2022.07.04 10:06:48;0.88086;-0.01;-2.13;-67.92;
2022.06.23 06:00:18;Buy;0.06;AUDCAD;0.89365;;;2022.07.04 10:06:47;0.88086;-0.01;-2.03;-59.64;
2022.06.22 09:00:25;Buy;0.04;AUDCAD;0.89746;;;2022.07.04 10:06:46;0.88086;-0.01;-1.52;-51.60;
2022.07.01 13:00:39;Buy;0.16;NZDCAD;0.79776;;;2022.07.04 10:01:24;0.80261;-0.02;-0.33;60.29;
2022.06.29 12:00:43;Buy;0.10;NZDCAD;0.80128;;;2022.07.04 10:01:24;0.80261;-0.01;-1.04;10.33;
2022.06.28 16:00:08;Buy;0.06;NZDCAD;0.80527;;;2022.07.04 10:01:22;0.80262;-0.01;-0.75;-12.35;
2022.06.28 09:00:32;Buy;0.04;NZDCAD;0.80886;;;2022.07.04 10:01:21;0.80263;-0.01;-0.49;-19.37;
2022.06.27 06:00:39;Buy;0.02;NZDCAD;0.81222;;;2022.07.04 10:01:17;0.80264;;-0.28;-14.88;
2022.07.01 07:00:10;Buy;0.01;AUDUSD;0.68321;;;2022.07.01 21:15:22;0.68132;;;-1.89;
2022.07.01 05:00:21;Buy;0.01;AUDUSD;0.68825;;;2022.07.01 21:15:20;0.68132;;;-6.93;
2022.07.01 15:00:19;Buy;0.03;AUDUSD;0.67824;;;2022.07.01 21:15:10;0.68127;;;9.09;
2022.07.01 11:00:10;Buy;0.02;AUDUSD;0.68013;;;2022.07.01 21:15:08;0.68126;;;2.26;
2022.07.01 11:00:20;Buy;0.02;AUDCAD;0.87916;;;2022.07.01 21:13:03;0.87866;;;-0.77;
2022.07.01 08:00:20;Buy;0.01;AUDCAD;0.88190;;;2022.07.01 21:13:01;0.87866;;;-2.51;
2022.07.01 18:00:35;Buy;0.05;AUDCAD;0.87512;;;2022.07.01 21:12:56;0.87866;-0.01;;13.72;
2022.07.01 15:00:38;Buy;0.03;AUDCAD;0.87724;;;2022.07.01 21:12:56;0.87864;;;3.25;
2022.07.01 15:00:37;Buy;0.01;GBPCAD;1.55705;;;2022.07.01 18:42:52;1.55558;;;-1.14;
2022.07.01 18:00:39;Buy;0.02;GBPCAD;1.55143;;;2022.07.01 18:42:17;1.55537;;;6.11;
2022.07.01 15:00:38;Buy;0.02;GBPUSD;1.20381;;;2022.07.01 18:31:06;1.20359;;;-0.44;
2022.07.01 13:00:13;Buy;0.01;GBPUSD;1.20683;;;2022.07.01 18:31:06;1.20362;;;-3.21;
2022.07.01 16:01:05;Buy;0.04;GBPUSD;1.20089;;;2022.07.01 18:30:42;1.20353;;;10.56;
2022.06.30 12:00:12;Sell;0.01;USDCAD;1.29116;;;2022.07.01 17:58:21;1.29187;;-0.04;-0.55;
2022.07.01 16:00:51;Sell;0.03;USDCAD;1.29461;;;2022.07.01 17:56:24;1.29155;;;7.11;
2022.06.30 20:00:18;Sell;0.01;AUDUSD;0.69107;;;2022.07.01 04:09:52;0.68844;;-0.01;2.63;
2022.06.30 06:00:20;Sell;0.01;AUDUSD;0.68914;;;2022.07.01 04:09:51;0.68844;;-0.01;0.70;
2022.06.29 15:00:30;Buy;0.09;GBPCAD;1.56223;;;2022.06.30 09:06:37;1.56693;-0.02;-1.73;32.80;
2022.06.29 13:00:46;Buy;0.04;GBPCAD;1.56718;;;2022.06.30 09:06:37;1.56692;-0.01;-0.77;-0.80;
2022.06.28 14:00:46;Buy;0.02;GBPCAD;1.57173;;;2022.06.30 09:06:35;1.56691;;-0.51;-7.48;
2022.06.28 08:00:18;Buy;0.01;GBPCAD;1.57819;;;2022.06.30 09:06:34;1.56694;;-0.25;-8.73;
2022.06.29 17:00:13;Buy;0.01;AUDUSD;0.68704;;;2022.06.30 05:28:52;0.69004;;-0.10;3.00;
2022.06.29 12:00:44;Buy;0.02;AUDCAD;0.88576;;;2022.06.30 05:28:50;0.88859;;-0.25;4.40;
2022.06.29 09:00:29;Buy;0.01;AUDCAD;0.88808;;;2022.06.30 05:28:49;0.88859;;-0.13;0.39;
2022.06.29 15:00:22;Sell;0.01;AUDUSD;0.68947;;;2022.06.29 16:46:03;0.68674;;;2.73;
2022.06.29 13:00:22;Buy;0.03;AUDUSD;0.68664;;;2022.06.29 14:26:25;0.68884;;;6.60;
2022.06.29 10:00:28;Buy;0.02;AUDUSD;0.68902;;;2022.06.29 14:26:25;0.68884;;;-0.36;
2022.06.29 03:00:34;Buy;0.01;AUDUSD;0.69044;;;2022.06.29 14:26:24;0.68884;;;-1.60;
2022.06.28 18:00:06;Buy;0.01;AUDUSD;0.69237;;;2022.06.29 14:26:23;0.68883;;-0.03;-3.54;
2022.06.29 13:00:23;Buy;0.02;GBPUSD;1.21591;;;2022.06.29 13:28:25;1.21852;;;5.22;
2022.06.28 20:00:36;Buy;0.01;GBPUSD;1.21954;;;2022.06.29 13:28:24;1.21852;;-0.05;-1.02;
2022.06.28 12:00:10;Buy;0.01;USDCAD;1.28247;;;2022.06.28 17:56:32;1.28787;;;4.19;
2022.06.28 10:00:19;Sell;0.01;AUDUSD;0.69558;;;2022.06.28 17:31:11;0.69269;;;2.89;
2022.06.27 17:00:28;Sell;0.01;AUDUSD;0.69330;;;2022.06.28 17:30:43;0.69286;;-0.01;0.44;
2022.06.27 16:00:53;Buy;0.01;GBPUSD;1.22565;;;2022.06.27 16:51:08;1.22849;;;2.84;
2022.06.27 07:00:19;Buy;0.01;AUDCAD;0.89105;;;2022.06.27 16:48:30;0.89528;;;3.28;
2022.06.27 12:00:23;Sell;0.01;AUDUSD;0.69397;;;2022.06.27 15:41:11;0.69097;;;3.00;
2022.06.24 23:00:39;Buy;0.01;USDCAD;1.28989;;;2022.06.27 14:26:36;1.28981;;;-0.06;
2022.06.27 11:00:36;Buy;0.03;USDCAD;1.28705;;;2022.06.27 14:26:33;1.28983;;;6.47;
2022.06.27 11:00:34;Sell;0.01;GBPUSD;1.23236;;;2022.06.27 12:23:16;1.22891;;;3.45;
2022.06.27 04:00:18;Buy;0.01;AUDUSD;0.69150;;;2022.06.27 10:36:16;0.69442;;;2.92;
2022.06.24 18:00:21;Sell;0.01;AUDUSD;0.69410;;;2022.06.27 03:54:40;0.69103;;;3.07;
2022.06.23 17:00:27;Sell;0.02;NZDCAD;0.81672;;;2022.06.27 03:49:09;0.81365;;-0.05;4.76;
2022.06.23 20:00:28;Sell;0.01;USDCAD;1.30056;;;2022.06.24 17:02:24;1.29434;;-0.04;4.81;
2022.06.23 19:00:15;Buy;0.01;AUDUSD;0.68929;;;2022.06.24 17:02:21;0.69334;;-0.03;4.05;
2022.06.23 06:00:19;Buy;0.05;AUDCAD;0.89365;;;2022.06.24 07:57:42;0.89709;-0.01;-0.21;13.25;
2022.06.22 11:00:35;Buy;0.03;AUDCAD;0.89562;;;2022.06.24 07:57:42;0.89709;;-0.25;3.39;
2022.06.21 14:00:13;Buy;0.01;AUDCAD;0.90044;;;2022.06.24 07:57:42;0.89710;;-0.21;-2.57;
2022.06.22 06:00:29;Buy;0.02;AUDCAD;0.89826;;;2022.06.24 07:57:41;0.89709;;-0.16;-1.80;
2022.06.23 20:00:27;Buy;0.01;GBPUSD;1.22274;;;2022.06.23 22:03:46;1.22572;;;2.98;
2022.06.23 17:00:25;Sell;0.01;GBPUSD;1.22901;;;2022.06.23 17:18:48;1.22596;;;3.05;
2022.06.22 03:00:13;Buy;0.02;NZDCAD;0.81685;;;2022.06.23 16:54:49;0.81592;;-0.04;-1.43;
2022.06.22 07:00:08;Buy;0.04;NZDCAD;0.81316;;;2022.06.23 16:53:55;0.81600;-0.01;-0.08;8.77;
2022.06.23 06:00:17;Buy;0.01;AUDUSD;0.68926;;;2022.06.23 16:48:10;0.69166;;;2.40;
2022.06.23 11:00:26;Buy;0.02;GBPUSD;1.21803;;;2022.06.23 12:14:03;1.22138;;;6.70;
2022.06.23 05:00:43;Buy;0.01;GBPUSD;1.22410;;;2022.06.23 12:14:03;1.22138;;;-2.72;
2022.06.23 04:00:10;Sell;0.01;AUDUSD;0.69128;;;2022.06.23 05:24:45;0.68846;;;2.82;
2022.06.22 17:00:32;Sell;0.01;AUDUSD;0.69312;;;2022.06.23 03:31:28;0.69016;;-0.01;2.96;
2022.06.22 18:00:24;Sell;0.01;GBPUSD;1.23060;;;2022.06.22 18:58:44;1.22784;;;2.76;
2022.06.21 08:00:14;Buy;0.01;GBPCAD;1.58825;;;2022.06.22 16:45:47;1.59092;;-0.18;2.07;
2022.06.22 15:00:17;Buy;0.01;AUDUSD;0.68951;;;2022.06.22 16:42:20;0.69295;;;3.44;
2022.06.22 04:00:12;Buy;0.01;AUDUSD;0.69462;;;2022.06.22 13:07:45;0.69084;;;-3.78;
2022.06.22 12:00:26;Buy;0.03;AUDUSD;0.68873;;;2022.06.22 13:07:13;0.69109;;;7.08;
2022.06.22 10:00:31;Buy;0.02;AUDUSD;0.69082;;;2022.06.22 13:07:13;0.69109;;;0.54;
2022.06.22 06:00:27;Buy;0.01;AUDUSD;0.69240;;;2022.06.22 13:07:12;0.69110;;;-1.30;
2022.06.22 11:00:36;Buy;0.01;GBPUSD;1.21929;;;2022.06.22 12:05:28;1.22267;;;3.38;
2022.06.21 17:00:18;Sell;0.01;AUDUSD;0.69780;;;2022.06.22 03:13:03;0.69489;;-0.04;2.91;
2022.06.20 21:00:24;Buy;0.04;AUDNZD;1.09778;;;2022.06.22 02:35:10;1.10155;-0.01;-0.81;9.53;
2022.06.17 17:00:38;Buy;0.01;AUDNZD;1.10289;;;2022.06.22 02:35:10;1.10155;;-0.25;-0.85;
2022.06.17 19:00:33;Buy;0.02;AUDNZD;1.10032;;;2022.06.22 02:35:04;1.10147;;-0.50;1.46;
2022.06.21 11:00:28;Sell;0.02;NZDCAD;0.82066;;;2022.06.21 22:43:40;0.81772;;;4.55;
2022.06.21 11:00:28;Sell;0.01;GBPUSD;1.22919;;;2022.06.21 14:13:53;1.22671;;;2.48;
2022.06.21 07:00:10;Sell;0.01;AUDUSD;0.69773;;;2022.06.21 14:06:07;0.69469;;;3.04;
2022.06.20 03:00:16;Buy;0.01;USDCAD;1.30027;;;2022.06.21 13:56:59;1.29444;;-0.03;-4.50;
2022.06.21 11:00:17;Buy;0.08;USDCAD;1.29137;;;2022.06.21 13:56:57;1.29439;-0.01;;18.67;
2022.06.21 04:00:29;Buy;0.03;USDCAD;1.29634;;;2022.06.21 13:56:55;1.29439;;;-4.52;
2022.06.16 21:00:46;Sell;0.04;NZDCAD;0.82372;;;2022.06.21 09:09:23;0.81901;-0.01;-0.33;14.56;
2022.06.16 17:00:52;Sell;0.02;NZDCAD;0.81342;;;2022.06.21 09:09:22;0.81901;;-0.16;-8.63;
2022.06.20 21:00:24;Buy;0.01;AUDUSD;0.69487;;;2022.06.21 03:23:57;0.69755;;-0.03;2.68;
2022.06.20 11:00:15;Sell;0.02;AUDUSD;0.69795;;;2022.06.20 20:02:15;0.69603;;;3.84;
2022.06.20 09:00:42;Sell;0.01;AUDUSD;0.69625;;;2022.06.20 20:02:14;0.69603;;;0.22;
2022.06.20 03:00:16;Sell;0.01;AUDUSD;0.69496;;;2022.06.20 20:02:14;0.69603;;;-1.07;
2022.06.20 07:00:15;Sell;0.01;GBPUSD;1.22481;;;2022.06.20 10:57:13;1.22218;;;2.63;
2022.06.17 18:00:50;Buy;0.01;AUDCAD;0.90237;;;2022.06.20 10:39:30;0.90702;;-0.04;3.58;
2022.06.17 18:00:20;Buy;0.02;AUDUSD;0.69039;;;2022.06.20 02:28:15;0.69455;;-0.07;8.32;
2022.06.17 17:00:15;Buy;0.01;AUDUSD;0.69537;;;2022.06.20 02:28:15;0.69455;;-0.03;-0.82;
2022.06.17 10:00:36;Buy;0.01;AUDUSD;0.69779;;;2022.06.20 02:28:14;0.69455;;-0.03;-3.24;
2022.06.17 15:00:34;Sell;0.01;USDCAD;1.29960;;;2022.06.17 18:33:15;1.30498;;;-4.12;
2022.06.17 18:01:31;Sell;0.08;USDCAD;1.30714;;;2022.06.17 18:32:54;1.30470;;;14.96;
2022.06.17 17:00:39;Sell;0.03;USDCAD;1.30384;;;2022.06.17 18:32:53;1.30469;;;-1.95;
2022.06.17 18:00:48;Buy;0.01;GBPUSD;1.21825;;;2022.06.17 18:09:09;1.22107;;;2.82;
2022.06.17 10:01:03;Buy;0.02;GBPUSD;1.22655;;;2022.06.17 10:14:44;1.22829;;;3.48;
2022.06.17 07:00:38;Buy;0.01;GBPUSD;1.22905;;;2022.06.17 10:14:17;1.22839;;;-0.66;
2022.06.15 15:00:18;Sell;0.02;AUDCAD;0.89730;;;2022.06.17 09:12:51;0.90830;;-0.10;-16.96;
2022.06.15 20:00:20;Sell;0.04;AUDCAD;0.90099;;;2022.06.17 09:12:41;0.90819;-0.01;-0.21;-22.20;
2022.06.17 01:00:11;Sell;0.10;AUDCAD;0.91218;;;2022.06.17 09:12:33;0.90803;-0.01;;31.99;
2022.06.16 20:00:23;Sell;0.06;AUDCAD;0.90820;;;2022.06.17 09:12:32;0.90804;-0.01;-0.16;0.74;
2022.06.16 21:00:45;Sell;0.01;AUDUSD;0.70571;;;2022.06.17 09:03:22;0.70086;;-0.01;4.85;
2022.06.16 19:00:54;Sell;0.01;AUDUSD;0.69960;;;2022.06.17 09:02:28;0.70097;;-0.01;-1.37;
2022.06.16 20:00:39;Sell;0.01;AUDCAD;0.90820;;;2022.06.17 05:08:18;0.90955;;-0.03;-1.04;
2022.06.16 22:00:50;Sell;0.03;AUDCAD;0.91278;;;2022.06.17 05:07:57;0.90970;;-0.08;7.14;
2022.06.16 21:00:46;Sell;0.02;AUDCAD;0.91067;;;2022.06.17 05:07:57;0.90969;;-0.05;1.51;
2022.06.17 03:00:26;Sell;0.20;GBPCAD;1.59970;;;2022.06.17 04:59:22;1.59547;-0.05;;65.34;
2022.06.16 18:00:49;Sell;0.04;GBPCAD;1.58958;;;2022.06.17 04:59:22;1.59547;-0.01;-0.06;-18.19;
2022.06.16 17:00:53;Sell;0.02;GBPCAD;1.58460;;;2022.06.17 04:59:21;1.59547;;-0.03;-16.79;
2022.06.16 16:00:37;Sell;0.01;GBPCAD;1.57905;;;2022.06.17 04:59:21;1.59547;;-0.01;-12.68;
2022.06.16 19:00:33;Sell;0.09;GBPCAD;1.59446;;;2022.06.17 04:58:59;1.59537;-0.02;-0.12;-6.32;
2022.06.16 14:00:52;Sell;0.01;GBPUSD;1.20675;;;2022.06.17 03:15:59;1.23392;;-0.02;-27.17;
2022.06.16 16:00:36;Sell;0.02;GBPUSD;1.22222;;;2022.06.17 03:15:28;1.23374;;-0.05;-23.04;
2022.06.16 18:00:42;Sell;0.08;GBPUSD;1.22734;;;2022.06.17 03:15:13;1.23371;-0.01;-0.19;-50.96;
2022.06.16 17:01:29;Sell;0.04;GBPUSD;1.22476;;;2022.06.17 03:14:32;1.23345;;-0.10;-34.76;
2022.06.16 20:01:04;Sell;0.32;GBPUSD;1.23753;;;2022.06.17 03:14:10;1.23349;-0.04;-0.77;129.28;
2022.06.16 19:01:14;Sell;0.16;GBPUSD;1.23359;;;2022.06.17 03:14:10;1.23351;-0.02;-0.39;1.28;
2022.06.16 18:00:45;Buy;0.03;AUDNZD;1.10564;;;2022.06.16 22:34:38;1.10803;;;4.57;
2022.06.16 17:00:33;Buy;0.02;AUDNZD;1.10860;;;2022.06.16 22:33:43;1.10826;;;-0.44;
2022.06.16 16:00:14;Buy;0.01;AUDNZD;1.11079;;;2022.06.16 22:33:43;1.10826;;;-1.62;
2022.06.16 19:00:27;Buy;0.05;AUDNZD;1.10420;;;2022.06.16 22:33:42;1.10827;-0.01;;12.96;
2022.06.16 18:00:47;Buy;0.01;AUDUSD;0.69613;;;2022.06.16 18:50:13;0.69866;;;2.53;
2022.06.16 16:00:36;Sell;0.01;AUDUSD;0.69776;;;2022.06.16 17:14:10;0.69473;;;3.03;
2022.06.16 01:00:12;Sell;0.01;AUDNZD;1.11412;;;2022.06.16 16:28:55;1.10928;;;3.04;
2022.06.16 02:00:16;Buy;0.02;NZDCAD;0.80850;;;2022.06.16 15:35:58;0.81198;;;5.38;
2022.06.16 09:00:25;Buy;0.01;AUDUSD;0.69959;;;2022.06.16 15:35:24;0.69747;;;-2.12;
2022.06.16 15:00:19;Buy;0.02;AUDUSD;0.69509;;;2022.06.16 15:34:51;0.69747;;;4.76;
2022.06.16 11:00:59;Buy;0.01;AUDUSD;0.69687;;;2022.06.16 15:34:51;0.69750;;;0.63;
2022.06.16 02:00:13;Sell;0.05;AUDNZD;1.11570;;;2022.06.16 15:06:54;1.11161;-0.01;;12.80;
2022.06.15 20:00:21;Sell;0.03;AUDNZD;1.11338;;;2022.06.16 15:06:53;1.11161;;-0.02;3.33;
2022.06.15 11:00:37;Sell;0.02;AUDNZD;1.11044;;;2022.06.16 15:06:53;1.11160;;-0.01;-1.45;
2022.06.15 04:00:34;Sell;0.01;AUDNZD;1.10865;;;2022.06.16 15:06:51;1.11161;;-0.01;-1.85;
2022.06.15 19:00:28;Sell;0.01;AUDCAD;0.90074;;;2022.06.16 14:56:38;0.90048;;-0.03;0.20;
2022.06.15 22:01:39;Sell;0.02;AUDCAD;0.90329;;;2022.06.16 14:56:01;0.90052;;-0.05;4.28;
2022.06.16 11:00:52;Buy;0.01;GBPUSD;1.20920;;;2022.06.16 11:57:57;1.21305;;;3.85;
2022.06.15 13:00:10;Sell;0.01;GBPCAD;1.56357;;;2022.06.16 10:05:30;1.56497;;-0.01;-1.08;
2022.06.15 22:02:16;Sell;0.02;GBPCAD;1.56825;;;2022.06.16 10:05:21;1.56509;;-0.03;4.89;
2022.06.16 06:00:22;Sell;0.02;AUDUSD;0.70226;;;2022.06.16 08:36:48;0.69998;;;4.56;
2022.06.15 23:00:20;Sell;0.01;AUDUSD;0.70057;;;2022.06.16 08:36:48;0.69998;;-0.01;0.59;
2022.06.15 22:00:47;Sell;0.01;AUDUSD;0.69829;;;2022.06.16 08:36:48;0.69999;;-0.01;-1.70;
2022.06.15 23:00:57;Sell;0.01;GBPUSD;1.21888;;;2022.06.16 01:46:41;1.21602;;-0.03;2.86;
2022.06.15 23:01:44;Sell;0.02;NZDCAD;0.81148;;;2022.06.16 01:46:29;0.80840;;-0.05;4.78;
2022.06.13 03:00:42;Buy;0.04;NZDCAD;0.81092;;;2022.06.15 21:08:09;0.80764;-0.01;-0.29;-10.10;
2022.06.15 04:00:35;Sell;0.01;AUDUSD;0.69002;;;2022.06.15 21:07:37;0.69254;;;-2.52;
2022.06.15 21:02:19;Sell;0.03;AUDUSD;0.69573;;;2022.06.15 21:06:44;0.69195;;;11.34;
2022.06.15 06:00:18;Sell;0.01;AUDUSD;0.69131;;;2022.06.15 21:06:08;0.69296;;;-1.65;
2022.06.15 12:00:31;Sell;0.02;AUDUSD;0.69282;;;2022.06.15 21:05:39;0.69308;;;-0.52;
2022.06.10 17:00:57;Buy;0.02;NZDCAD;0.81483;;;2022.06.15 21:05:25;0.80848;;-0.19;-9.79;
2022.06.13 18:00:19;Buy;0.06;NZDCAD;0.80581;;;2022.06.15 21:03:02;0.80958;-0.01;-0.44;17.44;
2022.06.15 12:01:20;Sell;0.01;GBPUSD;1.20778;;;2022.06.15 15:14:28;1.20843;;;-0.65;
2022.06.15 15:00:20;Sell;0.02;GBPUSD;1.21130;;;2022.06.15 15:14:08;1.20850;;;5.60;
2022.06.14 17:01:15;Buy;0.01;AUDCAD;0.89014;;;2022.06.15 05:30:22;0.89481;;-0.12;3.60;
2022.06.14 22:00:30;Buy;0.06;AUDCAD;0.88974;;;2022.06.15 04:21:29;0.89410;-0.01;-0.72;20.22;
2022.06.13 21:00:17;Buy;0.04;AUDCAD;0.89351;;;2022.06.15 04:21:28;0.89408;-0.01;-0.64;1.77;
2022.06.13 13:00:38;Buy;0.02;AUDCAD;0.89605;;;2022.06.15 04:21:27;0.89408;;-0.32;-3.04;
2022.06.14 15:00:34;Buy;0.01;AUDNZD;1.10364;;;2022.06.15 03:54:38;1.10856;;-0.15;3.06;
2022.06.14 14:00:22;Buy;0.02;AUDNZD;1.10495;;;2022.06.15 03:50:29;1.10769;;-0.29;3.41;
2022.06.13 18:00:22;Buy;0.01;AUDNZD;1.10620;;;2022.06.15 03:50:29;1.10769;;-0.20;0.93;
2022.06.14 15:00:28;Buy;0.03;AUDNZD;1.10361;;;2022.06.15 03:50:14;1.10765;;-0.44;7.54;
2022.06.14 20:00:44;Buy;0.01;AUDUSD;0.68729;;;2022.06.15 03:25:55;0.68974;;-0.10;2.45;
2022.06.14 17:00:43;Buy;0.02;GBPUSD;1.20540;;;2022.06.15 02:01:01;1.20054;;-0.23;-9.72;
2022.06.14 14:00:52;Buy;0.01;GBPUSD;1.20898;;;2022.06.15 02:01:01;1.20054;;-0.12;-8.44;
2022.06.14 22:00:15;Buy;0.08;GBPUSD;1.19718;;;2022.06.15 02:00:43;1.20054;;-0.93;26.88;
2022.06.14 18:00:52;Buy;0.04;GBPUSD;1.20049;;;2022.06.15 02:00:43;1.20054;;-0.46;0.20;
2022.06.14 17:01:13;Buy;0.01;GBPCAD;1.55677;;;2022.06.14 19:45:23;1.55459;;;-1.68;
2022.06.14 18:01:51;Buy;0.02;GBPCAD;1.55003;;;2022.06.14 19:45:20;1.55467;;;7.17;
2022.06.14 16:00:17;Sell;0.01;AUDUSD;0.69024;;;2022.06.14 19:26:53;0.68733;;;2.91;
2022.06.13 12:00:16;Sell;0.01;USDCAD;1.28458;;;2022.06.14 16:56:49;1.29184;;-0.03;-5.62;
2022.06.13 22:00:23;Sell;0.03;USDCAD;1.28778;;;2022.06.14 16:56:36;1.29188;;-0.10;-9.52;
2022.06.14 12:00:29;Sell;0.08;USDCAD;1.29087;;;2022.06.14 16:56:17;1.29182;;;-5.88;
2022.06.14 15:00:35;Sell;0.21;USDCAD;1.29371;;;2022.06.14 16:56:14;1.29180;;;31.05;
2022.06.14 15:00:42;Buy;0.02;AUDUSD;0.68880;;;2022.06.14 15:40:26;0.69080;;;4.00;
2022.06.14 14:00:23;Buy;0.01;AUDUSD;0.68993;;;2022.06.14 15:40:24;0.69080;;;0.87;
2022.06.14 12:00:28;Buy;0.01;AUDUSD;0.69334;;;2022.06.14 15:40:23;0.69084;;;-2.50;
2022.06.14 09:00:34;Sell;0.01;AUDUSD;0.69627;;;2022.06.14 11:15:35;0.69338;;;2.89;
2022.06.13 15:00:35;Buy;0.02;GBPCAD;1.56432;;;2022.06.14 07:08:40;1.56913;;-0.10;7.48;
2022.06.10 22:00:34;Buy;0.01;GBPCAD;1.57166;;;2022.06.14 07:08:39;1.56913;;-0.10;-1.97;
2022.06.13 18:00:29;Buy;0.03;AUDUSD;0.69250;;;2022.06.14 07:02:27;0.69642;;-0.09;11.76;
2022.06.13 13:00:22;Buy;0.02;AUDUSD;0.69670;;;2022.06.14 07:02:26;0.69647;;-0.06;-0.46;
2022.06.13 11:00:29;Buy;0.01;AUDUSD;0.69971;;;2022.06.14 07:02:26;0.69647;;-0.03;-3.24;
2022.06.13 10:00:13;Buy;0.01;AUDUSD;0.70164;;;2022.06.14 07:02:26;0.69647;;-0.03;-5.17;
2022.06.13 04:00:28;Buy;0.01;AUDCAD;0.89777;;;2022.06.14 06:06:25;0.89577;;-0.04;-1.55;
2022.06.13 18:00:31;Buy;0.03;AUDCAD;0.89140;;;2022.06.14 06:06:16;0.89583;;-0.12;10.31;
2022.06.13 14:00:33;Buy;0.02;AUDCAD;0.89608;;;2022.06.14 06:06:16;0.89586;;-0.08;-0.35;
2022.06.10 16:01:01;Buy;0.01;GBPUSD;1.23885;;;2022.06.13 15:27:56;1.22036;;-0.03;-18.49;
2022.06.10 18:00:49;Buy;0.02;GBPUSD;1.23434;;;2022.06.13 15:27:15;1.22027;;-0.07;-28.14;
2022.06.10 20:00:20;Buy;0.04;GBPUSD;1.23138;;;2022.06.13 15:27:10;1.22024;;-0.13;-44.56;
2022.06.13 11:00:36;Buy;0.16;GBPUSD;1.22329;;;2022.06.13 15:26:56;1.22006;;;-51.68;
2022.06.13 03:00:42;Buy;0.08;GBPUSD;1.22766;;;2022.06.13 15:26:55;1.22006;;;-60.80;
2022.06.13 15:00:29;Buy;0.64;GBPUSD;1.21638;;;2022.06.13 15:26:43;1.22007;;;236.16;
2022.06.13 13:00:22;Buy;0.32;GBPUSD;1.22015;;;2022.06.13 15:25:57;1.22006;;;-2.88;
2022.06.09 05:00:11;Buy;0.01;AUDNZD;1.11371;;;2022.06.13 15:07:10;1.10935;;-0.10;-2.74;
2022.06.09 16:00:17;Buy;0.02;AUDNZD;1.11230;;;2022.06.13 15:06:25;1.10928;;-0.20;-3.79;
2022.06.10 04:00:09;Buy;0.03;AUDNZD;1.11037;;;2022.06.13 15:06:11;1.10918;;-0.15;-2.24;
2022.06.13 14:00:32;Buy;0.12;AUDNZD;1.10622;;;2022.06.13 15:06:03;1.10913;-0.02;;21.92;
2022.06.13 02:00:25;Buy;0.08;AUDNZD;1.10761;;;2022.06.13 15:06:02;1.10909;-0.01;;7.43;
2022.06.10 10:00:30;Buy;0.05;AUDNZD;1.10885;;;2022.06.13 15:06:01;1.10909;-0.01;-0.25;0.76;
2022.06.13 03:00:15;Buy;0.02;AUDUSD;0.70209;;;2022.06.13 09:02:58;0.70308;;;1.98;
2022.06.10 18:00:18;Buy;0.01;AUDUSD;0.70478;;;2022.06.13 09:02:57;0.70309;;-0.03;-1.69;
2022.06.10 16:00:40;Buy;0.01;AUDUSD;0.70785;;;2022.06.13 09:02:56;0.70307;;-0.03;-4.78;
2022.06.13 05:00:10;Buy;0.03;AUDUSD;0.70058;;;2022.06.13 09:02:26;0.70313;;;7.65;
2022.06.10 13:00:15;Sell;0.21;USDCAD;1.27385;;;2022.06.10 21:21:50;1.27585;;;-32.92;
2022.06.10 11:00:22;Sell;0.08;USDCAD;1.27085;;;2022.06.10 21:21:49;1.27585;;;-31.35;
2022.06.09 22:00:15;Sell;0.03;USDCAD;1.26844;;;2022.06.10 21:21:48;1.27585;;-0.10;-17.42;
2022.06.09 19:00:44;Sell;0.01;USDCAD;1.26489;;;2022.06.10 21:21:48;1.27585;;-0.03;-8.59;
2022.06.10 17:00:36;Sell;0.55;USDCAD;1.27890;;;2022.06.10 21:21:44;1.27584;;;131.91;
2022.06.09 18:00:25;Sell;0.01;GBPCAD;1.58397;;;2022.06.10 16:59:39;1.58095;;-0.01;2.36;
2022.06.10 12:00:29;Sell;0.02;AUDCAD;0.90690;;;2022.06.10 15:33:51;0.90322;;;5.77;
2022.06.10 12:00:30;Sell;0.02;NZDCAD;0.81734;;;2022.06.10 15:33:05;0.81420;;;4.92;
2022.06.10 12:00:30;Sell;0.01;AUDUSD;0.71312;;;2022.06.10 15:32:02;0.70867;;;4.45;
2022.06.09 09:00:38;Buy;0.01;AUDUSD;0.71755;;;2022.06.10 10:37:31;0.71333;;-0.03;-4.22;
2022.06.09 22:00:14;Buy;0.03;AUDUSD;0.71054;;;2022.06.10 10:37:18;0.71338;;-0.09;8.52;
2022.06.09 18:00:16;Buy;0.02;AUDUSD;0.71225;;;2022.06.10 10:37:17;0.71338;;-0.06;2.26;
2022.06.09 16:00:18;Buy;0.01;AUDUSD;0.71588;;;2022.06.10 10:37:16;0.71338;;-0.03;-2.50;
2022.06.08 13:00:19;Buy;0.02;AUDCAD;0.90162;;;2022.06.10 10:28:31;0.90531;;-0.17;5.81;
2022.05.31 05:00:27;Buy;0.02;NZDCAD;0.82765;;;2022.06.10 10:21:52;0.81701;;-0.40;-16.75;
2022.05.31 16:00:23;Buy;0.04;NZDCAD;0.82240;;;2022.06.10 10:21:37;0.81694;-0.01;-0.79;-17.20;
2022.06.07 04:00:21;Buy;0.10;NZDCAD;0.81541;;;2022.06.10 10:21:35;0.81691;-0.01;-0.98;11.80;
2022.06.06 03:00:29;Buy;0.06;NZDCAD;0.81912;;;2022.06.10 10:21:34;0.81691;-0.01;-0.71;-10.44;
2022.06.07 14:00:26;Buy;0.16;NZDCAD;0.81169;;;2022.06.10 10:21:25;0.81687;-0.02;-1.57;65.25;
2022.06.07 10:00:58;Sell;0.08;AUDNZD;1.11429;;;2022.06.10 03:35:47;1.11040;-0.01;-0.23;19.88;
2022.06.07 08:00:45;Sell;0.04;AUDNZD;1.11249;;;2022.06.10 03:35:46;1.11040;-0.01;-0.11;5.34;
2022.06.03 01:00:05;Sell;0.02;AUDNZD;1.10772;;;2022.06.10 03:35:46;1.11041;;-0.06;-3.43;
2022.06.01 14:00:24;Sell;0.01;AUDNZD;1.10549;;;2022.06.10 03:35:45;1.11041;;-0.04;-3.15;
2022.06.09 11:00:19;Buy;0.01;GBPUSD;1.24968;;;2022.06.09 11:54:03;1.25259;;;2.91;
2022.06.09 05:00:12;Buy;0.02;AUDUSD;0.71671;;;2022.06.09 07:25:38;0.71851;;;3.60;
2022.06.09 04:00:39;Buy;0.01;AUDUSD;0.71816;;;2022.06.09 07:25:38;0.71851;;;0.35;
2022.06.08 21:00:13;Buy;0.01;AUDUSD;0.71954;;;2022.06.09 07:25:37;0.71851;;-0.03;-1.03;
2022.06.08 05:00:12;Sell;0.12;AUDNZD;1.11596;;;2022.06.09 04:58:57;1.11331;-0.02;-0.07;20.47;
2022.06.07 11:00:13;Sell;0.08;AUDNZD;1.11480;;;2022.06.09 04:58:57;1.11331;-0.01;-0.19;7.67;
2022.06.07 09:00:38;Sell;0.05;AUDNZD;1.11351;;;2022.06.09 04:58:57;1.11331;-0.01;-0.12;0.65;
2022.06.07 08:00:21;Sell;0.03;AUDNZD;1.11228;;;2022.06.09 04:58:56;1.11331;;-0.07;-1.99;
2022.06.03 16:00:32;Sell;0.02;AUDNZD;1.10858;;;2022.06.09 04:58:56;1.11331;;-0.05;-6.09;
2022.06.01 18:00:34;Sell;0.01;AUDNZD;1.10740;;;2022.06.09 04:58:55;1.11331;;-0.03;-3.80;
2022.06.08 17:00:55;Sell;0.01;AUDUSD;0.72149;;;2022.06.08 20:35:37;0.71933;;;2.16;
2022.06.08 15:00:24;Sell;0.01;AUDUSD;0.72011;;;2022.06.08 20:35:37;0.71933;;;0.78;
2022.06.08 12:00:47;Buy;0.01;AUDUSD;0.71834;;;2022.06.08 14:37:25;0.72061;;;2.27;
2022.06.08 07:00:39;Buy;0.01;AUDUSD;0.72019;;;2022.06.08 14:37:24;0.72061;;;0.42;
2022.06.07 18:00:36;Sell;0.01;GBPUSD;1.25809;;;2022.06.08 10:52:15;1.25507;;-0.10;3.02;
2022.06.07 23:00:16;Sell;0.02;AUDUSD;0.72340;;;2022.06.08 06:13:00;0.72114;;-0.10;4.52;
2022.06.07 18:00:21;Sell;0.01;AUDUSD;0.72181;;;2022.06.08 06:13:00;0.72114;;-0.05;0.67;
2022.06.07 17:00:25;Sell;0.01;AUDUSD;0.71918;;;2022.06.08 06:12:59;0.72114;;-0.05;-1.96;
2022.06.07 08:00:21;Sell;0.01;AUDUSD;0.71927;;;2022.06.07 15:18:48;0.71592;;;3.35;
2022.06.07 09:00:45;Buy;0.02;GBPCAD;1.57182;;;2022.06.07 11:05:47;1.57584;;;6.38;
2022.06.03 16:00:33;Buy;0.01;GBPCAD;1.57640;;;2022.06.07 11:05:46;1.57584;;-0.11;-0.45;
2022.06.07 05:00:14;Buy;0.01;GBPUSD;1.25070;;;2022.06.07 10:10:05;1.24841;;;-2.29;
2022.06.07 09:00:44;Buy;0.02;GBPUSD;1.24596;;;2022.06.07 10:09:12;1.24838;;;4.84;
2022.06.06 06:00:47;Buy;0.02;AUDCAD;0.90604;;;2022.06.07 07:33:23;0.90946;;-0.09;5.44;
2022.06.07 06:00:12;Buy;0.02;AUDUSD;0.71665;;;2022.06.07 07:33:13;0.72324;;;13.18;
2022.06.07 03:00:17;Buy;0.01;AUDUSD;0.71865;;;2022.06.07 07:33:12;0.72328;;;4.63;
2022.06.06 19:00:08;Buy;0.01;AUDUSD;0.72061;;;2022.06.07 07:33:12;0.72328;;-0.03;2.67;
2022.06.06 07:00:09;Buy;0.01;AUDCAD;0.90524;;;2022.06.07 07:33:11;0.90939;;-0.05;3.30;
2022.06.07 06:00:13;Buy;0.02;AUDCAD;0.90296;;;2022.06.07 07:32:50;0.90939;;;10.23;
2022.06.06 12:00:23;Sell;0.01;AUDUSD;0.72302;;;2022.06.06 18:13:38;0.72030;;;2.72;
2022.06.06 12:00:13;Sell;0.01;GBPUSD;1.25720;;;2022.06.06 15:45:07;1.25429;;;2.91;
2022.06.06 07:00:12;Buy;0.02;AUDUSD;0.71923;;;2022.06.06 10:53:13;0.72179;;;5.12;
2022.06.03 16:00:31;Buy;0.01;AUDUSD;0.72291;;;2022.06.06 10:52:59;0.72175;;-0.03;-1.16;
2022.06.03 19:00:15;Buy;0.01;AUDUSD;0.72093;;;2022.06.06 10:52:38;0.72184;;-0.03;0.91;
2022.06.03 19:00:16;Buy;0.01;GBPUSD;1.24950;;;2022.06.06 09:38:28;1.25253;;-0.03;3.03;
2022.06.03 17:01:16;Buy;0.03;USDCAD;1.25577;;;2022.06.03 19:19:55;1.25905;;;7.82;
2022.06.02 19:00:14;Buy;0.01;USDCAD;1.25880;;;2022.06.03 19:19:54;1.25906;;-0.04;0.21;
2022.06.02 23:00:22;Sell;0.01;AUDCAD;0.91359;;;2022.06.03 15:36:58;0.90970;;-0.02;3.09;
2022.06.02 16:00:09;Sell;0.02;AUDCAD;0.91299;;;2022.06.03 15:36:58;0.90970;;-0.04;5.24;
2022.06.02 20:00:09;Sell;0.02;GBPUSD;1.25805;;;2022.06.03 15:31:54;1.25524;;-0.06;5.62;
2022.06.02 12:00:15;Sell;0.01;GBPUSD;1.25359;;;2022.06.03 15:31:36;1.25515;;-0.03;-1.56;
2022.06.02 23:00:22;Sell;0.05;AUDUSD;0.72653;;;2022.06.03 14:58:08;0.72410;;-0.06;12.15;
2022.06.02 19:00:44;Sell;0.03;AUDUSD;0.72504;;;2022.06.03 14:58:08;0.72410;;-0.04;2.82;
2022.06.02 16:00:11;Sell;0.02;AUDUSD;0.72238;;;2022.06.03 14:58:07;0.72410;;-0.03;-3.44;
2022.06.02 15:00:08;Sell;0.01;AUDUSD;0.72088;;;2022.06.03 14:58:07;0.72410;;-0.01;-3.22;
2022.06.02 12:00:14;Sell;0.01;AUDUSD;0.71913;;;2022.06.03 14:58:07;0.72412;;-0.01;-4.99;
2022.06.01 17:02:47;Buy;0.09;GBPCAD;1.58134;;;2022.06.02 13:21:18;1.58813;-0.02;-0.49;48.29;
2022.06.01 15:00:37;Buy;0.04;GBPCAD;1.58979;;;2022.06.02 13:21:17;1.58818;-0.01;-0.22;-5.09;
2022.05.31 10:00:24;Buy;0.02;GBPCAD;1.59637;;;2022.06.02 13:21:15;1.58820;-0.01;-0.22;-12.91;
2022.05.30 16:00:19;Buy;0.01;GBPCAD;1.60195;;;2022.06.02 13:21:15;1.58820;;-0.15;-10.86;
2022.06.02 09:00:19;Buy;0.01;AUDUSD;0.71582;;;2022.06.02 10:02:39;0.71839;;;2.57;
2022.06.01 23:00:10;Buy;0.01;AUDUSD;0.71780;;;2022.06.02 10:02:38;0.71839;;-0.03;0.59;
2022.06.01 18:00:16;Buy;0.01;AUDUSD;0.71888;;;2022.06.01 21:37:50;0.71906;;;0.18;
2022.06.01 19:00:19;Buy;0.01;AUDUSD;0.71636;;;2022.06.01 21:37:46;0.71907;;;2.71;
2022.06.01 19:01:54;Buy;0.02;GBPUSD;1.24702;;;2022.06.01 20:52:32;1.24982;;;5.60;
2022.06.01 18:00:37;Buy;0.01;GBPUSD;1.24971;;;2022.06.01 20:52:31;1.24982;;;0.11;
2022.05.25 06:00:09;Buy;0.01;AUDNZD;1.09344;;;2022.06.01 17:20:26;1.10693;;-0.29;8.74;
2022.05.31 19:00:22;Sell;0.01;AUDUSD;0.71866;;;2022.06.01 17:09:31;0.71891;;-0.01;-0.25;
2022.06.01 16:01:16;Sell;0.01;AUDUSD;0.72229;;;2022.06.01 17:08:52;0.71875;;;3.54;
2022.05.27 22:00:17;Buy;0.03;USDCAD;1.27258;;;2022.06.01 07:09:33;1.26653;;-0.33;-14.33;
2022.05.27 06:00:06;Buy;0.01;USDCAD;1.27560;;;2022.06.01 07:09:33;1.26653;;-0.12;-7.16;
2022.05.31 17:00:25;Buy;0.55;USDCAD;1.26452;;;2022.06.01 07:09:30;1.26649;-0.06;-1.99;85.55;
2022.05.30 17:00:53;Buy;0.21;USDCAD;1.26715;;;2022.06.01 07:09:29;1.26649;-0.02;-1.52;-10.94;
2022.05.30 11:00:31;Buy;0.08;USDCAD;1.26997;;;2022.06.01 07:09:28;1.26650;-0.01;-0.58;-21.92;
2022.05.31 16:00:22;Buy;0.01;AUDUSD;0.71517;;;2022.05.31 18:05:41;0.71795;;;2.78;
2022.05.31 16:00:28;Buy;0.01;GBPUSD;1.25644;;;2022.05.31 17:39:19;1.25967;;;3.23;
2022.05.31 06:00:10;Sell;0.01;AUDUSD;0.71846;;;2022.05.31 15:55:52;0.71544;;;3.02;
2022.05.27 07:00:16;Sell;0.02;AUDCAD;0.91050;;;2022.05.31 15:54:34;0.90710;;-0.08;5.36;
2022.05.27 16:00:16;Sell;0.02;AUDUSD;0.71434;;;2022.05.31 04:02:33;0.71675;;-0.04;-4.82;
2022.05.27 05:00:26;Sell;0.01;AUDUSD;0.71253;;;2022.05.31 04:02:33;0.71675;;-0.02;-4.22;
2022.05.26 11:00:13;Sell;0.01;AUDUSD;0.70978;;;2022.05.31 04:02:32;0.71675;;-0.03;-6.97;
2022.05.30 18:00:23;Sell;0.08;AUDUSD;0.71918;;;2022.05.31 04:02:13;0.71689;-0.01;-0.10;18.32;
2022.05.30 05:00:14;Sell;0.05;AUDUSD;0.71779;;;2022.05.31 04:02:11;0.71689;;-0.06;4.50;
2022.05.27 17:00:17;Sell;0.03;AUDUSD;0.71589;;;2022.05.31 04:02:10;0.71693;;-0.07;-3.12;
2022.05.27 07:00:16;Sell;0.02;NZDCAD;0.83133;;;2022.05.30 22:00:19;0.83052;;-0.06;1.28;
2022.05.25 06:00:20;Buy;0.01;AUDNZD;1.09339;;;2022.05.30 11:52:32;1.09838;;-0.18;3.26;
2022.05.27 05:00:26;Sell;0.01;GBPUSD;1.26546;;;2022.05.27 09:42:09;1.26250;;;2.96;
2022.05.26 18:00:15;Buy;0.02;NZDCAD;0.82693;;;2022.05.27 05:46:22;0.83033;;-0.03;5.33;
2022.05.26 18:00:15;Buy;0.02;AUDCAD;0.90559;;;2022.05.27 04:51:25;0.90935;;-0.09;5.89;
2022.05.26 20:00:11;Buy;0.01;GBPCAD;1.60842;;;2022.05.27 03:55:16;1.61243;;-0.05;3.14;
2022.05.26 14:00:25;Sell;0.01;GBPCAD;1.61758;;;2022.05.26 14:44:30;1.61402;;;2.78;
2022.05.26 09:00:23;Buy;0.01;AUDUSD;0.70659;;;2022.05.26 10:22:47;0.70931;;;2.72;
2022.05.25 22:00:21;Sell;0.01;AUDUSD;0.70913;;;2022.05.26 08:51:07;0.70628;;-0.01;2.85;
2022.05.26 04:00:16;Sell;0.02;NZDCAD;0.83198;;;2022.05.26 08:49:22;0.82888;;;4.83;
2022.05.25 22:00:21;Sell;0.02;GBPUSD;1.25879;;;2022.05.26 08:38:37;1.25611;;-0.07;5.36;
2022.05.25 21:01:10;Sell;0.01;GBPUSD;1.25536;;;2022.05.26 08:38:37;1.25611;;-0.03;-0.75;
2022.05.25 15:00:15;Sell;0.01;USDCAD;1.28689;;;2022.05.25 21:54:40;1.28127;;;4.39;
2022.05.25 14:00:05;Buy;0.01;AUDUSD;0.70629;;;2022.05.25 21:51:25;0.70868;;;2.39;
2022.05.25 12:00:47;Buy;0.01;AUDUSD;0.70786;;;2022.05.25 21:51:25;0.70866;;;0.80;
2022.05.25 01:00:16;Sell;0.02;AUDCAD;0.91091;;;2022.05.25 14:27:57;0.90775;;;4.91;
2022.05.25 02:00:11;Sell;0.01;AUDCAD;0.91179;;;2022.05.25 14:27:24;0.90788;;;3.04;
2022.05.25 06:00:19;Sell;0.02;NZDCAD;0.83275;;;2022.05.25 13:29:52;0.82962;;;4.87;
2022.05.24 23:00:20;Sell;0.01;AUDUSD;0.71075;;;2022.05.25 11:27:04;0.70789;;-0.01;2.86;
2022.05.24 18:00:56;Sell;0.02;NZDCAD;0.82701;;;2022.05.25 05:02:29;0.83088;;-0.06;-6.04;
2022.05.23 05:00:15;Buy;0.03;AUDNZD;1.09848;;;2022.05.25 05:01:18;1.09587;;-0.34;-5.07;
2022.05.19 16:00:25;Buy;0.02;AUDNZD;1.09993;;;2022.05.25 05:00:46;1.09668;;-0.44;-4.21;
2022.05.19 15:00:43;Buy;0.01;AUDNZD;1.10084;;;2022.05.25 05:00:45;1.09675;;-0.22;-2.65;
2022.05.24 04:00:15;Buy;0.01;AUDUSD;0.70772;;;2022.05.24 22:37:07;0.71053;;;2.81;
2022.05.24 18:01:04;Sell;0.01;GBPCAD;1.60983;;;2022.05.24 21:15:50;1.60638;;;2.69;
2022.05.23 14:00:17;Buy;0.01;USDCAD;1.27752;;;2022.05.24 17:12:38;1.28306;;-0.03;4.32;
2022.05.24 12:00:32;Buy;0.01;GBPCAD;1.59944;;;2022.05.24 16:53:45;1.60367;;;3.31;
2022.05.24 12:00:33;Buy;0.01;GBPUSD;1.24892;;;2022.05.24 13:44:14;1.25194;;;3.02;
2022.05.23 09:00:16;Sell;0.02;GBPUSD;1.25572;;;2022.05.24 04:06:56;1.25564;;-0.07;0.16;
2022.05.23 04:00:24;Sell;0.01;GBPUSD;1.25253;;;2022.05.24 04:06:55;1.25564;;-0.03;-3.11;
2022.05.23 14:00:15;Sell;0.04;GBPUSD;1.25812;;;2022.05.24 04:06:49;1.25566;-0.01;-0.13;9.84;
2022.05.23 06:00:13;Sell;0.04;NZDCAD;0.82678;;;2022.05.24 03:01:18;0.82410;-0.01;-0.12;8.38;
2022.05.23 02:00:15;Sell;0.02;NZDCAD;0.82298;;;2022.05.24 03:01:17;0.82410;;-0.06;-1.75;
2022.05.23 04:00:24;Sell;0.01;AUDUSD;0.70884;;;2022.05.24 03:00:51;0.70859;;-0.01;0.25;
2022.05.23 02:00:14;Sell;0.01;AUDUSD;0.70610;;;2022.05.24 03:00:50;0.70859;;-0.01;-2.49;
2022.05.23 01:00:13;Sell;0.01;AUDCAD;0.90463;;;2022.05.24 03:00:50;0.90627;;-0.02;-1.28;
2022.05.23 10:00:20;Sell;0.02;AUDUSD;0.71109;;;2022.05.24 03:00:49;0.70859;;-0.02;5.00;
2022.05.23 09:00:17;Sell;0.03;AUDCAD;0.90922;;;2022.05.24 03:00:49;0.90626;;-0.06;6.94;
2022.05.23 04:00:25;Sell;0.02;AUDCAD;0.90739;;;2022.05.24 03:00:48;0.90628;;-0.04;1.73;
2022.05.23 12:00:12;Sell;0.01;GBPCAD;1.60896;;;2022.05.23 17:46:37;1.60568;;;2.56;
2022.05.20 18:00:08;Buy;0.01;AUDUSD;0.70284;;;2022.05.23 01:36:20;0.70592;;-0.03;3.08;
2022.05.20 06:00:12;Buy;0.02;NZDCAD;0.81739;;;2022.05.20 22:34:28;0.82054;;;4.91;
2022.05.20 11:00:15;Sell;0.01;AUDUSD;0.70600;;;2022.05.20 17:52:54;0.70327;;;2.73;
2022.05.20 09:00:20;Sell;0.01;AUDUSD;0.70402;;;2022.05.20 17:52:53;0.70324;;;0.78;
2022.05.20 07:00:17;Buy;0.01;AUDUSD;0.70066;;;2022.05.20 08:15:17;0.70326;;;2.60;
2022.05.20 04:00:25;Buy;0.01;AUDUSD;0.70293;;;2022.05.20 08:15:17;0.70326;;;0.33;
2022.05.19 18:00:40;Sell;0.01;AUDCAD;0.90374;;;2022.05.20 06:03:21;0.89947;;-0.02;3.32;
2022.05.19 18:00:46;Sell;0.01;GBPCAD;1.60059;;;2022.05.20 04:32:26;1.59705;;-0.02;2.77;
2022.05.19 20:01:03;Sell;0.02;AUDCAD;0.90470;;;2022.05.20 03:51:54;0.90151;;-0.04;4.98;
2022.05.19 20:00:13;Sell;0.02;AUDUSD;0.70612;;;2022.05.20 03:50:12;0.70332;;-0.02;5.60;
2022.05.19 17:00:14;Sell;0.01;AUDUSD;0.70462;;;2022.05.20 03:50:12;0.70331;;-0.01;1.31;
2022.05.19 14:00:20;Sell;0.01;AUDUSD;0.70068;;;2022.05.20 03:50:11;0.70329;;-0.01;-2.61;
2022.05.19 17:01:14;Sell;0.01;GBPUSD;1.24921;;;2022.05.20 03:20:00;1.24565;;-0.03;3.56;
2022.05.19 16:00:26;Sell;0.02;NZDCAD;0.81716;;;2022.05.19 23:42:37;0.81797;;;-1.26;
2022.05.19 19:00:44;Sell;0.04;NZDCAD;0.82034;;;2022.05.19 23:42:34;0.81797;-0.01;;7.39;
2022.05.18 20:00:16;Buy;0.02;NZDCAD;0.81249;;;2022.05.19 15:33:33;0.81608;;-0.03;5.60;
2022.05.17 05:00:36;Sell;0.02;AUDNZD;1.10704;;;2022.05.19 14:49:05;1.10095;;;7.75;
2022.05.12 07:00:23;Sell;0.01;AUDNZD;1.10495;;;2022.05.19 14:49:04;1.10094;;;2.55;
2022.05.19 10:00:27;Buy;0.01;AUDUSD;0.69778;;;2022.05.19 13:59:06;0.70081;;;3.03;
2022.05.18 20:00:12;Buy;0.01;GBPCAD;1.58886;;;2022.05.19 13:54:17;1.59298;;-0.05;3.21;
2022.05.19 06:00:13;Sell;0.01;AUDUSD;0.69943;;;2022.05.19 09:23:38;0.69869;;;0.74;
2022.05.19 07:00:26;Sell;0.01;AUDUSD;0.70093;;;2022.05.19 09:23:14;0.69881;;;2.12;
2022.05.19 03:00:24;Sell;0.01;USDCAD;1.28812;;;2022.05.19 06:06:59;1.28286;;;4.10;
2022.05.19 03:00:15;Buy;0.02;AUDUSD;0.69622;;;2022.05.19 05:42:43;0.69842;;;4.40;
2022.05.18 21:00:21;Buy;0.01;AUDUSD;0.69747;;;2022.05.19 05:42:42;0.69843;;-0.03;0.96;
2022.05.18 12:00:10;Buy;0.01;AUDUSD;0.70075;;;2022.05.19 05:42:41;0.69835;;-0.03;-2.40;
2022.05.17 12:00:29;Sell;0.01;AUDCAD;0.90100;;;2022.05.18 20:43:47;0.89693;;-0.02;3.17;
2022.05.17 14:00:20;Sell;0.02;NZDCAD;0.81581;;;2022.05.18 17:37:14;0.81268;;-0.06;4.87;
2022.05.17 05:00:37;Sell;0.02;AUDCAD;0.89850;;;2022.05.18 17:19:25;0.89822;;-0.04;0.43;
2022.05.17 14:00:18;Sell;0.04;AUDCAD;0.90169;;;2022.05.18 17:19:19;0.89824;-0.01;-0.09;10.74;
2022.05.18 12:00:21;Buy;0.01;GBPUSD;1.23752;;;2022.05.18 12:43:07;1.24059;;;3.07;
2022.05.16 22:01:07;Sell;0.01;GBPUSD;1.23206;;;2022.05.18 10:05:46;1.24297;;-0.06;-10.91;
2022.05.18 09:00:19;Sell;0.01;AUDUSD;0.70314;;;2022.05.18 10:05:19;0.70084;;;2.30;
2022.05.17 08:00:08;Sell;0.02;GBPUSD;1.23424;;;2022.05.18 10:05:19;1.24298;;-0.07;-17.48;
2022.05.17 10:00:33;Sell;0.04;GBPUSD;1.23783;;;2022.05.18 10:04:00;1.24331;;-0.13;-21.92;
2022.05.17 12:00:32;Sell;0.16;GBPUSD;1.24774;;;2022.05.18 10:03:33;1.24358;-0.02;-0.52;66.56;
2022.05.17 11:00:13;Sell;0.08;GBPUSD;1.24224;;;2022.05.18 10:03:31;1.24361;-0.01;-0.26;-10.96;
2022.05.18 07:00:11;Buy;0.01;AUDUSD;0.70047;;;2022.05.18 08:18:42;0.70257;;;2.10;
2022.05.18 05:00:50;Buy;0.01;AUDUSD;0.70154;;;2022.05.18 08:18:41;0.70256;;;1.02;
2022.05.17 22:00:28;Buy;0.01;AUDUSD;0.70137;;;2022.05.18 03:15:37;0.70411;;-0.03;2.74;
2022.05.17 05:00:35;Sell;0.05;AUDUSD;0.70086;;;2022.05.17 21:24:31;0.70019;;;3.35;
2022.05.16 11:00:11;Sell;0.01;AUDUSD;0.68974;;;2022.05.17 21:24:15;0.69996;;-0.01;-10.22;
2022.05.16 14:00:39;Sell;0.01;AUDUSD;0.69206;;;2022.05.17 21:23:49;0.69980;;-0.01;-7.74;
2022.05.16 22:00:16;Sell;0.03;AUDUSD;0.69759;;;2022.05.17 21:23:36;0.69970;;-0.03;-6.33;
2022.05.16 19:00:12;Sell;0.02;AUDUSD;0.69409;;;2022.05.17 21:23:35;0.69970;;-0.02;-11.22;
2022.05.17 12:00:11;Sell;0.08;AUDUSD;0.70335;;;2022.05.17 21:23:12;0.69970;-0.01;;29.20;
2022.05.13 19:00:11;Buy;0.01;USDCAD;1.29299;;;2022.05.17 15:23:56;1.28336;;-0.06;-7.50;
2022.05.17 13:00:15;Buy;0.21;USDCAD;1.28114;;;2022.05.17 15:23:55;1.28337;-0.02;;36.49;
2022.05.16 22:01:07;Buy;0.08;USDCAD;1.28422;;;2022.05.17 15:23:52;1.28333;-0.01;-0.27;-5.55;
2022.05.16 19:00:35;Buy;0.03;USDCAD;1.28839;;;2022.05.17 15:23:50;1.28333;;-0.10;-11.83;
2022.05.17 12:00:33;Sell;0.01;GBPCAD;1.59837;;;2022.05.17 12:57:26;1.59479;;;2.80;
2022.05.12 07:00:24;Buy;0.06;NZDCAD;0.81430;;;2022.05.17 11:28:53;0.81493;-0.01;-0.30;2.95;
2022.05.11 20:01:50;Buy;0.04;NZDCAD;0.81876;;;2022.05.17 11:28:52;0.81493;-0.01;-0.27;-11.96;
2022.05.09 07:00:33;Buy;0.02;NZDCAD;0.82245;;;2022.05.17 11:28:51;0.81491;;-0.18;-11.77;
2022.05.13 17:01:13;Buy;0.10;NZDCAD;0.80958;;;2022.05.17 11:28:37;0.81493;-0.01;-0.33;41.76;
2022.05.11 19:00:20;Buy;0.01;AUDCAD;0.90548;;;2022.05.17 04:55:58;0.89798;;-0.16;-5.85;
2022.05.12 03:00:17;Buy;0.03;AUDCAD;0.90044;;;2022.05.17 04:55:39;0.89796;;-0.39;-5.80;
2022.05.11 20:01:21;Buy;0.02;AUDCAD;0.90270;;;2022.05.17 04:55:38;0.89796;;-0.35;-7.39;
2022.05.12 22:01:05;Buy;0.12;AUDCAD;0.89320;;;2022.05.17 04:55:20;0.89836;-0.02;-1.54;48.30;
2022.05.12 12:00:32;Buy;0.08;AUDCAD;0.89558;;;2022.05.17 04:55:20;0.89836;-0.01;-1.02;17.35;
2022.05.12 08:00:27;Buy;0.05;AUDCAD;0.89768;;;2022.05.17 04:55:19;0.89836;-0.01;-0.64;2.65;
2022.05.16 06:00:03;Buy;0.01;AUDUSD;0.69021;;;2022.05.16 10:29:03;0.69108;;;0.87;
2022.05.16 07:00:06;Buy;0.01;AUDUSD;0.68832;;;2022.05.16 10:28:45;0.69118;;;2.86;
2022.05.16 02:00:11;Sell;0.01;GBPUSD;1.22518;;;2022.05.16 09:47:28;1.22229;;;2.89;
2022.05.12 05:00:36;Buy;0.02;GBPCAD;1.58969;;;2022.05.16 05:54:31;1.58713;;-0.18;-3.95;
2022.05.11 20:01:23;Buy;0.01;GBPCAD;1.59461;;;2022.05.16 05:54:31;1.58713;;-0.12;-5.77;
2022.05.13 17:01:14;Buy;0.04;GBPCAD;1.58056;;;2022.05.16 05:54:29;1.58710;-0.01;-0.17;20.19;
2022.05.13 18:00:26;Sell;0.01;AUDUSD;0.69105;;;2022.05.16 05:02:01;0.69146;;-0.01;-0.41;
2022.05.13 23:00:55;Sell;0.01;AUDUSD;0.69281;;;2022.05.16 05:01:20;0.69178;;-0.01;1.03;
2022.05.16 02:00:10;Sell;0.02;AUDUSD;0.69420;;;2022.05.16 05:00:22;0.69185;;;4.70;
2022.05.13 13:00:16;Buy;0.01;AUDUSD;0.68722;;;2022.05.13 17:03:32;0.68989;;;2.67;
2022.05.13 04:00:17;Sell;0.01;AUDUSD;0.68742;;;2022.05.13 12:51:42;0.68725;;;0.17;
2022.05.12 23:00:24;Sell;0.01;AUDUSD;0.68557;;;2022.05.13 12:51:42;0.68726;;-0.01;-1.69;
2022.05.13 09:00:23;Sell;0.02;AUDUSD;0.68961;;;2022.05.13 12:51:14;0.68733;;;4.56;
2022.05.12 21:00:15;Sell;0.01;USDCAD;1.30599;;;2022.05.13 06:17:08;1.30034;;-0.03;4.35;
2022.05.12 19:00:11;Buy;0.01;AUDUSD;0.68517;;;2022.05.12 22:52:22;0.68572;;;0.55;
2022.05.12 22:00:28;Buy;0.01;AUDUSD;0.68328;;;2022.05.12 22:51:18;0.68547;;;2.19;
2022.05.12 12:00:32;Buy;0.08;AUDUSD;0.68738;;;2022.05.12 18:11:24;0.68891;;;12.24;
2022.05.11 21:00:29;Buy;0.02;AUDUSD;0.69412;;;2022.05.12 18:11:04;0.68900;;-0.06;-10.24;
2022.05.12 08:00:26;Buy;0.05;AUDUSD;0.68971;;;2022.05.12 18:09:54;0.68871;;;-5.00;
2022.05.12 15:00:21;Buy;0.13;AUDUSD;0.68566;;;2022.05.12 18:09:48;0.68872;;;39.78;
2022.05.11 18:00:17;Buy;0.01;AUDUSD;0.69941;;;2022.05.12 18:09:48;0.68872;;-0.03;-10.69;
2022.05.12 06:00:16;Buy;0.03;AUDUSD;0.69230;;;2022.05.12 18:09:19;0.68879;;;-10.53;
2022.05.11 20:00:18;Buy;0.01;AUDUSD;0.69561;;;2022.05.12 18:09:09;0.68858;;-0.03;-7.03;
2022.05.11 21:01:45;Buy;0.01;GBPUSD;1.22793;;;2022.05.12 13:19:43;1.22147;;-0.02;-6.46;
2022.05.12 12:00:57;Buy;0.08;GBPUSD;1.21837;;;2022.05.12 13:19:37;1.22147;;;24.80;
2022.05.12 06:00:17;Buy;0.04;GBPUSD;1.22210;;;2022.05.12 13:19:36;1.22147;;;-2.52;
2022.05.11 23:00:16;Buy;0.02;GBPUSD;1.22436;;;2022.05.12 13:19:36;1.22147;;-0.05;-5.78;
2022.05.11 15:00:11;Sell;0.03;AUDNZD;1.10596;;;2022.05.11 20:37:43;1.10200;;;7.49;
2022.05.11 12:00:12;Sell;0.02;AUDNZD;1.10466;;;2022.05.11 20:37:42;1.10200;;;3.36;
2022.05.10 17:00:20;Sell;0.01;AUDNZD;1.10346;;;2022.05.11 20:37:41;1.10200;;;0.92;
2022.05.11 17:00:22;Sell;0.01;AUDCAD;0.91027;;;2022.05.11 17:56:20;0.90611;;;3.21;
2022.05.11 17:00:16;Sell;0.01;AUDUSD;0.70369;;;2022.05.11 17:52:04;0.70085;;;2.84;
2022.05.11 16:00:52;Buy;0.01;AUDCAD;0.90398;;;2022.05.11 16:26:24;0.90821;;;3.26;
2022.05.11 16:00:22;Buy;0.01;AUDUSD;0.69362;;;2022.05.11 16:11:56;0.69658;;;2.96;
2022.05.11 12:00:13;Sell;0.01;AUDCAD;0.90794;;;2022.05.11 15:53:45;0.90395;;;3.07;
2022.05.11 10:00:12;Sell;0.01;AUDUSD;0.69714;;;2022.05.11 15:35:15;0.69686;;;0.28;
2022.05.10 21:00:10;Sell;0.01;AUDUSD;0.69554;;;2022.05.11 15:31:28;0.69668;;-0.01;-1.14;
2022.05.11 12:00:12;Sell;0.02;AUDUSD;0.70028;;;2022.05.11 15:30:55;0.69754;;;5.48;
2022.05.09 05:00:06;Buy;0.02;AUDCAD;0.90851;;;2022.05.11 15:29:11;0.90955;;-0.18;1.60;
2022.05.09 12:00:16;Buy;0.04;AUDCAD;0.90558;;;2022.05.11 15:29:05;0.90958;-0.01;-0.34;12.33;
2022.05.10 19:03:44;Sell;0.01;USDCAD;1.30270;;;2022.05.11 11:51:13;1.29725;;-0.03;4.20;
2022.05.10 19:00:26;Buy;0.01;AUDUSD;0.69248;;;2022.05.10 20:59:11;0.69537;;;2.89;
2022.05.10 06:00:15;Sell;0.01;AUDUSD;0.69626;;;2022.05.10 18:04:33;0.69341;;;2.85;
2022.05.06 17:00:15;Buy;0.02;AUDNZD;1.10202;;;2022.05.10 15:56:23;1.10252;;-0.22;0.63;
2022.05.06 16:00:21;Buy;0.01;AUDNZD;1.10373;;;2022.05.10 15:56:22;1.10254;;-0.10;-0.76;
2022.05.09 22:00:15;Buy;0.05;AUDNZD;1.09877;;;2022.05.10 15:55:28;1.10261;-0.01;-0.26;12.14;
2022.05.09 20:00:19;Buy;0.03;AUDNZD;1.10098;;;2022.05.10 15:55:28;1.10263;;-0.16;3.13;
2022.05.09 14:00:50;Sell;0.01;GBPCAD;1.59636;;;2022.05.10 10:52:17;1.60367;;-0.02;-5.61;
2022.05.09 21:00:47;Sell;0.02;GBPCAD;1.60230;;;2022.05.10 10:52:01;1.60365;;-0.04;-2.08;
2022.05.10 05:00:57;Sell;0.04;GBPCAD;1.60831;;;2022.05.10 10:51:51;1.60349;-0.01;;14.81;
2022.05.10 04:00:33;Buy;0.02;AUDCAD;0.90186;;;2022.05.10 05:36:20;0.90464;;;4.27;
2022.05.09 22:00:31;Buy;0.01;AUDCAD;0.90383;;;2022.05.10 05:36:19;0.90464;;-0.04;0.62;
2022.05.09 02:00:06;Buy;0.01;AUDUSD;0.70531;;;2022.05.10 05:29:04;0.69543;;-0.03;-9.88;
2022.05.06 21:00:17;Buy;0.01;AUDUSD;0.70767;;;2022.05.10 05:29:04;0.69543;;-0.06;-12.24;
2022.05.10 04:00:20;Buy;0.13;AUDUSD;0.69215;;;2022.05.10 05:28:55;0.69564;;;45.37;
2022.05.10 02:00:22;Buy;0.08;AUDUSD;0.69515;;;2022.05.10 05:28:54;0.69564;;;3.92;
2022.05.09 21:00:46;Buy;0.05;AUDUSD;0.69657;;;2022.05.10 05:28:53;0.69555;;-0.16;-5.10;
2022.05.09 18:00:28;Buy;0.03;AUDUSD;0.69828;;;2022.05.10 05:28:52;0.69555;;-0.09;-8.19;
2022.05.09 04:00:11;Buy;0.02;AUDUSD;0.70127;;;2022.05.10 05:28:52;0.69549;;-0.06;-11.56;
2022.05.09 04:00:15;Sell;0.03;USDCAD;1.29386;;;2022.05.09 19:16:42;1.29524;;;-3.20;
2022.05.06 21:00:46;Sell;0.01;USDCAD;1.29039;;;2022.05.09 19:16:40;1.29524;;-0.03;-3.74;
2022.05.09 18:01:14;Sell;0.08;USDCAD;1.29725;;;2022.05.09 19:15:46;1.29498;;;14.02;
2022.05.09 17:03:35;Buy;0.01;GBPUSD;1.23168;;;2022.05.09 19:11:12;1.23437;;;2.69;
2022.05.09 16:00:33;Sell;0.04;GBPUSD;1.23882;;;2022.05.09 16:18:16;1.23653;;;9.16;
2022.05.09 15:00:29;Sell;0.02;GBPUSD;1.23637;;;2022.05.09 16:18:16;1.23653;;;-0.32;
2022.05.09 14:00:48;Sell;0.01;GBPUSD;1.23367;;;2022.05.09 16:18:13;1.23653;;;-2.86;
2022.05.09 04:00:14;Buy;0.01;GBPUSD;1.23033;;;2022.05.09 10:36:35;1.22968;;;-0.65;
2022.05.09 10:00:42;Buy;0.02;GBPUSD;1.22639;;;2022.05.09 10:36:30;1.22959;;;6.40;
2022.05.06 17:00:53;Sell;0.02;NZDCAD;0.82687;;;2022.05.09 04:38:52;0.82381;;-0.05;4.73;
2022.05.06 20:00:11;Sell;0.01;AUDUSD;0.71011;;;2022.05.06 20:56:35;0.70799;;;2.12;
2022.05.06 12:00:25;Sell;0.01;AUDUSD;0.70871;;;2022.05.06 20:56:33;0.70799;;;0.72;
2022.05.05 17:00:29;Buy;0.01;AUDCAD;0.91559;;;2022.05.06 15:40:32;0.91374;;-0.04;-1.45;
2022.05.05 19:00:29;Buy;0.02;AUDCAD;0.91118;;;2022.05.06 15:37:53;0.91430;;-0.09;4.86;
2022.05.05 10:00:29;Buy;0.02;NZDCAD;0.83029;;;2022.05.06 15:34:30;0.82715;;-0.03;-4.89;
2022.05.06 10:00:44;Buy;0.03;AUDCAD;0.90943;;;2022.05.06 15:32:46;0.91320;;;8.82;
2022.05.05 20:00:44;Buy;0.06;NZDCAD;0.82296;;;2022.05.06 15:32:27;0.82645;-0.01;-0.10;16.31;
2022.05.05 17:00:25;Buy;0.04;NZDCAD;0.82598;;;2022.05.06 15:32:26;0.82645;-0.01;-0.07;1.46;
2022.05.06 14:00:19;Sell;0.02;GBPUSD;1.23720;;;2022.05.06 14:43:51;1.23460;;;5.20;
2022.05.06 12:00:42;Sell;0.01;GBPUSD;1.23359;;;2022.05.06 14:43:51;1.23459;;;-1.00;
2022.05.05 19:00:12;Buy;0.05;AUDUSD;0.70922;;;2022.05.06 11:33:43;0.71111;;-0.16;9.45;
2022.05.05 15:00:20;Buy;0.01;AUDUSD;0.71926;;;2022.05.06 11:33:43;0.71111;;-0.03;-8.15;
2022.05.05 10:00:28;Buy;0.01;AUDUSD;0.72181;;;2022.05.06 11:33:42;0.71107;;-0.03;-10.74;
2022.05.06 10:00:55;Buy;0.08;AUDUSD;0.70714;;;2022.05.06 11:33:32;0.71117;;;32.24;
2022.05.05 17:00:09;Buy;0.02;AUDUSD;0.71629;;;2022.05.06 11:33:19;0.71106;;-0.06;-10.46;
2022.05.05 18:00:26;Buy;0.03;AUDUSD;0.71370;;;2022.05.06 11:32:56;0.71101;;-0.10;-8.07;
2022.05.06 10:01:08;Buy;0.01;GBPUSD;1.22841;;;2022.05.06 10:15:46;1.23141;;;3.00;
2022.05.03 10:00:24;Sell;0.02;AUDNZD;1.10407;;;2022.05.06 10:08:20;1.10433;;;-0.34;
2022.05.03 08:00:26;Sell;0.01;AUDNZD;1.10333;;;2022.05.06 10:08:20;1.10433;;;-0.64;
2022.05.03 11:00:12;Sell;0.03;AUDNZD;1.10550;;;2022.05.06 10:08:07;1.10415;;;2.59;
2022.05.04 17:00:43;Sell;0.05;AUDNZD;1.10735;;;2022.05.06 10:07:32;1.10412;-0.01;0.02;10.34;
2022.05.05 19:00:31;Buy;0.02;GBPUSD;1.23331;;;2022.05.06 01:58:29;1.23710;;-0.05;7.58;
2022.05.05 15:00:21;Buy;0.01;GBPUSD;1.23971;;;2022.05.06 01:58:27;1.23710;;-0.02;-2.61;
2022.05.05 21:00:34;Sell;0.03;USDCAD;1.28613;;;2022.05.06 01:56:16;1.28287;;-0.09;7.62;
2022.05.05 18:00:55;Sell;0.01;USDCAD;1.28146;;;2022.05.06 01:56:15;1.28287;;-0.03;-1.10;
2022.05.05 15:00:29;Buy;0.01;GBPCAD;1.58297;;;2022.05.05 21:37:38;1.58717;;;3.26;
2022.05.05 10:00:10;Buy;0.01;GBPUSD;1.25374;;;2022.05.05 13:02:40;1.25727;;;3.53;
2022.05.05 07:00:22;Buy;0.03;USDCAD;1.27199;;;2022.05.05 10:16:25;1.27495;;;6.96;
2022.05.05 02:00:24;Buy;0.01;USDCAD;1.27483;;;2022.05.05 10:16:25;1.27495;;;0.09;
2022.05.05 02:00:23;Sell;0.02;AUDCAD;0.92300;;;2022.05.05 09:54:46;0.91975;;;5.11;
2022.05.05 01:00:41;Sell;0.02;NZDCAD;0.83324;;;2022.05.05 09:50:15;0.83044;;;4.39;
2022.05.04 22:00:18;Sell;0.01;AUDUSD;0.72316;;;2022.05.05 09:44:30;0.72253;;-0.01;0.63;
2022.05.04 23:00:22;Sell;0.01;AUDUSD;0.72541;;;2022.05.05 09:44:24;0.72253;;-0.01;2.88;
2022.05.04 20:00:19;Sell;0.01;AUDCAD;0.91578;;;2022.05.05 07:29:10;0.92039;;-0.02;-3.62;
2022.05.04 23:00:24;Sell;0.03;AUDCAD;0.92380;;;2022.05.05 07:29:02;0.92021;;-0.06;8.47;
2022.05.04 22:00:45;Sell;0.02;AUDCAD;0.92168;;;2022.05.05 07:29:01;0.92021;;-0.04;2.31;
2022.05.04 23:00:25;Sell;0.02;GBPUSD;1.26159;;;2022.05.05 06:57:40;1.25844;;-0.08;6.30;
2022.05.04 22:00:46;Sell;0.01;GBPUSD;1.25697;;;2022.05.05 06:57:40;1.25844;;-0.04;-1.47;
2022.04.26 19:00:27;Buy;0.02;NZDCAD;0.84258;;;2022.05.04 22:32:33;0.83260;;-0.18;-15.66;
2022.04.27 19:00:22;Buy;0.04;NZDCAD;0.83879;;;2022.05.04 22:32:21;0.83255;-0.01;-0.35;-19.58;
2022.05.02 06:00:23;Buy;0.16;NZDCAD;0.82692;;;2022.05.04 22:32:15;0.83255;-0.02;-0.54;70.67;
2022.04.28 16:00:36;Buy;0.10;NZDCAD;0.83095;;;2022.05.04 22:32:13;0.83260;-0.01;-0.68;12.95;
2022.04.28 07:00:11;Buy;0.06;NZDCAD;0.83462;;;2022.05.04 22:32:13;0.83260;-0.01;-0.40;-9.51;
2022.05.04 20:00:19;Buy;0.01;GBPCAD;1.60069;;;2022.05.04 22:16:35;1.60466;;;3.11;
2022.05.04 12:00:13;Sell;0.01;AUDUSD;0.71178;;;2022.05.04 21:40:48;0.71599;;;-4.21;
2022.05.04 15:00:18;Sell;0.01;AUDUSD;0.71329;;;2022.05.04 21:39:27;0.71593;;;-2.64;
2022.05.04 20:00:18;Sell;0.02;AUDUSD;0.71498;;;2022.05.04 21:38:47;0.71569;;;-1.42;
2022.05.04 14:00:09;Buy;0.03;USDCAD;1.28063;;;2022.05.04 16:43:52;1.28344;;;6.57;
2022.05.03 23:00:03;Buy;0.01;USDCAD;1.28345;;;2022.05.04 16:43:51;1.28344;;-0.03;-0.01;
2022.05.03 20:00:37;Buy;0.01;AUDUSD;0.70942;;;2022.05.04 09:19:10;0.71208;;-0.03;2.66;
2022.05.03 15:00:33;Sell;0.01;AUDUSD;0.71187;;;2022.05.03 19:09:01;0.70882;;;3.05;
2022.05.03 11:00:13;Sell;0.02;AUDNZD;1.10550;;;2022.05.03 19:05:58;1.10242;;;3.97;
2022.05.03 08:00:27;Sell;0.01;AUDNZD;1.10333;;;2022.05.03 19:05:58;1.10241;;;0.59;
2022.05.03 14:00:13;Buy;0.01;AUDUSD;0.70854;;;2022.05.03 14:53:55;0.71123;;;2.69;
2022.05.03 04:00:33;Sell;0.01;AUDUSD;0.70895;;;2022.05.03 13:34:10;0.70837;;;0.58;
2022.05.03 09:00:19;Sell;0.01;AUDUSD;0.71053;;;2022.05.03 13:33:45;0.70842;;;2.11;
2022.04.26 11:00:21;Buy;0.01;AUDNZD;1.08486;;;2022.05.03 07:29:16;1.09850;;-0.25;8.80;
2022.05.02 05:00:16;Buy;0.01;AUDCAD;0.90653;;;2022.05.03 04:52:45;0.91123;;-0.04;3.65;
2022.05.02 21:00:18;Buy;0.01;GBPUSD;1.24839;;;2022.05.03 03:53:13;1.25151;;-0.02;3.12;
2022.05.02 18:00:12;Buy;0.01;AUDUSD;0.70483;;;2022.05.03 03:38:09;0.70788;;-0.03;3.05;
2022.04.29 21:00:05;Sell;0.02;GBPCAD;1.61455;;;2022.05.02 21:46:12;1.61049;-0.01;-0.04;6.29;
2022.04.29 19:00:35;Sell;0.01;GBPCAD;1.60864;;;2022.05.02 21:46:11;1.61044;;-0.02;-1.39;
2022.05.02 16:00:29;Sell;0.21;USDCAD;1.29014;;;2022.05.02 17:43:12;1.28832;;;29.67;
2022.05.02 11:00:33;Sell;0.08;USDCAD;1.28730;;;2022.05.02 17:43:11;1.28832;;;-6.33;
2022.04.29 23:00:52;Sell;0.03;USDCAD;1.28445;;;2022.05.02 17:43:10;1.28835;;-0.09;-9.08;
2022.04.29 20:00:18;Sell;0.01;USDCAD;1.28153;;;2022.05.02 17:43:09;1.28835;;-0.03;-5.29;
2022.05.02 13:00:57;Sell;0.01;AUDUSD;0.70723;;;2022.05.02 17:09:23;0.70431;;;2.92;
2022.05.02 05:00:16;Buy;0.02;AUDCAD;0.90653;;;2022.05.02 13:04:07;0.91027;;;5.81;
2022.04.29 23:00:23;Buy;0.02;AUDUSD;0.70668;;;2022.05.02 12:28:57;0.70715;;-0.06;0.94;
2022.04.29 20:00:12;Buy;0.01;AUDUSD;0.70853;;;2022.05.02 12:28:57;0.70715;;-0.03;-1.38;
2022.04.29 18:00:15;Buy;0.01;AUDUSD;0.71140;;;2022.05.02 12:28:56;0.70714;;-0.03;-4.26;
2022.05.02 05:00:16;Buy;0.03;AUDUSD;0.70444;;;2022.05.02 12:28:29;0.70706;;;7.86;
2022.04.29 08:00:10;Sell;0.02;AUDNZD;1.09707;;;2022.04.29 23:49:56;1.09355;;;4.54;
2022.04.28 11:00:19;Sell;0.01;AUDNZD;1.09466;;;2022.04.29 23:49:56;1.09355;;;0.72;
2022.04.29 11:00:19;Sell;0.03;AUDUSD;0.71599;;;2022.04.29 17:27:35;0.71374;;;6.75;
2022.04.29 08:00:15;Sell;0.02;AUDUSD;0.71439;;;2022.04.29 17:27:35;0.71374;;;1.30;
2022.04.29 04:00:16;Sell;0.01;AUDUSD;0.71246;;;2022.04.29 17:27:34;0.71374;;;-1.28;
2022.04.28 20:00:27;Sell;0.01;AUDUSD;0.71010;;;2022.04.29 17:27:34;0.71374;;-0.01;-3.64;
2022.04.29 08:00:09;Buy;0.01;USDCAD;1.27611;;;2022.04.29 17:17:36;1.27588;;;-0.18;
2022.04.29 11:00:20;Buy;0.03;USDCAD;1.27313;;;2022.04.29 17:17:27;1.27578;;;6.23;
2022.04.29 11:00:20;Sell;0.04;GBPUSD;1.25619;;;2022.04.29 15:41:13;1.25411;-0.01;;8.32;
2022.04.29 10:00:16;Sell;0.02;GBPUSD;1.25326;;;2022.04.29 15:41:13;1.25409;;;-1.66;
2022.04.29 08:00:09;Sell;0.01;GBPUSD;1.24941;;;2022.04.29 15:41:13;1.25409;;;-4.68;
2022.04.28 15:00:42;Buy;0.01;GBPCAD;1.60146;;;2022.04.29 10:38:21;1.59851;;-0.04;-2.32;
2022.04.28 21:00:15;Buy;0.02;GBPCAD;1.59375;;;2022.04.29 10:38:15;1.59858;-0.01;-0.09;7.59;
2022.04.28 04:00:16;Buy;0.02;AUDCAD;0.91301;;;2022.04.29 08:17:51;0.91289;;-0.09;-0.19;
2022.04.28 18:00:17;Buy;0.04;AUDCAD;0.90858;;;2022.04.29 08:17:48;0.91291;-0.01;-0.18;13.59;
2022.04.28 16:00:34;Buy;0.02;AUDUSD;0.70773;;;2022.04.28 19:45:34;0.70986;;;4.26;
2022.04.28 14:00:35;Buy;0.01;AUDUSD;0.70925;;;2022.04.28 19:45:34;0.70986;;;0.61;
2022.04.28 13:00:15;Buy;0.01;AUDUSD;0.71145;;;2022.04.28 19:45:33;0.70986;;;-1.59;
2022.04.28 14:00:36;Buy;0.01;GBPUSD;1.24694;;;2022.04.28 16:17:22;1.24600;;;-0.94;
2022.04.28 16:00:35;Buy;0.02;GBPUSD;1.24314;;;2022.04.28 16:17:16;1.24600;;;5.72;
2022.04.28 11:00:17;Sell;0.01;AUDUSD;0.71523;;;2022.04.28 12:46:07;0.71240;;;2.83;
2022.04.28 08:00:29;Buy;0.01;AUDCAD;0.91106;;;2022.04.28 10:32:17;0.91578;;;3.69;
2022.04.28 07:00:22;Buy;0.01;AUDUSD;0.70946;;;2022.04.28 10:13:02;0.71241;;;2.95;
2022.04.27 20:00:51;Sell;0.01;AUDUSD;0.71409;;;2022.04.28 03:23:17;0.71122;;-0.01;2.87;
2022.04.27 12:00:20;Sell;0.03;USDCAD;1.28436;;;2022.04.27 19:17:10;1.28151;;;6.67;
2022.04.26 17:00:31;Sell;0.01;USDCAD;1.28134;;;2022.04.27 19:17:09;1.28151;;-0.03;-0.13;
2022.04.27 15:00:26;Buy;0.01;AUDUSD;0.71386;;;2022.04.27 19:11:12;0.71363;;;-0.23;
2022.04.27 11:00:23;Buy;0.01;AUDUSD;0.71614;;;2022.04.27 19:11:11;0.71362;;;-2.52;
2022.04.27 18:00:18;Buy;0.02;AUDUSD;0.71074;;;2022.04.27 19:10:39;0.71365;;;5.82;
2022.04.26 08:00:18;Sell;0.02;AUDCAD;0.91636;;;2022.04.27 17:34:36;0.91346;;-0.04;4.52;
2022.04.27 05:00:14;Buy;0.01;GBPCAD;1.61069;;;2022.04.27 12:25:58;1.61489;;;3.28;
2022.04.26 18:00:49;Buy;0.01;GBPUSD;1.26191;;;2022.04.27 12:23:34;1.25743;;-0.02;-4.48;
2022.04.26 21:00:27;Buy;0.02;GBPUSD;1.25897;;;2022.04.27 12:23:11;1.25755;;-0.05;-2.84;
2022.04.27 12:00:19;Buy;0.04;GBPUSD;1.25416;;;2022.04.27 12:23:07;1.25749;;;13.32;
2022.04.27 08:00:50;Sell;0.01;AUDUSD;0.71829;;;2022.04.27 10:14:06;0.71552;;;2.77;
2022.04.27 05:00:13;Sell;0.01;AUDUSD;0.71583;;;2022.04.27 10:14:06;0.71552;;;0.31;
2022.04.26 23:00:37;Buy;0.02;AUDUSD;0.71385;;;2022.04.27 04:30:33;0.71645;;-0.06;5.20;
2022.04.26 10:00:29;Buy;0.01;AUDUSD;0.71964;;;2022.04.27 04:30:32;0.71644;;-0.03;-3.20;
2022.04.26 18:00:24;Buy;0.01;AUDUSD;0.71528;;;2022.04.27 04:30:22;0.71638;;-0.03;1.10;
2022.04.26 08:00:08;Buy;0.02;GBPCAD;1.61924;;;2022.04.26 16:45:36;1.62342;-0.01;;6.53;
2022.04.25 10:01:00;Buy;0.01;GBPCAD;1.62448;;;2022.04.26 16:45:35;1.62344;;-0.04;-0.81;
2022.04.21 02:00:32;Buy;0.06;NZDCAD;0.84622;;;2022.04.26 16:42:16;0.84716;-0.01;-0.31;4.41;
2022.04.18 07:00:54;Buy;0.04;NZDCAD;0.85067;;;2022.04.26 16:42:15;0.84716;-0.01;-0.38;-10.97;
2022.04.14 12:00:50;Buy;0.02;NZDCAD;0.85516;;;2022.04.26 16:42:13;0.84715;;-0.25;-12.52;
2022.04.25 04:00:24;Buy;0.10;NZDCAD;0.84236;;;2022.04.26 16:41:43;0.84732;-0.01;-0.17;38.77;
2022.04.26 08:00:17;Sell;0.02;AUDUSD;0.72232;;;2022.04.26 09:58:09;0.71983;;;4.98;
2022.04.26 06:00:23;Sell;0.01;AUDUSD;0.72075;;;2022.04.26 09:58:08;0.71983;;;0.92;
2022.04.25 23:00:30;Sell;0.01;AUDUSD;0.71743;;;2022.04.26 09:58:05;0.71983;;-0.01;-2.40;
2022.04.22 20:00:21;Buy;0.03;AUDCAD;0.92076;;;2022.04.26 06:13:11;0.91787;;-0.26;-6.82;
2022.04.25 04:00:24;Buy;0.05;AUDCAD;0.91832;;;2022.04.26 06:13:10;0.91787;-0.01;-0.22;-1.77;
2022.04.21 18:00:56;Buy;0.01;AUDCAD;0.92506;;;2022.04.26 06:13:10;0.91787;;-0.12;-5.66;
2022.04.22 10:00:52;Buy;0.02;AUDCAD;0.92342;;;2022.04.26 06:12:52;0.91786;;-0.18;-8.75;
2022.04.25 08:00:23;Buy;0.12;AUDCAD;0.91316;;;2022.04.26 06:12:43;0.91784;-0.02;-0.53;44.19;
2022.04.25 05:00:19;Buy;0.08;AUDCAD;0.91567;;;2022.04.26 06:12:42;0.91784;-0.01;-0.36;13.66;
2022.04.25 16:00:27;Buy;0.02;AUDNZD;1.08354;;;2022.04.26 06:10:22;1.08746;;-0.11;5.20;
2022.04.25 10:00:50;Buy;0.01;AUDNZD;1.08617;;;2022.04.26 06:10:21;1.08747;;-0.05;0.86;
2022.04.22 15:00:12;Buy;0.01;AUDNZD;1.09270;;;2022.04.26 06:08:54;1.08713;;-0.10;-3.70;
2022.04.25 05:00:12;Buy;0.05;AUDNZD;1.08822;;;2022.04.26 06:08:34;1.08718;-0.01;-0.27;-3.45;
2022.04.25 04:01:24;Buy;0.03;AUDNZD;1.09021;;;2022.04.26 06:08:33;1.08718;;-0.16;-6.04;
2022.04.22 23:00:28;Buy;0.02;AUDNZD;1.09139;;;2022.04.26 06:08:32;1.08719;;-0.22;-5.58;
2022.04.25 12:00:37;Buy;0.18;AUDNZD;1.08456;;;2022.04.26 06:08:28;1.08720;-0.03;-0.98;31.54;
2022.04.25 10:00:33;Buy;0.12;AUDNZD;1.08601;;;2022.04.26 06:08:27;1.08720;-0.02;-0.65;9.48;
2022.04.25 08:00:08;Buy;0.08;AUDNZD;1.08707;;;2022.04.26 06:08:27;1.08720;-0.01;-0.43;0.69;
2022.04.25 01:00:14;Buy;0.02;AUDCAD;0.92126;;;2022.04.26 06:02:30;0.91689;;-0.09;-6.88;
2022.04.25 05:00:11;Buy;0.04;AUDCAD;0.91573;;;2022.04.26 06:01:59;0.91695;-0.01;-0.18;3.83;
2022.04.25 09:00:11;Buy;0.06;AUDCAD;0.91240;;;2022.04.26 06:01:37;0.91682;-0.01;-0.27;20.86;
2022.04.25 17:00:17;Buy;0.01;AUDUSD;0.71470;;;2022.04.25 21:32:50;0.71739;;;2.69;
2022.04.25 19:00:48;Buy;0.04;GBPUSD;1.27010;;;2022.04.25 21:00:51;1.27369;;;14.36;
2022.04.25 10:00:52;Buy;0.02;GBPUSD;1.27401;;;2022.04.25 21:00:50;1.27365;;;-0.72;
2022.04.25 05:00:20;Buy;0.01;GBPUSD;1.27999;;;2022.04.25 21:00:48;1.27360;;;-6.39;
2022.04.25 15:00:17;Sell;0.01;AUDUSD;0.71789;;;2022.04.25 16:17:18;0.71501;;;2.88;
2022.04.25 14:00:53;Buy;0.01;AUDUSD;0.71511;;;2022.04.25 14:39:25;0.71804;;;2.93;
2022.04.25 11:00:21;Sell;0.01;AUDUSD;0.71794;;;2022.04.25 13:10:29;0.71500;;;2.94;
2022.04.21 20:00:28;Sell;0.01;USDCAD;1.25524;;;2022.04.25 11:05:13;1.27273;;-0.06;-13.74;
2022.04.22 18:00:43;Sell;0.55;USDCAD;1.27143;;;2022.04.25 11:04:48;1.27277;;-1.68;-57.91;
2022.04.22 12:00:22;Sell;0.21;USDCAD;1.26690;;;2022.04.25 11:04:47;1.27272;;-0.64;-96.03;
2022.04.22 10:00:59;Sell;0.08;USDCAD;1.26235;;;2022.04.25 11:04:47;1.27271;;-0.24;-65.12;
2022.04.21 22:00:07;Sell;0.03;USDCAD;1.25783;;;2022.04.25 11:04:46;1.27271;;-0.19;-35.07;
2022.04.25 10:00:53;Sell;1.43;USDCAD;1.27503;;;2022.04.25 11:04:37;1.27277;;;253.92;
2022.04.22 22:00:14;Buy;0.34;AUDUSD;0.72392;;;2022.04.25 08:40:13;0.71595;;-1.12;-270.98;
2022.04.21 15:00:22;Buy;0.01;AUDUSD;0.74261;;;2022.04.25 08:40:12;0.71595;;-0.06;-26.66;
2022.04.25 05:00:17;Buy;0.89;AUDUSD;0.71878;;;2022.04.25 08:40:10;0.71591;;;-255.43;
2022.04.25 04:00:23;Buy;0.55;AUDUSD;0.72147;;;2022.04.25 08:40:10;0.71591;;;-305.80;
2022.04.22 18:00:19;Buy;0.21;AUDUSD;0.72541;;;2022.04.25 08:39:49;0.71573;;-0.69;-203.28;
2022.04.22 17:00:39;Buy;0.13;AUDUSD;0.72730;;;2022.04.25 08:39:48;0.71573;;-0.43;-150.41;
2022.04.22 10:00:29;Buy;0.08;AUDUSD;0.73147;;;2022.04.25 08:39:47;0.71573;;-0.26;-125.92;
2022.04.22 08:00:10;Buy;0.05;AUDUSD;0.73428;;;2022.04.25 08:39:47;0.71573;;-0.16;-92.75;
2022.04.22 03:00:24;Buy;0.03;AUDUSD;0.73613;;;2022.04.25 08:39:44;0.71570;;-0.10;-61.29;
2022.04.21 19:00:18;Buy;0.02;AUDUSD;0.73751;;;2022.04.25 08:39:43;0.71570;;-0.13;-43.62;
2022.04.21 18:00:16;Buy;0.01;AUDUSD;0.73975;;;2022.04.25 08:39:43;0.71570;;-0.06;-24.05;
2022.04.20 07:00:18;Sell;0.01;AUDNZD;1.09733;;;2022.04.22 14:43:26;1.09258;;;3.18;
2022.04.21 02:00:32;Sell;0.02;AUDNZD;1.09854;;;2022.04.22 14:40:45;1.09296;;-0.01;7.46;
2022.04.20 07:00:18;Sell;0.01;AUDNZD;1.09732;;;2022.04.22 14:40:44;1.09296;;;2.91;
2022.04.22 13:00:21;Buy;0.02;GBPUSD;1.28688;;;2022.04.22 13:52:47;1.28977;;;5.78;
2022.04.22 11:00:21;Buy;0.01;GBPUSD;1.29067;;;2022.04.22 13:52:47;1.28977;;;-0.90;
2022.04.21 11:00:11;Sell;0.01;AUDUSD;0.74566;;;2022.04.21 14:13:23;0.74340;;;2.26;
2022.04.21 09:00:14;Sell;0.01;AUDUSD;0.74414;;;2022.04.21 14:13:22;0.74340;;;0.74;
2022.04.20 18:00:44;Buy;0.03;USDCAD;1.24918;;;2022.04.21 13:57:41;1.24856;;-0.08;-1.49;
2022.04.20 16:00:35;Buy;0.01;USDCAD;1.25257;;;2022.04.21 13:57:40;1.24856;;-0.03;-3.21;
2022.04.21 11:00:12;Buy;0.08;USDCAD;1.24609;;;2022.04.21 13:57:33;1.24852;-0.01;;15.57;
2022.04.20 18:00:09;Sell;0.05;AUDUSD;0.74550;;;2022.04.21 06:34:02;0.74260;;-0.07;14.50;
2022.04.20 12:00:23;Sell;0.03;AUDUSD;0.74324;;;2022.04.21 06:34:00;0.74254;;-0.04;2.10;
2022.04.20 07:00:18;Sell;0.02;AUDUSD;0.74111;;;2022.04.21 06:33:59;0.74254;;-0.03;-2.86;
2022.04.20 04:00:46;Sell;0.01;AUDUSD;0.73960;;;2022.04.21 06:33:59;0.74254;;-0.01;-2.94;
2022.04.19 17:00:31;Sell;0.01;AUDUSD;0.73781;;;2022.04.21 06:33:58;0.74254;;-0.02;-4.73;
2022.04.14 14:00:16;Buy;0.02;AUDNZD;1.09132;;;2022.04.20 06:52:44;1.09720;;-0.40;7.94;
2022.04.14 08:01:24;Buy;0.01;AUDNZD;1.09255;;;2022.04.20 06:52:43;1.09720;;-0.20;3.14;
2022.04.18 18:00:21;Buy;0.06;AUDCAD;0.92883;;;2022.04.20 04:58:47;0.93325;-0.01;-0.46;21.04;
2022.04.15 10:00:14;Buy;0.04;AUDCAD;0.93324;;;2022.04.20 04:58:47;0.93325;-0.01;-0.45;0.03;
2022.04.13 19:00:21;Buy;0.02;AUDCAD;0.93597;;;2022.04.20 04:58:36;0.93318;;-0.40;-4.42;
2022.04.19 18:01:02;Buy;0.01;GBPUSD;1.29903;;;2022.04.20 04:05:34;1.30216;;-0.02;3.13;
2022.04.18 19:00:12;Buy;0.05;AUDCAD;0.92819;;;2022.04.20 01:26:05;0.93190;-0.01;-0.38;14.71;
2022.04.18 07:00:54;Buy;0.03;AUDCAD;0.93028;;;2022.04.20 01:26:04;0.93190;;-0.22;3.86;
2022.04.18 04:00:10;Buy;0.02;AUDCAD;0.93274;;;2022.04.20 01:26:04;0.93190;;-0.16;-1.33;
2022.04.14 12:00:50;Buy;0.01;AUDCAD;0.93464;;;2022.04.20 01:26:04;0.93190;;-0.16;-2.17;
2022.04.19 12:00:29;Sell;0.01;AUDUSD;0.73862;;;2022.04.19 14:11:38;0.73576;;;2.86;
2022.04.19 06:00:26;Buy;0.01;GBPCAD;1.63701;;;2022.04.19 11:58:44;1.64113;;;3.28;
2022.04.18 07:00:13;Buy;0.03;AUDUSD;0.73592;;;2022.04.19 10:07:32;0.73862;;-0.09;8.10;
2022.04.18 04:00:10;Buy;0.02;AUDUSD;0.73855;;;2022.04.19 10:07:32;0.73862;;-0.06;0.14;
2022.04.15 05:00:12;Buy;0.01;AUDUSD;0.74048;;;2022.04.19 10:07:30;0.73862;;-0.06;-1.86;
2022.04.14 17:00:42;Buy;0.01;AUDUSD;0.74189;;;2022.04.19 10:07:29;0.73863;;-0.09;-3.26;
2022.04.14 17:00:32;Buy;0.01;GBPUSD;1.30394;;;2022.04.14 20:53:00;1.30744;;;3.50;
2022.04.13 21:00:20;Buy;0.01;USDCAD;1.25686;;;2022.04.14 17:56:55;1.26236;;-0.03;4.36;
2022.04.13 20:00:23;Sell;0.01;GBPCAD;1.64805;;;2022.04.14 16:45:51;1.64396;;-0.03;3.25;
2022.04.13 20:00:18;Sell;0.01;AUDUSD;0.74396;;;2022.04.14 16:01:45;0.74315;;-0.01;0.81;
2022.04.14 04:00:28;Sell;0.01;AUDUSD;0.74570;;;2022.04.14 16:01:31;0.74312;;;2.58;
2022.04.14 05:00:15;Sell;0.04;GBPUSD;1.31330;;;2022.04.14 15:40:50;1.31078;-0.01;;10.08;
2022.04.13 19:00:22;Sell;0.01;GBPUSD;1.30706;;;2022.04.14 15:39:18;1.31124;;-0.04;-4.18;
2022.04.13 22:00:25;Sell;0.02;GBPUSD;1.31081;;;2022.04.14 15:38:52;1.31131;;-0.08;-1.00;
2022.04.13 21:00:20;Buy;0.06;NZDCAD;0.85263;;;2022.04.14 08:14:44;0.85741;-0.01;-0.10;22.85;
2022.04.13 15:01:06;Buy;0.04;NZDCAD;0.85753;;;2022.04.14 08:14:44;0.85740;-0.01;-0.06;-0.41;
2022.04.13 08:00:21;Buy;0.02;NZDCAD;0.86095;;;2022.04.14 08:14:43;0.85740;;-0.03;-5.66;
2022.04.08 22:00:12;Sell;0.01;AUDNZD;1.08993;;;2022.04.14 05:01:00;1.09386;;;-2.68;
2022.04.13 21:00:54;Sell;0.08;AUDNZD;1.09659;;;2022.04.14 05:00:43;1.09381;-0.01;-0.03;15.16;
2022.04.13 13:00:20;Sell;0.05;AUDNZD;1.09505;;;2022.04.14 05:00:43;1.09382;-0.01;-0.02;4.19;
2022.04.13 10:00:39;Sell;0.03;AUDNZD;1.09383;;;2022.04.14 05:00:42;1.09382;;-0.01;0.02;
2022.04.13 08:00:14;Sell;0.02;AUDNZD;1.09225;;;2022.04.14 05:00:41;1.09381;;-0.01;-2.13;
2022.04.13 15:00:53;Buy;0.01;AUDUSD;0.74145;;;2022.04.13 19:17:33;0.74393;;;2.48;
2022.04.13 10:00:30;Buy;0.01;AUDUSD;0.74319;;;2022.04.13 19:17:33;0.74398;;;0.79;
2022.04.12 16:00:28;Sell;0.01;AUDUSD;0.74750;;;2022.04.13 09:29:59;0.74379;;-0.01;3.71;
2022.04.12 11:00:29;Sell;0.01;AUDUSD;0.74315;;;2022.04.13 09:29:59;0.74379;;-0.01;-0.64;
2022.04.12 13:00:07;Sell;0.02;NZDCAD;0.86488;;;2022.04.13 07:37:24;0.86154;;-0.06;5.29;
2022.04.12 05:00:13;Sell;0.01;USDCAD;1.26542;;;2022.04.12 15:46:04;1.25962;;;4.60;
2022.04.08 17:01:13;Buy;0.03;AUDCAD;0.93684;;;2022.04.12 11:19:51;0.94056;;-0.22;8.82;
2022.04.07 07:00:19;Buy;0.02;AUDCAD;0.93951;;;2022.04.12 11:19:50;0.94054;;-0.24;1.63;
2022.04.06 18:00:37;Buy;0.01;AUDCAD;0.94237;;;2022.04.12 11:19:49;0.94054;;-0.16;-1.45;
2022.04.12 04:00:10;Buy;0.01;AUDUSD;0.74075;;;2022.04.12 08:20:17;0.74350;;;2.75;
2022.04.11 17:00:23;Buy;0.01;AUDUSD;0.74221;;;2022.04.12 08:20:16;0.74350;;-0.03;1.29;
2022.04.08 11:00:23;Buy;0.04;NZDCAD;0.86369;;;2022.04.12 05:33:41;0.86429;-0.01;-0.12;1.89;
2022.04.05 23:00:16;Buy;0.02;NZDCAD;0.86737;;;2022.04.12 05:33:40;0.86429;;-0.15;-4.87;
2022.04.08 22:00:13;Buy;0.06;NZDCAD;0.86034;;;2022.04.12 05:33:39;0.86429;-0.01;-0.20;18.74;
2022.04.11 13:00:09;Sell;0.01;AUDUSD;0.74538;;;2022.04.11 16:38:51;0.74239;;;2.99;
2022.04.11 05:00:23;Buy;0.01;AUDUSD;0.74288;;;2022.04.11 12:56:53;0.74531;;;2.43;
2022.04.11 03:00:15;Buy;0.01;AUDUSD;0.74458;;;2022.04.11 12:56:53;0.74531;;;0.73;
2022.04.05 22:00:12;Buy;0.01;GBPUSD;1.30824;;;2022.04.11 10:53:34;1.30237;;-0.08;-5.87;
2022.04.07 20:00:12;Buy;0.02;GBPUSD;1.30553;;;2022.04.11 10:53:29;1.30241;;-0.08;-6.24;
2022.04.11 10:00:34;Buy;0.08;GBPUSD;1.29961;;;2022.04.11 10:53:28;1.30241;;;22.40;
2022.04.08 16:00:54;Buy;0.04;GBPUSD;1.30257;;;2022.04.11 10:53:28;1.30241;;-0.08;-0.64;
2022.04.07 02:00:14;Sell;0.03;USDCAD;1.25549;;;2022.04.11 09:04:57;1.25916;;-0.20;-8.74;
2022.04.06 22:00:43;Sell;0.01;USDCAD;1.25196;;;2022.04.11 09:04:56;1.25916;;-0.09;-5.72;
2022.04.07 18:00:32;Sell;0.08;USDCAD;1.25843;;;2022.04.11 09:04:33;1.25924;;-0.54;-5.15;
2022.04.11 06:00:37;Sell;0.21;USDCAD;1.26107;;;2022.04.11 09:04:30;1.25922;;;30.85;
2022.04.07 06:00:19;Buy;0.03;AUDUSD;0.74908;;;2022.04.08 18:59:55;0.74589;;-0.09;-9.57;
2022.04.06 22:00:40;Buy;0.02;AUDUSD;0.75123;;;2022.04.08 18:59:54;0.74590;;-0.12;-10.66;
2022.04.06 18:00:37;Buy;0.01;AUDUSD;0.75347;;;2022.04.08 18:59:53;0.74590;;-0.06;-7.57;
2022.04.06 14:00:13;Buy;0.01;AUDUSD;0.75719;;;2022.04.08 18:59:53;0.74590;;-0.06;-11.29;
2022.04.08 17:00:23;Buy;0.13;AUDUSD;0.74283;;;2022.04.08 18:59:49;0.74590;;;39.91;
2022.04.08 16:00:53;Buy;0.08;AUDUSD;0.74522;;;2022.04.08 18:59:49;0.74590;;;5.44;
2022.04.07 19:00:33;Buy;0.05;AUDUSD;0.74723;;;2022.04.08 18:59:47;0.74590;;-0.15;-6.65;
2022.04.07 07:00:04;Buy;0.03;AUDNZD;1.08452;;;2022.04.08 14:38:32;1.08876;;-0.15;8.73;
2022.04.06 22:00:41;Buy;0.02;AUDNZD;1.08602;;;2022.04.08 14:38:30;1.08873;;-0.20;3.72;
2022.04.06 18:00:14;Buy;0.01;AUDNZD;1.08767;;;2022.04.08 14:38:29;1.08873;;-0.10;0.72;
2022.04.06 03:00:22;Sell;0.03;AUDNZD;1.09176;;;2022.04.06 17:57:28;1.08788;;;8.07;
2022.04.05 11:00:19;Sell;0.02;AUDNZD;1.09065;;;2022.04.06 17:57:28;1.08790;;-0.01;3.82;
2022.04.05 08:00:14;Sell;0.01;AUDNZD;1.08937;;;2022.04.06 17:57:25;1.08788;;;1.03;
2022.04.05 08:00:53;Sell;0.01;AUDNZD;1.08945;;;2022.04.06 17:50:50;1.08808;;;0.95;
2022.04.06 03:00:23;Sell;0.02;AUDNZD;1.09176;;;2022.04.06 17:50:37;1.08804;;;5.16;
2022.04.06 05:00:23;Buy;0.02;AUDUSD;0.75668;;;2022.04.06 10:01:03;0.75843;;;3.50;
2022.04.05 23:00:15;Buy;0.01;AUDUSD;0.75791;;;2022.04.06 10:01:01;0.75840;;-0.03;0.49;
2022.04.05 19:00:09;Buy;0.01;AUDUSD;0.75966;;;2022.04.06 10:00:59;0.75840;;-0.03;-1.26;
2022.04.04 19:00:25;Sell;0.02;NZDCAD;0.86973;;;2022.04.05 22:23:21;0.86652;;-0.06;5.14;
2022.04.05 17:00:29;Buy;0.01;USDCAD;1.24113;;;2022.04.05 19:50:48;1.24677;;;4.52;
2022.04.05 11:00:12;Sell;0.04;AUDCAD;0.95036;;;2022.04.05 18:51:34;0.94687;-0.01;;11.21;
2022.04.04 06:00:06;Sell;0.02;AUDCAD;0.93958;;;2022.04.05 18:51:33;0.94692;;-0.05;-11.79;
2022.04.05 12:00:16;Sell;0.03;AUDUSD;0.76379;;;2022.04.05 18:44:45;0.76094;;;8.55;
2022.04.05 10:00:16;Sell;0.02;AUDUSD;0.76231;;;2022.04.05 18:44:43;0.76093;;;2.76;
2022.04.05 08:00:15;Sell;0.01;AUDUSD;0.75974;;;2022.04.05 18:44:43;0.76088;;;-1.14;
2022.04.04 18:00:16;Sell;0.01;AUDUSD;0.75435;;;2022.04.05 18:44:42;0.76086;;-0.01;-6.51;
2022.04.05 08:00:53;Sell;0.01;AUDCAD;0.94830;;;2022.04.05 17:19:05;0.94779;;;0.41;
2022.04.05 10:00:44;Sell;0.02;AUDCAD;0.95065;;;2022.04.05 17:17:20;0.94737;;;5.28;
2022.03.31 06:00:22;Sell;0.01;USDCAD;1.25140;;;2022.04.05 10:07:24;1.24605;;-0.09;4.29;
2022.04.04 02:00:10;Buy;0.01;AUDNZD;1.08330;;;2022.04.05 07:31:07;1.08860;;-0.05;3.69;
2022.04.04 17:00:11;Buy;0.02;AUDNZD;1.08161;;;2022.04.05 07:30:38;1.08914;;-0.10;10.47;
2022.03.31 20:00:26;Buy;0.02;NZDCAD;0.86558;;;2022.04.04 18:12:01;0.86905;;-0.06;5.56;
2022.04.04 14:00:21;Buy;0.01;AUDUSD;0.75079;;;2022.04.04 17:51:12;0.75373;;;2.94;
2022.04.01 18:00:21;Buy;0.01;AUDUSD;0.74913;;;2022.04.04 10:57:13;0.75200;;-0.03;2.87;
2022.04.01 17:00:25;Sell;0.08;AUDNZD;1.08548;;;2022.04.01 23:57:51;1.08343;-0.01;;11.36;
2022.03.31 13:00:37;Sell;0.01;AUDNZD;1.07937;;;2022.04.01 23:57:49;1.08349;;;-2.86;
2022.04.01 03:00:56;Sell;0.02;AUDNZD;1.08083;;;2022.04.01 23:57:29;1.08337;;;-3.52;
2022.04.01 13:00:09;Sell;0.05;AUDNZD;1.08382;;;2022.04.01 23:57:21;1.08327;-0.01;;1.91;
2022.04.01 11:00:33;Sell;0.03;AUDNZD;1.08233;;;2022.04.01 23:56:59;1.08331;;;-2.04;
2022.04.01 12:00:22;Sell;0.01;AUDUSD;0.75128;;;2022.04.01 17:39:29;0.74823;;;3.05;
2022.03.31 07:00:55;Buy;0.01;AUDUSD;0.74862;;;2022.04.01 11:47:42;0.75151;;-0.03;2.89;
2022.04.01 08:00:40;Buy;0.01;AUDCAD;0.93466;;;2022.04.01 11:35:14;0.93941;;;3.80;
2022.03.30 12:00:19;Buy;0.01;AUDNZD;1.07748;;;2022.04.01 10:40:56;1.08211;;-0.10;3.20;
2022.03.29 18:00:37;Sell;0.02;NZDCAD;0.86650;;;2022.03.31 15:19:50;0.86731;;-0.12;-1.29;
2022.03.30 12:00:21;Sell;0.04;NZDCAD;0.87022;;;2022.03.31 15:19:04;0.86726;-0.01;-0.11;9.46;
2022.03.30 19:00:07;Buy;0.18;AUDNZD;1.07616;;;2022.03.31 12:45:39;1.07937;-0.03;-0.89;40.05;
2022.03.30 12:00:08;Buy;0.12;AUDNZD;1.07748;;;2022.03.31 12:45:38;1.07937;-0.02;-0.60;15.72;
2022.03.30 11:00:17;Buy;0.08;AUDNZD;1.07976;;;2022.03.31 12:45:38;1.07937;-0.01;-0.40;-2.16;
2022.03.30 04:00:12;Buy;0.05;AUDNZD;1.08094;;;2022.03.31 12:45:38;1.07937;-0.01;-0.25;-5.44;
2022.03.29 20:00:13;Buy;0.03;AUDNZD;1.08252;;;2022.03.31 12:45:36;1.07937;;-0.30;-6.55;
2022.03.29 16:00:24;Buy;0.02;AUDNZD;1.08450;;;2022.03.31 12:45:35;1.07937;;-0.20;-7.11;
2022.03.29 15:00:28;Buy;0.01;AUDNZD;1.08627;;;2022.03.31 12:45:35;1.07937;;-0.10;-4.78;
2022.03.30 02:00:31;Sell;0.01;AUDUSD;0.75181;;;2022.03.31 06:31:37;0.74901;;-0.01;2.80;
2022.03.30 17:00:41;Sell;0.01;GBPUSD;1.31708;;;2022.03.30 19:38:56;1.31420;;;2.88;
2022.03.30 17:00:43;Buy;0.03;USDCAD;1.24453;;;2022.03.30 18:28:34;1.24762;;;7.43;
2022.03.29 15:00:49;Buy;0.01;USDCAD;1.24799;;;2022.03.30 18:28:34;1.24762;;-0.03;-0.30;
2022.03.29 20:00:12;Buy;0.01;AUDUSD;0.74887;;;2022.03.30 01:41:20;0.75225;;-0.03;3.38;
2022.03.29 16:00:25;Buy;0.01;AUDUSD;0.74769;;;2022.03.29 18:54:13;0.75103;;;3.34;
2022.03.29 04:00:25;Buy;0.02;NZDCAD;0.86328;;;2022.03.29 17:57:30;0.86671;;;5.48;
2022.03.29 15:00:28;Sell;0.01;AUDUSD;0.75045;;;2022.03.29 15:30:44;0.74775;;;2.70;
2022.03.29 12:00:13;Buy;0.01;AUDUSD;0.74824;;;2022.03.29 14:55:34;0.75081;;;2.57;
2022.03.29 10:00:47;Sell;0.01;AUDUSD;0.75135;;;2022.03.29 11:52:28;0.74841;;;2.94;
2022.03.23 22:00:26;Buy;0.01;AUDNZD;1.07447;;;2022.03.29 10:45:43;1.08789;;-0.20;9.25;
2022.03.28 17:01:30;Buy;0.02;GBPUSD;1.30791;;;2022.03.29 09:48:27;1.31037;;-0.04;4.92;
2022.03.28 15:00:47;Buy;0.01;GBPUSD;1.31136;;;2022.03.29 09:48:26;1.31040;;-0.02;-0.96;
2022.03.29 04:00:28;Buy;0.01;AUDUSD;0.74784;;;2022.03.29 09:39:23;0.75047;;;2.63;
2022.03.28 13:00:38;Buy;0.04;NZDCAD;0.86547;;;2022.03.29 05:55:36;0.86375;-0.02;-0.07;-5.50;
2022.03.24 21:00:20;Sell;0.01;AUDNZD;1.08027;;;2022.03.29 05:55:29;1.08510;;;-3.33;
2022.03.28 17:00:22;Buy;0.01;AUDUSD;0.74729;;;2022.03.29 02:13:34;0.75050;;-0.03;3.21;
2022.03.28 18:00:32;Sell;0.01;USDCAD;1.25781;;;2022.03.28 21:55:11;1.25262;;;4.14;
2022.03.25 17:00:40;Buy;0.02;NZDCAD;0.87052;;;2022.03.28 21:01:09;0.86504;;-0.03;-8.74;
2022.03.28 13:00:38;Buy;0.04;NZDCAD;0.86547;;;2022.03.28 21:00:49;0.86501;-0.01;;-1.47;
2022.03.24 21:00:20;Sell;0.01;AUDNZD;1.08027;;;2022.03.28 21:00:48;1.08646;;;-4.27;
2022.03.28 13:00:35;Sell;0.04;AUDNZD;1.08523;;;2022.03.28 21:00:38;1.07840;-0.01;;18.84;
2022.03.28 07:00:21;Sell;0.02;AUDNZD;1.08238;;;2022.03.28 21:00:37;1.07840;;;5.48;
2022.03.25 22:00:24;Buy;0.01;GBPCAD;1.64518;;;2022.03.28 16:55:21;1.64325;;-0.04;-1.54;
2022.03.28 13:00:36;Buy;0.02;GBPCAD;1.63946;;;2022.03.28 16:54:36;1.64352;-0.01;;6.46;
2022.03.25 23:00:11;Buy;0.01;USDCAD;1.24676;;;2022.03.28 16:19:11;1.25213;;-0.03;4.29;
2022.03.23 13:00:18;Sell;0.04;AUDCAD;0.94091;;;2022.03.28 16:11:48;0.93716;-0.01;-0.33;11.98;
2022.03.22 18:00:21;Sell;0.02;AUDCAD;0.93712;;;2022.03.28 16:11:43;0.93706;;-0.20;0.09;
2022.03.24 18:00:14;Sell;0.05;AUDUSD;0.75248;;;2022.03.28 16:10:17;0.74890;;-0.14;17.90;
2022.03.22 14:47:33;Sell;0.01;AUDUSD;0.74282;;;2022.03.28 16:10:17;0.74893;;-0.04;-6.11;
2022.03.23 19:00:31;Sell;0.03;AUDUSD;0.74973;;;2022.03.28 16:09:56;0.74901;;-0.12;2.16;
2022.03.22 17:00:29;Sell;0.01;AUDUSD;0.74470;;;2022.03.28 16:09:55;0.74894;;-0.04;-4.24;
2022.03.22 23:00:25;Sell;0.02;AUDUSD;0.74662;;;2022.03.28 16:09:28;0.74857;;-0.12;-3.90;
2022.03.24 20:00:19;Buy;0.02;NZDCAD;0.87142;;;2022.03.25 09:16:21;0.87499;;-0.03;5.70;
2022.03.24 11:00:39;Buy;0.01;GBPCAD;1.65756;;;2022.03.25 07:23:14;1.65565;;-0.04;-1.52;
2022.03.24 18:00:34;Buy;0.02;GBPCAD;1.65126;;;2022.03.25 07:23:08;1.65564;-0.01;-0.07;7.00;
2022.03.24 18:00:36;Buy;0.03;USDCAD;1.25141;;;2022.03.24 19:35:30;1.25497;;;8.51;
2022.03.23 19:00:40;Buy;0.01;USDCAD;1.25569;;;2022.03.24 19:35:28;1.25497;;-0.03;-0.57;
2022.03.23 02:00:28;Sell;0.02;NZDCAD;0.87587;;;2022.03.24 16:49:56;0.87249;;-0.06;5.39;
2022.03.23 22:00:27;Sell;0.05;AUDCAD;0.94272;;;2022.03.24 11:06:37;0.93959;-0.01;-0.13;12.45;
2022.03.23 13:00:20;Sell;0.03;AUDCAD;0.94092;;;2022.03.24 11:06:35;0.93960;;-0.08;3.15;
2022.03.23 02:00:28;Sell;0.02;AUDCAD;0.93905;;;2022.03.24 11:06:34;0.93958;;-0.05;-0.85;
2022.03.22 17:00:35;Sell;0.01;AUDCAD;0.93663;;;2022.03.24 11:06:32;0.93958;;-0.06;-2.35;
2022.03.22 14:00:25;Buy;0.02;AUDNZD;1.07015;;;2022.03.23 19:44:15;1.07631;;-0.10;8.58;
2022.03.22 13:00:19;Buy;0.01;AUDNZD;1.07224;;;2022.03.23 19:44:13;1.07631;;-0.05;2.83;
2022.03.23 17:00:38;Buy;0.01;GBPUSD;1.31778;;;2022.03.23 18:27:04;1.32115;;;3.37;
2022.03.22 17:00:38;Sell;0.01;GBPCAD;1.66876;;;2022.03.23 11:48:00;1.66498;;-0.03;3.00;
2022.03.22 12:00:25;Sell;0.02;NZDCAD;0.87162;;;2022.03.22 21:00:33;0.87486;;;-5.15;
2022.03.22 17:00:37;Sell;0.02;GBPUSD;1.32678;;;2022.03.22 18:07:09;1.32387;;;5.82;
2022.03.22 16:00:17;Sell;0.01;GBPUSD;1.32342;;;2022.03.22 18:07:08;1.32386;;;-0.44;
2022.03.21 21:00:24;Sell;0.01;AUDNZD;1.07469;;;2022.03.22 13:50:02;1.07015;;;3.16;
2022.03.18 23:00:20;Buy;0.03;USDCAD;1.25940;;;2022.03.22 12:00:24;1.26202;;-0.16;6.23;
2022.03.18 05:12:54;Buy;0.01;USDCAD;1.26249;;;2022.03.22 12:00:23;1.26202;;-0.06;-0.37;
2022.03.17 10:51:46;Sell;0.01;AUDNZD;1.06858;;;2022.03.22 11:59:47;1.07218;;-0.01;-2.49;
2022.03.22 09:00:23;Sell;0.12;AUDNZD;1.07522;;;2022.03.22 11:59:15;1.07217;-0.02;;25.29;
2022.03.21 01:00:30;Sell;0.08;AUDNZD;1.07297;;;2022.03.22 11:59:14;1.07217;-0.01;-0.04;4.42;
2022.03.18 10:00:16;Sell;0.05;AUDNZD;1.07234;;;2022.03.22 11:59:12;1.07216;-0.01;-0.05;0.62;
2022.03.17 14:00:27;Sell;0.03;AUDNZD;1.07114;;;2022.03.22 11:59:11;1.07217;;-0.04;-2.13;
2022.03.17 12:00:08;Sell;0.02;AUDNZD;1.06993;;;2022.03.22 11:59:08;1.07217;;-0.03;-3.09;
2022.03.22 05:00:22;Buy;0.02;AUDCAD;0.92955;;;2022.03.22 11:43:02;0.93357;;;6.39;
2022.03.21 22:00:18;Buy;0.02;NZDCAD;0.86638;;;2022.03.22 11:40:46;0.86990;;-0.03;5.59;
2022.03.18 04:20:00;Sell;0.02;NZDCAD;0.87022;;;2022.03.21 19:32:51;0.86701;;-0.05;5.11;
2022.03.18 20:00:29;Sell;0.06;AUDCAD;0.93494;;;2022.03.21 11:52:12;0.93085;-0.01;-0.16;19.49;
2022.03.17 18:00:17;Sell;0.04;AUDCAD;0.93119;;;2022.03.21 11:52:12;0.93084;-0.01;-0.22;1.11;
2022.03.17 08:27:47;Sell;0.02;AUDCAD;0.92685;;;2022.03.21 11:52:11;0.93084;;-0.10;-6.34;
2022.03.18 20:00:10;Sell;0.01;GBPUSD;1.31879;;;2022.03.21 03:28:06;1.31557;;-0.04;3.22;
2022.03.18 14:00:16;Buy;0.01;GBPCAD;1.65496;;;2022.03.18 17:06:33;1.65952;;;3.61;
2022.03.17 19:01:03;Sell;0.03;AUDCAD;0.93361;;;2022.03.18 13:43:10;0.93022;;-0.08;8.07;
2022.03.17 18:00:17;Sell;0.02;AUDCAD;0.93118;;;2022.03.18 13:43:10;0.93022;;-0.05;1.53;
2022.03.17 14:00:27;Sell;0.01;AUDCAD;0.92906;;;2022.03.18 13:43:08;0.93028;;-0.03;-0.97;
2022.02.24 12:02:59;Buy;0.08;GBPUSD;1.34344;;;2022.02.24 13:17:52;1.33962;;;-30.56;
2022.02.24 13:00:30;Sell;0.03;USDCAD;1.28280;;;2022.02.24 13:17:29;1.28436;;;-3.64;
2022.02.24 10:03:05;Sell;0.01;USDCAD;1.28027;;;2022.02.24 13:17:12;1.28432;;;-3.15;
2022.02.24 10:03:04;Buy;0.04;GBPUSD;1.34820;;;2022.02.24 13:17:12;1.33955;;;-34.60;
2022.02.24 07:01:10;Buy;0.02;GBPUSD;1.35082;;;2022.02.24 13:17:11;1.33955;;;-22.54;
2022.02.23 22:00:45;Buy;0.01;GBPUSD;1.35389;;;2022.02.24 13:17:09;1.33962;;-0.02;-14.27;
2022.02.16 22:00:29;Sell;0.02;AUDCAD;0.91286;;;2022.02.24 13:09:55;0.92008;;-0.36;-11.25;
2022.02.24 06:00:25;Buy;0.03;AUDUSD;0.71869;;;2022.02.24 13:09:54;0.71645;;;-6.72;
2022.02.22 19:00:13;Sell;0.06;AUDCAD;0.92003;;;2022.02.24 13:09:52;0.92010;-0.01;-0.36;-0.33;
2022.02.15 14:00:23;Sell;0.01;AUDNZD;1.07862;;;2022.02.24 13:09:40;1.07099;;-0.07;5.10;
2022.02.24 03:00:22;Buy;0.02;AUDUSD;0.72053;;;2022.02.24 13:09:20;0.71643;;;-8.20;
2022.02.24 02:00:22;Buy;0.01;AUDUSD;0.72283;;;2022.02.24 13:09:18;0.71643;;;-6.40;
2022.02.17 15:00:25;Sell;0.04;AUDCAD;0.91579;;;2022.02.24 13:09:16;0.92007;-0.01;-0.60;-13.34;
2022.02.23 18:00:39;Buy;0.01;AUDUSD;0.72414;;;2022.02.24 13:08:22;0.71668;;-0.02;-7.46;
2022.02.24 11:00:20;Sell;0.02;NZDCAD;0.86140;;;2022.02.24 12:48:28;0.85969;;;2.66;
2022.02.22 14:00:33;Sell;0.04;NZDCAD;0.85851;;;2022.02.24 05:14:09;0.85929;-0.01;-0.22;-2.45;
2022.02.22 04:00:36;Sell;0.02;NZDCAD;0.85525;;;2022.02.24 05:14:08;0.85928;;-0.12;-6.31;
2022.02.23 04:00:36;Sell;0.06;NZDCAD;0.86323;;;2022.02.24 05:09:53;0.85896;-0.01;-0.17;20.07;
2022.02.22 03:01:11;Sell;0.01;AUDUSD;0.72001;;;2022.02.23 17:11:38;0.72608;;-0.02;-6.07;
2022.02.23 12:00:27;Sell;0.03;AUDUSD;0.72637;;;2022.02.23 17:11:10;0.72610;;;0.81;
2022.02.23 16:00:18;Sell;0.05;AUDUSD;0.72818;;;2022.02.23 17:10:29;0.72631;;;9.35;
2022.02.22 13:00:14;Sell;0.01;AUDUSD;0.72245;;;2022.02.23 17:10:16;0.72632;;-0.02;-3.87;
2022.02.23 10:00:17;Sell;0.02;AUDUSD;0.72430;;;2022.02.23 17:09:48;0.72591;;;-3.22;
2022.02.17 12:00:34;Sell;0.01;GBPCAD;1.72864;;;2022.02.22 10:17:24;1.73009;;-0.09;-1.14;
2022.02.21 04:00:12;Sell;0.02;GBPCAD;1.73376;;;2022.02.22 10:16:24;1.73008;-0.01;-0.06;5.77;
2022.02.17 21:00:19;Sell;0.02;NZDCAD;0.85012;;;2022.02.22 01:15:42;0.85376;;-0.18;-5.71;
2022.02.18 22:00:16;Sell;0.04;NZDCAD;0.85357;;;2022.02.22 01:15:41;0.85376;-0.01;-0.22;-0.60;
2022.02.21 13:00:24;Sell;0.06;NZDCAD;0.85682;;;2022.02.22 01:15:24;0.85353;-0.01;-0.17;15.47;
2022.02.21 07:00:09;Sell;0.01;AUDUSD;0.72120;;;2022.02.22 01:11:12;0.71828;;-0.02;2.92;
2022.02.18 18:00:22;Buy;0.01;AUDUSD;0.71775;;;2022.02.21 05:04:30;0.72066;;-0.02;2.91;
2022.02.18 11:00:36;Sell;0.01;AUDUSD;0.72203;;;2022.02.18 16:41:31;0.71954;;;2.49;
2022.02.18 06:00:07;Sell;0.01;AUDUSD;0.72035;;;2022.02.18 16:41:31;0.71954;;;0.81;
2022.02.17 21:00:18;Sell;0.01;GBPUSD;1.36299;;;2022.02.18 16:14:25;1.35961;;-0.04;3.38;
2022.02.18 03:00:15;Buy;0.01;AUDUSD;0.71789;;;2022.02.18 05:36:16;0.72026;;;2.37;
2022.02.17 11:00:14;Buy;0.01;AUDUSD;0.71946;;;2022.02.18 05:36:16;0.72026;;-0.02;0.80;
2022.02.17 13:00:13;Sell;0.06;NZDCAD;0.85246;;;2022.02.17 20:00:41;0.84999;-0.01;;11.68;
2022.02.17 03:00:34;Sell;0.04;NZDCAD;0.84911;;;2022.02.17 20:00:41;0.84999;-0.01;;-2.78;
2022.02.16 18:00:50;Sell;0.02;NZDCAD;0.84487;;;2022.02.17 20:00:41;0.84999;;-0.06;-8.07;
2022.02.17 08:00:56;Sell;0.01;AUDUSD;0.71845;;;2022.02.17 10:31:24;0.71975;;;-1.30;
2022.02.17 07:00:06;Sell;0.01;AUDUSD;0.71704;;;2022.02.17 10:30:22;0.71929;;;-2.25;
2022.02.17 10:00:34;Sell;0.02;AUDUSD;0.72067;;;2022.02.17 10:28:47;0.71860;;;4.14;
2022.02.16 10:00:55;Sell;0.01;GBPUSD;1.35605;;;2022.02.17 06:06:36;1.35629;;-0.04;-0.24;
2022.02.15 19:00:41;Sell;0.01;AUDUSD;0.71505;;;2022.02.17 06:02:24;0.71582;;-0.04;-0.77;
2022.02.16 09:00:16;Sell;0.01;AUDUSD;0.71690;;;2022.02.17 06:01:08;0.71519;;-0.02;1.71;
2022.02.16 22:00:31;Sell;0.02;GBPUSD;1.35992;;;2022.02.17 05:58:25;1.35688;;-0.08;6.08;
2022.02.16 22:00:27;Sell;0.02;AUDUSD;0.72019;;;2022.02.17 05:58:04;0.71729;;-0.04;5.80;
2022.02.15 18:00:42;Sell;0.02;NZDCAD;0.84579;;;2022.02.16 12:45:37;0.84260;;-0.06;5.03;
2022.02.15 17:00:28;Buy;0.01;AUDUSD;0.71183;;;2022.02.15 18:33:32;0.71452;;;2.69;
2022.02.14 05:00:11;Buy;0.04;NZDCAD;0.84338;;;2022.02.15 17:37:50;0.84632;-0.01;-0.05;9.22;
2022.02.11 06:00:17;Buy;0.02;NZDCAD;0.84716;;;2022.02.15 17:37:49;0.84634;;-0.06;-1.29;
2022.02.15 17:02:50;Buy;0.01;GBPUSD;1.34957;;;2022.02.15 17:28:42;1.35247;;;2.90;
2022.02.15 11:00:24;Sell;0.01;AUDUSD;0.71545;;;2022.02.15 16:50:17;0.71215;;;3.30;
2022.02.15 10:00:22;Buy;0.03;AUDNZD;1.07340;;;2022.02.15 11:15:37;1.07747;;;8.10;
2022.02.15 09:00:47;Buy;0.02;AUDNZD;1.07431;;;2022.02.15 11:15:37;1.07747;;;4.19;
2022.02.15 06:00:10;Buy;0.01;AUDNZD;1.07591;;;2022.02.15 11:15:37;1.07747;;;1.04;
2022.02.15 08:00:37;Buy;0.02;AUDCAD;0.90574;;;2022.02.15 10:36:07;0.90942;;;5.79;
2022.02.15 08:00:36;Buy;0.01;AUDUSD;0.71041;;;2022.02.15 10:09:39;0.71355;;;3.14;
2022.02.14 15:00:39;Sell;0.01;AUDUSD;0.71239;;;2022.02.15 07:08:13;0.71148;;-0.02;0.91;
2022.02.15 05:00:12;Sell;0.01;AUDUSD;0.71398;;;2022.02.15 07:07:52;0.71137;;;2.61;
2022.02.11 11:00:15;Buy;0.02;AUDNZD;1.07199;;;2022.02.14 17:21:12;1.07791;;-0.09;7.82;
2022.02.08 06:00:08;Buy;0.01;AUDNZD;1.07346;;;2022.02.14 17:21:12;1.07791;;-0.16;2.93;
2022.02.14 11:00:15;Sell;0.01;USDCAD;1.27816;;;2022.02.14 17:12:11;1.27233;;;4.58;
2022.02.11 21:01:14;Buy;0.01;AUDUSD;0.71524;;;2022.02.14 14:44:37;0.71272;;-0.02;-2.52;
2022.02.11 22:00:43;Buy;0.01;AUDUSD;0.71315;;;2022.02.14 14:43:52;0.71281;;-0.02;-0.34;
2022.02.14 11:00:55;Buy;0.02;AUDUSD;0.70901;;;2022.02.14 14:42:28;0.71255;;;7.08;
2022.02.11 15:00:24;Sell;0.01;AUDUSD;0.71529;;;2022.02.11 20:42:29;0.71440;;;0.89;
2022.02.11 17:00:38;Sell;0.01;AUDUSD;0.71716;;;2022.02.11 20:41:54;0.71467;;;2.49;
2022.02.11 07:00:35;Buy;0.03;AUDUSD;0.71192;;;2022.02.11 14:18:09;0.71497;;;9.15;
2022.02.11 03:00:08;Buy;0.02;AUDUSD;0.71417;;;2022.02.11 14:18:08;0.71497;;;1.60;
2022.02.10 22:00:10;Buy;0.01;AUDUSD;0.71702;;;2022.02.11 14:18:08;0.71497;;-0.02;-2.05;
2022.02.10 21:00:12;Buy;0.01;AUDUSD;0.71983;;;2022.02.11 14:18:07;0.71497;;-0.02;-4.86;
2022.02.11 06:00:16;Buy;0.01;GBPUSD;1.35393;;;2022.02.11 14:07:31;1.35749;;;3.56;
2022.02.09 14:00:20;Sell;0.04;AUDCAD;0.91087;;;2022.02.11 06:53:02;0.90720;-0.01;-0.24;11.51;
2022.02.09 03:00:07;Sell;0.02;AUDCAD;0.90801;;;2022.02.11 06:53:01;0.90720;;-0.12;1.27;
2022.02.10 19:00:24;Sell;0.02;NZDCAD;0.85081;;;2022.02.10 23:58:35;0.84922;;-0.06;2.50;
2022.02.10 18:01:47;Sell;0.01;GBPUSD;1.36176;;;2022.02.10 21:20:24;1.35819;;;3.57;
2022.02.10 17:00:32;Sell;0.01;AUDUSD;0.71888;;;2022.02.10 20:37:47;0.71928;;;-0.40;
2022.02.10 18:00:17;Sell;0.01;AUDUSD;0.72325;;;2022.02.10 20:37:14;0.71948;;;3.77;
2022.02.10 16:02:01;Buy;0.02;NZDCAD;0.84639;;;2022.02.10 17:35:11;0.85016;;;5.96;
2022.02.10 16:00:34;Buy;0.01;AUDUSD;0.71614;;;2022.02.10 16:50:46;0.71914;;;3.00;
2022.02.10 13:00:42;Sell;0.04;NZDCAD;0.84968;;;2022.02.10 15:36:24;0.84642;-0.01;;10.26;
2022.02.09 12:00:23;Sell;0.02;NZDCAD;0.84603;;;2022.02.10 15:33:47;0.84658;;-0.05;-0.87;
2022.02.10 13:00:41;Sell;0.02;AUDUSD;0.71964;;;2022.02.10 15:32:58;0.71591;;;7.46;
2022.02.09 13:00:35;Sell;0.01;AUDUSD;0.71762;;;2022.02.10 15:32:03;0.71623;;-0.02;1.39;
2022.02.09 04:00:05;Sell;0.01;AUDUSD;0.71558;;;2022.02.10 15:32:01;0.71620;;-0.02;-0.62;
2022.02.07 13:00:35;Buy;0.02;NZDCAD;0.84152;;;2022.02.09 01:24:07;0.84485;;-0.06;5.24;
2022.02.08 08:00:04;Buy;0.01;AUDUSD;0.71133;;;2022.02.08 21:07:32;0.71427;;;2.94;
2022.02.07 22:00:20;Buy;0.01;USDCAD;1.26639;;;2022.02.08 16:58:23;1.27187;;-0.03;4.31;
2022.02.04 15:00:14;Buy;0.02;AUDCAD;0.90236;;;2022.02.08 16:24:54;0.90594;;-0.12;5.64;
2022.02.07 21:00:13;Buy;0.01;GBPCAD;1.71409;;;2022.02.08 11:57:03;1.71858;;-0.03;3.54;
2022.02.07 10:00:17;Sell;0.01;AUDUSD;0.71021;;;2022.02.08 07:12:28;0.71144;;-0.02;-1.23;
2022.02.08 04:00:21;Sell;0.02;AUDUSD;0.71370;;;2022.02.08 07:12:20;0.71146;;;4.48;
2022.02.07 17:00:44;Sell;0.01;AUDUSD;0.71208;;;2022.02.08 07:12:20;0.71146;;-0.02;0.62;
2022.02.04 10:00:29;Buy;0.02;AUDNZD;1.06899;;;2022.02.08 04:03:10;1.07468;;-0.16;7.56;
2022.02.01 06:00:10;Buy;0.01;AUDNZD;1.07025;;;2022.02.08 04:03:10;1.07468;;-0.20;2.94;
2022.02.07 13:00:35;Buy;0.01;GBPUSD;1.34995;;;2022.02.07 17:18:17;1.35306;;;3.11;
2022.02.04 16:00:36;Buy;0.01;AUDUSD;0.70563;;;2022.02.07 09:06:16;0.70924;;-0.02;3.61;
2022.02.04 13:00:18;Buy;0.01;AUDUSD;0.70958;;;2022.02.07 09:06:16;0.70924;;-0.02;-0.34;
2022.02.04 16:00:13;Sell;0.01;USDCAD;1.27768;;;2022.02.07 08:52:28;1.27221;;-0.03;4.30;
2022.02.02 14:00:28;Sell;0.01;GBPCAD;1.72021;;;2022.02.04 15:31:53;1.72370;;-0.06;-2.73;
2022.02.03 18:02:08;Sell;0.02;GBPCAD;1.72609;;;2022.02.04 15:30:59;1.72401;-0.01;-0.06;3.26;
2022.02.04 08:00:17;Sell;0.04;NZDCAD;0.84607;;;2022.02.04 13:08:30;0.84326;-0.01;;8.83;
2022.02.03 11:00:17;Sell;0.02;NZDCAD;0.84256;;;2022.02.04 13:08:13;0.84317;;-0.05;-0.96;
2022.02.03 17:01:17;Sell;0.16;GBPUSD;1.35908;;;2022.02.04 12:04:54;1.35615;-0.02;-0.68;46.88;
2022.02.02 14:00:28;Sell;0.08;GBPUSD;1.35657;;;2022.02.04 12:04:53;1.35615;-0.01;-0.68;3.36;
2022.02.02 10:00:13;Sell;0.04;GBPUSD;1.35357;;;2022.02.04 12:04:53;1.35615;-0.01;-0.34;-10.32;
2022.02.01 18:00:44;Sell;0.02;GBPUSD;1.35069;;;2022.02.04 12:04:52;1.35615;;-0.25;-10.92;
2022.02.01 10:00:32;Sell;0.01;GBPUSD;1.34787;;;2022.02.04 12:04:52;1.35615;;-0.12;-8.28;
2022.02.02 20:00:26;Sell;0.01;AUDUSD;0.71364;;;2022.02.04 10:05:58;0.71069;;-0.04;2.95;
2022.02.01 21:00:16;Sell;0.02;AUDCAD;0.90324;;;2022.02.04 10:05:57;0.90234;;-0.18;1.42;
2022.02.03 18:00:22;Sell;0.04;AUDCAD;0.90640;;;2022.02.04 10:04:49;0.90280;-0.01;-0.12;11.35;
2022.02.02 13:00:32;Sell;0.02;AUDNZD;1.07615;;;2022.02.03 11:54:15;1.07254;;-0.02;4.79;
2022.01.31 19:01:30;Sell;0.01;AUDNZD;1.07370;;;2022.02.03 11:54:15;1.07254;;-0.03;0.77;
2022.02.03 02:00:13;Buy;0.02;NZDCAD;0.83900;;;2022.02.03 10:57:51;0.84245;;;5.43;
2022.02.01 22:00:19;Sell;0.04;NZDCAD;0.84267;;;2022.02.02 23:58:49;0.84037;-0.01;-0.22;7.26;
2022.02.01 14:00:43;Sell;0.02;NZDCAD;0.83902;;;2022.02.02 23:58:48;0.84037;;-0.10;-2.13;
2022.01.31 19:00:39;Sell;0.01;AUDUSD;0.70625;;;2022.02.02 17:12:19;0.71296;;-0.04;-6.71;
2022.02.01 14:00:14;Sell;0.02;AUDUSD;0.70980;;;2022.02.02 17:11:46;0.71275;;-0.04;-5.90;
2022.02.01 11:00:14;Sell;0.01;AUDUSD;0.70851;;;2022.02.02 17:11:45;0.71275;;-0.02;-4.24;
2022.02.02 13:00:31;Sell;0.08;AUDUSD;0.71511;;;2022.02.02 17:11:01;0.71268;-0.01;;19.44;
2022.02.01 21:00:15;Sell;0.03;AUDUSD;0.71136;;;2022.02.02 17:11:00;0.71267;;-0.05;-3.93;
2022.02.02 02:00:20;Sell;0.05;AUDUSD;0.71327;;;2022.02.02 17:10:34;0.71267;;;3.00;
2022.02.01 11:00:14;Buy;0.01;USDCAD;1.26591;;;2022.02.01 16:44:19;1.27176;;;4.60;
2022.01.31 18:03:14;Buy;0.02;NZDCAD;0.83576;;;2022.02.01 13:42:47;0.83892;;-0.03;4.98;
2022.01.31 15:00:26;Sell;0.01;AUDNZD;1.07282;;;2022.02.01 05:34:40;1.07181;;-0.01;0.66;
2022.01.31 20:00:14;Sell;0.02;AUDNZD;1.07413;;;2022.02.01 05:34:06;1.07202;;-0.02;2.77;
2022.02.01 03:00:22;Sell;0.03;AUDNZD;1.07531;;;2022.02.01 05:34:04;1.07207;;;6.38;
2022.01.31 04:00:16;Sell;0.01;AUDUSD;0.70080;;;2022.01.31 18:03:22;0.70496;;;-4.16;
2022.01.31 09:00:35;Sell;0.01;AUDUSD;0.70320;;;2022.01.31 18:00:50;0.70472;;;-1.52;
2022.01.31 16:00:16;Sell;0.03;AUDUSD;0.70673;;;2022.01.31 18:00:40;0.70485;;;5.64;
2022.01.31 11:00:15;Sell;0.02;AUDUSD;0.70475;;;2022.01.31 18:00:23;0.70495;;;-0.40;
2022.01.28 14:01:06;Buy;0.06;NZDCAD;0.83623;;;2022.01.31 16:04:51;0.84006;-0.01;-0.09;18.03;
2022.01.27 07:00:16;Buy;0.04;NZDCAD;0.83970;;;2022.01.31 16:04:50;0.84006;-0.01;-0.12;1.13;
2022.01.25 14:00:09;Buy;0.02;NZDCAD;0.84323;;;2022.01.31 16:04:50;0.84006;;-0.12;-4.97;
2022.01.28 13:00:29;Buy;0.02;AUDNZD;1.06665;;;2022.01.31 12:31:20;1.07230;;-0.08;7.43;
2022.01.28 11:00:36;Buy;0.01;AUDNZD;1.06797;;;2022.01.31 12:31:18;1.07230;;-0.04;2.85;
2022.01.28 14:00:30;Buy;0.06;AUDCAD;0.89235;;;2022.01.31 10:33:34;0.89663;-0.01;-0.17;20.18;
2022.01.27 18:00:30;Buy;0.04;AUDCAD;0.89605;;;2022.01.31 10:33:33;0.89663;-0.01;-0.24;1.83;
2022.01.27 04:00:12;Buy;0.02;AUDCAD;0.89928;;;2022.01.31 10:33:33;0.89663;;-0.12;-4.17;
2022.01.28 13:00:34;Sell;0.01;USDCAD;1.27871;;;2022.01.31 08:02:04;1.27325;;-0.03;4.29;
2022.01.28 17:01:59;Sell;0.01;GBPCAD;1.71343;;;2022.01.31 04:15:50;1.70931;;-0.03;3.23;
2022.01.26 22:00:51;Buy;0.01;AUDUSD;0.71221;;;2022.01.31 03:58:30;0.70109;;-0.06;-11.12;
2022.01.27 04:00:13;Buy;0.02;AUDUSD;0.70810;;;2022.01.31 03:58:09;0.70104;;-0.08;-14.12;
2022.01.27 03:00:18;Buy;0.01;AUDUSD;0.71000;;;2022.01.31 03:58:09;0.70104;;-0.04;-8.96;
2022.01.28 13:00:54;Buy;0.21;AUDUSD;0.69828;;;2022.01.31 03:58:08;0.70104;;-0.44;57.96;
2022.01.28 12:00:41;Buy;0.13;AUDUSD;0.70018;;;2022.01.31 03:58:08;0.70104;;-0.27;11.18;
2022.01.28 10:00:28;Buy;0.08;AUDUSD;0.70183;;;2022.01.31 03:58:07;0.70103;;-0.17;-6.40;
2022.01.27 20:00:11;Buy;0.05;AUDUSD;0.70354;;;2022.01.31 03:58:07;0.70103;;-0.22;-12.55;
2022.01.27 18:00:35;Buy;0.03;AUDUSD;0.70541;;;2022.01.31 03:58:06;0.70103;;-0.12;-13.14;
2022.01.26 13:00:50;Sell;0.03;AUDNZD;1.07168;;;2022.01.28 10:56:55;1.06789;;-0.06;7.46;
2022.01.25 21:00:32;Sell;0.02;AUDNZD;1.07055;;;2022.01.28 10:56:54;1.06789;;-0.06;3.49;
2022.01.25 03:00:44;Sell;0.01;AUDNZD;1.06937;;;2022.01.28 10:56:52;1.06789;;-0.03;0.97;
2022.01.27 16:00:33;Buy;0.02;GBPUSD;1.33805;;;2022.01.28 06:45:49;1.34078;;-0.04;5.46;
2022.01.27 10:00:41;Buy;0.01;GBPUSD;1.34112;;;2022.01.28 06:45:48;1.34078;;-0.02;-0.34;
2022.01.26 22:01:19;Sell;0.01;USDCAD;1.26541;;;2022.01.27 10:53:53;1.26841;;-0.03;-2.37;
2022.01.27 06:00:17;Sell;0.08;USDCAD;1.27064;;;2022.01.27 10:53:49;1.26842;;;14.00;
2022.01.27 03:00:18;Sell;0.03;USDCAD;1.26811;;;2022.01.27 10:53:48;1.26842;;;-0.73;
2022.01.25 01:00:28;Sell;0.01;AUDUSD;0.71435;;;2022.01.26 21:43:11;0.71329;;-0.02;1.06;
2022.01.25 21:00:33;Sell;0.01;AUDUSD;0.71612;;;2022.01.26 21:42:37;0.71356;;-0.02;2.56;
2022.01.26 12:00:45;Buy;0.03;USDCAD;1.25767;;;2022.01.26 17:05:03;1.26087;;;7.61;
2022.01.25 21:00:34;Buy;0.01;USDCAD;1.26076;;;2022.01.26 17:05:02;1.26095;;-0.03;0.15;
2022.01.24 18:00:22;Buy;0.04;GBPUSD;1.34638;;;2022.01.25 11:36:10;1.34928;;-0.08;11.60;
2022.01.24 13:00:25;Buy;0.02;GBPUSD;1.35014;;;2022.01.25 11:35:57;1.34953;;-0.04;-1.22;
2022.01.24 11:00:30;Buy;0.01;GBPUSD;1.35371;;;2022.01.25 11:35:57;1.34953;;-0.02;-4.18;
2022.01.24 17:00:31;Buy;0.03;AUDNZD;1.06409;;;2022.01.25 02:30:56;1.06873;;-0.12;9.34;
2022.01.24 15:00:10;Buy;0.02;AUDNZD;1.06530;;;2022.01.25 02:30:56;1.06873;;-0.08;4.59;
2022.01.24 09:00:27;Buy;0.01;AUDNZD;1.06712;;;2022.01.25 02:30:56;1.06873;;-0.04;1.08;
2022.01.24 11:00:28;Buy;0.05;AUDUSD;0.71533;;;2022.01.24 22:51:35;0.71464;;;-3.45;
2022.01.21 22:00:37;Buy;0.03;AUDUSD;0.71748;;;2022.01.24 22:51:35;0.71462;;-0.07;-8.58;
2022.01.21 03:00:27;Buy;0.02;AUDUSD;0.71967;;;2022.01.24 22:51:35;0.71462;;-0.04;-10.10;
2022.01.21 01:00:11;Buy;0.01;AUDUSD;0.72269;;;2022.01.24 22:51:34;0.71462;;-0.02;-8.07;
2022.01.20 22:00:23;Buy;0.01;AUDUSD;0.72429;;;2022.01.24 22:51:33;0.71461;;-0.04;-9.68;
2022.01.24 16:00:25;Buy;0.13;AUDUSD;0.71093;;;2022.01.24 22:51:32;0.71461;;;47.84;
2022.01.24 13:00:15;Buy;0.08;AUDUSD;0.71366;;;2022.01.24 22:51:31;0.71461;;;7.60;
2022.01.14 11:00:37;Buy;0.02;NZDCAD;0.85595;;;2022.01.24 20:11:26;0.84604;;-0.18;-15.65;
2022.01.17 04:00:29;Buy;0.04;NZDCAD;0.85209;;;2022.01.24 20:11:19;0.84608;-0.01;-0.31;-18.98;
2022.01.21 12:00:40;Buy;0.16;NZDCAD;0.84104;;;2022.01.24 20:10:40;0.84633;-0.02;-0.26;66.84;
2022.01.20 08:00:18;Buy;0.10;NZDCAD;0.84474;;;2022.01.24 20:10:40;0.84634;-0.01;-0.32;12.63;
2022.01.18 06:00:34;Buy;0.06;NZDCAD;0.84837;;;2022.01.24 20:10:38;0.84636;-0.01;-0.39;-9.52;
2022.01.24 15:00:11;Sell;0.03;USDCAD;1.26217;;;2022.01.24 20:09:46;1.26664;;;-10.59;
2022.01.24 11:00:33;Sell;0.01;USDCAD;1.25928;;;2022.01.24 20:09:32;1.26654;;;-5.73;
2022.01.24 19:00:47;Sell;0.21;USDCAD;1.26876;;;2022.01.24 20:09:27;1.26646;;;38.14;
2022.01.24 16:00:26;Sell;0.08;USDCAD;1.26464;;;2022.01.24 20:09:25;1.26646;;;-11.50;
2022.01.21 12:00:39;Sell;0.08;AUDNZD;1.07060;;;2022.01.24 07:32:34;1.06771;-0.01;-0.08;15.52;
2022.01.20 07:00:19;Sell;0.05;AUDNZD;1.06943;;;2022.01.24 07:32:33;1.06771;-0.01;-0.10;5.77;
2022.01.20 04:00:10;Sell;0.03;AUDNZD;1.06819;;;2022.01.24 07:32:33;1.06770;;-0.06;0.98;
2022.01.20 03:00:25;Sell;0.02;AUDNZD;1.06714;;;2022.01.24 07:32:32;1.06770;;-0.04;-0.75;
2022.01.05 01:01:26;Sell;0.01;AUDNZD;1.06363;;;2022.01.24 07:32:32;1.06770;;-0.13;-2.73;
2022.01.19 12:00:24;Buy;0.01;USDCAD;1.24810;;;2022.01.21 03:12:19;1.25368;;-0.06;4.45;
2022.01.20 16:00:15;Sell;0.02;AUDUSD;0.72578;;;2022.01.20 21:14:20;0.72481;;;1.94;
2022.01.19 17:00:15;Sell;0.01;AUDUSD;0.72314;;;2022.01.20 21:13:49;0.72488;;-0.02;-1.74;
2022.01.19 13:00:14;Sell;0.01;AUDUSD;0.72144;;;2022.01.20 21:13:47;0.72488;;-0.02;-3.44;
2022.01.20 18:00:19;Sell;0.03;AUDUSD;0.72722;;;2022.01.20 21:13:23;0.72491;;;6.93;
2022.01.14 04:00:14;Buy;0.01;AUDUSD;0.72678;;;2022.01.19 12:50:49;0.72130;;-0.06;-5.48;
2022.01.18 06:00:21;Buy;0.05;AUDUSD;0.71866;;;2022.01.19 12:50:23;0.72131;;-0.11;13.25;
2022.01.14 20:00:57;Buy;0.03;AUDUSD;0.72006;;;2022.01.19 12:50:21;0.72130;;-0.21;3.72;
2022.01.14 18:00:13;Buy;0.02;AUDUSD;0.72312;;;2022.01.19 12:50:19;0.72136;;-0.12;-3.52;
2022.01.14 15:00:16;Buy;0.01;AUDUSD;0.72481;;;2022.01.19 12:50:19;0.72136;;-0.06;-3.45;
2022.01.17 15:00:47;Buy;0.01;GBPUSD;1.36427;;;2022.01.19 08:30:45;1.36091;;-0.04;-3.36;
2022.01.18 18:00:15;Buy;0.04;GBPUSD;1.35825;;;2022.01.19 08:30:15;1.36095;;-0.09;10.80;
2022.01.18 13:00:09;Buy;0.02;GBPUSD;1.36124;;;2022.01.19 08:30:14;1.36095;;-0.04;-0.58;
2022.01.18 14:00:45;Buy;0.01;GBPCAD;1.70053;;;2022.01.18 19:18:24;1.70467;;;3.30;
2022.01.14 20:00:20;Sell;0.03;USDCAD;1.25631;;;2022.01.17 09:32:08;1.25335;;-0.10;7.09;
2022.01.14 16:00:41;Sell;0.01;USDCAD;1.25286;;;2022.01.17 09:32:08;1.25335;;-0.03;-0.39;
2022.01.12 17:00:51;Sell;0.02;NZDCAD;0.85542;;;2022.01.14 10:59:54;0.85578;;-0.10;-0.58;
2022.01.13 12:00:07;Sell;0.04;NZDCAD;0.85872;;;2022.01.14 10:59:53;0.85578;-0.01;-0.11;9.43;
2022.01.13 10:00:06;Sell;0.13;AUDUSD;0.73004;;;2022.01.14 03:18:31;0.72705;-0.01;-0.24;38.87;
2022.01.12 19:00:21;Sell;0.08;AUDUSD;0.72758;;;2022.01.14 03:18:30;0.72706;-0.01;-0.30;4.16;
2022.01.12 17:00:32;Sell;0.05;AUDUSD;0.72624;;;2022.01.14 03:18:28;0.72712;;-0.18;-4.40;
2022.01.12 16:00:19;Sell;0.03;AUDUSD;0.72483;;;2022.01.14 03:18:28;0.72712;;-0.12;-6.87;
2022.01.11 21:00:12;Sell;0.02;AUDUSD;0.72120;;;2022.01.14 03:18:28;0.72712;;-0.12;-11.84;
2022.01.11 19:00:29;Sell;0.01;AUDUSD;0.71949;;;2022.01.14 03:18:27;0.72712;;-0.06;-7.63;
2022.01.11 18:00:27;Sell;0.01;AUDUSD;0.71795;;;2022.01.14 03:18:27;0.72712;;-0.06;-9.17;
2022.01.13 11:00:24;Sell;0.08;GBPUSD;1.37341;;;2022.01.13 22:41:42;1.37067;-0.01;;21.92;
2022.01.12 20:01:08;Sell;0.04;GBPUSD;1.37050;;;2022.01.13 22:41:42;1.37067;-0.01;-0.15;-0.68;
2022.01.12 16:01:16;Sell;0.02;GBPUSD;1.36716;;;2022.01.13 22:41:42;1.37067;;-0.07;-7.02;
2022.01.12 03:00:45;Sell;0.01;GBPUSD;1.36363;;;2022.01.13 22:41:41;1.37067;;-0.04;-7.04;
2022.01.13 10:00:39;Buy;0.21;USDCAD;1.24865;;;2022.01.13 17:31:25;1.24818;-0.02;;-7.91;
2022.01.13 17:00:21;Buy;0.55;USDCAD;1.24623;;;2022.01.13 17:31:24;1.24818;-0.06;;85.93;
2022.01.12 16:01:25;Buy;0.08;USDCAD;1.25234;;;2022.01.13 17:31:10;1.24811;-0.01;-0.19;-27.11;
2022.01.11 21:00:13;Buy;0.03;USDCAD;1.25730;;;2022.01.13 17:31:08;1.24813;;-0.14;-22.04;
2022.01.11 19:00:17;Buy;0.01;USDCAD;1.25996;;;2022.01.13 17:31:08;1.24813;;-0.04;-9.48;
2022.01.06 16:00:24;Buy;0.02;NZDCAD;0.86118;;;2022.01.12 16:53:02;0.85485;;-0.12;-10.11;
2022.01.07 03:00:09;Buy;0.04;NZDCAD;0.85754;;;2022.01.12 16:52:55;0.85482;-0.01;-0.18;-8.70;
2022.01.11 16:00:11;Buy;0.06;NZDCAD;0.85407;;;2022.01.12 16:52:54;0.85482;-0.01;-0.09;3.60;
2022.01.12 13:00:16;Buy;0.10;NZDCAD;0.85017;;;2022.01.12 16:52:22;0.85482;-0.01;;37.15;
2022.01.12 13:00:15;Buy;0.10;AUDCAD;0.90407;;;2022.01.12 16:50:04;0.90902;-0.01;;39.55;
2022.01.07 19:00:18;Buy;0.06;AUDCAD;0.90877;;;2022.01.12 16:49:17;0.90897;-0.01;-0.51;0.95;
2022.01.06 19:00:36;Buy;0.04;AUDCAD;0.91224;;;2022.01.12 16:48:35;0.90890;-0.01;-0.46;-10.68;
2022.01.06 12:00:19;Buy;0.02;AUDCAD;0.91509;;;2022.01.12 16:48:34;0.90890;;-0.24;-9.89;
2022.01.12 13:00:20;Buy;0.01;GBPCAD;1.70894;;;2022.01.12 16:11:14;1.71290;;;3.16;
2022.01.11 06:00:11;Sell;0.01;AUDUSD;0.71893;;;2022.01.11 16:44:10;0.71567;;;3.26;
2022.01.10 17:00:28;Buy;0.01;AUDUSD;0.71557;;;2022.01.11 02:40:47;0.71844;;-0.02;2.87;
2022.01.07 19:00:32;Buy;0.01;GBPCAD;1.71772;;;2022.01.10 19:56:28;1.72188;;-0.04;3.28;
2022.01.07 17:00:46;Buy;0.01;USDCAD;1.26886;;;2022.01.10 16:51:33;1.26761;;-0.02;-0.99;
2022.01.07 19:00:32;Buy;0.03;USDCAD;1.26455;;;2022.01.10 16:49:47;1.26818;;-0.07;8.59;
2022.01.07 19:00:19;Sell;0.01;AUDUSD;0.71856;;;2022.01.10 16:45:49;0.71583;;-0.02;2.73;
2022.01.07 17:00:23;Sell;0.01;AUDUSD;0.71657;;;2022.01.10 16:45:47;0.71583;;-0.02;0.74;
2022.01.07 22:00:16;Sell;0.01;GBPUSD;1.35953;;;2022.01.10 15:42:26;1.35601;;-0.03;3.52;
2022.01.07 16:00:16;Buy;0.01;AUDUSD;0.71393;;;2022.01.07 16:45:46;0.71713;;;3.20;
2021.12.15 14:00:44;Sell;0.08;AUDNZD;1.05769;;1.05850;2022.01.07 15:45:15;1.05850;-0.01;-1.53;-4.37;[tp]
2021.12.10 11:00:25;Sell;0.04;AUDNZD;1.05466;;1.05850;2022.01.07 15:45:15;1.05850;-0.01;-0.81;-10.35;[tp]
2021.12.08 11:00:35;Sell;0.02;AUDNZD;1.05172;;1.05850;2022.01.07 15:45:15;1.05850;;-0.44;-9.14;[tp]
2021.12.07 15:00:55;Sell;0.01;AUDNZD;1.04946;;1.05850;2022.01.07 15:45:15;1.05850;;-0.23;-6.10;[tp]
2022.01.07 03:00:45;Sell;0.01;AUDUSD;0.71700;;;2022.01.07 15:37:44;0.71395;;;3.05;
2022.01.06 06:00:10;Sell;0.01;USDCAD;1.27818;;;2022.01.06 16:39:33;1.27302;;;4.05;
2022.01.06 05:00:12;Buy;0.01;AUDUSD;0.72060;;;2022.01.06 16:38:30;0.71793;;;-2.67;
2022.01.06 10:00:17;Buy;0.05;AUDUSD;0.71557;;;2022.01.06 16:38:21;0.71804;;;12.35;
2022.01.06 07:00:18;Buy;0.03;AUDUSD;0.71744;;;2022.01.06 16:37:55;0.71792;;;1.44;
2022.01.06 06:00:09;Buy;0.02;AUDUSD;0.71919;;;2022.01.06 16:37:52;0.71794;;;-2.50;
2022.01.05 22:00:22;Buy;0.01;AUDUSD;0.72245;;;2022.01.06 16:37:36;0.71789;;-0.02;-4.56;
2022.01.05 22:00:19;Sell;0.01;GBPCAD;1.72918;;;2022.01.06 16:37:02;1.72564;;-0.02;2.79;
2022.01.05 13:00:07;Sell;0.02;NZDCAD;0.86609;;;2022.01.06 09:21:11;0.86283;;-0.05;5.09;
2022.01.05 01:02:17;Sell;0.01;AUDUSD;0.72373;;;2022.01.05 21:10:36;0.72394;;;-0.21;
2022.01.05 13:00:11;Sell;0.01;AUDUSD;0.72493;;;2022.01.05 21:09:52;0.72395;;;0.98;
2022.01.05 18:00:20;Sell;0.02;AUDUSD;0.72698;;;2022.01.05 21:08:04;0.72474;;;4.48;
2021.12.10 19:00:12;Sell;0.03;AUDCAD;0.91181;;;2021.12.31 14:53:41;0.92187;;-1.50;-23.74;
2021.12.10 09:00:15;Sell;0.02;AUDCAD;0.90936;;;2021.12.31 14:53:40;0.92187;;-1.02;-19.68;
2021.12.08 20:00:26;Sell;0.01;AUDCAD;0.90744;;;2021.12.31 14:53:40;0.92187;;-0.51;-11.35;
2021.12.28 02:03:56;Sell;0.62;AUDCAD;0.92550;;;2021.12.31 14:53:35;0.92185;-0.09;-6.14;178.02;
2021.12.28 02:03:55;Sell;0.41;AUDCAD;0.92550;;;2021.12.31 14:53:35;0.92185;-0.06;-4.05;117.72;
2021.12.28 02:03:55;Sell;0.27;AUDCAD;0.92550;;;2021.12.31 14:53:35;0.92185;-0.04;-2.67;77.52;
2021.12.15 16:00:41;Sell;0.18;AUDCAD;0.92011;;;2021.12.31 14:53:26;0.92185;-0.03;-7.08;-24.64;
2021.12.15 14:00:44;Sell;0.12;AUDCAD;0.91796;;;2021.12.31 14:53:26;0.92185;-0.02;-4.74;-36.72;
2021.12.15 09:00:27;Sell;0.08;AUDCAD;0.91545;;;2021.12.31 14:53:25;0.92185;-0.01;-3.12;-40.28;
2021.12.14 14:00:33;Sell;0.05;AUDCAD;0.91384;;;2021.12.31 14:53:25;0.92185;-0.01;-2.10;-31.50;
2021.12.15 11:00:15;Sell;0.06;NZDCAD;0.86888;;;2021.12.28 04:19:34;0.87112;-0.01;-1.44;-10.50;
2021.12.10 22:00:07;Sell;0.04;NZDCAD;0.86463;;;2021.12.28 04:19:34;0.87112;-0.01;-1.31;-20.29;
2021.12.08 19:00:30;Sell;0.02;NZDCAD;0.86123;;;2021.12.28 04:19:33;0.87112;;-0.70;-15.45;
2021.12.28 02:03:57;Sell;0.16;NZDCAD;0.87162;;;2021.12.28 04:19:25;0.87112;-0.02;;6.25;
2021.12.28 02:03:56;Sell;0.10;NZDCAD;0.87162;;;2021.12.28 04:19:25;0.87112;-0.01;;3.91;
2021.12.15 02:00:14;Sell;0.09;GBPCAD;1.70200;;;2021.12.15 21:31:52;1.70237;-0.02;;-2.58;
2021.12.14 13:00:15;Sell;0.04;GBPCAD;1.69578;;;2021.12.15 21:31:04;1.70265;-0.01;-0.06;-21.30;
2021.12.13 14:00:13;Sell;0.02;GBPCAD;1.69057;;;2021.12.15 21:31:03;1.70263;-0.01;-0.06;-18.69;
2021.12.10 19:00:13;Sell;0.01;GBPCAD;1.68499;;;2021.12.15 21:31:03;1.70263;;-0.06;-13.68;
2021.12.15 11:00:15;Sell;0.20;GBPCAD;1.70723;;;2021.12.15 21:29:51;1.70258;-0.05;;72.08;
2021.12.14 06:00:15;Buy;0.02;AUDUSD;0.70980;;;2021.12.14 09:20:05;0.71220;;;4.80;
2021.12.13 18:00:28;Buy;0.01;AUDUSD;0.71144;;;2021.12.14 09:20:05;0.71220;;-0.02;0.76;
2021.12.13 11:00:16;Buy;0.01;AUDUSD;0.71428;;;2021.12.14 09:20:04;0.71220;;-0.02;-2.08;
2021.12.14 01:00:25;Sell;0.02;AUDCAD;0.91327;;;2021.12.14 05:38:07;0.90968;;;5.60;
2021.12.06 18:00:21;Sell;0.01;AUDNZD;1.04473;;;2021.12.14 04:57:50;1.05328;;-0.06;-5.76;
2021.12.07 06:00:08;Sell;0.02;AUDNZD;1.04579;;;2021.12.14 04:57:48;1.05334;;-0.10;-10.18;
2021.12.13 22:00:14;Sell;0.41;AUDNZD;1.05594;;;2021.12.14 04:57:47;1.05334;-0.06;-0.44;71.86;
2021.12.10 11:00:24;Sell;0.27;AUDNZD;1.05468;;;2021.12.14 04:57:47;1.05334;-0.04;-0.59;24.39;
2021.12.08 14:00:11;Sell;0.18;AUDNZD;1.05281;;;2021.12.14 04:57:47;1.05334;-0.03;-0.79;-6.43;
2021.12.08 11:00:35;Sell;0.12;AUDNZD;1.05172;;;2021.12.14 04:57:46;1.05334;-0.02;-0.52;-13.11;
2021.12.08 10:00:24;Sell;0.08;AUDNZD;1.05045;;;2021.12.14 04:57:45;1.05333;-0.01;-0.36;-15.53;
2021.12.07 15:00:09;Sell;0.05;AUDNZD;1.04939;;;2021.12.14 04:57:45;1.05333;-0.01;-0.25;-13.28;
2021.12.07 10:00:54;Sell;0.03;AUDNZD;1.04768;;;2021.12.14 04:57:44;1.05333;;-0.15;-11.43;
2021.12.13 16:00:45;Sell;0.08;USDCAD;1.27711;;;2021.12.13 20:22:06;1.27848;;;-8.57;
2021.12.13 11:00:16;Sell;0.03;USDCAD;1.27468;;;2021.12.13 20:22:06;1.27848;;;-8.92;
2021.12.09 22:00:39;Sell;0.01;USDCAD;1.27147;;;2021.12.13 20:22:05;1.27848;;-0.06;-5.48;
2021.12.13 18:00:15;Sell;0.21;USDCAD;1.28076;;;2021.12.13 20:22:02;1.27848;;;37.45;
2021.12.10 16:00:33;Sell;0.01;AUDUSD;0.71788;;;2021.12.13 09:43:55;0.71474;;-0.02;3.14;
2021.12.09 14:00:35;Buy;0.01;AUDUSD;0.71411;;;2021.12.10 15:33:38;0.71714;;-0.02;3.03;
2021.12.08 13:00:15;Buy;0.09;GBPCAD;1.67016;;;2021.12.09 15:36:13;1.67619;-0.02;-0.38;42.76;
2021.12.07 16:00:25;Buy;0.04;GBPCAD;1.67659;;;2021.12.09 15:36:13;1.67619;-0.01;-0.34;-1.26;
2021.12.07 12:00:31;Buy;0.02;GBPCAD;1.68496;;;2021.12.09 15:36:13;1.67619;-0.01;-0.16;-13.82;
2021.12.07 09:01:24;Buy;0.01;GBPCAD;1.69058;;;2021.12.09 15:36:13;1.67619;;-0.08;-11.34;
2021.12.06 14:00:23;Sell;0.01;AUDUSD;0.70361;;;2021.12.09 13:15:46;0.71485;;-0.06;-11.24;
2021.12.06 02:00:13;Sell;0.01;AUDUSD;0.70156;;;2021.12.09 13:15:18;0.71472;;-0.06;-13.16;
2021.12.07 04:00:10;Sell;0.02;AUDUSD;0.70534;;;2021.12.09 13:15:17;0.71470;;-0.08;-18.72;
2021.12.08 02:00:26;Sell;0.13;AUDUSD;0.71222;;;2021.12.09 13:14:53;0.71453;-0.01;-0.24;-30.03;
2021.12.07 15:00:08;Sell;0.08;AUDUSD;0.71059;;;2021.12.09 13:14:52;0.71453;-0.01;-0.30;-31.52;
2021.12.07 10:00:52;Sell;0.05;AUDUSD;0.70906;;;2021.12.09 13:14:52;0.71453;;-0.18;-27.35;
2021.12.07 07:00:25;Sell;0.03;AUDUSD;0.70696;;;2021.12.09 13:14:50;0.71455;;-0.12;-22.77;
2021.12.08 20:00:25;Sell;0.55;AUDUSD;0.71775;;;2021.12.09 13:14:27;0.71449;-0.04;-1.02;179.30;
2021.12.08 18:00:22;Sell;0.34;AUDUSD;0.71610;;;2021.12.09 13:14:26;0.71452;-0.02;-0.63;53.72;
2021.12.08 05:00:17;Sell;0.21;AUDUSD;0.71399;;;2021.12.09 13:14:24;0.71452;-0.01;-0.39;-11.13;
2021.12.08 15:00:46;Buy;0.01;GBPUSD;1.31979;;;2021.12.08 18:19:29;1.32296;;;3.17;
2021.12.07 14:00:19;Buy;0.06;NZDCAD;0.85899;;;2021.12.08 17:49:48;0.86031;-0.01;-0.09;6.26;
2021.12.06 18:00:22;Buy;0.04;NZDCAD;0.86275;;;2021.12.08 17:49:47;0.86026;-0.01;-0.12;-7.87;
2021.12.03 16:01:33;Buy;0.02;NZDCAD;0.86590;;;2021.12.08 17:49:46;0.86021;;-0.09;-9.00;
2021.12.08 14:00:26;Buy;0.10;NZDCAD;0.85544;;;2021.12.08 17:49:18;0.86016;-0.01;;37.28;
2021.12.03 05:00:17;Buy;0.01;AUDCAD;0.90672;;;2021.12.08 17:08:47;0.90339;;-0.09;-2.64;
2021.12.03 12:00:11;Buy;0.02;AUDCAD;0.90469;;;2021.12.08 17:08:27;0.90338;;-0.18;-2.07;
2021.12.03 17:01:21;Buy;0.03;AUDCAD;0.89859;;;2021.12.08 17:07:54;0.90328;;-0.24;11.14;
2021.12.03 17:00:47;Buy;0.06;AUDCAD;0.89877;;;2021.12.08 17:06:00;0.90387;-0.01;-0.51;24.21;
2021.12.03 03:00:32;Buy;0.02;AUDCAD;0.90792;;;2021.12.08 17:05:39;0.90381;;-0.18;-6.50;
2021.12.03 12:00:10;Buy;0.04;AUDCAD;0.90469;;;2021.12.08 17:05:14;0.90368;-0.01;-0.33;-3.19;
2021.12.07 08:00:08;Buy;0.03;USDCAD;1.27308;;;2021.12.07 19:43:26;1.26663;;;-15.28;
2021.12.07 01:00:12;Buy;0.01;USDCAD;1.27613;;;2021.12.07 19:43:26;1.26663;;;-7.50;
2021.12.07 18:00:21;Buy;0.55;USDCAD;1.26464;;;2021.12.07 19:43:06;1.26657;-0.06;;83.81;
2021.12.07 16:00:24;Buy;0.21;USDCAD;1.26756;;;2021.12.07 19:43:05;1.26657;-0.02;;-16.41;
2021.12.07 13:00:09;Buy;0.08;USDCAD;1.27000;;;2021.12.07 19:43:05;1.26657;-0.01;;-21.66;
2021.11.23 18:00:18;Buy;0.01;AUDNZD;1.03927;;;2021.12.06 17:20:52;1.04359;;-0.36;2.91;
2021.12.03 21:00:25;Buy;0.02;AUDNZD;1.03751;;;2021.12.06 17:20:28;1.04360;;-0.08;8.23;
2021.12.03 19:00:16;Buy;0.01;AUDNZD;1.03838;;;2021.12.06 16:54:14;1.04308;;-0.04;3.17;
2021.12.03 17:01:14;Buy;0.01;GBPUSD;1.32424;;;2021.12.06 13:35:56;1.32781;;-0.03;3.57;
2021.12.03 22:00:32;Buy;0.02;AUDUSD;0.69974;;;2021.12.06 01:39:07;0.70188;;-0.04;4.28;
2021.12.03 18:01:05;Buy;0.01;AUDUSD;0.70151;;;2021.12.06 01:39:05;0.70187;;-0.02;0.36;
2021.12.03 17:01:23;Buy;0.01;AUDUSD;0.70290;;;2021.12.06 01:39:05;0.70185;;-0.02;-1.05;
2021.12.03 02:00:28;Buy;0.03;AUDUSD;0.70873;;;2021.12.03 15:43:31;0.70656;;;-6.51;
2021.12.03 12:00:08;Buy;0.08;AUDUSD;0.70530;;;2021.12.03 15:43:17;0.70670;;;11.20;
2021.12.02 01:00:12;Buy;0.02;AUDUSD;0.71060;;;2021.12.03 15:43:02;0.70669;;-0.04;-7.82;
2021.12.02 03:00:37;Sell;0.01;USDCAD;1.28173;;;2021.12.03 15:41:03;1.27714;;-0.03;3.59;
2021.12.01 11:00:20;Buy;0.01;AUDUSD;0.71434;;;2021.12.03 15:40:43;0.70683;;-0.04;-7.51;
2021.12.01 20:00:24;Buy;0.01;AUDUSD;0.71243;;;2021.12.03 15:32:16;0.70813;;-0.04;-4.30;
2021.12.03 04:00:19;Buy;0.05;AUDUSD;0.70720;;;2021.12.03 15:30:40;0.70777;;;2.85;
2021.12.01 20:00:26;Sell;0.02;NZDCAD;0.87393;;;2021.12.03 05:03:17;0.87044;;-0.10;5.44;
2021.12.01 07:00:08;Sell;0.01;GBPUSD;1.33219;;;2021.12.01 10:57:48;1.32882;;;3.37;
2021.12.01 07:00:21;Sell;0.02;AUDUSD;0.71683;;;2021.12.01 10:30:26;0.71438;;;4.90;
2021.12.01 05:00:19;Sell;0.01;AUDUSD;0.71530;;;2021.12.01 10:30:26;0.71438;;;0.92;
2021.11.30 22:00:27;Sell;0.01;AUDUSD;0.71200;;;2021.12.01 10:30:25;0.71438;;-0.02;-2.38;
2021.11.30 18:00:29;Buy;0.01;AUDUSD;0.70912;;;2021.11.30 21:35:35;0.71201;;;2.89;
2021.11.30 18:01:42;Buy;0.01;GBPUSD;1.32036;;;2021.11.30 19:35:29;1.32616;;;5.80;
2021.11.30 15:00:48;Sell;0.02;AUDCAD;0.91227;;;2021.11.30 17:54:46;0.90951;;;4.32;
2021.11.30 15:00:46;Sell;0.01;AUDUSD;0.71405;;;2021.11.30 17:39:25;0.71386;;;0.19;
2021.11.30 17:00:12;Sell;0.01;AUDUSD;0.71608;;;2021.11.30 17:38:59;0.71361;;;2.47;
2021.11.26 21:00:19;Buy;0.02;NZDCAD;0.86943;;;2021.11.30 15:19:11;0.87299;;-0.06;5.57;
2021.11.30 08:00:46;Buy;0.01;AUDUSD;0.71032;;;2021.11.30 12:34:39;0.71335;;;3.03;
2021.11.30 02:00:14;Sell;0.01;AUDUSD;0.71458;;;2021.11.30 07:21:34;0.71159;;;2.99;
2021.11.29 18:00:31;Buy;0.01;AUDUSD;0.71165;;;2021.11.30 01:46:52;0.71460;;-0.02;2.95;
2021.11.29 09:00:13;Sell;0.01;AUDUSD;0.71460;;;2021.11.29 17:59:41;0.71158;;;3.02;
2021.11.26 21:00:18;Buy;0.21;AUDUSD;0.71232;;;2021.11.29 08:59:32;0.71459;;-0.45;47.67;
2021.11.26 09:00:15;Buy;0.13;AUDUSD;0.71355;;;2021.11.29 08:59:31;0.71459;;-0.28;13.52;
2021.11.26 04:00:17;Buy;0.08;AUDUSD;0.71571;;;2021.11.29 08:59:30;0.71460;;-0.17;-8.88;
2021.11.26 02:00:35;Buy;0.05;AUDUSD;0.71746;;;2021.11.29 08:59:30;0.71459;;-0.11;-14.35;
2021.11.24 18:00:30;Buy;0.03;AUDUSD;0.71915;;;2021.11.29 08:59:29;0.71459;;-0.18;-13.68;
2021.11.24 06:00:13;Buy;0.02;AUDUSD;0.72060;;;2021.11.29 08:59:29;0.71459;;-0.12;-12.02;
2021.11.22 22:00:21;Buy;0.01;AUDUSD;0.72260;;;2021.11.29 08:59:27;0.71459;;-0.10;-8.01;
2021.11.19 12:00:19;Buy;0.01;AUDUSD;0.72439;;;2021.11.29 08:59:25;0.71460;;-0.12;-9.79;
2021.11.26 14:00:28;Sell;0.01;GBPCAD;1.70188;;;2021.11.29 01:41:02;1.69782;;-0.02;3.19;
2021.11.26 18:01:08;Sell;0.01;USDCAD;1.27893;;;2021.11.29 01:38:34;1.27342;;-0.03;4.33;
2021.11.25 13:00:11;Buy;0.01;GBPUSD;1.33185;;;2021.11.26 22:45:18;1.33516;;-0.03;3.31;
2021.11.26 18:00:37;Sell;0.02;NZDCAD;0.87287;;;2021.11.26 20:41:19;0.86947;;;5.34;
2021.11.24 18:00:31;Buy;0.06;NZDCAD;0.87094;;;2021.11.26 17:45:36;0.87223;-0.01;-0.18;6.05;
2021.11.25 15:00:18;Buy;0.10;NZDCAD;0.86725;;;2021.11.26 17:45:21;0.87218;-0.01;-0.15;38.54;
2021.11.24 07:00:34;Buy;0.04;NZDCAD;0.87619;;;2021.11.26 17:45:08;0.87208;-0.01;-0.12;-12.85;
2021.11.23 07:00:28;Buy;0.02;NZDCAD;0.88032;;;2021.11.26 17:45:07;0.87208;;-0.09;-12.88;
2021.11.24 17:00:37;Buy;0.01;AUDCAD;0.91373;;;2021.11.26 16:24:18;0.91280;;-0.06;-0.73;
2021.11.25 20:00:15;Buy;0.03;AUDCAD;0.90958;;;2021.11.26 16:24:13;0.91279;;-0.09;7.53;
2021.11.24 19:00:10;Buy;0.02;AUDCAD;0.91109;;;2021.11.26 16:24:12;0.91279;;-0.12;2.66;
2021.11.24 16:00:38;Buy;0.02;AUDCAD;0.91404;;;2021.11.26 14:12:44;0.91212;;-0.12;-3.00;
2021.11.24 19:00:33;Buy;0.04;AUDCAD;0.91105;;;2021.11.26 14:12:38;0.91211;-0.01;-0.22;3.32;
2021.11.26 04:00:21;Buy;0.06;AUDCAD;0.90773;;;2021.11.26 14:12:32;0.91209;-0.01;;20.49;
2021.11.24 17:00:29;Sell;0.01;AUDNZD;1.04652;;;2021.11.26 10:02:08;1.04574;;-0.02;0.53;
2021.11.25 13:00:11;Sell;0.02;AUDNZD;1.04921;;;2021.11.26 10:00:20;1.04557;;-0.02;4.96;
2021.11.24 19:00:11;Buy;0.01;GBPCAD;1.68765;;;2021.11.26 07:01:50;1.69169;;-0.08;3.18;
2021.11.24 19:00:09;Buy;0.01;USDCAD;1.26594;;;2021.11.26 06:59:51;1.27149;;-0.04;4.36;
2021.11.23 12:00:06;Sell;0.02;AUDCAD;0.91943;;;2021.11.23 21:39:08;0.91611;;;5.23;
2021.11.23 13:00:10;Buy;0.02;GBPUSD;1.33627;;;2021.11.23 19:00:50;1.33859;;;4.64;
2021.11.22 23:11:22;Buy;0.01;GBPUSD;1.33893;;;2021.11.23 19:00:50;1.33859;;;-0.34;
2021.11.22 12:00:23;Sell;0.01;AUDNZD;1.03658;;;2021.11.23 17:43:24;1.03957;;-0.01;-2.08;
2021.11.23 07:00:27;Sell;0.08;AUDNZD;1.04228;;;2021.11.23 17:43:15;1.03956;-0.01;;15.10;
2021.11.23 05:00:09;Sell;0.05;AUDNZD;1.04102;;;2021.11.23 17:43:15;1.03956;-0.01;;5.06;
2021.11.23 02:00:08;Sell;0.03;AUDNZD;1.04000;;;2021.11.23 17:43:15;1.03956;;;0.91;
2021.11.22 17:00:29;Sell;0.02;AUDNZD;1.03820;;;2021.11.23 17:43:15;1.03957;;-0.02;-1.90;
2021.11.23 11:00:18;Sell;0.03;USDCAD;1.27342;;;2021.11.23 16:57:06;1.27002;;;8.03;
2021.11.22 20:00:16;Sell;0.01;USDCAD;1.26960;;;2021.11.23 16:57:05;1.27002;;-0.03;-0.33;
2021.11.18 05:00:36;Sell;0.02;NZDCAD;0.88596;;;2021.11.22 22:12:06;0.88262;;-0.12;5.27;
2021.11.22 01:01:04;Buy;0.02;AUDCAD;0.91517;;;2021.11.22 15:43:19;0.91875;;;5.66;
2021.11.18 13:00:25;Buy;0.18;AUDNZD;1.03329;;;2021.11.22 05:24:39;1.03648;-0.03;-1.46;40.10;
2021.11.17 03:00:34;Buy;0.01;AUDNZD;1.04256;;;2021.11.22 05:24:39;1.03648;;-0.12;-4.25;
2021.11.18 05:00:09;Buy;0.12;AUDNZD;1.03494;;;2021.11.22 05:24:38;1.03648;-0.02;-0.97;12.91;
2021.11.18 03:00:06;Buy;0.08;AUDNZD;1.03649;;;2021.11.22 05:24:38;1.03648;-0.01;-0.64;-0.05;
2021.11.17 21:00:41;Buy;0.05;AUDNZD;1.03810;;;2021.11.22 05:24:37;1.03648;-0.01;-0.60;-5.65;
2021.11.17 11:00:14;Buy;0.03;AUDNZD;1.03903;;;2021.11.22 05:24:36;1.03649;;-0.36;-5.32;
2021.11.17 06:00:10;Buy;0.02;AUDNZD;1.04147;;;2021.11.22 05:24:36;1.03649;;-0.24;-6.96;
2021.11.19 09:00:23;Sell;0.01;AUDUSD;0.72841;;;2021.11.19 11:16:58;0.72606;;;2.35;
2021.11.18 19:00:21;Sell;0.01;AUDUSD;0.72699;;;2021.11.19 11:16:57;0.72604;;-0.02;0.95;
2021.11.17 13:00:19;Sell;0.01;GBPCAD;1.68948;;;2021.11.19 10:58:30;1.69649;;-0.04;-5.55;
2021.11.17 21:00:58;Sell;0.04;GBPCAD;1.70151;;;2021.11.19 10:58:16;1.69659;-0.01;-0.13;15.60;
2021.11.17 18:00:33;Sell;0.02;GBPCAD;1.69556;;;2021.11.19 10:58:15;1.69660;-0.01;-0.06;-1.65;
2021.11.17 16:00:24;Sell;0.01;USDCAD;1.25866;;;2021.11.18 19:27:12;1.26161;;-0.03;-2.34;
2021.11.18 18:01:00;Sell;0.08;USDCAD;1.26404;;;2021.11.18 19:27:00;1.26170;;;14.84;
2021.11.17 22:00:10;Sell;0.03;USDCAD;1.26144;;;2021.11.18 19:27:00;1.26170;;-0.10;-0.62;
2021.11.18 10:00:32;Sell;0.01;AUDUSD;0.72884;;;2021.11.18 16:04:10;0.72607;;;2.77;
2021.11.17 01:00:05;Buy;0.02;AUDUSD;0.73014;;;2021.11.18 09:26:06;0.72918;;-0.04;-1.92;
2021.11.16 17:00:21;Buy;0.01;AUDUSD;0.73159;;;2021.11.18 09:26:05;0.72917;;-0.04;-2.42;
2021.11.16 16:00:35;Buy;0.01;AUDUSD;0.73349;;;2021.11.18 09:26:04;0.72917;;-0.04;-4.32;
2021.11.17 20:00:25;Buy;0.05;AUDUSD;0.72686;;;2021.11.18 09:26:02;0.72916;;-0.11;11.50;
2021.11.17 05:00:05;Buy;0.03;AUDUSD;0.72849;;;2021.11.18 09:26:02;0.72916;;-0.06;2.01;
2021.11.15 22:00:16;Buy;0.02;NZDCAD;0.88134;;;2021.11.18 04:02:49;0.88468;;-0.09;5.30;
2021.11.12 22:00:09;Sell;0.05;AUDNZD;1.04077;;;2021.11.17 02:52:46;1.04235;-0.01;-0.17;-5.52;
2021.11.11 12:00:26;Sell;0.03;AUDNZD;1.03967;;;2021.11.17 02:52:46;1.04235;;-0.15;-5.62;
2021.11.10 19:00:37;Sell;0.02;AUDNZD;1.03858;;;2021.11.17 02:52:45;1.04236;;-0.10;-5.29;
2021.11.09 11:00:05;Sell;0.01;AUDNZD;1.03734;;;2021.11.17 02:52:45;1.04236;;-0.06;-3.51;
2021.11.16 15:00:27;Sell;0.18;AUDNZD;1.04495;;;2021.11.17 02:52:43;1.04232;-0.03;-0.20;33.09;
2021.11.15 22:00:14;Sell;0.12;AUDNZD;1.04352;;;2021.11.17 02:52:42;1.04232;-0.02;-0.27;10.06;
2021.11.15 13:00:08;Sell;0.08;AUDNZD;1.04214;;;2021.11.17 02:52:42;1.04232;-0.01;-0.18;-1.01;
2021.11.15 13:00:09;Sell;0.01;AUDCAD;0.92225;;;2021.11.16 16:58:08;0.91797;;-0.03;3.41;
2021.11.16 10:00:25;Sell;0.01;GBPUSD;1.34608;;;2021.11.16 16:13:25;1.34251;;;3.57;
2021.11.15 11:00:31;Sell;0.02;AUDUSD;0.73557;;;2021.11.16 11:27:27;0.73329;;-0.04;4.56;
2021.11.15 04:00:18;Sell;0.01;AUDUSD;0.73413;;;2021.11.16 11:27:26;0.73329;;-0.02;0.84;
2021.11.12 18:00:15;Sell;0.01;AUDUSD;0.73199;;;2021.11.16 11:27:26;0.73329;;-0.04;-1.30;
2021.11.16 04:00:19;Buy;0.03;USDCAD;1.24957;;;2021.11.16 11:09:22;1.25264;;;7.35;
2021.11.15 10:00:28;Buy;0.01;USDCAD;1.25319;;;2021.11.16 11:09:22;1.25264;;-0.02;-0.44;
2021.11.15 14:00:16;Sell;0.02;NZDCAD;0.88611;;;2021.11.15 19:34:43;0.88272;;;5.41;
2021.11.11 13:00:12;Sell;0.03;USDCAD;1.25627;;;2021.11.12 17:10:21;1.25695;;-0.10;-1.62;
2021.11.11 06:00:18;Sell;0.01;USDCAD;1.25078;;;2021.11.12 17:10:19;1.25695;;-0.03;-4.91;
2021.11.11 20:00:18;Sell;0.08;USDCAD;1.25926;;;2021.11.12 17:09:49;1.25663;;-0.27;16.74;
2021.11.10 18:00:17;Buy;0.01;AUDUSD;0.73592;;;2021.11.12 17:03:38;0.73108;;-0.04;-4.84;
2021.11.12 04:00:25;Buy;0.03;AUDUSD;0.72809;;;2021.11.12 17:03:09;0.73112;;;9.09;
2021.11.11 05:00:11;Buy;0.02;AUDUSD;0.73023;;;2021.11.12 17:03:09;0.73115;;-0.04;1.84;
2021.11.10 22:00:25;Buy;0.01;AUDUSD;0.73334;;;2021.11.12 17:03:07;0.73115;;-0.04;-2.19;
2021.11.12 04:00:07;Buy;0.02;NZDCAD;0.88151;;;2021.11.12 15:26:45;0.88500;;;5.54;
2021.11.10 18:00:18;Buy;0.01;GBPUSD;1.34748;;;2021.11.12 10:47:38;1.34025;;-0.06;-7.23;
2021.11.11 20:00:18;Buy;0.08;GBPUSD;1.33703;;;2021.11.12 10:47:20;1.34020;;-0.24;25.36;
2021.11.10 21:00:24;Buy;0.02;GBPUSD;1.34377;;;2021.11.12 10:47:20;1.34021;;-0.12;-7.12;
2021.11.11 00:00:27;Buy;0.04;GBPUSD;1.34079;;;2021.11.12 10:47:19;1.34021;;-0.12;-2.32;
2021.11.11 17:00:22;Sell;0.02;NZDCAD;0.88493;;;2021.11.12 03:49:51;0.88166;;-0.05;5.19;
2021.11.09 19:00:33;Buy;0.02;AUDCAD;0.91800;;;2021.11.11 16:51:51;0.91938;;-0.12;2.19;
2021.11.10 08:00:22;Buy;0.04;AUDCAD;0.91527;;;2021.11.11 16:50:57;0.91939;-0.01;-0.12;13.10;
2021.11.11 12:00:27;Buy;0.06;NZDCAD;0.87953;;;2021.11.11 14:43:50;0.88360;-0.01;;19.42;
2021.11.10 08:00:23;Buy;0.04;NZDCAD;0.88349;;;2021.11.11 14:43:46;0.88364;-0.01;-0.07;0.47;
2021.11.09 18:00:45;Buy;0.02;NZDCAD;0.88784;;;2021.11.11 14:43:45;0.88365;;-0.06;-6.67;
2021.11.10 04:00:09;Buy;0.01;AUDCAD;0.91644;;;2021.11.11 14:19:16;0.91739;;-0.03;0.76;
2021.11.10 10:00:13;Buy;0.02;AUDCAD;0.91416;;;2021.11.11 14:19:07;0.91737;;-0.06;5.11;
2021.11.10 17:00:54;Buy;0.01;GBPCAD;1.67634;;;2021.11.11 12:44:34;1.68099;;-0.04;3.70;
2021.11.08 07:00:10;Buy;0.02;AUDNZD;1.03759;;;2021.11.10 20:03:12;1.03840;;-0.16;1.15;
2021.11.03 20:00:09;Buy;0.01;AUDNZD;1.03968;;;2021.11.10 20:02:57;1.03850;;-0.20;-0.83;
2021.11.08 13:00:24;Buy;0.04;AUDNZD;1.03548;;;2021.11.10 20:02:10;1.03886;-0.01;-0.30;9.57;
2021.11.10 17:00:34;Buy;0.01;USDCAD;1.24000;;;2021.11.10 19:13:06;1.24540;;;4.34;
2021.11.10 17:00:13;Sell;0.01;AUDUSD;0.73860;;;2021.11.10 17:49:26;0.73572;;;2.88;
2021.11.09 18:00:13;Buy;0.01;AUDUSD;0.73740;;;2021.11.10 16:05:15;0.73813;;-0.02;0.73;
2021.11.09 03:00:07;Buy;0.01;AUDUSD;0.74034;;;2021.11.10 16:05:13;0.73813;;-0.02;-2.21;
2021.11.10 08:00:22;Buy;0.02;AUDUSD;0.73557;;;2021.11.10 16:05:03;0.73820;;;5.26;
2021.11.08 17:00:18;Sell;0.01;GBPCAD;1.68862;;;2021.11.10 03:51:08;1.68465;;-0.04;3.19;
2021.11.08 16:00:45;Sell;0.01;GBPUSD;1.35412;;;2021.11.09 15:40:54;1.35480;;-0.03;-0.68;
2021.11.09 08:00:11;Sell;0.02;GBPUSD;1.35778;;;2021.11.09 15:40:37;1.35485;;;5.86;
2021.11.05 18:00:17;Sell;0.02;NZDCAD;0.88490;;;2021.11.09 15:19:46;0.88886;;-0.10;-6.36;
2021.11.08 16:00:43;Sell;0.06;NZDCAD;0.89295;;;2021.11.09 15:19:44;0.88886;-0.01;-0.16;19.72;
2021.11.08 08:00:23;Sell;0.04;NZDCAD;0.88893;;;2021.11.09 15:19:44;0.88886;-0.01;-0.11;0.22;
2021.11.08 09:00:14;Buy;0.08;AUDNZD;1.03697;;;2021.11.09 10:32:48;1.03692;-0.01;-0.31;-0.29;
2021.11.08 06:00:13;Buy;0.05;AUDNZD;1.03804;;;2021.11.09 10:32:47;1.03692;-0.01;-0.19;-4.00;
2021.11.03 20:00:18;Buy;0.03;AUDNZD;1.03964;;;2021.11.09 10:32:47;1.03692;;-0.47;-5.83;
2021.11.03 17:00:55;Buy;0.02;AUDNZD;1.04130;;;2021.11.09 10:32:46;1.03694;;-0.32;-6.24;
2021.11.03 02:00:13;Buy;0.01;AUDNZD;1.04245;;;2021.11.09 10:32:46;1.03694;;-0.16;-3.94;
2021.11.08 15:00:05;Buy;0.18;AUDNZD;1.03429;;;2021.11.09 10:32:31;1.03698;-0.03;-0.70;34.64;
2021.11.08 13:00:15;Buy;0.12;AUDNZD;1.03549;;;2021.11.09 10:32:31;1.03698;-0.02;-0.46;12.79;
2021.11.05 19:00:22;Sell;0.01;AUDUSD;0.74070;;;2021.11.09 02:47:51;0.74012;;-0.04;0.58;
2021.11.08 19:00:06;Sell;0.01;AUDUSD;0.74282;;;2021.11.09 02:47:42;0.74012;;-0.02;2.70;
2021.11.05 12:00:23;Buy;0.02;AUDCAD;0.92015;;;2021.11.08 16:17:32;0.92368;;-0.06;5.67;
2021.11.02 20:00:11;Buy;0.02;AUDCAD;0.92181;;;2021.11.08 15:58:16;0.92318;;-0.24;2.20;
2021.11.02 17:00:14;Buy;0.01;AUDCAD;0.92459;;;2021.11.08 15:58:15;0.92318;;-0.12;-1.14;
2021.11.05 13:00:15;Buy;0.03;AUDCAD;0.91967;;;2021.11.08 15:58:06;0.92316;;-0.09;8.41;
2021.11.05 12:00:25;Buy;0.04;GBPUSD;1.34534;;;2021.11.05 18:39:27;1.34919;;;15.40;
2021.11.04 18:00:21;Buy;0.02;GBPUSD;1.35060;;;2021.11.05 18:39:26;1.34919;;-0.05;-2.82;
2021.11.04 16:00:15;Buy;0.01;GBPUSD;1.35448;;;2021.11.05 18:39:25;1.34919;;-0.03;-5.29;
2021.11.04 15:00:40;Buy;0.01;AUDUSD;0.74184;;;2021.11.05 18:35:30;0.74016;;-0.02;-1.68;
2021.11.04 09:00:11;Buy;0.01;AUDUSD;0.74362;;;2021.11.05 18:35:28;0.74017;;-0.02;-3.45;
2021.11.04 18:00:19;Buy;0.02;AUDUSD;0.73937;;;2021.11.05 18:35:15;0.74017;;-0.04;1.60;
2021.11.05 12:00:24;Buy;0.03;AUDUSD;0.73801;;;2021.11.05 18:35:10;0.74017;;;6.48;
2021.11.04 17:01:07;Buy;0.01;GBPCAD;1.68153;;;2021.11.05 18:16:25;1.68004;;-0.04;-1.20;
2021.11.05 13:00:13;Buy;0.02;GBPCAD;1.67561;;;2021.11.05 18:15:56;1.67987;-0.01;;6.84;
2021.11.05 14:00:18;Sell;0.03;USDCAD;1.24770;;;2021.11.05 15:36:45;1.24479;;;7.01;
2021.11.04 18:00:29;Sell;0.01;USDCAD;1.24519;;;2021.11.05 15:36:44;1.24479;;-0.03;0.32;
2021.11.03 11:00:07;Sell;0.02;NZDCAD;0.88573;;;2021.11.05 11:06:46;0.88229;;-0.10;5.53;
2021.11.04 03:00:17;Sell;0.01;AUDUSD;0.74687;;;2021.11.04 08:36:17;0.74382;;;3.05;
2021.11.02 19:00:09;Buy;0.03;AUDUSD;0.74286;;;2021.11.04 01:19:37;0.74602;;-0.14;9.48;
2021.11.02 10:00:25;Buy;0.01;AUDUSD;0.74746;;;2021.11.04 01:19:37;0.74602;;-0.04;-1.44;
2021.11.02 07:00:09;Buy;0.01;AUDUSD;0.75056;;;2021.11.04 01:19:36;0.74598;;-0.04;-4.58;
2021.11.02 17:00:26;Buy;0.02;AUDUSD;0.74546;;;2021.11.04 01:19:31;0.74596;;-0.08;1.00;
2021.11.02 12:00:11;Buy;0.04;GBPUSD;1.36333;;;2021.11.03 17:57:33;1.36645;;-0.11;12.48;
2021.11.02 04:17:45;Buy;0.02;GBPUSD;1.36528;;;2021.11.03 17:57:33;1.36645;;-0.05;2.34;
2021.11.02 04:17:45;Buy;0.01;GBPUSD;1.36527;;;2021.11.03 17:57:32;1.36645;;-0.03;1.18;
2021.11.02 20:00:11;Buy;0.04;NZDCAD;0.88123;;;2021.11.03 01:24:03;0.88448;-0.01;-0.07;10.48;
2021.11.02 14:00:21;Buy;0.02;NZDCAD;0.88515;;;2021.11.03 01:24:03;0.88448;;-0.03;-1.08;
2021.11.02 18:00:26;Sell;0.03;AUDNZD;1.04699;;;2021.11.03 01:00:14;1.04330;;-0.04;7.88;
2021.11.02 14:00:20;Sell;0.02;AUDNZD;1.04605;;;2021.11.03 01:00:13;1.04330;;-0.03;3.92;
2021.11.02 13:00:10;Sell;0.01;AUDNZD;1.04429;;;2021.11.03 01:00:13;1.04330;;-0.01;0.70;
2021.11.02 04:17:44;Buy;0.01;AUDNZD;1.04820;;;2021.11.02 12:55:45;1.04472;;;-2.49;
2021.11.02 04:17:44;Buy;0.02;AUDNZD;1.04820;;;2021.11.02 12:55:36;1.04472;;;-4.97;
2021.11.02 04:17:44;Buy;0.03;AUDNZD;1.04820;;;2021.11.02 12:55:30;1.04475;;;-7.39;
2021.11.02 11:00:19;Buy;0.12;AUDNZD;1.04196;;;2021.11.02 12:55:28;1.04474;-0.02;;23.84;
2021.11.02 09:00:12;Buy;0.08;AUDNZD;1.04340;;;2021.11.02 12:55:27;1.04474;-0.01;;7.66;
2021.11.02 08:00:19;Buy;0.05;AUDNZD;1.04452;;;2021.11.02 12:55:27;1.04474;-0.01;;0.79;
2021.11.02 04:17:44;Sell;0.01;AUDUSD;0.75278;;;2021.11.02 06:32:56;0.74935;;;3.43;
2021.11.01 19:00:10;Sell;0.02;AUDUSD;0.75334;;;2021.11.02 04:16:51;0.75293;;-0.04;0.82;
2021.11.01 15:00:11;Sell;0.04;NZDCAD;0.88939;;;2021.11.02 04:16:51;0.88904;-0.01;-0.10;1.13;
2021.10.26 10:00:20;Sell;0.04;NZDCAD;0.88816;;;2021.11.02 04:16:51;0.88904;-0.01;-0.50;-2.85;
2021.10.22 23:00:37;Sell;0.02;NZDCAD;0.88458;;;2021.11.02 04:16:51;0.88904;;-0.35;-7.21;
2021.11.01 07:00:30;Buy;0.02;AUDUSD;0.75061;;;2021.11.01 17:47:44;0.75285;;;4.48;
2021.10.29 16:00:33;Buy;0.02;AUDUSD;0.75227;;;2021.11.01 17:47:43;0.75285;;-0.05;1.16;
2021.10.29 17:00:11;Buy;0.04;NZDCAD;0.88423;;;2021.10.29 18:02:42;0.88710;-0.01;;9.26;
2021.10.28 18:00:26;Sell;0.02;AUDUSD;0.75477;;;2021.10.29 15:53:15;0.75203;;-0.04;5.48;
2021.10.28 18:00:20;Sell;0.04;NZDCAD;0.88935;;;2021.10.29 12:10:10;0.88660;-0.01;-0.10;8.91;
2021.10.28 03:13:07;Buy;0.02;AUDCAD;0.92763;;;2021.10.28 19:50:09;0.93235;;;7.65;
2021.10.27 18:00:35;Buy;0.02;AUDUSD;0.75073;;;2021.10.28 17:07:17;0.75361;;-0.04;5.76;
2021.10.27 18:00:36;Buy;0.04;NZDCAD;0.88418;;;2021.10.28 05:28:07;0.88703;-0.01;-0.07;9.21;
2021.10.19 17:00:39;Sell;0.04;AUDCAD;0.92282;;;2021.10.27 17:13:44;0.92652;-0.01;-0.84;-12.02;
2021.10.19 05:00:18;Sell;0.02;AUDCAD;0.91918;;;2021.10.27 17:13:43;0.92654;;-0.42;-11.95;
2021.10.27 04:48:45;Sell;0.16;AUDCAD;0.93238;;;2021.10.27 17:12:56;0.92675;-0.02;;73.14;
2021.10.20 20:00:52;Sell;0.08;AUDCAD;0.92598;;;2021.10.27 17:12:55;0.92675;-0.01;-1.39;-5.00;
2021.10.25 18:00:23;Sell;0.04;NZDCAD;0.88680;;;2021.10.27 17:12:06;0.88330;-0.01;-0.20;11.37;
2021.10.27 12:00:15;Buy;0.02;AUDUSD;0.74923;;;2021.10.27 17:01:19;0.75263;;;6.80;
2021.10.26 22:00:52;Sell;0.02;AUDUSD;0.75074;;;2021.10.27 11:31:43;0.74959;;-0.04;2.30;
2021.10.27 04:48:45;Sell;0.02;AUDUSD;0.75223;;;2021.10.27 11:31:09;0.74989;;;4.68;
2021.10.18 17:00:12;Buy;0.02;AUDNZD;1.04630;;;2021.10.27 04:48:53;1.05079;;-0.49;6.42;
2021.10.21 09:00:10;Buy;0.04;AUDNZD;1.04315;;;2021.10.27 04:48:45;1.05077;-0.01;-0.57;21.82;
2021.10.26 16:00:17;Sell;0.02;AUDUSD;0.75216;;;2021.10.26 19:01:36;0.74958;;;5.16;
2021.10.25 11:00:19;Sell;0.02;AUDUSD;0.75006;;;2021.10.26 19:01:36;0.74958;;-0.04;0.96;
2021.10.25 11:00:19;Sell;0.04;NZDCAD;0.88566;;;2021.10.25 12:15:38;0.88290;-0.01;;8.94;
2021.10.22 19:01:31;Buy;0.02;AUDUSD;0.74591;;;2021.10.25 09:09:31;0.74917;;-0.04;6.52;
2021.10.22 12:00:16;Sell;0.02;AUDUSD;0.75040;;;2021.10.22 18:18:57;0.74767;;;5.46;
2021.10.22 05:00:18;Sell;0.02;AUDUSD;0.74851;;;2021.10.22 18:18:09;0.74769;;;1.64;
2021.10.20 16:00:13;Sell;0.64;NZDCAD;0.88607;;;2021.10.22 16:00:32;0.88127;-0.09;-3.05;249.04;
2021.10.19 15:00:11;Sell;0.32;NZDCAD;0.88250;;;2021.10.22 16:00:32;0.88127;-0.05;-2.28;31.91;
2021.10.19 05:00:17;Sell;0.16;NZDCAD;0.87915;;;2021.10.22 16:00:31;0.88127;-0.02;-1.14;-27.50;
2021.10.15 17:01:00;Sell;0.08;NZDCAD;0.87379;;;2021.10.22 16:00:31;0.88126;-0.01;-0.95;-48.44;
2021.10.14 15:00:32;Sell;0.04;NZDCAD;0.87011;;;2021.10.22 16:00:30;0.88126;-0.01;-0.57;-36.16;
2021.10.13 23:00:18;Sell;0.02;NZDCAD;0.86661;;;2021.10.22 16:00:30;0.88126;;-0.35;-23.75;
2021.10.15 05:00:31;Sell;0.04;NZDCAD;0.87136;;;2021.10.22 15:55:09;0.88101;-0.01;-0.48;-31.29;
2021.10.19 10:00:37;Sell;0.16;NZDCAD;0.88074;;;2021.10.22 15:55:06;0.88104;-0.02;-1.14;-3.89;
2021.10.15 20:00:13;Sell;0.08;NZDCAD;0.87607;;;2021.10.22 15:55:06;0.88104;-0.01;-0.95;-32.24;
2021.10.19 18:00:26;Sell;0.32;NZDCAD;0.88491;;;2021.10.22 15:54:58;0.88107;-0.05;-2.28;99.62;
2021.10.21 08:00:12;Buy;0.02;AUDUSD;0.75073;;;2021.10.22 04:35:03;0.74869;;-0.04;-4.08;
2021.10.21 21:00:10;Buy;0.04;AUDUSD;0.74616;;;2021.10.22 04:35:00;0.74880;;-0.09;10.56;
2021.10.21 10:00:32;Buy;0.02;AUDUSD;0.74864;;;2021.10.22 04:35:00;0.74880;;-0.04;0.32;
2021.10.19 04:00:13;Sell;0.02;AUDUSD;0.74259;;;2021.10.21 07:14:13;0.75117;;-0.08;-17.16;
2021.10.20 20:01:09;Sell;0.16;AUDUSD;0.75177;;;2021.10.21 07:13:30;0.75083;-0.01;-0.32;15.04;
2021.10.19 09:00:47;Sell;0.04;AUDUSD;0.74642;;;2021.10.21 07:13:30;0.75083;;-0.16;-17.64;
2021.10.20 08:00:11;Sell;0.10;AUDUSD;0.74981;;;2021.10.21 07:13:29;0.75083;-0.01;-0.20;-10.20;
2021.10.19 19:00:15;Sell;0.06;AUDUSD;0.74805;;;2021.10.21 07:13:28;0.75083;;-0.24;-16.68;
2021.10.19 05:00:18;Sell;0.02;AUDUSD;0.74418;;;2021.10.21 07:13:19;0.75077;;-0.08;-13.18;
2021.10.21 05:00:11;Sell;0.26;AUDUSD;0.75392;;;2021.10.21 07:13:10;0.75099;-0.02;;76.18;
2021.10.18 12:00:10;Buy;0.02;AUDUSD;0.73903;;;2021.10.18 19:00:06;0.74165;;;5.24;
2021.10.18 04:00:06;Buy;0.02;AUDUSD;0.74105;;;2021.10.18 18:59:55;0.74166;;;1.22;
2021.10.13 21:00:45;Sell;0.02;AUDUSD;0.73760;;;2021.10.15 15:55:25;0.74067;;-0.08;-6.14;
2021.10.13 17:00:44;Sell;0.02;AUDUSD;0.73604;;;2021.10.15 15:55:24;0.74067;;-0.08;-9.26;
2021.10.15 10:00:27;Sell;0.10;AUDUSD;0.74312;;;2021.10.15 15:55:11;0.74076;-0.01;;23.60;
2021.10.14 16:00:16;Sell;0.06;AUDUSD;0.74164;;;2021.10.15 15:55:11;0.74076;;-0.12;5.28;
2021.10.14 11:00:11;Sell;0.04;AUDUSD;0.74006;;;2021.10.15 15:55:10;0.74079;;-0.08;-2.92;
2021.09.29 04:00:50;Sell;0.02;AUDNZD;1.04220;;;2021.10.14 23:00:38;1.05383;;-0.33;-16.37;
2021.10.12 15:00:13;Sell;0.64;AUDNZD;1.05984;;;2021.10.14 23:00:22;1.05377;-0.09;-2.01;273.39;
2021.10.11 09:00:36;Sell;0.32;AUDNZD;1.05666;;;2021.10.14 23:00:22;1.05377;-0.05;-1.50;65.08;
2021.10.07 05:00:17;Sell;0.16;AUDNZD;1.05290;;;2021.10.14 23:00:21;1.05377;-0.02;-1.25;-9.79;
2021.10.06 11:00:23;Sell;0.08;AUDNZD;1.04984;;;2021.10.14 23:00:20;1.05378;-0.01;-0.75;-22.18;
2021.09.29 18:00:57;Sell;0.04;AUDNZD;1.04576;;;2021.10.14 23:00:20;1.05378;-0.01;-0.71;-22.58;
2021.10.14 16:00:16;Sell;0.04;NZDCAD;0.87157;;;2021.10.14 18:02:06;0.86865;-0.01;;9.45;
2021.10.08 18:00:41;Buy;2.56;NZDCAD;0.86471;;;2021.10.14 11:33:12;0.87046;-0.36;-19.38;1 187.56;
2021.09.24 17:00:26;Buy;0.08;NZDCAD;0.89063;;;2021.10.14 11:33:12;0.87046;-0.01;-2.20;-130.18;
2021.09.22 18:01:08;Buy;0.04;NZDCAD;0.89530;;;2021.10.14 11:33:12;0.87046;-0.01;-1.27;-80.16;
2021.10.06 11:00:23;Buy;1.28;NZDCAD;0.87090;;;2021.10.14 11:33:11;0.87046;-0.18;-14.49;-45.43;
2021.09.29 18:00:56;Buy;0.64;NZDCAD;0.87612;;;2021.10.14 11:33:11;0.87046;-0.09;-13.70;-292.24;
2021.09.28 13:00:15;Buy;0.32;NZDCAD;0.88065;;;2021.10.14 11:33:10;0.87046;-0.04;-7.51;-263.08;
2021.09.27 10:00:45;Buy;0.16;NZDCAD;0.88591;;;2021.10.14 11:33:09;0.87046;-0.02;-4.09;-199.44;
2021.10.13 02:00:16;Buy;0.02;AUDUSD;0.73466;;;2021.10.13 16:27:05;0.73508;;;0.84;
2021.10.12 16:00:13;Buy;0.02;AUDUSD;0.73606;;;2021.10.13 16:27:03;0.73507;;-0.04;-1.98;
2021.10.13 16:00:48;Buy;0.04;AUDUSD;0.73313;;;2021.10.13 16:27:00;0.73502;;;7.56;
2021.10.12 14:00:29;Sell;0.02;AUDCAD;0.91928;;;2021.10.13 03:45:49;0.91488;;-0.07;7.06;
2021.10.12 08:00:14;Sell;0.02;AUDUSD;0.73472;;;2021.10.12 15:50:20;0.73589;;;-2.34;
2021.10.12 14:00:28;Sell;0.04;AUDUSD;0.73802;;;2021.10.12 15:50:12;0.73586;;;8.64;
2021.10.12 12:00:18;Sell;0.02;AUDUSD;0.73624;;;2021.10.12 15:50:12;0.73587;;;0.74;
2021.10.08 18:00:43;Buy;0.16;AUDCAD;0.91140;;;2021.10.12 13:41:39;0.91877;-0.02;-0.92;94.63;
2021.09.28 14:00:33;Buy;0.10;AUDCAD;0.91681;;;2021.10.12 13:41:39;0.91877;-0.01;-2.89;15.73;
2021.09.23 11:00:32;Buy;0.06;AUDCAD;0.92107;;;2021.10.12 13:41:38;0.91877;-0.01;-2.21;-11.07;
2021.09.15 20:00:12;Buy;0.04;AUDCAD;0.92636;;;2021.10.12 13:41:38;0.91877;-0.01;-2.14;-24.36;
2021.09.14 07:00:24;Buy;0.02;AUDCAD;0.93006;;;2021.10.12 13:41:37;0.91877;;-1.20;-18.12;
2021.09.08 17:39:20;Buy;0.02;AUDCAD;0.93724;;;2021.10.12 13:41:36;0.91877;;-1.44;-29.64;
2021.10.11 17:00:10;Sell;0.02;AUDUSD;0.73625;;;2021.10.12 04:06:38;0.73369;;-0.04;5.12;
2021.10.11 11:00:08;Sell;0.02;AUDUSD;0.73423;;;2021.10.12 04:06:37;0.73369;;-0.04;1.08;
2021.10.08 18:00:42;Buy;0.16;AUDCAD;0.91143;;;2021.10.11 17:12:53;0.91757;-0.02;-0.46;78.89;
2021.09.27 00:04:01;Buy;0.08;AUDCAD;0.91856;;;2021.10.11 17:12:52;0.91756;-0.01;-2.30;-6.43;
2021.09.23 11:00:22;Buy;0.04;AUDCAD;0.92102;;;2021.10.11 17:12:52;0.91755;-0.01;-1.35;-11.15;
2021.09.22 19:00:11;Buy;0.02;AUDCAD;0.92495;;;2021.10.11 17:12:51;0.91754;;-0.78;-11.90;
2021.10.08 17:00:48;Buy;0.02;AUDUSD;0.73126;;;2021.10.11 09:57:51;0.73385;;-0.04;5.18;
2021.09.23 03:00:51;Buy;0.02;NZDCAD;0.89406;;;2021.10.11 00:38:50;0.86208;;-0.48;-51.28;
2021.09.28 12:00:12;Buy;0.16;NZDCAD;0.88166;;;2021.10.11 00:38:39;0.86214;-0.02;-2.85;-250.43;
2021.09.27 11:01:11;Buy;0.08;NZDCAD;0.88556;;;2021.10.11 00:38:39;0.86214;-0.01;-1.58;-150.23;
2021.09.24 18:01:11;Buy;0.04;NZDCAD;0.88931;;;2021.10.11 00:38:38;0.86214;-0.01;-0.87;-87.14;
2021.10.06 12:00:42;Buy;1.28;NZDCAD;0.86988;;;2021.10.11 00:38:26;0.86229;-0.18;-7.25;-778.97;
2021.10.06 06:00:13;Buy;0.64;NZDCAD;0.87365;;;2021.10.11 00:38:25;0.86229;-0.09;-3.62;-582.95;
2021.09.29 17:00:36;Buy;0.32;NZDCAD;0.87677;;;2021.10.11 00:38:25;0.86229;-0.04;-5.05;-371.52;
2021.10.08 18:00:38;Buy;2.56;NZDCAD;0.86471;;;2021.10.11 00:38:24;0.86229;-0.35;-4.90;-496.73;
2021.10.08 16:00:30;Sell;0.02;AUDUSD;0.73271;;;2021.10.08 16:47:48;0.73019;;;5.04;
2021.10.08 15:00:12;Sell;0.02;AUDUSD;0.73038;;;2021.10.08 16:47:47;0.73017;;;0.42;
2021.10.07 19:00:32;Sell;0.04;AUDUSD;0.73206;;;2021.10.08 09:51:53;0.72953;;-0.08;10.12;
2021.10.07 10:00:49;Sell;0.02;AUDUSD;0.72940;;;2021.10.08 09:51:52;0.72948;;-0.04;-0.16;
2021.10.06 23:00:10;Sell;0.02;AUDUSD;0.72742;;;2021.10.08 09:51:52;0.72948;;-0.08;-4.12;
2021.10.06 05:00:24;Buy;0.02;AUDUSD;0.72667;;;2021.10.06 21:08:25;0.72666;;;-0.02;
2021.10.06 11:00:23;Buy;0.02;AUDUSD;0.72337;;;2021.10.06 21:08:17;0.72670;;;6.66;
2021.10.05 19:00:29;Sell;0.02;AUDUSD;0.72932;;;2021.10.06 04:54:17;0.72651;;-0.04;5.62;
2021.10.05 05:00:33;Buy;0.02;AUDUSD;0.72650;;;2021.10.05 18:26:52;0.72956;;;6.12;
2021.09.30 09:00:20;Sell;0.26;AUDNZD;1.04813;;;2021.10.05 13:52:23;1.04393;-0.04;-1.31;76.05;
2021.09.29 18:01:11;Sell;0.16;AUDNZD;1.04554;;;2021.10.05 13:52:23;1.04393;-0.02;-1.08;17.94;
2021.09.24 17:00:10;Sell;0.02;AUDNZD;1.03386;;;2021.10.05 13:52:23;1.04393;;-0.21;-14.03;
2021.09.29 07:00:34;Sell;0.10;AUDNZD;1.04309;;;2021.10.05 13:52:22;1.04393;-0.01;-0.67;-5.85;
2021.09.28 09:00:39;Sell;0.06;AUDNZD;1.04049;;;2021.10.05 13:52:20;1.04395;-0.01;-0.50;-14.46;
2021.09.27 18:00:38;Sell;0.04;AUDNZD;1.03859;;;2021.10.05 13:52:19;1.04393;-0.01;-0.42;-14.88;
2021.09.27 04:00:12;Sell;0.02;AUDNZD;1.03618;;;2021.10.05 13:52:18;1.04393;;-0.18;-10.80;
2021.10.04 16:00:25;Sell;0.02;AUDUSD;0.72908;;;2021.10.05 04:18:58;0.72673;;-0.04;4.70;
2021.10.04 14:00:09;Sell;0.02;AUDUSD;0.72774;;;2021.10.05 04:18:53;0.72680;;-0.04;1.88;
2021.10.01 16:00:38;Sell;0.02;AUDCAD;0.92030;;;2021.10.04 11:39:41;0.91619;;-0.07;6.50;
2021.09.29 16:33:05;Sell;0.02;AUDCAD;0.91518;;;2021.10.04 11:39:41;0.91619;;-0.21;-1.60;
2021.10.04 02:01:02;Sell;0.04;AUDUSD;0.72766;;;2021.10.04 11:38:48;0.72523;;;9.72;
2021.10.01 15:01:19;Sell;0.02;AUDUSD;0.72582;;;2021.10.04 11:38:48;0.72523;;-0.04;1.18;
2021.10.01 12:01:04;Sell;0.02;AUDUSD;0.72286;;;2021.10.04 11:38:47;0.72523;;-0.04;-4.74;
2021.09.28 22:00:38;Buy;0.06;GBPCAD;1.71609;;;2021.10.01 16:56:19;1.71884;-0.02;-0.77;13.02;
2021.09.27 00:53:51;Buy;0.02;GBPCAD;1.73062;;;2021.10.01 16:56:18;1.71884;-0.01;-0.35;-18.58;
2021.09.28 14:00:32;Buy;0.04;GBPCAD;1.72133;;;2021.10.01 16:55:46;1.71882;-0.01;-0.51;-7.93;
2021.09.30 11:00:13;Buy;0.10;GBPCAD;1.70962;;;2021.10.01 16:55:25;1.71884;-0.03;-0.43;72.73;
2021.10.01 10:01:36;Buy;0.02;AUDUSD;0.72020;;;2021.10.01 11:52:08;0.72277;;;5.14;
2021.09.30 17:00:16;Sell;0.02;AUDUSD;0.72225;;;2021.10.01 09:19:52;0.71989;;-0.04;4.72;
2021.09.30 06:00:09;Sell;0.02;AUDUSD;0.72043;;;2021.10.01 09:19:52;0.71989;;-0.04;1.08;
2021.09.29 23:00:18;Buy;0.06;AUDUSD;0.71739;;;2021.09.30 05:06:52;0.71983;;-0.13;14.64;
2021.09.29 19:00:37;Buy;0.04;AUDUSD;0.71926;;;2021.09.30 05:06:51;0.71983;;-0.09;2.28;
2021.09.29 16:00:38;Buy;0.02;AUDUSD;0.72073;;;2021.09.30 05:06:51;0.71983;;-0.04;-1.80;
2021.09.29 13:00:10;Buy;0.02;AUDUSD;0.72452;;;2021.09.30 05:06:51;0.71983;;-0.04;-9.38;
2021.09.24 23:57:33;Sell;0.02;AUDCAD;0.91832;;;2021.09.29 16:33:04;0.91547;;-0.21;4.48;
2021.09.28 16:00:43;Buy;0.04;AUDUSD;0.72410;;;2021.09.29 10:31:55;0.72611;;-0.09;8.04;
2021.09.28 13:00:13;Buy;0.02;AUDUSD;0.72531;;;2021.09.29 10:31:53;0.72611;;-0.04;1.60;
2021.09.28 10:00:34;Buy;0.02;AUDUSD;0.72763;;;2021.09.29 10:31:53;0.72611;;-0.04;-3.04;
2021.09.27 04:00:25;Sell;0.02;AUDUSD;0.72774;;;2021.09.28 09:59:31;0.72732;;-0.04;0.84;
2021.09.28 06:01:02;Sell;0.02;AUDUSD;0.72971;;;2021.09.28 09:59:02;0.72712;;;5.18;
2021.09.24 10:00:46;Buy;0.02;AUDUSD;0.72847;;;2021.09.27 03:03:19;0.72704;;-0.04;-2.86;
2021.09.24 15:00:17;Buy;0.04;AUDUSD;0.72501;;;2021.09.27 03:03:18;0.72704;;-0.09;8.12;
2021.09.24 13:00:14;Buy;0.02;AUDUSD;0.72663;;;2021.09.27 03:03:17;0.72703;;-0.04;0.80;
2021.09.24 17:02:57;Sell;0.02;AUDCAD;0.91990;;;2021.09.24 23:57:30;0.91896;;;1.48;
2021.09.23 10:15:53;Sell;0.02;AUDCAD;0.92249;;;2021.09.24 17:02:57;0.92014;;-0.07;3.70;
2021.09.23 10:00:33;Sell;0.02;AUDUSD;0.72559;;;2021.09.24 09:46:37;0.72894;;-0.04;-6.70;
2021.09.23 16:00:31;Sell;0.04;AUDUSD;0.72953;;;2021.09.24 09:46:25;0.72884;;-0.07;2.76;
2021.09.23 12:00:16;Sell;0.02;AUDUSD;0.72727;;;2021.09.24 09:46:25;0.72884;;-0.04;-3.14;
2021.09.23 21:00:14;Sell;0.06;AUDUSD;0.73135;;;2021.09.24 09:46:19;0.72882;;-0.11;15.18;
2021.09.24 04:00:30;Sell;0.02;AUDNZD;1.03320;;;2021.09.24 05:00:58;1.03257;;;0.89;
2021.09.23 16:00:57;Buy;0.02;AUDNZD;1.03103;;;2021.09.23 21:59:28;1.03279;;;2.49;
2021.09.23 09:00:03;Buy;0.02;AUDNZD;1.03339;;;2021.09.23 21:59:24;1.03282;;;-0.80;
2021.09.23 12:00:17;Buy;0.06;GBPCAD;1.73046;;;2021.09.23 17:05:39;1.73871;-0.02;;39.12;
2021.09.23 10:00:33;Buy;0.04;GBPCAD;1.73680;;;2021.09.23 17:05:19;1.73873;-0.01;;6.10;
2021.09.22 14:00:11;Buy;0.02;GBPCAD;1.74335;;;2021.09.23 17:05:18;1.73873;-0.01;-0.09;-7.30;
2021.09.22 18:10:48;Sell;0.02;AUDCAD;0.92475;;;2021.09.23 10:15:53;0.92274;;-0.07;3.16;
2021.09.23 06:00:41;Buy;0.02;AUDUSD;0.72254;;;2021.09.23 09:42:03;0.72534;;;5.60;
2021.09.22 05:00:25;Sell;0.02;AUDUSD;0.72545;;;2021.09.23 05:54:16;0.72242;;-0.04;6.06;
2021.09.22 23:00:32;Buy;0.02;AUDNZD;1.03340;;;2021.09.23 01:00:17;1.03376;;-0.06;0.51;
2021.09.22 22:01:38;Sell;0.02;AUDNZD;1.03431;;;2021.09.22 22:10:53;1.03372;;;0.83;
2021.09.22 18:01:08;Sell;0.02;AUDNZD;1.03356;;;2021.09.22 21:00:59;1.03335;;;0.30;
2021.09.20 15:00:18;Sell;0.02;AUDCAD;0.92877;;;2021.09.22 18:10:47;0.92498;;-0.14;5.96;
2021.09.16 09:57:15;Sell;0.02;AUDCAD;0.92467;;;2021.09.22 18:10:47;0.92498;;-0.28;-0.48;
2021.09.21 16:00:19;Buy;0.02;AUDUSD;0.72510;;;2021.09.22 04:11:46;0.72588;;-0.04;1.56;
2021.09.21 18:00:37;Buy;0.02;AUDUSD;0.72245;;;2021.09.22 04:11:19;0.72586;;-0.04;6.82;
2021.09.21 20:00:23;Sell;0.02;AUDNZD;1.03294;;;2021.09.21 21:19:48;1.03224;;;0.98;
2021.09.21 16:00:20;Buy;0.02;AUDNZD;1.03160;;;2021.09.21 17:35:31;1.03246;;;1.20;
2021.09.20 16:01:11;Sell;0.02;AUDUSD;0.72475;;;2021.09.21 15:19:04;0.72552;;-0.04;-1.54;
2021.09.20 23:00:37;Sell;0.02;AUDUSD;0.72620;;;2021.09.21 15:18:10;0.72586;;-0.04;0.68;
2021.09.21 12:00:03;Sell;0.04;AUDUSD;0.72774;;;2021.09.21 15:16:22;0.72523;;;10.04;
2021.09.21 12:00:12;Buy;0.02;AUDNZD;1.03233;;;2021.09.21 13:26:36;1.03312;;;1.11;
2021.09.20 16:01:11;Sell;0.02;NZDCAD;0.90183;;;2021.09.21 04:00:14;0.89724;;-0.04;7.17;
2021.09.21 02:00:20;Sell;0.02;AUDNZD;1.03515;;;2021.09.21 03:07:35;1.03440;;;1.06;
2021.09.20 13:00:25;Sell;0.04;NZDCAD;0.90061;;;2021.09.21 02:48:39;0.89773;-0.01;-0.09;8.99;
2021.08.23 01:00:45;Buy;0.04;AUDNZD;1.04438;;;2021.09.21 02:00:28;1.03516;-0.01;-2.55;-25.86;
2021.08.20 07:00:16;Buy;0.02;AUDNZD;1.04494;;;2021.09.21 02:00:28;1.03516;;-1.35;-13.72;
2021.09.16 11:00:16;Buy;0.64;AUDNZD;1.02827;;;2021.09.21 02:00:20;1.03515;-0.09;-6.35;308.79;
2021.09.14 10:00:36;Buy;0.32;AUDNZD;1.03169;;;2021.09.21 02:00:19;1.03515;-0.05;-5.17;77.65;
2021.09.10 16:00:19;Buy;0.16;AUDNZD;1.03476;;;2021.09.21 02:00:19;1.03515;-0.02;-3.58;4.38;
2021.08.31 06:00:23;Buy;0.08;AUDNZD;1.03807;;;2021.09.21 02:00:19;1.03515;-0.01;-3.78;-16.38;
2021.09.20 21:00:12;Buy;0.02;AUDNZD;1.03098;;;2021.09.20 23:01:27;1.03188;;;1.27;
2021.09.20 16:01:13;Sell;0.02;AUDNZD;1.03205;;;2021.09.20 16:47:05;1.03135;;;0.98;
2021.09.17 18:00:19;Buy;0.02;AUDUSD;0.72739;;;2021.09.20 15:59:39;0.72474;;-0.04;-5.30;
2021.09.20 05:00:14;Buy;0.02;AUDUSD;0.72444;;;2021.09.20 15:59:15;0.72474;;;0.60;
2021.09.20 15:00:17;Buy;0.04;AUDUSD;0.72243;;;2021.09.20 15:58:52;0.72481;;;9.52;
2021.09.20 06:00:27;Buy;0.02;AUDNZD;1.02925;;;2021.09.20 15:53:11;1.03156;;;3.25;
2021.09.20 04:00:14;Buy;0.02;AUDNZD;1.03210;;;2021.09.20 15:51:40;1.03142;;;-0.96;
2021.09.16 16:00:20;Buy;0.04;AUDCAD;0.92387;;;2021.09.20 14:20:39;0.92886;-0.01;-0.22;15.55;
2021.09.15 18:00:34;Buy;0.02;AUDCAD;0.92678;;;2021.09.20 14:20:38;0.92886;;-0.18;3.24;
2021.09.17 13:00:11;Buy;0.04;NZDCAD;0.89490;;;2021.09.17 23:28:13;0.89785;-0.01;;9.24;
2021.09.17 11:01:03;Sell;0.02;AUDNZD;1.03355;;;2021.09.17 22:51:23;1.03282;;;1.03;
2021.09.16 16:00:20;Buy;0.02;GBPCAD;1.74557;;;2021.09.17 17:54:21;1.75246;-0.01;-0.09;10.81;
2021.09.17 11:00:12;Sell;0.02;AUDUSD;0.73156;;;2021.09.17 17:12:53;0.72847;;;6.18;
2021.09.14 09:00:19;Buy;0.06;AUDNZD;1.03240;;;2021.09.17 10:44:07;1.03366;-0.01;-0.58;5.35;
2021.09.14 16:01:13;Buy;0.10;AUDNZD;1.03060;;;2021.09.17 10:44:01;1.03363;-0.01;-0.95;21.44;
2021.09.10 16:00:19;Buy;0.04;AUDNZD;1.03476;;;2021.09.17 10:43:55;1.03361;-0.01;-0.61;-3.26;
2021.09.09 01:00:10;Buy;0.02;AUDNZD;1.03736;;;2021.09.17 10:43:55;1.03361;;-0.37;-5.31;
2021.09.08 08:00:07;Buy;0.02;AUDNZD;1.03961;;;2021.09.17 10:43:55;1.03361;;-0.43;-8.49;
2021.09.16 09:01:11;Buy;0.02;AUDUSD;0.73173;;;2021.09.17 10:05:34;0.73135;;-0.04;-0.76;
2021.09.16 06:00:04;Buy;0.02;AUDUSD;0.73299;;;2021.09.17 10:05:33;0.73133;;-0.04;-3.32;
2021.09.16 17:00:23;Buy;0.04;AUDUSD;0.72896;;;2021.09.17 10:04:47;0.73146;;-0.09;10.00;
2021.09.08 18:02:08;Sell;0.04;GBPCAD;1.74865;;;2021.09.16 15:51:22;1.74514;-0.01;-0.42;11.10;
2021.09.07 20:00:08;Sell;0.02;GBPCAD;1.74202;;;2021.09.16 15:51:21;1.74514;-0.01;-0.21;-4.93;
2021.09.09 12:00:17;Sell;0.06;GBPCAD;1.75344;;;2021.09.16 15:50:55;1.74515;-0.02;-0.50;39.34;
2021.09.14 14:30:18;Sell;0.02;AUDCAD;0.92716;;;2021.09.16 09:57:15;0.92491;;-0.14;3.56;
2021.09.14 08:00:04;Buy;0.02;AUDUSD;0.73439;;;2021.09.16 04:30:46;0.73421;;-0.08;-0.36;
2021.09.13 20:00:28;Buy;0.02;AUDUSD;0.73649;;;2021.09.16 04:30:46;0.73421;;-0.12;-4.56;
2021.09.14 22:01:01;Buy;0.04;AUDUSD;0.73182;;;2021.09.16 04:30:26;0.73425;;-0.18;9.72;
2021.08.25 08:00:25;Sell;0.04;NZDCAD;0.87614;;;2021.09.15 23:59:47;0.89858;-0.01;-1.14;-71.03;
2021.09.08 18:00:19;Sell;1.28;NZDCAD;0.90181;;;2021.09.15 23:59:42;0.89864;-0.18;-12.22;321.18;
2021.09.03 21:00:08;Sell;0.64;NZDCAD;0.89641;;;2021.09.15 23:59:42;0.89864;-0.09;-9.72;-112.97;
2021.09.01 18:00:37;Sell;0.32;NZDCAD;0.89176;;;2021.09.15 23:59:41;0.89864;-0.05;-6.08;-174.27;
2021.08.31 05:00:22;Sell;0.16;NZDCAD;0.88642;;;2021.09.15 23:59:41;0.89864;-0.02;-3.31;-154.76;
2021.08.26 22:00:12;Sell;0.08;NZDCAD;0.88084;;;2021.09.15 23:59:41;0.89864;-0.01;-2.06;-112.72;
2021.09.13 02:00:10;Sell;0.02;NZDCAD;0.90303;;;2021.09.15 18:00:14;0.89817;;-0.08;7.68;
2021.09.02 17:01:01;Sell;0.32;AUDCAD;0.93286;;;2021.09.15 17:37:13;0.92651;-0.05;-9.73;160.68;
2021.09.01 17:01:01;Sell;0.16;AUDCAD;0.92802;;;2021.09.15 17:37:13;0.92651;-0.02;-5.40;19.10;
2021.08.31 18:02:54;Sell;0.08;AUDCAD;0.92358;;;2021.09.15 17:37:12;0.92652;-0.01;-2.97;-18.60;
2021.08.27 16:00:11;Sell;0.04;AUDCAD;0.92002;;;2021.09.15 17:37:11;0.92652;-0.01;-1.76;-20.56;
2021.08.25 18:00:17;Sell;0.02;AUDCAD;0.91705;;;2021.09.15 17:37:11;0.92652;;-1.05;-14.98;
2021.09.06 01:00:23;Sell;0.16;AUDCAD;0.93355;;;2021.09.14 14:30:17;0.92737;-0.02;-3.24;78.17;
2021.09.01 18:00:41;Sell;0.10;AUDCAD;0.92947;;;2021.09.14 14:30:17;0.92737;-0.01;-3.06;16.61;
2021.09.01 12:00:18;Sell;0.06;AUDCAD;0.92508;;;2021.09.14 14:30:17;0.92737;-0.01;-1.81;-10.86;
2021.08.27 18:01:22;Sell;0.04;AUDCAD;0.92134;;;2021.09.14 14:30:16;0.92737;-0.01;-1.63;-19.07;
2021.08.25 18:00:18;Sell;0.02;AUDCAD;0.91705;;;2021.09.14 14:30:16;0.92737;;-0.98;-16.31;
2021.08.23 00:00:50;Sell;0.02;AUDCAD;0.91251;;;2021.09.14 14:30:16;0.92737;;-1.12;-23.49;
2021.09.10 19:00:17;Buy;0.02;AUDUSD;0.73654;;;2021.09.13 18:34:18;0.73742;;-0.04;1.76;
2021.09.10 23:00:27;Buy;0.02;AUDUSD;0.73524;;;2021.09.13 18:33:37;0.73745;;-0.04;4.42;
2021.09.10 11:00:09;Sell;0.02;AUDUSD;0.73988;;;2021.09.10 18:07:28;0.73667;;;6.42;
2021.09.09 11:00:16;Sell;0.02;AUDUSD;0.73755;;;2021.09.10 18:07:28;0.73667;;-0.04;1.76;
2021.08.24 17:00:24;Sell;0.02;NZDCAD;0.87697;;;2021.09.09 20:00:57;0.89931;;-0.48;-35.38;
2021.08.26 22:00:11;Sell;0.04;NZDCAD;0.88085;;;2021.09.09 20:00:39;0.89925;-0.01;-0.75;-58.27;
2021.09.01 22:00:21;Sell;0.32;NZDCAD;0.89205;;;2021.09.09 20:00:28;0.89920;-0.05;-3.62;-181.15;
2021.08.31 11:00:12;Sell;0.16;NZDCAD;0.88837;;;2021.09.09 20:00:28;0.89920;-0.02;-2.09;-137.19;
2021.08.27 20:00:07;Sell;0.08;NZDCAD;0.88478;;;2021.09.09 20:00:28;0.89920;-0.01;-1.32;-91.34;
2021.09.09 11:00:17;Sell;2.56;NZDCAD;0.90370;;;2021.09.09 20:00:21;0.89926;-0.36;;899.91;
2021.09.08 13:00:14;Sell;1.28;NZDCAD;0.89956;;;2021.09.09 20:00:20;0.89926;-0.18;-2.43;30.40;
2021.09.02 17:00:52;Sell;0.64;NZDCAD;0.89546;;;2021.09.09 20:00:19;0.89924;-0.09;-6.04;-191.54;
2021.09.07 09:00:17;Buy;0.02;AUDUSD;0.74235;;;2021.09.09 10:53:45;0.73784;;-0.08;-9.02;
2021.09.09 08:00:14;Buy;0.10;AUDUSD;0.73520;;;2021.09.09 10:52:53;0.73776;;;25.60;
2021.09.08 10:00:32;Buy;0.06;AUDUSD;0.73694;;;2021.09.09 10:52:52;0.73776;;-0.13;4.92;
2021.09.07 18:00:28;Buy;0.04;AUDUSD;0.73847;;;2021.09.09 10:52:52;0.73772;;-0.18;-3.00;
2021.09.07 13:00:35;Buy;0.02;AUDUSD;0.74032;;;2021.09.09 10:52:50;0.73771;;-0.08;-5.22;
2021.09.03 15:30:57;Buy;0.02;AUDCAD;0.93433;;;2021.09.08 17:39:23;0.93707;;-0.18;4.30;
2021.09.08 01:00:06;Sell;0.02;AUDNZD;1.04069;;;2021.09.08 03:45:18;1.03959;;;1.56;
2021.09.07 18:00:30;Sell;0.02;AUDNZD;1.04073;;;2021.09.08 00:23:15;1.04128;;-0.04;-0.78;
2021.09.07 14:00:17;Buy;0.02;AUDNZD;1.03822;;;2021.09.07 17:19:38;1.04055;;;3.30;
2021.09.07 12:00:28;Buy;0.02;AUDNZD;1.04129;;;2021.09.07 17:19:37;1.04054;;;-1.07;
2021.09.06 13:00:20;Buy;0.02;AUDUSD;0.74292;;;2021.09.07 07:31:24;0.74597;;-0.04;6.10;
2021.09.07 05:00:09;Sell;0.02;AUDNZD;1.04320;;;2021.09.07 07:20:02;1.04246;;;1.06;
2021.09.03 18:00:26;Buy;0.02;AUDNZD;1.04242;;;2021.09.07 04:58:18;1.04321;;-0.12;1.13;
2021.08.31 09:00:32;Sell;0.02;AUDUSD;0.73342;;;2021.09.06 07:52:43;0.74312;;-0.16;-19.40;
2021.08.30 11:00:06;Sell;0.02;AUDUSD;0.73018;;;2021.09.06 07:52:43;0.74312;;-0.20;-25.88;
2021.09.01 18:00:50;Sell;0.06;AUDUSD;0.73712;;;2021.09.06 07:52:28;0.74307;;-0.36;-35.70;
2021.09.01 16:00:28;Sell;0.04;AUDUSD;0.73527;;;2021.09.06 07:52:27;0.74307;;-0.24;-31.20;
2021.09.03 16:00:41;Sell;0.68;AUDUSD;0.74586;;;2021.09.06 07:52:26;0.74307;-0.05;-1.34;189.72;
2021.09.03 15:00:06;Sell;0.42;AUDUSD;0.74354;;;2021.09.06 07:52:26;0.74307;-0.03;-0.83;19.74;
2021.09.03 09:00:47;Sell;0.26;AUDUSD;0.74223;;;2021.09.06 07:52:26;0.74307;-0.02;-0.51;-21.84;
2021.09.02 17:00:53;Sell;0.16;AUDUSD;0.74047;;;2021.09.06 07:52:25;0.74307;-0.01;-0.62;-41.60;
2021.09.02 10:00:19;Sell;0.10;AUDUSD;0.73863;;;2021.09.06 07:52:25;0.74307;-0.01;-0.40;-44.40;
2021.09.03 14:00:10;Sell;0.02;AUDNZD;1.04368;;;2021.09.03 15:37:20;1.04296;;;1.03;
2021.09.02 09:02:33;Buy;0.02;AUDCAD;0.93157;;;2021.09.03 15:30:55;0.93425;;-0.06;4.28;
2021.09.02 00:00:34;Buy;0.02;AUDNZD;1.04287;;;2021.09.03 11:34:08;1.04354;;-0.06;0.95;
2021.09.01 17:14:41;Buy;0.02;AUDCAD;0.92873;;;2021.09.02 09:02:30;0.93133;;-0.06;4.12;
2021.09.01 20:00:11;Sell;0.02;AUDNZD;1.04325;;;2021.09.01 22:23:44;1.04266;;;0.84;
2021.09.01 16:21:13;Buy;0.02;AUDCAD;0.92618;;;2021.09.01 17:14:32;0.92863;;;3.89;
2021.08.31 17:06:43;Buy;0.02;AUDCAD;0.92338;;;2021.09.01 16:21:12;0.92598;;-0.06;4.13;
2021.08.19 10:00:30;Buy;0.02;AUDNZD;1.05019;;;2021.09.01 15:07:15;1.04246;;-0.54;-10.89;
2021.08.19 14:00:26;Buy;0.02;AUDNZD;1.04773;;;2021.09.01 15:07:12;1.04246;;-0.54;-7.42;
2021.08.24 10:00:39;Buy;0.06;AUDNZD;1.04391;;;2021.09.01 15:07:05;1.04246;-0.01;-1.08;-6.13;
2021.08.20 06:00:06;Buy;0.04;AUDNZD;1.04550;;;2021.09.01 15:07:03;1.04246;-0.01;-0.96;-8.57;
2021.08.31 06:00:23;Buy;0.16;AUDNZD;1.03807;;;2021.09.01 15:07:01;1.04246;-0.02;-0.48;49.48;
2021.08.27 01:00:15;Buy;0.10;AUDNZD;1.04184;;;2021.09.01 15:07:01;1.04246;-0.01;-0.90;4.37;
2021.08.27 17:04:53;Buy;0.02;AUDCAD;0.92080;;;2021.08.31 17:06:40;0.92313;;-0.12;3.69;
2021.08.31 13:29:16;Balance;;;;;;;;;;-2 000.00;
2021.08.27 20:00:07;Sell;0.02;AUDUSD;0.73154;;;2021.08.30 09:35:48;0.72901;;-0.04;5.06;
2021.08.27 18:00:25;Sell;0.02;AUDUSD;0.72964;;;2021.08.30 09:35:47;0.72901;;-0.04;1.26;
2021.08.27 14:00:05;Buy;0.02;AUDUSD;0.72512;;;2021.08.27 17:03:40;0.72804;;;5.84;
2021.08.27 01:13:20;Buy;0.02;AUDCAD;0.91867;;;2021.08.27 17:03:39;0.92039;;;2.73;
2021.08.27 04:00:05;Buy;0.02;AUDUSD;0.72282;;;2021.08.27 13:00:39;0.72582;;;6.00;
2021.08.23 00:00:32;Buy;0.02;AUDCAD;0.91446;;;2021.08.27 01:13:20;0.91851;;-0.24;6.39;
2021.08.20 08:16:47;Buy;0.02;AUDCAD;0.91879;;;2021.08.27 01:13:19;0.91851;;-0.30;-0.44;
2021.08.24 18:00:26;Sell;0.26;AUDUSD;0.72669;;;2021.08.26 22:07:27;0.72355;-0.02;-0.99;81.64;
2021.08.24 14:00:14;Sell;0.16;AUDUSD;0.72425;;;2021.08.26 22:07:27;0.72355;-0.01;-0.61;11.20;
2021.08.24 06:00:33;Sell;0.10;AUDUSD;0.72209;;;2021.08.26 22:07:26;0.72355;-0.01;-0.38;-14.60;
2021.08.23 19:00:15;Sell;0.06;AUDUSD;0.72072;;;2021.08.26 22:07:25;0.72355;;-0.33;-16.98;
2021.08.23 16:00:18;Sell;0.04;AUDUSD;0.71893;;;2021.08.26 22:07:23;0.72357;;-0.22;-18.56;
2021.08.23 12:00:15;Sell;0.02;AUDUSD;0.71693;;;2021.08.26 22:07:21;0.72351;;-0.12;-13.16;
2021.08.20 17:00:30;Sell;0.02;AUDUSD;0.71446;;;2021.08.26 22:07:20;0.72351;;-0.16;-18.10;
2021.08.24 14:01:09;Buy;0.02;GBPCAD;1.73062;;;2021.08.26 22:06:38;1.73786;-0.01;-0.18;11.41;
2021.08.24 15:00:05;Sell;0.04;NZDCAD;0.87693;;;2021.08.25 00:00:23;0.87602;-0.01;-0.07;2.89;
2021.08.23 02:00:13;Buy;0.04;NZDCAD;0.87642;;;2021.08.24 09:51:39;0.87516;-0.01;-0.09;-4.00;
2021.08.24 01:00:14;Buy;0.08;NZDCAD;0.87123;;;2021.08.24 09:51:20;0.87498;-0.01;;23.78;
2021.08.20 11:00:23;Sell;0.02;NZDCAD;0.88002;;;2021.08.23 00:00:47;0.87573;;-0.04;6.68;
2021.08.20 12:00:19;Sell;0.02;AUDCAD;0.91909;;;2021.08.23 00:00:30;0.91446;;-0.07;7.22;
2021.08.18 15:31:09;Sell;0.02;AUDCAD;0.91449;;;2021.08.23 00:00:29;0.91446;;-0.34;0.05;
2021.08.19 18:00:50;Sell;0.04;NZDCAD;0.87597;;;2021.08.20 17:21:52;0.87760;-0.01;-0.07;-5.08;
2021.08.20 12:01:07;Sell;0.08;NZDCAD;0.88069;;;2021.08.20 17:21:15;0.87750;-0.01;;19.88;
2021.08.19 10:00:31;Sell;0.02;GBPCAD;1.74385;;;2021.08.20 17:20:20;1.74913;-0.01;-0.03;-8.23;
2021.08.19 18:02:21;Sell;0.04;GBPCAD;1.74989;;;2021.08.20 17:19:32;1.74908;-0.01;-0.07;2.52;
2021.08.20 11:00:18;Sell;0.06;GBPCAD;1.75817;;;2021.08.20 17:19:31;1.74910;-0.02;;42.40;
2021.08.19 09:00:33;Buy;0.02;AUDUSD;0.71901;;;2021.08.20 16:37:14;0.71411;;-0.04;-9.80;
2021.08.19 06:00:27;Buy;0.02;AUDUSD;0.72066;;;2021.08.20 16:37:12;0.71411;;-0.04;-13.10;
2021.08.19 11:00:22;Buy;0.04;AUDUSD;0.71702;;;2021.08.20 16:36:32;0.71406;;-0.09;-11.84;
2021.08.20 11:00:14;Buy;0.16;AUDUSD;0.71150;;;2021.08.20 16:36:29;0.71407;;;41.12;
2021.08.20 05:00:23;Buy;0.10;AUDUSD;0.71316;;;2021.08.20 16:36:28;0.71407;;;9.10;
2021.08.19 21:00:22;Buy;0.06;AUDUSD;0.71503;;;2021.08.20 16:36:27;0.71406;;-0.13;-5.82;
2021.08.17 17:00:40;Buy;0.02;AUDCAD;0.91672;;;2021.08.20 08:17:08;0.91867;;-0.29;3.02;
2021.08.04 18:00:35;Buy;0.02;AUDCAD;0.92560;;;2021.08.20 08:16:44;0.91859;;-1.05;-10.88;
2021.08.04 14:25:19;Buy;0.02;AUDCAD;0.93075;;;2021.08.20 08:16:43;0.91859;;-1.05;-18.87;
2021.08.19 12:00:29;Buy;0.10;AUDCAD;0.91251;;;2021.08.20 08:16:40;0.91859;-0.01;-0.28;47.17;
2021.08.18 18:00:22;Buy;0.04;AUDCAD;0.91403;;;2021.08.20 08:16:39;0.91859;-0.01;-0.45;14.15;
2021.08.17 17:00:42;Buy;0.06;AUDCAD;0.91672;;;2021.08.20 08:16:38;0.91859;-0.01;-0.85;8.71;
2021.08.09 13:00:22;Buy;0.04;AUDCAD;0.92177;;;2021.08.20 08:16:28;0.91861;-0.01;-1.49;-9.81;
2021.08.17 06:00:23;Buy;0.02;NZDCAD;0.87808;;;2021.08.19 18:02:36;0.87610;;-0.17;-3.09;
2021.08.18 13:00:12;Buy;0.08;NZDCAD;0.87019;;;2021.08.19 18:01:34;0.87593;-0.01;-0.54;35.84;
2021.08.17 08:00:33;Buy;0.04;NZDCAD;0.87443;;;2021.08.19 18:01:33;0.87596;-0.01;-0.35;4.77;
2021.08.18 13:00:12;Buy;0.04;NZDCAD;0.87019;;;2021.08.19 16:58:09;0.87328;-0.01;-0.27;9.69;
2021.08.19 01:00:22;Sell;0.02;AUDNZD;1.05144;;;2021.08.19 07:44:57;1.05070;;;1.02;
2021.08.18 22:00:23;Sell;0.02;AUDUSD;0.72434;;;2021.08.19 04:02:05;0.72136;;-0.11;5.96;
2021.08.18 23:00:17;Sell;0.02;AUDNZD;1.05147;;;2021.08.19 00:23:35;1.05182;;-0.12;-0.48;
2021.08.18 13:00:12;Sell;0.02;AUDNZD;1.05191;;;2021.08.18 22:02:30;1.05109;;;1.13;
2021.08.18 09:01:20;Sell;0.02;AUDNZD;1.04838;;;2021.08.18 22:02:02;1.05109;;;-3.74;
2021.08.16 17:00:20;Buy;0.02;AUDUSD;0.73228;;;2021.08.18 21:12:59;0.72461;;-0.08;-15.34;
2021.08.17 10:00:48;Buy;0.06;AUDUSD;0.72871;;;2021.08.18 21:12:26;0.72476;;-0.13;-23.70;
2021.08.17 17:00:16;Buy;0.10;AUDUSD;0.72680;;;2021.08.18 21:11:53;0.72533;;-0.22;-14.70;
2021.08.16 07:00:15;Buy;0.02;AUDUSD;0.73388;;;2021.08.18 21:11:27;0.72518;;-0.08;-17.40;
2021.08.17 07:00:21;Buy;0.04;AUDUSD;0.73089;;;2021.08.18 21:10:51;0.72526;;-0.09;-22.52;
2021.08.17 19:00:32;Buy;0.16;AUDUSD;0.72539;;;2021.08.18 21:10:03;0.72525;;-0.35;-2.24;
2021.08.18 18:00:21;Buy;0.26;AUDUSD;0.72367;;;2021.08.18 21:08:33;0.72502;;;35.10;
2021.08.17 16:48:04;Sell;0.02;AUDCAD;0.91674;;;2021.08.18 15:30:40;0.91444;;-0.07;3.65;
2021.08.18 07:00:39;Buy;0.02;AUDNZD;1.04737;;;2021.08.18 08:52:38;1.04841;;;1.44;
2021.08.18 06:00:10;Sell;0.02;AUDNZD;1.04924;;;2021.08.18 06:02:25;1.04801;;;1.71;
2021.08.18 01:00:14;Buy;0.02;AUDNZD;1.04861;;;2021.08.18 05:02:52;1.05291;;;5.91;
2021.08.17 10:00:49;Buy;0.08;NZDCAD;0.87308;;;2021.08.18 04:50:29;0.87605;-0.01;-0.15;18.81;
2021.08.17 06:00:23;Buy;0.04;NZDCAD;0.87808;;;2021.08.18 04:50:29;0.87605;-0.01;-0.08;-6.43;
2021.08.17 18:00:53;Buy;0.02;AUDNZD;1.04924;;;2021.08.17 20:26:39;1.04983;;;0.81;
2021.08.17 06:00:23;Sell;0.02;AUDNZD;1.04849;;;2021.08.17 17:40:36;1.04976;;;-1.76;
2021.08.17 08:00:34;Sell;0.02;AUDNZD;1.05231;;;2021.08.17 17:40:08;1.04972;;;3.58;
2021.08.11 00:09:51;Sell;0.02;AUDCAD;0.91908;;;2021.08.17 16:48:41;0.91677;;-0.41;3.66;
2021.07.14 06:00:33;Buy;0.02;AUDNZD;1.06464;;;2021.08.17 08:01:34;1.05235;;-2.17;-17.07;
2021.07.16 02:00:14;Buy;0.04;AUDNZD;1.05973;;;2021.08.17 08:00:44;1.05228;-0.01;-3.88;-20.69;
2021.08.16 06:00:30;Buy;0.64;AUDNZD;1.04504;;;2021.08.17 08:00:33;1.05231;-0.09;-2.27;323.18;
2021.07.30 14:00:31;Buy;0.16;AUDNZD;1.05240;;;2021.08.17 08:00:33;1.05231;-0.02;-8.69;-1.00;
2021.07.16 18:01:49;Buy;0.08;AUDNZD;1.05670;;;2021.08.17 08:00:33;1.05231;-0.01;-7.81;-24.40;
2021.08.04 06:00:35;Buy;0.32;AUDNZD;1.04852;;;2021.08.17 08:00:15;1.05221;-0.05;-14.35;82.04;
2021.08.13 19:00:11;Sell;0.04;NZDCAD;0.88128;;;2021.08.17 05:56:47;0.87836;-0.01;-0.18;9.27;
2021.08.16 12:00:13;Buy;0.10;AUDNZD;1.04368;;;2021.08.17 05:51:56;1.04727;-0.01;-0.35;25.06;
2021.08.11 18:00:11;Buy;0.06;AUDNZD;1.04594;;;2021.08.17 05:51:56;1.04727;-0.01;-1.26;5.57;
2021.08.04 06:00:14;Buy;0.04;AUDNZD;1.04854;;;2021.08.17 05:51:55;1.04727;-0.01;-1.81;-3.55;
2021.08.04 02:00:13;Buy;0.02;AUDNZD;1.05105;;;2021.08.17 05:51:55;1.04727;;-0.90;-5.28;
2021.08.03 01:00:27;Buy;0.02;AUDNZD;1.05612;;;2021.08.17 05:51:55;1.04727;;-0.96;-12.36;
2021.08.10 05:00:19;Buy;0.02;NZDCAD;0.87763;;;2021.08.16 12:00:12;0.88197;;-0.23;6.92;
2021.08.11 12:00:22;Buy;0.02;GBPCAD;1.73101;;;2021.08.16 10:24:10;1.73794;-0.01;-0.44;11.05;
2021.08.13 18:00:13;Sell;0.02;AUDUSD;0.73749;;;2021.08.16 06:05:42;0.73448;;-0.04;6.02;
2021.08.12 17:00:17;Buy;0.02;AUDCAD;0.91808;;;2021.08.13 18:09:29;0.92265;;-0.06;7.31;
2021.08.12 17:00:18;Buy;0.02;AUDUSD;0.73417;;;2021.08.13 17:22:27;0.73715;;-0.04;5.96;
2021.08.12 17:00:20;Buy;0.04;NZDCAD;0.87590;;;2021.08.13 16:21:20;0.87890;-0.01;-0.08;9.59;
2021.08.10 15:00:11;Sell;0.02;AUDUSD;0.73454;;;2021.08.12 16:14:19;0.73452;;-0.15;0.04;
2021.08.11 16:00:30;Sell;0.02;AUDUSD;0.73755;;;2021.08.12 16:14:00;0.73460;;-0.11;5.90;
2021.08.11 16:00:24;Sell;0.04;NZDCAD;0.88116;;;2021.08.12 15:30:35;0.87838;-0.01;-0.27;8.88;
2021.08.04 18:00:54;Buy;0.04;NZDCAD;0.88309;;;2021.08.11 15:44:29;0.88103;-0.01;-0.56;-6.60;
2021.08.10 05:00:18;Buy;0.08;NZDCAD;0.87761;;;2021.08.11 15:43:54;0.88096;-0.01;-0.16;21.45;
2021.08.09 11:09:35;Sell;0.02;AUDCAD;0.92177;;;2021.08.11 00:09:51;0.92106;;-0.14;1.13;
2021.08.10 05:00:04;Buy;0.02;AUDUSD;0.73174;;;2021.08.10 14:55:22;0.73471;;;5.94;
2021.08.09 17:00:19;Sell;0.02;AUDUSD;0.73600;;;2021.08.09 23:00:03;0.73299;;;6.02;
2021.08.09 02:00:27;Buy;0.04;AUDUSD;0.73371;;;2021.08.09 16:15:49;0.73602;;;9.24;
2021.08.06 18:00:12;Buy;0.02;AUDUSD;0.73555;;;2021.08.09 16:15:49;0.73602;;-0.04;0.94;
2021.08.06 16:00:17;Buy;0.02;AUDUSD;0.73745;;;2021.08.09 16:15:49;0.73602;;-0.04;-2.86;
2021.08.05 16:52:08;Sell;0.02;AUDCAD;0.92414;;;2021.08.09 11:09:34;0.92199;;-0.14;3.42;
2021.08.05 15:00:47;Sell;0.02;AUDUSD;0.74136;;;2021.08.06 05:23:19;0.73838;;-0.04;5.96;
2021.08.03 08:01:13;Sell;0.02;NZDCAD;0.87730;;;2021.08.05 17:00:36;0.88233;;-0.17;-8.04;
2021.08.04 11:00:12;Sell;0.08;NZDCAD;0.88667;;;2021.08.05 17:00:07;0.88236;-0.01;-0.53;27.58;
2021.08.04 02:00:08;Sell;0.04;NZDCAD;0.88220;;;2021.08.05 17:00:06;0.88234;-0.01;-0.26;-0.45;
2021.08.04 15:00:28;Sell;0.04;AUDCAD;0.92997;;;2021.08.05 16:52:06;0.92435;-0.01;-0.41;17.98;
2021.07.30 13:59:16;Sell;0.02;AUDCAD;0.91651;;;2021.08.05 16:52:06;0.92435;;-0.42;-12.54;
2021.08.03 08:00:16;Sell;0.02;AUDCAD;0.92605;;;2021.08.05 16:52:05;0.92435;;-0.28;2.72;
2021.08.04 18:00:36;Buy;0.02;AUDUSD;0.73795;;;2021.08.05 12:23:16;0.74091;;-0.13;5.92;
2021.08.04 11:00:12;Sell;0.02;AUDCAD;0.92938;;;2021.08.04 18:05:47;0.92510;;;6.82;
2021.08.03 08:01:13;Sell;0.04;NZDCAD;0.87730;;;2021.08.04 17:52:59;0.88335;-0.01;-0.08;-19.30;
2021.08.04 14:00:16;Sell;0.16;NZDCAD;0.88699;;;2021.08.04 17:52:54;0.88333;-0.02;;46.70;
2021.08.04 02:00:10;Sell;0.08;NZDCAD;0.88220;;;2021.08.04 17:52:51;0.88333;-0.01;;-7.21;
2021.08.03 20:00:07;Sell;0.02;AUDUSD;0.73919;;;2021.08.04 17:06:47;0.74026;;-0.04;-2.14;
2021.08.04 10:00:11;Sell;0.02;AUDUSD;0.74073;;;2021.08.04 17:06:21;0.74022;;;1.02;
2021.08.04 11:00:11;Sell;0.04;AUDUSD;0.74232;;;2021.08.04 17:06:13;0.74026;;;8.24;
2021.08.03 17:56:37;Buy;0.02;AUDCAD;0.92777;;;2021.08.04 14:25:19;0.93053;;-0.06;4.40;
2021.08.03 17:00:19;Buy;0.02;AUDUSD;0.73633;;;2021.08.03 19:17:32;0.73917;;;5.68;
2021.08.03 07:33:37;Buy;0.02;AUDCAD;0.92528;;;2021.08.03 17:56:27;0.92755;;;3.61;
2021.08.02 17:00:15;Sell;0.02;AUDUSD;0.73780;;;2021.08.03 16:37:30;0.73745;;-0.04;0.70;
2021.08.03 08:01:13;Sell;0.04;AUDUSD;0.73990;;;2021.08.03 16:37:28;0.73750;;;9.60;
2021.08.02 13:00:32;Sell;0.02;AUDUSD;0.73592;;;2021.08.03 16:37:15;0.73748;;-0.04;-3.12;
2021.07.20 22:00:27;Buy;0.02;AUDCAD;0.93076;;;2021.08.03 07:34:34;0.92488;;-0.82;-9.40;
2021.07.21 11:00:51;Buy;0.04;AUDCAD;0.92771;;;2021.08.03 07:33:44;0.92499;-0.01;-1.47;-8.70;
2021.07.30 07:00:15;Buy;0.16;AUDCAD;0.92002;;;2021.08.03 07:33:38;0.92500;-0.02;-0.92;63.70;
2021.07.21 18:00:26;Buy;0.08;AUDCAD;0.92416;;;2021.08.03 07:33:37;0.92500;-0.01;-2.99;5.37;
2021.07.20 18:00:22;Buy;0.02;AUDCAD;0.93252;;;2021.08.03 07:33:37;0.92500;;-0.82;-12.02;
2021.07.19 12:53:18;Buy;0.02;AUDCAD;0.94039;;;2021.08.03 07:33:19;0.92507;;-0.88;-24.49;
2021.07.30 16:00:25;Buy;0.16;AUDCAD;0.91590;;;2021.08.03 07:32:45;0.92477;-0.02;-0.92;113.44;
2021.07.30 00:00:35;Buy;0.10;AUDCAD;0.92108;;;2021.08.03 07:32:45;0.92477;-0.01;-0.58;29.50;
2021.07.21 18:00:30;Buy;0.06;AUDCAD;0.92415;;;2021.08.03 07:32:45;0.92477;-0.01;-2.23;2.97;
2021.07.21 06:00:13;Buy;0.04;AUDCAD;0.92867;;;2021.08.03 07:32:44;0.92476;-0.01;-1.47;-12.50;
2021.08.02 00:02:08;Buy;0.32;AUDCAD;0.91674;;;2021.08.03 07:32:09;0.92462;-0.05;-0.92;201.53;
2021.07.28 22:00:24;Buy;0.08;NZDCAD;0.87058;;;2021.08.03 04:48:56;0.87459;-0.01;-1.06;25.66;
2021.07.26 01:00:21;Buy;0.04;NZDCAD;0.87667;;;2021.08.03 04:48:56;0.87459;-0.01;-0.71;-6.65;
2021.07.30 22:00:07;Buy;0.16;NZDCAD;0.86917;;;2021.08.03 04:00:18;0.87381;-0.02;-0.70;59.42;
2021.07.28 13:00:12;Buy;0.08;NZDCAD;0.87290;;;2021.08.03 04:00:17;0.87381;-0.01;-1.06;5.83;
2021.07.20 23:00:18;Buy;0.04;NZDCAD;0.87729;;;2021.08.03 04:00:17;0.87381;-0.01;-1.25;-11.14;
2021.07.20 08:00:20;Buy;0.02;NZDCAD;0.88094;;;2021.08.03 04:00:16;0.87381;;-0.58;-11.41;
2021.07.29 19:00:18;Buy;0.04;AUDNZD;1.05511;;;2021.08.02 15:24:25;1.05561;-0.01;-0.24;1.39;
2021.07.29 14:00:05;Buy;0.02;AUDNZD;1.05760;;;2021.08.02 15:24:25;1.05561;;-0.12;-2.78;
2021.07.29 01:00:34;Buy;0.02;AUDNZD;1.05983;;;2021.08.02 15:24:24;1.05561;;-0.12;-5.89;
2021.07.30 14:00:10;Buy;0.06;AUDNZD;1.05248;;;2021.08.02 15:24:00;1.05568;-0.01;-0.19;13.39;
2021.07.30 18:00:25;Buy;0.02;AUDUSD;0.73547;;;2021.08.02 10:53:48;0.73570;;-0.04;0.46;
2021.07.30 14:00:33;Buy;0.02;AUDUSD;0.73715;;;2021.08.02 10:53:46;0.73568;;-0.04;-2.94;
2021.07.30 22:00:08;Buy;0.04;AUDUSD;0.73358;;;2021.08.02 10:53:40;0.73564;;-0.09;8.24;
2021.07.30 00:20:35;Sell;0.02;AUDCAD;0.91918;;;2021.07.30 13:59:43;0.91698;;;3.54;
2021.07.29 18:00:17;Sell;0.02;AUDUSD;0.73994;;;2021.07.30 13:58:10;0.73701;;-0.04;5.86;
2021.07.29 06:59:37;Sell;0.02;AUDCAD;0.92138;;;2021.07.30 00:20:34;0.92087;;-0.07;0.82;
2021.07.27 18:01:40;Sell;0.04;GBPCAD;1.74514;;;2021.07.29 18:38:31;1.73772;-0.01;-0.28;23.86;
2021.07.26 19:00:07;Sell;0.02;GBPCAD;1.73420;;;2021.07.29 18:38:31;1.73772;-0.01;-0.16;-5.66;
2021.07.28 22:00:31;Sell;0.02;AUDUSD;0.73724;;;2021.07.29 16:34:24;0.73809;;-0.12;-1.70;
2021.07.29 09:00:26;Sell;0.02;AUDUSD;0.73822;;;2021.07.29 16:34:17;0.73802;;;0.40;
2021.07.29 12:00:38;Sell;0.04;AUDUSD;0.74022;;;2021.07.29 16:34:16;0.73801;;;8.84;
2021.07.21 17:39:33;Sell;0.02;AUDCAD;0.92396;;;2021.07.29 06:59:37;0.92164;;-0.68;3.71;
2021.07.28 18:00:25;Sell;0.02;AUDNZD;1.05986;;;2021.07.29 00:30:42;1.06100;;-0.12;-1.59;
2021.07.28 11:00:18;Buy;0.02;AUDUSD;0.73464;;;2021.07.28 21:47:37;0.73778;;;6.28;
2021.07.28 16:00:17;Buy;0.02;AUDUSD;0.73333;;;2021.07.28 21:47:34;0.73776;;;8.86;
2021.07.27 18:00:24;Sell;0.02;AUDUSD;0.73785;;;2021.07.28 08:20:11;0.73493;;-0.04;5.84;
2021.07.27 19:00:14;Buy;0.02;AUDNZD;1.05807;;;2021.07.28 03:24:13;1.05896;;-0.06;1.24;
2021.07.27 18:00:54;Sell;0.02;AUDNZD;1.05971;;;2021.07.27 18:17:35;1.05895;;;1.06;
2021.07.27 11:00:19;Buy;0.02;AUDUSD;0.73498;;;2021.07.27 17:58:33;0.73815;;;6.34;
2021.07.23 10:00:41;Buy;0.02;AUDNZD;1.05623;;;2021.07.27 16:11:33;1.05793;;-0.12;2.37;
2021.07.22 21:00:26;Buy;0.02;AUDNZD;1.05832;;;2021.07.27 16:11:31;1.05793;;-0.18;-0.54;
2021.07.26 18:00:12;Sell;0.02;AUDUSD;0.73870;;;2021.07.27 10:07:48;0.73572;;-0.04;5.96;
2021.07.26 04:00:10;Buy;0.02;AUDUSD;0.73553;;;2021.07.26 17:17:02;0.73849;;;5.92;
2021.07.22 12:00:22;Sell;0.04;AUDUSD;0.73731;;;2021.07.26 03:56:19;0.73511;;-0.16;8.80;
2021.07.21 19:00:13;Sell;0.02;AUDUSD;0.73558;;;2021.07.26 03:56:19;0.73511;;-0.20;0.94;
2021.07.21 17:00:31;Sell;0.02;AUDUSD;0.73349;;;2021.07.26 03:56:18;0.73511;;-0.20;-3.24;
2021.07.19 22:00:16;Buy;0.04;NZDCAD;0.88419;;;2021.07.23 17:11:41;0.87878;-0.01;-0.54;-17.19;
2021.07.20 21:00:41;Buy;0.08;NZDCAD;0.87937;;;2021.07.23 17:11:01;0.87875;-0.01;-0.89;-3.94;
2021.07.21 18:00:32;Buy;0.16;NZDCAD;0.87522;;;2021.07.23 17:10:57;0.87875;-0.02;-1.41;44.84;
2021.07.22 13:00:11;Sell;0.02;AUDNZD;1.05967;;;2021.07.22 14:13:36;1.05906;;;0.85;
2021.07.21 06:00:12;Buy;0.02;AUDNZD;1.05743;;;2021.07.22 11:19:50;1.05931;;-0.18;2.62;
2021.07.20 19:00:30;Buy;0.02;AUDNZD;1.05967;;;2021.07.22 11:19:50;1.05931;;-0.24;-0.50;
2021.07.21 14:00:35;Buy;0.04;GBPCAD;1.72623;;;2021.07.22 08:18:51;1.72588;-0.01;-0.51;-1.12;
2021.07.20 19:00:27;Buy;0.02;GBPCAD;1.73247;;;2021.07.22 08:18:51;1.72588;-0.01;-0.34;-10.48;
2021.07.21 19:00:13;Buy;0.06;GBPCAD;1.71741;;;2021.07.22 08:18:27;1.72591;-0.02;-0.77;40.53;
2021.07.21 16:29:38;Sell;0.02;AUDCAD;0.92633;;;2021.07.21 17:39:59;0.92434;;;3.16;
2021.07.19 18:00:23;Buy;0.42;AUDUSD;0.73349;;;2021.07.21 16:38:08;0.73266;;-1.83;-34.86;
2021.07.19 06:00:18;Buy;0.16;AUDUSD;0.73774;;;2021.07.21 16:38:08;0.73265;;-0.70;-81.44;
2021.07.15 20:00:17;Buy;0.04;AUDUSD;0.74245;;;2021.07.21 16:38:06;0.73264;;-0.36;-39.24;
2021.07.15 15:00:05;Buy;0.02;AUDUSD;0.74485;;;2021.07.21 16:38:06;0.73264;;-0.16;-24.42;
2021.07.15 13:00:20;Buy;0.02;AUDUSD;0.74693;;;2021.07.21 16:38:04;0.73265;;-0.16;-28.56;
2021.07.19 12:00:23;Buy;0.26;AUDUSD;0.73568;;;2021.07.21 16:37:28;0.73277;;-1.14;-75.66;
2021.07.19 02:00:07;Buy;0.10;AUDUSD;0.73926;;;2021.07.21 16:37:15;0.73285;;-0.44;-64.10;
2021.07.16 18:00:24;Buy;0.06;AUDUSD;0.74075;;;2021.07.21 16:37:15;0.73285;;-0.39;-47.40;
2021.07.20 10:00:34;Buy;0.68;AUDUSD;0.73156;;;2021.07.21 16:36:36;0.73284;;-1.48;87.04;
2021.07.21 09:00:21;Buy;1.10;AUDUSD;0.72991;;;2021.07.21 16:36:28;0.73284;;;322.30;
2021.07.21 00:01:36;Sell;0.02;AUDCAD;0.92885;;;2021.07.21 16:29:36;0.92663;;;3.51;
2021.07.20 20:00:13;Sell;0.02;AUDCAD;0.93143;;;2021.07.21 00:01:35;0.92995;;-0.07;2.33;
2021.07.20 06:29:15;Sell;0.02;AUDCAD;0.93381;;;2021.07.20 20:00:12;0.93169;;;3.34;
2021.07.14 05:02:36;Buy;0.02;AUDNZD;1.06633;;;2021.07.20 09:49:52;1.06131;;-0.36;-6.92;
2021.07.13 17:00:58;Buy;0.02;AUDNZD;1.07218;;;2021.07.20 09:49:52;1.06130;;-0.42;-14.99;
2021.07.16 18:01:26;Buy;0.16;AUDNZD;1.05675;;;2021.07.20 09:49:31;1.06136;-0.02;-0.98;50.82;
2021.07.16 02:00:14;Buy;0.10;AUDNZD;1.05975;;;2021.07.20 09:49:29;1.06135;-0.01;-0.62;11.02;
2021.07.14 12:00:16;Buy;0.06;AUDNZD;1.06217;;;2021.07.20 09:49:28;1.06135;-0.01;-1.10;-3.38;
2021.07.14 06:00:21;Buy;0.04;AUDNZD;1.06461;;;2021.07.20 09:49:28;1.06135;-0.01;-0.72;-8.99;
2021.07.15 17:31:11;Sell;0.02;AUDCAD;0.93261;;;2021.07.20 06:29:19;0.93414;;-0.21;-2.40;
2021.07.19 13:00:43;Sell;0.02;AUDCAD;0.93949;;;2021.07.20 06:29:15;0.93412;;-0.07;8.42;
2021.07.19 13:00:41;Sell;0.04;AUDCAD;0.93949;;;2021.07.20 00:03:18;0.93672;-0.01;-0.14;8.69;
2021.07.14 20:00:13;Sell;0.02;AUDCAD;0.93571;;;2021.07.20 00:03:18;0.93672;;-0.42;-1.58;
2021.07.19 12:00:21;Sell;0.02;GBPCAD;1.74540;;;2021.07.19 17:46:17;1.74358;-0.01;;2.85;
2021.07.19 14:00:28;Sell;0.04;GBPCAD;1.75205;;;2021.07.19 17:44:23;1.74441;-0.01;;23.95;
2021.07.14 06:00:33;Sell;0.02;NZDCAD;0.87637;;;2021.07.19 16:01:44;0.88492;;-0.19;-13.41;
2021.07.19 10:00:27;Sell;0.08;NZDCAD;0.88485;;;2021.07.19 16:00:26;0.88485;-0.01;;0.00;
2021.07.15 01:00:23;Sell;0.04;NZDCAD;0.88060;;;2021.07.19 16:00:24;0.88485;-0.01;-0.14;-13.33;
2021.07.19 13:00:32;Sell;0.16;NZDCAD;0.88919;;;2021.07.19 16:00:17;0.88482;-0.02;;54.84;
2021.07.16 07:00:11;Sell;0.04;NZDCAD;0.88259;;;2021.07.19 15:12:21;0.88540;-0.01;-0.07;-8.80;
2021.07.19 13:00:33;Sell;0.08;NZDCAD;0.88919;;;2021.07.19 15:12:17;0.88544;-0.01;;23.48;
2021.07.19 12:10:11;Buy;0.02;AUDCAD;0.93785;;;2021.07.19 12:53:18;0.94008;;;3.49;
2021.07.15 03:08:18;Buy;0.02;AUDCAD;0.93679;;;2021.07.19 12:10:12;0.93757;;-0.12;1.23;
2021.07.19 01:00:19;Buy;0.02;AUDCAD;0.93317;;;2021.07.19 12:09:34;0.93726;;;6.42;
2021.07.16 02:00:14;Sell;0.04;NZDCAD;0.88275;;;2021.07.16 05:09:13;0.87983;-0.01;;9.29;
2021.07.14 20:00:13;Sell;0.02;AUDCAD;0.93571;;;2021.07.15 17:30:59;0.93298;;-0.21;4.35;
2021.07.14 17:02:59;Sell;0.02;AUDCAD;0.93395;;;2021.07.15 17:30:58;0.93298;;-0.21;1.55;
2021.07.15 06:00:15;Buy;0.02;AUDUSD;0.74543;;;2021.07.15 09:16:36;0.74838;;;5.90;
2021.07.14 16:00:28;Sell;0.02;AUDUSD;0.74841;;;2021.07.15 05:56:50;0.74550;;-0.12;5.82;
2021.07.14 06:00:34;Sell;0.04;NZDCAD;0.87637;;;2021.07.15 05:12:47;0.87781;-0.01;-0.22;-4.59;
2021.07.15 02:00:16;Sell;0.08;NZDCAD;0.88084;;;2021.07.15 05:12:46;0.87781;-0.01;;19.33;
2021.07.08 15:00:58;Buy;0.02;AUDCAD;0.93291;;;2021.07.15 03:08:17;0.93650;;-0.41;5.73;
2021.07.06 13:00:28;Buy;0.02;AUDCAD;0.93642;;;2021.07.15 03:08:17;0.93650;;-0.64;0.12;
2021.07.12 14:00:25;Sell;0.02;GBPCAD;1.73285;;;2021.07.14 17:03:57;1.73443;-0.01;-0.06;-2.53;
2021.07.13 17:00:30;Sell;0.02;AUDCAD;0.93425;;;2021.07.14 17:03:09;0.93445;;-0.07;-0.32;
2021.07.08 22:04:45;Sell;0.02;AUDCAD;0.93009;;;2021.07.14 17:02:02;0.93364;;-0.28;-5.69;
2021.07.14 11:00:27;Buy;0.02;AUDUSD;0.74498;;;2021.07.14 15:34:21;0.74781;;;5.66;
2021.07.13 23:00:15;Buy;0.02;AUDUSD;0.74443;;;2021.07.14 09:33:57;0.74687;;-0.04;4.88;
2021.07.13 17:00:29;Buy;0.02;AUDUSD;0.74608;;;2021.07.14 09:33:56;0.74687;;-0.04;1.58;
2021.07.08 18:03:23;Buy;0.04;NZDCAD;0.87096;;;2021.07.14 05:02:36;0.87451;-0.01;-0.36;11.36;
2021.07.13 16:00:49;Buy;0.02;NZDCAD;0.86743;;;2021.07.13 17:00:13;0.87164;;;6.73;
2021.07.13 16:01:08;Sell;0.02;AUDNZD;1.07336;;;2021.07.13 16:06:46;1.07297;;;0.54;
2021.07.12 18:00:22;Sell;0.02;AUDUSD;0.74899;;;2021.07.13 15:53:37;0.74335;;-0.04;11.28;
2021.07.13 09:00:23;Sell;0.02;AUDNZD;1.07181;;;2021.07.13 12:00:54;1.07119;;;0.87;
2021.07.12 06:00:21;Sell;0.02;AUDNZD;1.07033;;;2021.07.13 00:00:32;1.07143;;-0.04;-1.54;
2021.07.12 13:00:29;Buy;0.02;AUDUSD;0.74623;;;2021.07.12 17:45:57;0.74903;;;5.60;
2021.07.09 11:00:40;Sell;0.02;AUDUSD;0.74387;;;2021.07.12 09:46:54;0.74689;;-0.04;-6.04;
2021.07.09 16:00:27;Sell;0.04;AUDUSD;0.74733;;;2021.07.12 09:46:43;0.74685;;-0.08;1.92;
2021.07.09 13:00:23;Sell;0.02;AUDUSD;0.74575;;;2021.07.12 09:46:43;0.74685;;-0.04;-2.20;
2021.07.09 22:00:12;Sell;0.06;AUDUSD;0.74898;;;2021.07.12 09:46:36;0.74684;;-0.12;12.84;
2021.07.09 22:00:13;Buy;0.02;AUDNZD;1.06990;;;2021.07.12 05:52:29;1.07071;;-0.06;1.13;
2021.07.09 11:00:09;Sell;0.02;AUDNZD;1.07052;;;2021.07.09 17:19:20;1.06998;;;0.76;
2021.07.09 05:00:16;Buy;0.02;AUDUSD;0.74140;;;2021.07.09 10:49:35;0.74419;;;5.58;
2021.07.08 17:00:35;Sell;0.02;AUDUSD;0.74394;;;2021.07.09 04:43:06;0.74123;;-0.04;5.42;
2021.07.01 19:00:41;Sell;0.02;AUDCAD;0.92679;;;2021.07.08 22:04:45;0.93039;;-0.49;-5.74;
2021.07.05 16:00:14;Sell;0.02;AUDCAD;0.93046;;;2021.07.08 22:04:27;0.93033;;-0.35;0.20;
2021.07.06 10:00:26;Sell;0.04;AUDCAD;0.93430;;;2021.07.08 22:04:24;0.93034;-0.01;-0.56;12.64;
2021.07.08 18:00:26;Sell;0.02;AUDNZD;1.06995;;;2021.07.08 22:00:56;1.06985;;;0.13;
2021.07.08 12:00:23;Sell;0.04;GBPCAD;1.73186;;;2021.07.08 19:06:59;1.72446;-0.01;;23.63;
2021.07.07 19:00:30;Sell;0.02;GBPCAD;1.72482;;;2021.07.08 19:06:49;1.72466;-0.01;-0.10;0.25;
2021.07.06 14:00:14;Sell;0.02;NZDCAD;0.87521;;;2021.07.08 18:03:08;0.87105;;-0.15;6.64;
2021.07.06 13:00:27;Sell;0.02;AUDCAD;0.93618;;;2021.07.08 18:00:02;0.93195;;-0.28;6.74;
2021.07.06 19:00:21;Buy;0.02;AUDNZD;1.06953;;;2021.07.08 17:52:11;1.06873;;-0.24;-1.12;
2021.07.06 13:00:27;Sell;0.08;NZDCAD;0.87491;;;2021.07.08 17:52:11;0.87207;-0.01;-0.57;18.10;
2021.07.06 02:00:07;Sell;0.04;NZDCAD;0.87049;;;2021.07.08 17:51:58;0.87213;-0.01;-0.28;-5.22;
2021.07.07 15:00:31;Buy;0.02;AUDNZD;1.06670;;;2021.07.08 17:51:40;1.06882;;-0.18;2.95;
2021.07.07 16:00:17;Buy;0.02;AUDUSD;0.75082;;;2021.07.08 16:33:44;0.74475;;-0.14;-12.14;
2021.07.07 18:00:27;Buy;0.02;AUDUSD;0.74763;;;2021.07.08 16:33:17;0.74471;;-0.14;-5.84;
2021.07.08 15:00:57;Buy;0.10;AUDUSD;0.74241;;;2021.07.08 16:32:55;0.74469;;;22.80;
2021.07.08 05:00:06;Buy;0.04;AUDUSD;0.74580;;;2021.07.08 16:32:54;0.74468;;;-4.48;
2021.07.08 10:00:50;Buy;0.06;AUDUSD;0.74395;;;2021.07.08 16:32:32;0.74478;;;4.98;
2021.07.06 18:00:23;Buy;0.02;AUDUSD;0.75012;;;2021.07.07 15:06:47;0.75317;;-0.05;6.10;
2021.07.06 18:00:18;Sell;0.02;GBPCAD;1.72325;;;2021.07.07 10:46:01;1.71703;-0.01;-0.03;10.00;
2021.07.06 18:00:06;Sell;0.02;AUDNZD;1.07050;;;2021.07.06 18:25:36;1.07000;;;0.70;
2021.06.30 01:00:13;Buy;0.02;AUDNZD;1.07470;;;2021.07.06 17:38:22;1.07131;;-0.36;-4.74;
2021.07.01 10:00:32;Buy;0.02;AUDNZD;1.07153;;;2021.07.06 17:38:16;1.07139;;-0.18;-0.19;
2021.07.06 02:00:10;Buy;0.04;AUDNZD;1.06903;;;2021.07.06 17:37:29;1.07198;-0.01;;8.25;
2021.07.02 20:00:24;Sell;0.02;AUDUSD;0.75004;;;2021.07.06 17:06:30;0.75364;;-0.08;-7.20;
2021.07.02 21:00:14;Sell;0.02;AUDUSD;0.75254;;;2021.07.06 17:06:05;0.75370;;-0.08;-2.32;
2021.07.06 02:00:07;Sell;0.04;AUDUSD;0.75446;;;2021.07.06 17:04:51;0.75384;;;2.48;
2021.07.06 07:00:16;Sell;0.06;AUDUSD;0.75678;;;2021.07.06 17:04:39;0.75388;;;17.40;
2021.07.06 09:00:25;Buy;0.02;AUDCAD;0.93352;;;2021.07.06 12:24:18;0.93597;;;3.96;
2021.07.05 15:00:28;Buy;0.02;AUDCAD;0.93059;;;2021.07.06 08:54:23;0.93324;;-0.06;4.30;
2021.06.29 11:00:52;Buy;0.02;NZDCAD;0.86680;;;2021.07.06 05:00:34;0.87177;;-0.34;8.06;
2021.06.29 16:00:14;Buy;0.04;NZDCAD;0.86450;;;2021.07.05 22:01:04;0.86550;-0.01;-0.55;3.25;
2021.06.24 19:00:19;Buy;0.02;AUDCAD;0.93451;;;2021.07.05 14:15:40;0.93048;;-0.53;-6.52;
2021.07.02 19:00:14;Buy;0.04;AUDCAD;0.92581;;;2021.07.05 14:15:14;0.93040;-0.01;-0.12;14.87;
2021.06.29 16:00:26;Buy;0.02;AUDCAD;0.92970;;;2021.07.05 14:15:13;0.93040;;-0.35;1.14;
2021.07.02 19:00:18;Buy;0.02;GBPCAD;1.70303;;;2021.07.05 11:43:14;1.70978;-0.01;-0.09;10.94;
2021.07.01 18:00:32;Buy;0.10;AUDUSD;0.74790;;;2021.07.02 15:47:08;0.74829;;-0.23;3.90;
2021.06.28 15:00:22;Buy;0.02;AUDUSD;0.75588;;;2021.07.02 15:47:06;0.74836;;-0.29;-15.04;
2021.06.30 19:00:05;Buy;0.06;AUDUSD;0.74955;;;2021.07.02 15:46:27;0.74850;;-0.55;-6.30;
2021.06.29 16:00:13;Buy;0.04;AUDUSD;0.75130;;;2021.07.02 15:45:27;0.74867;;-0.45;-10.52;
2021.06.29 12:00:17;Buy;0.02;AUDUSD;0.75301;;;2021.07.02 15:45:27;0.74867;;-0.24;-8.68;
2021.07.01 21:00:27;Buy;0.16;AUDUSD;0.74638;;;2021.07.02 15:44:45;0.74907;;-0.36;43.04;
2021.06.29 16:00:52;Sell;0.02;AUDCAD;0.92966;;;2021.07.01 17:40:52;0.92694;;-0.28;4.39;
2021.06.30 05:00:08;Sell;0.02;GBPCAD;1.71773;;;2021.06.30 17:18:36;1.71107;-0.01;;10.77;
2021.06.24 11:00:08;Buy;0.04;AUDNZD;1.07368;;;2021.06.29 16:51:17;1.07645;-0.01;-0.36;7.74;
2021.06.22 11:00:22;Buy;0.02;AUDNZD;1.07597;;;2021.06.29 16:51:17;1.07645;;-0.42;0.67;
2021.06.21 01:00:35;Buy;0.02;AUDNZD;1.07942;;;2021.06.29 16:51:17;1.07645;;-0.48;-4.15;
2021.06.24 19:00:20;Sell;0.02;AUDCAD;0.93424;;;2021.06.29 15:42:15;0.92955;;-0.21;7.58;
2021.06.22 12:00:12;Sell;0.02;AUDCAD;0.92898;;;2021.06.29 15:42:14;0.92955;;-0.49;-0.92;
2021.06.24 23:00:45;Sell;0.04;NZDCAD;0.87050;;;2021.06.29 10:06:56;0.86697;-0.01;-0.21;11.44;
2021.06.25 22:00:38;Buy;0.02;GBPCAD;1.70791;;;2021.06.28 15:27:10;1.71470;-0.01;-0.09;11.01;
2021.06.25 07:00:09;Sell;0.06;AUDUSD;0.75930;;;2021.06.28 14:37:53;0.75702;;-0.12;13.68;
2021.06.23 15:00:53;Sell;0.04;AUDUSD;0.75744;;;2021.06.28 14:37:53;0.75702;;-0.40;1.68;
2021.06.22 23:00:20;Sell;0.02;AUDUSD;0.75543;;;2021.06.28 14:37:46;0.75700;;-0.24;-3.14;
2021.06.22 20:00:25;Sell;0.02;AUDUSD;0.75412;;;2021.06.28 14:37:46;0.75700;;-0.24;-5.76;
2021.06.25 16:00:10;Sell;0.02;NZDCAD;0.87191;;;2021.06.28 07:47:38;0.87005;;-0.04;3.03;
2021.06.11 13:00:15;Sell;0.04;AUDNZD;1.07886;;;2021.06.28 07:47:37;1.07361;-0.01;-1.22;14.84;
2021.06.04 20:00:36;Sell;0.02;AUDNZD;1.07524;;;2021.06.28 07:47:37;1.07361;;-0.90;2.30;
2021.06.22 11:00:21;Buy;0.04;AUDCAD;0.92954;;;2021.06.24 23:00:42;0.93470;-0.01;-0.47;16.75;
2021.06.17 17:00:32;Buy;0.02;AUDCAD;0.93230;;;2021.06.24 23:00:42;0.93470;;-0.42;3.89;
2021.06.22 12:00:32;Buy;0.04;AUDCAD;0.92920;;;2021.06.24 17:01:32;0.93369;-0.01;-0.47;14.60;
2021.06.17 15:00:18;Buy;0.02;AUDCAD;0.93340;;;2021.06.24 17:01:31;0.93369;;-0.42;0.47;
2021.06.07 17:00:25;Buy;0.02;AUDCAD;0.93731;;;2021.06.24 17:01:31;0.93369;;-1.14;-5.89;
2021.06.11 23:34:18;Sell;0.02;GBPCAD;1.71686;;;2021.06.24 14:04:55;1.71134;-0.01;-0.46;8.98;
2021.06.17 13:00:33;Sell;0.04;GBPCAD;1.72135;;;2021.06.24 14:04:07;1.71226;-0.01;-0.49;29.58;
2021.06.21 22:00:21;Buy;0.02;NZDCAD;0.86460;;;2021.06.24 10:00:19;0.86816;;-0.24;5.79;
2021.06.21 16:00:43;Buy;0.04;NZDCAD;0.86483;;;2021.06.24 09:24:31;0.86837;-0.01;-0.46;11.51;
2021.06.22 09:00:09;Buy;0.02;AUDUSD;0.75093;;;2021.06.22 19:36:38;0.75388;;;5.90;
2021.06.18 20:00:05;Sell;0.02;AUDCAD;0.93227;;;2021.06.22 10:38:07;0.92976;;-0.14;4.05;
2021.06.21 20:00:04;Sell;0.02;AUDUSD;0.75357;;;2021.06.22 08:57:42;0.75091;;-0.04;5.32;
2021.06.21 13:00:08;Sell;0.02;AUDUSD;0.75126;;;2021.06.22 08:57:41;0.75091;;-0.04;0.70;
2021.06.21 06:00:25;Sell;0.02;AUDUSD;0.75105;;;2021.06.21 10:19:26;0.74801;;;6.08;
2021.06.17 15:00:03;Buy;0.04;NZDCAD;0.86438;;;2021.06.21 09:11:51;0.86802;-0.01;-0.18;11.68;
2021.06.18 16:00:22;Buy;0.02;NZDCAD;0.86218;;;2021.06.21 06:00:24;0.86727;;-0.05;8.18;
2021.06.17 12:00:22;Buy;0.02;AUDUSD;0.76010;;;2021.06.21 05:11:10;0.75168;;-0.09;-16.84;
2021.06.18 19:00:19;Buy;0.10;AUDUSD;0.74988;;;2021.06.21 05:10:29;0.75158;;-0.22;17.00;
2021.06.18 10:00:43;Buy;0.06;AUDUSD;0.75273;;;2021.06.21 05:10:28;0.75160;;-0.13;-6.78;
2021.06.17 20:00:19;Buy;0.04;AUDUSD;0.75450;;;2021.06.21 05:10:27;0.75160;;-0.18;-11.60;
2021.06.17 17:00:30;Buy;0.02;AUDUSD;0.75616;;;2021.06.21 05:10:25;0.75163;;-0.09;-9.06;
2021.06.21 00:01:19;Buy;0.16;AUDUSD;0.74916;;;2021.06.21 05:10:11;0.75167;;;40.16;
2021.06.18 22:00:22;Sell;0.02;AUDNZD;1.08010;;;2021.06.18 23:56:01;1.07926;;;1.17;
2021.06.18 10:00:21;Sell;0.02;AUDCAD;0.93180;;;2021.06.18 15:21:24;0.92944;;;3.81;
2021.06.18 10:00:19;Sell;0.02;AUDNZD;1.07914;;;2021.06.18 11:06:23;1.07825;;;1.24;
2021.06.17 18:00:27;Sell;0.02;AUDCAD;0.93272;;;2021.06.18 08:14:16;0.93025;;-0.07;3.99;
2021.06.18 07:00:08;Buy;0.02;AUDNZD;1.07734;;;2021.06.18 07:48:04;1.07822;;;1.23;
2021.06.18 06:00:17;Sell;0.02;AUDNZD;1.07870;;;2021.06.18 06:38:32;1.07778;;;1.29;
2021.06.18 03:00:36;Buy;0.02;AUDNZD;1.07739;;;2021.06.18 04:29:10;1.07825;;;1.20;
2021.06.17 11:00:06;Sell;0.02;AUDNZD;1.07758;;;2021.06.17 23:58:52;1.07803;;;-0.63;
2021.06.17 16:00:22;Sell;0.02;AUDNZD;1.07969;;;2021.06.17 23:58:46;1.07802;;;2.34;
2021.06.03 19:00:21;Sell;0.02;AUDCAD;0.92707;;;2021.06.17 17:01:55;0.93195;;-0.99;-7.91;
2021.06.07 11:00:14;Sell;0.04;AUDCAD;0.93652;;;2021.06.17 17:01:20;0.93207;-0.01;-1.69;14.44;
2021.06.04 16:56:20;Sell;0.02;AUDCAD;0.93441;;;2021.06.17 17:01:16;0.93200;;-0.92;3.91;
2021.06.17 05:00:27;Sell;0.02;NZDCAD;0.87107;;;2021.06.17 14:00:24;0.86625;;;7.81;
2021.06.17 05:00:28;Sell;0.04;NZDCAD;0.87106;;;2021.06.17 13:10:53;0.86746;-0.01;;11.69;
2021.06.17 05:01:09;Sell;0.02;AUDUSD;0.76342;;;2021.06.17 11:41:44;0.76035;;;6.14;
2021.06.17 07:00:11;Buy;0.02;AUDNZD;1.07591;;;2021.06.17 08:50:35;1.07682;;;1.29;
2021.06.17 01:00:19;Buy;0.02;AUDUSD;0.76101;;;2021.06.17 04:31:56;0.76355;;;5.08;
2021.06.17 00:00:19;Buy;0.04;NZDCAD;0.86619;;;2021.06.17 03:33:46;0.86991;-0.01;;12.12;
2021.06.01 04:00:12;Sell;0.02;AUDNZD;1.06463;;;2021.06.17 03:09:28;1.07646;;-0.74;-16.73;
2021.06.11 16:00:36;Sell;0.26;AUDNZD;1.07979;;;2021.06.17 03:09:17;1.07648;-0.04;-3.27;60.86;
2021.06.09 20:00:05;Sell;0.16;AUDNZD;1.07769;;;2021.06.17 03:09:17;1.07648;-0.02;-3.38;13.69;
2021.06.04 19:00:14;Sell;0.10;AUDNZD;1.07475;;;2021.06.17 03:09:17;1.07648;-0.02;-2.73;-12.24;
2021.06.03 20:00:17;Sell;0.06;AUDNZD;1.07224;;;2021.06.17 03:09:16;1.07649;-0.01;-1.79;-18.03;
2021.06.01 19:00:31;Sell;0.04;AUDNZD;1.07002;;;2021.06.17 03:09:16;1.07649;-0.01;-1.54;-18.30;
2021.06.01 17:05:01;Sell;0.02;AUDNZD;1.06802;;;2021.06.17 03:09:15;1.07649;;-0.74;-11.98;
2021.06.08 03:00:47;Sell;0.02;AUDCAD;0.93735;;;2021.06.17 00:09:38;0.93425;;-0.78;5.05;
2021.06.16 12:00:36;Sell;0.02;AUDUSD;0.77039;;;2021.06.16 21:09:27;0.76631;;;8.16;
2021.06.15 19:00:12;Buy;0.04;AUDUSD;0.76751;;;2021.06.16 08:01:33;0.76965;;-0.09;8.56;
2021.06.15 12:00:26;Buy;0.02;AUDUSD;0.76904;;;2021.06.16 08:01:33;0.76965;;-0.05;1.22;
2021.06.14 20:00:23;Buy;0.02;AUDUSD;0.77091;;;2021.06.16 08:01:33;0.76965;;-0.10;-2.52;
2021.06.11 19:00:46;Buy;0.02;AUDUSD;0.76952;;;2021.06.14 17:39:31;0.77253;;-0.05;6.02;
2021.06.10 19:00:35;Sell;0.02;AUDUSD;0.77521;;;2021.06.11 16:43:56;0.77221;;-0.04;6.00;
2021.06.10 12:00:18;Buy;0.02;GBPCAD;1.70668;;;2021.06.10 19:02:35;1.71345;-0.01;;11.19;
2021.06.09 15:00:32;Sell;0.02;AUDUSD;0.77510;;;2021.06.10 15:36:40;0.77428;;-0.12;1.64;
2021.06.07 12:00:59;Sell;0.02;NZDCAD;0.87225;;;2021.06.09 18:00:27;0.86750;;-0.08;7.86;
2021.06.07 11:00:14;Sell;0.04;NZDCAD;0.87163;;;2021.06.09 17:11:17;0.86823;-0.01;-0.14;11.28;
2021.06.07 15:00:38;Sell;0.02;AUDUSD;0.77587;;;2021.06.08 16:52:16;0.77341;;-0.04;4.92;
2021.06.04 19:00:13;Sell;0.02;AUDUSD;0.77413;;;2021.06.08 16:52:07;0.77338;;-0.08;1.50;
2021.06.04 19:00:14;Buy;0.02;AUDCAD;0.93601;;;2021.06.07 16:04:00;0.93849;;-0.06;4.11;
2021.05.21 18:00:29;Buy;0.42;AUDCAD;0.93244;;;2021.06.04 18:21:32;0.93615;;-17.62;128.86;
2021.04.30 19:00:45;Buy;0.10;AUDCAD;0.94870;;;2021.06.04 18:21:32;0.93615;;-10.51;-103.78;
2021.04.29 18:00:37;Buy;0.06;AUDCAD;0.95471;;;2021.06.04 18:21:32;0.93615;;-6.48;-92.09;
2021.04.28 05:00:20;Buy;0.04;AUDCAD;0.96025;;;2021.06.04 18:21:32;0.93615;;-4.68;-79.72;
2021.04.27 12:00:30;Buy;0.02;AUDCAD;0.96502;;;2021.06.04 18:21:31;0.93615;;-2.40;-47.75;
2021.04.26 11:00:31;Buy;0.02;AUDCAD;0.96937;;;2021.06.04 18:21:31;0.93614;;-2.46;-54.96;
2021.06.03 19:00:36;Buy;0.68;AUDCAD;0.92750;;;2021.06.04 18:21:30;0.93614;;-2.02;485.88;
2021.05.12 18:00:37;Buy;0.26;AUDCAD;0.93737;;;2021.06.04 18:21:30;0.93614;;-19.47;-26.45;
2021.05.12 12:00:25;Buy;0.16;AUDCAD;0.94369;;;2021.06.04 18:21:30;0.93614;;-11.99;-99.90;
2021.06.03 19:00:16;Buy;0.16;NZDCAD;0.86564;;;2021.06.04 16:54:09;0.87043;;-0.38;63.46;
2021.06.02 13:00:37;Buy;0.08;NZDCAD;0.87220;;;2021.06.04 16:54:08;0.87043;;-0.76;-11.72;
2021.06.01 10:00:33;Buy;0.04;NZDCAD;0.87671;;;2021.06.04 16:54:05;0.87045;;-0.47;-20.73;
2021.06.03 20:00:14;Buy;0.08;NZDCAD;0.86431;;;2021.06.04 16:01:59;0.86904;;-0.19;31.30;
2021.06.03 06:00:19;Buy;0.04;NZDCAD;0.86967;;;2021.06.04 16:01:26;0.86888;;-0.09;-2.62;
2021.06.01 15:00:14;Buy;0.02;NZDCAD;0.87363;;;2021.06.04 16:01:26;0.86895;;-0.24;-7.74;
2021.06.03 05:00:07;Buy;0.02;AUDUSD;0.77437;;;2021.06.04 15:42:48;0.76939;;-0.05;-9.96;
2021.06.03 11:00:12;Buy;0.02;AUDUSD;0.77188;;;2021.06.04 15:42:30;0.76938;;-0.05;-5.00;
2021.06.03 20:00:15;Buy;0.04;AUDUSD;0.76519;;;2021.06.04 15:42:06;0.76952;;-0.09;17.32;
2021.06.03 19:00:18;Buy;0.02;AUDCAD;0.92734;;;2021.06.04 15:42:04;0.93100;;-0.06;6.05;
2021.06.03 10:00:41;Sell;0.02;AUDCAD;0.93085;;;2021.06.03 17:17:19;0.92851;;;3.86;
2021.06.01 15:00:05;Buy;0.02;GBPCAD;1.70518;;;2021.06.03 14:08:11;1.71208;;-0.35;11.44;
2021.06.01 20:00:11;Sell;0.02;AUDCAD;0.93478;;;2021.06.03 09:58:38;0.93094;;-0.29;6.37;
2021.06.01 15:00:12;Sell;0.02;AUDCAD;0.93106;;;2021.06.03 09:58:21;0.93099;;-0.29;0.11;
2021.06.01 22:00:08;Sell;0.02;AUDCAD;0.93609;;;2021.06.03 00:35:40;0.93306;;-0.29;5.04;
2021.06.02 13:00:38;Buy;0.02;AUDUSD;0.77238;;;2021.06.02 18:15:58;0.77546;;;6.16;
2021.06.01 19:00:31;Sell;0.02;AUDUSD;0.77634;;;2021.06.02 09:36:18;0.77342;;-0.04;5.84;
2021.05.26 14:00:12;Buy;0.04;AUDNZD;1.06424;;;2021.06.01 17:04:18;1.06796;;-0.74;10.79;
2021.05.26 06:00:09;Buy;0.02;AUDNZD;1.06757;;;2021.06.01 17:01:26;1.06795;;-0.37;0.55;
2021.05.27 14:00:25;Buy;0.08;AUDNZD;1.06065;;;2021.06.01 17:00:56;1.06789;;-0.75;42.04;
2021.05.31 17:00:24;Sell;0.02;AUDCAD;0.93498;;;2021.06.01 14:55:54;0.93115;;-0.07;6.36;
2021.05.28 17:00:12;Sell;0.02;AUDCAD;0.93107;;;2021.06.01 14:55:53;0.93115;;-0.14;-0.14;
2021.06.01 05:00:18;Sell;0.02;AUDUSD;0.77636;;;2021.06.01 13:04:01;0.77335;;;6.02;
2021.05.31 14:00:23;Sell;0.02;AUDUSD;0.77366;;;2021.06.01 13:04:00;0.77336;;-0.04;0.60;
2021.05.31 19:00:34;Buy;0.02;AUDNZD;1.06292;;;2021.06.01 02:06:12;1.06374;;-0.06;1.19;
2021.05.28 11:00:19;Buy;0.04;NZDCAD;0.87601;;;2021.05.31 18:00:29;0.87952;;-0.10;11.63;
2021.05.31 03:00:39;Sell;0.02;AUDNZD;1.06431;;;2021.05.31 17:54:24;1.06339;;;1.34;
2021.05.28 19:00:12;Buy;0.04;AUDUSD;0.77064;;;2021.05.31 08:17:33;0.77293;;-0.09;9.16;
2021.05.28 09:00:29;Buy;0.02;AUDUSD;0.77270;;;2021.05.31 08:17:33;0.77293;;-0.05;0.46;
2021.05.26 19:00:13;Buy;0.02;AUDUSD;0.77434;;;2021.05.31 08:17:33;0.77293;;-0.24;-2.82;
2021.05.28 22:00:48;Buy;0.02;AUDNZD;1.06292;;;2021.05.28 22:33:39;1.06396;;;1.50;
2021.05.28 10:00:28;Sell;0.02;GBPCAD;1.71511;;;2021.05.28 17:05:35;1.70862;;;10.76;
2021.05.27 21:01:07;Sell;0.02;AUDCAD;0.93400;;;2021.05.28 15:08:29;0.93145;;-0.07;4.21;
2021.05.24 12:00:37;Buy;0.02;AUDNZD;1.07654;;;2021.05.28 09:18:12;1.06548;;-0.37;-16.02;
2021.05.24 20:00:11;Buy;0.02;AUDNZD;1.07415;;;2021.05.28 09:17:16;1.06532;;-0.37;-12.79;
2021.05.26 07:00:34;Buy;0.04;AUDNZD;1.06571;;;2021.05.28 09:16:52;1.06535;;-0.50;-1.04;
2021.05.27 21:01:07;Buy;0.10;AUDNZD;1.06086;;;2021.05.28 09:16:49;1.06541;;-0.31;32.97;
2021.05.26 16:00:26;Buy;0.06;AUDNZD;1.06313;;;2021.05.28 09:16:49;1.06541;;-0.75;9.92;
2021.05.26 11:00:25;Sell;0.04;NZDCAD;0.88191;;;2021.05.28 09:00:28;0.87711;;-0.30;15.88;
2021.05.26 06:00:11;Sell;0.02;NZDCAD;0.87807;;;2021.05.28 09:00:28;0.87711;;-0.15;1.59;
2021.05.26 14:00:11;Sell;0.16;NZDCAD;0.88275;;;2021.05.28 06:08:19;0.87853;;-1.18;55.88;
2021.05.26 06:00:13;Sell;0.08;NZDCAD;0.87812;;;2021.05.28 06:08:19;0.87853;;-0.59;-2.72;
2021.05.25 16:00:09;Sell;0.04;NZDCAD;0.87197;;;2021.05.28 06:08:19;0.87853;;-0.37;-21.72;
2021.05.26 06:00:18;Sell;0.02;AUDCAD;0.93729;;;2021.05.27 19:43:48;0.93342;;-0.22;6.41;
2021.05.21 20:00:28;Sell;0.02;AUDCAD;0.93359;;;2021.05.27 19:43:48;0.93342;;-0.43;0.28;
2021.05.26 06:00:16;Sell;0.02;AUDUSD;0.77770;;;2021.05.26 16:28:15;0.77475;;;5.90;
2021.05.21 22:00:09;Buy;0.02;AUDCAD;0.93285;;;2021.05.26 06:16:22;0.93758;;-0.18;7.85;
2021.05.25 19:00:24;Buy;0.02;AUDUSD;0.77414;;;2021.05.26 05:09:59;0.77705;;-0.05;5.82;
2021.05.25 10:00:30;Sell;0.02;AUDUSD;0.77713;;;2021.05.25 18:27:19;0.77418;;;5.90;
2021.05.24 19:00:09;Buy;0.02;AUDUSD;0.77408;;;2021.05.25 09:35:55;0.77708;;-0.05;6.00;
2021.05.21 20:00:23;Buy;0.04;NZDCAD;0.86545;;;2021.05.24 18:00:17;0.87032;;-0.09;16.14;
2021.05.19 13:00:24;Buy;0.02;NZDCAD;0.86926;;;2021.05.24 18:00:15;0.87033;;-0.24;1.78;
2021.05.19 11:00:14;Buy;0.04;NZDCAD;0.87099;;;2021.05.24 17:15:58;0.86914;;-0.46;-6.14;
2021.05.21 20:00:24;Buy;0.08;NZDCAD;0.86545;;;2021.05.24 17:15:42;0.86911;;-0.19;24.29;
2021.05.21 20:00:22;Buy;0.02;AUDUSD;0.77218;;;2021.05.24 17:00:15;0.77493;;-0.05;5.50;
2021.05.24 05:00:14;Buy;0.02;AUDNZD;1.07749;;;2021.05.24 07:57:24;1.07832;;;1.19;
2021.05.24 04:00:41;Sell;0.02;AUDNZD;1.07817;;;2021.05.24 04:21:57;1.07739;;;1.12;
2021.05.19 06:00:19;Sell;0.02;AUDNZD;1.07679;;;2021.05.24 01:45:21;1.07701;;-0.21;-0.32;
2021.05.20 05:00:12;Sell;0.02;AUDNZD;1.07919;;;2021.05.24 01:45:18;1.07702;;-0.08;3.12;
2021.05.19 13:00:26;Sell;0.02;AUDCAD;0.93575;;;2021.05.21 17:49:22;0.93323;;-0.29;4.18;
2021.05.21 16:00:24;Sell;0.02;AUDUSD;0.77807;;;2021.05.21 17:09:43;0.77488;;;6.38;
2021.05.21 10:00:16;Buy;0.02;AUDUSD;0.77451;;;2021.05.21 13:21:22;0.77754;;;6.06;
2021.05.20 19:00:49;Sell;0.02;AUDUSD;0.77764;;;2021.05.21 08:37:54;0.77525;;-0.04;4.78;
2021.05.20 11:00:24;Sell;0.02;AUDUSD;0.77587;;;2021.05.21 08:37:53;0.77528;;-0.04;1.18;
2021.05.20 01:00:24;Buy;0.02;AUDUSD;0.77263;;;2021.05.20 09:12:35;0.77540;;;5.54;
2021.05.19 17:00:17;Sell;0.02;AUDUSD;0.77551;;;2021.05.19 21:11:45;0.77228;;;6.46;
2021.05.19 12:00:25;Buy;0.02;AUDUSD;0.77558;;;2021.05.19 16:57:31;0.77623;;;1.30;
2021.05.19 16:00:23;Buy;0.02;AUDUSD;0.77337;;;2021.05.19 16:57:09;0.77617;;;5.60;
2021.05.13 21:00:39;Sell;0.02;AUDCAD;0.94019;;;2021.05.19 12:46:09;0.93621;;-0.28;6.59;
2021.05.13 16:00:39;Sell;0.02;AUDCAD;0.93624;;;2021.05.19 12:46:07;0.93619;;-0.28;0.08;
2021.05.18 10:00:16;Sell;0.02;AUDUSD;0.78043;;;2021.05.19 05:06:28;0.77807;;-0.04;4.72;
2021.05.18 05:00:37;Sell;0.02;AUDUSD;0.77871;;;2021.05.19 05:06:26;0.77801;;-0.04;1.40;
2021.05.17 16:00:22;Buy;0.04;NZDCAD;0.87036;;;2021.05.18 15:19:40;0.87396;;-0.09;11.97;
2021.05.17 14:00:30;Sell;0.02;AUDNZD;1.07612;;;2021.05.18 12:38:27;1.07533;;-0.04;1.15;
2021.05.17 11:00:07;Buy;0.02;AUDUSD;0.77527;;;2021.05.18 04:10:39;0.77816;;-0.05;5.78;
2021.05.14 21:00:12;Sell;0.02;NZDCAD;0.87772;;;2021.05.17 13:00:20;0.87339;;-0.04;7.15;
2021.05.14 15:00:14;Buy;0.04;AUDNZD;1.07267;;;2021.05.17 11:06:03;1.07537;;-0.13;7.79;
2021.05.13 19:00:39;Buy;0.02;AUDNZD;1.07571;;;2021.05.17 11:06:00;1.07537;;-0.12;-0.49;
2021.05.13 06:00:35;Buy;0.02;AUDNZD;1.07807;;;2021.05.17 11:05:58;1.07537;;-0.12;-3.89;
2021.05.14 21:00:09;Sell;0.02;AUDUSD;0.77756;;;2021.05.17 10:48:00;0.77464;;-0.04;5.84;
2021.05.14 15:00:13;Sell;0.02;AUDUSD;0.77503;;;2021.05.17 10:47:56;0.77463;;-0.04;0.80;
2021.05.14 20:01:16;Sell;0.04;NZDCAD;0.87739;;;2021.05.17 10:44:48;0.87377;;-0.07;11.94;
2021.05.12 18:00:27;Buy;0.04;AUDCAD;0.93733;;;2021.05.14 19:24:53;0.94248;;-0.48;16.99;
2021.05.12 12:00:23;Buy;0.02;AUDCAD;0.94369;;;2021.05.14 19:24:51;0.94248;;-0.24;-1.99;
2021.05.13 21:00:22;Buy;0.02;AUDUSD;0.77169;;;2021.05.14 09:46:49;0.77428;;-0.05;5.18;
2021.04.27 06:00:03;Buy;0.04;NZDCAD;0.89507;;;2021.05.13 20:10:20;0.87464;;-1.73;-67.11;
2021.04.29 18:00:34;Buy;0.08;NZDCAD;0.88972;;;2021.05.13 20:10:00;0.87465;;-2.65;-99.02;
2021.05.12 18:00:24;Buy;0.64;NZDCAD;0.86787;;;2021.05.13 20:09:46;0.87465;;-4.48;356.43;
2021.05.12 09:00:12;Buy;0.32;NZDCAD;0.87592;;;2021.05.13 20:09:44;0.87462;;-2.24;-34.17;
2021.04.30 21:00:30;Buy;0.16;NZDCAD;0.88036;;;2021.05.13 20:09:41;0.87461;;-4.94;-75.57;
2021.05.10 07:00:55;Buy;0.02;NZDCAD;0.88196;;;2021.05.13 20:00:54;0.87416;;-0.24;-12.81;
2021.05.12 05:00:18;Buy;0.04;NZDCAD;0.87785;;;2021.05.13 20:00:18;0.87400;;-0.28;-12.66;
2021.05.12 12:00:13;Buy;0.08;NZDCAD;0.87394;;;2021.05.13 20:00:16;0.87399;;-0.56;0.33;
2021.05.12 18:00:28;Buy;0.16;NZDCAD;0.86791;;;2021.05.13 20:00:09;0.87404;;-1.12;80.61;
2021.05.12 19:00:21;Buy;0.02;AUDUSD;0.77344;;;2021.05.13 17:00:38;0.77380;;-0.14;0.72;
2021.05.13 09:00:18;Buy;0.02;AUDUSD;0.77111;;;2021.05.13 17:00:29;0.77378;;;5.34;
2021.05.12 18:00:49;Sell;0.02;AUDCAD;0.93709;;;2021.05.13 13:05:38;0.93444;;-0.22;4.37;
2021.05.12 07:00:22;Sell;0.02;AUDCAD;0.94456;;;2021.05.12 15:30:42;0.94105;;;5.81;
2021.05.11 15:00:50;Sell;0.02;GBPCAD;1.71228;;;2021.05.12 15:26:32;1.70570;;-0.04;10.90;
2021.05.12 12:00:29;Sell;0.02;AUDNZD;1.07972;;;2021.05.12 13:27:47;1.07880;;;1.33;
2021.05.12 04:00:34;Buy;0.02;AUDUSD;0.78235;;;2021.05.12 10:01:50;0.78120;;;-2.30;
2021.05.10 22:00:19;Buy;0.02;AUDUSD;0.78422;;;2021.05.12 10:01:47;0.78120;;-0.10;-6.04;
2021.05.12 07:00:21;Buy;0.06;AUDUSD;0.77886;;;2021.05.12 10:01:28;0.78111;;;13.50;
2021.05.12 06:00:25;Buy;0.04;AUDUSD;0.78077;;;2021.05.12 10:01:24;0.78118;;;1.64;
2021.05.11 11:00:23;Sell;0.02;AUDCAD;0.94801;;;2021.05.12 06:39:58;0.94538;;-0.07;4.34;
2021.05.11 23:00:28;Sell;0.02;AUDNZD;1.07863;;;2021.05.12 06:07:02;1.07787;;-0.04;1.10;
2021.05.11 02:00:13;Sell;0.02;AUDNZD;1.07841;;;2021.05.11 08:54:13;1.07766;;;1.09;
2021.05.07 20:00:34;Sell;0.02;AUDCAD;0.95282;;;2021.05.11 07:24:48;0.94741;;-0.14;8.95;
2021.05.07 06:00:34;Sell;0.02;AUDCAD;0.94544;;;2021.05.11 07:24:47;0.94741;;-0.14;-3.25;
2021.05.11 00:00:15;Buy;0.02;AUDNZD;1.07894;;;2021.05.11 00:53:39;1.07764;;;-1.88;
2021.05.07 20:00:37;Sell;0.02;AUDCAD;0.95282;;;2021.05.10 22:29:12;0.94857;;-0.07;7.03;
2021.05.10 13:00:25;Sell;0.04;AUDUSD;0.78745;;;2021.05.10 21:43:45;0.78436;;;12.36;
2021.05.07 20:00:32;Sell;0.02;AUDUSD;0.78426;;;2021.05.10 21:43:43;0.78436;;-0.04;-0.20;
2021.05.07 17:00:14;Sell;0.02;AUDUSD;0.78182;;;2021.05.10 21:43:41;0.78436;;-0.04;-5.08;
2021.05.10 09:00:38;Sell;0.02;AUDNZD;1.07912;;;2021.05.10 19:04:58;1.07818;;;1.38;
2021.05.06 16:00:17;Buy;0.02;NZDCAD;0.88108;;;2021.05.07 19:00:16;0.88524;;-0.05;6.85;
2021.04.28 05:00:17;Buy;0.02;AUDCAD;0.96024;;;2021.05.07 18:58:34;0.95395;;-0.66;-10.37;
2021.04.30 20:00:20;Buy;0.16;AUDCAD;0.94758;;;2021.05.07 18:58:24;0.95398;;-3.36;84.36;
2021.04.30 12:00:21;Buy;0.08;AUDCAD;0.95379;;;2021.05.07 18:58:21;0.95400;;-1.68;1.38;
2021.04.29 12:00:24;Buy;0.04;AUDCAD;0.95720;;;2021.05.07 18:58:19;0.95401;;-0.96;-10.51;
2021.05.07 13:00:39;Sell;0.02;AUDNZD;1.07693;;;2021.05.07 15:42:10;1.07653;;;0.58;
2021.05.07 10:00:31;Buy;0.02;AUDUSD;0.77663;;;2021.05.07 15:42:06;0.78153;;;9.80;
2021.05.07 05:00:09;Sell;0.04;AUDUSD;0.77883;;;2021.05.07 09:20:55;0.77670;;;8.52;
2021.05.06 20:00:14;Sell;0.02;AUDUSD;0.77723;;;2021.05.07 09:20:54;0.77670;;-0.04;1.06;
2021.05.06 15:00:12;Sell;0.02;AUDUSD;0.77543;;;2021.05.07 09:20:53;0.77670;;-0.04;-2.54;
2021.05.04 20:00:17;Sell;0.02;AUDCAD;0.94795;;;2021.05.07 05:35:01;0.94553;;-0.36;3.98;
2021.05.06 12:00:17;Sell;0.02;AUDNZD;1.07511;;;2021.05.06 12:20:53;1.07425;;;1.24;
2021.05.06 05:00:19;Buy;0.02;AUDNZD;1.07307;;;2021.05.06 10:44:52;1.07486;;;2.58;
2021.05.05 16:00:20;Buy;0.02;AUDNZD;1.07525;;;2021.05.06 10:44:51;1.07485;;-0.19;-0.58;
2021.05.06 07:00:17;Buy;0.02;AUDUSD;0.77246;;;2021.05.06 10:08:59;0.77543;;;5.94;
2021.05.05 18:00:42;Sell;0.02;AUDUSD;0.77494;;;2021.05.06 05:42:56;0.77234;;-0.12;5.20;
2021.05.05 13:00:39;Sell;0.02;AUDUSD;0.77235;;;2021.05.06 05:41:47;0.77207;;-0.12;0.56;
2021.04.30 21:00:06;Buy;0.16;NZDCAD;0.88039;;;2021.05.05 22:00:44;0.88537;;-1.14;64.89;
2021.04.30 12:00:19;Buy;0.08;NZDCAD;0.88825;;;2021.05.05 22:00:43;0.88544;;-0.57;-18.31;
2021.04.28 04:00:30;Buy;0.04;NZDCAD;0.89256;;;2021.05.05 22:00:41;0.88545;;-0.67;-23.17;
2021.04.27 02:00:32;Buy;0.02;NZDCAD;0.89637;;;2021.05.05 22:00:40;0.88545;;-0.39;-17.79;
2021.05.05 03:00:38;Sell;0.02;AUDNZD;1.07692;;;2021.05.05 13:57:01;1.07617;;;1.07;
2021.05.05 07:00:06;Sell;0.02;AUDUSD;0.77343;;;2021.05.05 10:08:40;0.77052;;;5.82;
2021.05.04 15:00:29;Buy;0.02;AUDUSD;0.77064;;;2021.05.05 04:45:49;0.77312;;-0.05;4.96;
2021.05.04 11:00:16;Buy;0.02;AUDUSD;0.77218;;;2021.05.05 04:45:48;0.77312;;-0.05;1.88;
2021.05.05 02:00:34;Buy;0.02;AUDNZD;1.07651;;;2021.05.05 02:35:32;1.07696;;;0.64;
2021.04.30 16:00:28;Sell;0.02;AUDNZD;1.07471;;;2021.05.05 01:45:42;1.07699;;-0.12;-3.27;
2021.05.04 12:00:18;Sell;0.04;AUDNZD;1.07993;;;2021.05.05 01:45:40;1.07692;;-0.09;8.63;
2021.05.03 11:00:38;Sell;0.02;AUDNZD;1.07751;;;2021.05.05 01:45:37;1.07705;;-0.08;0.66;
2021.05.03 14:00:20;Sell;0.02;AUDCAD;0.95095;;;2021.05.04 18:50:38;0.94710;;-0.07;6.25;
2021.04.30 23:00:30;Sell;0.02;AUDCAD;0.94700;;;2021.05.04 18:50:36;0.94709;;-0.14;-0.15;
2021.05.03 19:00:05;Sell;0.02;AUDUSD;0.77571;;;2021.05.04 10:26:18;0.77270;;-0.04;6.02;
2021.04.30 20:00:18;Buy;0.04;AUDUSD;0.77113;;;2021.05.03 17:04:20;0.77485;;-0.09;14.88;
2021.04.29 19:00:09;Buy;0.02;AUDUSD;0.77590;;;2021.05.03 17:04:10;0.77491;;-0.10;-1.98;
2021.04.29 12:00:23;Buy;0.02;AUDUSD;0.77773;;;2021.05.03 17:04:08;0.77489;;-0.10;-5.68;
2021.04.30 21:00:48;Buy;0.24;GBPCAD;1.69659;;;2021.05.03 16:38:12;1.70772;;-1.03;217.39;
2021.04.30 16:00:30;Buy;0.16;GBPCAD;1.70383;;;2021.05.03 16:38:10;1.70772;;-0.69;50.65;
2021.04.30 11:00:42;Buy;0.10;GBPCAD;1.70936;;;2021.05.03 16:38:07;1.70776;;-0.43;-13.02;
2021.04.29 12:00:27;Buy;0.06;GBPCAD;1.71580;;;2021.05.03 16:38:05;1.70776;;-0.52;-39.26;
2021.04.27 12:00:18;Buy;0.04;GBPCAD;1.72128;;;2021.05.03 16:38:03;1.70776;;-1.03;-44.02;
2021.04.26 16:00:46;Buy;0.02;GBPCAD;1.72662;;;2021.05.03 16:38:00;1.70777;;-0.62;-30.68;
2021.04.28 21:01:01;Buy;0.02;AUDNZD;1.07229;;;2021.05.03 12:00:21;1.07877;;-0.31;9.28;
2021.04.30 19:00:48;Sell;0.02;AUDCAD;0.94838;;;2021.04.30 22:16:25;0.94604;;;3.81;
2021.04.30 16:00:25;Sell;0.02;AUDCAD;0.95209;;;2021.04.30 18:08:36;0.94968;;;3.91;
2021.04.29 18:00:50;Sell;0.02;AUDCAD;0.95435;;;2021.04.30 15:21:28;0.95182;;-0.07;4.12;
2021.04.28 15:00:30;Buy;0.02;AUDNZD;1.07344;;;2021.04.30 13:37:55;1.07427;;-0.25;1.20;
2021.04.29 12:00:26;Sell;0.02;AUDCAD;0.95692;;;2021.04.29 17:41:50;0.95425;;;4.34;
2021.04.28 05:00:45;Sell;0.02;AUDCAD;0.95986;;;2021.04.29 11:28:41;0.95742;;-0.22;3.97;
2021.04.29 05:00:28;Sell;0.04;AUDUSD;0.78160;;;2021.04.29 06:03:08;0.77851;;;12.36;
2021.04.28 22:00:43;Sell;0.02;AUDUSD;0.77935;;;2021.04.29 06:03:07;0.77855;;-0.12;1.60;
2021.04.28 18:00:16;Sell;0.02;AUDUSD;0.77658;;;2021.04.29 06:03:04;0.77851;;-0.12;-3.86;
2021.04.28 06:00:54;Buy;0.02;AUDUSD;0.77403;;;2021.04.28 17:10:53;0.77619;;;4.32;
2021.04.28 04:00:27;Buy;0.02;AUDUSD;0.77560;;;2021.04.28 17:10:52;0.77619;;;1.18;
2021.04.28 05:00:08;Buy;0.02;AUDNZD;1.07507;;;2021.04.28 05:49:01;1.07599;;;1.32;
2021.04.27 12:00:20;Sell;0.02;AUDCAD;0.96479;;;2021.04.28 04:31:15;0.96060;;-0.07;6.75;
2021.04.27 14:00:24;Sell;0.02;AUDUSD;0.77806;;;2021.04.28 03:35:19;0.77548;;-0.04;5.16;
2021.04.26 11:00:34;Sell;0.02;AUDNZD;1.07828;;;2021.04.27 14:08:33;1.07747;;-0.04;1.17;
2021.04.27 09:00:13;Sell;0.02;AUDUSD;0.77990;;;2021.04.27 12:14:12;0.77691;;;5.98;
2021.04.26 11:00:35;Sell;0.02;AUDCAD;0.96913;;;2021.04.27 11:13:25;0.96501;;-0.07;6.64;
2021.04.22 19:00:11;Sell;0.02;AUDCAD;0.96475;;;2021.04.27 11:13:23;0.96501;;-0.21;-0.42;
2021.04.26 07:00:16;Sell;0.04;AUDUSD;0.77738;;;2021.04.27 05:10:39;0.77853;;-0.08;-4.60;
2021.04.23 22:00:06;Sell;0.02;AUDUSD;0.77562;;;2021.04.27 05:10:37;0.77853;;-0.08;-5.82;
2021.04.23 15:00:09;Sell;0.02;AUDUSD;0.77376;;;2021.04.27 05:10:34;0.77852;;-0.08;-9.52;
2021.04.26 18:00:31;Sell;0.10;AUDUSD;0.78085;;;2021.04.27 05:10:28;0.77853;;-0.20;23.20;
2021.04.26 13:00:29;Sell;0.06;AUDUSD;0.77920;;;2021.04.27 05:10:26;0.77853;;-0.12;4.02;
2021.04.22 00:00:35;Buy;0.04;AUDNZD;1.07566;;;2021.04.26 17:00:23;1.07979;;-0.25;11.92;
2021.04.20 20:00:09;Buy;0.02;AUDNZD;1.07741;;;2021.04.26 17:00:21;1.07978;;-0.37;3.42;
2021.04.22 19:00:22;Buy;0.02;NZDCAD;0.89528;;;2021.04.26 13:00:28;0.89984;;-0.10;7.33;
2021.04.22 20:00:28;Buy;0.04;AUDCAD;0.96423;;;2021.04.26 11:10:33;0.96976;;-0.24;17.75;
2021.04.21 22:00:18;Buy;0.02;AUDCAD;0.96880;;;2021.04.26 11:10:32;0.96976;;-0.30;1.54;
2021.04.22 20:00:29;Buy;0.04;AUDCAD;0.96423;;;2021.04.26 10:07:11;0.96924;;-0.24;16.08;
2021.04.21 19:00:30;Buy;0.02;AUDCAD;0.96823;;;2021.04.26 10:07:09;0.96926;;-0.30;1.65;
2021.04.20 05:00:17;Buy;0.02;AUDCAD;0.97395;;;2021.04.26 10:07:06;0.96927;;-0.36;-7.51;
2021.04.22 19:00:20;Buy;0.08;NZDCAD;0.89531;;;2021.04.26 06:24:32;0.89902;;-0.38;23.84;
2021.04.21 19:00:28;Buy;0.04;NZDCAD;0.90047;;;2021.04.26 06:24:30;0.89902;;-0.48;-4.66;
2021.04.22 22:00:49;Buy;0.02;AUDNZD;1.07685;;;2021.04.23 07:24:32;1.07770;;-0.06;1.22;
2021.04.22 22:00:09;Buy;0.02;AUDUSD;0.77071;;;2021.04.23 07:01:59;0.77326;;-0.05;5.10;
2021.04.22 19:00:18;Buy;0.02;AUDUSD;0.77247;;;2021.04.23 07:01:57;0.77326;;-0.05;1.58;
2021.04.21 19:00:41;Sell;0.02;AUDCAD;0.96796;;;2021.04.22 17:50:59;0.96541;;-0.22;4.07;
2021.04.21 19:00:16;Sell;0.02;AUDUSD;0.77548;;;2021.04.22 16:30:55;0.77243;;-0.12;6.10;
2021.04.22 12:00:15;Sell;0.02;AUDNZD;1.07860;;;2021.04.22 13:56:58;1.07767;;;1.34;
2021.04.22 07:00:08;Sell;0.02;AUDNZD;1.07742;;;2021.04.22 08:21:26;1.07663;;;1.14;
2021.04.21 05:00:14;Buy;0.02;AUDNZD;1.07589;;;2021.04.22 03:25:19;1.07665;;-0.19;1.10;
2021.04.20 06:01:02;Sell;0.02;NZDCAD;0.90097;;;2021.04.21 18:00:31;0.90016;;-0.04;1.29;
2021.04.20 21:00:38;Sell;0.04;NZDCAD;0.90480;;;2021.04.21 18:00:17;0.90001;;-0.07;15.35;
2021.04.20 16:00:22;Buy;0.02;AUDUSD;0.77713;;;2021.04.21 17:54:57;0.77478;;-0.05;-4.70;
2021.04.20 19:00:33;Buy;0.02;AUDUSD;0.77410;;;2021.04.21 17:54:12;0.77488;;-0.05;1.56;
2021.04.21 04:00:14;Buy;0.04;AUDUSD;0.77250;;;2021.04.21 17:54:04;0.77492;;;9.68;
2021.04.19 20:00:13;Sell;0.04;NZDCAD;0.89928;;;2021.04.21 17:10:53;0.90048;;-0.14;-3.83;
2021.04.20 20:00:08;Sell;0.08;NZDCAD;0.90372;;;2021.04.21 17:10:44;0.90059;;-0.14;20.00;
2021.04.21 11:00:06;Sell;0.02;AUDCAD;0.97142;;;2021.04.21 17:06:39;0.96872;;;4.30;
2021.04.19 20:00:16;Sell;0.04;GBPCAD;1.75292;;;2021.04.21 17:04:55;1.74582;;-0.14;22.63;
2021.04.16 23:00:07;Sell;0.02;GBPCAD;1.73076;;;2021.04.21 17:04:51;1.74607;;-0.09;-24.39;
2021.04.20 11:00:39;Sell;0.04;AUDCAD;0.97524;;;2021.04.21 10:42:12;0.97044;;-0.14;15.24;
2021.04.19 13:00:48;Sell;0.02;AUDCAD;0.97086;;;2021.04.21 10:42:10;0.97051;;-0.14;0.56;
2021.04.16 19:00:22;Sell;0.02;AUDCAD;0.96647;;;2021.04.21 10:42:08;0.97054;;-0.21;-6.46;
2021.04.21 02:00:13;Sell;0.02;AUDNZD;1.07751;;;2021.04.21 04:12:42;1.07668;;;1.19;
2021.04.20 18:00:46;Buy;0.02;AUDNZD;1.07633;;;2021.04.20 18:21:20;1.07703;;;1.01;
2021.04.20 13:00:11;Buy;0.02;AUDNZD;1.07937;;;2021.04.20 14:38:28;1.08017;;;1.15;
2021.04.19 12:00:13;Sell;0.02;AUDUSD;0.77785;;;2021.04.20 13:44:24;0.77682;;-0.04;2.06;
2021.04.20 06:00:59;Sell;0.02;AUDUSD;0.77931;;;2021.04.20 13:44:12;0.77686;;;4.90;
2021.04.20 01:00:20;Buy;0.02;AUDNZD;1.08085;;;2021.04.20 05:05:47;1.08185;;;1.44;
2021.04.19 13:00:26;Buy;0.02;AUDCAD;0.97113;;;2021.04.20 04:57:04;0.97385;;-0.06;4.35;
2021.04.16 13:00:32;Sell;0.02;AUDNZD;1.08202;;;2021.04.19 13:47:13;1.08110;;-0.04;1.33;
2021.04.16 19:00:20;Buy;0.02;AUDCAD;0.96673;;;2021.04.19 12:24:10;0.97103;;-0.06;6.90;
2021.04.15 19:00:12;Buy;0.02;AUDCAD;0.97141;;;2021.04.19 12:24:06;0.97102;;-0.12;-0.63;
2021.04.16 19:00:09;Buy;0.02;NZDCAD;0.89197;;;2021.04.19 12:00:10;0.89737;;-0.05;8.66;
2021.04.19 01:00:13;Buy;0.04;NZDCAD;0.89280;;;2021.04.19 11:25:52;0.89653;;;11.96;
2021.04.19 03:01:02;Buy;0.02;AUDUSD;0.77144;;;2021.04.19 10:01:24;0.77443;;;5.98;
2021.04.14 20:00:56;Sell;0.16;AUDUSD;0.77334;;;2021.04.19 03:00:15;0.77148;;-1.58;29.76;
2021.04.14 12:00:10;Sell;0.10;AUDUSD;0.76890;;;2021.04.19 03:00:13;0.77147;;-0.99;-25.70;
2021.04.14 08:00:24;Sell;0.06;AUDUSD;0.76633;;;2021.04.19 03:00:11;0.77147;;-0.60;-30.84;
2021.04.13 23:00:12;Sell;0.04;AUDUSD;0.76477;;;2021.04.19 03:00:09;0.77146;;-0.48;-26.76;
2021.04.13 19:00:20;Sell;0.02;AUDUSD;0.76291;;;2021.04.19 03:00:07;0.77147;;-0.24;-17.12;
2021.04.13 16:00:30;Sell;0.02;AUDUSD;0.76120;;;2021.04.19 03:00:05;0.77140;;-0.24;-20.40;
2021.04.15 11:00:24;Sell;0.26;AUDUSD;0.77512;;;2021.04.19 03:00:02;0.77140;;-1.03;96.72;
2021.04.14 12:00:16;Sell;0.02;AUDCAD;0.96419;;;2021.04.19 00:33:02;0.96724;;-0.35;-4.87;
2021.04.15 20:00:45;Sell;0.08;AUDCAD;0.97165;;;2021.04.19 00:32:20;0.96720;;-0.58;28.45;
2021.04.14 18:00:16;Sell;0.04;AUDCAD;0.96780;;;2021.04.19 00:32:19;0.96720;;-0.71;1.91;
2021.04.14 06:00:15;Sell;0.02;AUDCAD;0.96043;;;2021.04.16 18:33:41;0.96629;;-0.28;-9.37;
2021.04.09 20:00:14;Sell;0.02;AUDCAD;0.95553;;;2021.04.16 18:33:37;0.96629;;-0.49;-17.22;
2021.04.15 22:00:13;Sell;0.10;AUDCAD;0.97207;;;2021.04.16 18:33:35;0.96629;;-0.36;46.25;
2021.04.15 12:00:09;Sell;0.06;AUDCAD;0.96811;;;2021.04.16 18:33:33;0.96629;;-0.22;8.74;
2021.04.14 12:00:21;Sell;0.04;AUDCAD;0.96419;;;2021.04.16 18:33:30;0.96629;;-0.57;-6.72;
2021.04.14 12:00:13;Sell;0.08;NZDCAD;0.89200;;;2021.04.16 17:58:13;0.89258;;-0.58;-3.71;
2021.04.15 17:00:20;Sell;0.16;NZDCAD;0.89684;;;2021.04.16 17:58:12;0.89258;;-0.29;54.54;
2021.04.14 04:00:30;Sell;0.04;NZDCAD;0.88552;;;2021.04.16 17:57:59;0.89233;;-0.29;-21.80;
2021.04.14 15:00:55;Sell;0.08;NZDCAD;0.89266;;;2021.04.16 10:01:19;0.89589;;-0.58;-20.64;
2021.04.14 09:00:20;Sell;0.04;NZDCAD;0.88915;;;2021.04.16 10:01:00;0.89590;;-0.29;-21.55;
2021.04.13 12:00:24;Sell;0.02;NZDCAD;0.88522;;;2021.04.16 10:00:56;0.89594;;-0.19;-17.12;
2021.04.16 02:01:14;Sell;0.32;NZDCAD;0.90028;;;2021.04.16 10:00:27;0.89592;;;111.41;
2021.04.15 17:00:18;Sell;0.16;NZDCAD;0.89678;;;2021.04.16 10:00:26;0.89591;;-0.29;11.11;
2021.04.15 12:00:07;Sell;0.02;AUDNZD;1.08089;;;2021.04.16 03:38:30;1.08010;;-0.04;1.13;
2021.04.15 12:00:11;Buy;0.02;GBPCAD;1.72061;;;2021.04.15 17:48:16;1.72726;;;10.61;
2021.04.14 18:00:27;Buy;0.02;AUDCAD;0.96807;;;2021.04.15 17:31:19;0.97062;;-0.18;4.07;
2021.04.15 06:00:20;Buy;0.02;AUDNZD;1.07986;;;2021.04.15 10:33:33;1.08057;;;1.02;
2021.04.14 20:01:00;Sell;0.02;AUDNZD;1.08213;;;2021.04.15 05:13:16;1.08126;;-0.13;1.24;
2021.04.14 12:00:18;Buy;0.02;AUDCAD;0.96447;;;2021.04.14 17:29:50;0.96712;;;4.22;
2021.04.14 16:00:18;Buy;0.02;AUDNZD;1.08047;;;2021.04.14 17:11:45;1.08114;;;0.95;
2021.04.14 09:00:22;Buy;0.02;AUDCAD;0.96189;;;2021.04.14 11:25:22;0.96443;;;4.04;
2021.04.14 07:00:13;Buy;0.02;AUDNZD;1.08112;;;2021.04.14 09:50:18;1.08195;;;1.18;
2021.04.13 16:00:27;Buy;0.02;AUDCAD;0.95868;;;2021.04.14 08:56:11;0.96134;;-0.06;4.24;
2021.04.09 21:00:34;Buy;0.02;AUDCAD;0.95604;;;2021.04.14 07:44:00;0.96097;;-0.18;7.87;
2021.04.14 04:00:33;Buy;0.02;AUDNZD;1.08227;;;2021.04.14 04:57:25;1.08306;;;1.11;
2021.04.13 18:00:04;Sell;0.02;AUDNZD;1.08456;;;2021.04.13 20:07:18;1.08370;;;1.21;
2021.04.13 15:00:09;Sell;0.04;NZDCAD;0.88601;;;2021.04.13 18:20:33;0.88234;;;11.69;
2021.04.13 12:00:27;Sell;0.02;AUDUSD;0.76162;;;2021.04.13 15:31:58;0.75977;;;3.70;
2021.04.09 09:01:03;Buy;0.02;AUDCAD;0.95890;;;2021.04.13 14:17:45;0.95944;;-0.12;0.85;
2021.04.06 21:00:25;Buy;0.02;AUDCAD;0.96277;;;2021.04.13 14:17:43;0.95949;;-0.42;-5.19;
2021.04.12 01:00:18;Buy;0.04;AUDCAD;0.95509;;;2021.04.13 14:17:00;0.95947;;-0.12;13.89;
2021.04.12 12:00:14;Sell;0.02;AUDNZD;1.08324;;;2021.04.13 12:16:37;1.08231;;-0.04;1.31;
2021.04.08 20:00:51;Buy;0.04;GBPCAD;1.72741;;;2021.04.13 09:13:33;1.72913;;-0.51;5.47;
2021.04.07 20:00:24;Buy;0.02;GBPCAD;1.73302;;;2021.04.13 09:13:30;1.72917;;-0.53;-6.12;
2021.04.09 20:00:16;Buy;0.06;GBPCAD;1.72068;;;2021.04.13 09:13:19;1.72910;;-0.52;40.16;
2021.04.12 14:00:05;Sell;0.02;AUDUSD;0.76283;;;2021.04.13 07:51:19;0.75984;;-0.04;5.98;
2021.04.12 05:00:14;Buy;0.02;AUDUSD;0.76029;;;2021.04.12 12:38:40;0.76324;;;5.90;
2021.04.12 07:00:22;Buy;0.02;AUDNZD;1.08182;;;2021.04.12 10:14:06;1.08264;;;1.16;
2021.04.09 15:00:44;Sell;0.02;AUDUSD;0.76330;;;2021.04.12 04:34:24;0.76035;;-0.04;5.90;
2021.04.09 12:02:02;Buy;0.02;AUDNZD;1.08308;;;2021.04.12 00:37:30;1.08368;;-0.06;0.85;
2021.04.06 21:00:17;Sell;0.02;NZDCAD;0.88522;;;2021.04.12 00:00:35;0.88281;;-0.23;3.84;
2021.04.06 21:00:19;Sell;0.04;NZDCAD;0.88522;;;2021.04.09 23:54:51;0.88182;;-0.35;10.85;
2021.04.05 06:00:32;Sell;0.04;AUDCAD;0.95798;;;2021.04.09 15:35:14;0.95698;;-0.84;3.18;
2021.04.01 16:00:17;Sell;0.02;AUDCAD;0.95400;;;2021.04.09 15:35:12;0.95702;;-0.56;-4.81;
2021.04.01 08:00:17;Sell;0.02;AUDCAD;0.94987;;;2021.04.09 15:34:52;0.95703;;-0.56;-11.41;
2021.04.06 21:00:29;Sell;0.06;AUDCAD;0.96251;;;2021.04.09 15:34:20;0.95680;;-1.06;27.31;
2021.04.09 09:00:29;Buy;0.02;AUDUSD;0.76135;;;2021.04.09 12:16:20;0.76177;;;0.84;
2021.04.09 10:00:20;Buy;0.02;AUDUSD;0.75955;;;2021.04.09 12:15:07;0.76188;;;4.66;
2021.04.08 20:00:48;Sell;0.02;AUDUSD;0.76522;;;2021.04.09 08:12:25;0.76277;;-0.04;4.90;
2021.04.08 09:00:41;Sell;0.02;AUDUSD;0.76356;;;2021.04.09 08:12:23;0.76273;;-0.04;1.66;
2021.04.08 16:00:18;Buy;0.02;AUDNZD;1.08407;;;2021.04.08 19:23:56;1.08482;;;1.06;
2021.04.07 22:00:26;Buy;0.02;AUDUSD;0.76052;;;2021.04.08 08:02:38;0.76313;;-0.14;5.22;
2021.04.07 13:00:11;Buy;0.02;AUDUSD;0.76238;;;2021.04.08 08:02:36;0.76313;;-0.14;1.50;
2021.04.08 02:00:44;Sell;0.02;AUDNZD;1.08578;;;2021.04.08 04:30:10;1.08505;;;1.02;
2021.04.06 21:00:23;Sell;0.04;AUDCAD;0.96250;;;2021.04.08 00:03:18;0.96026;;-0.56;7.10;
2021.04.05 20:00:53;Sell;0.02;AUDCAD;0.95930;;;2021.04.08 00:03:16;0.96026;;-0.35;-1.53;
2021.04.06 19:00:17;Sell;0.02;AUDUSD;0.76598;;;2021.04.07 11:14:17;0.76294;;-0.04;6.08;
2021.04.06 12:00:37;Sell;0.02;AUDNZD;1.08528;;;2021.04.07 07:19:40;1.08442;;-0.04;1.22;
2021.04.05 20:00:50;Buy;0.02;AUDCAD;0.95959;;;2021.04.06 20:55:06;0.96232;;-0.06;4.35;
2021.04.06 13:00:11;Buy;0.02;AUDUSD;0.76127;;;2021.04.06 16:44:50;0.76430;;;6.06;
2021.04.05 13:01:04;Sell;0.04;NZDCAD;0.88429;;;2021.04.06 12:30:44;0.88062;;-0.07;11.70;
2021.04.02 15:00:12;Buy;0.04;AUDNZD;1.08265;;;2021.04.06 10:16:52;1.08510;;-0.24;6.88;
2021.04.01 08:00:21;Buy;0.02;AUDNZD;1.08515;;;2021.04.06 10:16:49;1.08509;;-0.18;-0.09;
2021.04.01 02:00:05;Buy;0.02;AUDNZD;1.08782;;;2021.04.06 10:16:47;1.08511;;-0.18;-3.81;
2021.04.05 16:00:14;Sell;0.02;AUDUSD;0.76372;;;2021.04.06 10:05:28;0.76266;;-0.04;2.12;
2021.04.05 20:00:49;Sell;0.02;AUDUSD;0.76544;;;2021.04.06 10:05:08;0.76293;;-0.04;5.02;
2021.04.01 18:00:41;Buy;0.02;AUDCAD;0.95611;;;2021.04.05 19:17:22;0.95836;;-0.12;3.59;
2021.04.02 18:00:06;Buy;0.02;AUDUSD;0.76034;;;2021.04.05 15:36:12;0.76335;;-0.05;6.02;
2021.04.02 06:00:08;Sell;0.04;AUDUSD;0.76334;;;2021.04.02 12:14:23;0.76106;;;9.12;
2021.04.01 21:00:31;Sell;0.02;AUDUSD;0.76147;;;2021.04.02 12:14:21;0.76106;;-0.04;0.82;
2021.04.01 17:00:09;Sell;0.02;AUDUSD;0.75951;;;2021.04.02 12:14:20;0.76106;;-0.04;-3.10;
2021.03.31 19:00:19;Buy;0.04;NZDCAD;0.87865;;;2021.04.02 10:45:46;0.88241;;-0.37;11.99;
2021.04.01 01:00:10;Buy;0.04;NZDCAD;0.87735;;;2021.04.01 18:00:39;0.88157;;;13.42;
2021.03.31 08:00:08;Buy;0.02;NZDCAD;0.88073;;;2021.04.01 18:00:37;0.88157;;-0.14;1.34;
2021.04.01 08:00:19;Buy;0.04;AUDCAD;0.95018;;;2021.04.01 16:42:30;0.95542;;;16.67;
2021.04.01 01:00:12;Buy;0.02;AUDCAD;0.95429;;;2021.04.01 16:42:21;0.95549;;;1.91;
2021.03.31 17:00:19;Buy;0.02;AUDCAD;0.95795;;;2021.04.01 16:42:03;0.95551;;-0.18;-3.88;
2021.04.01 08:00:27;Buy;0.06;AUDCAD;0.95016;;;2021.04.01 16:42:01;0.95554;;;25.68;
2021.04.01 01:00:13;Buy;0.04;AUDCAD;0.95429;;;2021.04.01 16:41:59;0.95550;;;3.85;
2021.03.29 05:00:11;Buy;0.02;AUDCAD;0.96192;;;2021.04.01 16:41:45;0.95548;;-0.30;-10.25;
2021.04.01 12:00:09;Buy;0.02;AUDUSD;0.75595;;;2021.04.01 16:01:58;0.75881;;;5.72;
2021.04.01 06:00:10;Buy;0.04;AUDUSD;0.75704;;;2021.04.01 11:00:44;0.75692;;;-0.48;
2021.04.01 09:00:14;Buy;0.06;AUDUSD;0.75355;;;2021.04.01 11:00:25;0.75705;;;21.00;
2021.04.01 01:00:15;Buy;0.02;AUDUSD;0.75954;;;2021.04.01 11:00:15;0.75705;;;-4.98;
2021.03.31 21:00:18;Buy;0.02;AUDUSD;0.76107;;;2021.04.01 11:00:11;0.75707;;-0.14;-8.00;
2021.03.23 02:00:31;Sell;0.04;AUDNZD;1.08394;;;2021.04.01 08:00:25;1.08519;;-0.90;-3.48;
2021.03.12 13:00:09;Sell;0.02;AUDNZD;1.08035;;;2021.04.01 08:00:23;1.08517;;-0.83;-6.71;
2021.03.23 16:00:26;Sell;0.16;AUDNZD;1.09174;;;2021.04.01 08:00:15;1.08516;;-3.72;73.20;
2021.03.23 12:00:18;Sell;0.08;AUDNZD;1.08776;;;2021.04.01 08:00:13;1.08516;;-1.86;14.46;
2021.03.31 23:00:11;Sell;0.02;AUDCAD;0.95439;;;2021.04.01 07:49:09;0.95136;;-0.21;4.81;
2021.03.31 17:00:15;Sell;0.02;AUDCAD;0.95776;;;2021.03.31 21:58:08;0.95539;;;3.77;
2021.03.31 19:00:21;Sell;0.02;AUDNZD;1.08913;;;2021.03.31 20:16:33;1.08832;;;1.13;
2021.03.31 16:00:13;Buy;0.02;AUDNZD;1.08731;;;2021.03.31 18:05:37;1.08817;;;1.21;
2021.03.30 14:00:13;Buy;0.02;AUDUSD;0.76170;;;2021.03.31 17:02:57;0.76253;;-0.05;1.66;
2021.03.30 18:00:15;Buy;0.02;AUDUSD;0.75992;;;2021.03.31 17:02:41;0.76251;;-0.05;5.18;
2021.03.29 06:00:17;Sell;0.04;AUDCAD;0.96261;;;2021.03.31 16:02:56;0.95815;;-0.28;14.16;
2021.03.26 09:00:19;Sell;0.02;AUDCAD;0.95869;;;2021.03.31 16:02:53;0.95811;;-0.21;0.92;
2021.03.24 23:00:32;Sell;0.02;AUDCAD;0.95417;;;2021.03.31 16:02:51;0.95815;;-0.49;-6.32;
2021.03.31 04:00:13;Sell;0.02;AUDNZD;1.08890;;;2021.03.31 14:50:14;1.08797;;;1.30;
2021.03.29 05:00:09;Sell;0.02;AUDCAD;0.96162;;;2021.03.31 00:04:28;0.95932;;-0.14;3.64;
2021.03.23 03:00:12;Sell;0.02;AUDNZD;1.08599;;;2021.03.30 22:34:50;1.08705;;-0.29;-1.49;
2021.03.23 01:00:35;Sell;0.02;AUDNZD;1.08189;;;2021.03.30 22:34:48;1.08705;;-0.29;-7.22;
2021.03.23 19:29:18;Sell;0.04;AUDNZD;1.09174;;;2021.03.30 22:34:45;1.08707;;-0.57;13.05;
2021.03.29 15:00:11;Sell;0.02;AUDUSD;0.76520;;;2021.03.30 13:50:30;0.76221;;-0.04;5.98;
2021.03.23 13:00:12;Buy;0.16;NZDCAD;0.88651;;;2021.03.30 06:00:21;0.88415;;-2.59;-29.99;
2021.03.23 04:00:29;Buy;0.08;NZDCAD;0.89095;;;2021.03.30 06:00:19;0.88414;;-1.30;-43.27;
2021.03.12 20:00:12;Buy;0.04;NZDCAD;0.89554;;;2021.03.30 06:00:17;0.88415;;-1.52;-36.20;
2021.03.12 09:00:22;Buy;0.02;NZDCAD;0.90388;;;2021.03.30 06:00:14;0.88415;;-0.78;-31.35;
2021.03.24 06:00:09;Buy;0.64;NZDCAD;0.87886;;;2021.03.30 06:00:12;0.88415;;-8.86;268.93;
2021.03.23 19:00:14;Buy;0.32;NZDCAD;0.88252;;;2021.03.30 06:00:09;0.88418;;-5.18;42.19;
2021.03.23 18:00:26;Buy;0.16;NZDCAD;0.88339;;;2021.03.29 18:33:27;0.88353;;-2.22;1.77;
2021.03.23 07:00:08;Buy;0.08;NZDCAD;0.88957;;;2021.03.29 18:33:23;0.88348;;-1.11;-38.65;
2021.03.23 02:00:33;Buy;0.04;NZDCAD;0.89397;;;2021.03.29 18:33:20;0.88351;;-0.55;-33.19;
2021.03.24 09:00:22;Buy;0.32;NZDCAD;0.87912;;;2021.03.29 18:33:14;0.88351;;-3.70;111.42;
2021.03.29 09:00:14;Buy;0.02;AUDUSD;0.76226;;;2021.03.29 13:22:39;0.76537;;;6.22;
2021.03.29 06:00:12;Sell;0.02;AUDUSD;0.76419;;;2021.03.29 08:40:14;0.76169;;;5.00;
2021.03.26 09:00:17;Sell;0.02;AUDUSD;0.76244;;;2021.03.29 08:40:12;0.76172;;-0.04;1.44;
2021.03.24 23:00:18;Buy;0.06;AUDCAD;0.95452;;;2021.03.29 04:49:14;0.96129;;-0.89;32.23;
2021.03.23 23:00:27;Buy;0.04;AUDCAD;0.96001;;;2021.03.29 04:49:12;0.96128;;-0.71;4.03;
2021.03.23 08:00:12;Buy;0.02;AUDCAD;0.96615;;;2021.03.29 04:49:09;0.96125;;-0.36;-7.78;
2021.03.22 18:00:31;Buy;0.02;AUDCAD;0.97026;;;2021.03.29 04:49:08;0.96125;;-0.42;-14.30;
2021.03.26 21:00:25;Sell;0.02;GBPCAD;1.73767;;;2021.03.29 00:01:03;1.73456;;-0.03;4.94;
2021.03.23 09:00:21;Buy;0.02;AUDUSD;0.76875;;;2021.03.26 08:10:39;0.76171;;-0.24;-14.08;
2021.03.23 06:00:12;Buy;0.02;AUDUSD;0.77114;;;2021.03.26 08:10:38;0.76172;;-0.24;-18.84;
2021.03.24 03:00:12;Buy;0.16;AUDUSD;0.76083;;;2021.03.26 08:10:35;0.76172;;-1.48;14.24;
2021.03.23 23:00:14;Buy;0.10;AUDUSD;0.76280;;;2021.03.26 08:10:34;0.76171;;-1.15;-10.90;
2021.03.23 21:00:16;Buy;0.06;AUDUSD;0.76538;;;2021.03.26 08:10:31;0.76170;;-0.69;-22.08;
2021.03.23 14:00:13;Buy;0.04;AUDUSD;0.76702;;;2021.03.26 08:10:28;0.76172;;-0.46;-21.20;
2021.03.24 23:00:08;Buy;0.26;AUDUSD;0.75885;;;2021.03.26 08:10:22;0.76175;;-2.40;75.40;
2021.03.24 08:00:22;Buy;0.02;GBPCAD;1.72746;;;2021.03.25 17:41:51;1.73033;;-0.26;4.55;
2021.03.25 00:01:02;Buy;0.04;GBPCAD;1.72320;;;2021.03.25 17:41:00;1.73078;;;24.05;
2021.03.24 07:00:35;Sell;0.02;AUDCAD;0.95721;;;2021.03.24 21:44:47;0.95487;;;3.72;
2021.03.23 23:00:32;Sell;0.02;AUDCAD;0.95968;;;2021.03.24 05:25:52;0.95747;;-0.07;3.51;
2021.03.23 20:00:20;Sell;0.02;AUDCAD;0.96247;;;2021.03.23 22:53:32;0.96004;;;3.86;
2021.03.18 03:00:18;Sell;0.02;AUDCAD;0.96769;;;2021.03.23 19:30:48;0.96296;;-0.21;7.54;
2021.03.17 15:00:28;Sell;0.02;AUDCAD;0.96170;;;2021.03.23 19:30:46;0.96295;;-0.43;-1.99;
2021.03.22 15:00:09;Sell;0.02;AUDUSD;0.77464;;;2021.03.23 05:27:35;0.77175;;-0.04;5.78;
2021.03.19 21:00:24;Buy;0.02;AUDNZD;1.08051;;;2021.03.22 23:18:59;1.08118;;-0.06;0.96;
2021.03.22 06:00:23;Buy;0.02;AUDCAD;0.96599;;;2021.03.22 18:35:38;0.97086;;;7.77;
2021.03.22 00:00:35;Buy;0.02;AUDCAD;0.96600;;;2021.03.22 17:28:37;0.96999;;;6.37;
2021.03.18 07:00:19;Buy;0.02;AUDCAD;0.97059;;;2021.03.22 17:28:27;0.97013;;-0.12;-0.73;
2021.03.18 19:00:25;Buy;0.04;NZDCAD;0.89446;;;2021.03.22 17:25:20;0.89836;;-0.20;12.46;
2021.03.22 00:00:20;Buy;0.02;AUDUSD;0.77117;;;2021.03.22 14:04:40;0.77370;;;5.06;
2021.03.19 12:00:13;Sell;0.02;AUDUSD;0.77688;;;2021.03.19 16:01:45;0.77423;;;5.30;
2021.03.19 13:00:18;Sell;0.02;AUDNZD;1.08225;;;2021.03.19 15:29:28;1.08143;;;1.17;
2021.03.19 05:00:14;Buy;0.02;AUDNZD;1.08075;;;2021.03.19 11:58:56;1.08154;;;1.13;
2021.03.19 06:00:07;Buy;0.04;AUDUSD;0.77323;;;2021.03.19 10:18:59;0.77623;;;12.00;
2021.03.18 21:00:21;Buy;0.02;AUDUSD;0.77928;;;2021.03.19 10:18:55;0.77619;;-0.05;-6.18;
2021.03.19 01:00:09;Buy;0.02;AUDUSD;0.77604;;;2021.03.19 10:18:48;0.77628;;;0.48;
2021.03.18 20:00:33;Sell;0.02;AUDNZD;1.08372;;;2021.03.19 04:16:20;1.08108;;-0.04;3.78;
2021.03.18 04:01:30;Sell;0.02;AUDNZD;1.07989;;;2021.03.19 04:15:58;1.08102;;-0.04;-1.62;
2021.03.12 18:27:30;Buy;0.02;GBPCAD;1.73581;;;2021.03.18 20:38:26;1.73918;;-0.53;5.41;
2021.03.16 06:00:05;Buy;0.04;GBPCAD;1.73140;;;2021.03.18 20:38:23;1.73921;;-0.69;25.04;
2021.03.18 03:00:25;Sell;0.02;AUDUSD;0.78114;;;2021.03.18 15:22:16;0.77871;;;4.86;
2021.03.18 00:00:19;Sell;0.02;AUDUSD;0.77963;;;2021.03.18 15:22:12;0.77874;;;1.78;
2021.03.11 10:00:40;Buy;0.02;AUDCAD;0.97968;;;2021.03.18 06:08:21;0.97017;;-0.42;-15.35;
2021.03.12 09:00:40;Buy;0.02;AUDCAD;0.97502;;;2021.03.18 06:07:49;0.97014;;-0.36;-7.88;
2021.03.15 16:00:27;Buy;0.06;AUDCAD;0.96452;;;2021.03.18 06:07:41;0.97016;;-0.91;27.32;
2021.03.12 18:00:59;Buy;0.04;AUDCAD;0.96884;;;2021.03.18 06:07:38;0.97016;;-0.73;4.26;
2021.03.11 18:00:13;Buy;0.04;NZDCAD;0.90589;;;2021.03.17 22:32:41;0.90096;;-0.40;-15.90;
2021.03.16 18:00:21;Sell;0.02;AUDNZD;1.07666;;;2021.03.17 22:32:32;1.07536;;-0.04;1.88;
2021.03.12 20:00:28;Buy;0.08;NZDCAD;0.89546;;;2021.03.17 22:32:28;0.90096;;-0.57;35.45;
2021.03.15 10:00:46;Buy;0.02;AUDCAD;0.96523;;;2021.03.17 21:44:52;0.96771;;-0.12;3.99;
2021.03.17 15:00:16;Buy;0.04;AUDCAD;0.96206;;;2021.03.17 21:43:15;0.96707;;;16.14;
2021.03.17 15:00:13;Buy;0.02;AUDUSD;0.77137;;;2021.03.17 21:03:09;0.77528;;;7.82;
2021.03.17 04:00:21;Buy;0.02;AUDUSD;0.77348;;;2021.03.17 21:03:05;0.77537;;;3.78;
2021.03.15 10:00:43;Sell;0.02;AUDCAD;0.96488;;;2021.03.17 14:45:21;0.96236;;-0.14;4.04;
2021.03.16 11:00:13;Buy;0.02;AUDUSD;0.77249;;;2021.03.16 16:18:57;0.77549;;;6.00;
2021.03.16 11:00:52;Buy;0.02;AUDNZD;1.07546;;;2021.03.16 12:31:45;1.07635;;;1.28;
2021.03.16 07:00:12;Sell;0.02;AUDNZD;1.07711;;;2021.03.16 10:14:33;1.07622;;;1.29;
2021.03.16 02:00:10;Buy;0.02;AUDNZD;1.07555;;;2021.03.16 04:58:43;1.07636;;;1.17;
2021.03.15 05:00:17;Buy;0.02;AUDNZD;1.07655;;;2021.03.15 23:06:55;1.07731;;;1.09;
2021.03.12 11:00:12;Buy;0.02;AUDUSD;0.77474;;;2021.03.15 22:55:38;0.77556;;-0.05;1.64;
2021.03.15 17:00:22;Buy;0.02;AUDUSD;0.77325;;;2021.03.15 22:55:22;0.77553;;;4.56;
2021.03.12 18:02:29;Sell;0.02;AUDCAD;0.96883;;;2021.03.15 08:46:17;0.96574;;-0.07;4.95;
2021.03.12 04:00:29;Sell;0.04;AUDNZD;1.07812;;;2021.03.15 04:25:14;1.07756;;-0.09;1.62;
2021.03.09 08:00:39;Sell;0.02;AUDNZD;1.07550;;;2021.03.15 04:25:12;1.07754;;-0.25;-2.94;
2021.03.09 02:00:26;Sell;0.02;AUDNZD;1.07339;;;2021.03.15 04:25:10;1.07754;;-0.25;-5.98;
2021.03.12 21:00:10;Sell;0.06;AUDNZD;1.08096;;;2021.03.15 04:24:49;1.07756;;-0.13;14.72;
2021.03.09 04:00:32;Sell;0.02;AUDCAD;0.96691;;;2021.03.12 16:05:15;0.97026;;-0.35;-5.35;
2021.03.09 15:00:19;Sell;0.02;AUDCAD;0.97079;;;2021.03.12 16:04:36;0.96997;;-0.35;1.30;
2021.03.09 21:00:16;Sell;0.04;AUDCAD;0.97466;;;2021.03.12 16:04:30;0.97002;;-0.71;14.81;
2021.03.11 10:00:38;Sell;0.04;AUDCAD;0.97931;;;2021.03.12 09:20:06;0.97414;;-0.14;16.46;
2021.03.10 19:00:48;Sell;0.02;AUDCAD;0.97583;;;2021.03.12 09:20:04;0.97414;;-0.28;2.69;
2021.03.11 22:00:10;Sell;0.02;AUDUSD;0.77865;;;2021.03.12 09:14:11;0.77573;;-0.04;5.84;
2021.03.09 19:00:07;Sell;0.02;GBPCAD;1.75648;;;2021.03.12 00:13:13;1.75404;;-0.16;3.89;
2021.03.11 12:00:07;Sell;0.02;AUDUSD;0.77758;;;2021.03.11 17:21:25;0.77418;;;6.80;
2021.03.11 00:00:16;Sell;0.02;AUDUSD;0.77323;;;2021.03.11 17:21:22;0.77410;;;-1.74;
2021.03.11 02:00:07;Buy;0.02;AUDCAD;0.97599;;;2021.03.11 08:42:10;0.97834;;;3.73;
2021.03.08 11:00:44;Buy;0.16;NZDCAD;0.90370;;;2021.03.11 08:37:18;0.90918;;-1.91;69.54;
2021.03.05 02:00:16;Buy;0.08;NZDCAD;0.91022;;;2021.03.11 08:37:16;0.90920;;-1.15;-6.47;
2021.03.01 12:00:10;Buy;0.04;NZDCAD;0.91921;;;2021.03.11 08:37:10;0.90920;;-1.17;-31.76;
2021.03.09 21:00:27;Buy;0.02;AUDCAD;0.97510;;;2021.03.10 20:12:29;0.97752;;-0.06;3.83;
2021.03.05 05:00:32;Buy;0.04;AUDCAD;0.97605;;;2021.03.10 17:04:16;0.97715;;-0.36;3.48;
2021.03.04 20:00:40;Buy;0.02;AUDCAD;0.97944;;;2021.03.10 17:04:14;0.97715;;-0.24;-3.62;
2021.03.08 18:00:18;Buy;0.08;AUDCAD;0.97140;;;2021.03.10 17:03:57;0.97701;;-0.48;35.49;
2021.03.10 04:00:09;Buy;0.02;AUDUSD;0.76917;;;2021.03.10 15:32:29;0.77237;;;6.40;
2021.03.09 22:00:05;Sell;0.02;AUDUSD;0.77165;;;2021.03.10 03:39:14;0.76929;;-0.04;4.72;
2021.03.09 11:00:17;Sell;0.02;AUDUSD;0.76985;;;2021.03.10 03:39:12;0.76929;;-0.04;1.12;
2021.03.05 02:00:14;Buy;0.04;NZDCAD;0.91020;;;2021.03.10 02:00:15;0.90766;;-0.29;-8.04;
2021.03.01 12:00:07;Buy;0.02;NZDCAD;0.91923;;;2021.03.10 02:00:13;0.90766;;-0.45;-18.30;
2021.03.08 12:00:12;Buy;0.16;NZDCAD;0.90240;;;2021.03.10 02:00:10;0.90766;;-0.76;66.55;
2021.03.05 18:01:15;Buy;0.08;NZDCAD;0.90579;;;2021.03.10 02:00:08;0.90766;;-0.57;11.83;
2021.03.09 04:00:35;Buy;0.16;AUDCAD;0.96728;;;2021.03.09 20:16:05;0.97511;;;99.07;
2021.03.05 20:00:48;Buy;0.10;AUDCAD;0.97206;;;2021.03.09 20:16:04;0.97509;;-0.60;23.96;
2021.03.05 04:00:33;Buy;0.06;AUDCAD;0.97700;;;2021.03.09 20:16:01;0.97509;;-0.36;-9.06;
2021.02.26 14:30:10;Buy;0.04;AUDCAD;0.98191;;;2021.03.09 20:15:58;0.97510;;-1.08;-21.54;
2021.02.26 00:00:31;Buy;0.02;AUDCAD;0.99297;;;2021.03.09 20:15:56;0.97510;;-0.54;-28.26;
2021.02.22 16:02:30;Buy;0.02;AUDCAD;0.99735;;;2021.03.09 20:15:55;0.97510;;-0.91;-35.19;
2021.03.08 00:13:14;Buy;0.02;GBPCAD;1.75123;;;2021.03.09 18:22:37;1.75843;;-0.09;11.38;
2021.03.08 21:00:29;Buy;0.02;AUDUSD;0.76589;;;2021.03.09 10:28:03;0.76881;;-0.05;5.84;
2021.03.08 12:00:41;Sell;0.02;AUDCAD;0.96986;;;2021.03.09 03:34:30;0.96711;;-0.07;4.34;
2021.03.08 22:00:16;Buy;0.02;AUDNZD;1.07330;;;2021.03.09 00:51:09;1.07320;;-0.06;-0.14;
2021.03.08 06:00:17;Sell;0.02;AUDNZD;1.07454;;;2021.03.08 18:36:30;1.07366;;;1.26;
2021.03.08 12:00:14;Buy;0.02;AUDUSD;0.76468;;;2021.03.08 16:15:55;0.76721;;;5.06;
2021.03.08 10:00:29;Buy;0.02;AUDUSD;0.76783;;;2021.03.08 16:15:42;0.76744;;;-0.78;
2021.03.08 00:02:24;Sell;0.02;AUDCAD;0.97289;;;2021.03.08 11:28:19;0.97036;;;3.99;
2021.03.08 02:00:07;Sell;0.02;AUDUSD;0.77073;;;2021.03.08 09:22:51;0.76785;;;5.76;
2021.03.05 21:00:22;Sell;0.02;AUDUSD;0.76836;;;2021.03.08 09:22:49;0.76785;;-0.04;1.02;
2021.03.05 17:01:36;Sell;0.02;AUDCAD;0.97309;;;2021.03.05 19:49:01;0.97057;;;3.98;
2021.03.02 10:00:36;Sell;0.02;AUDNZD;1.07252;;;2021.03.05 18:44:50;1.07273;;-0.21;-0.30;
2021.03.02 06:00:11;Sell;0.02;AUDNZD;1.07035;;;2021.03.05 18:44:26;1.07270;;-0.21;-3.36;
2021.03.05 06:00:12;Sell;0.04;AUDNZD;1.07518;;;2021.03.05 18:43:23;1.07285;;;6.66;
2021.03.05 01:00:11;Buy;0.02;AUDUSD;0.77223;;;2021.03.05 16:19:18;0.77037;;;-3.72;
2021.03.05 04:00:18;Buy;0.02;AUDUSD;0.77002;;;2021.03.05 16:18:49;0.77002;;;0.00;
2021.03.05 12:00:19;Buy;0.04;AUDUSD;0.76766;;;2021.03.05 16:16:34;0.77078;;;12.48;
2021.03.05 11:00:16;Sell;0.02;AUDCAD;0.97420;;;2021.03.05 15:32:10;0.97111;;;4.86;
2021.03.05 04:00:51;Sell;0.02;AUDCAD;0.97658;;;2021.03.05 10:48:40;0.97407;;;3.95;
2021.03.04 15:00:29;Sell;0.02;AUDUSD;0.77907;;;2021.03.04 19:37:43;0.77565;;;6.84;
2021.03.01 13:00:39;Sell;0.02;AUDCAD;0.98120;;;2021.03.04 19:04:17;0.98233;;-0.36;-1.79;
2021.03.02 17:01:24;Sell;0.02;AUDCAD;0.98751;;;2021.03.04 19:04:09;0.98227;;-0.29;8.33;
2021.03.02 17:00:31;Sell;0.02;AUDCAD;0.98726;;;2021.03.04 18:56:12;0.98256;;-0.29;7.47;
2021.03.04 09:00:24;Sell;0.02;AUDUSD;0.78050;;;2021.03.04 12:07:11;0.77783;;;5.34;
2021.03.03 23:00:21;Buy;0.02;AUDUSD;0.77855;;;2021.03.04 08:09:03;0.78088;;;4.66;
2021.03.03 21:00:17;Buy;0.02;AUDUSD;0.78004;;;2021.03.04 08:08:59;0.78089;;-0.14;1.70;
2021.03.02 15:00:34;Sell;0.02;AUDUSD;0.78021;;;2021.03.03 15:11:08;0.77948;;-0.04;1.46;
2021.03.02 20:00:26;Sell;0.02;AUDUSD;0.78228;;;2021.03.03 15:10:24;0.77935;;-0.04;5.86;
2021.02.26 15:00:26;Buy;0.02;AUDCAD;0.98230;;;2021.03.02 13:42:14;0.98671;;-0.12;6.97;
2021.03.02 04:00:34;Buy;0.02;AUDUSD;0.77537;;;2021.03.02 12:40:00;0.77830;;;5.86;
2021.02.26 08:00:20;Buy;0.02;AUDNZD;1.06641;;;2021.03.02 10:00:25;1.07249;;-0.12;8.78;
2021.03.01 18:00:42;Sell;0.02;AUDUSD;0.77824;;;2021.03.02 03:36:25;0.77533;;-0.04;5.82;
2021.02.26 10:00:45;Buy;0.10;AUDUSD;0.78244;;;2021.03.01 17:24:32;0.77707;;-0.24;-53.70;
2021.02.26 03:00:17;Buy;0.06;AUDUSD;0.78494;;;2021.03.01 17:24:31;0.77707;;-0.14;-47.22;
2021.02.25 20:00:28;Buy;0.02;AUDUSD;0.79175;;;2021.03.01 17:23:06;0.77735;;-0.10;-28.80;
2021.02.25 18:00:27;Buy;0.02;AUDUSD;0.79569;;;2021.03.01 17:23:04;0.77736;;-0.10;-36.66;
2021.02.26 21:00:07;Buy;0.26;AUDUSD;0.77204;;;2021.03.01 17:23:02;0.77738;;-0.61;138.84;
2021.02.26 00:00:06;Buy;0.04;AUDUSD;0.78762;;;2021.03.01 17:22:33;0.77748;;-0.09;-40.56;
2021.02.26 14:07:52;Buy;0.16;AUDUSD;0.77537;;;2021.03.01 17:22:00;0.77787;;-0.38;40.00;
2021.03.01 12:00:18;Sell;0.02;AUDNZD;1.06833;;;2021.03.01 15:48:39;1.06745;;;1.27;
2021.03.01 05:00:19;Sell;0.02;AUDCAD;0.98501;;;2021.03.01 12:56:35;0.98157;;;5.43;
2021.02.26 14:29:56;Sell;0.02;AUDCAD;0.98171;;;2021.03.01 12:56:33;0.98158;;-0.07;0.20;
2021.03.01 00:01:29;Buy;0.02;AUDNZD;1.06622;;;2021.03.01 11:12:14;1.06755;;;1.93;
2021.02.26 05:00:25;Buy;0.02;AUDNZD;1.06716;;;2021.03.01 11:12:12;1.06755;;-0.06;0.57;
2021.02.26 15:00:40;Buy;0.08;NZDCAD;0.92214;;;2021.03.01 04:35:30;0.92523;;-0.20;19.46;
2021.02.26 07:00:25;Buy;0.04;NZDCAD;0.92690;;;2021.03.01 04:35:28;0.92523;;-0.10;-5.26;
2021.02.26 03:00:18;Buy;0.02;GBPCAD;1.76531;;;2021.02.26 19:18:10;1.77223;;;10.89;
2021.02.19 18:00:12;Sell;0.02;NZDCAD;0.92041;;;2021.02.26 12:00:55;0.92411;;-0.27;-5.86;
2021.02.22 15:00:13;Sell;0.04;NZDCAD;0.92386;;;2021.02.26 12:00:34;0.92399;;-0.43;-0.41;
2021.02.24 11:00:46;Sell;0.08;NZDCAD;0.92926;;;2021.02.26 12:00:19;0.92400;;-0.58;33.34;
2021.02.26 08:00:27;Sell;0.02;AUDCAD;0.98815;;;2021.02.26 11:59:43;0.98553;;;4.15;
2021.02.02 20:00:57;Sell;0.02;AUDCAD;0.97207;;;2021.02.26 05:30:35;0.98964;;-1.84;-27.90;
2021.02.19 21:00:18;Sell;0.10;AUDCAD;0.99202;;;2021.02.26 05:30:33;0.98971;;-2.57;18.34;
2021.02.22 16:02:18;Sell;0.16;AUDCAD;0.99702;;;2021.02.26 05:30:13;0.98975;;-3.53;92.36;
2021.02.19 08:00:07;Sell;0.06;AUDCAD;0.98791;;;2021.02.26 05:30:02;0.98971;;-1.54;-8.57;
2021.02.08 18:00:36;Sell;0.04;AUDCAD;0.98305;;;2021.02.26 05:29:59;0.98970;;-2.88;-21.13;
2021.02.04 02:00:14;Sell;0.02;AUDCAD;0.97608;;;2021.02.26 05:29:56;0.98970;;-1.56;-21.63;
2021.02.19 19:00:21;Sell;0.02;AUDCAD;0.99152;;;2021.02.26 02:29:29;0.99062;;-0.50;1.43;
2021.02.22 14:00:20;Sell;0.04;AUDCAD;0.99582;;;2021.02.26 02:28:59;0.99073;;-0.89;16.11;
2021.02.26 00:01:07;Buy;0.02;AUDNZD;1.06888;;;2021.02.26 02:27:55;1.06891;;;0.04;
2021.02.25 17:00:22;Buy;0.02;AUDNZD;1.07089;;;2021.02.26 02:27:53;1.06888;;-0.06;-2.95;
2021.02.24 22:00:08;Sell;0.02;AUDUSD;0.79430;;;2021.02.25 17:11:46;0.79646;;-0.12;-4.32;
2021.02.25 00:00:39;Sell;0.02;AUDUSD;0.79670;;;2021.02.25 17:10:28;0.79635;;;0.70;
2021.02.25 10:00:19;Sell;0.04;AUDUSD;0.79870;;;2021.02.25 17:09:55;0.79618;;;10.08;
2021.02.25 11:00:11;Sell;0.16;NZDCAD;0.93233;;;2021.02.25 15:58:36;0.92842;;;50.10;
2021.02.24 10:00:28;Sell;0.08;NZDCAD;0.92767;;;2021.02.25 15:58:18;0.92817;;-0.44;-3.20;
2021.02.22 04:00:15;Sell;0.04;NZDCAD;0.92279;;;2021.02.25 15:58:16;0.92817;;-0.36;-17.23;
2021.02.24 18:00:27;Buy;0.02;AUDNZD;1.07166;;;2021.02.25 10:23:56;1.07350;;-0.19;2.73;
2021.02.24 08:00:18;Buy;0.02;AUDNZD;1.07398;;;2021.02.25 10:23:53;1.07351;;-0.19;-0.70;
2021.02.24 07:00:11;Buy;0.02;AUDUSD;0.79122;;;2021.02.24 19:37:39;0.79418;;;5.92;
2021.02.24 05:00:51;Sell;0.10;GBPCAD;1.78153;;;2021.02.24 17:21:25;1.77227;;;73.66;
2021.02.18 20:00:19;Sell;0.06;GBPCAD;1.77314;;;2021.02.24 17:20:56;1.77200;;-0.40;5.44;
2021.02.16 22:00:15;Sell;0.04;GBPCAD;1.76363;;;2021.02.24 17:20:28;1.77218;;-0.55;-27.19;
2021.02.10 13:00:26;Sell;0.02;GBPCAD;1.75754;;;2021.02.24 17:20:25;1.77215;;-0.44;-23.24;
2021.02.22 22:00:08;Sell;0.02;AUDNZD;1.08045;;;2021.02.24 08:00:15;1.07398;;-0.08;9.53;
2021.02.24 04:00:12;Sell;0.02;AUDUSD;0.79388;;;2021.02.24 06:24:09;0.79141;;;4.94;
2021.02.24 03:00:20;Sell;0.02;AUDUSD;0.79206;;;2021.02.24 06:24:07;0.79141;;;1.30;
2021.02.23 17:00:13;Buy;0.02;AUDUSD;0.78893;;;2021.02.24 02:37:09;0.79188;;-0.05;5.90;
2021.02.04 18:00:10;Sell;0.02;AUDNZD;1.06122;;;2021.02.23 19:21:16;1.07780;;-0.70;-24.32;
2021.02.12 08:00:25;Sell;0.16;AUDNZD;1.07298;;;2021.02.23 19:21:14;1.07780;;-3.17;-56.57;
2021.02.10 13:00:24;Sell;0.10;AUDNZD;1.07097;;;2021.02.23 19:21:12;1.07780;;-2.85;-50.11;
2021.02.09 20:00:21;Sell;0.06;AUDNZD;1.06829;;;2021.02.23 19:21:11;1.07783;;-1.82;-41.99;
2021.02.08 01:00:30;Sell;0.04;AUDNZD;1.06649;;;2021.02.23 19:21:08;1.07783;;-1.33;-33.28;
2021.02.05 12:00:30;Sell;0.02;AUDNZD;1.06372;;;2021.02.23 19:21:05;1.07784;;-0.66;-20.72;
2021.02.22 22:00:20;Sell;0.68;AUDNZD;1.08044;;;2021.02.23 19:20:39;1.07782;;-1.52;130.69;
2021.02.17 09:00:15;Sell;0.42;AUDNZD;1.07754;;;2021.02.23 19:20:37;1.07780;;-5.55;-8.01;
2021.02.12 16:00:25;Sell;0.26;AUDNZD;1.07520;;;2021.02.23 19:20:34;1.07782;;-5.15;-49.97;
2021.02.23 04:00:19;Sell;1.10;AUDNZD;1.08251;;;2021.02.23 19:20:20;1.07785;;;376.04;
2021.02.22 02:00:07;Sell;0.16;AUDUSD;0.78824;;;2021.02.23 16:47:49;0.78822;;-0.32;0.32;
2021.02.22 16:00:28;Sell;0.26;AUDUSD;0.78981;;;2021.02.23 16:47:22;0.78839;;-0.53;36.92;
2021.02.19 08:00:22;Sell;0.02;AUDUSD;0.77828;;;2021.02.23 16:46:45;0.78867;;-0.08;-20.78;
2021.02.19 14:00:13;Sell;0.06;AUDUSD;0.78427;;;2021.02.23 16:46:20;0.78875;;-0.24;-26.88;
2021.02.19 10:00:22;Sell;0.02;AUDUSD;0.77985;;;2021.02.23 16:45:41;0.78873;;-0.08;-17.76;
2021.02.19 16:00:15;Sell;0.10;AUDUSD;0.78647;;;2021.02.23 16:45:06;0.78875;;-0.40;-22.80;
2021.02.19 11:00:27;Sell;0.04;AUDUSD;0.78185;;;2021.02.23 16:44:53;0.78898;;-0.16;-28.52;
2021.02.22 20:00:08;Sell;0.42;AUDUSD;0.79194;;;2021.02.23 16:44:14;0.78911;;-0.85;118.86;
2021.02.22 02:00:22;Buy;0.02;AUDCAD;0.99349;;;2021.02.22 14:13:33;0.99604;;;4.04;
2021.02.19 14:00:14;Buy;0.02;AUDCAD;0.99114;;;2021.02.22 01:46:09;0.99375;;-0.06;4.14;
2021.02.15 00:00:09;Buy;0.04;NZDCAD;0.91471;;;2021.02.19 10:24:55;0.91897;;-0.59;13.42;
2021.02.15 06:00:17;Buy;0.02;AUDCAD;0.98616;;;2021.02.19 09:18:22;0.98877;;-0.36;4.12;
2021.02.18 19:00:14;Buy;0.02;AUDUSD;0.77489;;;2021.02.19 07:52:27;0.77789;;-0.05;6.00;
2021.02.10 15:00:17;Buy;0.02;NZDCAD;0.91601;;;2021.02.18 21:00:10;0.91545;;-0.50;-0.89;
2021.02.17 16:00:15;Buy;0.04;NZDCAD;0.91118;;;2021.02.18 21:00:08;0.91544;;-0.29;13.42;
2021.02.18 11:00:10;Sell;0.02;AUDUSD;0.77776;;;2021.02.18 17:14:26;0.77464;;;6.24;
2021.02.17 15:00:20;Sell;0.02;AUDUSD;0.77504;;;2021.02.18 17:14:24;0.77465;;-0.12;0.78;
2021.02.17 11:00:20;Sell;0.02;AUDUSD;0.77657;;;2021.02.17 14:10:42;0.77374;;;5.66;
2021.02.17 03:00:34;Buy;0.02;AUDUSD;0.77380;;;2021.02.17 10:39:00;0.77647;;;5.34;
2021.02.16 20:00:13;Buy;0.02;AUDUSD;0.77564;;;2021.02.17 10:38:58;0.77647;;-0.05;1.66;
2021.02.16 04:00:19;Sell;0.02;AUDUSD;0.77976;;;2021.02.16 15:33:55;0.77690;;;5.72;
2021.02.15 05:00:09;Sell;0.02;AUDUSD;0.77738;;;2021.02.16 15:33:54;0.77680;;-0.04;1.16;
2021.02.08 18:00:38;Buy;0.02;AUDCAD;0.98335;;;2021.02.15 05:50:42;0.98584;;-0.42;3.94;
2021.02.12 05:00:09;Buy;0.02;AUDUSD;0.77371;;;2021.02.15 00:00:15;0.77636;;-0.05;5.30;
2021.02.11 16:00:17;Sell;0.02;AUDUSD;0.77674;;;2021.02.12 04:53:25;0.77366;;-0.04;6.16;
2021.02.10 16:00:17;Sell;0.02;AUDUSD;0.77434;;;2021.02.12 04:53:20;0.77360;;-0.16;1.48;
2021.02.08 19:00:14;Buy;0.02;AUDNZD;1.06649;;;2021.02.11 18:00:28;1.07267;;-0.30;8.94;
2021.02.05 18:00:20;Sell;0.04;NZDCAD;0.91922;;;2021.02.10 17:44:04;0.91535;;-0.21;12.18;
2021.02.10 12:00:14;Buy;0.02;AUDUSD;0.77232;;;2021.02.10 15:32:14;0.77515;;;5.66;
2021.02.09 03:00:13;Sell;0.10;AUDUSD;0.77147;;;2021.02.10 11:54:28;0.77238;;-0.20;-9.10;
2021.02.08 17:00:19;Sell;0.06;AUDUSD;0.76974;;;2021.02.10 11:54:26;0.77238;;-0.24;-15.84;
2021.02.08 02:00:11;Sell;0.04;AUDUSD;0.76781;;;2021.02.10 11:54:24;0.77236;;-0.16;-18.20;
2021.02.05 18:00:16;Sell;0.02;AUDUSD;0.76580;;;2021.02.10 11:54:22;0.77236;;-0.12;-13.12;
2021.02.05 11:00:23;Sell;0.02;AUDUSD;0.76213;;;2021.02.10 11:54:20;0.77236;;-0.12;-20.46;
2021.02.10 11:00:10;Sell;0.26;AUDUSD;0.77497;;;2021.02.10 11:54:07;0.77233;;;68.64;
2021.02.09 12:00:13;Sell;0.16;AUDUSD;0.77330;;;2021.02.10 11:54:04;0.77232;;-0.32;15.68;
2021.02.05 21:00:14;Buy;0.02;AUDCAD;0.97900;;;2021.02.08 17:04:06;0.98157;;-0.06;4.03;
2021.02.05 13:00:14;Buy;0.02;NZDCAD;0.91491;;;2021.02.05 20:00:12;0.91963;;;7.39;
2021.02.02 07:00:22;Buy;0.02;AUDCAD;0.97847;;;2021.02.05 19:07:20;0.97865;;-0.30;0.29;
2021.02.02 05:00:10;Buy;0.02;AUDCAD;0.98240;;;2021.02.05 19:07:17;0.97867;;-0.30;-5.84;
2021.02.02 14:00:18;Buy;0.04;AUDCAD;0.97390;;;2021.02.05 19:07:14;0.97867;;-0.60;14.94;
2021.02.05 14:00:19;Buy;0.04;NZDCAD;0.91399;;;2021.02.05 15:36:06;0.91759;;;11.25;
2021.02.05 05:00:14;Buy;0.02;AUDUSD;0.75856;;;2021.02.05 10:11:27;0.76132;;;5.52;
2021.02.04 14:00:30;Buy;0.02;AUDUSD;0.76110;;;2021.02.05 10:11:22;0.76131;;-0.05;0.42;
2021.02.03 14:00:13;Sell;0.04;NZDCAD;0.92100;;;2021.02.05 00:18:51;0.91801;;-0.29;9.32;
2021.02.04 02:00:12;Sell;0.04;NZDCAD;0.92319;;;2021.02.04 19:00:13;0.91858;;;14.37;
2021.01.28 19:00:19;Sell;0.02;NZDCAD;0.91879;;;2021.02.04 19:00:10;0.91858;;-0.27;0.33;
2021.02.04 09:00:17;Buy;0.04;GBPCAD;1.74092;;;2021.02.04 14:21:00;1.74867;;;24.20;
2021.02.03 00:00:08;Buy;0.02;GBPCAD;1.74724;;;2021.02.04 14:20:59;1.74864;;-0.26;2.19;
2021.02.03 17:00:19;Sell;0.02;AUDUSD;0.76207;;;2021.02.04 13:43:31;0.76151;;-0.12;1.12;
2021.02.04 04:07:32;Sell;0.02;AUDUSD;0.76431;;;2021.02.04 13:43:23;0.76146;;;5.70;
2021.01.21 14:00:26;Buy;0.02;AUDNZD;1.07716;;;2021.02.04 10:42:23;1.06051;;-0.84;-23.97;
2021.01.21 00:00:15;Buy;0.02;AUDNZD;1.08092;;;2021.02.04 10:42:22;1.06051;;-0.84;-29.38;
2021.02.03 00:00:10;Buy;0.68;AUDNZD;1.05799;;;2021.02.04 10:42:18;1.06049;;-6.23;122.37;
2021.02.02 12:00:12;Buy;0.42;AUDNZD;1.06124;;;2021.02.04 10:42:16;1.06049;;-5.13;-22.67;
2021.02.01 00:36:03;Buy;0.26;AUDNZD;1.06422;;;2021.02.04 10:42:13;1.06048;;-3.96;-70.00;
2021.01.29 17:00:27;Buy;0.16;AUDNZD;1.06568;;;2021.02.04 10:42:10;1.06048;;-2.94;-59.90;
2021.01.26 12:00:09;Buy;0.10;AUDNZD;1.06917;;;2021.02.04 10:42:07;1.06054;;-3.38;-62.12;
2021.01.25 21:00:12;Buy;0.06;AUDNZD;1.07173;;;2021.02.04 10:42:04;1.06052;;-2.20;-48.42;
2021.01.22 13:00:21;Buy;0.04;AUDNZD;1.07405;;;2021.02.04 10:42:02;1.06051;;-1.58;-38.99;
2021.02.03 05:00:14;Buy;1.10;AUDNZD;1.05447;;;2021.02.04 10:41:57;1.06050;;-10.08;477.45;
2021.02.02 14:00:10;Buy;0.02;AUDUSD;0.75954;;;2021.02.03 15:18:48;0.76107;;-0.05;3.06;
2021.02.02 07:00:10;Buy;0.02;AUDUSD;0.76235;;;2021.02.03 15:18:45;0.76105;;-0.05;-2.60;
2021.02.02 17:00:51;Buy;0.04;AUDUSD;0.75712;;;2021.02.03 15:18:37;0.76105;;-0.09;15.72;
2021.01.28 21:00:30;Sell;0.04;NZDCAD;0.91987;;;2021.02.02 20:23:12;0.91609;;-0.21;11.80;
2021.02.02 13:00:33;Sell;0.02;AUDCAD;0.97438;;;2021.02.02 18:47:55;0.97182;;;4.00;
2021.02.01 21:00:26;Sell;0.02;AUDCAD;0.97940;;;2021.02.02 11:31:14;0.97524;;-0.07;6.50;
2021.02.01 00:36:04;Sell;0.02;AUDCAD;0.97478;;;2021.02.02 11:31:12;0.97525;;-0.07;-0.73;
2021.02.02 04:00:07;Sell;0.02;AUDUSD;0.76520;;;2021.02.02 06:25:05;0.76266;;;5.08;
2021.02.01 21:00:07;Sell;0.02;AUDUSD;0.76333;;;2021.02.02 06:25:03;0.76265;;-0.04;1.36;
2021.02.01 00:36:06;Buy;0.06;AUDCAD;0.97585;;;2021.02.02 04:52:51;0.98190;;-0.18;28.31;
2021.01.15 22:00:07;Buy;0.04;AUDCAD;0.98128;;;2021.02.02 04:52:47;0.98190;;-1.92;1.94;
2021.01.07 12:00:44;Buy;0.02;AUDCAD;0.98541;;;2021.02.02 04:52:45;0.98190;;-1.45;-5.47;
2021.01.07 03:22:13;Buy;0.02;AUDCAD;0.98809;;;2021.02.02 04:52:43;0.98190;;-1.45;-9.65;
2021.02.01 06:00:13;Sell;0.02;AUDUSD;0.76511;;;2021.02.01 16:07:22;0.76200;;;6.22;
2021.01.29 19:00:19;Buy;0.02;AUDUSD;0.76605;;;2021.02.01 04:21:12;0.76475;;-0.05;-2.60;
2021.02.01 00:36:01;Buy;0.04;AUDUSD;0.76284;;;2021.02.01 04:21:09;0.76472;;;7.52;
2021.01.29 20:00:10;Buy;0.02;AUDUSD;0.76417;;;2021.02.01 04:21:08;0.76471;;-0.05;1.08;
2021.01.29 19:00:22;Sell;0.02;AUDCAD;0.97857;;;2021.02.01 00:35:59;0.97585;;-0.07;4.25;
2021.01.29 16:00:15;Sell;0.02;AUDUSD;0.76941;;;2021.01.29 18:14:52;0.76640;;;6.02;
2021.01.28 21:00:18;Sell;0.02;AUDCAD;0.98388;;;2021.01.29 17:17:15;0.97978;;-0.07;6.43;
2021.01.28 04:00:23;Sell;0.02;AUDCAD;0.97958;;;2021.01.29 17:17:13;0.97981;;-0.07;-0.36;
2021.01.29 05:00:11;Buy;0.02;AUDUSD;0.76577;;;2021.01.29 15:40:53;0.76876;;;5.98;
2021.01.28 21:00:16;Sell;0.02;AUDUSD;0.76930;;;2021.01.29 02:53:20;0.76665;;-0.04;5.30;
2021.01.28 18:00:14;Sell;0.02;AUDUSD;0.76698;;;2021.01.29 02:53:17;0.76662;;-0.04;0.72;
2021.01.27 15:00:10;Buy;0.02;AUDUSD;0.76933;;;2021.01.28 16:00:47;0.76468;;-0.14;-9.30;
2021.01.28 05:00:10;Buy;0.04;AUDUSD;0.76378;;;2021.01.28 16:00:45;0.76465;;;3.48;
2021.01.28 00:00:07;Buy;0.02;AUDUSD;0.76658;;;2021.01.28 16:00:42;0.76465;;;-3.86;
2021.01.28 10:00:10;Buy;0.06;AUDUSD;0.76163;;;2021.01.28 16:00:34;0.76456;;;17.58;
2021.01.26 16:00:14;Sell;0.04;NZDCAD;0.92002;;;2021.01.28 03:00:30;0.91515;;-0.29;15.18;
2021.01.25 12:00:10;Sell;0.02;NZDCAD;0.91596;;;2021.01.28 03:00:28;0.91511;;-0.19;1.32;
2021.01.25 07:00:08;Sell;0.02;AUDCAD;0.98276;;;2021.01.28 02:54:31;0.97870;;-0.35;6.33;
2021.01.20 21:00:18;Sell;0.02;AUDCAD;0.97870;;;2021.01.28 02:54:29;0.97873;;-0.70;-0.05;
2021.01.25 05:00:10;Sell;0.04;NZDCAD;0.91531;;;2021.01.27 16:42:41;0.91661;;-0.14;-4.06;
2021.01.26 18:00:13;Sell;0.08;NZDCAD;0.92005;;;2021.01.27 16:42:32;0.91660;;-0.15;21.55;
2021.01.26 18:00:15;Sell;0.02;AUDUSD;0.77471;;;2021.01.27 11:15:29;0.77224;;-0.04;4.94;
2021.01.26 15:00:18;Sell;0.02;AUDUSD;0.77304;;;2021.01.27 11:15:25;0.77223;;-0.04;1.62;
2021.01.26 07:00:13;Buy;0.02;AUDUSD;0.76888;;;2021.01.26 14:04:17;0.77186;;;5.96;
2021.01.25 17:00:12;Buy;0.02;AUDUSD;0.77107;;;2021.01.26 14:04:14;0.77179;;-0.05;1.44;
2021.01.25 08:00:08;Sell;0.02;AUDUSD;0.77429;;;2021.01.25 16:48:54;0.77108;;;6.42;
2021.01.22 13:00:09;Buy;0.04;AUDUSD;0.77156;;;2021.01.25 06:18:42;0.77379;;-0.09;8.92;
2021.01.22 09:00:16;Buy;0.02;AUDUSD;0.77329;;;2021.01.25 06:18:40;0.77379;;-0.05;1.00;
2021.01.21 19:00:14;Buy;0.02;AUDUSD;0.77531;;;2021.01.25 06:18:39;0.77379;;-0.10;-3.04;
2021.01.22 21:00:24;Sell;0.02;GBPCAD;1.74217;;;2021.01.25 00:02:09;1.74086;;-0.03;2.06;
2021.01.15 22:00:06;Buy;0.16;NZDCAD;0.90886;;;2021.01.22 02:16:15;0.91322;;-2.67;55.18;
2021.01.13 14:00:18;Buy;0.08;NZDCAD;0.91430;;;2021.01.22 02:16:13;0.91321;;-2.13;-6.90;
2021.01.08 20:00:21;Buy;0.04;NZDCAD;0.91973;;;2021.01.22 02:16:10;0.91321;;-1.38;-20.63;
2021.01.18 19:00:10;Buy;0.08;NZDCAD;0.90747;;;2021.01.22 02:00:17;0.91246;;-1.15;31.56;
2021.01.14 00:00:09;Buy;0.04;NZDCAD;0.91184;;;2021.01.22 02:00:16;0.91246;;-0.78;1.97;
2021.01.12 11:00:11;Buy;0.02;NZDCAD;0.91517;;;2021.01.22 02:00:14;0.91246;;-0.59;-4.29;
2021.01.15 20:00:10;Sell;1.28;AUDNZD;1.07938;;;2021.01.22 00:00:46;1.07705;;-19.22;215.38;
2021.01.12 12:00:13;Sell;0.64;AUDNZD;1.07619;;;2021.01.22 00:00:44;1.07705;;-16.51;-39.74;
2021.01.08 18:00:13;Sell;0.32;AUDNZD;1.07267;;;2021.01.22 00:00:43;1.07705;;-9.64;-101.22;
2020.12.16 19:00:04;Sell;0.08;AUDNZD;1.06869;;;2021.01.22 00:00:41;1.07714;;-11.92;-48.82;
2020.12.10 16:00:07;Sell;0.04;AUDNZD;1.06396;;;2021.01.22 00:00:23;1.07721;;-7.28;-38.29;
2020.12.10 03:00:07;Sell;0.02;AUDNZD;1.06077;;;2021.01.22 00:00:12;1.07695;;-3.56;-23.37;
2020.12.04 20:00:04;Sell;0.01;AUDNZD;1.05663;;;2021.01.22 00:00:11;1.07685;;-2.25;-14.61;
2021.01.19 16:00:07;Sell;2.56;AUDNZD;1.08255;;;2021.01.22 00:00:06;1.07685;;-27.51;1 053.99;
2021.01.21 05:00:11;Sell;0.06;AUDUSD;0.77724;;;2021.01.21 18:41:49;0.77501;;;13.38;
2021.01.21 03:00:23;Sell;0.04;AUDUSD;0.77574;;;2021.01.21 18:41:47;0.77501;;;2.92;
2021.01.20 10:00:24;Sell;0.02;AUDUSD;0.77382;;;2021.01.21 18:41:44;0.77499;;-0.12;-2.34;
2021.01.20 05:00:10;Sell;0.02;AUDUSD;0.77220;;;2021.01.21 18:41:42;0.77499;;-0.12;-5.58;
2021.01.20 21:00:21;Buy;0.02;GBPCAD;1.72579;;;2021.01.21 10:59:26;1.73274;;-0.26;11.02;
2021.01.19 16:00:11;Sell;0.02;AUDNZD;1.08257;;;2021.01.20 19:50:10;1.08074;;-0.04;2.62;
2021.01.18 16:00:22;Sell;0.02;AUDNZD;1.08028;;;2021.01.20 19:50:07;1.08075;;-0.08;-0.67;
2021.01.15 19:00:19;Sell;0.02;AUDCAD;0.98139;;;2021.01.20 17:06:53;0.97883;;-0.21;4.05;
2021.01.19 21:00:14;Buy;0.02;AUDUSD;0.76905;;;2021.01.20 04:28:18;0.77212;;-0.05;6.14;
2021.01.19 03:00:09;Sell;0.02;AUDUSD;0.76983;;;2021.01.19 20:21:49;0.76919;;;1.28;
2021.01.19 07:00:14;Sell;0.02;AUDUSD;0.77167;;;2021.01.19 20:21:45;0.76915;;;5.04;
2021.01.18 12:00:13;Buy;0.10;AUDUSD;0.76651;;;2021.01.19 02:10:45;0.76939;;-0.24;28.80;
2021.01.18 02:00:24;Buy;0.06;AUDUSD;0.76838;;;2021.01.19 02:10:42;0.76938;;-0.14;6.00;
2021.01.15 17:00:26;Buy;0.04;AUDUSD;0.77096;;;2021.01.19 02:10:41;0.76940;;-0.20;-6.24;
2021.01.15 11:00:11;Buy;0.02;AUDUSD;0.77363;;;2021.01.19 02:10:39;0.76940;;-0.10;-8.46;
2021.01.15 08:00:34;Buy;0.02;AUDUSD;0.77564;;;2021.01.19 02:10:36;0.76940;;-0.10;-12.48;
2020.12.17 10:00:09;Sell;0.08;AUDCAD;0.96772;;;2021.01.19 00:10:17;0.97948;;-11.31;-73.76;
2020.12.11 04:00:12;Sell;0.04;AUDCAD;0.96200;;;2021.01.19 00:10:16;0.97948;;-7.50;-54.82;
2020.12.10 12:00:08;Sell;0.02;AUDCAD;0.95787;;;2021.01.19 00:10:15;0.97948;;-3.88;-33.88;
2020.12.09 11:00:08;Sell;0.01;AUDCAD;0.95461;;;2021.01.19 00:10:14;0.97948;;-2.20;-19.50;
2021.01.07 03:22:11;Sell;1.28;AUDCAD;0.98775;;;2021.01.19 00:10:13;0.97948;;-45.13;829.94;
2021.01.07 03:22:09;Sell;0.64;AUDCAD;0.98774;;;2021.01.19 00:10:11;0.97948;;-22.57;414.47;
2020.12.18 19:00:08;Sell;0.16;AUDCAD;0.97271;;;2021.01.19 00:10:09;0.97948;;-21.42;-84.93;
2021.01.15 21:00:09;Sell;0.02;AUDNZD;1.07950;;;2021.01.18 06:26:14;1.07879;;-0.04;1.01;
2021.01.13 20:00:17;Sell;0.02;AUDCAD;0.98294;;;2021.01.15 17:08:53;0.98010;;-0.28;4.46;
2021.01.15 17:00:50;Sell;0.02;AUDNZD;1.07832;;;2021.01.15 17:05:21;1.07790;;;0.60;
2021.01.14 19:00:19;Sell;0.02;AUDUSD;0.77903;;;2021.01.15 06:14:26;0.77597;;-0.04;6.12;
2021.01.13 12:00:51;Sell;0.02;AUDNZD;1.07663;;;2021.01.14 22:59:50;1.07716;;-0.13;-0.77;
2021.01.14 12:00:28;Sell;0.02;AUDNZD;1.07878;;;2021.01.14 22:59:26;1.07717;;;2.33;
2021.01.14 15:00:25;Buy;0.02;AUDUSD;0.77544;;;2021.01.14 18:29:35;0.77839;;;5.90;
2021.01.13 15:00:16;Buy;0.02;AUDUSD;0.77373;;;2021.01.14 11:51:26;0.77680;;-0.14;6.14;
2021.01.13 06:00:17;Sell;0.06;GBPCAD;1.73945;;;2021.01.13 19:41:47;1.73141;;;37.98;
2021.01.12 14:00:22;Sell;0.04;GBPCAD;1.73330;;;2021.01.13 19:41:43;1.73148;;-0.06;5.73;
2021.01.12 00:00:23;Sell;0.02;GBPCAD;1.72727;;;2021.01.13 19:41:41;1.73151;;-0.03;-6.67;
2021.01.13 00:00:04;Sell;0.02;AUDCAD;0.98817;;;2021.01.13 19:22:57;0.98312;;;7.94;
2021.01.11 04:00:17;Sell;0.02;AUDCAD;0.98215;;;2021.01.13 19:22:55;0.98309;;-0.14;-1.48;
2021.01.12 20:00:25;Sell;0.02;AUDUSD;0.77327;;;2021.01.13 13:38:07;0.77378;;-0.04;-1.02;
2021.01.12 22:00:19;Sell;0.04;AUDUSD;0.77681;;;2021.01.13 13:38:00;0.77378;;-0.08;12.12;
2021.01.11 19:00:10;Sell;0.02;AUDUSD;0.77128;;;2021.01.13 13:37:49;0.77378;;-0.08;-5.00;
2021.01.12 21:00:42;Sell;0.02;AUDNZD;1.07685;;;2021.01.13 03:31:38;1.07484;;-0.04;2.91;
2021.01.12 00:00:21;Sell;0.02;AUDNZD;1.07395;;;2021.01.13 03:31:37;1.07484;;-0.04;-1.29;
2021.01.08 18:00:20;Buy;0.02;AUDUSD;0.77811;;;2021.01.11 18:44:32;0.77054;;-0.05;-15.14;
2021.01.08 21:00:35;Buy;0.04;AUDUSD;0.77396;;;2021.01.11 18:44:23;0.77049;;-0.10;-13.88;
2021.01.08 20:00:29;Buy;0.02;AUDUSD;0.77622;;;2021.01.11 18:44:22;0.77049;;-0.05;-11.46;
2021.01.11 02:00:23;Buy;0.06;AUDUSD;0.77241;;;2021.01.11 18:44:14;0.77053;;;-11.28;
2021.01.11 16:00:15;Buy;0.16;AUDUSD;0.76774;;;2021.01.11 18:44:12;0.77048;;;43.84;
2021.01.11 07:00:11;Buy;0.10;AUDUSD;0.76977;;;2021.01.11 18:44:10;0.77045;;;6.80;
2021.01.11 12:00:26;Sell;0.02;AUDNZD;1.07287;;;2021.01.11 14:20:12;1.07217;;;1.00;
2021.01.11 07:00:12;Buy;0.02;AUDNZD;1.07084;;;2021.01.11 10:07:45;1.07158;;;1.07;
2021.01.11 01:00:36;Sell;0.02;AUDNZD;1.07312;;;2021.01.11 03:39:53;1.07170;;;2.04;
2021.01.08 11:01:04;Sell;0.02;AUDNZD;1.07084;;;2021.01.11 03:39:50;1.07175;;-0.04;-1.31;
2021.01.07 20:00:09;Sell;0.02;AUDCAD;0.98478;;;2021.01.11 03:13:27;0.98226;;-0.14;3.96;
2021.01.07 03:22:06;Sell;0.02;NZDCAD;0.92344;;;2021.01.08 21:00:32;0.91885;;-0.03;7.21;
2021.01.08 10:00:14;Buy;0.02;AUDUSD;0.77662;;;2021.01.08 16:22:13;0.77954;;;5.84;
2021.01.08 07:00:14;Buy;0.02;GBPCAD;1.71939;;;2021.01.08 15:00:42;1.72640;;;11.05;
2021.01.08 04:00:13;Buy;0.02;AUDUSD;0.77523;;;2021.01.08 09:12:48;0.77832;;;6.18;
2021.01.08 00:00:05;Sell;0.02;AUDNZD;1.07026;;;2021.01.08 01:39:15;1.06964;;;0.90;
2021.01.07 16:00:09;Buy;0.02;AUDUSD;0.77420;;;2021.01.07 23:28:52;0.77723;;-0.05;6.06;
2021.01.07 22:00:10;Buy;0.02;AUDNZD;1.06904;;;2021.01.07 22:31:47;1.06960;;;0.82;
2021.01.07 19:00:32;Sell;0.02;AUDNZD;1.06984;;;2021.01.07 19:37:07;1.06900;;;1.22;
2021.01.07 12:00:41;Buy;0.02;AUDNZD;1.06846;;;2021.01.07 16:07:19;1.06913;;;0.97;
2021.01.07 03:22:08;Sell;0.04;NZDCAD;0.92344;;;2021.01.07 13:58:17;0.92161;;;5.75;
2021.01.07 09:00:27;Sell;0.02;AUDUSD;0.77906;;;2021.01.07 11:45:24;0.77587;;;6.38;
2021.01.07 03:22:14;Sell;0.02;AUDCAD;0.98776;;;2021.01.07 11:02:13;0.98610;;;2.61;
2021.01.07 05:00:23;Buy;0.02;AUDNZD;1.06905;;;2021.01.07 09:02:54;1.06981;;;1.11;
2021.01.07 03:22:04;Sell;0.02;AUDUSD;0.77939;;;2021.01.07 08:10:54;0.77789;;;3.00;
2021.01.07 03:22:03;Sell;0.02;AUDUSD;0.77940;;;2021.01.07 08:10:52;0.77789;;;3.02;
2020.12.14 10:00:47;Sell;0.05;AUDCAD;0.96425;;;2021.01.07 03:22:18;0.98813;;-7.19;-94.20;
2020.12.28 02:00:03;Sell;0.21;AUDCAD;0.97713;;;2021.01.07 03:22:01;0.98803;;-8.79;-180.60;
2020.12.18 19:00:09;Sell;0.13;AUDCAD;0.97271;;;2021.01.07 03:22:00;0.98803;;-12.83;-157.13;
2020.12.17 11:00:04;Sell;0.08;AUDCAD;0.96839;;;2021.01.07 03:21:59;0.98803;;-8.49;-123.96;
2020.12.11 03:00:13;Sell;0.03;AUDCAD;0.96011;;;2021.01.07 03:21:55;0.98814;;-4.56;-66.35;
2020.12.09 13:00:15;Sell;0.02;AUDCAD;0.95608;;;2021.01.07 03:21:54;0.98809;;-3.63;-50.51;
2020.12.07 17:00:12;Sell;0.01;AUDCAD;0.95215;;;2021.01.07 03:21:53;0.98809;;-1.97;-28.35;
2020.12.07 13:00:08;Sell;0.01;AUDCAD;0.94619;;;2021.01.07 03:21:51;0.98814;;-1.97;-33.10;
2020.12.10 05:00:08;Sell;0.03;AUDNZD;1.06276;;;2020.12.17 03:25:35;1.06384;;-1.68;-2.32;
2020.12.10 00:00:05;Sell;0.02;AUDNZD;1.05928;;;2020.12.17 03:25:33;1.06383;;-1.12;-6.50;
2020.12.09 16:00:19;Sell;0.01;AUDNZD;1.05766;;;2020.12.17 03:25:32;1.06388;;-0.80;-4.43;
2020.12.09 12:00:06;Sell;0.01;AUDNZD;1.05524;;;2020.12.17 03:25:30;1.06386;;-0.80;-6.15;
2020.12.16 18:00:15;Sell;0.08;AUDNZD;1.06814;;;2020.12.17 03:25:29;1.06383;;-1.93;24.60;
2020.12.11 07:00:13;Sell;0.05;AUDNZD;1.06478;;;2020.12.17 03:25:27;1.06375;;-2.40;3.68;
2020.12.16 11:00:11;Sell;0.01;AUDUSD;0.75750;;;2020.12.16 21:13:16;0.75493;;;2.57;
2020.12.15 19:00:06;Sell;0.01;AUDUSD;0.75544;;;2020.12.16 21:13:15;0.75493;;-0.02;0.51;
2020.12.16 12:00:14;Sell;0.02;GBPCAD;1.71919;;;2020.12.16 19:51:59;1.71753;;;2.60;
2020.12.16 07:00:05;Sell;0.01;GBPCAD;1.71344;;;2020.12.16 19:51:58;1.71769;;;-3.34;
2020.12.16 14:00:13;Sell;0.03;GBPCAD;1.72551;;;2020.12.16 19:51:55;1.71761;;;18.57;
2020.12.15 11:00:08;Buy;0.01;NZDCAD;0.90149;;;2020.12.16 13:00:06;0.90648;;-0.08;3.92;
2020.12.15 06:00:09;Buy;0.01;AUDCAD;0.95974;;;2020.12.16 12:09:11;0.96417;;-0.09;3.48;
2020.12.14 11:00:08;Buy;0.01;AUDCAD;0.96467;;;2020.12.16 12:09:09;0.96416;;-0.18;-0.40;
2020.12.16 00:00:06;Buy;0.02;NZDCAD;0.90115;;;2020.12.16 06:43:13;0.90460;;;5.43;
2020.12.15 06:00:06;Buy;0.01;AUDUSD;0.75169;;;2020.12.15 18:20:38;0.75473;;;3.04;
2020.12.11 16:00:10;Sell;0.02;NZDCAD;0.90536;;;2020.12.15 10:49:15;0.90163;;-0.30;5.84;
2020.12.14 20:00:09;Sell;0.01;AUDUSD;0.75457;;;2020.12.15 05:39:29;0.75159;;-0.02;2.98;
2020.12.14 11:00:07;Sell;0.01;AUDUSD;0.75638;;;2020.12.14 18:10:09;0.75345;;;2.93;
2020.12.14 13:00:10;Sell;0.03;GBPCAD;1.71238;;;2020.12.14 15:58:44;1.70466;;;18.20;
2020.12.14 10:00:45;Sell;0.02;GBPCAD;1.70695;;;2020.12.14 15:58:42;1.70462;;;3.67;
2020.12.14 00:10:48;Sell;0.01;GBPCAD;1.69921;;;2020.12.14 15:58:40;1.70466;;;-4.28;
2020.12.11 07:00:11;Buy;0.01;AUDCAD;0.96244;;;2020.12.14 10:13:03;0.96468;;-0.09;1.76;
2020.12.11 11:00:08;Buy;0.01;AUDUSD;0.75319;;;2020.12.14 09:31:19;0.75609;;-0.02;2.90;
2020.12.10 18:01:37;Buy;0.03;GBPCAD;1.68811;;;2020.12.11 17:44:38;1.69088;;-0.49;6.51;
2020.12.10 14:00:08;Buy;0.02;GBPCAD;1.69487;;;2020.12.11 17:44:36;1.69087;;-0.33;-6.27;
2020.12.11 15:00:15;Buy;0.05;GBPCAD;1.68141;;;2020.12.11 17:44:35;1.69087;;;37.06;
2020.12.10 10:00:20;Buy;0.01;GBPCAD;1.70408;;;2020.12.11 17:44:26;1.69092;;-0.16;-10.31;
2020.12.09 19:00:09;Buy;0.01;NZDCAD;0.90074;;;2020.12.11 16:00:08;0.90538;;-0.33;3.63;
2020.12.10 21:00:10;Sell;0.05;AUDUSD;0.75311;;;2020.12.11 10:40:22;0.75272;;-0.09;1.95;
2020.12.10 05:00:06;Sell;0.01;AUDUSD;0.74733;;;2020.12.11 10:40:21;0.75271;;-0.02;-5.38;
2020.12.10 04:00:05;Sell;0.01;AUDUSD;0.74531;;;2020.12.11 10:40:19;0.75265;;-0.02;-7.34;
2020.12.11 04:00:10;Sell;0.08;AUDUSD;0.75586;;;2020.12.11 10:40:17;0.75271;;;25.20;
2020.12.10 17:00:06;Sell;0.03;AUDUSD;0.75158;;;2020.12.11 10:40:11;0.75269;;-0.06;-3.33;
2020.12.10 15:00:07;Sell;0.02;AUDUSD;0.74935;;;2020.12.11 10:40:09;0.75265;;-0.04;-6.60;
2020.12.11 00:00:03;Buy;0.01;AUDCAD;0.96019;;;2020.12.11 06:09:57;0.96309;;;2.28;
2020.12.10 12:00:09;Buy;0.01;AUDCAD;0.95818;;;2020.12.10 23:49:04;0.96069;;-0.09;1.97;
2020.12.10 16:00:09;Buy;0.08;NZDCAD;0.89930;;;2020.12.10 21:52:50;0.90339;;;25.68;
2020.12.04 16:00:25;Buy;0.04;NZDCAD;0.90399;;;2020.12.10 21:52:49;0.90337;;-1.99;-1.95;
2020.12.03 21:00:09;Buy;0.02;NZDCAD;0.91026;;;2020.12.10 21:52:47;0.90336;;-1.18;-10.83;
2020.12.09 11:00:10;Buy;0.01;AUDCAD;0.95496;;;2020.12.10 11:05:53;0.95756;;-0.28;2.03;
2020.12.09 20:00:04;Buy;0.01;AUDUSD;0.74420;;;2020.12.10 03:27:49;0.74490;;-0.07;0.70;
2020.12.09 21:00:06;Buy;0.01;AUDUSD;0.74243;;;2020.12.10 03:27:46;0.74491;;-0.07;2.48;
2020.12.09 11:00:12;Sell;0.02;GBPCAD;1.71634;;;2020.12.10 00:23:46;1.71143;;-0.81;7.66;
2020.12.08 19:00:06;Sell;0.01;GBPCAD;1.71049;;;2020.12.10 00:23:44;1.71143;;-0.53;-0.74;
2020.12.09 11:00:04;Sell;0.02;AUDUSD;0.74686;;;2020.12.09 19:20:12;0.74427;;;5.18;
2020.12.09 07:00:09;Sell;0.01;AUDUSD;0.74418;;;2020.12.09 19:20:10;0.74429;;;-0.11;
2020.12.08 05:00:06;Sell;0.01;AUDUSD;0.74260;;;2020.12.09 19:20:09;0.74429;;-0.02;-1.69;
2020.12.08 16:00:07;Buy;0.01;AUDNZD;1.05380;;;2020.12.09 10:49:28;1.05465;;-0.09;0.60;
2020.12.08 01:00:11;Buy;0.01;AUDCAD;0.94972;;;2020.12.09 10:44:30;0.95362;;-0.09;3.05;
2020.12.07 18:00:44;Buy;0.01;AUDCAD;0.95363;;;2020.12.09 10:44:24;0.95368;;-0.18;0.03;
2020.12.04 22:00:07;Buy;0.02;NZDCAD;0.89998;;;2020.12.09 08:00:11;0.90443;;-0.51;6.96;
2020.12.04 16:00:28;Buy;0.01;NZDCAD;0.90386;;;2020.12.09 08:00:09;0.90443;;-0.24;0.44;
2020.12.08 07:00:05;Buy;0.01;AUDNZD;1.05453;;;2020.12.08 13:47:29;1.05539;;;0.61;
2020.12.08 05:00:08;Sell;0.01;AUDNZD;1.05579;;;2020.12.08 06:33:28;1.05495;;;0.59;
2020.12.07 22:00:06;Sell;0.01;GBPCAD;1.71455;;;2020.12.08 04:33:09;1.70839;;-0.14;4.81;
2020.12.07 16:00:22;Sell;0.01;AUDNZD;1.05396;;;2020.12.08 02:29:45;1.05322;;-0.08;0.52;
2020.12.07 17:00:09;Sell;0.01;AUDUSD;0.74399;;;2020.12.08 02:00:10;0.74160;;-0.02;2.39;
2020.12.07 16:00:07;Sell;0.01;AUDUSD;0.74234;;;2020.12.08 02:00:08;0.74159;;-0.02;0.75;
2020.12.04 20:00:06;Buy;0.01;AUDCAD;0.95156;;;2020.12.07 18:38:50;0.95380;;-0.09;1.75;
2020.12.07 11:00:16;Buy;0.02;AUDCAD;0.94852;;;2020.12.07 18:38:46;0.95379;;;8.24;
2020.12.04 22:00:03;Buy;0.02;GBPCAD;1.71840;;;2020.12.07 18:26:35;1.70816;;-0.33;-16.00;
2020.12.04 18:00:11;Buy;0.01;GBPCAD;1.72528;;;2020.12.07 18:26:33;1.70816;;-0.17;-13.37;
2020.12.07 11:00:15;Buy;0.05;GBPCAD;1.69935;;;2020.12.07 18:26:32;1.70829;;;34.92;
2020.12.07 10:00:18;Buy;0.03;GBPCAD;1.70979;;;2020.12.07 18:26:30;1.70829;;;-3.52;
2020.12.07 10:00:22;Buy;0.02;AUDCAD;0.94882;;;2020.12.07 17:52:00;0.95358;;;7.44;
2020.12.04 16:00:26;Buy;0.01;AUDCAD;0.95283;;;2020.12.07 17:51:58;0.95353;;-0.09;0.55;
2020.12.03 00:00:03;Buy;0.01;AUDCAD;0.95829;;;2020.12.07 17:51:56;0.95356;;-0.18;-3.70;
2020.12.07 11:00:07;Buy;0.01;AUDUSD;0.73968;;;2020.12.07 15:50:45;0.74262;;;2.94;
2020.12.07 12:00:20;Buy;0.01;AUDNZD;1.05291;;;2020.12.07 15:20:43;1.05379;;;0.62;
2020.12.07 10:00:20;Sell;0.01;AUDCAD;0.94855;;;2020.12.07 12:42:25;0.94601;;;1.98;
2020.12.04 20:00:08;Sell;0.03;AUDNZD;1.05663;;;2020.12.07 10:42:44;1.05342;;-0.24;6.77;
2020.12.04 17:00:30;Sell;0.02;AUDNZD;1.05388;;;2020.12.07 10:42:42;1.05343;;-0.16;0.63;
2020.12.04 02:00:12;Sell;0.01;AUDNZD;1.05170;;;2020.12.07 10:42:40;1.05338;;-0.08;-1.18;
2020.12.03 18:00:21;Sell;0.01;AUDNZD;1.04955;;;2020.12.07 10:42:38;1.05338;;-0.16;-2.69;
2020.12.03 10:00:10;Sell;0.03;AUDUSD;0.74317;;;2020.12.07 10:12:58;0.74103;;-0.11;6.42;
2020.12.03 00:00:08;Sell;0.02;AUDUSD;0.74129;;;2020.12.07 10:12:56;0.74100;;-0.08;0.58;
2020.12.02 20:00:04;Sell;0.01;AUDUSD;0.73963;;;2020.12.07 10:12:54;0.74100;;-0.09;-1.37;
2020.12.02 02:00:01;Sell;0.01;AUDUSD;0.73802;;;2020.12.07 10:12:53;0.74094;;-0.09;-2.92;
2020.12.04 18:00:12;Sell;0.01;AUDCAD;0.95154;;;2020.12.07 09:51:45;0.94895;;-0.07;2.03;
2020.12.04 11:00:09;Sell;0.01;AUDCAD;0.95401;;;2020.12.04 17:45:01;0.95138;;;2.05;
2020.12.03 09:00:07;Sell;0.01;AUDCAD;0.95878;;;2020.12.04 10:53:20;0.95441;;-0.07;3.40;
2020.11.30 17:00:20;Sell;0.01;AUDCAD;0.95438;;;2020.12.04 10:53:18;0.95443;;-0.43;-0.04;
2020.11.27 04:00:07;Sell;0.08;NZDCAD;0.91300;;;2020.12.04 05:00:10;0.90833;;-4.21;29.06;
2020.11.20 22:00:09;Sell;0.04;NZDCAD;0.90905;;;2020.12.04 05:00:08;0.90831;;-4.20;2.30;
2020.11.18 11:00:07;Sell;0.02;NZDCAD;0.90525;;;2020.12.04 05:00:07;0.90829;;-2.69;-4.73;
2020.11.13 19:00:07;Sell;0.01;NZDCAD;0.90024;;;2020.12.04 05:00:05;0.90829;;-1.56;-6.26;
2020.12.03 17:00:16;Buy;0.01;AUDNZD;1.04835;;;2020.12.03 17:58:12;1.04948;;;0.80;
2020.12.03 10:00:11;Sell;0.01;AUDNZD;1.05020;;;2020.12.03 16:54:16;1.04808;;;1.50;
2020.12.02 18:00:21;Sell;0.01;AUDNZD;1.04733;;;2020.12.03 16:54:14;1.04810;;-0.23;-0.55;
2020.12.02 11:00:09;Buy;0.01;GBPCAD;1.72585;;;2020.12.03 11:25:43;1.73257;;-0.49;5.20;
2020.11.24 04:00:08;Buy;0.08;AUDNZD;1.04939;;;2020.12.03 05:00:17;1.04917;;-7.66;-1.24;
2020.11.19 16:00:08;Buy;0.04;AUDNZD;1.05404;;;2020.12.03 05:00:15;1.04917;;-4.87;-13.76;
2020.11.11 22:02:45;Buy;0.02;AUDNZD;1.05761;;;2020.12.03 05:00:14;1.04917;;-4.11;-11.93;
2020.11.11 05:00:06;Buy;0.01;AUDNZD;1.06098;;;2020.12.03 05:00:12;1.04917;;-2.12;-8.34;
2020.12.01 17:00:05;Buy;0.32;AUDNZD;1.04277;;;2020.12.03 05:00:10;1.04917;;-11.14;144.66;
2020.12.01 00:00:06;Buy;0.16;AUDNZD;1.04746;;;2020.12.03 05:00:08;1.04917;;-5.57;19.33;
2020.11.30 22:00:06;Buy;0.01;AUDCAD;0.95333;;;2020.12.02 23:48:24;0.95805;;-0.46;3.65;
2020.11.30 22:00:07;Buy;0.02;AUDCAD;0.95335;;;2020.12.02 23:45:43;0.95782;;-0.91;6.92;
2020.11.30 11:00:10;Buy;0.01;AUDCAD;0.95758;;;2020.12.02 23:45:41;0.95781;;-0.46;0.18;
2020.11.30 03:00:14;Buy;0.01;AUDCAD;0.96165;;;2020.12.02 23:45:39;0.95782;;-0.46;-2.96;
2020.12.01 18:00:07;Sell;0.02;NZDCAD;0.91464;;;2020.12.02 14:35:39;0.91089;;-0.15;5.79;
2020.11.30 04:00:06;Buy;0.01;AUDNZD;1.05103;;;2020.12.02 14:24:51;1.04614;;-0.18;-3.45;
2020.12.01 17:00:45;Buy;0.03;AUDNZD;1.04295;;;2020.12.02 14:24:49;1.04611;;-0.26;6.67;
2020.12.01 11:00:25;Buy;0.02;AUDNZD;1.04556;;;2020.12.02 14:24:47;1.04618;;-0.17;0.87;
2020.11.30 13:00:13;Buy;0.01;AUDNZD;1.04813;;;2020.12.02 14:24:45;1.04613;;-0.18;-1.41;
2020.12.01 20:00:13;Sell;0.01;GBPCAD;1.73660;;;2020.12.02 09:59:16;1.72802;;-0.14;6.64;
2020.11.30 19:00:03;Buy;0.01;AUDUSD;0.73512;;;2020.12.02 00:46:35;0.73734;;-0.04;2.22;
2020.11.30 18:00:03;Buy;0.01;AUDUSD;0.73684;;;2020.12.02 00:46:34;0.73734;;-0.04;0.50;
2020.11.27 13:00:07;Buy;0.01;GBPCAD;1.73055;;;2020.12.01 18:08:25;1.73841;;-0.32;6.07;
2020.11.27 06:00:06;Sell;0.02;AUDCAD;0.95925;;;2020.11.30 16:34:15;0.95462;;-0.15;7.16;
2020.11.20 18:00:06;Sell;0.01;AUDCAD;0.95524;;;2020.11.30 16:34:13;0.95462;;-0.57;0.48;
2020.11.19 20:00:08;Sell;0.01;AUDCAD;0.95103;;;2020.11.30 16:34:12;0.95459;;-0.64;-2.76;
2020.11.25 17:00:07;Sell;0.02;NZDCAD;0.90998;;;2020.11.30 16:12:17;0.91099;;-0.75;-1.56;
2020.11.30 03:00:09;Sell;0.04;NZDCAD;0.91462;;;2020.11.30 16:12:14;0.91097;;;11.29;
2020.11.30 03:00:12;Sell;0.02;AUDCAD;0.96129;;;2020.11.30 13:51:18;0.95629;;;7.72;
2020.11.24 11:00:12;Sell;0.01;AUDCAD;0.95832;;;2020.11.30 13:51:16;0.95630;;-0.43;1.56;
2020.11.25 10:00:06;Sell;0.01;AUDUSD;0.73492;;;2020.11.30 09:02:38;0.73778;;-0.09;-2.86;
2020.11.30 02:00:02;Sell;0.03;AUDUSD;0.74007;;;2020.11.30 09:02:36;0.73778;;;6.87;
2020.11.27 11:00:08;Sell;0.02;AUDUSD;0.73842;;;2020.11.30 09:02:34;0.73779;;-0.04;1.26;
2020.11.25 22:00:08;Sell;0.01;AUDUSD;0.73638;;;2020.11.30 09:02:32;0.73781;;-0.09;-1.43;
2020.11.24 11:00:13;Buy;0.01;AUDCAD;0.95863;;;2020.11.30 02:51:03;0.96121;;-0.54;1.99;
2020.11.30 02:00:06;Sell;0.01;AUDNZD;1.05194;;;2020.11.30 02:31:21;1.05119;;;0.53;
2020.11.27 01:00:05;Buy;0.01;AUDNZD;1.05103;;;2020.11.30 01:56:29;1.05193;;-0.09;0.63;
2020.11.25 17:00:22;Buy;0.01;AUDNZD;1.04954;;;2020.11.26 11:10:32;1.05217;;-0.26;1.84;
2020.11.25 12:00:08;Buy;0.01;AUDNZD;1.05308;;;2020.11.26 11:10:30;1.05219;;-0.26;-0.62;
2020.11.25 10:00:21;Sell;0.01;AUDNZD;1.05454;;;2020.11.25 10:42:20;1.05380;;;0.51;
2020.11.25 00:00:10;Sell;0.01;AUDUSD;0.73578;;;2020.11.25 08:18:05;0.73352;;;2.26;
2020.11.24 18:00:08;Sell;0.01;AUDUSD;0.73422;;;2020.11.25 08:18:03;0.73352;;-0.02;0.70;
2020.11.24 18:02:21;Sell;0.01;AUDNZD;1.05365;;;2020.11.25 05:11:17;1.05287;;-0.08;0.54;
2020.11.18 11:00:08;Sell;0.04;NZDCAD;0.90527;;;2020.11.25 04:02:11;0.90609;;-2.09;-2.52;
2020.11.13 18:00:06;Sell;0.02;NZDCAD;0.89949;;;2020.11.25 04:02:09;0.90609;;-1.49;-10.16;
2020.11.24 05:00:08;Sell;0.08;NZDCAD;0.91061;;;2020.11.25 04:02:02;0.90610;;-0.60;27.76;
2020.11.24 11:00:10;Sell;0.01;AUDUSD;0.73584;;;2020.11.24 16:09:39;0.73147;;;4.37;
2020.11.24 05:00:10;Sell;0.01;AUDUSD;0.73134;;;2020.11.24 16:09:37;0.73158;;;-0.24;
2020.11.18 16:00:17;Buy;0.01;AUDNZD;1.05612;;;2020.11.24 16:06:18;1.05280;;-0.53;-2.30;
2020.11.18 02:00:08;Buy;0.01;AUDNZD;1.05900;;;2020.11.24 16:06:17;1.05273;;-0.53;-4.36;
2020.11.24 04:00:10;Buy;0.05;AUDNZD;1.04935;;;2020.11.24 16:06:15;1.05273;;;11.76;
2020.11.20 12:00:08;Buy;0.03;AUDNZD;1.05150;;;2020.11.24 16:06:13;1.05275;;-0.52;2.61;
2020.11.19 16:00:17;Buy;0.02;AUDNZD;1.05408;;;2020.11.24 16:06:11;1.05279;;-0.51;-1.80;
2020.11.23 18:02:38;Buy;0.01;AUDCAD;0.95341;;;2020.11.24 10:04:04;0.95751;;-0.09;3.14;
2020.11.20 22:00:06;Buy;0.01;AUDCAD;0.95764;;;2020.11.24 10:04:02;0.95751;;-0.18;-0.10;
2020.11.23 17:00:09;Buy;0.01;AUDUSD;0.73035;;;2020.11.24 03:05:01;0.73111;;-0.02;0.76;
2020.11.23 18:00:05;Buy;0.01;AUDUSD;0.72810;;;2020.11.24 03:04:55;0.73102;;-0.02;2.92;
2020.11.23 15:00:20;Sell;0.02;GBPCAD;1.74739;;;2020.11.23 18:02:40;1.74077;;;10.11;
2020.11.23 04:00:08;Sell;0.01;GBPCAD;1.74139;;;2020.11.23 18:02:32;1.74064;;;0.57;
2020.11.20 14:00:07;Sell;0.01;AUDUSD;0.73118;;;2020.11.23 16:48:57;0.73052;;-0.02;0.66;
2020.11.23 11:00:09;Sell;0.02;AUDUSD;0.73276;;;2020.11.23 16:48:55;0.73062;;;4.28;
2020.11.20 08:00:07;Sell;0.01;AUDUSD;0.72951;;;2020.11.23 16:48:46;0.73042;;-0.02;-0.91;
2020.11.17 00:00:04;Buy;0.01;AUDCAD;0.95732;;;2020.11.20 21:59:42;0.95725;;-0.45;-0.05;
2020.11.19 12:00:07;Buy;0.01;AUDCAD;0.95295;;;2020.11.20 21:59:33;0.95718;;-0.09;3.23;
2020.11.20 00:00:05;Buy;0.01;AUDUSD;0.72875;;;2020.11.20 06:59:32;0.72945;;;0.70;
2020.11.20 02:00:06;Buy;0.01;AUDUSD;0.72695;;;2020.11.20 06:59:29;0.72950;;;2.55;
2020.11.19 11:00:06;Buy;0.01;AUDUSD;0.72689;;;2020.11.19 22:56:22;0.72955;;;2.66;
2020.11.19 03:00:08;Buy;0.01;AUDUSD;0.72905;;;2020.11.19 22:56:20;0.72955;;;0.50;
2020.11.11 06:00:10;Sell;0.01;AUDCAD;0.95198;;;2020.11.19 19:06:43;0.95017;;-0.72;1.38;
2020.11.13 19:00:09;Sell;0.02;AUDCAD;0.95515;;;2020.11.19 19:06:41;0.95018;;-0.89;7.60;
2020.11.03 19:00:15;Sell;0.02;AUDCAD;0.94006;;;2020.11.19 19:04:56;0.95030;;-2.65;-15.65;
2020.11.03 12:00:12;Sell;0.01;AUDCAD;0.93625;;;2020.11.19 19:04:54;0.95033;;-1.29;-10.76;
2020.11.03 06:00:05;Sell;0.01;AUDCAD;0.93162;;;2020.11.19 19:04:52;0.95033;;-1.29;-14.30;
2020.11.16 18:02:52;Sell;0.13;AUDCAD;0.95691;;;2020.11.19 19:04:50;0.95033;;-4.76;65.38;
2020.11.12 17:00:15;Sell;0.08;AUDCAD;0.95309;;;2020.11.19 19:04:49;0.95035;;-4.11;16.75;
2020.11.05 21:00:24;Sell;0.05;AUDCAD;0.94914;;;2020.11.19 19:04:48;0.95035;;-5.14;-4.63;
2020.11.05 11:00:13;Sell;0.03;AUDCAD;0.94483;;;2020.11.19 19:04:47;0.95035;;-3.08;-12.65;
2020.11.17 16:00:12;Sell;0.01;GBPCAD;1.73758;;;2020.11.19 10:07:14;1.73073;;-0.53;5.23;
2020.11.18 11:00:10;Sell;0.01;AUDUSD;0.73177;;;2020.11.19 02:11:02;0.72875;;-0.05;3.02;
2020.11.18 03:00:10;Buy;0.01;AUDUSD;0.72793;;;2020.11.18 10:12:29;0.73100;;;3.07;
2020.11.16 18:00:03;Sell;0.03;AUDUSD;0.73200;;;2020.11.18 01:27:28;0.72894;;-0.10;9.18;
2020.11.16 02:00:03;Sell;0.02;AUDUSD;0.72893;;;2020.11.18 01:27:26;0.72894;;-0.08;-0.02;
2020.11.13 20:00:06;Sell;0.01;AUDUSD;0.72693;;;2020.11.18 01:27:24;0.72894;;-0.06;-2.01;
2020.11.13 12:00:04;Sell;0.01;AUDUSD;0.72504;;;2020.11.18 01:27:22;0.72894;;-0.06;-3.90;
2020.11.17 17:00:31;Buy;0.01;AUDNZD;1.06043;;;2020.11.17 17:09:02;1.06076;;;0.23;
2020.11.17 11:01:13;Sell;0.01;AUDNZD;1.06266;;;2020.11.17 13:59:50;1.06157;;;0.75;
2020.11.17 00:00:03;Buy;0.01;AUDNZD;1.06045;;;2020.11.17 09:51:27;1.06112;;;0.46;
2020.11.13 19:00:11;Buy;0.01;AUDCAD;0.95551;;;2020.11.16 22:11:50;0.95802;;-0.09;1.91;
2020.11.16 13:00:08;Sell;0.01;AUDNZD;1.06122;;;2020.11.16 16:32:09;1.06031;;;0.63;
2020.11.13 10:00:09;Sell;0.01;GBPCAD;1.73008;;;2020.11.16 14:42:36;1.72399;;-0.13;4.66;
2020.11.16 04:00:09;Buy;0.01;AUDNZD;1.05922;;;2020.11.16 06:41:33;1.06011;;;0.61;
2020.11.13 20:00:11;Sell;0.01;AUDNZD;1.06187;;;2020.11.16 01:48:47;1.06107;;-0.08;0.55;
2020.11.11 06:00:12;Buy;0.01;AUDCAD;0.95249;;;2020.11.13 18:59:11;0.95512;;-0.36;2.00;
2020.11.13 11:00:06;Sell;0.01;AUDNZD;1.06140;;;2020.11.13 16:59:44;1.06052;;;0.60;
2020.11.12 20:00:05;Buy;0.01;AUDUSD;0.72451;;;2020.11.13 12:00:02;0.72504;;-0.02;0.53;
2020.11.12 14:00:08;Buy;0.01;AUDUSD;0.72635;;;2020.11.13 12:00:00;0.72504;;-0.02;-1.31;
2020.11.13 01:00:06;Buy;0.02;AUDUSD;0.72302;;;2020.11.13 11:59:57;0.72504;;;4.04;
2020.11.06 02:00:06;Sell;0.04;NZDCAD;0.88468;;;2020.11.13 11:36:31;0.89559;;-2.04;-33.21;
2020.11.03 18:00:08;Sell;0.02;NZDCAD;0.87990;;;2020.11.13 11:36:30;0.89557;;-1.74;-23.85;
2020.11.12 02:00:15;Sell;0.32;NZDCAD;0.90076;;;2020.11.13 11:36:28;0.89557;;-2.34;126.38;
2020.11.11 05:00:09;Sell;0.16;NZDCAD;0.89547;;;2020.11.13 11:36:27;0.89556;;-4.70;-1.09;
2020.11.10 05:00:08;Sell;0.08;NZDCAD;0.88906;;;2020.11.13 11:36:25;0.89557;;-2.94;-39.63;
2020.11.06 04:00:06;Sell;0.01;NZDCAD;0.88637;;;2020.11.13 11:00:12;0.89652;;-0.50;-7.72;
2020.11.12 02:00:16;Sell;0.08;NZDCAD;0.90077;;;2020.11.13 11:00:11;0.89652;;-0.59;25.85;
2020.11.11 06:00:08;Sell;0.04;NZDCAD;0.89720;;;2020.11.13 11:00:10;0.89654;;-1.17;2.00;
2020.11.11 04:00:09;Sell;0.02;NZDCAD;0.89345;;;2020.11.13 11:00:08;0.89654;;-0.59;-4.70;
2020.11.13 07:00:08;Sell;0.01;AUDNZD;1.06034;;;2020.11.13 07:06:46;1.05944;;;0.61;
2020.11.10 00:00:03;Buy;0.01;AUDNZD;1.06789;;;2020.11.13 06:41:42;1.05967;;-0.44;-5.61;
2020.11.09 19:00:47;Buy;0.01;AUDNZD;1.06896;;;2020.11.13 06:41:41;1.05966;;-0.53;-6.35;
2020.11.12 02:00:17;Buy;0.08;AUDNZD;1.05576;;;2020.11.13 06:41:39;1.05966;;-0.68;21.29;
2020.11.11 15:01:18;Buy;0.05;AUDNZD;1.05829;;;2020.11.13 06:41:38;1.05965;;-1.72;4.64;
2020.11.11 08:00:08;Buy;0.03;AUDNZD;1.06019;;;2020.11.13 06:41:36;1.05961;;-1.03;-1.19;
2020.11.11 04:00:11;Buy;0.02;AUDNZD;1.06262;;;2020.11.13 06:41:34;1.05962;;-0.68;-4.10;
2020.11.11 00:00:05;Sell;0.01;GBPCAD;1.72938;;;2020.11.12 13:33:50;1.72229;;-0.40;5.43;
2020.11.11 15:00:10;Buy;0.01;AUDUSD;0.72733;;;2020.11.12 12:18:25;0.72795;;-0.07;0.62;
2020.11.12 10:00:07;Buy;0.01;AUDUSD;0.72546;;;2020.11.12 12:18:22;0.72794;;;2.48;
2020.11.11 05:00:07;Sell;0.01;AUDUSD;0.72997;;;2020.11.11 14:13:18;0.72710;;;2.87;
2020.11.10 15:00:26;Buy;0.01;AUDCAD;0.94887;;;2020.11.11 05:11:00;0.95107;;-0.09;1.69;
2020.11.09 19:00:06;Buy;0.02;AUDUSD;0.72740;;;2020.11.11 04:43:00;0.73006;;-0.10;5.32;
2020.11.09 17:00:04;Buy;0.01;AUDUSD;0.72996;;;2020.11.11 04:42:59;0.73004;;-0.04;0.08;
2020.11.09 16:00:03;Buy;0.01;AUDUSD;0.73270;;;2020.11.11 04:42:57;0.73004;;-0.04;-2.66;
2020.11.10 13:00:28;Sell;0.02;GBPCAD;1.72661;;;2020.11.10 18:41:56;1.71915;;;11.48;
2020.11.10 11:00:21;Sell;0.01;GBPCAD;1.71952;;;2020.11.10 18:41:54;1.71915;;;0.29;
2020.11.09 19:00:51;Buy;0.01;AUDCAD;0.94452;;;2020.11.10 14:32:52;0.94887;;-0.09;3.34;
2020.11.05 21:00:22;Buy;0.01;AUDCAD;0.94971;;;2020.11.10 14:32:50;0.94888;;-0.27;-0.64;
2020.11.09 19:00:49;Buy;0.01;AUDCAD;0.94456;;;2020.11.10 14:32:27;0.94873;;-0.09;3.20;
2020.11.06 02:00:03;Sell;0.04;AUDCAD;0.94984;;;2020.11.09 18:09:12;0.94507;;-0.29;14.71;
2020.11.05 12:00:05;Sell;0.02;AUDCAD;0.94649;;;2020.11.09 18:09:10;0.94513;;-0.30;2.10;
2020.11.04 22:00:07;Sell;0.01;AUDCAD;0.94348;;;2020.11.09 18:09:09;0.94506;;-0.36;-1.22;
2020.11.09 16:00:18;Buy;0.01;AUDNZD;1.07075;;;2020.11.09 16:24:29;1.07169;;;0.64;
2020.11.09 14:00:04;Sell;0.01;AUDUSD;0.73175;;;2020.11.09 15:25:27;0.73089;;;0.86;
2020.11.09 15:00:08;Sell;0.02;AUDUSD;0.73352;;;2020.11.09 15:25:26;0.73089;;;5.26;
2020.11.09 02:00:05;Sell;0.01;AUDUSD;0.72853;;;2020.11.09 15:25:21;0.73107;;;-2.54;
2020.11.09 14:03:57;Sell;0.01;AUDNZD;1.07132;;;2020.11.09 15:07:27;1.07071;;;0.42;
2020.11.09 11:00:17;Buy;0.01;AUDNZD;1.06948;;;2020.11.09 13:49:16;1.07089;;;0.96;
2020.11.09 03:00:06;Buy;0.01;AUDNZD;1.07043;;;2020.11.09 07:24:16;1.07136;;;0.63;
2020.11.06 21:00:07;Sell;0.01;AUDNZD;1.07247;;;2020.11.09 02:02:18;1.07157;;-0.08;0.61;
2020.11.06 17:00:06;Buy;0.01;AUDUSD;0.72529;;;2020.11.09 01:10:20;0.72816;;-0.02;2.87;
2020.11.06 06:00:16;Buy;0.01;AUDNZD;1.07026;;;2020.11.06 17:52:22;1.07209;;;1.24;
2020.11.06 03:00:11;Buy;0.01;AUDNZD;1.07245;;;2020.11.06 17:52:21;1.07209;;;-0.25;
2020.11.05 12:00:03;Sell;0.01;AUDUSD;0.72113;;;2020.11.06 16:52:50;0.72399;;-0.02;-2.86;
2020.11.05 15:00:06;Sell;0.01;AUDUSD;0.72449;;;2020.11.06 16:52:49;0.72397;;-0.02;0.52;
2020.11.05 18:00:09;Sell;0.02;AUDUSD;0.72700;;;2020.11.06 16:52:42;0.72425;;-0.04;5.50;
2020.11.06 02:00:08;Sell;0.01;GBPCAD;1.71857;;;2020.11.06 16:23:27;1.71327;;;4.06;
2020.11.05 18:00:35;Sell;0.01;AUDNZD;1.07445;;;2020.11.06 02:58:54;1.07223;;-0.08;1.51;
2020.11.05 11:00:15;Sell;0.01;AUDNZD;1.07150;;;2020.11.06 02:58:53;1.07221;;-0.08;-0.48;
2020.11.05 12:00:08;Buy;0.01;AUDCAD;0.94691;;;2020.11.05 20:49:12;0.94950;;;1.99;
2020.11.04 12:00:10;Buy;0.01;NZDCAD;0.87765;;;2020.11.05 12:00:10;0.88295;;-0.24;4.04;
2020.11.04 15:00:37;Buy;0.01;AUDCAD;0.94344;;;2020.11.05 11:17:10;0.94576;;-0.27;1.76;
2020.11.05 04:00:06;Buy;0.01;AUDUSD;0.71656;;;2020.11.05 10:00:28;0.71932;;;2.76;
2020.11.05 01:00:31;Buy;0.01;GBPCAD;1.70026;;;2020.11.05 09:19:43;1.70844;;;6.23;
2020.11.05 06:00:04;Sell;0.01;AUDNZD;1.07044;;;2020.11.05 06:27:08;1.06968;;;0.51;
2020.11.05 05:00:07;Buy;0.01;AUDNZD;1.06923;;;2020.11.05 05:28:36;1.07014;;;0.61;
2020.11.04 15:00:38;Sell;0.01;AUDNZD;1.07306;;;2020.11.05 04:07:00;1.07006;;-0.23;2.00;
2020.11.04 12:00:26;Sell;0.01;AUDNZD;1.06849;;;2020.11.05 04:06:58;1.07009;;-0.23;-1.07;
2020.11.04 19:00:06;Sell;0.01;AUDUSD;0.71912;;;2020.11.05 03:39:17;0.71614;;-0.05;2.98;
2020.11.04 16:00:04;Buy;0.01;AUDUSD;0.71389;;;2020.11.04 17:20:45;0.71680;;;2.91;
2020.11.04 14:00:13;Sell;0.01;AUDUSD;0.71286;;;2020.11.04 15:58:30;0.71362;;;-0.76;
2020.11.04 13:00:12;Sell;0.01;AUDUSD;0.71108;;;2020.11.04 15:58:29;0.71357;;;-2.49;
2020.11.04 15:00:11;Sell;0.02;AUDUSD;0.71674;;;2020.11.04 15:58:23;0.71348;;;6.52;
2020.11.04 08:00:11;Buy;0.01;AUDCAD;0.94072;;;2020.11.04 14:55:58;0.94307;;;1.79;
2020.11.04 10:00:12;Buy;0.01;AUDUSD;0.70821;;;2020.11.04 12:47:34;0.71123;;;3.02;
2020.11.04 06:00:09;Sell;0.01;AUDNZD;1.06747;;;2020.11.04 09:42:13;1.06695;;;0.34;
2020.11.04 06:00:06;Sell;0.01;AUDUSD;0.71050;;;2020.11.04 09:29:14;0.70784;;;2.66;
2020.11.04 05:00:59;Buy;0.01;AUDCAD;0.93942;;;2020.11.04 07:12:10;0.94232;;;2.20;
2020.11.04 02:00:05;Buy;0.01;AUDCAD;0.94326;;;2020.11.04 07:12:04;0.94254;;;-0.54;
2020.11.04 05:00:11;Buy;0.01;AUDUSD;0.70810;;;2020.11.04 05:04:10;0.71048;;;2.38;
2020.11.04 05:01:01;Buy;0.01;AUDNZD;1.06627;;;2020.11.04 05:04:04;1.06708;;;0.53;
2020.11.04 04:00:12;Sell;0.01;AUDUSD;0.71389;;;2020.11.04 04:23:31;0.71124;;;2.65;
2020.11.04 03:00:06;Buy;0.01;AUDUSD;0.71312;;;2020.11.04 03:09:48;0.71592;;;2.80;
2020.11.03 21:00:21;Sell;0.01;AUDNZD;1.06888;;;2020.11.04 03:04:03;1.06752;;-0.08;0.91;
2020.11.03 12:00:11;Sell;0.01;AUDNZD;1.06668;;;2020.11.04 03:04:02;1.06746;;-0.08;-0.52;
2020.11.04 02:00:11;Sell;0.03;AUDUSD;0.71941;;;2020.11.04 02:55:27;0.71526;;;12.45;
2020.11.03 18:00:07;Sell;0.02;AUDUSD;0.71656;;;2020.11.04 02:55:25;0.71536;;-0.04;2.40;
2020.11.03 12:00:09;Sell;0.01;AUDUSD;0.71251;;;2020.11.04 02:55:23;0.71536;;-0.02;-2.85;
2020.11.03 10:00:05;Sell;0.01;AUDUSD;0.70683;;;2020.11.04 02:55:22;0.71543;;-0.02;-8.60;
2020.11.02 20:00:07;Buy;0.01;NZDCAD;0.87735;;;2020.11.04 02:00:09;0.88128;;-0.16;3.00;
2020.11.03 19:00:13;Buy;0.01;AUDCAD;0.94048;;;2020.11.04 01:31:37;0.94307;;-0.09;1.98;
2020.10.15 02:00:05;Buy;0.01;AUDNZD;1.07334;;;2020.11.03 23:00:26;1.06919;;-1.46;-2.77;
2020.10.22 09:00:09;Buy;0.04;AUDNZD;1.06658;;;2020.11.03 23:00:24;1.06921;;-3.64;7.03;
2020.10.19 16:00:09;Buy;0.02;AUDNZD;1.06981;;;2020.11.03 23:00:23;1.06920;;-2.64;-0.81;
2020.10.27 17:00:05;Buy;0.08;AUDNZD;1.06287;;;2020.11.03 23:00:16;1.06919;;-5.29;33.77;
2020.11.02 21:00:09;Buy;0.02;GBPCAD;1.70978;;;2020.11.03 20:22:33;1.71710;;-0.32;11.12;
2020.11.02 11:00:24;Buy;0.01;GBPCAD;1.71492;;;2020.11.03 20:22:31;1.71712;;-0.16;1.67;
2020.11.03 14:00:10;Buy;0.01;AUDCAD;0.93848;;;2020.11.03 18:28:51;0.94084;;;1.79;
2020.11.03 00:00:06;Buy;0.04;NZDCAD;0.87707;;;2020.11.03 17:57:28;0.88012;;;9.31;
2020.10.30 21:08:32;Buy;0.02;NZDCAD;0.88076;;;2020.11.03 17:57:26;0.88014;;-0.32;-0.95;
2020.11.02 20:00:09;Buy;0.01;AUDCAD;0.93314;;;2020.11.03 13:42:27;0.93777;;-0.09;3.52;
2020.11.02 22:00:09;Buy;0.02;AUDCAD;0.93281;;;2020.11.03 13:22:00;0.93731;;-0.17;6.84;
2020.10.29 19:00:15;Buy;0.01;AUDCAD;0.93663;;;2020.11.03 13:21:58;0.93731;;-0.27;0.52;
2020.10.26 13:00:16;Buy;0.01;AUDCAD;0.94090;;;2020.11.03 13:21:57;0.93729;;-0.71;-2.74;
2020.10.13 05:00:35;Buy;0.01;AUDNZD;1.08124;;;2020.11.03 11:16:07;1.06635;;-1.71;-9.93;
2020.10.13 22:00:15;Buy;0.02;AUDNZD;1.07684;;;2020.11.03 11:16:04;1.06637;;-3.47;-13.95;
2020.10.13 17:00:29;Buy;0.01;AUDNZD;1.07943;;;2020.11.03 11:16:02;1.06638;;-1.71;-8.70;
2020.10.28 01:00:11;Buy;0.34;AUDNZD;1.06280;;;2020.11.03 11:16:00;1.06638;;-16.77;81.14;
2020.10.26 10:00:08;Buy;0.21;AUDNZD;1.06407;;;2020.11.03 11:15:59;1.06638;;-13.85;32.33;
2020.10.22 12:00:23;Buy;0.13;AUDNZD;1.06631;;;2020.11.03 11:15:57;1.06638;;-10.73;0.60;
2020.10.21 15:00:09;Buy;0.08;AUDNZD;1.06842;;;2020.11.03 11:15:56;1.06641;;-8.61;-10.72;
2020.10.19 00:39:48;Buy;0.05;AUDNZD;1.07193;;;2020.11.03 11:15:55;1.06647;;-6.20;-18.20;
2020.10.15 02:00:17;Buy;0.03;AUDNZD;1.07323;;;2020.11.03 11:15:53;1.06647;;-4.24;-13.52;
2020.11.03 07:00:05;Buy;0.01;AUDUSD;0.70303;;;2020.11.03 09:08:09;0.70537;;;2.34;
2020.11.03 06:00:03;Buy;0.01;AUDUSD;0.70460;;;2020.11.03 09:08:08;0.70535;;;0.75;
2020.11.03 04:00:09;Sell;0.02;AUDUSD;0.70596;;;2020.11.03 05:47:13;0.70374;;;4.44;
2020.11.02 14:00:10;Sell;0.01;AUDUSD;0.70416;;;2020.11.03 05:47:11;0.70374;;-0.02;0.42;
2020.11.02 04:00:03;Sell;0.01;AUDUSD;0.70207;;;2020.11.03 05:47:09;0.70374;;-0.02;-1.67;
2020.11.02 07:00:11;Sell;0.01;AUDCAD;0.93403;;;2020.11.03 05:31:17;0.93291;;-0.07;0.84;
2020.10.26 13:00:14;Sell;0.03;AUDCAD;0.94062;;;2020.11.02 06:37:51;0.93447;;-1.50;13.83;
2020.10.21 20:00:37;Sell;0.02;AUDCAD;0.93564;;;2020.11.02 06:37:49;0.93447;;-1.71;1.75;
2020.10.21 16:00:10;Sell;0.01;AUDCAD;0.93137;;;2020.11.02 06:37:47;0.93447;;-0.85;-2.33;
2020.10.20 17:01:28;Sell;0.01;AUDCAD;0.92621;;;2020.11.02 06:37:46;0.93447;;-0.92;-6.19;
2020.11.02 01:00:07;Buy;0.01;AUDUSD;0.70199;;;2020.11.02 03:50:52;0.70249;;;0.50;
2020.10.30 18:14:33;Buy;0.01;AUDUSD;0.70408;;;2020.11.02 03:50:50;0.70247;;-0.02;-1.61;
2020.11.02 03:00:07;Buy;0.02;AUDUSD;0.70014;;;2020.11.02 03:50:44;0.70248;;;4.68;
2020.10.26 13:00:12;Sell;0.02;AUDCAD;0.94063;;;2020.10.30 20:05:40;0.93585;;-0.85;7.18;
2020.10.23 12:00:07;Sell;0.01;AUDCAD;0.93768;;;2020.10.30 20:05:38;0.93585;;-0.49;1.37;
2020.10.30 16:00:09;Sell;0.01;NZDCAD;0.88596;;;2020.10.30 19:00:06;0.88136;;;3.45;
2020.10.30 16:00:08;Sell;0.01;AUDUSD;0.70668;;;2020.10.30 17:41:33;0.70388;;;2.80;
2020.10.30 06:00:04;Buy;0.02;NZDCAD;0.88185;;;2020.10.30 15:48:57;0.88597;;;6.20;
2020.10.30 09:00:05;Buy;0.01;AUDUSD;0.70265;;;2020.10.30 15:44:54;0.70587;;;3.22;
2020.10.30 05:00:09;Sell;0.01;AUDUSD;0.70511;;;2020.10.30 08:34:13;0.70277;;;2.34;
2020.10.29 23:00:05;Sell;0.01;AUDUSD;0.70360;;;2020.10.30 08:34:11;0.70276;;-0.02;0.84;
2020.10.29 15:00:07;Buy;0.01;AUDUSD;0.70259;;;2020.10.29 22:04:21;0.70307;;;0.48;
2020.10.29 12:00:07;Buy;0.01;AUDUSD;0.70500;;;2020.10.29 22:04:20;0.70307;;;-1.93;
2020.10.29 19:00:10;Buy;0.02;AUDUSD;0.70077;;;2020.10.29 22:04:16;0.70308;;;4.62;
2020.10.23 14:00:07;Sell;0.02;NZDCAD;0.87852;;;2020.10.29 19:00:13;0.88224;;-0.85;-5.56;
2020.10.21 19:00:09;Sell;0.01;NZDCAD;0.87498;;;2020.10.29 19:00:11;0.88231;;-0.70;-5.49;
2020.10.28 19:00:06;Sell;0.08;NZDCAD;0.88697;;;2020.10.29 19:00:09;0.88224;;-1.70;28.32;
2020.10.26 13:00:08;Sell;0.04;NZDCAD;0.88242;;;2020.10.29 19:00:07;0.88234;;-1.43;0.24;
2020.10.28 19:00:08;Sell;0.16;NZDCAD;0.88688;;;2020.10.29 18:51:57;0.88259;;-3.40;51.36;
2020.10.26 13:00:10;Sell;0.08;NZDCAD;0.88244;;;2020.10.29 18:51:56;0.88259;;-2.84;-0.90;
2020.10.22 15:00:08;Sell;0.04;NZDCAD;0.87725;;;2020.10.29 18:51:54;0.88259;;-2.01;-15.99;
2020.10.21 17:00:18;Sell;0.02;NZDCAD;0.87261;;;2020.10.29 18:51:52;0.88249;;-1.42;-14.79;
2020.10.28 18:00:06;Buy;0.05;AUDUSD;0.70450;;;2020.10.29 09:21:34;0.70722;;-0.32;13.60;
2020.10.28 16:00:08;Buy;0.03;AUDUSD;0.70654;;;2020.10.29 09:21:33;0.70721;;-0.19;2.01;
2020.10.28 14:00:08;Buy;0.02;AUDUSD;0.70856;;;2020.10.29 09:21:31;0.70727;;-0.13;-2.58;
2020.10.28 13:00:07;Buy;0.01;AUDUSD;0.71065;;;2020.10.29 09:21:29;0.70727;;-0.06;-3.38;
2020.10.28 12:00:06;Buy;0.01;AUDUSD;0.71249;;;2020.10.29 09:21:27;0.70729;;-0.06;-5.20;
2020.10.28 09:00:10;Sell;0.01;AUDUSD;0.71515;;;2020.10.28 11:28:21;0.71213;;;3.02;
2020.10.26 02:00:11;Buy;0.01;AUDUSD;0.71190;;;2020.10.28 08:44:03;0.71494;;-0.04;3.04;
2020.10.26 15:00:09;Sell;0.01;GBPCAD;1.72176;;;2020.10.26 17:03:17;1.71555;;;4.71;
2020.10.23 21:00:03;Buy;0.01;GBPCAD;1.71273;;;2020.10.26 12:56:46;1.71987;;-0.16;5.42;
2020.10.23 16:00:13;Buy;0.01;AUDCAD;0.93739;;;2020.10.26 12:15:09;0.94018;;-0.09;2.11;
2020.10.23 17:00:09;Buy;0.01;AUDUSD;0.71143;;;2020.10.23 23:32:21;0.71430;;;2.87;
2020.10.23 13:00:03;Sell;0.01;AUDUSD;0.71484;;;2020.10.23 16:34:01;0.71244;;;2.40;
2020.10.23 11:00:09;Sell;0.01;AUDUSD;0.71338;;;2020.10.23 16:33:59;0.71245;;;0.93;
2020.10.21 20:00:35;Buy;0.01;AUDCAD;0.93590;;;2020.10.23 15:12:21;0.93853;;-0.35;2.00;
2020.10.23 02:00:05;Sell;0.01;AUDUSD;0.71330;;;2020.10.23 08:19:05;0.71070;;;2.60;
2020.10.22 11:00:07;Sell;0.01;AUDUSD;0.71136;;;2020.10.23 08:19:04;0.71073;;-0.02;0.63;
2020.10.21 18:00:14;Sell;0.02;GBPCAD;1.72455;;;2020.10.22 18:24:34;1.71759;;-0.80;10.61;
2020.10.21 16:00:13;Sell;0.01;GBPCAD;1.71629;;;2020.10.22 18:24:27;1.71787;;-0.40;-1.20;
2020.10.22 07:00:03;Buy;0.01;AUDUSD;0.70907;;;2020.10.22 10:28:31;0.71137;;;2.30;
2020.10.22 03:00:09;Buy;0.01;AUDUSD;0.71047;;;2020.10.22 10:28:30;0.71138;;;0.91;
2020.10.21 11:00:09;Sell;0.01;AUDUSD;0.70853;;;2020.10.22 02:41:41;0.71014;;-0.05;-1.61;
2020.10.21 18:00:10;Sell;0.02;AUDUSD;0.71217;;;2020.10.22 02:41:39;0.71014;;-0.11;4.06;
2020.10.21 16:00:08;Sell;0.01;AUDUSD;0.71050;;;2020.10.22 02:41:37;0.71010;;-0.05;0.40;
2020.10.21 17:00:40;Buy;0.01;AUDCAD;0.93266;;;2020.10.21 19:03:08;0.93530;;;2.01;
2020.10.06 23:00:11;Buy;0.02;AUDCAD;0.94672;;;2020.10.21 18:36:46;0.93493;;-2.62;-17.96;
2020.10.02 08:00:21;Buy;0.01;AUDCAD;0.95057;;;2020.10.21 18:36:45;0.93494;;-1.51;-11.90;
2020.10.20 15:00:13;Buy;0.32;AUDCAD;0.92710;;;2020.10.21 18:36:43;0.93494;;-2.77;191.07;
2020.10.15 12:00:26;Buy;0.16;AUDCAD;0.93299;;;2020.10.21 18:36:41;0.93495;;-5.55;23.88;
2020.10.15 02:00:12;Buy;0.08;AUDCAD;0.93896;;;2020.10.21 18:36:37;0.93495;;-2.76;-24.43;
2020.10.13 04:00:09;Buy;0.04;AUDCAD;0.94330;;;2020.10.21 18:36:36;0.93496;;-2.80;-25.41;
2020.10.21 03:00:08;Buy;0.21;AUDCAD;0.92521;;;2020.10.21 17:00:16;0.93227;;;113.08;
2020.10.20 09:00:11;Buy;0.13;AUDCAD;0.92909;;;2020.10.21 17:00:14;0.93226;;-1.12;31.43;
2020.10.15 12:00:28;Buy;0.08;AUDCAD;0.93299;;;2020.10.21 17:00:12;0.93224;;-2.76;-4.58;
2020.10.15 02:00:13;Buy;0.05;AUDCAD;0.93907;;;2020.10.21 17:00:10;0.93226;;-1.72;-25.97;
2020.10.13 04:00:13;Buy;0.03;AUDCAD;0.94329;;;2020.10.21 17:00:08;0.93227;;-2.09;-25.22;
2020.10.06 14:03:59;Buy;0.02;AUDCAD;0.94808;;;2020.10.21 17:00:06;0.93228;;-2.62;-24.10;
2020.10.02 07:00:09;Buy;0.01;AUDCAD;0.95226;;;2020.10.21 17:00:04;0.93227;;-1.51;-15.24;
2020.09.30 03:00:36;Buy;0.01;AUDCAD;0.95650;;;2020.10.21 17:00:02;0.93227;;-1.86;-18.48;
2020.10.20 12:00:04;Buy;0.01;NZDCAD;0.86596;;;2020.10.21 16:00:06;0.87103;;-0.08;3.87;
2020.10.20 10:00:09;Buy;0.04;NZDCAD;0.86702;;;2020.10.21 15:23:11;0.87053;;-0.31;10.70;
2020.10.19 22:00:13;Buy;0.02;NZDCAD;0.87161;;;2020.10.21 15:23:09;0.87053;;-0.32;-1.64;
2020.10.20 19:00:07;Buy;0.01;GBPCAD;1.69918;;;2020.10.21 10:17:32;1.70583;;-0.16;5.07;
2020.10.20 23:00:08;Buy;0.01;AUDUSD;0.70538;;;2020.10.21 09:20:13;0.70828;;-0.02;2.90;
2020.10.19 22:00:11;Buy;0.01;AUDUSD;0.70645;;;2020.10.20 20:36:54;0.70691;;-0.02;0.46;
2020.10.20 05:00:05;Buy;0.01;AUDUSD;0.70416;;;2020.10.20 20:36:51;0.70691;;;2.75;
2020.10.20 05:00:09;Sell;0.01;AUDCAD;0.92920;;;2020.10.20 16:16:25;0.92645;;;2.09;
2020.10.19 20:00:10;Sell;0.01;AUDCAD;0.93238;;;2020.10.20 04:04:05;0.92966;;-0.07;2.06;
2020.10.19 12:00:06;Sell;0.01;NZDCAD;0.87402;;;2020.10.20 03:00:05;0.86968;;-0.07;3.29;
2020.10.19 13:00:05;Sell;0.01;AUDUSD;0.71083;;;2020.10.19 21:02:02;0.70790;;;2.93;
2020.10.15 11:00:11;Sell;0.01;AUDCAD;0.93510;;;2020.10.19 19:05:51;0.93245;;-0.14;2.01;
2020.10.15 12:00:14;Buy;0.03;AUDUSD;0.70703;;;2020.10.19 12:44:00;0.71109;;-0.12;12.18;
2020.10.15 10:00:09;Buy;0.02;AUDUSD;0.71113;;;2020.10.19 12:43:58;0.71106;;-0.08;-0.14;
2020.10.15 02:00:07;Buy;0.01;AUDUSD;0.71387;;;2020.10.19 12:43:56;0.71106;;-0.04;-2.81;
2020.10.15 00:00:26;Buy;0.01;AUDUSD;0.71629;;;2020.10.19 12:43:55;0.71106;;-0.04;-5.23;
2020.10.15 12:00:12;Buy;0.02;NZDCAD;0.87047;;;2020.10.19 12:18:24;0.87425;;-0.32;5.73;
2020.10.16 14:00:37;Buy;0.01;GBPCAD;1.70111;;;2020.10.19 10:33:27;1.70980;;-0.16;6.59;
2020.10.14 18:00:20;Sell;0.01;NZDCAD;0.87729;;;2020.10.15 12:00:11;0.87044;;-0.21;5.19;
2020.10.09 18:00:07;Sell;0.02;NZDCAD;0.87449;;;2020.10.15 11:48:55;0.87081;;-0.85;5.58;
2020.10.15 08:00:09;Sell;0.01;AUDCAD;0.93795;;;2020.10.15 10:01:23;0.93521;;;2.08;
2020.10.13 20:00:10;Sell;0.01;AUDCAD;0.94004;;;2020.10.15 07:10:47;0.93735;;-0.29;2.04;
2020.10.14 16:00:05;Sell;0.01;AUDUSD;0.71859;;;2020.10.14 19:24:37;0.71542;;;3.17;
2020.10.13 17:00:11;Buy;0.01;AUDUSD;0.71671;;;2020.10.14 15:50:36;0.71895;;-0.02;2.24;
2020.10.13 04:00:07;Buy;0.01;AUDUSD;0.71816;;;2020.10.14 15:50:35;0.71897;;-0.02;0.81;
2020.10.07 00:00:33;Buy;0.01;GBPCAD;1.71465;;;2020.10.14 13:48:08;1.70248;;-1.12;-9.26;
2020.10.14 10:00:27;Buy;0.05;GBPCAD;1.69404;;;2020.10.14 13:48:01;1.70285;;;33.53;
2020.10.13 20:00:08;Buy;0.03;GBPCAD;1.70163;;;2020.10.14 13:48:00;1.70290;;-0.48;2.90;
2020.10.08 14:00:13;Buy;0.02;GBPCAD;1.70792;;;2020.10.14 13:47:58;1.70293;;-1.28;-7.59;
2020.10.13 04:00:11;Sell;0.01;AUDCAD;0.94301;;;2020.10.13 19:30:25;0.94034;;;2.04;
2020.10.08 04:00:09;Sell;0.01;AUDNZD;1.08850;;;2020.10.13 05:00:05;1.08146;;-0.24;4.67;
2020.10.07 09:00:07;Sell;0.01;AUDCAD;0.94866;;;2020.10.13 03:04:12;0.94450;;-0.43;3.17;
2020.10.07 00:00:29;Sell;0.01;AUDCAD;0.94494;;;2020.10.13 03:04:10;0.94448;;-0.43;0.35;
2020.10.09 12:00:06;Sell;0.03;AUDUSD;0.71902;;;2020.10.13 03:03:53;0.72014;;-0.12;-3.36;
2020.10.09 02:00:03;Sell;0.02;AUDUSD;0.71723;;;2020.10.13 03:03:51;0.72016;;-0.08;-5.86;
2020.10.08 09:00:05;Sell;0.01;AUDUSD;0.71538;;;2020.10.13 03:03:49;0.72017;;-0.06;-4.79;
2020.10.07 10:00:15;Sell;0.01;AUDUSD;0.71376;;;2020.10.13 03:03:47;0.72017;;-0.12;-6.41;
2020.10.09 18:00:05;Sell;0.08;AUDUSD;0.72274;;;2020.10.13 03:03:45;0.72023;;-0.30;20.08;
2020.10.09 16:00:07;Sell;0.05;AUDUSD;0.72112;;;2020.10.13 03:03:43;0.72024;;-0.20;4.40;
2020.10.08 04:00:11;Sell;0.03;AUDNZD;1.08848;;;2020.10.12 02:23:11;1.08446;;-0.46;8.04;
2020.10.07 20:00:09;Sell;0.02;AUDNZD;1.08427;;;2020.10.12 02:23:09;1.08446;;-0.76;-0.25;
2020.10.07 11:00:08;Sell;0.01;AUDNZD;1.08225;;;2020.10.12 02:23:07;1.08446;;-0.39;-1.47;
2020.10.07 04:00:04;Sell;0.01;AUDNZD;1.07968;;;2020.10.12 02:23:05;1.08446;;-0.39;-3.19;
2020.10.08 04:00:03;Buy;0.02;NZDCAD;0.86865;;;2020.10.09 17:00:10;0.87316;;-0.16;6.86;
2020.10.07 22:00:07;Buy;0.01;NZDCAD;0.87299;;;2020.10.09 17:00:08;0.87312;;-0.31;0.10;
2020.10.08 19:00:08;Buy;0.02;NZDCAD;0.86955;;;2020.10.09 16:55:24;0.87338;;-0.16;5.82;
2020.10.07 21:00:10;Buy;0.02;NZDCAD;0.87344;;;2020.10.08 10:10:23;0.87226;;-0.47;-1.78;
2020.10.08 04:00:07;Buy;0.04;NZDCAD;0.86866;;;2020.10.08 10:10:19;0.87226;;;10.87;
2020.10.06 14:00:29;Buy;0.01;AUDUSD;0.71478;;;2020.10.07 08:38:56;0.71261;;-0.02;-2.17;
2020.10.07 01:00:08;Buy;0.02;AUDUSD;0.71011;;;2020.10.07 08:38:55;0.71261;;;5.00;
2020.10.06 22:12:48;Buy;0.01;AUDUSD;0.71226;;;2020.10.07 08:38:54;0.71259;;-0.02;0.33;
2020.09.29 13:00:08;Sell;0.02;NZDCAD;0.88025;;;2020.10.07 00:59:21;0.87769;;-1.12;3.84;
2020.10.06 11:00:19;Sell;0.01;AUDCAD;0.94912;;;2020.10.06 23:41:22;0.94617;;;2.21;
2020.09.29 21:00:15;Sell;0.01;NZDCAD;0.88291;;;2020.10.06 22:12:47;0.87842;;-0.49;3.37;
2020.10.06 09:00:11;Buy;0.01;AUDNZD;1.07995;;;2020.10.06 21:32:23;1.07910;;;-0.56;
2020.10.06 13:00:06;Buy;0.01;AUDNZD;1.07649;;;2020.10.06 21:32:17;1.07903;;;1.68;
2020.09.29 18:00:28;Sell;0.03;AUDCAD;0.95397;;;2020.10.06 10:45:31;0.94856;;-1.54;12.23;
2020.09.29 12:00:08;Sell;0.02;AUDCAD;0.94979;;;2020.10.06 10:45:29;0.94856;;-1.04;1.86;
2020.09.28 15:00:11;Sell;0.01;AUDCAD;0.94586;;;2020.10.06 10:45:28;0.94856;;-0.57;-2.03;
2020.09.25 14:00:10;Sell;0.01;AUDCAD;0.94141;;;2020.10.06 10:45:26;0.94856;;-0.64;-5.39;
2020.10.05 04:00:08;Sell;0.01;AUDUSD;0.71820;;;2020.10.06 10:16:50;0.71492;;-0.02;3.28;
2020.10.05 12:00:10;Sell;0.01;AUDNZD;1.08078;;;2020.10.06 08:59:39;1.07993;;-0.08;0.57;
2020.10.05 03:00:32;Sell;0.01;AUDNZD;1.08063;;;2020.10.05 10:04:12;1.07980;;;0.55;
2020.10.02 12:00:19;Buy;0.01;AUDUSD;0.71484;;;2020.10.05 03:04:33;0.71780;;-0.02;2.96;
2020.10.02 09:00:57;Buy;0.02;AUDNZD;1.07749;;;2020.10.02 16:44:52;1.08000;;;3.32;
2020.10.01 21:01:52;Buy;0.01;AUDNZD;1.08055;;;2020.10.02 16:44:50;1.08005;;-0.08;-0.34;
2020.10.01 12:00:13;Buy;0.01;AUDNZD;1.08261;;;2020.10.02 16:44:48;1.08012;;-0.08;-1.65;
2020.10.02 08:01:34;Buy;0.02;AUDUSD;0.71337;;;2020.10.02 10:29:51;0.71666;;;6.58;
2020.10.02 05:00:08;Buy;0.01;AUDUSD;0.71681;;;2020.10.02 10:29:50;0.71674;;;-0.07;
2020.10.01 17:12:49;Buy;0.01;AUDUSD;0.71667;;;2020.10.02 10:29:49;0.71674;;-0.02;0.07;
2020.09.30 03:00:35;Sell;0.02;AUDCAD;0.95623;;;2020.10.02 07:55:50;0.95043;;-0.59;8.71;
2020.09.29 15:00:12;Sell;0.01;AUDCAD;0.95336;;;2020.10.02 07:55:45;0.95063;;-0.36;2.05;
2020.10.01 15:00:09;Sell;0.02;AUDUSD;0.72038;;;2020.10.01 16:23:37;0.71833;;;4.10;
2020.10.01 09:00:13;Sell;0.01;AUDUSD;0.71884;;;2020.10.01 16:23:36;0.71833;;;0.51;
2020.09.30 18:11:03;Sell;0.01;AUDUSD;0.71643;;;2020.10.01 16:23:35;0.71833;;-0.06;-1.90;
2020.10.01 12:00:11;Buy;0.02;GBPCAD;1.70700;;;2020.10.01 14:23:40;1.71782;;;16.28;
2020.10.01 11:00:49;Buy;0.01;GBPCAD;1.71497;;;2020.10.01 14:21:55;1.71745;;;1.87;
2020.10.01 10:00:20;Sell;0.01;AUDNZD;1.08347;;;2020.10.01 11:58:22;1.08252;;;0.63;
2020.10.01 08:00:06;Buy;0.01;AUDNZD;1.08181;;;2020.10.01 08:48:49;1.08262;;;0.53;
2020.09.30 23:03:45;Buy;0.01;AUDNZD;1.08279;;;2020.10.01 06:02:42;1.08323;;-0.25;0.29;
2020.09.30 18:05:45;Sell;0.01;AUDNZD;1.08408;;;2020.09.30 19:34:59;1.08232;;;1.17;
2020.09.30 11:00:08;Sell;0.01;AUDNZD;1.08195;;;2020.09.30 19:34:57;1.08232;;;-0.24;
2020.09.30 18:05:47;Sell;0.01;GBPCAD;1.72347;;;2020.09.30 19:11:36;1.72019;;;2.46;
2020.09.30 07:00:09;Buy;0.01;AUDUSD;0.71144;;;2020.09.30 16:14:11;0.71440;;;2.96;
2020.09.30 06:00:04;Buy;0.01;AUDNZD;1.07948;;;2020.09.30 07:59:39;1.08032;;;0.56;
2020.09.30 02:00:13;Sell;0.03;AUDUSD;0.71417;;;2020.09.30 06:09:16;0.71167;;;7.50;
2020.09.29 13:00:10;Sell;0.02;AUDUSD;0.71186;;;2020.09.30 06:09:15;0.71167;;-0.04;0.38;
2020.09.29 11:00:33;Sell;0.01;AUDUSD;0.70965;;;2020.09.30 06:09:13;0.71167;;-0.02;-2.02;
2020.09.29 02:00:11;Sell;0.01;AUDUSD;0.70793;;;2020.09.30 06:09:12;0.71167;;-0.02;-3.74;
2020.09.29 23:00:16;Sell;0.01;AUDNZD;1.08145;;;2020.09.30 05:55:05;1.07953;;-0.08;1.27;
2020.09.29 01:00:22;Sell;0.01;AUDNZD;1.07905;;;2020.09.30 05:55:04;1.07954;;-0.08;-0.32;
2020.09.29 15:00:14;Buy;0.01;AUDCAD;0.95355;;;2020.09.30 02:59:56;0.95620;;-0.09;1.98;
2020.09.29 11:00:12;Buy;0.01;AUDCAD;0.94960;;;2020.09.29 14:40:11;0.95234;;;2.05;
2020.09.23 04:00:36;Buy;0.04;AUDCAD;0.94971;;;2020.09.29 14:08:39;0.95126;;-2.08;4.64;
2020.09.22 19:00:07;Buy;0.02;AUDCAD;0.95493;;;2020.09.29 14:08:37;0.95132;;-1.21;-5.41;
2020.09.21 17:00:23;Buy;0.01;AUDCAD;0.95886;;;2020.09.29 14:08:35;0.95134;;-0.71;-5.63;
2020.09.24 05:00:10;Buy;0.08;AUDCAD;0.94505;;;2020.09.29 14:08:33;0.95134;;-2.07;37.68;
2020.09.24 11:00:11;Buy;0.04;NZDCAD;0.87477;;;2020.09.29 12:00:13;0.87949;;-0.93;14.12;
2020.09.23 05:00:52;Buy;0.02;NZDCAD;0.87909;;;2020.09.29 12:00:12;0.87949;;-0.93;0.60;
2020.09.22 19:00:19;Buy;0.01;NZDCAD;0.88356;;;2020.09.29 12:00:10;0.87947;;-0.55;-3.06;
2020.09.24 15:00:09;Buy;0.08;AUDCAD;0.94224;;;2020.09.29 10:59:03;0.94930;;-2.07;42.23;
2020.09.24 03:00:38;Buy;0.05;AUDCAD;0.94624;;;2020.09.29 10:58:56;0.94940;;-1.29;11.82;
2020.09.23 04:00:40;Buy;0.03;AUDCAD;0.94971;;;2020.09.29 10:58:55;0.94930;;-1.56;-0.92;
2020.09.22 18:20:06;Buy;0.02;AUDCAD;0.95601;;;2020.09.29 10:58:54;0.94930;;-1.21;-10.03;
2020.09.16 22:45:40;Buy;0.01;AUDCAD;0.96083;;;2020.09.29 10:58:52;0.94931;;-1.16;-8.61;
2020.09.16 14:00:09;Buy;0.01;AUDCAD;0.96602;;;2020.09.29 10:58:51;0.94931;;-1.16;-12.49;
2020.09.28 18:04:02;Buy;0.01;AUDUSD;0.70552;;;2020.09.29 01:55:23;0.70788;;-0.02;2.36;
2020.09.25 16:00:10;Buy;0.02;AUDNZD;1.07239;;;2020.09.29 01:00:24;1.07906;;-0.32;8.74;
2020.09.24 18:03:15;Buy;0.01;AUDNZD;1.07671;;;2020.09.29 01:00:16;1.07913;;-0.24;1.59;
2020.09.28 06:00:05;Sell;0.01;GBPCAD;1.70848;;;2020.09.28 21:49:28;1.71735;;;-6.64;
2020.09.28 13:00:13;Sell;0.03;GBPCAD;1.72037;;;2020.09.28 21:49:26;1.71735;;;6.78;
2020.09.28 11:00:19;Sell;0.02;GBPCAD;1.71410;;;2020.09.28 21:49:24;1.71735;;;-4.86;
2020.09.28 15:00:13;Sell;0.05;GBPCAD;1.72599;;;2020.09.28 21:49:21;1.71735;;;32.31;
2020.09.28 19:00:52;Sell;0.01;AUDNZD;1.07846;;;2020.09.28 21:01:45;1.07770;;;0.50;
2020.09.28 15:00:16;Sell;0.02;AUDUSD;0.70720;;;2020.09.28 17:56:10;0.70524;;;3.92;
2020.09.28 07:00:21;Sell;0.01;AUDUSD;0.70570;;;2020.09.28 17:56:09;0.70524;;;0.46;
2020.09.28 03:00:35;Sell;0.01;AUDUSD;0.70406;;;2020.09.28 17:56:08;0.70524;;;-1.18;
2020.09.28 15:00:09;Sell;0.01;AUDNZD;1.07733;;;2020.09.28 15:40:47;1.07650;;;0.54;
2020.09.28 05:00:12;Sell;0.01;AUDNZD;1.07590;;;2020.09.28 11:23:23;1.07505;;;0.56;
2020.09.25 16:00:11;Buy;0.02;AUDNZD;1.07239;;;2020.09.28 03:13:49;1.07586;;-0.16;4.54;
2020.09.25 12:00:04;Buy;0.01;AUDNZD;1.07553;;;2020.09.28 03:13:47;1.07587;;-0.08;0.22;
2020.09.24 16:00:19;Buy;0.01;AUDNZD;1.07777;;;2020.09.28 03:13:46;1.07587;;-0.16;-1.24;
2020.09.25 18:03:08;Buy;0.01;AUDUSD;0.70176;;;2020.09.28 01:11:36;0.70430;;-0.02;2.54;
2020.09.25 14:00:13;Buy;0.01;AUDUSD;0.70365;;;2020.09.28 01:11:34;0.70433;;-0.02;0.68;
2020.09.25 11:00:24;Sell;0.01;AUDCAD;0.94526;;;2020.09.25 13:58:09;0.94126;;;2.99;
2020.09.24 17:00:18;Sell;0.01;AUDCAD;0.94128;;;2020.09.25 13:58:07;0.94125;;-0.07;0.02;
2020.09.25 10:01:23;Sell;0.01;AUDUSD;0.70700;;;2020.09.25 13:05:26;0.70477;;;2.23;
2020.09.24 20:00:32;Sell;0.01;AUDUSD;0.70559;;;2020.09.25 13:05:24;0.70477;;-0.02;0.82;
2020.09.23 22:06:46;Buy;0.02;NZDCAD;0.87494;;;2020.09.25 10:09:58;0.87966;;-0.62;7.07;
2020.09.23 22:06:45;Buy;0.13;AUDUSD;0.70726;;;2020.09.24 19:16:56;0.70521;;-0.83;-26.65;
2020.09.22 18:20:50;Buy;0.01;AUDUSD;0.71801;;;2020.09.24 19:16:55;0.70521;;-0.08;-12.80;
2020.09.24 16:00:15;Buy;0.55;AUDUSD;0.70220;;;2020.09.24 19:16:53;0.70521;;;165.55;
2020.09.24 08:00:13;Buy;0.34;AUDUSD;0.70411;;;2020.09.24 19:16:52;0.70521;;;37.40;
2020.09.24 05:00:14;Buy;0.21;AUDUSD;0.70593;;;2020.09.24 19:16:51;0.70521;;;-15.12;
2020.09.23 20:00:17;Buy;0.08;AUDUSD;0.71012;;;2020.09.24 19:16:45;0.70508;;-0.51;-40.32;
2020.09.23 15:00:33;Buy;0.05;AUDUSD;0.71172;;;2020.09.24 19:16:43;0.70509;;-0.32;-33.15;
2020.09.23 04:01:43;Buy;0.03;AUDUSD;0.71330;;;2020.09.24 19:16:41;0.70507;;-0.19;-24.69;
2020.09.22 20:00:15;Buy;0.02;AUDUSD;0.71575;;;2020.09.24 19:16:40;0.70509;;-0.17;-21.32;
2020.09.22 17:01:50;Buy;0.01;AUDUSD;0.72056;;;2020.09.24 19:16:34;0.70511;;-0.08;-15.45;
2020.09.24 16:00:17;Sell;0.01;GBPCAD;1.70998;;;2020.09.24 17:38:45;1.70438;;;4.18;
2020.09.24 08:00:14;Sell;0.01;AUDCAD;0.94392;;;2020.09.24 16:20:00;0.94098;;;2.19;
2020.09.24 12:00:07;Sell;0.01;AUDNZD;1.07948;;;2020.09.24 12:50:24;1.07864;;;0.55;
2020.09.24 08:00:15;Buy;0.01;AUDNZD;1.07845;;;2020.09.24 10:22:00;1.07923;;;0.51;
2020.09.23 22:04:55;Sell;0.01;AUDCAD;0.94614;;;2020.09.24 07:41:10;0.94409;;-0.22;1.53;
2020.09.23 10:00:37;Sell;0.01;AUDNZD;1.07988;;;2020.09.24 05:43:29;1.07891;;-0.23;0.63;
2020.09.23 04:00:38;Sell;0.01;AUDCAD;0.94943;;;2020.09.23 21:58:15;0.94707;;;1.77;
2020.09.23 06:00:16;Sell;0.02;NZDCAD;0.88111;;;2020.09.23 19:30:34;0.87722;;;5.82;
2020.09.22 19:00:11;Buy;0.01;GBPCAD;1.69421;;;2020.09.23 15:58:25;1.70172;;-0.16;5.62;
2020.09.23 06:00:19;Buy;0.01;AUDNZD;1.07779;;;2020.09.23 08:48:03;1.07866;;;0.58;
2020.09.23 05:00:49;Buy;0.04;NZDCAD;0.87900;;;2020.09.23 05:05:43;0.88224;;;9.74;
2020.09.22 19:00:21;Buy;0.02;NZDCAD;0.88357;;;2020.09.23 05:05:41;0.88224;;-0.16;-2.00;
2020.09.23 05:00:36;Sell;0.01;AUDNZD;1.08056;;;2020.09.23 05:01:15;1.08014;;;0.28;
2020.09.23 04:00:34;Buy;0.01;AUDNZD;1.07844;;;2020.09.23 04:18:57;1.08005;;;1.06;
2020.09.22 19:00:09;Sell;0.01;AUDCAD;0.95468;;;2020.09.23 03:48:09;0.95143;;-0.07;2.44;
2020.09.22 18:20:07;Buy;0.01;AUDNZD;1.08105;;;2020.09.23 01:47:13;1.08179;;-0.08;0.49;
2020.09.21 17:00:25;Sell;0.01;AUDCAD;0.95858;;;2020.09.22 18:20:05;0.95600;;-0.07;1.94;
2020.09.22 12:00:07;Sell;0.01;GBPCAD;1.70682;;;2020.09.22 17:12:50;1.70012;;;5.04;
2020.09.22 04:00:08;Buy;0.01;AUDNZD;1.08250;;;2020.09.22 17:12:49;1.08205;;;-0.30;
2020.09.22 14:01:35;Sell;0.01;AUDUSD;0.72244;;;2020.09.22 15:20:00;0.72027;;;2.17;
2020.09.22 12:00:27;Sell;0.01;AUDUSD;0.72074;;;2020.09.22 15:19:58;0.72027;;;0.47;
2020.09.22 11:00:26;Buy;0.02;AUDUSD;0.71868;;;2020.09.22 11:33:17;0.72061;;;3.86;
2020.09.22 10:00:51;Buy;0.01;AUDUSD;0.72013;;;2020.09.22 11:33:15;0.72061;;;0.48;
2020.09.22 04:00:14;Buy;0.01;AUDUSD;0.72153;;;2020.09.22 11:33:13;0.72062;;;-0.91;
2020.09.22 03:00:35;Sell;0.01;AUDNZD;1.08462;;;2020.09.22 03:31:37;1.08379;;;0.55;
2020.09.21 18:01:01;Buy;0.03;AUDUSD;0.72067;;;2020.09.22 02:15:07;0.72289;;-0.07;6.66;
2020.09.21 16:11:12;Buy;0.01;AUDUSD;0.72397;;;2020.09.22 02:15:06;0.72286;;-0.02;-1.11;
2020.09.21 13:00:06;Buy;0.01;AUDUSD;0.72658;;;2020.09.22 02:15:04;0.72286;;-0.02;-3.72;
2020.09.21 17:00:46;Buy;0.02;AUDUSD;0.72239;;;2020.09.22 02:14:58;0.72285;;-0.04;0.92;
2020.09.21 12:00:15;Buy;0.02;GBPCAD;1.69858;;;2020.09.22 01:29:58;1.70616;;-0.32;11.38;
2020.09.21 04:51:34;Buy;0.01;GBPCAD;1.70745;;;2020.09.22 01:29:56;1.70618;;-0.16;-0.95;
2020.09.18 13:00:22;Buy;0.04;AUDNZD;1.07736;;;2020.09.22 01:00:28;1.08373;;-0.68;16.98;
2020.09.18 04:00:24;Buy;0.02;AUDNZD;1.08091;;;2020.09.22 01:00:27;1.08373;;-0.34;3.75;
2020.09.16 21:23:35;Buy;0.01;AUDNZD;1.08554;;;2020.09.22 01:00:26;1.08377;;-0.51;-1.18;
2020.09.21 23:00:14;Sell;0.01;AUDNZD;1.08333;;;2020.09.22 00:27:20;1.08066;;-0.08;1.79;
2020.09.21 14:00:07;Sell;0.01;AUDNZD;1.08225;;;2020.09.21 16:57:56;1.08145;;;0.54;
2020.09.15 16:00:27;Sell;0.04;AUDCAD;0.96468;;;2020.09.21 16:57:55;0.95902;;-1.79;17.05;
2020.09.11 12:00:08;Sell;0.02;AUDCAD;0.96091;;;2020.09.21 16:57:53;0.95902;;-1.20;2.85;
2020.09.09 13:00:04;Sell;0.01;AUDCAD;0.95697;;;2020.09.21 16:57:52;0.95901;;-0.86;-1.54;
2020.09.18 04:00:22;Sell;0.08;NZDCAD;0.89071;;;2020.09.21 15:34:18;0.88640;;-0.58;26.03;
2020.09.15 12:00:19;Sell;0.04;NZDCAD;0.88554;;;2020.09.21 15:34:16;0.88640;;-1.74;-2.60;
2020.09.11 13:00:06;Sell;0.02;NZDCAD;0.88064;;;2020.09.21 15:34:15;0.88645;;-1.14;-8.77;
2020.09.21 08:00:04;Sell;0.01;AUDCAD;0.96453;;;2020.09.21 15:27:51;0.96036;;;3.15;
2020.09.17 11:13:51;Sell;0.01;AUDCAD;0.96344;;;2020.09.21 15:27:50;0.96034;;-0.14;2.34;
2020.09.18 08:01:05;Sell;0.04;NZDCAD;0.89313;;;2020.09.21 14:00:25;0.88828;;-0.29;14.66;
2020.09.17 21:00:16;Sell;0.02;NZDCAD;0.88955;;;2020.09.21 14:00:23;0.88823;;-0.29;1.99;
2020.09.15 19:00:11;Sell;0.01;NZDCAD;0.88597;;;2020.09.21 14:00:21;0.88824;;-0.43;-1.72;
2020.09.17 20:00:11;Buy;0.01;AUDNZD;1.08213;;;2020.09.21 13:20:04;1.08202;;-0.17;-0.07;
2020.09.17 12:00:12;Buy;0.01;AUDNZD;1.08536;;;2020.09.21 13:20:02;1.08200;;-0.17;-2.26;
2020.09.18 07:00:06;Buy;0.02;AUDNZD;1.07932;;;2020.09.21 13:19:56;1.08216;;-0.17;3.81;
2020.09.18 18:00:27;Sell;0.01;AUDUSD;0.73031;;;2020.09.21 11:23:31;0.72778;;-0.02;2.53;
2020.09.17 23:00:23;Sell;0.01;AUDUSD;0.73138;;;2020.09.18 15:11:48;0.72900;;-0.02;2.38;
2020.09.17 12:00:09;Sell;0.01;AUDUSD;0.72969;;;2020.09.18 15:11:46;0.72900;;-0.02;0.69;
2020.09.17 15:00:09;Buy;0.01;GBPCAD;1.70162;;;2020.09.17 17:33:41;1.70944;;;5.92;
2020.09.17 11:13:53;Sell;0.01;GBPCAD;1.70899;;;2020.09.17 14:04:19;1.70833;;;0.50;
2020.09.17 11:13:52;Sell;0.01;AUDNZD;1.08640;;;2020.09.17 11:23:55;1.08568;;;0.48;
2020.09.16 21:23:32;Buy;0.01;AUDUSD;0.73198;;;2020.09.17 11:13:49;0.72938;;-0.07;-2.60;
2020.09.16 20:00:12;Buy;0.01;AUDNZD;1.08582;;;2020.09.17 11:13:48;1.08639;;-0.26;0.38;
2020.09.15 18:05:57;Buy;0.01;AUDNZD;1.08782;;;2020.09.17 11:13:45;1.08639;;-0.35;-0.96;
2020.09.16 18:12:12;Sell;0.03;GBPCAD;1.71110;;;2020.09.16 22:45:39;1.70657;;;10.31;
2020.09.16 14:00:12;Sell;0.05;AUDCAD;0.96577;;;2020.09.16 22:45:37;0.96082;;;18.78;
2020.09.16 14:00:11;Sell;0.02;GBPCAD;1.70638;;;2020.09.16 22:45:35;1.70667;;;-0.44;
2020.09.16 05:00:11;Sell;0.01;GBPCAD;1.70095;;;2020.09.16 22:45:33;1.70660;;;-4.29;
2020.09.15 06:00:09;Sell;0.03;AUDCAD;0.96161;;;2020.09.16 22:45:31;0.96089;;-0.22;1.64;
2020.09.09 16:01:19;Sell;0.02;AUDCAD;0.95777;;;2020.09.16 22:45:29;0.96088;;-1.05;-4.72;
2020.09.07 11:00:06;Sell;0.01;AUDCAD;0.95374;;;2020.09.16 22:45:27;0.96090;;-0.64;-5.44;
2020.09.04 17:00:35;Sell;0.01;AUDCAD;0.94949;;;2020.09.16 22:45:25;0.96090;;-0.71;-8.66;
2020.09.16 13:00:10;Sell;0.01;AUDUSD;0.73340;;;2020.09.16 20:30:32;0.72999;;;3.41;
2020.09.15 08:00:07;Buy;0.01;AUDCAD;0.96283;;;2020.09.16 13:25:40;0.96551;;-0.09;2.04;
2020.09.15 18:07:29;Buy;0.01;AUDUSD;0.73019;;;2020.09.16 12:38:44;0.73333;;-0.02;3.14;
2020.09.15 08:00:09;Sell;0.02;AUDUSD;0.73231;;;2020.09.15 18:07:27;0.73019;;;4.24;
2020.09.15 05:00:31;Sell;0.01;AUDUSD;0.73062;;;2020.09.15 18:07:25;0.73019;;;0.43;
2020.09.14 17:02:43;Sell;0.01;AUDUSD;0.72914;;;2020.09.15 18:07:24;0.73018;;-0.02;-1.04;
2020.09.15 14:00:11;Sell;0.01;AUDNZD;1.08938;;;2020.09.15 17:19:52;1.08851;;;0.58;
2020.09.15 12:00:21;Buy;0.01;AUDNZD;1.08750;;;2020.09.15 12:26:56;1.08823;;;0.49;
2020.09.15 06:00:05;Buy;0.01;AUDNZD;1.08927;;;2020.09.15 08:35:09;1.09006;;;0.53;
2020.09.10 18:00:51;Buy;0.01;AUDCAD;0.95956;;;2020.09.15 07:19:12;0.96264;;-0.27;2.34;
2020.09.15 05:00:30;Sell;0.01;AUDNZD;1.09077;;;2020.09.15 05:36:57;1.08974;;;0.69;
2020.09.14 12:00:25;Buy;0.01;AUDNZD;1.08660;;;2020.09.15 04:34:29;1.08957;;-0.08;1.99;
2020.09.14 03:00:39;Buy;0.01;AUDNZD;1.08922;;;2020.09.15 04:34:28;1.08960;;-0.08;0.26;
2020.09.14 17:03:01;Sell;0.01;GBPCAD;1.69886;;;2020.09.15 00:00:16;1.69336;;-0.13;4.17;
2020.09.11 21:00:08;Buy;0.01;AUDUSD;0.72652;;;2020.09.14 16:54:35;0.72922;;-0.02;2.70;
2020.09.10 21:00:16;Buy;0.03;GBPCAD;1.68888;;;2020.09.14 16:05:15;1.69747;;-0.94;19.57;
2020.09.10 18:00:50;Buy;0.02;GBPCAD;1.69384;;;2020.09.14 16:05:14;1.69747;;-0.64;5.51;
2020.09.10 17:00:22;Buy;0.01;GBPCAD;1.70079;;;2020.09.14 16:05:13;1.69747;;-0.32;-2.52;
2020.09.09 22:00:46;Buy;0.01;NZDCAD;0.87794;;;2020.09.14 16:00:11;0.88217;;-0.40;3.22;
2020.09.10 17:00:20;Sell;0.01;AUDNZD;1.09293;;;2020.09.14 02:32:17;1.09048;;-0.16;1.63;
2020.09.10 11:00:19;Sell;0.01;AUDNZD;1.08968;;;2020.09.14 02:32:15;1.09048;;-0.16;-0.54;
2020.09.11 12:00:07;Sell;0.01;AUDUSD;0.72939;;;2020.09.11 20:45:57;0.72648;;;2.91;
2020.09.10 22:00:08;Buy;0.01;AUDUSD;0.72669;;;2020.09.11 10:21:33;0.72956;;-0.02;2.87;
2020.09.10 18:00:08;Buy;0.01;AUDUSD;0.72888;;;2020.09.11 10:21:32;0.72952;;-0.02;0.64;
2020.09.09 16:01:58;Sell;0.01;AUDUSD;0.72537;;;2020.09.10 17:58:26;0.72875;;-0.06;-3.38;
2020.09.10 17:00:12;Sell;0.03;AUDUSD;0.73149;;;2020.09.10 17:58:20;0.72881;;;8.04;
2020.09.10 16:00:11;Sell;0.02;AUDUSD;0.72932;;;2020.09.10 17:58:19;0.72883;;;0.98;
2020.09.09 17:00:17;Sell;0.01;AUDUSD;0.72704;;;2020.09.10 17:58:18;0.72887;;-0.06;-1.83;
2020.09.02 05:00:15;Buy;0.02;AUDNZD;1.08519;;;2020.09.10 17:00:10;1.09309;;-1.70;10.57;
2020.09.02 04:00:09;Buy;0.01;AUDNZD;1.08847;;;2020.09.10 17:00:08;1.09315;;-0.86;3.13;
2020.09.09 16:01:18;Buy;0.01;AUDCAD;0.95799;;;2020.09.10 16:50:52;0.96076;;-0.27;2.11;
2020.09.08 20:00:19;Sell;0.02;AUDNZD;1.09065;;;2020.09.10 05:35:43;1.08805;;-0.62;3.48;
2020.09.08 04:00:09;Sell;0.01;AUDNZD;1.08801;;;2020.09.10 05:35:41;1.08805;;-0.31;-0.03;
2020.09.07 04:00:07;Sell;0.01;AUDNZD;1.08567;;;2020.09.10 05:35:40;1.08805;;-0.39;-1.59;
2020.09.09 17:00:15;Sell;0.02;NZDCAD;0.88110;;;2020.09.09 22:02:13;0.87733;;;5.73;
2020.09.04 17:00:25;Buy;0.01;NZDCAD;0.87638;;;2020.09.09 17:00:12;0.88117;;-0.24;3.63;
2020.09.08 13:00:12;Buy;0.05;GBPCAD;1.71798;;;2020.09.09 16:54:11;1.71661;;-0.80;-5.19;
2020.09.09 15:00:15;Buy;0.12;GBPCAD;1.70530;;;2020.09.09 16:54:10;1.71666;;;103.31;
2020.09.09 12:00:12;Buy;0.08;GBPCAD;1.71256;;;2020.09.09 16:54:08;1.71643;;;23.47;
2020.09.07 14:00:06;Buy;0.03;GBPCAD;1.72350;;;2020.09.09 16:54:01;1.71650;;-0.97;-15.91;
2020.09.04 17:00:29;Buy;0.02;GBPCAD;1.73165;;;2020.09.09 16:53:59;1.71652;;-0.97;-22.93;
2020.09.02 18:01:56;Buy;0.01;GBPCAD;1.73737;;;2020.09.09 16:53:58;1.71654;;-1.13;-15.78;
2020.09.04 17:00:26;Buy;0.02;NZDCAD;0.87640;;;2020.09.09 15:52:57;0.87978;;-0.48;5.12;
2020.09.08 10:00:19;Buy;0.01;AUDCAD;0.95563;;;2020.09.09 15:51:32;0.95826;;-0.09;1.99;
2020.09.09 10:00:41;Buy;0.01;AUDUSD;0.72126;;;2020.09.09 15:19:01;0.72436;;;3.10;
2020.09.08 13:00:11;Buy;0.01;AUDUSD;0.72524;;;2020.09.09 06:16:37;0.72233;;-0.02;-2.91;
2020.09.08 22:00:17;Buy;0.02;AUDUSD;0.72157;;;2020.09.09 06:16:36;0.72233;;-0.04;1.52;
2020.09.08 17:19:04;Buy;0.01;AUDUSD;0.72420;;;2020.09.09 06:16:34;0.72232;;-0.02;-1.88;
2020.09.09 01:00:23;Buy;0.03;AUDUSD;0.72021;;;2020.09.09 06:16:32;0.72232;;;6.33;
2020.09.08 09:00:17;Sell;0.01;AUDUSD;0.72880;;;2020.09.08 12:41:36;0.72593;;;2.87;
2020.08.28 19:00:08;Buy;0.01;AUDCAD;0.96370;;;2020.09.08 09:04:43;0.95655;;-0.81;-5.46;
2020.09.04 17:00:31;Buy;0.03;AUDCAD;0.94974;;;2020.09.08 09:04:42;0.95652;;-0.54;15.54;
2020.09.02 11:00:10;Buy;0.01;AUDCAD;0.95972;;;2020.09.08 09:04:41;0.95655;;-0.54;-2.42;
2020.09.03 09:00:18;Buy;0.02;AUDCAD;0.95593;;;2020.09.08 09:04:29;0.95667;;-0.54;1.13;
2020.09.04 17:00:33;Buy;0.04;AUDCAD;0.94977;;;2020.09.08 09:03:57;0.95606;;-0.72;19.21;
2020.09.02 17:00:52;Buy;0.01;AUDCAD;0.95622;;;2020.09.08 09:03:56;0.95596;;-0.54;-0.20;
2020.09.04 03:00:39;Buy;0.02;AUDCAD;0.95358;;;2020.09.08 09:03:49;0.95607;;-0.36;3.81;
2020.09.04 22:00:05;Sell;0.01;AUDUSD;0.72967;;;2020.09.07 09:28:42;0.72723;;-0.02;2.44;
2020.09.04 20:00:10;Sell;0.01;AUDUSD;0.72811;;;2020.09.07 09:28:40;0.72723;;-0.02;0.88;
2020.09.02 20:00:50;Buy;0.05;AUDNZD;1.08226;;;2020.09.07 03:46:23;1.08651;;-2.13;14.26;
2020.09.02 05:00:17;Buy;0.03;AUDNZD;1.08525;;;2020.09.07 03:46:21;1.08653;;-1.28;2.57;
2020.09.02 04:00:11;Buy;0.02;AUDNZD;1.08846;;;2020.09.07 03:46:19;1.08655;;-0.85;-2.56;
2020.09.01 12:00:18;Buy;0.01;AUDNZD;1.09104;;;2020.09.07 03:46:17;1.08658;;-0.52;-3.00;
2020.09.01 11:01:27;Buy;0.01;AUDNZD;1.09331;;;2020.09.07 03:46:15;1.08657;;-0.52;-4.52;
2020.09.04 17:00:24;Buy;0.01;AUDUSD;0.72404;;;2020.09.04 19:28:37;0.72731;;;3.27;
2020.09.03 19:00:34;Buy;0.01;AUDUSD;0.72715;;;2020.09.04 19:28:36;0.72729;;-0.02;0.14;
2020.09.04 03:00:37;Sell;0.01;AUDCAD;0.95334;;;2020.09.04 16:38:16;0.95034;;;2.28;
2020.09.02 18:01:55;Sell;0.01;AUDCAD;0.95590;;;2020.09.04 02:14:30;0.95368;;-0.29;1.69;
2020.09.02 05:00:13;Sell;0.32;NZDCAD;0.88492;;;2020.09.03 17:16:39;0.87990;;-6.94;122.63;
2020.08.28 17:01:03;Sell;0.16;NZDCAD;0.88010;;;2020.09.03 17:16:38;0.87989;;-6.93;2.56;
2020.08.28 14:00:09;Sell;0.08;NZDCAD;0.87501;;;2020.09.03 17:16:36;0.87989;;-3.46;-29.80;
2020.08.26 23:00:11;Sell;0.04;NZDCAD;0.87037;;;2020.09.03 17:16:34;0.87989;;-2.87;-29.07;
2020.08.26 12:00:10;Sell;0.02;NZDCAD;0.86557;;;2020.09.03 17:16:33;0.87990;;-1.42;-21.88;
2020.09.03 15:00:39;Buy;0.02;AUDUSD;0.72856;;;2020.09.03 16:30:48;0.73072;;;4.32;
2020.09.03 09:00:17;Buy;0.01;AUDUSD;0.73080;;;2020.09.03 16:30:46;0.73073;;;-0.07;
2020.09.03 04:00:15;Buy;0.01;AUDUSD;0.73227;;;2020.09.03 16:30:44;0.73072;;;-1.55;
2020.09.02 06:00:07;Sell;0.02;NZDCAD;0.88604;;;2020.09.03 13:00:11;0.88130;;-0.43;7.23;
2020.09.01 16:00:17;Sell;0.01;NZDCAD;0.88198;;;2020.09.03 13:00:09;0.88130;;-0.29;0.52;
2020.09.01 19:00:10;Buy;0.01;AUDUSD;0.73748;;;2020.09.02 23:31:15;0.73363;;-0.02;-3.85;
2020.09.02 17:03:20;Buy;0.03;AUDUSD;0.73089;;;2020.09.02 23:31:13;0.73363;;;8.22;
2020.09.02 15:00:29;Buy;0.02;AUDUSD;0.73346;;;2020.09.02 23:31:11;0.73363;;;0.34;
2020.09.02 06:00:10;Buy;0.01;AUDUSD;0.73502;;;2020.09.02 23:31:09;0.73363;;;-1.39;
2020.08.28 18:01:09;Sell;0.05;AUDCAD;0.96259;;;2020.09.02 17:15:23;0.95583;;-1.13;25.83;
2020.08.28 11:00:15;Sell;0.03;AUDCAD;0.95695;;;2020.09.02 17:15:21;0.95582;;-0.68;2.59;
2020.08.27 10:00:05;Sell;0.02;AUDCAD;0.95250;;;2020.09.02 17:15:19;0.95577;;-0.60;-5.00;
2020.08.24 19:00:13;Sell;0.01;AUDCAD;0.94812;;;2020.09.02 17:15:17;0.95581;;-0.66;-5.88;
2020.08.24 01:00:14;Sell;0.01;AUDCAD;0.94384;;;2020.09.02 17:15:15;0.95582;;-0.66;-9.16;
2020.08.28 18:01:10;Sell;0.08;AUDCAD;0.96259;;;2020.09.02 16:29:47;0.95647;;-1.80;37.44;
2020.08.28 11:00:13;Sell;0.04;AUDCAD;0.95694;;;2020.09.02 16:29:45;0.95647;;-0.90;1.44;
2020.08.27 12:00:11;Sell;0.02;AUDCAD;0.95372;;;2020.09.02 16:29:44;0.95647;;-0.60;-4.21;
2020.08.26 17:00:27;Sell;0.01;AUDCAD;0.95060;;;2020.09.02 16:29:43;0.95653;;-0.52;-4.54;
2020.09.01 15:00:11;Sell;0.01;GBPCAD;1.75269;;;2020.09.02 09:32:50;1.74589;;-0.14;5.20;
2020.08.28 09:00:15;Sell;0.01;AUDUSD;0.72981;;;2020.09.01 13:01:45;0.73790;;-0.04;-8.09;
2020.08.28 06:00:07;Sell;0.01;AUDUSD;0.72799;;;2020.09.01 13:01:44;0.73786;;-0.04;-9.87;
2020.09.01 09:00:28;Sell;0.13;AUDUSD;0.74096;;;2020.09.01 13:01:42;0.73786;;;40.30;
2020.08.31 18:03:28;Sell;0.08;AUDUSD;0.73937;;;2020.09.01 13:01:40;0.73783;;-0.16;12.32;
2020.08.31 00:05:41;Sell;0.05;AUDUSD;0.73593;;;2020.09.01 13:01:38;0.73777;;-0.10;-9.20;
2020.08.28 15:00:08;Sell;0.03;AUDUSD;0.73436;;;2020.09.01 13:01:37;0.73777;;-0.12;-10.23;
2020.08.28 12:00:22;Sell;0.02;AUDUSD;0.73166;;;2020.09.01 13:01:35;0.73777;;-0.08;-12.22;
2020.09.01 02:00:10;Sell;0.01;AUDNZD;1.09529;;;2020.09.01 09:43:02;1.09441;;;0.59;
2020.08.28 18:02:38;Sell;0.08;NZDCAD;0.88227;;;2020.08.31 23:00:56;0.87876;;-0.57;21.53;
2020.08.28 15:00:09;Sell;0.04;NZDCAD;0.87668;;;2020.08.31 23:00:54;0.87876;;-0.29;-6.37;
2020.08.27 04:00:07;Sell;0.02;NZDCAD;0.87261;;;2020.08.31 23:00:53;0.87876;;-0.28;-9.43;
2020.08.26 20:00:14;Sell;0.01;NZDCAD;0.86885;;;2020.08.31 23:00:51;0.87872;;-0.35;-7.57;
2020.08.31 17:00:28;Sell;0.01;AUDNZD;1.09420;;;2020.08.31 17:33:29;1.09327;;;0.62;
2020.08.28 18:01:07;Sell;0.01;GBPCAD;1.74699;;;2020.08.31 11:01:26;1.73995;;-0.14;5.38;
2020.08.31 05:00:10;Sell;0.01;AUDNZD;1.09326;;;2020.08.31 08:18:30;1.09241;;;0.57;
2020.08.31 04:00:09;Buy;0.01;AUDNZD;1.09197;;;2020.08.31 04:37:48;1.09280;;;0.56;
2020.08.28 16:00:17;Buy;0.01;AUDNZD;1.09237;;;2020.08.31 00:07:45;1.09324;;-0.09;0.58;
2020.08.28 17:00:14;Buy;0.01;AUDCAD;0.96083;;;2020.08.28 18:59:29;0.96348;;;2.03;
2020.08.28 11:00:10;Buy;0.01;AUDCAD;0.95717;;;2020.08.28 16:02:15;0.95995;;;2.13;
2020.08.27 11:00:08;Buy;0.01;AUDCAD;0.95347;;;2020.08.28 10:03:49;0.95607;;-0.09;1.99;
2020.08.28 01:00:07;Buy;0.01;AUDNZD;1.09325;;;2020.08.28 06:00:34;1.09413;;;0.58;
2020.08.27 17:03:12;Buy;0.01;AUDUSD;0.72333;;;2020.08.28 05:00:38;0.72740;;-0.02;4.07;
2020.08.26 23:00:06;Buy;0.01;AUDNZD;1.09266;;;2020.08.28 00:00:25;1.09509;;-0.33;1.61;
2020.08.26 18:00:09;Buy;0.01;AUDNZD;1.09563;;;2020.08.28 00:00:23;1.09509;;-0.33;-0.36;
2020.08.27 11:00:07;Sell;0.03;AUDUSD;0.72544;;;2020.08.27 17:03:11;0.72334;;;6.30;
2020.08.26 20:00:16;Sell;0.02;AUDUSD;0.72327;;;2020.08.27 17:03:10;0.72332;;-0.11;-0.10;
2020.08.26 17:00:24;Sell;0.01;AUDUSD;0.72147;;;2020.08.27 17:03:08;0.72332;;-0.06;-1.85;
2020.08.26 04:00:06;Sell;0.01;AUDUSD;0.71997;;;2020.08.27 17:03:07;0.72334;;-0.06;-3.37;
2020.08.26 17:00:25;Buy;0.01;AUDCAD;0.95080;;;2020.08.27 10:39:16;0.95353;;-0.27;2.08;
2020.08.17 03:00:36;Buy;0.01;AUDCAD;0.95338;;;2020.08.26 16:34:37;0.95011;;-0.80;-2.48;
2020.08.21 17:01:07;Buy;0.02;AUDCAD;0.94540;;;2020.08.26 16:34:35;0.95004;;-0.54;7.04;
2020.08.19 23:00:15;Buy;0.01;AUDCAD;0.94954;;;2020.08.26 16:34:34;0.95004;;-0.62;0.38;
2020.08.26 06:00:06;Buy;0.01;AUDNZD;1.09771;;;2020.08.26 10:22:05;1.09866;;;0.62;
2020.08.25 20:00:06;Buy;0.01;AUDNZD;1.09803;;;2020.08.26 02:36:13;1.09895;;-0.08;0.61;
2020.08.25 20:00:08;Buy;0.01;AUDUSD;0.71720;;;2020.08.26 02:35:40;0.72017;;-0.02;2.97;
2020.08.25 19:00:07;Sell;0.01;AUDNZD;1.09941;;;2020.08.25 19:42:09;1.09843;;;0.64;
2020.08.25 18:00:09;Buy;0.01;AUDNZD;1.09795;;;2020.08.25 18:38:04;1.09892;;;0.63;
2020.08.25 17:00:13;Sell;0.01;AUDNZD;1.09909;;;2020.08.25 17:08:17;1.09866;;;0.28;
2020.08.24 22:00:06;Buy;0.01;AUDUSD;0.71612;;;2020.08.25 16:21:46;0.71904;;-0.02;2.92;
2020.08.25 12:00:09;Buy;0.01;AUDNZD;1.09691;;;2020.08.25 15:25:05;1.09789;;;0.64;
2020.08.25 09:00:07;Sell;0.01;AUDNZD;1.09974;;;2020.08.25 10:59:45;1.09870;;;0.68;
2020.08.21 18:00:19;Buy;0.01;GBPCAD;1.72571;;;2020.08.25 05:01:56;1.73236;;-0.32;5.03;
2020.08.24 13:00:09;Buy;0.01;AUDNZD;1.09841;;;2020.08.25 03:55:34;1.09948;;-0.08;0.70;
2020.08.21 18:00:20;Buy;0.01;AUDCAD;0.94463;;;2020.08.25 03:54:58;0.94936;;-0.18;3.58;
2020.08.24 13:00:08;Sell;0.01;AUDUSD;0.71883;;;2020.08.24 21:24:44;0.71652;;;2.31;
2020.08.24 05:00:13;Sell;0.01;AUDUSD;0.71734;;;2020.08.24 21:24:43;0.71652;;;0.82;
2020.08.20 16:00:15;Buy;0.02;NZDCAD;0.85996;;;2020.08.24 19:00:12;0.86394;;-0.32;6.02;
2020.08.20 12:00:14;Buy;0.01;NZDCAD;0.86377;;;2020.08.24 19:00:11;0.86394;;-0.16;0.13;
2020.08.24 11:00:11;Buy;0.02;NZDCAD;0.85934;;;2020.08.24 16:17:37;0.86314;;;5.77;
2020.08.24 11:00:06;Sell;0.01;AUDNZD;1.10004;;;2020.08.24 11:26:42;1.09905;;;0.65;
2020.08.21 16:01:30;Buy;0.01;AUDNZD;1.09674;;;2020.08.24 10:33:59;1.09879;;-0.08;1.34;
2020.08.21 12:00:08;Buy;0.01;AUDNZD;1.09923;;;2020.08.24 10:33:57;1.09879;;-0.08;-0.29;
2020.08.21 17:00:55;Buy;0.02;AUDUSD;0.71445;;;2020.08.24 01:59:42;0.71685;;-0.04;4.80;
2020.08.21 15:02:01;Buy;0.01;AUDUSD;0.71606;;;2020.08.24 01:59:40;0.71685;;-0.02;0.79;
2020.08.21 12:00:06;Buy;0.01;AUDUSD;0.71816;;;2020.08.24 01:59:39;0.71686;;-0.02;-1.30;
2020.08.20 12:00:18;Sell;0.01;AUDCAD;0.94590;;;2020.08.24 00:11:38;0.94335;;-0.14;1.94;
2020.08.20 17:00:43;Buy;0.04;NZDCAD;0.85924;;;2020.08.21 12:10:53;0.86298;;-0.31;11.33;
2020.08.20 12:00:16;Buy;0.02;NZDCAD;0.86375;;;2020.08.21 12:10:52;0.86299;;-0.16;-1.15;
2020.08.20 20:00:15;Sell;0.02;AUDNZD;1.10303;;;2020.08.21 11:36:42;1.09987;;-0.15;4.12;
2020.08.20 16:00:29;Sell;0.01;AUDNZD;1.09964;;;2020.08.21 11:36:38;1.09987;;-0.08;-0.15;
2020.08.20 15:00:12;Sell;0.01;AUDNZD;1.09743;;;2020.08.21 11:36:37;1.09987;;-0.08;-1.59;
2020.08.21 04:00:09;Sell;0.01;AUDUSD;0.72091;;;2020.08.21 10:18:07;0.71862;;;2.29;
2020.08.20 22:00:06;Sell;0.01;AUDUSD;0.71917;;;2020.08.21 10:18:05;0.71862;;-0.02;0.55;
2020.08.19 18:00:08;Buy;0.01;AUDUSD;0.72385;;;2020.08.20 21:21:50;0.71882;;-0.07;-5.03;
2020.08.19 23:00:07;Buy;0.02;AUDUSD;0.71842;;;2020.08.20 21:21:48;0.71882;;-0.13;0.80;
2020.08.19 22:00:23;Buy;0.01;AUDUSD;0.72045;;;2020.08.20 21:21:47;0.71882;;-0.07;-1.63;
2020.08.20 12:00:08;Buy;0.03;AUDUSD;0.71571;;;2020.08.20 21:21:44;0.71882;;;9.33;
2020.08.18 18:00:31;Buy;0.01;AUDNZD;1.09926;;;2020.08.20 14:19:22;1.09674;;-0.33;-1.65;
2020.08.19 13:00:08;Buy;0.02;AUDNZD;1.09405;;;2020.08.20 14:19:20;1.09673;;-0.50;3.50;
2020.08.18 23:00:12;Buy;0.01;AUDNZD;1.09645;;;2020.08.20 14:19:18;1.09673;;-0.33;0.18;
2020.08.19 23:00:13;Sell;0.01;AUDCAD;0.94932;;;2020.08.20 11:17:33;0.94635;;-0.22;2.24;
2020.08.17 04:00:12;Sell;0.02;AUDCAD;0.95368;;;2020.08.19 22:51:25;0.94904;;-0.30;7.02;
2020.08.14 18:00:17;Sell;0.01;AUDCAD;0.95000;;;2020.08.19 22:51:23;0.94904;;-0.21;0.73;
2020.08.13 21:00:07;Sell;0.01;AUDCAD;0.94538;;;2020.08.19 22:51:21;0.94904;;-0.28;-2.77;
2020.08.19 11:00:12;Sell;0.02;NZDCAD;0.87155;;;2020.08.19 22:49:52;0.86748;;;6.16;
2020.08.19 13:00:05;Sell;0.01;NZDCAD;0.87353;;;2020.08.19 22:00:21;0.86867;;;3.68;
2020.08.18 17:00:08;Sell;0.02;GBPCAD;1.74094;;;2020.08.19 21:07:13;1.73279;;-0.27;12.36;
2020.08.14 15:00:12;Sell;0.01;GBPCAD;1.73489;;;2020.08.19 21:07:12;1.73283;;-0.39;1.57;
2020.08.19 11:00:10;Sell;0.01;AUDUSD;0.72664;;;2020.08.19 17:39:36;0.72375;;;2.89;
2020.08.18 18:00:28;Buy;0.01;AUDUSD;0.72352;;;2020.08.19 10:56:06;0.72666;;-0.02;3.14;
2020.08.04 11:00:20;Sell;0.01;AUDNZD;1.07998;;;2020.08.18 23:00:28;1.09644;;-1.10;-10.87;
2020.08.18 05:00:04;Sell;0.64;AUDNZD;1.10307;;;2020.08.18 23:00:26;1.09644;;;280.19;
2020.08.17 03:00:36;Sell;0.32;AUDNZD;1.09899;;;2020.08.18 23:00:25;1.09644;;-2.48;53.88;
2020.08.14 20:00:04;Sell;0.16;AUDNZD;1.09507;;;2020.08.18 23:00:24;1.09644;;-2.48;-14.48;
2020.08.13 22:01:16;Buy;0.32;NZDCAD;0.86519;;;2020.08.18 23:00:22;0.86944;;-7.47;103.27;
2020.08.13 08:00:08;Buy;0.16;NZDCAD;0.86924;;;2020.08.18 23:00:21;0.86944;;-3.73;2.43;
2020.08.13 08:00:07;Sell;0.08;AUDNZD;1.09129;;;2020.08.18 23:00:20;1.09644;;-1.85;-27.21;
2020.08.12 06:00:03;Buy;0.08;NZDCAD;0.87333;;;2020.08.18 23:00:19;0.86944;;-3.74;-23.63;
2020.08.11 19:00:05;Sell;0.04;AUDNZD;1.08801;;;2020.08.18 23:00:17;1.09645;;-2.16;-22.29;
2020.08.11 17:00:07;Buy;0.04;NZDCAD;0.87686;;;2020.08.18 23:00:15;0.86945;;-2.18;-22.51;
2020.08.10 14:00:07;Buy;0.02;NZDCAD;0.88115;;;2020.08.18 23:00:13;0.86945;;-1.27;-17.77;
2020.08.07 17:00:21;Buy;0.01;NZDCAD;0.88518;;;2020.08.18 23:00:12;0.86945;;-0.71;-11.94;
2020.08.05 14:00:13;Sell;0.02;AUDNZD;1.08444;;;2020.08.18 23:00:11;1.09645;;-1.98;-15.87;
2020.08.17 10:00:08;Buy;0.02;NZDCAD;0.86547;;;2020.08.18 21:26:47;0.86964;;-0.16;6.34;
2020.08.17 03:00:38;Sell;0.02;AUDUSD;0.71911;;;2020.08.18 17:25:47;0.72253;;-0.04;-6.84;
2020.08.18 16:00:15;Sell;0.08;AUDUSD;0.72517;;;2020.08.18 17:25:45;0.72252;;;21.20;
2020.08.18 04:00:04;Sell;0.05;AUDUSD;0.72251;;;2020.08.18 17:25:44;0.72250;;;0.05;
2020.08.17 17:00:05;Sell;0.03;AUDUSD;0.72112;;;2020.08.18 17:25:43;0.72251;;-0.06;-4.17;
2020.08.14 17:00:07;Sell;0.01;AUDUSD;0.71652;;;2020.08.18 17:25:35;0.72232;;-0.04;-5.80;
2020.08.14 02:00:07;Sell;0.01;AUDUSD;0.71503;;;2020.08.18 17:25:34;0.72232;;-0.04;-7.29;
2020.08.18 10:00:41;Sell;0.05;AUDNZD;1.10400;;;2020.08.18 17:17:02;1.09961;;;14.45;
2020.08.17 04:00:10;Sell;0.03;AUDNZD;1.10141;;;2020.08.18 17:17:00;1.09960;;-0.23;3.58;
2020.08.17 02:00:08;Sell;0.02;AUDNZD;1.09725;;;2020.08.18 17:16:59;1.09963;;-0.15;-3.14;
2020.08.14 07:00:08;Sell;0.01;AUDNZD;1.09428;;;2020.08.18 17:16:57;1.09963;;-0.16;-3.52;
2020.08.13 05:00:18;Sell;0.01;AUDNZD;1.09049;;;2020.08.18 17:16:55;1.09964;;-0.24;-6.02;
2020.08.11 22:00:13;Buy;0.02;AUDCAD;0.95011;;;2020.08.17 02:47:21;0.95254;;-1.07;3.66;
2020.08.11 17:00:34;Buy;0.01;AUDCAD;0.95343;;;2020.08.17 02:47:20;0.95253;;-0.53;-0.68;
2020.08.13 15:00:18;Buy;0.04;AUDCAD;0.94661;;;2020.08.17 02:47:18;0.95253;;-0.70;17.86;
2020.08.07 20:00:08;Buy;0.01;AUDCAD;0.95816;;;2020.08.17 02:24:00;0.95210;;-0.71;-4.58;
2020.08.06 23:00:09;Buy;0.01;AUDCAD;0.96307;;;2020.08.17 02:23:58;0.95210;;-0.80;-8.28;
2020.08.13 20:00:05;Buy;0.05;AUDCAD;0.94630;;;2020.08.17 02:23:56;0.95209;;-0.88;21.85;
2020.08.11 22:00:14;Buy;0.03;AUDCAD;0.95011;;;2020.08.17 02:23:54;0.95209;;-1.57;4.48;
2020.08.11 04:00:10;Buy;0.02;AUDCAD;0.95431;;;2020.08.17 02:23:52;0.95208;;-1.07;-3.36;
2020.08.14 07:00:04;Buy;0.32;NZDCAD;0.86354;;;2020.08.14 17:52:49;0.86847;;;119.04;
2020.08.13 13:00:08;Buy;0.16;NZDCAD;0.86869;;;2020.08.14 17:52:48;0.86847;;-1.24;-2.66;
2020.08.12 06:00:05;Buy;0.08;NZDCAD;0.87333;;;2020.08.14 17:52:46;0.86847;;-2.50;-29.34;
2020.08.11 13:00:14;Buy;0.04;NZDCAD;0.87810;;;2020.08.14 17:52:45;0.86849;;-1.56;-29.01;
2020.08.07 20:00:07;Buy;0.02;NZDCAD;0.88327;;;2020.08.14 17:52:43;0.86854;;-1.11;-22.23;
2020.08.12 14:00:12;Buy;0.01;GBPCAD;1.73346;;;2020.08.14 14:24:43;1.73521;;-0.64;1.32;
2020.08.12 18:04:39;Buy;0.02;GBPCAD;1.72768;;;2020.08.14 14:24:38;1.73522;;-1.28;11.39;
2020.08.12 13:00:06;Sell;0.01;AUDUSD;0.71351;;;2020.08.13 22:14:14;0.71377;;-0.06;-0.26;
2020.08.12 18:04:39;Sell;0.01;AUDUSD;0.71693;;;2020.08.13 22:14:07;0.71378;;-0.06;3.15;
2020.08.12 16:00:27;Sell;0.01;AUDCAD;0.94831;;;2020.08.13 20:58:19;0.94565;;-0.22;2.01;
2020.08.12 17:00:36;Buy;0.01;AUDNZD;1.08812;;;2020.08.12 22:03:59;1.08923;;;0.73;
2020.08.11 22:00:11;Sell;0.01;AUDCAD;0.94978;;;2020.08.12 15:32:33;0.94732;;-0.07;1.85;
2020.08.12 15:00:43;Sell;0.01;AUDNZD;1.08994;;;2020.08.12 15:31:57;1.08880;;;0.74;
2020.08.12 11:00:19;Sell;0.01;AUDNZD;1.08945;;;2020.08.12 13:09:18;1.08840;;;0.69;
2020.08.12 08:00:07;Buy;0.02;AUDUSD;0.71149;;;2020.08.12 12:51:42;0.71372;;;4.46;
2020.08.12 05:00:08;Buy;0.01;AUDUSD;0.71307;;;2020.08.12 12:51:41;0.71372;;;0.65;
2020.08.11 22:00:07;Buy;0.01;AUDUSD;0.71516;;;2020.08.12 12:51:39;0.71379;;-0.02;-1.37;
2020.08.12 06:00:09;Sell;0.01;AUDNZD;1.08737;;;2020.08.12 06:09:47;1.08653;;;0.55;
2020.08.12 02:00:05;Sell;0.01;AUDNZD;1.08795;;;2020.08.12 03:36:40;1.08694;;;0.66;
2020.08.11 21:00:09;Buy;0.01;AUDNZD;1.08694;;;2020.08.12 01:38:29;1.08791;;-0.08;0.64;
2020.08.11 07:00:05;Sell;0.01;AUDUSD;0.71793;;;2020.08.11 21:36:28;0.71499;;;2.94;
2020.08.11 17:00:33;Sell;0.01;AUDCAD;0.95315;;;2020.08.11 21:31:57;0.95025;;;2.19;
2020.08.11 19:00:10;Sell;0.01;AUDNZD;1.08801;;;2020.08.11 19:22:13;1.08705;;;0.63;
2020.08.11 18:00:08;Buy;0.01;AUDNZD;1.08602;;;2020.08.11 18:05:24;1.08697;;;0.63;
2020.08.11 13:00:15;Sell;0.01;AUDNZD;1.08687;;;2020.08.11 17:13:05;1.08608;;;0.53;
2020.08.10 14:00:12;Sell;0.01;AUDCAD;0.95633;;;2020.08.11 16:32:45;0.95347;;-0.07;2.15;
2020.08.11 01:00:07;Sell;0.01;AUDNZD;1.08479;;;2020.08.11 07:36:38;1.08397;;;0.55;
2020.08.11 04:00:05;Buy;0.01;AUDUSD;0.71466;;;2020.08.11 05:23:37;0.71767;;;3.01;
2020.08.07 10:00:14;Sell;0.01;AUDNZD;1.08164;;;2020.08.11 00:00:21;1.08479;;-0.16;-2.08;
2020.08.10 11:00:07;Sell;0.02;AUDNZD;1.08637;;;2020.08.11 00:00:16;1.08479;;-0.15;2.08;
2020.08.07 12:00:07;Sell;0.01;AUDNZD;1.08409;;;2020.08.11 00:00:14;1.08479;;-0.16;-0.46;
2020.08.10 17:00:06;Sell;0.01;AUDUSD;0.71798;;;2020.08.10 21:28:31;0.71513;;;2.85;
2020.08.10 14:00:06;Buy;0.03;AUDUSD;0.71442;;;2020.08.10 16:03:33;0.71679;;;7.11;
2020.08.07 19:00:08;Buy;0.02;AUDUSD;0.71630;;;2020.08.10 16:03:32;0.71678;;-0.04;0.96;
2020.08.07 17:00:20;Buy;0.01;AUDUSD;0.71775;;;2020.08.10 16:03:30;0.71678;;-0.02;-0.97;
2020.08.07 07:00:05;Buy;0.01;AUDUSD;0.72001;;;2020.08.10 16:03:28;0.71679;;-0.02;-3.22;
2020.08.06 20:00:07;Sell;0.02;AUDCAD;0.96130;;;2020.08.10 13:55:39;0.95644;;-0.30;7.26;
2020.08.05 16:00:17;Sell;0.01;AUDCAD;0.95726;;;2020.08.10 13:55:37;0.95644;;-0.36;0.61;
2020.08.04 15:00:11;Sell;0.01;AUDCAD;0.95668;;;2020.08.10 13:55:36;0.95643;;-0.43;0.19;
2020.08.03 16:00:53;Sell;0.01;AUDCAD;0.95235;;;2020.08.10 13:55:34;0.95644;;-0.50;-3.06;
2020.08.06 20:00:05;Sell;0.02;AUDCAD;0.96130;;;2020.08.10 13:55:33;0.95636;;-0.30;7.38;
2020.08.06 23:00:11;Sell;0.02;NZDCAD;0.88921;;;2020.08.07 16:19:51;0.88533;;-0.14;5.80;
2020.08.07 06:00:06;Buy;0.01;AUDNZD;1.08077;;;2020.08.07 09:58:32;1.08174;;;0.65;
2020.08.06 20:00:05;Sell;0.01;AUDUSD;0.72351;;;2020.08.07 06:27:50;0.72103;;-0.02;2.48;
2020.08.06 17:00:08;Sell;0.01;AUDUSD;0.72162;;;2020.08.07 06:27:49;0.72103;;-0.02;0.59;
2020.08.07 01:00:08;Buy;0.01;AUDNZD;1.08174;;;2020.08.07 03:04:39;1.08250;;;0.51;
2020.08.04 11:00:21;Buy;0.02;NZDCAD;0.88371;;;2020.08.06 23:00:10;0.88919;;-0.63;8.24;
2020.07.31 21:00:32;Buy;0.01;NZDCAD;0.88816;;;2020.08.06 23:00:09;0.88920;;-0.48;0.78;
2020.08.06 19:00:15;Sell;0.01;AUDNZD;1.08503;;;2020.08.06 22:32:42;1.08312;;;1.28;
2020.08.06 17:00:16;Sell;0.01;AUDNZD;1.08263;;;2020.08.06 22:32:41;1.08312;;;-0.33;
2020.08.06 18:03:46;Buy;0.01;AUDCAD;0.96018;;;2020.08.06 22:16:53;0.96274;;;1.92;
2020.08.04 22:00:07;Buy;0.08;NZDCAD;0.88229;;;2020.08.06 19:31:49;0.88665;;-2.53;26.23;
2020.07.31 22:01:19;Buy;0.04;NZDCAD;0.88721;;;2020.08.06 19:31:48;0.88665;;-1.90;-1.68;
2020.07.31 18:11:35;Buy;0.02;NZDCAD;0.89195;;;2020.08.06 19:31:47;0.88665;;-0.95;-7.97;
2020.08.05 17:01:27;Buy;0.01;AUDCAD;0.95828;;;2020.08.06 17:52:32;0.95867;;-0.27;0.29;
2020.08.06 06:00:09;Buy;0.01;AUDCAD;0.95456;;;2020.08.06 17:52:24;0.95860;;;3.03;
2020.08.06 14:00:08;Buy;0.01;AUDUSD;0.71809;;;2020.08.06 16:41:33;0.72055;;;2.46;
2020.08.06 10:00:19;Buy;0.01;AUDUSD;0.71968;;;2020.08.06 16:41:31;0.72056;;;0.88;
2020.08.06 15:00:16;Buy;0.01;AUDNZD;1.08087;;;2020.08.06 16:26:30;1.08182;;;0.63;
2020.08.04 23:00:12;Buy;0.02;GBPCAD;1.74147;;;2020.08.06 11:20:19;1.74907;;-1.29;11.44;
2020.08.04 12:00:07;Buy;0.01;GBPCAD;1.74709;;;2020.08.06 11:20:17;1.74905;;-0.65;1.48;
2020.08.06 05:00:06;Sell;0.01;AUDNZD;1.08366;;;2020.08.06 11:15:49;1.08270;;;0.63;
2020.08.06 06:00:07;Buy;0.01;AUDUSD;0.71875;;;2020.08.06 09:06:05;0.72103;;;2.28;
2020.08.05 20:00:09;Buy;0.01;AUDUSD;0.72043;;;2020.08.06 09:06:03;0.72102;;-0.07;0.59;
2020.08.06 01:00:15;Buy;0.01;AUDNZD;1.08162;;;2020.08.06 02:33:41;1.08281;;;0.79;
2020.08.05 14:00:13;Sell;0.02;AUDNZD;1.08444;;;2020.08.05 20:50:37;1.08202;;;3.21;
2020.08.05 10:00:19;Sell;0.01;AUDNZD;1.08226;;;2020.08.05 20:50:35;1.08202;;;0.16;
2020.08.05 03:00:54;Sell;0.01;AUDNZD;1.07988;;;2020.08.05 20:50:33;1.08201;;;-1.41;
2020.08.05 17:01:27;Sell;0.08;AUDUSD;0.72298;;;2020.08.05 19:33:37;0.72043;;;20.40;
2020.08.05 13:00:12;Sell;0.05;AUDUSD;0.72162;;;2020.08.05 19:33:35;0.72043;;;5.95;
2020.08.05 06:00:08;Sell;0.03;AUDUSD;0.71894;;;2020.08.05 19:33:34;0.72043;;;-4.47;
2020.08.04 23:00:12;Sell;0.02;AUDUSD;0.71649;;;2020.08.05 19:33:32;0.72043;;-0.04;-7.88;
2020.08.04 18:03:10;Sell;0.01;AUDUSD;0.71469;;;2020.08.05 19:33:30;0.72043;;-0.02;-5.74;
2020.08.04 17:00:24;Sell;0.01;AUDUSD;0.71312;;;2020.08.05 19:33:28;0.72043;;-0.02;-7.31;
2020.07.31 21:00:32;Buy;0.03;AUDCAD;0.95645;;;2020.08.05 16:24:00;0.95841;;-0.78;4.44;
2020.07.31 18:11:46;Buy;0.02;AUDCAD;0.96041;;;2020.08.05 16:23:58;0.95841;;-0.54;-3.02;
2020.07.31 11:00:09;Buy;0.01;AUDCAD;0.96558;;;2020.08.05 16:23:56;0.95841;;-0.27;-5.41;
2020.07.31 08:00:06;Buy;0.01;AUDCAD;0.96942;;;2020.08.05 16:23:54;0.95838;;-0.27;-8.33;
2020.08.03 17:00:24;Buy;0.05;AUDCAD;0.95239;;;2020.08.05 16:23:51;0.95836;;-0.88;22.52;
2020.08.05 02:00:10;Buy;0.01;AUDNZD;1.07852;;;2020.08.05 02:43:00;1.07966;;;0.76;
2020.08.05 01:00:26;Sell;0.01;AUDNZD;1.08140;;;2020.08.05 01:45:53;1.07837;;;2.01;
2020.08.04 11:00:20;Sell;0.01;AUDNZD;1.07998;;;2020.08.05 00:00:24;1.08131;;-0.08;-0.88;
2020.08.04 20:00:09;Sell;0.01;AUDNZD;1.08225;;;2020.08.05 00:00:16;1.08082;;-0.08;0.95;
2020.08.03 23:00:15;Sell;0.01;AUDUSD;0.71232;;;2020.08.04 16:28:31;0.71161;;-0.02;0.71;
2020.08.04 10:00:27;Sell;0.01;AUDUSD;0.71377;;;2020.08.04 16:28:25;0.71161;;;2.16;
2020.08.04 08:00:07;Sell;0.01;AUDNZD;1.07832;;;2020.08.04 08:32:10;1.07732;;;0.66;
2020.08.03 17:00:26;Sell;0.01;AUDNZD;1.07633;;;2020.08.04 03:30:32;1.07528;;-0.08;0.69;
2020.07.31 18:11:33;Buy;0.01;AUDUSD;0.71681;;;2020.08.03 21:38:51;0.71198;;-0.02;-4.83;
2020.07.31 12:00:14;Buy;0.01;AUDUSD;0.71918;;;2020.08.03 21:38:49;0.71198;;-0.02;-7.20;
2020.08.03 16:00:54;Buy;0.08;AUDUSD;0.70919;;;2020.08.03 21:38:47;0.71197;;;22.24;
2020.08.03 10:00:15;Buy;0.05;AUDUSD;0.71167;;;2020.08.03 21:38:45;0.71198;;;1.55;
2020.08.03 00:00:15;Buy;0.03;AUDUSD;0.71343;;;2020.08.03 21:38:44;0.71198;;;-4.35;
2020.07.31 20:00:15;Buy;0.02;AUDUSD;0.71455;;;2020.08.03 21:38:42;0.71198;;-0.04;-5.14;
2020.08.03 11:00:14;Buy;0.01;AUDNZD;1.07377;;;2020.08.03 16:20:19;1.07568;;;1.25;
2020.08.03 05:00:26;Buy;0.01;AUDNZD;1.07598;;;2020.08.03 16:20:17;1.07576;;;-0.15;
2020.08.03 05:00:24;Sell;0.01;AUDCAD;0.95576;;;2020.08.03 15:50:52;0.95323;;;1.88;
2020.07.30 06:00:09;Sell;0.02;AUDNZD;1.07917;;;2020.08.03 13:00:09;1.07239;;-0.30;8.99;
2020.07.28 21:00:07;Sell;0.01;AUDNZD;1.07574;;;2020.08.03 13:00:07;1.07241;;-0.47;2.20;
2020.07.31 16:00:15;Sell;0.27;GBPCAD;1.76442;;;2020.08.03 12:58:42;1.75155;;-3.57;258.67;
2020.07.30 22:00:27;Sell;0.18;GBPCAD;1.75927;;;2020.08.03 12:58:40;1.75155;;-4.77;103.44;
2020.07.30 16:15:22;Sell;0.12;GBPCAD;1.74843;;;2020.08.03 12:58:38;1.75151;;-3.17;-27.52;
2020.07.30 12:00:07;Sell;0.08;GBPCAD;1.74260;;;2020.08.03 12:58:37;1.75151;;-2.12;-53.06;
2020.07.29 21:04:41;Sell;0.05;GBPCAD;1.73553;;;2020.08.03 12:58:36;1.75141;;-3.29;-59.11;
2020.07.28 17:01:25;Sell;0.03;GBPCAD;1.73002;;;2020.08.03 12:58:34;1.75141;;-2.37;-47.77;
2020.07.27 15:00:18;Sell;0.02;GBPCAD;1.72260;;;2020.08.03 12:58:32;1.75146;;-1.84;-42.97;
2020.07.24 19:00:06;Sell;0.01;GBPCAD;1.71693;;;2020.08.03 12:58:30;1.75145;;-1.04;-25.70;
2020.07.31 19:00:21;Sell;0.01;AUDCAD;0.95775;;;2020.08.03 04:47:33;0.95524;;-0.07;1.87;
2020.07.31 22:01:20;Sell;0.01;AUDNZD;1.07774;;;2020.07.31 23:04:47;1.07692;;;0.55;
2020.07.31 21:00:34;Buy;0.01;AUDNZD;1.07679;;;2020.07.31 22:01:19;1.07776;;;0.64;
2020.07.31 18:11:44;Sell;0.01;AUDCAD;0.96005;;;2020.07.31 18:45:13;0.95797;;;1.56;
2020.07.31 17:00:18;Sell;0.01;AUDCAD;0.96360;;;2020.07.31 18:11:48;0.96047;;;2.33;
2020.07.31 03:00:36;Sell;0.04;AUDCAD;0.96579;;;2020.07.31 18:11:47;0.96044;;;15.98;
2020.07.30 21:00:09;Sell;0.02;AUDCAD;0.96211;;;2020.07.31 18:11:35;0.96042;;-0.15;2.52;
2020.07.28 18:03:09;Sell;0.01;AUDCAD;0.95832;;;2020.07.31 18:11:33;0.96042;;-0.36;-1.57;
2020.07.31 02:00:09;Sell;0.01;NZDCAD;0.89844;;;2020.07.31 18:11:32;0.89196;;;4.84;
2020.07.31 15:00:22;Sell;0.01;AUDNZD;1.07805;;;2020.07.31 16:37:59;1.07689;;;0.77;
2020.07.31 08:00:14;Sell;0.05;AUDCAD;0.96907;;;2020.07.31 16:33:25;0.96269;;;23.78;
2020.07.30 22:00:25;Sell;0.03;AUDCAD;0.96448;;;2020.07.31 16:33:23;0.96270;;-0.22;3.98;
2020.07.29 16:00:13;Sell;0.02;AUDCAD;0.95906;;;2020.07.31 16:33:22;0.96271;;-0.59;-5.44;
2020.07.27 15:00:17;Sell;0.01;AUDCAD;0.95528;;;2020.07.31 16:33:20;0.96271;;-0.43;-5.53;
2020.07.23 20:00:18;Sell;0.01;AUDCAD;0.95152;;;2020.07.31 16:33:19;0.96270;;-0.57;-8.33;
2020.07.31 01:00:34;Sell;0.04;NZDCAD;0.89837;;;2020.07.31 14:40:16;0.89441;;;11.79;
2020.07.30 20:00:13;Sell;0.02;NZDCAD;0.89367;;;2020.07.31 14:40:15;0.89441;;-0.14;-1.10;
2020.07.30 21:00:10;Sell;0.01;AUDUSD;0.71672;;;2020.07.31 11:32:08;0.71908;;-0.02;-2.36;
2020.07.31 05:00:20;Sell;0.02;AUDUSD;0.72179;;;2020.07.31 11:32:02;0.71907;;;5.44;
2020.07.31 00:00:16;Sell;0.01;AUDUSD;0.71930;;;2020.07.31 11:32:00;0.71908;;;0.22;
2020.07.31 04:00:09;Sell;0.01;AUDNZD;1.07665;;;2020.07.31 10:07:51;1.07558;;;0.72;
2020.07.30 23:00:20;Buy;0.01;AUDCAD;0.96575;;;2020.07.31 07:47:59;0.96857;;-0.09;2.10;
2020.07.30 21:00:05;Sell;0.01;AUDNZD;1.07534;;;2020.07.30 23:13:28;1.07448;;;0.58;
2020.07.30 21:00:07;Buy;0.01;AUDCAD;0.96246;;;2020.07.30 22:22:02;0.96525;;;2.07;
2020.07.28 10:00:14;Buy;0.01;NZDCAD;0.88939;;;2020.07.30 21:00:09;0.89472;;-0.32;3.97;
2020.07.28 18:03:11;Buy;0.01;AUDCAD;0.95868;;;2020.07.30 20:59:29;0.96211;;-0.36;2.56;
2020.07.30 12:00:23;Buy;0.01;AUDUSD;0.71376;;;2020.07.30 20:15:22;0.71629;;;2.53;
2020.07.30 09:00:15;Buy;0.01;AUDUSD;0.71608;;;2020.07.30 20:15:20;0.71629;;;0.21;
2020.07.30 18:08:46;Buy;0.01;AUDNZD;1.07463;;;2020.07.30 18:35:30;1.07511;;;0.31;
2020.07.29 13:00:05;Sell;0.03;AUDNZD;1.07792;;;2020.07.30 18:08:45;1.07462;;-0.69;6.57;
2020.07.28 18:03:07;Sell;0.02;AUDNZD;1.07451;;;2020.07.30 18:08:43;1.07467;;-0.61;-0.21;
2020.07.28 11:00:11;Sell;0.01;AUDNZD;1.07290;;;2020.07.30 18:08:42;1.07463;;-0.31;-1.14;
2020.07.28 01:00:09;Sell;0.01;AUDNZD;1.07045;;;2020.07.30 18:08:41;1.07464;;-0.31;-2.78;
2020.07.30 06:00:08;Buy;0.02;NZDCAD;0.88739;;;2020.07.30 16:18:00;0.89130;;;5.83;
2020.07.29 11:00:20;Sell;0.01;AUDUSD;0.71859;;;2020.07.30 08:29:16;0.71565;;-0.06;2.94;
2020.07.28 17:00:56;Buy;0.01;AUDUSD;0.71500;;;2020.07.29 10:00:46;0.71770;;-0.02;2.70;
2020.07.27 18:00:58;Buy;0.01;AUDCAD;0.95578;;;2020.07.28 18:03:06;0.95832;;-0.09;1.90;
2020.07.28 07:00:09;Buy;0.01;AUDUSD;0.71361;;;2020.07.28 16:44:52;0.71509;;;1.48;
2020.07.27 06:00:06;Sell;0.02;NZDCAD;0.89310;;;2020.07.28 09:26:32;0.88917;;-0.14;5.88;
2020.07.27 06:00:08;Sell;0.02;AUDUSD;0.71381;;;2020.07.28 06:16:38;0.71328;;-0.04;1.06;
2020.07.27 04:00:06;Sell;0.01;AUDUSD;0.71174;;;2020.07.28 06:16:36;0.71325;;-0.02;-1.51;
2020.07.24 18:00:19;Sell;0.01;AUDUSD;0.70986;;;2020.07.28 06:16:35;0.71329;;-0.04;-3.43;
2020.07.28 02:00:17;Sell;0.03;AUDUSD;0.71569;;;2020.07.28 06:16:31;0.71328;;;7.23;
2020.07.24 11:00:32;Buy;0.01;AUDNZD;1.06799;;;2020.07.28 00:32:01;1.07005;;-0.16;1.37;
2020.07.23 20:00:17;Buy;0.01;AUDNZD;1.07125;;;2020.07.28 00:31:59;1.07005;;-0.24;-0.80;
2020.07.23 15:00:09;Buy;0.02;AUDCAD;0.95315;;;2020.07.27 17:35:49;0.95786;;-0.35;7.03;
2020.07.22 21:00:08;Buy;0.01;AUDCAD;0.95718;;;2020.07.27 17:35:48;0.95782;;-0.44;0.48;
2020.07.22 09:00:07;Buy;0.01;AUDCAD;0.96133;;;2020.07.27 17:35:47;0.95780;;-0.44;-2.63;
2020.07.23 21:00:29;Buy;0.01;NZDCAD;0.88818;;;2020.07.27 05:00:07;0.89283;;-0.16;3.47;
2020.07.24 14:00:21;Buy;0.01;AUDUSD;0.70701;;;2020.07.24 15:05:50;0.70944;;;2.43;
2020.07.24 08:00:12;Buy;0.01;AUDUSD;0.70849;;;2020.07.24 15:05:48;0.70941;;;0.92;
2020.07.21 22:00:10;Sell;0.02;AUDNZD;1.07495;;;2020.07.24 11:00:32;1.06800;;-0.76;9.22;
2020.07.21 12:00:11;Sell;0.01;AUDNZD;1.07159;;;2020.07.24 11:00:31;1.06798;;-0.39;2.40;
2020.07.23 11:00:13;Buy;0.01;GBPCAD;1.70327;;;2020.07.24 09:11:33;1.71012;;-0.16;5.11;
2020.07.24 02:00:10;Sell;0.01;AUDUSD;0.71084;;;2020.07.24 07:27:28;0.70815;;;2.69;
2020.07.23 18:00:28;Sell;0.01;AUDUSD;0.71226;;;2020.07.24 00:16:57;0.70946;;-0.02;2.80;
2020.07.23 13:00:04;Sell;0.01;AUDCAD;0.95485;;;2020.07.23 19:51:43;0.95212;;;2.04;
2020.07.22 01:00:06;Sell;0.02;NZDCAD;0.89370;;;2020.07.23 18:42:02;0.88963;;-0.42;6.08;
2020.07.23 18:01:29;Sell;0.01;AUDNZD;1.07196;;;2020.07.23 18:17:59;1.07115;;;0.54;
2020.07.23 16:01:13;Buy;0.01;AUDUSD;0.70974;;;2020.07.23 17:53:31;0.71262;;;2.88;
2020.07.23 14:00:20;Buy;0.01;AUDUSD;0.71283;;;2020.07.23 17:53:30;0.71263;;;-0.20;
2020.07.22 15:00:08;Sell;0.04;NZDCAD;0.89666;;;2020.07.23 14:00:18;0.89196;;-0.85;14.04;
2020.07.21 22:00:09;Sell;0.02;NZDCAD;0.89299;;;2020.07.23 14:00:17;0.89197;;-0.56;1.53;
2020.07.17 10:00:27;Sell;0.01;NZDCAD;0.88935;;;2020.07.23 14:00:15;0.89197;;-0.42;-1.95;
2020.07.22 14:00:10;Sell;0.01;AUDUSD;0.71579;;;2020.07.23 13:23:55;0.71274;;-0.06;3.05;
2020.07.22 10:00:24;Sell;0.05;AUDCAD;0.96189;;;2020.07.23 12:20:52;0.95568;;-1.09;23.19;
2020.07.21 21:00:10;Sell;0.03;AUDCAD;0.95786;;;2020.07.23 12:20:51;0.95567;;-0.87;4.90;
2020.07.21 13:00:10;Sell;0.02;AUDCAD;0.95312;;;2020.07.23 12:20:49;0.95567;;-0.57;-3.81;
2020.07.17 13:00:09;Sell;0.01;AUDCAD;0.94905;;;2020.07.23 12:20:47;0.95566;;-0.43;-4.93;
2020.07.15 20:00:07;Sell;0.01;AUDCAD;0.94528;;;2020.07.23 12:20:46;0.95566;;-0.71;-7.75;
2020.07.21 21:00:08;Sell;0.02;AUDCAD;0.95786;;;2020.07.23 12:13:07;0.95609;;-0.57;2.65;
2020.07.21 16:00:25;Sell;0.01;AUDCAD;0.95431;;;2020.07.23 12:13:05;0.95608;;-0.29;-1.32;
2020.07.22 10:00:26;Sell;0.04;AUDCAD;0.96195;;;2020.07.23 12:12:58;0.95613;;-0.87;17.40;
2020.07.20 14:00:22;Sell;0.01;GBPCAD;1.71000;;;2020.07.23 10:07:56;1.70376;;-0.65;4.66;
2020.07.21 17:00:44;Sell;0.08;AUDNZD;1.07167;;;2020.07.23 09:11:21;1.07028;;-2.45;7.44;
2020.07.14 13:00:08;Sell;0.02;AUDNZD;1.06477;;;2020.07.23 09:11:19;1.07026;;-1.66;-7.34;
2020.07.14 05:00:07;Sell;0.01;AUDNZD;1.06264;;;2020.07.23 09:11:18;1.07026;;-0.82;-5.09;
2020.07.13 07:00:07;Sell;0.01;AUDNZD;1.06043;;;2020.07.23 09:11:16;1.07029;;-0.89;-6.59;
2020.07.21 22:00:08;Sell;0.13;AUDNZD;1.07495;;;2020.07.23 09:11:14;1.07029;;-3.99;40.50;
2020.07.21 08:00:10;Sell;0.05;AUDNZD;1.06951;;;2020.07.23 09:11:09;1.07032;;-1.53;-2.70;
2020.07.14 19:00:46;Sell;0.03;AUDNZD;1.06710;;;2020.07.23 09:11:07;1.07032;;-2.48;-6.46;
2020.07.22 11:00:08;Buy;0.01;AUDUSD;0.71243;;;2020.07.22 13:13:44;0.71548;;;3.05;
2020.07.22 09:00:05;Sell;0.55;AUDUSD;0.71498;;;2020.07.22 10:46:49;0.71243;;;140.25;
2020.07.21 21:00:04;Sell;0.34;AUDUSD;0.71332;;;2020.07.22 10:46:47;0.71236;;-0.63;32.64;
2020.07.21 19:00:05;Sell;0.21;AUDUSD;0.71105;;;2020.07.22 10:46:46;0.71243;;-0.39;-28.98;
2020.07.21 16:00:24;Sell;0.13;AUDUSD;0.70935;;;2020.07.22 10:46:44;0.71244;;-0.24;-40.17;
2020.07.21 14:00:17;Sell;0.08;AUDUSD;0.70764;;;2020.07.22 10:46:43;0.71246;;-0.15;-38.56;
2020.07.21 12:00:10;Sell;0.05;AUDUSD;0.70549;;;2020.07.22 10:46:42;0.71246;;-0.09;-34.85;
2020.07.21 09:00:14;Sell;0.03;AUDUSD;0.70393;;;2020.07.22 10:46:40;0.71245;;-0.06;-25.56;
2020.07.21 06:00:12;Sell;0.02;AUDUSD;0.70265;;;2020.07.22 10:46:38;0.71248;;-0.04;-19.66;
2020.07.20 18:00:10;Sell;0.01;AUDUSD;0.70106;;;2020.07.22 10:46:36;0.71244;;-0.04;-11.38;
2020.07.17 12:00:07;Sell;0.01;AUDUSD;0.69923;;;2020.07.22 10:46:35;0.71244;;-0.06;-13.21;
2020.07.21 21:00:06;Buy;0.01;AUDCAD;0.95815;;;2020.07.22 08:28:47;0.96069;;-0.09;1.89;
2020.07.21 17:00:43;Buy;0.01;AUDCAD;0.95523;;;2020.07.21 20:50:38;0.95783;;;1.94;
2020.07.15 20:00:07;Buy;0.02;NZDCAD;0.88744;;;2020.07.21 17:10:26;0.89146;;-0.95;5.97;
2020.07.21 12:00:06;Buy;0.01;AUDCAD;0.95219;;;2020.07.21 16:49:12;0.95483;;;1.96;
2020.07.15 19:00:44;Buy;0.01;AUDCAD;0.94702;;;2020.07.21 11:08:19;0.95247;;-0.53;4.04;
2020.07.15 17:01:04;Buy;0.01;AUDCAD;0.95288;;;2020.07.21 11:08:18;0.95247;;-0.53;-0.31;
2020.07.16 22:00:12;Buy;0.01;AUDUSD;0.69678;;;2020.07.17 11:57:14;0.69924;;-0.02;2.46;
2020.07.16 12:00:14;Buy;0.01;AUDUSD;0.69831;;;2020.07.17 11:57:12;0.69923;;-0.02;0.92;
2020.07.16 10:00:59;Buy;0.02;GBPCAD;1.69507;;;2020.07.16 16:51:20;1.70238;;;10.82;
2020.07.15 20:00:09;Buy;0.01;GBPCAD;1.70041;;;2020.07.16 16:51:18;1.70238;;-0.47;1.46;
2020.07.16 01:00:14;Sell;0.01;AUDUSD;0.70071;;;2020.07.16 11:43:38;0.69796;;;2.75;
2020.07.15 04:00:18;Sell;0.01;NZDCAD;0.89045;;;2020.07.16 04:00:11;0.88590;;-0.21;3.37;
2020.07.01 17:00:09;Sell;0.01;AUDCAD;0.93978;;;2020.07.15 19:33:39;0.94597;;-0.98;-4.58;
2020.07.01 15:00:15;Sell;0.01;AUDCAD;0.93523;;;2020.07.15 19:33:38;0.94599;;-0.98;-7.96;
2020.07.15 05:00:09;Sell;0.05;AUDCAD;0.95252;;;2020.07.15 19:33:36;0.94599;;;24.16;
2020.07.14 14:00:10;Sell;0.03;AUDCAD;0.94732;;;2020.07.15 19:33:35;0.94599;;-0.21;2.95;
2020.07.06 13:00:05;Sell;0.02;AUDCAD;0.94363;;;2020.07.15 19:33:34;0.94599;;-1.26;-3.50;
2020.07.15 15:00:13;Sell;0.08;AUDCAD;0.95284;;;2020.07.15 19:04:55;0.94689;;;35.19;
2020.07.14 18:00:11;Sell;0.04;AUDCAD;0.94862;;;2020.07.15 19:04:53;0.94689;;-0.28;5.11;
2020.07.06 15:00:08;Sell;0.02;AUDCAD;0.94446;;;2020.07.15 19:04:51;0.94690;;-1.26;-3.61;
2020.07.02 07:00:05;Sell;0.01;AUDCAD;0.94091;;;2020.07.15 19:04:50;0.94691;;-0.77;-4.44;
2020.07.15 16:00:13;Sell;0.03;AUDUSD;0.70251;;;2020.07.15 19:04:31;0.70004;;;7.41;
2020.07.15 05:00:08;Sell;0.02;AUDUSD;0.70089;;;2020.07.15 19:04:29;0.70008;;;1.62;
2020.07.15 02:00:13;Sell;0.01;AUDUSD;0.69864;;;2020.07.15 19:04:28;0.70008;;;-1.44;
2020.07.14 18:00:12;Sell;0.01;AUDUSD;0.69681;;;2020.07.15 19:04:27;0.70008;;-0.02;-3.27;
2020.07.15 04:00:17;Buy;0.01;AUDCAD;0.95111;;;2020.07.15 16:32:42;0.95416;;;2.25;
2020.07.14 17:00:30;Buy;0.02;NZDCAD;0.88697;;;2020.07.15 04:28:13;0.89095;;-0.16;5.86;
2020.07.14 19:00:47;Buy;0.01;AUDCAD;0.94855;;;2020.07.15 03:09:24;0.95127;;-0.09;2.00;
2020.07.10 14:00:09;Buy;0.01;AUDCAD;0.94589;;;2020.07.14 18:01:12;0.94841;;-0.18;1.85;
2020.07.13 23:00:15;Buy;0.01;AUDUSD;0.69443;;;2020.07.14 17:33:11;0.69705;;-0.02;2.62;
2020.07.13 22:00:08;Buy;0.01;AUDUSD;0.69644;;;2020.07.14 17:33:09;0.69704;;-0.02;0.60;
2020.07.09 22:00:07;Sell;0.08;NZDCAD;0.89226;;;2020.07.14 17:00:29;0.88697;;-1.67;31.11;
2020.07.06 22:00:04;Sell;0.04;NZDCAD;0.88882;;;2020.07.14 17:00:27;0.88698;;-2.24;5.41;
2020.07.02 12:00:09;Sell;0.02;NZDCAD;0.88524;;;2020.07.14 17:00:26;0.88699;;-1.40;-2.58;
2020.07.02 04:00:06;Sell;0.01;NZDCAD;0.88103;;;2020.07.14 17:00:25;0.88698;;-0.70;-4.37;
2020.07.10 09:00:15;Buy;0.02;AUDNZD;1.05740;;;2020.07.14 11:00:20;1.06420;;-0.32;8.86;
2020.07.02 15:00:11;Buy;0.01;AUDNZD;1.06142;;;2020.07.14 11:00:18;1.06420;;-0.80;1.81;
2020.07.10 19:00:12;Sell;0.32;NZDCAD;0.89428;;;2020.07.14 03:00:53;0.88956;;-4.45;110.95;
2020.07.07 17:00:40;Sell;0.16;NZDCAD;0.89002;;;2020.07.14 03:00:51;0.88958;;-7.81;5.17;
2020.07.02 12:00:11;Sell;0.08;NZDCAD;0.88524;;;2020.07.14 03:00:49;0.88959;;-5.58;-25.57;
2020.07.02 01:00:06;Sell;0.04;NZDCAD;0.88060;;;2020.07.14 03:00:47;0.88959;;-2.80;-26.41;
2020.06.25 09:00:06;Sell;0.02;NZDCAD;0.87618;;;2020.07.14 03:00:45;0.88957;;-2.37;-19.67;
2020.07.13 18:00:09;Sell;0.02;AUDUSD;0.69893;;;2020.07.13 21:24:29;0.69670;;;4.46;
2020.07.13 07:00:07;Sell;0.01;AUDUSD;0.69703;;;2020.07.13 21:24:27;0.69671;;;0.32;
2020.07.10 13:00:05;Sell;0.01;AUDUSD;0.69546;;;2020.07.13 21:24:25;0.69679;;-0.02;-1.33;
2020.07.10 18:03:19;Sell;0.05;GBPCAD;1.71982;;;2020.07.13 11:47:32;1.71092;;-0.64;32.78;
2020.07.10 12:00:06;Sell;0.03;GBPCAD;1.71463;;;2020.07.13 11:47:26;1.71086;;-0.38;8.34;
2020.07.09 16:00:10;Sell;0.02;GBPCAD;1.70954;;;2020.07.13 11:47:24;1.71090;;-0.51;-2.00;
2020.07.07 17:00:10;Sell;0.01;GBPCAD;1.70416;;;2020.07.13 11:47:23;1.71102;;-0.77;-5.05;
2020.07.10 05:00:10;Buy;0.01;AUDNZD;1.05862;;;2020.07.13 05:19:17;1.05970;;-0.08;0.71;
2020.07.08 21:00:04;Buy;0.01;AUDCAD;0.94260;;;2020.07.10 13:16:19;0.94667;;-0.35;2.99;
2020.07.07 18:00:14;Buy;0.01;AUDCAD;0.94652;;;2020.07.10 13:16:17;0.94667;;-0.44;0.11;
2020.07.10 10:00:13;Buy;0.02;AUDUSD;0.69306;;;2020.07.10 11:15:27;0.69492;;;3.72;
2020.07.10 04:00:07;Buy;0.01;AUDUSD;0.69443;;;2020.07.10 11:15:26;0.69492;;;0.49;
2020.07.09 18:00:59;Buy;0.01;AUDUSD;0.69632;;;2020.07.10 11:15:24;0.69495;;-0.02;-1.37;
2020.07.09 18:14:58;Sell;0.01;AUDNZD;1.06070;;;2020.07.09 21:08:44;1.05967;;;0.68;
2020.07.09 17:01:18;Buy;0.01;AUDNZD;1.05934;;;2020.07.09 17:49:34;1.06030;;;0.63;
2020.07.09 03:00:09;Sell;0.01;AUDUSD;0.69854;;;2020.07.09 17:45:28;0.69613;;;2.41;
2020.07.08 17:00:54;Sell;0.01;AUDUSD;0.69677;;;2020.07.09 17:45:26;0.69613;;-0.05;0.64;
2020.07.08 23:00:05;Sell;0.01;AUDNZD;1.06182;;;2020.07.09 07:25:15;1.06099;;-0.22;0.54;
2020.07.07 23:00:18;Buy;0.01;AUDUSD;0.69428;;;2020.07.08 16:43:39;0.69683;;-0.02;2.55;
2020.07.08 06:00:04;Sell;0.01;AUDNZD;1.06133;;;2020.07.08 08:36:00;1.06039;;;0.61;
2020.07.08 03:00:06;Buy;0.01;AUDNZD;1.06018;;;2020.07.08 05:56:24;1.06112;;;0.62;
2020.07.07 21:00:07;Sell;0.01;AUDNZD;1.06195;;;2020.07.07 23:13:46;1.06093;;;0.67;
2020.07.07 18:00:34;Sell;0.01;AUDUSD;0.69669;;;2020.07.07 22:52:01;0.69437;;;2.32;
2020.07.07 16:00:13;Sell;0.01;AUDUSD;0.69516;;;2020.07.07 22:51:59;0.69437;;;0.79;
2020.07.07 12:00:08;Buy;0.01;AUDCAD;0.94085;;;2020.07.07 17:09:32;0.94548;;;3.41;
2020.07.06 16:00:06;Buy;0.01;AUDCAD;0.94587;;;2020.07.07 17:09:31;0.94549;;-0.09;-0.28;
2020.07.07 12:00:16;Buy;0.02;AUDUSD;0.69262;;;2020.07.07 15:50:02;0.69479;;;4.34;
2020.07.07 10:00:15;Buy;0.01;AUDUSD;0.69461;;;2020.07.07 15:50:00;0.69479;;;0.18;
2020.07.07 06:00:07;Buy;0.01;AUDUSD;0.69600;;;2020.07.07 15:49:58;0.69480;;;-1.20;
2020.07.07 14:00:10;Buy;0.01;AUDNZD;1.06101;;;2020.07.07 14:48:22;1.06191;;;0.59;
2020.07.07 06:00:06;Buy;0.01;AUDNZD;1.06222;;;2020.07.07 07:32:16;1.06319;;;0.63;
2020.07.06 18:00:06;Sell;0.01;AUDUSD;0.69851;;;2020.07.07 05:44:45;0.69620;;-0.02;2.31;
2020.07.06 09:00:22;Sell;0.01;AUDUSD;0.69706;;;2020.07.07 05:44:44;0.69618;;-0.02;0.88;
2020.07.07 01:00:11;Sell;0.01;AUDNZD;1.06461;;;2020.07.07 03:00:14;1.06341;;;0.79;
2020.07.06 22:00:04;Buy;0.01;AUDNZD;1.06281;;;2020.07.06 23:50:48;1.06382;;;0.66;
2020.07.06 11:00:07;Sell;0.01;AUDNZD;1.06474;;;2020.07.06 21:16:08;1.06374;;;0.65;
2020.07.02 09:00:06;Buy;0.01;AUDCAD;0.94223;;;2020.07.06 15:35:13;0.94510;;-0.18;2.12;
2020.07.06 00:02:08;Buy;0.01;AUDNZD;1.06285;;;2020.07.06 10:50:29;1.06399;;;0.75;
2020.07.06 00:01:18;Buy;0.01;AUDUSD;0.69334;;;2020.07.06 08:52:14;0.69688;;;3.54;
2020.07.03 23:00:08;Sell;0.01;AUDNZD;1.06454;;;2020.07.03 23:07:21;1.06344;;;0.72;
2020.07.02 15:00:11;Buy;0.03;AUDNZD;1.06142;;;2020.07.03 22:56:13;1.06582;;-0.24;8.59;
2020.07.01 20:00:07;Buy;0.01;AUDNZD;1.06796;;;2020.07.03 22:56:11;1.06582;;-0.32;-1.40;
2020.07.02 12:00:12;Buy;0.02;AUDNZD;1.06372;;;2020.07.03 22:56:04;1.06509;;-0.16;1.79;
2020.07.02 05:00:09;Buy;0.01;AUDNZD;1.06566;;;2020.07.03 22:56:02;1.06509;;-0.08;-0.37;
2020.07.02 18:00:25;Buy;0.01;AUDUSD;0.69103;;;2020.07.03 10:17:04;0.69398;;-0.02;2.95;
2020.07.02 12:00:13;Sell;0.03;GBPCAD;1.70121;;;2020.07.02 19:24:26;1.69318;;;17.73;
2020.07.01 21:00:17;Sell;0.02;GBPCAD;1.69620;;;2020.07.02 19:24:25;1.69318;;-0.76;4.44;
2020.07.01 18:00:33;Sell;0.01;GBPCAD;1.68988;;;2020.07.02 19:24:24;1.69317;;-0.38;-2.43;
2020.07.02 17:00:13;Sell;0.01;AUDUSD;0.69446;;;2020.07.02 17:52:01;0.69160;;;2.86;
2020.07.01 17:00:09;Sell;0.01;AUDUSD;0.69213;;;2020.07.02 17:51:59;0.69161;;-0.05;0.52;
2020.07.01 18:00:35;Buy;0.01;AUDCAD;0.93918;;;2020.07.02 08:43:55;0.94223;;-0.26;2.24;
2020.07.01 18:00:32;Sell;0.01;AUDNZD;1.06924;;;2020.07.01 18:24:50;1.06851;;;0.47;
2020.06.29 14:00:09;Buy;0.02;GBPCAD;1.68210;;;2020.07.01 17:53:31;1.68948;;-0.61;10.87;
2020.06.26 20:00:10;Buy;0.01;GBPCAD;1.68756;;;2020.07.01 17:53:30;1.68944;;-0.45;1.39;
2020.06.24 17:00:41;Buy;0.01;AUDCAD;0.93650;;;2020.07.01 17:01:38;0.94077;;-0.59;3.14;
2020.06.23 16:00:21;Buy;0.01;AUDCAD;0.94064;;;2020.07.01 17:01:36;0.94078;;-0.68;0.11;
2020.07.01 15:00:17;Buy;0.01;AUDNZD;1.06677;;;2020.07.01 16:35:56;1.06937;;;1.68;
2020.06.30 18:03:49;Buy;0.01;AUDNZD;1.06949;;;2020.07.01 16:35:53;1.06936;;-0.08;-0.09;
2020.07.01 15:00:15;Buy;0.01;AUDUSD;0.68856;;;2020.07.01 16:33:49;0.69153;;;2.97;
2020.06.25 23:00:11;Sell;0.01;AUDCAD;0.93970;;;2020.07.01 14:34:55;0.93538;;-0.28;3.18;
2020.06.24 19:00:28;Sell;0.01;AUDCAD;0.93491;;;2020.07.01 14:34:53;0.93532;;-0.49;-0.30;
2020.07.01 01:00:11;Sell;0.01;AUDUSD;0.69026;;;2020.07.01 14:34:52;0.68802;;;2.24;
2020.06.30 18:03:28;Sell;0.01;AUDUSD;0.68849;;;2020.07.01 14:34:51;0.68803;;-0.02;0.46;
2020.06.30 17:01:39;Sell;0.01;AUDNZD;1.07120;;;2020.06.30 17:14:46;1.07062;;;0.37;
2020.06.30 13:00:06;Buy;0.01;AUDUSD;0.68428;;;2020.06.30 16:23:13;0.68684;;;2.56;
2020.06.30 09:00:05;Buy;0.01;AUDUSD;0.68624;;;2020.06.30 16:23:11;0.68684;;;0.60;
2020.06.30 14:00:08;Buy;0.01;AUDNZD;1.06925;;;2020.06.30 16:01:13;1.07036;;;0.71;
2020.06.30 13:00:09;Sell;0.01;AUDNZD;1.07049;;;2020.06.30 13:40:24;1.06952;;;0.63;
2020.06.30 11:00:09;Buy;0.01;AUDNZD;1.06935;;;2020.06.30 11:37:29;1.07037;;;0.66;
2020.06.29 17:00:10;Buy;0.01;AUDUSD;0.68559;;;2020.06.30 07:16:15;0.68851;;-0.02;2.92;
2020.06.26 06:00:08;Buy;0.01;AUDNZD;1.06987;;;2020.06.30 05:00:30;1.07079;;-0.16;0.59;
2020.06.29 06:00:11;Sell;0.01;AUDUSD;0.68826;;;2020.06.29 16:42:32;0.68531;;;2.95;
2020.06.26 18:00:55;Buy;0.01;AUDUSD;0.68461;;;2020.06.29 05:10:07;0.68752;;-0.02;2.91;
2020.06.25 12:00:15;Sell;0.01;AUDUSD;0.68803;;;2020.06.26 17:33:45;0.68523;;-0.02;2.80;
2020.06.25 23:00:12;Sell;0.01;AUDNZD;1.07115;;;2020.06.26 03:47:42;1.07028;;-0.07;0.56;
2020.06.25 17:00:33;Buy;0.01;AUDNZD;1.06934;;;2020.06.25 22:02:30;1.07022;;;0.56;
2020.06.25 10:00:10;Buy;0.01;AUDNZD;1.06909;;;2020.06.25 14:05:32;1.07126;;;1.39;
2020.06.25 01:00:11;Buy;0.01;AUDNZD;1.07176;;;2020.06.25 14:05:30;1.07126;;;-0.33;
2020.06.25 03:00:09;Buy;0.05;AUDUSD;0.68575;;;2020.06.25 11:14:42;0.68824;;;12.45;
2020.06.24 19:00:28;Buy;0.03;AUDUSD;0.68754;;;2020.06.25 11:14:40;0.68828;;-0.19;2.22;
2020.06.24 15:00:25;Buy;0.02;AUDUSD;0.69021;;;2020.06.25 11:14:38;0.68831;;-0.13;-3.80;
2020.06.24 11:00:39;Buy;0.01;AUDUSD;0.69210;;;2020.06.25 11:14:36;0.68831;;-0.06;-3.79;
2020.06.24 10:00:29;Buy;0.01;AUDUSD;0.69363;;;2020.06.25 11:14:34;0.68831;;-0.06;-5.32;
2020.06.24 17:00:30;Buy;0.01;NZDCAD;0.87236;;;2020.06.25 11:00:28;0.87734;;-0.23;3.64;
2020.06.24 09:00:31;Sell;0.01;AUDNZD;1.07398;;;2020.06.24 18:13:29;1.07226;;;1.11;
2020.06.24 06:00:08;Sell;0.01;AUDNZD;1.07207;;;2020.06.24 18:13:27;1.07223;;;-0.10;
2020.06.23 16:00:23;Sell;0.02;AUDCAD;0.94015;;;2020.06.24 18:13:25;0.93476;;-0.14;7.94;
2020.06.22 18:01:08;Sell;0.01;AUDCAD;0.93426;;;2020.06.24 18:13:24;0.93477;;-0.14;-0.38;
2020.06.19 18:08:16;Sell;0.01;AUDCAD;0.93227;;;2020.06.24 18:13:23;0.93477;;-0.21;-1.84;
2020.06.23 16:00:19;Sell;0.02;AUDCAD;0.94015;;;2020.06.24 17:40:48;0.93558;;-0.14;6.73;
2020.06.23 11:00:19;Sell;0.01;AUDCAD;0.93697;;;2020.06.24 17:40:47;0.93566;;-0.07;0.96;
2020.06.24 14:00:14;Sell;0.02;GBPCAD;1.69871;;;2020.06.24 17:30:36;1.69105;;;11.30;
2020.06.23 19:00:08;Sell;0.01;GBPCAD;1.69253;;;2020.06.24 17:30:35;1.69098;;-0.13;1.14;
2020.06.22 15:00:11;Sell;0.02;NZDCAD;0.87649;;;2020.06.24 16:16:52;0.87260;;-0.28;5.74;
2020.06.23 16:00:19;Sell;0.02;NZDCAD;0.88033;;;2020.06.24 08:00:07;0.87602;;-0.14;6.36;
2020.06.22 14:00:10;Sell;0.01;NZDCAD;0.87600;;;2020.06.24 08:00:05;0.87601;;-0.14;-0.01;
2020.06.23 07:00:08;Buy;0.01;AUDNZD;1.06815;;;2020.06.24 04:30:07;1.06919;;-0.08;0.67;
2020.06.23 23:00:04;Buy;0.01;AUDUSD;0.69278;;;2020.06.24 04:16:27;0.69575;;-0.02;2.97;
2020.06.23 11:00:14;Sell;0.01;AUDUSD;0.69367;;;2020.06.23 21:01:45;0.69360;;;0.07;
2020.06.23 16:00:21;Sell;0.01;AUDUSD;0.69671;;;2020.06.23 21:01:42;0.69360;;;3.11;
2020.06.23 14:00:05;Buy;0.01;AUDCAD;0.93812;;;2020.06.23 15:51:38;0.94092;;;2.07;
2020.06.16 18:31:54;Buy;0.02;AUDCAD;0.93454;;;2020.06.23 13:36:36;0.93757;;-1.19;4.48;
2020.06.16 17:02:01;Buy;0.01;AUDCAD;0.93782;;;2020.06.23 13:36:34;0.93758;;-0.60;-0.18;
2020.06.16 03:00:22;Buy;0.01;AUDCAD;0.94217;;;2020.06.23 13:36:32;0.93758;;-0.60;-3.40;
2020.06.23 09:00:14;Buy;0.01;AUDUSD;0.68963;;;2020.06.23 10:16:26;0.69228;;;2.65;
2020.06.23 07:00:08;Buy;0.01;AUDUSD;0.69136;;;2020.06.23 10:16:24;0.69225;;;0.89;
2020.06.18 13:00:10;Buy;0.03;GBPCAD;1.69197;;;2020.06.23 05:53:04;1.68905;;-1.38;-6.47;
2020.06.18 18:00:09;Buy;0.05;GBPCAD;1.68585;;;2020.06.23 05:53:02;1.68915;;-2.30;12.19;
2020.06.19 15:00:58;Buy;0.08;GBPCAD;1.67929;;;2020.06.23 05:52:57;1.68933;;-2.45;59.34;
2020.06.17 11:02:54;Buy;0.02;GBPCAD;1.69813;;;2020.06.23 05:52:47;1.68977;;-1.85;-12.34;
2020.06.16 23:00:51;Buy;0.01;GBPCAD;1.70491;;;2020.06.23 05:52:45;1.68985;;-1.08;-11.12;
2020.06.23 04:00:11;Sell;0.01;AUDNZD;1.06806;;;2020.06.23 04:18:34;1.06574;;;1.50;
2020.06.22 20:00:08;Sell;0.01;AUDNZD;1.06579;;;2020.06.23 04:18:32;1.06571;;-0.07;0.05;
2020.06.22 05:00:07;Sell;0.01;AUDUSD;0.68408;;;2020.06.23 04:13:52;0.68931;;-0.02;-5.23;
2020.06.22 20:00:08;Sell;0.05;AUDUSD;0.69178;;;2020.06.23 04:13:36;0.68912;;-0.09;13.30;
2020.06.22 17:00:29;Sell;0.03;AUDUSD;0.68930;;;2020.06.23 04:13:34;0.68911;;-0.05;0.57;
2020.06.22 11:00:21;Sell;0.02;AUDUSD;0.68828;;;2020.06.23 04:13:33;0.68911;;-0.04;-1.66;
2020.06.22 07:00:09;Sell;0.01;AUDUSD;0.68566;;;2020.06.23 04:13:32;0.68912;;-0.02;-3.46;
2020.06.22 17:00:47;Buy;0.01;AUDNZD;1.06379;;;2020.06.22 19:47:17;1.06592;;;1.38;
2020.06.22 13:00:13;Buy;0.01;AUDNZD;1.06617;;;2020.06.22 19:47:15;1.06592;;;-0.16;
2020.06.22 06:00:05;Sell;0.01;AUDNZD;1.06764;;;2020.06.22 11:31:35;1.06678;;;0.56;
2020.06.22 01:00:05;Buy;0.02;NZDCAD;0.87074;;;2020.06.22 10:31:37;0.87458;;;5.66;
2020.06.22 01:00:06;Buy;0.01;AUDCAD;0.92885;;;2020.06.22 07:32:53;0.93333;;;3.30;
2020.06.22 02:00:11;Buy;0.01;AUDNZD;1.06656;;;2020.06.22 05:55:50;1.06762;;;0.68;
2020.06.19 17:00:26;Buy;0.01;AUDUSD;0.68843;;;2020.06.22 04:46:56;0.68478;;-0.02;-3.65;
2020.06.22 01:00:07;Buy;0.03;AUDUSD;0.68199;;;2020.06.22 04:46:51;0.68471;;;8.16;
2020.06.19 21:00:22;Buy;0.02;AUDUSD;0.68473;;;2020.06.22 04:46:49;0.68476;;-0.04;0.06;
2020.06.19 18:08:20;Buy;0.01;AUDUSD;0.68685;;;2020.06.22 04:46:47;0.68477;;-0.02;-2.08;
2020.06.19 05:00:16;Sell;0.01;AUDNZD;1.06857;;;2020.06.19 19:18:49;1.06670;;;1.20;
2020.06.19 01:00:18;Sell;0.01;AUDNZD;1.06618;;;2020.06.19 19:18:47;1.06669;;;-0.33;
2020.06.19 16:00:11;Sell;0.01;AUDCAD;0.93574;;;2020.06.19 17:49:36;0.93132;;;3.25;
2020.06.19 16:00:13;Sell;0.01;AUDCAD;0.93575;;;2020.06.19 17:46:10;0.93194;;;2.81;
2020.06.18 05:00:10;Sell;0.01;AUDCAD;0.93137;;;2020.06.19 17:46:08;0.93189;;-0.07;-0.38;
2020.06.19 16:00:11;Sell;0.02;AUDUSD;0.69036;;;2020.06.19 16:48:51;0.68851;;;3.70;
2020.06.19 15:00:22;Sell;0.01;AUDUSD;0.68881;;;2020.06.19 16:48:50;0.68850;;;0.31;
2020.06.19 13:00:13;Sell;0.01;AUDUSD;0.68724;;;2020.06.19 16:48:48;0.68855;;;-1.31;
2020.06.18 17:01:34;Buy;0.01;AUDCAD;0.93005;;;2020.06.19 15:11:19;0.93455;;-0.08;3.32;
2020.06.18 19:00:09;Buy;0.01;AUDUSD;0.68473;;;2020.06.19 12:52:33;0.68766;;-0.02;2.93;
2020.06.17 18:05:18;Sell;0.01;NZDCAD;0.87631;;;2020.06.19 05:00:11;0.87263;;-0.27;2.70;
2020.06.18 15:00:29;Buy;0.01;AUDNZD;1.06538;;;2020.06.19 00:13:35;1.06664;;-0.08;0.81;
2020.06.18 17:00:10;Buy;0.01;AUDUSD;0.68432;;;2020.06.18 18:16:01;0.68666;;;2.34;
2020.06.18 16:00:31;Buy;0.01;AUDUSD;0.68581;;;2020.06.18 18:15:59;0.68666;;;0.85;
2020.06.18 12:00:15;Sell;0.01;AUDUSD;0.68922;;;2020.06.18 15:00:59;0.68644;;;2.78;
2020.06.18 14:00:07;Sell;0.01;AUDNZD;1.06694;;;2020.06.18 14:47:16;1.06596;;;0.64;
2020.06.18 13:00:11;Buy;0.01;AUDNZD;1.06600;;;2020.06.18 13:47:52;1.06688;;;0.57;
2020.06.18 12:00:16;Sell;0.01;AUDNZD;1.06764;;;2020.06.18 12:27:22;1.06668;;;0.62;
2020.06.17 18:05:19;Sell;0.02;NZDCAD;0.87629;;;2020.06.18 10:42:47;0.87309;;-0.41;4.72;
2020.06.18 05:00:10;Buy;0.01;AUDUSD;0.68544;;;2020.06.18 09:33:50;0.68820;;;2.76;
2020.06.18 06:00:10;Buy;0.01;AUDNZD;1.06520;;;2020.06.18 07:53:20;1.06715;;;1.26;
2020.06.17 19:00:10;Buy;0.01;AUDNZD;1.06742;;;2020.06.18 07:53:18;1.06715;;-0.24;-0.17;
2020.06.17 18:04:43;Sell;0.01;AUDCAD;0.93589;;;2020.06.18 04:37:04;0.93098;;-0.21;3.61;
2020.06.17 18:04:42;Sell;0.01;AUDCAD;0.93591;;;2020.06.18 04:37:03;0.93092;;-0.21;3.67;
2020.06.16 18:31:52;Sell;0.01;AUDCAD;0.93398;;;2020.06.18 04:37:02;0.93091;;-0.28;2.26;
2020.06.17 10:04:28;Sell;0.01;AUDUSD;0.68953;;;2020.06.18 04:36:38;0.68452;;-0.05;5.01;
2020.06.17 18:04:44;Sell;0.01;AUDNZD;1.06816;;;2020.06.17 18:19:29;1.06768;;;0.31;
2020.06.17 05:00:15;Buy;0.01;AUDCAD;0.93072;;;2020.06.17 17:46:21;0.93586;;;3.79;
2020.06.17 10:05:01;Sell;0.01;AUDNZD;1.06800;;;2020.06.17 15:03:07;1.06687;;;0.73;
2020.06.17 05:00:06;Buy;0.01;AUDUSD;0.68675;;;2020.06.17 09:08:20;0.68927;;;2.52;
2020.06.16 19:00:20;Buy;0.01;AUDUSD;0.68882;;;2020.06.17 09:08:19;0.68931;;-0.02;0.49;
2020.06.17 04:00:09;Buy;0.01;AUDNZD;1.06612;;;2020.06.17 09:07:36;1.06714;;;0.66;
2020.06.16 21:00:12;Sell;0.01;AUDNZD;1.06771;;;2020.06.17 03:07:42;1.06683;;-0.07;0.57;
2020.06.12 23:00:18;Sell;0.02;NZDCAD;0.87563;;;2020.06.17 00:08:04;0.87324;;-0.42;3.53;
2020.06.16 13:00:14;Sell;0.01;AUDUSD;0.69319;;;2020.06.16 18:52:55;0.68862;;;4.57;
2020.06.16 02:00:11;Sell;0.32;NZDCAD;0.87879;;;2020.06.16 18:52:53;0.87495;;;90.58;
2020.06.05 09:06:49;Sell;0.16;NZDCAD;0.87671;;;2020.06.16 18:52:51;0.87495;;-9.88;20.75;
2020.06.04 18:24:14;Sell;0.08;NZDCAD;0.87277;;;2020.06.16 18:52:49;0.87493;;-5.48;-12.74;
2020.06.03 07:00:11;Sell;0.04;NZDCAD;0.86630;;;2020.06.16 18:52:47;0.87492;;-3.54;-25.41;
2020.06.03 03:00:21;Sell;0.02;NZDCAD;0.86236;;;2020.06.16 18:52:45;0.87493;;-1.80;-18.53;
2020.06.02 17:42:52;Sell;0.01;NZDCAD;0.85831;;;2020.06.16 18:52:43;0.87493;;-0.97;-12.25;
2020.06.16 04:00:10;Sell;0.02;AUDNZD;1.07082;;;2020.06.16 18:31:51;1.06823;;;3.34;
2020.06.15 22:00:19;Sell;0.01;AUDNZD;1.06744;;;2020.06.16 18:31:50;1.06823;;-0.07;-0.51;
2020.06.15 18:07:58;Sell;0.01;AUDNZD;1.06416;;;2020.06.16 18:31:48;1.06823;;-0.07;-2.62;
2020.06.16 03:00:24;Sell;0.03;AUDCAD;0.94163;;;2020.06.16 17:27:17;0.93670;;;10.94;
2020.06.15 22:00:23;Sell;0.02;AUDCAD;0.93773;;;2020.06.16 17:27:15;0.93669;;-0.14;1.54;
2020.06.15 19:00:14;Sell;0.01;AUDCAD;0.93265;;;2020.06.16 17:27:14;0.93677;;-0.07;-3.05;
2020.06.15 04:00:09;Sell;0.01;AUDCAD;0.92866;;;2020.06.16 17:27:12;0.93681;;-0.07;-6.03;
2020.06.16 06:01:01;Sell;0.04;AUDCAD;0.94161;;;2020.06.16 17:13:09;0.93730;;;12.74;
2020.06.15 23:00:27;Sell;0.02;AUDCAD;0.93828;;;2020.06.16 17:13:08;0.93725;;-0.14;1.53;
2020.06.15 20:00:16;Sell;0.01;AUDCAD;0.93376;;;2020.06.16 17:13:07;0.93725;;-0.07;-2.58;
2020.06.16 09:00:55;Sell;0.01;GBPCAD;1.71407;;;2020.06.16 16:56:07;1.70713;;;5.13;
2020.06.16 11:00:23;Buy;0.01;AUDUSD;0.69063;;;2020.06.16 12:52:29;0.69339;;;2.76;
2020.06.16 10:13:36;Buy;0.01;AUDUSD;0.69284;;;2020.06.16 12:52:27;0.69343;;;0.59;
2020.06.16 06:00:21;Sell;0.08;AUDUSD;0.69720;;;2020.06.16 09:37:27;0.69269;;;36.08;
2020.06.16 04:00:13;Sell;0.05;AUDUSD;0.69499;;;2020.06.16 09:37:25;0.69278;;;11.05;
2020.06.15 22:00:22;Sell;0.03;AUDUSD;0.69151;;;2020.06.16 09:37:24;0.69296;;-0.05;-4.35;
2020.06.15 21:04:54;Sell;0.02;AUDUSD;0.69105;;;2020.06.16 09:37:22;0.69298;;-0.04;-3.86;
2020.06.15 17:08:27;Sell;0.01;AUDUSD;0.68637;;;2020.06.16 09:37:20;0.69302;;-0.02;-6.65;
2020.06.15 12:00:11;Sell;0.01;AUDUSD;0.68193;;;2020.06.16 09:37:18;0.69313;;-0.02;-11.20;
2020.06.15 22:00:21;Buy;0.01;AUDCAD;0.93824;;;2020.06.16 01:10:28;0.94040;;-0.09;1.59;
2020.06.15 00:00:12;Buy;0.04;AUDNZD;1.06276;;;2020.06.15 23:00:36;1.06862;;;15.16;
2020.06.09 10:01:38;Buy;0.02;AUDNZD;1.06606;;;2020.06.15 23:00:34;1.06860;;-0.97;3.29;
2020.06.08 19:50:58;Buy;0.01;AUDNZD;1.06905;;;2020.06.15 23:00:31;1.06853;;-0.56;-0.34;
2020.06.15 19:00:12;Buy;0.01;AUDCAD;0.93315;;;2020.06.15 21:04:11;0.93645;;;2.44;
2020.06.15 11:14:28;Buy;0.02;AUDNZD;1.05928;;;2020.06.15 17:08:48;1.06332;;;5.21;
2020.06.15 01:00:11;Buy;0.01;AUDCAD;0.92940;;;2020.06.15 17:08:46;0.93448;;;3.74;
2020.06.15 01:00:08;Buy;0.02;AUDCAD;0.92938;;;2020.06.15 17:08:45;0.93444;;;7.43;
2020.06.15 00:00:08;Buy;0.01;AUDNZD;1.06290;;;2020.06.15 17:08:43;1.06338;;;0.31;
2020.06.12 19:10:52;Buy;0.01;AUDNZD;1.06571;;;2020.06.15 17:08:37;1.06339;;-0.08;-1.50;
2020.06.11 07:00:33;Buy;0.01;AUDCAD;0.93365;;;2020.06.15 17:08:35;0.93442;;-0.17;0.57;
2020.06.10 15:00:47;Buy;0.01;AUDCAD;0.93866;;;2020.06.15 17:08:27;0.93449;;-0.43;-3.07;
2020.06.15 09:25:55;Buy;0.01;AUDUSD;0.67858;;;2020.06.15 11:29:24;0.68215;;;3.57;
2020.06.12 19:10:54;Buy;0.01;GBPCAD;1.70093;;;2020.06.15 10:49:18;1.70940;;-0.15;6.20;
2020.06.15 05:00:11;Sell;0.01;AUDUSD;0.68367;;;2020.06.15 08:19:58;0.68082;;;2.85;
2020.06.15 04:00:09;Buy;0.01;AUDUSD;0.68119;;;2020.06.15 04:44:38;0.68360;;;2.41;
2020.06.15 01:00:08;Buy;0.01;AUDUSD;0.68260;;;2020.06.15 04:44:37;0.68361;;;1.01;
2020.06.11 16:24:55;Sell;0.01;AUDCAD;0.93116;;;2020.06.15 03:55:14;0.92884;;-0.14;1.70;
2020.06.12 23:01:09;Sell;0.01;AUDUSD;0.68564;;;2020.06.15 00:56:23;0.68291;;-0.02;2.73;
2020.06.12 21:05:48;Buy;0.02;AUDUSD;0.68210;;;2020.06.12 22:06:19;0.68482;;;5.44;
2020.06.12 18:59:12;Buy;0.01;AUDUSD;0.68536;;;2020.06.12 22:06:17;0.68486;;;-0.50;
2020.06.12 14:00:03;Buy;0.01;AUDUSD;0.68891;;;2020.06.12 22:06:15;0.68484;;;-4.07;
2020.06.08 12:00:11;Sell;0.02;NZDCAD;0.87552;;;2020.06.12 18:59:11;0.87360;;-0.83;2.83;
2020.06.12 01:01:24;Sell;0.02;GBPCAD;1.71585;;;2020.06.12 16:04:33;1.70858;;;10.70;
2020.06.09 19:00:08;Sell;0.01;GBPCAD;1.71060;;;2020.06.12 16:04:31;1.70859;;-0.65;1.48;
2020.06.12 13:00:44;Sell;0.03;AUDUSD;0.69042;;;2020.06.12 13:50:25;0.68792;;;7.50;
2020.06.12 11:07:01;Sell;0.02;AUDUSD;0.68953;;;2020.06.12 13:50:23;0.68783;;;3.40;
2020.06.12 09:03:11;Sell;0.01;AUDUSD;0.68660;;;2020.06.12 13:50:21;0.68790;;;-1.30;
2020.06.12 07:00:14;Sell;0.01;AUDUSD;0.68340;;;2020.06.12 13:50:19;0.68791;;;-4.51;
2020.06.11 07:00:32;Buy;0.01;AUDNZD;1.06784;;;2020.06.12 13:14:47;1.06765;;-0.08;-0.13;
2020.06.11 04:00:55;Buy;0.01;AUDNZD;1.07016;;;2020.06.12 13:14:46;1.06766;;-0.08;-1.62;
2020.06.11 19:43:23;Buy;0.02;AUDNZD;1.06627;;;2020.06.12 13:14:20;1.06755;;-0.16;1.66;
2020.06.12 04:04:40;Buy;0.34;AUDUSD;0.68027;;;2020.06.12 06:54:40;0.68394;;;124.78;
2020.06.12 03:05:11;Buy;0.21;AUDUSD;0.68242;;;2020.06.12 06:54:38;0.68393;;;31.71;
2020.06.11 23:06:04;Buy;0.13;AUDUSD;0.68474;;;2020.06.12 06:54:36;0.68398;;-0.28;-9.88;
2020.06.11 21:13:51;Buy;0.08;AUDUSD;0.68623;;;2020.06.12 06:54:34;0.68397;;-0.17;-18.08;
2020.06.11 19:43:34;Buy;0.05;AUDUSD;0.68750;;;2020.06.12 06:54:33;0.68393;;-0.11;-17.85;
2020.06.11 15:02:40;Buy;0.03;AUDUSD;0.69142;;;2020.06.12 06:54:31;0.68394;;-0.06;-22.44;
2020.06.11 07:00:32;Buy;0.02;AUDUSD;0.69362;;;2020.06.12 06:54:29;0.68394;;-0.04;-19.36;
2020.06.11 03:02:08;Buy;0.01;AUDUSD;0.69684;;;2020.06.12 06:54:28;0.68390;;-0.02;-12.94;
2020.06.11 00:00:11;Buy;0.01;AUDUSD;0.70000;;;2020.06.12 06:54:26;0.68372;;-0.02;-16.28;
2020.06.10 11:00:07;Sell;0.01;AUDCAD;0.93613;;;2020.06.11 16:24:54;0.93163;;-0.21;3.33;
2020.06.10 03:00:12;Sell;0.01;AUDCAD;0.93143;;;2020.06.11 16:24:52;0.93163;;-0.21;-0.15;
2020.06.10 12:00:15;Sell;0.01;AUDCAD;0.93683;;;2020.06.11 07:16:44;0.93289;;-0.21;2.92;
2020.06.10 15:00:21;Sell;0.01;AUDUSD;0.70106;;;2020.06.10 22:24:50;0.70136;;;-0.30;
2020.06.10 09:00:19;Sell;0.01;AUDUSD;0.69952;;;2020.06.10 22:24:48;0.70136;;;-1.84;
2020.06.10 16:00:41;Sell;0.01;AUDNZD;1.07107;;;2020.06.10 17:14:45;1.07134;;;-0.18;
2020.06.09 10:01:17;Buy;0.01;AUDCAD;0.93365;;;2020.06.10 14:25:51;0.93861;;-0.09;3.70;
2020.06.09 00:00:14;Buy;0.01;AUDCAD;0.93970;;;2020.06.10 14:25:49;0.93861;;-0.09;-0.81;
2020.06.05 14:00:13;Buy;0.01;AUDNZD;1.07297;;;2020.06.10 14:16:41;1.06947;;-0.24;-2.29;
2020.06.05 10:03:13;Buy;0.01;AUDNZD;1.07534;;;2020.06.10 14:16:39;1.06947;;-0.24;-3.85;
2020.06.09 10:01:14;Buy;0.05;AUDNZD;1.06602;;;2020.06.10 14:16:37;1.06947;;-0.40;11.30;
2020.06.09 07:00:08;Buy;0.03;AUDNZD;1.06822;;;2020.06.10 14:16:35;1.06947;;-0.24;2.46;
2020.06.05 22:00:09;Buy;0.02;AUDNZD;1.07065;;;2020.06.10 14:16:34;1.06948;;-0.48;-1.53;
2020.06.09 11:00:19;Buy;0.01;AUDCAD;0.93231;;;2020.06.10 11:19:29;0.93707;;-0.09;3.56;
2020.06.10 03:00:12;Buy;0.01;AUDUSD;0.69418;;;2020.06.10 06:04:09;0.69723;;;3.05;
2020.06.09 18:03:04;Sell;0.01;AUDCAD;0.93517;;;2020.06.10 02:52:25;0.93206;;-0.07;2.32;
2020.06.09 11:00:20;Sell;0.01;AUDCAD;0.93176;;;2020.06.10 02:52:23;0.93206;;-0.07;-0.22;
2020.06.09 15:00:22;Sell;0.01;AUDUSD;0.69403;;;2020.06.10 01:24:49;0.69529;;-0.02;-1.26;
2020.06.09 18:02:56;Sell;0.02;AUDUSD;0.69674;;;2020.06.10 01:24:47;0.69529;;-0.04;2.90;
2020.06.09 17:04:44;Sell;0.01;AUDUSD;0.69565;;;2020.06.10 01:24:45;0.69529;;-0.02;0.36;
2020.06.09 04:00:12;Sell;0.01;AUDCAD;0.93867;;;2020.06.09 21:19:47;0.93385;;;3.60;
2020.06.05 17:06:26;Buy;0.01;AUDCAD;0.93629;;;2020.06.09 21:19:47;0.93344;;-0.18;-2.13;
2020.06.08 14:00:12;Buy;0.01;GBPCAD;1.69536;;;2020.06.09 20:47:12;1.70599;;-0.16;7.94;
2020.06.09 12:00:48;Buy;0.05;AUDUSD;0.69199;;;2020.06.09 20:34:57;0.69649;;;22.50;
2020.06.09 11:00:21;Buy;0.03;AUDUSD;0.69339;;;2020.06.09 20:34:54;0.69649;;;9.30;
2020.06.09 10:01:40;Buy;0.02;AUDUSD;0.69534;;;2020.06.09 20:34:51;0.69647;;;2.26;
2020.06.09 05:00:29;Buy;0.01;AUDUSD;0.70079;;;2020.06.09 20:34:48;0.69647;;;-4.32;
2020.06.08 22:00:11;Sell;0.01;AUDUSD;0.70183;;;2020.06.09 20:34:46;0.69661;;-0.02;5.22;
2020.06.09 08:00:04;Buy;0.01;AUDUSD;0.69875;;;2020.06.09 20:34:42;0.69649;;;-2.26;
2020.06.08 21:00:11;Sell;0.01;AUDUSD;0.70046;;;2020.06.09 20:34:41;0.69663;;-0.02;3.83;
2020.06.05 12:04:42;Buy;0.01;AUDUSD;0.69748;;;2020.06.09 20:34:41;0.69637;;-0.04;-1.11;
2020.06.09 10:01:15;Sell;0.01;AUDCAD;0.93307;;;2020.06.09 20:27:20;0.93385;;;-0.59;
2020.06.09 00:00:11;Sell;0.01;AUDCAD;0.93871;;;2020.06.09 20:27:15;0.93389;;;3.59;
2020.06.08 18:03:59;Sell;0.01;AUDCAD;0.93546;;;2020.06.09 20:27:04;0.93390;;-0.07;1.16;
2020.06.08 00:00:19;Buy;0.02;AUDCAD;0.93505;;;2020.06.09 20:27:01;0.93341;;-0.17;-2.45;
2020.06.05 16:27:03;Buy;0.01;AUDCAD;0.93732;;;2020.06.09 20:26:56;0.93339;;-0.18;-2.93;
2020.06.05 09:06:52;Buy;0.01;AUDCAD;0.94280;;;2020.06.09 20:26:54;0.93340;;-0.18;-7.01;
2020.06.05 19:00:27;Sell;0.01;AUDCAD;0.93683;;;2020.06.08 17:09:59;0.93388;;-0.07;2.20;
2020.06.05 10:03:11;Sell;0.16;NZDCAD;0.87712;;;2020.06.05 17:18:49;0.87184;;;62.91;
2020.06.04 18:24:13;Sell;0.08;NZDCAD;0.87277;;;2020.06.05 17:18:47;0.87174;;-0.55;6.14;
2020.06.03 04:00:24;Sell;0.04;NZDCAD;0.86454;;;2020.06.05 17:18:45;0.87176;;-1.08;-21.50;
2020.06.02 17:42:51;Sell;0.02;NZDCAD;0.85832;;;2020.06.05 17:18:43;0.87175;;-0.69;-20.00;
2020.06.01 05:00:18;Sell;0.02;AUDCAD;0.92244;;;2020.06.05 17:13:46;0.93529;;-0.84;-19.12;
2020.06.05 09:06:51;Sell;0.13;AUDCAD;0.94230;;;2020.06.05 17:13:45;0.93519;;;68.78;
2020.06.03 04:00:13;Sell;0.08;AUDCAD;0.93798;;;2020.06.05 17:13:43;0.93525;;-2.24;16.25;
2020.06.02 22:00:27;Sell;0.05;AUDCAD;0.93085;;;2020.06.05 17:13:41;0.93521;;-1.75;-16.22;
2020.06.02 13:00:36;Sell;0.03;AUDCAD;0.92699;;;2020.06.05 17:13:40;0.93515;;-1.05;-18.21;
2020.05.29 09:00:14;Sell;0.01;AUDCAD;0.91613;;;2020.06.05 17:13:34;0.93488;;-0.49;-13.95;
2020.05.29 01:00:16;Sell;0.01;AUDCAD;0.91208;;;2020.06.05 17:13:31;0.93488;;-0.49;-16.96;
2020.06.01 05:00:14;Buy;0.08;USDCAD;1.37183;;;2020.06.05 16:24:47;1.34188;;-1.85;-178.56;
2020.06.02 18:24:51;Buy;0.32;USDCAD;1.35007;;;2020.06.05 16:24:46;1.34189;;-6.10;-195.07;
2020.06.01 18:09:27;Buy;0.16;USDCAD;1.36244;;;2020.06.05 16:24:45;1.34189;;-3.66;-245.03;
2020.05.26 18:02:50;Buy;0.04;USDCAD;1.38004;;;2020.06.05 16:24:40;1.34209;;-1.82;-113.11;
2020.05.26 12:00:35;Buy;0.02;USDCAD;1.38868;;;2020.06.05 16:24:38;1.34211;;-0.94;-69.40;
2020.05.26 08:59:13;Buy;0.01;USDCAD;1.39343;;;2020.06.05 16:24:37;1.34211;;-0.46;-38.24;
2020.06.05 10:03:14;Sell;0.01;AUDCAD;0.94309;;;2020.06.05 15:55:45;0.93800;;;3.79;
2020.06.05 09:06:50;Sell;0.01;AUDUSD;0.69937;;;2020.06.05 12:04:40;0.69748;;;1.89;
2020.06.05 08:00:10;Sell;0.01;AUDUSD;0.69737;;;2020.06.05 12:04:33;0.69747;;;-0.10;
2020.06.05 08:00:09;Sell;0.01;AUDNZD;1.07510;;;2020.06.05 09:34:46;1.07418;;;0.60;
2020.06.04 19:00:11;Buy;0.01;AUDCAD;0.93854;;;2020.06.05 08:55:35;0.94228;;-0.09;2.78;
2020.06.05 04:00:24;Buy;0.01;AUDNZD;1.07277;;;2020.06.05 07:43:22;1.07493;;;1.40;
2020.06.04 20:00:13;Buy;0.01;AUDNZD;1.07559;;;2020.06.05 07:43:20;1.07493;;-0.08;-0.43;
2020.06.04 19:00:11;Buy;0.01;AUDUSD;0.69447;;;2020.06.05 07:31:51;0.69738;;-0.02;2.91;
2020.06.04 18:24:50;Sell;0.01;AUDCAD;0.93929;;;2020.06.04 20:20:16;0.93654;;;2.04;
2020.06.04 18:24:11;Sell;0.01;AUDUSD;0.69510;;;2020.06.04 18:26:27;0.69419;;;0.91;
2020.06.04 04:00:10;Buy;0.01;AUDCAD;0.93302;;;2020.06.04 18:24:48;0.93930;;;4.65;
2020.06.03 19:00:14;Buy;0.01;AUDCAD;0.93734;;;2020.06.04 18:24:46;0.93935;;-0.26;1.49;
2020.06.04 16:02:58;Buy;0.01;AUDUSD;0.69107;;;2020.06.04 18:24:09;0.69509;;;4.02;
2020.06.04 11:00:15;Buy;0.01;GBPCAD;1.69010;;;2020.06.04 16:27:23;1.69599;;;4.36;
2020.06.04 05:00:11;Buy;0.01;AUDNZD;1.07502;;;2020.06.04 16:27:21;1.07764;;;1.68;
2020.06.03 22:00:12;Buy;0.01;AUDNZD;1.07772;;;2020.06.04 16:27:19;1.07764;;-0.24;-0.05;
2020.06.04 15:20:26;Sell;0.01;AUDUSD;0.69096;;;2020.06.04 16:01:57;0.69114;;;-0.18;
2020.06.04 05:00:11;Buy;0.01;AUDUSD;0.68996;;;2020.06.04 15:20:25;0.69096;;;1.00;
2020.06.03 13:00:19;Sell;0.01;GBPCAD;1.70138;;;2020.06.04 03:40:44;1.69454;;-0.38;5.06;
2020.06.03 17:53:03;Sell;0.01;AUDUSD;0.69377;;;2020.06.03 23:22:44;0.69230;;;1.47;
2020.06.03 19:00:14;Sell;0.02;AUDUSD;0.69463;;;2020.06.03 23:22:43;0.69230;;;4.66;
2020.06.03 18:12:21;Sell;0.01;AUDUSD;0.69413;;;2020.06.03 23:22:41;0.69236;;;1.77;
2020.06.03 18:14:54;Sell;0.01;AUDNZD;1.07937;;;2020.06.03 20:47:45;1.07820;;;0.75;
2020.06.03 18:14:52;Buy;0.01;AUDCAD;0.93689;;;2020.06.03 18:49:09;0.93707;;;0.14;
2020.06.03 14:02:54;Buy;0.02;AUDNZD;1.07665;;;2020.06.03 17:53:09;1.07952;;;3.68;
2020.06.03 12:00:36;Buy;0.01;AUDCAD;0.93221;;;2020.06.03 17:53:08;0.93725;;;3.73;
2020.06.03 12:00:35;Buy;0.01;AUDNZD;1.07923;;;2020.06.03 17:53:06;1.07952;;;0.18;
2020.06.03 05:00:15;Buy;0.01;AUDCAD;0.93811;;;2020.06.03 17:53:05;0.93725;;;-0.63;
2020.06.03 05:00:13;Buy;0.01;AUDNZD;1.08285;;;2020.06.03 17:53:03;1.07952;;;-2.14;
2020.06.03 14:02:53;Buy;0.01;AUDUSD;0.68821;;;2020.06.03 16:22:19;0.68943;;;1.22;
2020.06.03 12:00:34;Buy;0.01;AUDUSD;0.68916;;;2020.06.03 16:22:18;0.68943;;;0.27;
2020.06.03 04:00:25;Sell;0.08;AUDUSD;0.69539;;;2020.06.03 11:06:59;0.69085;;;36.32;
2020.06.03 03:00:19;Sell;0.05;AUDUSD;0.69144;;;2020.06.03 11:06:57;0.69085;;;2.95;
2020.06.02 18:24:49;Sell;0.03;AUDUSD;0.68773;;;2020.06.03 11:06:56;0.69085;;-0.05;-9.36;
2020.06.02 13:00:27;Sell;0.02;AUDUSD;0.68644;;;2020.06.03 11:06:54;0.69084;;-0.04;-8.80;
2020.06.02 12:04:44;Sell;0.01;AUDUSD;0.68460;;;2020.06.03 11:06:52;0.69082;;-0.02;-6.22;
2020.06.02 09:00:07;Sell;0.01;AUDUSD;0.68012;;;2020.06.03 11:06:50;0.69085;;-0.02;-10.73;
2020.06.03 04:00:10;Sell;0.01;AUDNZD;1.08497;;;2020.06.03 04:33:42;1.08373;;;0.80;
2020.06.03 04:00:11;Buy;0.01;AUDCAD;0.93841;;;2020.06.03 04:25:50;0.94040;;;1.47;
2020.06.03 03:00:19;Buy;0.01;AUDCAD;0.93454;;;2020.06.03 03:44:27;0.93733;;;2.07;
2020.06.02 20:00:16;Buy;0.01;AUDCAD;0.93049;;;2020.06.03 02:33:18;0.93375;;-0.09;2.42;
2020.06.03 01:00:34;Buy;0.01;AUDNZD;1.08167;;;2020.06.03 02:01:57;1.08267;;;0.64;
2020.06.02 19:00:39;Sell;0.01;AUDNZD;1.08305;;;2020.06.02 21:32:48;1.08228;;;0.49;
2020.06.02 13:00:32;Buy;0.01;AUDCAD;0.92743;;;2020.06.02 19:44:49;0.93019;;;2.05;
2020.06.02 17:42:52;Buy;0.01;AUDNZD;1.08228;;;2020.06.02 18:24:33;1.08286;;;0.37;
2020.06.02 13:00:34;Sell;0.08;AUDNZD;1.08716;;;2020.06.02 17:42:51;1.08227;;;24.89;
2020.06.02 11:02:19;Sell;0.05;AUDNZD;1.08492;;;2020.06.02 17:42:49;1.08226;;;8.47;
2020.06.01 11:02:02;Sell;0.03;AUDNZD;1.08104;;;2020.06.02 17:42:47;1.08227;;-0.22;-2.35;
2020.06.01 05:00:13;Sell;0.02;AUDNZD;1.07735;;;2020.06.02 17:42:45;1.08228;;-0.15;-6.27;
2020.05.29 19:00:17;Sell;0.01;AUDNZD;1.07333;;;2020.06.02 17:42:43;1.08228;;-0.14;-5.70;
2020.05.29 04:00:29;Sell;0.01;AUDNZD;1.07049;;;2020.06.02 17:42:42;1.08228;;-0.14;-7.50;
2020.06.02 11:02:19;Buy;0.02;NZDCAD;0.84881;;;2020.06.02 13:13:52;0.85305;;;6.27;
2020.06.02 02:00:09;Buy;0.01;AUDCAD;0.92225;;;2020.06.02 12:44:07;0.92614;;;2.88;
2020.06.01 11:01:57;Buy;0.01;AUDCAD;0.92575;;;2020.06.02 12:44:06;0.92614;;-0.08;0.29;
2020.06.02 06:00:06;Buy;0.01;AUDUSD;0.67768;;;2020.06.02 08:30:40;0.68054;;;2.86;
2020.06.01 18:09:25;Sell;0.01;AUDUSD;0.67772;;;2020.06.02 05:55:43;0.67762;;-0.02;0.10;
2020.06.02 01:00:18;Sell;0.01;AUDUSD;0.68014;;;2020.06.02 05:55:39;0.67768;;;2.46;
2020.05.28 17:00:30;Sell;0.02;NZDCAD;0.85501;;;2020.06.02 05:40:50;0.85148;;-0.39;5.20;
2020.06.01 09:00:23;Sell;0.01;NZDCAD;0.85673;;;2020.06.02 05:00:05;0.85182;;-0.07;3.62;
2020.06.01 11:01:58;Sell;0.04;AUDCAD;0.92537;;;2020.06.02 04:29:26;0.92071;;-0.27;13.75;
2020.06.01 05:00:17;Sell;0.02;AUDCAD;0.92240;;;2020.06.02 04:29:25;0.92071;;-0.14;2.49;
2020.06.01 02:00:10;Sell;0.01;AUDCAD;0.91753;;;2020.06.02 04:29:23;0.92068;;-0.07;-2.32;
2020.05.29 17:01:36;Sell;0.01;GBPCAD;1.70121;;;2020.06.01 19:18:22;1.69462;;-0.13;4.85;
2020.06.01 12:00:24;Buy;0.01;AUDUSD;0.67347;;;2020.06.01 17:32:03;0.67675;;;3.28;
2020.06.01 11:01:28;Sell;0.02;AUDUSD;0.67647;;;2020.06.01 11:27:53;0.67312;;;6.70;
2020.06.01 09:00:21;Sell;0.01;AUDUSD;0.67404;;;2020.06.01 11:27:51;0.67313;;;0.91;
2020.06.01 05:00:13;Sell;0.01;AUDUSD;0.67255;;;2020.06.01 11:27:49;0.67312;;;-0.57;
2020.06.01 05:00:15;Buy;0.01;AUDCAD;0.92282;;;2020.06.01 09:12:36;0.92553;;;1.98;
2020.05.29 23:00:07;Buy;0.01;AUDCAD;0.91769;;;2020.06.01 04:27:39;0.92128;;-0.08;2.62;
2020.05.29 12:00:14;Buy;0.01;AUDCAD;0.91586;;;2020.05.29 22:17:26;0.91742;;;1.13;
2020.05.29 17:01:35;Buy;0.01;AUDUSD;0.66349;;;2020.05.29 22:15:36;0.66626;;;2.77;
2020.05.28 23:00:50;Buy;0.01;AUDUSD;0.66378;;;2020.05.29 13:07:45;0.66663;;-0.02;2.85;
2020.05.29 01:00:14;Buy;0.01;AUDCAD;0.91251;;;2020.05.29 10:03:54;0.91671;;;3.05;
2020.05.28 18:04:15;Buy;0.01;AUDCAD;0.91598;;;2020.05.29 10:03:53;0.91671;;-0.08;0.53;
2020.05.28 19:00:10;Sell;0.02;AUDCAD;0.91693;;;2020.05.29 00:47:02;0.91160;;-0.13;7.74;
2020.05.28 16:01:00;Sell;0.01;AUDCAD;0.91280;;;2020.05.29 00:46:57;0.91195;;-0.07;0.62;
2020.05.27 17:00:29;Sell;0.01;AUDCAD;0.90850;;;2020.05.29 00:46:55;0.91195;;-0.27;-2.50;
2020.05.28 18:04:11;Sell;0.01;AUDUSD;0.66540;;;2020.05.28 22:50:27;0.66307;;;2.33;
2020.05.28 16:00:49;Sell;0.01;AUDUSD;0.66320;;;2020.05.28 22:50:25;0.66306;;;0.14;
2020.05.28 18:04:16;Sell;0.01;AUDNZD;1.06967;;;2020.05.28 22:39:32;1.06921;;;0.29;
2020.05.27 16:01:43;Buy;0.02;AUDCAD;0.91133;;;2020.05.28 18:04:14;0.91570;;-0.49;6.35;
2020.05.27 07:00:10;Buy;0.01;AUDCAD;0.91587;;;2020.05.28 18:04:12;0.91569;;-0.25;-0.13;
2020.05.26 13:00:09;Buy;0.01;AUDCAD;0.91966;;;2020.05.28 18:04:11;0.91562;;-0.33;-2.94;
2020.05.27 20:00:03;Buy;0.03;GBPCAD;1.68766;;;2020.05.28 17:56:03;1.69495;;-1.36;15.91;
2020.05.27 11:00:12;Buy;0.02;GBPCAD;1.69350;;;2020.05.28 17:56:01;1.69496;;-0.91;2.12;
2020.05.26 20:00:06;Buy;0.01;GBPCAD;1.70078;;;2020.05.28 17:55:51;1.69562;;-0.60;-3.75;
2020.05.27 17:00:31;Buy;0.01;AUDCAD;0.90900;;;2020.05.28 16:04:04;0.91372;;-0.25;3.43;
2020.05.28 07:00:07;Buy;0.01;AUDUSD;0.66016;;;2020.05.28 15:50:14;0.66313;;;2.97;
2020.05.28 07:00:07;Buy;0.01;AUDNZD;1.06819;;;2020.05.28 10:00:19;1.06914;;;0.59;
2020.05.28 04:00:10;Sell;0.01;AUDUSD;0.66261;;;2020.05.28 06:43:48;0.66036;;;2.25;
2020.05.27 23:00:04;Sell;0.01;AUDUSD;0.66127;;;2020.05.28 06:43:46;0.66031;;-0.05;0.96;
2020.05.28 04:00:12;Sell;0.01;AUDNZD;1.07046;;;2020.05.28 06:07:25;1.06966;;;0.50;
2020.05.27 16:02:37;Buy;0.01;AUDUSD;0.66178;;;2020.05.27 22:51:02;0.66130;;;-0.48;
2020.05.27 18:09:34;Buy;0.01;AUDUSD;0.65840;;;2020.05.27 22:50:59;0.66132;;;2.92;
2020.05.27 16:01:39;Buy;0.01;AUDNZD;1.06897;;;2020.05.27 21:26:29;1.07028;;;0.80;
2020.05.27 16:01:41;Sell;0.01;AUDCAD;0.91100;;;2020.05.27 16:43:07;0.90840;;;1.88;
2020.05.22 10:00:05;Sell;0.16;NZDCAD;0.85630;;;2020.05.27 16:10:57;0.85192;;-3.12;50.86;
2020.05.20 13:00:10;Sell;0.08;NZDCAD;0.85155;;;2020.05.27 16:10:56;0.85189;;-3.62;-1.97;
2020.05.19 11:00:37;Sell;0.04;NZDCAD;0.84689;;;2020.05.27 16:10:54;0.85192;;-2.08;-14.60;
2020.05.18 17:00:17;Sell;0.02;NZDCAD;0.84246;;;2020.05.27 16:10:52;0.85184;;-1.17;-13.62;
2020.05.20 20:00:19;Sell;0.04;AUDCAD;0.91591;;;2020.05.27 16:09:42;0.91081;;-1.85;14.81;
2020.05.19 12:00:51;Sell;0.02;AUDCAD;0.91267;;;2020.05.27 16:09:40;0.91083;;-1.05;2.68;
2020.05.19 05:00:09;Sell;0.01;AUDCAD;0.90984;;;2020.05.27 16:09:38;0.91085;;-0.55;-0.73;
2020.05.20 19:00:13;Sell;0.03;AUDCAD;0.91780;;;2020.05.27 15:59:50;0.91166;;-1.40;13.37;
2020.05.19 10:01:32;Sell;0.02;AUDCAD;0.91198;;;2020.05.27 15:59:44;0.91150;;-1.05;0.70;
2020.05.18 14:00:17;Sell;0.01;AUDCAD;0.90780;;;2020.05.27 15:59:43;0.91155;;-0.62;-2.73;
2020.05.15 20:00:06;Sell;0.01;AUDCAD;0.90383;;;2020.05.27 15:59:42;0.91153;;-0.68;-5.59;
2020.05.27 13:04:52;Sell;0.01;AUDUSD;0.66745;;;2020.05.27 15:04:29;0.66442;;;3.03;
2020.05.26 19:00:14;Sell;0.01;AUDNZD;1.07108;;;2020.05.27 15:03:26;1.07025;;-0.07;0.51;
2020.05.27 04:00:10;Buy;0.01;AUDUSD;0.66414;;;2020.05.27 12:57:43;0.66683;;;2.69;
2020.05.19 11:00:39;Sell;0.02;NZDCAD;0.84699;;;2020.05.27 04:00:13;0.85366;;-1.04;-9.68;
2020.05.19 06:00:05;Sell;0.01;NZDCAD;0.84342;;;2020.05.27 04:00:11;0.85369;;-0.50;-7.44;
2020.05.20 21:00:28;Sell;0.08;NZDCAD;0.85398;;;2020.05.27 04:00:09;0.85366;;-3.62;1.85;
2020.05.20 05:00:09;Sell;0.04;NZDCAD;0.85019;;;2020.05.27 04:00:08;0.85373;;-1.82;-10.26;
2020.05.26 12:00:34;Sell;0.16;NZDCAD;0.85737;;;2020.05.27 04:00:04;0.85356;;-1.05;44.20;
2020.05.26 10:00:41;Sell;0.02;AUDUSD;0.65827;;;2020.05.27 03:03:23;0.66447;;-0.03;-12.40;
2020.05.26 05:00:06;Sell;0.01;AUDUSD;0.65698;;;2020.05.27 03:03:22;0.66447;;-0.02;-7.49;
2020.05.25 21:00:18;Sell;0.01;AUDUSD;0.65473;;;2020.05.27 03:03:21;0.66447;;-0.04;-9.74;
2020.05.26 22:00:15;Sell;0.13;AUDUSD;0.66736;;;2020.05.27 03:03:19;0.66447;;-0.22;37.57;
2020.05.26 18:02:47;Sell;0.08;AUDUSD;0.66546;;;2020.05.27 03:03:17;0.66451;;-0.14;7.60;
2020.05.26 15:00:43;Sell;0.05;AUDUSD;0.66325;;;2020.05.27 03:03:15;0.66447;;-0.09;-6.10;
2020.05.26 12:00:32;Sell;0.03;AUDUSD;0.66209;;;2020.05.27 03:03:14;0.66447;;-0.05;-7.14;
2020.05.26 17:00:47;Buy;0.01;AUDNZD;1.06990;;;2020.05.26 18:40:06;1.07095;;;0.65;
2020.05.22 18:00:27;Sell;0.01;AUDNZD;1.07183;;;2020.05.26 13:51:51;1.07077;;-0.14;0.65;
2020.05.20 18:01:09;Buy;0.01;AUDCAD;0.91581;;;2020.05.26 11:44:02;0.91875;;-0.49;2.12;
2020.05.22 07:00:08;Sell;0.02;USDCAD;1.39947;;;2020.05.26 08:59:11;1.39343;;-0.08;8.67;
2020.05.21 05:06:27;Sell;0.01;USDCAD;1.39392;;;2020.05.26 08:59:09;1.39340;;-0.06;0.37;
2020.05.25 10:00:08;Buy;0.01;AUDUSD;0.65250;;;2020.05.25 17:45:08;0.65490;;;2.40;
2020.05.25 04:00:05;Buy;0.01;AUDUSD;0.65399;;;2020.05.25 17:45:07;0.65489;;;0.90;
2020.05.22 10:00:11;Buy;0.02;AUDUSD;0.65256;;;2020.05.25 03:18:23;0.65477;;-0.04;4.42;
2020.05.22 06:00:10;Buy;0.01;AUDUSD;0.65458;;;2020.05.25 03:18:21;0.65477;;-0.02;0.19;
2020.05.21 19:00:11;Buy;0.01;AUDUSD;0.65615;;;2020.05.25 03:18:19;0.65478;;-0.04;-1.37;
2020.05.22 08:00:02;Sell;0.01;GBPCAD;1.70987;;;2020.05.22 22:07:06;1.70343;;;4.60;
2020.05.22 10:00:08;Buy;0.02;AUDNZD;1.06798;;;2020.05.22 17:35:57;1.07067;;;3.28;
2020.05.22 09:00:06;Buy;0.01;AUDNZD;1.07040;;;2020.05.22 17:35:56;1.07068;;;0.17;
2020.05.21 21:00:04;Buy;0.01;AUDNZD;1.07304;;;2020.05.22 17:35:54;1.07068;;-0.08;-1.44;
2020.05.13 18:02:58;Buy;0.01;GBPCAD;1.72086;;;2020.05.22 06:06:17;1.70814;;-1.65;-9.09;
2020.05.15 10:00:14;Buy;0.02;GBPCAD;1.71330;;;2020.05.22 06:06:13;1.70814;;-2.10;-7.38;
2020.05.20 22:00:24;Buy;0.05;GBPCAD;1.69911;;;2020.05.22 06:06:12;1.70814;;-3.00;32.29;
2020.05.18 01:00:50;Buy;0.03;GBPCAD;1.70541;;;2020.05.22 06:06:11;1.70814;;-2.70;5.86;
2020.05.21 16:00:06;Sell;0.01;AUDUSD;0.65854;;;2020.05.21 18:23:49;0.65566;;;2.88;
2020.05.21 15:00:08;Sell;0.01;AUDNZD;1.07389;;;2020.05.21 16:49:43;1.07291;;;0.60;
2020.05.21 05:00:06;Buy;0.01;AUDUSD;0.65634;;;2020.05.21 15:17:18;0.65874;;;2.40;
2020.05.21 04:00:05;Buy;0.01;AUDUSD;0.65779;;;2020.05.21 15:17:16;0.65872;;;0.93;
2020.05.21 06:00:07;Buy;0.02;AUDNZD;1.07098;;;2020.05.21 14:52:53;1.07375;;;3.39;
2020.05.20 04:00:05;Buy;0.01;AUDNZD;1.07328;;;2020.05.21 14:52:52;1.07373;;-0.23;0.27;
2020.05.19 12:00:50;Buy;0.01;AUDNZD;1.07688;;;2020.05.21 14:52:51;1.07376;;-0.31;-1.91;
2020.05.20 15:00:14;Buy;0.01;USDCAD;1.38831;;;2020.05.21 05:06:25;1.39392;;-0.12;4.02;
2020.05.20 18:01:48;Sell;0.02;AUDUSD;0.65977;;;2020.05.21 03:30:14;0.65764;;-0.10;4.26;
2020.05.20 15:00:16;Sell;0.01;AUDUSD;0.65821;;;2020.05.21 03:30:12;0.65767;;-0.05;0.54;
2020.05.20 13:00:09;Sell;0.01;AUDUSD;0.65673;;;2020.05.21 03:30:11;0.65764;;-0.05;-0.91;
2020.05.19 04:00:13;Buy;0.01;AUDCAD;0.91161;;;2020.05.20 17:15:13;0.91443;;-0.08;2.03;
2020.05.20 01:05:45;Sell;0.01;USDCAD;1.39550;;;2020.05.20 14:10:45;1.38973;;;4.15;
2020.05.19 23:00:28;Buy;0.01;AUDUSD;0.65381;;;2020.05.20 12:52:07;0.65657;;-0.02;2.76;
2020.05.19 17:00:15;Buy;0.04;USDCAD;1.38867;;;2020.05.20 01:05:44;1.39550;;-0.15;19.58;
2020.05.18 19:00:18;Buy;0.02;USDCAD;1.39696;;;2020.05.20 01:05:43;1.39550;;-0.16;-2.09;
2020.05.18 15:00:18;Buy;0.01;USDCAD;1.40412;;;2020.05.20 01:05:42;1.39550;;-0.08;-6.18;
2020.05.19 19:00:08;Sell;0.01;AUDUSD;0.65662;;;2020.05.19 22:53:16;0.65430;;;2.32;
2020.05.19 17:00:17;Sell;0.01;AUDUSD;0.65512;;;2020.05.19 22:53:14;0.65424;;;0.88;
2020.05.19 10:01:42;Sell;0.01;AUDUSD;0.65554;;;2020.05.19 15:17:59;0.65295;;;2.59;
2020.05.19 07:00:06;Buy;0.01;AUDUSD;0.65197;;;2020.05.19 09:30:01;0.65479;;;2.82;
2020.05.15 18:04:46;Sell;0.03;AUDNZD;1.08085;;;2020.05.19 09:26:07;1.07771;;-0.42;5.72;
2020.05.15 11:00:07;Sell;0.02;AUDNZD;1.07864;;;2020.05.19 09:26:05;1.07768;;-0.28;1.16;
2020.05.13 07:00:06;Sell;0.01;AUDNZD;1.07604;;;2020.05.19 09:26:04;1.07768;;-0.42;-0.99;
2020.05.13 06:00:11;Sell;0.01;AUDNZD;1.07289;;;2020.05.19 09:26:03;1.07766;;-0.42;-2.89;
2020.05.19 04:00:10;Sell;0.13;AUDUSD;0.65407;;;2020.05.19 06:02:44;0.65185;;;28.86;
2020.05.18 23:00:19;Sell;0.08;AUDUSD;0.65257;;;2020.05.19 06:02:42;0.65185;;-0.14;5.76;
2020.05.18 19:00:17;Sell;0.05;AUDUSD;0.65117;;;2020.05.19 06:02:40;0.65184;;-0.08;-3.35;
2020.05.18 17:00:18;Sell;0.03;AUDUSD;0.64885;;;2020.05.19 06:02:39;0.65176;;-0.05;-8.73;
2020.05.18 16:00:27;Sell;0.02;AUDUSD;0.64722;;;2020.05.19 06:02:38;0.65176;;-0.03;-9.08;
2020.05.18 14:00:17;Sell;0.01;AUDUSD;0.64581;;;2020.05.19 06:02:37;0.65176;;-0.02;-5.95;
2020.05.18 05:00:09;Sell;0.01;AUDUSD;0.64411;;;2020.05.19 06:02:36;0.65176;;-0.02;-7.65;
2020.05.18 17:00:14;Buy;0.01;AUDCAD;0.90912;;;2020.05.19 03:25:18;0.91188;;-0.08;1.98;
2020.05.14 05:00:06;Buy;0.01;AUDCAD;0.90633;;;2020.05.19 03:14:37;0.91090;;-0.24;3.28;
2020.05.14 14:00:20;Buy;0.02;AUDCAD;0.90572;;;2020.05.18 16:40:22;0.90983;;-0.32;5.86;
2020.05.13 20:00:17;Buy;0.01;AUDCAD;0.90911;;;2020.05.18 16:40:21;0.90992;;-0.40;0.58;
2020.05.13 16:00:34;Buy;0.01;AUDCAD;0.91377;;;2020.05.18 16:40:20;0.90990;;-0.40;-2.76;
2020.05.15 18:04:59;Buy;0.08;NZDCAD;0.83587;;;2020.05.18 15:02:17;0.84028;;-0.57;25.14;
2020.05.14 05:00:06;Buy;0.04;NZDCAD;0.84264;;;2020.05.18 15:02:16;0.84024;;-0.57;-6.84;
2020.05.13 06:00:06;Buy;0.02;NZDCAD;0.84816;;;2020.05.18 15:02:14;0.84029;;-0.71;-11.22;
2020.05.15 18:05:01;Buy;0.04;NZDCAD;0.83587;;;2020.05.18 15:00:16;0.83998;;-0.28;11.71;
2020.05.14 14:00:20;Buy;0.02;NZDCAD;0.84107;;;2020.05.18 15:00:15;0.84002;;-0.28;-1.50;
2020.05.13 20:00:17;Buy;0.01;NZDCAD;0.84460;;;2020.05.18 15:00:13;0.84005;;-0.35;-3.24;
2020.05.15 15:00:12;Sell;0.01;USDCAD;1.40977;;;2020.05.18 14:49:39;1.40422;;-0.02;3.95;
2020.05.15 19:00:15;Buy;0.01;AUDUSD;0.64096;;;2020.05.18 04:16:37;0.64375;;-0.02;2.79;
2020.05.15 15:00:11;Buy;0.01;AUDUSD;0.64233;;;2020.05.18 04:16:35;0.64377;;-0.02;1.44;
2020.05.14 05:00:08;Sell;0.01;AUDCAD;0.90577;;;2020.05.15 18:04:44;0.90364;;-0.06;1.51;
2020.05.14 23:00:19;Buy;0.01;USDCAD;1.40361;;;2020.05.15 14:21:57;1.40919;;-0.04;3.96;
2020.05.14 23:00:20;Sell;0.01;AUDUSD;0.64624;;;2020.05.15 14:06:57;0.64317;;-0.02;3.07;
2020.05.14 05:00:08;Buy;0.01;AUDUSD;0.64236;;;2020.05.14 22:26:34;0.64541;;;3.05;
2020.05.11 14:00:16;Sell;0.01;AUDCAD;0.90688;;;2020.05.14 04:56:19;0.90661;;-0.32;0.20;
2020.05.12 14:00:13;Sell;0.01;AUDCAD;0.91053;;;2020.05.14 04:56:16;0.90656;;-0.25;2.81;
2020.05.12 15:00:09;Sell;0.01;AUDCAD;0.91210;;;2020.05.14 04:40:19;0.90752;;-0.25;3.25;
2020.05.13 21:00:08;Buy;0.02;AUDUSD;0.64472;;;2020.05.14 04:30:33;0.64585;;-0.12;2.26;
2020.05.13 19:00:15;Buy;0.01;AUDUSD;0.64650;;;2020.05.14 04:30:30;0.64588;;-0.06;-0.62;
2020.05.13 17:00:17;Buy;0.01;AUDUSD;0.64796;;;2020.05.14 04:30:27;0.64581;;-0.06;-2.15;
2020.05.13 15:00:36;Sell;0.02;AUDUSD;0.65181;;;2020.05.13 16:27:04;0.64924;;;5.14;
2020.05.13 14:00:14;Sell;0.01;AUDUSD;0.64946;;;2020.05.13 16:27:02;0.64925;;;0.21;
2020.05.13 11:00:15;Sell;0.01;AUDUSD;0.64755;;;2020.05.13 16:27:00;0.64918;;;-1.63;
2020.05.12 14:00:11;Buy;0.01;AUDCAD;0.91092;;;2020.05.13 15:34:32;0.91405;;-0.08;2.23;
2020.05.13 00:00:10;Sell;0.02;USDCAD;1.40749;;;2020.05.13 14:27:49;1.40141;;;8.68;
2020.05.11 15:05:21;Sell;0.01;USDCAD;1.39828;;;2020.05.13 14:27:47;1.40141;;-0.04;-2.23;
2020.05.12 15:00:27;Sell;0.01;NZDCAD;0.85483;;;2020.05.13 06:00:05;0.84816;;-0.06;4.74;
2020.05.12 19:00:16;Buy;0.01;AUDUSD;0.65089;;;2020.05.13 05:40:35;0.64781;;-0.02;-3.08;
2020.05.13 03:00:13;Buy;0.03;AUDUSD;0.64553;;;2020.05.13 05:40:34;0.64781;;;6.84;
2020.05.12 23:00:15;Buy;0.02;AUDUSD;0.64800;;;2020.05.13 05:40:32;0.64782;;-0.04;-0.36;
2020.05.12 21:00:10;Buy;0.01;AUDUSD;0.64965;;;2020.05.13 05:40:30;0.64781;;-0.02;-1.84;
2020.05.08 05:00:07;Sell;0.02;NZDCAD;0.85258;;;2020.05.13 05:19:26;0.84834;;-0.39;6.03;
2020.05.12 09:00:13;Sell;0.01;AUDNZD;1.06535;;;2020.05.13 00:40:38;1.06426;;-0.07;0.67;
2020.05.12 15:00:28;Sell;0.03;AUDUSD;0.65276;;;2020.05.12 16:47:23;0.65045;;;6.93;
2020.05.12 14:00:12;Sell;0.02;AUDUSD;0.65105;;;2020.05.12 16:47:21;0.65046;;;1.18;
2020.05.12 13:00:10;Sell;0.01;AUDUSD;0.64887;;;2020.05.12 16:47:19;0.65049;;;-1.62;
2020.05.12 09:00:13;Sell;0.01;AUDUSD;0.64747;;;2020.05.12 16:47:17;0.65050;;;-3.03;
2020.05.11 14:00:17;Buy;0.01;AUDCAD;0.90724;;;2020.05.12 14:23:21;0.91168;;-0.08;3.17;
2020.05.07 11:00:22;Buy;0.01;AUDCAD;0.90999;;;2020.05.12 13:16:59;0.91056;;-0.24;0.40;
2020.05.12 04:00:08;Buy;0.01;AUDCAD;0.90542;;;2020.05.12 13:16:58;0.91057;;;3.68;
2020.05.12 04:00:06;Buy;0.01;AUDNZD;1.06339;;;2020.05.12 08:05:12;1.06438;;;0.61;
2020.05.12 04:00:09;Buy;0.01;AUDUSD;0.64404;;;2020.05.12 08:05:11;0.64706;;;3.02;
2020.05.11 18:00:04;Sell;0.01;AUDNZD;1.06676;;;2020.05.12 03:31:05;1.06588;;-0.07;0.53;
2020.05.11 14:00:13;Buy;0.01;AUDUSD;0.64902;;;2020.05.11 20:09:52;0.64968;;;0.66;
2020.05.11 12:00:10;Buy;0.01;AUDUSD;0.65136;;;2020.05.11 20:09:50;0.64968;;;-1.68;
2020.05.11 15:05:23;Buy;0.02;AUDUSD;0.64795;;;2020.05.11 20:09:47;0.64966;;;3.42;
2020.05.11 14:00:14;Buy;0.01;AUDNZD;1.06605;;;2020.05.11 17:58:47;1.06689;;;0.52;
2020.05.11 15:02:15;Buy;0.03;GBPCAD;1.72251;;;2020.05.11 17:51:28;1.73123;;;18.67;
2020.05.07 17:02:43;Buy;0.02;GBPCAD;1.72817;;;2020.05.11 17:51:27;1.73125;;-0.62;4.39;
2020.05.07 15:00:20;Buy;0.01;GBPCAD;1.73826;;;2020.05.11 17:51:25;1.73123;;-0.30;-5.02;
2020.05.08 13:00:08;Sell;0.02;NZDCAD;0.85464;;;2020.05.11 15:05:19;0.84994;;-0.13;6.72;
2020.05.07 21:00:07;Sell;0.01;NZDCAD;0.85088;;;2020.05.11 15:05:17;0.84994;;-0.12;0.67;
2020.05.08 04:00:04;Buy;0.04;USDCAD;1.39369;;;2020.05.11 14:54:06;1.40042;;-0.16;19.22;
2020.05.07 18:02:42;Buy;0.02;USDCAD;1.40293;;;2020.05.11 14:54:04;1.40042;;-0.16;-3.58;
2020.05.07 11:30:33;Buy;0.01;USDCAD;1.40822;;;2020.05.11 14:54:03;1.40042;;-0.08;-5.57;
2020.05.11 06:00:11;Sell;0.01;AUDNZD;1.06683;;;2020.05.11 13:49:49;1.06575;;;0.66;
2020.05.11 05:00:07;Sell;0.01;AUDCAD;0.91182;;;2020.05.11 13:24:58;0.90762;;;3.00;
2020.05.11 05:00:06;Sell;0.01;AUDCAD;0.91183;;;2020.05.11 13:21:07;0.90769;;;2.96;
2020.05.07 19:00:13;Sell;0.01;AUDCAD;0.90807;;;2020.05.11 13:21:05;0.90769;;-0.14;0.27;
2020.05.07 09:00:15;Sell;0.01;AUDUSD;0.64252;;;2020.05.11 11:14:08;0.65264;;-0.04;-10.12;
2020.05.11 05:00:06;Sell;0.13;AUDUSD;0.65551;;;2020.05.11 11:14:06;0.65269;;;36.66;
2020.05.08 18:00:19;Sell;0.08;AUDUSD;0.65385;;;2020.05.11 11:14:05;0.65270;;-0.14;9.20;
2020.05.08 04:00:06;Sell;0.05;AUDUSD;0.65272;;;2020.05.11 11:14:03;0.65270;;-0.08;0.10;
2020.05.07 19:00:16;Sell;0.03;AUDUSD;0.64997;;;2020.05.11 11:14:01;0.65270;;-0.10;-8.19;
2020.05.07 11:00:23;Sell;0.02;AUDUSD;0.64537;;;2020.05.11 11:14:00;0.65270;;-0.06;-14.66;
2020.05.07 10:00:12;Sell;0.01;AUDUSD;0.64382;;;2020.05.11 11:13:58;0.65269;;-0.04;-8.87;
2020.05.11 01:00:09;Buy;0.01;AUDNZD;1.06363;;;2020.05.11 04:21:18;1.06499;;;0.83;
2020.05.08 12:00:09;Buy;0.01;AUDNZD;1.06472;;;2020.05.11 04:21:16;1.06499;;-0.08;0.16;
2020.05.07 09:00:15;Sell;0.01;AUDNZD;1.06745;;;2020.05.08 11:15:20;1.06482;;-0.07;1.61;
2020.05.06 16:00:12;Sell;0.01;AUDNZD;1.06428;;;2020.05.08 11:15:18;1.06485;;-0.28;-0.35;
2020.05.07 18:02:43;Buy;0.04;NZDCAD;0.84744;;;2020.05.07 20:09:23;0.85067;;;9.24;
2020.05.06 19:00:16;Buy;0.02;NZDCAD;0.85137;;;2020.05.07 20:09:21;0.85067;;-0.44;-1.00;
2020.05.04 23:00:15;Sell;0.01;NZDCAD;0.85245;;;2020.05.07 18:02:41;0.84747;;-0.31;3.55;
2020.05.07 10:00:19;Sell;0.01;AUDCAD;0.90867;;;2020.05.07 17:49:54;0.90472;;;2.82;
2020.05.06 23:00:13;Sell;0.01;AUDCAD;0.90475;;;2020.05.07 17:49:53;0.90470;;-0.19;0.03;
2020.05.06 19:00:15;Sell;0.02;USDCAD;1.41418;;;2020.05.07 11:30:28;1.40825;;-0.12;8.42;
2020.05.06 15:00:09;Sell;0.01;USDCAD;1.40798;;;2020.05.07 11:30:27;1.40826;;-0.06;-0.20;
2020.05.07 10:00:17;Buy;0.01;AUDCAD;0.90918;;;2020.05.07 10:17:15;0.91137;;;1.55;
2020.05.06 23:00:14;Buy;0.01;AUDCAD;0.90521;;;2020.05.07 09:06:51;0.90802;;-0.24;1.99;
2020.05.06 16:00:14;Buy;0.01;AUDCAD;0.90933;;;2020.05.07 09:06:50;0.90808;;-0.24;-0.89;
2020.05.06 00:00:56;Buy;0.01;AUDUSD;0.64348;;;2020.05.07 06:02:28;0.64191;;-0.06;-1.57;
2020.05.06 23:00:13;Buy;0.02;AUDUSD;0.63971;;;2020.05.07 06:02:26;0.64191;;-0.12;4.40;
2020.05.06 19:00:18;Buy;0.01;AUDUSD;0.64155;;;2020.05.07 06:02:25;0.64191;;-0.06;0.36;
2020.05.06 16:00:16;Sell;0.02;AUDCAD;0.90894;;;2020.05.07 01:57:50;0.90452;;-0.38;6.24;
2020.05.05 04:00:09;Sell;0.01;AUDCAD;0.90623;;;2020.05.07 01:57:48;0.90452;;-0.25;1.20;
2020.05.06 17:00:17;Sell;0.02;AUDCAD;0.90968;;;2020.05.06 22:42:30;0.90540;;;6.05;
2020.05.05 04:00:07;Sell;0.01;AUDCAD;0.90624;;;2020.05.06 22:42:29;0.90540;;-0.06;0.60;
2020.05.04 15:42:04;Sell;0.01;AUDCAD;0.90204;;;2020.05.06 22:42:28;0.90537;;-0.12;-2.35;
2020.05.05 15:00:09;Buy;0.02;NZDCAD;0.84997;;;2020.05.06 16:00:26;0.85419;;-0.15;5.98;
2020.05.04 15:42:02;Buy;0.01;AUDCAD;0.90247;;;2020.05.06 15:32:45;0.90785;;-0.16;3.81;
2020.05.04 15:42:00;Buy;0.01;AUDCAD;0.90247;;;2020.05.06 15:32:43;0.90785;;-0.16;3.81;
2020.05.06 01:00:06;Sell;0.01;AUDNZD;1.06294;;;2020.05.06 01:45:23;1.06190;;;0.63;
2020.05.05 23:00:12;Buy;0.01;AUDNZD;1.06304;;;2020.05.06 00:11:18;1.06330;;-0.07;0.15;
2020.05.05 17:01:52;Sell;0.01;AUDUSD;0.64635;;;2020.05.05 23:36:18;0.64343;;;2.92;
2020.05.05 14:00:13;Sell;0.01;AUDNZD;1.06447;;;2020.05.05 21:37:02;1.06366;;;0.49;
2020.05.05 12:04:31;Buy;0.01;AUDUSD;0.64219;;;2020.05.05 16:07:27;0.64513;;;2.94;
2020.05.05 09:19:29;Buy;0.01;USDCAD;1.40365;;;2020.05.05 11:51:24;1.40899;;;3.79;
2020.05.05 09:00:12;Sell;0.03;AUDUSD;0.64586;;;2020.05.05 11:51:23;0.64196;;;11.70;
2020.05.05 04:00:07;Sell;0.02;AUDUSD;0.64441;;;2020.05.05 11:51:21;0.64194;;;4.94;
2020.05.04 23:00:16;Sell;0.01;AUDUSD;0.64283;;;2020.05.05 11:51:19;0.64185;;-0.02;0.98;
2020.05.04 18:01:22;Sell;0.01;AUDUSD;0.64104;;;2020.05.05 11:51:17;0.64185;;-0.02;-0.81;
2020.05.01 19:00:11;Sell;0.04;USDCAD;1.41016;;;2020.05.05 09:19:28;1.40365;;-0.17;18.55;
2020.05.01 09:00:27;Sell;0.02;USDCAD;1.40143;;;2020.05.05 09:19:26;1.40365;;-0.08;-3.16;
2020.04.30 21:00:17;Sell;0.01;USDCAD;1.39510;;;2020.05.05 09:19:25;1.40363;;-0.06;-6.08;
2020.05.04 22:00:07;Buy;0.01;AUDNZD;1.06304;;;2020.05.05 05:47:32;1.06404;;-0.07;0.60;
2020.05.04 15:42:06;Buy;0.01;AUDCAD;0.90246;;;2020.05.05 03:35:15;0.90650;;-0.08;2.87;
2020.05.04 18:01:21;Buy;0.02;NZDCAD;0.84886;;;2020.05.04 23:31:44;0.85289;;;5.72;
2020.05.04 18:00:11;Sell;0.01;AUDNZD;1.06426;;;2020.05.04 21:41:47;1.06326;;;0.61;
2020.05.04 11:00:29;Sell;0.01;NZDCAD;0.85339;;;2020.05.04 17:00:25;0.84923;;;2.96;
2020.05.04 15:00:08;Sell;0.01;AUDUSD;0.64197;;;2020.05.04 16:40:54;0.63946;;;2.51;
2020.05.04 11:00:30;Sell;0.01;AUDUSD;0.64066;;;2020.05.04 16:40:52;0.63944;;;1.22;
2020.05.04 11:00:28;Sell;0.02;NZDCAD;0.85339;;;2020.05.04 15:39:40;0.84937;;;5.71;
2020.04.30 21:00:19;Buy;0.01;AUDUSD;0.65173;;;2020.05.04 10:56:39;0.64122;;-0.04;-10.51;
2020.05.04 01:00:09;Buy;0.13;AUDUSD;0.64069;;;2020.05.04 10:56:28;0.64132;;;8.19;
2020.05.01 10:00:19;Buy;0.05;AUDUSD;0.64542;;;2020.05.04 10:56:27;0.64134;;-0.11;-20.40;
2020.05.01 02:00:10;Buy;0.01;AUDUSD;0.64947;;;2020.05.04 10:56:25;0.64140;;-0.02;-8.07;
2020.05.04 02:00:05;Buy;0.21;AUDUSD;0.63844;;;2020.05.04 10:56:24;0.64135;;;61.11;
2020.05.01 19:00:09;Buy;0.08;AUDUSD;0.64233;;;2020.05.04 10:56:19;0.64145;;-0.17;-7.04;
2020.05.01 06:00:08;Buy;0.03;AUDUSD;0.64656;;;2020.05.04 10:56:13;0.64130;;-0.06;-15.78;
2020.05.01 04:00:06;Buy;0.02;AUDUSD;0.64828;;;2020.05.04 10:56:12;0.64128;;-0.04;-14.00;
2020.05.01 18:03:32;Sell;0.01;NZDCAD;0.85467;;;2020.05.04 03:00:12;0.85047;;-0.06;2.97;
2020.05.01 18:03:33;Sell;0.02;NZDCAD;0.85458;;;2020.05.04 02:53:32;0.85049;;-0.13;5.79;
2020.05.01 16:00:11;Buy;0.02;NZDCAD;0.85032;;;2020.05.01 17:30:42;0.85474;;;6.28;
2020.04.30 20:02:38;Sell;0.02;NZDCAD;0.85612;;;2020.05.01 15:00:23;0.85094;;-0.13;7.40;
2020.04.30 03:00:11;Sell;0.01;NZDCAD;0.85174;;;2020.05.01 15:00:22;0.85091;;-0.06;0.60;
2020.04.30 18:12:42;Sell;0.04;NZDCAD;0.85514;;;2020.05.01 01:14:14;0.85291;;-0.26;6.39;
2020.04.30 08:00:09;Sell;0.02;NZDCAD;0.85204;;;2020.05.01 01:14:12;0.85285;;-0.13;-1.16;
2020.04.28 13:00:14;Buy;0.02;USDCAD;1.39556;;;2020.04.30 20:53:51;1.39538;;-0.28;-0.26;
2020.04.27 10:23:32;Buy;0.01;USDCAD;1.40439;;;2020.04.30 20:53:50;1.39538;;-0.17;-6.46;
2020.04.29 23:00:04;Buy;0.04;USDCAD;1.38833;;;2020.04.30 20:53:39;1.39528;;-0.43;19.92;
2020.04.30 18:12:44;Sell;0.01;AUDUSD;0.65433;;;2020.04.30 19:02:39;0.65172;;;2.61;
2020.04.30 16:00:46;Buy;0.02;AUDUSD;0.65211;;;2020.04.30 18:12:39;0.65442;;;4.62;
2020.04.30 13:00:05;Buy;0.01;AUDUSD;0.65403;;;2020.04.30 18:12:37;0.65448;;;0.45;
2020.04.30 10:00:43;Buy;0.01;AUDUSD;0.65548;;;2020.04.30 18:12:32;0.65448;;;-1.00;
2020.04.29 13:00:09;Buy;0.01;GBPCAD;1.73121;;;2020.04.30 16:50:36;1.73820;;-0.46;5.02;
2020.04.29 21:00:52;Buy;0.01;AUDUSD;0.65369;;;2020.04.30 08:47:12;0.65664;;-0.07;2.95;
2020.04.29 13:00:08;Buy;0.02;NZDCAD;0.84786;;;2020.04.29 21:52:23;0.85214;;;6.16;
2020.04.29 13:00:06;Buy;0.01;AUDUSD;0.65113;;;2020.04.29 20:25:50;0.65402;;;2.89;
2020.04.29 04:00:05;Sell;0.02;AUDUSD;0.65181;;;2020.04.29 12:57:49;0.65119;;;1.24;
2020.04.28 16:25:11;Sell;0.01;AUDUSD;0.64941;;;2020.04.29 12:57:47;0.65122;;-0.01;-1.81;
2020.04.28 16:24:57;Sell;0.01;AUDUSD;0.64965;;;2020.04.29 12:57:45;0.65127;;-0.01;-1.62;
2020.04.29 07:00:13;Sell;0.03;AUDUSD;0.65340;;;2020.04.29 12:57:39;0.65134;;;6.18;
2020.04.28 22:37:52;Buy;0.02;NZDCAD;0.84733;;;2020.04.29 04:34:17;0.85174;;-0.15;6.32;
2020.04.28 05:00:09;Buy;0.01;NZDCAD;0.84352;;;2020.04.28 19:00:06;0.84818;;;3.33;
2020.04.28 05:00:07;Buy;0.02;NZDCAD;0.84349;;;2020.04.28 18:08:07;0.84784;;;6.21;
2020.04.27 03:00:10;Sell;0.02;NZDCAD;0.84947;;;2020.04.28 02:25:11;0.84522;;-0.13;6.06;
2020.04.27 09:00:11;Sell;0.01;NZDCAD;0.85335;;;2020.04.28 00:00:24;0.84872;;-0.06;3.30;
2020.04.24 19:00:09;Sell;0.01;USDCAD;1.40957;;;2020.04.27 10:23:25;1.40433;;-0.03;3.73;
2020.04.23 21:00:05;Buy;0.01;NZDCAD;0.84546;;;2020.04.27 03:00:09;0.84947;;-0.14;2.84;
2020.04.24 05:00:08;Buy;0.02;NZDCAD;0.84366;;;2020.04.24 23:38:42;0.84790;;;6.02;
2020.04.24 14:16:37;Buy;0.01;USDCAD;1.40276;;;2020.04.24 17:03:38;1.40887;;;4.34;
2020.04.24 03:29:02;Sell;0.01;USDCAD;1.40811;;;2020.04.24 14:16:36;1.40280;;;3.79;
2020.04.22 11:00:10;Buy;0.01;USDCAD;1.41495;;;2020.04.24 03:28:59;1.40823;;-0.12;-4.77;
2020.04.23 18:00:12;Buy;0.02;USDCAD;1.40223;;;2020.04.24 03:28:57;1.40826;;-0.07;8.56;
2020.04.22 17:00:07;Buy;0.01;NZDCAD;0.84314;;;2020.04.23 16:00:21;0.84860;;-0.22;3.87;
2020.04.22 17:00:09;Buy;0.04;NZDCAD;0.84314;;;2020.04.23 14:11:32;0.84729;;-0.86;11.74;
2020.04.21 05:00:03;Buy;0.02;NZDCAD;0.84841;;;2020.04.23 14:11:31;0.84715;;-0.57;-1.78;
2020.04.21 04:55:33;Sell;0.01;USDCAD;1.41339;;;2020.04.22 10:43:46;1.41439;;-0.03;-0.71;
2020.04.21 11:00:08;Sell;0.02;USDCAD;1.42052;;;2020.04.22 10:43:45;1.41429;;-0.06;8.81;
2020.04.21 04:55:31;Sell;0.04;NZDCAD;0.84801;;;2020.04.21 05:00:10;0.84843;;;-1.19;
2020.04.21 04:55:29;Sell;0.02;NZDCAD;0.84801;;;2020.04.21 05:00:08;0.84836;;;-0.50;
2020.04.21 04:55:28;Sell;0.01;NZDCAD;0.84801;;;2020.04.21 05:00:06;0.84833;;;-0.23;
2020.03.13 20:00:45;Sell;0.02;EURGBP;0.89605;;;2020.03.16 17:55:15;0.90426;;-0.26;-20.17;
2020.03.16 11:00:09;Sell;0.08;EURGBP;0.90770;;;2020.03.16 17:55:13;0.90426;;;33.80;
2020.03.13 22:00:05;Sell;0.03;EURGBP;0.89917;;;2020.03.16 17:55:12;0.90426;;-0.39;-18.76;
2020.03.13 19:00:24;Sell;0.01;EURGBP;0.89188;;;2020.03.16 17:55:10;0.90426;;-0.13;-15.21;
2020.03.16 13:00:07;Sell;0.12;EURGBP;0.91194;;;2020.03.16 17:55:09;0.90420;;;114.09;
2020.03.16 08:00:10;Sell;0.05;EURGBP;0.90219;;;2020.03.16 17:55:07;0.90418;;;-12.22;
2020.03.16 11:00:07;Sell;0.02;AUDNZD;1.02210;;;2020.03.16 13:00:11;1.02133;;;0.93;
2020.03.16 04:00:31;Sell;0.01;AUDNZD;1.01720;;;2020.03.16 13:00:07;1.02130;;;-2.48;
2020.03.16 06:50:03;Sell;0.02;AUDCAD;0.85411;;;2020.03.16 13:00:03;0.85760;;;-5.02;
2020.03.16 06:00:02;Buy;0.01;AUDNZD;1.01830;;;2020.03.16 12:59:51;1.02106;;;1.67;
2020.03.16 12:00:09;Sell;0.03;AUDCAD;0.85672;;;2020.03.16 12:59:50;0.85753;;;-1.75;
2020.03.13 05:00:06;Sell;0.03;AUDCAD;0.87819;;;2020.03.16 12:59:50;0.85750;;-0.17;44.67;
2020.03.16 00:10:09;Sell;0.02;AUDCAD;0.86476;;;2020.03.16 12:59:49;0.85748;;;10.48;
2020.03.13 23:00:07;Sell;0.02;AUDCAD;0.86118;;;2020.03.16 12:59:47;0.85744;;-0.11;5.38;
2020.03.16 12:00:07;Sell;0.02;NZDCAD;0.83885;;;2020.03.16 12:59:43;0.83918;;;-0.47;
2020.03.16 11:00:23;Buy;0.01;NZDCAD;0.83476;;;2020.03.16 12:00:10;0.83875;;;2.87;
2020.03.16 08:00:12;Sell;0.02;NZDCAD;0.83903;;;2020.03.16 11:00:47;0.83481;;;6.09;
2020.03.16 04:00:26;Buy;0.02;AUDNZD;1.01679;;;2020.03.16 09:00:10;1.02056;;;4.55;
2020.03.16 04:32:36;Buy;0.04;AUDNZD;1.01441;;;2020.03.16 09:00:08;1.02026;;;14.14;
2020.03.16 01:37:34;Buy;0.01;AUDNZD;1.02451;;;2020.03.16 09:00:06;1.02026;;;-2.57;
2020.03.16 03:52:27;Buy;0.01;NZDCAD;0.83627;;;2020.03.16 08:00:14;0.83903;;;1.99;
2020.03.16 04:00:53;Buy;0.02;NZDCAD;0.83508;;;2020.03.16 06:49:30;0.83946;;;6.33;
2020.03.16 04:05:09;Buy;0.01;GBPUSD;1.23267;;;2020.03.16 06:49:06;1.23524;;;2.57;
2020.03.16 05:17:09;Buy;0.08;AUDNZD;1.01700;;;2020.03.16 05:18:31;1.01815;;;5.54;
2020.03.16 04:05:33;Buy;0.05;AUDNZD;1.01568;;;2020.03.16 05:18:30;1.01800;;;6.99;
2020.03.16 00:01:35;Buy;0.01;AUDNZD;1.03011;;;2020.03.16 05:18:28;1.01800;;;-7.30;
2020.03.16 01:00:13;Sell;0.01;AUDNZD;1.02385;;;2020.03.16 04:33:50;1.01415;;;5.86;
2020.03.16 00:00:45;Sell;0.02;AUDNZD;1.02808;;;2020.03.16 04:32:38;1.01441;;;16.50;
2020.03.16 01:00:11;Sell;0.02;NZDCAD;0.83905;;;2020.03.16 04:00:56;0.83460;;;6.44;
2020.03.16 00:50:19;Sell;0.02;GBPUSD;1.24196;;;2020.03.16 01:49:59;1.24034;;;3.24;
2020.03.13 19:00:09;Sell;0.01;AUDNZD;1.01802;;;2020.03.16 01:38:10;1.02292;;-0.07;-2.98;
2020.03.16 00:30:17;Sell;0.01;GBPUSD;1.23857;;;2020.03.16 01:15:19;1.23782;;;0.75;
2020.03.13 19:00:17;Buy;0.01;NZDCAD;0.84730;;;2020.03.16 01:00:17;0.83901;;-0.08;-6.03;
2020.03.13 20:00:47;Buy;0.02;NZDCAD;0.84262;;;2020.03.16 01:00:15;0.83903;;-0.16;-5.23;
2020.03.13 20:00:48;Buy;0.04;NZDCAD;0.84264;;;2020.03.16 00:07:07;0.84173;;-0.32;-2.63;
2020.03.13 19:00:19;Buy;0.02;NZDCAD;0.84741;;;2020.03.16 00:07:05;0.84173;;-0.16;-8.20;
2020.03.13 02:05:19;Buy;0.08;AUDNZD;1.02579;;;2020.03.16 00:00:55;1.02828;;-0.61;12.00;
2020.03.13 19:00:21;Buy;0.02;AUDNZD;1.01838;;;2020.03.16 00:00:48;1.02804;;-0.15;11.63;
2020.03.12 07:00:06;Buy;0.02;AUDNZD;1.03185;;;2020.03.16 00:00:46;1.02808;;-0.31;-4.54;
2020.03.13 19:00:37;Buy;0.18;AUDNZD;1.01808;;;2020.03.16 00:00:38;1.02636;;-1.37;89.69;
2020.03.13 18:40:09;Buy;0.01;AUDNZD;1.02121;;;2020.03.16 00:00:35;1.02636;;-0.08;3.10;
2020.03.12 12:00:06;Buy;0.03;AUDNZD;1.02875;;;2020.03.16 00:00:33;1.02636;;-0.46;-4.31;
2020.03.11 21:00:08;Buy;0.01;AUDNZD;1.03448;;;2020.03.16 00:00:31;1.02636;;-0.40;-4.87;
2020.03.13 14:00:07;Buy;0.12;AUDNZD;1.02392;;;2020.03.16 00:00:25;1.02794;;-0.91;28.93;
2020.03.13 21:30:15;Buy;0.08;GBPUSD;1.22803;;;2020.03.13 22:58:54;1.23442;;;51.12;
2020.03.13 18:50:05;Buy;0.01;GBPUSD;1.24562;;;2020.03.13 22:58:46;1.23453;;;-11.09;
2020.03.13 21:20:08;Buy;0.05;GBPUSD;1.23240;;;2020.03.13 22:58:42;1.23440;;;10.00;
2020.03.13 19:40:07;Buy;0.03;GBPUSD;1.23697;;;2020.03.13 22:58:40;1.23441;;;-7.68;
2020.03.13 19:00:20;Buy;0.02;GBPUSD;1.24031;;;2020.03.13 22:58:39;1.23434;;;-11.94;
2020.03.13 01:00:08;Sell;0.01;AUDNZD;1.02736;;;2020.03.13 18:48:04;1.02049;;;4.18;
2020.03.13 18:00:09;Sell;0.02;NZDCAD;0.85323;;;2020.03.13 18:38:45;0.84851;;;6.78;
2020.03.13 11:04:01;Buy;0.01;NZDCAD;0.84806;;;2020.03.13 18:00:11;0.85323;;;3.71;
2020.03.13 15:20:24;Buy;0.02;GBPUSD;1.24950;;;2020.03.13 17:56:09;1.25199;;;4.98;
2020.03.13 14:40:05;Buy;0.01;GBPUSD;1.25352;;;2020.03.13 17:56:07;1.25201;;;-1.51;
2020.03.13 11:04:02;Buy;0.02;NZDCAD;0.84801;;;2020.03.13 15:05:51;0.85101;;;4.34;
2020.03.13 13:00:17;Buy;0.01;EURGBP;0.88707;;;2020.03.13 14:39:13;0.89026;;;4.00;
2020.03.13 11:20:06;Sell;0.01;GBPUSD;1.26186;;;2020.03.13 11:59:59;1.25939;;;2.47;
2020.03.13 04:00:15;Sell;0.02;EURGBP;0.89190;;;2020.03.13 11:04:05;0.88866;;;8.15;
2020.03.12 22:00:16;Sell;0.01;EURGBP;0.88810;;;2020.03.13 11:04:04;0.88864;;-0.14;-0.68;
2020.03.12 21:00:10;Sell;0.02;NZDCAD;0.85176;;;2020.03.13 10:59:10;0.84702;;-0.13;6.85;
2020.03.13 03:25:07;Buy;0.01;GBPUSD;1.25391;;;2020.03.13 07:01:35;1.25572;;;1.81;
2020.03.13 00:18:24;Sell;4.73;AUDNZD;1.02666;;;2020.03.13 02:35:30;1.02672;;;-17.38;
2020.03.13 00:18:18;Sell;2.10;AUDNZD;1.02641;;;2020.03.13 02:35:26;1.02672;;;-39.86;
2020.03.13 00:18:08;Sell;0.93;AUDNZD;1.02644;;;2020.03.13 02:35:03;1.02678;;;-19.36;
2020.03.13 00:18:20;Sell;3.15;AUDNZD;1.02646;;;2020.03.13 02:35:01;1.02678;;;-61.71;
2020.03.13 00:18:10;Sell;1.40;AUDNZD;1.02641;;;2020.03.13 02:35:00;1.02676;;;-29.99;
2020.03.13 00:18:05;Sell;0.62;AUDNZD;1.02639;;;2020.03.13 02:34:59;1.02676;;;-14.04;
2020.03.13 00:17:57;Sell;0.41;AUDNZD;1.02507;;;2020.03.13 02:26:58;1.02632;;;-31.34;
2020.03.13 00:17:49;Sell;0.27;AUDNZD;1.02486;;;2020.03.13 02:22:13;1.02676;;;-31.38;
2020.03.13 00:17:36;Sell;0.18;AUDNZD;1.02507;;;2020.03.13 02:21:06;1.02661;;;-16.97;
2020.03.13 00:09:08;Sell;0.08;AUDNZD;1.02494;;;2020.03.13 02:21:04;1.02678;;;-9.01;
2020.03.13 00:09:11;Sell;0.12;AUDNZD;1.02494;;;2020.03.13 01:59:29;1.02616;;;-8.97;
2020.03.13 00:08:31;Sell;0.05;AUDNZD;1.02494;;;2020.03.13 01:59:27;1.02616;;;-3.74;
2020.03.13 00:07:30;Sell;0.03;AUDNZD;1.02486;;;2020.03.13 01:44:12;1.02665;;;-3.29;
2020.03.13 00:07:28;Sell;0.02;AUDNZD;1.02486;;;2020.03.13 01:39:32;1.02451;;;0.43;
2020.03.13 00:00:16;Sell;0.01;AUDNZD;1.02297;;;2020.03.13 01:37:06;1.02463;;;-1.02;
2020.03.12 19:28:27;Buy;0.09;AUDCAD;0.87299;;;2020.03.13 00:39:29;0.87454;;-0.79;10.02;
2020.03.12 21:04:26;Buy;0.15;AUDCAD;0.87548;;;2020.03.13 00:39:27;0.87454;;-1.31;-10.12;
2020.03.12 13:37:06;Buy;0.06;AUDCAD;0.88471;;;2020.03.13 00:39:25;0.87454;;-0.52;-43.80;
2020.03.12 11:37:39;Buy;0.03;AUDCAD;0.88871;;;2020.03.13 00:39:24;0.87427;;-0.26;-31.10;
2020.03.13 00:19:36;Buy;0.16;AUDNZD;1.02541;;;2020.03.13 00:30:20;1.02570;;;2.84;
2020.03.10 15:05:10;Buy;0.01;AUDNZD;1.03634;;;2020.03.13 00:30:18;1.02570;;-0.40;-6.50;
2020.03.12 14:15:05;Buy;0.08;AUDNZD;1.02707;;;2020.03.13 00:30:13;1.02671;;-0.62;-1.76;
2020.03.12 10:25:06;Buy;0.04;AUDNZD;1.03009;;;2020.03.13 00:30:11;1.02671;;-0.31;-8.25;
2020.03.11 10:30:15;Buy;0.02;AUDNZD;1.03319;;;2020.03.13 00:30:09;1.02671;;-0.65;-7.92;
2020.03.12 11:00:42;Sell;0.01;AUDNZD;1.02951;;;2020.03.13 00:23:27;1.02703;;-0.06;1.52;
2020.03.12 19:00:12;Buy;0.04;NZDCAD;0.84567;;;2020.03.12 21:00:16;0.85194;;;18.18;
2020.03.12 15:00:15;Buy;0.01;NZDCAD;0.85834;;;2020.03.12 21:00:14;0.85190;;;-4.67;
2020.03.12 17:00:49;Buy;0.02;NZDCAD;0.85288;;;2020.03.12 21:00:12;0.85177;;;-1.61;
2020.03.12 19:53:12;Buy;0.16;AUDCAD;0.87117;;;2020.03.12 20:57:45;0.87730;;;71.04;
2020.03.12 18:59:11;Buy;0.10;AUDCAD;0.87121;;;2020.03.12 20:57:43;0.87722;;;43.53;
2020.03.12 14:04:45;Buy;0.06;AUDCAD;0.88429;;;2020.03.12 20:57:41;0.87710;;;-31.26;
2020.03.12 11:52:42;Buy;0.04;AUDCAD;0.88665;;;2020.03.12 20:57:39;0.87712;;;-27.62;
2020.03.12 07:05:49;Buy;0.02;AUDCAD;0.89074;;;2020.03.12 20:57:38;0.87717;;;-19.66;
2020.03.12 19:05:19;Buy;0.12;GBPUSD;1.25179;;;2020.03.12 20:02:39;1.26112;;;111.96;
2020.03.12 18:25:23;Buy;0.08;GBPUSD;1.25725;;;2020.03.12 20:02:37;1.26114;;;31.12;
2020.03.12 19:00:16;Buy;0.32;NZDCAD;0.84561;;;2020.03.12 20:02:36;0.85083;;;121.50;
2020.03.12 18:00:07;Buy;0.16;NZDCAD;0.85053;;;2020.03.12 20:02:34;0.85091;;;4.43;
2020.03.12 16:00:26;Buy;0.08;NZDCAD;0.85505;;;2020.03.12 20:02:32;0.85074;;;-25.08;
2020.03.12 10:00:41;Buy;0.04;NZDCAD;0.86188;;;2020.03.12 20:02:31;0.85035;;;-33.55;
2020.03.11 20:00:09;Buy;0.02;NZDCAD;0.86615;;;2020.03.12 20:02:29;0.85031;;-0.48;-23.04;
2020.03.12 16:50:06;Buy;0.05;GBPUSD;1.26157;;;2020.03.12 20:02:21;1.26091;;;-3.30;
2020.03.12 15:30:10;Buy;0.03;GBPUSD;1.26756;;;2020.03.12 20:02:17;1.26083;;;-20.19;
2020.03.12 14:30:09;Buy;0.02;GBPUSD;1.27284;;;2020.03.12 20:02:15;1.26085;;;-23.98;
2020.03.12 12:00:07;Buy;0.01;GBPUSD;1.27752;;;2020.03.12 20:02:13;1.26069;;;-16.83;
2020.03.12 18:00:04;Buy;0.01;EURGBP;0.88293;;;2020.03.12 19:08:53;0.88612;;;3.98;
2020.03.12 17:00:53;Sell;0.03;EURGBP;0.88950;;;2020.03.12 17:11:04;0.88466;;;18.28;
2020.03.12 16:00:28;Sell;0.02;EURGBP;0.88565;;;2020.03.12 17:11:02;0.88466;;;2.50;
2020.03.11 23:00:14;Sell;0.01;EURGBP;0.87999;;;2020.03.12 17:10:56;0.88476;;-0.41;-6.01;
2020.03.10 15:00:03;Sell;0.01;AUDNZD;1.03654;;;2020.03.12 10:22:56;1.03022;;-0.27;3.96;
2020.03.11 23:00:12;Buy;0.02;GBPUSD;1.28099;;;2020.03.12 04:15:38;1.28384;;-0.34;5.70;
2020.03.11 19:55:08;Buy;0.01;GBPUSD;1.28575;;;2020.03.12 04:15:36;1.28392;;-0.17;-1.83;
2020.03.11 15:00:07;Sell;0.01;NZDCAD;0.86849;;;2020.03.11 23:00:15;0.86299;;;4.00;
2020.03.11 09:00:07;Buy;0.02;AUDNZD;1.03375;;;2020.03.11 20:16:50;1.03457;;;1.03;
2020.03.10 23:00:12;Buy;0.01;AUDNZD;1.03677;;;2020.03.11 20:16:46;1.03452;;-0.08;-1.42;
2020.03.11 16:00:05;Buy;0.03;AUDNZD;1.03117;;;2020.03.11 20:16:43;1.03443;;;6.16;
2020.03.11 10:00:17;Sell;0.02;NZDCAD;0.86413;;;2020.03.11 18:42:52;0.86475;;;-0.90;
2020.03.11 15:00:09;Sell;0.04;NZDCAD;0.86846;;;2020.03.11 18:42:49;0.86479;;;10.69;
2020.03.11 17:00:06;Sell;0.02;AUDCAD;0.89713;;;2020.03.11 18:40:37;0.89431;;;4.11;
2020.03.10 19:00:18;Buy;0.03;AUDCAD;0.89199;;;2020.03.11 14:41:29;0.89535;;-0.27;7.35;
2020.03.10 19:00:16;Buy;0.02;AUDCAD;0.89201;;;2020.03.11 14:19:42;0.89441;;-0.18;3.51;
2020.03.10 23:00:08;Buy;0.01;NZDCAD;0.85946;;;2020.03.11 10:00:18;0.86411;;-0.08;3.38;
2020.03.11 00:22:47;Buy;0.03;GBPUSD;1.28864;;;2020.03.11 07:35:30;1.29240;;;11.28;
2020.03.10 19:15:10;Buy;0.02;GBPUSD;1.29201;;;2020.03.11 07:35:28;1.29245;;-0.10;0.88;
2020.03.10 18:55:07;Buy;0.01;GBPUSD;1.29621;;;2020.03.11 07:35:26;1.29245;;-0.05;-3.76;
2020.03.10 05:00:08;Buy;0.02;AUDNZD;1.03891;;;2020.03.10 22:21:33;1.03691;;;-2.50;
2020.03.10 19:00:19;Buy;0.05;AUDNZD;1.03382;;;2020.03.10 22:21:31;1.03685;;;9.48;
2020.03.10 18:00:04;Buy;0.03;AUDNZD;1.03581;;;2020.03.10 22:21:29;1.03685;;;1.95;
2020.03.10 04:00:36;Buy;0.01;AUDNZD;1.04302;;;2020.03.10 22:21:27;1.03686;;;-3.86;
2020.03.10 19:00:21;Sell;0.01;EURGBP;0.87674;;;2020.03.10 22:21:06;0.87373;;;3.89;
2020.03.10 13:00:08;Sell;0.02;NZDCAD;0.86434;;;2020.03.10 20:38:37;0.86074;;;5.23;
2020.03.10 09:00:09;Sell;0.02;AUDNZD;1.04101;;;2020.03.10 14:35:28;1.03767;;;4.22;
2020.03.10 05:00:06;Sell;0.01;AUDNZD;1.03848;;;2020.03.10 14:35:27;1.03767;;;0.51;
2020.03.10 12:50:07;Sell;0.02;AUDCAD;0.89898;;;2020.03.10 13:06:18;0.89609;;;4.23;
2020.03.10 08:00:08;Buy;0.01;NZDCAD;0.86137;;;2020.03.10 12:00:13;0.86303;;;1.21;
2020.03.10 09:02:11;Buy;0.02;NZDCAD;0.85848;;;2020.03.10 12:00:02;0.86298;;;6.59;
2020.03.10 05:54:40;Buy;0.03;AUDCAD;0.89660;;;2020.03.10 11:42:34;0.89759;;;2.17;
2020.03.10 09:54:14;Buy;0.06;AUDCAD;0.89354;;;2020.03.10 11:42:32;0.89760;;;17.84;
2020.03.10 09:05:08;Buy;0.04;NZDCAD;0.85804;;;2020.03.10 11:35:07;0.86174;;;10.85;
2020.03.10 04:00:09;Buy;0.02;NZDCAD;0.86219;;;2020.03.10 11:35:06;0.86174;;;-0.66;
2020.03.10 05:54:42;Buy;0.02;AUDCAD;0.89660;;;2020.03.10 10:56:28;0.89522;;;-2.03;
2020.03.10 09:54:10;Buy;0.04;AUDCAD;0.89349;;;2020.03.10 10:56:25;0.89517;;;4.92;
2020.03.10 09:00:07;Buy;0.01;GBPUSD;1.30281;;;2020.03.10 10:41:42;1.30532;;;2.51;
2020.03.10 04:00:12;Sell;0.02;AUDNZD;1.04255;;;2020.03.10 04:46:06;1.03924;;;4.19;
2020.03.09 16:00:08;Sell;0.01;AUDNZD;1.04021;;;2020.03.10 04:46:04;1.03924;;-0.07;0.62;
2020.03.09 17:40:05;Buy;0.01;AUDNZD;1.03749;;;2020.03.10 04:00:11;1.04255;;-0.08;3.20;
2020.03.09 18:00:25;Buy;0.02;AUDNZD;1.03801;;;2020.03.10 03:00:47;1.04146;;-0.16;4.37;
2020.03.09 05:06:10;Buy;0.01;AUDNZD;1.04013;;;2020.03.10 03:00:45;1.04152;;-0.08;0.88;
2020.03.09 12:00:04;Sell;0.02;NZDCAD;0.86023;;;2020.03.09 21:00:14;0.86570;;;-8.05;
2020.03.09 18:00:22;Sell;0.08;NZDCAD;0.87047;;;2020.03.09 21:00:12;0.86569;;;28.11;
2020.03.09 15:00:18;Sell;0.04;NZDCAD;0.86676;;;2020.03.09 21:00:10;0.86568;;;3.17;
2020.03.09 11:00:09;Sell;0.01;NZDCAD;0.85556;;;2020.03.09 21:00:09;0.86563;;;-7.41;
2020.03.09 18:00:21;Sell;0.09;AUDCAD;0.90340;;;2020.03.09 19:31:09;0.89982;;;23.72;
2020.03.09 17:50:08;Sell;0.02;AUDCAD;0.90233;;;2020.03.09 19:31:06;0.89973;;;3.82;
2020.03.09 14:00:07;Sell;0.06;AUDCAD;0.89961;;;2020.03.09 19:30:26;0.90010;;;-2.16;
2020.03.09 12:00:07;Sell;0.03;AUDCAD;0.89651;;;2020.03.09 19:29:38;0.89923;;;-6.01;
2020.03.09 18:00:23;Sell;0.02;NZDCAD;0.87045;;;2020.03.09 19:02:50;0.86659;;;5.71;
2020.03.09 17:00:52;Buy;0.02;NZDCAD;0.86332;;;2020.03.09 17:24:03;0.86718;;;5.70;
2020.03.09 15:00:20;Sell;0.04;NZDCAD;0.86669;;;2020.03.09 16:53:10;0.86234;;;12.80;
2020.03.09 12:00:11;Sell;0.02;NZDCAD;0.86000;;;2020.03.09 16:53:06;0.86234;;;-3.45;
2020.03.09 14:10:07;Sell;0.04;AUDCAD;0.90078;;;2020.03.09 16:40:09;0.89831;;;7.26;
2020.03.09 12:00:09;Sell;0.02;AUDCAD;0.89652;;;2020.03.09 16:40:06;0.89831;;;-2.63;
2020.03.09 09:00:03;Sell;0.02;AUDNZD;1.04344;;;2020.03.09 15:07:00;1.04025;;;4.05;
2020.03.09 05:00:09;Sell;0.01;AUDNZD;1.04059;;;2020.03.09 15:06:59;1.04026;;;0.21;
2020.03.06 11:35:04;Sell;0.05;GBPUSD;1.29942;;;2020.03.09 13:27:06;1.30922;;-0.15;-49.00;
2020.03.05 11:50:04;Sell;0.02;GBPUSD;1.29144;;;2020.03.09 13:27:05;1.30923;;-0.11;-35.58;
2020.03.09 10:25:09;Sell;0.27;GBPUSD;1.31783;;;2020.03.09 13:26:58;1.30908;;;236.25;
2020.03.06 17:05:13;Sell;0.08;GBPUSD;1.30426;;;2020.03.09 13:26:57;1.30911;;-0.24;-38.80;
2020.03.05 22:20:09;Sell;0.03;GBPUSD;1.29568;;;2020.03.09 13:26:55;1.30902;;-0.17;-40.02;
2020.03.05 02:35:06;Sell;0.01;GBPUSD;1.28733;;;2020.03.09 13:26:53;1.30902;;-0.06;-21.69;
2020.03.09 10:15:05;Sell;0.18;GBPUSD;1.31345;;;2020.03.09 13:26:45;1.30881;;;83.52;
2020.03.09 01:05:03;Sell;0.12;GBPUSD;1.30869;;;2020.03.09 13:26:43;1.30882;;;-1.56;
2020.03.09 07:15:30;Buy;0.02;NZDCAD;0.85449;;;2020.03.09 10:17:11;0.85655;;;3.02;
2020.03.09 07:16:33;Buy;0.02;AUDCAD;0.89146;;;2020.03.09 10:16:53;0.89429;;;4.14;
2020.03.09 05:00:06;Sell;0.02;EURGBP;0.87367;;;2020.03.09 10:02:05;0.87025;;;8.97;
2020.03.06 11:00:06;Sell;0.01;EURGBP;0.86893;;;2020.03.09 10:02:03;0.87032;;-0.13;-1.82;
2020.03.09 06:00:07;Sell;0.02;NZDCAD;0.85646;;;2020.03.09 07:16:35;0.85479;;;2.44;
2020.03.09 05:05:04;Sell;0.02;AUDCAD;0.88793;;;2020.03.09 07:16:30;0.89146;;;-5.17;
2020.03.09 06:00:05;Sell;0.01;NZDCAD;0.85645;;;2020.03.09 07:16:27;0.85479;;;1.21;
2020.03.09 05:38:31;Buy;0.01;AUDNZD;1.04076;;;2020.03.09 05:55:11;1.04360;;;1.78;
2020.03.09 05:00:13;Buy;0.02;NZDCAD;0.85086;;;2020.03.09 05:02:35;0.85516;;;6.30;
2020.03.09 00:00:23;Sell;0.08;NZDCAD;0.85532;;;2020.03.09 05:01:36;0.85171;;;21.10;
2020.03.06 11:00:07;Sell;0.04;NZDCAD;0.85129;;;2020.03.09 05:01:26;0.85250;;-0.26;-3.53;
2020.03.05 12:00:08;Sell;0.02;NZDCAD;0.84737;;;2020.03.09 05:01:15;0.85289;;-0.26;-8.07;
2020.03.04 18:00:09;Sell;0.01;NZDCAD;0.84231;;;2020.03.09 05:00:51;0.85251;;-0.33;-7.45;
2020.03.09 02:00:03;Sell;0.16;NZDCAD;0.86109;;;2020.03.09 05:00:11;0.85087;;;119.36;
2020.03.09 04:50:59;Buy;0.01;AUDNZD;1.05104;;;2020.03.09 04:55:13;1.04409;;;-4.28;
2020.03.06 08:00:05;Buy;0.02;AUDNZD;1.04478;;;2020.03.09 04:50:47;1.04835;;-0.17;4.33;
2020.03.03 12:00:04;Buy;0.01;AUDNZD;1.04716;;;2020.03.09 04:50:45;1.04747;;-0.49;0.18;
2020.03.05 13:00:04;Sell;0.01;AUDNZD;1.04727;;;2020.03.09 04:46:42;1.04073;;-0.14;4.11;
2020.03.09 01:15:04;Sell;0.36;AUDCAD;0.89839;;;2020.03.09 04:45:43;0.89273;;;149.22;
2020.03.09 00:00:20;Sell;0.24;AUDCAD;0.89449;;;2020.03.09 04:45:24;0.89313;;;23.91;
2020.03.04 17:10:05;Sell;0.10;AUDCAD;0.88612;;;2020.03.09 04:45:13;0.89353;;-2.93;-54.29;
2020.03.06 11:45:03;Sell;0.16;AUDCAD;0.88967;;;2020.03.09 04:44:48;0.89464;;-0.98;-58.26;
2020.03.03 17:05:07;Sell;0.06;AUDCAD;0.88218;;;2020.03.09 04:44:46;0.89462;;-2.10;-54.68;
2020.03.03 15:05:07;Sell;0.04;AUDCAD;0.87849;;;2020.03.09 04:44:25;0.89523;;-1.40;-49.07;
2020.03.09 02:00:04;Sell;0.32;NZDCAD;0.86109;;;2020.03.09 04:43:30;0.85669;;;103.20;
2020.03.09 00:00:26;Sell;0.16;NZDCAD;0.85532;;;2020.03.09 04:43:28;0.85677;;;-17.00;
2020.03.06 10:00:07;Sell;0.08;NZDCAD;0.84977;;;2020.03.09 04:43:26;0.85654;;-0.53;-39.69;
2020.03.05 11:00:07;Sell;0.04;NZDCAD;0.84551;;;2020.03.09 04:43:15;0.85653;;-0.52;-32.31;
2020.03.04 13:14:14;Sell;0.02;NZDCAD;0.84112;;;2020.03.09 04:43:05;0.85605;;-0.63;-21.88;
2020.03.03 09:30:05;Sell;0.02;AUDCAD;0.87459;;;2020.03.09 04:42:58;0.89096;;-0.69;-23.98;
2020.03.09 03:00:05;Sell;0.36;AUDCAD;0.90078;;;2020.03.09 04:36:56;0.89531;;;144.56;
2020.03.05 02:00:08;Sell;0.15;AUDCAD;0.88683;;;2020.03.09 04:36:55;0.89524;;-1.83;-92.61;
2020.03.03 18:00:11;Sell;0.09;AUDCAD;0.88296;;;2020.03.09 04:36:53;0.89520;;-3.15;-80.86;
2020.03.03 17:00:07;Sell;0.06;AUDCAD;0.87948;;;2020.03.09 04:36:51;0.89535;;-2.10;-69.90;
2020.03.03 13:00:08;Sell;0.03;AUDCAD;0.87656;;;2020.03.09 04:36:47;0.89557;;-1.05;-41.87;
2020.03.09 00:00:21;Sell;0.24;AUDCAD;0.89456;;;2020.03.09 04:36:39;0.89541;;;-14.98;
2020.03.04 05:55:08;Sell;0.02;AUDNZD;1.05182;;;2020.03.05 13:25:06;1.04686;;-0.41;6.27;
2020.03.03 16:35:08;Sell;0.01;AUDNZD;1.04874;;;2020.03.05 13:25:04;1.04685;;-0.27;1.19;
2020.03.03 06:00:05;Sell;0.02;AUDNZD;1.04488;;;2020.03.05 12:01:23;1.04859;;-0.55;-4.69;
2020.03.03 14:00:04;Sell;0.03;AUDNZD;1.04753;;;2020.03.05 12:01:21;1.04857;;-0.82;-1.97;
2020.03.03 04:00:10;Sell;0.01;AUDNZD;1.04142;;;2020.03.05 12:01:20;1.04857;;-0.27;-4.52;
2020.03.04 06:00:05;Sell;0.08;AUDNZD;1.05200;;;2020.03.05 12:01:19;1.04857;;-1.63;17.36;
2020.03.03 20:00:07;Sell;0.05;AUDNZD;1.04952;;;2020.03.05 12:01:17;1.04857;;-1.36;3.00;
2020.02.28 18:14:42;Sell;0.12;EURGBP;0.85966;;;2020.03.05 08:49:14;0.86402;;-9.05;-67.43;
2020.02.27 10:00:08;Sell;0.02;EURGBP;0.84526;;;2020.03.05 08:49:13;0.86395;;-1.75;-48.18;
2020.03.02 11:00:05;Sell;0.27;EURGBP;0.86709;;;2020.03.05 08:49:11;0.86396;;-17.09;108.93;
2020.02.27 18:00:06;Sell;0.05;EURGBP;0.85329;;;2020.03.05 08:49:09;0.86394;;-4.37;-68.63;
2020.02.26 13:00:04;Sell;0.01;EURGBP;0.84173;;;2020.03.05 08:49:08;0.86394;;-1.22;-28.62;
2020.03.02 14:00:07;Sell;0.41;EURGBP;0.86963;;;2020.03.05 08:49:07;0.86396;;-25.94;299.64;
2020.03.02 00:00:24;Sell;0.18;EURGBP;0.86380;;;2020.03.05 08:49:05;0.86399;;-11.39;-4.41;
2020.02.28 11:00:07;Sell;0.08;EURGBP;0.85661;;;2020.03.05 08:49:03;0.86399;;-6.03;-76.09;
2020.02.27 13:00:08;Sell;0.03;EURGBP;0.84988;;;2020.03.05 08:49:01;0.86393;;-2.61;-54.32;
2020.03.02 18:00:05;Sell;0.62;EURGBP;0.87323;;;2020.03.05 08:48:55;0.86405;;-39.23;733.54;
2020.03.03 18:00:07;Sell;0.02;NZDCAD;0.84221;;;2020.03.04 06:23:56;0.83817;;-0.12;6.05;
2020.03.03 06:00:06;Sell;0.01;NZDCAD;0.83536;;;2020.03.04 06:00:11;0.83874;;-0.06;-2.53;
2020.03.03 18:00:09;Sell;0.02;NZDCAD;0.84214;;;2020.03.04 06:00:06;0.83874;;-0.12;5.09;
2020.03.03 18:10:08;Sell;0.01;GBPUSD;1.28348;;;2020.03.03 18:20:10;1.28095;;;2.53;
2020.03.02 00:24:05;Buy;0.02;NZDCAD;0.83544;;;2020.03.03 16:32:59;0.83941;;-0.18;5.93;
2020.03.02 14:00:08;Buy;0.02;AUDNZD;1.04325;;;2020.03.03 11:12:30;1.04677;;-0.16;4.40;
2020.03.02 02:00:05;Buy;0.01;AUDNZD;1.04613;;;2020.03.03 11:12:28;1.04687;;-0.08;0.46;
2020.03.03 04:00:08;Buy;0.03;AUDCAD;0.86964;;;2020.03.03 05:30:37;0.87306;;;7.70;
2020.03.02 14:00:05;Sell;0.01;AUDNZD;1.04308;;;2020.03.03 03:31:22;1.04262;;-0.07;0.29;
2020.03.03 01:00:09;Sell;0.03;AUDNZD;1.04537;;;2020.03.03 03:31:16;1.04290;;;4.63;
2020.03.03 00:35:15;Buy;0.01;GBPUSD;1.27473;;;2020.03.03 02:54:48;1.27727;;;2.54;
2020.03.02 13:00:09;Sell;0.01;NZDCAD;0.83674;;;2020.03.02 23:00:12;0.83255;;-0.06;3.15;
2020.03.02 10:05:04;Sell;0.02;AUDCAD;0.87338;;;2020.03.02 18:29:06;0.87064;;;4.11;
2020.03.02 16:00:05;Sell;0.03;AUDCAD;0.87524;;;2020.03.02 18:11:35;0.87245;;;6.26;
2020.03.02 05:00:04;Sell;0.02;AUDNZD;1.04710;;;2020.03.02 13:16:09;1.04368;;;4.29;
2020.02.20 04:00:08;Sell;0.01;AUDNZD;1.04460;;;2020.03.02 13:16:08;1.04368;;-0.63;0.57;
2020.03.02 01:15:05;Sell;0.02;AUDCAD;0.87248;;;2020.03.02 07:14:59;0.86998;;;3.74;
2020.02.28 18:14:34;Buy;0.02;AUDNZD;1.04262;;;2020.03.02 01:00:25;1.04296;;-0.16;0.42;
2020.02.28 03:00:08;Buy;0.01;AUDNZD;1.04336;;;2020.03.02 01:00:23;1.04302;;-0.08;-0.22;
2020.02.28 21:35:03;Sell;0.02;AUDCAD;0.87285;;;2020.03.02 00:53:32;0.87044;;-0.11;3.59;
2020.02.28 20:00:07;Sell;0.01;NZDCAD;0.83682;;;2020.03.02 00:24:02;0.83544;;-0.06;1.03;
2020.02.28 17:45:09;Buy;0.02;GBPUSD;1.28110;;;2020.02.28 22:10:48;1.28093;;;-0.34;
2020.02.28 15:55:04;Buy;0.01;GBPUSD;1.28540;;;2020.02.28 22:10:44;1.28107;;;-4.33;
2020.02.28 18:20:06;Buy;0.03;GBPUSD;1.27645;;;2020.02.28 22:10:38;1.28099;;;13.62;
2020.02.28 18:14:36;Buy;0.04;NZDCAD;0.83416;;;2020.02.28 21:37:20;0.83829;;;12.31;
2020.02.28 04:00:03;Buy;0.02;NZDCAD;0.84236;;;2020.02.28 21:37:15;0.83855;;;-5.68;
2020.02.28 18:14:38;Buy;0.06;AUDCAD;0.86947;;;2020.02.28 18:23:09;0.87062;;;5.14;
2020.02.28 17:50:13;Buy;0.04;AUDCAD;0.87066;;;2020.02.28 18:23:02;0.87089;;;0.69;
2020.02.28 13:00:05;Buy;0.02;AUDCAD;0.87581;;;2020.02.28 18:23:00;0.87093;;;-7.28;
2020.02.27 11:00:04;Sell;0.01;NZDCAD;0.84264;;;2020.02.28 18:14:40;0.83416;;-0.06;6.33;
2020.02.27 22:00:08;Sell;0.03;AUDCAD;0.87985;;;2020.02.28 07:21:00;0.87686;;-0.17;6.67;
2020.02.28 02:05:05;Sell;0.04;AUDCAD;0.88148;;;2020.02.28 05:13:05;0.87873;;;8.19;
2020.02.27 14:50:04;Sell;0.02;AUDCAD;0.87773;;;2020.02.28 05:13:03;0.87883;;-0.11;-1.64;
2020.02.26 08:00:04;Buy;0.02;AUDNZD;1.04306;;;2020.02.28 02:51:58;1.04364;;-0.64;0.73;
2020.02.26 22:00:05;Buy;0.03;AUDNZD;1.04041;;;2020.02.28 02:51:57;1.04366;;-0.96;6.15;
2020.02.26 05:00:09;Buy;0.01;AUDNZD;1.04532;;;2020.02.28 02:51:55;1.04366;;-0.32;-1.05;
2020.02.19 17:00:05;Buy;0.06;AUDCAD;0.88351;;;2020.02.27 21:19:18;0.88012;;-5.81;-15.22;
2020.02.21 05:00:05;Buy;0.15;AUDCAD;0.87538;;;2020.02.27 21:19:16;0.88011;;-8.67;53.09;
2020.02.20 04:00:06;Buy;0.09;AUDCAD;0.87938;;;2020.02.27 21:19:14;0.88008;;-6.07;4.71;
2020.02.18 03:00:05;Buy;0.03;AUDCAD;0.88619;;;2020.02.27 21:19:12;0.88009;;-3.19;-13.70;
2020.02.26 13:05:05;Buy;0.01;GBPUSD;1.29278;;;2020.02.27 15:20:06;1.29150;;-0.21;-1.28;
2020.02.27 12:05:07;Buy;0.02;GBPUSD;1.28915;;;2020.02.27 15:20:03;1.29163;;;4.96;
2020.02.25 12:00:10;Buy;0.02;NZDCAD;0.84102;;;2020.02.27 15:19:07;0.84506;;-0.71;6.05;
2020.02.26 18:00:04;Buy;0.04;AUDCAD;0.87208;;;2020.02.27 04:21:18;0.87462;;-1.15;7.62;
2020.02.25 15:30:03;Buy;0.02;AUDCAD;0.87572;;;2020.02.27 04:21:16;0.87462;;-0.77;-1.65;
2020.02.25 18:00:05;Sell;0.01;GBPUSD;1.30150;;;2020.02.26 06:03:50;1.29910;;-0.01;2.40;
2020.02.24 18:00:07;Buy;0.03;AUDNZD;1.04221;;;2020.02.26 04:16:54;1.04545;;-0.48;6.14;
2020.02.20 04:00:10;Buy;0.02;AUDNZD;1.04500;;;2020.02.26 04:16:52;1.04545;;-0.64;0.57;
2020.02.18 17:00:07;Buy;0.01;AUDNZD;1.04689;;;2020.02.26 04:16:51;1.04545;;-0.65;-0.91;
2020.02.25 05:00:06;Sell;0.01;NZDCAD;0.84407;;;2020.02.25 15:00:05;0.83902;;;3.80;
2020.02.20 15:00:07;Buy;0.16;NZDCAD;0.83959;;;2020.02.25 04:41:48;0.84412;;-4.26;54.57;
2020.02.19 19:00:05;Buy;0.08;NZDCAD;0.84422;;;2020.02.25 04:41:47;0.84414;;-4.27;-0.49;
2020.02.18 12:00:08;Buy;0.04;NZDCAD;0.84890;;;2020.02.25 04:41:45;0.84414;;-2.49;-14.33;
2020.02.14 04:00:04;Buy;0.02;NZDCAD;0.85372;;;2020.02.25 04:41:43;0.84412;;-1.62;-14.46;
2020.02.20 03:25:07;Buy;0.06;AUDCAD;0.88172;;;2020.02.25 02:05:12;0.87892;;-1.74;-12.64;
2020.02.19 13:40:05;Buy;0.04;AUDCAD;0.88541;;;2020.02.25 02:05:10;0.87898;;-2.34;-19.35;
2020.02.14 13:55:06;Buy;0.02;AUDCAD;0.88914;;;2020.02.25 02:05:08;0.87898;;-1.76;-15.29;
2020.02.21 08:25:09;Buy;0.16;AUDCAD;0.87412;;;2020.02.25 02:05:06;0.87892;;-3.10;57.78;
2020.02.20 15:25:06;Buy;0.10;AUDCAD;0.87783;;;2020.02.25 02:05:05;0.87894;;-2.91;8.35;
2020.02.13 02:00:05;Buy;0.01;NZDCAD;0.85467;;;2020.02.24 14:00:16;0.84031;;-0.81;-10.81;
2020.02.21 08:00:10;Buy;0.32;NZDCAD;0.83618;;;2020.02.24 14:00:14;0.84029;;-2.85;98.99;
2020.02.20 15:00:09;Buy;0.16;NZDCAD;0.83959;;;2020.02.24 14:00:12;0.84030;;-2.84;8.55;
2020.02.19 20:00:07;Buy;0.08;NZDCAD;0.84345;;;2020.02.24 14:00:10;0.84031;;-3.56;-18.91;
2020.02.18 13:00:07;Buy;0.04;NZDCAD;0.84780;;;2020.02.24 14:00:08;0.84031;;-2.14;-22.55;
2020.02.14 14:00:06;Buy;0.02;NZDCAD;0.85102;;;2020.02.24 14:00:07;0.84035;;-1.44;-16.07;
2020.02.21 17:30:09;Sell;0.01;GBPUSD;1.29632;;;2020.02.24 04:59:35;1.29416;;-0.01;2.16;
2020.02.19 16:35:07;Buy;0.01;GBPUSD;1.29519;;;2020.02.21 10:20:33;1.29032;;-0.29;-4.87;
2020.02.20 13:20:09;Buy;0.03;GBPUSD;1.28542;;;2020.02.21 10:20:31;1.29029;;-0.22;14.61;
2020.02.19 21:10:08;Buy;0.02;GBPUSD;1.29109;;;2020.02.21 10:20:30;1.29030;;-0.58;-1.58;
2020.02.20 16:00:06;Sell;0.01;EURGBP;0.84012;;;2020.02.21 04:12:39;0.83696;;-0.12;4.07;
2020.02.18 20:00:06;Sell;0.03;AUDNZD;1.04736;;;2020.02.20 03:19:05;1.04420;;-0.87;6.07;
2020.02.18 13:00:09;Sell;0.02;AUDNZD;1.04481;;;2020.02.20 03:19:03;1.04419;;-0.57;0.80;
2020.02.18 01:00:06;Sell;0.01;AUDNZD;1.04222;;;2020.02.20 03:19:01;1.04419;;-0.29;-1.26;
2020.02.13 15:00:07;Buy;0.05;EURGBP;0.83375;;;2020.02.19 20:59:58;0.83583;;-2.56;13.43;
2020.02.12 18:00:20;Buy;0.02;EURGBP;0.83979;;;2020.02.19 20:59:56;0.83586;;-1.81;-10.15;
2020.02.13 18:00:05;Buy;0.08;EURGBP;0.83109;;;2020.02.19 20:59:55;0.83582;;-4.11;48.88;
2020.02.13 14:00:09;Buy;0.03;EURGBP;0.83632;;;2020.02.19 20:59:54;0.83586;;-1.55;-1.78;
2020.02.11 16:00:12;Buy;0.01;EURGBP;0.84287;;;2020.02.19 20:59:52;0.83586;;-1.04;-9.05;
2020.02.17 08:00:16;Buy;0.01;AUDNZD;1.04646;;;2020.02.18 16:50:13;1.04686;;-0.08;0.25;
2020.02.17 18:00:05;Buy;0.02;AUDNZD;1.04330;;;2020.02.18 16:50:09;1.04686;;-0.17;4.55;
2020.02.17 07:00:08;Sell;0.03;AUDNZD;1.04566;;;2020.02.18 00:58:10;1.04274;;-0.21;5.64;
2020.02.13 14:00:07;Sell;0.02;AUDNZD;1.04332;;;2020.02.18 00:58:08;1.04274;;-0.42;0.75;
2020.02.12 04:00:21;Sell;0.01;AUDNZD;1.04125;;;2020.02.18 00:58:06;1.04274;;-0.43;-0.96;
2020.02.17 00:56:52;Buy;0.02;AUDNZD;1.04335;;;2020.02.17 07:49:38;1.04604;;;3.46;
2020.02.14 10:00:05;Buy;0.01;AUDNZD;1.04507;;;2020.02.17 07:49:36;1.04604;;-0.08;0.62;
2020.02.12 04:00:20;Buy;0.02;AUDNZD;1.04167;;;2020.02.14 09:48:56;1.04527;;-0.67;4.64;
2020.02.10 05:00:06;Buy;0.01;AUDNZD;1.04518;;;2020.02.14 09:48:55;1.04527;;-0.49;0.06;
2020.02.13 14:40:06;Sell;0.01;GBPUSD;1.30422;;;2020.02.13 16:08:04;1.30159;;;2.63;
2020.02.12 04:00:08;Sell;0.02;NZDCAD;0.85828;;;2020.02.13 01:49:25;0.85363;;-0.37;7.01;
2020.02.11 16:35:23;Sell;0.02;AUDCAD;0.89344;;;2020.02.13 01:48:34;0.89051;;-0.47;4.42;
2020.02.12 13:55:09;Sell;0.01;GBPUSD;1.29872;;;2020.02.12 16:01:41;1.29626;;;2.46;
2020.02.07 19:00:14;Buy;0.02;NZDCAD;0.85233;;;2020.02.12 04:00:14;0.85834;;-0.54;9.05;
2020.02.07 10:00:12;Buy;0.01;NZDCAD;0.85648;;;2020.02.12 04:00:12;0.85828;;-0.27;1.36;
2020.02.11 02:25:06;Sell;0.02;AUDNZD;1.04765;;;2020.02.12 03:05:15;1.04261;;-0.14;6.51;
2020.02.10 04:25:04;Sell;0.01;AUDNZD;1.04457;;;2020.02.12 03:05:10;1.04254;;-0.14;1.32;
2020.02.11 00:05:09;Buy;0.04;NZDCAD;0.85044;;;2020.02.12 03:01:42;0.85630;;-0.36;17.63;
2020.02.07 18:00:51;Sell;0.02;AUDNZD;1.04301;;;2020.02.12 03:01:30;1.04442;;-0.42;-1.82;
2020.02.11 03:00:08;Sell;0.05;AUDNZD;1.04871;;;2020.02.12 03:01:23;1.04437;;-0.36;13.98;
2020.02.10 06:00:06;Sell;0.03;AUDNZD;1.04561;;;2020.02.12 03:01:20;1.04450;;-0.42;2.15;
2020.02.07 12:00:05;Buy;0.02;NZDCAD;0.85428;;;2020.02.12 03:01:18;0.85566;;-0.54;2.08;
2020.02.07 05:00:07;Sell;0.01;AUDNZD;1.04021;;;2020.02.12 03:01:15;1.04525;;-0.21;-3.24;
2020.02.07 19:10:06;Buy;0.02;GBPUSD;1.28953;;;2020.02.10 12:40:48;1.29263;;-0.15;6.20;
2020.02.06 17:30:21;Buy;0.01;GBPUSD;1.29400;;;2020.02.10 12:40:47;1.29265;;-0.14;-1.35;
2020.02.04 06:00:08;Buy;0.01;AUDNZD;1.03910;;;2020.02.10 04:41:05;1.04526;;-0.49;3.95;
2020.02.10 00:13:10;Buy;0.04;AUDCAD;0.88787;;;2020.02.10 04:05:29;0.89002;;;6.47;
2020.02.07 11:30:09;Buy;0.02;AUDCAD;0.89055;;;2020.02.10 04:05:27;0.88995;;-0.20;-0.90;
2020.02.06 22:00:09;Sell;0.01;EURGBP;0.84930;;;2020.02.07 12:20:29;0.84624;;-0.12;3.96;
2020.02.04 20:00:05;Sell;0.02;NZDCAD;0.86095;;;2020.02.07 09:29:49;0.85693;;-0.64;6.05;
2020.02.06 11:00:10;Sell;0.08;AUDNZD;1.04443;;;2020.02.07 04:01:13;1.04069;;-0.57;19.32;
2020.01.31 00:00:17;Sell;0.02;AUDNZD;1.03551;;;2020.02.07 04:01:11;1.04066;;-0.99;-6.65;
2020.02.05 12:00:09;Sell;0.05;AUDNZD;1.04206;;;2020.02.07 04:01:09;1.04050;;-1.44;5.03;
2020.02.04 06:00:09;Sell;0.03;AUDNZD;1.03868;;;2020.02.07 04:01:07;1.04043;;-1.08;-3.39;
2020.01.29 21:00:14;Sell;0.01;AUDNZD;1.03344;;;2020.02.07 04:01:05;1.04054;;-0.78;-4.58;
2020.02.05 10:25:10;Sell;0.04;AUDCAD;0.89646;;;2020.02.06 23:29:25;0.89407;;-0.94;7.19;
2020.02.04 05:40:11;Sell;0.02;AUDCAD;0.89300;;;2020.02.06 23:29:23;0.89406;;-0.59;-1.59;
2020.02.05 12:00:12;Buy;0.02;EURGBP;0.84402;;;2020.02.05 15:48:12;0.84687;;;7.40;
2020.02.04 20:00:06;Buy;0.01;EURGBP;0.84703;;;2020.02.05 15:48:10;0.84693;;-0.13;-0.13;
2020.02.04 01:31:20;Sell;0.02;EURGBP;0.85090;;;2020.02.04 11:36:17;0.85056;;;0.89;
2020.02.04 01:31:03;Sell;0.01;EURGBP;0.85090;;;2020.02.04 11:36:13;0.85054;;;0.46;
2020.02.04 10:00:16;Sell;0.03;EURGBP;0.85326;;;2020.02.04 11:36:12;0.85055;;;10.57;
2020.01.29 13:00:10;Buy;0.02;NZDCAD;0.85944;;;2020.02.04 09:00:15;0.85999;;-1.08;0.83;
2020.01.31 06:00:08;Buy;0.04;NZDCAD;0.85579;;;2020.02.04 09:00:11;0.86000;;-0.72;12.67;
2020.01.27 18:00:47;Buy;0.01;NZDCAD;0.86313;;;2020.02.04 09:00:09;0.85996;;-0.72;-2.38;
2020.02.04 01:23:04;Buy;0.02;GBPUSD;1.29945;;;2020.02.04 06:29:12;1.30077;;;2.64;
2020.02.04 01:23:28;Buy;0.03;GBPUSD;1.29945;;;2020.02.04 06:29:11;1.30077;;;3.96;
2020.02.04 01:22:43;Buy;0.01;GBPUSD;1.29945;;;2020.02.04 06:29:09;1.30077;;;1.32;
2020.01.24 20:50:08;Buy;0.01;AUDNZD;1.03252;;;2020.02.04 05:35:18;1.03840;;-0.73;3.80;
2020.01.29 05:00:15;Buy;0.01;AUDNZD;1.03619;;;2020.02.04 05:31:25;1.03746;;-0.49;0.82;
2020.01.30 17:00:08;Buy;0.09;AUDCAD;0.88658;;;2020.02.04 05:31:22;0.89128;;-2.67;31.82;
2020.01.29 18:00:08;Buy;0.02;AUDNZD;1.03409;;;2020.02.04 05:31:20;1.03745;;-1.02;4.35;
2020.01.28 03:00:10;Buy;0.06;AUDCAD;0.89024;;;2020.02.04 05:31:17;0.89126;;-4.16;4.60;
2020.01.27 13:00:06;Buy;0.03;AUDCAD;0.89301;;;2020.02.04 05:31:14;0.89108;;-2.39;-4.36;
2020.01.30 17:55:07;Buy;0.10;AUDCAD;0.88626;;;2020.02.04 05:30:43;0.89018;;-2.97;29.48;
2020.01.28 16:50:10;Buy;0.06;AUDCAD;0.88985;;;2020.02.04 05:30:40;0.89020;;-4.16;1.58;
2020.01.27 11:35:12;Buy;0.04;AUDCAD;0.89349;;;2020.02.04 05:30:37;0.89014;;-3.17;-10.08;
2020.01.24 17:20:10;Buy;0.02;AUDCAD;0.89708;;;2020.02.04 05:30:34;0.89016;;-1.80;-10.41;
2020.01.31 11:00:11;Buy;0.08;NZDCAD;0.85500;;;2020.02.03 18:43:40;0.85917;;-0.71;25.09;
2020.01.29 13:00:11;Buy;0.04;NZDCAD;0.85944;;;2020.02.03 18:43:39;0.85912;;-1.80;-0.97;
2020.01.27 16:00:09;Buy;0.02;NZDCAD;0.86432;;;2020.02.03 18:43:37;0.85916;;-1.26;-7.76;
2020.01.29 06:00:08;Sell;0.02;AUDNZD;1.03667;;;2020.01.29 21:00:18;1.03390;;;3.62;
2020.01.24 00:00:16;Sell;0.01;AUDNZD;1.03433;;;2020.01.29 21:00:08;1.03387;;-0.21;0.30;
2020.01.23 16:00:14;Buy;0.02;AUDNZD;1.03978;;;2020.01.29 04:46:58;1.03586;;-0.68;-5.11;
2020.01.23 19:00:21;Buy;0.03;AUDNZD;1.03771;;;2020.01.29 04:46:56;1.03586;;-1.00;-3.62;
2020.01.23 03:00:16;Buy;0.01;AUDNZD;1.04228;;;2020.01.29 04:46:54;1.03586;;-0.32;-4.19;
2020.01.24 21:00:08;Buy;0.08;AUDNZD;1.03248;;;2020.01.29 04:46:52;1.03586;;-2.03;17.65;
2020.01.24 00:00:19;Buy;0.05;AUDNZD;1.03487;;;2020.01.29 04:46:50;1.03586;;-1.26;3.23;
2020.01.22 14:00:05;Buy;0.02;EURGBP;0.84606;;;2020.01.28 10:49:09;0.84675;;-1.56;1.79;
2020.01.22 18:00:50;Buy;0.03;EURGBP;0.84280;;;2020.01.28 10:49:08;0.84676;;-2.32;15.45;
2020.01.21 18:00:06;Buy;0.01;EURGBP;0.84998;;;2020.01.28 10:49:06;0.84680;;-0.91;-4.14;
2020.01.27 04:40:11;Buy;0.02;GBPUSD;1.30557;;;2020.01.27 10:00:29;1.30829;;;5.44;
2020.01.24 12:00:14;Buy;0.01;GBPUSD;1.30947;;;2020.01.27 10:00:27;1.30836;;-0.08;-1.11;
2020.01.24 11:00:20;Sell;0.02;NZDCAD;0.86966;;;2020.01.27 01:54:55;0.86568;;-0.13;6.05;
2020.01.22 14:50:06;Sell;0.01;GBPUSD;1.31219;;;2020.01.24 11:31:53;1.31350;;-0.03;-1.31;
2020.01.16 06:00:05;Sell;0.01;AUDNZD;1.04118;;;2020.01.23 23:45:13;1.03533;;-0.57;3.87;
2020.01.23 04:00:09;Sell;0.03;AUDCAD;0.90372;;;2020.01.23 17:54:18;0.90043;;;7.51;
2020.01.23 02:35:04;Sell;0.02;AUDCAD;0.90326;;;2020.01.23 17:50:16;0.90067;;;3.94;
2020.01.17 15:00:08;Buy;0.02;NZDCAD;0.86410;;;2020.01.23 04:53:09;0.86802;;-1.09;5.96;
2020.01.20 13:00:06;Buy;0.01;NZDCAD;0.86308;;;2020.01.23 03:00:18;0.86717;;-0.46;3.11;
2020.01.16 04:00:06;Buy;0.02;AUDNZD;1.04166;;;2020.01.23 02:31:20;1.04084;;-1.19;-1.08;
2020.01.16 18:00:23;Buy;0.03;AUDNZD;1.03885;;;2020.01.23 02:31:17;1.04084;;-1.81;3.94;
2020.01.15 19:00:04;Buy;0.01;AUDNZD;1.04432;;;2020.01.23 02:31:15;1.04076;;-0.88;-2.35;
2020.01.20 14:10:16;Buy;0.02;AUDCAD;0.89682;;;2020.01.22 21:20:52;0.89942;;-0.40;3.95;
2020.01.21 15:25:10;Sell;0.01;GBPUSD;1.30768;;;2020.01.21 17:19:46;1.30514;;;2.54;
2020.01.20 00:03:38;Buy;0.02;GBPUSD;1.30051;;;2020.01.21 11:32:40;1.30344;;-0.15;5.86;
2020.01.17 12:30:05;Buy;0.01;GBPUSD;1.30444;;;2020.01.21 11:32:38;1.30327;;-0.16;-1.17;
2020.01.17 11:20:07;Sell;0.01;GBPUSD;1.31167;;;2020.01.17 11:30:43;1.30811;;;3.56;
2020.01.14 17:40:09;Sell;0.01;AUDNZD;1.04414;;;2020.01.16 17:50:08;1.03878;;-0.29;3.56;
2020.01.16 10:35:08;Sell;0.01;GBPUSD;1.30591;;;2020.01.16 17:19:04;1.30366;;;2.25;
2020.01.14 18:00:07;Buy;0.02;NZDCAD;0.86349;;;2020.01.16 14:52:38;0.86740;;-0.74;6.00;
2020.01.15 16:00:09;Buy;0.01;NZDCAD;0.86216;;;2020.01.16 13:00:11;0.86656;;-0.28;3.38;
2020.01.09 18:58:47;Sell;0.02;AUDNZD;1.03744;;;2020.01.16 05:21:32;1.04104;;-1.04;-4.78;
2020.01.10 14:00:08;Sell;0.03;AUDNZD;1.03965;;;2020.01.16 05:21:30;1.04103;;-1.32;-2.75;
2020.01.09 18:58:40;Sell;0.01;AUDNZD;1.03745;;;2020.01.16 05:21:28;1.04103;;-0.50;-2.37;
2020.01.14 18:00:09;Sell;0.08;AUDNZD;1.04436;;;2020.01.16 05:21:26;1.04103;;-2.36;17.68;
2020.01.13 11:00:13;Sell;0.05;AUDNZD;1.04164;;;2020.01.16 05:21:24;1.04103;;-1.84;2.02;
2020.01.13 06:00:10;Buy;0.01;AUDNZD;1.03975;;;2020.01.15 18:02:03;1.04582;;-0.18;4.01;
2020.01.13 12:00:08;Sell;0.02;EURGBP;0.85683;;;2020.01.15 08:25:51;0.85387;;-0.48;7.72;
2020.01.13 05:00:08;Sell;0.01;EURGBP;0.85361;;;2020.01.15 08:25:49;0.85386;;-0.24;-0.33;
2020.01.13 11:40:07;Buy;0.01;GBPUSD;1.29800;;;2020.01.14 13:38:59;1.30019;;-0.08;2.19;
2020.01.10 22:00:08;Sell;0.04;AUDCAD;0.90210;;;2020.01.14 03:33:49;0.89988;;-0.48;6.80;
2020.01.10 08:20:09;Sell;0.02;AUDCAD;0.89855;;;2020.01.14 03:33:47;0.89984;;-0.24;-1.98;
2020.01.09 18:58:42;Buy;0.01;AUDNZD;1.03783;;;2020.01.13 05:02:44;1.04120;;-0.17;2.23;
2020.01.09 18:58:45;Buy;0.02;NZDCAD;0.86523;;;2020.01.10 22:19:24;0.86721;;-0.19;3.03;
2020.01.09 18:58:43;Sell;0.01;EURGBP;0.84976;;;2020.01.10 08:02:01;0.84883;;-0.12;1.22;
2020.01.08 12:24:45;Balance;;;;;;;;;;10 000.00;
