Time;Type;Volume;Symbol;Price;S/L;T/P;Time;Price;Commission;Swap;Profit;Comment
2026.06.01 16:29:21;Buy;0.02;EURUSDp;1.16284;;1.16800;2026.06.02 10:29:27;1.16462;-0.10;-0.14;3.06;
2026.05.28 16:10:51;Sell;0.02;EURUSDp;1.16369;;1.16000;2026.06.01 20:06:08;1.16279;-0.10;0.08;1.55;
2026.05.29 18:14:21;Sell;0.02;EURUSDp;1.16771;;1.16300;2026.05.29 19:14:06;1.16701;-0.10;;1.20;
2026.05.14 06:09:03;Buy;0.02;EURUSDp;1.17100;;1.16900;2026.05.28 17:30:05;1.16543;-0.10;-1.97;-9.56;
2026.05.22 20:09:57;Sell;0.01;EURUSDp;1.16135;;1.15900;2026.05.28 06:50:47;1.15901;-0.05;0.13;2.02;
2026.05.27 12:30:06;Sell;0.01;EURUSDp;1.16448;;1.16000;2026.05.27 17:58:42;1.16271;-0.05;;1.52;
2026.05.12 16:21:58;Buy;0.01;EURUSDp;1.17365;;1.16900;2026.05.27 15:48:15;1.16517;-0.05;-1.05;-7.28;
2026.05.25 00:12:29;Sell;0.01;EURUSDp;1.16367;;1.15900;2026.05.26 16:59:51;1.16250;-0.05;0.02;1.01;
2026.05.26 13:49:32;Sell;0.01;EURUSDp;1.16407;;1.16000;2026.05.26 16:25:39;1.16324;-0.05;;0.71;
2026.05.14 16:38:25;Buy;0.03;EURUSDp;1.16899;;1.16700;2026.05.25 14:57:33;1.16446;-0.15;-1.90;-11.67;
2026.05.21 13:32:54;Buy;0.04;EURUSDp;1.16051;;1.16700;2026.05.25 00:11:13;1.16343;-0.21;-0.56;10.04;
2026.05.22 15:13:02;Sell;0.01;EURUSDp;1.16023;;1.15800;2026.05.22 17:05:42;1.15930;-0.05;;0.80;
2026.05.21 20:48:45;Sell;0.01;EURUSDp;1.16222;;1.16000;2026.05.21 22:53:47;1.16194;-0.05;;0.24;
2026.05.21 16:47:23;Buy;0.04;EURUSDp;1.15811;;1.16500;2026.05.21 20:48:31;1.16223;-0.21;;14.18;
2026.05.21 20:17:32;Sell;0.02;EURUSDp;1.16183;;1.15900;2026.05.21 20:25:53;1.16149;-0.10;;0.59;
2026.05.19 18:40:34;Sell;0.01;EURUSDp;1.15994;;1.15700;2026.05.21 16:44:12;1.15788;-0.05;0.09;1.78;
2026.05.20 17:20:50;Sell;0.01;EURUSDp;1.16096;;1.15700;2026.05.21 13:37:55;1.16084;-0.05;0.07;0.10;
2026.05.19 12:15:02;Buy;0.04;EURUSDp;1.16175;;1.16750;2026.05.20 17:42:17;1.16157;-0.21;-0.28;-0.62;
2026.05.18 02:12:28;Sell;0.01;EURUSDp;1.16205;;1.15900;2026.05.19 12:14:27;1.16168;-0.05;0.02;0.32;
2026.05.18 14:44:51;Sell;0.01;EURUSDp;1.16490;;1.16000;2026.05.19 12:14:24;1.16170;-0.05;0.02;2.75;
2026.05.15 03:05:18;Buy;0.04;EURUSDp;1.16584;;1.17000;2026.05.18 16:37:08;1.16491;-0.21;-0.28;-3.19;
2026.05.15 14:46:40;Buy;0.07;EURUSDp;1.16322;;1.16750;2026.05.15 21:23:31;1.16225;-0.36;;-5.84;
2026.05.15 13:40:14;Sell;0.03;EURUSDp;1.16435;;1.16350;2026.05.15 14:04:23;1.16415;-0.15;;0.52;
2026.05.15 12:20:33;Buy;0.07;EURUSDp;1.16192;;1.16750;2026.05.15 13:55:51;1.16536;-0.36;;20.66;
2026.05.14 16:38:18;Buy;0.03;EURUSDp;1.16894;;1.16895;2026.05.14 16:38:18;1.16895;-0.15;;0.03;[tp]
2026.05.13 11:52:19;Buy;0.02;EURUSDp;1.17018;;1.17400;2026.05.13 23:30:37;1.17128;-0.10;;1.88;
2026.05.08 01:39:48;Sell;0.01;EURUSDp;1.17270;;1.17000;2026.05.13 12:12:31;1.17000;-0.05;0.06;2.31;[tp]
2026.05.08 10:27:11;Sell;0.01;EURUSDp;1.17432;;1.17200;2026.05.12 18:19:41;1.17272;-0.05;0.04;1.36;
2026.05.08 11:44:23;Sell;0.02;EURUSDp;1.17616;;1.17300;2026.05.12 16:21:52;1.17356;-0.10;0.08;4.43;
2026.05.12 11:10:37;Buy;0.01;EURUSDp;1.17437;;1.17750;2026.05.12 13:40:30;1.17470;-0.05;;0.28;
2026.05.11 00:05:34;Buy;0.01;EURUSDp;1.17546;;1.17830;2026.05.11 11:20:49;1.17794;-0.05;;2.11;
2026.05.06 14:57:18;Buy;0.01;EURUSDp;1.17687;;1.17900;2026.05.08 15:39:43;1.17774;-0.05;-0.28;0.74;
2026.05.06 15:13:42;Buy;0.01;EURUSDp;1.17577;;1.17900;2026.05.08 11:44:50;1.17610;-0.05;-0.28;0.28;
2026.05.08 01:01:41;Buy;0.02;EURUSDp;1.17255;;1.17600;2026.05.08 10:16:23;1.17449;-0.10;;3.30;
2026.05.07 21:07:56;Sell;0.01;EURUSDp;1.17505;;1.17300;2026.05.07 22:23:17;1.17418;-0.05;;0.74;
2026.05.07 20:36:44;Buy;0.02;EURUSDp;1.17367;;1.17700;2026.05.07 21:03:02;1.17509;-0.10;;2.42;
2026.05.06 01:57:33;Sell;0.01;EURUSDp;1.17048;;1.17350;2026.05.07 02:58:25;1.17472;-0.05;0.06;-3.61;
2026.05.05 01:02:36;Sell;0.01;EURUSDp;1.16904;;1.17350;2026.05.07 02:58:21;1.17472;-0.05;0.08;-4.84;
2026.05.06 10:30:50;Sell;0.02;EURUSDp;1.17298;;1.17400;2026.05.06 17:07:54;1.17469;-0.10;;-2.91;
2026.05.06 11:51:12;Sell;0.03;EURUSDp;1.17614;;1.17450;2026.05.06 15:13:22;1.17572;-0.15;;1.07;
2026.05.06 13:54:28;Sell;0.04;EURUSDp;1.17952;;1.17450;2026.05.06 15:05:30;1.17614;-0.20;;11.50;
2026.05.01 18:59:01;Buy;0.01;EURUSDp;1.17560;;1.17800;2026.05.06 11:51:27;1.17632;-0.05;-0.21;0.61;
2026.05.05 18:45:10;Sell;0.01;EURUSDp;1.17123;;1.16700;2026.05.05 19:21:34;1.17018;-0.05;;0.90;
2026.05.04 19:14:37;Buy;0.01;EURUSDp;1.16860;;1.17300;2026.05.04 19:25:45;1.16950;-0.05;;0.77;
2026.05.04 13:30:56;Sell;0.01;EURUSDp;1.17036;;1.16800;2026.05.04 19:14:31;1.16861;-0.05;;1.50;
2026.05.04 13:06:58;Buy;0.01;EURUSDp;1.17042;;1.17600;2026.05.04 15:30:03;1.17085;-0.05;;0.37;
2026.04.30 17:18:27;Sell;0.01;EURUSDp;1.17059;;1.16800;2026.05.04 13:17:02;1.16928;-0.05;0.04;1.12;
2026.04.30 17:55:46;Sell;0.01;EURUSDp;1.17298;;1.17100;2026.05.01 23:41:12;1.17161;-0.05;0.02;1.17;
2026.05.01 14:15:45;Sell;0.02;EURUSDp;1.17509;;1.17300;2026.05.01 19:57:54;1.17408;-0.10;;1.72;
2026.05.01 17:08:26;Sell;0.03;EURUSDp;1.17738;;1.17300;2026.05.01 18:58:52;1.17569;-0.15;;4.31;
2026.04.21 10:31:20;Buy;0.01;EURUSDp;1.17742;;1.17650;2026.05.01 15:18:50;1.17650;-0.05;-0.85;-0.78;
2026.04.30 14:03:11;Sell;0.01;EURUSDp;1.17187;;1.16800;2026.04.30 15:00:34;1.17043;-0.05;;1.23;
2026.04.29 16:27:18;Buy;0.01;EURUSDp;1.16902;;1.17400;2026.04.30 14:03:28;1.17181;-0.05;-0.21;2.38;
2026.04.30 11:14:28;Sell;0.01;EURUSDp;1.16901;;1.16600;2026.04.30 11:57:43;1.16770;-0.05;;1.12;
2026.04.29 20:51:40;Sell;0.01;EURUSDp;1.16889;;1.16700;2026.04.29 21:12:34;1.16748;-0.05;;1.21;
2026.04.28 21:00:47;Sell;0.01;EURUSDp;1.17145;;1.16800;2026.04.29 11:43:53;1.16978;-0.05;0.02;1.43;
2026.04.23 21:04:33;Sell;0.01;EURUSDp;1.16944;;1.16800;2026.04.28 15:01:03;1.16800;-0.05;0.06;1.23;[tp]
2026.04.23 14:49:19;Sell;0.01;EURUSDp;1.16890;;1.16800;2026.04.28 15:01:03;1.16800;-0.05;0.06;0.77;[tp]
2026.04.28 10:59:33;Buy;0.01;EURUSDp;1.16971;;1.17400;2026.04.28 11:36:46;1.17027;-0.05;;0.48;
2026.04.27 12:18:15;Sell;0.02;EURUSDp;1.17469;;1.16900;2026.04.27 19:37:33;1.17300;-0.10;;2.88;
2026.04.22 15:04:23;Buy;0.01;EURUSDp;1.17374;;1.17600;2026.04.27 12:18:53;1.17478;-0.05;-0.36;0.89;
2026.04.22 19:04:43;Buy;0.02;EURUSDp;1.17145;;1.17500;2026.04.27 11:10:35;1.17473;-0.10;-0.75;5.58;
2026.04.24 23:46:16;Sell;0.02;EURUSDp;1.17207;;1.16700;2026.04.27 01:17:32;1.17068;-0.10;0.04;2.37;
2026.04.24 14:23:38;Sell;0.02;EURUSDp;1.17163;;1.16900;2026.04.24 15:50:26;1.17046;-0.10;;2.00;
2026.04.23 18:07:34;Sell;0.01;EURUSDp;1.17086;;1.16700;2026.04.23 20:12:36;1.16850;-0.05;;2.02;
2026.04.22 01:06:47;Buy;0.01;EURUSDp;1.17402;;1.17550;2026.04.22 08:19:19;1.17549;-0.05;;1.25;
2026.04.21 21:33:28;Buy;0.01;EURUSDp;1.17360;;1.17700;2026.04.21 22:22:00;1.17488;-0.05;;1.09;
2026.04.20 11:30:12;Sell;0.01;EURUSDp;1.17615;;1.17400;2026.04.21 18:01:35;1.17493;-0.05;0.02;1.04;
2026.04.17 18:35:56;Buy;0.02;EURUSDp;1.18076;;1.18200;2026.04.17 21:55:36;1.17753;-0.10;;-5.49;
2026.04.08 01:03:43;Sell;0.01;EURUSDp;1.16156;;1.17400;2026.04.17 21:55:33;1.17754;-0.05;0.22;-13.57;
2026.04.08 02:03:48;Sell;0.02;EURUSDp;1.16727;;1.17400;2026.04.17 21:55:30;1.17754;-0.10;0.44;-17.44;
2026.04.13 16:38:35;Sell;0.03;EURUSDp;1.16986;;1.17400;2026.04.17 21:55:26;1.17757;-0.15;0.37;-19.64;
2026.04.13 19:51:24;Sell;0.04;EURUSDp;1.17302;;1.17400;2026.04.17 21:55:23;1.17756;-0.20;0.49;-15.42;
2026.04.13 22:10:15;Sell;0.07;EURUSDp;1.17566;;1.17400;2026.04.17 21:54:28;1.17764;-0.36;0.89;-11.77;
2026.04.07 17:35:39;Sell;0.01;EURUSDp;1.15767;;1.17500;2026.04.17 19:55:25;1.17993;-0.05;0.24;-18.87;
2026.04.17 15:48:05;Sell;0.10;EURUSDp;1.18239;;1.17600;2026.04.17 19:55:18;1.17994;-0.51;;20.76;
2026.04.16 11:37:25;Buy;0.01;EURUSDp;1.17798;;1.18000;2026.04.17 12:50:05;1.17931;-0.05;-0.07;1.13;
2026.04.14 18:21:27;Buy;0.02;EURUSDp;1.17996;;1.18300;2026.04.15 20:05:39;1.18009;-0.10;-0.15;0.22;
2026.04.14 11:26:51;Buy;0.02;EURUSDp;1.17776;;1.18100;2026.04.14 13:23:29;1.17944;-0.10;;2.85;
2026.04.13 01:12:00;Buy;0.01;EURUSDp;1.16791;;1.16850;2026.04.13 03:33:29;1.16851;-0.05;;0.51;[tp]
2026.04.09 18:29:43;Sell;0.03;EURUSDp;1.16941;;1.16500;2026.04.13 02:17:03;1.16684;-0.15;0.12;6.61;
2026.04.10 16:29:44;Sell;0.04;EURUSDp;1.17334;;1.16800;2026.04.10 19:38:14;1.17192;-0.20;;4.85;
2026.04.10 02:22:49;Buy;0.01;EURUSDp;1.16936;;1.17250;2026.04.10 13:43:04;1.17146;-0.05;;1.79;
2026.04.08 16:40:07;Buy;0.01;EURUSDp;1.16917;;1.17200;2026.04.09 18:29:48;1.16946;-0.05;-0.23;0.25;
2026.04.09 11:03:08;Buy;0.01;EURUSDp;1.16638;;1.16900;2026.04.09 12:37:12;1.16775;-0.05;;1.17;
2026.04.08 14:25:28;Sell;0.03;EURUSDp;1.17059;;1.16500;2026.04.08 20:38:29;1.16710;-0.15;;8.97;
2026.04.01 21:21:00;Buy;0.01;EURUSDp;1.15861;;1.16000;2026.04.07 22:47:29;1.16001;-0.05;-0.46;1.21;[tp]
2026.04.01 18:32:58;Buy;0.01;EURUSDp;1.16092;;1.16000;2026.04.07 22:47:29;1.16001;-0.05;-0.46;-0.78;[tp]
2026.04.07 14:20:53;Buy;0.02;EURUSDp;1.15518;;1.15700;2026.04.07 14:41:17;1.15558;-0.10;;0.69;
2026.04.07 11:15:11;Sell;0.01;EURUSDp;1.15638;;1.15300;2026.04.07 14:20:04;1.15520;-0.05;;1.02;
2026.04.06 16:40:59;Sell;0.01;EURUSDp;1.15571;;1.15400;2026.04.06 18:01:31;1.15399;-0.05;;1.49;[tp]
2026.04.02 17:37:32;Sell;0.01;EURUSDp;1.15495;;1.15200;2026.04.03 15:30:03;1.15228;-0.05;0.02;2.32;
2026.04.02 09:36:46;Buy;0.02;EURUSDp;1.15254;;1.15700;2026.04.02 17:37:01;1.15546;-0.10;;5.05;
2026.04.01 10:39:30;Sell;0.03;EURUSDp;1.15864;;1.15500;2026.04.02 04:32:55;1.15499;-0.16;0.17;9.48;[tp]
2026.03.31 22:51:24;Sell;0.02;EURUSDp;1.15563;;1.15500;2026.04.02 04:32:55;1.15499;-0.10;0.15;1.11;[tp]
2026.03.31 16:18:50;Sell;0.01;EURUSDp;1.15161;;1.15500;2026.04.02 04:32:55;1.15499;-0.05;0.08;-2.93;[tp]
2026.03.31 14:51:09;Sell;0.01;EURUSDp;1.14859;;1.15500;2026.04.02 04:32:55;1.15499;-0.05;0.08;-5.54;[tp]
2026.04.01 16:34:26;Sell;0.04;EURUSDp;1.16219;;1.15500;2026.04.01 18:46:18;1.16114;-0.21;;3.62;
2026.04.01 15:46:09;Sell;0.04;EURUSDp;1.16174;;1.15500;2026.04.01 15:49:07;1.16056;-0.21;;4.07;
2026.04.01 12:29:24;Buy;0.01;EURUSDp;1.15829;;1.16300;2026.04.01 15:45:57;1.16170;-0.05;;2.94;
2026.04.01 11:33:41;Sell;0.04;EURUSDp;1.16070;;1.15500;2026.04.01 12:29:18;1.15826;-0.21;;8.43;
2026.03.25 16:14:58;Buy;0.01;EURUSDp;1.15892;;1.15350;2026.03.31 17:00:14;1.15327;-0.05;-0.47;-4.90;
2026.03.26 14:39:09;Buy;0.03;EURUSDp;1.15404;;1.15300;2026.03.31 16:54:17;1.15306;-0.16;-0.69;-2.55;[tp]
2026.03.25 17:05:51;Buy;0.02;EURUSDp;1.15707;;1.15300;2026.03.31 16:54:17;1.15306;-0.10;-0.91;-6.96;[tp]
2026.03.30 01:41:20;Buy;0.04;EURUSDp;1.14897;;1.15300;2026.03.31 16:47:10;1.15177;-0.21;-0.30;9.72;
2026.03.25 11:49:52;Buy;0.01;EURUSDp;1.16109;;1.15200;2026.03.31 15:08:27;1.14981;-0.05;-0.47;-9.81;
2026.03.30 16:43:29;Buy;0.07;EURUSDp;1.14689;;1.15200;2026.03.31 15:07:43;1.14978;-0.37;-0.53;17.59;
2026.03.27 15:08:32;Buy;0.04;EURUSDp;1.15035;;1.15550;2026.03.27 16:23:37;1.15231;-0.21;;6.80;
2026.03.26 12:56:58;Sell;0.01;EURUSDp;1.15593;;1.15400;2026.03.26 14:37:48;1.15400;-0.05;;1.67;[tp]
2026.03.24 15:08:53;Buy;0.01;EURUSDp;1.15886;;1.16200;2026.03.24 23:25:23;1.16196;-0.05;;2.67;
2026.03.24 20:36:21;Buy;0.01;EURUSDp;1.15695;;1.16200;2026.03.24 22:50:27;1.15877;-0.05;;1.57;
2026.03.24 12:18:23;Buy;0.01;EURUSDp;1.15827;;1.16000;2026.03.24 12:42:17;1.15934;-0.05;;0.92;
2026.03.24 10:17:39;Sell;0.01;EURUSDp;1.16119;;1.15900;2026.03.24 10:35:18;1.16008;-0.05;;0.96;
2026.03.23 17:11:53;Balance;;;;;;;;;;-80.00;
2026.03.23 16:05:30;Sell;0.01;EURUSDp;1.16007;;1.15800;2026.03.23 16:09:02;1.15964;-0.05;;0.37;
2026.03.23 14:06:56;Sell;0.01;EURUSDp;1.16077;;;2026.03.23 14:10:05;1.15753;-0.05;;2.80;
2026.03.23 13:18:01;Buy;0.02;EURUSDp;1.14925;;1.15400;2026.03.23 14:05:33;1.15327;-0.10;;6.97;
2026.03.23 12:26:48;Buy;0.01;EURUSDp;1.15139;;1.15400;2026.03.23 14:05:33;1.15327;-0.05;;1.63;
2026.03.20 02:41:43;Buy;0.01;EURUSDp;1.15761;;1.15400;2026.03.23 14:05:33;1.15327;-0.05;-0.07;-3.76;
2026.03.19 16:50:28;Sell;0.01;EURUSDp;1.14943;;1.14850;2026.03.23 13:17:48;1.14919;-0.05;0.04;0.21;
2026.03.20 16:10:09;Buy;0.01;EURUSDp;1.15548;;1.15900;2026.03.20 21:28:15;1.15705;-0.05;;1.36;
2026.03.20 17:24:58;Buy;0.02;EURUSDp;1.15303;;;2026.03.20 18:35:24;1.15487;-0.10;;3.19;
2026.03.20 12:47:50;Buy;0.01;EURUSDp;1.15535;;1.16000;2026.03.20 14:45:29;1.15772;-0.05;;2.05;
2026.03.19 19:21:56;Sell;0.01;EURUSDp;1.15313;;1.15300;2026.03.20 13:09:57;1.15369;-0.05;0.02;-0.49;
2026.03.20 08:54:07;Buy;0.01;EURUSDp;1.15537;;1.15800;2026.03.20 11:25:00;1.15800;-0.05;;2.27;[tp]
2026.03.19 20:30:46;Sell;0.02;EURUSDp;1.15582;;1.15400;2026.03.20 08:14:40;1.15588;-0.10;0.04;-0.10;
2026.03.19 22:04:12;Sell;0.03;EURUSDp;1.15930;;1.15400;2026.03.20 02:41:29;1.15763;-0.16;0.06;4.33;
2026.03.19 18:07:41;Sell;0.01;EURUSDp;1.15323;;1.14900;2026.03.19 18:21:39;1.15152;-0.05;;1.48;
2026.03.19 16:54:47;Sell;0.01;EURUSDp;1.15153;;1.14800;2026.03.19 17:28:15;1.15036;-0.05;;1.02;
2026.03.19 16:19:06;Sell;0.01;EURUSDp;1.14931;;1.14600;2026.03.19 16:31:22;1.14732;-0.05;;1.73;
2026.03.16 11:35:08;Sell;0.01;EURUSDp;1.14412;;1.14800;2026.03.18 17:22:33;1.15103;-0.05;0.04;-6.00;
2026.03.18 16:03:46;Buy;0.01;EURUSDp;1.15055;;1.15250;2026.03.18 17:05:14;1.15251;-0.05;;1.70;[tp]
2026.03.17 11:48:06;Sell;0.02;EURUSDp;1.15121;;1.14800;2026.03.18 16:03:38;1.15048;-0.10;0.04;1.27;
2026.03.17 16:39:40;Sell;0.02;EURUSDp;1.15397;;1.14930;2026.03.18 15:35:06;1.15241;-0.10;0.04;2.71;
2026.03.17 09:07:40;Buy;0.01;EURUSDp;1.14720;;1.14900;2026.03.17 10:08:55;1.14868;-0.05;;1.29;
2026.03.16 13:24:49;Sell;0.01;EURUSDp;1.14733;;1.14600;2026.03.17 09:07:03;1.14720;-0.05;0.02;0.11;
2026.03.16 16:51:21;Sell;0.02;EURUSDp;1.14944;;1.14700;2026.03.17 08:52:58;1.14822;-0.10;0.04;2.13;
2026.03.16 21:34:59;Sell;0.03;EURUSDp;1.15208;;1.14700;2026.03.17 02:19:45;1.14963;-0.16;0.06;6.39;
2026.03.12 16:55:38;Buy;0.01;EURUSDp;1.15230;;1.15250;2026.03.16 21:35:03;1.15209;-0.05;-0.16;-0.18;
2026.03.13 07:56:19;Buy;0.01;EURUSDp;1.15019;;1.15100;2026.03.16 16:51:30;1.14942;-0.05;-0.08;-0.67;
2026.03.13 10:00:00;Buy;0.02;EURUSDp;1.14830;;1.15000;2026.03.16 14:49:36;1.14852;-0.10;-0.15;0.38;
2026.03.13 10:49:51;Buy;0.03;EURUSDp;1.14553;;1.15000;2026.03.13 15:55:48;1.14817;-0.16;;6.90;
2026.03.12 09:51:49;Sell;0.01;EURUSDp;1.15471;;1.15250;2026.03.12 15:37:19;1.15342;-0.05;;1.12;
2026.03.12 03:24:50;Buy;0.01;EURUSDp;1.15387;;1.15550;2026.03.12 04:39:10;1.15548;-0.05;;1.39;
2026.03.11 15:51:50;Buy;0.01;EURUSDp;1.15795;;1.16100;2026.03.11 17:01:19;1.16110;-0.05;;2.71;[tp]
2026.03.11 11:03:24;Buy;0.01;EURUSDp;1.16172;;1.16100;2026.03.11 17:01:19;1.16110;-0.05;;-0.53;[tp]
2026.03.11 14:09:08;Sell;0.01;EURUSDp;1.16067;;1.15800;2026.03.11 15:51:44;1.15795;-0.05;;2.35;[tp]
2026.03.11 12:03:53;Buy;0.01;EURUSDp;1.15948;;1.16200;2026.03.11 13:34:01;1.16071;-0.05;;1.06;
2026.03.10 20:23:34;Sell;0.01;EURUSDp;1.16645;;1.16300;2026.03.10 20:58:00;1.16451;-0.05;;1.67;
2026.03.10 15:10:00;Buy;0.01;EURUSDp;1.16236;;1.16600;2026.03.10 18:45:29;1.16545;-0.05;;2.65;
2026.03.10 09:14:05;Sell;0.01;EURUSDp;1.16267;;1.16000;2026.03.10 15:20:12;1.16287;-0.05;;-0.17;
2026.03.10 13:40:03;Buy;0.01;EURUSDp;1.16290;;1.16500;2026.03.10 14:04:48;1.16504;-0.05;;1.84;[tp]
2026.03.10 10:49:00;Sell;0.01;EURUSDp;1.16552;;1.16000;2026.03.10 13:33:44;1.16375;-0.05;;1.52;
2026.03.09 11:31:32;Buy;0.01;EURUSDp;1.15232;;1.15500;2026.03.09 12:13:22;1.15424;-0.05;;1.66;
2026.03.06 18:16:30;Sell;0.01;EURUSDp;1.15962;;1.15700;2026.03.09 00:05:01;1.15498;-0.05;0.02;4.02;[tp]
2026.03.06 17:42:41;Sell;0.01;EURUSDp;1.15747;;1.15600;2026.03.09 00:05:01;1.15498;-0.05;0.02;2.16;[tp]
2026.03.06 14:43:35;Sell;0.01;EURUSDp;1.15653;;1.15600;2026.03.06 15:54:01;1.15587;-0.05;;0.57;[tp]
2026.03.06 15:39:07;Sell;0.01;EURUSDp;1.15904;;1.15650;2026.03.06 15:47:54;1.15745;-0.05;;1.37;
2026.03.06 11:40:07;Buy;0.01;EURUSDp;1.15784;;1.15900;2026.03.06 15:30:01;1.15920;-0.05;;1.17;[tp]
2026.03.06 14:13:22;Buy;0.01;EURUSDp;1.15532;;1.15800;2026.03.06 14:43:11;1.15649;-0.05;;1.01;
2026.03.04 16:14:06;Sell;0.01;EURUSDp;1.16302;;1.16100;2026.03.05 05:32:02;1.16114;-0.05;0.06;1.62;
2026.03.04 12:10:53;Sell;0.01;EURUSDp;1.16420;;1.16200;2026.03.04 12:35:55;1.16299;-0.05;;1.04;
2026.03.03 18:27:56;Sell;0.01;EURUSDp;1.15897;;1.15800;2026.03.04 03:22:16;1.15799;-0.05;0.03;0.85;[tp]
2026.03.03 17:36:40;Sell;0.01;EURUSDp;1.15719;;1.15800;2026.03.04 03:22:16;1.15799;-0.05;0.03;-0.69;[tp]
2026.03.03 20:41:44;Sell;0.02;EURUSDp;1.16194;;1.15900;2026.03.04 02:59:32;1.15929;-0.10;0.05;4.57;
2026.03.03 09:08:26;Buy;0.01;EURUSDp;1.16610;;1.16200;2026.03.03 20:37:21;1.16108;-0.05;;-4.32;
2026.03.03 10:05:19;Buy;0.01;EURUSDp;1.16407;;1.16200;2026.03.03 20:37:18;1.16103;-0.05;;-2.62;
2026.03.03 11:23:35;Buy;0.02;EURUSDp;1.16150;;1.16050;2026.03.03 18:55:05;1.16049;-0.10;;-1.74;
2026.03.03 13:03:35;Buy;0.02;EURUSDp;1.15930;;1.16050;2026.03.03 18:46:02;1.15980;-0.10;;0.86;
2026.03.03 16:56:11;Buy;0.04;EURUSDp;1.15698;;1.16050;2026.03.03 18:27:06;1.15915;-0.21;;7.49;
2026.03.03 17:20:56;Buy;0.04;EURUSDp;1.15336;;1.16000;2026.03.03 17:42:37;1.15795;-0.21;;15.86;
2026.03.02 22:33:07;Sell;0.01;EURUSDp;1.16815;;1.16700;2026.03.03 07:40:09;1.16692;-0.05;0.03;1.05;[tp]
2026.03.02 19:43:13;Sell;0.01;EURUSDp;1.16982;;1.16800;2026.03.02 22:14:58;1.16803;-0.05;;1.53;
2026.03.02 17:59:24;Buy;0.01;EURUSDp;1.16802;;1.17000;2026.03.02 19:00:07;1.16898;-0.05;;0.82;
2026.02.27 18:09:45;Sell;0.02;EURUSDp;1.18164;;1.17750;2026.03.02 00:05:09;1.17708;-0.10;0.05;7.75;[tp]
2026.02.26 21:44:15;Sell;0.01;EURUSDp;1.17938;;1.17750;2026.03.02 00:05:09;1.17708;-0.05;0.06;1.95;[tp]
2026.02.20 11:42:49;Sell;0.01;EURUSDp;1.17649;;1.17750;2026.03.02 00:05:09;1.17708;-0.05;0.19;-0.50;[tp]
2026.02.27 15:43:28;Buy;0.01;EURUSDp;1.17938;;1.18200;2026.02.27 18:07:21;1.18152;-0.05;;1.81;
2026.02.27 11:58:09;Buy;0.01;EURUSDp;1.17935;;1.18200;2026.02.27 14:13:22;1.18047;-0.05;;0.95;
2026.02.27 09:49:31;Sell;0.02;EURUSDp;1.18158;;1.17900;2026.02.27 11:57:52;1.17939;-0.10;;3.71;
2026.02.26 19:33:30;Buy;0.01;EURUSDp;1.17784;;1.18000;2026.02.26 21:44:00;1.17933;-0.05;;1.26;
2026.02.25 17:23:12;Sell;0.01;EURUSDp;1.17937;;1.17700;2026.02.26 18:05:12;1.17926;-0.05;0.07;0.09;
2026.02.26 15:11:09;Sell;0.02;EURUSDp;1.18140;;1.17800;2026.02.26 17:19:28;1.18013;-0.10;;2.15;
2026.02.26 11:20:13;Buy;0.01;EURUSDp;1.17984;;1.18150;2026.02.26 15:11:03;1.18141;-0.05;;1.33;
2026.02.25 19:18:54;Sell;0.02;EURUSDp;1.18114;;1.17770;2026.02.26 11:20:30;1.17982;-0.10;0.15;2.24;
2026.02.25 10:55:57;Buy;0.01;EURUSDp;1.17911;;1.18100;2026.02.25 17:42:25;1.17944;-0.05;;0.28;
2026.02.25 13:29:50;Buy;0.01;EURUSDp;1.17717;;1.17900;2026.02.25 14:29:12;1.17836;-0.05;;1.01;
2026.02.25 07:24:35;Sell;0.01;EURUSDp;1.17965;;1.17700;2026.02.25 13:29:42;1.17717;-0.05;;2.11;
2026.02.24 14:33:35;Buy;0.01;EURUSDp;1.17769;;1.17950;2026.02.25 06:55:57;1.17947;-0.05;-0.07;1.51;
2026.02.24 06:56:26;Buy;0.01;EURUSDp;1.17708;;1.18000;2026.02.24 08:13:16;1.17798;-0.05;;0.76;
2026.02.23 16:59:57;Sell;0.01;EURUSDp;1.18055;;1.17600;2026.02.24 06:56:17;1.17708;-0.05;0.02;2.95;
2026.02.23 14:55:21;Buy;0.01;EURUSDp;1.17801;;1.18120;2026.02.23 15:38:03;1.17964;-0.05;;1.38;
2026.02.20 17:11:24;Sell;0.01;EURUSDp;1.17822;;1.17800;2026.02.23 14:20:13;1.17800;-0.05;0.02;0.19;[tp]
2026.02.23 01:28:30;Sell;0.02;EURUSDp;1.18230;;1.17900;2026.02.23 12:31:51;1.17988;-0.10;;4.10;
2026.02.11 14:26:02;Buy;0.01;EURUSDp;1.19035;;1.18300;2026.02.23 01:54:48;1.18299;-0.05;-0.85;-6.22;
2026.02.20 17:18:36;Sell;0.02;EURUSDp;1.18066;;1.17750;2026.02.20 17:24:57;1.17941;-0.10;;2.12;
2026.02.18 16:32:33;Buy;0.01;EURUSDp;1.18208;;1.18100;2026.02.20 17:19:27;1.18041;-0.05;-0.29;-1.41;
2026.02.19 14:55:56;Buy;0.01;EURUSDp;1.17671;;1.18100;2026.02.20 17:13:35;1.17964;-0.05;-0.07;2.48;
2026.02.19 14:44:59;Buy;0.02;EURUSDp;1.17740;;1.17948;2026.02.20 17:13:21;1.17950;-0.10;-0.15;3.56;[tp]
2026.02.18 20:30:00;Buy;0.01;EURUSDp;1.17942;;1.17948;2026.02.20 17:13:21;1.17950;-0.05;-0.29;0.07;[tp]
2026.02.19 16:15:00;Buy;0.03;EURUSDp;1.17488;;1.17948;2026.02.20 17:12:56;1.17919;-0.15;-0.22;10.97;
2026.02.20 01:13:44;Sell;0.01;EURUSDp;1.17752;;1.17550;2026.02.20 04:46:04;1.17545;-0.05;;1.76;[tp]
2026.02.19 16:25:51;Buy;0.02;EURUSDp;1.17438;;1.17948;2026.02.19 17:49:05;1.17743;-0.10;;5.18;
2026.02.19 12:10:29;Sell;0.01;EURUSDp;1.18006;;1.17800;2026.02.19 12:20:22;1.17932;-0.05;;0.63;
2026.02.17 19:26:41;Sell;0.01;EURUSDp;1.18376;;1.18200;2026.02.18 16:21:02;1.18196;-0.05;0.02;1.52;[tp]
2026.02.17 07:10:56;Buy;0.01;EURUSDp;1.18406;;1.18600;2026.02.17 20:31:55;1.18465;-0.05;;0.50;
2026.02.17 15:45:00;Buy;0.01;EURUSDp;1.18186;;1.18592;2026.02.17 20:31:41;1.18466;-0.05;;2.36;
2026.02.17 13:57:25;Buy;0.02;EURUSDp;1.18286;;1.18450;2026.02.17 14:19:00;1.18307;-0.10;;0.36;
2026.02.17 10:47:56;Sell;0.01;EURUSDp;1.18415;;1.18250;2026.02.17 13:56:52;1.18245;-0.05;;1.44;[tp]
2026.02.13 18:33:32;Sell;0.01;EURUSDp;1.18729;;1.18300;2026.02.17 07:10:51;1.18404;-0.05;0.04;2.74;
2026.02.12 22:00:16;Sell;0.01;EURUSDp;1.18700;;1.18300;2026.02.13 18:01:51;1.18504;-0.05;0.02;1.65;
2026.02.12 18:24:12;Buy;0.01;EURUSDp;1.18693;;1.18970;2026.02.12 22:00:24;1.18701;-0.05;;0.07;
2026.02.12 09:41:32;Sell;0.01;EURUSDp;1.18712;;1.18600;2026.02.12 18:24:06;1.18690;-0.05;;0.19;
2026.02.12 15:41:28;Sell;0.01;EURUSDp;1.18835;;1.18600;2026.02.12 18:18:01;1.18670;-0.05;;1.39;
2026.02.11 18:56:33;Sell;0.01;EURUSDp;1.18798;;1.18600;2026.02.12 07:01:20;1.18599;-0.05;0.07;1.68;[tp]
2026.02.11 22:35:20;Sell;0.01;EURUSDp;1.18747;;;2026.02.11 22:37:54;1.18733;-0.05;;0.12;
2026.02.11 16:13:27;Sell;0.01;EURUSDp;1.18752;;1.18600;2026.02.11 16:24:11;1.18600;-0.05;;1.28;[tp]
2026.02.11 15:50:44;Sell;0.01;EURUSDp;1.18735;;1.18600;2026.02.11 16:00:29;1.18600;-0.05;;1.14;[tp]
2026.02.11 15:31:05;Buy;0.02;EURUSDp;1.18474;;;2026.02.11 15:40:54;1.18673;-0.10;;3.35;
2026.02.09 15:15:19;Sell;0.04;EURUSDp;1.18908;;1.18500;2026.02.11 15:30:14;1.18499;-0.20;0.18;13.81;[tp]
2026.02.09 11:04:27;Sell;0.03;EURUSDp;1.18689;;1.18500;2026.02.11 15:30:14;1.18499;-0.15;0.14;4.81;[tp]
2026.02.09 07:50:49;Sell;0.02;EURUSDp;1.18337;;1.18500;2026.02.11 15:30:14;1.18499;-0.10;0.10;-2.73;[tp]
2026.02.03 17:19:18;Sell;0.02;EURUSDp;1.17999;;1.18500;2026.02.11 15:30:14;1.18499;-0.10;0.39;-8.44;[tp]
2026.02.03 07:05:38;Sell;0.01;EURUSDp;1.18110;;1.18500;2026.02.11 15:30:14;1.18499;-0.05;0.17;-3.28;[tp]
2026.02.10 17:47:08;Buy;0.01;EURUSDp;1.19013;;1.19200;2026.02.11 08:03:21;1.19202;-0.05;-0.07;1.59;[tp]
2026.02.10 15:04:09;Buy;0.01;EURUSDp;1.18937;;1.19200;2026.02.10 15:36:06;1.19083;-0.05;;1.23;
2026.02.09 17:05:14;Sell;0.07;EURUSDp;1.19209;;1.18650;2026.02.09 18:22:40;1.19028;-0.35;;10.64;
2026.01.30 17:03:58;Buy;0.02;EURUSDp;1.18913;;1.18750;2026.02.09 14:07:36;1.18748;-0.10;-1.15;-2.78;
2026.01.30 15:05:41;Buy;0.01;EURUSDp;1.19237;;1.18750;2026.02.09 14:07:36;1.18748;-0.05;-0.57;-4.12;
2026.01.28 01:49:39;Buy;0.01;EURUSDp;1.20215;;1.18750;2026.02.09 14:07:36;1.18748;-0.05;-0.85;-12.35;
2026.02.02 15:04:40;Buy;0.03;EURUSDp;1.18400;;1.18750;2026.02.09 11:03:50;1.18690;-0.15;-1.53;7.33;
2026.02.06 18:00:52;Buy;0.01;XAUUSDp;4 937.73;;;2026.02.06 18:00:59;4 940.42;-0.05;;2.28;
2026.02.06 16:34:03;Sell;0.03;EURUSDp;1.18188;;1.17900;2026.02.06 17:27:27;1.18100;-0.15;;2.24;
2026.02.02 16:16:10;Buy;0.04;EURUSDp;1.18093;;1.18650;2026.02.06 16:33:52;1.18192;-0.20;-1.73;3.35;
2026.02.05 15:32:07;Sell;0.02;EURUSDp;1.18068;;1.17500;2026.02.06 11:44:50;1.17961;-0.10;0.05;1.81;
2026.02.05 09:31:14;Sell;0.02;EURUSDp;1.17968;;;2026.02.05 12:06:49;1.17834;-0.10;;2.27;
2026.02.04 07:56:41;Sell;0.02;EURUSDp;1.18310;;1.17900;2026.02.04 11:46:12;1.18173;-0.10;;2.32;
2026.02.03 09:42:25;Sell;0.01;EURUSDp;1.18214;;1.17700;2026.02.03 12:08:39;1.17965;-0.05;;2.11;
2026.02.02 16:47:32;Sell;0.01;EURUSDp;1.18262;;1.17900;2026.02.02 20:07:40;1.17895;-0.05;;3.11;[tp]
2026.02.02 01:04:24;Sell;0.01;EURUSDp;1.18470;;1.18000;2026.02.02 16:17:03;1.18097;-0.05;;3.16;
2026.02.02 02:14:31;Sell;0.01;EURUSDp;1.18723;;1.18200;2026.02.02 15:04:36;1.18402;-0.05;;2.71;
2026.02.02 01:03:06;Buy;0.03;EURUSDp;1.18471;;1.19000;2026.02.02 02:20:35;1.18714;-0.15;;6.14;
2026.01.30 07:00:38;Buy;0.01;EURUSDp;1.19254;;1.19800;2026.01.30 13:52:57;1.19434;-0.05;;1.51;
2026.01.30 11:47:14;Buy;0.02;EURUSDp;1.19101;;1.19800;2026.01.30 13:11:57;1.19325;-0.10;;3.75;
2026.01.29 17:14:29;Buy;0.01;EURUSDp;1.19473;;1.20000;2026.01.29 19:46:30;1.19558;-0.05;;0.71;
2026.01.29 18:37:06;Buy;0.02;EURUSDp;1.19356;;1.20000;2026.01.29 19:26:17;1.19534;-0.10;;2.98;
2026.01.29 17:28:31;Buy;0.02;EURUSDp;1.19101;;1.19800;2026.01.29 18:06:29;1.19419;-0.10;;5.33;
2026.01.29 13:03:55;Buy;0.01;EURUSDp;1.19385;;1.20300;2026.01.29 15:12:01;1.19645;-0.05;;2.17;
2026.01.28 15:22:32;Buy;0.01;EURUSDp;1.19606;;1.19850;2026.01.29 02:34:12;1.19848;-0.05;-0.21;2.02;
2026.01.28 18:27:04;Buy;0.02;EURUSDp;1.19316;;1.19850;2026.01.29 01:27:59;1.19707;-0.10;-0.43;6.53;
2026.01.28 06:54:32;Buy;0.01;EURUSDp;1.19981;;1.20150;2026.01.28 09:14:15;1.20150;-0.05;;1.41;[tp]
2026.01.28 07:04:24;Buy;0.02;EURUSDp;1.19811;;1.20000;2026.01.28 07:50:11;1.19944;-0.10;;2.22;
2026.01.23 19:18:59;Sell;0.03;EURUSDp;1.17831;;1.19000;2026.01.28 07:49:43;1.19943;-0.15;0.21;-52.83;
2026.01.23 22:15:30;Sell;0.04;EURUSDp;1.18180;;1.19000;2026.01.28 07:16:45;1.19881;-0.20;0.27;-56.76;
2026.01.27 14:49:10;Sell;0.07;EURUSDp;1.19261;;1.19000;2026.01.28 07:09:14;1.19816;-0.35;0.16;-32.42;
2026.01.23 17:23:49;Sell;0.02;EURUSDp;1.17525;;1.19000;2026.01.28 07:05:04;1.19861;-0.10;0.15;-38.98;
2026.01.27 22:47:11;Sell;0.10;EURUSDp;1.20307;;1.19460;2026.01.28 07:04:15;1.19802;-0.50;0.23;42.15;
2026.01.27 18:03:15;Buy;0.01;EURUSDp;1.19594;;1.20250;2026.01.27 22:47:06;1.20292;-0.05;;5.80;
2026.01.27 22:17:00;Buy;0.01;EURUSDp;1.19830;;1.20250;2026.01.27 22:47:05;1.20290;-0.05;;3.82;
2026.01.22 15:21:38;Sell;0.01;EURUSDp;1.17160;;1.18500;2026.01.27 16:42:46;1.19489;-0.05;0.06;-19.49;
2026.01.22 09:38:18;Sell;0.01;EURUSDp;1.16910;;1.18500;2026.01.27 16:42:16;1.19525;-0.05;0.06;-21.88;
2026.01.26 21:27:25;Buy;0.02;EURUSDp;1.18745;;1.19250;2026.01.27 14:26:27;1.19277;-0.10;-0.14;8.92;[tp]
2026.01.26 01:29:10;Buy;0.01;EURUSDp;1.18647;;1.19250;2026.01.27 14:26:27;1.19276;-0.05;-0.07;5.27;[tp]
2026.01.26 09:48:06;Buy;0.01;EURUSDp;1.18469;;1.19150;2026.01.26 18:22:56;1.18843;-0.05;;3.15;
2026.01.26 01:12:32;Sell;0.07;EURUSDp;1.18915;;1.18300;2026.01.26 09:47:10;1.18457;-0.35;;27.06;
2026.01.20 15:48:56;Buy;0.02;EURUSDp;1.17394;;1.18050;2026.01.23 21:53:35;1.18050;-0.10;-0.70;11.11;[tp]
2026.01.22 19:17:25;Buy;0.02;EURUSDp;1.17365;;1.18000;2026.01.23 19:31:05;1.17942;-0.10;-0.14;9.78;
2026.01.22 18:21:23;Sell;0.02;EURUSDp;1.17484;;1.17000;2026.01.22 19:08:48;1.17314;-0.10;;2.90;
2026.01.21 17:54:20;Buy;0.02;EURUSDp;1.17052;;1.17450;2026.01.22 18:13:41;1.17451;-0.10;-0.42;6.79;[tp]
2026.01.20 11:55:23;Buy;0.02;EURUSDp;1.17243;;1.17800;2026.01.21 15:12:46;1.17361;-0.10;-0.14;2.01;
2026.01.16 18:04:28;Sell;0.01;EURUSDp;1.15998;;1.16800;2026.01.20 19:50:08;1.17318;-0.05;0.04;-11.25;
2026.01.19 01:35:32;Sell;0.01;EURUSDp;1.16185;;1.16800;2026.01.20 19:50:04;1.17310;-0.05;0.02;-9.59;
2026.01.19 18:02:38;Sell;0.02;EURUSDp;1.16389;;1.16800;2026.01.20 19:49:58;1.17314;-0.10;0.05;-15.77;
2026.01.20 08:56:10;Sell;0.02;EURUSDp;1.16680;;1.16800;2026.01.20 15:48:02;1.17415;-0.10;;-12.52;
2026.01.20 09:43:42;Sell;0.04;EURUSDp;1.16917;;1.16800;2026.01.20 13:59:12;1.17349;-0.21;;-14.73;
2026.01.20 11:35:24;Sell;0.07;EURUSDp;1.17280;;1.16800;2026.01.20 11:55:10;1.17249;-0.36;;1.85;
2026.01.14 15:29:55;Buy;0.01;EURUSDp;1.16503;;1.16700;2026.01.20 07:11:58;1.16703;-0.05;-0.42;1.71;[tp]
2026.01.12 16:26:16;Buy;0.01;EURUSDp;1.16779;;1.16700;2026.01.20 07:11:58;1.16703;-0.05;-0.56;-0.65;[tp]
2026.01.15 09:17:00;Buy;0.02;EURUSDp;1.16329;;1.16500;2026.01.19 18:29:54;1.16458;-0.10;-0.28;2.22;
2026.01.19 09:15:15;Sell;0.02;EURUSDp;1.16399;;1.16000;2026.01.19 11:16:16;1.16169;-0.10;;3.96;
2026.01.16 17:27:58;Buy;0.03;EURUSDp;1.16040;;1.16400;2026.01.19 01:35:53;1.16189;-0.16;-0.21;3.85;
2026.01.16 17:44:29;Buy;0.04;EURUSDp;1.15867;;1.16250;2026.01.16 18:03:25;1.16005;-0.21;;4.76;
2026.01.15 19:36:13;Sell;0.01;EURUSDp;1.16132;;1.15900;2026.01.16 17:41:58;1.15919;-0.05;0.02;1.84;
2026.01.15 15:32:10;Buy;0.03;EURUSDp;1.16096;;1.16400;2026.01.15 22:13:42;1.16136;-0.16;;1.03;
2026.01.09 19:50:53;Sell;0.01;EURUSDp;1.16324;;1.16100;2026.01.15 15:06:00;1.16217;-0.05;0.13;0.92;
2026.01.09 17:52:54;Sell;0.01;EURUSDp;1.16395;;1.16100;2026.01.15 09:49:30;1.16280;-0.05;0.13;0.99;
2026.01.14 10:57:23;Buy;0.01;EURUSDp;1.16474;;1.16800;2026.01.14 12:38:30;1.16552;-0.05;;0.67;
2026.01.13 18:12:04;Buy;0.02;EURUSDp;1.16412;;1.16800;2026.01.13 18:53:56;1.16480;-0.10;;1.17;
2026.01.12 02:36:56;Sell;0.02;EURUSDp;1.16528;;1.16200;2026.01.13 18:12:18;1.16411;-0.10;0.05;2.01;
2026.01.13 17:21:52;Buy;0.01;EURUSDp;1.16521;;1.16900;2026.01.13 17:57:15;1.16524;-0.05;;0.03;
2026.01.13 16:06:42;Sell;0.02;EURUSDp;1.16684;;1.16400;2026.01.13 17:02:45;1.16605;-0.10;;1.36;
2026.01.13 15:01:22;Buy;0.01;EURUSDp;1.16544;;;2026.01.13 15:32:45;1.16732;-0.05;;1.61;
2026.01.13 11:59:29;Sell;0.03;EURUSDp;1.16716;;1.16400;2026.01.13 15:01:32;1.16549;-0.15;;4.30;
2026.01.13 08:12:12;Buy;0.01;EURUSDp;1.16573;;1.16900;2026.01.13 10:18:21;1.16633;-0.05;;0.51;
2026.01.12 15:19:47;Sell;0.03;EURUSDp;1.16923;;1.16400;2026.01.12 20:01:47;1.16681;-0.15;;6.22;
2026.01.12 12:25:40;Buy;0.01;EURUSDp;1.16773;;1.17000;2026.01.12 15:19:39;1.16927;-0.05;;1.32;
2026.01.12 09:57:37;Sell;0.03;EURUSDp;1.16858;;1.16400;2026.01.12 12:31:24;1.16778;-0.15;;2.06;
2026.01.08 15:50:08;Buy;0.01;EURUSDp;1.16617;;1.16638;2026.01.12 02:54:03;1.16629;-0.05;-0.14;0.10;
2026.01.06 17:13:33;Buy;0.01;EURUSDp;1.16974;;1.16638;2026.01.12 02:54:00;1.16633;-0.05;-0.42;-2.92;
2026.01.09 09:41:23;Buy;0.01;EURUSDp;1.16406;;1.16638;2026.01.09 23:02:58;1.16343;-0.05;;-0.54;from #314221842
2026.01.09 09:41:23;Buy;0.01;EURUSDp;1.16406;;1.16638;2026.01.09 20:36:47;1.16379;-0.05;;-0.23;to #314240831
2026.01.09 17:17:25;Buy;0.03;EURUSDp;1.16220;;1.16638;2026.01.09 17:52:48;1.16399;-0.15;;4.61;
2026.01.05 16:08:08;Sell;0.01;EURUSDp;1.16793;;1.16500;2026.01.08 15:51:38;1.16597;-0.05;0.14;1.68;
2026.01.08 10:26:49;Buy;0.01;EURUSDp;1.16736;;;2026.01.08 12:36:34;1.16790;-0.05;;0.46;
2026.01.07 10:32:03;Buy;0.01;EURUSDp;1.16778;;1.17200;2026.01.07 11:28:34;1.16826;-0.05;;0.41;
2026.01.05 17:23:06;Sell;0.01;EURUSDp;1.16955;;1.16500;2026.01.07 10:24:44;1.16770;-0.05;0.07;1.58;
2026.01.07 00:19:49;Balance;;;;;;;;;;-50.00;
2026.01.05 18:33:58;Sell;0.02;EURUSDp;1.17159;;1.16700;2026.01.06 17:29:28;1.16904;-0.10;0.10;4.36;
2026.01.06 13:41:50;Buy;0.01;EURUSDp;1.17088;;1.17200;2026.01.06 16:07:46;1.17167;-0.05;;0.67;
2025.12.30 09:24:41;Buy;0.01;EURUSDp;1.17685;;1.17300;2026.01.06 04:46:54;1.17303;-0.05;-0.83;-3.26;[tp]
2026.01.05 01:16:12;Buy;0.01;EURUSDp;1.17124;;1.17300;2026.01.05 20:41:14;1.17235;-0.05;;0.95;
2026.01.05 05:21:36;Buy;0.02;EURUSDp;1.16793;;1.17300;2026.01.05 17:23:01;1.16951;-0.10;;2.70;
2026.01.05 15:09:16;Buy;0.03;EURUSDp;1.16627;;1.17100;2026.01.05 16:07:45;1.16798;-0.15;;4.39;
2026.01.05 09:37:58;Sell;0.01;EURUSDp;1.16872;;1.16400;2026.01.05 15:09:20;1.16628;-0.05;;2.09;
2025.12.22 09:15:15;Sell;0.01;EURUSDp;1.17167;;1.17000;2026.01.05 01:03:49;1.17011;-0.05;0.46;1.33;
2026.01.02 17:51:27;Sell;0.01;EURUSDp;1.17396;;1.17000;2026.01.02 21:01:42;1.17182;-0.05;;1.83;
2026.01.02 10:28:41;Buy;0.01;EURUSDp;1.17248;;1.17800;2026.01.02 17:15:55;1.17342;-0.05;;0.80;
2025.12.22 11:12:42;Sell;0.01;EURUSDp;1.17342;;1.17100;2026.01.02 10:29:30;1.17248;-0.05;0.41;0.80;
2025.12.22 15:51:39;Sell;0.02;EURUSDp;1.17499;;1.17100;2026.01.02 10:17:45;1.17321;-0.10;0.88;3.03;
2025.12.30 17:44:10;Buy;0.01;EURUSDp;1.17460;;1.17700;2025.12.30 17:56:46;1.17566;-0.05;;0.90;
2025.12.29 18:02:32;Buy;0.01;EURUSDp;1.17650;;1.17800;2025.12.29 23:35:46;1.17733;-0.05;;0.70;
2025.12.29 11:09:25;Buy;0.01;EURUSDp;1.17729;;1.17850;2025.12.29 11:36:45;1.17851;-0.05;;1.04;[tp]
2025.12.29 10:53:10;Sell;0.03;EURUSDp;1.17870;;1.17250;2025.12.29 11:09:09;1.17729;-0.15;;3.59;
2025.12.29 07:55:02;Buy;0.01;EURUSDp;1.17586;;1.17700;2025.12.29 08:51:20;1.17638;-0.05;;0.44;
2025.12.26 22:14:58;Sell;0.03;EURUSDp;1.17766;;1.17250;2025.12.29 07:43:04;1.17595;-0.15;0.07;4.36;
2025.12.26 19:03:16;Buy;0.01;EURUSDp;1.17648;;1.17800;2025.12.26 22:14:29;1.17766;-0.05;;1.00;
2025.12.23 11:25:34;Buy;0.01;EURUSDp;1.17846;;1.18500;2025.12.26 15:13:20;1.17919;-0.05;-0.35;0.62;
2025.12.24 15:11:09;Buy;0.02;EURUSDp;1.17884;;1.18000;2025.12.26 15:13:17;1.17919;-0.10;-0.56;0.59;
2025.12.23 07:11:57;Buy;0.01;EURUSDp;1.17785;;1.18500;2025.12.24 11:00:02;1.17995;-0.05;-0.07;1.78;
2025.12.23 11:03:52;Sell;0.03;EURUSDp;1.17878;;1.17500;2025.12.23 15:57:10;1.17777;-0.15;;2.57;
2025.12.16 18:18:49;Buy;0.01;EURUSDp;1.17693;;1.17800;2025.12.22 16:41:59;1.17645;-0.05;-0.43;-0.41;
2025.12.18 19:10:46;Buy;0.01;EURUSDp;1.17231;;1.17800;2025.12.22 15:09:17;1.17467;-0.05;-0.14;2.01;
2025.11.25 15:59:18;Sell;0.01;EURUSDp;1.15584;;1.15500;2025.12.19 19:30:14;1.17178;-0.05;0.78;-13.60;from #312186529
2025.12.19 16:14:44;Sell;0.01;EURUSDp;1.17322;;1.17150;2025.12.19 17:19:07;1.17214;-0.05;;0.92;
2025.11.25 15:59:18;Sell;0.01;EURUSDp;1.15584;;1.15500;2025.12.19 11:25:10;1.17163;-0.05;0.79;-13.48;to #312962057
2025.11.28 15:41:41;Sell;0.03;EURUSDp;1.15698;;1.15500;2025.12.18 19:18:54;1.17164;-0.16;1.79;-37.54;
2025.12.18 17:27:05;Buy;0.01;EURUSDp;1.17231;;;2025.12.18 18:32:51;1.17374;-0.05;;1.22;
2025.12.18 16:07:42;Sell;0.02;EURUSDp;1.17458;;1.17000;2025.12.18 17:28:43;1.17232;-0.10;;3.86;
2025.12.18 10:25:51;Buy;0.01;EURUSDp;1.17340;;1.17800;2025.12.18 16:07:12;1.17483;-0.05;;1.22;
2025.12.17 17:15:08;Sell;0.02;EURUSDp;1.17489;;;2025.12.18 10:26:43;1.17346;-0.10;0.15;2.44;
2025.12.16 20:20:16;Buy;0.01;EURUSDp;1.17532;;1.17600;2025.12.17 17:15:49;1.17494;-0.05;-0.07;-0.32;
2025.12.17 07:32:01;Buy;0.02;EURUSDp;1.17266;;1.17550;2025.12.17 17:14:36;1.17500;-0.10;;3.98;
2025.12.17 08:58:50;Buy;0.03;EURUSDp;1.17079;;1.17480;2025.12.17 16:05:40;1.17371;-0.15;;7.46;
2025.12.16 16:50:19;Sell;0.05;EURUSDp;1.17920;;1.17000;2025.12.16 18:18:36;1.17691;-0.25;;9.73;
2025.12.16 15:46:47;Buy;0.01;EURUSDp;1.17645;;1.18000;2025.12.16 16:50:03;1.17920;-0.05;;2.33;
2025.12.15 15:29:19;Buy;0.01;EURUSDp;1.17555;;1.17800;2025.12.16 15:08:07;1.17748;-0.05;-0.08;1.64;
2025.12.15 20:55:25;Buy;0.01;EURUSDp;1.17420;;1.17900;2025.12.16 15:08:04;1.17752;-0.05;-0.08;2.82;
2025.11.21 14:49:36;Sell;0.01;EURUSDp;1.15254;;1.15500;2025.12.15 01:16:01;1.17401;-0.05;0.66;-18.29;
2025.11.20 15:31:37;Sell;0.01;EURUSDp;1.15310;;1.15500;2025.12.15 01:16:01;1.17401;-0.05;0.69;-17.81;
2025.11.28 17:53:13;Sell;0.04;EURUSDp;1.15971;;1.15500;2025.12.15 01:15:59;1.17403;-0.21;1.92;-48.79;
2025.12.12 09:10:18;Buy;0.02;EURUSDp;1.17379;;1.17800;2025.12.12 22:14:49;1.17454;-0.10;;1.28;
2025.12.12 14:49:20;Buy;0.02;EURUSDp;1.17200;;1.17500;2025.12.12 15:08:44;1.17314;-0.10;;1.94;
2025.12.11 16:09:06;Sell;0.05;EURUSDp;1.17406;;1.16600;2025.12.12 14:49:13;1.17201;-0.26;0.16;8.75;
2025.12.11 12:55:44;Buy;0.02;EURUSDp;1.17057;;1.17400;2025.12.11 16:07:12;1.17401;-0.10;;5.86;[tp]
2025.12.11 06:27:08;Buy;0.01;EURUSDp;1.16859;;1.17400;2025.12.11 16:07:12;1.17401;-0.05;;4.62;[tp]
2025.12.10 22:10:58;Sell;0.04;EURUSDp;1.16938;;1.16100;2025.12.11 06:38:07;1.16882;-0.21;0.37;1.92;
2025.12.04 12:45:54;Buy;0.02;EURUSDp;1.16679;;1.17400;2025.12.10 22:05:47;1.16889;-0.10;-0.64;3.59;
2025.12.10 12:54:17;Buy;0.02;EURUSDp;1.16278;;1.17000;2025.12.10 20:11:06;1.16575;-0.10;;5.10;
2025.12.10 10:48:37;Sell;0.04;EURUSDp;1.16562;;1.16150;2025.12.10 11:19:30;1.16384;-0.21;;6.12;
2025.12.09 14:16:23;Buy;0.03;EURUSDp;1.16362;;1.16800;2025.12.10 10:04:15;1.16468;-0.15;-0.24;2.73;
2025.12.08 10:40:43;Buy;0.02;EURUSDp;1.16517;;1.16800;2025.12.09 11:48:56;1.16551;-0.10;-0.16;0.58;
2025.12.08 17:48:45;Buy;0.04;EURUSDp;1.16239;;1.16800;2025.12.08 20:31:05;1.16346;-0.21;;3.68;
2025.12.05 16:32:11;Buy;0.02;EURUSDp;1.16485;;1.16950;2025.12.08 08:02:19;1.16649;-0.10;-0.16;2.81;
2025.12.05 11:30:34;Buy;0.02;EURUSDp;1.16506;;;2025.12.05 16:21:13;1.16544;-0.10;;0.65;
2025.12.03 17:40:27;Buy;0.02;EURUSDp;1.16571;;1.17200;2025.12.05 09:45:15;1.16653;-0.10;-0.63;1.41;
2025.12.03 15:10:21;Sell;0.07;EURUSDp;1.16702;;1.16100;2025.12.04 15:32:07;1.16614;-0.36;0.66;5.28;
2025.12.01 20:30:47;Buy;0.01;EURUSDp;1.16137;;1.16600;2025.12.03 09:18:44;1.16516;-0.05;-0.16;3.25;
2025.12.02 17:30:21;Buy;0.01;EURUSDp;1.16025;;1.16600;2025.12.02 22:14:46;1.16233;-0.05;;1.79;
2025.12.01 14:22:11;Sell;0.04;EURUSDp;1.16348;;1.15800;2025.12.01 21:17:12;1.16086;-0.21;;9.03;
2025.11.26 09:34:20;Buy;0.01;EURUSDp;1.15884;;1.16300;2025.12.01 13:24:03;1.16305;-0.05;-0.39;3.62;[tp]
2025.12.01 07:35:55;Buy;0.01;EURUSDp;1.15978;;1.16100;2025.12.01 09:27:02;1.16100;-0.05;;1.05;[tp]
2025.11.28 10:12:01;Buy;0.01;EURUSDp;1.15793;;1.16100;2025.11.28 17:53:32;1.15975;-0.05;;1.57;
2025.11.28 12:47:41;Buy;0.02;EURUSDp;1.15611;;;2025.11.28 14:32:51;1.15717;-0.10;;1.83;
2025.11.27 09:20:46;Buy;0.01;EURUSDp;1.15873;;1.16100;2025.11.27 15:36:04;1.15911;-0.05;;0.33;
2025.11.27 11:19:41;Buy;0.02;EURUSDp;1.15792;;1.16000;2025.11.27 15:35:58;1.15912;-0.10;;2.07;
2025.11.26 18:29:43;Sell;0.03;EURUSDp;1.16001;;1.15400;2025.11.27 09:20:37;1.15873;-0.16;0.28;3.31;
2025.11.26 10:52:45;Buy;0.01;EURUSDp;1.15688;;1.16100;2025.11.26 18:55:32;1.15907;-0.05;;1.89;
2025.11.14 18:05:35;Buy;0.01;EURUSDp;1.16112;;1.15950;2025.11.24 08:56:28;1.15224;-0.05;-0.64;-7.71;
2025.11.20 15:45:35;Sell;0.01;EURUSDp;1.15265;;1.14800;2025.11.21 14:26:19;1.15007;-0.05;0.03;2.24;
2025.11.21 10:52:21;Sell;0.01;EURUSDp;1.15413;;1.15200;2025.11.21 12:05:04;1.15197;-0.05;;1.88;[tp]
2025.11.19 16:23:30;Buy;0.01;EURUSDp;1.15572;;1.15800;2025.11.21 10:52:13;1.15428;-0.05;-0.32;-1.25;from #312049319
2025.11.20 16:34:16;Sell;0.02;EURUSDp;1.15481;;1.15100;2025.11.20 17:39:03;1.15245;-0.10;;4.10;
2025.11.19 16:23:30;Buy;0.01;EURUSDp;1.15572;;1.15800;2025.11.20 16:35:04;1.15469;-0.05;-0.24;-0.89;to #312086784
2025.11.19 18:26:43;Buy;0.02;EURUSDp;1.15362;;1.15800;2025.11.20 16:34:05;1.15486;-0.10;-0.48;2.15;
2025.11.04 18:49:59;Sell;0.01;EURUSDp;1.14906;;1.15400;2025.11.19 18:12:40;1.15397;-0.05;0.48;-4.25;[tp]
2025.11.04 18:49:59;Sell;0.01;EURUSDp;1.14906;;1.15400;2025.11.19 17:07:53;1.15504;-0.05;0.49;-5.18;to #312051756
2025.11.06 11:13:36;Sell;0.02;EURUSDp;1.15156;;1.15450;2025.11.19 16:24:31;1.15589;-0.10;0.70;-7.49;
2025.11.06 15:48:07;Sell;0.01;EURUSDp;1.15403;;1.15450;2025.11.19 16:23:59;1.15578;-0.05;0.34;-1.51;from #311746079
2025.11.19 13:18:51;Sell;0.02;EURUSDp;1.15801;;1.15600;2025.11.19 16:15:37;1.15626;-0.10;;3.03;
2025.11.19 12:58:58;Buy;0.01;EURUSDp;1.15693;;1.16000;2025.11.19 13:18:25;1.15811;-0.05;;1.02;
2025.11.18 14:10:16;Sell;0.04;EURUSDp;1.15895;;1.15600;2025.11.19 12:58:48;1.15700;-0.21;0.13;6.74;
2025.11.17 15:37:04;Buy;0.01;EURUSDp;1.15935;;1.16100;2025.11.18 14:10:21;1.15893;-0.05;-0.08;-0.36;
2025.11.14 01:23:59;Buy;0.01;EURUSDp;1.16261;;1.16600;2025.11.14 14:55:55;1.16499;-0.05;;2.04;
2025.11.13 10:16:41;Sell;0.03;EURUSDp;1.16177;;1.16000;2025.11.14 09:42:19;1.16395;-0.15;0.09;-5.62;
2025.11.13 17:38:28;Sell;0.04;EURUSDp;1.16372;;1.16000;2025.11.14 09:42:11;1.16403;-0.21;0.13;-1.07;
2025.11.13 11:42:17;Buy;0.01;EURUSDp;1.16114;;1.16400;2025.11.13 17:38:14;1.16386;-0.05;;2.34;
2025.11.11 21:02:43;Buy;0.01;EURUSDp;1.15925;;1.16300;2025.11.13 10:16:48;1.16177;-0.05;-0.32;2.17;
2025.11.12 02:08:56;Buy;0.01;EURUSDp;1.15839;;1.16300;2025.11.12 18:19:55;1.15944;-0.05;;0.91;
2025.11.11 13:46:52;Sell;0.02;EURUSDp;1.15705;;1.15400;2025.11.12 08:05:29;1.15783;-0.10;0.06;-1.35;
2025.11.11 15:41:59;Sell;0.03;EURUSDp;1.16009;;1.15400;2025.11.11 21:02:30;1.15921;-0.16;;2.28;
2025.11.11 07:05:44;Buy;0.01;EURUSDp;1.15587;;1.16000;2025.11.11 15:26:38;1.16005;-0.05;;3.60;[tp]
2025.11.07 18:03:21;Buy;0.01;EURUSDp;1.15739;;1.16000;2025.11.11 15:26:38;1.16005;-0.05;-0.16;2.29;[tp]
2025.11.06 15:48:07;Sell;0.01;EURUSDp;1.15403;;1.15350;2025.11.11 07:05:55;1.15585;-0.05;0.11;-1.57;to #311828980
2025.11.10 18:54:18;Buy;0.01;EURUSDp;1.15435;;1.15700;2025.11.10 20:51:26;1.15599;-0.05;;1.42;
2025.11.10 02:02:10;Sell;0.02;EURUSDp;1.15496;;1.15400;2025.11.10 18:56:06;1.15435;-0.10;;1.06;
2025.11.07 14:26:14;Sell;0.04;EURUSDp;1.15630;;1.15400;2025.11.10 01:44:40;1.15448;-0.21;0.13;6.31;
2025.11.07 17:03:14;Sell;0.04;EURUSDp;1.15843;;1.15400;2025.11.10 01:44:24;1.15439;-0.21;0.13;14.00;
2025.10.28 15:20:01;Buy;0.01;EURUSDp;1.16523;;1.15860;2025.11.07 17:03:01;1.15852;-0.05;-1.01;-5.79;
2025.10.30 14:12:13;Buy;0.01;EURUSDp;1.16091;;1.15860;2025.11.07 14:26:21;1.15629;-0.05;-0.66;-4.00;
2025.10.31 16:51:13;Buy;0.02;EURUSDp;1.15370;;1.15650;2025.11.06 15:19:48;1.15319;-0.10;-0.99;-0.88;
2025.11.05 02:15:15;Buy;0.03;EURUSDp;1.14820;;1.15500;2025.11.05 22:19:58;1.14907;-0.16;;2.27;
2025.11.04 13:56:30;Buy;0.03;EURUSDp;1.14921;;1.15550;2025.11.04 18:50:34;1.14901;-0.16;;-0.52;
2025.11.03 10:08:58;Sell;0.01;EURUSDp;1.15317;;1.14800;2025.11.04 14:27:35;1.14826;-0.05;0.03;4.28;
2025.11.04 07:05:24;Sell;0.01;EURUSDp;1.15097;;1.14700;2025.11.04 14:27:31;1.14826;-0.05;;2.36;
2025.10.30 17:22:07;Sell;0.01;EURUSDp;1.15808;;1.15450;2025.10.31 16:37:14;1.15446;-0.05;0.04;3.14;[tp]
2025.10.30 15:30:13;Buy;0.02;EURUSDp;1.15792;;1.16200;2025.10.30 17:22:03;1.15800;-0.10;;0.14;
2025.10.22 17:10:36;Sell;0.01;EURUSDp;1.15928;;1.15600;2025.10.30 15:46:04;1.15691;-0.05;0.39;2.05;
2025.10.30 05:10:24;Sell;0.01;EURUSDp;1.16172;;1.15650;2025.10.30 15:30:52;1.15798;-0.05;;3.23;
2025.10.29 21:48:30;Buy;0.01;EURUSDp;1.15883;;1.16500;2025.10.29 23:03:41;1.15972;-0.05;;0.77;
2025.10.23 17:43:54;Sell;0.01;EURUSDp;1.16142;;1.15800;2025.10.29 21:48:41;1.15886;-0.05;0.16;2.21;
2025.10.29 12:46:32;Sell;0.02;EURUSDp;1.16380;;1.16000;2025.10.29 21:39:20;1.15973;-0.10;;7.02;[tp]
2025.10.29 12:17:23;Buy;0.01;EURUSDp;1.16214;;1.16600;2025.10.29 12:46:21;1.16377;-0.05;;1.40;
2025.10.28 15:58:34;Buy;0.01;EURUSDp;1.16386;;1.16800;2025.10.28 17:54:04;1.16592;-0.05;;1.77;
2025.10.28 05:09:03;Sell;0.02;EURUSDp;1.16621;;1.16000;2025.10.28 15:56:49;1.16376;-0.10;;4.21;
2025.10.24 16:09:49;Buy;0.01;EURUSDp;1.16424;;1.16700;2025.10.28 12:53:10;1.16560;-0.05;-0.18;1.17;
2025.10.24 16:53:45;Buy;0.01;EURUSDp;1.16246;;1.16600;2025.10.27 13:05:54;1.16386;-0.05;-0.09;1.20;
2025.10.24 16:10:16;Sell;0.02;EURUSDp;1.16415;;1.15900;2025.10.24 16:20:08;1.16311;-0.10;;1.79;
2025.10.23 02:31:58;Buy;0.02;EURUSDp;1.16085;;1.16400;2025.10.24 15:30:03;1.16440;-0.10;-0.17;6.10;[tp]
2025.10.17 14:37:58;Buy;0.01;EURUSDp;1.16875;;1.16400;2025.10.24 15:30:02;1.16384;-0.05;-0.60;-4.22;
2025.10.17 12:31:32;Buy;0.01;EURUSDp;1.17036;;1.16400;2025.10.24 15:30:02;1.16423;-0.05;-0.60;-5.27;
2025.10.22 18:04:51;Sell;0.01;EURUSDp;1.16136;;1.15600;2025.10.23 14:13:41;1.15886;-0.05;0.11;2.16;
2025.10.21 13:18:00;Buy;0.02;EURUSDp;1.16099;;1.16400;2025.10.22 23:27:05;1.16096;-0.10;-0.17;-0.05;
2025.10.22 15:47:04;Buy;0.03;EURUSDp;1.15783;;1.16300;2025.10.22 16:48:24;1.15935;-0.16;;3.93;
2025.10.14 16:37:10;Sell;0.01;EURUSDp;1.15796;;1.15900;2025.10.22 11:18:49;1.15901;-0.05;0.31;-0.91;
2025.10.14 18:52:26;Sell;0.01;EURUSDp;1.16008;;1.16100;2025.10.21 13:18:00;1.16098;-0.05;0.27;-0.78;[tp]
2025.10.20 11:57:20;Sell;0.02;EURUSDp;1.16630;;1.16100;2025.10.21 12:11:33;1.16177;-0.10;0.07;7.80;
2025.10.17 17:06:38;Buy;0.02;EURUSDp;1.16595;;1.17000;2025.10.17 21:35:40;1.16708;-0.10;;1.94;
2025.10.15 09:50:32;Sell;0.02;EURUSDp;1.16332;;1.16400;2025.10.17 15:30:25;1.16718;-0.10;0.29;-6.61;
2025.10.16 20:08:58;Sell;0.03;EURUSDp;1.16855;;1.16500;2025.10.17 15:15:30;1.16782;-0.15;0.11;1.88;
2025.10.17 05:47:06;Sell;0.04;EURUSDp;1.17095;;1.16600;2025.10.17 12:31:21;1.17043;-0.20;;1.78;
2025.10.16 16:25:45;Buy;0.01;EURUSDp;1.16552;;1.16800;2025.10.16 17:58:40;1.16778;-0.05;;1.94;
2025.10.16 03:45:06;Sell;0.03;EURUSDp;1.16655;;1.16350;2025.10.16 13:16:41;1.16543;-0.15;;2.88;
2025.10.14 09:33:36;Buy;0.01;EURUSDp;1.15714;;1.16000;2025.10.14 17:41:27;1.15911;-0.05;;1.70;
2025.10.14 10:43:14;Buy;0.01;EURUSDp;1.15493;;1.15800;2025.10.14 15:17:21;1.15636;-0.05;;1.24;
2025.10.10 08:59:20;Sell;0.01;EURUSDp;1.15704;;1.15500;2025.10.14 10:42:53;1.15494;-0.05;0.08;1.82;[tp]
2025.10.14 08:44:25;Sell;0.01;EURUSDp;1.15907;;1.15600;2025.10.14 09:29:00;1.15711;-0.05;;1.69;
2025.10.14 02:57:36;Buy;0.01;EURUSDp;1.15669;;1.15850;2025.10.14 07:18:30;1.15853;-0.05;;1.59;[tp]
2025.10.10 18:04:13;Sell;0.01;EURUSDp;1.15920;;1.15500;2025.10.13 14:44:04;1.15742;-0.05;0.04;1.54;
2025.10.13 01:09:47;Buy;0.01;EURUSDp;1.15972;;1.16150;2025.10.13 03:57:44;1.16150;-0.05;;1.53;[tp]
2025.10.10 18:10:01;Sell;0.02;EURUSDp;1.16178;;1.15900;2025.10.10 19:20:06;1.16089;-0.10;;1.53;
2025.10.08 02:46:45;Buy;0.01;EURUSDp;1.16549;;1.16300;2025.10.10 18:29:41;1.16259;-0.05;-0.35;-2.49;
2025.10.09 17:38:51;Buy;0.01;EURUSDp;1.15816;;1.16200;2025.10.10 18:05:46;1.15962;-0.05;-0.09;1.26;
2025.10.09 18:35:23;Buy;0.02;EURUSDp;1.15585;;1.16000;2025.10.10 11:06:41;1.15804;-0.10;-0.17;3.78;
2025.10.08 23:35:22;Sell;0.01;EURUSDp;1.16275;;1.15700;2025.10.09 17:38:57;1.15810;-0.05;0.11;4.02;
2025.10.09 16:51:33;Sell;0.01;EURUSDp;1.16048;;1.15800;2025.10.09 17:25:21;1.15876;-0.05;;1.48;
2025.10.09 16:43:51;Buy;0.01;EURUSDp;1.15930;;1.16400;2025.10.09 16:51:13;1.16047;-0.05;;1.01;
2025.10.08 04:30:01;Buy;0.01;EURUSDp;1.16293;;1.16448;2025.10.09 04:29:42;1.16447;-0.05;-0.26;1.32;
2025.10.08 19:00:01;Buy;0.01;EURUSDp;1.16067;;1.16448;2025.10.08 21:42:05;1.16195;-0.05;;1.10;
2025.10.07 10:13:51;Buy;0.01;EURUSDp;1.16804;;1.17200;2025.10.07 18:53:11;1.16768;-0.05;;-0.31;
2025.10.06 13:32:42;Sell;0.01;EURUSDp;1.16635;;1.16700;2025.10.07 11:45:25;1.16698;-0.05;0.04;-0.54;[tp]
2025.10.06 15:53:27;Sell;0.01;EURUSDp;1.16869;;1.16700;2025.10.07 10:45:51;1.16724;-0.05;0.04;1.24;
2025.10.07 10:12:49;Buy;0.01;EURUSDp;1.16789;;;2025.10.07 10:13:46;1.16801;-0.05;;0.10;
2025.10.06 17:50:40;Sell;0.02;EURUSDp;1.17104;;1.16700;2025.10.07 10:12:45;1.16789;-0.10;0.08;5.39;
2025.10.06 01:06:43;Buy;0.01;EURUSDp;1.17179;;1.17100;2025.10.06 17:49:33;1.17098;-0.05;;-0.69;
2025.10.06 09:46:40;Buy;0.01;EURUSDp;1.16998;;1.17100;2025.10.06 17:01:48;1.16981;-0.05;;-0.15;
2025.10.06 10:44:53;Buy;0.02;EURUSDp;1.16724;;1.17000;2025.10.06 15:53:55;1.16866;-0.10;;2.43;
2025.10.03 03:34:51;Sell;0.01;EURUSDp;1.17213;;1.16700;2025.10.06 09:52:25;1.16931;-0.05;0.04;2.41;
2025.10.02 16:44:25;Buy;0.01;EURUSDp;1.17264;;1.17400;2025.10.03 03:34:53;1.17213;-0.05;-0.09;-0.44;
2025.10.02 18:19:10;Buy;0.01;EURUSDp;1.16942;;1.17300;2025.10.02 19:20:00;1.17059;-0.05;;1.00;
2025.09.26 11:41:37;Sell;0.01;EURUSDp;1.16871;;1.16850;2025.10.02 18:51:44;1.16850;-0.05;0.24;0.18;[tp]
2025.09.26 02:32:05;Sell;0.01;EURUSDp;1.16607;;1.16850;2025.10.02 18:51:44;1.16849;-0.05;0.24;-2.07;[tp]
2025.09.29 16:03:53;Sell;0.02;EURUSDp;1.17439;;1.16850;2025.10.02 18:19:03;1.16940;-0.10;0.39;8.53;
2025.10.02 01:29:16;Buy;0.01;EURUSDp;1.17339;;1.17500;2025.10.02 10:06:31;1.17502;-0.05;;1.39;[tp]
2025.09.17 21:36:01;Buy;0.01;EURUSDp;1.18787;;1.17700;2025.09.29 16:04:03;1.17440;-0.05;-1.38;-11.47;
2025.09.29 14:29:14;Buy;0.01;EURUSDp;1.17110;;1.17500;2025.09.29 15:18:49;1.17256;-0.05;;1.25;
2025.09.29 03:54:32;Sell;0.02;EURUSDp;1.17220;;1.16850;2025.09.29 14:29:09;1.17110;-0.10;;1.88;
2025.09.25 15:32:27;Buy;0.03;EURUSDp;1.17096;;1.17600;2025.09.26 23:18:16;1.17060;-0.15;-0.26;-0.92;
2025.09.24 13:28:27;Buy;0.01;EURUSDp;1.17587;;1.17500;2025.09.26 17:12:04;1.16938;-0.05;-0.35;-5.55;
2025.09.25 17:43:01;Buy;0.03;EURUSDp;1.16773;;1.17000;2025.09.26 17:11:32;1.16941;-0.15;-0.26;4.31;
2025.09.12 17:21:07;Sell;0.01;EURUSDp;1.17216;;1.17000;2025.09.25 15:40:37;1.17003;-0.05;0.59;1.82;
2025.09.02 15:35:04;Sell;0.01;EURUSDp;1.16241;;1.17000;2025.09.25 15:40:37;1.17002;-0.05;1.17;-6.50;
2025.09.15 12:48:57;Sell;0.01;EURUSDp;1.17472;;1.17100;2025.09.25 15:32:27;1.17097;-0.05;0.54;3.20;
2025.09.25 09:47:52;Sell;0.03;EURUSDp;1.17458;;1.17100;2025.09.25 11:02:19;1.17336;-0.15;;3.12;
2025.09.22 13:07:30;Sell;0.03;EURUSDp;1.17766;;1.17200;2025.09.24 11:32:07;1.17704;-0.15;0.25;1.58;
2025.09.18 15:47:06;Buy;0.01;EURUSDp;1.18037;;1.18200;2025.09.22 17:02:40;1.17722;-0.05;-0.28;-2.68;
2025.09.18 16:41:00;Buy;0.02;EURUSDp;1.17569;;1.18000;2025.09.18 17:11:59;1.17732;-0.10;;2.77;
2025.09.16 06:31:40;Sell;0.02;EURUSDp;1.17803;;1.17400;2025.09.18 16:45:21;1.17509;-0.10;0.37;5.00;
2025.09.16 12:49:35;Sell;0.02;EURUSDp;1.18156;;1.17500;2025.09.18 16:38:38;1.17659;-0.10;0.37;8.45;
2025.09.18 12:55:54;Sell;0.03;EURUSDp;1.18395;;1.17700;2025.09.18 15:20:38;1.18171;-0.15;;5.69;
2025.09.18 01:08:31;Buy;0.01;EURUSDp;1.18139;;1.18600;2025.09.18 12:55:08;1.18404;-0.05;;2.24;
2025.09.17 21:02:25;Sell;0.03;EURUSDp;1.18858;;1.18000;2025.09.17 22:08:30;1.18485;-0.15;;9.44;
2025.09.17 02:20:21;Buy;0.01;EURUSDp;1.18707;;1.19000;2025.09.17 21:07:32;1.19001;-0.05;;2.47;
2025.09.17 10:45:35;Buy;0.01;EURUSDp;1.18456;;1.19000;2025.09.17 21:02:31;1.18874;-0.05;;3.52;
2025.09.16 17:14:22;Sell;0.03;EURUSDp;1.18368;;1.17800;2025.09.17 01:06:43;1.18642;-0.15;0.14;-6.93;
2025.09.12 13:22:13;Buy;0.01;EURUSDp;1.17284;;1.17400;2025.09.12 20:32:38;1.17347;-0.05;;0.54;
2025.09.12 15:41:18;Buy;0.01;EURUSDp;1.17047;;1.17400;2025.09.12 17:10:53;1.17187;-0.05;;1.19;
2025.09.11 16:12:58;Sell;0.01;EURUSDp;1.17290;;1.16750;2025.09.12 15:49:21;1.17088;-0.05;0.05;1.73;
2025.09.09 10:50:59;Buy;0.01;EURUSDp;1.17504;;1.17400;2025.09.11 16:57:18;1.17399;-0.05;-0.57;-0.89;
2025.09.09 14:32:01;Buy;0.01;EURUSDp;1.17502;;1.17400;2025.09.11 16:13:39;1.17254;-0.05;-0.57;-2.12;
2025.09.11 15:16:57;Buy;0.02;EURUSDp;1.16649;;1.17200;2025.09.11 15:35:40;1.17208;-0.10;;9.54;
2025.09.11 11:36:02;Buy;0.02;EURUSDp;1.16940;;1.17200;2025.09.11 15:35:40;1.17206;-0.10;;4.54;[tp]
2025.09.05 08:13:21;Sell;0.01;EURUSDp;1.16685;;1.16600;2025.09.11 15:17:12;1.16693;-0.05;0.29;-0.07;
2025.09.08 01:03:01;Sell;0.02;EURUSDp;1.17160;;1.16670;2025.09.10 10:02:21;1.16888;-0.10;0.18;4.65;
2025.09.09 21:03:42;Buy;0.02;EURUSDp;1.17100;;;2025.09.09 23:44:42;1.17082;-0.10;;-0.31;
2025.09.08 16:11:26;Sell;0.02;EURUSDp;1.17471;;1.17000;2025.09.09 15:43:26;1.17311;-0.10;0.09;2.73;
2025.09.08 19:48:04;Buy;0.01;EURUSDp;1.17385;;1.17820;2025.09.09 09:08:20;1.17750;-0.05;-0.14;3.10;
2025.09.08 13:18:47;Buy;0.01;EURUSDp;1.17238;;1.17600;2025.09.08 16:11:36;1.17467;-0.05;;1.95;
2025.09.08 11:08:54;Sell;0.02;EURUSDp;1.17412;;1.17000;2025.09.08 13:18:28;1.17228;-0.10;;3.14;
2025.09.05 20:19:48;Buy;0.01;EURUSDp;1.17305;;1.17800;2025.09.08 11:08:59;1.17410;-0.05;-0.14;0.89;
2025.09.05 15:45:01;Sell;0.01;EURUSDp;1.17348;;1.17134;2025.09.05 21:35:30;1.17161;-0.05;;1.60;
2025.09.05 19:00:01;Sell;0.01;EURUSDp;1.17584;;1.17134;2025.09.05 21:23:35;1.17209;-0.05;;3.20;
2025.09.05 19:11:47;Sell;0.02;EURUSDp;1.17553;;1.17130;2025.09.05 20:07:21;1.17289;-0.10;;4.50;
2025.09.05 15:40:34;Buy;0.01;EURUSDp;1.17308;;1.17500;2025.09.05 16:52:10;1.17497;-0.05;;1.61;
2025.09.05 15:31:24;Sell;0.02;EURUSDp;1.17428;;1.16900;2025.09.05 15:40:07;1.17321;-0.10;;1.82;
2025.09.01 10:53:08;Buy;0.01;EURUSDp;1.17219;;1.17300;2025.09.05 15:30:04;1.17321;-0.05;-0.85;0.87;[tp]
2025.09.05 13:39:44;Sell;0.02;EURUSDp;1.16919;;1.16500;2025.09.05 14:12:32;1.16904;-0.10;;0.26;
2025.09.04 14:29:10;Buy;0.01;EURUSDp;1.16438;;1.17000;2025.09.05 08:13:05;1.16683;-0.05;-0.14;2.10;
2025.09.03 11:53:59;Sell;0.01;EURUSDp;1.16502;;1.16200;2025.09.04 14:29:49;1.16442;-0.05;0.14;0.52;
2025.09.03 17:05:15;Sell;0.02;EURUSDp;1.16731;;1.16450;2025.09.04 02:40:00;1.16571;-0.10;0.28;2.75;
2025.09.01 18:52:21;Buy;0.01;EURUSDp;1.17028;;1.17350;2025.09.03 12:22:32;1.16527;-0.05;-0.28;-4.30;
2025.09.02 16:26:11;Sell;0.01;EURUSDp;1.16390;;1.16200;2025.09.03 03:17:21;1.16317;-0.05;0.05;0.63;
2025.09.02 17:12:24;Sell;0.02;EURUSDp;1.16718;;1.16200;2025.09.02 19:20:26;1.16481;-0.10;;4.07;
2025.09.02 11:38:57;Buy;0.01;EURUSDp;1.16484;;1.16900;2025.09.02 17:01:25;1.16597;-0.05;;0.97;from #309986814
2025.09.02 11:38:57;Buy;0.01;EURUSDp;1.16484;;1.16900;2025.09.02 16:42:52;1.16469;-0.05;;-0.13;to #310000086
2025.09.02 15:30:01;Buy;0.01;EURUSDp;1.16263;;1.16677;2025.09.02 16:25:57;1.16408;-0.05;;1.25;
2025.08.28 13:27:23;Sell;0.02;EURUSDp;1.16642;;1.16500;2025.09.02 10:54:33;1.16514;-0.10;0.27;2.20;
2025.08.27 19:49:33;Sell;0.01;EURUSDp;1.16386;;1.16500;2025.09.02 10:54:33;1.16513;-0.05;0.25;-1.09;
2025.08.27 18:31:27;Sell;0.01;EURUSDp;1.16084;;1.16500;2025.09.02 10:54:33;1.16502;-0.05;0.25;-3.59;
2025.08.29 17:33:43;Sell;0.01;EURUSDp;1.16960;;1.16600;2025.09.02 10:53:13;1.16603;-0.05;0.09;3.06;from #309919052
2025.08.29 17:33:43;Sell;0.01;EURUSDp;1.16960;;1.16600;2025.09.02 08:50:24;1.16937;-0.05;0.09;0.20;to #309976901
2025.09.01 06:00:01;Sell;0.01;EURUSDp;1.17117;;1.16891;2025.09.02 07:27:41;1.16921;-0.05;0.05;1.68;
2025.09.01 09:08:48;Sell;0.02;EURUSDp;1.17228;;1.16700;2025.09.01 18:52:36;1.17029;-0.10;;3.40;
2025.09.01 09:45:02;Sell;0.01;EURUSDp;1.17322;;1.16891;2025.09.01 17:25:46;1.17104;-0.05;;1.86;
2025.08.28 20:00:01;Sell;0.01;EURUSDp;1.16891;;1.16483;2025.08.29 15:41:28;1.16591;-0.05;0.05;2.57;
2025.08.28 20:05:41;Sell;0.02;EURUSDp;1.16954;;1.16480;2025.08.29 01:42:10;1.16743;-0.10;0.09;3.61;
2025.08.25 13:44:37;Buy;0.01;EURUSDp;1.16868;;1.16400;2025.08.27 19:49:29;1.16388;-0.05;-0.22;-4.12;
2025.08.25 18:54:05;Buy;0.01;EURUSDp;1.16682;;1.16400;2025.08.27 19:49:24;1.16393;-0.05;-0.22;-2.48;
2025.08.27 14:00:02;Buy;0.01;EURUSDp;1.15796;;1.16238;2025.08.27 19:32:09;1.16242;-0.05;;3.84;[tp]
2025.08.27 10:45:02;Buy;0.01;EURUSDp;1.16013;;1.16238;2025.08.27 19:32:09;1.16242;-0.05;;1.97;[tp]
2025.08.27 11:24:35;Buy;0.02;EURUSDp;1.15920;;1.16330;2025.08.27 18:18:27;1.16055;-0.10;;2.33;
2025.08.26 17:27:42;Sell;0.01;EURUSDp;1.16644;;1.16400;2025.08.26 18:34:12;1.16533;-0.05;;0.95;
2025.08.25 21:12:28;Buy;0.02;EURUSDp;1.16400;;1.16700;2025.08.26 03:16:33;1.16493;-0.10;-0.22;1.60;
2025.08.25 22:09:53;Buy;0.02;EURUSDp;1.16075;;1.16500;2025.08.26 03:11:32;1.16410;-0.10;-0.22;5.76;
2025.08.22 18:50:00;Sell;0.01;EURUSDp;1.17151;;1.16900;2025.08.25 08:48:07;1.17005;-0.05;0.03;1.25;
2025.08.22 20:45:01;Sell;0.01;EURUSDp;1.17407;;1.16892;2025.08.22 22:32:19;1.17199;-0.05;;1.77;
2025.08.21 02:01:27;Buy;0.01;EURUSDp;1.16519;;1.16500;2025.08.22 17:00:17;1.16468;-0.05;-0.11;-0.44;
2025.08.21 16:56:24;Buy;0.01;EURUSDp;1.16196;;1.16400;2025.08.22 17:00:09;1.16413;-0.05;-0.11;1.86;[tp]
2025.08.22 09:58:42;Buy;0.02;EURUSDp;1.15879;;1.16300;2025.08.22 12:35:00;1.15992;-0.10;;1.95;
2025.08.20 10:34:47;Sell;0.01;EURUSDp;1.16444;;1.16100;2025.08.21 16:56:18;1.16194;-0.05;0.10;2.15;
2025.08.20 15:36:28;Sell;0.01;EURUSDp;1.16633;;1.16300;2025.08.20 18:56:32;1.16492;-0.05;;1.21;
2025.08.19 21:26:35;Buy;0.01;EURUSDp;1.16501;;1.16600;2025.08.20 13:41:08;1.16510;-0.05;-0.11;0.08;
2025.08.20 09:29:11;Buy;0.01;EURUSDp;1.16259;;1.16600;2025.08.20 09:49:03;1.16365;-0.05;;0.91;
2025.08.19 09:56:28;Sell;0.01;EURUSDp;1.16726;;;2025.08.19 19:11:50;1.16602;-0.05;;1.06;
2025.08.18 19:32:35;Buy;0.01;EURUSDp;1.16657;;1.16850;2025.08.19 09:55:41;1.16709;-0.05;-0.11;0.45;
2025.08.15 15:42:10;Sell;0.01;EURUSDp;1.16973;;1.16730;2025.08.18 11:04:22;1.16732;-0.05;0.03;2.06;
2025.08.14 18:45:02;Buy;0.01;EURUSDp;1.16410;;1.16768;2025.08.15 04:29:50;1.16535;-0.05;-0.11;1.07;
2025.08.14 15:35:13;Buy;0.01;EURUSDp;1.16735;;1.17000;2025.08.14 15:46:52;1.16818;-0.05;;0.71;
2025.08.14 13:36:30;Sell;0.01;EURUSDp;1.16946;;1.16550;2025.08.14 15:30:11;1.16561;-0.05;;3.30;
2025.08.14 11:00:27;Buy;0.01;EURUSDp;1.16787;;1.17080;2025.08.14 13:36:16;1.16949;-0.05;;1.39;
2025.08.13 12:40:45;Sell;0.01;EURUSDp;1.17267;;1.17000;2025.08.13 14:39:13;1.17120;-0.05;;1.26;
2025.08.07 13:51:09;Buy;0.01;EURUSDp;1.16693;;1.16600;2025.08.12 16:45:06;1.16602;-0.05;-0.33;-0.78;[tp]
2025.08.12 15:45:59;Sell;0.01;EURUSDp;1.16475;;1.16250;2025.08.12 16:07:33;1.16247;-0.05;;1.96;[tp]
2025.08.11 14:49:03;Buy;0.01;EURUSDp;1.16257;;1.16600;2025.08.12 15:45:53;1.16482;-0.05;-0.11;1.93;
2025.08.08 17:38:19;Sell;0.01;EURUSDp;1.16552;;1.16313;2025.08.11 14:36:19;1.16315;-0.05;0.03;2.04;
2025.08.08 12:04:00;Buy;0.01;EURUSDp;1.16435;;1.17000;2025.08.08 17:38:14;1.16552;-0.05;;1.00;
2025.08.07 14:50:19;Buy;0.01;EURUSDp;1.16431;;1.17000;2025.08.07 19:37:37;1.16384;-0.05;;-0.40;
2025.08.06 20:45:02;Sell;0.01;EURUSDp;1.16547;;1.16323;2025.08.07 17:08:30;1.16301;-0.05;0.10;2.12;[tp]
2025.08.06 16:15:01;Sell;0.01;EURUSDp;1.16323;;1.16323;2025.08.07 17:08:30;1.16306;-0.05;0.10;0.15;
2025.08.07 09:00:01;Sell;0.01;EURUSDp;1.16759;;1.16323;2025.08.07 14:50:39;1.16453;-0.05;;2.63;
2025.08.05 11:43:33;Buy;0.01;EURUSDp;1.15380;;1.15700;2025.08.05 12:53:41;1.15458;-0.05;;0.68;
2025.07.21 03:25:41;Sell;0.01;EURUSDp;1.16294;;1.16300;2025.07.22 12:26:09;1.17007;-0.05;0.03;-6.09;from #308499415
2025.07.21 14:37:16;Sell;0.01;EURUSDp;1.16611;;1.16300;2025.07.22 12:26:05;1.17001;-0.05;0.03;-3.33;from #308512368
2025.07.17 16:29:06;Sell;0.01;EURUSDp;1.15875;;1.16300;2025.07.22 12:26:01;1.17001;-0.05;0.10;-9.62;from #308455656
2025.07.21 17:39:35;Sell;0.01;EURUSDp;1.16905;;1.16300;2025.07.22 09:11:42;1.16889;-0.05;0.03;0.14;from #308518859
2025.07.17 16:29:06;Sell;0.01;EURUSDp;1.15875;;1.16300;2025.07.21 19:27:59;1.16994;-0.05;0.07;-9.56;to #308524287
2025.07.21 03:25:41;Sell;0.01;EURUSDp;1.16294;;1.16300;2025.07.21 19:27:54;1.16993;-0.05;;-5.97;to #308524279
2025.07.21 14:37:16;Sell;0.01;EURUSDp;1.16611;;1.16300;2025.07.21 19:27:50;1.16994;-0.05;;-3.27;to #308524272
2025.07.21 17:39:35;Sell;0.01;EURUSDp;1.16905;;1.16300;2025.07.21 19:27:45;1.16999;-0.05;;-0.80;to #308524265
2025.07.01 12:09:40;Buy;0.02;EURUSDp;1.18010;;1.17250;2025.07.21 18:21:48;1.17137;-0.10;-4.27;-14.91;
2025.07.08 13:39:12;Buy;0.02;EURUSDp;1.17312;;1.17500;2025.07.21 14:39:09;1.16613;-0.10;-2.79;-11.99;
2025.07.18 04:47:37;Sell;0.02;EURUSDp;1.16298;;1.16250;2025.07.18 20:14:28;1.16249;-0.10;;0.84;[tp]
2025.07.18 16:26:20;Sell;0.02;EURUSDp;1.16643;;1.16250;2025.07.18 18:30:04;1.16552;-0.10;;1.56;
2025.07.17 12:58:40;Sell;0.01;EURUSDp;1.15889;;1.15650;2025.07.17 15:30:43;1.15651;-0.05;;2.06;
2025.07.15 23:53:45;Sell;0.02;EURUSDp;1.15999;;1.16000;2025.07.16 18:57:47;1.16262;-0.10;0.07;-4.52;
2025.07.16 18:18:47;Sell;0.02;EURUSDp;1.16646;;1.16000;2025.07.16 18:57:05;1.16244;-0.10;;6.92;
2025.07.10 16:35:03;Buy;0.02;EURUSDp;1.16967;;1.17300;2025.07.16 18:28:13;1.16807;-0.10;-0.85;-2.74;
2025.07.14 20:11:55;Buy;0.02;EURUSDp;1.16616;;1.17300;2025.07.16 18:18:27;1.16761;-0.10;-0.43;2.48;
2025.07.15 17:32:00;Buy;0.03;EURUSDp;1.16198;;1.16800;2025.07.16 18:00:36;1.15947;-0.15;-0.33;-6.49;
2025.07.16 16:45:02;Buy;0.01;EURUSDp;1.15784;;1.16155;2025.07.16 18:00:17;1.15971;-0.05;;1.61;
2025.07.14 03:18:09;Sell;0.01;EURUSDp;1.16887;;1.16500;2025.07.14 20:12:11;1.16610;-0.05;;2.38;
2025.07.11 22:10:09;Sell;0.02;EURUSDp;1.16867;;1.16600;2025.07.14 00:42:00;1.16740;-0.10;0.07;2.18;
2025.07.07 21:21:24;Sell;0.01;EURUSDp;1.17031;;1.16750;2025.07.10 17:23:58;1.16720;-0.05;0.16;2.66;[tp]
2025.07.09 21:21:42;Sell;0.01;EURUSDp;1.17161;;1.16850;2025.07.10 15:51:51;1.17062;-0.05;0.10;0.85;
2025.07.10 03:11:53;Sell;0.01;EURUSDp;1.17464;;1.17000;2025.07.10 03:47:04;1.17466;-0.05;;-0.02;
2025.07.09 18:07:05;Sell;0.01;EURUSDp;1.17143;;1.16850;2025.07.09 19:31:00;1.17038;-0.05;;0.90;
2025.07.08 17:20:05;Buy;0.02;EURUSDp;1.16897;;1.17300;2025.07.08 19:04:02;1.17075;-0.10;;3.04;
2025.07.08 07:04:07;Sell;0.01;EURUSDp;1.17465;;1.17000;2025.07.08 13:37:44;1.17284;-0.05;;1.54;
2025.07.07 12:04:18;Buy;0.02;EURUSDp;1.17268;;1.17650;2025.07.08 10:18:39;1.17515;-0.10;-0.21;4.20;
2025.07.07 20:00:01;Buy;0.01;EURUSDp;1.16951;;1.17358;2025.07.07 21:19:31;1.17013;-0.05;;0.53;
2025.07.07 19:57:37;Buy;0.02;EURUSDp;1.16905;;1.17650;2025.07.07 20:35:15;1.17081;-0.10;;3.01;
2025.06.23 16:48:54;Sell;0.01;EURUSDp;1.14886;;1.17000;2025.07.07 19:54:29;1.17002;-0.05;0.44;-18.09;
2025.07.04 11:24:22;Buy;0.02;EURUSDp;1.17704;;1.18000;2025.07.04 12:35:36;1.17774;-0.10;;1.19;
2025.07.03 15:30:39;Buy;0.02;EURUSDp;1.17355;;1.18000;2025.07.03 15:41:00;1.17497;-0.10;;2.42;
2025.06.23 17:15:42;Sell;0.01;EURUSDp;1.15196;;1.17250;2025.07.03 15:32:13;1.17242;-0.05;0.38;-17.45;[tp]
2025.07.01 19:57:14;Sell;0.03;EURUSDp;1.17628;;1.17250;2025.07.03 15:30:29;1.17312;-0.15;0.40;8.08;
2025.07.01 17:44:00;Buy;0.02;EURUSDp;1.17820;;1.18500;2025.07.01 22:17:02;1.17874;-0.10;;0.92;
2025.07.01 01:15:01;Sell;0.03;EURUSDp;1.17840;;1.17540;2025.07.01 19:43:15;1.17640;-0.15;;5.10;
2025.07.01 12:45:00;Sell;0.05;EURUSDp;1.18212;;1.17540;2025.07.01 15:49:44;1.18048;-0.25;;6.95;
2025.06.27 16:06:32;Buy;0.01;EURUSDp;1.17411;;1.18000;2025.07.01 01:21:01;1.17867;-0.05;-0.22;3.87;
2025.06.27 16:33:19;Buy;0.01;EURUSDp;1.17210;;1.17600;2025.06.30 17:45:37;1.17475;-0.05;-0.11;2.26;
2025.06.23 20:38:53;Sell;0.01;EURUSDp;1.15665;;1.16700;2025.06.27 21:01:19;1.17044;-0.05;0.20;-11.78;from #307863947
2025.06.23 20:38:53;Sell;0.01;EURUSDp;1.15665;;1.16700;2025.06.27 17:58:04;1.17165;-0.05;0.21;-12.80;to #307982090
2025.06.27 16:00:01;Sell;0.03;EURUSDp;1.17470;;1.16841;2025.06.27 16:33:14;1.17210;-0.15;;6.65;from #307977068
2025.06.27 16:00:01;Sell;0.03;EURUSDp;1.17470;;1.16841;2025.06.27 16:05:26;1.17384;-0.16;;2.20;to #307977443
2025.06.27 14:54:43;Buy;0.01;EURUSDp;1.17130;;1.17700;2025.06.27 15:59:43;1.17455;-0.05;;2.77;
2025.06.23 21:00:02;Sell;0.01;EURUSDp;1.15688;;1.16512;2025.06.27 14:53:34;1.17111;-0.05;0.19;-12.15;
2025.06.27 01:02:43;Buy;0.04;EURUSDp;1.16936;;1.17600;2025.06.27 09:49:12;1.17110;-0.21;;5.94;
2025.06.25 20:45:01;Sell;0.01;EURUSDp;1.16392;;1.16512;2025.06.27 01:46:36;1.16825;-0.05;0.13;-3.71;
2025.06.26 00:45:22;Buy;0.03;EURUSDp;1.16551;;1.17500;2025.06.26 19:59:26;1.17296;-0.15;;19.05;
2025.06.26 02:15:01;Sell;0.02;EURUSDp;1.16740;;1.16512;2025.06.26 15:10:38;1.16970;-0.10;;-3.93;
2025.06.26 11:00:01;Sell;0.03;EURUSDp;1.17103;;1.16512;2025.06.26 15:07:26;1.16917;-0.15;;4.77;
2025.06.26 06:05:39;Sell;0.03;EURUSDp;1.17073;;1.16000;2025.06.26 09:05:53;1.16762;-0.15;;7.99;
2025.06.12 15:54:00;Buy;0.01;EURUSDp;1.16139;;1.16800;2025.06.25 21:51:03;1.16575;-0.05;-1.18;3.74;
2025.06.24 19:02:29;Buy;0.01;EURUSDp;1.16108;;1.16700;2025.06.25 21:51:00;1.16575;-0.05;-0.11;4.01;
2025.06.24 17:24:26;Sell;0.03;EURUSDp;1.16287;;1.15700;2025.06.24 18:01:27;1.16175;-0.15;;2.89;
2025.06.24 12:57:35;Buy;0.01;EURUSDp;1.16118;;1.16450;2025.06.24 17:25:45;1.16353;-0.05;;2.02;
2025.06.24 16:26:14;Buy;0.01;EURUSDp;1.15870;;1.16300;2025.06.24 17:24:26;1.16283;-0.05;;3.55;
2025.06.24 10:32:01;Buy;0.01;EURUSDp;1.15840;;1.16100;2025.06.24 12:24:08;1.16098;-0.05;;2.22;
2025.06.24 09:30:01;Sell;0.01;EURUSDp;1.16151;;1.15708;2025.06.24 10:31:23;1.15830;-0.05;;2.77;
2025.06.24 01:15:04;Sell;0.01;EURUSDp;1.15928;;1.15505;2025.06.24 01:15:38;1.15920;-0.05;;0.07;
2025.06.24 01:08:58;Sell;0.01;EURUSDp;1.15927;;1.15800;2025.06.24 01:12:19;1.15932;-0.05;;-0.04;
2025.06.16 18:44:54;Buy;0.01;EURUSDp;1.15859;;1.15650;2025.06.23 20:30:56;1.15657;-0.05;-0.76;-1.75;from #307692748
2025.06.16 18:44:54;Buy;0.01;EURUSDp;1.15859;;1.15650;2025.06.23 18:24:03;1.15387;-0.05;-0.76;-4.09;to #307859301
2025.06.23 12:09:54;Buy;0.01;EURUSDp;1.14618;;1.15000;2025.06.23 13:37:53;1.14639;-0.05;;0.18;
2025.06.23 08:04:31;Sell;0.01;EURUSDp;1.14944;;1.14700;2025.06.23 12:07:00;1.14733;-0.05;;1.84;
2025.06.23 09:04:29;Sell;0.01;EURUSDp;1.15188;;1.14700;2025.06.23 09:13:21;1.15057;-0.05;;1.14;
2025.06.12 17:09:32;Buy;0.01;EURUSDp;1.15892;;1.15130;2025.06.23 08:47:08;1.15142;-0.05;-0.96;-6.51;[tp]
2025.06.23 02:22:47;Sell;0.01;EURUSDp;1.14956;;1.14850;2025.06.23 03:20:07;1.14851;-0.05;;0.91;
2025.06.19 22:16:41;Sell;0.01;EURUSDp;1.14904;;1.14600;2025.06.23 00:06:47;1.14653;-0.05;0.06;2.19;
2025.06.20 02:23:01;Sell;0.01;EURUSDp;1.15071;;1.14800;2025.06.23 00:05:04;1.14626;-0.05;0.03;3.88;[tp]
2025.06.17 17:35:13;Buy;0.01;EURUSDp;1.15209;;1.15600;2025.06.20 02:31:44;1.15103;-0.05;-0.55;-0.92;from #307729940
2025.06.18 01:56:28;Sell;0.01;EURUSDp;1.14754;;1.14400;2025.06.19 19:55:00;1.14555;-0.05;0.10;1.74;from #307741652
2025.06.18 22:30:02;Buy;0.01;EURUSDp;1.14667;;1.15111;2025.06.18 22:37:24;1.14739;-0.05;;0.63;
2025.06.17 17:35:13;Buy;0.02;EURUSDp;1.15209;;1.15500;2025.06.18 22:24:38;1.14710;-0.11;-0.22;-8.70;to #307769507
2025.06.18 01:56:28;Sell;0.01;EURUSDp;1.14754;;1.14400;2025.06.18 22:12:07;1.14644;-0.05;;0.96;to #307769182
2025.06.18 09:25:46;Sell;0.02;EURUSDp;1.15132;;1.14700;2025.06.18 21:51:10;1.14815;-0.10;;5.52;
2025.06.17 20:46:29;Buy;0.04;EURUSDp;1.14804;;1.15400;2025.06.18 09:26:04;1.15144;-0.21;-0.44;11.81;
2025.06.17 20:45:01;Buy;0.01;EURUSDp;1.14912;;1.15311;2025.06.18 07:08:39;1.14982;-0.05;-0.11;0.61;
2025.06.17 18:24:14;Sell;0.01;EURUSDp;1.15237;;1.15000;2025.06.17 19:56:15;1.15000;-0.05;;2.06;[tp]
2025.06.17 17:45:01;Buy;0.01;EURUSDp;1.15127;;1.15514;2025.06.17 17:51:47;1.15250;-0.05;;1.07;
2025.06.17 16:25:05;Sell;0.01;EURUSDp;1.15642;;1.15489;2025.06.17 17:15:41;1.15490;-0.05;;1.32;
2025.06.10 12:05:42;Sell;0.01;EURUSDp;1.14120;;1.14700;2025.06.16 22:24:32;1.15689;-0.05;0.18;-13.56;
2025.06.12 20:28:15;Buy;0.02;EURUSDp;1.15679;;1.16500;2025.06.16 17:14:50;1.16095;-0.10;-0.40;7.17;
2025.06.10 14:03:24;Sell;0.01;EURUSDp;1.14205;;1.14700;2025.06.16 01:32:34;1.15349;-0.05;0.18;-9.92;
2025.06.13 17:30:11;Sell;0.02;EURUSDp;1.15446;;1.15300;2025.06.13 17:39:10;1.15365;-0.10;;1.40;
2025.06.13 13:04:23;Buy;0.03;EURUSDp;1.15260;;1.15550;2025.06.13 15:19:04;1.15121;-0.16;;-3.62;
2025.06.11 18:31:08;Sell;0.01;EURUSDp;1.14877;;1.14850;2025.06.13 13:50:45;1.14955;-0.05;0.12;-0.68;
2025.06.12 11:16:21;Sell;0.02;EURUSDp;1.15391;;1.15050;2025.06.13 13:38:49;1.15070;-0.10;0.06;5.58;
2025.06.12 11:15:13;Sell;0.01;EURUSDp;1.15304;;1.15376;2025.06.13 04:37:25;1.15374;-0.05;0.03;-0.61;[tp]
2025.06.12 02:15:03;Sell;0.01;EURUSDp;1.15095;;1.15376;2025.06.13 04:37:25;1.15374;-0.05;0.03;-2.42;[tp]
2025.06.11 18:30:31;Sell;0.01;EURUSDp;1.14881;;1.15376;2025.06.13 04:37:25;1.15374;-0.05;0.12;-4.27;[tp]
2025.06.12 12:15:46;Sell;0.01;EURUSDp;1.15576;;1.15376;2025.06.12 18:57:19;1.15803;-0.05;;-1.96;
2025.06.12 12:19:23;Sell;0.01;EURUSDp;1.15555;;1.15376;2025.06.12 18:57:06;1.15810;-0.05;;-2.20;
2025.06.12 14:15:15;Sell;0.02;EURUSDp;1.15940;;1.15376;2025.06.12 17:10:02;1.15880;-0.10;;1.04;
2025.06.12 15:32:56;Buy;0.02;EURUSDp;1.16212;;1.16400;2025.06.12 15:36:41;1.16223;-0.10;;0.19;
2025.06.12 13:35:50;Buy;0.02;EURUSDp;1.15924;;1.16300;2025.06.12 15:30:37;1.16302;-0.10;;6.50;[tp]
2025.06.12 13:30:54;Sell;0.02;EURUSDp;1.15941;;1.15900;2025.06.12 14:30:17;1.15929;-0.10;;0.21;
2025.06.12 13:23:39;Buy;0.02;EURUSDp;1.15798;;1.15900;2025.06.12 13:28:42;1.15905;-0.10;;1.85;[tp]
2025.06.12 09:31:38;Buy;0.01;EURUSDp;1.15217;;1.15500;2025.06.12 11:52:24;1.15445;-0.05;;1.97;
2025.06.11 15:41:58;Sell;0.02;EURUSDp;1.14734;;1.14500;2025.06.11 15:58:41;1.14621;-0.10;;1.97;
2025.06.11 12:39:37;Sell;0.02;EURUSDp;1.14415;;1.13900;2025.06.11 14:41:33;1.14295;-0.10;;2.10;
2025.06.05 17:02:06;Buy;0.01;EURUSDp;1.14819;;1.14600;2025.06.11 11:52:13;1.14345;-0.05;-0.40;-4.15;
2025.06.10 16:08:21;Sell;0.02;EURUSDp;1.14469;;1.14000;2025.06.10 18:08:03;1.14258;-0.10;;3.69;
2025.06.05 17:54:31;Buy;0.01;EURUSDp;1.14564;;1.14500;2025.06.10 16:08:53;1.14457;-0.05;-0.30;-0.93;
2025.06.06 10:26:24;Buy;0.02;EURUSDp;1.14269;;1.14400;2025.06.10 15:03:00;1.14401;-0.11;-0.40;2.31;[tp]
2025.06.10 10:09:17;Buy;0.03;EURUSDp;1.13811;;1.14200;2025.06.10 10:52:02;1.13936;-0.16;;3.29;
2025.06.09 02:12:54;Sell;0.01;EURUSDp;1.14079;;1.14000;2025.06.10 04:51:44;1.13993;-0.05;0.03;0.75;[tp]
2025.06.09 21:52:16;Sell;0.01;EURUSDp;1.14303;;1.14000;2025.06.10 01:13:29;1.14238;-0.05;0.03;0.57;
2025.06.09 11:43:51;Sell;0.01;EURUSDp;1.14353;;1.14000;2025.06.09 13:48:57;1.14193;-0.05;;1.40;
2025.06.06 17:32:19;Sell;0.01;EURUSDp;1.14146;;1.13900;2025.06.06 17:48:38;1.13910;-0.05;;2.07;
2025.06.06 16:15:22;Buy;0.01;EURUSDp;1.13960;;1.14308;2025.06.06 17:39:52;1.14032;-0.05;;0.63;
2025.06.06 16:23:48;Buy;0.03;EURUSDp;1.13781;;1.14300;2025.06.06 17:17:44;1.14052;-0.16;;7.13;
2025.06.05 14:11:02;Sell;0.01;EURUSDp;1.14254;;1.14300;2025.06.05 18:49:40;1.14409;-0.05;;-1.35;
2025.06.05 16:16:46;Sell;0.01;EURUSDp;1.14592;;1.14434;2025.06.05 18:06:04;1.14439;-0.05;;1.34;
2025.06.05 16:21:55;Sell;0.01;EURUSDp;1.14750;;1.14450;2025.06.05 17:55:28;1.14584;-0.05;;1.45;
2025.06.05 16:30:14;Sell;0.01;EURUSDp;1.14897;;1.14434;2025.06.05 17:02:11;1.14821;-0.05;;0.66;
2025.06.02 21:36:38;Buy;0.01;EURUSDp;1.14284;;1.14600;2025.06.05 16:13:23;1.14608;-0.05;-0.50;2.83;
2025.06.03 14:25:22;Buy;0.02;EURUSDp;1.13889;;1.14300;2025.06.04 17:09:02;1.14297;-0.11;-0.20;7.14;
2025.06.02 14:18:12;Buy;0.02;EURUSDp;1.14223;;1.14300;2025.06.04 17:09:00;1.14297;-0.11;-0.40;1.29;
2025.06.04 11:50:06;Sell;0.01;EURUSDp;1.14022;;1.13500;2025.06.04 13:38:18;1.13775;-0.05;;2.17;
2025.06.03 17:07:51;Buy;0.03;EURUSDp;1.13720;;1.14300;2025.06.04 10:48:31;1.13892;-0.16;-0.30;4.53;
2025.05.29 15:02:40;Sell;0.01;EURUSDp;1.12760;;1.12828;2025.06.03 14:24:42;1.13892;-0.05;0.09;-9.94;
2025.05.29 15:24:02;Sell;0.01;EURUSDp;1.12954;;1.12828;2025.06.03 11:17:22;1.14074;-0.05;0.09;-9.82;
2025.06.02 10:46:02;Sell;0.02;EURUSDp;1.14227;;1.13600;2025.06.03 11:16:44;1.14071;-0.11;0.06;2.74;
2025.06.02 10:15:34;Sell;0.01;EURUSDp;1.14127;;1.13995;2025.06.03 02:02:42;1.14461;-0.05;0.03;-2.92;
2025.06.02 17:15:09;Sell;0.01;EURUSDp;1.14401;;1.13995;2025.06.02 18:58:12;1.14291;-0.05;;0.96;
2025.05.29 21:48:45;Buy;0.03;EURUSDp;1.13774;;1.14100;2025.06.02 10:14:03;1.14097;-0.16;-0.60;8.49;
2025.05.30 09:30:13;Buy;0.03;EURUSDp;1.13425;;1.13700;2025.05.30 20:46:54;1.13623;-0.16;;5.23;
2025.05.29 15:41:33;Sell;0.02;EURUSDp;1.13227;;1.13000;2025.05.30 16:50:28;1.13250;-0.11;0.06;-0.41;
2025.05.29 15:45:11;Sell;0.01;EURUSDp;1.13244;;1.13231;2025.05.30 16:44:51;1.13229;-0.05;0.03;0.13;[tp]
2025.05.29 15:58:38;Sell;0.02;EURUSDp;1.13470;;1.13200;2025.05.30 12:15:50;1.13295;-0.11;0.06;3.09;
2025.05.29 16:15:11;Sell;0.01;EURUSDp;1.13452;;1.13231;2025.05.30 12:15:30;1.13293;-0.05;0.03;1.40;
2025.05.29 18:45:19;Sell;0.01;EURUSDp;1.13652;;1.13231;2025.05.30 04:24:13;1.13848;-0.05;0.03;-1.72;
2025.05.29 17:55:12;Buy;0.01;EURUSDp;1.13549;;1.13650;2025.05.29 18:30:58;1.13649;-0.05;;0.88;
2025.05.29 02:35:00;Buy;0.01;EURUSDp;1.12612;;1.12620;2025.05.29 09:22:26;1.12632;-0.05;;0.18;[tp]
2025.05.29 02:39:25;Buy;0.01;EURUSDp;1.12225;;1.12600;2025.05.29 03:07:00;1.12404;-0.05;;1.59;
2025.05.29 02:45:34;Buy;0.01;EURUSDp;1.12203;;1.12500;2025.05.29 02:51:20;1.12341;-0.05;;1.23;
2025.05.28 19:00:36;Buy;0.02;EURUSDp;1.12849;;1.13252;2025.05.28 19:03:52;1.12922;-0.11;;1.29;
2025.05.28 16:56:22;Buy;0.01;EURUSDp;1.13070;;1.13300;2025.05.28 17:11:14;1.13177;-0.05;;0.95;
2025.05.27 21:08:03;Sell;0.01;EURUSDp;1.13302;;1.12800;2025.05.28 16:43:39;1.13003;-0.05;0.03;2.65;
2025.05.28 06:00:50;Buy;0.01;EURUSDp;1.13059;;1.13428;2025.05.28 08:53:31;1.13077;-0.05;;0.16;
2025.05.27 19:00:29;Buy;0.01;EURUSDp;1.13250;;1.13613;2025.05.27 19:33:52;1.13330;-0.05;;0.71;
2025.05.27 13:34:57;Sell;0.01;EURUSDp;1.13449;;1.13160;2025.05.27 19:01:14;1.13249;-0.05;;1.77;
2025.05.27 10:31:31;Buy;0.01;EURUSDp;1.13470;;1.13760;2025.05.27 13:35:17;1.13447;-0.05;;-0.20;
2025.05.22 21:19:34;Sell;0.01;EURUSDp;1.12690;;1.12800;2025.05.26 07:55:51;1.14095;-0.05;0.06;-12.31;
2025.05.26 07:51:04;Sell;0.01;EURUSDp;1.14108;;;2025.05.26 07:55:45;1.14096;-0.05;;0.11;
2025.05.26 01:29:51;Buy;0.01;EURUSDp;1.13758;;1.13928;2025.05.26 03:29:04;1.13925;-0.05;;1.47;
2025.05.23 09:17:08;Sell;0.01;EURUSDp;1.13239;;1.13000;2025.05.23 14:52:37;1.12990;-0.05;;2.20;[tp]
2025.05.23 12:30:24;Sell;0.01;EURUSDp;1.13458;;1.13102;2025.05.23 14:47:21;1.13330;-0.05;;1.13;
2025.05.21 21:06:48;Buy;0.01;EURUSDp;1.13419;;1.13300;2025.05.23 09:17:00;1.13242;-0.05;-0.40;-1.56;
2025.05.22 10:13:42;Buy;0.01;EURUSDp;1.13125;;1.13200;2025.05.23 07:37:07;1.13193;-0.05;-0.10;0.60;
2025.05.22 17:58:06;Buy;0.01;EURUSDp;1.12791;;1.13100;2025.05.23 04:41:24;1.13099;-0.05;-0.10;2.72;
2025.05.22 18:02:54;Buy;0.01;EURUSDp;1.12811;;1.12990;2025.05.23 03:53:58;1.12990;-0.05;-0.10;1.58;[tp]
2025.05.22 20:30:09;Buy;0.01;EURUSDp;1.12593;;1.12991;2025.05.22 21:15:02;1.12740;-0.05;;1.30;
2025.05.19 03:07:02;Sell;0.01;EURUSDp;1.11882;;1.12750;2025.05.22 17:58:48;1.12777;-0.05;0.18;-7.94;
2025.05.22 01:43:47;Buy;0.01;EURUSDp;1.13200;;1.13500;2025.05.22 03:23:29;1.13370;-0.05;;1.50;
2025.05.20 21:28:03;Sell;0.01;EURUSDp;1.12780;;1.12800;2025.05.21 21:10:11;1.13459;-0.05;0.03;-5.98;
2025.05.21 14:04:08;Buy;0.01;EURUSDp;1.13422;;1.13600;2025.05.21 20:23:14;1.13601;-0.05;;1.58;[tp]
2025.05.21 15:07:04;Buy;0.01;EURUSDp;1.13202;;1.13400;2025.05.21 17:01:45;1.13412;-0.05;;1.85;
2025.05.21 05:07:49;Sell;0.02;EURUSDp;1.13081;;1.12800;2025.05.21 15:07:40;1.13235;-0.11;;-2.72;
2025.05.21 13:23:40;Sell;0.03;EURUSDp;1.13570;;1.13000;2025.05.21 14:45:23;1.13288;-0.16;;7.47;
2025.05.21 13:30:33;Sell;0.01;EURUSDp;1.13617;;1.13193;2025.05.21 13:49:41;1.13449;-0.05;;1.48;
2025.05.21 10:51:56;Buy;0.01;EURUSDp;1.13235;;1.13500;2025.05.21 13:23:21;1.13504;-0.05;;2.37;[tp]
2025.05.21 09:15:06;Sell;0.01;EURUSDp;1.13386;;1.12983;2025.05.21 10:18:11;1.13174;-0.05;;1.87;
2025.05.20 18:11:35;Sell;0.01;EURUSDp;1.12617;;1.12200;2025.05.20 19:32:55;1.12479;-0.05;;1.23;
2025.05.20 15:25:22;Buy;0.01;EURUSDp;1.12265;;1.12500;2025.05.20 17:00:45;1.12501;-0.05;;2.10;[tp]
2025.05.19 11:01:46;Sell;0.01;EURUSDp;1.12375;;1.12100;2025.05.20 15:26:13;1.12267;-0.05;0.06;0.96;
2025.05.19 12:51:16;Sell;0.01;EURUSDp;1.12729;;1.12321;2025.05.19 17:06:57;1.12443;-0.05;;2.54;
2025.05.19 11:15:27;Sell;0.01;EURUSDp;1.12485;;1.12111;2025.05.19 11:21:16;1.12489;-0.05;;-0.04;
2025.05.14 13:18:00;Buy;0.01;EURUSDp;1.12420;;1.12600;2025.05.19 11:18:51;1.12490;-0.05;-1.04;0.62;
2025.05.14 14:23:03;Buy;0.01;EURUSDp;1.12188;;1.12000;2025.05.19 03:31:41;1.11856;-0.05;-1.03;-2.97;from #304826386
2025.05.16 17:39:28;Buy;0.02;EURUSDp;1.11656;;1.12000;2025.05.19 01:55:07;1.11936;-0.11;-0.41;5.00;
2025.05.14 14:23:03;Buy;0.01;EURUSDp;1.12188;;1.12300;2025.05.16 07:23:03;1.11982;-0.06;-0.82;-1.84;to #305049809
2025.05.15 18:50:51;Buy;0.02;EURUSDp;1.11833;;1.12100;2025.05.15 20:48:14;1.11717;-0.11;;-2.08;
2025.05.15 14:45:41;Buy;0.02;EURUSDp;1.11882;;1.12200;2025.05.15 15:33:47;1.12094;-0.11;;3.78;
2025.05.14 13:18:08;Buy;0.01;EURUSDp;1.12425;;1.12400;2025.05.15 09:53:29;1.12209;-0.05;-0.62;-1.92;
2025.05.14 19:41:27;Buy;0.02;EURUSDp;1.11831;;1.12200;2025.05.15 09:46:48;1.12198;-0.11;-1.23;6.54;
2025.05.13 15:47:31;Sell;0.01;EURUSDp;1.11270;;1.11700;2025.05.14 22:04:38;1.11686;-0.05;0.06;-3.72;[tp]
2025.05.13 17:42:31;Sell;0.01;EURUSDp;1.11474;;1.11700;2025.05.14 19:42:46;1.11825;-0.05;0.06;-3.14;
2025.05.13 18:00:01;Sell;0.01;EURUSDp;1.11613;;1.11839;2025.05.14 19:41:24;1.11836;-0.05;0.06;-1.99;
2025.05.13 21:45:14;Sell;0.01;EURUSDp;1.11829;;1.11839;2025.05.14 19:41:19;1.11860;-0.05;0.06;-0.28;
2025.05.14 10:45:09;Sell;0.02;EURUSDp;1.12058;;1.11839;2025.05.14 19:32:55;1.11992;-0.11;;1.18;
2025.05.14 11:07:07;Sell;0.02;EURUSDp;1.12326;;1.11830;2025.05.14 14:24:22;1.12215;-0.11;;1.98;
2025.05.14 11:15:03;Sell;0.03;EURUSDp;1.12263;;1.11839;2025.05.14 14:24:17;1.12216;-0.16;;1.26;
2025.05.14 11:55:47;Buy;0.01;EURUSDp;1.12340;;1.12500;2025.05.14 12:15:16;1.12496;-0.05;;1.39;
2025.05.14 03:52:46;Buy;0.01;EURUSDp;1.11893;;1.12200;2025.05.14 10:58:15;1.12161;-0.05;;2.39;
2025.05.13 16:27:06;Sell;0.01;EURUSDp;1.11428;;1.11260;2025.05.13 17:02:12;1.11336;-0.05;;0.83;
2025.05.13 11:57:25;Sell;0.01;EURUSDp;1.11138;;1.10800;2025.05.13 13:38:04;1.11047;-0.05;;0.82;
2025.05.12 21:15:07;Buy;0.01;EURUSDp;1.10729;;1.11273;2025.05.12 22:00:17;1.10906;-0.05;;1.60;
2025.05.12 16:32:54;Sell;0.01;EURUSDp;1.11276;;1.11000;2025.05.12 17:02:58;1.11157;-0.05;;1.07;
2025.05.12 10:15:56;Buy;0.01;EURUSDp;1.11591;;1.11530;2025.05.12 14:53:19;1.11090;-0.05;;-4.51;
2025.05.12 11:24:17;Sell;0.01;EURUSDp;1.11119;;1.11100;2025.05.12 13:05:09;1.11098;-0.05;;0.19;[tp]
2025.05.12 11:55:10;Sell;0.01;EURUSDp;1.11415;;1.11200;2025.05.12 12:55:10;1.11199;-0.05;;1.94;[tp]
2025.05.12 10:31:01;Buy;0.01;EURUSDp;1.11146;;1.11532;2025.05.12 11:55:01;1.11417;-0.05;;2.43;
2025.05.12 11:15:25;Buy;0.01;EURUSDp;1.10974;;1.11532;2025.05.12 11:24:07;1.11124;-0.05;;1.35;
2025.05.12 08:35:40;Sell;0.01;EURUSDp;1.12197;;1.11900;2025.05.12 10:00:42;1.11894;-0.05;;2.71;[tp]
2025.05.09 17:10:38;Sell;0.01;EURUSDp;1.12683;;1.12400;2025.05.09 19:39:48;1.12630;-0.05;;0.47;
2025.05.08 19:15:54;Buy;0.01;EURUSDp;1.12262;;1.12523;2025.05.09 10:35:09;1.12527;-0.05;-0.20;2.35;[tp]
2025.05.08 18:45:15;Buy;0.01;EURUSDp;1.12630;;1.12523;2025.05.09 10:35:09;1.12527;-0.05;-0.20;-0.92;[tp]
2025.05.09 05:15:41;Buy;0.02;EURUSDp;1.12028;;1.12523;2025.05.09 07:28:13;1.12236;-0.11;;3.71;
2025.05.08 09:30:29;Buy;0.01;EURUSDp;1.12865;;1.13000;2025.05.08 10:39:58;1.12934;-0.05;;0.61;
2025.05.07 18:13:24;Buy;0.01;EURUSDp;1.13656;;1.13800;2025.05.07 19:08:10;1.13402;-0.05;;-2.24;
2025.05.01 20:35:28;Sell;0.01;EURUSDp;1.12817;;1.13100;2025.05.07 18:31:29;1.13476;-0.05;0.24;-5.81;
2025.05.07 12:17:20;Buy;0.01;EURUSDp;1.13496;;1.13800;2025.05.07 14:14:50;1.13683;-0.05;;1.64;
2025.05.07 09:34:52;Sell;0.01;EURUSDp;1.13648;;;2025.05.07 12:15:37;1.13483;-0.05;;1.45;
2025.05.07 01:47:11;Sell;0.01;EURUSDp;1.13453;;1.13272;2025.05.07 02:41:32;1.13389;-0.05;;0.56;
2025.05.06 14:43:07;Sell;0.01;EURUSDp;1.13313;;1.13200;2025.05.07 01:10:04;1.13396;-0.05;0.06;-0.73;
2025.05.06 20:19:08;Sell;0.02;EURUSDp;1.13701;;1.13400;2025.05.07 01:08:24;1.13405;-0.11;0.12;5.22;
2025.05.06 16:06:50;Buy;0.01;EURUSDp;1.13284;;1.13400;2025.05.06 16:24:05;1.13397;-0.05;;1.00;
2025.05.06 09:51:49;Sell;0.01;EURUSDp;1.13296;;1.13100;2025.05.06 12:52:48;1.13093;-0.05;;1.79;[tp]
2025.05.05 19:02:05;Buy;0.01;EURUSDp;1.13123;;1.13400;2025.05.06 09:51:56;1.13296;-0.05;-0.20;1.53;
2025.05.05 02:50:52;Sell;0.01;EURUSDp;1.13227;;1.13000;2025.05.05 19:02:49;1.13142;-0.05;;0.75;
2025.05.05 16:25:02;Sell;0.02;EURUSDp;1.13566;;1.13250;2025.05.05 17:35:35;1.13330;-0.11;;4.16;
2025.05.05 14:48:47;Buy;0.01;EURUSDp;1.13433;;1.13700;2025.05.05 16:23:58;1.13591;-0.05;;1.39;
2025.05.05 14:21:52;Sell;0.02;EURUSDp;1.13540;;1.13250;2025.05.05 14:48:39;1.13431;-0.11;;1.92;
2025.05.02 16:23:35;Sell;0.01;EURUSDp;1.13407;;1.13200;2025.05.02 18:48:36;1.13276;-0.05;;1.16;
2025.05.02 16:39:44;Sell;0.02;EURUSDp;1.13671;;1.13400;2025.05.02 18:23:43;1.13395;-0.11;;4.87;[tp]
2025.04.21 15:46:43;Buy;0.01;EURUSDp;1.15334;;1.15850;2025.05.02 16:41:21;1.13655;-0.05;-1.40;-14.77;
2025.05.02 09:33:37;Sell;0.01;EURUSDp;1.13263;;1.12800;2025.05.02 15:31:15;1.13067;-0.05;;1.73;
2025.05.01 01:31:26;Buy;0.01;EURUSDp;1.13242;;1.13600;2025.05.02 12:56:11;1.13471;-0.05;-0.20;2.02;
2025.05.02 01:39:57;Sell;0.01;EURUSDp;1.12966;;1.12700;2025.05.02 03:38:16;1.12796;-0.05;;1.51;
2025.05.01 18:08:20;Sell;0.01;EURUSDp;1.12854;;;2025.05.01 18:39:22;1.12726;-0.05;;1.14;
2025.05.01 17:58:17;Buy;0.02;EURUSDp;1.12774;;;2025.05.01 18:08:10;1.12875;-0.11;;1.79;
2025.05.01 16:01:51;Sell;0.01;EURUSDp;1.13152;;1.13000;2025.05.01 17:00:43;1.12993;-0.05;;1.41;[tp]
2025.04.30 19:14:19;Sell;0.01;EURUSDp;1.13522;;1.13120;2025.04.30 23:32:40;1.13224;-0.05;;2.63;
2025.04.30 18:28:49;Buy;0.01;EURUSDp;1.13399;;;2025.04.30 19:08:58;1.13525;-0.05;;1.11;
2025.04.30 15:47:07;Sell;0.01;EURUSDp;1.13879;;1.13600;2025.04.30 16:05:41;1.13663;-0.05;;1.90;
2025.04.30 04:53:55;Buy;0.01;EURUSDp;1.13695;;1.14200;2025.04.30 09:42:55;1.13927;-0.05;;2.04;
2025.04.28 17:31:16;Sell;0.01;EURUSDp;1.13713;;1.13500;2025.04.30 09:22:40;1.13771;-0.05;0.06;-0.51;
2025.04.29 20:53:33;Sell;0.01;EURUSDp;1.13948;;1.13700;2025.04.29 21:24:18;1.13794;-0.05;;1.35;
2025.04.29 13:12:25;Buy;0.01;EURUSDp;1.13803;;1.14250;2025.04.29 15:55:18;1.14072;-0.05;;2.36;
2025.04.28 23:14:15;Sell;0.01;EURUSDp;1.14236;;1.13800;2025.04.29 01:29:47;1.14133;-0.05;0.03;0.90;
2025.04.28 19:57:54;Sell;0.01;EURUSDp;1.14203;;1.13900;2025.04.28 20:49:22;1.14083;-0.05;;1.05;
2025.04.22 13:31:47;Buy;0.01;EURUSDp;1.14945;;1.15350;2025.04.28 17:39:27;1.13919;-0.05;-0.60;-9.01;
2025.04.28 15:24:26;Sell;0.01;EURUSDp;1.13664;;1.13300;2025.04.28 16:11:10;1.13502;-0.05;;1.43;
2025.04.28 10:00:06;Buy;0.02;EURUSDp;1.13331;;1.14000;2025.04.28 10:12:17;1.13436;-0.11;;1.85;
2025.04.28 01:22:57;Buy;0.02;EURUSDp;1.13498;;1.14170;2025.04.28 08:08:39;1.13761;-0.11;;4.62;
2025.04.25 14:35:25;Sell;0.01;EURUSDp;1.13621;;1.13100;2025.04.28 01:21:59;1.13504;-0.05;0.03;1.03;
2025.04.25 03:36:11;Buy;0.02;EURUSDp;1.13553;;1.14200;2025.04.25 14:36:26;1.13614;-0.11;;1.07;
2025.04.23 17:11:20;Sell;0.01;EURUSDp;1.13539;;1.13450;2025.04.25 04:00:11;1.13438;-0.05;0.12;0.89;[tp]
2025.04.24 22:32:29;Sell;0.01;EURUSDp;1.13909;;1.13500;2025.04.25 03:01:22;1.13673;-0.05;0.03;2.08;
2025.04.22 15:24:27;Buy;0.01;EURUSDp;1.14646;;1.15000;2025.04.24 22:33:40;1.13914;-0.05;-0.40;-6.43;from #303705488
2025.04.24 11:01:36;Sell;0.01;EURUSDp;1.13859;;1.13400;2025.04.24 15:26:20;1.13650;-0.05;;1.84;
2025.04.24 01:56:07;Sell;0.01;EURUSDp;1.13358;;1.13000;2025.04.24 07:53:51;1.13351;-0.05;;0.06;
2025.04.22 15:24:27;Buy;0.01;EURUSDp;1.14646;;1.15000;2025.04.24 01:33:13;1.13383;-0.05;-0.40;-11.14;to #303772599
2025.04.23 17:01:47;Buy;0.03;EURUSDp;1.13405;;;2025.04.23 17:11:14;1.13531;-0.16;;3.33;
2025.04.23 16:43:37;Sell;0.01;EURUSDp;1.13966;;1.13800;2025.04.23 16:46:18;1.13799;-0.05;;1.47;[tp]
2025.04.23 09:13:24;Sell;0.01;EURUSDp;1.13893;;1.13800;2025.04.23 16:38:17;1.13800;-0.05;;0.82;[tp]
2025.04.23 12:05:34;Sell;0.01;EURUSDp;1.14230;;1.13900;2025.04.23 13:13:04;1.14078;-0.05;;1.33;
2025.04.23 09:02:53;Buy;0.03;EURUSDp;1.13816;;1.14500;2025.04.23 12:13:33;1.14279;-0.16;;12.15;
2025.04.23 08:31:27;Sell;0.01;EURUSDp;1.13910;;1.13600;2025.04.23 09:01:58;1.13796;-0.05;;1.00;
2025.04.23 01:16:23;Sell;0.01;EURUSDp;1.13515;;1.13300;2025.04.23 01:20:04;1.13441;-0.05;;0.65;
2025.04.22 20:07:33;Buy;0.02;EURUSDp;1.14352;;1.15000;2025.04.22 20:42:05;1.14359;-0.10;;0.12;
2025.04.22 03:52:13;Buy;0.01;EURUSDp;1.14831;;1.15300;2025.04.22 06:03:17;1.15313;-0.05;;4.18;[tp]
2025.04.21 17:59:31;Buy;0.01;EURUSDp;1.14982;;1.15350;2025.04.21 19:19:49;1.15124;-0.05;;1.23;
2025.04.21 16:26:50;Buy;0.01;EURUSDp;1.15097;;1.15350;2025.04.21 17:03:19;1.15195;-0.05;;0.85;
2025.04.17 08:26:05;Buy;0.01;EURUSDp;1.13630;;1.13900;2025.04.17 22:24:38;1.13741;-0.05;;0.98;
2025.04.16 12:19:48;Buy;0.01;EURUSDp;1.13673;;1.13900;2025.04.16 18:03:34;1.13824;-0.05;;1.33;
2025.04.16 15:36:50;Buy;0.01;EURUSDp;1.13484;;1.13650;2025.04.16 16:08:33;1.13591;-0.05;;0.94;
2025.04.15 19:41:53;Buy;0.01;EURUSDp;1.12683;;1.12900;2025.04.15 19:54:04;1.12772;-0.05;;0.79;
2025.04.15 17:09:55;Buy;0.01;EURUSDp;1.12999;;1.13300;2025.04.15 17:35:22;1.13237;-0.05;;2.10;
2025.04.15 09:56:57;Buy;0.01;EURUSDp;1.13310;;1.13500;2025.04.15 10:15:39;1.13432;-0.05;;1.08;
2025.04.10 21:30:02;Sell;0.01;EURUSDp;1.12381;;1.11511;2025.04.10 22:02:27;1.12075;-0.05;;2.73;from #303225622
2025.04.10 21:30:02;Sell;0.02;EURUSDp;1.12381;;1.11511;2025.04.10 21:44:10;1.12382;-0.11;;-0.02;to #303228051
2025.04.10 18:00:03;Sell;0.02;EURUSDp;1.11807;;1.11046;2025.04.10 18:03:56;1.11669;-0.11;;2.47;
2025.04.10 15:45:01;Sell;0.01;EURUSDp;1.11121;;1.10617;2025.04.10 16:05:32;1.10990;-0.05;;1.18;
2025.04.10 14:00:02;Sell;0.01;EURUSDp;1.10789;;1.10362;2025.04.10 14:52:48;1.10697;-0.05;;0.83;
2025.03.28 16:01:37;Sell;0.01;EURUSDp;1.07869;;1.08200;2025.04.03 09:47:57;1.09748;-0.06;0.13;-17.12;
2025.04.02 15:30:23;Sell;0.01;EURUSDp;1.08099;;1.08200;2025.04.03 09:47:42;1.09761;-0.06;0.07;-15.14;
2025.04.03 03:21:06;Sell;0.01;EURUSDp;1.08861;;1.08450;2025.04.03 09:47:14;1.09754;-0.05;;-8.14;from #302877255
2025.04.03 08:31:24;Buy;0.01;EURUSDp;1.09424;;1.10000;2025.04.03 09:47:10;1.09752;-0.05;;2.99;
2025.04.03 08:52:28;Buy;0.01;EURUSDp;1.09494;;1.10000;2025.04.03 09:47:07;1.09744;-0.05;;2.28;
2025.04.03 03:21:06;Sell;0.01;EURUSDp;1.08861;;1.08450;2025.04.03 09:24:26;1.09391;-0.06;;-4.85;to #302886477
2025.04.03 08:30:04;Sell;0.02;EURUSDp;1.09432;;1.09260;2025.04.03 09:22:03;1.09376;-0.11;;1.02;
2025.04.03 01:10:23;Buy;0.01;EURUSDp;1.08210;;1.08400;2025.04.03 01:49:16;1.08374;-0.06;;1.51;
2025.04.02 17:47:44;Sell;0.02;EURUSDp;1.08425;;1.08240;2025.04.02 23:27:46;1.08211;-0.11;;3.96;[tp]
2025.04.01 17:13:28;Sell;0.01;EURUSDp;1.08102;;1.07900;2025.04.01 17:29:14;1.07965;-0.06;;1.27;
2025.03.31 21:02:02;Sell;0.01;EURUSDp;1.08148;;1.07850;2025.04.01 14:24:12;1.07905;-0.06;0.02;2.25;
2025.03.31 17:29:35;Buy;0.01;EURUSDp;1.07943;;1.08110;2025.03.31 18:11:48;1.08098;-0.06;;1.43;
2025.03.28 16:26:45;Sell;0.01;EURUSDp;1.08067;;1.07910;2025.03.31 17:25:32;1.07906;-0.06;0.02;1.49;[tp]
2025.03.31 13:26:03;Buy;0.01;EURUSDp;1.08122;;1.08250;2025.03.31 14:07:54;1.08250;-0.06;;1.18;[tp]
2025.03.28 17:32:22;Sell;0.02;EURUSDp;1.08294;;1.07910;2025.03.31 01:08:18;1.08107;-0.11;0.04;3.46;
2025.03.28 21:10:03;Buy Limit;0.10;XAUUSDp;3 078.70;;;2025.03.28 21:10:15;3 078.76;;;;cancelled
2025.03.27 15:16:06;Sell;0.01;EURUSDp;1.07932;;1.07800;2025.03.28 11:20:23;1.07800;-0.06;0.02;1.22;[tp]
2025.03.27 18:45:04;Sell;0.01;EURUSDp;1.08151;;1.07820;2025.03.27 20:32:13;1.07967;-0.06;;1.70;
2025.03.27 08:33:31;Sell;0.01;EURUSDp;1.07777;;1.07580;2025.03.27 10:31:23;1.07603;-0.06;;1.62;
2025.03.26 20:31:34;Buy;0.01;EURUSDp;1.07542;;1.07740;2025.03.27 05:14:21;1.07738;-0.06;-0.28;1.82;
2025.03.26 10:40:17;Sell;0.01;EURUSDp;1.07852;;1.07650;2025.03.26 20:19:46;1.07644;-0.06;;1.93;[tp]
2025.03.25 13:38:10;Sell;0.01;EURUSDp;1.08126;;1.07800;2025.03.25 22:42:23;1.07978;-0.06;;1.37;
2025.03.24 03:00:41;Sell;0.01;EURUSDp;1.08340;;1.08000;2025.03.24 15:45:24;1.08262;-0.06;;0.72;
2025.03.24 11:23:47;Sell;0.01;EURUSDp;1.08550;;1.08200;2025.03.24 12:13:04;1.08390;-0.06;;1.48;
2025.03.21 14:19:59;Sell;0.01;EURUSDp;1.08378;;1.08000;2025.03.21 18:53:15;1.08055;-0.06;;2.99;
2025.03.21 15:11:12;Sell;0.01;EURUSDp;1.08578;;1.08200;2025.03.21 15:41:18;1.08462;-0.06;;1.07;
2025.03.20 12:38:04;Buy;0.01;EURUSDp;1.08483;;1.08580;2025.03.20 18:35:52;1.08391;-0.06;;-0.85;
2025.03.20 16:30:02;Buy;0.01;EURUSDp;1.08232;;1.08581;2025.03.20 17:10:23;1.08367;-0.06;;1.25;
2025.03.20 10:48:52;Buy;0.01;EURUSDp;1.08713;;1.09100;2025.03.20 11:14:26;1.08750;-0.06;;0.34;
2025.03.20 01:44:39;Sell;0.01;EURUSDp;1.09082;;1.08849;2025.03.20 08:22:28;1.08961;-0.06;;1.11;
2025.03.19 21:48:10;Sell;0.01;EURUSDp;1.09067;;1.08900;2025.03.19 22:18:33;1.08900;-0.06;;1.53;[tp]
2025.03.19 14:11:01;Sell;0.01;EURUSDp;1.08967;;1.08667;2025.03.19 18:59:04;1.08765;-0.06;;1.86;
2025.03.18 20:52:43;Sell;0.01;EURUSDp;1.09470;;1.09190;2025.03.19 09:54:03;1.09272;-0.05;0.02;1.81;
2025.03.18 15:49:54;Buy;0.01;EURUSDp;1.09045;;1.09400;2025.03.18 16:01:25;1.09133;-0.06;;0.81;
2025.03.18 11:01:36;Sell;0.01;EURUSDp;1.09367;;1.09160;2025.03.18 14:42:37;1.09272;-0.05;;0.87;
2025.03.18 10:25:19;Buy;0.01;EURUSDp;1.09191;;1.09350;2025.03.18 10:58:53;1.09353;-0.05;;1.48;[tp]
2025.03.17 18:35:08;Sell;0.01;EURUSDp;1.09253;;1.09000;2025.03.17 20:27:31;1.09151;-0.05;;0.93;
2025.03.17 14:02:09;Sell;0.01;EURUSDp;1.09081;;1.08930;2025.03.17 15:30:25;1.08929;-0.06;;1.40;[tp]
2025.03.17 09:47:50;Buy;0.01;EURUSDp;1.08814;;1.09050;2025.03.17 12:44:07;1.08943;-0.06;;1.18;
2025.03.13 18:42:27;Sell;0.01;EURUSDp;1.08559;;1.08700;2025.03.14 17:00:06;1.08692;-0.06;0.02;-1.22;[tp]
2025.03.14 13:55:48;Sell;0.01;EURUSDp;1.09063;;1.08830;2025.03.14 14:15:54;1.08963;-0.06;;0.92;
2025.03.13 00:05:34;Buy;0.01;EURUSDp;1.08944;;1.09250;2025.03.14 13:55:53;1.09063;-0.06;-0.08;1.09;
2025.03.14 10:47:29;Buy;0.01;EURUSDp;1.08343;;1.08600;2025.03.14 11:29:26;1.08546;-0.06;;1.87;
2025.03.13 14:49:08;Buy;0.01;EURUSDp;1.08636;;1.08750;2025.03.13 17:51:24;1.08592;-0.06;;-0.41;
2025.03.13 15:45:00;Buy;0.02;EURUSDp;1.08391;;1.08750;2025.03.13 17:05:12;1.08567;-0.11;;3.24;
2025.03.13 10:35:12;Buy;0.01;EURUSDp;1.08681;;1.09000;2025.03.13 11:25:14;1.08799;-0.06;;1.08;
2025.03.12 13:03:39;Sell;0.01;EURUSDp;1.09144;;1.09000;2025.03.12 14:58:07;1.08998;-0.05;;1.34;[tp]
2025.03.11 21:13:56;Sell;0.01;EURUSDp;1.09443;;1.09290;2025.03.11 21:52:20;1.09296;-0.05;;1.34;
2025.03.11 14:09:52;Buy;0.01;EURUSDp;1.08888;;1.09300;2025.03.11 16:37:47;1.09233;-0.06;;3.16;
2025.03.10 21:08:15;Buy;0.01;EURUSDp;1.08250;;1.08600;2025.03.11 04:46:12;1.08556;-0.06;-0.08;2.82;
2025.03.10 11:48:18;Buy;0.01;EURUSDp;1.08174;;1.08290;2025.03.10 12:18:53;1.08295;-0.06;;1.12;[tp]
2025.03.07 12:22:21;Sell;0.01;EURUSDp;1.08606;;1.08410;2025.03.07 13:12:42;1.08464;-0.06;;1.31;
2025.03.06 20:55:32;Buy;0.01;EURUSDp;1.07789;;1.08100;2025.03.06 21:13:54;1.07854;-0.06;;0.60;
2025.03.06 16:21:58;Buy;0.01;EURUSDp;1.08248;;1.08600;2025.03.06 16:51:27;1.08357;-0.06;;1.01;
2025.03.06 11:41:20;Buy;0.01;EURUSDp;1.07856;;1.08100;2025.03.06 11:48:20;1.07989;-0.06;;1.23;
2025.03.05 11:51:16;Buy;0.01;EURUSDp;1.07114;;1.07500;2025.03.05 16:29:25;1.07509;-0.06;;3.67;[tp]
2025.03.05 11:15:12;Buy;0.01;EURUSDp;1.06989;;1.07500;2025.03.05 14:59:49;1.06955;-0.06;;-0.32;
2025.03.05 09:45:02;Sell;0.06;EURUSDp;1.06618;;1.06303;2025.03.05 14:26:54;1.07008;-0.34;;-21.87;
2025.03.04 22:15:02;Sell;0.04;EURUSDp;1.06144;;1.06303;2025.03.05 14:26:43;1.07007;-0.23;0.06;-32.26;
2025.03.04 10:36:52;Sell;0.02;EURUSDp;1.05145;;1.06000;2025.03.05 14:26:35;1.07009;-0.11;0.03;-34.84;from #301986472
2025.03.05 13:28:19;Buy;0.02;EURUSDp;1.06809;;1.07000;2025.03.05 13:51:40;1.06775;-0.11;;-0.64;
2025.03.04 21:02:30;Sell;0.02;EURUSDp;1.05976;;1.06000;2025.03.05 13:26:49;1.06783;-0.11;0.03;-15.11;from #302010652
2025.03.05 11:30:02;Sell;0.07;EURUSDp;1.07132;;1.06303;2025.03.05 13:18:14;1.06864;-0.39;;17.56;
2025.03.04 21:02:30;Sell;0.02;EURUSDp;1.05976;;1.06000;2025.03.05 12:46:53;1.06928;-0.12;0.03;-17.81;to #302042248
2025.03.05 12:30:42;Buy;0.01;EURUSDp;1.06904;;1.07000;2025.03.05 12:43:02;1.06902;-0.06;;-0.02;
2025.03.04 20:15:04;Sell;0.03;EURUSDp;1.05681;;1.06303;2025.03.05 12:33:49;1.06937;-0.17;0.05;-35.24;
2025.03.04 10:36:52;Sell;0.02;EURUSDp;1.05145;;1.06000;2025.03.05 12:30:51;1.06913;-0.12;0.03;-33.07;to #302041948
2025.03.03 15:48:25;Sell;0.03;EURUSDp;1.04737;;1.06300;2025.03.05 11:51:39;1.07120;-0.17;0.10;-66.74;
2025.03.05 10:04:59;Buy;0.01;EURUSDp;1.06623;;1.07100;2025.03.05 11:03:31;1.07094;-0.06;;4.40;
2025.03.05 09:48:41;Buy;0.01;EURUSDp;1.06575;;1.07100;2025.03.05 11:03:31;1.07096;-0.06;;4.86;
2025.03.04 09:54:27;Sell;0.01;EURUSDp;1.04987;;1.05090;2025.03.05 10:42:33;1.06845;-0.06;0.02;-17.39;
2025.03.05 08:37:17;Buy;0.01;EURUSDp;1.06315;;1.06650;2025.03.05 09:38:29;1.06665;-0.06;;3.28;[tp]
2025.03.05 02:11:31;Buy;0.01;EURUSDp;1.06188;;1.06650;2025.03.05 09:38:29;1.06665;-0.06;;4.47;[tp]
2025.03.03 15:45:03;Sell;0.01;EURUSDp;1.04751;;1.05458;2025.03.05 08:57:19;1.06307;-0.06;0.04;-14.64;
2025.03.03 13:47:40;Sell;0.02;EURUSDp;1.04558;;1.05090;2025.03.05 05:34:36;1.06084;-0.11;0.06;-28.77;
2025.03.03 12:01:01;Sell;0.01;EURUSDp;1.04351;;1.05090;2025.03.05 05:34:09;1.06083;-0.06;0.04;-16.33;
2025.03.04 15:42:25;Buy;0.01;EURUSDp;1.05325;;1.05600;2025.03.04 20:11:03;1.05607;-0.06;;2.67;[tp]
2025.03.04 15:19:27;Buy;0.01;EURUSDp;1.05496;;1.05600;2025.03.04 20:11:03;1.05607;-0.06;;1.05;[tp]
2025.03.04 17:01:24;Buy;0.02;EURUSDp;1.05179;;1.05600;2025.03.04 19:07:15;1.05352;-0.11;;3.28;
2025.03.03 01:54:24;Sell;0.01;EURUSDp;1.04144;;1.04270;2025.03.04 17:12:04;1.05260;-0.06;0.02;-10.60;
2025.03.04 10:45:02;Sell;0.02;EURUSDp;1.05207;;1.04792;2025.03.04 17:11:41;1.05256;-0.11;;-0.93;
2025.03.04 13:07:47;Buy;0.01;EURUSDp;1.05142;;1.05400;2025.03.04 13:51:18;1.05387;-0.06;;2.32;
2025.03.04 06:39:45;Buy;0.01;EURUSDp;1.04789;;;2025.03.04 09:53:59;1.04989;-0.06;;1.90;
2025.03.03 17:30:09;Sell;0.01;EURUSDp;1.05005;;1.04614;2025.03.04 06:39:37;1.04787;-0.06;0.02;2.08;
2025.02.28 20:42:59;Balance;;;;;;;;;;-80.00;
2025.02.28 11:27:26;Sell;0.01;EURUSDp;1.04000;;1.03800;2025.02.28 20:19:48;1.03767;-0.06;;2.25;[tp]
2025.02.27 19:45:02;Buy;0.01;EURUSDp;1.04041;;1.04276;2025.02.28 16:22:22;1.04106;-0.06;-0.09;0.62;
2025.02.27 16:00:01;Buy;0.01;EURUSDp;1.04223;;1.04276;2025.02.28 10:07:10;1.04001;-0.06;-0.09;-2.13;
2025.02.28 04:00:03;Buy;0.02;EURUSDp;1.03860;;1.04276;2025.02.28 10:06:26;1.03998;-0.12;;2.65;
2025.02.27 17:33:56;Sell;0.01;EURUSDp;1.04197;;1.04090;2025.02.27 18:03:22;1.04090;-0.06;;1.03;[tp]
2025.02.19 21:14:07;Sell;0.01;EURUSDp;1.04257;;1.04400;2025.02.27 15:53:11;1.04386;-0.06;0.18;-1.24;[tp]
2025.02.25 13:17:41;Sell;0.02;EURUSDp;1.04770;;1.04500;2025.02.27 15:46:23;1.04502;-0.11;0.13;5.13;
2025.02.27 09:07:08;Buy;0.01;EURUSDp;1.04695;;1.04860;2025.02.27 10:07:48;1.04735;-0.06;;0.38;
2025.02.26 19:53:05;Buy;0.01;EURUSDp;1.04844;;1.04950;2025.02.26 19:59:09;1.04917;-0.06;;0.70;
2025.02.19 18:55:24;Sell;0.01;EURUSDp;1.04075;;1.04400;2025.02.26 19:53:52;1.04856;-0.06;0.13;-7.45;
2025.02.26 17:55:22;Sell;0.02;EURUSDp;1.05051;;;2025.02.26 19:38:08;1.04933;-0.11;;2.25;
2025.02.26 08:52:21;Buy;0.01;EURUSDp;1.04943;;1.05150;2025.02.26 17:55:12;1.05047;-0.06;;0.99;
2025.02.25 15:32:10;Sell;0.02;EURUSDp;1.05056;;1.04700;2025.02.26 15:00:21;1.04797;-0.11;0.03;4.94;
2025.02.25 20:54:48;Sell;0.01;EURUSDp;1.05117;;1.04700;2025.02.26 08:51:49;1.04949;-0.06;0.02;1.60;
2025.02.25 17:56:38;Buy;0.01;EURUSDp;1.04960;;1.05100;2025.02.25 20:39:01;1.05104;-0.06;;1.37;[tp]
2025.02.24 08:38:51;Buy;0.02;EURUSDp;1.05090;;1.05000;2025.02.25 14:08:15;1.04940;-0.11;-0.17;-2.86;
2025.02.24 10:11:51;Buy;0.02;EURUSDp;1.04825;;1.04900;2025.02.25 11:34:29;1.04725;-0.11;-0.17;-1.91;
2025.02.24 19:40:22;Sell;0.02;EURUSDp;1.04824;;1.04660;2025.02.24 20:01:21;1.04727;-0.11;;1.85;
2025.02.24 16:51:17;Buy;0.02;EURUSDp;1.04552;;1.04850;2025.02.24 18:58:04;1.04780;-0.11;;4.35;
2025.02.20 12:27:11;Sell;0.02;EURUSDp;1.04413;;1.04550;2025.02.24 16:48:15;1.04551;-0.11;0.06;-2.64;
2025.02.24 14:32:26;Buy;0.02;EURUSDp;1.04632;;1.04930;2025.02.24 15:42:58;1.04694;-0.11;;1.18;
2025.02.24 01:05:10;Sell;0.03;EURUSDp;1.04787;;1.04580;2025.02.24 14:32:59;1.04636;-0.17;;4.33;
2025.02.24 02:57:33;Sell;0.03;EURUSDp;1.05035;;1.04620;2025.02.24 12:05:56;1.04705;-0.17;;9.46;
2025.02.21 08:41:31;Buy;0.01;EURUSDp;1.04935;;1.05200;2025.02.24 02:57:39;1.05032;-0.06;-0.09;0.92;
2025.02.21 17:32:01;Buy;0.01;EURUSDp;1.04557;;;2025.02.21 19:48:38;1.04621;-0.06;;0.61;
2025.02.20 17:30:24;Sell;0.03;EURUSDp;1.04652;;1.04480;2025.02.21 17:32:15;1.04567;-0.17;0.05;2.44;
2025.02.20 19:12:04;Sell;0.04;EURUSDp;1.04819;;1.04510;2025.02.21 17:24:29;1.04573;-0.23;0.07;9.41;
2025.02.21 12:17:45;Buy;0.01;EURUSDp;1.04683;;1.05000;2025.02.21 16:03:35;1.04781;-0.06;;0.94;
2025.02.21 10:27:06;Buy;0.01;EURUSDp;1.04750;;1.05000;2025.02.21 10:41:03;1.04856;-0.06;;1.01;
2025.02.19 18:30:01;Buy;0.01;EURUSDp;1.04068;;1.04448;2025.02.19 19:21:17;1.04111;-0.06;;0.41;
2025.02.19 13:02:42;Sell;0.01;EURUSDp;1.04298;;1.04150;2025.02.19 18:04:47;1.04141;-0.06;;1.51;[tp]
2025.02.19 12:00:02;Buy;0.01;EURUSDp;1.04289;;1.04635;2025.02.19 15:12:08;1.04345;-0.06;;0.54;
2025.02.18 21:33:07;Sell;0.01;EURUSDp;1.04478;;1.04280;2025.02.19 11:59:12;1.04299;-0.06;0.02;1.72;
2025.02.18 16:29:42;Sell;0.01;EURUSDp;1.04522;;1.04300;2025.02.18 20:09:11;1.04400;-0.06;;1.17;
2025.02.18 17:21:46;Sell;0.01;EURUSDp;1.04571;;1.04300;2025.02.18 19:26:59;1.04447;-0.06;;1.19;
2025.02.14 17:14:39;Buy;0.01;EURUSDp;1.04992;;1.05100;2025.02.18 17:55:01;1.04599;-0.06;-0.16;-3.76;
2025.02.18 03:28:17;Buy;0.01;EURUSDp;1.04659;;1.05100;2025.02.18 17:21:31;1.04571;-0.06;;-0.84;
2025.02.13 21:22:46;Sell;0.01;EURUSDp;1.04328;;1.04500;2025.02.18 15:09:55;1.04483;-0.06;0.03;-1.48;
2025.02.13 22:28:38;Sell;0.02;EURUSDp;1.04579;;1.04620;2025.02.18 03:59:23;1.04664;-0.11;0.06;-1.62;
2025.02.17 17:19:51;Sell;0.01;EURUSDp;1.04803;;1.04650;2025.02.18 03:29:03;1.04646;-0.06;0.01;1.50;[tp]
2025.02.17 11:05:59;Buy;0.01;EURUSDp;1.04747;;1.05100;2025.02.17 12:18:58;1.04823;-0.06;;0.73;
2025.02.14 16:15:05;Sell;0.01;EURUSDp;1.04987;;1.04627;2025.02.17 10:59:16;1.04733;-0.06;0.01;2.43;
2025.02.12 16:10:52;Sell;0.01;EURUSDp;1.03405;;1.04620;2025.02.14 19:16:07;1.04982;-0.06;0.05;-15.02;
2025.02.14 16:47:23;Sell;0.03;EURUSDp;1.05134;;1.04620;2025.02.14 19:16:01;1.04978;-0.17;;4.46;
2025.02.14 11:11:53;Buy;0.01;EURUSDp;1.04809;;1.05200;2025.02.14 16:47:44;1.05130;-0.06;;3.05;
2025.02.14 12:43:20;Buy;0.01;EURUSDp;1.04686;;1.05200;2025.02.14 15:30:43;1.04925;-0.06;;2.28;
2025.02.14 10:57:01;Sell;0.03;EURUSDp;1.04787;;1.04400;2025.02.14 13:37:32;1.04677;-0.17;;3.15;
2025.02.14 10:55:59;Sell;0.03;EURUSDp;1.04796;;;2025.02.14 10:57:11;1.04786;-0.17;;0.29;
2025.02.12 17:27:32;Sell;0.01;EURUSDp;1.03665;;1.03650;2025.02.13 20:53:32;1.04017;-0.06;0.04;-3.38;
2025.02.13 17:16:00;Sell;0.03;EURUSDp;1.04309;;1.03850;2025.02.13 20:43:15;1.03848;-0.17;;13.32;[tp]
2025.02.13 16:15:25;Sell;0.02;EURUSDp;1.03866;;1.03850;2025.02.13 20:43:15;1.03848;-0.12;;0.35;[tp]
2025.02.13 11:06:02;Buy;0.01;EURUSDp;1.04131;;1.04300;2025.02.13 17:14:37;1.04259;-0.06;;1.23;
2025.02.13 14:12:01;Buy;0.01;EURUSDp;1.03929;;1.04200;2025.02.13 15:00:55;1.03880;-0.06;;-0.47;
2025.02.12 19:00:35;Sell;0.02;EURUSDp;1.03946;;1.03830;2025.02.13 14:16:04;1.03878;-0.12;0.07;1.31;
2025.02.12 19:30:46;Sell;0.03;EURUSDp;1.04165;;1.03820;2025.02.12 20:49:24;1.03966;-0.17;;5.74;
2025.02.12 15:23:39;Buy;0.01;EURUSDp;1.03660;;1.03850;2025.02.12 16:16:33;1.03442;-0.06;;-2.11;
2025.02.12 15:30:38;Buy;0.01;EURUSDp;1.03278;;1.03400;2025.02.12 15:56:33;1.03310;-0.06;;0.31;
2025.02.11 11:29:37;Sell;0.01;EURUSDp;1.03135;;1.03150;2025.02.12 15:30:48;1.03268;-0.06;0.01;-1.29;
2025.02.12 13:20:16;Sell;0.02;EURUSDp;1.03810;;1.03470;2025.02.12 15:30:04;1.03274;-0.12;;10.38;[tp]
2025.02.11 16:50:16;Sell;0.01;EURUSDp;1.03354;;1.03300;2025.02.12 15:30:04;1.03274;-0.06;0.01;0.77;[tp]
2025.02.12 13:30:06;Sell;0.01;EURUSDp;1.03830;;1.03482;2025.02.12 15:30:03;1.03293;-0.06;;5.20;[tp]
2025.02.11 22:10:03;Sell;0.02;EURUSDp;1.03614;;1.03470;2025.02.12 15:30:03;1.03293;-0.12;0.02;6.22;[tp]
2025.02.10 20:52:13;Sell;0.01;EURUSDp;1.03081;;1.02930;2025.02.11 04:54:14;1.02942;-0.06;0.01;1.35;
2025.02.10 11:13:28;Sell;0.01;EURUSDp;1.03310;;1.03020;2025.02.10 14:17:02;1.03126;-0.06;;1.78;
2025.02.10 02:50:36;Sell;0.01;EURUSDp;1.03124;;1.02912;2025.02.10 04:30:26;1.03024;-0.06;;0.97;
2025.02.09 16:27:26;Balance;;;;;;;;;;-18.00;
2025.02.07 18:50:53;Buy;0.01;EURUSDp;1.03281;;1.03550;2025.02.07 22:24:10;1.03342;-0.06;;0.59;
2025.02.06 12:31:25;Sell;0.01;EURUSDp;1.03627;;1.03600;2025.02.07 15:31:09;1.03613;-0.06;0.01;0.14;
2025.02.06 20:29:16;Sell;0.01;EURUSDp;1.03848;;1.03600;2025.02.07 03:17:56;1.03765;-0.06;0.01;0.80;
2025.02.06 09:37:32;Buy;0.01;EURUSDp;1.03841;;1.03970;2025.02.06 20:49:40;1.03935;-0.06;;0.90;
2025.02.06 10:53:12;Buy;0.01;EURUSDp;1.03592;;1.03730;2025.02.06 12:31:18;1.03630;-0.06;;0.37;
2025.02.04 16:10:35;Sell;0.01;EURUSDp;1.03520;;1.03620;2025.02.06 10:32:10;1.03618;-0.06;0.05;-0.95;[tp]
2025.02.04 17:19:31;Sell;0.01;EURUSDp;1.03713;;1.03620;2025.02.06 10:32:09;1.03618;-0.06;0.05;0.92;
2025.02.05 09:30:08;Sell;0.01;EURUSDp;1.04081;;1.03624;2025.02.06 10:32:02;1.03625;-0.06;0.04;4.40;
2025.02.05 11:29:13;Sell;0.02;EURUSDp;1.04128;;1.03620;2025.02.06 06:51:52;1.03862;-0.12;0.07;5.12;
2025.02.05 15:55:59;Buy;0.01;EURUSDp;1.04038;;1.04140;2025.02.05 16:01:41;1.04068;-0.06;;0.29;
2025.02.04 17:45:10;Sell;0.01;EURUSDp;1.03791;;1.03390;2025.02.04 19:15:08;1.03731;-0.06;;0.58;
2025.02.04 11:14:58;Sell;0.01;EURUSDp;1.03426;;1.03030;2025.02.04 13:59:56;1.03224;-0.06;;1.96;
2025.02.03 23:20:15;Sell;0.01;EURUSDp;1.03080;;1.02932;2025.02.04 07:05:32;1.02935;-0.06;0.01;1.41;
2025.02.03 23:49:51;Sell;0.01;EURUSDp;1.03417;;1.02800;2025.02.04 02:26:25;1.03231;-0.06;0.01;1.80;
2025.02.03 19:12:25;Balance;;;;;;;;;;-70.00;
2025.02.03 17:28:17;Sell;0.01;EURUSDp;1.02954;;1.02800;2025.02.03 18:58:31;1.02796;-0.06;;1.54;[tp]
2025.02.03 17:45:03;Sell;0.01;EURUSDp;1.03271;;1.02845;2025.02.03 18:56:34;1.02854;-0.06;;4.05;
2025.02.03 17:43:40;Sell;0.01;EURUSDp;1.03351;;1.02800;2025.02.03 18:05:44;1.03068;-0.06;;2.75;
2025.02.03 02:45:02;Buy;0.01;EURUSDp;1.02305;;1.02975;2025.02.03 17:24:10;1.02968;-0.06;;6.44;
2025.02.03 01:49:47;Buy;0.01;EURUSDp;1.02497;;1.02970;2025.02.03 14:22:43;1.02600;-0.06;;1.00;
2025.02.03 05:17:07;Buy;0.01;EURUSDp;1.02165;;1.02970;2025.02.03 10:34:15;1.02484;-0.06;;3.11;
2025.01.31 18:06:15;Sell;0.01;EURUSDp;1.03925;;1.03600;2025.01.31 20:31:26;1.03756;-0.06;;1.63;
2025.01.31 19:25:41;Sell;0.01;EURUSDp;1.04291;;;2025.01.31 20:31:23;1.03752;-0.06;;5.20;
2025.01.31 15:21:36;Sell;0.01;EURUSDp;1.03873;;1.03580;2025.01.31 17:10:24;1.03645;-0.06;;2.20;
2025.01.27 17:11:31;Buy;0.01;EURUSDp;1.05085;;1.04850;2025.01.31 16:09:15;1.03760;-0.06;-0.47;-12.77;
2025.01.31 11:03:10;Buy;0.02;EURUSDp;1.03682;;1.04060;2025.01.31 11:48:56;1.03765;-0.12;;1.60;
2025.01.31 11:30:03;Buy;0.01;EURUSDp;1.03674;;1.04062;2025.01.31 11:41:22;1.03796;-0.06;;1.18;
2025.01.29 16:36:40;Sell;0.01;EURUSDp;1.03942;;1.03550;2025.01.31 11:03:46;1.03690;-0.06;0.05;2.43;
2025.01.29 17:13:25;Sell;0.01;EURUSDp;1.04044;;1.03550;2025.01.31 11:03:24;1.03659;-0.06;0.05;3.71;
2025.01.27 20:00:47;Buy;0.01;EURUSDp;1.04876;;1.04850;2025.01.31 10:17:47;1.03952;-0.06;-0.47;-8.89;
2025.01.30 15:29:52;Sell;0.01;EURUSDp;1.04157;;;2025.01.30 23:30:30;1.03937;-0.06;;2.12;
2025.01.30 13:17:24;Buy;0.01;EURUSDp;1.03954;;1.04350;2025.01.30 15:29:47;1.04138;-0.06;;1.77;
2025.01.29 17:45:11;Sell;0.02;EURUSDp;1.04248;;1.03550;2025.01.30 13:17:06;1.03939;-0.12;0.07;5.95;
2025.01.28 01:30:11;Buy;0.02;EURUSDp;1.04481;;1.04800;2025.01.29 21:55:55;1.04128;-0.11;-0.15;-6.78;
2025.01.29 12:00:08;Buy;0.01;EURUSDp;1.04054;;1.04462;2025.01.29 17:46:10;1.04266;-0.06;;2.03;
2025.01.29 13:00:28;Buy;0.03;EURUSDp;1.04029;;1.04500;2025.01.29 17:26:28;1.04072;-0.17;;1.24;
2025.01.20 08:53:26;Sell;0.03;EURUSDp;1.03097;;1.03950;2025.01.29 12:18:40;1.03951;-0.17;0.35;-24.65;
2025.01.28 16:48:37;Sell;0.01;EURUSDp;1.04331;;1.04060;2025.01.29 11:06:21;1.04115;-0.06;0.01;2.07;
2025.01.28 11:26:26;Sell;0.01;EURUSDp;1.04376;;1.04140;2025.01.28 13:04:50;1.04265;-0.06;;1.06;
2025.01.28 06:30:08;Buy;0.01;EURUSDp;1.04281;;1.04673;2025.01.28 08:09:16;1.04417;-0.06;;1.30;
2025.01.24 09:30:49;Sell;0.02;EURUSDp;1.04521;;1.04000;2025.01.28 01:30:07;1.04474;-0.11;0.04;0.90;
2025.01.14 01:00:34;Sell;0.01;EURUSDp;1.02634;;1.04000;2025.01.28 01:30:04;1.04463;-0.06;0.15;-17.51;from #300814853
2025.01.14 01:00:34;Sell;0.01;EURUSDp;1.02634;;1.04000;2025.01.27 20:53:22;1.04860;-0.06;0.14;-21.23;to #301173540
2025.01.27 13:00:10;Sell;0.03;EURUSDp;1.05057;;1.04500;2025.01.27 20:00:40;1.04874;-0.17;;5.23;
2025.01.24 21:23:12;Buy;0.01;EURUSDp;1.04942;;1.05070;2025.01.27 12:48:22;1.05067;-0.06;-0.08;1.19;
2025.01.27 01:29:38;Buy;0.01;EURUSDp;1.04718;;1.05000;2025.01.27 11:00:44;1.04886;-0.06;;1.60;
2025.01.24 16:50:49;Sell;0.05;EURUSDp;1.04838;;1.04400;2025.01.27 01:30:00;1.04728;-0.29;0.06;5.25;
2025.01.24 18:00:02;Sell;0.01;EURUSDp;1.05155;;1.04771;2025.01.27 00:19:38;1.04834;-0.06;0.01;3.06;
2025.01.24 12:43:30;Buy;0.01;EURUSDp;1.04890;;1.05100;2025.01.24 17:08:45;1.05052;-0.06;;1.54;
2025.01.24 13:53:45;Buy;0.01;EURUSDp;1.04888;;1.05000;2025.01.24 17:06:37;1.05016;-0.06;;1.22;[tp]
2025.01.24 10:15:07;Sell;0.07;EURUSDp;1.04866;;1.04400;2025.01.24 15:24:51;1.04702;-0.40;;10.96;
2025.01.24 11:15:04;Sell;0.01;EURUSDp;1.04959;;1.04573;2025.01.24 15:24:20;1.04684;-0.06;;2.63;
2025.01.22 13:45:01;Buy;0.01;EURUSDp;1.04451;;1.04850;2025.01.24 10:15:01;1.04849;-0.06;-0.31;3.80;
2025.01.22 15:38:09;Buy;0.01;EURUSDp;1.04269;;1.04800;2025.01.24 09:09:07;1.04517;-0.06;-0.31;2.37;
2025.01.23 20:03:19;Sell;0.02;EURUSDp;1.04334;;1.04160;2025.01.23 22:53:25;1.04162;-0.12;;3.30;
2025.01.23 01:00:27;Buy;0.02;EURUSDp;1.04108;;1.04700;2025.01.23 20:04:27;1.04339;-0.12;;4.43;
2025.01.22 12:31:32;Sell;0.02;EURUSDp;1.04536;;1.03800;2025.01.23 03:06:20;1.04118;-0.11;0.07;8.03;
2025.01.13 18:54:07;Sell;0.01;EURUSDp;1.02139;;1.02800;2025.01.22 17:00:19;1.04220;-0.06;0.10;-19.97;
2025.01.22 12:30:04;Sell;0.01;EURUSDp;1.04555;;1.04184;2025.01.22 16:10:56;1.04183;-0.06;;3.57;[tp]
2025.01.22 11:45:05;Sell;0.01;EURUSDp;1.04355;;1.04184;2025.01.22 16:10:56;1.04183;-0.06;;1.65;[tp]
2025.01.22 01:23:24;Buy;0.01;EURUSDp;1.04057;;1.04680;2025.01.22 12:30:59;1.04550;-0.06;;4.72;
2025.01.21 02:50:11;Buy;0.01;EURUSDp;1.04083;;1.04300;2025.01.21 19:07:23;1.04260;-0.06;;1.70;
2025.01.21 03:15:09;Buy;0.01;EURUSDp;1.03717;;1.04000;2025.01.21 17:32:59;1.04002;-0.06;;2.74;[tp]
2025.01.21 12:23:42;Buy;0.02;EURUSDp;1.03491;;1.04000;2025.01.21 15:41:58;1.03726;-0.12;;4.53;
2025.01.20 15:33:38;Sell;0.04;EURUSDp;1.03753;;1.03400;2025.01.21 03:16:21;1.03775;-0.23;0.05;-0.85;
2025.01.20 17:55:03;Buy;0.01;EURUSDp;1.03998;;1.04130;2025.01.20 21:48:57;1.04125;-0.06;;1.22;
2025.01.20 16:45:01;Sell;0.01;EURUSDp;1.04261;;1.03582;2025.01.20 19:25:06;1.03587;-0.06;;6.51;
2025.01.20 16:48:16;Sell;0.07;EURUSDp;1.04193;;1.03520;2025.01.20 19:21:00;1.03776;-0.40;;28.13;
2025.01.17 18:07:08;Buy;0.01;EURUSDp;1.02891;;1.03050;2025.01.17 18:35:26;1.02989;-0.06;;0.95;
2025.01.17 17:03:43;Sell;0.02;EURUSDp;1.03108;;1.02800;2025.01.17 18:06:53;1.02885;-0.12;;4.33;
2025.01.15 16:15:59;Buy;0.01;EURUSDp;1.03319;;1.03040;2025.01.17 17:01:04;1.03040;-0.06;-0.31;-2.71;[tp]
2025.01.17 16:14:57;Buy;0.01;EURUSDp;1.02737;;1.03040;2025.01.17 16:59:20;1.02988;-0.06;;2.44;
2025.01.15 17:10:51;Buy;0.01;EURUSDp;1.03188;;1.03200;2025.01.17 11:04:55;1.02993;-0.06;-0.31;-1.89;
2025.01.17 08:34:46;Buy;0.02;EURUSDp;1.02871;;1.03040;2025.01.17 11:01:41;1.03000;-0.12;;2.50;
2025.01.16 18:35:22;Sell;0.03;EURUSDp;1.03092;;1.02700;2025.01.17 08:34:05;1.02871;-0.17;0.04;6.44;
2025.01.15 18:14:35;Buy;0.02;EURUSDp;1.02938;;1.03200;2025.01.16 18:35:12;1.03087;-0.12;-0.47;2.89;
2025.01.15 18:34:06;Buy;0.03;EURUSDp;1.02703;;1.03020;2025.01.15 18:50:06;1.02794;-0.18;;2.66;
2025.01.14 18:00:00;Sell;0.03;EURUSDp;1.02948;;1.02550;2025.01.15 18:33:57;1.02675;-0.17;0.04;7.98;
2025.01.13 12:40:55;Sell;0.01;EURUSDp;1.01967;;1.02600;2025.01.15 18:33:44;1.02609;-0.06;0.02;-6.26;
2025.01.15 01:15:01;Sell;0.01;EURUSDp;1.03075;;1.02871;2025.01.15 18:15:10;1.02953;-0.06;;1.19;
2025.01.15 15:31:34;Sell;0.04;EURUSDp;1.03467;;1.02700;2025.01.15 16:15:54;1.03315;-0.23;;5.88;
2025.01.15 15:46:29;Buy;0.01;EURUSDp;1.03276;;;2025.01.15 15:58:44;1.03456;-0.06;;1.74;
2025.01.15 15:45:02;Sell;0.01;EURUSDp;1.03295;;1.02871;2025.01.15 15:45:31;1.03283;-0.06;;0.12;
2025.01.15 08:58:31;Buy;0.01;EURUSDp;1.02963;;1.03400;2025.01.15 15:30:03;1.03437;-0.06;;4.58;
2025.01.13 11:30:01;Buy;0.01;EURUSDp;1.01883;;1.02290;2025.01.13 13:34:09;1.01966;-0.06;;0.81;
2025.01.13 06:45:02;Buy;0.01;EURUSDp;1.02104;;1.02503;2025.01.13 10:22:59;1.02283;-0.06;;1.75;
2025.01.12 00:17:34;Balance;;;;;;;;;;-50.00;
2025.01.10 15:57:28;Sell;0.01;EURUSDp;1.02540;;1.02240;2025.01.10 18:21:03;1.02310;-0.06;;2.25;
2025.01.10 15:30:56;Buy;0.01;EURUSDp;1.02437;;;2025.01.10 15:49:56;1.02474;-0.06;;0.36;
2025.01.02 19:11:08;Sell;0.01;EURUSDp;1.02639;;1.02600;2025.01.10 15:30:06;1.02600;-0.06;0.09;0.38;
2025.01.08 19:00:44;Sell;0.01;EURUSDp;1.03120;;;2025.01.09 10:11:59;1.02955;-0.06;0.04;1.60;
2025.01.08 13:30:04;Buy;0.01;EURUSDp;1.03002;;1.03243;2025.01.08 19:00:55;1.03116;-0.06;;1.11;
2025.01.08 15:00:02;Buy;0.02;EURUSDp;1.02839;;1.03243;2025.01.08 15:46:50;1.02932;-0.12;;1.81;
2025.01.03 11:05:07;Sell;0.01;EURUSDp;1.02848;;1.02900;2025.01.08 13:31:59;1.02898;-0.06;0.03;-0.49;[tp]
2025.01.06 04:09:36;Sell;0.02;EURUSDp;1.03153;;1.02900;2025.01.08 13:30:37;1.02973;-0.12;0.04;3.50;
2025.01.06 10:51:53;Sell;0.03;EURUSDp;1.03427;;1.03000;2025.01.08 10:45:57;1.03273;-0.17;0.08;4.47;
2025.01.07 12:23:35;Buy;0.01;EURUSDp;1.04294;;1.04300;2025.01.08 10:45:42;1.03274;-0.06;-0.08;-9.88;
2025.01.08 10:30:01;Buy;0.01;EURUSDp;1.03240;;1.03642;2025.01.08 10:38:13;1.03270;-0.06;;0.29;
2025.01.07 17:18:38;Sell;0.04;EURUSDp;1.03697;;1.03150;2025.01.07 23:15:10;1.03430;-0.23;;10.33;
2025.01.07 14:29:33;Buy;0.01;EURUSDp;1.04052;;1.04100;2025.01.07 17:52:06;1.03689;-0.06;;-3.50;
2025.01.07 17:01:07;Buy;0.02;EURUSDp;1.03734;;1.04100;2025.01.07 17:20:40;1.03759;-0.12;;0.48;
2025.01.06 14:40:10;Sell;0.04;EURUSDp;1.04038;;1.03200;2025.01.07 17:03:34;1.03669;-0.23;0.05;14.24;
2025.01.06 16:27:07;Buy;0.01;EURUSDp;1.03730;;1.04160;2025.01.06 16:54:10;1.03951;-0.06;;2.13;
2025.01.06 13:15:02;Sell;0.02;EURUSDp;1.03814;;1.03607;2025.01.06 16:16:38;1.03572;-0.12;;4.67;[tp]
2025.01.06 09:45:01;Sell;0.01;EURUSDp;1.03225;;1.03607;2025.01.06 16:16:38;1.03572;-0.06;;-3.35;[tp]
2025.01.06 10:30:01;Sell;0.01;EURUSDp;1.03403;;1.03607;2025.01.06 16:16:36;1.03623;-0.06;;-2.12;
2025.01.06 14:01:05;Sell;0.03;EURUSDp;1.04258;;1.03607;2025.01.06 14:44:26;1.04047;-0.17;;6.08;
2025.01.06 14:00:02;Sell;0.03;EURUSDp;1.04231;;1.03607;2025.01.06 14:01:04;1.04260;-0.17;;-0.83;
2025.01.02 17:30:02;Buy;0.02;EURUSDp;1.02880;;1.03377;2025.01.03 13:32:24;1.02923;-0.12;-0.16;0.84;
2025.01.02 14:08:38;Sell;0.01;EURUSDp;1.03280;;1.02940;2025.01.02 17:27:17;1.02937;-0.06;;3.33;[tp]
2025.01.02 13:00:01;Buy;0.01;EURUSDp;1.03163;;1.03621;2025.01.02 13:14:40;1.03310;-0.06;;1.42;
2025.01.02 11:02:02;Sell;0.01;EURUSDp;1.03657;;1.03400;2025.01.02 12:32:28;1.03400;-0.06;;2.49;[tp]
2024.12.31 20:15:01;Buy;0.01;EURUSDp;1.03467;;1.03858;2024.12.31 22:53:23;1.03599;-0.06;;1.27;
2024.12.31 18:23:49;Buy;0.01;EURUSDp;1.03526;;1.03750;2024.12.31 22:53:20;1.03599;-0.06;;0.70;
2024.12.30 18:22:18;Balance;;;;;;;;;;-25.00;
2024.12.30 13:11:47;Sell;0.02;EURUSDp;1.04421;;1.04090;2024.12.30 15:54:37;1.04089;-0.11;;6.38;
2024.12.26 18:06:41;Sell;0.01;EURUSDp;1.04108;;1.04090;2024.12.30 15:54:37;1.04090;-0.06;0.02;0.17;[tp]
2024.12.26 02:22:09;Sell;0.01;EURUSDp;1.03949;;1.04090;2024.12.30 15:54:37;1.04090;-0.06;0.02;-1.35;[tp]
2024.12.30 01:24:06;Sell;0.02;EURUSDp;1.04327;;1.04000;2024.12.30 10:56:46;1.04127;-0.12;;3.84;
2024.12.27 13:55:42;Sell;0.02;EURUSDp;1.04386;;1.04000;2024.12.27 23:31:05;1.04226;-0.11;;3.07;
2024.12.23 20:38:36;Sell;0.01;EURUSDp;1.04097;;1.03861;2024.12.24 08:54:21;1.03948;-0.06;0.01;1.43;
2024.12.23 19:12:46;Sell;0.01;EURUSDp;1.04163;;;2024.12.23 19:53:20;1.03982;-0.06;;1.74;
2024.12.20 10:24:55;Sell;0.01;EURUSDp;1.03955;;1.03800;2024.12.23 14:32:00;1.03925;-0.06;0.01;0.29;
2024.12.20 18:23:13;Sell;0.01;EURUSDp;1.04177;;1.03900;2024.12.23 12:07:36;1.04058;-0.06;0.01;1.14;
2024.12.20 19:15:01;Sell;0.01;EURUSDp;1.04387;;1.04005;2024.12.23 10:27:08;1.04084;-0.06;0.01;2.91;
2024.12.20 15:35:22;Sell;0.01;EURUSDp;1.04143;;;2024.12.20 16:15:30;1.03944;-0.06;;1.91;
2024.12.19 18:52:31;Buy;0.01;EURUSDp;1.03643;;1.03860;2024.12.20 10:03:15;1.03817;-0.06;-0.08;1.68;
2024.12.19 10:32:39;Sell;0.01;EURUSDp;1.03986;;1.03600;2024.12.19 18:04:51;1.03760;-0.06;;2.18;
2024.12.19 11:07:44;Sell;0.01;EURUSDp;1.04160;;1.03770;2024.12.19 14:15:52;1.04033;-0.06;;1.22;
2024.12.18 21:10:23;Buy;0.01;EURUSDp;1.04159;;;2024.12.18 21:27:03;1.04177;-0.06;;0.17;
2024.12.12 15:35:05;Sell;0.01;EURUSDp;1.04846;;1.04700;2024.12.18 17:58:16;1.04708;-0.06;0.04;1.32;
2024.12.18 09:16:46;Sell;0.01;EURUSDp;1.05088;;;2024.12.18 10:11:11;1.04922;-0.06;;1.58;
2024.12.18 01:26:51;Buy;0.01;EURUSDp;1.04935;;1.05111;2024.12.18 08:49:13;1.05112;-0.06;;1.68;[tp]
2024.12.17 16:09:44;Sell;0.01;EURUSDp;1.05083;;;2024.12.17 20:21:55;1.04977;-0.06;;1.01;
2024.12.17 10:54:30;Buy;0.01;EURUSDp;1.04904;;1.05130;2024.12.17 15:10:20;1.04972;-0.06;;0.65;
2024.12.16 17:46:34;Sell;0.01;EURUSDp;1.05078;;1.04870;2024.12.17 10:40:26;1.04870;-0.06;0.01;1.98;[tp]
2024.12.16 16:52:28;Buy;0.01;EURUSDp;1.04784;;1.04950;2024.12.16 17:08:19;1.04898;-0.06;;1.09;
2024.12.16 02:34:50;Sell;0.01;EURUSDp;1.05130;;1.04800;2024.12.16 13:05:39;1.04918;-0.06;;2.02;
2024.12.13 15:01:42;Sell;0.01;EURUSDp;1.05178;;;2024.12.13 16:19:40;1.05011;-0.06;;1.59;
2024.12.12 18:48:42;Sell;0.01;EURUSDp;1.05052;;1.04700;2024.12.12 20:55:10;1.04846;-0.06;;1.96;
2024.12.12 16:45:59;Sell;0.01;EURUSDp;1.05104;;1.04600;2024.12.12 17:41:17;1.04699;-0.06;;3.87;
2024.12.12 15:25:31;Balance;;;;;;;;;;-100.00;
2024.12.12 15:18:08;Buy;0.01;EURUSDp;1.04764;;1.05220;2024.12.12 15:24:00;1.04863;-0.06;;0.94;
2024.12.11 12:13:31;Sell;0.01;EURUSDp;1.04936;;1.04700;2024.12.12 15:17:33;1.04700;-0.06;0.04;2.25;[tp]
2024.12.11 14:24:33;Sell;0.01;EURUSDp;1.05158;;1.04750;2024.12.12 15:17:15;1.04750;-0.06;0.04;3.89;[tp]
2024.12.11 17:45:04;Buy;0.01;EURUSDp;1.04880;;1.05254;2024.12.11 18:17:46;1.04944;-0.06;;0.61;
2024.12.06 15:48:40;Buy;0.01;EURUSDp;1.06010;;1.05800;2024.12.11 14:25:04;1.05145;-0.06;-0.22;-8.23;
2024.12.11 09:52:49;Buy;0.02;EURUSDp;1.04938;;;2024.12.11 11:33:39;1.05044;-0.11;;2.02;
2024.12.10 20:52:13;Sell;0.01;EURUSDp;1.05255;;1.04900;2024.12.11 09:43:03;1.04900;-0.06;0.01;3.38;[tp]
2024.12.09 21:02:22;Buy;0.01;EURUSDp;1.05639;;1.05800;2024.12.10 21:30:58;1.05262;-0.06;-0.07;-3.58;
2024.12.10 17:23:11;Buy;0.02;EURUSDp;1.05061;;1.05600;2024.12.10 20:51:31;1.05253;-0.11;;3.65;
2024.12.04 17:20:48;Sell;0.01;EURUSDp;1.05247;;1.05100;2024.12.10 17:05:07;1.05099;-0.06;0.06;1.41;[tp]
2024.12.10 15:51:44;Buy;0.02;EURUSDp;1.05233;;1.05700;2024.12.10 16:50:58;1.05243;-0.11;;0.19;
2024.12.10 12:04:30;Sell;0.01;EURUSDp;1.05327;;1.05130;2024.12.10 15:52:59;1.05245;-0.06;;0.78;
2024.12.09 09:59:27;Sell;0.01;EURUSDp;1.05633;;1.05100;2024.12.10 15:52:10;1.05234;-0.06;0.01;3.79;
2024.12.09 12:52:37;Sell;0.02;EURUSDp;1.05826;;1.05300;2024.12.09 21:53:08;1.05535;-0.11;;5.51;
2024.12.06 17:08:15;Buy;0.01;EURUSDp;1.05668;;1.06000;2024.12.09 12:25:19;1.05815;-0.06;-0.07;1.39;
2024.12.05 15:05:10;Sell;0.01;EURUSDp;1.05394;;1.05350;2024.12.09 06:28:51;1.05345;-0.06;0.02;0.47;[tp]
2024.12.06 22:01:29;Sell;0.02;EURUSDp;1.05570;;1.05400;2024.12.09 05:57:09;1.05402;-0.11;0.02;3.19;
2024.12.05 15:48:43;Sell;0.02;EURUSDp;1.05638;;1.05400;2024.12.06 19:30:43;1.05560;-0.11;0.02;1.48;
2024.12.05 21:05:46;Sell;0.02;EURUSDp;1.05752;;1.05450;2024.12.06 17:18:07;1.05542;-0.11;0.02;3.98;
2024.12.06 16:22:42;Buy;0.01;EURUSDp;1.05757;;1.06000;2024.12.06 16:30:44;1.05839;-0.06;;0.77;
2024.12.06 16:11:48;Buy;0.01;EURUSDp;1.05699;;1.06000;2024.12.06 16:14:11;1.05877;-0.06;;1.68;
2024.12.06 15:45:03;Sell;0.01;EURUSDp;1.06168;;1.05747;2024.12.06 16:08:44;1.05860;-0.06;;2.91;
2024.12.05 16:38:59;Sell;0.02;EURUSDp;1.05850;;1.05400;2024.12.05 17:20:19;1.05642;-0.11;;3.94;
2024.12.04 16:08:37;Buy;0.01;EURUSDp;1.04747;;1.05200;2024.12.04 16:47:49;1.04930;-0.06;;1.74;
2024.12.02 18:39:56;Sell;0.01;EURUSDp;1.04851;;1.04750;2024.12.04 16:08:36;1.04747;-0.06;0.02;0.99;[tp]
2024.12.03 11:33:43;Sell;0.02;EURUSDp;1.05206;;1.04850;2024.12.04 11:04:20;1.04840;-0.11;0.02;6.98;
2024.12.02 22:40:15;Sell;0.01;EURUSDp;1.05078;;1.04850;2024.12.04 11:04:20;1.04840;-0.06;0.02;2.27;[tp]
2024.12.02 01:30:08;Buy;0.01;EURUSDp;1.05361;;1.05300;2024.12.03 11:01:04;1.05303;-0.06;-0.08;-0.55;[tp]
2024.11.29 10:30:06;Buy;0.01;EURUSDp;1.05691;;1.05300;2024.12.03 11:01:03;1.05303;-0.06;-0.16;-3.68;
2024.12.03 01:25:45;Balance;;;;;;;;;;-100.00;
2024.12.02 17:07:17;Buy;0.02;EURUSDp;1.04742;;1.05300;2024.12.02 23:10:07;1.05009;-0.11;;5.09;
2024.11.26 02:38:11;Sell;0.01;EURUSDp;1.04468;;1.05100;2024.12.02 09:16:26;1.05105;-0.06;0.07;-6.06;[tp]
2024.11.26 23:39:42;Sell;0.01;EURUSDp;1.04887;;1.05150;2024.12.02 09:16:12;1.05142;-0.06;0.07;-2.43;[tp]
2024.11.27 10:44:06;Sell;0.02;EURUSDp;1.05217;;1.05150;2024.12.02 01:30:31;1.05377;-0.11;0.11;-3.04;
2024.11.29 03:21:31;Sell;0.02;EURUSDp;1.05689;;1.05300;2024.11.29 18:45:12;1.05424;-0.11;;5.03;
2024.11.29 09:26:51;Sell;0.02;EURUSDp;1.05931;;1.05400;2024.11.29 14:20:45;1.05527;-0.11;;7.66;from #300073451
2024.11.29 09:26:51;Sell;0.02;EURUSDp;1.05931;;1.05400;2024.11.29 10:15:53;1.05654;-0.12;;5.24;to #300075279
2024.11.28 03:12:06;Buy;0.01;EURUSDp;1.05498;;1.06100;2024.11.29 10:09:07;1.05738;-0.06;-0.08;2.27;
2024.11.27 16:17:06;Sell;0.03;EURUSDp;1.05628;;1.05200;2024.11.28 03:13:02;1.05496;-0.17;0.11;3.75;
2024.11.27 21:14:28;Buy;0.01;EURUSDp;1.05685;;1.05800;2024.11.27 23:38:57;1.05651;-0.06;;-0.32;
2024.11.27 16:00:03;Sell;0.01;EURUSDp;1.05733;;1.05342;2024.11.27 17:14:19;1.05335;-0.06;;3.78;[tp]
2024.11.27 15:45:01;Sell;0.01;EURUSDp;1.05492;;1.05342;2024.11.27 17:14:19;1.05335;-0.06;;1.49;[tp]
2024.11.26 08:54:02;Sell;0.01;EURUSDp;1.04765;;1.04500;2024.11.26 18:16:05;1.04691;-0.06;;0.71;
2024.11.26 14:03:50;Sell;0.02;EURUSDp;1.05123;;1.04750;2024.11.26 18:08:09;1.04751;-0.11;;7.10;
2024.11.26 14:45:01;Sell;0.01;EURUSDp;1.05370;;1.04949;2024.11.26 16:05:59;1.04944;-0.06;;4.06;[tp]
2024.11.26 01:55:40;Buy;0.01;EURUSDp;1.04577;;1.04728;2024.11.26 05:41:29;1.04734;-0.06;;1.50;
2024.11.25 15:30:01;Sell;0.01;EURUSDp;1.05223;;1.04580;2024.11.26 01:49:06;1.04584;-0.06;0.01;6.11;
2024.11.25 01:26:54;Sell;0.02;EURUSDp;1.04925;;1.04580;2024.11.26 01:49:06;1.04582;-0.11;0.02;6.56;
2024.11.22 11:19:36;Sell;0.01;EURUSDp;1.03863;;1.04580;2024.11.26 01:49:06;1.04582;-0.06;0.02;-6.87;
2024.11.22 12:36:34;Sell;0.01;EURUSDp;1.04300;;1.04580;2024.11.26 01:49:05;1.04582;-0.06;0.02;-2.70;
2024.11.25 15:33:47;Sell;0.02;EURUSDp;1.05186;;1.04580;2024.11.25 19:21:00;1.04700;-0.11;;9.28;
2024.11.21 18:45:01;Buy;0.01;EURUSDp;1.04797;;1.04570;2024.11.25 00:05:01;1.04761;-0.06;-0.17;-0.34;[tp]
2024.11.21 18:15:01;Buy;0.01;EURUSDp;1.05033;;1.04570;2024.11.25 00:05:01;1.04761;-0.06;-0.17;-2.60;[tp]
2024.11.21 09:10:12;Buy;0.01;EURUSDp;1.05376;;1.04570;2024.11.25 00:05:01;1.04761;-0.06;-0.17;-5.87;[tp]
2024.11.22 11:53:08;Buy;0.02;EURUSDp;1.04077;;1.04570;2024.11.22 20:36:49;1.04177;-0.12;;1.92;
2024.11.22 11:15:01;Buy;0.02;EURUSDp;1.03394;;1.04570;2024.11.22 11:43:09;1.04142;-0.12;;14.37;
2024.11.22 09:31:12;Sell;0.01;EURUSDp;1.04818;;1.04630;2024.11.22 10:49:27;1.04626;-0.06;;1.84;[tp]
2024.11.21 20:45:39;Sell;0.01;EURUSDp;1.04848;;1.04643;2024.11.22 01:51:47;1.04722;-0.06;0.02;1.20;
2024.11.20 17:00:02;Buy;0.01;EURUSDp;1.05259;;1.05617;2024.11.20 21:53:55;1.05411;-0.06;;1.44;
2024.11.19 16:27:53;Sell;0.01;EURUSDp;1.05880;;1.05600;2024.11.20 10:54:49;1.05607;-0.06;0.02;2.59;
2024.11.20 02:30:46;Sell;0.01;EURUSDp;1.06079;;1.05600;2024.11.20 10:52:26;1.05611;-0.06;;4.43;
2024.11.15 10:37:35;Sell;0.01;EURUSDp;1.05645;;1.05000;2024.11.19 12:05:18;1.05488;-0.06;0.04;1.49;
2024.11.18 18:52:04;Sell;0.01;EURUSDp;1.05770;;1.05400;2024.11.19 11:20:34;1.05392;-0.06;0.02;3.59;[tp]
2024.11.18 03:26:46;Sell;0.01;EURUSDp;1.05402;;1.05400;2024.11.19 11:20:34;1.05392;-0.06;0.02;0.09;[tp]
2024.11.18 20:58:55;Sell;0.02;EURUSDp;1.05976;;1.05600;2024.11.19 11:16:55;1.05589;-0.11;0.04;7.33;[tp]
2024.11.11 15:21:04;Buy;0.02;EURUSDp;1.06434;;1.06200;2024.11.18 20:59:47;1.05973;-0.11;-1.24;-8.70;
2024.11.08 18:45:01;Buy;0.01;EURUSDp;1.07255;;1.05982;2024.11.18 20:59:44;1.05973;-0.06;-0.71;-12.10;
2024.11.11 11:30:04;Buy;0.02;EURUSDp;1.06703;;1.05982;2024.11.18 20:59:40;1.05973;-0.11;-1.24;-13.78;
2024.11.18 03:04:08;Sell;0.01;EURUSDp;1.05473;;;2024.11.18 03:25:45;1.05437;-0.06;;0.34;
2024.11.14 17:24:02;Sell;0.01;EURUSDp;1.05693;;1.05000;2024.11.15 20:51:36;1.05533;-0.06;0.02;1.52;
2024.11.15 14:17:32;Sell;0.01;EURUSDp;1.05704;;1.05350;2024.11.15 16:30:23;1.05458;-0.06;;2.33;
2024.11.11 09:56:34;Buy;0.01;EURUSDp;1.06919;;1.06200;2024.11.15 13:10:43;1.05717;-0.06;-0.53;-11.37;
2024.11.14 16:37:01;Sell;0.02;EURUSDp;1.05574;;1.04800;2024.11.15 01:42:53;1.05306;-0.11;0.04;5.09;
2024.11.14 11:00:01;Buy;0.13;EURUSDp;1.05365;;1.05982;2024.11.14 16:36:53;1.05573;-0.74;;25.61;
2024.11.13 17:45:26;Sell;0.01;EURUSDp;1.05769;;1.05300;2024.11.14 11:16:37;1.05295;-0.06;0.06;4.50;[tp]
2024.11.13 23:12:50;Sell;0.01;EURUSDp;1.05656;;1.05300;2024.11.14 10:55:42;1.05338;-0.06;0.06;3.02;
2024.11.08 16:06:36;Buy;0.01;EURUSDp;1.07554;;1.06500;2024.11.13 23:12:36;1.05653;-0.06;-0.27;-17.99;
2024.11.13 21:23:49;Buy;0.08;EURUSDp;1.05711;;1.06300;2024.11.13 23:12:16;1.05654;-0.45;;-4.32;
2024.11.13 17:15:02;Buy;0.08;EURUSDp;1.05667;;1.06303;2024.11.13 17:40:56;1.05762;-0.45;;7.19;
2024.11.12 19:19:17;Sell;0.01;EURUSDp;1.05973;;1.05400;2024.11.13 17:13:32;1.05636;-0.06;0.02;3.19;
2024.11.12 23:00:21;Sell;0.01;EURUSDp;1.06229;;1.05650;2024.11.13 17:00:35;1.05866;-0.06;0.02;3.43;
2024.11.13 15:30:10;Sell;0.02;EURUSDp;1.06532;;1.05900;2024.11.13 16:52:59;1.05889;-0.11;;12.14;
2024.11.11 17:45:01;Buy;0.03;EURUSDp;1.06398;;1.06630;2024.11.13 15:30:42;1.06493;-0.17;-0.52;2.68;
2024.11.13 13:41:55;Buy;0.05;EURUSDp;1.06139;;1.06630;2024.11.13 14:02:27;1.06338;-0.28;;9.36;
2024.11.12 17:30:02;Buy;0.05;EURUSDp;1.06089;;1.06630;2024.11.13 03:48:36;1.06274;-0.28;-0.44;8.70;
2024.11.08 18:56:04;Buy;0.01;EURUSDp;1.07148;;1.07500;2024.11.11 09:18:47;1.07136;-0.06;-0.09;-0.11;
2024.11.08 19:15:01;Buy;0.01;EURUSDp;1.06950;;1.07378;2024.11.08 20:12:23;1.07167;-0.06;;2.02;
2024.11.07 13:48:35;Sell;0.01;EURUSDp;1.07564;;1.07650;2024.11.08 10:05:52;1.07650;-0.06;0.02;-0.80;
2024.11.07 22:19:43;Sell;0.01;EURUSDp;1.08014;;1.07700;2024.11.08 03:42:35;1.07824;-0.06;0.02;1.76;
2024.11.07 16:03:56;Sell;0.01;EURUSDp;1.07909;;1.07700;2024.11.07 21:42:39;1.07699;-0.06;;1.95;
2024.11.07 20:55:22;Sell;0.02;EURUSDp;1.07982;;1.07740;2024.11.07 21:41:34;1.07736;-0.11;;4.57;
2024.11.07 16:45:01;Sell;0.01;EURUSDp;1.08150;;1.07749;2024.11.07 21:41:33;1.07743;-0.06;;3.78;
2024.11.07 16:45:30;Sell;0.02;EURUSDp;1.08137;;1.07740;2024.11.07 18:22:44;1.07882;-0.11;;4.73;
2024.11.06 12:46:34;Balance;;;;;;;;;;-400.00;
2024.11.06 02:26:13;Buy;0.02;EURUSDp;1.08873;;1.08200;2024.11.06 11:51:38;1.07623;-0.11;;-23.23;
2024.11.06 08:38:11;Buy;0.02;EURUSDp;1.07092;;1.08000;2024.11.06 10:54:53;1.07711;-0.11;;11.49;
2024.11.06 06:42:41;Sell;0.01;EURUSDp;1.07772;;1.07300;2024.11.06 08:13:48;1.07311;-0.06;;4.30;
2024.11.06 05:00:19;Buy;0.02;EURUSDp;1.07564;;1.08400;2024.11.06 06:42:22;1.07817;-0.11;;4.69;
2024.11.06 04:30:01;Buy;0.01;EURUSDp;1.07810;;1.07801;2024.11.06 06:41:25;1.07803;-0.06;;-0.06;[tp]
2024.11.06 05:00:01;Buy;0.01;EURUSDp;1.07630;;1.07801;2024.11.06 06:38:55;1.07724;-0.06;;0.87;
2024.11.06 05:45:02;Buy;0.01;EURUSDp;1.07193;;1.07801;2024.11.06 06:35:19;1.07670;-0.06;;4.43;
2024.10.23 16:15:35;Sell;0.02;EURUSDp;1.07718;;1.07900;2024.11.06 04:29:27;1.07899;-0.11;0.54;-3.35;
2024.10.29 19:32:03;Sell;0.02;EURUSDp;1.07962;;1.08100;2024.11.06 04:14:00;1.08093;-0.11;0.31;-2.42;
2024.10.30 17:42:41;Sell;0.02;EURUSDp;1.08482;;1.08100;2024.11.06 04:10:44;1.08173;-0.11;0.27;5.71;
2024.11.04 01:04:41;Sell;0.03;EURUSDp;1.08720;;1.08200;2024.11.06 02:46:47;1.08333;-0.17;0.10;10.72;
2024.11.05 19:17:20;Sell;0.04;EURUSDp;1.09249;;1.08450;2024.11.06 02:26:21;1.08879;-0.22;0.07;13.59;
2024.11.04 18:59:35;Buy;0.01;EURUSDp;1.08834;;;2024.11.05 16:35:21;1.09101;-0.06;-0.09;2.45;
2024.11.04 14:00:00;Sell;0.03;EURUSDp;1.09133;;1.08400;2024.11.04 18:59:44;1.08836;-0.16;;8.19;
2024.11.01 17:49:58;Buy;0.01;EURUSDp;1.08536;;1.08820;2024.11.04 01:04:46;1.08721;-0.06;-0.09;1.70;
2024.11.01 15:36:08;Sell;0.04;EURUSDp;1.08965;;1.08300;2024.11.01 17:44:03;1.08518;-0.22;;16.48;
2024.11.01 15:45:01;Sell;0.01;EURUSDp;1.09003;;1.08611;2024.11.01 16:21:56;1.08718;-0.06;;2.62;
2024.10.31 02:09:19;Buy;0.01;EURUSDp;1.08600;;1.08920;2024.10.31 23:08:21;1.08794;-0.06;;1.78;
2024.10.16 17:30:01;Buy;0.17;EURUSDp;1.08756;;1.08900;2024.10.30 23:52:32;1.08574;-0.94;-20.47;-28.50;
2024.10.01 13:45:01;Buy;0.02;EURUSDp;1.10861;;1.08900;2024.10.30 20:55:52;1.08642;-0.11;-4.94;-40.85;
2024.10.17 15:45:01;Buy;0.11;EURUSDp;1.08428;;1.08900;2024.10.30 18:30:46;1.08576;-0.61;-10.44;14.99;
2024.10.30 12:23:54;Buy;0.05;EURUSDp;1.08385;;1.08900;2024.10.30 18:29:28;1.08562;-0.28;;8.15;
2024.10.30 16:04:01;Buy;0.10;EURUSDp;1.08180;;1.08900;2024.10.30 17:41:42;1.08497;-0.55;;29.22;
2024.10.30 01:48:30;Sell;0.02;EURUSDp;1.08210;;1.07850;2024.10.30 15:31:17;1.08092;-0.11;;2.18;
2024.10.30 12:06:17;Sell;0.03;EURUSDp;1.08526;;1.08000;2024.10.30 12:22:32;1.08383;-0.17;;3.96;
2024.10.29 13:55:24;Buy;0.11;EURUSDp;1.08056;;;2024.10.29 20:16:14;1.08090;-0.61;;3.46;
2024.10.29 17:34:37;Sell;0.02;EURUSDp;1.08089;;;2024.10.29 18:17:39;1.07892;-0.11;;3.65;
2024.10.23 16:49:33;Sell;0.02;EURUSDp;1.07802;;1.07680;2024.10.29 15:51:17;1.07780;-0.11;0.23;0.41;
2024.10.28 12:22:55;Sell;0.02;EURUSDp;1.08152;;1.07970;2024.10.29 14:21:27;1.07994;-0.11;0.04;2.93;
2024.10.25 03:46:58;Buy;0.11;EURUSDp;1.08215;;1.08690;2024.10.28 21:13:56;1.08129;-0.61;-0.95;-8.75;
2024.10.25 20:05:50;Buy;0.05;EURUSDp;1.08062;;1.08690;2024.10.28 12:14:55;1.08172;-0.28;-0.43;5.08;
2024.10.24 20:36:00;Sell;0.03;EURUSDp;1.08237;;1.08040;2024.10.25 18:45:33;1.08145;-0.17;0.06;2.55;
2024.10.25 15:45:01;Sell;0.01;EURUSDp;1.08366;;1.08049;2024.10.25 18:19:33;1.08260;-0.06;;0.98;
2024.10.23 10:23:08;Buy;0.18;EURUSDp;1.07860;;1.08690;2024.10.24 20:35:46;1.08237;-1.00;-4.66;62.70;
2024.10.24 11:53:50;Sell;0.02;EURUSDp;1.08048;;1.07770;2024.10.24 13:27:57;1.08002;-0.11;;0.85;
2024.10.23 19:41:44;Balance;;;;;;;;;;300.00;Deposit
2024.10.22 18:41:35;Sell;0.02;EURUSDp;1.08076;;1.07800;2024.10.23 10:23:37;1.07857;-0.11;0.04;4.06;
2024.10.22 08:53:22;Sell;0.01;EURUSDp;1.08207;;1.07900;2024.10.23 10:01:14;1.07901;-0.06;0.02;2.84;[tp]
2024.10.22 16:45:02;Buy;0.18;EURUSDp;1.08032;;1.08696;2024.10.22 18:41:59;1.08067;-1.00;;5.83;
2024.10.22 11:17:01;Sell;0.01;EURUSDp;1.08342;;1.07900;2024.10.22 16:06:58;1.08105;-0.06;;2.19;
2024.10.18 11:38:26;Sell;0.02;EURUSDp;1.08389;;1.08230;2024.10.21 18:40:39;1.08228;-0.11;0.04;2.98;[tp]
2024.10.18 15:44:49;Sell;0.01;EURUSDp;1.08539;;1.08370;2024.10.21 17:34:03;1.08371;-0.06;0.02;1.55;[tp]
2024.10.18 23:26:27;Sell;0.01;EURUSDp;1.08687;;;2024.10.21 11:57:34;1.08578;-0.06;0.02;1.00;
2024.10.15 14:19:39;Sell;0.01;EURUSDp;1.09009;;1.08600;2024.10.16 17:41:46;1.08751;-0.06;0.02;2.37;
2024.10.16 12:14:01;Sell;0.01;EURUSDp;1.08910;;1.08780;2024.10.16 17:25:01;1.08775;-0.06;;1.24;[tp]
2024.10.15 11:13:14;Sell;0.01;EURUSDp;1.09056;;1.08720;2024.10.16 09:10:40;1.08815;-0.06;0.02;2.21;
2024.10.01 19:45:02;Buy;0.03;EURUSDp;1.10541;;1.09692;2024.10.15 14:18:32;1.09015;-0.16;-3.57;-41.99;from #298424683
2024.10.14 15:49:41;Sell;0.01;EURUSDp;1.09100;;1.08870;2024.10.15 09:02:49;1.08871;-0.05;0.02;2.10;
2024.10.14 11:15:07;Sell;0.01;EURUSDp;1.09286;;1.09090;2024.10.14 15:05:24;1.09135;-0.05;;1.38;
2024.10.01 19:45:02;Buy;0.01;EURUSDp;1.10541;;1.09692;2024.10.14 12:32:56;1.09326;-0.06;-1.10;-11.11;to #298722948
2024.10.11 17:25:47;Sell;0.01;EURUSDp;1.09409;;1.09212;2024.10.14 03:02:16;1.09213;-0.05;0.02;1.79;
2024.10.11 15:34:32;Sell;0.01;EURUSDp;1.09451;;1.09250;2024.10.11 15:42:21;1.09289;-0.05;;1.48;
2024.10.11 14:29:12;Buy;0.10;EURUSDp;1.09277;;1.09700;2024.10.11 15:10:26;1.09381;-0.55;;9.51;
2024.10.11 11:21:18;Sell;0.01;EURUSDp;1.09445;;;2024.10.11 13:03:14;1.09371;-0.05;;0.68;
2024.10.10 20:00:04;Buy;0.15;EURUSDp;1.09069;;1.09692;2024.10.11 10:38:09;1.09393;-0.82;-1.28;44.43;from #298671853
2024.10.10 20:00:04;Buy;0.05;EURUSDp;1.09069;;1.09692;2024.10.10 23:01:05;1.09355;-0.28;;13.08;to #298673592
2024.10.10 15:26:09;Sell;0.01;EURUSDp;1.09318;;1.09000;2024.10.10 21:09:30;1.09207;-0.05;;1.02;
2024.10.10 20:00:04;Buy;0.07;EURUSDp;1.09069;;1.09692;2024.10.10 21:08:56;1.09206;-0.39;;8.78;to #298671853
2024.10.10 16:11:57;Sell;0.01;EURUSDp;1.09412;;1.09000;2024.10.10 20:55:04;1.09180;-0.05;;2.12;
2024.10.01 11:15:03;Buy;0.01;EURUSDp;1.11031;;1.10018;2024.10.10 16:14:59;1.09412;-0.05;-0.91;-14.80;
2024.10.09 20:30:02;Buy;0.17;EURUSDp;1.09377;;1.10018;2024.10.09 23:40:22;1.09381;-0.93;;0.62;
2024.10.04 17:30:45;Sell;0.01;EURUSDp;1.09695;;1.09300;2024.10.09 20:38:41;1.09385;-0.05;0.06;2.83;
2024.10.09 18:20:12;Sell;0.01;EURUSDp;1.09556;;1.09250;2024.10.09 20:38:36;1.09386;-0.05;;1.55;
2024.10.07 11:54:28;Sell;0.01;EURUSDp;1.09718;;1.09200;2024.10.09 12:34:23;1.09631;-0.05;0.04;0.79;
2024.10.08 10:45:18;Sell;0.02;EURUSDp;1.09923;;1.09600;2024.10.08 11:37:00;1.09854;-0.11;;1.26;
2024.10.01 13:46:20;Buy;0.02;EURUSDp;1.10862;;1.10350;2024.10.08 10:46:55;1.09939;-0.11;-1.19;-16.79;
2024.10.07 15:15:03;Sell;0.01;EURUSDp;1.09801;;1.09200;2024.10.07 22:59:52;1.09723;-0.05;;0.71;
2024.09.30 19:08:47;Buy;0.01;EURUSDp;1.11468;;1.10350;2024.10.07 15:39:20;1.09731;-0.05;-0.57;-15.83;
2024.10.07 01:04:44;Buy;0.08;EURUSDp;1.09706;;1.10350;2024.10.07 12:12:04;1.09640;-0.44;;-4.82;
2024.10.04 23:01:38;Sell;0.01;EURUSDp;1.09774;;1.09560;2024.10.07 01:05:18;1.09701;-0.05;0.02;0.67;
2024.10.04 19:17:47;Buy;0.02;EURUSDp;1.09543;;;2024.10.04 20:03:52;1.09587;-0.11;;0.80;
2024.10.04 17:08:30;Sell;0.01;EURUSDp;1.09784;;1.09500;2024.10.04 18:32:36;1.09631;-0.05;;1.40;
2024.10.04 15:45:01;Buy;0.10;EURUSDp;1.09683;;1.10353;2024.10.04 17:08:23;1.09784;-0.55;;9.20;
2024.10.04 15:32:18;Buy;0.04;EURUSDp;1.09727;;1.10700;2024.10.04 15:44:53;1.09681;-0.22;;-1.68;
2024.10.03 19:54:15;Sell;0.01;EURUSDp;1.10275;;1.09700;2024.10.04 15:30:20;1.09780;-0.05;0.02;4.51;
2024.10.01 11:53:22;Buy;0.01;EURUSDp;1.10992;;1.10900;2024.10.03 20:05:12;1.10327;-0.05;-0.33;-6.03;
2024.10.03 17:45:08;Buy;0.04;EURUSDp;1.10126;;1.10550;2024.10.03 19:54:05;1.10271;-0.22;;5.26;
2024.10.03 17:45:03;Buy;0.06;EURUSDp;1.10124;;1.10707;2024.10.03 19:54:02;1.10272;-0.33;;8.05;
2024.10.03 14:17:57;Sell;0.01;EURUSDp;1.10394;;1.10000;2024.10.03 17:45:14;1.10131;-0.05;;2.39;
2024.10.03 11:41:12;Sell;0.01;EURUSDp;1.10414;;1.09950;2024.10.03 17:20:53;1.10251;-0.05;;1.48;
2024.10.03 08:27:57;Buy;0.04;EURUSDp;1.10273;;1.11000;2024.10.03 11:41:02;1.10413;-0.22;;5.07;
2024.10.01 19:53:27;Buy;0.03;EURUSDp;1.10544;;1.11000;2024.10.02 11:40:05;1.10818;-0.16;-0.25;7.42;
2024.09.30 21:15:01;Buy;0.01;EURUSDp;1.11221;;1.11597;2024.10.01 03:01:30;1.11357;-0.05;-0.08;1.22;
2024.09.30 21:15:48;Buy;0.01;EURUSDp;1.11210;;1.11600;2024.09.30 22:14:28;1.11233;-0.05;;0.21;
2024.09.30 11:02:48;Sell;0.01;EURUSDp;1.11832;;1.11600;2024.09.30 17:21:01;1.11602;-0.05;;2.06;[tp]
2024.09.27 13:04:49;Sell;0.01;EURUSDp;1.11575;;1.11600;2024.09.30 17:21:01;1.11602;-0.05;0.02;-0.24;[tp]
2024.09.27 15:59:58;Sell;0.01;EURUSDp;1.11996;;1.11500;2024.09.27 16:54:05;1.11812;-0.05;;1.65;
2024.09.26 17:20:33;Buy;0.01;EURUSDp;1.11460;;1.11700;2024.09.26 17:39:06;1.11580;-0.05;;1.08;
2024.09.26 12:58:53;Sell;0.01;EURUSDp;1.11431;;1.11270;2024.09.26 17:06:46;1.11276;-0.05;;1.39;
2024.09.26 15:13:58;Sell;0.01;EURUSDp;1.11616;;1.11270;2024.09.26 15:32:06;1.11472;-0.05;;1.29;
2024.09.25 20:34:40;Buy;0.01;EURUSDp;1.11340;;1.11720;2024.09.26 09:21:21;1.11488;-0.05;-0.25;1.33;
2024.09.23 15:39:48;Sell;0.01;EURUSDp;1.11153;;1.11200;2024.09.25 20:18:09;1.11300;-0.05;0.04;-1.32;
2024.09.24 16:16:28;Sell;0.01;EURUSDp;1.11393;;1.11300;2024.09.25 20:07:53;1.11300;-0.05;0.02;0.84;[tp]
2024.09.24 17:32:03;Sell;0.02;EURUSDp;1.11592;;1.11400;2024.09.25 19:06:34;1.11451;-0.11;0.04;2.53;
2024.09.25 02:51:33;Sell;0.03;EURUSDp;1.11890;;1.11500;2024.09.25 17:59:45;1.11719;-0.16;;4.59;
2024.09.25 03:45:05;Sell;0.01;EURUSDp;1.11935;;1.11588;2024.09.25 17:24:48;1.11823;-0.05;;1.00;
2024.09.24 12:02:55;Sell;0.01;EURUSDp;1.11405;;1.11070;2024.09.24 14:37:37;1.11234;-0.05;;1.54;
2024.09.23 16:17:30;Sell;0.01;EURUSDp;1.11309;;1.10900;2024.09.23 22:39:45;1.11166;-0.05;;1.29;
2024.09.23 10:52:52;Buy;0.01;EURUSDp;1.11010;;1.11230;2024.09.23 14:19:50;1.11229;-0.05;;1.97;[tp]
2024.09.22 18:33:52;Balance;;;;;;;;;;-95.00;
2024.09.19 22:16:53;Sell;0.01;EURUSDp;1.11622;;1.11400;2024.09.20 17:23:13;1.11397;-0.05;0.02;2.02;[tp]
2024.09.19 11:45:01;Sell;0.01;EURUSDp;1.11688;;1.11301;2024.09.19 15:43:40;1.11302;-0.05;;3.47;[tp]
2024.09.16 09:51:43;Sell;0.03;EURUSDp;1.11117;;1.11000;2024.09.18 22:49:57;1.10998;-0.16;0.10;3.22;[tp]
2024.09.13 03:42:26;Sell;0.02;EURUSDp;1.10853;;1.11000;2024.09.18 22:49:57;1.10998;-0.11;0.12;-2.61;[tp]
2024.09.12 21:29:10;Sell;0.01;EURUSDp;1.10610;;1.11000;2024.09.18 22:49:57;1.10998;-0.05;0.08;-3.50;[tp]
2024.09.12 16:10:07;Sell;0.01;EURUSDp;1.10383;;1.11000;2024.09.18 22:49:57;1.10998;-0.05;0.08;-5.54;[tp]
2024.09.16 16:28:41;Sell;0.04;EURUSDp;1.11304;;1.11100;2024.09.18 22:46:19;1.11101;-0.22;0.14;7.31;[tp]
2024.09.18 21:15:30;Sell;0.05;EURUSDp;1.11657;;1.11100;2024.09.18 22:36:08;1.11209;-0.27;;20.14;
2024.09.18 21:30:02;Sell;0.04;EURUSDp;1.11730;;1.11212;2024.09.18 22:22:48;1.11211;-0.21;;18.67;[tp]
2024.09.17 10:45:01;Sell;0.02;EURUSDp;1.11354;;1.11212;2024.09.18 22:22:48;1.11211;-0.11;0.04;2.57;[tp]
2024.09.16 10:00:01;Sell;0.01;EURUSDp;1.11123;;1.11212;2024.09.18 22:22:48;1.11211;-0.05;0.04;-0.79;[tp]
2024.09.13 12:00:01;Sell;0.01;EURUSDp;1.10931;;1.10599;2024.09.13 23:32:10;1.10758;-0.05;;1.56;
2024.09.11 11:49:26;Sell;0.01;EURUSDp;1.10443;;1.10190;2024.09.11 15:30:07;1.10201;-0.05;;2.20;
2024.09.10 17:00:03;Buy;0.01;EURUSDp;1.10190;;1.10559;2024.09.11 08:31:22;1.10505;-0.05;-0.08;2.85;
2024.09.09 13:41:15;Buy;0.01;EURUSDp;1.10398;;1.10560;2024.09.11 08:30:42;1.10505;-0.05;-0.16;0.97;
2024.09.10 17:15:37;Buy;0.01;EURUSDp;1.10212;;1.10560;2024.09.11 08:30:33;1.10508;-0.05;-0.08;2.68;
2024.09.05 11:30:38;Sell;0.01;EURUSDp;1.10962;;1.10940;2024.09.06 16:21:28;1.10939;-0.05;0.02;0.21;[tp]
2024.09.04 19:45:38;Sell;0.01;EURUSDp;1.10774;;1.10940;2024.09.06 16:21:28;1.10939;-0.05;0.07;-1.49;[tp]
2024.09.06 15:45:02;Sell;0.01;EURUSDp;1.11349;;1.10946;2024.09.06 16:21:27;1.10941;-0.05;;3.68;[tp]
2024.09.05 14:30:01;Sell;0.01;EURUSDp;1.11082;;1.10946;2024.09.06 16:21:27;1.10942;-0.05;0.02;1.26;[tp]
2024.09.06 15:47:49;Sell;0.02;EURUSDp;1.11290;;1.10940;2024.09.06 16:10:41;1.11036;-0.11;;4.58;
2024.09.03 03:04:26;Buy;0.02;EURUSDp;1.10653;;1.10790;2024.09.04 17:01:11;1.10786;-0.11;-0.17;2.40;[tp]
2024.08.29 11:15:02;Buy;0.01;EURUSDp;1.10877;;1.10784;2024.09.04 17:01:11;1.10791;-0.05;-0.32;-0.78;[tp]
2024.08.28 15:45:07;Buy;0.01;EURUSDp;1.11078;;1.10784;2024.09.04 17:01:11;1.10791;-0.05;-0.57;-2.59;[tp]
2024.08.28 08:44:56;Buy;0.01;EURUSDp;1.11451;;1.10780;2024.09.04 17:01:11;1.10784;-0.05;-0.57;-6.02;[tp]
2024.09.03 12:18:49;Buy;0.03;EURUSDp;1.10377;;1.10790;2024.09.04 17:01:07;1.10776;-0.16;-0.25;10.81;
2024.09.03 21:00:04;Buy;0.04;EURUSDp;1.10277;;1.10784;2024.09.04 10:31:55;1.10610;-0.22;-0.34;12.04;
2024.09.02 14:14:20;Sell;0.01;EURUSDp;1.10647;;1.10500;2024.09.03 11:40:48;1.10500;-0.05;0.02;1.33;[tp]
2024.08.30 19:36:10;Buy;0.02;EURUSDp;1.10467;;1.11040;2024.09.02 12:29:27;1.10698;-0.11;-0.17;4.17;
2024.08.29 16:38:54;Buy;0.01;EURUSDp;1.10779;;1.11060;2024.08.30 11:48:54;1.10846;-0.05;-0.08;0.60;
2024.08.29 17:30:02;Buy;0.02;EURUSDp;1.10607;;1.11041;2024.08.30 11:48:38;1.10846;-0.11;-0.17;4.31;
2024.08.28 15:19:53;Buy;0.01;EURUSDp;1.11130;;1.11410;2024.08.29 03:56:05;1.11319;-0.05;-0.25;1.70;
2024.08.26 16:52:22;Buy;0.01;EURUSDp;1.11620;;1.11830;2024.08.27 20:53:00;1.11772;-0.05;-0.08;1.36;
2024.08.26 11:52:40;Balance;;;;;;;;;;-5.42;
2024.08.26 11:50:23;Balance;;;;;;;;;;-100.00;
2024.08.23 17:42:41;Sell;0.01;EURUSDp;1.11716;;1.11550;2024.08.26 11:49:22;1.11814;-0.05;0.02;-0.88;
2024.08.23 21:11:07;Sell;0.01;EURUSDp;1.12009;;1.11550;2024.08.23 21:48:59;1.11889;-0.05;;1.07;
2024.08.22 16:47:15;Buy;0.01;EURUSDp;1.11227;;1.11420;2024.08.23 17:03:50;1.11423;-0.05;-0.08;1.76;[tp]
2024.08.22 09:53:43;Buy;0.01;EURUSDp;1.11485;;1.11420;2024.08.23 17:03:50;1.11420;-0.05;-0.08;-0.58;[tp]
2024.08.19 17:31:54;Sell;0.03;EURUSDp;1.10631;;1.11050;2024.08.22 17:09:24;1.11050;-0.16;0.26;-11.32;[tp]
2024.08.20 16:00:22;Sell;0.04;EURUSDp;1.10983;;1.11050;2024.08.22 17:09:23;1.11056;-0.22;0.28;-2.63;
2024.08.19 08:16:31;Sell;0.02;EURUSDp;1.10402;;1.11050;2024.08.22 17:09:04;1.11072;-0.11;0.17;-12.06;
2024.08.16 10:34:04;Sell;0.01;EURUSDp;1.09771;;1.11050;2024.08.22 17:08:59;1.11063;-0.05;0.11;-11.63;
2024.08.16 20:45:14;Sell;0.01;EURUSDp;1.10120;;1.11050;2024.08.22 17:08:55;1.11065;-0.05;0.11;-8.51;
2024.08.22 10:52:57;Sell;0.10;EURUSDp;1.11363;;1.11050;2024.08.22 17:07:36;1.11098;-0.54;;23.85;from #297261969
2024.08.21 02:30:02;Sell;0.11;EURUSDp;1.11300;;1.11109;2024.08.22 17:06:42;1.11114;-0.59;0.58;18.41;
2024.08.19 17:45:02;Sell;0.02;EURUSDp;1.10689;;1.11109;2024.08.22 17:06:42;1.11113;-0.11;0.17;-7.63;
2024.08.19 09:15:02;Sell;0.01;EURUSDp;1.10486;;1.11109;2024.08.22 17:06:42;1.11113;-0.05;0.09;-5.64;
2024.08.20 16:15:01;Sell;0.04;EURUSDp;1.11012;;1.11109;2024.08.22 17:06:41;1.11113;-0.22;0.28;-3.64;
2024.08.22 10:52:57;Sell;0.04;EURUSDp;1.11363;;1.11100;2024.08.22 16:54:26;1.11167;-0.21;;7.05;to #297262252
2024.08.19 04:00:03;Sell;0.01;EURUSDp;1.10303;;1.11109;2024.08.22 16:49:55;1.11218;-0.05;0.09;-8.23;
2024.08.22 10:52:57;Sell;0.05;EURUSDp;1.11363;;1.11100;2024.08.22 16:48:40;1.11207;-0.27;;7.01;to #297261969
2024.08.21 21:15:01;Sell;0.19;EURUSDp;1.11712;;1.11109;2024.08.22 10:35:22;1.11318;-1.02;1.00;67.25;
2024.08.15 16:17:46;Buy;0.01;EURUSDp;1.09586;;1.10000;2024.08.15 18:03:24;1.09862;-0.05;;2.51;
2024.08.13 16:26:33;Sell;0.01;EURUSDp;1.09489;;1.09540;2024.08.15 15:51:27;1.09542;-0.05;0.07;-0.48;
2024.08.13 15:01:38;Sell;0.01;EURUSDp;1.09295;;1.09540;2024.08.15 15:51:26;1.09542;-0.05;0.07;-2.25;
2024.08.14 11:58:26;Sell;0.04;EURUSDp;1.10189;;1.09700;2024.08.15 15:36:28;1.09699;-0.22;0.19;17.87;[tp]
2024.08.13 21:33:23;Sell;0.03;EURUSDp;1.09918;;1.09700;2024.08.15 15:36:28;1.09698;-0.16;0.19;6.02;[tp]
2024.08.13 20:01:56;Sell;0.02;EURUSDp;1.09718;;1.09700;2024.08.15 15:36:28;1.09698;-0.11;0.12;0.36;[tp]
2024.08.14 16:45:01;Sell;0.04;EURUSDp;1.10412;;1.09947;2024.08.15 15:30:12;1.09950;-0.22;0.19;16.81;[tp]
2024.08.14 11:45:04;Sell;0.02;EURUSDp;1.10097;;1.09947;2024.08.15 15:30:12;1.09950;-0.11;0.09;2.67;[tp]
2024.08.13 21:30:01;Sell;0.01;EURUSDp;1.09913;;1.09947;2024.08.15 15:30:12;1.09950;-0.05;0.07;-0.34;[tp]
2024.08.13 20:00:04;Sell;0.01;EURUSDp;1.09722;;1.09947;2024.08.15 15:30:12;1.09950;-0.05;0.07;-2.07;[tp]
2024.08.13 16:26:37;Sell;0.01;EURUSDp;1.09490;;;2024.08.13 16:27:52;1.09481;-0.05;;0.08;
2024.08.13 12:00:09;Buy;0.01;EURUSDp;1.09198;;;2024.08.13 14:35:41;1.09276;-0.05;;0.71;
2024.08.09 15:20:58;Buy;0.01;EURUSDp;1.09146;;1.09450;2024.08.12 23:11:20;1.09309;-0.05;-0.08;1.49;
2024.08.09 09:59:46;Balance;;;;;;;;;;-100.00;
2024.08.08 16:44:32;Buy;0.01;EURUSDp;1.08849;;1.09200;2024.08.08 17:04:50;1.08952;-0.06;;0.95;
2024.08.01 16:23:12;Sell;0.01;EURUSDp;1.07918;;1.08600;2024.08.08 16:43:47;1.08833;-0.06;0.13;-8.41;
2024.08.02 11:23:24;Sell;0.01;EURUSDp;1.08074;;1.08600;2024.08.08 16:43:43;1.08834;-0.06;0.11;-6.98;
2024.08.02 14:36:25;Sell;0.02;EURUSDp;1.08328;;1.08600;2024.08.08 16:43:29;1.08833;-0.11;0.19;-9.28;
2024.08.02 15:31:32;Sell;0.03;EURUSDp;1.08678;;1.08900;2024.08.08 16:06:48;1.09052;-0.17;0.29;-10.29;
2024.08.02 15:51:14;Sell;0.03;EURUSDp;1.08815;;1.08900;2024.08.08 15:53:02;1.08968;-0.17;0.29;-4.21;
2024.08.02 17:21:52;Sell;0.05;EURUSDp;1.09132;;1.08900;2024.08.08 15:42:15;1.09022;-0.27;0.48;5.04;
2024.08.06 14:00:03;Buy;0.01;EURUSDp;1.09091;;1.09429;2024.08.06 18:49:41;1.09252;-0.06;;1.47;
2024.08.05 10:33:42;Sell;0.07;EURUSDp;1.09647;;1.09050;2024.08.06 13:23:41;1.09095;-0.38;0.12;35.42;
2024.08.05 11:15:03;Sell;0.04;EURUSDp;1.09667;;1.09140;2024.08.06 12:15:27;1.09140;-0.22;0.07;19.31;[tp]
2024.08.05 07:00:04;Sell;0.02;EURUSDp;1.09306;;1.09140;2024.08.06 12:15:27;1.09140;-0.11;0.03;3.04;[tp]
2024.08.02 17:15:03;Sell;0.01;EURUSDp;1.09108;;1.09140;2024.08.06 12:15:27;1.09140;-0.05;0.04;-0.29;[tp]
2024.08.02 16:00:06;Sell;0.01;EURUSDp;1.08894;;1.09140;2024.08.06 12:15:27;1.09140;-0.06;0.04;-2.25;[tp]
2024.07.17 15:38:45;Buy;0.01;EURUSDp;1.09391;;1.08800;2024.08.02 15:49:55;1.08801;-0.05;-1.50;-5.42;[tp]
2024.07.18 16:34:47;Buy;0.01;EURUSDp;1.09159;;1.08800;2024.08.02 15:49:13;1.08774;-0.05;-1.25;-3.54;
2024.07.26 17:33:40;Buy;0.02;EURUSDp;1.08554;;1.08770;2024.08.02 15:30:51;1.08714;-0.11;-1.19;2.94;
2024.07.29 12:02:11;Buy;0.03;EURUSDp;1.08314;;1.08420;2024.08.02 12:42:29;1.08198;-0.17;-1.51;-3.22;
2024.08.01 17:02:26;Sell;0.01;EURUSDp;1.08145;;1.07550;2024.08.01 20:59:59;1.07917;-0.06;;2.11;
2024.08.01 11:09:34;Buy;0.04;EURUSDp;1.07918;;1.08420;2024.08.01 17:16:02;1.08062;-0.22;;5.33;
2024.08.01 12:30:02;Buy;0.04;EURUSDp;1.07823;;1.08304;2024.08.01 16:23:06;1.07923;-0.22;;3.71;
2024.07.30 19:59:42;Sell;0.01;EURUSDp;1.08141;;1.07900;2024.08.01 11:09:40;1.07922;-0.06;0.07;2.03;
2024.07.31 13:28:31;Sell;0.01;EURUSDp;1.08311;;1.07900;2024.08.01 10:49:53;1.08037;-0.06;0.05;2.54;
2024.07.30 11:56:58;Sell;0.01;EURUSDp;1.08270;;1.07900;2024.07.30 17:17:34;1.08028;-0.06;;2.24;
2024.07.29 16:15:03;Buy;0.02;EURUSDp;1.08124;;1.08546;2024.07.30 10:02:25;1.08214;-0.11;-0.17;1.66;
2024.07.29 17:33:02;Buy;0.04;EURUSDp;1.08052;;1.08550;2024.07.29 18:36:29;1.08198;-0.22;;5.40;
2024.07.02 12:46:50;Sell;0.01;EURUSDp;1.07135;;1.08100;2024.07.29 12:03:19;1.08317;-0.06;0.50;-10.91;
2024.07.02 16:00:56;Sell;0.01;EURUSDp;1.07328;;1.08100;2024.07.29 11:15:48;1.08390;-0.06;0.50;-9.80;
2024.07.25 11:22:17;Sell;0.02;EURUSDp;1.08489;;1.08100;2024.07.29 11:15:36;1.08381;-0.11;0.06;1.99;
2024.07.26 10:26:03;Buy;0.02;EURUSDp;1.08507;;1.08950;2024.07.26 14:51:40;1.08597;-0.11;;1.66;
2024.07.24 14:54:35;Sell;0.02;EURUSDp;1.08481;;1.08100;2024.07.25 10:58:15;1.08516;-0.11;0.10;-0.65;
2024.07.23 10:34:53;Buy;0.02;EURUSDp;1.08781;;1.08850;2024.07.24 19:51:03;1.08496;-0.11;-0.17;-5.25;
2024.07.24 10:45:03;Buy;0.01;EURUSDp;1.08318;;1.08735;2024.07.24 16:12:09;1.08569;-0.06;;2.31;
2024.07.24 10:32:42;Buy;0.03;EURUSDp;1.08350;;1.08850;2024.07.24 14:22:02;1.08402;-0.17;;1.44;
2024.07.03 10:42:31;Sell;0.02;EURUSDp;1.07579;;1.08250;2024.07.24 11:26:05;1.08305;-0.11;0.66;-13.41;
2024.07.03 15:51:54;Sell;0.03;EURUSDp;1.07738;;1.08300;2024.07.24 10:50:08;1.08301;-0.17;1.06;-15.60;
2024.07.03 17:11:32;Sell;0.04;EURUSDp;1.08094;;1.08300;2024.07.24 10:48:57;1.08325;-0.22;1.45;-8.53;
2024.07.09 22:32:06;Sell;0.04;EURUSDp;1.08135;;1.08400;2024.07.23 17:49:14;1.08483;-0.22;0.97;-12.83;
2024.07.23 13:15:02;Buy;0.01;EURUSDp;1.08598;;1.08947;2024.07.23 14:34:54;1.08631;-0.06;;0.30;
2024.07.11 12:15:54;Sell;0.08;EURUSDp;1.08517;;1.08500;2024.07.23 13:39:08;1.08610;-0.44;1.34;-6.85;
2024.07.11 12:15:06;Sell;0.02;EURUSDp;1.08519;;1.08712;2024.07.23 11:07:35;1.08714;-0.11;0.31;-3.59;[tp]
2024.07.03 17:15:01;Sell;0.01;EURUSDp;1.08142;;1.08712;2024.07.23 11:07:35;1.08714;-0.06;0.37;-5.26;[tp]
2024.07.22 15:54:41;Buy;0.02;EURUSDp;1.08783;;1.09100;2024.07.22 18:12:32;1.08850;-0.11;;1.23;
2024.07.17 11:45:02;Sell;0.06;EURUSDp;1.09317;;1.08712;2024.07.22 15:53:32;1.08781;-0.33;0.50;29.56;
2024.07.19 15:33:14;Sell;0.10;EURUSDp;1.08893;;1.08550;2024.07.19 23:35:14;1.08821;-0.55;;6.62;
2024.07.19 11:22:24;Buy;0.02;EURUSDp;1.08830;;1.09100;2024.07.19 14:42:08;1.08893;-0.11;;1.16;
2024.07.17 11:47:37;Sell;0.10;EURUSDp;1.09334;;1.08650;2024.07.19 08:26:23;1.08882;-0.55;0.67;41.51;
2024.07.15 16:13:44;Buy;0.01;EURUSDp;1.09105;;1.09300;2024.07.17 11:40:51;1.09307;-0.05;-0.17;1.85;[tp]
2024.07.16 15:50:19;Buy;0.01;EURUSDp;1.08795;;1.09000;2024.07.16 18:47:39;1.08852;-0.06;;0.52;
2024.07.16 09:45:10;Buy;0.01;EURUSDp;1.08863;;1.09150;2024.07.16 10:16:40;1.08947;-0.06;;0.77;
2024.07.12 18:06:40;Sell;0.05;EURUSDp;1.09101;;1.08882;2024.07.12 19:29:04;1.09017;-0.27;;3.85;
2024.07.11 18:18:46;Buy;0.01;EURUSDp;1.08740;;1.09000;2024.07.12 12:21:48;1.08850;-0.06;-0.08;1.01;
2024.07.11 15:45:06;Sell;0.08;EURUSDp;1.08965;;1.08460;2024.07.12 10:30:46;1.08687;-0.44;0.14;20.46;from #296181548
2024.07.11 15:45:06;Sell;0.02;EURUSDp;1.08965;;1.08460;2024.07.11 22:20:35;1.08687;-0.11;;5.12;to #296191522
2024.07.11 15:45:06;Sell;0.03;EURUSDp;1.08965;;1.08392;2024.07.11 17:21:11;1.08750;-0.17;;5.93;to #296181548
2024.07.11 15:45:02;Sell;0.04;EURUSDp;1.08969;;1.08392;2024.07.11 17:17:03;1.08785;-0.22;;6.77;
2024.07.09 16:49:14;Sell;0.04;EURUSDp;1.08233;;1.07750;2024.07.09 21:12:04;1.08123;-0.22;;4.07;
2024.07.05 17:17:23;Buy;0.01;EURUSDp;1.08147;;1.08278;2024.07.05 17:33:03;1.08231;-0.06;;0.78;
2024.07.05 15:45:03;Sell;0.01;EURUSDp;1.08327;;1.07902;2024.07.05 17:03:04;1.08156;-0.06;;1.58;
2024.07.03 22:26:22;Sell;0.01;EURUSDp;1.07869;;1.07845;2024.07.03 22:59:15;1.07852;-0.06;;0.16;
2024.07.01 19:53:12;Buy;0.01;EURUSDp;1.07303;;1.07490;2024.07.02 16:02:20;1.07330;-0.06;-0.08;0.25;
2024.07.01 01:15:35;Sell;0.02;EURUSDp;1.07356;;1.07250;2024.07.01 18:04:44;1.07249;-0.11;;2.00;[tp]
2024.06.28 17:56:47;Sell;0.01;EURUSDp;1.07177;;1.07250;2024.07.01 18:04:44;1.07249;-0.06;0.02;-0.67;[tp]
2024.06.28 11:11:24;Sell;0.01;EURUSDp;1.06950;;1.07250;2024.07.01 18:04:44;1.07249;-0.06;0.02;-2.79;[tp]
2024.07.01 06:28:16;Sell;0.03;EURUSDp;1.07538;;1.07250;2024.07.01 17:29:34;1.07444;-0.17;;2.62;
2024.07.01 09:30:02;Sell;0.01;EURUSDp;1.07747;;1.07412;2024.07.01 15:30:48;1.07415;-0.06;;3.09;
2024.07.01 09:30:25;Sell;0.04;EURUSDp;1.07755;;1.07360;2024.07.01 15:30:32;1.07420;-0.22;;12.47;
2024.06.27 15:42:22;Sell;0.01;EURUSDp;1.07193;;1.06870;2024.06.28 04:38:07;1.06873;-0.06;0.02;2.99;
2024.06.27 15:41:51;Sell;0.01;XAUUSDp;2 323.71;;;2024.06.27 15:42:16;2 323.82;-0.06;;-0.10;
2024.06.26 09:25:50;Buy;0.01;EURUSDp;1.07039;;1.07100;2024.06.27 15:37:26;1.07104;-0.06;-0.25;0.61;[tp]
2024.06.27 02:31:57;Buy;0.01;EURUSDp;1.06801;;1.06980;2024.06.27 09:26:01;1.06948;-0.06;;1.37;
2024.06.26 13:29:36;Buy;0.01;EURUSDp;1.06832;;1.07109;2024.06.26 17:52:58;1.06858;-0.06;;0.24;
2024.06.25 17:16:31;Buy;0.01;EURUSDp;1.06948;;1.07246;2024.06.25 19:22:38;1.07051;-0.06;;0.96;
2024.06.24 10:33:50;Sell;0.01;EURUSDp;1.07050;;1.07000;2024.06.25 17:00:44;1.07030;-0.06;0.02;0.19;
2024.06.21 13:40:36;Sell;0.01;EURUSDp;1.06827;;1.07000;2024.06.25 16:40:57;1.07048;-0.06;0.04;-2.06;
2024.06.24 12:33:53;Sell;0.02;EURUSDp;1.07240;;1.07000;2024.06.25 15:50:40;1.07034;-0.11;0.04;3.85;
2024.06.24 17:01:05;Sell;0.03;EURUSDp;1.07427;;1.07140;2024.06.25 14:31:28;1.07140;-0.17;0.06;8.04;[tp]
2024.06.20 21:08:31;Buy;0.01;EURUSDp;1.07105;;1.07100;2024.06.24 10:36:18;1.07098;-0.06;-0.16;-0.07;[tp]
2024.06.21 14:01:20;Buy;0.01;EURUSDp;1.06835;;1.07100;2024.06.21 16:05:42;1.06976;-0.06;;1.32;
2024.06.21 10:37:19;Buy;0.01;EURUSDp;1.06749;;1.07100;2024.06.21 11:55:44;1.06906;-0.06;;1.47;
2024.06.20 11:31:45;Buy;0.01;EURUSDp;1.07156;;1.07421;2024.06.20 17:49:07;1.07235;-0.06;;0.74;
2024.06.18 15:23:34;Sell;0.01;EURUSDp;1.07111;;1.07150;2024.06.20 11:19:51;1.07150;-0.06;0.08;-0.36;[tp]
2024.06.17 14:53:45;Sell;0.01;EURUSDp;1.07114;;1.07150;2024.06.20 11:19:51;1.07150;-0.06;0.10;-0.34;[tp]
2024.06.18 15:32:05;Sell;0.01;EURUSDp;1.07287;;1.07150;2024.06.20 11:18:00;1.07165;-0.06;0.08;1.14;
2024.06.18 16:53:50;Sell;0.03;EURUSDp;1.07479;;1.07200;2024.06.20 09:57:29;1.07328;-0.17;0.25;4.22;
2024.06.17 21:10:41;Sell;0.01;EURUSDp;1.07315;;1.07040;2024.06.18 14:39:53;1.07134;-0.06;0.02;1.69;
2024.06.17 13:45:55;Balance;;;;;;;;;;-200.00;
2024.06.14 16:30:01;Buy;0.02;EURUSDp;1.06740;;1.07145;2024.06.17 12:36:39;1.07145;-0.11;-0.15;7.56;[tp]
2024.06.14 11:45:03;Buy;0.01;EURUSDp;1.06932;;1.07145;2024.06.17 12:36:39;1.07145;-0.06;-0.08;1.99;[tp]
2024.06.14 09:45:28;Buy;0.03;EURUSDp;1.07191;;1.07145;2024.06.17 12:36:39;1.07145;-0.17;-0.23;-1.29;[tp]
2024.06.14 09:45:03;Buy;0.01;EURUSDp;1.07184;;1.07145;2024.06.17 12:36:39;1.07145;-0.06;-0.08;-0.36;[tp]
2024.06.13 19:42:57;Buy;0.02;EURUSDp;1.07365;;1.07145;2024.06.17 12:36:39;1.07145;-0.11;-0.30;-4.11;[tp]
2024.06.13 17:48:58;Buy;0.01;EURUSDp;1.07645;;1.07145;2024.06.17 12:36:39;1.07145;-0.06;-0.16;-4.67;[tp]
2024.06.13 14:49:56;Buy;0.01;EURUSDp;1.07858;;1.07145;2024.06.17 12:36:39;1.07145;-0.06;-0.16;-6.65;[tp]
2024.06.14 11:45:44;Buy;0.04;EURUSDp;1.06931;;1.07145;2024.06.17 12:10:39;1.07109;-0.22;-0.31;6.65;
2024.06.17 09:28:44;Buy;0.06;EURUSDp;1.06957;;1.07145;2024.06.17 11:11:13;1.07121;-0.34;;9.19;
2024.06.14 16:35:21;Buy;0.06;EURUSDp;1.06747;;1.07145;2024.06.14 20:40:03;1.06998;-0.34;;14.08;
2024.06.12 15:35:52;Sell;0.01;EURUSDp;1.08162;;1.07898;2024.06.13 14:25:20;1.07918;-0.06;0.06;2.26;
2024.06.12 16:30:01;Sell;0.01;EURUSDp;1.08353;;1.07898;2024.06.12 21:15:22;1.08229;-0.06;;1.15;
2024.06.10 09:42:33;Buy;0.02;EURUSDp;1.07551;;1.07900;2024.06.12 15:30:03;1.07866;-0.11;-0.28;5.84;[tp]
2024.06.10 00:06:00;Buy;0.01;EURUSDp;1.07737;;1.07900;2024.06.12 15:30:03;1.07866;-0.06;-0.15;1.20;[tp]
2024.06.07 18:10:45;Buy;0.01;EURUSDp;1.08093;;1.07900;2024.06.12 15:30:03;1.07866;-0.06;-0.22;-2.10;[tp]
2024.06.09 00:05:36;Balance;;;;;;;;;;4.53;
2024.06.04 19:17:19;Sell;0.01;EURUSDp;1.08817;;1.08400;2024.06.07 15:30:41;1.08482;-0.06;0.06;3.09;
2024.06.03 17:10:26;Sell;0.01;EURUSDp;1.08791;;1.08680;2024.06.04 13:06:25;1.08683;-0.06;0.01;0.99;[tp]
2024.06.03 23:46:33;Sell;0.01;EURUSDp;1.09019;;1.08680;2024.06.04 11:30:35;1.08788;-0.06;0.01;2.12;
2024.06.03 11:36:55;Buy;0.01;EURUSDp;1.08394;;1.08591;2024.06.03 17:00:00;1.08645;-0.06;;2.31;[tp]
2024.05.31 13:39:29;Sell;0.01;EURUSDp;1.08492;;1.08375;2024.06.03 11:00:33;1.08375;-0.06;0.01;1.08;[tp]
2024.05.30 16:42:51;Sell;0.01;EURUSDp;1.08283;;1.08375;2024.06.03 11:00:33;1.08375;-0.06;0.02;-0.85;[tp]
2024.06.02 00:06:04;Balance;;;;;;;;;;7.27;
2024.05.31 15:45:05;Sell;0.01;EURUSDp;1.08747;;1.08375;2024.05.31 19:41:54;1.08505;-0.06;;2.23;
2024.05.31 15:41:01;Sell;0.02;EURUSDp;1.08695;;1.08375;2024.05.31 18:12:14;1.08500;-0.11;;3.59;
2024.05.30 18:35:36;Sell;0.01;EURUSDp;1.08440;;1.08060;2024.05.31 08:54:08;1.08209;-0.06;0.01;2.13;
2024.05.29 22:45:06;Buy;0.01;EURUSDp;1.08014;;1.08359;2024.05.30 15:44:57;1.08261;-0.06;-0.21;2.28;
2024.05.24 13:46:30;Sell;0.01;EURUSDp;1.08416;;1.08200;2024.05.29 17:30:46;1.08195;-0.06;0.04;2.04;[tp]
2024.05.24 11:02:30;Sell;0.01;EURUSDp;1.08227;;1.08200;2024.05.29 17:30:46;1.08195;-0.06;0.04;0.30;[tp]
2024.05.28 14:17:38;Sell Limit;0.03;EURUSDp;1.08977;;1.08400;2024.05.29 17:26:49;1.08225;;;;cancelled
2024.05.27 20:50:53;Sell;0.02;EURUSDp;1.08576;;1.08200;2024.05.29 17:26:26;1.08238;-0.11;0.06;6.25;
2024.05.26 00:06:02;Balance;;;;;;;;;;9.89;
2024.05.10 03:23:08;Sell;0.01;EURUSDp;1.07786;;1.08100;2024.05.23 20:56:31;1.08096;-0.06;0.15;-2.87;[tp]
2024.05.09 15:58:21;Sell;0.01;EURUSDp;1.07581;;1.08100;2024.05.23 20:56:31;1.08096;-0.06;0.16;-4.76;[tp]
2024.05.23 16:14:27;Sell;0.02;EURUSDp;1.08596;;1.08226;2024.05.23 16:52:55;1.08299;-0.11;;5.48;
2024.05.22 02:14:58;Buy;0.01;EURUSDp;1.08577;;1.08500;2024.05.23 14:56:54;1.08498;-0.06;-0.21;-0.73;[tp]
2024.05.23 10:05:21;Buy;0.01;EURUSDp;1.08281;;1.08500;2024.05.23 11:16:39;1.08427;-0.06;;1.35;
2024.05.22 14:07:28;Buy;0.01;EURUSDp;1.08364;;1.08600;2024.05.22 20:30:43;1.08408;-0.06;;0.41;
2024.05.22 14:49:45;Buy;0.01;XAUUSDp;2 408.49;;2 415.16;2024.05.22 14:52:35;2 409.07;-0.06;;0.53;
2024.05.13 15:31:44;Sell;0.02;EURUSDp;1.07975;;1.08200;2024.05.22 14:39:55;1.08271;-0.11;0.20;-5.47;
2024.05.15 15:46:15;Sell;0.05;EURUSDp;1.08600;;1.08280;2024.05.22 14:38:22;1.08280;-0.28;0.43;14.78;[tp]
2024.05.14 17:10:32;Sell;0.03;EURUSDp;1.08204;;1.08280;2024.05.22 14:38:22;1.08280;-0.17;0.31;-2.11;[tp]
2024.05.15 23:17:14;Sell;0.08;EURUSDp;1.08849;;1.08300;2024.05.22 12:30:39;1.08452;-0.44;0.71;29.28;
2024.05.21 16:50:23;Buy;0.01;EURUSDp;1.08502;;1.08610;2024.05.21 17:39:33;1.08610;-0.06;;0.99;[tp]
2024.05.21 16:07:51;Buy;0.01;EURUSDp;1.08513;;1.08600;2024.05.21 16:23:37;1.08597;-0.06;;0.77;[tp]
2024.05.12 00:06:30;Balance;;;;;;;;;;2.47;
2024.05.08 23:57:28;Sell;0.01;EURUSDp;1.07482;;1.07150;2024.05.09 14:03:38;1.07340;-0.06;0.04;1.32;
2024.05.03 15:45:09;Sell;0.01;EURUSDp;1.07961;;1.07371;2024.05.08 11:00:18;1.07369;-0.06;0.03;5.51;[tp]
2024.05.03 11:56:22;Sell;0.01;EURUSDp;1.07414;;1.07370;2024.05.08 11:00:18;1.07368;-0.06;0.03;0.43;[tp]
2024.05.02 21:23:10;Sell;0.01;EURUSDp;1.07207;;1.07370;2024.05.08 11:00:18;1.07368;-0.06;0.04;-1.50;[tp]
2024.05.07 16:40:01;Sell;0.01;EURUSDp;1.07830;;1.07371;2024.05.07 19:50:05;1.07688;-0.06;;1.32;
2024.05.03 16:04:23;Sell;0.02;EURUSDp;1.07883;;1.07370;2024.05.03 17:25:50;1.07522;-0.11;;6.71;
2024.04.30 21:01:09;Buy;0.01;EURUSDp;1.06811;;1.06950;2024.05.01 21:02:52;1.06954;-0.06;-0.08;1.34;[tp]
2024.05.01 06:54:39;Buy;0.01;EURUSDp;1.06565;;1.06950;2024.05.01 16:27:34;1.06781;-0.06;;2.02;
2024.04.30 12:06:04;Sell;0.01;EURUSDp;1.07257;;1.06997;2024.04.30 15:30:06;1.06988;-0.06;;2.51;[tp]
2024.04.29 21:17:30;Sell;0.01;EURUSDp;1.07205;;1.06960;2024.04.30 08:53:31;1.06959;-0.06;0.01;2.30;[tp]
2024.04.29 07:56:21;Sell;0.01;EURUSDp;1.07334;;1.07050;2024.04.29 11:40:20;1.07120;-0.06;;2.00;
2024.04.25 17:31:55;Sell;0.01;EURUSDp;1.07186;;1.07100;2024.04.26 16:29:18;1.07097;-0.06;0.01;0.83;[tp]
2024.04.26 11:21:58;Sell;0.01;EURUSDp;1.07411;;1.07100;2024.04.26 15:23:06;1.07194;-0.06;;2.02;
2024.04.25 09:30:06;Sell;0.01;EURUSDp;1.07226;;1.06827;2024.04.25 15:46:22;1.06876;-0.06;;3.27;
2024.04.23 16:55:08;Sell;0.01;EURUSDp;1.07059;;1.06648;2024.04.24 14:07:27;1.06887;-0.06;0.01;1.61;
2024.04.23 10:45:53;Sell;0.01;EURUSDp;1.06819;;1.06433;2024.04.23 12:21:50;1.06621;-0.06;;1.86;
2024.04.19 17:31:16;Sell Limit;0.01;EURUSDp;1.06900;;1.06500;2024.04.22 15:21:04;1.06422;;;;cancelled
2024.04.19 13:06:21;Sell;0.01;EURUSDp;1.06570;;1.06329;2024.04.22 15:06:48;1.06329;-0.06;0.02;2.27;[tp]
2024.04.12 15:38:14;Buy;0.01;EURUSDp;1.06458;;1.06788;2024.04.17 21:45:21;1.06785;-0.06;-0.21;3.06;[tp]
2024.04.12 13:30:04;Buy;0.04;EURUSDp;1.06547;;1.06788;2024.04.17 21:45:21;1.06785;-0.23;-0.87;8.92;[tp]
2024.04.12 09:45:01;Buy;0.03;EURUSDp;1.06855;;1.06788;2024.04.17 21:45:21;1.06785;-0.17;-0.66;-1.97;[tp]
2024.04.11 17:30:01;Buy;0.01;EURUSDp;1.07112;;1.06788;2024.04.17 21:45:21;1.06785;-0.05;-0.28;-3.06;[tp]
2024.04.11 01:11:37;Buy;0.01;EURUSDp;1.07413;;1.06788;2024.04.17 21:45:21;1.06785;-0.06;-0.28;-5.88;[tp]
2024.04.15 22:15:01;Buy;0.05;EURUSDp;1.06228;;1.06788;2024.04.17 20:51:21;1.06617;-0.28;-0.72;18.24;
2024.04.11 17:30:01;Buy;0.01;EURUSDp;1.07112;;1.07589;2024.04.11 20:28:12;1.07236;-0.06;;1.16;to #293793986
2024.04.10 18:45:02;Buy;0.01;EURUSDp;1.07379;;1.07835;2024.04.10 22:42:35;1.07436;-0.06;;0.53;
2024.04.08 16:44:21;Sell;0.01;EURUSDp;1.08492;;1.08377;2024.04.10 15:30:02;1.08282;-0.05;0.03;1.94;[tp]
2024.04.09 12:35:51;Sell;0.01;EURUSDp;1.08625;;1.08377;2024.04.10 15:30:02;1.08282;-0.05;0.02;3.17;[tp]
2024.04.09 14:15:01;Sell;0.01;EURUSDp;1.08697;;1.08377;2024.04.10 15:30:02;1.08281;-0.06;0.02;3.84;[tp]
2024.04.08 16:44:21;Sell;0.01;EURUSDp;1.08492;;1.08377;2024.04.09 20:31:05;1.08533;-0.06;0.02;-0.38;to #293692953
2024.04.09 12:35:51;Sell;0.01;EURUSDp;1.08625;;1.08377;2024.04.09 20:30:59;1.08533;-0.06;;0.85;to #293692952
2024.04.05 18:47:22;Sell;0.02;EURUSDp;1.08424;;1.08091;2024.04.05 20:13:09;1.08358;-0.11;;1.22;
2024.04.05 15:37:56;Balance;;;;;;;;;;-500.00;
2024.04.04 11:00:01;Sell;0.03;EURUSDp;1.08566;;1.08169;2024.04.05 15:30:08;1.08172;-0.17;0.04;10.93;[tp]
2024.04.03 21:49:35;Sell;0.03;EURUSDp;1.08335;;1.08169;2024.04.05 15:30:08;1.08172;-0.17;0.16;4.52;[tp]
2024.04.03 21:15:02;Sell;0.02;EURUSDp;1.08362;;1.08169;2024.04.05 15:30:08;1.08172;-0.11;0.11;3.51;[tp]
2024.04.03 17:45:03;Sell;0.01;EURUSDp;1.08182;;1.08169;2024.04.05 15:30:08;1.08172;-0.06;0.05;0.09;[tp]
2024.04.03 17:02:21;Sell;0.02;EURUSDp;1.08151;;1.08169;2024.04.05 15:30:08;1.08172;-0.11;0.11;-0.39;[tp]
2024.04.03 14:57:37;Sell;0.01;EURUSDp;1.07831;;1.08169;2024.04.05 15:30:08;1.08172;-0.06;0.05;-3.15;[tp]
2024.04.02 16:42:07;Sell;0.01;EURUSDp;1.07634;;1.08169;2024.04.05 15:30:08;1.08172;-0.06;0.06;-4.97;[tp]
2024.04.04 12:41:04;Sell;0.05;EURUSDp;1.08595;;1.08169;2024.04.05 06:45:09;1.08257;-0.28;0.07;15.61;
2024.04.01 17:15:01;Buy;0.02;EURUSDp;1.07499;;1.07700;2024.04.02 16:42:01;1.07640;-0.11;-0.15;2.62;
2024.04.02 05:15:01;Buy;0.03;EURUSDp;1.07304;;1.07700;2024.04.02 13:12:10;1.07392;-0.17;;2.46;
2024.04.01 01:28:08;Sell;0.01;XAUUSDp;2 241.63;;2 200.00;2024.04.01 17:33:26;2 235.13;-0.06;;6.05;
2024.03.29 15:21:49;Sell;0.01;EURUSDp;1.07850;;1.07696;2024.04.01 17:00:00;1.07606;-0.06;0.01;2.27;[tp]
2024.03.29 11:00:02;Buy;0.01;EURUSDp;1.07702;;1.08062;2024.03.29 13:49:03;1.07813;-0.06;;1.03;
2024.03.28 15:57:39;Sell;0.01;EURUSDp;1.08014;;1.07700;2024.03.28 23:39:35;1.07885;-0.06;;1.20;
2024.03.27 13:15:05;Sell;0.01;EURUSDp;1.08283;;1.08082;2024.03.28 03:06:41;1.08118;-0.06;0.04;1.53;
2024.03.26 09:40:44;Sell;0.01;EURUSDp;1.08511;;1.08256;2024.03.26 18:57:23;1.08258;-0.06;;2.34;[tp]
2024.03.25 16:22:17;Sell;0.01;EURUSDp;1.08352;;1.08256;2024.03.26 18:57:23;1.08258;-0.06;0.01;0.87;[tp]
2024.03.26 09:40:52;Sell;0.01;EURUSDp;1.08511;;1.08200;2024.03.26 09:41:41;1.08512;-0.06;;-0.01;
2024.03.22 06:00:02;Buy;0.01;EURUSDp;1.08393;;1.08542;2024.03.26 09:41:28;1.08511;-0.06;-0.16;1.09;
2024.03.22 11:15:01;Buy;0.02;EURUSDp;1.08189;;1.08542;2024.03.25 16:21:24;1.08349;-0.11;-0.15;2.95;
2024.03.21 02:30:02;Sell;0.01;EURUSDp;1.09350;;1.08956;2024.03.21 11:42:35;1.08956;-0.05;;3.62;[tp]
2024.03.20 21:06:04;Sell;0.01;EURUSDp;1.08899;;1.08956;2024.03.21 11:42:35;1.08956;-0.06;0.04;-0.52;[tp]
2024.03.20 21:56:46;Sell;0.01;EURUSDp;1.09157;;1.08956;2024.03.21 11:40:56;1.09004;-0.05;0.04;1.40;
2024.03.21 02:34:16;Sell;0.02;EURUSDp;1.09353;;1.08956;2024.03.21 11:40:55;1.09003;-0.11;;6.42;
2024.03.19 11:00:01;Buy;0.02;EURUSDp;1.08549;;1.08782;2024.03.20 11:00:36;1.08640;-0.11;-0.15;1.68;
2024.03.19 13:00:39;Buy;0.03;EURUSDp;1.08389;;1.08782;2024.03.19 17:59:07;1.08621;-0.17;;6.41;
2024.03.15 03:15:03;Buy;0.01;EURUSDp;1.08786;;1.09124;2024.03.18 13:55:06;1.09004;-0.06;-0.07;2.00;
2024.03.14 20:58:35;Buy;0.01;EURUSDp;1.08871;;1.09124;2024.03.15 14:23:36;1.08883;-0.06;-0.07;0.11;
2024.03.01 14:08:28;Sell;0.01;EURUSDp;1.08208;;1.09000;2024.03.14 17:28:47;1.09040;-0.06;0.15;-7.63;
2024.03.01 18:01:24;Sell;0.01;EURUSDp;1.08346;;1.09000;2024.03.14 16:49:18;1.09124;-0.06;0.15;-7.13;
2024.03.13 20:11:17;Sell;0.03;EURUSDp;1.09600;;1.09200;2024.03.14 16:29:51;1.09196;-0.16;0.13;11.10;[tp]
2024.03.13 01:56:25;Sell;0.02;EURUSDp;1.09280;;1.09200;2024.03.14 16:29:51;1.09196;-0.11;0.09;1.54;[tp]
2024.03.12 10:46:13;Sell;0.02;EURUSDp;1.09327;;1.09000;2024.03.12 16:35:56;1.09055;-0.11;;4.99;
2024.03.12 15:42:13;Sell;0.01;XAUUSDp;2 180.51;;2 170.98;2024.03.12 15:55:10;2 171.55;-0.05;;8.21;
2024.03.04 13:21:18;Sell;0.02;EURUSDp;1.08528;;1.09000;2024.03.11 18:19:54;1.09211;-0.11;0.21;-12.51;
2024.03.08 15:45:52;Sell;0.16;EURUSDp;1.09719;;1.09278;2024.03.11 16:03:49;1.09281;-0.87;0.23;64.13;[tp]
2024.03.08 15:45:01;Sell;0.05;EURUSDp;1.09718;;1.09278;2024.03.11 16:03:49;1.09281;-0.27;0.07;19.99;[tp]
2024.03.08 09:08:51;Sell;0.12;EURUSDp;1.09473;;1.09278;2024.03.11 16:03:49;1.09281;-0.66;0.17;21.08;[tp]
2024.03.07 21:15:02;Sell;0.03;EURUSDp;1.09438;;1.09278;2024.03.11 16:03:49;1.09281;-0.16;0.08;4.31;[tp]
2024.03.07 17:46:54;Sell;0.04;EURUSDp;1.09254;;1.09278;2024.03.11 16:03:49;1.09281;-0.22;0.12;-0.99;[tp]
2024.03.07 17:45:01;Sell;0.02;EURUSDp;1.09254;;1.09278;2024.03.11 16:03:49;1.09281;-0.11;0.06;-0.49;[tp]
2024.03.06 18:49:34;Sell;0.08;EURUSDp;1.09091;;1.09278;2024.03.11 16:03:49;1.09281;-0.44;0.58;-13.91;[tp]
2024.03.06 18:00:01;Sell;0.01;EURUSDp;1.09050;;1.09278;2024.03.11 16:03:49;1.09281;-0.06;0.06;-2.11;[tp]
2024.03.06 16:07:08;Sell;0.05;EURUSDp;1.08865;;1.09278;2024.03.11 16:03:49;1.09281;-0.28;0.36;-19.03;[tp]
2024.03.06 10:23:27;Sell;0.03;EURUSDp;1.08683;;1.09278;2024.03.11 16:03:49;1.09281;-0.17;0.21;-16.42;[tp]
2024.03.01 10:21:21;Sell;0.02;EURUSDp;1.08194;;1.07999;2024.03.01 12:25:16;1.08022;-0.11;;3.18;
2024.02.29 12:34:28;Sell;0.02;EURUSDp;1.08488;;1.08227;2024.02.29 14:30:49;1.08295;-0.11;;3.56;
2024.02.28 19:20:09;Sell;0.02;EURUSDp;1.08416;;1.08075;2024.02.29 09:56:53;1.08282;-0.11;0.08;2.48;
2024.02.26 10:36:26;Sell;0.02;EURUSDp;1.08350;;1.08244;2024.02.28 08:47:38;1.08244;-0.11;0.06;1.96;[tp]
2024.02.26 13:38:49;Sell;0.02;EURUSDp;1.08525;;1.08244;2024.02.27 17:43:14;1.08365;-0.11;0.03;2.95;
2024.02.23 13:41:44;Sell;0.02;EURUSDp;1.08297;;;2024.02.23 22:03:10;1.08235;-0.11;;1.15;
2024.02.21 16:44:45;Sell;0.03;EURUSDp;1.08101;;1.08050;2024.02.22 16:42:36;1.08046;-0.17;0.12;1.53;[tp]
2024.02.20 11:44:11;Sell;0.02;EURUSDp;1.07956;;1.08050;2024.02.22 16:42:36;1.08047;-0.11;0.11;-1.68;[tp]
2024.02.16 18:25:23;Sell;0.02;EURUSDp;1.07739;;1.08050;2024.02.22 16:42:36;1.08046;-0.11;0.17;-5.68;[tp]
2024.02.22 08:40:31;Sell;0.05;EURUSDp;1.08378;;1.08050;2024.02.22 16:04:59;1.08206;-0.28;;7.95;
2024.02.22 10:15:27;Sell;0.08;EURUSDp;1.08826;;1.08050;2024.02.22 16:04:51;1.08206;-0.44;;45.84;
2024.02.20 15:47:17;Sell;0.04;EURUSDp;1.08183;;1.08010;2024.02.20 20:46:25;1.08104;-0.22;;2.92;
2024.02.20 16:34:43;Sell;0.06;EURUSDp;1.08380;;1.08010;2024.02.20 19:15:14;1.08097;-0.33;;15.71;
2024.02.15 15:44:35;Sell;0.06;EURUSDp;1.07695;;1.07376;2024.02.16 15:35:43;1.07375;-0.33;0.08;17.88;[tp]
2024.02.15 14:30:06;Sell;0.04;EURUSDp;1.07433;;1.07376;2024.02.16 15:35:43;1.07375;-0.22;0.05;2.16;[tp]
2024.02.14 17:25:16;Sell;0.02;EURUSDp;1.07232;;1.07376;2024.02.16 15:35:43;1.07375;-0.11;0.11;-2.66;[tp]
2024.02.14 15:18:39;Sell;0.02;EURUSDp;1.07112;;1.07376;2024.02.16 15:35:43;1.07375;-0.11;0.11;-4.90;[tp]
2024.02.13 13:23:36;Sell;0.02;EURUSDp;1.07805;;1.07400;2024.02.13 15:30:12;1.07402;-0.11;;7.50;[tp]
2024.02.12 20:50:16;Sell;0.02;EURUSDp;1.07826;;1.07650;2024.02.13 04:03:02;1.07651;-0.11;0.03;3.25;[tp]
2024.02.12 11:15:12;Buy;0.01;EURUSDp;1.07762;;1.07996;2024.02.12 20:14:56;1.07838;-0.06;;0.70;
2024.02.12 01:07:03;Sell;0.02;EURUSDp;1.07911;;;2024.02.12 11:05:15;1.07749;-0.11;;3.01;
2024.02.09 12:24:57;Buy;0.02;EURUSDp;1.07645;;1.08000;2024.02.09 15:15:34;1.07716;-0.11;;1.32;
2024.02.08 20:34:04;Sell;0.02;EURUSDp;1.07779;;;2024.02.09 12:17:04;1.07633;-0.11;0.03;2.71;
2024.02.08 15:37:18;Buy;0.02;EURUSDp;1.07511;;1.07827;2024.02.08 16:47:38;1.07597;-0.11;;1.60;
2024.02.07 21:14:53;Sell;0.02;EURUSDp;1.07726;;1.07495;2024.02.08 13:24:20;1.07636;-0.11;0.08;1.67;
2024.02.08 09:21:05;Sell;0.02;EURUSDp;1.07878;;1.07495;2024.02.08 10:25:06;1.07739;-0.11;;2.58;
2024.02.07 15:36:46;Sell;0.02;EURUSDp;1.07817;;1.07495;2024.02.07 17:52:14;1.07656;-0.11;;2.99;
2024.02.02 18:52:27;Buy;0.01;EURUSDp;1.07840;;1.07804;2024.02.07 15:29:40;1.07813;-0.06;-0.24;-0.25;[tp]
2024.02.05 11:30:01;Buy;0.01;EURUSDp;1.07623;;1.07804;2024.02.07 15:09:12;1.07757;-0.06;-0.16;1.24;
2024.02.05 16:00:01;Buy;0.02;EURUSDp;1.07377;;1.07804;2024.02.07 09:35:58;1.07688;-0.11;-0.32;5.78;
2024.02.05 11:37:44;Buy;0.01;EURUSDp;1.07619;;1.07804;2024.02.07 09:35:57;1.07687;-0.06;-0.16;0.63;
2024.02.06 12:07:41;Buy;0.02;EURUSDp;1.07318;;1.07804;2024.02.06 15:11:03;1.07402;-0.11;;1.56;
2024.02.05 15:58:31;Buy;0.02;EURUSDp;1.07365;;1.07804;2024.02.06 09:21:06;1.07609;-0.11;-0.16;4.53;
2024.02.02 11:48:44;Sell;0.06;EURUSDp;1.08946;;1.08424;2024.02.02 15:30:25;1.08411;-0.33;;29.61;[tp]
2024.02.02 07:45:01;Sell;0.01;EURUSDp;1.08805;;1.08424;2024.02.02 15:30:25;1.08411;-0.06;;3.63;[tp]
2024.02.01 19:11:24;Sell;0.04;EURUSDp;1.08726;;1.08424;2024.02.02 15:30:25;1.08411;-0.22;0.05;11.62;[tp]
2024.02.01 18:26:14;Sell;0.02;EURUSDp;1.08492;;1.08424;2024.02.02 15:30:25;1.08414;-0.11;0.03;1.44;[tp]
2024.02.01 14:49:52;Sell;0.02;EURUSDp;1.08169;;1.08424;2024.02.02 15:30:25;1.08411;-0.11;0.03;-4.46;[tp]
2024.02.01 16:43:33;Sell;0.01;EURUSDp;1.08233;;1.07869;2024.02.01 17:03:09;1.08135;-0.05;;0.91;from #291756221
2024.02.01 16:43:33;Sell;0.01;EURUSDp;1.08233;;;2024.02.01 16:44:10;1.08231;-0.06;;0.02;to #291756245
2024.02.01 15:39:44;Sell;0.02;EURUSDp;1.08250;;;2024.02.01 16:05:45;1.08133;-0.11;;2.16;
2024.02.01 10:54:58;Buy;0.01;EURUSDp;1.07870;;1.08184;2024.02.01 11:46:11;1.07946;-0.06;;0.70;
2024.02.01 00:54:32;Sell;0.01;EURUSDp;1.08134;;1.07700;2024.02.01 10:54:54;1.07875;-0.06;;2.40;
2024.01.31 15:16:51;Sell;0.02;EURUSDp;1.08454;;1.08402;2024.01.31 21:00:08;1.08322;-0.11;;2.44;[tp]
2024.01.31 11:39:28;Sell;0.02;EURUSDp;1.08314;;1.08402;2024.01.31 21:00:08;1.08322;-0.11;;-0.15;[tp]
2024.01.31 16:49:12;Sell;0.04;EURUSDp;1.08739;;1.08402;2024.01.31 17:47:02;1.08568;-0.22;;6.30;
2024.01.30 20:34:42;Sell;0.02;EURUSDp;1.08367;;;2024.01.31 08:19:01;1.08193;-0.11;0.03;3.22;
2024.01.30 13:05:15;Sell;0.01;EURUSDp;1.08388;;;2024.01.30 16:08:53;1.08336;-0.06;;0.48;
2024.01.29 23:09:41;Sell;0.01;EURUSDp;1.08298;;1.08070;2024.01.30 09:29:21;1.08140;-0.06;0.01;1.46;
2024.01.29 16:17:51;Buy;0.01;EURUSDp;1.08112;;1.08447;2024.01.29 22:29:53;1.08360;-0.06;;2.29;
2024.01.29 16:51:05;Buy;1.00;BRENT;81.743;;85.000;2024.01.29 19:39:33;81.958;;;0.20;
2024.01.29 16:52:06;Buy;4.00;BRENT;81.742;;85.000;2024.01.29 19:39:29;81.958;;;0.80;
2024.01.26 09:30:01;Buy;0.02;EURUSDp;1.08167;;1.08546;2024.01.26 12:04:09;1.08540;-0.11;;6.87;
2024.01.25 17:45:01;Buy;0.01;EURUSDp;1.08382;;1.08546;2024.01.26 12:04:09;1.08539;-0.06;-0.08;1.45;
2024.01.25 17:37:52;Buy;0.01;EURUSDp;1.08386;;1.08546;2024.01.26 11:00:01;1.08406;-0.06;-0.08;0.18;
2024.01.26 09:42:53;Buy;0.01;EURUSDp;1.08201;;1.08546;2024.01.26 11:00:00;1.08402;-0.06;;1.85;
2024.01.25 10:39:37;Sell;0.01;EURUSDp;1.08964;;1.08650;2024.01.25 15:55:50;1.08775;-0.06;;1.74;
2024.01.24 09:16:04;Sell;0.01;EURUSDp;1.08674;;1.08750;2024.01.25 02:18:12;1.08751;-0.06;0.04;-0.71;[tp]
2024.01.23 23:01:53;Sell;0.01;EURUSDp;1.08499;;1.08750;2024.01.25 02:18:12;1.08751;-0.06;0.05;-2.32;[tp]
2024.01.24 11:45:34;Sell;0.02;EURUSDp;1.09029;;1.08750;2024.01.24 23:21:42;1.08791;-0.11;;4.38;
2024.01.24 16:00:01;Sell;0.01;EURUSDp;1.09248;;1.08840;2024.01.24 17:05:44;1.08983;-0.05;;2.43;
2024.01.24 15:58:19;Sell;0.03;EURUSDp;1.09250;;1.08840;2024.01.24 16:50:20;1.09083;-0.16;;4.59;
2024.01.23 14:00:57;Buy;0.01;EURUSDp;1.08656;;1.08840;2024.01.23 15:18:35;1.08708;-0.06;;0.48;
2024.01.19 07:13:10;Sell;0.01;EURUSDp;1.08869;;1.08700;2024.01.23 12:54:14;1.08701;-0.06;0.02;1.55;[tp]
2024.01.18 18:42:04;Sell;0.01;EURUSDp;1.08657;;1.08700;2024.01.23 12:54:14;1.08701;-0.06;0.03;-0.40;[tp]
2024.01.23 08:36:57;Sell;0.02;EURUSDp;1.09064;;;2024.01.23 12:25:30;1.08829;-0.11;;4.32;
2024.01.22 19:41:22;Sell;0.02;EURUSDp;1.08990;;;2024.01.22 20:37:00;1.08865;-0.11;;2.30;
2024.01.22 09:17:22;Sell;0.02;EURUSDp;1.09033;;1.08700;2024.01.22 13:14:06;1.08879;-0.11;;2.83;
2024.01.18 12:57:16;Sell;0.01;EURUSDp;1.08941;;;2024.01.18 15:39:24;1.08619;-0.06;;2.96;
2024.01.18 03:39:40;Sell;0.01;EURUSDp;1.08954;;1.08700;2024.01.18 11:14:05;1.08848;-0.06;;0.97;
2024.01.16 11:15:00;Buy;0.01;EURUSDp;1.08942;;1.08917;2024.01.18 02:56:23;1.08917;-0.06;-0.32;-0.23;[tp]
2024.01.17 17:00:01;Buy;0.03;EURUSDp;1.08497;;1.08917;2024.01.17 19:51:37;1.08674;-0.17;;4.89;
2024.01.16 17:00:01;Buy;0.02;EURUSDp;1.08734;;1.09110;2024.01.16 18:17:52;1.08878;-0.11;;2.65;
2024.01.15 18:22:18;Sell;0.01;EURUSDp;1.09482;;;2024.01.15 18:22:58;1.09484;-0.05;;-0.02;
2024.01.12 16:21:17;Sell;0.01;EURUSDp;1.09628;;1.09400;2024.01.15 00:06:03;1.09491;-0.05;0.01;1.25;
2024.01.12 17:06:30;Sell;0.01;EURUSDp;1.09821;;1.09400;2024.01.12 18:23:20;1.09678;-0.05;;1.30;
2024.01.11 16:51:29;Sell;0.01;EURUSDp;1.09462;;1.09300;2024.01.12 15:13:41;1.09437;-0.05;0.01;0.23;
2024.01.11 21:14:07;Sell;0.01;EURUSDp;1.09745;;1.09300;2024.01.12 12:43:27;1.09631;-0.05;0.01;1.04;
2024.01.11 13:32:40;Sell;0.01;EURUSDp;1.09795;;1.09650;2024.01.11 15:30:02;1.09570;-0.05;;2.05;[tp]
2024.01.10 17:37:54;Sell;0.01;EURUSDp;1.09595;;1.09650;2024.01.11 15:30:02;1.09570;-0.05;0.04;0.23;[tp]
2024.01.11 08:17:20;Sell;0.01;EURUSDp;1.09781;;;2024.01.11 11:30:41;1.09639;-0.05;;1.30;
2024.01.09 20:55:11;Buy;0.01;EURUSDp;1.09253;;1.09500;2024.01.10 11:37:11;1.09501;-0.05;-0.02;2.26;[tp]
2024.01.09 02:52:59;Buy;0.01;EURUSDp;1.09563;;1.09500;2024.01.10 11:37:11;1.09501;-0.05;-0.02;-0.57;[tp]
2024.01.09 13:13:21;Buy;0.01;EURUSDp;1.09311;;;2024.01.09 16:40:21;1.09450;-0.05;;1.27;
2024.01.08 17:33:56;Sell;0.01;EURUSDp;1.09667;;1.09450;2024.01.08 20:58:03;1.09549;-0.05;;1.08;
2024.01.05 16:21:14;Sell;0.01;EURUSDp;1.09413;;1.09400;2024.01.05 19:35:14;1.09450;-0.05;;-0.34;
2024.01.05 17:01:10;Sell;0.01;EURUSDp;1.09789;;1.09400;2024.01.05 19:04:55;1.09540;-0.05;;2.27;
2024.01.04 21:00:05;Buy;0.01;EURUSDp;1.09470;;1.09700;2024.01.05 16:21:03;1.09396;-0.05;-0.02;-0.68;
2024.01.05 10:55:04;Buy;0.01;EURUSDp;1.09064;;;2024.01.05 16:20:34;1.09401;-0.06;;3.08;
2024.01.04 17:49:06;Sell;0.02;EURUSDp;1.09616;;;2024.01.04 19:36:45;1.09445;-0.11;;3.12;
2024.01.04 15:28:04;Sell Limit;0.01;EURUSDp;1.20000;;;2024.01.04 16:23:50;1.09417;;;;cancelled
2024.01.04 11:56:21;Sell;0.04;EURUSDp;1.09635;;1.09350;2024.01.04 15:32:48;1.09344;-0.22;;10.65;[tp]
2024.01.04 09:53:11;Sell;0.02;EURUSDp;1.09388;;1.09350;2024.01.04 15:32:48;1.09344;-0.11;;0.80;[tp]
2024.01.03 20:15:14;Sell;0.02;EURUSDp;1.09114;;1.09350;2024.01.04 15:32:48;1.09344;-0.11;;-4.21;[tp]
2024.01.03 13:50:11;Buy;0.02;EURUSDp;1.09200;;1.09446;2024.01.04 10:09:14;1.09444;-0.11;-0.09;4.46;[tp]
2024.01.02 15:07:36;Buy;0.01;EURUSDp;1.09545;;1.09446;2024.01.04 10:09:14;1.09444;-0.05;-0.07;-0.92;[tp]
2024.01.02 13:22:04;Buy;0.01;EURUSDp;1.09826;;1.09446;2024.01.04 10:09:14;1.09444;-0.05;-0.07;-3.49;[tp]
2024.01.03 13:15:01;Buy;0.03;EURUSDp;1.09227;;1.09445;2024.01.04 10:09:13;1.09445;-0.16;-0.14;5.98;[tp]
2024.01.02 13:45:01;Buy;0.01;EURUSDp;1.09706;;1.09445;2024.01.04 10:09:13;1.09445;-0.05;-0.07;-2.38;[tp]
2024.01.04 04:42:34;Buy;0.03;EURUSDp;1.09196;;1.09446;2024.01.04 09:53:41;1.09376;-0.16;;4.94;
2024.01.03 21:15:00;Buy;0.05;EURUSDp;1.08960;;1.09445;2024.01.03 21:20:13;1.09055;-0.28;;4.36;
2024.01.03 02:59:29;Sell;0.01;EURUSDp;1.09493;;1.09100;2024.01.03 13:49:51;1.09212;-0.05;;2.57;
2024.01.02 16:15:02;Buy;0.02;EURUSDp;1.09464;;1.09904;2024.01.02 17:54:35;1.09471;-0.11;;0.13;
2023.12.28 11:45:01;Sell;0.08;EURUSDp;1.11362;;1.10808;2023.12.28 15:58:09;1.10807;-0.43;;40.07;[tp]
2023.12.27 17:00:02;Sell;0.05;EURUSDp;1.11036;;1.10808;2023.12.28 15:58:09;1.10807;-0.27;;10.33;[tp]
2023.12.27 15:00:00;Sell;0.03;EURUSDp;1.10684;;1.10808;2023.12.28 15:58:09;1.10807;-0.16;;-3.33;[tp]
2023.12.26 22:00:00;Sell;0.02;EURUSDp;1.10442;;1.10808;2023.12.28 15:58:09;1.10807;-0.11;;-6.59;[tp]
2023.12.22 13:15:00;Sell;0.01;EURUSDp;1.10236;;1.10808;2023.12.28 15:58:09;1.10807;-0.05;;-5.15;[tp]
2023.12.27 17:54:59;Sell;0.04;EURUSDp;1.11144;;1.10996;2023.12.28 15:51:03;1.10986;-0.22;;5.69;[tp]
2023.12.27 16:55:03;Sell;0.02;EURUSDp;1.10902;;1.10996;2023.12.28 15:51:03;1.10987;-0.11;;-1.53;[tp]
2023.12.27 16:04:35;Sell;0.02;EURUSDp;1.10732;;1.10996;2023.12.28 15:51:03;1.10986;-0.11;;-4.58;[tp]
2023.12.28 15:26:35;Balance;;;;;;;;;;-200.00;
2023.12.28 12:00:45;Sell;0.07;EURUSDp;1.11272;;1.10996;2023.12.28 15:08:41;1.11137;-0.38;;8.50;
2023.12.22 13:22:09;Sell;0.01;EURUSDp;1.10229;;1.09880;2023.12.22 18:12:26;1.10165;-0.05;;0.58;
2023.12.22 01:16:19;Sell;0.01;EURUSDp;1.10087;;1.09720;2023.12.22 09:44:13;1.09999;-0.05;;0.80;
2023.12.21 16:34:44;Sell;0.01;EURUSDp;1.09998;;1.09560;2023.12.21 19:43:30;1.09860;-0.05;;1.26;from #290915012
2023.12.21 16:34:44;Sell;0.01;EURUSDp;1.09998;;;2023.12.21 17:04:49;1.09867;-0.06;;1.19;to #290916282
2023.12.20 17:13:54;Sell;0.01;EURUSDp;1.09606;;1.09330;2023.12.20 22:57:48;1.09329;-0.05;;2.53;[tp]
2023.12.19 15:00:06;Sell;0.01;EURUSDp;1.09683;;1.09336;2023.12.20 13:32:54;1.09409;-0.05;0.01;2.50;
2023.12.15 20:45:00;Buy;0.01;EURUSDp;1.08937;;1.09360;2023.12.18 15:37:01;1.09283;-0.06;-0.08;3.17;
2023.12.14 15:57:13;Sell;0.03;EURUSDp;1.09449;;1.09130;2023.12.15 15:39:14;1.09129;-0.16;0.04;8.80;[tp]
2023.12.14 08:20:38;Sell;0.02;EURUSDp;1.09026;;1.09130;2023.12.15 15:39:14;1.09129;-0.11;0.03;-1.89;[tp]
2023.12.13 21:20:04;Sell;0.01;EURUSDp;1.08662;;1.09130;2023.12.15 15:39:14;1.09129;-0.06;0.05;-4.28;[tp]
2023.12.13 21:07:36;Sell;0.01;EURUSDp;1.08344;;1.09130;2023.12.15 15:39:14;1.09130;-0.06;0.05;-7.20;[tp]
2023.12.14 18:15:01;Sell;0.05;EURUSDp;1.09978;;1.09407;2023.12.15 15:01:01;1.09406;-0.27;0.07;26.14;[tp]
2023.12.14 16:15:00;Sell;0.04;EURUSDp;1.09666;;1.09407;2023.12.15 15:01:01;1.09406;-0.22;0.06;9.51;[tp]
2023.12.14 13:30:00;Sell;0.02;EURUSDp;1.09250;;1.09407;2023.12.15 15:01:01;1.09406;-0.11;0.03;-2.85;[tp]
2023.12.14 05:00:00;Sell;0.01;EURUSDp;1.09044;;1.09407;2023.12.15 15:01:01;1.09406;-0.06;0.01;-3.31;[tp]
2023.12.13 22:00:04;Sell;0.01;EURUSDp;1.08873;;1.09407;2023.12.15 15:01:01;1.09406;-0.06;0.05;-4.87;[tp]
2023.12.15 11:54:03;Balance;;;;;;;;;;300.00;Deposit
2023.12.14 18:55:10;Balance;;;;;;;;;;200.00;Deposit
2023.12.13 15:56:22;Sell;0.01;EURUSDp;1.07986;;;2023.12.13 16:50:06;1.07893;-0.06;;0.86;
2023.12.12 12:01:05;Sell;0.01;EURUSDp;1.07933;;1.07588;2023.12.12 16:36:54;1.07711;-0.06;;2.06;
2023.12.12 15:15:22;Sell;0.01;EURUSDp;1.08082;;;2023.12.12 15:47:47;1.07842;-0.06;;2.23;
2023.12.08 14:55:47;Buy;0.01;EURUSDp;1.07789;;;2023.12.12 10:46:59;1.07889;-0.06;-0.16;0.93;
2023.12.11 15:19:05;Buy;0.01;EURUSDp;1.07576;;;2023.12.11 21:27:56;1.07651;-0.06;;0.70;
2023.12.08 16:10:36;Buy;0.01;EURUSDp;1.07429;;;2023.12.08 17:17:25;1.07778;-0.06;;3.24;
2023.12.08 15:40:10;Buy;0.01;EURUSDp;1.07487;;;2023.12.08 15:56:30;1.07521;-0.06;;0.32;
2023.12.08 10:11:11;Buy;0.01;EURUSDp;1.07788;;1.08150;2023.12.08 12:59:09;1.07847;-0.06;;0.55;
2023.12.07 15:03:33;Buy;0.05;EURUSDp;1.07671;;1.08200;2023.12.07 19:34:19;1.08062;-0.28;;18.09;from #290643957
2023.12.07 15:03:33;Buy;0.05;EURUSDp;1.07671;;1.08200;2023.12.07 15:43:32;1.07884;-0.28;;9.87;to #290645338
2023.12.07 02:26:25;Buy Limit;0.12;EURUSDp;1.07480;;1.08200;2023.12.07 15:03:35;1.07671;;;;cancelled
2023.12.05 18:30:01;Buy;0.06;EURUSDp;1.07945;;1.08200;2023.12.06 23:12:37;1.07648;-0.33;-0.46;-16.55;
2023.12.06 22:15:01;Buy;0.10;EURUSDp;1.07640;;1.08200;2023.12.06 23:12:33;1.07652;-0.56;;1.11;
2023.12.05 18:21:24;Buy;0.01;EURUSDp;1.07922;;;2023.12.05 18:31:18;1.07944;-0.06;;0.20;
2023.12.04 16:15:00;Buy;0.04;EURUSDp;1.08310;;1.08764;2023.12.05 02:16:07;1.08389;-0.22;-0.30;2.92;
2023.12.01 16:45:00;Buy;0.02;EURUSDp;1.08536;;1.08991;2023.12.01 18:48:42;1.08828;-0.11;;5.37;
2023.11.30 22:30:00;Buy;0.01;EURUSDp;1.08808;;1.09203;2023.12.01 09:14:11;1.09063;-0.06;-0.07;2.34;
2023.11.30 16:45:01;Buy;0.01;EURUSDp;1.09032;;1.09403;2023.11.30 17:08:00;1.09127;-0.06;;0.87;
2023.11.30 11:10:19;Buy;0.01;EURUSDp;1.09242;;1.09555;2023.11.30 11:37:18;1.09359;-0.05;;1.07;
2023.11.29 21:29:47;Sell;0.01;XAUUSDp;2 047.08;;2 042.00;2023.11.30 01:50:06;2 044.81;-0.05;0.47;2.07;
2023.11.28 16:30:00;Sell;0.01;EURUSDp;1.09786;;1.09645;2023.11.29 16:17:22;1.09638;-0.05;0.01;1.35;[tp]
2023.11.28 16:08:52;Sell;0.01;EURUSDp;1.09718;;1.09645;2023.11.29 16:17:22;1.09639;-0.05;0.01;0.72;[tp]
2023.11.28 12:28:51;Sell;0.01;EURUSDp;1.09555;;1.09645;2023.11.29 16:17:22;1.09639;-0.05;0.01;-0.77;[tp]
2023.11.28 20:59:49;Sell;0.01;XAUUSDp;2 039.23;;2 035.00;2023.11.29 11:43:13;2 037.23;-0.05;0.16;1.82;
2023.11.29 10:23:23;Sell;0.02;EURUSDp;1.09920;;1.09645;2023.11.29 11:43:09;1.09732;-0.11;;3.43;
2023.11.28 19:00:01;Sell;0.01;EURUSDp;1.10058;;1.09645;2023.11.28 20:15:08;1.09764;-0.05;;2.68;
2023.11.28 17:46:11;Sell;0.02;EURUSDp;1.09896;;1.09650;2023.11.28 20:14:19;1.09775;-0.11;;2.20;
2023.11.27 21:57:57;Sell;0.01;EURUSDp;1.09537;;1.09277;2023.11.28 09:44:08;1.09413;-0.05;0.01;1.13;
2023.11.26 21:39:34;Balance;;;;;;;;;;500.00;
