Time;Type;Volume;Symbol;Price;S/L;T/P;Time;Price;Commission;Swap;Profit;Comment
2026.06.02 17:00:01;Buy;55.77;USDJPY.fx;159.849;159.799;160.849;2026.06.02 17:00:36;159.851;;;6.98;
2026.06.02 16:59:50;Sell Stop;55.77;USDJPY.fx;159.802;159.852;158.802;2026.06.02 17:00:04;159.840;;;;cancelled
2026.06.02 16:52:50;Buy Stop;55.77;USDJPY.fx;159.876;159.826;160.876;2026.06.02 16:52:58;159.840;;;;cancelled
2026.06.02 16:52:50;Sell Stop;55.77;USDJPY.fx;159.791;159.841;158.791;2026.06.02 16:52:57;159.825;;;;cancelled
2026.06.01 16:59:50;Sell Stop;55.77;USDJPY.fx;159.708;159.758;158.708;2026.06.01 17:01:00;159.751;;;;cancelled
2026.06.01 16:59:50;Buy Stop;55.77;USDJPY.fx;159.795;159.745;160.795;2026.06.01 17:01:00;159.762;;;;cancelled
2026.05.28 16:59:50;Sell Stop;85.77;USDJPY.fx;159.413;159.463;158.413;2026.05.28 17:00:15;159.462;;;;cancelled
2026.05.28 16:59:50;Buy Stop;85.77;USDJPY.fx;159.494;159.444;160.494;2026.05.28 17:00:15;159.473;;;;cancelled
2026.05.28 16:53:50;Buy Stop;85.77;USDJPY.fx;159.468;159.418;160.468;2026.05.28 16:53:53;159.434;;;;cancelled
2026.05.28 16:53:50;Sell Stop;85.77;USDJPY.fx;159.387;159.437;158.387;2026.05.28 16:53:52;159.423;;;;cancelled
2026.05.28 15:29:50;Buy Stop;85.77;USDJPY.fx;159.443;159.393;160.443;2026.05.28 15:30:12;159.392;;;;cancelled
2026.05.28 15:30:01;Sell;85.77;USDJPY.fx;159.376;159.426;158.376;2026.05.28 15:30:01;159.426;;;-269.00;[sl]
2026.05.28 15:23:50;Buy Stop;85.77;USDJPY.fx;159.471;159.421;160.471;2026.05.28 15:23:52;159.436;;;;cancelled
2026.05.28 15:23:50;Sell Stop;85.77;USDJPY.fx;159.390;159.440;158.390;2026.05.28 15:23:51;159.425;;;;cancelled
2026.05.27 05:00:32;Buy;85.77;NZDUSD.fx;0.58646;;;2026.05.27 05:00:44;0.58577;;;-591.81;
2026.05.27 05:00:12;Buy;85.77;NZDUSD.fx;0.58536;0.58486;0.59536;2026.05.27 05:00:24;0.58526;;;-85.77;
2026.05.27 04:59:50;Sell Stop;85.77;NZDUSD.fx;0.58506;0.58556;0.57506;2026.05.27 05:00:13;0.58532;;;;cancelled
2026.05.27 04:56:50;Sell Stop;85.77;NZDUSD.fx;0.58379;0.58429;0.57379;2026.05.27 04:56:52;0.58414;;;;cancelled
2026.05.27 04:56:50;Buy Stop;85.77;NZDUSD.fx;0.58462;0.58412;0.59462;2026.05.27 04:56:52;0.58427;;;;cancelled
2026.05.26 16:59:50;Buy Stop;85.77;USDJPY.fx;159.316;159.266;160.316;2026.05.26 17:00:24;159.289;;;;cancelled
2026.05.26 16:59:50;Sell Stop;85.77;USDJPY.fx;159.235;159.285;158.235;2026.05.26 17:00:23;159.278;;;;cancelled
2026.05.26 16:52:50;Sell Stop;85.77;USDJPY.fx;159.250;159.300;158.250;2026.05.26 16:52:51;159.280;;;;cancelled
2026.05.26 16:52:50;Buy Stop;85.77;USDJPY.fx;159.336;159.286;160.336;2026.05.26 16:52:51;159.295;;;;cancelled
2026.05.22 08:59:50;Sell Stop;85.77;GBPUSD.fx;1.34182;1.34232;1.33182;2026.05.22 09:00:30;1.34209;;;;cancelled
2026.05.22 08:59:50;Buy Stop;85.77;GBPUSD.fx;1.34268;1.34218;1.35268;2026.05.22 09:00:30;1.34223;;;;cancelled
2026.05.22 07:57:50;Sell Stop;85.77;GBPUSD.fx;1.34271;1.34321;1.33271;2026.05.22 07:57:51;1.34306;;;;cancelled
2026.05.22 07:57:50;Buy Stop;85.77;GBPUSD.fx;1.34355;1.34305;1.35355;2026.05.22 07:57:51;1.34320;;;;cancelled
2026.05.21 15:29:50;Buy Stop;85.77;USDJPY.fx;159.219;159.169;160.219;2026.05.21 15:30:12;159.184;;;;cancelled
2026.05.21 15:29:50;Sell Stop;85.77;USDJPY.fx;159.138;159.188;158.138;2026.05.21 15:30:11;159.169;;;;cancelled
2026.05.21 15:23:50;Buy Stop;85.77;USDJPY.fx;159.216;159.166;160.216;2026.05.21 15:23:55;159.181;;;;cancelled
2026.05.21 15:23:50;Sell Stop;85.77;USDJPY.fx;159.135;159.185;158.135;2026.05.21 15:23:54;159.170;;;;cancelled
2026.05.20 09:00:37;Sell;85.77;GBPUSD.fx;1.33768;1.33818;1.32768;2026.05.20 09:00:39;1.33818;;;-428.85;[sl]
2026.05.20 08:59:50;Buy Stop;85.77;GBPUSD.fx;1.33833;1.33783;1.34833;2026.05.20 09:00:39;1.33812;;;;cancelled
2026.05.20 08:51:50;Buy Stop;85.77;GBPUSD.fx;1.33946;1.33896;1.34946;2026.05.20 08:51:54;1.33911;;;;cancelled
2026.05.20 08:51:50;Sell Stop;85.77;GBPUSD.fx;1.33862;1.33912;1.32862;2026.05.20 08:51:53;1.33898;;;;cancelled
2026.05.19 15:30:03;Buy;85.77;USDCAD.fx;1.37547;1.37497;1.38547;2026.05.19 15:30:07;1.37565;;;112.23;
2026.05.19 15:29:50;Sell Stop;85.77;USDCAD.fx;1.37529;1.37579;1.36529;2026.05.19 15:30:06;1.37564;;;;cancelled
2026.05.19 15:27:50;Sell Stop;85.77;USDCAD.fx;1.37477;1.37527;1.36477;2026.05.19 15:27:51;1.37511;;;;cancelled
2026.05.19 15:27:50;Buy Stop;85.77;USDCAD.fx;1.37559;1.37509;1.38559;2026.05.19 15:27:51;1.37523;;;;cancelled
2026.05.19 09:00:25;Sell;85.77;GBPUSD.fx;1.34122;1.34172;1.33122;2026.05.19 09:00:29;1.34137;;;-128.66;
2026.05.19 08:59:50;Buy Stop;85.77;GBPUSD.fx;1.34182;1.34132;1.35182;2026.05.19 09:00:26;1.34146;;;;cancelled
2026.05.19 08:57:50;Sell Stop;85.77;GBPUSD.fx;1.34110;1.34160;1.33110;2026.05.19 08:57:52;1.34145;;;;cancelled
2026.05.19 08:57:50;Buy Stop;85.77;GBPUSD.fx;1.34194;1.34144;1.35194;2026.05.19 08:57:52;1.34159;;;;cancelled
2026.05.15 15:29:50;Sell Stop;85.77;USDJPY.fx;158.489;158.539;157.489;2026.05.15 15:30:14;158.536;;;;cancelled
2026.05.15 15:29:50;Buy Stop;85.77;USDJPY.fx;158.572;158.522;159.572;2026.05.15 15:30:14;158.551;;;;cancelled
2026.05.15 15:24:50;Buy Stop;85.77;USDJPY.fx;158.584;158.534;159.584;2026.05.15 15:24:56;158.542;;;;cancelled
2026.05.15 15:24:51;Sell Stop;85.77;USDJPY.fx;158.503;158.553;157.503;2026.05.15 15:24:55;158.527;;;;cancelled
2026.05.14 15:29:50;Buy Stop;85.77;USDJPY.fx;157.967;157.917;158.967;2026.05.14 15:30:20;157.931;;;;cancelled
2026.05.14 15:30:00;Sell;85.77;USDJPY.fx;157.890;157.940;156.890;2026.05.14 15:30:01;157.940;;;-271.53;[sl]
2026.05.14 15:24:50;Buy Stop;85.77;USDJPY.fx;157.949;157.899;158.949;2026.05.14 15:24:53;157.915;;;;cancelled
2026.05.14 15:24:50;Sell Stop;85.77;USDJPY.fx;157.868;157.918;156.868;2026.05.14 15:24:52;157.904;;;;cancelled
2026.05.14 09:00:26;Buy;85.77;GBPUSD.fx;1.35205;1.35155;1.36205;2026.05.14 09:00:28;1.35222;;;145.80;
2026.05.14 08:59:50;Sell Stop;85.77;GBPUSD.fx;1.35142;1.35192;1.34142;2026.05.14 09:00:27;1.35215;;;;cancelled
2026.05.14 08:54:50;Buy Stop;85.77;GBPUSD.fx;1.35247;1.35197;1.36247;2026.05.14 08:54:53;1.35205;;;;cancelled
2026.05.14 08:54:50;Sell Stop;85.77;GBPUSD.fx;1.35163;1.35213;1.34163;2026.05.14 08:54:52;1.35192;;;;cancelled
2026.05.13 15:30:01;Buy;85.77;USDJPY.fx;157.868;157.818;158.868;2026.05.13 15:30:05;157.879;;;59.76;
2026.05.13 15:29:50;Sell Stop;85.77;USDJPY.fx;157.833;157.883;156.833;2026.05.13 15:30:03;157.866;;;;cancelled
2026.05.13 15:24:50;Sell Stop;85.77;USDJPY.fx;157.782;157.832;156.782;2026.05.13 15:24:53;157.817;;;;cancelled
2026.05.13 15:24:50;Buy Stop;85.77;USDJPY.fx;157.863;157.813;158.863;2026.05.13 15:24:53;157.828;;;;cancelled
2026.05.12 15:29:50;Buy Stop;85.77;USDJPY.fx;157.671;157.621;158.671;2026.05.12 15:30:12;157.645;;;;cancelled
2026.05.12 15:29:50;Sell Stop;85.77;USDJPY.fx;157.530;157.580;156.530;2026.05.12 15:30:11;157.576;;;;cancelled
2026.05.12 15:26:51;Buy Stop;85.77;USDJPY.fx;157.644;157.594;158.644;2026.05.12 15:26:56;157.611;;;;cancelled
2026.05.12 15:26:51;Sell Stop;85.77;USDJPY.fx;157.559;157.609;156.559;2026.05.12 15:26:55;157.596;;;;cancelled
2026.05.08 15:29:50;Sell Stop;85.77;USDJPY.fx;156.734;156.784;155.734;2026.05.08 15:30:17;156.764;;;;cancelled
2026.05.08 15:30:05;Buy;85.77;USDJPY.fx;156.804;156.754;157.804;2026.05.08 15:30:07;156.754;;;-273.58;[sl]
2026.05.08 15:23:50;Buy Stop;85.77;USDJPY.fx;156.806;156.756;157.806;2026.05.08 15:23:53;156.764;;;;cancelled
2026.05.08 15:23:50;Sell Stop;85.77;USDJPY.fx;156.721;156.771;155.721;2026.05.08 15:23:52;156.750;;;;cancelled
2026.05.07 15:29:50;Buy Stop;85.77;USDJPY.fx;156.379;156.329;157.379;2026.05.07 15:30:08;156.359;;;;cancelled
2026.05.07 15:29:50;Sell Stop;85.77;USDJPY.fx;156.297;156.347;155.297;2026.05.07 15:30:07;156.343;;;;cancelled
2026.05.07 15:25:50;Sell Stop;85.77;USDJPY.fx;156.312;156.362;155.312;2026.05.07 15:25:52;156.347;;;;cancelled
2026.05.07 15:25:50;Buy Stop;85.77;USDJPY.fx;156.393;156.343;157.393;2026.05.07 15:25:52;156.359;;;;cancelled
2026.05.06 15:15:27;Sell;85.77;USDJPY.fx;156.226;156.276;155.226;2026.05.06 15:16:05;156.276;;;-274.42;[sl]
2026.05.06 15:14:50;Buy Stop;85.77;USDJPY.fx;156.275;156.225;157.275;2026.05.06 15:15:31;156.244;;;;cancelled
2026.05.06 15:10:50;Buy Stop;85.77;USDJPY.fx;156.284;156.234;157.284;2026.05.06 15:10:52;156.248;;;;cancelled
2026.05.06 15:10:50;Sell Stop;85.77;USDJPY.fx;156.202;156.252;155.202;2026.05.06 15:10:51;156.237;;;;cancelled
2026.05.05 17:00:00;Sell;85.77;USDJPY.fx;157.731;157.781;156.731;2026.05.05 17:00:00;157.781;;;-271.80;[sl]
2026.05.05 17:00:00;Buy;85.77;USDJPY.fx;157.812;157.762;158.812;2026.05.05 17:00:00;157.762;;;-271.83;[sl]
2026.05.05 16:54:50;Buy Stop;85.77;USDJPY.fx;157.818;157.768;158.818;2026.05.05 16:54:52;157.778;;;;cancelled
2026.05.05 16:54:50;Sell Stop;85.77;USDJPY.fx;157.737;157.787;156.737;2026.05.05 16:54:51;157.771;;;;cancelled
2026.05.05 16:44:50;Buy Stop;85.77;USDJPY.fx;157.798;157.748;158.798;2026.05.05 16:45:15;157.764;;;;cancelled
2026.05.05 16:44:50;Sell Stop;85.77;USDJPY.fx;157.702;157.752;156.702;2026.05.05 16:45:14;157.747;;;;cancelled
2026.05.05 16:40:50;Buy Stop;85.77;USDJPY.fx;157.768;157.718;158.768;2026.05.05 16:40:52;157.733;;;;cancelled
2026.05.05 16:40:50;Sell Stop;85.77;USDJPY.fx;157.687;157.737;156.687;2026.05.05 16:40:51;157.722;;;;cancelled
2026.05.05 09:29:50;Buy Stop;85.77;USDCHF.fx;0.78470;0.78420;0.79470;2026.05.05 09:30:24;0.78438;;;;cancelled
2026.05.05 09:29:50;Sell Stop;85.77;USDCHF.fx;0.78375;0.78425;0.77375;2026.05.05 09:30:23;0.78414;;;;cancelled
2026.05.05 09:24:50;Buy Stop;85.77;USDCHF.fx;0.78498;0.78448;0.79498;2026.05.05 09:24:52;0.78463;;;;cancelled
2026.05.05 09:24:50;Sell Stop;85.77;USDCHF.fx;0.78406;0.78456;0.77406;2026.05.05 09:24:51;0.78441;;;;cancelled
2026.05.05 07:30:25;Buy;85.77;AUDUSD.fx;0.71587;0.71617;0.72587;2026.05.05 07:30:28;0.71648;;;523.20;
2026.05.05 07:29:50;Sell Stop;85.77;AUDUSD.fx;0.71599;0.71649;0.70599;2026.05.05 07:30:27;0.71634;;;;cancelled
2026.05.05 07:24:50;Buy Stop;85.77;AUDUSD.fx;0.71608;0.71558;0.72608;2026.05.05 07:24:54;0.71573;;;;cancelled
2026.05.05 07:24:50;Sell Stop;85.77;AUDUSD.fx;0.71526;0.71576;0.70526;2026.05.05 07:24:53;0.71561;;;;cancelled
2026.05.01 16:59:50;Buy Stop;85.77;USDJPY.fx;156.495;156.445;157.495;2026.05.01 17:00:32;156.464;;;;cancelled
2026.05.01 16:59:50;Sell Stop;85.77;USDJPY.fx;156.437;156.487;155.437;2026.05.01 17:00:31;156.443;;;;cancelled
2026.05.01 16:54:50;Sell Stop;85.77;USDJPY.fx;156.578;156.628;155.578;2026.05.01 16:54:52;156.616;;;;cancelled
2026.05.01 16:54:50;Buy Stop;85.77;USDJPY.fx;156.659;156.609;157.659;2026.05.01 16:54:52;156.629;;;;cancelled
2026.05.01 16:44:50;Buy Stop;85.77;USDJPY.fx;156.665;156.615;157.665;2026.05.01 16:45:13;156.630;;;;cancelled
2026.05.01 16:44:50;Sell Stop;85.77;USDJPY.fx;156.575;156.625;155.575;2026.05.01 16:45:12;156.616;;;;cancelled
2026.05.01 16:38:50;Buy Stop;85.77;USDJPY.fx;156.644;156.594;157.644;2026.05.01 16:38:52;156.609;;;;cancelled
2026.05.01 16:38:50;Sell Stop;85.77;USDJPY.fx;156.562;156.612;155.562;2026.05.01 16:38:51;156.598;;;;cancelled
2026.04.30 15:35:55;Buy;85.77;USDJPY.fx;156.829;156.390;156.858;2026.04.30 15:36:27;156.831;;;10.94;
2026.04.30 15:34:16;Buy;85.77;USDJPY.fx;156.770;155.886;156.828;2026.04.30 15:34:34;156.782;;;65.65;
2026.04.30 15:32:24;Buy;85.77;USDJPY.fx;156.759;156.440;156.822;2026.04.30 15:32:52;156.766;;;38.30;
2026.04.30 15:30:52;Buy;85.77;USDJPY.fx;156.710;155.578;156.834;2026.04.30 15:31:35;156.737;;;147.75;
2026.04.30 15:29:50;Sell Stop;85.77;USDJPY.fx;156.626;156.676;155.626;2026.04.30 15:30:03;156.678;;;;cancelled
2026.04.30 15:30:00;Buy;85.77;USDJPY.fx;156.762;156.712;157.762;2026.04.30 15:30:01;156.712;;;-273.65;[sl]
2026.04.30 15:23:50;Sell Stop;85.77;USDJPY.fx;156.618;156.668;155.618;2026.04.30 15:23:53;156.659;;;;cancelled
2026.04.30 15:23:50;Buy Stop;85.77;USDJPY.fx;156.699;156.649;157.699;2026.04.30 15:23:53;156.670;;;;cancelled
2026.04.28 16:59:50;Sell Stop;85.77;USDJPY.fx;159.492;159.542;158.492;2026.04.28 17:01:00;159.521;;;;cancelled
2026.04.28 16:59:50;Buy Stop;85.77;USDJPY.fx;159.578;159.528;160.578;2026.04.28 17:01:00;159.533;;;;cancelled
2026.04.28 16:53:50;Sell Stop;85.77;USDJPY.fx;159.471;159.521;158.471;2026.04.28 16:53:55;159.504;;;;cancelled
2026.04.28 16:53:50;Buy Stop;85.77;USDJPY.fx;159.555;159.505;160.555;2026.04.28 16:53:55;159.516;;;;cancelled
2026.04.24 08:59:50;Sell Stop;85.77;GBPUSD.fx;1.34630;1.34680;1.33630;2026.04.24 09:01:00;1.34656;;;;cancelled
2026.04.24 08:59:50;Buy Stop;85.77;GBPUSD.fx;1.34714;1.34664;1.35714;2026.04.24 09:01:00;1.34670;;;;cancelled
2026.04.24 08:53:50;Sell Stop;85.77;GBPUSD.fx;1.34606;1.34656;1.33606;2026.04.24 08:53:53;1.34641;;;;cancelled
2026.04.24 08:53:50;Buy Stop;85.77;GBPUSD.fx;1.34690;1.34640;1.35690;2026.04.24 08:53:53;1.34655;;;;cancelled
2026.04.23 15:29:50;Buy Stop;85.77;USDJPY.fx;159.581;159.531;160.581;2026.04.23 15:30:11;159.534;;;;cancelled
2026.04.23 15:29:50;Sell Stop;85.77;USDJPY.fx;159.488;159.538;158.488;2026.04.23 15:30:10;159.518;;;;cancelled
2026.04.23 15:23:50;Buy Stop;85.77;USDJPY.fx;159.590;159.540;160.590;2026.04.23 15:23:53;159.554;;;;cancelled
2026.04.23 15:23:50;Sell Stop;85.77;USDJPY.fx;159.507;159.557;158.507;2026.04.23 15:23:52;159.542;;;;cancelled
2026.04.23 11:30:00;Buy;85.77;GBPUSD.fx;1.34933;1.34963;1.35933;2026.04.23 11:30:02;1.34993;;;514.62;
2026.04.23 11:29:50;Sell Stop;85.77;GBPUSD.fx;1.34947;1.34997;1.33947;2026.04.23 11:30:01;1.35000;;;;cancelled
2026.04.23 11:25:50;Buy Stop;85.77;GBPUSD.fx;1.34907;1.34857;1.35907;2026.04.23 11:25:52;1.34872;;;;cancelled
2026.04.23 11:25:50;Sell Stop;85.77;GBPUSD.fx;1.34824;1.34874;1.33824;2026.04.23 11:25:51;1.34859;;;;cancelled
2026.04.22 08:59:50;Sell Stop;85.77;GBPUSD.fx;1.35180;1.35230;1.34180;2026.04.22 09:00:40;1.35217;;;;cancelled
2026.04.22 08:59:50;Buy Stop;85.77;GBPUSD.fx;1.35267;1.35217;1.36267;2026.04.22 09:00:40;1.35233;;;;cancelled
2026.04.22 08:54:50;Buy Stop;85.77;GBPUSD.fx;1.35300;1.35250;1.36300;2026.04.22 08:54:52;1.35261;;;;cancelled
2026.04.22 08:54:50;Sell Stop;85.77;GBPUSD.fx;1.35215;1.35265;1.34215;2026.04.22 08:54:51;1.35250;;;;cancelled
2026.04.21 15:30:05;Buy;85.77;USDJPY.fx;159.227;159.177;160.227;2026.04.21 15:30:12;159.177;;;-269.42;[sl]
2026.04.21 15:29:50;Sell Stop;85.77;USDJPY.fx;159.175;159.225;158.175;2026.04.21 15:30:08;159.211;;;;cancelled
2026.04.21 15:23:50;Sell Stop;85.77;USDJPY.fx;159.061;159.111;158.061;2026.04.21 15:23:53;159.091;;;;cancelled
2026.04.21 15:23:50;Buy Stop;85.77;USDJPY.fx;159.142;159.092;160.142;2026.04.21 15:23:53;159.101;;;;cancelled
2026.04.21 09:00:33;Sell;85.77;GBPUSD.fx;1.35225;1.35275;1.34225;2026.04.21 09:00:35;1.35210;;;128.66;
2026.04.21 09:00:27;Buy;85.77;GBPUSD.fx;1.35240;1.35190;1.36240;2026.04.21 09:00:30;1.35260;;;171.54;
2026.04.21 08:54:50;Buy Stop;85.77;GBPUSD.fx;1.35237;1.35187;1.36237;2026.04.21 08:54:53;1.35202;;;;cancelled
2026.04.21 08:54:50;Sell Stop;85.77;GBPUSD.fx;1.35150;1.35200;1.34150;2026.04.21 08:54:52;1.35185;;;;cancelled
2026.04.20 15:30:00;Buy;85.77;USDCAD.fx;1.37010;1.36960;1.38010;2026.04.20 15:31:19;1.36960;;;-313.12;[sl]
2026.04.20 15:29:50;Sell Stop;85.77;USDCAD.fx;1.36957;1.37007;1.35957;2026.04.20 15:30:13;1.36996;;;;cancelled
2026.04.20 15:23:50;Buy Stop;85.77;USDCAD.fx;1.36988;1.36938;1.37988;2026.04.20 15:23:52;1.36952;;;;cancelled
2026.04.20 15:23:50;Sell Stop;85.77;USDCAD.fx;1.36905;1.36955;1.35905;2026.04.20 15:23:51;1.36940;;;;cancelled
2026.04.16 15:29:50;Sell Stop;85.77;USDJPY.fx;159.024;159.074;158.024;2026.04.16 15:30:43;159.047;;;;cancelled
2026.04.16 15:29:50;Buy Stop;85.77;USDJPY.fx;159.106;159.056;160.106;2026.04.16 15:30:43;159.062;;;;cancelled
2026.04.16 15:24:50;Sell Stop;85.77;USDJPY.fx;159.027;159.077;158.027;2026.04.16 15:24:55;159.058;;;;cancelled
2026.04.16 15:24:50;Buy Stop;85.77;USDJPY.fx;159.108;159.058;160.108;2026.04.16 15:24:54;159.070;;;;cancelled
2026.04.16 09:00:00;Buy;85.77;GBPUSD.fx;1.35751;1.35701;1.36751;2026.04.16 09:00:10;1.35773;;;188.69;
2026.04.16 08:59:50;Sell Stop;85.77;GBPUSD.fx;1.35738;1.35788;1.34738;2026.04.16 09:00:04;1.35773;;;;cancelled
2026.04.16 08:53:50;Buy Stop;85.77;GBPUSD.fx;1.35760;1.35710;1.36760;2026.04.16 08:53:52;1.35725;;;;cancelled
2026.04.16 08:53:50;Sell Stop;85.77;GBPUSD.fx;1.35674;1.35724;1.34674;2026.04.16 08:53:51;1.35709;;;;cancelled
2026.04.15 15:29:50;Sell Stop;85.77;USDJPY.fx;159.046;159.096;158.046;2026.04.15 15:31:00;159.087;;;;cancelled
2026.04.15 15:29:50;Buy Stop;85.77;USDJPY.fx;159.127;159.077;160.127;2026.04.15 15:31:00;159.102;;;;cancelled
2026.04.15 15:23:50;Buy Stop;85.77;USDJPY.fx;159.168;159.118;160.168;2026.04.15 15:23:53;159.133;;;;cancelled
2026.04.15 15:23:50;Sell Stop;85.77;USDJPY.fx;159.086;159.136;158.086;2026.04.15 15:23:52;159.121;;;;cancelled
2026.04.14 15:30:01;Sell;85.77;USDJPY.fx;158.725;158.775;157.725;2026.04.14 15:30:16;158.723;;;10.81;
2026.04.14 15:29:50;Buy Stop;85.77;USDJPY.fx;158.759;158.709;159.759;2026.04.14 15:30:12;158.727;;;;cancelled
2026.04.14 15:22:50;Sell Stop;85.77;USDJPY.fx;158.798;158.848;157.798;2026.04.14 15:22:53;158.833;;;;cancelled
2026.04.14 15:22:50;Buy Stop;85.77;USDJPY.fx;158.880;158.830;159.880;2026.04.14 15:22:53;158.844;;;;cancelled
2026.04.13 16:59:50;Buy Stop;85.77;USDJPY.fx;159.595;159.545;160.595;2026.04.13 17:00:23;159.555;;;;cancelled
2026.04.13 16:59:50;Sell Stop;85.77;USDJPY.fx;159.514;159.564;158.514;2026.04.13 17:00:22;159.544;;;;cancelled
2026.04.13 16:52:50;Buy Stop;85.77;USDJPY.fx;159.665;159.615;160.665;2026.04.13 16:52:53;159.630;;;;cancelled
2026.04.13 16:52:50;Sell Stop;85.77;USDJPY.fx;159.582;159.632;158.582;2026.04.13 16:52:52;159.617;;;;cancelled
2026.04.10 15:29:50;Buy Stop;85.77;USDCAD.fx;1.38233;1.38183;1.39233;2026.04.10 15:30:40;1.38199;;;;cancelled
2026.04.10 15:30:02;Sell;85.77;USDCAD.fx;1.38147;1.38197;1.37147;2026.04.10 15:30:33;1.38197;;;-310.32;[sl]
2026.04.10 15:25:50;Buy Stop;85.77;USDCAD.fx;1.38268;1.38218;1.39268;2026.04.10 15:25:52;1.38233;;;;cancelled
2026.04.10 15:25:50;Sell Stop;85.77;USDCAD.fx;1.38185;1.38235;1.37185;2026.04.10 15:25:51;1.38220;;;;cancelled
2026.04.09 15:29:50;Sell Stop;85.77;USDJPY.fx;158.967;159.017;157.967;2026.04.09 15:31:00;159.003;;;;cancelled
2026.04.09 15:29:50;Buy Stop;85.77;USDJPY.fx;159.053;159.003;160.053;2026.04.09 15:31:00;159.019;;;;cancelled
2026.04.09 15:26:50;Sell Stop;85.77;USDJPY.fx;158.977;159.027;157.977;2026.04.09 15:26:55;159.017;;;;cancelled
2026.04.09 15:26:50;Buy Stop;85.77;USDJPY.fx;159.058;159.008;160.058;2026.04.09 15:26:55;159.028;;;;cancelled
2026.04.08 04:59:50;Buy Stop;85.77;NZDUSD.fx;0.58087;0.58037;0.59087;2026.04.08 05:00:51;0.58048;;;;cancelled
2026.04.08 04:59:50;Sell Stop;85.77;NZDUSD.fx;0.58024;0.58074;0.57024;2026.04.08 05:00:47;0.58066;;;;cancelled
2026.04.08 04:55:50;Sell Stop;85.77;NZDUSD.fx;0.57917;0.57967;0.56917;2026.04.08 04:55:59;0.57949;;;;cancelled
2026.04.08 04:55:50;Buy Stop;85.77;NZDUSD.fx;0.58001;0.57951;0.59001;2026.04.08 04:55:59;0.57963;;;;cancelled
2026.04.06 17:00:00;Sell;85.77;USDJPY.fx;159.450;159.500;158.450;2026.04.06 17:00:20;159.447;;;16.14;
2026.04.06 16:59:50;Buy Stop;85.77;USDJPY.fx;159.501;159.451;160.501;2026.04.06 17:00:15;159.466;;;;cancelled
2026.04.06 16:55:50;Buy Stop;85.77;USDJPY.fx;159.520;159.470;160.520;2026.04.06 16:55:52;159.485;;;;cancelled
2026.04.06 16:55:50;Sell Stop;85.77;USDJPY.fx;159.439;159.489;158.439;2026.04.06 16:55:51;159.474;;;;cancelled
2026.04.03 15:30:02;Sell;85.77;USDJPY.fx;159.505;159.555;158.505;2026.04.03 15:30:02;159.555;;;-268.78;[sl]
2026.04.03 15:30:01;Buy;85.77;USDJPY.fx;159.633;159.583;160.633;2026.04.03 15:30:01;159.583;;;-268.73;[sl]
2026.04.03 15:24:50;Sell Stop;85.77;USDJPY.fx;159.518;159.568;158.518;2026.04.03 15:24:53;159.553;;;;cancelled
2026.04.03 15:24:50;Buy Stop;85.77;USDJPY.fx;159.599;159.549;160.599;2026.04.03 15:24:53;159.564;;;;cancelled
2026.04.02 15:29:50;Buy Stop;85.77;USDJPY.fx;159.659;159.609;160.659;2026.04.02 15:30:32;159.618;;;;cancelled
2026.04.02 15:29:50;Sell Stop;85.77;USDJPY.fx;159.570;159.620;158.570;2026.04.02 15:30:31;159.607;;;;cancelled
2026.04.02 15:26:50;Buy Stop;85.77;USDJPY.fx;159.673;159.623;160.673;2026.04.02 15:26:52;159.638;;;;cancelled
2026.04.02 15:26:50;Sell Stop;85.77;USDJPY.fx;159.591;159.641;158.591;2026.04.02 15:26:51;159.626;;;;cancelled
2026.04.02 09:30:00;Buy;85.77;USDCHF.fx;0.80005;0.79955;0.81005;2026.04.02 09:30:02;0.79997;;;-85.77;
2026.04.02 09:29:50;Sell Stop;85.77;USDCHF.fx;0.79976;0.80026;0.78976;2026.04.02 09:30:01;0.80018;;;;cancelled
2026.04.02 09:23:50;Buy Stop;85.77;USDCHF.fx;0.80002;0.79952;0.81002;2026.04.02 09:23:52;0.79967;;;;cancelled
2026.04.02 09:23:50;Sell Stop;85.77;USDCHF.fx;0.79908;0.79958;0.78908;2026.04.02 09:23:51;0.79943;;;;cancelled
2026.04.01 17:00:00;Buy;85.77;USDJPY.fx;158.668;158.698;159.668;2026.04.01 17:00:07;158.698;;;162.14;[sl]
2026.04.01 16:59:50;Sell Stop;85.77;USDJPY.fx;158.687;158.737;157.687;2026.04.01 17:00:05;158.711;;;;cancelled
2026.04.01 16:54:50;Sell Stop;85.77;USDJPY.fx;158.557;158.607;157.557;2026.04.01 16:54:52;158.593;;;;cancelled
2026.04.01 16:54:50;Buy Stop;85.77;USDJPY.fx;158.638;158.588;159.638;2026.04.01 16:54:52;158.604;;;;cancelled
2026.04.01 16:44:50;Sell Stop;85.77;USDJPY.fx;158.521;158.571;157.521;2026.04.01 16:45:19;158.554;;;;cancelled
2026.04.01 16:44:50;Buy Stop;85.77;USDJPY.fx;158.605;158.555;159.605;2026.04.01 16:45:19;158.568;;;;cancelled
2026.04.01 16:42:50;Buy Stop;85.77;USDJPY.fx;158.628;158.578;159.628;2026.04.01 16:42:53;158.595;;;;cancelled
2026.04.01 16:42:50;Sell Stop;85.77;USDJPY.fx;158.542;158.592;157.542;2026.04.01 16:42:52;158.579;;;;cancelled
2026.04.01 15:30:03;Buy;85.77;USDJPY.fx;158.572;158.522;159.572;2026.04.01 15:30:24;158.522;;;-270.53;[sl]
2026.04.01 15:29:50;Sell Stop;85.77;USDJPY.fx;158.535;158.585;157.535;2026.04.01 15:30:04;158.565;;;;cancelled
2026.04.01 15:24:50;Buy Stop;85.77;USDJPY.fx;158.476;158.426;159.476;2026.04.01 15:24:53;158.441;;;;cancelled
2026.04.01 15:24:50;Sell Stop;85.77;USDJPY.fx;158.395;158.445;157.395;2026.04.01 15:24:52;158.430;;;;cancelled
2026.04.01 15:23:50;Buy Stop;85.77;USDJPY.fx;158.488;158.438;159.488;2026.04.01 15:24:01;158.449;;;;cancelled
2026.04.01 15:23:53;Sell Stop;85.77;USDJPY.fx;158.407;158.457;157.407;2026.04.01 15:24:00;158.438;;;;cancelled
2026.04.01 15:14:50;Sell Stop;85.77;USDJPY.fx;158.343;158.393;157.343;2026.04.01 15:16:00;158.378;;;;cancelled
2026.04.01 15:14:49;Buy Stop;85.77;USDJPY.fx;158.429;158.379;159.429;2026.04.01 15:16:00;158.392;;;;cancelled
2026.04.01 15:08:49;Buy Stop;85.77;USDJPY.fx;158.425;158.375;159.425;2026.04.01 15:08:53;158.392;;;;cancelled
2026.04.01 15:08:50;Sell Stop;85.77;USDJPY.fx;158.344;158.394;157.344;2026.04.01 15:08:52;158.381;;;;cancelled
2026.03.31 16:59:50;Sell Stop;85.77;USDJPY.fx;159.034;159.084;158.034;2026.03.31 17:00:24;159.066;;;;cancelled
2026.03.31 16:59:50;Buy Stop;85.77;USDJPY.fx;159.120;159.070;160.120;2026.03.31 17:00:24;159.083;;;;cancelled
2026.03.31 16:53:50;Buy Stop;85.77;USDJPY.fx;159.139;159.089;160.139;2026.03.31 16:53:52;159.105;;;;cancelled
2026.03.31 16:53:50;Sell Stop;85.77;USDJPY.fx;159.058;159.108;158.058;2026.03.31 16:53:51;159.095;;;;cancelled
2026.03.27 08:59:50;Sell Stop;85.77;GBPUSD.fx;1.33293;1.33343;1.32293;2026.03.27 09:01:00;1.33329;;;;cancelled
2026.03.27 08:59:50;Buy Stop;85.77;GBPUSD.fx;1.33389;1.33339;1.34389;2026.03.27 09:01:00;1.33343;;;;cancelled
2026.03.27 08:56:50;Sell Stop;85.77;GBPUSD.fx;1.33306;1.33356;1.32306;2026.03.27 08:56:52;1.33342;;;;cancelled
2026.03.27 08:56:50;Buy Stop;85.77;GBPUSD.fx;1.33390;1.33340;1.34390;2026.03.27 08:56:52;1.33355;;;;cancelled
2026.03.26 14:29:50;Buy Stop;85.77;USDJPY.fx;159.634;159.584;160.634;2026.03.26 14:30:24;159.603;;;;cancelled
2026.03.26 14:29:50;Sell Stop;85.77;USDJPY.fx;159.538;159.588;158.538;2026.03.26 14:30:23;159.587;;;;cancelled
2026.03.26 14:23:50;Sell Stop;85.77;USDJPY.fx;159.536;159.586;158.536;2026.03.26 14:23:52;159.570;;;;cancelled
2026.03.26 14:23:50;Buy Stop;85.77;USDJPY.fx;159.617;159.567;160.617;2026.03.26 14:23:52;159.579;;;;cancelled
2026.03.25 09:00:38;Buy;85.77;GBPUSD.fx;1.33844;1.33794;1.34844;2026.03.25 09:00:45;1.33856;;;102.92;
2026.03.25 08:59:50;Sell Stop;85.77;GBPUSD.fx;1.33755;1.33805;1.32755;2026.03.25 09:00:37;1.33810;;;;cancelled
2026.03.25 08:53:50;Sell Stop;85.77;GBPUSD.fx;1.33804;1.33854;1.32804;2026.03.25 08:53:52;1.33839;;;;cancelled
2026.03.25 08:53:50;Buy Stop;85.77;GBPUSD.fx;1.33888;1.33838;1.34888;2026.03.25 08:53:52;1.33851;;;;cancelled
2026.03.24 15:44:50;Sell Stop;85.77;USDJPY.fx;158.881;158.931;157.881;2026.03.24 15:45:09;158.932;;;;cancelled
2026.03.24 15:44:50;Buy Stop;85.77;USDJPY.fx;158.981;158.931;159.981;2026.03.24 15:45:09;158.948;;;;cancelled
2026.03.24 15:38:50;Buy Stop;85.77;USDJPY.fx;158.924;158.874;159.924;2026.03.24 15:38:55;158.879;;;;cancelled
2026.03.24 15:38:51;Sell Stop;85.77;USDJPY.fx;158.843;158.893;157.843;2026.03.24 15:38:54;158.871;;;;cancelled
2026.03.24 11:29:50;Buy Stop;85.77;GBPUSD.fx;1.33883;1.33833;1.34883;2026.03.24 11:30:07;1.33848;;;;cancelled
2026.03.24 11:30:02;Sell;85.77;GBPUSD.fx;1.33809;1.33859;1.32809;2026.03.24 11:30:02;1.33859;;;-428.85;[sl]
2026.03.24 11:24:51;Sell Stop;85.77;GBPUSD.fx;1.33844;1.33894;1.32844;2026.03.24 11:24:55;1.33881;;;;cancelled
2026.03.24 11:24:51;Buy Stop;85.77;GBPUSD.fx;1.33932;1.33882;1.34932;2026.03.24 11:24:55;1.33899;;;;cancelled
2026.03.20 14:29:50;Buy Stop;85.77;USDCAD.fx;1.37145;1.37095;1.38145;2026.03.20 14:30:18;1.37099;;;;cancelled
2026.03.20 14:29:50;Sell Stop;85.77;USDCAD.fx;1.37063;1.37113;1.36063;2026.03.20 14:30:17;1.37085;;;;cancelled
2026.03.20 14:22:50;Buy Stop;85.77;USDCAD.fx;1.37112;1.37062;1.38112;2026.03.20 14:22:52;1.37077;;;;cancelled
2026.03.20 14:22:50;Sell Stop;85.77;USDCAD.fx;1.37027;1.37077;1.36027;2026.03.20 14:22:51;1.37063;;;;cancelled
2026.03.19 16:00:01;Sell;85.77;USDJPY.fx;158.191;158.241;157.191;2026.03.19 16:00:16;158.178;;;70.49;
2026.03.19 15:59:50;Buy Stop;85.77;USDJPY.fx;158.252;158.202;159.252;2026.03.19 16:00:05;158.204;;;;cancelled
2026.03.19 15:55:50;Sell Stop;85.77;USDJPY.fx;158.140;158.190;157.140;2026.03.19 15:55:53;158.183;;;;cancelled
2026.03.19 15:55:50;Buy Stop;85.77;USDJPY.fx;158.225;158.175;159.225;2026.03.19 15:55:53;158.198;;;;cancelled
2026.03.19 14:29:50;Buy Stop;85.77;USDJPY.fx;159.316;159.266;160.316;2026.03.19 14:30:22;159.266;;;;cancelled
2026.03.19 14:29:50;Sell Stop;85.77;USDJPY.fx;159.230;159.280;158.230;2026.03.19 14:30:21;159.265;;;;cancelled
2026.03.19 14:25:50;Buy Stop;85.77;USDJPY.fx;159.280;159.230;160.280;2026.03.19 14:25:52;159.242;;;;cancelled
2026.03.19 14:25:50;Sell Stop;85.77;USDJPY.fx;159.199;159.249;158.199;2026.03.19 14:25:51;159.231;;;;cancelled
2026.03.19 08:59:50;Buy Stop;85.77;GBPUSD.fx;1.32721;1.32671;1.33721;2026.03.19 09:00:55;1.32683;;;;cancelled
2026.03.19 08:59:50;Sell Stop;85.77;GBPUSD.fx;1.32633;1.32683;1.31633;2026.03.19 09:00:54;1.32668;;;;cancelled
2026.03.19 08:53:50;Buy Stop;85.77;GBPUSD.fx;1.32697;1.32647;1.33697;2026.03.19 08:53:52;1.32660;;;;cancelled
2026.03.19 08:53:50;Sell Stop;85.77;GBPUSD.fx;1.32609;1.32659;1.31609;2026.03.19 08:53:51;1.32642;;;;cancelled
2026.03.18 14:30:03;Buy;85.77;USDJPY.fx;159.222;159.172;160.222;2026.03.18 14:30:09;159.243;;;113.11;
2026.03.18 14:29:50;Sell Stop;85.77;USDJPY.fx;159.213;159.263;158.213;2026.03.18 14:30:07;159.259;;;;cancelled
2026.03.18 14:23:50;Sell Stop;85.77;USDJPY.fx;159.096;159.146;158.096;2026.03.18 14:23:51;159.132;;;;cancelled
2026.03.18 14:23:50;Buy Stop;85.77;USDJPY.fx;159.177;159.127;160.177;2026.03.18 14:23:51;159.143;;;;cancelled
2026.03.17 15:59:50;Sell Stop;85.77;USDJPY.fx;158.836;158.886;157.836;2026.03.17 16:00:20;158.873;;;;cancelled
2026.03.17 15:59:50;Buy Stop;85.77;USDJPY.fx;158.917;158.867;159.917;2026.03.17 16:00:20;158.884;;;;cancelled
2026.03.17 15:54:50;Buy Stop;85.77;USDJPY.fx;158.968;158.918;159.968;2026.03.17 15:54:52;158.931;;;;cancelled
2026.03.17 15:54:50;Sell Stop;85.77;USDJPY.fx;158.887;158.937;157.887;2026.03.17 15:54:51;158.920;;;;cancelled
2026.03.17 05:30:04;Buy;85.77;AUDUSD.fx;0.70882;0.70832;0.71882;2026.03.17 05:30:07;0.70903;;;180.12;
2026.03.17 05:29:50;Sell Stop;85.77;AUDUSD.fx;0.70879;0.70929;0.69879;2026.03.17 05:30:05;0.70914;;;;cancelled
2026.03.17 05:25:50;Sell Stop;85.77;AUDUSD.fx;0.70784;0.70834;0.69784;2026.03.17 05:25:52;0.70819;;;;cancelled
2026.03.17 05:25:50;Buy Stop;85.77;AUDUSD.fx;0.70866;0.70816;0.71866;2026.03.17 05:25:52;0.70830;;;;cancelled
2026.03.16 14:30:01;Buy;85.77;USDCAD.fx;1.36815;1.36765;1.37815;2026.03.16 14:30:04;1.36815;;;0.00;
2026.03.16 14:29:50;Sell Stop;85.77;USDCAD.fx;1.36773;1.36823;1.35773;2026.03.16 14:30:02;1.36814;;;;cancelled
2026.03.16 14:24:50;Sell Stop;85.77;USDCAD.fx;1.36756;1.36806;1.35756;2026.03.16 14:24:52;1.36791;;;;cancelled
2026.03.16 14:24:50;Buy Stop;85.77;USDCAD.fx;1.36841;1.36791;1.37841;2026.03.16 14:24:52;1.36806;;;;cancelled
2026.03.13 14:30:06;Sell;85.77;USDJPY.fx;159.385;159.435;158.385;2026.03.13 14:30:22;159.374;;;59.20;
2026.03.13 14:29:50;Buy Stop;85.77;USDJPY.fx;159.425;159.375;160.425;2026.03.13 14:30:18;159.388;;;;cancelled
2026.03.13 14:24:50;Buy Stop;85.77;USDJPY.fx;159.431;159.381;160.431;2026.03.13 14:24:52;159.396;;;;cancelled
2026.03.13 14:24:50;Sell Stop;85.77;USDJPY.fx;159.350;159.400;158.350;2026.03.13 14:24:51;159.385;;;;cancelled
2026.03.13 08:59:50;Sell Stop;85.77;GBPUSD.fx;1.33041;1.33091;1.32041;2026.03.13 09:00:43;1.33079;;;;cancelled
2026.03.13 08:59:50;Buy Stop;85.77;GBPUSD.fx;1.33201;1.33151;1.34201;2026.03.13 09:00:32;1.33167;;;;cancelled
2026.03.13 08:55:50;Buy Stop;85.77;GBPUSD.fx;1.33230;1.33180;1.34230;2026.03.13 08:55:52;1.33195;;;;cancelled
2026.03.13 08:55:50;Sell Stop;85.77;GBPUSD.fx;1.33145;1.33195;1.32145;2026.03.13 08:55:51;1.33180;;;;cancelled
2026.03.12 14:29:50;Buy Stop;85.77;USDJPY.fx;158.919;158.869;159.919;2026.03.12 14:30:30;158.878;;;;cancelled
2026.03.12 14:29:50;Sell Stop;85.77;USDJPY.fx;158.838;158.888;157.838;2026.03.12 14:30:29;158.867;;;;cancelled
2026.03.12 14:24:50;Buy Stop;85.77;USDJPY.fx;158.911;158.861;159.911;2026.03.12 14:24:52;158.873;;;;cancelled
2026.03.12 14:24:50;Sell Stop;85.77;USDJPY.fx;158.828;158.878;157.828;2026.03.12 14:24:51;158.860;;;;cancelled
2026.03.11 14:29:50;Sell Stop;85.77;USDJPY.fx;158.377;158.427;157.377;2026.03.11 14:30:26;158.414;;;;cancelled
2026.03.11 14:30:00;Buy;85.77;USDJPY.fx;158.448;158.398;159.448;2026.03.11 14:30:00;158.398;;;-270.74;[sl]
2026.03.11 14:23:50;Buy Stop;85.77;USDJPY.fx;158.444;158.394;159.444;2026.03.11 14:23:52;158.414;;;;cancelled
2026.03.11 14:23:50;Sell Stop;85.77;USDJPY.fx;158.363;158.413;157.363;2026.03.11 14:23:51;158.403;;;;cancelled
2026.03.10 15:59:50;Buy Stop;85.77;USDJPY.fx;157.906;157.856;158.906;2026.03.10 16:00:29;157.881;;;;cancelled
2026.03.10 15:59:50;Sell Stop;85.77;USDJPY.fx;157.838;157.888;156.838;2026.03.10 16:00:28;157.870;;;;cancelled
2026.03.10 15:53:50;Sell Stop;85.77;USDJPY.fx;157.767;157.817;156.767;2026.03.10 15:53:57;157.799;;;;cancelled
2026.03.10 15:53:50;Buy Stop;85.77;USDJPY.fx;157.841;157.791;158.841;2026.03.10 15:53:57;157.807;;;;cancelled
2026.03.06 15:30:00;Sell;85.77;USDJPY.fx;157.816;157.866;156.816;2026.03.06 15:30:00;157.866;;;-271.65;[sl]
2026.03.06 15:30:00;Buy;85.77;USDJPY.fx;157.922;157.872;158.922;2026.03.06 15:30:00;157.872;;;-271.64;[sl]
2026.03.06 15:25:50;Buy Stop;85.77;USDJPY.fx;157.972;157.922;158.972;2026.03.06 15:25:53;157.937;;;;cancelled
2026.03.06 15:25:50;Sell Stop;85.77;USDJPY.fx;157.896;157.946;156.896;2026.03.06 15:25:52;157.931;;;;cancelled
2026.03.05 15:29:50;Buy Stop;85.77;USDJPY.fx;157.634;157.584;158.634;2026.03.05 15:30:49;157.596;;;;cancelled
2026.03.05 15:29:50;Sell Stop;85.77;USDJPY.fx;157.559;157.609;156.559;2026.03.05 15:30:46;157.584;;;;cancelled
2026.03.05 15:24:50;Buy Stop;85.77;USDJPY.fx;157.613;157.563;158.613;2026.03.05 15:24:53;157.578;;;;cancelled
2026.03.05 15:24:50;Sell Stop;85.77;USDJPY.fx;157.537;157.587;156.537;2026.03.05 15:24:52;157.572;;;;cancelled
2026.03.04 17:00:01;Buy;85.77;USDJPY.fx;157.296;157.246;158.296;2026.03.04 17:00:04;157.317;;;114.49;
2026.03.04 16:59:50;Sell Stop;85.77;USDJPY.fx;157.278;157.328;156.278;2026.03.04 17:00:03;157.317;;;;cancelled
2026.03.04 16:54:50;Buy Stop;85.77;USDJPY.fx;157.291;157.241;158.291;2026.03.04 16:54:53;157.258;;;;cancelled
2026.03.04 16:54:50;Sell Stop;85.77;USDJPY.fx;157.215;157.265;156.215;2026.03.04 16:54:52;157.253;;;;cancelled
2026.03.04 15:14:50;Sell Stop;85.77;USDJPY.fx;157.094;157.144;156.094;2026.03.04 15:16:00;157.126;;;;cancelled
2026.03.04 15:14:50;Buy Stop;85.77;USDJPY.fx;157.176;157.126;158.176;2026.03.04 15:16:00;157.138;;;;cancelled
2026.03.04 15:09:50;Buy Stop;85.77;USDJPY.fx;157.163;157.113;158.163;2026.03.04 15:09:53;157.128;;;;cancelled
2026.03.04 15:09:50;Sell Stop;85.77;USDJPY.fx;157.083;157.133;156.083;2026.03.04 15:09:52;157.118;;;;cancelled
2026.03.04 09:29:50;Sell Stop;85.77;USDCHF.fx;0.77908;0.77958;0.76908;2026.03.04 09:30:15;0.77938;;;;cancelled
2026.03.04 09:29:50;Buy Stop;85.77;USDCHF.fx;0.77995;0.77945;0.78995;2026.03.04 09:30:15;0.77955;;;;cancelled
2026.03.04 09:24:50;Buy Stop;85.77;USDCHF.fx;0.78038;0.77988;0.79038;2026.03.04 09:24:52;0.78003;;;;cancelled
2026.03.04 09:24:50;Sell Stop;85.77;USDCHF.fx;0.77954;0.78004;0.76954;2026.03.04 09:24:51;0.77989;;;;cancelled
2026.03.02 17:00:00;Buy;85.77;USDJPY.fx;157.536;157.486;158.536;2026.03.02 17:00:02;157.574;;;206.84;
2026.03.02 16:59:50;Sell Stop;85.77;USDJPY.fx;157.554;157.604;156.554;2026.03.02 17:00:01;157.588;;;;cancelled
2026.03.02 16:54:50;Buy Stop;85.77;USDJPY.fx;157.506;157.456;158.506;2026.03.02 16:54:52;157.471;;;;cancelled
2026.03.02 16:54:50;Sell Stop;85.77;USDJPY.fx;157.427;157.477;156.427;2026.03.02 16:54:51;157.462;;;;cancelled
2026.03.02 16:44:50;Buy Stop;85.77;USDJPY.fx;157.507;157.457;158.507;2026.03.02 16:45:14;157.475;;;;cancelled
2026.03.02 16:44:50;Sell Stop;85.77;USDJPY.fx;157.431;157.481;156.431;2026.03.02 16:45:13;157.470;;;;cancelled
2026.03.02 16:43:50;Sell Stop;85.77;USDJPY.fx;157.435;157.485;156.435;2026.03.02 16:43:55;157.470;;;;cancelled
2026.03.02 16:43:50;Buy Stop;85.77;USDJPY.fx;157.511;157.461;158.511;2026.03.02 16:43:55;157.476;;;;cancelled
2026.02.27 15:30:01;Buy;71.77;USDJPY.fx;156.059;156.009;157.059;2026.02.27 15:30:05;156.098;;;179.31;
2026.02.27 15:29:56;Sell Stop;71.77;USDJPY.fx;156.008;156.058;155.008;2026.02.27 15:30:02;156.037;;;;cancelled
2026.02.27 15:29:50;Buy Stop;71.77;USDJPY.fx;156.052;156.002;157.052;2026.02.27 15:29:55;155.999;;;;cancelled
2026.02.27 15:24:50;Sell Stop;71.77;USDJPY.fx;155.969;156.019;154.969;2026.02.27 15:24:52;155.999;;;;cancelled
2026.02.27 15:24:50;Buy Stop;71.77;USDJPY.fx;156.050;156.000;157.050;2026.02.27 15:24:52;156.010;;;;cancelled
2026.02.26 15:29:50;Sell Stop;71.77;USDJPY.fx;155.963;156.013;154.963;2026.02.26 15:30:22;156.009;;;;cancelled
2026.02.26 15:29:50;Buy Stop;71.77;USDJPY.fx;156.045;155.995;157.045;2026.02.26 15:30:22;156.018;;;;cancelled
2026.02.26 15:24:50;Sell Stop;71.77;USDJPY.fx;155.952;156.002;154.952;2026.02.26 15:24:56;155.989;;;;cancelled
2026.02.26 15:24:50;Buy Stop;71.77;USDJPY.fx;156.031;155.981;157.031;2026.02.26 15:24:56;155.994;;;;cancelled
2026.02.24 16:59:50;Buy Stop;71.77;USDJPY.fx;156.015;155.965;157.015;2026.02.24 17:00:24;155.981;;;;cancelled
2026.02.24 16:59:50;Sell Stop;71.77;USDJPY.fx;155.941;155.991;154.941;2026.02.24 17:00:23;155.970;;;;cancelled
2026.02.24 16:53:50;Sell Stop;71.77;USDJPY.fx;156.006;156.056;155.006;2026.02.24 16:53:52;156.041;;;;cancelled
2026.02.24 16:53:50;Buy Stop;71.77;USDJPY.fx;156.082;156.032;157.082;2026.02.24 16:53:52;156.047;;;;cancelled
2026.02.20 16:59:50;Buy Stop;71.77;USDJPY.fx;155.453;155.403;156.453;2026.02.20 17:00:32;155.418;;;;cancelled
2026.02.20 16:59:50;Sell Stop;71.77;USDJPY.fx;155.392;155.442;154.392;2026.02.20 17:00:31;155.413;;;;cancelled
2026.02.20 16:55:50;Sell Stop;71.77;USDJPY.fx;155.336;155.386;154.336;2026.02.20 16:55:51;155.371;;;;cancelled
2026.02.20 16:55:50;Buy Stop;71.77;USDJPY.fx;155.413;155.363;156.413;2026.02.20 16:55:51;155.377;;;;cancelled
2026.02.20 15:30:02;Sell;71.77;USDJPY.fx;155.134;155.184;154.134;2026.02.20 15:30:02;155.184;;;-231.24;[sl]
2026.02.20 15:30:00;Buy;71.77;USDJPY.fx;155.209;155.159;156.209;2026.02.20 15:30:01;155.159;;;-231.28;[sl]
2026.02.20 15:26:50;Sell Stop;71.77;USDJPY.fx;155.106;155.156;154.106;2026.02.20 15:26:52;155.142;;;;cancelled
2026.02.20 15:26:50;Buy Stop;71.77;USDJPY.fx;155.181;155.131;156.181;2026.02.20 15:26:52;155.148;;;;cancelled
2026.02.20 11:30:01;Buy;71.77;GBPUSD.fx;1.34686;1.34636;1.35686;2026.02.20 11:30:02;1.34691;;;35.89;
2026.02.20 11:29:50;Sell Stop;71.77;GBPUSD.fx;1.34651;1.34701;1.33651;2026.02.20 11:30:01;1.34696;;;;cancelled
2026.02.20 11:27:50;Sell Stop;71.77;GBPUSD.fx;1.34589;1.34639;1.33589;2026.02.20 11:27:56;1.34626;;;;cancelled
2026.02.20 11:27:50;Buy Stop;71.77;GBPUSD.fx;1.34668;1.34618;1.35668;2026.02.20 11:27:56;1.34637;;;;cancelled
2026.02.20 09:00:37;Buy;71.77;GBPUSD.fx;1.34524;1.34474;1.35524;2026.02.20 09:00:39;1.34561;;;265.55;
2026.02.20 08:59:50;Sell Stop;71.77;GBPUSD.fx;1.34446;1.34496;1.33446;2026.02.20 09:00:25;1.34471;;;;cancelled
2026.02.20 08:54:50;Sell Stop;71.77;GBPUSD.fx;1.34441;1.34491;1.33441;2026.02.20 08:54:52;1.34476;;;;cancelled
2026.02.20 08:54:50;Buy Stop;71.77;GBPUSD.fx;1.34520;1.34470;1.35520;2026.02.20 08:54:52;1.34485;;;;cancelled
2026.02.19 15:30:00;Buy;71.77;USDJPY.fx;154.885;154.835;155.885;2026.02.19 15:30:05;154.925;;;185.30;
2026.02.19 15:29:50;Sell Stop;71.77;USDJPY.fx;154.893;154.943;153.893;2026.02.19 15:30:03;154.930;;;;cancelled
2026.02.19 15:23:50;Buy Stop;71.77;USDJPY.fx;154.953;154.903;155.953;2026.02.19 15:23:53;154.918;;;;cancelled
2026.02.19 15:23:50;Sell Stop;71.77;USDJPY.fx;154.878;154.928;153.878;2026.02.19 15:23:52;154.912;;;;cancelled
2026.02.18 09:00:40;Buy;71.77;GBPUSD.fx;1.35644;1.35594;1.36644;2026.02.18 09:00:42;1.35685;;;294.26;
2026.02.18 08:59:50;Sell Stop;71.77;GBPUSD.fx;1.35582;1.35632;1.34582;2026.02.18 09:00:33;1.35612;;;;cancelled
2026.02.18 08:54:50;Sell Stop;71.77;GBPUSD.fx;1.35548;1.35598;1.34548;2026.02.18 08:54:52;1.35583;;;;cancelled
2026.02.18 08:54:50;Buy Stop;71.77;GBPUSD.fx;1.35626;1.35576;1.36626;2026.02.18 08:54:52;1.35591;;;;cancelled
2026.02.17 15:29:50;Buy Stop;71.77;USDCAD.fx;1.36642;1.36592;1.37642;2026.02.17 15:30:10;1.36609;;;;cancelled
2026.02.17 15:29:50;Sell Stop;71.77;USDCAD.fx;1.36556;1.36606;1.35556;2026.02.17 15:30:09;1.36596;;;;cancelled
2026.02.17 15:23:50;Sell Stop;71.77;USDCAD.fx;1.36488;1.36538;1.35488;2026.02.17 15:23:52;1.36523;;;;cancelled
2026.02.17 15:23:50;Buy Stop;71.77;USDCAD.fx;1.36566;1.36516;1.37566;2026.02.17 15:23:52;1.36531;;;;cancelled
2026.02.17 09:00:36;Sell;71.77;GBPUSD.fx;1.36084;1.36006;1.35084;2026.02.17 09:00:42;1.35932;;;1 090.91;
2026.02.17 08:59:50;Buy Stop;71.77;GBPUSD.fx;1.36165;1.36115;1.37165;2026.02.17 09:00:31;1.36128;;;;cancelled
2026.02.17 08:55:55;Buy Stop;71.77;GBPUSD.fx;1.36174;1.36124;1.37174;2026.02.17 08:55:57;1.36139;;;;cancelled
2026.02.17 08:55:55;Sell Stop;71.77;GBPUSD.fx;1.36096;1.36146;1.35096;2026.02.17 08:55:56;1.36131;;;;cancelled
2026.02.16 15:27:57;Sell Stop;71.77;USDCAD.fx;1.36264;1.36314;1.35264;2026.02.16 15:28:00;1.36304;;;;cancelled
2026.02.16 15:27:57;Buy Stop;71.77;USDCAD.fx;1.36340;1.36290;1.37340;2026.02.16 15:28:00;1.36310;;;;cancelled
2026.02.13 15:29:50;Buy Stop;70.00;USDJPY.fx;153.236;153.186;154.236;2026.02.13 15:30:04;153.227;;;;cancelled
2026.02.13 15:30:01;Sell;70.00;USDJPY.fx;153.231;153.281;152.231;2026.02.13 15:30:01;153.281;;;-228.34;[sl]
2026.02.13 15:23:57;Sell Stop;70.00;USDJPY.fx;153.277;153.327;152.277;2026.02.13 15:24:06;153.318;;;;cancelled
2026.02.13 15:23:57;Buy Stop;70.00;USDJPY.fx;153.357;153.307;154.357;2026.02.13 15:24:06;153.329;;;;cancelled
2026.02.13 09:29:50;Sell Stop;70.00;USDCHF.fx;0.77068;0.77118;0.76068;2026.02.13 09:30:44;0.77105;;;;cancelled
2026.02.13 09:29:50;Buy Stop;70.00;USDCHF.fx;0.77154;0.77104;0.78154;2026.02.13 09:30:44;0.77121;;;;cancelled
2026.02.13 09:23:50;Buy Stop;70.00;USDCHF.fx;0.77121;0.77071;0.78121;2026.02.13 09:23:53;0.77087;;;;cancelled
2026.02.13 09:23:50;Sell Stop;70.00;USDCHF.fx;0.77039;0.77089;0.76039;2026.02.13 09:23:52;0.77074;;;;cancelled
2026.02.12 16:59:57;Sell Stop;70.00;USDJPY.fx;152.950;153.000;151.950;2026.02.12 17:00:15;152.976;;;;cancelled
2026.02.12 16:59:57;Buy Stop;70.00;USDJPY.fx;153.017;152.967;154.017;2026.02.12 17:00:15;152.986;;;;cancelled
2026.02.12 16:52:57;Buy Stop;70.00;USDJPY.fx;153.127;153.077;154.127;2026.02.12 16:53:00;153.092;;;;cancelled
2026.02.12 16:52:57;Sell Stop;70.00;USDJPY.fx;153.049;153.099;152.049;2026.02.12 16:52:59;153.084;;;;cancelled
2026.02.12 15:30:09;Buy;70.00;USDJPY.fx;153.550;153.500;154.550;2026.02.12 15:30:11;153.560;;;45.58;
2026.02.12 15:29:57;Sell Stop;70.00;USDJPY.fx;153.505;153.555;152.505;2026.02.12 15:30:10;153.555;;;;cancelled
2026.02.12 15:23:57;Sell Stop;70.00;USDJPY.fx;153.451;153.501;152.451;2026.02.12 15:23:59;153.484;;;;cancelled
2026.02.12 15:23:57;Buy Stop;70.00;USDJPY.fx;153.527;153.477;154.527;2026.02.12 15:23:59;153.489;;;;cancelled
2026.02.12 08:59:57;Sell Stop;70.00;GBPUSD.fx;1.36090;1.36140;1.35090;2026.02.12 09:00:53;1.36133;;;;cancelled
2026.02.12 08:59:57;Buy Stop;70.00;GBPUSD.fx;1.36210;1.36160;1.37210;2026.02.12 09:00:33;1.36175;;;;cancelled
2026.02.12 08:53:57;Sell Stop;70.00;GBPUSD.fx;1.36133;1.36183;1.35133;2026.02.12 08:53:59;1.36167;;;;cancelled
2026.02.12 08:53:57;Buy Stop;70.00;GBPUSD.fx;1.36211;1.36161;1.37211;2026.02.12 08:53:59;1.36175;;;;cancelled
2026.02.11 15:30:02;Buy;70.00;USDJPY.fx;153.622;154.367;154.622;2026.02.11 15:31:22;154.367;;;3 378.31;[sl]
2026.02.11 15:29:57;Sell Stop;70.00;USDJPY.fx;153.828;153.878;152.828;2026.02.11 15:30:04;153.909;;;;cancelled
2026.02.11 15:24:57;Buy Stop;70.00;USDJPY.fx;153.640;153.590;154.640;2026.02.11 15:24:59;153.605;;;;cancelled
2026.02.11 15:24:57;Sell Stop;70.00;USDJPY.fx;153.564;153.614;152.564;2026.02.11 15:24:58;153.599;;;;cancelled
2026.02.10 15:30:01;Sell;70.00;USDJPY.fx;155.071;155.121;154.071;2026.02.10 15:30:01;155.121;;;-225.63;[sl]
2026.02.10 15:30:00;Buy;70.00;USDJPY.fx;155.148;155.098;156.148;2026.02.10 15:30:00;155.098;;;-225.66;[sl]
2026.02.10 15:26:57;Buy Stop;70.00;USDJPY.fx;155.191;155.141;156.191;2026.02.10 15:27:08;155.152;;;;cancelled
2026.02.10 15:26:57;Sell Stop;70.00;USDJPY.fx;155.116;155.166;154.116;2026.02.10 15:27:07;155.149;;;;cancelled
2026.02.06 15:30:05;Sell;70.00;USDCAD.fx;1.36584;1.36554;1.35584;2026.02.06 15:30:13;1.36543;;;210.19;
2026.02.06 15:29:50;Buy Stop;70.00;USDCAD.fx;1.36539;1.36489;1.37539;2026.02.06 15:30:12;1.36504;;;;cancelled
2026.02.06 15:24:57;Sell Stop;70.00;USDCAD.fx;1.36589;1.36639;1.35589;2026.02.06 15:24:59;1.36624;;;;cancelled
2026.02.06 15:24:57;Buy Stop;70.00;USDCAD.fx;1.36665;1.36615;1.37665;2026.02.06 15:24:59;1.36630;;;;cancelled
2026.02.05 17:00:04;Buy;70.00;USDJPY.fx;156.719;156.669;157.719;2026.02.05 17:00:06;156.708;;;-49.14;
2026.02.05 17:00:02;Sell;70.00;USDJPY.fx;156.839;156.784;155.839;2026.02.05 17:00:05;156.733;;;473.42;
2026.02.05 16:55:57;Buy Stop;70.00;USDJPY.fx;156.915;156.865;157.915;2026.02.05 16:56:00;156.875;;;;cancelled
2026.02.05 16:55:57;Sell Stop;70.00;USDJPY.fx;156.840;156.890;155.840;2026.02.05 16:55:59;156.874;;;;cancelled
2026.02.05 15:30:00;Sell;70.00;USDJPY.fx;156.743;156.793;155.743;2026.02.05 15:30:04;156.688;;;245.71;
2026.02.05 15:29:57;Buy Stop;70.00;USDJPY.fx;156.777;156.727;157.777;2026.02.05 15:30:02;156.721;;;;cancelled
2026.02.05 15:23:57;Buy Stop;70.00;USDJPY.fx;156.892;156.842;157.892;2026.02.05 15:24:00;156.850;;;;cancelled
2026.02.05 15:23:57;Sell Stop;70.00;USDJPY.fx;156.816;156.866;155.816;2026.02.05 15:23:59;156.844;;;;cancelled
2026.02.04 17:00:02;Sell;70.00;USDJPY.fx;156.435;156.485;155.435;2026.02.04 17:00:05;156.485;;;-223.66;[sl]
2026.02.04 17:00:00;Buy;70.00;USDJPY.fx;156.491;156.441;157.491;2026.02.04 17:00:01;156.441;;;-223.73;[sl]
2026.02.04 16:57:57;Sell Stop;70.00;USDJPY.fx;156.399;156.449;155.399;2026.02.04 16:57:59;156.435;;;;cancelled
2026.02.04 16:57:57;Buy Stop;70.00;USDJPY.fx;156.475;156.425;157.475;2026.02.04 16:57:59;156.441;;;;cancelled
2026.02.04 15:15:00;Sell;70.00;USDJPY.fx;156.583;156.633;155.583;2026.02.04 15:15:40;156.583;;;0.00;
2026.02.04 15:14:57;Buy Stop;70.00;USDJPY.fx;156.635;156.585;157.635;2026.02.04 15:15:37;156.594;;;;cancelled
2026.02.04 15:10:57;Sell Stop;70.00;USDJPY.fx;156.613;156.663;155.613;2026.02.04 15:10:59;156.650;;;;cancelled
2026.02.04 15:10:57;Buy Stop;70.00;USDJPY.fx;156.694;156.644;157.694;2026.02.04 15:10:59;156.661;;;;cancelled
2026.02.03 17:00:25;Sell;70.00;USDJPY.fx;155.847;155.897;154.847;2026.02.03 17:00:35;155.844;;;13.48;
2026.02.03 16:59:57;Buy Stop;70.00;USDJPY.fx;155.886;155.836;156.886;2026.02.03 17:00:34;155.846;;;;cancelled
2026.02.03 16:54:57;Buy Stop;70.00;USDJPY.fx;155.893;155.843;156.893;2026.02.03 16:54:59;155.858;;;;cancelled
2026.02.03 16:54:57;Sell Stop;70.00;USDJPY.fx;155.817;155.867;154.817;2026.02.03 16:54:58;155.853;;;;cancelled
2026.02.03 05:29:55;Buy Stop;70.00;AUDUSD.fx;0.69695;0.69645;0.70695;2026.02.03 05:31:00;0.69664;;;;cancelled
2026.02.03 05:29:56;Sell Stop;70.00;AUDUSD.fx;0.69618;0.69668;0.68618;2026.02.03 05:30:51;0.69655;;;;cancelled
2026.02.03 05:27:55;Buy Stop;70.00;AUDUSD.fx;0.69684;0.69634;0.70684;2026.02.03 05:27:57;0.69656;;;;cancelled
2026.02.03 05:27:55;Sell Stop;70.00;AUDUSD.fx;0.69606;0.69656;0.68606;2026.02.03 05:27:56;0.69649;;;;cancelled
2026.02.03 05:26:59;Sell Stop;70.00;AUDUSD.fx;0.69594;0.69644;0.68594;2026.02.03 05:27:06;0.69629;;;;cancelled
2026.02.03 05:26:57;Buy Stop;70.00;AUDUSD.fx;0.69671;0.69621;0.70671;2026.02.03 05:27:04;0.69638;;;;cancelled
2026.02.02 17:00:00;Buy;70.00;USDJPY.fx;155.347;155.377;156.347;2026.02.02 17:00:05;155.446;;;445.81;
2026.02.02 16:59:57;Sell Stop;70.00;USDJPY.fx;155.399;155.449;154.399;2026.02.02 17:00:04;155.438;;;;cancelled
2026.02.02 16:53:57;Buy Stop;70.00;USDJPY.fx;155.343;155.293;156.343;2026.02.02 16:53:59;155.307;;;;cancelled
2026.02.02 16:53:57;Sell Stop;70.00;USDJPY.fx;155.264;155.314;154.264;2026.02.02 16:53:58;155.298;;;;cancelled
2026.02.02 16:44:57;Sell Stop;70.00;USDJPY.fx;155.223;155.273;154.223;2026.02.02 16:45:23;155.257;;;;cancelled
2026.02.02 16:44:57;Buy Stop;70.00;USDJPY.fx;155.299;155.249;156.299;2026.02.02 16:45:23;155.262;;;;cancelled
2026.02.02 16:40:57;Sell Stop;70.00;USDJPY.fx;155.241;155.291;154.241;2026.02.02 16:40:59;155.275;;;;cancelled
2026.02.02 16:40:57;Buy Stop;70.00;USDJPY.fx;155.316;155.266;156.316;2026.02.02 16:40:59;155.280;;;;cancelled
2026.01.30 15:30:01;Buy;70.00;USDJPY.fx;154.109;154.139;155.109;2026.01.30 15:30:07;154.167;;;263.35;
2026.01.30 15:29:57;Sell Stop;70.00;USDJPY.fx;154.138;154.188;153.138;2026.01.30 15:30:06;154.162;;;;cancelled
2026.01.30 15:26:57;Sell Stop;70.00;USDJPY.fx;154.031;154.081;153.031;2026.01.30 15:26:59;154.065;;;;cancelled
2026.01.30 15:26:57;Buy Stop;70.00;USDJPY.fx;154.106;154.056;155.106;2026.01.30 15:26:59;154.071;;;;cancelled
2026.01.29 15:29:57;Sell Stop;70.00;USDJPY.fx;153.153;153.203;152.153;2026.01.29 15:30:16;153.181;;;;cancelled
2026.01.29 15:29:57;Buy Stop;70.00;USDJPY.fx;153.234;153.184;154.234;2026.01.29 15:30:16;153.191;;;;cancelled
2026.01.29 15:22:57;Sell Stop;70.00;USDJPY.fx;153.223;153.273;152.223;2026.01.29 15:22:59;153.256;;;;cancelled
2026.01.29 15:22:57;Buy Stop;70.00;USDJPY.fx;153.299;153.249;154.299;2026.01.29 15:22:59;153.262;;;;cancelled
2026.01.27 17:00:02;Sell;70.00;USDJPY.fx;153.195;153.165;152.195;2026.01.27 17:00:21;153.165;;;137.11;[sl]
2026.01.27 17:00:04;Buy;70.00;USDJPY.fx;153.194;153.144;154.194;2026.01.27 17:00:05;153.144;;;-228.54;[sl]
2026.01.27 16:54:57;Buy Stop;70.00;USDJPY.fx;153.386;153.336;154.386;2026.01.27 16:54:59;153.351;;;;cancelled
2026.01.27 16:54:57;Sell Stop;70.00;USDJPY.fx;153.310;153.360;152.310;2026.01.27 16:54:58;153.346;;;;cancelled
2026.01.23 11:30:00;Buy;70.00;GBPUSD.fx;1.35091;1.35121;1.36091;2026.01.23 11:30:02;1.35219;;;896.00;
2026.01.23 11:29:57;Sell Stop;70.00;GBPUSD.fx;1.35139;1.35189;1.34139;2026.01.23 11:30:01;1.35217;;;;cancelled
2026.01.23 11:24:57;Sell Stop;70.00;GBPUSD.fx;1.35000;1.35050;1.34000;2026.01.23 11:25:00;1.35034;;;;cancelled
2026.01.23 11:24:57;Buy Stop;70.00;GBPUSD.fx;1.35077;1.35027;1.36077;2026.01.23 11:25:00;1.35042;;;;cancelled
2026.01.23 10:30:00;Buy;70.00;EURUSD.fx;1.17348;1.17298;1.18348;2026.01.23 10:30:02;1.17349;;;7.00;
2026.01.23 10:29:57;Sell Stop;70.00;EURUSD.fx;1.17319;1.17369;1.16319;2026.01.23 10:30:01;1.17355;;;;cancelled
2026.01.23 10:22:57;Sell Stop;70.00;EURUSD.fx;1.17280;1.17330;1.16280;2026.01.23 10:22:59;1.17315;;;;cancelled
2026.01.23 10:22:57;Buy Stop;70.00;EURUSD.fx;1.17355;1.17305;1.18355;2026.01.23 10:22:59;1.17320;;;;cancelled
2026.01.23 10:15:00;Sell;70.00;EURUSD.fx;1.17315;1.17365;1.16315;2026.01.23 10:15:33;1.17315;;;0.00;
2026.01.23 10:14:57;Buy Stop;70.00;EURUSD.fx;1.17357;1.17307;1.18357;2026.01.23 10:15:03;1.17322;;;;cancelled
2026.01.23 10:10:57;Sell Stop;70.00;EURUSD.fx;1.17295;1.17345;1.16295;2026.01.23 10:10:59;1.17330;;;;cancelled
2026.01.23 10:10:57;Buy Stop;70.00;EURUSD.fx;1.17371;1.17321;1.18371;2026.01.23 10:10:59;1.17335;;;;cancelled
2026.01.23 08:59:57;Buy Stop;70.00;GBPUSD.fx;1.34992;1.34942;1.35992;2026.01.23 09:00:52;1.34957;;;;cancelled
2026.01.23 08:59:57;Sell Stop;70.00;GBPUSD.fx;1.34862;1.34912;1.33862;2026.01.23 09:00:39;1.34912;;;;cancelled
2026.01.23 08:54:57;Sell Stop;70.00;GBPUSD.fx;1.34825;1.34875;1.33825;2026.01.23 08:54:59;1.34860;;;;cancelled
2026.01.23 08:54:57;Buy Stop;70.00;GBPUSD.fx;1.34903;1.34853;1.35903;2026.01.23 08:54:59;1.34868;;;;cancelled
2026.01.22 16:59:57;Sell Stop;70.00;USDJPY.fx;158.575;158.625;157.575;2026.01.22 17:00:12;158.606;;;;cancelled
2026.01.22 16:59:57;Buy Stop;70.00;USDJPY.fx;158.651;158.601;159.651;2026.01.22 17:00:12;158.616;;;;cancelled
2026.01.22 16:53:57;Sell Stop;70.00;USDJPY.fx;158.541;158.591;157.541;2026.01.22 16:53:59;158.580;;;;cancelled
2026.01.22 16:53:57;Buy Stop;70.00;USDJPY.fx;158.618;158.568;159.618;2026.01.22 16:53:59;158.589;;;;cancelled
2026.01.22 15:30:00;Buy;70.00;USDJPY.fx;158.738;158.688;159.738;2026.01.22 15:30:04;158.785;;;207.20;
2026.01.22 15:29:57;Sell Stop;70.00;USDJPY.fx;158.709;158.759;157.709;2026.01.22 15:30:02;158.788;;;;cancelled
2026.01.22 15:28:57;Buy Stop;70.00;USDJPY.fx;158.742;158.692;159.742;2026.01.22 15:28:59;158.708;;;;cancelled
2026.01.22 15:28:57;Sell Stop;70.00;USDJPY.fx;158.667;158.717;157.667;2026.01.22 15:28:58;158.702;;;;cancelled
2026.01.21 09:00:39;Sell;70.00;GBPUSD.fx;1.34312;1.34362;1.33312;2026.01.21 09:02:25;1.34362;;;-350.00;[sl]
2026.01.21 08:59:57;Buy Stop;70.00;GBPUSD.fx;1.34360;1.34310;1.35360;2026.01.21 09:01:00;1.34327;;;;cancelled
2026.01.21 08:55:57;Buy Stop;70.00;GBPUSD.fx;1.34426;1.34376;1.35426;2026.01.21 08:55:59;1.34391;;;;cancelled
2026.01.21 08:55:57;Sell Stop;70.00;GBPUSD.fx;1.34348;1.34398;1.33348;2026.01.21 08:55:58;1.34383;;;;cancelled
2026.01.20 08:59:57;Buy Stop;70.00;GBPUSD.fx;1.34323;1.34273;1.35323;2026.01.20 09:00:50;1.34297;;;;cancelled
2026.01.20 08:59:57;Sell Stop;70.00;GBPUSD.fx;1.34244;1.34294;1.33244;2026.01.20 09:00:49;1.34290;;;;cancelled
2026.01.20 08:53:57;Sell Stop;70.00;GBPUSD.fx;1.34280;1.34330;1.33280;2026.01.20 08:54:01;1.34315;;;;cancelled
2026.01.20 08:53:57;Buy Stop;70.00;GBPUSD.fx;1.34358;1.34308;1.35358;2026.01.20 08:54:01;1.34323;;;;cancelled
2026.01.19 15:29:57;Sell Stop;70.00;USDCAD.fx;1.38775;1.38825;1.37775;2026.01.19 15:31:01;1.38813;;;;cancelled
2026.01.19 15:29:57;Buy Stop;70.00;USDCAD.fx;1.38850;1.38800;1.39850;2026.01.19 15:31:01;1.38824;;;;cancelled
2026.01.19 15:23:57;Sell Stop;70.00;USDCAD.fx;1.38780;1.38830;1.37780;2026.01.19 15:23:59;1.38814;;;;cancelled
2026.01.19 15:23:57;Buy Stop;70.00;USDCAD.fx;1.38856;1.38806;1.39856;2026.01.19 15:23:59;1.38821;;;;cancelled
2026.01.15 15:30:00;Buy;70.00;USDJPY.fx;158.619;158.569;159.619;2026.01.15 15:30:12;158.632;;;57.37;
2026.01.15 15:29:57;Sell Stop;70.00;USDJPY.fx;158.593;158.643;157.593;2026.01.15 15:30:01;158.649;;;;cancelled
2026.01.15 15:24:57;Sell Stop;70.00;USDJPY.fx;158.529;158.579;157.529;2026.01.15 15:24:59;158.564;;;;cancelled
2026.01.15 15:24:57;Buy Stop;70.00;USDJPY.fx;158.607;158.557;159.607;2026.01.15 15:24:59;158.572;;;;cancelled
2026.01.15 09:00:33;Buy;70.00;GBPUSD.fx;1.34312;1.34342;1.35312;2026.01.15 09:00:39;1.34342;;;210.00;[sl]
2026.01.15 08:59:57;Sell Stop;70.00;GBPUSD.fx;1.34230;1.34280;1.33230;2026.01.15 09:00:32;1.34271;;;;cancelled
2026.01.15 08:54:57;Sell Stop;70.00;GBPUSD.fx;1.34222;1.34272;1.33222;2026.01.15 08:54:59;1.34257;;;;cancelled
2026.01.15 08:54:57;Buy Stop;70.00;GBPUSD.fx;1.34300;1.34250;1.35300;2026.01.15 08:54:59;1.34265;;;;cancelled
2026.01.14 16:59:57;Sell Stop;70.00;USDJPY.fx;158.203;158.253;157.203;2026.01.14 17:00:19;158.239;;;;cancelled
2026.01.14 16:59:57;Buy Stop;70.00;USDJPY.fx;158.279;158.229;159.279;2026.01.14 17:00:19;158.246;;;;cancelled
2026.01.14 16:54:57;Sell Stop;70.00;USDJPY.fx;158.212;158.262;157.212;2026.01.14 16:54:59;158.237;;;;cancelled
2026.01.14 16:54:57;Buy Stop;70.00;USDJPY.fx;158.288;158.238;159.288;2026.01.14 16:54:59;158.243;;;;cancelled
2026.01.14 15:29:57;Buy Stop;70.00;USDJPY.fx;158.731;158.681;159.731;2026.01.14 15:30:49;158.698;;;;cancelled
2026.01.14 15:30:00;Sell;70.00;USDJPY.fx;158.613;158.663;157.613;2026.01.14 15:30:00;158.663;;;-220.59;[sl]
2026.01.14 15:24:57;Buy Stop;70.00;USDJPY.fx;158.713;158.663;159.713;2026.01.14 15:24:59;158.667;;;;cancelled
2026.01.14 15:24:57;Sell Stop;70.00;USDJPY.fx;158.637;158.687;157.637;2026.01.14 15:24:58;158.661;;;;cancelled
2026.01.13 16:59:55;Sell Stop;70.00;USDJPY.fx;158.851;158.901;157.851;2026.01.13 17:00:30;158.876;;;;cancelled
2026.01.13 16:59:55;Buy Stop;70.00;USDJPY.fx;158.926;158.876;159.926;2026.01.13 17:00:30;158.879;;;;cancelled
2026.01.13 16:53:57;Buy Stop;70.00;USDJPY.fx;158.987;158.937;159.987;2026.01.13 16:54:00;158.952;;;;cancelled
2026.01.13 16:53:57;Sell Stop;70.00;USDJPY.fx;158.912;158.962;157.912;2026.01.13 16:53:59;158.947;;;;cancelled
2026.01.13 15:34:00;Buy Stop;70.00;USDJPY.fx;158.774;158.724;159.774;2026.01.13 15:34:01;158.732;;;;cancelled
2026.01.13 15:34:00;Sell Stop;70.00;USDJPY.fx;158.698;158.748;157.698;2026.01.13 15:34:00;158.733;;;;cancelled
2026.01.13 15:30:03;Buy;71.77;USDJPY.fx;158.868;158.818;159.868;2026.01.13 15:30:03;158.818;;;-225.95;[sl]
2026.01.13 15:30:01;Sell;71.77;USDJPY.fx;158.813;158.863;157.813;2026.01.13 15:30:02;158.863;;;-225.89;[sl]
2026.01.13 15:24:57;Sell Stop;71.77;USDJPY.fx;158.867;158.917;157.867;2026.01.13 15:24:59;158.902;;;;cancelled
2026.01.13 15:24:57;Buy Stop;71.77;USDJPY.fx;158.945;158.895;159.945;2026.01.13 15:24:59;158.910;;;;cancelled
2026.01.09 15:30:02;Sell;71.77;USDJPY.fx;157.615;157.665;156.615;2026.01.09 15:30:02;157.665;;;-227.60;[sl]
2026.01.09 15:30:01;Buy;71.77;USDJPY.fx;157.637;157.587;158.637;2026.01.09 15:30:02;157.587;;;-227.72;[sl]
2026.01.09 15:27:57;Buy Stop;71.77;USDJPY.fx;157.603;157.553;158.603;2026.01.09 15:28:01;157.570;;;;cancelled
2026.01.09 15:27:57;Sell Stop;71.77;USDJPY.fx;157.528;157.578;156.528;2026.01.09 15:28:00;157.565;;;;cancelled
2026.01.08 15:29:57;Sell Stop;71.77;USDJPY.fx;156.678;156.728;155.678;2026.01.08 15:30:31;156.719;;;;cancelled
2026.01.08 15:29:57;Buy Stop;71.77;USDJPY.fx;156.759;156.709;157.759;2026.01.08 15:30:31;156.731;;;;cancelled
2026.01.08 15:23:57;Sell Stop;71.77;USDJPY.fx;156.636;156.686;155.636;2026.01.08 15:23:59;156.671;;;;cancelled
2026.01.08 15:23:57;Buy Stop;71.77;USDJPY.fx;156.711;156.661;157.711;2026.01.08 15:23:59;156.677;;;;cancelled
2026.01.08 09:29:46;Sell Stop;71.77;USDCHF.fx;0.79672;0.79722;0.78672;2026.01.08 09:30:42;0.79703;;;;cancelled
2026.01.08 09:29:46;Buy Stop;71.77;USDCHF.fx;0.79783;0.79733;0.80783;2026.01.08 09:30:42;0.79721;;;;cancelled
2026.01.08 09:27:31;Sell Stop;71.77;USDCHF.fx;0.79723;0.79773;0.78723;2026.01.08 09:27:58;0.79758;;;;cancelled
2026.01.08 09:27:28;Buy Stop;71.77;USDCHF.fx;0.79807;0.79757;0.80807;2026.01.08 09:27:55;0.79772;;;;cancelled
2026.01.08 09:27:15;Sell Stop;71.77;USDCHF.fx;0.79723;0.79773;0.78723;2026.01.08 09:27:27;0.79758;;;;cancelled
2026.01.08 09:27:12;Buy Stop;71.77;USDCHF.fx;0.79807;0.79757;0.80807;2026.01.08 09:27:27;0.79772;;;;cancelled
2026.01.08 09:25:57;Sell Stop;71.77;USDCHF.fx;0.79721;0.79771;0.78721;2026.01.08 09:26:01;0.79758;;;;cancelled
2026.01.08 09:24:57;Buy Stop;71.77;USDCHF.fx;0.79799;0.79749;0.80799;2026.01.08 09:25:04;0.79767;;;;cancelled
2026.01.08 09:24:58;Sell Stop;71.77;USDCHF.fx;0.79714;0.79764;0.78714;2026.01.08 09:25:01;0.79753;;;;cancelled
2026.01.08 09:23:57;Buy Stop;71.77;USDCHF.fx;0.79799;0.79749;0.80799;2026.01.08 09:24:01;0.79764;;;;cancelled
2026.01.08 09:23:57;Sell Stop;71.77;USDCHF.fx;0.79714;0.79764;0.78714;2026.01.08 09:23:59;0.79749;;;;cancelled
2026.01.07 17:00:05;Sell;71.77;USDJPY.fx;156.498;156.468;155.498;2026.01.07 17:00:07;156.468;;;137.61;[sl]
2026.01.07 17:00:00;Buy;71.77;USDJPY.fx;156.442;156.392;157.442;2026.01.07 17:00:00;156.392;;;-229.46;[sl]
2026.01.07 16:53:57;Sell Stop;71.77;USDJPY.fx;156.438;156.488;155.438;2026.01.07 16:54:00;156.471;;;;cancelled
2026.01.07 16:53:57;Buy Stop;71.77;USDJPY.fx;156.513;156.463;157.513;2026.01.07 16:54:00;156.476;;;;cancelled
2026.01.07 15:15:01;Sell;71.77;USDJPY.fx;156.506;156.556;155.506;2026.01.07 15:15:35;156.505;;;4.59;
2026.01.07 15:14:57;Buy Stop;71.77;USDJPY.fx;156.548;156.498;157.548;2026.01.07 15:15:34;156.505;;;;cancelled
2026.01.07 15:10:57;Sell Stop;71.77;USDJPY.fx;156.507;156.557;155.507;2026.01.07 15:10:59;156.541;;;;cancelled
2026.01.07 15:10:57;Buy Stop;71.77;USDJPY.fx;156.583;156.533;157.583;2026.01.07 15:10:59;156.546;;;;cancelled
2026.01.05 17:00:00;Sell;71.77;USDJPY.fx;156.712;156.762;155.712;2026.01.05 17:00:09;156.706;;;27.48;
2026.01.05 16:59:57;Buy Stop;71.77;USDJPY.fx;156.742;156.692;157.742;2026.01.05 17:00:07;156.698;;;;cancelled
2026.01.05 16:53:57;Sell Stop;71.77;USDJPY.fx;156.688;156.738;155.688;2026.01.05 16:53:59;156.720;;;;cancelled
2026.01.05 16:53:57;Buy Stop;71.77;USDJPY.fx;156.766;156.716;157.766;2026.01.05 16:53:59;156.728;;;;cancelled
2026.01.02 16:44:57;Buy Stop;71.77;USDJPY.fx;156.897;156.847;157.897;2026.01.02 16:45:24;156.871;;;;cancelled
2026.01.02 16:44:57;Sell Stop;71.77;USDJPY.fx;156.820;156.870;155.820;2026.01.02 16:45:23;156.865;;;;cancelled
2026.01.02 16:40:57;Sell Stop;71.77;USDJPY.fx;156.828;156.878;155.828;2026.01.02 16:40:59;156.866;;;;cancelled
2026.01.02 16:40:57;Buy Stop;71.77;USDJPY.fx;156.903;156.853;157.903;2026.01.02 16:40:59;156.874;;;;cancelled
2025.12.24 15:29:57;Sell Stop;45.77;USDJPY.fx;156.028;156.078;155.028;2025.12.24 15:30:08;156.050;;;;cancelled
2025.12.24 15:24:57;Sell Stop;45.77;USDJPY.fx;155.978;156.028;154.978;2025.12.24 15:24:59;156.013;;;;cancelled
2025.12.24 15:24:57;Buy Stop;45.77;USDJPY.fx;156.053;156.003;157.053;2025.12.24 15:24:59;156.018;;;;cancelled
2025.12.23 16:59:55;Buy Stop;45.77;USDJPY.fx;156.429;156.379;157.429;2025.12.23 17:00:16;156.399;;;;cancelled
2025.12.23 16:59:55;Sell Stop;45.77;USDJPY.fx;156.353;156.403;155.353;2025.12.23 17:00:15;156.388;;;;cancelled
2025.12.23 16:54:55;Sell Stop;45.77;USDJPY.fx;156.363;156.413;155.363;2025.12.23 16:54:57;156.400;;;;cancelled
2025.12.23 16:54:55;Buy Stop;45.77;USDJPY.fx;156.441;156.391;157.441;2025.12.23 16:54:57;156.408;;;;cancelled
2025.12.23 15:30:03;Buy;45.77;USDJPY.fx;156.066;156.096;157.066;2025.12.23 15:30:27;156.127;;;178.83;
2025.12.23 15:30:00;Sell;45.77;USDJPY.fx;155.990;156.040;154.990;2025.12.23 15:30:03;156.040;;;-146.66;[sl]
2025.12.23 15:25:57;Sell Stop;45.77;USDJPY.fx;155.996;156.046;154.996;2025.12.23 15:26:03;156.031;;;;cancelled
2025.12.23 15:25:57;Buy Stop;45.77;USDJPY.fx;156.074;156.024;157.074;2025.12.23 15:26:03;156.039;;;;cancelled
2025.12.18 15:30:01;Sell;45.77;USDJPY.fx;155.678;155.537;154.678;2025.12.18 15:30:06;155.495;;;538.66;
2025.12.18 15:29:57;Buy Stop;45.77;USDJPY.fx;155.548;155.498;156.548;2025.12.18 15:30:02;155.502;;;;cancelled
2025.12.18 15:22:57;Sell Stop;45.77;USDJPY.fx;155.736;155.786;154.736;2025.12.18 15:22:59;155.765;;;;cancelled
2025.12.18 15:22:57;Buy Stop;45.77;USDJPY.fx;155.811;155.761;156.811;2025.12.18 15:22:59;155.772;;;;cancelled
2025.12.18 13:59:57;Buy Stop;45.77;GBPUSD.fx;1.33597;1.33547;1.34597;2025.12.18 14:00:04;1.33566;;;;cancelled
2025.12.18 14:00:01;Sell;45.77;GBPUSD.fx;1.33472;1.33522;1.32472;2025.12.18 14:00:01;1.33522;;;-228.85;[sl]
2025.12.18 13:53:57;Buy Stop;45.77;GBPUSD.fx;1.33611;1.33561;1.34611;2025.12.18 13:53:59;1.33577;;;;cancelled
2025.12.18 13:53:57;Sell Stop;45.77;GBPUSD.fx;1.33533;1.33583;1.32533;2025.12.18 13:53:58;1.33570;;;;cancelled
2025.12.17 09:00:36;Sell;45.77;GBPUSD.fx;1.33713;1.33618;1.32713;2025.12.17 09:00:39;1.33555;;;723.16;
2025.12.17 08:59:57;Buy Stop;45.77;GBPUSD.fx;1.33606;1.33556;1.34606;2025.12.17 09:00:37;1.33543;;;;cancelled
2025.12.17 08:55:57;Buy Stop;45.77;GBPUSD.fx;1.33824;1.33774;1.34824;2025.12.17 08:55:59;1.33790;;;;cancelled
2025.12.17 08:55:57;Sell Stop;45.77;GBPUSD.fx;1.33744;1.33794;1.32744;2025.12.17 08:55:58;1.33781;;;;cancelled
2025.12.16 11:30:00;Buy;45.77;GBPUSD.fx;1.34006;1.33956;1.35006;2025.12.16 11:30:02;1.34041;;;160.20;
2025.12.16 11:29:57;Sell Stop;45.77;GBPUSD.fx;1.34008;1.34058;1.33008;2025.12.16 11:30:01;1.34049;;;;cancelled
2025.12.16 11:25:57;Sell Stop;45.77;GBPUSD.fx;1.33927;1.33977;1.32927;2025.12.16 11:25:59;1.33958;;;;cancelled
2025.12.16 11:25:57;Buy Stop;45.77;GBPUSD.fx;1.34005;1.33955;1.35005;2025.12.16 11:25:59;1.33966;;;;cancelled
2025.12.16 10:59:57;Buy Stop;45.77;EURUSD.fx;1.17585;1.17535;1.18585;2025.12.16 11:00:07;1.17547;;;;cancelled
2025.12.16 10:59:57;Sell Stop;45.77;EURUSD.fx;1.17511;1.17561;1.16511;2025.12.16 11:00:06;1.17543;;;;cancelled
2025.12.16 10:56:57;Sell Stop;45.77;EURUSD.fx;1.17520;1.17570;1.16520;2025.12.16 10:56:58;1.17555;;;;cancelled
2025.12.16 10:56:57;Buy Stop;45.77;EURUSD.fx;1.17594;1.17544;1.18594;2025.12.16 10:56:58;1.17560;;;;cancelled
2025.12.16 10:29:57;Buy Stop;45.77;EURUSD.fx;1.17592;1.17542;1.18592;2025.12.16 10:30:04;1.17552;;;;cancelled
2025.12.16 10:29:57;Sell Stop;45.77;EURUSD.fx;1.17517;1.17567;1.16517;2025.12.16 10:30:03;1.17547;;;;cancelled
2025.12.16 10:25:57;Buy Stop;45.77;EURUSD.fx;1.17659;1.17609;1.18659;2025.12.16 10:25:59;1.17625;;;;cancelled
2025.12.16 10:25:57;Sell Stop;45.77;EURUSD.fx;1.17584;1.17634;1.16584;2025.12.16 10:25:58;1.17620;;;;cancelled
2025.12.16 10:14:57;Sell Stop;45.77;EURUSD.fx;1.17561;1.17611;1.16561;2025.12.16 10:15:03;1.17590;;;;cancelled
2025.12.16 10:14:57;Buy Stop;45.77;EURUSD.fx;1.17635;1.17585;1.18635;2025.12.16 10:15:03;1.17591;;;;cancelled
2025.12.16 10:11:57;Sell Stop;45.77;EURUSD.fx;1.17531;1.17581;1.16531;2025.12.16 10:12:01;1.17564;;;;cancelled
2025.12.16 10:11:57;Buy Stop;45.77;EURUSD.fx;1.17606;1.17556;1.18606;2025.12.16 10:12:01;1.17569;;;;cancelled
2025.12.16 08:54:57;Buy Stop;45.77;GBPUSD.fx;1.33689;1.33639;1.34689;2025.12.16 08:54:59;1.33654;;;;cancelled
2025.12.16 08:54:57;Sell Stop;45.77;GBPUSD.fx;1.33612;1.33662;1.32612;2025.12.16 08:54:58;1.33647;;;;cancelled
2025.12.15 15:30:00;Buy;45.77;USDCAD.fx;1.37626;1.37576;1.38626;2025.12.15 15:30:05;1.37641;;;49.88;
2025.12.15 15:29:57;Sell Stop;45.77;USDCAD.fx;1.37598;1.37648;1.36598;2025.12.15 15:30:04;1.37634;;;;cancelled
2025.12.15 15:26:57;Buy Stop;45.77;USDCAD.fx;1.37596;1.37546;1.38596;2025.12.15 15:26:59;1.37561;;;;cancelled
2025.12.15 15:26:57;Sell Stop;45.77;USDCAD.fx;1.37522;1.37572;1.36522;2025.12.15 15:26:58;1.37557;;;;cancelled
2025.12.12 09:00:51;Sell;45.77;GBPUSD.fx;1.33910;1.33960;1.32910;2025.12.12 09:00:56;1.33899;;;50.35;
2025.12.12 08:59:57;Buy Stop;45.77;GBPUSD.fx;1.33991;1.33941;1.34991;2025.12.12 09:00:55;1.33918;;;;cancelled
2025.12.12 08:54:57;Buy Stop;45.77;GBPUSD.fx;1.33989;1.33939;1.34989;2025.12.12 08:54:59;1.33954;;;;cancelled
2025.12.12 08:54:57;Sell Stop;45.77;GBPUSD.fx;1.33911;1.33961;1.32911;2025.12.12 08:54:58;1.33946;;;;cancelled
2025.12.11 15:30:00;Sell;45.77;USDJPY.fx;155.447;155.497;154.447;2025.12.11 15:30:05;155.407;;;117.81;
2025.12.11 15:29:57;Buy Stop;45.77;USDJPY.fx;155.459;155.409;156.459;2025.12.11 15:30:02;155.412;;;;cancelled
2025.12.11 15:26:57;Sell Stop;45.77;USDJPY.fx;155.499;155.549;154.499;2025.12.11 15:26:59;155.531;;;;cancelled
2025.12.11 15:26:57;Buy Stop;45.77;USDJPY.fx;155.574;155.524;156.574;2025.12.11 15:26:59;155.536;;;;cancelled
2025.12.11 10:29:57;Sell Stop;45.77;USDCHF.fx;0.79889;0.79939;0.78889;2025.12.11 10:30:50;0.79937;;;;cancelled
2025.12.11 10:30:00;Buy;45.77;USDCHF.fx;0.79980;0.79930;0.80980;2025.12.11 10:30:00;0.79930;;;-286.31;[sl]
2025.12.11 10:25:57;Sell Stop;45.77;USDCHF.fx;0.79891;0.79941;0.78891;2025.12.11 10:25:59;0.79928;;;;cancelled
2025.12.11 10:25:57;Buy Stop;45.77;USDCHF.fx;0.79976;0.79926;0.80976;2025.12.11 10:25:59;0.79943;;;;cancelled
2025.12.10 16:45:00;Sell;45.77;USDCAD.fx;1.38503;1.38553;1.37503;2025.12.10 16:45:06;1.38553;;;-165.17;[sl]
2025.12.10 16:44:57;Buy Stop;45.77;USDCAD.fx;1.38555;1.38505;1.39555;2025.12.10 16:45:01;1.38518;;;;cancelled
2025.12.10 16:39:57;Buy Stop;45.77;USDCAD.fx;1.38531;1.38481;1.39531;2025.12.10 16:39:59;1.38497;;;;cancelled
2025.12.10 16:39:57;Sell Stop;45.77;USDCAD.fx;1.38454;1.38504;1.37454;2025.12.10 16:39:58;1.38489;;;;cancelled
2025.12.10 15:29:57;Buy Stop;45.77;USDJPY.fx;156.686;156.636;157.686;2025.12.10 15:30:38;156.645;;;;cancelled
2025.12.10 15:29:57;Sell Stop;45.77;USDJPY.fx;156.600;156.650;155.600;2025.12.10 15:30:37;156.637;;;;cancelled
2025.12.10 15:24:57;Buy Stop;45.77;USDJPY.fx;156.722;156.672;157.722;2025.12.10 15:25:00;156.687;;;;cancelled
2025.12.10 15:24:57;Sell Stop;45.77;USDJPY.fx;156.644;156.694;155.644;2025.12.10 15:24:59;156.679;;;;cancelled
2025.12.09 17:00:01;Buy;45.77;USDJPY.fx;156.452;156.402;157.452;2025.12.09 17:02:51;156.668;;;631.04;
2025.12.09 16:59:00;Sell Stop;45.77;USDJPY.fx;156.381;156.431;155.381;2025.12.09 16:59:02;156.415;;;;cancelled
2025.12.09 16:58:57;Buy Stop;45.77;USDJPY.fx;156.456;156.406;157.456;2025.12.09 16:59:02;156.421;;;;cancelled
2025.12.09 05:29:57;Buy Stop;45.77;AUDUSD.fx;0.66262;0.66212;0.67262;2025.12.09 05:30:35;0.66245;;;;cancelled
2025.12.09 05:29:57;Sell Stop;45.77;AUDUSD.fx;0.66226;0.66276;0.65226;2025.12.09 05:30:32;0.66246;;;;cancelled
2025.12.09 05:24:57;Sell Stop;45.77;AUDUSD.fx;0.66249;0.66299;0.65249;2025.12.09 05:24:59;0.66284;;;;cancelled
2025.12.09 05:24:57;Buy Stop;45.77;AUDUSD.fx;0.66326;0.66276;0.67326;2025.12.09 05:24:59;0.66292;;;;cancelled
2025.12.05 16:59:57;Buy Stop;45.77;USDJPY.fx;155.269;155.219;156.269;2025.12.05 17:00:03;155.233;;;;cancelled
2025.12.05 16:59:57;Sell Stop;45.77;USDJPY.fx;155.195;155.245;154.195;2025.12.05 17:00:02;155.223;;;;cancelled
2025.12.05 16:54:57;Sell Stop;45.77;USDJPY.fx;155.131;155.181;154.131;2025.12.05 16:54:59;155.160;;;;cancelled
2025.12.05 16:54:57;Buy Stop;45.77;USDJPY.fx;155.207;155.157;156.207;2025.12.05 16:54:59;155.165;;;;cancelled
2025.12.05 15:30:00;Sell;45.77;USDCAD.fx;1.39343;1.39265;1.38343;2025.12.05 15:30:04;1.39181;;;532.74;
2025.12.05 15:29:57;Buy Stop;45.77;USDCAD.fx;1.39275;1.39225;1.40275;2025.12.05 15:30:01;1.39226;;;;cancelled
2025.12.05 15:24:57;Buy Stop;45.77;USDCAD.fx;1.39407;1.39357;1.40407;2025.12.05 15:24:59;1.39377;;;;cancelled
2025.12.05 15:24:57;Sell Stop;45.77;USDCAD.fx;1.39331;1.39381;1.38331;2025.12.05 15:24:58;1.39371;;;;cancelled
2025.12.04 15:30:00;Buy;45.77;USDJPY.fx;154.853;154.883;155.853;2025.12.04 15:30:03;154.981;;;378.02;
2025.12.04 15:29:57;Sell Stop;45.77;USDJPY.fx;154.888;154.938;153.888;2025.12.04 15:30:01;154.966;;;;cancelled
2025.12.04 15:24:57;Sell Stop;45.77;USDJPY.fx;154.792;154.842;153.792;2025.12.04 15:24:59;154.827;;;;cancelled
2025.12.04 15:24:57;Buy Stop;45.77;USDJPY.fx;154.867;154.817;155.867;2025.12.04 15:24:59;154.832;;;;cancelled
2025.12.03 16:52:57;Buy Stop;45.77;USDJPY.fx;155.416;155.366;156.416;2025.12.03 16:53:00;155.387;;;;cancelled
2025.12.03 16:52:57;Sell Stop;45.77;USDJPY.fx;155.339;155.389;154.339;2025.12.03 16:52:59;155.379;;;;cancelled
2025.12.03 15:15:00;Sell;45.77;USDJPY.fx;155.337;155.307;154.337;2025.12.03 15:15:31;155.249;;;259.44;
2025.12.03 15:14:57;Buy Stop;45.77;USDJPY.fx;155.328;155.278;156.328;2025.12.03 15:15:03;155.272;;;;cancelled
2025.12.03 15:08:57;Sell Stop;45.77;USDJPY.fx;155.320;155.370;154.320;2025.12.03 15:09:05;155.354;;;;cancelled
2025.12.03 15:08:57;Buy Stop;45.77;USDJPY.fx;155.397;155.347;156.397;2025.12.03 15:09:05;155.361;;;;cancelled
2025.12.03 09:30:00;Buy;45.77;USDCHF.fx;0.80182;0.80132;0.81182;2025.12.03 09:32:32;0.80184;;;11.42;
2025.12.03 09:29:57;Sell Stop;45.77;USDCHF.fx;0.80140;0.80190;0.79140;2025.12.03 09:30:01;0.80162;;;;cancelled
2025.12.03 09:23:57;Buy Stop;45.77;USDCHF.fx;0.80157;0.80107;0.81157;2025.12.03 09:24:00;0.80122;;;;cancelled
2025.12.03 09:23:57;Sell Stop;45.77;USDCHF.fx;0.80074;0.80124;0.79074;2025.12.03 09:23:59;0.80109;;;;cancelled
2025.12.01 17:00:02;Sell;45.77;USDJPY.fx;154.966;154.936;153.966;2025.12.01 17:00:05;154.936;;;88.62;[sl]
2025.12.01 16:59:58;Buy Stop;45.77;USDJPY.fx;154.943;154.893;155.943;2025.12.01 17:00:04;154.926;;;;cancelled
2025.12.01 16:54:57;Sell Stop;45.77;USDJPY.fx;154.990;155.040;153.990;2025.12.01 16:54:59;155.031;;;;cancelled
2025.12.01 16:54:57;Buy Stop;45.77;USDJPY.fx;155.066;155.016;156.066;2025.12.01 16:54:59;155.038;;;;cancelled
2025.12.01 16:44:57;Sell Stop;45.77;USDJPY.fx;154.921;154.971;153.921;2025.12.01 16:45:08;154.951;;;;cancelled
2025.12.01 16:44:57;Buy Stop;45.77;USDJPY.fx;154.999;154.949;155.999;2025.12.01 16:45:08;154.959;;;;cancelled
2025.12.01 16:38:57;Sell Stop;45.77;USDJPY.fx;154.934;154.984;153.934;2025.12.01 16:38:59;154.969;;;;cancelled
2025.12.01 16:38:57;Buy Stop;45.77;USDJPY.fx;155.012;154.962;156.012;2025.12.01 16:38:59;154.977;;;;cancelled
2025.11.26 16:59:57;Sell Stop;45.77;USDJPY.fx;156.572;156.622;155.572;2025.11.26 17:00:11;156.606;;;;cancelled
2025.11.26 16:59:57;Buy Stop;45.77;USDJPY.fx;156.649;156.599;157.649;2025.11.26 17:00:11;156.613;;;;cancelled
2025.11.26 16:54:57;Sell Stop;45.77;USDJPY.fx;156.491;156.541;155.491;2025.11.26 16:54:59;156.525;;;;cancelled
2025.11.26 16:54:57;Buy Stop;45.77;USDJPY.fx;156.569;156.519;157.569;2025.11.26 16:54:59;156.532;;;;cancelled
2025.11.26 15:30:00;Buy;45.77;USDJPY.fx;156.392;156.422;157.392;2025.11.26 15:30:02;156.492;;;292.48;
2025.11.26 15:29:57;Sell Stop;45.77;USDJPY.fx;156.456;156.506;155.456;2025.11.26 15:30:01;156.494;;;;cancelled
2025.11.26 15:24:57;Buy Stop;45.77;USDJPY.fx;156.399;156.349;157.399;2025.11.26 15:25:04;156.376;;;;cancelled
2025.11.26 15:24:57;Sell Stop;45.77;USDJPY.fx;156.324;156.374;155.324;2025.11.26 15:25:03;156.369;;;;cancelled
2025.11.25 16:59:57;Buy Stop;45.77;USDJPY.fx;156.041;155.991;157.041;2025.11.25 17:00:11;156.003;;;;cancelled
2025.11.25 16:59:57;Sell Stop;45.77;USDJPY.fx;155.965;156.015;154.965;2025.11.25 17:00:10;155.995;;;;cancelled
2025.11.25 16:54:57;Sell Stop;45.77;USDJPY.fx;155.972;156.022;154.972;2025.11.25 16:55:01;156.028;;;;cancelled
2025.11.25 16:54:57;Buy Stop;45.77;USDJPY.fx;156.068;156.018;157.068;2025.11.25 16:55:01;156.036;;;;cancelled
2025.11.25 15:30:01;Sell;45.77;USDJPY.fx;156.101;156.151;155.101;2025.11.25 15:30:03;156.090;;;32.26;
2025.11.25 15:29:57;Buy Stop;45.77;USDJPY.fx;156.131;156.081;157.131;2025.11.25 15:30:02;156.090;;;;cancelled
2025.11.25 15:23:57;Sell Stop;45.77;USDJPY.fx;156.128;156.178;155.128;2025.11.25 15:24:00;156.161;;;;cancelled
2025.11.25 15:23:57;Buy Stop;45.77;USDJPY.fx;156.203;156.153;157.203;2025.11.25 15:24:00;156.167;;;;cancelled
2025.11.21 16:44:57;Buy Stop;45.77;USDJPY.fx;156.924;156.874;157.924;2025.11.21 16:45:14;156.891;;;;cancelled
2025.11.21 16:44:57;Sell Stop;45.77;USDJPY.fx;156.846;156.896;155.846;2025.11.21 16:45:13;156.881;;;;cancelled
2025.11.21 16:41:57;Sell Stop;45.77;USDJPY.fx;156.855;156.905;155.855;2025.11.21 16:41:59;156.901;;;;cancelled
2025.11.21 16:41:57;Buy Stop;45.77;USDJPY.fx;156.932;156.882;157.932;2025.11.21 16:41:59;156.909;;;;cancelled
2025.11.21 15:29:58;Sell Stop;45.77;USDCAD.fx;1.40809;1.40859;1.39809;2025.11.21 15:30:02;1.40840;;;;cancelled
2025.11.21 15:29:58;Buy Stop;45.77;USDCAD.fx;1.40894;1.40844;1.41894;2025.11.21 15:30:02;1.40847;;;;cancelled
2025.11.21 15:23:57;Buy Stop;45.77;USDCAD.fx;1.40891;1.40841;1.41891;2025.11.21 15:23:59;1.40855;;;;cancelled
2025.11.21 15:23:57;Sell Stop;45.77;USDCAD.fx;1.40814;1.40864;1.39814;2025.11.21 15:23:58;1.40848;;;;cancelled
2025.11.21 11:30:00;Sell;45.77;GBPUSD.fx;1.30825;1.30875;1.29825;2025.11.21 11:30:05;1.30819;;;27.47;
2025.11.21 11:29:57;Buy Stop;45.77;GBPUSD.fx;1.30852;1.30802;1.31852;2025.11.21 11:30:04;1.30817;;;;cancelled
2025.11.21 11:24:57;Buy Stop;45.77;GBPUSD.fx;1.30938;1.30888;1.31938;2025.11.21 11:24:59;1.30903;;;;cancelled
2025.11.21 11:24:57;Sell Stop;45.77;GBPUSD.fx;1.30861;1.30911;1.29861;2025.11.21 11:24:58;1.30896;;;;cancelled
2025.11.21 10:59:57;Buy Stop;45.77;EURUSD.fx;1.15445;1.15395;1.16445;2025.11.21 11:00:19;1.15413;;;;cancelled
2025.11.21 10:59:57;Sell Stop;45.77;EURUSD.fx;1.15370;1.15420;1.14370;2025.11.21 11:00:18;1.15408;;;;cancelled
2025.11.21 10:55:57;Sell Stop;45.77;EURUSD.fx;1.15417;1.15467;1.14417;2025.11.21 10:56:03;1.15454;;;;cancelled
2025.11.21 10:55:57;Buy Stop;45.77;EURUSD.fx;1.15491;1.15441;1.16491;2025.11.21 10:56:03;1.15459;;;;cancelled
2025.11.21 10:30:00;Sell;45.77;EURUSD.fx;1.15452;1.15502;1.14452;2025.11.21 10:30:03;1.15437;;;68.65;
2025.11.21 10:29:57;Buy Stop;45.77;EURUSD.fx;1.15481;1.15431;1.16481;2025.11.21 10:30:01;1.15433;;;;cancelled
2025.11.21 10:23:57;Buy Stop;45.77;EURUSD.fx;1.15530;1.15480;1.16530;2025.11.21 10:23:59;1.15494;;;;cancelled
2025.11.21 10:23:57;Sell Stop;45.77;EURUSD.fx;1.15456;1.15506;1.14456;2025.11.21 10:23:58;1.15490;;;;cancelled
2025.11.21 10:14:57;Sell Stop;45.77;EURUSD.fx;1.15445;1.15495;1.14445;2025.11.21 10:15:15;1.15480;;;;cancelled
2025.11.21 10:14:57;Buy Stop;45.77;EURUSD.fx;1.15512;1.15462;1.16512;2025.11.21 10:15:15;1.15473;;;;cancelled
2025.11.21 10:11:57;Buy Stop;45.77;EURUSD.fx;1.15457;1.15407;1.16457;2025.11.21 10:12:01;1.15425;;;;cancelled
2025.11.21 10:11:57;Sell Stop;45.77;EURUSD.fx;1.15383;1.15433;1.14383;2025.11.21 10:12:00;1.15421;;;;cancelled
2025.11.20 16:59:57;Buy Stop;45.77;USDJPY.fx;157.697;157.647;158.697;2025.11.20 17:00:15;157.674;;;;cancelled
2025.11.20 16:59:57;Sell Stop;45.77;USDJPY.fx;157.621;157.671;156.621;2025.11.20 17:00:14;157.668;;;;cancelled
2025.11.20 16:56:57;Sell Stop;45.77;USDJPY.fx;157.589;157.639;156.589;2025.11.20 16:57:02;157.629;;;;cancelled
2025.11.20 16:56:57;Buy Stop;45.77;USDJPY.fx;157.664;157.614;158.664;2025.11.20 16:57:02;157.636;;;;cancelled
2025.11.20 15:30:01;Buy;45.77;USDJPY.fx;157.677;157.752;158.677;2025.11.20 15:30:07;157.752;;;217.60;[sl]
2025.11.20 15:29:57;Sell Stop;45.77;USDJPY.fx;157.751;157.801;156.751;2025.11.20 15:30:06;157.846;;;;cancelled
2025.11.20 15:23:57;Sell Stop;45.77;USDJPY.fx;157.582;157.632;156.582;2025.11.20 15:24:00;157.618;;;;cancelled
2025.11.20 15:23:57;Buy Stop;45.77;USDJPY.fx;157.659;157.609;158.659;2025.11.20 15:24:00;157.625;;;;cancelled
2025.11.19 08:59:57;Buy Stop;45.77;GBPUSD.fx;1.31487;1.31437;1.32487;2025.11.19 09:01:00;1.31439;;;;cancelled
2025.11.19 08:59:57;Sell Stop;45.77;GBPUSD.fx;1.31492;1.31542;1.30492;2025.11.19 09:00:41;1.31533;;;;cancelled
2025.11.19 08:53:57;Sell Stop;45.77;GBPUSD.fx;1.31448;1.31498;1.30448;2025.11.19 08:54:01;1.31489;;;;cancelled
2025.11.19 08:53:57;Buy Stop;45.77;GBPUSD.fx;1.31526;1.31476;1.32526;2025.11.19 08:54:01;1.31498;;;;cancelled
2025.11.17 15:29:57;Buy Stop;45.77;USDCAD.fx;1.40334;1.40284;1.41334;2025.11.17 15:30:39;1.40305;;;;cancelled
2025.11.17 15:30:01;Sell;45.77;USDCAD.fx;1.40258;1.40308;1.39258;2025.11.17 15:30:30;1.40308;;;-163.11;[sl]
2025.11.17 15:26:57;Sell Stop;45.77;USDCAD.fx;1.40252;1.40302;1.39252;2025.11.17 15:26:58;1.40287;;;;cancelled
2025.11.17 15:26:57;Buy Stop;45.77;USDCAD.fx;1.40329;1.40279;1.41329;2025.11.17 15:26:58;1.40294;;;;cancelled
2025.11.13 15:29:56;Buy Stop;45.77;USDJPY.fx;154.745;154.695;155.745;2025.11.13 15:30:36;154.709;;;;cancelled
2025.11.13 15:29:57;Sell Stop;45.77;USDJPY.fx;154.671;154.721;153.671;2025.11.13 15:30:35;154.701;;;;cancelled
2025.11.13 15:26:57;Sell Stop;45.77;USDJPY.fx;154.650;154.700;153.650;2025.11.13 15:26:58;154.687;;;;cancelled
2025.11.13 15:26:56;Buy Stop;45.77;USDJPY.fx;154.725;154.675;155.725;2025.11.13 15:26:58;154.695;;;;cancelled
2025.11.13 09:00:34;Sell;45.77;GBPUSD.fx;1.31177;1.31147;1.30177;2025.11.13 09:00:40;1.31127;;;228.85;
2025.11.13 08:59:57;Buy Stop;45.77;GBPUSD.fx;1.31155;1.31105;1.32155;2025.11.13 09:00:40;1.31112;;;;cancelled
2025.11.13 08:56:57;Buy Stop;45.77;GBPUSD.fx;1.31265;1.31215;1.32265;2025.11.13 08:56:59;1.31230;;;;cancelled
2025.11.13 08:56:57;Sell Stop;45.77;GBPUSD.fx;1.31189;1.31239;1.30189;2025.11.13 08:56:58;1.31224;;;;cancelled
2025.11.13 08:15:57;Buy Stop;45.77;GBPUSD.fx;1.31232;1.31182;1.32232;2025.11.13 08:15:59;1.31201;;;;cancelled
2025.11.13 08:15:57;Sell Stop;45.77;GBPUSD.fx;1.31154;1.31204;1.30154;2025.11.13 08:15:58;1.31193;;;;cancelled
2025.11.11 08:59:57;Buy Stop;45.77;GBPUSD.fx;1.31613;1.31563;1.32613;2025.11.11 09:00:22;1.31578;;;;cancelled
2025.11.11 08:59:57;Sell Stop;45.77;GBPUSD.fx;1.31510;1.31560;1.30510;2025.11.11 09:00:18;1.31545;;;;cancelled
2025.11.11 08:54:57;Buy Stop;45.77;GBPUSD.fx;1.31600;1.31550;1.32600;2025.11.11 08:54:59;1.31565;;;;cancelled
2025.11.11 08:54:57;Sell Stop;45.77;GBPUSD.fx;1.31520;1.31570;1.30520;2025.11.11 08:54:58;1.31555;;;;cancelled
2025.11.07 15:30:00;Sell;41.77;USDCAD.fx;1.40890;1.40828;1.39890;2025.11.07 15:30:03;1.40728;;;480.84;
2025.11.07 15:29:57;Buy Stop;41.77;USDCAD.fx;1.40784;1.40734;1.41784;2025.11.07 15:30:01;1.40729;;;;cancelled
2025.11.07 15:25:57;Sell Stop;41.77;USDCAD.fx;1.40915;1.40965;1.39915;2025.11.07 15:25:59;1.40950;;;;cancelled
2025.11.07 15:25:57;Buy Stop;41.77;USDCAD.fx;1.40991;1.40941;1.41991;2025.11.07 15:25:59;1.40957;;;;cancelled
2025.11.06 14:00:07;Sell;41.77;GBPUSD.fx;1.30911;1.30881;1.29911;2025.11.06 14:00:20;1.30781;;;543.01;
2025.11.06 14:00:06;Buy;41.77;GBPUSD.fx;1.30984;1.30934;1.31984;2025.11.06 14:00:06;1.30934;;;-208.85;[sl]
2025.11.06 13:53:57;Buy Stop;41.77;GBPUSD.fx;1.30930;1.30880;1.31930;2025.11.06 13:53:59;1.30897;;;;cancelled
2025.11.06 13:53:57;Sell Stop;41.77;GBPUSD.fx;1.30852;1.30902;1.29852;2025.11.06 13:53:58;1.30888;;;;cancelled
2025.11.05 17:00:00;Buy;41.77;USDJPY.fx;154.007;154.112;155.007;2025.11.05 17:00:05;154.141;;;363.12;
2025.11.05 16:59:57;Sell Stop;41.77;USDJPY.fx;154.072;154.122;153.072;2025.11.05 17:00:01;154.201;;;;cancelled
2025.11.05 16:56:57;Buy Stop;41.77;USDJPY.fx;153.968;153.918;154.968;2025.11.05 16:57:00;153.933;;;;cancelled
2025.11.05 16:56:57;Sell Stop;41.77;USDJPY.fx;153.892;153.942;152.892;2025.11.05 16:56:59;153.927;;;;cancelled
2025.11.05 16:44:57;Sell Stop;41.77;USDJPY.fx;153.908;153.958;152.908;2025.11.05 16:45:10;153.930;;;;cancelled
2025.11.05 16:44:57;Buy Stop;41.77;USDJPY.fx;153.986;153.936;154.986;2025.11.05 16:45:10;153.937;;;;cancelled
2025.11.05 16:39:57;Buy Stop;41.77;USDJPY.fx;153.990;153.940;154.990;2025.11.05 16:40:00;153.958;;;;cancelled
2025.11.05 16:39:57;Sell Stop;41.77;USDJPY.fx;153.914;153.964;152.914;2025.11.05 16:39:59;153.952;;;;cancelled
2025.11.05 15:15:02;Buy;41.77;USDJPY.fx;153.790;153.740;154.790;2025.11.05 15:15:10;153.821;;;84.18;
2025.11.05 15:15:01;Sell;41.77;USDJPY.fx;153.707;153.757;152.707;2025.11.05 15:15:01;153.757;;;-135.83;[sl]
2025.11.05 15:08:57;Buy Stop;41.77;USDJPY.fx;153.759;153.709;154.759;2025.11.05 15:08:59;153.724;;;;cancelled
2025.11.05 15:08:57;Sell Stop;41.77;USDJPY.fx;153.684;153.734;152.684;2025.11.05 15:08:58;153.719;;;;cancelled
2025.11.04 16:59:57;Sell Stop;41.77;USDJPY.fx;153.471;153.521;152.471;2025.11.04 17:00:19;153.504;;;;cancelled
2025.11.04 16:59:57;Buy Stop;41.77;USDJPY.fx;153.549;153.499;154.549;2025.11.04 17:00:19;153.509;;;;cancelled
2025.11.04 16:54:57;Sell Stop;41.77;USDJPY.fx;153.393;153.443;152.393;2025.11.04 16:55:06;153.429;;;;cancelled
2025.11.04 16:54:57;Buy Stop;41.77;USDJPY.fx;153.470;153.420;154.470;2025.11.04 16:55:06;153.436;;;;cancelled
2025.11.04 05:29:57;Buy Stop;41.77;AUDUSD.fx;0.65373;0.65323;0.66373;2025.11.04 05:30:31;0.65334;;;;cancelled
2025.11.04 05:29:57;Sell Stop;41.77;AUDUSD.fx;0.65289;0.65339;0.64289;2025.11.04 05:30:30;0.65326;;;;cancelled
2025.11.04 05:27:57;Buy Stop;41.77;AUDUSD.fx;0.65366;0.65316;0.66366;2025.11.04 05:28:00;0.65332;;;;cancelled
2025.11.04 05:27:57;Sell Stop;41.77;AUDUSD.fx;0.65288;0.65338;0.64288;2025.11.04 05:27:59;0.65325;;;;cancelled
2025.11.03 17:00:00;Sell;41.77;USDJPY.fx;154.063;154.033;153.063;2025.11.03 17:00:03;153.963;;;271.30;
2025.11.03 16:59:57;Buy Stop;41.77;USDJPY.fx;153.992;153.942;154.992;2025.11.03 17:00:01;153.962;;;;cancelled
2025.11.03 16:53:57;Sell Stop;41.77;USDJPY.fx;154.092;154.142;153.092;2025.11.03 16:53:59;154.120;;;;cancelled
2025.11.03 16:53:57;Buy Stop;41.77;USDJPY.fx;154.168;154.118;155.168;2025.11.03 16:53:59;154.125;;;;cancelled
2025.11.03 16:44:57;Sell Stop;41.77;USDJPY.fx;154.168;154.218;153.168;2025.11.03 16:45:06;154.198;;;;cancelled
2025.11.03 16:44:57;Buy Stop;41.77;USDJPY.fx;154.245;154.195;155.245;2025.11.03 16:45:06;154.203;;;;cancelled
2025.11.03 16:42:57;Sell Stop;41.77;USDJPY.fx;154.159;154.209;153.159;2025.11.03 16:42:58;154.194;;;;cancelled
2025.11.03 16:42:57;Buy Stop;41.77;USDJPY.fx;154.233;154.183;155.233;2025.11.03 16:42:58;154.198;;;;cancelled
2025.11.03 09:29:57;Sell Stop;41.77;USDCHF.fx;0.80463;0.80513;0.79463;2025.11.03 09:30:08;0.80497;;;;cancelled
2025.11.03 09:30:00;Buy;41.77;USDCHF.fx;0.80480;0.80510;0.81480;2025.11.03 09:30:07;0.80510;;;155.65;[sl]
2025.11.03 09:23:57;Buy Stop;41.77;USDCHF.fx;0.80454;0.80404;0.81454;2025.11.03 09:24:01;0.80426;;;;cancelled
2025.11.03 09:23:57;Sell Stop;41.77;USDCHF.fx;0.80370;0.80420;0.79370;2025.11.03 09:24:00;0.80410;;;;cancelled
2025.11.03 08:07:57;Sell Stop;41.77;USDCHF.fx;0.80397;0.80447;0.79397;2025.11.03 08:07:58;0.80432;;;;cancelled
2025.11.03 08:07:57;Buy Stop;41.77;USDCHF.fx;0.80483;0.80433;0.81483;2025.11.03 08:07:58;0.80448;;;;cancelled
2025.10.30 14:29:57;Buy Stop;41.77;USDJPY.fx;154.275;154.225;155.275;2025.10.30 14:30:43;154.235;;;;cancelled
2025.10.30 14:29:57;Sell Stop;41.77;USDJPY.fx;154.192;154.242;153.192;2025.10.30 14:30:42;154.228;;;;cancelled
2025.10.30 14:23:57;Sell Stop;41.77;USDJPY.fx;154.164;154.214;153.164;2025.10.30 14:23:58;154.199;;;;cancelled
2025.10.30 14:23:57;Buy Stop;41.77;USDJPY.fx;154.241;154.191;155.241;2025.10.30 14:23:58;154.205;;;;cancelled
2025.10.30 12:59:57;Buy Stop;41.77;USDJPY.fx;154.011;153.961;155.011;2025.10.30 13:00:23;153.978;;;;cancelled
2025.10.30 12:59:57;Sell Stop;41.77;USDJPY.fx;153.936;153.986;152.936;2025.10.30 13:00:22;153.974;;;;cancelled
2025.10.30 12:53:57;Sell Stop;41.77;USDJPY.fx;153.889;153.939;152.889;2025.10.30 12:53:59;153.923;;;;cancelled
2025.10.30 12:53:57;Buy Stop;41.77;USDJPY.fx;153.965;153.915;154.965;2025.10.30 12:53:59;153.930;;;;cancelled
2025.10.29 15:59:57;Buy Stop;41.77;USDJPY.fx;152.054;152.004;153.054;2025.10.29 16:00:26;152.017;;;;cancelled
2025.10.29 15:59:57;Sell Stop;41.77;USDJPY.fx;151.979;152.029;150.979;2025.10.29 16:00:25;152.013;;;;cancelled
2025.10.29 15:57:57;Buy Stop;41.77;USDJPY.fx;152.027;151.977;153.027;2025.10.29 15:58:00;151.991;;;;cancelled
2025.10.29 15:57:57;Sell Stop;41.77;USDJPY.fx;151.951;152.001;150.951;2025.10.29 15:57:59;151.986;;;;cancelled
2025.10.29 15:45:06;Sell;41.77;USDCAD.fx;1.39237;1.39287;1.38237;2025.10.29 15:45:11;1.39204;;;99.02;
2025.10.29 15:44:57;Buy Stop;41.77;USDCAD.fx;1.39235;1.39185;1.40235;2025.10.29 15:45:09;1.39198;;;;cancelled
2025.10.29 15:40:57;Sell Stop;41.77;USDCAD.fx;1.39269;1.39319;1.38269;2025.10.29 15:40:58;1.39303;;;;cancelled
2025.10.29 15:40:57;Buy Stop;41.77;USDCAD.fx;1.39346;1.39296;1.40346;2025.10.29 15:40:58;1.39310;;;;cancelled
2025.10.28 15:59:56;Buy Stop;41.77;USDJPY.fx;152.274;152.224;153.274;2025.10.28 16:01:00;152.224;;;;cancelled
2025.10.28 15:59:57;Sell Stop;41.77;USDJPY.fx;152.196;152.246;151.196;2025.10.28 16:00:59;152.216;;;;cancelled
2025.10.28 15:53:57;Sell Stop;41.77;USDJPY.fx;152.218;152.268;151.218;2025.10.28 15:53:59;152.253;;;;cancelled
2025.10.28 15:53:56;Buy Stop;41.77;USDJPY.fx;152.294;152.244;153.294;2025.10.28 15:53:59;152.259;;;;cancelled
2025.10.24 16:59:57;Buy Stop;41.77;USDJPY.fx;152.876;152.826;153.876;2025.10.24 17:00:04;152.846;;;;cancelled
2025.10.24 16:59:57;Sell Stop;41.77;USDJPY.fx;152.782;152.832;151.782;2025.10.24 17:00:03;152.817;;;;cancelled
2025.10.24 16:53:57;Buy Stop;41.77;USDJPY.fx;152.903;152.853;153.903;2025.10.24 16:53:59;152.865;;;;cancelled
2025.10.24 16:53:57;Sell Stop;41.77;USDJPY.fx;152.827;152.877;151.827;2025.10.24 16:53:58;152.861;;;;cancelled
2025.10.24 16:45:00;Buy;41.77;USDJPY.fx;152.746;152.776;153.746;2025.10.24 16:45:02;152.841;;;259.63;
2025.10.24 16:44:57;Sell Stop;41.77;USDJPY.fx;152.792;152.842;151.792;2025.10.24 16:45:01;152.838;;;;cancelled
2025.10.24 16:43:57;Buy Stop;41.77;USDJPY.fx;152.763;152.713;153.763;2025.10.24 16:43:59;152.731;;;;cancelled
2025.10.24 16:43:57;Sell Stop;41.77;USDJPY.fx;152.686;152.736;151.686;2025.10.24 16:43:58;152.723;;;;cancelled
2025.10.24 16:43:01;Sell Stop;41.77;USDJPY.fx;152.700;152.750;151.700;2025.10.24 16:43:06;152.729;;;;cancelled
2025.10.24 16:43:00;Buy Stop;41.77;USDJPY.fx;152.776;152.726;153.776;2025.10.24 16:43:06;152.736;;;;cancelled
2025.10.24 11:30:00;Buy;41.77;GBPUSD.fx;1.33059;1.33009;1.34059;2025.10.24 11:30:02;1.33090;;;129.49;
2025.10.24 11:29:57;Sell Stop;41.77;GBPUSD.fx;1.33061;1.33111;1.32061;2025.10.24 11:30:01;1.33096;;;;cancelled
2025.10.24 11:25:57;Buy Stop;41.77;GBPUSD.fx;1.33067;1.33017;1.34067;2025.10.24 11:26:00;1.33031;;;;cancelled
2025.10.24 11:25:57;Sell Stop;41.77;GBPUSD.fx;1.32989;1.33039;1.31989;2025.10.24 11:25:59;1.33024;;;;cancelled
2025.10.24 10:59:57;Buy Stop;41.77;EURUSD.fx;1.16220;1.16170;1.17220;2025.10.24 11:00:06;1.16188;;;;cancelled
2025.10.24 10:59:57;Sell Stop;41.77;EURUSD.fx;1.16145;1.16195;1.15145;2025.10.24 11:00:05;1.16183;;;;cancelled
2025.10.24 10:30:00;Buy;41.77;EURUSD.fx;1.16111;1.16061;1.17111;2025.10.24 10:30:03;1.16159;;;200.49;
2025.10.24 10:29:57;Sell Stop;41.77;EURUSD.fx;1.16106;1.16156;1.15106;2025.10.24 10:30:02;1.16143;;;;cancelled
2025.10.24 10:24:57;Sell Stop;41.77;EURUSD.fx;1.16003;1.16053;1.15003;2025.10.24 10:24:59;1.16039;;;;cancelled
2025.10.24 10:24:57;Buy Stop;41.77;EURUSD.fx;1.16078;1.16028;1.17078;2025.10.24 10:24:59;1.16044;;;;cancelled
2025.10.24 10:15:00;Sell;41.77;EURUSD.fx;1.16071;1.16121;1.15071;2025.10.24 10:15:03;1.16072;;;-4.17;
2025.10.24 10:14:57;Buy Stop;41.77;EURUSD.fx;1.16101;1.16051;1.17101;2025.10.24 10:15:02;1.16068;;;;cancelled
2025.10.24 10:08:57;Sell Stop;41.77;EURUSD.fx;1.16073;1.16123;1.15073;2025.10.24 10:08:59;1.16108;;;;cancelled
2025.10.24 10:08:57;Buy Stop;41.77;EURUSD.fx;1.16148;1.16098;1.17148;2025.10.24 10:08:59;1.16113;;;;cancelled
2025.10.23 16:59:57;Sell Stop;41.77;USDJPY.fx;152.664;152.714;151.664;2025.10.23 17:00:14;152.704;;;;cancelled
2025.10.23 16:59:57;Buy Stop;41.77;USDJPY.fx;152.739;152.689;153.739;2025.10.23 17:00:14;152.711;;;;cancelled
2025.10.23 16:55:57;Sell Stop;41.77;USDJPY.fx;152.670;152.720;151.670;2025.10.23 16:56:00;152.705;;;;cancelled
2025.10.23 16:55:57;Buy Stop;41.77;USDJPY.fx;152.747;152.697;153.747;2025.10.23 16:56:00;152.711;;;;cancelled
2025.10.23 15:29:57;Sell Stop;41.77;USDCAD.fx;1.39915;1.39965;1.38915;2025.10.23 15:31:00;1.39941;;;;cancelled
2025.10.23 15:29:57;Buy Stop;41.77;USDCAD.fx;1.39993;1.39943;1.40993;2025.10.23 15:31:00;1.39948;;;;cancelled
2025.10.23 15:23:57;Sell Stop;41.77;USDCAD.fx;1.39907;1.39957;1.38907;2025.10.23 15:24:05;1.39943;;;;cancelled
2025.10.23 15:23:57;Buy Stop;41.77;USDCAD.fx;1.39984;1.39934;1.40984;2025.10.23 15:24:05;1.39949;;;;cancelled
2025.10.22 08:59:57;Buy Stop;41.77;GBPUSD.fx;1.33873;1.33823;1.34873;2025.10.22 09:00:19;1.33840;;;;cancelled
2025.10.22 08:59:57;Sell Stop;41.77;GBPUSD.fx;1.33792;1.33842;1.32792;2025.10.22 09:00:14;1.33824;;;;cancelled
2025.10.22 08:53:57;Sell Stop;41.77;GBPUSD.fx;1.33829;1.33879;1.32829;2025.10.22 08:54:10;1.33860;;;;cancelled
2025.10.22 08:53:57;Buy Stop;41.77;GBPUSD.fx;1.33908;1.33858;1.34908;2025.10.22 08:54:10;1.33870;;;;cancelled
2025.10.21 15:30:00;Sell;41.77;USDCAD.fx;1.40353;1.40323;1.39353;2025.10.21 15:30:36;1.40258;;;282.92;
2025.10.21 15:29:57;Buy Stop;41.77;USDCAD.fx;1.40295;1.40245;1.41295;2025.10.21 15:30:10;1.40269;;;;cancelled
2025.10.21 15:24:57;Sell Stop;41.77;USDCAD.fx;1.40372;1.40422;1.39372;2025.10.21 15:24:59;1.40404;;;;cancelled
2025.10.21 15:24:57;Buy Stop;41.77;USDCAD.fx;1.40449;1.40399;1.41449;2025.10.21 15:24:59;1.40411;;;;cancelled
2025.10.16 15:30:05;Sell;41.77;USDJPY.fx;151.086;151.136;150.086;2025.10.16 15:31:12;151.082;;;11.06;
2025.10.16 15:29:57;Buy Stop;41.77;USDJPY.fx;151.139;151.089;152.139;2025.10.16 15:30:10;151.098;;;;cancelled
2025.10.16 15:24:57;Buy Stop;41.77;USDJPY.fx;151.210;151.160;152.210;2025.10.16 15:25:00;151.173;;;;cancelled
2025.10.16 15:24:57;Sell Stop;41.77;USDJPY.fx;151.134;151.184;150.134;2025.10.16 15:24:59;151.167;;;;cancelled
2025.10.16 08:59:57;Buy Stop;41.77;GBPUSD.fx;1.34213;1.34163;1.35213;2025.10.16 09:00:17;1.34181;;;;cancelled
2025.10.16 08:59:57;Sell Stop;41.77;GBPUSD.fx;1.34133;1.34183;1.33133;2025.10.16 09:00:14;1.34169;;;;cancelled
2025.10.16 08:54:57;Buy Stop;41.77;GBPUSD.fx;1.34235;1.34185;1.35235;2025.10.16 08:54:59;1.34199;;;;cancelled
2025.10.16 08:54:57;Sell Stop;41.77;GBPUSD.fx;1.34158;1.34208;1.33158;2025.10.16 08:54:58;1.34192;;;;cancelled
2025.10.15 15:29:57;Sell Stop;41.77;USDJPY.fx;151.548;151.598;150.548;2025.10.15 15:30:10;151.589;;;;cancelled
2025.10.15 15:29:57;Buy Stop;41.77;USDJPY.fx;151.626;151.576;152.626;2025.10.15 15:30:10;151.603;;;;cancelled
2025.10.15 15:25:57;Sell Stop;41.77;USDJPY.fx;151.584;151.634;150.584;2025.10.15 15:25:59;151.622;;;;cancelled
2025.10.15 15:25:57;Buy Stop;41.77;USDJPY.fx;151.660;151.610;152.660;2025.10.15 15:25:59;151.628;;;;cancelled
2025.10.14 08:59:57;Buy Stop;41.77;GBPUSD.fx;1.33446;1.33396;1.34446;2025.10.14 09:00:15;1.33410;;;;cancelled
2025.10.14 08:59:57;Sell Stop;41.77;GBPUSD.fx;1.33369;1.33419;1.32369;2025.10.14 09:00:12;1.33404;;;;cancelled
2025.10.14 08:55:57;Sell Stop;41.77;GBPUSD.fx;1.33389;1.33439;1.32389;2025.10.14 08:56:00;1.33424;;;;cancelled
2025.10.14 08:55:57;Buy Stop;41.77;GBPUSD.fx;1.33467;1.33417;1.34467;2025.10.14 08:56:00;1.33434;;;;cancelled
2025.10.09 15:29:57;Sell Stop;41.77;USDJPY.fx;152.682;152.732;151.682;2025.10.09 15:30:08;152.724;;;;cancelled
2025.10.09 15:29:57;Buy Stop;41.77;USDJPY.fx;152.762;152.712;153.762;2025.10.09 15:30:08;152.732;;;;cancelled
2025.10.09 15:24:57;Buy Stop;41.77;USDJPY.fx;152.815;152.765;153.815;2025.10.09 15:25:00;152.773;;;;cancelled
2025.10.09 15:24:57;Sell Stop;41.77;USDJPY.fx;152.738;152.788;151.738;2025.10.09 15:24:59;152.770;;;;cancelled
2025.10.03 17:00:00;Sell;41.77;USDJPY.fx;147.314;147.243;146.314;2025.10.03 17:00:08;147.243;;;201.41;[sl]
2025.10.03 17:00:00;Buy;41.77;USDJPY.fx;147.391;147.341;148.391;2025.10.03 17:00:00;147.341;;;-141.75;[sl]
2025.10.03 16:53:56;Buy Stop;41.77;USDJPY.fx;147.358;147.308;148.358;2025.10.03 16:54:00;147.323;;;;cancelled
2025.10.03 16:53:57;Sell Stop;41.77;USDJPY.fx;147.282;147.332;146.282;2025.10.03 16:53:59;147.317;;;;cancelled
2025.10.03 15:29:57;Sell Stop;41.77;USDJPY.fx;147.264;147.314;146.264;2025.10.03 15:30:09;147.301;;;;cancelled
2025.10.03 15:29:56;Buy Stop;41.77;USDJPY.fx;147.355;147.305;148.355;2025.10.03 15:30:09;147.330;;;;cancelled
2025.10.03 15:25:57;Buy Stop;41.77;USDJPY.fx;147.322;147.272;148.322;2025.10.03 15:26:01;147.285;;;;cancelled
2025.10.03 15:25:57;Sell Stop;41.77;USDJPY.fx;147.245;147.295;146.245;2025.10.03 15:26:00;147.279;;;;cancelled
2025.10.02 09:29:57;Sell Stop;41.77;USDCHF.fx;0.79672;0.79722;0.78672;2025.10.02 09:30:10;0.79717;;;;cancelled
2025.10.02 09:29:57;Buy Stop;41.77;USDCHF.fx;0.79762;0.79712;0.80762;2025.10.02 09:30:10;0.79737;;;;cancelled
2025.10.02 09:22:57;Sell Stop;41.77;USDCHF.fx;0.79621;0.79671;0.78621;2025.10.02 09:23:01;0.79657;;;;cancelled
2025.10.02 09:22:57;Buy Stop;41.77;USDCHF.fx;0.79703;0.79653;0.80703;2025.10.02 09:23:01;0.79671;;;;cancelled
2025.10.01 17:00:00;Sell;41.77;USDJPY.fx;146.680;146.730;145.680;2025.10.01 17:00:00;146.730;;;-142.34;[sl]
2025.10.01 17:00:00;Buy;41.77;USDJPY.fx;146.757;146.707;147.757;2025.10.01 17:00:00;146.707;;;-142.36;[sl]
2025.10.01 16:55:57;Sell Stop;41.77;USDJPY.fx;146.692;146.742;145.692;2025.10.01 16:56:02;146.731;;;;cancelled
2025.10.01 16:55:57;Buy Stop;41.77;USDJPY.fx;146.769;146.719;147.769;2025.10.01 16:56:02;146.740;;;;cancelled
2025.10.01 16:44:57;Sell Stop;41.77;USDJPY.fx;146.602;146.652;145.602;2025.10.01 16:45:10;146.637;;;;cancelled
2025.10.01 16:44:57;Buy Stop;41.77;USDJPY.fx;146.679;146.629;147.679;2025.10.01 16:45:10;146.644;;;;cancelled
2025.10.01 16:41:57;Sell Stop;41.77;USDJPY.fx;146.623;146.673;145.623;2025.10.01 16:42:00;146.657;;;;cancelled
2025.10.01 16:41:57;Buy Stop;41.77;USDJPY.fx;146.698;146.648;147.698;2025.10.01 16:42:00;146.663;;;;cancelled
2025.10.01 16:40:57;Buy Stop;41.77;USDJPY.fx;146.734;146.684;147.734;2025.10.01 16:41:02;146.695;;;;cancelled
2025.10.01 16:40:59;Sell Stop;41.77;USDJPY.fx;146.658;146.708;145.658;2025.10.01 16:41:01;146.688;;;;cancelled
2025.10.01 15:14:57;Sell Stop;41.77;USDJPY.fx;147.061;147.111;146.061;2025.10.01 15:15:10;147.106;;;;cancelled
2025.10.01 15:14:57;Buy Stop;41.77;USDJPY.fx;147.156;147.106;148.156;2025.10.01 15:15:10;147.115;;;;cancelled
2025.10.01 15:06:57;Buy Stop;41.77;USDJPY.fx;147.131;147.081;148.131;2025.10.01 15:06:59;147.094;;;;cancelled
2025.10.01 15:06:57;Sell Stop;41.77;USDJPY.fx;147.053;147.103;146.053;2025.10.01 15:06:58;147.086;;;;cancelled
2025.09.30 07:29:57;Sell Stop;41.77;AUDUSD.fx;0.65843;0.65893;0.64843;2025.09.30 07:30:10;0.65884;;;;cancelled
2025.09.30 07:29:56;Buy Stop;41.77;AUDUSD.fx;0.65935;0.65885;0.66935;2025.09.30 07:30:10;0.65901;;;;cancelled
2025.09.30 07:26:57;Sell Stop;41.77;AUDUSD.fx;0.65846;0.65896;0.64846;2025.09.30 07:27:06;0.65881;;;;cancelled
2025.09.30 07:26:57;Buy Stop;41.77;AUDUSD.fx;0.65923;0.65873;0.66923;2025.09.30 07:27:06;0.65888;;;;cancelled
2025.09.30 07:25:07;Sell Stop;41.77;AUDUSD.fx;0.65838;0.65888;0.64838;2025.09.30 07:25:10;0.65874;;;;cancelled
2025.09.30 07:25:07;Buy Stop;41.77;AUDUSD.fx;0.65915;0.65865;0.66915;2025.09.30 07:25:10;0.65880;;;;cancelled
2025.09.30 07:24:07;Sell Stop;41.77;AUDUSD.fx;0.65834;0.65884;0.64834;2025.09.30 07:24:17;0.65869;;;;cancelled
2025.09.30 07:24:07;Buy Stop;41.77;AUDUSD.fx;0.65911;0.65861;0.66911;2025.09.30 07:24:17;0.65875;;;;cancelled
2025.09.26 15:30:00;Buy;41.77;USDJPY.fx;149.733;149.683;150.733;2025.09.26 15:30:14;149.683;;;-139.53;[sl]
2025.09.26 15:29:57;Sell Stop;41.77;USDJPY.fx;149.656;149.706;148.656;2025.09.26 15:30:10;149.701;;;;cancelled
2025.09.26 15:22:57;Sell Stop;41.77;USDJPY.fx;149.688;149.738;148.688;2025.09.26 15:23:03;149.722;;;;cancelled
2025.09.26 15:22:57;Buy Stop;41.77;USDJPY.fx;149.764;149.714;150.764;2025.09.26 15:23:03;149.728;;;;cancelled
2025.09.25 16:59:57;Buy Stop;41.77;USDJPY.fx;149.467;149.417;150.467;2025.09.25 17:00:05;149.425;;;;cancelled
2025.09.25 16:59:57;Sell Stop;41.77;USDJPY.fx;149.392;149.442;148.392;2025.09.25 17:00:04;149.419;;;;cancelled
2025.09.25 16:52:57;Buy Stop;41.77;USDJPY.fx;149.471;149.421;150.471;2025.09.25 16:53:00;149.436;;;;cancelled
2025.09.25 16:52:57;Sell Stop;41.77;USDJPY.fx;149.395;149.445;148.395;2025.09.25 16:52:59;149.430;;;;cancelled
2025.09.25 15:30:00;Buy;41.77;USDJPY.fx;148.869;148.899;149.869;2025.09.25 15:30:06;148.942;;;204.72;
2025.09.25 15:29:57;Sell Stop;41.77;USDJPY.fx;148.888;148.938;147.888;2025.09.25 15:30:04;148.922;;;;cancelled
2025.09.25 15:24:57;Buy Stop;41.77;USDJPY.fx;148.884;148.834;149.884;2025.09.25 15:25:00;148.849;;;;cancelled
2025.09.25 15:24:57;Sell Stop;41.77;USDJPY.fx;148.807;148.857;147.807;2025.09.25 15:24:59;148.841;;;;cancelled
2025.09.25 10:29:57;Buy Stop;41.77;USDCHF.fx;0.79667;0.79617;0.80667;2025.09.25 10:30:11;0.79623;;;;cancelled
2025.09.25 10:29:57;Sell Stop;41.77;USDCHF.fx;0.79568;0.79618;0.78568;2025.09.25 10:30:10;0.79598;;;;cancelled
2025.09.25 10:22:57;Sell Stop;41.77;USDCHF.fx;0.79525;0.79575;0.78525;2025.09.25 10:22:59;0.79558;;;;cancelled
2025.09.25 10:22:57;Buy Stop;41.77;USDCHF.fx;0.79609;0.79559;0.80609;2025.09.25 10:22:59;0.79572;;;;cancelled
2025.09.24 17:00:00;Buy;41.77;USDJPY.fx;148.742;148.692;149.742;2025.09.24 17:00:03;148.745;;;8.42;
2025.09.24 16:59:57;Sell Stop;41.77;USDJPY.fx;148.699;148.749;147.699;2025.09.24 17:00:02;148.749;;;;cancelled
2025.09.24 16:56:56;Buy Stop;41.77;USDJPY.fx;148.704;148.654;149.704;2025.09.24 16:57:02;148.668;;;;cancelled
2025.09.24 16:56:56;Sell Stop;41.77;USDJPY.fx;148.627;148.677;147.627;2025.09.24 16:57:01;148.660;;;;cancelled
2025.09.23 16:45:00;Sell;41.77;USDJPY.fx;147.742;147.792;146.742;2025.09.23 16:46:49;147.783;;;-115.88;
2025.09.23 16:44:56;Buy Stop;41.77;USDJPY.fx;147.801;147.751;148.801;2025.09.23 16:45:01;147.768;;;;cancelled
2025.09.23 16:40:57;Buy Stop;41.77;USDJPY.fx;147.812;147.762;148.812;2025.09.23 16:41:01;147.770;;;;cancelled
2025.09.23 16:40:57;Sell Stop;41.77;USDJPY.fx;147.737;147.787;146.737;2025.09.23 16:41:00;147.765;;;;cancelled
2025.09.23 10:59:57;Sell Stop;41.77;EURUSD.fx;1.17870;1.17920;1.16870;2025.09.23 11:00:03;1.17896;;;;cancelled
2025.09.23 10:59:57;Buy Stop;41.77;EURUSD.fx;1.17944;1.17894;1.18944;2025.09.23 11:00:03;1.17900;;;;cancelled
2025.09.23 10:56:57;Buy Stop;41.77;EURUSD.fx;1.17948;1.17898;1.18948;2025.09.23 10:57:02;1.17913;;;;cancelled
2025.09.23 10:56:57;Sell Stop;41.77;EURUSD.fx;1.17874;1.17924;1.16874;2025.09.23 10:57:01;1.17909;;;;cancelled
2025.09.23 10:29:57;Sell Stop;41.77;EURUSD.fx;1.17881;1.17931;1.16881;2025.09.23 10:30:01;1.17913;;;;cancelled
2025.09.23 10:30:00;Buy;41.77;EURUSD.fx;1.17912;1.17862;1.18912;2025.09.23 10:30:01;1.17862;;;-208.85;[sl]
2025.09.23 10:23:57;Buy Stop;41.77;EURUSD.fx;1.17855;1.17805;1.18855;2025.09.23 10:24:00;1.17820;;;;cancelled
2025.09.23 10:23:57;Sell Stop;41.77;EURUSD.fx;1.17780;1.17830;1.16780;2025.09.23 10:23:59;1.17815;;;;cancelled
2025.09.23 10:15:00;Sell;41.77;EURUSD.fx;1.17854;1.17904;1.16854;2025.09.23 10:15:02;1.17833;;;87.72;
2025.09.23 10:14:57;Buy Stop;41.77;EURUSD.fx;1.17878;1.17828;1.18878;2025.09.23 10:15:01;1.17823;;;;cancelled
2025.09.23 10:07:57;Sell Stop;41.77;EURUSD.fx;1.17868;1.17918;1.16868;2025.09.23 10:08:00;1.17903;;;;cancelled
2025.09.23 10:07:57;Buy Stop;41.77;EURUSD.fx;1.17943;1.17893;1.18943;2025.09.23 10:08:00;1.17908;;;;cancelled
2025.09.19 15:29:57;Sell Stop;41.77;USDCAD.fx;1.38152;1.38202;1.37152;2025.09.19 15:30:10;1.38191;;;;cancelled
2025.09.19 15:29:57;Buy Stop;41.77;USDCAD.fx;1.38238;1.38188;1.39238;2025.09.19 15:30:10;1.38198;;;;cancelled
2025.09.19 15:23:57;Buy Stop;41.77;USDCAD.fx;1.38254;1.38204;1.39254;2025.09.19 15:24:01;1.38219;;;;cancelled
2025.09.19 15:23:57;Sell Stop;41.77;USDCAD.fx;1.38176;1.38226;1.37176;2025.09.19 15:24:00;1.38211;;;;cancelled
2025.09.19 08:59:57;Sell Stop;41.77;GBPUSD.fx;1.35406;1.35456;1.34406;2025.09.19 09:00:10;1.35439;;;;cancelled
2025.09.19 08:59:57;Buy Stop;41.77;GBPUSD.fx;1.35483;1.35433;1.36483;2025.09.19 09:00:10;1.35446;;;;cancelled
2025.09.19 08:54:56;Sell Stop;41.77;GBPUSD.fx;1.35374;1.35424;1.34374;2025.09.19 08:55:06;1.35411;;;;cancelled
2025.09.19 08:54:56;Buy Stop;41.77;GBPUSD.fx;1.35454;1.35404;1.36454;2025.09.19 08:55:06;1.35420;;;;cancelled
2025.09.18 15:30:04;Buy;41.77;USDJPY.fx;147.407;147.437;148.407;2025.09.18 15:30:07;147.497;;;254.87;
2025.09.18 15:29:57;Sell Stop;41.77;USDJPY.fx;147.384;147.434;146.384;2025.09.18 15:30:05;147.421;;;;cancelled
2025.09.18 15:22:57;Sell Stop;41.77;USDJPY.fx;147.381;147.431;146.381;2025.09.18 15:23:00;147.412;;;;cancelled
2025.09.18 15:22:56;Buy Stop;41.77;USDJPY.fx;147.459;147.409;148.459;2025.09.18 15:23:00;147.418;;;;cancelled
2025.09.18 13:59:56;Sell Stop;41.77;GBPUSD.fx;1.36413;1.36463;1.35413;2025.09.18 14:00:07;1.36467;;;;cancelled
2025.09.18 13:59:56;Buy Stop;41.77;GBPUSD.fx;1.36555;1.36505;1.37555;2025.09.18 14:00:07;1.36520;;;;cancelled
2025.09.18 13:54:57;Sell Stop;41.77;GBPUSD.fx;1.36473;1.36523;1.35473;2025.09.18 13:55:01;1.36506;;;;cancelled
2025.09.18 13:54:57;Buy Stop;41.77;GBPUSD.fx;1.36552;1.36502;1.37552;2025.09.18 13:55:01;1.36515;;;;cancelled
2025.09.18 13:52:56;Sell Stop;41.77;GBPUSD.fx;1.36492;1.36542;1.35492;2025.09.18 13:53:10;1.36529;;;;cancelled
2025.09.18 13:52:56;Buy Stop;41.77;GBPUSD.fx;1.36572;1.36522;1.37572;2025.09.18 13:53:10;1.36539;;;;cancelled
2025.09.17 16:45:00;Sell;41.77;USDCAD.fx;1.37574;1.37624;1.36574;2025.09.17 16:45:12;1.37537;;;112.37;
2025.09.17 16:44:57;Buy Stop;41.77;USDCAD.fx;1.37611;1.37561;1.38611;2025.09.17 16:45:10;1.37557;;;;cancelled
2025.09.17 16:38:58;Sell Stop;41.77;USDCAD.fx;1.37527;1.37577;1.36527;2025.09.17 16:39:10;1.37556;;;;cancelled
2025.09.17 16:38:57;Buy Stop;41.77;USDCAD.fx;1.37604;1.37554;1.38604;2025.09.17 16:39:10;1.37563;;;;cancelled
2025.09.17 09:00:12;Buy;41.77;GBPUSD;1.3653;1.3648;1.3753;2025.09.17 09:00:33;1.3648;;;-208.85;[sl]
2025.09.17 08:59:55;Sell Stop;41.77;GBPUSD;1.3644;1.3649;1.3544;2025.09.17 09:00:12;1.3649;;;;cancelled
2025.09.17 08:53:55;Buy Stop;41.77;GBPUSD;1.3651;1.3646;1.3751;2025.09.17 08:54:00;1.3648;;;;cancelled
2025.09.17 08:53:55;Sell Stop;41.77;GBPUSD;1.3642;1.3647;1.3542;2025.09.17 08:53:59;1.3645;;;;cancelled
2025.09.17 08:52:55;Buy Stop;41.77;GBPUSD;1.3651;1.3646;1.3751;2025.09.17 08:52:58;1.3648;;;;cancelled
2025.09.17 08:52:55;Sell Stop;41.77;GBPUSD;1.3642;1.3647;1.3542;2025.09.17 08:52:57;1.3645;;;;cancelled
2025.09.16 15:30:01;Buy;41.77;USDJPY;147.13;147.16;148.13;2025.09.16 15:30:05;147.18;;;141.90;
2025.09.16 15:29:55;Sell Stop;41.77;USDJPY;147.17;147.22;146.17;2025.09.16 15:30:04;147.19;;;;cancelled
2025.09.16 15:28:55;Sell Stop;41.77;USDJPY;147.04;147.09;146.04;2025.09.16 15:28:58;147.07;;;;cancelled
2025.09.16 15:28:55;Buy Stop;41.77;USDJPY;147.13;147.08;148.13;2025.09.16 15:28:58;147.10;;;;cancelled
2025.09.16 15:28:09;Sell Stop;41.77;USDJPY;147.04;147.09;146.04;2025.09.16 15:28:10;147.07;;;;cancelled
2025.09.16 15:28:09;Buy Stop;41.77;USDJPY;147.13;147.08;148.13;2025.09.16 15:28:10;147.10;;;;cancelled
2025.09.16 15:28:08;Sell Stop;41.77;USDJPY;147.05;147.10;146.05;2025.09.16 15:28:09;147.07;;;;cancelled
2025.09.16 15:28:05;Sell Stop;41.77;USDJPY;147.05;147.10;146.05;2025.09.16 15:28:07;147.08;;;;cancelled
2025.09.16 15:28:03;Sell Stop;41.77;USDJPY;147.05;147.10;146.05;2025.09.16 15:28:05;147.08;;;;cancelled
2025.09.16 15:27:55;Sell Stop;41.77;USDJPY;147.05;147.10;146.05;2025.09.16 15:28:03;147.08;;;;cancelled
2025.09.16 15:26:56;Sell Stop;41.77;USDJPY;147.04;147.09;146.04;2025.09.16 15:26:59;147.07;;;;cancelled
2025.09.16 09:28:55;Sell Stop;41.77;USDJPY;146.84;146.89;145.84;2025.09.16 09:28:58;146.87;;;;cancelled
2025.09.16 09:28:55;Buy Stop;41.77;USDJPY;146.93;146.88;147.93;2025.09.16 09:28:58;146.90;;;;cancelled
2025.09.16 09:27:57;Buy Stop;41.77;USDJPY.fx;146.911;146.861;147.911;2025.09.16 09:27:59;146.875;;;;cancelled
2025.09.16 09:27:57;Sell Stop;41.77;USDJPY.fx;146.830;146.880;145.830;2025.09.16 09:27:58;146.863;;;;cancelled
2025.09.16 09:25:55;Buy Stop;41.77;USDJPY;146.93;146.88;147.93;2025.09.16 09:26:00;146.90;;;;cancelled
2025.09.16 09:25:55;Sell Stop;41.77;USDJPY;146.84;146.89;145.84;2025.09.16 09:25:59;146.87;;;;cancelled
2025.09.16 09:24:55;Buy Stop;41.77;USDJPY;146.95;146.90;147.95;2025.09.16 09:25:10;146.92;;;;cancelled
2025.09.16 08:59:55;Buy Stop;41.77;GBPUSD;1.3625;1.3620;1.3725;2025.09.16 09:00:16;1.3622;;;;cancelled
2025.09.16 08:59:56;Sell Stop;41.77;GBPUSD;1.3615;1.3620;1.3515;2025.09.16 09:00:13;1.3619;;;;cancelled
2025.09.16 08:58:57;Sell Stop;41.77;GBPUSD;1.3613;1.3618;1.3513;2025.09.16 08:59:03;1.3616;;;;cancelled
2025.09.16 08:58:55;Buy Stop;41.77;GBPUSD;1.3623;1.3618;1.3723;2025.09.16 08:59:03;1.3619;;;;cancelled
2025.09.16 08:56:57;Sell Stop;41.77;GBPUSD;1.3613;1.3618;1.3513;2025.09.16 08:57:10;1.3617;;;;cancelled
2025.09.16 08:56:55;Buy Stop;41.77;GBPUSD;1.3623;1.3618;1.3723;2025.09.16 08:57:10;1.3620;;;;cancelled
2025.09.16 08:56:14;Sell Stop;41.77;GBPUSD;1.3614;1.3619;1.3514;2025.09.16 08:56:21;1.3617;;;;cancelled
2025.09.16 08:55:55;Buy Stop;41.77;GBPUSD;1.3623;1.3618;1.3723;2025.09.16 08:56:21;1.3620;;;;cancelled
2025.09.16 08:34:55;Buy Stop;41.77;GBPUSD;1.3625;1.3620;1.3725;2025.09.16 08:34:59;1.3622;;;;cancelled
2025.09.16 08:34:55;Sell Stop;41.77;GBPUSD;1.3616;1.3621;1.3516;2025.09.16 08:34:58;1.3619;;;;cancelled
2025.09.16 08:29:55;Buy Stop;41.77;GBPUSD;1.3623;1.3618;1.3723;2025.09.16 08:29:59;1.3620;;;;cancelled
2025.09.16 08:29:55;Sell Stop;41.77;GBPUSD;1.3614;1.3619;1.3514;2025.09.16 08:29:58;1.3617;;;;cancelled
2025.09.16 08:26:55;Buy Stop;41.77;GBPUSD;1.3623;1.3618;1.3723;2025.09.16 08:27:11;1.3620;;;;cancelled
2025.09.16 08:27:00;Sell Stop;41.77;GBPUSD;1.3614;1.3619;1.3514;2025.09.16 08:27:06;1.3617;;;;cancelled
2025.09.16 08:23:56;Sell Stop;41.77;GBPUSD;1.3614;1.3619;1.3514;2025.09.16 08:24:10;1.3617;;;;cancelled
2025.09.16 08:23:55;Buy Stop;41.77;GBPUSD;1.3624;1.3619;1.3724;2025.09.16 08:24:10;1.3620;;;;cancelled
2025.09.16 08:21:57;Buy Stop;41.77;GBPUSD;1.3625;1.3620;1.3725;2025.09.16 08:22:02;1.3622;;;;cancelled
2025.09.16 08:21:57;Sell Stop;41.77;GBPUSD;1.3616;1.3621;1.3516;2025.09.16 08:22:01;1.3619;;;;cancelled
2025.09.12 08:59:57;Buy Stop;41.77;GBPUSD.fx;1.35630;1.35580;1.36630;2025.09.12 09:00:14;1.35596;;;;cancelled
2025.09.12 08:59:57;Sell Stop;41.77;GBPUSD.fx;1.35547;1.35597;1.34547;2025.09.12 09:00:11;1.35569;;;;cancelled
2025.09.12 08:56:57;Sell Stop;41.77;GBPUSD.fx;1.35547;1.35597;1.34547;2025.09.12 08:57:10;1.35573;;;;cancelled
2025.09.12 08:56:56;Buy Stop;41.77;GBPUSD.fx;1.35631;1.35581;1.36631;2025.09.12 08:57:10;1.35589;;;;cancelled
2025.09.11 15:30:00;Sell;41.77;USDJPY.fx;147.801;147.851;146.801;2025.09.11 15:30:00;147.851;;;-141.26;[sl]
2025.09.11 15:30:00;Buy;41.77;USDJPY.fx;147.884;147.834;148.884;2025.09.11 15:30:00;147.834;;;-141.27;[sl]
2025.09.11 15:23:57;Sell Stop;41.77;USDJPY.fx;147.865;147.915;146.865;2025.09.11 15:24:10;147.900;;;;cancelled
2025.09.11 15:23:57;Buy Stop;41.77;USDJPY.fx;147.947;147.897;148.947;2025.09.11 15:24:10;147.910;;;;cancelled
2025.09.10 15:30:10;Sell;44.77;USDJPY.fx;147.509;147.559;146.509;2025.09.10 15:30:10;147.559;;;-151.70;[sl]
2025.09.10 15:30:07;Buy;44.77;USDJPY.fx;147.592;147.542;148.592;2025.09.10 15:30:09;147.542;;;-151.72;[sl]
2025.09.10 15:23:58;Sell Stop;44.77;USDJPY.fx;147.515;147.565;146.515;2025.09.10 15:24:10;147.549;;;;cancelled
2025.09.10 15:23:57;Buy Stop;44.77;USDJPY.fx;147.597;147.547;148.597;2025.09.10 15:24:10;147.561;;;;cancelled
2025.09.05 15:30:10;Buy;44.77;USDJPY.fx;147.426;147.376;148.426;2025.09.05 15:30:11;147.376;;;-151.89;[sl]
2025.09.05 15:30:00;Sell;44.77;USDJPY.fx;147.900;147.950;146.900;2025.09.05 15:30:01;147.950;;;-151.30;[sl]
2025.09.05 15:23:57;Sell Stop;44.77;USDJPY.fx;147.948;147.998;146.948;2025.09.05 15:24:10;147.984;;;;cancelled
2025.09.05 15:23:57;Buy Stop;44.77;USDJPY.fx;148.029;147.979;149.029;2025.09.05 15:24:10;147.995;;;;cancelled
2025.09.05 08:59:57;Buy Stop;44.77;GBPUSD.fx;1.34662;1.34612;1.35662;2025.09.05 09:00:14;1.34628;;;;cancelled
2025.09.05 08:59:57;Sell Stop;44.77;GBPUSD.fx;1.34575;1.34625;1.33575;2025.09.05 09:00:12;1.34611;;;;cancelled
2025.09.05 08:54:57;Buy Stop;44.77;GBPUSD.fx;1.34609;1.34559;1.35609;2025.09.05 08:55:11;1.34578;;;;cancelled
2025.09.05 08:54:57;Sell Stop;44.77;GBPUSD.fx;1.34523;1.34573;1.33523;2025.09.05 08:55:10;1.34562;;;;cancelled
2025.09.04 17:00:00;Buy;44.77;USDJPY.fx;148.483;148.513;149.483;2025.09.04 17:01:33;148.573;;;271.20;
2025.09.04 17:00:04;Sell;44.77;USDJPY.fx;148.558;148.608;147.558;2025.09.04 17:00:43;148.608;;;-150.63;[sl]
2025.09.04 16:55:57;Sell Stop;44.77;USDJPY.fx;148.383;148.433;147.383;2025.09.04 16:56:10;148.412;;;;cancelled
2025.09.04 16:55:57;Buy Stop;44.77;USDJPY.fx;148.464;148.414;149.464;2025.09.04 16:56:10;148.423;;;;cancelled
2025.09.04 16:45:00;Sell;44.77;USDJPY.fx;148.417;148.467;147.417;2025.09.04 16:45:09;148.405;;;36.20;
2025.09.04 16:44:57;Buy Stop;44.77;USDJPY.fx;148.436;148.386;149.436;2025.09.04 16:45:07;148.401;;;;cancelled
2025.09.04 16:39:57;Sell Stop;44.77;USDJPY.fx;148.372;148.422;147.372;2025.09.04 16:40:10;148.403;;;;cancelled
2025.09.04 16:39:57;Buy Stop;44.77;USDJPY.fx;148.453;148.403;149.453;2025.09.04 16:40:10;148.414;;;;cancelled
2025.09.04 15:30:00;Sell;44.77;USDJPY.fx;148.302;148.272;147.302;2025.09.04 15:30:21;148.272;;;90.58;[sl]
2025.09.04 15:30:04;Buy;44.77;USDJPY.fx;148.296;148.246;149.296;2025.09.04 15:30:17;148.246;;;-151.00;[sl]
2025.09.04 15:21:57;Sell Stop;44.77;USDJPY.fx;148.262;148.312;147.262;2025.09.04 15:22:10;148.307;;;;cancelled
2025.09.04 15:21:57;Buy Stop;44.77;USDJPY.fx;148.343;148.293;149.343;2025.09.04 15:22:10;148.318;;;;cancelled
2025.09.04 15:15:01;Sell;44.77;USDJPY.fx;148.213;148.183;147.213;2025.09.04 15:15:10;148.183;;;90.64;[sl]
2025.09.04 15:14:57;Buy Stop;44.77;USDJPY.fx;148.270;148.220;149.270;2025.09.04 15:15:10;148.195;;;;cancelled
2025.09.04 15:07:58;Sell Stop;44.77;USDJPY.fx;148.292;148.342;147.292;2025.09.04 15:08:10;148.327;;;;cancelled
2025.09.04 15:07:57;Buy Stop;44.77;USDJPY.fx;148.373;148.323;149.373;2025.09.04 15:08:10;148.338;;;;cancelled
2025.09.04 09:29:57;Sell Stop;44.77;USDCHF.fx;0.80420;0.80470;0.79420;2025.09.04 09:30:10;0.80464;;;;cancelled
2025.09.04 09:29:57;Buy Stop;44.77;USDCHF.fx;0.80509;0.80459;0.81509;2025.09.04 09:30:10;0.80481;;;;cancelled
2025.09.04 09:23:57;Sell Stop;44.77;USDCHF.fx;0.80364;0.80414;0.79364;2025.09.04 09:24:10;0.80399;;;;cancelled
2025.09.04 09:23:57;Buy Stop;44.77;USDCHF.fx;0.80450;0.80400;0.81450;2025.09.04 09:24:10;0.80415;;;;cancelled
2025.09.03 17:00:01;Sell;41.77;USDJPY.fx;148.601;148.263;147.601;2025.09.03 17:08:20;148.263;;;952.24;[sl]
2025.09.03 16:59:57;Buy Stop;41.77;USDJPY.fx;148.396;148.346;149.396;2025.09.03 17:00:10;148.352;;;;cancelled
2025.09.03 16:52:57;Sell Stop;41.77;USDJPY.fx;148.700;148.750;147.700;2025.09.03 16:53:10;148.730;;;;cancelled
2025.09.03 16:52:57;Buy Stop;41.77;USDJPY.fx;148.781;148.731;149.781;2025.09.03 16:53:10;148.741;;;;cancelled
2025.09.02 17:00:00;Sell;41.77;USDJPY.fx;148.374;148.334;147.374;2025.09.02 17:02:26;148.306;;;191.52;
2025.09.02 17:00:03;Buy;41.77;USDJPY.fx;148.371;148.321;149.371;2025.09.02 17:00:04;148.321;;;-140.81;[sl]
2025.09.02 16:52:57;Sell Stop;41.77;USDJPY.fx;148.426;148.476;147.426;2025.09.02 16:53:10;148.458;;;;cancelled
2025.09.02 16:52:57;Buy Stop;41.77;USDJPY.fx;148.507;148.457;149.507;2025.09.02 16:53:10;148.469;;;;cancelled
2025.08.29 15:37:57;Sell Stop;41.77;USDJPY.fx;147.205;147.255;146.205;2025.08.29 15:38:00;147.240;;;;cancelled
2025.08.29 15:37:57;Buy Stop;41.77;USDJPY.fx;147.286;147.236;148.286;2025.08.29 15:38:00;147.252;;;;cancelled
2025.08.29 15:30:10;Sell Stop;35.77;USDJPY.fx;147.204;147.254;146.204;2025.08.29 15:30:11;147.232;;;;cancelled
2025.08.29 15:30:10;Buy Stop;35.77;USDJPY.fx;147.291;147.241;148.291;2025.08.29 15:30:11;147.241;;;;cancelled
2025.08.29 15:29:57;Sell Stop;35.77;USDJPY.fx;147.216;147.266;146.216;2025.08.29 15:30:10;147.252;;;;cancelled
2025.08.29 15:22:57;Sell Stop;35.77;USDJPY.fx;147.225;147.275;146.225;2025.08.29 15:23:10;147.259;;;;cancelled
2025.08.29 15:22:57;Buy Stop;35.77;USDJPY.fx;147.306;147.256;148.306;2025.08.29 15:23:10;147.271;;;;cancelled
2025.08.28 15:30:00;Buy;35.77;USDJPY.fx;146.963;146.993;147.963;2025.08.28 15:30:48;147.045;;;199.47;
2025.08.28 15:29:57;Sell Stop;35.77;USDJPY.fx;146.925;146.975;145.925;2025.08.28 15:30:10;146.967;;;;cancelled
2025.08.28 15:21:57;Sell Stop;35.77;USDJPY.fx;146.900;146.950;145.900;2025.08.28 15:22:10;146.937;;;;cancelled
2025.08.28 15:21:57;Buy Stop;35.77;USDJPY.fx;146.981;146.931;147.981;2025.08.28 15:22:10;146.948;;;;cancelled
2025.08.26 16:59:57;Sell Stop;31.77;USDJPY.fx;147.532;147.582;146.532;2025.08.26 17:00:10;147.573;;;;cancelled
2025.08.26 16:59:57;Buy Stop;31.77;USDJPY.fx;147.614;147.564;148.614;2025.08.26 17:00:10;147.584;;;;cancelled
2025.08.26 16:50:57;Sell Stop;31.77;USDJPY.fx;147.517;147.567;146.517;2025.08.26 16:51:10;147.556;;;;cancelled
2025.08.26 16:50:57;Buy Stop;31.77;USDJPY.fx;147.599;147.549;148.599;2025.08.26 16:51:10;147.568;;;;cancelled
2025.08.26 15:30:01;Buy;31.77;USDJPY.fx;147.467;147.417;148.467;2025.08.26 15:30:05;147.480;;;28.00;
2025.08.26 15:29:57;Sell Stop;31.77;USDJPY.fx;147.440;147.490;146.440;2025.08.26 15:30:04;147.474;;;;cancelled
2025.08.25 16:59:57;Buy Stop;31.77;USDJPY.fx;147.353;147.303;148.353;2025.08.25 17:00:11;147.321;;;;cancelled
2025.08.25 16:59:57;Sell Stop;31.77;USDJPY.fx;147.271;147.321;146.271;2025.08.25 17:00:10;147.309;;;;cancelled
2025.08.25 16:52:57;Sell Stop;31.77;USDJPY.fx;147.308;147.358;146.308;2025.08.25 16:53:10;147.337;;;;cancelled
2025.08.25 16:52:57;Buy Stop;31.77;USDJPY.fx;147.389;147.339;148.389;2025.08.25 16:53:10;147.348;;;;cancelled
2025.08.25 14:59:57;Sell Stop;31.77;USDJPY.fx;147.283;147.333;146.283;2025.08.25 15:00:10;147.316;;;;cancelled
2025.08.25 14:59:57;Buy Stop;31.77;USDJPY.fx;147.364;147.314;148.364;2025.08.25 15:00:10;147.328;;;;cancelled
2025.08.25 13:42:59;Sell Stop;31.77;USDJPY.fx;147.395;147.445;146.395;2025.08.25 13:43:08;147.430;;;;cancelled
2025.08.25 13:42:59;Buy Stop;31.77;USDJPY.fx;147.476;147.426;148.476;2025.08.25 13:43:08;147.441;;;;cancelled
2025.08.22 15:29:58;Sell Stop;30.00;USDCAD.fx;1.39138;1.39188;1.38138;2025.08.22 15:30:10;1.39160;;;;cancelled
2025.08.22 15:29:57;Buy Stop;30.00;USDCAD.fx;1.39222;1.39172;1.40222;2025.08.22 15:30:10;1.39173;;;;cancelled
2025.08.22 15:22:57;Sell Stop;30.00;USDCAD.fx;1.39126;1.39176;1.38126;2025.08.22 15:23:10;1.39163;;;;cancelled
2025.08.22 15:22:57;Buy Stop;30.00;USDCAD.fx;1.39210;1.39160;1.40210;2025.08.22 15:23:10;1.39176;;;;cancelled
2025.08.22 08:59:57;Buy Stop;30.00;GBPUSD.fx;1.33988;1.33938;1.34988;2025.08.22 09:00:15;1.33955;;;;cancelled
2025.08.22 08:59:57;Sell Stop;30.00;GBPUSD.fx;1.33902;1.33952;1.32902;2025.08.22 09:00:12;1.33938;;;;cancelled
2025.08.21 16:59:58;Sell Stop;30.00;USDJPY.fx;147.764;147.814;146.764;2025.08.21 17:00:11;147.800;;;;cancelled
2025.08.21 16:59:58;Buy Stop;30.00;USDJPY.fx;147.845;147.795;148.845;2025.08.21 17:00:11;147.811;;;;cancelled
2025.08.21 16:45:00;Buy;30.00;USDJPY.fx;147.697;147.763;148.697;2025.08.21 16:45:06;147.829;;;267.88;
2025.08.21 16:44:58;Sell Stop;30.00;USDJPY.fx;147.816;147.866;146.816;2025.08.21 16:45:05;147.820;;;;cancelled
2025.08.21 15:30:00;Sell;30.00;USDJPY.fx;147.792;147.725;146.792;2025.08.21 15:30:35;147.678;;;231.58;
2025.08.21 15:29:58;Buy Stop;30.00;USDJPY.fx;147.784;147.734;148.784;2025.08.21 15:30:10;147.752;;;;cancelled
2025.08.21 15:22:58;Sell Stop;30.00;USDJPY.fx;147.795;147.845;146.795;2025.08.21 15:23:11;147.828;;;;cancelled
2025.08.21 15:22:58;Buy Stop;30.00;USDJPY.fx;147.876;147.826;148.876;2025.08.21 15:23:11;147.837;;;;cancelled
2025.08.21 11:30:02;Sell;30.00;GBPUSD.fx;1.34660;1.34710;1.33660;2025.08.21 11:30:22;1.34710;;;-150.00;[sl]
2025.08.21 11:30:00;Buy;30.00;GBPUSD.fx;1.34620;1.34650;1.35620;2025.08.21 11:30:02;1.34650;;;90.00;[sl]
2025.08.21 11:00:26;Sell Stop;30.00;EURUSD.fx;1.16526;1.16576;1.15526;2025.08.21 11:00:38;1.16561;;;;cancelled
2025.08.21 10:59:57;Buy Stop;30.00;EURUSD.fx;1.16607;1.16557;1.17607;2025.08.21 11:00:26;1.16572;;;;cancelled
2025.08.20 08:59:56;Buy Stop;30.00;GBPUSD.fx;1.34887;1.34837;1.35887;2025.08.20 09:00:15;1.34858;;;;cancelled
2025.08.20 08:59:56;Sell Stop;30.00;GBPUSD.fx;1.34800;1.34850;1.33800;2025.08.20 09:00:13;1.34839;;;;cancelled
2025.08.20 08:54:04;Sell Stop;30.00;GBPUSD.fx;1.34829;1.34879;1.33829;2025.08.20 08:54:09;1.34864;;;;cancelled
2025.08.20 08:54:04;Buy Stop;30.00;GBPUSD.fx;1.34915;1.34865;1.35915;2025.08.20 08:54:09;1.34880;;;;cancelled
2025.08.19 15:30:00;Buy;30.00;USDCAD.fx;1.38149;1.38099;1.39149;2025.08.19 15:30:03;1.38099;;;-108.62;[sl]
2025.08.19 15:30:02;Sell;30.00;USDCAD.fx;1.38108;1.38158;1.37108;2025.08.19 15:30:02;1.38158;;;-108.57;[sl]
2025.08.19 15:23:57;Sell Stop;30.00;USDCAD.fx;1.38099;1.38149;1.37099;2025.08.19 15:24:10;1.38132;;;;cancelled
2025.08.19 15:23:57;Buy Stop;30.00;USDCAD.fx;1.38183;1.38133;1.39183;2025.08.19 15:24:10;1.38144;;;;cancelled
2025.08.15 15:30:10;Sell;30.00;USDJPY.fx;146.998;147.048;145.998;2025.08.15 15:30:11;147.048;;;-102.01;[sl]
2025.08.15 15:29:57;Buy Stop;30.00;USDJPY.fx;147.067;147.017;148.067;2025.08.15 15:30:10;147.031;;;;cancelled
2025.08.15 15:24:01;Sell Stop;30.00;USDJPY.fx;147.002;147.052;146.002;2025.08.15 15:24:10;147.030;;;;cancelled
2025.08.15 15:24:01;Buy Stop;30.00;USDJPY.fx;147.083;147.033;148.083;2025.08.15 15:24:10;147.041;;;;cancelled
2025.08.14 15:30:01;Buy;30.00;USDJPY.fx;146.574;146.987;147.574;2025.08.14 15:31:01;146.987;;;842.93;[sl]
2025.08.14 15:30:00;Sell;30.00;USDJPY.fx;146.492;146.542;145.492;2025.08.14 15:30:00;146.542;;;-102.36;[sl]
2025.08.14 15:22:57;Sell Stop;30.00;USDJPY.fx;146.500;146.550;145.500;2025.08.14 15:23:11;146.532;;;;cancelled
2025.08.14 15:22:57;Buy Stop;30.00;USDJPY.fx;146.581;146.531;147.581;2025.08.14 15:23:11;146.544;;;;cancelled
2025.08.14 08:59:57;Buy Stop;30.00;GBPUSD.fx;1.35770;1.35720;1.36770;2025.08.14 09:00:16;1.35740;;;;cancelled
2025.08.14 08:59:57;Sell Stop;30.00;GBPUSD.fx;1.35684;1.35734;1.34684;2025.08.14 09:00:13;1.35723;;;;cancelled
2025.08.14 08:53:57;Buy Stop;30.00;GBPUSD.fx;1.35758;1.35708;1.36758;2025.08.14 08:54:10;1.35735;;;;cancelled
2025.08.14 08:53:57;Sell Stop;30.00;GBPUSD.fx;1.35672;1.35722;1.34672;2025.08.14 08:54:09;1.35720;;;;cancelled
2025.08.12 15:29:58;Buy Stop;30.00;USDJPY.fx;148.091;148.041;149.091;2025.08.12 15:30:11;148.049;;;;cancelled
2025.08.12 15:30:00;Sell;30.00;USDJPY.fx;148.447;148.497;147.447;2025.08.12 15:30:00;148.497;;;-101.01;[sl]
2025.08.12 15:24:01;Sell Stop;30.00;USDJPY.fx;148.440;148.490;147.440;2025.08.12 15:24:11;148.477;;;;cancelled
2025.08.12 15:24:00;Buy Stop;30.00;USDJPY.fx;148.521;148.471;149.521;2025.08.12 15:24:11;148.488;;;;cancelled
2025.08.12 08:59:57;Buy Stop;30.00;GBPUSD.fx;1.34287;1.34237;1.35287;2025.08.12 09:00:16;1.34251;;;;cancelled
2025.08.12 08:59:57;Sell Stop;30.00;GBPUSD.fx;1.34202;1.34252;1.33202;2025.08.12 09:00:13;1.34236;;;;cancelled
2025.08.12 08:54:57;Sell Stop;30.00;GBPUSD.fx;1.34191;1.34241;1.33191;2025.08.12 08:55:10;1.34216;;;;cancelled
2025.08.12 08:54:57;Buy Stop;30.00;GBPUSD.fx;1.34277;1.34227;1.35277;2025.08.12 08:55:10;1.34230;;;;cancelled
2025.08.12 07:29:57;Sell Stop;30.00;AUDUSD.fx;0.65084;0.65134;0.64084;2025.08.12 07:30:10;0.65112;;;;cancelled
2025.08.12 07:29:57;Buy Stop;30.00;AUDUSD.fx;0.65193;0.65143;0.66193;2025.08.12 07:30:10;0.65149;;;;cancelled
2025.08.12 07:23:00;Sell Stop;30.00;AUDUSD.fx;0.65085;0.65135;0.64085;2025.08.12 07:23:10;0.65118;;;;cancelled
2025.08.12 07:23:00;Buy Stop;30.00;AUDUSD.fx;0.65172;0.65122;0.66172;2025.08.12 07:23:10;0.65135;;;;cancelled
2025.08.08 15:30:00;Buy;30.00;USDCAD.fx;1.37473;1.37513;1.38473;2025.08.08 15:30:24;1.37513;;;87.26;[sl]
2025.08.08 15:29:57;Sell Stop;30.00;USDCAD.fx;1.37571;1.37621;1.36571;2025.08.08 15:30:10;1.37599;;;;cancelled
2025.08.08 15:23:57;Sell Stop;30.00;USDCAD.fx;1.37378;1.37428;1.36378;2025.08.08 15:24:10;1.37414;;;;cancelled
2025.08.08 15:23:57;Buy Stop;30.00;USDCAD.fx;1.37461;1.37411;1.38461;2025.08.08 15:24:10;1.37427;;;;cancelled
2025.08.07 15:30:00;Sell Stop;30.00;USDJPY.fx;147.175;147.225;146.175;2025.08.07 15:30:10;147.210;;;;cancelled
2025.08.07 15:29:59;Buy Stop;30.00;USDJPY.fx;147.256;147.206;148.256;2025.08.07 15:30:10;147.221;;;;cancelled
2025.08.07 15:23:59;Sell Stop;30.00;USDJPY.fx;147.153;147.203;146.153;2025.08.07 15:24:10;147.189;;;;cancelled
2025.08.07 15:23:56;Buy Stop;30.00;USDJPY.fx;147.235;147.185;148.235;2025.08.07 15:24:10;147.201;;;;cancelled
2025.08.07 14:00:07;Buy;30.00;GBPUSD.fx;1.33801;1.34115;1.34801;2025.08.07 14:00:37;1.34115;;;942.00;[sl]
2025.08.07 14:00:00;Sell;30.00;GBPUSD.fx;1.33749;1.33799;1.32749;2025.08.07 14:00:07;1.33799;;;-150.00;[sl]
2025.08.07 13:50:59;Buy Stop;30.00;GBPUSD.fx;1.33798;1.33748;1.34798;2025.08.07 13:51:10;1.33762;;;;cancelled
2025.08.07 13:50:59;Sell Stop;30.00;GBPUSD.fx;1.33715;1.33765;1.32715;2025.08.07 13:51:09;1.33750;;;;cancelled
2025.08.05 17:00:07;Buy;30.00;USDJPY.fx;147.549;147.499;148.549;2025.08.05 17:00:08;147.499;;;-101.70;[sl]
2025.08.05 17:00:00;Sell;30.00;USDJPY.fx;147.704;147.754;146.704;2025.08.05 17:00:00;147.754;;;-101.52;[sl]
2025.08.05 16:44:57;Sell Stop;30.00;USDJPY.fx;147.550;147.600;146.550;2025.08.05 16:45:08;147.593;;;;cancelled
2025.08.05 16:44:57;Buy Stop;30.00;USDJPY.fx;147.631;147.581;148.631;2025.08.05 16:45:08;147.604;;;;cancelled
2025.08.05 16:41:57;Sell Stop;30.00;USDJPY.fx;147.560;147.610;146.560;2025.08.05 16:42:10;147.587;;;;cancelled
2025.08.05 16:41:57;Buy Stop;30.00;USDJPY.fx;147.641;147.591;148.641;2025.08.05 16:42:10;147.598;;;;cancelled
2025.08.04 09:30:00;Sell;70.00;USDCHF.fx;0.80687;0.80657;0.79687;2025.08.04 09:30:12;0.80619;;;590.43;
2025.08.04 09:29:57;Buy Stop;70.00;USDCHF.fx;0.80639;0.80589;0.81639;2025.08.04 09:30:10;0.80606;;;;cancelled
2025.08.04 09:23:57;Sell Stop;70.00;USDCHF.fx;0.80618;0.80668;0.79618;2025.08.04 09:24:10;0.80658;;;;cancelled
2025.08.04 09:23:57;Buy Stop;70.00;USDCHF.fx;0.80704;0.80654;0.81704;2025.08.04 09:24:10;0.80673;;;;cancelled
2025.08.04 08:16:57;Sell Stop;70.00;USDCHF.fx;0.80484;0.80534;0.79484;2025.08.04 08:17:10;0.80519;;;;cancelled
2025.08.04 08:16:57;Buy Stop;70.00;USDCHF.fx;0.80569;0.80519;0.81569;2025.08.04 08:17:10;0.80535;;;;cancelled
2025.08.04 08:15:57;Buy Stop;50.00;USDCHF.fx;0.80562;0.80512;0.81562;2025.08.04 08:16:14;0.80529;;;;cancelled
2025.08.04 08:15:57;Sell Stop;50.00;USDCHF.fx;0.80476;0.80526;0.79476;2025.08.04 08:16:11;0.80512;;;;cancelled
2025.08.04 08:14:57;Buy Stop;40.00;USDCHF.fx;0.80561;0.80511;0.81561;2025.08.04 08:15:04;0.80526;;;;cancelled
2025.08.04 08:14:57;Sell Stop;40.00;USDCHF.fx;0.80475;0.80525;0.79475;2025.08.04 08:15:03;0.80510;;;;cancelled
2025.08.04 08:13:57;Sell Stop;30.00;USDCHF.fx;0.80468;0.80518;0.79468;2025.08.04 08:14:04;0.80502;;;;cancelled
2025.08.04 08:13:57;Buy Stop;30.00;USDCHF.fx;0.80556;0.80506;0.81556;2025.08.04 08:14:04;0.80520;;;;cancelled
2025.08.04 08:12:55;Sell Stop;20.00;USDCHF.fx;0.80473;0.80523;0.79473;2025.08.04 08:13:00;0.80508;;;;cancelled
2025.08.04 08:12:55;Buy Stop;20.00;USDCHF.fx;0.80561;0.80511;0.81561;2025.08.04 08:13:00;0.80526;;;;cancelled
2025.08.01 17:00:00;Sell;1.77;USDJPY.fx;148.092;147.608;147.092;2025.08.01 17:00:56;147.608;;;58.04;[sl]
2025.08.01 17:00:03;Buy;1.77;USDJPY.fx;147.914;147.864;148.914;2025.08.01 17:00:06;147.864;;;-5.99;[sl]
2025.08.01 16:44:57;Sell Stop;1.77;USDJPY.fx;148.213;148.263;147.213;2025.08.01 16:45:10;148.243;;;;cancelled
2025.08.01 16:44:57;Buy Stop;1.77;USDJPY.fx;148.295;148.245;149.295;2025.08.01 16:45:10;148.254;;;;cancelled
2025.08.01 16:39:08;Sell;1.77;USDJPY.fx;148.267;148.317;147.267;2025.08.01 16:39:14;148.271;;;-0.48;
2025.08.01 16:38:57;Buy Stop;1.77;USDJPY.fx;148.313;148.263;149.313;2025.08.01 16:39:10;148.277;;;;cancelled
2025.08.01 15:30:08;Buy;1.77;USDJPY.fx;150.030;150.060;151.030;2025.08.01 15:30:11;150.060;;;3.54;[sl]
2025.08.01 15:30:00;Sell;1.77;USDJPY.fx;150.510;150.084;149.510;2025.08.01 15:30:09;150.084;;;50.24;[sl]
2025.08.01 15:23:57;Sell Stop;1.77;USDJPY.fx;150.497;150.547;149.497;2025.08.01 15:24:10;150.533;;;;cancelled
2025.08.01 15:23:57;Buy Stop;1.77;USDJPY.fx;150.578;150.528;151.578;2025.08.01 15:24:10;150.544;;;;cancelled
2025.07.31 16:44:57;Sell Stop;1.77;USDJPY.fx;150.421;150.471;149.421;2025.07.31 16:45:10;150.447;;;;cancelled
2025.07.31 16:44:57;Buy Stop;1.77;USDJPY.fx;150.502;150.452;151.502;2025.07.31 16:45:10;150.458;;;;cancelled
2025.07.31 15:30:01;Buy;1.77;USDJPY.fx;150.038;150.068;151.038;2025.07.31 15:30:34;150.068;;;3.54;[sl]
2025.07.31 15:29:57;Sell Stop;1.77;USDJPY.fx;150.003;150.053;149.003;2025.07.31 15:30:10;150.036;;;;cancelled
2025.07.31 14:59:57;Sell Stop;1.77;EURUSD.fx;1.14455;1.14505;1.13455;2025.07.31 15:00:10;1.14485;;;;cancelled
2025.07.31 14:59:57;Buy Stop;1.77;EURUSD.fx;1.14536;1.14486;1.15536;2025.07.31 15:00:10;1.14496;;;;cancelled
2025.07.30 16:44:57;Sell Stop;1.77;USDCAD.fx;1.38091;1.38141;1.37091;2025.07.30 16:45:10;1.38109;;;;cancelled
2025.07.30 16:44:57;Buy Stop;1.77;USDCAD.fx;1.38170;1.38120;1.39170;2025.07.30 16:45:10;1.38138;;;;cancelled
2025.07.30 15:30:02;Buy;1.77;USDJPY.fx;148.494;148.444;149.494;2025.07.30 15:30:03;148.444;;;-5.96;[sl]
2025.07.30 15:30:00;Sell;1.77;USDJPY.fx;148.372;148.422;147.372;2025.07.30 15:30:00;148.422;;;-5.96;[sl]
2025.07.30 15:21:57;Sell Stop;1.77;USDJPY.fx;148.359;148.409;147.359;2025.07.30 15:22:10;148.384;;;;cancelled
2025.07.30 15:21:57;Buy Stop;1.77;USDJPY.fx;148.441;148.391;149.441;2025.07.30 15:22:10;148.395;;;;cancelled
2025.07.30 15:15:01;Buy;1.77;USDJPY.fx;148.385;148.335;149.385;2025.07.30 15:15:30;148.395;;;1.19;
2025.07.30 15:15:07;Sell;1.77;USDJPY.fx;148.366;148.416;147.366;2025.07.30 15:15:29;148.400;;;-4.06;
2025.07.30 15:07:08;Sell Stop;1.77;USDJPY.fx;148.270;148.320;147.270;2025.07.30 15:07:10;148.299;;;;cancelled
2025.07.30 15:07:08;Buy Stop;1.77;USDJPY.fx;148.351;148.301;149.351;2025.07.30 15:07:10;148.310;;;;cancelled
2025.07.30 10:59:57;Sell Stop;1.77;EURUSD.fx;1.15495;1.15545;1.14495;2025.07.30 11:00:09;1.15544;;;;cancelled
2025.07.30 10:59:57;Buy Stop;1.77;EURUSD.fx;1.15576;1.15526;1.16576;2025.07.30 11:00:09;1.15555;;;;cancelled
2025.07.30 10:32:07;Sell Stop;1.77;EURUSD.fx;1.15581;1.15631;1.14581;2025.07.30 10:32:09;1.15624;;;;cancelled
2025.07.30 10:32:07;Buy Stop;1.77;EURUSD.fx;1.15662;1.15612;1.16662;2025.07.30 10:32:09;1.15635;;;;cancelled
2025.07.29 16:59:57;Sell Stop;1.77;USDJPY.fx;148.502;148.552;147.502;2025.07.29 17:00:10;148.509;;;;cancelled
2025.07.29 16:59:57;Buy Stop;1.77;USDJPY.fx;148.577;148.527;149.577;2025.07.29 17:00:10;148.523;;;;cancelled
2025.07.29 16:51:59;Sell Stop;1.77;USDJPY.fx;148.551;148.601;147.551;2025.07.29 16:52:10;148.593;;;;cancelled
2025.07.29 16:51:59;Buy Stop;1.77;USDJPY.fx;148.632;148.582;149.632;2025.07.29 16:52:10;148.604;;;;cancelled
2025.07.29 15:59:57;Sell Stop;1.77;USDJPY.fx;148.661;148.711;147.661;2025.07.29 16:00:10;148.687;;;;cancelled
2025.07.29 15:59:57;Buy Stop;1.77;USDJPY.fx;148.742;148.692;149.742;2025.07.29 16:00:10;148.698;;;;cancelled
2025.07.29 15:29:57;Sell Stop;1.77;USDJPY.fx;148.679;148.729;147.679;2025.07.29 15:30:10;148.712;;;;cancelled
2025.07.29 15:29:57;Buy Stop;1.77;USDJPY.fx;148.761;148.711;149.761;2025.07.29 15:30:10;148.723;;;;cancelled
2025.07.25 15:29:58;Sell Stop;1.77;USDJPY.fx;147.686;147.736;146.686;2025.07.25 15:30:10;147.716;;;;cancelled
2025.07.25 15:29:58;Buy Stop;1.77;USDJPY.fx;147.764;147.714;148.764;2025.07.25 15:30:10;147.726;;;;cancelled
2025.07.25 15:22:57;Sell Stop;1.77;USDJPY.fx;147.635;147.685;146.635;2025.07.25 15:23:10;147.665;;;;cancelled
2025.07.25 15:22:57;Buy Stop;1.77;USDJPY.fx;147.717;147.667;148.717;2025.07.25 15:23:10;147.677;;;;cancelled
2025.07.25 08:59:57;Buy Stop;1.77;GBPUSD.fx;1.35081;1.35031;1.36081;2025.07.25 09:00:14;1.35043;;;;cancelled
2025.07.25 08:59:57;Sell Stop;1.77;GBPUSD.fx;1.34993;1.35043;1.33993;2025.07.25 09:00:11;1.35018;;;;cancelled
2025.07.25 08:52:57;Sell Stop;1.77;GBPUSD.fx;1.34955;1.35005;1.33955;2025.07.25 08:53:10;1.34992;;;;cancelled
2025.07.25 08:52:57;Buy Stop;1.77;GBPUSD.fx;1.35037;1.34987;1.36037;2025.07.25 08:53:10;1.35004;;;;cancelled
2025.07.24 16:59:58;Sell Stop;1.77;USDJPY.fx;146.509;146.559;145.509;2025.07.24 17:00:10;146.532;;;;cancelled
2025.07.24 16:59:57;Buy Stop;1.77;USDJPY.fx;146.590;146.540;147.590;2025.07.24 17:00:10;146.543;;;;cancelled
2025.07.24 16:45:00;Buy;1.77;USDJPY.fx;146.736;146.686;147.736;2025.07.24 16:45:36;146.686;;;-6.03;[sl]
2025.07.24 16:44:58;Sell Stop;1.77;USDJPY.fx;146.694;146.744;145.694;2025.07.24 16:45:10;146.739;;;;cancelled
2025.07.24 16:38:58;Buy Stop;1.77;USDJPY.fx;146.705;146.655;147.705;2025.07.24 16:39:11;146.675;;;;cancelled
2025.07.24 16:38:58;Sell Stop;1.77;USDJPY.fx;146.624;146.674;145.624;2025.07.24 16:39:10;146.664;;;;cancelled
2025.07.24 15:29:57;Sell Stop;1.77;USDJPY.fx;146.504;146.554;145.504;2025.07.24 15:30:11;146.539;;;;cancelled
2025.07.24 15:30:00;Buy;1.77;USDJPY.fx;146.560;146.510;147.560;2025.07.24 15:30:00;146.510;;;-6.04;[sl]
2025.07.24 15:22:58;Buy Stop;1.77;USDJPY.fx;146.552;146.502;147.552;2025.07.24 15:23:11;146.514;;;;cancelled
2025.07.24 15:22:58;Sell Stop;1.77;USDJPY.fx;146.471;146.521;145.471;2025.07.24 15:23:10;146.503;;;;cancelled
2025.07.24 15:14:57;Sell Stop;1.77;EURUSD.fx;1.17491;1.17541;1.16491;2025.07.24 15:15:10;1.17533;;;;cancelled
2025.07.24 15:14:57;Buy Stop;1.77;EURUSD.fx;1.17590;1.17540;1.18590;2025.07.24 15:15:10;1.17547;;;;cancelled
2025.07.24 11:30:00;Sell;1.77;GBPUSD.fx;1.35581;1.35551;1.34581;2025.07.24 11:32:13;1.35515;;;11.68;
2025.07.24 11:29:57;Buy Stop;1.77;GBPUSD.fx;1.35619;1.35569;1.36619;2025.07.24 11:30:10;1.35568;;;;cancelled
2025.07.24 11:23:57;Sell Stop;1.77;GBPUSD.fx;1.35580;1.35630;1.34580;2025.07.24 11:24:10;1.35615;;;;cancelled
2025.07.24 11:23:57;Buy Stop;1.77;GBPUSD.fx;1.35664;1.35614;1.36664;2025.07.24 11:24:10;1.35629;;;;cancelled
2025.07.24 10:59:57;Sell Stop;1.77;EURUSD.fx;1.17589;1.17639;1.16589;2025.07.24 11:00:10;1.17624;;;;cancelled
2025.07.24 10:59:57;Buy Stop;1.77;EURUSD.fx;1.17670;1.17620;1.18670;2025.07.24 11:00:10;1.17635;;;;cancelled
2025.07.24 10:54:57;Buy Stop;1.77;EURUSD.fx;1.17618;1.17568;1.18618;2025.07.24 10:55:09;1.17590;;;;cancelled
2025.07.24 10:54:57;Sell Stop;1.77;EURUSD.fx;1.17537;1.17587;1.16537;2025.07.24 10:55:08;1.17574;;;;cancelled
2025.07.24 10:29:57;Sell Stop;1.77;EURUSD.fx;1.17625;1.17675;1.16625;2025.07.24 10:30:10;1.17663;;;;cancelled
2025.07.24 10:29:57;Buy Stop;1.77;EURUSD.fx;1.17706;1.17656;1.18706;2025.07.24 10:30:10;1.17674;;;;cancelled
2025.07.24 10:14:57;Sell Stop;1.77;EURUSD.fx;1.17625;1.17675;1.16625;2025.07.24 10:15:10;1.17661;;;;cancelled
2025.07.24 10:14:57;Buy Stop;1.77;EURUSD.fx;1.17706;1.17656;1.18706;2025.07.24 10:15:10;1.17672;;;;cancelled
2025.07.24 10:07:02;Sell Stop;1.77;EURUSD.fx;1.17574;1.17624;1.16574;2025.07.24 10:07:10;1.17611;;;;cancelled
2025.07.24 10:07:02;Buy Stop;1.77;EURUSD.fx;1.17655;1.17605;1.18655;2025.07.24 10:07:10;1.17622;;;;cancelled
2025.07.23 16:59:57;Sell Stop;1.77;USDJPY.fx;146.496;146.546;145.496;2025.07.23 17:00:10;146.533;;;;cancelled
2025.07.23 16:59:57;Buy Stop;1.77;USDJPY.fx;146.578;146.528;147.578;2025.07.23 17:00:10;146.544;;;;cancelled
2025.07.23 16:53:57;Sell Stop;1.77;USDJPY.fx;146.463;146.513;145.463;2025.07.23 16:54:10;146.498;;;;cancelled
2025.07.23 16:53:57;Buy Stop;1.77;USDJPY.fx;146.544;146.494;147.544;2025.07.23 16:54:10;146.511;;;;cancelled
2025.07.23 15:29:57;Buy Stop;1.77;USDCAD.fx;1.35916;1.35866;1.36916;2025.07.23 15:30:10;1.35890;;;;cancelled
2025.07.23 15:29:57;Sell Stop;1.77;USDCAD.fx;1.35833;1.35883;1.34833;2025.07.23 15:30:09;1.35878;;;;cancelled
2025.07.21 15:29:57;Sell Stop;1.77;USDCAD.fx;1.36980;1.37030;1.35980;2025.07.21 15:30:10;1.37016;;;;cancelled
2025.07.21 15:29:57;Buy Stop;1.77;USDCAD.fx;1.37063;1.37013;1.38063;2025.07.21 15:30:10;1.37027;;;;cancelled
2025.07.21 15:24:57;Sell Stop;1.77;USDCAD.fx;1.36951;1.37001;1.35951;2025.07.21 15:25:10;1.36988;;;;cancelled
2025.07.21 15:24:57;Buy Stop;1.77;USDCAD.fx;1.37034;1.36984;1.38034;2025.07.21 15:25:10;1.37002;;;;cancelled
2025.07.18 17:00:01;Sell;1.77;USDJPY.fx;148.228;148.278;147.228;2025.07.18 17:00:31;148.278;;;-5.97;[sl]
2025.07.18 16:59:57;Buy Stop;1.77;USDJPY.fx;148.242;148.192;149.242;2025.07.18 17:00:10;148.207;;;;cancelled
2025.07.18 15:29:57;Sell Stop;1.77;USDJPY.fx;148.369;148.419;147.369;2025.07.18 15:30:10;148.403;;;;cancelled
2025.07.18 15:29:57;Buy Stop;1.77;USDJPY.fx;148.450;148.400;149.450;2025.07.18 15:30:10;148.414;;;;cancelled
2025.07.18 15:27:01;Sell Stop;1.77;USDJPY.fx;148.395;148.445;147.395;2025.07.18 15:27:11;148.433;;;;cancelled
2025.07.18 15:27:01;Buy Stop;1.77;USDJPY.fx;148.477;148.427;149.477;2025.07.18 15:27:11;148.444;;;;cancelled
2025.07.18 08:59:57;Buy Stop;1.77;EURUSD.fx;1.16212;1.16162;1.17212;2025.07.18 09:00:16;1.16177;;;;cancelled
2025.07.18 08:59:57;Sell Stop;1.77;EURUSD.fx;1.16131;1.16181;1.15131;2025.07.18 09:00:14;1.16166;;;;cancelled
2025.07.18 08:57:57;Sell Stop;1.77;EURUSD.fx;1.16139;1.16189;1.15139;2025.07.18 08:58:10;1.16174;;;;cancelled
2025.07.18 08:57:57;Buy Stop;1.77;EURUSD.fx;1.16221;1.16171;1.17221;2025.07.18 08:58:10;1.16185;;;;cancelled
2025.07.17 15:30:00;Buy;1.77;USDJPY.fx;148.840;148.870;149.840;2025.07.17 15:30:13;148.870;;;3.57;[sl]
2025.07.17 15:30:03;Sell;1.77;USDJPY.fx;148.830;148.880;147.830;2025.07.17 15:30:04;148.880;;;-5.94;[sl]
2025.07.17 15:22:57;Buy Stop;1.77;USDJPY.fx;148.791;148.741;149.791;2025.07.17 15:23:12;148.761;;;;cancelled
2025.07.17 15:22:57;Sell Stop;1.77;USDJPY.fx;148.710;148.760;147.710;2025.07.17 15:23:11;148.750;;;;cancelled
2025.07.17 11:59:57;Sell Stop;1.77;EURUSD.fx;1.15972;1.16022;1.14972;2025.07.17 12:00:10;1.16019;;;;cancelled
2025.07.17 11:59:57;Buy Stop;1.77;EURUSD.fx;1.16053;1.16003;1.17053;2025.07.17 12:00:10;1.16030;;;;cancelled
2025.07.17 11:54:57;Sell Stop;1.77;EURUSD.fx;1.15951;1.16001;1.14951;2025.07.17 11:55:10;1.15991;;;;cancelled
2025.07.17 11:54:57;Buy Stop;1.77;EURUSD.fx;1.16032;1.15982;1.17032;2025.07.17 11:55:10;1.16002;;;;cancelled
2025.07.17 08:59:57;Buy Stop;1.77;GBPUSD.fx;1.33977;1.33927;1.34977;2025.07.17 09:00:15;1.33940;;;;cancelled
2025.07.17 08:59:57;Sell Stop;1.77;GBPUSD.fx;1.33894;1.33944;1.32894;2025.07.17 09:00:12;1.33925;;;;cancelled
2025.07.17 08:52:57;Sell Stop;1.77;GBPUSD.fx;1.33960;1.34010;1.32960;2025.07.17 08:53:10;1.33991;;;;cancelled
2025.07.17 08:52:57;Buy Stop;1.77;GBPUSD.fx;1.34045;1.33995;1.35045;2025.07.17 08:53:10;1.34005;;;;cancelled
2025.07.16 15:30:01;Sell;1.77;USDJPY.fx;148.765;148.584;147.765;2025.07.16 15:30:32;148.584;;;21.56;[sl]
2025.07.16 15:29:58;Buy Stop;1.77;USDJPY.fx;148.594;148.544;149.594;2025.07.16 15:30:10;148.564;;;;cancelled
2025.07.16 15:22:58;Sell Stop;1.77;USDJPY.fx;148.783;148.833;147.783;2025.07.16 15:23:10;148.813;;;;cancelled
2025.07.16 15:22:57;Buy Stop;1.77;USDJPY.fx;148.864;148.814;149.864;2025.07.16 15:23:10;148.824;;;;cancelled
2025.07.16 08:59:57;Buy Stop;1.77;GBPUSD.fx;1.34033;1.33983;1.35033;2025.07.16 09:00:16;1.33992;;;;cancelled
2025.07.16 08:59:57;Sell Stop;1.77;GBPUSD.fx;1.33950;1.34000;1.32950;2025.07.16 09:00:13;1.33977;;;;cancelled
2025.07.16 08:52:57;Sell Stop;1.77;GBPUSD.fx;1.33919;1.33969;1.32919;2025.07.16 08:53:10;1.33954;;;;cancelled
2025.07.16 08:52:57;Buy Stop;1.77;GBPUSD.fx;1.34004;1.33954;1.35004;2025.07.16 08:53:10;1.33968;;;;cancelled
2025.07.15 15:30:01;Sell;1.77;USDCAD.fx;1.36854;1.36904;1.35854;2025.07.15 15:32:29;1.36813;;;5.30;
2025.07.15 15:29:57;Buy Stop;1.77;USDCAD.fx;1.36877;1.36827;1.37877;2025.07.15 15:30:10;1.36841;;;;cancelled
2025.07.15 15:24:57;Sell Stop;1.77;USDCAD.fx;1.36884;1.36934;1.35884;2025.07.15 15:25:10;1.36920;;;;cancelled
2025.07.15 15:24:57;Buy Stop;1.77;USDCAD.fx;1.36967;1.36917;1.37967;2025.07.15 15:25:10;1.36932;;;;cancelled
2025.07.11 15:30:07;Buy;1.77;USDCAD.fx;1.36634;1.36664;1.37634;2025.07.11 15:30:25;1.36664;;;3.89;[sl]
2025.07.11 15:30:00;Sell;1.77;USDCAD.fx;1.36833;1.36700;1.35833;2025.07.11 15:30:09;1.36700;;;17.22;[sl]
2025.07.11 15:22:57;Sell Stop;1.77;USDCAD.fx;1.36943;1.36993;1.35943;2025.07.11 15:23:10;1.36980;;;;cancelled
2025.07.11 15:22:57;Buy Stop;1.77;USDCAD.fx;1.37024;1.36974;1.38024;2025.07.11 15:23:10;1.36991;;;;cancelled
2025.07.11 08:59:57;Buy Stop;1.77;GBPUSD.fx;1.35667;1.35617;1.36667;2025.07.11 09:00:19;1.35628;;;;cancelled
2025.07.11 08:59:57;Sell Stop;1.77;GBPUSD.fx;1.35581;1.35631;1.34581;2025.07.11 09:00:13;1.35613;;;;cancelled
2025.07.11 08:53:57;Sell Stop;1.77;GBPUSD.fx;1.35560;1.35610;1.34560;2025.07.11 08:54:10;1.35592;;;;cancelled
2025.07.11 08:53:57;Buy Stop;1.77;GBPUSD.fx;1.35644;1.35594;1.36644;2025.07.11 08:54:10;1.35605;;;;cancelled
2025.07.10 15:30:00;Buy;1.77;USDJPY.fx;146.307;146.337;147.307;2025.07.10 15:31:13;146.407;;;12.09;
2025.07.10 15:29:57;Sell Stop;1.77;USDJPY.fx;146.258;146.308;145.258;2025.07.10 15:30:10;146.291;;;;cancelled
2025.07.10 15:22:57;Sell Stop;1.77;USDJPY.fx;146.207;146.257;145.207;2025.07.10 15:23:10;146.249;;;;cancelled
2025.07.10 15:22:57;Buy Stop;1.77;USDJPY.fx;146.288;146.238;147.288;2025.07.10 15:23:10;146.260;;;;cancelled
2025.07.10 08:59:57;Buy Stop;1.77;EURUSD.fx;1.17437;1.17387;1.18437;2025.07.10 09:00:25;1.17396;;;;cancelled
2025.07.10 08:59:57;Sell Stop;1.77;EURUSD.fx;1.17356;1.17406;1.16356;2025.07.10 09:00:22;1.17385;;;;cancelled
2025.07.08 16:59:57;Sell Stop;1.77;USDCAD.fx;1.36700;1.36750;1.35700;2025.07.08 17:00:10;1.36740;;;;cancelled
2025.07.08 16:59:57;Buy Stop;1.77;USDCAD.fx;1.36783;1.36733;1.37783;2025.07.08 17:00:10;1.36753;;;;cancelled
2025.07.08 16:56:02;Sell Stop;1.77;USDCAD.fx;1.36687;1.36737;1.35687;2025.07.08 16:56:10;1.36713;;;;cancelled
2025.07.08 16:56:02;Buy Stop;1.77;USDCAD.fx;1.36771;1.36721;1.37771;2025.07.08 16:56:10;1.36727;;;;cancelled
2025.07.08 07:30:01;Buy;1.77;AUDUSD.fx;0.65179;0.65468;0.66179;2025.07.08 07:30:42;0.65468;;;51.16;[sl]
2025.07.08 07:29:57;Sell Stop;1.77;AUDUSD.fx;0.65434;0.65484;0.64434;2025.07.08 07:30:10;0.65463;;;;cancelled
2025.07.08 07:22:57;Sell Stop;1.77;AUDUSD.fx;0.65074;0.65124;0.64074;2025.07.08 07:23:10;0.65108;;;;cancelled
2025.07.08 07:22:57;Buy Stop;1.77;AUDUSD.fx;0.65161;0.65111;0.66161;2025.07.08 07:23:10;0.65125;;;;cancelled
2025.07.04 08:59:58;Buy Stop;1.77;EURUSD.fx;1.17880;1.17830;1.18880;2025.07.04 09:00:16;1.17849;;;;cancelled
2025.07.04 08:59:58;Sell Stop;1.77;EURUSD.fx;1.17798;1.17848;1.16798;2025.07.04 09:00:13;1.17837;;;;cancelled
2025.07.04 08:58:57;Sell Stop;1.77;EURUSD.fx;1.17798;1.17848;1.16798;2025.07.04 08:59:11;1.17833;;;;cancelled
2025.07.04 08:58:57;Buy Stop;1.77;EURUSD.fx;1.17879;1.17829;1.18879;2025.07.04 08:59:11;1.17844;;;;cancelled
2025.07.03 16:59:57;Sell Stop;1.77;USDJPY.fx;144.703;144.753;143.703;2025.07.03 17:00:10;144.745;;;;cancelled
2025.07.03 16:59:57;Buy Stop;1.77;USDJPY.fx;144.787;144.737;145.787;2025.07.03 17:00:10;144.760;;;;cancelled
2025.07.03 16:51:57;Sell Stop;1.77;USDJPY.fx;144.685;144.735;143.685;2025.07.03 16:52:10;144.723;;;;cancelled
2025.07.03 16:51:57;Buy Stop;1.77;USDJPY.fx;144.766;144.716;145.766;2025.07.03 16:52:10;144.734;;;;cancelled
2025.07.03 16:44:57;Sell Stop;1.77;USDJPY.fx;144.644;144.694;143.644;2025.07.03 16:45:10;144.669;;;;cancelled
2025.07.03 16:44:57;Buy Stop;1.77;USDJPY.fx;144.725;144.675;145.725;2025.07.03 16:45:10;144.681;;;;cancelled
2025.07.03 16:38:57;Sell Stop;1.77;USDJPY.fx;144.771;144.821;143.771;2025.07.03 16:39:10;144.810;;;;cancelled
2025.07.03 16:38:57;Buy Stop;1.77;USDJPY.fx;144.853;144.803;145.853;2025.07.03 16:39:10;144.822;;;;cancelled
2025.07.03 15:30:01;Buy;1.77;USDJPY.fx;143.907;144.797;144.907;2025.07.03 15:30:26;144.907;;;122.15;[tp]
2025.07.03 15:29:59;Sell;1.77;USDJPY.fx;143.849;143.899;142.849;2025.07.03 15:30:01;143.899;;;-6.15;[sl]
2025.07.03 15:23:57;Sell Stop;1.77;USDJPY.fx;143.835;143.885;142.835;2025.07.03 15:24:10;143.873;;;;cancelled
2025.07.03 15:23:57;Buy Stop;1.77;USDJPY.fx;143.916;143.866;144.916;2025.07.03 15:24:10;143.884;;;;cancelled
2025.07.03 09:30:00;Sell;1.77;USDCHF.fx;0.79122;0.79172;0.78122;2025.07.03 09:30:34;0.79172;;;-11.18;[sl]
2025.07.02 15:15:10;Sell;1.77;USDJPY.fx;144.159;143.835;143.159;2025.07.02 15:15:36;143.835;;;39.87;[sl]
2025.07.01 17:00:01;Buy;1.77;USDJPY.fx;143.182;143.296;144.182;2025.07.01 17:00:12;143.296;;;14.08;[sl]
2025.07.01 16:45:07;Buy;1.77;USDJPY.fx;143.196;143.226;144.196;2025.07.01 16:46:20;143.257;;;7.54;
2025.06.27 15:30:07;Sell;1.77;USDJPY.fx;144.521;144.491;143.521;2025.06.27 15:30:16;144.491;;;3.67;[sl]
2025.06.12 15:30:01;Sell;1.77;USDJPY.fx;143.543;143.593;142.543;2025.06.12 15:30:01;143.593;;;-6.16;[sl]
2025.06.11 15:30:00;Sell;1.77;USDJPY.fx;145.187;145.237;144.187;2025.06.11 15:30:01;145.237;;;-6.09;[sl]
2025.06.11 15:30:00;Buy;1.77;USDJPY.fx;145.331;145.281;146.331;2025.06.11 15:30:00;145.281;;;-6.09;[sl]
2025.06.06 15:30:01;Buy;1.77;USDJPY.fx;144.348;144.568;145.348;2025.06.06 15:30:18;144.568;;;26.94;[sl]
2025.06.06 15:30:07;Sell;1.77;USDJPY.fx;144.576;144.626;143.576;2025.06.06 15:30:08;144.626;;;-6.12;[sl]
2025.06.05 15:30:00;Sell;1.77;USDJPY.fx;143.141;143.111;142.141;2025.06.05 15:30:05;143.111;;;3.71;[sl]
2025.06.04 15:15:01;Sell;1.77;USDJPY.fx;144.225;143.967;143.225;2025.06.04 15:15:18;143.967;;;31.72;[sl]
2025.05.15 15:30:52;Buy;1.77;USDJPY.fx;145.888;145.838;146.888;2025.05.15 15:30:52;145.838;;;-6.07;[sl]
2025.05.15 15:30:50;Sell;1.77;USDJPY.fx;145.860;145.910;144.860;2025.05.15 15:30:50;145.910;;;-6.07;[sl]
2025.05.13 15:30:48;Sell;1.77;USDJPY.fx;148.032;147.973;147.032;2025.05.13 15:31:02;147.973;;;7.06;[sl]
2025.05.02 15:30:40;Sell;1.77;USDJPY.fx;144.791;144.841;143.791;2025.05.02 15:30:40;144.841;;;-6.11;[sl]
2025.05.02 15:30:32;Buy;1.77;USDJPY.fx;144.548;144.498;145.548;2025.05.02 15:30:33;144.498;;;-6.12;[sl]
2025.04.24 15:30:30;Buy;1.77;USDJPY.fx;142.576;142.526;143.576;2025.04.24 15:30:48;142.596;;;2.48;
2025.04.17 15:30:13;Buy;1.77;USDJPY.fx;142.570;142.520;143.570;2025.04.17 15:30:13;142.520;;;-6.21;[sl]
2025.04.16 15:30:19;Sell;1.77;USDJPY.fx;142.664;142.624;141.664;2025.04.16 15:30:25;142.624;;;4.96;[sl]
2025.04.16 15:30:12;Buy;1.77;USDJPY.fx;142.695;142.645;143.695;2025.04.16 15:30:19;142.645;;;-6.20;[sl]
2025.04.15 15:30:18;Sell;1.77;USDCAD.fx;1.39065;1.39115;1.38065;2025.04.15 15:30:29;1.39070;;;-0.64;
2025.04.15 15:30:12;Buy;1.77;USDCAD.fx;1.38945;1.38999;1.39945;2025.04.15 15:30:20;1.38999;;;6.88;[sl]
2025.04.11 15:30:07;Sell;1.77;USDJPY.fx;142.753;142.803;141.753;2025.04.11 15:30:14;142.803;;;-6.20;[sl]
2025.04.10 15:30:06;Sell;1.77;USDJPY.fx;145.301;145.109;144.301;2025.04.10 15:30:26;145.109;;;23.42;[sl]
2025.04.04 15:30:09;Sell;1.77;USDJPY.fx;145.466;145.206;144.466;2025.04.04 15:30:24;145.206;;;31.69;[sl]
2025.04.04 15:30:01;Buy;1.77;USDJPY.fx;145.199;145.149;146.199;2025.04.04 15:30:01;145.149;;;-6.10;[sl]
2025.04.03 17:00:00;Sell;1.77;USDJPY.fx;145.595;145.374;144.595;2025.04.03 17:00:15;145.271;;;39.48;
2025.04.03 09:30:00;Buy;1.77;USDCHF.fx;0.87240;0.87190;0.88240;2025.04.03 09:30:02;0.87190;;;-10.15;[sl]
2025.04.02 15:15:01;Buy;1.77;USDJPY.fx;149.335;149.365;150.335;2025.04.02 15:15:10;149.365;;;3.56;[sl]
2025.04.01 17:00:05;Sell;1.77;USDJPY.fx;149.427;149.397;148.427;2025.04.01 17:00:15;149.308;;;14.11;
2025.03.26 14:30:01;Buy;1.77;USDJPY.fx;150.175;150.125;151.175;2025.03.26 14:30:27;150.194;;;2.24;
2025.03.25 16:00:08;Sell;1.77;USDJPY.fx;149.742;149.712;148.742;2025.03.25 16:00:57;149.692;;;5.91;
2025.03.24 10:30:00;Sell;1.77;EURUSD.fx;1.08513;1.08563;1.07513;2025.03.24 10:30:21;1.08470;;;7.61;
2025.03.24 10:15:00;Buy;1.77;EURUSD.fx;1.08443;1.08393;1.09443;2025.03.24 10:15:16;1.08465;;;3.90;
2025.03.20 14:00:07;Buy;1.77;GBPUSD.fx;1.29613;1.29563;1.30613;2025.03.20 14:00:24;1.29638;;;4.43;
2025.03.20 10:30:02;Sell;1.77;USDCHF.fx;0.87815;0.87865;0.86815;2025.03.20 10:30:30;0.87813;;;0.40;
2025.03.20 10:30:00;Buy;1.77;USDCHF.fx;0.87772;0.87802;0.88772;2025.03.20 10:30:02;0.87802;;;6.05;[sl]
2025.03.18 14:30:00;Sell;1.77;USDCAD.fx;1.42822;1.42792;1.41822;2025.03.18 14:30:23;1.42736;;;10.66;
2025.03.18 14:30:01;Buy;1.77;USDCAD.fx;1.42742;1.42692;1.43742;2025.03.18 14:30:01;1.42692;;;-6.20;[sl]
2025.03.17 14:30:06;Buy;1.77;USDJPY.fx;148.344;148.687;149.344;2025.03.17 14:30:19;148.687;;;40.83;[sl]
2025.03.17 14:30:01;Sell;1.77;USDJPY.fx;148.475;148.396;147.475;2025.03.17 14:30:06;148.396;;;9.42;[sl]
2025.03.14 09:00:00;Sell;1.77;GBPUSD.fx;1.29356;1.29326;1.28356;2025.03.14 09:01:17;1.29256;;;17.70;
2025.03.13 14:30:03;Buy;1.77;USDJPY.fx;147.847;147.797;148.847;2025.03.13 14:30:03;147.797;;;-5.99;[sl]
2025.03.13 14:30:00;Sell;1.77;USDJPY.fx;147.971;148.021;146.971;2025.03.13 14:30:00;148.021;;;-5.98;[sl]
2025.03.12 15:45:07;Sell;1.77;USDCAD.fx;1.44156;1.44206;1.43156;2025.03.12 15:45:32;1.44171;;;-1.84;
2025.03.12 14:30:00;Sell;1.77;USDJPY.fx;148.746;148.796;147.746;2025.03.12 14:30:00;148.796;;;-5.95;[sl]
2025.03.12 14:30:00;Buy;1.77;USDJPY.fx;148.872;148.822;149.872;2025.03.12 14:30:00;148.822;;;-5.95;[sl]
2025.03.11 16:00:09;Sell;1.77;USDJPY.fx;147.809;147.859;146.809;2025.03.11 16:00:12;147.859;;;-5.99;[sl]
2025.03.11 16:00:07;Buy;1.77;USDJPY.fx;147.830;147.780;148.830;2025.03.11 16:00:09;147.780;;;-5.99;[sl]
2025.03.07 15:30:02;Sell;1.77;USDJPY.fx;147.583;147.633;146.583;2025.03.07 15:30:02;147.633;;;-5.99;[sl]
2025.03.07 15:30:01;Buy;1.77;USDJPY.fx;147.732;147.682;148.732;2025.03.07 15:30:01;147.682;;;-5.99;[sl]
2025.03.06 15:30:00;Buy;1.77;USDJPY.fx;147.507;147.537;148.507;2025.03.06 15:30:25;147.537;;;3.60;[sl]
2025.03.06 15:30:08;Sell;1.77;USDJPY.fx;147.522;147.572;146.522;2025.03.06 15:30:09;147.572;;;-6.00;[sl]
2025.03.06 15:15:02;Sell;1.77;EURUSD.fx;1.07888;1.07938;1.06888;2025.03.06 15:15:08;1.07938;;;-8.85;[sl]
2025.03.05 17:00:00;Buy;1.77;USDJPY.fx;148.475;148.838;149.475;2025.03.05 17:00:32;148.838;;;43.17;[sl]
2025.03.05 17:00:00;Sell;1.77;USDJPY.fx;148.396;148.446;147.396;2025.03.05 17:00:00;148.446;;;-5.96;[sl]
2025.03.05 16:45:00;Buy;1.77;USDJPY.fx;148.672;148.622;149.672;2025.03.05 16:45:57;148.697;;;2.98;
2025.03.05 15:15:01;Sell;1.77;USDJPY.fx;149.609;149.432;148.609;2025.03.05 15:15:56;149.432;;;20.97;[sl]
2025.03.05 09:30:10;Buy;1.77;USDCHF.fx;0.88863;0.88813;0.89863;2025.03.05 09:31:08;0.88877;;;2.79;
2025.03.05 09:30:00;Sell;1.77;USDCHF.fx;0.88878;0.88848;0.87878;2025.03.05 09:30:09;0.88848;;;5.98;[sl]
2025.03.03 17:00:07;Sell;1.77;USDJPY.fx;150.578;150.488;149.578;2025.03.03 17:00:35;150.461;;;13.76;
2025.03.03 17:00:00;Buy;1.77;USDJPY.fx;150.662;150.612;151.662;2025.03.03 17:00:04;150.612;;;-5.88;[sl]
2025.03.03 12:00:05;Buy;1.77;EURUSD.fx;1.04317;1.04347;1.05317;2025.03.03 12:01:58;1.04347;;;5.31;[sl]
2025.02.28 15:30:08;Buy;1.77;USDJPY.fx;150.767;150.717;151.767;2025.02.28 15:30:17;150.717;;;-5.87;[sl]
2025.02.27 15:30:00;Sell;1.77;USDJPY.fx;149.518;149.468;148.518;2025.02.27 15:30:22;149.468;;;5.92;[sl]
2025.02.27 15:30:01;Buy;1.77;USDJPY.fx;149.527;149.477;150.527;2025.02.27 15:30:02;149.477;;;-5.92;[sl]
2025.02.25 17:00:04;Sell;1.77;USDJPY.fx;149.120;149.080;148.120;2025.02.25 17:01:56;149.041;;;9.38;
2025.02.21 16:45:00;Sell;1.77;USDJPY.fx;150.094;149.912;149.094;2025.02.21 16:46:23;149.874;;;25.98;
2025.02.21 16:45:03;Buy;1.77;USDJPY.fx;149.981;149.931;150.981;2025.02.21 16:45:17;149.931;;;-5.90;[sl]
2025.02.21 15:30:00;Sell;1.77;USDCAD.fx;1.41862;1.41912;1.40862;2025.02.21 15:31:18;1.41833;;;3.62;
2025.02.21 11:30:01;Buy;1.77;GBPUSD.fx;1.26514;1.26464;1.27514;2025.02.21 11:31:21;1.26507;;;-1.24;
2025.02.21 10:30:00;Buy;1.77;EURUSD.fx;1.04763;1.04793;1.05763;2025.02.21 10:30:10;1.04793;;;5.31;[sl]
2025.02.21 10:15:00;Sell;1.77;EURUSD.fx;1.04887;1.04823;1.03887;2025.02.21 10:16:17;1.04725;;;28.67;
2025.02.21 09:00:00;Buy;1.77;GBPUSD.fx;1.26646;1.26676;1.27646;2025.02.21 09:02:19;1.26707;;;10.80;
2025.02.18 15:30:00;Sell;1.77;USDCAD.fx;1.42020;1.41990;1.41020;2025.02.18 15:30:27;1.41990;;;3.74;[sl]
2025.02.18 05:30:05;Sell;1.77;AUDUSD.fx;0.63369;0.63419;0.62369;2025.02.18 05:30:11;0.63419;;;-8.85;[sl]
2025.02.14 15:30:00;Sell;1.77;USDJPY.fx;152.727;152.306;151.727;2025.02.14 15:35:35;152.306;;;48.93;[sl]
2025.02.13 15:30:02;Sell;1.77;USDJPY.fx;153.821;153.791;152.821;2025.02.13 15:30:06;153.791;;;3.45;[sl]
2025.02.13 15:30:01;Buy;1.77;USDJPY.fx;153.879;153.829;154.879;2025.02.13 15:30:02;153.829;;;-5.75;[sl]
2025.02.13 09:30:00;Sell;1.77;USDCHF.fx;0.91056;0.91026;0.90056;2025.02.13 09:30:13;0.91026;;;5.83;[sl]
2025.02.12 15:30:02;Buy;1.77;USDJPY.fx;153.401;154.066;154.401;2025.02.12 15:30:18;154.066;;;76.40;[sl]
2025.02.12 15:29:57;Sell;1.77;USDJPY.fx;153.497;153.448;152.497;2025.02.12 15:30:02;153.448;;;5.65;[sl]
2025.02.07 15:30:01;Sell;1.77;USDJPY.fx;152.032;151.461;151.032;2025.02.07 15:30:14;151.461;;;66.73;[sl]
2025.02.06 15:30:03;Buy;1.77;USDJPY.fx;152.325;152.275;153.325;2025.02.06 15:30:18;152.275;;;-5.81;[sl]
2025.02.06 15:30:00;Sell;1.77;USDJPY.fx;152.347;152.317;151.347;2025.02.06 15:30:03;152.317;;;3.49;[sl]
2025.02.06 14:00:05;Sell;1.77;GBPUSD.fx;1.24246;1.24061;1.23246;2025.02.06 14:00:20;1.23937;;;54.69;
2025.02.06 14:00:04;Buy;1.77;GBPUSD.fx;1.24285;1.24235;1.25285;2025.02.06 14:00:05;1.24235;;;-8.85;[sl]
2025.02.05 17:00:01;Sell;1.77;USDJPY.fx;152.761;152.624;151.761;2025.02.05 17:00:15;152.526;;;27.27;
2025.02.05 15:15:01;Buy;1.77;USDJPY.fx;152.805;152.835;153.805;2025.02.05 15:15:38;152.918;;;13.08;
2025.02.04 17:00:01;Sell;1.77;USDJPY.fx;154.978;154.877;153.978;2025.02.04 17:00:28;154.799;;;20.47;
2025.02.03 17:00:03;Sell;1.77;USDJPY.fx;154.665;154.202;153.665;2025.02.03 17:12:09;154.113;;;63.40;
2025.02.03 17:00:00;Buy;1.77;USDJPY.fx;154.580;154.610;155.580;2025.02.03 17:00:07;154.610;;;3.43;[sl]
2025.01.31 15:30:00;Buy;1.77;USDJPY.fx;154.834;154.784;155.834;2025.01.31 15:30:00;154.784;;;-5.72;[sl]
2025.01.30 15:30:00;Buy;1.77;USDJPY.fx;154.040;154.070;155.040;2025.01.30 15:30:27;154.121;;;9.30;
2025.01.30 15:30:09;Sell;1.77;USDJPY.fx;153.999;154.049;152.999;2025.01.30 15:30:09;154.049;;;-5.74;[sl]
2025.01.28 17:00:08;Sell;1.77;USDJPY.fx;155.229;155.279;154.229;2025.01.28 17:00:21;155.225;;;0.46;
2025.01.28 15:30:04;Sell;1.77;USDJPY.fx;155.268;155.318;154.268;2025.01.28 15:30:28;155.249;;;2.17;
2025.01.24 16:45:00;Sell;1.77;USDJPY.fx;156.421;156.256;155.421;2025.01.24 16:45:20;156.210;;;23.91;
2025.01.24 16:45:02;Buy;1.77;USDJPY.fx;156.213;156.163;157.213;2025.01.24 16:45:04;156.163;;;-5.67;[sl]
2025.01.24 11:30:03;Sell;1.77;GBPUSD.fx;1.24336;1.24386;1.23336;2025.01.24 11:30:05;1.24386;;;-8.85;[sl]
2025.01.24 11:30:00;Buy;1.77;GBPUSD.fx;1.24336;1.24366;1.25336;2025.01.24 11:30:03;1.24366;;;5.31;[sl]
2025.01.24 10:15:00;Buy;1.77;EURUSD.fx;1.04838;1.04788;1.05838;2025.01.24 10:15:29;1.04846;;;1.41;
2025.01.23 15:30:03;Sell;1.77;USDJPY.fx;156.253;156.303;155.253;2025.01.23 15:31:11;156.264;;;-1.25;
2025.01.21 15:30:02;Buy;1.77;USDCAD.fx;1.44222;1.44252;1.45222;2025.01.21 15:30:24;1.44296;;;9.08;
2025.01.21 15:30:00;Sell;1.77;USDCAD.fx;1.44185;1.44235;1.43185;2025.01.21 15:30:02;1.44235;;;-6.14;[sl]
2025.01.16 15:30:01;Sell;1.77;USDJPY.fx;156.201;156.088;155.201;2025.01.16 15:30:23;156.088;;;12.81;[sl]
2025.01.16 15:30:08;Buy;1.77;USDJPY.fx;156.102;156.052;157.102;2025.01.16 15:30:14;156.052;;;-5.67;[sl]
2025.01.16 09:00:04;Sell;1.77;GBPUSD.fx;1.22155;1.22205;1.21155;2025.01.16 09:00:12;1.22205;;;-8.85;[sl]
2025.01.15 15:30:01;Sell;1.77;USDJPY.fx;156.890;156.542;155.890;2025.01.15 15:30:19;156.542;;;39.35;[sl]
2025.01.14 15:30:01;Sell;1.77;USDJPY.fx;157.843;157.530;156.843;2025.01.14 15:30:11;157.530;;;35.17;[sl]
2025.01.10 15:30:01;Buy;1.77;USDJPY.fx;158.088;158.668;159.088;2025.01.10 15:32:41;158.668;;;64.70;[sl]
2025.01.08 15:30:04;Buy;1.77;USDJPY.fx;158.339;158.289;159.339;2025.01.08 15:30:04;158.289;;;-5.59;[sl]
2025.01.08 15:30:03;Sell;1.77;USDJPY.fx;158.260;158.310;157.260;2025.01.08 15:30:03;158.310;;;-5.59;[sl]
2025.01.08 15:15:02;Sell;1.77;USDJPY.fx;158.337;158.307;157.337;2025.01.08 15:15:08;158.307;;;3.35;[sl]
2025.01.07 17:00:01;Buy;1.77;USDJPY.fx;157.836;158.004;158.836;2025.01.07 17:00:12;158.004;;;18.82;[sl]
2025.01.07 09:30:00;Buy;1.77;USDCHF.fx;0.90305;0.90255;0.91305;2025.01.07 09:30:59;0.90344;;;7.64;
2025.01.06 16:45:04;Buy;1.77;USDJPY.fx;157.262;157.212;158.262;2025.01.06 16:45:10;157.212;;;-5.63;[sl]
2025.01.06 16:45:00;Sell;1.77;USDJPY.fx;157.307;157.277;156.307;2025.01.06 16:45:04;157.277;;;3.38;[sl]
2025.01.03 17:00:02;Sell;1.77;USDJPY.fx;157.260;157.310;156.260;2025.01.03 17:00:19;157.310;;;-5.63;[sl]
2025.01.03 17:00:00;Buy;1.77;USDJPY.fx;157.192;157.222;158.192;2025.01.03 17:00:03;157.222;;;3.38;[sl]
2025.01.02 15:30:00;Buy;1.77;USDJPY.fx;156.896;156.926;157.896;2025.01.02 15:30:13;156.926;;;3.38;[sl]
2025.01.02 15:30:03;Sell;1.77;USDJPY.fx;156.898;156.948;155.898;2025.01.02 15:30:04;156.948;;;-5.64;[sl]
2024.12.20 15:30:03;Sell;1.77;USDJPY.fx;156.612;156.582;155.612;2024.12.20 15:30:17;156.582;;;3.39;[sl]
2024.12.19 15:30:00;Buy;1.77;USDJPY.fx;156.883;156.833;157.883;2024.12.19 15:30:00;156.833;;;-5.64;[sl]
2024.12.19 14:00:01;Sell;1.77;GBPUSD.fx;1.26262;1.26312;1.25262;2024.12.19 14:00:01;1.26312;;;-8.85;[sl]
2024.12.17 15:30:00;Sell;1.77;USDCAD.fx;1.42783;1.42833;1.41783;2024.12.17 15:30:04;1.42833;;;-6.20;[sl]
2024.12.16 16:45:03;Sell;1.77;USDJPY.fx;154.238;154.288;153.238;2024.12.16 16:45:22;154.219;;;2.18;
2024.12.16 16:45:00;Buy;1.77;USDJPY.fx;154.188;154.218;155.188;2024.12.16 16:45:03;154.218;;;3.44;[sl]
2024.12.16 15:30:00;Sell;1.77;USDJPY.fx;154.028;154.078;153.028;2024.12.16 15:30:23;154.052;;;-2.76;
2024.12.16 11:00:00;Buy;1.77;EURUSD.fx;1.05130;1.05080;1.06130;2024.12.16 11:00:21;1.05105;;;-4.42;
2024.12.16 10:30:05;Sell;1.77;EURUSD.fx;1.05162;1.05212;1.04162;2024.12.16 10:30:13;1.05149;;;2.30;
2024.12.16 10:30:00;Buy;1.77;EURUSD.fx;1.05120;1.05150;1.06120;2024.12.16 10:30:07;1.05150;;;5.31;[sl]
2024.12.16 10:15:06;Sell;1.77;EURUSD.fx;1.05035;1.05085;1.04035;2024.12.16 10:16:47;1.05034;;;0.18;
2024.12.16 10:15:00;Buy;1.77;EURUSD.fx;1.05070;1.05020;1.06070;2024.12.16 10:16:18;1.05020;;;-8.85;[sl]
2024.12.13 09:00:00;Sell;1.77;GBPUSD.fx;1.26603;1.26465;1.25603;2024.12.13 09:02:02;1.26449;;;27.26;
2024.12.12 15:30:02;Buy;1.77;USDJPY.fx;152.245;152.275;153.245;2024.12.12 15:30:04;152.275;;;3.49;[sl]
2024.12.12 15:30:00;Sell;1.77;USDJPY.fx;152.235;152.285;151.235;2024.12.12 15:30:02;152.285;;;-5.81;[sl]
2024.12.12 10:30:09;Sell;1.77;USDCHF.fx;0.88656;0.88706;0.87656;2024.12.12 10:30:09;0.88706;;;-9.98;[sl]
2024.12.12 10:30:06;Buy;1.77;USDCHF.fx;0.88799;0.88749;0.89799;2024.12.12 10:30:06;0.88749;;;-9.97;[sl]
2024.12.12 10:29:59;Sell;1.77;USDCHF.fx;0.88720;0.88770;0.87720;2024.12.12 10:29:59;0.88770;;;-9.97;[sl]
2024.12.11 16:45:05;Sell;1.77;USDCAD.fx;1.41874;1.41628;1.40874;2024.12.11 16:45:26;1.41628;;;30.74;[sl]
2024.12.11 16:45:00;Buy;1.77;USDCAD.fx;1.41891;1.41841;1.42891;2024.12.11 16:45:07;1.41841;;;-6.24;[sl]
2024.12.11 15:30:06;Buy;1.77;USDJPY.fx;152.356;152.734;153.356;2024.12.11 15:30:19;152.734;;;43.81;[sl]
2024.12.11 15:30:03;Sell;1.77;USDJPY.fx;152.515;152.396;151.515;2024.12.11 15:30:06;152.396;;;13.82;[sl]
2024.12.06 15:30:01;Sell;1.77;USDJPY.fx;150.514;150.079;149.514;2024.12.06 15:30:14;150.079;;;51.30;[sl]
2024.12.05 15:30:00;Sell;1.77;USDJPY.fx;150.353;150.403;149.353;2024.12.05 15:30:00;150.403;;;-5.88;[sl]
2024.12.04 17:00:06;Buy;1.77;USDJPY.fx;150.601;150.631;151.601;2024.12.04 17:00:14;150.631;;;3.53;[sl]
2024.12.04 17:00:00;Sell;1.77;USDJPY.fx;150.815;150.654;149.815;2024.12.04 17:00:12;150.654;;;18.92;[sl]
2024.12.04 16:45:00;Sell;1.77;USDJPY.fx;150.872;150.922;149.872;2024.12.04 16:46:01;150.868;;;0.47;
2024.12.04 15:15:06;Buy;1.77;USDJPY.fx;151.092;151.042;152.092;2024.12.04 15:15:33;151.042;;;-5.86;[sl]
2024.12.04 15:15:04;Sell;1.77;USDJPY.fx;151.075;151.125;150.075;2024.12.04 15:15:11;151.125;;;-5.86;[sl]
2024.12.03 17:00:01;Sell;1.77;EURUSD.fx;1.05156;1.05206;1.04156;2024.12.03 17:01:40;1.05161;;;-0.89;
2024.12.03 09:30:00;Sell;1.77;USDCHF.fx;0.88700;0.88750;0.87700;2024.12.03 09:30:11;0.88750;;;-9.97;[sl]
2024.12.02 17:00:03;Sell;1.77;USDJPY.fx;150.020;150.070;149.020;2024.12.02 17:00:07;150.070;;;-5.90;[sl]
2024.12.02 17:00:00;Buy;1.77;USDJPY.fx;150.048;149.998;151.048;2024.12.02 17:00:03;149.998;;;-5.90;[sl]
2024.12.02 16:45:00;Buy;1.77;USDJPY.fx;149.947;149.977;150.947;2024.12.02 16:45:35;149.977;;;3.54;[sl]
2024.11.22 10:30:00;Sell;1.77;EURUSD.fx;1.04743;1.04713;1.03743;2024.11.22 10:30:14;1.04693;;;8.85;
2024.11.22 10:15:00;Sell;1.77;EURUSD.fx;1.04920;1.04777;1.03920;2024.11.22 10:15:24;1.04688;;;41.06;
2024.11.21 17:00:09;Sell;1.77;USDJPY.fx;154.049;154.099;153.049;2024.11.21 17:00:25;154.062;;;-1.49;
2024.11.21 15:30:00;Buy;1.77;USDJPY.fx;154.556;154.586;155.556;2024.11.21 15:30:11;154.586;;;3.43;[sl]
2024.11.21 15:30:09;Sell;1.77;USDJPY.fx;154.616;154.666;153.616;2024.11.21 15:30:09;154.666;;;-5.72;[sl]
2024.11.19 15:30:00;Sell;1.77;USDCAD.fx;1.40173;1.40011;1.39173;2024.11.19 15:30:29;1.39960;;;26.94;
2024.11.15 15:30:08;Sell;1.77;USDJPY.fx;155.534;155.313;154.534;2024.11.15 15:30:24;155.313;;;25.19;[sl]
2024.11.15 15:30:00;Buy;1.77;USDJPY.fx;155.318;155.484;156.318;2024.11.15 15:30:10;155.484;;;18.90;[sl]
2024.11.15 09:00:00;Sell;1.77;GBPUSD.fx;1.26794;1.26844;1.25794;2024.11.15 09:00:39;1.26786;;;1.42;
2024.11.14 15:30:00;Buy;1.77;USDJPY.fx;155.835;155.865;156.835;2024.11.14 15:30:06;155.865;;;3.41;[sl]
2024.11.13 15:30:00;Sell;1.77;USDJPY.fx;154.897;154.947;153.897;2024.11.13 15:30:00;154.947;;;-5.71;[sl]
2024.11.07 15:30:09;Sell;1.77;USDJPY.fx;153.700;153.670;152.700;2024.11.07 15:30:27;153.670;;;3.46;[sl]
2024.11.05 17:00:00;Sell;1.77;EURUSD.fx;1.09012;1.08982;1.08012;2024.11.05 17:00:06;1.08982;;;5.31;[sl]
2024.11.01 14:30:01;Buy;1.77;EURUSD.fx;1.08732;1.08840;1.09732;2024.11.01 14:30:17;1.08840;;;19.12;[sl]
2024.11.01 14:30:00;Sell;1.77;EURUSD.fx;1.08613;1.08663;1.07613;2024.11.01 14:30:00;1.08663;;;-8.85;[sl]
2024.11.01 09:30:00;Buy;1.77;USDCHF.fx;0.86473;0.86552;0.87473;2024.11.01 09:30:47;0.86629;;;31.87;
2024.10.31 14:30:02;Buy;1.77;EURUSD.fx;1.08771;1.08721;1.09771;2024.10.31 14:30:10;1.08721;;;-8.85;[sl]
2024.10.31 14:30:05;Sell;1.77;EURUSD.fx;1.08745;1.08795;1.07745;2024.10.31 14:30:05;1.08795;;;-8.85;[sl]
2024.10.30 14:15:05;Sell;1.77;USDJPY.fx;153.346;153.316;152.346;2024.10.30 14:15:21;153.316;;;3.46;[sl]
2024.10.30 14:15:02;Buy;1.77;USDJPY.fx;153.064;153.281;154.064;2024.10.30 14:15:12;153.281;;;25.06;[sl]
2024.10.30 11:00:00;Buy;1.77;EURUSD.fx;1.08383;1.08413;1.09383;2024.10.30 11:01:03;1.08494;;;19.65;
2024.10.29 16:00:02;Sell;1.77;USDJPY.fx;153.626;153.146;152.626;2024.10.29 16:00:13;153.146;;;55.48;[sl]
2024.10.25 15:30:00;Buy;1.77;USDCAD.fx;1.38503;1.38453;1.39503;2024.10.25 15:31:25;1.38487;;;-2.04;
2024.10.24 17:00:02;Sell;1.77;USDJPY.fx;152.172;152.222;151.172;2024.10.24 17:00:05;152.222;;;-5.81;[sl]
2024.10.24 16:45:03;Sell;1.77;USDJPY.fx;152.282;152.252;151.282;2024.10.24 16:45:05;152.252;;;3.49;[sl]
2024.10.24 16:45:00;Buy;1.77;USDJPY.fx;152.207;152.237;153.207;2024.10.24 16:45:03;152.237;;;3.49;[sl]
2024.10.24 15:30:00;Buy;1.77;USDJPY.fx;151.918;152.179;152.918;2024.10.24 15:30:11;152.179;;;30.36;[sl]
2024.10.24 15:30:02;Sell;1.77;USDJPY.fx;152.064;152.114;151.064;2024.10.24 15:30:02;152.114;;;-5.82;[sl]
2024.10.24 11:30:00;Sell;1.77;GBPUSD.fx;1.29621;1.29591;1.28621;2024.10.24 11:30:32;1.29591;;;5.31;[sl]
2024.10.24 10:30:00;Buy;1.77;EURUSD.fx;1.07772;1.07843;1.08772;2024.10.24 10:31:04;1.07944;;;30.45;
2024.10.24 10:15:00;Sell;1.77;EURUSD.fx;1.07842;1.07812;1.06842;2024.10.24 10:15:37;1.07812;;;5.31;[sl]
2024.10.23 16:45:04;Sell;1.77;USDCAD.fx;1.38394;1.38444;1.37394;2024.10.23 16:45:32;1.38444;;;-6.39;[sl]
2024.10.23 16:45:00;Buy;1.77;USDCAD.fx;1.38377;1.38407;1.39377;2024.10.23 16:45:04;1.38407;;;3.84;[sl]
2024.10.18 09:00:00;Buy;1.77;GBPUSD.fx;1.30310;1.30340;1.31310;2024.10.18 09:00:59;1.30400;;;15.93;
2024.10.17 15:30:04;Sell;1.77;USDJPY.fx;149.798;149.848;148.798;2024.10.17 15:30:04;149.848;;;-5.91;[sl]
2024.10.17 15:29:59;Buy;1.77;USDJPY.fx;149.554;149.504;150.554;2024.10.17 15:29:59;149.504;;;-5.92;[sl]
2024.10.15 15:30:01;Buy;1.77;USDCAD.fx;1.38223;1.38253;1.39223;2024.10.15 15:30:32;1.38253;;;3.84;[sl]
2024.10.11 15:30:00;Sell;1.77;USDCAD.fx;1.37766;1.37522;1.36766;2024.10.11 15:30:33;1.37426;;;43.79;
2024.10.10 15:30:03;Buy;1.77;USDJPY.fx;149.156;149.106;150.156;2024.10.10 15:30:04;149.106;;;-5.94;[sl]
2024.10.10 15:30:03;Buy;1.77;USDJPY.fx;148.997;148.947;149.997;2024.10.10 15:30:03;148.947;;;-5.94;[sl]
2024.10.04 15:30:02;Buy;1.77;USDJPY.fx;146.538;146.830;147.538;2024.10.04 15:30:06;146.830;;;35.20;[sl]
2024.10.03 15:30:08;Sell;1.77;USDJPY.fx;146.564;146.614;145.564;2024.10.03 15:30:11;146.614;;;-6.04;[sl]
2024.10.03 15:30:08;Buy;1.77;USDJPY.fx;146.607;146.557;147.607;2024.10.03 15:30:08;146.557;;;-6.04;[sl]
2024.10.03 15:30:05;Buy;1.77;USDJPY.fx;146.578;146.528;147.578;2024.10.03 15:30:06;146.528;;;-6.04;[sl]
2024.10.03 09:30:00;Buy;1.77;USDCHF.fx;0.85132;0.85186;0.86132;2024.10.03 09:31:30;0.85281;;;30.92;
2024.10.02 15:15:09;Sell;1.77;USDJPY.fx;144.872;144.922;143.872;2024.10.02 15:15:11;144.922;;;-6.11;[sl]
2024.10.02 15:15:01;Buy;1.77;USDJPY.fx;144.842;144.792;145.842;2024.10.02 15:15:01;144.792;;;-6.11;[sl]
2024.10.01 17:00:09;Sell;1.77;USDJPY.fx;143.768;143.519;142.768;2024.10.01 17:00:45;143.415;;;43.57;
2024.09.30 16:45:05;Buy;1.77;USDJPY.fx;143.022;143.052;144.022;2024.09.30 16:46:11;143.065;;;5.32;
2024.09.27 17:00:09;Sell;1.77;USDJPY.fx;142.549;142.507;141.549;2024.09.27 17:00:43;142.405;;;17.90;
2024.09.27 17:00:00;Buy;1.77;USDJPY.fx;142.594;142.544;143.594;2024.09.27 17:00:09;142.544;;;-6.21;[sl]
2024.09.27 15:30:03;Sell;1.77;USDJPY.fx;143.175;142.739;142.175;2024.09.27 15:30:50;142.739;;;54.07;[sl]
2024.09.27 15:30:02;Buy;1.77;USDJPY.fx;143.222;143.172;144.222;2024.09.27 15:30:03;143.172;;;-6.18;[sl]
2024.09.26 15:30:04;Sell;1.77;USDJPY.fx;144.308;144.358;143.308;2024.09.26 15:30:06;144.358;;;-6.13;[sl]
2024.09.26 15:30:01;Buy;1.77;USDJPY.fx;144.293;144.323;145.293;2024.09.26 15:30:04;144.323;;;3.68;[sl]
2024.09.26 10:30:10;Buy;1.77;USDCHF.fx;0.84800;0.84750;0.85800;2024.09.26 10:30:10;0.84750;;;-10.44;[sl]
2024.09.26 10:30:04;Sell;1.77;USDCHF.fx;0.85045;0.85095;0.84045;2024.09.26 10:30:04;0.85095;;;-10.40;[sl]
2024.09.24 17:00:01;Sell;1.77;USDJPY.fx;144.042;143.820;143.042;2024.09.24 17:00:50;143.820;;;27.32;[sl]
2024.09.24 17:00:05;Buy;1.77;USDJPY.fx;143.975;143.925;144.975;2024.09.24 17:00:06;143.925;;;-6.15;[sl]
2024.09.24 07:30:02;Buy;1.77;AUDUSD.fx;0.68533;0.68483;0.69533;2024.09.24 07:30:58;0.68558;;;4.43;
2024.09.23 16:45:03;Buy;1.77;USDJPY.fx;143.602;143.895;144.602;2024.09.23 16:45:29;143.954;;;43.28;
2024.09.23 16:45:00;Sell;1.77;USDJPY.fx;143.734;143.640;142.734;2024.09.23 16:45:04;143.640;;;11.58;[sl]
2024.09.23 11:30:00;Sell;1.77;GBPUSD.fx;1.32550;1.32600;1.31550;2024.09.23 11:30:18;1.32600;;;-8.85;[sl]
2024.09.23 10:30:00;Sell;1.77;EURUSD.fx;1.11215;1.11174;1.10215;2024.09.23 10:32:10;1.11156;;;10.45;
2024.09.23 10:15:04;Sell;1.77;EURUSD.fx;1.11339;1.11285;1.10339;2024.09.23 10:17:06;1.11214;;;22.12;
2024.09.20 09:00:00;Buy;1.77;GBPUSD.fx;1.32983;1.33025;1.33983;2024.09.20 09:01:22;1.33025;;;7.44;[sl]
2024.09.19 15:30:00;Buy;1.77;USDJPY.fx;142.808;143.142;143.808;2024.09.19 15:30:38;143.253;;;54.98;
2024.09.19 14:00:00;Sell;1.77;GBPUSD.fx;1.32601;1.32651;1.31601;2024.09.19 14:00:00;1.32651;;;-8.85;[sl]
2024.09.19 14:00:00;Buy;1.77;GBPUSD.fx;1.32691;1.32641;1.33691;2024.09.19 14:00:00;1.32641;;;-8.85;[sl]
2024.09.18 20:59:59;Sell;1.77;USDJPY.fx;141.969;142.019;140.969;2024.09.18 20:59:59;142.019;;;-6.23;[sl]
2024.09.18 20:59:59;Buy;1.77;USDJPY.fx;142.091;142.041;143.091;2024.09.18 20:59:59;142.041;;;-6.23;[sl]
2024.09.18 15:30:01;Buy;1.77;USDJPY.fx;141.947;141.897;142.947;2024.09.18 15:32:07;141.961;;;1.75;
2024.09.17 15:30:01;Buy;1.77;USDCAD.fx;1.35963;1.35993;1.36963;2024.09.17 15:30:12;1.35993;;;3.90;[sl]
2024.09.16 15:30:00;Buy;1.77;USDJPY.fx;139.876;139.906;140.876;2024.09.16 15:30:17;139.906;;;3.80;[sl]
2024.09.12 15:30:02;Buy;1.77;USDJPY.fx;142.276;142.226;143.276;2024.09.12 15:30:03;142.226;;;-6.22;[sl]
2024.09.12 15:30:00;Sell;1.77;USDJPY.fx;142.304;142.274;141.304;2024.09.12 15:30:02;142.274;;;3.73;[sl]
2024.09.11 15:30:01;Buy;1.77;USDJPY.fx;141.866;142.098;142.866;2024.09.11 15:30:13;142.098;;;28.90;[sl]
2024.09.06 15:30:07;Sell;1.77;USDJPY.fx;143.821;143.462;142.821;2024.09.06 15:30:11;143.462;;;44.29;[sl]
2024.09.06 15:30:03;Buy;1.77;USDJPY.fx;143.784;143.734;144.784;2024.09.06 15:30:03;143.734;;;-6.16;[sl]
2024.09.06 15:30:02;Sell;1.77;USDJPY.fx;143.214;143.264;142.214;2024.09.06 15:30:02;143.264;;;-6.18;[sl]
2024.09.06 15:30:01;Buy;1.77;USDJPY.fx;143.439;143.389;144.439;2024.09.06 15:30:01;143.389;;;-6.17;[sl]
2024.09.06 15:29:59;Sell;1.77;USDJPY.fx;143.194;143.244;142.194;2024.09.06 15:29:59;143.244;;;-6.18;[sl]
2024.09.05 17:00:02;Sell;1.77;USDJPY.fx;143.321;143.371;142.321;2024.09.05 17:00:05;143.371;;;-6.17;[sl]
2024.09.05 17:00:00;Buy;1.77;USDJPY.fx;143.226;143.267;144.226;2024.09.05 17:00:02;143.267;;;5.07;[sl]
2024.09.05 16:45:04;Sell;1.77;USDJPY.fx;143.229;143.279;142.229;2024.09.05 16:46:26;143.235;;;-0.74;
2024.09.05 16:45:00;Buy;1.77;USDJPY.fx;143.189;143.219;144.189;2024.09.05 16:45:04;143.219;;;3.71;[sl]
2024.09.05 15:30:00;Buy;1.77;USDJPY.fx;143.010;143.178;144.010;2024.09.05 15:30:19;143.178;;;20.77;[sl]
2024.09.04 17:00:02;Sell;1.77;USDJPY.fx;144.754;144.308;143.754;2024.09.04 17:00:57;144.308;;;54.70;[sl]
2024.09.04 16:45:05;Sell;1.77;USDCAD.fx;1.35506;1.35476;1.34506;2024.09.04 16:45:26;1.35407;;;12.94;
2024.09.04 16:45:00;Buy;1.77;USDCAD.fx;1.35521;1.35471;1.36521;2024.09.04 16:45:08;1.35471;;;-6.53;[sl]
2024.09.03 17:00:41;Buy;1.77;USDJPY.fx;145.215;145.556;146.215;2024.09.03 17:01:38;145.556;;;41.47;[sl]
2024.09.03 17:00:38;Sell;1.77;USDJPY.fx;145.395;145.252;144.395;2024.09.03 17:00:42;145.252;;;17.43;[sl]
2024.09.03 09:30:39;Sell;1.77;USDCHF.fx;0.85227;0.85277;0.84227;2024.09.03 09:30:40;0.85277;;;-10.38;[sl]
2024.09.03 09:30:37;Buy;1.77;USDCHF.fx;0.85193;0.85223;0.86193;2024.09.03 09:30:39;0.85223;;;6.23;[sl]
2024.08.29 15:30:33;Sell;1.77;USDJPY.fx;144.645;144.695;143.645;2024.08.29 15:30:39;144.695;;;-6.12;[sl]
2024.08.29 15:30:35;Buy;1.77;USDJPY.fx;144.676;144.626;145.676;2024.08.29 15:30:35;144.626;;;-6.12;[sl]
2024.08.23 17:00:35;Sell;1.77;USDJPY.fx;146.184;145.940;145.184;2024.08.23 17:00:53;145.940;;;29.59;[sl]
2024.08.23 17:00:28;Buy;1.77;USDJPY.fx;146.302;146.252;147.302;2024.08.23 17:00:28;146.252;;;-6.05;[sl]
2024.08.22 17:00:28;Buy;1.77;USDJPY.fx;146.318;146.268;147.318;2024.08.22 17:01:08;146.373;;;6.65;
2024.08.22 16:45:26;Buy;1.77;USDJPY.fx;146.246;146.378;147.246;2024.08.22 16:46:04;146.378;;;15.96;[sl]
2024.08.22 16:45:25;Sell;1.77;USDJPY.fx;146.164;146.214;145.164;2024.08.22 16:45:26;146.214;;;-6.05;[sl]
2024.08.22 15:30:30;Buy;1.77;USDJPY.fx;145.944;146.138;146.944;2024.08.22 15:30:56;146.276;;;40.17;
2024.08.22 15:30:26;Sell;1.77;USDJPY.fx;146.098;146.009;145.098;2024.08.22 15:30:31;146.009;;;10.79;[sl]
2024.08.22 11:30:25;Buy;1.77;GBPUSD.fx;1.31041;1.31071;1.32041;2024.08.22 11:31:28;1.31071;;;5.31;[sl]
2024.08.22 10:30:26;Sell;1.77;EURUSD.fx;1.11430;1.11400;1.10430;2024.08.22 10:31:46;1.11351;;;13.98;
2024.08.22 10:15:32;Sell;1.77;EURUSD.fx;1.11606;1.11656;1.10606;2024.08.22 10:16:31;1.11564;;;7.43;
2024.08.22 10:15:26;Buy;1.77;EURUSD.fx;1.11568;1.11598;1.12568;2024.08.22 10:15:45;1.11598;;;5.31;[sl]
2024.08.20 15:30:29;Buy;1.77;USDCAD.fx;1.36110;1.36140;1.37110;2024.08.20 15:32:06;1.36176;;;8.58;
2024.08.16 15:30:25;Sell;1.77;USDJPY.fx;147.962;148.012;146.962;2024.08.16 15:31:04;147.910;;;6.22;
2024.08.15 15:30:20;Buy;1.77;USDJPY.fx;147.305;148.136;148.305;2024.08.15 15:31:18;148.136;;;99.29;[sl]
2024.08.15 15:30:28;Sell;1.77;USDJPY.fx;147.746;147.796;146.746;2024.08.15 15:30:28;147.796;;;-5.99;[sl]
2024.08.14 15:30:28;Buy;1.77;USDJPY.fx;146.611;146.641;147.611;2024.08.14 15:30:31;146.641;;;3.62;[sl]
2024.08.14 15:30:19;Sell;1.77;USDJPY.fx;146.876;146.926;145.876;2024.08.14 15:30:19;146.926;;;-6.02;[sl]
2024.08.14 09:00:20;Sell;1.77;GBPUSD.fx;1.28557;1.28314;1.27557;2024.08.14 09:01:22;1.28314;;;43.01;[sl]
2024.08.13 15:30:27;Buy;1.77;USDJPY.fx;147.167;147.197;148.167;2024.08.13 15:30:29;147.197;;;3.61;[sl]
2024.08.13 15:30:19;Sell;1.77;USDJPY.fx;147.365;147.189;146.365;2024.08.13 15:30:27;147.189;;;21.16;[sl]
2024.08.13 09:00:18;Buy;1.77;GBPUSD.fx;1.27848;1.27898;1.28848;2024.08.13 09:01:59;1.27982;;;23.71;
2024.08.09 15:30:17;Sell;1.77;USDCAD.fx;1.37429;1.37479;1.36429;2024.08.09 15:30:48;1.37416;;;1.67;
2024.08.09 15:30:14;Buy;1.77;USDCAD.fx;1.37520;1.37470;1.38520;2024.08.09 15:30:17;1.37470;;;-6.44;[sl]
2024.08.08 15:30:13;Buy;1.77;USDJPY.fx;146.120;146.597;147.120;2024.08.08 15:30:23;146.597;;;57.59;[sl]
2024.08.08 15:30:18;Sell;1.77;USDJPY.fx;146.352;146.402;145.352;2024.08.08 15:30:18;146.402;;;-6.04;[sl]
2024.08.05 17:00:14;Buy;1.77;EURUSD.fx;1.09723;1.09673;1.10723;2024.08.05 17:00:18;1.09673;;;-8.85;[sl]
2024.08.05 17:00:10;Sell;1.77;EURUSD.fx;1.09765;1.09735;1.08765;2024.08.05 17:00:14;1.09735;;;5.31;[sl]
2024.08.02 15:30:06;Sell;1.77;USDJPY.fx;148.954;149.004;147.954;2024.08.02 15:30:06;149.004;;;-5.94;[sl]
2024.08.02 15:30:06;Buy;1.77;USDJPY.fx;149.057;149.007;150.057;2024.08.02 15:30:06;149.007;;;-5.94;[sl]
2024.08.01 17:00:09;Buy;1.77;USDJPY.fx;150.259;150.289;151.259;2024.08.01 17:00:20;150.289;;;3.53;[sl]
2024.08.01 17:00:06;Sell;1.77;USDJPY.fx;150.474;150.298;149.474;2024.08.01 17:00:11;150.298;;;20.73;[sl]
2024.08.01 15:30:09;Buy;1.77;USDJPY.fx;150.355;150.305;151.355;2024.08.01 15:30:16;150.305;;;-5.89;[sl]
2024.08.01 15:30:06;Sell;1.77;USDJPY.fx;150.567;150.385;149.567;2024.08.01 15:30:10;150.385;;;21.42;[sl]
2024.07.26 15:30:06;Buy;1.77;USDJPY.fx;154.548;154.578;155.548;2024.07.26 15:30:13;154.578;;;3.44;[sl]
2024.07.26 15:30:03;Sell;1.77;USDJPY.fx;154.455;154.505;153.455;2024.07.26 15:30:03;154.505;;;-5.73;[sl]
2024.07.25 15:30:05;Buy;1.77;USDJPY.fx;152.877;152.907;153.877;2024.07.25 15:30:07;152.907;;;3.47;[sl]
2024.07.25 15:30:00;Sell;1.77;USDJPY.fx;152.784;152.834;151.784;2024.07.25 15:30:01;152.834;;;-5.79;[sl]
2024.07.24 11:30:00;Buy;1.77;GBPUSD.fx;1.28856;1.28806;1.29856;2024.07.24 11:30:44;1.28897;;;7.26;
2024.07.24 10:30:00;Sell;1.77;EURUSD.fx;1.08435;1.08405;1.07435;2024.07.24 10:31:23;1.08378;;;10.09;
2024.07.24 10:15:00;Buy;1.77;EURUSD.fx;1.08491;1.08441;1.09491;2024.07.24 10:15:06;1.08441;;;-8.85;[sl]
2024.07.19 15:30:01;Buy;1.77;USDCAD.fx;1.37181;1.37131;1.38181;2024.07.19 15:33:41;1.37223;;;5.42;
2024.07.17 09:00:01;Buy;1.77;GBPUSD.fx;1.29786;1.29816;1.30786;2024.07.17 09:00:38;1.29816;;;5.31;[sl]
2024.07.16 15:30:00;Buy;1.77;USDCAD.fx;1.36709;1.36821;1.37709;2024.07.16 15:30:14;1.36821;;;14.49;[sl]
2024.07.12 15:30:01;Buy;1.77;USDJPY.fx;158.621;158.824;159.621;2024.07.12 15:30:17;158.824;;;22.62;[sl]
2024.07.11 15:30:01;Sell;1.77;USDJPY.fx;161.478;160.911;160.478;2024.07.11 15:31:39;160.863;;;67.67;
2024.07.11 09:00:01;Buy;1.77;GBPUSD.fx;1.28601;1.28631;1.29601;2024.07.11 09:07:54;1.28664;;;11.15;
2024.07.05 15:30:02;Buy;1.77;USDJPY.fx;160.722;160.979;161.722;2024.07.05 15:30:10;160.979;;;28.26;[sl]
2024.07.05 15:30:04;Sell;1.77;USDJPY.fx;160.803;160.853;159.803;2024.07.05 15:30:04;160.853;;;-5.50;[sl]
2024.07.04 11:34:10;Sell;20.00;USDJPY.fx;161.311;;;2024.07.04 11:34:13;161.317;;;-7.44;
2024.07.04 11:34:10;Sell;20.00;USDJPY.fx;161.311;;;2024.07.04 11:34:12;161.319;;;-9.92;
2024.07.04 11:34:06;Sell;20.00;USDJPY.fx;161.313;;;2024.07.04 11:34:08;161.323;;;-12.40;
2024.07.04 11:34:05;Sell;20.00;USDJPY.fx;161.313;;;2024.07.04 11:34:08;161.323;;;-12.40;
2024.07.04 11:34:01;Sell;20.00;USDJPY.fx;161.312;;;2024.07.04 11:34:04;161.326;;;-17.36;
2024.07.04 11:34:01;Sell;20.00;USDJPY.fx;161.312;;;2024.07.04 11:34:03;161.326;;;-17.36;
2024.07.04 11:33:57;Sell;20.00;USDJPY.fx;161.311;;;2024.07.04 11:33:59;161.323;;;-14.88;
2024.07.04 11:33:56;Sell;20.00;USDJPY.fx;161.308;;;2024.07.04 11:33:59;161.323;;;-18.60;
2024.07.04 11:33:50;Sell;20.00;USDJPY.fx;161.304;;;2024.07.04 11:33:55;161.318;;;-17.36;
2024.07.04 11:33:52;Sell;20.00;USDJPY.fx;161.304;;;2024.07.04 11:33:54;161.317;;;-16.12;
2024.07.04 11:33:46;Sell;20.00;USDJPY.fx;161.304;;;2024.07.04 11:33:48;161.315;;;-13.64;
2024.07.04 11:33:45;Sell;20.00;USDJPY.fx;161.304;;;2024.07.04 11:33:48;161.315;;;-13.64;
2024.07.04 11:33:40;Sell;20.00;USDJPY.fx;161.304;;;2024.07.04 11:33:44;161.316;;;-14.88;
2024.07.04 11:33:40;Sell;20.00;USDJPY.fx;161.304;;;2024.07.04 11:33:42;161.315;;;-13.64;
2024.07.04 11:33:35;Buy;20.00;USDJPY.fx;161.312;;;2024.07.04 11:33:38;161.303;;;-11.16;
2024.07.04 11:33:36;Buy;20.00;USDJPY.fx;161.312;;;2024.07.04 11:33:37;161.303;;;-11.16;
2024.07.04 11:33:29;Sell;20.00;USDJPY.fx;161.292;;;2024.07.04 11:33:33;161.304;;;-14.88;
2024.07.04 11:33:29;Sell;20.00;USDJPY.fx;161.292;;;2024.07.04 11:33:31;161.304;;;-14.88;
2024.07.04 11:33:25;Buy;20.00;USDJPY.fx;161.304;;;2024.07.04 11:33:27;161.292;;;-14.88;
2024.07.04 11:33:24;Buy;20.00;USDJPY.fx;161.304;;;2024.07.04 11:33:27;161.292;;;-14.88;
2024.07.04 11:33:16;Buy;20.00;USDJPY.fx;161.303;;;2024.07.04 11:33:23;161.293;;;-12.40;
2024.07.04 11:33:16;Buy;20.00;USDJPY.fx;161.303;;;2024.07.04 11:33:22;161.293;;;-12.40;
2024.07.04 09:30:03;Sell;1.77;USDCHF.fx;0.90158;0.90208;0.89158;2024.07.04 09:30:10;0.90208;;;-9.81;[sl]
2024.07.04 09:30:00;Buy;1.77;USDCHF.fx;0.90110;0.90140;0.91110;2024.07.04 09:30:03;0.90140;;;5.89;[sl]
2024.07.03 17:00:09;Buy;1.77;USDJPY.fx;161.394;161.424;162.394;2024.07.03 17:00:29;161.424;;;3.29;[sl]
2024.07.03 17:00:00;Sell;1.77;USDJPY.fx;161.661;161.461;160.661;2024.07.03 17:00:12;161.461;;;21.92;[sl]
2024.07.03 15:30:06;Sell;1.77;USDJPY.fx;161.824;161.874;160.824;2024.07.03 15:30:16;161.874;;;-5.47;[sl]
2024.07.02 17:00:02;Buy;1.77;USDJPY.fx;161.419;161.449;162.419;2024.07.02 17:00:53;161.531;;;12.27;
2024.07.01 17:00:06;Buy;1.77;USDJPY.fx;161.026;161.129;162.026;2024.07.01 17:00:45;161.200;;;19.11;
2024.07.01 17:00:00;Sell;1.77;USDJPY.fx;161.307;161.091;160.307;2024.07.01 17:00:07;161.091;;;23.73;[sl]
2024.07.01 08:32:38;Buy;20.00;GBPUSD.fx;1.26633;;;2024.07.01 08:32:41;1.26620;;;-26.00;
2024.07.01 08:32:30;Buy;20.00;GBPUSD.fx;1.26636;;;2024.07.01 08:32:32;1.26621;;;-30.00;
2024.07.01 08:32:29;Buy;20.00;GBPUSD.fx;1.26636;;;2024.07.01 08:32:32;1.26621;;;-30.00;
2024.07.01 08:32:25;Buy;20.00;GBPUSD.fx;1.26636;;;2024.07.01 08:32:28;1.26621;;;-30.00;
2024.07.01 08:32:25;Buy;20.00;GBPUSD.fx;1.26636;;;2024.07.01 08:32:27;1.26620;;;-32.00;
2024.07.01 08:32:20;Buy;20.00;GBPUSD.fx;1.26626;;;2024.07.01 08:32:23;1.26618;;;-16.00;
2024.07.01 08:32:21;Buy;20.00;GBPUSD.fx;1.26626;;;2024.07.01 08:32:22;1.26617;;;-18.00;
2024.07.01 08:32:16;Buy;20.00;GBPUSD.fx;1.26626;;;2024.07.01 08:32:19;1.26611;;;-30.00;
2024.07.01 08:32:16;Buy;20.00;GBPUSD.fx;1.26626;;;2024.07.01 08:32:18;1.26610;;;-32.00;
2024.07.01 08:32:12;Buy;20.00;GBPUSD.fx;1.26626;;;2024.07.01 08:32:14;1.26610;;;-32.00;
2024.07.01 08:32:12;Buy;20.00;GBPUSD.fx;1.26626;;;2024.07.01 08:32:14;1.26610;;;-32.00;
2024.07.01 08:32:08;Buy;20.00;GBPUSD.fx;1.26625;;;2024.07.01 08:32:10;1.26610;;;-30.00;
2024.07.01 08:32:07;Buy;20.00;GBPUSD.fx;1.26625;;;2024.07.01 08:32:10;1.26610;;;-30.00;
2024.07.01 08:32:02;Buy;20.00;GBPUSD.fx;1.26625;;;2024.07.01 08:32:06;1.26610;;;-30.00;
2024.07.01 08:32:03;Buy;20.00;GBPUSD.fx;1.26625;;;2024.07.01 08:32:05;1.26610;;;-30.00;
2024.07.01 08:31:59;Buy;20.00;GBPUSD.fx;1.26625;;;2024.07.01 08:32:01;1.26610;;;-30.00;
2024.07.01 08:31:58;Buy;20.00;GBPUSD.fx;1.26625;;;2024.07.01 08:32:01;1.26610;;;-30.00;
2024.07.01 08:31:52;Buy;20.00;GBPUSD.fx;1.26625;;;2024.07.01 08:31:57;1.26610;;;-30.00;
2024.07.01 08:31:53;Buy;20.00;GBPUSD.fx;1.26625;;;2024.07.01 08:31:56;1.26610;;;-30.00;
2024.07.01 08:31:48;Buy;20.00;GBPUSD.fx;1.26626;;;2024.07.01 08:31:51;1.26610;;;-32.00;
2024.07.01 08:31:47;Buy;20.00;GBPUSD.fx;1.26626;;;2024.07.01 08:31:51;1.26610;;;-32.00;
2024.06.28 15:30:04;Sell;1.77;USDJPY.fx;160.541;160.511;159.541;2024.06.28 15:30:13;160.511;;;3.31;[sl]
2024.06.28 15:30:02;Buy;1.77;USDJPY.fx;160.627;160.577;161.627;2024.06.28 15:30:03;160.577;;;-5.51;[sl]
2024.06.27 15:30:03;Sell;1.77;USDJPY.fx;160.446;160.416;159.446;2024.06.27 15:30:17;160.416;;;3.31;[sl]
2024.06.27 15:30:09;Buy;1.77;USDJPY.fx;160.401;160.351;161.401;2024.06.27 15:30:13;160.351;;;-5.52;[sl]
2024.06.27 15:24:51;Sell;20.00;USDJPY.fx;160.470;;;2024.06.27 15:24:54;160.481;;;-13.71;
2024.06.27 15:24:51;Sell;20.00;USDJPY.fx;160.470;;;2024.06.27 15:24:53;160.481;;;-13.71;
2024.06.27 15:24:44;Buy;20.00;USDJPY.fx;160.482;;;2024.06.27 15:24:48;160.468;;;-17.45;
2024.06.27 15:24:45;Buy;20.00;USDJPY.fx;160.481;;;2024.06.27 15:24:47;160.468;;;-16.20;
2024.06.27 15:24:40;Sell;20.00;USDJPY.fx;160.468;;;2024.06.27 15:24:43;160.484;;;-19.94;
2024.06.27 15:24:41;Sell;20.00;USDJPY.fx;160.468;;;2024.06.27 15:24:42;160.482;;;-17.45;
2024.06.27 15:24:36;Sell;20.00;USDJPY.fx;160.469;;;2024.06.27 15:24:38;160.480;;;-13.71;
2024.06.27 15:24:35;Sell;20.00;USDJPY.fx;160.470;;;2024.06.27 15:24:38;160.479;;;-11.22;
2024.06.27 15:24:31;Buy;20.00;USDJPY.fx;160.474;;;2024.06.27 15:24:34;160.470;;;-4.99;
2024.06.27 15:24:32;Buy;20.00;USDJPY.fx;160.474;;;2024.06.27 15:24:33;160.467;;;-8.72;
2024.06.27 15:24:27;Buy;20.00;USDJPY.fx;160.474;;;2024.06.27 15:24:30;160.461;;;-16.20;
2024.06.27 15:24:28;Buy;20.00;USDJPY.fx;160.474;;;2024.06.27 15:24:29;160.461;;;-16.20;
2024.06.27 15:24:20;Buy;20.00;USDJPY.fx;160.479;;;2024.06.27 15:24:24;160.462;;;-21.19;
2024.06.27 15:24:20;Buy;20.00;USDJPY.fx;160.478;;;2024.06.27 15:24:23;160.462;;;-19.94;
2024.06.26 16:54:47;Buy;20.00;USDJPY.fx;160.468;;;2024.06.26 16:54:50;160.458;;;-12.46;
2024.06.26 16:54:47;Buy;20.00;USDJPY.fx;160.468;;;2024.06.26 16:54:49;160.458;;;-12.46;
2024.06.26 16:54:40;Buy;20.00;USDJPY.fx;160.468;;;2024.06.26 16:54:44;160.457;;;-13.71;
2024.06.26 16:54:41;Buy;20.00;USDJPY.fx;160.468;;;2024.06.26 16:54:43;160.457;;;-13.71;
2024.06.26 16:54:36;Buy;20.00;USDJPY.fx;160.467;;;2024.06.26 16:54:39;160.457;;;-12.46;
2024.06.26 16:54:37;Buy;20.00;USDJPY.fx;160.467;;;2024.06.26 16:54:38;160.457;;;-12.46;
2024.06.26 16:54:31;Buy;20.00;USDJPY.fx;160.463;;;2024.06.26 16:54:35;160.456;;;-8.73;
2024.06.26 16:54:32;Buy;20.00;USDJPY.fx;160.466;;;2024.06.26 16:54:34;160.456;;;-12.46;
2024.06.26 16:54:26;Buy;20.00;USDJPY.fx;160.470;;;2024.06.26 16:54:30;160.459;;;-13.71;
2024.06.26 16:54:27;Buy;20.00;USDJPY.fx;160.470;;;2024.06.26 16:54:29;160.460;;;-12.46;
2024.06.25 16:55:55;Buy;20.00;USDJPY.fx;159.618;;;2024.06.25 16:56:01;159.604;;;-17.54;
2024.06.25 16:55:56;Buy;20.00;USDJPY.fx;159.618;;;2024.06.25 16:56:00;159.604;;;-17.54;
2024.06.25 16:55:50;Buy;20.00;USDJPY.fx;159.614;;;2024.06.25 16:55:54;159.605;;;-11.28;
2024.06.25 16:55:49;Buy;20.00;USDJPY.fx;159.609;;;2024.06.25 16:55:54;159.605;;;-5.01;
2024.06.25 16:55:51;Buy;20.00;USDJPY.fx;159.618;;;2024.06.25 16:55:53;159.605;;;-16.29;
2024.06.25 16:55:42;Buy;20.00;USDJPY.fx;159.610;;;2024.06.25 16:55:48;159.594;;;-20.05;
2024.06.25 16:55:43;Buy;20.00;USDJPY.fx;159.612;;;2024.06.25 16:55:47;159.597;;;-18.80;
2024.06.25 16:55:43;Buy;20.00;USDJPY.fx;159.611;;;2024.06.25 16:55:46;159.597;;;-17.54;
2024.06.25 16:55:33;Buy;40.00;USDJPY.fx;159.603;;;2024.06.25 16:55:37;159.591;;;-30.08;
2024.06.25 16:55:25;Buy;20.00;USDJPY.fx;159.609;;;2024.06.25 16:55:29;159.598;;;-13.78;
2024.06.25 16:55:24;Buy;20.00;USDJPY.fx;159.609;;;2024.06.25 16:55:28;159.597;;;-15.04;
2024.06.25 16:55:23;Buy;20.00;USDJPY.fx;159.609;;;2024.06.25 16:55:27;159.597;;;-15.04;
2024.06.25 15:30:00;Sell;1.77;USDCAD.fx;1.36718;1.36362;1.35718;2024.06.25 15:30:05;1.36362;;;46.21;[sl]
2024.06.25 15:30:04;Buy;1.77;USDCAD.fx;1.36341;1.36291;1.37341;2024.06.25 15:30:04;1.36291;;;-6.49;[sl]
2024.06.21 16:45:00;Buy;1.77;USDJPY.fx;158.979;158.929;159.979;2024.06.21 16:45:01;158.929;;;-5.57;[sl]
2024.06.21 15:30:00;Sell;1.77;USDCAD.fx;1.36951;1.37001;1.35951;2024.06.21 15:32:02;1.36963;;;-1.55;
2024.06.21 15:26:22;Buy;40.00;USDCAD.fx;1.36972;;;2024.06.21 15:26:24;1.36958;;;-40.89;
2024.06.21 15:26:14;Buy;40.00;USDCAD.fx;1.36973;;;2024.06.21 15:26:18;1.36958;;;-43.81;
2024.06.21 15:25:54;Buy;20.00;USDCAD.fx;1.36989;;;2024.06.21 15:26:12;1.36959;;;-43.81;
2024.06.21 15:26:06;Buy;40.00;USDCAD.fx;1.36983;;;2024.06.21 15:26:11;1.36959;;;-70.09;
2024.06.21 15:24:59;Buy;10.00;USDCAD.fx;1.37000;;;2024.06.21 15:25:01;1.36987;;;-9.49;
2024.06.21 15:24:50;Buy;5.00;USDCAD.fx;1.36999;;;2024.06.21 15:24:52;1.36987;;;-4.38;
2024.06.21 11:30:00;Sell;1.77;GBPUSD.fx;1.26438;1.26408;1.25438;2024.06.21 11:30:06;1.26408;;;5.31;[sl]
2024.06.21 11:30:03;Buy;1.77;GBPUSD.fx;1.26404;1.26354;1.27404;2024.06.21 11:30:03;1.26354;;;-8.85;[sl]
2024.06.21 10:30:00;Sell;1.77;EURUSD.fx;1.06949;1.06867;1.05949;2024.06.21 10:32:25;1.06783;;;29.38;
2024.06.21 10:15:00;Sell;1.77;EURUSD.fx;1.07023;1.06993;1.06023;2024.06.21 10:16:13;1.06993;;;5.31;[sl]
2024.06.21 09:00:01;Buy;1.77;GBPUSD.fx;1.26683;1.26633;1.27683;2024.06.21 09:03:22;1.26675;;;-1.41;
2024.06.20 10:30:06;Sell;1.77;USDCHF.fx;0.88734;0.88784;0.87734;2024.06.20 10:30:06;0.88784;;;-9.97;[sl]
2024.06.20 10:30:02;Buy;1.77;USDCHF.fx;0.88471;0.88421;0.89471;2024.06.20 10:30:02;0.88421;;;-10.01;[sl]
2024.06.18 15:29:58;Sell;1.77;USDJPY.fx;158.029;158.079;157.029;2024.06.18 15:29:59;158.079;;;-5.60;[sl]
2024.06.14 15:30:09;Sell;1.77;USDJPY.fx;157.157;157.207;156.157;2024.06.14 15:30:29;157.179;;;-2.48;
2024.06.13 15:30:02;Sell;1.77;USDJPY.fx;157.028;156.998;156.028;2024.06.13 15:30:07;156.998;;;3.38;[sl]
2024.06.13 15:30:00;Buy;1.77;USDJPY.fx;157.110;157.060;158.110;2024.06.13 15:30:01;157.060;;;-5.63;[sl]
2024.06.12 15:30:02;Sell;1.77;USDJPY.fx;157.148;156.453;156.148;2024.06.12 15:31:08;156.453;;;78.63;[sl]
2024.06.12 09:00:00;Buy;1.77;GBPUSD.fx;1.27527;1.27477;1.28527;2024.06.12 09:00:34;1.27477;;;-8.85;[sl]
2024.06.07 15:30:00;Sell;1.77;USDJPY.fx;155.508;155.558;154.508;2024.06.07 15:30:00;155.558;;;-5.69;[sl]
2024.06.07 15:30:00;Buy;1.77;USDJPY.fx;155.606;155.556;156.606;2024.06.07 15:30:00;155.556;;;-5.69;[sl]
2024.06.06 15:30:07;Buy;1.77;USDJPY.fx;155.965;155.915;156.965;2024.06.06 15:30:19;155.915;;;-5.68;[sl]
2024.06.06 15:30:02;Sell;1.77;USDJPY.fx;156.066;156.013;155.066;2024.06.06 15:30:08;156.013;;;6.01;[sl]
2024.06.05 17:00:00;Buy;1.77;USDJPY.fx;155.844;156.059;156.844;2024.06.05 17:00:17;156.059;;;24.39;[sl]
2024.06.05 17:00:09;Sell;1.77;USDJPY.fx;156.105;156.155;155.105;2024.06.05 17:00:10;156.155;;;-5.67;[sl]
2024.06.05 16:45:10;Buy;1.77;USDJPY.fx;155.885;155.835;156.885;2024.06.05 16:45:41;155.895;;;1.14;
2024.06.05 16:45:01;Sell;1.77;USDJPY.fx;155.856;155.906;154.856;2024.06.05 16:45:16;155.906;;;-5.68;[sl]
2024.06.05 15:15:01;Sell;1.77;USDJPY.fx;156.011;156.061;155.011;2024.06.05 15:18:51;156.061;;;-5.67;[sl]
2024.06.04 17:00:00;Sell;1.77;USDJPY.fx;154.845;154.667;153.845;2024.06.04 17:00:36;154.622;;;25.53;
2024.06.03 17:00:01;Sell;1.77;USDJPY.fx;156.616;156.461;155.616;2024.06.03 17:02:04;156.461;;;17.53;[sl]
2024.05.31 15:30:01;Sell;1.77;USDJPY.fx;157.070;157.120;156.070;2024.05.31 15:30:04;157.120;;;-5.63;[sl]
2024.05.30 17:00:00;Sell;1.77;USDJPY.fx;156.691;156.741;155.691;2024.05.30 17:00:24;156.705;;;-1.58;
2024.05.30 15:30:00;Sell;1.77;USDJPY.fx;156.776;156.826;155.776;2024.05.30 15:30:00;156.826;;;-5.64;[sl]
2024.05.28 17:00:01;Buy;1.77;USDJPY.fx;156.866;156.816;157.866;2024.05.28 17:02:15;156.891;;;2.82;
2024.05.24 17:00:09;Sell;1.77;USDJPY.fx;157.003;157.053;156.003;2024.05.24 17:00:57;157.026;;;-2.59;
2024.05.24 15:30:01;Buy;1.77;USDCAD.fx;1.37180;1.37130;1.38180;2024.05.24 15:32:20;1.37162;;;-2.32;
2024.05.24 09:00:01;Sell;1.77;GBPUSD.fx;1.26846;1.26816;1.25846;2024.05.24 09:00:40;1.26816;;;5.31;[sl]
2024.05.23 10:30:04;Sell;1.77;EURUSD.fx;1.08285;1.08335;1.07285;2024.05.23 10:36:51;1.08248;;;6.55;
2024.05.23 10:30:00;Buy;1.77;EURUSD.fx;1.08189;1.08230;1.09189;2024.05.23 10:30:47;1.08230;;;7.26;[sl]
2024.05.23 10:15:00;Sell;1.77;EURUSD.fx;1.08234;1.08204;1.07234;2024.05.23 10:15:07;1.08204;;;5.31;[sl]
2024.05.22 09:00:00;Buy;1.77;GBPUSD.fx;1.27154;1.27367;1.28154;2024.05.22 09:00:47;1.27367;;;37.70;[sl]
2024.05.21 15:30:00;Buy;1.77;USDCAD.fx;1.36272;1.36302;1.37272;2024.05.21 15:30:19;1.36302;;;3.90;[sl]
2024.05.16 15:30:05;Sell;1.77;USDJPY.fx;154.749;154.719;153.749;2024.05.16 15:30:24;154.719;;;3.43;[sl]
2024.05.15 15:30:00;Sell;1.77;USDJPY.fx;155.498;155.548;154.498;2024.05.15 15:30:01;155.548;;;-5.69;[sl]
2024.05.15 15:30:01;Buy;1.77;USDJPY.fx;155.581;155.531;156.581;2024.05.15 15:30:01;155.531;;;-5.69;[sl]
2024.05.14 15:30:01;Buy;1.77;USDJPY.fx;156.494;156.655;157.494;2024.05.14 15:31:05;156.655;;;18.19;[sl]
2024.05.10 17:00:00;Buy;1.77;USDJPY.fx;155.679;155.629;156.679;2024.05.10 17:01:06;155.641;;;-4.32;
2024.05.10 15:30:09;Buy;1.77;USDCAD.fx;1.36402;1.36432;1.37402;2024.05.10 15:32:26;1.36476;;;9.60;
2024.05.10 15:30:00;Sell;1.77;USDCAD.fx;1.36754;1.36463;1.35754;2024.05.10 15:30:20;1.36463;;;37.74;[sl]
2024.05.10 09:00:01;Buy;1.77;GBPUSD.fx;1.25246;1.25276;1.26246;2024.05.10 09:00:43;1.25276;;;5.31;[sl]
2024.05.10 09:00:00;Sell;1.77;GBPUSD.fx;1.25159;1.25209;1.24159;2024.05.10 09:00:01;1.25209;;;-8.85;[sl]
2024.05.09 15:30:00;Sell;1.77;USDJPY.fx;155.771;155.741;154.771;2024.05.09 15:33:32;155.715;;;6.37;
2024.05.09 14:00:00;Sell;1.77;GBPUSD.fx;1.24837;1.24668;1.23837;2024.05.09 14:00:36;1.24668;;;29.91;[sl]
2024.05.03 17:00:06;Buy;1.77;USDJPY.fx;152.239;152.269;153.239;2024.05.03 17:00:09;152.269;;;3.49;[sl]
2024.05.03 17:00:00;Sell;1.77;USDJPY.fx;152.470;152.304;151.470;2024.05.03 17:00:08;152.304;;;19.29;[sl]
2024.05.03 16:45:10;Buy;1.77;USDJPY.fx;152.482;152.512;153.482;2024.05.03 16:45:55;152.560;;;9.05;
2024.05.03 15:30:01;Sell;1.77;USDJPY.fx;153.164;152.268;152.164;2024.05.03 15:31:33;152.164;;;116.32;[tp]
2024.05.02 15:30:03;Buy;1.77;USDJPY.fx;154.754;154.784;155.754;2024.05.02 15:31:29;154.813;;;6.75;
2024.05.02 09:30:00;Sell;1.77;USDCHF.fx;0.91462;0.91110;0.90462;2024.05.02 09:30:41;0.91110;;;68.38;[sl]
2024.05.02 09:30:03;Buy;1.77;USDCHF.fx;0.91267;0.91217;0.92267;2024.05.02 09:30:07;0.91217;;;-9.70;[sl]
2024.05.01 17:00:00;Sell;1.77;USDJPY.fx;157.588;157.638;156.588;2024.05.01 17:00:31;157.638;;;-5.61;[sl]
2024.04.30 15:30:01;Buy;1.77;USDJPY.fx;157.070;157.146;158.070;2024.04.30 15:31:55;157.174;;;11.71;
2024.04.26 15:30:05;Sell;1.77;USDJPY.fx;156.849;156.745;155.849;2024.04.26 15:30:13;156.745;;;11.74;[sl]
2024.04.24 15:30:04;Buy;1.77;USDCAD.fx;1.36883;1.36913;1.37883;2024.04.24 15:31:49;1.36978;;;12.28;
2024.04.23 16:45:07;Buy;1.77;USDJPY.fx;154.649;154.599;155.649;2024.04.23 16:46:01;154.653;;;0.46;
2024.04.23 16:45:00;Sell;1.77;USDJPY.fx;154.807;154.701;153.807;2024.04.23 16:45:08;154.701;;;12.13;[sl]
2024.04.23 11:30:05;Sell;1.77;GBPUSD.fx;1.23708;1.23758;1.22708;2024.04.23 11:30:36;1.23728;;;-3.54;
2024.04.23 11:30:03;Buy;1.77;GBPUSD.fx;1.23738;1.23688;1.24738;2024.04.23 11:30:11;1.23688;;;-8.85;[sl]
2024.04.23 10:30:00;Buy;1.77;EURUSD.fx;1.06695;1.06838;1.07695;2024.04.23 10:33:25;1.06935;;;42.48;
2024.04.23 10:15:00;Buy;1.77;EURUSD.fx;1.06508;1.06458;1.07508;2024.04.23 10:16:29;1.06515;;;1.24;
2024.04.18 15:30:07;Buy;1.77;USDJPY.fx;154.416;154.446;155.416;2024.04.18 15:31:12;154.479;;;7.22;
2024.04.18 15:30:01;Sell;1.77;USDJPY.fx;154.367;154.417;153.367;2024.04.18 15:30:07;154.417;;;-5.73;[sl]
2024.04.17 09:00:00;Buy;1.77;GBPUSD.fx;1.24268;1.24332;1.25268;2024.04.17 09:01:30;1.24332;;;11.32;[sl]
2024.04.16 15:30:00;Buy;1.77;USDCAD.fx;1.37861;1.38111;1.38861;2024.04.16 15:32:01;1.38210;;;44.70;
2024.04.16 09:00:03;Buy;1.77;GBPUSD.fx;1.24410;1.24360;1.25410;2024.04.16 09:02:16;1.24360;;;-8.85;[sl]
2024.04.15 15:30:08;Buy;1.77;USDJPY.fx;154.033;154.194;155.033;2024.04.15 15:30:56;154.278;;;28.11;
2024.04.11 15:30:04;Sell;1.77;USDJPY.fx;153.170;153.054;152.170;2024.04.11 15:31:11;153.015;;;17.93;
2024.04.11 15:30:01;Buy;1.77;USDJPY.fx;153.173;153.123;154.173;2024.04.11 15:30:06;153.123;;;-5.78;[sl]
2024.04.10 16:45:03;Sell;1.77;USDCAD.fx;1.36697;1.36747;1.35697;2024.04.10 16:45:05;1.36747;;;-6.47;[sl]
2024.04.10 15:30:00;Buy;1.77;USDJPY.fx;151.881;152.207;152.881;2024.04.10 15:31:03;152.207;;;37.91;[sl]
2024.04.10 15:30:08;Sell;1.77;USDJPY.fx;151.945;151.995;150.945;2024.04.10 15:30:09;151.995;;;-5.82;[sl]
2024.04.04 15:30:01;Sell;1.77;USDJPY.fx;151.697;151.747;150.697;2024.04.04 15:30:23;151.747;;;-5.83;[sl]
2024.04.04 09:30:00;Buy;1.77;USDCHF.fx;0.90337;0.90522;0.91337;2024.04.04 09:35:31;0.90620;;;55.28;
2024.04.04 09:30:03;Sell;1.77;USDCHF.fx;0.90512;0.90562;0.89512;2024.04.04 09:30:08;0.90562;;;-9.77;[sl]
2024.04.03 17:00:05;Buy;1.77;USDJPY.fx;151.728;151.678;152.728;2024.04.03 17:00:30;151.678;;;-5.83;[sl]
2024.04.03 17:00:00;Sell;1.77;USDJPY.fx;151.890;151.782;150.890;2024.04.03 17:00:17;151.782;;;12.59;[sl]
2024.04.03 15:15:02;Buy;1.77;USDJPY.fx;151.822;151.772;152.822;2024.04.03 15:18:22;151.787;;;-4.08;
2024.04.02 17:00:01;Buy;1.77;USDJPY.fx;151.620;151.570;152.620;2024.04.02 17:00:16;151.570;;;-5.84;[sl]
2024.04.01 17:00:01;Buy;1.77;USDJPY.fx;151.626;151.656;152.626;2024.04.01 17:00:34;151.656;;;3.50;[sl]
2024.04.01 16:45:01;Sell;1.77;USDJPY.fx;151.489;151.539;150.489;2024.04.01 16:45:10;151.539;;;-5.84;[sl]
2024.03.22 14:30:00;Sell;1.77;USDCAD.fx;1.35662;1.35712;1.34662;2024.03.22 14:41:17;1.35702;;;-5.22;
2024.03.22 09:00:02;Buy;1.77;GBPUSD.fx;1.26261;1.26211;1.27261;2024.03.22 09:00:30;1.26272;;;1.94;
2024.03.22 09:00:00;Sell;1.77;GBPUSD.fx;1.26229;1.26279;1.25229;2024.03.22 09:00:05;1.26279;;;-8.85;[sl]
2024.03.21 16:00:00;Buy;1.77;USDJPY.fx;151.444;151.394;152.444;2024.03.21 16:02:35;151.483;;;4.56;
2024.03.21 15:45:01;Buy;1.77;USDJPY.fx;151.291;151.241;152.291;2024.03.21 15:45:13;151.241;;;-5.85;[sl]
2024.03.21 14:00:04;Sell;1.77;GBPUSD.fx;1.27392;1.27442;1.26392;2024.03.21 14:00:09;1.27442;;;-8.85;[sl]
2024.03.21 11:30:00;Buy;1.77;GBPUSD.fx;1.27801;1.27751;1.28801;2024.03.21 11:30:13;1.27751;;;-8.85;[sl]
2024.03.21 10:15:05;Buy;1.77;EURUSD.fx;1.09146;1.09096;1.10146;2024.03.21 10:16:45;1.09179;;;5.84;
2024.03.21 10:15:01;Sell;1.77;EURUSD.fx;1.09162;1.09132;1.08162;2024.03.21 10:15:04;1.09132;;;5.31;[sl]
2024.03.20 20:00:06;Buy;1.77;EURUSD.fx;1.08695;1.08763;1.09695;2024.03.20 20:00:37;1.08763;;;12.03;[sl]
2024.03.20 09:00:02;Sell;1.77;GBPUSD.fx;1.27080;1.27050;1.26080;2024.03.20 09:00:41;1.27050;;;5.31;[sl]
2024.03.19 14:30:01;Buy;1.77;USDCAD.fx;1.35732;1.35937;1.36732;2024.03.19 14:32:49;1.36035;;;39.42;
2024.03.15 14:30:00;Sell;1.77;USDJPY.fx;148.720;148.770;147.720;2024.03.15 14:30:36;148.770;;;-5.95;[sl]
2024.03.14 14:30:07;Sell;1.77;USDJPY.fx;147.834;147.804;146.834;2024.03.14 14:30:22;147.804;;;3.59;[sl]
2024.03.14 14:30:02;Buy;1.77;USDJPY.fx;147.801;147.831;148.801;2024.03.14 14:30:07;147.831;;;3.59;[sl]
2024.03.12 14:30:08;Buy;1.77;USDJPY.fx;147.512;147.897;148.512;2024.03.12 14:30:42;147.897;;;46.08;[sl]
2024.03.06 17:00:00;Buy;1.77;USDJPY.fx;149.438;149.388;150.438;2024.03.06 17:00:50;149.388;;;-5.92;[sl]
2024.03.06 16:45:00;Sell;1.77;USDCAD.fx;1.35621;1.35578;1.34621;2024.03.06 16:46:16;1.35480;;;18.42;
2024.03.06 15:30:03;Buy;1.77;USDCAD.fx;1.35841;1.35791;1.36841;2024.03.06 15:30:19;1.35791;;;-6.52;[sl]
2024.03.06 15:15:03;Sell;1.77;USDJPY.fx;149.559;149.609;148.559;2024.03.06 15:16:23;149.575;;;-1.89;
2024.03.05 17:00:00;Sell;1.77;USDJPY.fx;150.080;149.818;149.080;2024.03.05 17:02:12;149.818;;;30.95;[sl]
2024.03.05 16:45:00;Buy;1.77;USDJPY.fx;150.119;150.069;151.119;2024.03.05 16:46:19;150.094;;;-2.95;
2024.03.04 09:30:00;Sell;1.77;USDCHF.fx;0.88276;0.88246;0.87276;2024.03.04 09:34:10;0.88215;;;12.24;
2024.03.04 09:30:06;Buy;1.77;USDCHF.fx;0.88225;0.88175;0.89225;2024.03.04 09:30:10;0.88175;;;-10.04;[sl]
2024.03.01 17:00:06;Buy;1.77;USDJPY.fx;150.403;150.353;151.403;2024.03.01 17:00:08;150.353;;;-5.89;[sl]
2024.03.01 17:00:00;Sell;1.77;USDJPY.fx;150.632;150.411;149.632;2024.03.01 17:00:06;150.411;;;26.01;[sl]
2024.03.01 16:45:00;Buy;1.77;USDJPY.fx;150.684;150.634;151.684;2024.03.01 16:46:44;150.698;;;1.64;
2024.02.29 15:30:01;Sell;1.77;USDJPY.fx;150.029;150.079;149.029;2024.02.29 15:30:02;150.079;;;-5.90;[sl]
2024.02.27 17:00:01;Sell;1.77;USDJPY.fx;150.330;150.380;149.330;2024.02.27 17:00:50;150.380;;;-5.89;[sl]
2024.02.27 15:30:00;Sell;1.77;USDJPY.fx;150.212;150.182;149.212;2024.02.27 15:31:52;150.182;;;3.54;[sl]
2024.02.22 16:45:00;Sell;1.77;USDJPY.fx;150.588;150.535;149.588;2024.02.22 16:46:32;150.449;;;16.35;
2024.02.22 16:45:04;Buy;1.77;USDJPY.fx;150.509;150.459;151.509;2024.02.22 16:45:15;150.459;;;-5.88;[sl]
2024.02.22 15:30:01;Buy;1.77;USDJPY.fx;150.502;150.532;151.502;2024.02.22 15:30:44;150.532;;;3.53;[sl]
2024.02.22 11:30:00;Buy;1.77;GBPUSD.fx;1.26971;1.26921;1.27971;2024.02.22 11:30:01;1.26921;;;-8.85;[sl]
2024.02.22 10:30:00;Sell;1.77;EURUSD.fx;1.08811;1.08694;1.07811;2024.02.22 10:30:34;1.08694;;;20.71;[sl]
2024.02.22 10:15:00;Buy;1.77;EURUSD.fx;1.08647;1.08771;1.09647;2024.02.22 10:16:58;1.08771;;;21.95;[sl]
2024.02.20 15:29:59;Buy;1.77;USDCAD.fx;1.34797;1.35035;1.35797;2024.02.20 15:35:12;1.35118;;;42.05;
2024.02.20 15:30:02;Sell;1.77;USDCAD.fx;1.35056;1.35106;1.34056;2024.02.20 15:30:03;1.35106;;;-6.55;[sl]
2024.02.16 17:00:02;Sell;1.77;USDJPY.fx;150.429;150.479;149.429;2024.02.16 17:00:03;150.479;;;-5.88;[sl]
2024.02.16 15:30:01;Buy;1.77;USDJPY.fx;150.385;150.531;151.385;2024.02.16 15:37:40;150.598;;;25.03;
2024.02.16 09:00:03;Buy;1.77;GBPUSD.fx;1.25870;1.25943;1.26870;2024.02.16 09:01:40;1.25943;;;12.92;[sl]
2024.02.15 15:30:00;Sell;1.77;USDJPY.fx;149.945;149.659;148.945;2024.02.15 15:30:28;149.659;;;33.82;[sl]
2024.02.15 15:30:03;Buy;1.77;USDJPY.fx;149.873;149.823;150.873;2024.02.15 15:30:03;149.823;;;-5.91;[sl]
2024.02.15 09:00:01;Sell;1.77;GBPUSD.fx;1.25640;1.25589;1.24640;2024.02.15 09:00:37;1.25589;;;9.03;[sl]
2024.02.14 09:00:02;Sell;1.77;GBPUSD.fx;1.26001;1.25767;1.25001;2024.02.14 09:00:50;1.25767;;;41.42;[sl]
2024.02.13 15:30:02;Buy;1.77;USDJPY.fx;149.361;149.834;150.361;2024.02.13 15:30:16;149.834;;;55.88;[sl]
2024.02.13 15:30:01;Sell;1.77;USDJPY.fx;149.273;149.323;148.273;2024.02.13 15:30:02;149.323;;;-5.93;[sl]
2024.02.13 09:30:00;Buy;1.77;USDCHF.fx;0.87612;0.87748;0.88612;2024.02.13 09:30:38;0.87748;;;27.43;[sl]
2024.02.13 09:00:03;Buy;1.77;GBPUSD.fx;1.26257;1.26287;1.27257;2024.02.13 09:01:20;1.26365;;;19.12;
2024.02.09 15:30:09;Buy;1.77;USDCAD.fx;1.34344;1.34374;1.35344;2024.02.09 15:30:38;1.34374;;;3.95;[sl]
2024.02.09 15:30:01;Sell;1.77;USDCAD.fx;1.34393;1.34443;1.33393;2024.02.09 15:30:01;1.34443;;;-6.58;[sl]
2024.02.08 15:30:04;Buy;1.77;USDJPY.fx;149.180;149.210;150.180;2024.02.08 15:31:16;149.310;;;15.41;
2024.02.05 17:00:00;Buy;1.77;USDJPY.fx;148.460;148.616;149.460;2024.02.05 17:01:58;148.616;;;18.58;[sl]
2024.02.05 16:45:00;Sell;1.77;USDJPY.fx;148.500;148.550;147.500;2024.02.05 16:46:40;148.449;;;6.08;
2024.02.02 17:00:00;Buy;1.77;USDJPY.fx;147.920;147.870;148.920;2024.02.02 17:00:11;147.870;;;-5.98;[sl]
2024.02.02 15:30:01;Buy;1.77;USDJPY.fx;146.722;147.429;147.722;2024.02.02 15:31:38;147.429;;;84.88;[sl]
2024.02.02 15:30:09;Sell;1.77;USDJPY.fx;147.106;147.156;146.106;2024.02.02 15:30:10;147.156;;;-6.01;[sl]
2024.02.01 17:00:03;Sell;1.77;USDJPY.fx;146.776;146.746;145.776;2024.02.01 17:00:07;146.746;;;3.62;[sl]
2024.02.01 17:00:00;Buy;1.77;USDJPY.fx;146.425;146.711;147.425;2024.02.01 17:00:04;146.711;;;34.50;[sl]
2024.02.01 15:30:10;Buy;1.77;USDJPY.fx;146.727;146.677;147.727;2024.02.01 15:30:47;146.703;;;-2.90;
2024.02.01 15:30:00;Sell;1.77;USDJPY.fx;146.866;146.793;145.866;2024.02.01 15:30:46;146.720;;;17.61;
2024.02.01 14:00:06;Buy;1.77;GBPUSD.fx;1.26415;1.26445;1.27415;2024.02.01 14:00:10;1.26445;;;5.31;[sl]
2024.02.01 14:00:05;Sell;1.77;GBPUSD.fx;1.26372;1.26422;1.25372;2024.02.01 14:00:06;1.26422;;;-8.85;[sl]
2024.01.31 21:00:07;Buy;1.77;EURUSD.fx;1.08519;1.08469;1.09519;2024.01.31 21:00:34;1.08469;;;-8.85;[sl]
2024.01.31 15:30:00;Sell;1.77;USDJPY.fx;147.643;147.613;146.643;2024.01.31 15:30:31;147.613;;;3.60;[sl]
2024.01.31 15:15:01;Sell;1.77;USDJPY.fx;147.771;147.741;146.771;2024.01.31 15:15:54;147.741;;;3.59;[sl]
2024.01.31 09:45:03;Sell;1.77;EURUSD.fx;1.08115;1.08165;1.07115;2024.01.31 09:46:19;1.08096;;;3.37;
2024.01.30 17:00:01;Buy;1.77;USDJPY.fx;147.236;147.462;148.236;2024.01.30 17:00:10;147.462;;;27.13;[sl]
2024.01.30 17:00:01;Sell;1.77;USDJPY.fx;147.164;147.214;146.164;2024.01.30 17:00:01;147.214;;;-6.01;[sl]
2024.01.30 10:00:00;Buy;1.77;EURUSD.fx;1.08268;1.08218;1.09268;2024.01.30 10:01:35;1.08296;;;4.95;
2024.01.30 10:00:07;Sell;1.77;EURUSD.fx;1.08243;1.08293;1.07243;2024.01.30 10:00:46;1.08293;;;-8.85;[sl]
2024.01.26 17:00:01;Buy;1.77;USDJPY.fx;147.913;147.943;148.913;2024.01.26 17:00:19;147.943;;;3.59;[sl]
2024.01.26 15:30:09;Sell;1.77;USDJPY.fx;147.628;147.542;146.628;2024.01.26 15:30:14;147.542;;;10.32;[sl]
2024.01.26 15:29:59;Buy;1.77;USDJPY.fx;147.730;147.680;148.730;2024.01.26 15:30:00;147.680;;;-5.99;[sl]
2024.01.25 15:30:02;Buy;1.77;USDJPY.fx;147.588;147.830;148.588;2024.01.25 15:30:19;147.830;;;28.98;[sl]
2024.01.25 15:30:00;Sell;1.77;USDJPY.fx;147.596;147.646;146.596;2024.01.25 15:30:03;147.646;;;-5.99;[sl]
2024.01.24 16:45:01;Buy;1.77;USDCAD.fx;1.34405;1.34435;1.35405;2024.01.24 16:45:16;1.34435;;;3.95;[sl]
2024.01.24 11:30:00;Buy;1.77;GBPUSD.fx;1.27320;1.27493;1.28320;2024.01.24 11:37:35;1.27594;;;48.50;
2024.01.24 10:30:08;Sell;1.77;EURUSD.fx;1.08685;1.08735;1.07685;2024.01.24 10:32:08;1.08662;;;4.08;
2024.01.24 10:30:00;Buy;1.77;EURUSD.fx;1.08776;1.08726;1.09776;2024.01.24 10:30:06;1.08726;;;-8.85;[sl]
2024.01.24 10:15:00;Sell;1.77;EURUSD.fx;1.08735;1.08785;1.07735;2024.01.24 10:16:40;1.08734;;;0.18;
2024.01.19 17:00:00;Sell;1.77;USDJPY.fx;148.278;148.248;147.278;2024.01.19 17:00:07;148.248;;;3.58;[sl]
2024.01.19 09:00:01;Sell;1.77;GBPUSD.fx;1.26920;1.26850;1.25920;2024.01.19 09:00:37;1.26850;;;12.39;[sl]
2024.01.18 15:30:07;Sell;1.77;USDJPY.fx;148.087;148.057;147.087;2024.01.18 15:30:21;148.057;;;3.59;[sl]
2024.01.18 15:30:01;Buy;1.77;USDJPY.fx;147.997;148.038;148.997;2024.01.18 15:30:07;148.038;;;4.90;[sl]
2024.01.17 15:30:00;Buy;1.77;USDJPY.fx;147.780;147.874;148.780;2024.01.17 15:34:23;147.874;;;11.25;[sl]
2024.01.17 09:00:01;Buy;1.77;GBPUSD.fx;1.26171;1.26327;1.27171;2024.01.17 09:01:23;1.26327;;;27.61;[sl]
2024.01.16 15:30:03;Buy;1.77;USDCAD.fx;1.34729;1.34679;1.35729;2024.01.16 15:30:11;1.34679;;;-6.57;[sl]
2024.01.16 15:30:00;Sell;1.77;USDCAD.fx;1.34735;1.34785;1.33735;2024.01.16 15:30:05;1.34785;;;-6.57;[sl]
2024.01.12 15:30:05;Buy;1.77;USDJPY.fx;145.195;145.145;146.195;2024.01.12 15:30:06;145.145;;;-6.10;[sl]
2024.01.12 15:30:01;Sell;1.77;USDJPY.fx;145.382;145.432;144.382;2024.01.12 15:30:01;145.432;;;-6.09;[sl]
2024.01.12 09:00:01;Buy;1.77;GBPUSD.fx;1.27764;1.27714;1.28764;2024.01.12 09:03:23;1.27736;;;-4.96;
2024.01.11 15:30:04;Buy;1.77;USDJPY.fx;145.228;145.712;146.228;2024.01.11 15:30:16;145.712;;;58.79;[sl]
2024.01.11 15:30:00;Sell;1.77;USDJPY.fx;145.320;145.265;144.320;2024.01.11 15:30:04;145.265;;;6.70;[sl]
2024.01.08 09:30:00;Sell;1.77;USDCHF.fx;0.85014;0.84984;0.84014;2024.01.08 09:31:44;0.84984;;;6.25;[sl]
2024.01.08 09:30:05;Buy;1.77;USDCHF.fx;0.85032;0.84982;0.86032;2024.01.08 09:30:07;0.84982;;;-10.41;[sl]
2024.01.05 17:00:00;Sell;1.77;USDJPY.fx;145.057;144.505;144.057;2024.01.05 17:00:46;144.505;;;67.61;[sl]
2024.01.05 17:00:06;Buy;1.77;USDJPY.fx;144.739;144.689;145.739;2024.01.05 17:00:12;144.689;;;-6.12;[sl]
2024.01.05 15:30:00;Buy;1.77;USDJPY.fx;145.186;145.813;146.186;2024.01.05 15:31:06;145.813;;;76.11;[sl]
2024.01.05 15:30:08;Sell;1.77;USDJPY.fx;145.558;145.608;144.558;2024.01.05 15:30:09;145.608;;;-6.08;[sl]
2024.01.04 15:15:08;Sell;1.77;USDJPY.fx;144.205;144.255;143.205;2024.01.04 15:15:11;144.255;;;-6.13;[sl]
2024.01.04 15:15:01;Buy;1.77;USDJPY.fx;144.189;144.219;145.189;2024.01.04 15:15:08;144.219;;;3.68;[sl]
2024.01.04 11:30:00;Buy;1.77;GBPUSD.fx;1.27008;1.26958;1.28008;2024.01.04 11:31:55;1.27054;;;8.14;
2024.01.04 11:00:04;Buy;1.77;EURUSD.fx;1.09576;1.09526;1.10576;2024.01.04 11:01:34;1.09552;;;-4.25;
2024.01.03 17:00:01;Sell;1.77;USDJPY.fx;143.238;142.987;142.238;2024.01.03 17:00:29;142.987;;;31.07;[sl]
2024.01.03 17:00:00;Buy;1.77;USDJPY.fx;143.224;143.174;144.224;2024.01.03 17:00:02;143.174;;;-6.18;[sl]
2023.12.28 15:30:01;Sell;1.77;USDJPY.fx;140.881;140.931;139.881;2023.12.28 15:30:34;140.931;;;-6.28;[sl]
2023.12.22 17:00:07;Buy;1.77;USDJPY.fx;142.108;142.058;143.108;2023.12.22 17:00:43;142.058;;;-6.23;[sl]
2023.12.22 15:30:07;Sell;1.77;USDJPY.fx;142.049;142.099;141.049;2023.12.22 15:30:16;142.099;;;-6.23;[sl]
2023.12.22 15:30:05;Buy;1.77;USDJPY.fx;142.134;142.084;143.134;2023.12.22 15:30:05;142.084;;;-6.23;[sl]
2023.12.22 09:00:01;Buy;1.77;GBPUSD.fx;1.26880;1.27013;1.27880;2023.12.22 09:00:37;1.27013;;;23.54;[sl]
2023.12.22 09:00:00;Sell;1.77;GBPUSD.fx;1.26821;1.26871;1.25821;2023.12.22 09:00:01;1.26871;;;-8.85;[sl]
2023.12.21 15:30:05;Sell;1.77;USDJPY.fx;142.864;142.705;141.864;2023.12.21 15:30:09;142.705;;;19.72;[sl]
2023.12.21 15:30:00;Buy;1.77;USDJPY.fx;142.730;142.886;143.730;2023.12.21 15:30:05;142.886;;;19.32;[sl]
2023.12.20 17:00:01;Buy;1.77;USDJPY.fx;143.398;143.428;144.398;2023.12.20 17:00:11;143.428;;;3.70;[sl]
2023.12.20 09:00:10;Sell;1.77;GBPUSD.fx;1.27061;1.26697;1.26061;2023.12.20 09:00:46;1.26697;;;64.43;[sl]
2023.12.15 16:45:04;Buy;1.77;USDJPY.fx;141.749;141.842;142.749;2023.12.15 16:45:39;141.842;;;11.61;[sl]
2023.12.15 16:45:00;Sell;1.77;USDJPY.fx;141.711;141.761;140.711;2023.12.15 16:45:04;141.761;;;-6.24;[sl]
2023.12.15 15:30:03;Buy;1.77;USDJPY.fx;141.573;141.713;142.573;2023.12.15 15:32:34;141.794;;;27.59;
2023.12.15 15:30:00;Sell;1.77;USDJPY.fx;141.755;141.620;140.755;2023.12.15 15:30:03;141.620;;;16.87;[sl]
2023.12.15 11:30:00;Buy;1.77;GBPUSD.fx;1.27471;1.27547;1.28471;2023.12.15 11:31:50;1.27594;;;21.77;
2023.12.15 10:30:01;Sell;1.77;EURUSD.fx;1.09634;1.09572;1.08634;2023.12.15 10:31:58;1.09530;;;18.41;
2023.12.15 10:15:00;Sell;1.77;EURUSD.fx;1.09935;1.09804;1.08935;2023.12.15 10:16:12;1.09804;;;23.19;[sl]
2023.12.15 10:15:03;Buy;1.77;EURUSD.fx;1.09785;1.09735;1.10785;2023.12.15 10:15:08;1.09735;;;-8.85;[sl]
2023.12.14 15:30:05;Sell;1.77;USDJPY.fx;141.972;142.022;140.972;2023.12.14 15:30:07;142.022;;;-6.23;[sl]
2023.12.14 15:30:00;Buy;1.77;USDJPY.fx;141.852;141.930;142.852;2023.12.14 15:30:06;141.930;;;9.73;[sl]
2023.12.14 15:15:05;Buy;1.77;EURUSD.fx;1.09121;1.09071;1.10121;2023.12.14 15:15:16;1.09071;;;-8.85;[sl]
2023.12.14 14:00:04;Buy;1.77;GBPUSD.fx;1.26679;1.26972;1.27679;2023.12.14 14:01:30;1.26972;;;51.86;[sl]
2023.12.13 15:30:02;Sell;1.77;USDJPY.fx;145.565;145.535;144.565;2023.12.13 15:30:27;145.535;;;3.65;[sl]
2023.12.08 17:00:00;Sell;1.77;USDJPY.fx;144.235;144.031;143.235;2023.12.08 17:01:02;144.031;;;25.07;[sl]
2023.12.08 17:00:08;Buy;1.77;USDJPY.fx;144.080;144.030;145.080;2023.12.08 17:00:12;144.030;;;-6.14;[sl]
2023.12.08 15:30:02;Buy;1.77;USDJPY.fx;144.409;145.101;145.409;2023.12.08 15:31:34;145.101;;;84.41;[sl]
2023.12.07 15:30:07;Sell;1.77;USDJPY.fx;145.147;145.117;144.147;2023.12.07 15:30:19;145.117;;;3.66;[sl]
2023.12.07 15:30:02;Buy;1.77;USDJPY.fx;145.008;145.082;146.008;2023.12.07 15:30:17;145.082;;;9.03;[sl]
2023.12.07 15:25:06;Sell;1.77;USDJPY.fx;144.994;145.044;143.994;2023.12.07 15:25:23;144.990;;;0.49;
2023.12.06 17:00:03;Buy;1.77;USDCAD.fx;1.35742;1.35692;1.36742;2023.12.06 17:00:12;1.35692;;;-6.52;[sl]
2023.12.05 17:00:01;Sell;1.77;USDJPY.fx;147.112;146.934;146.112;2023.12.05 17:00:06;146.934;;;21.44;[sl]
2023.12.05 17:00:00;Buy;1.77;USDJPY.fx;147.195;147.145;148.195;2023.12.05 17:00:01;147.145;;;-6.01;[sl]
2023.12.05 11:30:01;Buy;1.77;GBPUSD.fx;1.26321;1.26271;1.27321;2023.12.05 11:34:24;1.26332;;;1.94;
2023.12.05 05:30:02;Sell;1.77;AUDUSD.fx;0.66026;0.66076;0.65026;2023.12.05 05:30:10;0.66076;;;-8.85;[sl]
2023.12.04 09:30:00;Buy;1.77;USDCHF.fx;0.87111;0.87285;0.88111;2023.12.04 09:31:02;0.87285;;;35.28;[sl]
2023.12.01 17:00:01;Sell;1.77;USDJPY.fx;148.035;147.612;147.035;2023.12.01 17:05:23;147.612;;;50.72;[sl]
2023.12.01 17:00:07;Buy;1.77;USDJPY.fx;147.926;147.876;148.926;2023.12.01 17:00:14;147.876;;;-5.98;[sl]
2023.12.01 15:30:06;Buy;1.77;USDCAD.fx;1.35342;1.35292;1.36342;2023.12.01 15:31:38;1.35359;;;2.22;
2023.12.01 15:30:00;Sell;1.77;USDCAD.fx;1.35409;1.35379;1.34409;2023.12.01 15:30:09;1.35379;;;3.92;[sl]
2023.11.30 15:30:09;Buy;1.77;USDJPY.fx;147.397;147.427;148.397;2023.11.30 15:30:15;147.427;;;3.60;[sl]
2023.11.30 09:45:08;Sell;1.77;EURUSD.fx;1.09477;1.09447;1.08477;2023.11.30 09:45:39;1.09447;;;5.31;[sl]
2023.11.29 15:30:03;Buy;1.77;USDJPY.fx;147.540;147.596;148.540;2023.11.29 15:30:21;147.596;;;6.72;[sl]
2023.11.29 10:00:00;Sell;1.77;EURUSD.fx;1.09809;1.09859;1.08809;2023.11.29 10:00:39;1.09859;;;-8.85;[sl]
2023.11.27 17:00:07;Buy;1.77;USDJPY.fx;148.836;148.786;149.836;2023.11.27 17:01:17;148.786;;;-5.95;[sl]
2023.11.27 17:00:03;Sell;1.77;USDJPY.fx;148.821;148.871;147.821;2023.11.27 17:00:38;148.871;;;-5.94;[sl]
2023.11.24 15:30:01;Sell;1.77;USDCAD.fx;1.36755;1.36654;1.35755;2023.11.24 15:47:36;1.36559;;;25.40;
2023.11.23 11:30:04;Sell;1.77;GBPUSD.fx;1.25610;1.25347;1.24610;2023.11.23 11:30:19;1.25347;;;46.55;[sl]
2023.11.23 11:30:00;Buy;1.77;GBPUSD.fx;1.25148;1.25562;1.26148;2023.11.23 11:30:04;1.25562;;;73.27;[sl]
2023.11.23 10:30:00;Buy;1.77;EURUSD.fx;1.09126;1.09191;1.10126;2023.11.23 10:32:51;1.09243;;;20.71;
2023.11.23 10:15:01;Sell;1.77;EURUSD.fx;1.09060;1.09030;1.08060;2023.11.23 10:16:10;1.09030;;;5.31;[sl]
2023.11.22 15:30:00;Sell;1.77;GBPUSD.fx;1.25324;1.25294;1.24324;2023.11.22 15:32:33;1.25236;;;15.58;
2023.11.21 15:30:03;Sell;1.77;USDCAD.fx;1.37107;1.37066;1.36107;2023.11.21 15:31:50;1.37066;;;5.29;[sl]
2023.11.17 09:00:01;Sell;1.77;GBPUSD.fx;1.24082;1.23854;1.23082;2023.11.17 09:59:57;1.23854;;;40.35;[sl]
2023.11.16 15:30:04;Buy;1.77;EURUSD.fx;1.08527;1.08557;1.09527;2023.11.16 15:30:45;1.08557;;;5.31;[sl]
2023.11.15 15:30:03;Buy;1.77;GBPUSD.fx;1.24721;1.24751;1.25721;2023.11.15 15:30:37;1.24751;;;5.31;[sl]
2023.11.15 09:00:03;Sell;1.77;GBPUSD.fx;1.24884;1.24854;1.23884;2023.11.15 09:00:34;1.24854;;;5.31;[sl]
2023.11.15 09:00:00;Buy;1.77;GBPUSD.fx;1.24921;1.24871;1.25921;2023.11.15 09:00:03;1.24871;;;-8.85;[sl]
2023.11.14 15:30:02;Sell;1.77;USDJPY.fx;151.635;150.915;150.635;2023.11.14 15:48:18;150.915;;;84.44;[sl]
2023.11.14 09:00:07;Buy;1.77;GBPUSD.fx;1.22806;1.22756;1.23806;2023.11.14 09:01:49;1.22855;;;8.68;
2023.11.10 09:00:01;Buy;1.77;GBPUSD.fx;1.22304;1.22254;1.23304;2023.11.10 09:03:02;1.22254;;;-8.85;[sl]
2023.11.07 05:30:01;Buy;1.77;AUDUSD.fx;0.64929;0.64959;0.65929;2023.11.07 05:30:18;0.64959;;;5.31;[sl]
2023.11.03 16:00:05;Buy;1.77;EURUSD.fx;1.07217;1.07247;1.08217;2023.11.03 16:00:17;1.07247;;;5.31;[sl]
2023.11.03 14:30:01;Sell;1.77;USDJPY.fx;150.130;149.717;149.130;2023.11.03 14:31:06;149.717;;;48.83;[sl]
2023.11.02 14:30:02;Buy;1.77;EURUSD.fx;1.06516;1.06546;1.07516;2023.11.02 14:30:46;1.06546;;;5.31;[sl]
2023.11.02 14:00:04;Buy;1.77;GBPUSD.fx;1.21994;1.22050;1.22994;2023.11.02 14:00:48;1.22050;;;9.91;[sl]
2023.11.01 20:00:07;Buy;1.77;EURUSD.fx;1.05410;1.05440;1.06410;2023.11.01 20:00:44;1.05440;;;5.31;[sl]
2023.11.01 16:00:06;Sell;1.77;USDJPY.fx;151.211;151.181;150.211;2023.11.01 16:00:14;151.181;;;3.51;[sl]
2023.11.01 14:15:01;Sell;1.77;USDJPY.fx;151.176;151.226;150.176;2023.11.01 14:15:53;151.206;;;-3.51;
2023.10.31 14:30:01;Buy;1.77;USDCAD.fx;1.38308;1.38338;1.39308;2023.10.31 14:51:02;1.38437;;;16.49;
2023.10.30 10:00:01;Sell;1.77;EURUSD.fx;1.05520;1.05570;1.04520;2023.10.30 10:06:00;1.05518;;;0.35;
2023.10.27 17:00:00;Buy;1.77;USDJPY.fx;149.750;149.700;150.750;2023.10.27 17:03:22;149.700;;;-5.91;[sl]
2023.10.27 17:00:07;Sell;1.77;USDJPY.fx;149.716;149.766;148.716;2023.10.27 17:00:26;149.766;;;-5.91;[sl]
2023.10.26 15:30:05;Buy;1.77;USDJPY.fx;150.445;150.395;151.445;2023.10.26 15:30:17;150.395;;;-5.88;[sl]
2023.10.25 17:00:00;Buy;1.77;USDCAD.fx;1.37764;1.37794;1.38764;2023.10.25 17:00:24;1.37794;;;3.85;[sl]
2023.10.25 17:00:07;Sell;1.77;USDCAD.fx;1.37764;1.37814;1.36764;2023.10.25 17:00:12;1.37814;;;-6.42;[sl]
2023.10.24 16:45:01;Buy;1.77;USDJPY.fx;149.879;149.829;150.879;2023.10.24 16:48:47;149.876;;;-0.35;
2023.10.24 09:00:10;Sell;1.77;GBPUSD.fx;1.22666;1.22716;1.21666;2023.10.24 09:03:52;1.22716;;;-8.85;[sl]
2023.10.20 09:00:01;Sell;1.77;GBPUSD.fx;1.21221;1.21191;1.20221;2023.10.20 09:00:36;1.21191;;;5.31;[sl]
2023.10.19 15:30:04;Sell;1.77;USDJPY.fx;149.838;149.888;148.838;2023.10.19 15:30:08;149.888;;;-5.90;[sl]
2023.10.19 15:30:01;Buy;1.77;USDJPY.fx;149.868;149.818;150.868;2023.10.19 15:30:05;149.818;;;-5.91;[sl]
2023.10.18 09:00:13;Sell;1.77;GBPUSD.fx;1.21855;1.21905;1.20855;2023.10.18 09:00:16;1.21905;;;-8.85;[sl]
2023.10.18 09:00:03;Buy;1.77;GBPUSD.fx;1.21903;1.21853;1.22903;2023.10.18 09:00:13;1.21853;;;-8.85;[sl]
2023.10.17 15:30:00;Buy;1.77;USDJPY.fx;149.580;149.680;150.580;2023.10.17 16:02:52;149.775;;;23.04;
2023.10.17 09:00:10;Sell;1.77;GBPUSD.fx;1.21887;1.21937;1.20887;2023.10.17 09:03:10;1.21905;;;-3.19;
2023.10.13 17:00:03;Sell;1.77;USDJPY.fx;149.653;149.703;148.653;2023.10.13 17:01:58;149.660;;;-0.83;
2023.10.13 17:00:01;Buy;1.77;USDJPY.fx;149.680;149.630;150.680;2023.10.13 17:01:28;149.630;;;-5.91;[sl]
2023.10.12 15:30:01;Buy;1.77;USDJPY.fx;149.130;149.367;150.130;2023.10.12 15:46:51;149.367;;;28.08;[sl]
2023.10.11 15:30:10;Sell;1.77;USDJPY.fx;149.003;148.973;148.003;2023.10.11 15:32:45;148.973;;;3.56;[sl]
2023.10.11 15:30:01;Buy;1.77;USDJPY.fx;148.933;148.963;149.933;2023.10.11 15:30:14;148.963;;;3.56;[sl]
2023.10.06 15:30:05;Sell;1.77;USDJPY.fx;149.146;149.196;148.146;2023.10.06 15:30:06;149.196;;;-5.93;[sl]
2023.10.06 15:30:01;Buy;1.77;USDJPY.fx;149.032;149.145;150.032;2023.10.06 15:30:05;149.145;;;13.41;[sl]
2023.10.04 17:00:10;Sell;1.77;USDJPY.fx;148.990;148.960;147.990;2023.10.04 17:00:38;148.960;;;3.56;[sl]
2023.10.04 17:00:00;Buy;1.77;USDJPY.fx;148.986;149.016;149.986;2023.10.04 17:00:05;149.016;;;3.56;[sl]
2023.10.04 15:15:01;Sell;1.77;USDJPY.fx;149.016;148.903;148.016;2023.10.04 15:15:39;148.903;;;13.43;[sl]
2023.10.04 11:30:00;Buy;1.77;GBPUSD.fx;1.20905;1.20935;1.21905;2023.10.04 11:30:15;1.20935;;;5.31;[sl]
2023.10.03 17:00:09;Sell;1.77;USDJPY.fx;149.953;150.003;148.953;2023.10.03 17:00:16;150.003;;;-5.90;[sl]
2023.10.03 17:00:01;Buy;1.77;USDJPY.fx;149.939;149.969;150.939;2023.10.03 17:00:09;149.969;;;3.54;[sl]
2023.10.03 09:30:03;Buy;1.77;USDCHF.fx;0.91925;0.92050;0.92925;2023.10.03 09:30:31;0.92050;;;24.04;[sl]
2023.10.02 17:00:07;Sell;1.77;USDJPY.fx;149.829;149.788;148.829;2023.10.02 17:00:51;149.788;;;4.84;[sl]
2023.10.02 16:45:00;Buy;1.77;USDJPY.fx;149.827;149.777;150.827;2023.10.02 16:51:24;149.825;;;-0.24;
2023.10.02 10:00:02;Sell;1.77;EURUSD.fx;1.05853;1.05903;1.04853;2023.10.02 10:00:15;1.05903;;;-8.85;[sl]
2023.09.29 17:00:01;Sell;1.77;USDJPY.fx;149.196;149.246;148.196;2023.09.29 17:00:04;149.246;;;-5.93;[sl]
2023.09.29 15:30:04;Sell;1.77;USDJPY.fx;149.135;149.071;148.135;2023.09.29 15:31:02;149.071;;;7.60;[sl]
2023.09.29 15:30:02;Buy;1.77;USDJPY.fx;149.182;149.132;150.182;2023.09.29 15:30:04;149.132;;;-5.93;[sl]
2023.09.29 12:00:00;Sell;1.77;EURUSD.fx;1.06061;1.06111;1.05061;2023.09.29 12:06:05;1.06066;;;-0.88;
2023.09.29 09:45:01;Sell;1.77;EURUSD.fx;1.05837;1.05807;1.04837;2023.09.29 09:45:11;1.05807;;;5.31;[sl]
2023.09.28 15:30:01;Buy;1.77;USDJPY.fx;149.379;149.329;150.379;2023.09.28 15:30:19;149.329;;;-5.93;[sl]
2023.09.27 15:30:00;Buy;1.77;USDJPY.fx;149.201;149.151;150.201;2023.09.27 15:38:00;149.186;;;-1.78;
2023.09.27 15:30:02;Sell;1.77;USDJPY.fx;149.191;149.241;148.191;2023.09.27 15:37:59;149.198;;;-0.83;
2023.09.26 17:00:01;Sell;1.77;USDJPY.fx;148.915;148.885;147.915;2023.09.26 17:00:11;148.885;;;3.57;[sl]
2023.09.22 16:45:02;Sell;1.77;USDJPY.fx;148.250;148.300;147.250;2023.09.22 16:52:30;148.255;;;-0.60;
2023.09.22 16:45:03;Buy;1.77;USDJPY.fx;148.256;148.206;149.256;2023.09.22 16:45:09;148.206;;;-5.97;[sl]
2023.09.22 09:00:06;Sell;1.77;GBPUSD.fx;1.22759;1.22809;1.21759;2023.09.22 09:01:06;1.22729;;;5.31;
2023.09.21 15:30:00;Buy;1.77;USDJPY.fx;148.006;147.956;149.006;2023.09.21 15:40:25;147.956;;;-5.98;[sl]
2023.09.21 15:30:03;Sell;1.77;USDJPY.fx;148.002;148.052;147.002;2023.09.21 15:30:06;148.052;;;-5.98;[sl]
2023.09.21 10:30:01;Buy;1.77;USDCHF.fx;0.89915;0.90427;0.90915;2023.09.21 10:30:26;0.90427;;;100.22;[sl]
2023.09.20 21:00:07;Buy;1.77;USDJPY.fx;147.646;147.808;148.646;2023.09.20 21:00:33;147.808;;;19.40;[sl]
2023.09.20 09:00:00;Sell;1.77;GBPUSD.fx;1.23819;1.23869;1.22819;2023.09.20 09:00:00;1.23869;;;-8.85;[sl]
2023.09.19 15:30:01;Sell;1.77;USDJPY.fx;147.672;147.722;146.672;2023.09.19 15:30:13;147.722;;;-5.99;[sl]
2023.09.15 17:00:00;Sell;1.77;USDJPY.fx;147.835;147.735;146.835;2023.09.15 17:01:00;147.735;;;11.98;[sl]
2023.09.15 15:30:00;Buy;1.77;USDJPY.fx;147.862;147.892;148.862;2023.09.15 15:42:37;147.892;;;3.59;[sl]
2023.09.14 15:30:01;Buy;1.77;USDJPY.fx;147.288;147.456;148.288;2023.09.14 15:32:24;147.456;;;20.17;[sl]
2023.09.14 15:15:00;Buy;1.77;EURUSD.fx;1.07351;1.07381;1.08351;2023.09.14 15:15:13;1.07381;;;5.31;[sl]
2023.09.13 15:30:02;Buy;1.77;USDJPY.fx;147.354;147.504;148.354;2023.09.13 15:30:16;147.504;;;18.00;[sl]
2023.09.13 15:30:00;Sell;1.77;USDJPY.fx;147.392;147.362;146.392;2023.09.13 15:30:02;147.362;;;3.60;[sl]
2023.09.13 09:00:00;Sell;1.77;GBPUSD.fx;1.24834;1.24750;1.23834;2023.09.13 09:00:36;1.24750;;;14.87;[sl]
2023.09.12 09:00:07;Buy;1.77;GBPUSD.fx;1.25155;1.25185;1.26155;2023.09.12 09:01:00;1.25185;;;5.31;[sl]
2023.09.08 15:29:59;Sell;1.77;USDCAD.fx;1.36566;1.36193;1.35566;2023.09.08 15:50:34;1.36193;;;48.48;[sl]
2023.09.07 15:30:00;Buy;1.77;USDJPY.fx;147.388;147.504;148.388;2023.09.07 15:40:07;147.504;;;13.92;[sl]
2023.09.07 15:30:07;Sell;1.77;USDJPY.fx;147.468;147.518;146.468;2023.09.07 15:30:15;147.518;;;-6.00;[sl]
2023.09.06 17:00:09;Sell;1.77;USDCAD.fx;1.36283;1.36333;1.35283;2023.09.06 17:00:11;1.36333;;;-6.49;[sl]
2023.09.06 17:00:00;Buy;1.77;USDCAD.fx;1.36332;1.36282;1.37332;2023.09.06 17:00:02;1.36282;;;-6.49;[sl]
2023.09.06 16:45:06;Sell;1.77;USDJPY.fx;147.224;147.194;146.224;2023.09.06 16:45:34;147.194;;;3.61;[sl]
2023.09.05 11:30:00;Buy;1.77;GBPUSD.fx;1.25332;1.25372;1.26332;2023.09.05 11:46:17;1.25407;;;13.28;
2023.09.05 10:50:07;Sell;1.77;EURUSD.fx;1.07610;1.07660;1.06610;2023.09.05 10:52:27;1.07576;;;6.02;
2023.09.01 17:00:00;Buy;1.77;USDJPY.fx;145.418;145.659;146.418;2023.09.01 17:01:36;145.659;;;29.29;[sl]
2023.09.01 17:00:08;Sell;1.77;USDJPY.fx;145.563;145.613;144.563;2023.09.01 17:00:12;145.613;;;-6.08;[sl]
2023.09.01 16:45:00;Buy;1.77;USDJPY.fx;145.190;145.220;146.190;2023.09.01 16:45:48;145.220;;;3.66;[sl]
2023.09.01 15:30:02;Buy;1.77;USDJPY.fx;145.182;145.132;146.182;2023.09.01 15:30:02;145.132;;;-6.10;[sl]
2023.09.01 15:30:01;Sell;1.77;USDJPY.fx;145.110;145.160;144.110;2023.09.01 15:30:01;145.160;;;-6.10;[sl]
2023.08.31 15:30:07;Sell;1.77;USDJPY.fx;145.733;145.783;144.733;2023.08.31 15:30:26;145.783;;;-6.07;[sl]
2023.08.31 09:45:00;Buy;1.77;EURUSD.fx;1.09207;1.09157;1.10207;2023.08.31 09:47:14;1.09185;;;-3.89;
2023.08.30 15:30:01;Sell;1.77;USDJPY.fx;146.249;146.018;145.249;2023.08.30 15:31:56;146.018;;;28.00;[sl]
2023.08.30 15:15:02;Sell;1.77;USDJPY.fx;146.179;146.149;145.179;2023.08.30 15:16:01;146.149;;;3.63;[sl]
2023.08.30 15:15:09;Buy;1.77;USDJPY.fx;146.105;146.055;147.105;2023.08.30 15:15:12;146.055;;;-6.06;[sl]
2023.08.29 17:00:02;Sell;1.77;USDJPY.fx;147.100;146.836;146.100;2023.08.29 17:00:15;146.836;;;31.82;[sl]
2023.08.24 15:30:00;Buy;1.77;USDJPY.fx;145.700;145.730;146.700;2023.08.24 15:31:29;145.730;;;3.64;[sl]
2023.08.23 16:45:00;Sell;1.77;USDJPY.fx;145.159;144.812;144.159;2023.08.23 16:49:29;144.812;;;42.41;[sl]
2023.08.23 11:30:00;Sell;1.77;GBPUSD.fx;1.27229;1.26857;1.26229;2023.08.23 11:31:15;1.26857;;;65.84;[sl]
2023.08.23 10:30:00;Sell;1.77;EURUSD.fx;1.08638;1.08415;1.07638;2023.08.23 10:31:02;1.08415;;;39.47;[sl]
2023.08.22 17:00:10;Sell;1.77;USDJPY.fx;146.012;145.982;145.012;2023.08.22 17:06:20;145.982;;;3.64;[sl]
2023.08.18 09:00:08;Sell;1.77;GBPUSD.fx;1.27444;1.27370;1.26444;2023.08.18 09:12:28;1.27370;;;13.10;[sl]
2023.08.16 09:00:02;Buy;1.77;GBPUSD.fx;1.27156;1.27186;1.28156;2023.08.16 09:01:04;1.27186;;;5.31;[sl]
2023.08.15 15:30:01;Buy;1.77;USDJPY.fx;145.637;145.712;146.637;2023.08.15 15:34:55;145.712;;;9.11;[sl]
2023.08.15 15:30:00;Sell;1.77;USDJPY.fx;145.549;145.599;144.549;2023.08.15 15:30:01;145.599;;;-6.08;[sl]
2023.08.11 17:00:04;Buy;1.77;USDJPY.fx;144.527;144.716;145.527;2023.08.11 17:12:49;144.818;;;35.57;
2023.08.11 17:00:00;Sell;1.77;USDJPY.fx;144.776;144.582;143.776;2023.08.11 17:00:05;144.582;;;23.75;[sl]
2023.08.11 15:30:07;Sell;1.77;USDJPY.fx;144.650;144.620;143.650;2023.08.11 15:30:09;144.620;;;3.67;[sl]
2023.08.10 15:30:00;Sell;1.77;USDJPY.fx;143.626;143.417;142.626;2023.08.10 15:30:29;143.417;;;25.79;[sl]
2023.08.04 15:30:04;Sell;5.17;USDJPY.fx;142.860;142.473;141.860;2023.08.04 15:30:11;142.473;;;140.43;[sl]
2023.08.04 15:30:00;Buy;5.17;USDJPY.fx;142.660;142.610;143.660;2023.08.04 15:30:00;142.610;;;-18.13;[sl]
2023.08.03 17:00:00;Sell;5.17;USDJPY.fx;142.786;142.722;141.786;2023.08.03 17:00:06;142.722;;;23.18;[sl]
2023.08.03 17:00:04;Buy;5.17;USDJPY.fx;142.682;142.632;143.682;2023.08.03 17:00:04;142.632;;;-18.12;[sl]
2023.08.03 15:30:02;Sell;5.17;USDJPY.fx;142.831;142.684;141.831;2023.08.03 15:30:15;142.684;;;53.26;[sl]
2023.08.03 15:30:00;Buy;5.17;USDJPY.fx;142.891;142.841;143.891;2023.08.03 15:30:02;142.841;;;-18.10;[sl]
2023.08.03 14:00:01;Sell;5.17;GBPUSD.fx;1.26570;1.26402;1.25570;2023.08.03 14:00:17;1.26402;;;86.86;[sl]
2023.08.02 15:15:01;Buy;5.17;USDJPY.fx;142.882;143.091;143.882;2023.08.02 15:15:40;143.091;;;75.51;[sl]
2023.08.02 15:15:08;Sell;5.17;USDJPY.fx;143.156;143.206;142.156;2023.08.02 15:15:10;143.206;;;-18.05;[sl]
2023.08.01 17:00:00;Sell;5.17;USDJPY.fx;143.252;143.152;142.252;2023.08.01 17:00:11;143.152;;;36.12;[sl]
2023.08.01 07:30:02;Sell;5.17;AUDUSD.fx;0.66960;0.66759;0.65960;2023.08.01 07:31:48;0.66759;;;103.92;[sl]
2023.08.01 07:30:06;Buy;5.17;AUDUSD.fx;0.66739;0.66689;0.67739;2023.08.01 07:30:43;0.66689;;;-25.85;[sl]
2023.07.31 12:00:07;Sell;5.17;EURUSD.fx;1.10317;1.10325;1.09317;2023.07.31 12:08:50;1.10325;;;-4.14;[sl]
2023.07.28 17:00:01;Sell;5.17;USDJPY.fx;140.485;140.361;139.485;2023.07.28 17:03:24;140.361;;;45.67;[sl]
2023.07.28 17:00:05;Buy;5.17;USDJPY.fx;140.516;140.466;141.516;2023.07.28 17:00:09;140.466;;;-18.40;[sl]
2023.07.28 15:30:05;Buy;5.17;USDJPY.fx;139.453;139.403;140.453;2023.07.28 15:30:18;139.403;;;-18.54;[sl]
2023.07.28 15:30:02;Sell;5.17;USDJPY.fx;139.397;139.447;138.397;2023.07.28 15:30:05;139.447;;;-18.54;[sl]
2023.07.28 10:00:00;Buy;5.17;EURUSD.fx;1.09753;1.09783;1.10753;2023.07.28 10:00:27;1.09783;;;15.51;[sl]
2023.07.27 15:30:01;Buy;5.17;USDJPY.fx;140.297;140.422;141.297;2023.07.27 15:30:23;140.422;;;46.02;[sl]
2023.07.27 15:30:05;Sell;5.17;USDJPY.fx;140.299;140.349;139.299;2023.07.27 15:30:08;140.349;;;-18.42;[sl]
2023.07.27 15:15:09;Sell;5.17;EURUSD.fx;1.11246;1.11216;1.10246;2023.07.27 15:16:02;1.11216;;;15.51;[sl]
2023.07.26 17:00:05;Buy;5.17;USDJPY.fx;140.437;140.387;141.437;2023.07.26 17:00:16;140.387;;;-18.41;[sl]
2023.07.26 17:00:02;Sell;5.17;USDJPY.fx;140.413;140.463;139.413;2023.07.26 17:00:07;140.463;;;-18.40;[sl]
2023.07.25 17:00:06;Sell;5.17;USDJPY.fx;141.461;141.431;140.461;2023.07.25 17:02:52;141.431;;;10.97;[sl]
2023.07.25 17:00:02;Buy;5.17;USDJPY.fx;141.401;141.431;142.401;2023.07.25 17:00:13;141.431;;;10.97;[sl]
2023.07.24 16:45:00;Buy;5.17;USDJPY.fx;141.026;141.127;142.026;2023.07.24 16:45:14;141.127;;;37.00;[sl]
2023.07.24 11:30:00;Sell;5.17;GBPUSD.fx;1.28455;1.28262;1.27455;2023.07.24 11:31:10;1.28262;;;99.79;[sl]
2023.07.24 10:30:00;Sell;5.17;EURUSD.fx;1.11207;1.10857;1.10207;2023.07.24 10:47:15;1.10857;;;180.95;[sl]
2023.07.20 17:00:00;Sell;5.17;USDJPY.fx;139.834;139.884;138.834;2023.07.20 17:00:29;139.884;;;-18.48;[sl]
2023.07.20 15:30:00;Buy;5.17;USDJPY.fx;139.688;139.778;140.688;2023.07.20 15:30:37;139.778;;;33.29;[sl]
2023.07.19 09:00:00;Buy;5.17;GBPUSD.fx;1.30332;1.30282;1.31332;2023.07.19 09:00:23;1.30282;;;-25.85;[sl]
2023.07.18 16:15:06;Sell;5.17;USDJPY.fx;138.130;138.075;137.130;2023.07.18 16:17:08;138.075;;;20.59;[sl]
2023.07.18 15:30:04;Sell;5.17;USDJPY.fx;138.183;138.153;137.183;2023.07.18 15:30:08;138.153;;;11.23;[sl]
2023.07.17 15:30:00;Buy;5.17;USDJPY.fx;138.550;138.988;139.550;2023.07.17 15:57:37;138.988;;;162.92;[sl]
2023.07.13 15:30:09;Buy;5.17;USDJPY.fx;138.374;138.324;139.374;2023.07.13 15:30:11;138.324;;;-18.69;[sl]
2023.07.13 15:30:07;Buy;5.17;USDJPY.fx;138.368;138.318;139.368;2023.07.13 15:30:08;138.318;;;-18.69;[sl]
2023.07.13 15:30:00;Buy;5.17;USDJPY.fx;138.451;138.401;139.451;2023.07.13 15:30:03;138.401;;;-18.68;[sl]
2023.07.13 09:00:04;Buy;5.17;GBPUSD.fx;1.29896;1.29993;1.30896;2023.07.13 09:01:12;1.29993;;;50.15;[sl]
2023.07.13 09:00:00;Sell;5.17;GBPUSD.fx;1.29849;1.29899;1.28849;2023.07.13 09:00:04;1.29899;;;-25.85;[sl]
2023.07.12 17:00:09;Buy;5.17;USDCAD.fx;1.31790;1.31740;1.32790;2023.07.12 17:00:20;1.31740;;;-19.62;[sl]
2023.07.12 17:00:00;Sell;5.17;USDCAD.fx;1.31849;1.31819;1.30849;2023.07.12 17:00:10;1.31819;;;11.77;[sl]
2023.07.12 15:30:01;Sell;5.17;USDJPY.fx;139.480;138.941;138.480;2023.07.12 15:31:21;138.941;;;200.56;[sl]
2023.07.12 15:30:00;Buy;5.17;USDJPY.fx;139.597;139.547;140.597;2023.07.12 15:30:00;139.547;;;-18.52;[sl]
2023.07.07 15:29:59;Sell;5.17;USDJPY.fx;143.258;142.727;142.258;2023.07.07 15:30:28;142.727;;;192.34;[sl]
2023.07.07 15:30:06;Buy;5.17;USDJPY.fx;142.884;142.834;143.884;2023.07.07 15:30:06;142.834;;;-18.10;[sl]
2023.07.06 17:00:10;Sell;5.17;USDJPY.fx;144.385;144.435;143.385;2023.07.06 17:00:15;144.435;;;-17.90;[sl]
2023.07.06 17:00:00;Buy;5.17;USDJPY.fx;144.276;144.436;145.276;2023.07.06 17:00:07;144.436;;;57.27;[sl]
2023.07.06 15:30:08;Buy;5.17;USDJPY.fx;144.083;144.153;145.083;2023.07.06 15:34:21;144.153;;;25.11;[sl]
2023.07.06 15:30:02;Sell;5.17;USDJPY.fx;144.027;144.077;143.027;2023.07.06 15:30:08;144.077;;;-17.94;[sl]
2023.07.06 15:15:02;Buy;5.17;USDJPY.fx;143.741;144.151;144.741;2023.07.06 15:22:21;144.235;;;177.07;
2023.07.06 15:15:04;Sell;5.17;USDJPY.fx;143.957;144.007;142.957;2023.07.06 15:15:05;144.007;;;-17.95;[sl]
2023.07.06 11:30:02;Sell;5.17;GBPUSD.fx;1.27160;1.27106;1.26160;2023.07.06 11:45:09;1.27106;;;27.92;[sl]
2023.07.05 17:00:00;Sell;5.17;USDJPY.fx;144.157;144.207;143.157;2023.07.05 17:00:34;144.207;;;-17.93;[sl]
2023.07.04 07:30:03;Sell;5.17;AUDUSD.fx;0.66758;0.66560;0.65758;2023.07.04 07:30:39;0.66560;;;102.37;[sl]
2023.07.03 17:00:07;Sell;5.17;USDJPY.fx;144.371;144.103;143.371;2023.07.03 17:07:53;144.103;;;96.15;[sl]
2023.06.30 15:30:10;Sell;5.17;USDJPY.fx;144.579;144.549;143.579;2023.06.30 15:30:15;144.549;;;10.73;[sl]
2023.06.29 15:30:00;Buy;5.17;USDJPY.fx;144.308;144.362;145.308;2023.06.29 15:30:40;144.362;;;19.34;[sl]
2023.06.27 17:00:01;Buy;5.17;USDJPY.fx;143.534;143.785;144.534;2023.06.27 17:20:00;143.785;;;90.25;[sl]
2023.06.27 17:00:01;Sell;5.17;USDJPY.fx;143.455;143.505;142.455;2023.06.27 17:00:01;143.505;;;-18.01;[sl]
2023.06.23 11:30:00;Sell;5.17;GBPUSD.fx;1.27023;1.26977;1.26023;2023.06.23 11:30:24;1.26977;;;23.78;[sl]
2023.06.23 11:30:02;Buy;5.17;GBPUSD.fx;1.26925;1.26875;1.27925;2023.06.23 11:30:05;1.26875;;;-25.85;[sl]
2023.06.22 17:00:03;Buy;5.17;USDJPY.fx;142.342;142.372;143.342;2023.06.22 17:05:19;142.372;;;10.89;[sl]
2023.06.22 14:00:11;Buy;5.17;GBPUSD.fx;1.28370;1.28320;1.29370;2023.06.22 14:00:11;1.28320;;;-25.85;[sl]
2023.06.22 14:00:01;Buy;5.17;GBPUSD.fx;1.27922;1.28255;1.28922;2023.06.22 14:00:10;1.28255;;;172.17;[sl]
2023.06.22 10:30:00;Buy;5.17;USDCHF.fx;0.89138;0.89295;0.90138;2023.06.22 10:30:20;0.89295;;;90.90;[sl]
2023.06.21 15:30:00;Sell;5.17;USDCAD.fx;1.32184;1.32154;1.31184;2023.06.21 15:31:04;1.32154;;;11.74;[sl]
2023.06.21 09:00:08;Buy;5.17;GBPUSD.fx;1.27659;1.27689;1.28659;2023.06.21 09:00:41;1.27689;;;15.51;[sl]
2023.06.21 09:00:02;Sell;5.17;GBPUSD.fx;1.27572;1.27622;1.26572;2023.06.21 09:00:08;1.27622;;;-25.85;[sl]
2023.06.20 15:30:00;Buy;5.17;USDJPY.fx;141.527;141.557;142.527;2023.06.20 15:30:35;141.557;;;10.96;[sl]
2023.06.15 15:30:00;Buy;5.17;USDJPY.fx;141.201;141.231;142.201;2023.06.15 15:30:16;141.231;;;10.98;[sl]
2023.06.15 15:15:10;Buy;5.17;EURUSD.fx;1.08339;1.08289;1.09339;2023.06.15 15:15:11;1.08289;;;-25.85;[sl]
2023.06.14 15:30:06;Sell;5.17;USDJPY.fx;139.879;139.747;138.879;2023.06.14 15:30:49;139.747;;;48.83;[sl]
2023.06.14 15:30:00;Buy;5.17;USDJPY.fx;139.895;139.845;140.895;2023.06.14 15:30:06;139.845;;;-18.48;[sl]
2023.06.13 15:29:59;Buy;5.17;USDJPY.fx;139.413;139.363;140.413;2023.06.13 15:30:00;139.363;;;-18.55;[sl]
2023.06.08 15:30:00;Sell;5.17;USDJPY.fx;139.564;139.339;138.564;2023.06.08 15:32:25;139.339;;;83.48;[sl]
2023.06.07 18:05:45;Balance;;;;;;;;;;0.00;
2023.06.07 18:05:44;Balance;;;;;;;;;;0.00;
2023.06.07 17:00:00;Sell;5.17;USDCAD.fx;1.33815;1.33429;1.32815;2023.06.07 17:00:21;1.33429;;;149.56;[sl]
2023.03.24 17:05:58;Buy;5.00;USDCAD.fx;1.37807;;1.37822;2023.03.24 17:06:28;1.37811;;;1.45;
2023.03.15 16:21:35;Sell;5.00;USDCAD.fx;1.37757;;1.37742;2023.03.15 16:23:47;1.37835;;;-28.29;
2023.03.15 16:22:35;Buy;5.00;USDCAD.fx;1.37834;;1.37854;2023.03.15 16:23:46;1.37821;;;-4.72;
2023.03.15 16:21:12;Sell;5.00;USDCAD.fx;1.37790;;1.37728;2023.03.15 16:21:28;1.37782;;;2.90;
2023.03.10 11:30:04;Sell;5.00;USDCAD.fx;1.38351;;1.38261;2023.03.10 11:31:03;1.38351;;;0.00;
2023.03.10 11:27:22;Sell;0.50;USDCAD.fx;1.38368;;1.38268;2023.03.10 11:29:41;1.38366;;;0.07;
2023.03.10 11:03:03;Balance;;;;;;;;;;1 000.00;
