Time;Type;Volume;Symbol;Price;S/L;T/P;Time;Price;Commission;Swap;Profit;Comment
2026.06.02 21:00:00;Buy Stop;0.12;XAUUSD;4 593.69;4 540.69;4 602.69;2026.06.04 03:00:00;4 456.75;;;;cancelled
2026.06.02 12:15:00;Sell Stop;0.12;XAUUSD;4 099.77;4 160.77;4 085.27;2026.06.03 23:15:00;4 440.13;;;;cancelled
2026.06.02 12:15:00;Buy Stop;0.12;XAUUSD;5 416.39;5 355.39;5 430.89;2026.06.03 23:15:00;4 440.29;;;;cancelled
2026.06.02 07:15:00;Sell Stop;0.12;XAUUSD;4 367.42;4 420.42;4 358.42;2026.06.03 13:15:00;4 462.88;;;;cancelled
2026.06.02 17:10:00;Sell Stop;0.12;XAUUSD;4 367.77;4 465.62;4 359.77;2026.06.03 13:10:00;4 461.84;;;;cancelled
2026.06.01 01:05:01;Sell Stop;0.12;XAUUSD;4 367.77;4 390.27;4 353.27;2026.06.03 13:07:56;4 457.85;;;;cancelled
2026.06.02 16:00:00;Buy Stop;0.12;XAUUSD;4 593.74;4 492.74;4 601.74;2026.06.03 12:00:00;4 443.82;;;;cancelled
2026.06.03 11:51:48;Sell;0.12;XAUUSD;4 446.64;4 463.51;4 432.25;2026.06.03 11:57:58;4 444.00;-2.13;;31.68;
2026.06.03 11:51:47;Sell;0.12;XAUUSD;4 448.99;4 448.69;4 434.36;2026.06.03 11:57:57;4 443.95;-2.14;;60.48;
2026.06.03 11:51:48;Sell;0.12;XAUUSD;4 446.64;4 547.70;4 438.75;2026.06.03 11:57:57;4 443.98;-2.13;;31.92;
2026.06.03 11:51:47;Sell;0.12;XAUUSD;4 449.07;4 448.27;4 440.86;2026.06.03 11:52:04;4 448.35;-2.14;;8.64;[sl]
2026.06.03 11:51:48;Sell;0.12;XAUUSD;4 448.38;4 447.58;4 439.51;2026.06.03 11:52:03;4 447.69;-2.14;;8.28;[sl]
2026.06.03 11:51:48;Sell;0.12;XAUUSD;4 447.02;4 446.22;4 437.75;2026.06.03 11:52:01;4 446.47;-2.13;;6.60;[sl]
2026.06.02 01:05:00;Buy Stop;0.12;XAUUSD;4 772.58;4 765.58;4 805.58;2026.06.03 01:05:01;4 490.76;;;;cancelled
2026.05.27 14:00:00;Sell Stop;0.12;XAUUSD;4 098.87;4 108.87;4 057.87;2026.06.03 01:05:01;4 490.53;;;;cancelled
2026.06.01 15:00:00;Buy Stop;0.12;XAUUSD;4 593.69;4 540.69;4 602.69;2026.06.02 21:00:00;4 485.25;;;;cancelled
2026.06.01 21:10:00;Sell Stop;0.12;XAUUSD;4 367.77;4 468.77;4 359.77;2026.06.02 17:10:00;4 503.08;;;;cancelled
2026.06.01 20:00:00;Buy Stop;0.12;XAUUSD;4 593.74;4 492.74;4 601.74;2026.06.02 16:00:00;4 514.80;;;;cancelled
2026.06.01 01:05:00;Sell Stop;0.12;XAUUSD;4 099.77;4 160.77;4 085.27;2026.06.02 12:15:00;4 533.91;;;;cancelled
2026.06.01 01:05:00;Buy Stop;0.12;XAUUSD;5 416.39;5 355.39;5 430.89;2026.06.02 12:15:00;4 534.05;;;;cancelled
2026.06.01 01:05:01;Sell Stop;0.12;XAUUSD;4 367.42;4 420.42;4 358.42;2026.06.02 07:15:00;4 504.66;;;;cancelled
2026.05.15 01:05:00;Buy Stop;0.12;XAUUSD;4 772.58;4 765.58;4 805.58;2026.06.02 01:05:00;4 483.56;;;;cancelled
2026.06.01 01:05:01;Sell Stop;0.12;XAUUSD;4 367.77;4 468.77;4 359.77;2026.06.01 21:10:00;4 489.88;;;;cancelled
2026.05.29 09:00:00;Sell Stop;0.12;XAUUSD;4 367.77;4 468.77;4 359.77;2026.06.01 01:05:01;4 520.48;;;;cancelled
2026.05.29 08:00:00;Sell Stop;0.12;XAUUSD;4 367.77;4 390.27;4 353.27;2026.06.01 01:05:01;4 520.62;;;;cancelled
2026.05.29 04:00:00;Sell Stop;0.12;XAUUSD;4 367.42;4 420.42;4 358.42;2026.06.01 01:05:01;4 520.66;;;;cancelled
2026.05.29 10:30:00;Sell Stop;0.12;XAUUSD;4 099.77;4 160.77;4 085.27;2026.06.01 01:05:00;4 520.72;;;;cancelled
2026.05.29 10:15:00;Buy Stop;0.12;XAUUSD;5 416.39;5 355.39;5 430.89;2026.06.01 01:05:00;4 521.00;;;;cancelled
2026.05.11 04:00:00;Buy Stop;0.12;XAUUSD;4 889.29;4 879.29;4 930.29;2026.06.01 01:05:00;4 521.02;;;;cancelled
2026.05.30 08:39:33;Balance;;;;;;;;;;0.66;
2026.05.29 18:05:02;Buy;0.12;XAUUSD;4 580.16;4 582.16;4 628.84;2026.05.29 18:21:08;4 582.23;-2.20;;24.84;[sl]
2026.05.29 18:08:03;Buy;0.12;XAUUSD;4 588.52;4 588.82;4 603.05;2026.05.29 18:15:18;4 588.49;-2.20;;-0.36;[sl]
2026.05.29 18:05:02;Buy;0.12;XAUUSD;4 580.16;4 585.25;4 594.14;2026.05.29 18:11:15;4 594.19;-2.20;;168.36;[tp]
2026.05.29 18:05:02;Buy;0.12;XAUUSD;4 579.43;4 580.23;4 588.04;2026.05.29 18:08:04;4 588.07;-2.20;;103.68;[tp]
2026.05.29 18:05:02;Buy;0.12;XAUUSD;4 579.43;4 580.23;4 587.09;2026.05.29 18:08:03;4 587.71;-2.20;;99.36;[tp]
2026.05.28 21:10:00;Buy Stop;0.12;XAUUSD;4 579.09;4 478.09;4 587.09;2026.05.29 17:10:00;4 551.79;;;;cancelled
2026.05.27 03:00:00;Buy Stop;0.12;XAUUSD;4 579.64;4 557.14;4 594.14;2026.05.29 15:00:00;4 538.67;;;;cancelled
2026.05.21 13:00:00;Buy Stop;0.12;XAUUSD;4 773.48;4 765.48;4 822.48;2026.05.29 13:00:00;4 530.96;;;;cancelled
2026.05.27 23:15:01;Sell Stop;0.12;XAUUSD;4 099.77;4 160.77;4 085.27;2026.05.29 10:30:00;4 513.86;;;;cancelled
2026.05.27 23:15:00;Buy Stop;0.12;XAUUSD;5 416.39;5 355.39;5 430.89;2026.05.29 10:15:00;4 516.38;;;;cancelled
2026.05.28 04:00:00;Buy Stop;0.12;XAUUSD;4 579.04;4 526.04;4 588.04;2026.05.29 10:00:00;4 523.42;;;;cancelled
2026.05.28 01:05:01;Buy Stop;0.12;XAUUSD;4 579.09;4 478.09;4 587.09;2026.05.28 21:10:00;4 510.00;;;;cancelled
2026.05.28 09:04:32;Balance;;;;;;;;;;0.77;
2026.05.26 22:00:00;Buy Stop;0.12;XAUUSD;4 579.04;4 526.04;4 588.04;2026.05.28 04:00:00;4 457.23;;;;cancelled
2026.05.27 04:00:00;Buy Stop;0.12;XAUUSD;4 579.09;4 478.09;4 587.09;2026.05.28 01:05:01;4 456.97;;;;cancelled
2026.05.26 12:15:00;Sell Stop;0.12;XAUUSD;4 099.77;4 160.77;4 085.27;2026.05.27 23:15:00;4 455.25;;;;cancelled
2026.05.26 12:15:00;Buy Stop;0.12;XAUUSD;5 416.39;5 355.39;5 430.89;2026.05.27 23:15:00;4 455.40;;;;cancelled
2026.05.26 21:05:00;Buy Stop;0.12;XAUUSD;4 588.00;4 487.00;4 596.00;2026.05.27 17:05:00;4 438.80;;;;cancelled
2026.05.27 13:46:17;Sell;0.12;XAUUSD;4 454.40;4 453.20;4 440.61;2026.05.27 14:03:32;4 453.21;-2.14;;14.28;[sl]
2026.05.27 13:46:17;Sell;0.12;XAUUSD;4 453.69;4 452.69;4 413.21;2026.05.27 14:03:31;4 452.71;-2.14;;11.76;[sl]
2026.05.27 13:46:17;Sell;0.12;XAUUSD;4 454.40;4 452.40;4 405.51;2026.05.27 14:03:17;4 452.19;-2.14;;26.52;[sl]
2026.05.27 13:46:17;Sell;0.12;XAUUSD;4 454.40;4 449.74;4 421.71;2026.05.27 13:59:34;4 449.81;-2.14;;55.08;[sl]
2026.05.27 13:46:17;Sell;0.12;XAUUSD;4 454.40;4 450.28;4 440.46;2026.05.27 13:50:50;4 450.34;-2.14;;48.72;[sl]
2026.05.27 13:46:17;Sell;0.12;XAUUSD;4 454.40;4 453.60;4 446.96;2026.05.27 13:48:32;4 446.36;-2.14;;96.48;[tp]
2026.05.26 07:15:00;Sell Stop;0.12;XAUUSD;4 454.61;4 507.61;4 445.61;2026.05.27 13:15:00;4 485.46;;;;cancelled
2026.05.25 01:05:04;Buy Stop;0.12;XAUUSD;4 588.55;4 566.05;4 603.05;2026.05.27 13:15:00;4 485.62;;;;cancelled
2026.05.25 01:05:04;Sell Stop;0.12;XAUUSD;4 454.96;4 477.46;4 440.46;2026.05.27 13:15:00;4 485.48;;;;cancelled
2026.05.26 01:05:00;Sell Stop;0.12;XAUUSD;4 455.11;4 516.11;4 440.61;2026.05.27 12:15:00;4 491.80;;;;cancelled
2026.05.26 01:05:01;Sell Stop;0.12;XAUUSD;4 454.96;4 555.96;4 446.96;2026.05.26 21:10:00;4 488.97;;;;cancelled
2026.05.26 01:05:00;Buy Stop;0.12;XAUUSD;4 588.00;4 487.00;4 596.00;2026.05.26 21:05:00;4 488.03;;;;cancelled
2026.05.25 01:05:00;Sell Stop;0.12;XAUUSD;4 099.77;4 160.77;4 085.27;2026.05.26 12:15:00;4 520.35;;;;cancelled
2026.05.25 01:05:00;Buy Stop;0.12;XAUUSD;5 416.39;5 355.39;5 430.89;2026.05.26 12:15:00;4 520.48;;;;cancelled
2026.05.26 08:27:34;Balance;;;;;;;;;;0.52;
2026.05.25 01:05:03;Buy Stop;0.12;XAUUSD;4 587.95;4 534.95;4 596.95;2026.05.26 07:15:00;4 537.32;;;;cancelled
2026.05.25 01:05:02;Sell Stop;0.12;XAUUSD;4 454.61;4 507.61;4 445.61;2026.05.26 07:15:00;4 537.21;;;;cancelled
2026.05.18 04:00:00;Sell Stop;0.12;XAUUSD;4 098.87;4 108.87;4 057.87;2026.05.26 01:05:01;4 571.15;;;;cancelled
2026.05.25 01:05:02;Buy Stop;0.12;XAUUSD;4 588.00;4 487.00;4 596.00;2026.05.26 01:05:00;4 571.43;;;;cancelled
2026.05.25 01:05:02;Sell Stop;0.12;XAUUSD;4 454.96;4 555.96;4 446.96;2026.05.26 01:05:00;4 571.23;;;;cancelled
2026.05.25 02:00:13;Buy;0.12;XAUUSD;4 569.61;4 574.61;4 584.50;2026.05.25 02:52:06;4 574.45;-2.19;;58.08;[sl]
2026.05.25 02:07:10;Buy;0.12;XAUUSD;4 569.43;4 570.23;4 577.45;2026.05.25 02:24:00;4 578.25;-2.19;;105.84;[tp]
2026.05.25 02:00:13;Buy;0.12;XAUUSD;4 569.46;4 572.25;4 578.40;2026.05.25 02:24:00;4 578.41;-2.19;;107.40;[tp]
2026.05.25 02:00:13;Buy;0.12;XAUUSD;4 569.99;4 570.79;4 577.45;2026.05.25 02:24:00;4 578.25;-2.19;;99.12;[tp]
2026.05.22 05:00:00;Buy Stop;0.12;XAUUSD;4 570.00;4 547.50;4 584.50;2026.05.25 01:05:03;4 551.26;;;;cancelled
2026.05.22 01:45:00;Buy Stop;0.12;XAUUSD;4 588.55;4 566.05;4 603.05;2026.05.25 01:05:03;4 551.34;;;;cancelled
2026.05.21 07:00:00;Sell Stop;0.12;XAUUSD;4 454.96;4 477.46;4 440.46;2026.05.25 01:05:03;4 550.74;;;;cancelled
2026.05.20 13:15:00;Buy Stop;0.12;XAUUSD;4 718.20;4 695.70;4 732.70;2026.05.25 01:05:03;4 551.69;;;;cancelled
2026.05.22 11:00:00;Buy Stop;0.12;XAUUSD;4 587.95;4 534.95;4 596.95;2026.05.25 01:05:02;4 551.13;;;;cancelled
2026.05.22 09:00:00;Sell Stop;0.12;XAUUSD;4 454.61;4 507.61;4 445.61;2026.05.25 01:05:02;4 550.51;;;;cancelled
2026.05.22 02:00:00;Buy Stop;0.12;XAUUSD;4 569.40;4 516.40;4 578.40;2026.05.25 01:05:02;4 551.24;;;;cancelled
2026.05.22 17:05:00;Buy Stop;0.12;XAUUSD;4 588.00;4 487.00;4 596.00;2026.05.25 01:05:01;4 550.86;;;;cancelled
2026.05.22 06:00:00;Buy Stop;0.12;XAUUSD;4 569.45;4 468.45;4 577.45;2026.05.25 01:05:01;4 550.86;;;;cancelled
2026.05.22 05:10:00;Buy Stop;0.12;XAUUSD;4 717.65;4 616.65;4 725.65;2026.05.25 01:05:01;4 550.93;;;;cancelled
2026.05.22 04:00:00;Sell Stop;0.12;XAUUSD;4 454.96;4 555.96;4 446.96;2026.05.25 01:05:01;4 549.99;;;;cancelled
2026.05.22 10:15:00;Sell Stop;0.12;XAUUSD;4 099.77;4 160.77;4 085.27;2026.05.25 01:05:00;4 550.52;;;;cancelled
2026.05.22 10:15:00;Buy Stop;0.12;XAUUSD;5 416.39;5 355.39;5 430.89;2026.05.25 01:05:00;4 551.35;;;;cancelled
2026.05.21 21:05:00;Buy Stop;0.12;XAUUSD;4 588.00;4 487.00;4 596.00;2026.05.22 17:05:00;4 507.93;;;;cancelled
2026.05.21 05:00:00;Buy Stop;0.12;XAUUSD;4 587.95;4 534.95;4 596.95;2026.05.22 11:00:00;4 522.85;;;;cancelled
2026.05.20 23:15:00;Sell Stop;0.12;XAUUSD;4 099.77;4 160.77;4 085.27;2026.05.22 10:15:00;4 522.53;;;;cancelled
2026.05.20 23:15:00;Buy Stop;0.12;XAUUSD;5 416.39;5 355.39;5 430.89;2026.05.22 10:15:00;4 522.76;;;;cancelled
2026.05.21 03:00:00;Sell Stop;0.12;XAUUSD;4 454.61;4 507.61;4 445.61;2026.05.22 09:00:00;4 510.77;;;;cancelled
2026.05.21 09:10:00;Buy Stop;0.12;XAUUSD;4 717.65;4 616.65;4 725.65;2026.05.22 05:10:00;4 525.94;;;;cancelled
2026.05.21 08:00:00;Sell Stop;0.12;XAUUSD;4 454.96;4 555.96;4 446.96;2026.05.22 04:00:00;4 526.31;;;;cancelled
2026.05.22 01:45:00;Buy Stop;0.12;XAUUSD;4 569.40;4 516.40;4 578.40;2026.05.22 01:45:26;4 543.10;;;;cancelled
2026.05.22 01:05:01;Buy Stop;0.12;XAUUSD;4 569.40;4 516.40;4 578.40;2026.05.22 01:43:59;4 543.61;;;;cancelled
2026.05.20 04:00:00;Buy Stop;0.12;XAUUSD;4 588.55;4 566.05;4 603.05;2026.05.22 01:43:50;4 543.38;;;;cancelled
2026.05.21 01:05:00;Buy Stop;0.12;XAUUSD;4 588.00;4 487.00;4 596.00;2026.05.21 21:05:00;4 543.68;;;;cancelled
2026.05.13 13:00:00;Buy Stop;0.12;XAUUSD;4 773.48;4 765.48;4 822.48;2026.05.21 13:00:00;4 530.77;;;;cancelled
2026.05.20 13:10:00;Buy Stop;0.12;XAUUSD;4 717.65;4 616.65;4 725.65;2026.05.21 09:10:00;4 531.16;;;;cancelled
2026.05.19 23:00:00;Buy Stop;0.12;XAUUSD;4 587.95;4 534.95;4 596.95;2026.05.21 05:00:00;4 561.64;;;;cancelled
2026.05.20 05:00:00;Buy Stop;0.12;XAUUSD;4 588.00;4 487.00;4 596.00;2026.05.21 01:05:00;4 544.77;;;;cancelled
2026.05.19 12:15:00;Sell Stop;0.12;XAUUSD;4 099.77;4 160.77;4 085.27;2026.05.20 23:15:00;4 546.79;;;;cancelled
2026.05.19 12:15:00;Buy Stop;0.12;XAUUSD;5 416.39;5 355.39;5 430.89;2026.05.20 23:15:00;4 546.93;;;;cancelled
2026.05.18 04:00:00;Buy Stop;0.12;XAUUSD;4 773.28;4 750.78;4 787.78;2026.05.20 16:00:00;4 496.33;;;;cancelled
2026.05.18 01:05:01;Buy Stop;0.12;XAUUSD;4 718.20;4 695.70;4 732.70;2026.05.20 13:15:00;4 488.19;;;;cancelled
2026.05.19 17:10:00;Buy Stop;0.12;XAUUSD;4 772.73;4 671.73;4 780.73;2026.05.20 13:10:00;4 489.92;;;;cancelled
2026.05.19 17:10:00;Buy Stop;0.12;XAUUSD;4 717.65;4 616.65;4 725.65;2026.05.20 13:10:00;4 489.95;;;;cancelled
2026.05.20 09:25:26;Balance;;;;;;;;;;0.51;
2026.05.18 21:10:00;Buy Stop;0.12;XAUUSD;4 772.73;4 671.73;4 780.73;2026.05.19 17:10:00;4 504.03;;;;cancelled
2026.05.18 21:10:00;Buy Stop;0.12;XAUUSD;4 717.65;4 616.65;4 725.65;2026.05.19 17:10:00;4 503.70;;;;cancelled
2026.05.19 16:31:22;Sell;0.12;XAUUSD;4 480.69;4 488.75;4 432.32;2026.05.19 16:50:23;4 488.71;-2.15;;-96.24;[sl]
2026.05.19 16:31:21;Sell;0.12;XAUUSD;4 481.31;4 504.27;4 467.27;2026.05.19 16:31:41;4 467.24;-2.15;;168.84;[tp]
2026.05.19 16:31:21;Sell;0.12;XAUUSD;4 481.53;4 582.77;4 473.77;2026.05.19 16:31:24;4 473.45;-2.15;;96.96;[tp]
2026.05.19 16:31:22;Sell;0.12;XAUUSD;4 480.69;4 534.42;4 472.42;2026.05.19 16:31:24;4 471.40;-2.15;;111.48;[tp]
2026.05.18 01:05:00;Sell Stop;0.12;XAUUSD;4 099.77;4 160.77;4 085.27;2026.05.19 12:15:00;4 539.35;;;;cancelled
2026.05.18 01:05:00;Buy Stop;0.12;XAUUSD;5 416.39;5 355.39;5 430.89;2026.05.19 12:15:00;4 539.46;;;;cancelled
2026.05.19 09:26:28;Balance;;;;;;;;;;0.38;
2026.05.18 01:05:01;Buy Stop;0.12;XAUUSD;4 772.68;4 719.68;4 781.68;2026.05.19 07:15:00;4 540.43;;;;cancelled
2026.05.18 01:05:01;Buy Stop;0.12;XAUUSD;4 772.73;4 671.73;4 780.73;2026.05.18 21:10:00;4 545.24;;;;cancelled
2026.05.18 01:05:01;Buy Stop;0.12;XAUUSD;4 717.65;4 616.65;4 725.65;2026.05.18 21:10:00;4 545.24;;;;cancelled
2026.05.15 16:00:00;Buy Stop;0.12;XAUUSD;4 773.28;4 750.78;4 787.78;2026.05.18 04:00:00;4 515.56;;;;cancelled
2026.05.18 03:33:58;Sell;0.12;XAUUSD;4 498.55;4 486.21;4 460.21;2026.05.18 03:46:03;4 487.62;-2.16;;131.16;[sl]
2026.05.18 03:33:58;Sell;0.12;XAUUSD;4 499.73;4 498.61;4 468.71;2026.05.18 03:35:05;4 499.02;-2.16;;8.52;[sl]
2026.05.18 03:33:58;Sell;0.12;XAUUSD;4 499.73;4 497.73;4 452.51;2026.05.18 03:35:03;4 498.09;-2.16;;19.68;[sl]
2026.05.15 11:00:00;Buy Stop;0.12;XAUUSD;4 718.20;4 695.70;4 732.70;2026.05.18 01:05:01;4 545.79;;;;cancelled
2026.05.15 11:00:00;Buy Stop;0.12;XAUUSD;4 772.68;4 719.68;4 781.68;2026.05.18 01:05:01;4 545.83;;;;cancelled
2026.05.15 17:05:00;Buy Stop;0.12;XAUUSD;4 772.73;4 671.73;4 780.73;2026.05.18 01:05:00;4 545.80;;;;cancelled
2026.05.15 13:00:00;Sell Stop;0.12;XAUUSD;4 099.77;4 160.77;4 085.27;2026.05.18 01:05:00;4 545.14;;;;cancelled
2026.05.15 13:00:00;Buy Stop;0.12;XAUUSD;5 416.39;5 355.39;5 430.89;2026.05.18 01:05:00;4 545.73;;;;cancelled
2026.05.15 12:00:00;Buy Stop;0.12;XAUUSD;4 717.65;4 616.65;4 725.65;2026.05.18 01:05:00;4 545.80;;;;cancelled
2026.05.16 08:53:14;Balance;;;;;;;;;;0.66;
2026.05.14 21:05:00;Buy Stop;0.12;XAUUSD;4 772.73;4 671.73;4 780.73;2026.05.15 17:05:00;4 534.56;;;;cancelled
2026.05.13 04:00:00;Buy Stop;0.12;XAUUSD;4 773.28;4 750.78;4 787.78;2026.05.15 16:00:00;4 546.38;;;;cancelled
2026.05.14 02:00:00;Sell Stop;0.12;XAUUSD;4 099.77;4 160.77;4 085.27;2026.05.15 13:00:00;4 546.31;;;;cancelled
2026.05.14 02:00:00;Buy Stop;0.12;XAUUSD;5 416.39;5 355.39;5 430.89;2026.05.15 13:00:00;4 546.46;;;;cancelled
2026.05.14 05:00:00;Buy Stop;0.12;XAUUSD;4 772.68;4 719.68;4 781.68;2026.05.15 11:00:00;4 572.11;;;;cancelled
2026.05.15 03:25:18;Sell;0.12;XAUUSD;4 638.00;4 634.72;4 624.02;2026.05.15 03:28:53;4 631.76;-2.23;;74.88;
2026.05.15 03:25:18;Sell;0.12;XAUUSD;4 637.81;4 646.82;4 589.82;2026.05.15 03:28:52;4 631.91;-2.23;;70.80;
2026.05.15 03:25:18;Sell;0.12;XAUUSD;4 639.23;4 634.72;4 624.95;2026.05.15 03:28:51;4 631.81;-2.23;;89.04;
2026.05.15 03:25:18;Sell;0.12;XAUUSD;4 638.25;4 637.14;4 630.10;2026.05.15 03:27:00;4 630.08;-2.23;;98.04;[tp]
2026.05.15 03:25:18;Sell;0.12;XAUUSD;4 638.00;4 740.12;4 631.12;2026.05.15 03:25:21;4 630.68;-2.23;;87.84;[tp]
2026.05.12 03:00:00;Buy Stop;0.12;XAUUSD;4 889.69;4 882.69;4 922.69;2026.05.15 01:05:00;4 653.57;;;;cancelled
2026.05.14 01:05:00;Buy Stop;0.12;XAUUSD;4 772.73;4 671.73;4 780.73;2026.05.14 21:05:00;4 670.18;;;;cancelled
2026.05.13 15:00:00;Sell Stop;0.12;XAUUSD;4 639.10;4 692.10;4 630.10;2026.05.14 21:00:00;4 677.87;;;;cancelled
2026.05.13 20:00:00;Sell Stop;0.12;XAUUSD;4 639.45;4 740.45;4 631.45;2026.05.14 16:00:00;4 705.20;;;;cancelled
2026.05.12 23:00:00;Buy Stop;0.12;XAUUSD;4 772.68;4 719.68;4 781.68;2026.05.14 05:00:00;4 689.46;;;;cancelled
2026.05.12 15:00:00;Sell Stop;0.12;XAUUSD;4 099.77;4 160.77;4 085.27;2026.05.14 02:00:00;4 700.02;;;;cancelled
2026.05.12 15:00:00;Buy Stop;0.12;XAUUSD;5 416.39;5 355.39;5 430.89;2026.05.14 02:00:00;4 700.08;;;;cancelled
2026.05.13 05:00:00;Buy Stop;0.12;XAUUSD;4 772.73;4 671.73;4 780.73;2026.05.14 01:05:00;4 693.97;;;;cancelled
2026.05.12 21:05:00;Sell Stop;0.12;XAUUSD;4 501.96;4 602.96;4 493.96;2026.05.13 17:05:00;4 676.85;;;;cancelled
2026.05.11 04:00:01;Sell Stop;0.12;XAUUSD;4 501.96;4 524.46;4 487.46;2026.05.13 16:15:00;4 690.00;;;;cancelled
2026.05.13 09:03:02;Balance;;;;;;;;;;1.22;
2026.05.12 01:05:00;Sell Stop;0.12;XAUUSD;4 501.96;4 602.96;4 493.96;2026.05.12 21:05:00;4 678.86;;;;cancelled
2026.05.12 18:22:48;Sell;0.12;XAUUSD;4 645.85;4 657.00;4 600.00;2026.05.12 18:23:45;4 641.27;-2.23;;54.96;
2026.05.12 18:22:47;Sell;0.12;XAUUSD;4 649.02;4 671.95;4 634.95;2026.05.12 18:23:43;4 640.62;-2.23;;100.80;
2026.05.12 18:22:47;Sell;0.12;XAUUSD;4 649.55;4 702.10;4 640.10;2026.05.12 18:23:42;4 640.01;-2.23;;114.48;[tp]
2026.05.12 18:22:47;Sell;0.12;XAUUSD;4 649.02;4 750.45;4 641.45;2026.05.12 18:23:28;4 641.37;-2.23;;91.80;[tp]
2026.05.11 04:00:00;Sell Stop;0.12;XAUUSD;4 099.77;4 160.77;4 085.27;2026.05.12 15:00:00;4 706.64;;;;cancelled
2026.05.11 04:00:00;Buy Stop;0.12;XAUUSD;5 416.39;5 355.39;5 430.89;2026.05.12 15:00:00;4 706.49;;;;cancelled
2026.05.11 04:00:01;Sell Stop;0.12;XAUUSD;4 501.61;4 554.61;4 492.61;2026.05.12 10:15:00;4 695.94;;;;cancelled
2026.05.12 08:54:28;Balance;;;;;;;;;;0.94;
2026.05.12 02:52:19;Buy;0.12;XAUUSD;4 764.37;4 764.67;4 778.68;2026.05.12 02:58:37;4 769.00;-2.29;;55.56;
2026.05.12 02:52:19;Buy;0.12;XAUUSD;4 763.71;4 764.51;4 772.58;2026.05.12 02:58:33;4 768.97;-2.29;;63.12;
2026.05.12 02:52:19;Buy;0.12;XAUUSD;4 764.37;4 756.38;4 813.38;2026.05.12 02:58:31;4 769.13;-2.29;;57.12;
2026.05.12 02:52:19;Buy;0.12;XAUUSD;4 763.71;4 763.71;4 796.48;2026.05.12 02:58:30;4 768.80;-2.29;;61.08;
2026.05.12 02:52:19;Buy;0.12;XAUUSD;4 763.71;4 764.51;4 771.63;2026.05.12 02:58:29;4 768.53;-2.29;;57.84;
2026.05.11 04:00:00;Buy Stop;0.12;XAUUSD;4 889.69;4 882.69;4 922.69;2026.05.12 01:05:01;4 741.08;;;;cancelled
2026.05.11 03:55:00;Sell Stop;0.12;XAUUSD;4 501.96;4 602.96;4 493.96;2026.05.12 01:05:00;4 740.84;;;;cancelled
2026.05.11 03:55:00;Buy Stop;0.12;XAUUSD;4 763.63;4 662.63;4 771.63;2026.05.12 01:05:00;4 740.67;;;;cancelled
2026.05.11 03:45:00;Buy Stop;0.12;XAUUSD;5 416.39;5 355.39;5 430.89;2026.05.11 03:52:49;4 676.91;;;;cancelled
2026.05.11 03:35:00;Sell Stop;0.12;XAUUSD;4 501.96;4 602.96;4 493.96;2026.05.11 03:52:49;4 676.16;;;;cancelled
2026.05.11 03:52:47;Sell;0.12;XAUUSD;4 676.91;4 778.02;4 669.02;2026.05.11 03:52:49;4 676.61;-2.24;;3.60;
2026.05.11 03:35:00;Buy Stop;0.12;XAUUSD;4 763.63;4 662.63;4 771.63;2026.05.11 03:52:49;4 677.35;;;;cancelled
2026.05.11 03:52:47;Sell;0.12;XAUUSD;4 676.91;4 699.52;4 662.52;2026.05.11 03:52:48;4 677.61;-2.24;;-8.40;
2026.05.11 03:45:01;Buy Stop;0.12;XAUUSD;4 764.18;4 741.68;4 778.68;2026.05.11 03:52:48;4 677.57;;;;cancelled
2026.05.11 03:45:01;Sell Stop;0.12;XAUUSD;4 501.61;4 554.61;4 492.61;2026.05.11 03:52:48;4 677.28;;;;cancelled
2026.05.11 03:52:47;Sell;0.12;XAUUSD;4 676.90;4 729.67;4 667.67;2026.05.11 03:52:48;4 676.80;-2.24;;1.20;
2026.05.11 03:45:00;Buy Stop;0.12;XAUUSD;4 763.58;4 710.58;4 772.58;2026.05.11 03:52:48;4 676.98;;;;cancelled
2026.05.11 03:45:00;Sell Stop;0.12;XAUUSD;4 099.77;4 160.77;4 085.27;2026.05.11 03:52:48;4 676.62;;;;cancelled
2026.05.11 03:45:01;Sell Stop;0.12;XAUUSD;4 501.96;4 524.46;4 487.46;2026.05.11 03:52:47;4 676.89;;;;cancelled
2026.05.04 20:51:26;Buy Stop;0.12;XAUUSD;4 889.69;4 882.69;4 922.69;2026.05.11 03:31:19;4 690.31;;;;cancelled
2026.05.04 20:51:26;Buy Stop;0.12;XAUUSD;4 889.29;4 879.29;4 930.29;2026.05.11 03:31:19;4 690.31;;;;cancelled
2026.05.04 20:51:25;Buy Stop;0.12;XAUUSD;4 890.59;4 882.59;4 939.59;2026.05.11 03:31:19;4 690.29;;;;cancelled
2026.05.11 01:05:00;Sell Stop;0.12;XAUUSD;4 099.77;4 160.77;4 085.27;2026.05.11 03:31:18;4 689.89;;;;cancelled
2026.05.11 01:05:00;Buy Stop;0.12;XAUUSD;5 416.39;5 355.39;5 430.89;2026.05.11 03:31:18;4 690.02;;;;cancelled
2026.05.08 19:00:00;Buy Stop;0.12;XAUUSD;4 764.18;4 741.68;4 778.68;2026.05.11 03:31:18;4 690.01;;;;cancelled
2026.05.08 01:05:00;Sell Stop;0.12;XAUUSD;4 501.21;4 511.21;4 460.21;2026.05.11 03:31:18;4 689.98;;;;cancelled
2026.05.07 01:05:00;Sell Stop;0.12;XAUUSD;4 501.71;4 508.71;4 468.71;2026.05.11 03:31:18;4 689.98;;;;cancelled
2026.05.06 06:00:00;Sell Stop;0.12;XAUUSD;4 501.51;4 509.51;4 452.51;2026.05.11 03:31:18;4 690.13;;;;cancelled
2026.05.11 03:17:11;Sell;0.12;XAUUSD;4 676.98;4 699.52;4 662.52;2026.05.11 03:31:17;4 689.72;-2.24;;-152.88;
2026.05.11 01:05:02;Sell Stop;0.12;XAUUSD;4 501.96;4 524.46;4 487.46;2026.05.11 03:31:17;4 689.57;;;;cancelled
2026.05.11 01:05:02;Sell Stop;0.12;XAUUSD;4 501.61;4 554.61;4 492.61;2026.05.11 03:31:17;4 689.59;;;;cancelled
2026.05.11 03:17:12;Sell;0.12;XAUUSD;4 676.53;4 729.58;4 667.67;2026.05.11 03:31:17;4 690.00;-2.24;;-161.64;
2026.05.11 01:05:02;Buy Stop;0.12;XAUUSD;4 763.58;4 710.58;4 772.58;2026.05.11 03:31:17;4 690.20;;;;cancelled
2026.05.11 01:05:01;Sell Stop;0.12;XAUUSD;4 501.96;4 602.96;4 493.96;2026.05.11 03:31:17;4 690.11;;;;cancelled
2026.05.11 01:05:01;Buy Stop;0.12;XAUUSD;4 763.63;4 662.63;4 771.63;2026.05.11 03:31:17;4 690.20;;;;cancelled
2026.05.11 03:25:00;Sell Stop;0.12;XAUUSD;4 677.02;4 778.02;4 669.02;2026.05.11 03:31:16;4 689.24;;;;cancelled
2026.05.11 03:20:04;Sell;0.12;XAUUSD;4 676.62;4 777.67;4 669.02;2026.05.11 03:31:16;4 689.45;-2.24;;-153.96;
2026.05.11 03:17:11;Sell;0.12;XAUUSD;4 676.98;4 778.02;4 669.02;2026.05.11 03:31:16;4 689.48;-2.24;;-150.00;
2026.05.11 03:30:00;Sell Stop;0.12;XAUUSD;4 677.02;4 699.52;4 662.52;2026.05.11 03:31:15;4 689.15;;;;cancelled
2026.05.11 03:30:00;Sell Stop;0.12;XAUUSD;4 676.67;4 729.67;4 667.67;2026.05.11 03:31:15;4 689.20;;;;cancelled
2026.05.08 08:00:00;Sell Stop;0.12;XAUUSD;4 501.96;4 524.46;4 487.46;2026.05.11 01:05:02;4 685.08;;;;cancelled
2026.05.08 21:00:00;Sell Stop;0.12;XAUUSD;4 676.67;4 729.67;4 667.67;2026.05.11 01:05:01;4 685.01;;;;cancelled
2026.05.08 15:00:00;Buy Stop;0.12;XAUUSD;4 763.58;4 710.58;4 772.58;2026.05.11 01:05:01;4 685.60;;;;cancelled
2026.05.08 09:05:00;Sell Stop;0.12;XAUUSD;4 501.96;4 602.96;4 493.96;2026.05.11 01:05:01;4 685.08;;;;cancelled
2026.05.08 04:15:00;Sell Stop;0.12;XAUUSD;4 501.61;4 554.61;4 492.61;2026.05.11 01:05:01;4 684.99;;;;cancelled
2026.05.08 20:00:00;Buy Stop;0.12;XAUUSD;4 763.63;4 662.63;4 771.63;2026.05.11 01:05:00;4 686.05;;;;cancelled
2026.05.07 19:00:00;Sell Stop;0.12;XAUUSD;4 099.77;4 160.77;4 085.27;2026.05.11 01:05:00;4 686.79;;;;cancelled
2026.05.07 19:00:00;Buy Stop;0.12;XAUUSD;5 416.39;5 355.39;5 430.89;2026.05.11 01:05:00;4 686.90;;;;cancelled
2026.05.07 13:05:00;Sell Stop;0.12;XAUUSD;4 501.96;4 602.96;4 493.96;2026.05.08 09:05:00;4 728.60;;;;cancelled
2026.05.05 20:00:00;Sell Stop;0.12;XAUUSD;4 501.96;4 524.46;4 487.46;2026.05.08 08:00:00;4 711.16;;;;cancelled
2026.05.06 22:00:01;Sell Stop;0.12;XAUUSD;4 501.61;4 554.61;4 492.61;2026.05.08 04:15:00;4 714.00;;;;cancelled
2026.05.04 20:51:26;Sell Stop;0.12;XAUUSD;4 098.87;4 108.87;4 057.87;2026.05.08 01:05:00;4 693.51;;;;cancelled
2026.05.06 08:00:00;Sell Stop;0.12;XAUUSD;4 099.77;4 160.77;4 085.27;2026.05.07 19:00:00;4 729.31;;;;cancelled
2026.05.06 08:00:00;Buy Stop;0.12;XAUUSD;5 416.39;5 355.39;5 430.89;2026.05.07 19:00:00;4 729.68;;;;cancelled
2026.05.06 17:00:01;Sell Stop;0.12;XAUUSD;4 501.96;4 602.96;4 493.96;2026.05.07 13:05:00;4 729.65;;;;cancelled
2026.05.07 09:06:52;Balance;;;;;;;;;;0.53;
2026.05.05 16:00:00;Sell Stop;0.12;XAUUSD;4 501.61;4 554.61;4 492.61;2026.05.06 22:00:00;4 686.17;;;;cancelled
2026.05.05 21:00:00;Sell Stop;0.12;XAUUSD;4 501.96;4 602.96;4 493.96;2026.05.06 17:00:00;4 701.60;;;;cancelled
2026.05.06 08:56:29;Buy;0.12;XAUUSD;4 659.84;4 661.84;4 708.82;2026.05.06 09:42:00;4 661.67;-2.24;;21.96;[sl]
2026.05.06 08:56:29;Buy;0.12;XAUUSD;4 659.84;4 660.14;4 674.12;2026.05.06 09:04:50;4 659.96;-2.24;;1.44;[sl]
2026.05.06 08:56:29;Buy;0.12;XAUUSD;4 659.84;4 660.64;4 668.02;2026.05.06 09:02:26;4 660.52;-2.24;;8.16;[sl]
2026.05.06 08:56:29;Buy;0.12;XAUUSD;4 659.84;4 660.64;4 667.07;2026.05.06 09:02:26;4 660.52;-2.24;;8.16;[sl]
2026.05.04 20:51:25;Sell Stop;0.12;XAUUSD;4 099.77;4 160.77;4 085.27;2026.05.06 08:00:00;4 648.81;;;;cancelled
2026.05.04 20:51:25;Buy Stop;0.12;XAUUSD;5 416.39;5 355.39;5 430.89;2026.05.06 08:00:00;4 649.03;;;;cancelled
2026.05.04 20:51:26;Buy Stop;0.12;XAUUSD;4 659.02;4 606.02;4 668.02;2026.05.06 03:00:00;4 594.59;;;;cancelled
2026.05.04 20:51:26;Buy Stop;0.12;XAUUSD;4 659.07;4 558.07;4 667.07;2026.05.05 16:55:00;4 580.58;;;;cancelled
2026.05.04 20:51:25;Sell Stop;0.12;XAUUSD;4 511.12;4 519.12;4 462.12;2026.05.04 20:51:34;4 523.58;;;;cancelled
2026.05.02 08:24:35;Balance;;;;;;;;;;0.30;
2026.05.01 03:50:02;Sell Stop;0.09;XAUUSD;4 511.57;4 534.07;4 497.07;2026.05.01 23:40:01;4 611.86;;;;cancelled
2026.05.01 03:50:02;Sell Stop;0.09;XAUUSD;4 511.22;4 564.22;4 502.22;2026.05.01 23:40:01;4 611.86;;;;cancelled
2026.05.01 03:50:02;Sell Stop;0.09;XAUUSD;4 511.57;4 612.57;4 503.57;2026.05.01 23:40:01;4 611.85;;;;cancelled
2026.05.01 03:50:01;Buy Stop;0.09;XAUUSD;4 889.69;4 882.69;4 922.69;2026.05.01 23:40:01;4 612.02;;;;cancelled
2026.05.01 03:50:01;Sell Stop;0.09;XAUUSD;4 098.87;4 108.87;4 057.87;2026.05.01 23:40:01;4 612.05;;;;cancelled
2026.05.01 04:00:00;Sell Stop;0.09;XAUUSD;4 511.12;4 519.12;4 462.12;2026.05.01 23:40:00;4 612.08;;;;cancelled
2026.05.01 03:50:01;Buy Stop;0.09;XAUUSD;4 889.29;4 879.29;4 930.29;2026.05.01 23:40:00;4 612.11;;;;cancelled
2026.05.01 03:50:01;Buy Stop;0.09;XAUUSD;4 890.59;4 882.59;4 939.59;2026.05.01 23:40:00;4 612.08;;;;cancelled
2026.05.01 03:50:01;Sell Stop;0.09;XAUUSD;4 099.77;4 160.77;4 085.27;2026.05.01 23:40:00;4 612.03;;;;cancelled
2026.05.01 03:50:01;Buy Stop;0.09;XAUUSD;5 416.39;5 355.39;5 430.89;2026.05.01 23:40:00;4 612.07;;;;cancelled
2026.05.01 17:12:18;Buy;0.09;XAUUSD;4 646.62;4 653.93;4 660.41;2026.05.01 17:17:36;4 653.55;-1.67;;62.37;[sl]
2026.05.01 17:12:18;Buy;0.09;XAUUSD;4 645.81;4 592.31;4 654.31;2026.05.01 17:12:38;4 654.41;-1.67;;77.40;[tp]
2026.05.01 17:12:18;Buy;0.09;XAUUSD;4 645.81;4 544.36;4 653.36;2026.05.01 17:12:32;4 653.41;-1.67;;68.40;[tp]
2026.04.30 18:00:00;Sell Stop;0.09;XAUUSD;4 511.57;4 612.57;4 503.57;2026.05.01 01:05:01;4 628.91;;;;cancelled
2026.04.30 17:00:00;Sell Stop;0.09;XAUUSD;4 511.57;4 534.07;4 497.07;2026.05.01 01:05:01;4 628.74;;;;cancelled
2026.04.30 13:00:00;Sell Stop;0.09;XAUUSD;4 511.22;4 564.22;4 502.22;2026.05.01 01:05:01;4 628.76;;;;cancelled
2026.04.29 21:30:01;Sell Stop;0.09;XAUUSD;4 099.77;4 160.77;4 085.27;2026.05.01 01:05:00;4 629.01;;;;cancelled
2026.04.29 21:30:01;Buy Stop;0.09;XAUUSD;5 416.39;5 355.39;5 430.89;2026.05.01 01:05:00;4 629.15;;;;cancelled
2026.04.28 10:21:03;Buy Stop;0.09;XAUUSD;4 889.69;4 882.69;4 922.69;2026.05.01 01:05:00;4 629.29;;;;cancelled
2026.04.28 10:21:02;Buy Stop;0.09;XAUUSD;4 889.29;4 879.29;4 930.29;2026.05.01 01:05:00;4 629.30;;;;cancelled
2026.04.28 10:21:00;Sell Stop;0.09;XAUUSD;4 098.87;4 108.87;4 057.87;2026.05.01 01:05:00;4 628.92;;;;cancelled
2026.04.28 10:20:59;Buy Stop;0.09;XAUUSD;4 890.59;4 882.59;4 939.59;2026.05.01 01:05:00;4 629.18;;;;cancelled
2026.04.28 10:21:04;Buy Stop;0.09;XAUUSD;4 890.39;4 867.89;4 904.89;2026.04.30 22:30:00;4 617.90;;;;cancelled
2026.04.30 18:00:00;Sell Stop;0.07;XAUUSD;4 511.57;4 612.57;4 503.57;2026.04.30 20:24:08;4 618.38;;;;cancelled
2026.04.30 17:00:00;Sell Stop;0.07;XAUUSD;4 511.57;4 534.07;4 497.07;2026.04.30 20:24:05;4 617.73;;;;cancelled
2026.04.30 13:00:00;Sell Stop;0.07;XAUUSD;4 511.22;4 564.22;4 502.22;2026.04.30 20:24:02;4 617.56;;;;cancelled
2026.04.29 21:30:01;Sell Stop;0.07;XAUUSD;4 099.77;4 160.77;4 085.27;2026.04.30 20:23:48;4 618.31;;;;cancelled
2026.04.29 21:30:01;Buy Stop;0.07;XAUUSD;5 416.39;5 355.39;5 430.89;2026.04.30 20:23:45;4 618.45;;;;cancelled
2026.04.30 09:25:41;Balance;;;;;;;;;;0.17;
2026.04.28 10:20:57;Buy Stop;0.09;XAUUSD;5 416.39;5 355.39;5 430.89;2026.04.29 21:30:00;4 533.13;;;;cancelled
2026.04.28 10:20:56;Sell Stop;0.09;XAUUSD;4 099.77;4 160.77;4 085.27;2026.04.29 21:30:00;4 533.10;;;;cancelled
2026.04.29 12:50:12;Sell;0.07;XAUUSD;4 555.75;4 554.95;4 547.02;2026.04.29 12:57:31;4 555.01;-1.28;;5.18;[sl]
2026.04.29 12:50:12;Sell;0.09;XAUUSD;4 555.60;4 554.80;4 547.02;2026.04.29 12:57:31;4 554.95;-1.64;;5.85;[sl]
2026.04.29 09:35:59;Balance;;;;;;;;;;0.39;
2026.04.27 19:35:54;Buy Stop;0.07;XAUUSD;4 890.39;4 867.89;4 904.89;2026.04.28 10:21:04;4 632.78;;;;cancelled
2026.04.27 19:35:52;Buy Stop;0.07;XAUUSD;4 889.69;4 882.69;4 922.69;2026.04.28 10:21:03;4 632.31;;;;cancelled
2026.04.27 19:35:52;Buy Stop;0.07;XAUUSD;4 889.29;4 879.29;4 930.29;2026.04.28 10:21:01;4 632.79;;;;cancelled
2026.04.27 19:35:52;Sell Stop;0.07;XAUUSD;4 098.87;4 108.87;4 057.87;2026.04.28 10:21:00;4 632.56;;;;cancelled
2026.04.27 19:35:51;Buy Stop;0.07;XAUUSD;4 890.59;4 882.59;4 939.59;2026.04.28 10:20:59;4 632.39;;;;cancelled
2026.04.28 10:20:53;Buy Stop;0.07;XAUUSD;5 416.39;5 355.39;5 430.89;2026.04.28 10:20:57;4 632.42;;;;cancelled
2026.04.28 10:20:55;Sell Stop;0.07;XAUUSD;4 099.77;4 160.77;4 085.27;2026.04.28 10:20:56;4 632.44;;;;cancelled
2026.04.28 10:20:54;Sell Stop;0.09;XAUUSD;4 099.77;4 160.77;4 085.27;2026.04.28 10:20:55;4 632.25;;;;cancelled
2026.04.28 10:20:36;Sell Stop;0.07;XAUUSD;4 099.77;4 160.77;4 085.27;2026.04.28 10:20:54;4 632.44;;;;cancelled
2026.04.28 10:20:53;Buy Stop;0.09;XAUUSD;5 416.39;5 355.39;5 430.89;2026.04.28 10:20:53;4 632.56;;;;cancelled
2026.04.28 10:20:37;Buy Stop;0.07;XAUUSD;5 416.39;5 355.39;5 430.89;2026.04.28 10:20:53;4 632.62;;;;cancelled
2026.04.28 10:20:37;Buy Stop;0.09;XAUUSD;5 416.39;5 355.39;5 430.89;2026.04.28 10:20:37;4 633.76;;;;cancelled
2026.04.27 19:35:51;Buy Stop;0.07;XAUUSD;5 416.39;5 355.39;5 430.89;2026.04.28 10:20:37;4 633.80;;;;cancelled
2026.04.28 10:20:35;Sell Stop;0.09;XAUUSD;4 099.77;4 160.77;4 085.27;2026.04.28 10:20:36;4 633.21;;;;cancelled
2026.04.27 19:35:51;Sell Stop;0.07;XAUUSD;4 099.77;4 160.77;4 085.27;2026.04.28 10:20:35;4 633.10;;;;cancelled
2026.04.28 08:40:01;Sell;0.07;XAUUSD;4 632.44;4 630.44;4 584.12;2026.04.28 08:47:34;4 630.36;-1.30;;14.56;[sl]
2026.04.28 08:06:16;Sell;0.07;XAUUSD;4 659.54;4 659.24;4 644.68;2026.04.28 08:23:13;4 659.29;-1.30;;1.75;[sl]
2026.04.28 08:06:16;Sell;0.07;XAUUSD;4 658.58;4 656.58;4 609.73;2026.04.28 08:20:11;4 656.60;-1.30;;13.86;[sl]
2026.04.28 08:06:16;Sell;0.07;XAUUSD;4 658.58;4 711.83;4 649.83;2026.04.28 08:06:19;4 649.26;-1.30;;65.24;[tp]
2026.04.28 08:06:16;Sell;0.07;XAUUSD;4 659.82;4 760.18;4 651.18;2026.04.28 08:06:19;4 650.07;-1.30;;68.25;[tp]
2026.04.27 19:35:00;Sell Stop;0.09;XAUUSD;4 659.18;4 760.18;4 651.18;2026.04.27 19:35:52;4 678.22;;;;cancelled
2026.04.27 04:00:00;Sell Stop;0.09;XAUUSD;4 658.83;4 711.83;4 649.83;2026.04.27 19:34:03;4 678.28;;;;cancelled
2026.04.27 01:05:00;Sell Stop;0.09;XAUUSD;4 099.77;4 160.77;4 085.27;2026.04.27 19:34:03;4 678.29;;;;cancelled
2026.04.24 23:35:02;Buy Stop;0.09;XAUUSD;4 890.59;4 882.59;4 939.59;2026.04.27 19:34:02;4 678.38;;;;cancelled
2026.04.24 23:35:02;Buy Stop;0.09;XAUUSD;4 889.29;4 879.29;4 930.29;2026.04.27 19:34:01;4 678.40;;;;cancelled
2026.04.24 23:35:02;Sell Stop;0.09;XAUUSD;4 633.12;4 641.12;4 584.12;2026.04.27 19:34:01;4 678.34;;;;cancelled
2026.04.27 01:05:00;Buy Stop;0.09;XAUUSD;5 416.39;5 355.39;5 430.89;2026.04.27 19:34:00;4 678.23;;;;cancelled
2026.04.24 23:35:02;Buy Stop;0.09;XAUUSD;4 889.69;4 882.69;4 922.69;2026.04.27 19:34:00;4 678.24;;;;cancelled
2026.04.24 23:35:02;Sell Stop;0.09;XAUUSD;4 098.87;4 108.87;4 057.87;2026.04.27 19:34:00;4 678.21;;;;cancelled
2026.04.27 01:05:01;Buy Stop;0.09;XAUUSD;4 889.84;4 788.84;4 897.84;2026.04.27 19:33:59;4 678.21;;;;cancelled
2026.04.27 09:00:00;Sell Stop;0.09;XAUUSD;4 659.18;4 760.18;4 651.18;2026.04.27 19:33:58;4 678.49;;;;cancelled
2026.04.27 08:00:00;Sell Stop;0.09;XAUUSD;4 659.18;4 681.68;4 644.68;2026.04.27 19:33:58;4 678.49;;;;cancelled
2026.04.27 18:00:00;Sell Stop;0.09;XAUUSD;4 658.73;4 666.73;4 609.73;2026.04.27 19:33:57;4 678.49;;;;cancelled
2026.04.27 11:45:00;Buy Stop;0.09;XAUUSD;4 890.39;4 867.89;4 904.89;2026.04.27 19:33:57;4 678.54;;;;cancelled
2026.04.24 23:35:02;Buy Stop;0.09;XAUUSD;4 890.39;4 867.89;4 904.89;2026.04.27 11:45:00;4 711.98;;;;cancelled
2026.04.24 23:35:02;Buy Stop;0.09;XAUUSD;4 889.84;4 788.84;4 897.84;2026.04.27 01:05:01;4 697.25;;;;cancelled
2026.04.24 23:35:01;Sell Stop;0.09;XAUUSD;4 099.77;4 160.77;4 085.27;2026.04.27 01:05:00;4 696.90;;;;cancelled
2026.04.24 23:35:01;Buy Stop;0.09;XAUUSD;5 416.39;5 355.39;5 430.89;2026.04.27 01:05:00;4 697.12;;;;cancelled
2026.04.25 08:40:14;Balance;;;;;;;;;;0.10;
2026.04.24 01:05:02;Buy Stop;0.09;XAUUSD;5 416.39;5 355.39;5 430.89;2026.04.24 23:32:58;4 707.36;;;;cancelled
2026.04.24 01:05:02;Sell Stop;0.09;XAUUSD;4 633.12;4 641.12;4 584.12;2026.04.24 23:32:57;4 707.49;;;;cancelled
2026.04.24 01:05:02;Buy Stop;0.09;XAUUSD;4 890.59;4 882.59;4 939.59;2026.04.24 23:32:57;4 707.36;;;;cancelled
2026.04.24 01:05:02;Sell Stop;0.09;XAUUSD;4 099.77;4 160.77;4 085.27;2026.04.24 23:32:57;4 707.31;;;;cancelled
2026.04.24 01:05:03;Sell Stop;0.09;XAUUSD;4 098.87;4 108.87;4 057.87;2026.04.24 23:32:56;4 707.56;;;;cancelled
2026.04.24 01:05:03;Buy Stop;0.09;XAUUSD;4 889.29;4 879.29;4 930.29;2026.04.24 23:32:56;4 707.58;;;;cancelled
2026.04.24 01:05:03;Buy Stop;0.09;XAUUSD;4 890.39;4 867.89;4 904.89;2026.04.24 23:32:55;4 707.64;;;;cancelled
2026.04.24 01:05:03;Buy Stop;0.09;XAUUSD;4 889.79;4 836.79;4 898.79;2026.04.24 23:32:55;4 707.64;;;;cancelled
2026.04.24 01:05:03;Buy Stop;0.09;XAUUSD;4 889.69;4 882.69;4 922.69;2026.04.24 23:32:55;4 707.61;;;;cancelled
2026.04.24 21:10:00;Buy Stop;0.09;XAUUSD;4 889.84;4 788.84;4 897.84;2026.04.24 23:32:54;4 707.75;;;;cancelled
2026.04.24 01:05:03;Buy Stop;0.09;XAUUSD;4 889.84;4 788.84;4 897.84;2026.04.24 21:10:00;4 722.55;;;;cancelled
2026.04.24 09:33:48;Balance;;;;;;;;;;0.40;
2026.04.24 06:10:13;Sell;0.09;XAUUSD;4 669.40;4 677.45;4 620.48;2026.04.24 06:25:51;4 677.46;-1.68;;-72.54;[sl]
2026.04.16 01:05:00;Sell Stop;0.09;XAUUSD;4 098.87;4 108.87;4 057.87;2026.04.23 20:53:22;4 703.13;;;;cancelled
2026.04.13 01:05:00;Sell Stop;0.09;XAUUSD;4 099.37;4 106.37;4 066.37;2026.04.23 20:53:22;4 703.03;;;;cancelled
2026.04.23 20:46:40;Sell;0.09;XAUUSD;4 669.46;4 722.51;4 660.58;2026.04.23 20:53:21;4 700.19;-1.68;;-276.57;
2026.04.22 14:00:00;Sell Stop;0.09;XAUUSD;4 633.12;4 641.12;4 584.12;2026.04.23 20:53:21;4 699.32;;;;cancelled
2026.04.22 01:05:00;Buy Stop;0.09;XAUUSD;4 889.69;4 882.69;4 922.69;2026.04.23 20:53:21;4 700.61;;;;cancelled
2026.04.21 02:00:00;Buy Stop;0.09;XAUUSD;4 890.59;4 882.59;4 939.59;2026.04.23 20:53:21;4 701.82;;;;cancelled
2026.04.23 20:46:40;Sell;0.09;XAUUSD;4 670.27;4 770.93;4 661.93;2026.04.23 20:53:20;4 697.18;-1.68;;-242.19;
2026.04.23 01:05:00;Buy Stop;0.09;XAUUSD;4 889.29;4 879.29;4 930.29;2026.04.23 20:53:20;4 697.45;;;;cancelled
2026.04.22 23:15:00;Sell Stop;0.09;XAUUSD;4 099.77;4 160.77;4 085.27;2026.04.23 20:53:20;4 697.93;;;;cancelled
2026.04.22 23:15:00;Buy Stop;0.09;XAUUSD;5 416.39;5 355.39;5 430.89;2026.04.23 20:53:20;4 698.51;;;;cancelled
2026.04.23 06:00:00;Buy Stop;0.09;XAUUSD;4 889.84;4 788.84;4 897.84;2026.04.23 20:53:19;4 696.59;;;;cancelled
2026.04.23 05:00:00;Buy Stop;0.09;XAUUSD;4 890.39;4 867.89;4 904.89;2026.04.23 20:53:19;4 696.94;;;;cancelled
2026.04.23 01:05:00;Buy Stop;0.09;XAUUSD;4 889.79;4 836.79;4 898.79;2026.04.23 20:53:19;4 697.34;;;;cancelled
2026.04.23 20:46:40;Sell;0.09;XAUUSD;4 670.27;4 692.43;4 655.43;2026.04.23 20:53:16;4 693.39;-1.68;;-208.08;[sl]
2026.04.23 20:46:40;Sell;0.09;XAUUSD;4 669.31;4 677.48;4 620.48;2026.04.23 20:47:35;4 678.35;-1.68;;-81.36;[sl]
2026.04.22 10:00:00;Buy Stop;0.09;XAUUSD;4 889.84;4 788.84;4 897.84;2026.04.23 06:00:00;4 699.31;;;;cancelled
2026.04.20 17:00:00;Buy Stop;0.09;XAUUSD;4 890.39;4 867.89;4 904.89;2026.04.23 05:00:00;4 723.48;;;;cancelled
2026.04.14 22:00:00;Buy Stop;0.09;XAUUSD;5 417.44;5 407.44;5 458.44;2026.04.23 01:05:01;4 742.00;;;;cancelled
2026.04.21 19:00:00;Buy Stop;0.09;XAUUSD;4 889.79;4 836.79;4 898.79;2026.04.23 01:05:00;4 742.00;;;;cancelled
2026.04.21 12:15:00;Sell Stop;0.09;XAUUSD;4 099.77;4 160.77;4 085.27;2026.04.22 23:15:00;4 736.02;;;;cancelled
2026.04.21 12:15:00;Buy Stop;0.09;XAUUSD;5 416.39;5 355.39;5 430.89;2026.04.22 23:15:00;4 736.08;;;;cancelled
2026.04.14 14:00:00;Sell Stop;0.09;XAUUSD;4 633.12;4 641.12;4 584.12;2026.04.22 14:00:00;4 759.52;;;;cancelled
2026.04.20 01:05:01;Sell Stop;0.09;XAUUSD;4 633.57;4 656.07;4 619.07;2026.04.22 13:15:00;4 748.44;;;;cancelled
2026.04.21 14:00:00;Buy Stop;0.09;XAUUSD;4 889.84;4 788.84;4 897.84;2026.04.22 10:00:00;4 767.60;;;;cancelled
2026.04.22 09:27:13;Balance;;;;;;;;;;0.41;
2026.04.20 13:00:00;Buy Stop;0.09;XAUUSD;4 889.79;4 836.79;4 898.79;2026.04.21 19:00:00;4 742.17;;;;cancelled
2026.04.21 17:46:39;Sell;0.09;XAUUSD;4 737.28;4 735.28;4 689.08;2026.04.21 17:53:00;4 735.74;-1.71;;13.86;[sl]
2026.04.21 17:46:39;Sell;0.09;XAUUSD;4 738.38;4 733.55;4 724.03;2026.04.21 17:49:00;4 733.59;-1.71;;43.11;[sl]
2026.04.21 17:46:39;Sell;0.09;XAUUSD;4 737.28;4 791.18;4 729.18;2026.04.21 17:46:49;4 729.16;-1.71;;73.08;[tp]
2026.04.21 17:46:39;Sell;0.09;XAUUSD;4 738.38;4 839.53;4 730.53;2026.04.21 17:46:48;4 729.20;-1.71;;82.62;[tp]
2026.04.20 21:10:00;Sell Stop;0.09;XAUUSD;4 633.57;4 734.57;4 625.57;2026.04.21 17:10:00;4 780.43;;;;cancelled
2026.04.20 18:00:00;Buy Stop;0.09;XAUUSD;4 889.84;4 788.84;4 897.84;2026.04.21 14:00:00;4 789.96;;;;cancelled
2026.04.15 10:00:00;Sell Stop;0.09;XAUUSD;4 352.27;4 360.27;4 303.27;2026.04.21 14:00:00;4 789.87;;;;cancelled
2026.04.20 01:05:00;Sell Stop;0.09;XAUUSD;4 099.77;4 160.77;4 085.27;2026.04.21 12:15:00;4 784.38;;;;cancelled
2026.04.20 01:05:00;Buy Stop;0.09;XAUUSD;5 416.39;5 355.39;5 430.89;2026.04.21 12:15:00;4 784.43;;;;cancelled
2026.04.20 01:05:01;Sell Stop;0.09;XAUUSD;4 633.57;4 734.57;4 625.57;2026.04.20 21:10:00;4 814.08;;;;cancelled
2026.04.17 15:00:00;Sell Stop;0.09;XAUUSD;4 633.22;4 686.22;4 624.22;2026.04.20 01:05:01;4 773.73;;;;cancelled
2026.04.16 14:00:01;Sell Stop;0.09;XAUUSD;4 633.57;4 656.07;4 619.07;2026.04.20 01:05:01;4 774.00;;;;cancelled
2026.04.15 13:15:00;Sell Stop;0.09;XAUUSD;4 608.89;4 631.39;4 594.39;2026.04.20 01:05:01;4 774.06;;;;cancelled
2026.04.17 11:00:00;Sell Stop;0.09;XAUUSD;4 633.57;4 734.57;4 625.57;2026.04.20 01:05:00;4 773.88;;;;cancelled
2026.04.17 10:15:00;Sell Stop;0.09;XAUUSD;4 099.77;4 160.77;4 085.27;2026.04.20 01:05:00;4 774.38;;;;cancelled
2026.04.17 10:15:00;Buy Stop;0.09;XAUUSD;5 416.39;5 355.39;5 430.89;2026.04.20 01:05:00;4 775.01;;;;cancelled
2026.04.18 08:58:40;Balance;;;;;;;;;;0.62;
2026.04.17 16:09:12;Buy;0.09;XAUUSD;4 859.23;4 870.02;4 907.47;2026.04.17 16:16:47;4 869.97;-1.75;;96.66;[sl]
2026.04.17 16:10:53;Buy;0.09;XAUUSD;4 873.99;4 875.99;4 920.08;2026.04.17 16:16:08;4 875.58;-1.75;;14.31;[sl]
2026.04.17 16:10:53;Buy;0.09;XAUUSD;4 873.99;4 877.35;4 885.38;2026.04.17 16:12:23;4 877.24;-1.75;;29.25;[sl]
2026.04.17 16:10:53;Buy;0.09;XAUUSD;4 870.37;4 871.86;4 879.28;2026.04.17 16:11:11;4 879.40;-1.75;;81.27;[tp]
2026.04.17 16:10:53;Buy;0.09;XAUUSD;4 870.37;4 871.17;4 878.33;2026.04.17 16:11:11;4 878.57;-1.75;;73.80;[tp]
2026.04.17 15:48:12;Buy;0.09;XAUUSD;4 839.08;4 839.38;4 852.35;2026.04.17 15:53:55;4 839.41;-1.74;;2.97;[sl]
2026.04.16 09:00:00;Sell Stop;0.09;XAUUSD;4 633.22;4 686.22;4 624.22;2026.04.17 15:00:00;4 799.94;;;;cancelled
2026.04.16 15:00:00;Sell Stop;0.09;XAUUSD;4 633.57;4 734.57;4 625.57;2026.04.17 11:00:00;4 784.72;;;;cancelled
2026.04.15 23:15:00;Sell Stop;0.09;XAUUSD;4 099.77;4 160.77;4 085.27;2026.04.17 10:15:00;4 787.26;;;;cancelled
2026.04.15 23:15:00;Buy Stop;0.09;XAUUSD;5 416.39;5 355.39;5 430.89;2026.04.17 10:15:00;4 787.49;;;;cancelled
2026.04.16 01:05:00;Buy Stop;0.09;XAUUSD;4 870.28;4 817.28;4 879.28;2026.04.17 07:15:01;4 795.55;;;;cancelled
2026.04.16 06:00:00;Buy Stop;0.09;XAUUSD;4 870.33;4 769.33;4 878.33;2026.04.17 02:00:00;4 794.77;;;;cancelled
2026.04.15 19:00:00;Sell Stop;0.09;XAUUSD;4 633.57;4 734.57;4 625.57;2026.04.16 15:00:00;4 822.31;;;;cancelled
2026.04.14 02:00:00;Sell Stop;0.09;XAUUSD;4 633.57;4 656.07;4 619.07;2026.04.16 14:00:00;4 817.53;;;;cancelled
2026.04.16 09:31:27;Balance;;;;;;;;;;0.52;
2026.04.15 13:10:00;Sell Stop;0.09;XAUUSD;4 608.89;4 709.89;4 600.89;2026.04.16 09:10:00;4 824.05;;;;cancelled
2026.04.15 03:00:00;Sell Stop;0.09;XAUUSD;4 633.22;4 686.22;4 624.22;2026.04.16 09:00:00;4 821.27;;;;cancelled
2026.03.27 00:05:00;Sell Stop;0.09;XAUUSD;4 098.87;4 108.87;4 057.87;2026.04.16 01:05:00;4 798.36;;;;cancelled
2026.04.14 12:15:00;Sell Stop;0.09;XAUUSD;4 099.77;4 160.77;4 085.27;2026.04.15 23:15:00;4 793.78;;;;cancelled
2026.04.14 12:15:00;Buy Stop;0.09;XAUUSD;5 416.39;5 355.39;5 430.89;2026.04.15 23:15:00;4 793.85;;;;cancelled
2026.04.14 23:00:00;Sell Stop;0.09;XAUUSD;4 633.57;4 734.57;4 625.57;2026.04.15 19:00:00;4 801.69;;;;cancelled
2026.04.14 07:15:00;Sell Stop;0.09;XAUUSD;4 608.54;4 661.54;4 599.54;2026.04.15 13:15:00;4 801.27;;;;cancelled
2026.04.13 01:05:03;Sell Stop;0.09;XAUUSD;4 554.81;4 577.31;4 540.31;2026.04.15 13:15:00;4 801.20;;;;cancelled
2026.04.13 01:05:03;Sell Stop;0.09;XAUUSD;4 608.89;4 631.39;4 594.39;2026.04.15 13:15:00;4 801.20;;;;cancelled
2026.04.14 17:10:00;Sell Stop;0.09;XAUUSD;4 608.89;4 709.89;4 600.89;2026.04.15 13:10:00;4 801.95;;;;cancelled
2026.04.07 10:00:00;Sell Stop;0.09;XAUUSD;4 352.27;4 360.27;4 303.27;2026.04.15 10:00:00;4 811.66;;;;cancelled
2026.04.15 09:12:26;Balance;;;;;;;;;;0.20;
2026.04.15 04:16:13;Buy;0.09;XAUUSD;4 859.79;4 851.66;4 907.47;2026.04.15 04:20:51;4 849.85;-1.75;;-89.46;[sl]
2026.04.15 04:16:12;Buy;0.09;XAUUSD;4 857.63;4 865.20;4 890.57;2026.04.15 04:19:35;4 864.99;-1.75;;66.24;[sl]
2026.04.15 04:16:13;Buy;0.09;XAUUSD;4 859.79;4 865.78;4 872.77;2026.04.15 04:18:56;4 865.31;-1.75;;49.68;[sl]
2026.04.15 04:16:12;Buy;0.09;XAUUSD;4 857.63;4 804.67;4 866.67;2026.04.15 04:16:28;4 866.97;-1.75;;84.06;[tp]
2026.04.15 04:16:12;Buy;0.09;XAUUSD;4 857.63;4 756.72;4 865.72;2026.04.15 04:16:22;4 865.78;-1.75;;73.35;[tp]
2026.04.13 21:00:00;Sell Stop;0.09;XAUUSD;4 633.22;4 686.22;4 624.22;2026.04.15 03:00:00;4 837.51;;;;cancelled
2026.04.14 03:00:00;Sell Stop;0.09;XAUUSD;4 633.57;4 734.57;4 625.57;2026.04.14 23:00:00;4 845.11;;;;cancelled
2026.03.25 21:22:25;Buy Stop;0.09;XAUUSD;5 417.44;5 407.44;5 458.44;2026.04.14 22:00:00;4 836.76;;;;cancelled
2026.04.14 16:38:28;Buy;0.09;XAUUSD;4 803.29;4 808.77;4 815.34;2026.04.14 17:33:07;4 816.04;-1.73;;114.75;[tp]
2026.04.14 16:38:28;Buy;0.09;XAUUSD;4 803.29;4 702.24;4 808.29;2026.04.14 17:27:40;4 808.48;-1.73;;46.71;[tp]
2026.04.13 21:10:01;Buy Stop;0.09;XAUUSD;4 857.72;4 756.72;4 865.72;2026.04.14 17:15:00;4 795.18;;;;cancelled
2026.04.13 21:10:00;Sell Stop;0.09;XAUUSD;4 608.89;4 709.89;4 600.89;2026.04.14 17:10:00;4 802.07;;;;cancelled
2026.04.10 22:00:00;Sell Stop;0.09;XAUUSD;4 099.17;4 107.17;4 050.17;2026.04.14 14:00:00;4 768.33;;;;cancelled
2026.04.13 01:05:00;Sell Stop;0.09;XAUUSD;4 099.77;4 160.77;4 085.27;2026.04.14 12:15:00;4 785.70;;;;cancelled
2026.04.13 01:05:00;Buy Stop;0.09;XAUUSD;5 416.39;5 355.39;5 430.89;2026.04.14 12:15:00;4 785.81;;;;cancelled
2026.04.13 01:05:02;Sell Stop;0.09;XAUUSD;4 608.54;4 661.54;4 599.54;2026.04.14 07:15:00;4 768.84;;;;cancelled
2026.04.13 01:05:02;Buy Stop;0.09;XAUUSD;4 857.67;4 804.67;4 866.67;2026.04.14 07:15:00;4 768.89;;;;cancelled
2026.04.13 01:05:01;Sell Stop;0.09;XAUUSD;4 554.81;4 655.81;4 546.81;2026.04.13 21:10:00;4 729.49;;;;cancelled
2026.04.13 01:05:01;Buy Stop;0.09;XAUUSD;4 857.72;4 756.72;4 865.72;2026.04.13 21:10:00;4 729.56;;;;cancelled
2026.04.13 01:05:01;Sell Stop;0.09;XAUUSD;4 608.89;4 709.89;4 600.89;2026.04.13 21:10:00;4 729.46;;;;cancelled
2026.04.13 01:05:01;Buy Stop;0.09;XAUUSD;4 800.29;4 699.29;4 808.29;2026.04.13 21:10:00;4 729.49;;;;cancelled
2026.04.10 21:00:00;Buy Stop;0.09;XAUUSD;4 800.84;4 778.34;4 815.34;2026.04.13 09:00:00;4 729.56;;;;cancelled
2026.04.08 18:00:00;Sell Stop;0.09;XAUUSD;4 608.89;4 631.39;4 594.39;2026.04.13 01:05:03;4 669.33;;;;cancelled
2026.04.10 05:00:00;Buy Stop;0.09;XAUUSD;4 857.67;4 804.67;4 866.67;2026.04.13 01:05:02;4 670.85;;;;cancelled
2026.04.10 01:05:00;Sell Stop;0.09;XAUUSD;4 554.46;4 607.46;4 545.46;2026.04.13 01:05:02;4 669.53;;;;cancelled
2026.04.09 20:00:00;Sell Stop;0.09;XAUUSD;4 608.54;4 661.54;4 599.54;2026.04.13 01:05:02;4 669.57;;;;cancelled
2026.04.09 04:00:00;Buy Stop;0.09;XAUUSD;4 858.27;4 835.77;4 872.77;2026.04.13 01:05:02;4 670.67;;;;cancelled
2026.04.08 22:00:00;Sell Stop;0.09;XAUUSD;4 554.81;4 577.31;4 540.31;2026.04.13 01:05:02;4 669.35;;;;cancelled
2026.04.10 22:00:00;Buy Stop;0.09;XAUUSD;4 800.29;4 699.29;4 808.29;2026.04.13 01:05:01;4 671.33;;;;cancelled
2026.04.10 21:05:00;Buy Stop;0.09;XAUUSD;4 857.72;4 756.72;4 865.72;2026.04.13 01:05:01;4 671.04;;;;cancelled
2026.04.10 15:00:00;Sell Stop;0.09;XAUUSD;4 554.81;4 655.81;4 546.81;2026.04.13 01:05:01;4 670.08;;;;cancelled
2026.04.10 11:00:00;Sell Stop;0.09;XAUUSD;4 608.89;4 709.89;4 600.89;2026.04.13 01:05:01;4 669.73;;;;cancelled
2026.04.10 10:30:00;Sell Stop;0.09;XAUUSD;4 099.77;4 160.77;4 085.27;2026.04.13 01:05:00;4 669.27;;;;cancelled
2026.04.10 10:15:00;Buy Stop;0.09;XAUUSD;5 416.39;5 355.39;5 430.89;2026.04.13 01:05:00;4 669.62;;;;cancelled
2026.04.10 04:00:00;Sell Stop;0.09;XAUUSD;4 699.04;4 721.54;4 684.54;2026.04.13 01:05:00;4 669.45;;;;
2026.03.26 00:05:00;Sell Stop;0.09;XAUUSD;4 099.37;4 106.37;4 066.37;2026.04.13 01:05:00;4 670.35;;;;cancelled
2026.04.02 22:00:00;Sell Stop;0.09;XAUUSD;4 099.17;4 107.17;4 050.17;2026.04.10 22:00:00;4 765.32;;;;cancelled
2026.04.10 01:05:00;Buy Stop;0.09;XAUUSD;4 857.72;4 756.72;4 865.72;2026.04.10 21:05:00;4 753.50;;;;cancelled
2026.04.09 19:00:00;Sell Stop;0.09;XAUUSD;4 554.81;4 655.81;4 546.81;2026.04.10 15:00:00;4 768.90;;;;cancelled
2026.04.09 15:00:00;Sell Stop;0.09;XAUUSD;4 608.89;4 709.89;4 600.89;2026.04.10 11:00:00;4 749.52;;;;cancelled
2026.04.08 23:30:00;Sell Stop;0.09;XAUUSD;4 099.77;4 160.77;4 085.27;2026.04.10 10:30:00;4 753.90;;;;cancelled
2026.04.08 23:15:00;Buy Stop;0.09;XAUUSD;5 416.39;5 355.39;5 430.89;2026.04.10 10:15:00;4 747.34;;;;cancelled
2026.04.08 23:00:00;Buy Stop;0.09;XAUUSD;4 857.67;4 804.67;4 866.67;2026.04.10 05:00:00;4 764.86;;;;cancelled
2026.04.09 05:00:00;Buy Stop;0.09;XAUUSD;4 857.72;4 756.72;4 865.72;2026.04.10 01:05:00;4 772.67;;;;cancelled
2026.04.08 18:00:00;Sell Stop;0.09;XAUUSD;4 554.46;4 607.46;4 545.46;2026.04.10 01:05:00;4 772.48;;;;cancelled
2026.04.08 14:00:00;Sell Stop;0.09;XAUUSD;4 608.54;4 661.54;4 599.54;2026.04.09 20:00:00;4 789.35;;;;cancelled
2026.04.08 23:00:00;Sell Stop;0.09;XAUUSD;4 554.81;4 655.81;4 546.81;2026.04.09 19:00:00;4 793.11;;;;cancelled
2026.04.08 19:00:00;Sell Stop;0.09;XAUUSD;4 608.89;4 709.89;4 600.89;2026.04.09 15:00:00;4 757.17;;;;cancelled
2026.04.09 10:38:27;Balance;;;;;;;;;;0.51;
2026.04.07 12:15:01;Sell Stop;0.09;XAUUSD;4 099.77;4 160.77;4 085.27;2026.04.08 23:30:00;4 723.20;;;;cancelled
2026.04.07 12:15:00;Buy Stop;0.09;XAUUSD;5 416.39;5 355.39;5 430.89;2026.04.08 23:15:00;4 728.05;;;;cancelled
2026.04.08 03:00:00;Sell Stop;0.09;XAUUSD;4 554.81;4 655.81;4 546.81;2026.04.08 23:00:00;4 730.82;;;;cancelled
2026.04.06 10:00:00;Sell Stop;0.09;XAUUSD;4 554.81;4 577.31;4 540.31;2026.04.08 22:00:00;4 704.93;;;;cancelled
2026.04.07 12:00:00;Sell Stop;0.09;XAUUSD;4 554.46;4 607.46;4 545.46;2026.04.08 18:00:00;4 736.33;;;;cancelled
2026.04.06 01:05:01;Sell Stop;0.09;XAUUSD;4 352.72;4 375.22;4 338.22;2026.04.08 13:15:00;4 782.66;;;;cancelled
2026.04.08 09:58:21;Balance;;;;;;;;;;0.30;
2026.04.07 07:00:00;Sell Stop;0.09;XAUUSD;4 554.81;4 655.81;4 546.81;2026.04.08 03:00:00;4 832.84;;;;cancelled
2026.04.08 01:54:37;Buy;0.09;XAUUSD;4 800.13;4 805.38;4 848.82;2026.04.08 02:00:45;4 804.49;-1.73;;39.24;[sl]
2026.04.08 01:54:37;Buy;0.09;XAUUSD;4 798.95;4 813.04;4 831.92;2026.04.08 01:59:06;4 813.09;-1.73;;127.26;[sl]
2026.04.08 01:54:37;Buy;0.09;XAUUSD;4 800.13;4 800.43;4 814.12;2026.04.08 01:56:17;4 814.18;-1.73;;126.45;[tp]
2026.04.08 01:54:37;Buy;0.09;XAUUSD;4 800.21;4 746.88;4 808.02;2026.04.08 01:55:58;4 808.36;-1.73;;73.35;[tp]
2026.04.08 01:54:37;Buy;0.09;XAUUSD;4 800.21;4 698.89;4 807.07;2026.04.08 01:55:57;4 807.24;-1.73;;63.27;[tp]
2026.03.25 21:22:25;Buy Stop;0.09;XAUUSD;5 417.84;5 410.84;5 450.84;2026.04.08 01:05:00;4 745.23;;;;cancelled
2026.04.07 22:45:54;Buy;0.09;XAUUSD;4 706.82;4 707.12;4 720.52;2026.04.07 22:49:41;4 707.18;-1.69;;3.24;[sl]
2026.04.07 22:45:54;Buy;0.09;XAUUSD;4 706.82;4 652.42;4 714.42;2026.04.07 22:46:19;4 714.45;-1.69;;68.67;[tp]
2026.04.07 22:45:54;Buy;0.09;XAUUSD;4 706.82;4 605.18;4 713.47;2026.04.07 22:46:01;4 713.54;-1.69;;60.48;[tp]
2026.04.07 01:05:00;Buy Stop;0.09;XAUUSD;4 799.07;4 698.07;4 807.07;2026.04.07 21:05:00;4 678.39;;;;cancelled
2026.04.06 21:10:00;Sell Stop;0.09;XAUUSD;4 352.72;4 453.72;4 344.72;2026.04.07 17:10:00;4 612.02;;;;cancelled
2026.04.06 01:05:00;Sell Stop;0.09;XAUUSD;4 099.77;4 160.77;4 085.27;2026.04.07 12:15:00;4 685.94;;;;cancelled
2026.04.06 01:05:00;Buy Stop;0.09;XAUUSD;5 416.39;5 355.39;5 430.89;2026.04.07 12:15:00;4 685.66;;;;cancelled
2026.04.06 06:00:00;Sell Stop;0.09;XAUUSD;4 554.46;4 607.46;4 545.46;2026.04.07 12:00:00;4 683.15;;;;cancelled
2026.03.30 10:00:00;Sell Stop;0.09;XAUUSD;4 352.27;4 360.27;4 303.27;2026.04.07 10:00:00;4 654.53;;;;cancelled
2026.04.06 01:05:01;Buy Stop;0.09;XAUUSD;4 799.02;4 746.02;4 808.02;2026.04.07 07:15:01;4 646.61;;;;cancelled
2026.04.06 11:00:00;Sell Stop;0.09;XAUUSD;4 554.81;4 655.81;4 546.81;2026.04.07 07:00:00;4 649.83;;;;cancelled
2026.04.06 04:00:00;Buy Stop;0.09;XAUUSD;4 799.07;4 698.07;4 807.07;2026.04.07 01:05:00;4 661.95;;;;cancelled
2026.04.06 01:05:01;Sell Stop;0.09;XAUUSD;4 352.72;4 453.72;4 344.72;2026.04.06 21:10:00;4 658.32;;;;cancelled
2026.04.02 22:00:00;Buy Stop;0.09;XAUUSD;4 799.02;4 746.02;4 808.02;2026.04.06 01:05:01;4 638.43;;;;cancelled
2026.04.01 13:15:00;Sell Stop;0.09;XAUUSD;4 352.72;4 375.22;4 338.22;2026.04.06 01:05:01;4 637.01;;;;cancelled
2026.04.02 10:00:00;Sell Stop;0.09;XAUUSD;4 352.72;4 453.72;4 344.72;2026.04.06 01:05:00;4 637.17;;;;cancelled
2026.04.01 23:15:00;Sell Stop;0.09;XAUUSD;4 099.77;4 160.77;4 085.27;2026.04.06 01:05:00;4 637.43;;;;cancelled
2026.04.01 23:15:00;Buy Stop;0.09;XAUUSD;5 416.39;5 355.39;5 430.89;2026.04.06 01:05:00;4 638.52;;;;cancelled
2026.03.25 21:22:25;Sell Stop;0.09;XAUUSD;4 099.17;4 107.17;4 050.17;2026.04.02 22:00:00;4 668.63;;;;cancelled
2026.03.25 21:22:25;Buy Stop;0.09;XAUUSD;5 238.05;5 230.05;5 287.05;2026.04.02 22:00:00;4 668.81;;;;cancelled
2026.04.01 13:15:00;Sell Stop;0.09;XAUUSD;4 352.37;4 405.37;4 343.37;2026.04.02 19:15:00;4 654.71;;;;cancelled
2026.04.01 14:00:00;Sell Stop;0.09;XAUUSD;4 352.72;4 453.72;4 344.72;2026.04.02 10:00:00;4 598.09;;;;cancelled
2026.03.31 12:15:00;Sell Stop;0.09;XAUUSD;4 099.77;4 160.77;4 085.27;2026.04.01 23:15:00;4 768.95;;;;cancelled
2026.03.31 12:15:00;Buy Stop;0.09;XAUUSD;5 416.39;5 355.39;5 430.89;2026.04.01 23:15:00;4 769.01;;;;cancelled
2026.03.31 18:00:00;Sell Stop;0.09;XAUUSD;4 352.72;4 453.72;4 344.72;2026.04.01 14:00:00;4 731.55;;;;cancelled
2026.03.31 07:15:00;Sell Stop;0.09;XAUUSD;4 352.37;4 405.37;4 343.37;2026.04.01 13:15:00;4 715.60;;;;cancelled
2026.03.30 01:05:02;Sell Stop;0.09;XAUUSD;4 099.62;4 122.12;4 085.12;2026.04.01 13:15:00;4 715.59;;;;cancelled
2026.03.30 01:05:02;Sell Stop;0.09;XAUUSD;4 352.72;4 375.22;4 338.22;2026.04.01 13:15:00;4 715.60;;;;cancelled
2026.04.01 10:22:22;Balance;;;;;;;;;;0.39;
2026.03.30 22:00:00;Sell Stop;0.09;XAUUSD;4 352.72;4 453.72;4 344.72;2026.03.31 18:00:00;4 600.09;;;;cancelled
2026.03.30 21:10:00;Sell Stop;0.09;XAUUSD;4 099.62;4 200.62;4 091.62;2026.03.31 17:10:00;4 605.52;;;;cancelled
2026.03.30 01:05:00;Sell Stop;0.09;XAUUSD;4 099.77;4 160.77;4 085.27;2026.03.31 12:15:00;4 567.64;;;;cancelled
2026.03.30 01:05:00;Buy Stop;0.09;XAUUSD;5 416.39;5 355.39;5 430.89;2026.03.31 12:15:00;4 567.67;;;;cancelled
2026.03.30 01:05:01;Sell Stop;0.09;XAUUSD;4 099.27;4 152.27;4 090.27;2026.03.31 07:15:00;4 557.76;;;;cancelled
2026.03.30 01:05:01;Sell Stop;0.09;XAUUSD;4 352.37;4 405.37;4 343.37;2026.03.31 07:15:00;4 557.77;;;;cancelled
2026.03.31 04:41:14;Buy;0.09;XAUUSD;4 602.49;4 604.76;4 651.36;2026.03.31 04:46:46;4 604.68;-1.66;;19.71;[sl]
2026.03.31 04:41:14;Buy;0.09;XAUUSD;4 602.49;4 602.79;4 616.66;2026.03.31 04:42:32;4 602.81;-1.66;;2.88;[sl]
2026.03.31 04:41:14;Buy;0.09;XAUUSD;4 603.15;4 603.95;4 610.56;2026.03.31 04:42:27;4 603.30;-1.66;;1.35;[sl]
2026.03.31 04:41:14;Buy;0.09;XAUUSD;4 602.49;4 500.61;4 609.61;2026.03.31 04:41:25;4 609.65;-1.66;;64.44;[tp]
2026.03.30 02:00:00;Sell Stop;0.09;XAUUSD;4 352.72;4 453.72;4 344.72;2026.03.30 22:00:00;4 498.67;;;;cancelled
2026.03.30 01:05:01;Sell Stop;0.09;XAUUSD;4 099.62;4 200.62;4 091.62;2026.03.30 21:10:00;4 518.09;;;;cancelled
2026.03.30 01:05:01;Buy Stop;0.09;XAUUSD;4 601.61;4 500.61;4 609.61;2026.03.30 21:10:00;4 518.13;;;;cancelled
2026.03.25 21:22:26;Sell Stop;0.09;XAUUSD;4 099.62;4 122.12;4 085.12;2026.03.30 01:05:02;4 511.70;;;;cancelled
2026.03.27 19:00:00;Sell Stop;0.09;XAUUSD;4 352.37;4 405.37;4 343.37;2026.03.30 01:05:01;4 510.08;;;;cancelled
2026.03.27 07:00:00;Buy Stop;0.09;XAUUSD;4 601.56;4 548.56;4 610.56;2026.03.30 01:05:01;4 512.76;;;;cancelled
2026.03.27 03:30:00;Sell Stop;0.09;XAUUSD;4 099.27;4 152.27;4 090.27;2026.03.30 01:05:01;4 510.42;;;;cancelled
2026.03.26 05:00:00;Buy Stop;0.09;XAUUSD;4 602.16;4 579.66;4 616.66;2026.03.30 01:05:01;4 514.70;;;;cancelled
2026.03.27 22:00:00;Buy Stop;0.09;XAUUSD;4 601.61;4 500.61;4 609.61;2026.03.30 01:05:00;4 513.26;;;;cancelled
2026.03.27 13:25:00;Sell Stop;0.09;XAUUSD;4 099.62;4 200.62;4 091.62;2026.03.30 01:05:00;4 510.27;;;;cancelled
2026.03.27 08:30:00;Buy Stop;0.09;XAUUSD;5 416.39;5 355.39;5 430.89;2026.03.30 01:05:00;4 513.48;;;;cancelled
2026.03.27 00:05:00;Sell Stop;0.09;XAUUSD;4 099.77;4 160.77;4 085.27;2026.03.30 01:05:00;4 510.93;;;;cancelled
2026.03.27 02:00:00;Buy Stop;0.09;XAUUSD;4 601.61;4 500.61;4 609.61;2026.03.27 22:00:00;4 515.00;;;;cancelled
2026.03.26 17:25:00;Sell Stop;0.09;XAUUSD;4 099.62;4 200.62;4 091.62;2026.03.27 13:25:00;4 411.80;;;;cancelled
2026.03.25 21:22:24;Buy Stop;0.09;XAUUSD;5 416.39;5 355.39;5 430.89;2026.03.27 08:30:00;4 463.49;;;;cancelled
2026.03.26 01:00:00;Buy Stop;0.09;XAUUSD;4 601.56;4 548.56;4 610.56;2026.03.27 07:00:00;4 445.90;;;;cancelled
2026.03.25 21:22:26;Sell Stop;0.09;XAUUSD;4 099.27;4 152.27;4 090.27;2026.03.27 03:30:00;4 406.48;;;;cancelled
2026.03.26 06:00:00;Buy Stop;0.09;XAUUSD;4 601.61;4 500.61;4 609.61;2026.03.27 02:00:00;4 405.28;;;;cancelled
2026.03.25 21:22:25;Sell Stop;0.09;XAUUSD;3 268.87;3 278.87;3 227.87;2026.03.27 00:05:00;4 387.17;;;;cancelled
2026.03.25 21:22:25;Sell Stop;0.09;XAUUSD;4 099.62;4 200.62;4 091.62;2026.03.26 17:25:00;4 453.76;;;;cancelled
2026.03.25 07:00:00;Sell Stop;0.07;XAUUSD;4 099.62;4 200.62;4 091.62;2026.03.25 21:20:55;4 512.72;;;;cancelled
2026.03.24 21:00:00;Sell Stop;0.07;XAUUSD;4 099.17;4 107.17;4 050.17;2026.03.25 21:20:55;4 512.78;;;;cancelled
2026.03.06 23:00:03;Buy Stop;0.07;XAUUSD;5 417.44;5 407.44;5 458.44;2026.03.25 21:20:54;4 512.47;;;;cancelled
2026.03.20 05:00:00;Buy Stop;0.07;XAUUSD;5 238.05;5 230.05;5 287.05;2026.03.25 21:20:53;4 512.28;;;;cancelled
2026.03.06 23:00:04;Sell Stop;0.07;XAUUSD;3 268.87;3 278.87;3 227.87;2026.03.25 21:20:53;4 512.27;;;;cancelled
2026.03.24 11:15:00;Buy Stop;0.07;XAUUSD;5 416.39;5 355.39;5 430.89;2026.03.25 21:20:52;4 511.52;;;;cancelled
2026.03.24 10:00:00;Sell Stop;0.07;XAUUSD;4 099.62;4 122.12;4 085.12;2026.03.25 21:20:52;4 511.84;;;;cancelled
2026.03.25 00:05:00;Buy Stop;0.07;XAUUSD;5 417.84;5 410.84;5 450.84;2026.03.25 21:20:51;4 510.80;;;;cancelled
2026.03.25 12:00:00;Sell Stop;0.07;XAUUSD;4 099.27;4 152.27;4 090.27;2026.03.25 21:20:50;4 510.62;;;;cancelled
2026.03.23 08:00:01;Buy Stop;0.07;XAUUSD;5 043.79;5 021.29;5 058.29;2026.03.25 20:15:00;4 551.37;;;;cancelled
2026.03.24 16:10:00;Buy Stop;0.07;XAUUSD;5 043.24;4 942.24;5 051.24;2026.03.25 12:10:00;4 556.51;;;;cancelled
2026.03.24 06:00:00;Sell Stop;0.07;XAUUSD;4 099.27;4 152.27;4 090.27;2026.03.25 12:00:00;4 552.34;;;;cancelled
2026.03.24 11:00:00;Sell Stop;0.07;XAUUSD;4 099.62;4 200.62;4 091.62;2026.03.25 07:00:00;4 573.08;;;;cancelled
2026.03.06 23:00:04;Buy Stop;0.07;XAUUSD;5 417.84;5 410.84;5 450.84;2026.03.25 00:05:00;4 479.58;;;;cancelled
2026.03.23 20:10:00;Buy Stop;0.07;XAUUSD;5 043.24;4 942.24;5 051.24;2026.03.24 16:10:00;4 397.84;;;;cancelled
2026.03.23 00:05:01;Buy Stop;0.07;XAUUSD;5 416.39;5 355.39;5 430.89;2026.03.24 11:15:00;4 399.09;;;;cancelled
2026.03.23 00:05:03;Buy Stop;0.07;XAUUSD;5 043.19;4 990.19;5 052.19;2026.03.24 06:15:00;4 350.74;;;;cancelled
2026.03.16 00:05:01;Buy Stop;0.07;XAUUSD;5 418.74;5 410.74;5 467.74;2026.03.24 01:00:00;4 427.01;;;;cancelled
2026.03.23 00:05:02;Buy Stop;0.07;XAUUSD;5 043.24;4 942.24;5 051.24;2026.03.23 20:10:00;4 417.18;;;;cancelled
2026.03.20 20:00:00;Buy Stop;0.07;XAUUSD;5 043.79;5 021.29;5 058.29;2026.03.23 08:00:00;4 310.29;;;;cancelled
2026.03.18 12:15:00;Buy Stop;0.07;XAUUSD;5 237.85;5 215.35;5 252.35;2026.03.23 00:05:03;4 474.72;;;;cancelled
2026.03.20 16:00:00;Buy Stop;0.07;XAUUSD;5 043.19;4 990.19;5 052.19;2026.03.23 00:05:02;4 476.08;;;;cancelled
2026.03.20 21:07:47;Buy Stop;0.07;XAUUSD;5 043.24;4 942.24;5 051.24;2026.03.23 00:05:01;4 476.39;;;;cancelled
2026.03.20 09:15:00;Buy Stop;0.07;XAUUSD;5 416.39;5 355.39;5 430.89;2026.03.23 00:05:00;4 476.04;;;;cancelled
2026.03.21 09:43:12;Balance;;;;;;;;;;0.22;
2026.03.20 01:00:00;Buy Stop;0.07;XAUUSD;5 043.24;4 942.24;5 051.24;2026.03.20 21:07:47;4 499.15;;;;cancelled
2026.03.20 20:50:33;Sell;0.07;XAUUSD;4 503.34;4 526.45;4 489.45;2026.03.20 20:55:31;4 488.80;-1.26;;101.78;[tp]
2026.03.20 20:50:33;Sell;0.07;XAUUSD;4 503.34;4 556.60;4 494.60;2026.03.20 20:55:13;4 494.30;-1.26;;63.28;[tp]
2026.03.20 20:50:33;Sell;0.07;XAUUSD;4 503.34;4 604.95;4 495.95;2026.03.20 20:55:12;4 495.76;-1.26;;53.06;[tp]
2026.03.18 08:00:00;Buy Stop;0.07;XAUUSD;5 043.79;5 021.29;5 058.29;2026.03.20 20:00:00;4 574.29;;;;cancelled
2026.03.19 10:00:00;Buy Stop;0.07;XAUUSD;5 043.19;4 990.19;5 052.19;2026.03.20 16:00:00;4 616.60;;;;cancelled
2026.03.18 22:15:00;Buy Stop;0.07;XAUUSD;5 416.39;5 355.39;5 430.89;2026.03.20 09:15:00;4 679.54;;;;cancelled
2026.03.12 05:00:00;Buy Stop;0.07;XAUUSD;5 238.05;5 230.05;5 287.05;2026.03.20 05:00:00;4 698.45;;;;cancelled
2026.03.19 05:00:00;Buy Stop;0.07;XAUUSD;5 043.24;4 942.24;5 051.24;2026.03.20 01:00:00;4 636.57;;;;cancelled
2026.03.19 10:26:24;Balance;;;;;;;;;;0.33;
2026.03.18 04:00:00;Buy Stop;0.07;XAUUSD;5 043.19;4 990.19;5 052.19;2026.03.19 10:00:00;4 728.49;;;;cancelled
2026.03.18 12:10:00;Buy Stop;0.07;XAUUSD;5 237.30;5 136.30;5 245.30;2026.03.19 08:10:00;4 833.52;;;;cancelled
2026.03.18 09:00:00;Buy Stop;0.07;XAUUSD;5 043.24;4 942.24;5 051.24;2026.03.19 05:00:00;4 858.79;;;;cancelled
2026.03.17 11:15:00;Buy Stop;0.07;XAUUSD;5 416.39;5 355.39;5 430.89;2026.03.18 22:15:00;4 825.87;;;;cancelled
2026.03.18 12:35:37;Sell;0.07;XAUUSD;4 968.34;4 968.04;4 954.39;2026.03.18 12:59:34;4 968.00;-1.39;;2.38;[sl]
2026.03.18 12:35:37;Sell;0.07;XAUUSD;4 968.34;5 021.37;4 959.54;2026.03.18 12:57:49;4 959.50;-1.39;;61.88;[tp]
2026.03.18 12:35:37;Sell;0.07;XAUUSD;4 968.34;5 069.37;4 960.89;2026.03.18 12:57:43;4 960.71;-1.39;;53.41;[tp]
2026.03.18 12:35:37;Sell;0.07;XAUUSD;4 968.34;4 976.44;4 919.44;2026.03.18 12:39:02;4 976.54;-1.39;;-57.40;[sl]
2026.03.17 06:15:01;Buy Stop;0.07;XAUUSD;5 237.25;5 184.25;5 246.25;2026.03.18 12:30:00;4 982.95;;;;cancelled
2026.03.16 00:05:02;Buy Stop;0.07;XAUUSD;5 237.85;5 215.35;5 252.35;2026.03.18 12:15:00;4 989.30;;;;cancelled
2026.03.17 16:10:00;Buy Stop;0.07;XAUUSD;5 237.30;5 136.30;5 245.30;2026.03.18 12:10:00;4 990.39;;;;cancelled
2026.03.16 21:00:00;Sell Stop;0.07;XAUUSD;4 968.54;5 021.54;4 959.54;2026.03.18 03:00:00;5 004.51;;;;cancelled
2026.03.17 03:00:00;Sell Stop;0.07;XAUUSD;4 968.89;5 069.89;4 960.89;2026.03.18 00:05:00;5 001.41;;;;cancelled
2026.03.17 22:47:38;Balance;;;;;;;;;;-50.00;
2026.03.17 22:41:38;Balance;;;;;;;;;;-191.80;
2026.03.17 22:24:46;Balance;;;;;;;;;;71.14;
2026.03.16 20:10:00;Buy Stop;0.07;XAUUSD;5 237.30;5 136.30;5 245.30;2026.03.17 16:10:00;5 017.10;;;;cancelled
2026.03.16 00:05:00;Buy Stop;0.07;XAUUSD;5 416.39;5 355.39;5 430.89;2026.03.17 11:15:00;5 014.28;;;;cancelled
2026.03.17 09:51:16;Balance;;;;;;;;;;0.08;
2026.03.16 00:05:02;Buy Stop;0.07;XAUUSD;5 237.25;5 184.25;5 246.25;2026.03.17 06:15:00;5 029.31;;;;cancelled
2026.03.16 00:05:02;Buy Stop;0.07;XAUUSD;5 237.30;5 136.30;5 245.30;2026.03.16 20:10:00;4 999.94;;;;cancelled
2026.03.16 01:20:14;Sell;0.07;XAUUSD;4 998.46;4 987.98;4 947.86;2026.03.16 01:55:28;4 988.21;-1.40;;71.75;[sl]
2026.03.12 20:00:00;Buy Stop;0.07;XAUUSD;5 237.25;5 184.25;5 246.25;2026.03.16 00:05:02;5 016.00;;;;cancelled
2026.03.12 00:05:00;Sell Stop;0.07;XAUUSD;4 997.31;5 019.81;4 982.81;2026.03.16 00:05:02;5 015.69;;;;cancelled
2026.03.11 18:00:00;Buy Stop;0.07;XAUUSD;5 237.85;5 215.35;5 252.35;2026.03.16 00:05:02;5 015.96;;;;cancelled
2026.03.13 11:00:00;Buy Stop;0.07;XAUUSD;5 237.30;5 136.30;5 245.30;2026.03.16 00:05:01;5 016.03;;;;cancelled
2026.03.06 23:00:03;Sell Stop;0.07;XAUUSD;4 996.86;5 004.86;4 947.86;2026.03.16 00:05:01;5 015.46;;;;cancelled
2026.03.06 23:00:03;Buy Stop;0.07;XAUUSD;5 418.74;5 410.74;5 467.74;2026.03.16 00:05:01;5 015.64;;;;cancelled
2026.03.13 09:15:00;Buy Stop;0.07;XAUUSD;5 416.39;5 355.39;5 430.89;2026.03.16 00:05:00;5 015.58;;;;cancelled
2026.03.14 09:33:51;Balance;;;;;;;;;;0.33;
2026.03.13 21:47:20;Sell;0.07;XAUUSD;5 013.96;5 022.02;4 966.74;2026.03.13 21:56:05;5 022.07;-1.40;;-56.77;[sl]
2026.03.13 21:47:20;Sell;0.07;XAUUSD;5 013.96;5 013.66;5 001.69;2026.03.13 21:53:32;5 013.57;-1.40;;2.73;[sl]
2026.03.13 21:47:20;Sell;0.07;XAUUSD;5 013.96;5 013.16;5 008.19;2026.03.13 21:53:31;5 013.11;-1.40;;5.95;[sl]
2026.03.13 21:47:20;Sell;0.07;XAUUSD;5 013.96;5 013.16;5 006.84;2026.03.13 21:51:51;5 013.33;-1.40;;4.41;[sl]
2026.03.12 12:15:00;Sell Stop;0.07;XAUUSD;5 015.84;5 068.84;5 006.84;2026.03.13 18:15:00;5 031.95;;;;cancelled
2026.03.12 17:00:00;Sell Stop;0.07;XAUUSD;5 016.19;5 117.19;5 008.19;2026.03.13 13:00:00;5 095.45;;;;cancelled
2026.03.12 15:00:00;Buy Stop;0.07;XAUUSD;5 237.30;5 136.30;5 245.30;2026.03.13 11:00:00;5 087.21;;;;cancelled
2026.03.11 22:15:00;Buy Stop;0.07;XAUUSD;5 416.39;5 355.39;5 430.89;2026.03.13 09:15:00;5 090.52;;;;cancelled
2026.03.11 14:00:00;Buy Stop;0.07;XAUUSD;5 237.25;5 184.25;5 246.25;2026.03.12 20:00:00;5 105.46;;;;cancelled
2026.03.11 21:00:00;Sell Stop;0.07;XAUUSD;5 016.19;5 117.19;5 008.19;2026.03.12 17:00:00;5 141.99;;;;cancelled
2026.03.10 04:00:00;Sell Stop;0.07;XAUUSD;5 016.19;5 038.69;5 001.69;2026.03.12 16:00:00;5 151.45;;;;cancelled
2026.03.11 19:00:00;Buy Stop;0.07;XAUUSD;5 237.30;5 136.30;5 245.30;2026.03.12 15:00:00;5 180.75;;;;cancelled
2026.03.11 06:15:00;Sell Stop;0.07;XAUUSD;5 015.84;5 068.84;5 006.84;2026.03.12 12:15:00;5 187.33;;;;cancelled
2026.03.11 12:10:00;Sell Stop;0.07;XAUUSD;4 997.31;5 098.31;4 989.31;2026.03.12 08:10:00;5 154.41;;;;cancelled
2026.03.09 11:15:00;Sell Stop;0.07;XAUUSD;4 997.31;5 019.81;4 982.81;2026.03.12 00:05:00;5 178.28;;;;cancelled
2026.03.09 11:15:00;Buy Stop;0.07;XAUUSD;5 418.54;5 396.04;5 433.04;2026.03.12 00:05:00;5 178.37;;;;cancelled
2026.03.10 11:15:00;Buy Stop;0.07;XAUUSD;5 416.39;5 355.39;5 430.89;2026.03.11 22:15:00;5 178.05;;;;cancelled
2026.03.11 01:00:00;Sell Stop;0.07;XAUUSD;5 016.19;5 117.19;5 008.19;2026.03.11 21:00:00;5 172.66;;;;cancelled
2026.03.10 06:15:00;Sell Stop;0.07;XAUUSD;4 996.96;5 049.96;4 987.96;2026.03.11 12:15:00;5 193.81;;;;cancelled
2026.03.10 16:10:00;Sell Stop;0.07;XAUUSD;4 997.31;5 098.31;4 989.31;2026.03.11 12:10:00;5 193.38;;;;cancelled
2026.03.11 10:02:40;Balance;;;;;;;;;;0.43;
2026.03.10 00:05:00;Sell Stop;0.07;XAUUSD;5 015.84;5 068.84;5 006.84;2026.03.11 06:15:00;5 205.90;;;;cancelled
2026.03.10 05:00:00;Sell Stop;0.07;XAUUSD;5 016.19;5 117.19;5 008.19;2026.03.11 01:00:00;5 189.35;;;;cancelled
2026.03.09 20:10:00;Sell Stop;0.07;XAUUSD;4 997.31;5 098.31;4 989.31;2026.03.10 16:10:00;5 193.27;;;;cancelled
2026.03.09 20:05:00;Buy Stop;0.07;XAUUSD;5 417.99;5 316.99;5 425.99;2026.03.10 16:05:00;5 201.93;;;;cancelled
2026.03.10 15:01:20;Buy;0.07;XAUUSD;5 201.42;5 178.88;5 214.32;2026.03.10 15:18:59;5 214.49;-1.46;;91.49;[tp]
2026.03.10 15:08:07;Buy;0.07;XAUUSD;5 199.52;5 200.32;5 207.27;2026.03.10 15:18:10;5 207.36;-1.46;;54.88;[tp]
2026.03.10 15:01:20;Buy;0.07;XAUUSD;5 199.29;5 200.09;5 207.27;2026.03.10 15:18:10;5 207.36;-1.46;;56.49;[tp]
2026.03.10 15:01:20;Buy;0.07;XAUUSD;5 199.29;5 200.09;5 208.22;2026.03.10 15:11:35;5 199.94;-1.46;;4.55;[sl]
2026.03.10 15:01:20;Buy;0.07;XAUUSD;5 201.22;5 192.88;5 249.02;2026.03.10 15:06:02;5 192.83;-1.46;;-58.73;[sl]
2026.03.06 23:00:03;Sell Stop;0.07;XAUUSD;4 841.78;4 849.78;4 792.78;2026.03.10 13:00:00;5 178.16;;;;cancelled
2026.03.09 00:05:00;Buy Stop;0.07;XAUUSD;5 416.39;5 355.39;5 430.89;2026.03.10 11:15:00;5 188.04;;;;cancelled
2026.03.10 11:02:54;Balance;;;;;;;;;;0.25;
2026.03.09 00:05:02;Sell Stop;0.07;XAUUSD;4 996.96;5 049.96;4 987.96;2026.03.10 06:15:00;5 164.42;;;;cancelled
2026.03.09 00:05:01;Buy Stop;0.07;XAUUSD;5 417.94;5 364.94;5 426.94;2026.03.10 06:15:00;5 164.43;;;;cancelled
2026.03.09 00:05:01;Sell Stop;0.07;XAUUSD;4 997.31;5 098.31;4 989.31;2026.03.09 20:10:00;5 093.32;;;;cancelled
2026.03.09 00:05:00;Buy Stop;0.07;XAUUSD;5 417.99;5 316.99;5 425.99;2026.03.09 20:05:00;5 093.12;;;;cancelled
2026.03.06 23:00:05;Sell Stop;0.07;XAUUSD;4 997.31;5 019.81;4 982.81;2026.03.09 11:15:00;5 113.24;;;;cancelled
2026.03.06 23:00:05;Buy Stop;0.07;XAUUSD;5 418.54;5 396.04;5 433.04;2026.03.09 11:15:00;5 113.33;;;;cancelled
2026.03.09 01:42:57;Sell;0.07;XAUUSD;5 051.31;5 050.51;5 042.39;2026.03.09 01:43:02;5 051.89;-1.41;;-4.06;[sl]
2026.03.09 01:42:57;Sell;0.07;XAUUSD;5 051.31;5 050.51;5 043.74;2026.03.09 01:43:02;5 051.24;-1.41;;0.49;[sl]
2026.03.09 01:42:57;Sell;0.07;XAUUSD;5 051.31;5 051.01;5 037.24;2026.03.09 01:43:02;5 051.09;-1.41;;1.54;[sl]
2026.03.06 23:00:05;Sell Stop;0.07;XAUUSD;4 996.96;5 049.96;4 987.96;2026.03.09 00:05:01;5 165.73;;;;cancelled
2026.03.06 23:00:04;Sell Stop;0.07;XAUUSD;5 051.39;5 104.39;5 042.39;2026.03.09 00:05:01;5 165.73;;;;cancelled
2026.03.06 23:00:04;Buy Stop;0.07;XAUUSD;5 417.94;5 364.94;5 426.94;2026.03.09 00:05:01;5 165.87;;;;cancelled
2026.03.06 23:00:04;Sell Stop;0.07;XAUUSD;4 997.31;5 098.31;4 989.31;2026.03.09 00:05:00;5 165.88;;;;cancelled
2026.03.06 23:00:04;Sell Stop;0.07;XAUUSD;5 051.74;5 152.74;5 043.74;2026.03.09 00:05:00;5 165.88;;;;cancelled
2026.03.06 23:00:04;Buy Stop;0.07;XAUUSD;5 417.99;5 316.99;5 425.99;2026.03.09 00:05:00;5 166.48;;;;cancelled
2026.03.06 23:00:03;Buy Stop;0.07;XAUUSD;5 416.39;5 355.39;5 430.89;2026.03.09 00:05:00;5 167.02;;;;cancelled
2026.03.06 21:00:00;Sell Stop;0.07;XAUUSD;5 051.74;5 074.24;5 037.24;2026.03.06 22:40:02;5 155.45;;;;cancelled
2026.03.06 17:00:00;Sell Stop;0.07;XAUUSD;5 051.39;5 104.39;5 042.39;2026.03.06 22:40:02;5 155.21;;;;cancelled
2026.03.05 22:00:00;Buy Stop;0.07;XAUUSD;5 418.54;5 396.04;5 433.04;2026.03.06 22:40:02;5 155.52;;;;cancelled
2026.03.05 20:00:00;Sell Stop;0.07;XAUUSD;4 996.96;5 049.96;4 987.96;2026.03.06 22:40:02;5 155.32;;;;cancelled
2026.03.05 18:00:00;Buy Stop;0.07;XAUUSD;5 417.94;5 364.94;5 426.94;2026.03.06 22:40:02;5 155.26;;;;cancelled
2026.03.04 18:00:00;Sell Stop;0.07;XAUUSD;4 997.31;5 019.81;4 982.81;2026.03.06 22:40:02;5 155.50;;;;cancelled
2026.03.06 22:00:00;Sell Stop;0.07;XAUUSD;5 051.74;5 152.74;5 043.74;2026.03.06 22:40:01;5 155.21;;;;cancelled
2026.03.06 19:00:00;Buy Stop;0.07;XAUUSD;5 417.99;5 316.99;5 425.99;2026.03.06 22:40:01;5 155.28;;;;cancelled
2026.03.06 11:00:00;Sell Stop;0.07;XAUUSD;4 997.31;5 098.31;4 989.31;2026.03.06 22:40:01;5 155.21;;;;cancelled
2026.03.06 01:05:00;Buy Stop;0.07;XAUUSD;5 417.44;5 407.44;5 458.44;2026.03.06 22:40:01;5 155.37;;;;cancelled
2026.03.05 01:05:00;Buy Stop;0.07;XAUUSD;5 417.84;5 410.84;5 450.84;2026.03.06 22:40:01;5 155.28;;;;cancelled
2026.02.27 21:24:11;Sell Stop;0.07;XAUUSD;3 268.87;3 278.87;3 227.87;2026.03.06 22:40:01;5 155.23;;;;cancelled
2026.03.06 01:05:00;Buy Stop;0.07;XAUUSD;5 416.39;5 355.39;5 430.89;2026.03.06 22:40:00;5 155.54;;;;cancelled
2026.03.05 06:00:00;Sell Stop;0.07;XAUUSD;4 996.86;5 004.86;4 947.86;2026.03.06 22:40:00;5 155.22;;;;cancelled
2026.03.03 21:00:00;Buy Stop;0.07;XAUUSD;5 418.74;5 410.74;5 467.74;2026.03.06 22:40:00;5 155.28;;;;cancelled
2026.02.27 21:24:11;Sell Stop;0.07;XAUUSD;4 841.78;4 849.78;4 792.78;2026.03.06 22:40:00;5 155.22;;;;cancelled
2026.03.05 23:00:00;Buy Stop;0.07;XAUUSD;5 417.99;5 316.99;5 425.99;2026.03.06 19:00:00;5 139.81;;;;cancelled
2026.03.05 15:00:00;Sell Stop;0.07;XAUUSD;4 997.31;5 098.31;4 989.31;2026.03.06 11:00:00;5 109.59;;;;cancelled
2026.03.05 03:00:00;Buy Stop;0.07;XAUUSD;5 417.99;5 316.99;5 425.99;2026.03.05 23:00:00;5 076.82;;;;cancelled
2026.03.03 10:00:00;Buy Stop;0.07;XAUUSD;5 418.54;5 396.04;5 433.04;2026.03.05 22:00:00;5 066.46;;;;cancelled
2026.03.04 14:00:00;Sell Stop;0.07;XAUUSD;4 996.96;5 049.96;4 987.96;2026.03.05 20:00:00;5 062.88;;;;cancelled
2026.03.04 12:00:00;Buy Stop;0.07;XAUUSD;5 417.94;5 364.94;5 426.94;2026.03.05 18:00:00;5 103.29;;;;cancelled
2026.03.04 19:00:00;Sell Stop;0.07;XAUUSD;4 997.31;5 098.31;4 989.31;2026.03.05 15:00:00;5 162.89;;;;cancelled
2026.03.04 07:00:00;Buy Stop;0.07;XAUUSD;5 417.99;5 316.99;5 425.99;2026.03.05 03:00:00;5 172.67;;;;cancelled
2026.03.03 06:00:00;Buy Stop;0.07;XAUUSD;5 417.94;5 364.94;5 426.94;2026.03.04 12:00:00;5 182.70;;;;cancelled
2026.03.04 10:57:22;Balance;;;;;;;;;;0.51;
2026.03.03 11:00:00;Buy Stop;0.07;XAUUSD;5 417.99;5 316.99;5 425.99;2026.03.04 07:00:00;5 157.42;;;;cancelled
2026.03.03 13:31:28;Sell;0.07;XAUUSD;5 090.66;5 146.19;5 084.19;2026.03.03 13:31:37;5 082.06;-1.43;;60.20;[tp]
2026.03.03 13:31:28;Sell;0.07;XAUUSD;5 090.66;5 194.54;5 085.54;2026.03.03 13:31:37;5 082.06;-1.43;;60.20;[tp]
2026.03.03 13:31:28;Sell;0.07;XAUUSD;5 090.66;5 116.04;5 079.04;2026.03.03 13:31:37;5 079.03;-1.43;;81.41;[tp]
2026.03.03 13:29:37;Sell;0.07;XAUUSD;5 126.35;5 183.76;5 121.76;2026.03.03 13:29:46;5 121.57;-1.44;;33.46;[tp]
2026.03.03 13:29:37;Sell;0.07;XAUUSD;5 130.60;5 232.11;5 123.11;2026.03.03 13:29:46;5 121.57;-1.44;;63.21;[tp]
2026.03.03 13:29:37;Sell;0.07;XAUUSD;5 130.60;5 153.61;5 116.61;2026.03.03 13:29:46;5 115.53;-1.44;;105.49;[tp]
2026.03.02 01:05:01;Sell Stop;0.07;XAUUSD;5 093.19;5 146.19;5 084.19;2026.03.03 07:15:00;5 362.41;;;;cancelled
2026.03.02 01:05:01;Sell Stop;0.07;XAUUSD;5 130.76;5 183.76;5 121.76;2026.03.03 07:15:00;5 362.42;;;;cancelled
2026.03.02 01:05:00;Sell Stop;0.07;XAUUSD;5 093.54;5 194.54;5 085.54;2026.03.02 21:05:00;5 325.13;;;;cancelled
2026.03.02 01:05:00;Sell Stop;0.07;XAUUSD;5 131.11;5 232.11;5 123.11;2026.03.02 21:05:00;5 325.14;;;;cancelled
2026.02.27 21:24:13;Sell Stop;0.07;XAUUSD;5 093.54;5 116.04;5 079.04;2026.03.02 09:30:00;5 408.28;;;;cancelled
2026.02.27 21:24:13;Sell Stop;0.07;XAUUSD;5 131.11;5 153.61;5 116.61;2026.03.02 09:30:00;5 408.62;;;;cancelled
2026.02.27 21:24:13;Sell Stop;0.07;XAUUSD;5 093.19;5 146.19;5 084.19;2026.03.02 01:05:01;5 355.45;;;;cancelled
2026.02.27 21:24:13;Sell Stop;0.07;XAUUSD;5 130.76;5 183.76;5 121.76;2026.03.02 01:05:01;5 355.45;;;;cancelled
2026.02.27 21:24:13;Sell Stop;0.07;XAUUSD;5 093.54;5 194.54;5 085.54;2026.03.02 01:05:00;5 356.37;;;;cancelled
2026.02.27 21:24:13;Sell Stop;0.07;XAUUSD;5 131.11;5 232.11;5 123.11;2026.03.02 01:05:00;5 355.50;;;;cancelled
2026.02.28 08:54:32;Balance;;;;;;;;;;0.45;
2026.02.27 19:00:00;Sell Stop;0.04;XAUUSD;3 268.87;3 278.87;3 227.87;2026.02.27 21:24:11;5 247.84;;;;cancelled
2026.02.27 19:00:00;Sell Stop;0.04;XAUUSD;4 841.78;4 849.78;4 792.78;2026.02.27 21:23:48;5 246.65;;;;cancelled
2026.02.27 19:00:00;Sell Stop;0.04;XAUUSD;5 093.54;5 194.54;5 085.54;2026.02.27 21:23:47;5 246.60;;;;cancelled
2026.02.27 19:00:00;Sell Stop;0.04;XAUUSD;5 131.11;5 232.11;5 123.11;2026.02.27 21:23:47;5 246.66;;;;cancelled
2026.02.27 19:00:01;Sell Stop;0.04;XAUUSD;5 093.19;5 146.19;5 084.19;2026.02.27 21:23:46;5 246.44;;;;cancelled
2026.02.27 19:00:01;Sell Stop;0.04;XAUUSD;5 130.76;5 183.76;5 121.76;2026.02.27 21:23:46;5 246.43;;;;cancelled
2026.02.27 19:00:01;Sell Stop;0.04;XAUUSD;5 093.54;5 116.04;5 079.04;2026.02.27 21:23:45;5 246.46;;;;cancelled
2026.02.27 19:00:01;Sell Stop;0.04;XAUUSD;5 131.11;5 153.61;5 116.61;2026.02.27 21:23:45;5 246.45;;;;cancelled
2026.02.27 21:02:48;Buy;0.04;XAUUSD;5 249.53;5 241.48;5 298.48;2026.02.27 21:11:22;5 241.32;-0.84;;-32.84;[sl]
2026.02.24 20:28:19;Sell Stop;0.04;XAUUSD;4 656.00;4 664.00;4 607.00;2026.02.27 18:58:57;5 230.93;;;;cancelled
2026.02.24 20:28:19;Sell Stop;0.04;XAUUSD;4 841.78;4 849.78;4 792.78;2026.02.27 18:58:57;5 230.94;;;;cancelled
2026.02.24 20:28:19;Sell Stop;0.04;XAUUSD;4 402.38;4 412.38;4 361.38;2026.02.27 18:58:56;5 230.83;;;;cancelled
2026.02.24 20:28:19;Buy Stop;0.04;XAUUSD;5 595.73;5 585.73;5 636.73;2026.02.27 18:58:56;5 230.92;;;;cancelled
2026.02.26 19:00:01;Sell Stop;0.04;XAUUSD;5 093.19;5 146.19;5 084.19;2026.02.27 18:58:55;5 230.82;;;;cancelled
2026.02.24 20:28:19;Sell Stop;0.04;XAUUSD;4 402.88;4 409.88;4 369.88;2026.02.27 18:58:55;5 230.82;;;;cancelled
2026.02.25 17:00:00;Sell Stop;0.04;XAUUSD;5 093.54;5 116.04;5 079.04;2026.02.27 18:58:54;5 230.80;;;;cancelled
2026.02.27 14:00:00;Sell Stop;0.04;XAUUSD;5 130.76;5 183.76;5 121.76;2026.02.27 18:58:53;5 230.85;;;;cancelled
2026.02.27 10:00:00;Sell Stop;0.04;XAUUSD;5 093.54;5 194.54;5 085.54;2026.02.27 18:58:53;5 230.84;;;;cancelled
2026.02.27 18:00:00;Sell Stop;0.04;XAUUSD;5 131.11;5 153.61;5 116.61;2026.02.27 18:58:52;5 230.90;;;;cancelled
2026.02.27 18:11:10;Buy;0.04;XAUUSD;5 249.37;5 241.48;5 298.48;2026.02.27 18:21:39;5 241.50;-0.84;;-31.48;[sl]
2026.02.27 18:11:10;Buy;0.04;XAUUSD;5 249.37;5 249.67;5 263.78;2026.02.27 18:20:03;5 249.88;-0.84;;2.04;[sl]
2026.02.27 18:10:57;Buy;0.04;XAUUSD;5 248.38;5 252.24;5 281.58;2026.02.27 18:19:06;5 251.85;-0.84;;13.88;[sl]
2026.02.27 18:11:04;Buy;0.04;XAUUSD;5 248.70;5 252.56;5 257.68;2026.02.27 18:19:05;5 252.08;-0.84;;13.52;[sl]
2026.02.27 18:11:05;Buy;0.04;XAUUSD;5 248.73;5 249.53;5 256.73;2026.02.27 18:15:18;5 256.94;-0.84;;32.84;[tp]
2026.02.27 15:15:26;Buy;0.04;XAUUSD;5 217.27;5 224.63;5 231.66;2026.02.27 15:23:39;5 231.73;-0.83;;57.84;[tp]
2026.02.27 15:15:26;Buy;0.04;XAUUSD;5 217.35;5 164.15;5 225.56;2026.02.27 15:20:57;5 225.63;-0.83;;33.12;[tp]
2026.02.27 15:15:26;Buy;0.04;XAUUSD;5 217.27;5 116.15;5 224.61;2026.02.27 15:20:51;5 225.35;-0.83;;32.32;[tp]
2026.02.26 19:00:00;Buy Stop;0.04;XAUUSD;5 248.73;5 147.73;5 256.73;2026.02.27 15:00:00;5 187.99;;;;cancelled
2026.02.25 02:00:00;Buy Stop;0.04;XAUUSD;5 249.28;5 226.78;5 263.78;2026.02.27 14:00:00;5 186.20;;;;cancelled
2026.02.26 14:00:00;Sell Stop;0.04;XAUUSD;5 093.54;5 194.54;5 085.54;2026.02.27 10:00:00;5 176.63;;;;cancelled
2026.02.26 03:00:00;Buy Stop;0.04;XAUUSD;5 248.68;5 195.68;5 257.68;2026.02.27 09:00:00;5 185.65;;;;cancelled
2026.02.24 20:28:20;Sell Stop;0.04;XAUUSD;4 842.23;4 864.73;4 827.73;2026.02.27 08:30:00;5 193.37;;;;cancelled
2026.02.24 20:28:19;Buy Stop;0.04;XAUUSD;5 596.13;5 589.13;5 629.13;2026.02.27 01:05:00;5 182.49;;;;cancelled
2026.02.25 13:00:00;Sell Stop;0.04;XAUUSD;5 093.19;5 146.19;5 084.19;2026.02.26 19:00:01;5 179.61;;;;cancelled
2026.02.25 23:00:00;Buy Stop;0.04;XAUUSD;5 248.73;5 147.73;5 256.73;2026.02.26 19:00:00;5 180.27;;;;cancelled
2026.02.25 18:00:00;Sell Stop;0.04;XAUUSD;5 093.54;5 194.54;5 085.54;2026.02.26 14:00:00;5 165.67;;;;cancelled
2026.02.25 16:30:00;Sell Stop;0.04;XAUUSD;4 842.23;4 943.23;4 834.23;2026.02.26 12:30:00;5 178.31;;;;cancelled
2026.02.24 20:28:18;Buy Stop;0.04;XAUUSD;5 594.68;5 533.68;5 609.18;2026.02.26 07:30:00;5 200.38;;;;cancelled
2026.02.24 21:00:00;Buy Stop;0.04;XAUUSD;5 248.68;5 195.68;5 257.68;2026.02.26 03:00:00;5 187.96;;;;cancelled
2026.02.25 03:00:00;Buy Stop;0.04;XAUUSD;5 248.73;5 147.73;5 256.73;2026.02.25 23:00:00;5 152.52;;;;cancelled
2026.02.24 20:28:20;Sell Stop;0.04;XAUUSD;4 842.23;4 943.23;4 834.23;2026.02.25 16:30:00;5 177.99;;;;cancelled
2026.02.09 01:05:00;Sell Stop;0.04;XAUUSD;4 402.38;4 412.38;4 361.38;2026.02.24 20:27:51;5 157.14;;;;cancelled
2026.02.09 01:05:00;Buy Stop;0.04;XAUUSD;5 595.73;5 585.73;5 636.73;2026.02.24 20:27:51;5 157.35;;;;cancelled
2026.02.19 02:00:00;Sell Stop;0.04;XAUUSD;4 841.78;4 849.78;4 792.78;2026.02.24 20:27:50;5 156.65;;;;cancelled
2026.02.09 01:05:00;Sell Stop;0.04;XAUUSD;4 402.88;4 409.88;4 369.88;2026.02.24 20:27:50;5 156.67;;;;cancelled
2026.02.17 14:00:00;Sell Stop;0.04;XAUUSD;4 656.00;4 664.00;4 607.00;2026.02.24 20:27:49;5 156.56;;;;cancelled
2026.02.24 07:15:00;Sell Stop;0.04;XAUUSD;4 841.88;4 894.88;4 832.88;2026.02.24 20:27:48;5 157.66;;;;cancelled
2026.02.23 01:05:02;Sell Stop;0.04;XAUUSD;4 842.23;4 864.73;4 827.73;2026.02.24 20:27:48;5 157.64;;;;cancelled
2026.02.23 01:05:00;Buy Stop;0.04;XAUUSD;5 596.13;5 589.13;5 629.13;2026.02.24 20:27:48;5 157.71;;;;cancelled
2026.02.24 17:10:00;Sell Stop;0.04;XAUUSD;4 842.23;4 943.23;4 834.23;2026.02.24 20:27:47;5 157.62;;;;cancelled
2026.02.24 12:15:00;Buy Stop;0.04;XAUUSD;5 594.68;5 533.68;5 609.18;2026.02.24 20:27:47;5 157.69;;;;cancelled
2026.02.23 21:05:01;Sell Stop;0.04;XAUUSD;4 842.23;4 943.23;4 834.23;2026.02.24 17:10:00;5 135.99;;;;cancelled
2026.02.23 01:05:01;Buy Stop;0.04;XAUUSD;5 594.68;5 533.68;5 609.18;2026.02.24 12:15:00;5 174.75;;;;cancelled
2026.02.24 09:49:42;Balance;;;;;;;;;;0.04;
2026.02.23 01:05:01;Sell Stop;0.04;XAUUSD;4 841.88;4 894.88;4 832.88;2026.02.24 07:15:00;5 172.08;;;;cancelled
2026.02.23 01:05:00;Sell Stop;0.04;XAUUSD;4 842.23;4 943.23;4 834.23;2026.02.23 21:05:00;5 209.37;;;;cancelled
2026.02.23 01:05:00;Buy;0.04;XAUUSD;5 117.70;5 134.39;5 150.69;2026.02.23 01:09:53;5 134.33;-0.82;;66.52;[sl]
2026.02.20 10:15:00;Buy Stop;0.04;XAUUSD;5 594.68;5 533.68;5 609.18;2026.02.23 01:05:01;5 118.31;;;;cancelled
2026.02.19 19:00:00;Sell Stop;0.04;XAUUSD;4 841.88;4 894.88;4 832.88;2026.02.23 01:05:01;5 117.60;;;;cancelled
2026.02.18 17:00:00;Sell Stop;0.04;XAUUSD;4 842.23;4 864.73;4 827.73;2026.02.23 01:05:01;5 117.55;;;;cancelled
2026.02.18 13:15:00;Buy Stop;0.04;XAUUSD;5 118.39;5 095.89;5 132.89;2026.02.23 01:05:01;5 118.29;;;;cancelled
2026.02.20 10:00:00;Sell Stop;0.04;XAUUSD;4 842.23;4 943.23;4 834.23;2026.02.23 01:05:00;5 117.48;;;;cancelled
2026.02.13 02:00:00;Buy Stop;0.04;XAUUSD;5 118.59;5 110.59;5 167.59;2026.02.23 01:05:00;5 117.88;;;;cancelled
2026.02.22 13:57:10;Balance;;;;;;;;;;-10.00;
2026.02.21 09:17:23;Balance;;;;;;;;;;0.09;
2026.02.20 16:32:42;Buy;0.04;XAUUSD;5 051.52;5 051.82;5 065.98;2026.02.20 16:54:50;5 058.40;-0.81;;27.52;
2026.02.20 16:32:02;Buy;0.04;XAUUSD;5 050.92;4 949.93;5 058.93;2026.02.20 16:45:15;5 058.93;-0.81;;32.04;[tp]
2026.02.19 19:00:00;Buy Stop;0.04;XAUUSD;5 050.93;4 949.93;5 058.93;2026.02.20 15:00:00;5 025.48;;;;cancelled
2026.02.18 23:15:00;Buy Stop;0.04;XAUUSD;5 594.68;5 533.68;5 609.18;2026.02.20 10:15:00;5 011.95;;;;cancelled
2026.02.19 14:00:00;Sell Stop;0.04;XAUUSD;4 842.23;4 943.23;4 834.23;2026.02.20 10:00:00;5 006.82;;;;cancelled
2026.02.19 13:05:00;Buy Stop;0.04;XAUUSD;5 117.84;5 016.84;5 125.84;2026.02.20 09:05:00;5 021.38;;;;cancelled
2026.02.18 13:15:00;Buy Stop;0.04;XAUUSD;5 117.79;5 064.79;5 126.79;2026.02.19 19:15:00;4 996.67;;;;cancelled
2026.02.18 23:00:00;Buy Stop;0.04;XAUUSD;5 050.93;4 949.93;5 058.93;2026.02.19 19:00:00;4 994.68;;;;cancelled
2026.02.18 13:00:00;Sell Stop;0.04;XAUUSD;4 841.88;4 894.88;4 832.88;2026.02.19 19:00:00;4 994.60;;;;cancelled
2026.02.17 06:00:00;Buy Stop;0.04;XAUUSD;5 051.48;5 028.98;5 065.98;2026.02.19 18:00:00;5 014.37;;;;cancelled
2026.02.18 18:00:00;Sell Stop;0.04;XAUUSD;4 842.23;4 943.23;4 834.23;2026.02.19 14:00:00;4 984.94;;;;cancelled
2026.02.18 17:05:00;Buy Stop;0.04;XAUUSD;5 117.84;5 016.84;5 125.84;2026.02.19 13:05:00;4 991.68;;;;cancelled
2026.02.11 13:00:00;Buy Stop;0.04;XAUUSD;5 597.03;5 589.03;5 646.03;2026.02.19 13:00:00;4 993.31;;;;cancelled
2026.02.17 17:00:00;Sell Stop;0.04;XAUUSD;4 402.68;4 410.68;4 353.68;2026.02.19 02:00:00;4 976.05;;;;cancelled
2026.02.17 12:15:00;Buy Stop;0.04;XAUUSD;5 594.68;5 533.68;5 609.18;2026.02.18 23:15:00;4 981.03;;;;cancelled
2026.02.18 03:00:00;Buy Stop;0.04;XAUUSD;5 050.93;4 949.93;5 058.93;2026.02.18 23:00:00;4 985.20;;;;cancelled
2026.02.17 21:05:00;Buy Stop;0.04;XAUUSD;5 117.84;5 016.84;5 125.84;2026.02.18 17:05:00;5 003.93;;;;cancelled
2026.02.17 07:15:00;Buy Stop;0.04;XAUUSD;5 117.79;5 064.79;5 126.79;2026.02.18 13:15:00;4 915.85;;;;cancelled
2026.02.16 01:05:02;Sell Stop;0.04;XAUUSD;4 656.45;4 678.95;4 641.95;2026.02.18 13:15:00;4 915.79;;;;cancelled
2026.02.16 01:05:02;Buy Stop;0.04;XAUUSD;5 118.39;5 095.89;5 132.89;2026.02.18 13:15:00;4 915.85;;;;cancelled
2026.02.18 09:40:07;Balance;;;;;;;;;;0.23;
2026.02.17 07:00:00;Buy Stop;0.04;XAUUSD;5 050.93;4 949.93;5 058.93;2026.02.18 03:00:00;4 874.81;;;;cancelled
2026.02.17 01:05:00;Buy Stop;0.04;XAUUSD;5 117.84;5 016.84;5 125.84;2026.02.17 21:05:00;4 898.41;;;;cancelled
2026.02.17 16:01:09;Sell;0.04;XAUUSD;4 857.27;4 865.63;4 808.63;2026.02.17 16:04:02;4 866.59;-0.78;;-37.28;[sl]
2026.02.09 14:00:00;Sell Stop;0.04;XAUUSD;4 656.00;4 664.00;4 607.00;2026.02.17 14:00:00;4 929.25;;;;cancelled
2026.02.16 01:05:01;Buy Stop;0.04;XAUUSD;5 594.68;5 533.68;5 609.18;2026.02.17 12:15:00;4 936.67;;;;cancelled
2026.02.17 07:31:50;Sell;0.04;XAUUSD;4 877.82;4 885.89;4 830.10;2026.02.17 07:37:03;4 888.75;-0.78;;-43.72;[sl]
2026.02.17 07:31:50;Sell;0.04;XAUUSD;4 877.82;4 931.53;4 870.20;2026.02.17 07:32:04;4 868.46;-0.78;;37.44;[tp]
2026.02.17 07:31:50;Sell;0.04;XAUUSD;4 877.82;4 979.52;4 871.55;2026.02.17 07:32:04;4 868.46;-0.78;;37.44;[tp]
2026.02.17 07:31:50;Sell;0.04;XAUUSD;4 877.82;4 901.16;4 865.05;2026.02.17 07:32:04;4 862.28;-0.78;;62.16;[tp]
2026.02.16 01:05:01;Sell Stop;0.04;XAUUSD;4 879.20;4 932.20;4 870.20;2026.02.17 07:15:00;4 928.23;;;;cancelled
2026.02.16 01:05:01;Buy Stop;0.04;XAUUSD;5 117.79;5 064.79;5 126.79;2026.02.17 07:15:00;4 928.33;;;;cancelled
2026.02.16 01:05:00;Sell Stop;0.04;XAUUSD;4 656.45;4 757.45;4 648.45;2026.02.17 01:05:00;4 998.11;;;;cancelled
2026.02.16 01:05:00;Sell Stop;0.04;XAUUSD;4 879.55;4 980.55;4 871.55;2026.02.17 01:05:00;4 998.18;;;;cancelled
2026.02.16 01:05:00;Buy Stop;0.04;XAUUSD;5 117.84;5 016.84;5 125.84;2026.02.17 01:05:00;4 998.96;;;;cancelled
2026.02.13 19:00:00;Sell Stop;0.04;XAUUSD;4 879.55;4 902.05;4 865.05;2026.02.16 07:00:00;4 977.14;;;;cancelled
2026.02.16 06:00:00;Sell Stop;0.04;XAUUSD;4 402.68;4 410.68;4 353.68;2026.02.16 06:00:00;4 987.63;;;;cancelled
2026.02.09 14:00:00;Sell Stop;0.04;XAUUSD;4 656.00;4 664.00;4 607.00;2026.02.16 06:00:00;4 987.63;;;;cancelled
2026.02.13 17:00:00;Buy Stop;0.04;XAUUSD;5 117.79;5 064.79;5 126.79;2026.02.16 01:05:01;5 014.73;;;;cancelled
2026.02.13 15:00:00;Sell Stop;0.04;XAUUSD;4 879.20;4 932.20;4 870.20;2026.02.16 01:05:01;5 014.64;;;;cancelled
2026.02.12 19:30:00;Sell Stop;0.04;XAUUSD;4 656.10;4 709.10;4 647.10;2026.02.16 01:05:01;5 014.64;;;;cancelled
2026.02.12 15:00:00;Buy Stop;0.04;XAUUSD;5 118.39;5 095.89;5 132.89;2026.02.16 01:05:01;5 014.76;;;;cancelled
2026.02.11 15:00:00;Sell Stop;0.04;XAUUSD;4 656.45;4 678.95;4 641.95;2026.02.16 01:05:01;5 014.32;;;;cancelled
2026.02.09 01:05:00;Buy Stop;0.04;XAUUSD;5 596.13;5 589.13;5 629.13;2026.02.16 01:05:01;5 014.54;;;;cancelled
2026.02.13 20:00:00;Sell Stop;0.04;XAUUSD;4 879.55;4 980.55;4 871.55;2026.02.16 01:05:00;5 014.97;;;;cancelled
2026.02.13 12:00:00;Buy Stop;0.04;XAUUSD;5 117.84;5 016.84;5 125.84;2026.02.16 01:05:00;5 013.89;;;;cancelled
2026.02.13 10:15:00;Buy Stop;0.04;XAUUSD;5 594.68;5 533.68;5 609.18;2026.02.16 01:05:00;5 014.20;;;;cancelled
2026.02.13 09:10:00;Sell Stop;0.04;XAUUSD;4 656.45;4 757.45;4 648.45;2026.02.16 01:05:00;5 013.76;;;;cancelled
2026.02.12 11:00:00;Buy Stop;0.04;XAUUSD;5 117.79;5 064.79;5 126.79;2026.02.13 17:00:00;4 997.63;;;;cancelled
2026.02.12 16:00:00;Buy Stop;0.04;XAUUSD;5 117.84;5 016.84;5 125.84;2026.02.13 12:00:00;4 970.56;;;;cancelled
2026.02.11 23:15:00;Buy Stop;0.04;XAUUSD;5 594.68;5 533.68;5 609.18;2026.02.13 10:15:00;4 979.55;;;;cancelled
2026.02.12 13:05:01;Sell Stop;0.04;XAUUSD;4 656.45;4 757.45;4 648.45;2026.02.13 09:10:00;4 958.60;;;;cancelled
2026.02.11 13:30:00;Sell Stop;0.04;XAUUSD;4 656.10;4 709.10;4 647.10;2026.02.12 19:30:00;4 964.98;;;;cancelled
2026.02.11 17:05:00;Sell Stop;0.04;XAUUSD;4 656.45;4 757.45;4 648.45;2026.02.12 13:05:01;5 061.79;;;;cancelled
2026.02.12 09:45:02;Balance;;;;;;;;;;0.53;
2026.02.10 12:15:00;Buy Stop;0.04;XAUUSD;5 594.68;5 533.68;5 609.18;2026.02.11 23:15:00;5 088.23;;;;cancelled
2026.02.10 12:15:00;Buy Stop;0.04;XAUUSD;5 594.68;5 533.68;5 609.18;2026.02.11 23:15:00;5 088.22;;;;cancelled
2026.02.10 21:05:00;Sell Stop;0.04;XAUUSD;4 656.45;4 757.45;4 648.45;2026.02.11 17:05:00;5 064.99;;;;cancelled
2026.02.09 03:00:00;Sell Stop;0.04;XAUUSD;4 656.45;4 678.95;4 641.95;2026.02.11 15:00:00;5 083.38;;;;cancelled
2026.02.09 03:00:00;Sell Stop;0.04;XAUUSD;4 656.45;4 678.95;4 641.95;2026.02.11 15:00:00;5 083.45;;;;cancelled
2026.02.10 07:15:01;Sell Stop;0.04;XAUUSD;4 656.10;4 709.10;4 647.10;2026.02.11 13:30:00;5 107.58;;;;cancelled
2026.02.10 07:15:01;Sell Stop;0.04;XAUUSD;4 656.10;4 709.10;4 647.10;2026.02.11 13:30:00;5 107.64;;;;cancelled
2026.02.09 01:05:01;Sell Stop;0.04;XAUUSD;4 403.13;4 425.63;4 388.63;2026.02.11 13:15:00;5 089.79;;;;cancelled
2026.02.09 01:05:01;Sell Stop;0.04;XAUUSD;4 403.13;4 425.63;4 388.63;2026.02.11 13:15:00;5 089.79;;;;cancelled
2026.02.11 12:44:08;Buy;0.04;XAUUSD;5 088.49;5 090.49;5 135.05;2026.02.11 13:02:01;5 090.88;-0.81;;9.56;[sl]
2026.02.11 12:44:10;Buy;0.04;XAUUSD;5 091.93;5 092.23;5 106.16;2026.02.11 12:46:07;5 092.02;-0.81;;0.36;[sl]
2026.02.11 12:44:10;Buy;0.04;XAUUSD;5 091.87;5 092.17;5 106.16;2026.02.11 12:46:07;5 092.46;-0.81;;2.36;[sl]
2026.02.11 12:44:10;Buy;0.04;XAUUSD;5 091.87;5 093.87;5 140.86;2026.02.11 12:45:58;5 094.04;-0.81;;8.68;[sl]
2026.02.11 12:40:53;Buy;0.04;XAUUSD;5 084.67;5 095.39;5 100.35;2026.02.11 12:45:07;5 100.45;-0.81;;63.12;[tp]
2026.02.11 12:44:10;Buy;0.04;XAUUSD;5 091.88;5 038.06;5 100.06;2026.02.11 12:44:34;5 100.07;-0.81;;32.76;[tp]
2026.02.11 12:40:52;Buy;0.04;XAUUSD;5 084.42;5 032.25;5 094.25;2026.02.11 12:44:28;5 098.45;-0.81;;56.12;[tp]
2026.02.11 12:40:52;Buy;0.04;XAUUSD;5 084.92;5 032.25;5 094.25;2026.02.11 12:44:28;5 098.45;-0.81;;54.12;[tp]
2026.02.11 12:44:10;Buy;0.04;XAUUSD;5 091.88;4 990.11;5 099.11;2026.02.11 12:44:28;5 099.77;-0.81;;31.56;[tp]
2026.02.11 12:44:10;Buy;0.04;XAUUSD;5 091.23;4 990.11;5 099.11;2026.02.11 12:44:28;5 099.77;-0.81;;34.16;[tp]
2026.02.11 12:40:53;Buy;0.04;XAUUSD;5 085.66;4 984.48;5 093.30;2026.02.11 12:44:18;5 093.44;-0.81;;31.12;[tp]
2026.02.11 10:00:00;Buy Stop;0.04;XAUUSD;5 597.03;5 589.03;5 646.03;2026.02.11 10:00:00;5 055.11;;;;cancelled
2026.02.09 02:00:00;Buy Stop;0.04;XAUUSD;5 091.86;5 083.86;5 140.86;2026.02.11 10:00:00;5 055.12;;;;cancelled
2026.02.10 01:05:00;Sell Stop;0.04;XAUUSD;4 656.45;4 757.45;4 648.45;2026.02.10 21:05:00;5 010.19;;;;cancelled
2026.02.10 01:05:00;Sell Stop;0.04;XAUUSD;4 656.45;4 757.45;4 648.45;2026.02.10 21:05:00;5 010.20;;;;cancelled
2026.02.10 20:05:40;Balance;;;;;;;;;;-596.00;
2026.02.10 20:01:12;Balance;;;;;;;;;;298.00;
2026.02.10 07:15:01;Buy Stop;0.04;XAUUSD;5 091.06;5 038.06;5 100.06;2026.02.10 19:00:00;5 023.63;;;;cancelled
2026.02.09 21:10:00;Sell Stop;0.04;XAUUSD;4 403.13;4 504.13;4 395.13;2026.02.10 17:10:00;5 041.51;;;;cancelled
2026.02.09 21:10:00;Sell Stop;0.04;XAUUSD;4 403.13;4 504.13;4 395.13;2026.02.10 17:10:00;5 041.48;;;;cancelled
2026.02.09 21:05:00;Buy Stop;0.04;XAUUSD;5 091.11;4 990.11;5 099.11;2026.02.10 17:05:00;5 034.72;;;;cancelled
2026.02.09 21:05:00;Buy Stop;0.04;XAUUSD;5 091.11;4 990.11;5 099.11;2026.02.10 17:05:00;5 034.66;;;;cancelled
2026.02.09 01:05:02;Buy Stop;0.04;XAUUSD;5 594.68;5 533.68;5 609.18;2026.02.10 12:15:00;5 041.43;;;;cancelled
2026.02.09 01:05:02;Buy Stop;0.04;XAUUSD;5 594.68;5 533.68;5 609.18;2026.02.10 12:15:00;5 041.41;;;;cancelled
2026.02.09 01:05:01;Sell Stop;0.04;XAUUSD;4 402.78;4 455.78;4 393.78;2026.02.10 07:15:01;5 029.89;;;;cancelled
2026.02.09 01:05:01;Sell Stop;0.04;XAUUSD;4 656.10;4 709.10;4 647.10;2026.02.10 07:15:01;5 029.89;;;;cancelled
2026.02.09 01:05:01;Sell Stop;0.04;XAUUSD;4 656.10;4 709.10;4 647.10;2026.02.10 07:15:01;5 029.89;;;;cancelled
2026.02.09 01:05:01;Buy Stop;0.04;XAUUSD;5 091.06;5 038.06;5 100.06;2026.02.10 07:15:01;5 029.96;;;;cancelled
2026.02.09 01:05:01;Buy Stop;0.04;XAUUSD;5 091.06;5 038.06;5 100.06;2026.02.10 07:15:01;5 029.96;;;;cancelled
2026.02.09 04:00:00;Sell Stop;0.04;XAUUSD;4 656.45;4 757.45;4 648.45;2026.02.10 01:05:00;5 056.33;;;;cancelled
2026.02.09 04:00:00;Sell Stop;0.04;XAUUSD;4 656.45;4 757.45;4 648.45;2026.02.10 01:05:00;5 057.03;;;;cancelled
2026.02.09 01:05:01;Sell Stop;0.04;XAUUSD;4 403.13;4 504.13;4 395.13;2026.02.09 21:10:00;5 067.74;;;;cancelled
2026.02.09 01:05:01;Sell Stop;0.04;XAUUSD;4 403.13;4 504.13;4 395.13;2026.02.09 21:10:00;5 067.72;;;;cancelled
2026.02.09 01:05:00;Buy Stop;0.04;XAUUSD;5 091.11;4 990.11;5 099.11;2026.02.09 21:05:00;5 066.37;;;;cancelled
2026.02.09 01:05:00;Buy Stop;0.04;XAUUSD;5 091.11;4 990.11;5 099.11;2026.02.09 21:05:00;5 066.37;;;;cancelled
2026.02.09 02:00:00;Sell Stop;0.04;XAUUSD;4 402.68;4 410.68;4 353.68;2026.02.09 14:00:00;5 011.08;;;;cancelled
2026.02.09 02:00:00;Sell Stop;0.04;XAUUSD;4 402.68;4 410.68;4 353.68;2026.02.09 14:00:00;5 011.11;;;;cancelled
2026.02.09 01:05:01;Sell Stop;0.04;XAUUSD;4 402.78;4 455.78;4 393.78;2026.02.09 01:05:02;4 988.94;;;;cancelled
2026.02.09 01:05:00;Sell Stop;0.04;XAUUSD;4 402.88;4 409.88;4 369.88;2026.02.09 01:05:02;4 988.91;;;;cancelled
2026.02.09 01:05:00;Buy Stop;0.04;XAUUSD;5 596.13;5 589.13;5 629.13;2026.02.09 01:05:02;4 989.10;;;;cancelled
2026.02.09 01:05:00;Sell Stop;0.04;XAUUSD;4 402.38;4 412.38;4 361.38;2026.02.09 01:05:02;4 988.86;;;;cancelled
2026.02.09 01:05:00;Buy Stop;0.04;XAUUSD;5 595.73;5 585.73;5 636.73;2026.02.09 01:05:02;4 989.21;;;;cancelled
2026.02.06 22:00:00;Sell Stop;0.04;XAUUSD;4 656.10;4 709.10;4 647.10;2026.02.06 23:13:00;4 947.12;;;;cancelled
2026.02.06 02:50:03;Buy Stop;0.04;XAUUSD;5 596.83;5 574.33;5 611.33;2026.02.06 23:12:56;4 947.11;;;;cancelled
2026.02.06 02:50:03;Sell Stop;0.04;XAUUSD;4 403.13;4 425.63;4 388.63;2026.02.06 23:12:56;4 946.93;;;;cancelled
2026.02.06 02:50:03;Buy Stop;0.04;XAUUSD;5 091.66;5 069.16;5 106.16;2026.02.06 23:12:55;4 947.18;;;;cancelled
2026.02.06 02:50:03;Sell Stop;0.04;XAUUSD;4 402.78;4 455.78;4 393.78;2026.02.06 23:12:55;4 947.49;;;;cancelled
2026.02.06 02:50:02;Buy Stop;0.04;XAUUSD;5 091.06;5 038.06;5 100.06;2026.02.06 23:12:55;4 947.73;;;;cancelled
2026.02.06 02:50:02;Buy Stop;0.04;XAUUSD;5 594.68;5 533.68;5 609.18;2026.02.06 23:12:54;4 947.73;;;;cancelled
2026.02.06 02:50:02;Buy Stop;0.04;XAUUSD;5 596.28;5 495.28;5 604.28;2026.02.06 23:12:54;4 947.73;;;;cancelled
2026.02.06 02:50:02;Sell Stop;0.04;XAUUSD;4 403.13;4 504.13;4 395.13;2026.02.06 23:12:51;4 947.75;;;;cancelled
2026.02.06 02:50:02;Buy Stop;0.04;XAUUSD;5 091.11;4 990.11;5 099.11;2026.02.06 23:12:49;4 948.08;;;;cancelled
2026.02.06 02:50:01;Sell Stop;0.04;XAUUSD;4 402.88;4 409.88;4 369.88;2026.02.06 23:12:49;4 947.82;;;;cancelled
2026.02.06 02:50:01;Buy Stop;0.04;XAUUSD;5 596.13;5 589.13;5 629.13;2026.02.06 23:12:49;4 948.27;;;;cancelled
2026.02.06 02:50:01;Sell Stop;0.04;XAUUSD;4 402.38;4 412.38;4 361.38;2026.02.06 23:12:48;4 947.88;;;;cancelled
2026.02.06 02:50:01;Buy Stop;0.04;XAUUSD;5 595.73;5 585.73;5 636.73;2026.02.06 23:12:48;4 948.17;;;;cancelled
2026.02.06 02:50:01;Buy Stop;0.04;XAUUSD;5 597.03;5 589.03;5 646.03;2026.02.06 23:12:48;4 948.48;;;;cancelled
2026.02.06 02:50:01;Sell Stop;0.04;XAUUSD;4 402.68;4 410.68;4 353.68;2026.02.06 23:12:47;4 948.17;;;;cancelled
2026.02.06 02:50:01;Buy Stop;0.04;XAUUSD;5 091.86;5 083.86;5 140.86;2026.02.06 23:12:46;4 948.49;;;;cancelled
2026.02.05 21:00:00;Sell Stop;0.04;XAUUSD;4 403.13;4 425.63;4 388.63;2026.02.06 01:05:03;4 777.53;;;;cancelled
2026.02.05 22:00:00;Sell Stop;0.04;XAUUSD;4 403.13;4 504.13;4 395.13;2026.02.06 01:05:02;4 776.98;;;;cancelled
2026.02.05 17:00:00;Sell Stop;0.04;XAUUSD;4 402.78;4 455.78;4 393.78;2026.02.06 01:05:02;4 776.91;;;;cancelled
2026.02.05 11:00:00;Buy Stop;0.04;XAUUSD;5 091.66;5 069.16;5 106.16;2026.02.06 01:05:02;4 777.56;;;;cancelled
2026.02.05 07:00:00;Buy Stop;0.04;XAUUSD;5 091.06;5 038.06;5 100.06;2026.02.06 01:05:02;4 777.44;;;;cancelled
2026.02.04 13:15:01;Buy Stop;0.04;XAUUSD;5 596.83;5 574.33;5 611.33;2026.02.06 01:05:02;4 778.13;;;;cancelled
2026.02.05 12:00:00;Buy Stop;0.04;XAUUSD;5 091.11;4 990.11;5 099.11;2026.02.06 01:05:01;4 777.43;;;;cancelled
2026.02.05 09:05:00;Buy Stop;0.04;XAUUSD;5 596.28;5 495.28;5 604.28;2026.02.06 01:05:01;4 777.43;;;;cancelled
2026.02.05 01:05:00;Sell Stop;0.04;XAUUSD;4 402.88;4 409.88;4 369.88;2026.02.06 01:05:01;4 777.06;;;;cancelled
2026.02.04 01:05:00;Buy Stop;0.04;XAUUSD;5 595.73;5 585.73;5 636.73;2026.02.06 01:05:01;4 777.51;;;;cancelled
2026.02.03 18:00:00;Sell Stop;0.04;XAUUSD;4 402.68;4 410.68;4 353.68;2026.02.06 01:05:01;4 777.05;;;;cancelled
2026.02.03 01:05:00;Buy Stop;0.04;XAUUSD;5 596.13;5 589.13;5 629.13;2026.02.06 01:05:01;4 777.43;;;;cancelled
2026.01.26 01:05:00;Sell Stop;0.04;XAUUSD;3 887.37;3 897.37;3 846.37;2026.02.06 01:05:01;4 777.05;;;;cancelled
2026.02.05 22:00:00;Buy Stop;0.04;XAUUSD;5 091.86;5 083.86;5 140.86;2026.02.06 01:05:00;4 777.61;;;;cancelled
2026.02.05 12:15:00;Buy Stop;0.04;XAUUSD;5 594.68;5 533.68;5 609.18;2026.02.06 01:05:00;4 777.62;;;;cancelled
2026.01.30 14:00:00;Buy Stop;0.04;XAUUSD;5 597.03;5 589.03;5 646.03;2026.02.06 01:05:00;4 777.61;;;;cancelled
2026.02.05 02:00:00;Sell Stop;0.04;XAUUSD;4 403.13;4 504.13;4 395.13;2026.02.05 22:00:00;4 830.36;;;;cancelled
2026.02.03 09:00:00;Sell Stop;0.04;XAUUSD;4 403.13;4 425.63;4 388.63;2026.02.05 21:00:00;4 857.98;;;;cancelled
2026.02.04 13:15:00;Buy Stop;0.04;XAUUSD;5 596.23;5 543.23;5 605.23;2026.02.05 19:15:00;4 875.37;;;;cancelled
2026.02.04 11:00:00;Sell Stop;0.04;XAUUSD;4 402.78;4 455.78;4 393.78;2026.02.05 17:00:00;4 843.18;;;;cancelled
2026.02.04 01:05:00;Buy Stop;0.04;XAUUSD;5 594.68;5 533.68;5 609.18;2026.02.05 12:15:00;4 873.97;;;;cancelled
2026.02.04 13:05:00;Buy Stop;0.04;XAUUSD;5 596.28;5 495.28;5 604.28;2026.02.05 09:05:00;4 926.70;;;;cancelled
2026.02.04 06:00:00;Sell Stop;0.04;XAUUSD;4 403.13;4 504.13;4 395.13;2026.02.05 02:00:00;5 011.86;;;;cancelled
2026.01.26 01:05:00;Sell Stop;0.04;XAUUSD;4 275.28;4 282.28;4 242.28;2026.02.05 01:05:00;4 994.98;;;;cancelled
2026.02.03 07:15:00;Buy Stop;0.04;XAUUSD;5 596.23;5 543.23;5 605.23;2026.02.04 13:15:00;5 042.80;;;;cancelled
2026.02.02 01:05:01;Buy Stop;0.04;XAUUSD;5 596.83;5 574.33;5 611.33;2026.02.04 13:15:00;5 042.88;;;;cancelled
2026.02.03 17:05:00;Buy Stop;0.04;XAUUSD;5 596.28;5 495.28;5 604.28;2026.02.04 13:05:00;5 049.32;;;;cancelled
2026.02.03 05:00:00;Sell Stop;0.04;XAUUSD;4 402.78;4 455.78;4 393.78;2026.02.04 11:00:00;5 082.89;;;;cancelled
2026.02.03 10:00:00;Sell Stop;0.04;XAUUSD;4 403.13;4 504.13;4 395.13;2026.02.04 06:00:00;5 069.85;;;;cancelled
2026.02.02 21:05:00;Buy Stop;0.04;XAUUSD;5 596.28;5 495.28;5 604.28;2026.02.03 17:05:00;4 919.39;;;;cancelled
2026.02.03 09:48:24;Balance;;;;;;;;;;0.13;
2026.02.02 01:05:00;Buy Stop;0.04;XAUUSD;5 596.23;5 543.23;5 605.23;2026.02.03 07:15:00;4 812.87;;;;cancelled
2026.02.02 01:05:00;Buy Stop;0.04;XAUUSD;5 596.28;5 495.28;5 604.28;2026.02.02 21:05:00;4 646.39;;;;cancelled
2026.02.02 08:38:47;Sell;0.04;XAUUSD;4 408.21;4 415.90;4 358.90;2026.02.02 08:39:07;4 415.41;-0.71;;-28.80;[sl]
2026.02.02 08:06:47;Sell;0.04;XAUUSD;4 536.37;4 545.29;4 488.29;2026.02.02 08:07:13;4 544.42;-0.73;;-32.20;[sl]
2026.02.02 07:49:19;Sell;0.04;XAUUSD;4 536.61;4 545.29;4 488.29;2026.02.02 07:49:49;4 545.65;-0.73;;-36.16;[sl]
2026.01.30 02:00:00;Buy Stop;0.04;XAUUSD;5 596.83;5 574.33;5 611.33;2026.02.02 01:05:01;4 827.44;;;;cancelled
2026.01.30 23:00:00;Buy Stop;0.04;XAUUSD;5 596.28;5 495.28;5 604.28;2026.02.02 01:05:00;4 830.06;;;;cancelled
2026.01.29 21:00:00;Buy Stop;0.04;XAUUSD;5 596.23;5 543.23;5 605.23;2026.02.02 01:05:00;4 830.19;;;;cancelled
2026.01.28 10:12:56;Balance;;;;;;;;;;0.19;
2026.01.27 22:03:25;Buy;0.04;XAUUSD;5 112.53;5 130.89;5 159.43;2026.01.27 22:47:09;5 159.55;-0.82;;188.08;[tp]
2026.01.27 22:03:25;Buy;0.04;XAUUSD;5 112.53;5 116.05;5 124.73;2026.01.27 22:06:18;5 116.11;-0.82;;14.32;[sl]
2026.01.27 22:03:25;Buy;0.04;XAUUSD;5 110.65;5 008.68;5 117.68;2026.01.27 22:03:26;5 118.16;-0.82;;30.04;[tp]
2026.01.27 22:03:25;Buy;0.04;XAUUSD;5 110.65;5 056.63;5 118.63;2026.01.27 22:03:26;5 118.66;-0.82;;32.04;[tp]
2026.01.23 09:12:00;Balance;;;;;;;;;;0.18;
2026.01.22 19:22:54;Buy;0.04;XAUUSD;4 887.42;4 907.94;4 936.89;2026.01.22 21:48:33;4 907.92;-0.78;;82.00;[sl]
2026.01.22 19:22:54;Buy;0.04;XAUUSD;4 887.42;4 893.35;4 902.19;2026.01.22 19:44:39;4 897.37;-0.78;;39.80;
2026.01.22 19:22:54;Buy;0.04;XAUUSD;4 887.42;4 888.22;4 895.14;2026.01.22 19:34:23;4 895.17;-0.78;;31.00;[tp]
2026.01.22 19:22:54;Buy;0.04;XAUUSD;4 887.42;4 888.22;4 896.09;2026.01.22 19:23:26;4 888.41;-0.78;;3.96;[sl]
2026.01.21 09:35:42;Balance;;;;;;;;;;0.09;
2026.01.20 09:02:17;Balance;;;;;;;;;;0.17;
2026.01.20 06:35:36;Buy;0.04;XAUUSD;4 689.83;4 690.13;4 704.33;2026.01.20 06:54:26;4 693.45;-0.75;;14.48;
2026.01.20 06:35:35;Buy;0.04;XAUUSD;4 689.40;4 690.20;4 698.23;2026.01.20 06:43:50;4 690.18;-0.75;;3.12;[sl]
2026.01.19 01:05:00;Buy;0.04;XAUUSD;4 649.25;4 665.53;4 691.34;2026.01.19 01:40:31;4 672.28;-0.74;;92.12;
2026.01.19 01:05:00;Buy;0.04;XAUUSD;4 649.10;4 650.96;4 656.64;2026.01.19 01:08:02;4 656.97;-0.74;;31.48;[tp]
2026.01.19 01:05:00;Buy;0.04;XAUUSD;4 649.10;4 643.30;4 650.54;2026.01.19 01:05:35;4 651.32;-0.74;;8.88;[tp]
2026.01.19 01:05:00;Buy;0.04;XAUUSD;4 649.10;4 540.59;4 649.59;2026.01.19 01:05:17;4 649.59;-0.74;;1.96;[tp]
2026.01.17 08:47:53;Balance;;;;;;;;;;0.26;
2026.01.16 17:29:00;Sell;0.04;XAUUSD;4 570.68;4 570.38;4 556.31;2026.01.16 17:30:03;4 570.48;-0.73;;0.80;[sl]
2026.01.16 17:29:00;Sell;0.04;XAUUSD;4 570.68;4 569.88;4 562.81;2026.01.16 17:30:02;4 570.08;-0.73;;2.40;[sl]
2026.01.16 17:29:15;Sell;0.04;XAUUSD;4 570.48;4 569.68;4 561.46;2026.01.16 17:30:02;4 570.08;-0.73;;1.60;[sl]
2026.01.16 17:26:10;Sell;0.04;XAUUSD;4 582.02;4 577.43;4 568.00;2026.01.16 17:29:21;4 567.99;-0.73;;56.12;[tp]
2026.01.16 17:26:10;Sell;0.04;XAUUSD;4 581.90;4 683.20;4 574.50;2026.01.16 17:28:42;4 572.69;-0.73;;36.84;[tp]
2026.01.16 17:26:10;Sell;0.04;XAUUSD;4 581.82;4 635.13;4 573.15;2026.01.16 17:28:42;4 572.69;-0.73;;36.52;[tp]
2026.01.14 09:26:41;Balance;;;;;;;;;;0.04;
2026.01.13 22:22:11;Balance;;;;;;;;;;-400.00;
2026.01.13 22:17:48;Balance;;;;;;;;;;200.00;
2026.01.13 16:46:52;Buy;0.04;XAUUSD;4 628.94;4 629.74;4 637.91;2026.01.13 16:49:00;4 629.68;-0.74;;2.96;[sl]
2026.01.13 09:11:30;Balance;;;;;;;;;;0.17;
2026.01.12 02:07:25;Buy;0.04;XAUUSD;4 551.05;4 573.37;4 599.02;2026.01.12 02:50:16;4 597.11;-0.73;;184.24;
2026.01.12 02:06:55;Buy;0.04;XAUUSD;4 549.59;4 559.09;4 582.12;2026.01.12 02:23:38;4 558.96;-0.73;;37.48;[sl]
2026.01.12 02:06:54;Buy;0.04;XAUUSD;4 548.82;4 559.58;4 589.72;2026.01.12 02:23:32;4 559.27;-0.73;;41.80;[sl]
2026.01.12 02:05:40;Buy;0.04;XAUUSD;4 547.64;4 548.84;4 562.17;2026.01.12 02:18:51;4 562.19;-0.73;;58.20;[tp]
2026.01.10 08:53:04;Balance;;;;;;;;;;0.21;
2026.01.09 17:09:49;Buy;0.04;XAUUSD;4 501.13;4 503.13;4 549.11;2026.01.09 17:33:23;4 508.87;-0.72;;30.96;
2026.01.09 17:04:15;Buy;0.04;XAUUSD;4 499.39;4 505.38;4 514.41;2026.01.09 17:29:17;4 505.27;-0.72;;23.52;[sl]
2026.01.09 17:04:03;Buy;0.04;XAUUSD;4 499.22;4 501.22;4 508.31;2026.01.09 17:23:52;4 508.31;-0.72;;36.36;[tp]
2026.01.09 17:09:39;Buy;0.04;XAUUSD;4 499.23;4 500.03;4 507.36;2026.01.09 17:23:23;4 507.40;-0.72;;32.68;[tp]
2026.01.09 17:04:03;Buy;0.04;XAUUSD;4 499.22;4 500.02;4 507.36;2026.01.09 17:23:23;4 507.40;-0.72;;32.72;[tp]
2026.01.01 08:16:11;Balance;;;;;;;;;;0.12;
2025.12.31 07:50:44;Sell;0.03;XAUUSD;4 301.83;4 298.62;4 252.74;2025.12.31 08:11:38;4 300.16;-0.52;;5.01;[sl]
2025.12.31 07:50:44;Sell;0.03;XAUUSD;4 301.83;4 301.53;4 287.69;2025.12.31 07:53:13;4 280.87;-0.52;;62.88;[tp]
2025.12.31 07:50:44;Sell;0.03;XAUUSD;4 301.77;4 300.97;4 292.84;2025.12.31 07:53:03;4 292.11;-0.52;;28.98;[tp]
2025.12.31 07:50:44;Sell;0.03;XAUUSD;4 301.83;4 301.03;4 294.19;2025.12.31 07:53:02;4 293.69;-0.52;;24.42;[tp]
2025.12.30 09:08:43;Balance;;;;;;;;;;0.06;
2025.12.29 17:22:03;Sell;0.03;XAUUSD;4 306.92;4 407.97;4 331.18;2025.12.29 17:38:08;4 331.13;-0.52;;-72.63;[tp]
2025.12.29 17:22:03;Sell;0.03;XAUUSD;4 306.92;4 329.48;4 295.80;2025.12.29 17:35:18;4 330.08;-0.52;;-69.48;[sl]
2025.12.27 08:03:12;Balance;;;;;;;;;;0.03;
2025.12.26 15:40:27;Buy;0.03;XAUUSD;4 524.80;4 525.60;4 533.72;2025.12.26 16:30:37;4 525.18;-0.54;;1.14;[sl]
2025.12.23 09:24:22;Balance;;;;;;;;;;0.15;
2025.12.22 03:40:01;Buy;0.03;XAUUSD;4 380.41;4 404.77;4 420.93;2025.12.22 07:37:10;4 403.71;-0.53;;69.90;[sl]
2025.12.22 03:40:01;Buy;0.03;XAUUSD;4 379.52;4 380.72;4 393.38;2025.12.22 05:45:41;4 393.40;-0.53;;41.64;[tp]
2025.12.22 03:38:39;Buy;0.03;XAUUSD;4 374.27;4 379.72;4 388.35;2025.12.22 04:07:36;4 379.96;-0.52;;17.07;[sl]
2025.12.22 03:38:33;Buy;0.03;XAUUSD;4 373.22;4 374.02;4 382.25;2025.12.22 03:40:04;4 382.32;-0.52;;27.30;[tp]
2025.12.22 03:38:34;Buy;0.03;XAUUSD;4 373.32;4 374.12;4 381.30;2025.12.22 03:40:04;4 381.53;-0.52;;24.63;[tp]
2025.12.19 09:39:32;Balance;;;;;;;;;;0.28;
2025.12.18 18:11:21;Buy;0.03;XAUUSD;4 353.38;4 359.34;4 402.25;2025.12.18 18:53:12;4 359.27;-0.52;;17.67;[sl]
2025.12.18 18:11:18;Buy;0.03;XAUUSD;4 352.47;4 369.14;4 385.35;2025.12.18 18:22:21;4 368.96;-0.52;;49.47;[sl]
2025.12.18 18:11:20;Buy;0.03;XAUUSD;4 352.70;4 361.63;4 367.55;2025.12.18 18:14:42;4 361.50;-0.52;;26.40;[sl]
2025.12.18 18:11:18;Buy;0.03;XAUUSD;4 352.41;4 361.58;4 392.95;2025.12.18 18:14:42;4 361.49;-0.52;;27.24;[sl]
2025.12.18 18:10:23;Buy;0.03;XAUUSD;4 351.38;4 352.58;4 365.40;2025.12.18 18:13:45;4 365.49;-0.52;;42.33;[tp]
2025.12.18 18:10:17;Buy;0.03;XAUUSD;4 348.69;4 356.91;4 363.21;2025.12.18 18:13:09;4 363.27;-0.52;;43.74;[tp]
2025.12.18 18:11:19;Buy;0.03;XAUUSD;4 352.62;4 353.42;4 361.45;2025.12.18 18:12:46;4 361.61;-0.52;;26.97;[tp]
2025.12.18 18:11:19;Buy;0.03;XAUUSD;4 352.62;4 353.42;4 360.50;2025.12.18 18:12:43;4 360.62;-0.52;;24.00;[tp]
2025.12.18 18:10:15;Buy;0.03;XAUUSD;4 348.18;4 295.11;4 357.11;2025.12.18 18:11:35;4 357.25;-0.52;;27.21;[tp]
2025.12.12 09:46:09;Balance;;;;;;;;;;0.30;
2025.12.11 18:46:02;Buy;0.03;XAUUSD;4 264.32;4 271.26;4 313.30;2025.12.11 20:57:32;4 271.27;-0.51;;20.85;[sl]
2025.12.11 18:43:51;Buy;0.03;XAUUSD;4 263.43;4 273.09;4 296.40;2025.12.11 18:54:10;4 272.77;-0.51;;28.02;[sl]
2025.12.11 18:43:50;Buy;0.03;XAUUSD;4 262.56;4 273.52;4 304.00;2025.12.11 18:54:09;4 273.47;-0.51;;32.73;[sl]
2025.12.11 18:45:53;Buy;0.03;XAUUSD;4 264.15;4 273.48;4 278.60;2025.12.11 18:52:13;4 278.62;-0.51;;43.41;[tp]
2025.12.11 18:45:01;Buy;0.03;XAUUSD;4 262.07;4 263.27;4 276.45;2025.12.11 18:51:20;4 276.55;-0.51;;43.44;[tp]
2025.12.11 18:43:50;Buy;0.03;XAUUSD;4 262.79;4 263.99;4 276.45;2025.12.11 18:51:20;4 276.55;-0.51;;41.28;[tp]
2025.12.11 17:50:06;Buy;0.03;XAUUSD;4 258.44;4 265.69;4 272.85;2025.12.11 18:48:21;4 272.99;-0.51;;43.65;[tp]
2025.12.11 17:50:04;Buy;0.03;XAUUSD;4 257.83;4 258.63;4 265.80;2025.12.11 18:23:56;4 258.32;-0.51;;1.47;[sl]
2025.12.11 17:50:07;Buy;0.03;XAUUSD;4 258.55;4 250.55;4 307.55;2025.12.11 17:58:26;4 250.44;-0.51;;-24.33;[sl]
2025.12.11 17:50:04;Buy;0.03;XAUUSD;4 257.62;4 258.42;4 266.75;2025.12.11 17:52:14;4 258.53;-0.51;;2.73;[sl]
2025.12.11 09:23:03;Balance;;;;;;;;;;0.09;
2025.12.10 22:04:14;Buy;0.03;XAUUSD;4 224.47;4 224.77;4 235.45;2025.12.10 22:10:22;4 224.74;-0.51;;0.81;[sl]
2025.12.10 22:04:14;Buy;0.03;XAUUSD;4 220.72;4 221.52;4 228.40;2025.12.10 22:08:30;4 228.60;-0.51;;23.64;[tp]
2025.12.10 22:04:14;Buy;0.03;XAUUSD;4 220.72;4 221.52;4 229.35;2025.12.10 22:06:28;4 221.17;-0.51;;1.35;[sl]
2025.12.10 09:44:21;Balance;;;;;;;;;;0.13;
2025.12.09 09:19:41;Balance;;;;;;;;;;0.04;
2025.12.09 08:09:33;Sell;0.03;XAUUSD;4 175.71;4 175.41;4 161.93;2025.12.09 08:14:01;4 175.43;-0.50;;0.84;[sl]
2025.12.09 08:09:33;Sell;0.03;XAUUSD;4 175.71;4 174.91;4 167.08;2025.12.09 08:13:41;4 174.93;-0.50;;2.34;[sl]
2025.12.09 08:09:33;Sell;0.03;XAUUSD;4 175.71;4 174.91;4 168.43;2025.12.09 08:13:41;4 174.98;-0.50;;2.19;[sl]
2025.12.08 17:15:38;Sell;0.04;XAUUSD;4 176.24;4 198.74;4 161.93;2025.12.09 05:26:15;4 198.38;-0.67;;-88.56;[sl]
2025.12.08 17:15:38;Sell;0.04;XAUUSD;4 176.24;4 277.24;4 193.29;2025.12.08 18:41:09;4 193.19;-0.67;;-67.80;[tp]
2025.12.06 09:17:49;Balance;;;;;;;;;;0.12;
2025.12.05 16:47:28;Buy;0.04;XAUUSD;4 241.16;4 241.46;4 255.59;2025.12.05 16:56:20;4 241.44;-0.68;;1.12;[sl]
2025.12.05 16:47:25;Buy;0.04;XAUUSD;4 240.52;4 241.32;4 249.49;2025.12.05 16:51:28;4 241.24;-0.68;;2.88;[sl]
2025.12.05 16:47:25;Buy;0.04;XAUUSD;4 240.54;4 241.34;4 248.54;2025.12.05 16:51:28;4 241.26;-0.68;;2.88;[sl]
2025.12.02 10:25:33;Balance;;;;;;;;;;0.09;
2025.12.01 03:39:35;Buy;0.03;XAUUSD;4 243.84;4 244.84;4 284.72;2025.12.01 04:20:16;4 244.50;-0.51;;1.98;[sl]
2025.12.01 03:54:58;Buy;0.03;XAUUSD;4 245.08;4 247.08;4 294.02;2025.12.01 04:11:05;4 247.03;-0.51;;5.85;[sl]
2025.12.01 03:53:56;Buy;0.03;XAUUSD;4 244.20;4 250.42;4 277.12;2025.12.01 04:01:25;4 250.50;-0.51;;18.90;[sl]
2025.11.29 08:41:30;Balance;;;;;;;;;;0.09;
2025.11.28 02:31:08;Buy;0.03;XAUUSD;4 173.06;4 181.02;4 187.57;2025.11.28 03:02:36;4 187.69;-0.50;;43.89;[tp]
2025.11.28 02:30:43;Buy;0.03;XAUUSD;4 172.75;4 119.70;4 181.47;2025.11.28 02:34:53;4 182.32;-0.50;;28.71;[tp]
2025.11.28 02:30:43;Buy;0.03;XAUUSD;4 172.75;4 071.70;4 180.52;2025.11.28 02:34:51;4 180.55;-0.50;;23.40;[tp]
2025.11.26 09:58:31;Balance;;;;;;;;;;0.09;
2025.11.25 09:38:33;Balance;;;;;;;;;;0.05;
2025.11.24 22:37:22;Buy;0.03;XAUUSD;4 132.04;4 132.34;4 146.51;2025.11.25 01:11:40;4 132.24;-0.50;-1.26;0.60;[sl]
2025.11.24 22:37:22;Buy;0.03;XAUUSD;4 132.26;4 134.26;4 181.21;2025.11.25 01:09:11;4 134.23;-0.50;-1.26;5.91;[sl]
2025.11.24 22:33:57;Buy;0.03;XAUUSD;4 130.99;4 134.72;4 140.41;2025.11.25 01:05:00;4 135.47;-0.50;-1.26;13.44;[sl]
2025.11.24 22:37:20;Buy;0.03;XAUUSD;4 131.47;4 132.27;4 139.46;2025.11.24 23:44:09;4 139.61;-0.50;;24.42;[tp]
2025.11.24 20:37:44;Buy;0.03;XAUUSD;4 102.57;4 107.88;4 115.27;2025.11.24 20:41:46;4 113.31;-0.49;;32.22;
2025.11.18 09:29:23;Balance;;;;;;;;;;0.08;
2025.11.17 21:35:24;Sell;0.03;XAUUSD;4 033.05;4 025.40;4 019.11;2025.11.17 21:43:05;4 018.90;-0.48;;42.45;[tp]
2025.11.17 21:35:24;Sell;0.03;XAUUSD;4 031.98;4 031.18;4 024.26;2025.11.17 21:42:07;4 023.84;-0.48;;24.42;[tp]
2025.11.17 21:35:24;Sell;0.03;XAUUSD;4 033.33;4 032.53;4 025.61;2025.11.17 21:42:06;4 025.56;-0.48;;23.31;[tp]
2025.11.13 09:41:03;Balance;;;;;;;;;;0.09;
2025.11.12 17:10:13;Buy;0.03;XAUUSD;4 148.20;4 153.67;4 162.64;2025.11.12 17:13:19;4 158.88;-0.50;;32.04;
2025.11.12 17:10:11;Buy;0.03;XAUUSD;4 147.60;4 148.40;4 156.54;2025.11.12 17:11:43;4 156.58;-0.50;;26.94;[tp]
2025.11.12 17:10:11;Buy;0.03;XAUUSD;4 147.60;4 148.40;4 155.59;2025.11.12 17:11:09;4 155.99;-0.50;;25.17;[tp]
2025.11.08 22:48:27;Balance;;;;;;;;;;-468.76;
2025.11.08 08:55:29;Balance;;;;;;;;;;0.11;
2025.11.07 18:35:35;Buy;0.04;XAUUSD;4 020.20;4 020.50;4 033.52;2025.11.07 18:42:35;4 020.46;-0.64;;1.04;[sl]
2025.11.07 18:35:34;Buy;0.04;XAUUSD;4 018.39;4 020.87;4 027.42;2025.11.07 18:40:25;4 027.68;-0.64;;37.16;[tp]
2025.11.07 18:35:34;Buy;0.04;XAUUSD;4 018.39;4 019.19;4 026.47;2025.11.07 18:38:36;4 026.49;-0.64;;32.40;[tp]
2025.11.05 09:30:37;Balance;;;;;;;;;;0.11;
2025.11.04 16:29:19;Sell;0.04;XAUUSD;3 957.99;3 956.40;3 949.38;2025.11.04 16:30:21;3 956.41;-0.63;;6.32;[sl]
2025.11.04 16:29:19;Sell;0.04;XAUUSD;3 957.99;4 064.88;3 955.88;2025.11.04 16:29:27;3 955.14;-0.63;;11.40;[tp]
2025.11.04 16:29:18;Sell;0.04;XAUUSD;3 958.21;4 016.53;3 954.53;2025.11.04 16:29:27;3 954.37;-0.63;;15.36;[tp]
2025.11.01 09:20:38;Balance;;;;;;;;;;0.08;
2025.10.31 00:50:27;Buy;0.03;XAUUSD;4 029.80;4 034.57;4 044.27;2025.10.31 00:55:29;4 044.45;-0.48;;43.95;[tp]
2025.10.31 00:50:08;Buy;0.03;XAUUSD;4 029.10;3 976.17;4 038.17;2025.10.31 00:50:42;4 038.21;-0.48;;27.33;[tp]
2025.10.31 00:50:19;Buy;0.03;XAUUSD;4 029.23;3 928.22;4 037.22;2025.10.31 00:50:41;4 037.84;-0.48;;25.83;[tp]
2025.10.29 09:50:41;Balance;;;;;;;;;;0.02;
2025.10.28 08:41:00;Sell;0.03;XAUUSD;3 945.30;3 921.62;3 896.42;2025.10.28 11:00:37;3 895.95;-0.47;;148.05;[tp]
2025.10.28 09:38:03;Balance;;;;;;;;;;0.14;
2025.10.27 16:07:20;Sell;0.03;XAUUSD;4 005.25;4 003.25;3 956.26;2025.10.27 16:29:05;4 003.60;-0.48;;4.95;[sl]
2025.10.27 16:07:20;Sell;0.03;XAUUSD;4 005.38;4 005.08;3 991.21;2025.10.27 16:09:23;4 004.99;-0.48;;1.17;[sl]
2025.10.27 16:07:20;Sell;0.03;XAUUSD;4 005.38;4 004.58;3 996.36;2025.10.27 16:09:20;4 004.57;-0.48;;2.43;[sl]
2025.10.27 16:07:20;Sell;0.03;XAUUSD;4 005.38;4 004.58;3 997.71;2025.10.27 16:09:20;4 004.57;-0.48;;2.43;[sl]
2025.10.27 10:53:14;Sell;0.03;XAUUSD;4 045.04;4 044.24;4 036.06;2025.10.27 10:55:17;4 030.09;-0.49;;44.85;[tp]
2025.10.22 09:36:53;Balance;;;;;;;;;;0.09;
2025.10.21 16:47:59;Sell;0.03;XAUUSD;4 187.61;4 187.31;4 173.30;2025.10.21 16:49:06;4 172.38;-0.50;;45.69;[tp]
2025.10.21 16:48:00;Sell;0.03;XAUUSD;4 186.87;4 240.45;4 178.45;2025.10.21 16:48:19;4 178.06;-0.50;;26.43;[tp]
2025.10.21 16:47:59;Sell;0.03;XAUUSD;4 187.61;4 288.80;4 179.80;2025.10.21 16:48:16;4 179.37;-0.50;;24.72;[tp]
2025.10.21 09:23:03;Balance;;;;;;;;;;0.12;
2025.10.20 22:57:23;Buy;0.03;XAUUSD;4 379.12;4 356.57;4 393.54;2025.10.20 23:02:26;4 360.25;-0.53;;-56.61;
2025.10.20 22:57:05;Buy;0.03;XAUUSD;4 378.42;4 325.44;4 387.44;2025.10.20 23:02:26;4 361.16;-0.53;;-51.78;
2025.10.20 22:57:05;Buy;0.03;XAUUSD;4 378.60;4 277.55;4 386.49;2025.10.20 23:02:25;4 361.93;-0.53;;-50.01;
2025.10.20 22:57:23;Buy;0.03;XAUUSD;4 379.33;4 371.27;4 428.24;2025.10.20 23:01:58;4 370.96;-0.53;;-25.11;[sl]
2025.10.14 09:18:02;Balance;;;;;;;;;;0.19;
2025.10.13 02:08:26;Buy;0.04;XAUUSD;4 058.21;3 957.17;4 066.14;2025.10.13 02:14:17;4 043.41;-0.65;;-59.20;
2025.10.13 02:08:27;Buy;0.04;XAUUSD;4 058.64;4 036.19;4 073.19;2025.10.13 02:14:16;4 041.37;-0.65;;-69.08;
2025.10.13 02:08:26;Buy;0.04;XAUUSD;4 058.21;4 005.17;4 067.09;2025.10.13 02:14:16;4 041.87;-0.65;;-65.36;
2025.10.13 02:08:35;Buy;0.04;XAUUSD;4 058.82;4 050.89;4 107.89;2025.10.13 02:14:03;4 050.32;-0.65;;-34.00;[sl]
2025.10.13 02:08:26;Buy;0.04;XAUUSD;4 058.21;4 051.17;4 090.99;2025.10.13 02:14:01;4 051.16;-0.65;;-28.20;[sl]
2025.09.23 08:26:16;Balance;;;;;;;;;;0.17;
2025.09.22 09:34:07;Buy;0.04;XAUUSD;3 707.04;3 709.04;3 756.04;2025.09.22 10:23:13;3 709.02;-0.59;;7.92;[sl]
2025.09.22 09:28:01;Buy;0.04;XAUUSD;3 706.15;3 714.71;3 739.14;2025.09.22 09:57:26;3 714.62;-0.59;;33.88;[sl]
2025.09.22 09:34:06;Buy;0.04;XAUUSD;3 706.93;3 715.01;3 721.34;2025.09.22 09:54:56;3 714.93;-0.59;;32.00;[sl]
2025.09.22 09:28:30;Buy;0.04;XAUUSD;3 706.16;3 708.45;3 715.24;2025.09.22 09:40:17;3 715.24;-0.59;;36.32;[tp]
2025.09.22 09:28:47;Buy;0.04;XAUUSD;3 706.29;3 707.09;3 714.29;2025.09.22 09:40:15;3 714.40;-0.59;;32.44;[tp]
2025.09.19 08:47:33;Balance;;;;;;;;;;0.10;
2025.09.18 16:45:17;Sell;0.04;XAUUSD;3 627.96;3 650.49;3 639.32;2025.09.18 22:21:19;3 643.23;-0.58;;-61.08;
2025.09.18 16:45:17;Sell;0.04;XAUUSD;3 628.00;3 729.03;3 639.32;2025.09.18 22:21:18;3 643.06;-0.58;;-60.24;
2025.09.18 16:45:17;Sell;0.04;XAUUSD;3 627.96;3 680.85;3 640.32;2025.09.18 22:21:17;3 643.07;-0.58;;-60.44;
2025.09.18 08:49:03;Balance;;;;;;;;;;0.10;
2025.09.17 21:08:55;Buy;0.04;XAUUSD;3 702.12;3 601.08;3 678.59;2025.09.17 21:33:37;3 678.62;-0.59;;-94.00;[tp]
2025.09.17 21:08:58;Buy;0.04;XAUUSD;3 702.95;3 680.37;3 717.09;2025.09.17 21:21:35;3 679.87;-0.59;;-92.32;[sl]
2025.09.17 21:08:55;Buy;0.04;XAUUSD;3 702.12;3 702.92;3 710.99;2025.09.17 21:10:14;3 702.77;-0.59;;2.60;[sl]
2025.09.17 08:37:41;Balance;;;;;;;;;;0.07;
2025.09.16 08:29:17;Balance;;;;;;;;;;0.31;
2025.09.15 18:49:45;Buy;0.04;XAUUSD;3 673.10;3 675.68;3 713.92;2025.09.16 05:46:23;3 675.68;-0.59;-1.52;10.32;[sl]
2025.09.15 18:49:32;Buy;0.04;XAUUSD;3 671.89;3 673.09;3 686.37;2025.09.16 03:57:44;3 686.43;-0.59;-1.52;58.16;[tp]
2025.09.15 18:50:02;Buy;0.04;XAUUSD;3 674.67;3 676.67;3 723.22;2025.09.15 19:46:00;3 676.61;-0.59;;7.76;[sl]
2025.09.15 18:49:45;Buy;0.04;XAUUSD;3 673.50;3 680.22;3 706.32;2025.09.15 19:38:30;3 680.19;-0.59;;26.76;[sl]
2025.09.15 18:49:57;Buy;0.04;XAUUSD;3 674.13;3 680.71;3 688.52;2025.09.15 19:38:04;3 680.65;-0.59;;26.08;[sl]
2025.09.15 18:49:45;Buy;0.04;XAUUSD;3 673.53;3 677.20;3 682.42;2025.09.15 19:20:42;3 682.42;-0.59;;35.56;[tp]
2025.09.15 18:49:45;Buy;0.04;XAUUSD;3 673.53;3 674.33;3 681.47;2025.09.15 18:58:02;3 681.47;-0.59;;31.76;[tp]
2025.09.15 16:35:45;Buy;0.04;XAUUSD;3 656.22;3 656.52;3 670.57;2025.09.15 16:59:32;3 656.48;-0.58;;1.04;[sl]
2025.09.15 16:34:46;Buy;0.04;XAUUSD;3 655.68;3 658.64;3 664.47;2025.09.15 16:56:31;3 658.55;-0.58;;11.48;[sl]
2025.09.15 16:35:31;Buy;0.04;XAUUSD;3 655.58;3 656.38;3 663.52;2025.09.15 16:41:22;3 663.55;-0.58;;31.88;[tp]
2025.09.15 16:34:46;Buy;0.04;XAUUSD;3 655.68;3 656.48;3 663.52;2025.09.15 16:41:22;3 663.55;-0.58;;31.48;[tp]
2025.09.12 08:28:52;Balance;;;;;;;;;;0.10;
2025.09.11 12:14:10;Sell;0.04;XAUUSD;3 619.45;3 619.15;3 605.17;2025.09.11 12:18:37;3 619.28;-0.58;;0.68;[sl]
2025.09.11 12:14:10;Sell;0.04;XAUUSD;3 619.45;3 618.65;3 611.67;2025.09.11 12:18:31;3 618.73;-0.58;;2.88;[sl]
2025.09.11 12:14:12;Sell;0.04;XAUUSD;3 619.23;3 618.43;3 610.32;2025.09.11 12:18:26;3 618.47;-0.58;;3.04;[sl]
2025.09.06 08:30:51;Balance;;;;;;;;;;0.13;
2025.09.05 15:32:00;Buy;0.04;XAUUSD;3 577.79;3 578.09;3 592.42;2025.09.05 15:42:14;3 578.15;-0.57;;1.44;[sl]
2025.09.05 15:32:20;Buy;0.04;XAUUSD;3 577.98;3 579.98;3 627.12;2025.09.05 15:42:02;3 580.02;-0.57;;8.16;[sl]
2025.09.05 15:31:49;Buy;0.04;XAUUSD;3 577.09;3 579.77;3 586.32;2025.09.05 15:40:56;3 586.36;-0.57;;37.08;[tp]
2025.09.05 15:31:58;Buy;0.04;XAUUSD;3 577.58;3 578.38;3 585.37;2025.09.05 15:39:21;3 585.43;-0.57;;31.40;[tp]
2025.09.02 08:28:09;Balance;;;;;;;;;;0.13;
2025.09.02 01:08:12;Balance;;;;;;;;;;-200.00;
2025.08.29 22:47:38;Buy;0.04;XAUUSD;3 449.99;3 451.19;3 464.49;2025.09.01 05:07:16;3 464.54;-0.55;-1.52;58.20;[tp]
2025.08.29 20:19:34;Buy;0.04;XAUUSD;3 450.11;3 451.31;3 464.49;2025.09.01 05:07:16;3 464.54;-0.55;-1.52;57.72;[tp]
2025.08.29 20:02:19;Buy;0.04;XAUUSD;3 449.90;3 451.10;3 464.49;2025.09.01 05:07:16;3 464.54;-0.55;-1.52;58.56;[tp]
2025.08.29 22:50:40;Buy;0.04;XAUUSD;3 451.03;3 441.04;3 492.04;2025.09.01 04:08:32;3 440.72;-0.55;-1.52;-41.24;[sl]
2025.08.30 08:26:21;Balance;;;;;;;;;;0.09;
2025.08.29 17:14:14;Buy;0.04;XAUUSD;3 437.21;3 449.26;3 478.13;2025.08.29 23:02:31;3 449.25;-0.55;;48.16;[sl]
2025.08.29 17:15:32;Buy;0.04;XAUUSD;3 436.13;3 437.33;3 450.58;2025.08.29 22:49:20;3 450.66;-0.55;;58.12;[tp]
2025.08.29 17:13:34;Buy;0.04;XAUUSD;3 436.23;3 437.43;3 450.58;2025.08.29 22:49:20;3 450.66;-0.55;;57.72;[tp]
2025.08.29 08:25:41;Balance;;;;;;;;;;0.09;
2025.08.28 16:42:57;Buy;0.04;XAUUSD;3 407.66;3 408.29;3 440.62;2025.08.28 18:20:05;3 408.28;-0.55;;2.48;[sl]
2025.08.28 15:07:51;Buy;0.04;XAUUSD;3 407.68;3 400.68;3 440.62;2025.08.28 15:49:01;3 400.49;-0.55;;-28.76;[sl]
2025.08.28 14:33:15;Buy;0.04;XAUUSD;3 407.63;3 400.63;3 440.62;2025.08.28 15:49:01;3 400.49;-0.55;;-28.56;[sl]
2025.08.27 08:36:04;Balance;;;;;;;;;;0.09;
2025.08.26 03:22:49;Buy;0.04;XAUUSD;3 378.31;3 378.61;3 392.77;2025.08.26 04:06:14;3 378.59;-0.54;;1.12;[sl]
2025.08.26 03:22:45;Buy;0.04;XAUUSD;3 378.02;3 378.82;3 385.72;2025.08.26 03:40:08;3 378.76;-0.54;;2.96;[sl]
2025.08.26 03:22:45;Buy;0.04;XAUUSD;3 377.92;3 378.72;3 386.67;2025.08.26 03:40:08;3 378.72;-0.54;;3.20;[sl]
2025.08.23 08:18:48;Balance;;;;;;;;;;0.38;
2025.08.22 18:00:00;Buy;0.03;XAUUSD;3 374.06;3 361.34;;2025.08.22 21:41:15;3 372.78;-0.40;;-3.84;
2025.08.22 17:02:38;Buy;0.03;XAUUSD;3 351.54;3 365.52;3 400.70;2025.08.22 21:41:14;3 372.78;-0.40;;63.72;
2025.08.22 18:52:00;Buy;0.06;XAUUSD;3 368.18;3 354.72;;2025.08.22 19:12:00;3 373.76;-0.81;;33.48;
2025.08.22 17:47:46;Buy;0.03;XAUUSD;3 375.55;3 367.51;3 423.70;2025.08.22 18:59:43;3 367.50;-0.41;;-24.15;[sl]
2025.08.22 17:47:46;Buy;0.03;XAUUSD;3 374.53;3 374.83;3 389.00;2025.08.22 18:43:09;3 374.77;-0.40;;0.72;[sl]
2025.08.22 17:35:45;Buy;0.03;XAUUSD;3 373.97;3 374.77;3 381.95;2025.08.22 18:19:14;3 374.75;-0.40;;2.34;[sl]
2025.08.22 17:10:02;Buy;0.03;XAUUSD;3 358.13;3 366.27;3 372.34;2025.08.22 17:31:35;3 372.36;-0.40;;42.69;[tp]
2025.08.22 17:10:02;Buy;0.03;XAUUSD;3 357.25;3 358.05;3 365.29;2025.08.22 17:19:17;3 365.30;-0.40;;24.15;[tp]
2025.08.22 17:10:02;Buy;0.03;XAUUSD;3 357.25;3 358.05;3 366.24;2025.08.22 17:11:38;3 357.74;-0.40;;1.47;[sl]
2025.08.22 17:02:33;Buy;0.03;XAUUSD;3 350.95;3 351.75;3 358.95;2025.08.22 17:08:37;3 351.63;-0.40;;2.04;[sl]
2025.08.22 17:02:38;Buy;0.03;XAUUSD;3 351.66;3 351.96;3 366.00;2025.08.22 17:08:36;3 351.86;-0.40;;0.60;[sl]
2025.08.22 17:02:32;Buy;0.03;XAUUSD;3 350.53;3 351.33;3 359.90;2025.08.22 17:04:11;3 351.11;-0.40;;1.74;[sl]
2025.08.22 08:14:58;Balance;;;;;;;;;;0.02;
2025.08.22 06:04:00;Buy;0.06;XAUUSD;3 332.54;3 331.89;;2025.08.22 06:56:46;3 331.89;-0.80;;-3.90;[sl]
2025.08.21 20:45:14;Buy;0.03;XAUUSD;3 338.14;3 331.89;;2025.08.22 06:56:46;3 331.89;-0.40;-1.14;-18.75;[sl]
2025.08.21 08:18:57;Balance;;;;;;;;;;0.16;
2025.08.20 21:30:00;Buy;0.03;XAUUSD;3 344.29;3 330.82;;2025.08.21 01:05:00;3 351.01;-0.40;-3.42;20.16;
2025.08.20 18:51:00;Buy;0.03;XAUUSD;3 339.77;3 326.28;;2025.08.20 19:18:00;3 345.77;-0.40;;18.00;
2025.08.20 07:21:01;Sell;0.03;XAUUSD;3 319.22;3 342.23;3 311.23;2025.08.20 15:50:45;3 342.18;-0.40;;-68.88;[sl]
2025.08.20 08:19:09;Balance;;;;;;;;;;0.07;
2025.08.19 19:15:00;Buy;0.03;XAUUSD;3 321.05;3 314.90;;2025.08.20 07:20:22;3 319.21;-0.40;-1.14;-5.52;
2025.08.19 17:47:03;Sell;0.03;XAUUSD;3 324.21;3 322.21;3 275.64;2025.08.20 07:20:19;3 319.25;-0.40;;14.88;
2025.08.19 23:16:02;Buy;0.06;XAUUSD;3 315.23;3 314.90;;2025.08.20 07:20:17;3 319.25;-0.80;-2.28;24.12;
2025.08.20 07:16:00;Sell;0.03;XAUUSD;3 318.83;3 341.88;3 310.88;2025.08.20 07:20:15;3 319.34;-0.40;;-1.53;
2025.08.19 17:47:03;Sell;0.03;XAUUSD;3 324.21;3 320.10;3 310.59;2025.08.19 21:49:31;3 320.14;-0.40;;12.21;[sl]
2025.08.19 17:47:03;Sell;0.03;XAUUSD;3 324.21;3 323.41;3 317.09;2025.08.19 20:00:28;3 317.08;-0.40;;21.39;[tp]
2025.08.19 17:47:03;Sell;0.03;XAUUSD;3 323.57;3 322.77;3 315.74;2025.08.19 19:17:00;3 322.77;-0.40;;2.40;[sl]
2025.08.19 08:16:48;Balance;;;;;;;;;;0.07;
2025.08.18 02:12:10;Sell;0.03;XAUUSD;3 331.06;3 330.76;3 316.83;2025.08.18 03:06:05;3 330.76;-0.40;;0.90;[sl]
2025.08.18 02:12:10;Sell;0.03;XAUUSD;3 331.00;3 330.20;3 323.33;2025.08.18 03:05:57;3 330.27;-0.40;;2.19;[sl]
2025.08.18 02:12:11;Sell;0.03;XAUUSD;3 330.84;3 329.43;3 321.98;2025.08.18 02:28:37;3 329.44;-0.40;;4.20;[sl]
2025.08.16 08:05:50;Balance;;;;;;;;;;0.04;
2025.08.15 06:00:00;Sell;0.03;XAUUSD;3 340.72;3 343.22;3 332.75;2025.08.15 13:42:02;3 338.41;-0.40;;6.93;
2025.08.15 08:38:57;Balance;;;;;;;;;;0.02;
2025.08.14 23:15:00;Buy;0.03;XAUUSD;3 335.26;3 337.46;;2025.08.15 06:01:00;3 340.93;-0.40;-1.14;17.01;
2025.08.14 08:16:59;Balance;;;;;;;;;;0.04;
2025.08.13 18:30:01;Buy;0.03;XAUUSD;3 355.98;3 342.50;;2025.08.14 02:38:01;3 362.07;-0.40;-3.42;18.27;
2025.08.13 21:27:00;Buy;0.06;XAUUSD;3 350.45;3 336.91;;2025.08.13 22:24:01;3 356.13;-0.80;;34.08;
2025.08.13 08:27:33;Balance;;;;;;;;;;0.14;
2025.08.12 22:16:00;Buy;0.03;XAUUSD;3 346.30;3 323.23;3 354.23;2025.08.12 22:35:00;3 348.55;-0.40;;6.75;
2025.08.12 08:21:08;Balance;;;;;;;;;;0.24;
2025.08.11 22:21:00;Buy;0.06;XAUUSD;3 351.95;3 351.62;;2025.08.12 06:21:48;3 351.61;-0.80;-2.28;-2.04;[sl]
2025.08.12 03:45:00;Sell;0.03;XAUUSD;3 354.83;3 357.33;3 347.02;2025.08.12 04:24:00;3 352.28;-0.40;;7.65;
2025.08.11 23:46:00;Buy;0.06;XAUUSD;3 344.10;3 331.18;;2025.08.12 03:30:00;3 350.75;-0.80;-2.28;39.90;
2025.08.11 21:00:00;Buy;0.03;XAUUSD;3 357.73;3 344.40;;2025.08.11 23:45:31;3 344.17;-0.40;;-40.68;[sl]
2025.08.11 04:08:00;Buy;0.06;XAUUSD;3 374.73;3 376.08;;2025.08.11 06:34:37;3 376.07;-0.81;;8.04;[sl]
2025.08.11 03:48:00;Buy;0.06;XAUUSD;3 382.77;3 368.57;;2025.08.11 04:11:05;3 368.39;-0.81;;-86.28;[sl]
2025.08.11 03:02:00;Buy;0.06;XAUUSD;3 388.52;3 374.57;;2025.08.11 04:07:55;3 374.48;-0.81;;-84.24;[sl]
2025.08.08 21:17:00;Buy;0.06;XAUUSD;3 395.04;3 383.63;;2025.08.11 03:44:36;3 383.48;-0.81;-2.28;-69.36;[sl]
2025.08.08 21:12:00;Buy;0.03;XAUUSD;3 402.72;3 389.56;;2025.08.11 03:01:25;3 389.53;-0.41;-1.14;-39.57;[sl]
2025.08.09 08:21:12;Balance;;;;;;;;;;0.04;
2025.08.08 17:30:00;Buy;0.03;XAUUSD;3 383.30;3 369.09;;2025.08.08 17:55:00;3 389.24;-0.41;;17.82;
2025.08.08 08:32:20;Balance;;;;;;;;;;0.02;
2025.08.07 22:38:00;Buy;0.03;XAUUSD;3 398.24;3 384.83;;2025.08.08 01:06:00;3 404.12;-0.41;-1.14;17.64;
2025.08.07 08:13:57;Balance;;;;;;;;;;0.02;
2025.08.06 23:30:00;Buy;0.03;XAUUSD;3 368.86;3 355.35;;2025.08.07 04:13:00;3 374.87;-0.40;-3.42;18.03;
2025.08.06 08:16:29;Balance;;;;;;;;;;0.02;
2025.08.06 04:15:00;Buy;0.03;XAUUSD;3 378.10;3 375.60;3 386.26;2025.08.06 04:41:02;3 381.09;-0.41;;8.97;
2025.08.05 06:00:00;Buy;0.03;XAUUSD;3 373.79;3 350.63;3 381.63;2025.08.05 14:34:06;3 350.35;-0.40;;-70.32;[sl]
2025.08.05 08:14:04;Balance;;;;;;;;;;0.21;
2025.08.04 20:00:00;Buy;0.03;XAUUSD;3 371.07;3 357.98;;2025.08.04 21:22:01;3 376.71;-0.40;;16.92;
2025.08.04 18:32:00;Buy;0.03;XAUUSD;3 371.12;3 357.67;;2025.08.04 19:12:00;3 377.29;-0.40;;18.51;
2025.08.04 10:31:01;Buy;0.03;XAUUSD;3 352.14;3 349.64;3 360.69;2025.08.04 10:37:00;3 355.75;-0.40;;10.83;
2025.08.04 02:21:00;Buy;0.06;XAUUSD;3 355.25;3 357.20;;2025.08.04 07:04:03;3 360.94;-0.81;;34.14;
2025.08.04 04:21:00;Buy;0.06;XAUUSD;3 348.93;3 335.19;;2025.08.04 05:27:00;3 355.26;-0.80;;37.98;
2025.08.04 04:20:00;Buy;0.03;XAUUSD;3 349.72;3 347.22;3 357.88;2025.08.04 04:58:00;3 352.68;-0.40;;8.88;
2025.08.01 23:47:00;Buy;0.03;XAUUSD;3 362.48;3 349.00;;2025.08.04 04:20:53;3 348.92;-0.40;-1.14;-40.68;[sl]
2025.08.02 10:14:17;Balance;;;;;;;;;;0.45;
2025.08.01 22:34:00;Buy;0.03;XAUUSD;3 357.23;3 343.89;;2025.08.01 23:46:00;3 362.92;-0.40;;17.07;
2025.08.01 16:18:00;Buy;0.03;XAUUSD;3 350.84;3 337.46;;2025.08.01 22:33:00;3 357.24;-0.40;;19.20;
2025.08.01 19:07:00;Buy;0.06;XAUUSD;3 345.18;3 331.61;;2025.08.01 21:43:00;3 351.06;-0.80;;35.28;
2025.08.01 17:31:00;Buy;0.06;XAUUSD;3 344.31;3 330.88;;2025.08.01 18:11:00;3 350.51;-0.80;;37.20;
2025.08.01 17:05:00;Buy;0.06;XAUUSD;3 344.64;3 331.65;;2025.08.01 17:13:00;3 350.78;-0.80;;36.84;
2025.08.01 16:38:00;Buy;0.06;XAUUSD;3 343.66;3 331.75;;2025.08.01 17:01:00;3 350.35;-0.80;;40.14;
2025.08.01 16:12:00;Buy;0.03;XAUUSD;3 347.45;3 334.18;;2025.08.01 16:17:00;3 353.72;-0.40;;18.81;
2025.08.01 16:00:00;Buy;0.03;XAUUSD;3 341.54;3 328.08;;2025.08.01 16:11:00;3 347.77;-0.40;;18.69;
2025.08.01 10:38:13;Balance;;;;;;;;;;0.11;
2025.08.01 03:00:00;Buy;0.06;XAUUSD;3 288.59;3 291.13;;2025.08.01 06:11:00;3 294.63;-0.79;;36.24;
2025.08.01 04:58:01;Buy;0.06;XAUUSD;3 282.40;3 268.80;;2025.08.01 05:03:00;3 288.56;-0.79;;36.96;
2025.07.31 17:31:00;Buy;0.06;XAUUSD;3 294.86;3 281.76;;2025.08.01 04:57:28;3 281.76;-0.79;-2.28;-78.60;[sl]
2025.07.31 17:00:00;Buy;0.03;XAUUSD;3 301.33;3 288.23;;2025.08.01 02:59:03;3 288.17;-0.40;-1.14;-39.48;[sl]
2025.07.31 11:21:59;Balance;;;;;;;;;;0.64;
2025.07.31 08:00:00;Sell;0.03;XAUUSD;3 298.23;3 321.25;3 290.25;2025.07.31 08:21:00;3 296.17;-0.40;;6.18;
2025.07.31 06:00:00;Sell;0.03;XAUUSD;3 297.43;3 320.37;3 289.37;2025.07.31 06:10:00;3 295.47;-0.40;;5.88;
2025.07.31 05:00:00;Sell;0.03;XAUUSD;3 293.96;3 296.46;3 286.30;2025.07.31 05:42:00;3 290.95;-0.40;;9.03;
2025.07.30 22:15:01;Buy;0.06;XAUUSD;3 275.45;3 261.74;;2025.07.31 02:40:00;3 281.71;-0.79;-6.84;37.56;
2025.07.30 23:30:00;Buy;0.06;XAUUSD;3 269.63;3 256.23;;2025.07.30 23:44:00;3 275.42;-0.78;;34.74;
2025.07.30 22:59:00;Buy;0.06;XAUUSD;3 268.87;3 255.48;;2025.07.30 23:06:00;3 275.03;-0.78;;36.96;
2025.07.30 22:38:00;Buy;0.06;XAUUSD;3 269.13;3 255.59;;2025.07.30 22:42:00;3 275.30;-0.78;;37.02;
2025.07.30 21:53:00;Buy;0.06;XAUUSD;3 282.16;3 268.71;;2025.07.30 22:37:18;3 268.73;-0.79;;-80.58;[sl]
2025.07.30 22:08:00;Buy;0.06;XAUUSD;3 275.85;3 262.76;;2025.07.30 22:12:00;3 282.55;-0.79;;40.20;
2025.07.30 21:40:00;Buy;0.06;XAUUSD;3 289.85;3 277.56;;2025.07.30 22:01:25;3 277.46;-0.79;;-74.34;[sl]
2025.07.30 21:31:00;Buy;0.06;XAUUSD;3 295.46;3 282.11;;2025.07.30 21:52:55;3 282.10;-0.79;;-80.16;[sl]
2025.07.30 21:50:07;Sell;0.03;XAUUSD;3 283.74;3 291.77;3 234.77;2025.07.30 21:50:08;3 283.79;-0.39;;-0.15;
2025.07.30 21:00:01;Buy;0.03;XAUUSD;3 301.53;3 289.27;;2025.07.30 21:39:47;3 289.11;-0.40;;-37.26;[sl]
2025.07.30 16:31:39;Sell;0.03;XAUUSD;3 302.62;3 300.62;3 253.85;2025.07.30 20:46:03;3 300.72;-0.40;;5.70;[sl]
2025.07.30 16:31:38;Sell;0.03;XAUUSD;3 303.05;3 302.75;3 288.80;2025.07.30 16:59:47;3 302.76;-0.40;;0.87;[sl]
2025.07.30 16:41:24;Sell;0.03;XAUUSD;3 303.22;3 302.42;3 295.30;2025.07.30 16:59:40;3 302.43;-0.40;;2.37;[sl]
2025.07.30 16:37:02;Sell;0.03;XAUUSD;3 303.24;3 302.44;3 295.30;2025.07.30 16:59:40;3 302.47;-0.40;;2.31;[sl]
2025.07.30 16:31:39;Sell;0.03;XAUUSD;3 303.05;3 302.25;3 295.30;2025.07.30 16:59:38;3 302.28;-0.40;;2.31;[sl]
2025.07.30 16:31:39;Sell;0.03;XAUUSD;3 302.62;3 301.82;3 293.95;2025.07.30 16:59:17;3 301.96;-0.40;;1.98;[sl]
2025.07.30 10:38:57;Balance;;;;;;;;;;0.04;
2025.07.29 21:19:00;Buy;0.03;XAUUSD;3 330.65;3 326.08;;2025.07.30 07:56:58;3 326.01;-0.40;-1.14;-13.92;[sl]
2025.07.30 04:40:00;Buy;0.06;XAUUSD;3 324.79;3 311.33;;2025.07.30 05:56:00;3 330.98;-0.80;;37.14;
2025.07.29 22:41:00;Buy;0.06;XAUUSD;3 323.99;3 311.05;;2025.07.30 03:32:00;3 330.35;-0.80;-2.28;38.16;
2025.07.29 09:15:00;Sell;0.03;XAUUSD;3 319.96;3 343.08;3 312.08;2025.07.29 09:37:00;3 317.99;-0.40;;5.91;
2025.07.29 08:28:38;Balance;;;;;;;;;;0.14;
2025.07.29 01:15:00;Buy;0.03;XAUUSD;3 312.65;3 299.06;;2025.07.29 04:42:00;3 319.06;-0.40;;19.23;
2025.07.28 16:53:39;Sell;0.03;XAUUSD;3 311.00;3 309.00;3 261.94;2025.07.28 17:02:36;3 308.74;-0.40;;6.78;[sl]
2025.07.28 06:45:00;Sell;0.03;XAUUSD;3 339.12;3 362.13;3 331.13;2025.07.28 09:39:00;3 336.75;-0.40;;7.11;
2025.07.25 21:07:00;Buy;0.03;XAUUSD;3 337.09;3 338.90;;2025.07.28 07:00:00;3 343.19;-0.40;-1.14;18.30;
2025.07.28 01:35:02;Buy;0.06;XAUUSD;3 331.44;3 333.57;;2025.07.28 06:08:01;3 337.03;-0.80;;33.54;
2025.07.25 21:47:00;Sell;0.03;XAUUSD;3 338.91;3 361.85;3 330.85;2025.07.28 01:05:00;3 329.26;-0.40;;28.95;[tp]
2025.07.26 08:18:59;Balance;;;;;;;;;;0.07;
2025.07.25 08:16:42;Balance;;;;;;;;;;0.17;
2025.07.25 05:48:02;Buy;0.06;XAUUSD;3 363.33;3 359.88;;2025.07.25 06:57:53;3 359.59;-0.81;;-22.44;[sl]
2025.07.24 23:38:06;Buy;0.03;XAUUSD;3 369.07;3 359.88;;2025.07.25 06:57:53;3 359.59;-0.40;-1.14;-28.44;[sl]
2025.07.24 08:28:55;Balance;;;;;;;;;;0.19;
2025.07.24 05:44:01;Buy;0.06;XAUUSD;3 384.20;3 380.41;;2025.07.24 06:03:10;3 380.40;-0.81;;-22.80;[sl]
2025.07.23 22:45:00;Buy;0.06;XAUUSD;3 389.82;3 380.41;;2025.07.24 06:03:10;3 380.40;-0.81;-6.84;-56.52;[sl]
2025.07.24 05:13:00;Buy;0.06;XAUUSD;3 381.80;3 368.41;;2025.07.24 05:25:00;3 387.97;-0.81;;37.02;
2025.07.23 21:20:01;Buy;0.03;XAUUSD;3 395.42;3 382.02;;2025.07.24 05:12:48;3 381.99;-0.41;-3.42;-40.29;[sl]
2025.07.23 19:02:00;Buy;0.06;XAUUSD;3 389.03;3 374.64;;2025.07.23 21:19:00;3 394.67;-0.81;;33.84;
2025.07.23 19:22:00;Buy;0.06;XAUUSD;3 381.86;3 368.88;;2025.07.23 19:37:00;3 387.40;-0.81;;33.24;
2025.07.23 18:58:00;Buy;0.06;XAUUSD;3 400.07;3 385.77;;2025.07.23 19:03:44;3 385.69;-0.82;;-86.28;[sl]
2025.07.23 18:55:04;Buy;0.03;XAUUSD;3 406.84;3 392.99;;2025.07.23 19:01:15;3 392.98;-0.41;;-41.58;[sl]
2025.07.23 08:45:00;Buy;0.03;XAUUSD;3 418.14;3 415.64;3 426.34;2025.07.23 09:02:01;3 421.10;-0.41;;8.88;
2025.07.23 08:23:28;Balance;;;;;;;;;;0.07;
2025.07.22 10:01:00;Buy;0.03;XAUUSD;3 384.70;3 361.84;3 392.84;2025.07.22 11:01:00;3 386.81;-0.41;;6.33;
2025.07.22 08:15:25;Balance;;;;;;;;;;0.17;
2025.07.22 05:00:00;Buy;0.03;XAUUSD;3 386.04;3 383.54;3 393.99;2025.07.22 05:15:00;3 389.27;-0.41;;9.69;
2025.07.21 15:11:02;Buy;0.03;XAUUSD;3 377.13;3 388.47;3 426.19;2025.07.22 04:41:43;3 388.47;-0.41;-1.14;34.02;[sl]
2025.07.21 20:30:00;Buy;0.03;XAUUSD;3 392.44;3 378.85;;2025.07.21 22:17:00;3 397.98;-0.41;;16.62;
2025.07.21 15:00:50;Buy;0.02;XAUUSD;3 376.37;3 384.24;3 409.29;2025.07.21 16:32:56;3 384.18;-0.27;;15.62;[sl]
2025.07.21 15:18:38;Buy;0.02;XAUUSD;3 377.05;3 384.74;3 391.49;2025.07.21 16:32:38;3 384.78;-0.27;;15.46;[sl]
2025.07.21 15:02:12;Buy;0.02;XAUUSD;3 376.99;3 384.74;3 391.49;2025.07.21 16:32:38;3 384.78;-0.27;;15.58;[sl]
2025.07.21 15:16:46;Buy;0.02;XAUUSD;3 376.40;3 380.27;3 385.39;2025.07.21 15:40:34;3 385.39;-0.27;;17.98;[tp]
2025.07.21 15:00:50;Buy;0.02;XAUUSD;3 376.37;3 380.27;3 385.39;2025.07.21 15:40:34;3 385.39;-0.27;;18.04;[tp]
2025.07.21 15:16:47;Buy;0.02;XAUUSD;3 376.44;3 377.24;3 384.44;2025.07.21 15:34:25;3 384.45;-0.27;;16.02;[tp]
2025.07.21 15:05:19;Buy;0.02;XAUUSD;3 376.44;3 377.24;3 384.44;2025.07.21 15:34:25;3 384.45;-0.27;;16.02;[tp]
2025.07.21 15:01:05;Buy;0.02;XAUUSD;3 376.46;3 377.26;3 384.44;2025.07.21 15:34:25;3 384.45;-0.27;;15.98;[tp]
2025.07.18 21:18:00;Buy;0.02;XAUUSD;3 350.56;3 327.50;3 358.50;2025.07.21 03:38:00;3 353.31;-0.27;-0.76;5.50;
2025.07.19 08:13:44;Balance;;;;;;;;;;0.04;
2025.07.18 19:15:01;Buy;0.02;XAUUSD;3 351.48;3 328.51;3 359.51;2025.07.18 19:22:00;3 354.27;-0.27;;5.58;
2025.07.17 17:30:00;Sell;0.03;XAUUSD;3 330.51;3 353.11;3 322.11;2025.07.18 09:03:00;3 332.46;-0.40;;-5.85;
2025.07.18 08:24:06;Balance;;;;;;;;;;0.12;
2025.07.17 20:30:22;Balance;;;;;;;;;;-5.00;
2025.07.17 08:34:26;Balance;;;;;;;;;;0.16;
2025.07.17 03:46:00;Buy;0.06;XAUUSD;3 341.95;3 338.58;;2025.07.17 06:10:09;3 338.57;-0.80;;-20.28;[sl]
2025.07.16 22:02:00;Buy;0.06;XAUUSD;3 349.49;3 338.58;;2025.07.17 06:10:09;3 338.57;-0.80;-5.22;-65.52;[sl]
2025.07.16 21:00:00;Buy;0.03;XAUUSD;3 354.97;3 341.65;;2025.07.17 03:45:25;3 341.62;-0.40;-2.61;-40.05;[sl]
2025.07.16 18:30:26;Buy;0.02;XAUUSD;3 374.85;3 352.35;3 388.94;2025.07.16 18:37:56;3 366.25;-0.27;;-17.20;
2025.07.16 18:30:24;Buy;0.03;XAUUSD;3 374.06;3 321.03;3 382.84;2025.07.16 18:37:55;3 366.48;-0.40;;-22.74;
2025.07.16 18:30:24;Buy;0.02;XAUUSD;3 374.06;3 273.06;3 381.89;2025.07.16 18:37:55;3 366.52;-0.27;;-15.08;
2025.07.16 18:30:26;Buy;0.02;XAUUSD;3 374.85;3 366.81;3 423.64;2025.07.16 18:37:54;3 366.23;-0.27;;-17.24;[sl]
2025.07.16 17:33:00;Sell;0.02;XAUUSD;3 321.34;3 374.37;3 338.81;2025.07.16 18:02:08;3 338.80;-0.27;;-34.92;[tp]
2025.07.16 07:31:00;Sell;0.03;XAUUSD;3 335.76;3 358.91;3 327.91;2025.07.16 15:29:01;3 333.76;-0.40;;6.00;
2025.07.16 03:31:00;Sell;0.03;XAUUSD;3 331.63;3 334.13;3 323.52;2025.07.16 05:13:00;3 329.07;-0.40;;7.68;
2025.07.15 21:00:00;Buy;0.03;XAUUSD;3 328.13;3 314.57;;2025.07.16 04:32:00;3 334.46;-0.40;-0.87;18.99;
2025.07.15 08:19:56;Balance;;;;;;;;;;0.09;
2025.07.14 05:15:00;Buy;0.03;XAUUSD;3 355.90;3 353.40;3 363.95;2025.07.14 05:32:00;3 357.92;-0.40;;6.06;
2025.07.11 13:27:01;Buy;0.02;XAUUSD;3 345.75;3 359.60;3 394.40;2025.07.14 04:37:37;3 359.57;-0.27;-0.58;27.64;[sl]
2025.07.11 18:07:59;Buy;0.02;XAUUSD;3 364.78;3 365.58;3 372.65;2025.07.14 01:30:41;3 365.55;-0.27;-0.58;1.54;[sl]
2025.07.11 18:12:09;Buy;0.02;XAUUSD;3 365.25;3 365.55;3 379.70;2025.07.14 01:30:41;3 365.55;-0.27;-0.58;0.60;[sl]
2025.07.11 19:31:00;Buy;0.03;XAUUSD;3 354.35;3 341.18;;2025.07.14 01:05:00;3 361.06;-0.40;-0.87;20.13;
2025.07.13 01:19:46;Balance;;;;;;;;;;-100.00;
2025.07.12 08:24:14;Balance;;;;;;;;;;0.11;
2025.07.11 20:30:00;Buy;0.03;XAUUSD;3 349.81;3 326.63;3 357.63;2025.07.11 20:40:00;3 351.85;-0.40;;6.12;
2025.07.11 18:13:25;Buy;0.02;XAUUSD;3 365.42;3 357.40;3 414.40;2025.07.11 18:51:32;3 357.28;-0.27;;-16.28;[sl]
2025.07.11 13:27:01;Buy;0.02;XAUUSD;3 345.75;3 350.63;3 359.70;2025.07.11 16:48:36;3 350.62;-0.27;;9.74;[sl]
2025.07.11 13:26:51;Buy;0.02;XAUUSD;3 344.62;3 291.60;3 353.60;2025.07.11 15:42:26;3 353.62;-0.27;;18.00;[tp]
2025.07.11 13:26:51;Buy;0.02;XAUUSD;3 344.64;3 243.65;3 352.65;2025.07.11 15:35:18;3 352.75;-0.27;;16.22;[tp]
2025.07.11 08:16:21;Balance;;;;;;;;;;0.02;
2025.07.10 22:13:00;Buy;0.03;XAUUSD;3 324.91;3 311.30;;2025.07.11 03:32:00;3 332.87;-0.40;-0.87;23.88;
2025.07.10 08:13:25;Balance;;;;;;;;;;0.23;
2025.07.10 07:00:00;Buy;0.03;XAUUSD;3 315.77;3 313.27;3 323.81;2025.07.10 07:50:00;3 319.70;-0.40;;11.79;
2025.07.09 14:00:00;Sell;0.03;XAUUSD;3 295.67;3 298.17;3 287.85;2025.07.09 14:18:00;3 292.73;-0.40;;8.82;
2025.07.09 08:25:41;Balance;;;;;;;;;;0.10;
2025.07.09 06:01:00;Buy;0.06;XAUUSD;3 287.45;3 289.66;;2025.07.09 06:15:00;3 293.16;-0.79;;34.26;
2025.07.09 05:46:00;Buy;0.06;XAUUSD;3 293.03;3 285.09;;2025.07.09 06:01:19;3 285.03;-0.79;;-48.00;[sl]
2025.07.09 04:48:00;Buy;0.06;XAUUSD;3 300.53;3 286.98;;2025.07.09 05:50:45;3 286.66;-0.79;;-83.22;[sl]
2025.07.08 21:00:00;Buy;0.03;XAUUSD;3 306.38;3 292.93;;2025.07.09 05:45:35;3 292.96;-0.40;-0.87;-40.26;[sl]
2025.07.08 23:47:01;Buy;0.06;XAUUSD;3 300.43;3 287.14;;2025.07.09 03:44:00;3 306.46;-0.79;-1.74;36.18;
2025.07.08 22:34:43;Balance;;;;;;;;;;-250.00;
2025.07.08 17:50:39;Sell;0.02;XAUUSD;3 294.54;3 302.57;3 245.61;2025.07.08 20:02:29;3 302.61;-0.26;;-16.14;[sl]
2025.07.08 17:37:23;Sell;0.02;XAUUSD;3 298.00;3 297.70;3 283.39;2025.07.08 18:31:01;3 297.79;-0.26;;0.42;[sl]
2025.07.08 17:42:19;Sell;0.02;XAUUSD;3 297.86;3 297.06;3 289.89;2025.07.08 18:11:12;3 289.80;-0.26;;16.12;[tp]
2025.07.08 17:37:23;Sell;0.02;XAUUSD;3 298.00;3 297.20;3 289.89;2025.07.08 18:11:12;3 289.80;-0.26;;16.40;[tp]
2025.07.08 17:37:24;Sell;0.02;XAUUSD;3 297.36;3 296.56;3 288.54;2025.07.08 17:52:12;3 296.68;-0.26;;1.36;[sl]
2025.07.08 08:28:38;Balance;;;;;;;;;;0.13;
2025.07.07 22:13:01;Buy;0.03;XAUUSD;3 338.19;3 324.65;;2025.07.08 01:13:00;3 344.32;-0.40;-0.87;18.39;
2025.07.07 17:09:00;Sell;0.03;XAUUSD;3 316.38;3 339.10;3 308.10;2025.07.07 22:27:55;3 339.16;-0.40;;-68.34;[sl]
2025.07.07 21:00:00;Buy;0.03;XAUUSD;3 332.09;3 318.96;;2025.07.07 22:12:02;3 337.96;-0.40;;17.61;
2025.07.07 17:00:00;Sell;0.03;XAUUSD;3 316.90;3 319.40;3 308.81;2025.07.07 17:05:00;3 314.32;-0.40;;7.74;
2025.07.07 13:45:40;Sell;0.02;XAUUSD;3 296.67;3 304.44;3 247.44;2025.07.07 14:07:38;3 304.48;-0.26;;-15.62;[sl]
2025.07.07 04:12:29;Sell;0.02;XAUUSD;3 312.59;3 312.29;3 298.59;2025.07.07 04:26:23;3 312.29;-0.27;;0.60;[sl]
2025.07.07 04:12:29;Sell;0.02;XAUUSD;3 312.59;3 311.79;3 305.09;2025.07.07 04:24:41;3 311.79;-0.27;;1.60;[sl]
2025.07.07 04:12:29;Sell;0.02;XAUUSD;3 312.59;3 311.79;3 303.74;2025.07.07 04:24:41;3 311.79;-0.27;;1.60;[sl]
2025.07.04 08:23:38;Balance;;;;;;;;;;0.16;
2025.07.03 12:30:00;Buy;0.03;XAUUSD;3 350.55;3 348.05;3 358.52;2025.07.03 13:48:00;3 353.80;-0.40;;9.75;
2025.07.03 08:24:10;Balance;;;;;;;;;;0.08;
2025.07.03 03:01:00;Buy;0.03;XAUUSD;3 348.81;3 325.70;3 356.70;2025.07.03 06:00:00;3 351.25;-0.40;;7.32;
2025.07.02 22:52:30;Buy;0.02;XAUUSD;3 357.37;3 357.67;3 371.87;2025.07.03 02:01:50;3 357.28;-0.27;-1.74;-0.18;[sl]
2025.07.02 22:08:49;Buy;0.02;XAUUSD;3 357.41;3 357.71;3 371.87;2025.07.03 02:01:50;3 357.27;-0.27;-1.74;-0.28;[sl]
2025.07.02 22:41:46;Buy;0.02;XAUUSD;3 356.82;3 357.62;3 364.82;2025.07.03 01:27:41;3 364.82;-0.27;-1.74;16.00;[tp]
2025.07.02 22:39:19;Buy;0.02;XAUUSD;3 356.82;3 357.62;3 364.82;2025.07.03 01:27:41;3 364.82;-0.27;-1.74;16.00;[tp]
2025.07.02 22:31:00;Buy;0.02;XAUUSD;3 356.81;3 357.61;3 364.82;2025.07.03 01:27:41;3 364.82;-0.27;-1.74;16.02;[tp]
2025.07.02 22:06:09;Buy;0.02;XAUUSD;3 356.83;3 357.63;3 364.82;2025.07.03 01:27:41;3 364.82;-0.27;-1.74;15.98;[tp]
2025.07.02 22:10:00;Buy;0.03;XAUUSD;3 356.50;3 342.97;;2025.07.03 01:16:00;3 362.59;-0.40;-2.61;18.27;
2025.07.02 22:30:56;Buy;0.02;XAUUSD;3 356.77;3 357.57;3 365.77;2025.07.02 23:41:57;3 357.56;-0.27;;1.58;[sl]
2025.07.02 22:06:07;Buy;0.02;XAUUSD;3 356.77;3 357.57;3 365.77;2025.07.02 23:41:57;3 357.56;-0.27;;1.58;[sl]
2025.07.02 21:12:01;Buy;0.03;XAUUSD;3 351.25;3 337.89;;2025.07.02 22:09:01;3 356.95;-0.40;;17.10;
2025.07.01 18:15:00;Buy;0.03;XAUUSD;3 342.63;3 319.62;3 350.62;2025.07.02 13:01:00;3 342.82;-0.40;-0.87;0.57;
2025.07.02 08:18:56;Balance;;;;;;;;;;0.07;
2025.07.01 08:22:03;Balance;;;;;;;;;;0.04;
2025.06.30 22:57:00;Buy;0.03;XAUUSD;3 308.46;3 294.96;;2025.07.01 03:59:00;3 314.31;-0.40;-0.87;17.55;
2025.06.30 23:53:00;Buy;0.06;XAUUSD;3 302.94;3 289.47;;2025.07.01 02:30:00;3 309.34;-0.79;-1.74;38.40;
2025.06.30 22:12:01;Buy;0.03;XAUUSD;3 302.37;3 288.82;;2025.06.30 22:56:00;3 308.21;-0.40;;17.52;
2025.06.30 21:07:00;Buy;0.03;XAUUSD;3 295.47;3 281.80;;2025.06.30 22:11:01;3 301.48;-0.40;;18.03;
2025.06.28 08:26:58;Balance;;;;;;;;;;0.16;
2025.06.27 05:38:00;Buy;0.06;XAUUSD;3 311.65;3 306.66;;2025.06.27 06:06:16;3 306.43;-0.79;;-31.32;[sl]
2025.06.27 02:34:00;Buy;0.06;XAUUSD;3 319.39;3 306.66;;2025.06.27 06:06:16;3 306.43;-0.80;;-77.76;[sl]
2025.06.27 01:05:00;Buy;0.06;XAUUSD;3 325.33;3 311.81;;2025.06.27 05:37:21;3 311.82;-0.80;;-81.06;[sl]
2025.06.26 21:00:01;Buy;0.03;XAUUSD;3 332.49;3 319.44;;2025.06.27 01:47:06;3 319.35;-0.40;-0.87;-39.42;[sl]
2025.06.26 08:22:24;Balance;;;;;;;;;;0.04;
2025.06.24 19:45:00;Sell;0.03;XAUUSD;3 317.11;3 340.17;3 309.17;2025.06.25 16:31:00;3 314.93;-0.40;-0.09;6.54;
2025.06.25 08:38:08;Balance;;;;;;;;;;0.14;
2025.06.24 22:41:00;Buy;0.03;XAUUSD;3 325.01;3 311.13;;2025.06.25 04:13:00;3 331.17;-0.40;-0.87;18.48;
2025.06.24 21:00:01;Buy;0.03;XAUUSD;3 318.20;3 305.05;;2025.06.24 22:38:00;3 323.92;-0.40;;17.16;
2025.06.24 08:50:10;Balance;;;;;;;;;;0.07;
2025.06.24 03:01:10;Sell;0.02;XAUUSD;3 341.77;3 341.47;3 327.35;2025.06.24 03:10:53;3 341.99;-0.27;;-0.44;[sl]
2025.06.24 02:56:44;Sell;0.02;XAUUSD;3 341.74;3 341.44;3 327.35;2025.06.24 03:10:53;3 341.99;-0.27;;-0.50;[sl]
2025.06.24 03:01:13;Sell;0.02;XAUUSD;3 341.44;3 339.44;3 292.40;2025.06.24 03:08:13;3 339.45;-0.27;;3.98;[sl]
2025.06.24 03:01:12;Sell;0.02;XAUUSD;3 341.45;3 338.99;3 332.50;2025.06.24 03:07:03;3 338.99;-0.27;;4.92;[sl]
2025.06.24 03:01:10;Sell;0.02;XAUUSD;3 341.77;3 340.97;3 333.85;2025.06.24 03:03:33;3 333.85;-0.27;;15.84;[tp]
2025.06.24 02:56:44;Sell;0.02;XAUUSD;3 341.70;3 340.90;3 333.85;2025.06.24 03:03:33;3 333.85;-0.27;;15.70;[tp]
2025.06.23 23:00:00;Buy;0.03;XAUUSD;3 376.34;3 353.66;3 384.66;2025.06.24 01:19:25;3 353.20;-0.41;-0.87;-69.42;[sl]
2025.06.20 17:00:00;Buy;0.03;XAUUSD;3 370.61;3 357.27;;2025.06.23 01:15:05;3 380.67;-0.40;-0.87;30.18;
2025.06.20 21:19:00;Buy;0.06;XAUUSD;3 364.98;3 351.77;;2025.06.23 01:15:00;3 380.11;-0.81;-1.74;90.78;
2025.06.21 08:24:11;Balance;;;;;;;;;;0.02;
2025.06.20 12:31:01;Sell;0.03;XAUUSD;3 356.07;3 379.17;3 348.17;2025.06.20 14:08:00;3 353.95;-0.40;;6.36;
2025.06.20 08:16:13;Balance;;;;;;;;;;0.02;
2025.06.19 13:18:00;Sell;0.03;XAUUSD;3 373.74;3 396.53;3 365.53;2025.06.19 14:55:00;3 371.31;-0.40;;7.29;
2025.06.19 08:21:12;Balance;;;;;;;;;;0.14;
2025.06.18 20:45:00;Buy;0.03;XAUUSD;3 386.26;3 372.73;;2025.06.18 21:08:00;3 392.30;-0.41;;18.12;
2025.06.18 08:29:12;Balance;;;;;;;;;;0.17;
2025.06.18 05:02:00;Buy;0.06;XAUUSD;3 376.39;3 379.00;;2025.06.18 06:08:00;3 382.71;-0.81;;37.92;
2025.06.18 03:12:00;Buy;0.06;XAUUSD;3 384.30;3 370.85;;2025.06.18 05:31:46;3 370.95;-0.81;;-80.10;[sl]
2025.06.17 21:00:00;Buy;0.03;XAUUSD;3 390.70;3 376.97;;2025.06.18 05:01:08;3 376.95;-0.41;-0.87;-41.25;[sl]
2025.06.17 21:55:00;Buy;0.06;XAUUSD;3 383.94;3 370.47;;2025.06.17 23:50:01;3 390.04;-0.81;;36.60;
2025.06.17 08:24:55;Balance;;;;;;;;;;0.09;
2025.06.17 03:00:00;Sell;0.03;XAUUSD;3 402.99;3 405.49;3 393.79;2025.06.17 03:04:00;3 400.41;-0.41;;7.74;
2025.06.17 02:30:00;Sell;0.03;XAUUSD;3 398.69;3 401.19;3 389.84;2025.06.17 02:39:00;3 395.92;-0.41;;8.31;
2025.06.16 21:18:00;Buy;0.03;XAUUSD;3 389.95;3 376.55;;2025.06.17 01:48:00;3 396.60;-0.41;-0.87;19.95;
2025.06.16 22:01:00;Buy;0.06;XAUUSD;3 383.93;3 370.49;;2025.06.17 01:34:00;3 389.94;-0.81;-1.74;36.06;
2025.06.16 06:45:00;Buy;0.03;XAUUSD;3 432.55;3 409.53;3 440.53;2025.06.16 14:35:53;3 419.02;-0.41;;-40.59;
2025.06.13 21:51:00;Buy;0.03;XAUUSD;3 438.74;3 425.07;;2025.06.16 01:11:00;3 446.40;-0.41;-0.87;22.98;
2025.06.13 22:49:00;Buy;0.06;XAUUSD;3 432.66;3 419.29;;2025.06.16 01:05:00;3 441.08;-0.82;-1.74;50.52;
2025.06.14 08:40:53;Balance;;;;;;;;;;0.13;
2025.06.13 21:05:00;Buy;0.03;XAUUSD;3 432.22;3 418.23;;2025.06.13 21:50:00;3 438.56;-0.41;;19.02;
2025.06.13 09:45:00;Buy;0.03;XAUUSD;3 418.84;3 416.34;3 427.02;2025.06.13 11:16:00;3 421.36;-0.41;;7.56;
2025.06.13 08:39:37;Balance;;;;;;;;;;0.02;
2025.06.13 03:02:50;Buy;0.01;XAUUSD;3 401.86;3 402.86;3 442.81;2025.06.13 03:14:48;3 402.76;-0.14;;0.90;[sl]
2025.06.13 03:03:46;Buy;0.01;XAUUSD;3 402.95;3 403.25;3 417.41;2025.06.13 03:14:45;3 403.08;-0.14;;0.13;[sl]
2025.06.13 03:04:28;Buy;0.01;XAUUSD;3 403.05;3 405.05;3 452.11;2025.06.13 03:13:09;3 404.94;-0.14;;1.89;[sl]
2025.06.13 03:03:23;Buy;0.01;XAUUSD;3 402.39;3 406.87;3 435.21;2025.06.13 03:11:59;3 406.86;-0.14;;4.47;[sl]
2025.06.13 03:03:23;Buy;0.01;XAUUSD;3 402.43;3 405.58;3 411.31;2025.06.13 03:10:01;3 411.48;-0.14;;9.05;[tp]
2025.06.13 03:05:00;Buy;0.01;XAUUSD;3 402.58;3 403.38;3 410.36;2025.06.13 03:08:47;3 410.61;-0.14;;8.03;[tp]
2025.06.13 03:03:23;Buy;0.01;XAUUSD;3 402.39;3 403.19;3 410.36;2025.06.13 03:08:47;3 410.61;-0.14;;8.22;[tp]
2025.06.13 01:36:00;Buy;0.03;XAUUSD;3 381.17;3 367.38;;2025.06.13 02:45:01;3 387.75;-0.41;;19.74;
2025.06.12 08:29:58;Balance;;;;;;;;;;0.26;
2025.06.11 23:27:00;Buy;0.03;XAUUSD;3 351.34;3 337.80;;2025.06.12 01:05:00;3 357.91;-0.40;-2.61;19.71;
2025.06.11 21:22:00;Buy;0.03;XAUUSD;3 344.16;3 330.89;;2025.06.11 23:26:01;3 349.86;-0.40;;17.10;
2025.06.11 21:07:00;Buy;0.03;XAUUSD;3 337.33;3 323.76;;2025.06.11 21:21:00;3 343.13;-0.40;;17.40;
2025.06.11 19:35:02;Buy;0.03;XAUUSD;3 329.48;3 316.01;;2025.06.11 21:06:00;3 335.85;-0.40;;19.11;
2025.06.11 20:28:00;Buy;0.06;XAUUSD;3 322.46;3 308.67;;2025.06.11 21:04:00;3 331.01;-0.80;;51.30;
2025.06.11 17:00:00;Buy;0.03;XAUUSD;3 329.36;3 315.69;;2025.06.11 17:20:00;3 334.69;-0.40;;15.99;
2025.06.11 08:25:00;Balance;;;;;;;;;;0.26;
2025.06.10 23:35:00;Buy;0.06;XAUUSD;3 324.20;3 310.22;;2025.06.11 03:17:00;3 331.48;-0.80;-1.74;43.68;
2025.06.11 02:23:00;Buy;0.06;XAUUSD;3 317.44;3 304.38;;2025.06.11 02:36:00;3 323.88;-0.80;;38.64;
2025.06.10 17:45:00;Buy;0.03;XAUUSD;3 329.73;3 316.41;;2025.06.11 02:22:08;3 316.39;-0.40;-0.87;-40.02;[sl]
2025.06.10 18:25:00;Buy;0.06;XAUUSD;3 323.92;3 310.59;;2025.06.10 22:19:01;3 330.14;-0.80;;37.32;
2025.06.10 08:15:41;Balance;;;;;;;;;;0.02;
2025.06.10 04:33:00;Buy;0.06;XAUUSD;3 307.70;3 306.85;;2025.06.10 06:11:00;3 306.85;-0.79;;-5.10;[sl]
2025.06.10 04:03:00;Buy;0.06;XAUUSD;3 314.54;3 306.85;;2025.06.10 06:11:00;3 306.84;-0.80;;-46.20;[sl]
2025.06.10 03:11:00;Buy;0.06;XAUUSD;3 320.77;3 307.48;;2025.06.10 04:32:51;3 307.18;-0.80;;-81.54;[sl]
2025.06.09 22:54:00;Buy;0.06;XAUUSD;3 327.95;3 314.44;;2025.06.10 04:02:02;3 314.37;-0.80;-1.74;-81.48;[sl]
2025.06.09 21:00:00;Buy;0.03;XAUUSD;3 333.66;3 320.12;;2025.06.10 03:10:44;3 320.17;-0.40;-0.87;-40.47;[sl]
2025.06.09 07:30:00;Sell;0.03;XAUUSD;3 312.24;3 335.30;3 304.30;2025.06.09 19:25:23;3 335.57;-0.40;;-69.99;[sl]
2025.06.07 08:18:57;Balance;;;;;;;;;;0.10;
2025.06.06 17:00:51;Sell;0.01;XAUUSD;3 339.93;3 393.62;3 331.62;2025.06.06 17:00:52;3 340.05;-0.13;;-0.12;
2025.06.06 08:30:35;Balance;;;;;;;;;;0.14;
2025.06.06 07:13:56;Balance;;;;;;;;;;-200.00;
2025.06.05 22:26:00;Buy;0.03;XAUUSD;3 361.07;3 347.67;;2025.06.06 04:26:00;3 367.40;-0.40;-0.87;18.99;
2025.06.06 03:15:00;Sell;0.03;XAUUSD;3 363.84;3 366.34;3 355.92;2025.06.06 03:44:00;3 361.38;-0.40;;7.38;
2025.06.05 22:48:00;Buy;0.06;XAUUSD;3 353.54;3 340.83;;2025.06.06 01:46:00;3 359.63;-0.80;-1.74;36.54;
2025.06.05 21:00:00;Buy;0.03;XAUUSD;3 354.09;3 340.92;;2025.06.05 22:25:00;3 359.93;-0.40;;17.52;
2025.06.05 13:05:25;Buy;0.01;XAUUSD;3 392.05;3 394.05;3 440.87;2025.06.05 14:39:27;3 394.03;-0.14;;1.98;[sl]
2025.06.05 13:05:23;Buy;0.01;XAUUSD;3 391.68;3 398.17;3 406.17;2025.06.05 14:20:21;3 398.09;-0.14;;6.41;[sl]
2025.06.05 13:05:14;Buy;0.01;XAUUSD;3 391.09;3 394.61;3 400.07;2025.06.05 13:57:26;3 400.16;-0.14;;9.07;[tp]
2025.06.05 12:58:20;Buy;0.01;XAUUSD;3 391.15;3 394.61;3 400.07;2025.06.05 13:57:26;3 400.16;-0.14;;9.01;[tp]
2025.06.05 13:05:20;Buy;0.01;XAUUSD;3 391.13;3 391.93;3 399.12;2025.06.05 13:45:16;3 399.12;-0.14;;7.99;[tp]
2025.06.05 12:58:20;Buy;0.01;XAUUSD;3 391.15;3 391.95;3 399.12;2025.06.05 13:45:16;3 399.12;-0.14;;7.97;[tp]
2025.06.05 08:20:53;Balance;;;;;;;;;;0.04;
2025.06.04 18:00:00;Buy;0.03;XAUUSD;3 377.52;3 364.80;;2025.06.05 04:07:00;3 383.58;-0.41;-2.61;18.18;
2025.06.04 23:02:00;Buy;0.06;XAUUSD;3 371.71;3 358.24;;2025.06.05 02:22:00;3 378.41;-0.81;-5.22;40.20;
2025.06.04 18:17:00;Buy;0.06;XAUUSD;3 371.44;3 357.58;;2025.06.04 20:31:01;3 377.11;-0.81;;34.02;
2025.06.04 08:18:46;Balance;;;;;;;;;;0.07;
2025.06.03 08:31:00;Buy;0.03;XAUUSD;3 358.83;3 335.88;3 366.88;2025.06.03 08:44:00;3 361.36;-0.40;;7.59;
2025.06.03 07:57:30;Balance;;;;;;;;;;0.08;
2025.06.03 04:16:00;Buy;0.03;XAUUSD;3 365.46;3 362.96;3 373.78;2025.06.03 04:32:00;3 368.38;-0.40;;8.76;
2025.06.02 22:37:00;Buy;0.03;XAUUSD;3 379.85;3 366.48;;2025.06.03 01:12:00;3 386.57;-0.41;-0.87;20.16;
2025.06.02 16:43:35;Buy;0.01;XAUUSD;3 365.61;3 367.61;3 414.51;2025.06.02 18:23:56;3 375.71;-0.13;;10.10;
2025.06.02 16:42:39;Buy;0.01;XAUUSD;3 364.63;3 373.43;3 397.61;2025.06.02 18:23:55;3 375.50;-0.13;;10.87;
2025.06.02 16:43:32;Buy;0.01;XAUUSD;3 365.24;3 372.60;3 377.71;2025.06.02 17:37:19;3 377.72;-0.13;;12.48;[tp]
2025.06.02 09:18:41;Buy;0.01;XAUUSD;3 331.64;3 360.51;3 377.51;2025.06.02 17:37:16;3 377.54;-0.13;;45.90;[tp]
2025.06.02 16:42:41;Buy;0.01;XAUUSD;3 364.79;3 263.76;3 372.76;2025.06.02 16:54:36;3 373.07;-0.13;;8.28;[tp]
2025.06.02 09:18:41;Buy;0.01;XAUUSD;3 330.71;3 338.66;3 345.14;2025.06.02 09:45:00;3 345.15;-0.13;;14.44;[tp]
2025.06.02 09:17:30;Buy;0.01;XAUUSD;3 330.06;3 333.76;3 339.04;2025.06.02 09:38:28;3 339.05;-0.13;;8.99;[tp]
2025.06.02 09:18:07;Buy;0.01;XAUUSD;3 330.19;3 330.99;3 338.09;2025.06.02 09:30:04;3 338.10;-0.13;;7.91;[tp]
2025.05.30 21:06:00;Buy;0.03;XAUUSD;3 294.27;3 280.78;;2025.06.02 01:05:00;3 303.34;-0.40;-0.87;27.21;
2025.05.31 07:58:21;Balance;;;;;;;;;;0.30;
2025.05.30 21:33:00;Sell;0.03;XAUUSD;3 295.03;3 297.53;3 286.82;2025.05.30 22:50:00;3 292.06;-0.40;;8.91;
2025.05.30 08:06:33;Balance;;;;;;;;;;0.07;
2025.05.30 05:50:00;Buy;0.06;XAUUSD;3 297.50;3 298.20;;2025.05.30 06:20:15;3 298.16;-0.79;;3.96;[sl]
2025.05.30 05:13:00;Buy;0.06;XAUUSD;3 304.76;3 298.20;;2025.05.30 06:20:15;3 298.16;-0.79;;-39.60;[sl]
2025.05.30 04:43:00;Buy;0.06;XAUUSD;3 310.78;3 297.29;;2025.05.30 05:49:29;3 296.76;-0.79;;-84.12;[sl]
2025.05.29 21:25:00;Buy;0.06;XAUUSD;3 317.99;3 304.68;;2025.05.30 05:11:38;3 304.26;-0.80;-1.74;-82.38;[sl]
2025.05.29 23:15:00;Buy;0.03;XAUUSD;3 316.33;3 313.83;3 324.33;2025.05.30 04:21:00;3 319.68;-0.40;-0.87;10.05;
2025.05.30 03:38:00;Buy;0.06;XAUUSD;3 310.88;3 297.47;;2025.05.30 04:08:00;3 317.42;-0.79;;39.24;
2025.05.29 21:00:00;Buy;0.03;XAUUSD;3 324.32;3 311.03;;2025.05.30 03:37:03;3 310.97;-0.40;-0.87;-40.05;[sl]
2025.05.29 19:04:43;Buy;0.01;XAUUSD;3 324.95;3 325.25;3 339.45;2025.05.29 19:24:32;3 325.19;-0.13;;0.24;[sl]
2025.05.29 08:02:13;Balance;;;;;;;;;;0.08;
2025.05.29 06:45:00;Sell;0.02;XAUUSD;3 278.19;3 280.69;3 269.96;2025.05.29 06:53:00;3 276.03;-0.26;;4.32;
2025.05.28 23:51:25;Sell;0.01;XAUUSD;3 279.79;3 272.33;3 266.34;2025.05.29 02:14:01;3 266.17;-0.13;-0.09;13.62;[tp]
2025.05.28 23:51:25;Sell;0.01;XAUUSD;3 281.29;3 280.99;3 272.09;2025.05.29 02:10:59;3 272.09;-0.13;-0.09;9.20;[tp]
2025.05.28 23:51:25;Sell;0.01;XAUUSD;3 280.65;3 279.85;3 272.84;2025.05.29 02:10:57;3 272.46;-0.13;-0.09;8.19;[tp]
2025.05.28 23:51:00;Buy;0.04;XAUUSD;3 287.31;3 273.83;;2025.05.29 01:08:00;3 294.29;-0.53;-3.48;27.92;
2025.05.28 23:52:00;Buy;0.04;XAUUSD;3 278.03;3 266.10;;2025.05.28 23:53:00;3 284.05;-0.52;;24.08;
2025.05.28 23:51:25;Sell;0.01;XAUUSD;3 280.65;3 279.85;3 271.49;2025.05.28 23:52:08;3 280.18;-0.13;;0.47;[sl]
2025.05.28 23:51:25;Sell;0.01;XAUUSD;3 281.29;3 339.24;3 277.24;2025.05.28 23:51:33;3 277.24;-0.13;;4.05;[tp]
2025.05.28 23:51:25;Sell;0.01;XAUUSD;3 279.79;3 387.59;3 278.59;2025.05.28 23:51:28;3 278.07;-0.13;;1.72;[tp]
2025.05.28 22:30:00;Buy;0.02;XAUUSD;3 294.23;3 280.64;;2025.05.28 23:51:25;3 279.79;-0.26;;-28.88;[sl]
2025.05.28 08:04:50;Balance;;;;;;;;;;0.01;
2025.05.27 21:03:00;Buy;0.02;XAUUSD;3 303.27;3 289.83;;2025.05.28 02:26:00;3 310.14;-0.26;-0.58;13.74;
2025.05.27 22:31:00;Sell;0.02;XAUUSD;3 304.96;3 307.46;3 297.12;2025.05.27 23:54:01;3 300.89;-0.26;;8.14;
2025.05.24 08:03:30;Balance;;;;;;;;;;0.02;
2025.05.23 14:49:43;Buy;0.01;XAUUSD;3 345.12;3 345.42;3 359.34;2025.05.23 15:05:48;3 345.36;-0.13;;0.24;[sl]
2025.05.23 14:49:43;Buy;0.01;XAUUSD;3 344.61;3 345.41;3 352.29;2025.05.23 14:59:36;3 345.24;-0.13;;0.63;[sl]
2025.05.23 14:49:43;Buy;0.01;XAUUSD;3 344.61;3 345.41;3 353.24;2025.05.23 14:59:36;3 345.24;-0.13;;0.63;[sl]
2025.05.23 08:05:28;Balance;;;;;;;;;;0.09;
2025.05.22 11:30:01;Buy;0.02;XAUUSD;3 318.56;3 295.03;3 326.03;2025.05.22 13:31:25;3 293.15;-0.27;;-50.82;[sl]
2025.05.22 11:30:01;Buy;0.02;XAUUSD;3 318.63;3 295.03;3 326.03;2025.05.22 13:31:25;3 293.15;-0.27;;-50.96;[sl]
2025.05.22 10:01:00;Buy;0.02;XAUUSD;3 326.52;3 324.02;3 334.70;2025.05.22 10:28:05;3 329.57;-0.27;;6.10;
2025.05.22 10:01:00;Buy;0.02;XAUUSD;3 326.52;3 324.02;3 334.70;2025.05.22 10:28:00;3 330.00;-0.27;;6.96;
2025.05.22 08:05:23;Balance;;;;;;;;;;0.09;
2025.05.21 22:11:01;Buy;0.02;XAUUSD;3 322.62;3 309.00;;2025.05.22 05:00:05;3 338.27;-0.27;-1.74;31.30;
2025.05.21 22:11:01;Buy;0.02;XAUUSD;3 322.60;3 309.00;;2025.05.22 05:00:00;3 337.89;-0.27;-1.74;30.58;
2025.05.21 21:00:00;Buy;0.02;XAUUSD;3 316.45;3 302.79;;2025.05.21 22:10:05;3 322.60;-0.27;;12.30;
2025.05.21 21:00:00;Buy;0.02;XAUUSD;3 316.45;3 302.79;;2025.05.21 22:10:00;3 322.76;-0.27;;12.62;
2025.05.21 20:00:00;Buy;0.02;XAUUSD;3 303.21;3 289.51;;2025.05.21 20:10:06;3 309.02;-0.26;;11.62;
2025.05.21 20:00:00;Buy;0.02;XAUUSD;3 303.21;3 289.51;;2025.05.21 20:10:00;3 308.91;-0.26;;11.40;
2025.05.21 08:04:42;Balance;;;;;;;;;;0.20;
2025.05.20 22:57:00;Buy;0.02;XAUUSD;3 293.62;3 280.27;;2025.05.21 01:11:06;3 300.37;-0.26;-0.58;13.50;
2025.05.20 22:57:00;Buy;0.02;XAUUSD;3 293.62;3 280.27;;2025.05.21 01:11:00;3 300.31;-0.26;-0.58;13.38;
2025.05.20 21:29:00;Buy;0.02;XAUUSD;3 289.22;3 275.58;;2025.05.20 22:56:06;3 294.19;-0.26;;9.94;
2025.05.20 21:29:00;Buy;0.02;XAUUSD;3 289.22;3 275.58;;2025.05.20 22:56:00;3 295.10;-0.26;;11.76;
2025.05.20 17:26:00;Buy;0.02;XAUUSD;3 283.41;3 270.27;;2025.05.20 21:28:06;3 288.61;-0.26;;10.40;
2025.05.20 17:26:00;Buy;0.02;XAUUSD;3 283.41;3 270.27;;2025.05.20 21:28:00;3 289.15;-0.26;;11.48;
2025.05.20 17:21:00;Buy;0.02;XAUUSD;3 278.38;3 265.17;;2025.05.20 17:25:05;3 284.14;-0.26;;11.52;
2025.05.20 17:21:00;Buy;0.02;XAUUSD;3 278.38;3 265.17;;2025.05.20 17:25:00;3 284.71;-0.26;;12.66;
2025.05.20 17:10:00;Buy;0.02;XAUUSD;3 276.16;3 262.50;;2025.05.20 17:20:05;3 281.33;-0.26;;10.34;
2025.05.20 17:10:00;Buy;0.02;XAUUSD;3 276.13;3 262.57;;2025.05.20 17:20:00;3 282.28;-0.26;;12.30;
2025.05.20 17:06:00;Buy;0.02;XAUUSD;3 270.94;3 258.35;;2025.05.20 17:09:06;3 278.92;-0.26;;15.96;
2025.05.20 17:06:00;Buy;0.02;XAUUSD;3 270.80;3 258.40;;2025.05.20 17:09:00;3 278.60;-0.26;;15.60;
2025.05.20 17:00:00;Buy;0.02;XAUUSD;3 262.30;3 248.80;;2025.05.20 17:05:00;3 271.30;-0.26;;18.00;
2025.05.20 08:02:51;Balance;;;;;;;;;;0.12;
2025.05.19 23:30:00;Buy;0.02;XAUUSD;3 229.60;3 215.95;;2025.05.20 03:34:58;3 215.86;-0.26;-0.58;-27.48;[sl]
2025.05.19 23:30:00;Buy;0.02;XAUUSD;3 229.60;3 215.95;;2025.05.20 03:34:58;3 215.86;-0.26;-0.58;-27.48;[sl]
2025.05.19 21:00:00;Buy;0.02;XAUUSD;3 226.47;3 213.03;;2025.05.19 21:27:05;3 231.99;-0.26;;11.04;
2025.05.19 21:00:00;Buy;0.02;XAUUSD;3 226.49;3 213.03;;2025.05.19 21:27:00;3 232.07;-0.26;;11.16;
2025.05.19 16:01:00;Buy;0.02;XAUUSD;3 228.00;3 225.50;3 236.47;2025.05.19 16:13:05;3 232.00;-0.26;;8.00;
2025.05.19 16:01:00;Buy;0.02;XAUUSD;3 228.00;3 225.50;3 236.47;2025.05.19 16:13:00;3 231.34;-0.26;;6.68;
2025.05.16 23:07:00;Buy;0.02;XAUUSD;3 199.97;3 185.67;;2025.05.19 01:15:06;3 218.16;-0.26;-0.58;36.38;
2025.05.16 23:07:00;Buy;0.02;XAUUSD;3 199.97;3 185.67;;2025.05.19 01:15:00;3 218.03;-0.26;-0.58;36.12;
2025.05.16 22:15:00;Sell;0.02;XAUUSD;3 191.82;3 215.25;3 184.25;2025.05.19 01:05:00;3 216.41;-0.26;-0.06;-49.18;[sl]
2025.05.16 22:15:00;Sell;0.02;XAUUSD;3 191.82;3 215.25;3 184.25;2025.05.19 01:05:00;3 216.38;-0.26;-0.06;-49.12;[sl]
2025.05.17 08:00:13;Balance;;;;;;;;;;0.12;
2025.05.16 22:38:01;Buy;0.02;XAUUSD;3 194.80;3 181.15;;2025.05.16 23:06:05;3 201.51;-0.26;;13.42;
2025.05.16 22:38:01;Buy;0.02;XAUUSD;3 194.73;3 181.15;;2025.05.16 23:06:00;3 201.09;-0.26;;12.72;
2025.05.16 21:00:00;Buy;0.02;XAUUSD;3 189.63;3 176.29;;2025.05.16 22:37:06;3 195.03;-0.26;;10.80;
2025.05.16 21:00:00;Buy;0.02;XAUUSD;3 189.62;3 176.29;;2025.05.16 22:37:00;3 195.25;-0.26;;11.26;
2025.05.16 20:00:00;Sell;0.02;XAUUSD;3 189.71;3 192.21;3 180.92;2025.05.16 20:15:06;3 187.37;-0.26;;4.68;
2025.05.16 20:00:00;Sell;0.02;XAUUSD;3 189.75;3 192.25;3 180.92;2025.05.16 20:15:00;3 186.76;-0.26;;5.98;
2025.05.16 08:07:53;Balance;;;;;;;;;;0.09;
2025.05.16 04:45:00;Buy;0.02;XAUUSD;3 221.44;3 218.94;3 228.99;2025.05.16 05:02:00;3 224.40;-0.26;;5.92;
2025.05.15 23:05:01;Buy;0.02;XAUUSD;3 234.44;3 221.18;;2025.05.16 01:05:01;3 241.84;-0.26;-0.58;14.80;
2025.05.15 22:25:00;Buy;0.02;XAUUSD;3 228.30;3 214.87;;2025.05.15 23:04:00;3 234.56;-0.26;;12.52;
2025.05.15 21:00:00;Buy;0.02;XAUUSD;3 221.29;3 207.80;;2025.05.15 22:24:00;3 227.68;-0.26;;12.78;
2025.05.15 11:45:00;Sell;0.02;XAUUSD;3 158.68;3 181.80;3 150.80;2025.05.15 15:04:51;3 181.98;-0.25;;-46.60;[sl]
2025.05.15 08:14:54;Balance;;;;;;;;;;0.10;
2025.05.15 04:01:00;Sell;0.02;XAUUSD;3 189.93;3 192.43;3 182.96;2025.05.15 04:09:00;3 186.79;-0.26;;6.28;
2025.05.15 02:15:00;Sell;0.02;XAUUSD;3 185.13;3 208.19;3 177.19;2025.05.15 03:07:00;3 182.95;-0.25;;4.36;
2025.05.14 22:54:00;Buy;0.02;XAUUSD;3 179.66;3 166.29;;2025.05.15 02:44:00;3 185.74;-0.25;-1.74;12.16;
2025.05.14 18:17:00;Buy;0.02;XAUUSD;3 179.47;3 166.55;;2025.05.14 18:21:00;3 185.30;-0.25;;11.66;
2025.05.14 15:37:30;Sell;0.01;XAUUSD;3 202.88;3 192.58;3 153.91;2025.05.14 16:32:54;3 192.47;-0.13;;10.41;[sl]
2025.05.14 15:37:29;Sell;0.01;XAUUSD;3 203.17;3 194.90;3 170.21;2025.05.14 15:48:11;3 194.90;-0.13;;8.27;[sl]
2025.05.14 15:36:33;Sell;0.01;XAUUSD;3 209.01;3 201.08;3 194.77;2025.05.14 15:46:04;3 194.75;-0.13;;14.26;[tp]
2025.05.14 15:18:23;Sell;0.01;XAUUSD;3 208.92;3 200.97;3 194.77;2025.05.14 15:46:04;3 194.75;-0.13;;14.17;[tp]
2025.05.14 15:18:23;Sell;0.01;XAUUSD;3 209.00;3 205.91;3 199.92;2025.05.14 15:41:01;3 205.91;-0.13;;3.09;[sl]
2025.05.14 15:36:33;Sell;0.01;XAUUSD;3 208.68;3 205.75;3 199.92;2025.05.14 15:41:00;3 205.80;-0.13;;2.88;[sl]
2025.05.14 15:36:33;Sell;0.01;XAUUSD;3 208.94;3 208.14;3 201.27;2025.05.14 15:39:28;3 201.22;-0.13;;7.72;[tp]
2025.05.14 15:18:23;Sell;0.01;XAUUSD;3 209.00;3 208.20;3 201.27;2025.05.14 15:39:28;3 201.22;-0.13;;7.78;[tp]
2025.05.14 15:18:34;Sell;0.01;XAUUSD;3 208.79;3 216.82;3 159.82;2025.05.14 15:24:38;3 216.83;-0.13;;-8.04;[sl]
2025.05.14 11:01:00;Sell;0.02;XAUUSD;3 238.28;3 240.78;3 230.11;2025.05.14 11:30:00;3 234.51;-0.26;;7.54;
2025.05.14 08:05:38;Balance;;;;;;;;;;0.03;
2025.05.13 20:30:00;Buy;0.02;XAUUSD;3 244.15;3 230.57;;2025.05.13 21:43:00;3 250.11;-0.26;;11.92;
2025.05.13 08:24:49;Balance;;;;;;;;;;0.09;
2025.05.12 22:17:00;Buy;0.02;XAUUSD;3 233.94;3 220.34;;2025.05.13 02:37:01;3 239.92;-0.26;-0.58;11.96;
2025.05.12 19:30:00;Buy;0.02;XAUUSD;3 227.56;3 214.24;;2025.05.12 22:16:00;3 233.25;-0.26;;11.38;
2025.05.12 21:18:00;Buy;0.04;XAUUSD;3 221.71;3 208.14;;2025.05.12 21:51:00;3 228.16;-0.52;;25.80;
2025.05.12 20:09:00;Buy;0.04;XAUUSD;3 221.73;3 208.31;;2025.05.12 20:23:01;3 227.33;-0.52;;22.40;
2025.05.12 16:00:00;Sell;0.02;XAUUSD;3 233.76;3 236.26;3 228.00;2025.05.12 19:21:14;3 228.00;-0.26;;11.52;[tp]
2025.05.10 07:57:04;Balance;;;;;;;;;;0.06;
2025.05.09 20:00:00;Buy;0.02;XAUUSD;3 337.03;3 323.90;;2025.05.09 21:03:02;3 342.83;-0.27;;11.60;
2025.05.09 17:15:00;Buy;0.02;XAUUSD;3 321.86;3 308.18;;2025.05.09 17:19:01;3 327.65;-0.27;;11.58;
2025.05.09 17:03:25;Balance;;;;;;;;;;-115.00;
2025.05.09 08:12:15;Balance;;;;;;;;;;0.16;
2025.05.09 01:31:00;Sell;0.02;XAUUSD;3 316.30;3 318.80;3 309.00;2025.05.09 03:16:00;3 312.92;-0.27;;6.76;
2025.05.08 22:50:00;Buy;0.02;XAUUSD;3 307.27;3 293.53;;2025.05.09 01:07:00;3 313.76;-0.26;-0.58;12.98;
2025.05.08 22:06:00;Buy;0.04;XAUUSD;3 302.61;3 290.11;;2025.05.08 22:21:42;3 290.01;-0.53;;-50.40;[sl]
2025.05.08 21:00:00;Buy;0.02;XAUUSD;3 308.47;3 295.52;;2025.05.08 22:21:34;3 293.38;-0.26;;-30.18;[sl]
2025.05.08 15:15:00;Sell;0.02;XAUUSD;3 347.43;3 349.93;3 339.94;2025.05.08 18:29:01;3 345.34;-0.27;;4.18;
2025.05.08 08:09:24;Balance;;;;;;;;;;0.19;
2025.05.07 22:15:00;Buy;0.04;XAUUSD;3 373.31;3 358.29;;2025.05.08 03:45:06;3 382.87;-0.54;-3.48;38.24;
2025.05.08 01:14:00;Buy;0.04;XAUUSD;3 367.20;3 353.68;;2025.05.08 03:45:00;3 382.62;-0.54;;61.68;
2025.05.07 23:23:00;Buy;0.04;XAUUSD;3 367.01;3 353.83;;2025.05.08 01:06:00;3 373.50;-0.54;-3.48;25.96;
2025.05.07 22:16:00;Buy;0.04;XAUUSD;3 364.77;3 352.48;;2025.05.07 22:22:00;3 369.95;-0.54;;20.72;
2025.05.07 22:04:00;Buy;0.04;XAUUSD;3 379.80;3 366.18;;2025.05.07 22:15:38;3 366.20;-0.54;;-54.40;[sl]
2025.05.07 21:19:00;Buy;0.04;XAUUSD;3 386.69;3 373.26;;2025.05.07 22:14:44;3 373.24;-0.54;;-53.80;[sl]
2025.05.07 21:45:00;Buy;0.04;XAUUSD;3 380.50;3 367.63;;2025.05.07 22:01:00;3 386.57;-0.54;;24.28;
2025.05.07 21:08:00;Buy;0.02;XAUUSD;3 395.48;3 381.81;;2025.05.07 21:31:30;3 381.79;-0.27;;-27.38;[sl]
2025.05.07 08:09:06;Balance;;;;;;;;;;0.09;
2025.05.07 02:07:00;Buy;0.02;XAUUSD;3 380.33;3 377.83;3 388.36;2025.05.07 02:09:57;3 388.45;-0.27;;16.24;[tp]
2025.05.07 02:01:00;Buy;0.02;XAUUSD;3 379.81;3 377.31;3 389.51;2025.05.07 02:05:00;3 386.69;-0.27;;13.76;
2025.05.06 23:35:00;Buy;0.02;XAUUSD;3 427.71;3 414.38;;2025.05.07 01:07:45;3 414.22;-0.27;-0.58;-26.98;[sl]
2025.05.06 22:50:00;Buy;0.02;XAUUSD;3 420.50;3 407.17;;2025.05.06 23:34:00;3 426.40;-0.27;;11.80;
2025.05.06 21:00:00;Buy;0.02;XAUUSD;3 414.14;3 401.25;;2025.05.06 22:49:00;3 420.04;-0.27;;11.80;
2025.05.06 17:45:00;Buy;0.02;XAUUSD;3 379.93;3 366.57;;2025.05.06 17:59:00;3 386.00;-0.27;;12.14;
2025.05.06 08:09:01;Balance;;;;;;;;;;0.07;
2025.05.05 22:31:00;Buy;0.02;XAUUSD;3 336.26;3 321.70;;2025.05.06 04:30:05;3 358.18;-0.27;-0.58;43.84;
2025.05.05 22:58:00;Buy;0.04;XAUUSD;3 328.58;3 314.78;;2025.05.06 04:30:00;3 357.23;-0.53;-1.16;114.60;
2025.05.05 22:25:00;Buy;0.02;XAUUSD;3 330.36;3 317.58;;2025.05.05 22:30:00;3 336.42;-0.27;;12.12;
2025.05.05 22:02:00;Buy;0.02;XAUUSD;3 323.80;3 310.41;;2025.05.05 22:24:00;3 329.34;-0.27;;11.08;
2025.05.05 21:19:03;Buy;0.02;XAUUSD;3 317.97;3 304.63;;2025.05.05 22:01:00;3 324.06;-0.27;;12.18;
2025.05.05 01:07:00;Sell;0.02;XAUUSD;3 241.21;3 264.27;3 233.27;2025.05.05 04:21:49;3 264.29;-0.26;;-46.16;[sl]
2025.05.02 23:18:02;Buy;0.02;XAUUSD;3 238.09;3 223.81;;2025.05.05 01:47:00;3 244.21;-0.26;-0.58;12.24;
2025.05.03 08:07:41;Balance;;;;;;;;;;0.07;
2025.05.02 21:00:00;Buy;0.02;XAUUSD;3 231.69;3 218.42;;2025.05.02 23:17:00;3 237.55;-0.26;;11.72;
2025.05.02 21:43:00;Buy;0.04;XAUUSD;3 225.85;3 212.03;;2025.05.02 22:06:00;3 232.38;-0.52;;26.12;
2025.05.02 08:15:31;Balance;;;;;;;;;;0.32;
2025.05.01 22:21:01;Sell;0.02;XAUUSD;3 226.96;3 249.88;3 218.88;2025.05.02 06:06:48;3 249.99;-0.26;-0.06;-46.06;[sl]
2025.05.01 23:16:01;Buy;0.02;XAUUSD;3 236.47;3 223.07;;2025.05.02 01:07:01;3 243.43;-0.26;-0.58;13.92;
2025.05.01 23:30:00;Buy;0.04;XAUUSD;3 230.81;3 217.54;;2025.05.01 23:41:00;3 237.68;-0.52;;27.48;
2025.05.01 22:45:00;Buy;0.02;XAUUSD;3 228.75;3 215.18;;2025.05.01 23:15:00;3 235.80;-0.26;;14.10;
2025.05.01 21:38:00;Buy;0.02;XAUUSD;3 222.97;3 209.22;;2025.05.01 22:44:00;3 229.28;-0.26;;12.62;
2025.05.01 21:14:00;Buy;0.02;XAUUSD;3 217.86;3 204.33;;2025.05.01 21:37:00;3 223.79;-0.26;;11.86;
2025.05.01 18:31:00;Buy;0.04;XAUUSD;3 213.61;3 200.83;;2025.05.01 19:59:00;3 219.84;-0.51;;24.92;
2025.05.01 18:44:00;Buy;0.04;XAUUSD;3 206.56;3 193.46;;2025.05.01 18:54:00;3 213.51;-0.51;;27.80;
2025.05.01 17:55:00;Buy;0.04;XAUUSD;3 220.59;3 207.61;;2025.05.01 18:35:17;3 207.44;-0.52;;-52.60;[sl]
2025.05.01 16:00:00;Buy;0.02;XAUUSD;3 226.81;3 213.07;;2025.05.01 18:30:38;3 213.02;-0.26;;-27.58;[sl]
2025.05.01 17:17:00;Buy;0.04;XAUUSD;3 218.23;3 204.90;;2025.05.01 17:31:00;3 225.01;-0.51;;27.12;
2025.05.01 16:48:00;Buy;0.04;XAUUSD;3 219.65;3 206.35;;2025.05.01 17:13:00;3 227.52;-0.52;;31.48;
2025.05.01 16:36:00;Buy;0.04;XAUUSD;3 221.01;3 208.26;;2025.05.01 16:39:00;3 228.72;-0.52;;30.84;
2025.05.01 08:12:17;Balance;;;;;;;;;;0.33;
2025.05.01 03:24:30;Sell;0.01;XAUUSD;3 258.15;3 250.68;3 212.05;2025.05.01 05:27:12;3 250.68;-0.13;;7.47;[sl]
2025.05.01 03:24:30;Sell;0.01;XAUUSD;3 258.15;3 284.00;3 247.00;2025.05.01 03:24:31;3 246.01;-0.13;;12.14;[tp]
2025.05.01 03:20:02;Sell;0.01;XAUUSD;3 263.88;3 286.42;3 252.09;2025.05.01 03:24:31;3 248.95;-0.13;;14.93;[tp]
2025.05.01 03:20:02;Sell;0.01;XAUUSD;3 263.86;3 316.90;3 257.24;2025.05.01 03:24:31;3 254.43;-0.13;;9.43;[tp]
2025.05.01 03:24:30;Sell;0.01;XAUUSD;3 258.55;3 362.50;3 253.50;2025.05.01 03:24:31;3 248.95;-0.13;;9.60;[tp]
2025.05.01 03:20:02;Sell;0.01;XAUUSD;3 263.88;3 364.92;3 258.59;2025.05.01 03:24:30;3 258.55;-0.13;;5.33;[tp]
2025.04.30 17:31:00;Buy;0.04;XAUUSD;3 302.01;3 288.27;;2025.04.30 17:57:00;3 309.17;-0.53;;28.64;
2025.04.30 17:34:00;Buy;0.04;XAUUSD;3 295.90;3 281.88;;2025.04.30 17:51:00;3 304.19;-0.53;;33.16;
2025.04.30 16:55:00;Buy;0.04;XAUUSD;3 310.16;3 295.69;;2025.04.30 17:33:42;3 295.53;-0.53;;-58.52;[sl]
2025.04.30 17:02:00;Buy;0.04;XAUUSD;3 300.67;3 286.13;;2025.04.30 17:08:00;3 306.28;-0.53;;22.44;
2025.04.30 16:38:00;Buy;0.02;XAUUSD;3 316.08;3 303.60;;2025.04.30 17:01:23;3 303.34;-0.27;;-25.48;[sl]
2025.04.30 15:45:00;Sell;0.02;XAUUSD;3 295.36;3 318.15;3 287.15;2025.04.30 16:37:43;3 318.19;-0.26;;-45.66;[sl]
2025.04.30 16:15:00;Buy;0.02;XAUUSD;3 307.67;3 295.18;;2025.04.30 16:37:00;3 315.21;-0.26;;15.08;
2025.04.30 16:24:00;Buy;0.04;XAUUSD;3 301.51;3 288.78;;2025.04.30 16:35:00;3 307.58;-0.53;;24.28;
2025.04.30 16:00:00;Buy;0.02;XAUUSD;3 298.64;3 283.71;;2025.04.30 16:14:00;3 305.46;-0.26;;13.64;
2025.04.30 08:08:18;Balance;;;;;;;;;;0.15;
2025.04.30 04:55:00;Buy;0.04;XAUUSD;3 311.80;3 307.35;;2025.04.30 06:33:01;3 306.90;-0.53;;-19.60;[sl]
2025.04.29 23:54:00;Buy;0.04;XAUUSD;3 317.79;3 307.35;;2025.04.30 06:33:01;3 306.90;-0.53;-1.16;-43.56;[sl]
2025.04.30 04:05:00;Buy;0.04;XAUUSD;3 310.15;3 296.33;;2025.04.30 04:45:00;3 317.37;-0.53;;28.88;
2025.04.29 22:03:00;Buy;0.02;XAUUSD;3 323.58;3 310.01;;2025.04.30 04:04:25;3 309.93;-0.27;-0.58;-27.30;[sl]
2025.04.29 21:02:00;Buy;0.02;XAUUSD;3 316.90;3 303.13;;2025.04.29 22:02:00;3 322.85;-0.27;;11.90;
2025.04.29 08:09:13;Balance;;;;;;;;;;0.14;
2025.04.29 05:56:00;Buy;0.04;XAUUSD;3 321.68;3 317.34;;2025.04.29 06:05:04;3 317.16;-0.53;;-18.08;[sl]
2025.04.29 04:04:00;Buy;0.04;XAUUSD;3 328.24;3 317.34;;2025.04.29 06:05:04;3 317.16;-0.53;;-44.32;[sl]
2025.04.29 01:17:00;Buy;0.04;XAUUSD;3 334.17;3 321.46;;2025.04.29 05:55:26;3 321.42;-0.53;;-51.00;[sl]
2025.04.28 23:49:00;Buy;0.04;XAUUSD;3 342.67;3 329.73;;2025.04.29 03:52:32;3 329.60;-0.53;-1.16;-52.28;[sl]
2025.04.28 22:05:00;Buy;0.02;XAUUSD;3 350.95;3 337.46;;2025.04.29 01:16:19;3 337.37;-0.27;-0.58;-27.16;[sl]
2025.04.28 21:26:00;Buy;0.02;XAUUSD;3 345.43;3 331.56;;2025.04.28 22:04:00;3 351.16;-0.27;;11.46;
2025.04.28 21:00:00;Buy;0.02;XAUUSD;3 335.46;3 321.97;;2025.04.28 21:25:00;3 345.72;-0.27;;20.52;
2025.04.28 18:31:00;Buy;0.04;XAUUSD;3 326.72;3 312.50;;2025.04.28 19:09:00;3 334.00;-0.53;;29.12;
2025.04.28 18:42:00;Buy;0.04;XAUUSD;3 319.66;3 307.30;;2025.04.28 18:47:00;3 325.29;-0.53;;22.52;
2025.04.28 18:20:00;Buy;0.02;XAUUSD;3 333.71;3 320.03;;2025.04.28 18:41:35;3 319.89;-0.27;;-27.64;[sl]
2025.04.28 18:00:00;Buy;0.02;XAUUSD;3 328.88;3 315.01;;2025.04.28 18:19:00;3 335.76;-0.27;;13.76;
2025.04.25 23:44:00;Buy;0.02;XAUUSD;3 312.92;3 299.46;;2025.04.28 01:05:01;3 325.76;-0.27;-0.58;25.68;
2025.04.26 08:05:58;Balance;;;;;;;;;;0.06;
2025.04.25 22:42:00;Buy;0.02;XAUUSD;3 305.80;3 292.23;;2025.04.25 23:43:00;3 312.56;-0.26;;13.52;
2025.04.25 22:37:01;Buy;0.02;XAUUSD;3 299.60;3 286.04;;2025.04.25 22:41:00;3 305.94;-0.26;;12.68;
2025.04.25 21:00:00;Buy;0.02;XAUUSD;3 293.45;3 279.92;;2025.04.25 22:36:00;3 300.10;-0.26;;13.30;
2025.04.25 08:06:42;Balance;;;;;;;;;;0.23;
2025.04.25 06:46:00;Buy;0.02;XAUUSD;3 341.36;3 317.73;3 348.73;2025.04.25 07:13:54;3 317.59;-0.27;;-47.54;[sl]
2025.04.24 22:49:00;Buy;0.02;XAUUSD;3 343.69;3 330.69;;2025.04.24 23:54:01;3 349.23;-0.27;;11.08;
2025.04.24 21:00:03;Buy;0.02;XAUUSD;3 336.88;3 323.08;;2025.04.24 22:48:00;3 343.17;-0.27;;12.58;
2025.04.24 16:50:00;Buy;0.04;XAUUSD;3 315.83;3 301.56;;2025.04.24 17:32:00;3 323.82;-0.53;;31.96;
2025.04.24 17:07:00;Buy;0.04;XAUUSD;3 308.39;3 295.07;;2025.04.24 17:25:00;3 315.37;-0.53;;27.92;
2025.04.24 16:33:00;Buy;0.04;XAUUSD;3 323.00;3 309.43;;2025.04.24 17:06:08;3 307.31;-0.53;;-62.76;[sl]
2025.04.24 16:15:00;Buy;0.02;XAUUSD;3 329.01;3 315.49;;2025.04.24 16:49:21;3 315.34;-0.27;;-27.34;[sl]
2025.04.24 08:23:35;Balance;;;;;;;;;;0.25;
2025.04.24 03:29:00;Sell;0.02;XAUUSD;3 333.18;3 335.68;3 324.67;2025.04.24 03:53:00;3 330.78;-0.27;;4.80;
2025.04.24 01:25:00;Sell;0.02;XAUUSD;3 310.99;3 333.76;3 302.76;2025.04.24 03:28:54;3 333.78;-0.26;;-45.58;[sl]
2025.04.23 22:47:01;Buy;0.02;XAUUSD;3 294.28;3 280.46;;2025.04.24 02:00:06;3 309.18;-0.26;-1.74;29.80;
2025.04.23 23:32:00;Buy;0.04;XAUUSD;3 287.99;3 274.20;;2025.04.24 02:00:01;3 309.35;-0.53;-3.48;85.44;
2025.04.24 01:16:04;Sell;0.02;XAUUSD;3 310.39;3 312.89;3 302.51;2025.04.24 01:20:00;3 308.45;-0.26;;3.88;
2025.04.23 22:12:00;Buy;0.02;XAUUSD;3 290.80;3 277.25;;2025.04.23 22:46:00;3 296.44;-0.26;;11.28;
2025.04.23 21:12:01;Buy;0.02;XAUUSD;3 284.14;3 270.67;;2025.04.23 22:11:00;3 291.73;-0.26;;15.18;
2025.04.23 21:43:00;Buy;0.04;XAUUSD;3 278.50;3 265.04;;2025.04.23 22:01:00;3 284.27;-0.52;;23.08;
2025.04.23 18:48:00;Buy;0.02;XAUUSD;3 286.20;3 272.97;;2025.04.23 19:21:00;3 292.14;-0.26;;11.88;
2025.04.23 18:58:00;Buy;0.04;XAUUSD;3 279.40;3 265.76;;2025.04.23 19:05:00;3 285.11;-0.52;;22.84;
2025.04.23 18:15:00;Buy;0.04;XAUUSD;3 277.48;3 262.81;;2025.04.23 18:47:00;3 283.87;-0.52;;25.56;
2025.04.23 18:35:00;Buy;0.04;XAUUSD;3 271.68;3 258.94;;2025.04.23 18:38:00;3 277.82;-0.52;;24.56;
2025.04.23 18:22:00;Buy;0.04;XAUUSD;3 272.00;3 258.20;;2025.04.23 18:24:00;3 281.37;-0.52;;37.48;
2025.04.23 18:00:00;Buy;0.02;XAUUSD;3 287.69;3 273.29;;2025.04.23 18:20:31;3 272.65;-0.26;;-30.08;[sl]
2025.04.23 08:23:24;Balance;;;;;;;;;;0.24;
2025.04.23 04:45:00;Sell;0.02;XAUUSD;3 386.02;3 388.52;3 377.58;2025.04.23 04:50:00;3 381.42;-0.27;;9.20;
2025.04.22 23:15:00;Buy;0.02;XAUUSD;3 382.18;3 367.89;;2025.04.23 01:05:00;3 326.39;-0.27;-0.58;-111.58;[sl]
2025.04.22 22:30:00;Buy;0.04;XAUUSD;3 375.48;3 361.57;;2025.04.22 23:09:00;3 381.56;-0.54;;24.32;
2025.04.22 21:42:00;Buy;0.04;XAUUSD;3 381.96;3 367.82;;2025.04.22 22:36:00;3 367.95;-0.54;;-56.04;
2025.04.22 21:53:00;Buy;0.04;XAUUSD;3 374.78;3 361.31;;2025.04.22 22:00:00;3 381.30;-0.54;;26.08;
2025.04.22 21:26:00;Buy;0.04;XAUUSD;3 388.49;3 375.60;;2025.04.22 21:52:09;3 375.55;-0.54;;-51.76;[sl]
2025.04.22 21:07:00;Buy;0.04;XAUUSD;3 396.24;3 382.47;;2025.04.22 21:41:48;3 382.37;-0.54;;-55.48;[sl]
2025.04.22 21:00:00;Buy;0.02;XAUUSD;3 402.14;3 388.87;;2025.04.22 21:25:03;3 388.84;-0.27;;-26.60;[sl]
2025.04.22 11:47:00;Buy;0.02;XAUUSD;3 450.19;3 447.69;3 457.45;2025.04.22 12:09:00;3 452.62;-0.28;;4.86;
2025.04.22 08:09:51;Balance;;;;;;;;;;0.04;
2025.04.21 22:07:00;Buy;0.02;XAUUSD;3 429.36;3 415.87;;2025.04.22 02:16:00;3 435.80;-0.27;-0.58;12.88;
2025.04.21 22:30:00;Buy;0.04;XAUUSD;3 422.30;3 408.93;;2025.04.22 01:45:00;3 430.31;-0.55;-1.16;32.04;
2025.04.21 21:00:01;Buy;0.02;XAUUSD;3 422.84;3 409.54;;2025.04.21 22:06:00;3 429.03;-0.27;;12.38;
2025.04.21 03:30:13;Buy;0.01;XAUUSD;3 356.70;3 303.53;3 365.53;2025.04.21 03:43:22;3 365.60;-0.13;;8.90;[tp]
2025.04.17 23:30:00;Buy;0.02;XAUUSD;3 325.02;3 311.56;;2025.04.21 01:05:00;3 331.98;-0.27;-1.16;13.92;
2025.04.18 08:13:36;Balance;;;;;;;;;;0.11;
2025.04.17 21:00:00;Buy;0.02;XAUUSD;3 319.13;3 305.73;;2025.04.17 23:29:00;3 324.76;-0.27;;11.26;
2025.04.17 22:19:00;Buy;0.04;XAUUSD;3 313.58;3 300.19;;2025.04.17 22:38:00;3 319.14;-0.53;;22.24;
2025.04.17 16:33:00;Buy;0.02;XAUUSD;3 320.69;3 307.32;;2025.04.17 16:37:00;3 328.63;-0.27;;15.88;
2025.04.17 08:25:37;Balance;;;;;;;;;;0.07;
2025.04.16 22:10:01;Buy;0.02;XAUUSD;3 342.21;3 328.53;;2025.04.17 01:30:06;3 352.88;-0.27;-1.74;21.34;
2025.04.16 22:58:00;Buy;0.04;XAUUSD;3 336.47;3 323.26;;2025.04.17 01:30:01;3 353.04;-0.53;-3.48;66.28;
2025.04.16 21:24:00;Buy;0.02;XAUUSD;3 335.75;3 322.60;;2025.04.16 22:09:00;3 341.87;-0.27;;12.24;
2025.04.16 21:00:00;Buy;0.02;XAUUSD;3 328.01;3 314.48;;2025.04.16 21:23:00;3 335.92;-0.27;;15.82;
2025.04.16 02:37:03;Buy;0.01;XAUUSD;3 245.32;3 260.13;3 294.31;2025.04.16 04:30:44;3 260.06;-0.13;;14.74;[sl]
2025.04.16 02:37:00;Buy;0.01;XAUUSD;3 245.24;3 252.47;3 259.61;2025.04.16 03:02:29;3 259.61;-0.13;;14.37;[tp]
2025.04.16 02:36:45;Buy;0.01;XAUUSD;3 244.53;3 246.90;3 253.51;2025.04.16 03:00:10;3 253.63;-0.13;;9.10;[tp]
2025.04.16 02:36:48;Buy;0.01;XAUUSD;3 244.63;3 245.43;3 252.56;2025.04.16 03:00:03;3 252.63;-0.13;;8.00;[tp]
2025.04.15 22:01:00;Buy;0.01;XAUUSD;3 229.83;3 216.06;;2025.04.16 01:33:01;3 236.01;-0.13;-0.29;6.18;
2025.04.15 08:19:05;Balance;;;;;;;;;;0.01;
2025.04.14 22:01:00;Buy;0.01;XAUUSD;3 209.55;3 196.24;;2025.04.15 04:12:00;3 216.37;-0.13;-0.29;6.82;
2025.04.14 19:00:00;Buy;0.01;XAUUSD;3 198.28;3 184.72;;2025.04.14 19:17:00;3 204.10;-0.13;;5.82;
2025.04.11 22:00:00;Buy;0.01;XAUUSD;3 235.69;3 221.48;;2025.04.14 01:05:02;3 221.47;-0.13;-0.29;-14.22;[sl]
2025.04.12 08:29:44;Balance;;;;;;;;;;0.03;
2025.04.11 22:16:00;Buy;0.02;XAUUSD;3 229.12;3 215.32;;2025.04.11 23:06:00;3 234.74;-0.26;;11.24;
2025.04.11 08:51:00;Buy;0.01;XAUUSD;3 188.95;3 186.45;3 197.52;2025.04.11 08:55:00;3 191.24;-0.13;;2.29;
2025.04.11 08:30:45;Balance;;;;;;;;;;0.15;
2025.04.10 22:00:00;Buy;0.01;XAUUSD;3 173.52;3 159.29;;2025.04.11 01:05:01;3 179.62;-0.13;-0.29;6.10;
2025.04.10 19:55:00;Buy;0.02;XAUUSD;3 161.97;3 148.44;;2025.04.10 21:32:00;3 167.52;-0.25;;11.10;
2025.04.10 20:08:00;Buy;0.02;XAUUSD;3 152.92;3 139.72;;2025.04.10 20:16:00;3 159.14;-0.25;;12.44;
2025.04.10 18:44:00;Buy;0.02;XAUUSD;3 167.62;3 154.01;;2025.04.10 20:07:19;3 153.98;-0.25;;-27.28;[sl]
2025.04.10 19:28:00;Buy;0.02;XAUUSD;3 161.54;3 148.01;;2025.04.10 19:38:00;3 167.08;-0.25;;11.08;
2025.04.10 18:58:00;Buy;0.02;XAUUSD;3 157.33;3 143.45;;2025.04.10 19:26:00;3 163.74;-0.25;;12.82;
2025.04.10 18:41:00;Buy;0.01;XAUUSD;3 173.26;3 159.00;;2025.04.10 18:57:00;3 159.45;-0.13;;-13.81;
2025.04.10 18:27:00;Buy;0.01;XAUUSD;3 167.71;3 154.19;;2025.04.10 18:40:00;3 174.54;-0.13;;6.83;
2025.04.10 18:17:00;Buy;0.01;XAUUSD;3 160.77;3 146.88;;2025.04.10 18:26:00;3 166.34;-0.13;;5.57;
2025.04.10 18:00:00;Buy;0.01;XAUUSD;3 154.75;3 141.55;;2025.04.10 18:16:00;3 161.88;-0.13;;7.13;
2025.04.10 12:05:00;Buy;0.01;XAUUSD;3 105.07;3 102.57;3 113.02;2025.04.10 12:19:00;3 108.12;-0.12;;3.05;
2025.04.10 08:50:27;Balance;;;;;;;;;;0.16;
2025.04.09 23:33:00;Buy;0.02;XAUUSD;3 084.61;3 071.32;;2025.04.10 03:25:00;3 092.98;-0.25;-1.74;16.74;
2025.04.10 01:24:01;Buy;0.02;XAUUSD;3 077.88;3 064.48;;2025.04.10 02:45:00;3 085.07;-0.25;;14.38;
2025.04.10 01:06:00;Buy;0.02;XAUUSD;3 076.11;3 064.99;;2025.04.10 01:22:00;3 082.84;-0.25;;13.46;
2025.04.09 22:47:00;Buy;0.02;XAUUSD;3 091.58;3 078.24;;2025.04.09 23:50:24;3 078.23;-0.25;;-26.70;[sl]
2025.04.09 22:56:00;Buy;0.02;XAUUSD;3 085.76;3 072.99;;2025.04.09 22:58:00;3 092.93;-0.25;;14.34;
2025.04.09 22:44:00;Buy;0.01;XAUUSD;3 098.66;3 085.03;;2025.04.09 22:55:33;3 084.86;-0.12;;-13.80;[sl]
2025.04.09 22:19:00;Buy;0.01;XAUUSD;3 090.96;3 079.88;;2025.04.09 22:43:00;3 096.70;-0.12;;5.74;
2025.04.09 22:10:00;Buy;0.01;XAUUSD;3 086.36;3 072.59;;2025.04.09 22:18:00;3 092.69;-0.12;;6.33;
2025.04.09 22:06:00;Buy;0.01;XAUUSD;3 078.70;3 064.36;;2025.04.09 22:09:00;3 086.04;-0.12;;7.34;
2025.04.09 22:00:00;Buy;0.01;XAUUSD;3 067.39;3 053.42;;2025.04.09 22:05:00;3 075.22;-0.12;;7.83;
2025.04.09 21:15:00;Buy;0.01;XAUUSD;3 052.37;3 049.87;3 060.85;2025.04.09 21:22:37;3 060.86;-0.12;;8.49;[tp]
2025.04.09 17:19:00;Buy;0.01;XAUUSD;3 079.44;3 065.35;;2025.04.09 18:25:00;3 085.02;-0.12;;5.58;
2025.04.09 17:52:00;Buy;0.02;XAUUSD;3 070.56;3 056.98;;2025.04.09 18:16:00;3 077.41;-0.25;;13.70;
2025.04.09 17:00:00;Buy;0.01;XAUUSD;3 075.15;3 061.87;;2025.04.09 17:18:00;3 082.05;-0.12;;6.90;
2025.04.09 08:22:49;Balance;;;;;;;;;;0.10;
2025.04.08 23:14:00;Buy;0.02;XAUUSD;2 981.69;2 968.21;;2025.04.09 04:30:00;2 990.22;-0.24;-0.58;17.06;
2025.04.09 03:58:00;Buy;0.02;XAUUSD;2 976.32;2 962.72;;2025.04.09 04:24:00;2 985.91;-0.24;;19.18;
2025.04.09 02:36:00;Buy;0.02;XAUUSD;2 973.10;2 960.84;;2025.04.09 03:20:00;2 979.24;-0.24;;12.28;
2025.04.08 19:42:00;Buy;0.02;XAUUSD;2 987.46;2 972.93;;2025.04.09 02:35:58;2 972.93;-0.24;-0.58;-29.06;[sl]
2025.04.08 22:16:00;Buy;0.02;XAUUSD;2 981.63;2 968.66;;2025.04.08 22:55:00;2 987.39;-0.24;;11.52;
2025.04.08 21:57:00;Buy;0.02;XAUUSD;2 981.84;2 969.18;;2025.04.08 22:05:01;2 987.43;-0.24;;11.18;
2025.04.08 20:03:00;Buy;0.02;XAUUSD;2 981.82;2 968.41;;2025.04.08 21:31:00;2 991.41;-0.24;;19.18;
2025.04.08 19:24:00;Buy;0.02;XAUUSD;2 994.50;2 981.17;;2025.04.08 20:02:49;2 981.03;-0.24;;-26.94;[sl]
2025.04.08 19:00:00;Buy;0.01;XAUUSD;3 001.51;2 987.80;;2025.04.08 19:41:31;2 987.69;-0.12;;-13.82;[sl]
2025.04.08 19:07:00;Buy;0.02;XAUUSD;2 994.74;2 981.71;;2025.04.08 19:14:00;3 000.50;-0.24;;11.52;
2025.04.08 08:40:36;Balance;;;;;;;;;;0.10;
2025.04.08 08:16:01;Sell;0.01;XAUUSD;3 004.89;3 007.39;2 996.68;2025.04.08 08:21:00;3 002.58;-0.12;;2.31;
2025.04.08 05:45:00;Sell;0.01;XAUUSD;3 004.20;3 006.70;2 996.26;2025.04.08 05:59:00;3 001.12;-0.12;;3.08;
2025.04.08 03:31:00;Sell;0.01;XAUUSD;2 990.50;3 012.99;2 981.99;2025.04.08 03:54:00;2 988.21;-0.12;;2.29;
2025.04.08 01:15:01;Sell;0.01;XAUUSD;2 984.37;2 986.87;2 975.96;2025.04.08 02:43:00;2 979.73;-0.12;;4.64;
2025.04.07 22:34:00;Buy;0.01;XAUUSD;2 977.48;2 964.28;;2025.04.07 23:21:00;2 984.62;-0.12;;7.14;
2025.04.07 22:03:00;Buy;0.01;XAUUSD;2 970.27;2 956.31;;2025.04.07 22:33:00;2 978.13;-0.12;;7.86;
2025.04.07 20:05:00;Buy;0.02;XAUUSD;2 966.80;2 955.52;;2025.04.07 20:57:00;2 973.48;-0.24;;13.36;
2025.04.07 20:30:00;Buy;0.02;XAUUSD;2 959.13;2 945.43;;2025.04.07 20:39:00;2 965.84;-0.24;;13.42;
2025.04.07 20:12:00;Buy;0.02;XAUUSD;2 960.66;2 947.25;;2025.04.07 20:15:00;2 965.58;-0.24;;9.84;
2025.04.07 19:49:00;Buy;0.02;XAUUSD;2 973.03;2 959.67;;2025.04.07 20:11:39;2 960.42;-0.24;;-25.22;[sl]
2025.04.07 19:15:00;Buy;0.02;XAUUSD;2 980.06;2 968.07;;2025.04.07 20:04:41;2 968.47;-0.24;;-23.18;[sl]
2025.04.07 18:58:00;Buy;0.01;XAUUSD;2 985.74;2 973.07;;2025.04.07 19:47:06;2 973.09;-0.12;;-12.65;[sl]
2025.04.07 01:06:49;Sell;0.01;XAUUSD;3 003.26;3 008.55;2 951.55;2025.04.07 01:06:50;3 008.67;-0.12;;-5.41;[sl]
2025.04.04 22:47:00;Buy;0.01;XAUUSD;3 040.65;3 026.83;;2025.04.07 01:05:05;3 026.11;-0.12;-0.29;-14.54;[sl]
2025.04.05 08:33:23;Balance;;;;;;;;;;0.10;
2025.04.04 23:09:00;Buy;0.02;XAUUSD;3 034.08;3 021.19;;2025.04.04 23:17:00;3 040.34;-0.24;;12.52;
2025.04.04 22:19:00;Buy;0.01;XAUUSD;3 030.41;3 016.99;;2025.04.04 22:46:00;3 037.97;-0.12;;7.56;
2025.04.04 19:05:00;Buy;0.01;XAUUSD;3 020.53;3 006.60;;2025.04.04 19:17:00;3 025.89;-0.12;;5.36;
2025.04.04 18:45:00;Buy;0.01;XAUUSD;3 018.10;3 004.65;;2025.04.04 19:01:00;3 024.12;-0.12;;6.02;
2025.04.04 08:48:00;Balance;;;;;;;;;;0.22;
2025.04.04 05:38:00;Buy;0.02;XAUUSD;3 098.40;3 098.02;;2025.04.04 07:30:53;3 097.86;-0.25;;-1.08;[sl]
2025.04.04 06:07:00;Buy;0.02;XAUUSD;3 090.35;3 095.04;;2025.04.04 07:00:00;3 098.52;-0.25;;16.34;
2025.04.04 05:30:00;Buy;0.02;XAUUSD;3 105.23;3 090.38;;2025.04.04 06:06:26;3 090.09;-0.25;;-30.28;[sl]
2025.04.04 01:53:00;Buy;0.02;XAUUSD;3 112.51;3 098.97;;2025.04.04 05:37:24;3 098.43;-0.25;;-28.16;[sl]
2025.04.03 23:46:00;Buy;0.01;XAUUSD;3 118.10;3 105.03;;2025.04.04 05:29:41;3 104.99;-0.12;-0.29;-13.11;[sl]
2025.04.03 18:16:00;Buy;0.02;XAUUSD;3 110.07;3 095.42;;2025.04.03 23:45:00;3 117.13;-0.25;;14.12;
2025.04.03 22:34:00;Buy;0.02;XAUUSD;3 104.57;3 090.96;;2025.04.03 23:26:02;3 110.30;-0.25;;11.46;
2025.04.03 21:24:00;Buy;0.02;XAUUSD;3 104.16;3 090.70;;2025.04.03 21:55:00;3 109.64;-0.25;;10.96;
2025.04.03 20:04:00;Buy;0.02;XAUUSD;3 104.09;3 090.71;;2025.04.03 21:00:00;3 109.67;-0.25;;11.16;
2025.04.03 19:24:00;Buy;0.02;XAUUSD;3 102.26;3 089.29;;2025.04.03 19:30:00;3 108.69;-0.25;;12.86;
2025.04.03 18:11:00;Buy;0.02;XAUUSD;3 117.47;3 103.40;;2025.04.03 19:23:35;3 103.13;-0.25;;-28.68;[sl]
2025.04.03 18:07:00;Buy;0.02;XAUUSD;3 123.46;3 109.80;;2025.04.03 18:15:51;3 109.68;-0.25;;-27.56;[sl]
2025.04.03 17:48:00;Buy;0.01;XAUUSD;3 130.46;3 117.12;;2025.04.03 18:10:45;3 116.80;-0.13;;-13.66;[sl]
2025.04.03 17:27:00;Buy;0.01;XAUUSD;3 123.73;3 110.23;;2025.04.03 17:47:00;3 130.13;-0.12;;6.40;
2025.04.03 17:15:00;Buy;0.01;XAUUSD;3 114.43;3 101.09;;2025.04.03 17:26:00;3 123.97;-0.12;;9.54;
2025.04.03 17:10:00;Buy;0.01;XAUUSD;3 105.24;3 092.43;;2025.04.03 17:14:00;3 115.53;-0.12;;10.29;
2025.04.03 17:04:00;Buy;0.01;XAUUSD;3 099.47;3 085.25;;2025.04.03 17:09:00;3 105.99;-0.12;;6.52;
2025.04.03 17:01:00;Buy;0.01;XAUUSD;3 089.67;3 076.86;;2025.04.03 17:03:00;3 095.78;-0.12;;6.11;
2025.04.03 08:01:01;Buy;0.01;XAUUSD;3 139.36;3 116.44;3 147.44;2025.04.03 13:08:41;3 116.36;-0.13;;-23.00;[sl]
2025.04.03 08:20:26;Balance;;;;;;;;;;0.02;
2025.04.03 01:19:00;Buy;0.01;XAUUSD;3 143.93;3 129.63;;2025.04.03 02:06:00;3 150.24;-0.13;;6.31;
2025.04.03 01:29:00;Buy;0.02;XAUUSD;3 133.49;3 119.53;;2025.04.03 01:36:00;3 140.06;-0.25;;13.14;
2025.04.03 01:12:56;Buy;0.01;XAUUSD;3 147.85;3 094.90;3 156.90;2025.04.03 01:17:44;3 144.14;-0.13;;-3.71;
2025.04.03 01:16:32;Buy;0.01;XAUUSD;3 149.70;3 140.70;3 197.70;2025.04.03 01:17:43;3 144.05;-0.13;;-5.65;
2025.04.03 01:12:56;Buy;0.01;XAUUSD;3 147.85;3 046.95;3 155.95;2025.04.03 01:17:43;3 144.07;-0.13;;-3.78;
2025.04.03 01:16:32;Buy;0.01;XAUUSD;3 149.59;3 126.00;3 163.00;2025.04.03 01:17:43;3 144.14;-0.13;;-5.45;
2025.04.03 01:16:15;Buy;0.01;XAUUSD;3 147.77;3 094.90;3 156.90;2025.04.03 01:17:42;3 144.02;-0.13;;-3.75;
2025.04.03 01:16:15;Buy;0.01;XAUUSD;3 147.77;3 046.95;3 155.95;2025.04.03 01:17:42;3 144.06;-0.13;;-3.71;
2025.04.01 22:16:00;Buy;0.01;XAUUSD;3 115.66;3 102.22;;2025.04.02 03:37:01;3 121.82;-0.12;-0.29;6.16;
2025.04.02 01:17:01;Buy;0.02;XAUUSD;3 109.41;3 095.90;;2025.04.02 03:21:00;3 115.44;-0.25;;12.06;
2025.04.01 23:15:03;Sell;0.01;XAUUSD;3 118.49;3 120.99;3 110.51;2025.04.02 01:05:00;3 114.37;-0.12;-0.03;4.12;
2025.04.01 10:47:00;Buy;0.01;XAUUSD;3 125.29;3 102.70;3 133.70;2025.04.01 11:01:01;3 127.06;-0.13;;1.77;
2025.03.31 16:46:00;Buy;0.01;XAUUSD;3 100.37;3 097.87;3 109.08;2025.03.31 16:52:00;3 108.33;-0.12;;7.96;
2025.03.29 08:06:00;Balance;;;;;;;;;;0.01;
2025.03.28 19:45:00;Buy;0.01;XAUUSD;3 078.61;3 064.70;;2025.03.28 22:35:00;3 084.55;-0.12;;5.94;
2025.03.28 08:07:38;Balance;;;;;;;;;;0.07;
2025.03.28 01:33:00;Buy;0.01;XAUUSD;3 054.49;3 041.03;;2025.03.28 02:11:00;3 061.49;-0.12;;7.00;
2025.03.27 19:00:00;Buy;0.01;XAUUSD;3 048.39;3 035.50;;2025.03.27 20:10:00;3 053.97;-0.12;;5.58;
2025.03.27 12:36:51;Buy;0.01;XAUUSD;3 055.80;3 045.80;3 096.80;2025.03.27 15:11:20;3 046.54;-0.12;;-9.26;
2025.03.27 12:51:15;Buy;0.01;XAUUSD;3 054.75;3 012.24;3 069.25;2025.03.27 15:11:19;3 046.48;-0.12;;-8.27;
2025.03.27 12:30:35;Buy;0.01;XAUUSD;3 054.64;3 012.24;3 069.25;2025.03.27 15:11:19;3 046.51;-0.12;;-8.13;
2025.03.27 13:52:59;Buy;0.01;XAUUSD;3 054.58;3 012.24;3 069.25;2025.03.27 15:11:18;3 046.44;-0.12;;-8.14;
2025.03.27 14:00:10;Buy;0.01;XAUUSD;3 055.75;3 045.80;3 096.80;2025.03.27 15:11:18;3 046.47;-0.12;;-9.28;
2025.03.27 13:16:09;Buy;0.01;XAUUSD;3 055.00;3 012.24;3 069.25;2025.03.27 15:11:18;3 046.48;-0.12;;-8.52;
2025.03.27 06:16:22;Buy;0.01;XAUUSD;3 035.44;3 044.83;3 049.92;2025.03.27 12:19:06;3 049.92;-0.12;;14.48;[tp]
2025.03.27 06:09:43;Buy;0.01;XAUUSD;3 035.64;3 044.78;3 049.92;2025.03.27 12:19:06;3 049.92;-0.12;;14.28;[tp]
2025.03.27 06:07:13;Buy;0.01;XAUUSD;3 034.80;3 035.60;3 043.82;2025.03.27 06:40:14;3 035.59;-0.12;;0.79;[sl]
2025.03.27 06:07:13;Buy;0.01;XAUUSD;3 034.92;3 035.72;3 042.87;2025.03.27 06:40:10;3 035.65;-0.12;;0.73;[sl]
2025.03.26 07:59:21;Balance;;;;;;;;;;0.02;
2025.03.24 22:46:05;Buy;0.01;XAUUSD;3 014.58;3 012.85;;2025.03.25 07:26:00;3 020.35;-0.12;-0.29;5.77;
2025.03.25 04:49:00;Buy;0.02;XAUUSD;3 008.90;3 011.94;;2025.03.25 06:00:00;3 015.49;-0.24;;13.18;
2025.03.24 22:46:00;Sell;0.01;XAUUSD;3 014.17;3 016.67;3 006.47;2025.03.25 00:13:00;3 011.51;-0.12;-0.03;2.66;
2025.03.21 22:31:00;Sell;0.01;XAUUSD;3 023.42;3 025.92;3 015.48;2025.03.24 02:58:00;3 018.73;-0.12;-0.03;4.69;
2025.03.22 07:59:03;Balance;;;;;;;;;;0.04;
2025.03.21 20:31:00;Sell;0.01;XAUUSD;3 019.18;3 042.25;3 011.25;2025.03.21 21:07:00;3 016.91;-0.12;;2.27;
2025.03.21 05:10:00;Buy;0.02;XAUUSD;3 031.87;3 028.43;;2025.03.21 06:52:54;3 028.41;-0.24;;-6.92;[sl]
2025.03.21 03:45:00;Buy;0.02;XAUUSD;3 038.83;3 028.43;;2025.03.21 06:52:54;3 028.41;-0.24;;-20.84;[sl]
2025.03.20 21:20:00;Buy;0.01;XAUUSD;3 044.94;3 031.67;;2025.03.21 05:09:36;3 031.40;-0.12;-0.29;-13.54;[sl]
2025.03.20 08:02:40;Balance;;;;;;;;;;0.01;
2025.03.19 21:00:00;Buy;0.01;XAUUSD;3 046.90;3 034.11;;2025.03.20 02:04:01;3 053.02;-0.12;-0.87;6.12;
2025.03.19 07:57:44;Balance;;;;;;;;;;0.04;
2025.03.19 03:15:00;Buy;0.01;XAUUSD;3 029.33;3 006.23;3 037.23;2025.03.19 04:14:00;3 031.68;-0.12;;2.35;
2025.03.19 02:01:00;Buy;0.01;XAUUSD;3 031.22;3 008.38;3 039.38;2025.03.19 02:32:00;3 033.20;-0.12;;1.98;
2025.03.18 03:23:43;Buy;0.01;XAUUSD;3 003.71;3 004.51;3 011.78;2025.03.18 04:02:29;3 004.54;-0.12;;0.83;[sl]
2025.03.18 03:23:35;Buy;0.01;XAUUSD;3 003.69;3 004.49;3 012.73;2025.03.18 04:02:29;3 004.54;-0.12;;0.85;[sl]
2025.03.18 03:25:30;Buy;0.01;XAUUSD;3 003.97;3 004.77;3 011.78;2025.03.18 04:02:16;3 004.73;-0.12;;0.76;[sl]
2025.03.18 03:25:37;Buy;0.01;XAUUSD;3 004.42;3 004.72;3 018.83;2025.03.18 04:02:16;3 004.71;-0.12;;0.29;[sl]
2025.03.18 00:54:14;Buy;0.01;XAUUSD;3 000.25;2 986.74;;2025.03.18 03:57:00;3 006.73;-0.12;;6.48;
2025.03.13 16:36:28;Buy;0.01;XAUUSD;2 956.14;2 978.18;3 004.99;2025.03.18 03:28:16;3 005.09;-0.12;-0.87;48.95;[tp]
2025.03.14 20:15:00;Buy;0.01;XAUUSD;2 985.65;2 972.21;;2025.03.17 01:18:01;2 991.57;-0.12;-0.29;5.92;
2025.03.14 12:23:10;Balance;;;;;;;;;;0.05;
2025.03.13 16:33:16;Buy;0.01;XAUUSD;2 955.34;2 966.74;2 988.09;2025.03.13 17:09:32;2 966.76;-0.12;;11.42;[sl]
2025.03.13 16:30:55;Buy;0.01;XAUUSD;2 954.59;2 967.24;2 995.69;2025.03.13 17:08:59;2 967.21;-0.12;;12.62;[sl]
2025.03.13 16:30:00;Buy;0.01;XAUUSD;2 953.64;2 954.84;2 968.14;2025.03.13 16:48:56;2 968.23;-0.12;;14.59;[tp]
2025.03.13 16:15:26;Buy;0.01;XAUUSD;2 953.69;2 954.89;2 968.14;2025.03.13 16:48:56;2 968.23;-0.12;;14.54;[tp]
2025.03.13 16:06:33;Buy;0.01;XAUUSD;2 953.47;2 954.67;2 968.14;2025.03.13 16:48:56;2 968.23;-0.12;;14.76;[tp]
2025.03.13 09:49:00;Buy;0.01;XAUUSD;2 933.56;2 910.89;2 941.89;2025.03.13 10:05:00;2 935.61;-0.12;;2.05;
2025.03.13 08:03:19;Balance;;;;;;;;;;0.07;
2025.03.12 22:00:00;Buy;0.01;XAUUSD;2 931.34;2 918.18;;2025.03.13 00:50:01;2 937.63;-0.12;-0.87;6.29;
2025.03.12 18:08:17;Buy;0.01;XAUUSD;2 930.57;2 932.57;2 979.16;2025.03.12 21:26:43;2 932.65;-0.12;;2.08;[sl]
2025.03.12 17:55:31;Buy;0.01;XAUUSD;2 929.50;2 935.55;2 962.26;2025.03.12 20:00:04;2 935.53;-0.12;;6.03;[sl]
2025.03.12 18:08:17;Buy;0.01;XAUUSD;2 930.52;2 936.04;2 944.46;2025.03.12 19:59:23;2 935.99;-0.12;;5.47;[sl]
2025.03.12 18:01:59;Buy;0.01;XAUUSD;2 929.38;2 933.00;2 938.36;2025.03.12 18:30:18;2 938.39;-0.12;;9.01;[tp]
2025.03.12 17:55:31;Buy;0.01;XAUUSD;2 929.50;2 932.97;2 938.36;2025.03.12 18:30:18;2 938.39;-0.12;;8.89;[tp]
2025.03.12 18:07:18;Buy;0.01;XAUUSD;2 929.41;2 930.21;2 937.41;2025.03.12 18:27:08;2 937.41;-0.12;;8.00;[tp]
2025.03.12 18:01:59;Buy;0.01;XAUUSD;2 929.39;2 930.19;2 937.41;2025.03.12 18:27:08;2 937.41;-0.12;;8.02;[tp]
2025.03.12 17:55:31;Buy;0.01;XAUUSD;2 929.50;2 930.30;2 937.41;2025.03.12 18:27:08;2 937.41;-0.12;;7.91;[tp]
2025.03.12 08:03:30;Balance;;;;;;;;;;0.04;
2025.03.11 22:30:00;Buy;0.01;XAUUSD;2 916.23;2 912.57;;2025.03.12 07:27:13;2 912.58;-0.12;-0.29;-3.65;[sl]
2025.03.12 02:24:06;Buy;0.01;XAUUSD;2 913.71;2 911.21;2 921.74;2025.03.12 03:39:02;2 916.70;-0.12;;2.99;
2025.03.11 15:16:00;Buy;0.01;XAUUSD;2 907.77;2 905.27;2 916.49;2025.03.11 15:26:00;2 911.28;-0.12;;3.51;
2025.03.11 03:45:00;Sell;0.01;XAUUSD;2 890.26;2 913.37;2 882.37;2025.03.11 12:24:26;2 913.40;-0.12;;-23.14;[sl]
2025.03.11 08:08:57;Balance;;;;;;;;;;0.01;
2025.03.10 21:23:00;Buy;0.01;XAUUSD;2 888.45;2 875.24;;2025.03.11 04:19:01;2 894.96;-0.12;-0.29;6.51;
2025.03.11 03:11:00;Buy;0.02;XAUUSD;2 882.34;2 868.84;;2025.03.11 03:22:00;2 889.07;-0.23;;13.46;
2025.03.10 19:10:28;Sell;0.01;XAUUSD;2 892.42;2 887.63;2 878.19;2025.03.11 02:15:47;2 887.77;-0.12;-0.03;4.65;[sl]
2025.03.10 19:10:28;Sell;0.01;XAUUSD;2 892.27;2 945.34;2 883.34;2025.03.10 19:43:16;2 883.31;-0.12;;8.96;[tp]
2025.03.10 19:10:28;Sell;0.01;XAUUSD;2 892.42;2 993.69;2 884.69;2025.03.10 19:42:40;2 884.69;-0.12;;7.73;[tp]
2025.03.08 07:59:44;Balance;;;;;;;;;;0.04;
2025.03.07 17:00:30;Buy;0.01;XAUUSD;2 929.60;2 907.07;2 943.85;2025.03.07 17:11:19;2 926.93;-0.12;;-2.67;
2025.03.07 16:56:04;Buy;0.01;XAUUSD;2 928.73;2 875.75;2 937.75;2025.03.07 17:11:19;2 926.92;-0.12;;-1.81;
2025.03.07 17:00:30;Buy;0.01;XAUUSD;2 929.60;2 921.56;2 978.55;2025.03.07 17:11:18;2 926.78;-0.12;;-2.82;
2025.03.07 17:00:08;Buy;0.01;XAUUSD;2 928.88;2 875.84;2 937.75;2025.03.07 17:11:17;2 926.63;-0.12;;-2.25;
2025.03.07 17:00:08;Buy;0.01;XAUUSD;2 928.83;2 827.80;2 936.80;2025.03.07 17:11:17;2 926.72;-0.12;;-2.11;
2025.03.07 16:56:06;Buy;0.01;XAUUSD;2 928.87;2 827.86;2 936.80;2025.03.07 17:11:17;2 926.75;-0.12;;-2.12;
2025.03.06 08:16:02;Balance;;;;;;;;;;0.02;
2025.03.05 18:20:22;Buy;0.01;XAUUSD;2 927.11;2 904.83;2 941.83;2025.03.05 19:02:05;2 921.49;-0.12;;-5.62;
2025.03.05 18:20:08;Buy;0.01;XAUUSD;2 926.78;2 825.78;2 934.78;2025.03.05 19:02:04;2 921.56;-0.12;;-5.22;
2025.03.05 18:18:28;Buy;0.01;XAUUSD;2 926.80;2 825.79;2 934.78;2025.03.05 19:02:04;2 921.55;-0.12;;-5.25;
2025.03.05 18:18:28;Buy;0.01;XAUUSD;2 926.78;2 927.58;2 935.73;2025.03.05 18:28:41;2 927.51;-0.12;;0.73;[sl]
2025.02.28 08:06:21;Balance;;;;;;;;;;0.02;
2025.02.28 05:42:44;Sell;0.01;XAUUSD;2 864.52;2 862.52;2 815.67;2025.02.28 06:42:52;2 862.74;-0.11;;1.78;[sl]
2025.02.27 07:38:45;Sell;0.01;XAUUSD;2 888.78;2 911.32;2 875.04;2025.02.27 07:41:48;2 892.41;-0.12;;-3.63;
2025.02.27 07:38:45;Sell;0.01;XAUUSD;2 888.69;2 941.73;2 880.19;2025.02.27 07:41:48;2 892.49;-0.12;;-3.80;
2025.02.27 07:38:45;Sell;0.01;XAUUSD;2 888.69;2 896.73;2 840.09;2025.02.27 07:41:47;2 892.70;-0.12;;-4.01;
2025.02.27 07:38:45;Sell;0.01;XAUUSD;2 888.62;2 989.65;2 881.54;2025.02.27 07:41:47;2 892.61;-0.12;;-3.99;
2025.02.26 08:09:07;Balance;;;;;;;;;;0.02;
2025.02.25 17:21:25;Sell;0.01;XAUUSD;2 917.66;2 911.04;2 903.70;2025.02.25 17:31:19;2 903.60;-0.12;;14.06;[tp]
2025.02.25 17:21:25;Sell;0.01;XAUUSD;2 917.59;2 915.36;2 908.85;2025.02.25 17:30:30;2 908.84;-0.12;;8.75;[tp]
2025.02.25 17:21:25;Sell;0.01;XAUUSD;2 917.66;2 916.86;2 910.20;2025.02.25 17:29:56;2 910.19;-0.12;;7.47;[tp]
2025.02.25 17:21:25;Sell;0.01;XAUUSD;2 917.59;2 915.59;2 868.75;2025.02.25 17:26:17;2 915.75;-0.12;;1.84;[sl]
2025.02.25 08:03:03;Balance;;;;;;;;;;0.03;
2025.02.24 15:53:56;Buy;0.01;XAUUSD;2 953.80;2 852.87;2 961.87;2025.02.24 16:14:14;2 950.79;-0.12;;-3.01;
2025.02.24 15:59:35;Buy;0.01;XAUUSD;2 954.57;2 946.62;3 003.62;2025.02.24 16:14:14;2 950.94;-0.12;;-3.63;
2025.02.24 15:59:19;Buy;0.01;XAUUSD;2 954.41;2 931.92;2 968.92;2025.02.24 16:14:12;2 950.82;-0.12;;-3.59;
2025.02.24 15:53:56;Buy;0.01;XAUUSD;2 953.91;2 900.88;2 962.82;2025.02.24 16:14:12;2 950.64;-0.12;;-3.27;
2025.02.24 15:57:34;Buy;0.01;XAUUSD;2 953.94;2 852.91;2 961.87;2025.02.24 16:14:10;2 950.89;-0.12;;-3.05;
2025.02.22 07:56:58;Balance;;;;;;;;;;0.01;
2025.02.21 10:21:04;Sell;0.01;XAUUSD;2 919.98;2 942.49;2 905.53;2025.02.21 11:33:11;2 928.06;-0.12;;-8.08;
2025.02.21 10:21:04;Sell;0.01;XAUUSD;2 919.98;3 020.98;2 912.03;2025.02.21 11:33:10;2 927.97;-0.12;;-7.99;
2025.02.20 07:58:05;Balance;;;;;;;;;;0.05;
2025.02.19 03:58:01;Buy;0.01;XAUUSD;2 939.72;2 931.71;2 988.71;2025.02.19 04:06:09;2 937.18;-0.12;;-2.54;
2025.02.19 03:58:01;Buy;0.01;XAUUSD;2 939.72;2 917.06;2 954.01;2025.02.19 04:06:09;2 937.18;-0.12;;-2.54;
2025.02.19 03:50:41;Buy;0.01;XAUUSD;2 938.94;2 837.96;2 946.96;2025.02.19 04:06:08;2 937.18;-0.12;;-1.76;
2025.02.19 03:50:41;Buy;0.01;XAUUSD;2 938.94;2 885.94;2 947.91;2025.02.19 04:06:07;2 937.19;-0.12;;-1.75;
2025.02.19 04:00:03;Buy;0.01;XAUUSD;2 939.13;2 838.09;2 946.96;2025.02.19 04:06:06;2 936.88;-0.12;;-2.25;
2025.02.19 03:56:43;Buy;0.01;XAUUSD;2 939.08;2 838.04;2 946.96;2025.02.19 04:06:06;2 937.17;-0.12;;-1.91;
2025.02.19 04:00:38;Buy;0.01;XAUUSD;2 939.52;2 917.01;2 954.01;2025.02.19 04:06:05;2 937.12;-0.12;;-2.40;
2025.02.08 08:05:49;Balance;;;;;;;;;;0.05;
2025.02.07 17:19:07;Buy;0.01;XAUUSD;2 882.25;2 874.25;2 931.24;2025.02.07 18:02:14;2 874.07;-0.12;;-8.18;[sl]
2025.02.07 17:09:46;Buy;0.01;XAUUSD;2 881.06;2 881.86;2 889.49;2025.02.07 17:53:18;2 881.82;-0.12;;0.76;[sl]
2025.02.07 17:09:46;Buy;0.01;XAUUSD;2 881.06;2 881.86;2 890.44;2025.02.07 17:53:18;2 881.97;-0.12;;0.91;[sl]
2025.02.07 17:18:47;Buy;0.01;XAUUSD;2 881.38;2 882.18;2 890.44;2025.02.07 17:53:17;2 881.99;-0.12;;0.61;[sl]
2025.02.07 17:10:30;Buy;0.01;XAUUSD;2 881.20;2 882.00;2 889.49;2025.02.07 17:53:17;2 882.16;-0.12;;0.96;[sl]
2025.02.07 17:19:05;Buy;0.01;XAUUSD;2 881.63;2 882.43;2 889.49;2025.02.07 17:53:10;2 882.54;-0.12;;0.91;[sl]
2025.02.07 17:19:06;Buy;0.01;XAUUSD;2 882.24;2 882.54;2 896.54;2025.02.07 17:53:10;2 882.54;-0.12;;0.30;[sl]
2025.02.04 15:21:31;Buy;0.01;XAUUSD;2 829.19;2 831.78;2 838.27;2025.02.04 15:51:38;2 831.93;-0.11;;2.74;[sl]
2025.02.03 16:32:08;Buy;0.01;XAUUSD;2 816.18;2 819.29;2 825.13;2025.02.03 16:49:28;2 825.51;-0.11;;9.33;[tp]
2025.02.03 01:41:50;Balance;;;;;;;;;;400.00;
2024.04.05 15:41:30;Balance;;;;;;;;;;-114.80;
2024.04.05 08:05:32;Balance;;;;;;;;;;0.04;
2024.04.04 22:30:02;Buy;0.02;EURUSD;1.08395;;;2024.04.04 23:28:21;1.08367;-0.09;;-0.56;
2024.04.03 17:00:03;Sell;0.02;EURUSD;1.07976;;;2024.04.04 23:28:10;1.08368;-0.09;0.06;-7.84;
2024.04.03 19:30:01;Sell;0.04;EURUSD;1.08315;;;2024.04.04 23:27:55;1.08368;-0.17;0.12;-2.12;
2024.04.02 16:30:06;Sell;0.02;EURUSD;1.07597;;;2024.04.04 23:27:44;1.08368;-0.09;0.08;-15.42;
2024.04.04 16:00:01;Sell;0.08;EURUSD;1.08686;;;2024.04.04 23:27:29;1.08368;-0.35;;25.44;
2024.04.03 08:05:48;Balance;;;;;;;;;;0.03;
2024.03.26 18:00:00;Buy;0.02;EURUSD;1.08293;;;2024.04.02 17:05:11;1.07745;-0.09;-1.34;-10.96;
2024.03.28 10:05:30;Buy;0.02;EURUSD;1.07942;;;2024.04.02 17:05:10;1.07746;-0.09;-0.57;-3.92;
2024.04.01 17:02:04;Buy;0.04;EURUSD;1.07602;;;2024.04.02 17:05:08;1.07746;-0.17;-0.38;5.76;
2024.04.02 09:42:39;Buy;0.04;EURUSD;1.07253;;;2024.04.02 17:05:04;1.07755;-0.17;;20.08;
2024.03.29 15:00:01;Sell;0.02;EURUSD;1.07969;;;2024.04.01 01:51:44;1.07859;-0.09;0.02;2.20;
2024.03.27 08:06:14;Balance;;;;;;;;;;0.02;
2024.03.25 16:30:01;Sell;0.02;EURUSD;1.08413;;;2024.03.26 17:55:02;1.08302;-0.09;0.02;2.22;
2024.03.22 04:40:00;Buy;0.02;EURUSD;1.08445;;;2024.03.26 07:47:10;1.08457;-0.09;-0.38;0.24;
2024.03.21 16:15:01;Buy;0.02;EURUSD;1.08789;;;2024.03.26 07:47:10;1.08457;-0.09;-0.57;-6.64;
2024.03.22 18:45:00;Buy;0.04;EURUSD;1.08090;;;2024.03.26 07:47:09;1.08455;-0.17;-0.76;14.60;
2024.03.22 08:23:43;Balance;;;;;;;;;;0.01;
2024.03.20 20:32:52;Sell;0.02;EURUSD;1.08717;;;2024.03.21 16:03:18;1.08793;-0.09;0.06;-1.52;
2024.03.20 20:47:46;Sell;0.02;EURUSD;1.09074;;;2024.03.21 16:03:17;1.08793;-0.09;0.06;5.62;
2024.03.21 10:45:01;Buy;0.02;EURUSD;1.08969;;;2024.03.21 11:44:42;1.09080;-0.09;;2.22;
2024.03.21 08:27:04;Balance;;;;;;;;;;0.02;
2024.03.20 20:30:01;Sell;0.02;EURUSD;1.08829;;;2024.03.20 20:32:51;1.08719;-0.09;;2.20;
2024.03.14 15:30:01;Buy;0.02;EURUSD;1.09198;;;2024.03.20 20:00:11;1.08806;-0.09;-0.76;-7.84;
2024.03.14 17:23:01;Buy;0.02;EURUSD;1.08848;;;2024.03.20 20:00:10;1.08778;-0.09;-0.76;-1.40;
2024.03.19 10:15:45;Buy;0.04;EURUSD;1.08497;;;2024.03.20 20:00:08;1.08780;-0.17;-0.38;11.32;
2024.03.18 12:00:01;Sell;0.02;EURUSD;1.08994;;;2024.03.18 15:31:03;1.08884;-0.09;;2.20;
2024.03.15 12:00:00;Sell;0.02;EURUSD;1.08980;;;2024.03.15 14:41:03;1.08871;-0.09;;2.18;
2024.03.13 14:00:00;Sell;0.02;EURUSD;1.09413;;;2024.03.14 14:30:03;1.09262;-0.09;0.06;3.02;
2024.03.13 08:14:55;Balance;;;;;;;;;;0.01;
2024.03.12 15:15:01;Buy;0.02;EURUSD;1.09155;;;2024.03.12 22:02:48;1.09266;-0.09;;2.22;
2024.03.12 10:45:00;Buy;0.02;EURUSD;1.09240;;;2024.03.12 13:31:05;1.09351;-0.09;;2.22;
2024.03.11 16:00:01;Buy;0.02;EURUSD;1.09208;;;2024.03.12 02:02:17;1.09318;-0.09;-0.19;2.20;
2024.03.09 08:05:21;Balance;;;;;;;;;;0.01;
2024.03.08 15:31:17;Sell;0.02;EURUSD;1.09686;;;2024.03.08 18:46:41;1.09386;-0.09;;6.00;
2024.03.07 18:00:01;Sell;0.02;EURUSD;1.09287;;;2024.03.08 18:46:41;1.09386;-0.09;0.02;-1.98;
2024.03.08 09:45:01;Buy;0.02;EURUSD;1.09337;;;2024.03.08 15:30:48;1.09510;-0.09;;3.46;
2024.03.08 08:17:55;Balance;;;;;;;;;;0.02;
2024.03.07 16:05:01;Buy;0.02;EURUSD;1.08858;;;2024.03.07 16:21:43;1.08958;-0.09;;2.00;
2024.03.07 16:00:01;Buy;0.02;EURUSD;1.08742;;;2024.03.07 16:04:59;1.08855;-0.09;;2.26;
2024.03.06 09:30:01;Sell;0.02;EURUSD;1.08630;;;2024.03.07 15:54:34;1.08692;-0.09;0.06;-1.24;
2024.03.06 17:46:41;Sell;0.02;EURUSD;1.08981;;;2024.03.07 15:54:33;1.08701;-0.09;0.06;5.60;
2024.01.25 08:08:59;Balance;;;;;;;;;;0.02;
2024.01.24 09:44:11;Buy;0.05;XAUUSD;2 031.22;2 028.63;2 041.03;2024.01.24 10:18:41;2 028.60;-0.41;;-13.10;[sl]
2024.01.24 08:03:42;Balance;;;;;;;;;;0.02;
2024.01.23 07:42:24;Buy;0.05;XAUUSD;2 030.52;2 030.89;2 040.49;2024.01.23 07:59:17;2 030.87;-0.41;;1.75;[sl]
2024.01.23 07:56:07;Balance;;;;;;;;;;0.02;
2024.01.22 16:44:07;Sell;0.06;XAUUSD;2 016.90;2 021.26;2 008.86;2024.01.22 16:47:08;2 021.19;-0.48;;-25.74;[sl]
2024.01.18 08:00:14;Balance;;;;;;;;;;0.08;
2024.01.17 16:55:47;Sell;0.06;XAUUSD;2 012.86;2 015.39;2 002.99;2024.01.17 16:56:05;2 015.52;-0.48;;-15.96;[sl]
2024.01.17 16:55:47;Sell;0.05;XAUUSD;2 013.00;2 015.39;2 002.99;2024.01.17 16:56:05;2 015.37;-0.40;;-11.85;[sl]
2024.01.17 08:01:12;Balance;;;;;;;;;;0.02;
2024.01.17 05:46:14;Sell;0.06;XAUUSD;2 023.97;2 021.53;2 013.99;2024.01.17 07:11:33;2 021.53;-0.49;;14.64;[sl]
2024.01.16 05:38:13;Sell;0.06;XAUUSD;2 048.91;2 048.81;2 038.92;2024.01.16 07:26:03;2 048.83;-0.49;;0.48;[sl]
2024.01.13 07:51:52;Balance;;;;;;;;;;0.04;
2024.01.12 12:35:41;Buy;0.05;XAUUSD;2 040.71;2 043.05;2 050.71;2024.01.12 12:46:04;2 042.91;-0.41;;11.00;[sl]
2024.01.12 12:35:41;Buy;0.05;XAUUSD;2 040.71;2 043.05;2 050.71;2024.01.12 12:46:04;2 042.91;-0.41;;11.00;[sl]
2024.01.12 07:58:04;Balance;;;;;;;;;;0.11;
2024.01.11 18:24:54;Sell;0.06;XAUUSD;2 019.38;2 018.67;2 010.24;2024.01.11 18:24:58;2 019.03;-0.48;;2.10;[sl]
2024.01.11 18:24:54;Sell;0.06;XAUUSD;2 019.19;2 018.85;2 010.24;2024.01.11 18:24:58;2 019.22;-0.48;;-0.18;[sl]
2024.01.11 15:30:01;Buy;0.06;XAUUSD;2 043.76;2 038.15;2 050.55;2024.01.11 15:30:02;2 035.74;-0.49;;-48.12;[sl]
2024.01.11 15:23:52;Buy;0.06;XAUUSD;2 036.15;2 038.81;2 046.03;2024.01.11 15:25:01;2 038.79;-0.49;;15.84;[sl]
2024.01.11 07:48:41;Balance;;;;;;;;;;0.08;
2024.01.10 19:53:30;Sell;0.06;XAUUSD;2 022.78;2 022.44;2 013.60;2024.01.10 20:28:21;2 022.44;-0.49;;2.04;[sl]
2024.01.10 07:48:40;Sell;0.06;XAUUSD;2 025.78;2 025.29;2 015.85;2024.01.10 08:15:25;2 025.31;-0.49;;2.82;[sl]
2024.01.10 07:48:40;Sell;0.06;XAUUSD;2 025.78;2 025.29;2 015.85;2024.01.10 08:15:25;2 025.31;-0.49;;2.82;[sl]
2024.01.10 07:48:21;Balance;;;;;;;;;;0.03;
2024.01.09 17:15:32;Balance;;;;;;;;;;-20.10;
2024.01.09 09:42:08;Buy;0.08;XAUUSD;2 037.36;2 034.82;2 047.22;2024.01.09 10:05:57;2 034.82;-0.65;;-20.32;[sl]
2024.01.09 07:47:06;Balance;;;;;;;;;;0.02;
2024.01.08 13:18:29;Sell;0.06;XAUUSD;2 024.04;2 017.88;2 014.13;2024.01.08 13:18:37;2 018.06;-0.49;;35.88;[sl]
2024.01.06 07:51:11;Balance;;;;;;;;;;0.05;
2024.01.05 16:29:05;Buy;0.06;XAUUSD;2 048.81;2 046.21;2 058.61;2024.01.05 16:34:21;2 046.29;-0.49;;-15.12;[sl]
2024.01.05 15:30:01;Sell;0.06;XAUUSD;2 034.27;2 030.69;2 026.02;2024.01.05 15:30:21;2 031.02;-0.49;;19.50;[sl]
2024.01.04 07:50:08;Balance;;;;;;;;;;0.02;
2024.01.03 11:44:48;Sell;0.06;XAUUSD;2 055.31;2 055.29;2 045.57;2024.01.03 11:45:00;2 055.30;-0.49;;0.06;[sl]
2024.01.03 07:47:11;Balance;;;;;;;;;;0.03;
2024.01.02 17:37:15;Sell;0.06;XAUUSD;2 057.67;2 057.01;2 047.98;2024.01.02 17:37:29;2 056.99;-0.49;;4.08;[sl]
2024.01.02 11:09:35;Buy;0.02;XAUUSD;2 075.07;2 078.06;2 085.06;2024.01.02 11:40:40;2 078.00;-0.17;;5.86;[sl]
2023.12.29 12:18:58;Sell;0.01;XAUUSD;2 064.30;2 063.17;2 054.31;2023.12.29 12:23:06;2 063.27;-0.08;;1.03;[sl]
2023.12.28 21:14:26;Sell;0.01;XAUUSD;2 070.94;2 070.66;2 061.05;2023.12.28 21:19:37;2 070.66;-0.08;;0.28;[sl]
2023.12.28 03:34:13;Buy;0.01;XAUUSD;2 084.86;2 086.93;2 094.85;2023.12.28 03:56:08;2 086.93;-0.08;;2.07;[sl]
2023.12.27 16:35:11;Buy;0.01;XAUUSD;2 071.12;2 068.60;2 081.00;2023.12.27 16:40:54;2 068.45;-0.08;;-2.67;[sl]
2023.12.26 23:41:13;Balance;;;;;;;;;;-92.59;
2023.12.24 23:29:15;Balance;;;;;;;;;;179.33;Deposit
2023.12.22 12:20:39;Buy;0.01;XAUUSD;2 055.58;2 056.43;2 065.31;2023.12.22 12:29:54;2 056.40;-0.08;;0.82;[sl]
2023.12.22 01:00:27;Buy;0.01;XAUUSD;2 048.91;2 049.26;2 056.31;2023.12.22 01:08:04;2 049.25;-0.08;;0.34;[sl]
2023.12.21 14:38:18;Buy;0.01;XAUUSD;2 038.59;2 038.70;2 048.53;2023.12.21 14:41:03;2 038.70;-0.08;;0.11;[sl]
2023.12.20 23:31:05;Sell;0.01;XAUUSD;2 029.28;2 028.41;2 019.32;2023.12.20 23:37:42;2 028.43;-0.08;;0.85;[sl]
2023.12.20 12:29:13;Sell;0.01;XAUUSD;2 036.37;2 035.30;2 026.44;2023.12.20 13:08:42;2 035.35;-0.08;;1.02;[sl]
2023.12.19 16:37:18;Buy;0.01;XAUUSD;2 034.19;2 035.20;2 043.99;2023.12.19 16:39:43;2 035.15;-0.08;;0.96;[sl]
2023.12.17 21:56:29;Balance;;;;;;;;;;-18.65;
2023.12.16 19:41:15;Balance;;;;;;;;;;28.04;Deposit
2023.12.15 00:11:37;Balance;;;;;;;;;;10.61;Deposit
