Time;Type;Volume;Symbol;Price;S/L;T/P;Time;Price;Commission;Swap;Profit;Comment
2026.06.02 18:30:00;Sell;0.03;EURGBP;0.86366;;0.86336;2026.06.02 19:11:23;0.86336;-0.20;;1.04;[tp]
2026.06.02 18:15:00;Sell;0.03;EURGBP;0.86391;;0.86361;2026.06.02 18:27:46;0.86361;-0.20;;1.04;[tp]
2026.06.02 01:30:05;Sell;0.03;EURGBP;0.86454;;0.86388;2026.06.02 18:06:18;0.86385;-0.20;;2.40;[tp]
2026.06.01 20:30:00;Sell;0.03;EURGBP;0.86382;;0.86388;2026.06.02 18:06:18;0.86385;-0.20;0.06;-0.10;[tp]
2026.06.01 19:45:02;Sell;0.03;EURGBP;0.86410;;0.86380;2026.06.01 20:29:56;0.86381;-0.20;;1.01;[tp]
2026.06.01 18:30:00;Sell;0.03;EURGBP;0.86431;;0.86401;2026.06.01 19:36:08;0.86399;-0.20;;1.11;[tp]
2026.06.01 18:00:00;Sell;0.03;EURGBP;0.86458;;0.86428;2026.06.01 18:29:58;0.86428;-0.20;;1.04;[tp]
2026.06.01 17:00:00;Sell;0.03;EURGBP;0.86535;;0.86505;2026.06.01 17:53:53;0.86503;-0.20;;1.11;[tp]
2026.06.01 14:00:00;Buy;0.03;EURGBP;0.86515;;0.86581;2026.06.01 16:54:26;0.86581;-0.20;;2.29;[tp]
2026.06.01 10:15:00;Buy;0.03;EURGBP;0.86586;;0.86581;2026.06.01 16:54:26;0.86581;-0.20;;-0.17;[tp]
2026.06.01 05:30:00;Buy;0.03;EURGBP;0.86552;;0.86582;2026.06.01 10:00:15;0.86584;-0.20;;1.11;[tp]
2026.06.01 04:30:00;Sell;0.03;EURGBP;0.86570;;0.86540;2026.06.01 05:15:21;0.86540;-0.20;;1.04;[tp]
2026.06.01 03:00:00;Sell;0.03;EURGBP;0.86597;;0.86567;2026.06.01 04:25:55;0.86567;-0.20;;1.04;[tp]
2026.05.29 18:45:01;Sell;0.03;EURGBP;0.86671;;0.86595;2026.06.01 02:45:15;0.86598;-0.20;0.06;2.53;[tp]
2026.05.29 18:00:00;Sell;0.03;EURGBP;0.86578;;0.86595;2026.06.01 02:45:15;0.86598;-0.20;0.06;-0.69;[tp]
2026.05.29 11:45:00;Sell;0.12;EURGBP;0.86739;;0.86618;2026.05.29 17:57:37;0.86617;-0.78;;16.90;[tp]
2026.05.28 06:45:01;Sell;0.08;EURGBP;0.86669;;0.86618;2026.05.29 17:57:37;0.86617;-0.52;0.15;4.80;[tp]
2026.05.27 10:30:02;Sell;0.05;EURGBP;0.86595;;0.86618;2026.05.29 17:57:37;0.86617;-0.33;0.43;-1.27;[tp]
2026.05.27 07:30:00;Sell;0.03;EURGBP;0.86518;;0.86618;2026.05.29 17:57:37;0.86617;-0.20;0.27;-3.43;[tp]
2026.05.26 18:30:00;Sell;0.03;EURGBP;0.86447;;0.86618;2026.05.29 17:57:37;0.86617;-0.20;0.32;-5.89;[tp]
2026.05.26 18:00:00;Buy;0.03;EURGBP;0.86435;;0.86465;2026.05.26 18:19:35;0.86465;-0.20;;1.04;[tp]
2026.05.26 10:30:00;Buy;0.03;EURGBP;0.86361;;0.86391;2026.05.26 17:52:15;0.86391;-0.20;;1.04;[tp]
2026.05.26 09:45:01;Buy;0.03;EURGBP;0.86329;;0.86359;2026.05.26 10:25:06;0.86359;-0.20;;1.04;[tp]
2026.05.26 08:30:01;Buy;0.03;EURGBP;0.86284;;0.86314;2026.05.26 09:31:06;0.86314;-0.20;;1.04;[tp]
2026.05.25 22:45:00;Buy;0.05;EURGBP;0.86192;;0.86284;2026.05.26 08:26:54;0.86284;-0.33;-0.39;5.33;[tp]
2026.05.25 14:45:00;Buy;0.03;EURGBP;0.86269;;0.86284;2026.05.26 08:26:54;0.86284;-0.20;-0.23;0.52;[tp]
2026.05.25 10:30:00;Buy;0.03;EURGBP;0.86343;;0.86284;2026.05.26 08:26:54;0.86284;-0.20;-0.23;-2.05;[tp]
2026.05.25 01:15:00;Sell;0.03;EURGBP;0.86343;;0.86313;2026.05.25 10:16:22;0.86313;-0.20;;1.04;[tp]
2026.05.25 01:00:00;Sell;0.03;EURGBP;0.86449;;0.86419;2026.05.25 01:00:10;0.86419;-0.20;;1.04;[tp]
2026.05.22 16:00:00;Buy;0.03;EURGBP;0.86368;;0.86434;2026.05.25 00:05:08;0.86437;-0.20;-0.23;2.39;[tp]
2026.05.22 12:45:00;Buy;0.03;EURGBP;0.86439;;0.86434;2026.05.25 00:05:08;0.86437;-0.20;-0.23;-0.07;[tp]
2026.05.22 01:00:00;Sell;0.03;EURGBP;0.86449;;0.86419;2026.05.22 12:34:12;0.86420;-0.20;;1.01;[tp]
2026.05.21 14:30:00;Buy;0.05;EURGBP;0.86424;;0.86513;2026.05.22 00:09:16;0.86517;-0.33;-0.39;5.37;[tp]
2026.05.21 10:00:00;Buy;0.03;EURGBP;0.86496;;0.86513;2026.05.22 00:09:16;0.86517;-0.20;-0.23;0.73;[tp]
2026.05.21 05:45:01;Buy;0.03;EURGBP;0.86567;;0.86513;2026.05.22 00:09:16;0.86517;-0.20;-0.23;-1.73;[tp]
2026.05.21 01:15:03;Buy;0.03;EURGBP;0.86536;;0.86566;2026.05.21 05:42:04;0.86566;-0.20;;1.04;[tp]
2026.05.20 18:30:00;Buy;0.03;EURGBP;0.86459;;0.86535;2026.05.21 01:03:25;0.86535;-0.20;-0.70;2.63;[tp]
2026.05.20 15:45:00;Buy;0.03;EURGBP;0.86551;;0.86535;2026.05.21 01:03:25;0.86535;-0.20;-0.70;-0.55;[tp]
2026.05.20 14:15:00;Sell;0.03;EURGBP;0.86567;;0.86537;2026.05.20 15:39:36;0.86537;-0.20;;1.04;[tp]
2026.05.20 06:45:01;Sell;0.03;EURGBP;0.86593;;0.86563;2026.05.20 14:06:32;0.86563;-0.20;;1.04;[tp]
2026.05.20 03:15:00;Sell;0.03;EURGBP;0.86657;;0.86590;2026.05.20 06:39:12;0.86590;-0.20;;2.32;[tp]
2026.05.19 18:00:01;Sell;0.03;EURGBP;0.86582;;0.86590;2026.05.20 06:39:12;0.86590;-0.20;0.05;-0.28;[tp]
2026.05.19 15:30:00;Sell;0.03;EURGBP;0.86625;;0.86595;2026.05.19 17:58:30;0.86595;-0.20;;1.04;[tp]
2026.05.19 15:15:00;Sell;0.03;EURGBP;0.86654;;0.86624;2026.05.19 15:29:27;0.86624;-0.20;;1.04;[tp]
2026.05.19 13:30:00;Sell;0.03;EURGBP;0.86676;;0.86646;2026.05.19 15:05:03;0.86646;-0.20;;1.04;[tp]
2026.05.19 12:45:03;Sell;0.03;EURGBP;0.86693;;0.86663;2026.05.19 13:23:16;0.86662;-0.20;;1.07;[tp]
2026.05.19 12:30:00;Sell;0.03;EURGBP;0.86721;;0.86691;2026.05.19 12:40:12;0.86691;-0.20;;1.04;[tp]
2026.05.19 12:15:00;Sell;0.03;EURGBP;0.86761;;0.86731;2026.05.19 12:24:36;0.86731;-0.20;;1.04;[tp]
2026.05.19 10:15:02;Sell;0.05;EURGBP;0.86852;;0.86755;2026.05.19 12:09:05;0.86755;-0.33;;5.59;[tp]
2026.05.18 19:30:00;Sell;0.03;EURGBP;0.86779;;0.86755;2026.05.19 12:09:05;0.86755;-0.20;0.05;0.83;[tp]
2026.05.18 19:15:00;Sell;0.03;EURGBP;0.86681;;0.86755;2026.05.19 12:09:05;0.86755;-0.20;0.05;-2.56;[tp]
2026.05.18 19:00:00;Sell;0.03;EURGBP;0.86810;;0.86780;2026.05.18 19:03:24;0.86780;-0.20;;1.04;[tp]
2026.05.18 18:45:00;Sell;0.03;EURGBP;0.86892;;0.86862;2026.05.18 18:48:17;0.86862;-0.20;;1.04;[tp]
2026.05.18 17:30:01;Sell;0.03;EURGBP;0.86922;;0.86892;2026.05.18 18:36:05;0.86885;-0.20;;1.28;[tp]
2026.05.18 17:15:01;Sell;0.03;EURGBP;0.87007;;0.86977;2026.05.18 17:16:04;0.86976;-0.20;;1.07;[tp]
2026.05.18 17:00:00;Sell;0.03;EURGBP;0.87007;;0.86977;2026.05.18 17:11:01;0.86975;-0.20;;1.10;[tp]
2026.05.18 15:30:01;Sell;0.03;EURGBP;0.86996;;0.86966;2026.05.18 16:47:25;0.86966;-0.20;;1.03;[tp]
2026.05.18 15:00:00;Sell;0.03;EURGBP;0.87034;;0.87004;2026.05.18 15:21:40;0.87004;-0.20;;1.03;[tp]
2026.05.18 13:45:00;Sell;0.03;EURGBP;0.87098;;0.87032;2026.05.18 14:51:34;0.87032;-0.20;;2.28;[tp]
2026.05.18 12:00:00;Sell;0.03;EURGBP;0.87025;;0.87032;2026.05.18 14:51:34;0.87032;-0.20;;-0.24;[tp]
2026.05.18 11:45:00;Sell;0.03;EURGBP;0.87033;;0.87003;2026.05.18 11:55:54;0.87003;-0.20;;1.03;[tp]
2026.05.18 11:30:00;Sell;0.03;EURGBP;0.87065;;0.87035;2026.05.18 11:33:12;0.87035;-0.20;;1.03;[tp]
2026.05.18 11:15:00;Sell;0.03;EURGBP;0.87113;;0.87083;2026.05.18 11:25:18;0.87082;-0.20;;1.07;[tp]
2026.05.18 10:00:00;Sell;0.03;EURGBP;0.87120;;0.87090;2026.05.18 11:02:41;0.87090;-0.20;;1.03;[tp]
2026.05.15 18:30:00;Sell;0.05;EURGBP;0.87247;;0.87128;2026.05.18 09:55:31;0.87125;-0.33;0.10;7.00;[tp]
2026.05.15 16:45:00;Sell;0.03;EURGBP;0.87128;;0.87128;2026.05.18 09:55:31;0.87125;-0.20;0.06;0.10;[tp]
2026.05.15 14:30:00;Sell;0.03;EURGBP;0.87038;;0.87128;2026.05.18 09:55:31;0.87125;-0.20;0.06;-3.00;[tp]
2026.05.15 14:00:00;Sell;0.03;EURGBP;0.87047;;0.87017;2026.05.15 14:19:11;0.87017;-0.20;;1.03;[tp]
2026.05.15 13:15:00;Sell;0.03;EURGBP;0.87066;;0.87036;2026.05.15 13:48:14;0.87036;-0.20;;1.03;[tp]
2026.05.15 11:30:01;Sell;0.03;EURGBP;0.87140;;0.87073;2026.05.15 13:11:37;0.87074;-0.20;;2.27;[tp]
2026.05.15 10:30:00;Sell;0.03;EURGBP;0.87065;;0.87073;2026.05.15 13:11:37;0.87074;-0.20;;-0.31;[tp]
2026.05.15 09:30:00;Sell;0.31;EURGBP;0.87263;;0.87086;2026.05.15 10:22:27;0.87087;-2.02;;62.65;[tp]
2026.05.15 08:00:00;Sell;0.20;EURGBP;0.87155;;0.87086;2026.05.15 10:22:27;0.87086;-1.30;;15.85;[tp]
2026.05.14 21:00:00;Sell;0.12;EURGBP;0.87081;;0.87086;2026.05.15 10:22:27;0.87086;-0.78;0.23;-0.69;[tp]
2026.05.14 20:30:00;Sell;0.08;EURGBP;0.86978;;0.87086;2026.05.15 10:22:27;0.87086;-0.52;0.15;-9.92;[tp]
2026.05.14 19:45:00;Sell;0.05;EURGBP;0.86897;;0.87086;2026.05.15 10:22:27;0.87086;-0.33;0.09;-10.85;[tp]
2026.05.14 19:15:01;Sell;0.03;EURGBP;0.86757;;0.87086;2026.05.15 10:22:27;0.87086;-0.20;0.06;-11.33;[tp]
2026.05.14 15:30:00;Sell;0.03;EURGBP;0.86576;;0.87086;2026.05.15 10:22:27;0.87086;-0.20;0.06;-17.57;[tp]
2026.05.14 12:45:02;Sell;0.03;EURGBP;0.86615;;0.86585;2026.05.14 15:18:01;0.86585;-0.20;;1.04;[tp]
2026.05.14 11:00:00;Sell;0.03;EURGBP;0.86685;;0.86608;2026.05.14 12:40:56;0.86607;-0.20;;2.70;[tp]
2026.05.13 23:00:01;Sell;0.03;EURGBP;0.86591;;0.86608;2026.05.14 12:40:56;0.86607;-0.20;0.17;-0.55;[tp]
2026.05.13 17:15:00;Sell;0.03;EURGBP;0.86623;;0.86593;2026.05.13 22:57:27;0.86592;-0.20;;1.07;[tp]
2026.05.13 17:00:00;Sell;0.03;EURGBP;0.86651;;0.86621;2026.05.13 17:13:34;0.86621;-0.20;;1.04;[tp]
2026.05.13 14:00:00;Sell;0.03;EURGBP;0.86713;;0.86649;2026.05.13 16:45:41;0.86650;-0.20;;2.18;[tp]
2026.05.13 13:45:00;Sell;0.03;EURGBP;0.86644;;0.86649;2026.05.13 16:45:41;0.86650;-0.20;;-0.21;[tp]
2026.05.13 13:30:00;Buy;0.03;EURGBP;0.86650;;0.86680;2026.05.13 13:35:00;0.86680;-0.20;;1.04;[tp]
2026.05.13 13:15:00;Buy;0.03;EURGBP;0.86643;;0.86673;2026.05.13 13:16:33;0.86674;-0.20;;1.07;[tp]
2026.05.13 11:15:00;Buy;0.08;EURGBP;0.86558;;0.86681;2026.05.13 13:12:32;0.86683;-0.52;;11.54;[tp]
2026.05.13 08:30:00;Buy;0.05;EURGBP;0.86656;;0.86681;2026.05.13 13:12:32;0.86683;-0.33;;1.56;[tp]
2026.05.12 22:15:01;Buy;0.03;EURGBP;0.86733;;0.86681;2026.05.13 13:12:32;0.86683;-0.20;-0.23;-1.73;[tp]
2026.05.12 18:30:00;Buy;0.03;EURGBP;0.86808;;0.86681;2026.05.13 13:12:32;0.86683;-0.20;-0.23;-4.33;[tp]
2026.05.12 18:15:00;Buy;0.03;EURGBP;0.86782;;0.86812;2026.05.12 18:22:18;0.86812;-0.20;;1.04;[tp]
2026.05.12 18:00:00;Buy;0.03;EURGBP;0.86776;;0.86806;2026.05.12 18:02:08;0.86806;-0.20;;1.04;[tp]
2026.05.12 17:15:00;Buy;0.03;EURGBP;0.86725;;0.86794;2026.05.12 17:52:04;0.86793;-0.20;;2.35;[tp]
2026.05.12 15:45:01;Buy;0.03;EURGBP;0.86803;;0.86794;2026.05.12 17:52:04;0.86793;-0.20;;-0.35;[tp]
2026.05.12 15:15:01;Buy;0.03;EURGBP;0.86813;;0.86843;2026.05.12 15:31:30;0.86844;-0.20;;1.07;[tp]
2026.05.12 15:00:00;Buy;0.03;EURGBP;0.86785;;0.86815;2026.05.12 15:08:25;0.86815;-0.20;;1.04;[tp]
2026.05.12 14:15:00;Buy;0.03;EURGBP;0.86771;;0.86801;2026.05.12 14:53:50;0.86802;-0.20;;1.07;[tp]
2026.05.12 14:00:00;Buy;0.03;EURGBP;0.86757;;0.86787;2026.05.12 14:03:14;0.86789;-0.20;;1.11;[tp]
2026.05.12 13:45:00;Buy;0.03;EURGBP;0.86723;;0.86753;2026.05.12 13:57:34;0.86756;-0.20;;1.14;[tp]
2026.05.12 10:45:00;Sell;0.50;EURGBP;0.86879;;0.86712;2026.05.12 13:30:03;0.86712;-3.25;;96.30;[tp]
2026.05.12 10:15:00;Sell;0.31;EURGBP;0.86782;;0.86712;2026.05.12 13:30:03;0.86712;-2.02;;25.03;[tp]
2026.05.12 09:30:00;Sell;0.20;EURGBP;0.86691;;0.86712;2026.05.12 13:30:03;0.86712;-1.30;;-4.84;[tp]
2026.05.12 01:15:01;Sell;0.12;EURGBP;0.86616;;0.86712;2026.05.12 13:30:03;0.86712;-0.78;;-13.29;[tp]
2026.05.11 23:30:00;Sell;0.08;EURGBP;0.86532;;0.86712;2026.05.12 13:30:03;0.86712;-0.52;0.15;-16.61;[tp]
2026.05.11 22:45:00;Sell;0.05;EURGBP;0.86457;;0.86712;2026.05.12 13:30:03;0.86712;-0.33;0.09;-14.70;[tp]
2026.05.11 21:30:00;Sell;0.03;EURGBP;0.86378;;0.86712;2026.05.12 13:30:03;0.86712;-0.20;0.06;-11.56;[tp]
2026.05.11 19:00:00;Sell;0.03;EURGBP;0.86299;;0.86712;2026.05.12 13:30:03;0.86712;-0.20;0.06;-14.29;[tp]
2026.05.11 18:30:00;Sell;0.03;EURGBP;0.86329;;0.86299;2026.05.11 18:55:21;0.86299;-0.20;;1.04;[tp]
2026.05.11 18:00:00;Sell;0.03;EURGBP;0.86362;;0.86332;2026.05.11 18:23:55;0.86332;-0.20;;1.04;[tp]
2026.05.11 01:00:00;Sell;0.03;EURGBP;0.86670;;0.86410;2026.05.11 17:57:45;0.86410;-0.20;;9.03;[tp]
2026.05.07 19:45:00;Sell;0.08;EURGBP;0.86492;;0.86410;2026.05.11 17:57:45;0.86410;-0.52;0.30;7.59;[tp]
2026.05.06 12:45:00;Sell;0.05;EURGBP;0.86406;;0.86410;2026.05.11 17:57:45;0.86410;-0.33;0.45;-0.23;[tp]
2026.05.05 20:15:00;Sell;0.03;EURGBP;0.86328;;0.86410;2026.05.11 17:57:45;0.86410;-0.20;0.32;-2.85;[tp]
2026.05.05 19:00:00;Sell;0.03;EURGBP;0.86241;;0.86410;2026.05.11 17:57:45;0.86410;-0.20;0.32;-5.87;[tp]
2026.05.05 17:15:00;Sell;0.03;EURGBP;0.86292;;0.86262;2026.05.05 18:51:38;0.86262;-0.20;;1.04;[tp]
2026.05.05 12:15:02;Sell;0.03;EURGBP;0.86308;;0.86278;2026.05.05 17:08:38;0.86279;-0.20;;1.01;[tp]
2026.05.05 11:15:02;Sell;0.03;EURGBP;0.86328;;0.86298;2026.05.05 12:03:48;0.86298;-0.20;;1.04;[tp]
2026.05.05 10:00:00;Sell;0.03;EURGBP;0.86356;;0.86326;2026.05.05 11:13:05;0.86325;-0.20;;1.08;[tp]
2026.05.04 20:15:00;Sell;0.03;EURGBP;0.86379;;0.86349;2026.05.05 09:55:02;0.86347;-0.20;0.05;1.11;[tp]
2026.05.04 19:30:00;Sell;0.03;EURGBP;0.86412;;0.86382;2026.05.04 20:05:28;0.86382;-0.20;;1.04;[tp]
2026.05.04 19:00:00;Sell;0.03;EURGBP;0.86438;;0.86408;2026.05.04 19:27:00;0.86408;-0.20;;1.04;[tp]
2026.05.04 18:30:00;Buy;0.03;EURGBP;0.86430;;0.86460;2026.05.04 18:51:09;0.86461;-0.20;;1.08;[tp]
2026.05.04 15:00:00;Buy;0.03;EURGBP;0.86356;;0.86425;2026.05.04 18:19:51;0.86425;-0.20;;2.40;[tp]
2026.05.04 13:15:00;Buy;0.03;EURGBP;0.86433;;0.86425;2026.05.04 18:19:51;0.86425;-0.20;;-0.28;[tp]
2026.05.04 11:30:00;Buy;0.03;EURGBP;0.86409;;0.86439;2026.05.04 13:05:19;0.86440;-0.20;;1.08;[tp]
2026.05.04 10:15:00;Buy;0.03;EURGBP;0.86376;;0.86406;2026.05.04 11:27:13;0.86404;-0.20;;0.97;[tp]
2026.05.01 19:15:00;Buy;0.03;EURGBP;0.86303;;0.86371;2026.05.04 10:04:53;0.86371;-0.20;-0.24;2.36;[tp]
2026.05.01 18:00:00;Buy;0.03;EURGBP;0.86379;;0.86371;2026.05.04 10:04:53;0.86371;-0.20;-0.24;-0.28;[tp]
2026.04.30 22:15:01;Buy;0.20;EURGBP;0.86258;;0.86403;2026.05.01 17:57:33;0.86402;-1.30;-1.62;33.33;[tp]
2026.04.30 21:00:00;Buy;0.12;EURGBP;0.86334;;0.86403;2026.05.01 17:57:33;0.86402;-0.78;-0.97;9.44;[tp]
2026.04.30 17:21:20;Buy;0.03;EURGBP;0.86409;;0.86403;2026.05.01 17:57:33;0.86402;-0.20;-0.24;-0.24;[tp]
2026.04.30 16:00:00;Buy;0.05;EURGBP;0.86534;;0.86403;2026.05.01 17:57:33;0.86402;-0.33;-0.41;-7.64;[tp]
2026.04.29 19:30:00;Buy;0.03;EURGBP;0.86638;;0.86403;2026.05.01 17:57:33;0.86402;-0.20;-0.97;-8.19;[tp]
2026.04.29 17:00:00;Buy;0.03;EURGBP;0.86728;;0.86403;2026.05.01 17:57:33;0.86402;-0.20;-0.97;-11.32;[tp]
2026.04.28 18:15:01;Buy;0.03;EURGBP;0.86694;;0.86724;2026.04.29 16:49:21;0.86726;-0.20;-0.24;1.11;[tp]
2026.04.28 17:15:00;Buy;0.03;EURGBP;0.86684;;0.86714;2026.04.28 18:03:58;0.86714;-0.20;;1.04;[tp]
2026.04.28 16:00:00;Sell;0.03;EURGBP;0.86691;;0.86661;2026.04.28 17:07:48;0.86657;-0.20;;1.18;[tp]
2026.04.28 14:45:00;Sell;0.03;EURGBP;0.86759;;0.86683;2026.04.28 15:54:51;0.86684;-0.20;;2.60;[tp]
2026.04.28 13:00:00;Sell;0.03;EURGBP;0.86667;;0.86683;2026.04.28 15:54:51;0.86683;-0.20;;-0.55;[tp]
2026.04.27 17:30:00;Buy;0.03;EURGBP;0.86603;;0.86676;2026.04.28 12:46:14;0.86676;-0.20;-0.23;2.53;[tp]
2026.04.27 16:15:00;Buy;0.03;EURGBP;0.86689;;0.86676;2026.04.28 12:46:14;0.86676;-0.20;-0.23;-0.45;[tp]
2026.04.24 20:30:00;Buy;0.05;EURGBP;0.86651;;0.86744;2026.04.27 16:00:39;0.86743;-0.33;-0.39;5.30;[tp]
2026.04.24 16:00:00;Buy;0.03;EURGBP;0.86724;;0.86744;2026.04.27 16:00:39;0.86743;-0.20;-0.23;0.66;[tp]
2026.04.24 14:45:02;Buy;0.03;EURGBP;0.86810;;0.86744;2026.04.27 16:00:39;0.86743;-0.20;-0.23;-2.32;[tp]
2026.04.24 14:30:00;Buy;0.03;EURGBP;0.86774;;0.86804;2026.04.24 14:43:39;0.86804;-0.20;;1.04;[tp]
2026.04.24 14:15:00;Buy;0.03;EURGBP;0.86754;;0.86784;2026.04.24 14:21:23;0.86784;-0.20;;1.04;[tp]
2026.04.24 12:30:00;Buy;0.03;EURGBP;0.86696;;0.86766;2026.04.24 14:05:30;0.86768;-0.20;;2.49;[tp]
2026.04.23 20:15:00;Buy;0.03;EURGBP;0.86776;;0.86766;2026.04.24 14:05:29;0.86768;-0.20;-0.23;-0.28;[tp]
2026.04.23 18:45:00;Buy;0.03;EURGBP;0.86729;;0.86759;2026.04.23 20:09:36;0.86760;-0.20;;1.07;[tp]
2026.04.23 12:45:01;Buy;0.20;EURGBP;0.86594;;0.86741;2026.04.23 18:38:59;0.86742;-1.30;;34.12;[tp]
2026.04.22 20:15:00;Buy;0.12;EURGBP;0.86683;;0.86741;2026.04.23 18:38:59;0.86742;-0.78;-2.78;8.16;[tp]
2026.04.22 18:30:00;Buy;0.08;EURGBP;0.86773;;0.86741;2026.04.23 18:38:59;0.86742;-0.52;-1.85;-2.86;[tp]
2026.04.22 16:30:00;Buy;0.05;EURGBP;0.86851;;0.86741;2026.04.23 18:38:59;0.86742;-0.33;-1.16;-6.28;[tp]
2026.04.22 03:15:01;Buy;0.03;EURGBP;0.86924;;0.86741;2026.04.23 18:38:59;0.86742;-0.20;-0.69;-6.29;[tp]
2026.04.21 18:00:00;Buy;0.03;EURGBP;0.86997;;0.86741;2026.04.23 18:38:59;0.86742;-0.20;-0.92;-8.82;[tp]
2026.04.21 15:30:00;Sell;0.03;EURGBP;0.86972;;0.86942;2026.04.21 17:45:42;0.86942;-0.20;;1.04;[tp]
2026.04.21 14:45:00;Sell;0.03;EURGBP;0.87025;;0.86995;2026.04.21 15:25:34;0.86995;-0.20;;1.03;[tp]
2026.04.21 13:15:01;Sell;0.03;EURGBP;0.87051;;0.87021;2026.04.21 14:31:06;0.87021;-0.20;;1.03;[tp]
2026.04.21 12:30:00;Sell;0.03;EURGBP;0.87096;;0.87066;2026.04.21 13:08:27;0.87066;-0.20;;1.03;[tp]
2026.04.21 11:15:00;Sell;0.05;EURGBP;0.87185;;0.87090;2026.04.21 12:19:55;0.87090;-0.33;;5.45;[tp]
2026.04.21 03:15:01;Sell;0.03;EURGBP;0.87103;;0.87090;2026.04.21 12:19:54;0.87090;-0.20;;0.45;[tp]
2026.04.20 13:00:01;Sell;0.03;EURGBP;0.87029;;0.87090;2026.04.21 12:19:54;0.87090;-0.20;0.06;-2.10;[tp]
2026.04.20 11:30:00;Sell;0.03;EURGBP;0.87134;;0.87067;2026.04.20 12:53:19;0.87066;-0.20;;2.34;[tp]
2026.04.20 10:45:02;Sell;0.03;EURGBP;0.87060;;0.87067;2026.04.20 12:53:19;0.87066;-0.20;;-0.21;[tp]
2026.04.20 10:00:00;Sell;0.03;EURGBP;0.87105;;0.87075;2026.04.20 10:30:17;0.87075;-0.20;;1.03;[tp]
2026.04.20 03:15:02;Buy;0.03;EURGBP;0.87125;;0.87155;2026.04.20 09:50:31;0.87155;-0.20;;1.03;[tp]
2026.04.17 17:45:00;Buy;0.03;EURGBP;0.87084;;0.87114;2026.04.20 03:07:02;0.87113;-0.20;-0.23;1.00;[tp]
2026.04.17 09:15:00;Sell;0.05;EURGBP;0.87185;;0.87058;2026.04.17 17:36:41;0.87058;-0.33;;7.29;[tp]
2026.04.16 17:30:00;Sell;0.03;EURGBP;0.87098;;0.87058;2026.04.17 17:36:41;0.87058;-0.20;0.05;1.38;[tp]
2026.04.16 16:45:01;Sell;0.03;EURGBP;0.86917;;0.87058;2026.04.17 17:36:41;0.87059;-0.20;0.05;-4.89;[tp]
2026.04.16 12:45:00;Sell;0.03;EURGBP;0.87008;;0.86937;2026.04.16 16:31:56;0.86937;-0.20;;2.45;[tp]
2026.04.16 09:15:02;Sell;0.03;EURGBP;0.86925;;0.86937;2026.04.16 16:31:56;0.86937;-0.20;;-0.41;[tp]
2026.04.15 23:45:05;Sell;0.03;EURGBP;0.86975;;0.86945;2026.04.16 09:00:10;0.86944;-0.20;0.17;1.07;[tp]
2026.04.15 16:00:00;Buy;0.03;EURGBP;0.86965;;0.86995;2026.04.15 23:32:16;0.86995;-0.20;;1.03;[tp]
2026.04.14 15:45:02;Buy;0.08;EURGBP;0.86854;;0.86976;2026.04.15 15:49:41;0.86976;-0.52;-0.61;11.22;[tp]
2026.04.14 14:15:09;Buy;0.05;EURGBP;0.86949;;0.86976;2026.04.15 15:49:41;0.86976;-0.33;-0.38;1.55;[tp]
2026.04.14 12:45:01;Buy;0.03;EURGBP;0.87029;;0.86976;2026.04.15 15:49:41;0.86976;-0.20;-0.23;-1.83;[tp]
2026.04.14 10:15:00;Buy;0.03;EURGBP;0.87102;;0.86976;2026.04.15 15:49:41;0.86976;-0.20;-0.23;-4.35;[tp]
2026.04.13 22:00:00;Buy;0.03;EURGBP;0.87098;;0.87128;2026.04.14 10:02:22;0.87129;-0.20;-0.23;1.07;[tp]
2026.04.13 16:30:00;Buy;0.03;EURGBP;0.87013;;0.87079;2026.04.13 21:52:21;0.87079;-0.20;;2.27;[tp]
2026.04.13 11:15:01;Buy;0.03;EURGBP;0.87084;;0.87079;2026.04.13 21:52:21;0.87079;-0.20;;-0.17;[tp]
2026.04.13 11:00:01;Sell;0.03;EURGBP;0.87085;;0.87055;2026.04.13 11:05:36;0.87054;-0.20;;1.07;[tp]
2026.04.13 09:45:00;Sell;0.03;EURGBP;0.87112;;0.87082;2026.04.13 10:59:06;0.87081;-0.20;;1.07;[tp]
2026.04.13 03:45:00;Sell;0.05;EURGBP;0.87221;;0.87127;2026.04.13 09:40:47;0.87127;-0.33;;5.39;[tp]
2026.04.13 01:15:00;Sell;0.03;EURGBP;0.87149;;0.87127;2026.04.13 09:40:47;0.87127;-0.20;;0.76;[tp]
2026.04.10 15:30:00;Sell;0.03;EURGBP;0.87058;;0.87127;2026.04.13 09:40:47;0.87127;-0.20;0.06;-2.38;[tp]
2026.04.10 13:00:00;Sell;0.03;EURGBP;0.87142;;0.87069;2026.04.10 15:29:38;0.87069;-0.20;;2.52;[tp]
2026.04.09 19:30:02;Sell;0.03;EURGBP;0.87056;;0.87069;2026.04.10 15:29:38;0.87069;-0.20;0.06;-0.45;[tp]
2026.04.09 18:15:00;Sell;0.03;EURGBP;0.87129;;0.87061;2026.04.09 19:27:54;0.87061;-0.20;;2.34;[tp]
2026.04.09 14:45:05;Sell;0.03;EURGBP;0.87053;;0.87061;2026.04.09 19:27:54;0.87061;-0.20;;-0.28;[tp]
2026.04.09 10:30:00;Sell;0.03;EURGBP;0.87119;;0.87050;2026.04.09 14:43:50;0.87049;-0.20;;2.41;[tp]
2026.04.09 01:00:00;Sell;0.03;EURGBP;0.87040;;0.87050;2026.04.09 14:43:50;0.87049;-0.20;;-0.31;[tp]
2026.04.08 14:15:08;Buy;0.12;EURGBP;0.86931;;0.87071;2026.04.08 23:58:45;0.87072;-0.78;;19.43;[tp]
2026.04.08 08:45:00;Buy;0.08;EURGBP;0.87032;;0.87071;2026.04.08 23:58:45;0.87072;-0.52;;3.68;[tp]
2026.04.08 05:00:00;Buy;0.05;EURGBP;0.87103;;0.87071;2026.04.08 23:58:45;0.87072;-0.33;;-1.78;[tp]
2026.04.08 04:00:00;Buy;0.03;EURGBP;0.87184;;0.87071;2026.04.08 23:58:45;0.87072;-0.20;;-3.86;[tp]
2026.04.08 01:00:00;Buy;0.03;EURGBP;0.87258;;0.87071;2026.04.08 23:58:45;0.87072;-0.20;;-6.41;[tp]
2026.04.07 17:00:01;Sell;0.05;EURGBP;0.87332;;0.87223;2026.04.07 23:49:11;0.87223;-0.33;;6.25;[tp]
2026.04.07 13:45:01;Sell;0.03;EURGBP;0.87229;;0.87223;2026.04.07 23:49:11;0.87223;-0.20;;0.21;[tp]
2026.04.07 11:45:00;Sell;0.03;EURGBP;0.87145;;0.87223;2026.04.07 23:49:11;0.87223;-0.20;;-2.68;[tp]
2026.04.07 10:30:04;Sell;0.03;EURGBP;0.87206;;0.87141;2026.04.07 11:43:46;0.87134;-0.20;;2.48;[tp]
2026.04.07 09:30:00;Sell;0.03;EURGBP;0.87135;;0.87141;2026.04.07 11:43:46;0.87134;-0.20;;0.03;[tp]
2026.04.06 18:30:01;Sell;0.03;EURGBP;0.87244;;0.87175;2026.04.07 09:16:47;0.87175;-0.20;0.05;2.37;[tp]
2026.04.06 13:15:00;Sell;0.03;EURGBP;0.87166;;0.87175;2026.04.07 09:16:47;0.87175;-0.20;0.05;-0.31;[tp]
2026.04.06 01:00:00;Sell;0.03;EURGBP;0.87261;;0.87186;2026.04.06 13:01:51;0.87186;-0.20;;2.58;[tp]
2026.04.03 23:45:01;Sell;0.03;EURGBP;0.87170;;0.87186;2026.04.06 13:01:51;0.87186;-0.20;0.06;-0.55;[tp]
2026.04.03 23:15:00;Buy;0.03;EURGBP;0.87291;;0.87321;2026.04.03 23:30:05;0.87322;-0.20;;1.07;[tp]
2026.04.03 18:30:00;Sell;0.03;EURGBP;0.87293;;0.87263;2026.04.03 23:10:39;0.87261;-0.20;;1.10;[tp]
2026.04.03 16:30:00;Sell;0.03;EURGBP;0.87273;;0.87243;2026.04.03 18:20:15;0.87222;-0.20;;1.75;[tp]
2026.04.03 16:00:01;Buy;0.03;EURGBP;0.87269;;0.87299;2026.04.03 16:23:22;0.87300;-0.20;;1.07;[tp]
2026.04.03 03:45:00;Buy;0.03;EURGBP;0.87205;;0.87272;2026.04.03 15:55:05;0.87273;-0.20;;2.34;[tp]
2026.04.02 17:45:00;Buy;0.03;EURGBP;0.87279;;0.87272;2026.04.03 15:55:05;0.87273;-0.20;-0.23;-0.21;[tp]
2026.04.02 15:00:00;Buy;0.03;EURGBP;0.87247;;0.87318;2026.04.02 17:40:13;0.87318;-0.20;;2.44;[tp]
2026.04.02 11:45:00;Buy;0.03;EURGBP;0.87329;;0.87318;2026.04.02 17:40:13;0.87318;-0.20;;-0.38;[tp]
2026.04.02 11:30:03;Buy;0.03;EURGBP;0.87292;;0.87322;2026.04.02 11:35:15;0.87322;-0.20;;1.03;[tp]
2026.04.02 09:30:00;Buy;0.03;EURGBP;0.87262;;0.87292;2026.04.02 11:15:52;0.87291;-0.20;;1.00;[tp]
2026.04.02 09:15:00;Buy;0.03;EURGBP;0.87230;;0.87260;2026.04.02 09:25:37;0.87260;-0.20;;1.03;[tp]
2026.04.02 06:15:00;Buy;0.03;EURGBP;0.87202;;0.87232;2026.04.02 09:00:15;0.87232;-0.20;;1.03;[tp]
2026.04.02 04:30:00;Buy;0.03;EURGBP;0.87159;;0.87189;2026.04.02 06:13:46;0.87189;-0.20;;1.03;[tp]
2026.04.02 03:00:01;Buy;0.03;EURGBP;0.87131;;0.87161;2026.04.02 04:19:39;0.87160;-0.20;;1.00;[tp]
2026.04.01 21:15:00;Buy;0.03;EURGBP;0.87096;;0.87126;2026.04.02 02:45:25;0.87126;-0.20;-0.70;1.03;[tp]
2026.04.01 20:15:02;Sell;0.03;EURGBP;0.87088;;0.87058;2026.04.01 21:00:37;0.87058;-0.20;;1.03;[tp]
2026.04.01 20:00:01;Sell;0.03;EURGBP;0.87105;;0.87075;2026.04.01 20:09:15;0.87075;-0.20;;1.03;[tp]
2026.04.01 15:30:00;Sell;0.03;EURGBP;0.87182;;0.87099;2026.04.01 19:46:58;0.87099;-0.20;;2.86;[tp]
2026.04.01 15:15:00;Sell;0.03;EURGBP;0.87076;;0.87099;2026.04.01 19:46:58;0.87099;-0.20;;-0.79;[tp]
2026.04.01 14:30:01;Sell;0.03;EURGBP;0.87135;;0.87105;2026.04.01 15:06:43;0.87105;-0.20;;1.03;[tp]
2026.04.01 14:00:01;Sell;0.03;EURGBP;0.87201;;0.87134;2026.04.01 14:28:04;0.87134;-0.20;;2.31;[tp]
2026.04.01 13:30:00;Sell;0.03;EURGBP;0.87127;;0.87134;2026.04.01 14:28:04;0.87134;-0.20;;-0.24;[tp]
2026.04.01 13:15:00;Sell;0.03;EURGBP;0.87167;;0.87137;2026.04.01 13:22:16;0.87137;-0.20;;1.03;[tp]
2026.04.01 12:45:00;Sell;0.03;EURGBP;0.87215;;0.87185;2026.04.01 13:07:00;0.87185;-0.20;;1.03;[tp]
2026.04.01 12:30:00;Sell;0.03;EURGBP;0.87222;;0.87192;2026.04.01 12:38:47;0.87192;-0.20;;1.03;[tp]
2026.04.01 10:30:00;Sell;0.03;EURGBP;0.87287;;0.87212;2026.04.01 12:28:38;0.87212;-0.20;;2.58;[tp]
2026.04.01 09:15:01;Sell;0.03;EURGBP;0.87196;;0.87212;2026.04.01 12:28:38;0.87212;-0.20;;-0.55;[tp]
2026.03.31 23:30:00;Sell;0.05;EURGBP;0.87361;;0.87261;2026.04.01 09:00:01;0.87260;-0.33;0.10;5.79;[tp]
2026.03.31 22:00:00;Sell;0.03;EURGBP;0.87272;;0.87261;2026.04.01 09:00:01;0.87260;-0.20;0.06;0.41;[tp]
2026.03.31 21:15:01;Sell;0.03;EURGBP;0.87195;;0.87261;2026.04.01 09:00:01;0.87260;-0.20;0.06;-2.23;[tp]
2026.03.31 20:30:00;Sell;0.03;EURGBP;0.87241;;0.87211;2026.03.31 21:00:27;0.87209;-0.20;;1.10;[tp]
2026.03.31 19:00:00;Sell;0.03;EURGBP;0.87358;;0.87273;2026.03.31 20:18:38;0.87273;-0.20;;2.92;[tp]
2026.03.31 18:15:00;Sell;0.03;EURGBP;0.87248;;0.87273;2026.03.31 20:18:38;0.87273;-0.20;;-0.86;[tp]
2026.03.31 18:00:00;Buy;0.03;EURGBP;0.87364;;0.87394;2026.03.31 18:00:13;0.87395;-0.20;;1.06;[tp]
2026.03.31 17:45:00;Buy;0.03;EURGBP;0.87042;;0.87072;2026.03.31 17:47:32;0.87072;-0.20;;1.03;[tp]
2026.03.31 17:30:00;Buy;0.03;EURGBP;0.87021;;0.87051;2026.03.31 17:39:30;0.87051;-0.20;;1.03;[tp]
2026.03.31 17:15:00;Buy;0.03;EURGBP;0.86990;;0.87020;2026.03.31 17:28:36;0.87020;-0.20;;1.03;[tp]
2026.03.31 17:00:00;Buy;0.03;EURGBP;0.86955;;0.86985;2026.03.31 17:12:04;0.86985;-0.20;;1.03;[tp]
2026.03.31 16:45:00;Buy;0.03;EURGBP;0.86934;;0.86964;2026.03.31 16:52:53;0.86960;-0.20;;0.90;[tp]
2026.03.31 16:15:00;Buy;0.03;EURGBP;0.86914;;0.86944;2026.03.31 16:36:35;0.86944;-0.20;;1.04;[tp]
2026.03.31 11:45:00;Buy;0.05;EURGBP;0.86813;;0.86914;2026.03.31 16:03:18;0.86914;-0.33;;5.81;[tp]
2026.03.31 04:45:02;Buy;0.03;EURGBP;0.86895;;0.86914;2026.03.31 16:03:18;0.86914;-0.20;;0.66;[tp]
2026.03.31 03:15:01;Buy;0.03;EURGBP;0.86990;;0.86914;2026.03.31 16:03:18;0.86914;-0.20;;-2.62;[tp]
2026.03.31 01:15:05;Buy;0.03;EURGBP;0.86957;;0.86987;2026.03.31 03:12:29;0.86987;-0.20;;1.03;[tp]
2026.03.30 22:00:00;Buy;0.03;EURGBP;0.86925;;0.86955;2026.03.31 01:02:48;0.86955;-0.20;-0.23;1.04;[tp]
2026.03.30 18:15:01;Buy;0.03;EURGBP;0.86859;;0.86928;2026.03.30 21:58:20;0.86928;-0.20;;2.38;[tp]
2026.03.30 17:30:00;Buy;0.03;EURGBP;0.86936;;0.86928;2026.03.30 21:58:20;0.86928;-0.20;;-0.28;[tp]
2026.03.30 16:45:01;Buy;0.03;EURGBP;0.86951;;0.86981;2026.03.30 17:17:57;0.86981;-0.20;;1.03;[tp]
2026.03.30 14:30:01;Buy;0.03;EURGBP;0.86774;;0.86848;2026.03.30 16:32:23;0.86848;-0.20;;2.56;[tp]
2026.03.30 12:00:00;Buy;0.03;EURGBP;0.86862;;0.86848;2026.03.30 16:32:23;0.86848;-0.20;;-0.48;[tp]
2026.03.30 11:30:00;Buy;0.03;EURGBP;0.86841;;0.86871;2026.03.30 11:57:30;0.86871;-0.20;;1.04;[tp]
2026.03.30 08:15:01;Buy;0.03;EURGBP;0.86751;;0.86821;2026.03.30 11:18:50;0.86822;-0.20;;2.45;[tp]
2026.03.30 04:00:00;Buy;0.03;EURGBP;0.86830;;0.86821;2026.03.30 11:18:50;0.86822;-0.20;;-0.28;[tp]
2026.03.30 01:15:00;Buy;0.03;EURGBP;0.86813;;0.86843;2026.03.30 03:52:36;0.86845;-0.20;;1.11;[tp]
2026.03.27 20:00:01;Buy;0.03;EURGBP;0.86761;;0.86791;2026.03.30 01:04:02;0.86792;-0.20;-0.28;1.07;[tp]
2026.03.27 19:45:00;Buy;0.03;EURGBP;0.86738;;0.86768;2026.03.27 19:59:30;0.86768;-0.20;;1.04;[tp]
2026.03.27 19:30:00;Buy;0.03;EURGBP;0.86701;;0.86731;2026.03.27 19:39:32;0.86734;-0.20;;1.14;[tp]
2026.03.27 19:00:00;Buy;0.03;EURGBP;0.86673;;0.86703;2026.03.27 19:28:43;0.86703;-0.20;;1.04;[tp]
2026.03.27 17:45:00;Buy;0.03;EURGBP;0.86622;;0.86652;2026.03.27 18:55:15;0.86652;-0.20;;1.04;[tp]
2026.03.27 16:15:00;Sell;0.12;EURGBP;0.86734;;0.86590;2026.03.27 17:31:11;0.86590;-0.78;;19.96;[tp]
2026.03.27 12:30:00;Sell;0.05;EURGBP;0.86552;;0.86590;2026.03.27 17:31:11;0.86590;-0.33;;-2.19;[tp]
2026.03.26 19:15:01;Sell;0.03;EURGBP;0.86481;;0.86590;2026.03.27 17:31:11;0.86590;-0.20;0.06;-3.78;[tp]
2026.03.26 17:30:00;Sell;0.03;EURGBP;0.86392;;0.86590;2026.03.27 17:31:11;0.86590;-0.20;0.06;-6.86;[tp]
2026.03.27 15:00:00;Sell;0.08;EURGBP;0.86630;;0.86590;2026.03.27 17:31:10;0.86590;-0.52;;3.70;[tp]
2026.03.26 16:45:00;Sell;0.03;EURGBP;0.86429;;0.86399;2026.03.26 17:15:20;0.86399;-0.20;;1.04;[tp]
2026.03.26 15:00:00;Sell;0.03;EURGBP;0.86477;;0.86447;2026.03.26 16:36:07;0.86447;-0.20;;1.04;[tp]
2026.03.26 14:30:00;Sell;0.03;EURGBP;0.86491;;0.86461;2026.03.26 14:53:00;0.86461;-0.20;;1.04;[tp]
2026.03.26 05:30:00;Sell;0.03;EURGBP;0.86557;;0.86492;2026.03.26 14:28:53;0.86492;-0.20;;2.25;[tp]
2026.03.25 19:15:01;Sell;0.03;EURGBP;0.86486;;0.86492;2026.03.26 14:28:53;0.86492;-0.20;0.16;-0.21;[tp]
2026.03.25 17:15:00;Sell;0.03;EURGBP;0.86568;;0.86502;2026.03.25 19:06:31;0.86502;-0.20;;2.29;[tp]
2026.03.25 14:45:00;Sell;0.03;EURGBP;0.86495;;0.86502;2026.03.25 19:06:31;0.86502;-0.20;;-0.24;[tp]
2026.03.25 14:15:02;Sell;0.03;EURGBP;0.86524;;0.86494;2026.03.25 14:42:52;0.86494;-0.20;;1.04;[tp]
2026.03.25 11:30:00;Sell;0.03;EURGBP;0.86541;;0.86511;2026.03.25 14:08:56;0.86511;-0.20;;1.04;[tp]
2026.03.25 08:30:00;Sell;0.08;EURGBP;0.86632;;0.86527;2026.03.25 11:15:33;0.86527;-0.52;;9.71;[tp]
2026.03.24 19:15:00;Sell;0.05;EURGBP;0.86561;;0.86527;2026.03.25 11:15:33;0.86527;-0.33;0.09;1.96;[tp]
2026.03.24 11:45:00;Sell;0.03;EURGBP;0.86489;;0.86527;2026.03.25 11:15:33;0.86527;-0.20;0.06;-1.32;[tp]
2026.03.24 10:15:00;Sell;0.03;EURGBP;0.86418;;0.86527;2026.03.25 11:15:33;0.86527;-0.20;0.06;-3.78;[tp]
2026.03.24 09:15:01;Sell;0.03;EURGBP;0.86432;;0.86402;2026.03.24 10:03:03;0.86401;-0.20;;1.08;[tp]
2026.03.24 05:45:00;Sell;0.03;EURGBP;0.86443;;0.86413;2026.03.24 09:03:12;0.86411;-0.20;;1.11;[tp]
2026.03.24 04:15:00;Sell;0.03;EURGBP;0.86516;;0.86441;2026.03.24 05:44:28;0.86441;-0.20;;2.60;[tp]
2026.03.23 21:00:00;Sell;0.03;EURGBP;0.86425;;0.86441;2026.03.24 05:44:27;0.86441;-0.20;0.06;-0.56;[tp]
2026.03.23 19:00:00;Sell;0.05;EURGBP;0.86557;;0.86431;2026.03.23 20:49:39;0.86431;-0.33;;7.29;[tp]
2026.03.23 18:15:00;Sell;0.03;EURGBP;0.86424;;0.86431;2026.03.23 20:49:39;0.86431;-0.20;;-0.24;[tp]
2026.03.23 17:30:00;Sell;0.03;EURGBP;0.86339;;0.86431;2026.03.23 20:49:39;0.86431;-0.20;;-3.19;[tp]
2026.03.23 16:15:00;Sell;0.03;EURGBP;0.86436;;0.86406;2026.03.23 17:23:19;0.86406;-0.20;;1.04;[tp]
2026.03.23 15:45:00;Sell;0.03;EURGBP;0.86454;;0.86424;2026.03.23 16:09:21;0.86424;-0.20;;1.04;[tp]
2026.03.23 15:30:00;Sell;0.03;EURGBP;0.86486;;0.86456;2026.03.23 15:44:28;0.86456;-0.20;;1.04;[tp]
2026.03.23 15:15:00;Sell;0.03;EURGBP;0.86503;;0.86473;2026.03.23 15:15:50;0.86474;-0.20;;1.01;[tp]
2026.03.23 14:30:00;Sell;0.03;EURGBP;0.86505;;0.86475;2026.03.23 15:04:41;0.86475;-0.20;;1.04;[tp]
2026.03.23 14:15:00;Buy;0.05;EURGBP;0.86542;;0.86660;2026.03.23 14:22:01;0.86659;-0.33;;6.75;[tp]
2026.03.23 11:15:00;Buy;0.03;EURGBP;0.86644;;0.86660;2026.03.23 14:22:01;0.86660;-0.20;;0.55;[tp]
2026.03.23 10:00:00;Buy;0.03;EURGBP;0.86763;;0.86660;2026.03.23 14:22:01;0.86660;-0.20;;-3.57;[tp]
2026.03.23 03:00:00;Buy;0.03;EURGBP;0.86706;;0.86773;2026.03.23 09:52:37;0.86773;-0.20;;2.32;[tp]
2026.03.23 01:15:00;Buy;0.03;EURGBP;0.86779;;0.86773;2026.03.23 09:52:37;0.86773;-0.20;;-0.21;[tp]
2026.03.20 20:45:00;Buy;0.03;EURGBP;0.86671;;0.86754;2026.03.23 01:01:43;0.86754;-0.20;-0.23;2.87;[tp]
2026.03.20 19:00:00;Buy;0.03;EURGBP;0.86776;;0.86754;2026.03.23 01:01:43;0.86754;-0.20;-0.23;-0.76;[tp]
2026.03.20 18:00:00;Buy;0.03;EURGBP;0.86676;;0.86706;2026.03.20 18:50:48;0.86707;-0.20;;1.07;[tp]
2026.03.20 17:30:00;Buy;0.03;EURGBP;0.86620;;0.86650;2026.03.20 17:51:18;0.86651;-0.20;;1.07;[tp]
2026.03.20 17:15:01;Buy;0.03;EURGBP;0.86590;;0.86620;2026.03.20 17:22:23;0.86619;-0.20;;1.00;[tp]
2026.03.20 16:15:02;Buy;0.03;EURGBP;0.86467;;0.86497;2026.03.20 17:07:46;0.86498;-0.20;;1.08;[tp]
2026.03.20 14:45:00;Buy;0.03;EURGBP;0.86411;;0.86441;2026.03.20 16:03:48;0.86441;-0.20;;1.04;[tp]
2026.03.20 13:45:00;Buy;0.03;EURGBP;0.86394;;0.86424;2026.03.20 14:41:37;0.86426;-0.20;;1.11;[tp]
2026.03.20 13:15:00;Buy;0.03;EURGBP;0.86341;;0.86371;2026.03.20 13:39:05;0.86371;-0.20;;1.04;[tp]
2026.03.20 12:30:00;Buy;0.03;EURGBP;0.86287;;0.86317;2026.03.20 13:10:12;0.86318;-0.20;;1.08;[tp]
2026.03.20 12:15:00;Buy;0.03;EURGBP;0.86255;;0.86285;2026.03.20 12:22:32;0.86285;-0.20;;1.04;[tp]
2026.03.20 11:15:01;Buy;0.05;EURGBP;0.86155;;0.86255;2026.03.20 12:06:01;0.86255;-0.33;;5.80;[tp]
2026.03.19 22:15:00;Buy;0.03;EURGBP;0.86242;;0.86255;2026.03.20 12:06:01;0.86255;-0.20;-0.23;0.45;[tp]
2026.03.19 22:00:00;Buy;0.03;EURGBP;0.86325;;0.86255;2026.03.20 12:06:01;0.86255;-0.20;-0.23;-2.43;[tp]
2026.03.19 21:15:00;Buy;0.03;EURGBP;0.86219;;0.86284;2026.03.19 21:57:23;0.86284;-0.20;;2.26;[tp]
2026.03.19 20:00:00;Buy;0.03;EURGBP;0.86289;;0.86284;2026.03.19 21:57:23;0.86283;-0.20;;-0.21;[tp]
2026.03.19 19:45:00;Buy;0.03;EURGBP;0.86274;;0.86304;2026.03.19 19:51:10;0.86305;-0.20;;1.08;[tp]
2026.03.19 19:15:00;Buy;0.03;EURGBP;0.86242;;0.86272;2026.03.19 19:32:15;0.86272;-0.20;;1.04;[tp]
2026.03.19 18:15:00;Buy;0.03;EURGBP;0.86159;;0.86226;2026.03.19 19:10:11;0.86225;-0.20;;2.30;[tp]
2026.03.19 17:30:00;Buy;0.03;EURGBP;0.86232;;0.86226;2026.03.19 19:10:11;0.86226;-0.20;;-0.21;[tp]
2026.03.19 17:15:00;Sell;0.03;EURGBP;0.86213;;0.86183;2026.03.19 17:22:18;0.86183;-0.20;;1.04;[tp]
2026.03.19 17:00:00;Sell;0.03;EURGBP;0.86274;;0.86244;2026.03.19 17:01:03;0.86243;-0.20;;1.08;[tp]
2026.03.19 16:30:00;Sell;0.03;EURGBP;0.86312;;0.86282;2026.03.19 16:51:01;0.86282;-0.20;;1.04;[tp]
2026.03.19 15:45:02;Sell;0.03;EURGBP;0.86377;;0.86308;2026.03.19 16:22:30;0.86308;-0.20;;2.40;[tp]
2026.03.19 15:15:00;Sell;0.03;EURGBP;0.86298;;0.86308;2026.03.19 16:22:29;0.86308;-0.20;;-0.35;[tp]
2026.03.18 22:45:00;Sell;0.03;EURGBP;0.86382;;0.86313;2026.03.19 15:00:03;0.86299;-0.20;0.17;2.89;[tp]
2026.03.18 20:45:00;Sell;0.03;EURGBP;0.86304;;0.86313;2026.03.19 15:00:03;0.86307;-0.20;0.17;-0.10;[tp]
2026.03.18 20:00:00;Sell;0.03;EURGBP;0.86316;;0.86286;2026.03.18 20:39:44;0.86284;-0.20;;1.11;[tp]
2026.03.18 19:15:00;Sell;0.03;EURGBP;0.86390;;0.86360;2026.03.18 19:50:03;0.86360;-0.20;;1.04;[tp]
2026.03.18 17:15:00;Sell;0.05;EURGBP;0.86486;;0.86380;2026.03.18 19:13:39;0.86380;-0.33;;6.14;[tp]
2026.03.18 12:00:00;Sell;0.03;EURGBP;0.86384;;0.86380;2026.03.18 19:13:39;0.86380;-0.20;;0.14;[tp]
2026.03.18 11:00:00;Sell;0.03;EURGBP;0.86309;;0.86380;2026.03.18 19:13:39;0.86380;-0.20;;-2.47;[tp]
2026.03.18 09:00:00;Sell;0.03;EURGBP;0.86341;;0.86311;2026.03.18 10:59:34;0.86310;-0.20;;1.08;[tp]
2026.03.17 15:00:00;Sell;0.03;EURGBP;0.86407;;0.86342;2026.03.18 08:56:38;0.86341;-0.20;0.06;2.29;[tp]
2026.03.17 12:45:00;Sell;0.03;EURGBP;0.86337;;0.86342;2026.03.18 08:56:38;0.86341;-0.20;0.06;-0.14;[tp]
2026.03.16 13:00:01;Sell;0.05;EURGBP;0.86430;;0.86334;2026.03.17 12:39:17;0.86337;-0.33;0.09;5.39;[tp]
2026.03.16 11:30:00;Sell;0.03;EURGBP;0.86348;;0.86334;2026.03.17 12:39:17;0.86337;-0.20;0.06;0.38;[tp]
2026.03.16 09:15:06;Sell;0.03;EURGBP;0.86271;;0.86334;2026.03.17 12:39:17;0.86337;-0.20;0.06;-2.29;[tp]
2026.03.13 23:45:00;Sell;0.03;EURGBP;0.86320;;0.86290;2026.03.16 09:00:32;0.86290;-0.20;0.06;1.04;[tp]
2026.03.13 21:45:01;Sell;0.03;EURGBP;0.86352;;0.86322;2026.03.13 23:32:44;0.86323;-0.20;;1.01;[tp]
2026.03.13 14:15:00;Sell;0.08;EURGBP;0.86470;;0.86352;2026.03.13 21:44:09;0.86352;-0.52;;10.93;[tp]
2026.03.13 13:15:05;Sell;0.05;EURGBP;0.86381;;0.86352;2026.03.13 21:44:09;0.86352;-0.33;;1.68;[tp]
2026.03.13 12:00:00;Sell;0.03;EURGBP;0.86306;;0.86352;2026.03.13 21:44:09;0.86352;-0.20;;-1.60;[tp]
2026.03.13 11:15:01;Sell;0.03;EURGBP;0.86227;;0.86352;2026.03.13 21:44:09;0.86352;-0.20;;-4.34;[tp]
2026.03.13 10:15:00;Sell;0.03;EURGBP;0.86307;;0.86235;2026.03.13 11:10:44;0.86223;-0.20;;2.92;[tp]
2026.03.13 04:30:00;Sell;0.03;EURGBP;0.86223;;0.86235;2026.03.13 11:10:44;0.86223;-0.20;;0.00;[tp]
2026.03.12 18:15:00;Sell;0.03;EURGBP;0.86287;;0.86222;2026.03.13 04:26:48;0.86222;-0.20;0.05;2.26;[tp]
2026.03.12 17:00:01;Sell;0.03;EURGBP;0.86216;;0.86222;2026.03.13 04:26:48;0.86222;-0.20;0.05;-0.21;[tp]
2026.03.12 16:30:00;Sell;0.03;EURGBP;0.86213;;0.86183;2026.03.12 16:52:20;0.86183;-0.20;;1.04;[tp]
2026.03.12 16:15:00;Sell;0.03;EURGBP;0.86217;;0.86187;2026.03.12 16:20:05;0.86188;-0.20;;1.01;[tp]
2026.03.12 15:30:00;Sell;0.03;EURGBP;0.86257;;0.86227;2026.03.12 16:13:03;0.86227;-0.20;;1.04;[tp]
2026.03.12 15:00:00;Buy;0.03;EURGBP;0.86260;;0.86290;2026.03.12 15:26:57;0.86290;-0.20;;1.04;[tp]
2026.03.12 10:45:00;Sell;0.03;EURGBP;0.86258;;0.86228;2026.03.12 14:48:37;0.86228;-0.20;;1.04;[tp]
2026.03.12 07:45:02;Sell;0.03;EURGBP;0.86291;;0.86261;2026.03.12 10:42:54;0.86263;-0.20;;0.97;[tp]
2026.03.11 21:45:00;Buy;0.03;EURGBP;0.86272;;0.86302;2026.03.12 07:30:15;0.86302;-0.20;-0.70;1.04;[tp]
2026.03.11 18:00:00;Sell;0.03;EURGBP;0.86281;;0.86251;2026.03.11 21:31:19;0.86251;-0.20;;1.04;[tp]
2026.03.11 17:45:00;Sell;0.03;EURGBP;0.86324;;0.86294;2026.03.11 17:50:36;0.86294;-0.20;;1.04;[tp]
2026.03.11 17:15:00;Sell;0.03;EURGBP;0.86335;;0.86305;2026.03.11 17:39:59;0.86305;-0.20;;1.04;[tp]
2026.03.11 15:45:01;Sell;0.03;EURGBP;0.86409;;0.86335;2026.03.11 17:13:28;0.86335;-0.20;;2.57;[tp]
2026.03.11 14:00:00;Sell;0.03;EURGBP;0.86321;;0.86335;2026.03.11 17:13:28;0.86335;-0.20;;-0.49;[tp]
2026.03.11 13:30:00;Sell;0.03;EURGBP;0.86360;;0.86330;2026.03.11 13:51:19;0.86329;-0.20;;1.08;[tp]
2026.03.11 12:30:00;Sell;0.03;EURGBP;0.86422;;0.86392;2026.03.11 13:22:41;0.86390;-0.20;;1.11;[tp]
2026.03.11 12:15:00;Sell;0.03;EURGBP;0.86430;;0.86400;2026.03.11 12:16:58;0.86401;-0.20;;1.01;[tp]
2026.03.11 12:00:00;Sell;0.03;EURGBP;0.86491;;0.86461;2026.03.11 12:09:40;0.86461;-0.20;;1.04;[tp]
2026.03.11 11:00:00;Buy;0.03;EURGBP;0.86468;;0.86541;2026.03.11 11:51:26;0.86541;-0.20;;2.53;[tp]
2026.03.11 10:30:01;Buy;0.03;EURGBP;0.86554;;0.86541;2026.03.11 11:51:26;0.86541;-0.20;;-0.45;[tp]
2026.03.11 04:15:00;Buy;0.03;EURGBP;0.86476;;0.86542;2026.03.11 10:15:08;0.86542;-0.20;;2.29;[tp]
2026.03.11 01:00:00;Buy;0.03;EURGBP;0.86548;;0.86542;2026.03.11 10:15:08;0.86542;-0.20;;-0.21;[tp]
2026.03.10 21:45:01;Sell;0.03;EURGBP;0.86572;;0.86500;2026.03.11 00:05:00;0.86488;-0.20;0.05;2.91;[tp]
2026.03.10 16:45:00;Sell;0.03;EURGBP;0.86487;;0.86500;2026.03.11 00:05:00;0.86488;-0.20;0.05;-0.03;[tp]
2026.03.10 13:45:00;Sell;0.03;EURGBP;0.86511;;0.86481;2026.03.10 16:31:04;0.86481;-0.20;;1.04;[tp]
2026.03.10 13:00:00;Sell;0.05;EURGBP;0.86579;;0.86487;2026.03.10 13:36:39;0.86486;-0.33;;5.38;[tp]
2026.03.10 10:45:00;Sell;0.03;EURGBP;0.86501;;0.86487;2026.03.10 13:36:39;0.86486;-0.20;;0.52;[tp]
2026.03.10 10:15:00;Sell;0.03;EURGBP;0.86431;;0.86487;2026.03.10 13:36:39;0.86486;-0.20;;-1.91;[tp]
2026.03.10 09:45:00;Sell;0.03;EURGBP;0.86464;;0.86434;2026.03.10 10:14:57;0.86433;-0.20;;1.08;[tp]
2026.03.10 01:00:00;Sell;0.03;EURGBP;0.86533;;0.86469;2026.03.10 09:39:11;0.86468;-0.20;;2.26;[tp]
2026.03.09 21:15:00;Sell;0.03;EURGBP;0.86464;;0.86469;2026.03.10 09:39:11;0.86468;-0.20;0.06;-0.14;[tp]
2026.03.09 19:00:00;Sell;0.03;EURGBP;0.86547;;0.86482;2026.03.09 21:06:08;0.86482;-0.20;;2.25;[tp]
2026.03.09 18:15:00;Sell;0.03;EURGBP;0.86477;;0.86482;2026.03.09 21:06:08;0.86482;-0.20;;-0.17;[tp]
2026.03.09 16:00:00;Sell;0.03;EURGBP;0.86524;;0.86494;2026.03.09 18:00:50;0.86494;-0.20;;1.04;[tp]
2026.03.09 15:30:00;Sell;0.03;EURGBP;0.86565;;0.86535;2026.03.09 15:50:33;0.86534;-0.20;;1.07;[tp]
2026.03.09 14:15:00;Sell;0.03;EURGBP;0.86606;;0.86576;2026.03.09 15:20:22;0.86576;-0.20;;1.04;[tp]
2026.03.09 14:00:00;Sell;0.03;EURGBP;0.86627;;0.86597;2026.03.09 14:09:12;0.86597;-0.20;;1.04;[tp]
2026.03.09 11:30:00;Buy;0.05;EURGBP;0.86564;;0.86674;2026.03.09 13:45:15;0.86674;-0.33;;6.35;[tp]
2026.03.09 09:00:00;Buy;0.03;EURGBP;0.86754;;0.86674;2026.03.09 13:45:15;0.86674;-0.20;;-2.77;[tp]
2026.03.09 10:30:00;Buy;0.03;EURGBP;0.86666;;0.86674;2026.03.09 13:45:14;0.86674;-0.20;;0.28;[tp]
2026.03.06 17:15:00;Buy;0.03;EURGBP;0.86646;;0.86725;2026.03.09 08:47:46;0.86726;-0.20;-0.23;2.77;[tp]
2026.03.06 17:00:00;Buy;0.03;EURGBP;0.86744;;0.86725;2026.03.09 08:47:46;0.86726;-0.20;-0.23;-0.62;[tp]
2026.03.06 15:30:00;Buy;0.05;EURGBP;0.86639;;0.86736;2026.03.06 16:52:36;0.86736;-0.33;;5.59;[tp]
2026.03.06 14:45:00;Buy;0.03;EURGBP;0.86722;;0.86736;2026.03.06 16:52:36;0.86736;-0.20;;0.48;[tp]
2026.03.06 13:15:00;Buy;0.03;EURGBP;0.86803;;0.86736;2026.03.06 16:52:36;0.86736;-0.20;;-2.32;[tp]
2026.03.06 10:45:00;Sell;0.03;EURGBP;0.86810;;0.86780;2026.03.06 13:00:59;0.86780;-0.20;;1.04;[tp]
2026.03.06 10:15:00;Sell;0.03;EURGBP;0.86845;;0.86815;2026.03.06 10:39:28;0.86815;-0.20;;1.04;[tp]
2026.03.06 08:45:00;Sell;0.03;EURGBP;0.86859;;0.86829;2026.03.06 10:12:58;0.86828;-0.20;;1.07;[tp]
2026.03.06 01:00:00;Sell;0.03;EURGBP;0.86899;;0.86869;2026.03.06 08:41:09;0.86869;-0.20;;1.04;[tp]
2026.03.05 20:45:00;Buy;0.03;EURGBP;0.86891;;0.86956;2026.03.06 00:05:09;0.86965;-0.20;-0.23;2.55;[tp]
2026.03.05 18:15:00;Buy;0.03;EURGBP;0.86961;;0.86956;2026.03.06 00:05:09;0.86965;-0.20;-0.23;0.14;[tp]
2026.03.05 17:00:00;Buy;0.03;EURGBP;0.86946;;0.86976;2026.03.05 18:03:22;0.86976;-0.20;;1.03;[tp]
2026.03.05 16:45:00;Buy;0.03;EURGBP;0.86948;;0.86978;2026.03.05 16:57:31;0.86978;-0.20;;1.03;[tp]
2026.03.05 16:30:00;Buy;0.03;EURGBP;0.86915;;0.86945;2026.03.05 16:41:36;0.86945;-0.20;;1.04;[tp]
2026.03.05 16:00:00;Buy;0.03;EURGBP;0.86904;;0.86934;2026.03.05 16:20:33;0.86934;-0.20;;1.04;[tp]
2026.03.05 14:00:00;Sell;0.03;EURGBP;0.86918;;0.86888;2026.03.05 15:47:01;0.86888;-0.20;;1.04;[tp]
2026.03.05 13:15:01;Sell;0.03;EURGBP;0.86941;;0.86911;2026.03.05 13:48:28;0.86910;-0.20;;1.07;[tp]
2026.03.05 13:00:00;Sell;0.03;EURGBP;0.86967;;0.86937;2026.03.05 13:08:07;0.86937;-0.20;;1.04;[tp]
2026.03.05 11:15:00;Sell;0.02;EURGBP;0.87053;;0.86983;2026.03.05 12:55:00;0.86983;-0.13;;1.61;[tp]
2026.03.05 09:45:00;Sell;0.02;EURGBP;0.86972;;0.86983;2026.03.05 12:55:00;0.86983;-0.13;;-0.25;[tp]
2026.03.05 09:30:00;Sell;0.02;EURGBP;0.87003;;0.86973;2026.03.05 09:41:02;0.86973;-0.13;;0.69;[tp]
2026.03.05 08:30:00;Sell;0.02;EURGBP;0.87044;;0.87014;2026.03.05 09:16:34;0.87013;-0.13;;0.71;[tp]
2026.03.05 08:15:07;Sell;0.02;EURGBP;0.87079;;0.87049;2026.03.05 08:19:21;0.87049;-0.13;;0.69;[tp]
2026.03.04 22:30:00;Buy;0.02;EURGBP;0.87029;;0.87094;2026.03.05 08:06:42;0.87095;-0.13;-0.46;1.52;[tp]
2026.03.04 18:00:00;Buy;0.02;EURGBP;0.87099;;0.87094;2026.03.05 08:06:42;0.87095;-0.13;-0.46;-0.09;[tp]
2026.03.04 16:15:00;Buy;0.02;EURGBP;0.87001;;0.87085;2026.03.04 17:59:14;0.87085;-0.13;;1.93;[tp]
2026.03.04 15:00:00;Buy;0.02;EURGBP;0.87109;;0.87085;2026.03.04 17:59:14;0.87085;-0.13;;-0.55;[tp]
2026.03.04 14:30:00;Buy;0.02;EURGBP;0.87033;;0.87063;2026.03.04 14:46:41;0.87063;-0.13;;0.69;[tp]
2026.03.04 09:30:00;Buy;0.02;EURGBP;0.87003;;0.87024;2026.03.04 14:18:14;0.87025;-0.13;;0.51;[tp]
2026.03.04 10:15:00;Buy;0.03;EURGBP;0.86919;;0.87024;2026.03.04 14:18:13;0.87024;-0.20;;3.62;[tp]
2026.03.04 08:15:00;Buy;0.02;EURGBP;0.87097;;0.87024;2026.03.04 14:18:13;0.87024;-0.13;;-1.68;[tp]
2026.03.04 05:45:01;Buy;0.02;EURGBP;0.87058;;0.87088;2026.03.04 08:02:26;0.87090;-0.13;;0.73;[tp]
2026.03.04 03:30:00;Buy;0.02;EURGBP;0.87019;;0.87049;2026.03.04 05:33:22;0.87049;-0.13;;0.69;[tp]
2026.03.03 21:30:00;Buy;0.02;EURGBP;0.86983;;0.87013;2026.03.04 03:15:45;0.87013;-0.13;-0.16;0.69;[tp]
2026.03.03 20:00:00;Sell;0.02;EURGBP;0.86994;;0.86964;2026.03.03 21:15:50;0.86964;-0.13;;0.69;[tp]
2026.03.03 17:15:00;Sell;0.02;EURGBP;0.87008;;0.86978;2026.03.03 19:51:08;0.86977;-0.13;;0.71;[tp]
2026.03.03 16:30:00;Sell;0.02;EURGBP;0.87032;;0.87002;2026.03.03 17:14:47;0.87002;-0.13;;0.69;[tp]
2026.03.03 16:15:01;Sell;0.02;EURGBP;0.87102;;0.87072;2026.03.03 16:18:22;0.87072;-0.13;;0.69;[tp]
2026.03.03 14:30:00;Sell;0.02;EURGBP;0.87145;;0.87115;2026.03.03 16:13:15;0.87113;-0.13;;0.73;[tp]
2026.03.03 14:15:01;Sell;0.02;EURGBP;0.87155;;0.87125;2026.03.03 14:20:35;0.87124;-0.13;;0.71;[tp]
2026.03.03 14:00:00;Sell;0.02;EURGBP;0.87241;;0.87211;2026.03.03 14:06:11;0.87210;-0.13;;0.71;[tp]
2026.03.03 13:15:00;Sell;0.02;EURGBP;0.87290;;0.87224;2026.03.03 13:58:12;0.87225;-0.13;;1.49;[tp]
2026.03.03 12:30:00;Sell;0.02;EURGBP;0.87218;;0.87224;2026.03.03 13:58:12;0.87225;-0.13;;-0.16;[tp]
2026.03.03 12:15:00;Sell;0.02;EURGBP;0.87246;;0.87216;2026.03.03 12:25:35;0.87215;-0.13;;0.71;[tp]
2026.03.03 12:00:00;Sell;0.02;EURGBP;0.87275;;0.87245;2026.03.03 12:08:08;0.87245;-0.13;;0.69;[tp]
2026.03.03 10:15:00;Sell;0.03;EURGBP;0.87370;;0.87271;2026.03.03 11:55:41;0.87274;-0.20;;3.30;[tp]
2026.03.03 07:45:00;Sell;0.02;EURGBP;0.87286;;0.87271;2026.03.03 11:55:41;0.87274;-0.13;;0.27;[tp]
2026.03.02 22:00:00;Sell;0.02;EURGBP;0.87213;;0.87271;2026.03.03 11:55:41;0.87274;-0.13;0.04;-1.40;[tp]
2026.03.02 21:00:00;Sell;0.02;EURGBP;0.87234;;0.87204;2026.03.02 21:48:31;0.87204;-0.13;;0.69;[tp]
2026.03.02 19:15:00;Sell;0.02;EURGBP;0.87258;;0.87228;2026.03.02 20:56:18;0.87228;-0.13;;0.69;[tp]
2026.03.02 19:00:00;Sell;0.02;EURGBP;0.87297;;0.87267;2026.03.02 19:05:56;0.87268;-0.13;;0.66;[tp]
2026.03.02 18:45:00;Sell;0.02;EURGBP;0.87330;;0.87300;2026.03.02 18:57:34;0.87300;-0.13;;0.69;[tp]
2026.03.02 18:00:00;Sell;0.02;EURGBP;0.87354;;0.87324;2026.03.02 18:38:24;0.87324;-0.13;;0.69;[tp]
2026.03.02 17:45:00;Buy;0.02;EURGBP;0.87409;;0.87439;2026.03.02 17:53:14;0.87441;-0.13;;0.73;[tp]
2026.03.02 17:30:00;Buy;0.02;EURGBP;0.87390;;0.87420;2026.03.02 17:39:44;0.87420;-0.13;;0.69;[tp]
2026.03.02 17:15:00;Buy;0.02;EURGBP;0.87326;;0.87398;2026.03.02 17:28:45;0.87398;-0.13;;1.65;[tp]
2026.03.02 17:00:00;Buy;0.02;EURGBP;0.87409;;0.87398;2026.03.02 17:28:45;0.87398;-0.13;;-0.25;[tp]
2026.03.02 16:30:00;Sell;0.02;EURGBP;0.87417;;0.87347;2026.03.02 16:49:45;0.87347;-0.13;;1.60;[tp]
2026.03.02 16:15:00;Sell;0.02;EURGBP;0.87337;;0.87347;2026.03.02 16:49:45;0.87347;-0.13;;-0.23;[tp]
2026.03.02 14:45:01;Sell;0.02;EURGBP;0.87368;;0.87338;2026.03.02 16:14:36;0.87336;-0.13;;0.73;[tp]
2026.03.02 14:30:00;Sell;0.02;EURGBP;0.87424;;0.87394;2026.03.02 14:32:16;0.87394;-0.13;;0.69;[tp]
2026.03.02 14:15:04;Sell;0.02;EURGBP;0.87468;;0.87438;2026.03.02 14:19:44;0.87438;-0.13;;0.69;[tp]
2026.03.02 13:45:02;Sell;0.02;EURGBP;0.87470;;0.87440;2026.03.02 14:05:25;0.87440;-0.13;;0.69;[tp]
2026.03.02 13:30:00;Sell;0.02;EURGBP;0.87500;;0.87470;2026.03.02 13:41:53;0.87470;-0.13;;0.69;[tp]
2026.03.02 13:00:00;Sell;0.02;EURGBP;0.87559;;0.87529;2026.03.02 13:17:05;0.87529;-0.13;;0.69;[tp]
2026.03.02 12:45:00;Sell;0.02;EURGBP;0.87614;;0.87584;2026.03.02 12:53:30;0.87584;-0.13;;0.69;[tp]
2026.03.02 12:30:00;Sell;0.02;EURGBP;0.87688;;0.87658;2026.03.02 12:34:09;0.87657;-0.13;;0.71;[tp]
2026.03.02 12:15:00;Sell;0.02;EURGBP;0.87717;;0.87687;2026.03.02 12:21:18;0.87685;-0.13;;0.73;[tp]
2026.03.02 10:30:00;Sell;0.03;EURGBP;0.87805;;0.87708;2026.03.02 12:07:14;0.87707;-0.20;;3.35;[tp]
2026.03.02 10:15:00;Sell;0.02;EURGBP;0.87734;;0.87708;2026.03.02 12:07:14;0.87707;-0.13;;0.62;[tp]
2026.03.02 09:45:00;Sell;0.02;EURGBP;0.87643;;0.87708;2026.03.02 12:07:14;0.87707;-0.13;;-1.46;[tp]
2026.03.02 09:15:00;Sell;0.02;EURGBP;0.87730;;0.87659;2026.03.02 09:38:31;0.87659;-0.13;;1.62;[tp]
2026.03.02 03:15:00;Sell;0.02;EURGBP;0.87647;;0.87659;2026.03.02 09:38:31;0.87659;-0.13;;-0.27;[tp]
2026.03.02 03:00:00;Sell;0.02;EURGBP;0.87679;;0.87649;2026.03.02 03:08:18;0.87648;-0.13;;0.71;[tp]
2026.03.02 02:15:00;Sell;0.02;EURGBP;0.87747;;0.87679;2026.03.02 02:45:46;0.87679;-0.13;;1.55;[tp]
2026.03.02 01:00:01;Sell;0.02;EURGBP;0.87671;;0.87679;2026.03.02 02:45:46;0.87679;-0.13;;-0.18;[tp]
2026.02.27 22:15:00;Buy;0.02;EURGBP;0.87677;;0.87707;2026.03.02 00:01:52;0.87723;-0.13;-0.15;1.05;[tp]
2026.02.27 18:00:00;Sell;0.08;EURGBP;0.87826;;0.87671;2026.02.27 22:11:01;0.87671;-0.52;;14.14;[tp]
2026.02.27 15:45:06;Sell;0.05;EURGBP;0.87696;;0.87671;2026.02.27 22:11:01;0.87671;-0.33;;1.43;[tp]
2026.02.27 14:00:01;Sell;0.03;EURGBP;0.87627;;0.87671;2026.02.27 22:11:01;0.87671;-0.20;;-1.51;[tp]
2026.02.27 12:30:01;Sell;0.02;EURGBP;0.87556;;0.87671;2026.02.27 22:11:01;0.87671;-0.13;;-2.62;[tp]
2026.02.27 12:00:00;Sell;0.02;EURGBP;0.87473;;0.87671;2026.02.27 22:11:01;0.87671;-0.13;;-4.52;[tp]
2026.02.27 08:30:08;Sell;0.21;EURGBP;0.87631;;0.87462;2026.02.27 11:57:52;0.87462;-1.37;;40.58;[tp]
2026.02.26 20:00:01;Sell;0.13;EURGBP;0.87545;;0.87462;2026.02.27 11:57:52;0.87462;-0.85;0.23;12.34;[tp]
2026.02.26 19:30:07;Sell;0.08;EURGBP;0.87422;;0.87462;2026.02.27 11:57:52;0.87462;-0.52;0.14;-3.66;[tp]
2026.02.26 19:00:02;Sell;0.05;EURGBP;0.87327;;0.87462;2026.02.27 11:57:52;0.87462;-0.33;0.09;-7.72;[tp]
2026.02.26 10:15:01;Sell;0.03;EURGBP;0.87248;;0.87462;2026.02.27 11:57:52;0.87462;-0.20;0.05;-7.34;[tp]
2026.02.26 02:15:09;Sell;0.02;EURGBP;0.87156;;0.87462;2026.02.27 11:57:52;0.87462;-0.13;0.03;-7.00;[tp]
2026.02.25 19:30:04;Sell;0.02;EURGBP;0.87085;;0.87462;2026.02.27 11:57:52;0.87462;-0.13;0.15;-8.62;[tp]
2026.02.25 19:15:02;Sell;0.02;EURGBP;0.87108;;0.87078;2026.02.25 19:26:49;0.87078;-0.13;;0.69;[tp]
2026.02.25 18:45:01;Sell;0.02;EURGBP;0.87138;;0.87108;2026.02.25 19:04:02;0.87106;-0.13;;0.73;[tp]
2026.02.25 18:00:03;Sell;0.02;EURGBP;0.87197;;0.87167;2026.02.25 18:34:26;0.87167;-0.13;;0.69;[tp]
2026.02.25 15:00:07;Buy;0.02;EURGBP;0.87156;;0.87232;2026.02.25 17:50:24;0.87232;-0.13;;1.74;[tp]
2026.02.25 13:30:01;Buy;0.02;EURGBP;0.87248;;0.87232;2026.02.25 17:50:24;0.87232;-0.13;;-0.37;[tp]
2026.02.25 12:15:00;Buy;0.02;EURGBP;0.87181;;0.87247;2026.02.25 13:16:02;0.87248;-0.13;;1.54;[tp]
2026.02.25 10:15:00;Buy;0.02;EURGBP;0.87253;;0.87247;2026.02.25 13:16:02;0.87248;-0.13;;-0.11;[tp]
2026.02.25 01:00:01;Sell;0.02;EURGBP;0.87227;;0.87197;2026.02.25 10:00:27;0.87197;-0.13;;0.69;[tp]
2026.02.24 22:00:00;Buy;0.02;EURGBP;0.87241;;0.87271;2026.02.24 23:58:19;0.87271;-0.13;;0.69;[tp]
2026.02.24 17:45:00;Buy;0.03;EURGBP;0.87116;;0.87238;2026.02.24 21:58:02;0.87239;-0.20;;4.23;[tp]
2026.02.24 17:00:02;Buy;0.02;EURGBP;0.87213;;0.87238;2026.02.24 21:58:02;0.87239;-0.13;;0.60;[tp]
2026.02.24 13:00:00;Buy;0.02;EURGBP;0.87342;;0.87238;2026.02.24 21:58:02;0.87239;-0.13;;-2.36;[tp]
2026.02.24 12:00:00;Buy;0.02;EURGBP;0.87317;;0.87347;2026.02.24 12:58:35;0.87347;-0.13;;0.69;[tp]
2026.02.24 11:30:00;Sell;0.02;EURGBP;0.87344;;0.87314;2026.02.24 11:57:32;0.87315;-0.13;;0.66;[tp]
2026.02.24 11:15:01;Sell;0.02;EURGBP;0.87374;;0.87344;2026.02.24 11:29:56;0.87344;-0.13;;0.69;[tp]
2026.02.24 10:30:00;Sell;0.02;EURGBP;0.87391;;0.87361;2026.02.24 11:09:50;0.87361;-0.13;;0.69;[tp]
2026.02.23 23:30:08;Buy;0.02;EURGBP;0.87357;;0.87431;2026.02.24 10:21:43;0.87431;-0.13;-0.16;1.69;[tp]
2026.02.23 19:15:00;Buy;0.02;EURGBP;0.87444;;0.87431;2026.02.24 10:21:43;0.87431;-0.13;-0.16;-0.30;[tp]
2026.02.23 18:00:00;Buy;0.02;EURGBP;0.87398;;0.87428;2026.02.23 19:06:13;0.87429;-0.13;;0.71;[tp]
2026.02.23 13:15:01;Buy;0.03;EURGBP;0.87298;;0.87403;2026.02.23 17:52:37;0.87400;-0.20;;3.50;[tp]
2026.02.23 10:45:00;Buy;0.02;EURGBP;0.87393;;0.87403;2026.02.23 17:52:37;0.87403;-0.13;;0.23;[tp]
2026.02.23 01:30:01;Buy;0.02;EURGBP;0.87466;;0.87403;2026.02.23 17:52:37;0.87400;-0.13;;-1.51;[tp]
2026.02.23 01:00:01;Buy;0.02;EURGBP;0.87445;;0.87475;2026.02.23 01:26:42;0.87476;-0.13;;0.71;[tp]
2026.02.20 20:30:01;Buy;0.02;EURGBP;0.87369;;0.87399;2026.02.23 00:08:46;0.87399;-0.13;-0.16;0.69;[tp]
2026.02.20 19:15:01;Buy;0.02;EURGBP;0.87337;;0.87367;2026.02.20 20:28:04;0.87367;-0.13;;0.69;[tp]
2026.02.20 19:00:03;Buy;0.02;EURGBP;0.87269;;0.87335;2026.02.20 19:15:00;0.87335;-0.13;;1.51;[tp]
2026.02.20 17:45:05;Buy;0.02;EURGBP;0.87340;;0.87335;2026.02.20 19:15:00;0.87335;-0.13;;-0.11;[tp]
2026.02.20 17:30:08;Sell;0.02;EURGBP;0.87337;;0.87307;2026.02.20 17:38:28;0.87308;-0.13;;0.66;[tp]
2026.02.20 17:15:06;Buy;0.02;EURGBP;0.87363;;0.87393;2026.02.20 17:19:18;0.87393;-0.13;;0.69;[tp]
2026.02.20 16:15:01;Buy;0.02;EURGBP;0.87300;;0.87330;2026.02.20 17:03:22;0.87332;-0.13;;0.73;[tp]
2026.02.20 13:00:01;Sell;0.02;EURGBP;0.87294;;0.87264;2026.02.20 16:00:25;0.87264;-0.13;;0.69;[tp]
2026.02.20 11:45:00;Sell;0.02;EURGBP;0.87313;;0.87283;2026.02.20 12:51:00;0.87284;-0.13;;0.66;[tp]
2026.02.20 10:30:01;Sell;0.02;EURGBP;0.87414;;0.87349;2026.02.20 11:30:35;0.87349;-0.13;;1.49;[tp]
2026.02.20 09:45:03;Sell;0.02;EURGBP;0.87344;;0.87349;2026.02.20 11:30:35;0.87350;-0.13;;-0.14;[tp]
2026.02.20 09:00:02;Sell;0.02;EURGBP;0.87366;;0.87336;2026.02.20 09:40:06;0.87336;-0.13;;0.69;[tp]
2026.02.19 18:15:01;Sell;0.02;EURGBP;0.87465;;0.87385;2026.02.20 09:00:01;0.87372;-0.13;0.04;2.13;[tp]
2026.02.19 16:00:01;Sell;0.02;EURGBP;0.87365;;0.87385;2026.02.20 09:00:00;0.87373;-0.13;0.04;-0.18;[tp]
2026.02.19 15:15:00;Sell;0.02;EURGBP;0.87355;;0.87325;2026.02.19 15:51:42;0.87325;-0.13;;0.69;[tp]
2026.02.19 14:00:01;Sell;0.05;EURGBP;0.87481;;0.87358;2026.02.19 15:10:50;0.87357;-0.33;;7.10;[tp]
2026.02.19 03:00:08;Sell;0.03;EURGBP;0.87392;;0.87358;2026.02.19 15:10:50;0.87357;-0.20;;1.20;[tp]
2026.02.18 19:45:08;Sell;0.02;EURGBP;0.87319;;0.87358;2026.02.19 15:10:50;0.87357;-0.13;0.11;-0.87;[tp]
2026.02.18 18:15:00;Sell;0.02;EURGBP;0.87219;;0.87358;2026.02.19 15:10:50;0.87357;-0.13;0.11;-3.16;[tp]
2026.02.18 17:45:02;Sell;0.02;EURGBP;0.87263;;0.87233;2026.02.18 18:04:54;0.87232;-0.13;;0.71;[tp]
2026.02.18 16:45:03;Sell;0.02;EURGBP;0.87280;;0.87250;2026.02.18 17:41:15;0.87250;-0.13;;0.69;[tp]
2026.02.18 10:45:01;Buy;0.02;EURGBP;0.87238;;0.87313;2026.02.18 16:30:08;0.87313;-0.13;;1.72;[tp]
2026.02.18 09:15:00;Buy;0.02;EURGBP;0.87328;;0.87313;2026.02.18 16:30:08;0.87313;-0.13;;-0.34;[tp]
2026.02.17 16:00:04;Sell;0.08;EURGBP;0.87416;;0.87282;2026.02.18 09:00:11;0.87275;-0.52;0.15;12.92;[tp]
2026.02.17 15:15:01;Sell;0.05;EURGBP;0.87342;;0.87282;2026.02.18 09:00:11;0.87275;-0.33;0.09;3.84;[tp]
2026.02.17 14:30:03;Sell;0.03;EURGBP;0.87235;;0.87282;2026.02.18 09:00:11;0.87275;-0.20;0.06;-1.37;[tp]
2026.02.17 13:30:00;Sell;0.02;EURGBP;0.87163;;0.87282;2026.02.18 09:00:11;0.87275;-0.13;0.04;-2.57;[tp]
2026.02.17 12:45:00;Sell;0.02;EURGBP;0.87086;;0.87282;2026.02.18 09:00:11;0.87275;-0.13;0.04;-4.33;[tp]
2026.02.17 12:30:00;Sell;0.02;EURGBP;0.87118;;0.87088;2026.02.17 12:38:19;0.87087;-0.13;;0.71;[tp]
2026.02.17 10:45:01;Sell;0.02;EURGBP;0.87144;;0.87114;2026.02.17 12:24:35;0.87113;-0.13;;0.71;[tp]
2026.02.17 10:30:00;Sell;0.02;EURGBP;0.87176;;0.87146;2026.02.17 10:30:51;0.87146;-0.13;;0.69;[tp]
2026.02.17 10:15:01;Sell;0.02;EURGBP;0.87212;;0.87182;2026.02.17 10:20:43;0.87182;-0.13;;0.69;[tp]
2026.02.17 10:00:02;Sell;0.02;EURGBP;0.87246;;0.87216;2026.02.17 10:03:23;0.87216;-0.13;;0.69;[tp]
2026.02.17 09:45:01;Buy;0.02;EURGBP;0.87255;;0.87285;2026.02.17 09:52:54;0.87285;-0.13;;0.69;[tp]
2026.02.17 09:30:00;Buy;0.02;EURGBP;0.87206;;0.87236;2026.02.17 09:31:05;0.87236;-0.13;;0.69;[tp]
2026.02.17 09:15:05;Buy;0.02;EURGBP;0.87191;;0.87221;2026.02.17 09:15:15;0.87223;-0.13;;0.73;[tp]
2026.02.16 10:45:01;Buy;0.02;EURGBP;0.86885;;0.87044;2026.02.17 09:00:02;0.87060;-0.13;-0.16;4.02;[tp]
2026.02.13 23:00:04;Buy;0.05;EURGBP;0.86955;;0.87044;2026.02.17 09:00:02;0.87060;-0.33;-0.78;6.03;[tp]
2026.02.13 17:00:27;Buy;0.03;EURGBP;0.87028;;0.87044;2026.02.17 09:00:02;0.87060;-0.20;-0.46;1.10;[tp]
2026.02.13 15:30:08;Buy;0.02;EURGBP;0.87103;;0.87044;2026.02.17 09:00:02;0.87060;-0.13;-0.32;-0.99;[tp]
2026.02.13 14:00:00;Buy;0.02;EURGBP;0.87180;;0.87044;2026.02.17 09:00:02;0.87060;-0.13;-0.32;-2.76;[tp]
2026.02.13 13:15:00;Buy;0.02;EURGBP;0.87121;;0.87151;2026.02.13 13:50:07;0.87152;-0.13;;0.71;[tp]
2026.02.13 11:00:03;Buy;0.02;EURGBP;0.87080;;0.87110;2026.02.13 13:11:12;0.87111;-0.13;;0.71;[tp]
2026.02.13 09:45:01;Sell;0.02;EURGBP;0.87071;;0.87041;2026.02.13 10:51:52;0.87041;-0.13;;0.69;[tp]
2026.02.13 09:30:00;Sell;0.02;EURGBP;0.87129;;0.87099;2026.02.13 09:43:29;0.87099;-0.13;;0.69;[tp]
2026.02.13 08:00:01;Sell;0.02;EURGBP;0.87175;;0.87145;2026.02.13 09:15:42;0.87144;-0.13;;0.71;[tp]
2026.02.12 20:15:02;Buy;0.02;EURGBP;0.87162;;0.87192;2026.02.13 07:48:42;0.87192;-0.13;-0.15;0.69;[tp]
2026.02.12 19:30:01;Buy;0.02;EURGBP;0.87124;;0.87154;2026.02.12 20:10:12;0.87163;-0.13;;0.89;[tp]
2026.02.12 19:15:01;Buy;0.02;EURGBP;0.87104;;0.87134;2026.02.12 19:16:34;0.87134;-0.13;;0.69;[tp]
2026.02.12 19:00:00;Sell;0.02;EURGBP;0.87084;;0.87054;2026.02.12 19:07:27;0.87054;-0.13;;0.69;[tp]
2026.02.12 18:45:02;Buy;0.02;EURGBP;0.87127;;0.87157;2026.02.12 18:47:28;0.87156;-0.13;;0.67;[tp]
2026.02.12 18:30:01;Buy;0.02;EURGBP;0.87101;;0.87131;2026.02.12 18:41:26;0.87146;-0.13;;1.03;[tp]
2026.02.12 18:15:01;Buy;0.02;EURGBP;0.87073;;0.87103;2026.02.12 18:21:00;0.87103;-0.13;;0.69;[tp]
2026.02.12 16:30:01;Buy;0.03;EURGBP;0.86984;;0.87091;2026.02.12 18:07:39;0.87090;-0.20;;3.65;[tp]
2026.02.12 05:45:04;Buy;0.02;EURGBP;0.87081;;0.87091;2026.02.12 18:07:39;0.87091;-0.13;;0.23;[tp]
2026.02.11 23:15:21;Buy;0.02;EURGBP;0.87158;;0.87091;2026.02.12 18:07:39;0.87090;-0.13;-0.46;-1.56;[tp]
2026.02.11 21:15:02;Buy;0.02;EURGBP;0.87128;;0.87158;2026.02.11 23:09:58;0.87158;-0.13;;0.69;[tp]
2026.02.11 20:45:06;Buy;0.02;EURGBP;0.87091;;0.87121;2026.02.11 21:03:31;0.87121;-0.13;;0.69;[tp]
2026.02.11 19:00:00;Buy;0.02;EURGBP;0.87043;;0.87073;2026.02.11 20:36:33;0.87073;-0.13;;0.69;[tp]
2026.02.11 18:45:00;Buy;0.02;EURGBP;0.87007;;0.87037;2026.02.11 18:50:19;0.87039;-0.13;;0.74;[tp]
2026.02.11 16:30:01;Buy;0.03;EURGBP;0.86905;;0.87000;2026.02.11 18:30:10;0.87000;-0.20;;3.28;[tp]
2026.02.11 13:00:00;Buy;0.02;EURGBP;0.86976;;0.87000;2026.02.11 18:30:10;0.87000;-0.13;;0.55;[tp]
2026.02.11 12:15:02;Buy;0.02;EURGBP;0.87062;;0.87000;2026.02.11 18:30:10;0.87000;-0.13;;-1.43;[tp]
2026.02.11 11:45:01;Buy;0.02;EURGBP;0.87012;;0.87042;2026.02.11 12:03:40;0.87042;-0.13;;0.69;[tp]
2026.02.11 10:45:00;Sell;0.02;EURGBP;0.87030;;0.87000;2026.02.11 11:37:21;0.87000;-0.13;;0.69;[tp]
2026.02.10 20:15:13;Sell;0.05;EURGBP;0.87164;;0.87039;2026.02.11 10:44:53;0.87036;-0.33;0.09;7.35;[tp]
2026.02.10 16:15:00;Sell;0.03;EURGBP;0.87070;;0.87039;2026.02.11 10:44:53;0.87036;-0.20;0.06;1.17;[tp]
2026.02.10 15:30:04;Sell;0.02;EURGBP;0.86996;;0.87039;2026.02.11 10:44:53;0.87036;-0.13;0.04;-0.92;[tp]
2026.02.10 15:00:00;Sell;0.02;EURGBP;0.86903;;0.87039;2026.02.11 10:44:53;0.87036;-0.13;0.04;-3.06;[tp]
2026.02.10 14:45:00;Sell;0.02;EURGBP;0.86988;;0.86958;2026.02.10 14:52:06;0.86958;-0.13;;0.69;[tp]
2026.02.10 14:30:01;Sell;0.02;EURGBP;0.87022;;0.86992;2026.02.10 14:42:46;0.86990;-0.13;;0.74;[tp]
2026.02.10 11:45:00;Sell;0.02;EURGBP;0.87196;;0.87054;2026.02.10 14:20:08;0.87054;-0.13;;3.26;[tp]
2026.02.10 11:00:00;Sell;0.03;EURGBP;0.87115;;0.87054;2026.02.10 14:20:08;0.87054;-0.20;;2.10;[tp]
2026.02.10 06:15:00;Sell;0.02;EURGBP;0.87040;;0.87054;2026.02.10 14:20:08;0.87054;-0.13;;-0.32;[tp]
2026.02.09 23:45:00;Sell;0.02;EURGBP;0.86968;;0.87054;2026.02.10 14:20:08;0.87054;-0.13;0.04;-1.98;[tp]
2026.02.09 23:00:01;Sell;0.02;EURGBP;0.86999;;0.86969;2026.02.09 23:38:52;0.86969;-0.13;;0.69;[tp]
2026.02.09 21:45:01;Sell;0.02;EURGBP;0.87024;;0.86994;2026.02.09 22:55:00;0.86994;-0.13;;0.69;[tp]
2026.02.09 19:15:00;Sell;0.02;EURGBP;0.87087;;0.87017;2026.02.09 21:43:48;0.87020;-0.13;;1.54;[tp]
2026.02.09 18:15:00;Sell;0.02;EURGBP;0.87007;;0.87017;2026.02.09 21:43:48;0.87020;-0.13;;-0.30;[tp]
2026.02.09 17:45:00;Sell;0.02;EURGBP;0.87078;;0.87048;2026.02.09 18:04:07;0.87050;-0.13;;0.64;[tp]
2026.02.09 17:30:00;Sell;0.02;EURGBP;0.87163;;0.87133;2026.02.09 17:38:20;0.87133;-0.13;;0.69;[tp]
2026.02.09 17:15:00;Sell;0.02;EURGBP;0.87196;;0.87166;2026.02.09 17:17:53;0.87166;-0.13;;0.69;[tp]
2026.02.09 16:15:01;Sell;0.05;EURGBP;0.87394;;0.87183;2026.02.09 17:14:24;0.87183;-0.33;;12.10;[tp]
2026.02.09 15:45:01;Sell;0.03;EURGBP;0.87160;;0.87183;2026.02.09 17:14:24;0.87183;-0.20;;-0.79;[tp]
2026.02.09 15:15:00;Sell;0.02;EURGBP;0.87075;;0.87183;2026.02.09 17:14:24;0.87183;-0.13;;-2.48;[tp]
2026.02.09 15:00:00;Sell;0.02;EURGBP;0.86977;;0.87183;2026.02.09 17:14:24;0.87183;-0.13;;-4.73;[tp]
2026.02.09 13:45:00;Sell;0.02;EURGBP;0.87028;;0.86998;2026.02.09 14:50:09;0.86998;-0.13;;0.69;[tp]
2026.02.09 10:45:01;Sell;0.08;EURGBP;0.87229;;0.87070;2026.02.09 13:36:36;0.87070;-0.52;;14.61;[tp]
2026.02.09 09:15:00;Sell;0.05;EURGBP;0.87134;;0.87070;2026.02.09 13:36:36;0.87070;-0.33;;3.68;[tp]
2026.02.09 08:30:00;Sell;0.03;EURGBP;0.87048;;0.87070;2026.02.09 13:36:36;0.87070;-0.20;;-0.76;[tp]
2026.02.09 01:15:01;Sell;0.02;EURGBP;0.86894;;0.87070;2026.02.09 13:36:35;0.87070;-0.13;;-4.04;[tp]
2026.02.06 20:00:01;Sell;0.02;EURGBP;0.86780;;0.87070;2026.02.09 13:36:35;0.87070;-0.13;0.04;-6.66;[tp]
2026.02.06 18:45:02;Sell;0.02;EURGBP;0.86806;;0.86776;2026.02.06 19:50:06;0.86776;-0.13;;0.69;[tp]
2026.02.06 15:45:01;Sell;0.02;EURGBP;0.86886;;0.86791;2026.02.06 18:30:30;0.86791;-0.13;;2.19;[tp]
2026.02.06 14:45:02;Sell;0.02;EURGBP;0.86756;;0.86791;2026.02.06 18:30:30;0.86791;-0.13;;-0.81;[tp]
2026.02.06 13:30:00;Sell;0.02;EURGBP;0.86771;;0.86741;2026.02.06 14:39:32;0.86741;-0.13;;0.69;[tp]
2026.02.06 13:15:00;Sell;0.02;EURGBP;0.86804;;0.86774;2026.02.06 13:26:39;0.86773;-0.13;;0.71;[tp]
2026.02.06 12:00:00;Sell;0.02;EURGBP;0.86853;;0.86823;2026.02.06 13:04:07;0.86823;-0.13;;0.69;[tp]
2026.02.06 09:30:01;Sell;0.02;EURGBP;0.86887;;0.86857;2026.02.06 11:54:32;0.86857;-0.13;;0.69;[tp]
2026.02.06 08:15:02;Sell;0.02;EURGBP;0.86909;;0.86879;2026.02.06 09:24:30;0.86880;-0.13;;0.67;[tp]
2026.02.06 07:45:05;Sell;0.02;EURGBP;0.86963;;0.86933;2026.02.06 08:02:22;0.86932;-0.13;;0.71;[tp]
2026.02.05 17:00:01;Sell;0.05;EURGBP;0.87154;;0.86975;2026.02.06 07:33:19;0.86975;-0.33;0.09;10.29;[tp]
2026.02.05 16:15:09;Sell;0.03;EURGBP;0.87054;;0.86975;2026.02.06 07:33:19;0.86975;-0.20;0.05;2.72;[tp]
2026.02.05 14:15:01;Sell;0.02;EURGBP;0.86939;;0.86975;2026.02.06 07:33:19;0.86975;-0.13;0.04;-0.83;[tp]
2026.02.05 14:00:00;Sell;0.02;EURGBP;0.86625;;0.86975;2026.02.06 07:33:19;0.86975;-0.13;0.04;-8.05;[tp]
2026.02.05 13:30:00;Sell;0.02;EURGBP;0.86655;;0.86625;2026.02.05 13:56:03;0.86625;-0.13;;0.69;[tp]
2026.02.05 11:15:04;Sell;0.34;EURGBP;0.86844;;0.86699;2026.02.05 13:17:41;0.86700;-2.21;;56.47;[tp]
2026.02.05 11:00:00;Sell;0.21;EURGBP;0.86759;;0.86699;2026.02.05 13:17:41;0.86699;-1.37;;14.53;[tp]
2026.02.05 10:45:02;Sell;0.13;EURGBP;0.86690;;0.86699;2026.02.05 13:17:41;0.86699;-0.85;;-1.35;[tp]
2026.02.05 09:15:02;Sell;0.08;EURGBP;0.86615;;0.86699;2026.02.05 13:17:41;0.86700;-0.52;;-7.84;[tp]
2026.02.05 07:45:01;Sell;0.05;EURGBP;0.86546;;0.86699;2026.02.05 13:17:41;0.86700;-0.33;;-8.88;[tp]
2026.02.04 22:45:02;Sell;0.03;EURGBP;0.86471;;0.86699;2026.02.05 13:17:41;0.86699;-0.20;0.16;-7.89;[tp]
2026.02.04 18:15:16;Sell;0.02;EURGBP;0.86400;;0.86699;2026.02.05 13:17:41;0.86700;-0.13;0.11;-6.92;[tp]
2026.02.04 17:45:02;Sell;0.02;EURGBP;0.86321;;0.86699;2026.02.05 13:17:41;0.86699;-0.13;0.11;-8.72;[tp]
2026.02.04 17:30:00;Buy;0.02;EURGBP;0.86329;;0.86359;2026.02.04 17:31:33;0.86358;-0.13;;0.67;[tp]
2026.02.04 17:15:02;Buy;0.02;EURGBP;0.86326;;0.86356;2026.02.04 17:18:09;0.86357;-0.13;;0.72;[tp]
2026.02.04 17:00:02;Buy;0.02;EURGBP;0.86315;;0.86345;2026.02.04 17:02:53;0.86345;-0.13;;0.69;[tp]
2026.02.04 11:00:01;Buy;0.13;EURGBP;0.86157;;0.86302;2026.02.04 16:56:00;0.86302;-0.85;;21.84;[tp]
2026.02.03 15:00:03;Buy;0.02;EURGBP;0.86227;;0.86302;2026.02.04 16:56:00;0.86302;-0.13;-0.15;1.74;[tp]
2026.02.02 20:30:01;Buy;0.05;EURGBP;0.86302;;0.86302;2026.02.04 16:56:00;0.86302;-0.33;-0.77;0.00;[tp]
2026.02.02 20:00:01;Buy;0.03;EURGBP;0.86389;;0.86302;2026.02.04 16:56:00;0.86302;-0.20;-0.46;-3.02;[tp]
2026.02.02 17:15:01;Buy;0.02;EURGBP;0.86487;;0.86302;2026.02.04 16:56:00;0.86302;-0.13;-0.30;-4.29;[tp]
2026.02.02 13:15:03;Buy;0.02;EURGBP;0.86600;;0.86302;2026.02.04 16:56:00;0.86302;-0.13;-0.30;-6.91;[tp]
2026.02.02 12:45:00;Buy;0.02;EURGBP;0.86577;;0.86607;2026.02.02 13:00:50;0.86607;-0.13;;0.69;[tp]
2026.02.02 12:15:00;Buy;0.02;EURGBP;0.86550;;0.86580;2026.02.02 12:37:52;0.86580;-0.13;;0.69;[tp]
2026.02.02 11:00:00;Sell;0.02;EURGBP;0.86550;;0.86520;2026.02.02 12:00:21;0.86520;-0.13;;0.69;[tp]
2026.02.02 10:45:01;Sell;0.02;EURGBP;0.86584;;0.86554;2026.02.02 10:58:30;0.86553;-0.13;;0.72;[tp]
2026.02.02 03:30:06;Sell;0.02;EURGBP;0.86665;;0.86597;2026.02.02 10:39:33;0.86597;-0.13;;1.57;[tp]
2026.01.30 18:45:00;Sell;0.02;EURGBP;0.86588;;0.86597;2026.02.02 10:39:33;0.86597;-0.13;0.04;-0.21;[tp]
2026.01.31 18:06:07;Balance;;;;;;;;;;128.77;
2026.01.31 18:01:09;Balance;;;;;;;;;;-128.77;
2026.01.31 17:59:47;Balance;;;;;;;;;;-128.77;
2026.01.30 18:30:01;Sell;0.02;EURGBP;0.86590;;0.86560;2026.01.30 18:40:37;0.86560;-0.13;;0.69;[tp]
2026.01.30 16:30:05;Sell;0.02;EURGBP;0.86612;;0.86582;2026.01.30 18:24:49;0.86582;-0.13;;0.69;[tp]
2026.01.30 15:45:04;Sell;0.02;EURGBP;0.86691;;0.86615;2026.01.30 16:21:00;0.86613;-0.13;;1.80;[tp]
2026.01.30 15:15:00;Sell;0.02;EURGBP;0.86599;;0.86615;2026.01.30 16:21:00;0.86613;-0.13;;-0.32;[tp]
2026.01.30 06:00:10;Sell;0.02;EURGBP;0.86662;;0.86595;2026.01.30 15:11:45;0.86595;-0.13;;1.55;[tp]
2026.01.30 04:15:01;Sell;0.02;EURGBP;0.86587;;0.86595;2026.01.30 15:11:45;0.86595;-0.13;;-0.18;[tp]
2026.01.30 03:30:02;Sell;0.02;EURGBP;0.86619;;0.86589;2026.01.30 04:02:34;0.86589;-0.13;;0.69;[tp]
2026.01.30 03:00:02;Sell;0.02;EURGBP;0.86604;;0.86574;2026.01.30 03:22:29;0.86575;-0.13;;0.67;[tp]
2026.01.30 02:30:01;Sell;0.02;EURGBP;0.86614;;0.86584;2026.01.30 02:46:57;0.86583;-0.13;;0.72;[tp]
2026.01.29 20:15:01;Sell;0.02;EURGBP;0.86656;;0.86590;2026.01.30 02:22:51;0.86591;-0.13;0.04;1.50;[tp]
2026.01.29 19:00:03;Sell;0.02;EURGBP;0.86584;;0.86590;2026.01.30 02:22:51;0.86591;-0.13;0.04;-0.16;[tp]
2026.01.29 18:45:05;Sell;0.02;EURGBP;0.86624;;0.86594;2026.01.29 18:57:35;0.86593;-0.13;;0.72;[tp]
2026.01.29 18:30:17;Sell;0.02;EURGBP;0.86629;;0.86599;2026.01.29 18:41:20;0.86600;-0.13;;0.67;[tp]
2026.01.29 18:15:01;Sell;0.02;EURGBP;0.86656;;0.86626;2026.01.29 18:17:14;0.86627;-0.13;;0.67;[tp]
2026.01.29 18:03:24;Sell;0.02;EURGBP;0.86667;;0.86637;2026.01.29 18:11:10;0.86637;-0.13;;0.69;[tp]
2026.01.29 16:15:01;Buy;0.02;EURGBP;0.86538;;0.86610;2026.01.29 17:02:30;0.86611;-0.13;;1.69;[tp]
2026.01.29 12:45:00;Buy;0.02;EURGBP;0.86621;;0.86610;2026.01.29 17:02:30;0.86611;-0.13;;-0.23;[tp]
2026.01.29 10:15:02;Buy;0.03;EURGBP;0.86537;;0.86630;2026.01.29 12:42:33;0.86630;-0.20;;3.22;[tp]
2026.01.29 07:15:03;Buy;0.02;EURGBP;0.86612;;0.86630;2026.01.29 12:42:33;0.86630;-0.13;;0.42;[tp]
2026.01.29 04:45:02;Buy;0.02;EURGBP;0.86684;;0.86630;2026.01.29 12:42:33;0.86630;-0.13;;-1.25;[tp]
2026.01.29 04:00:00;Buy;0.02;EURGBP;0.86657;;0.86687;2026.01.29 04:41:36;0.86687;-0.13;;0.69;[tp]
2026.01.29 02:00:03;Buy;0.02;EURGBP;0.86642;;0.86672;2026.01.29 03:55:40;0.86672;-0.13;;0.69;[tp]
2026.01.28 21:15:01;Buy;0.03;EURGBP;0.86503;;0.86646;2026.01.29 01:59:59;0.86647;-0.20;-0.73;4.99;[tp]
2026.01.28 18:00:00;Buy;0.02;EURGBP;0.86613;;0.86646;2026.01.29 01:59:59;0.86647;-0.13;-0.49;0.78;[tp]
2026.01.28 17:30:01;Buy;0.02;EURGBP;0.86787;;0.86646;2026.01.29 01:59:59;0.86647;-0.13;-0.49;-3.23;[tp]
2026.01.28 17:15:02;Buy;0.02;EURGBP;0.86772;;0.86802;2026.01.28 17:17:02;0.86803;-0.13;;0.71;[tp]
2026.01.28 17:00:01;Sell;0.02;EURGBP;0.86772;;0.86742;2026.01.28 17:01:57;0.86742;-0.13;;0.69;[tp]
2026.01.28 16:30:01;Sell;0.02;EURGBP;0.86805;;0.86775;2026.01.28 16:51:58;0.86775;-0.13;;0.69;[tp]
2026.01.28 16:15:00;Sell;0.02;EURGBP;0.86824;;0.86794;2026.01.28 16:28:57;0.86796;-0.13;;0.65;[tp]
2026.01.28 15:45:01;Sell;0.02;EURGBP;0.86820;;0.86790;2026.01.28 16:10:44;0.86790;-0.13;;0.69;[tp]
2026.01.28 15:00:00;Sell;0.02;EURGBP;0.86850;;0.86820;2026.01.28 15:41:48;0.86822;-0.13;;0.64;[tp]
2026.01.28 14:30:01;Sell;0.02;EURGBP;0.86923;;0.86858;2026.01.28 14:51:48;0.86858;-0.13;;1.50;[tp]
2026.01.28 13:45:06;Sell;0.02;EURGBP;0.86852;;0.86858;2026.01.28 14:51:48;0.86858;-0.13;;-0.14;[tp]
2026.01.28 12:30:01;Sell;0.02;EURGBP;0.86890;;0.86860;2026.01.28 13:37:32;0.86859;-0.13;;0.71;[tp]
2026.01.28 12:00:02;Sell;0.02;EURGBP;0.86938;;0.86908;2026.01.28 12:19:33;0.86908;-0.13;;0.69;[tp]
2026.01.28 11:15:01;Buy;0.02;EURGBP;0.86925;;0.86955;2026.01.28 11:46:54;0.86957;-0.13;;0.74;[tp]
2026.01.28 11:00:02;Buy;0.02;EURGBP;0.86906;;0.86936;2026.01.28 11:04:53;0.86938;-0.13;;0.74;[tp]
2026.01.28 07:15:00;Sell;0.02;EURGBP;0.86870;;0.86840;2026.01.28 10:46:18;0.86840;-0.13;;0.69;[tp]
2026.01.27 23:15:00;Sell;0.05;EURGBP;0.87004;;0.86868;2026.01.28 07:02:23;0.86863;-0.33;0.09;8.12;[tp]
2026.01.27 18:00:08;Sell;0.03;EURGBP;0.86903;;0.86868;2026.01.28 07:02:23;0.86864;-0.20;0.05;1.35;[tp]
2026.01.27 17:15:05;Sell;0.02;EURGBP;0.86802;;0.86868;2026.01.28 07:02:23;0.86864;-0.13;0.04;-1.43;[tp]
2026.01.27 17:00:11;Sell;0.02;EURGBP;0.86724;;0.86868;2026.01.28 07:02:23;0.86864;-0.13;0.04;-3.22;[tp]
2026.01.27 14:30:00;Sell;0.02;EURGBP;0.86779;;0.86749;2026.01.27 16:45:29;0.86747;-0.13;;0.74;[tp]
2026.01.27 11:15:00;Buy;0.02;EURGBP;0.86799;;0.86829;2026.01.27 14:26:26;0.86835;-0.13;;0.83;[tp]
2026.01.27 11:00:00;Buy;0.02;EURGBP;0.86737;;0.86767;2026.01.27 11:07:05;0.86768;-0.13;;0.71;[tp]
2026.01.27 10:45:01;Buy;0.02;EURGBP;0.86714;;0.86744;2026.01.27 10:57:42;0.86744;-0.13;;0.69;[tp]
2026.01.27 09:45:01;Sell;0.02;EURGBP;0.86745;;0.86715;2026.01.27 10:38:59;0.86716;-0.13;;0.67;[tp]
2026.01.27 08:30:00;Sell;0.02;EURGBP;0.86769;;0.86739;2026.01.27 09:39:02;0.86739;-0.13;;0.69;[tp]
2026.01.27 02:45:00;Sell;0.03;EURGBP;0.86869;;0.86774;2026.01.27 08:18:34;0.86774;-0.20;;3.28;[tp]
2026.01.26 21:15:01;Sell;0.02;EURGBP;0.86794;;0.86774;2026.01.27 08:18:34;0.86774;-0.13;0.04;0.46;[tp]
2026.01.26 18:30:00;Sell;0.02;EURGBP;0.86717;;0.86774;2026.01.27 08:18:34;0.86774;-0.13;0.04;-1.31;[tp]
2026.01.26 18:00:02;Sell;0.02;EURGBP;0.86778;;0.86709;2026.01.26 18:27:15;0.86709;-0.13;;1.59;[tp]
2026.01.26 17:15:00;Sell;0.02;EURGBP;0.86700;;0.86709;2026.01.26 18:27:15;0.86709;-0.13;;-0.21;[tp]
2026.01.26 16:15:00;Sell;0.02;EURGBP;0.86748;;0.86718;2026.01.26 17:03:30;0.86718;-0.13;;0.69;[tp]
2026.01.26 16:00:02;Sell;0.02;EURGBP;0.86785;;0.86755;2026.01.26 16:09:55;0.86755;-0.13;;0.69;[tp]
2026.01.26 11:15:02;Buy;0.05;EURGBP;0.86702;;0.86815;2026.01.26 15:46:20;0.86815;-0.33;;6.51;[tp]
2026.01.26 08:15:00;Buy;0.03;EURGBP;0.86773;;0.86815;2026.01.26 15:46:20;0.86815;-0.20;;1.45;[tp]
2026.01.26 01:30:00;Buy;0.02;EURGBP;0.86845;;0.86815;2026.01.26 15:46:20;0.86815;-0.13;;-0.69;[tp]
2026.01.26 01:15:00;Buy;0.02;EURGBP;0.86952;;0.86815;2026.01.26 15:46:20;0.86815;-0.13;;-3.16;[tp]
2026.01.26 01:00:01;Buy;0.02;EURGBP;0.86924;;0.86954;2026.01.26 01:14:46;0.86954;-0.13;;0.69;[tp]
2026.01.23 18:15:00;Buy;0.34;EURGBP;0.86617;;0.86820;2026.01.26 00:35:24;0.86821;-2.21;-2.62;79.89;[tp]
2026.01.23 12:00:00;Buy;0.21;EURGBP;0.86737;;0.86820;2026.01.26 00:35:24;0.86821;-1.37;-1.62;20.32;[tp]
2026.01.23 11:30:08;Buy;0.13;EURGBP;0.86869;;0.86820;2026.01.26 00:35:24;0.86821;-0.85;-1.00;-7.19;[tp]
2026.01.23 09:45:01;Buy;0.08;EURGBP;0.86980;;0.86820;2026.01.26 00:35:24;0.86821;-0.52;-0.62;-14.65;[tp]
2026.01.22 17:15:02;Buy;0.05;EURGBP;0.87067;;0.86820;2026.01.26 00:35:24;0.86821;-0.33;-0.77;-14.17;[tp]
2026.01.22 17:00:01;Buy;0.03;EURGBP;0.87159;;0.86820;2026.01.26 00:35:24;0.86821;-0.20;-0.46;-11.68;[tp]
2026.01.22 16:15:01;Buy;0.02;EURGBP;0.87243;;0.86820;2026.01.26 00:35:24;0.86821;-0.13;-0.30;-9.72;[tp]
2026.01.22 15:30:03;Buy;0.02;EURGBP;0.87326;;0.86820;2026.01.26 00:35:24;0.86821;-0.13;-0.30;-11.63;[tp]
2026.01.22 15:15:00;Buy;0.02;EURGBP;0.87252;;0.87282;2026.01.22 15:19:36;0.87282;-0.13;;0.69;[tp]
2026.01.22 13:30:00;Buy;0.02;EURGBP;0.87190;;0.87220;2026.01.22 15:08:07;0.87220;-0.13;;0.69;[tp]
2026.01.22 13:15:00;Buy;0.02;EURGBP;0.87112;;0.87142;2026.01.22 13:15:27;0.87142;-0.13;;0.69;[tp]
2026.01.22 13:00:00;Buy;0.02;EURGBP;0.86972;;0.87002;2026.01.22 13:13:54;0.87009;-0.13;;0.85;[tp]
2026.01.22 12:00:00;Sell;0.02;EURGBP;0.86971;;0.86941;2026.01.22 12:47:28;0.86941;-0.13;;0.69;[tp]
2026.01.22 11:30:01;Sell;0.02;EURGBP;0.87012;;0.86982;2026.01.22 11:45:57;0.86981;-0.13;;0.71;[tp]
2026.01.22 10:45:02;Sell;0.03;EURGBP;0.87125;;0.87034;2026.01.22 11:20:50;0.87032;-0.20;;3.21;[tp]
2026.01.22 07:15:00;Sell;0.02;EURGBP;0.87054;;0.87034;2026.01.22 11:20:50;0.87032;-0.13;;0.51;[tp]
2026.01.22 01:30:08;Sell;0.02;EURGBP;0.86982;;0.87034;2026.01.22 11:20:50;0.87032;-0.13;;-1.15;[tp]
2026.01.21 23:45:00;Sell;0.02;EURGBP;0.87017;;0.86987;2026.01.22 01:29:14;0.86987;-0.13;0.11;0.69;[tp]
2026.01.21 22:30:01;Sell;0.02;EURGBP;0.87057;;0.87027;2026.01.21 23:35:29;0.87025;-0.13;;0.74;[tp]
2026.01.21 21:30:01;Sell;0.02;EURGBP;0.87096;;0.87066;2026.01.21 22:22:36;0.87065;-0.13;;0.71;[tp]
2026.01.21 19:15:00;Sell;0.02;EURGBP;0.87197;;0.87127;2026.01.21 21:27:39;0.87124;-0.13;;1.68;[tp]
2026.01.21 18:15:01;Sell;0.02;EURGBP;0.87116;;0.87127;2026.01.21 21:27:39;0.87124;-0.13;;-0.18;[tp]
2026.01.21 17:15:01;Sell;0.02;EURGBP;0.87131;;0.87101;2026.01.21 18:12:08;0.87101;-0.13;;0.69;[tp]
2026.01.21 16:45:05;Sell;0.02;EURGBP;0.87174;;0.87144;2026.01.21 17:00:16;0.87144;-0.13;;0.69;[tp]
2026.01.21 16:15:00;Sell;0.02;EURGBP;0.87259;;0.87229;2026.01.21 16:33:43;0.87228;-0.13;;0.71;[tp]
2026.01.21 15:00:00;Sell;0.08;EURGBP;0.87416;;0.87285;2026.01.21 16:05:47;0.87285;-0.52;;12.01;[tp]
2026.01.21 13:15:02;Sell;0.05;EURGBP;0.87334;;0.87285;2026.01.21 16:05:47;0.87285;-0.33;;2.81;[tp]
2026.01.21 11:45:01;Sell;0.03;EURGBP;0.87258;;0.87285;2026.01.21 16:05:47;0.87285;-0.20;;-0.93;[tp]
2026.01.21 11:15:06;Sell;0.02;EURGBP;0.87169;;0.87285;2026.01.21 16:05:47;0.87285;-0.13;;-2.66;[tp]
2026.01.21 10:30:00;Sell;0.02;EURGBP;0.87098;;0.87285;2026.01.21 16:05:47;0.87285;-0.13;;-4.28;[tp]
2026.01.21 10:15:00;Sell;0.02;EURGBP;0.87127;;0.87097;2026.01.21 10:29:34;0.87097;-0.13;;0.69;[tp]
2026.01.20 20:45:01;Sell;0.03;EURGBP;0.87235;;0.87130;2026.01.21 10:13:51;0.87130;-0.20;0.05;3.62;[tp]
2026.01.20 18:00:01;Sell;0.02;EURGBP;0.87145;;0.87130;2026.01.21 10:13:51;0.87130;-0.13;0.04;0.34;[tp]
2026.01.20 17:45:01;Sell;0.02;EURGBP;0.87062;;0.87130;2026.01.21 10:13:51;0.87130;-0.13;0.04;-1.56;[tp]
2026.01.20 16:45:00;Sell;0.02;EURGBP;0.87096;;0.87066;2026.01.20 17:44:35;0.87066;-0.13;;0.69;[tp]
2026.01.20 16:15:00;Sell;0.02;EURGBP;0.87181;;0.87151;2026.01.20 16:34:38;0.87150;-0.13;;0.71;[tp]
2026.01.20 16:00:00;Sell;0.02;EURGBP;0.87225;;0.87195;2026.01.20 16:12:36;0.87195;-0.13;;0.69;[tp]
2026.01.20 15:45:02;Buy;0.02;EURGBP;0.87263;;0.87293;2026.01.20 15:46:43;0.87293;-0.13;;0.69;[tp]
2026.01.20 15:30:03;Buy;0.02;EURGBP;0.87175;;0.87245;2026.01.20 15:34:04;0.87247;-0.13;;1.65;[tp]
2026.01.20 14:45:00;Buy;0.02;EURGBP;0.87255;;0.87245;2026.01.20 15:34:04;0.87247;-0.13;;-0.18;[tp]
2026.01.20 14:30:00;Buy;0.02;EURGBP;0.87252;;0.87282;2026.01.20 14:33:44;0.87282;-0.13;;0.69;[tp]
2026.01.20 14:15:01;Buy;0.02;EURGBP;0.87200;;0.87230;2026.01.20 14:25:20;0.87232;-0.13;;0.73;[tp]
2026.01.20 13:45:00;Buy;0.02;EURGBP;0.87150;;0.87180;2026.01.20 14:05:37;0.87181;-0.13;;0.71;[tp]
2026.01.20 13:30:00;Buy;0.02;EURGBP;0.87112;;0.87142;2026.01.20 13:42:28;0.87141;-0.13;;0.67;[tp]
2026.01.20 13:15:01;Buy;0.02;EURGBP;0.87077;;0.87107;2026.01.20 13:26:28;0.87107;-0.13;;0.69;[tp]
2026.01.20 13:00:01;Buy;0.02;EURGBP;0.87028;;0.87058;2026.01.20 13:07:00;0.87058;-0.13;;0.69;[tp]
2026.01.20 12:30:02;Buy;0.02;EURGBP;0.86952;;0.87022;2026.01.20 12:58:03;0.87022;-0.13;;1.61;[tp]
2026.01.20 11:45:00;Buy;0.02;EURGBP;0.87031;;0.87022;2026.01.20 12:58:03;0.87022;-0.13;;-0.21;[tp]
2026.01.20 11:15:01;Buy;0.02;EURGBP;0.86964;;0.86994;2026.01.20 11:31:52;0.86994;-0.13;;0.69;[tp]
2026.01.20 11:00:00;Buy;0.02;EURGBP;0.86927;;0.86957;2026.01.20 11:08:07;0.86958;-0.13;;0.71;[tp]
2026.01.20 10:45:00;Buy;0.02;EURGBP;0.86858;;0.86888;2026.01.20 10:48:45;0.86888;-0.13;;0.69;[tp]
2026.01.20 09:45:02;Buy;0.02;EURGBP;0.86757;;0.86835;2026.01.20 10:38:18;0.86834;-0.13;;1.77;[tp]
2026.01.20 09:15:00;Buy;0.02;EURGBP;0.86853;;0.86835;2026.01.20 10:38:18;0.86834;-0.13;;-0.44;[tp]
2026.01.20 09:00:00;Buy;0.02;EURGBP;0.86853;;0.86883;2026.01.20 09:00:19;0.86885;-0.13;;0.74;[tp]
2026.01.20 08:30:00;Buy;0.02;EURGBP;0.86815;;0.86845;2026.01.20 08:52:27;0.86845;-0.13;;0.69;[tp]
2026.01.20 07:00:00;Buy;0.02;EURGBP;0.86792;;0.86822;2026.01.20 08:26:26;0.86822;-0.13;;0.69;[tp]
2026.01.20 05:45:00;Buy;0.02;EURGBP;0.86754;;0.86784;2026.01.20 06:51:41;0.86784;-0.13;;0.69;[tp]
2026.01.19 17:00:01;Buy;0.02;EURGBP;0.86737;;0.86767;2026.01.20 05:39:44;0.86767;-0.13;-0.15;0.69;[tp]
2026.01.19 13:45:00;Buy;0.02;EURGBP;0.86719;;0.86749;2026.01.19 16:57:03;0.86749;-0.13;;0.69;[tp]
2026.01.19 13:00:00;Buy;0.02;EURGBP;0.86684;;0.86714;2026.01.19 13:31:00;0.86714;-0.13;;0.69;[tp]
2026.01.19 02:45:00;Sell;0.02;EURGBP;0.86784;;0.86671;2026.01.19 12:48:31;0.86671;-0.13;;2.61;[tp]
2026.01.16 14:15:01;Sell;0.02;EURGBP;0.86696;;0.86671;2026.01.19 12:48:31;0.86671;-0.13;0.04;0.58;[tp]
2026.01.16 11:45:00;Sell;0.02;EURGBP;0.86623;;0.86671;2026.01.19 12:48:31;0.86671;-0.13;0.04;-1.11;[tp]
2026.01.16 10:15:07;Sell;0.02;EURGBP;0.86691;;0.86661;2026.01.16 11:32:19;0.86660;-0.13;;0.72;[tp]
2026.01.15 21:15:00;Sell;0.02;EURGBP;0.86746;;0.86681;2026.01.16 10:09:19;0.86683;-0.13;0.04;1.45;[tp]
2026.01.15 18:00:02;Sell;0.02;EURGBP;0.86675;;0.86681;2026.01.16 10:09:19;0.86683;-0.13;0.04;-0.18;[tp]
2026.01.15 15:00:00;Sell;0.02;EURGBP;0.86711;;0.86681;2026.01.15 17:56:44;0.86680;-0.13;;0.72;[tp]
2026.01.15 13:00:00;Buy;0.02;EURGBP;0.86702;;0.86732;2026.01.15 14:46:08;0.86732;-0.13;;0.69;[tp]
2026.01.15 12:30:00;Buy;0.02;EURGBP;0.86672;;0.86702;2026.01.15 12:46:26;0.86702;-0.13;;0.69;[tp]
2026.01.15 09:45:00;Buy;0.03;EURGBP;0.86556;;0.86657;2026.01.15 12:21:16;0.86657;-0.20;;3.50;[tp]
2026.01.14 22:00:00;Buy;0.02;EURGBP;0.86642;;0.86657;2026.01.15 12:21:16;0.86657;-0.13;-0.46;0.35;[tp]
2026.01.14 19:30:00;Buy;0.02;EURGBP;0.86719;;0.86657;2026.01.15 12:21:16;0.86657;-0.13;-0.46;-1.43;[tp]
2026.01.14 19:00:01;Buy;0.02;EURGBP;0.86695;;0.86725;2026.01.14 19:29:12;0.86727;-0.13;;0.74;[tp]
2026.01.14 06:28:58;Buy;0.02;EURGBP;0.86633;;0.86708;2026.01.14 18:58:10;0.86708;-0.13;;1.73;[tp]
2026.01.13 19:45:05;Buy;0.02;EURGBP;0.86722;;0.86708;2026.01.14 18:58:10;0.86708;-0.13;-0.15;-0.32;[tp]
2026.01.13 18:00:00;Buy;0.02;EURGBP;0.86685;;0.86715;2026.01.13 19:34:05;0.86714;-0.13;;0.67;[tp]
2026.01.13 03:00:03;Buy;0.08;EURGBP;0.86554;;0.86706;2026.01.13 17:57:56;0.86707;-0.52;;14.12;[tp]
2026.01.12 17:00:01;Buy;0.05;EURGBP;0.86666;;0.86706;2026.01.13 17:57:56;0.86707;-0.33;-0.38;2.36;[tp]
2026.01.12 13:00:00;Buy;0.03;EURGBP;0.86746;;0.86706;2026.01.13 17:57:56;0.86707;-0.20;-0.23;-1.35;[tp]
2026.01.12 10:15:01;Buy;0.02;EURGBP;0.86841;;0.86706;2026.01.13 17:57:56;0.86707;-0.13;-0.15;-3.09;[tp]
2026.01.12 10:00:01;Buy;0.02;EURGBP;0.86915;;0.86706;2026.01.13 17:57:56;0.86707;-0.13;-0.15;-4.80;[tp]
2026.01.12 09:30:00;Buy;0.02;EURGBP;0.86885;;0.86915;2026.01.12 09:56:04;0.86915;-0.13;;0.69;[tp]
2026.01.12 08:30:00;Buy;0.02;EURGBP;0.86863;;0.86893;2026.01.12 09:26:32;0.86893;-0.13;;0.69;[tp]
2026.01.12 01:30:15;Buy;0.02;EURGBP;0.86799;;0.86868;2026.01.12 08:24:07;0.86870;-0.13;;1.63;[tp]
2026.01.12 01:00:02;Buy;0.02;EURGBP;0.86876;;0.86868;2026.01.12 08:24:07;0.86870;-0.13;;-0.14;[tp]
2026.01.09 17:15:00;Buy;0.02;EURGBP;0.86774;;0.86804;2026.01.09 23:56:45;0.86805;-0.13;;0.71;[tp]
2026.01.09 15:45:02;Buy;0.03;EURGBP;0.86699;;0.86800;2026.01.09 17:06:00;0.86802;-0.20;;3.56;[tp]
2026.01.09 14:45:00;Buy;0.02;EURGBP;0.86785;;0.86800;2026.01.09 17:06:00;0.86802;-0.13;;0.39;[tp]
2026.01.09 13:00:00;Buy;0.02;EURGBP;0.86861;;0.86800;2026.01.09 17:06:00;0.86802;-0.13;;-1.36;[tp]
2026.01.09 11:00:00;Buy;0.02;EURGBP;0.86833;;0.86863;2026.01.09 12:50:27;0.86863;-0.13;;0.69;[tp]
2026.01.09 10:45:01;Buy;0.02;EURGBP;0.86796;;0.86826;2026.01.09 10:59:32;0.86827;-0.13;;0.71;[tp]
2026.01.09 10:00:01;Buy;0.02;EURGBP;0.86756;;0.86786;2026.01.09 10:32:25;0.86787;-0.13;;0.71;[tp]
2026.01.09 09:30:06;Sell;0.02;EURGBP;0.86797;;0.86726;2026.01.09 09:46:52;0.86725;-0.13;;1.66;[tp]
2026.01.08 20:00:00;Sell;0.02;EURGBP;0.86714;;0.86726;2026.01.09 09:46:52;0.86725;-0.13;0.04;-0.25;[tp]
2026.01.08 19:15:00;Sell;0.02;EURGBP;0.86737;;0.86707;2026.01.08 19:54:05;0.86707;-0.13;;0.69;[tp]
2026.01.08 18:45:19;Sell;0.02;EURGBP;0.86770;;0.86740;2026.01.08 19:10:04;0.86740;-0.13;;0.69;[tp]
2026.01.08 18:15:00;Sell;0.02;EURGBP;0.86771;;0.86741;2026.01.08 18:36:06;0.86740;-0.13;;0.71;[tp]
2026.01.08 09:45:03;Sell;0.02;EURGBP;0.86835;;0.86769;2026.01.08 18:12:44;0.86770;-0.13;;1.50;[tp]
2026.01.07 19:45:00;Sell;0.02;EURGBP;0.86763;;0.86769;2026.01.08 18:12:44;0.86770;-0.13;0.12;-0.16;[tp]
2026.01.07 18:45:00;Buy;0.02;EURGBP;0.86755;;0.86785;2026.01.07 19:35:03;0.86785;-0.13;;0.69;[tp]
2026.01.05 19:15:01;Buy;0.34;EURGBP;0.86584;;0.86751;2026.01.07 18:42:34;0.86751;-2.21;-5.35;65.45;[tp]
2026.01.05 17:45:01;Buy;0.21;EURGBP;0.86682;;0.86751;2026.01.07 18:42:34;0.86751;-1.37;-3.30;16.70;[tp]
2026.01.05 13:30:00;Buy;0.13;EURGBP;0.86769;;0.86751;2026.01.07 18:42:34;0.86751;-0.85;-2.05;-2.70;[tp]
2026.01.05 12:30:01;Buy;0.08;EURGBP;0.86847;;0.86751;2026.01.07 18:42:34;0.86751;-0.52;-1.25;-8.85;[tp]
2026.01.05 11:45:01;Buy;0.05;EURGBP;0.86943;;0.86751;2026.01.07 18:42:34;0.86751;-0.33;-0.79;-11.07;[tp]
2026.01.02 17:45:04;Buy;0.03;EURGBP;0.87029;;0.86751;2026.01.07 18:42:34;0.86751;-0.20;-0.70;-9.61;[tp]
2026.01.02 15:30:02;Buy;0.02;EURGBP;0.87144;;0.86751;2026.01.07 18:42:34;0.86751;-0.13;-0.47;-9.06;[tp]
2026.01.02 13:30:00;Buy;0.02;EURGBP;0.87223;;0.86751;2026.01.07 18:42:34;0.86751;-0.13;-0.47;-10.88;[tp]
2026.01.02 13:15:01;Buy;0.02;EURGBP;0.87184;;0.87214;2026.01.02 13:25:35;0.87215;-0.13;;0.71;[tp]
2026.01.02 13:00:01;Buy;0.02;EURGBP;0.87146;;0.87176;2026.01.02 13:14:37;0.87179;-0.13;;0.76;[tp]
2026.01.02 12:30:01;Buy;0.02;EURGBP;0.87119;;0.87149;2026.01.02 12:48:35;0.87152;-0.13;;0.76;[tp]
2026.01.02 12:00:00;Sell;0.02;EURGBP;0.87116;;0.87086;2026.01.02 12:19:03;0.87086;-0.13;;0.69;[tp]
2026.01.02 10:15:00;Sell;0.02;EURGBP;0.87151;;0.87121;2026.01.02 11:49:06;0.87121;-0.13;;0.69;[tp]
2026.01.02 09:45:01;Sell;0.02;EURGBP;0.87183;;0.87153;2026.01.02 10:02:15;0.87152;-0.13;;0.71;[tp]
2026.01.02 08:15:00;Sell;0.02;EURGBP;0.87235;;0.87170;2026.01.02 09:32:24;0.87170;-0.13;;1.49;[tp]
2025.12.31 23:15:23;Sell;0.02;EURGBP;0.87164;;0.87170;2026.01.02 09:32:24;0.87170;-0.13;0.16;-0.14;[tp]
2025.12.31 20:15:00;Sell;0.02;EURGBP;0.87198;;0.87168;2025.12.31 23:01:24;0.87168;-0.13;;0.69;[tp]
2025.12.31 18:30:04;Sell;0.02;EURGBP;0.87244;;0.87214;2025.12.31 20:10:58;0.87214;-0.13;;0.69;[tp]
2025.12.31 18:15:01;Sell;0.02;EURGBP;0.87278;;0.87248;2025.12.31 18:27:11;0.87246;-0.13;;0.73;[tp]
2025.12.31 18:00:00;Sell;0.02;EURGBP;0.87314;;0.87284;2025.12.31 18:08:43;0.87284;-0.13;;0.69;[tp]
2025.12.31 17:15:01;Sell;0.02;EURGBP;0.87406;;0.87301;2025.12.31 17:58:31;0.87308;-0.13;;2.24;[tp]
2025.12.31 15:15:00;Sell;0.02;EURGBP;0.87255;;0.87301;2025.12.31 17:58:31;0.87308;-0.13;;-1.21;[tp]
2025.12.31 13:30:01;Sell;0.02;EURGBP;0.87295;;0.87265;2025.12.31 15:08:06;0.87265;-0.13;;0.69;[tp]
2025.12.31 13:15:00;Sell;0.02;EURGBP;0.87322;;0.87292;2025.12.31 13:20:45;0.87292;-0.13;;0.69;[tp]
2025.12.31 13:00:01;Sell;0.02;EURGBP;0.87355;;0.87325;2025.12.31 13:01:47;0.87325;-0.13;;0.69;[tp]
2025.12.31 11:45:03;Buy;0.02;EURGBP;0.87350;;0.87380;2025.12.31 12:45:55;0.87380;-0.13;;0.69;[tp]
2025.12.31 11:15:03;Buy;0.02;EURGBP;0.87321;;0.87351;2025.12.31 11:40:43;0.87352;-0.13;;0.71;[tp]
2025.12.31 11:00:03;Buy;0.02;EURGBP;0.87293;;0.87323;2025.12.31 11:10:55;0.87324;-0.13;;0.71;[tp]
2025.12.31 07:30:04;Buy;0.03;EURGBP;0.87184;;0.87279;2025.12.31 10:50:55;0.87282;-0.20;;3.37;[tp]
2025.12.30 20:30:01;Buy;0.02;EURGBP;0.87258;;0.87279;2025.12.31 10:50:55;0.87282;-0.13;-0.16;0.55;[tp]
2025.12.30 17:15:03;Buy;0.02;EURGBP;0.87337;;0.87279;2025.12.31 10:50:55;0.87282;-0.13;-0.16;-1.26;[tp]
2025.12.30 17:00:01;Buy;0.02;EURGBP;0.87287;;0.87317;2025.12.30 17:05:05;0.87318;-0.13;;0.71;[tp]
2025.12.30 16:30:01;Buy;0.02;EURGBP;0.87257;;0.87287;2025.12.30 16:45:39;0.87287;-0.13;;0.69;[tp]
2025.12.30 16:00:00;Buy;0.02;EURGBP;0.87217;;0.87247;2025.12.30 16:28:53;0.87248;-0.13;;0.71;[tp]
2025.12.30 12:00:01;Buy;0.03;EURGBP;0.87084;;0.87209;2025.12.30 15:55:06;0.87211;-0.20;;4.37;[tp]
2025.12.29 18:00:01;Buy;0.02;EURGBP;0.87169;;0.87209;2025.12.30 15:55:06;0.87211;-0.13;-0.23;0.96;[tp]
2025.12.29 17:30:00;Buy;0.02;EURGBP;0.87330;;0.87209;2025.12.30 15:55:06;0.87211;-0.13;-0.23;-2.73;[tp]
2025.12.29 17:15:01;Buy;0.02;EURGBP;0.87289;;0.87319;2025.12.29 17:21:28;0.87320;-0.13;;0.71;[tp]
2025.12.29 14:30:01;Buy;0.02;EURGBP;0.87294;;0.87324;2025.12.29 17:02:50;0.87324;-0.13;;0.69;[tp]
2025.12.29 14:15:01;Buy;0.02;EURGBP;0.87248;;0.87278;2025.12.29 14:23:26;0.87278;-0.13;;0.69;[tp]
2025.12.29 13:45:02;Buy;0.05;EURGBP;0.87121;;0.87247;2025.12.29 14:00:55;0.87247;-0.33;;7.22;[tp]
2025.12.29 12:30:04;Buy;0.03;EURGBP;0.87213;;0.87247;2025.12.29 14:00:55;0.87247;-0.20;;1.17;[tp]
2025.12.29 11:30:00;Buy;0.02;EURGBP;0.87293;;0.87247;2025.12.29 14:00:55;0.87247;-0.13;;-1.05;[tp]
2025.12.29 11:00:00;Buy;0.02;EURGBP;0.87384;;0.87247;2025.12.29 14:00:54;0.87247;-0.13;;-3.14;[tp]
2025.12.29 10:00:00;Buy;0.02;EURGBP;0.87341;;0.87371;2025.12.29 10:55:57;0.87370;-0.13;;0.66;[tp]
2025.12.29 09:45:00;Buy;0.02;EURGBP;0.87306;;0.87336;2025.12.29 09:59:24;0.87336;-0.13;;0.69;[tp]
2025.12.29 09:30:00;Buy;0.02;EURGBP;0.87279;;0.87309;2025.12.29 09:38:31;0.87310;-0.13;;0.71;[tp]
2025.12.26 23:15:01;Buy;0.03;EURGBP;0.87181;;0.87273;2025.12.29 09:28:01;0.87273;-0.20;-0.27;3.16;[tp]
2025.12.26 15:30:00;Buy;0.02;EURGBP;0.87254;;0.87273;2025.12.29 09:28:01;0.87273;-0.13;-0.18;0.44;[tp]
2025.12.26 15:15:05;Buy;0.02;EURGBP;0.87326;;0.87273;2025.12.29 09:28:01;0.87273;-0.13;-0.18;-1.21;[tp]
2025.12.26 11:00:03;Buy;0.02;EURGBP;0.87263;;0.87334;2025.12.26 15:06:41;0.87333;-0.13;;1.60;[tp]
2025.12.26 07:30:01;Buy;0.02;EURGBP;0.87345;;0.87334;2025.12.26 15:06:41;0.87333;-0.13;;-0.27;[tp]
2025.12.26 07:15:00;Buy;0.02;EURGBP;0.87311;;0.87341;2025.12.26 07:29:57;0.87342;-0.13;;0.71;[tp]
2025.12.26 02:15:07;Buy;0.03;EURGBP;0.87196;;0.87290;2025.12.26 07:01:05;0.87290;-0.20;;3.23;[tp]
2025.12.24 03:45:02;Buy;0.02;EURGBP;0.87266;;0.87290;2025.12.26 07:01:05;0.87290;-0.13;-0.64;0.55;[tp]
2025.12.24 01:00:01;Buy;0.02;EURGBP;0.87349;;0.87290;2025.12.26 07:01:05;0.87290;-0.13;-0.64;-1.35;[tp]
2025.12.23 18:00:01;Sell;0.02;EURGBP;0.87320;;0.87244;2025.12.23 23:52:27;0.87241;-0.13;;1.81;[tp]
2025.12.23 15:45:01;Sell;0.02;EURGBP;0.87228;;0.87244;2025.12.23 23:52:27;0.87241;-0.13;;-0.30;[tp]
2025.12.23 12:00:01;Sell;0.02;EURGBP;0.87315;;0.87237;2025.12.23 15:43:37;0.87236;-0.13;;1.81;[tp]
2025.12.23 10:15:00;Sell;0.02;EURGBP;0.87219;;0.87237;2025.12.23 15:43:37;0.87236;-0.13;;-0.39;[tp]
2025.12.23 09:45:00;Sell;0.02;EURGBP;0.87265;;0.87235;2025.12.23 10:00:01;0.87235;-0.13;;0.69;[tp]
2025.12.23 07:30:03;Sell;0.02;EURGBP;0.87294;;0.87264;2025.12.23 09:44:33;0.87264;-0.13;;0.69;[tp]
2025.12.22 23:15:02;Sell;0.02;EURGBP;0.87369;;0.87297;2025.12.23 07:27:58;0.87295;-0.13;0.04;1.70;[tp]
2025.12.22 19:15:03;Sell;0.02;EURGBP;0.87285;;0.87297;2025.12.23 07:27:58;0.87295;-0.13;0.04;-0.23;[tp]
2025.12.22 19:00:01;Sell;0.02;EURGBP;0.87313;;0.87283;2025.12.22 19:00:36;0.87283;-0.13;;0.69;[tp]
2025.12.22 18:45:01;Sell;0.02;EURGBP;0.87357;;0.87327;2025.12.22 18:57:32;0.87327;-0.13;;0.69;[tp]
2025.12.22 18:15:02;Sell;0.02;EURGBP;0.87412;;0.87382;2025.12.22 18:41:04;0.87382;-0.13;;0.69;[tp]
2025.12.22 17:45:02;Sell;0.02;EURGBP;0.87441;;0.87411;2025.12.22 18:12:50;0.87411;-0.13;;0.69;[tp]
2025.12.22 17:30:00;Sell;0.02;EURGBP;0.87447;;0.87417;2025.12.22 17:37:18;0.87416;-0.13;;0.71;[tp]
2025.12.22 15:45:00;Buy;0.02;EURGBP;0.87437;;0.87467;2025.12.22 17:24:08;0.87468;-0.13;;0.71;[tp]
2025.12.22 13:45:02;Buy;0.02;EURGBP;0.87298;;0.87440;2025.12.22 15:36:34;0.87440;-0.13;;3.25;[tp]
2025.12.22 09:45:06;Buy;0.03;EURGBP;0.87380;;0.87440;2025.12.22 15:36:34;0.87440;-0.20;;2.06;[tp]
2025.12.22 05:30:01;Buy;0.02;EURGBP;0.87452;;0.87440;2025.12.22 15:36:34;0.87440;-0.13;;-0.27;[tp]
2025.12.22 01:45:01;Buy;0.02;EURGBP;0.87527;;0.87440;2025.12.22 15:36:34;0.87440;-0.13;;-1.99;[tp]
2025.12.22 01:30:00;Buy;0.02;EURGBP;0.87518;;0.87548;2025.12.22 01:39:07;0.87549;-0.13;;0.71;[tp]
2025.12.19 21:30:01;Sell;0.02;EURGBP;0.87547;;0.87522;2025.12.22 01:26:30;0.87522;-0.13;0.04;0.57;[tp]
2025.12.19 20:45:03;Sell;0.02;EURGBP;0.87569;;0.87544;2025.12.19 21:22:39;0.87543;-0.13;;0.59;[tp]
2025.12.19 19:30:00;Sell;0.02;EURGBP;0.87591;;0.87566;2025.12.19 20:33:22;0.87566;-0.13;;0.57;[tp]
2025.12.19 16:15:06;Sell;0.03;EURGBP;0.87670;;0.87582;2025.12.19 19:24:18;0.87582;-0.20;;3.01;[tp]
2025.12.19 15:30:01;Sell;0.02;EURGBP;0.87599;;0.87582;2025.12.19 19:24:18;0.87582;-0.13;;0.39;[tp]
2025.12.19 12:00:02;Sell;0.02;EURGBP;0.87521;;0.87582;2025.12.19 19:24:18;0.87582;-0.13;;-1.39;[tp]
2025.12.18 18:15:01;Sell;0.03;EURGBP;0.87608;;0.87512;2025.12.19 11:53:33;0.87511;-0.20;0.06;3.33;[tp]
2025.12.18 17:15:02;Sell;0.02;EURGBP;0.87524;;0.87512;2025.12.19 11:53:33;0.87511;-0.13;0.04;0.30;[tp]
2025.12.18 16:15:00;Sell;0.02;EURGBP;0.87442;;0.87512;2025.12.19 11:53:33;0.87511;-0.13;0.04;-1.58;[tp]
2025.12.18 15:00:03;Sell;0.02;EURGBP;0.87449;;0.87424;2025.12.18 16:05:12;0.87423;-0.13;;0.59;[tp]
2025.12.18 14:45:01;Sell;0.02;EURGBP;0.87529;;0.87504;2025.12.18 14:52:13;0.87502;-0.13;;0.62;[tp]
2025.12.18 14:30:02;Sell;0.02;EURGBP;0.87591;;0.87566;2025.12.18 14:33:49;0.87566;-0.13;;0.57;[tp]
2025.12.18 14:15:01;Sell;0.02;EURGBP;0.87595;;0.87570;2025.12.18 14:16:23;0.87570;-0.13;;0.57;[tp]
2025.12.18 14:00:00;Sell;0.02;EURGBP;0.87751;;0.87726;2025.12.18 14:00:14;0.87722;-0.13;;0.66;[tp]
2025.12.18 13:45:00;Sell;0.02;EURGBP;0.87780;;0.87755;2025.12.18 13:59:12;0.87754;-0.13;;0.59;[tp]
2025.12.18 12:00:00;Sell;0.02;EURGBP;0.87810;;0.87785;2025.12.18 13:43:49;0.87784;-0.13;;0.59;[tp]
2025.12.18 10:00:05;Buy;0.02;EURGBP;0.87792;;0.87853;2025.12.18 11:55:34;0.87853;-0.13;;1.39;[tp]
2025.12.18 08:45:03;Buy;0.02;EURGBP;0.87863;;0.87853;2025.12.18 11:55:34;0.87853;-0.13;;-0.23;[tp]
2025.12.18 05:45:07;Buy;0.02;EURGBP;0.87842;;0.87867;2025.12.18 08:38:34;0.87867;-0.13;;0.57;[tp]
2025.12.18 02:30:02;Buy;0.02;EURGBP;0.87819;;0.87844;2025.12.18 05:42:07;0.87844;-0.13;;0.57;[tp]
2025.12.17 20:30:00;Buy;0.02;EURGBP;0.87788;;0.87813;2025.12.18 02:25:39;0.87813;-0.13;-0.47;0.57;[tp]
2025.12.17 18:00:00;Buy;0.02;EURGBP;0.87719;;0.87792;2025.12.17 20:27:23;0.87792;-0.13;;1.66;[tp]
2025.12.17 17:45:00;Buy;0.02;EURGBP;0.87814;;0.87792;2025.12.17 20:27:22;0.87792;-0.13;;-0.50;[tp]
2025.12.17 10:00:04;Sell;0.03;EURGBP;0.87921;;0.87792;2025.12.17 17:31:13;0.87792;-0.20;;4.41;[tp]
2025.12.17 09:30:02;Sell;0.02;EURGBP;0.87792;;0.87792;2025.12.17 17:31:13;0.87792;-0.13;;0.00;[tp]
2025.12.17 09:00:09;Sell;0.02;EURGBP;0.87685;;0.87792;2025.12.17 17:31:13;0.87792;-0.13;;-2.44;[tp]
2025.12.17 08:00:00;Buy;0.02;EURGBP;0.87643;;0.87668;2025.12.17 09:00:04;0.87663;-0.13;;0.46;[tp]
2025.12.17 07:45:01;Buy;0.02;EURGBP;0.87602;;0.87627;2025.12.17 07:55:18;0.87627;-0.13;;0.57;[tp]
2025.12.16 22:45:03;Buy;0.03;EURGBP;0.87524;;0.87618;2025.12.17 07:32:19;0.87628;-0.20;-0.24;3.56;[tp]
2025.12.16 20:15:02;Buy;0.02;EURGBP;0.87606;;0.87618;2025.12.17 07:32:19;0.87628;-0.13;-0.16;0.50;[tp]
2025.12.16 18:30:01;Buy;0.02;EURGBP;0.87684;;0.87618;2025.12.17 07:32:19;0.87624;-0.13;-0.16;-1.37;[tp]
2025.12.16 17:00:06;Sell;0.03;EURGBP;0.87775;;0.87670;2025.12.16 18:19:36;0.87670;-0.20;;3.59;[tp]
2025.12.16 15:45:06;Sell;0.02;EURGBP;0.87681;;0.87670;2025.12.16 18:19:36;0.87670;-0.13;;0.25;[tp]
2025.12.16 13:00:00;Sell;0.02;EURGBP;0.87589;;0.87670;2025.12.16 18:19:36;0.87670;-0.13;;-1.85;[tp]
2025.12.16 12:45:02;Sell;0.02;EURGBP;0.87616;;0.87591;2025.12.16 12:50:53;0.87592;-0.13;;0.55;[tp]
2025.12.16 11:45:00;Sell;0.02;EURGBP;0.87678;;0.87653;2025.12.16 12:32:35;0.87653;-0.13;;0.57;[tp]
2025.12.16 11:30:06;Sell;0.02;EURGBP;0.87677;;0.87652;2025.12.16 11:30:34;0.87652;-0.13;;0.57;[tp]
2025.12.16 11:15:00;Sell;0.02;EURGBP;0.87722;;0.87697;2025.12.16 11:30:00;0.87678;-0.13;;1.00;[tp]
2025.12.16 06:50:34;Sell;0.02;EURGBP;0.87912;;0.87713;2025.12.16 11:07:22;0.87710;-0.13;;4.61;[tp]
2025.12.12 17:45:03;Sell;0.21;EURGBP;0.87833;;0.87713;2025.12.16 11:07:22;0.87710;-1.37;1.20;29.45;[tp]
2025.12.12 16:45:01;Sell;0.13;EURGBP;0.87760;;0.87713;2025.12.16 11:07:22;0.87710;-0.85;0.74;7.41;[tp]
2025.12.11 22:00:02;Sell;0.08;EURGBP;0.87683;;0.87713;2025.12.16 11:07:22;0.87710;-0.52;0.68;-2.46;[tp]
2025.12.11 20:45:02;Sell;0.02;EURGBP;0.87612;;0.87713;2025.12.16 11:07:22;0.87710;-0.13;0.17;-2.23;[tp]
2025.12.11 11:30:00;Sell;0.03;EURGBP;0.87533;;0.87713;2025.12.16 11:07:22;0.87710;-0.20;0.26;-6.05;[tp]
2025.12.11 03:00:03;Sell;0.02;EURGBP;0.87463;;0.87713;2025.12.16 11:07:22;0.87711;-0.13;0.17;-5.65;[tp]
2025.12.10 23:00:00;Sell;0.02;EURGBP;0.87363;;0.87713;2025.12.16 11:07:22;0.87710;-0.13;0.33;-7.91;[tp]
2025.12.10 21:00:03;Sell;0.02;EURGBP;0.87383;;0.87358;2025.12.10 22:52:11;0.87358;-0.13;;0.57;[tp]
2025.12.10 10:45:00;Buy;0.02;EURGBP;0.87497;;0.87421;2025.12.10 20:57:41;0.87421;-0.13;;-1.74;[tp]
2025.12.10 16:00:01;Buy;0.03;EURGBP;0.87322;;0.87421;2025.12.10 20:57:40;0.87421;-0.20;;3.40;[tp]
2025.12.10 12:00:01;Buy;0.02;EURGBP;0.87407;;0.87421;2025.12.10 20:57:40;0.87421;-0.13;;0.32;[tp]
2025.12.10 10:15:00;Buy;0.02;EURGBP;0.87439;;0.87464;2025.12.10 10:36:51;0.87464;-0.13;;0.57;[tp]
2025.12.10 09:15:01;Buy;0.02;EURGBP;0.87364;;0.87433;2025.12.10 10:10:31;0.87434;-0.13;;1.60;[tp]
2025.12.09 18:00:00;Buy;0.02;EURGBP;0.87452;;0.87433;2025.12.10 10:10:31;0.87434;-0.13;-0.17;-0.41;[tp]
2025.12.09 17:00:03;Buy;0.02;EURGBP;0.87420;;0.87445;2025.12.09 17:48:00;0.87445;-0.13;;0.57;[tp]
2025.12.09 16:30:00;Buy;0.02;EURGBP;0.87393;;0.87418;2025.12.09 16:54:45;0.87418;-0.13;;0.57;[tp]
2025.12.09 15:45:01;Buy;0.02;EURGBP;0.87405;;0.87430;2025.12.09 16:25:45;0.87427;-0.13;;0.50;[tp]
2025.12.09 13:45:01;Buy;0.02;EURGBP;0.87359;;0.87384;2025.12.09 15:39:57;0.87384;-0.13;;0.57;[tp]
2025.12.09 12:45:00;Buy;0.02;EURGBP;0.87325;;0.87350;2025.12.09 13:44:36;0.87350;-0.13;;0.57;[tp]
2025.12.09 11:15:04;Buy;0.05;EURGBP;0.87232;;0.87346;2025.12.09 12:35:20;0.87346;-0.33;;6.53;[tp]
2025.12.08 17:30:01;Buy;0.03;EURGBP;0.87311;;0.87346;2025.12.09 12:35:20;0.87346;-0.20;-0.26;1.20;[tp]
2025.12.08 16:15:02;Buy;0.02;EURGBP;0.87394;;0.87346;2025.12.09 12:35:20;0.87346;-0.13;-0.17;-1.10;[tp]
2025.12.08 13:45:02;Buy;0.02;EURGBP;0.87488;;0.87346;2025.12.09 12:35:20;0.87346;-0.13;-0.17;-3.25;[tp]
2025.12.08 12:30:00;Buy;0.02;EURGBP;0.87422;;0.87489;2025.12.08 13:30:55;0.87491;-0.13;;1.58;[tp]
2025.12.08 09:15:00;Buy;0.02;EURGBP;0.87505;;0.87489;2025.12.08 13:30:55;0.87491;-0.13;;-0.32;[tp]
2025.12.04 16:45:02;Buy;0.21;EURGBP;0.87258;;0.87505;2025.12.08 09:06:43;0.87505;-1.37;-3.58;59.28;[tp]
2025.12.03 18:18:11;Buy;0.02;EURGBP;0.87394;;0.87505;2025.12.08 09:06:43;0.87505;-0.13;-0.85;2.54;[tp]
2025.12.03 17:00:21;Buy;0.08;EURGBP;0.87592;;0.87505;2025.12.08 09:06:43;0.87505;-0.52;-3.40;-7.95;[tp]
2025.12.03 11:45:00;Buy;0.05;EURGBP;0.87692;;0.87505;2025.12.08 09:06:43;0.87505;-0.33;-2.13;-10.69;[tp]
2025.12.03 11:00:02;Buy;0.03;EURGBP;0.87821;;0.87505;2025.12.08 09:06:43;0.87505;-0.20;-1.28;-10.83;[tp]
2025.12.03 10:00:03;Buy;0.02;EURGBP;0.87901;;0.87505;2025.12.08 09:06:43;0.87505;-0.13;-0.85;-9.05;[tp]
2025.12.02 18:45:00;Buy;0.02;EURGBP;0.87983;;0.87505;2025.12.08 09:06:43;0.87505;-0.13;-1.02;-10.93;[tp]
2025.12.02 18:30:04;Buy;0.02;EURGBP;0.87970;;0.87995;2025.12.02 18:33:17;0.87994;-0.13;;0.55;[tp]
2025.12.02 18:15:03;Buy;0.02;EURGBP;0.87945;;0.87970;2025.12.02 18:22:24;0.87970;-0.13;;0.57;[tp]
2025.12.02 18:00:04;Buy;0.02;EURGBP;0.87917;;0.87942;2025.12.02 18:09:00;0.87942;-0.13;;0.57;[tp]
2025.12.02 17:45:01;Sell;0.02;EURGBP;0.87894;;0.87869;2025.12.02 17:46:14;0.87869;-0.13;;0.57;[tp]
2025.12.02 17:15:02;Sell;0.02;EURGBP;0.87917;;0.87892;2025.12.02 17:43:06;0.87892;-0.13;;0.57;[tp]
2025.12.02 16:30:00;Sell;0.02;EURGBP;0.87945;;0.87920;2025.12.02 17:03:24;0.87920;-0.13;;0.57;[tp]
2025.12.02 16:15:01;Sell;0.02;EURGBP;0.87957;;0.87932;2025.12.02 16:24:15;0.87932;-0.13;;0.57;[tp]
2025.12.02 13:30:01;Buy;0.02;EURGBP;0.87931;;0.87994;2025.12.02 16:08:39;0.87994;-0.13;;1.43;[tp]
2025.12.02 12:30:03;Buy;0.02;EURGBP;0.88006;;0.87994;2025.12.02 16:08:39;0.87994;-0.13;;-0.27;[tp]
2025.12.02 12:15:01;Buy;0.02;EURGBP;0.87956;;0.87981;2025.12.02 12:17:51;0.87981;-0.13;;0.57;[tp]
2025.12.01 18:30:01;Buy;0.02;EURGBP;0.87900;;0.87925;2025.12.02 12:03:45;0.87924;-0.13;-0.17;0.55;[tp]
2025.12.01 14:15:00;Buy;0.02;EURGBP;0.87819;;0.87899;2025.12.01 18:29:54;0.87899;-0.13;;1.82;[tp]
2025.12.01 13:15:02;Buy;0.02;EURGBP;0.87929;;0.87899;2025.12.01 18:29:54;0.87899;-0.13;;-0.68;[tp]
2025.12.01 12:45:01;Buy;0.02;EURGBP;0.87910;;0.87935;2025.12.01 13:14:21;0.87935;-0.13;;0.57;[tp]
2025.12.01 12:00:02;Buy;0.02;EURGBP;0.87828;;0.87892;2025.12.01 12:34:03;0.87895;-0.13;;1.52;[tp]
2025.12.01 11:00:00;Buy;0.02;EURGBP;0.87906;;0.87892;2025.12.01 12:34:03;0.87895;-0.13;;-0.25;[tp]
2025.12.01 10:45:00;Sell;0.02;EURGBP;0.87896;;0.87871;2025.12.01 10:48:56;0.87870;-0.13;;0.59;[tp]
2025.12.01 10:30:01;Buy;0.02;EURGBP;0.87899;;0.87924;2025.12.01 10:31:15;0.87924;-0.13;;0.57;[tp]
2025.12.01 10:15:02;Buy;0.02;EURGBP;0.87831;;0.87856;2025.12.01 10:16:39;0.87857;-0.13;;0.59;[tp]
2025.12.01 10:00:00;Buy;0.02;EURGBP;0.87799;;0.87824;2025.12.01 10:00:33;0.87824;-0.13;;0.57;[tp]
2025.12.01 09:15:00;Buy;0.02;EURGBP;0.87774;;0.87799;2025.12.01 09:51:32;0.87800;-0.13;;0.59;[tp]
2025.12.01 09:00:01;Buy;0.02;EURGBP;0.87740;;0.87765;2025.12.01 09:12:48;0.87770;-0.13;;0.68;[tp]
2025.12.01 08:00:00;Buy;0.02;EURGBP;0.87725;;0.87750;2025.12.01 08:48:09;0.87750;-0.13;;0.57;[tp]
2025.12.01 03:15:03;Buy;0.02;EURGBP;0.87689;;0.87714;2025.12.01 07:59:20;0.87714;-0.13;;0.57;[tp]
2025.11.28 19:30:00;Buy;0.02;EURGBP;0.87648;;0.87673;2025.12.01 03:02:36;0.87673;-0.13;-0.17;0.57;[tp]
2025.11.28 19:00:00;Buy;0.02;EURGBP;0.87629;;0.87654;2025.11.28 19:24:59;0.87655;-0.13;;0.59;[tp]
2025.11.28 18:30:00;Buy;0.02;EURGBP;0.87595;;0.87620;2025.11.28 18:48:00;0.87621;-0.13;;0.59;[tp]
2025.11.28 17:15:00;Sell;0.02;EURGBP;0.87607;;0.87530;2025.11.28 18:20:05;0.87527;-0.13;;1.83;[tp]
2025.11.28 15:00:00;Sell;0.02;EURGBP;0.87503;;0.87530;2025.11.28 18:20:05;0.87527;-0.13;;-0.55;[tp]
2025.11.28 14:45:00;Sell;0.02;EURGBP;0.87546;;0.87521;2025.11.28 14:49:26;0.87527;-0.13;;0.43;[tp]
2025.11.28 14:00:01;Sell;0.02;EURGBP;0.87617;;0.87542;2025.11.28 14:44:39;0.87541;-0.13;;1.74;[tp]
2025.11.28 13:30:01;Sell;0.02;EURGBP;0.87516;;0.87542;2025.11.28 14:44:39;0.87541;-0.13;;-0.57;[tp]
2025.11.28 13:00:01;Sell;0.02;EURGBP;0.87522;;0.87497;2025.11.28 13:23:10;0.87499;-0.13;;0.53;[tp]
2025.11.28 12:30:01;Sell;0.02;EURGBP;0.87541;;0.87516;2025.11.28 12:53:43;0.87516;-0.13;;0.57;[tp]
2025.11.28 11:45:00;Sell;0.02;EURGBP;0.87550;;0.87525;2025.11.28 12:23:08;0.87528;-0.13;;0.50;[tp]
2025.11.28 11:30:00;Sell;0.02;EURGBP;0.87596;;0.87571;2025.11.28 11:38:51;0.87570;-0.13;;0.59;[tp]
2025.11.28 11:15:00;Sell;0.02;EURGBP;0.87627;;0.87602;2025.11.28 11:15:43;0.87603;-0.13;;0.55;[tp]
2025.11.28 11:00:00;Buy;0.02;EURGBP;0.87639;;0.87664;2025.11.28 11:01:01;0.87664;-0.13;;0.57;[tp]
2025.11.28 10:30:00;Sell;0.02;EURGBP;0.87666;;0.87603;2025.11.28 10:53:58;0.87603;-0.13;;1.44;[tp]
2025.11.28 08:30:01;Sell;0.02;EURGBP;0.87589;;0.87603;2025.11.28 10:53:58;0.87603;-0.13;;-0.32;[tp]
2025.11.28 04:00:01;Buy;0.02;EURGBP;0.87535;;0.87600;2025.11.28 08:17:35;0.87600;-0.13;;1.48;[tp]
2025.11.27 19:45:02;Buy;0.02;EURGBP;0.87615;;0.87600;2025.11.28 08:17:35;0.87600;-0.13;-0.17;-0.34;[tp]
2025.11.27 19:00:01;Buy;0.02;EURGBP;0.87586;;0.87611;2025.11.27 19:42:52;0.87615;-0.13;;0.66;[tp]
2025.11.27 18:00:00;Buy;0.02;EURGBP;0.87498;;0.87583;2025.11.27 18:47:46;0.87583;-0.13;;1.94;[tp]
2025.11.27 17:00:00;Buy;0.02;EURGBP;0.87617;;0.87583;2025.11.27 18:47:46;0.87583;-0.13;;-0.78;[tp]
2025.11.27 15:00:00;Buy;0.03;EURGBP;0.87532;;0.87620;2025.11.27 16:49:58;0.87620;-0.20;;3.01;[tp]
2025.11.27 12:15:00;Buy;0.02;EURGBP;0.87603;;0.87620;2025.11.27 16:49:58;0.87619;-0.13;;0.37;[tp]
2025.11.27 10:45:00;Buy;0.02;EURGBP;0.87683;;0.87620;2025.11.27 16:49:58;0.87620;-0.13;;-1.44;[tp]
2025.11.27 10:30:00;Buy;0.02;EURGBP;0.87651;;0.87676;2025.11.27 10:42:04;0.87676;-0.13;;0.57;[tp]
2025.11.27 10:15:01;Buy;0.02;EURGBP;0.87619;;0.87644;2025.11.27 10:22:36;0.87645;-0.13;;0.59;[tp]
2025.11.27 06:30:01;Buy;0.05;EURGBP;0.87476;;0.87605;2025.11.27 10:09:53;0.87605;-0.33;;7.36;[tp]
2025.11.26 22:15:14;Buy;0.03;EURGBP;0.87586;;0.87605;2025.11.27 10:09:53;0.87605;-0.20;-0.79;0.65;[tp]
2025.11.26 17:45:01;Buy;0.02;EURGBP;0.87670;;0.87605;2025.11.27 10:09:53;0.87605;-0.13;-0.53;-1.48;[tp]
2025.11.26 17:00:00;Buy;0.02;EURGBP;0.87740;;0.87605;2025.11.27 10:09:53;0.87605;-0.13;-0.53;-3.08;[tp]
2025.11.26 16:45:00;Buy;0.02;EURGBP;0.87713;;0.87738;2025.11.26 16:51:57;0.87742;-0.13;;0.66;[tp]
2025.11.26 16:30:00;Buy;0.02;EURGBP;0.87639;;0.87664;2025.11.26 16:33:20;0.87667;-0.13;;0.64;[tp]
2025.11.26 15:30:02;Sell;0.02;EURGBP;0.87574;;0.87549;2025.11.26 16:17:41;0.87549;-0.13;;0.57;[tp]
2025.11.26 15:15:01;Sell;0.02;EURGBP;0.87736;;0.87711;2025.11.26 15:18:11;0.87711;-0.13;;0.57;[tp]
2025.11.26 15:00:01;Sell;0.02;EURGBP;0.87777;;0.87752;2025.11.26 15:10:03;0.87752;-0.13;;0.57;[tp]
2025.11.26 14:45:00;Sell;0.02;EURGBP;0.87940;;0.87915;2025.11.26 14:46:48;0.87914;-0.13;;0.59;[tp]
2025.11.26 14:30:00;Sell;0.02;EURGBP;0.88016;;0.87991;2025.11.26 14:31:52;0.87989;-0.13;;0.61;[tp]
2025.11.26 14:15:00;Buy;0.02;EURGBP;0.88113;;0.88138;2025.11.26 14:15:35;0.88139;-0.13;;0.59;[tp]
2025.11.26 14:00:01;Buy;0.02;EURGBP;0.87884;;0.87909;2025.11.26 14:00:32;0.87910;-0.13;;0.59;[tp]
2025.11.26 13:45:01;Sell;0.02;EURGBP;0.87772;;0.87747;2025.11.26 13:46:26;0.87742;-0.13;;0.68;[tp]
2025.11.26 13:00:02;Sell;0.03;EURGBP;0.87932;;0.87846;2025.11.26 13:41:39;0.87840;-0.20;;3.14;[tp]
2025.11.26 11:30:01;Sell;0.02;EURGBP;0.87861;;0.87846;2025.11.26 13:41:39;0.87840;-0.13;;0.48;[tp]
2025.11.26 10:45:00;Sell;0.02;EURGBP;0.87790;;0.87846;2025.11.26 13:41:39;0.87840;-0.13;;-1.14;[tp]
2025.11.26 10:30:01;Sell;0.02;EURGBP;0.87817;;0.87792;2025.11.26 10:34:46;0.87792;-0.13;;0.57;[tp]
2025.11.26 09:15:02;Sell;0.02;EURGBP;0.87882;;0.87821;2025.11.26 10:18:39;0.87822;-0.13;;1.37;[tp]
2025.11.26 04:15:01;Sell;0.02;EURGBP;0.87810;;0.87821;2025.11.26 10:18:39;0.87822;-0.13;;-0.27;[tp]
2025.11.26 03:45:01;Sell;0.02;EURGBP;0.87830;;0.87805;2025.11.26 04:14:09;0.87805;-0.13;;0.57;[tp]
2025.11.25 23:30:00;Sell;0.02;EURGBP;0.87859;;0.87834;2025.11.26 03:42:07;0.87834;-0.13;0.05;0.57;[tp]
2025.11.25 23:00:01;Buy;0.02;EURGBP;0.87869;;0.87894;2025.11.25 23:22:27;0.87897;-0.13;;0.64;[tp]
2025.11.25 22:45:02;Buy;0.02;EURGBP;0.87853;;0.87878;2025.11.25 22:50:53;0.87881;-0.13;;0.64;[tp]
2025.11.25 18:45:00;Buy;0.03;EURGBP;0.87714;;0.87808;2025.11.25 22:33:49;0.87810;-0.20;;3.28;[tp]
2025.11.25 16:30:01;Buy;0.02;EURGBP;0.87799;;0.87808;2025.11.25 22:33:49;0.87810;-0.13;;0.25;[tp]
2025.11.25 16:00:00;Buy;0.02;EURGBP;0.87872;;0.87808;2025.11.25 22:33:49;0.87810;-0.13;;-1.41;[tp]
2025.11.25 15:45:01;Buy;0.02;EURGBP;0.87854;;0.87879;2025.11.25 15:58:02;0.87879;-0.13;;0.57;[tp]
2025.11.25 12:45:02;Sell;0.02;EURGBP;0.87887;;0.87822;2025.11.25 15:32:58;0.87822;-0.13;;1.48;[tp]
2025.11.25 11:45:04;Sell;0.02;EURGBP;0.87807;;0.87822;2025.11.25 15:32:58;0.87822;-0.13;;-0.34;[tp]
2025.11.25 11:30:01;Sell;0.02;EURGBP;0.87859;;0.87834;2025.11.25 11:38:27;0.87834;-0.13;;0.57;[tp]
2025.11.25 11:00:01;Sell;0.02;EURGBP;0.87941;;0.87858;2025.11.25 11:28:01;0.87858;-0.13;;1.89;[tp]
2025.11.25 09:45:00;Sell;0.02;EURGBP;0.87825;;0.87858;2025.11.25 11:28:01;0.87858;-0.13;;-0.75;[tp]
2025.11.25 09:15:00;Sell;0.02;EURGBP;0.87872;;0.87847;2025.11.25 09:42:09;0.87847;-0.13;;0.57;[tp]
2025.11.24 21:00:03;Sell;0.02;EURGBP;0.87893;;0.87868;2025.11.25 09:09:28;0.87866;-0.13;0.05;0.61;[tp]
2025.11.24 19:45:01;Sell;0.02;EURGBP;0.87926;;0.87901;2025.11.24 20:56:19;0.87901;-0.13;;0.57;[tp]
2025.11.24 18:15:00;Sell;0.02;EURGBP;0.87952;;0.87927;2025.11.24 19:44:27;0.87926;-0.13;;0.59;[tp]
2025.11.24 18:00:00;Sell;0.02;EURGBP;0.88022;;0.87997;2025.11.24 18:04:24;0.87997;-0.13;;0.57;[tp]
2025.11.24 16:15:01;Sell;0.02;EURGBP;0.88079;;0.88012;2025.11.24 17:54:38;0.88012;-0.13;;1.52;[tp]
2025.11.24 15:30:01;Sell;0.02;EURGBP;0.87994;;0.88012;2025.11.24 17:54:38;0.88012;-0.13;;-0.41;[tp]
2025.11.24 15:15:00;Sell;0.02;EURGBP;0.88047;;0.88022;2025.11.24 15:19:07;0.88022;-0.13;;0.57;[tp]
2025.11.24 14:45:00;Sell;0.02;EURGBP;0.88076;;0.88051;2025.11.24 15:08:21;0.88051;-0.13;;0.57;[tp]
2025.11.24 14:00:01;Sell;0.05;EURGBP;0.88193;;0.88073;2025.11.24 14:30:40;0.88072;-0.33;;6.87;[tp]
2025.11.24 12:30:00;Sell;0.03;EURGBP;0.88111;;0.88073;2025.11.24 14:30:40;0.88072;-0.20;;1.33;[tp]
2025.11.24 10:30:01;Sell;0.02;EURGBP;0.88036;;0.88073;2025.11.24 14:30:40;0.88072;-0.13;;-0.82;[tp]
2025.11.24 02:30:00;Sell;0.02;EURGBP;0.87904;;0.88073;2025.11.24 14:30:40;0.88072;-0.13;;-3.82;[tp]
2025.11.24 01:10:00;Buy;0.02;EURGBP;0.87889;;0.87914;2025.11.24 02:22:38;0.87914;-0.13;;0.57;[tp]
2025.11.21 18:45:00;Buy;0.02;EURGBP;0.87836;;0.87900;2025.11.21 23:51:09;0.87902;-0.13;;1.50;[tp]
2025.11.21 18:15:00;Buy;0.02;EURGBP;0.87913;;0.87900;2025.11.21 23:51:09;0.87902;-0.13;;-0.25;[tp]
2025.11.21 18:00:03;Sell;0.02;EURGBP;0.87910;;0.87885;2025.11.21 18:01:29;0.87885;-0.13;;0.57;[tp]
2025.11.21 17:00:02;Sell;0.02;EURGBP;0.87964;;0.87939;2025.11.21 17:49:18;0.87939;-0.13;;0.57;[tp]
2025.11.21 16:45:01;Sell;0.02;EURGBP;0.88021;;0.87996;2025.11.21 16:46:43;0.87986;-0.13;;0.80;[tp]
2025.11.21 15:30:02;Sell;0.02;EURGBP;0.88024;;0.87999;2025.11.21 16:39:23;0.87999;-0.13;;0.57;[tp]
2025.11.21 15:15:00;Sell;0.02;EURGBP;0.88039;;0.88014;2025.11.21 15:17:59;0.88014;-0.13;;0.57;[tp]
2025.11.21 15:00:04;Sell;0.02;EURGBP;0.88048;;0.88023;2025.11.21 15:07:49;0.88021;-0.13;;0.61;[tp]
2025.11.21 14:45:00;Sell;0.02;EURGBP;0.88075;;0.88050;2025.11.21 14:59:12;0.88050;-0.13;;0.57;[tp]
2025.11.21 14:30:57;Sell;0.02;EURGBP;0.88139;;0.88114;2025.11.21 14:34:03;0.88113;-0.13;;0.59;[tp]
2025.11.21 11:30:01;Sell;0.02;EURGBP;0.88204;;0.88132;2025.11.21 14:30:43;0.88132;-0.13;;1.63;[tp]
2025.11.21 11:00:00;Sell;0.02;EURGBP;0.88110;;0.88132;2025.11.21 14:30:43;0.88134;-0.13;;-0.54;[tp]
2025.11.21 09:15:00;Sell;0.02;EURGBP;0.88221;;0.88153;2025.11.21 10:47:24;0.88152;-0.13;;1.57;[tp]
2025.11.21 07:15:00;Sell;0.02;EURGBP;0.88135;;0.88153;2025.11.21 10:47:24;0.88152;-0.13;;-0.39;[tp]
2025.11.20 22:15:01;Sell;0.02;EURGBP;0.88153;;0.88128;2025.11.21 07:06:35;0.88128;-0.13;0.05;0.57;[tp]
2025.11.20 20:15:02;Sell;0.02;EURGBP;0.88182;;0.88157;2025.11.20 22:05:51;0.88157;-0.13;;0.57;[tp]
2025.11.20 19:30:03;Sell;0.02;EURGBP;0.88206;;0.88181;2025.11.20 20:08:42;0.88181;-0.13;;0.57;[tp]
2025.11.20 19:15:00;Buy;0.02;EURGBP;0.88211;;0.88236;2025.11.20 19:18:20;0.88236;-0.13;;0.57;[tp]
2025.11.20 18:45:01;Buy;0.02;EURGBP;0.88185;;0.88210;2025.11.20 19:06:26;0.88213;-0.13;;0.63;[tp]
2025.11.20 18:30:01;Buy;0.02;EURGBP;0.88112;;0.88137;2025.11.20 18:37:11;0.88137;-0.13;;0.57;[tp]
2025.11.20 18:15:00;Buy;0.02;EURGBP;0.88085;;0.88110;2025.11.20 18:20:50;0.88111;-0.13;;0.59;[tp]
2025.11.20 15:45:01;Buy;0.02;EURGBP;0.88089;;0.88091;2025.11.20 18:14:51;0.88092;-0.13;;0.07;[tp]
2025.11.20 13:00:00;Buy;0.02;EURGBP;0.88176;;0.88091;2025.11.20 18:14:51;0.88092;-0.13;;-1.91;[tp]
2025.11.20 16:45:00;Buy;0.03;EURGBP;0.87978;;0.88091;2025.11.20 18:14:50;0.88092;-0.20;;3.88;[tp]
2025.11.20 12:15:00;Buy;0.02;EURGBP;0.88110;;0.88171;2025.11.20 12:59:21;0.88173;-0.13;;1.43;[tp]
2025.11.20 11:00:00;Buy;0.02;EURGBP;0.88181;;0.88171;2025.11.20 12:59:21;0.88173;-0.13;;-0.18;[tp]
2025.11.20 10:15:00;Buy;0.02;EURGBP;0.88148;;0.88173;2025.11.20 10:53:37;0.88174;-0.13;;0.59;[tp]
2025.11.20 10:00:00;Sell;0.02;EURGBP;0.88142;;0.88117;2025.11.20 10:02:24;0.88117;-0.13;;0.57;[tp]
2025.11.20 09:30:01;Sell;0.02;EURGBP;0.88164;;0.88139;2025.11.20 09:57:48;0.88135;-0.13;;0.66;[tp]
2025.11.20 09:15:01;Sell;0.02;EURGBP;0.88189;;0.88164;2025.11.20 09:27:57;0.88164;-0.13;;0.57;[tp]
2025.11.20 06:45:01;Sell;0.02;EURGBP;0.88207;;0.88182;2025.11.20 09:11:35;0.88181;-0.13;;0.59;[tp]
2025.11.20 06:15:14;Sell;0.02;EURGBP;0.88241;;0.88216;2025.11.20 06:42:18;0.88216;-0.13;;0.57;[tp]
2025.11.20 05:00:02;Sell;0.02;EURGBP;0.88258;;0.88233;2025.11.20 06:12:35;0.88233;-0.13;;0.57;[tp]
2025.11.20 04:30:00;Sell;0.02;EURGBP;0.88286;;0.88261;2025.11.20 04:53:22;0.88260;-0.13;;0.59;[tp]
2025.11.20 04:15:01;Sell;0.02;EURGBP;0.88314;;0.88289;2025.11.20 04:27:03;0.88288;-0.13;;0.59;[tp]
2025.11.19 23:45:00;Sell;0.02;EURGBP;0.88334;;0.88309;2025.11.20 04:06:50;0.88307;-0.13;0.16;0.61;[tp]
2025.11.19 23:00:00;Buy;0.02;EURGBP;0.88326;;0.88351;2025.11.19 23:32:37;0.88351;-0.13;;0.57;[tp]
2025.11.19 21:45:00;Buy;0.02;EURGBP;0.88309;;0.88334;2025.11.19 22:58:16;0.88334;-0.13;;0.57;[tp]
2025.11.19 18:00:00;Buy;0.02;EURGBP;0.88280;;0.88305;2025.11.19 21:39:15;0.88305;-0.13;;0.57;[tp]
2025.11.19 17:45:00;Buy;0.02;EURGBP;0.88278;;0.88303;2025.11.19 17:52:16;0.88302;-0.13;;0.54;[tp]
2025.11.19 17:16:27;Buy;0.02;EURGBP;0.88145;;0.88170;2025.11.19 17:31:49;0.88171;-0.13;;0.59;[tp]
2025.11.19 09:45:00;Buy;0.02;EURGBP;0.88194;;0.88219;2025.11.19 12:05:58;0.88218;-0.13;;0.54;[tp]
2025.11.19 09:30:02;Buy;0.02;EURGBP;0.88151;;0.88176;2025.11.19 09:30:23;0.88177;-0.13;;0.59;[tp]
2025.11.19 09:15:01;Buy;0.02;EURGBP;0.88143;;0.88168;2025.11.19 09:16:13;0.88168;-0.13;;0.57;[tp]
2025.11.18 17:30:01;Buy;0.02;EURGBP;0.88124;;0.88193;2025.11.19 09:02:49;0.88195;-0.13;-0.17;1.61;[tp]
2025.11.18 15:15:00;Buy;0.02;EURGBP;0.88211;;0.88193;2025.11.19 09:02:49;0.88194;-0.13;-0.17;-0.39;[tp]
2025.11.18 13:45:00;Buy;0.02;EURGBP;0.88161;;0.88186;2025.11.18 15:08:21;0.88192;-0.13;;0.70;[tp]
2025.11.18 13:30:03;Buy;0.02;EURGBP;0.88122;;0.88147;2025.11.18 13:36:44;0.88147;-0.13;;0.57;[tp]
2025.11.18 12:45:00;Buy;0.02;EURGBP;0.88117;;0.88142;2025.11.18 13:19:45;0.88142;-0.13;;0.57;[tp]
2025.11.18 10:45:00;Sell;0.02;EURGBP;0.88091;;0.88066;2025.11.18 12:32:00;0.88066;-0.13;;0.57;[tp]
2025.11.18 10:15:00;Sell;0.02;EURGBP;0.88096;;0.88071;2025.11.18 10:30:40;0.88071;-0.13;;0.57;[tp]
2025.11.18 07:00:00;Sell;0.02;EURGBP;0.88121;;0.88096;2025.11.18 10:05:25;0.88096;-0.13;;0.57;[tp]
2025.11.18 05:45:00;Sell;0.02;EURGBP;0.88148;;0.88123;2025.11.18 06:59:33;0.88123;-0.13;;0.57;[tp]
2025.11.18 02:30:01;Buy;0.02;EURGBP;0.88130;;0.88155;2025.11.18 05:30:47;0.88157;-0.13;;0.61;[tp]
2025.11.17 22:00:00;Buy;0.02;EURGBP;0.88116;;0.88141;2025.11.18 02:19:32;0.88141;-0.13;-0.17;0.57;[tp]
2025.11.17 14:30:00;Buy;0.13;EURGBP;0.87993;;0.88120;2025.11.17 21:57:23;0.88123;-0.85;;19.18;[tp]
2025.11.17 11:30:00;Buy;0.08;EURGBP;0.88066;;0.88120;2025.11.17 21:57:23;0.88123;-0.52;;5.17;[tp]
2025.11.17 10:00:01;Buy;0.02;EURGBP;0.88138;;0.88120;2025.11.17 21:57:23;0.88123;-0.13;;-0.34;[tp]
2025.11.14 20:15:00;Buy;0.03;EURGBP;0.88222;;0.88120;2025.11.17 21:57:23;0.88123;-0.20;-0.26;-3.37;[tp]
2025.11.14 18:15:00;Buy;0.02;EURGBP;0.88298;;0.88120;2025.11.17 21:57:23;0.88123;-0.13;-0.17;-3.97;[tp]
2025.11.14 17:45:00;Buy;0.02;EURGBP;0.88438;;0.88120;2025.11.17 21:57:23;0.88123;-0.13;-0.17;-7.15;[tp]
2025.11.14 17:30:01;Buy;0.02;EURGBP;0.88401;;0.88426;2025.11.14 17:33:13;0.88426;-0.13;;0.57;[tp]
2025.11.14 16:45:00;Buy;0.02;EURGBP;0.88338;;0.88400;2025.11.14 17:18:18;0.88401;-0.13;;1.43;[tp]
2025.11.14 16:15:00;Buy;0.02;EURGBP;0.88411;;0.88400;2025.11.14 17:18:18;0.88401;-0.13;;-0.23;[tp]
2025.11.14 16:00:01;Buy;0.02;EURGBP;0.88387;;0.88458;2025.11.14 16:06:07;0.88458;-0.13;;1.61;[tp]
2025.11.14 15:30:00;Buy;0.02;EURGBP;0.88478;;0.88458;2025.11.14 16:06:07;0.88458;-0.13;;-0.45;[tp]
2025.11.14 13:15:00;Buy;0.02;EURGBP;0.88455;;0.88480;2025.11.14 15:29:30;0.88481;-0.13;;0.59;[tp]
2025.11.14 10:45:00;Buy;0.02;EURGBP;0.88188;;0.88420;2025.11.14 13:12:46;0.88425;-0.13;;5.36;[tp]
2025.11.14 10:30:02;Buy;0.02;EURGBP;0.88601;;0.88420;2025.11.14 13:12:46;0.88425;-0.13;;-3.98;[tp]
2025.11.14 10:15:00;Buy;0.02;EURGBP;0.88588;;0.88613;2025.11.14 10:15:37;0.88613;-0.13;;0.56;[tp]
2025.11.14 09:45:00;Buy;0.02;EURGBP;0.88525;;0.88608;2025.11.14 10:05:21;0.88612;-0.13;;1.96;[tp]
2025.11.14 09:30:01;Buy;0.02;EURGBP;0.88641;;0.88608;2025.11.14 10:05:21;0.88612;-0.13;;-0.65;[tp]
2025.11.14 08:30:03;Buy;0.02;EURGBP;0.88497;;0.88568;2025.11.14 09:18:50;0.88568;-0.13;;1.60;[tp]
2025.11.14 08:00:00;Buy;0.02;EURGBP;0.88589;;0.88568;2025.11.14 09:18:50;0.88568;-0.13;;-0.47;[tp]
2025.11.14 06:30:00;Buy;0.02;EURGBP;0.88567;;0.88592;2025.11.14 07:55:48;0.88592;-0.13;;0.56;[tp]
2025.11.14 06:00:00;Buy;0.02;EURGBP;0.88533;;0.88558;2025.11.14 06:28:33;0.88557;-0.13;;0.54;[tp]
2025.11.14 02:45:00;Buy;0.02;EURGBP;0.88512;;0.88537;2025.11.14 05:54:21;0.88537;-0.13;;0.56;[tp]
2025.11.14 01:30:00;Buy;0.02;EURGBP;0.88455;;0.88480;2025.11.14 02:40:41;0.88481;-0.13;;0.59;[tp]
2025.11.14 01:15:00;Buy;0.02;EURGBP;0.88452;;0.88477;2025.11.14 01:23:05;0.88477;-0.13;;0.57;[tp]
2025.11.14 01:10:00;Buy;0.02;EURGBP;0.88385;;0.88410;2025.11.14 01:10:22;0.88414;-0.13;;0.66;[tp]
2025.11.13 14:45:02;Buy;0.03;EURGBP;0.88169;;0.88294;2025.11.14 00:47:26;0.88300;-0.20;-0.26;4.45;[tp]
2025.11.13 12:00:00;Buy;0.02;EURGBP;0.88300;;0.88294;2025.11.14 00:47:26;0.88300;-0.13;-0.17;0.00;[tp]
2025.11.13 11:30:00;Buy;0.02;EURGBP;0.88387;;0.88294;2025.11.14 00:47:26;0.88300;-0.13;-0.17;-1.97;[tp]
2025.11.13 11:00:00;Buy;0.02;EURGBP;0.88310;;0.88382;2025.11.13 11:17:36;0.88382;-0.13;;1.63;[tp]
2025.11.13 10:45:00;Buy;0.02;EURGBP;0.88403;;0.88382;2025.11.13 11:17:36;0.88382;-0.13;;-0.48;[tp]
2025.11.13 10:15:00;Buy;0.02;EURGBP;0.88397;;0.88422;2025.11.13 10:35:06;0.88422;-0.13;;0.57;[tp]
2025.11.13 09:15:02;Buy;0.02;EURGBP;0.88359;;0.88384;2025.11.13 10:04:20;0.88384;-0.13;;0.57;[tp]
2025.11.13 02:15:01;Buy;0.02;EURGBP;0.88306;;0.88331;2025.11.13 09:00:00;0.88339;-0.13;;0.75;[tp]
2025.11.12 20:15:03;Buy;0.03;EURGBP;0.88225;;0.88312;2025.11.13 02:02:17;0.88312;-0.20;-0.77;2.96;[tp]
2025.11.12 17:30:02;Buy;0.02;EURGBP;0.88297;;0.88312;2025.11.13 02:02:17;0.88312;-0.13;-0.52;0.34;[tp]
2025.11.12 17:00:00;Buy;0.02;EURGBP;0.88370;;0.88312;2025.11.13 02:02:17;0.88312;-0.13;-0.52;-1.31;[tp]
2025.11.12 16:30:00;Buy;0.02;EURGBP;0.88354;;0.88379;2025.11.12 16:47:10;0.88378;-0.13;;0.54;[tp]
2025.11.12 16:15:01;Buy;0.02;EURGBP;0.88348;;0.88373;2025.11.12 16:17:33;0.88375;-0.13;;0.61;[tp]
2025.11.12 15:45:00;Buy;0.02;EURGBP;0.88318;;0.88343;2025.11.12 16:10:58;0.88343;-0.13;;0.57;[tp]
2025.11.12 14:45:01;Buy;0.02;EURGBP;0.88281;;0.88306;2025.11.12 15:38:48;0.88315;-0.13;;0.77;[tp]
2025.11.12 11:30:00;Buy;0.02;EURGBP;0.88182;;0.88248;2025.11.12 14:32:14;0.88248;-0.13;;1.50;[tp]
2025.11.12 11:00:00;Buy;0.02;EURGBP;0.88264;;0.88248;2025.11.12 14:32:14;0.88249;-0.13;;-0.34;[tp]
2025.11.12 10:15:05;Buy;0.02;EURGBP;0.88051;;0.88130;2025.11.12 10:48:58;0.88132;-0.13;;1.84;[tp]
2025.11.12 08:30:00;Buy;0.02;EURGBP;0.88159;;0.88130;2025.11.12 10:48:58;0.88132;-0.13;;-0.61;[tp]
2025.11.12 08:00:00;Buy;0.02;EURGBP;0.88141;;0.88166;2025.11.12 08:19:03;0.88166;-0.13;;0.57;[tp]
2025.11.12 02:45:00;Buy;0.02;EURGBP;0.88120;;0.88145;2025.11.12 07:58:20;0.88145;-0.13;;0.57;[tp]
2025.11.12 01:30:05;Buy;0.02;EURGBP;0.88095;;0.88120;2025.11.12 02:44:38;0.88120;-0.13;;0.57;[tp]
2025.11.11 18:00:01;Buy;0.02;EURGBP;0.88020;;0.88097;2025.11.12 01:24:03;0.88097;-0.13;-0.17;1.75;[tp]
2025.11.11 17:30:02;Buy;0.02;EURGBP;0.88124;;0.88097;2025.11.12 01:24:03;0.88097;-0.13;-0.17;-0.61;[tp]
2025.11.11 17:15:00;Buy;0.02;EURGBP;0.88102;;0.88127;2025.11.11 17:29:10;0.88127;-0.13;;0.57;[tp]
2025.11.11 16:00:00;Buy;0.02;EURGBP;0.88079;;0.88104;2025.11.11 17:14:11;0.88104;-0.13;;0.57;[tp]
2025.11.11 13:45:00;Buy;0.02;EURGBP;0.88027;;0.88093;2025.11.11 15:56:56;0.88094;-0.13;;1.52;[tp]
2025.11.11 12:15:00;Buy;0.02;EURGBP;0.88108;;0.88093;2025.11.11 15:56:56;0.88094;-0.13;;-0.32;[tp]
2025.11.11 10:30:00;Buy;0.02;EURGBP;0.88090;;0.88115;2025.11.11 12:07:42;0.88115;-0.13;;0.57;[tp]
2025.11.11 10:00:01;Buy;0.02;EURGBP;0.88065;;0.88090;2025.11.11 10:19:12;0.88090;-0.13;;0.57;[tp]
2025.11.11 09:45:01;Buy;0.02;EURGBP;0.88013;;0.88038;2025.11.11 09:49:34;0.88040;-0.13;;0.61;[tp]
2025.11.11 09:15:00;Buy;0.02;EURGBP;0.87984;;0.88009;2025.11.11 09:33:42;0.88012;-0.13;;0.64;[tp]
2025.11.11 08:00:02;Buy;0.02;EURGBP;0.87814;;0.87839;2025.11.11 09:00:01;0.87844;-0.13;;0.68;[tp]
2025.11.10 19:15:03;Buy;0.03;EURGBP;0.87718;;0.87818;2025.11.11 07:57:33;0.87818;-0.20;-0.26;3.42;[tp]
2025.11.10 18:00:00;Buy;0.02;EURGBP;0.87814;;0.87818;2025.11.11 07:57:33;0.87818;-0.13;-0.17;0.09;[tp]
2025.11.10 16:45:00;Buy;0.02;EURGBP;0.87885;;0.87818;2025.11.11 07:57:33;0.87818;-0.13;-0.17;-1.53;[tp]
2025.11.10 14:00:00;Buy;0.08;EURGBP;0.87761;;0.87896;2025.11.10 16:44:24;0.87896;-0.52;;12.29;[tp]
2025.11.10 01:10:01;Buy;0.02;EURGBP;0.87847;;0.87896;2025.11.10 16:44:24;0.87896;-0.13;;1.11;[tp]
2025.11.07 18:45:00;Buy;0.03;EURGBP;0.87919;;0.87896;2025.11.10 16:44:24;0.87896;-0.20;-0.25;-0.79;[tp]
2025.11.07 17:00:01;Buy;0.02;EURGBP;0.88022;;0.87896;2025.11.10 16:44:24;0.87896;-0.13;-0.17;-2.87;[tp]
2025.11.07 15:00:00;Buy;0.02;EURGBP;0.88108;;0.87896;2025.11.10 16:44:24;0.87896;-0.13;-0.17;-4.82;[tp]
2025.11.07 12:45:00;Buy;0.02;EURGBP;0.88119;;0.88144;2025.11.07 14:49:32;0.88144;-0.13;;0.57;[tp]
2025.11.07 12:30:00;Sell;0.02;EURGBP;0.88117;;0.88092;2025.11.07 12:38:43;0.88092;-0.13;;0.57;[tp]
2025.11.07 12:15:00;Buy;0.02;EURGBP;0.88137;;0.88162;2025.11.07 12:23:07;0.88163;-0.13;;0.59;[tp]
2025.11.07 12:00:00;Sell;0.02;EURGBP;0.88093;;0.88068;2025.11.07 12:02:22;0.88068;-0.13;;0.57;[tp]
2025.11.07 11:45:00;Buy;0.02;EURGBP;0.88093;;0.88118;2025.11.07 11:52:57;0.88118;-0.13;;0.57;[tp]
2025.11.07 11:30:00;Buy;0.02;EURGBP;0.88063;;0.88088;2025.11.07 11:42:28;0.88089;-0.13;;0.59;[tp]
2025.11.07 11:00:00;Buy;0.02;EURGBP;0.88029;;0.88054;2025.11.07 11:22:44;0.88055;-0.13;;0.59;[tp]
2025.11.07 10:30:00;Buy;0.02;EURGBP;0.88008;;0.88033;2025.11.07 10:57:58;0.88033;-0.13;;0.57;[tp]
2025.11.06 20:45:01;Buy;0.05;EURGBP;0.87876;;0.87989;2025.11.07 10:25:38;0.87991;-0.33;-0.42;6.53;[tp]
2025.11.06 19:45:00;Buy;0.03;EURGBP;0.87949;;0.87989;2025.11.07 10:25:38;0.87991;-0.20;-0.25;1.43;[tp]
2025.11.06 15:00:00;Buy;0.02;EURGBP;0.88020;;0.87989;2025.11.07 10:25:38;0.87991;-0.13;-0.17;-0.66;[tp]
2025.11.06 14:15:00;Buy;0.02;EURGBP;0.88152;;0.87989;2025.11.07 10:25:38;0.87991;-0.13;-0.17;-3.66;[tp]
2025.11.06 13:45:00;Buy;0.02;EURGBP;0.87994;;0.88019;2025.11.06 14:00:16;0.88024;-0.13;;0.68;[tp]
2025.11.06 11:45:00;Sell;0.02;EURGBP;0.87993;;0.87968;2025.11.06 13:34:51;0.87968;-0.13;;0.57;[tp]
2025.11.06 11:30:00;Sell;0.02;EURGBP;0.88023;;0.87998;2025.11.06 11:42:06;0.87998;-0.13;;0.57;[tp]
2025.11.06 11:15:00;Sell;0.02;EURGBP;0.88039;;0.88014;2025.11.06 11:28:26;0.88013;-0.13;;0.59;[tp]
2025.11.06 04:15:02;Sell;0.02;EURGBP;0.88103;;0.88039;2025.11.06 11:08:06;0.88039;-0.13;;1.45;[tp]
2025.11.05 18:00:00;Sell;0.02;EURGBP;0.88024;;0.88039;2025.11.06 11:08:06;0.88039;-0.13;0.15;-0.34;[tp]
2025.11.05 17:45:00;Sell;0.02;EURGBP;0.88023;;0.87998;2025.11.05 17:51:30;0.87998;-0.13;;0.57;[tp]
2025.11.05 17:30:00;Sell;0.02;EURGBP;0.88048;;0.88023;2025.11.05 17:37:03;0.88023;-0.13;;0.57;[tp]
2025.11.05 17:15:00;Sell;0.02;EURGBP;0.88077;;0.88052;2025.11.05 17:18:54;0.88051;-0.13;;0.59;[tp]
2025.11.05 17:00:02;Buy;0.02;EURGBP;0.88122;;0.88147;2025.11.05 17:00:12;0.88151;-0.13;;0.66;[tp]
2025.11.05 16:30:00;Buy;0.02;EURGBP;0.88148;;0.88173;2025.11.05 16:51:04;0.88174;-0.13;;0.59;[tp]
2025.11.05 15:00:00;Buy;0.02;EURGBP;0.88109;;0.88134;2025.11.05 16:16:55;0.88134;-0.13;;0.57;[tp]
2025.11.05 14:30:00;Sell;0.02;EURGBP;0.88106;;0.88081;2025.11.05 14:47:32;0.88080;-0.13;;0.59;[tp]
2025.11.05 14:00:01;Sell;0.02;EURGBP;0.88136;;0.88111;2025.11.05 14:21:38;0.88111;-0.13;;0.57;[tp]
2025.11.05 13:15:02;Sell;0.03;EURGBP;0.88223;;0.88125;2025.11.05 13:59:14;0.88125;-0.20;;3.34;[tp]
2025.11.05 12:45:02;Sell;0.02;EURGBP;0.88135;;0.88125;2025.11.05 13:59:14;0.88124;-0.13;;0.25;[tp]
2025.11.05 11:15:00;Sell;0.02;EURGBP;0.88057;;0.88125;2025.11.05 13:59:14;0.88125;-0.13;;-1.54;[tp]
2025.11.05 11:00:00;Sell;0.02;EURGBP;0.88069;;0.88044;2025.11.05 11:01:28;0.88044;-0.13;;0.57;[tp]
2025.11.05 10:45:00;Sell;0.02;EURGBP;0.88102;;0.88077;2025.11.05 10:49:39;0.88077;-0.13;;0.57;[tp]
2025.11.05 10:15:00;Sell;0.02;EURGBP;0.88127;;0.88102;2025.11.05 10:36:42;0.88101;-0.13;;0.59;[tp]
2025.11.04 19:45:00;Sell;0.03;EURGBP;0.88150;;0.88120;2025.11.05 10:11:25;0.88115;-0.20;0.07;1.19;[tp]
2025.11.04 18:00:01;Sell;0.02;EURGBP;0.88081;;0.88120;2025.11.05 10:11:25;0.88115;-0.13;0.05;-0.77;[tp]
2025.11.05 02:45:00;Sell;0.05;EURGBP;0.88231;;0.88120;2025.11.05 10:11:24;0.88115;-0.33;;6.58;[tp]
2025.11.04 17:45:01;Sell;0.02;EURGBP;0.87987;;0.88120;2025.11.05 10:11:24;0.88115;-0.13;0.05;-2.91;[tp]
2025.11.04 17:15:01;Buy;0.02;EURGBP;0.87943;;0.88011;2025.11.04 17:30:40;0.88011;-0.13;;1.55;[tp]
2025.11.04 16:45:00;Buy;0.02;EURGBP;0.88028;;0.88011;2025.11.04 17:30:40;0.88011;-0.13;;-0.39;[tp]
2025.11.04 14:30:00;Buy;0.03;EURGBP;0.87934;;0.88025;2025.11.04 16:37:47;0.88026;-0.20;;3.14;[tp]
2025.11.04 12:45:00;Buy;0.02;EURGBP;0.88013;;0.88025;2025.11.04 16:37:47;0.88026;-0.13;;0.30;[tp]
2025.11.04 11:45:00;Buy;0.02;EURGBP;0.88086;;0.88025;2025.11.04 16:37:47;0.88025;-0.13;;-1.39;[tp]
2025.11.04 11:30:00;Buy;0.02;EURGBP;0.88046;;0.88071;2025.11.04 11:35:49;0.88072;-0.13;;0.59;[tp]
2025.11.04 11:15:01;Buy;0.02;EURGBP;0.88003;;0.88028;2025.11.04 11:21:41;0.88032;-0.13;;0.66;[tp]
2025.11.04 11:00:00;Buy;0.02;EURGBP;0.87939;;0.87964;2025.11.04 11:06:42;0.87962;-0.13;;0.52;[tp]
2025.11.04 10:45:01;Sell;0.02;EURGBP;0.87937;;0.87912;2025.11.04 10:47:49;0.87912;-0.13;;0.57;[tp]
2025.11.04 10:30:00;Buy;0.02;EURGBP;0.87952;;0.87977;2025.11.04 10:31:00;0.87982;-0.13;;0.68;[tp]
2025.11.04 10:15:03;Buy;0.02;EURGBP;0.87922;;0.87947;2025.11.04 10:19:22;0.87947;-0.13;;0.57;[tp]
2025.11.03 12:15:01;Buy;0.02;EURGBP;0.87688;;0.87894;2025.11.04 10:03:14;0.87895;-0.13;-0.17;4.71;[tp]
2025.10.31 20:30:00;Buy;0.08;EURGBP;0.87772;;0.87894;2025.11.04 10:03:14;0.87895;-0.52;-1.36;11.20;[tp]
2025.10.31 17:45:01;Buy;0.05;EURGBP;0.87857;;0.87894;2025.11.04 10:03:14;0.87895;-0.33;-0.85;2.16;[tp]
2025.10.31 17:15:00;Buy;0.03;EURGBP;0.87960;;0.87894;2025.11.04 10:03:14;0.87895;-0.20;-0.51;-2.22;[tp]
2025.10.31 16:45:00;Buy;0.02;EURGBP;0.88033;;0.87894;2025.11.04 10:03:14;0.87895;-0.13;-0.34;-3.14;[tp]
2025.10.31 16:00:00;Buy;0.02;EURGBP;0.88169;;0.87894;2025.11.04 10:03:14;0.87895;-0.13;-0.34;-6.23;[tp]
2025.11.02 17:59:25;Balance;;;;;;;;;;-241.94;
2025.10.31 15:15:01;Buy;0.02;EURGBP;0.88146;;0.88171;2025.10.31 15:59:42;0.88173;-0.13;;0.61;[tp]
2025.10.31 14:00:05;Buy;0.02;EURGBP;0.88122;;0.88147;2025.10.31 15:10:35;0.88147;-0.13;;0.57;[tp]
2025.10.31 12:30:00;Buy;0.02;EURGBP;0.88078;;0.88103;2025.10.31 13:46:11;0.88104;-0.13;;0.59;[tp]
2025.10.31 10:15:01;Buy;0.02;EURGBP;0.88028;;0.88053;2025.10.31 12:20:26;0.88054;-0.13;;0.59;[tp]
2025.10.30 17:15:00;Buy;0.02;EURGBP;0.87956;;0.88041;2025.10.31 10:14:10;0.88041;-0.13;-0.18;1.93;[tp]
2025.10.30 16:15:00;Buy;0.02;EURGBP;0.88076;;0.88041;2025.10.31 10:14:10;0.88041;-0.13;-0.18;-0.80;[tp]
2025.10.30 15:15:01;Buy;0.02;EURGBP;0.88019;;0.88044;2025.10.30 16:13:15;0.88043;-0.13;;0.55;[tp]
2025.10.30 15:00:00;Sell;0.02;EURGBP;0.88008;;0.87983;2025.10.30 15:04:36;0.87984;-0.13;;0.55;[tp]
2025.10.30 14:45:00;Sell;0.02;EURGBP;0.88028;;0.88003;2025.10.30 14:57:39;0.88003;-0.13;;0.57;[tp]
2025.10.30 12:45:00;Sell;0.03;EURGBP;0.88125;;0.88023;2025.10.30 14:31:23;0.88023;-0.20;;3.48;[tp]
2025.10.30 12:15:12;Sell;0.02;EURGBP;0.88037;;0.88023;2025.10.30 14:31:23;0.88023;-0.13;;0.32;[tp]
2025.10.30 12:00:00;Sell;0.02;EURGBP;0.87942;;0.88023;2025.10.30 14:31:23;0.88023;-0.13;;-1.84;[tp]
2025.10.30 11:45:02;Sell;0.02;EURGBP;0.87971;;0.87946;2025.10.30 11:53:24;0.87946;-0.13;;0.57;[tp]
2025.10.30 11:15:01;Sell;0.02;EURGBP;0.88005;;0.87980;2025.10.30 11:41:56;0.87979;-0.13;;0.59;[tp]
2025.10.30 11:00:00;Buy;0.02;EURGBP;0.88028;;0.88053;2025.10.30 11:06:23;0.88053;-0.13;;0.57;[tp]
2025.10.30 10:45:00;Buy;0.02;EURGBP;0.87947;;0.88020;2025.10.30 10:55:21;0.88020;-0.13;;1.66;[tp]
2025.10.30 09:45:01;Buy;0.02;EURGBP;0.88042;;0.88020;2025.10.30 10:55:21;0.88019;-0.13;;-0.52;[tp]
2025.10.30 07:30:00;Buy;0.02;EURGBP;0.88025;;0.88050;2025.10.30 09:34:01;0.88049;-0.13;;0.55;[tp]
2025.10.29 23:00:00;Buy;0.03;EURGBP;0.87913;;0.88031;2025.10.30 07:27:48;0.88031;-0.20;-0.96;4.02;[tp]
2025.10.29 22:30:00;Buy;0.02;EURGBP;0.88015;;0.88031;2025.10.30 07:27:48;0.88031;-0.13;-0.64;0.36;[tp]
2025.10.29 21:45:00;Buy;0.02;EURGBP;0.88136;;0.88031;2025.10.30 07:27:48;0.88031;-0.13;-0.64;-2.39;[tp]
2025.10.29 19:45:00;Buy;0.02;EURGBP;0.88125;;0.88150;2025.10.29 21:39:48;0.88150;-0.13;;0.57;[tp]
2025.10.29 19:00:01;Buy;0.02;EURGBP;0.88088;;0.88113;2025.10.29 19:34:07;0.88115;-0.13;;0.61;[tp]
2025.10.29 18:15:00;Buy;0.02;EURGBP;0.88041;;0.88104;2025.10.29 18:57:55;0.88104;-0.13;;1.43;[tp]
2025.10.29 17:45:00;Buy;0.02;EURGBP;0.88116;;0.88104;2025.10.29 18:57:55;0.88104;-0.13;;-0.27;[tp]
2025.10.29 17:30:00;Buy;0.02;EURGBP;0.88093;;0.88118;2025.10.29 17:42:54;0.88120;-0.13;;0.61;[tp]
2025.10.29 17:15:01;Sell;0.02;EURGBP;0.88090;;0.88065;2025.10.29 17:23:17;0.88064;-0.13;;0.59;[tp]
2025.10.29 17:00:00;Sell;0.02;EURGBP;0.88114;;0.88089;2025.10.29 17:05:51;0.88088;-0.13;;0.59;[tp]
2025.10.29 15:30:00;Buy;0.02;EURGBP;0.88127;;0.88152;2025.10.29 16:47:43;0.88152;-0.13;;0.57;[tp]
2025.10.29 14:30:02;Buy;0.02;EURGBP;0.88017;;0.88091;2025.10.29 15:20:24;0.88092;-0.13;;1.70;[tp]
2025.10.29 14:00:00;Buy;0.02;EURGBP;0.88115;;0.88091;2025.10.29 15:20:24;0.88092;-0.13;;-0.52;[tp]
2025.10.29 13:45:03;Buy;0.02;EURGBP;0.88100;;0.88125;2025.10.29 13:52:25;0.88126;-0.13;;0.59;[tp]
2025.10.29 13:30:05;Buy;0.02;EURGBP;0.88087;;0.88112;2025.10.29 13:35:29;0.88118;-0.13;;0.70;[tp]
2025.10.29 13:15:00;Buy;0.02;EURGBP;0.88064;;0.88089;2025.10.29 13:27:59;0.88090;-0.13;;0.59;[tp]
2025.10.29 12:15:01;Buy;0.02;EURGBP;0.88049;;0.88074;2025.10.29 13:10:48;0.88074;-0.13;;0.57;[tp]
2025.10.29 11:45:00;Buy;0.02;EURGBP;0.88011;;0.88036;2025.10.29 12:07:15;0.88037;-0.13;;0.59;[tp]
2025.10.29 11:30:00;Buy;0.02;EURGBP;0.88012;;0.88037;2025.10.29 11:34:00;0.88037;-0.13;;0.57;[tp]
2025.10.29 10:30:00;Buy;0.02;EURGBP;0.87984;;0.88009;2025.10.29 11:28:32;0.88009;-0.13;;0.57;[tp]
2025.10.29 10:00:00;Buy;0.02;EURGBP;0.87934;;0.87959;2025.10.29 10:26:19;0.87959;-0.13;;0.57;[tp]
2025.10.29 09:00:00;Buy;0.02;EURGBP;0.87883;;0.87908;2025.10.29 09:57:04;0.87915;-0.13;;0.73;[tp]
2025.10.29 08:45:00;Buy;0.02;EURGBP;0.87854;;0.87879;2025.10.29 08:55:16;0.87877;-0.13;;0.52;[tp]
2025.10.28 18:30:00;Buy;0.02;EURGBP;0.87798;;0.87863;2025.10.29 08:41:38;0.87864;-0.13;-0.17;1.50;[tp]
2025.10.28 17:30:01;Buy;0.02;EURGBP;0.87877;;0.87863;2025.10.29 08:41:38;0.87864;-0.13;-0.17;-0.30;[tp]
2025.10.28 17:15:00;Buy;0.02;EURGBP;0.87842;;0.87867;2025.10.28 17:27:46;0.87870;-0.13;;0.64;[tp]
2025.10.28 17:00:00;Buy;0.02;EURGBP;0.87806;;0.87831;2025.10.28 17:13:11;0.87831;-0.13;;0.57;[tp]
2025.10.28 16:45:00;Buy;0.02;EURGBP;0.87761;;0.87786;2025.10.28 16:45:37;0.87787;-0.13;;0.59;[tp]
2025.10.28 16:30:00;Buy;0.02;EURGBP;0.87661;;0.87686;2025.10.28 16:30:31;0.87684;-0.13;;0.52;[tp]
2025.10.28 16:00:00;Buy;0.02;EURGBP;0.87625;;0.87650;2025.10.28 16:16:39;0.87653;-0.13;;0.64;[tp]
2025.10.28 15:00:00;Buy;0.02;EURGBP;0.87605;;0.87630;2025.10.28 15:56:50;0.87628;-0.13;;0.52;[tp]
2025.10.28 14:30:00;Buy;0.02;EURGBP;0.87588;;0.87613;2025.10.28 14:51:50;0.87614;-0.13;;0.59;[tp]
2025.10.28 12:15:00;Buy;0.02;EURGBP;0.87562;;0.87587;2025.10.28 14:29:51;0.87587;-0.13;;0.57;[tp]
2025.10.28 12:00:00;Sell;0.02;EURGBP;0.87564;;0.87539;2025.10.28 12:08:15;0.87539;-0.13;;0.57;[tp]
2025.10.28 11:45:00;Buy;0.02;EURGBP;0.87616;;0.87641;2025.10.28 11:46:18;0.87646;-0.13;;0.68;[tp]
2025.10.28 11:30:00;Buy;0.02;EURGBP;0.87518;;0.87543;2025.10.28 11:39:07;0.87543;-0.13;;0.57;[tp]
2025.10.28 11:15:00;Buy;0.02;EURGBP;0.87444;;0.87469;2025.10.28 11:26:44;0.87469;-0.13;;0.57;[tp]
2025.10.28 11:00:00;Buy;0.02;EURGBP;0.87394;;0.87419;2025.10.28 11:10:54;0.87419;-0.13;;0.57;[tp]
2025.10.28 10:45:01;Buy;0.02;EURGBP;0.87371;;0.87396;2025.10.28 10:55:36;0.87396;-0.13;;0.57;[tp]
2025.10.28 06:00:00;Buy;0.02;EURGBP;0.87306;;0.87331;2025.10.28 10:31:48;0.87331;-0.13;;0.57;[tp]
2025.10.27 22:00:00;Sell;0.02;EURGBP;0.87348;;0.87287;2025.10.28 05:45:54;0.87287;-0.13;0.06;1.40;[tp]
2025.10.27 20:00:00;Sell;0.02;EURGBP;0.87276;;0.87287;2025.10.28 05:45:54;0.87287;-0.13;0.06;-0.25;[tp]
2025.10.27 18:15:01;Sell;0.02;EURGBP;0.87349;;0.87278;2025.10.27 19:59:37;0.87278;-0.13;;1.63;[tp]
2025.10.27 17:00:00;Sell;0.02;EURGBP;0.87256;;0.87278;2025.10.27 19:59:37;0.87278;-0.13;;-0.50;[tp]
2025.10.27 16:45:00;Buy;0.02;EURGBP;0.87276;;0.87301;2025.10.27 16:49:09;0.87301;-0.13;;0.57;[tp]
2025.10.27 13:00:00;Buy;0.02;EURGBP;0.87209;;0.87280;2025.10.27 16:41:07;0.87281;-0.13;;1.65;[tp]
2025.10.27 10:30:00;Buy;0.02;EURGBP;0.87300;;0.87280;2025.10.27 16:41:07;0.87281;-0.13;;-0.44;[tp]
2025.10.27 09:30:00;Buy;0.02;EURGBP;0.87252;;0.87314;2025.10.27 10:25:17;0.87314;-0.13;;1.42;[tp]
2025.10.27 04:00:00;Buy;0.02;EURGBP;0.87325;;0.87314;2025.10.27 10:25:17;0.87314;-0.13;;-0.25;[tp]
2025.10.27 02:15:05;Buy;0.02;EURGBP;0.87297;;0.87322;2025.10.27 03:54:25;0.87322;-0.13;;0.57;[tp]
2025.10.27 01:10:00;Sell;0.02;EURGBP;0.87299;;0.87274;2025.10.27 02:11:48;0.87276;-0.13;;0.53;[tp]
2025.10.24 23:45:00;Sell;0.02;EURGBP;0.87311;;0.87286;2025.10.27 01:04:18;0.87297;-0.13;0.05;0.32;[tp]
2025.10.24 21:15:09;Sell;0.02;EURGBP;0.87383;;0.87358;2025.10.24 23:40:54;0.87358;-0.13;;0.57;[tp]
2025.10.24 20:30:00;Sell;0.02;EURGBP;0.87409;;0.87384;2025.10.24 21:05:04;0.87384;-0.13;;0.57;[tp]
2025.10.24 18:45:00;Sell;0.02;EURGBP;0.87433;;0.87408;2025.10.24 20:19:21;0.87407;-0.13;;0.59;[tp]
2025.10.24 18:30:00;Buy;0.02;EURGBP;0.87444;;0.87469;2025.10.24 18:35:10;0.87469;-0.13;;0.57;[tp]
2025.10.24 18:15:00;Buy;0.02;EURGBP;0.87415;;0.87440;2025.10.24 18:20:51;0.87440;-0.13;;0.57;[tp]
2025.10.24 18:00:01;Buy;0.02;EURGBP;0.87411;;0.87436;2025.10.24 18:03:12;0.87435;-0.13;;0.55;[tp]
2025.10.24 17:45:00;Buy;0.02;EURGBP;0.87363;;0.87388;2025.10.24 17:51:24;0.87388;-0.13;;0.57;[tp]
2025.10.24 17:30:00;Buy;0.02;EURGBP;0.87298;;0.87323;2025.10.24 17:33:50;0.87326;-0.13;;0.64;[tp]
2025.10.24 17:15:00;Buy;0.02;EURGBP;0.87254;;0.87279;2025.10.24 17:16:07;0.87280;-0.13;;0.60;[tp]
2025.10.24 16:15:00;Buy;0.02;EURGBP;0.87137;;0.87199;2025.10.24 17:01:19;0.87199;-0.13;;1.42;[tp]
2025.10.24 15:45:00;Buy;0.02;EURGBP;0.87210;;0.87199;2025.10.24 17:01:18;0.87199;-0.13;;-0.25;[tp]
2025.10.24 15:00:00;Sell;0.02;EURGBP;0.87291;;0.87220;2025.10.24 15:30:02;0.87308;-0.13;;-0.39;[tp]
2025.10.24 14:00:03;Sell;0.02;EURGBP;0.87198;;0.87220;2025.10.24 15:30:02;0.87308;-0.13;;-2.52;[tp]
2025.10.24 13:15:00;Buy;0.02;EURGBP;0.87192;;0.87217;2025.10.24 13:57:49;0.87217;-0.13;;0.57;[tp]
2025.10.24 13:00:00;Buy;0.02;EURGBP;0.87168;;0.87193;2025.10.24 13:10:56;0.87193;-0.13;;0.57;[tp]
2025.10.24 12:00:00;Sell;0.02;EURGBP;0.87155;;0.87130;2025.10.24 12:47:55;0.87129;-0.13;;0.60;[tp]
2025.10.24 11:45:00;Sell;0.02;EURGBP;0.87172;;0.87147;2025.10.24 11:46:04;0.87146;-0.13;;0.60;[tp]
2025.10.24 10:43:59;Sell;0.02;EURGBP;0.87215;;0.87190;2025.10.24 11:32:08;0.87190;-0.13;;0.57;[tp]
2025.10.24 06:45:01;Buy;0.02;EURGBP;0.87125;;0.87186;2025.10.24 10:31:17;0.87186;-0.13;;1.40;[tp]
2025.10.23 18:15:00;Buy;0.02;EURGBP;0.87196;;0.87186;2025.10.24 10:31:17;0.87186;-0.13;-0.17;-0.23;[tp]
2025.10.23 18:00:00;Buy;0.02;EURGBP;0.87172;;0.87197;2025.10.23 18:07:43;0.87196;-0.13;;0.55;[tp]
2025.10.23 17:30:00;Buy;0.02;EURGBP;0.87120;;0.87145;2025.10.23 17:53:12;0.87145;-0.13;;0.57;[tp]
2025.10.23 17:00:00;Buy;0.02;EURGBP;0.87106;;0.87131;2025.10.23 17:16:44;0.87131;-0.13;;0.57;[tp]
2025.10.23 16:45:00;Buy;0.02;EURGBP;0.87031;;0.87056;2025.10.23 16:56:00;0.87056;-0.13;;0.57;[tp]
2025.10.23 15:30:00;Buy;0.02;EURGBP;0.86933;;0.86958;2025.10.23 16:31:21;0.86959;-0.13;;0.60;[tp]
2025.10.23 09:15:03;Buy;0.02;EURGBP;0.86880;;0.86941;2025.10.23 15:19:53;0.86941;-0.13;;1.40;[tp]
2025.10.23 04:00:00;Buy;0.02;EURGBP;0.86951;;0.86941;2025.10.23 15:19:53;0.86941;-0.13;;-0.23;[tp]
2025.10.22 20:45:00;Buy;0.02;EURGBP;0.86934;;0.86959;2025.10.23 03:54:21;0.86959;-0.13;-0.52;0.57;[tp]
2025.10.22 18:00:00;Buy;0.02;EURGBP;0.86947;;0.86936;2025.10.22 20:42:01;0.86936;-0.13;;-0.25;[tp]
2025.10.22 18:30:00;Buy;0.02;EURGBP;0.86875;;0.86936;2025.10.22 20:42:00;0.86936;-0.13;;1.40;[tp]
2025.10.22 17:15:00;Buy;0.02;EURGBP;0.86855;;0.86941;2025.10.22 17:51:11;0.86940;-0.13;;1.96;[tp]
2025.10.22 15:45:01;Buy;0.02;EURGBP;0.86977;;0.86941;2025.10.22 17:51:11;0.86941;-0.13;;-0.83;[tp]
2025.10.22 15:15:00;Buy;0.02;EURGBP;0.86909;;0.86934;2025.10.22 15:40:28;0.86933;-0.13;;0.55;[tp]
2025.10.22 15:00:00;Sell;0.02;EURGBP;0.86904;;0.86879;2025.10.22 15:03:50;0.86878;-0.13;;0.60;[tp]
2025.10.22 14:45:01;Sell;0.02;EURGBP;0.86950;;0.86925;2025.10.22 14:54:55;0.86923;-0.13;;0.62;[tp]
2025.10.22 14:30:00;Sell;0.02;EURGBP;0.87011;;0.86986;2025.10.22 14:40:15;0.86984;-0.13;;0.62;[tp]
2025.10.22 13:45:05;Sell;0.02;EURGBP;0.87039;;0.87014;2025.10.22 14:15:34;0.87014;-0.13;;0.57;[tp]
2025.10.22 11:15:01;Sell;0.02;EURGBP;0.87047;;0.87022;2025.10.22 13:37:23;0.87021;-0.13;;0.60;[tp]
2025.10.22 10:45:00;Buy;0.02;EURGBP;0.87023;;0.87087;2025.10.22 11:00:20;0.87087;-0.13;;1.47;[tp]
2025.10.22 09:45:00;Buy;0.02;EURGBP;0.87101;;0.87087;2025.10.22 11:00:20;0.87087;-0.13;;-0.32;[tp]
2025.10.22 09:30:00;Buy;0.02;EURGBP;0.87025;;0.87050;2025.10.22 09:30:24;0.87050;-0.13;;0.57;[tp]
2025.10.22 09:15:00;Buy;0.02;EURGBP;0.86977;;0.87002;2025.10.22 09:16:40;0.87005;-0.13;;0.64;[tp]
2025.10.21 10:15:03;Buy;0.02;EURGBP;0.86856;;0.86872;2025.10.22 09:00:07;0.86887;-0.13;-0.17;0.71;[tp]
2025.10.21 08:45:00;Buy;0.02;EURGBP;0.86935;;0.86872;2025.10.22 09:00:07;0.86887;-0.13;-0.17;-1.10;[tp]
2025.10.21 13:15:01;Buy;0.03;EURGBP;0.86782;;0.86872;2025.10.22 09:00:06;0.86881;-0.20;-0.26;3.42;[tp]
2025.10.21 05:00:00;Buy;0.02;EURGBP;0.86902;;0.86927;2025.10.21 08:42:48;0.86927;-0.13;;0.58;[tp]
2025.10.20 23:00:00;Buy;0.02;EURGBP;0.86835;;0.86895;2025.10.21 04:45:45;0.86896;-0.13;-0.17;1.40;[tp]
2025.10.20 17:00:00;Buy;0.02;EURGBP;0.86905;;0.86895;2025.10.21 04:45:45;0.86896;-0.13;-0.17;-0.21;[tp]
2025.10.20 16:45:01;Buy;0.02;EURGBP;0.86875;;0.86900;2025.10.20 16:55:44;0.86901;-0.13;;0.60;[tp]
2025.10.20 16:00:00;Buy;0.02;EURGBP;0.86800;;0.86875;2025.10.20 16:40:56;0.86875;-0.13;;1.73;[tp]
2025.10.20 14:45:02;Buy;0.02;EURGBP;0.86899;;0.86875;2025.10.20 16:40:56;0.86875;-0.13;;-0.55;[tp]
2025.10.20 14:00:02;Buy;0.02;EURGBP;0.86899;;0.86924;2025.10.20 14:34:45;0.86924;-0.13;;0.58;[tp]
2025.10.20 13:15:00;Buy;0.02;EURGBP;0.86878;;0.86903;2025.10.20 13:59:22;0.86903;-0.13;;0.58;[tp]
2025.10.20 12:30:00;Buy;0.03;EURGBP;0.86788;;0.86878;2025.10.20 13:09:24;0.86878;-0.20;;3.11;[tp]
2025.10.20 12:00:00;Buy;0.02;EURGBP;0.86860;;0.86878;2025.10.20 13:09:24;0.86878;-0.13;;0.41;[tp]
2025.10.20 10:15:00;Buy;0.02;EURGBP;0.86944;;0.86878;2025.10.20 13:09:24;0.86878;-0.13;;-1.52;[tp]
2025.10.20 01:15:00;Buy;0.02;EURGBP;0.86785;;0.86948;2025.10.20 10:08:39;0.86949;-0.13;;3.77;[tp]
2025.10.17 21:45:01;Buy;0.05;EURGBP;0.86858;;0.86948;2025.10.20 10:08:39;0.86949;-0.33;-0.42;5.23;[tp]
2025.10.17 21:15:01;Buy;0.03;EURGBP;0.86932;;0.86948;2025.10.20 10:08:39;0.86949;-0.20;-0.25;0.59;[tp]
2025.10.17 18:45:00;Buy;0.02;EURGBP;0.87016;;0.86948;2025.10.20 10:08:39;0.86949;-0.13;-0.17;-1.54;[tp]
2025.10.17 18:00:01;Buy;0.02;EURGBP;0.87118;;0.86948;2025.10.20 10:08:39;0.86949;-0.13;-0.17;-3.89;[tp]
2025.10.17 14:15:00;Buy;0.05;EURGBP;0.86972;;0.87094;2025.10.17 17:55:43;0.87094;-0.33;;7.00;[tp]
2025.10.17 13:15:01;Buy;0.03;EURGBP;0.87072;;0.87094;2025.10.17 17:55:43;0.87094;-0.20;;0.76;[tp]
2025.10.17 12:00:00;Buy;0.02;EURGBP;0.87143;;0.87094;2025.10.17 17:55:43;0.87094;-0.13;;-1.13;[tp]
2025.10.17 11:15:01;Buy;0.02;EURGBP;0.87232;;0.87094;2025.10.17 17:55:43;0.87094;-0.13;;-3.17;[tp]
2025.10.17 11:00:00;Buy;0.02;EURGBP;0.87189;;0.87214;2025.10.17 11:10:48;0.87214;-0.13;;0.57;[tp]
2025.10.17 10:30:00;Buy;0.02;EURGBP;0.87115;;0.87140;2025.10.17 10:50:34;0.87140;-0.13;;0.57;[tp]
2025.10.17 10:15:03;Buy;0.02;EURGBP;0.87083;;0.87108;2025.10.17 10:22:15;0.87108;-0.13;;0.57;[tp]
2025.10.17 05:15:01;Buy;0.02;EURGBP;0.87079;;0.87104;2025.10.17 10:09:45;0.87104;-0.13;;0.57;[tp]
2025.10.17 04:00:01;Buy;0.02;EURGBP;0.87060;;0.87085;2025.10.17 05:13:10;0.87085;-0.13;;0.57;[tp]
2025.10.16 21:15:00;Buy;0.02;EURGBP;0.87022;;0.87047;2025.10.17 03:52:33;0.87047;-0.13;-0.17;0.57;[tp]
2025.10.16 19:45:00;Buy;0.02;EURGBP;0.86977;;0.87002;2025.10.16 21:07:14;0.87002;-0.13;;0.57;[tp]
2025.10.16 19:30:00;Buy;0.02;EURGBP;0.86978;;0.87003;2025.10.16 19:35:29;0.87004;-0.13;;0.60;[tp]
2025.10.16 18:00:00;Buy;0.02;EURGBP;0.86923;;0.86948;2025.10.16 19:19:49;0.86948;-0.13;;0.58;[tp]
2025.10.16 17:15:00;Buy;0.02;EURGBP;0.86899;;0.86924;2025.10.16 17:48:14;0.86924;-0.13;;0.58;[tp]
2025.10.16 17:00:00;Buy;0.02;EURGBP;0.86865;;0.86890;2025.10.16 17:03:36;0.86891;-0.13;;0.60;[tp]
2025.10.16 13:15:01;Buy;0.05;EURGBP;0.86713;;0.86816;2025.10.16 16:50:43;0.86816;-0.33;;5.93;[tp]
2025.10.16 11:00:00;Buy;0.03;EURGBP;0.86783;;0.86816;2025.10.16 16:50:43;0.86816;-0.20;;1.14;[tp]
2025.10.16 10:15:01;Buy;0.02;EURGBP;0.86858;;0.86816;2025.10.16 16:50:43;0.86816;-0.13;;-0.97;[tp]
2025.10.16 09:15:02;Buy;0.02;EURGBP;0.86928;;0.86816;2025.10.16 16:50:43;0.86816;-0.13;;-2.58;[tp]
2025.10.16 03:45:00;Buy;0.02;EURGBP;0.86888;;0.86913;2025.10.16 09:01:36;0.86913;-0.13;;0.58;[tp]
2025.10.15 19:45:03;Sell;0.02;EURGBP;0.86919;;0.86859;2025.10.16 03:37:11;0.86859;-0.13;0.16;1.38;[tp]
2025.10.15 18:30:00;Sell;0.02;EURGBP;0.86849;;0.86859;2025.10.16 03:37:11;0.86859;-0.13;0.16;-0.23;[tp]
2025.10.15 18:15:00;Sell;0.02;EURGBP;0.86923;;0.86898;2025.10.15 18:19:51;0.86898;-0.13;;0.58;[tp]
2025.10.15 18:00:00;Sell;0.02;EURGBP;0.86977;;0.86952;2025.10.15 18:05:59;0.86952;-0.13;;0.58;[tp]
2025.10.15 17:30:00;Sell;0.02;EURGBP;0.87005;;0.86980;2025.10.15 17:47:25;0.86979;-0.13;;0.60;[tp]
2025.10.15 17:15:00;Sell;0.02;EURGBP;0.87023;;0.86998;2025.10.15 17:18:26;0.86998;-0.13;;0.57;[tp]
2025.10.15 16:30:00;Sell;0.03;EURGBP;0.87137;;0.87044;2025.10.15 17:07:21;0.87045;-0.20;;3.17;[tp]
2025.10.15 14:45:00;Sell;0.02;EURGBP;0.87059;;0.87044;2025.10.15 17:07:21;0.87045;-0.13;;0.32;[tp]
2025.10.15 14:00:00;Sell;0.02;EURGBP;0.86978;;0.87044;2025.10.15 17:07:21;0.87044;-0.13;;-1.52;[tp]
2025.10.15 13:45:00;Sell;0.02;EURGBP;0.87031;;0.87006;2025.10.15 13:54:18;0.87006;-0.13;;0.57;[tp]
2025.10.15 13:30:00;Sell;0.02;EURGBP;0.87074;;0.87049;2025.10.15 13:40:24;0.87049;-0.13;;0.57;[tp]
2025.10.15 10:30:00;Sell;0.03;EURGBP;0.87156;;0.87052;2025.10.15 13:27:12;0.87052;-0.20;;3.58;[tp]
2025.10.15 10:00:00;Sell;0.02;EURGBP;0.87061;;0.87052;2025.10.15 13:27:12;0.87052;-0.13;;0.21;[tp]
2025.10.15 09:30:00;Sell;0.02;EURGBP;0.86973;;0.87052;2025.10.15 13:27:12;0.87052;-0.13;;-1.82;[tp]
2025.10.15 09:15:00;Sell;0.02;EURGBP;0.86985;;0.86960;2025.10.15 09:22:11;0.86960;-0.13;;0.57;[tp]
2025.10.15 07:30:00;Sell;0.02;EURGBP;0.87036;;0.87011;2025.10.15 09:03:23;0.87011;-0.13;;0.57;[tp]
2025.10.15 06:15:04;Sell;0.02;EURGBP;0.87056;;0.87031;2025.10.15 07:25:52;0.87031;-0.13;;0.57;[tp]
2025.10.14 21:45:00;Sell;0.02;EURGBP;0.87082;;0.87057;2025.10.15 06:09:40;0.87055;-0.13;0.05;0.62;[tp]
2025.10.14 16:45:00;Sell;0.02;EURGBP;0.87147;;0.87081;2025.10.14 21:30:27;0.87081;-0.13;;1.52;[tp]
2025.10.14 16:15:00;Sell;0.02;EURGBP;0.87065;;0.87081;2025.10.14 21:30:27;0.87081;-0.13;;-0.37;[tp]
2025.10.14 15:15:01;Sell;0.02;EURGBP;0.87132;;0.87068;2025.10.14 16:13:30;0.87068;-0.13;;1.47;[tp]
2025.10.14 14:15:00;Sell;0.02;EURGBP;0.87054;;0.87068;2025.10.14 16:13:30;0.87068;-0.13;;-0.32;[tp]
2025.10.14 13:00:00;Sell;0.02;EURGBP;0.87092;;0.87029;2025.10.14 14:03:15;0.87028;-0.13;;1.47;[tp]
2025.10.14 12:00:00;Sell;0.02;EURGBP;0.87016;;0.87029;2025.10.14 14:03:14;0.87028;-0.13;;-0.28;[tp]
2025.10.14 11:45:00;Sell;0.02;EURGBP;0.87059;;0.87034;2025.10.14 11:46:33;0.87034;-0.13;;0.57;[tp]
2025.10.14 10:45:01;Sell;0.02;EURGBP;0.87086;;0.87061;2025.10.14 11:43:42;0.87063;-0.13;;0.53;[tp]
2025.10.14 10:30:02;Sell;0.03;EURGBP;0.87185;;0.87089;2025.10.14 10:44:05;0.87086;-0.20;;3.41;[tp]
2025.10.14 09:45:00;Sell;0.02;EURGBP;0.87101;;0.87089;2025.10.14 10:44:05;0.87086;-0.13;;0.34;[tp]
2025.10.14 09:30:00;Sell;0.02;EURGBP;0.87022;;0.87089;2025.10.14 10:44:05;0.87086;-0.13;;-1.47;[tp]
2025.10.14 09:15:00;Buy;0.02;EURGBP;0.87038;;0.87063;2025.10.14 09:18:27;0.87071;-0.13;;0.76;[tp]
2025.10.14 08:45:00;Buy;0.02;EURGBP;0.86826;;0.86851;2025.10.14 09:00:04;0.86851;-0.13;;0.58;[tp]
2025.10.13 13:45:01;Buy;0.03;EURGBP;0.86861;;0.86832;2025.10.14 08:39:56;0.86833;-0.20;-0.25;-0.97;[tp]
2025.10.13 12:00:01;Buy;0.02;EURGBP;0.86936;;0.86832;2025.10.14 08:39:56;0.86833;-0.13;-0.17;-2.37;[tp]
2025.10.13 10:30:01;Buy;0.02;EURGBP;0.87043;;0.86832;2025.10.14 08:39:56;0.86833;-0.13;-0.17;-4.84;[tp]
2025.10.14 03:15:00;Buy;0.08;EURGBP;0.86709;;0.86832;2025.10.14 08:39:55;0.86833;-0.52;;11.42;[tp]
2025.10.13 15:00:00;Buy;0.05;EURGBP;0.86786;;0.86832;2025.10.14 08:39:55;0.86833;-0.33;-0.42;2.71;[tp]
2025.10.13 09:15:00;Buy;0.02;EURGBP;0.87047;;0.87072;2025.10.13 10:22:05;0.87072;-0.13;;0.57;[tp]
2025.10.13 05:45:00;Buy;0.02;EURGBP;0.87015;;0.87040;2025.10.13 09:12:49;0.87040;-0.13;;0.57;[tp]
2025.10.13 04:00:00;Buy;0.02;EURGBP;0.87006;;0.87031;2025.10.13 05:32:25;0.87031;-0.13;;0.57;[tp]
2025.10.13 02:15:03;Buy;0.02;EURGBP;0.86982;;0.87007;2025.10.13 03:51:08;0.87007;-0.13;;0.57;[tp]
2025.10.13 01:45:00;Buy;0.02;EURGBP;0.86962;;0.86987;2025.10.13 02:06:36;0.86987;-0.13;;0.57;[tp]
2025.10.13 01:10:01;Buy;0.02;EURGBP;0.86911;;0.86936;2025.10.13 01:31:57;0.86936;-0.13;;0.58;[tp]
2025.10.10 21:00:01;Sell;0.02;EURGBP;0.86935;;0.86910;2025.10.13 01:04:52;0.86909;-0.13;0.05;0.60;[tp]
2025.10.10 20:45:00;Sell;0.02;EURGBP;0.86959;;0.86934;2025.10.10 20:59:16;0.86934;-0.13;;0.58;[tp]
2025.10.10 20:00:00;Sell;0.02;EURGBP;0.86967;;0.86942;2025.10.10 20:38:03;0.86945;-0.13;;0.51;[tp]
2025.10.10 19:30:00;Sell;0.02;EURGBP;0.86974;;0.86949;2025.10.10 19:55:13;0.86949;-0.13;;0.58;[tp]
2025.10.10 18:30:00;Sell;0.02;EURGBP;0.87052;;0.86987;2025.10.10 19:23:31;0.86986;-0.13;;1.52;[tp]
2025.10.10 18:15:00;Sell;0.02;EURGBP;0.86971;;0.86987;2025.10.10 19:23:31;0.86986;-0.13;;-0.34;[tp]
2025.10.10 18:00:00;Sell;0.02;EURGBP;0.87042;;0.87017;2025.10.10 18:05:33;0.87016;-0.13;;0.60;[tp]
2025.10.10 17:45:00;Sell;0.02;EURGBP;0.87053;;0.87028;2025.10.10 17:48:18;0.87029;-0.13;;0.55;[tp]
2025.10.10 17:30:01;Sell;0.02;EURGBP;0.87081;;0.87056;2025.10.10 17:32:30;0.87054;-0.13;;0.62;[tp]
2025.10.10 14:00:00;Sell;0.13;EURGBP;0.87247;;0.87066;2025.10.10 17:25:45;0.87062;-0.85;;27.62;[tp]
2025.10.10 10:15:00;Sell;0.08;EURGBP;0.87098;;0.87066;2025.10.10 17:25:45;0.87062;-0.52;;3.31;[tp]
2025.10.10 10:00:01;Sell;0.05;EURGBP;0.87020;;0.87066;2025.10.10 17:25:45;0.87062;-0.33;;-2.41;[tp]
2025.10.09 19:30:00;Sell;0.03;EURGBP;0.86910;;0.87066;2025.10.10 17:25:45;0.87062;-0.20;0.07;-5.24;[tp]
2025.10.09 16:30:01;Sell;0.02;EURGBP;0.86836;;0.87066;2025.10.10 17:25:45;0.87062;-0.13;0.05;-5.19;[tp]
2025.10.09 16:15:00;Sell;0.02;EURGBP;0.86759;;0.87066;2025.10.10 17:25:45;0.87062;-0.13;0.05;-6.96;[tp]
2025.10.09 15:45:00;Sell;0.02;EURGBP;0.86777;;0.86752;2025.10.09 16:06:17;0.86752;-0.13;;0.58;[tp]
2025.10.09 15:30:00;Sell;0.02;EURGBP;0.86796;;0.86771;2025.10.09 15:34:00;0.86771;-0.13;;0.58;[tp]
2025.10.09 09:30:00;Sell;0.03;EURGBP;0.86908;;0.86787;2025.10.09 15:24:17;0.86787;-0.20;;4.18;[tp]
2025.10.08 21:30:00;Sell;0.02;EURGBP;0.86789;;0.86787;2025.10.09 15:24:17;0.86787;-0.13;0.15;0.05;[tp]
2025.10.08 20:00:00;Sell;0.02;EURGBP;0.86690;;0.86787;2025.10.09 15:24:17;0.86787;-0.13;0.15;-2.24;[tp]
2025.10.08 19:45:01;Sell;0.02;EURGBP;0.86710;;0.86685;2025.10.08 19:58:46;0.86685;-0.13;;0.58;[tp]
2025.10.08 19:30:00;Buy;0.02;EURGBP;0.86710;;0.86735;2025.10.08 19:37:34;0.86735;-0.13;;0.58;[tp]
2025.10.08 19:00:00;Buy;0.02;EURGBP;0.86686;;0.86711;2025.10.08 19:16:41;0.86711;-0.13;;0.58;[tp]
2025.10.08 17:30:00;Buy;0.03;EURGBP;0.86581;;0.86668;2025.10.08 18:52:26;0.86666;-0.20;;2.94;[tp]
2025.10.08 16:45:00;Buy;0.02;EURGBP;0.86650;;0.86668;2025.10.08 18:52:26;0.86666;-0.13;;0.37;[tp]
2025.10.08 15:15:00;Buy;0.02;EURGBP;0.86729;;0.86668;2025.10.08 18:52:26;0.86666;-0.13;;-1.45;[tp]
2025.10.08 15:00:00;Sell;0.02;EURGBP;0.86715;;0.86690;2025.10.08 15:03:45;0.86690;-0.13;;0.58;[tp]
2025.10.08 14:45:00;Sell;0.02;EURGBP;0.86743;;0.86718;2025.10.08 14:57:30;0.86718;-0.13;;0.58;[tp]
2025.10.08 10:15:00;Buy;0.03;EURGBP;0.86675;;0.86773;2025.10.08 14:34:50;0.86774;-0.20;;3.42;[tp]
2025.10.08 04:30:00;Buy;0.02;EURGBP;0.86757;;0.86773;2025.10.08 14:34:50;0.86774;-0.13;;0.39;[tp]
2025.10.07 17:45:00;Buy;0.02;EURGBP;0.86847;;0.86773;2025.10.08 14:34:50;0.86774;-0.13;-0.17;-1.68;[tp]
2025.10.07 17:30:00;Sell;0.02;EURGBP;0.86841;;0.86816;2025.10.07 17:38:53;0.86816;-0.13;;0.58;[tp]
2025.10.07 17:15:00;Sell;0.02;EURGBP;0.86888;;0.86863;2025.10.07 17:26:45;0.86860;-0.13;;0.64;[tp]
2025.10.07 16:45:00;Sell;0.02;EURGBP;0.86914;;0.86889;2025.10.07 17:00:39;0.86889;-0.13;;0.58;[tp]
2025.10.07 15:00:00;Sell;0.05;EURGBP;0.87023;;0.86911;2025.10.07 16:30:48;0.86912;-0.33;;6.39;[tp]
2025.10.07 14:00:00;Sell;0.03;EURGBP;0.86947;;0.86911;2025.10.07 16:30:48;0.86911;-0.20;;1.24;[tp]
2025.10.07 13:45:00;Sell;0.02;EURGBP;0.86861;;0.86911;2025.10.07 16:30:48;0.86912;-0.13;;-1.17;[tp]
2025.10.07 13:00:00;Sell;0.02;EURGBP;0.86778;;0.86911;2025.10.07 16:30:48;0.86911;-0.13;;-3.06;[tp]
2025.10.07 12:00:00;Sell;0.02;EURGBP;0.86816;;0.86791;2025.10.07 12:51:26;0.86791;-0.13;;0.58;[tp]
2025.10.07 09:15:01;Sell;0.02;EURGBP;0.86914;;0.86841;2025.10.07 11:47:42;0.86841;-0.13;;1.68;[tp]
2025.10.07 04:45:00;Sell;0.02;EURGBP;0.86817;;0.86841;2025.10.07 11:47:42;0.86841;-0.13;;-0.55;[tp]
2025.10.06 21:00:00;Sell;0.02;EURGBP;0.86848;;0.86823;2025.10.07 04:39:28;0.86823;-0.13;0.04;0.58;[tp]
2025.10.06 19:00:00;Sell;0.02;EURGBP;0.86874;;0.86849;2025.10.06 20:58:30;0.86849;-0.13;;0.58;[tp]
2025.10.06 18:45:00;Sell;0.02;EURGBP;0.86899;;0.86874;2025.10.06 18:59:21;0.86874;-0.13;;0.58;[tp]
2025.10.06 18:15:01;Sell;0.02;EURGBP;0.86906;;0.86881;2025.10.06 18:39:57;0.86881;-0.13;;0.58;[tp]
2025.10.06 18:00:00;Buy;0.02;EURGBP;0.86920;;0.86945;2025.10.06 18:08:29;0.86946;-0.13;;0.60;[tp]
2025.10.06 17:30:00;Buy;0.03;EURGBP;0.86825;;0.86929;2025.10.06 17:58:03;0.86929;-0.20;;3.59;[tp]
2025.10.06 16:45:00;Buy;0.02;EURGBP;0.86928;;0.86929;2025.10.06 17:58:03;0.86929;-0.13;;0.02;[tp]
2025.10.06 16:15:00;Buy;0.02;EURGBP;0.86997;;0.86929;2025.10.06 17:58:03;0.86929;-0.13;;-1.56;[tp]
2025.10.06 15:00:00;Buy;0.02;EURGBP;0.86971;;0.86996;2025.10.06 16:03:00;0.86996;-0.13;;0.57;[tp]
2025.10.06 14:30:01;Buy;0.02;EURGBP;0.86944;;0.86969;2025.10.06 14:57:49;0.86969;-0.13;;0.57;[tp]
2025.10.06 11:00:00;Buy;0.08;EURGBP;0.86753;;0.86938;2025.10.06 14:21:37;0.86938;-0.52;;17.02;[tp]
2025.10.06 10:45:00;Buy;0.05;EURGBP;0.86832;;0.86938;2025.10.06 14:21:37;0.86938;-0.33;;6.10;[tp]
2025.10.06 09:45:01;Buy;0.03;EURGBP;0.87065;;0.86938;2025.10.06 14:21:37;0.86938;-0.20;;-4.38;[tp]
2025.10.06 02:15:00;Buy;0.02;EURGBP;0.87178;;0.86938;2025.10.06 14:21:37;0.86938;-0.13;;-5.52;[tp]
2025.10.06 01:15:02;Buy;0.02;EURGBP;0.87267;;0.86938;2025.10.06 14:21:37;0.86938;-0.13;;-7.57;[tp]
2025.10.06 01:10:00;Buy;0.02;EURGBP;0.87258;;0.87283;2025.10.06 01:11:59;0.87283;-0.13;;0.57;[tp]
2025.10.03 20:30:04;Buy;0.03;EURGBP;0.87081;;0.87174;2025.10.06 00:10:13;0.87181;-0.20;-0.28;3.44;[tp]
2025.10.03 18:00:00;Buy;0.02;EURGBP;0.87154;;0.87174;2025.10.06 00:10:13;0.87181;-0.13;-0.19;0.62;[tp]
2025.10.03 17:15:00;Buy;0.02;EURGBP;0.87246;;0.87174;2025.10.06 00:10:13;0.87179;-0.13;-0.19;-1.54;[tp]
2025.10.03 16:45:00;Buy;0.02;EURGBP;0.87213;;0.87238;2025.10.03 17:06:03;0.87238;-0.13;;0.57;[tp]
2025.10.03 16:15:01;Sell;0.02;EURGBP;0.87216;;0.87191;2025.10.03 16:31:23;0.87192;-0.13;;0.55;[tp]
2025.10.03 15:00:00;Sell;0.02;EURGBP;0.87251;;0.87226;2025.10.03 16:00:09;0.87226;-0.13;;0.57;[tp]
2025.10.03 12:30:00;Buy;0.02;EURGBP;0.87265;;0.87290;2025.10.03 14:45:10;0.87290;-0.13;;0.57;[tp]
2025.10.03 12:15:00;Buy;0.02;EURGBP;0.87253;;0.87278;2025.10.03 12:25:08;0.87278;-0.13;;0.57;[tp]
2025.10.03 04:45:10;Buy;0.02;EURGBP;0.87228;;0.87253;2025.10.03 12:09:15;0.87253;-0.13;;0.57;[tp]
2025.10.03 03:15:02;Buy;0.02;EURGBP;0.87208;;0.87233;2025.10.03 04:36:12;0.87233;-0.13;;0.57;[tp]
2025.10.02 20:30:00;Buy;0.02;EURGBP;0.87190;;0.87215;2025.10.03 03:04:19;0.87215;-0.13;-0.19;0.57;[tp]
2025.10.02 19:30:03;Buy;0.02;EURGBP;0.87160;;0.87185;2025.10.02 20:20:20;0.87185;-0.13;;0.57;[tp]
2025.10.02 19:00:00;Sell;0.02;EURGBP;0.87151;;0.87126;2025.10.02 19:22:29;0.87126;-0.13;;0.57;[tp]
2025.10.02 17:00:02;Sell;0.08;EURGBP;0.87273;;0.87153;2025.10.02 18:55:43;0.87153;-0.52;;11.02;[tp]
2025.10.02 14:15:01;Sell;0.05;EURGBP;0.87196;;0.87153;2025.10.02 18:55:43;0.87153;-0.33;;2.47;[tp]
2025.10.02 13:30:00;Sell;0.03;EURGBP;0.87125;;0.87153;2025.10.02 18:55:43;0.87153;-0.20;;-0.96;[tp]
2025.10.01 20:30:00;Sell;0.02;EURGBP;0.87044;;0.87153;2025.10.02 18:55:43;0.87153;-0.13;0.11;-2.50;[tp]
2025.10.01 18:00:01;Sell;0.02;EURGBP;0.86966;;0.87153;2025.10.02 18:55:43;0.87153;-0.13;0.11;-4.29;[tp]
2025.10.01 17:45:00;Sell;0.02;EURGBP;0.86971;;0.86946;2025.10.01 17:47:22;0.86946;-0.13;;0.58;[tp]
2025.10.01 15:45:00;Buy;0.02;EURGBP;0.86953;;0.87026;2025.10.01 17:42:05;0.87026;-0.13;;1.68;[tp]
2025.10.01 15:30:00;Buy;0.02;EURGBP;0.87048;;0.87026;2025.10.01 17:42:05;0.87026;-0.13;;-0.51;[tp]
2025.10.01 14:00:02;Buy;0.02;EURGBP;0.87041;;0.87066;2025.10.01 15:15:50;0.87069;-0.13;;0.64;[tp]
2025.10.01 13:45:00;Sell;0.02;EURGBP;0.87042;;0.87017;2025.10.01 13:55:55;0.87017;-0.13;;0.57;[tp]
2025.10.01 13:30:00;Sell;0.02;EURGBP;0.87056;;0.87031;2025.10.01 13:38:14;0.87031;-0.13;;0.57;[tp]
2025.10.01 13:15:02;Sell;0.02;EURGBP;0.87101;;0.87076;2025.10.01 13:16:44;0.87076;-0.13;;0.57;[tp]
2025.10.01 13:00:00;Sell;0.02;EURGBP;0.87142;;0.87117;2025.10.01 13:04:25;0.87117;-0.13;;0.57;[tp]
2025.10.01 12:45:00;Sell;0.02;EURGBP;0.87156;;0.87131;2025.10.01 12:47:18;0.87131;-0.13;;0.57;[tp]
2025.10.01 12:30:03;Sell;0.02;EURGBP;0.87178;;0.87153;2025.10.01 12:34:50;0.87153;-0.13;;0.57;[tp]
2025.10.01 12:15:00;Sell;0.02;EURGBP;0.87232;;0.87207;2025.10.01 12:18:04;0.87206;-0.13;;0.60;[tp]
2025.10.01 10:45:00;Sell;0.02;EURGBP;0.87246;;0.87221;2025.10.01 12:08:07;0.87224;-0.13;;0.50;[tp]
2025.10.01 08:30:00;Sell;0.02;EURGBP;0.87357;;0.87293;2025.10.01 10:40:30;0.87293;-0.13;;1.47;[tp]
2025.10.01 01:10:00;Sell;0.02;EURGBP;0.87278;;0.87293;2025.10.01 10:40:30;0.87293;-0.13;;-0.34;[tp]
2025.09.30 19:45:00;Sell;0.02;EURGBP;0.87347;;0.87273;2025.10.01 01:01:55;0.87273;-0.13;0.04;1.70;[tp]
2025.09.30 18:15:00;Sell;0.02;EURGBP;0.87249;;0.87273;2025.10.01 01:01:55;0.87273;-0.13;0.04;-0.55;[tp]
2025.09.30 18:00:01;Sell;0.02;EURGBP;0.87283;;0.87258;2025.09.30 18:12:24;0.87258;-0.13;;0.57;[tp]
2025.09.30 17:00:00;Sell;0.02;EURGBP;0.87240;;0.87266;2025.09.30 17:53:51;0.87266;-0.13;;-0.60;[tp]
2025.09.30 17:15:00;Sell;0.02;EURGBP;0.87342;;0.87266;2025.09.30 17:53:50;0.87266;-0.13;;1.74;[tp]
2025.09.30 15:30:05;Sell;0.02;EURGBP;0.87313;;0.87288;2025.09.30 16:47:35;0.87281;-0.13;;0.73;[tp]
2025.09.30 15:15:00;Sell;0.02;EURGBP;0.87343;;0.87318;2025.09.30 15:20:04;0.87317;-0.13;;0.60;[tp]
2025.09.30 14:15:01;Sell;0.02;EURGBP;0.87432;;0.87369;2025.09.30 15:06:41;0.87369;-0.13;;1.44;[tp]
2025.09.30 13:15:00;Sell;0.02;EURGBP;0.87356;;0.87369;2025.09.30 15:06:41;0.87369;-0.13;;-0.30;[tp]
2025.09.30 13:00:04;Sell;0.02;EURGBP;0.87381;;0.87356;2025.09.30 13:05:59;0.87356;-0.13;;0.57;[tp]
2025.09.30 12:30:03;Sell;0.02;EURGBP;0.87386;;0.87361;2025.09.30 12:51:26;0.87360;-0.13;;0.60;[tp]
2025.09.30 12:15:01;Sell;0.02;EURGBP;0.87403;;0.87378;2025.09.30 12:23:54;0.87378;-0.13;;0.57;[tp]
2025.09.30 11:45:02;Buy;0.02;EURGBP;0.87426;;0.87451;2025.09.30 12:01:19;0.87451;-0.13;;0.57;[tp]
2025.09.30 11:30:02;Buy;0.02;EURGBP;0.87393;;0.87418;2025.09.30 11:40:12;0.87419;-0.13;;0.59;[tp]
2025.09.30 10:15:02;Buy;0.02;EURGBP;0.87371;;0.87396;2025.09.30 11:24:20;0.87396;-0.13;;0.57;[tp]
2025.09.30 09:00:00;Buy;0.02;EURGBP;0.87339;;0.87364;2025.09.30 10:13:06;0.87367;-0.13;;0.64;[tp]
2025.09.29 21:45:00;Buy;0.02;EURGBP;0.87313;;0.87338;2025.09.30 08:55:19;0.87338;-0.13;-0.19;0.57;[tp]
2025.09.29 18:30:01;Sell;0.02;EURGBP;0.87324;;0.87299;2025.09.29 21:31:01;0.87299;-0.13;;0.57;[tp]
2025.09.29 17:00:00;Sell;0.02;EURGBP;0.87368;;0.87343;2025.09.29 18:16:10;0.87343;-0.13;;0.57;[tp]
2025.09.29 16:00:00;Buy;0.02;EURGBP;0.87351;;0.87376;2025.09.29 16:45:46;0.87376;-0.13;;0.57;[tp]
2025.09.29 13:30:00;Buy;0.02;EURGBP;0.87269;;0.87294;2025.09.29 15:48:40;0.87297;-0.13;;0.64;[tp]
2025.09.29 10:15:01;Buy;0.02;EURGBP;0.87245;;0.87270;2025.09.29 13:20:57;0.87272;-0.13;;0.62;[tp]
2025.09.29 09:15:00;Sell;0.02;EURGBP;0.87230;;0.87205;2025.09.29 10:01:39;0.87205;-0.13;;0.57;[tp]
2025.09.29 08:45:02;Sell;0.02;EURGBP;0.87253;;0.87228;2025.09.29 09:02:06;0.87228;-0.13;;0.57;[tp]
2025.09.29 07:45:02;Sell;0.02;EURGBP;0.87281;;0.87256;2025.09.29 08:41:06;0.87254;-0.13;;0.62;[tp]
2025.09.29 02:30:00;Sell;0.02;EURGBP;0.87312;;0.87287;2025.09.29 07:44:08;0.87287;-0.13;;0.57;[tp]
2025.09.29 01:10:00;Sell;0.02;EURGBP;0.87335;;0.87310;2025.09.29 02:26:23;0.87310;-0.13;;0.57;[tp]
2025.09.26 23:00:00;Buy;0.02;EURGBP;0.87302;;0.87327;2025.09.29 01:00:40;0.87328;-0.13;-0.23;0.60;[tp]
2025.09.26 18:00:00;Buy;0.02;EURGBP;0.87239;;0.87303;2025.09.26 22:58:18;0.87303;-0.13;;1.47;[tp]
2025.09.26 16:30:00;Buy;0.02;EURGBP;0.87316;;0.87303;2025.09.26 22:58:18;0.87303;-0.13;;-0.30;[tp]
2025.09.26 15:36:38;Sell;0.02;EURGBP;0.87330;;0.87305;2025.09.26 16:23:26;0.87305;-0.13;;0.57;[tp]
2025.09.25 18:00:00;Sell;0.05;EURGBP;0.87476;;0.87371;2025.09.26 15:24:35;0.87371;-0.33;0.09;6.01;[tp]
2025.09.25 14:15:00;Sell;0.03;EURGBP;0.87405;;0.87371;2025.09.26 15:24:35;0.87371;-0.20;0.05;1.17;[tp]
2025.09.25 12:45:01;Sell;0.02;EURGBP;0.87326;;0.87371;2025.09.26 15:24:35;0.87371;-0.13;0.04;-1.03;[tp]
2025.09.24 20:30:04;Sell;0.02;EURGBP;0.87252;;0.87371;2025.09.26 15:24:35;0.87371;-0.13;0.15;-2.72;[tp]
2025.09.24 17:45:00;Sell;0.02;EURGBP;0.87278;;0.87253;2025.09.24 20:18:50;0.87254;-0.13;;0.55;[tp]
2025.09.24 17:30:00;Sell;0.02;EURGBP;0.87322;;0.87297;2025.09.24 17:32:50;0.87298;-0.13;;0.55;[tp]
2025.09.24 17:15:00;Sell;0.02;EURGBP;0.87356;;0.87331;2025.09.24 17:19:32;0.87331;-0.13;;0.57;[tp]
2025.09.24 17:00:00;Buy;0.02;EURGBP;0.87350;;0.87375;2025.09.24 17:04:33;0.87375;-0.13;;0.57;[tp]
2025.09.24 16:15:00;Buy;0.02;EURGBP;0.87358;;0.87383;2025.09.24 16:50:23;0.87383;-0.13;;0.57;[tp]
2025.09.24 16:00:02;Buy;0.02;EURGBP;0.87332;;0.87357;2025.09.24 16:03:03;0.87357;-0.13;;0.57;[tp]
2025.09.24 15:00:00;Buy;0.02;EURGBP;0.87307;;0.87332;2025.09.24 15:51:14;0.87333;-0.13;;0.60;[tp]
2025.09.24 14:00:00;Buy;0.02;EURGBP;0.87281;;0.87306;2025.09.24 14:45:03;0.87306;-0.13;;0.57;[tp]
2025.09.24 13:30:01;Sell;0.02;EURGBP;0.87272;;0.87247;2025.09.24 13:46:23;0.87247;-0.13;;0.57;[tp]
2025.09.24 12:30:01;Sell;0.02;EURGBP;0.87291;;0.87266;2025.09.24 13:21:31;0.87265;-0.13;;0.60;[tp]
2025.09.23 20:45:00;Sell;0.03;EURGBP;0.87376;;0.87282;2025.09.24 12:28:40;0.87282;-0.20;0.05;3.23;[tp]
2025.09.23 18:45:16;Sell;0.02;EURGBP;0.87292;;0.87282;2025.09.24 12:28:40;0.87282;-0.13;0.04;0.23;[tp]
2025.09.23 18:00:00;Sell;0.02;EURGBP;0.87217;;0.87282;2025.09.24 12:28:40;0.87282;-0.13;0.04;-1.49;[tp]
2025.09.23 17:00:00;Sell;0.02;EURGBP;0.87289;;0.87225;2025.09.23 17:57:38;0.87225;-0.13;;1.47;[tp]
2025.09.23 16:15:01;Sell;0.02;EURGBP;0.87211;;0.87225;2025.09.23 17:57:38;0.87225;-0.13;;-0.32;[tp]
2025.09.23 15:30:00;Sell;0.02;EURGBP;0.87215;;0.87190;2025.09.23 16:10:37;0.87191;-0.13;;0.55;[tp]
2025.09.23 15:00:00;Sell;0.02;EURGBP;0.87255;;0.87230;2025.09.23 15:21:00;0.87229;-0.13;;0.60;[tp]
2025.09.23 14:15:00;Sell;0.02;EURGBP;0.87289;;0.87264;2025.09.23 14:55:55;0.87264;-0.13;;0.57;[tp]
2025.09.23 14:00:00;Sell;0.02;EURGBP;0.87308;;0.87283;2025.09.23 14:02:52;0.87282;-0.13;;0.60;[tp]
2025.09.23 11:45:01;Sell;0.03;EURGBP;0.87438;;0.87302;2025.09.23 13:58:51;0.87300;-0.20;;4.74;[tp]
2025.09.23 11:30:00;Sell;0.02;EURGBP;0.87291;;0.87302;2025.09.23 13:58:51;0.87300;-0.13;;-0.21;[tp]
2025.09.23 11:15:00;Sell;0.02;EURGBP;0.87197;;0.87302;2025.09.23 13:58:51;0.87300;-0.13;;-2.36;[tp]
2025.09.23 10:15:00;Sell;0.02;EURGBP;0.87206;;0.87181;2025.09.23 11:08:15;0.87181;-0.13;;0.57;[tp]
2025.09.23 10:00:00;Sell;0.02;EURGBP;0.87263;;0.87238;2025.09.23 10:15:00;0.87231;-0.13;;0.73;[tp]
2025.09.23 09:30:03;Sell;0.02;EURGBP;0.87301;;0.87276;2025.09.23 09:56:32;0.87275;-0.13;;0.60;[tp]
2025.09.23 01:10:00;Sell;0.02;EURGBP;0.87326;;0.87301;2025.09.23 09:27:28;0.87301;-0.13;;0.57;[tp]
2025.09.22 19:45:03;Buy;0.02;EURGBP;0.87293;;0.87318;2025.09.22 23:47:37;0.87318;-0.13;;0.57;[tp]
2025.09.22 19:30:00;Buy;0.02;EURGBP;0.87256;;0.87281;2025.09.22 19:42:33;0.87282;-0.13;;0.60;[tp]
2025.09.22 18:00:00;Buy;0.02;EURGBP;0.87219;;0.87244;2025.09.22 19:28:46;0.87246;-0.13;;0.62;[tp]
2025.09.22 17:45:00;Buy;0.02;EURGBP;0.87155;;0.87218;2025.09.22 17:56:42;0.87217;-0.13;;1.42;[tp]
2025.09.22 16:15:00;Buy;0.02;EURGBP;0.87231;;0.87218;2025.09.22 17:56:42;0.87217;-0.13;;-0.32;[tp]
2025.09.22 16:00:00;Sell;0.02;EURGBP;0.87231;;0.87206;2025.09.22 16:05:02;0.87206;-0.13;;0.57;[tp]
2025.09.22 15:00:00;Sell;0.02;EURGBP;0.87257;;0.87232;2025.09.22 15:53:42;0.87232;-0.13;;0.57;[tp]
2025.09.22 13:15:00;Buy;0.02;EURGBP;0.87259;;0.87284;2025.09.22 14:52:28;0.87285;-0.13;;0.60;[tp]
2025.09.22 13:00:00;Buy;0.02;EURGBP;0.87218;;0.87243;2025.09.22 13:11:51;0.87244;-0.13;;0.60;[tp]
2025.09.22 10:30:00;Buy;0.02;EURGBP;0.87186;;0.87211;2025.09.22 12:59:29;0.87211;-0.13;;0.57;[tp]
2025.09.22 10:00:00;Buy;0.02;EURGBP;0.87147;;0.87172;2025.09.22 10:23:49;0.87172;-0.13;;0.57;[tp]
2025.09.22 09:45:01;Buy;0.02;EURGBP;0.87126;;0.87151;2025.09.22 09:55:42;0.87152;-0.13;;0.60;[tp]
2025.09.22 09:30:00;Buy;0.02;EURGBP;0.87105;;0.87130;2025.09.22 09:42:59;0.87130;-0.13;;0.57;[tp]
2025.09.19 17:00:00;Sell;0.02;EURGBP;0.87165;;0.87100;2025.09.22 09:15:16;0.87098;-0.13;0.04;1.54;[tp]
2025.09.19 15:00:01;Sell;0.02;EURGBP;0.87084;;0.87100;2025.09.22 09:15:16;0.87098;-0.13;0.04;-0.32;[tp]
2025.09.19 14:15:00;Sell;0.02;EURGBP;0.87123;;0.87098;2025.09.19 14:57:30;0.87099;-0.13;;0.55;[tp]
2025.09.19 14:00:00;Buy;0.02;EURGBP;0.87141;;0.87166;2025.09.19 14:06:55;0.87167;-0.13;;0.60;[tp]
2025.09.19 13:30:03;Buy;0.02;EURGBP;0.87108;;0.87133;2025.09.19 13:57:38;0.87133;-0.13;;0.57;[tp]
2025.09.19 13:15:04;Buy;0.02;EURGBP;0.87084;;0.87109;2025.09.19 13:23:40;0.87110;-0.13;;0.60;[tp]
2025.09.19 13:00:02;Buy;0.02;EURGBP;0.87075;;0.87100;2025.09.19 13:06:10;0.87100;-0.13;;0.57;[tp]
2025.09.19 09:15:00;Sell;0.02;EURGBP;0.87094;;0.87059;2025.09.19 12:49:31;0.87057;-0.13;;0.85;[tp]
2025.09.19 07:45:00;Sell;0.02;EURGBP;0.86927;;0.87059;2025.09.19 12:49:31;0.87057;-0.13;;-2.99;[tp]
2025.09.19 09:30:01;Sell;0.03;EURGBP;0.87183;;0.87059;2025.09.19 12:49:30;0.87057;-0.20;;4.34;[tp]
2025.09.18 20:15:02;Sell;0.02;EURGBP;0.86952;;0.86927;2025.09.19 07:34:02;0.86927;-0.13;0.04;0.58;[tp]
2025.09.18 18:30:00;Buy;0.02;EURGBP;0.86955;;0.86980;2025.09.18 20:07:07;0.86980;-0.13;;0.57;[tp]
2025.09.18 18:15:00;Buy;0.02;EURGBP;0.86928;;0.86953;2025.09.18 18:18:10;0.86953;-0.13;;0.58;[tp]
2025.09.18 18:00:00;Buy;0.02;EURGBP;0.86893;;0.86918;2025.09.18 18:14:07;0.86918;-0.13;;0.58;[tp]
2025.09.18 17:30:00;Buy;0.02;EURGBP;0.86849;;0.86874;2025.09.18 17:57:40;0.86875;-0.13;;0.60;[tp]
2025.09.18 17:00:00;Buy;0.02;EURGBP;0.86833;;0.86858;2025.09.18 17:26:25;0.86858;-0.13;;0.58;[tp]
2025.09.18 16:00:00;Buy;0.02;EURGBP;0.86762;;0.86824;2025.09.18 16:53:33;0.86824;-0.13;;1.43;[tp]
2025.09.18 14:45:00;Buy;0.02;EURGBP;0.86835;;0.86824;2025.09.18 16:53:33;0.86824;-0.13;;-0.25;[tp]
2025.09.18 14:15:00;Buy;0.02;EURGBP;0.86812;;0.86837;2025.09.18 14:35:48;0.86837;-0.13;;0.58;[tp]
2025.09.18 11:30:00;Buy;0.02;EURGBP;0.86740;;0.86803;2025.09.18 14:06:49;0.86803;-0.13;;1.45;[tp]
2025.09.18 10:30:00;Buy;0.02;EURGBP;0.86816;;0.86803;2025.09.18 14:06:49;0.86803;-0.13;;-0.30;[tp]
2025.09.18 10:15:01;Buy;0.02;EURGBP;0.86788;;0.86813;2025.09.18 10:29:43;0.86814;-0.13;;0.60;[tp]
2025.09.18 08:00:00;Buy;0.02;EURGBP;0.86689;;0.86760;2025.09.18 10:03:18;0.86761;-0.13;;1.66;[tp]
2025.09.18 04:00:00;Buy;0.02;EURGBP;0.86780;;0.86760;2025.09.18 10:03:18;0.86761;-0.13;;-0.44;[tp]
2025.09.18 02:45:00;Buy;0.02;EURGBP;0.86761;;0.86786;2025.09.18 03:57:08;0.86785;-0.13;;0.55;[tp]
2025.09.17 22:45:00;Buy;0.02;EURGBP;0.86691;;0.86755;2025.09.18 02:36:48;0.86755;-0.13;-0.56;1.48;[tp]
2025.09.17 22:15:00;Buy;0.02;EURGBP;0.86769;;0.86755;2025.09.18 02:36:48;0.86755;-0.13;-0.56;-0.32;[tp]
2025.09.17 22:00:00;Sell;0.02;EURGBP;0.86766;;0.86741;2025.09.17 22:08:11;0.86741;-0.13;;0.58;[tp]
2025.09.17 21:45:00;Sell;0.02;EURGBP;0.86775;;0.86750;2025.09.17 21:53:14;0.86752;-0.13;;0.53;[tp]
2025.09.17 21:30:00;Sell;0.02;EURGBP;0.86815;;0.86790;2025.09.17 21:35:07;0.86787;-0.13;;0.65;[tp]
2025.09.17 21:15:00;Buy;0.02;EURGBP;0.86824;;0.86849;2025.09.17 21:21:24;0.86849;-0.13;;0.58;[tp]
2025.09.17 18:15:01;Buy;0.05;EURGBP;0.86725;;0.86831;2025.09.17 21:09:33;0.86832;-0.33;;6.16;[tp]
2025.09.17 12:15:03;Buy;0.03;EURGBP;0.86799;;0.86831;2025.09.17 21:09:33;0.86832;-0.20;;1.14;[tp]
2025.09.17 07:00:11;Buy;0.02;EURGBP;0.86875;;0.86831;2025.09.17 21:09:33;0.86832;-0.13;;-0.99;[tp]
2025.09.16 23:45:00;Buy;0.02;EURGBP;0.86952;;0.86831;2025.09.17 21:09:33;0.86832;-0.13;-0.18;-2.76;[tp]
2025.09.16 21:30:01;Buy;0.02;EURGBP;0.86875;;0.86936;2025.09.16 23:34:37;0.86936;-0.13;;1.40;[tp]
2025.09.16 20:15:00;Buy;0.02;EURGBP;0.86946;;0.86936;2025.09.16 23:34:37;0.86936;-0.13;;-0.23;[tp]
2025.09.16 19:45:00;Buy;0.02;EURGBP;0.86882;;0.86907;2025.09.16 20:09:08;0.86908;-0.13;;0.60;[tp]
2025.09.16 19:15:00;Buy;0.02;EURGBP;0.86830;;0.86855;2025.09.16 19:31:23;0.86855;-0.13;;0.58;[tp]
2025.09.16 18:00:00;Buy;0.02;EURGBP;0.86785;;0.86810;2025.09.16 19:12:47;0.86811;-0.13;;0.60;[tp]
2025.09.16 17:45:00;Buy;0.02;EURGBP;0.86733;;0.86758;2025.09.16 17:57:33;0.86759;-0.13;;0.60;[tp]
2025.09.16 17:30:00;Buy;0.02;EURGBP;0.86668;;0.86693;2025.09.16 17:30:51;0.86693;-0.13;;0.58;[tp]
2025.09.16 14:30:00;Buy;0.02;EURGBP;0.86578;;0.86640;2025.09.16 17:16:46;0.86640;-0.13;;1.43;[tp]
2025.09.16 14:00:00;Buy;0.02;EURGBP;0.86651;;0.86640;2025.09.16 17:16:46;0.86640;-0.13;;-0.25;[tp]
2025.09.16 12:45:00;Buy;0.02;EURGBP;0.86620;;0.86645;2025.09.16 13:58:05;0.86645;-0.13;;0.58;[tp]
2025.09.16 12:30:00;Buy;0.02;EURGBP;0.86597;;0.86622;2025.09.16 12:42:34;0.86622;-0.13;;0.58;[tp]
2025.09.16 12:15:00;Buy;0.02;EURGBP;0.86561;;0.86586;2025.09.16 12:17:48;0.86586;-0.13;;0.58;[tp]
2025.09.16 11:00:00;Buy;0.02;EURGBP;0.86544;;0.86569;2025.09.16 12:00:31;0.86569;-0.13;;0.58;[tp]
2025.09.15 18:00:00;Buy;0.02;EURGBP;0.86523;;0.86548;2025.09.16 10:52:42;0.86549;-0.13;-0.19;0.60;[tp]
2025.09.15 17:45:00;Buy;0.02;EURGBP;0.86508;;0.86533;2025.09.15 17:57:12;0.86536;-0.13;;0.65;[tp]
2025.09.15 17:15:00;Buy;0.02;EURGBP;0.86486;;0.86511;2025.09.15 17:39:07;0.86511;-0.13;;0.58;[tp]
2025.09.15 11:15:02;Buy;0.02;EURGBP;0.86363;;0.86513;2025.09.15 17:05:16;0.86513;-0.13;;3.47;[tp]
2025.09.12 16:45:00;Buy;0.03;EURGBP;0.86457;;0.86513;2025.09.15 17:05:16;0.86513;-0.20;-0.28;1.94;[tp]
2025.09.12 13:00:07;Buy;0.02;EURGBP;0.86536;;0.86513;2025.09.15 17:05:16;0.86513;-0.13;-0.19;-0.53;[tp]
2025.09.12 11:30:00;Buy;0.02;EURGBP;0.86612;;0.86513;2025.09.15 17:05:16;0.86513;-0.13;-0.19;-2.29;[tp]
2025.09.12 10:00:00;Buy;0.02;EURGBP;0.86590;;0.86615;2025.09.12 11:15:13;0.86615;-0.13;;0.58;[tp]
2025.09.12 09:30:01;Buy;0.02;EURGBP;0.86553;;0.86578;2025.09.12 09:51:20;0.86578;-0.13;;0.58;[tp]
2025.09.12 09:15:00;Buy;0.02;EURGBP;0.86523;;0.86548;2025.09.12 09:19:38;0.86550;-0.13;;0.62;[tp]
2025.09.11 19:30:00;Buy;0.02;EURGBP;0.86423;;0.86543;2025.09.12 09:00:04;0.86548;-0.13;-0.19;2.89;[tp]
2025.09.11 17:30:00;Buy;0.02;EURGBP;0.86527;;0.86543;2025.09.12 09:00:04;0.86548;-0.13;-0.19;0.49;[tp]
2025.09.11 16:45:00;Buy;0.02;EURGBP;0.86604;;0.86543;2025.09.12 09:00:04;0.86548;-0.13;-0.19;-1.29;[tp]
2025.09.11 16:30:00;Buy;0.02;EURGBP;0.86577;;0.86602;2025.09.11 16:36:47;0.86601;-0.13;;0.55;[tp]
2025.09.11 16:15:00;Buy;0.02;EURGBP;0.86528;;0.86553;2025.09.11 16:22:19;0.86554;-0.13;;0.60;[tp]
2025.09.10 13:45:01;Buy;0.13;EURGBP;0.86423;;0.86565;2025.09.11 16:08:49;0.86571;-0.85;-3.63;22.22;[tp]
2025.09.10 04:00:00;Buy;0.02;EURGBP;0.86502;;0.86565;2025.09.11 16:08:49;0.86571;-0.13;-0.56;1.59;[tp]
2025.09.09 13:45:01;Buy;0.05;EURGBP;0.86585;;0.86565;2025.09.11 16:08:49;0.86571;-0.33;-1.87;-0.81;[tp]
2025.09.09 10:30:00;Buy;0.03;EURGBP;0.86674;;0.86565;2025.09.11 16:08:49;0.86571;-0.20;-1.12;-3.57;[tp]
2025.09.09 07:30:00;Buy;0.02;EURGBP;0.86744;;0.86565;2025.09.11 16:08:49;0.86571;-0.13;-0.75;-4.00;[tp]
2025.09.08 23:45:00;Buy;0.02;EURGBP;0.86827;;0.86565;2025.09.11 16:08:49;0.86571;-0.13;-0.93;-5.91;[tp]
2025.09.08 22:30:00;Buy;0.02;EURGBP;0.86803;;0.86828;2025.09.08 23:34:54;0.86828;-0.13;;0.58;[tp]
2025.09.08 17:15:01;Buy;0.02;EURGBP;0.86785;;0.86810;2025.09.08 22:17:47;0.86811;-0.13;;0.60;[tp]
2025.09.08 16:15:00;Buy;0.02;EURGBP;0.86742;;0.86767;2025.09.08 17:01:02;0.86767;-0.13;;0.58;[tp]
2025.09.08 15:00:00;Buy;0.02;EURGBP;0.86693;;0.86718;2025.09.08 16:09:18;0.86718;-0.13;;0.58;[tp]
2025.09.08 14:00:00;Sell;0.02;EURGBP;0.86665;;0.86640;2025.09.08 14:51:17;0.86640;-0.13;;0.58;[tp]
2025.09.08 13:45:01;Sell;0.02;EURGBP;0.86721;;0.86696;2025.09.08 13:55:59;0.86696;-0.13;;0.58;[tp]
2025.09.08 11:15:07;Sell;0.02;EURGBP;0.86822;;0.86762;2025.09.08 13:30:18;0.86762;-0.13;;1.38;[tp]
2025.09.08 05:00:01;Sell;0.02;EURGBP;0.86752;;0.86762;2025.09.08 13:30:18;0.86762;-0.13;;-0.23;[tp]
2025.09.08 04:45:01;Sell;0.02;EURGBP;0.86773;;0.86748;2025.09.08 04:50:48;0.86748;-0.13;;0.58;[tp]
2025.09.08 02:00:00;Sell;0.02;EURGBP;0.86795;;0.86770;2025.09.08 04:42:02;0.86770;-0.13;;0.58;[tp]
2025.09.08 01:10:00;Sell;0.02;EURGBP;0.86819;;0.86794;2025.09.08 01:53:56;0.86793;-0.13;;0.60;[tp]
2025.09.05 20:15:00;Buy;0.02;EURGBP;0.86761;;0.86823;2025.09.08 01:08:10;0.86823;-0.13;-0.18;1.43;[tp]
2025.09.05 19:00:00;Buy;0.02;EURGBP;0.86835;;0.86823;2025.09.08 01:08:10;0.86823;-0.13;-0.18;-0.28;[tp]
2025.09.05 18:15:00;Buy;0.02;EURGBP;0.86832;;0.86857;2025.09.05 18:54:05;0.86857;-0.13;;0.58;[tp]
2025.09.05 18:00:00;Buy;0.02;EURGBP;0.86808;;0.86833;2025.09.05 18:14:00;0.86834;-0.13;;0.60;[tp]
2025.09.05 17:45:00;Buy;0.02;EURGBP;0.86806;;0.86831;2025.09.05 17:50:52;0.86829;-0.13;;0.53;[tp]
2025.09.05 17:30:01;Buy;0.02;EURGBP;0.86788;;0.86813;2025.09.05 17:40:36;0.86812;-0.13;;0.55;[tp]
2025.09.05 16:15:00;Buy;0.02;EURGBP;0.86679;;0.86780;2025.09.05 17:26:51;0.86780;-0.13;;2.33;[tp]
2025.09.05 15:45:01;Buy;0.02;EURGBP;0.86830;;0.86780;2025.09.05 17:26:51;0.86780;-0.13;;-1.15;[tp]
2025.09.05 15:15:01;Sell;0.02;EURGBP;0.86775;;0.86750;2025.09.05 15:30:02;0.86766;-0.13;;0.21;[tp]
2025.09.05 15:00:00;Buy;0.02;EURGBP;0.86817;;0.86842;2025.09.05 15:01:59;0.86841;-0.13;;0.55;[tp]
2025.09.05 10:15:00;Buy;0.02;EURGBP;0.86756;;0.86781;2025.09.05 14:57:21;0.86782;-0.13;;0.60;[tp]
2025.09.05 09:15:00;Buy;0.02;EURGBP;0.86682;;0.86747;2025.09.05 10:08:25;0.86747;-0.13;;1.50;[tp]
2025.09.05 05:15:00;Buy;0.02;EURGBP;0.86762;;0.86747;2025.09.05 10:08:25;0.86747;-0.13;;-0.35;[tp]
2025.09.04 11:15:03;Buy;0.02;EURGBP;0.86691;;0.86763;2025.09.05 05:00:49;0.86763;-0.13;-0.18;1.66;[tp]
2025.09.04 06:30:00;Buy;0.02;EURGBP;0.86785;;0.86763;2025.09.05 05:00:49;0.86763;-0.13;-0.18;-0.51;[tp]
2025.09.03 20:45:00;Buy;0.02;EURGBP;0.86756;;0.86781;2025.09.04 06:24:18;0.86781;-0.13;-0.55;0.58;[tp]
2025.09.03 19:15:00;Sell;0.02;EURGBP;0.86768;;0.86743;2025.09.03 20:31:37;0.86743;-0.13;;0.58;[tp]
2025.09.03 18:45:03;Sell;0.02;EURGBP;0.86814;;0.86789;2025.09.03 19:04:58;0.86789;-0.13;;0.58;[tp]
2025.09.03 18:05:38;Sell;0.02;EURGBP;0.86853;;0.86828;2025.09.03 18:38:48;0.86827;-0.13;;0.60;[tp]
2025.09.03 16:00:00;Buy;0.03;EURGBP;0.86767;;0.86877;2025.09.03 17:18:27;0.86877;-0.20;;3.80;[tp]
2025.09.03 13:30:00;Buy;0.02;EURGBP;0.86871;;0.86877;2025.09.03 17:18:27;0.86877;-0.13;;0.14;[tp]
2025.09.03 12:45:00;Buy;0.02;EURGBP;0.86959;;0.86877;2025.09.03 17:18:27;0.86877;-0.13;;-1.89;[tp]
2025.09.03 12:30:00;Buy;0.02;EURGBP;0.86949;;0.86974;2025.09.03 12:32:40;0.86974;-0.13;;0.57;[tp]
2025.09.03 12:15:00;Sell;0.02;EURGBP;0.86937;;0.86912;2025.09.03 12:20:28;0.86911;-0.13;;0.60;[tp]
2025.09.03 12:00:00;Sell;0.02;EURGBP;0.86938;;0.86913;2025.09.03 12:03:08;0.86913;-0.13;;0.58;[tp]
2025.09.03 11:45:06;Sell;0.02;EURGBP;0.86998;;0.86973;2025.09.03 11:55:18;0.86970;-0.13;;0.64;[tp]
2025.09.03 11:30:00;Sell;0.02;EURGBP;0.87020;;0.86995;2025.09.03 11:30:31;0.86995;-0.13;;0.57;[tp]
2025.09.03 11:00:00;Sell;0.02;EURGBP;0.87051;;0.87026;2025.09.03 11:27:23;0.87026;-0.13;;0.57;[tp]
2025.09.03 10:45:02;Buy;0.02;EURGBP;0.87057;;0.87082;2025.09.03 10:46:05;0.87082;-0.13;;0.57;[tp]
2025.09.03 10:30:00;Buy;0.02;EURGBP;0.87031;;0.87056;2025.09.03 10:31:25;0.87056;-0.13;;0.57;[tp]
2025.09.03 10:15:00;Buy;0.02;EURGBP;0.87027;;0.87052;2025.09.03 10:17:46;0.87052;-0.13;;0.57;[tp]
2025.09.03 09:45:02;Buy;0.02;EURGBP;0.86939;;0.87014;2025.09.03 10:10:14;0.87014;-0.13;;1.72;[tp]
2025.09.03 09:00:00;Buy;0.02;EURGBP;0.87038;;0.87014;2025.09.03 10:10:14;0.87014;-0.13;;-0.55;[tp]
2025.09.02 20:00:00;Buy;0.03;EURGBP;0.86945;;0.87039;2025.09.03 08:56:42;0.87040;-0.20;-0.27;3.27;[tp]
2025.09.02 19:00:00;Buy;0.02;EURGBP;0.87029;;0.87039;2025.09.03 08:56:42;0.87040;-0.13;-0.18;0.25;[tp]
2025.09.02 18:30:00;Buy;0.02;EURGBP;0.87104;;0.87039;2025.09.03 08:56:42;0.87040;-0.13;-0.18;-1.47;[tp]
2025.09.02 18:15:00;Buy;0.02;EURGBP;0.87099;;0.87124;2025.09.02 18:19:46;0.87124;-0.13;;0.57;[tp]
2025.09.02 18:00:00;Buy;0.02;EURGBP;0.87053;;0.87078;2025.09.02 18:05:59;0.87080;-0.13;;0.62;[tp]
2025.09.02 17:30:00;Buy;0.02;EURGBP;0.87050;;0.87075;2025.09.02 17:55:09;0.87079;-0.13;;0.67;[tp]
2025.09.02 16:45:00;Buy;0.02;EURGBP;0.86990;;0.87057;2025.09.02 17:15:47;0.87058;-0.13;;1.56;[tp]
2025.09.02 15:30:00;Buy;0.02;EURGBP;0.87074;;0.87057;2025.09.02 17:15:47;0.87058;-0.13;;-0.37;[tp]
2025.09.02 15:00:00;Buy;0.02;EURGBP;0.87024;;0.87049;2025.09.02 15:17:51;0.87060;-0.13;;0.83;[tp]
2025.09.02 14:45:00;Buy;0.02;EURGBP;0.87016;;0.87041;2025.09.02 14:50:26;0.87044;-0.13;;0.64;[tp]
2025.09.02 14:15:00;Buy;0.02;EURGBP;0.86985;;0.87010;2025.09.02 14:44:22;0.87014;-0.13;;0.67;[tp]
2025.09.02 14:00:00;Buy;0.02;EURGBP;0.86943;;0.86968;2025.09.02 14:01:13;0.86968;-0.13;;0.57;[tp]
2025.09.02 13:15:00;Buy;0.02;EURGBP;0.86872;;0.86897;2025.09.02 13:49:38;0.86898;-0.13;;0.60;[tp]
2025.09.02 12:15:00;Buy;0.02;EURGBP;0.86853;;0.86878;2025.09.02 13:00:21;0.86877;-0.13;;0.55;[tp]
2025.09.02 11:45:00;Buy;0.02;EURGBP;0.86786;;0.86864;2025.09.02 12:11:21;0.86864;-0.13;;1.80;[tp]
2025.09.02 11:15:00;Buy;0.02;EURGBP;0.86892;;0.86864;2025.09.02 12:11:21;0.86864;-0.13;;-0.64;[tp]
2025.09.02 11:00:00;Buy;0.02;EURGBP;0.86890;;0.86915;2025.09.02 11:03:01;0.86915;-0.13;;0.58;[tp]
2025.09.02 10:45:00;Buy;0.02;EURGBP;0.86845;;0.86870;2025.09.02 10:47:15;0.86870;-0.13;;0.58;[tp]
2025.09.02 10:30:00;Buy;0.02;EURGBP;0.86840;;0.86865;2025.09.02 10:38:40;0.86872;-0.13;;0.74;[tp]
2025.09.02 10:15:00;Buy;0.02;EURGBP;0.86783;;0.86808;2025.09.02 10:24:27;0.86811;-0.13;;0.65;[tp]
2025.09.01 18:15:00;Buy;0.05;EURGBP;0.86434;;0.86546;2025.09.02 10:03:25;0.86546;-0.33;-0.46;6.47;[tp]
2025.09.01 16:00:00;Buy;0.03;EURGBP;0.86510;;0.86546;2025.09.02 10:03:25;0.86546;-0.20;-0.27;1.25;[tp]
2025.09.01 15:15:00;Buy;0.02;EURGBP;0.86602;;0.86546;2025.09.02 10:03:25;0.86546;-0.13;-0.18;-1.29;[tp]
2025.09.01 14:15:01;Buy;0.02;EURGBP;0.86674;;0.86546;2025.09.02 10:03:24;0.86546;-0.13;-0.18;-2.96;[tp]
2025.09.01 13:00:00;Buy;0.02;EURGBP;0.86615;;0.86684;2025.09.01 14:06:44;0.86684;-0.13;;1.59;[tp]
2025.09.01 12:00:00;Buy;0.02;EURGBP;0.86702;;0.86684;2025.09.01 14:06:44;0.86684;-0.13;;-0.42;[tp]
2025.09.01 09:15:00;Buy;0.02;EURGBP;0.86671;;0.86696;2025.09.01 11:51:48;0.86696;-0.13;;0.58;[tp]
2025.09.01 03:45:13;Buy;0.02;EURGBP;0.86533;;0.86631;2025.09.01 09:05:25;0.86631;-0.13;;2.26;[tp]
2025.08.29 18:30:00;Buy;0.02;EURGBP;0.86607;;0.86631;2025.09.01 09:05:25;0.86631;-0.13;-0.18;0.55;[tp]
2025.08.29 17:45:00;Buy;0.02;EURGBP;0.86677;;0.86631;2025.09.01 09:05:25;0.86631;-0.13;-0.18;-1.06;[tp]
2025.08.29 15:45:00;Buy;0.02;EURGBP;0.86643;;0.86708;2025.08.29 17:37:32;0.86709;-0.13;;1.52;[tp]
2025.08.29 13:00:00;Buy;0.02;EURGBP;0.86722;;0.86708;2025.08.29 17:37:32;0.86709;-0.13;;-0.30;[tp]
2025.08.29 12:45:03;Buy;0.02;EURGBP;0.86682;;0.86707;2025.08.29 12:51:01;0.86709;-0.13;;0.62;[tp]
2025.08.29 11:45:00;Buy;0.02;EURGBP;0.86671;;0.86696;2025.08.29 12:40:17;0.86696;-0.13;;0.58;[tp]
2025.08.29 11:30:01;Buy;0.02;EURGBP;0.86644;;0.86669;2025.08.29 11:33:26;0.86669;-0.13;;0.58;[tp]
2025.08.29 11:15:01;Buy;0.02;EURGBP;0.86577;;0.86602;2025.08.29 11:21:56;0.86604;-0.13;;0.62;[tp]
2025.08.29 11:00:00;Buy;0.02;EURGBP;0.86544;;0.86569;2025.08.29 11:14:27;0.86569;-0.13;;0.58;[tp]
2025.08.29 10:45:00;Buy;0.02;EURGBP;0.86497;;0.86522;2025.08.29 10:52:14;0.86522;-0.13;;0.58;[tp]
2025.08.29 10:00:00;Buy;0.02;EURGBP;0.86477;;0.86502;2025.08.29 10:34:58;0.86501;-0.13;;0.55;[tp]
2025.08.29 08:45:05;Buy;0.02;EURGBP;0.86433;;0.86458;2025.08.29 09:57:31;0.86460;-0.13;;0.62;[tp]
2025.08.29 06:30:00;Buy;0.02;EURGBP;0.86400;;0.86425;2025.08.29 08:35:18;0.86426;-0.13;;0.60;[tp]
2025.08.29 05:15:01;Buy;0.02;EURGBP;0.86372;;0.86397;2025.08.29 06:17:23;0.86397;-0.13;;0.58;[tp]
2025.08.28 21:30:23;Sell;0.03;EURGBP;0.86471;;0.86365;2025.08.29 05:01:25;0.86365;-0.20;0.05;3.68;[tp]
2025.08.28 15:15:00;Sell;0.02;EURGBP;0.86387;;0.86365;2025.08.29 05:01:25;0.86365;-0.13;0.03;0.51;[tp]
2025.08.28 13:15:00;Sell;0.02;EURGBP;0.86270;;0.86365;2025.08.29 05:01:25;0.86365;-0.13;0.03;-2.20;[tp]
2025.08.28 10:45:01;Buy;0.02;EURGBP;0.86272;;0.86297;2025.08.28 13:09:20;0.86297;-0.13;;0.58;[tp]
2025.08.27 17:30:00;Buy;0.05;EURGBP;0.86163;;0.86275;2025.08.28 10:40:52;0.86275;-0.33;-1.38;6.49;[tp]
2025.08.27 11:00:00;Buy;0.03;EURGBP;0.86248;;0.86275;2025.08.28 10:40:51;0.86275;-0.20;-0.83;0.94;[tp]
2025.08.27 09:45:02;Buy;0.02;EURGBP;0.86323;;0.86275;2025.08.28 10:40:51;0.86275;-0.13;-0.55;-1.11;[tp]
2025.08.27 06:00:01;Buy;0.02;EURGBP;0.86398;;0.86275;2025.08.28 10:40:51;0.86275;-0.13;-0.55;-2.85;[tp]
2025.08.27 05:30:00;Buy;0.02;EURGBP;0.86364;;0.86389;2025.08.27 05:47:25;0.86389;-0.13;;0.58;[tp]
2025.08.26 23:00:00;Sell;0.02;EURGBP;0.86368;;0.86343;2025.08.27 05:17:38;0.86343;-0.13;0.03;0.58;[tp]
2025.08.26 21:00:02;Sell;0.02;EURGBP;0.86385;;0.86360;2025.08.26 22:52:49;0.86360;-0.13;;0.58;[tp]
2025.08.26 17:00:00;Sell;0.02;EURGBP;0.86404;;0.86379;2025.08.26 20:52:13;0.86380;-0.13;;0.56;[tp]
2025.08.26 16:45:00;Buy;0.02;EURGBP;0.86445;;0.86470;2025.08.26 16:50:46;0.86471;-0.13;;0.60;[tp]
2025.08.26 14:45:01;Buy;0.02;EURGBP;0.86423;;0.86448;2025.08.26 16:35:00;0.86448;-0.13;;0.58;[tp]
2025.08.26 13:30:00;Buy;0.02;EURGBP;0.86389;;0.86414;2025.08.26 14:40:58;0.86414;-0.13;;0.58;[tp]
2025.08.26 12:30:00;Buy;0.02;EURGBP;0.86370;;0.86395;2025.08.26 13:25:03;0.86395;-0.13;;0.58;[tp]
2025.08.26 11:30:00;Buy;0.03;EURGBP;0.86265;;0.86374;2025.08.26 12:18:07;0.86374;-0.20;;3.79;[tp]
2025.08.26 09:45:00;Buy;0.02;EURGBP;0.86374;;0.86374;2025.08.26 12:18:07;0.86374;-0.13;;0.00;[tp]
2025.08.26 03:30:00;Buy;0.02;EURGBP;0.86450;;0.86374;2025.08.26 12:18:07;0.86374;-0.13;;-1.76;[tp]
2025.08.26 03:15:00;Buy;0.02;EURGBP;0.86428;;0.86453;2025.08.26 03:15:50;0.86453;-0.13;;0.58;[tp]
2025.08.26 01:10:00;Buy;0.02;EURGBP;0.86363;;0.86388;2025.08.26 03:03:47;0.86388;-0.13;;0.58;[tp]
2025.08.25 22:15:00;Buy;0.02;EURGBP;0.86305;;0.86377;2025.08.25 23:55:26;0.86377;-0.13;;1.67;[tp]
2025.08.25 20:30:00;Buy;0.02;EURGBP;0.86399;;0.86377;2025.08.25 23:55:26;0.86377;-0.13;;-0.51;[tp]
2025.08.25 19:45:00;Sell;0.02;EURGBP;0.86415;;0.86390;2025.08.25 20:21:37;0.86390;-0.13;;0.58;[tp]
2025.08.25 19:30:03;Sell;0.02;EURGBP;0.86462;;0.86437;2025.08.25 19:37:57;0.86437;-0.13;;0.58;[tp]
2025.08.25 19:00:00;Sell;0.02;EURGBP;0.86508;;0.86483;2025.08.25 19:15:34;0.86482;-0.13;;0.60;[tp]
2025.08.25 18:45:01;Sell;0.02;EURGBP;0.86535;;0.86510;2025.08.25 18:53:18;0.86510;-0.13;;0.58;[tp]
2025.08.25 15:30:00;Sell;0.02;EURGBP;0.86604;;0.86542;2025.08.25 18:40:24;0.86538;-0.13;;1.53;[tp]
2025.08.25 14:45:00;Sell;0.02;EURGBP;0.86530;;0.86542;2025.08.25 18:40:24;0.86538;-0.13;;-0.18;[tp]
2025.08.25 14:30:00;Sell;0.02;EURGBP;0.86568;;0.86543;2025.08.25 14:34:47;0.86543;-0.13;;0.58;[tp]
2025.08.22 19:45:00;Sell;0.02;EURGBP;0.86658;;0.86595;2025.08.25 14:19:42;0.86595;-0.13;0.03;1.46;[tp]
2025.08.22 17:30:00;Sell;0.02;EURGBP;0.86582;;0.86595;2025.08.25 14:19:42;0.86595;-0.13;0.03;-0.30;[tp]
2025.08.22 17:15:00;Buy;0.02;EURGBP;0.86586;;0.86611;2025.08.22 17:16:52;0.86613;-0.13;;0.62;[tp]
2025.08.21 17:15:00;Buy;0.02;EURGBP;0.86505;;0.86588;2025.08.22 17:10:29;0.86589;-0.13;-0.18;1.94;[tp]
2025.08.21 16:00:00;Buy;0.02;EURGBP;0.86620;;0.86588;2025.08.22 17:10:29;0.86589;-0.13;-0.18;-0.72;[tp]
2025.08.21 15:45:00;Buy;0.02;EURGBP;0.86600;;0.86625;2025.08.21 15:45:31;0.86624;-0.13;;0.55;[tp]
2025.08.21 14:15:01;Buy;0.02;EURGBP;0.86546;;0.86571;2025.08.21 15:37:59;0.86570;-0.13;;0.55;[tp]
2025.08.21 13:15:01;Buy;0.02;EURGBP;0.86512;;0.86537;2025.08.21 14:12:47;0.86539;-0.13;;0.62;[tp]
2025.08.21 13:00:00;Buy;0.02;EURGBP;0.86495;;0.86520;2025.08.21 13:01:56;0.86520;-0.13;;0.58;[tp]
2025.08.20 19:00:00;Sell;0.05;EURGBP;0.86607;;0.86479;2025.08.21 12:53:21;0.86479;-0.33;0.25;7.40;[tp]
2025.08.20 16:00:02;Sell;0.03;EURGBP;0.86523;;0.86479;2025.08.21 12:53:21;0.86480;-0.20;0.15;1.49;[tp]
2025.08.20 15:00:00;Sell;0.02;EURGBP;0.86414;;0.86479;2025.08.21 12:53:21;0.86480;-0.13;0.10;-1.53;[tp]
2025.08.20 13:45:00;Sell;0.02;EURGBP;0.86310;;0.86479;2025.08.21 12:53:21;0.86480;-0.13;0.10;-3.93;[tp]
2025.08.20 13:30:00;Buy;0.02;EURGBP;0.86341;;0.86366;2025.08.20 13:32:41;0.86366;-0.13;;0.58;[tp]
2025.08.20 13:15:00;Buy;0.02;EURGBP;0.86291;;0.86316;2025.08.20 13:16:26;0.86319;-0.13;;0.65;[tp]
2025.08.20 10:00:00;Buy;0.02;EURGBP;0.86248;;0.86273;2025.08.20 13:03:48;0.86273;-0.13;;0.58;[tp]
2025.08.20 09:45:00;Buy;0.02;EURGBP;0.86186;;0.86211;2025.08.20 09:48:58;0.86219;-0.13;;0.77;[tp]
2025.08.20 09:30:00;Buy;0.02;EURGBP;0.86130;;0.86155;2025.08.20 09:41:43;0.86155;-0.13;;0.58;[tp]
2025.08.20 09:15:00;Sell;0.02;EURGBP;0.86113;;0.86088;2025.08.20 09:20:49;0.86088;-0.13;;0.58;[tp]
2025.08.20 04:45:00;Sell;0.02;EURGBP;0.86310;;0.86285;2025.08.20 09:00:01;0.86270;-0.13;;0.93;[tp]
2025.08.19 23:00:00;Sell;0.02;EURGBP;0.86335;;0.86310;2025.08.20 04:39:50;0.86309;-0.13;0.03;0.60;[tp]
2025.08.19 14:15:01;Sell;0.05;EURGBP;0.86448;;0.86339;2025.08.19 22:57:11;0.86339;-0.33;;6.31;[tp]
2025.08.18 21:15:10;Sell;0.03;EURGBP;0.86369;;0.86339;2025.08.19 22:57:11;0.86339;-0.20;0.05;1.04;[tp]
2025.08.18 18:00:02;Sell;0.02;EURGBP;0.86297;;0.86339;2025.08.19 22:57:11;0.86339;-0.13;0.03;-0.97;[tp]
2025.08.18 15:45:04;Sell;0.02;EURGBP;0.86211;;0.86339;2025.08.19 22:57:11;0.86339;-0.13;0.03;-2.97;[tp]
2025.08.18 15:15:00;Sell;0.02;EURGBP;0.86214;;0.86189;2025.08.18 15:36:41;0.86189;-0.13;;0.58;[tp]
2025.08.18 14:00:00;Sell;0.02;EURGBP;0.86280;;0.86216;2025.08.18 15:09:08;0.86216;-0.13;;1.48;[tp]
2025.08.18 12:45:00;Sell;0.02;EURGBP;0.86201;;0.86216;2025.08.18 15:09:08;0.86216;-0.13;;-0.35;[tp]
2025.08.18 11:15:01;Sell;0.02;EURGBP;0.86230;;0.86205;2025.08.18 12:38:35;0.86205;-0.13;;0.58;[tp]
2025.08.18 11:00:00;Sell;0.02;EURGBP;0.86280;;0.86255;2025.08.18 11:01:45;0.86255;-0.13;;0.58;[tp]
2025.08.18 08:15:20;Sell;0.02;EURGBP;0.86310;;0.86285;2025.08.18 10:52:07;0.86285;-0.13;;0.58;[tp]
2025.08.18 06:15:00;Sell;0.02;EURGBP;0.86333;;0.86308;2025.08.18 08:10:52;0.86308;-0.13;;0.58;[tp]
2025.08.18 04:30:00;Buy;0.02;EURGBP;0.86296;;0.86359;2025.08.18 06:01:22;0.86359;-0.13;;1.46;[tp]
2025.08.15 18:00:00;Buy;0.02;EURGBP;0.86372;;0.86359;2025.08.18 06:01:22;0.86359;-0.13;-0.18;-0.30;[tp]
2025.08.15 17:15:02;Buy;0.02;EURGBP;0.86328;;0.86353;2025.08.15 17:56:07;0.86353;-0.13;;0.58;[tp]
2025.08.15 17:00:00;Buy;0.02;EURGBP;0.86288;;0.86313;2025.08.15 17:04:17;0.86313;-0.13;;0.58;[tp]
2025.08.15 12:00:00;Buy;0.02;EURGBP;0.86239;;0.86264;2025.08.15 16:55:15;0.86264;-0.13;;0.58;[tp]
2025.08.15 10:45:01;Buy;0.02;EURGBP;0.86179;;0.86204;2025.08.15 11:48:01;0.86204;-0.13;;0.58;[tp]
2025.08.14 10:30:00;Buy;0.21;EURGBP;0.86012;;0.86159;2025.08.15 10:30:08;0.86159;-1.37;-1.94;35.83;[tp]
2025.08.14 09:45:01;Buy;0.13;EURGBP;0.86083;;0.86159;2025.08.15 10:30:08;0.86159;-0.85;-1.20;11.47;[tp]
2025.08.13 23:00:00;Buy;0.08;EURGBP;0.86197;;0.86159;2025.08.15 10:30:08;0.86159;-0.52;-3.17;-3.53;[tp]
2025.08.13 16:00:00;Buy;0.05;EURGBP;0.86272;;0.86159;2025.08.15 10:30:08;0.86159;-0.33;-1.98;-6.56;[tp]
2025.08.13 13:45:00;Buy;0.03;EURGBP;0.86361;;0.86159;2025.08.15 10:30:08;0.86159;-0.20;-1.19;-7.03;[tp]
2025.08.13 10:45:00;Buy;0.02;EURGBP;0.86438;;0.86159;2025.08.15 10:30:08;0.86159;-0.13;-0.80;-6.48;[tp]
2025.08.13 06:00:00;Buy;0.02;EURGBP;0.86514;;0.86159;2025.08.15 10:30:08;0.86159;-0.13;-0.80;-8.24;[tp]
2025.08.12 22:45:02;Buy;0.02;EURGBP;0.86507;;0.86532;2025.08.13 05:52:40;0.86533;-0.13;-0.20;0.60;[tp]
2025.08.12 22:15:00;Buy;0.02;EURGBP;0.86485;;0.86510;2025.08.12 22:35:39;0.86510;-0.13;;0.58;[tp]
2025.08.12 19:45:00;Buy;0.02;EURGBP;0.86408;;0.86473;2025.08.12 22:04:38;0.86473;-0.13;;1.50;[tp]
2025.08.12 18:45:00;Buy;0.02;EURGBP;0.86487;;0.86473;2025.08.12 22:04:38;0.86473;-0.13;;-0.32;[tp]
2025.08.12 18:30:00;Buy;0.02;EURGBP;0.86462;;0.86487;2025.08.12 18:44:07;0.86487;-0.13;;0.58;[tp]
2025.08.12 18:00:00;Buy;0.02;EURGBP;0.86430;;0.86455;2025.08.12 18:25:00;0.86455;-0.13;;0.58;[tp]
2025.08.12 17:45:00;Buy;0.02;EURGBP;0.86407;;0.86432;2025.08.12 17:49:05;0.86433;-0.13;;0.60;[tp]
2025.08.12 17:00:00;Buy;0.02;EURGBP;0.86390;;0.86415;2025.08.12 17:35:05;0.86415;-0.13;;0.58;[tp]
2025.08.12 12:00:00;Buy;0.21;EURGBP;0.86245;;0.86391;2025.08.12 16:45:07;0.86403;-1.37;;38.40;[tp]
2025.08.12 11:00:00;Buy;0.13;EURGBP;0.86338;;0.86391;2025.08.12 16:45:07;0.86403;-0.85;;9.78;[tp]
2025.08.12 09:15:00;Buy;0.08;EURGBP;0.86418;;0.86391;2025.08.12 16:45:07;0.86403;-0.52;;-1.39;[tp]
2025.08.11 17:45:01;Buy;0.05;EURGBP;0.86491;;0.86391;2025.08.12 16:45:07;0.86403;-0.33;-0.51;-5.09;[tp]
2025.08.11 11:00:02;Buy;0.03;EURGBP;0.86574;;0.86391;2025.08.12 16:45:07;0.86403;-0.20;-0.30;-5.94;[tp]
2025.08.11 09:00:00;Buy;0.02;EURGBP;0.86644;;0.86391;2025.08.12 16:45:07;0.86403;-0.13;-0.20;-5.58;[tp]
2025.08.11 06:15:00;Buy;0.02;EURGBP;0.86716;;0.86391;2025.08.12 16:45:07;0.86403;-0.13;-0.20;-7.25;[tp]
2025.08.11 05:00:00;Buy;0.02;EURGBP;0.86678;;0.86703;2025.08.11 06:08:02;0.86703;-0.13;;0.58;[tp]
2025.08.08 22:30:00;Buy;0.03;EURGBP;0.86576;;0.86673;2025.08.11 04:59:45;0.86673;-0.20;-0.30;3.36;[tp]
2025.08.08 21:00:00;Buy;0.02;EURGBP;0.86662;;0.86673;2025.08.11 04:59:45;0.86673;-0.13;-0.20;0.25;[tp]
2025.08.08 15:30:00;Buy;0.02;EURGBP;0.86742;;0.86673;2025.08.11 04:59:45;0.86673;-0.13;-0.20;-1.59;[tp]
2025.08.08 12:00:00;Buy;0.03;EURGBP;0.86621;;0.86724;2025.08.08 15:19:15;0.86724;-0.20;;3.56;[tp]
2025.08.08 08:30:00;Buy;0.02;EURGBP;0.86720;;0.86724;2025.08.08 15:19:15;0.86724;-0.13;;0.09;[tp]
2025.08.08 01:10:03;Buy;0.02;EURGBP;0.86796;;0.86724;2025.08.08 15:19:15;0.86724;-0.13;;-1.66;[tp]
2025.08.07 23:30:03;Buy;0.02;EURGBP;0.86782;;0.86807;2025.08.08 01:03:00;0.86810;-0.13;-0.20;0.65;[tp]
2025.08.07 17:30:00;Buy;0.03;EURGBP;0.86660;;0.86748;2025.08.07 23:18:17;0.86748;-0.20;;3.04;[tp]
2025.08.07 17:00:00;Buy;0.02;EURGBP;0.86732;;0.86748;2025.08.07 23:18:17;0.86748;-0.13;;0.37;[tp]
2025.08.07 16:45:00;Buy;0.02;EURGBP;0.86810;;0.86748;2025.08.07 23:18:17;0.86748;-0.13;;-1.43;[tp]
2025.08.07 16:30:00;Buy;0.02;EURGBP;0.86813;;0.86838;2025.08.07 16:31:34;0.86839;-0.13;;0.60;[tp]
2025.08.07 15:45:00;Sell;0.03;EURGBP;0.86832;;0.86738;2025.08.07 16:23:31;0.86738;-0.20;;3.25;[tp]
2025.08.07 15:30:00;Sell;0.02;EURGBP;0.86751;;0.86738;2025.08.07 16:23:31;0.86738;-0.13;;0.30;[tp]
2025.08.07 15:15:00;Sell;0.02;EURGBP;0.86671;;0.86738;2025.08.07 16:23:31;0.86738;-0.13;;-1.54;[tp]
2025.08.07 15:00:00;Sell;0.02;EURGBP;0.86815;;0.86790;2025.08.07 15:01:31;0.86790;-0.13;;0.58;[tp]
2025.08.07 14:45:00;Sell;0.02;EURGBP;0.86830;;0.86805;2025.08.07 14:52:42;0.86805;-0.13;;0.58;[tp]
2025.08.07 14:30:00;Sell;0.02;EURGBP;0.86910;;0.86836;2025.08.07 14:42:17;0.86835;-0.13;;1.73;[tp]
2025.08.07 14:15:00;Sell;0.02;EURGBP;0.86811;;0.86836;2025.08.07 14:42:17;0.86835;-0.13;;-0.55;[tp]
2025.08.07 14:00:00;Sell;0.02;EURGBP;0.87190;;0.87165;2025.08.07 14:00:07;0.87128;-0.13;;1.42;[tp]
2025.08.07 13:30:02;Sell;0.02;EURGBP;0.87256;;0.87231;2025.08.07 13:52:43;0.87232;-0.13;;0.55;[tp]
2025.08.07 11:00:00;Sell;0.21;EURGBP;0.87403;;0.87226;2025.08.07 13:16:02;0.87226;-1.37;;42.61;[tp]
2025.08.06 16:00:01;Sell;0.13;EURGBP;0.87282;;0.87226;2025.08.07 13:16:02;0.87226;-0.85;0.89;8.35;[tp]
2025.08.06 13:15:00;Sell;0.08;EURGBP;0.87194;;0.87226;2025.08.07 13:16:02;0.87226;-0.52;0.55;-2.93;[tp]
2025.08.06 11:15:00;Sell;0.05;EURGBP;0.87096;;0.87226;2025.08.07 13:16:02;0.87226;-0.33;0.34;-7.45;[tp]
2025.08.05 17:45:01;Sell;0.03;EURGBP;0.87005;;0.87226;2025.08.07 13:16:02;0.87226;-0.20;0.27;-7.60;[tp]
2025.08.05 14:00:00;Sell;0.02;EURGBP;0.86889;;0.87226;2025.08.07 13:16:02;0.87226;-0.13;0.19;-7.73;[tp]
2025.08.05 12:15:00;Sell;0.02;EURGBP;0.86813;;0.87226;2025.08.07 13:16:02;0.87226;-0.13;0.19;-9.47;[tp]
2025.08.05 11:30:00;Sell;0.02;EURGBP;0.86876;;0.86851;2025.08.05 12:02:54;0.86850;-0.13;;0.60;[tp]
2025.08.05 09:15:01;Sell;0.02;EURGBP;0.86967;;0.86942;2025.08.05 11:18:20;0.86942;-0.13;;0.58;[tp]
2025.08.04 18:30:00;Sell;0.03;EURGBP;0.87086;;0.86973;2025.08.05 09:00:28;0.86969;-0.20;0.07;4.04;[tp]
2025.08.04 18:00:00;Sell;0.02;EURGBP;0.86990;;0.86973;2025.08.05 09:00:28;0.86969;-0.13;0.05;0.48;[tp]
2025.08.04 17:45:01;Sell;0.02;EURGBP;0.86874;;0.86973;2025.08.05 09:00:28;0.86968;-0.13;0.05;-2.16;[tp]
2025.08.01 16:45:00;Sell;0.34;EURGBP;0.87108;;0.86911;2025.08.04 17:32:05;0.86911;-2.21;0.77;77.07;[tp]
2025.08.01 16:15:00;Sell;0.21;EURGBP;0.86984;;0.86911;2025.08.04 17:32:05;0.86911;-1.37;0.48;17.64;[tp]
2025.08.01 16:00:00;Sell;0.13;EURGBP;0.86910;;0.86911;2025.08.04 17:32:05;0.86911;-0.85;0.30;-0.15;[tp]
2025.08.01 12:30:01;Sell;0.08;EURGBP;0.86727;;0.86911;2025.08.04 17:32:05;0.86911;-0.52;0.18;-16.94;[tp]
2025.08.01 11:30:00;Sell;0.05;EURGBP;0.86625;;0.86911;2025.08.04 17:32:05;0.86911;-0.33;0.11;-16.45;[tp]
2025.08.01 08:45:00;Sell;0.03;EURGBP;0.86548;;0.86911;2025.08.04 17:32:05;0.86911;-0.20;0.07;-12.53;[tp]
2025.07.31 20:30:00;Sell;0.02;EURGBP;0.86467;;0.86911;2025.08.04 17:32:05;0.86911;-0.13;0.11;-10.22;[tp]
2025.07.31 19:30:00;Sell;0.02;EURGBP;0.86340;;0.86911;2025.08.04 17:32:05;0.86911;-0.13;0.11;-13.14;[tp]
2025.08.03 23:02:04;Balance;;;;;;;;;;100.00;
2025.07.31 19:15:01;Sell;0.02;EURGBP;0.86373;;0.86348;2025.07.31 19:26:01;0.86346;-0.13;;0.63;[tp]
2025.07.31 18:30:00;Sell;0.02;EURGBP;0.86475;;0.86450;2025.07.31 19:00:50;0.86450;-0.13;;0.58;[tp]
2025.07.31 18:00:00;Sell;0.02;EURGBP;0.86491;;0.86466;2025.07.31 18:25:23;0.86466;-0.13;;0.58;[tp]
2025.07.31 17:45:01;Buy;0.02;EURGBP;0.86540;;0.86565;2025.07.31 17:48:03;0.86570;-0.13;;0.69;[tp]
2025.07.31 17:30:00;Buy;0.02;EURGBP;0.86475;;0.86539;2025.07.31 17:41:38;0.86540;-0.13;;1.50;[tp]
2025.07.31 17:15:00;Buy;0.02;EURGBP;0.86552;;0.86539;2025.07.31 17:41:38;0.86540;-0.13;;-0.28;[tp]
2025.07.31 15:45:08;Buy;0.02;EURGBP;0.86510;;0.86535;2025.07.31 17:13:03;0.86535;-0.13;;0.58;[tp]
2025.07.31 13:15:00;Buy;0.02;EURGBP;0.86489;;0.86514;2025.07.31 15:39:44;0.86515;-0.13;;0.60;[tp]
2025.07.31 12:00:00;Buy;0.02;EURGBP;0.86417;;0.86442;2025.07.31 13:07:25;0.86442;-0.13;;0.58;[tp]
2025.07.31 11:45:00;Sell;0.02;EURGBP;0.86399;;0.86374;2025.07.31 11:46:55;0.86374;-0.13;;0.58;[tp]
2025.07.31 11:30:00;Buy;0.02;EURGBP;0.86405;;0.86430;2025.07.31 11:35:16;0.86430;-0.13;;0.58;[tp]
2025.07.31 11:00:00;Buy;0.02;EURGBP;0.86362;;0.86387;2025.07.31 11:20:23;0.86388;-0.13;;0.60;[tp]
2025.07.31 10:45:00;Buy;0.02;EURGBP;0.86328;;0.86353;2025.07.31 10:55:31;0.86351;-0.13;;0.53;[tp]
2025.07.31 10:30:01;Buy;0.02;EURGBP;0.86315;;0.86340;2025.07.31 10:40:21;0.86340;-0.13;;0.58;[tp]
2025.07.31 09:45:00;Buy;0.02;EURGBP;0.86294;;0.86319;2025.07.31 10:21:22;0.86319;-0.13;;0.58;[tp]
2025.07.31 09:30:01;Buy;0.02;EURGBP;0.86255;;0.86280;2025.07.31 09:40:22;0.86280;-0.13;;0.58;[tp]
2025.07.31 09:15:00;Buy;0.02;EURGBP;0.86224;;0.86249;2025.07.31 09:20:08;0.86249;-0.13;;0.58;[tp]
2025.07.31 06:30:01;Buy;0.03;EURGBP;0.86143;;0.86239;2025.07.31 09:03:41;0.86239;-0.20;;3.34;[tp]
2025.07.31 05:00:00;Buy;0.02;EURGBP;0.86224;;0.86239;2025.07.31 09:03:41;0.86239;-0.13;;0.35;[tp]
2025.07.31 03:30:00;Buy;0.02;EURGBP;0.86309;;0.86239;2025.07.31 09:03:41;0.86239;-0.13;;-1.62;[tp]
2025.07.31 03:15:00;Buy;0.02;EURGBP;0.86299;;0.86324;2025.07.31 03:25:45;0.86324;-0.13;;0.58;[tp]
2025.07.30 23:15:00;Buy;0.02;EURGBP;0.86189;;0.86274;2025.07.31 03:07:01;0.86273;-0.13;-0.69;1.95;[tp]
2025.07.30 22:15:00;Buy;0.02;EURGBP;0.86308;;0.86274;2025.07.31 03:07:01;0.86273;-0.13;-0.69;-0.81;[tp]
2025.07.30 22:00:00;Sell;0.02;EURGBP;0.86295;;0.86270;2025.07.30 22:05:06;0.86271;-0.13;;0.56;[tp]
2025.07.30 21:45:00;Sell;0.02;EURGBP;0.86344;;0.86319;2025.07.30 21:49:19;0.86318;-0.13;;0.60;[tp]
2025.07.30 19:15:00;Sell;0.02;EURGBP;0.86386;;0.86361;2025.07.30 21:40:29;0.86362;-0.13;;0.56;[tp]
2025.07.30 18:15:00;Buy;0.02;EURGBP;0.86405;;0.86430;2025.07.30 19:01:09;0.86430;-0.13;;0.58;[tp]
2025.07.30 18:00:00;Buy;0.02;EURGBP;0.86383;;0.86408;2025.07.30 18:12:24;0.86408;-0.13;;0.58;[tp]
2025.07.30 17:30:26;Buy;0.02;EURGBP;0.86376;;0.86401;2025.07.30 17:52:53;0.86401;-0.13;;0.58;[tp]
2025.07.30 17:00:00;Buy;0.02;EURGBP;0.86351;;0.86376;2025.07.30 17:29:51;0.86377;-0.13;;0.60;[tp]
2025.07.30 14:45:01;Buy;0.02;EURGBP;0.86253;;0.86324;2025.07.30 16:57:18;0.86324;-0.13;;1.64;[tp]
2025.07.30 13:45:01;Buy;0.02;EURGBP;0.86344;;0.86324;2025.07.30 16:57:18;0.86324;-0.13;;-0.46;[tp]
2025.07.30 13:00:00;Sell;0.02;EURGBP;0.86325;;0.86300;2025.07.30 13:38:55;0.86300;-0.13;;0.58;[tp]
2025.07.30 12:30:01;Sell;0.02;EURGBP;0.86354;;0.86329;2025.07.30 12:53:30;0.86330;-0.13;;0.56;[tp]
2025.07.30 12:15:00;Sell;0.02;EURGBP;0.86394;;0.86369;2025.07.30 12:25:02;0.86370;-0.13;;0.56;[tp]
2025.07.30 11:30:01;Sell;0.02;EURGBP;0.86460;;0.86435;2025.07.30 12:05:59;0.86431;-0.13;;0.67;[tp]
2025.07.30 10:00:00;Sell;0.02;EURGBP;0.86470;;0.86445;2025.07.30 11:17:35;0.86445;-0.13;;0.58;[tp]
2025.07.30 09:15:00;Sell;0.02;EURGBP;0.86498;;0.86473;2025.07.30 09:58:41;0.86473;-0.13;;0.58;[tp]
2025.07.30 04:15:00;Sell;0.02;EURGBP;0.86558;;0.86498;2025.07.30 09:04:14;0.86498;-0.13;;1.39;[tp]
2025.07.29 22:30:00;Sell;0.02;EURGBP;0.86487;;0.86498;2025.07.30 09:04:14;0.86498;-0.13;0.06;-0.25;[tp]
2025.07.29 23:42:38;Balance;;;;;;;;;;-200.00;
2025.07.29 22:00:00;Buy;0.02;EURGBP;0.86487;;0.86512;2025.07.29 22:16:53;0.86512;-0.13;;0.58;[tp]
2025.07.29 20:15:00;Sell;0.02;EURGBP;0.86541;;0.86473;2025.07.29 21:45:01;0.86472;-0.13;;1.60;[tp]
2025.07.29 18:00:00;Sell;0.02;EURGBP;0.86455;;0.86473;2025.07.29 21:45:01;0.86472;-0.13;;-0.39;[tp]
2025.07.29 16:00:00;Sell;0.02;EURGBP;0.86553;;0.86492;2025.07.29 17:55:40;0.86486;-0.13;;1.55;[tp]
2025.07.29 15:15:00;Sell;0.02;EURGBP;0.86480;;0.86492;2025.07.29 17:55:40;0.86486;-0.13;;-0.14;[tp]
2025.07.29 15:00:00;Sell;0.02;EURGBP;0.86505;;0.86480;2025.07.29 15:00:47;0.86479;-0.13;;0.60;[tp]
2025.07.29 14:45:00;Sell;0.02;EURGBP;0.86592;;0.86567;2025.07.29 14:50:53;0.86566;-0.13;;0.60;[tp]
2025.07.29 14:30:00;Sell;0.02;EURGBP;0.86629;;0.86604;2025.07.29 14:38:47;0.86603;-0.13;;0.60;[tp]
2025.07.29 14:15:06;Sell;0.02;EURGBP;0.86638;;0.86613;2025.07.29 14:18:47;0.86613;-0.13;;0.58;[tp]
2025.07.29 12:30:00;Sell;0.03;EURGBP;0.86738;;0.86636;2025.07.29 14:14:47;0.86637;-0.20;;3.50;[tp]
2025.07.29 10:45:00;Sell;0.02;EURGBP;0.86666;;0.86636;2025.07.29 14:14:47;0.86637;-0.13;;0.67;[tp]
2025.07.29 10:15:00;Sell;0.02;EURGBP;0.86539;;0.86636;2025.07.29 14:14:47;0.86637;-0.13;;-2.26;[tp]
2025.07.29 10:00:00;Sell;0.02;EURGBP;0.86546;;0.86521;2025.07.29 10:10:28;0.86520;-0.13;;0.60;[tp]
2025.07.29 09:45:01;Sell;0.02;EURGBP;0.86689;;0.86664;2025.07.29 09:53:47;0.86664;-0.13;;0.58;[tp]
2025.07.29 09:00:00;Sell;0.02;EURGBP;0.86740;;0.86715;2025.07.29 09:34:32;0.86711;-0.13;;0.67;[tp]
2025.07.29 05:30:00;Sell;0.03;EURGBP;0.86847;;0.86758;2025.07.29 08:53:31;0.86758;-0.20;;3.08;[tp]
2025.07.28 21:00:02;Sell;0.02;EURGBP;0.86772;;0.86758;2025.07.29 08:53:31;0.86758;-0.13;0.04;0.32;[tp]
2025.07.28 18:30:00;Sell;0.02;EURGBP;0.86698;;0.86758;2025.07.29 08:53:31;0.86758;-0.13;0.04;-1.38;[tp]
2025.07.28 17:45:01;Sell;0.02;EURGBP;0.86745;;0.86684;2025.07.28 18:23:34;0.86684;-0.13;;1.41;[tp]
2025.07.28 16:30:00;Sell;0.02;EURGBP;0.86672;;0.86684;2025.07.28 18:23:34;0.86684;-0.13;;-0.28;[tp]
2025.07.28 15:00:00;Sell;0.02;EURGBP;0.86772;;0.86747;2025.07.28 16:16:17;0.86747;-0.13;;0.58;[tp]
2025.07.28 14:45:01;Sell;0.02;EURGBP;0.86815;;0.86790;2025.07.28 14:50:22;0.86791;-0.13;;0.55;[tp]
2025.07.28 14:15:00;Sell;0.02;EURGBP;0.86855;;0.86830;2025.07.28 14:36:47;0.86830;-0.13;;0.58;[tp]
2025.07.28 14:00:00;Sell;0.02;EURGBP;0.86878;;0.86853;2025.07.28 14:06:20;0.86854;-0.13;;0.55;[tp]
2025.07.28 13:30:00;Sell;0.02;EURGBP;0.86908;;0.86883;2025.07.28 13:59:07;0.86883;-0.13;;0.58;[tp]
2025.07.28 13:15:00;Sell;0.02;EURGBP;0.86957;;0.86932;2025.07.28 13:22:16;0.86931;-0.13;;0.60;[tp]
2025.07.28 12:45:00;Sell;0.02;EURGBP;0.86980;;0.86955;2025.07.28 13:03:45;0.86955;-0.13;;0.58;[tp]
2025.07.28 11:45:00;Sell;0.02;EURGBP;0.87019;;0.86994;2025.07.28 12:34:32;0.86994;-0.13;;0.57;[tp]
2025.07.28 11:00:00;Sell;0.02;EURGBP;0.87067;;0.87042;2025.07.28 11:36:52;0.87042;-0.13;;0.57;[tp]
2025.07.28 10:45:00;Sell;0.02;EURGBP;0.87135;;0.87110;2025.07.28 10:47:48;0.87109;-0.13;;0.60;[tp]
2025.07.28 10:30:00;Sell;0.02;EURGBP;0.87227;;0.87202;2025.07.28 10:31:45;0.87202;-0.13;;0.57;[tp]
2025.07.28 10:15:02;Sell;0.02;EURGBP;0.87266;;0.87241;2025.07.28 10:28:28;0.87241;-0.13;;0.57;[tp]
2025.07.28 10:00:01;Sell;0.02;EURGBP;0.87327;;0.87302;2025.07.28 10:04:41;0.87304;-0.13;;0.53;[tp]
2025.07.28 09:30:01;Sell;0.02;EURGBP;0.87359;;0.87334;2025.07.28 09:59:39;0.87334;-0.13;;0.57;[tp]
2025.07.28 01:10:00;Sell;0.02;EURGBP;0.87489;;0.87338;2025.07.28 09:25:36;0.87337;-0.13;;3.48;[tp]
2025.07.25 19:45:00;Sell;0.03;EURGBP;0.87404;;0.87338;2025.07.28 09:25:36;0.87337;-0.20;0.06;2.30;[tp]
2025.07.25 17:45:02;Sell;0.02;EURGBP;0.87304;;0.87338;2025.07.28 09:25:36;0.87337;-0.13;0.04;-0.76;[tp]
2025.07.25 17:00:00;Sell;0.02;EURGBP;0.87234;;0.87338;2025.07.28 09:25:36;0.87337;-0.13;0.04;-2.36;[tp]
2025.07.25 16:45:01;Sell;0.02;EURGBP;0.87246;;0.87221;2025.07.25 16:58:15;0.87221;-0.13;;0.57;[tp]
2025.07.25 16:30:00;Sell;0.02;EURGBP;0.87265;;0.87240;2025.07.25 16:34:02;0.87240;-0.13;;0.57;[tp]
2025.07.25 16:15:01;Buy;0.02;EURGBP;0.87268;;0.87293;2025.07.25 16:15:35;0.87293;-0.13;;0.57;[tp]
2025.07.25 15:45:00;Buy;0.02;EURGBP;0.87267;;0.87292;2025.07.25 16:10:04;0.87293;-0.13;;0.60;[tp]
2025.07.25 12:45:07;Buy;0.02;EURGBP;0.87195;;0.87255;2025.07.25 15:43:49;0.87254;-0.13;;1.35;[tp]
2025.07.25 11:00:00;Buy;0.02;EURGBP;0.87265;;0.87255;2025.07.25 15:43:49;0.87255;-0.13;;-0.23;[tp]
2025.07.25 10:45:01;Buy;0.02;EURGBP;0.87231;;0.87256;2025.07.25 10:46:05;0.87256;-0.13;;0.57;[tp]
2025.07.25 10:30:00;Buy;0.02;EURGBP;0.87182;;0.87207;2025.07.25 10:37:07;0.87209;-0.13;;0.62;[tp]
2025.07.25 10:15:00;Buy;0.02;EURGBP;0.87148;;0.87173;2025.07.25 10:25:35;0.87175;-0.13;;0.62;[tp]
2025.07.25 09:45:02;Buy;0.02;EURGBP;0.87108;;0.87133;2025.07.25 10:08:02;0.87131;-0.13;;0.53;[tp]
2025.07.25 09:15:00;Buy;0.02;EURGBP;0.87088;;0.87113;2025.07.25 09:40:05;0.87113;-0.13;;0.57;[tp]
2025.07.25 02:00:00;Buy;0.02;EURGBP;0.87015;;0.87040;2025.07.25 09:00:51;0.87040;-0.13;;0.57;[tp]
2025.07.25 01:10:00;Buy;0.02;EURGBP;0.86987;;0.87012;2025.07.25 01:49:26;0.87014;-0.13;;0.62;[tp]
2025.07.24 23:45:00;Sell;0.02;EURGBP;0.87006;;0.86981;2025.07.25 00:03:00;0.86967;-0.13;0.04;0.90;[tp]
2025.07.24 20:15:00;Sell;0.02;EURGBP;0.87042;;0.87017;2025.07.24 23:35:42;0.87017;-0.13;;0.57;[tp]
2025.07.24 20:00:00;Sell;0.02;EURGBP;0.87057;;0.87032;2025.07.24 20:09:46;0.87032;-0.13;;0.57;[tp]
2025.07.24 19:30:00;Buy;0.02;EURGBP;0.87069;;0.87094;2025.07.24 19:47:53;0.87094;-0.13;;0.57;[tp]
2025.07.24 19:15:00;Buy;0.02;EURGBP;0.87045;;0.87070;2025.07.24 19:18:55;0.87070;-0.13;;0.57;[tp]
2025.07.24 19:00:00;Buy;0.02;EURGBP;0.86995;;0.87020;2025.07.24 19:06:46;0.87020;-0.13;;0.57;[tp]
2025.07.24 18:30:00;Buy;0.02;EURGBP;0.86990;;0.87015;2025.07.24 18:55:23;0.87015;-0.13;;0.57;[tp]
2025.07.24 17:45:00;Buy;0.02;EURGBP;0.86955;;0.86980;2025.07.24 18:25:21;0.86980;-0.13;;0.57;[tp]
2025.07.24 17:15:00;Buy;0.02;EURGBP;0.86919;;0.86944;2025.07.24 17:34:29;0.86947;-0.13;;0.64;[tp]
2025.07.24 17:00:00;Buy;0.02;EURGBP;0.86873;;0.86898;2025.07.24 17:03:36;0.86899;-0.13;;0.60;[tp]
2025.07.24 16:30:00;Buy;0.02;EURGBP;0.86885;;0.86910;2025.07.24 16:52:03;0.86910;-0.13;;0.58;[tp]
2025.07.24 16:15:00;Buy;0.02;EURGBP;0.86821;;0.86846;2025.07.24 16:23:03;0.86847;-0.13;;0.60;[tp]
2025.07.24 13:00:01;Buy;0.02;EURGBP;0.86747;;0.86811;2025.07.24 16:10:12;0.86811;-0.13;;1.47;[tp]
2025.07.24 11:45:00;Buy;0.02;EURGBP;0.86824;;0.86811;2025.07.24 16:10:12;0.86811;-0.13;;-0.30;[tp]
2025.07.24 10:30:00;Buy;0.02;EURGBP;0.86768;;0.86793;2025.07.24 11:30:14;0.86791;-0.13;;0.53;[tp]
2025.07.24 09:15:11;Buy;0.02;EURGBP;0.86720;;0.86745;2025.07.24 10:25:29;0.86745;-0.13;;0.58;[tp]
2025.07.23 21:30:03;Buy;0.02;EURGBP;0.86706;;0.86731;2025.07.24 09:06:45;0.86731;-0.13;-0.59;0.58;[tp]
2025.07.23 20:30:00;Buy;0.02;EURGBP;0.86679;;0.86704;2025.07.23 21:29:21;0.86705;-0.13;;0.60;[tp]
2025.07.23 19:30:01;Buy;0.02;EURGBP;0.86667;;0.86692;2025.07.23 20:18:05;0.86691;-0.13;;0.55;[tp]
2025.07.23 18:00:00;Buy;0.13;EURGBP;0.86531;;0.86667;2025.07.23 19:22:33;0.86669;-0.85;;20.70;[tp]
2025.07.23 14:15:00;Buy;0.08;EURGBP;0.86616;;0.86667;2025.07.23 19:22:33;0.86669;-0.52;;4.89;[tp]
2025.07.23 10:30:00;Buy;0.05;EURGBP;0.86699;;0.86667;2025.07.23 19:22:33;0.86669;-0.33;;-1.73;[tp]
2025.07.23 07:15:00;Buy;0.03;EURGBP;0.86775;;0.86667;2025.07.23 19:22:33;0.86669;-0.20;;-3.67;[tp]
2025.07.22 21:45:00;Buy;0.02;EURGBP;0.86846;;0.86667;2025.07.23 19:22:33;0.86669;-0.13;-0.20;-4.08;[tp]
2025.07.22 19:15:01;Buy;0.02;EURGBP;0.86923;;0.86667;2025.07.23 19:22:33;0.86669;-0.13;-0.20;-5.86;[tp]
2025.07.22 18:45:00;Buy;0.02;EURGBP;0.86906;;0.86931;2025.07.22 19:10:53;0.86931;-0.13;;0.58;[tp]
2025.07.22 18:30:01;Buy;0.02;EURGBP;0.86873;;0.86898;2025.07.22 18:40:44;0.86898;-0.13;;0.58;[tp]
2025.07.22 18:15:00;Buy;0.02;EURGBP;0.86862;;0.86887;2025.07.22 18:17:26;0.86887;-0.13;;0.58;[tp]
2025.07.22 18:00:00;Buy;0.02;EURGBP;0.86823;;0.86848;2025.07.22 18:12:15;0.86849;-0.13;;0.60;[tp]
2025.07.22 17:00:00;Buy;0.02;EURGBP;0.86794;;0.86819;2025.07.22 17:48:09;0.86820;-0.13;;0.60;[tp]
2025.07.22 16:45:01;Buy;0.02;EURGBP;0.86772;;0.86797;2025.07.22 16:54:39;0.86799;-0.13;;0.62;[tp]
2025.07.22 16:00:01;Buy;0.02;EURGBP;0.86718;;0.86743;2025.07.22 16:40:32;0.86743;-0.13;;0.58;[tp]
2025.07.22 09:15:00;Sell;0.03;EURGBP;0.86781;;0.86674;2025.07.22 15:51:21;0.86675;-0.20;;3.67;[tp]
2025.07.21 18:00:00;Sell;0.02;EURGBP;0.86685;;0.86674;2025.07.22 15:51:21;0.86675;-0.13;0.04;0.23;[tp]
2025.07.21 17:15:00;Sell;0.02;EURGBP;0.86590;;0.86674;2025.07.22 15:51:21;0.86675;-0.13;0.04;-1.96;[tp]
2025.07.21 14:30:00;Buy;0.02;EURGBP;0.86601;;0.86626;2025.07.21 17:01:53;0.86627;-0.13;;0.60;[tp]
2025.07.21 13:15:00;Buy;0.03;EURGBP;0.86513;;0.86612;2025.07.21 14:27:49;0.86613;-0.20;;3.46;[tp]
2025.07.21 10:00:00;Buy;0.02;EURGBP;0.86598;;0.86612;2025.07.21 14:27:49;0.86613;-0.13;;0.35;[tp]
2025.07.18 23:30:00;Buy;0.02;EURGBP;0.86686;;0.86612;2025.07.21 14:27:49;0.86613;-0.13;-0.20;-1.69;[tp]
2025.07.18 21:45:00;Buy;0.02;EURGBP;0.86621;;0.86684;2025.07.18 23:25:12;0.86684;-0.13;;1.45;[tp]
2025.07.18 18:45:00;Buy;0.02;EURGBP;0.86696;;0.86684;2025.07.18 23:25:12;0.86684;-0.13;;-0.28;[tp]
2025.07.18 18:15:03;Buy;0.02;EURGBP;0.86675;;0.86700;2025.07.18 18:32:58;0.86701;-0.13;;0.60;[tp]
2025.07.18 17:00:00;Buy;0.02;EURGBP;0.86650;;0.86675;2025.07.18 18:04:10;0.86676;-0.13;;0.60;[tp]
2025.07.18 16:00:01;Buy;0.02;EURGBP;0.86615;;0.86640;2025.07.18 16:57:38;0.86639;-0.13;;0.55;[tp]
2025.07.18 14:00:00;Buy;0.02;EURGBP;0.86530;;0.86601;2025.07.18 15:53:27;0.86601;-0.13;;1.64;[tp]
2025.07.18 11:45:00;Buy;0.02;EURGBP;0.86622;;0.86601;2025.07.18 15:53:27;0.86601;-0.13;;-0.48;[tp]
2025.07.18 11:30:00;Buy;0.02;EURGBP;0.86611;;0.86636;2025.07.18 11:35:39;0.86634;-0.13;;0.53;[tp]
2025.07.18 11:00:00;Buy;0.02;EURGBP;0.86589;;0.86614;2025.07.18 11:22:43;0.86615;-0.13;;0.60;[tp]
2025.07.18 10:00:00;Buy;0.02;EURGBP;0.86518;;0.86580;2025.07.18 10:59:12;0.86580;-0.13;;1.43;[tp]
2025.07.18 09:00:00;Buy;0.02;EURGBP;0.86591;;0.86580;2025.07.18 10:59:12;0.86580;-0.13;;-0.25;[tp]
2025.07.18 05:15:00;Buy;0.02;EURGBP;0.86565;;0.86590;2025.07.18 08:47:15;0.86590;-0.13;;0.58;[tp]
2025.07.18 04:00:00;Buy;0.02;EURGBP;0.86547;;0.86572;2025.07.18 05:06:31;0.86572;-0.13;;0.58;[tp]
2025.07.18 03:30:00;Buy;0.02;EURGBP;0.86521;;0.86546;2025.07.18 03:54:44;0.86546;-0.13;;0.58;[tp]
2025.07.18 02:00:00;Buy;0.02;EURGBP;0.86501;;0.86526;2025.07.18 03:16:51;0.86523;-0.13;;0.51;[tp]
2025.07.18 01:45:01;Buy;0.02;EURGBP;0.86484;;0.86509;2025.07.18 01:51:28;0.86509;-0.13;;0.58;[tp]
2025.07.17 17:15:00;Buy;0.02;EURGBP;0.86406;;0.86483;2025.07.18 01:36:34;0.86483;-0.13;-0.20;1.78;[tp]
2025.07.17 16:15:00;Buy;0.02;EURGBP;0.86510;;0.86483;2025.07.18 01:36:34;0.86483;-0.13;-0.20;-0.62;[tp]
2025.07.17 16:00:00;Buy;0.02;EURGBP;0.86463;;0.86488;2025.07.17 16:06:58;0.86488;-0.13;;0.58;[tp]
2025.07.17 15:45:01;Buy;0.02;EURGBP;0.86441;;0.86466;2025.07.17 15:47:17;0.86466;-0.13;;0.58;[tp]
2025.07.17 15:00:01;Sell;0.02;EURGBP;0.86424;;0.86399;2025.07.17 15:30:47;0.86398;-0.13;;0.60;[tp]
2025.07.17 14:30:01;Sell;0.02;EURGBP;0.86448;;0.86423;2025.07.17 14:50:47;0.86423;-0.13;;0.58;[tp]
2025.07.17 13:15:01;Sell;0.02;EURGBP;0.86468;;0.86443;2025.07.17 14:24:37;0.86443;-0.13;;0.58;[tp]
2025.07.17 12:00:00;Sell;0.02;EURGBP;0.86497;;0.86472;2025.07.17 13:10:09;0.86471;-0.13;;0.60;[tp]
2025.07.17 10:45:02;Sell;0.02;EURGBP;0.86582;;0.86517;2025.07.17 11:57:55;0.86517;-0.13;;1.50;[tp]
2025.07.17 10:15:00;Sell;0.02;EURGBP;0.86502;;0.86517;2025.07.17 11:57:55;0.86517;-0.13;;-0.35;[tp]
2025.07.17 09:45:00;Sell;0.02;EURGBP;0.86544;;0.86519;2025.07.17 10:01:35;0.86519;-0.13;;0.58;[tp]
2025.07.17 09:30:00;Sell;0.02;EURGBP;0.86579;;0.86554;2025.07.17 09:34:43;0.86554;-0.13;;0.58;[tp]
2025.07.17 09:15:01;Sell;0.02;EURGBP;0.86663;;0.86638;2025.07.17 09:16:36;0.86636;-0.13;;0.62;[tp]
2025.07.17 09:00:00;Sell;0.02;EURGBP;0.86721;;0.86696;2025.07.17 09:01:49;0.86696;-0.13;;0.58;[tp]
2025.07.17 06:30:01;Sell;0.02;EURGBP;0.86767;;0.86742;2025.07.17 08:57:08;0.86742;-0.13;;0.58;[tp]
2025.07.17 05:30:00;Sell;0.02;EURGBP;0.86776;;0.86751;2025.07.17 06:22:20;0.86751;-0.13;;0.58;[tp]
2025.07.16 21:30:00;Buy;0.02;EURGBP;0.86761;;0.86786;2025.07.17 05:19:25;0.86786;-0.13;-0.59;0.58;[tp]
2025.07.16 19:00:00;Buy;0.02;EURGBP;0.86627;;0.86766;2025.07.16 21:26:34;0.86766;-0.13;;3.20;[tp]
2025.07.16 18:45:00;Buy;0.02;EURGBP;0.86854;;0.86766;2025.07.16 21:26:34;0.86766;-0.13;;-2.03;[tp]
2025.07.16 18:30:00;Buy;0.02;EURGBP;0.86832;;0.86857;2025.07.16 18:30:10;0.86856;-0.13;;0.55;[tp]
2025.07.16 17:00:00;Buy;0.05;EURGBP;0.86516;;0.86641;2025.07.16 18:15:49;0.86643;-0.33;;7.33;[tp]
2025.07.16 15:00:00;Buy;0.03;EURGBP;0.86589;;0.86641;2025.07.16 18:15:49;0.86643;-0.20;;1.87;[tp]
2025.07.16 13:00:00;Buy;0.02;EURGBP;0.86708;;0.86641;2025.07.16 18:15:49;0.86643;-0.13;;-1.50;[tp]
2025.07.16 12:00:00;Buy;0.02;EURGBP;0.86814;;0.86641;2025.07.16 18:15:49;0.86643;-0.13;;-3.95;[tp]
2025.07.16 11:45:00;Buy;0.02;EURGBP;0.86768;;0.86793;2025.07.16 11:55:15;0.86794;-0.13;;0.60;[tp]
2025.07.16 10:30:00;Buy;0.02;EURGBP;0.86749;;0.86774;2025.07.16 11:32:51;0.86774;-0.13;;0.58;[tp]
2025.07.16 10:00:00;Buy;0.02;EURGBP;0.86721;;0.86746;2025.07.16 10:25:11;0.86744;-0.13;;0.53;[tp]
2025.07.16 09:45:01;Buy;0.02;EURGBP;0.86652;;0.86720;2025.07.16 09:57:57;0.86720;-0.13;;1.57;[tp]
2025.07.16 06:00:00;Buy;0.02;EURGBP;0.86737;;0.86720;2025.07.16 09:57:57;0.86720;-0.13;;-0.39;[tp]
2025.07.15 19:45:00;Buy;0.05;EURGBP;0.86627;;0.86736;2025.07.16 05:54:13;0.86736;-0.33;-0.50;6.28;[tp]
2025.07.15 18:15:00;Buy;0.03;EURGBP;0.86700;;0.86736;2025.07.16 05:54:13;0.86736;-0.20;-0.30;1.25;[tp]
2025.07.15 17:15:00;Buy;0.02;EURGBP;0.86783;;0.86736;2025.07.16 05:54:13;0.86736;-0.13;-0.20;-1.08;[tp]
2025.07.15 16:45:00;Buy;0.02;EURGBP;0.86866;;0.86736;2025.07.16 05:54:13;0.86736;-0.13;-0.20;-3.00;[tp]
2025.07.15 16:00:00;Sell;0.02;EURGBP;0.86836;;0.86811;2025.07.15 16:34:24;0.86810;-0.13;;0.60;[tp]
2025.07.15 15:45:01;Buy;0.02;EURGBP;0.86840;;0.86865;2025.07.15 15:52:23;0.86865;-0.13;;0.58;[tp]
2025.07.15 14:30:00;Buy;0.02;EURGBP;0.86815;;0.86840;2025.07.15 15:41:11;0.86841;-0.13;;0.60;[tp]
2025.07.15 13:30:02;Sell;0.02;EURGBP;0.86831;;0.86806;2025.07.15 14:15:06;0.86805;-0.13;;0.60;[tp]
2025.07.15 06:30:00;Sell;0.05;EURGBP;0.86923;;0.86807;2025.07.15 13:21:25;0.86806;-0.33;;6.74;[tp]
2025.07.14 17:45:00;Sell;0.03;EURGBP;0.86851;;0.86807;2025.07.15 13:21:25;0.86806;-0.20;0.07;1.56;[tp]
2025.07.14 17:30:00;Sell;0.02;EURGBP;0.86747;;0.86807;2025.07.15 13:21:25;0.86806;-0.13;0.04;-1.36;[tp]
2025.07.14 16:45:00;Sell;0.02;EURGBP;0.86658;;0.86807;2025.07.15 13:21:25;0.86806;-0.13;0.04;-3.41;[tp]
2025.07.14 13:30:02;Sell;0.02;EURGBP;0.86663;;0.86638;2025.07.14 16:36:48;0.86638;-0.13;;0.58;[tp]
2025.07.14 13:15:00;Sell;0.02;EURGBP;0.86685;;0.86660;2025.07.14 13:29:16;0.86660;-0.13;;0.58;[tp]
2025.07.14 12:00:00;Buy;0.02;EURGBP;0.86695;;0.86720;2025.07.14 13:00:17;0.86720;-0.13;;0.58;[tp]
2025.07.14 10:45:01;Buy;0.02;EURGBP;0.86645;;0.86670;2025.07.14 11:45:46;0.86671;-0.13;;0.60;[tp]
2025.07.14 10:30:01;Sell;0.02;EURGBP;0.86628;;0.86603;2025.07.14 10:31:10;0.86602;-0.13;;0.60;[tp]
2025.07.14 10:15:03;Sell;0.02;EURGBP;0.86703;;0.86638;2025.07.14 10:29:39;0.86638;-0.13;;1.50;[tp]
2025.07.14 09:15:00;Sell;0.02;EURGBP;0.86623;;0.86638;2025.07.14 10:29:39;0.86638;-0.13;;-0.35;[tp]
2025.07.14 04:30:01;Buy;0.02;EURGBP;0.86645;;0.86670;2025.07.14 09:00:50;0.86670;-0.13;;0.58;[tp]
2025.07.14 04:00:00;Buy;0.02;EURGBP;0.86626;;0.86651;2025.07.14 04:21:41;0.86651;-0.13;;0.58;[tp]
2025.07.14 02:30:02;Buy;0.02;EURGBP;0.86563;;0.86588;2025.07.14 03:50:15;0.86589;-0.13;;0.60;[tp]
2025.07.14 01:15:00;Buy;0.02;EURGBP;0.86533;;0.86558;2025.07.14 02:28:09;0.86558;-0.13;;0.58;[tp]
2025.07.14 01:10:03;Sell;0.02;EURGBP;0.86538;;0.86513;2025.07.14 01:14:25;0.86513;-0.13;;0.58;[tp]
2025.07.11 17:00:00;Sell;0.03;EURGBP;0.86613;;0.86506;2025.07.14 00:33:16;0.86504;-0.20;0.07;3.78;[tp]
2025.07.11 14:45:02;Sell;0.02;EURGBP;0.86527;;0.86506;2025.07.14 00:33:16;0.86504;-0.13;0.04;0.53;[tp]
2025.07.11 14:15:00;Sell;0.02;EURGBP;0.86413;;0.86506;2025.07.14 00:33:16;0.86504;-0.13;0.04;-2.10;[tp]
2025.07.11 14:00:00;Buy;0.02;EURGBP;0.86420;;0.86445;2025.07.11 14:00:49;0.86448;-0.13;;0.65;[tp]
2025.07.11 13:00:00;Buy;0.02;EURGBP;0.86356;;0.86381;2025.07.11 13:56:27;0.86381;-0.13;;0.58;[tp]
2025.07.11 12:30:01;Buy;0.02;EURGBP;0.86268;;0.86332;2025.07.11 12:50:23;0.86332;-0.13;;1.48;[tp]
2025.07.11 11:15:00;Buy;0.02;EURGBP;0.86346;;0.86332;2025.07.11 12:50:23;0.86332;-0.13;;-0.32;[tp]
2025.07.11 10:15:00;Buy;0.02;EURGBP;0.86317;;0.86342;2025.07.11 11:09:34;0.86343;-0.13;;0.60;[tp]
2025.07.11 09:45:00;Buy;0.02;EURGBP;0.86287;;0.86312;2025.07.11 10:14:54;0.86314;-0.13;;0.63;[tp]
2025.07.10 17:45:00;Buy;0.03;EURGBP;0.86166;;0.86263;2025.07.11 09:40:51;0.86264;-0.20;-0.30;3.41;[tp]
2025.07.10 17:15:01;Buy;0.02;EURGBP;0.86255;;0.86263;2025.07.11 09:40:51;0.86264;-0.13;-0.20;0.21;[tp]
2025.07.10 16:00:01;Buy;0.02;EURGBP;0.86330;;0.86263;2025.07.11 09:40:51;0.86264;-0.13;-0.20;-1.53;[tp]
2025.07.10 15:45:00;Buy;0.02;EURGBP;0.86309;;0.86334;2025.07.10 15:58:44;0.86333;-0.13;;0.56;[tp]
2025.07.10 15:30:00;Buy;0.02;EURGBP;0.86309;;0.86334;2025.07.10 15:34:37;0.86334;-0.13;;0.58;[tp]
2025.07.10 14:15:00;Buy;0.02;EURGBP;0.86266;;0.86291;2025.07.10 15:21:42;0.86291;-0.13;;0.58;[tp]
2025.07.10 13:45:01;Buy;0.02;EURGBP;0.86237;;0.86262;2025.07.10 14:14:02;0.86262;-0.13;;0.58;[tp]
2025.07.10 10:45:00;Buy;0.02;EURGBP;0.86213;;0.86238;2025.07.10 13:42:50;0.86238;-0.13;;0.58;[tp]
2025.07.10 10:30:00;Buy;0.02;EURGBP;0.86181;;0.86206;2025.07.10 10:41:57;0.86206;-0.13;;0.58;[tp]
2025.07.10 01:10:06;Sell;0.03;EURGBP;0.86275;;0.86164;2025.07.10 10:15:32;0.86165;-0.20;;3.83;[tp]
2025.07.09 17:30:00;Sell;0.02;EURGBP;0.86160;;0.86164;2025.07.10 10:15:32;0.86165;-0.13;0.13;-0.12;[tp]
2025.07.09 16:00:00;Sell;0.02;EURGBP;0.86088;;0.86164;2025.07.10 10:15:32;0.86165;-0.13;0.13;-1.79;[tp]
2025.07.09 12:30:00;Sell;0.02;EURGBP;0.86118;;0.86093;2025.07.09 15:46:46;0.86091;-0.13;;0.63;[tp]
2025.07.09 10:45:01;Sell;0.02;EURGBP;0.86135;;0.86110;2025.07.09 12:24:32;0.86110;-0.13;;0.58;[tp]
2025.07.09 10:00:00;Sell;0.02;EURGBP;0.86200;;0.86175;2025.07.09 10:33:53;0.86175;-0.13;;0.58;[tp]
2025.07.09 07:45:00;Sell;0.02;EURGBP;0.86216;;0.86191;2025.07.09 09:53:46;0.86190;-0.13;;0.60;[tp]
2025.07.09 07:15:06;Sell;0.02;EURGBP;0.86240;;0.86215;2025.07.09 07:39:43;0.86215;-0.13;;0.58;[tp]
2025.07.09 01:10:00;Sell;0.02;EURGBP;0.86266;;0.86241;2025.07.09 07:13:35;0.86241;-0.13;;0.58;[tp]
2025.07.08 19:45:01;Sell;0.02;EURGBP;0.86242;;0.86217;2025.07.09 00:08:18;0.86220;-0.13;0.04;0.51;[tp]
2025.07.08 17:45:00;Sell;0.02;EURGBP;0.86259;;0.86234;2025.07.08 19:31:36;0.86234;-0.13;;0.58;[tp]
2025.07.08 17:15:03;Sell;0.02;EURGBP;0.86397;;0.86325;2025.07.08 17:32:25;0.86325;-0.13;;1.67;[tp]
2025.07.08 15:15:00;Sell;0.02;EURGBP;0.86303;;0.86325;2025.07.08 17:32:25;0.86325;-0.13;;-0.51;[tp]
2025.07.08 13:30:00;Sell;0.02;EURGBP;0.86353;;0.86328;2025.07.08 15:08:51;0.86327;-0.13;;0.60;[tp]
2025.07.08 13:00:00;Buy;0.02;EURGBP;0.86369;;0.86394;2025.07.08 13:17:12;0.86394;-0.13;;0.58;[tp]
2025.07.08 11:45:00;Buy;0.02;EURGBP;0.86318;;0.86343;2025.07.08 12:52:17;0.86343;-0.13;;0.58;[tp]
2025.07.08 11:30:01;Buy;0.02;EURGBP;0.86273;;0.86298;2025.07.08 11:43:34;0.86298;-0.13;;0.58;[tp]
2025.07.08 11:00:00;Buy;0.02;EURGBP;0.86214;;0.86239;2025.07.08 11:18:02;0.86239;-0.13;;0.58;[tp]
2025.07.08 10:30:00;Buy;0.02;EURGBP;0.86179;;0.86204;2025.07.08 10:51:36;0.86203;-0.13;;0.56;[tp]
2025.07.08 10:15:00;Buy;0.02;EURGBP;0.86165;;0.86190;2025.07.08 10:26:40;0.86190;-0.13;;0.58;[tp]
2025.07.08 09:00:00;Buy;0.02;EURGBP;0.86104;;0.86167;2025.07.08 10:06:00;0.86167;-0.13;;1.46;[tp]
2025.07.08 01:45:04;Buy;0.02;EURGBP;0.86179;;0.86167;2025.07.08 10:06:00;0.86167;-0.13;;-0.28;[tp]
2025.07.07 22:45:00;Buy;0.02;EURGBP;0.86115;;0.86140;2025.07.08 01:39:52;0.86141;-0.13;-0.20;0.60;[tp]
2025.07.07 21:30:01;Buy;0.02;EURGBP;0.86085;;0.86110;2025.07.07 22:37:04;0.86110;-0.13;;0.58;[tp]
2025.07.07 20:45:00;Buy;0.02;EURGBP;0.86065;;0.86090;2025.07.07 21:20:53;0.86091;-0.13;;0.60;[tp]
2025.07.07 20:15:02;Buy;0.02;EURGBP;0.85993;;0.86058;2025.07.07 20:33:28;0.86057;-0.13;;1.49;[tp]
2025.07.07 19:30:01;Buy;0.02;EURGBP;0.86073;;0.86058;2025.07.07 20:33:28;0.86057;-0.13;;-0.37;[tp]
2025.07.07 18:00:00;Buy;0.02;EURGBP;0.86089;;0.86114;2025.07.07 19:21:04;0.86117;-0.13;;0.65;[tp]
2025.07.07 17:45:00;Buy;0.02;EURGBP;0.86062;;0.86087;2025.07.07 17:47:40;0.86090;-0.13;;0.65;[tp]
2025.07.07 17:15:01;Sell;0.02;EURGBP;0.86074;;0.86049;2025.07.07 17:30:39;0.86047;-0.13;;0.63;[tp]
2025.07.07 17:00:01;Sell;0.02;EURGBP;0.86113;;0.86088;2025.07.07 17:05:10;0.86087;-0.13;;0.60;[tp]
2025.07.07 16:30:01;Sell;0.02;EURGBP;0.86156;;0.86093;2025.07.07 16:51:59;0.86093;-0.13;;1.46;[tp]
2025.07.07 15:30:00;Sell;0.02;EURGBP;0.86080;;0.86093;2025.07.07 16:51:59;0.86093;-0.13;;-0.30;[tp]
2025.07.07 15:15:00;Sell;0.02;EURGBP;0.86112;;0.86087;2025.07.07 15:25:51;0.86087;-0.13;;0.58;[tp]
2025.07.07 14:30:00;Sell;0.02;EURGBP;0.86146;;0.86121;2025.07.07 15:05:16;0.86121;-0.13;;0.58;[tp]
2025.07.07 13:00:00;Sell;0.02;EURGBP;0.86219;;0.86194;2025.07.07 14:22:29;0.86194;-0.13;;0.58;[tp]
2025.07.07 10:30:00;Sell;0.02;EURGBP;0.86311;;0.86286;2025.07.07 12:52:36;0.86284;-0.13;;0.63;[tp]
2025.07.07 10:15:00;Sell;0.02;EURGBP;0.86321;;0.86296;2025.07.07 10:22:51;0.86296;-0.13;;0.58;[tp]
2025.07.07 08:00:00;Sell;0.03;EURGBP;0.86405;;0.86315;2025.07.07 10:05:31;0.86315;-0.20;;3.13;[tp]
2025.07.07 03:15:01;Sell;0.02;EURGBP;0.86331;;0.86315;2025.07.07 10:05:31;0.86315;-0.13;;0.37;[tp]
2025.07.04 23:45:00;Sell;0.02;EURGBP;0.86252;;0.86315;2025.07.07 10:05:31;0.86315;-0.13;0.04;-1.46;[tp]
2025.07.04 23:30:00;Buy;0.02;EURGBP;0.86283;;0.86308;2025.07.04 23:33:49;0.86310;-0.13;;0.63;[tp]
2025.07.04 17:15:00;Sell;0.02;EURGBP;0.86320;;0.86252;2025.07.04 23:17:08;0.86254;-0.13;;1.53;[tp]
2025.07.04 15:00:00;Sell;0.02;EURGBP;0.86234;;0.86252;2025.07.04 23:17:08;0.86254;-0.13;;-0.46;[tp]
2025.07.04 14:45:00;Sell;0.02;EURGBP;0.86270;;0.86245;2025.07.04 14:56:56;0.86244;-0.13;;0.60;[tp]
2025.07.04 13:45:03;Buy;0.02;EURGBP;0.86276;;0.86301;2025.07.04 14:34:03;0.86301;-0.13;;0.58;[tp]
2025.07.04 12:45:00;Buy;0.02;EURGBP;0.86261;;0.86286;2025.07.04 13:42:22;0.86287;-0.13;;0.60;[tp]
2025.07.03 18:45:00;Buy;0.13;EURGBP;0.86109;;0.86250;2025.07.04 12:31:57;0.86250;-0.85;-1.30;21.25;[tp]
2025.07.03 16:15:00;Buy;0.08;EURGBP;0.86196;;0.86250;2025.07.04 12:31:57;0.86250;-0.52;-0.80;5.01;[tp]
2025.07.03 15:15:01;Buy;0.05;EURGBP;0.86279;;0.86250;2025.07.04 12:31:57;0.86250;-0.33;-0.50;-1.68;[tp]
2025.07.03 10:15:00;Buy;0.03;EURGBP;0.86351;;0.86250;2025.07.04 12:31:57;0.86250;-0.20;-0.30;-3.51;[tp]
2025.07.03 09:15:00;Buy;0.02;EURGBP;0.86458;;0.86250;2025.07.04 12:31:57;0.86250;-0.13;-0.20;-4.82;[tp]
2025.07.03 05:30:00;Buy;0.02;EURGBP;0.86541;;0.86250;2025.07.04 12:31:57;0.86250;-0.13;-0.20;-6.75;[tp]
2025.07.03 04:45:06;Buy;0.02;EURGBP;0.86512;;0.86537;2025.07.03 05:20:33;0.86536;-0.13;;0.55;[tp]
2025.07.03 03:30:01;Buy;0.02;EURGBP;0.86500;;0.86525;2025.07.03 04:41:12;0.86525;-0.13;;0.58;[tp]
2025.07.03 02:15:01;Buy;0.02;EURGBP;0.86444;;0.86469;2025.07.03 03:15:12;0.86471;-0.13;;0.62;[tp]
2025.07.03 01:10:00;Buy;0.02;EURGBP;0.86412;;0.86437;2025.07.03 02:12:38;0.86437;-0.13;;0.58;[tp]
2025.07.02 17:15:03;Sell;0.21;EURGBP;0.86619;;0.86429;2025.07.03 00:37:12;0.86429;-1.37;1.38;46.17;[tp]
2025.07.02 16:15:00;Sell;0.13;EURGBP;0.86521;;0.86429;2025.07.03 00:37:12;0.86429;-0.85;0.85;13.84;[tp]
2025.07.02 15:45:01;Sell;0.08;EURGBP;0.86424;;0.86429;2025.07.03 00:37:12;0.86429;-0.52;0.52;-0.46;[tp]
2025.07.02 15:30:01;Sell;0.05;EURGBP;0.86262;;0.86429;2025.07.03 00:37:12;0.86429;-0.33;0.33;-9.66;[tp]
2025.07.02 15:15:00;Sell;0.03;EURGBP;0.86151;;0.86429;2025.07.03 00:37:12;0.86429;-0.20;0.20;-9.65;[tp]
2025.07.02 15:00:00;Sell;0.02;EURGBP;0.85996;;0.86429;2025.07.03 00:37:12;0.86429;-0.13;0.13;-10.02;[tp]
2025.07.02 14:45:02;Sell;0.02;EURGBP;0.85807;;0.86429;2025.07.03 00:37:12;0.86429;-0.13;0.13;-14.39;[tp]
2025.07.02 14:30:01;Sell;0.02;EURGBP;0.85828;;0.85803;2025.07.02 14:34:05;0.85803;-0.13;;0.58;[tp]
2025.07.02 14:15:00;Sell;0.02;EURGBP;0.85848;;0.85823;2025.07.02 14:25:39;0.85823;-0.13;;0.58;[tp]
2025.07.02 14:00:00;Sell;0.02;EURGBP;0.85873;;0.85848;2025.07.02 14:06:49;0.85849;-0.13;;0.56;[tp]
2025.07.02 13:45:00;Sell;0.02;EURGBP;0.85909;;0.85884;2025.07.02 13:48:18;0.85884;-0.13;;0.58;[tp]
2025.07.02 12:45:01;Sell;0.02;EURGBP;0.85941;;0.85916;2025.07.02 13:33:10;0.85916;-0.13;;0.58;[tp]
2025.07.02 12:30:00;Sell;0.02;EURGBP;0.85958;;0.85933;2025.07.02 12:34:50;0.85933;-0.13;;0.58;[tp]
2025.07.02 12:00:01;Buy;0.02;EURGBP;0.85967;;0.85992;2025.07.02 12:19:30;0.85992;-0.13;;0.58;[tp]
2025.07.02 11:45:00;Buy;0.02;EURGBP;0.85955;;0.85980;2025.07.02 11:49:27;0.85980;-0.13;;0.58;[tp]
2025.07.02 11:30:01;Buy;0.02;EURGBP;0.85925;;0.85950;2025.07.02 11:33:09;0.85950;-0.13;;0.58;[tp]
2025.07.02 11:00:01;Buy;0.02;EURGBP;0.85909;;0.85934;2025.07.02 11:26:17;0.85934;-0.13;;0.58;[tp]
2025.07.02 10:45:01;Buy;0.02;EURGBP;0.85875;;0.85900;2025.07.02 10:59:08;0.85901;-0.13;;0.61;[tp]
2025.07.02 10:30:00;Buy;0.02;EURGBP;0.85856;;0.85881;2025.07.02 10:35:52;0.85881;-0.13;;0.58;[tp]
2025.07.02 10:15:01;Buy;0.02;EURGBP;0.85850;;0.85875;2025.07.02 10:25:06;0.85875;-0.13;;0.58;[tp]
2025.07.02 09:45:00;Buy;0.02;EURGBP;0.85831;;0.85856;2025.07.02 10:12:05;0.85856;-0.13;;0.58;[tp]
2025.07.02 01:10:00;Sell;0.03;EURGBP;0.85891;;0.85788;2025.07.02 09:31:32;0.85788;-0.20;;3.60;[tp]
2025.07.01 22:15:00;Sell;0.02;EURGBP;0.85795;;0.85788;2025.07.02 09:31:32;0.85788;-0.13;0.04;0.16;[tp]
2025.07.01 19:45:03;Sell;0.02;EURGBP;0.85715;;0.85788;2025.07.02 09:31:32;0.85788;-0.13;0.04;-1.70;[tp]
2025.07.01 19:15:01;Sell;0.02;EURGBP;0.85763;;0.85738;2025.07.01 19:41:10;0.85738;-0.13;;0.58;[tp]
2025.07.01 19:00:00;Sell;0.02;EURGBP;0.85800;;0.85775;2025.07.01 19:07:39;0.85775;-0.13;;0.58;[tp]
2025.07.01 18:00:00;Sell;0.02;EURGBP;0.85869;;0.85844;2025.07.01 18:47:49;0.85844;-0.13;;0.58;[tp]
2025.07.01 17:00:00;Sell;0.02;EURGBP;0.85889;;0.85864;2025.07.01 17:57:39;0.85862;-0.13;;0.63;[tp]
2025.07.01 16:45:00;Buy;0.02;EURGBP;0.85921;;0.85946;2025.07.01 16:51:01;0.85948;-0.13;;0.63;[tp]
2025.07.01 16:15:01;Buy;0.02;EURGBP;0.85922;;0.85947;2025.07.01 16:42:08;0.85948;-0.13;;0.61;[tp]
2025.07.01 15:30:00;Buy;0.02;EURGBP;0.85903;;0.85928;2025.07.01 16:13:57;0.85929;-0.13;;0.61;[tp]
2025.07.01 15:00:00;Buy;0.02;EURGBP;0.85893;;0.85918;2025.07.01 15:25:52;0.85916;-0.13;;0.54;[tp]
2025.07.01 14:45:00;Buy;0.02;EURGBP;0.85794;;0.85819;2025.07.01 14:47:02;0.85819;-0.13;;0.58;[tp]
2025.07.01 13:15:01;Buy;0.02;EURGBP;0.85742;;0.85802;2025.07.01 14:41:01;0.85802;-0.13;;1.40;[tp]
2025.07.01 12:45:00;Buy;0.02;EURGBP;0.85812;;0.85802;2025.07.01 14:41:01;0.85802;-0.13;;-0.23;[tp]
2025.07.01 12:30:03;Buy;0.02;EURGBP;0.85793;;0.85818;2025.07.01 12:32:38;0.85817;-0.13;;0.56;[tp]
2025.07.01 12:15:00;Buy;0.02;EURGBP;0.85767;;0.85792;2025.07.01 12:19:00;0.85791;-0.13;;0.56;[tp]
2025.07.01 12:00:00;Buy;0.02;EURGBP;0.85704;;0.85729;2025.07.01 12:03:42;0.85729;-0.13;;0.58;[tp]
2025.07.01 10:45:00;Buy;0.02;EURGBP;0.85666;;0.85727;2025.07.01 11:54:24;0.85727;-0.13;;1.42;[tp]
2025.07.01 09:45:02;Buy;0.02;EURGBP;0.85738;;0.85727;2025.07.01 11:54:24;0.85727;-0.13;;-0.26;[tp]
2025.06.30 21:00:01;Sell;0.13;EURGBP;0.85825;;0.85689;2025.07.01 09:30:19;0.85689;-0.85;0.29;20.63;[tp]
2025.06.30 18:45:01;Sell;0.08;EURGBP;0.85744;;0.85689;2025.07.01 09:30:19;0.85689;-0.52;0.18;5.13;[tp]
2025.06.30 17:15:00;Sell;0.05;EURGBP;0.85666;;0.85689;2025.07.01 09:30:19;0.85689;-0.33;0.11;-1.34;[tp]
2025.06.30 10:45:00;Sell;0.03;EURGBP;0.85580;;0.85689;2025.07.01 09:30:19;0.85689;-0.20;0.07;-3.82;[tp]
2025.06.30 10:00:00;Sell;0.02;EURGBP;0.85498;;0.85689;2025.07.01 09:30:19;0.85689;-0.13;0.04;-4.46;[tp]
2025.06.30 09:00:00;Sell;0.02;EURGBP;0.85414;;0.85689;2025.07.01 09:30:19;0.85689;-0.13;0.04;-6.42;[tp]
2025.06.30 05:00:00;Sell;0.02;EURGBP;0.85425;;0.85400;2025.06.30 08:56:47;0.85400;-0.13;;0.59;[tp]
2025.06.30 01:45:05;Sell;0.02;EURGBP;0.85457;;0.85432;2025.06.30 04:53:21;0.85432;-0.13;;0.59;[tp]
2025.06.30 01:10:00;Sell;0.02;EURGBP;0.85480;;0.85455;2025.06.30 01:44:15;0.85454;-0.13;;0.61;[tp]
2025.06.27 21:15:00;Buy;0.02;EURGBP;0.85435;;0.85502;2025.06.30 00:05:45;0.85507;-0.13;-0.20;1.68;[tp]
2025.06.27 20:00:00;Buy;0.02;EURGBP;0.85518;;0.85502;2025.06.30 00:05:45;0.85507;-0.13;-0.20;-0.26;[tp]
2025.06.27 16:00:00;Buy;0.02;EURGBP;0.85492;;0.85517;2025.06.27 19:49:57;0.85517;-0.13;;0.58;[tp]
2025.06.27 15:45:01;Buy;0.02;EURGBP;0.85332;;0.85357;2025.06.27 15:49:51;0.85358;-0.13;;0.61;[tp]
2025.06.27 15:00:00;Buy;0.02;EURGBP;0.85273;;0.85340;2025.06.27 15:30:08;0.85340;-0.13;;1.57;[tp]
2025.06.27 14:00:00;Buy;0.02;EURGBP;0.85356;;0.85340;2025.06.27 15:30:08;0.85340;-0.13;;-0.37;[tp]
2025.06.27 13:45:02;Buy;0.02;EURGBP;0.85289;;0.85314;2025.06.27 13:51:49;0.85315;-0.13;;0.61;[tp]
2025.06.27 12:00:00;Buy;0.02;EURGBP;0.85200;;0.85270;2025.06.27 13:33:53;0.85270;-0.13;;1.64;[tp]
2025.06.27 10:15:00;Buy;0.02;EURGBP;0.85290;;0.85270;2025.06.27 13:33:53;0.85270;-0.13;;-0.47;[tp]
2025.06.27 09:45:00;Buy;0.02;EURGBP;0.85255;;0.85280;2025.06.27 10:12:03;0.85280;-0.13;;0.59;[tp]
2025.06.27 05:45:00;Buy;0.03;EURGBP;0.85123;;0.85212;2025.06.27 09:31:48;0.85212;-0.20;;3.13;[tp]
2025.06.27 01:10:00;Buy;0.02;EURGBP;0.85194;;0.85212;2025.06.27 09:31:48;0.85212;-0.13;;0.42;[tp]
2025.06.26 20:00:00;Buy;0.02;EURGBP;0.85276;;0.85212;2025.06.27 09:31:48;0.85212;-0.13;-0.20;-1.50;[tp]
2025.06.26 18:00:01;Buy;0.02;EURGBP;0.85261;;0.85286;2025.06.26 19:57:41;0.85286;-0.13;;0.59;[tp]
2025.06.26 17:30:00;Sell;0.02;EURGBP;0.85236;;0.85211;2025.06.26 17:49:10;0.85211;-0.13;;0.59;[tp]
2025.06.26 17:15:00;Sell;0.02;EURGBP;0.85268;;0.85243;2025.06.26 17:16:55;0.85243;-0.13;;0.59;[tp]
2025.06.26 17:00:00;Sell;0.02;EURGBP;0.85274;;0.85249;2025.06.26 17:00:21;0.85249;-0.13;;0.59;[tp]
2025.06.26 14:45:01;Sell;0.03;EURGBP;0.85387;;0.85286;2025.06.26 16:59:37;0.85285;-0.20;;3.59;[tp]
2025.06.26 11:15:00;Sell;0.02;EURGBP;0.85301;;0.85286;2025.06.26 16:59:37;0.85285;-0.13;;0.38;[tp]
2025.06.26 10:15:00;Sell;0.02;EURGBP;0.85207;;0.85286;2025.06.26 16:59:37;0.85285;-0.13;;-1.83;[tp]
2025.06.26 10:00:00;Sell;0.02;EURGBP;0.85277;;0.85210;2025.06.26 10:06:49;0.85210;-0.13;;1.57;[tp]
2025.06.26 09:15:01;Sell;0.02;EURGBP;0.85192;;0.85210;2025.06.26 10:06:49;0.85210;-0.13;;-0.42;[tp]
2025.06.26 09:00:00;Sell;0.02;EURGBP;0.85233;;0.85208;2025.06.26 09:00:35;0.85208;-0.13;;0.59;[tp]
2025.06.26 08:15:00;Sell;0.02;EURGBP;0.85242;;0.85217;2025.06.26 08:53:10;0.85217;-0.13;;0.59;[tp]
2025.06.25 17:45:03;Sell;0.02;EURGBP;0.85303;;0.85243;2025.06.26 08:01:14;0.85243;-0.13;0.13;1.41;[tp]
2025.06.25 16:30:00;Sell;0.02;EURGBP;0.85232;;0.85243;2025.06.26 08:01:14;0.85243;-0.13;0.13;-0.26;[tp]
2025.06.25 13:45:00;Sell;0.03;EURGBP;0.85317;;0.85220;2025.06.25 16:18:10;0.85220;-0.20;;3.41;[tp]
2025.06.25 12:00:00;Sell;0.02;EURGBP;0.85233;;0.85220;2025.06.25 16:18:10;0.85220;-0.13;;0.31;[tp]
2025.06.25 10:45:00;Sell;0.02;EURGBP;0.85149;;0.85220;2025.06.25 16:18:10;0.85220;-0.13;;-1.67;[tp]
2025.06.25 10:00:00;Sell;0.02;EURGBP;0.85184;;0.85159;2025.06.25 10:35:05;0.85159;-0.13;;0.59;[tp]
2025.06.24 17:30:00;Sell;0.02;EURGBP;0.85302;;0.85232;2025.06.25 09:52:14;0.85233;-0.13;0.04;1.62;[tp]
2025.06.24 16:30:00;Sell;0.02;EURGBP;0.85212;;0.85232;2025.06.25 09:52:14;0.85233;-0.13;0.04;-0.49;[tp]
2025.06.24 15:30:00;Sell;0.02;EURGBP;0.85296;;0.85233;2025.06.24 16:23:45;0.85231;-0.13;;1.53;[tp]
2025.06.24 13:30:00;Sell;0.02;EURGBP;0.85220;;0.85233;2025.06.24 16:23:45;0.85231;-0.13;;-0.26;[tp]
2025.06.24 13:15:00;Sell;0.02;EURGBP;0.85252;;0.85227;2025.06.24 13:17:24;0.85227;-0.13;;0.59;[tp]
2025.06.24 12:45:00;Sell;0.02;EURGBP;0.85318;;0.85251;2025.06.24 13:10:59;0.85251;-0.13;;1.57;[tp]
2025.06.24 12:00:00;Sell;0.02;EURGBP;0.85234;;0.85251;2025.06.24 13:10:59;0.85251;-0.13;;-0.40;[tp]
2025.06.24 11:45:00;Sell;0.02;EURGBP;0.85266;;0.85241;2025.06.24 11:50:30;0.85241;-0.13;;0.59;[tp]
2025.06.24 11:30:02;Sell;0.02;EURGBP;0.85289;;0.85264;2025.06.24 11:35:33;0.85264;-0.13;;0.59;[tp]
2025.06.24 11:15:00;Sell;0.02;EURGBP;0.85320;;0.85295;2025.06.24 11:26:45;0.85296;-0.13;;0.56;[tp]
2025.06.24 11:00:00;Sell;0.02;EURGBP;0.85364;;0.85339;2025.06.24 11:03:52;0.85338;-0.13;;0.61;[tp]
2025.06.24 10:45:00;Sell;0.02;EURGBP;0.85406;;0.85381;2025.06.24 10:53:05;0.85381;-0.13;;0.59;[tp]
2025.06.24 10:30:00;Sell;0.02;EURGBP;0.85421;;0.85396;2025.06.24 10:31:09;0.85396;-0.13;;0.59;[tp]
2025.06.24 09:45:00;Sell;0.02;EURGBP;0.85433;;0.85408;2025.06.24 10:27:48;0.85408;-0.13;;0.59;[tp]
2025.06.24 09:30:00;Sell;0.02;EURGBP;0.85467;;0.85442;2025.06.24 09:36:04;0.85443;-0.13;;0.56;[tp]
2025.06.24 09:15:00;Sell;0.02;EURGBP;0.85514;;0.85489;2025.06.24 09:20:50;0.85489;-0.13;;0.58;[tp]
2025.06.24 06:45:00;Sell;0.02;EURGBP;0.85568;;0.85543;2025.06.24 09:00:07;0.85542;-0.13;;0.61;[tp]
2025.06.24 04:45:02;Sell;0.02;EURGBP;0.85590;;0.85565;2025.06.24 06:38:38;0.85564;-0.13;;0.61;[tp]
2025.06.24 04:00:01;Sell;0.02;EURGBP;0.85613;;0.85588;2025.06.24 04:43:49;0.85588;-0.13;;0.58;[tp]
2025.06.24 02:00:00;Sell;0.02;EURGBP;0.85626;;0.85601;2025.06.24 03:54:52;0.85599;-0.13;;0.63;[tp]
2025.06.24 01:30:00;Sell;0.02;EURGBP;0.85641;;0.85616;2025.06.24 01:47:33;0.85616;-0.13;;0.58;[tp]
2025.06.24 01:10:04;Sell;0.02;EURGBP;0.85643;;0.85618;2025.06.24 01:21:46;0.85618;-0.13;;0.58;[tp]
2025.06.23 22:00:02;Buy;0.02;EURGBP;0.85606;;0.85631;2025.06.24 01:05:20;0.85643;-0.13;-0.20;0.86;[tp]
2025.06.23 21:00:00;Buy;0.02;EURGBP;0.85568;;0.85593;2025.06.23 21:56:43;0.85593;-0.13;;0.58;[tp]
2025.06.23 20:00:00;Buy;0.02;EURGBP;0.85567;;0.85592;2025.06.23 20:53:09;0.85592;-0.13;;0.58;[tp]
2025.06.23 18:00:00;Buy;0.02;EURGBP;0.85491;;0.85562;2025.06.23 19:46:10;0.85569;-0.13;;1.82;[tp]
2025.06.23 17:30:00;Buy;0.02;EURGBP;0.85583;;0.85562;2025.06.23 19:46:10;0.85568;-0.13;;-0.35;[tp]
2025.06.23 17:15:00;Sell;0.02;EURGBP;0.85574;;0.85549;2025.06.23 17:15:51;0.85549;-0.13;;0.58;[tp]
2025.06.23 17:00:00;Buy;0.02;EURGBP;0.85588;;0.85613;2025.06.23 17:01:45;0.85614;-0.13;;0.61;[tp]
2025.06.23 16:45:00;Sell;0.02;EURGBP;0.85568;;0.85543;2025.06.23 16:51:24;0.85543;-0.13;;0.58;[tp]
2025.06.23 16:30:00;Sell;0.02;EURGBP;0.85598;;0.85573;2025.06.23 16:31:37;0.85572;-0.13;;0.61;[tp]
2025.06.23 16:00:00;Sell;0.02;EURGBP;0.85632;;0.85607;2025.06.23 16:25:45;0.85607;-0.13;;0.58;[tp]
2025.06.23 14:45:03;Sell;0.03;EURGBP;0.85721;;0.85621;2025.06.23 15:56:40;0.85618;-0.20;;3.61;[tp]
2025.06.23 12:30:03;Sell;0.02;EURGBP;0.85650;;0.85621;2025.06.23 15:56:40;0.85618;-0.13;;0.75;[tp]
2025.06.23 11:45:00;Sell;0.02;EURGBP;0.85531;;0.85621;2025.06.23 15:56:40;0.85618;-0.13;;-2.03;[tp]
2025.06.23 10:15:00;Sell;0.02;EURGBP;0.85538;;0.85513;2025.06.23 11:30:54;0.85513;-0.13;;0.58;[tp]
2025.06.23 10:00:00;Sell;0.02;EURGBP;0.85634;;0.85609;2025.06.23 10:01:33;0.85609;-0.13;;0.58;[tp]
2025.06.23 09:30:00;Sell;0.02;EURGBP;0.85671;;0.85646;2025.06.23 09:45:38;0.85646;-0.13;;0.58;[tp]
2025.06.23 09:15:01;Sell;0.02;EURGBP;0.85690;;0.85665;2025.06.23 09:29:11;0.85664;-0.13;;0.61;[tp]
2025.06.23 09:00:00;Sell;0.02;EURGBP;0.85716;;0.85691;2025.06.23 09:08:42;0.85691;-0.13;;0.58;[tp]
2025.06.23 08:30:00;Buy;0.02;EURGBP;0.85723;;0.85748;2025.06.23 08:48:13;0.85749;-0.13;;0.61;[tp]
2025.06.23 08:15:00;Buy;0.02;EURGBP;0.85695;;0.85720;2025.06.23 08:25:55;0.85720;-0.13;;0.58;[tp]
2025.06.23 07:45:02;Buy;0.02;EURGBP;0.85675;;0.85700;2025.06.23 08:06:51;0.85700;-0.13;;0.58;[tp]
2025.06.23 06:00:00;Buy;0.02;EURGBP;0.85654;;0.85679;2025.06.23 07:43:15;0.85678;-0.13;;0.56;[tp]
2025.06.23 05:15:06;Buy;0.02;EURGBP;0.85631;;0.85656;2025.06.23 05:50:30;0.85657;-0.13;;0.61;[tp]
2025.06.23 01:45:01;Buy;0.02;EURGBP;0.85565;;0.85630;2025.06.23 05:03:04;0.85631;-0.13;;1.54;[tp]
2025.06.23 01:00:00;Buy;0.02;EURGBP;0.85645;;0.85630;2025.06.23 05:03:04;0.85631;-0.13;;-0.33;[tp]
2025.06.20 20:15:01;Sell;0.13;EURGBP;0.85649;;0.85522;2025.06.23 00:01:12;0.85530;-0.85;0.29;18.09;[tp]
2025.06.20 19:30:00;Sell;0.08;EURGBP;0.85578;;0.85522;2025.06.23 00:01:12;0.85528;-0.52;0.18;4.68;[tp]
2025.06.20 18:00:00;Sell;0.05;EURGBP;0.85504;;0.85522;2025.06.23 00:01:12;0.85530;-0.33;0.11;-1.52;[tp]
2025.06.20 17:30:00;Sell;0.03;EURGBP;0.85417;;0.85522;2025.06.23 00:01:12;0.85530;-0.20;0.07;-3.96;[tp]
2025.06.20 16:45:00;Sell;0.02;EURGBP;0.85336;;0.85522;2025.06.23 00:01:12;0.85528;-0.13;0.04;-4.49;[tp]
2025.06.20 16:00:00;Sell;0.02;EURGBP;0.85266;;0.85522;2025.06.23 00:01:12;0.85530;-0.13;0.04;-6.17;[tp]
2025.06.20 15:45:00;Sell;0.02;EURGBP;0.85287;;0.85262;2025.06.20 15:57:14;0.85262;-0.13;;0.59;[tp]
2025.06.20 14:30:00;Sell;0.02;EURGBP;0.85356;;0.85331;2025.06.20 15:36:45;0.85331;-0.13;;0.59;[tp]
2025.06.20 14:15:00;Sell;0.02;EURGBP;0.85363;;0.85338;2025.06.20 14:18:24;0.85338;-0.13;;0.59;[tp]
2025.06.20 11:45:00;Sell;0.02;EURGBP;0.85389;;0.85364;2025.06.20 14:06:18;0.85364;-0.13;;0.59;[tp]
2025.06.20 09:45:00;Sell;0.03;EURGBP;0.85496;;0.85400;2025.06.20 11:41:50;0.85400;-0.20;;3.37;[tp]
2025.06.20 02:30:00;Sell;0.02;EURGBP;0.85409;;0.85400;2025.06.20 11:41:50;0.85400;-0.13;;0.21;[tp]
2025.06.19 19:00:00;Sell;0.02;EURGBP;0.85333;;0.85400;2025.06.20 11:41:50;0.85400;-0.13;0.04;-1.57;[tp]
2025.06.19 18:45:00;Sell;0.02;EURGBP;0.85361;;0.85336;2025.06.19 18:59:05;0.85336;-0.13;;0.59;[tp]
2025.06.19 17:00:02;Sell;0.02;EURGBP;0.85391;;0.85366;2025.06.19 18:40:09;0.85366;-0.13;;0.59;[tp]
2025.06.19 16:30:00;Sell;0.02;EURGBP;0.85487;;0.85408;2025.06.19 16:57:52;0.85408;-0.13;;1.85;[tp]
2025.06.19 15:00:00;Sell;0.02;EURGBP;0.85378;;0.85408;2025.06.19 16:57:52;0.85408;-0.13;;-0.70;[tp]
2025.06.17 23:00:00;Sell;0.08;EURGBP;0.85543;;0.85378;2025.06.19 14:59:42;0.85378;-0.52;0.78;15.46;[tp]
2025.06.17 21:15:00;Sell;0.05;EURGBP;0.85453;;0.85378;2025.06.19 14:59:42;0.85378;-0.33;0.49;4.39;[tp]
2025.06.17 19:10:54;Sell;0.02;EURGBP;0.85372;;0.85378;2025.06.19 14:59:42;0.85378;-0.13;0.19;-0.14;[tp]
2025.06.17 12:30:00;Sell;0.03;EURGBP;0.85290;;0.85378;2025.06.19 14:59:42;0.85378;-0.20;0.29;-3.09;[tp]
2025.06.17 09:15:00;Sell;0.02;EURGBP;0.85199;;0.85378;2025.06.19 14:59:42;0.85378;-0.13;0.19;-4.19;[tp]
2025.06.16 19:45:00;Sell;0.02;EURGBP;0.85125;;0.85378;2025.06.19 14:59:42;0.85378;-0.13;0.25;-5.93;[tp]
2025.06.16 19:30:00;Sell;0.02;EURGBP;0.85141;;0.85116;2025.06.16 19:42:22;0.85116;-0.13;;0.59;[tp]
2025.06.16 19:00:00;Sell;0.02;EURGBP;0.85161;;0.85136;2025.06.16 19:23:14;0.85136;-0.13;;0.59;[tp]
2025.06.16 12:45:03;Sell;0.02;EURGBP;0.85222;;0.85197;2025.06.16 18:51:07;0.85197;-0.13;;0.59;[tp]
2025.06.16 11:00:00;Sell;0.02;EURGBP;0.85234;;0.85209;2025.06.16 12:42:11;0.85209;-0.13;;0.59;[tp]
2025.06.16 10:30:01;Buy;0.02;EURGBP;0.85234;;0.85259;2025.06.16 10:45:32;0.85260;-0.13;;0.61;[tp]
2025.06.16 03:15:00;Buy;0.02;EURGBP;0.85177;;0.85202;2025.06.16 10:19:34;0.85201;-0.13;;0.56;[tp]
2025.06.16 03:00:00;Buy;0.02;EURGBP;0.85158;;0.85183;2025.06.16 03:09:52;0.85183;-0.13;;0.59;[tp]
2025.06.16 01:30:00;Buy;0.02;EURGBP;0.85129;;0.85154;2025.06.16 02:59:11;0.85154;-0.13;;0.59;[tp]
2025.06.13 22:45:00;Buy;0.02;EURGBP;0.85118;;0.85143;2025.06.16 01:21:41;0.85144;-0.13;-0.14;0.61;[tp]
2025.06.13 22:00:00;Buy;0.02;EURGBP;0.85096;;0.85121;2025.06.13 22:44:13;0.85121;-0.13;;0.59;[tp]
2025.06.13 21:45:00;Buy;0.02;EURGBP;0.85058;;0.85083;2025.06.13 21:52:54;0.85083;-0.13;;0.59;[tp]
2025.06.13 21:15:01;Buy;0.02;EURGBP;0.85044;;0.85069;2025.06.13 21:33:15;0.85069;-0.13;;0.59;[tp]
2025.06.13 19:00:00;Buy;0.02;EURGBP;0.85022;;0.85047;2025.06.13 21:07:26;0.85048;-0.13;;0.61;[tp]
2025.06.13 18:15:01;Sell;0.02;EURGBP;0.85030;;0.85005;2025.06.13 18:51:20;0.85005;-0.13;;0.59;[tp]
2025.06.13 18:00:00;Sell;0.02;EURGBP;0.85040;;0.85015;2025.06.13 18:01:31;0.85014;-0.13;;0.61;[tp]
2025.06.13 17:30:00;Sell;0.03;EURGBP;0.85165;;0.85050;2025.06.13 17:49:13;0.85049;-0.20;;4.09;[tp]
2025.06.13 15:15:01;Sell;0.02;EURGBP;0.85067;;0.85050;2025.06.13 17:49:13;0.85049;-0.13;;0.42;[tp]
2025.06.13 14:45:00;Sell;0.02;EURGBP;0.84948;;0.85050;2025.06.13 17:49:13;0.85048;-0.13;;-2.35;[tp]
2025.06.13 14:15:01;Sell;0.02;EURGBP;0.84982;;0.84957;2025.06.13 14:34:01;0.84956;-0.13;;0.61;[tp]
2025.06.13 14:00:00;Sell;0.02;EURGBP;0.85005;;0.84980;2025.06.13 14:06:38;0.84980;-0.13;;0.59;[tp]
2025.06.12 11:30:00;Sell;0.34;EURGBP;0.85157;;0.84991;2025.06.13 13:47:32;0.84992;-2.21;1.07;66.01;[tp]
2025.06.12 10:45:01;Sell;0.21;EURGBP;0.85069;;0.84991;2025.06.13 13:47:32;0.84992;-1.37;0.66;19.03;[tp]
2025.06.12 09:15:00;Sell;0.13;EURGBP;0.84948;;0.84991;2025.06.13 13:47:32;0.84992;-0.85;0.41;-6.73;[tp]
2025.06.11 16:30:00;Sell;0.02;EURGBP;0.84825;;0.84991;2025.06.13 13:47:32;0.84993;-0.13;0.25;-3.95;[tp]
2025.06.11 10:00:00;Sell;0.05;EURGBP;0.84724;;0.84991;2025.06.13 13:47:32;0.84992;-0.33;0.63;-15.77;[tp]
2025.06.10 20:00:00;Sell;0.03;EURGBP;0.84627;;0.84991;2025.06.13 13:47:32;0.84992;-0.20;0.46;-12.88;[tp]
2025.06.10 18:15:01;Sell;0.02;EURGBP;0.84553;;0.84991;2025.06.13 13:47:32;0.84992;-0.13;0.31;-10.33;[tp]
2025.06.10 17:30:00;Sell;0.02;EURGBP;0.84482;;0.84991;2025.06.13 13:47:32;0.84993;-0.13;0.31;-12.02;[tp]
2025.06.10 17:15:00;Sell;0.02;EURGBP;0.84539;;0.84514;2025.06.10 17:24:56;0.84514;-0.13;;0.59;[tp]
2025.06.10 17:00:00;Sell;0.02;EURGBP;0.84553;;0.84528;2025.06.10 17:05:44;0.84528;-0.13;;0.59;[tp]
2025.06.10 16:30:00;Sell;0.02;EURGBP;0.84583;;0.84558;2025.06.10 16:51:52;0.84558;-0.13;;0.59;[tp]
2025.06.10 14:45:01;Sell;0.03;EURGBP;0.84682;;0.84595;2025.06.10 16:28:26;0.84595;-0.20;;3.09;[tp]
2025.06.10 12:30:00;Sell;0.02;EURGBP;0.84610;;0.84595;2025.06.10 16:28:26;0.84595;-0.13;;0.35;[tp]
2025.06.10 11:45:00;Sell;0.02;EURGBP;0.84538;;0.84595;2025.06.10 16:28:26;0.84595;-0.13;;-1.35;[tp]
2025.06.10 10:30:00;Sell;0.02;EURGBP;0.84590;;0.84526;2025.06.10 11:32:38;0.84526;-0.13;;1.51;[tp]
2025.06.10 10:15:00;Sell;0.02;EURGBP;0.84511;;0.84526;2025.06.10 11:32:38;0.84526;-0.13;;-0.35;[tp]
2025.06.10 10:00:00;Buy;0.02;EURGBP;0.84518;;0.84543;2025.06.10 10:00:59;0.84543;-0.13;;0.59;[tp]
2025.06.10 09:45:00;Buy;0.02;EURGBP;0.84416;;0.84441;2025.06.10 09:47:37;0.84441;-0.13;;0.59;[tp]
2025.06.10 09:30:00;Buy;0.02;EURGBP;0.84358;;0.84383;2025.06.10 09:31:01;0.84390;-0.13;;0.76;[tp]
2025.06.10 09:15:00;Buy;0.02;EURGBP;0.84320;;0.84345;2025.06.10 09:16:32;0.84347;-0.13;;0.64;[tp]
2025.06.10 08:30:01;Buy;0.02;EURGBP;0.84247;;0.84272;2025.06.10 09:00:33;0.84274;-0.13;;0.64;[tp]
2025.06.10 08:15:00;Buy;0.02;EURGBP;0.84215;;0.84240;2025.06.10 08:28:46;0.84242;-0.13;;0.64;[tp]
2025.06.10 07:45:00;Buy;0.02;EURGBP;0.84183;;0.84208;2025.06.10 08:01:16;0.84208;-0.13;;0.59;[tp]
2025.06.10 05:15:00;Sell;0.02;EURGBP;0.84205;;0.84180;2025.06.10 07:43:00;0.84180;-0.13;;0.59;[tp]
2025.06.10 03:15:01;Sell;0.03;EURGBP;0.84309;;0.84218;2025.06.10 05:05:32;0.84218;-0.20;;3.24;[tp]
2025.06.09 15:15:01;Sell;0.02;EURGBP;0.84233;;0.84218;2025.06.10 05:05:32;0.84218;-0.13;0.06;0.36;[tp]
2025.06.09 14:45:01;Sell;0.02;EURGBP;0.84153;;0.84218;2025.06.10 05:05:32;0.84218;-0.13;0.06;-1.54;[tp]
2025.06.09 13:45:00;Sell;0.02;EURGBP;0.84181;;0.84156;2025.06.09 14:33:52;0.84153;-0.13;;0.67;[tp]
2025.06.09 04:00:00;Sell;0.02;EURGBP;0.84201;;0.84176;2025.06.09 13:36:41;0.84175;-0.13;;0.62;[tp]
2025.06.09 01:15:00;Sell;0.02;EURGBP;0.84266;;0.84203;2025.06.09 03:54:24;0.84203;-0.13;;1.50;[tp]
2025.06.06 18:15:00;Sell;0.02;EURGBP;0.84190;;0.84203;2025.06.09 03:54:24;0.84203;-0.13;0.06;-0.31;[tp]
2025.06.06 18:00:00;Sell;0.02;EURGBP;0.84204;;0.84179;2025.06.06 18:11:42;0.84178;-0.13;;0.62;[tp]
2025.06.06 17:45:00;Sell;0.02;EURGBP;0.84221;;0.84196;2025.06.06 17:47:55;0.84196;-0.13;;0.59;[tp]
2025.06.06 17:30:00;Sell;0.02;EURGBP;0.84255;;0.84230;2025.06.06 17:33:46;0.84228;-0.13;;0.64;[tp]
2025.06.06 17:15:00;Buy;0.02;EURGBP;0.84261;;0.84286;2025.06.06 17:16:57;0.84286;-0.13;;0.59;[tp]
2025.06.06 17:00:00;Buy;0.02;EURGBP;0.84244;;0.84269;2025.06.06 17:00:55;0.84269;-0.13;;0.59;[tp]
2025.06.06 16:30:00;Buy;0.02;EURGBP;0.84209;;0.84234;2025.06.06 16:50:21;0.84234;-0.13;;0.59;[tp]
2025.06.06 16:00:00;Sell;0.02;EURGBP;0.84197;;0.84172;2025.06.06 16:18:19;0.84172;-0.13;;0.59;[tp]
2025.06.06 15:45:00;Buy;0.02;EURGBP;0.84250;;0.84275;2025.06.06 15:46:38;0.84275;-0.13;;0.59;[tp]
2025.06.06 15:15:00;Sell;0.02;EURGBP;0.84240;;0.84215;2025.06.06 15:30:12;0.84207;-0.13;;0.78;[tp]
2025.06.06 15:00:00;Sell;0.02;EURGBP;0.84258;;0.84233;2025.06.06 15:11:58;0.84231;-0.13;;0.64;[tp]
2025.06.06 13:45:00;Sell;0.02;EURGBP;0.84298;;0.84273;2025.06.06 14:52:37;0.84273;-0.13;;0.59;[tp]
2025.06.06 09:30:00;Sell;0.02;EURGBP;0.84374;;0.84299;2025.06.06 13:39:03;0.84299;-0.13;;1.78;[tp]
2025.06.06 07:45:01;Sell;0.02;EURGBP;0.84273;;0.84299;2025.06.06 13:39:03;0.84299;-0.13;;-0.62;[tp]
2025.06.05 23:45:00;Sell;0.02;EURGBP;0.84298;;0.84273;2025.06.06 07:40:18;0.84273;-0.13;0.06;0.59;[tp]
2025.06.05 22:30:00;Buy;0.02;EURGBP;0.84295;;0.84320;2025.06.05 23:30:22;0.84316;-0.13;;0.50;[tp]
2025.06.05 22:15:00;Buy;0.02;EURGBP;0.84279;;0.84304;2025.06.05 22:21:17;0.84304;-0.13;;0.59;[tp]
2025.06.05 21:15:00;Buy;0.02;EURGBP;0.84250;;0.84275;2025.06.05 22:09:20;0.84275;-0.13;;0.59;[tp]
2025.06.05 21:00:00;Buy;0.02;EURGBP;0.84210;;0.84235;2025.06.05 21:03:37;0.84235;-0.13;;0.59;[tp]
2025.06.05 18:30:00;Sell;0.02;EURGBP;0.84222;;0.84197;2025.06.05 20:49:06;0.84196;-0.13;;0.62;[tp]
2025.06.05 18:15:00;Sell;0.02;EURGBP;0.84258;;0.84233;2025.06.05 18:18:32;0.84232;-0.13;;0.62;[tp]
2025.06.05 18:00:00;Sell;0.02;EURGBP;0.84297;;0.84272;2025.06.05 18:01:54;0.84272;-0.13;;0.59;[tp]
2025.06.05 16:30:00;Sell;0.03;EURGBP;0.84414;;0.84284;2025.06.05 17:50:04;0.84284;-0.20;;4.63;[tp]
2025.06.05 16:15:00;Sell;0.02;EURGBP;0.84308;;0.84284;2025.06.05 17:50:04;0.84284;-0.13;;0.57;[tp]
2025.06.05 15:30:00;Sell;0.02;EURGBP;0.84151;;0.84284;2025.06.05 17:50:04;0.84284;-0.13;;-3.16;[tp]
2025.06.05 15:28:31;Sell;0.02;EURGBP;0.84180;;0.84155;2025.06.05 15:29:46;0.84155;-0.13;;0.59;[tp]
2025.06.05 15:00:00;Sell;0.02;EURGBP;0.84198;;0.84131;2025.06.05 15:15:59;0.84131;-0.13;;1.59;[tp]
2025.06.05 11:45:00;Sell;0.02;EURGBP;0.84113;;0.84131;2025.06.05 15:15:59;0.84131;-0.13;;-0.43;[tp]
2025.06.05 11:15:00;Sell;0.02;EURGBP;0.84140;;0.84115;2025.06.05 11:44:01;0.84114;-0.13;;0.62;[tp]
2025.06.05 10:56:01;Sell;0.02;EURGBP;0.84163;;0.84138;2025.06.05 11:02:36;0.84138;-0.13;;0.59;[tp]
2025.06.04 19:45:02;Buy;0.02;EURGBP;0.84267;;0.84292;2025.06.05 03:30:09;0.84293;-0.13;-0.42;0.62;[tp]
2025.06.04 16:45:00;Buy;0.02;EURGBP;0.84205;;0.84268;2025.06.04 19:41:46;0.84268;-0.13;;1.50;[tp]
2025.06.04 15:30:00;Buy;0.02;EURGBP;0.84280;;0.84268;2025.06.04 19:41:46;0.84268;-0.13;;-0.28;[tp]
2025.06.03 18:45:02;Buy;0.05;EURGBP;0.84113;;0.84246;2025.06.04 15:15:04;0.84252;-0.33;-0.40;8.25;[tp]
2025.06.03 17:15:00;Buy;0.03;EURGBP;0.84225;;0.84246;2025.06.04 15:15:04;0.84252;-0.20;-0.24;0.96;[tp]
2025.06.03 15:45:00;Buy;0.02;EURGBP;0.84302;;0.84246;2025.06.04 15:15:04;0.84252;-0.13;-0.16;-1.19;[tp]
2025.06.03 13:45:01;Buy;0.02;EURGBP;0.84405;;0.84246;2025.06.04 15:15:04;0.84252;-0.13;-0.16;-3.63;[tp]
2025.06.03 12:15:01;Sell;0.02;EURGBP;0.84409;;0.84384;2025.06.03 13:30:46;0.84384;-0.13;;0.59;[tp]
2025.06.02 20:15:00;Sell;0.02;EURGBP;0.84476;;0.84402;2025.06.03 12:03:44;0.84401;-0.13;0.08;1.78;[tp]
2025.06.02 19:00:00;Sell;0.02;EURGBP;0.84378;;0.84402;2025.06.03 12:03:44;0.84401;-0.13;0.08;-0.55;[tp]
2025.06.02 18:15:00;Sell;0.02;EURGBP;0.84365;;0.84340;2025.06.02 18:55:29;0.84340;-0.13;;0.59;[tp]
2025.06.02 18:00:00;Sell;0.02;EURGBP;0.84372;;0.84347;2025.06.02 18:09:21;0.84347;-0.13;;0.59;[tp]
2025.06.02 17:30:00;Sell;0.02;EURGBP;0.84442;;0.84381;2025.06.02 17:47:25;0.84381;-0.13;;1.45;[tp]
2025.06.02 16:30:00;Sell;0.02;EURGBP;0.84370;;0.84381;2025.06.02 17:47:25;0.84381;-0.13;;-0.26;[tp]
2025.06.02 16:00:00;Buy;0.02;EURGBP;0.84314;;0.84376;2025.06.02 16:15:01;0.84375;-0.13;;1.45;[tp]
2025.06.02 12:30:00;Buy;0.02;EURGBP;0.84387;;0.84376;2025.06.02 16:15:01;0.84375;-0.13;;-0.28;[tp]
2025.06.02 12:15:02;Buy;0.02;EURGBP;0.84373;;0.84398;2025.06.02 12:28:43;0.84399;-0.13;;0.62;[tp]
2025.06.02 12:24:19;Balance;;;;;;;;;;-150.00;
2025.06.02 11:00:00;Buy;0.02;EURGBP;0.84315;;0.84340;2025.06.02 12:06:15;0.84340;-0.13;;0.59;[tp]
2025.06.02 04:15:00;Buy;0.02;EURGBP;0.84276;;0.84341;2025.06.02 10:50:00;0.84342;-0.13;;1.57;[tp]
2025.05.30 20:45:02;Buy;0.02;EURGBP;0.84356;;0.84341;2025.06.02 10:50:00;0.84343;-0.13;-0.16;-0.31;[tp]
2025.05.30 19:45:08;Buy;0.02;EURGBP;0.84327;;0.84352;2025.05.30 20:38:59;0.84352;-0.13;;0.59;[tp]
2025.05.30 19:30:03;Buy;0.02;EURGBP;0.84298;;0.84323;2025.05.30 19:38:56;0.84323;-0.13;;0.59;[tp]
2025.05.30 19:15:00;Buy;0.02;EURGBP;0.84271;;0.84296;2025.05.30 19:28:41;0.84297;-0.13;;0.62;[tp]
2025.05.30 19:00:00;Buy;0.02;EURGBP;0.84253;;0.84278;2025.05.30 19:04:51;0.84280;-0.13;;0.64;[tp]
2025.05.30 18:45:00;Buy;0.02;EURGBP;0.84228;;0.84253;2025.05.30 18:47:14;0.84253;-0.13;;0.59;[tp]
2025.05.30 18:30:01;Buy;0.02;EURGBP;0.84224;;0.84249;2025.05.30 18:40:46;0.84249;-0.13;;0.59;[tp]
2025.05.30 18:15:00;Buy;0.02;EURGBP;0.84213;;0.84238;2025.05.30 18:24:22;0.84238;-0.13;;0.59;[tp]
2025.05.30 18:00:00;Buy;0.02;EURGBP;0.84197;;0.84222;2025.05.30 18:01:23;0.84222;-0.13;;0.59;[tp]
2025.05.30 17:15:00;Buy;0.02;EURGBP;0.84142;;0.84167;2025.05.30 17:53:26;0.84168;-0.13;;0.62;[tp]
2025.05.30 15:15:00;Buy;0.02;EURGBP;0.84149;;0.84174;2025.05.30 17:11:24;0.84174;-0.13;;0.59;[tp]
2025.05.30 11:30:00;Buy;0.02;EURGBP;0.84121;;0.84146;2025.05.30 15:09:19;0.84146;-0.13;;0.59;[tp]
2025.05.30 11:15:00;Sell;0.02;EURGBP;0.84109;;0.84084;2025.05.30 11:19:03;0.84082;-0.13;;0.64;[tp]
2025.05.30 11:00:50;Sell;0.02;EURGBP;0.84129;;0.84104;2025.05.30 11:13:52;0.84103;-0.13;;0.62;[tp]
2025.05.30 10:45:07;Sell;0.02;EURGBP;0.84140;;0.84115;2025.05.30 10:58:50;0.84115;-0.13;;0.59;[tp]
2025.05.29 19:00:00;Sell;0.21;EURGBP;0.84291;;0.84139;2025.05.30 10:34:50;0.84132;-1.37;0.79;39.69;[tp]
2025.05.29 18:15:01;Sell;0.13;EURGBP;0.84210;;0.84139;2025.05.30 10:34:50;0.84132;-0.85;0.49;12.05;[tp]
2025.05.29 17:00:00;Sell;0.08;EURGBP;0.84132;;0.84139;2025.05.30 10:34:50;0.84135;-0.52;0.30;-0.29;[tp]
2025.05.29 16:00:00;Sell;0.05;EURGBP;0.84056;;0.84139;2025.05.30 10:34:50;0.84132;-0.33;0.19;-4.52;[tp]
2025.05.29 15:45:00;Sell;0.03;EURGBP;0.83918;;0.84139;2025.05.30 10:34:50;0.84132;-0.20;0.11;-7.63;[tp]
2025.05.29 13:45:00;Sell;0.02;EURGBP;0.83774;;0.84139;2025.05.30 10:34:50;0.84132;-0.13;0.08;-8.51;[tp]
2025.05.29 11:15:00;Sell;0.02;EURGBP;0.83684;;0.84139;2025.05.30 10:34:50;0.84132;-0.13;0.08;-10.65;[tp]
2025.05.29 10:45:03;Sell;0.02;EURGBP;0.83733;;0.83708;2025.05.29 11:06:45;0.83708;-0.13;;0.60;[tp]
2025.05.29 10:00:00;Sell;0.02;EURGBP;0.83755;;0.83730;2025.05.29 10:43:38;0.83730;-0.13;;0.60;[tp]
2025.05.29 02:45:00;Buy;0.05;EURGBP;0.83565;;0.83785;2025.05.29 09:46:52;0.83786;-0.33;;13.19;[tp]
2025.05.28 19:15:01;Buy;0.03;EURGBP;0.83828;;0.83785;2025.05.29 09:46:52;0.83786;-0.20;-0.72;-1.50;[tp]
2025.05.28 18:00:00;Buy;0.02;EURGBP;0.83901;;0.83785;2025.05.29 09:46:52;0.83786;-0.13;-0.48;-2.75;[tp]
2025.05.28 16:45:03;Buy;0.02;EURGBP;0.84007;;0.83785;2025.05.29 09:46:52;0.83786;-0.13;-0.48;-5.28;[tp]
2025.05.28 16:00:00;Buy;0.02;EURGBP;0.83977;;0.84002;2025.05.28 16:36:41;0.84002;-0.13;;0.60;[tp]
2025.05.28 14:45:00;Buy;0.02;EURGBP;0.83989;;0.84014;2025.05.28 15:54:20;0.84014;-0.13;;0.60;[tp]
2025.05.28 14:30:00;Buy;0.02;EURGBP;0.83967;;0.83992;2025.05.28 14:42:25;0.83992;-0.13;;0.60;[tp]
2025.05.28 12:30:00;Buy;0.02;EURGBP;0.83929;;0.83954;2025.05.28 14:22:57;0.83955;-0.13;;0.62;[tp]
2025.05.28 11:30:01;Buy;0.02;EURGBP;0.83867;;0.83892;2025.05.28 12:18:18;0.83893;-0.13;;0.62;[tp]
2025.05.28 10:15:04;Sell;0.02;EURGBP;0.83872;;0.83847;2025.05.28 11:15:03;0.83847;-0.13;;0.60;[tp]
2025.05.28 08:00:01;Sell;0.02;EURGBP;0.83920;;0.83859;2025.05.28 10:04:18;0.83859;-0.13;;1.45;[tp]
2025.05.28 05:45:03;Sell;0.02;EURGBP;0.83847;;0.83859;2025.05.28 10:04:18;0.83859;-0.13;;-0.29;[tp]
2025.05.27 19:15:00;Sell;0.02;EURGBP;0.83857;;0.83832;2025.05.28 05:43:26;0.83832;-0.13;0.08;0.60;[tp]
2025.05.27 18:45:00;Sell;0.02;EURGBP;0.83897;;0.83836;2025.05.27 19:08:39;0.83836;-0.13;;1.46;[tp]
2025.05.27 17:15:01;Sell;0.02;EURGBP;0.83825;;0.83836;2025.05.27 19:08:39;0.83836;-0.13;;-0.26;[tp]
2025.05.27 16:45:00;Sell;0.02;EURGBP;0.83874;;0.83849;2025.05.27 17:00:09;0.83848;-0.13;;0.62;[tp]
2025.05.27 16:30:00;Buy;0.02;EURGBP;0.83888;;0.83913;2025.05.27 16:35:21;0.83912;-0.13;;0.57;[tp]
2025.05.27 16:15:00;Buy;0.02;EURGBP;0.83827;;0.83852;2025.05.27 16:25:36;0.83852;-0.13;;0.60;[tp]
2025.05.27 15:45:00;Buy;0.02;EURGBP;0.83813;;0.83838;2025.05.27 16:03:10;0.83838;-0.13;;0.60;[tp]
2025.05.27 15:15:00;Buy;0.02;EURGBP;0.83803;;0.83828;2025.05.27 15:38:24;0.83829;-0.13;;0.62;[tp]
2025.05.27 14:15:01;Buy;0.02;EURGBP;0.83735;;0.83804;2025.05.27 15:06:05;0.83804;-0.13;;1.65;[tp]
2025.05.27 12:45:00;Buy;0.02;EURGBP;0.83823;;0.83804;2025.05.27 15:06:05;0.83804;-0.13;;-0.45;[tp]
2025.05.27 10:30:00;Sell;0.02;EURGBP;0.83824;;0.83799;2025.05.27 12:37:20;0.83799;-0.13;;0.60;[tp]
2025.05.27 10:15:02;Sell;0.02;EURGBP;0.83864;;0.83839;2025.05.27 10:19:57;0.83839;-0.13;;0.60;[tp]
2025.05.27 09:45:00;Sell;0.02;EURGBP;0.83902;;0.83877;2025.05.27 10:00:27;0.83876;-0.13;;0.62;[tp]
2025.05.27 01:15:02;Sell;0.02;EURGBP;0.83975;;0.83915;2025.05.27 09:43:00;0.83914;-0.13;;1.45;[tp]
2025.05.26 18:45:04;Sell;0.02;EURGBP;0.83904;;0.83915;2025.05.27 09:43:00;0.83914;-0.13;0.08;-0.24;[tp]
2025.05.26 18:15:02;Sell;0.02;EURGBP;0.83922;;0.83897;2025.05.26 18:43:31;0.83897;-0.13;;0.60;[tp]
2025.05.26 15:30:02;Buy;0.02;EURGBP;0.83885;;0.83953;2025.05.26 18:02:55;0.83954;-0.13;;1.64;[tp]
2025.05.26 10:45:00;Buy;0.02;EURGBP;0.83971;;0.83953;2025.05.26 18:02:55;0.83954;-0.13;;-0.40;[tp]
2025.05.26 10:15:00;Sell;0.02;EURGBP;0.83981;;0.83956;2025.05.26 10:30:46;0.83956;-0.13;;0.60;[tp]
2025.05.26 04:45:00;Sell;0.02;EURGBP;0.83998;;0.83973;2025.05.26 10:11:21;0.83973;-0.13;;0.60;[tp]
2025.05.26 02:00:00;Sell;0.02;EURGBP;0.84035;;0.84010;2025.05.26 04:32:18;0.84010;-0.13;;0.60;[tp]
2025.05.26 01:45:08;Sell;0.02;EURGBP;0.84051;;0.84026;2025.05.26 01:56:23;0.84026;-0.13;;0.60;[tp]
2025.05.26 00:15:04;Buy;0.02;EURGBP;0.84051;;0.84076;2025.05.26 01:30:41;0.84076;-0.13;;0.59;[tp]
2025.05.23 23:30:00;Buy;0.02;EURGBP;0.83959;;0.83984;2025.05.26 00:03:00;0.83987;-0.13;-0.16;0.67;[tp]
2025.05.23 20:30:00;Sell;0.02;EURGBP;0.83957;;0.83932;2025.05.23 23:19:31;0.83932;-0.13;;0.60;[tp]
2025.05.23 18:00:00;Sell;0.03;EURGBP;0.84066;;0.83949;2025.05.23 20:19:15;0.83949;-0.20;;4.18;[tp]
2025.05.23 16:45:00;Sell;0.02;EURGBP;0.83966;;0.83949;2025.05.23 20:19:15;0.83949;-0.13;;0.41;[tp]
2025.05.23 16:00:00;Sell;0.02;EURGBP;0.83845;;0.83949;2025.05.23 20:19:15;0.83949;-0.13;;-2.48;[tp]
2025.05.23 15:15:00;Sell;0.02;EURGBP;0.83870;;0.83845;2025.05.23 15:57:18;0.83845;-0.13;;0.60;[tp]
2025.05.23 15:00:00;Sell;0.02;EURGBP;0.83941;;0.83916;2025.05.23 15:06:20;0.83916;-0.13;;0.60;[tp]
2025.05.23 14:45:00;Sell;0.02;EURGBP;0.83987;;0.83962;2025.05.23 14:45:44;0.83963;-0.13;;0.57;[tp]
2025.05.23 11:30:00;Buy;0.02;EURGBP;0.84082;;0.84151;2025.05.23 14:42:00;0.84152;-0.13;;1.66;[tp]
2025.05.23 04:45:00;Buy;0.02;EURGBP;0.84169;;0.84151;2025.05.23 14:42:00;0.84152;-0.13;;-0.40;[tp]
2025.05.22 18:00:00;Buy;0.13;EURGBP;0.84013;;0.84161;2025.05.23 04:43:03;0.84161;-0.85;-1.04;22.86;[tp]
2025.05.22 17:00:00;Buy;0.08;EURGBP;0.84097;;0.84161;2025.05.23 04:43:03;0.84161;-0.52;-0.64;6.08;[tp]
2025.05.22 15:45:00;Buy;0.05;EURGBP;0.84211;;0.84161;2025.05.23 04:43:03;0.84161;-0.33;-0.40;-2.97;[tp]
2025.05.22 10:30:00;Buy;0.03;EURGBP;0.84283;;0.84161;2025.05.23 04:43:03;0.84161;-0.20;-0.24;-4.35;[tp]
2025.05.22 09:45:00;Buy;0.02;EURGBP;0.84374;;0.84161;2025.05.23 04:43:03;0.84161;-0.13;-0.16;-5.06;[tp]
2025.05.22 09:15:00;Buy;0.02;EURGBP;0.84453;;0.84161;2025.05.23 04:43:03;0.84161;-0.13;-0.16;-6.94;[tp]
2025.05.22 08:30:04;Buy;0.02;EURGBP;0.84387;;0.84412;2025.05.22 09:01:22;0.84412;-0.13;;0.59;[tp]
2025.05.22 07:30:00;Sell;0.02;EURGBP;0.84395;;0.84370;2025.05.22 08:15:28;0.84370;-0.13;;0.59;[tp]
2025.05.22 05:45:01;Sell;0.02;EURGBP;0.84409;;0.84384;2025.05.22 07:25:06;0.84384;-0.13;;0.59;[tp]
2025.05.22 05:30:00;Sell;0.02;EURGBP;0.84433;;0.84408;2025.05.22 05:43:57;0.84407;-0.13;;0.62;[tp]
2025.05.21 22:15:00;Buy;0.02;EURGBP;0.84396;;0.84457;2025.05.22 05:17:02;0.84456;-0.13;-0.48;1.42;[tp]
2025.05.21 20:30:00;Buy;0.02;EURGBP;0.84467;;0.84457;2025.05.22 05:17:02;0.84456;-0.13;-0.48;-0.26;[tp]
2025.05.21 18:15:01;Buy;0.02;EURGBP;0.84374;;0.84448;2025.05.21 20:22:08;0.84449;-0.13;;1.78;[tp]
2025.05.21 17:15:00;Buy;0.02;EURGBP;0.84472;;0.84448;2025.05.21 20:22:08;0.84449;-0.13;;-0.54;[tp]
2025.05.21 15:15:00;Buy;0.02;EURGBP;0.84439;;0.84464;2025.05.21 17:09:42;0.84465;-0.13;;0.62;[tp]
2025.05.21 15:00:00;Sell;0.02;EURGBP;0.84421;;0.84396;2025.05.21 15:00:47;0.84396;-0.13;;0.59;[tp]
2025.05.21 13:15:00;Sell;0.05;EURGBP;0.84575;;0.84437;2025.05.21 14:57:49;0.84439;-0.33;;8.05;[tp]
2025.05.21 11:15:00;Sell;0.03;EURGBP;0.84460;;0.84437;2025.05.21 14:57:49;0.84439;-0.20;;0.75;[tp]
2025.05.21 10:45:00;Sell;0.02;EURGBP;0.84367;;0.84437;2025.05.21 14:57:49;0.84439;-0.13;;-1.71;[tp]
2025.05.21 09:45:01;Sell;0.02;EURGBP;0.84275;;0.84437;2025.05.21 14:57:49;0.84438;-0.13;;-3.86;[tp]
2025.05.21 09:30:00;Sell;0.02;EURGBP;0.84285;;0.84260;2025.05.21 09:41:18;0.84261;-0.13;;0.57;[tp]
2025.05.21 09:15:00;Buy;0.02;EURGBP;0.84309;;0.84374;2025.05.21 09:18:52;0.84371;-0.13;;1.47;[tp]
2025.05.21 07:00:00;Buy;0.02;EURGBP;0.84389;;0.84374;2025.05.21 09:18:52;0.84373;-0.13;;-0.38;[tp]
2025.05.21 05:45:04;Buy;0.02;EURGBP;0.84344;;0.84369;2025.05.21 06:48:47;0.84372;-0.13;;0.66;[tp]
2025.05.21 05:15:00;Buy;0.02;EURGBP;0.84319;;0.84344;2025.05.21 05:33:05;0.84344;-0.13;;0.59;[tp]
2025.05.20 21:30:01;Buy;0.02;EURGBP;0.84287;;0.84312;2025.05.21 05:03:52;0.84311;-0.13;-0.16;0.57;[tp]
2025.05.20 21:00:00;Buy;0.02;EURGBP;0.84255;;0.84280;2025.05.20 21:23:10;0.84281;-0.13;;0.62;[tp]
2025.05.20 18:45:03;Buy;0.02;EURGBP;0.84190;;0.84262;2025.05.20 20:50:23;0.84262;-0.13;;1.71;[tp]
2025.05.20 18:00:00;Buy;0.02;EURGBP;0.84284;;0.84262;2025.05.20 20:50:23;0.84262;-0.13;;-0.52;[tp]
2025.05.20 17:15:00;Buy;0.02;EURGBP;0.84239;;0.84264;2025.05.20 17:56:21;0.84264;-0.13;;0.59;[tp]
2025.05.20 16:00:00;Buy;0.02;EURGBP;0.84212;;0.84237;2025.05.20 17:09:51;0.84237;-0.13;;0.59;[tp]
2025.05.20 12:00:00;Buy;0.02;EURGBP;0.84185;;0.84210;2025.05.20 15:53:15;0.84210;-0.13;;0.59;[tp]
2025.05.20 11:30:02;Buy;0.02;EURGBP;0.84150;;0.84175;2025.05.20 11:58:14;0.84174;-0.13;;0.57;[tp]
2025.05.20 10:15:00;Sell;0.03;EURGBP;0.84233;;0.84134;2025.05.20 11:17:48;0.84134;-0.20;;3.53;[tp]
2025.05.20 05:30:00;Sell;0.02;EURGBP;0.84141;;0.84134;2025.05.20 11:17:48;0.84134;-0.13;;0.17;[tp]
2025.05.20 04:00:00;Sell;0.02;EURGBP;0.84067;;0.84134;2025.05.20 11:17:48;0.84134;-0.13;;-1.59;[tp]
2025.05.20 03:00:00;Sell;0.02;EURGBP;0.84080;;0.84055;2025.05.20 03:57:19;0.84055;-0.13;;0.59;[tp]
2025.05.19 20:30:01;Sell;0.02;EURGBP;0.84103;;0.84078;2025.05.20 02:45:19;0.84078;-0.13;0.08;0.59;[tp]
2025.05.19 20:15:02;Sell;0.02;EURGBP;0.84115;;0.84090;2025.05.19 20:26:58;0.84089;-0.13;;0.62;[tp]
2025.05.19 11:45:00;Sell;0.03;EURGBP;0.84209;;0.84120;2025.05.19 20:10:12;0.84119;-0.20;;3.21;[tp]
2025.05.19 11:15:00;Sell;0.02;EURGBP;0.84135;;0.84120;2025.05.19 20:10:12;0.84119;-0.13;;0.38;[tp]
2025.05.19 10:45:00;Sell;0.02;EURGBP;0.84058;;0.84120;2025.05.19 20:10:12;0.84119;-0.13;;-1.45;[tp]
2025.05.19 09:30:00;Sell;0.02;EURGBP;0.84128;;0.84062;2025.05.19 10:39:52;0.84062;-0.13;;1.57;[tp]
2025.05.19 03:45:00;Sell;0.02;EURGBP;0.84046;;0.84062;2025.05.19 10:39:52;0.84062;-0.13;;-0.38;[tp]
2025.05.19 00:15:00;Sell;0.03;EURGBP;0.84125;;0.84037;2025.05.19 03:44:25;0.84037;-0.20;;3.14;[tp]
2025.05.16 20:30:00;Sell;0.02;EURGBP;0.83967;;0.84037;2025.05.19 03:44:25;0.84037;-0.13;0.08;-1.67;[tp]
2025.05.16 20:15:00;Sell;0.02;EURGBP;0.83969;;0.83944;2025.05.16 20:18:12;0.83944;-0.13;;0.60;[tp]
2025.05.16 19:30:02;Sell;0.02;EURGBP;0.83998;;0.83973;2025.05.16 20:04:57;0.83972;-0.13;;0.62;[tp]
2025.05.16 19:15:00;Sell;0.02;EURGBP;0.84034;;0.84009;2025.05.16 19:18:30;0.84010;-0.13;;0.57;[tp]
2025.05.16 18:30:00;Sell;0.02;EURGBP;0.84051;;0.84026;2025.05.16 19:05:24;0.84024;-0.13;;0.64;[tp]
2025.05.16 18:00:00;Sell;0.02;EURGBP;0.84090;;0.84065;2025.05.16 18:18:37;0.84065;-0.13;;0.59;[tp]
2025.05.16 17:45:00;Sell;0.02;EURGBP;0.84163;;0.84138;2025.05.16 17:51:34;0.84138;-0.13;;0.59;[tp]
2025.05.16 17:30:00;Sell;0.02;EURGBP;0.84192;;0.84167;2025.05.16 17:35:17;0.84167;-0.13;;0.59;[tp]
2025.05.16 17:15:00;Sell;0.02;EURGBP;0.84212;;0.84187;2025.05.16 17:22:32;0.84187;-0.13;;0.59;[tp]
2025.05.16 16:30:00;Sell;0.02;EURGBP;0.84240;;0.84215;2025.05.16 17:02:28;0.84215;-0.13;;0.59;[tp]
2025.05.16 16:15:01;Sell;0.02;EURGBP;0.84261;;0.84236;2025.05.16 16:28:12;0.84236;-0.13;;0.59;[tp]
2025.05.16 16:00:00;Sell;0.02;EURGBP;0.84293;;0.84268;2025.05.16 16:11:48;0.84268;-0.13;;0.59;[tp]
2025.05.16 15:30:00;Buy;0.02;EURGBP;0.84280;;0.84305;2025.05.16 15:45:57;0.84306;-0.13;;0.62;[tp]
2025.05.16 14:00:00;Buy;0.02;EURGBP;0.84266;;0.84291;2025.05.16 15:19:22;0.84291;-0.13;;0.59;[tp]
2025.05.16 12:30:04;Buy;0.02;EURGBP;0.84228;;0.84253;2025.05.16 13:58:49;0.84255;-0.13;;0.64;[tp]
2025.05.16 11:00:00;Buy;0.02;EURGBP;0.84182;;0.84207;2025.05.16 12:16:37;0.84207;-0.13;;0.59;[tp]
2025.05.16 04:00:00;Buy;0.02;EURGBP;0.84159;;0.84184;2025.05.16 10:53:16;0.84184;-0.13;;0.59;[tp]
2025.05.16 03:00:00;Buy;0.02;EURGBP;0.84133;;0.84158;2025.05.16 03:49:53;0.84158;-0.13;;0.59;[tp]
2025.05.15 20:45:06;Buy;0.02;EURGBP;0.84066;;0.84127;2025.05.16 02:55:59;0.84127;-0.13;-0.16;1.45;[tp]
2025.05.15 20:00:00;Buy;0.02;EURGBP;0.84137;;0.84127;2025.05.16 02:55:59;0.84127;-0.13;-0.16;-0.24;[tp]
2025.05.15 18:45:00;Sell;0.02;EURGBP;0.84132;;0.84107;2025.05.15 19:49:45;0.84107;-0.13;;0.59;[tp]
2025.05.15 16:30:00;Sell;0.02;EURGBP;0.84207;;0.84182;2025.05.15 18:32:52;0.84182;-0.13;;0.59;[tp]
2025.05.15 16:00:00;Sell;0.02;EURGBP;0.84250;;0.84225;2025.05.15 16:25:11;0.84225;-0.13;;0.59;[tp]
2025.05.15 14:15:00;Sell;0.02;EURGBP;0.84244;;0.84219;2025.05.15 15:48:39;0.84221;-0.13;;0.55;[tp]
2025.05.15 14:00:00;Sell;0.02;EURGBP;0.84271;;0.84246;2025.05.15 14:07:03;0.84246;-0.13;;0.59;[tp]
2025.05.15 10:00:00;Sell;0.05;EURGBP;0.84386;;0.84264;2025.05.15 13:50:23;0.84264;-0.33;;7.24;[tp]
2025.05.14 16:45:00;Sell;0.03;EURGBP;0.84284;;0.84264;2025.05.15 13:50:23;0.84264;-0.20;0.34;0.71;[tp]
2025.05.14 15:30:02;Sell;0.02;EURGBP;0.84209;;0.84264;2025.05.15 13:50:23;0.84264;-0.13;0.23;-1.31;[tp]
2025.05.14 14:00:00;Sell;0.02;EURGBP;0.84133;;0.84264;2025.05.15 13:50:23;0.84264;-0.13;0.23;-3.11;[tp]
2025.05.14 13:45:02;Sell;0.02;EURGBP;0.84199;;0.84174;2025.05.14 13:48:07;0.84174;-0.13;;0.59;[tp]
2025.05.14 12:15:00;Sell;0.02;EURGBP;0.84260;;0.84195;2025.05.14 13:43:38;0.84195;-0.13;;1.54;[tp]
2025.05.14 11:45:00;Sell;0.02;EURGBP;0.84180;;0.84195;2025.05.14 13:43:38;0.84195;-0.13;;-0.36;[tp]
2025.05.14 11:30:00;Sell;0.02;EURGBP;0.84194;;0.84169;2025.05.14 11:34:55;0.84166;-0.13;;0.67;[tp]
2025.05.14 11:15:00;Buy;0.02;EURGBP;0.84190;;0.84215;2025.05.14 11:23:08;0.84215;-0.13;;0.59;[tp]
2025.05.14 11:00:01;Buy;0.02;EURGBP;0.84137;;0.84162;2025.05.14 11:04:17;0.84166;-0.13;;0.69;[tp]
2025.05.14 10:30:02;Buy;0.02;EURGBP;0.84113;;0.84138;2025.05.14 10:50:39;0.84138;-0.13;;0.59;[tp]
2025.05.14 10:15:00;Buy;0.02;EURGBP;0.84055;;0.84121;2025.05.14 10:27:30;0.84122;-0.13;;1.59;[tp]
2025.05.14 09:30:00;Buy;0.02;EURGBP;0.84137;;0.84121;2025.05.14 10:27:30;0.84122;-0.13;;-0.36;[tp]
2025.05.13 20:00:01;Buy;0.02;EURGBP;0.84078;;0.84155;2025.05.14 09:23:40;0.84155;-0.13;-0.16;1.83;[tp]
2025.05.13 18:15:01;Buy;0.02;EURGBP;0.84182;;0.84155;2025.05.14 09:23:40;0.84155;-0.13;-0.16;-0.64;[tp]
2025.05.13 17:00:00;Sell;0.02;EURGBP;0.84179;;0.84154;2025.05.13 18:06:05;0.84154;-0.13;;0.59;[tp]
2025.05.13 16:45:00;Buy;0.02;EURGBP;0.84191;;0.84216;2025.05.13 16:49:12;0.84216;-0.13;;0.59;[tp]
2025.05.13 11:45:00;Buy;0.03;EURGBP;0.84058;;0.84176;2025.05.13 16:32:30;0.84176;-0.20;;4.21;[tp]
2025.05.13 08:30:01;Buy;0.02;EURGBP;0.84178;;0.84176;2025.05.13 16:32:30;0.84176;-0.13;;-0.05;[tp]
2025.05.13 04:00:00;Buy;0.02;EURGBP;0.84263;;0.84176;2025.05.13 16:32:30;0.84176;-0.13;;-2.07;[tp]
2025.05.13 03:15:00;Buy;0.02;EURGBP;0.84229;;0.84254;2025.05.13 03:45:38;0.84254;-0.13;;0.59;[tp]
2025.05.13 01:15:03;Buy;0.02;EURGBP;0.84196;;0.84221;2025.05.13 03:04:38;0.84220;-0.13;;0.57;[tp]
2025.05.12 21:00:01;Buy;0.05;EURGBP;0.84090;;0.84203;2025.05.13 01:00:52;0.84203;-0.33;-0.40;6.71;[tp]
2025.05.12 18:00:00;Buy;0.03;EURGBP;0.84172;;0.84203;2025.05.13 01:00:52;0.84203;-0.20;-0.24;1.10;[tp]
2025.05.12 15:30:01;Buy;0.02;EURGBP;0.84252;;0.84203;2025.05.13 01:00:52;0.84203;-0.13;-0.16;-1.16;[tp]
2025.05.12 14:15:03;Buy;0.02;EURGBP;0.84331;;0.84203;2025.05.13 01:00:52;0.84203;-0.13;-0.16;-3.04;[tp]
2025.05.12 14:00:00;Buy;0.02;EURGBP;0.84309;;0.84334;2025.05.12 14:12:30;0.84333;-0.13;;0.57;[tp]
2025.05.12 13:30:00;Buy;0.03;EURGBP;0.84205;;0.84314;2025.05.12 13:52:20;0.84315;-0.20;;3.91;[tp]
2025.05.12 12:45:00;Buy;0.02;EURGBP;0.84278;;0.84314;2025.05.12 13:52:20;0.84315;-0.13;;0.88;[tp]
2025.05.12 11:45:00;Buy;0.02;EURGBP;0.84426;;0.84314;2025.05.12 13:52:20;0.84315;-0.13;;-2.63;[tp]
2025.05.12 11:30:00;Buy;0.02;EURGBP;0.84325;;0.84350;2025.05.12 11:32:45;0.84350;-0.13;;0.59;[tp]
2025.05.12 11:15:00;Sell;0.02;EURGBP;0.84264;;0.84239;2025.05.12 11:16:50;0.84238;-0.13;;0.62;[tp]
2025.05.12 11:00:00;Sell;0.02;EURGBP;0.84320;;0.84256;2025.05.12 11:14:19;0.84254;-0.13;;1.57;[tp]
2025.05.12 10:30:00;Sell;0.02;EURGBP;0.84241;;0.84256;2025.05.12 11:14:19;0.84254;-0.13;;-0.31;[tp]
2025.05.12 10:15:00;Sell;0.02;EURGBP;0.84282;;0.84257;2025.05.12 10:28:18;0.84258;-0.13;;0.57;[tp]
2025.05.12 10:00:00;Sell;0.02;EURGBP;0.84438;;0.84413;2025.05.12 10:00:05;0.84414;-0.13;;0.57;[tp]
2025.05.12 09:30:00;Sell;0.02;EURGBP;0.84464;;0.84439;2025.05.12 09:49:41;0.84439;-0.13;;0.59;[tp]
2025.05.12 09:00:00;Sell;0.02;EURGBP;0.84492;;0.84467;2025.05.12 09:24:14;0.84467;-0.13;;0.59;[tp]
2025.05.12 04:00:00;Sell;0.03;EURGBP;0.84567;;0.84480;2025.05.12 08:48:20;0.84480;-0.20;;3.09;[tp]
2025.05.12 00:30:14;Sell;0.02;EURGBP;0.84497;;0.84480;2025.05.12 08:48:20;0.84480;-0.13;;0.40;[tp]
2025.05.12 00:15:14;Sell;0.02;EURGBP;0.84421;;0.84480;2025.05.12 08:48:20;0.84480;-0.13;;-1.40;[tp]
2025.05.09 20:30:00;Sell;0.02;EURGBP;0.84570;;0.84545;2025.05.12 00:01:03;0.84444;-0.13;0.07;2.98;[tp]
2025.05.09 19:15:00;Sell;0.02;EURGBP;0.84615;;0.84590;2025.05.09 20:16:09;0.84590;-0.13;;0.59;[tp]
2025.05.09 19:00:03;Sell;0.02;EURGBP;0.84634;;0.84609;2025.05.09 19:07:08;0.84609;-0.13;;0.59;[tp]
2025.05.09 18:00:00;Sell;0.02;EURGBP;0.84693;;0.84668;2025.05.09 18:54:47;0.84669;-0.13;;0.57;[tp]
2025.05.09 17:15:01;Sell;0.02;EURGBP;0.84794;;0.84728;2025.05.09 17:52:53;0.84728;-0.13;;1.56;[tp]
2025.05.09 13:30:01;Sell;0.02;EURGBP;0.84711;;0.84728;2025.05.09 17:52:53;0.84728;-0.13;;-0.40;[tp]
2025.05.09 08:30:04;Sell;0.05;EURGBP;0.84837;;0.84729;2025.05.09 13:15:29;0.84726;-0.33;;6.55;[tp]
2025.05.08 23:00:01;Sell;0.03;EURGBP;0.84764;;0.84729;2025.05.09 13:15:29;0.84726;-0.20;0.11;1.35;[tp]
2025.05.08 21:00:02;Sell;0.02;EURGBP;0.84676;;0.84729;2025.05.09 13:15:29;0.84726;-0.13;0.07;-1.18;[tp]
2025.05.08 19:15:00;Sell;0.02;EURGBP;0.84607;;0.84729;2025.05.09 13:15:29;0.84726;-0.13;0.07;-2.81;[tp]
2025.05.08 19:00:00;Sell;0.02;EURGBP;0.84680;;0.84655;2025.05.08 19:05:35;0.84653;-0.13;;0.64;[tp]
2025.05.08 18:45:01;Sell;0.02;EURGBP;0.84739;;0.84714;2025.05.08 18:46:59;0.84712;-0.13;;0.64;[tp]
2025.05.08 16:45:00;Sell;0.02;EURGBP;0.84745;;0.84720;2025.05.08 18:41:53;0.84720;-0.13;;0.59;[tp]
2025.05.08 16:15:01;Sell;0.02;EURGBP;0.84782;;0.84757;2025.05.08 16:36:53;0.84757;-0.13;;0.59;[tp]
2025.05.08 15:45:00;Sell;0.02;EURGBP;0.84846;;0.84770;2025.05.08 16:10:25;0.84771;-0.13;;1.77;[tp]
2025.05.08 14:45:03;Sell;0.02;EURGBP;0.84744;;0.84770;2025.05.08 16:10:25;0.84771;-0.13;;-0.64;[tp]
2025.05.08 14:15:00;Sell;0.02;EURGBP;0.84793;;0.84768;2025.05.08 14:30:35;0.84766;-0.13;;0.64;[tp]
2025.05.08 14:00:00;Buy;0.02;EURGBP;0.85107;;0.85132;2025.05.08 14:01:18;0.85131;-0.13;;0.56;[tp]
2025.05.08 13:00:00;Buy;0.02;EURGBP;0.85006;;0.85072;2025.05.08 13:58:47;0.85072;-0.13;;1.55;[tp]
2025.05.08 12:00:00;Buy;0.02;EURGBP;0.85088;;0.85072;2025.05.08 13:58:47;0.85072;-0.13;;-0.38;[tp]
2025.05.08 11:15:00;Buy;0.02;EURGBP;0.85050;;0.85075;2025.05.08 11:45:35;0.85075;-0.13;;0.59;[tp]
2025.05.08 10:45:00;Buy;0.02;EURGBP;0.85012;;0.85037;2025.05.08 11:13:17;0.85037;-0.13;;0.59;[tp]
2025.05.08 10:30:00;Buy;0.02;EURGBP;0.85000;;0.85025;2025.05.08 10:39:02;0.85025;-0.13;;0.59;[tp]
2025.05.08 10:15:00;Buy;0.02;EURGBP;0.84983;;0.85008;2025.05.08 10:29:02;0.85008;-0.13;;0.59;[tp]
2025.05.08 09:00:00;Buy;0.05;EURGBP;0.84855;;0.84972;2025.05.08 10:14:24;0.84972;-0.33;;6.88;[tp]
2025.05.08 05:00:00;Buy;0.03;EURGBP;0.84932;;0.84972;2025.05.08 10:14:24;0.84972;-0.20;;1.41;[tp]
2025.05.08 04:30:00;Buy;0.02;EURGBP;0.85031;;0.84972;2025.05.08 10:14:24;0.84972;-0.13;;-1.39;[tp]
2025.05.08 00:30:00;Buy;0.02;EURGBP;0.85115;;0.84972;2025.05.08 10:14:24;0.84972;-0.13;;-3.37;[tp]
2025.05.07 23:15:00;Buy;0.02;EURGBP;0.85022;;0.85084;2025.05.08 00:19:00;0.85084;-0.13;-0.48;1.46;[tp]
2025.05.07 22:15:00;Buy;0.02;EURGBP;0.85096;;0.85084;2025.05.08 00:19:00;0.85084;-0.13;-0.48;-0.28;[tp]
2025.05.07 21:15:00;Sell;0.03;EURGBP;0.85178;;0.85061;2025.05.07 22:00:39;0.85060;-0.20;;4.16;[tp]
2025.05.07 20:45:00;Sell;0.02;EURGBP;0.85052;;0.85061;2025.05.07 22:00:39;0.85060;-0.13;;-0.19;[tp]
2025.05.07 16:00:00;Sell;0.02;EURGBP;0.84981;;0.85061;2025.05.07 22:00:39;0.85060;-0.13;;-1.86;[tp]
2025.05.07 15:45:01;Sell;0.02;EURGBP;0.85040;;0.85015;2025.05.07 15:50:03;0.85011;-0.13;;0.68;[tp]
2025.05.07 15:00:00;Sell;0.02;EURGBP;0.85087;;0.85062;2025.05.07 15:39:51;0.85062;-0.13;;0.59;[tp]
2025.05.07 13:30:01;Sell;0.02;EURGBP;0.85120;;0.85095;2025.05.07 14:57:56;0.85095;-0.13;;0.59;[tp]
2025.05.07 11:45:00;Sell;0.02;EURGBP;0.85198;;0.85118;2025.05.07 13:26:23;0.85117;-0.13;;1.90;[tp]
2025.05.07 10:45:00;Sell;0.02;EURGBP;0.85088;;0.85118;2025.05.07 13:26:23;0.85117;-0.13;;-0.68;[tp]
2025.05.07 10:30:00;Sell;0.02;EURGBP;0.85099;;0.85074;2025.05.07 10:32:14;0.85073;-0.13;;0.61;[tp]
2025.05.07 10:15:00;Buy;0.02;EURGBP;0.85110;;0.85135;2025.05.07 10:18:25;0.85134;-0.13;;0.56;[tp]
2025.05.07 10:00:00;Buy;0.02;EURGBP;0.85106;;0.85131;2025.05.07 10:08:23;0.85132;-0.13;;0.61;[tp]
2025.05.07 09:45:00;Buy;0.02;EURGBP;0.85102;;0.85127;2025.05.07 09:53:34;0.85127;-0.13;;0.59;[tp]
2025.05.07 09:30:00;Buy;0.02;EURGBP;0.85090;;0.85115;2025.05.07 09:41:52;0.85115;-0.13;;0.59;[tp]
2025.05.07 09:00:00;Buy;0.02;EURGBP;0.85087;;0.85112;2025.05.07 09:21:57;0.85112;-0.13;;0.59;[tp]
2025.05.07 08:30:00;Buy;0.02;EURGBP;0.85033;;0.85058;2025.05.07 08:46:18;0.85058;-0.13;;0.59;[tp]
2025.05.07 08:00:00;Buy;0.02;EURGBP;0.85019;;0.85044;2025.05.07 08:20:30;0.85044;-0.13;;0.59;[tp]
2025.05.07 05:45:01;Buy;0.02;EURGBP;0.84996;;0.85021;2025.05.07 07:50:19;0.85021;-0.13;;0.59;[tp]
2025.05.07 05:30:01;Buy;0.02;EURGBP;0.84970;;0.84995;2025.05.07 05:38:19;0.84995;-0.13;;0.59;[tp]
2025.05.07 04:15:00;Buy;0.02;EURGBP;0.84956;;0.84981;2025.05.07 05:25:49;0.84981;-0.13;;0.59;[tp]
2025.05.07 01:45:01;Sell;0.02;EURGBP;0.84964;;0.84895;2025.05.07 04:07:03;0.84895;-0.13;;1.63;[tp]
2025.05.07 01:30:00;Sell;0.02;EURGBP;0.84875;;0.84895;2025.05.07 04:07:03;0.84895;-0.13;;-0.47;[tp]
2025.05.07 01:15:00;Sell;0.02;EURGBP;0.84933;;0.84908;2025.05.07 01:16:33;0.84906;-0.13;;0.64;[tp]
2025.05.06 23:30:00;Sell;0.08;EURGBP;0.85084;;0.84962;2025.05.07 01:03:22;0.84959;-0.52;0.30;11.77;[tp]
2025.05.06 20:30:00;Sell;0.05;EURGBP;0.85011;;0.84962;2025.05.07 01:03:22;0.84959;-0.33;0.19;3.06;[tp]
2025.05.06 19:45:00;Sell;0.03;EURGBP;0.84928;;0.84962;2025.05.07 01:03:22;0.84959;-0.20;0.11;-1.09;[tp]
2025.05.06 18:15:00;Sell;0.02;EURGBP;0.84852;;0.84962;2025.05.07 01:03:22;0.84959;-0.13;0.07;-2.52;[tp]
2025.05.06 17:30:00;Sell;0.02;EURGBP;0.84763;;0.84962;2025.05.07 01:03:22;0.84959;-0.13;0.07;-4.61;[tp]
2025.05.06 17:15:02;Sell;0.02;EURGBP;0.84811;;0.84786;2025.05.06 17:19:54;0.84786;-0.13;;0.59;[tp]
2025.05.06 15:45:01;Buy;0.34;EURGBP;0.84676;;0.84822;2025.05.06 17:00:21;0.84822;-2.21;;58.52;[tp]
2025.05.06 14:45:00;Buy;0.21;EURGBP;0.84750;;0.84822;2025.05.06 17:00:21;0.84822;-1.37;;17.83;[tp]
2025.05.06 14:00:00;Buy;0.13;EURGBP;0.84834;;0.84822;2025.05.06 17:00:21;0.84822;-0.85;;-1.84;[tp]
2025.05.06 13:00:00;Buy;0.08;EURGBP;0.84947;;0.84822;2025.05.06 17:00:21;0.84822;-0.52;;-11.79;[tp]
2025.05.06 03:15:01;Buy;0.02;EURGBP;0.85056;;0.84822;2025.05.06 17:00:21;0.84822;-0.13;;-5.52;[tp]
2025.05.05 19:15:03;Buy;0.03;EURGBP;0.85138;;0.84822;2025.05.06 17:00:21;0.84822;-0.20;-0.24;-11.18;[tp]
2025.05.05 13:30:00;Buy;0.02;EURGBP;0.85233;;0.84822;2025.05.06 17:00:21;0.84822;-0.13;-0.16;-9.69;[tp]
2025.05.05 12:15:00;Buy;0.02;EURGBP;0.85311;;0.84822;2025.05.06 17:00:21;0.84822;-0.13;-0.16;-11.53;[tp]
2025.05.05 10:30:00;Buy;0.02;EURGBP;0.85221;;0.85290;2025.05.05 12:01:39;0.85290;-0.13;;1.62;[tp]
2025.05.05 02:45:01;Buy;0.02;EURGBP;0.85308;;0.85290;2025.05.05 12:01:39;0.85290;-0.13;;-0.42;[tp]
2025.05.05 00:15:16;Buy;0.01;EURGBP;0.85278;;0.85303;2025.05.05 02:42:41;0.85304;-0.07;;0.30;[tp]
2025.05.04 15:01:35;Balance;;;;;;;;;;500.00;
