Time;Type;Volume;Symbol;Price;S/L;T/P;Time;Price;Commission;Swap;Profit;Comment
2026.06.02 19:48:30;Sell;0.18;XAUUSD;4 485.65;4 492.69;4 449.04;2026.06.02 23:01:00;4 492.71;;4.96;-127.08;[sl]
2026.06.02 17:44:57;Sell;0.18;XAUUSD;4 489.81;4 483.00;4 453.20;2026.06.02 19:46:27;4 483.00;;;122.58;[sl]
2026.06.02 15:37:31;Sell;0.18;XAUUSD;4 502.09;4 489.94;4 465.31;2026.06.02 17:42:56;4 489.94;;;218.70;[sl]
2026.06.02 15:27:26;Sell;0.18;XAUUSD;4 493.65;4 500.71;4 457.06;2026.06.02 15:35:27;4 500.71;;;-127.08;[sl]
2026.06.02 15:02:10;Sell;0.18;XAUUSD;4 501.79;4 494.75;4 465.17;2026.06.02 15:25:25;4 494.75;;;126.72;[sl]
2026.06.02 14:28:15;Sell;0.17;XAUUSD;4 513.25;4 501.63;4 476.64;2026.06.02 15:00:09;4 501.63;;;197.54;[sl]
2026.06.02 14:08:12;Sell;0.17;XAUUSD;4 519.85;4 514.60;4 483.24;2026.06.02 14:26:13;4 514.60;;;89.25;[sl]
2026.06.02 14:02:21;Sell;0.17;XAUUSD;4 517.45;4 524.39;4 480.74;2026.06.02 14:06:06;4 524.39;;;-117.98;[sl]
2026.06.02 13:37:29;Sell;0.17;XAUUSD;4 526.90;4 517.34;4 490.32;2026.06.02 14:00:17;4 517.34;;;162.52;[sl]
2026.06.02 13:32:16;Sell;0.17;XAUUSD;4 526.30;4 533.38;4 489.73;2026.06.02 13:35:25;4 533.38;;;-120.36;[sl]
2026.06.02 11:50:22;Buy;0.17;XAUUSD;4 530.85;4 523.80;4 567.45;2026.06.02 13:30:15;4 523.80;;;-119.85;[sl]
2026.06.02 10:35:38;Sell;0.18;XAUUSD;4 525.89;4 532.94;4 489.29;2026.06.02 11:48:17;4 532.94;;;-126.90;[sl]
2026.06.02 08:58:24;Sell;0.17;XAUUSD;4 534.32;4 526.27;4 497.69;2026.06.02 10:33:38;4 526.27;;;136.85;[sl]
2026.06.02 08:24:34;Buy;0.18;XAUUSD;4 537.54;4 530.51;4 574.16;2026.06.02 08:47:41;4 530.51;;;-126.54;[sl]
2026.06.02 07:28:02;Buy;0.17;XAUUSD;4 531.06;4 537.16;4 567.61;2026.06.02 08:22:31;4 537.16;;;103.70;[sl]
2026.06.02 06:27:40;Buy;0.17;XAUUSD;4 521.53;4 526.59;4 558.11;2026.06.02 07:26:02;4 526.59;;;86.02;[sl]
2026.06.02 05:22:30;Buy;0.17;XAUUSD;4 506.41;4 517.31;4 543.00;2026.06.02 06:25:36;4 517.31;;;185.30;[sl]
2026.06.02 04:26:07;Buy;0.16;XAUUSD;4 491.98;4 506.97;4 528.46;2026.06.02 05:20:29;4 506.97;;;239.84;[sl]
2026.06.02 03:50:15;Sell;0.17;XAUUSD;4 474.86;4 481.91;4 438.26;2026.06.02 03:56:06;4 481.91;;;-119.85;[sl]
2026.06.02 03:33:25;Buy;0.17;XAUUSD;4 480.87;4 474.00;4 517.65;2026.06.02 03:48:10;4 474.00;;;-116.79;[sl]
2026.06.02 03:03:00;Sell;0.17;XAUUSD;4 478.28;4 485.41;4 441.76;2026.06.02 03:31:25;4 485.41;;;-121.21;[sl]
2026.06.02 02:55:18;Sell;0.17;XAUUSD;4 473.77;4 480.56;4 436.91;2026.06.02 03:00:58;4 480.56;;;-115.43;[sl]
2026.06.02 02:49:52;Sell;0.17;XAUUSD;4 474.89;4 467.29;4 438.29;2026.06.02 02:53:18;4 467.29;;;129.20;[sl]
2026.06.02 02:45:16;Buy;0.17;XAUUSD;4 480.55;4 473.50;4 517.15;2026.06.02 02:47:51;4 473.50;;;-119.85;[sl]
2026.06.02 02:30:01;Buy;0.18;XAUUSD;4 487.49;4 479.80;4 523.45;2026.06.02 02:43:15;4 479.80;;;-138.42;[sl]
2026.06.01 19:30:00;Sell;0.17;XAUUSD;4 486.84;4 480.89;4 450.24;2026.06.02 01:13:06;4 480.89;;4.69;101.15;[sl]
2026.06.01 18:30:05;Buy;0.17;XAUUSD;4 482.67;4 491.45;4 519.43;2026.06.01 18:49:50;4 491.45;;;149.26;[sl]
2026.06.01 17:08:27;Sell;0.17;XAUUSD;4 470.81;4 477.87;4 434.22;2026.06.01 17:53:13;4 477.87;;;-120.02;[sl]
2026.06.01 15:11:47;Sell;0.18;XAUUSD;4 459.03;4 466.32;4 422.67;2026.06.01 16:15:59;4 466.32;;;-131.22;[sl]
2026.06.01 14:55:01;Sell;0.18;XAUUSD;4 454.80;4 461.79;4 418.14;2026.06.01 15:09:45;4 461.79;;;-125.82;[sl]
2026.06.01 14:41:06;Sell;0.18;XAUUSD;4 467.27;4 459.71;4 430.94;2026.06.01 14:52:58;4 459.71;;;136.08;[sl]
2026.06.01 14:33:20;Sell;0.18;XAUUSD;4 467.78;4 474.68;4 431.03;2026.06.01 14:39:03;4 474.68;;;-124.20;[sl]
2026.06.01 14:23:49;Sell;0.18;XAUUSD;4 468.78;4 463.31;4 432.51;2026.06.01 14:31:20;4 463.87;;;88.38;[sl]
2026.06.01 14:19:08;Sell;0.17;XAUUSD;4 487.11;4 472.16;4 450.16;2026.06.01 14:21:48;4 472.16;;;254.15;[sl]
2026.06.01 14:16:42;Sell;0.17;XAUUSD;4 479.95;4 486.93;4 443.28;2026.06.01 14:17:07;4 486.93;;;-118.66;[sl]
2026.06.01 14:13:32;Sell;0.18;XAUUSD;4 478.28;4 485.38;4 441.73;2026.06.01 14:14:40;4 485.38;;;-127.80;[sl]
2026.06.01 14:06:01;Sell;0.17;XAUUSD;4 500.32;4 489.09;4 463.74;2026.06.01 14:11:28;4 489.09;;;190.91;[sl]
2026.06.01 12:57:43;Sell;0.17;XAUUSD;4 505.80;4 499.98;4 469.18;2026.06.01 14:03:58;4 499.98;;;98.94;[sl]
2026.06.01 12:01:05;Sell;0.17;XAUUSD;4 502.99;4 510.04;4 466.39;2026.06.01 12:19:52;4 510.04;;;-119.85;[sl]
2026.06.01 11:21:24;Buy;0.17;XAUUSD;4 497.85;4 506.82;4 534.49;2026.06.01 11:55:02;4 506.82;;;152.49;[sl]
2026.06.01 10:32:32;Sell;0.17;XAUUSD;4 492.48;4 499.56;4 455.91;2026.06.01 11:07:29;4 499.56;;;-120.36;[sl]
2026.06.01 09:49:36;Buy;0.18;XAUUSD;4 502.52;4 495.47;4 539.12;2026.06.01 10:30:31;4 495.47;;;-126.90;[sl]
2026.06.01 09:09:06;Sell;0.18;XAUUSD;4 495.20;4 502.09;4 458.44;2026.06.01 09:47:30;4 502.09;;;-124.02;[sl]
2026.06.01 09:00:00;Sell;0.18;XAUUSD;4 504.09;4 498.35;4 466.42;2026.06.01 09:07:02;4 498.35;;;103.32;[sl]
2026.06.01 08:48:30;Sell;0.18;XAUUSD;4 494.47;4 501.52;4 457.87;2026.06.01 08:57:58;4 501.52;;;-126.90;[sl]
2026.06.01 06:32:20;Sell;1.00;XAUUSD;4 515.27;4 522.53;4 478.88;2026.06.01 06:49:27;4 523.07;;;-780.00;[sl]
2026.06.01 05:47:51;Sell;1.00;XAUUSD;4 512.26;4 519.50;4 475.85;2026.06.01 06:12:32;4 519.77;;;-751.00;[sl]
2026.06.01 01:04:51;Buy;1.00;XAUUSD;4 545.81;4 538.51;4 582.16;2026.06.01 01:17:22;4 538.29;;;-752.00;[sl]
2026.05.31 23:30:05;Sell;1.00;XAUUSD;4 534.25;4 541.31;4 497.66;2026.06.01 00:08:58;4 541.70;;;-745.00;[sl]
2026.05.28 16:49:29;Buy;1.00;XAUUSD;4 479.86;4 472.65;4 516.30;2026.05.28 19:03:11;4 516.34;;;3 648.00;[tp]
2026.05.28 02:30:00;Sell;1.00;XAUUSD;4 418.81;4 426.19;4 382.54;2026.05.28 02:35:21;4 426.41;;;-760.00;[sl]
2026.05.27 13:11:40;Sell;1.00;XAUUSD;4 431.97;4 439.15;4 395.50;2026.05.27 13:18:21;4 439.71;;;-774.00;[sl]
2026.05.25 02:37:37;Buy;1.00;XAUUSD;4 571.55;4 564.10;4 607.75;2026.05.25 02:44:39;4 563.93;;;-762.00;[sl]
2026.05.25 01:06:39;Buy;1.00;XAUUSD;4 573.27;4 565.93;4 609.58;2026.05.25 02:07:32;4 565.46;;;-781.00;[sl]
2026.05.25 00:31:02;Buy;1.00;XAUUSD;4 577.42;4 570.13;4 613.78;2026.05.25 00:58:32;4 569.70;;;-772.00;[sl]
2026.05.25 00:00:00;Buy;1.00;XAUUSD;4 565.59;4 574.23;4 601.85;2026.05.25 00:25:58;4 573.91;;;832.00;[sl]
2026.05.22 02:41:59;Sell;1.00;XAUUSD;4 523.96;4 531.15;4 487.50;2026.05.22 02:50:11;4 531.69;;;-773.00;[sl]
2026.05.22 02:21:58;Sell;1.00;XAUUSD;4 531.74;4 526.61;4 495.24;2026.05.22 02:36:58;4 526.80;;;494.00;[sl]
2026.05.22 01:45:41;Buy;1.00;XAUUSD;4 537.21;4 529.98;4 573.63;2026.05.22 01:51:56;4 529.71;;;-750.00;[sl]
2026.05.22 01:26:16;Sell;1.00;XAUUSD;4 533.70;4 541.13;4 497.48;2026.05.22 01:38:19;4 541.43;;;-773.00;[sl]
2026.05.22 00:19:53;Sell;1.00;XAUUSD;4 541.58;4 534.68;4 505.18;2026.05.22 01:21:15;4 534.90;;;668.00;[sl]
2026.05.21 12:14:29;Buy;1.00;XAUUSD;4 516.25;4 509.05;4 552.70;2026.05.21 12:37:08;4 509.02;;;-723.00;[sl]
2026.05.21 11:42:28;Sell;1.00;XAUUSD;4 510.03;4 517.04;4 473.39;2026.05.21 11:44:22;4 517.60;;;-757.00;[sl]
2026.05.21 11:32:05;Sell;1.00;XAUUSD;4 509.71;4 516.77;4 473.12;2026.05.21 11:37:24;4 516.89;;;-718.00;[sl]
2026.05.21 10:52:09;Sell;1.00;XAUUSD;4 531.49;4 513.55;4 494.93;2026.05.21 11:27:02;4 513.82;;;1 767.00;[sl]
2026.05.21 10:37:17;Buy;1.00;XAUUSD;4 536.34;4 529.07;4 572.72;2026.05.21 10:45:38;4 529.03;;;-731.00;[sl]
2026.05.21 10:01:31;Buy;1.00;XAUUSD;4 533.60;4 538.80;4 570.07;2026.05.21 10:31:04;4 538.36;;;476.00;[sl]
2026.05.21 08:08:45;Sell;1.00;XAUUSD;4 520.06;4 527.24;4 483.59;2026.05.21 09:07:02;4 527.37;;;-731.00;[sl]
2026.05.21 07:35:16;Sell;1.00;XAUUSD;4 530.01;4 537.36;4 493.71;2026.05.21 07:36:52;4 529.97;;;4.00;
2026.05.21 02:50:31;Sell;1.00;XAUUSD;4 564.98;4 542.08;4 528.49;2026.05.21 03:30:04;4 542.39;;;2 259.00;[sl]
2026.05.21 02:17:40;Buy;1.00;XAUUSD;4 561.05;4 566.57;4 597.37;2026.05.21 02:45:20;4 566.37;;;532.00;[sl]
2026.05.21 02:10:01;Buy;1.00;XAUUSD;4 550.16;4 556.02;4 586.77;2026.05.21 02:12:36;4 555.94;;;578.00;[sl]
2026.05.20 04:10:56;Sell;1.00;XAUUSD;4 458.12;4 465.16;4 421.51;2026.05.20 04:37:17;4 465.20;;;-708.00;[sl]
2026.05.20 04:02:51;Buy;1.00;XAUUSD;4 465.74;4 459.15;4 502.80;2026.05.20 04:05:54;4 458.95;;;-679.00;[sl]
2026.05.20 03:00:11;Buy;1.00;XAUUSD;4 482.51;4 475.23;4 518.88;2026.05.20 03:31:13;4 474.91;;;-760.00;[sl]
2026.05.20 02:41:45;Sell;1.00;XAUUSD;4 465.12;4 472.31;4 428.66;2026.05.20 02:49:43;4 472.63;;;-751.00;[sl]
2026.05.20 02:30:01;Sell;1.00;XAUUSD;4 473.96;4 459.81;4 437.31;2026.05.20 02:36:41;4 460.26;;;1 370.00;[sl]
2026.05.20 02:10:01;Buy;1.00;XAUUSD;4 495.17;4 487.91;4 531.56;2026.05.20 02:23:09;4 487.74;;;-743.00;[sl]
2026.05.20 01:52:41;Sell;1.00;XAUUSD;4 502.49;4 494.18;4 465.59;2026.05.20 02:04:33;4 494.46;;;803.00;[sl]
2026.05.20 01:36:51;Sell;1.00;XAUUSD;4 501.15;4 508.32;4 464.67;2026.05.20 01:47:37;4 509.34;;;-819.00;[sl]
2026.05.20 01:25:02;Buy;1.00;XAUUSD;4 491.19;4 503.72;4 527.68;2026.05.20 01:31:48;4 503.98;;;1 279.00;[sl]
2026.05.19 07:54:20;Sell;1.00;XAUUSD;4 546.65;4 553.70;4 510.05;2026.05.19 08:09:13;4 555.10;;;-845.00;[sl]
2026.05.19 07:28:51;Buy;1.00;XAUUSD;4 550.90;4 543.74;4 587.39;2026.05.19 07:49:19;4 543.60;;;-730.00;[sl]
2026.05.19 06:55:05;Buy;1.00;XAUUSD;4 539.28;4 547.11;4 575.75;2026.05.19 07:23:45;4 546.90;;;762.00;[sl]
2026.05.19 04:10:57;Sell;1.00;XAUUSD;4 547.43;4 554.65;4 511.00;2026.05.19 04:39:08;4 554.85;;;-742.00;[sl]
2026.05.19 03:05:50;Sell;1.00;XAUUSD;4 558.02;4 548.29;4 521.65;2026.05.19 04:02:35;4 548.44;;;958.00;[sl]
2026.05.19 02:25:41;Sell;1.00;XAUUSD;4 556.53;4 563.74;4 520.09;2026.05.19 02:35:45;4 564.04;;;-751.00;[sl]
2026.05.19 02:05:31;Buy;1.00;XAUUSD;4 563.94;4 556.70;4 600.35;2026.05.19 02:20:32;4 556.81;;;-713.00;[sl]
2026.05.19 01:40:01;Sell;1.00;XAUUSD;4 568.85;4 562.08;4 532.05;2026.05.19 02:00:29;4 562.43;;;642.00;[sl]
2026.05.18 01:23:12;Buy;1.00;XAUUSD;4 526.00;4 518.71;4 562.36;2026.05.18 01:24:27;4 518.29;;;-771.00;[sl]
2026.05.18 00:45:32;Sell;1.00;XAUUSD;4 534.78;4 542.17;4 498.52;2026.05.18 00:53:00;4 542.51;;;-773.00;[sl]
2026.05.18 00:37:56;Buy;1.00;XAUUSD;4 541.75;4 534.45;4 578.10;2026.05.18 00:40:31;4 533.69;;;-806.00;[sl]
2026.05.17 23:55:26;Sell;1.00;XAUUSD;4 546.79;4 539.04;4 510.51;2026.05.18 00:32:53;4 539.43;;;736.00;[sl]
2026.05.17 23:35:02;Buy;1.00;XAUUSD;4 545.47;4 550.58;4 581.83;2026.05.17 23:50:24;4 550.19;;;472.00;[sl]
2026.05.15 09:23:45;Sell;1.00;XAUUSD;4 559.37;4 542.39;4 522.86;2026.05.15 10:16:38;4 542.67;;;1 670.00;[sl]
2026.05.15 09:01:16;Sell;1.00;XAUUSD;4 566.45;4 556.98;4 530.04;2026.05.15 09:18:45;4 557.45;;;900.00;[sl]
2026.05.15 08:40:40;Sell;1.00;XAUUSD;4 577.77;4 572.58;4 541.57;2026.05.15 08:56:04;4 572.26;;;551.00;[sl]
2026.05.15 08:22:10;Buy;1.00;XAUUSD;4 587.25;4 579.74;4 623.39;2026.05.15 08:26:11;4 579.54;;;-771.00;[sl]
2026.05.15 08:01:40;Buy;1.00;XAUUSD;4 569.83;4 583.09;4 606.28;2026.05.15 08:16:19;4 582.75;;;1 292.00;[sl]
2026.05.15 04:40:02;Buy;1.00;XAUUSD;4 615.61;4 608.07;4 651.72;2026.05.15 05:22:27;4 607.72;;;-789.00;[sl]
2026.05.15 03:43:52;Buy;1.00;XAUUSD;4 615.82;4 608.62;4 652.27;2026.05.15 04:34:36;4 608.51;;;-731.00;[sl]
2026.05.15 02:53:10;Sell;1.00;XAUUSD;4 610.58;4 617.60;4 573.95;2026.05.15 03:07:37;4 617.60;;;-702.00;[sl]
2026.05.15 02:45:01;Buy;1.00;XAUUSD;4 622.62;4 615.97;4 659.62;2026.05.15 02:48:07;4 616.03;;;-659.00;[sl]
2026.05.15 02:25:06;Sell;1.00;XAUUSD;4 619.66;4 611.93;4 583.58;2026.05.15 02:31:17;4 612.31;;;735.00;[sl]
2026.05.15 02:14:00;Sell;1.00;XAUUSD;4 613.21;4 620.39;4 576.74;2026.05.15 02:17:05;4 621.29;;;-808.00;[sl]
2026.05.15 02:04:15;Sell;1.00;XAUUSD;4 621.25;4 615.92;4 585.41;2026.05.15 02:09:00;4 616.19;;;506.00;[sl]
2026.05.15 01:51:08;Sell;1.00;XAUUSD;4 620.11;4 627.41;4 583.76;2026.05.15 01:59:02;4 627.98;;;-787.00;[sl]
2026.05.15 01:30:25;Sell;1.00;XAUUSD;4 628.00;4 618.33;4 591.16;2026.05.15 01:43:07;4 618.54;;;946.00;[sl]
2026.05.15 01:20:15;Sell;1.00;XAUUSD;4 651.97;4 633.56;4 615.45;2026.05.15 01:25:22;4 634.34;;;1 763.00;[sl]
2026.05.15 01:10:31;Sell;1.00;XAUUSD;4 648.55;4 655.86;4 612.21;2026.05.15 01:15:15;4 656.01;;;-746.00;[sl]
2026.05.14 14:25:32;Buy;1.00;XAUUSD;4 696.17;4 688.99;4 732.64;2026.05.14 14:29:33;4 688.83;;;-734.00;[sl]
2026.05.14 13:45:01;Sell;1.00;XAUUSD;4 697.71;4 704.63;4 660.98;2026.05.14 13:50:30;4 704.91;;;-720.00;[sl]
2026.05.14 03:38:01;Buy;1.00;XAUUSD;4 699.21;4 691.81;4 735.46;2026.05.14 03:41:10;4 691.65;;;-756.00;[sl]
2026.05.14 02:34:05;Sell;1.00;XAUUSD;4 689.71;4 697.13;4 653.48;2026.05.14 03:33:00;4 697.40;;;-769.00;[sl]
2026.05.13 15:45:20;Sell;1.00;XAUUSD;4 682.16;4 689.40;4 645.75;2026.05.13 16:10:04;4 689.67;;;-751.00;[sl]
2026.05.13 14:40:33;Sell;1.00;XAUUSD;4 676.97;4 684.17;4 640.52;2026.05.13 15:25:09;4 684.64;;;-767.00;[sl]
2026.05.13 14:13:07;Buy;1.00;XAUUSD;4 688.88;4 681.73;4 725.38;2026.05.13 14:35:31;4 681.42;;;-746.00;[sl]
2026.05.13 13:36:41;Sell;1.00;XAUUSD;4 681.15;4 688.65;4 645.00;2026.05.13 14:00:55;4 688.88;;;-773.00;[sl]
2026.05.13 03:00:11;Buy;1.00;XAUUSD;4 703.93;4 696.65;4 740.30;2026.05.13 03:30:54;4 696.54;;;-739.00;[sl]
2026.05.13 00:31:36;Buy;1.00;XAUUSD;4 721.24;4 713.99;4 757.64;2026.05.13 02:00:00;4 713.61;;;-763.00;[sl]
2026.05.13 00:00:01;Sell;1.00;XAUUSD;4 716.47;4 723.96;4 680.31;2026.05.13 00:25:02;4 724.32;;;-785.00;[sl]
2026.05.12 14:43:30;Buy;1.00;XAUUSD;4 701.54;4 694.30;4 737.95;2026.05.12 14:47:12;4 694.26;;;-728.00;[sl]
2026.05.12 13:40:56;Buy;1.00;XAUUSD;4 704.13;4 697.06;4 740.71;2026.05.12 14:04:14;4 696.83;;;-730.00;[sl]
2026.05.12 13:18:17;Buy;1.00;XAUUSD;4 704.36;4 697.20;4 740.85;2026.05.12 13:24:59;4 696.80;;;-756.00;[sl]
2026.05.12 11:16:31;Buy;1.00;XAUUSD;4 701.07;4 693.84;4 737.49;2026.05.12 11:32:07;4 693.26;;;-781.00;[sl]
2026.05.12 08:42:19;Buy;1.00;XAUUSD;4 702.19;4 693.41;4 744.41;2026.05.12 11:32:07;4 693.07;;;-912.00;[sl]
2026.05.12 10:20:58;Sell;1.00;XAUUSD;4 698.71;4 705.89;4 662.24;2026.05.12 11:07:17;4 706.33;;;-762.00;[sl]
2026.05.12 09:15:12;Sell;1.00;XAUUSD;4 698.68;4 705.89;4 662.24;2026.05.12 09:45:52;4 706.16;;;-748.00;[sl]
2026.05.12 08:13:19;Sell;1.00;XAUUSD;4 696.95;4 704.06;4 660.41;2026.05.12 08:57:55;4 704.17;;;-722.00;[sl]
2026.05.12 07:35:14;Sell;1.00;XAUUSD;4 703.55;4 692.96;4 667.04;2026.05.12 08:08:55;4 693.83;;;972.00;[sl]
2026.05.12 07:35:14;Sell;1.00;XAUUSD;4 703.55;4 691.93;4 667.04;2026.05.12 08:08:17;4 692.07;;;1 148.00;[sl]
2026.05.12 06:36:08;Buy;1.00;XAUUSD;4 715.73;4 708.53;4 752.18;2026.05.12 07:00:12;4 708.47;;;-726.00;[sl]
2026.05.12 06:57:21;Buy;1.00;XAUUSD;4 718.74;4 711.27;4 754.92;2026.05.12 07:00:09;4 711.22;;;-752.00;[sl]
2026.05.12 06:02:16;Sell;1.00;XAUUSD;4 715.00;4 722.13;4 678.48;2026.05.12 06:31:17;4 722.39;;;-739.00;[sl]
2026.05.12 06:00:55;Sell;1.00;XAUUSD;4 712.46;4 719.60;4 675.95;2026.05.12 06:30:52;4 719.94;;;-748.00;[sl]
2026.05.12 03:16:01;Sell;1.00;XAUUSD;4 729.07;4 716.54;4 692.68;2026.05.12 05:57:13;4 716.79;;;1 228.00;[sl]
2026.05.12 03:00:45;Sell;1.00;XAUUSD;4 730.15;4 714.74;4 693.32;2026.05.12 05:55:53;4 714.90;;;1 525.00;[sl]
2026.05.12 02:48:05;Sell;1.00;XAUUSD;4 726.63;4 733.88;4 690.23;2026.05.12 03:10:59;4 733.98;;;-735.00;[sl]
2026.05.12 02:28:25;Sell;1.00;XAUUSD;4 734.92;4 725.69;4 698.33;2026.05.12 02:43:02;4 726.26;;;866.00;[sl]
2026.05.12 01:28:39;Buy;1.00;XAUUSD;4 763.18;4 755.82;4 799.47;2026.05.12 01:53:22;4 755.59;;;-759.00;[sl]
2026.05.12 01:28:39;Buy;1.00;XAUUSD;4 763.15;4 755.82;4 799.47;2026.05.12 01:53:22;4 755.59;;;-756.00;[sl]
2026.05.12 01:05:25;Buy;1.00;XAUUSD;4 764.54;4 757.21;4 800.86;2026.05.12 01:23:36;4 756.42;;;-812.00;[sl]
2026.05.12 01:05:20;Buy;1.00;XAUUSD;4 764.65;4 757.26;4 800.91;2026.05.12 01:23:36;4 756.15;;;-850.00;[sl]
2026.05.12 00:00:00;Buy;1.00;XAUUSD;4 752.68;4 764.39;4 788.24;2026.05.12 01:00:24;4 764.27;;;1 159.00;[sl]
2026.05.12 00:00:00;Buy;1.00;XAUUSD;4 752.68;4 765.46;4 788.24;2026.05.12 01:00:18;4 765.50;;;1 282.00;[sl]
2026.05.11 23:30:00;Buy;1.00;XAUUSD;4 740.08;4 749.93;4 776.78;2026.05.11 23:59:10;4 749.80;;;972.00;[sl]
2026.05.11 18:31:01;Buy;1.00;XAUUSD;4 721.72;4 732.77;4 758.10;2026.05.11 21:11:46;4 732.32;;;1 060.00;[sl]
2026.05.11 17:48:46;Sell;1.00;XAUUSD;4 714.10;4 721.22;4 677.57;2026.05.11 18:25:27;4 721.50;;;-740.00;[sl]
2026.05.11 17:20:02;Sell;1.00;XAUUSD;4 726.34;4 713.37;4 689.89;2026.05.11 17:43:45;4 713.71;;;1 263.00;[sl]
2026.05.11 16:29:01;Buy;1.00;XAUUSD;4 733.23;4 726.04;4 769.69;2026.05.11 16:45:01;4 725.85;;;-738.00;[sl]
2026.05.11 15:49:02;Sell;1.00;XAUUSD;4 728.86;4 737.30;4 686.30;2026.05.11 16:24:01;4 737.72;;;-886.00;[sl]
2026.05.11 15:10:45;Sell;1.00;XAUUSD;4 724.01;4 732.45;4 681.45;2026.05.11 15:13:59;4 732.55;;;-854.00;[sl]
2026.05.11 14:33:05;Buy;1.00;XAUUSD;4 736.21;4 726.81;4 777.81;2026.05.11 15:05:43;4 726.61;;;-960.00;[sl]
2026.05.11 14:16:05;Buy;1.00;XAUUSD;4 722.44;4 730.61;4 764.42;2026.05.11 14:28:03;4 729.94;;;750.00;[sl]
2026.05.11 14:12:20;Buy;1.00;XAUUSD;4 715.08;4 729.77;4 751.87;2026.05.11 14:21:32;4 729.50;;;1 442.00;[sl]
2026.05.11 13:26:05;Buy;1.00;XAUUSD;4 688.02;4 712.78;4 730.52;2026.05.11 14:11:03;4 712.39;;;2 437.00;[sl]
2026.05.11 13:52:53;Buy;1.00;XAUUSD;4 692.35;4 712.73;4 728.75;2026.05.11 14:07:16;4 712.56;;;2 021.00;[sl]
2026.05.11 13:37:30;Buy;1.00;XAUUSD;4 697.00;4 689.87;4 733.52;2026.05.11 13:47:49;4 689.61;;;-739.00;[sl]
2026.05.11 13:13:55;Sell;1.00;XAUUSD;4 667.72;4 676.40;4 625.40;2026.05.11 13:21:02;4 676.41;;;-869.00;[sl]
2026.05.11 01:58:12;Sell;1.00;XAUUSD;4 678.22;4 685.18;4 641.53;2026.05.11 02:00:00;4 685.56;;;-734.00;[sl]
2026.05.11 01:57:32;Sell;1.00;XAUUSD;4 677.05;4 684.28;4 640.63;2026.05.11 01:59:54;4 684.42;;;-737.00;[sl]
2026.05.11 01:39:21;Sell;1.00;XAUUSD;4 687.34;4 678.18;4 650.44;2026.05.11 01:53:11;4 679.03;;;831.00;[sl]
2026.05.11 01:35:10;Buy;1.00;XAUUSD;4 692.47;4 685.42;4 729.07;2026.05.11 01:52:29;4 685.23;;;-724.00;[sl]
2026.05.11 01:25:50;Sell;1.00;XAUUSD;4 685.92;4 693.10;4 649.45;2026.05.11 01:32:51;4 693.32;;;-740.00;[sl]
2026.05.10 23:30:02;Sell;1.00;XAUUSD;4 693.24;4 681.19;4 656.43;2026.05.11 01:20:47;4 681.53;;;1 171.00;[sl]
2026.05.11 00:09:40;Buy;1.00;XAUUSD;4 694.76;4 687.60;4 731.25;2026.05.11 01:00:08;4 687.06;;;-770.00;[sl]
2026.05.10 23:38:52;Sell;1.00;XAUUSD;4 688.83;4 695.93;4 652.28;2026.05.11 00:04:38;4 696.09;;;-726.00;[sl]
2026.05.08 16:36:06;Buy;1.00;XAUUSD;4 713.56;4 707.01;4 750.16;2026.05.08 16:43:40;4 705.79;;;-777.00;[sl]
2026.05.08 16:30:00;Buy;1.00;XAUUSD;4 713.99;4 707.01;4 750.16;2026.05.08 16:30:53;4 705.98;;;-801.00;[sl]
2026.05.08 16:01:00;Sell;1.00;XAUUSD;4 716.32;4 709.34;4 679.90;2026.05.08 16:14:35;4 709.64;;;668.00;[sl]
2026.05.08 15:29:17;Sell;1.00;XAUUSD;4 722.18;4 716.36;4 685.55;2026.05.08 15:54:38;4 716.64;;;554.00;[sl]
2026.05.08 15:06:33;Buy;1.00;XAUUSD;4 734.46;4 727.92;4 771.07;2026.05.08 15:08:13;4 727.83;;;-663.00;[sl]
2026.05.08 14:33:33;Buy;1.00;XAUUSD;4 741.38;4 734.31;4 777.46;2026.05.08 15:06:30;4 734.21;;;-717.00;[sl]
2026.05.08 14:23:19;Buy;1.00;XAUUSD;4 726.30;4 734.84;4 762.85;2026.05.08 14:31:21;4 734.40;;;810.00;[sl]
2026.05.08 14:14:03;Buy;1.00;XAUUSD;4 717.69;4 724.28;4 754.08;2026.05.08 14:18:15;4 724.09;;;640.00;[sl]
2026.05.08 13:52:11;Buy;1.00;XAUUSD;4 725.60;4 718.90;4 762.05;2026.05.08 14:09:00;4 718.75;;;-685.00;[sl]
2026.05.08 07:20:23;Buy;1.00;XAUUSD;4 727.24;4 720.69;4 763.84;2026.05.08 08:07:50;4 720.49;;;-675.00;[sl]
2026.05.08 07:00:00;Buy;1.00;XAUUSD;4 728.33;4 721.49;4 764.64;2026.05.08 07:00:21;4 721.02;;;-731.00;[sl]
2026.05.08 06:00:00;Sell;1.00;XAUUSD;4 710.82;4 717.50;4 674.35;2026.05.08 06:28:57;4 717.85;;;-703.00;[sl]
2026.05.08 05:11:35;Sell;1.00;XAUUSD;4 718.51;4 711.41;4 682.05;2026.05.08 05:44:33;4 711.62;;;689.00;[sl]
2026.05.08 04:40:47;Buy;1.00;XAUUSD;4 723.11;4 716.45;4 759.60;2026.05.08 05:06:32;4 716.32;;;-679.00;[sl]
2026.05.08 04:15:09;Buy;1.00;XAUUSD;4 721.44;4 728.90;4 757.12;2026.05.08 04:35:45;4 728.85;;;741.00;[sl]
2026.05.08 04:00:15;Sell;1.00;XAUUSD;4 713.98;4 720.65;4 677.50;2026.05.08 04:15:02;4 721.35;;;-737.00;[sl]
2026.05.08 03:17:01;Buy;1.00;XAUUSD;4 720.13;4 714.70;4 757.85;2026.05.08 03:36:06;4 714.53;;;-560.00;[sl]
2026.05.08 02:20:12;Buy;1.00;XAUUSD;4 717.38;4 710.54;4 753.69;2026.05.08 02:31:03;4 709.82;;;-756.00;[sl]
2026.05.08 02:06:50;Buy;1.00;XAUUSD;4 719.38;4 712.53;4 755.68;2026.05.08 02:15:10;4 712.34;;;-704.00;[sl]
2026.05.08 01:48:57;Buy;1.00;XAUUSD;4 702.30;4 713.96;4 738.75;2026.05.08 02:01:46;4 713.65;;;1 135.00;[sl]
2026.05.08 01:27:14;Buy;1.00;XAUUSD;4 703.46;4 696.67;4 739.82;2026.05.08 01:28:55;4 696.39;;;-707.00;[sl]
2026.05.08 01:20:50;Sell;1.00;XAUUSD;4 694.75;4 701.44;4 658.29;2026.05.08 01:22:14;4 701.71;;;-696.00;[sl]
2026.05.08 01:00:00;Buy;1.00;XAUUSD;4 705.38;4 697.96;4 741.11;2026.05.08 01:15:48;4 697.88;;;-750.00;[sl]
2026.05.08 00:14:54;Buy;1.00;XAUUSD;4 691.80;4 700.12;4 728.12;2026.05.08 00:49:52;4 699.83;;;803.00;[sl]
2026.05.08 00:00:00;Sell;1.00;XAUUSD;4 685.47;4 692.11;4 648.96;2026.05.08 00:09:54;4 692.32;;;-685.00;[sl]
2026.05.07 20:58:37;Sell;1.00;XAUUSD;4 704.40;4 711.08;4 667.93;2026.05.07 21:02:04;4 711.58;;;-718.00;[sl]
2026.05.07 20:44:05;Buy;1.00;XAUUSD;4 710.88;4 704.24;4 747.39;2026.05.07 20:52:05;4 704.09;;;-679.00;[sl]
2026.05.07 20:32:00;Sell;1.00;XAUUSD;4 704.66;4 711.24;4 668.09;2026.05.07 20:38:44;4 711.30;;;-664.00;[sl]
2026.05.07 20:01:45;Sell;1.00;XAUUSD;4 707.39;4 700.32;4 671.09;2026.05.07 20:25:46;4 700.66;;;673.00;[sl]
2026.05.07 19:49:42;Sell;1.00;XAUUSD;4 701.63;4 708.31;4 665.16;2026.05.07 19:55:43;4 708.27;;;-664.00;[sl]
2026.05.07 19:30:01;Buy;1.00;XAUUSD;4 713.45;4 706.72;4 749.87;2026.05.07 19:44:39;4 706.71;;;-674.00;[sl]
2026.05.07 18:37:50;Sell;1.00;XAUUSD;4 700.46;4 707.07;4 663.92;2026.05.07 18:56:31;4 708.31;;;-785.00;[sl]
2026.05.07 18:30:45;Sell;1.00;XAUUSD;4 697.35;4 703.74;4 660.59;2026.05.07 18:32:48;4 703.92;;;-657.00;[sl]
2026.05.07 18:25:36;Buy;1.00;XAUUSD;4 717.75;4 711.92;4 755.07;2026.05.07 18:25:44;4 711.14;;;-661.00;[sl]
2026.05.07 17:25:05;Sell;1.00;XAUUSD;4 717.80;4 707.57;4 681.66;2026.05.07 18:19:43;4 708.07;;;973.00;[sl]
2026.05.07 17:12:25;Sell;1.00;XAUUSD;4 713.74;4 706.91;4 676.84;2026.05.07 17:20:02;4 707.73;;;601.00;[sl]
2026.05.07 17:00:00;Sell;1.00;XAUUSD;4 729.06;4 722.56;4 692.82;2026.05.07 17:07:21;4 722.59;;;647.00;[sl]
2026.05.07 16:20:27;Buy;1.00;XAUUSD;4 756.15;4 749.37;4 792.52;2026.05.07 16:24:28;4 748.68;;;-747.00;[sl]
2026.05.07 15:56:16;Buy;1.00;XAUUSD;4 760.73;4 754.20;4 797.35;2026.05.07 16:15:26;4 754.28;;;-645.00;[sl]
2026.05.07 15:39:20;Buy;1.00;XAUUSD;4 751.55;4 758.16;4 788.12;2026.05.07 15:51:15;4 758.06;;;651.00;[sl]
2026.05.07 15:27:20;Buy;1.00;XAUUSD;4 757.66;4 750.99;4 794.14;2026.05.07 15:34:19;4 750.67;;;-699.00;[sl]
2026.05.07 14:55:20;Buy;1.00;XAUUSD;4 746.91;4 755.01;4 783.49;2026.05.07 15:22:18;4 754.88;;;797.00;[sl]
2026.05.07 14:38:00;Buy;1.00;XAUUSD;4 752.93;4 746.24;4 789.39;2026.05.07 14:45:46;4 745.91;;;-702.00;[sl]
2026.05.07 14:22:01;Buy;1.00;XAUUSD;4 743.38;4 753.24;4 780.24;2026.05.07 14:33:00;4 752.95;;;957.00;[sl]
2026.05.07 14:09:15;Sell;1.00;XAUUSD;4 739.75;4 733.59;4 703.29;2026.05.07 14:14:54;4 734.08;;;567.00;[sl]
2026.05.07 13:36:20;Buy;1.00;XAUUSD;4 745.86;4 739.06;4 782.21;2026.05.07 14:04:15;4 738.82;;;-704.00;[sl]
2026.05.07 13:30:50;Buy;1.00;XAUUSD;4 741.27;4 747.26;4 777.63;2026.05.07 13:31:14;4 747.16;;;589.00;[sl]
2026.05.07 12:54:26;Buy;1.00;XAUUSD;4 740.00;4 733.35;4 776.50;2026.05.07 13:25:18;4 733.33;;;-667.00;[sl]
2026.05.07 12:19:45;Buy;1.00;XAUUSD;4 731.63;4 737.54;4 768.13;2026.05.07 12:48:50;4 737.49;;;586.00;[sl]
2026.05.07 11:52:04;Buy;1.00;XAUUSD;4 737.37;4 730.72;4 773.87;2026.05.07 12:12:53;4 730.33;;;-704.00;[sl]
2026.05.07 10:57:00;Buy;1.00;XAUUSD;4 730.73;4 737.60;4 767.14;2026.05.07 11:47:02;4 737.13;;;640.00;[sl]
2026.05.07 05:45:04;Balance;;;;;;;;;;-24 000.00;Withdrawal
2026.05.07 03:58:15;Sell;1.00;XAUUSD;4 709.65;4 697.93;4 688.01;2026.05.07 05:22:25;4 698.14;;;1 151.00;[sl]
2026.05.07 03:30:00;Sell;1.00;XAUUSD;4 701.94;4 709.99;4 680.89;2026.05.07 03:58:13;4 710.32;;;-838.00;[sl]
2026.05.07 01:30:00;Sell;1.00;XAUUSD;4 692.29;4 699.69;4 670.59;2026.05.07 02:10:12;4 700.01;;;-772.00;[sl]
2026.05.07 00:25:41;Sell;1.00;XAUUSD;4 692.66;4 700.13;4 671.03;2026.05.07 01:00:20;4 700.74;;;-808.00;[sl]
2026.05.06 19:20:33;Buy;1.00;XAUUSD;4 689.69;4 682.63;4 746.18;2026.05.07 00:26:47;4 692.64;;-246.05;295.00;
2026.05.06 18:20:30;Sell;1.00;XAUUSD;4 680.63;4 687.89;4 624.34;2026.05.06 19:15:29;4 688.05;;;-742.00;[sl]
2026.05.06 16:40:37;Sell;1.00;XAUUSD;4 692.12;4 684.22;4 635.62;2026.05.06 18:02:27;4 684.42;;;770.00;[sl]
2026.05.06 16:18:20;Buy;1.00;XAUUSD;4 699.79;4 692.54;4 756.09;2026.05.06 16:35:36;4 692.47;;;-732.00;[sl]
2026.05.06 16:00:01;Buy;1.00;XAUUSD;4 703.39;4 696.16;4 759.71;2026.05.06 16:13:19;4 696.03;;;-736.00;[sl]
2026.05.06 14:20:12;Sell;1.00;XAUUSD;4 682.95;4 690.29;4 626.74;2026.05.06 14:32:31;4 690.41;;;-746.00;[sl]
2026.05.06 14:06:35;Sell;1.00;XAUUSD;4 679.16;4 686.23;4 622.68;2026.05.06 14:15:12;4 686.77;;;-761.00;[sl]
2026.05.06 13:24:38;Sell;1.00;XAUUSD;4 683.15;4 690.08;4 626.53;2026.05.06 14:01:34;4 690.28;;;-713.00;[sl]
2026.05.06 13:16:17;Sell;1.00;XAUUSD;4 674.53;4 665.24;4 617.91;2026.05.06 13:19:35;4 665.44;;;909.00;[sl]
2026.05.06 13:00:01;Sell;1.00;XAUUSD;4 692.70;4 680.58;4 635.78;2026.05.06 13:11:13;4 680.74;;;1 196.00;[sl]
2026.05.06 11:36:36;Buy;1.00;XAUUSD;4 710.01;4 702.81;4 766.36;2026.05.06 12:43:03;4 701.90;;;-811.00;[sl]
2026.05.06 10:10:05;Buy;1.00;XAUUSD;4 695.84;4 707.87;4 752.22;2026.05.06 11:31:35;4 707.55;;;1 171.00;[sl]
2026.05.06 09:55:56;Buy;1.00;XAUUSD;4 697.53;4 690.48;4 754.03;2026.05.06 10:05:05;4 690.52;;;-701.00;[sl]
2026.05.06 08:45:04;Buy;1.00;XAUUSD;4 671.31;4 698.71;4 727.44;2026.05.06 09:50:52;4 698.03;;;2 672.00;[sl]
2026.05.06 07:48:50;Buy;1.00;XAUUSD;4 665.50;4 658.37;4 721.92;2026.05.06 08:15:04;4 658.24;;;-726.00;[sl]
2026.05.06 02:10:02;Buy;1.00;XAUUSD;4 613.04;4 621.01;4 649.51;2026.05.06 02:30:41;4 620.80;;;776.00;[sl]
2026.05.06 01:40:05;Buy;1.00;XAUUSD;4 608.73;4 619.18;4 630.28;2026.05.06 02:00:13;4 618.83;;;1 010.00;[sl]
2026.05.06 00:51:56;Buy;1.00;XAUUSD;4 592.76;4 607.69;4 614.43;2026.05.06 01:40:02;4 607.49;;;1 473.00;[sl]
2026.05.06 00:30:25;Buy;1.00;XAUUSD;4 580.90;4 592.28;4 602.52;2026.05.06 00:51:55;4 592.09;;;1 119.00;[sl]
2026.05.06 00:13:28;Buy;1.00;XAUUSD;4 587.56;4 580.54;4 609.64;2026.05.06 00:30:23;4 580.25;;;-731.00;[sl]
2026.05.06 00:00:05;Buy;1.00;XAUUSD;4 574.63;4 586.34;4 596.19;2026.05.06 00:13:24;4 585.86;;;1 123.00;[sl]
2026.05.05 20:00:01;Buy;1.00;XAUUSD;4 561.82;4 554.13;4 583.23;2026.05.05 20:55:09;4 554.06;;;-776.00;[sl]
2026.05.05 15:25:30;Buy;1.00;XAUUSD;4 582.90;4 574.92;4 621.82;2026.05.05 16:40:15;4 574.81;;;-809.00;[sl]
2026.05.05 14:15:03;Buy;1.00;XAUUSD;4 578.84;4 570.34;4 617.24;2026.05.05 15:15:21;4 569.98;;;-886.00;[sl]
2026.05.05 15:08:35;Buy;1.00;XAUUSD;4 583.27;4 576.24;4 619.39;2026.05.05 15:13:33;4 575.68;;;-759.00;[sl]
2026.05.05 15:00:00;Buy;1.00;XAUUSD;4 582.70;4 575.76;4 618.91;2026.05.05 15:03:55;4 575.62;;;-708.00;[sl]
2026.05.05 13:32:15;Buy;1.00;XAUUSD;4 567.96;4 578.31;4 606.55;2026.05.05 14:15:00;4 578.17;;;1 021.00;[sl]
2026.05.05 13:06:45;Buy;1.00;XAUUSD;4 564.12;4 567.12;4 602.69;2026.05.05 13:32:09;4 566.95;;;283.00;[sl]
2026.05.05 12:12:16;Buy;1.00;XAUUSD;4 553.05;4 556.05;4 591.66;2026.05.05 13:03:36;4 555.87;;;282.00;[sl]
2026.05.05 09:27:12;Buy;1.00;XAUUSD;4 554.41;4 545.88;4 592.78;2026.05.05 11:43:51;4 545.81;;;-860.00;[sl]
2026.05.05 07:54:12;Buy;1.00;XAUUSD;4 550.94;4 543.46;4 572.56;2026.05.05 08:56:51;4 543.26;;;-768.00;[sl]
2026.05.05 07:00:01;Buy;1.00;XAUUSD;4 546.26;4 538.74;4 567.84;2026.05.05 07:20:00;4 538.50;;;-776.00;[sl]
2026.05.05 06:30:01;Buy;1.00;XAUUSD;4 540.81;4 543.81;4 562.08;2026.05.05 06:55:43;4 543.53;;;272.00;[sl]
2026.05.05 06:02:02;Buy;1.00;XAUUSD;4 535.02;4 538.02;4 556.75;2026.05.05 06:17:45;4 537.72;;;270.00;[sl]
2026.05.05 03:30:30;Sell;1.00;XAUUSD;4 541.41;4 530.95;4 519.72;2026.05.05 05:30:48;4 531.16;;;1 025.00;[sl]
2026.05.05 01:27:08;Sell;1.00;XAUUSD;4 515.26;4 522.87;4 493.77;2026.05.05 01:43:26;4 523.19;;;-793.00;[sl]
2026.05.04 11:04:26;Sell;1.00;XAUUSD;4 556.57;4 545.78;4 517.89;2026.05.04 11:09:24;4 546.19;;;1 038.00;[sl]
2026.05.04 11:02:33;Sell;1.00;XAUUSD;4 568.98;4 554.09;4 530.40;2026.05.04 11:04:23;4 553.93;;;1 505.00;[sl]
2026.05.04 09:14:36;Sell;1.00;XAUUSD;4 579.99;4 569.20;4 541.48;2026.05.04 11:02:32;4 569.32;;;1 067.00;[sl]
2026.05.04 08:53:00;Sell;1.00;XAUUSD;4 583.44;4 580.44;4 544.94;2026.05.04 09:14:34;4 580.57;;;287.00;[sl]
2026.05.04 07:50:27;Sell;1.00;XAUUSD;4 591.63;4 588.63;4 569.94;2026.05.04 08:45:46;4 588.68;;;295.00;[sl]
2026.05.04 06:34:46;Sell;1.00;XAUUSD;4 594.74;4 591.74;4 573.13;2026.05.04 07:50:23;4 591.81;;;293.00;[sl]
2026.05.04 05:30:00;Sell;1.00;XAUUSD;4 607.85;4 595.23;4 586.20;2026.05.04 06:34:41;4 595.38;;;1 247.00;[sl]
2026.05.04 04:40:07;Sell;1.00;XAUUSD;4 600.39;4 607.67;4 578.57;2026.05.04 04:45:04;4 608.07;;;-768.00;[sl]
2026.05.04 03:37:59;Sell;1.00;XAUUSD;4 600.42;4 607.77;4 578.67;2026.05.04 03:53:32;4 608.20;;;-778.00;[sl]
2026.05.04 03:30:00;Sell;1.00;XAUUSD;4 592.17;4 600.14;4 571.04;2026.05.04 03:37:56;4 600.60;;;-843.00;[sl]
2026.05.04 02:51:19;Sell;1.00;XAUUSD;4 605.20;4 612.61;4 583.51;2026.05.04 02:59:17;4 612.91;;;-771.00;[sl]
2026.05.04 02:11:23;Sell;1.00;XAUUSD;4 598.40;4 605.56;4 576.46;2026.05.04 02:51:17;4 605.76;;;-736.00;[sl]
2026.05.04 01:17:34;Sell;1.00;XAUUSD;4 609.70;4 598.90;4 588.18;2026.05.04 02:11:20;4 599.08;;;1 062.00;[sl]
2026.05.04 00:29:38;Sell;1.00;XAUUSD;4 617.11;4 614.11;4 595.47;2026.05.04 01:07:36;4 614.34;;;277.00;[sl]
2026.05.03 23:53:42;Sell;1.00;XAUUSD;4 620.52;4 617.52;4 598.49;2026.05.04 00:29:36;4 618.09;;;243.00;[sl]
2026.05.01 21:12:08;Sell;1.00;XAUUSD;4 610.41;4 617.86;4 588.76;2026.05.03 23:05:00;4 625.74;;27.56;-1 533.00;[sl]
2026.05.01 20:38:53;Sell;1.00;XAUUSD;4 617.24;4 610.74;4 595.64;2026.05.01 21:12:05;4 611.11;;;613.00;[sl]
2026.05.01 19:52:07;Sell;1.00;XAUUSD;4 624.41;4 617.91;4 602.86;2026.05.01 20:38:52;4 618.00;;;641.00;[sl]
2026.05.01 19:15:33;Sell;1.00;XAUUSD;4 618.11;4 625.62;4 596.52;2026.05.01 19:50:56;4 625.79;;;-768.00;[sl]
2026.05.01 18:53:19;Sell;1.00;XAUUSD;4 629.07;4 618.32;4 607.51;2026.05.01 19:15:32;4 618.72;;;1 035.00;[sl]
2026.05.01 17:32:13;Sell;1.00;XAUUSD;4 636.59;4 630.09;4 597.99;2026.05.01 18:53:15;4 630.39;;;620.00;[sl]
2026.05.01 16:07:02;Sell;1.00;XAUUSD;4 622.71;4 631.49;4 584.59;2026.05.01 16:12:37;4 631.57;;;-886.00;[sl]
2026.05.01 16:00:20;Sell;1.00;XAUUSD;4 631.54;4 625.04;4 592.89;2026.05.01 16:06:52;4 625.28;;;626.00;[sl]
2026.05.01 14:00:05;Sell;1.00;XAUUSD;4 589.91;4 598.46;4 551.56;2026.05.01 14:33:42;4 598.66;;;-875.00;[sl]
2026.05.01 09:31:51;Sell;1.00;XAUUSD;4 568.35;4 576.73;4 529.83;2026.05.01 12:36:42;4 577.07;;;-872.00;[sl]
2026.05.01 09:00:40;Sell;1.00;XAUUSD;4 579.10;4 568.93;4 540.50;2026.05.01 09:31:47;4 569.16;;;994.00;[sl]
2026.05.01 08:22:22;Sell;1.00;XAUUSD;4 587.42;4 580.92;4 549.27;2026.05.01 09:00:38;4 581.13;;;629.00;[sl]
2026.05.01 06:30:01;Buy;1.00;XAUUSD;4 615.00;4 607.54;4 636.64;2026.05.01 06:45:44;4 607.29;;;-771.00;[sl]
2026.05.01 04:30:01;Buy;1.00;XAUUSD;4 627.09;4 620.04;4 649.14;2026.05.01 05:08:56;4 619.84;;;-725.00;[sl]
2026.05.01 00:00:23;Buy;1.00;XAUUSD;4 630.53;4 623.05;4 652.15;2026.05.01 01:13:16;4 622.35;;;-818.00;[sl]
2026.04.30 06:41:32;Buy;1.00;XAUUSD;4 565.28;4 575.74;4 586.84;2026.04.30 07:36:00;4 575.49;;;1 021.00;[sl]
2026.04.30 06:08:04;Buy;1.00;XAUUSD;4 552.72;4 564.11;4 574.41;2026.04.30 06:41:28;4 564.09;;;1 137.00;[sl]
2026.04.30 05:05:12;Sell;1.00;XAUUSD;4 553.75;4 547.25;4 532.83;2026.04.30 05:45:24;4 547.44;;;631.00;[sl]
2026.04.30 03:39:26;Sell;1.00;XAUUSD;4 564.49;4 553.89;4 542.68;2026.04.30 05:05:00;4 554.41;;;1 008.00;[sl]
2026.04.30 03:12:22;Sell;1.00;XAUUSD;4 574.71;4 564.61;4 553.11;2026.04.30 03:39:22;4 565.10;;;961.00;[sl]
2026.04.30 01:32:43;Sell;1.00;XAUUSD;4 564.00;4 571.52;4 542.42;2026.04.30 01:46:30;4 571.69;;;-769.00;[sl]
2026.04.29 13:57:35;Sell;1.00;XAUUSD;4 545.64;4 539.14;4 507.23;2026.04.29 14:20:14;4 539.24;;;640.00;[sl]
2026.04.29 13:34:37;Sell;1.00;XAUUSD;4 553.47;4 546.97;4 514.98;2026.04.29 13:57:31;4 546.88;;;659.00;[sl]
2026.04.29 12:04:17;Sell;1.00;XAUUSD;4 566.94;4 554.15;4 528.26;2026.04.29 13:34:34;4 554.45;;;1 249.00;[sl]
2026.04.29 10:50:51;Sell;1.00;XAUUSD;4 553.90;4 562.21;4 515.31;2026.04.29 11:03:40;4 562.23;;;-833.00;[sl]
2026.04.29 10:30:02;Sell;1.00;XAUUSD;4 565.46;4 554.50;4 526.87;2026.04.29 10:50:46;4 554.82;;;1 064.00;[sl]
2026.04.29 09:38:12;Sell;1.00;XAUUSD;4 559.69;4 568.16;4 521.26;2026.04.29 09:44:41;4 568.46;;;-877.00;[sl]
2026.04.29 08:27:14;Sell;1.00;XAUUSD;4 572.71;4 560.18;4 533.96;2026.04.29 09:38:06;4 560.30;;;1 241.00;[sl]
2026.04.29 07:17:54;Sell;1.00;XAUUSD;4 588.44;4 572.56;4 566.69;2026.04.29 08:27:10;4 572.68;;;1 576.00;[sl]
2026.04.29 06:30:20;Sell;1.00;XAUUSD;4 599.09;4 588.95;4 577.33;2026.04.29 07:17:51;4 588.79;;;1 030.00;[sl]
2026.04.29 04:00:03;Sell;1.00;XAUUSD;4 593.85;4 600.97;4 571.87;2026.04.29 04:13:01;4 601.13;;;-728.00;[sl]
2026.04.29 02:30:09;Sell;1.00;XAUUSD;4 580.43;4 588.53;4 559.43;2026.04.29 02:35:10;4 588.54;;;-811.00;[sl]
2026.04.29 00:07:16;Sell;1.00;XAUUSD;4 590.79;4 598.18;4 569.08;2026.04.29 01:00:25;4 598.23;;;-744.00;[sl]
2026.04.28 12:19:11;Sell;1.00;XAUUSD;4 598.53;4 577.94;4 559.90;2026.04.28 12:37:29;4 578.02;;;2 051.00;[sl]
2026.04.28 11:00:42;Sell;1.00;XAUUSD;4 609.08;4 598.78;4 570.39;2026.04.28 12:19:06;4 598.88;;;1 020.00;[sl]
2026.04.28 10:30:51;Sell;1.00;XAUUSD;4 615.75;4 609.25;4 577.19;2026.04.28 11:00:37;4 609.30;;;645.00;[sl]
2026.04.28 10:04:34;Sell;1.00;XAUUSD;4 621.88;4 615.38;4 583.33;2026.04.28 10:30:46;4 615.46;;;642.00;[sl]
2026.04.28 09:30:06;Sell;1.00;XAUUSD;4 627.13;4 635.20;4 588.30;2026.04.28 09:33:04;4 635.38;;;-825.00;[sl]
2026.04.28 09:06:42;Sell;1.00;XAUUSD;4 619.34;4 627.66;4 580.76;2026.04.28 09:30:01;4 627.54;;;-820.00;[sl]
2026.04.28 08:30:56;Sell;1.00;XAUUSD;4 629.77;4 619.00;4 591.13;2026.04.28 09:06:34;4 619.35;;;1 042.00;[sl]
2026.04.28 08:01:55;Buy;1.00;XAUUSD;4 630.30;4 636.80;4 669.04;2026.04.28 08:06:36;4 636.58;;;628.00;[sl]
2026.04.28 07:46:45;Buy;1.00;XAUUSD;4 624.93;4 631.43;4 646.42;2026.04.28 08:01:48;4 631.38;;;645.00;[sl]
2026.04.28 07:30:22;Buy;1.00;XAUUSD;4 632.25;4 624.87;4 653.97;2026.04.28 07:46:38;4 624.19;;;-806.00;[sl]
2026.04.28 06:30:06;Sell;1.00;XAUUSD;4 655.94;4 649.44;4 634.46;2026.04.28 06:31:13;4 649.80;;;614.00;[sl]
2026.04.27 15:37:53;Sell;1.00;XAUUSD;4 691.31;4 679.62;4 652.58;2026.04.27 15:57:09;4 679.62;;;1 169.00;[sl]
2026.04.27 15:32:04;Sell;1.00;XAUUSD;4 687.13;4 695.67;4 648.77;2026.04.27 15:36:28;4 695.60;;;-847.00;[sl]
2026.04.27 15:00:10;Sell;1.00;XAUUSD;4 694.50;4 688.00;4 655.89;2026.04.27 15:32:00;4 688.00;;;650.00;[sl]
2026.04.27 10:13:24;Sell;1.00;XAUUSD;4 704.88;4 698.38;4 666.28;2026.04.27 14:10:51;4 698.64;;;624.00;[sl]
2026.04.27 06:43:14;Sell;1.00;XAUUSD;4 711.65;4 705.15;4 690.06;2026.04.27 10:13:21;4 705.18;;;647.00;[sl]
2026.04.27 06:02:21;Sell;1.00;XAUUSD;4 722.06;4 711.86;4 700.17;2026.04.27 06:43:04;4 711.89;;;1 017.00;[sl]
2026.04.27 00:45:22;Sell;1.00;XAUUSD;4 677.96;4 685.92;4 656.82;2026.04.27 01:51:55;4 686.11;;;-815.00;[sl]
2026.04.26 23:15:09;Sell;1.00;XAUUSD;4 685.28;4 678.78;4 663.57;2026.04.27 00:45:18;4 678.74;;;654.00;[sl]
2026.04.24 18:00:40;Buy;1.00;XAUUSD;4 728.57;4 721.23;4 750.33;2026.04.24 18:30:32;4 721.21;;;-736.00;[sl]
2026.04.24 16:44:54;Buy;1.00;XAUUSD;4 728.82;4 720.68;4 767.58;2026.04.24 17:09:27;4 720.68;;;-814.00;[sl]
2026.04.24 14:34:23;Sell;1.00;XAUUSD;4 693.49;4 701.85;4 654.95;2026.04.24 14:39:22;4 701.85;;;-836.00;[sl]
2026.04.24 13:58:49;Sell;1.00;XAUUSD;4 700.66;4 694.16;4 662.05;2026.04.24 14:34:19;4 694.52;;;614.00;[sl]
2026.04.24 13:50:23;Sell;1.00;XAUUSD;4 692.53;4 701.04;4 654.14;2026.04.24 13:58:46;4 701.08;;;-855.00;[sl]
2026.04.24 13:00:06;Sell;1.00;XAUUSD;4 707.80;4 693.23;4 669.17;2026.04.24 13:50:19;4 693.29;;;1 451.00;[sl]
2026.04.24 10:25:44;Sell;1.00;XAUUSD;4 682.84;4 691.17;4 644.27;2026.04.24 12:05:02;4 691.67;;;-883.00;[sl]
2026.04.24 09:30:06;Sell;1.00;XAUUSD;4 687.33;4 695.63;4 648.73;2026.04.24 10:15:04;4 695.66;;;-833.00;[sl]
2026.04.24 07:25:46;Sell;1.00;XAUUSD;4 671.75;4 679.12;4 650.02;2026.04.24 08:10:34;4 679.13;;;-738.00;[sl]
2026.04.24 05:34:30;Sell;1.00;XAUUSD;4 661.14;4 668.39;4 639.29;2026.04.24 05:44:30;4 668.42;;;-728.00;[sl]
2026.04.24 03:58:35;Sell;1.00;XAUUSD;4 675.90;4 661.35;4 654.27;2026.04.24 05:34:26;4 661.37;;;1 453.00;[sl]
2026.04.24 03:30:07;Sell;1.00;XAUUSD;4 686.43;4 676.23;4 663.09;2026.04.24 03:58:29;4 676.33;;;1 010.00;[sl]
2026.04.24 02:41:26;Sell;1.00;XAUUSD;4 696.41;4 685.06;4 674.69;2026.04.24 03:30:01;4 685.05;;;1 136.00;[sl]
2026.04.24 02:01:30;Sell;1.00;XAUUSD;4 700.70;4 708.00;4 678.90;2026.04.24 02:11:21;4 708.51;;;-781.00;[sl]
2026.04.24 00:17:05;Sell;1.00;XAUUSD;4 687.94;4 695.32;4 666.22;2026.04.24 00:30:07;4 695.34;;;-740.00;[sl]
2026.04.23 03:02:38;Sell;1.00;XAUUSD;4 723.52;4 711.47;4 701.71;2026.04.23 03:12:09;4 711.47;;;1 205.00;[sl]
2026.04.23 02:30:42;Sell;1.00;XAUUSD;4 729.65;4 723.15;4 708.23;2026.04.23 03:02:34;4 723.49;;;616.00;[sl]
2026.04.23 02:13:13;Sell;1.00;XAUUSD;4 736.06;4 729.56;4 714.52;2026.04.23 02:30:39;4 729.57;;;649.00;[sl]
2026.04.23 01:17:22;Sell;1.00;XAUUSD;4 705.62;4 712.59;4 683.49;2026.04.23 01:18:25;4 713.08;;;-746.00;[sl]
2026.04.23 01:17:07;Sell;1.00;XAUUSD;4 701.49;4 707.76;4 678.66;2026.04.23 01:17:18;4 707.98;;;-649.00;[sl]
2026.04.23 01:13:55;Sell;1.00;XAUUSD;4 704.63;4 698.13;4 682.63;2026.04.23 01:17:04;4 698.40;;;623.00;[sl]
2026.04.23 00:00:07;Sell;1.00;XAUUSD;4 725.96;4 708.01;4 704.38;2026.04.23 01:13:51;4 704.33;;;2 163.00;[tp]
2026.04.22 07:30:37;Buy;1.00;XAUUSD;4 767.09;4 759.84;4 788.94;2026.04.22 08:53:25;4 759.66;;;-743.00;[sl]
2026.04.22 06:26:10;Buy;1.00;XAUUSD;4 768.07;4 760.52;4 789.62;2026.04.22 07:02:00;4 760.45;;;-762.00;[sl]
2026.04.22 06:16:12;Buy;1.00;XAUUSD;4 760.91;4 767.41;4 782.75;2026.04.22 06:26:07;4 767.34;;;643.00;[sl]
2026.04.22 04:08:36;Buy;1.00;XAUUSD;4 760.97;4 753.74;4 782.84;2026.04.22 05:39:15;4 753.68;;;-729.00;[sl]
2026.04.22 02:07:40;Sell;1.00;XAUUSD;4 736.89;4 744.06;4 714.96;2026.04.22 02:21:37;4 744.12;;;-723.00;[sl]
2026.04.21 23:31:05;Sell;1.00;XAUUSD;4 716.83;4 724.18;4 695.08;2026.04.22 00:08:22;4 724.20;;;-737.00;[sl]
2026.04.21 20:45:19;Sell;1.00;XAUUSD;4 674.85;4 682.35;4 653.25;2026.04.21 20:47:41;4 682.46;;;-761.00;[sl]
2026.04.21 20:44:47;Sell;1.00;XAUUSD;4 668.95;4 676.82;4 647.72;2026.04.21 20:45:15;4 676.86;;;-791.00;[sl]
2026.04.21 20:42:29;Sell;1.00;XAUUSD;4 688.43;4 671.70;4 664.98;2026.04.21 20:44:36;4 671.59;;;1 684.00;[sl]
2026.04.21 20:36:49;Sell;1.00;XAUUSD;4 704.51;4 685.76;4 682.82;2026.04.21 20:42:14;4 685.86;;;1 865.00;[sl]
2026.04.21 19:33:10;Sell;1.00;XAUUSD;4 701.94;4 709.28;4 680.18;2026.04.21 19:54:52;4 708.99;;;-705.00;[sl]
2026.04.21 19:16:38;Sell;1.00;XAUUSD;4 696.31;4 702.54;4 673.44;2026.04.21 19:33:07;4 702.55;;;-624.00;[sl]
2026.04.21 18:39:19;Sell;1.00;XAUUSD;4 705.70;4 713.15;4 684.05;2026.04.21 18:42:32;4 713.20;;;-750.00;[sl]
2026.04.21 18:13:09;Sell;1.00;XAUUSD;4 702.57;4 709.83;4 680.73;2026.04.21 18:38:55;4 710.46;;;-789.00;[sl]
2026.04.21 17:55:20;Sell;1.00;XAUUSD;4 711.17;4 704.67;4 672.17;2026.04.21 18:12:59;4 704.88;;;629.00;[sl]
2026.04.21 17:29:04;Sell;1.00;XAUUSD;4 724.09;4 711.23;4 685.58;2026.04.21 17:55:18;4 711.16;;;1 293.00;[sl]
2026.04.21 17:12:25;Sell;1.00;XAUUSD;4 732.61;4 726.11;4 693.77;2026.04.21 17:28:59;4 726.15;;;646.00;[sl]
2026.04.21 16:27:01;Sell;1.00;XAUUSD;4 744.48;4 733.03;4 705.52;2026.04.21 17:12:22;4 733.03;;;1 145.00;[sl]
2026.04.21 15:49:02;Sell;1.00;XAUUSD;4 733.16;4 741.61;4 694.71;2026.04.21 15:56:57;4 741.90;;;-874.00;[sl]
2026.04.21 15:48:36;Sell;1.00;XAUUSD;4 725.05;4 732.71;4 685.81;2026.04.21 15:48:57;4 732.79;;;-774.00;[sl]
2026.04.21 15:41:30;Sell;1.00;XAUUSD;4 754.30;4 731.80;4 714.74;2026.04.21 15:46:55;4 732.14;;;2 216.00;[sl]
2026.04.21 15:01:59;Sell;1.00;XAUUSD;4 779.00;4 772.50;4 740.44;2026.04.21 15:26:19;4 772.51;;;649.00;[sl]
2026.04.21 14:24:05;Sell;1.00;XAUUSD;4 771.28;4 779.51;4 732.61;2026.04.21 14:31:11;4 779.68;;;-840.00;[sl]
2026.04.21 13:41:54;Sell;1.00;XAUUSD;4 781.44;4 770.97;4 743.15;2026.04.21 14:09:01;4 770.83;;;1 061.00;[sl]
2026.04.21 09:07:38;Sell;1.00;XAUUSD;4 778.62;4 786.70;4 739.80;2026.04.21 09:21:05;4 786.75;;;-813.00;[sl]
2026.04.21 08:02:22;Sell;1.00;XAUUSD;4 774.21;4 782.55;4 735.65;2026.04.21 08:10:20;4 782.65;;;-844.00;[sl]
2026.04.21 06:36:40;Buy;1.00;XAUUSD;4 794.79;4 787.45;4 816.55;2026.04.21 06:50:18;4 787.43;;;-736.00;[sl]
2026.04.21 05:00:32;Buy;1.00;XAUUSD;4 797.50;4 790.12;4 819.22;2026.04.21 05:31:01;4 790.08;;;-742.00;[sl]
2026.04.21 04:00:32;Buy;1.00;XAUUSD;4 807.16;4 800.03;4 829.13;2026.04.21 04:16:31;4 800.03;;;-713.00;[sl]
2026.04.20 14:08:47;Buy;1.00;XAUUSD;4 811.14;4 822.89;4 850.52;2026.04.20 14:30:11;4 822.86;;;1 172.00;[sl]
2026.04.20 13:18:05;Buy;1.00;XAUUSD;4 812.71;4 819.21;4 851.33;2026.04.20 13:22:41;4 818.83;;;612.00;[sl]
2026.04.20 12:49:14;Buy;1.00;XAUUSD;4 800.68;4 807.18;4 839.54;2026.04.20 13:03:01;4 807.17;;;649.00;[sl]
2026.04.20 11:39:40;Buy;1.00;XAUUSD;4 797.05;4 788.76;4 835.66;2026.04.20 12:11:38;4 788.53;;;-852.00;[sl]
2026.04.20 11:00:31;Buy;1.00;XAUUSD;4 791.70;4 798.20;4 830.13;2026.04.20 11:24:31;4 797.99;;;629.00;[sl]
2026.04.20 10:01:06;Buy;1.00;XAUUSD;4 797.25;4 788.97;4 835.87;2026.04.20 10:30:35;4 788.80;;;-845.00;[sl]
2026.04.20 08:00:06;Buy;1.00;XAUUSD;4 797.05;4 803.55;4 835.75;2026.04.20 08:23:02;4 803.51;;;646.00;[sl]
2026.04.20 07:02:33;Buy;1.00;XAUUSD;4 793.76;4 786.51;4 815.61;2026.04.20 07:20:15;4 786.51;;;-725.00;[sl]
2026.04.20 04:35:22;Sell;1.00;XAUUSD;4 792.04;4 785.54;4 770.26;2026.04.20 06:46:13;4 785.70;;;634.00;[sl]
2026.04.20 03:30:05;Sell;1.00;XAUUSD;4 800.46;4 793.96;4 778.72;2026.04.20 04:20:20;4 793.96;;;650.00;[sl]
2026.04.20 00:54:45;Sell;1.00;XAUUSD;4 752.13;4 759.42;4 730.32;2026.04.20 01:20:10;4 759.42;;;-729.00;[sl]
2026.04.20 00:01:12;Sell;1.00;XAUUSD;4 774.55;4 762.47;4 753.12;2026.04.20 00:39:45;4 762.65;;;1 190.00;[sl]
2026.04.19 23:15:08;Sell;1.00;XAUUSD;4 790.17;4 783.67;4 768.44;2026.04.19 23:46:11;4 783.65;;;652.00;[sl]
2026.04.17 14:02:42;Buy;1.00;XAUUSD;4 837.65;4 848.40;4 876.34;2026.04.17 14:07:16;4 847.76;;;1 011.00;[sl]
2026.04.17 13:40:54;Buy;1.00;XAUUSD;4 822.45;4 828.95;4 861.00;2026.04.17 13:47:39;4 828.70;;;625.00;[sl]
2026.04.17 13:01:50;Buy;1.00;XAUUSD;4 800.21;4 815.59;4 838.78;2026.04.17 13:25:50;4 815.57;;;1 536.00;[sl]
2026.04.17 11:30:06;Buy;1.00;XAUUSD;4 789.60;4 803.19;4 828.31;2026.04.17 12:46:47;4 803.06;;;1 346.00;[sl]
2026.04.17 10:21:03;Buy;1.00;XAUUSD;4 796.69;4 788.41;4 835.31;2026.04.17 11:11:05;4 788.24;;;-845.00;[sl]
2026.04.17 09:39:56;Buy;1.00;XAUUSD;4 789.59;4 796.09;4 828.23;2026.04.17 10:06:03;4 795.69;;;610.00;[sl]
2026.04.17 08:05:01;Buy;1.00;XAUUSD;4 789.68;4 780.78;4 827.68;2026.04.17 08:49:34;4 780.71;;;-897.00;[sl]
2026.04.17 06:17:59;Buy;1.00;XAUUSD;4 802.02;4 794.67;4 823.77;2026.04.17 06:45:22;4 794.63;;;-739.00;[sl]
2026.04.17 03:00:01;Buy;1.00;XAUUSD;4 790.01;4 802.48;4 811.58;2026.04.17 06:02:58;4 802.40;;;1 239.00;[sl]
2026.04.17 00:30:05;Buy;1.00;XAUUSD;4 794.70;4 787.36;4 816.46;2026.04.17 01:05:01;4 787.32;;;-738.00;[sl]
2026.04.16 15:30:00;Buy;1.00;XAUUSD;4 799.89;4 791.24;4 838.14;2026.04.16 15:39:26;4 791.12;;;-877.00;[sl]
2026.04.16 12:00:01;Buy;1.00;XAUUSD;4 817.87;4 809.44;4 856.34;2026.04.16 14:48:03;4 809.53;;;-834.00;[sl]
2026.04.16 10:46:23;Buy;1.00;XAUUSD;4 815.29;4 806.85;4 853.75;2026.04.16 11:15:01;4 806.49;;;-880.00;[sl]
2026.04.16 10:05:48;Buy;1.00;XAUUSD;4 816.73;4 808.43;4 855.33;2026.04.16 10:31:23;4 808.27;;;-846.00;[sl]
2026.04.16 07:48:25;Buy;1.00;XAUUSD;4 826.52;4 819.16;4 848.26;2026.04.16 08:20:46;4 819.11;;;-741.00;[sl]
2026.04.16 06:22:05;Buy;1.00;XAUUSD;4 834.28;4 826.92;4 856.02;2026.04.16 06:34:17;4 826.78;;;-750.00;[sl]
2026.04.16 04:05:27;Buy;1.00;XAUUSD;4 824.51;4 835.62;4 846.23;2026.04.16 06:07:01;4 835.71;;;1 120.00;[sl]
2026.04.16 01:41:01;Buy;1.00;XAUUSD;4 835.80;4 828.58;4 857.68;2026.04.16 02:15:11;4 828.55;;;-725.00;[sl]
2026.04.16 01:07:38;Buy;1.00;XAUUSD;4 830.80;4 823.45;4 852.55;2026.04.16 01:25:56;4 823.30;;;-750.00;[sl]
2026.04.16 00:00:01;Buy;1.00;XAUUSD;4 807.81;4 824.12;4 829.55;2026.04.16 00:52:35;4 823.90;;;1 609.00;[sl]
2026.04.15 18:30:39;Sell;1.00;XAUUSD;4 797.73;4 791.23;4 776.42;2026.04.15 23:01:00;4 798.25;;82.68;-52.00;[sl]
2026.04.15 16:46:33;Sell;1.00;XAUUSD;4 806.97;4 800.47;4 768.41;2026.04.15 18:15:22;4 800.54;;;643.00;[sl]
2026.04.15 16:10:33;Sell;1.00;XAUUSD;4 807.10;4 790.09;4 768.56;2026.04.15 16:31:33;4 790.35;;;1 675.00;[sl]
2026.04.15 15:30:19;Sell;1.00;XAUUSD;4 822.57;4 816.07;4 784.36;2026.04.15 15:55:31;4 816.22;;;635.00;[sl]
2026.04.15 13:30:45;Sell;1.00;XAUUSD;4 813.96;4 822.26;4 775.36;2026.04.15 14:29:42;4 822.11;;;-815.00;[sl]
2026.04.15 11:02:40;Sell;1.00;XAUUSD;4 797.96;4 806.10;4 759.20;2026.04.15 12:23:48;4 806.19;;;-823.00;[sl]
2026.04.15 10:43:42;Sell;1.00;XAUUSD;4 797.83;4 791.33;4 759.24;2026.04.15 10:47:36;4 791.47;;;636.00;[sl]
2026.04.15 10:13:11;Sell;1.00;XAUUSD;4 799.53;4 807.71;4 760.81;2026.04.15 10:13:39;4 808.23;;;-870.00;[sl]
2026.04.15 08:25:33;Sell;1.00;XAUUSD;4 809.65;4 817.92;4 771.02;2026.04.15 09:58:10;4 817.95;;;-830.00;[sl]
2026.04.15 07:51:42;Sell;1.00;XAUUSD;4 814.77;4 808.27;4 792.96;2026.04.15 08:01:58;4 808.32;;;645.00;[sl]
2026.04.15 06:55:21;Sell;1.00;XAUUSD;4 820.26;4 813.76;4 798.42;2026.04.15 07:33:08;4 813.76;;;650.00;[sl]
2026.04.15 04:00:00;Sell;1.00;XAUUSD;4 824.13;4 817.63;4 802.12;2026.04.15 06:38:17;4 817.57;;;656.00;[sl]
2026.04.15 02:46:05;Buy;1.00;XAUUSD;4 843.45;4 849.95;4 865.21;2026.04.15 03:08:48;4 849.76;;;631.00;[sl]
2026.04.15 02:27:15;Buy;1.00;XAUUSD;4 852.71;4 845.39;4 874.49;2026.04.15 02:31:03;4 845.34;;;-737.00;[sl]
2026.04.15 02:07:20;Buy;1.00;XAUUSD;4 838.73;4 849.56;4 860.51;2026.04.15 02:12:12;4 849.57;;;1 084.00;[sl]
2026.04.15 00:34:56;Buy;1.00;XAUUSD;4 840.52;4 832.98;4 862.08;2026.04.15 01:01:22;4 832.85;;;-767.00;[sl]
2026.04.14 18:55:41;Buy;1.00;XAUUSD;4 837.05;4 843.55;4 858.95;2026.04.14 21:04:30;4 843.41;;;636.00;[sl]
2026.04.14 18:20:57;Buy;1.00;XAUUSD;4 827.14;4 837.96;4 848.98;2026.04.14 18:40:37;4 837.62;;;1 048.00;[sl]
2026.04.14 17:07:36;Buy;1.00;XAUUSD;4 813.60;4 820.10;4 852.43;2026.04.14 18:05:57;4 820.07;;;647.00;[sl]
2026.04.14 16:30:25;Buy;1.00;XAUUSD;4 807.39;4 813.89;4 846.00;2026.04.14 16:52:32;4 813.63;;;624.00;[sl]
2026.04.14 15:49:05;Buy;1.00;XAUUSD;4 799.81;4 791.62;4 838.52;2026.04.14 16:10:08;4 791.30;;;-851.00;[sl]
2026.04.14 15:18:15;Buy;1.00;XAUUSD;4 801.41;4 807.91;4 839.93;2026.04.14 15:30:13;4 807.88;;;647.00;[sl]
2026.04.14 14:56:10;Buy;1.00;XAUUSD;4 791.59;4 798.09;4 830.27;2026.04.14 15:03:14;4 796.75;;;516.00;[sl]
2026.04.14 14:37:45;Buy;1.00;XAUUSD;4 796.68;4 788.04;4 834.94;2026.04.14 14:41:06;4 788.00;;;-868.00;[sl]
2026.04.14 14:00:08;Buy;1.00;XAUUSD;4 775.25;4 787.93;4 813.58;2026.04.14 14:22:45;4 787.86;;;1 261.00;[sl]
2026.04.14 12:30:02;Buy;1.00;XAUUSD;4 778.45;4 770.15;4 817.05;2026.04.14 13:12:51;4 770.15;;;-830.00;[sl]
2026.04.14 11:08:22;Buy;1.00;XAUUSD;4 783.78;4 775.49;4 822.39;2026.04.14 11:37:24;4 775.21;;;-857.00;[sl]
2026.04.14 09:56:50;Buy;1.00;XAUUSD;4 783.94;4 775.63;4 822.53;2026.04.14 10:30:49;4 775.63;;;-831.00;[sl]
2026.04.14 09:04:46;Buy;1.00;XAUUSD;4 778.34;4 784.84;4 816.73;2026.04.14 09:41:50;4 784.74;;;640.00;[sl]
2026.04.14 08:18:01;Buy;1.00;XAUUSD;4 788.23;4 779.94;4 826.84;2026.04.14 08:23:30;4 779.87;;;-836.00;[sl]
2026.04.14 07:09:05;Buy;1.00;XAUUSD;4 769.63;4 787.02;4 791.41;2026.04.14 08:03:01;4 786.98;;;1 735.00;[sl]
2026.04.14 03:39:45;Buy;1.00;XAUUSD;4 769.34;4 762.31;4 791.41;2026.04.14 06:26:19;4 762.28;;;-706.00;[sl]
2026.04.14 02:05:29;Buy;1.00;XAUUSD;4 771.34;4 763.56;4 792.66;2026.04.14 02:57:31;4 763.55;;;-779.00;[sl]
2026.04.14 01:47:17;Buy;1.00;XAUUSD;4 769.97;4 762.53;4 791.63;2026.04.14 02:00:29;4 762.38;;;-759.00;[sl]
2026.04.14 01:11:11;Buy;1.00;XAUUSD;4 759.91;4 772.92;4 782.32;2026.04.14 01:42:13;4 772.95;;;1 304.00;[sl]
2026.04.14 00:00:09;Buy;1.00;XAUUSD;4 759.49;4 752.09;4 781.19;2026.04.14 01:00:20;4 751.64;;;-785.00;[sl]
2026.04.13 07:45:21;Sell;1.00;XAUUSD;4 724.58;4 731.80;4 702.70;2026.04.13 08:01:06;4 731.80;;;-722.00;[sl]
2026.04.13 06:32:13;Sell;1.00;XAUUSD;4 718.23;4 725.57;4 696.47;2026.04.13 06:46:33;4 725.58;;;-735.00;[sl]
2026.04.13 05:13:06;Sell;1.00;XAUUSD;4 713.16;4 720.51;4 691.41;2026.04.13 05:52:03;4 720.62;;;-746.00;[sl]
2026.04.13 04:00:03;Sell;1.00;XAUUSD;4 720.23;4 712.68;4 698.48;2026.04.13 05:08:03;4 712.83;;;740.00;[sl]
2026.04.13 01:30:08;Sell;1.00;XAUUSD;4 673.12;4 680.55;4 651.45;2026.04.13 01:34:31;4 680.56;;;-744.00;[sl]
2026.04.13 00:18:21;Sell;1.00;XAUUSD;4 649.10;4 656.48;4 627.38;2026.04.13 00:34:17;4 656.47;;;-737.00;[sl]
2026.04.12 23:35:14;Sell;1.00;XAUUSD;4 653.22;4 660.65;4 631.55;2026.04.12 23:59:25;4 660.67;;;-745.00;[sl]
2026.04.12 23:28:57;Sell;1.00;XAUUSD;4 645.26;4 652.34;4 623.24;2026.04.12 23:30:14;4 652.34;;;-708.00;[sl]
2026.04.12 23:15:11;Sell;1.00;XAUUSD;4 677.31;4 662.65;4 655.34;2026.04.12 23:23:56;4 662.74;;;1 457.00;[sl]
2026.04.10 19:30:04;Buy;1.00;XAUUSD;4 767.81;4 760.36;4 789.46;2026.04.10 20:48:35;4 760.17;;;-764.00;[sl]
2026.04.10 18:43:13;Buy;1.00;XAUUSD;4 761.28;4 753.91;4 783.01;2026.04.10 19:04:48;4 753.73;;;-755.00;[sl]
2026.04.10 18:24:14;Buy;1.00;XAUUSD;4 765.92;4 758.55;4 787.65;2026.04.10 18:36:39;4 758.46;;;-746.00;[sl]
2026.04.10 17:30:08;Buy;1.00;XAUUSD;4 758.96;4 766.51;4 797.57;2026.04.10 18:19:12;4 766.55;;;759.00;[sl]
2026.04.10 16:00:03;Sell;1.00;XAUUSD;4 776.28;4 784.35;4 737.45;2026.04.10 16:15:40;4 784.51;;;-823.00;[sl]
2026.04.10 14:43:33;Sell;1.00;XAUUSD;4 766.71;4 775.06;4 728.16;2026.04.10 14:52:16;4 775.21;;;-850.00;[sl]
2026.04.10 14:35:30;Sell;1.00;XAUUSD;4 766.75;4 774.99;4 728.09;2026.04.10 14:37:45;4 775.06;;;-831.00;[sl]
2026.04.10 10:50:26;Buy;1.00;XAUUSD;4 749.73;4 757.28;4 788.33;2026.04.10 11:30:18;4 757.24;;;751.00;[sl]
2026.04.09 20:30:45;Buy;1.00;XAUUSD;4 778.13;4 770.79;4 799.89;2026.04.09 20:34:20;4 770.50;;;-763.00;[sl]
2026.04.09 18:34:59;Buy;1.00;XAUUSD;4 793.43;4 786.79;4 815.89;2026.04.09 19:03:40;4 786.75;;;-668.00;[sl]
2026.04.09 18:19:04;Buy;1.00;XAUUSD;4 797.41;4 790.12;4 819.22;2026.04.09 18:25:16;4 790.11;;;-730.00;[sl]
2026.04.09 17:19:17;Buy;1.00;XAUUSD;4 795.24;4 787.07;4 833.97;2026.04.09 17:41:42;4 787.05;;;-819.00;[sl]
2026.04.09 17:09:25;Buy;1.00;XAUUSD;4 796.41;4 788.11;4 835.01;2026.04.09 17:14:14;4 788.10;;;-831.00;[sl]
2026.04.09 16:34:33;Buy;1.00;XAUUSD;4 789.33;4 796.88;4 828.31;2026.04.09 17:04:25;4 796.86;;;753.00;[sl]
2026.04.09 16:22:51;Buy;1.00;XAUUSD;4 786.53;4 778.08;4 824.98;2026.04.09 16:29:29;4 778.16;;;-837.00;[sl]
2026.04.09 16:14:44;Buy;1.00;XAUUSD;4 770.15;4 777.70;4 809.11;2026.04.09 16:17:50;4 777.51;;;736.00;[sl]
2026.04.09 15:09:57;Buy;1.00;XAUUSD;4 768.08;4 759.63;4 806.53;2026.04.09 15:32:35;4 759.40;;;-868.00;[sl]
2026.04.09 14:56:11;Buy;1.00;XAUUSD;4 766.75;4 774.30;4 805.28;2026.04.09 15:04:57;4 774.22;;;747.00;[sl]
2026.04.09 14:42:02;Buy;1.00;XAUUSD;4 773.91;4 765.54;4 812.44;2026.04.09 14:51:10;4 765.37;;;-854.00;[sl]
2026.04.09 14:21:49;Buy;1.00;XAUUSD;4 757.29;4 764.84;4 795.89;2026.04.09 14:37:02;4 764.65;;;736.00;[sl]
2026.04.09 14:00:01;Buy;1.00;XAUUSD;4 745.01;4 755.81;4 784.43;2026.04.09 14:16:46;4 755.69;;;1 068.00;[sl]
2026.04.09 13:01:35;Buy;1.00;XAUUSD;4 758.19;4 749.69;4 796.59;2026.04.09 13:04:11;4 749.40;;;-879.00;[sl]
2026.04.09 12:38:10;Buy;1.00;XAUUSD;4 746.09;4 753.64;4 784.70;2026.04.09 12:56:31;4 753.48;;;739.00;[sl]
2026.04.09 11:30:20;Buy;1.00;XAUUSD;4 738.80;4 746.35;4 777.40;2026.04.09 12:29:50;4 746.12;;;732.00;[sl]
2026.04.09 09:39:01;Buy;1.00;XAUUSD;4 729.36;4 736.91;4 767.82;2026.04.09 11:25:16;4 736.85;;;749.00;[sl]
2026.04.09 08:55:20;Buy;1.00;XAUUSD;4 717.83;4 725.38;4 756.43;2026.04.09 09:25:11;4 725.36;;;753.00;[sl]
2026.04.09 08:42:30;Buy;1.00;XAUUSD;4 723.88;4 715.55;4 762.45;2026.04.09 08:50:15;4 715.29;;;-859.00;[sl]
2026.04.09 08:34:00;Buy;1.00;XAUUSD;4 717.42;4 724.97;4 756.27;2026.04.09 08:37:29;4 724.97;;;755.00;[sl]
2026.04.09 08:10:45;Buy;1.00;XAUUSD;4 730.57;4 722.30;4 769.20;2026.04.09 08:13:51;4 722.28;;;-829.00;[sl]
2026.04.09 07:30:01;Buy;1.00;XAUUSD;4 718.14;4 711.26;4 740.36;2026.04.09 07:50:42;4 711.07;;;-707.00;[sl]
2026.04.09 06:29:33;Buy;1.00;XAUUSD;4 726.82;4 719.47;4 748.57;2026.04.09 06:30:30;4 719.42;;;-740.00;[sl]
2026.04.09 02:21:38;Sell;1.00;XAUUSD;4 714.34;4 706.79;4 692.59;2026.04.09 02:30:12;4 706.89;;;745.00;[sl]
2026.04.09 02:08:10;Sell;1.00;XAUUSD;4 709.31;4 716.68;4 687.58;2026.04.09 02:09:44;4 716.74;;;-743.00;[sl]
2026.04.09 01:54:12;Sell;1.00;XAUUSD;4 710.06;4 702.51;4 688.13;2026.04.09 02:03:10;4 702.57;;;749.00;[sl]
2026.04.09 01:30:06;Sell;1.00;XAUUSD;4 707.16;4 714.51;4 685.41;2026.04.09 01:31:48;4 714.54;;;-738.00;[sl]
2026.04.09 01:10:06;Sell;1.00;XAUUSD;4 699.79;4 707.46;4 678.36;2026.04.09 01:21:51;4 707.49;;;-770.00;[sl]
2026.04.08 23:39:52;Sell;1.00;XAUUSD;4 713.29;4 705.74;4 691.50;2026.04.09 01:05:00;4 705.66;;;763.00;[sl]
2026.04.08 23:26:53;Sell;1.00;XAUUSD;4 710.51;4 717.47;4 688.37;2026.04.08 23:34:52;4 717.50;;;-699.00;[sl]
2026.04.08 23:15:03;Sell;1.00;XAUUSD;4 714.02;4 706.47;4 692.19;2026.04.08 23:21:51;4 707.16;;;686.00;[sl]
2026.04.08 18:41:25;Sell;1.00;XAUUSD;4 737.10;4 729.55;4 715.33;2026.04.08 19:00:30;4 730.18;;;692.00;[sl]
2026.04.08 18:30:00;Sell;1.00;XAUUSD;4 750.78;4 743.23;4 729.19;2026.04.08 18:36:23;4 743.46;;;732.00;[sl]
2026.04.08 17:17:15;Sell;1.00;XAUUSD;4 748.75;4 756.85;4 709.95;2026.04.08 17:33:56;4 757.00;;;-825.00;[sl]
2026.04.08 16:20:44;Sell;1.00;XAUUSD;4 755.15;4 763.39;4 716.49;2026.04.08 16:50:34;4 763.41;;;-826.00;[sl]
2026.04.08 15:57:27;Sell;1.00;XAUUSD;4 736.95;4 745.03;4 698.13;2026.04.08 16:00:42;4 745.29;;;-834.00;[sl]
2026.04.08 13:34:50;Sell;1.00;XAUUSD;4 793.51;4 801.70;4 754.80;2026.04.08 13:47:23;4 801.76;;;-825.00;[sl]
2026.04.08 13:27:23;Sell;1.00;XAUUSD;4 775.86;4 784.18;4 737.28;2026.04.08 13:29:48;4 784.26;;;-840.00;[sl]
2026.04.08 13:21:23;Sell;1.00;XAUUSD;4 782.55;4 775.00;4 745.26;2026.04.08 13:22:23;4 774.71;;;784.00;[sl]
2026.04.08 11:59:18;Buy;1.00;XAUUSD;4 783.60;4 794.43;4 822.13;2026.04.08 12:27:32;4 794.04;;;1 044.00;[sl]
2026.04.08 11:30:43;Buy;1.00;XAUUSD;4 782.50;4 793.36;4 821.16;2026.04.08 11:51:32;4 793.29;;;1 079.00;[sl]
2026.04.08 10:30:04;Buy;1.00;XAUUSD;4 800.94;4 792.64;4 839.54;2026.04.08 10:40:12;4 792.48;;;-846.00;[sl]
2026.04.08 08:54:14;Buy;1.00;XAUUSD;4 818.51;4 810.21;4 857.11;2026.04.08 09:04:09;4 809.92;;;-859.00;[sl]
2026.04.08 08:30:56;Buy;1.00;XAUUSD;4 818.22;4 809.90;4 856.80;2026.04.08 08:34:10;4 809.88;;;-834.00;[sl]
2026.04.08 07:35:06;Buy;1.00;XAUUSD;4 833.63;4 826.25;4 855.35;2026.04.08 07:53:16;4 826.08;;;-755.00;[sl]
2026.04.08 06:58:29;Buy;1.00;XAUUSD;4 827.38;4 834.93;4 849.18;2026.04.08 07:30:06;4 834.76;;;738.00;[sl]
2026.04.08 06:37:07;Buy;1.00;XAUUSD;4 822.27;4 840.83;4 844.05;2026.04.08 06:53:29;4 840.81;;;1 854.00;[sl]
2026.04.08 05:38:09;Buy;1.00;XAUUSD;4 804.38;4 817.55;4 826.17;2026.04.08 06:32:03;4 817.38;;;1 300.00;[sl]
2026.04.08 04:38:20;Buy;1.00;XAUUSD;4 800.75;4 793.40;4 822.50;2026.04.08 05:17:44;4 792.87;;;-788.00;[sl]
2026.04.08 04:30:05;Buy;1.00;XAUUSD;4 803.02;4 795.67;4 824.77;2026.04.08 04:32:48;4 795.40;;;-762.00;[sl]
2026.04.08 03:29:14;Buy;1.00;XAUUSD;4 813.53;4 806.18;4 835.28;2026.04.08 03:44:50;4 806.14;;;-739.00;[sl]
2026.04.08 03:07:22;Buy;1.00;XAUUSD;4 817.86;4 810.48;4 839.58;2026.04.08 03:24:13;4 810.19;;;-767.00;[sl]
2026.04.08 03:00:06;Buy;1.00;XAUUSD;4 812.46;4 822.59;4 833.73;2026.04.08 03:02:20;4 822.59;;;1 013.00;[sl]
2026.04.08 01:12:22;Buy;1.00;XAUUSD;4 837.77;4 830.23;4 859.33;2026.04.08 01:17:36;4 829.90;;;-787.00;[sl]
2026.04.08 01:06:17;Buy;1.00;XAUUSD;4 850.24;4 843.39;4 872.49;2026.04.08 01:07:17;4 843.33;;;-691.00;[sl]
2026.04.08 00:59:22;Buy;1.00;XAUUSD;4 833.74;4 841.29;4 855.52;2026.04.08 01:01:17;4 841.19;;;745.00;[sl]
2026.04.08 00:40:22;Buy;1.00;XAUUSD;4 810.90;4 821.22;4 832.60;2026.04.08 00:54:20;4 820.76;;;986.00;[sl]
2026.04.08 00:25:46;Buy;1.00;XAUUSD;4 812.61;4 805.27;4 834.37;2026.04.08 00:35:13;4 805.09;;;-752.00;[sl]
2026.04.08 00:15:30;Buy;1.00;XAUUSD;4 815.34;4 822.89;4 836.97;2026.04.08 00:20:46;4 822.66;;;732.00;[sl]
2026.04.08 00:05:37;Buy;1.00;XAUUSD;4 811.40;4 818.95;4 832.48;2026.04.08 00:10:27;4 818.72;;;732.00;[sl]
2026.04.08 00:00:06;Buy;1.00;XAUUSD;4 819.22;4 811.29;4 840.39;2026.04.08 00:00:37;4 810.77;;;-845.00;[sl]
2026.04.07 23:31:03;Sell;1.00;XAUUSD;4 736.68;4 743.92;4 714.82;2026.04.07 23:32:29;4 745.11;;;-843.00;[sl]
2026.04.07 20:03:01;Sell;1.00;XAUUSD;4 666.26;4 673.50;4 644.40;2026.04.07 20:18:15;4 673.58;;;-732.00;[sl]
2026.04.07 19:50:41;Sell;1.00;XAUUSD;4 670.73;4 660.35;4 648.97;2026.04.07 19:57:57;4 660.52;;;1 021.00;[sl]
2026.04.07 18:23:35;Sell;1.00;XAUUSD;4 656.25;4 663.89;4 634.79;2026.04.07 18:30:26;4 664.21;;;-796.00;[sl]
2026.04.07 18:00:06;Sell;1.00;XAUUSD;4 657.87;4 665.19;4 636.09;2026.04.07 18:03:34;4 665.25;;;-738.00;[sl]
2026.04.07 16:04:15;Sell;1.00;XAUUSD;4 633.45;4 641.49;4 594.59;2026.04.07 16:12:28;4 641.49;;;-804.00;[sl]
2026.04.07 15:56:26;Sell;1.00;XAUUSD;4 639.81;4 632.26;4 600.17;2026.04.07 15:59:13;4 632.54;;;727.00;[sl]
2026.04.07 15:42:06;Sell;1.00;XAUUSD;4 652.49;4 644.94;4 613.91;2026.04.07 15:51:23;4 645.01;;;748.00;[sl]
2026.04.07 15:26:15;Sell;1.00;XAUUSD;4 645.90;4 654.71;4 607.81;2026.04.07 15:33:55;4 655.06;;;-916.00;[sl]
2026.04.07 15:15:30;Sell;1.00;XAUUSD;4 616.81;4 625.42;4 578.52;2026.04.07 15:21:13;4 625.56;;;-875.00;[sl]
2026.04.07 15:07:39;Sell;1.00;XAUUSD;4 611.62;4 620.03;4 573.13;2026.04.07 15:10:26;4 620.07;;;-845.00;[sl]
2026.04.07 12:57:40;Sell;1.00;XAUUSD;4 659.85;4 668.20;4 621.30;2026.04.07 13:24:06;4 668.00;;;-815.00;[sl]
2026.04.07 12:28:27;Sell;1.00;XAUUSD;4 650.45;4 658.75;4 611.85;2026.04.07 12:37:38;4 658.48;;;-803.00;[sl]
2026.04.07 12:16:38;Sell;1.00;XAUUSD;4 637.13;4 645.47;4 598.57;2026.04.07 12:23:26;4 645.54;;;-841.00;[sl]
2026.04.07 12:00:03;Sell;1.00;XAUUSD;4 652.91;4 645.36;4 614.37;2026.04.07 12:11:38;4 645.41;;;750.00;[sl]
2026.04.07 10:35:34;Buy;1.00;XAUUSD;4 680.10;4 671.81;4 718.71;2026.04.07 10:41:49;4 670.14;;;-996.00;[sl]
2026.04.07 10:18:55;Buy;1.00;XAUUSD;4 690.86;4 682.66;4 729.56;2026.04.07 10:30:32;4 681.29;;;-957.00;[sl]
2026.04.07 09:26:07;Buy;1.00;XAUUSD;4 682.99;4 690.54;4 722.15;2026.04.07 10:13:53;4 690.39;;;740.00;[sl]
2026.04.07 09:13:17;Buy;1.00;XAUUSD;4 661.56;4 674.48;4 700.09;2026.04.07 09:21:06;4 674.21;;;1 265.00;[sl]
2026.04.07 07:47:47;Sell;1.00;XAUUSD;4 652.08;4 641.65;4 630.32;2026.04.07 08:30:12;4 641.82;;;1 026.00;[sl]
2026.04.07 07:27:28;Sell;1.00;XAUUSD;4 641.60;4 649.03;4 619.93;2026.04.07 07:42:44;4 649.14;;;-754.00;[sl]
2026.04.07 07:00:27;Sell;1.00;XAUUSD;4 638.46;4 646.71;4 617.61;2026.04.07 07:07:28;4 646.72;;;-826.00;[sl]
2026.04.07 06:33:42;Sell;1.00;XAUUSD;4 635.10;4 642.41;4 613.31;2026.04.07 06:55:23;4 642.45;;;-735.00;[sl]
2026.04.07 06:26:12;Sell;1.00;XAUUSD;4 642.75;4 635.20;4 620.88;2026.04.07 06:28:39;4 635.74;;;701.00;[sl]
2026.04.07 03:44:54;Sell;1.00;XAUUSD;4 646.12;4 653.46;4 624.36;2026.04.07 03:49:16;4 653.82;;;-770.00;[sl]
2026.04.07 03:29:26;Sell;1.00;XAUUSD;4 634.39;4 641.75;4 612.65;2026.04.07 03:39:54;4 641.80;;;-741.00;[sl]
2026.04.07 03:08:21;Sell;1.00;XAUUSD;4 622.27;4 629.26;4 600.16;2026.04.07 03:09:21;4 629.52;;;-725.00;[sl]
2026.04.07 02:52:40;Sell;1.00;XAUUSD;4 624.80;4 632.07;4 602.97;2026.04.07 03:03:17;4 632.24;;;-744.00;[sl]
2026.04.07 02:22:11;Sell;1.00;XAUUSD;4 652.81;4 659.13;4 630.03;2026.04.07 02:32:36;4 659.73;;;-692.00;[sl]
2026.04.07 02:14:57;Sell;1.00;XAUUSD;4 640.25;4 647.65;4 618.55;2026.04.07 02:16:40;4 647.77;;;-752.00;[sl]
2026.04.07 02:09:32;Sell;1.00;XAUUSD;4 651.89;4 644.34;4 630.35;2026.04.07 02:09:53;4 644.51;;;738.00;[sl]
2026.04.07 00:21:15;Sell;1.00;XAUUSD;4 655.23;4 662.57;4 633.47;2026.04.07 02:00:04;4 631.33;;;2 390.00;[tp]
2026.04.06 15:56:02;Buy;1.00;XAUUSD;4 682.96;4 674.67;4 721.57;2026.04.06 16:02:54;4 674.81;;;-815.00;[sl]
2026.04.06 15:40:44;Buy;1.00;XAUUSD;4 684.75;4 676.10;4 723.00;2026.04.06 15:50:37;4 675.85;;;-890.00;[sl]
2026.04.06 15:19:59;Buy;1.00;XAUUSD;4 683.13;4 694.13;4 721.96;2026.04.06 15:35:38;4 693.73;;;1 060.00;[sl]
2026.04.06 15:00:12;Buy;1.00;XAUUSD;4 682.30;4 674.69;4 721.59;2026.04.06 15:04:13;4 674.39;;;-791.00;[sl]
2026.04.06 14:50:17;Buy;1.00;XAUUSD;4 666.69;4 674.24;4 704.93;2026.04.06 14:52:57;4 674.05;;;736.00;[sl]
2026.04.06 14:42:03;Buy;1.00;XAUUSD;4 678.59;4 670.03;4 716.93;2026.04.06 14:44:35;4 669.67;;;-892.00;[sl]
2026.04.06 14:10:22;Buy;1.00;XAUUSD;4 670.01;4 661.69;4 708.59;2026.04.06 14:21:55;4 660.10;;;-991.00;[sl]
2026.04.06 14:00:16;Buy;1.00;XAUUSD;4 676.41;4 668.05;4 714.95;2026.04.06 14:05:17;4 665.19;;;-1 122.00;[sl]
2026.04.06 10:55:34;Buy;1.00;XAUUSD;4 694.72;4 686.42;4 733.32;2026.04.06 11:14:40;4 686.28;;;-844.00;[sl]
2026.04.06 10:05:31;Buy;1.00;XAUUSD;4 701.41;4 693.00;4 739.90;2026.04.06 10:50:30;4 692.63;;;-878.00;[sl]
2026.04.06 09:31:15;Buy;1.00;XAUUSD;4 691.46;4 699.01;4 730.06;2026.04.06 10:00:28;4 698.97;;;751.00;[sl]
2026.04.06 08:57:01;Buy;1.00;XAUUSD;4 685.95;4 693.50;4 724.53;2026.04.06 09:26:10;4 693.34;;;739.00;[sl]
2026.04.06 08:41:47;Buy;1.00;XAUUSD;4 659.54;4 678.68;4 698.11;2026.04.06 08:51:57;4 678.57;;;1 903.00;[sl]
2026.04.06 08:02:38;Buy;1.00;XAUUSD;4 662.76;4 654.47;4 701.37;2026.04.06 08:11:50;4 654.21;;;-855.00;[sl]
2026.04.06 07:52:35;Buy;1.00;XAUUSD;4 665.96;4 658.60;4 687.70;2026.04.06 07:57:34;4 658.60;;;-736.00;[sl]
2026.04.06 06:28:12;Buy;1.00;XAUUSD;4 668.60;4 661.25;4 690.35;2026.04.06 06:46:00;4 660.57;;;-803.00;[sl]
2026.04.06 06:17:15;Buy;1.00;XAUUSD;4 676.80;4 668.80;4 697.90;2026.04.06 06:23:10;4 668.70;;;-810.00;[sl]
2026.04.06 06:06:28;Buy;1.00;XAUUSD;4 664.73;4 672.28;4 686.46;2026.04.06 06:12:15;4 671.93;;;720.00;[sl]
2026.04.06 05:35:46;Buy;1.00;XAUUSD;4 649.46;4 659.57;4 671.21;2026.04.06 06:01:27;4 659.18;;;972.00;[sl]
2026.04.06 04:46:57;Buy;1.00;XAUUSD;4 633.40;4 640.95;4 655.18;2026.04.06 04:58:52;4 640.55;;;715.00;[sl]
2026.04.06 04:25:49;Buy;1.00;XAUUSD;4 632.75;4 625.99;4 655.09;2026.04.06 04:33:35;4 625.96;;;-679.00;[sl]
2026.04.06 04:03:20;Buy;1.00;XAUUSD;4 633.68;4 625.90;4 655.00;2026.04.06 04:20:01;4 625.74;;;-794.00;[sl]
2026.04.06 04:02:49;Buy;1.00;XAUUSD;4 639.57;4 632.06;4 661.16;2026.04.06 04:03:18;4 631.78;;;-779.00;[sl]
2026.04.06 04:00:09;Buy;1.00;XAUUSD;4 646.77;4 639.58;4 668.68;2026.04.06 04:02:45;4 639.18;;;-759.00;[sl]
2026.04.06 03:49:20;Buy;1.00;XAUUSD;4 654.04;4 646.62;4 675.72;2026.04.06 04:00:07;4 646.51;;;-753.00;[sl]
2026.04.06 03:36:03;Buy;1.00;XAUUSD;4 645.80;4 653.35;4 667.53;2026.04.06 03:49:16;4 653.26;;;746.00;[sl]
2026.04.06 03:35:17;Buy;1.00;XAUUSD;4 651.82;4 644.49;4 673.59;2026.04.06 03:36:00;4 644.32;;;-750.00;[sl]
2026.04.06 03:29:16;Buy;1.00;XAUUSD;4 660.28;4 652.92;4 682.02;2026.04.06 03:35:14;4 652.97;;;-731.00;[sl]
2026.04.06 03:21:33;Buy;1.00;XAUUSD;4 668.52;4 661.08;4 690.18;2026.04.06 03:29:14;4 660.69;;;-783.00;[sl]
2026.04.06 03:17:45;Buy;1.00;XAUUSD;4 650.47;4 667.81;4 672.00;2026.04.06 03:21:31;4 667.80;;;1 733.00;[sl]
2026.04.06 02:34:01;Buy;1.00;XAUUSD;4 628.06;4 646.49;4 649.82;2026.04.06 03:17:43;4 649.95;;;2 189.00;[tp]
2026.04.06 02:30:34;Buy;1.00;XAUUSD;4 633.71;4 627.09;4 656.19;2026.04.06 02:33:56;4 627.05;;;-666.00;[sl]
2026.04.06 02:20:18;Buy;1.00;XAUUSD;4 623.05;4 638.69;4 644.81;2026.04.06 02:30:29;4 634.66;;;1 161.00;[sl]
2026.04.06 02:18:35;Buy;1.00;XAUUSD;4 628.65;4 621.30;4 650.40;2026.04.06 02:20:13;4 621.01;;;-764.00;[sl]
2026.04.06 02:07:04;Buy;1.00;XAUUSD;4 635.45;4 628.08;4 657.18;2026.04.06 02:18:33;4 628.04;;;-741.00;[sl]
2026.04.06 02:00:06;Buy;1.00;XAUUSD;4 623.58;4 635.12;4 645.28;2026.04.06 02:07:02;4 635.08;;;1 150.00;[sl]
2026.04.06 00:00:02;Buy;1.00;XAUUSD;4 646.39;4 639.68;4 668.78;2026.04.06 00:02:08;4 639.18;;;-721.00;[sl]
2026.04.02 20:55:05;Buy;1.00;XAUUSD;4 673.67;4 666.41;4 695.51;2026.04.02 21:20:06;4 666.36;;;-731.00;[sl]
2026.04.02 20:29:02;Buy;1.00;XAUUSD;4 666.34;4 673.89;4 688.07;2026.04.02 20:55:01;4 673.72;;;738.00;[sl]
2026.04.02 20:02:30;Buy;1.00;XAUUSD;4 673.81;4 666.51;4 695.61;2026.04.02 20:28:54;4 666.49;;;-732.00;[sl]
2026.04.02 19:46:28;Buy;1.00;XAUUSD;4 666.79;4 674.34;4 688.31;2026.04.02 20:02:26;4 674.17;;;738.00;[sl]
2026.04.02 18:30:02;Buy;1.00;XAUUSD;4 651.74;4 659.29;4 673.39;2026.04.02 19:43:41;4 658.89;;;715.00;[sl]
2026.04.02 18:12:05;Buy;1.00;XAUUSD;4 660.61;4 653.17;4 682.27;2026.04.02 18:28:37;4 653.09;;;-752.00;[sl]
2026.04.02 18:00:48;Buy;1.00;XAUUSD;4 658.90;4 666.45;4 681.14;2026.04.02 18:07:29;4 666.36;;;746.00;[sl]
2026.04.02 16:45:55;Buy;1.00;XAUUSD;4 660.70;4 652.22;4 699.12;2026.04.02 17:08:44;4 651.94;;;-876.00;[sl]
2026.04.02 16:27:04;Buy;1.00;XAUUSD;4 669.40;4 660.67;4 707.57;2026.04.02 16:45:50;4 660.60;;;-880.00;[sl]
2026.04.02 16:23:09;Buy;1.00;XAUUSD;4 660.99;4 668.54;4 699.33;2026.04.02 16:27:03;4 668.49;;;750.00;[sl]
2026.04.02 16:18:35;Buy;1.00;XAUUSD;4 673.41;4 665.08;4 711.98;2026.04.02 16:20:42;4 664.89;;;-852.00;[sl]
2026.04.02 12:56:14;Sell;1.00;XAUUSD;4 602.80;4 611.12;4 564.22;2026.04.02 13:14:31;4 610.80;;;-800.00;[sl]
2026.04.02 12:45:34;Sell;1.00;XAUUSD;4 599.79;4 608.11;4 561.21;2026.04.02 12:51:12;4 608.02;;;-823.00;[sl]
2026.04.02 12:35:15;Sell;1.00;XAUUSD;4 613.69;4 606.14;4 575.06;2026.04.02 12:40:32;4 606.18;;;751.00;[sl]
2026.04.02 12:26:30;Sell;1.00;XAUUSD;4 620.67;4 613.12;4 582.03;2026.04.02 12:30:13;4 613.16;;;751.00;[sl]
2026.04.02 12:02:25;Sell;1.00;XAUUSD;4 620.31;4 628.49;4 581.59;2026.04.02 12:12:56;4 628.72;;;-841.00;[sl]
2026.04.02 11:32:07;Sell;1.00;XAUUSD;4 616.65;4 624.98;4 578.08;2026.04.02 11:42:14;4 626.78;;;-1 013.00;[sl]
2026.04.02 11:23:13;Sell;1.00;XAUUSD;4 610.34;4 618.60;4 571.70;2026.04.02 11:25:22;4 618.64;;;-830.00;[sl]
2026.04.02 11:10:03;Sell;1.00;XAUUSD;4 630.82;4 618.36;4 592.22;2026.04.02 11:18:12;4 618.56;;;1 226.00;[sl]
2026.04.02 10:35:01;Sell;1.00;XAUUSD;4 621.81;4 630.10;4 583.20;2026.04.02 11:05:02;4 629.67;;;-786.00;[sl]
2026.04.02 10:23:22;Sell;1.00;XAUUSD;4 628.73;4 621.18;4 590.13;2026.04.02 10:29:59;4 621.26;;;747.00;[sl]
2026.04.02 09:57:21;Sell;1.00;XAUUSD;4 622.16;4 630.45;4 583.55;2026.04.02 10:17:11;4 630.70;;;-854.00;[sl]
2026.04.02 09:30:03;Sell;1.00;XAUUSD;4 633.86;4 642.13;4 595.23;2026.04.02 09:37:18;4 642.67;;;-881.00;[sl]
2026.04.02 07:41:29;Sell;1.00;XAUUSD;4 588.55;4 595.97;4 566.87;2026.04.02 07:46:39;4 596.09;;;-754.00;[sl]
2026.04.02 07:20:05;Sell;1.00;XAUUSD;4 590.41;4 597.37;4 568.27;2026.04.02 07:21:14;4 597.62;;;-721.00;[sl]
2026.04.02 07:13:24;Sell;1.00;XAUUSD;4 575.29;4 581.87;4 552.77;2026.04.02 07:15:05;4 581.95;;;-666.00;[sl]
2026.04.02 07:07:34;Sell;1.00;XAUUSD;4 577.56;4 566.54;4 555.74;2026.04.02 07:08:21;4 566.91;;;1 065.00;[sl]
2026.04.02 07:00:34;Sell;1.00;XAUUSD;4 594.89;4 581.26;4 573.15;2026.04.02 07:02:31;4 581.54;;;1 335.00;[sl]
2026.04.02 06:53:09;Sell;1.00;XAUUSD;4 607.42;4 599.87;4 585.35;2026.04.02 06:55:33;4 600.22;;;720.00;[sl]
2026.04.02 06:47:54;Sell;1.00;XAUUSD;4 605.99;4 613.91;4 584.81;2026.04.02 06:48:07;4 614.03;;;-804.00;[sl]
2026.04.02 06:39:04;Sell;1.00;XAUUSD;4 650.58;4 638.63;4 628.86;2026.04.02 06:42:54;4 638.66;;;1 192.00;[sl]
2026.04.02 06:30:40;Sell;1.00;XAUUSD;4 666.46;4 648.07;4 644.71;2026.04.02 06:34:04;4 648.16;;;1 830.00;[sl]
2026.04.02 05:55:38;Sell;1.00;XAUUSD;4 665.40;4 672.54;4 643.44;2026.04.02 05:57:07;4 672.96;;;-756.00;[sl]
2026.04.02 05:46:07;Sell;1.00;XAUUSD;4 660.57;4 667.26;4 638.16;2026.04.02 05:50:37;4 667.47;;;-690.00;[sl]
2026.04.02 05:11:54;Sell;1.00;XAUUSD;4 669.64;4 662.09;4 647.89;2026.04.02 05:41:04;4 662.48;;;716.00;[sl]
2026.04.02 04:47:22;Sell;1.00;XAUUSD;4 681.10;4 668.14;4 659.46;2026.04.02 05:06:53;4 668.41;;;1 269.00;[sl]
2026.04.02 04:00:05;Sell;1.00;XAUUSD;4 684.25;4 691.45;4 662.35;2026.04.02 04:14:08;4 691.67;;;-742.00;[sl]
2026.04.02 03:07:30;Buy;1.00;XAUUSD;4 702.04;4 695.01;4 724.11;2026.04.02 03:08:17;4 694.84;;;-720.00;[sl]
2026.04.02 01:30:05;Buy;1.00;XAUUSD;4 789.80;4 782.48;4 811.58;2026.04.02 02:00:02;4 782.46;;;-734.00;[sl]
2026.04.02 00:50:53;Buy;1.00;XAUUSD;4 784.68;4 777.29;4 806.39;2026.04.02 01:02:20;4 777.24;;;-744.00;[sl]
2026.04.02 00:16:04;Buy;1.00;XAUUSD;4 791.35;4 784.16;4 813.26;2026.04.02 00:45:52;4 784.05;;;-730.00;[sl]
2026.04.01 23:40:08;Buy;1.00;XAUUSD;4 774.88;4 788.53;4 796.63;2026.04.02 00:11:02;4 788.02;;;1 314.00;[sl]
2026.04.01 23:23:15;Buy;1.00;XAUUSD;4 768.69;4 776.24;4 789.44;2026.04.01 23:35:03;4 776.13;;;744.00;[sl]
2026.04.01 21:18:57;Buy;1.00;XAUUSD;4 770.73;4 763.41;4 792.51;2026.04.01 21:24:59;4 763.24;;;-749.00;[sl]
2026.04.01 20:18:39;Buy;1.00;XAUUSD;4 761.59;4 775.54;4 783.29;2026.04.01 20:41:06;4 775.37;;;1 378.00;[sl]
2026.04.01 20:00:21;Buy;1.00;XAUUSD;4 753.42;4 760.97;4 774.20;2026.04.01 20:06:10;4 760.85;;;743.00;[sl]
2026.04.01 18:00:06;Buy;1.00;XAUUSD;4 786.94;4 779.59;4 808.69;2026.04.01 18:34:39;4 779.52;;;-742.00;[sl]
2026.04.01 17:07:35;Buy;1.00;XAUUSD;4 784.66;4 776.39;4 823.29;2026.04.01 17:14:16;4 776.30;;;-836.00;[sl]
2026.04.01 16:40:15;Buy;1.00;XAUUSD;4 781.67;4 789.22;4 820.23;2026.04.01 17:02:31;4 789.07;;;740.00;[sl]
2026.04.01 16:28:26;Buy;1.00;XAUUSD;4 771.80;4 779.35;4 810.48;2026.04.01 16:35:14;4 779.15;;;735.00;[sl]
2026.04.01 16:15:46;Buy;1.00;XAUUSD;4 766.59;4 774.14;4 805.18;2026.04.01 16:23:26;4 773.98;;;739.00;[sl]
2026.04.01 16:09:28;Buy;1.00;XAUUSD;4 772.68;4 764.27;4 811.17;2026.04.01 16:10:45;4 764.46;;;-822.00;[sl]
2026.04.01 15:58:09;Buy;1.00;XAUUSD;4 760.21;4 767.76;4 798.81;2026.04.01 16:04:28;4 767.56;;;735.00;[sl]
2026.04.01 15:44:28;Buy;1.00;XAUUSD;4 753.59;4 761.14;4 790.76;2026.04.01 15:53:09;4 761.00;;;741.00;[sl]
2026.04.01 15:29:44;Buy;1.00;XAUUSD;4 742.20;4 749.75;4 780.76;2026.04.01 15:39:24;4 749.71;;;751.00;[sl]
2026.04.01 15:20:55;Buy;1.00;XAUUSD;4 746.42;4 738.16;4 785.06;2026.04.01 15:24:42;4 737.78;;;-864.00;[sl]
2026.04.01 14:56:49;Buy;1.00;XAUUSD;4 735.07;4 726.86;4 773.76;2026.04.01 15:00:51;4 726.69;;;-838.00;[sl]
2026.04.01 14:50:15;Buy;1.00;XAUUSD;4 742.94;4 734.43;4 781.33;2026.04.01 14:51:46;4 734.20;;;-874.00;[sl]
2026.04.01 14:27:56;Buy;1.00;XAUUSD;4 742.27;4 733.97;4 780.87;2026.04.01 14:30:09;4 733.46;;;-881.00;[sl]
2026.04.01 12:46:16;Buy;1.00;XAUUSD;4 757.86;4 749.31;4 796.21;2026.04.01 13:04:23;4 748.96;;;-890.00;[sl]
2026.04.01 12:10:52;Buy;1.00;XAUUSD;4 737.60;4 755.89;4 776.20;2026.04.01 12:41:12;4 755.80;;;1 820.00;[sl]
2026.04.01 11:56:33;Buy;1.00;XAUUSD;4 729.22;4 736.77;4 767.71;2026.04.01 12:05:48;4 736.75;;;753.00;[sl]
2026.04.01 08:55:26;Sell;1.00;XAUUSD;4 711.89;4 720.23;4 673.13;2026.04.01 09:00:44;4 720.70;;;-881.00;[sl]
2026.04.01 08:45:43;Sell;1.00;XAUUSD;4 726.85;4 715.82;4 688.32;2026.04.01 08:52:23;4 716.14;;;1 071.00;[sl]
2026.04.01 08:37:24;Buy;1.00;XAUUSD;4 740.62;4 732.27;4 779.37;2026.04.01 08:41:43;4 732.18;;;-844.00;[sl]
2026.04.01 08:11:10;Buy;1.00;XAUUSD;4 719.53;4 733.52;4 758.10;2026.04.01 08:34:15;4 733.32;;;1 379.00;[sl]
2026.04.01 07:50:31;Buy;1.00;XAUUSD;4 721.58;4 714.72;4 743.72;2026.04.01 08:08:06;4 714.62;;;-696.00;[sl]
2026.04.01 07:28:21;Buy;1.00;XAUUSD;4 709.00;4 719.52;4 730.54;2026.04.01 07:47:28;4 719.52;;;1 052.00;[sl]
2026.04.01 07:19:34;Buy;1.00;XAUUSD;4 695.78;4 707.85;4 717.54;2026.04.01 07:25:18;4 707.61;;;1 183.00;[sl]
2026.04.01 06:59:12;Buy;1.00;XAUUSD;4 685.17;4 696.95;4 707.15;2026.04.01 07:16:33;4 696.95;;;1 178.00;[sl]
2026.04.01 06:39:06;Buy;1.00;XAUUSD;4 698.58;4 691.48;4 720.48;2026.04.01 06:56:11;4 691.45;;;-713.00;[sl]
2026.04.01 05:54:28;Sell;1.00;XAUUSD;4 677.58;4 685.02;4 656.02;2026.04.01 06:13:54;4 685.03;;;-745.00;[sl]
2026.04.01 05:21:46;Sell;1.00;XAUUSD;4 672.05;4 679.27;4 650.27;2026.04.01 05:50:44;4 679.39;;;-734.00;[sl]
2026.04.01 04:53:58;Sell;1.00;XAUUSD;4 683.34;4 669.65;4 661.61;2026.04.01 05:18:42;4 669.68;;;1 366.00;[sl]
2026.04.01 04:15:59;Buy;1.00;XAUUSD;4 691.71;4 684.44;4 713.44;2026.04.01 04:28:51;4 684.36;;;-735.00;[sl]
2026.04.01 03:30:25;Sell;1.00;XAUUSD;4 684.81;4 692.06;4 663.06;2026.04.01 04:12:59;4 692.26;;;-745.00;[sl]
2026.04.01 02:54:14;Sell;1.00;XAUUSD;4 692.65;4 700.12;4 671.12;2026.04.01 03:05:17;4 700.44;;;-779.00;[sl]
2026.04.01 02:44:36;Sell;1.00;XAUUSD;4 687.34;4 694.68;4 665.68;2026.04.01 02:51:13;4 694.91;;;-757.00;[sl]
2026.04.01 02:26:45;Sell;1.00;XAUUSD;4 702.56;4 684.39;4 680.86;2026.04.01 02:41:33;4 684.89;;;1 767.00;[sl]
2026.04.01 01:59:56;Buy;1.00;XAUUSD;4 711.10;4 703.89;4 732.89;2026.04.01 02:01:34;4 703.40;;;-770.00;[sl]
2026.04.01 01:56:07;Buy;1.00;XAUUSD;4 714.12;4 706.81;4 735.81;2026.04.01 01:56:52;4 706.79;;;-733.00;[sl]
2026.04.01 01:38:00;Buy;1.00;XAUUSD;4 702.89;4 716.09;4 724.68;2026.04.01 01:53:02;4 716.01;;;1 312.00;[sl]
2026.04.01 01:33:56;Buy;1.00;XAUUSD;4 713.15;4 706.27;4 735.27;2026.04.01 01:34:58;4 703.80;;;-935.00;[sl]
2026.04.01 01:19:03;Buy;1.00;XAUUSD;4 709.26;4 719.94;4 731.04;2026.04.01 01:30:53;4 719.72;;;1 046.00;[sl]
2026.04.01 00:43:46;Buy;1.00;XAUUSD;4 691.90;4 707.08;4 713.68;2026.04.01 01:15:53;4 706.80;;;1 490.00;[sl]
2026.04.01 00:12:33;Buy;1.00;XAUUSD;4 678.26;4 692.56;4 699.67;2026.04.01 00:40:38;4 692.27;;;1 401.00;[sl]
2026.04.01 00:00:05;Buy;1.00;XAUUSD;4 681.67;4 674.77;4 703.77;2026.04.01 00:05:12;4 674.62;;;-705.00;[sl]
2026.03.31 23:48:05;Sell;1.00;XAUUSD;4 666.63;4 673.66;4 644.66;2026.03.31 23:49:16;4 674.01;;;-738.00;[sl]
2026.03.31 23:42:10;Buy;1.00;XAUUSD;4 691.19;4 683.27;4 712.27;2026.03.31 23:45:02;4 682.43;;;-876.00;[sl]
2026.03.31 23:28:27;Buy;1.00;XAUUSD;4 673.70;4 691.08;4 695.45;2026.03.31 23:39:05;4 691.09;;;1 739.00;[sl]
2026.03.31 23:01:06;Buy;1.00;XAUUSD;4 682.26;4 674.55;4 703.55;2026.03.31 23:03:17;4 674.29;;;-797.00;[sl]
2026.03.31 20:25:04;Buy;1.00;XAUUSD;4 675.73;4 668.59;4 697.59;2026.03.31 21:37:10;4 668.56;;;-717.00;[sl]
2026.03.31 19:12:58;Buy;1.00;XAUUSD;4 665.64;4 678.02;4 687.51;2026.03.31 20:22:01;4 677.65;;;1 201.00;[sl]
2026.03.31 18:59:37;Buy;1.00;XAUUSD;4 654.99;4 665.47;4 676.66;2026.03.31 19:09:54;4 664.96;;;997.00;[sl]
2026.03.31 18:46:38;Buy;1.00;XAUUSD;4 662.50;4 655.07;4 684.07;2026.03.31 18:56:35;4 654.96;;;-754.00;[sl]
2026.03.31 17:20:45;Buy;1.00;XAUUSD;4 614.13;4 624.49;4 652.68;2026.03.31 17:39:09;4 624.22;;;1 009.00;[sl]
2026.03.31 16:45:06;Buy;1.00;XAUUSD;4 621.61;4 613.11;4 660.21;2026.03.31 16:55:42;4 613.00;;;-861.00;[sl]
2026.03.31 16:27:11;Sell;1.00;XAUUSD;4 611.68;4 620.08;4 572.98;2026.03.31 16:42:05;4 620.00;;;-832.00;[sl]
2026.03.31 15:51:55;Sell;1.00;XAUUSD;4 602.78;4 610.36;4 563.26;2026.03.31 16:02:06;4 610.45;;;-767.00;[sl]
2026.03.31 15:37:05;Buy;1.00;XAUUSD;4 611.43;4 602.91;4 650.01;2026.03.31 15:48:55;4 602.60;;;-883.00;[sl]
2026.03.31 15:06:25;Buy;1.00;XAUUSD;4 610.77;4 624.19;4 649.28;2026.03.31 15:34:03;4 623.84;;;1 307.00;[sl]
2026.03.31 15:00:00;Buy;1.00;XAUUSD;4 608.19;4 622.65;4 646.34;2026.03.31 15:03:21;4 622.34;;;1 415.00;[sl]
2026.03.31 14:32:27;Sell;1.00;XAUUSD;4 570.82;4 579.36;4 532.26;2026.03.31 14:34:32;4 579.47;;;-865.00;[sl]
2026.03.31 14:15:50;Buy;1.00;XAUUSD;4 583.59;4 575.01;4 622.11;2026.03.31 14:29:10;4 574.76;;;-883.00;[sl]
2026.03.31 13:18:53;Buy;1.00;XAUUSD;4 579.36;4 571.02;4 618.12;2026.03.31 13:47:56;4 570.91;;;-845.00;[sl]
2026.03.31 13:12:33;Buy;1.00;XAUUSD;4 585.36;4 576.69;4 623.79;2026.03.31 13:14:43;4 576.53;;;-883.00;[sl]
2026.03.31 13:01:36;Buy;1.00;XAUUSD;4 584.20;4 594.74;4 622.26;2026.03.31 13:09:32;4 594.72;;;1 052.00;[sl]
2026.03.31 12:42:54;Buy;1.00;XAUUSD;4 585.62;4 577.22;4 624.32;2026.03.31 12:58:33;4 577.01;;;-861.00;[sl]
2026.03.31 12:22:06;Buy;1.00;XAUUSD;4 573.42;4 590.86;4 611.72;2026.03.31 12:39:53;4 590.43;;;1 701.00;[sl]
2026.03.31 11:47:01;Sell;1.00;XAUUSD;4 540.45;4 549.11;4 502.01;2026.03.31 11:57:00;4 549.33;;;-888.00;[sl]
2026.03.31 11:42:05;Sell;1.00;XAUUSD;4 535.62;4 544.60;4 497.50;2026.03.31 11:44:00;4 544.64;;;-902.00;[sl]
2026.03.31 10:29:05;Sell;1.00;XAUUSD;4 561.79;4 538.53;4 523.20;2026.03.31 11:39:02;4 538.88;;;2 291.00;[sl]
2026.03.31 09:42:10;Buy;1.00;XAUUSD;4 571.02;4 562.55;4 609.65;2026.03.31 10:26:01;4 562.28;;;-874.00;[sl]
2026.03.31 08:45:50;Buy;1.00;XAUUSD;4 561.72;4 572.60;4 600.31;2026.03.31 09:39:10;4 572.37;;;1 065.00;[sl]
2026.03.31 08:22:41;Sell;1.00;XAUUSD;4 551.83;4 560.76;4 513.66;2026.03.31 08:36:26;4 560.81;;;-898.00;[sl]
2026.03.31 07:30:06;Sell;1.00;XAUUSD;4 561.25;4 545.98;4 539.58;2026.03.31 08:19:37;4 546.17;;;1 508.00;[sl]
2026.03.31 06:58:36;Buy;1.00;XAUUSD;4 568.38;4 561.12;4 590.12;2026.03.31 07:01:48;4 560.80;;;-758.00;[sl]
2026.03.31 06:37:17;Buy;1.00;XAUUSD;4 577.67;4 570.32;4 599.32;2026.03.31 06:55:34;4 570.20;;;-747.00;[sl]
2026.03.31 05:30:09;Buy;1.00;XAUUSD;4 561.93;4 554.81;4 583.81;2026.03.31 06:12:14;4 554.71;;;-722.00;[sl]
2026.03.31 04:28:11;Sell;1.00;XAUUSD;4 559.06;4 566.60;4 537.60;2026.03.31 05:20:09;4 566.71;;;-765.00;[sl]
2026.03.31 03:59:10;Sell;1.00;XAUUSD;4 570.47;4 558.65;4 549.15;2026.03.31 04:25:06;4 558.89;;;1 158.00;[sl]
2026.03.31 03:30:10;Sell;1.00;XAUUSD;4 581.45;4 568.68;4 559.93;2026.03.31 03:56:02;4 568.76;;;1 269.00;[sl]
2026.03.31 03:15:04;Buy;1.00;XAUUSD;4 589.90;4 582.82;4 611.82;2026.03.31 03:24:31;4 583.06;;;-684.00;[sl]
2026.03.31 02:49:31;Buy;1.00;XAUUSD;4 609.13;4 601.86;4 630.86;2026.03.31 02:49:55;4 601.60;;;-753.00;[sl]
2026.03.31 02:44:02;Buy;1.00;XAUUSD;4 617.64;4 610.27;4 639.27;2026.03.31 02:46:28;4 610.13;;;-751.00;[sl]
2026.03.31 02:37:11;Buy;1.00;XAUUSD;4 581.47;4 595.74;4 602.58;2026.03.31 02:40:55;4 595.74;;;1 427.00;[sl]
2026.03.31 02:10:20;Buy;1.00;XAUUSD;4 540.51;4 533.29;4 562.29;2026.03.31 02:12:07;4 533.47;;;-704.00;[sl]
2026.03.31 02:04:33;Buy;1.00;XAUUSD;4 542.49;4 536.12;4 565.12;2026.03.31 02:07:16;4 536.07;;;-642.00;[sl]
2026.03.31 01:48:46;Buy;1.00;XAUUSD;4 537.08;4 548.34;4 558.63;2026.03.31 02:01:30;4 548.32;;;1 124.00;[sl]
2026.03.31 01:40:40;Buy;1.00;XAUUSD;4 528.41;4 541.57;4 550.11;2026.03.31 01:45:42;4 541.39;;;1 298.00;[sl]
2026.03.31 01:12:05;Buy;1.00;XAUUSD;4 520.11;4 512.73;4 541.73;2026.03.31 01:15:34;4 512.57;;;-754.00;[sl]
2026.03.31 01:02:44;Buy;1.00;XAUUSD;4 526.67;4 520.42;4 549.42;2026.03.31 01:09:04;4 520.40;;;-627.00;[sl]
2026.03.31 00:22:32;Sell;1.00;XAUUSD;4 508.07;4 515.33;4 486.33;2026.03.31 00:37:39;4 515.35;;;-728.00;[sl]
2026.03.31 00:12:07;Sell;1.00;XAUUSD;4 499.58;4 506.85;4 477.85;2026.03.31 00:19:32;4 506.85;;;-727.00;[sl]
2026.03.31 00:00:13;Sell;1.00;XAUUSD;4 508.10;4 497.31;4 486.38;2026.03.31 00:09:05;4 497.37;;;1 073.00;[sl]
2026.03.30 06:00:35;Buy;1.00;XAUUSD;4 497.87;4 510.55;4 519.59;2026.03.30 06:18:59;4 510.52;;;1 265.00;[sl]
2026.03.30 05:30:06;Sell;1.00;XAUUSD;4 490.44;4 497.69;4 468.69;2026.03.30 05:57:31;4 497.78;;;-734.00;[sl]
2026.03.30 04:45:59;Buy;1.00;XAUUSD;4 501.51;4 494.23;4 523.23;2026.03.30 05:03:05;4 494.21;;;-730.00;[sl]
2026.03.30 04:08:48;Buy;1.00;XAUUSD;4 506.51;4 499.69;4 528.69;2026.03.30 04:42:55;4 499.55;;;-696.00;[sl]
2026.03.30 03:55:35;Buy;1.00;XAUUSD;4 483.14;4 494.82;4 504.71;2026.03.30 04:05:43;4 494.63;;;1 149.00;[sl]
2026.03.30 03:46:05;Buy;1.00;XAUUSD;4 495.31;4 487.15;4 516.15;2026.03.30 03:52:32;4 487.14;;;-817.00;[sl]
2026.03.30 03:40:11;Buy;1.00;XAUUSD;4 475.08;4 490.46;4 496.62;2026.03.30 03:43:04;4 490.41;;;1 533.00;[sl]
2026.03.30 03:19:11;Buy;1.00;XAUUSD;4 467.29;4 460.09;4 489.09;2026.03.30 03:33:52;4 459.98;;;-731.00;[sl]
2026.03.30 02:42:55;Buy;1.00;XAUUSD;4 471.17;4 463.75;4 492.75;2026.03.30 02:54:06;4 463.35;;;-782.00;[sl]
2026.03.30 02:38:01;Buy;1.00;XAUUSD;4 474.45;4 467.39;4 496.39;2026.03.30 02:39:53;4 467.39;;;-706.00;[sl]
2026.03.30 02:32:10;Buy;1.00;XAUUSD;4 453.35;4 467.04;4 474.98;2026.03.30 02:35:00;4 466.80;;;1 345.00;[sl]
2026.03.30 02:04:50;Sell;1.00;XAUUSD;4 443.45;4 450.50;4 421.50;2026.03.30 02:06:58;4 450.59;;;-714.00;[sl]
2026.03.30 01:46:10;Sell;1.00;XAUUSD;4 440.16;4 447.42;4 418.42;2026.03.30 02:01:50;4 447.58;;;-742.00;[sl]
2026.03.30 01:20:50;Sell;1.00;XAUUSD;4 449.24;4 455.16;4 426.16;2026.03.30 01:21:07;4 455.32;;;-608.00;[sl]
2026.03.30 01:16:32;Sell;1.00;XAUUSD;4 426.66;4 434.07;4 405.07;2026.03.30 01:17:50;4 434.10;;;-744.00;[sl]
2026.03.30 01:03:21;Sell;1.00;XAUUSD;4 434.36;4 422.74;4 412.72;2026.03.30 01:13:29;4 423.82;;;1 054.00;[sl]
2026.03.30 00:35:24;Sell;1.00;XAUUSD;4 454.53;4 439.18;4 432.86;2026.03.30 01:00:15;4 439.66;;;1 487.00;[sl]
2026.03.30 00:19:00;Sell;1.00;XAUUSD;4 481.78;4 465.09;4 460.21;2026.03.30 00:32:15;4 459.59;;;2 219.00;[tp]
2026.03.30 00:09:09;Sell;1.00;XAUUSD;4 475.82;4 483.18;4 454.18;2026.03.30 00:15:56;4 483.25;;;-743.00;[sl]
2026.03.30 00:01:32;Sell;1.00;XAUUSD;4 490.91;4 479.87;4 469.05;2026.03.30 00:06:02;4 479.63;;;1 128.00;[sl]
2026.03.27 15:15:31;Buy;1.00;XAUUSD;4 527.37;4 548.58;4 566.08;2026.03.27 15:21:47;4 548.35;;;2 098.00;[sl]
2026.03.27 15:10:41;Buy;1.00;XAUUSD;4 513.00;4 520.55;4 551.54;2026.03.27 15:12:27;4 520.50;;;750.00;[sl]
2026.03.27 15:03:56;Buy;1.00;XAUUSD;4 514.64;4 506.35;4 553.45;2026.03.27 15:07:39;4 506.28;;;-836.00;[sl]
2026.03.27 14:55:40;Buy;1.00;XAUUSD;4 498.05;4 505.60;4 536.74;2026.03.27 14:56:43;4 505.53;;;748.00;[sl]
2026.03.27 14:27:31;Buy;1.00;XAUUSD;4 455.61;4 466.77;4 494.29;2026.03.27 14:45:35;4 466.44;;;1 083.00;[sl]
2026.03.27 13:51:06;Sell;1.00;XAUUSD;4 430.04;4 438.52;4 391.42;2026.03.27 14:02:27;4 438.72;;;-868.00;[sl]
2026.03.27 13:33:49;Sell;1.00;XAUUSD;4 420.16;4 428.88;4 381.78;2026.03.27 13:41:05;4 428.93;;;-877.00;[sl]
2026.03.27 12:52:45;Buy;1.00;XAUUSD;4 443.81;4 435.25;4 482.35;2026.03.27 13:01:56;4 435.07;;;-874.00;[sl]
2026.03.27 12:27:32;Buy;1.00;XAUUSD;4 424.09;4 434.90;4 462.69;2026.03.27 12:42:43;4 434.77;;;1 068.00;[sl]
2026.03.27 12:11:01;Buy;1.00;XAUUSD;4 419.37;4 431.64;4 458.09;2026.03.27 12:17:29;4 431.35;;;1 198.00;[sl]
2026.03.27 11:54:51;Sell;1.00;XAUUSD;4 425.44;4 417.89;4 386.81;2026.03.27 11:58:07;4 417.89;;;755.00;[sl]
2026.03.27 10:52:01;Sell;1.00;XAUUSD;4 412.78;4 421.28;4 374.18;2026.03.27 11:44:48;4 421.30;;;-852.00;[sl]
2026.03.27 10:35:36;Sell;1.00;XAUUSD;4 426.72;4 419.17;4 388.09;2026.03.27 10:41:57;4 419.13;;;759.00;[sl]
2026.03.27 09:30:07;Buy;1.00;XAUUSD;4 434.75;4 426.13;4 473.23;2026.03.27 10:10:29;4 426.00;;;-875.00;[sl]
2026.03.27 09:10:30;Sell;1.00;XAUUSD;4 422.17;4 430.86;4 383.76;2026.03.27 09:13:45;4 430.88;;;-871.00;[sl]
2026.03.27 08:26:25;Sell;1.00;XAUUSD;4 435.16;4 427.61;4 396.48;2026.03.27 09:00:27;4 427.62;;;754.00;[sl]
2026.03.27 07:16:10;Buy;1.00;XAUUSD;4 454.27;4 446.59;4 475.59;2026.03.27 07:52:18;4 446.15;;;-812.00;[sl]
2026.03.27 06:30:55;Buy;1.00;XAUUSD;4 465.93;4 458.12;4 487.12;2026.03.27 06:51:09;4 457.97;;;-796.00;[sl]
2026.03.27 06:15:05;Buy;1.00;XAUUSD;4 470.77;4 463.04;4 492.04;2026.03.27 06:20:10;4 462.74;;;-803.00;[sl]
2026.03.27 02:05:05;Buy;1.00;XAUUSD;4 431.28;4 423.94;4 452.94;2026.03.27 03:05:12;4 423.85;;;-743.00;[sl]
2026.03.27 01:42:50;Buy;1.00;XAUUSD;4 420.09;4 412.97;4 441.97;2026.03.27 01:48:47;4 412.94;;;-715.00;[sl]
2026.03.27 01:25:07;Buy;1.00;XAUUSD;4 402.02;4 414.70;4 423.99;2026.03.27 01:32:43;4 414.55;;;1 253.00;[sl]
2026.03.26 23:39:41;Buy;1.00;XAUUSD;4 405.70;4 399.36;4 428.36;2026.03.26 23:42:47;4 399.22;;;-648.00;[sl]
2026.03.26 23:14:11;Sell;1.00;XAUUSD;4 392.16;4 399.47;4 370.47;2026.03.26 23:18:02;4 399.51;;;-735.00;[sl]
2026.03.26 22:33:52;Buy;1.00;XAUUSD;4 406.53;4 400.59;4 429.59;2026.03.26 22:46:45;4 400.55;;;-598.00;[sl]
2026.03.26 22:19:27;Buy;1.00;XAUUSD;4 408.63;4 401.44;4 430.44;2026.03.26 22:23:49;4 401.46;;;-717.00;[sl]
2026.03.26 20:21:43;Buy;1.00;XAUUSD;4 406.23;4 413.78;4 427.99;2026.03.26 20:22:57;4 413.58;;;735.00;[sl]
2026.03.26 20:03:20;Sell;1.00;XAUUSD;4 359.79;4 366.72;4 337.72;2026.03.26 20:11:43;4 366.91;;;-712.00;[sl]
2026.03.26 19:45:55;Sell;1.00;XAUUSD;4 378.15;4 370.60;4 355.97;2026.03.26 19:53:11;4 370.80;;;735.00;[sl]
2026.03.26 19:33:05;Sell;1.00;XAUUSD;4 376.68;4 384.28;4 355.28;2026.03.26 19:35:52;4 384.41;;;-773.00;[sl]
2026.03.26 19:00:00;Buy;1.00;XAUUSD;4 396.15;4 388.11;4 417.11;2026.03.26 19:08:05;4 388.15;;;-800.00;[sl]
2026.03.26 18:31:20;Sell;1.00;XAUUSD;4 378.00;4 384.49;4 355.49;2026.03.26 18:35:30;4 384.53;;;-653.00;[sl]
2026.03.26 17:55:25;Sell;1.00;XAUUSD;4 384.26;4 370.55;4 345.79;2026.03.26 18:21:04;4 370.88;;;1 338.00;[sl]
2026.03.26 17:28:44;Sell;1.00;XAUUSD;4 377.88;4 386.54;4 339.44;2026.03.26 17:30:24;4 386.70;;;-882.00;[sl]
2026.03.26 17:05:24;Buy;1.00;XAUUSD;4 395.12;4 386.51;4 433.61;2026.03.26 17:18:41;4 386.43;;;-869.00;[sl]
2026.03.26 16:38:25;Sell;1.00;XAUUSD;4 369.07;4 377.61;4 330.51;2026.03.26 16:40:24;4 377.82;;;-875.00;[sl]
2026.03.26 16:27:40;Sell;1.00;XAUUSD;4 390.42;4 399.82;4 352.72;2026.03.26 16:28:16;4 399.60;;;-918.00;[sl]
2026.03.26 16:12:20;Sell;1.00;XAUUSD;4 436.83;4 424.06;4 398.50;2026.03.26 16:17:34;4 424.26;;;1 257.00;[sl]
2026.03.26 15:42:10;Sell;1.00;XAUUSD;4 439.34;4 431.79;4 400.84;2026.03.26 16:02:19;4 432.06;;;728.00;[sl]
2026.03.26 15:15:25;Sell;1.00;XAUUSD;4 455.78;4 444.68;4 417.22;2026.03.26 15:32:02;4 444.81;;;1 097.00;[sl]
2026.03.26 14:56:05;Buy;1.00;XAUUSD;4 456.77;4 464.32;4 495.42;2026.03.26 14:57:46;4 464.32;;;755.00;[sl]
2026.03.26 14:44:40;Buy;1.00;XAUUSD;4 459.84;4 467.39;4 498.59;2026.03.26 14:46:04;4 467.25;;;741.00;[sl]
2026.03.26 14:25:45;Buy;1.00;XAUUSD;4 456.90;4 472.86;4 495.20;2026.03.26 14:34:40;4 472.68;;;1 578.00;[sl]
2026.03.26 14:09:16;Sell;1.00;XAUUSD;4 443.62;4 452.27;4 405.17;2026.03.26 14:15:42;4 452.90;;;-928.00;[sl]
2026.03.26 13:53:40;Buy;1.00;XAUUSD;4 454.80;4 446.37;4 493.47;2026.03.26 13:58:34;4 445.49;;;-931.00;[sl]
2026.03.26 13:40:22;Buy;1.00;XAUUSD;4 436.17;4 443.72;4 474.45;2026.03.26 13:43:39;4 443.65;;;748.00;[sl]
2026.03.26 13:11:10;Buy;1.00;XAUUSD;4 444.34;4 435.84;4 482.94;2026.03.26 13:15:17;4 435.28;;;-906.00;[sl]
2026.03.26 12:41:05;Buy;1.00;XAUUSD;4 440.06;4 431.21;4 478.31;2026.03.26 12:55:06;4 431.00;;;-906.00;[sl]
2026.03.26 09:37:01;Sell;1.00;XAUUSD;4 422.06;4 430.48;4 383.38;2026.03.26 09:41:29;4 430.48;;;-842.00;[sl]
2026.03.26 09:17:11;Buy;1.00;XAUUSD;4 429.22;4 420.73;4 467.83;2026.03.26 09:31:01;4 420.71;;;-851.00;[sl]
2026.03.26 09:00:15;Sell;1.00;XAUUSD;4 423.76;4 432.05;4 384.95;2026.03.26 09:02:06;4 432.83;;;-907.00;[sl]
2026.03.26 08:50:06;Sell;1.00;XAUUSD;4 426.19;4 434.61;4 387.51;2026.03.26 08:54:13;4 434.80;;;-861.00;[sl]
2026.03.26 08:32:02;Sell;1.00;XAUUSD;4 435.59;4 417.32;4 396.41;2026.03.26 08:44:01;4 417.55;;;1 804.00;[sl]
2026.03.26 08:19:51;Sell;1.00;XAUUSD;4 442.85;4 435.40;4 404.29;2026.03.26 08:26:02;4 435.50;;;735.00;[sl]
2026.03.26 08:07:10;Buy;1.00;XAUUSD;4 453.66;4 445.21;4 492.31;2026.03.26 08:13:49;4 445.06;;;-860.00;[sl]
2026.03.26 07:45:10;Buy;1.00;XAUUSD;4 460.61;4 453.38;4 482.38;2026.03.26 07:52:08;4 453.20;;;-741.00;[sl]
2026.03.26 07:36:50;Sell;1.00;XAUUSD;4 450.99;4 458.20;4 429.20;2026.03.26 07:39:04;4 458.45;;;-746.00;[sl]
2026.03.26 07:26:17;Buy;1.00;XAUUSD;4 445.47;4 456.44;4 467.14;2026.03.26 07:30:45;4 456.28;;;1 081.00;[sl]
2026.03.26 07:12:30;Buy;1.00;XAUUSD;4 445.77;4 439.39;4 468.39;2026.03.26 07:20:14;4 439.45;;;-632.00;[sl]
2026.03.26 06:51:50;Sell;1.00;XAUUSD;4 452.11;4 459.50;4 430.50;2026.03.26 06:57:28;4 459.26;;;-715.00;[sl]
2026.03.26 06:43:20;Sell;1.00;XAUUSD;4 441.70;4 449.39;4 420.39;2026.03.26 06:45:41;4 449.54;;;-784.00;[sl]
2026.03.26 06:35:45;Sell;1.00;XAUUSD;4 441.09;4 433.64;4 419.41;2026.03.26 06:37:16;4 433.77;;;732.00;[sl]
2026.03.26 06:18:10;Sell;1.00;XAUUSD;4 432.46;4 439.47;4 410.47;2026.03.26 06:29:26;4 439.56;;;-710.00;[sl]
2026.03.26 06:09:20;Sell;1.00;XAUUSD;4 436.84;4 429.39;4 414.95;2026.03.26 06:12:07;4 429.39;;;745.00;[sl]
2026.03.26 06:02:55;Sell;1.00;XAUUSD;4 438.85;4 446.17;4 417.17;2026.03.26 06:03:17;4 446.33;;;-748.00;[sl]
2026.03.26 05:53:45;Sell;1.00;XAUUSD;4 466.75;4 454.58;4 444.92;2026.03.26 05:56:47;4 454.86;;;1 189.00;[sl]
2026.03.26 05:45:20;Sell;1.00;XAUUSD;4 482.38;4 471.93;4 461.63;2026.03.26 05:47:43;4 471.96;;;1 042.00;[sl]
2026.03.26 05:35:19;Sell;1.00;XAUUSD;4 491.10;4 483.65;4 469.38;2026.03.26 05:45:20;4 483.74;;;736.00;[sl]
2026.03.26 05:17:00;Sell;1.00;XAUUSD;4 507.44;4 493.24;4 485.67;2026.03.26 05:29:13;4 493.35;;;1 409.00;[sl]
2026.03.26 03:47:50;Buy;1.00;XAUUSD;4 515.25;4 508.04;4 537.04;2026.03.26 05:10:41;4 507.91;;;-734.00;[sl]
2026.03.26 03:20:35;Sell;1.00;XAUUSD;4 506.17;4 513.58;4 484.58;2026.03.26 03:32:32;4 513.65;;;-748.00;[sl]
2026.03.26 03:04:16;Sell;1.00;XAUUSD;4 504.20;4 511.47;4 482.47;2026.03.26 03:14:31;4 511.48;;;-728.00;[sl]
2026.03.26 02:40:59;Sell;1.00;XAUUSD;4 516.06;4 508.61;4 494.30;2026.03.26 02:58:15;4 508.55;;;751.00;[sl]
2026.03.26 02:03:15;Sell;1.00;XAUUSD;4 529.63;4 522.18;4 507.96;2026.03.26 02:34:57;4 522.38;;;725.00;[sl]
2026.03.26 01:21:44;Buy;1.00;XAUUSD;4 532.65;4 525.37;4 554.37;2026.03.26 01:47:41;4 525.31;;;-734.00;[sl]
2026.03.26 00:59:25;Buy;1.00;XAUUSD;4 536.04;4 528.77;4 557.77;2026.03.26 01:15:42;4 528.25;;;-779.00;[sl]
2026.03.26 00:30:19;Buy;1.00;XAUUSD;4 527.51;4 534.96;4 549.24;2026.03.26 00:52:18;4 534.36;;;685.00;[sl]
2026.03.26 00:06:24;Buy;1.00;XAUUSD;4 519.02;4 511.76;4 540.76;2026.03.26 00:10:08;4 511.58;;;-744.00;[sl]
2026.03.25 23:42:17;Sell;1.00;XAUUSD;4 496.55;4 503.85;4 474.85;2026.03.26 00:00:16;4 503.90;;;-735.00;[sl]
2026.03.25 23:31:15;Buy;1.00;XAUUSD;4 507.40;4 500.15;4 529.15;2026.03.25 23:36:16;4 499.98;;;-742.00;[sl]
2026.03.25 23:09:26;Sell;1.00;XAUUSD;4 508.30;4 500.85;4 486.49;2026.03.25 23:23:48;4 500.77;;;753.00;[sl]
2026.03.25 23:00:21;Sell;1.00;XAUUSD;4 516.54;4 509.09;4 494.79;2026.03.25 23:03:25;4 509.27;;;727.00;[sl]
2026.03.25 13:02:21;Buy;1.00;XAUUSD;4 549.81;4 567.61;4 588.83;2026.03.25 13:04:59;4 567.43;;;1 762.00;[sl]
2026.03.25 12:51:45;Sell;1.00;XAUUSD;4 543.92;4 552.38;4 505.28;2026.03.25 12:56:20;4 552.75;;;-883.00;[sl]
2026.03.25 12:38:22;Sell;1.00;XAUUSD;4 552.26;4 541.26;4 513.18;2026.03.25 12:45:44;4 541.59;;;1 067.00;[sl]
2026.03.25 12:31:51;Sell;1.00;XAUUSD;4 524.80;4 533.51;4 486.41;2026.03.25 12:32:22;4 533.59;;;-879.00;[sl]
2026.03.25 11:53:46;Buy;1.00;XAUUSD;4 577.04;4 568.59;4 615.69;2026.03.25 12:16:42;4 568.55;;;-849.00;[sl]
2026.03.25 11:32:37;Buy;1.00;XAUUSD;4 583.13;4 574.61;4 621.71;2026.03.25 11:47:44;4 574.40;;;-873.00;[sl]
2026.03.25 11:17:10;Buy;1.00;XAUUSD;4 566.76;4 579.42;4 605.38;2026.03.25 11:26:32;4 579.22;;;1 246.00;[sl]
2026.03.25 10:31:17;Buy;1.00;XAUUSD;4 556.58;4 564.03;4 595.19;2026.03.25 11:11:10;4 564.00;;;742.00;[sl]
2026.03.25 10:01:55;Buy;1.00;XAUUSD;4 560.62;4 552.02;4 599.12;2026.03.25 10:16:14;4 551.62;;;-900.00;[sl]
2026.03.25 09:53:06;Sell;1.00;XAUUSD;4 543.61;4 552.12;4 505.02;2026.03.25 09:55:55;4 552.13;;;-852.00;[sl]
2026.03.25 08:01:41;Sell;1.00;XAUUSD;4 537.36;4 545.87;4 498.77;2026.03.25 08:02:23;4 545.97;;;-861.00;[sl]
2026.03.25 07:41:16;Buy;1.00;XAUUSD;4 551.73;4 543.79;4 572.79;2026.03.25 07:46:38;4 543.71;;;-802.00;[sl]
2026.03.25 07:29:33;Buy;1.00;XAUUSD;4 560.63;4 553.26;4 582.26;2026.03.25 07:35:16;4 553.25;;;-738.00;[sl]
2026.03.25 06:25:36;Sell;1.00;XAUUSD;4 550.84;4 558.09;4 529.09;2026.03.25 07:14:28;4 558.13;;;-729.00;[sl]
2026.03.25 06:15:56;Sell;1.00;XAUUSD;4 541.03;4 548.26;4 519.26;2026.03.25 06:18:39;4 548.38;;;-735.00;[sl]
2026.03.25 06:04:37;Sell;1.00;XAUUSD;4 549.73;4 542.28;4 528.82;2026.03.25 06:09:52;4 542.46;;;727.00;[sl]
2026.03.25 05:48:51;Sell;1.00;XAUUSD;4 564.62;4 557.17;4 542.87;2026.03.25 05:58:17;4 557.37;;;725.00;[sl]
2026.03.25 05:32:52;Sell;1.00;XAUUSD;4 554.11;4 561.37;4 532.37;2026.03.25 05:42:48;4 561.47;;;-736.00;[sl]
2026.03.25 03:46:15;Sell;1.00;XAUUSD;4 571.87;4 558.81;4 550.11;2026.03.25 05:26:48;4 558.93;;;1 294.00;[sl]
2026.03.25 03:11:48;Sell;1.00;XAUUSD;4 579.42;4 571.97;4 557.74;2026.03.25 03:46:14;4 572.33;;;709.00;[sl]
2026.03.25 02:55:26;Sell;1.00;XAUUSD;4 586.11;4 578.66;4 564.44;2026.03.25 03:05:45;4 578.66;;;745.00;[sl]
2026.03.25 02:45:33;Buy;1.00;XAUUSD;4 597.94;4 590.30;4 619.30;2026.03.25 02:49:23;4 590.21;;;-773.00;[sl]
2026.03.25 02:15:07;Buy;1.00;XAUUSD;4 587.17;4 594.62;4 608.90;2026.03.25 02:38:44;4 594.53;;;736.00;[sl]
2026.03.25 02:01:21;Buy;1.00;XAUUSD;4 592.15;4 584.97;4 613.97;2026.03.25 02:09:04;4 585.11;;;-704.00;[sl]
2026.03.25 01:46:19;Buy;1.00;XAUUSD;4 587.72;4 595.17;4 609.33;2026.03.25 01:55:18;4 595.10;;;738.00;[sl]
2026.03.25 01:06:06;Buy;1.00;XAUUSD;4 572.85;4 586.80;4 594.58;2026.03.25 01:40:14;4 586.77;;;1 392.00;[sl]
2026.03.25 00:53:46;Buy;1.00;XAUUSD;4 567.35;4 559.08;4 588.08;2026.03.25 01:00:05;4 558.98;;;-837.00;[sl]
2026.03.25 00:34:46;Buy;1.00;XAUUSD;4 560.90;4 568.35;4 582.77;2026.03.25 00:47:45;4 568.25;;;735.00;[sl]
2026.03.25 00:22:36;Buy;1.00;XAUUSD;4 542.99;4 553.46;4 564.78;2026.03.25 00:28:38;4 553.27;;;1 028.00;[sl]
2026.03.25 00:06:21;Buy;1.00;XAUUSD;4 546.64;4 539.40;4 568.40;2026.03.25 00:16:34;4 539.21;;;-743.00;[sl]
2026.03.24 23:54:49;Buy;1.00;XAUUSD;4 543.93;4 551.38;4 565.71;2026.03.25 00:00:17;4 551.01;;;708.00;[sl]
2026.03.24 23:45:39;Buy;1.00;XAUUSD;4 532.99;4 540.44;4 554.53;2026.03.24 23:48:49;4 540.66;;;767.00;[sl]
2026.03.24 23:36:48;Buy;1.00;XAUUSD;4 525.90;4 540.39;4 547.90;2026.03.24 23:39:39;4 540.10;;;1 420.00;[sl]
2026.03.24 23:23:15;Buy;1.00;XAUUSD;4 500.62;4 508.07;4 522.56;2026.03.24 23:30:41;4 507.92;;;730.00;[sl]
2026.03.24 23:10:19;Buy;1.00;XAUUSD;4 481.31;4 495.92;4 503.06;2026.03.24 23:17:07;4 496.16;;;1 485.00;[sl]
2026.03.24 22:59:10;Buy;1.00;XAUUSD;4 481.91;4 474.42;4 503.42;2026.03.24 23:04:18;4 474.30;;;-761.00;[sl]
2026.03.24 22:31:25;Sell;1.00;XAUUSD;4 463.10;4 470.32;4 441.32;2026.03.24 22:39:10;4 470.37;;;-727.00;[sl]
2026.03.24 22:15:08;Buy;1.00;XAUUSD;4 483.46;4 476.20;4 505.20;2026.03.24 22:25:20;4 475.99;;;-747.00;[sl]
2026.03.24 17:17:50;Sell;1.00;XAUUSD;4 399.08;4 385.84;4 360.24;2026.03.24 17:34:02;4 386.12;;;1 296.00;[sl]
2026.03.24 16:45:25;Buy;1.00;XAUUSD;4 425.08;4 416.27;4 463.37;2026.03.24 17:02:44;4 415.93;;;-915.00;[sl]
2026.03.24 16:32:05;Buy;1.00;XAUUSD;4 418.44;4 409.96;4 457.06;2026.03.24 16:39:22;4 409.91;;;-853.00;[sl]
2026.03.24 16:12:19;Sell;1.00;XAUUSD;4 408.57;4 417.19;4 370.09;2026.03.24 16:17:05;4 417.34;;;-877.00;[sl]
2026.03.24 13:07:21;Sell;1.00;XAUUSD;4 369.15;4 377.95;4 330.85;2026.03.24 13:07:46;4 378.13;;;-898.00;[sl]
2026.03.24 12:53:41;Sell;1.00;XAUUSD;4 383.96;4 376.51;4 344.11;2026.03.24 13:01:18;4 376.76;;;720.00;[sl]
2026.03.24 12:44:00;Sell;1.00;XAUUSD;4 374.88;4 383.52;4 336.42;2026.03.24 12:47:37;4 384.00;;;-912.00;[sl]
2026.03.24 12:36:50;Sell;1.00;XAUUSD;4 386.51;4 376.11;4 348.14;2026.03.24 12:37:58;4 376.00;;;1 051.00;[sl]
2026.03.24 12:18:09;Buy;1.00;XAUUSD;4 422.23;4 413.90;4 461.00;2026.03.24 12:21:49;4 413.34;;;-889.00;[sl]
2026.03.24 12:06:29;Sell;1.00;XAUUSD;4 406.44;4 414.99;4 367.89;2026.03.24 12:12:09;4 415.17;;;-873.00;[sl]
2026.03.24 11:59:10;Sell;1.00;XAUUSD;4 407.74;4 416.14;4 369.04;2026.03.24 12:00:24;4 416.66;;;-892.00;[sl]
2026.03.24 11:54:06;Sell;1.00;XAUUSD;4 392.95;4 400.55;4 353.45;2026.03.24 11:54:30;4 400.65;;;-770.00;[sl]
2026.03.24 11:49:04;Sell;1.00;XAUUSD;4 424.73;4 406.40;4 386.15;2026.03.24 11:53:12;4 406.37;;;1 836.00;[sl]
2026.03.24 03:22:20;Buy;1.00;XAUUSD;4 362.74;4 355.60;4 384.60;2026.03.24 03:30:29;4 355.57;;;-717.00;[sl]
2026.03.24 03:02:20;Buy;1.00;XAUUSD;4 352.94;4 360.39;4 374.83;2026.03.24 03:18:15;4 360.06;;;712.00;[sl]
2026.03.24 03:00:06;Buy;1.00;XAUUSD;4 367.67;4 360.59;4 389.59;2026.03.24 03:00:55;4 360.44;;;-723.00;[sl]
2026.03.24 02:47:15;Buy;1.00;XAUUSD;4 376.22;4 369.84;4 398.84;2026.03.24 02:49:17;4 369.65;;;-657.00;[sl]
2026.03.24 02:42:14;Buy;1.00;XAUUSD;4 353.55;4 364.33;4 375.58;2026.03.24 02:44:19;4 364.33;;;1 078.00;[sl]
2026.03.24 02:37:12;Buy;1.00;XAUUSD;4 366.13;4 358.97;4 387.97;2026.03.24 02:40:10;4 358.52;;;-761.00;[sl]
2026.03.24 01:20:36;Sell;1.00;XAUUSD;4 353.54;4 361.29;4 332.29;2026.03.24 01:23:05;4 361.52;;;-798.00;[sl]
2026.03.24 01:15:36;Sell;1.00;XAUUSD;4 341.38;4 348.33;4 319.33;2026.03.24 01:18:12;4 348.71;;;-733.00;[sl]
2026.03.24 01:10:36;Sell;1.00;XAUUSD;4 348.74;4 356.15;4 327.15;2026.03.24 01:10:53;4 356.26;;;-752.00;[sl]
2026.03.24 01:05:36;Sell;1.00;XAUUSD;4 358.54;4 351.09;4 336.14;2026.03.24 01:08:13;4 351.62;;;692.00;[sl]
2026.03.24 01:00:06;Sell;1.00;XAUUSD;4 370.34;4 357.71;4 348.58;2026.03.24 01:01:17;4 357.83;;;1 251.00;[sl]
2026.03.24 00:40:31;Sell;1.00;XAUUSD;4 342.33;4 349.75;4 320.75;2026.03.24 00:41:39;4 349.95;;;-762.00;[sl]
2026.03.24 00:39:00;Sell;1.00;XAUUSD;4 360.05;4 343.50;4 339.40;2026.03.24 00:39:31;4 339.09;;;2 096.00;[tp]
2026.03.24 00:32:51;Sell;1.00;XAUUSD;4 375.91;4 360.63;4 354.75;2026.03.24 00:34:10;4 360.81;;;1 510.00;[sl]
2026.03.24 00:15:06;Sell;1.00;XAUUSD;4 422.43;4 406.00;4 400.99;2026.03.24 00:18:18;4 406.05;;;1 638.00;[sl]
2026.03.24 00:00:20;Buy;1.00;XAUUSD;4 444.74;4 437.30;4 466.30;2026.03.24 00:01:26;4 437.26;;;-748.00;[sl]
2026.03.23 23:42:47;Buy;1.00;XAUUSD;4 432.07;4 424.82;4 453.82;2026.03.23 23:45:43;4 424.59;;;-748.00;[sl]
2026.03.23 23:16:35;Buy;1.00;XAUUSD;4 440.41;4 433.10;4 462.10;2026.03.23 23:37:28;4 433.02;;;-739.00;[sl]
2026.03.23 23:11:32;Buy;1.00;XAUUSD;4 432.84;4 440.29;4 454.55;2026.03.23 23:16:22;4 440.00;;;716.00;[sl]
2026.03.23 22:56:23;Buy;1.00;XAUUSD;4 423.08;4 433.81;4 444.08;2026.03.23 23:08:12;4 433.70;;;1 062.00;[sl]
2026.03.23 22:51:20;Buy;1.00;XAUUSD;4 418.34;4 425.79;4 440.10;2026.03.23 22:55:19;4 425.73;;;739.00;[sl]
2026.03.23 22:36:18;Sell;1.00;XAUUSD;4 409.90;4 417.20;4 388.20;2026.03.23 22:50:18;4 417.26;;;-736.00;[sl]
2026.03.23 22:31:15;Sell;1.00;XAUUSD;4 413.47;4 402.10;4 391.79;2026.03.23 22:33:18;4 402.54;;;1 093.00;[sl]
2026.03.23 22:26:14;Sell;1.00;XAUUSD;4 400.35;4 407.63;4 378.63;2026.03.23 22:27:15;4 407.92;;;-757.00;[sl]
2026.03.23 22:21:14;Sell;1.00;XAUUSD;4 400.11;4 407.78;4 378.78;2026.03.23 22:23:26;4 408.43;;;-832.00;[sl]
2026.03.23 22:15:03;Sell;1.00;XAUUSD;4 395.99;4 403.00;4 374.00;2026.03.23 22:19:53;4 402.97;;;-698.00;[sl]
2026.03.23 14:28:21;Buy;1.00;XAUUSD;4 495.65;4 487.12;4 534.22;2026.03.23 14:28:57;4 487.05;;;-860.00;[sl]
2026.03.23 14:23:17;Buy;1.00;XAUUSD;4 496.98;4 507.98;4 535.36;2026.03.23 14:25:54;4 507.73;;;1 075.00;[sl]
2026.03.23 14:18:17;Buy;1.00;XAUUSD;4 486.84;4 494.29;4 525.47;2026.03.23 14:21:35;4 493.94;;;710.00;[sl]
2026.03.23 14:13:14;Buy;1.00;XAUUSD;4 463.62;4 478.60;4 501.85;2026.03.23 14:16:04;4 478.54;;;1 492.00;[sl]
2026.03.23 14:08:11;Buy;1.00;XAUUSD;4 469.85;4 461.66;4 508.76;2026.03.23 14:08:44;4 461.50;;;-835.00;[sl]
2026.03.23 14:03:09;Buy;1.00;XAUUSD;4 476.57;4 468.04;4 515.14;2026.03.23 14:04:12;4 467.94;;;-863.00;[sl]
2026.03.23 14:00:06;Buy;1.00;XAUUSD;4 459.39;4 466.84;4 497.11;2026.03.23 14:02:25;4 466.64;;;725.00;[sl]
2026.03.23 13:27:59;Buy;1.00;XAUUSD;4 415.45;4 406.20;4 453.30;2026.03.23 13:29:15;4 405.99;;;-946.00;[sl]
2026.03.23 12:37:35;Buy;1.00;XAUUSD;4 416.22;4 407.90;4 455.00;2026.03.23 12:38:08;4 407.40;;;-882.00;[sl]
2026.03.23 12:32:32;Buy;1.00;XAUUSD;4 391.48;4 406.87;4 429.59;2026.03.23 12:33:38;4 406.65;;;1 517.00;[sl]
2026.03.23 12:30:02;Buy;1.00;XAUUSD;4 389.34;4 380.65;4 427.75;2026.03.23 12:30:14;4 380.62;;;-872.00;[sl]
2026.03.23 12:21:00;Buy;1.00;XAUUSD;4 405.35;4 396.27;4 443.37;2026.03.23 12:22:22;4 396.12;;;-923.00;[sl]
2026.03.23 12:07:22;Sell;1.00;XAUUSD;4 348.20;4 340.75;4 309.62;2026.03.23 12:07:55;4 339.96;;;824.00;[sl]
2026.03.23 12:02:18;Sell;1.00;XAUUSD;4 362.85;4 355.40;4 324.37;2026.03.23 12:03:20;4 355.51;;;734.00;[sl]
2026.03.23 11:57:17;Buy;1.00;XAUUSD;4 376.96;4 368.61;4 415.71;2026.03.23 11:57:32;4 368.40;;;-856.00;[sl]
2026.03.23 11:52:16;Buy;1.00;XAUUSD;4 380.89;4 411.71;4 419.13;2026.03.23 11:54:14;4 411.53;;;3 064.00;[sl]
2026.03.23 11:47:13;Buy;1.00;XAUUSD;4 396.52;4 387.87;4 434.97;2026.03.23 11:47:57;4 387.61;;;-891.00;[sl]
2026.03.23 11:42:13;Buy;1.00;XAUUSD;4 390.41;4 408.52;4 429.69;2026.03.23 11:43:30;4 408.34;;;1 793.00;[sl]
2026.03.21 08:21:14;Buy Limit;1.00;BTCUSD;1.00;;;2026.03.23 11:00:33;68 611.43;;;;cancelled
2026.03.23 09:17:18;Buy;1.00;XAUUSD;4 283.76;4 295.04;4 322.34;2026.03.23 09:22:49;4 294.55;;;1 079.00;[sl]
2026.03.23 09:02:02;Buy;1.00;XAUUSD;4 249.92;4 262.99;4 289.04;2026.03.23 09:11:14;4 262.59;;;1 267.00;[sl]
2026.03.23 08:50:28;Buy;1.00;XAUUSD;4 232.61;4 224.00;4 271.10;2026.03.23 08:56:00;4 223.97;;;-864.00;[sl]
2026.03.23 08:39:15;Buy;1.00;XAUUSD;4 237.08;4 254.06;4 275.80;2026.03.23 08:42:22;4 253.67;;;1 659.00;[sl]
2026.03.23 08:30:07;Buy;1.00;XAUUSD;4 223.85;4 258.50;4 262.75;2026.03.23 08:33:13;4 262.95;;;3 910.00;[tp]
2026.03.23 08:13:39;Buy;1.00;XAUUSD;4 244.77;4 252.22;4 283.53;2026.03.23 08:14:47;4 252.05;;;728.00;[sl]
2026.03.23 08:05:58;Buy;1.00;XAUUSD;4 219.91;4 234.33;4 258.91;2026.03.23 08:07:35;4 234.61;;;1 470.00;[sl]
2026.03.23 07:58:39;Sell;1.00;XAUUSD;4 196.91;4 204.25;4 175.25;2026.03.23 07:59:56;4 204.43;;;-752.00;[sl]
2026.03.23 07:49:41;Sell;1.00;XAUUSD;4 215.08;4 207.63;4 193.27;2026.03.23 07:52:36;4 207.92;;;716.00;[sl]
2026.03.23 07:33:07;Sell;1.00;XAUUSD;4 148.23;4 154.85;4 125.85;2026.03.23 07:33:23;4 154.97;;;-674.00;[sl]
2026.03.23 07:26:51;Sell;1.00;XAUUSD;4 117.84;4 124.80;4 095.80;2026.03.23 07:27:04;4 125.21;;;-737.00;[sl]
2026.03.23 07:19:03;Sell;1.00;XAUUSD;4 114.99;4 107.54;4 093.25;2026.03.23 07:20:48;4 107.77;;;722.00;[sl]
2026.03.23 07:12:17;Sell;1.00;XAUUSD;4 152.60;4 145.15;4 131.59;2026.03.23 07:13:00;4 145.77;;;683.00;[sl]
2026.03.23 06:55:43;Sell;1.00;XAUUSD;4 221.75;4 228.40;4 199.40;2026.03.23 06:57:07;4 228.50;;;-675.00;[sl]
2026.03.23 06:49:10;Sell;1.00;XAUUSD;4 193.99;4 200.79;4 171.79;2026.03.23 06:49:43;4 201.04;;;-705.00;[sl]
2026.03.23 06:41:05;Sell;1.00;XAUUSD;4 235.81;4 218.78;4 213.54;2026.03.23 06:43:06;4 218.80;;;1 701.00;[sl]
2026.03.23 06:32:36;Sell;1.00;XAUUSD;4 233.06;4 240.16;4 211.16;2026.03.23 06:35:03;4 240.16;;;-710.00;[sl]
2026.03.23 06:20:39;Sell;1.00;XAUUSD;4 279.13;4 271.68;4 257.68;2026.03.23 06:26:36;4 271.82;;;731.00;[sl]
2026.03.23 06:13:26;Sell;1.00;XAUUSD;4 279.70;4 286.67;4 257.67;2026.03.23 06:14:35;4 286.74;;;-704.00;[sl]
2026.03.23 06:05:01;Sell;1.00;XAUUSD;4 285.67;4 274.64;4 263.48;2026.03.23 06:07:26;4 274.94;;;1 073.00;[sl]
2026.03.23 01:00:58;Sell;1.00;XAUUSD;4 344.28;4 349.30;4 320.30;2026.03.23 01:01:22;4 349.97;;;-569.00;[sl]
2026.03.23 00:53:54;Sell;1.00;XAUUSD;4 328.43;4 335.92;4 306.92;2026.03.23 00:54:58;4 336.55;;;-812.00;[sl]
2026.03.23 00:46:06;Sell;1.00;XAUUSD;4 360.54;4 353.09;4 339.34;2026.03.23 00:47:53;4 353.46;;;708.00;[sl]
2026.03.23 00:29:25;Sell;1.00;XAUUSD;4 427.97;4 435.37;4 406.37;2026.03.23 00:31:01;4 435.60;;;-763.00;[sl]
2026.03.23 00:22:26;Sell;1.00;XAUUSD;4 428.35;4 435.74;4 406.74;2026.03.23 00:23:22;4 436.15;;;-780.00;[sl]
2026.03.23 00:06:23;Sell;1.00;XAUUSD;4 432.54;4 440.30;4 411.30;2026.03.23 00:07:25;4 440.71;;;-817.00;[sl]
2026.03.23 00:00:00;Sell;1.00;XAUUSD;4 465.34;4 472.08;4 443.08;2026.03.23 00:00:22;4 472.11;;;-677.00;[sl]
2026.03.22 23:48:58;Sell;1.00;XAUUSD;4 460.32;4 467.71;4 438.71;2026.03.22 23:51:05;4 467.78;;;-746.00;[sl]
2026.03.22 23:37:04;Sell;1.00;XAUUSD;4 476.96;4 484.27;4 455.27;2026.03.22 23:42:58;4 484.45;;;-749.00;[sl]
2026.03.22 23:28:03;Sell;1.00;XAUUSD;4 491.69;4 484.24;4 469.90;2026.03.22 23:31:04;4 484.24;;;745.00;[sl]
2026.03.22 23:18:43;Sell;1.00;XAUUSD;4 497.65;4 490.20;4 475.83;2026.03.22 23:22:01;4 490.28;;;737.00;[sl]
2026.03.22 23:15:30;Buy Limit;1.00;XAUUSD;1.00;;;2026.03.22 23:15:59;4 495.58;;;;cancelled
2026.03.22 23:10:07;Sell;1.00;XAUUSD;4 496.51;4 489.06;4 474.93;2026.03.22 23:12:42;4 489.24;;;727.00;[sl]
2026.03.22 22:42:49;Buy;1.00;XAUUSD;4 509.87;4 502.64;4 531.64;2026.03.22 22:55:02;4 502.14;;;-773.00;[sl]
2026.03.22 22:34:54;Buy;1.00;XAUUSD;4 513.21;4 506.22;4 535.22;2026.03.22 22:36:46;4 506.29;;;-692.00;[sl]
2026.03.22 22:10:44;Buy;0.10;BTCUSD;68 094.13;68 253.57;68 846.43;2026.03.22 22:29:10;68 247.57;;;15.34;[sl]
2026.03.22 22:25:05;Buy;1.00;XAUUSD;4 524.88;4 532.33;4 547.94;2026.03.22 22:28:53;4 532.19;;;731.00;[sl]
2026.03.22 22:15:05;Buy;1.00;XAUUSD;4 507.84;4 515.29;4 529.81;2026.03.22 22:19:04;4 515.12;;;728.00;[sl]
2026.03.22 19:50:22;Sell;0.10;BTCUSD;68 135.57;67 937.93;67 385.57;2026.03.22 21:05:18;67 965.43;;;17.01;[sl]
2026.03.22 15:17:59;Buy;0.10;BTCUSD;68 872.43;68 119.13;69 924.13;2026.03.22 19:49:20;68 115.57;;;-75.69;[sl]
2026.03.22 11:51:20;Sell;0.10;BTCUSD;68 276.57;69 025.57;67 220.57;2026.03.22 15:15:16;68 996.93;;;-72.04;[sl]
2026.03.22 11:36:14;Sell;0.10;BTCUSD;68 482.57;68 356.77;67 427.57;2026.03.22 11:49:21;68 332.43;;;15.01;[sl]
2026.03.22 08:29:42;Sell;0.10;BTCUSD;68 615.57;68 489.77;67 562.57;2026.03.22 11:33:13;68 497.43;;;11.81;[sl]
2026.03.22 08:04:27;Sell;0.10;BTCUSD;68 773.57;68 647.77;67 718.57;2026.03.22 08:28:22;68 648.43;;;12.51;[sl]
2026.03.22 03:32:29;Buy;0.10;BTCUSD;69 395.43;68 845.43;70 145.43;2026.03.22 08:00:11;68 849.57;;;-54.59;[sl]
2026.03.22 00:31:00;Sell;0.10;BTCUSD;68 942.57;69 500.87;68 200.87;2026.03.22 03:27:57;69 502.43;;;-55.99;[sl]
2026.03.21 23:56:45;Sell;0.10;BTCUSD;68 867.07;68 700.03;68 159.57;2026.03.21 23:58:01;68 705.13;;;16.19;[sl]
2026.03.21 23:51:50;Sell;0.10;BTCUSD;69 404.97;69 145.43;68 652.57;2026.03.21 23:52:16;69 154.43;;;25.05;[sl]
2026.03.21 16:59:59;Sell;0.10;BTCUSD;70 276.06;69 817.43;69 526.06;2026.03.21 23:47:52;69 817.43;;;45.86;[sl]
2026.03.21 14:13:48;Buy;0.10;BTCUSD;70 994.89;70 244.89;72 049.89;2026.03.21 16:56:19;70 246.60;;;-74.83;[sl]
2026.03.21 00:00:00;Sell;0.10;BTCUSD;70 479.57;71 024.97;69 724.97;2026.03.21 14:12:02;71 029.63;;;-55.01;[sl]
2026.03.20 19:32:55;Buy;1.00;XAUUSD;4 499.43;4 506.88;4 521.10;2026.03.20 19:33:40;4 506.69;;;726.00;[sl]
2026.03.20 19:18:48;Sell;1.00;XAUUSD;4 498.57;4 491.12;4 476.87;2026.03.20 19:26:52;4 491.28;;;729.00;[sl]
2026.03.20 19:08:43;Sell;1.00;XAUUSD;4 500.48;4 493.03;4 478.85;2026.03.20 19:12:44;4 493.75;;;673.00;[sl]
2026.03.20 19:00:36;Sell;1.00;XAUUSD;4 508.69;4 515.93;4 486.93;2026.03.20 19:02:39;4 516.05;;;-736.00;[sl]
2026.03.20 18:51:08;Sell;1.00;XAUUSD;4 513.17;4 505.72;4 491.56;2026.03.20 18:54:34;4 506.35;;;682.00;[sl]
2026.03.20 18:42:24;Sell;1.00;XAUUSD;4 539.16;4 528.48;4 517.19;2026.03.20 18:45:04;4 528.78;;;1 038.00;[sl]
2026.03.20 18:26:05;Sell;1.00;XAUUSD;4 553.06;4 545.61;4 531.23;2026.03.20 18:36:21;4 545.73;;;733.00;[sl]
2026.03.20 18:17:54;Sell;1.00;XAUUSD;4 559.88;4 567.14;4 538.14;2026.03.20 18:20:05;4 567.17;;;-729.00;[sl]
2026.03.20 17:57:10;Sell;1.00;XAUUSD;4 573.54;4 566.09;4 551.71;2026.03.20 18:11:50;4 566.11;;;743.00;[sl]
2026.03.20 17:41:09;Sell;1.00;XAUUSD;4 561.62;4 569.44;4 540.44;2026.03.20 17:51:08;4 570.03;;;-841.00;[sl]
2026.03.20 17:30:30;Sell;1.00;XAUUSD;4 570.50;4 563.05;4 549.11;2026.03.20 17:35:05;4 563.05;;;745.00;[sl]
2026.03.20 17:11:40;Buy;1.00;XAUUSD;4 587.01;4 579.84;4 608.84;2026.03.20 17:15:29;4 579.71;;;-730.00;[sl]
2026.03.20 16:58:54;Buy;1.00;XAUUSD;4 586.32;4 579.07;4 608.07;2026.03.20 17:05:39;4 578.74;;;-758.00;[sl]
2026.03.20 16:36:55;Buy;1.00;XAUUSD;4 589.73;4 582.31;4 611.31;2026.03.20 16:43:33;4 582.21;;;-752.00;[sl]
2026.03.20 16:27:35;Buy;1.00;XAUUSD;4 586.36;4 579.10;4 608.10;2026.03.20 16:30:42;4 579.09;;;-727.00;[sl]
2026.03.20 16:18:17;Buy;1.00;XAUUSD;4 594.43;4 610.04;4 616.25;2026.03.20 16:21:33;4 609.98;;;1 555.00;[sl]
2026.03.20 15:51:50;Sell;1.00;XAUUSD;4 556.02;4 564.02;4 516.92;2026.03.20 16:03:12;4 564.43;;;-841.00;[sl]
2026.03.20 15:35:30;Buy;1.00;XAUUSD;4 565.21;4 556.35;4 603.45;2026.03.20 15:45:50;4 556.06;;;-915.00;[sl]
2026.03.20 15:17:54;Buy;1.00;XAUUSD;4 568.88;4 560.54;4 607.64;2026.03.20 15:20:29;4 560.50;;;-838.00;[sl]
2026.03.20 15:09:21;Sell;1.00;XAUUSD;4 561.96;4 570.42;4 523.32;2026.03.20 15:11:51;4 570.38;;;-842.00;[sl]
2026.03.20 14:54:15;Sell;1.00;XAUUSD;4 564.50;4 551.82;4 526.41;2026.03.20 14:55:19;4 552.02;;;1 248.00;[sl]
2026.03.20 14:40:05;Sell;1.00;XAUUSD;4 574.60;4 567.15;4 536.04;2026.03.20 14:48:12;4 567.38;;;722.00;[sl]
2026.03.20 14:31:56;Sell;1.00;XAUUSD;4 568.73;4 577.08;4 529.98;2026.03.20 14:33:59;4 577.44;;;-871.00;[sl]
2026.03.20 14:23:18;Sell;1.00;XAUUSD;4 570.01;4 558.60;4 531.67;2026.03.20 14:25:56;4 558.59;;;1 142.00;[sl]
2026.03.20 14:15:28;Sell;1.00;XAUUSD;4 576.59;4 585.79;4 538.69;2026.03.20 14:17:16;4 585.90;;;-931.00;[sl]
2026.03.20 14:06:38;Sell;1.00;XAUUSD;4 617.55;4 604.54;4 578.90;2026.03.20 14:09:23;4 604.66;;;1 289.00;[sl]
2026.03.20 13:58:15;Sell;1.00;XAUUSD;4 619.36;4 611.91;4 580.94;2026.03.20 14:00:36;4 612.08;;;728.00;[sl]
2026.03.20 13:49:45;Sell;1.00;XAUUSD;4 652.67;4 633.75;4 614.34;2026.03.20 13:52:11;4 633.88;;;1 879.00;[sl]
2026.03.20 13:37:21;Sell;1.00;XAUUSD;4 656.27;4 664.84;4 617.74;2026.03.20 13:43:44;4 664.85;;;-858.00;[sl]
2026.03.20 13:27:11;Sell;1.00;XAUUSD;4 663.34;4 655.89;4 624.88;2026.03.20 13:31:17;4 655.66;;;768.00;[sl]
2026.03.20 13:15:45;Sell;1.00;XAUUSD;4 661.93;4 670.52;4 623.42;2026.03.20 13:21:09;4 670.45;;;-852.00;[sl]
2026.03.20 12:39:21;Sell;1.00;XAUUSD;4 667.27;4 675.79;4 628.69;2026.03.20 12:50:43;4 675.80;;;-853.00;[sl]
2026.03.20 12:27:11;Buy;1.00;XAUUSD;4 679.66;4 671.03;4 718.13;2026.03.20 12:33:17;4 670.87;;;-879.00;[sl]
2026.03.20 08:05:24;Buy;1.00;XAUUSD;4 705.30;4 728.69;4 743.91;2026.03.20 08:22:05;4 728.51;;;2 321.00;[sl]
2026.03.20 07:50:55;Buy;1.00;XAUUSD;4 698.40;4 705.85;4 720.15;2026.03.20 07:59:21;4 705.84;;;744.00;[sl]
2026.03.20 07:31:15;Buy;1.00;XAUUSD;4 687.73;4 695.18;4 709.41;2026.03.20 07:43:36;4 695.16;;;743.00;[sl]
2026.03.20 06:56:24;Sell;1.00;XAUUSD;4 668.69;4 676.04;4 647.04;2026.03.20 07:01:08;4 676.38;;;-769.00;[sl]
2026.03.20 06:48:29;Sell;1.00;XAUUSD;4 663.96;4 671.19;4 642.19;2026.03.20 06:50:21;4 671.17;;;-721.00;[sl]
2026.03.20 06:34:14;Sell;1.00;XAUUSD;4 683.53;4 665.12;4 661.81;2026.03.20 06:42:26;4 661.81;;;2 172.00;[tp]
2026.03.20 06:17:25;Sell;1.00;XAUUSD;4 690.01;4 682.56;4 668.03;2026.03.20 06:28:12;4 682.73;;;728.00;[sl]
2026.03.20 06:06:04;Sell;1.00;XAUUSD;4 695.17;4 687.72;4 673.38;2026.03.20 06:11:25;4 687.73;;;744.00;[sl]
2026.03.20 05:56:18;Sell;1.00;XAUUSD;4 697.78;4 690.33;4 676.05;2026.03.20 06:00:02;4 690.40;;;738.00;[sl]
2026.03.20 05:41:29;Sell;1.00;XAUUSD;4 711.78;4 704.33;4 690.00;2026.03.20 05:50:18;4 704.46;;;732.00;[sl]
2026.03.20 04:49:27;Sell;1.00;XAUUSD;4 718.62;4 705.65;4 696.71;2026.03.20 05:35:29;4 705.90;;;1 272.00;[sl]
2026.03.20 04:37:08;Buy;1.00;XAUUSD;4 725.87;4 718.59;4 747.59;2026.03.20 04:43:26;4 718.62;;;-725.00;[sl]
2026.03.20 03:53:10;Buy;1.00;XAUUSD;4 726.32;4 719.06;4 748.06;2026.03.20 04:07:06;4 719.11;;;-721.00;[sl]
2026.03.20 03:26:15;Buy;1.00;XAUUSD;4 732.84;4 725.63;4 754.63;2026.03.20 03:47:10;4 725.58;;;-726.00;[sl]
2026.03.20 03:14:24;Buy;1.00;XAUUSD;4 718.25;4 732.04;4 740.04;2026.03.20 03:20:12;4 731.95;;;1 370.00;[sl]
2026.03.20 02:57:07;Buy;1.00;XAUUSD;4 696.34;4 715.36;4 718.66;2026.03.20 03:08:15;4 715.33;;;1 899.00;[sl]
2026.03.20 02:42:50;Buy;1.00;XAUUSD;4 684.23;4 700.18;4 705.95;2026.03.20 02:51:07;4 699.78;;;1 555.00;[sl]
2026.03.20 02:35:09;Buy;1.00;XAUUSD;4 691.01;4 683.81;4 712.81;2026.03.20 02:36:50;4 683.69;;;-732.00;[sl]
2026.03.20 02:04:14;Buy;1.00;XAUUSD;4 678.85;4 671.56;4 700.56;2026.03.20 02:05:02;4 671.54;;;-731.00;[sl]
2026.03.20 01:52:36;Buy;1.00;XAUUSD;4 679.93;4 672.40;4 701.40;2026.03.20 01:58:12;4 672.38;;;-755.00;[sl]
2026.03.20 01:40:44;Buy;1.00;XAUUSD;4 681.29;4 695.77;4 703.33;2026.03.20 01:46:32;4 695.62;;;1 433.00;[sl]
2026.03.20 01:06:24;Buy;1.00;XAUUSD;4 673.16;4 665.91;4 694.91;2026.03.20 01:10:34;4 664.92;;;-824.00;[sl]
2026.03.20 00:00:09;Sell;0.10;BTCUSD;69 904.37;70 454.37;69 154.37;2026.03.20 01:07:49;70 458.43;;;-55.41;[sl]
2026.03.20 01:00:05;Buy;1.00;XAUUSD;4 648.31;4 639.82;4 668.82;2026.03.20 01:00:17;4 639.56;;;-875.00;[sl]
2026.03.20 00:27:14;Buy;1.00;XAUUSD;4 649.74;4 657.19;4 671.45;2026.03.20 00:49:25;4 657.03;;;729.00;[sl]
2026.03.20 00:18:55;Buy;1.00;XAUUSD;4 663.03;4 655.69;4 684.69;2026.03.20 00:21:11;4 655.69;;;-734.00;[sl]
2026.03.20 00:00:06;Buy;1.00;XAUUSD;4 644.91;4 657.79;4 666.70;2026.03.20 00:12:50;4 657.54;;;1 263.00;[sl]
2026.03.19 15:41:09;Sell;1.00;XAUUSD;4 580.05;4 572.60;4 541.40;2026.03.19 15:42:25;4 573.17;;;688.00;[sl]
2026.03.19 15:32:39;Sell;1.00;XAUUSD;4 582.90;4 575.45;4 544.24;2026.03.19 15:35:07;4 575.68;;;722.00;[sl]
2026.03.19 15:21:09;Buy;1.00;XAUUSD;4 611.45;4 602.62;4 649.72;2026.03.19 15:26:39;4 602.63;;;-882.00;[sl]
2026.03.19 15:12:31;Buy;1.00;XAUUSD;4 614.92;4 625.81;4 653.04;2026.03.19 15:15:05;4 625.44;;;1 052.00;[sl]
2026.03.19 15:03:49;Buy;1.00;XAUUSD;4 604.83;4 634.27;4 643.03;2026.03.19 15:06:27;4 634.17;;;2 934.00;[sl]
2026.03.19 14:56:19;Sell;1.00;XAUUSD;4 616.56;4 609.11;4 577.93;2026.03.19 14:57:45;4 609.31;;;725.00;[sl]
2026.03.19 14:25:14;Buy;1.00;XAUUSD;4 615.02;4 606.12;4 653.22;2026.03.19 14:26:19;4 605.96;;;-906.00;[sl]
2026.03.19 14:18:21;Buy;1.00;XAUUSD;4 618.20;4 609.75;4 656.85;2026.03.19 14:19:13;4 609.75;;;-845.00;[sl]
2026.03.19 14:10:19;Buy;1.00;XAUUSD;4 627.94;4 645.09;4 666.94;2026.03.19 14:12:17;4 644.90;;;1 696.00;[sl]
2026.03.19 14:03:06;Buy;1.00;XAUUSD;4 635.45;4 627.59;4 674.69;2026.03.19 14:04:17;4 627.38;;;-807.00;[sl]
2026.03.19 13:53:49;Buy;1.00;XAUUSD;4 589.21;4 611.52;4 627.41;2026.03.19 13:57:06;4 611.37;;;2 216.00;[sl]
2026.03.19 13:46:55;Sell;1.00;XAUUSD;4 555.15;4 542.85;4 515.55;2026.03.19 13:47:46;4 543.07;;;1 208.00;[sl]
2026.03.19 13:40:19;Sell;1.00;XAUUSD;4 570.58;4 550.11;4 531.89;2026.03.19 13:40:55;4 551.25;;;1 933.00;[sl]
2026.03.19 13:33:54;Sell;1.00;XAUUSD;4 562.73;4 572.05;4 524.95;2026.03.19 13:34:17;4 571.93;;;-920.00;[sl]
2026.03.19 13:24:50;Sell;1.00;XAUUSD;4 567.46;4 560.01;4 529.16;2026.03.19 13:25:17;4 560.61;;;685.00;[sl]
2026.03.19 12:52:44;Sell;1.00;XAUUSD;4 565.90;4 574.74;4 527.64;2026.03.19 12:54:47;4 574.80;;;-890.00;[sl]
2026.03.19 12:45:44;Sell;1.00;XAUUSD;4 551.56;4 560.31;4 513.21;2026.03.19 12:46:41;4 560.33;;;-877.00;[sl]
2026.03.19 12:38:39;Sell;1.00;XAUUSD;4 613.98;4 606.53;4 575.47;2026.03.19 12:39:39;4 607.02;;;696.00;[sl]
2026.03.19 12:26:39;Sell;1.00;XAUUSD;4 606.52;4 614.70;4 567.60;2026.03.19 12:32:35;4 614.95;;;-843.00;[sl]
2026.03.19 12:17:09;Sell;1.00;XAUUSD;4 625.24;4 617.79;4 586.57;2026.03.19 12:20:38;4 618.11;;;713.00;[sl]
2026.03.19 12:08:04;Sell;1.00;XAUUSD;4 631.38;4 623.93;4 592.94;2026.03.19 12:11:05;4 623.97;;;741.00;[sl]
2026.03.19 11:54:19;Sell;1.00;XAUUSD;4 654.31;4 641.73;4 615.70;2026.03.19 12:01:57;4 641.78;;;1 253.00;[sl]
2026.03.19 11:46:29;Sell;1.00;XAUUSD;4 656.92;4 665.58;4 618.48;2026.03.19 11:48:15;4 665.79;;;-887.00;[sl]
2026.03.19 11:15:05;Buy;1.00;XAUUSD;4 686.02;4 677.47;4 724.57;2026.03.19 11:16:23;4 677.43;;;-859.00;[sl]
2026.03.19 10:59:12;Sell;1.00;XAUUSD;4 673.98;4 682.49;4 635.39;2026.03.19 11:01:11;4 682.80;;;-882.00;[sl]
2026.03.19 10:47:34;Sell;1.00;XAUUSD;4 682.36;4 674.91;4 643.83;2026.03.19 10:53:08;4 675.71;;;665.00;[sl]
2026.03.19 07:39:31;Buy;1.00;XAUUSD;4 771.62;4 764.37;4 793.37;2026.03.19 07:40:29;4 764.12;;;-750.00;[sl]
2026.03.19 07:26:17;Sell;1.00;XAUUSD;4 762.70;4 769.84;4 740.84;2026.03.19 07:29:36;4 770.00;;;-730.00;[sl]
2026.03.19 06:55:45;Sell;1.00;XAUUSD;4 750.30;4 757.51;4 728.51;2026.03.19 06:56:12;4 757.56;;;-726.00;[sl]
2026.03.19 06:49:14;Sell;1.00;XAUUSD;4 761.40;4 768.55;4 739.55;2026.03.19 06:49:41;4 768.84;;;-744.00;[sl]
2026.03.19 06:40:38;Sell;1.00;XAUUSD;4 793.47;4 784.64;4 771.69;2026.03.19 06:43:09;4 784.69;;;878.00;[sl]
2026.03.19 06:24:11;Sell;1.00;XAUUSD;4 819.02;4 811.57;4 797.36;2026.03.19 06:34:32;4 811.57;;;745.00;[sl]
2026.03.19 06:03:09;Sell;1.00;XAUUSD;4 837.82;4 828.29;4 815.98;2026.03.19 06:18:07;4 828.42;;;940.00;[sl]
2026.03.19 05:51:49;Sell;1.00;XAUUSD;4 838.27;4 830.82;4 816.54;2026.03.19 05:57:07;4 830.88;;;739.00;[sl]
2026.03.19 05:37:08;Sell;1.00;XAUUSD;4 839.25;4 831.80;4 817.64;2026.03.19 05:45:46;4 831.84;;;741.00;[sl]
2026.03.19 04:14:13;Sell;1.00;XAUUSD;4 850.28;4 842.83;4 828.55;2026.03.19 05:31:06;4 842.78;;;750.00;[sl]
2026.03.19 03:31:37;Sell;1.00;XAUUSD;4 856.84;4 849.39;4 835.08;2026.03.19 04:08:11;4 849.50;;;734.00;[sl]
2026.03.19 03:16:29;Buy;1.00;XAUUSD;4 864.11;4 856.80;4 885.80;2026.03.19 03:25:34;4 856.79;;;-732.00;[sl]
2026.03.19 00:00:11;Buy;0.10;BTCUSD;71 259.43;71 513.57;72 003.43;2026.03.19 03:20:07;71 511.57;;;25.21;[sl]
2026.03.19 02:30:56;Buy;1.00;XAUUSD;4 856.16;4 863.61;4 877.82;2026.03.19 03:10:26;4 863.61;;;745.00;[sl]
2026.03.19 01:53:06;Buy;1.00;XAUUSD;4 856.40;4 849.12;4 878.12;2026.03.19 02:00:52;4 849.12;;;-728.00;[sl]
2026.03.19 01:45:15;Buy;1.00;XAUUSD;4 865.01;4 857.81;4 886.81;2026.03.19 01:47:03;4 857.77;;;-724.00;[sl]
2026.03.19 01:36:25;Buy;1.00;XAUUSD;4 853.17;4 860.62;4 874.96;2026.03.19 01:39:12;4 860.34;;;717.00;[sl]
2026.03.19 01:08:39;Buy;1.00;XAUUSD;4 838.02;4 846.60;4 859.81;2026.03.19 01:30:23;4 846.56;;;854.00;[sl]
2026.03.19 00:41:01;Buy;1.00;XAUUSD;4 844.41;4 851.86;4 866.10;2026.03.19 01:02:38;4 851.73;;;732.00;[sl]
2026.03.19 00:07:20;Buy;1.00;XAUUSD;4 845.67;4 838.36;4 867.36;2026.03.19 00:10:53;4 838.23;;;-744.00;[sl]
2026.03.19 00:00:35;Sell;1.00;XAUUSD;4 837.47;4 844.72;4 815.72;2026.03.19 00:01:19;4 844.83;;;-736.00;[sl]
2026.03.18 12:11:31;Sell;1.00;XAUUSD;4 915.37;4 907.92;4 876.84;2026.03.18 12:13:40;4 908.17;;;720.00;[sl]
2026.03.18 12:02:10;Sell;1.00;XAUUSD;4 924.15;4 932.56;4 885.46;2026.03.18 12:05:22;4 932.70;;;-855.00;[sl]
2026.03.18 11:53:07;Sell;1.00;XAUUSD;4 938.42;4 930.97;4 899.65;2026.03.18 11:56:09;4 931.15;;;727.00;[sl]
2026.03.18 11:43:19;Sell;1.00;XAUUSD;4 942.64;4 935.19;4 904.10;2026.03.18 11:47:07;4 935.40;;;724.00;[sl]
2026.03.18 11:31:36;Sell;1.00;XAUUSD;4 957.27;4 949.82;4 918.73;2026.03.18 11:37:19;4 950.08;;;719.00;[sl]
2026.03.18 11:20:38;Sell;1.00;XAUUSD;4 972.58;4 965.13;4 934.03;2026.03.18 11:25:35;4 965.32;;;726.00;[sl]
2026.03.18 11:10:38;Sell;1.00;XAUUSD;4 958.37;4 966.87;4 919.77;2026.03.18 11:14:35;4 966.97;;;-860.00;[sl]
2026.03.18 11:02:55;Sell;1.00;XAUUSD;4 967.16;4 959.71;4 928.87;2026.03.18 11:04:38;4 959.75;;;741.00;[sl]
2026.03.18 10:39:44;Sell;1.00;XAUUSD;4 975.54;4 968.09;4 937.54;2026.03.18 10:56:55;4 968.16;;;738.00;[sl]
2026.03.18 08:51:57;Sell;1.00;XAUUSD;4 988.62;4 981.17;4 950.02;2026.03.18 10:33:44;4 981.31;;;731.00;[sl]
2026.03.18 07:50:29;Buy;1.00;XAUUSD;4 993.78;4 986.54;5 015.54;2026.03.18 08:21:55;4 986.54;;;-724.00;[sl]
2026.03.18 06:20:37;Buy;1.00;XAUUSD;5 009.81;5 002.62;5 031.62;2026.03.18 07:44:25;5 002.58;;;-723.00;[sl]
2026.03.18 05:44:05;Buy;1.00;XAUUSD;5 000.93;5 008.38;5 022.57;2026.03.18 06:14:33;5 007.71;;;678.00;[sl]
2026.03.18 05:30:59;Buy;1.00;XAUUSD;4 992.22;4 999.67;5 013.94;2026.03.18 05:38:00;4 999.60;;;738.00;[sl]
2026.03.18 04:42:49;Sell;1.00;XAUUSD;4 984.86;4 992.14;4 963.14;2026.03.18 05:12:04;4 992.37;;;-751.00;[sl]
2026.03.18 03:11:05;Sell;1.00;XAUUSD;4 992.49;4 985.04;4 970.74;2026.03.18 04:36:46;4 985.31;;;718.00;[sl]
2026.03.18 02:02:15;Sell;1.00;XAUUSD;5 000.74;4 990.88;4 978.99;2026.03.18 03:05:01;4 991.07;;;967.00;[sl]
2026.03.18 01:32:15;Sell;1.00;XAUUSD;5 007.97;4 995.07;4 986.22;2026.03.18 01:52:42;4 995.31;;;1 266.00;[sl]
2026.03.18 01:00:09;Sell;1.00;XAUUSD;5 004.24;5 011.20;4 982.20;2026.03.18 01:07:00;5 011.39;;;-715.00;[sl]
2026.03.18 00:11:57;Buy;1.00;XAUUSD;5 010.62;5 003.37;5 032.37;2026.03.18 00:27:05;5 003.34;;;-728.00;[sl]
2026.03.18 00:00:09;Sell;0.10;BTCUSD;73 926.57;73 800.77;73 177.57;2026.03.18 00:26:06;73 798.43;;;12.81;[sl]
2026.03.17 23:32:24;Sell;1.00;XAUUSD;5 001.97;5 009.24;4 980.24;2026.03.18 00:05:53;5 009.36;;;-739.00;[sl]
2026.03.17 16:51:10;Buy;1.00;XAUUSD;5 001.53;4 994.58;5 023.58;2026.03.17 22:45:41;4 994.58;;-88.52;-695.00;[sl]
2026.03.17 15:51:57;Sell;1.00;XAUUSD;4 993.19;5 001.73;4 954.63;2026.03.17 16:18:16;5 001.75;;;-856.00;[sl]
2026.03.17 15:42:48;Sell;1.00;XAUUSD;4 980.83;4 988.56;4 941.46;2026.03.17 15:45:57;4 988.57;;;-774.00;[sl]
2026.03.17 15:34:48;Sell;1.00;XAUUSD;4 992.78;4 985.33;4 954.16;2026.03.17 15:36:47;4 985.72;;;706.00;[sl]
2026.03.17 14:56:06;Sell;1.00;XAUUSD;5 010.12;4 999.91;4 971.51;2026.03.17 15:28:47;5 000.16;;;996.00;[sl]
2026.03.17 13:57:54;Buy;1.00;XAUUSD;5 017.00;5 008.61;5 055.71;2026.03.17 14:25:13;5 008.57;;;-843.00;[sl]
2026.03.17 13:49:57;Buy;1.00;XAUUSD;5 024.94;5 016.43;5 063.53;2026.03.17 13:51:51;5 016.31;;;-863.00;[sl]
2026.03.17 13:39:13;Buy;1.00;XAUUSD;5 022.54;5 029.99;5 061.01;2026.03.17 13:43:57;5 029.78;;;724.00;[sl]
2026.03.17 12:21:35;Buy;1.00;XAUUSD;5 016.35;5 023.80;5 055.14;2026.03.17 13:33:11;5 023.83;;;748.00;[sl]
2026.03.17 12:05:51;Sell;1.00;XAUUSD;5 003.08;5 011.53;4 964.43;2026.03.17 12:15:31;5 011.79;;;-871.00;[sl]
2026.03.17 10:13:07;Sell;1.00;XAUUSD;5 004.83;4 995.65;4 966.36;2026.03.17 10:43:52;4 995.66;;;917.00;[sl]
2026.03.17 09:42:31;Sell;1.00;XAUUSD;5 012.54;5 005.09;4 974.19;2026.03.17 10:07:03;5 005.16;;;738.00;[sl]
2026.03.17 07:33:16;Buy;1.00;XAUUSD;5 023.08;5 015.86;5 044.86;2026.03.17 09:12:26;5 015.67;;;-741.00;[sl]
2026.03.17 06:30:41;Sell;1.00;XAUUSD;5 011.10;5 018.41;4 989.41;2026.03.17 07:27:15;5 018.70;;;-760.00;[sl]
2026.03.17 06:06:15;Sell;1.00;XAUUSD;5 015.07;5 007.62;4 993.44;2026.03.17 06:24:37;5 007.76;;;731.00;[sl]
2026.03.17 05:50:50;Sell;1.00;XAUUSD;5 028.36;5 020.91;5 006.81;2026.03.17 06:00:14;5 021.18;;;718.00;[sl]
2026.03.17 04:53:20;Buy;1.00;XAUUSD;5 039.18;5 031.94;5 060.94;2026.03.17 05:44:49;5 031.86;;;-732.00;[sl]
2026.03.17 02:01:53;Buy;1.00;XAUUSD;5 026.63;5 038.11;5 048.38;2026.03.17 04:47:12;5 038.10;;;1 147.00;[sl]
2026.03.17 01:44:35;Buy;1.00;XAUUSD;5 018.45;5 025.90;5 040.18;2026.03.17 01:55:47;5 025.59;;;714.00;[sl]
2026.03.17 01:10:06;Buy;1.00;XAUUSD;5 008.44;5 015.89;5 030.23;2026.03.17 01:38:25;5 015.84;;;740.00;[sl]
2026.03.17 00:09:41;Sell;1.00;XAUUSD;5 004.40;4 996.95;4 982.65;2026.03.17 01:03:57;4 996.95;;;745.00;[sl]
2026.03.17 00:00:10;Buy;0.10;BTCUSD;74 816.43;74 988.32;75 608.43;2026.03.17 00:09:07;74 985.57;;;16.91;[sl]
2026.03.17 00:00:12;Buy;1.00;XAUUSD;5 013.50;5 006.62;5 035.62;2026.03.17 00:03:32;5 006.42;;;-708.00;[sl]
2026.03.16 20:22:35;Buy;1.00;XAUUSD;5 015.67;5 008.42;5 037.42;2026.03.16 20:35:07;5 008.40;;;-727.00;[sl]
2026.03.16 19:48:07;Sell;1.00;XAUUSD;5 008.66;5 015.88;4 986.88;2026.03.16 19:52:29;5 016.00;;;-734.00;[sl]
2026.03.16 18:45:16;Buy;1.00;XAUUSD;5 015.80;5 008.55;5 037.55;2026.03.16 19:30:43;5 008.40;;;-740.00;[sl]
2026.03.16 18:30:24;Buy;1.00;XAUUSD;5 005.72;5 013.17;5 027.45;2026.03.16 18:39:12;5 013.15;;;743.00;[sl]
2026.03.16 17:39:47;Sell;1.00;XAUUSD;4 986.79;4 994.00;4 965.00;2026.03.16 18:00:21;4 994.19;;;-740.00;[sl]
2026.03.16 17:19:53;Buy;1.00;XAUUSD;5 001.43;4 994.15;5 023.15;2026.03.16 17:30:09;4 994.02;;;-741.00;[sl]
2026.03.16 16:46:15;Sell;1.00;XAUUSD;4 983.63;4 990.57;4 961.57;2026.03.16 16:49:47;4 990.60;;;-697.00;[sl]
2026.03.16 16:34:06;Sell;1.00;XAUUSD;4 976.90;4 984.19;4 955.19;2026.03.16 16:37:49;4 984.21;;;-731.00;[sl]
2026.03.16 16:24:26;Sell;1.00;XAUUSD;4 988.09;4 980.64;4 966.33;2026.03.16 16:28:06;4 981.22;;;687.00;[sl]
2026.03.16 07:43:56;Sell;1.00;XAUUSD;4 994.99;5 002.20;4 973.20;2026.03.16 08:24:37;5 002.39;;;-740.00;[sl]
2026.03.16 07:34:40;Sell;1.00;XAUUSD;5 005.02;4 996.13;4 983.33;2026.03.16 07:37:52;4 996.24;;;878.00;[sl]
2026.03.16 07:21:41;Sell;1.00;XAUUSD;5 007.33;4 999.88;4 984.96;2026.03.16 07:28:37;5 000.19;;;714.00;[sl]
2026.03.16 07:04:14;Sell;1.00;XAUUSD;5 013.84;5 005.59;4 992.10;2026.03.16 07:15:40;5 005.76;;;808.00;[sl]
2026.03.16 06:53:25;Sell;1.00;XAUUSD;5 007.59;5 014.79;4 985.79;2026.03.16 06:58:13;5 014.86;;;-727.00;[sl]
2026.03.16 06:32:08;Sell;1.00;XAUUSD;5 027.35;5 019.90;5 005.59;2026.03.16 06:47:22;5 020.23;;;712.00;[sl]
2026.03.16 06:19:57;Buy;1.00;XAUUSD;5 034.21;5 026.95;5 055.95;2026.03.16 06:26:01;5 026.79;;;-742.00;[sl]
2026.03.16 05:46:26;Buy;1.00;XAUUSD;5 017.05;5 024.50;5 038.74;2026.03.16 06:13:51;5 024.39;;;734.00;[sl]
2026.03.16 05:36:20;Sell;1.00;XAUUSD;5 005.84;5 013.12;4 984.12;2026.03.16 05:40:22;5 013.39;;;-755.00;[sl]
2026.03.16 04:47:00;Sell;1.00;XAUUSD;5 015.70;5 008.25;4 993.97;2026.03.16 05:30:15;5 008.44;;;726.00;[sl]
2026.03.16 04:02:55;Buy;1.00;XAUUSD;5 024.84;5 017.66;5 046.66;2026.03.16 04:40:59;5 017.46;;;-738.00;[sl]
2026.03.16 02:41:44;Sell;1.00;XAUUSD;5 006.25;5 013.53;4 984.53;2026.03.16 03:32:54;5 013.19;;;-694.00;[sl]
2026.03.16 02:06:11;Buy;1.00;XAUUSD;5 012.56;5 005.33;5 034.33;2026.03.16 02:35:41;5 005.28;;;-728.00;[sl]
2026.03.16 01:48:36;Buy;1.00;XAUUSD;5 007.88;5 015.33;5 029.64;2026.03.16 02:00:07;5 015.20;;;732.00;[sl]
2026.03.16 01:30:39;Buy;1.00;XAUUSD;4 989.31;4 999.54;5 011.48;2026.03.16 01:42:33;4 999.52;;;1 021.00;[sl]
2026.03.16 00:56:32;Buy;1.00;XAUUSD;5 023.72;5 016.52;5 045.52;2026.03.16 01:00:34;5 016.40;;;-732.00;[sl]
2026.03.16 00:49:12;Buy;1.00;XAUUSD;5 029.63;5 022.40;5 051.40;2026.03.16 00:50:30;5 022.29;;;-734.00;[sl]
2026.03.16 00:00:05;Sell;0.10;BTCUSD;72 844.57;72 625.83;72 083.27;2026.03.16 00:32:08;72 638.43;;;20.61;[sl]
2026.03.16 00:15:48;Buy;1.00;XAUUSD;5 022.66;5 015.39;5 044.39;2026.03.16 00:19:05;5 015.31;;;-735.00;[sl]
2026.03.16 00:07:53;Buy;1.00;XAUUSD;5 028.97;5 021.56;5 050.56;2026.03.16 00:09:48;5 021.56;;;-741.00;[sl]
2026.03.16 00:00:13;Buy;1.00;XAUUSD;4 998.37;5 011.39;5 020.13;2026.03.16 00:01:53;5 011.39;;;1 302.00;[sl]
2026.03.15 23:55:25;Buy;1.00;XAUUSD;4 987.56;4 995.01;5 009.32;2026.03.15 23:58:21;4 994.80;;;724.00;[sl]
2026.03.15 23:37:07;Sell;1.00;XAUUSD;4 985.17;4 975.91;4 963.30;2026.03.15 23:49:21;4 975.97;;;920.00;[sl]
2026.03.15 23:26:22;Sell;1.00;XAUUSD;4 984.97;4 992.08;4 963.08;2026.03.15 23:31:03;4 992.22;;;-725.00;[sl]
2026.03.15 23:08:36;Sell;1.00;XAUUSD;5 010.44;4 997.35;4 988.53;2026.03.15 23:20:18;4 999.43;;;1 101.00;[sl]
2026.03.15 23:00:32;Buy;0.10;BTCUSD;72 834.73;73 108.57;73 599.43;2026.03.15 23:06:42;73 102.57;;;26.78;[sl]
2026.03.15 22:54:24;Buy;1.00;XAUUSD;5 020.16;5 012.95;5 041.95;2026.03.15 23:02:34;5 012.44;;;-772.00;[sl]
2026.03.15 22:53:59;Buy;0.10;BTCUSD;72 872.83;72 643.83;73 203.83;2026.03.15 22:54:31;72 637.57;;;-23.53;[sl]
2026.03.15 19:01:01;Sell;0.10;BTCUSD;71 435.57;71 660.57;71 100.57;2026.03.15 21:05:09;71 731.73;;;-29.62;[sl]
2026.03.15 18:22:38;Buy;0.10;BTCUSD;71 784.43;71 559.43;72 119.43;2026.03.15 18:47:00;71 539.57;;;-24.49;[sl]
2026.03.15 13:33:54;Sell;0.10;BTCUSD;71 451.57;71 701.57;71 066.57;2026.03.15 17:52:28;71 708.43;;;-25.69;[sl]
2026.03.15 13:18:06;Sell;0.10;BTCUSD;71 365.57;71 604.57;70 969.57;2026.03.15 13:27:48;71 585.73;;;-22.02;[sl]
2026.03.15 11:32:52;Sell;0.10;BTCUSD;71 741.57;71 992.57;71 357.57;2026.03.15 13:12:05;71 343.53;;;39.80;[tp]
2026.03.15 09:07:46;Buy;0.10;BTCUSD;71 904.43;71 655.43;72 290.43;2026.03.15 11:26:40;71 644.57;;;-25.99;[sl]
2026.03.15 07:42:36;Buy;0.10;BTCUSD;71 507.43;71 284.43;71 844.43;2026.03.15 09:01:46;71 844.57;;;33.71;[tp]
2026.03.15 06:29:06;Sell;0.10;BTCUSD;71 456.57;71 695.57;71 135.57;2026.03.15 07:12:32;71 676.13;;;-21.96;[sl]
2026.03.15 05:23:48;Buy;0.10;BTCUSD;71 690.43;71 460.43;72 020.43;2026.03.15 06:23:03;71 446.27;;;-24.42;[sl]
2026.03.15 02:09:25;Buy;0.10;BTCUSD;71 371.43;71 146.43;71 706.43;2026.03.15 05:17:44;71 711.57;;;34.01;[tp]
2026.03.15 01:12:40;Buy;0.10;BTCUSD;70 991.43;70 766.43;71 326.43;2026.03.15 02:03:02;71 336.57;;;34.51;[tp]
2026.03.13 12:52:15;Buy;1.00;XAUUSD;5 118.91;5 110.44;5 157.54;2026.03.13 13:14:07;5 110.10;;;-881.00;[sl]
2026.03.13 12:08:40;Buy;1.00;XAUUSD;5 110.98;5 118.43;5 149.75;2026.03.13 12:46:13;5 118.43;;;745.00;[sl]
2026.03.13 11:17:34;Buy;1.00;XAUUSD;5 093.59;5 115.50;5 132.18;2026.03.13 12:02:37;5 115.50;;;2 191.00;[sl]
2026.03.13 10:58:29;Buy;1.00;XAUUSD;5 095.64;5 087.11;5 134.21;2026.03.13 11:10:50;5 086.97;;;-867.00;[sl]
2026.03.13 10:39:33;Buy;1.00;XAUUSD;5 087.00;5 094.45;5 125.59;2026.03.13 10:52:25;5 094.40;;;740.00;[sl]
2026.03.13 09:20:38;Buy;1.00;XAUUSD;5 088.91;5 080.55;5 127.65;2026.03.13 10:33:30;5 080.23;;;-868.00;[sl]
2026.03.13 08:44:03;Sell;1.00;XAUUSD;5 077.43;5 085.93;5 038.83;2026.03.13 08:50:35;5 085.95;;;-852.00;[sl]
2026.03.13 08:31:49;Sell;1.00;XAUUSD;5 072.78;5 081.27;5 034.17;2026.03.13 08:38:02;5 081.73;;;-895.00;[sl]
2026.03.13 07:32:05;Buy;1.00;XAUUSD;5 086.89;5 079.58;5 108.58;2026.03.13 08:01:45;5 079.44;;;-745.00;[sl]
2026.03.13 07:23:36;Sell;1.00;XAUUSD;5 074.04;5 081.29;5 052.29;2026.03.13 07:26:05;5 081.29;;;-725.00;[sl]
2026.03.13 06:57:44;Sell;1.00;XAUUSD;5 090.00;5 082.55;5 068.24;2026.03.13 07:17:35;5 082.82;;;718.00;[sl]
2026.03.13 06:36:15;Sell;1.00;XAUUSD;5 095.97;5 088.52;5 074.22;2026.03.13 06:51:40;5 088.63;;;734.00;[sl]
2026.03.13 06:28:41;Sell;1.00;XAUUSD;5 089.46;5 096.78;5 067.78;2026.03.13 06:30:15;5 096.79;;;-733.00;[sl]
2026.03.13 04:45:25;Sell;1.00;XAUUSD;5 104.65;5 097.20;5 082.91;2026.03.13 06:22:40;5 097.21;;;744.00;[sl]
2026.03.13 03:16:52;Sell;1.00;XAUUSD;5 111.24;5 103.79;5 089.42;2026.03.13 04:39:22;5 103.97;;;727.00;[sl]
2026.03.13 02:30:00;Buy;1.00;XAUUSD;5 121.79;5 114.31;5 143.31;2026.03.13 02:46:50;5 114.18;;;-761.00;[sl]
2026.03.13 02:08:08;Buy;1.00;XAUUSD;5 123.57;5 116.28;5 145.28;2026.03.13 02:22:52;5 115.90;;;-767.00;[sl]
2026.03.13 01:56:27;Buy;1.00;XAUUSD;5 117.62;5 125.07;5 139.30;2026.03.13 02:02:07;5 124.99;;;737.00;[sl]
2026.03.13 01:03:43;Buy;1.00;XAUUSD;5 117.32;5 110.09;5 139.09;2026.03.13 01:46:03;5 109.94;;;-738.00;[sl]
2026.03.13 00:13:06;Buy;1.00;XAUUSD;5 106.43;5 113.88;5 128.16;2026.03.13 00:57:38;5 113.73;;;730.00;[sl]
2026.03.12 23:32:15;Buy;1.00;XAUUSD;5 095.99;5 103.44;5 118.26;2026.03.13 00:07:05;5 103.47;;;748.00;[sl]
2026.03.12 18:40:39;Sell;1.00;XAUUSD;5 099.34;5 083.36;5 077.61;2026.03.12 19:03:37;5 083.56;;;1 578.00;[sl]
2026.03.12 18:01:35;Sell;1.00;XAUUSD;5 108.95;5 101.50;5 086.98;2026.03.12 18:34:36;5 101.67;;;728.00;[sl]
2026.03.12 17:39:57;Sell;1.00;XAUUSD;5 112.68;5 105.23;5 090.92;2026.03.12 17:55:31;5 105.42;;;726.00;[sl]
2026.03.12 17:22:53;Sell;1.00;XAUUSD;5 121.20;5 113.75;5 099.48;2026.03.12 17:33:52;5 113.93;;;727.00;[sl]
2026.03.12 17:01:17;Sell;1.00;XAUUSD;5 124.55;5 117.10;5 102.79;2026.03.12 17:16:49;5 117.26;;;729.00;[sl]
2026.03.12 16:27:28;Buy;1.00;XAUUSD;5 133.99;5 126.70;5 155.70;2026.03.12 16:31:17;5 126.72;;;-727.00;[sl]
2026.03.12 15:42:20;Sell;1.00;XAUUSD;5 127.22;5 135.67;5 088.57;2026.03.12 16:21:26;5 135.74;;;-852.00;[sl]
2026.03.12 15:26:35;Sell;1.00;XAUUSD;5 129.15;5 121.70;5 090.51;2026.03.12 15:36:20;5 121.78;;;737.00;[sl]
2026.03.12 15:17:20;Sell;1.00;XAUUSD;5 120.69;5 129.23;5 082.13;2026.03.12 15:20:32;5 129.26;;;-857.00;[sl]
2026.03.12 15:10:05;Sell;1.00;XAUUSD;5 130.40;5 113.43;5 091.76;2026.03.12 15:11:18;5 113.49;;;1 691.00;[sl]
2026.03.12 14:51:16;Sell;1.00;XAUUSD;5 142.97;5 135.52;5 104.79;2026.03.12 15:04:03;5 135.55;;;742.00;[sl]
2026.03.12 14:38:30;Sell;1.00;XAUUSD;5 141.08;5 149.69;5 102.59;2026.03.12 14:45:15;5 149.81;;;-873.00;[sl]
2026.03.12 14:09:12;Sell;1.00;XAUUSD;5 157.22;5 149.77;5 118.71;2026.03.12 14:32:29;5 150.04;;;718.00;[sl]
2026.03.12 13:46:34;Sell;1.00;XAUUSD;5 154.25;5 162.44;5 115.34;2026.03.12 14:03:12;5 162.46;;;-821.00;[sl]
2026.03.12 12:55:33;Buy;1.00;XAUUSD;5 184.51;5 176.01;5 223.11;2026.03.12 13:16:33;5 175.99;;;-852.00;[sl]
2026.03.12 12:14:04;Sell;1.00;XAUUSD;5 171.46;5 179.97;5 132.87;2026.03.12 12:49:30;5 180.14;;;-868.00;[sl]
2026.03.12 11:29:09;Sell;1.00;XAUUSD;5 176.79;5 169.34;5 138.15;2026.03.12 12:08:01;5 169.37;;;742.00;[sl]
2026.03.12 10:58:31;Sell;1.00;XAUUSD;5 181.49;5 174.04;5 142.90;2026.03.12 11:20:17;5 174.20;;;729.00;[sl]
2026.03.12 05:40:27;Buy;1.00;XAUUSD;5 150.67;5 166.72;5 172.39;2026.03.12 06:53:38;5 166.52;;;1 585.00;[sl]
2026.03.12 04:54:16;Sell;1.00;XAUUSD;5 142.56;5 149.82;5 120.82;2026.03.12 05:34:26;5 149.89;;;-733.00;[sl]
2026.03.12 02:57:35;Sell;1.00;XAUUSD;5 153.02;5 145.57;5 131.45;2026.03.12 04:40:44;5 146.07;;;695.00;[sl]
2026.03.12 02:45:45;Sell;1.00;XAUUSD;5 155.48;5 148.03;5 133.40;2026.03.12 02:51:35;5 148.19;;;729.00;[sl]
2026.03.12 01:44:18;Buy;1.00;XAUUSD;5 167.67;5 160.40;5 189.40;2026.03.12 02:39:43;5 160.37;;;-730.00;[sl]
2026.03.12 01:08:10;Buy;1.00;XAUUSD;5 153.85;5 161.30;5 176.11;2026.03.12 01:38:18;5 161.25;;;740.00;[sl]
2026.03.12 00:30:05;Buy;1.00;XAUUSD;5 153.53;5 163.29;5 174.99;2026.03.12 01:02:10;5 163.19;;;966.00;[sl]
2026.03.12 00:14:36;Sell;1.00;XAUUSD;5 139.08;5 146.32;5 117.32;2026.03.12 00:24:03;5 147.56;;;-848.00;[sl]
2026.03.12 00:00:03;Sell;1.00;XAUUSD;5 134.77;5 127.32;5 111.83;2026.03.12 00:07:27;5 127.60;;;717.00;[sl]
2026.03.11 07:39:15;Sell;1.00;XAUUSD;5 186.85;5 194.09;5 165.09;2026.03.11 07:48:45;5 194.27;;;-742.00;[sl]
2026.03.11 07:13:13;Buy;1.00;XAUUSD;5 198.30;5 191.04;5 220.04;2026.03.11 07:33:15;5 190.95;;;-735.00;[sl]
2026.03.11 06:19:36;Buy;1.00;XAUUSD;5 204.57;5 197.33;5 226.33;2026.03.11 06:42:05;5 197.31;;;-726.00;[sl]
2026.03.11 05:37:00;Sell;1.00;XAUUSD;5 201.13;5 208.39;5 179.39;2026.03.11 06:13:33;5 208.39;;;-726.00;[sl]
2026.03.11 03:27:29;Sell;1.00;XAUUSD;5 207.64;5 194.94;5 186.18;2026.03.11 05:31:00;5 195.20;;;1 244.00;[sl]
2026.03.11 03:05:14;Buy;1.00;XAUUSD;5 218.43;5 210.89;5 239.89;2026.03.11 03:21:26;5 210.51;;;-792.00;[sl]
2026.03.11 02:06:01;Sell;1.00;XAUUSD;5 199.86;5 207.02;5 178.02;2026.03.11 02:35:11;5 207.36;;;-750.00;[sl]
2026.03.11 01:06:35;Buy;1.00;XAUUSD;5 215.86;5 208.47;5 237.47;2026.03.11 02:00:00;5 208.08;;;-778.00;[sl]
2026.03.11 00:30:05;Buy;1.00;XAUUSD;5 212.42;5 219.87;5 233.82;2026.03.11 01:00:32;5 219.40;;;698.00;[sl]
2026.03.11 00:14:10;Buy;1.00;XAUUSD;5 192.73;5 204.72;5 213.98;2026.03.11 00:22:11;5 204.26;;;1 153.00;[sl]
2026.03.11 00:00:03;Buy;1.00;XAUUSD;5 198.50;5 190.15;5 219.15;2026.03.11 00:03:27;5 189.81;;;-869.00;[sl]
2026.03.10 10:35:00;Sell;1.00;XAUUSD;5 169.27;5 161.82;5 131.35;2026.03.10 10:38:19;5 161.90;;;737.00;[sl]
2026.03.10 09:02:41;Sell;1.00;XAUUSD;5 182.89;5 175.44;5 144.40;2026.03.10 10:28:59;5 175.41;;;748.00;[sl]
2026.03.10 08:47:20;Buy;1.00;XAUUSD;5 191.67;5 182.91;5 230.01;2026.03.10 08:56:38;5 182.91;;;-876.00;[sl]
2026.03.10 08:37:11;Buy;1.00;XAUUSD;5 184.16;5 191.61;5 222.98;2026.03.10 08:41:18;5 191.64;;;748.00;[sl]
2026.03.10 07:58:41;Buy;1.00;XAUUSD;5 179.38;5 186.83;5 201.13;2026.03.10 08:31:07;5 186.64;;;726.00;[sl]
2026.03.10 07:24:06;Sell;1.00;XAUUSD;5 159.71;5 166.97;5 137.97;2026.03.10 07:28:39;5 167.06;;;-735.00;[sl]
2026.03.10 06:10:21;Buy;1.00;XAUUSD;5 177.85;5 170.62;5 199.62;2026.03.10 07:18:04;5 170.56;;;-729.00;[sl]
2026.03.10 04:21:11;Buy;1.00;XAUUSD;5 166.06;5 177.46;5 187.90;2026.03.10 06:04:17;5 177.32;;;1 126.00;[sl]
2026.03.10 03:57:15;Sell;1.00;XAUUSD;5 158.57;5 165.82;5 136.82;2026.03.10 04:15:06;5 165.91;;;-734.00;[sl]
2026.03.10 03:31:36;Sell;1.00;XAUUSD;5 164.85;5 157.40;5 143.14;2026.03.10 03:51:11;5 157.41;;;744.00;[sl]
2026.03.10 02:59:20;Sell;1.00;XAUUSD;5 164.08;5 171.63;5 142.63;2026.03.10 03:01:35;5 171.72;;;-764.00;[sl]
2026.03.10 02:34:20;Buy;1.00;XAUUSD;5 179.49;5 172.20;5 201.20;2026.03.10 02:53:16;5 172.18;;;-731.00;[sl]
2026.03.10 02:11:35;Buy;1.00;XAUUSD;5 172.56;5 180.01;5 194.28;2026.03.10 02:28:17;5 179.83;;;727.00;[sl]
2026.03.10 01:59:16;Buy;1.00;XAUUSD;5 182.75;5 175.72;5 204.72;2026.03.10 02:05:34;5 175.70;;;-705.00;[sl]
2026.03.10 01:41:16;Buy;1.00;XAUUSD;5 163.10;5 170.55;5 184.82;2026.03.10 01:53:14;5 170.47;;;737.00;[sl]
2026.03.10 01:30:20;Buy;1.00;XAUUSD;5 155.60;5 163.05;5 177.48;2026.03.10 01:35:14;5 163.02;;;742.00;[sl]
2026.03.10 00:56:27;Buy;1.00;XAUUSD;5 133.89;5 126.61;5 155.61;2026.03.10 01:00:16;5 125.68;;;-821.00;[sl]
2026.03.10 00:29:13;Sell;1.00;XAUUSD;5 130.84;5 138.07;5 109.07;2026.03.10 00:46:48;5 138.65;;;-781.00;[sl]
2026.03.10 00:07:20;Sell;1.00;XAUUSD;5 137.96;5 130.51;5 116.29;2026.03.10 00:23:09;5 130.73;;;723.00;[sl]
2026.03.10 00:00:03;Sell;1.00;XAUUSD;5 141.04;5 133.59;5 117.58;2026.03.10 00:01:16;5 134.57;;;647.00;[sl]
2026.03.09 13:36:45;Buy;1.00;XAUUSD;5 107.50;5 098.86;5 145.96;2026.03.09 13:38:31;5 098.69;;;-881.00;[sl]
2026.03.09 13:27:46;Sell;1.00;XAUUSD;5 091.17;5 099.89;5 052.79;2026.03.09 13:30:41;5 099.89;;;-872.00;[sl]
2026.03.09 12:52:51;Sell;1.00;XAUUSD;5 095.87;5 088.42;5 057.28;2026.03.09 13:21:42;5 088.42;;;745.00;[sl]
2026.03.09 12:31:56;Buy;1.00;XAUUSD;5 112.05;5 103.60;5 150.70;2026.03.09 12:46:51;5 103.58;;;-847.00;[sl]
2026.03.09 11:42:30;Sell;1.00;XAUUSD;5 086.88;5 095.53;5 048.43;2026.03.09 12:01:54;5 095.64;;;-876.00;[sl]
2026.03.09 11:26:39;Sell;1.00;XAUUSD;5 083.52;5 092.03;5 044.93;2026.03.09 11:36:23;5 092.03;;;-851.00;[sl]
2026.03.09 10:48:30;Sell;1.00;XAUUSD;5 090.03;5 082.58;5 051.28;2026.03.09 11:20:36;5 082.74;;;729.00;[sl]
2026.03.09 10:36:36;Sell;1.00;XAUUSD;5 091.14;5 099.28;5 052.18;2026.03.09 10:42:29;5 099.35;;;-821.00;[sl]
2026.03.09 10:23:45;Sell;1.00;XAUUSD;5 103.02;5 095.57;5 063.39;2026.03.09 10:30:32;5 095.70;;;732.00;[sl]
2026.03.09 09:49:05;Sell;1.00;XAUUSD;5 098.84;5 107.31;5 060.21;2026.03.09 09:51:07;5 107.41;;;-857.00;[sl]
2026.03.09 09:40:37;Buy;1.00;XAUUSD;5 119.08;5 110.53;5 157.63;2026.03.09 09:43:02;5 110.14;;;-894.00;[sl]
2026.03.09 09:20:30;Buy;1.00;XAUUSD;5 116.47;5 129.26;5 155.06;2026.03.09 09:34:34;5 129.22;;;1 275.00;[sl]
2026.03.09 07:18:21;Buy;1.00;XAUUSD;5 101.71;5 094.45;5 123.45;2026.03.09 07:49:22;5 094.46;;;-725.00;[sl]
2026.03.09 07:06:10;Sell;1.00;XAUUSD;5 095.25;5 102.18;5 073.18;2026.03.09 07:12:21;5 102.21;;;-696.00;[sl]
2026.03.09 06:31:10;Buy;1.00;XAUUSD;5 127.45;5 120.20;5 149.20;2026.03.09 06:36:09;5 119.64;;;-781.00;[sl]
2026.03.09 06:13:51;Buy;1.00;XAUUSD;5 130.30;5 123.10;5 152.10;2026.03.09 06:25:09;5 123.10;;;-720.00;[sl]
2026.03.09 05:55:40;Buy;1.00;XAUUSD;5 124.36;5 131.81;5 146.60;2026.03.09 06:07:48;5 131.66;;;730.00;[sl]
2026.03.09 05:47:55;Buy;1.00;XAUUSD;5 131.18;5 138.63;5 153.03;2026.03.09 05:49:39;5 138.48;;;730.00;[sl]
2026.03.09 05:34:25;Buy;1.00;XAUUSD;5 104.45;5 111.90;5 126.19;2026.03.09 05:35:46;5 111.39;;;694.00;[sl]
2026.03.09 04:51:56;Sell;1.00;XAUUSD;5 087.67;5 094.91;5 065.91;2026.03.09 05:04:22;5 095.07;;;-740.00;[sl]
2026.03.09 04:10:55;Buy;1.00;XAUUSD;5 094.33;5 087.14;5 116.14;2026.03.09 04:45:53;5 086.69;;;-764.00;[sl]
2026.03.09 03:35:25;Buy;1.00;XAUUSD;5 091.07;5 084.00;5 113.00;2026.03.09 03:40:55;5 083.31;;;-776.00;[sl]
2026.03.09 03:23:07;Buy;1.00;XAUUSD;5 097.64;5 090.40;5 119.40;2026.03.09 03:29:23;5 090.34;;;-730.00;[sl]
2026.03.09 02:46:05;Buy;1.00;XAUUSD;5 093.28;5 086.50;5 115.50;2026.03.09 02:53:01;5 086.39;;;-689.00;[sl]
2026.03.09 02:36:20;Sell;1.00;XAUUSD;5 085.34;5 092.53;5 063.53;2026.03.09 02:40:03;5 092.64;;;-730.00;[sl]
2026.03.09 02:25:23;Buy;1.00;XAUUSD;5 075.48;5 082.93;5 096.89;2026.03.09 02:30:16;5 082.83;;;735.00;[sl]
2026.03.09 02:10:25;Buy;1.00;XAUUSD;5 088.25;5 081.04;5 110.04;2026.03.09 02:19:19;5 080.79;;;-746.00;[sl]
2026.03.09 02:00:00;Sell;1.00;XAUUSD;5 070.06;5 059.74;5 048.78;2026.03.09 02:04:21;5 059.86;;;1 020.00;[sl]
2026.03.09 01:52:05;Sell;1.00;XAUUSD;5 068.33;5 075.00;5 046.00;2026.03.09 01:53:21;5 075.24;;;-691.00;[sl]
2026.03.09 01:39:45;Buy;1.00;XAUUSD;5 074.52;5 081.97;5 096.26;2026.03.09 01:46:00;5 081.87;;;735.00;[sl]
2026.03.09 01:28:07;Buy;1.00;XAUUSD;5 074.49;5 081.94;5 097.12;2026.03.09 01:33:45;5 081.59;;;710.00;[sl]
2026.03.09 01:02:00;Sell;0.10;XAUUSD;5 021.56;5 028.51;5 014.26;2026.03.09 01:02:16;5 028.51;;;-69.50;[sl]
2026.03.09 01:01:00;Sell;0.10;XAUUSD;5 017.55;5 025.97;5 011.72;2026.03.09 01:02:13;5 025.97;;;-84.20;[sl]
2026.03.06 13:14:00;Sell;0.10;XAUUSD;5 074.21;5 081.67;5 067.42;2026.03.06 13:20:57;5 081.67;;;-74.60;[sl]
2026.03.06 13:15:00;Sell;0.10;XAUUSD;5 072.44;5 080.36;5 066.11;2026.03.06 13:20:46;5 080.36;;;-79.20;[sl]
2026.03.06 12:54:00;Buy;0.10;XAUUSD;5 087.13;5 079.06;5 093.31;2026.03.06 13:00:30;5 079.06;;;-80.70;[sl]
2026.03.06 12:53:00;Buy;0.10;XAUUSD;5 087.69;5 079.65;5 093.90;2026.03.06 13:00:28;5 079.65;;;-80.40;[sl]
2026.03.06 12:52:00;Buy;0.10;XAUUSD;5 089.44;5 081.45;5 095.70;2026.03.06 12:58:02;5 081.45;;;-79.90;[sl]
2026.03.06 12:33:00;Buy;0.10;XAUUSD;5 089.46;5 094.46;5 096.34;2026.03.06 12:39:39;5 094.46;;;50.00;[sl]
2026.03.06 12:32:00;Buy;0.10;XAUUSD;5 088.75;5 080.40;5 094.65;2026.03.06 12:39:25;5 094.65;;;59.00;[tp]
2026.03.06 12:34:00;Buy;0.10;XAUUSD;5 086.15;5 091.15;5 092.41;2026.03.06 12:38:07;5 092.41;;;62.60;[tp]
2026.03.06 12:10:01;Sell;0.10;XAUUSD;5 086.64;5 094.64;5 080.39;2026.03.06 12:19:45;5 094.64;;;-80.00;[sl]
2026.03.06 12:09:00;Sell;0.10;XAUUSD;5 084.39;5 092.40;5 078.15;2026.03.06 12:19:00;5 092.40;;;-80.10;[sl]
2026.03.06 12:08:00;Sell;0.10;XAUUSD;5 082.36;5 090.77;5 076.52;2026.03.06 12:11:35;5 090.77;;;-84.10;[sl]
2026.03.06 11:45:01;Sell;0.10;XAUUSD;5 080.90;5 088.81;5 074.56;2026.03.06 11:55:57;5 074.56;;;63.40;[tp]
2026.03.06 11:46:01;Sell;0.10;XAUUSD;5 084.65;5 079.65;5 078.40;2026.03.06 11:54:12;5 078.40;;;62.50;[tp]
2026.03.06 11:44:00;Sell;0.10;XAUUSD;5 084.63;5 079.63;5 078.42;2026.03.06 11:54:12;5 078.42;;;62.10;[tp]
2026.03.06 10:12:00;Sell;0.10;XAUUSD;5 085.85;5 093.85;5 079.60;2026.03.06 11:21:01;5 093.85;;;-80.00;[sl]
2026.03.06 10:11:00;Sell;0.10;XAUUSD;5 085.89;5 093.84;5 079.59;2026.03.06 11:21:01;5 093.84;;;-79.50;[sl]
2026.03.06 10:10:00;Sell;0.10;XAUUSD;5 085.84;5 094.14;5 079.89;2026.03.06 11:21:01;5 094.14;;;-83.00;[sl]
2026.03.06 09:47:00;Sell;0.10;XAUUSD;5 090.56;5 085.56;5 084.15;2026.03.06 09:57:52;5 084.15;;;64.10;[tp]
2026.03.06 09:46:00;Sell;0.10;XAUUSD;5 096.80;5 091.80;5 090.53;2026.03.06 09:47:03;5 090.53;;;62.70;[tp]
2026.03.06 09:22:00;Sell;0.10;XAUUSD;5 095.15;5 103.46;5 089.21;2026.03.06 09:33:01;5 103.46;;;-83.10;[sl]
2026.03.06 09:24:00;Sell;0.10;XAUUSD;5 093.09;5 101.19;5 086.94;2026.03.06 09:32:22;5 101.19;;;-81.00;[sl]
2026.03.06 09:23:00;Sell;0.10;XAUUSD;5 093.33;5 101.48;5 087.23;2026.03.06 09:32:22;5 101.48;;;-81.50;[sl]
2026.03.06 08:44:00;Sell;0.10;XAUUSD;5 106.03;5 101.03;5 099.77;2026.03.06 09:08:57;5 099.77;;;62.60;[tp]
2026.03.06 08:45:04;Sell;0.10;XAUUSD;5 107.38;5 102.38;5 101.12;2026.03.06 09:08:46;5 101.12;;;62.60;[tp]
2026.03.06 08:46:04;Sell;0.10;XAUUSD;5 109.27;5 117.94;5 103.69;2026.03.06 09:03:47;5 103.69;;;55.80;[tp]
2026.03.06 08:28:01;Sell;0.10;XAUUSD;5 103.32;5 098.32;5 097.07;2026.03.06 08:31:54;5 097.07;;;62.50;[tp]
2026.03.06 08:26:00;Sell;0.10;XAUUSD;5 105.91;5 100.91;5 099.79;2026.03.06 08:28:48;5 099.79;;;61.20;[tp]
2026.03.06 08:27:01;Sell;0.10;XAUUSD;5 108.21;5 116.24;5 101.99;2026.03.06 08:28:03;5 101.99;;;62.20;[tp]
2026.03.06 07:59:03;Buy;0.10;XAUUSD;5 120.29;5 112.38;5 126.63;2026.03.06 08:12:33;5 112.38;;;-79.10;[sl]
2026.03.06 07:18:01;Sell;0.10;XAUUSD;5 113.63;5 121.47;5 107.22;2026.03.06 08:00:23;5 121.47;;;-78.40;[sl]
2026.03.06 07:19:01;Sell;0.10;XAUUSD;5 113.08;5 121.08;5 106.83;2026.03.06 08:00:18;5 121.08;;;-80.00;[sl]
2026.03.06 07:20:01;Sell;0.10;XAUUSD;5 114.51;5 109.51;5 108.26;2026.03.06 07:33:34;5 108.26;;;62.50;[tp]
2026.03.06 06:13:00;Sell;0.10;XAUUSD;5 116.11;5 124.11;5 109.86;2026.03.06 07:05:57;5 109.86;;;62.50;[tp]
2026.03.06 06:15:00;Sell;0.10;XAUUSD;5 116.25;5 111.25;5 109.98;2026.03.06 07:05:39;5 111.25;;;50.00;[sl]
2026.03.06 06:14:00;Sell;0.10;XAUUSD;5 116.17;5 111.17;5 109.87;2026.03.06 07:05:32;5 111.17;;;50.00;[sl]
2026.03.06 05:43:05;Sell;0.10;XAUUSD;5 120.22;5 115.22;5 113.95;2026.03.06 06:00:39;5 115.22;;;50.00;[sl]
2026.03.06 05:23:00;Sell;0.10;XAUUSD;5 123.92;5 131.94;5 117.69;2026.03.06 05:49:24;5 117.69;;;62.30;[tp]
2026.03.06 05:22:00;Sell;0.10;XAUUSD;5 124.86;5 119.86;5 118.60;2026.03.06 05:48:39;5 119.86;;;50.00;[sl]
2026.03.06 03:43:01;Buy;0.10;XAUUSD;5 130.81;5 122.75;5 137.00;2026.03.06 05:30:57;5 122.75;;;-80.60;[sl]
2026.03.06 03:39:00;Buy;0.10;XAUUSD;5 131.87;5 124.23;5 138.48;2026.03.06 05:00:25;5 124.23;;;-76.40;[sl]
2026.03.06 03:38:00;Buy;0.10;XAUUSD;5 133.89;5 125.91;5 140.16;2026.03.06 05:00:18;5 125.91;;;-79.80;[sl]
2026.03.06 02:23:03;Buy;0.10;XAUUSD;5 129.58;5 134.58;5 135.72;2026.03.06 03:17:12;5 134.53;;;49.50;[sl]
2026.03.06 02:54:00;Sell;0.10;XAUUSD;5 126.02;5 133.80;5 119.55;2026.03.06 03:10:24;5 133.97;;;-79.50;[sl]
2026.03.06 02:55:01;Sell;0.10;XAUUSD;5 124.24;5 132.25;5 118.00;2026.03.06 03:07:37;5 132.25;;;-80.10;[sl]
2026.03.06 02:05:01;Buy;0.11;XAUUSD;5 131.15;5 122.59;5 136.84;2026.03.06 02:41:45;5 122.54;;;-94.71;[sl]
2026.03.06 02:04:01;Buy;0.11;XAUUSD;5 133.15;5 125.15;5 139.40;2026.03.06 02:38:51;5 125.12;;;-88.33;[sl]
2026.03.06 02:03:00;Buy;0.11;XAUUSD;5 134.18;5 126.04;5 140.29;2026.03.06 02:10:15;5 125.84;;;-91.74;[sl]
2026.03.06 01:47:01;Buy;0.10;XAUUSD;5 120.80;5 112.78;5 127.03;2026.03.06 01:50:40;5 127.03;;;62.30;[tp]
2026.03.06 01:49:01;Buy;0.10;XAUUSD;5 119.74;5 124.74;5 126.15;2026.03.06 01:50:32;5 124.60;;;48.60;[sl]
2026.03.06 01:48:01;Buy;0.10;XAUUSD;5 119.82;5 124.82;5 125.87;2026.03.06 01:50:25;5 125.87;;;60.50;[tp]
2026.03.06 01:32:00;Buy;0.10;XAUUSD;5 089.35;5 094.35;5 095.66;2026.03.06 01:33:33;5 095.66;;;63.10;[tp]
2026.03.06 01:31:00;Buy;0.10;XAUUSD;5 088.60;5 080.51;5 094.76;2026.03.06 01:33:19;5 094.76;;;61.60;[tp]
2026.03.06 01:29:02;Sell;0.10;XAUUSD;5 086.05;5 094.10;5 079.85;2026.03.06 01:33:16;5 094.14;;;-80.90;[sl]
2026.03.06 01:13:00;Sell;0.10;XAUUSD;5 082.44;5 077.44;5 076.15;2026.03.06 01:16:25;5 076.15;;;62.90;[tp]
2026.03.06 01:12:00;Sell;0.10;XAUUSD;5 076.09;5 084.37;5 070.12;2026.03.06 01:13:22;5 085.13;;;-90.40;[sl]
2026.03.06 00:33:00;Buy;0.10;XAUUSD;5 090.42;5 082.42;5 096.67;2026.03.06 00:41:20;5 082.28;;;-81.40;[sl]
2026.03.06 00:17:06;Sell;0.11;XAUUSD;5 082.94;5 090.93;5 076.68;2026.03.06 00:20:03;5 091.46;;;-93.72;[sl]
2026.03.06 00:15:04;Sell;0.11;XAUUSD;5 082.63;5 090.96;5 076.71;2026.03.06 00:20:03;5 091.46;;;-97.13;[sl]
2026.03.06 00:16:04;Sell;0.11;XAUUSD;5 079.92;5 087.94;5 073.69;2026.03.06 00:18:15;5 088.01;;;-88.99;[sl]
2026.03.06 00:00:04;Sell;0.11;XAUUSD;5 086.48;5 093.85;5 079.60;2026.03.06 00:00:10;5 079.60;;;75.68;[tp]
2026.03.05 17:17:00;Buy;0.11;XAUUSD;5 082.86;5 074.70;5 088.95;2026.03.05 17:30:46;5 074.46;;;-92.40;[sl]
2026.03.05 17:18:00;Buy;0.11;XAUUSD;5 084.89;5 076.91;5 091.16;2026.03.05 17:28:59;5 076.17;;;-95.92;[sl]
2026.03.05 17:16:00;Buy;0.11;XAUUSD;5 086.22;5 078.30;5 092.55;2026.03.05 17:27:48;5 078.26;;;-87.56;[sl]
2026.03.05 16:47:00;Sell;0.11;XAUUSD;5 075.49;5 083.48;5 069.23;2026.03.05 17:03:20;5 083.57;;;-88.88;[sl]
2026.03.05 16:46:00;Sell;0.11;XAUUSD;5 075.13;5 082.87;5 068.62;2026.03.05 17:02:36;5 083.20;;;-88.77;[sl]
2026.03.05 16:48:02;Sell;0.11;XAUUSD;5 072.94;5 080.95;5 066.70;2026.03.05 16:54:24;5 081.06;;;-89.32;[sl]
2026.03.05 16:11:01;Sell;0.11;XAUUSD;5 079.21;5 087.42;5 073.17;2026.03.05 16:17:31;5 073.17;;;66.44;[tp]
2026.03.05 16:09:00;Sell;0.11;XAUUSD;5 079.10;5 087.18;5 072.93;2026.03.05 16:17:31;5 072.93;;;67.87;[tp]
2026.03.05 16:10:01;Sell;0.11;XAUUSD;5 076.84;5 084.42;5 070.17;2026.03.05 16:15:16;5 084.46;;;-83.82;[sl]
2026.03.05 15:46:01;Sell;0.11;XAUUSD;5 085.97;5 094.44;5 080.19;2026.03.05 15:53:25;5 094.47;;;-93.50;[sl]
2026.03.05 15:44:01;Sell;0.11;XAUUSD;5 081.02;5 089.79;5 075.54;2026.03.05 15:47:08;5 089.82;;;-96.80;[sl]
2026.03.05 15:45:01;Sell;0.11;XAUUSD;5 080.60;5 088.61;5 074.36;2026.03.05 15:47:03;5 088.98;;;-92.18;[sl]
2026.03.05 15:12:00;Sell;0.11;XAUUSD;5 071.35;5 079.48;5 065.23;2026.03.05 15:13:31;5 079.93;;;-94.38;[sl]
2026.03.05 15:13:00;Sell;0.11;XAUUSD;5 070.71;5 078.27;5 064.02;2026.03.05 15:13:30;5 079.51;;;-96.80;[sl]
2026.03.05 14:54:56;Sell;0.11;XAUUSD;5 102.38;5 110.52;5 096.27;2026.03.05 14:58:33;5 110.58;;;-90.20;[sl]
2026.03.05 14:53:56;Sell;0.11;XAUUSD;5 102.15;5 110.12;5 095.87;2026.03.05 14:58:33;5 110.18;;;-88.33;[sl]
2026.03.05 14:55:57;Sell;0.11;XAUUSD;5 101.31;5 109.77;5 095.52;2026.03.05 14:58:31;5 110.10;;;-96.69;[sl]
2026.03.05 14:17:01;Sell;0.07;XAUUSD;5 109.72;5 122.42;5 071.82;2026.03.05 14:30:06;5 122.57;;;-89.95;[sl]
2026.03.05 14:18:00;Sell;0.07;XAUUSD;5 105.23;5 117.11;5 066.51;2026.03.05 14:28:34;5 117.32;;;-84.63;[sl]
2026.03.05 14:19:00;Sell;0.07;XAUUSD;5 103.35;5 115.84;5 065.24;2026.03.05 14:25:03;5 115.89;;;-87.78;[sl]
2026.03.05 14:03:00;Sell;0.07;XAUUSD;5 116.08;5 128.06;5 077.46;2026.03.05 14:04:50;5 128.55;;;-87.29;[sl]
2026.03.05 14:02:00;Sell;0.07;XAUUSD;5 113.04;5 125.04;5 074.44;2026.03.05 14:04:33;5 125.35;;;-86.17;[sl]
2026.03.05 13:47:02;Sell;0.07;XAUUSD;5 128.80;5 117.46;5 090.32;2026.03.05 13:49:06;5 117.89;;;76.37;[sl]
2026.03.05 13:45:01;Sell;0.07;XAUUSD;5 131.11;5 117.46;5 092.35;2026.03.05 13:49:06;5 117.89;;;92.54;[sl]
2026.03.05 13:46:02;Sell;0.07;XAUUSD;5 132.03;5 119.44;5 093.44;2026.03.05 13:47:45;5 120.17;;;83.02;[sl]
2026.03.05 13:32:01;Sell;0.07;XAUUSD;5 117.18;5 129.25;5 078.65;2026.03.05 13:32:53;5 129.26;;;-84.56;[sl]
2026.03.05 11:05:00;Buy;0.07;XAUUSD;5 165.49;5 153.61;5 204.21;2026.03.05 13:01:42;5 152.93;;;-87.92;[sl]
2026.03.05 11:06:00;Buy;0.07;XAUUSD;5 166.32;5 154.14;5 204.74;2026.03.05 13:00:28;5 153.97;;;-86.45;[sl]
2026.03.05 11:04:00;Buy;0.07;XAUUSD;5 166.56;5 154.57;5 205.17;2026.03.05 13:00:28;5 154.10;;;-87.22;[sl]
2026.03.05 10:20:01;Sell;0.08;XAUUSD;5 153.88;5 165.87;5 115.27;2026.03.05 10:51:17;5 166.04;;;-97.28;[sl]
2026.03.05 10:19:01;Sell;0.08;XAUUSD;5 154.22;5 166.23;5 115.63;2026.03.05 10:51:17;5 166.25;;;-96.24;[sl]
2026.03.05 10:21:01;Sell;0.08;XAUUSD;5 153.67;5 165.67;5 115.07;2026.03.05 10:50:17;5 165.72;;;-96.40;[sl]
2026.03.05 10:01:00;Sell;0.07;XAUUSD;5 155.34;5 148.84;5 116.88;2026.03.05 10:06:38;5 148.90;;;45.08;[sl]
2026.03.05 10:00:00;Sell;0.07;XAUUSD;5 160.67;5 148.52;5 122.12;2026.03.05 10:06:38;5 148.72;;;83.65;[sl]
2026.03.05 09:53:00;Sell;0.07;XAUUSD;5 162.15;5 150.41;5 122.93;2026.03.05 10:05:38;5 150.71;;;80.08;[sl]
2026.03.05 09:23:01;Buy;0.08;XAUUSD;5 173.39;5 161.53;5 212.13;2026.03.05 09:39:11;5 161.44;;;-95.60;[sl]
2026.03.05 09:22:01;Buy;0.08;XAUUSD;5 173.81;5 161.75;5 212.35;2026.03.05 09:35:29;5 161.65;;;-97.28;[sl]
2026.03.05 09:21:00;Buy;0.08;XAUUSD;5 173.37;5 161.76;5 212.36;2026.03.05 09:35:29;5 161.65;;;-93.76;[sl]
2026.03.05 09:03:00;Buy;0.08;XAUUSD;5 163.73;5 174.91;5 202.12;2026.03.05 09:08:28;5 174.78;;;88.40;[sl]
2026.03.05 09:02:00;Buy;0.08;XAUUSD;5 165.06;5 171.56;5 203.64;2026.03.05 09:06:46;5 171.39;;;50.64;[sl]
2026.03.05 09:04:00;Buy;0.08;XAUUSD;5 165.64;5 172.14;5 204.52;2026.03.05 09:06:45;5 171.78;;;49.12;[sl]
2026.03.05 08:19:00;Sell;0.08;XAUUSD;5 142.87;5 154.87;5 104.27;2026.03.05 08:35:36;5 154.93;;;-96.48;[sl]
2026.03.05 08:17:00;Sell;0.08;XAUUSD;5 142.79;5 154.80;5 104.20;2026.03.05 08:35:36;5 154.93;;;-97.12;[sl]
2026.03.05 08:18:00;Sell;0.08;XAUUSD;5 140.57;5 152.91;5 102.31;2026.03.05 08:31:52;5 153.22;;;-101.20;[sl]
2026.03.05 07:08:00;Buy;0.09;XAUUSD;5 164.84;5 154.82;5 190.37;2026.03.05 08:04:53;5 154.77;;;-90.63;[sl]
2026.03.05 07:10:00;Buy;0.09;XAUUSD;5 165.04;5 155.15;5 190.70;2026.03.05 08:04:51;5 154.90;;;-91.26;[sl]
2026.03.05 07:09:00;Buy;0.09;XAUUSD;5 165.36;5 154.98;5 190.53;2026.03.05 08:04:51;5 154.90;;;-94.14;[sl]
2026.03.05 06:37:00;Sell;0.09;XAUUSD;5 142.63;5 152.27;5 116.72;2026.03.05 06:37:54;5 152.32;;;-87.21;[sl]
2026.03.05 06:15:00;Sell;0.09;XAUUSD;5 132.62;5 142.55;5 107.00;2026.03.05 06:22:59;5 142.56;;;-89.46;[sl]
2026.03.05 06:14:00;Sell;0.09;XAUUSD;5 130.17;5 140.24;5 104.69;2026.03.05 06:22:27;5 140.28;;;-90.99;[sl]
2026.03.05 06:16:00;Sell;0.09;XAUUSD;5 129.67;5 139.89;5 104.34;2026.03.05 06:22:23;5 140.21;;;-94.86;[sl]
2026.03.05 05:51:01;Sell;0.09;XAUUSD;5 160.52;5 148.16;5 135.29;2026.03.05 06:00:10;5 148.38;;;109.26;[sl]
2026.03.05 05:53:01;Sell;0.09;XAUUSD;5 159.51;5 153.01;5 134.05;2026.03.05 05:59:09;5 153.19;;;56.88;[sl]
2026.03.05 05:52:01;Sell;0.09;XAUUSD;5 158.36;5 151.86;5 132.82;2026.03.05 05:59:02;5 152.03;;;56.97;[sl]
2026.03.05 05:18:03;Sell;0.09;XAUUSD;5 172.25;5 165.75;5 146.70;2026.03.05 05:38:07;5 165.91;;;57.06;[sl]
2026.03.05 05:17:04;Sell;0.09;XAUUSD;5 173.64;5 167.14;5 148.09;2026.03.05 05:34:56;5 167.52;;;55.08;[sl]
2026.03.05 05:16:03;Sell;0.09;XAUUSD;5 174.28;5 167.78;5 148.77;2026.03.05 05:33:43;5 168.12;;;55.44;[sl]
2026.03.05 04:27:01;Sell;0.09;XAUUSD;5 178.66;5 172.16;5 153.12;2026.03.05 04:55:57;5 172.16;;;58.50;[sl]
2026.03.05 04:28:01;Sell;0.09;XAUUSD;5 178.14;5 171.64;5 152.60;2026.03.05 04:48:23;5 171.66;;;58.32;[sl]
2026.03.05 04:29:01;Sell;0.09;XAUUSD;5 177.51;5 171.01;5 152.02;2026.03.05 04:48:16;5 171.54;;;53.73;[sl]
2026.03.05 03:10:01;Buy;0.09;XAUUSD;5 188.83;5 178.83;5 214.38;2026.03.05 03:58:20;5 178.64;;;-91.71;[sl]
2026.03.05 03:09:01;Buy;0.09;XAUUSD;5 188.83;5 178.80;5 214.35;2026.03.05 03:58:20;5 178.64;;;-91.71;[sl]
2026.03.05 03:08:01;Buy;0.09;XAUUSD;5 189.90;5 179.49;5 215.04;2026.03.05 03:57:40;5 179.42;;;-94.32;[sl]
2026.03.05 02:39:01;Buy;0.09;XAUUSD;5 179.67;5 186.17;5 205.22;2026.03.05 02:54:49;5 186.17;;;58.50;[sl]
2026.03.05 02:38:00;Buy;0.09;XAUUSD;5 181.06;5 187.56;5 206.48;2026.03.05 02:54:22;5 187.45;;;57.51;[sl]
2026.03.05 02:37:00;Buy;0.09;XAUUSD;5 181.79;5 188.29;5 207.28;2026.03.05 02:54:17;5 188.17;;;57.42;[sl]
2026.03.05 02:00:00;Sell;0.09;XAUUSD;5 171.53;5 182.00;5 146.45;2026.03.05 02:06:07;5 182.09;;;-95.04;[sl]
2026.03.05 01:21:00;Buy;0.09;XAUUSD;5 177.27;5 167.65;5 203.20;2026.03.05 01:42:12;5 167.27;;;-90.00;[sl]
2026.03.05 01:20:00;Buy;0.09;XAUUSD;5 179.18;5 169.29;5 204.84;2026.03.05 01:41:50;5 168.92;;;-92.34;[sl]
2026.03.05 01:07:00;Buy;0.09;XAUUSD;5 180.61;5 170.63;5 206.18;2026.03.05 01:35:13;5 170.63;;;-89.82;[sl]
2026.03.05 00:36:01;Buy;0.09;XAUUSD;5 171.83;5 178.33;5 197.38;2026.03.05 01:07:10;5 178.30;;;58.23;[sl]
2026.03.05 00:35:00;Buy;0.09;XAUUSD;5 172.12;5 178.62;5 197.70;2026.03.05 01:07:10;5 178.30;;;55.62;[sl]
2026.03.05 00:20:01;Buy;0.09;XAUUSD;5 177.96;5 167.98;5 203.53;2026.03.05 00:48:20;5 166.56;;;-102.60;[sl]
2026.03.05 00:00:00;Buy;0.09;XAUUSD;5 166.14;5 177.98;5 190.98;2026.03.05 00:22:34;5 177.85;;;105.39;[sl]
2026.03.05 00:01:00;Buy;0.09;XAUUSD;5 163.35;5 176.37;5 188.93;2026.03.05 00:20:21;5 176.28;;;116.37;[sl]
2026.03.05 00:02:01;Buy;0.09;XAUUSD;5 160.49;5 166.99;5 186.03;2026.03.05 00:06:51;5 166.38;;;53.01;[sl]
2026.03.04 23:17:08;Buy;0.09;XAUUSD;5 150.36;5 161.36;5 175.91;2026.03.04 23:48:14;5 161.02;;;95.94;[sl]
2026.03.04 23:44:03;Buy;0.09;XAUUSD;5 154.35;5 160.85;5 179.90;2026.03.04 23:47:04;5 160.70;;;57.15;[sl]
2026.03.04 23:33:01;Buy;0.09;XAUUSD;5 154.24;5 160.74;5 179.77;2026.03.04 23:47:04;5 160.70;;;58.14;[sl]
2026.03.04 23:15:07;Buy;0.09;XAUUSD;5 146.85;5 153.35;5 172.38;2026.03.04 23:20:01;5 153.23;;;57.42;[sl]
2026.03.04 23:16:09;Buy;0.09;XAUUSD;5 147.24;5 153.74;5 172.79;2026.03.04 23:19:42;5 153.67;;;57.87;[sl]
2026.03.04 21:53:17;Buy;0.09;XAUUSD;5 139.79;5 151.87;5 165.35;2026.03.04 23:03:05;5 151.80;;-21.17;108.09;[sl]
2026.03.04 20:51:00;Buy;0.09;XAUUSD;5 135.64;5 148.50;5 161.19;2026.03.04 23:01:01;5 146.66;;-21.17;99.18;[sl]
2026.03.04 20:50:00;Buy;0.09;XAUUSD;5 139.92;5 130.24;5 165.79;2026.03.04 21:34:55;5 129.53;;;-93.51;[sl]
2026.03.04 21:30:00;Buy;0.09;XAUUSD;5 141.85;5 131.62;5 167.17;2026.03.04 21:33:28;5 131.52;;;-92.97;[sl]
2026.03.04 20:52:00;Buy;0.09;XAUUSD;5 135.36;5 141.86;5 160.98;2026.03.04 21:10:24;5 141.16;;;52.20;[sl]
2026.03.04 18:54:00;Sell;0.09;XAUUSD;5 130.57;5 140.94;5 105.39;2026.03.04 20:37:29;5 140.98;;;-93.69;[sl]
2026.03.04 18:56:01;Sell;0.09;XAUUSD;5 130.76;5 140.84;5 105.29;2026.03.04 20:36:17;5 140.87;;;-90.99;[sl]
2026.03.04 18:55:00;Sell;0.09;XAUUSD;5 130.56;5 140.51;5 104.96;2026.03.04 20:31:46;5 140.76;;;-91.80;[sl]
2026.03.04 18:29:00;Sell;0.09;XAUUSD;5 124.12;5 111.54;5 098.64;2026.03.04 18:41:09;5 111.69;;;111.87;[sl]
2026.03.04 18:28:00;Sell;0.09;XAUUSD;5 124.97;5 111.54;5 099.48;2026.03.04 18:41:09;5 111.69;;;119.52;[sl]
2026.03.04 18:27:00;Sell;0.09;XAUUSD;5 127.00;5 111.54;5 101.62;2026.03.04 18:41:09;5 111.69;;;137.79;[sl]
2026.03.04 17:36:00;Sell;0.09;XAUUSD;5 136.33;5 146.37;5 110.82;2026.03.04 17:56:13;5 146.91;;;-95.22;[sl]
2026.03.04 17:35:00;Sell;0.09;XAUUSD;5 136.31;5 146.69;5 111.14;2026.03.04 17:56:13;5 147.66;;;-102.15;[sl]
2026.03.04 17:34:00;Sell;0.09;XAUUSD;5 136.42;5 146.18;5 110.63;2026.03.04 17:56:13;5 146.91;;;-94.41;[sl]
2026.03.04 17:07:00;Buy;0.09;XAUUSD;5 152.38;5 142.31;5 177.86;2026.03.04 17:21:36;5 142.21;;;-91.53;[sl]
2026.03.04 16:42:00;Buy;0.09;XAUUSD;5 155.69;5 145.66;5 181.21;2026.03.04 16:45:12;5 145.61;;;-90.72;[sl]
2026.03.04 16:43:00;Buy;0.09;XAUUSD;5 157.82;5 147.83;5 183.38;2026.03.04 16:44:50;5 146.69;;;-100.17;[sl]
2026.03.04 16:17:00;Sell;0.09;XAUUSD;5 147.85;5 141.35;5 122.31;2026.03.04 16:24:29;5 141.39;;;58.14;[sl]
2026.03.04 16:15:00;Sell;0.09;XAUUSD;5 148.66;5 142.16;5 123.18;2026.03.04 16:23:07;5 142.18;;;58.32;[sl]
2026.03.04 16:16:00;Sell;0.09;XAUUSD;5 143.69;5 154.18;5 118.63;2026.03.04 16:21:16;5 154.18;;;-94.41;[sl]
2026.03.04 15:44:00;Sell;0.08;XAUUSD;5 140.77;5 152.86;5 102.26;2026.03.04 15:58:57;5 152.99;;;-97.76;[sl]
2026.03.04 15:41:00;Buy;0.08;XAUUSD;5 152.34;5 140.16;5 190.76;2026.03.04 15:44:03;5 138.91;;;-107.44;[sl]
2026.03.04 15:21:01;Sell;0.08;XAUUSD;5 145.00;5 157.31;5 106.71;2026.03.04 15:28:01;5 157.59;;;-100.72;[sl]
2026.03.04 15:20:00;Sell;0.08;XAUUSD;5 141.46;5 153.80;5 103.20;2026.03.04 15:25:13;5 155.18;;;-109.76;[sl]
2026.03.04 15:19:00;Sell;0.08;XAUUSD;5 140.59;5 152.32;5 101.72;2026.03.04 15:25:04;5 152.38;;;-94.32;[sl]
2026.03.04 14:47:00;Buy;0.08;XAUUSD;5 175.82;5 163.42;5 214.02;2026.03.04 14:47:56;5 162.43;;;-107.12;[sl]
2026.03.04 14:29:02;Sell;0.08;XAUUSD;5 166.27;5 178.71;5 128.11;2026.03.04 14:31:17;5 179.10;;;-102.64;[sl]
2026.03.04 14:28:01;Sell;0.08;XAUUSD;5 167.15;5 178.76;5 128.16;2026.03.04 14:31:17;5 179.10;;;-95.60;[sl]
2026.03.04 14:27:01;Sell;0.08;XAUUSD;5 164.20;5 176.32;5 125.72;2026.03.04 14:31:14;5 176.53;;;-98.64;[sl]
2026.03.04 13:36:00;Buy;0.08;XAUUSD;5 186.30;5 174.37;5 224.97;2026.03.04 13:56:31;5 174.36;;;-95.52;[sl]
2026.03.04 13:10:00;Buy;0.08;XAUUSD;5 189.42;5 177.22;5 227.82;2026.03.04 13:56:25;5 176.90;;;-100.16;[sl]
2026.03.04 13:12:01;Buy;0.08;XAUUSD;5 190.04;5 177.80;5 228.40;2026.03.04 13:55:58;5 177.34;;;-101.60;[sl]
2026.03.04 13:11:00;Buy;0.08;XAUUSD;5 191.59;5 179.96;5 230.56;2026.03.04 13:23:58;5 179.91;;;-93.44;[sl]
2026.03.04 12:49:00;Sell;0.08;XAUUSD;5 171.48;5 164.98;5 132.86;2026.03.04 12:57:02;5 165.38;;;48.80;[sl]
2026.03.04 12:48:00;Sell;0.08;XAUUSD;5 170.68;5 164.18;5 132.11;2026.03.04 12:56:48;5 164.43;;;50.00;[sl]
2026.03.04 12:47:00;Sell;0.08;XAUUSD;5 167.82;5 161.32;5 129.37;2026.03.04 12:56:21;5 161.76;;;48.48;[sl]
2026.03.04 12:19:00;Sell;0.08;XAUUSD;5 182.20;5 170.63;5 143.38;2026.03.04 12:33:50;5 170.92;;;90.24;[sl]
2026.03.04 12:21:03;Sell;0.08;XAUUSD;5 181.64;5 175.14;5 143.05;2026.03.04 12:30:51;5 175.15;;;51.92;[sl]
2026.03.04 12:20:03;Sell;0.08;XAUUSD;5 182.52;5 176.02;5 144.07;2026.03.04 12:28:25;5 176.33;;;49.52;[sl]
2026.03.04 11:48:03;Buy;0.08;XAUUSD;5 194.07;5 200.57;5 232.67;2026.03.04 12:05:16;5 200.09;;;48.16;[sl]
2026.03.04 11:49:03;Buy;0.08;XAUUSD;5 194.10;5 200.60;5 232.73;2026.03.04 12:05:11;5 200.59;;;51.92;[sl]
2026.03.04 11:58:03;Buy;0.08;XAUUSD;5 194.14;5 200.64;5 232.72;2026.03.04 12:05:10;5 200.64;;;52.00;[sl]
2026.03.04 11:12:01;Buy;0.08;XAUUSD;5 192.63;5 199.13;5 231.22;2026.03.04 11:35:48;5 198.77;;;49.12;[sl]
2026.03.04 11:02:00;Buy;0.08;XAUUSD;5 193.02;5 199.52;5 231.60;2026.03.04 11:35:48;5 199.27;;;50.00;[sl]
2026.03.04 10:59:00;Buy;0.08;XAUUSD;5 192.40;5 198.90;5 231.03;2026.03.04 11:35:48;5 198.77;;;50.96;[sl]
2026.03.04 08:26:01;Sell;0.08;XAUUSD;5 163.51;5 175.47;5 124.87;2026.03.04 08:42:40;5 175.51;;;-96.00;[sl]
2026.03.04 08:27:01;Sell;0.08;XAUUSD;5 160.34;5 172.35;5 121.75;2026.03.04 08:42:16;5 172.63;;;-98.32;[sl]
2026.03.04 08:23:00;Sell;0.08;XAUUSD;5 158.87;5 170.84;5 120.24;2026.03.04 08:37:52;5 170.86;;;-95.92;[sl]
2026.03.03 14:02:01;Buy;0.08;XAUUSD;5 162.42;5 168.92;5 201.28;2026.03.03 14:09:44;5 168.29;;;46.96;[sl]
2026.03.03 14:06:01;Buy;0.08;XAUUSD;5 163.78;5 170.28;5 202.11;2026.03.03 14:08:53;5 170.00;;;49.76;[sl]
2026.03.03 14:05:01;Buy;0.08;XAUUSD;5 159.31;5 165.81;5 198.49;2026.03.03 14:07:49;5 165.05;;;45.92;[sl]
2026.03.03 13:30:01;Buy;0.08;XAUUSD;5 176.54;5 183.04;5 216.87;2026.03.03 13:34:01;5 182.16;;;44.96;[sl]
2026.03.03 13:31:01;Buy;0.08;XAUUSD;5 183.82;5 172.13;5 222.73;2026.03.03 13:32:00;5 171.29;;;-100.24;[sl]
2026.03.03 12:52:01;Buy;0.08;XAUUSD;5 206.93;5 196.51;5 247.11;2026.03.03 12:52:17;5 196.13;;;-86.40;[sl]
2026.03.03 10:30:00;Buy;0.08;XAUUSD;5 276.43;5 264.49;5 315.09;2026.03.03 10:37:11;5 264.29;;;-97.12;[sl]
2026.03.03 10:29:00;Buy;0.08;XAUUSD;5 279.57;5 267.40;5 318.00;2026.03.03 10:33:09;5 267.09;;;-99.84;[sl]
2026.03.03 10:28:00;Buy;0.08;XAUUSD;5 280.10;5 267.94;5 318.54;2026.03.03 10:33:08;5 267.80;;;-98.40;[sl]
2026.03.03 09:54:00;Buy;0.08;XAUUSD;5 276.36;5 282.86;5 314.76;2026.03.03 10:05:46;5 282.78;;;51.36;[sl]
2026.03.03 09:55:00;Buy;0.08;XAUUSD;5 278.66;5 285.16;5 317.57;2026.03.03 10:04:32;5 284.81;;;49.20;[sl]
2026.03.03 09:56:01;Buy;0.08;XAUUSD;5 273.32;5 279.82;5 311.75;2026.03.03 10:03:20;5 279.52;;;49.60;[sl]
2026.03.03 09:22:00;Buy;0.08;XAUUSD;5 299.00;5 287.01;5 337.61;2026.03.03 09:23:43;5 286.97;;;-96.24;[sl]
2026.03.03 09:18:01;Buy;0.08;XAUUSD;5 302.31;5 289.96;5 340.56;2026.03.03 09:23:35;5 289.65;;;-101.28;[sl]
2026.03.03 07:57:00;Buy;0.10;XAUUSD;5 329.20;5 319.20;5 354.75;2026.03.03 08:15:34;5 319.07;;;-101.30;[sl]
2026.03.03 07:58:00;Buy;0.10;XAUUSD;5 329.76;5 319.77;5 355.32;2026.03.03 08:15:15;5 319.61;;;-101.50;[sl]
2026.03.03 07:59:00;Buy;0.10;XAUUSD;5 327.44;5 333.94;5 352.76;2026.03.03 08:06:05;5 333.93;;;64.90;[sl]
2026.03.03 07:16:00;Buy;0.10;XAUUSD;5 313.84;5 322.23;5 339.40;2026.03.03 07:42:01;5 322.08;;;82.40;[sl]
2026.03.03 07:15:00;Buy;0.10;XAUUSD;5 315.16;5 322.23;5 340.76;2026.03.03 07:42:01;5 322.08;;;69.20;[sl]
2026.03.03 07:13:00;Buy;0.10;XAUUSD;5 313.64;5 322.23;5 339.34;2026.03.03 07:42:01;5 322.08;;;84.40;[sl]
2026.03.03 06:54:00;Sell;0.10;XAUUSD;5 300.72;5 310.93;5 275.38;2026.03.03 06:58:09;5 310.96;;;-102.40;[sl]
2026.03.03 06:53:00;Sell;0.10;XAUUSD;5 298.76;5 308.51;5 272.96;2026.03.03 06:57:18;5 309.04;;;-102.80;[sl]
2026.03.03 06:52:00;Sell;0.10;XAUUSD;5 296.46;5 306.92;5 271.37;2026.03.03 06:57:11;5 306.95;;;-104.90;[sl]
2026.03.03 06:18:02;Sell;0.10;XAUUSD;5 299.17;5 309.41;5 273.86;2026.03.03 06:21:16;5 309.79;;;-106.20;[sl]
2026.03.03 06:17:02;Sell;0.10;XAUUSD;5 298.36;5 308.45;5 272.90;2026.03.03 06:20:19;5 308.51;;;-101.50;[sl]
2026.03.03 06:16:01;Sell;0.10;XAUUSD;5 294.44;5 304.11;5 268.56;2026.03.03 06:18:49;5 304.29;;;-98.50;[sl]
2026.03.03 05:54:03;Sell;0.10;XAUUSD;5 311.48;5 322.34;5 286.79;2026.03.03 06:00:56;5 322.45;;;-109.70;[sl]
2026.03.03 05:53:03;Sell;0.10;XAUUSD;5 320.91;5 315.41;5 295.43;2026.03.03 05:54:57;5 316.11;;;48.00;[sl]
2026.03.03 05:52:02;Sell;0.10;XAUUSD;5 322.39;5 315.28;5 296.67;2026.03.03 05:54:56;5 315.38;;;70.10;[sl]
2026.03.03 04:22:00;Buy;0.10;XAUUSD;5 371.11;5 361.36;5 396.91;2026.03.03 04:59:59;5 361.27;;;-98.40;[sl]
2026.03.03 04:26:00;Buy;0.10;XAUUSD;5 372.39;5 361.98;5 397.53;2026.03.03 04:59:09;5 361.90;;;-104.90;[sl]
2026.03.03 04:27:01;Buy;0.10;XAUUSD;5 373.42;5 363.39;5 398.94;2026.03.03 04:49:33;5 363.25;;;-101.70;[sl]
2026.03.03 02:50:01;Buy;0.10;XAUUSD;5 364.07;5 369.57;5 389.53;2026.03.03 03:25:04;5 368.65;;;45.80;[sl]
2026.03.03 02:49:01;Buy;0.10;XAUUSD;5 365.05;5 370.55;5 390.74;2026.03.03 03:25:04;5 368.65;;;36.00;[sl]
2026.03.03 02:48:00;Buy;0.10;XAUUSD;5 364.01;5 369.51;5 388.18;2026.03.03 03:25:04;5 368.65;;;46.40;[sl]
2026.03.03 02:16:01;Buy;0.10;XAUUSD;5 354.01;5 359.51;5 379.63;2026.03.03 02:33:10;5 359.36;;;53.50;[sl]
2026.03.03 02:15:01;Buy;0.10;XAUUSD;5 351.19;5 356.69;5 376.62;2026.03.03 02:30:02;5 356.40;;;52.10;[sl]
2026.03.03 02:17:02;Buy;0.10;XAUUSD;5 344.75;5 352.33;5 370.60;2026.03.03 02:28:36;5 351.97;;;72.20;[sl]
2026.03.03 01:25:00;Buy;0.10;XAUUSD;5 378.70;5 368.43;5 403.98;2026.03.03 01:37:42;5 368.33;;;-103.70;[sl]
2026.03.03 01:07:00;Buy;0.10;XAUUSD;5 365.32;5 373.67;5 390.58;2026.03.03 01:30:46;5 373.29;;;79.70;[sl]
2026.03.03 01:08:00;Buy;0.10;XAUUSD;5 371.47;5 376.97;5 397.06;2026.03.03 01:26:30;5 376.79;;;53.20;[sl]
2026.03.03 00:36:02;Buy;0.10;XAUUSD;5 354.25;5 365.68;5 379.35;2026.03.03 01:09:09;5 365.49;;;112.40;[sl]
2026.03.03 00:35:02;Buy;0.10;XAUUSD;5 356.52;5 346.53;5 382.08;2026.03.03 00:54:19;5 346.51;;;-100.10;[sl]
2026.03.03 00:34:01;Buy;0.10;XAUUSD;5 358.10;5 348.75;5 384.30;2026.03.03 00:37:19;5 348.73;;;-93.70;[sl]
2026.03.03 00:01:00;Buy;0.10;XAUUSD;5 340.55;5 352.56;5 366.17;2026.03.03 00:21:08;5 352.33;;;117.80;[sl]
2026.03.02 23:12:04;Buy;0.10;XAUUSD;5 335.35;5 340.85;5 360.90;2026.03.02 23:55:01;5 340.85;;;55.00;[sl]
2026.03.02 23:29:05;Buy;0.10;XAUUSD;5 335.88;5 341.38;5 361.18;2026.03.02 23:55:00;5 341.19;;;53.10;[sl]
2026.03.02 23:13:03;Buy;0.10;XAUUSD;5 336.31;5 341.81;5 361.79;2026.03.02 23:54:18;5 341.68;;;53.70;[sl]
2026.03.02 23:11:02;Buy;0.10;XAUUSD;5 334.15;5 339.65;5 359.70;2026.03.02 23:16:09;5 339.62;;;54.70;[sl]
2026.03.02 20:51:00;Buy;0.10;XAUUSD;5 337.99;5 327.34;5 362.89;2026.03.02 21:30:57;5 327.21;;;-107.80;[sl]
2026.03.02 20:50:00;Buy;0.10;XAUUSD;5 339.22;5 328.95;5 364.50;2026.03.02 21:30:51;5 328.77;;;-104.50;[sl]
2026.03.02 20:53:00;Buy;0.10;XAUUSD;5 339.59;5 329.57;5 365.12;2026.03.02 21:30:49;5 329.19;;;-104.00;[sl]
2026.03.02 20:30:00;Sell;0.10;XAUUSD;5 334.17;5 343.63;5 308.08;2026.03.02 20:37:37;5 343.65;;;-94.80;[sl]
2026.03.02 20:29:00;Buy;0.10;XAUUSD;5 334.36;5 339.86;5 360.82;2026.03.02 20:32:58;5 339.62;;;52.60;[sl]
2026.03.02 20:00:00;Buy;0.10;XAUUSD;5 330.75;5 340.10;5 356.20;2026.03.02 20:13:24;5 339.96;;;92.10;[sl]
2026.03.02 19:39:04;Buy;0.10;XAUUSD;5 331.63;5 340.10;5 357.12;2026.03.02 20:13:24;5 339.96;;;83.30;[sl]
2026.03.02 19:34:00;Sell;0.10;XAUUSD;5 326.94;5 337.23;5 301.68;2026.03.02 20:07:18;5 337.80;;;-108.60;[sl]
2026.03.02 19:38:04;Buy;0.10;XAUUSD;5 334.21;5 324.21;5 359.76;2026.03.02 19:46:45;5 324.15;;;-100.60;[sl]
2026.03.02 19:04:00;Buy;0.10;XAUUSD;5 320.98;5 326.48;5 346.57;2026.03.02 19:16:24;5 326.35;;;53.70;[sl]
2026.03.02 19:03:00;Buy;0.10;XAUUSD;5 320.95;5 326.45;5 346.47;2026.03.02 19:16:24;5 326.35;;;54.00;[sl]
2026.03.02 19:02:00;Buy;0.10;XAUUSD;5 320.96;5 326.46;5 346.52;2026.03.02 19:16:24;5 326.35;;;53.90;[sl]
2026.03.02 18:26:01;Sell;0.10;XAUUSD;5 296.76;5 307.14;5 271.59;2026.03.02 18:47:28;5 307.14;;;-103.80;[sl]
2026.03.02 18:25:00;Sell;0.10;XAUUSD;5 294.49;5 305.24;5 269.69;2026.03.02 18:46:42;5 305.25;;;-107.60;[sl]
2026.03.02 18:27:01;Sell;0.10;XAUUSD;5 295.01;5 304.98;5 269.43;2026.03.02 18:46:18;5 305.13;;;-101.20;[sl]
2026.03.02 18:03:00;Sell;0.10;XAUUSD;5 299.80;5 294.30;5 274.30;2026.03.02 18:12:51;5 294.51;;;52.90;[sl]
2026.03.02 17:59:00;Buy;0.10;XAUUSD;5 308.99;5 298.81;5 334.36;2026.03.02 18:03:07;5 298.64;;;-103.50;[sl]
2026.03.02 17:26:00;Buy;0.10;XAUUSD;5 308.15;5 313.65;5 333.75;2026.03.02 17:37:24;5 313.61;;;54.60;[sl]
2026.03.02 17:27:00;Buy;0.10;XAUUSD;5 309.48;5 314.98;5 334.88;2026.03.02 17:32:14;5 314.89;;;54.10;[sl]
2026.03.02 17:25:00;Buy;0.10;XAUUSD;5 305.96;5 311.46;5 330.98;2026.03.02 17:31:24;5 311.40;;;54.40;[sl]
2026.03.02 17:08:00;Buy;0.10;XAUUSD;5 305.15;5 294.87;5 330.42;2026.03.02 17:12:03;5 294.58;;;-105.70;[sl]
2026.03.02 17:07:00;Buy;0.10;XAUUSD;5 306.16;5 295.88;5 331.43;2026.03.02 17:11:47;5 295.08;;;-110.80;[sl]
2026.03.02 16:50:00;Sell;0.10;XAUUSD;5 299.43;5 293.93;5 273.53;2026.03.02 16:52:54;5 293.94;;;54.90;[sl]
2026.03.02 16:19:00;Sell;0.10;XAUUSD;5 286.69;5 297.06;5 261.51;2026.03.02 16:23:36;5 297.11;;;-104.20;[sl]
2026.03.02 15:38:00;Buy;0.09;XAUUSD;5 344.87;5 332.97;5 383.57;2026.03.02 15:46:44;5 332.78;;;-108.81;[sl]
2026.03.02 15:39:00;Buy;0.09;XAUUSD;5 346.46;5 334.49;5 385.09;2026.03.02 15:46:01;5 334.33;;;-109.17;[sl]
2026.03.02 15:40:00;Buy;0.09;XAUUSD;5 349.12;5 336.72;5 387.32;2026.03.02 15:45:56;5 336.59;;;-112.77;[sl]
2026.03.02 15:21:01;Sell;0.09;XAUUSD;5 325.66;5 337.79;5 287.19;2026.03.02 15:25:22;5 337.83;;;-109.53;[sl]
2026.03.02 15:20:01;Sell;0.09;XAUUSD;5 322.18;5 334.51;5 283.91;2026.03.02 15:23:14;5 334.81;;;-113.67;[sl]
2026.03.02 15:19:00;Sell;0.09;XAUUSD;5 319.36;5 331.86;5 281.26;2026.03.02 15:22:31;5 332.10;;;-114.66;[sl]
2026.03.02 15:05:00;Sell;0.09;XAUUSD;5 330.43;5 318.26;5 291.76;2026.03.02 15:06:41;5 318.42;;;108.09;[sl]
2026.03.02 15:06:00;Sell;0.09;XAUUSD;5 321.33;5 315.83;5 283.22;2026.03.02 15:06:23;5 316.05;;;47.52;[sl]
2026.03.02 14:50:00;Buy;0.09;XAUUSD;5 341.73;5 329.64;5 380.24;2026.03.02 14:52:13;5 329.36;;;-111.33;[sl]
2026.03.02 14:37:01;Sell;0.09;XAUUSD;5 329.27;5 341.92;5 291.32;2026.03.02 14:37:54;5 341.98;;;-114.39;[sl]
2026.03.02 13:42:45;Buy;0.09;XAUUSD;5 405.69;5 393.69;5 444.29;2026.03.02 13:43:36;5 393.11;;;-113.22;[sl]
2026.03.02 13:41:45;Buy;0.09;XAUUSD;5 407.03;5 395.01;5 445.61;2026.03.02 13:43:17;5 394.88;;;-109.35;[sl]
2026.03.02 13:12:00;Sell;0.13;XAUUSD;5 390.05;5 401.36;5 352.56;2026.03.02 13:23:20;5 401.36;;;-147.03;[sl]
2026.03.02 13:14:00;Sell;0.13;XAUUSD;5 386.94;5 397.23;5 348.43;2026.03.02 13:22:27;5 397.47;;;-136.89;[sl]
2026.03.02 13:13:00;Sell;0.13;XAUUSD;5 384.85;5 395.01;5 346.21;2026.03.02 13:20:01;5 395.16;;;-134.03;[sl]
2026.03.02 12:21:00;Buy;0.13;XAUUSD;5 389.79;5 405.33;5 428.23;2026.03.02 13:06:19;5 405.22;;;200.59;[sl]
2026.03.02 12:55:05;Sell;0.13;XAUUSD;5 391.10;5 401.64;5 352.84;2026.03.02 13:04:03;5 401.74;;;-138.32;[sl]
2026.03.02 12:56:05;Sell;0.13;XAUUSD;5 387.66;5 397.83;5 349.03;2026.03.02 13:03:31;5 397.91;;;-133.25;[sl]
2026.03.02 12:22:00;Buy;0.13;XAUUSD;5 389.02;5 397.07;5 427.67;2026.03.02 12:42:37;5 396.52;;;97.50;[sl]
2026.03.02 12:16:00;Buy;0.13;XAUUSD;5 389.03;5 397.08;5 427.61;2026.03.02 12:42:37;5 396.52;;;97.37;[sl]
2026.03.02 11:28:00;Buy;0.14;XAUUSD;5 392.30;5 382.30;5 431.10;2026.03.02 11:45:56;5 382.24;;;-140.84;[sl]
2026.03.02 11:27:00;Buy;0.14;XAUUSD;5 392.81;5 382.86;5 431.66;2026.03.02 11:45:56;5 382.41;;;-145.60;[sl]
2026.03.02 11:26:00;Buy;0.14;XAUUSD;5 392.88;5 382.62;5 431.42;2026.03.02 11:45:56;5 382.24;;;-148.96;[sl]
2026.03.02 10:39:01;Buy;0.14;XAUUSD;5 393.23;5 383.03;5 431.83;2026.03.02 10:54:33;5 383.00;;;-143.22;[sl]
2026.03.02 10:37:01;Buy;0.14;XAUUSD;5 395.26;5 385.01;5 433.81;2026.03.02 10:54:26;5 383.73;;;-161.42;[sl]
2026.03.02 10:38:01;Buy;0.14;XAUUSD;5 395.65;5 385.45;5 434.25;2026.03.02 10:54:18;5 385.23;;;-145.88;[sl]
2026.03.02 09:57:00;Sell;0.14;XAUUSD;5 392.29;5 384.24;5 353.61;2026.03.02 10:07:19;5 384.30;;;111.86;[sl]
2026.03.02 09:59:00;Sell;0.14;XAUUSD;5 391.03;5 382.98;5 352.42;2026.03.02 10:07:11;5 382.99;;;112.56;[sl]
2026.03.02 09:31:00;Buy;0.14;XAUUSD;5 396.93;5 386.72;5 435.52;2026.03.02 10:01:30;5 386.69;;;-143.36;[sl]
2026.03.02 09:33:00;Buy;0.14;XAUUSD;5 399.37;5 389.15;5 437.95;2026.03.02 09:49:13;5 388.83;;;-147.56;[sl]
2026.03.02 09:32:00;Buy;0.14;XAUUSD;5 400.10;5 389.91;5 438.71;2026.03.02 09:48:15;5 389.65;;;-146.30;[sl]
2026.03.02 09:14:00;Sell;0.14;XAUUSD;5 397.88;5 389.83;5 359.29;2026.03.02 09:21:01;5 389.88;;;112.00;[sl]
2026.03.02 09:18:00;Buy;0.14;XAUUSD;5 396.70;5 386.52;5 435.32;2026.03.02 09:20:28;5 386.09;;;-148.54;[sl]
2026.03.02 09:16:00;Buy;0.14;XAUUSD;5 396.94;5 386.74;5 435.54;2026.03.02 09:20:28;5 386.09;;;-151.90;[sl]
2026.03.02 08:01:00;Buy;0.14;XAUUSD;5 409.87;5 399.67;5 448.47;2026.03.02 08:43:42;5 399.44;;;-146.02;[sl]
2026.03.02 07:51:00;Buy;0.18;XAUUSD;5 409.10;5 401.39;5 434.99;2026.03.02 08:43:33;5 400.76;;;-150.12;[sl]
2026.03.02 08:36:00;Buy;0.14;XAUUSD;5 413.35;5 403.64;5 452.44;2026.03.02 08:42:48;5 403.45;;;-138.60;[sl]
2026.03.02 08:02:00;Buy;0.14;XAUUSD;5 406.44;5 414.49;5 445.05;2026.03.02 08:30:18;5 414.49;;;112.70;[sl]
2026.03.02 07:50:00;Buy;0.18;XAUUSD;5 410.89;5 403.73;5 437.33;2026.03.02 07:55:19;5 403.51;;;-132.84;[sl]
2026.03.02 07:49:00;Buy;0.18;XAUUSD;5 412.68;5 404.62;5 438.22;2026.03.02 07:55:18;5 403.75;;;-160.74;[sl]
2026.03.02 07:14:00;Buy;0.18;XAUUSD;5 406.50;5 414.55;5 432.12;2026.03.02 07:21:14;5 414.53;;;144.54;[sl]
2026.03.02 07:16:00;Buy;0.18;XAUUSD;5 409.37;5 417.42;5 434.91;2026.03.02 07:20:16;5 417.23;;;141.48;[sl]
2026.03.02 07:15:00;Buy;0.18;XAUUSD;5 406.74;5 414.79;5 432.17;2026.03.02 07:18:41;5 414.77;;;144.54;[sl]
2026.03.02 06:57:01;Buy;0.18;XAUUSD;5 387.31;5 395.36;5 412.70;2026.03.02 07:08:18;5 395.28;;;143.46;[sl]
2026.03.02 06:56:01;Buy;0.18;XAUUSD;5 387.50;5 395.55;5 413.18;2026.03.02 07:08:18;5 395.28;;;140.04;[sl]
2026.03.02 06:55:01;Buy;0.18;XAUUSD;5 385.30;5 396.84;5 411.88;2026.03.02 07:08:03;5 396.63;;;203.94;[sl]
2026.03.02 06:15:00;Buy;0.17;XAUUSD;5 375.46;5 383.51;5 401.07;2026.03.02 06:49:50;5 383.43;;;135.49;[sl]
2026.03.02 06:07:01;Buy;0.17;XAUUSD;5 375.60;5 383.65;5 400.47;2026.03.02 06:49:50;5 383.63;;;136.51;[sl]
2026.03.02 06:14:01;Buy;0.17;XAUUSD;5 376.37;5 384.42;5 401.96;2026.03.02 06:49:48;5 384.29;;;134.64;[sl]
2026.03.02 06:06:01;Buy;0.17;XAUUSD;5 370.53;5 378.58;5 396.03;2026.03.02 06:08:51;5 378.45;;;134.64;[sl]
2026.03.02 06:05:01;Buy;0.17;XAUUSD;5 366.20;5 374.25;5 391.37;2026.03.02 06:07:12;5 374.09;;;134.13;[sl]
2026.03.02 05:23:00;Sell;0.18;XAUUSD;5 350.60;5 358.61;5 325.01;2026.03.02 05:34:36;5 358.72;;;-146.16;[sl]
2026.03.02 05:05:00;Sell;0.18;XAUUSD;5 349.60;5 357.98;5 324.38;2026.03.02 05:34:34;5 357.98;;;-150.84;[sl]
2026.03.02 05:03:00;Sell;0.18;XAUUSD;5 349.50;5 357.50;5 323.90;2026.03.02 05:33:37;5 357.55;;;-144.90;[sl]
2026.03.02 04:44:07;Sell;0.18;XAUUSD;5 352.28;5 344.23;5 326.64;2026.03.02 05:17:13;5 344.84;;;133.92;[sl]
2026.03.02 04:42:07;Sell;0.18;XAUUSD;5 350.78;5 358.78;5 325.18;2026.03.02 04:54:55;5 358.89;;;-145.98;[sl]
2026.03.02 04:43:07;Sell;0.18;XAUUSD;5 349.21;5 357.21;5 323.61;2026.03.02 04:53:02;5 357.27;;;-145.08;[sl]
2026.03.02 04:33:04;Buy;0.18;XAUUSD;5 360.66;5 352.66;5 386.26;2026.03.02 04:37:05;5 352.53;;;-146.34;[sl]
2026.03.02 04:35:05;Buy;0.18;XAUUSD;5 361.28;5 353.28;5 386.88;2026.03.02 04:36:21;5 353.08;;;-147.60;[sl]
2026.03.02 04:34:05;Buy;0.18;XAUUSD;5 361.40;5 353.40;5 387.00;2026.03.02 04:36:21;5 352.99;;;-151.38;[sl]
2026.03.02 04:16:01;Sell;0.18;XAUUSD;5 357.99;5 365.95;5 332.35;2026.03.02 04:23:02;5 365.96;;;-143.46;[sl]
2026.03.02 04:15:00;Sell;0.18;XAUUSD;5 357.63;5 365.41;5 331.81;2026.03.02 04:19:58;5 365.50;;;-141.66;[sl]
2026.03.02 04:14:49;Sell;0.18;XAUUSD;5 356.35;5 364.36;5 330.76;2026.03.02 04:19:57;5 365.40;;;-162.90;[sl]
2026.01.01 00:00:00;Balance;;;;;;;;;;30 000.00;Balance
