Time;Type;Volume;Symbol;Price;Volume;Time;Price;Commission;Swap;Profit
2026.05.31 23:59:59;Deal Interestrate;;;;;;;;;216.77
2025.11.28 17:00:00;Buy;0.01;LLY;1078.6419999999998;0.01;2026.05.28 16:27:44;1141.12;-0.98;-12.94;53.61
2026.03.25 21:26:15;Buy;0.1;TSLA;386.07800000000003;0.1;2026.05.13 17:30:06;451.31;-3.85;-13.31;557
2026.01.02 20:20:23;Buy;0.1;TSLA;438.70799999999997;0.1;2026.05.13 17:30:06;451.31;-3.85;-37.58;107.6
2025.12.22 16:50:42;Buy;0.1;TSLA;498.54400000000004;0.1;2026.05.13 17:30:06;451.31;-3.85;-41.25;-403.33
2026.04.30 23:59:59;Deal Interestrate;;;;;;;;;148.11
2026.01.28 16:32:09;Buy;0.07;QCOM;150.818;0.07;2026.04.30 15:58:58;172.81;-1.03;-6.27;131.63
2026.01.07 21:00:01;Buy;0.06;QCOM;177.338;0.06;2026.04.30 15:58:58;172.81;-0.89;-6.9;-23.23
2026.04.24 18:26:20;Sell;0.04;EURUSD;1.1713799999999999;0.04;2026.04.30 11:34:03;1.16882;-0.32;0.24;8.76
2026.02.13 17:25:09;Buy;0.11;V;315.546;0.11;2026.04.29 15:33:08;338.45;-3.19;-18.26;215.56
2025.05.13 15:45:40;Buy;0.06;V;358.2;0.06;2026.04.29 15:33:08;338.45;-1.74;-50.8;-101.39
2026.03.04 17:02:06;Buy;0.32;KO;78.356;0.32;2026.04.28 16:54:03;80.18;-2.19;-9.64;49.91
2026.02.05 17:00:00;Buy;0.18;GOOGL;321.1;0.18;2026.04.22 17:15:30;337.724;-5.19;-30.1;255.32
2026.02.05 17:00:01;Buy;0.18;GOOG;322.35200000000003;0.18;2026.04.22 17:15:29;335.5;-5.15;-30.03;201.93
2026.02.13 16:32:01;Buy;0.29;AMZN;198.52999999999997;0.29;2026.04.22 16:59:45;252.884;-6.26;-30.37;1345.04
2026.03.06 21:01:05;Buy;0.1;JPM;287.458;0.1;2026.04.21 15:33:05;318.63;-2.71;-9.74;264.82
2026.01.05 18:30:02;Buy;0.1;JPM;335.35599999999994;0.1;2026.04.21 15:33:05;318.63;-2.71;-22.89;-142.1
2026.01.27 16:32:57;Buy;0.04;UNH;290.45799999999997;0.04;2026.04.21 15:32:00;340.28;-1.16;-6.88;169.33
2025.11.05 16:32:01;Buy;0.04;UNH;328.66999999999996;0.04;2026.04.21 15:32:00;340.28;-1.16;-14.73;39.46
2025.10.28 19:07:42;Buy;0.04;UNH;377.898;0.04;2026.04.21 15:32:00;340.28;-1.16;-15.54;-127.86
2026.01.14 20:47:31;Buy;0.1;AMZN;236.962;0.1;2026.04.17 20:23:47;251.742;-2.13;-14.48;125.31
2026.04.16 08:45:42;;;;;;;;;;
2026.03.04 17:02:08;Buy;0.5;BAC;49.556;0.5;2026.04.15 15:32:01;54.63;-2.32;-7.39;215.08
2026.01.05 18:30:02;Buy;0.5;BAC;57.216;0.5;2026.04.15 15:32:01;54.63;-2.32;-18.33;-109.62
2026.03.06 21:02:01;Buy;0.17;GOOG;299.372;0.17;2026.04.14 17:17:04;327.19;-4.72;-14.24;400.87
2026.02.03 22:01:03;Buy;0.17;GOOG;340.18;0.17;2026.04.14 17:17:04;327.19;-4.72;-25.92;-187.2
2026.03.06 21:25:03;Buy;0.17;GOOGL;300.76;0.17;2026.04.14 16:07:14;327.38;-4.72;-14.34;383.65
2026.02.03 22:01:02;Buy;0.17;GOOGL;339.14799999999997;0.17;2026.04.14 16:07:14;327.38;-4.72;-25.99;-169.61
2025.12.16 17:25:27;Buy;0.03;AVGO;336.842;0.03;2026.04.14 15:52:42;381.83;-0.97;-8.42;114.35
2025.12.11 17:00:00;Buy;0.02;AVGO;396.224;0.02;2026.04.14 15:52:42;381.83;-0.65;-6.04;-24.39
2026.03.27 20:42:06;Buy;0.04;META;524.686;0.04;2026.04.14 15:39:29;646.89;-2.19;-3.03;414.17
2026.02.13 16:32:00;Buy;0.04;META;641.622;0.04;2026.04.14 15:39:29;646.89;-2.19;-10.63;17.85
2026.01.29 16:32:01;Buy;0.04;META;730.6619999999999;0.04;2026.04.14 15:39:29;646.89;-2.19;-13.53;-283.93
2026.04.10 08:45:54;;;;;;;;;;
2026.02.13 16:32:01;Buy;0.14;AMZN;198.51;0.14;2026.04.09 17:13:01;228.92;-2.74;-11.49;364.53
2026.01.12 21:40:54;Buy;0.14;AMZN;248.712;0.14;2026.04.09 17:13:01;228.92;-2.74;-18.83;-237.26
2026.03.31 23:59:59;Deal Interestrate;;;;;;;;;110.95
2026.03.04 17:02:04;Buy;0.05;LRCX;220.44400000000002;0.05;2026.03.19 21:06:28;233.25;-1.01;-1.16;55.18
2026.03.17 08:45:53;;;;;;;;;;
2026.01.30 22:00:01;Buy;0.02;MU;420.74800000000005;0.02;2026.03.16 15:32:01;445.71;-0.78;-2.61;43.47
2026.03.14 08:45:34;;;;;;;;;;
2026.03.10 08:45:55;;;;;;;;;;
2026.03.10 08:45:55;;;;;;;;;;
2026.03.10 08:45:55;;;;;;;;;;
2026.03.07 08:45:41;;;;;;;;;;
2026.03.06 08:45:31;;;;;;;;;;
2026.03.04 08:45:56;;;;;;;;;;
2026.02.13 16:32:02;Buy;0.15;JNJ;244.26000000000002;0.15;2026.03.02 16:32:01;250.06;-3.2;-4.41;74.29
2026.02.28 23:59:59;Deal Interestrate;;;;;;;;;133.54
2026.02.13 16:32:04;Buy;0.03;AMGN;366.626;0.03;2026.02.27 18:18:06;388.38;-0.99;-1.11;55.21
2026.01.30 20:00:00;Buy;0.04;LRCX;239.01799999999997;0.04;2026.02.25 16:34:33;253.2;-0.86;-1.73;48.14
2026.02.05 17:12:37;Buy;0.32;KO;78.626;0.32;2026.02.23 18:36:36;80.48;-2.18;-3.2;50.27
2026.02.05 18:00:00;Buy;0.2;BKR;57.236;0.2;2026.02.11 16:32:01;60.6;-1.02;-0.49;56.72
2026.02.03 22:01:02;Buy;0.15;JNJ;234.004;0.15;2026.02.06 16:32:40;239.53;-3.04;-0.75;70.13
2026.02.03 22:01:02;Buy;0.32;KO;76.796;0.32;2026.02.05 17:12:27;78.61;-2.13;-0.34;49.16
2026.01.28 17:00:01;Buy;0.03;AMGN;345.81800000000004;0.03;2026.02.04 19:44:55;366.49;-0.93;-0.5;52.57
2026.01.28 16:32:48;Buy;0.06;BRKb;473.09;0.06;2026.02.04 17:55:57;506.32;-2.58;-1.43;169
2025.03.26 15:55:48;Buy;0.03;BRKb;537.268;0.03;2026.02.04 17:55:57;506.32;-1.29;-33.91;-78.7
2026.01.12 18:00:03;Buy;1.06;BAC;55.096000000000004;1.06;2026.02.04 17:00:00;55.454;-4.98;-9.11;32.12
2026.01.20 16:48:22;Buy;0.11;AAPL;252.36800000000002;0.11;2026.02.04 16:37:13;275.88;-2.57;-2.9699999999999998;219.02
2025.12.03 18:44:00;Buy;0.11;AAPL;286.75800000000004;0.11;2026.02.04 16:37:13;275.88;-2.57;-13.09;-101.34
2026.01.30 17:00:02;Buy;0.21;BKR;55.742;0.21;2026.02.04 16:33:09;59.06;-1.05;-0.42;59.02
2026.01.14 20:47:15;Buy;0.3;AAPL;257.912;0.3;2026.02.03 21:08:33;269.91999999999996;-6.86;-10.84;305.06
2026.02.02 22:29:59;Buy;0.32;KO;75.676;0.32;2026.02.03 19:37:54;77.46;-2.1;-0.17;48.3
2026.01.28 16:36:27;Buy;0.15;JNJ;228.45000000000002;0.15;2026.02.03 16:40:17;233.92;-2.98;-1.44;69.58
2026.01.13 16:32:03;Buy;0.17;GOOGL;337.7459999999999;0.17;2026.02.03 16:32:01;345.63;-4.98;-8.42;113.65
2026.01.13 16:32:02;Buy;0.17;GOOG;338.402;0.17;2026.02.03 16:32:00;346.3;-4.99;-8.42;113.85
2026.01.20 18:00:01;Buy;0.12;BRKb;487.342;0.12;2026.02.02 22:46:57;487.85200000000003;-4.97;-5.26;5.19
2025.04.03 17:15:23;Buy;0.17;KO;73.956;0.17;2026.02.02 22:29:57;75.67;-1.09;-26.18;24.73
2026.01.31 23:59:59;Deal Interestrate;;;;;;;;;173.06
2026.01.15 18:29:44;Buy;0.1;META;621.874;0.1;2026.01.30 18:40:39;718.4979999999999;-6.05;-6.87;813.7
2025.10.30 15:32:00;Buy;0.04;META;655.024;0.04;2026.01.29 16:32:01;716.79;-2.4;-16.68;206.48
2025.08.12 18:23:09;Buy;0.02;META;791.6260000000001;0.02;2026.01.29 16:32:01;716.79;-1.2;-16.73;-125.09
2026.01.27 16:32:02;Buy;0.15;JNJ;222.82999999999998;0.15;2026.01.28 16:36:26;228.15;-2.86;-0.23;66.67
2026.01.15 16:32:03;Buy;0.05;LRCX;225.428;0.05;2026.01.27 18:31:48;238.5;-1;-0.95;54.59
2026.01.08 21:00:06;Buy;0.03;AMGN;331.29;0.03;2026.01.27 16:32:15;350.58;-0.88;-1.34;48.47
2026.01.14 17:00:56;Buy;0.15;JNJ;216.85999999999999;0.15;2026.01.27 16:32:01;221.91;-2.79;-3.03;63.45
2026.01.22 21:19:09;Sell;0.01;EURUSD;1.17425;0.01;2026.01.23 18:34:18;1.17682;-0.08;0.02;-2.18
2026.01.16 16:32:09;Buy;0.03;MU;361.95399999999995;0.03;2026.01.21 17:09:40;382.97;-0.98;-0.39;53.78
2026.01.13 20:00:02;Buy;0.03;MU;338.134;0.03;2026.01.16 16:32:02;357.82;-0.92;-0.21;50.85
2026.01.12 18:00:02;Buy;0.23;BKR;49.226;0.23;2026.01.15 21:03:52;52.1;-1.03;-0.24;56.91
2026.01.05 18:30:42;Buy;0.02;MCO;529.5980000000001;0.02;2026.01.15 17:23:18;542;-0.93;-0.78;21.38
2026.01.14 17:00:00;Buy;0.05;LRCX;209.756;0.05;2026.01.15 16:32:00;221.97;-0.96;-0.07;52.62
2025.12.02 17:00:02;Buy;0.81;KO;71.336;0.81;2026.01.14 22:00:00;71.644;-4.99;-17.35;21.44
2025.12.12 22:41:17;Buy;0.15;JNJ;211.716;0.15;2026.01.14 17:00:54;216.69;-2.79;-7.3;64.02
2025.12.22 17:00:00;Buy;0.28;JNJ;206.06799999999998;0.28;2026.01.13 17:00:00;210.546;-5.05;-9.04;107.49
2025.11.25 17:17:23;Buy;0.17;GOOG;327.696;0.17;2026.01.13 16:32:01;335.28;-4.89;-18.79;110.51
2025.11.25 16:42:57;Buy;0.17;GOOGL;327.34000000000003;0.17;2026.01.13 16:32:00;334.91;-4.88;-18.75;110.3
2026.01.06 19:40:31;Buy;0.14;AMZN;242.972;0.14;2026.01.12 21:40:51;248.65;-2.98;-1.47;68.11
2026.01.08 18:00:00;Buy;0.03;MU;325.004;0.03;2026.01.09 21:44:07;343.96;-0.89;-0.07;48.87
2026.01.08 17:00:00;Buy;0.05;LRCX;195.512;0.05;2026.01.09 16:36:16;206.91;-0.89;-0.07;48.96
2025.12.12 16:47:38;Buy;0.02;MA;572.116;0.02;2026.01.08 16:57:26;585.55;-1;-2.17;23.04
2026.01.02 17:00:01;Buy;0.1;MA;564.188;0.1;2026.01.07 21:00:02;584.082;-5;-2.01;170.28
2025.11.21 17:33:12;Buy;0.03;AMGN;338.842;0.03;2026.01.07 17:00:00;341.75600000000003;-0.88;-3.3;7.47
2025.12.29 19:00:00;Buy;0.02;ISRG;576.0419999999999;0.02;2026.01.07 17:00:00;596.286;-1.02;-0.72;34.61
2025.12.02 18:00:33;Buy;0.14;AMZN;237.44000000000003;0.14;2026.01.06 19:40:30;242.95;-2.91;-7.99;65.96
2025.12.09 17:00:01;Buy;0.06;QCOM;173.364;0.06;2026.01.06 16:56:33;183.45;-0.94;-2.06;51.67
2025.12.15 18:46:53;Sell;0.1;EURUSD;1.1753620000000002;0.1;2026.01.06 13:28:50;1.17089;-0.8;4.2;38.19
2026.01.02 17:00:09;Buy;0.11;MCO;505.208;0.11;2026.01.05 19:00:00;529.9480000000001;-4.98;-1.17;232.3
2025.12.23 22:06:01;Buy;0.02;MCO;515.93;0.02;2026.01.05 17:47:14;528.09;-0.9;-0.92;20.79
2025.12.08 14:04:11;Buy;0.1;BTCUSD;91857.4284;0.1;2026.01.05 17:44:12;93789.69320000001;-24.06;-97.63;165.21
2025.12.08 14:04:03;Buy;0.1;BTCUSD;91875.33840000001;0.1;2026.01.05 17:44:11;93781.02880000001;-24.05;-97.63;162.93
2025.12.08 14:03:42;Buy;0.01;BTCUSD;91867.23799999998;0.01;2026.01.05 17:44:10;93765.3924;-2.41;-9.75;16.23
2025.12.02 17:00:00;Buy;0.23;BKR;48.8;0.23;2026.01.05 17:42:13;49.868;-0.98;-2.56;21
2025.12.31 18:00:02;Buy;1.06;BAC;55.066;1.06;2026.01.05 17:42:02;57.374;-5.2;-2.09;209.17
2025.12.23 20:17:37;Buy;0.1;JPM;327.43399999999997;0.1;2026.01.05 17:03:53;335.14;-2.87;-3;65.9
2025.12.15 16:32:03;Buy;0.5;BAC;55.582;0.5;2026.01.05 16:38:39;56.89;-2.44;-4.16;56.01
2025.12.29 20:00:00;Buy;0.06;LRCX;175.454;0.06;2026.01.02 22:44:38;185.76;-0.95;-0.28;52.77
2026.01.02 16:41:53;Buy;0.03;MU;304.65200000000004;0.03;2026.01.02 22:00:00;313.806;-0.8;;23.42
2025.12.31 17:00:00;Buy;0.04;MU;287.53000000000003;0.04;2026.01.02 16:41:51;304.39;-1.04;-0.16;57.51
2025.12.31 23:59:59;Deal Interestrate;;;;;;;;;176.67
2025.12.11 22:00:30;Buy;0.2;WFC;93.352;0.2;2025.12.24 17:21:28;95.54;-1.62;-1.71;37.14
2025.12.17 16:51:30;Buy;0.02;MCO;503.61400000000003;0.02;2025.12.23 22:05:50;515.44;-0.87;-0.42;20.06
2025.11.10 16:37:31;Buy;0.1;JPM;319.886;0.1;2025.12.23 20:17:22;327.3;-2.7800000000000002;-9.59;62.98
2025.12.17 18:00:00;Buy;0.19;GOOG;299.096;0.19;2025.12.23 17:00:01;314.83;-5.08;-2.48;254.01
2025.12.17 18:00:00;Buy;0.19;GOOGL;297.69000000000005;0.19;2025.12.23 17:00:00;313.438;-5.06;-2.4699999999999998;254.23
2025.12.01 20:55:01;Buy;0.02;ISRG;571.172;0.02;2025.12.22 19:00:03;581.0279999999999;-0.99;-1.6800000000000002;16.77
2025.12.16 22:01:33;Buy;0.1;TSLA;486.752;0.1;2025.12.22 16:50:40;498.2;-4.24;-2.05;97.32
2025.12.12 17:00:01;Buy;0.04;MU;249.20200000000003;0.04;2025.12.19 16:42:20;263.83;-0.9;-0.48;49.87
2025.12.11 17:00:01;Buy;0.07;LRCX;161.02;0.07;2025.12.19 16:35:03;170.47;-1.02;-0.64;56.39
2025.10.30 16:30:00;Buy;0.13;TSLA;444.53999999999996;0.13;2025.12.18 16:32:03;480.09000000000003;-5.32;-19.9;393.65
2025.09.18 19:00:01;Buy;0.11;MCO;498.262;0.11;2025.12.17 17:05:26;501.688;-4.7;-34.24;32.1
2025.11.26 17:24:28;Buy;0.02;MCO;490.82599999999996;0.02;2025.12.17 16:51:23;502.2;-0.86;-1.47;19.37
2025.12.15 16:32:01;Buy;0.1;TSLA;475.31;0.1;2025.12.16 22:01:32;486.48;-4.14;-0.34;94.97
2025.12.16 08:45:32;;;;;;;;;;
2025.12.08 18:00:00;Buy;0.11;BRKb;494.04600000000005;0.11;2025.12.15 17:00:00;504.638;-4.72;-2.7199999999999998;99.04
2025.11.12 21:12:47;Buy;0.5;BAC;54.116;0.5;2025.12.15 16:32:01;55.37;-2.36;-6.29;53.35
2025.12.05 16:32:02;Buy;0.1;TSLA;455.592;0.1;2025.12.15 16:32:00;466.21;-3.9699999999999998;-3.23;90.35
2025.12.01 20:55:07;Buy;0.15;JNJ;206.87800000000001;0.15;2025.12.12 22:41:16;211.68;-2.7;-2.4;61.34
2025.12.04 16:32:05;Buy;0.02;MA;558.16;0.02;2025.12.12 16:47:38;571.19;-0.97;-0.63;22.2
2025.10.29 16:00:00;Buy;0.1;MA;566.6540000000001;0.1;2025.12.12 16:41:16;568.522;-4.84;-17.29;15.91
2025.12.11 17:07:08;Buy;0.2;WFC;91.156;0.2;2025.12.11 22:00:28;93.3;-1.5899999999999999;;36.52
2025.12.03 22:38:32;Buy;0.2;WFC;89.086;0.2;2025.12.11 17:07:03;91.16;-1.55;-1.04;35.33
2025.12.01 16:32:01;Buy;0.14;CTSH;77.968;0.14;2025.12.10 21:53:27;82.5;-0.99;-0.72;54.39
2025.12.01 22:00:00;Buy;0.03;AVGO;386.57800000000003;0.03;2025.12.10 21:07:19;409.01;-1.05;-0.75;57.65
2025.12.09 08:45:42;;;;;;;;;;
2025.12.09 08:45:42;;;;;;;;;;
2025.12.09 08:45:42;;;;;;;;;;
2025.12.04 17:00:00;Buy;0.07;LRCX;155.294;0.07;2025.12.08 17:08:15;164.35;-0.99;-0.32;54.49
2025.12.03 19:00:01;Buy;0.05;MU;233.244;0.05;2025.12.08 16:33:14;246.84;-1.06;-0.41;58.35
2025.12.06 08:46:05;;;;;;;;;;
2025.12.03 20:49:15;Buy;0.1;TSLA;444.504;0.1;2025.12.05 16:32:00;454.88;-3.91;-0.65;89.07
2025.11.21 17:31:18;Buy;0.02;MA;542.4699999999999;0.02;2025.12.04 16:32:02;554.96;-0.95;-1.03;21.4
2025.10.27 16:01:07;Buy;0.2;WFC;87.066;0.2;2025.12.03 22:38:31;89.08;-1.53;-4.52;34.52
2025.11.13 17:44:05;Buy;0.1;TSLA;406.606;0.1;2025.12.03 20:49:13;444.41;-3.81;-5.9399999999999995;323.83
2025.11.05 20:54:50;Buy;0.1;TSLA;461.988;0.1;2025.12.03 20:49:13;444.41;-3.81;-8.48;-150.58
2025.12.01 22:08:39;Buy;0.11;AAPL;281.752;0.11;2025.12.03 16:39:03;288.29;-2.7199999999999998;-0.45;61.66
2025.11.21 16:45:09;Buy;0.14;AMZN;216.336;0.14;2025.12.02 18:00:32;237.27;-2.86;-2.5300000000000002;252.49
2025.11.05 16:32:01;Buy;0.14;AMZN;247.526;0.14;2025.12.02 18:00:32;237.27;-2.86;-6.37;-123.7
2025.12.02 08:45:44;;;;;;;;;;
2025.10.31 15:32:02;Buy;0.11;AAPL;275.334;0.11;2025.12.01 22:08:38;281.71;-2.67;-6.68;60.42
2025.11.20 16:47:06;Buy;0.15;JNJ;203.72;0.15;2025.12.01 20:55:07;206.812;-2.67;-2.43;39.93
2025.11.07 17:37:51;Buy;0.68;WFC;85.224;0.68;2025.12.01 20:55:05;85.564;-5.01;-9.97;19.91
2025.11.21 17:32:50;Buy;0.07;QCOM;160.49800000000002;0.07;2025.12.01 20:55:03;168.854;-1.02;-0.82;50.36
2025.11.21 17:33:00;Buy;0.02;ISRG;555.4240000000001;0.02;2025.12.01 20:55:01;570.168;-0.98;-0.81;25.39
2025.11.21 18:00:04;Buy;0.13;EW;84.75999999999999;0.13;2025.12.01 20:54:58;85.78599999999999;-0.96;-0.8;11.49
2025.11.21 17:33:02;Buy;0.23;BKR;48.534;0.23;2025.12.01 20:54:57;50.334;-1;-0.81;35.64
2025.11.30 23:59:59;Deal Interestrate;;;;;;;;;167.23
2025.11.17 21:00:03;Buy;1.11;BAC;51.926;1.11;2025.11.28 17:00:03;53.464;-5.12;-4.57;147.37
2025.11.24 16:36:00;Buy;0.05;MU;221.056;0.05;2025.11.28 16:32:00;233.8;-1.01;-0.32;55.06
2025.11.24 16:32:33;Buy;0.07;LRCX;146.218;0.07;2025.11.26 18:01:01;154.64;-0.93;-0.16;50.86
2025.11.21 17:31:49;Buy;0.02;MCO;478.33599999999996;0.02;2025.11.26 17:24:27;489.35;-0.84;-0.35;19.01
2025.11.21 17:25:31;Buy;0.05;META;589.042;0.05;2025.11.26 16:40:49;632.912;-2.73;-1.09;189.52
2025.11.21 17:32:42;Buy;0.03;ADSK;290.65000000000003;0.03;2025.11.26 16:32:00;307.38;-0.8;-0.31;43.4
2025.11.26 08:45:44;;;;;;;;;;
2025.11.25 16:32:33;Buy;0.17;GOOG;320.152;0.17;2025.11.25 17:17:20;327.55;-4.8100000000000005;;108.69
2025.11.25 16:32:33;Buy;0.17;GOOGL;319.76000000000005;0.17;2025.11.25 16:42:56;327.15;-4.8100000000000005;;108.65
2025.11.24 16:32:33;Buy;0.17;GOOG;313.37399999999997;0.17;2025.11.25 16:32:02;320.6;-4.72;-0.39;106.28
2025.11.24 16:32:33;Buy;0.17;GOOGL;313.53800000000007;0.17;2025.11.25 16:32:01;320.77;-4.72;-0.39;106.37
2025.11.24 16:34:05;Buy;0.03;AVGO;355.70199999999994;0.03;2025.11.24 18:29:00;372.634;-0.97;;44.09
2025.11.21 20:48:20;Buy;0.05;MU;208.368;0.05;2025.11.24 16:35:49;220.35;-0.96;-0.23;51.94
2025.11.21 17:32:55;Buy;0.03;AVGO;335.912;0.03;2025.11.24 16:34:04;355.24;-0.92;-0.22;50.28
2025.11.21 17:32:51;Buy;0.08;LRCX;137.096;0.08;2025.11.24 16:32:01;144.98;-1.01;-0.25;54.7
2025.11.19 16:51:16;Buy;0.17;GOOGL;300.63000000000005;0.17;2025.11.24 16:32:00;307.58;-4.54;-1.83;102.47
2025.11.19 16:51:11;Buy;0.17;GOOG;301.17199999999997;0.17;2025.11.24 16:32:00;308.14;-4.54;-1.83;102.74
2025.11.22 08:45:44;;;;;;;;;;
2025.11.21 17:32:53;Buy;0.05;MU;196.092;0.05;2025.11.21 20:48:19;207.38;-0.9;;49.05
2025.11.21 16:45:45;Buy;0.01;ADSK;289.322;0.01;2025.11.21 17:31:13;288.824;-0.25;;-0.43
2025.11.21 16:46:14;Buy;0.01;AMGN;339.44199999999995;0.01;2025.11.21 17:31:12;338.602;-0.29;;-0.73
2025.11.21 16:46:04;Buy;0.01;AVGO;344.66599999999994;0.01;2025.11.21 17:31:12;334.488;-0.29;;-8.84
2025.11.21 16:46:06;Buy;0.01;BKR;48.322;0.01;2025.11.21 17:31:11;48.406;-0.04;;0.07
2025.11.21 16:46:15;Buy;0.01;COR;364.30600000000004;0.01;2025.11.21 17:31:11;364.19599999999997;-0.32;;-0.1
2025.11.21 16:46:14;Buy;0.01;EW;84.978;0.01;2025.11.21 17:31:10;84.938;-0.07;;-0.03
2025.11.21 16:46:16;Buy;0.01;ISRG;554.328;0.01;2025.11.21 17:31:10;551.478;-0.48;;-2.48
2025.11.21 16:46:00;Buy;0.01;LRCX;136.82;0.01;2025.11.21 17:31:10;136.73;-0.12;;-0.08
2025.11.21 16:46:02;Buy;0.01;MU;202.236;0.01;2025.11.21 17:31:09;195.54199999999997;-0.17;;-5.8100000000000005
2025.11.21 16:45:59;Buy;0.01;QCOM;160.79200000000003;0.01;2025.11.21 17:31:09;159.97800000000004;-0.14;;-0.7
2025.07.23 18:05:05;Buy;0.01;MCO;516.98;0.01;2025.11.21 17:31:07;475.504;-0.41;-4.33;-36.03
2025.08.28 15:35:25;Buy;0.02;MA;592.7840000000001;0.02;2025.11.21 17:31:07;541.022;-0.94;-6.86;-89.93
2025.11.21 16:46:11;Buy;0.01;ABBV;234.092;0.01;2025.11.21 17:31:06;233.482;-0.2;;-0.53
2025.11.21 16:45:34;Buy;0.01;ADSK;290.28799999999995;0.01;2025.11.21 16:45:47;287.728;-0.25;;-2.22
2025.11.21 08:45:47;;;;;;;;;;
2025.11.17 17:16:57;Buy;0.15;JNJ;198.96400000000003;0.15;2025.11.20 16:47:04;203.57;-2.65;-0.66;59.86
2025.11.17 16:52:13;Buy;0.17;GOOGL;293.712;0.17;2025.11.19 16:51:15;300.52;-4.42;-0.7;100.12
2025.11.17 16:52:10;Buy;0.17;GOOG;294.256;0.17;2025.11.19 16:51:10;301.08;-4.43;-0.7;100.35
2025.10.20 20:05:51;Buy;0.15;JNJ;194.396;0.15;2025.11.17 17:16:56;198.9;-2.58;-5.72;58.31
2025.10.30 15:32:01;Buy;0.17;GOOGL;286.998;0.17;2025.11.17 16:52:11;293.65;-4.31;-6.21;97.59
2025.10.30 15:32:02;Buy;0.17;GOOG;287.434;0.17;2025.11.17 16:52:08;294.1;-4.32;-6.23;97.8
2025.11.13 08:45:45;;;;;;;;;;
2025.10.29 17:52:37;Buy;0.5;BAC;52.986;0.5;2025.11.12 16:38:21;54.22;-2.34;-2.68;53.34
2025.10.28 16:00:01;Buy;0.3;JNJ;187.98999999999998;0.3;2025.11.11 18:00:01;190.13199999999998;-4.92;-5.67;55.42
2025.11.11 08:45:46;;;;;;;;;;
2025.09.19 16:40:50;Buy;0.1;JPM;312.07800000000003;0.1;2025.11.10 16:37:30;319.36;-2.76;-11.44;62.97
2025.11.08 08:45:45;;;;;;;;;;
2025.10.15 16:16:41;Buy;0.11;BRKb;495.134;0.11;2025.11.07 17:37:59;496.82;-4.72;-8.86;16.01
2025.10.29 18:00:00;Buy;0.85;KO;68.376;0.85;2025.11.07 17:37:50;70.384;-5.16;-3.79;147.27
2025.11.05 16:32:00;Buy;0.1;TSLA;451.34;0.1;2025.11.05 20:54:49;461.71;-4.02;;90.33
2025.10.01 19:39:00;Buy;0.1;TSLA;460.048;0.1;2025.11.03 16:52:56;470.78;-4.09;-10.37;93.24
2025.10.31 15:32:02;Buy;0.14;AMZN;249.51399999999998;0.14;2025.11.03 16:32:00;255.28;-3.11;-0.74;70.16
2025.10.31 23:59:59;Deal Interestrate;;;;;;;;;182.52
2025.09.04 21:54:09;Buy;0.14;AMZN;235.712;0.14;2025.10.31 15:32:01;241.21;-2.92;-12.76;66.66
2025.10.29 17:52:35;Buy;0.11;AAPL;268.09799999999996;0.11;2025.10.31 15:32:01;274.35;-2.61;-0.43;59.56
2025.10.29 17:50:27;Buy;0.17;GOOG;272.54799999999994;0.17;2025.10.30 15:32:00;278.9;-4.1;-0.34;93.33
2025.10.29 17:52:34;Buy;0.17;GOOGL;271.74800000000005;0.17;2025.10.30 15:32:00;278.09;-4.09;-0.34;93.18
2025.10.27 16:01:07;Buy;0.5;BAC;52.786;0.5;2025.10.29 17:52:37;52.964;-2.27;-0.38;7.63
2025.10.27 16:01:08;Buy;0.11;AAPL;266.33000000000004;0.11;2025.10.29 17:52:35;268.058;-2.5300000000000002;-0.42;16.3
2025.10.27 15:32:01;Buy;0.17;GOOGL;265.76800000000003;0.17;2025.10.29 17:52:34;271.68199999999996;-3.96;-0.66;86.22
2025.10.27 15:32:05;Buy;0.17;GOOG;266.29200000000003;0.17;2025.10.29 17:50:25;272.49;-3.9699999999999998;-0.66;90.36
2025.10.08 15:39:20;Buy;0.04;UNH;368.83;0.04;2025.10.28 19:07:41;377.43;-1.29;-2.04;29.5
2025.10.20 17:00:33;Buy;0.11;AAPL;261.90599999999995;0.11;2025.10.27 16:01:07;266.25199999999995;-2.52;-1.44;41.09
2025.09.23 16:02:10;Buy;0.2;WFC;86.668;0.2;2025.10.27 16:01:07;87.054;-1.5;-3.99;6.63
2025.09.19 16:40:50;Buy;0.5;BAC;52.166;0.5;2025.10.27 16:01:07;52.764;-2.27;-6.95;25.7
2025.10.24 15:42:24;Buy;0.17;GOOG;260.076;0.17;2025.10.27 15:32:04;266.13;-3.89;-0.95;88.44
2025.10.24 15:42:20;Buy;0.17;GOOGL;259.04;0.17;2025.10.27 15:32:01;265.07;-3.87;-0.95;88.08
2025.10.23 16:19:30;Buy;0.17;GOOG;254.06000000000003;0.17;2025.10.24 15:42:23;259.96;-3.8;-0.31;86.2
2025.10.23 16:19:30;Buy;0.17;GOOGL;253.124;0.17;2025.10.24 15:42:18;259;-3.7800000000000002;-0.31;85.84
2025.10.09 15:34:58;Buy;0.13;TSLA;432.02799999999996;0.13;2025.10.23 19:26:24;446.53400000000005;-5;-5.65;162.47
2025.10.15 15:49:46;Buy;0.08;META;717.78;0.08;2025.10.23 16:19:30;739.6080000000001;-5.1;-3.31;150.36
2025.10.09 19:00:01;Buy;0.1;MA;568.31;0.1;2025.10.23 16:19:30;571.742;-4.92;-5.64;29.55
2025.10.02 16:00:00;Buy;1.16;BAC;50.476;1.16;2025.10.23 16:19:30;51.274;-5.12;-8.8;79.71
2025.09.19 16:40:50;Buy;0.17;GOOGL;252.518;0.17;2025.10.23 16:19:30;253.046;-3.7;-10.21;7.73
2025.09.19 16:40:50;Buy;0.17;GOOG;252.902;0.17;2025.10.23 16:19:30;253.92999999999998;-3.7199999999999998;-10.25;15.05
2025.10.16 18:00:01;Buy;0.17;V;339.10600000000005;0.17;2025.10.22 17:38:57;346.77;-5.08;-2.5;112.18
2025.10.13 15:32:01;Buy;0.11;MSFT;514.702;0.11;2025.10.22 17:00:01;524.6480000000001;-4.97;-3.65;94.22
2025.08.25 20:00:01;Buy;0.84;KO;69.116;0.84;2025.10.21 16:00:00;71.064;-5.14;-22.93;140.9
2025.10.08 21:01:14;Buy;0.15;JNJ;189.914;0.15;2025.10.20 20:05:47;194.34;-2.5;-2.49;57.02
2025.09.22 17:26:46;Buy;0.11;AAPL;255.852;0.11;2025.10.20 17:00:31;261.82;-2.4699999999999998;-5.57;56.33
2025.10.10 18:00:00;Buy;0.23;AAPL;248.844;0.23;2025.10.20 16:00:00;258.884;-5.11;-4.09;198.22
2025.09.25 16:00:00;Buy;0.24;GOOGL;242.694;0.24;2025.10.16 16:00:00;254.3;-5.24;-8.78;238.92
2025.10.10 18:00:02;Buy;0.11;BRKb;491.92800000000005;0.11;2025.10.15 16:00:01;494.96999999999997;-4.68;-1.94;28.77
2025.09.30 19:00:03;Buy;0.71;WFC;82.776;0.71;2025.10.14 17:00:01;83.778;-5.13;-5.6899999999999995;61.35
2025.09.25 16:00:01;Buy;0.23;GOOG;243.51;0.23;2025.10.13 19:59:06;243.922;-4.85;-7.22;8.19
2025.09.30 16:00:00;Buy;0.08;META;729.948;0.08;2025.10.10 15:32:03;732.712;-5.07;-4.1;19.12
2025.10.10 08:45:33;;;;;;;;;;
2025.10.07 15:32:01;Buy;0.15;JNJ;185.51799999999997;0.15;2025.10.08 21:01:14;189.832;-2.45;-0.2;55.67
2025.09.23 16:00:00;Buy;0.26;AMZN;221.582;0.26;2025.10.08 20:00:00;226.402;-5.07;-6.12;107.96
2025.10.07 15:32:02;Buy;0.04;UNH;360.092;0.04;2025.10.08 15:39:19;368.49;-1.27;-0.1;28.87
2025.09.09 18:00:02;Buy;0.11;BRKb;492.684;0.11;2025.10.08 15:32:01;502.03000000000003;-4.75;-11.21;88.38
2025.10.07 08:45:24;;;;;;;;;;
2025.09.11 16:31:18;Buy;0.04;UNH;354.502;0.04;2025.10.03 16:07:10;362.82;-1.23;-2.17;28.3
2025.09.30 15:59:31;Buy;0.15;JNJ;183.116;0.15;2025.10.03 15:32:46;187.41;-2.39;-0.6;54.87
2025.09.23 18:00:03;Buy;0.1;MA;576.332;0.1;2025.10.02 21:00:00;579.2000000000002;-4.9399999999999995;-3.63;24.47
2025.09.29 15:32:01;Buy;0.1;TSLA;449.376;0.1;2025.10.01 19:38:59;459.93;-3.92;-0.63;90
2025.09.25 16:00:01;Buy;0.17;V;335.904;0.17;2025.10.01 16:00:01;346.386;-5.01;-2.45;151.58
2025.09.30 23:59:59;Deal Interestrate;;;;;;;;;182.66
2025.08.20 15:34:39;Buy;0.08;JNJ;178.92000000000002;0.08;2025.09.30 15:59:30;183.07;-1.25;-4.12;28.3
2025.09.22 15:35:56;Buy;0.1;TSLA;437.00600000000003;0.1;2025.09.29 15:32:00;447.3;-3.81;-2.16;87.65
2025.09.23 16:01:35;Buy;0.2;WFC;86.628;0.2;2025.09.23 16:02:10;86.602;-1.47;;-0.44
2025.09.23 15:58:26;Buy;0.2;WFC;86.582;0.2;2025.09.23 16:01:35;86.562;-1.47;;-0.34
2025.09.23 15:57:55;Buy;0.2;WFC;86.536;0.2;2025.09.23 15:58:26;86.538;-1.47;;0.03
2025.09.23 15:49:10;Buy;0.2;WFC;86.502;0.2;2025.09.23 15:57:55;86.514;-1.47;;0.2
2025.09.23 15:48:33;Buy;0.2;WFC;86.468;0.2;2025.09.23 15:49:10;86.458;-1.47;;-0.17
2025.09.23 15:44:21;Buy;0.2;WFC;86.43400000000001;0.2;2025.09.23 15:48:33;86.402;-1.47;;-0.54
2025.09.23 15:44:08;Buy;0.2;WFC;86.308;0.2;2025.09.23 15:44:20;86.326;-1.46;;0.31
2025.09.23 15:41:19;Buy;0.2;WFC;86.23400000000001;0.2;2025.09.23 15:44:08;86.242;-1.46;;0.14
2025.09.23 15:40:10;Buy;0.2;WFC;86.146;0.2;2025.09.23 15:41:19;86.12599999999999;-1.46;;-0.34
2025.09.23 15:39:26;Buy;0.2;WFC;86.078;0.2;2025.09.23 15:40:10;86.124;-1.46;;0.78
2025.09.23 15:38:29;Buy;0.2;WFC;86.02399999999999;0.2;2025.09.23 15:39:26;86.012;-1.46;;-0.2
2025.09.23 15:38:02;Buy;0.2;WFC;85.958;0.2;2025.09.23 15:38:29;85.91600000000001;-1.46;;-0.71
2025.09.23 15:37:56;Buy;0.2;WFC;85.906;0.2;2025.09.23 15:38:02;85.892;-1.46;;-0.24
2025.09.23 15:36:22;Buy;0.2;WFC;85.85399999999998;0.2;2025.09.23 15:37:56;85.884;-1.46;;0.51
2025.09.23 15:34:34;Buy;0.2;WFC;85.766;0.2;2025.09.23 15:36:22;85.74600000000001;-1.45;;-0.34
2025.09.23 15:33:37;Buy;0.2;WFC;85.658;0.2;2025.09.23 15:34:34;85.624;-1.45;;-0.58
2025.09.23 15:33:32;Buy;0.2;WFC;85.602;0.2;2025.09.23 15:33:37;85.592;-1.45;;-0.17
2025.09.23 15:33:22;Buy;0.2;WFC;85.528;0.2;2025.09.23 15:33:32;85.55799999999999;-1.45;;0.51
2025.09.23 15:33:06;Buy;0.2;WFC;85.464;0.2;2025.09.23 15:33:22;85.462;-1.45;;-0.03
2025.09.22 21:54:31;Buy;0.2;WFC;85.266;0.2;2025.09.23 15:33:06;85.36600000000001;-1.45;-0.12;1.7
2025.09.23 08:45:41;;;;;;;;;;
2025.09.22 21:52:31;Buy;0.2;WFC;85.256;0.2;2025.09.22 21:54:31;85.244;-1.44;;-0.2
2025.09.22 21:52:02;Buy;0.2;WFC;85.206;0.2;2025.09.22 21:52:31;85.234;-1.44;;0.47
2025.09.22 21:51:51;Buy;0.2;WFC;85.196;0.2;2025.09.22 21:52:02;85.184;-1.44;;-0.2
2025.09.22 21:51:20;Buy;0.2;WFC;85.166;0.2;2025.09.22 21:51:51;85.174;-1.44;;0.14
2025.09.22 21:50:47;Buy;0.2;WFC;85.156;0.2;2025.09.22 21:51:20;85.144;-1.44;;-0.2
2025.09.22 21:50:33;Buy;0.2;WFC;85.156;0.2;2025.09.22 21:50:47;85.134;-1.44;;-0.37
2025.09.22 21:45:17;Buy;0.2;WFC;85.146;0.2;2025.09.22 21:50:33;85.134;-1.44;;-0.2
2025.09.22 21:42:42;Buy;0.2;WFC;85.136;0.2;2025.09.22 21:45:17;85.124;-1.44;;-0.2
2025.09.22 21:42:30;Buy;0.2;WFC;85.106;0.2;2025.09.22 21:42:42;85.114;-1.44;;0.14
2025.09.22 21:42:25;Buy;0.2;WFC;85.066;0.2;2025.09.22 21:42:30;85.084;-1.44;;0.31
2025.09.22 21:39:58;Buy;0.2;WFC;85.026;0.2;2025.09.22 21:42:25;85.044;-1.44;;0.31
2025.09.22 21:39:32;Buy;0.2;WFC;85.016;0.2;2025.09.22 21:39:58;85.004;-1.44;;-0.2
2025.09.22 21:38:58;Buy;0.2;WFC;84.976;0.2;2025.09.22 21:39:31;84.994;-1.44;;0.31
2025.09.19 21:51:36;Buy;0.2;WFC;84.926;0.2;2025.09.22 21:38:58;84.954;-1.44;-0.36;0.47
2025.09.22 15:32:01;Buy;0.11;AAPL;249.956;0.11;2025.09.22 17:26:44;255.85;-2.39;;55.07
2025.09.19 16:40:50;Buy;0.1;TSLA;426.89000000000004;0.1;2025.09.22 15:35:55;436.94;-3.71;-0.91;85.32
2025.09.19 16:40:50;Buy;0.11;AAPL;241.692;0.11;2025.09.22 15:32:00;247.38;-2.31;-0.57;53.11
2025.09.19 21:47:55;Buy;0.2;WFC;84.886;0.2;2025.09.19 21:51:36;84.904;-1.45;;0.31
2025.09.19 21:38:36;Buy;0.2;WFC;84.836;0.2;2025.09.19 21:47:54;84.864;-1.44;;0.48
2025.09.19 21:37:30;Buy;0.2;WFC;84.826;0.2;2025.09.19 21:38:36;84.814;-1.44;;-0.2
2025.09.19 21:37:26;Buy;0.2;WFC;84.786;0.2;2025.09.19 21:37:30;84.804;-1.44;;0.31
2025.09.19 21:37:21;Buy;0.2;WFC;84.756;0.2;2025.09.19 21:37:26;84.764;-1.44;;0.14
2025.09.19 21:37:11;Buy;0.2;WFC;84.726;0.2;2025.09.19 21:37:20;84.734;-1.44;;0.14
2025.09.19 21:34:03;Buy;0.2;WFC;84.686;0.2;2025.09.19 21:37:10;84.704;-1.44;;0.31
2025.09.19 21:32:45;Buy;0.2;WFC;84.666;0.2;2025.09.19 21:34:03;84.664;-1.44;;-0.03
2025.09.19 21:32:00;Buy;0.2;WFC;84.656;0.2;2025.09.19 21:32:44;84.644;-1.44;;-0.2
2025.09.19 21:27:43;Buy;0.2;WFC;84.636;0.2;2025.09.19 21:32:00;84.634;-1.44;;-0.03
2025.09.19 21:27:31;Buy;0.2;WFC;84.596;0.2;2025.09.19 21:27:42;84.614;-1.44;;0.31
2025.09.19 21:20:38;Buy;0.2;WFC;84.566;0.2;2025.09.19 21:27:31;84.574;-1.44;;0.14
2025.09.19 21:11:00;Buy;0.2;WFC;84.516;0.2;2025.09.19 21:20:38;84.544;-1.44;;0.48
2025.09.19 21:01:42;Buy;0.2;WFC;84.496;0.2;2025.09.19 21:11:00;84.494;-1.44;;-0.03
2025.09.19 20:15:57;Buy;0.2;WFC;84.482;0.2;2025.09.19 21:01:42;84.474;-1.44;;-0.14
2025.09.19 20:14:38;Buy;0.2;WFC;84.456;0.2;2025.09.19 20:15:57;84.438;-1.44;;-0.31
2025.09.19 20:11:09;Buy;0.2;WFC;84.446;0.2;2025.09.19 20:14:38;84.434;-1.44;;-0.2
2025.09.19 18:35:32;Buy;0.2;WFC;84.436;0.2;2025.09.19 20:11:09;84.424;-1.44;;-0.2
2025.09.19 18:35:17;Buy;0.2;WFC;84.436;0.2;2025.09.19 18:35:28;84.418;-1.44;;-0.31
2025.09.19 18:25:01;Buy;0.2;WFC;84.406;0.2;2025.09.19 18:35:17;84.414;-1.44;;0.14
2025.09.19 18:23:46;Buy;0.2;WFC;84.386;0.2;2025.09.19 18:25:01;84.384;-1.44;;-0.03
2025.07.24 15:43:14;Buy;0.1;WFC;83.982;0.1;2025.09.19 18:23:46;84.364;-0.72;-3.35;3.25
2025.09.18 21:00:02;Buy;0.33;JNJ;174.902;0.33;2025.09.19 16:40:50;175.586;-4.92;-0.41;19.18
2025.09.18 15:49:05;Buy;0.5;BAC;51.646;0.5;2025.09.19 16:40:50;52.144;-2.22;-0.18;21.16
2025.09.16 17:45:59;Buy;0.1;JPM;307.808;0.1;2025.09.19 16:40:50;311.772;-2.65;-0.66;33.69
2025.09.16 17:45:58;Buy;0.11;AAPL;239.008;0.11;2025.09.19 16:40:50;241.648;-2.26;-0.55;24.68
2025.09.15 16:12:05;Buy;0.17;GOOGL;252.382;0.17;2025.09.19 16:40:50;252.472;-3.65;-1.2;1.3
2025.09.15 16:12:03;Buy;0.17;GOOG;252.698;0.17;2025.09.19 16:40:50;252.858;-3.65;-1.2;2.31
2025.09.15 15:32:01;Buy;0.1;TSLA;424.316;0.1;2025.09.19 16:40:50;426.60999999999996;-3.63;-1.18;19.5
2025.09.16 17:45:59;Buy;0.5;BAC;50.446;0.5;2025.09.18 15:49:03;51.64;-2.2;-0.36;50.76
2025.09.05 18:00:00;Buy;0.17;V;342.788;0.17;2025.09.18 15:32:01;343.75800000000004;-4.96;-5.35;13.99
2025.09.12 19:09:50;Buy;0.1;JPM;306.812;0.1;2025.09.16 17:45:58;307.682;-2.6;-0.87;7.35
2025.09.10 16:08:02;Sell;0.01;AUDCHF;0.52827;0.01;2025.09.16 17:45:58;0.525954;-0.05;-0.59;2.49
2025.09.10 15:53:57;Buy;0.01;GBPAUD;2.0448;0.01;2025.09.16 17:45:58;2.0453400000000004;-0.09;-0.23;0.3
2025.09.03 17:25:30;Buy;0.11;AAPL;236.062;0.11;2025.09.16 17:45:58;238.942;-2.22;-2.4;26.76
2025.08.28 15:35:25;Buy;0.5;BAC;50.396;0.5;2025.09.16 17:45:58;50.424;-2.13;-3.41;1.18
2025.09.12 20:00:00;Buy;0.25;AMZN;227.362;0.25;2025.09.16 16:00:08;232.692;-4.92;-1.62;112.69
2025.09.10 16:00:01;Buy;0.25;AAPL;229.57399999999998;0.25;2025.09.16 16:00:01;240.34200000000004;-5.08;-2.48;227.67
2025.09.16 08:45:43;;;;;;;;;;
2025.09.16 08:45:43;;;;;;;;;;
2025.09.15 15:32:03;Buy;0.17;GOOG;246.81000000000003;0.17;2025.09.15 16:12:02;252.61;-3.65;;83.88
2025.09.15 15:32:01;Buy;0.17;GOOGL;246.516;0.17;2025.09.15 16:12:01;252.31;-3.65;;83.79
2025.09.10 16:15:25;Buy;0.17;GOOG;241.036;0.17;2025.09.15 15:32:01;246.69;-3.57;-1.45;81.74
2025.09.09 21:33:25;Buy;0.17;GOOGL;240.346;0.17;2025.09.15 15:32:00;245.97;-3.56;-1.74;81.3
2025.09.12 16:26:28;Buy;0.1;TSLA;391.01200000000006;0.1;2025.09.15 15:32:00;400.18;-3.4;-0.84;77.96
2025.08.28 15:35:25;Buy;0.1;JPM;299.68800000000005;0.1;2025.09.12 19:09:39;306.68;-2.61;-3.18;59.59
2025.09.12 15:51:02;Buy;0.1;TSLA;381.726;0.1;2025.09.12 16:26:26;390.67;-3.33;;76.29
2025.09.05 17:00:00;Buy;0.11;MSFT;495.394;0.11;2025.09.12 16:00:00;507.762;-4.77;-2.7199999999999998;116.15
2025.09.12 15:32:03;Buy;0.1;TSLA;372.824;0.1;2025.09.12 15:51:00;381.56;-3.26;;74.59
2025.09.11 17:13:33;Buy;0.1;TSLA;362.614;0.1;2025.09.12 15:32:01;371.12;-3.17;-0.26;72.62
2025.09.05 20:00:03;Buy;0.1;MA;580.33;0.1;2025.09.11 19:33:25;587.3760000000001;-5;-2.5;60.03
2025.09.02 16:00:01;Buy;0.11;MCO;504.2459999999999;0.11;2025.09.11 19:00:00;515.492;-4.83;-3.54;105.4
2025.09.10 15:33:16;Buy;0.16;TSLA;350.62;0.16;2025.09.11 18:04:36;361.588;-4.93;-0.4;149.53
2025.08.27 15:32:00;Buy;0.05;TSLA;354.084;0.05;2025.09.11 17:13:32;362.3;-1.54;-1.8199999999999998;35.01
2025.09.09 18:37:54;Buy;0.04;UNH;346.29600000000005;0.04;2025.09.11 16:31:18;354.42;-1.21;-0.2;27.7
2025.09.05 15:44:48;Buy;0.17;GOOG;235.45399999999998;0.17;2025.09.10 16:15:23;240.98;-3.49;-1.42;80.12
2025.09.03 19:00:55;Sell;0.01;USDCHF;0.803192;0.01;2025.09.10 11:30:06;0.797128;-0.07;-1.19;6.49
2025.09.03 19:00:45;Sell;0.01;GBPUSD;1.3450819999999999;0.01;2025.09.10 11:30:05;1.3537080000000001;-0.09;-0.15;-7.37
2025.09.08 12:56:32;Sell;0.05;CHFSGD;1.61477;0.05;2025.09.10 11:30:04;1.609744;-0.43;-0.02;16.73
2025.09.05 15:44:02;Buy;0.17;GOOGL;234.762;0.17;2025.09.09 21:33:22;240.27;-3.49;-1.13;79.98
2025.09.09 17:26:16;Buy;0.04;UNH;338.012;0.04;2025.09.09 18:37:52;345.93;-1.18;;27
2025.09.09 15:32:00;Buy;0.04;UNH;330.17600000000004;0.04;2025.09.09 17:26:15;337.93;-1.15;;26.47
2025.08.18 16:33:15;Buy;0.02;UNH;314.432;0.02;2025.09.09 15:32:00;321.73;-0.55;-0.92;12.43
2025.09.03 19:00:22;Buy;0.01;AUDUSD;0.655198;0.01;2025.09.09 11:09:21;0.66161;-0.04;-0.19;5.45
2025.09.08 02:13:04;Sell;0.03;EURJPY;173.85460000000003;0.03;2025.09.09 10:27:30;172.538;-0.24;-0.38;22.89
2025.09.09 08:45:49;;;;;;;;;;
2025.09.09 08:45:49;;;;;;;;;;
2025.09.05 16:37:48;Buy;0.09;AUDNZD;1.11185;0.09;2025.09.08 10:05:34;1.1105500000000001;-0.4;-0.11;-5.91
2025.09.05 15:37:25;Sell;0.04;NZDUSD;0.591;0.04;2025.09.08 09:37:36;0.5926;-0.16;-0.02;-5.46
2025.09.06 08:45:50;;;;;;;;;;
2025.09.05 16:21:54;Buy;0.06;AUDCHF;0.52411;0.06;2025.09.05 16:37:47;0.5232079999999999;-0.27;;-5.78
2025.09.03 17:25:31;Buy;0.17;GOOG;230.052;0.17;2025.09.05 15:44:45;235.43;-3.41;-0.56;77.91
2025.09.03 17:25:32;Buy;0.17;GOOGL;229.306;0.17;2025.09.05 15:44:01;234.66;-3.4;-0.56;77.57
2025.09.02 17:00:00;Buy;0.17;TSLA;330.82599999999996;0.17;2025.09.05 15:32:01;350.11;-5.08;-1.22;279.72
2025.09.04 17:10:07;Sell;0.01;GBPCAD;1.8590119999999999;0.01;2025.09.05 14:54:49;1.86676;-0.09;-0.09;-4.78
2025.09.05 14:30:03;Sell;0.04;NZDUSD;0.5879759999999999;0.04;2025.09.05 14:30:04;0.591326;-0.16;;-11.42
2025.09.02 19:40:08;Buy;0.01;EURUSD;1.164652;0.01;2025.09.05 12:24:02;1.16932;-0.08;-0.55;3.99
2025.08.28 15:35:25;Buy;0.14;AMZN;230.296;0.14;2025.09.04 21:54:08;235.67;-2.83;-1.6099999999999999;64.58
2025.09.04 17:08:31;Sell;0.01;EURUSD;1.1631280000000002;0.01;2025.09.04 19:56:20;1.163842;-0.08;;-0.61
2025.09.04 17:10:22;Sell;0.01;GBPAUD;2.0645339999999996;0.01;2025.09.04 18:17:59;2.0627400000000002;-0.09;;1
2025.09.02 16:00:01;Buy;0.07;META;732.214;0.07;2025.09.04 17:00:01;754.122;-4.54;-0.74;131.8
2025.09.02 16:00:01;Buy;0.25;AMZN;224.702;0.25;2025.09.04 16:00:01;233.81;-5.02;-0.8;195.42
2025.02.20 18:09:21;Buy;0.05;AAPL;246.546;0.05;2025.09.03 16:20:53;237.17;-1.02;-15.26;-40.14
2025.08.28 16:46:06;Buy;0.17;GOOGL;210.718;0.17;2025.09.03 15:32:01;215.64;-3.15;-1.55;71.83
2025.08.28 16:46:07;Buy;0.17;GOOG;211.388;0.17;2025.09.03 15:32:00;216.32;-3.16;-1.56;71.97
2025.09.02 19:40:52;Sell;0.01;GBPUSD;1.339132;0.01;2025.09.03 09:18:35;1.33435;-0.09;-0.02;4.11
2025.09.02 19:43:53;Buy;0.01;USDJPY;148.37699999999998;0.01;2025.09.03 05:31:32;148.9042;-0.07;0.04;3.04
2025.08.31 23:59:59;Deal Interestrate;;;;;;;;;204.1
2025.08.25 18:08:29;Buy;0.08;GOOG;210.702;0.08;2025.08.28 16:46:06;211.322;-1.45;-0.36;4.25
2025.08.25 18:07:25;Buy;0.08;GOOGL;209.766;0.08;2025.08.28 16:46:06;210.652;-1.44;-0.36;6.07
2025.08.26 19:00:00;Buy;0.11;MSFT;500.89000000000004;0.11;2025.08.28 15:35:24;509.41200000000003;-4.8;-0.8;80.36
2025.08.22 19:22:04;Buy;0.32;BAC;49.536;0.32;2025.08.28 15:35:24;50.374;-1.38;-0.69;22.99
2025.08.19 16:27:54;Buy;0.01;MA;589.6700000000001;0.01;2025.08.28 15:35:24;590.2259999999999;-0.51;-0.37;0.48
2025.08.14 15:32:01;Buy;0.07;AMZN;229.21599999999998;0.07;2025.08.28 15:35:24;230.274;-1.38;-1.5899999999999999;6.35
2025.07.24 15:37:39;Buy;0.06;JPM;297.51200000000006;0.06;2025.08.28 15:35:24;299.042;-1.54;-4.41;7.87
2025.07.11 15:46:04;Buy;0.03;BRKb;472.898;0.03;2025.08.28 15:35:24;496.09000000000003;-1.28;-4.89;59.65
2025.03.12 16:41:52;Buy;0.05;AAPL;217.024;0.05;2025.08.28 15:35:16;230.14;-0.99;-12.88;56.22
2025.08.11 17:01:40;Buy;0.05;TSLA;343.608;0.05;2025.08.27 15:32:00;351.65;-1.52;-1.9100000000000001;34.69
2025.08.27 08:46:00;;;;;;;;;;
2025.08.15 15:33:13;Buy;0.08;GOOG;205.81799999999998;0.08;2025.08.25 18:08:25;210.63;-1.44;-1.17;33
2025.08.15 15:33:11;Buy;0.08;GOOGL;204.944;0.08;2025.08.25 18:07:24;209.74;-1.44;-1.16;32.89
2025.07.01 20:36:49;Buy;0.32;BAC;48.386;0.32;2025.08.22 19:21:53;49.52;-1.35;-5.64;30.92
2025.08.22 08:45:26;;;;;;;;;;
2025.08.11 15:33:56;Buy;0.08;JNJ;174.636;0.08;2025.08.20 15:34:32;178.73;-1.23;-0.9;28.08
2025.06.13 15:32:04;Buy;0.01;MA;575.588;0.01;2025.08.19 16:27:52;589.07;-0.5;-2.68;11.55
2025.08.15 17:18:23;Buy;0.02;UNH;306.78799999999995;0.02;2025.08.18 16:33:15;313.97;-0.54;-0.13;12.3
2025.08.16 08:45:33;;;;;;;;;;
2025.08.15 15:35:17;Buy;0.02;UNH;299.706;0.02;2025.08.15 17:18:20;306.71;-0.52;;11.97
2025.07.31 16:12:18;Buy;0.02;UNH;255.856;0.02;2025.08.15 15:35:16;299.01;-0.51;-0.55;73.83
2025.07.17 15:45:58;Buy;0.02;UNH;290.83;0.02;2025.08.15 15:35:16;299.01;-0.51;-1.11;13.99
2025.05.13 15:45:32;Buy;0.02;UNH;329.83000000000004;0.02;2025.08.15 15:35:16;299.01;-0.51;-3.88;-52.73
2025.08.08 15:52:44;Buy;0.08;GOOG;201.058;0.08;2025.08.15 15:33:12;205.77;-1.41;-0.83;32.24
2025.08.08 15:51:38;Buy;0.08;GOOGL;200.092;0.08;2025.08.15 15:33:10;204.78;-1.4;-0.82;32.07
2025.08.07 15:32:02;Buy;0.07;AMZN;223.44799999999998;0.07;2025.08.14 15:32:00;228.68;-1.37;-0.77;31.42
2025.08.13 08:45:44;;;;;;;;;;
2025.07.31 15:32:02;Buy;0.02;META;773.246;0.02;2025.08.12 18:23:08;791.28;-1.3599999999999999;-1.31;30.89
2025.08.12 08:45:40;;;;;;;;;;
2025.07.21 15:32:01;Buy;0.05;TSLA;335.65599999999995;0.05;2025.08.11 17:01:38;343.49;-1.48;-2.41;33.77
2025.08.04 21:11:21;Buy;0.08;JNJ;170.512;0.08;2025.08.11 15:33:55;174.49;-1.2;-0.7;27.38
2025.08.09 08:46:11;;;;;;;;;;
2025.07.24 15:32:02;Buy;0.08;GOOG;196.312;0.08;2025.08.08 15:52:42;200.93;-1.38;-1.6600000000000001;31.71
2025.07.24 15:32:02;Buy;0.08;GOOGL;195.38200000000003;0.08;2025.08.08 15:51:37;199.98;-1.37;-1.65;31.57
2025.08.06 16:58:38;Buy;0.07;AMZN;217.706;0.07;2025.08.07 15:32:00;222.77;-1.34;-0.11;30.41
2025.08.04 16:42:16;Buy;0.07;AMZN;212.748;0.07;2025.08.06 16:58:36;217.67;-1.31;-0.22;29.63
2025.07.22 15:50:10;Buy;0.08;JNJ;166.584;0.08;2025.08.04 21:11:19;170.48;-1.18;-1.28;26.94
2025.07.28 18:35:33;Buy;0.1;KO;68.286;0.1;2025.08.04 18:46:53;68.794;-0.59;-0.35;4.39
2025.06.23 09:42:12;Buy;0.1;GBPAUD;2.092222;0.1;2025.08.04 16:42:42;2.0549000000000004;-0.92;-13.23;-209.05
2025.07.24 15:43:08;Buy;0.07;AMZN;231.37800000000001;0.07;2025.08.04 16:42:16;212.682;-1.29;-1.27;-113.03
2025.07.31 20:07:11;Buy;0.13;CH20;11776;0.13;2025.08.04 08:05:01;11545.2;-1.29;-7.19;-321.62
2025.07.28 09:05:09;Sell;0.08;ES35;14356.3;0.08;2025.08.01 18:56:25;14147.079999999998;-0.91;-4.39;167.38
2025.07.09 04:23:54;Sell;0.09;CHN50;13860.25;0.09;2025.08.01 18:56:24;13613.65;-0.85;-23.68;192.34
2025.07.17 08:06:43;Sell;0.24;AUS200;8640.31;0.24;2025.08.01 18:56:19;8629.449999999999;-0.93;-17.17;14.58
2025.08.01 15:27:40;Buy;0.34;EUR50;5184.3;0.34;2025.08.01 18:56:19;5164.8;-1.4;;-66.3
2025.07.08 06:30:30;Sell;0.26;AUDJPY;95.607;0.26;2025.08.01 18:56:18;95.48719999999999;-1.16;-68.73;18.25
2025.07.30 14:50:04;Buy;0.19;EURCAD;1.58449;0.19;2025.08.01 18:56:18;1.591896;-1.52;-7.67;88.39
2025.07.30 14:19:16;Sell;0.49;USDCAD;1.37967;0.49;2025.08.01 18:56:18;1.3796239999999997;-3.4;-24.32;1.41
2025.08.01 10:15:59;Buy;0.15;GBPUSD;1.31805;0.15;2025.08.01 18:56:17;1.3243319999999998;-1.38;;81.66
2025.08.01 18:50:31;Buy;0.32;EURUSD;1.154572;0.32;2025.08.01 18:56:17;1.1538380000000001;-2.56;;-20.35
2025.07.15 03:54:08;Sell;0.21;HK50;24521.84;0.21;2025.08.01 18:56:15;24329.38;-0.45;-9.61;44.62
2025.07.31 23:59:59;Deal Interestrate;;;;;;;;;196.19
2025.07.25 17:28:15;Buy;0.03;MSFT;513.818;0.03;2025.07.31 15:32:04;525.88;-1.38;-0.66;31.72
2025.07.01 15:32:03;Buy;0.02;META;732.646;0.02;2025.07.31 15:32:00;749.64;-1.31;-3.01;29.79
2025.07.31 08:45:45;;;;;;;;;;
2025.07.31 05:05:30;Buy;1.08;EURNZD;1.93233;1.08;2025.07.31 06:59:47;1.92944;-8.64;;-161.77
2025.07.30 20:00:00;Buy;0.3;EURUSD;1.148908;0.3;2025.07.30 20:03:20;1.147638;-2.4;;-33.2
2025.07.30 16:34:29;Sell;5.61;EURUSD;1.147658;5.61;2025.07.30 17:13:53;1.148382;-44.88;;-353.68
2025.04.04 19:28:47;Buy;0.05;AAPL;190.984;0.05;2025.07.30 16:17:51;210.414;-0.92;-8.66;84.65
2025.07.30 08:45:43;;;;;;;;;;
2025.07.28 00:00:00;Buy;0.17;EURCAD;1.612792;0.17;2025.07.29 08:59:28;1.585674;-1.3599999999999999;-0.96;-290.73
2025.07.29 08:45:47;;;;;;;;;;
2025.07.28 17:41:36;Buy;0.63;EURUSD;1.16156;0.63;2025.07.28 19:18:58;1.159268;-5.04;;-124.56
2025.07.25 18:39:39;Sell;0.17;EURGBP;0.87376;0.17;2025.07.28 15:28:47;0.8667199999999999;-1.3599999999999999;0.19;138.08
2025.07.28 09:57:47;Buy;0.74;EURUSD;1.16774;0.74;2025.07.28 11:36:29;1.165798;-5.92;;-123.27
2025.07.28 09:30:22;Buy;0.79;EURUSD;1.17069;0.79;2025.07.28 09:46:04;1.168788;-6.32;;-128.56
2025.07.26 08:45:47;;;;;;;;;;
2025.07.09 15:32:44;Buy;0.03;MSFT;501.97600000000006;0.03;2025.07.25 17:28:15;513.62;-1.31;-1.75;29.76
2025.07.25 08:45:47;;;;;;;;;;
2025.07.25 08:45:47;;;;;;;;;;
2025.07.25 08:45:47;;;;;;;;;;
2025.07.02 16:41:03;Buy;0.1;WFC;82.036;0.1;2025.07.24 15:43:13;83.96;-0.71;-1.31;16.36
2025.07.11 20:07:31;Buy;0.07;AMZN;226.046;0.07;2025.07.24 15:43:06;231.29;-1.38;-1.45;31.21
2025.07.01 15:32:02;Buy;0.06;JPM;290.576;0.06;2025.07.24 15:37:35;297.32;-1.52;-2.83;34.38
2025.07.21 15:32:01;Buy;0.08;GOOG;189.044;0.08;2025.07.24 15:32:01;193.45;-1.31;-0.33;29.94
2025.07.21 15:32:01;Buy;0.08;GOOGL;188.164;0.08;2025.07.24 15:32:00;192.55;-1.31;-0.33;29.81
2025.07.16 19:39:31;Buy;0.26;GBPCAD;1.839614;0.26;2025.07.24 12:06:42;1.84365;-2.4;-1.03;65.61
2025.07.09 11:34:24;Sell;0.02;GER40;24466.9;0.02;2025.07.24 12:06:42;24404.559999999998;-0.39;-7.97;12.47
2025.07.11 13:45:29;Buy;0.2;GBPCHF;1.07608;0.2;2025.07.24 12:06:42;1.076362;-1.8399999999999999;14.04;6.04
2025.07.14 17:04:12;Sell;0.21;CADJPY;107.857;0.21;2025.07.24 12:06:42;107.7238;-1.05;-23.07;16.24
2025.07.07 03:40:19;Sell;0.22;EURNZD;1.9518119999999999;0.22;2025.07.24 12:06:31;1.9425459999999999;-1.76;1.01;104.94
2025.07.15 01:07:52;Sell;0.24;USDJPY;147.8362;0.24;2025.07.24 12:06:24;146.5988;-1.63;-42.38;172.39
2025.07.15 16:31:51;Buy;0.16;GBPUSD;1.33933;0.16;2025.07.24 12:06:23;1.3546560000000003;-1.48;-8.03;208.67
2025.07.04 09:54:21;Sell;0.2;EURAUD;1.796718;0.2;2025.07.24 12:06:22;1.77647;-1.6;2.6;227.96
2025.07.23 17:57:18;Sell;0.25;FRA40;7947.1;0.25;2025.07.24 12:06:11;7855;-1.5699999999999998;-1.88;230.25
2025.07.10 00:17:20;Sell;0.11;UK100;8907.539999999999;0.11;2025.07.24 10:30:45;9126.36;-0.93;-18.85;-277.37
2025.07.15 20:46:53;Sell;0.73;CHN_H;8910.01;0.73;2025.07.24 04:33:15;9282.248;-0.59;-6.33;-293.99
2025.07.01 15:32:03;Buy;0.01;MCO;500.42600000000004;0.01;2025.07.23 18:05:02;512.03;-0.44;-0.85;9.87
2025.07.23 08:45:30;;;;;;;;;;
2025.07.09 06:33:40;Sell;0.22;GBPJPY;199.715;0.22;2025.07.22 16:04:03;197.457;-2.03;-73.74;289.8
2025.07.16 15:32:01;Buy;0.08;JNJ;162.66400000000002;0.08;2025.07.22 15:50:09;166.43;-1.1400000000000001;-0.55;25.76
2025.07.15 15:19:16;Sell;0.34;AUDJPY;97.39;0.34;2025.07.21 18:42:30;96.07459999999999;-1.52;-21.04;259.78
2025.03.18 16:03:25;Buy;0.08;GOOG;160.768;0.08;2025.07.21 15:32:01;188.13;-1.29;-12.28;187.71
2025.02.21 18:43:41;Buy;0.08;GOOG;182.896;0.08;2025.07.21 15:32:01;188.13;-1.29;-14.98;35.9
2025.02.04 18:11:29;Buy;0.08;GOOG;207.938;0.08;2025.07.21 15:32:01;188.13;-1.29;-17.03;-135.89
2025.07.01 15:32:01;Buy;0.05;TSLA;295.024;0.05;2025.07.21 15:32:01;332.19;-1.42;-2.23;159.35
2025.06.23 16:43:42;Buy;0.05;TSLA;354.304;0.05;2025.07.21 15:32:01;332.19;-1.42;-3.18;-94.82
2025.03.18 16:03:29;Buy;0.08;GOOGL;158.572;0.08;2025.07.21 15:32:01;186.17;-1.28;-12.2;189.32
2025.02.21 18:30:38;Buy;0.08;GOOGL;181.276;0.08;2025.07.21 15:32:01;186.17;-1.28;-14.87;33.57
2025.02.04 17:40:02;Buy;0.08;GOOGL;205.992;0.08;2025.07.21 15:32:01;186.17;-1.28;-16.91;-135.99
2025.07.20 08:45:46;;;;;;;;;;
2025.07.19 08:45:43;;;;;;;;;;
2025.07.19 08:45:43;;;;;;;;;;
2025.07.14 15:41:33;Buy;0.62;EURCHF;0.92974;0.62;2025.07.17 19:26:26;0.933268;-4.96;5;234.38
2024.11.06 20:06:07;Buy;0.06;JNJ;157.884;0.06;2025.07.16 18:11:39;165.67;-0.85;-17.9;40.14
2025.07.10 17:33:31;Sell;0.88;AUDCAD;0.8985;0.88;2025.07.16 18:02:36;0.89317;-3.95;-15.53;294.45
2025.07.15 15:54:11;Buy;0.26;EURUSD;1.16407;0.26;2025.07.16 17:30:25;1.17051;-2.08;-2.4699999999999998;143.05
2025.07.15 15:56:39;Sell;0.39;USDJPY;148.608;0.39;2025.07.16 17:16:39;147.34;-2.67;-6.38;287.37
2025.07.16 12:14:12;Sell;1.4;GBPAUD;2.054466;1.4;2025.07.16 15:57:56;2.0584019999999996;-12.95;;-309.49
2025.06.20 21:12:25;Buy;0.09;JNJ;149.102;0.09;2025.07.16 15:32:00;162.34;-1.26;-2.58;102.87
2025.03.04 16:32:02;Buy;0.08;JNJ;169.404;0.08;2025.07.16 15:32:00;162.34;-1.12;-12.37;-48.79
2025.07.09 19:42:32;Buy;0.34;EURUSD;1.1706020000000001;0.34;2025.07.15 17:32:46;1.160648;-2.7199999999999998;-19.18;-291.6
2025.07.14 08:09:32;Buy;0.31;GBPCAD;1.84379;0.31;2025.07.15 15:39:54;1.8361459999999998;-2.86;-0.12;-148.57
2025.07.15 08:45:45;;;;;;;;;;
2025.07.09 15:16:51;Sell;0.27;EUR50;5443.9;0.27;2025.07.14 08:05:00;5337.2;-1.15;-6.9;288.09
2025.07.09 10:00:56;Sell;0.1;IT40;40662;0.1;2025.07.14 08:05:00;39720;-1.5899999999999999;-12.47;471
2025.07.10 16:57:15;Sell;1.45;AUDNZD;1.09184;1.45;2025.07.14 02:53:11;1.0957959999999998;-6.53;-13.31;-294.66
2025.06.27 15:32:03;Buy;0.07;AMZN;220.866;0.07;2025.07.11 20:07:25;226.04;-1.35;-1.54;30.98
2025.07.10 19:20:19;Sell;0.13;AAPL;212.422;0.13;2025.07.11 18:29:26;210.616;-2.34;-0.2;20.08
2025.07.02 10:00:22;Sell;0.23;CADJPY;105.4132;0.23;2025.07.11 16:12:24;107.6006;-1.15;-22.83;-291.93
2025.07.09 19:42:58;Sell;1.7;AUDNZD;1.0900599999999998;1.7;2025.07.11 05:28:26;1.0935179999999998;-7.67;-32.32;-303.06
2025.07.10 21:19:23;Buy;0.89;GBPAUD;2.06141;0.89;2025.07.11 02:24:43;2.06487;-8.26;-2.86;173.06
2025.07.10 17:32:46;Sell;6.69;GBPAUD;2.0651479999999998;6.69;2025.07.10 17:49:11;2.0651800000000002;-62.14;;-12.04
2025.07.10 17:47:05;Sell;6.96;AAPL;212.884;6.96;2025.07.10 17:49:04;212.756;-126.73;;76.24
2025.07.10 16:21:18;Buy;0.05;GBPAUD;2.06827;0.05;2025.07.10 16:21:36;2.0678340000000004;-0.46;;-1.22
2025.06.24 15:32:03;Buy;0.03;MSFT;489.75399999999996;0.03;2025.07.09 15:32:44;501.01;-1.28;-1.6099999999999999;28.82
2025.07.08 06:30:04;Sell;1.15;AUDNZD;1.084288;1.15;2025.07.09 02:39:26;1.089776;-5.12;-3.82;-322.53
2025.06.12 11:29:46;Sell;0.2;AUDJPY;93.4524;0.2;2025.07.08 13:29:03;95.8762;-0.89;-45.9;-282.1
2025.07.07 18:23:22;Buy;0.39;EURUSD;1.17123;0.39;2025.07.08 09:25:27;1.17557;-3.12;-3.66;143.98
2025.07.02 10:01:57;Sell;1.03;AUDNZD;1.079474;1.03;2025.07.08 06:30:04;1.087462;-4.59;-17.56;-422.03
2025.06.20 18:39:02;Buy;0.08;EURJPY;168.1696;0.08;2025.07.08 03:12:50;171.7612;-0.64;2.94;167.28
2025.07.03 14:30:10;Buy;0.45;GBPCAD;1.853872;0.45;2025.07.04 10:02:38;1.85731;-4.18;-0.14;96.68
2025.07.04 08:45:34;;;;;;;;;;
2025.07.04 02:02:43;Buy;0.91;EURNZD;1.9359860000000002;0.91;2025.07.04 04:28:32;1.9388640000000001;-7.28;;135.07
2025.07.03 14:22:01;Buy;0.62;EURNZD;1.9435319999999998;0.62;2025.07.03 16:03:34;1.938662;-4.96;;-155.75
2025.07.02 09:59:22;Sell;1.13;AUDCHF;0.520238;1.13;2025.07.03 15:30:36;0.522802;-5.05;-31.56;-309.45
2025.06.27 17:01:32;Buy;0.1;WFC;80.146;0.1;2025.07.02 16:40:51;82.02;-0.7;-0.29;15.94
2025.07.02 14:40:21;Buy;0.55;GBPAUD;2.07767;0.55;2025.07.02 16:16:10;2.0719300000000005;-5.08;;-175.83
2025.06.27 14:33:34;Sell;0.13;AUDCHF;0.521208;0.13;2025.07.02 09:58:25;0.5204960000000001;-0.58;-3.63;9.91
2025.06.26 15:38:15;Buy;0.32;BAC;47.256;0.32;2025.07.01 20:36:47;48.36;-1.31;-0.54;30
2025.06.30 23:59:59;Deal Interestrate;;;;;;;;;193.41
2025.05.21 16:12:52;Buy;0.01;MCO;485.326;0.01;2025.06.30 18:12:23;496.34;-0.42;-1.38;9.36
2025.06.26 20:03:46;Buy;0.02;META;727.1419999999999;0.02;2025.06.30 16:04:44;744.19;-1.27;-0.41;29.1
2025.06.25 20:37:52;Buy;0.06;JPM;283.87800000000004;0.06;2025.06.30 15:32:00;290.5;-1.49;-0.61;33.9
2025.06.24 15:33:37;Buy;0.1;WFC;78.292;0.1;2025.06.27 17:01:30;80.11;-0.68;-0.18;15.51
2025.06.16 17:15:10;Buy;0.07;AMZN;215.648;0.07;2025.06.27 15:32:00;220.65;-1.32;-1.19;29.88
2025.06.24 15:32:02;Buy;0.02;META;710.388;0.02;2025.06.26 20:03:43;726.85;-1.24;-0.2;28.08
2025.06.23 21:46:01;Buy;0.32;BAC;46.166;0.32;2025.06.26 15:38:14;47.23;-1.29;-0.33;29.08
2025.06.26 09:58:04;Sell;0.67;GBPAUD;2.10248;0.67;2025.06.26 13:38:41;2.09787;-6.28;;172.45
2025.06.24 13:31:17;Sell;0.31;GBPCAD;1.8680400000000001;0.31;2025.06.25 23:05:26;1.880292;-2.91;-2.91;-237.53
2025.06.18 16:37:00;Buy;0.06;JPM;277.39399999999995;0.06;2025.06.25 20:37:52;283.78;-1.46;-0.84;32.87
2025.06.18 20:10:05;Buy;0.48;EURUSD;1.151412;0.48;2025.06.24 19:36:25;1.162928;-3.84;-27.53;475.32
2025.06.23 21:01:12;Buy;0.1;WFC;76.496;0.1;2025.06.24 15:33:35;78.27;-0.68;-0.06;15.31
2025.06.13 15:32:01;Buy;0.1;NVDA;143.072;0.1;2025.06.24 15:32:03;146.36;-1.26;-1.1400000000000001;28.38
2025.06.13 15:32:01;Buy;0.02;META;691.8059999999999;0.02;2025.06.24 15:32:00;707.73;-1.22;-1.1;27.49
2025.06.13 15:32:00;Buy;0.03;MSFT;477.17999999999995;0.03;2025.06.24 15:32:00;488.16;-1.26;-1.12;28.43
2025.06.23 18:00:31;Sell;0.46;GBPCAD;1.85839;0.46;2025.06.24 10:10:49;1.8643579999999997;-4.31;-4.33;-172.63
2025.06.23 12:00:17;Sell;0.14;EURNZD;1.94795;0.14;2025.06.24 08:57:59;1.92431;-1.12;0.02;171.99
2025.06.18 20:40:18;Buy;0.32;BAC;45.116;0.32;2025.06.23 21:45:48;46.15;-1.28;-0.52;28.58
2025.06.18 20:00:16;Buy;0.1;WFC;74.752;0.1;2025.06.23 21:01:10;76.47;-0.66;-0.26;14.84
2025.06.23 16:07:32;Buy;0.05;TSLA;346.314;0.05;2025.06.23 16:43:41;354.29;-1.54;;34.59
2025.06.23 15:48:21;Buy;0.05;TSLA;338.51000000000005;0.05;2025.06.23 16:07:31;346.29;-1.5;;33.79
2025.06.13 19:01:15;Buy;0.05;TSLA;330.65400000000005;0.05;2025.06.23 15:48:21;338.22;-1.47;-1.17;32.93
2025.06.13 10:05:29;Buy;0.95;AUDNZD;1.0777879999999997;0.95;2025.06.23 10:18:56;1.08361;-4.24;-13.21;284.94
2025.06.23 04:35:10;Sell;0.64;GBPAUD;2.092072;0.64;2025.06.23 05:46:02;2.097094;-5.98;;-178.95
2025.06.19 20:04:03;Sell;0.18;EURNZD;1.918712;0.18;2025.06.23 04:56:45;1.936746;-1.44;0.07;-167.61
2025.06.19 19:38:54;Buy;0.78;EURJPY;166.998;0.78;2025.06.20 02:54:45;167.36300000000003;-6.24;1.9100000000000001;170.11
2025.06.12 11:29:07;Buy;0.31;EURUSD;1.1560119999999998;0.31;2025.06.19 04:26:13;1.145078;-2.48;-20.72;-296.01
2025.06.13 15:32:00;Buy;0.32;BAC;44.096000000000004;0.32;2025.06.18 20:40:12;45.11;-1.26;-0.51;28.22
2025.06.13 15:32:01;Buy;0.1;WFC;73.04400000000001;0.1;2025.06.18 20:00:15;74.708;-0.65;-0.26;14.45
2025.06.16 16:43:40;Buy;0.06;JPM;270.88199999999995;0.06;2025.06.18 16:36:59;277.17;-1.45;-0.24;32.79
2025.06.17 08:45:32;;;;;;;;;;
2025.06.17 08:45:32;;;;;;;;;;
2025.06.13 15:32:00;Buy;0.07;AMZN;210.68599999999998;0.07;2025.06.16 17:15:09;215.53;-1.3;-0.32;29.26
2025.05.21 16:12:50;Buy;0.06;JPM;264.754;0.06;2025.06.16 16:43:36;270.76;-1.4;-3.04;31.08
2025.06.14 08:45:33;;;;;;;;;;
2025.06.13 18:21:46;Buy;0.05;TSLA;322.94399999999996;0.05;2025.06.13 19:01:15;330.41;-1.43;;32.31
2025.06.13 15:32:00;Buy;0.05;TSLA;315.27799999999996;0.05;2025.06.13 18:21:44;322.53;-1.3900000000000001;;31.36
2025.06.12 11:29:24;Sell;1.3;AUDCHF;0.52955;1.3;2025.06.13 01:59:46;0.527504;-5.85;-11.76;283.59
2025.05.21 16:14:54;Buy;0.01;MA;578.4979999999999;0.01;2025.06.11 16:14:59;591.63;-0.52;-0.86;11.44
2025.06.10 11:20:16;Buy;0.02;AUDCHF;0.53486;0.02;2025.06.10 16:05:05;0.53633;-0.09;;3.13
2025.06.10 11:15:54;Buy;0.03;EURUSD;1.141092;0.03;2025.06.10 14:02:39;1.14387;-0.24;;7.28
2025.06.10 08:45:25;;;;;;;;;;
2025.06.10 08:45:25;;;;;;;;;;
2025.06.10 08:45:25;;;;;;;;;;
2025.03.31 16:32:01;Buy;0.07;AMZN;184.708;0.07;2025.06.09 17:50:59;215.72;-1.32;-6.98;190.04
2025.02.25 16:52:34;Buy;0.07;AMZN;209.87000000000003;0.07;2025.06.09 17:50:59;215.72;-1.32;-10.67;35.85
2025.01.28 17:12:49;Buy;0.07;AMZN;238.588;0.07;2025.06.09 17:50:59;215.72;-1.32;-14.27;-140.15
2025.05.21 16:14:54;Buy;0.32;BAC;44.276;0.32;2025.06.09 15:45:12;45.28;-1.27;-1.9300000000000002;28.19
2025.05.21 16:12:50;Buy;0.03;MSFT;456.922;0.03;2025.06.05 16:46:32;467.29;-1.22;-1.5;27.14
2025.05.13 15:45:32;Buy;0.1;WFC;75.354;0.1;2025.06.04 15:32:00;77.03;-0.68;-1.2;14.7
2025.05.13 15:45:32;Buy;0.02;META;649.9839999999999;0.02;2025.06.02 18:11:04;664.47;-1.16;-1.88;25.36
2025.05.31 23:59:59;Deal Interestrate;;;;;;;;;185.51
2025.05.21 16:12:50;Buy;0.05;TSLA;344.916;0.05;2025.05.27 15:33:12;352.74;-1.55;-0.74;34.41
2025.05.21 16:12:49;Buy;0.1;NVDA;133.816;0.1;2025.05.21 17:54:45;136.85;-1.21;;26.76
2025.01.31 17:55:23;Buy;0.04;MSFT;417.40200000000004;0.04;2025.05.21 16:13:00;456.55199999999996;-1.6099999999999999;-13.5;138.01
2025.05.12 10:13:59;Sell;0.17;CADJPY;105.945;0.17;2025.05.21 07:55:28;103.384;-0.86;-13.63;267.62
2025.05.13 15:45:34;Buy;0.03;MSFT;448.90799999999996;0.03;2025.05.19 19:09:09;458.92;-1.23;-0.61;26.74
2025.05.13 15:45:33;Buy;0.32;BAC;43.756;0.32;2025.05.14 18:04:01;44.73;-1.28;-0.11;27.81
2025.03.10 16:02:21;Buy;0.05;TSLA;242.158;0.05;2025.05.14 17:42:43;349.6;-1.56;-6.36;479.49
2025.02.28 16:32:01;Buy;0.05;TSLA;274.98;0.05;2025.05.14 17:42:43;349.6;-1.56;-7.44;333.01
2025.02.25 17:00:10;Buy;0.05;TSLA;312.27799999999996;0.05;2025.05.14 17:42:43;349.6;-1.56;-7.79;166.56
2025.02.10 16:32:01;Buy;0.05;TSLA;354.66;0.05;2025.05.14 17:42:43;349.6;-1.56;-9.85;-22.58
2024.12.31 21:25:45;Buy;0.05;TSLA;406.468;0.05;2025.05.14 17:42:43;349.6;-1.56;-16.45;-253.81
2024.12.24 19:59:28;Buy;0.05;TSLA;461.65599999999995;0.05;2025.05.14 17:42:43;349.6;-1.56;-17.7;-500.12
2025.05.13 15:45:31;Buy;0.1;NVDA;126.626;0.1;2025.05.13 16:32:04;129.45;-1.16;;25.36
2025.04.04 18:31:54;Buy;0.01;MCO;412.548;0.01;2025.05.12 15:32:09;479.38;-0.43;-1.17;60.02
2025.03.07 16:36:17;Buy;0.01;MCO;467.33400000000006;0.01;2025.05.12 15:32:09;479.38;-0.43;-2.17;10.82
2025.02.13 16:33:00;Buy;0.01;MCO;527.33;0.01;2025.05.12 15:32:09;479.38;-0.43;-3.05;-43.07
2025.04.04 16:50:53;Buy;0.02;META;494.918;0.02;2025.05.12 15:32:02;625.05;-1.12;-3.06;233.76
2025.03.31 15:32:00;Buy;0.02;META;561.7499999999999;0.02;2025.05.12 15:32:02;625.05;-1.12;-3.41;113.71
2025.02.25 17:19:51;Buy;0.02;META;650.708;0.02;2025.05.12 15:32:02;625.05;-1.12;-6.67;-46.1
2025.02.14 21:37:55;Buy;0.02;META;739.1640000000001;0.02;2025.05.12 15:32:02;625.05;-1.12;-7.91;-205.01
2025.04.04 15:32:01;Buy;0.32;BAC;35.662;0.32;2025.05.12 15:32:01;42.57;-1.22;-3.4699999999999998;198.54
2025.03.05 18:26:26;Buy;0.32;BAC;41.806;0.32;2025.05.12 15:32:01;42.57;-1.22;-6.52;21.96
2024.11.25 16:33:17;Buy;0.32;BAC;47.492;0.32;2025.05.12 15:32:01;42.57;-1.22;-18.27;-141.46
2025.04.04 15:39:55;Buy;0.1;NVDA;97.122;0.1;2025.05.12 15:32:00;121.45;-1.09;-3.01;218.5
2025.03.06 21:30:33;Buy;0.1;NVDA;110.356;0.1;2025.05.12 15:32:00;121.45;-1.09;-5.55;99.64
2025.02.25 17:18:03;Buy;0.1;NVDA;125.392;0.1;2025.05.12 15:32:00;121.45;-1.09;-6.42;-35.41
2025.02.18 16:32:08;Buy;0.1;NVDA;142.458;0.1;2025.05.12 15:32:00;121.45;-1.09;-7.17;-188.7
2025.04.22 20:17:46;Buy;0.02;EURUSD;1.144212;0.02;2025.05.09 04:10:18;1.119998;-0.16;-3.61;-43.23
2025.04.29 19:48:18;Buy;0.22;AUDCHF;0.52621;0.22;2025.05.07 00:21:37;0.53772;-1.01;4.63;270.55
2025.04.04 17:41:25;Buy;0.07;V;322.544;0.07;2025.05.05 16:38:58;350.05;-2.16;-5.31;169.87
2025.03.03 16:40:17;Buy;0.06;V;365.834;0.06;2025.05.05 16:38:58;350.05;-1.85;-9.59;-83.56
2025.02.24 16:40:37;Buy;0.03;MSFT;401.508;0.03;2025.05.02 16:05:34;438.32;-1.16;-5.9;97.11
2024.12.12 18:10:36;Buy;0.03;MSFT;456.16800000000006;0.03;2025.05.02 16:05:34;438.32;-1.16;-13.49;-47.08
2025.04.04 15:32:00;Buy;0.06;JPM;216.208;0.06;2025.05.02 15:34:14;252.07;-1.33;-2.9;189.59
2025.03.06 16:37:39;Buy;0.06;JPM;245.14;0.06;2025.05.02 15:34:14;252.07;-1.33;-6.07;36.64
2025.02.07 16:57:29;Buy;0.06;JPM;278.54;0.06;2025.05.02 15:34:14;252.07;-1.33;-9.51;-139.95
2025.04.04 16:36:43;Buy;0.01;MA;513.648;0.01;2025.05.02 15:33:19;559.5;-0.49;-1.09;40.4
2025.03.03 16:32:41;Buy;0.01;MA;581.3120000000001;0.01;2025.05.02 15:33:19;559.5;-0.49;-2.39;-19.22
2025.04.02 17:10:22;Buy;0.1;TSM;168.25;0.1;2025.05.02 15:32:04;177.38;-1.56;-3.4699999999999998;80.46
2025.04.04 15:34:04;Buy;0.12;WFC;62.562;0.12;2025.05.01 16:58:54;72.43;-0.77;-1.5899999999999999;104.99
2025.03.07 16:56:53;Buy;0.11;WFC;71.018;0.11;2025.05.01 16:58:54;72.43;-0.71;-3.1;13.77
2025.02.06 16:32:05;Buy;0.1;WFC;80.65599999999999;0.1;2025.05.01 16:58:54;72.43;-0.64;-4.66;-72.93
2025.05.01 05:09:22;Sell;0.24;CADJPY;104.01020000000001;0.24;2025.05.01 15:47:13;104.9692;-1.23;;-140.51
2025.04.29 19:48:59;Sell;0.13;AUDJPY;90.8714;0.13;2025.05.01 08:59:28;92.52220000000001;-0.59;-5.52;-131.32
2025.04.30 23:59:59;Deal Interestrate;;;;;;;;;138.62
2025.04.21 05:09:36;Sell;0.36;AUDUSD;0.640336;0.36;2025.04.29 04:13:22;0.644682;-1.63;-2.54;-137.09
2025.04.15 19:22:00;Buy;0.1;EURUSD;1.127712;0.1;2025.04.22 18:19:52;1.1449479999999999;-0.8;-6.15;150.54
2025.03.06 21:42:56;Buy;0.02;UNH;484.692;0.02;2025.04.08 15:32:00;568.77;-1.04;-2.57;153.52
2024.12.06 18:04:13;Buy;0.02;UNH;554.7020000000001;0.02;2025.04.08 15:32:00;568.77;-1.04;-9.95;25.69
2024.11.11 16:59:30;Buy;0.02;UNH;630.006;0.02;2025.04.08 15:32:00;568.77;-1.04;-12.35;-111.82
2025.04.04 11:02:45;Buy;0.28;AUDUSD;0.62003;0.28;2025.04.04 12:55:22;0.6146159999999999;-1.25;;-137.53
2025.04.03 13:31:53;Buy;1.11;AUDNZD;1.09104;1.11;2025.04.04 12:21:42;1.088588;-4.99;-2.49;-140.57
2025.04.03 12:13:09;Sell;0.38;EURGBP;0.84248;0.38;2025.04.04 04:15:12;0.84556;-3.04;0.41;-138.42
2025.03.04 16:41:18;Buy;0.17;KO;72.402;0.17;2025.04.03 17:15:19;73.93;-1.13;-2.7199999999999998;23.42
2025.04.02 10:54:44;Sell;0.55;AUDCHF;0.5575840000000001;0.55;2025.04.02 18:32:52;0.556286;-2.55;;74.45
2025.03.31 23:59:59;Deal Interestrate;;;;;;;;;158.24
2025.03.31 02:39:52;Sell;1.14;AUDNZD;1.1023519999999998;1.14;2025.03.31 11:41:58;1.100114;-5.27;;134
2025.03.27 14:30:10;Buy;0.81;EURGBP;0.83307;0.81;2025.03.28 11:33:56;0.831576;-6.48;-7.29;-145.52
2025.03.26 12:36:40;Sell;0.37;EURGBP;0.8360120000000001;0.37;2025.03.27 16:45:08;0.8333539999999999;-2.96;0.93;118.01
2025.03.18 16:54:27;Buy;0.03;BRKb;525.3660000000001;0.03;2025.03.26 15:55:47;536.83;-1.49;-0.96;31.91
2025.02.28 22:50:11;Buy;0.03;BRKb;514.182;0.03;2025.03.18 16:54:24;524.84;-1.44;-2.11;29.29
2025.03.11 02:48:16;Buy;0.59;AUDCHF;0.551632;0.59;2025.03.11 11:04:15;0.55427;-2.7199999999999998;;161.89
2024.10.31 16:52:45;Buy;0.05;JNJ;160.448;0.05;2025.03.07 16:38:19;165.4868;-0.77;-7.619999999999999;23.240000000000002
2025.02.21 16:32:00;Buy;0.02;UNH;451.32800000000003;0.02;2025.03.06 21:42:53;479.838;-0.89;-0.9199999999999999;52.89
2025.03.04 17:18:15;Buy;0.1;NVDA;110.372;0.1;2025.03.06 20:45:00;112.871;-1.05;-0.14;23.24
2025.02.21 17:33:26;Buy;0.17;KO;70.856;0.17;2025.03.04 16:41:16;72.34;-1.17;-1.08;23.97
2025.02.25 16:32:03;Buy;0.08;JNJ;165.238;0.08;2025.03.04 16:32:01;168.71;-1.28;-0.74;26.38
2025.02.27 17:11:38;Buy;0.06;V;357.908;0.06;2025.03.03 16:40:16;365.36;-2.09;-0.69;42.64
2025.01.30 16:32:03;Buy;0.01;MA;568.0360000000001;0.01;2025.03.03 16:32:31;579.88;-0.55;-1.46;11.29
2025.02.28 23:59:59;Deal Interestrate;;;;;;;;;162.91
2025.02.24 21:04:43;Buy;0.03;BRKb;502.886;0.03;2025.02.28 22:50:09;513.43;-1.49;-0.48;30.51
2025.01.31 16:32:50;Buy;0.06;V;350.16400000000004;0.06;2025.02.27 17:11:37;357.43;-2.06;-4.5600000000000005;41.87
2025.02.21 17:44:28;Buy;0.08;JNJ;161.504;0.08;2025.02.25 16:32:02;164.88;-1.26;-0.41;25.72
2024.11.27 17:16:23;Buy;0.03;BRKb;492.038;0.03;2025.02.24 21:04:40;502.41;-1.44;-9.86;29.69
2025.02.13 21:23:04;Buy;0.08;JNJ;158.116;0.08;2025.02.21 17:44:26;161.42;-1.24;-0.8;25.28
2025.02.13 16:32:03;Buy;0.17;KO;69.38999999999999;0.17;2025.02.21 17:33:20;70.83;-1.15;-0.74;23.41
2024.12.26 16:32:00;Buy;0.05;AAPL;259.444;0.05;2025.02.20 18:09:20;246.53;-1.18;-5.36;-61.65
2025.02.14 22:35:19;Buy;0.1;NVDA;138.826;0.1;2025.02.18 16:32:01;141.74;-1.3599999999999999;-0.44;27.89
2025.01.22 16:32:03;Buy;0.1;NVDA;145.696;0.1;2025.02.14 22:35:05;138.79;-1.32;-2.4;-65.8
2025.02.07 16:46:05;Buy;0.02;META;724.0319999999999;0.02;2025.02.14 21:37:54;739.06;-1.41;-0.83;28.63
2025.02.11 16:34:18;Buy;0.08;JNJ;154.78;0.08;2025.02.13 21:23:02;157.98;-1.21;-0.2;24.54
2025.02.11 16:34:00;Buy;0.01;MCO;508.094;0.01;2025.02.13 16:32:57;518.59;-0.5;-0.08;10.11
2025.02.12 16:59:55;Buy;0.17;KO;67.886;0.17;2025.02.13 16:32:00;69.29;-1.13;-0.09;22.99
2024.08.29 21:14:35;Buy;0.1;KO;72.152;0.1;2025.02.12 16:59:54;67.88;-0.66;-8.44;-41.27
2025.01.27 21:01:28;Buy;0.08;JNJ;153.15799999999996;0.08;2025.02.11 16:34:15;154.392;-1.2;-1.49;9.55
2025.01.27 16:32:00;Buy;0.1;NVDA;126.16999999999999;0.1;2025.02.11 16:34:15;132.586;-1.28;-1.49;62.1
2025.01.21 16:32:03;Buy;0.05;AAPL;223.574;0.05;2025.02.11 16:34:15;231.09199999999998;-1.12;-1.94;36.38
2024.12.17 16:42:31;Buy;0.02;UNH;488.75399999999996;0.02;2025.02.11 16:34:15;534.3240000000001;-1.03;-4.68;88.22
2024.12.02 16:47:48;Buy;0.19;KO;63.506;0.19;2025.02.11 16:34:15;67.05199999999999;-1.23;-6.78;65.21
2024.11.26 16:45:18;Buy;0.01;MCO;496.22399999999993;0.01;2025.02.11 16:34:00;501.28200000000004;-0.49;-3.05;4.9
2024.10.31 16:52:37;Buy;0.23;KO;65.606;0.23;2025.02.11 16:33:52;66.812;-1.49;-11.85;26.85
2025.02.06 16:32:04;Buy;0.06;JPM;272.73600000000005;0.06;2025.02.07 16:57:27;278.39;-1.6099999999999999;-0.13;32.66
2025.01.30 16:45:44;Buy;0.02;META;709.018;0.02;2025.02.07 16:46:03;723.8;-1.3900000000000001;-0.88;28.48
2025.01.23 16:36:43;Buy;0.06;JPM;265.764;0.06;2025.02.06 16:32:01;271.3;-1.5699999999999998;-1.81;32.04
2025.01.29 16:54:00;Buy;0.1;WFC;78.716;0.1;2025.02.06 16:32:00;80.35;-0.78;-0.49;15.76
2025.01.21 16:33:44;Buy;0.08;GOOG;203.65000000000003;0.08;2025.02.04 18:11:26;207.88;-1.6;-1.81;32.59
2025.01.21 16:33:37;Buy;0.08;GOOGL;201.764;0.08;2025.02.04 17:39:59;205.96;-1.5899999999999999;-1.78;32.33
2025.01.31 23:59:59;Deal Interestrate;;;;;;;;;171.49
2025.01.27 20:02:51;Buy;0.3;NVDA;118.996;0.3;2025.01.31 18:17:56;127.554;-3.68;-1.19;247.12
2025.01.27 20:02:06;Buy;0.3;NVDA;119.086;0.3;2025.01.31 18:17:52;127.574;-3.68;-1.19;245.1
2025.01.30 16:32:45;Buy;0.06;V;341.864;0.06;2025.01.31 16:32:47;349;-2.02;-0.17;41.28
2025.01.30 16:32:03;Buy;0.02;META;693.774;0.02;2025.01.30 16:45:43;708.24;-1.3599999999999999;;27.75
2025.01.27 19:23:51;Buy;0.06;V;334.08799999999997;0.06;2025.01.30 16:32:42;341.1;-1.96;-0.48;40.33
2025.01.27 18:38:02;Buy;0.01;MA;541.3739999999999;0.01;2025.01.30 16:32:01;552.74;-0.53;-0.12;10.9
2025.01.28 16:32:03;Buy;0.02;META;671.7639999999999;0.02;2025.01.30 16:32:00;685.79;-1.32;-0.22;26.9
2024.11.25 22:14:39;Buy;0.1;WFC;77.066;0.1;2025.01.29 16:53:55;78.69;-0.76;-3.86;15.62
2025.01.21 19:28:42;Buy;0.35;AAPL;220.336;0.35;2025.01.28 18:28:27;238.976;-8.02;-4.38;625.65
2025.01.21 19:28:28;Buy;0.35;AAPL;220.342;0.35;2025.01.28 17:50:02;238.586;-8.01;-4.38;612.11
2025.01.22 16:56:29;Buy;0.07;AMZN;233.568;0.07;2025.01.28 17:12:48;238.44;-1.6;-0.78;32.68
2025.01.27 17:39:22;Buy;0.02;META;655.2439999999999;0.02;2025.01.28 16:32:00;669;-1.28;-0.1;26.36
2025.01.08 16:37:39;Buy;0.1;JNJ;141.58200000000002;0.1;2025.01.27 21:01:25;153.12;-1.46;-2.25;110.05
2024.09.25 16:36:09;Buy;0.03;JNJ;160.79;0.03;2025.01.27 21:01:25;153.12;-0.44;-4.55;-21.95
2024.09.03 16:49:30;Buy;0.03;JNJ;167.438;0.03;2025.01.27 21:01:25;153.12;-0.44;-5.4;-40.97
2025.01.23 16:41:32;Buy;0.06;V;326.964;0.06;2025.01.27 19:23:48;333.77;-1.9100000000000001;-0.63;38.92
2024.11.11 21:01:34;Buy;0.01;MA;529.7920000000001;0.01;2025.01.27 18:38:02;541.08;-0.52;-3.17;10.75
2025.01.24 16:32:41;Buy;0.02;META;641.2860000000001;0.02;2025.01.27 17:39:21;654.73;-1.25;-0.31;25.62
2024.12.06 18:32:17;Buy;0.02;META;627.3539999999999;0.02;2025.01.24 16:32:40;640.62;-1.22;-4.83;25.31
2024.12.18 16:32:02;Buy;0.06;V;319.716;0.06;2025.01.23 16:41:26;326.42;-1.88;-5.47;38.64
2025.01.21 16:32:03;Buy;0.06;JPM;260.20799999999997;0.06;2025.01.23 16:36:41;265.62;-1.53;-0.26;31.19
2024.12.09 16:32:00;Buy;0.07;AMZN;228.686;0.07;2025.01.22 16:56:28;233.52;-1.5699999999999998;-5.5600000000000005;32.46
2025.01.13 16:32:00;Buy;0.1;NVDA;130.876;0.1;2025.01.22 16:32:02;144.15;-1.38;-1;127.45
2025.01.06 17:26:47;Buy;0.1;NVDA;151.656;0.1;2025.01.22 16:32:02;144.15;-1.38;-1.78;-72.07
2024.12.16 18:25:13;Buy;0.08;GOOG;199.362;0.08;2025.01.21 16:33:43;203.55;-1.5699999999999998;-4.53;32.25
2024.12.16 17:37:30;Buy;0.08;GOOGL;197.406;0.08;2025.01.21 16:33:37;201.55;-1.55;-4.47;31.91
2025.01.16 22:46:18;Buy;1.56;AAPL;228.58;1.56;2025.01.17 16:32:00;231.14;-35.07;-2.88;388.42
2024.11.25 20:29:13;Buy;0.06;JPM;250.348;0.06;2025.01.16 16:34:17;255.6;-1.49;-6.1;30.67
2025.01.06 16:32:00;Buy;0.1;NVDA;148.552;0.1;2025.01.06 17:26:47;151.63;-1.46;;29.66
2025.01.03 16:55:48;Buy;0.1;NVDA;143.546;0.1;2025.01.06 16:32:00;146.5;-1.41;-0.35;28.47
2024.12.24 16:33:15;Buy;0.1;NVDA;140.592;0.1;2025.01.03 16:55:47;143.52;-1.3900000000000001;-1.1;28.43
2024.12.31 23:59:59;Deal Interestrate;;;;;;;;;175.56
2024.12.18 19:08:27;Buy;0.05;AAPL;253.876;0.05;2024.12.26 16:32:00;259.19;-1.25;-0.81;25.55
2024.12.19 19:24:48;Buy;0.05;TSLA;423.518;0.05;2024.12.24 19:59:28;461.6;-2.22;-0.85;183.25
2024.12.17 16:54:32;Buy;0.05;TSLA;480.92199999999997;0.05;2024.12.24 19:59:28;461.6;-2.22;-1.22;-92.99
2024.12.17 16:32:02;Buy;0.1;NVDA;128.94199999999998;0.1;2024.12.24 16:33:15;140.5;-1.35;-0.74;111.07
2024.12.05 18:32:41;Buy;0.1;NVDA;146.276;0.1;2024.12.24 16:33:15;140.5;-1.35;-2.05;-55.51
2024.12.19 09:10:30;Sell;0.16;GBPJPY;197.261;0.16;2024.12.19 10:31:46;198.00720000000004;-1.55;;-73.19
2024.12.11 16:32:02;Buy;0.05;AAPL;248.63000000000002;0.05;2024.12.18 19:08:25;253.87;-1.21;-0.7;25.02
2024.11.26 16:45:32;Buy;0.06;V;312.366;0.06;2024.12.18 16:32:01;319.18;-1.83;-3.29;38.97
2024.12.17 16:32:03;Buy;0.05;TSLA;470.63800000000003;0.05;2024.12.17 16:54:31;480.54;-2.29;;47.16
2024.12.16 19:09:37;Buy;0.05;TSLA;460.554;0.05;2024.12.17 16:32:00;470.01;-2.24;-0.18;45
2024.12.17 13:49:10;Sell;0.01;USDCAD;1.42818;0.01;2024.12.17 13:49:30;1.4283;-0.08;;-0.08
2024.12.16 17:59:11;Buy;0.05;TSLA;450.822;0.05;2024.12.16 19:09:36;460.41;-2.19;;45.61
2024.12.11 19:20:33;Buy;0.08;GOOG;195.258;0.08;2024.12.16 18:25:06;199.36;-1.52;-0.6;31.25
2024.12.16 16:32:54;Buy;0.05;TSLA;441.22800000000007;0.05;2024.12.16 17:59:11;450.53;-2.14;;44.27
2024.12.11 17:05:38;Buy;0.08;GOOGL;193.30400000000003;0.08;2024.12.16 17:37:29;197.39;-1.5;-0.6;31.13
2024.12.13 20:42:25;Buy;0.05;TSLA;431.91;0.05;2024.12.16 16:32:53;441.08;-2.1;-0.52;43.71
2024.12.11 22:54:19;Buy;0.05;TSLA;422.932;0.05;2024.12.13 20:42:25;431.8;-2.06;-0.34;42.24
2024.12.09 17:43:18;Buy;0.03;MSFT;446.53799999999995;0.03;2024.12.12 18:10:35;456.04;-1.31;-0.33;27.2
2024.12.11 18:36:33;Buy;0.05;TSLA;414.10200000000003;0.05;2024.12.11 22:54:18;422.83;-2.02;;41.6
2024.12.11 16:36:29;Buy;0.08;GOOG;191.20199999999997;0.08;2024.12.11 19:20:33;195.21;-1.49;;30.54
2024.12.10 17:08:07;Buy;0.05;TSLA;405.52;0.05;2024.12.11 18:36:32;414.07;-1.97;-0.16;40.72
2024.12.11 16:36:18;Buy;0.08;GOOGL;189.29399999999998;0.08;2024.12.11 17:05:38;193.29;-1.47;;30.45
2024.12.10 16:45:22;Buy;0.08;GOOG;187.122;0.08;2024.12.11 16:36:28;191.07;-1.45;-0.12;30.05
2024.12.10 16:45:12;Buy;0.08;GOOGL;185.322;0.08;2024.12.11 16:36:18;189.22;-1.44;-0.12;29.67
2024.12.05 17:03:11;Buy;0.05;AAPL;243.298;0.05;2024.12.11 16:32:00;248.5;-1.18;-0.59;24.77
2024.12.10 11:03:45;Buy;0.42;EURGBP;0.82685;0.42;2024.12.10 18:06:41;0.824286;-3.36;;-130.65
2024.12.09 16:32:00;Buy;0.05;TSLA;396.76;0.05;2024.12.10 17:08:06;405.25;-1.9300000000000002;-0.15;40.38
2024.10.30 15:32:01;Buy;0.08;GOOG;183.138;0.08;2024.12.10 16:45:21;187.11;-1.42;-4.48;30.18
2024.10.30 15:32:01;Buy;0.08;GOOGL;181.352;0.08;2024.12.10 16:45:11;185.28;-1.41;-4.45;29.84
2024.12.05 17:03:11;Buy;0.03;MSFT;437.19199999999995;0.03;2024.12.09 17:43:16;446.45;-1.27;-0.41;26.23
2024.12.06 16:42:06;Buy;0.07;AMZN;222.892;0.07;2024.12.09 16:32:00;228.59;-1.51;-0.38;37.71
2024.12.06 21:58:57;Buy;0.05;TSLA;379.404;0.05;2024.12.09 16:32:00;396.38;-1.87;-0.46;80.25
2024.12.05 17:03:11;Buy;0.05;TSLA;371.49000000000007;0.05;2024.12.06 21:58:57;379.35;-1.8;-0.15;37.23
2024.12.04 16:35:54;Buy;0.02;META;614.222;0.02;2024.12.06 18:32:16;627.13;-1.19;-0.2;24.43
2024.12.05 17:03:11;Buy;0.07;AMZN;218.17;0.07;2024.12.06 16:42:06;222.79;-1.47;-0.12;30.58
2024.11.21 16:32:00;Buy;0.1;NVDA;152.572;0.1;2024.12.05 18:32:40;146.26;-1.38;-1.5699999999999998;-59.73
2024.12.05 16:40:25;Buy;0.05;TSLA;368.71000000000004;0.05;2024.12.05 17:03:10;371.076;-1.75;;11.18
2024.12.02 16:36:42;Buy;0.05;AAPL;239.578;0.05;2024.12.05 17:03:10;243.294;-1.15;-0.3;17.56
2024.11.27 16:32:00;Buy;0.1;NVDA;133.922;0.1;2024.12.05 17:03:10;144.944;-1.37;-0.89;104.18
2024.11.14 16:35:00;Buy;0.07;AMZN;215.664;0.07;2024.12.05 17:03:10;218.108;-1.44;-2.38;16.17
2024.09.18 19:02:53;Buy;0.02;MSFT;432.77000000000004;0.02;2024.12.05 17:03:10;437.03999999999996;-0.83;-5.08;8.07
2024.11.25 16:32:16;Buy;0.05;TSLA;361.014;0.05;2024.12.05 16:40:24;368.63;-1.74;-1.35;35.97
2024.10.07 15:32:01;Buy;0.02;META;600.2959999999999;0.02;2024.12.04 16:35:54;613.68;-1.17;-5.21;25.52
2024.11.13 17:57:52;Buy;0.03;META;580.346;0.03;2024.12.02 18:31:08;588.7539999999999;-1.6800000000000002;-2.5300000000000002;24.05
2024.11.26 17:10:58;Buy;0.1;NVDA;137.046;0.1;2024.12.02 16:50:52;140.068;-1.34;-0.66;28.84
2024.11.26 16:45:32;Buy;0.05;AAPL;234.612;0.05;2024.12.02 16:36:41;239.54;-1.1400000000000001;-0.55;23.49
2024.11.29 09:29:30;Sell;0.07;EURUSD;1.05966;0.07;2024.12.02 15:13:41;1.0509320000000002;-0.56;0.05;58.14
2024.11.30 23:59:59;Deal Interestrate;;;;;;;;;161.41
2024.11.26 17:26:39;Sell;0.42;EURGBP;0.835274;0.42;2024.11.28 17:53:06;0.8324259999999999;-3.36;1.01;143.7
2024.11.25 16:37:02;Buy;0.03;BRKb;481.204;0.03;2024.11.27 17:16:19;491.39;-1.4;-0.22;29
2024.11.19 19:04:32;Buy;0.06;V;311.38800000000003;0.06;2024.11.26 16:45:32;311.874;-1.78;-1.05;2.7800000000000002
2024.11.13 17:58:05;Buy;0.03;MA;521.0759999999999;0.03;2024.11.26 16:45:32;525.5139999999999;-1.5;-1.6;12.67
2024.11.13 17:56:56;Buy;0.03;MSFT;419.878;0.03;2024.11.26 16:45:32;423.134;-1.21;-1.3;9.3
2024.11.06 16:41:11;Buy;0.19;KO;63.518;0.19;2024.11.26 16:45:32;64.394;-1.17;-1.8599999999999999;15.85
2024.10.17 15:32:00;Buy;0.05;AAPL;232.524;0.05;2024.11.26 16:45:32;234.568;-1.12;-3.59;9.73
2024.08.28 15:38:26;Buy;0.01;MCO;488.63399999999996;0.01;2024.11.26 16:45:17;492.06600000000003;-0.47;-3.45;3.27
2024.11.26 02:38:33;Buy;0.19;GBPJPY;192.868;0.19;2024.11.26 16:13:05;193.05980000000002;-1.8199999999999998;;22.62
2024.11.26 02:14:45;Buy;1.31;CADJPY;108.998;1.31;2024.11.26 02:22:53;109.2702;-7.11;;221.36
2024.11.21 18:44:38;Buy;0.1;WFC;75.462;0.1;2024.11.25 22:14:34;77.04;-0.73;-0.24;15.02
2024.11.06 22:54:13;Buy;0.06;JPM;247.71400000000003;0.06;2024.11.25 20:29:13;250.172;-1.43;-2.17;14.05
2024.11.13 17:57:19;Buy;0.1;JNJ;152.58400000000003;0.1;2024.11.25 20:28:26;155.868;-1.48;-1.46;31.29
2024.09.04 15:35:50;Buy;0.02;BRKb;482.924;0.02;2024.11.25 16:37:02;480.71;-0.91;-5.76;-4.21
2024.11.19 19:04:32;Buy;0.32;BAC;46.476;0.32;2024.11.25 16:33:16;47.46;-1.44;-0.72;29.93
2024.11.22 17:51:25;Buy;0.05;TSLA;353.04;0.05;2024.11.25 16:32:15;360.56;-1.71;-0.42;35.73
2024.11.22 13:29:31;Buy;0.21;CADJPY;110.4228;0.21;2024.11.25 16:28:10;110.02919999999999;-1.1400000000000001;0.46;-51.1
2024.11.18 17:09:55;Buy;0.05;TSLA;345.548;0.05;2024.11.22 17:51:23;352.88;-1.7;-0.55;35.23
2024.11.19 19:04:32;Buy;0.1;WFC;73.876;0.1;2024.11.21 18:44:31;75.44;-0.72;-0.12;14.92
2024.11.08 16:32:50;Buy;0.1;NVDA;149.242;0.1;2024.11.21 16:32:00;152.54;-1.45;-1.5;31.33
2024.11.13 17:57:04;Buy;0.1;AAPL;224.106;0.1;2024.11.19 19:04:32;229.214;-2.17;-1.07;48.27
2024.11.11 21:01:35;Buy;0.06;V;310.212;0.06;2024.11.19 19:04:32;311.16200000000003;-1.76;-1.19;5.39
2024.11.11 21:01:34;Buy;0.32;BAC;46.156;0.32;2024.11.19 19:04:32;46.454;-1.4;-0.96;9.01
2024.11.06 20:06:19;Buy;0.06;AAPL;224.236;0.06;2024.11.19 19:04:32;229.214;-1.3;-1.4;28.22
2024.11.06 16:32:01;Buy;0.1;WFC;73.176;0.1;2024.11.19 19:04:32;73.854;-0.7;-0.75;6.41
2024.10.31 16:52:11;Buy;0.11;AAPL;227.576;0.11;2024.11.19 19:04:32;229.214;-2.38;-3.67;17.03
2024.11.18 16:32:26;Buy;0.05;TSLA;338.092;0.05;2024.11.18 17:09:54;345.28;-1.63;;34
2024.11.15 16:39:55;Buy;0.05;TSLA;309.50399999999996;0.05;2024.11.18 16:32:25;337.67;-1.6;-0.38;133.31
2024.11.11 18:09:20;Buy;0.05;TSLA;351.616;0.05;2024.11.18 16:32:25;337.67;-1.6;-0.9;-66.01
2024.11.07 16:36:38;Buy;0.07;AMZN;208.726;0.07;2024.11.13 19:07:13;213.23;-1.41;-0.67;29.83
2024.11.11 16:36:57;Buy;0.32;BAC;46.116;0.32;2024.11.11 21:01:34;46.134;-1.3900000000000001;;0.54
2024.11.08 19:31:37;Buy;0.01;MA;528.406;0.01;2024.11.11 21:01:34;529.308;-0.5;-0.12;0.84
2024.11.06 16:32:01;Buy;0.06;V;308.172;0.06;2024.11.11 21:01:34;310.018;-1.75;-0.71;10.4
2024.09.18 19:02:56;Buy;0.02;BRKb;456.77799999999996;0.02;2024.11.11 21:01:34;467.496;-0.88;-3.77;20.13
2024.11.11 16:32:00;Buy;0.05;TSLA;344.05;0.05;2024.11.11 18:09:20;351.53;-1.65;;35.12
2024.11.08 16:43:53;Buy;0.02;UNH;615.924;0.02;2024.11.11 16:59:29;629.18;-1.18;-0.29;24.91
2024.11.06 16:32:01;Buy;0.32;BAC;45.126;0.32;2024.11.11 16:36:56;46.09;-1.38;-0.56;28.96
2024.08.02 16:30:02;Buy;0.07;DIS;90.332;0.07;2024.11.11 16:34:02;100.11;-0.66;-5;64.25
2024.07.31 19:33:38;Buy;0.07;DIS;94.072;0.07;2024.11.11 16:34:02;100.11;-0.66;-5.1;39.68
2024.07.01 16:35:07;Buy;0.06;DIS;97.966;0.06;2024.11.11 16:34:02;100.11;-0.56;-5.52;12.07
2024.05.15 17:01:16;Buy;0.06;DIS;102.032;0.06;2024.11.11 16:34:02;100.11;-0.56;-7.8;-10.82
2024.05.07 15:32:02;Buy;0.06;DIS;107.312;0.06;2024.11.11 16:34:02;100.11;-0.56;-8.2;-40.56
2024.11.08 20:43:29;Buy;0.05;TSLA;324.76;0.05;2024.11.11 16:32:00;343.77;-1.6099999999999999;-0.37;89.2
2024.11.08 17:32:15;Buy;0.05;TSLA;317.57399999999996;0.05;2024.11.08 20:43:29;324.63;-1.52;;32.96
2024.10.17 15:32:00;Buy;0.01;MA;516.774;0.01;2024.11.08 19:31:35;528.07;-0.49;-0.88;10.56
2024.11.08 17:13:27;Buy;0.05;TSLA;310.602;0.05;2024.11.08 17:32:15;317.28;-1.48;;31.07
2024.10.31 16:51:47;Buy;0.03;META;572.694;0.03;2024.11.08 17:23:44;585.836;-1.6400000000000001;-1.05;36.7
2024.10.31 16:52:31;Buy;0.03;MCO;458;0.03;2024.11.08 17:23:44;474.844;-1.33;-0.86;47.03
2024.10.31 16:52:01;Buy;0.02;MA;504.936;0.02;2024.11.08 17:23:42;524.9900000000001;-0.98;-0.63;37.33
2024.11.08 16:35:47;Buy;0.05;TSLA;303.99999999999994;0.05;2024.11.08 17:13:27;310.57;-1.45;;30.57
2024.11.06 16:32:07;Buy;0.02;UNH;601.7439999999999;0.02;2024.11.08 16:43:52;614.63;-1.1400000000000001;-0.18;23.95
2024.11.07 17:31:03;Buy;0.05;TSLA;297.44000000000005;0.05;2024.11.08 16:35:46;303.91;-1.41;-0.11;30.06
2024.11.06 20:04:20;Buy;0.1;NVDA;146.092;0.1;2024.11.08 16:32:50;149.23;-1.3900000000000001;-0.22;29.15
2024.10.31 16:51:55;Buy;0.07;AMZN;187.042;0.07;2024.11.07 17:42:05;204.24685714285715;-1.31;-0.63;110.89
2024.10.31 16:51:33;Buy;0.1;AVGO;168.77200000000002;0.1;2024.11.07 17:42:05;183.93999999999997;-1.7;-0.92;140.27
2024.11.06 20:05:55;Buy;0.03;META;562.696;0.03;2024.11.07 17:42:02;586.9179999999999;-1.63;-0.13;67.21
2024.10.31 16:51:26;Buy;0.1;MSFT;406.50800000000004;0.1;2024.11.07 17:42:01;422.936;-3.91;-2.21;151.94
2024.10.31 16:51:39;Buy;0.1;NVDA;133.126;0.1;2024.11.07 17:42:01;148.004;-1.37;-0.73;137.61
2024.11.07 16:59:19;Buy;0.05;TSLA;291.06600000000003;0.05;2024.11.07 17:31:02;297.36;-1.37;;29.08
2024.11.06 16:32:00;Buy;0.05;TSLA;284.548;0.05;2024.11.07 16:59:18;290.8;-1.35;-0.11;28.92
2024.11.06 17:22:17;Buy;0.07;AMZN;204.278;0.07;2024.11.07 16:36:38;208.69;-1.35;-0.11;28.6
2024.11.06 16:45:31;Buy;0.06;JPM;242.48000000000002;0.06;2024.11.06 22:54:13;247.64;-1.38;;28.84
2024.10.21 21:52:16;Buy;0.1;NVDA;142.906;0.1;2024.11.06 20:04:19;146.05;-1.3599999999999999;-1.72;29.29
2024.11.01 15:32:01;Buy;0.07;AMZN;199.914;0.07;2024.11.06 17:22:16;204.26;-1.33;-0.54;28.37
2024.11.06 16:32:01;Buy;0.06;JPM;237.23600000000002;0.06;2024.11.06 16:45:31;242.39;-1.3599999999999999;;28.88
2024.10.21 15:52:08;Buy;0.02;UNH;575.9540000000001;0.02;2024.11.06 16:32:07;597.07;-1.12;-1.42;39.44
2024.10.24 21:32:01;Buy;0.1;WFC;65.466;0.1;2024.11.06 16:32:00;73.16;-0.68;-0.65;71.85
2024.10.17 15:32:02;Buy;0.06;JPM;224.10800000000003;0.06;2024.11.06 16:32:00;237.3;-1.33;-2.03;73.92
2024.10.17 15:32:02;Buy;0.32;BAC;42.676;0.32;2024.11.06 16:32:00;45.11;-1.35;-2.04;72.74
2024.10.30 15:32:05;Buy;0.06;V;292.1120000000001;0.06;2024.11.06 16:32:00;306.58;-1.72;-0.92;81.07
2024.11.04 16:38:13;Buy;0.05;TSLA;239.4;0.05;2024.11.06 16:32:00;284.15;-1.33;-0.19;208.95
2024.10.28 16:26:21;Buy;0.05;TSLA;271.966;0.05;2024.11.06 16:32:00;284.15;-1.33;-0.88;56.89
2024.11.06 02:40:24;Sell;1.29;CADJPY;109.923;1.29;2024.11.06 02:55:00;110.1064;-6.85;;-142.73
2024.09.23 20:57:01;Buy;0.03;AMZN;194.116;0.03;2024.11.01 15:32:00;199.84;-0.55;-1.6099999999999999;15.8
2024.10.31 23:59:59;Deal Interestrate;;;;;;;;;148.76
2024.05.08 15:40:52;Buy;0.25;DIS;105.374;0.25;2024.10.30 16:27:27;96.358;-2.22;-32.05;-207.75
2024.07.24 20:48:16;Buy;0.3;GOOG;174.052;0.3;2024.10.30 16:27:26;182.674;-5.05;-36.7;238.39
2024.09.24 15:32:01;Buy;0.02;V;278.974;0.02;2024.10.30 15:32:04;291.59;-0.54;-1.48;23.31
2024.09.18 19:02:58;Buy;0.02;V;290.45000000000005;0.02;2024.10.30 15:32:04;291.59;-0.54;-1.73;2.11
2024.09.03 16:42:40;Buy;0.06;GOOGL;159.626;0.06;2024.10.30 15:32:00;181.34;-1.01;-4.2;120.38
2024.08.02 16:05:49;Buy;0.05;GOOGL;166.266;0.05;2024.10.30 15:32:00;181.34;-0.84;-5.4;69.64
2024.07.24 20:50:50;Buy;0.5;GOOGL;172.242;0.5;2024.10.30 15:32:00;181.34;-8.38;-60.51;420.32
2024.07.24 15:32:04;Buy;0.04;GOOGL;173.22;0.04;2024.10.30 15:32:00;181.34;-0.67;-4.86;30.01
2024.07.16 19:36:08;Buy;0.04;GOOGL;183.752;0.04;2024.10.30 15:32:00;181.34;-0.67;-5.31;-8.92
2024.07.10 19:20:26;Buy;0.03;GOOGL;191.39999999999998;0.03;2024.10.30 15:32:00;181.34;-0.5;-4.31;-27.89
2024.09.03 16:54:01;Buy;0.06;GOOG;160.376;0.06;2024.10.30 15:32:00;183.1;-1.02;-4.24;125.98
2024.08.02 16:10:34;Buy;0.05;GOOG;167.058;0.05;2024.10.30 15:32:00;183.1;-0.85;-5.44;74.11
2024.07.24 15:34:00;Buy;0.04;GOOG;173.97;0.04;2024.10.30 15:32:00;183.1;-0.68;-4.89;33.74
2024.07.16 19:36:06;Buy;0.04;GOOG;185.492;0.04;2024.10.30 15:32:00;183.1;-0.68;-5.34;-8.84
2024.07.10 20:45:10;Buy;0.03;GOOG;193.19;0.03;2024.10.30 15:32:00;183.1;-0.51;-4.35;-27.97
2024.10.25 15:44:53;Buy;0.05;TSLA;266.112;0.05;2024.10.28 16:26:18;271.89;-1.26;-0.31;26.7
2024.10.24 21:29:17;Buy;0.05;TSLA;260.346;0.05;2024.10.25 15:44:52;266.05;-1.23;-0.1;26.34
2024.10.17 15:32:00;Buy;0.1;WFC;64.06599999999999;0.1;2024.10.24 21:31:46;65.45;-0.6;-0.35;12.78
2024.10.24 17:31:48;Buy;0.05;TSLA;254.78000000000003;0.05;2024.10.24 21:29:16;260.26;-1.2;;25.32
2024.10.24 15:38:45;Buy;0.05;TSLA;249.28000000000003;0.05;2024.10.24 17:31:47;254.68;-1.18;;25
2024.10.24 15:32:01;Buy;0.05;TSLA;243.898;0.05;2024.10.24 15:38:45;249.19;-1.15;;24.48
2024.10.17 15:32:00;Buy;0.05;TSLA;219.76799999999997;0.05;2024.10.24 15:32:00;243.66;-1.13;-0.57;110.51
2024.09.26 15:32:00;Buy;0.02;TSLA;259.922;0.02;2024.10.24 15:32:00;243.66;-0.45;-1;-30.08
2024.10.17 15:32:00;Buy;0.1;NVDA;139.846;0.1;2024.10.21 21:52:11;142.87;-1.32;-0.43;27.96
2024.10.17 15:32:03;Buy;0.02;UNH;563.16;0.02;2024.10.21 15:52:08;575.39;-1.06;-0.35;22.54
2024.09.18 19:02:53;Buy;0.01;MA;499.262;0.01;2024.10.16 17:42:02;510.38;-0.47;-1.08;10.23
2024.09.20 15:34:23;Buy;0.03;AAPL;230.70999999999998;0.03;2024.10.15 15:42:41;235.89;-0.65;-1.26;14.24
2024.08.20 15:32:00;Buy;0.13;BAC;38.946;0.13;2024.10.15 15:32:00;42.88;-0.51;-2.21;46.86
2024.07.31 21:18:58;Buy;0.12;BAC;40.596000000000004;0.12;2024.10.15 15:32:00;42.88;-0.47;-2.82;25.11
2024.07.22 15:54:48;Buy;0.11;BAC;42.276;0.11;2024.10.15 15:32:00;42.88;-0.43;-2.73;6.08
2024.07.16 16:38:04;Buy;0.1;BAC;44.026;0.1;2024.10.15 15:32:00;42.88;-0.39;-2.76;-10.5
2024.09.19 15:39:38;Buy;0.01;UNH;580.5279999999999;0.01;2024.10.14 17:03:14;605.27;-0.55;-1.07;22.66
2024.09.04 15:32:06;Buy;0.01;UNH;603.37;0.01;2024.10.14 17:03:14;605.27;-0.55;-1.71;1.74
2024.10.08 16:46:51;Buy;0.1;NVDA;132.286;0.1;2024.10.11 16:11:04;135.23;-1.24;-0.3;26.92
2024.09.18 19:03:02;Buy;0.03;JPM;208.612;0.03;2024.10.11 15:53:06;221.57;-0.61;-1.12;35.54
2024.08.30 21:50:41;Buy;0.03;JPM;224.816;0.03;2024.10.11 15:53:06;221.57;-0.61;-2.05;-8.91
2024.10.08 15:32:03;Buy;0.1;WFC;57.996;0.1;2024.10.11 15:32:00;60.57;-0.55;-0.12;23.54
2024.10.07 17:54:11;Buy;0.1;NVDA;129.406;0.1;2024.10.08 16:46:46;132.25;-1.21;-0.1;25.93
2024.09.18 19:03:02;Buy;0.11;WFC;54.696;0.11;2024.10.08 15:32:02;57.86;-0.58;-0.94;31.7
2024.09.03 17:55:11;Buy;0.1;WFC;58.796;0.1;2024.10.08 15:32:02;57.86;-0.53;-1.43;-8.53
2024.10.07 15:33:49;Buy;0.1;NVDA;126.58799999999998;0.1;2024.10.07 17:54:10;129.38;-1.18;;25.44
2024.09.27 16:13:11;Buy;0.12;NVDA;121.366;0.12;2024.10.07 15:33:48;126.47;-1.38;-1.11;55.81
2024.09.26 15:32:00;Buy;0.1;NVDA;126.452;0.1;2024.10.07 15:33:48;126.47;-1.15;-1;0.16
2024.10.01 15:32:18;Buy;0.02;META;582.966;0.02;2024.10.07 15:32:00;600;-1.09;-0.54;31.05
2024.09.23 15:32:04;Buy;0.02;META;569.608;0.02;2024.10.01 15:32:17;582.62;-1.05;-0.67;23.49
2024.09.30 23:59:59;Deal Interestrate;;;;;;;;;122.91
2024.09.24 15:32:14;Buy;0.02;TSLA;252.44200000000004;0.02;2024.09.26 15:32:00;259.73;-0.47;-0.08;13.07
2024.09.25 15:47:11;Buy;0.1;NVDA;123.376;0.1;2024.09.26 15:32:00;126.42;-1.13;-0.09;27.28
2024.09.24 17:50:08;Buy;0.1;NVDA;120.682;0.1;2024.09.25 15:47:10;123.38;-1.1;-0.09;24.08
2024.09.19 15:32:01;Buy;0.1;NVDA;118.026;0.1;2024.09.24 17:50:06;120.65;-1.08;-0.44;23.54
2024.09.23 15:38:14;Buy;0.02;TSLA;246.69;0.02;2024.09.24 15:32:12;252.23;-0.45;-0.04;9.95
2024.09.19 15:32:01;Buy;0.03;AMZN;189.852;0.03;2024.09.23 20:56:59;194.09;-0.52;-0.17;11.43
2024.09.19 17:12:07;Buy;0.02;TSLA;241.124;0.02;2024.09.23 15:38:12;246.49;-0.44;-0.15;9.64
2024.09.19 16:27:32;Buy;0.02;META;554.8639999999999;0.02;2024.09.23 15:32:02;569.3;-1.02;-0.33;25.94
2024.09.21 19:13:06;Buy;0.1;ETHUSD;2563.6040000000003;0.1;2024.09.21 19:13:20;2562.418;-0.69;;-0.11
2024.09.03 21:40:42;Buy;0.04;AAPL;221.736;0.04;2024.09.20 15:34:21;230.71;-0.83;-1.16;32.17
2024.08.29 15:38:15;Buy;0.03;AAPL;230.998;0.03;2024.09.20 15:34:21;230.71;-0.62;-1.11;-0.77
2024.09.18 20:35:01;Buy;0.02;TSLA;235.684;0.02;2024.09.19 17:12:05;241.04;-0.43;-0.03;9.62
2024.09.18 20:20:54;Buy;0.02;META;542.46;0.02;2024.09.19 16:27:31;554.64;-1;-0.08;21.88
2024.08.23 18:42:51;Buy;0.05;AMZN;175.502;0.05;2024.09.19 15:32:00;189.81;-0.85;-1.8199999999999998;64.29
2024.08.01 20:19:03;Buy;0.04;AMZN;182.802;0.04;2024.09.19 15:32:00;189.81;-0.68;-2.56;25.19
2024.07.17 15:32:01;Buy;0.04;AMZN;190.39;0.04;2024.09.19 15:32:00;189.81;-0.68;-3.44;-2.08
2024.06.27 18:12:13;Buy;0.03;AMZN;198.562;0.03;2024.09.19 15:32:00;189.81;-0.51;-3.51;-23.6
2024.09.18 19:02:53;Buy;0.1;NVDA;115.136;0.1;2024.09.19 15:32:00;117.99;-1.06;-0.09;25.65
2024.09.05 15:50:14;Buy;0.02;TSLA;230.44;0.02;2024.09.18 20:35:00;235.62;-0.42;-0.4;9.26
2024.08.26 16:08:15;Buy;0.02;META;519.5260000000001;0.02;2024.09.18 20:20:52;542.07;-0.97;-1.83;40.34
2024.08.22 15:53:49;Buy;0.02;META;540.848;0.02;2024.09.18 20:20:52;542.07;-0.97;-2.15;2.18
2024.08.28 17:00:03;Buy;0.03;MSFT;409.542;0.03;2024.09.17 15:32:02;438.74;-1.18;-1.8599999999999999;78.78
2024.07.25 15:40:26;Buy;0.02;MSFT;426.554;0.02;2024.09.17 15:32:02;438.74;-0.79;-3.34;21.92
2024.07.24 20:51:05;Buy;0.5;MSFT;427.832;0.5;2024.09.17 15:32:02;438.74;-19.73;-86.43;490.56
2024.06.17 15:32:00;Buy;0.02;MSFT;444.26399999999995;0.02;2024.09.17 15:32:02;438.74;-0.79;-6;-9.94
2024.09.03 17:35:52;Buy;0.02;V;281.53000000000003;0.02;2024.09.13 15:48:32;287.84;-0.52;-0.41;11.38
2024.08.29 19:56:29;Buy;0.01;MA;480.54999999999995;0.01;2024.09.12 20:21:44;491.2;-0.44;-0.54;9.63
2024.09.04 15:37:01;Buy;0.25;NVDA;104.866;0.25;2024.09.11 21:54:41;116.54;-2.64;-1.38;264.89
2024.09.03 20:01:15;Buy;0.21;NVDA;109.372;0.21;2024.09.11 21:54:41;116.54;-2.22;-1.34;136.63
2024.09.03 15:33:04;Buy;0.17;NVDA;113.908;0.17;2024.09.11 21:54:41;116.54;-1.8;-1.09;40.61
2024.08.29 20:34:46;Buy;0.14;NVDA;118.612;0.14;2024.09.11 21:54:41;116.54;-1.48;-1.5;-26.33
2024.08.28 17:12:32;Buy;0.12;NVDA;123.566;0.12;2024.09.11 21:54:41;116.54;-1.27;-1.43;-76.53
2024.08.23 16:02:49;Buy;0.1;NVDA;128.752;0.1;2024.09.11 21:54:41;116.54;-1.06;-1.65;-110.85
2024.08.28 17:10:56;Buy;0.06;TSLA;204.918;0.06;2024.09.05 15:50:13;230.32;-1.24;-0.77;137.27
2024.08.22 19:52:09;Buy;0.05;TSLA;213.484;0.05;2024.09.05 15:50:13;230.32;-1.04;-1.13;75.82
2024.08.01 18:23:39;Buy;0.04;TSLA;222.34;0.04;2024.09.05 15:50:13;230.32;-0.83;-2.22;28.75
2024.07.31 19:00:44;Buy;0.03;TSLA;231.53;0.03;2024.09.05 15:50:13;230.32;-0.62;-1.77;-3.27
2024.07.19 16:32:10;Buy;0.03;TSLA;241.564;0.03;2024.09.05 15:50:13;230.32;-0.62;-2.4;-30.38
2024.07.16 15:49:20;Buy;0.02;TSLA;251.57;0.02;2024.09.05 15:50:13;230.32;-0.41;-1.67;-38.28
2024.07.15 15:53:04;Buy;0.02;TSLA;261.92599999999993;0.02;2024.09.05 15:50:13;230.32;-0.41;-1.71;-56.93
2024.08.30 15:32:04;Buy;0.02;BRKb;472.214;0.02;2024.09.04 15:35:45;482.74;-0.87;-0.36;19.04
2024.08.02 21:42:36;Buy;0.01;UNH;588.93;0.01;2024.09.04 15:32:06;601.96;-0.54;-1.38;11.79
2024.08.21 19:34:33;Buy;0.12;WFC;55.326;0.12;2024.09.03 17:55:02;58.79;-0.64;-0.66;37.66
2024.08.01 16:52:57;Buy;0.11;WFC;57.616;0.11;2024.09.03 17:55:02;58.79;-0.59;-1.52;11.7
2024.07.31 19:01:00;Buy;0.1;WFC;60.01;0.1;2024.09.03 17:55:02;58.79;-0.53;-1.4;-11.05
2024.08.29 20:03:49;Buy;0.02;V;275.336;0.02;2024.09.03 17:35:52;281.44;-0.51;-0.21;11.06
2024.08.02 15:33:22;Buy;0.03;JNJ;163.8;0.03;2024.09.03 16:49:28;167.37;-0.45;-1.23;9.69
2024.08.31 23:59:59;Deal Interestrate;;;;;;;;;96.52
2024.08.26 15:32:07;Buy;0.03;JPM;219.792;0.03;2024.08.30 21:50:41;224.7;-0.61;-0.2;13.32
2024.08.27 16:41:50;Buy;0.02;BRKb;460.054;0.02;2024.08.30 15:32:00;471.37;-0.85;-0.21;20.46
2024.08.26 16:31:21;Buy;0.1;KO;70.526;0.1;2024.08.29 21:14:33;72.12;-0.65;-0.15;14.39
2024.05.29 15:32:02;Buy;0.02;V;268.73199999999997;0.02;2024.08.29 20:03:48;275.24;-0.5;-3.7199999999999998;11.75
2024.05.13 15:46:35;Buy;0.02;V;282.45799999999997;0.02;2024.08.29 20:03:48;275.24;-0.5;-4.38;-13.03
2024.07.31 15:32:20;Buy;0.01;MA;469.99;0.01;2024.08.29 19:56:22;480.2;-0.43;-1.01;9.21
2024.07.17 16:16:13;Buy;0.04;AAPL;226.818;0.04;2024.08.29 15:38:15;230.97;-0.83;-2.93;14.99
2024.07.15 15:32:00;Buy;0.03;AAPL;236.23;0.03;2024.08.29 15:38:15;230.97;-0.63;-2.25;-14.24
2024.08.20 15:32:03;Buy;0.01;MCO;474.804;0.01;2024.08.28 15:38:20;485.35;-0.44;-0.31;9.49
2024.08.20 15:32:00;Buy;0.02;BRKb;449.54200000000003;0.02;2024.08.27 16:41:45;459.58;-0.82;-0.48;17.98
2024.08.20 15:32:03;Buy;0.1;KO;68.966;0.1;2024.08.26 16:31:20;70.5;-0.63;-0.31;13.73
2024.08.20 15:32:01;Buy;0.03;JPM;214.774;0.03;2024.08.26 15:32:07;219.57;-0.59;-0.3;12.9
2024.08.22 21:22:22;Buy;0.12;NVDA;123.576;0.12;2024.08.23 16:02:47;128.734;-1.3900000000000001;-0.11;55.56
2024.08.20 15:32:03;Buy;0.1;NVDA;128.728;0.1;2024.08.23 16:02:47;128.734;-1.16;-0.29;0.05
2024.08.20 15:32:00;Buy;0.02;META;528.88;0.02;2024.08.22 15:53:48;540.72;-0.97;-0.16;21.3
2024.08.19 16:06:33;Buy;0.83;MSFT;418.74;0.83;2024.08.19 16:06:47;418.594;-31.45;;-10.97
2024.07.17 21:29:11;Buy;0.02;BRKb;446.1;0.02;2024.08.19 15:36:01;447.05;-0.81;-2.24;1.72
2024.08.02 15:34:00;Buy;0.12;WFC;54.04;0.12;2024.08.16 20:59:40;55.384;-0.6;-0.69;14.64
2024.08.02 15:32:06;Buy;0.05;TSLA;213.776;0.05;2024.08.16 20:59:40;216.242;-0.98;-1.1;11.19
2024.07.17 21:03:00;Buy;0.5;NVDA;118.03;0.5;2024.08.16 20:59:40;124.574;-5.65;-12.84;296.91
2024.08.06 15:33:54;Buy;0.25;MSFT;401.52399999999994;0.25;2024.08.16 20:59:40;418.91200000000003;-9.5;-7.76;394.45
2024.08.02 15:43:43;Buy;0.03;MSFT;409.77599999999995;0.03;2024.08.16 20:59:40;418.91200000000003;-1.1400000000000001;-1.29;24.87
2024.07.31 19:00:31;Buy;0.5;MSFT;414.86;0.5;2024.08.16 20:59:40;418.91200000000003;-19.01;-24.93;183.84
2024.08.13 17:46:39;Buy;0.85;KO;68.416;0.85;2024.08.16 20:59:40;69.144;-5.33;-1.32;56.15
2024.08.02 15:32:01;Buy;0.1;KO;69;0.1;2024.08.16 20:59:40;69.144;-0.63;-0.72;1.31
2024.08.06 15:33:41;Buy;0.25;GOOG;160.89600000000002;0.25;2024.08.16 20:59:40;165.464;-3.75;-3.12;103.63
2024.08.02 16:20:40;Buy;0.02;BRKb;429.384;0.02;2024.08.16 20:59:40;444.442;-0.81;-0.94;27.33
2024.08.02 15:32:01;Buy;0.13;BAC;37.95;0.13;2024.08.16 20:59:40;39.364;-0.46;-0.54;16.68
2024.08.02 15:32:00;Buy;0.05;AMZN;165.95;0.05;2024.08.16 20:59:40;177.508;-0.81;-0.87;52.44
2024.08.01 19:22:23;Buy;0.04;AAPL;217.762;0.04;2024.08.16 20:59:40;226.124;-0.82;-1;30.35
2024.08.02 15:32:00;Buy;0.03;JPM;204.14;0.03;2024.08.16 18:13:45;213.86;-0.58;-0.67;26.51
2024.07.31 19:00:46;Buy;0.03;JPM;214.462;0.03;2024.08.16 18:13:45;213.86;-0.58;-0.77;-1.65
2024.07.31 19:01:03;Buy;0.01;MCO;458.42;0.01;2024.08.15 15:32:02;469.2;-0.43;-0.55;9.84
2024.08.14 16:35:06;Sell;0.01;TSLA;200.216;0.01;2024.08.14 16:36:16;200.608;-0.18;;-0.35
2024.08.02 15:32:00;Buy;0.17;NVDA;104.24;0.17;2024.08.13 15:32:05;112.86;-1.75;-1.5;133.78
2024.08.01 19:23:06;Buy;0.14;NVDA;109.286;0.14;2024.08.13 15:32:05;112.86;-1.44;-1.3599999999999999;45.68
2024.08.01 16:48:27;Buy;0.12;NVDA;113.832;0.12;2024.08.13 15:32:05;112.86;-1.24;-1.16;-10.65
2024.08.01 15:34:30;Buy;0.1;NVDA;118.548;0.1;2024.08.13 15:32:05;112.86;-1.03;-0.97;-51.93
2024.08.02 16:12:19;Buy;0.03;META;476.984;0.03;2024.08.07 15:32:01;506.11;-1.3900000000000001;-0.56;79.98
2024.08.01 19:09:30;Buy;0.02;META;496.448;0.02;2024.08.07 15:32:01;506.11;-0.93;-0.45;17.68
2024.08.01 15:32:00;Buy;0.02;META;516.75;0.02;2024.08.07 15:32:01;506.11;-0.93;-0.45;-19.48
2024.08.05 03:10:54;Buy;0.06;BTCUSD;52889.106400000004;0.06;2024.08.05 17:35:39;54531.2524;-8.95;;89.83
2024.07.31 19:01:00;Buy;0.01;UNH;576.23;0.01;2024.08.02 21:42:34;588.71;-0.54;-0.08;11.44
2024.07.25 16:07:50;Buy;0.03;JNJ;160.14;0.03;2024.08.02 15:33:21;163.62;-0.45;-0.31;9.58
2024.07.30 17:28:59;Buy;0.1;KO;67.326;0.1;2024.08.02 15:32:00;68.98;-0.63;-0.15;15.18
2024.07.31 17:31:50;Buy;0.1;NVDA;115.99;0.1;2024.08.01 15:34:29;118.5;-1.1;-0.09;23.25
2024.07.17 15:32:00;Buy;0.03;META;475.74999999999994;0.03;2024.08.01 15:32:00;516.04;-1.43;-1.63;111.98
2024.07.12 20:44:37;Buy;0.02;META;503.35;0.02;2024.08.01 15:32:00;516.04;-0.96;-1.45;23.51
2024.07.05 20:47:31;Buy;0.02;META;535.8;0.02;2024.08.01 15:32:00;516.04;-0.96;-2.02;-36.62
2024.07.31 23:59:59;Deal Interestrate;;;;;;;;;111.44227375
2024.07.16 18:09:00;Buy;0.1;WFC;59.75;0.1;2024.07.31 19:00:43;59.994;-0.56;-0.73;2.26
2024.07.24 20:50:13;Buy;0.3;V;256.22;0.3;2024.07.31 19:00:43;265.114;-7.36;-4.18;246.84
2024.07.24 15:32:05;Buy;0.02;V;256.94000000000005;0.02;2024.07.31 19:00:43;265.114;-0.49;-0.28;15.13
2024.07.17 19:30:47;Buy;0.01;UNH;572.5;0.01;2024.07.31 19:00:43;575.65;-0.53;-0.58;2.91
2024.07.24 15:35:01;Buy;0.03;TSLA;221.58;0.03;2024.07.31 19:00:43;231.41400000000002;-0.64;-0.35;27.29
2024.07.24 20:48:38;Buy;0.5;NVDA;114.566;0.5;2024.07.31 19:00:43;115.044;-5.32;-3;22.11
2024.07.25 15:36:28;Buy;0.03;META;457.254;0.03;2024.07.31 19:00:43;473.766;-1.31;-0.64;45.83
2024.07.24 20:50:57;Buy;0.5;META;462.112;0.5;2024.07.31 19:00:43;473.776;-21.92;-12.44;539.54
2024.07.24 20:48:25;Buy;0.3;META;462.6;0.3;2024.07.31 19:00:43;473.766;-13.15;-7.47;309.9
2024.07.26 19:01:02;Buy;0.01;MCO;452.34;0.01;2024.07.31 19:00:43;457.71;-0.42;-0.17;4.97
2024.07.16 18:08:26;Buy;0.03;JPM;213.15;0.03;2024.07.31 19:00:43;214.412;-0.6;-0.74;3.51
2024.07.26 15:32:00;Buy;0.05;GOOGL;165.85;0.05;2024.07.31 19:00:43;170.568;-0.79;-0.33;21.82
2024.07.26 15:33:17;Buy;0.05;GOOG;167.016;0.05;2024.07.31 19:00:43;172.278;-0.8;-0.33;24.34
2024.07.23 15:32:00;Buy;0.07;DIS;89.95;0.07;2024.07.31 19:00:43;94.474;-0.61;-0.39;29.3
2024.07.22 15:56:54;Buy;0.07;DIS;94.072;0.07;2024.07.31 19:00:43;94.474;-0.61;-0.44;2.6
2024.07.24 20:48:08;Buy;0.3;AMZN;181.036;0.3;2024.07.31 19:00:43;186.444;-5.17;-2.93;150.09
2024.07.18 17:25:23;Buy;0.04;AMZN;182.792;0.04;2024.07.31 19:00:43;186.444;-0.69;-0.76;13.52
2024.07.24 20:50:37;Buy;0.5;AAPL;217.912;0.5;2024.07.31 19:00:43;222.506;-10.29;-5.87;212.5
2024.07.24 20:47:58;Buy;0.3;AAPL;217.982;0.3;2024.07.31 19:00:43;222.506;-6.18;-3.52;125.56
2024.07.24 18:00:23;Buy;0.04;AAPL;217.752;0.04;2024.07.31 19:00:43;222.496;-0.82;-0.48;17.56
2024.07.30 18:55:40;Buy;0.3;NVDA;103.046;0.3;2024.07.31 17:31:48;115.97;-3.21;-0.24;358.21
2024.07.25 16:07:24;Buy;0.25;NVDA;107.342;0.25;2024.07.31 17:31:48;115.97;-2.68;-1.28;199.28
2024.07.25 15:33:25;Buy;0.21;NVDA;111.82;0.21;2024.07.31 17:31:48;115.97;-2.25;-1.08;80.52
2024.07.18 17:23:58;Buy;0.17;NVDA;116.672;0.17;2024.07.31 17:31:48;115.97;-1.8199999999999998;-1.97;-11.02
2024.07.17 15:32:19;Buy;0.14;NVDA;121.51400000000001;0.14;2024.07.31 17:31:48;115.97;-1.5;-1.73;-71.72
2024.07.16 15:57:48;Buy;0.12;NVDA;126.516;0.12;2024.07.31 17:31:48;115.97;-1.29;-1.6099999999999999;-116.93
2024.07.12 20:44:35;Buy;0.1;NVDA;131.796;0.1;2024.07.31 17:31:48;115.97;-1.07;-1.74;-146.22
2024.05.01 15:32:02;Buy;0.01;MA;445.33200000000005;0.01;2024.07.31 15:32:13;469;-0.43;-3.01;21.82
2024.04.10 18:30:54;Buy;0.01;MA;472.04400000000004;0.01;2024.07.31 15:32:13;469;-0.43;-3.82;-2.8
2024.07.23 15:34:02;Buy;0.1;KO;65.894;0.1;2024.07.30 17:28:15;67.32;-0.62;-0.35;13.2
2024.07.24 21:47:29;Buy;0.01;MCO;433.526;0.01;2024.07.26 19:00:54;451.8;-0.42;-0.06;16.81
2024.07.12 20:45:04;Buy;0.01;MCO;450.9;0.01;2024.07.26 19:00:54;451.8;-0.42;-0.44;0.83
2024.07.17 16:13:50;Buy;0.03;JNJ;156.684;0.03;2024.07.25 16:07:50;160.12;-0.44;-0.31;9.51
2024.07.17 15:32:01;Buy;0.1;KO;64.45;0.1;2024.07.23 15:34:01;65.86;-0.61;-0.3;13
2024.07.17 21:03:17;Buy;0.3;META;461.09;0.3;2024.07.19 17:09:25;483.7;-13.33;-2.15;622.89
2024.07.16 15:34:20;Buy;0.02;BRKb;436.44;0.02;2024.07.17 21:29:10;446;-0.82;-0.07;17.48
2024.07.17 15:32:00;Buy;0.01;UNH;559.99;0.01;2024.07.17 19:30:46;572.34;-0.52;;11.29
2024.07.17 15:32:54;Buy;0.03;JNJ;153.28;0.03;2024.07.17 16:13:49;156.65;-0.43;;9.24
2024.05.28 15:32:01;Buy;0.03;JNJ;146.14999999999998;0.03;2024.07.17 15:32:53;153.21;-0.42;-1.5699999999999998;19.36
2024.05.16 18:54:54;Buy;0.03;JNJ;153.72;0.03;2024.07.17 15:32:53;153.21;-0.42;-1.98;-1.4
2024.05.08 21:50:58;Buy;0.1;KO;62.98400000000001;0.1;2024.07.17 15:32:00;64.43;-0.59;-3.48;13.22
2024.07.16 15:49:13;Buy;0.01;UNH;539;0.01;2024.07.17 15:32:00;559;-0.51;-0.04;18.28
2024.07.04 04:00:33;Buy;0.04;BTCUSD;58267.984;0.04;2024.07.17 03:09:26;65739.7206;-7.24;-11.73;274.26
2024.06.18 03:44:01;Buy;0.03;BTCUSD;64744.5858;0.03;2024.07.17 03:09:26;65740.2246;-5.43;-20.45;27.41
2024.05.21 02:19:07;Buy;0.03;BTCUSD;72072.883;0.03;2024.07.17 03:09:26;65739.6266;-5.43;-42.62;-174.36
2024.07.02 18:47:15;Buy;0.1;WFC;60.706;0.1;2024.07.16 18:08:52;59.74;-0.55;-0.66;-8.88
2024.07.02 21:41:46;Buy;0.03;JPM;208.576;0.03;2024.07.16 18:08:24;213.12;-0.59;-0.68;12.52
2024.07.12 20:44:42;Buy;0.11;WFC;56.426;0.11;2024.07.16 17:14:18;59.33;-0.6;-0.19;29.35
2024.07.16 15:36:35;Buy;0.1;BAC;43.07;0.1;2024.07.16 16:38:03;44.02;-0.4;;8.73
2024.07.15 15:32:01;Buy;0.01;UNH;526.77;0.01;2024.07.16 15:49:13;538.27;-0.49;-0.04;10.57
2024.07.15 17:55:34;Buy;0.1;BAC;42.11;0.1;2024.07.16 15:36:34;43.05;-0.4;-0.03;8.64
2024.07.12 20:44:40;Buy;0.02;BRKb;426.49;0.02;2024.07.16 15:34:05;435.9;-0.8;-0.26;17.3
2024.07.05 06:17:45;Buy;0.4;ETHUSD;2862.919;0.4;2024.07.15 18:41:48;3395.178;-3.73;-4.74;195.14
2024.07.04 04:00:54;Buy;0.4;ETHUSD;3179.503;0.4;2024.07.15 18:41:48;3395.178;-3.73;-5.23;79.07
2024.06.11 08:56:41;Buy;0.3;ETHUSD;3530.433;0.3;2024.07.15 18:41:48;3395.178;-2.8;-13.21;-37.2
2024.05.27 04:18:50;Buy;0.3;ETHUSD;3921.103;0.3;2024.07.15 18:41:48;3395.178;-2.8;-19.76;-144.62
2024.07.03 15:32:03;Buy;0.1;BAC;41.186;0.1;2024.07.15 17:55:20;42.08;-0.39;-0.37;8.19
2024.07.15 15:34:35;Buy;0.02;TSLA;256.15;0.02;2024.07.15 15:53:03;261.78;-0.48;;10.32
2024.07.12 20:44:36;Buy;0.02;TSLA;250.298;0.02;2024.07.15 15:34:35;256.01;-0.47;-0.11;10.46
2024.07.09 15:56:08;Buy;0.03;AAPL;227.99;0.03;2024.07.15 15:32:00;236.22;-0.65;-0.31;22.62
2024.05.29 15:32:03;Buy;0.01;UNH;485.514;0.01;2024.07.15 15:32:00;524.6;-0.48;-1.8399999999999999;35.82
2024.05.15 17:08:36;Buy;0.01;UNH;522.406;0.01;2024.07.15 15:32:00;524.6;-0.48;-2.4;2.01
2024.04.10 15:32:04;Buy;0.02;BRKb;411.974;0.02;2024.07.12 19:37:05;427.29;-0.78;-5.71;28.09
2024.04.04 16:25:47;Buy;0.02;BRKb;424.388;0.02;2024.07.12 19:37:05;427.29;-0.78;-6.08;5.32
2024.07.09 19:05:04;Buy;0.01;MCO;437.58;0.01;2024.07.12 16:05:03;447.32;-0.41;-0.09;8.94
2024.07.09 18:23:44;Buy;0.02;TSLA;264.32;0.02;2024.07.11 15:57:14;270.09;-0.5;-0.08;10.6
2024.07.09 15:56:23;Buy;0.1;NVDA;132.37;0.1;2024.07.11 15:32:00;135.6;-1.25;-0.2;29.68
2024.07.05 15:35:15;Buy;0.03;GOOG;189.06;0.03;2024.07.10 20:45:09;193.16;-0.54;-0.21;11.36
2024.07.05 15:33:40;Buy;0.03;GOOGL;187.32;0.03;2024.07.10 19:20:25;191.38;-0.53;-0.21;11.25
2024.06.24 16:40:57;Buy;0.01;MCO;427.53;0.01;2024.07.09 19:04:40;436.75;-0.4;-0.47;8.53
2024.07.08 17:42:44;Buy;0.02;TSLA;258.66;0.02;2024.07.09 18:23:44;264.28;-0.49;-0.04;10.4
2024.06.24 15:43:58;Buy;0.17;NVDA;122.624;0.17;2024.07.09 15:56:22;132.31;-2.08;-2.4699999999999998;152.12
2024.06.21 15:32:01;Buy;0.14;NVDA;127.7;0.14;2024.07.09 15:56:22;132.31;-1.71;-2.45;59.62
2024.06.20 18:30:48;Buy;0.12;NVDA;133.462;0.12;2024.07.09 15:56:22;132.31;-1.47;-2.24;-12.77
2024.06.20 15:32:48;Buy;0.1;NVDA;139.086;0.1;2024.07.09 15:56:22;132.31;-1.22;-1.87;-62.6
2024.07.05 15:41:28;Buy;0.03;AAPL;223.14;0.03;2024.07.09 15:56:08;227.97;-0.63;-0.21;13.39
2024.07.08 16:04:26;Buy;0.02;TSLA;253.04;0.02;2024.07.08 17:42:43;258.59;-0.48;;10.25
2024.07.03 16:42:49;Buy;0.02;TSLA;247.67;0.02;2024.07.08 16:04:25;253.03;-0.47;-0.2;9.89
2024.07.05 16:03:25;Buy;0.02;META;524.37;0.02;2024.07.05 20:47:30;535.71;-0.99;;20.93
2024.06.26 16:26:49;Buy;0.02;META;513.22;0.02;2024.07.05 16:03:24;524.32;-0.97;-0.72;20.53
2024.07.02 16:04:37;Buy;0.03;AAPL;218.41;0.03;2024.07.05 15:41:26;223.11;-0.62;-0.15;13.02
2024.06.25 21:41:34;Buy;0.03;GOOG;185.05;0.03;2024.07.05 15:35:14;189.02;-0.52;-0.41;11
2024.06.25 21:21:52;Buy;0.03;GOOGL;183.336;0.03;2024.07.05 15:33:39;187.27;-0.52;-0.41;10.9
2024.07.03 16:16:25;Buy;0.02;TSLA;242.19;0.02;2024.07.03 16:42:48;247.48;-0.46;;9.79
2024.07.03 15:32:00;Buy;0.02;TSLA;236.916;0.02;2024.07.03 16:16:24;242.06;-0.45;;9.51
2024.07.01 15:47:26;Buy;0.1;BAC;40.25;0.1;2024.07.03 15:32:01;41.14;-0.38;-0.06;8.25
2024.07.02 16:27:33;Buy;0.02;TSLA;228.46;0.02;2024.07.03 15:32:00;236.81;-0.44;-0.04;15.49
2024.07.01 15:32:02;Buy;0.03;JPM;204.178;0.03;2024.07.02 21:41:44;208.57;-0.58;-0.05;12.27
2024.06.11 15:34:49;Buy;0.12;WFC;56.968;0.12;2024.07.02 18:47:14;60.7;-0.68;-1.11;41.72
2024.05.28 19:52:14;Buy;0.11;WFC;59.296;0.11;2024.07.02 18:47:14;60.7;-0.62;-1.75;14.39
2024.05.15 16:25:41;Buy;0.1;WFC;62.404;0.1;2024.07.02 18:47:14;60.7;-0.57;-2.22;-15.88
2024.07.02 15:52:22;Buy;0.02;TSLA;223.62000000000003;0.02;2024.07.02 16:27:33;228.43;-0.43;;8.97
2024.06.20 17:19:02;Buy;0.04;AAPL;210.046;0.04;2024.07.02 16:04:36;218.38;-0.81;-0.8;31.05
2024.06.17 20:57:39;Buy;0.03;AAPL;218.802;0.03;2024.07.02 16:04:36;218.38;-0.61;-0.75;-1.18
2024.07.02 15:32:03;Buy;0.02;TSLA;218.85000000000002;0.02;2024.07.02 15:52:21;223.58;-0.42;;8.8
2024.07.01 20:14:44;Buy;0.02;TSLA;213.18;0.02;2024.07.02 15:32:00;218.84;-0.41;-0.03;10.55
2024.07.01 16:01:50;Buy;0.02;TSLA;208.58;0.02;2024.07.01 20:14:43;213.09;-0.4;;8.41
2024.07.01 15:35:13;Buy;0.02;TSLA;204.03;0.02;2024.07.01 16:01:49;208.44199999999998;-0.39;;8.2
2024.06.26 18:34:43;Buy;0.11;BAC;38.626;0.11;2024.07.01 15:47:19;40.224;-0.41;-0.16;16.34
2024.06.20 15:51:18;Buy;0.1;BAC;40.22;0.1;2024.07.01 15:47:19;40.224;-0.37;-0.33;0.04
2024.06.28 15:32:01;Buy;0.02;TSLA;199.65000000000003;0.02;2024.07.01 15:35:12;203.94;-0.38;-0.09;7.98
2024.06.11 15:34:23;Buy;0.03;JPM;195.20999999999998;0.03;2024.07.01 15:32:00;204.1;-0.57;-0.96;24.79
2024.05.16 16:44:25;Buy;0.03;JPM;203.32000000000002;0.03;2024.07.01 15:32:00;204.1;-0.57;-2.22;2.18
2024.06.30 23:59:59;Deal Interestrate;;;;;;;;;126.08807125000003
2024.06.26 17:42:18;Buy;0.02;TSLA;194.61;0.02;2024.06.28 15:32:00;199.55;-0.37;-0.06;9.24
2024.06.26 19:55:25;Buy;0.03;AMZN;194.4;0.03;2024.06.27 18:12:13;198.55;-0.56;-0.05;11.63
2024.06.24 15:32:27;Buy;0.03;AMZN;190.296;0.03;2024.06.26 19:55:24;194.38;-0.55;-0.08;11.47
2024.06.26 15:33:50;Buy;0.02;TSLA;190.52;0.02;2024.06.26 17:42:17;194.58;-0.36;;7.6
2024.06.17 15:32:00;Buy;0.02;META;502.026;0.02;2024.06.26 16:26:49;513.01;-0.96;-0.71;20.56
2024.06.17 17:04:46;Buy;0.02;TSLA;186.45;0.02;2024.06.26 15:33:49;190.45;-0.36;-0.27;7.5
2024.06.21 16:17:01;Buy;0.03;GOOG;181.14;0.03;2024.06.25 21:41:33;185.01;-0.52;-0.17;10.83
2024.06.21 16:15:42;Buy;0.03;GOOGL;179.49;0.03;2024.06.25 21:21:47;183.33;-0.51;-0.17;10.75
2024.06.18 18:17:27;Buy;0.01;MCO;418.11;0.01;2024.06.24 16:40:54;427.11;-0.4;-0.19;8.38
2024.05.21 15:32:03;Buy;0.04;AMZN;182.00800000000004;0.04;2024.06.24 15:32:26;190.26;-0.71;-1.97;30.74
2024.05.09 19:04:45;Buy;0.03;AMZN;191.66199999999998;0.03;2024.06.24 15:32:26;190.26;-0.53;-1.8900000000000001;-3.92
2024.05.29 17:42:13;Buy;0.01;GOOGL;176.096;0.01;2024.06.21 17:07:30;179.018;-0.17;-0.26;2.73
2024.06.17 15:32:01;Buy;0.03;GOOG;177.30400000000003;0.03;2024.06.21 16:17:01;181.12;-0.51;-0.16;10.71
2024.06.17 15:32:00;Buy;0.03;GOOGL;175.69;0.03;2024.06.21 16:15:41;179.46;-0.5;-0.16;10.58
2024.05.06 19:31:12;Buy;0.5;DIS;116.59400000000001;0.5;2024.06.21 15:57:32;102.166;-4.78;-18.28;-675.35
2024.06.20 18:53:01;Buy;1;NVDA;133.78;1;2024.06.21 15:57:22;125.91600000000001;-11.79;-1.02;-736.19
2024.06.20 17:09:56;Buy;1;NVDA;139.332;1;2024.06.20 18:30:48;133.43;-12.46;;-551.23
2024.06.10 17:18:15;Buy;1;NVDA;121.912;1;2024.06.20 18:30:48;133.43;-12.46;-10.04;1075.67
2024.06.11 15:37:41;Buy;0.11;BAC;38.596000000000004;0.11;2024.06.20 15:51:17;40.2;-0.41;-0.28;16.44
2024.06.03 15:33:31;Buy;0.1;BAC;40.192;0.1;2024.06.20 15:51:17;40.2;-0.37;-0.51;0.07
2024.06.18 19:53:26;Buy;0.1;NVDA;136.17;0.1;2024.06.20 15:32:48;139.15;-1.3;-0.22;27.79
2024.06.17 15:32:01;Buy;0.1;NVDA;133.28199999999998;0.1;2024.06.18 19:53:25;136.14;-1.27;-0.1;26.62
2024.06.17 15:32:01;Buy;0.01;MCO;409.014;0.01;2024.06.18 18:17:14;417.78;-0.39;-0.03;8.17
2024.06.17 15:32:00;Buy;0.03;AAPL;214.212;0.03;2024.06.17 20:57:39;218.8;-0.61;;12.82
2024.06.17 16:31:35;Buy;0.02;TSLA;182.458;0.02;2024.06.17 17:04:45;186.37;-0.35;;7.3
2024.06.17 15:32:00;Buy;0.02;TSLA;178.564;0.02;2024.06.17 16:31:34;182.39;-0.34;;7.14
2024.06.11 15:54:04;Buy;0.03;TSLA;168.36;0.03;2024.06.12 17:38:53;178.61;-0.49;-0.04;28.35
2024.05.23 19:51:56;Buy;0.02;TSLA;175.306;0.02;2024.06.12 17:38:53;178.61;-0.33;-0.57;6.09
2024.05.21 20:00:11;Buy;0.02;TSLA;184.154;0.02;2024.06.12 17:38:53;178.61;-0.33;-0.63;-10.22
2024.05.30 21:50:01;Buy;0.01;MCO;395.61599999999993;0.01;2024.06.12 16:33:53;414.32;-0.38;-0.39;17.24
2024.05.21 20:30:29;Buy;0.01;MCO;415.348;0.01;2024.06.12 16:33:53;414.32;-0.38;-0.66;-0.95
2024.06.10 17:00:21;Buy;0.01;NVDA;121.976;0.01;2024.06.12 15:45:31;124.6;-0.12;-0.02;2.42
2024.06.10 15:53:17;Buy;0.02;MSFT;427.53800000000007;0.02;2024.06.12 15:45:16;436.73;-0.81;-0.14;16.97
2024.06.06 16:12:33;Buy;0.02;META;500.918;0.02;2024.06.12 15:33:22;511.89;-0.94;-0.47;20.25
2024.05.17 16:14:52;Buy;0.03;GOOG;176.876;0.03;2024.06.12 15:32:00;181.71;-0.5;-1.04;13.38
2024.05.16 16:58:45;Buy;0.03;GOOGL;174.984;0.03;2024.06.12 15:32:00;180.04;-0.5;-1.08;14
2024.06.11 16:43:45;Buy;0.03;AAPL;202.496;0.03;2024.06.12 15:32:00;208.15;-0.58;-0.05;15.65
2024.06.11 15:52:15;Buy;0.03;AAPL;198.212;0.03;2024.06.11 16:43:45;202.46;-0.57;;11.88
2024.06.03 15:45:27;Buy;0.03;AAPL;193.958;0.03;2024.06.11 15:52:15;198.2;-0.55;-0.35;11.87
2024.03.06 16:57:56;Buy;0.3;AAPL;169.836;0.3;2024.06.11 15:35:40;196.246;-5.49;-40.04;738.82
2024.06.10 15:46:45;Buy;0.01;NVDA;119.384;0.01;2024.06.10 17:00:20;121.95;-0.11;;2.39
2024.05.31 16:40:10;Buy;0.02;MSFT;407.578;0.02;2024.06.10 15:53:16;427.4;-0.8;-0.64;36.91
2024.05.21 16:20:18;Buy;0.02;MSFT;428.972;0.02;2024.06.10 15:53:16;427.4;-0.8;-1.32;-2.92
2024.06.06 15:59:12;Buy;0.01;NVDA;1191.078;0.01;2024.06.07 23:51:46;1210.02;-1.12;-0.09;17.53
2024.06.06 15:32:17;Buy;0.01;NVDA;1239.532;0.01;2024.06.07 23:51:46;1210.02;-1.12;-0.09;-27.32
2024.06.05 15:43:26;Buy;0.02;META;490.00800000000004;0.02;2024.06.06 16:12:31;500.69;-0.92;-0.08;19.63
2024.06.05 19:17:25;Buy;0.01;NVDA;1212.0100000000002;0.01;2024.06.06 15:32:17;1238.46;-1.1400000000000001;-0.09;24.3
2024.06.05 15:38:13;Buy;0.01;NVDA;1185.8519999999999;0.01;2024.06.05 19:17:25;1211.76;-1.12;;23.85
2024.06.03 17:25:43;Buy;0.02;META;479.338;0.02;2024.06.05 15:43:25;489.78;-0.9;-0.14;19.18
2024.06.04 15:33:11;Buy;0.01;NVDA;1160.19;0.01;2024.06.05 15:38:12;1185.23;-1.09;-0.09;23.01
2024.06.03 15:32:00;Buy;0.01;NVDA;1133.9219999999998;0.01;2024.06.04 15:33:11;1158.77;-1.07;-0.09;22.87
2024.05.31 16:23:35;Buy;0.02;META;457.062;0.02;2024.06.03 17:25:42;479.2;-0.88;-0.22;40.67
2024.05.15 20:10:54;Buy;0.02;META;480.94800000000004;0.02;2024.06.03 17:25:42;479.2;-0.88;-1.3599999999999999;-3.21
2024.05.15 16:25:34;Buy;0.03;AAPL;189.776;0.03;2024.06.03 15:45:26;193.892;-0.54;-0.79;11.38
2024.05.16 18:46:46;Buy;0.1;BAC;39.308;0.1;2024.06.03 15:33:30;40.16;-0.37;-0.54;7.85
2024.05.31 18:16:27;Buy;0.01;NVDA;1078.468;0.01;2024.06.03 15:32:00;1133.1;-1.04;-0.25;50.34
2024.05.28 18:47:19;Buy;0.01;NVDA;1134.088;0.01;2024.06.03 15:32:00;1133.1;-1.04;-0.51;-0.91
2024.05.31 23:59:59;Deal Interestrate;;;;;;;;;127.91794250000002
2024.05.28 15:32:02;Buy;0.01;NVDA;1109.536;0.01;2024.05.28 18:47:18;1133.69;-1.04;;22.21
2024.05.23 16:29:59;Buy;0.01;NVDA;1043.012;0.01;2024.05.28 15:32:01;1107.72;-1.02;-0.4;59.49
2024.05.23 23:02:16;Buy;0.3;ETHUSD;3837.561;0.3;2024.05.27 04:18:49;3919.551;-3.25;-1.74;22.67
2024.05.23 22:00:39;Buy;0.3;ETHUSD;3552.9087999999997;0.3;2024.05.23 23:02:15;3827.5280000000002;-3.19;;76.15
2024.05.23 14:08:26;Buy;0.3;ETHUSD;3937.7817999999997;0.3;2024.05.23 23:02:15;3827.4;-3.19;;-30.6
2024.05.23 15:32:05;Buy;0.01;NVDA;1020.134;0.01;2024.05.23 16:29:58;1041.95;-0.96;;20.14
2024.05.22 15:32:37;Buy;0.01;NVDA;961.832;0.01;2024.05.23 15:32:04;1018.11;-0.94;-0.07;51.83
2024.05.23 13:07:51;Buy;0.3;ETHUSD;3851.5114;0.3;2024.05.23 14:08:25;3936.667;-3.26;;23.54
2024.05.21 13:22:56;Buy;0.3;ETHUSD;3768.4180000000006;0.3;2024.05.23 13:07:51;3850.815;-3.2;-0.87;22.78
2024.05.15 16:37:04;Buy;0.01;NVDA;938.952;0.01;2024.05.22 15:32:36;959.48;-0.89;-0.49;18.94
2024.05.10 15:35:02;Buy;0.01;MCO;406.02200000000005;0.01;2024.05.21 20:30:29;414.88;-0.38;-0.34;8.16
2024.05.10 16:54:06;Buy;0.03;TSLA;168.48399999999998;0.03;2024.05.21 20:00:10;183.86;-0.51;-0.44;42.5
2024.05.02 16:09:24;Buy;0.03;TSLA;177.14000000000001;0.03;2024.05.21 20:00:10;183.86;-0.51;-0.77;18.57
2024.04.30 16:55:40;Buy;0.02;TSLA;185.92600000000002;0.02;2024.05.21 20:00:10;183.86;-0.34;-0.6;-3.81
2024.04.29 17:50:20;Buy;0.02;TSLA;195.428;0.02;2024.05.21 20:00:10;183.86;-0.34;-0.63;-21.32
2024.05.15 16:25:34;Buy;0.02;MSFT;419.40000000000003;0.02;2024.05.21 16:20:16;428.51;-0.79;-0.38;16.79
2024.05.21 00:22:42;Buy;0.3;ETHUSD;3687.4967999999994;0.3;2024.05.21 13:22:56;3767.643;-3.12;;22.13
2024.05.20 22:00:11;Buy;0.03;BTCUSD;70239.8034;0.03;2024.05.21 02:19:06;72059.01659999999;-5.97;-0.8;50.26
2024.05.20 23:52:41;Buy;0.3;ETHUSD;3602.7879999999996;0.3;2024.05.21 00:22:42;3681.3568;-3.05;-0.42;21.71
2024.05.20 22:35:05;Buy;0.3;ETHUSD;3518.3264;0.3;2024.05.20 23:52:41;3593.5218;-2.98;;20.77
2024.05.20 21:36:39;Buy;0.3;ETHUSD;3441.5888000000004;0.3;2024.05.20 22:35:05;3516.465;-2.91;;20.69
2024.05.20 20:41:07;Buy;0.03;BTCUSD;68669.81219999999;0.03;2024.05.20 22:00:11;70210.838;-5.82;;42.58
2024.05.20 21:30:07;Buy;0.3;ETHUSD;3366.447;0.3;2024.05.20 21:36:39;3440.235;-2.85;;20.38
2024.05.20 21:23:55;Buy;0.3;ETHUSD;3288.412;0.3;2024.05.20 21:30:06;3360.954;-2.7800000000000002;;20.04
2024.05.20 21:22:09;Buy;0.3;ETHUSD;3196.8522000000003;0.3;2024.05.20 21:23:55;3267.248;-2.71;;19.43
2024.05.18 11:53:50;Buy;0.3;ETHUSD;3128.0280000000002;0.3;2024.05.20 21:22:08;3196.385;-2.65;-0.71;18.88
2024.05.17 17:29:15;Buy;0.03;BTCUSD;67217.51199999999;0.03;2024.05.20 20:41:07;68680.038;-5.6899999999999995;-2.3;40.37
2024.05.10 18:05:45;Buy;0.3;ETHUSD;2899.9956;0.3;2024.05.18 11:53:50;3125.685;-2.59;-2.73;62.28
2024.05.06 10:25:54;Buy;0.3;ETHUSD;3218.1749999999997;0.3;2024.05.18 11:53:50;3125.685;-2.59;-4.14;-25.52
2024.05.15 20:58:18;Buy;0.03;BTCUSD;65770.35519999999;0.03;2024.05.17 17:29:14;67212.738;-5.5600000000000005;-1.51;39.8
2024.05.07 18:16:54;Buy;0.03;GOOG;173.01399999999998;0.03;2024.05.17 16:14:52;176.77;-0.49;-0.4;10.38
2024.04.10 18:29:44;Buy;0.03;JNJ;150.29799999999997;0.03;2024.05.16 18:54:44;153.56;-0.42;-1.15;9
2024.04.23 19:44:12;Buy;0.1;BAC;38.438;0.1;2024.05.16 18:45:26;39.27;-0.36;-0.69;7.65
2024.05.07 18:00:52;Buy;0.03;GOOGL;171.204;0.03;2024.05.16 16:58:45;174.92;-0.48;-0.36;10.26
2024.05.10 15:32:05;Buy;0.03;JPM;198.94600000000003;0.03;2024.05.16 16:44:24;203.23;-0.56;-0.29;11.82
2024.05.04 12:59:06;Buy;0.03;BTCUSD;64365.798800000004;0.03;2024.05.15 20:58:18;65777.254;-5.44;-7.9399999999999995;38.94
2024.04.25 15:32:03;Buy;0.03;META;419.85;0.03;2024.05.15 20:10:53;480.56;-1.33;-2.11;167.4
2024.04.17 17:30:29;Buy;0.02;META;495.522;0.02;2024.05.15 20:10:53;480.56;-0.88;-2.04;-27.5
2024.04.04 15:32:03;Buy;0.02;META;520.9459999999999;0.02;2024.05.15 20:10:53;480.56;-0.88;-3.08;-74.24
2024.05.10 16:03:18;Buy;0.01;UNH;510.596;0.01;2024.05.15 17:08:35;521.73;-0.48;-0.2;10.24
2024.05.06 16:00:19;Buy;0.01;NVDA;917.822;0.01;2024.05.15 16:37:03;937.75;-0.86;-0.63;18.36
2024.05.03 15:32:02;Buy;0.03;AAPL;185.62;0.03;2024.05.15 16:21:00;189.62;-0.52;-0.5;11.07
2024.04.19 16:15:57;Buy;0.02;MSFT;401.056;0.02;2024.05.15 15:40:04;420.25;-0.77;-1.6;35.38
2024.03.20 19:59:18;Buy;0.02;MSFT;421.754;0.02;2024.05.15 15:40:04;420.25;-0.77;-3.58;-2.77
2024.04.22 16:10:33;Buy;0.1;WFC;60.938;0.1;2024.05.15 15:32:12;62.31;-0.57;-1.12;12.64
2024.04.30 15:56:28;Buy;0.02;V;268.91400000000004;0.02;2024.05.13 15:46:33;281.71;-0.52;-0.53;23.69
2024.04.24 15:32:26;Buy;0.02;V;282.67;0.02;2024.05.13 15:46:33;281.71;-0.52;-0.78;-1.78
2024.04.18 16:06:42;Buy;0.01;UNH;498.77399999999994;0.01;2024.05.10 16:03:17;509.5;-0.47;-0.87;9.95
2024.05.07 15:32:50;Buy;0.01;MCO;392.878;0.01;2024.05.10 15:33:32;401.57;-0.37;-0.09;8.06
2024.04.26 15:53:12;Buy;0.03;JPM;194.33400000000003;0.03;2024.05.10 15:32:04;198.76;-0.55;-0.62;12.32
2024.05.03 16:39:55;Buy;0.03;AMZN;187.466;0.03;2024.05.09 19:04:44;191.51;-0.53;-0.25;11.25
2024.04.24 21:23:17;Buy;0.1;KO;61.598;0.1;2024.05.08 21:50:46;62.92;-0.59;-0.68;12.3
2024.04.30 20:55:59;Buy;0.04;GOOG;165.634;0.04;2024.05.07 18:16:53;172.95;-0.64;-0.36;27.16
2024.04.26 15:32:02;Buy;0.03;GOOG;174.278;0.03;2024.05.07 18:16:53;172.95;-0.48;-0.44;-3.69
2024.04.30 19:16:48;Buy;0.04;GOOGL;163.914;0.04;2024.05.07 18:00:51;171.17;-0.64;-0.36;26.95
2024.04.26 15:32:02;Buy;0.03;GOOGL;172.48199999999997;0.03;2024.05.07 18:00:51;171.17;-0.48;-0.44;-3.66
2024.05.02 15:51:46;Buy;0.01;MCO;365.788;0.01;2024.05.07 15:32:38;389.01;-0.36;-0.15;21.54
2024.04.16 15:33:19;Buy;0.01;MCO;379.46400000000006;0.01;2024.05.07 15:32:38;389.01;-0.36;-0.63;8.86
2024.04.10 18:30:54;Buy;0.01;MCO;390.384;0.01;2024.05.07 15:32:38;389.01;-0.36;-0.81;-1.27
2024.04.25 15:34:39;Buy;0.55;DIS;111.322;0.55;2024.05.06 19:31:12;116.48;-5.95;-5.29;263.3
2024.04.10 18:29:28;Buy;0.5;DIS;117.02399999999999;0.5;2024.05.06 19:31:12;116.48;-5.41;-11.47;-25.25
2024.05.06 15:32:19;Buy;0.01;NVDA;896.6940000000001;0.01;2024.05.06 16:00:18;916.18;-0.85;;18.07
2024.05.03 15:32:13;Buy;0.01;NVDA;876.32;0.01;2024.05.06 15:32:18;895.43;-0.83;-0.21;17.72
2024.04.30 14:11:35;Buy;0.3;ETHUSD;2983.473;0.3;2024.05.06 10:25:53;3215.74;-2.69;-2.13;64.68
2024.04.28 04:51:35;Buy;0.3;ETHUSD;3312.831;0.3;2024.05.06 10:25:53;3215.74;-2.69;-2.89;-27.04
2024.05.01 09:36:50;Buy;0.04;BTCUSD;57089.4832;0.04;2024.05.04 12:59:05;64356.638;-7.18;-2.79;270.03
2024.04.13 22:06:24;Buy;0.03;BTCUSD;63457.462;0.03;2024.05.04 12:59:05;64356.638;-5.38;-15.53;25.06
2024.04.11 00:04:10;Buy;0.03;BTCUSD;70466.188;0.03;2024.05.04 12:59:05;64356.638;-5.38;-17.14;-170.26
2024.04.29 15:32:01;Buy;0.03;AMZN;183.436;0.03;2024.05.03 16:39:54;187.36;-0.52;-0.16;10.93
2024.05.01 16:09:39;Buy;0.01;NVDA;834.724;0.01;2024.05.03 15:32:12;874;-0.81;-0.13;36.44
2024.04.26 18:57:42;Buy;0.01;NVDA;876.6880000000001;0.01;2024.05.03 15:32:12;874;-0.81;-0.47;-2.5
2024.03.06 21:15:25;Buy;0.07;AAPL;168.93599999999998;0.07;2024.05.03 15:32:02;185.28;-1.2;-5.3;106.11
2024.03.04 17:29:33;Buy;0.06;AAPL;174.052;0.06;2024.05.03 15:32:02;185.28;-1.03;-4.79;62.48
2024.03.01 16:56:10;Buy;0.05;AAPL;179.36599999999999;0.05;2024.05.03 15:32:01;185.28;-0.86;-4.27;27.43
2024.01.31 22:54:06;Buy;0.04;AAPL;184.81;0.04;2024.05.03 15:32:01;185.28;-0.69;-5.02;1.74
2024.01.29 16:47:17;Buy;0.04;AAPL;190.44199999999998;0.04;2024.05.03 15:32:01;185.28;-0.69;-5.14;-19.15
2024.01.24 16:32:02;Buy;0.03;AAPL;196.20199999999997;0.03;2024.05.03 15:32:01;185.28;-0.52;-4.05;-30.39
2024.04.30 23:59:59;Deal Interestrate;;;;;;;;;111.45895125
2024.04.29 17:14:51;Buy;0.02;TSLA;190.92200000000003;0.02;2024.04.29 17:50:17;195.02;-0.36;;7.65
2024.04.29 15:32:02;Buy;0.02;TSLA;186.688;0.02;2024.04.29 17:14:50;190.68;-0.36;;7.44
2024.04.25 21:22:43;Buy;0.02;TSLA;170.788;0.02;2024.04.29 15:32:00;185.9;-0.35;-0.11;28.24
2024.04.25 15:32:01;Buy;0.04;AMZN;168.926;0.04;2024.04.29 15:32:00;182.89;-0.68;-0.22;52.21
2024.04.18 19:18:19;Buy;0.04;AMZN;179.596;0.04;2024.04.29 15:32:00;182.89;-0.68;-0.61;12.32
2024.04.11 19:17:29;Buy;0.03;AMZN;188.98000000000002;0.03;2024.04.29 15:32:00;182.89;-0.51;-0.74;-17.08
2024.04.23 16:13:24;Buy;0.3;ETHUSD;3241.8867999999998;0.3;2024.04.28 04:51:34;3311.298;-2.79;-1.8599999999999999;19.46
2024.04.26 15:59:04;Buy;0.01;NVDA;856.87;0.01;2024.04.26 18:57:40;875.25;-0.82;;17.19
2024.04.19 21:47:22;Buy;0.04;NVDA;757.482;0.04;2024.04.26 15:59:03;855.4;-3.2;-1.73;365.78
2024.04.19 19:57:18;Buy;0.03;NVDA;796.146;0.03;2024.04.26 15:59:03;855.4;-2.4;-1.29;166.01
2024.04.09 16:30:39;Buy;0.02;NVDA;835.8659999999999;0.02;2024.04.26 15:59:03;855.4;-1.6;-2.21;36.49
2024.04.09 16:07:07;Buy;0.02;NVDA;860.8420000000001;0.02;2024.04.26 15:59:03;855.4;-1.6;-2.21;-10.16
2024.04.02 15:32:36;Buy;0.02;NVDA;885.9899999999999;0.02;2024.04.26 15:59:03;855.4;-1.6;-3.16;-57.14
2024.03.27 15:44:31;Buy;0.01;NVDA;911.2740000000001;0.01;2024.04.26 15:59:03;855.4;-0.8;-2.02;-52.18
2024.03.26 21:33:02;Buy;0.01;NVDA;938.944;0.01;2024.04.26 15:59:03;855.4;-0.8;-2.09;-78.02
2024.03.25 16:12:33;Buy;0.01;NVDA;966.446;0.01;2024.04.26 15:59:03;855.4;-0.8;-2.16;-103.71
2024.04.12 15:54:21;Buy;0.03;JPM;185.39;0.03;2024.04.26 15:53:12;194.26;-0.54;-0.6;24.84
2024.04.10 18:30:01;Buy;0.03;JPM;195.04000000000002;0.03;2024.04.26 15:53:12;194.26;-0.54;-0.7;-2.18
2024.04.09 15:55:31;Buy;0.03;GOOGL;157.99400000000003;0.03;2024.04.26 15:32:01;172.35999999999999;-0.48;-0.66;40.24
2024.04.09 15:32:09;Buy;0.03;GOOG;158.32200000000003;0.03;2024.04.26 15:32:01;174.118;-0.49;-0.66;44.24
2024.04.25 17:03:21;Buy;0.02;TSLA;166.92600000000002;0.02;2024.04.25 21:22:42;170.68;-0.32;;7
2024.04.24 18:14:46;Buy;0.02;TSLA;158.862;0.02;2024.04.25 17:03:20;166.5;-0.31;-0.03;14.26
2024.04.24 16:06:24;Buy;0.02;TSLA;166.95399999999998;0.02;2024.04.25 17:03:20;166.5;-0.31;-0.03;-0.85
2024.04.19 21:02:29;Buy;0.1;KO;60.263999999999996;0.1;2024.04.24 21:22:58;61.54;-0.58;-0.24;11.92
2024.04.24 15:32:06;Buy;0.02;TSLA;163.16599999999997;0.02;2024.04.24 16:06:22;166.66;-0.31;;6.53
2024.04.10 18:30:17;Buy;0.02;V;275.21999999999997;0.02;2024.04.24 15:32:25;280.83;-0.53;-0.58;10.49
2024.04.22 15:32:02;Buy;0.04;TSLA;139.73399999999998;0.04;2024.04.24 15:32:05;162.64400000000003;-0.61;-0.09;85.67
2024.04.18 15:39:34;Buy;0.03;TSLA;150.264;0.03;2024.04.24 15:32:05;162.69400000000002;-0.46;-0.2;34.86
2024.04.16 15:32:02;Buy;0.03;TSLA;157.85999999999999;0.03;2024.04.24 15:32:05;162.70400000000004;-0.46;-0.28;13.58
2024.04.15 15:39:34;Buy;0.02;TSLA;167.544;0.02;2024.04.24 15:32:05;162.67400000000004;-0.3;-0.2;-9.11
2024.04.09 15:53:48;Buy;0.02;TSLA;175.914;0.02;2024.04.24 15:32:05;162.65400000000002;-0.3;-0.37;-24.79
2024.04.22 18:28:15;Buy;0.1;BAC;37.598;0.1;2024.04.23 19:43:13;38.4;-0.36;-0.03;7.49
2024.04.20 22:11:46;Buy;0.3;ETHUSD;3169.4982000000005;0.3;2024.04.23 16:13:23;3238.198;-2.7199999999999998;-1.11;19.26
2024.04.19 15:47:38;Buy;0.1;BAC;36.778;0.1;2024.04.22 18:28:14;37.56;-0.35;-0.09;7.34
2024.04.19 15:43:47;Buy;0.1;WFC;59.62400000000001;0.1;2024.04.22 16:10:31;60.9;-0.57;-0.14;12
2024.04.17 17:30:24;Buy;0.3;ETHUSD;2941.6600000000003;0.3;2024.04.20 22:11:46;3171.155;-2.68;-1.07;64.59
2024.04.15 10:25:33;Buy;0.3;ETHUSD;3266.7870000000003;0.3;2024.04.20 22:11:46;3171.155;-2.68;-1.81;-26.91
2024.04.10 18:29:48;Buy;0.1;KO;58.916000000000004;0.1;2024.04.19 21:01:54;60.18;-0.57;-0.44;11.87
2024.04.16 15:42:33;Buy;0.11;BAC;35.104;0.11;2024.04.19 15:47:27;36.72;-0.38;-0.09;16.66
2024.04.10 18:28:22;Buy;0.1;BAC;36.88799999999999;0.1;2024.04.19 15:47:27;36.72;-0.34;-0.26;-1.5699999999999998
2024.04.18 16:34:01;Buy;0.1;WFC;58.324;0.1;2024.04.19 15:43:46;59.55;-0.56;-0.05;11.49
2024.04.10 18:28:20;Buy;0.1;WFC;57.024;0.1;2024.04.18 16:33:58;58.25;-0.55;-0.33;11.51
2024.04.17 15:34:09;Buy;0.01;UNH;487.57800000000003;0.01;2024.04.18 16:06:41;497.78;-0.47;-0.04;9.57
2024.04.02 19:28:59;Buy;0.02;UNH;450.128;0.02;2024.04.17 15:34:08;485.8;-0.91;-1.05;67.03
2024.04.02 15:32:03;Buy;0.02;UNH;463.48400000000004;0.02;2024.04.17 15:34:08;485.8;-0.91;-1.05;41.93
2024.03.06 19:38:08;Buy;0.02;UNH;471.502;0.02;2024.04.17 15:34:08;485.8;-0.91;-3.07;26.87
2024.03.01 16:37:47;Buy;0.01;UNH;484.84200000000004;0.01;2024.04.17 15:34:08;485.8;-0.46;-1.76;0.9
2024.02.28 16:32:04;Buy;0.01;UNH;497.796;0.01;2024.04.17 15:34:08;485.8;-0.46;-1.8399999999999999;-11.27
2024.02.13 16:34:43;Buy;0.01;UNH;524.82;0.01;2024.04.17 15:34:08;485.8;-0.46;-2.44;-36.66
2024.04.13 22:08:13;Buy;0.4;ETHUSD;2896.3530000000005;0.4;2024.04.15 10:25:32;3262.705;-3.67;-0.94;137.5
2024.04.12 20:33:04;Buy;0.3;ETHUSD;3216.4449999999997;0.3;2024.04.15 10:25:32;3262.705;-2.76;-1.09;13.02
2024.04.11 00:24:51;Buy;0.3;ETHUSD;3570.4210000000003;0.3;2024.04.15 10:25:32;3262.705;-2.76;-1.5;-86.63
2024.04.04 15:37:36;Buy;0.03;AMZN;184.888;0.03;2024.04.11 19:17:29;188.87;-0.53;-0.29;11.15
2024.04.10 18:31:46;Buy;0.3;ETHUSD;3486.6859999999997;0.3;2024.04.11 00:24:50;3560.973;-2.98;-0.41;20.74
2024.04.10 18:32:02;Buy;0.03;BTCUSD;68920.0724;0.03;2024.04.11 00:04:09;70451.00540000001;-5.9;-0.82;42.75
2024.04.01 15:40:04;Buy;0.03;GOOGL;154.6;0.03;2024.04.09 15:55:31;157.93;-0.44;-0.3;9.18
2024.04.05 15:40:38;Buy;0.02;TSLA;167.56;0.02;2024.04.09 15:53:47;175.65;-0.32;-0.11;14.87
2024.04.04 18:34:16;Buy;0.02;TSLA;176.288;0.02;2024.04.09 15:53:47;175.65;-0.32;-0.14;-1.18
2024.04.01 15:35:22;Buy;0.03;GOOG;154.834;0.03;2024.04.09 15:32:09;158.17;-0.44;-0.31;9.2
2024.04.02 15:32:17;Buy;0.03;TSLA;165.37;0.03;2024.04.04 18:34:15;176.06;-0.49;-0.08;29.52
2024.04.01 16:16:27;Buy;0.02;TSLA;173.11200000000002;0.02;2024.04.04 18:34:15;176.06;-0.32;-0.09;5.43
2024.03.26 16:08:28;Buy;0.02;TSLA;182.028;0.02;2024.04.04 18:34:15;176.06;-0.32;-0.26;-10.99
2024.02.27 17:05:06;Buy;0.03;BRKb;404.544;0.03;2024.04.04 16:25:46;423.77;-1.17;-3.48;53.07
2024.02.26 17:27:48;Buy;0.02;BRKb;416.514;0.02;2024.04.04 16:25:46;423.77;-0.78;-2.34;13.35
2024.02.26 16:34:45;Buy;0.02;BRKb;428.28400000000005;0.02;2024.04.04 16:25:46;423.77;-0.78;-2.34;-8.31
2024.03.21 15:32:04;Buy;0.03;AMZN;180.87;0.03;2024.04.04 15:37:36;184.79;-0.51;-0.57;10.82
2024.03.27 15:36:28;Buy;0.02;META;494.19599999999997;0.02;2024.04.04 15:32:02;520.04;-0.96;-0.63;47.56
2024.03.20 21:27:38;Buy;0.02;META;508.32800000000003;0.02;2024.04.04 15:32:02;520.04;-0.96;-1.19;21.55
2024.03.22 15:52:31;Buy;0.03;GOOGL;151.17399999999998;0.03;2024.04.01 15:40:04;154.47;-0.43;-0.32;9.18
2024.03.22 15:37:44;Buy;0.03;GOOG;151.48;0.03;2024.04.01 15:35:22;154.77;-0.43;-0.37;9.16
2024.03.31 23:59:59;Deal Interestrate;;;;;;;;;63.3767975
2024.03.14 17:59:14;Buy;1;TSLA;163.128;1;2024.03.26 16:08:34;181.356;-16.71;-15.59;1679.77
2024.03.13 16:58:25;Buy;1;TSLA;171.37;1;2024.03.26 16:08:32;181.49;-16.72;-16.88;932.57
2024.03.13 16:10:30;Buy;0.7;TSLA;172.2;0.7;2024.03.26 16:08:31;181.5;-11.71;-11.82;599.91
2024.03.05 17:32:55;Buy;0.7;TSLA;179.11;0.7;2024.03.26 16:08:30;181.51;-11.71;-19.39;154.81
2024.03.05 16:42:51;Buy;0.5;TSLA;183.404;0.5;2024.03.26 16:08:30;181.51;-8.36;-13.85;-87.27
2024.03.04 19:31:01;Buy;0.4;TSLA;189.45;0.4;2024.03.26 16:08:29;181.642;-6.7;-11.66;-287.8
2024.02.05 17:36:47;Buy;0.3;TSLA;177.56;0.3;2024.03.26 16:08:28;181.722;-5.02;-21.4;115.06
2024.02.05 17:18:47;Buy;0.12;TSLA;179.946;0.12;2024.03.26 16:08:28;181.692;-2.01;-8.54;19.31
2024.01.25 16:53:22;Buy;0.1;TSLA;189.154;0.1;2024.03.26 16:08:27;181.70000000000002;-1.67;-8.71;-68.69
2024.01.22 21:15:09;Buy;0.09;TSLA;207.31;0.09;2024.03.26 16:08:26;181.69;-1.51;-8.25;-212.48
2024.01.16 16:32:02;Buy;0.07;TSLA;213.472;0.07;2024.03.26 16:08:26;181.73200000000003;-1.17;-7.08;-204.74
2024.01.12 16:32:05;Buy;0.06;TSLA;222.274;0.06;2024.03.26 16:08:25;181.75200000000004;-1;-6.52;-224.04
2024.01.11 16:32:02;Buy;0.05;TSLA;229.208;0.05;2024.03.26 16:08:24;181.744;-0.84;-5.49;-218.69
2024.01.05 16:33:12;Buy;0.04;TSLA;236.048;0.04;2024.03.26 16:08:22;181.754;-0.67;-4.82;-200.13
2024.01.03 16:33:28;Buy;0.03;TSLA;243.056;0.03;2024.03.26 16:08:18;181.76200000000003;-0.5;-3.7;-169.44
2023.12.29 17:41:50;Buy;0.03;TSLA;249.72600000000003;0.03;2024.03.26 16:08:17;181.656;-0.5;-3.99;-188.18
2023.12.28 20:12:27;Buy;0.02;TSLA;257.17799999999994;0.02;2024.03.26 16:08:17;181.686;-0.33;-2.76;-139.13
2023.12.28 16:32:02;Buy;0.02;TSLA;264.74600000000004;0.02;2024.03.26 16:08:15;181.60000000000002;-0.33;-2.76;-153.24
2024.03.14 17:59:20;Buy;1;TSLA;163.206;1;2024.03.26 16:08:11;181.716;-16.74;-15.59;1705.63
2024.03.22 15:32:04;Buy;0.15;TSLA;168.18200000000002;0.15;2024.03.26 16:08:10;181.73000000000002;-2.51;-0.79;187.25
2024.03.22 18:09:10;Buy;0.01;NVDA;944.586;0.01;2024.03.25 16:12:31;965.33;-0.89;-0.22;19.14
2024.03.21 15:32:05;Buy;0.01;NVDA;923.17;0.01;2024.03.22 18:09:09;943.32;-0.87;-0.07;18.63
2024.03.20 20:03:20;Buy;0.03;GOOGL;147.89000000000001;0.03;2024.03.22 15:52:30;151.11;-0.42;-0.06;8.92
2024.03.20 19:59:20;Buy;0.03;GOOG;148.166;0.03;2024.03.22 15:37:44;151.39;-0.42;-0.06;8.94
2024.03.20 19:59:17;Buy;0.01;NVDA;888.282;0.01;2024.03.21 15:32:03;921.97;-0.85;-0.07;30.92
2024.03.20 19:59:17;Buy;0.03;AMZN;175.354;0.03;2024.03.21 15:32:03;180.79;-0.5;-0.04;14.97
2024.03.11 16:02:12;Buy;0.03;META;479.76400000000007;0.03;2024.03.20 21:27:38;507.9;-1.4;-0.99;77.36
2024.03.11 15:32:42;Buy;0.03;META;492.80600000000004;0.03;2024.03.20 21:27:38;507.9;-1.4;-0.99;41.5
2024.03.08 19:55:12;Buy;0.02;META;505.708;0.02;2024.03.20 21:27:38;507.9;-0.93;-0.92;4.01
2024.03.08 17:01:54;Buy;0.02;META;520.918;0.02;2024.03.20 21:27:38;507.9;-0.93;-0.92;-23.87
2024.03.11 15:32:42;Buy;0.02;NVDA;848.4459999999999;0.02;2024.03.18 15:35:56;916.99;-1.6800000000000002;-0.94;125.92
2024.03.08 20:36:27;Buy;0.02;NVDA;871.9419999999999;0.02;2024.03.18 15:35:56;916.99;-1.6800000000000002;-1.34;82.76
2024.03.08 18:31:08;Buy;0.02;NVDA;896.892;0.02;2024.03.18 15:35:56;916.99;-1.6800000000000002;-1.34;36.92
2024.03.08 18:17:00;Buy;0.01;NVDA;919.45;0.01;2024.03.18 15:35:56;916.99;-0.84;-0.68;-2.26
2024.03.08 18:02:14;Buy;0.01;NVDA;947.54;0.01;2024.03.18 15:35:56;916.99;-0.84;-0.68;-28.06
2024.03.08 17:30:26;Buy;0.01;NVDA;974.494;0.01;2024.03.18 15:35:56;916.99;-0.84;-0.68;-52.82
2024.03.04 16:32:01;Buy;0.05;GOOG;135.26199999999997;0.05;2024.03.14 20:01:43;144.25;-0.66;-0.51;41.28
2024.02.26 19:21:38;Buy;0.04;GOOG;139.924;0.04;2024.03.14 20:01:43;144.25;-0.53;-0.69;15.89
2024.02.15 16:32:01;Buy;0.04;GOOG;144.188;0.04;2024.03.14 20:01:43;144.25;-0.53;-1.15;0.23
2024.02.09 17:00:25;Buy;0.03;GOOG;148.75;0.03;2024.03.14 20:01:43;144.25;-0.4;-1.06;-12.4
2024.03.04 16:32:02;Buy;0.05;GOOGL;134.264;0.05;2024.03.14 16:27:18;142.78;-0.65;-0.5;39.05
2024.02.26 19:22:26;Buy;0.04;GOOGL;138.358;0.04;2024.03.14 16:27:18;142.78;-0.52;-0.69;16.23
2024.02.15 16:32:51;Buy;0.04;GOOGL;142.59199999999998;0.04;2024.03.14 16:27:18;142.78;-0.52;-1.15;0.69
2024.02.09 16:37:07;Buy;0.03;GOOGL;146.894;0.03;2024.03.14 16:27:18;142.78;-0.39;-1.05;-11.32
2024.03.11 16:05:54;Buy;0.04;AMZN;171.956;0.04;2024.03.14 16:13:35;178.01;-0.65;-0.15;22.2
2024.03.01 16:32:01;Buy;0.03;AMZN;177.16799999999998;0.03;2024.03.14 16:13:35;178.01;-0.49;-0.52;2.32
2024.02.20 16:33:26;Buy;0.02;MSFT;403.67;0.02;2024.03.14 15:33:39;418.66;-0.77;-1.41;27.46
2024.02.09 16:33:29;Buy;0.02;MSFT;415.87999999999994;0.02;2024.03.14 15:33:39;418.66;-0.77;-2.09;5.09
2024.03.08 16:32:01;Buy;0.01;NVDA;952.048;0.01;2024.03.08 17:30:24;973.07;-0.89;;19.19
2024.03.07 16:53:33;Buy;0.02;META;508.86400000000003;0.02;2024.03.08 17:01:54;520.01;-0.95;-0.08;20.34
2024.03.07 17:40:56;Buy;0.01;NVDA;917.9899999999999;0.01;2024.03.08 16:32:00;951.23;-0.87;-0.07;30.33
2024.03.06 20:24:20;Buy;0.01;NVDA;897.0500000000001;0.01;2024.03.07 17:40:54;916.74;-0.84;-0.07;18.02
2024.03.01 16:32:03;Buy;0.02;META;497.11199999999997;0.02;2024.03.07 16:53:32;507.89;-0.93;-0.47;19.77
2024.03.06 16:32:01;Buy;0.01;NVDA;876.674;0.01;2024.03.06 20:24:18;896.1;-0.82;;17.81
2024.03.05 17:32:07;Buy;0.01;NVDA;839.124;0.01;2024.03.06 16:32:00;874.42;-0.8;-0.07;32.43
2024.03.04 19:47:55;Buy;0.01;NVDA;863.5079999999999;0.01;2024.03.06 16:32:00;874.42;-0.8;-0.14;10.02
2024.03.04 16:32:01;Buy;0.01;NVDA;844.3100000000001;0.01;2024.03.04 19:47:53;862.8;-0.79;;17.03
2024.03.01 18:17:55;Buy;0.01;NVDA;818.4;0.01;2024.03.04 16:32:00;842.97;-0.78;-0.19;22.64
2024.02.23 17:59:32;Buy;0.01;NVDA;787.916;0.01;2024.03.01 18:17:54;816.88;-0.75;-0.42;26.73
2024.02.23 16:32:02;Buy;0.01;NVDA;811.0400000000001;0.01;2024.03.01 18:17:54;816.88;-0.75;-0.42;5.39
2024.02.22 17:08:18;Buy;0.02;META;484.02799999999996;0.02;2024.03.01 16:32:01;496.79;-0.92;-0.58;23.6
2024.02.22 16:37:32;Buy;0.03;AMZN;173.10200000000003;0.03;2024.03.01 16:32:01;177.02;-0.49;-0.32;10.86
2024.02.29 23:59:59;Deal Interestrate;;;;;;;;;92.30291625
2024.02.13 18:09:50;Buy;0.3;TSLA;184.37000000000003;0.3;2024.02.27 17:56:59;201.99;-5.59;-6.33;487.21
2024.01.25 18:33:47;Buy;0.2;TSLA;186.29399999999998;0.2;2024.02.27 17:24:12;202.16799999999998;-3.73;-9.71;292.85
2024.02.23 16:32:01;Buy;0.02;BRKb;418.25800000000004;0.02;2024.02.26 16:34:45;427.32;-0.79;-0.19;16.7
2024.02.22 16:45:26;Buy;0.01;NVDA;768.934;0.01;2024.02.23 16:32:00;809.62;-0.75;-0.06;37.55
2024.02.20 16:42:10;Buy;0.02;BRKb;408.34600000000006;0.02;2024.02.23 16:32:00;417.4;-0.77;-0.18;16.71
2024.02.21 16:33:18;Buy;0.02;META;466.308;0.02;2024.02.22 17:08:18;483.59;-0.89;-0.07;31.98
2024.02.15 17:13:10;Buy;0.02;META;480.354;0.02;2024.02.22 17:08:18;483.59;-0.89;-0.5;5.99
2024.02.22 16:32:01;Buy;0.01;NVDA;750.9860000000001;0.01;2024.02.22 16:45:25;766.596;-0.71;;14.43
2024.02.13 16:32:02;Buy;0.04;AMZN;167.202;0.04;2024.02.22 16:37:32;172.99;-0.64;-0.46;21.41
2024.02.02 18:48:03;Buy;0.03;AMZN;172.20000000000002;0.03;2024.02.22 16:37:32;172.99;-0.48;-0.8;2.19
2024.02.20 19:08:18;Buy;0.02;NVDA;679.8180000000001;0.02;2024.02.22 16:32:00;746.02;-1.38;-0.21;122.47
2024.02.20 16:40:35;Buy;0.01;NVDA;699.794;0.01;2024.02.22 16:32:00;746.02;-0.69;-0.1;42.76
2024.02.20 16:32:01;Buy;0.01;NVDA;719.7059999999999;0.01;2024.02.22 16:32:00;746.02;-0.69;-0.1;24.34
2024.02.14 16:59:37;Buy;0.01;NVDA;740.5559999999999;0.01;2024.02.22 16:32:00;746.02;-0.69;-0.45;5.05
2024.02.07 19:44:14;Buy;0.02;BRKb;398.79;0.02;2024.02.20 16:42:03;407.44;-0.75;-0.79;15.98
2024.02.05 16:49:44;Buy;0.02;META;462.458;0.02;2024.02.15 17:13:09;479.47;-0.89;-0.71;31.55
2024.02.02 16:56:10;Buy;0.02;META;476.16;0.02;2024.02.15 17:13:09;479.47;-0.89;-0.93;6.14
2024.02.13 16:32:01;Buy;0.01;NVDA;701.146;0.01;2024.02.14 16:59:33;739.62;-0.69;-0.06;35.9
2024.02.12 20:32:44;Buy;0.01;NVDA;725.034;0.01;2024.02.14 16:59:33;739.62;-0.69;-0.12;13.61
2024.02.12 18:38:18;Buy;0.01;NVDA;745.97;0.01;2024.02.14 16:59:33;739.62;-0.69;-0.12;-5.93
2024.01.25 17:31:34;Buy;0.02;UNH;488.58000000000004;0.02;2024.02.13 16:34:42;523.49;-0.98;-1.51;65.17
2024.01.18 16:32:03;Buy;0.02;UNH;502.938;0.02;2024.02.13 16:34:42;523.49;-0.98;-2.06;38.36
2024.01.12 17:33:08;Buy;0.01;UNH;519.6440000000001;0.01;2024.02.13 16:34:42;523.49;-0.49;-1.28;3.59
2024.01.08 18:00:41;Buy;0.01;UNH;534.74;0.01;2024.02.13 16:34:42;523.49;-0.49;-1.44;-10.5
2024.01.04 18:31:02;Buy;0.01;UNH;549.14;0.01;2024.02.13 16:34:42;523.49;-0.49;-1.6;-23.94
2024.02.12 16:33:52;Buy;0.01;NVDA;729.58;0.01;2024.02.12 18:38:15;745.32;-0.69;;14.6
2024.02.09 17:42:45;Buy;0.01;NVDA;713.25;0.01;2024.02.12 16:33:51;728.64;-0.68;-0.17;14.29
2024.02.07 21:54:37;Buy;0.01;NVDA;697.68;0.01;2024.02.09 17:42:44;712.71;-0.66;-0.1;13.94
2024.02.02 16:32:01;Buy;0.04;GOOG;139.492;0.04;2024.02.09 17:00:25;148.71;-0.55;-0.32;34.2
2024.01.31 16:32:01;Buy;0.04;GOOG;145.44;0.04;2024.02.09 17:00:25;148.71;-0.55;-0.4;12.13
2024.01.25 17:42:37;Buy;0.03;GOOG;153.85;0.03;2024.02.09 17:00:25;148.71;-0.41;-0.51;-14.3
2024.02.02 16:32:02;Buy;0.04;GOOGL;137.80800000000002;0.04;2024.02.09 16:37:07;146.84;-0.54;-0.3;33.51
2024.01.31 16:32:02;Buy;0.04;GOOGL;143.73799999999997;0.04;2024.02.09 16:37:07;146.84;-0.54;-0.38;11.51
2024.01.25 17:20:00;Buy;0.03;GOOGL;151.67;0.03;2024.02.09 16:37:07;146.84;-0.41;-0.49;-13.44
2024.01.25 17:41:59;Buy;0.02;MSFT;406.86;0.02;2024.02.09 16:33:26;415.64;-0.77;-0.92;16.29
2024.02.05 16:32:02;Buy;0.01;NVDA;682.4159999999999;0.01;2024.02.07 21:54:36;697.25;-0.65;-0.1;13.77
2024.02.02 18:05:27;Buy;0.02;BRKb;390.11999999999995;0.02;2024.02.07 19:44:11;398.52;-0.74;-0.3;15.61
2024.02.02 16:47:41;Buy;0.01;NVDA;654.1899999999999;0.01;2024.02.05 16:32:00;679.16;-0.63;-0.15;23.24
2024.02.02 16:32:01;Buy;0.03;AMZN;168.41;0.03;2024.02.02 18:48:02;172.06;-0.48;;10.15
2024.01.26 16:32:16;Buy;0.02;BRKb;381.40799999999996;0.02;2024.02.02 18:05:18;389.71;-0.72;-0.42;15.37
2024.02.02 16:41:28;Buy;0.02;META;465.63;0.02;2024.02.02 16:56:09;475.68;-0.88;;18.6
2024.02.02 16:33:17;Buy;0.01;NVDA;639.14;0.01;2024.02.02 16:47:40;653.17;-0.6;;12.97
2024.02.02 16:32:02;Buy;0.02;META;455.236;0.02;2024.02.02 16:41:27;465.25;-0.86;;18.56
2024.01.31 16:36:58;Buy;0.01;NVDA;615.624;0.01;2024.02.02 16:33:16;638.21;-0.59;-0.1;20.91
2024.01.30 16:32:52;Buy;0.01;NVDA;633.592;0.01;2024.02.02 16:33:16;638.21;-0.59;-0.15;4.28
2024.01.29 16:39:34;Buy;0.02;META;398.78000000000003;0.02;2024.02.02 16:32:01;454.35;-0.84;-0.24;102.88
2024.01.31 16:41:43;Buy;0.04;AMZN;156.964;0.04;2024.02.02 16:32:01;168.23;-0.62;-0.1;41.71
2024.01.30 16:48:44;Buy;0.03;AMZN;161.66;0.03;2024.02.02 16:32:01;168.23;-0.47;-0.12;18.25
2024.02.02 13:26:24;Buy;0.01;BTCUSD;43085.5774;0.01;2024.02.02 13:26:37;43079.898;-1.19;;-0.06
2024.01.31 23:59:59;Deal Interestrate;;;;;;;;;107.42651875000004
2024.01.24 16:32:00;Buy;0.03;AMZN;158.13199999999998;0.03;2024.01.30 16:48:43;161.57;-0.45;-0.23;9.5
2024.01.25 21:08:31;Buy;0.01;NVDA;610.2779999999999;0.01;2024.01.30 16:32:51;632.65;-0.58;-0.24;20.61
2024.01.24 19:56:17;Buy;0.01;NVDA;628.1400000000001;0.01;2024.01.30 16:32:51;632.65;-0.58;-0.29;4.16
2024.01.22 16:32:04;Buy;0.02;META;389.97;0.02;2024.01.29 16:39:33;398.48;-0.74;-0.42;15.75
2024.01.24 18:46:05;Buy;0.3;ETHUSD;2233.645;0.3;2024.01.26 18:47:53;2272.056;-1.88;-0.51;10.61
2024.01.23 22:12:02;Buy;0.02;BRKb;372.44;0.02;2024.01.26 16:32:15;380.54;-0.7;-0.18;14.91
2024.01.24 18:45:22;Buy;0.02;BTCUSD;40012.162;0.02;2024.01.26 13:30:54;41334.784;-2.2800000000000002;-0.61;24.34
2024.01.24 16:32:04;Buy;0.03;GOOG;150.544;0.03;2024.01.25 17:42:36;153.81;-0.43;-0.03;9.04
2024.01.19 22:30:33;Buy;0.02;MSFT;397.99;0.02;2024.01.25 17:41:58;406.63;-0.75;-0.36;15.94
2024.01.22 16:34:23;Buy;0.03;GOOGL;148.41;0.03;2024.01.25 17:20:00;151.63;-0.42;-0.09;8.91
2024.01.24 17:07:56;Buy;0.01;NVDA;614.29;0.01;2024.01.24 19:56:15;627.7;-0.58;;12.3
2024.01.22 16:32:03;Buy;0.01;NVDA;600.6340000000001;0.01;2024.01.24 17:07:54;613.72;-0.56;-0.1;12.01
2024.01.19 17:51:52;Buy;0.03;GOOG;147.29;0.03;2024.01.24 16:32:04;150.5;-0.41;-0.16;8.81
2024.01.17 16:32:01;Buy;0.04;AMZN;151.19400000000002;0.04;2024.01.24 16:32:00;158;-0.58;-0.34;24.9
2024.01.11 16:32:01;Buy;0.03;AMZN;155.97799999999998;0.03;2024.01.24 16:32:00;158;-0.43;-0.49;5.55
2024.01.19 21:09:33;Buy;0.03;AAPL;191.79;0.03;2024.01.24 16:32:00;196;-0.54;-0.21;11.56
2024.01.03 17:02:30;Buy;0.02;BRKb;364.08;0.02;2024.01.23 22:12:02;372.07;-0.69;-1.16;14.73
2024.01.19 16:32:05;Buy;0.03;GOOGL;145.196;0.03;2024.01.22 16:34:23;148.36;-0.41;-0.1;8.71
2024.01.19 18:33:28;Buy;0.01;NVDA;583.2099999999999;0.01;2024.01.22 16:32:01;599.22;-0.55;-0.14;14.7
2024.01.19 16:32:02;Buy;0.02;META;379.09599999999995;0.02;2024.01.22 16:32:01;388.82;-0.71;-0.18;17.86
2024.01.11 16:36:01;Buy;0.02;MSFT;389.24;0.02;2024.01.19 22:30:31;397.8;-0.73;-0.48;15.72
2024.01.05 22:22:02;Buy;0.05;AAPL;180.27;0.05;2024.01.19 21:09:31;191.73;-0.88;-0.98;52.6
2024.01.02 17:31:11;Buy;0.04;AAPL;185.756;0.04;2024.01.19 21:09:31;191.73;-0.7;-1;21.94
2023.12.27 17:35:02;Buy;0.04;AAPL;191.406;0.04;2024.01.19 21:09:31;191.73;-0.7;-1.35;1.19
2023.12.13 21:05:43;Buy;0.03;AAPL;197.24;0.03;2024.01.19 21:09:31;191.73;-0.53;-1.54;-15.17
2024.01.18 16:32:02;Buy;0.01;NVDA;570.3820000000001;0.01;2024.01.19 18:33:25;582.79;-0.54;-0.04;11.4
2024.01.10 21:05:11;Buy;0.03;GOOG;144.08;0.03;2024.01.19 17:51:51;147.26;-0.41;-0.28;8.77
2024.01.17 16:43:41;Buy;0.04;GOOGL;140.168;0.04;2024.01.19 16:32:04;145.09;-0.53;-0.08;18.11
2024.01.11 16:32:15;Buy;0.03;GOOGL;144.462;0.03;2024.01.19 16:32:04;145.09;-0.4;-0.25;1.73
2024.01.10 18:40:22;Buy;0.02;META;369.49;0.02;2024.01.19 16:32:00;378.44;-0.7;-0.53;16.46
2024.01.16 16:35:50;Buy;0.01;NVDA;557.18;0.01;2024.01.18 16:32:00;569.31;-0.52;-0.08;11.16
2024.01.11 18:18:31;Buy;0.01;NVDA;536.3720000000001;0.01;2024.01.16 16:35:48;556.38;-0.51;-0.2;18.39
2024.01.11 16:32:02;Buy;0.01;NVDA;552.064;0.01;2024.01.16 16:35:48;556.38;-0.51;-0.2;3.9699999999999998
2024.01.10 16:44:20;Buy;0.02;MSFT;380.66;0.02;2024.01.11 16:35:59;389.04;-0.71;-0.06;15.28
2024.01.09 19:09:47;Buy;0.03;GOOGL;141.25000000000003;0.03;2024.01.11 16:32:15;144.35;-0.39;-0.06;8.48
2024.01.09 19:46:17;Buy;0.01;NVDA;537.81;0.01;2024.01.11 16:32:00;550.68;-0.5;-0.08;11.74
2024.01.09 20:02:06;Buy;0.03;AMZN;151.67;0.03;2024.01.11 16:32:00;155.73;-0.43;-0.07;11.11
2023.12.20 16:32:01;Buy;0.03;GOOG;140.952;0.03;2024.01.10 21:05:11;144.04;-0.39;-0.65;8.44
2024.01.10 16:32:48;Buy;0.02;META;361.358;0.02;2024.01.10 18:40:21;369.28;-0.67;;14.46
2023.12.14 18:20:38;Buy;0.02;MSFT;366.584;0.02;2024.01.10 16:44:19;380.35;-0.7;-1.58;25.17
2023.12.13 16:32:03;Buy;0.02;MSFT;377.564;0.02;2024.01.10 16:44:19;380.35;-0.7;-1.6400000000000001;5.09
2024.01.02 16:41:05;Buy;0.02;META;347.812;0.02;2024.01.10 16:32:47;360.7;-0.66;-0.41;23.56
2023.12.27 16:32:06;Buy;0.02;META;357.9820000000001;0.02;2024.01.10 16:32:47;360.7;-0.66;-0.72;4.97
2024.01.04 16:32:01;Buy;0.04;AMZN;145.288;0.04;2024.01.09 20:02:06;151.61;-0.55;-0.22;23.12
2023.12.18 16:45:22;Buy;0.03;AMZN;152.44;0.03;2024.01.09 20:02:06;151.61;-0.42;-0.7;-2.2800000000000002
2024.01.09 16:32:02;Buy;0.01;NVDA;525.7159999999999;0.01;2024.01.09 19:46:16;537.22;-0.49;;10.51
2024.01.05 16:33:51;Buy;0.04;GOOGL;136.41;0.04;2024.01.09 19:09:47;141.21;-0.52;-0.16;17.56
2023.12.20 17:04:19;Buy;0.03;GOOGL;140.56;0.03;2024.01.09 19:09:47;141.21;-0.39;-0.61;1.78
2024.01.08 16:47:25;Buy;0.01;NVDA;512.98;0.01;2024.01.09 16:32:01;524.47;-0.48;-0.04;10.5
2024.01.08 16:37:41;Buy;0.01;NVDA;501.07;0.01;2024.01.08 16:47:24;512.1;-0.47;;10.06
2024.01.03 16:32:03;Buy;0.01;NVDA;474.466;0.01;2024.01.08 16:37:40;500.08;-0.46;-0.19;23.37
2023.12.20 21:47:55;Buy;0.01;NVDA;489.578;0.01;2024.01.08 16:37:40;500.08;-0.46;-0.73;9.58
2023.12.18 22:21:15;Buy;0.01;NVDA;503.65999999999997;0.01;2024.01.08 16:37:40;500.08;-0.46;-0.81;-3.27
2023.12.20 16:58:56;Buy;0.01;UNH;521.494;0.01;2024.01.04 18:30:58;548.65;-0.5;-0.6;24.78
2023.12.14 17:01:49;Buy;0.01;UNH;536.678;0.01;2024.01.04 18:30:58;548.65;-0.5;-0.84;10.92
2023.12.11 16:32:02;Buy;0.01;UNH;552.36;0.01;2024.01.04 18:30:58;548.65;-0.5;-0.96;-3.39
2023.12.11 16:32:01;Buy;0.02;BRKb;356.08399999999995;0.02;2024.01.03 17:02:29;363.654;-0.67;-1.22;13.85
2023.12.31 23:59:59;Deal Interestrate;;;;;;;;;116.32400500000004
2023.12.22 16:32:02;Buy;0.02;TSLA;257.638;0.02;2023.12.28 16:32:00;264.1;-0.48;-0.23;11.65
2023.12.19 16:38:58;Buy;0.02;META;349.69;0.02;2023.12.27 16:32:05;357.36;-0.65;-0.41;13.85
2023.12.20 22:03:52;Buy;0.02;TSLA;247.876;0.02;2023.12.22 16:32:00;257.25;-0.47;-0.08;17
2023.12.18 16:33:27;Buy;0.02;TSLA;255.27;0.02;2023.12.22 16:32:00;257.25;-0.47;-0.16;3.59
2023.12.19 16:32:01;Buy;0.03;GOOGL;137.486;0.03;2023.12.20 17:04:19;140.5;-0.38;-0.03;8.24
2023.12.18 16:56:54;Buy;0.03;GOOG;135.91;0.03;2023.12.20 16:32:00;140.84;-0.39;-0.06;13.49
2023.12.18 16:55:08;Buy;0.02;META;341.91;0.02;2023.12.19 16:38:57;349.38;-0.64;-0.05;13.62
2023.12.18 16:55:08;Buy;0.03;GOOGL;134.36;0.03;2023.12.19 16:32:00;137.43;-0.38;-0.03;8.4
2023.12.15 17:22:05;Buy;0.01;NVDA;492.44999999999993;0.01;2023.12.18 22:21:13;503.21;-0.46;-0.11;9.85
2023.12.11 16:32:01;Buy;0.03;GOOG;133.01000000000002;0.03;2023.12.18 16:56:54;135.87;-0.37;-0.21;7.85
2023.12.12 22:12:44;Buy;0.02;META;334.29;0.02;2023.12.18 16:55:08;341.55;-0.63;-0.3;13.29
2023.12.11 16:32:01;Buy;0.03;GOOGL;131.49;0.03;2023.12.18 16:55:06;134.32;-0.37;-0.21;7.77
2023.12.13 16:32:01;Buy;0.03;AMZN;149.128;0.03;2023.12.18 16:45:22;152.36;-0.42;-0.16;8.88
2023.12.14 17:35:34;Buy;0.02;TSLA;249.47;0.02;2023.12.18 16:33:26;255.07;-0.47;-0.16;10.25
2023.12.13 16:35:21;Buy;0.01;NVDA;481.38;0.01;2023.12.15 17:22:03;491.78;-0.45;-0.08;9.53
2023.12.14 16:32:02;Buy;0.02;TSLA;243.83800000000002;0.02;2023.12.14 17:35:33;249.24;-0.45;;9.84
2023.12.12 16:38:02;Buy;0.02;TSLA;234.32;0.02;2023.12.14 16:32:00;243.49;-0.44;-0.08;16.73
2023.12.11 16:32:02;Buy;0.02;TSLA;242.246;0.02;2023.12.14 16:32:00;243.49;-0.44;-0.12;2.27
2023.12.11 16:32:00;Buy;0.03;AAPL;192.998;0.03;2023.12.13 21:05:42;197.18;-0.55;-0.09;11.58
2023.12.11 16:32:01;Buy;0.01;NVDA;470.604;0.01;2023.12.13 16:35:19;480.76;-0.45;-0.08;9.41
2023.12.11 16:32:02;Buy;0.02;MSFT;367.31;0.02;2023.12.13 16:32:01;377.31;-0.7;-0.12;18.53
2023.12.11 16:32:00;Buy;0.03;AMZN;144.376;0.03;2023.12.13 16:32:01;148.98;-0.41;-0.06;12.79
2023.12.11 16:32:02;Buy;0.02;META;327.05;0.02;2023.12.12 22:12:43;334.08;-0.62;-0.05;13.03
2023.12.08 19:23:58;Buy;0.01;AAPL;195.01;0.01;2023.12.08 19:24:03;194.92;-0.18;;-0.08
2023.12.06 17:10:00;Buy;0.01;AAPL;192.84;0.01;2023.12.06 17:10:11;192.804;-0.18;;-0.04
2023.12.06 17:09:49;Buy;0.01;CADSGD;0.98912;0.01;2023.12.06 17:09:51;0.98882;-0.05;;-0.21
2023.11.30 23:59:59;Deal Interestrate;;;;;;;;;115.44860500000004
2023.11.29 14:38:00;Buy;0.01;EURCZK;24.2898;0.01;2023.11.29 14:38:02;24.2824;-0.08;;-0.3
2023.10.31 23:59:59;Deal Interestrate;;;;;;;;;118.7734425
2023.09.29 09:17:05;Buy;0.01;RIO;52.37;0.01;2023.10.30 10:03:17;52.52;-0.06;-0.07;0.17
2023.09.29 20:00:23;Buy;0.01;PFE;33.19;0.01;2023.10.02 17:43:49;33.54;-0.03;-0.01;0.33
2023.09.30 23:59:59;Deal Interestrate;;;;;;;;;111.44759500000002
2023.09.29 15:57:45;Buy;0.01;PFE;32.82;0.01;2023.09.29 20:00:07;33.17;-0.03;;0.33
2023.09.29 15:32:02;Buy;0.01;PFE;32.452;0.01;2023.09.29 15:57:43;32.8;-0.03;;0.33
2023.09.28 15:47:13;Buy;6.25;PFE;31.902;6.25;2023.09.29 15:32:01;32.42;-19.14;-1.58;305.74
2023.09.22 16:36:50;Buy;1.25;PFE;32.526;1.25;2023.09.29 15:32:01;32.42;-3.83;-2.24;-12.51
2023.09.21 18:44:03;Buy;0.25;PFE;33.18;0.25;2023.09.29 15:32:01;32.42;-0.77;-0.49;-17.94
2023.09.18 15:38:01;Buy;0.05;PFE;33.85;0.05;2023.09.29 15:32:01;32.42;-0.15;-0.12;-6.75
2023.09.13 15:32:03;Buy;0.01;PFE;34.512;0.01;2023.09.29 15:32:01;32.42;-0.03;-0.02;-1.97
2023.09.29 09:14:05;Buy;0.01;RIO;52.188;0.01;2023.09.29 09:17:03;52.33;-0.06;;0.16
2023.09.29 09:10:43;Buy;0.01;RIO;52.019999999999996;0.01;2023.09.29 09:14:04;52.16;-0.06;;0.16
2023.09.28 16:25:01;Buy;0.01;RIO;51.85;0.01;2023.09.29 09:10:41;51.98;-0.06;;0.15
2023.09.28 16:19:24;Buy;0.01;RIO;51.68;0.01;2023.09.28 16:25:01;51.81;-0.06;;0.15
2023.09.28 16:11:17;Buy;0.01;RIO;51.53;0.01;2023.09.28 16:19:03;51.66;-0.06;;0.15
2023.09.28 14:02:54;Buy;0.01;RIO;51.38;0.01;2023.09.28 16:11:15;51.51;-0.06;;0.15
2023.09.28 13:17:25;Buy;0.01;RIO;51.24;0.01;2023.09.28 14:02:53;51.364;-0.06;;0.14
2023.09.28 12:47:59;Buy;0.01;RIO;51.09;0.01;2023.09.28 13:17:19;51.22;-0.06;;0.15
2023.09.28 12:40:18;Buy;0.01;RIO;50.93;0.01;2023.09.28 12:47:57;51.07;-0.06;;0.16
2023.09.28 11:55:17;Buy;0.01;RIO;50.76;0.01;2023.09.28 12:40:17;50.91;-0.06;;0.17
2023.09.28 10:31:00;Buy;0.03;RIO;50.49;0.03;2023.09.28 11:55:07;50.74;-0.18;;0.87
2023.09.28 09:25:26;Buy;0.01;RIO;50.98;0.01;2023.09.28 11:55:07;50.74;-0.06;;-0.28
2023.09.27 16:21:20;Buy;0.01;RIO;50.832;0.01;2023.09.28 09:25:17;50.96;-0.06;;0.15
2023.09.26 15:24:00;Buy;0.01;RIO;50.96;0.01;2023.09.27 15:18:26;51.09;-0.06;;0.15
2023.09.25 09:02:00;Buy;0.03;RIO;50.41;0.03;2023.09.26 15:23:57;50.94;-0.18;-0.01;1.83
2023.09.22 12:04:53;Buy;0.01;RIO;52.01;0.01;2023.09.26 15:23:57;50.94;-0.06;-0.01;-1.23
2023.09.21 15:52:04;Buy;0.03;RIO;51.722;0.03;2023.09.22 12:04:52;51.98;-0.18;-0.01;0.89
2023.09.21 13:09:19;Buy;0.01;RIO;52.22;0.01;2023.09.22 12:04:52;51.98;-0.06;;-0.28
2023.09.21 09:02:01;Buy;0.03;RIO;51.8;0.03;2023.09.21 13:09:19;52.2;-0.18;;1.38
2023.09.20 15:40:03;Buy;0.01;RIO;52.85;0.01;2023.09.21 13:09:19;52.2;-0.06;-0.01;-0.75
2023.09.20 14:53:52;Buy;0.01;RIO;52.696;0.01;2023.09.20 15:39:59;52.83;-0.06;;0.15
2023.09.20 13:40:11;Buy;0.01;RIO;52.55;0.01;2023.09.20 14:53:29;52.69;-0.06;;0.16
2023.09.19 16:07:05;Buy;0.03;RIO;52.256;0.03;2023.09.20 13:40:03;52.52;-0.18;-0.02;0.91
2023.09.19 15:31:30;Buy;0.01;RIO;52.77;0.01;2023.09.20 13:40:03;52.52;-0.06;-0.01;-0.29
2023.09.19 09:24:42;Buy;0.01;RIO;52.59;0.01;2023.09.19 15:31:30;52.73;-0.06;;0.16
2023.09.18 15:50:05;Buy;0.03;RIO;52.312;0.03;2023.09.19 09:24:41;52.57;-0.18;-0.02;0.89
2023.09.18 12:35:41;Buy;0.01;RIO;52.812;0.01;2023.09.19 09:24:41;52.57;-0.06;-0.01;-0.28
2023.09.14 12:37:23;Buy;0.01;RIO;52.36;0.01;2023.09.15 09:02:02;52.82;-0.06;-0.01;0.54
2023.09.14 12:34:50;Buy;0.01;RIO;52.2;0.01;2023.09.14 12:37:21;52.33;-0.06;;0.15
2023.09.14 12:21:41;Buy;0.01;RIO;52.05;0.01;2023.09.14 12:34:48;52.19;-0.06;;0.16
2023.09.14 12:06:58;Buy;0.01;RIO;51.896;0.01;2023.09.14 12:21:35;52.03;-0.06;;0.15
2023.09.14 12:00:28;Buy;0.01;RIO;51.760000000000005;0.01;2023.09.14 12:06:55;51.89;-0.06;;0.15
2023.09.14 11:30:29;Buy;0.01;RIO;51.61;0.01;2023.09.14 12:00:22;51.74;-0.06;;0.15
2023.09.14 11:14:14;Buy;0.01;RIO;51.46;0.01;2023.09.14 11:30:29;51.59;-0.06;;0.15
2023.09.14 09:09:05;Buy;0.01;RIO;51.31;0.01;2023.09.14 11:14:12;51.44;-0.06;;0.15
2023.09.14 09:06:41;Buy;0.01;RIO;51.16;0.01;2023.09.14 09:09:04;51.29;-0.06;;0.15
2023.09.14 09:04:38;Buy;0.01;RIO;50.98;0.01;2023.09.14 09:06:37;51.12;-0.06;;0.16
2023.09.14 09:02:03;Buy;0.01;RIO;50.77;0.01;2023.09.14 09:04:31;50.94;-0.06;;0.2
2023.09.13 16:02:47;Buy;0.01;RIO;50.042;0.01;2023.09.14 09:02:02;50.72;-0.06;;0.79
2023.09.13 10:12:05;Buy;0.03;RIO;49.782000000000004;0.03;2023.09.13 16:02:41;50.03;-0.17;;0.86
2023.09.12 10:24:04;Buy;0.01;RIO;50.260000000000005;0.01;2023.09.13 16:02:41;50.03;-0.06;;-0.27
2023.09.11 21:10:25;Buy;0.01;PFE;34.04;0.01;2023.09.13 15:32:01;34.47;-0.03;;0.4
2023.09.11 16:45:55;Buy;0.01;RIO;50.11;0.01;2023.09.12 10:24:03;50.24;-0.06;;0.15
2023.09.11 15:56:56;Buy;6.25;PFE;33.576;6.25;2023.09.11 21:10:25;34.03;-19.79;;264.04
2023.09.07 16:20:34;Buy;1.25;PFE;34.246;1.25;2023.09.11 21:10:25;34.03;-3.96;-1.33;-25.13
2023.09.06 15:32:03;Buy;0.25;PFE;34.936;0.25;2023.09.11 21:10:25;34.03;-0.79;-0.34;-21.08
2023.08.31 16:44:35;Buy;0.05;PFE;35.83;0.05;2023.09.11 21:10:25;34.03;-0.16;-0.13;-8.38
2023.08.25 18:12:29;Buy;0.01;PFE;36.559999999999995;0.01;2023.09.11 21:10:25;34.03;-0.03;-0.03;-2.35
2023.09.11 14:31:03;Buy;0.01;RIO;49.966;0.01;2023.09.11 16:45:52;50.09;-0.06;;0.14
2023.09.11 14:16:58;Buy;0.01;RIO;49.836;0.01;2023.09.11 14:31:02;49.96;-0.06;;0.14
2023.09.11 10:51:07;Buy;0.03;RIO;49.576;0.03;2023.09.11 14:16:55;49.83;-0.17;;0.89
2023.09.11 09:42:08;Buy;0.01;RIO;50.07;0.01;2023.09.11 14:16:55;49.83;-0.06;;-0.28
2023.09.11 09:26:01;Buy;0.01;RIO;49.92;0.01;2023.09.11 09:42:04;50.05;-0.06;;0.15
2023.09.11 09:08:46;Buy;0.01;RIO;49.77;0.01;2023.09.11 09:26:01;49.9;-0.06;;0.15
2023.09.11 09:02:03;Buy;0.01;RIO;49.61;0.01;2023.09.11 09:08:43;49.74;-0.06;;0.15
2023.09.08 16:05:43;Buy;0.01;RIO;48.36;0.01;2023.09.11 09:02:00;49.54;-0.06;-0.01;1.38
2023.09.08 16:02:33;Buy;0.01;RIO;48.22;0.01;2023.09.08 16:05:43;48.34;-0.06;;0.14
2023.09.08 15:35:17;Buy;0.01;RIO;48.09;0.01;2023.09.08 16:02:32;48.21;-0.06;;0.14
2023.09.08 11:50:12;Buy;0.81;RIO;47.722;0.81;2023.09.08 15:35:14;48.07;-4.54;;32.87
2023.09.08 09:28:25;Buy;0.27;RIO;48.172;0.27;2023.09.08 15:35:14;48.07;-1.51;;-3.21
2023.09.07 10:29:53;Buy;0.09;RIO;48.636;0.09;2023.09.08 15:35:14;48.07;-0.5;-0.04;-5.9399999999999995
2023.09.07 09:02:03;Buy;0.03;RIO;49.12;0.03;2023.09.08 15:35:14;48.07;-0.17;-0.01;-3.67
2023.09.06 15:56:56;Buy;0.01;RIO;49.95;0.01;2023.09.08 15:35:14;48.07;-0.06;;-2.19
2023.09.06 15:34:41;Buy;0.01;RIO;49.8;0.01;2023.09.06 15:56:44;49.93;-0.06;;0.15
2023.09.06 09:42:25;Buy;0.09;RIO;49.482;0.09;2023.09.06 15:34:40;49.79;-0.52;;3.24
2023.09.05 16:32:20;Buy;0.03;RIO;49.962;0.03;2023.09.06 15:34:40;49.79;-0.17;-0.01;-0.61
2023.09.05 12:30:11;Buy;0.01;RIO;50.440000000000005;0.01;2023.09.06 15:34:40;49.79;-0.06;;-0.76
2023.09.05 11:33:14;Buy;0.01;RIO;50.29;0.01;2023.09.05 12:30:10;50.42;-0.06;;0.15
2023.09.05 11:03:18;Buy;0.01;RIO;50.13;0.01;2023.09.05 11:33:13;50.27;-0.06;;0.16
2023.09.05 09:42:48;Buy;0.09;RIO;49.786;0.09;2023.09.05 11:03:16;50.11;-0.53;;3.41
2023.09.04 12:29:06;Buy;0.03;RIO;50.3;0.03;2023.09.05 11:03:16;50.11;-0.18;-0.01;-0.66
2023.09.04 09:02:01;Buy;0.01;RIO;50.78;0.01;2023.09.05 11:03:16;50.11;-0.06;;-0.78
2023.09.01 15:32:36;Buy;0.01;RIO;49.95;0.01;2023.09.04 09:02:00;50.77;-0.06;-0.01;0.96
2023.09.01 14:58:34;Buy;0.01;RIO;49.82;0.01;2023.09.01 15:32:35;49.95;-0.06;;0.15
2023.09.01 13:51:46;Buy;0.01;RIO;49.67;0.01;2023.09.01 14:58:34;49.8;-0.06;;0.15
2023.09.01 11:16:47;Buy;0.01;RIO;49.519999999999996;0.01;2023.09.01 13:51:35;49.65;-0.06;;0.15
2023.09.01 09:02:03;Buy;0.01;RIO;49.37;0.01;2023.09.01 11:16:47;49.5;-0.06;;0.15
2023.08.31 09:02:03;Buy;0.01;RIO;49.104;0.01;2023.09.01 09:02:00;49.28;-0.06;;0.21
2023.08.31 23:59:59;Deal Interestrate;;;;;;;;;108.72280375
2023.08.30 16:26:12;Buy;0.03;RIO;48.496;0.03;2023.08.31 09:02:00;49.07;-0.17;-0.01;2
2023.08.30 09:48:16;Buy;0.01;RIO;48.970000000000006;0.01;2023.08.31 09:02:00;49.07;-0.06;;0.12
2023.08.30 09:02:02;Buy;0.01;RIO;48.82;0.01;2023.08.30 09:48:16;48.95;-0.06;;0.15
2023.08.29 16:17:34;Buy;0.01;RIO;48.41;0.01;2023.08.30 09:02:00;48.78;-0.06;;0.43
2023.08.29 15:31:44;Buy;0.01;RIO;48.27;0.01;2023.08.29 16:17:34;48.39;-0.06;;0.14
2023.08.29 09:53:19;Buy;0.03;RIO;48.012;0.03;2023.08.29 15:31:42;48.25;-0.17;;0.83
2023.08.29 09:34:18;Buy;0.01;RIO;48.470000000000006;0.01;2023.08.29 15:31:42;48.25;-0.06;;-0.26
2023.08.29 09:02:03;Buy;0.01;RIO;48.33;0.01;2023.08.29 09:34:18;48.45;-0.06;;0.14
2023.08.25 16:03:50;Buy;0.01;RIO;47.68;0.01;2023.08.29 09:02:03;48.3;-0.06;-0.01;0.72
2023.08.25 15:45:00;Buy;0.01;PFE;36.14;0.01;2023.08.25 18:11:52;36.53;-0.03;;0.36
2023.08.25 15:42:04;Buy;0.01;RIO;47.540000000000006;0.01;2023.08.25 16:03:50;47.66;-0.06;;0.14
2023.08.03 11:27:23;Balance;;;;;;;;;30000
