Open Date,Close Date,Symbol,Action,Units/Lots,Open Price,Close Price,Commission,Swap,Pips,Profit,Gain,Duration (DD:HH:MM:SS),Profitable(%),Profitable(time duration),Drawdown,Risk:Reward,Max(pips),Max(USD),Min(pips),Min(USD),Entry Accuracy(%),Exit Accuracy(%),ProfitMissed(pips),ProfitMissed(USD)
06/02/2026 06:45,06/02/2026 13:36,AUDCAD,Sell,0.010,0.99285,0.99173,-0.0800,0.0000,11.2,0.73,0.05,00:06:51:49,7.3,30m,22.3,1.89,11.8,0.8260000000000002,-22.3,-1.5610000000000002,34.6,98.2,-0.60,-0.04
06/01/2026 13:15,06/01/2026 17:29,AUDCAD,Buy,0.010,0.98930,0.99043,-0.0900,0.0000,11.3,0.72,0.05,00:04:14:41,51.4,2h 10m,25.0,0.97,15.9,1.1130000000000002,-15.5,-1.0850000000000002,50.6,85.4,-4.60,-0.32
05/29/2026 13:45,06/01/2026 09:05,NZDCAD,Sell,0.020,0.82667,0.82370,-0.1650,0.0000,29.7,4.14,0.29,02:19:20:46,100.0,2d 19h ,55.278328,0.01,66.778328,9.348965920000001,0.0,0.0,100.0,44.5,-37.08,-5.19
05/29/2026 09:15,06/01/2026 09:05,NZDCAD,Sell,0.010,0.82356,0.82370,-0.0825,0.0000,-1.4,-0.18,-0.01,02:23:50:47,2.3,1h 39m,55.278328,1.00,35.678328,2.49748296,-35.5,-2.4850000000000003,50.1,47.9,-37.08,-2.60
05/29/2026 00:30,06/01/2026 09:05,NZDCAD,Sell,0.010,0.81939,0.82370,-0.0825,0.0000,-43.1,-3.20,-0.22,03:08:35:46,0.0,0s,77.2,77.52,0.0,0.0,-77.2,-5.404000000000001,0.0,44.2,-43.10,-3.02
05/28/2026 03:30,05/28/2026 06:14,AUDCAD,Buy,0.010,0.98546,0.98658,-0.0825,0.0000,11.2,0.73,0.05,00:02:44:37,33.0,54m,12.9,1.12,11.2,0.784,-12.5,-0.8750000000000001,47.3,100.0,0.00,0.00
05/28/2026 05:00,05/28/2026 05:34,NZDCAD,Buy,0.010,0.81305,0.81417,-0.0825,0.0000,11.2,0.73,0.05,00:00:34:04,100.0,34m,2.3,0.09,11.2,0.784,0.0,0.0,100.0,100.0,0.00,0.00
05/27/2026 12:30,05/28/2026 04:46,NZDCAD,Sell,0.010,0.81591,0.81326,-0.0825,0.0000,26.5,1.83,0.13,00:16:16:26,52.6,8h 33m,41.6,0.89,27.1,1.8970000000000002,-24.1,-1.6870000000000003,52.9,98.8,-0.60,-0.04
05/27/2026 05:15,05/28/2026 04:46,NZDCAD,Sell,0.010,0.81185,0.81326,-0.0825,0.0000,-14.1,-1.10,-0.08,00:23:31:17,9.3,2h 11m,70.8,7.75,8.1,0.5670000000000001,-62.7,-4.389,11.4,68.6,-22.20,-1.55
05/26/2026 00:30,05/27/2026 02:02,NZDCAD,Buy,0.010,0.80872,0.80984,-0.0825,0.0000,11.2,0.73,0.05,01:01:32:46,2.7,41m,35.2,1.50,23.2,1.624,-34.7,-2.4290000000000003,40.1,79.3,-12.00,-0.84
05/25/2026 01:30,05/26/2026 07:38,AUDCAD,Sell,0.010,0.98937,0.98825,-0.0825,0.0000,11.2,0.73,0.05,01:06:08:37,28.5,8h 35m,21.3,1.10,11.2,0.784,-12.3,-0.8610000000000001,47.7,100.0,0.00,0.00
05/24/2026 22:50,05/26/2026 00:18,NZDCAD,Sell,0.020,0.81125,0.80874,-0.1650,0.0000,25.1,3.48,0.24,01:01:28:19,89.9,22h 53m,14.2,0.13,26.7,4.005,-3.6,-0.54,88.1,94.7,-1.60,-0.24
05/22/2026 03:00,05/26/2026 00:18,NZDCAD,Sell,0.010,0.80991,0.80874,-0.0800,0.0000,11.7,0.77,0.05,03:21:18:42,71.2,2d 18h ,43.3,0.65,26.3,1.8410000000000002,-17.0,-1.1900000000000002,60.7,66.3,-14.60,-1.02
05/20/2026 08:45,05/26/2026 00:18,NZDCAD,Sell,0.010,0.80403,0.80874,-0.0800,0.0000,-47.1,-3.49,-0.24,05:15:33:40,1.2,1h 37m,83.7,9.60,7.9,0.553,-75.8,-5.306,9.4,34.3,-55.00,-3.85
05/22/2026 09:15,05/22/2026 12:59,NZDCAD,Buy,0.010,0.80753,0.80865,-0.0800,0.0000,11.2,0.73,0.05,00:03:44:50,76.4,2h 51m,8.2,0.26,12.0,0.8400000000000001,-3.1,-0.21700000000000003,79.5,94.7,-0.80,-0.06
05/20/2026 08:45,05/21/2026 02:34,AUDCAD,Sell,0.010,0.97933,0.97820,-0.0900,0.0000,11.3,0.74,0.05,00:17:49:12,4.7,50m,53.8,3.63,14.7,1.0290000000000001,-53.4,-3.7380000000000004,21.6,95.0,-3.40,-0.24
05/19/2026 14:15,05/20/2026 09:07,AUDCAD,Buy,0.010,0.97698,0.97968,-0.0800,0.0000,27.0,1.88,0.13,00:18:52:25,51.6,9h 44m,31.5,0.80,27.0,1.8900000000000001,-21.6,-1.5120000000000002,55.6,100.0,0.00,0.00
05/19/2026 04:00,05/20/2026 09:07,AUDCAD,Buy,0.010,0.98114,0.97968,-0.0800,0.0000,-14.6,-1.14,-0.08,01:05:07:25,0.3,5m,64.0,79.37,0.8,0.05600000000000001,-63.2,-4.424,1.3,75.9,-15.40,-1.08
05/20/2026 01:00,05/20/2026 03:35,NZDCAD,Buy,0.010,0.80094,0.80206,-0.0800,0.0000,11.2,0.74,0.05,00:02:35:26,43.3,1h 7m,12.7,0.68,12.3,0.8610000000000001,-8.4,-0.5880000000000001,59.4,94.7,-1.10,-0.08
05/18/2026 11:45,05/18/2026 14:36,AUDCAD,Sell,0.010,0.98461,0.98348,-0.0900,0.0000,11.3,0.73,0.05,00:02:51:06,36.7,1h 2m,25.6,1.63,11.3,0.7910000000000001,-18.4,-1.288,38.0,100.0,0.00,0.00
05/15/2026 09:00,05/18/2026 12:46,NZDCAD,Buy,0.020,0.80419,0.80728,-0.1600,0.0000,30.9,4.34,0.31,03:03:46:22,9.7,7h 20m,42.2,0.81,33.5,5.0249999999999995,-27.3,-4.095,55.1,95.7,-2.60,-0.39
05/15/2026 04:45,05/18/2026 12:46,NZDCAD,Buy,0.010,0.80785,0.80728,-0.0800,0.0000,-5.7,-0.49,-0.03,03:08:01:24,0.0,0s,63.9,64.10,0.0,0.0,-63.9,-4.473000000000001,0.0,91.1,-5.70,-0.40
05/14/2026 20:00,05/18/2026 12:46,NZDCAD,Buy,0.010,0.81140,0.80728,-0.0800,0.0000,-41.2,-3.08,-0.22,03:16:46:21,0.0,0s,99.4,100.00,0.0,0.0,-99.4,-6.958000000000001,0.0,58.6,-41.20,-2.88
05/18/2026 00:00,05/18/2026 06:58,AUDCAD,Buy,0.010,0.98124,0.98236,-0.0800,0.0000,11.2,0.73,0.05,00:06:58:44,13.9,58m,13.7,1.22,11.2,0.784,-13.7,-0.9590000000000001,45.0,100.0,0.00,0.00
05/15/2026 09:15,05/15/2026 10:52,AUDCAD,Buy,0.020,0.98283,0.98598,-0.1700,0.0000,31.5,4.41,0.31,00:01:37:26,69.4,1h 7m,6.5,0.20,31.9,4.784999999999999,-6.5,-0.975,83.1,99.0,-0.40,-0.06
05/15/2026 05:15,05/15/2026 10:52,AUDCAD,Buy,0.010,0.98612,0.98598,-0.0800,0.0000,-1.4,-0.18,-0.01,00:05:37:26,4.5,15m,42.2,14.08,2.8,0.196,-39.4,-2.758,6.6,90.0,-4.20,-0.29
05/14/2026 16:45,05/15/2026 10:52,AUDCAD,Buy,0.010,0.99062,0.98598,-0.0900,0.0000,-46.4,-3.46,-0.24,00:18:07:26,23.4,4h 14m,91.1,10.11,8.2,0.574,-82.9,-5.803000000000001,9.0,40.1,-54.60,-3.82
05/13/2026 14:15,05/14/2026 13:01,AUDCAD,Sell,0.010,0.99365,0.99253,-0.0800,0.0000,11.2,0.73,0.05,00:22:46:13,30.1,6h 51m,20.0,1.48,12.6,0.882,-18.7,-1.3090000000000002,40.3,95.5,-1.40,-0.10
05/13/2026 08:45,05/13/2026 15:43,NZDCAD,Buy,0.010,0.81240,0.81352,-0.0800,0.0000,11.2,0.74,0.05,00:06:58:19,21.3,1h 29m,17.0,1.28,11.2,0.784,-14.3,-1.0010000000000001,43.9,100.0,0.00,0.00
05/12/2026 06:30,05/12/2026 08:45,AUDCAD,Buy,0.010,0.98850,0.98963,-0.0900,0.0000,11.3,0.73,0.05,00:02:15:50,61.8,1h 23m,10.9,0.90,11.3,0.7910000000000001,-10.2,-0.714,52.6,100.0,0.00,0.00
05/12/2026 07:00,05/12/2026 08:21,NZDCAD,Buy,0.010,0.81367,0.81479,-0.0800,0.0000,11.2,0.73,0.05,00:01:21:02,88.9,1h 12m,4.2,0.33,11.8,0.8260000000000002,-3.9,-0.273,75.2,96.2,-0.60,-0.04
05/11/2026 15:30,05/12/2026 06:23,NZDCAD,Sell,0.010,0.81555,0.81443,-0.0800,0.0000,11.2,0.74,0.05,00:14:53:38,71.6,10h 39m,19.6,0.42,13.8,0.9660000000000002,-5.8,-0.406,70.4,86.7,-2.60,-0.18
05/08/2026 12:45,05/10/2026 22:00,AUDCAD,Sell,0.010,0.99129,0.98868,-0.0900,0.0000,26.1,1.82,0.13,02:09:14:59,93.6,2d 5h ,25.5,0.35,46.7,3.2690000000000006,-16.5,-1.155,73.9,67.4,-20.60,-1.44
05/08/2026 08:30,05/10/2026 22:00,AUDCAD,Sell,0.010,0.98732,0.98868,-0.0800,0.0000,-13.6,-1.07,-0.08,02:13:29:59,1.7,1h 2m,59.1,18.08,3.1,0.21700000000000003,-56.0,-3.9200000000000004,5.2,71.7,-16.70,-1.17
05/08/2026 13:45,05/10/2026 21:16,NZDCAD,Sell,0.010,0.81686,0.81428,-0.0800,0.0000,25.8,1.81,0.13,02:07:31:08,99.5,2d 7h ,25.2,0.10,51.0,3.5700000000000003,-5.0,-0.35000000000000003,91.1,55.0,-25.20,-1.76
05/08/2026 06:30,05/10/2026 21:16,NZDCAD,Sell,0.010,0.81293,0.81428,-0.0800,0.0000,-13.5,-1.06,-0.07,02:14:46:09,2.8,1h 45m,51.1,4.26,10.4,0.7280000000000001,-44.3,-3.101,19.0,56.3,-23.90,-1.67
05/07/2026 17:30,05/08/2026 06:06,AUDCAD,Buy,0.010,0.98558,0.98670,-0.0800,0.0000,11.2,0.74,0.05,00:12:36:45,26.7,3h 22m,30.9,1.88,11.2,0.784,-21.0,-1.4700000000000002,34.8,100.0,0.00,0.00
05/07/2026 15:00,05/07/2026 17:15,AUDCAD,Sell,0.040,0.98947,0.98626,-0.3300,0.0000,32.1,9.09,0.65,00:02:15:10,100.0,2h 15m,5.9,0.03,32.6,9.454,0.0,0.0,100.0,98.5,-0.50,-0.14
05/06/2026 09:00,05/07/2026 17:15,AUDCAD,Sell,0.020,0.98629,0.98626,-0.1700,0.0000,0.3,-0.12,-0.01,01:08:15:10,23.2,7h 28m,52.3,1.78,18.8,3.196,-33.5,-5.695,35.9,64.6,-18.50,-3.15
05/06/2026 01:30,05/07/2026 17:15,AUDCAD,Sell,0.010,0.98273,0.98626,-0.0800,0.0000,-35.3,-2.67,-0.19,01:15:45:10,0.3,7m,71.1,34.60,2.0,0.14,-69.1,-4.837,2.8,47.5,-37.30,-2.61
05/05/2026 15:00,05/07/2026 17:15,AUDCAD,Sell,0.010,0.97885,0.98626,-0.0900,0.0000,-74.1,-5.53,-0.39,02:02:15:10,8.8,4h 25m,126.5,5.80,18.6,1.3020000000000003,-107.9,-7.553000000000001,14.7,26.7,-92.70,-6.49
05/05/2026 15:00,05/05/2026 21:50,NZDCAD,Sell,0.010,0.80264,0.80152,-0.0800,0.0000,11.2,0.74,0.05,00:06:50:10,73.7,5h 2m,16.3,0.39,27.5,1.9250000000000003,-10.8,-0.7560000000000001,71.8,57.4,-16.30,-1.14
05/04/2026 15:45,05/05/2026 12:15,AUDCAD,Buy,0.010,0.97565,0.97677,-0.0800,0.0000,11.2,0.75,0.05,00:20:30:12,40.5,8h 18m,41.9,2.28,14.5,1.0150000000000001,-33.0,-2.31,30.5,93.1,-3.30,-0.23
05/04/2026 15:30,05/05/2026 08:14,NZDCAD,Buy,0.010,0.79949,0.80061,-0.0800,0.0000,11.2,0.74,0.05,00:16:44:22,46.0,7h 42m,16.6,1.17,11.2,0.784,-13.1,-0.917,46.1,100.0,0.00,0.00
05/04/2026 10:15,05/04/2026 10:32,NZDCAD,Buy,0.010,0.80030,0.80142,-0.0800,0.0000,11.2,0.74,0.05,00:00:17:01,58.9,10m,4.3,0.23,11.2,0.784,-2.6,-0.18200000000000002,81.2,100.0,0.00,0.00
05/04/2026 10:15,05/04/2026 10:32,AUDCAD,Buy,0.010,0.97649,0.97762,-0.0900,0.0000,11.3,0.74,0.05,00:00:17:00,58.9,10m,2.7999999999994,0.17,11.3,0.7910000000000001,-1.9,-0.133,85.6,100.0,0.00,0.00
05/04/2026 04:00,05/04/2026 06:40,NZDCAD,Sell,0.010,0.80486,0.80374,-0.0800,0.0000,11.2,0.75,0.05,00:02:40:05,100.0,2h 40m,5.5,0.08,12.1,0.8470000000000001,0.0,0.0,100.0,92.6,-0.90,-0.06
05/01/2026 14:15,05/01/2026 20:37,AUDCAD,Sell,0.010,0.97994,0.97881,-0.0900,0.0000,11.3,0.74,0.05,00:06:22:48,81.6,5h 12m,9.0,0.22,12.6,0.882,-2.8,-0.196,81.8,91.6,-1.30,-0.09
04/29/2026 16:00,04/30/2026 11:21,AUDCAD,Buy,0.010,0.97472,0.97749,-0.0900,0.0000,27.7,1.94,0.14,00:19:21:00,27.6,5h 20m,30.0,0.83,29.3,2.051,-24.2,-1.6940000000000002,54.8,97.0,-1.60,-0.11
04/29/2026 08:15,04/30/2026 11:21,AUDCAD,Buy,0.010,0.97900,0.97749,-0.0900,0.0000,-15.1,-1.19,-0.08,01:03:06:00,13.9,3h 46m,75.3,8.08,8.3,0.5810000000000001,-67.0,-4.69,11.0,68.9,-23.40,-1.64
04/29/2026 15:15,04/30/2026 11:15,NZDCAD,Buy,0.010,0.79890,0.80135,-0.0900,0.0000,24.5,1.71,0.12,00:20:00:43,10.0,2h 0m,27.1,1.04,26.0,1.8200000000000003,-27.1,-1.8970000000000002,49.0,97.2,-1.50,-0.11
04/29/2026 02:45,04/30/2026 11:15,NZDCAD,Buy,0.010,0.80253,0.80135,-0.0900,0.0000,-11.8,-0.95,-0.07,01:08:30:43,3.4,1h 6m,68.1,13.50,4.7,0.32900000000000007,-63.4,-4.438000000000001,6.9,75.8,-16.50,-1.16
04/28/2026 15:00,04/29/2026 02:54,AUDCAD,Sell,0.010,0.98121,0.98008,-0.0900,0.0000,11.3,0.73,0.05,00:11:54:06,11.9,1h 24m,24.9,1.82,11.9,0.8330000000000001,-21.7,-1.5190000000000001,35.4,98.2,-0.60,-0.04
04/28/2026 07:00,04/28/2026 07:54,AUDCAD,Buy,0.010,0.97764,0.97877,-0.0900,0.0000,11.3,0.74,0.05,00:00:54:28,85.2,46m,3.6,0.24,11.3,0.7910000000000001,-2.7,-0.18900000000000003,80.7,100.0,0.00,0.00
04/27/2026 02:15,04/27/2026 06:04,AUDCAD,Sell,0.010,0.97957,0.97844,-0.0900,0.0000,11.3,0.74,0.05,00:03:49:34,38.0,1h 27m,9.3,0.70,11.3,0.7910000000000001,-7.9,-0.553,58.9,100.0,0.00,0.00
04/27/2026 03:15,04/27/2026 05:35,NZDCAD,Sell,0.010,0.80526,0.80413,-0.0900,0.0000,11.3,0.74,0.05,00:02:20:00,100.0,2h 20m,2.4,0.08,12.3,0.8610000000000001,0.0,0.0,100.0,91.9,-1.00,-0.07
04/23/2026 00:15,04/23/2026 00:19,AUDCAD,Buy,0.010,0.97692,0.97805,-0.0900,0.0000,11.3,0.74,0.05,00:00:04:16,80.0,3m,7.0,0.47,14.8,1.0360000000000003,-7.0,-0.49000000000000005,67.9,83.9,-3.50,-0.25
04/21/2026 17:15,04/21/2026 17:40,NZDCAD,Buy,0.010,0.80396,0.80509,-0.0900,0.0000,11.3,0.74,0.05,00:00:25:27,52.0,13m,5.3,0.47,11.3,0.7910000000000001,-5.3,-0.371,68.1,100.0,0.00,0.00
04/21/2026 17:15,04/21/2026 17:38,AUDCAD,Buy,0.010,0.97553,0.97666,-0.0900,0.0000,11.3,0.73,0.05,00:00:23:55,45.9,10m,4.0,0.35,11.3,0.7910000000000001,-4.0,-0.28,73.9,100.0,0.00,0.00
04/21/2026 07:15,04/21/2026 11:57,AUDCAD,Buy,0.010,0.97727,0.97840,-0.0900,0.0000,11.3,0.74,0.05,00:04:42:53,36.1,1h 42m,17.5,1.09,11.3,0.7910000000000001,-12.3,-0.8610000000000001,47.9,100.0,0.00,0.00
04/21/2026 01:30,04/21/2026 03:14,NZDCAD,Sell,0.010,0.80708,0.80595,-0.0900,0.0000,11.3,0.74,0.05,00:01:44:35,46.7,48m,5.9,0.48,12.3,0.8610000000000001,-5.9,-0.4130000000000001,67.6,94.5,-1.00,-0.07
04/17/2026 02:15,04/17/2026 12:50,NZDCAD,Buy,0.010,0.80593,0.80835,-0.0900,0.0000,24.2,1.68,0.12,00:10:35:00,12.3,1h 18m,17.0,0.52,26.8,1.8760000000000003,-14.0,-0.9800000000000001,65.7,93.6,-2.60,-0.18
04/16/2026 08:30,04/17/2026 12:50,NZDCAD,Buy,0.010,0.80951,0.80835,-0.0900,0.0000,-11.6,-0.94,-0.07,01:04:20:01,0.0,0s,48.9,49.02,0.0,0.0,-48.9,-3.423,0.0,76.3,-11.60,-0.81
04/16/2026 14:30,04/17/2026 12:47,AUDCAD,Buy,0.010,0.98276,0.98389,-0.0900,0.0000,11.3,0.73,0.05,00:22:17:59,3.4,45m,29.4,1.31,20.1,1.4070000000000003,-26.3,-1.8410000000000002,43.3,81.0,-8.80,-0.62
04/16/2026 02:45,04/16/2026 13:54,AUDCAD,Sell,0.020,0.98656,0.98317,-0.1800,0.0000,33.9,4.76,0.34,00:11:09:31,97.4,10h 52m,8.9,0.05,35.0,5.25,-1.9,-0.285,94.9,97.0,-1.10,-0.17
04/15/2026 03:00,04/16/2026 13:54,AUDCAD,Sell,0.010,0.98231,0.98317,-0.0900,0.0000,-8.6,-0.71,-0.05,01:10:54:31,2.0,41m,45.5,20.70,2.1,0.14700000000000002,-43.4,-3.0380000000000003,4.6,76.5,-10.70,-0.75
04/14/2026 09:45,04/16/2026 13:54,AUDCAD,Sell,0.010,0.97877,0.98317,-0.0900,0.0000,-44.0,-3.29,-0.24,02:04:09:28,0.0,0s,78.8,79.37,0.0,0.0,-78.8,-5.516,0.0,44.2,-44.00,-3.08
04/14/2026 06:45,04/16/2026 08:27,NZDCAD,Sell,0.010,0.81028,0.80915,-0.0900,0.0000,11.3,0.73,0.05,02:01:42:26,2.2,1h 5m,34.0,2.84,11.5,0.805,-32.7,-2.2890000000000006,26.0,99.5,-0.20,-0.01
04/13/2026 18:15,04/14/2026 01:43,NZDCAD,Sell,0.010,0.80907,0.80794,-0.0900,0.0000,11.3,0.73,0.05,00:07:27:58,46.7,3h 29m,15.4,0.68,11.7,0.8190000000000001,-8.0,-0.56,59.4,98.0,-0.40,-0.03
04/13/2026 18:00,04/14/2026 01:30,AUDCAD,Sell,0.010,0.97801,0.97688,-0.0900,0.0000,11.3,0.73,0.05,00:07:30:38,27.8,2h 5m,15.2,0.81,13.6,0.9520000000000001,-11.0,-0.77,55.3,90.7,-2.30,-0.16
04/10/2026 15:00,04/10/2026 15:57,AUDCAD,Sell,0.010,0.97959,0.97846,-0.0900,0.0000,11.3,0.73,0.05,00:00:57:33,88.0,50m,9.8,0.25,11.3,0.7910000000000001,-2.8,-0.196,80.1,100.0,0.00,0.00
04/09/2026 15:45,04/10/2026 04:30,AUDCAD,Sell,0.010,0.97788,0.97675,-0.0900,0.0000,11.3,0.72,0.05,00:12:45:26,31.9,4h 4m,23.3,1.81,11.3,0.7910000000000001,-20.5,-1.435,35.5,100.0,0.00,0.00
04/07/2026 23:15,04/08/2026 18:51,AUDCAD,Sell,0.040,0.97864,0.97456,-0.3600,0.0000,40.8,11.42,0.83,00:19:36:27,89.0,17h 27m,46.2,0.25,40.8,11.831999999999999,-10.1,-2.929,80.2,100.0,0.00,0.00
04/07/2026 22:45,04/08/2026 18:51,AUDCAD,Sell,0.020,0.97521,0.97456,-0.1800,0.0000,6.5,0.76,0.05,00:20:06:27,3.4,41m,46.2,6.84,6.5,0.9100000000000001,-44.4,-6.216,12.8,100.0,0.00,0.00
04/07/2026 20:00,04/08/2026 18:51,AUDCAD,Sell,0.010,0.96854,0.97456,-0.0900,0.0000,-60.2,-4.44,-0.32,00:22:51:28,4.0,54m,125.8,7.56,14.7,1.0290000000000001,-111.1,-7.777,11.7,40.5,-74.90,-5.24
04/07/2026 08:30,04/08/2026 18:51,AUDCAD,Sell,0.010,0.96499,0.97456,-0.0900,0.0000,-95.7,-7.00,-0.50,01:10:21:28,7.8,2h 40m,156.1,15.43,9.5,0.665,-146.6,-10.262,6.1,32.6,-105.20,-7.36
04/06/2026 17:15,04/06/2026 18:10,AUDCAD,Buy,0.010,0.96167,0.96281,-0.0900,0.0000,11.4,0.73,0.05,00:00:55:58,94.7,53m,2.7,0.08,11.7,0.8190000000000001,-0.9,-0.06300000000000001,92.9,97.6,-0.30,-0.02
04/06/2026 02:15,04/06/2026 17:12,AUDCAD,Sell,0.010,0.96294,0.96180,-0.0900,0.0000,11.4,0.73,0.05,00:14:57:19,34.6,5h 10m,32.5,1.73,14.3,1.0010000000000001,-24.7,-1.729,36.7,92.6,-2.90,-0.20
04/06/2026 07:45,04/06/2026 17:10,NZDCAD,Sell,0.010,0.79597,0.79483,-0.0900,0.0000,11.4,0.73,0.05,00:09:25:40,43.2,4h 4m,15.0,0.82,12.6,0.882,-10.3,-0.7210000000000001,55.0,94.8,-1.20,-0.08
04/03/2026 05:30,04/06/2026 07:42,NZDCAD,Buy,0.010,0.79480,0.79594,-0.0900,0.0000,11.4,0.73,0.05,03:02:12:11,10.0,7h 25m,31.4,2.18,11.6,0.812,-25.3,-1.7710000000000001,31.4,99.5,-0.20,-0.01
04/02/2026 14:45,04/02/2026 16:10,NZDCAD,Sell,0.010,0.79758,0.79644,-0.0900,0.0000,11.4,0.73,0.05,00:01:25:48,89.5,1h 16m,14.3,0.26,12.4,0.8680000000000001,-3.2,-0.22400000000000003,79.5,93.6,-1.00,-0.07
04/02/2026 15:00,04/02/2026 15:25,AUDCAD,Sell,0.010,0.96233,0.96119,-0.0900,0.0000,11.4,0.73,0.05,00:00:25:09,64.0,16m,6.8,0.22,11.4,0.7980000000000002,-2.5,-0.17500000000000002,82.0,100.0,0.00,0.00
04/02/2026 14:45,04/02/2026 14:50,AUDCAD,Sell,0.010,0.96174,0.96060,-0.0900,0.0000,11.4,0.73,0.05,00:00:05:00,100.0,5m,1.0,0.09,11.4,0.7980000000000002,0.0,0.0,100.0,100.0,0.00,0.00
04/02/2026 01:30,04/02/2026 14:36,NZDCAD,Buy,0.010,0.79617,0.79731,-0.0900,0.0000,11.4,0.73,0.05,00:13:06:18,4.1,32m,30.4,1.91,15.9,1.1130000000000002,-30.4,-2.128,34.3,90.3,-4.50,-0.32
04/02/2026 06:00,04/02/2026 07:22,AUDCAD,Buy,0.010,0.95573,0.95687,-0.0900,0.0000,11.4,0.73,0.05,00:01:22:31,75.7,1h 2m,6.0,0.34,11.4,0.7980000000000002,-3.9,-0.273,74.5,100.0,0.00,0.00
04/01/2026 11:45,04/01/2026 12:26,AUDCAD,Sell,0.010,0.96593,0.96479,-0.0900,0.0000,11.4,0.73,0.05,00:00:41:46,65.9,27m,6.2,0.53,11.8,0.8260000000000002,-6.2,-0.43400000000000005,65.6,97.8,-0.40,-0.03
04/01/2026 07:00,04/01/2026 07:10,AUDCAD,Sell,0.010,0.96472,0.96358,-0.0900,0.0000,11.4,0.73,0.05,00:00:10:33,100.0,10m,1.7,0.08,12.3,0.8610000000000001,0.0,0.0,100.0,92.7,-0.90,-0.06
03/29/2026 23:35,03/31/2026 12:02,NZDCAD,Buy,0.010,0.79629,0.79872,-0.0900,0.0000,24.3,1.65,0.12,01:12:27:22,42.2,15h 23m,36.5,0.62,24.3,1.7010000000000003,-15.1,-1.0570000000000002,61.7,100.0,0.00,0.00
03/26/2026 08:00,03/31/2026 12:02,NZDCAD,Buy,0.010,0.79987,0.79872,-0.0900,0.0000,-11.5,-0.92,-0.07,05:04:02:46,5.7,7h 4m,61.4,4.85,10.5,0.7350000000000001,-50.9,-3.563,17.1,64.2,-22.00,-1.54
03/30/2026 06:45,03/30/2026 07:00,NZDCAD,Sell,0.010,0.79847,0.79733,-0.0900,0.0000,11.4,0.73,0.05,00:00:15:20,100.0,15m,2.1,0.07,13.5,0.9450000000000001,0.0,0.0,100.0,84.4,-2.10,-0.15
03/27/2026 05:15,03/27/2026 07:23,NZDCAD,Sell,0.010,0.80019,0.79906,-0.0900,0.0000,11.3,0.73,0.05,00:02:08:33,100.0,2h 8m,6.0,0.09,11.4,0.7980000000000002,0.0,0.0,100.0,99.1,-0.10,-0.01
03/25/2026 06:15,03/25/2026 07:17,NZDCAD,Buy,0.010,0.80036,0.80149,-0.0900,0.0000,11.3,0.73,0.05,00:01:02:58,100.0,1h 2m,3.4,0.09,11.4,0.7980000000000002,0.0,0.0,100.0,99.1,-0.10,-0.01
03/23/2026 14:00,03/23/2026 15:54,NZDCAD,Sell,0.010,0.80294,0.80181,-0.0900,0.0000,11.3,0.73,0.05,00:01:54:24,27.0,30m,42.5,2.50,13.1,0.917,-32.8,-2.296,28.5,96.1,-1.80,-0.13
03/23/2026 11:15,03/23/2026 11:15,AUDCAD,Sell,0.010,0.96335,0.96222,-0.0900,0.0000,11.3,0.74,0.05,00:00:00:25,,,,,,,,,,,,
03/23/2026 06:45,03/23/2026 11:07,NZDCAD,Buy,0.010,0.79528,0.79829,-0.0900,0.0000,30.1,2.10,0.15,00:04:21:56,59.6,2h 36m,41.9,0.66,41.8,2.926,-27.7,-1.939,60.1,83.2,-11.70,-0.82
03/20/2026 18:00,03/23/2026 11:07,NZDCAD,Buy,0.010,0.80004,0.79829,-0.0900,0.0000,-17.5,-1.37,-0.10,02:17:06:56,77.1,2d 2h ,78.46624100573,15.48,4.76624100573,0.33363687040110007,-73.7,-5.159000000000001,6.1,71.6,-22.27,-1.56
03/23/2026 10:30,03/23/2026 11:05,AUDCAD,Buy,0.040,0.95200,0.95597,-0.3600,0.0000,39.7,11.20,0.82,00:00:35:33,25.0,8m,19.5,0.25,59.2,17.168,-14.7,-4.263,80.1,73.6,-19.50,-5.65
03/23/2026 05:30,03/23/2026 11:05,AUDCAD,Buy,0.020,0.95628,0.95597,-0.1800,0.0000,-3.1,-0.63,-0.05,00:05:35:32,19.2,1h 4m,70.3,3.51,16.4,2.4599999999999995,-57.5,-8.625,22.2,73.6,-19.50,-2.92
03/22/2026 21:20,03/23/2026 11:05,AUDCAD,Buy,0.010,0.96079,0.95597,-0.0900,0.0000,-48.2,-3.60,-0.26,00:13:45:22,17.6,2h 25m,117.7,6.80,15.1,1.0570000000000002,-102.6,-7.182,12.8,46.2,-63.30,-4.43
03/20/2026 18:00,03/23/2026 11:05,AUDCAD,Buy,0.010,0.96433,0.95597,-0.0900,0.0000,-83.6,-6.18,-0.45,02:17:05:33,0.0,0s,134.3,135.14,0.0,0.0,-134.3,-9.401000000000002,0.0,37.8,-83.60,-5.85
03/20/2026 10:00,03/20/2026 11:30,NZDCAD,Buy,0.010,0.80439,0.80552,-0.0900,0.0000,11.3,0.74,0.05,00:01:30:26,42.3,38m,10.0,0.89,11.3,0.7910000000000001,-10.0,-0.7000000000000001,53.1,100.0,0.00,0.00
03/20/2026 10:00,03/20/2026 11:04,AUDCAD,Buy,0.010,0.96928,0.97041,-0.0900,0.0000,11.3,0.74,0.05,00:01:04:54,35.4,22m,11.3,0.93,12.2,0.854,-11.3,-0.7910000000000001,51.9,96.2,-0.90,-0.06
03/20/2026 01:00,03/20/2026 09:43,NZDCAD,Sell,0.010,0.80817,0.80518,-0.0900,0.0000,29.9,2.09,0.15,00:08:43:09,92.4,8h 3m,16.1,0.25,30.0,2.1,-7.5,-0.525,80.0,99.7,-0.10,-0.01
03/19/2026 18:15,03/20/2026 09:43,NZDCAD,Sell,0.010,0.80345,0.80518,-0.0900,0.0000,-17.3,-1.35,-0.10,00:15:28:09,4.0,37m,61.2,8.42,6.5,0.45500000000000007,-54.7,-3.8290000000000006,10.6,61.1,-23.80,-1.67
03/19/2026 19:15,03/19/2026 19:28,AUDCAD,Sell,0.010,0.97363,0.97250,-0.0900,0.0000,11.3,0.74,0.05,00:00:13:40,38.5,5m,7.1,0.56,12.6,0.882,-7.1,-0.497,64.0,93.4,-1.30,-0.09
03/19/2026 14:45,03/19/2026 15:27,NZDCAD,Sell,0.010,0.80172,0.80059,-0.0900,0.0000,11.3,0.73,0.05,00:00:42:14,64.3,27m,10.1,0.52,12.0,0.8400000000000001,-6.2,-0.43400000000000005,65.9,96.2,-0.70,-0.05
03/19/2026 13:00,03/19/2026 13:50,AUDCAD,Buy,0.010,0.96337,0.96450,-0.0900,0.0000,11.3,0.74,0.05,00:00:50:53,8.0,4m,23.8,1.82,13.1,0.917,-23.8,-1.6660000000000001,35.5,95.1,-1.80,-0.13
03/18/2026 20:00,03/19/2026 02:07,AUDCAD,Buy,0.010,0.96564,0.96677,-0.0900,0.0000,11.3,0.74,0.05,00:06:07:37,25.4,1h 33m,22.6,1.74,11.3,0.7910000000000001,-19.7,-1.379,36.5,100.0,0.00,0.00
03/17/2026 12:45,03/18/2026 12:13,NZDCAD,Sell,0.010,0.80151,0.80038,-0.0900,0.0000,11.3,0.74,0.05,00:23:28:11,9.3,2h 10m,38.6,2.72,11.7,0.8190000000000001,-31.8,-2.2260000000000004,26.9,99.1,-0.40,-0.03
03/18/2026 06:30,03/18/2026 08:25,AUDCAD,Sell,0.010,0.97590,0.97348,-0.0900,0.0000,24.2,1.68,0.12,00:01:55:54,100.0,1h 55m,5.9,0.04,25.2,1.764,0.0,0.0,100.0,96.0,-1.00,-0.07
03/17/2026 12:45,03/18/2026 08:25,AUDCAD,Sell,0.010,0.97231,0.97348,-0.0900,0.0000,-11.7,-0.94,-0.07,00:19:40:54,5.1,1h 0m,45.6,4.37,8.5,0.5950000000000001,-37.1,-2.5970000000000004,18.6,55.7,-20.20,-1.41
03/17/2026 05:15,03/17/2026 09:27,NZDCAD,Buy,0.010,0.79886,0.79999,-0.0900,0.0000,11.3,0.74,0.05,00:04:12:24,17.1,43m,23.5,1.79,12.0,0.8400000000000001,-21.5,-1.5050000000000001,35.8,97.9,-0.70,-0.05
03/16/2026 19:15,03/17/2026 04:10,NZDCAD,Sell,0.010,0.80201,0.79959,-0.0900,0.0000,24.2,1.67,0.12,00:08:55:35,99.1,8h 50m,9.9,0.02,24.8,1.7360000000000002,-0.4,-0.028000000000000004,98.4,97.6,-0.60,-0.04
03/16/2026 10:15,03/17/2026 04:10,NZDCAD,Sell,0.010,0.79842,0.79959,-0.0900,0.0000,-11.7,-0.95,-0.07,00:17:55:42,0.0,0s,37.1,37.17,0.0,0.0,-37.1,-2.5970000000000004,0.0,68.5,-11.70,-0.82
03/16/2026 19:15,03/17/2026 03:42,AUDCAD,Sell,0.010,0.96774,0.96528,-0.0900,0.0000,24.6,1.71,0.12,00:08:27:26,76.2,6h 26m,30.7,0.67,25.2,1.764,-16.8,-1.1760000000000002,60.0,98.6,-0.60,-0.04
03/16/2026 10:30,03/17/2026 03:42,AUDCAD,Sell,0.010,0.96408,0.96528,-0.0900,0.0000,-12.0,-0.97,-0.07,00:17:12:27,0.0,0s,52.8,52.91,0.0,0.0,-52.8,-3.696,0.0,77.3,-12.00,-0.84
03/04/2026 10:15,03/04/2026 10:18,AUDCAD,Sell,0.010,0.96498,0.96385,-0.0900,0.0000,11.3,0.74,0.05,00:00:03:34,,,,,,,,,,,,
03/03/2026 15:15,03/03/2026 16:47,AUDCAD,Buy,0.020,0.95590,0.96012,-0.1800,0.0000,42.2,6.00,0.44,00:01:32:47,93.5,1h 26m,18.5,0.20,42.2,6.33,-8.6,-1.2899999999999998,83.1,100.0,0.00,0.00
03/03/2026 13:15,03/03/2026 16:47,AUDCAD,Buy,0.010,0.96079,0.96012,-0.0900,0.0000,-6.7,-0.58,-0.04,00:03:32:47,7.6,16m,67.8,11.56,5.4,0.37800000000000006,-62.4,-4.368,8.0,82.2,-12.10,-0.85
03/03/2026 08:45,03/03/2026 16:47,AUDCAD,Buy,0.010,0.96636,0.96012,-0.0900,0.0000,-62.4,-4.66,-0.34,00:08:02:47,3.4,16m,128.3,11.59,10.2,0.714,-118.1,-8.267000000000001,8.0,43.4,-72.60,-5.08
02/27/2026 05:15,02/27/2026 08:49,AUDCAD,Sell,0.010,0.97380,0.97267,-0.0900,0.0000,11.3,0.73,0.05,00:03:34:31,51.5,1h 50m,10.2,0.46,12.6,0.882,-5.8,-0.406,68.5,92.9,-1.30,-0.09
02/26/2026 17:30,02/26/2026 18:42,NZDCAD,Buy,0.010,0.81646,0.81759,-0.0900,0.0000,11.3,0.73,0.05,00:01:12:07,33.4,24m,5.4,0.29,12.3,0.8610000000000001,-3.6,-0.25200000000000006,77.4,93.7,-1.00,-0.07
02/26/2026 15:30,02/26/2026 15:45,NZDCAD,Buy,0.010,0.81713,0.81826,-0.0900,0.0000,11.3,0.73,0.05,00:00:15:11,66.7,10m,4.4,0.39,11.3,0.7910000000000001,-4.4,-0.30800000000000005,72.0,100.0,0.00,0.00
02/26/2026 15:30,02/26/2026 15:38,AUDCAD,Buy,0.010,0.96945,0.97058,-0.0900,0.0000,11.3,0.73,0.05,00:00:08:43,55.6,4m,3.5,0.28,12.4,0.8680000000000001,-3.5,-0.24500000000000002,78.0,93.1,-1.10,-0.08
02/25/2026 16:45,02/26/2026 15:14,NZDCAD,Sell,0.010,0.81956,0.81843,-0.0900,0.0000,11.3,0.74,0.05,00:22:29:32,33.9,7h 37m,16.7,1.17,14.3,1.0010000000000001,-16.7,-1.169,46.1,90.3,-3.00,-0.21
02/25/2026 17:15,02/26/2026 15:05,AUDCAD,Sell,0.010,0.97401,0.97160,-0.0900,0.0000,24.1,1.67,0.12,00:21:50:45,67.0,14h 38m,21.2,0.38,24.1,1.6870000000000003,-9.2,-0.644,72.4,100.0,0.00,0.00
02/25/2026 02:45,02/26/2026 15:05,AUDCAD,Sell,0.010,0.97044,0.97160,-0.0900,0.0000,-11.6,-0.94,-0.07,01:12:20:41,6.0,2h 10m,54.0,4.94,9.1,0.637,-44.9,-3.1430000000000002,16.9,61.7,-20.70,-1.45
02/25/2026 07:15,02/25/2026 08:55,NZDCAD,Sell,0.010,0.81918,0.81805,-0.0900,0.0000,11.3,0.74,0.05,00:01:40:52,,,,,,,,,,,,
02/24/2026 12:15,02/24/2026 15:25,AUDCAD,Buy,0.010,0.96589,0.96702,-0.0900,0.0000,11.3,0.73,0.05,00:03:10:42,16.4,31m,16.2,1.34,11.6,0.812,-15.5,-1.0850000000000002,42.8,98.9,-0.30,-0.02
02/24/2026 03:00,02/24/2026 05:40,NZDCAD,Sell,0.010,0.81757,0.81644,-0.0900,0.0000,11.3,0.74,0.05,00:02:40:08,96.3,2h 34m,4.3,0.20,12.3,0.8610000000000001,-2.4,-0.168,83.7,93.2,-1.00,-0.07
02/23/2026 12:30,02/24/2026 02:32,NZDCAD,Buy,0.010,0.81626,0.81739,-0.0900,0.0000,11.3,0.73,0.05,00:14:02:35,48.3,6h 46m,28.8,1.61,11.3,0.7910000000000001,-18.2,-1.274,38.3,100.0,0.00,0.00
02/23/2026 00:00,02/23/2026 01:27,NZDCAD,Sell,0.010,0.81936,0.81823,-0.0900,0.0000,11.3,0.74,0.05,00:01:27:24,100.0,1h 27m,7.7,0.08,12.0,0.8400000000000001,0.0,0.0,100.0,94.2,-0.70,-0.05
02/20/2026 02:00,02/20/2026 06:54,AUDCAD,Buy,0.010,0.96314,0.96427,-0.0900,0.0000,11.3,0.74,0.05,00:04:54:27,34.1,1h 40m,19.3,1.46,12.1,0.8470000000000001,-17.7,-1.239,40.6,97.3,-0.80,-0.06
02/19/2026 02:45,02/19/2026 04:43,AUDCAD,Sell,0.010,0.96748,0.96635,-0.0900,0.0000,11.3,0.74,0.05,00:01:58:51,48.4,57m,4.8,0.26,12.9,0.9030000000000001,-3.4,-0.23800000000000002,79.1,90.2,-1.60,-0.11
02/18/2026 09:15,02/18/2026 11:04,AUDCAD,Sell,0.010,0.96678,0.96565,-0.0900,0.0000,11.3,0.74,0.05,00:01:49:02,81.9,1h 29m,4.1,0.16,12.3,0.8610000000000001,-2.0,-0.14,86.0,93.0,-1.00,-0.07
02/18/2026 03:00,02/18/2026 08:40,NZDCAD,Buy,0.010,0.81942,0.82055,-0.0900,0.0000,11.3,0.73,0.05,00:05:40:38,12.4,42m,13.0,1.15,11.3,0.7910000000000001,-13.0,-0.9100000000000001,46.5,100.0,0.00,0.00
02/17/2026 10:00,02/17/2026 12:52,NZDCAD,Sell,0.010,0.82431,0.82318,-0.0900,0.0000,11.3,0.74,0.05,00:02:52:08,40.2,1h 9m,9.6,0.82,11.7,0.8190000000000001,-9.6,-0.672,54.9,98.1,-0.40,-0.03
02/16/2026 12:00,02/16/2026 15:58,NZDCAD,Sell,0.010,0.82318,0.82205,-0.0900,0.0000,11.3,0.73,0.05,00:03:58:29,90.0,3h 34m,6.8,0.20,12.2,0.854,-2.5,-0.17500000000000002,83.0,93.9,-0.90,-0.06
02/13/2026 06:30,02/13/2026 14:32,AUDCAD,Buy,0.010,0.96229,0.96342,-0.0900,0.0000,11.3,0.74,0.05,00:08:02:50,14.4,1h 9m,26.2,2.04,11.3,0.7910000000000001,-23.0,-1.61,32.9,100.0,0.00,0.00
02/12/2026 16:00,02/12/2026 17:57,NZDCAD,Sell,0.010,0.82482,0.82218,-0.0900,0.0000,26.4,1.85,0.14,00:01:57:34,98.3,1h 55m,8.8,0.03,27.9,1.953,-0.8,-0.05600000000000001,97.2,94.8,-1.50,-0.11
02/11/2026 11:45,02/12/2026 17:57,NZDCAD,Sell,0.010,0.82080,0.82218,-0.0900,0.0000,-13.8,-1.10,-0.08,01:06:12:34,6.4,1h 56m,53.4,3.31,12.4,0.8680000000000001,-41.0,-2.87,23.2,50.9,-26.20,-1.83
02/12/2026 14:00,02/12/2026 14:49,AUDCAD,Sell,0.010,0.96859,0.96746,-0.0900,0.0000,11.3,0.74,0.05,00:00:49:54,96.0,47m,4.3,0.09,12.0,0.8400000000000001,-1.1,-0.07700000000000001,91.6,94.7,-0.70,-0.05
02/12/2026 01:30,02/12/2026 02:36,AUDCAD,Sell,0.010,0.96904,0.96791,-0.0900,0.0000,11.3,0.75,0.06,00:01:06:53,54.6,36m,5.0,0.40,11.7,0.8190000000000001,-4.7,-0.32900000000000007,71.3,97.6,-0.40,-0.03
02/11/2026 02:30,02/11/2026 06:30,AUDCAD,Sell,0.010,0.96235,0.96122,-0.0900,0.0000,11.3,0.75,0.06,00:04:00:47,50.5,2h 1m,13.0,1.07,11.5,0.805,-12.3,-0.8610000000000001,48.3,99.2,-0.20,-0.01
02/10/2026 03:30,02/11/2026 01:43,AUDCAD,Buy,0.010,0.95927,0.96040,-0.0900,0.0000,11.3,0.75,0.06,00:22:13:28,24.5,5h 26m,30.9,1.77,13.7,0.9590000000000001,-24.2,-1.6940000000000002,36.1,93.7,-2.40,-0.17
02/09/2026 15:00,02/10/2026 06:09,AUDCAD,Sell,0.020,0.96157,0.95833,-0.1800,0.0000,32.4,4.60,0.34,00:15:09:54,60.8,9h 13m,12.2,0.34,33.1,4.965,-11.1,-1.6649999999999998,74.9,98.4,-0.70,-0.11
02/06/2026 17:30,02/10/2026 06:09,AUDCAD,Sell,0.010,0.95765,0.95833,-0.0900,0.0000,-6.8,-0.60,-0.04,03:12:39:54,0.0,0s,50.3,50.51,0.0,0.0,-50.3,-4.024,0.0,86.5,-6.80,-0.54
02/06/2026 09:45,02/10/2026 06:09,AUDCAD,Sell,0.010,0.95406,0.95833,-0.0900,0.0000,-42.7,-3.24,-0.24,03:20:24:53,0.1,5m,88.0,48.08,1.8,0.12600000000000003,-86.2,-6.034000000000001,2.0,49.4,-44.50,-3.12
02/06/2026 17:45,02/09/2026 10:33,NZDCAD,Sell,0.010,0.82180,0.81941,-0.0900,0.0000,23.9,1.66,0.12,02:16:48:43,14.3,9h 16m,30.6,0.81,25.1,1.7570000000000003,-20.4,-1.428,55.2,97.4,-1.20,-0.08
02/06/2026 06:00,02/09/2026 10:33,NZDCAD,Sell,0.010,0.81828,0.81941,-0.0900,0.0000,-11.3,-0.92,-0.07,03:04:33:52,3.4,2h 36m,60.5,11.35,4.9,0.3430000000000001,-55.6,-3.8920000000000003,8.1,73.2,-16.20,-1.13
02/05/2026 20:45,02/06/2026 05:14,NZDCAD,Buy,0.010,0.81658,0.81771,-0.0900,0.0000,11.3,0.73,0.05,00:08:29:28,24.4,2h 4m,30.1,2.57,11.7,0.8190000000000001,-30.1,-2.107,28.0,99.0,-0.40,-0.03
02/05/2026 23:30,02/06/2026 01:47,AUDCAD,Buy,0.010,0.94890,0.95003,-0.0900,0.0000,11.3,0.74,0.05,00:02:17:54,12.5,17m,22.8,2.02,11.3,0.7910000000000001,-22.8,-1.5960000000000003,33.1,100.0,0.00,0.00
02/05/2026 15:00,02/05/2026 16:22,NZDCAD,Buy,0.010,0.81758,0.81871,-0.0900,0.0000,11.3,0.74,0.05,00:01:22:08,43.4,35m,11.9,0.89,11.3,0.7910000000000001,-10.1,-0.7070000000000001,52.8,100.0,0.00,0.00
02/05/2026 15:15,02/05/2026 16:17,AUDCAD,Buy,0.010,0.95089,0.95202,-0.0900,0.0000,11.3,0.74,0.05,00:01:02:48,44.5,27m,18.9,1.30,12.3,0.8610000000000001,-16.0,-1.12,43.5,96.5,-1.00,-0.07
02/05/2026 14:30,02/05/2026 14:38,AUDCAD,Buy,0.010,0.95176,0.95289,-0.0900,0.0000,11.3,0.74,0.05,00:00:08:30,87.5,7m,1.0,0.01,11.9,0.8330000000000001,-0.1,-0.007000000000000001,99.2,95.0,-0.60,-0.04
02/05/2026 03:00,02/05/2026 08:04,AUDCAD,Buy,0.010,0.95298,0.95552,-0.0900,0.0000,25.4,1.76,0.13,00:05:04:29,96.8,4h 54m,17.9,0.17,26.2,1.834,-4.5,-0.31500000000000006,85.3,97.4,-0.80,-0.06
02/04/2026 16:00,02/05/2026 08:04,AUDCAD,Buy,0.010,0.95679,0.95552,-0.0900,0.0000,-12.7,-1.02,-0.08,00:16:04:26,4.2,40m,41.8,13.42,2.9,0.203,-38.9,-2.7230000000000003,6.9,62.7,-15.60,-1.09
02/05/2026 02:15,02/05/2026 08:01,NZDCAD,Buy,0.010,0.81874,0.81987,-0.0900,0.0000,11.3,0.74,0.05,00:05:46:40,80.1,4h 37m,9.0,0.44,11.9,0.8330000000000001,-5.2,-0.36400000000000005,69.6,96.5,-0.60,-0.04
02/03/2026 04:00,02/04/2026 16:47,NZDCAD,Sell,0.320,0.82400,0.81981,-2.8800,0.0000,41.9,95.14,7.60,01:12:47:39,47.9,17h 37m,31.7,0.73,43.4,101.556,-31.7,-74.178,57.8,98.0,-1.50,-3.51
02/02/2026 23:45,02/04/2026 16:47,NZDCAD,Sell,0.200,0.82163,0.81981,-1.8000,0.0000,18.2,24.81,2.02,01:17:02:35,4.3,1h 45m,55.8,2.81,19.7,28.761999999999997,-55.4,-80.884,26.2,98.0,-1.50,-2.19
01/26/2026 23:15,02/04/2026 16:47,NZDCAD,Sell,0.120,0.81863,0.81981,-1.0800,0.0000,-11.8,-11.43,-0.92,08:17:32:25,16.4,1d 10h ,106.6,4.03,21.2,18.656,-85.4,-75.152,19.9,69.0,-33.00,-29.04
01/22/2026 16:30,02/04/2026 16:47,NZDCAD,Sell,0.080,0.81410,0.81981,-0.7200,0.0000,-57.1,-34.11,-2.68,13:00:17:35,3.4,10h 37m,147.1,7.97,16.4,9.511999999999999,-130.7,-75.80599999999998,11.1,50.0,-73.50,-42.63
01/22/2026 09:15,02/04/2026 16:47,NZDCAD,Sell,0.040,0.81070,0.81981,-0.3600,0.0000,-91.1,-27.00,-2.08,13:07:32:38,0.0,0s,164.7,166.67,0.0,0.0,-164.7,-47.76299999999999,0.0,44.7,-91.10,-26.42
01/20/2026 03:15,02/04/2026 16:47,NZDCAD,Sell,0.020,0.80663,0.81981,-0.1800,0.0000,-131.8,-19.45,-1.48,15:13:32:42,1.9,7h 5m,215.4,20.58,10.0,1.5,-205.4,-30.81,4.6,34.2,-141.80,-21.27
01/19/2026 12:00,02/04/2026 16:47,NZDCAD,Sell,0.010,0.80325,0.81981,-0.0900,0.0000,-165.6,-12.20,-0.92,16:04:47:43,1.2,4h 39m,247.4,29.24,8.2,0.574,-239.2,-16.744,3.3,29.7,-173.80,-12.17
01/16/2026 03:45,02/04/2026 16:47,NZDCAD,Sell,0.010,0.79949,0.81981,-0.0900,0.0000,-203.2,-14.95,-1.11,19:13:02:44,0.6,2h 48m,287.1,26.88,10.3,0.7210000000000001,-276.8,-19.376,3.6,25.6,-213.50,-14.95
02/03/2026 07:45,02/03/2026 08:02,AUDCAD,Sell,0.010,0.96209,0.96096,-0.0900,0.0000,11.3,0.73,0.05,00:00:17:38,58.9,10m,5.3,0.11,12.1,0.8470000000000001,-1.3,-0.09100000000000001,90.3,94.0,-0.80,-0.06
02/02/2026 16:15,02/02/2026 17:51,AUDCAD,Sell,0.010,0.95228,0.95115,-0.0900,0.0000,11.3,0.74,0.06,00:01:36:01,95.9,1h 32m,10.3,0.09,11.3,0.7910000000000001,-1.0,-0.07,91.9,100.0,0.00,0.00
01/30/2026 02:30,01/30/2026 02:50,AUDCAD,Buy,0.010,0.94559,0.94672,-0.0900,0.0000,11.3,0.75,0.06,00:00:20:35,65.0,13m,7.3,0.62,11.8,0.8260000000000002,-7.3,-0.511,61.8,97.4,-0.50,-0.04
01/29/2026 16:00,01/29/2026 16:03,AUDCAD,Buy,0.010,0.94574,0.94687,-0.0900,0.0000,11.3,0.75,0.06,00:00:03:42,,,,,,,,,,,,
01/29/2026 15:45,01/29/2026 15:47,AUDCAD,Buy,0.010,0.94598,0.94711,-0.0900,0.0000,11.3,0.74,0.06,00:00:02:41,,,,,,,,,,,,
01/29/2026 15:30,01/29/2026 15:31,AUDCAD,Buy,0.010,0.94702,0.94815,-0.0900,0.0000,11.3,0.74,0.06,00:00:01:08,,,,,,,,,,,,
01/29/2026 03:15,01/29/2026 08:52,AUDCAD,Sell,0.010,0.95565,0.95452,-0.0900,0.0000,11.3,0.75,0.06,00:05:37:22,9.2,31m,34.4,2.85,11.5,0.805,-32.8,-2.296,26.0,99.5,-0.20,-0.01
01/28/2026 21:00,01/29/2026 01:27,AUDCAD,Sell,0.010,0.95281,0.95168,-0.0900,0.0000,11.3,0.74,0.06,00:04:27:01,22.1,59m,19.6,1.66,11.8,0.8260000000000002,-19.6,-1.3720000000000003,37.6,98.4,-0.50,-0.04
01/27/2026 21:00,01/28/2026 15:46,AUDCAD,Sell,0.120,0.95147,0.94749,-1.0800,0.0000,39.8,34.17,2.62,00:18:46:09,89.8,16h 51m,36.7,0.61,44.9,39.961,-27.6,-24.564,61.9,93.0,-5.10,-4.54
01/27/2026 00:15,01/28/2026 15:46,AUDCAD,Sell,0.080,0.94840,0.94749,-0.7200,0.0000,9.1,4.66,0.36,01:15:31:08,8.5,3h 21m,67.85954683614,4.11,14.2,8.377999999999998,-58.3,-34.397,19.6,93.0,-5.10,-3.01
01/23/2026 01:15,01/28/2026 15:46,AUDCAD,Sell,0.040,0.94374,0.94749,-0.3600,0.0000,-37.5,-11.43,-0.87,05:14:31:07,5.1,6h 51m,97.7,8.40,10.4,3.12,-87.3,-26.189999999999998,10.6,51.0,-47.90,-14.37
01/22/2026 15:15,01/28/2026 15:46,AUDCAD,Sell,0.020,0.94172,0.94749,-0.1800,0.0000,-57.7,-8.69,-0.66,06:00:31:06,0.0,0s,107.5,107.53,0.0,0.0,-107.5,-16.125,0.0,46.3,-57.70,-8.65
01/22/2026 00:45,01/28/2026 15:46,AUDCAD,Sell,0.010,0.93827,0.94749,-0.0900,0.0000,-92.2,-6.89,-0.52,06:15:01:05,0.0,0s,142.0,142.86,0.0,0.0,-142.0,-9.940000000000001,0.0,35.1,-92.20,-6.45
01/21/2026 06:45,01/28/2026 15:46,AUDCAD,Sell,0.010,0.93287,0.94749,-0.0900,0.0000,-146.2,-10.88,-0.81,07:09:01:02,0.0,0s,196.0,196.08,0.0,0.0,-196.0,-13.72,0.0,25.4,-146.20,-10.23
01/20/2026 09:45,01/20/2026 14:34,AUDCAD,Buy,0.010,0.93015,0.93128,-0.0900,0.0000,11.3,0.73,0.05,00:04:49:44,96.2,4h 38m,9.0,0.56,11.6,0.812,-6.5,-0.45500000000000007,64.1,98.3,-0.30,-0.02
01/20/2026 04:45,01/20/2026 09:04,AUDCAD,Sell,0.010,0.93260,0.93147,-0.0900,0.0000,11.3,0.73,0.05,00:04:18:59,19.7,51m,11.1,0.87,12.2,0.854,-10.6,-0.742,53.5,96.1,-0.90,-0.06
01/16/2026 15:30,01/16/2026 17:11,AUDCAD,Buy,0.010,0.92917,0.93031,-0.0900,0.0000,11.4,0.73,0.05,00:01:41:03,72.3,1h 13m,9.31567364609,0.70,11.4,0.7980000000000002,-8.0,-0.56,58.8,100.0,0.00,0.00
01/15/2026 08:45,01/15/2026 13:30,NZDCAD,Sell,0.010,0.79863,0.79749,-0.0900,0.0000,11.4,0.73,0.05,00:04:45:51,34.1,1h 37m,14.8,0.82,13.2,0.924,-10.8,-0.7560000000000001,55.0,92.5,-1.80,-0.13
01/13/2026 15:30,01/15/2026 09:11,NZDCAD,Buy,0.010,0.79799,0.79913,-0.0900,0.0000,11.4,0.73,0.05,01:17:41:08,11.3,4h 42m,22.30812998774,1.61,11.4,0.7980000000000002,-18.3,-1.2810000000000001,38.4,100.0,0.00,0.00
01/14/2026 04:00,01/14/2026 10:36,AUDCAD,Sell,0.010,0.93011,0.92898,-0.0900,0.0000,11.3,0.72,0.05,00:06:36:17,85.7,5h 39m,11.4,0.17,11.4,0.7980000000000002,-1.9,-0.133,85.7,99.2,-0.10,-0.01
01/13/2026 15:30,01/14/2026 02:31,AUDCAD,Buy,0.010,0.92814,0.92928,-0.0900,0.0000,11.4,0.73,0.05,00:11:01:09,43.2,4h 45m,15.58800185737,0.97,11.4,0.7980000000000002,-11.08280467446,-0.7757963272122,50.7,100.0,0.00,0.00
01/12/2026 23:30,01/13/2026 15:09,NZDCAD,Sell,0.010,0.80116,0.79875,-0.0900,0.0000,24.1,1.64,0.12,00:15:39:04,62.6,9h 47m,14.0,0.28,26.9,1.883,-7.5,-0.525,78.2,91.9,-2.80,-0.20
01/09/2026 21:00,01/13/2026 15:09,NZDCAD,Sell,0.010,0.79759,0.79875,-0.0900,0.0000,-11.6,-0.93,-0.07,03:18:09:09,56.7,2d 3h ,58.8,2.77,15.6,1.092,-43.2,-3.0240000000000005,26.5,53.7,-27.20,-1.90
01/09/2026 10:30,01/09/2026 18:38,NZDCAD,Buy,0.010,0.79450,0.79697,-0.0900,0.0000,24.7,1.68,0.13,00:08:08:31,80.2,6h 31m,29.2,0.54,25.5,1.7850000000000001,-13.7,-0.9590000000000001,65.1,98.0,-0.80,-0.06
01/08/2026 06:30,01/09/2026 18:38,NZDCAD,Buy,0.010,0.79817,0.79697,-0.0900,0.0000,-12.0,-0.96,-0.07,01:12:08:33,4.7,1h 41m,45.1,10.57,3.9,0.273,-41.2,-2.8840000000000003,8.6,64.7,-15.90,-1.11
01/08/2026 12:15,01/09/2026 13:43,AUDCAD,Buy,0.010,0.92821,0.92934,-0.0900,0.0000,11.3,0.73,0.05,01:01:28:39,45.3,11h 32m,30.9,1.60,13.26588962318,0.9286122736226,-21.2,-1.484,38.5,94.3,-1.97,-0.14
01/08/2026 05:45,01/08/2026 08:34,AUDCAD,Buy,0.010,0.92925,0.93038,-0.0900,0.0000,11.3,0.72,0.05,00:02:49:18,44.4,1h 15m,10.3,0.65,12.0,0.8400000000000001,-7.8,-0.546,60.6,96.5,-0.70,-0.05
12/24/2025 06:00,12/29/2025 12:28,AUDCAD,Sell,0.010,0.91810,0.91573,-0.0900,0.0000,23.7,1.64,0.12,05:06:28:48,94.7,4d 23h ,43.4,0.34,32.3,2.261,-11.1,-0.777,74.4,80.2,-8.60,-0.60
12/22/2025 07:30,12/29/2025 12:28,AUDCAD,Sell,0.010,0.91461,0.91573,-0.0900,0.0000,-11.2,-0.91,-0.07,07:04:58:48,4.2,7h 15m,51.3,8.68,5.3,0.371,-46.0,-3.22,10.3,67.8,-16.50,-1.16
12/23/2025 02:15,12/29/2025 05:02,NZDCAD,Sell,0.010,0.79849,0.79594,-0.0900,0.0000,25.5,1.78,0.13,06:02:46:54,79.4,4d 20h ,22.7,0.55,32.4,2.2680000000000002,-17.7,-1.239,64.7,86.2,-6.90,-0.48
12/19/2025 20:00,12/29/2025 05:02,NZDCAD,Sell,0.010,0.79465,0.79594,-0.0900,0.0000,-12.9,-1.03,-0.08,09:09:01:58,23.3,2d 4h ,78.0,2.56,21.9,1.5330000000000001,-56.1,-3.9270000000000005,28.1,55.4,-34.80,-2.44
12/16/2025 18:15,12/22/2025 05:00,AUDCAD,Buy,0.010,0.91167,0.91418,-0.0900,0.0000,25.1,1.73,0.13,05:10:45:53,59.5,3d 5h ,42.5,1.14,25.1,1.7570000000000003,-28.7,-2.0090000000000003,46.7,100.0,0.00,0.00
12/12/2025 15:30,12/22/2025 05:00,AUDCAD,Buy,0.010,0.91542,0.91418,-0.0900,0.0000,-12.4,-0.99,-0.07,09:13:30:53,24.3,2d 7h ,72.8,10.04,6.6,0.462,-66.2,-4.634,9.1,73.9,-19.00,-1.33
12/19/2025 07:45,12/19/2025 18:08,NZDCAD,Buy,0.010,0.79276,0.79389,-0.0900,0.0000,11.3,0.73,0.05,00:10:22:56,49.3,5h 7m,21.5,1.49,11.6,0.812,-17.3,-1.211,40.1,99.0,-0.30,-0.02
12/18/2025 13:45,12/18/2025 15:45,NZDCAD,Sell,0.010,0.79610,0.79497,-0.0900,0.0000,11.3,0.73,0.06,00:02:00:45,60.0,1h 12m,7.68458271371,0.52,12.6,0.882,-6.58458271371,-0.46092078995970004,65.7,93.2,-1.30,-0.09
12/18/2025 13:45,12/18/2025 15:35,AUDCAD,Sell,0.010,0.91216,0.91103,-0.0900,0.0000,11.3,0.73,0.06,00:01:50:53,40.0,44m,9.40417915197,0.59,11.5,0.805,-6.80417915197,-0.4762925406379,62.8,98.9,-0.20,-0.01
12/18/2025 00:15,12/18/2025 13:30,NZDCAD,Buy,0.010,0.79480,0.79593,-0.0900,0.0000,11.3,0.73,0.06,00:13:14:56,11.0,1h 27m,18.1,1.35,11.3,0.7910000000000001,-15.3,-1.0710000000000002,42.5,100.0,0.00,0.00
12/16/2025 08:45,12/16/2025 12:27,NZDCAD,Sell,0.010,0.79728,0.79615,-0.0900,0.0000,11.3,0.73,0.06,00:03:42:20,97.8,3h 37m,6.4,0.05,12.7,0.889,-0.6,-0.042,95.5,89.5,-1.40,-0.10
12/15/2025 22:30,12/16/2025 08:23,NZDCAD,Buy,0.010,0.79611,0.79724,-0.0900,0.0000,11.3,0.73,0.06,00:09:53:05,29.4,2h 54m,33.3,2.22,11.3,0.7910000000000001,-25.1,-1.7570000000000003,31.0,100.0,0.00,0.00
12/11/2025 20:15,12/12/2025 00:49,NZDCAD,Buy,0.010,0.79990,0.80103,-0.0900,0.0000,11.3,0.73,0.06,00:04:34:39,48.2,2h 12m,10.9,0.74,11.3,0.7910000000000001,-8.4,-0.5880000000000001,57.4,100.0,0.00,0.00
12/11/2025 03:15,12/11/2025 11:07,AUDCAD,Buy,0.010,0.91743,0.91856,-0.0900,0.0000,11.3,0.73,0.06,00:07:52:58,48.5,3h 49m,23.3,1.58,11.3,0.7910000000000001,-17.8,-1.2460000000000002,38.8,100.0,0.00,0.00
12/10/2025 08:00,12/10/2025 13:20,NZDCAD,Sell,0.010,0.80105,0.79992,-0.0900,0.0000,11.3,0.72,0.05,00:05:20:12,39.1,2h 5m,9.9,0.64,11.7,0.8190000000000001,-7.5,-0.525,60.9,97.9,-0.40,-0.03
12/10/2025 08:30,12/10/2025 11:37,AUDCAD,Sell,0.010,0.92129,0.92016,-0.0900,0.0000,11.3,0.73,0.06,00:03:07:45,94.7,2h 57m,7.5,0.06,12.4,0.8680000000000001,-0.8,-0.05600000000000001,93.9,91.7,-1.10,-0.08
12/10/2025 01:30,12/10/2025 06:16,NZDCAD,Buy,0.010,0.79914,0.80027,-0.0900,0.0000,11.3,0.72,0.05,00:04:45:59,53.5,2h 33m,10.5,0.76,11.3,0.7910000000000001,-8.6,-0.602,56.8,100.0,0.00,0.00
12/09/2025 14:45,12/09/2025 15:23,NZDCAD,Buy,0.010,0.79938,0.80051,-0.0900,0.0000,11.3,0.73,0.06,00:00:38:48,89.5,34m,7.19216649805,0.25,11.3,0.7910000000000001,-2.8,-0.196,80.1,100.0,0.00,0.00
12/09/2025 03:15,12/09/2025 14:39,NZDCAD,Sell,0.010,0.80079,0.79966,-0.0900,0.0000,11.3,0.73,0.06,00:11:24:21,17.0,1h 56m,17.8,0.86,13.3,0.9310000000000002,-11.4,-0.7980000000000002,53.8,91.9,-2.00,-0.14
12/08/2025 11:45,12/09/2025 04:33,AUDCAD,Buy,0.010,0.91699,0.91963,-0.0900,0.0000,26.4,1.82,0.14,00:16:48:55,64.2,10h 47m,22.9,0.81,28.3,1.9810000000000003,-22.9,-1.603,55.3,96.3,-1.90,-0.13
12/05/2025 15:45,12/09/2025 04:33,AUDCAD,Buy,0.010,0.92100,0.91963,-0.0900,0.0000,-13.7,-1.07,-0.08,03:12:48:51,0.0,0s,58.6,58.82,0.0,0.0,-58.6,-4.102,0.0,76.6,-13.70,-0.96
12/05/2025 21:45,12/09/2025 02:52,NZDCAD,Buy,0.010,0.79816,0.80060,-0.0900,0.0000,24.4,1.67,0.13,03:05:07:32,33.1,1d 1h ,38.79902952906,0.64,24.4,1.708,-15.69902952906,-1.0989320670342002,60.8,100.0,0.00,0.00
12/05/2025 15:30,12/09/2025 02:52,NZDCAD,Buy,0.010,0.80177,0.80060,-0.0900,0.0000,-11.7,-0.93,-0.07,03:11:22:36,0.0,0s,50.6,50.76,0.0,0.0,-50.6,-3.5420000000000003,0.0,76.9,-11.70,-0.82
12/05/2025 08:15,12/05/2025 14:00,AUDCAD,Sell,0.010,0.92466,0.92216,-0.0900,0.0000,25.0,1.71,0.13,00:05:45:53,51.6,2h 58m,18.5,0.40,25.7,1.7990000000000002,-10.2,-0.714,71.6,98.1,-0.70,-0.05
12/03/2025 21:00,12/05/2025 14:00,AUDCAD,Sell,0.010,0.92093,0.92216,-0.0900,0.0000,-12.3,-0.98,-0.07,01:17:00:53,5.7,2h 20m,58.8,4.21,11.3,0.7910000000000001,-47.5,-3.325,19.2,59.9,-23.60,-1.65
12/03/2025 16:30,12/05/2025 13:40,NZDCAD,Sell,0.010,0.80443,0.80329,-0.0900,0.0000,11.4,0.73,0.06,01:21:10:18,13.1,5h 55m,28.6,1.50,14.2,0.994,-21.3,-1.491,40.0,92.1,-2.80,-0.20
12/03/2025 05:30,12/03/2025 08:15,AUDCAD,Sell,0.010,0.91959,0.91845,-0.0900,0.0000,11.4,0.72,0.05,00:02:45:36,80.0,2h 12m,5.9,0.22,11.8,0.8260000000000002,-2.6,-0.18200000000000002,81.9,97.2,-0.40,-0.03
12/03/2025 02:15,12/03/2025 08:15,NZDCAD,Sell,0.010,0.80328,0.80214,-0.0900,0.0000,11.4,0.73,0.06,00:06:00:24,63.9,3h 50m,11.3,0.54,11.7,0.8190000000000001,-6.3,-0.441,65.0,98.3,-0.30,-0.02
12/02/2025 10:30,12/02/2025 13:13,NZDCAD,Buy,0.010,0.80044,0.80158,-0.0900,0.0000,11.4,0.72,0.05,00:02:42:59,85.9,2h 20m,4.9,0.34,11.4,0.7980000000000002,-3.9,-0.273,74.5,100.0,0.00,0.00
11/27/2025 00:15,11/28/2025 14:48,NZDCAD,Sell,0.010,0.80101,0.79987,-0.0900,0.0000,11.4,0.73,0.06,01:14:32:40,8.1,3h 7m,29.1,2.18,13.1,0.917,-28.6,-2.0020000000000002,31.4,95.9,-1.70,-0.12
11/26/2025 03:30,11/26/2025 08:36,AUDCAD,Sell,0.010,0.91528,0.91414,-0.0900,0.0000,11.4,0.72,0.05,00:05:06:48,46.1,2h 21m,14.2,0.72,12.8,0.8960000000000001,-9.2,-0.644,58.2,93.6,-1.40,-0.10
11/21/2025 19:45,11/24/2025 06:53,NZDCAD,Sell,0.010,0.79100,0.78986,-0.0900,0.0000,11.4,0.72,0.05,02:11:08:33,15.3,9h 2m,14.2,0.30,12.1,0.8470000000000001,-3.6,-0.25200000000000006,77.1,95.5,-0.70,-0.05
11/21/2025 10:15,11/21/2025 11:16,AUDCAD,Buy,0.010,0.90634,0.90748,-0.0900,0.0000,11.4,0.72,0.05,00:01:01:21,71.0,43m,7.1,0.62,11.4,0.7980000000000002,-7.1,-0.497,61.6,100.0,0.00,0.00
11/20/2025 22:05,11/21/2025 01:30,NZDCAD,Buy,0.010,0.78695,0.78809,-0.0900,0.0000,11.4,0.72,0.05,00:03:24:54,77.6,2h 39m,7.7,0.50,11.5,0.805,-5.8,-0.406,66.5,99.4,-0.10,-0.01
11/20/2025 17:00,11/20/2025 18:10,AUDCAD,Buy,0.010,0.90841,0.90955,-0.0900,0.0000,11.4,0.72,0.05,00:01:10:55,77.5,54m,14.72932452039,0.53,11.6,0.812,-6.1,-0.427,65.5,98.9,-0.20,-0.01
11/19/2025 23:45,11/20/2025 08:09,AUDCAD,Sell,0.010,0.91098,0.90984,-0.0900,0.0000,11.4,0.73,0.06,00:08:24:16,58.4,4h 54m,17.4,0.69,12.0,0.8400000000000001,-8.3,-0.5810000000000001,59.1,97.0,-0.60,-0.04
11/19/2025 19:45,11/20/2025 07:07,NZDCAD,Buy,0.020,0.78591,0.78872,-0.1800,0.0000,28.1,3.81,0.29,00:11:22:34,99.6,11h 19m,18.0,0.02,28.1,3.9340000000000006,-0.5,-0.07,98.3,100.0,0.00,0.00
11/19/2025 03:00,11/20/2025 07:07,NZDCAD,Buy,0.010,0.78864,0.78872,-0.0900,0.0000,0.8,-0.03,0.00,01:04:07:33,11.3,3h 10m,36.4,3.67,7.8,0.624,-28.6,-2.2880000000000003,21.4,80.8,-7.00,-0.56
11/18/2025 15:15,11/20/2025 07:07,NZDCAD,Buy,0.010,0.79286,0.78872,-0.0900,0.0000,-41.4,-3.04,-0.23,01:15:52:36,0.0,0s,70.8,70.92,0.0,0.0,-70.8,-4.956,0.0,41.5,-41.40,-2.90
11/19/2025 03:00,11/19/2025 21:20,AUDCAD,Buy,0.010,0.90841,0.90955,-0.0900,0.0000,11.4,0.72,0.06,00:18:20:46,39.1,7h 10m,21.5,1.24,11.8,0.8260000000000002,-14.6,-1.022,44.7,98.5,-0.40,-0.03
11/18/2025 15:45,11/18/2025 16:30,AUDCAD,Buy,0.010,0.90955,0.91069,-0.0900,0.0000,11.4,0.73,0.06,00:00:45:01,31.2,14m,8.4,0.53,13.9,0.9730000000000001,-7.3,-0.511,65.6,88.2,-2.50,-0.18
11/12/2025 07:30,11/14/2025 11:03,AUDCAD,Sell,0.010,0.91587,0.91473,-0.0900,0.0000,11.4,0.72,0.06,02:03:33:14,23.0,11h 51m,51.4,3.75,12.0,0.8400000000000001,-45.0,-3.1500000000000004,21.1,98.9,-0.60,-0.04
11/07/2025 07:00,11/13/2025 17:48,NZDCAD,Buy,0.040,0.79217,0.79538,-0.3600,0.0000,32.1,8.80,0.68,06:10:48:37,31.6,2d ,40.4,0.94,32.1,9.309,-30.2,-8.758,51.5,100.0,0.00,0.00
11/06/2025 15:45,11/13/2025 17:48,NZDCAD,Buy,0.020,0.79512,0.79538,-0.1800,0.0000,2.6,0.19,0.01,07:02:03:35,5.0,8h 30m,66.9,8.29,7.2,1.0080000000000002,-59.7,-8.358,10.8,93.1,-4.60,-0.64
11/04/2025 06:00,11/13/2025 17:48,NZDCAD,Buy,0.010,0.79915,0.79538,-0.0900,0.0000,-37.7,-2.78,-0.21,09:11:48:38,1.0,2h 16m,105.1,19.65,5.1,0.357,-100.0,-7.000000000000001,4.9,59.3,-42.80,-3.00
10/30/2025 12:45,11/13/2025 17:48,NZDCAD,Buy,0.010,0.80278,0.79538,-0.0900,0.0000,-74.0,-5.36,-0.41,14:05:03:41,2.4,8h 11m,144.4,16.84,8.1,0.5670000000000001,-136.3,-9.541000000000002,5.6,43.1,-82.10,-5.75
11/11/2025 06:00,11/12/2025 07:29,AUDCAD,Buy,0.010,0.91477,0.91591,-0.0900,0.0000,11.4,0.73,0.06,01:01:29:29,45.6,11h 37m,23.0,1.14,11.4,0.7980000000000002,-13.0,-0.9100000000000001,46.7,100.0,0.00,0.00
11/10/2025 05:00,11/10/2025 15:51,AUDCAD,Sell,0.010,0.91524,0.91410,-0.0900,0.0000,11.4,0.72,0.06,00:10:51:32,37.4,4h 3m,13.4,0.73,11.5,0.805,-8.4,-0.5880000000000001,57.8,99.5,-0.10,-0.01
11/07/2025 15:45,11/07/2025 19:42,AUDCAD,Buy,0.010,0.91122,0.91236,-0.0900,0.0000,11.4,0.72,0.06,00:03:57:42,37.4,1h 28m,9.8,0.58,11.4,0.7980000000000002,-6.6,-0.462,63.3,100.0,0.00,0.00
11/06/2025 17:00,11/06/2025 18:30,AUDCAD,Buy,0.010,0.91365,0.91479,-0.0900,0.0000,11.4,0.71,0.05,00:01:30:58,85.6,1h 17m,10.1,0.39,11.4,0.7980000000000002,-4.5,-0.31500000000000006,71.7,100.0,0.00,0.00
11/05/2025 15:30,11/06/2025 01:02,AUDCAD,Sell,0.010,0.91774,0.91660,-0.0900,0.0000,11.4,0.72,0.06,00:09:32:31,34.1,3h 15m,16.2,1.10,11.5,0.805,-12.7,-0.889,47.5,99.6,-0.10,-0.01
11/04/2025 06:30,11/05/2025 05:30,AUDCAD,Buy,0.010,0.91570,0.91684,-0.0900,0.0000,11.4,0.72,0.06,00:23:00:50,14.9,3h 25m,43.7,3.22,11.4,0.7980000000000002,-36.7,-2.5690000000000004,23.7,100.0,0.00,0.00
11/03/2025 05:45,11/03/2025 14:55,AUDCAD,Sell,0.010,0.91895,0.91781,-0.0900,0.0000,11.4,0.72,0.06,00:09:10:42,45.9,4h 12m,19.2,0.74,11.8,0.8260000000000002,-8.7,-0.609,57.6,98.0,-0.40,-0.03
10/29/2025 00:45,10/29/2025 18:35,AUDCAD,Sell,0.010,0.91993,0.91727,-0.0900,0.0000,26.6,1.82,0.14,00:17:50:32,72.9,13h 0m,27.6,0.43,32.5,2.2750000000000004,-14.0,-0.9800000000000001,69.9,87.3,-5.90,-0.41
10/27/2025 09:00,10/29/2025 18:35,AUDCAD,Sell,0.010,0.91589,0.91727,-0.0900,0.0000,-13.8,-1.08,-0.08,02:09:35:32,0.9,31m,60.8,8.50,6.4,0.44800000000000006,-54.4,-3.8080000000000003,10.5,66.8,-20.20,-1.41
10/28/2025 16:00,10/28/2025 16:47,NZDCAD,Buy,0.010,0.80544,0.80658,-0.0900,0.0000,11.4,0.72,0.06,00:00:47:35,97.9,46m,2.2,0.05,12.5,0.8750000000000001,-0.6,-0.042,95.4,91.6,-1.10,-0.08
10/28/2025 13:45,10/28/2025 14:41,NZDCAD,Buy,0.010,0.80597,0.80711,-0.0900,0.0000,11.4,0.73,0.06,00:00:56:41,92.9,52m,4.7,0.08,11.7,0.8190000000000001,-0.9,-0.06300000000000001,92.9,97.6,-0.30,-0.02
10/28/2025 00:00,10/28/2025 13:12,NZDCAD,Sell,0.010,0.80794,0.80680,-0.0900,0.0000,11.4,0.72,0.06,00:13:12:16,59.8,7h 53m,14.0,0.66,12.7,0.889,-8.4,-0.5880000000000001,60.2,93.8,-1.30,-0.09
10/24/2025 07:00,10/24/2025 08:24,NZDCAD,Sell,0.010,0.80622,0.80508,-0.0900,0.0000,11.4,0.73,0.06,00:01:24:53,79.8,1h 7m,3.3,0.16,12.2,0.854,-1.9,-0.133,86.5,94.3,-0.80,-0.06
10/23/2025 15:00,10/24/2025 02:29,AUDCAD,Sell,0.010,0.91151,0.91037,-0.0900,0.0000,11.4,0.72,0.06,00:11:29:23,83.7,9h 37m,15.1,0.23,16.3,1.1410000000000002,-3.8,-0.266,81.1,75.6,-4.90,-0.34
10/22/2025 01:00,10/23/2025 14:57,AUDCAD,Buy,0.010,0.90892,0.91135,-0.0900,0.0000,24.3,1.64,0.13,01:13:57:35,57.7,21h 54m,46.0,0.85,26.6,1.8620000000000003,-22.5,-1.5750000000000002,54.2,95.3,-2.30,-0.16
10/21/2025 06:00,10/23/2025 14:57,AUDCAD,Buy,0.010,0.91250,0.91135,-0.0900,0.0000,-11.5,-0.92,-0.07,02:08:57:34,1.7,58m,62.6,13.57,4.3,0.301,-58.3,-4.081,6.9,74.8,-15.80,-1.11
10/23/2025 08:15,10/23/2025 12:20,NZDCAD,Sell,0.010,0.80435,0.80321,-0.0900,0.0000,11.4,0.72,0.06,00:04:05:48,93.5,3h 49m,6.4,0.15,12.4,0.8680000000000001,-1.8,-0.12600000000000003,87.3,93.0,-1.00,-0.07
10/23/2025 08:15,10/23/2025 12:19,AUDCAD,Sell,0.010,0.91086,0.90972,-0.0900,0.0000,11.4,0.72,0.06,00:04:04:48,70.5,2h 52m,9.2,0.35,13.3,0.9310000000000002,-4.6,-0.322,74.3,89.4,-1.90,-0.13
10/22/2025 14:30,10/23/2025 08:07,NZDCAD,Buy,0.010,0.80341,0.80455,-0.0900,0.0000,11.4,0.72,0.06,00:17:37:35,19.5,3h 26m,27.6,1.74,11.4,0.7980000000000002,-19.8,-1.3860000000000001,36.5,100.0,0.00,0.00
10/22/2025 06:45,10/22/2025 08:26,NZDCAD,Sell,0.010,0.80616,0.80502,-0.0900,0.0000,11.4,0.72,0.06,00:01:41:01,100.0,1h 41m,3.7,0.08,12.2,0.854,0.0,0.0,100.0,93.4,-0.80,-0.06
10/22/2025 06:45,10/22/2025 08:15,AUDCAD,Sell,0.010,0.91129,0.91015,-0.0900,0.0000,11.4,0.72,0.06,00:01:30:38,100.0,1h 30m,4.8,0.08,12.1,0.8470000000000001,0.0,0.0,100.0,94.2,-0.70,-0.05
10/21/2025 05:30,10/22/2025 05:30,NZDCAD,Buy,0.010,0.80450,0.80564,-0.0900,0.0000,11.4,0.72,0.06,01:00:00:54,53.9,12h 56m,26.0,2.22,11.7,0.8190000000000001,-26.0,-1.8200000000000003,31.0,99.2,-0.30,-0.02
10/21/2025 00:45,10/21/2025 02:11,AUDCAD,Sell,0.010,0.91521,0.91407,-0.0900,0.0000,11.4,0.72,0.06,00:01:26:01,84.9,1h 13m,4.6,0.17,11.8,0.8260000000000002,-2.0,-0.14,85.5,97.1,-0.40,-0.03
10/17/2025 02:15,10/17/2025 11:09,AUDCAD,Buy,0.010,0.90899,0.91013,-0.0900,0.0000,11.4,0.72,0.06,00:08:54:54,13.7,1h 13m,30.68581743166,1.91,13.0,0.9100000000000001,-24.88581743166,-1.7420072202162002,34.3,95.8,-1.60,-0.11
10/16/2025 01:15,10/17/2025 01:55,NZDCAD,Sell,0.010,0.80479,0.80365,-0.0900,0.0000,11.4,0.73,0.06,01:00:40:48,38.4,9h 28m,20.8,1.47,14.18635449058,0.9930448143406001,-20.8,-1.4560000000000002,40.5,92.0,-2.79,-0.20
10/15/2025 02:15,10/16/2025 00:30,AUDCAD,Sell,0.010,0.91320,0.91206,-0.0900,0.0000,11.4,0.72,0.06,00:22:15:04,3.4,45m,23.0,0.80,28.8,2.0160000000000005,-23.0,-1.61,55.6,66.4,-17.40,-1.22
10/15/2025 17:15,10/15/2025 17:51,AUDCAD,Buy,0.010,0.91250,0.91364,-0.0900,0.0000,11.4,0.72,0.06,00:00:35:59,97.2,34m,6.1,0.18,11.7,0.8190000000000001,-2.1,-0.14700000000000002,84.8,97.8,-0.30,-0.02
10/15/2025 07:15,10/15/2025 13:02,NZDCAD,Sell,0.010,0.80421,0.80307,-0.0900,0.0000,11.4,0.73,0.06,00:05:47:28,95.7,5h 32m,8.5,0.10,11.9,0.8330000000000001,-1.2,-0.084,90.8,96.2,-0.50,-0.04
10/15/2025 02:30,10/15/2025 06:00,NZDCAD,Sell,0.010,0.80351,0.80237,-0.0900,0.0000,11.4,0.72,0.06,00:03:30:07,100.0,3h 30m,7.7,0.09,11.7,0.8190000000000001,0.0,0.0,100.0,97.4,-0.30,-0.02
10/14/2025 15:45,10/14/2025 19:45,NZDCAD,Sell,0.010,0.80297,0.80183,-0.0900,0.0000,11.4,0.72,0.06,00:04:00:30,81.7,3h 16m,11.6,0.32,12.33803645955,0.8636625521685001,-3.9,-0.273,76.0,94.2,-0.94,-0.07
10/14/2025 03:30,10/14/2025 15:47,NZDCAD,Buy,0.010,0.80201,0.80315,-0.0900,0.0000,11.4,0.72,0.06,00:12:17:48,3.8,28m,25.4,2.23,11.4,0.7980000000000002,-25.4,-1.778,31.0,100.0,0.00,0.00
10/14/2025 10:15,10/14/2025 14:39,AUDCAD,Buy,0.010,0.90679,0.90952,-0.0900,0.0000,27.3,1.86,0.15,00:04:24:47,87.2,3h 50m,22.16893125585,0.18,27.3,1.9110000000000003,-4.9,-0.3430000000000001,84.8,100.0,0.00,0.00
10/14/2025 04:15,10/14/2025 14:39,AUDCAD,Buy,0.010,0.91096,0.90952,-0.0900,0.0000,-14.4,-1.11,-0.09,00:10:24:47,0.0,0s,46.6,46.73,0.0,0.0,-46.6,-3.2620000000000005,0.0,69.1,-14.40,-1.01
10/13/2025 17:00,10/13/2025 23:48,AUDCAD,Sell,0.010,0.91530,0.91416,-0.0900,0.0000,11.4,0.72,0.06,00:06:48:35,99.6,6h 46m,18.9,0.02,23.0,1.61,-0.4,-0.028000000000000004,98.3,50.4,-11.60,-0.81
10/13/2025 16:30,10/13/2025 23:10,NZDCAD,Sell,0.010,0.80445,0.80331,-0.0900,0.0000,11.4,0.72,0.06,00:06:40:28,89.5,5h 58m,14.2,0.12,20.3,1.4210000000000003,-2.5,-0.17500000000000002,89.0,61.0,-8.90,-0.62
10/10/2025 15:30,10/13/2025 01:22,AUDCAD,Buy,0.010,0.90843,0.91235,-0.0900,0.0000,39.2,2.71,0.21,02:09:52:19,10.9,6h 18m,62.73042347987,1.20,39.9,2.793,-47.9,-3.353,45.4,99.2,-0.70,-0.05
10/10/2025 15:00,10/13/2025 01:22,AUDCAD,Buy,0.010,0.91499,0.91235,-0.0900,0.0000,-26.4,-1.98,-0.15,02:10:22:18,0.0,0s,113.5,113.64,0.0,0.0,-113.5,-7.945000000000001,0.0,76.7,-26.40,-1.85
10/10/2025 01:15,10/10/2025 06:49,AUDCAD,Sell,0.010,0.92051,0.91937,-0.0900,0.0000,11.4,0.73,0.06,00:05:34:09,53.3,2h 58m,10.0,0.54,12.1,0.8470000000000001,-6.5,-0.45500000000000007,65.1,96.2,-0.70,-0.05
10/09/2025 07:00,10/09/2025 09:25,AUDCAD,Buy,0.010,0.91789,0.91903,-0.0900,0.0000,11.4,0.72,0.06,00:02:25:22,73.3,1h 46m,17.3,0.72,12.3,0.8610000000000001,-8.8,-0.6160000000000001,58.3,95.7,-0.90,-0.06
10/09/2025 04:45,10/09/2025 06:21,AUDCAD,Sell,0.010,0.92067,0.91953,-0.0900,0.0000,11.4,0.72,0.06,00:01:36:52,70.9,1h 8m,4.0,0.14,11.6,0.812,-1.6,-0.11200000000000002,87.9,98.5,-0.20,-0.01
10/09/2025 01:30,10/09/2025 02:02,AUDCAD,Sell,0.010,0.91996,0.91882,-0.0900,0.0000,11.4,0.73,0.06,00:00:32:08,100.0,32m,1.7,0.09,11.6,0.812,0.0,0.0,100.0,98.3,-0.20,-0.01
10/08/2025 01:30,10/08/2025 20:20,AUDCAD,Buy,0.010,0.91683,0.91944,-0.0900,0.0000,26.1,1.78,0.14,00:18:50:50,45.2,8h 31m,14.5,0.56,26.1,1.8270000000000002,-14.5,-1.0150000000000001,64.3,100.0,0.00,0.00
10/07/2025 06:15,10/08/2025 20:20,AUDCAD,Buy,0.010,0.92077,0.91944,-0.0900,0.0000,-13.3,-1.04,-0.08,01:14:05:53,0.5,11m,54.6,77.52,0.7,0.049,-53.9,-3.773,1.3,74.4,-14.00,-0.98
10/08/2025 01:15,10/08/2025 19:03,NZDCAD,Buy,0.020,0.80263,0.80694,-0.1800,0.0000,43.1,5.99,0.47,00:17:48:36,66.2,11h 47m,16.8,0.27,43.3,6.062,-11.5,-1.61,79.0,99.6,-0.20,-0.03
10/07/2025 19:45,10/08/2025 19:03,NZDCAD,Buy,0.010,0.80868,0.80694,-0.0900,0.0000,-17.4,-1.33,-0.10,00:23:18:37,16.5,3h 50m,77.5,13.11,5.5,0.385,-72.0,-5.040000000000001,7.1,70.5,-22.90,-1.60
10/07/2025 05:15,10/08/2025 19:03,NZDCAD,Buy,0.010,0.81226,0.80694,-0.0900,0.0000,-53.2,-3.90,-0.31,01:13:48:35,0.0,0s,107.8,108.70,0.0,0.0,-107.8,-7.546,0.0,50.6,-53.20,-3.72
10/06/2025 13:00,10/07/2025 01:01,AUDCAD,Sell,0.010,0.92278,0.92164,-0.0900,0.0000,11.4,0.73,0.06,00:12:01:19,34.2,4h 6m,16.3,1.07,12.5,0.8750000000000001,-13.4,-0.9380000000000002,48.3,95.8,-1.10,-0.08
10/06/2025 13:15,10/07/2025 00:54,NZDCAD,Sell,0.010,0.81441,0.81327,-0.0900,0.0000,11.4,0.73,0.06,00:11:38:54,50.3,5h 51m,31.5,0.34,29.9,2.093,-10.1,-0.7070000000000001,74.8,53.8,-18.50,-1.30
10/06/2025 09:15,10/06/2025 11:47,NZDCAD,Buy,0.010,0.81137,0.81251,-0.0900,0.0000,11.4,0.72,0.06,00:02:32:35,52.0,1h 19m,5.7,0.35,11.4,0.7980000000000002,-4.0,-0.28,74.0,100.0,0.00,0.00
10/02/2025 13:45,10/02/2025 16:16,AUDCAD,Buy,0.010,0.91959,0.92073,-0.0900,0.0000,11.4,0.72,0.06,00:02:31:07,98.7,2h 29m,9.8,0.01,12.1,0.8470000000000001,-0.1,-0.007000000000000001,99.2,94.3,-0.70,-0.05
10/02/2025 13:45,10/02/2025 15:27,NZDCAD,Buy,0.010,0.81073,0.81187,-0.0900,0.0000,11.4,0.73,0.06,00:01:42:10,98.1,1h 40m,4.9,0.03,12.7,0.889,-0.4,-0.028000000000000004,96.9,90.1,-1.30,-0.09
10/01/2025 11:30,10/02/2025 13:36,AUDCAD,Sell,0.010,0.92146,0.92032,-0.0900,0.0000,11.4,0.72,0.06,01:02:06:58,28.2,7h 21m,23.5,1.06,14.1,0.9870000000000001,-14.9,-1.0430000000000001,48.6,90.7,-2.70,-0.19
10/02/2025 02:00,10/02/2025 13:33,NZDCAD,Sell,0.010,0.81289,0.81175,-0.0900,0.0000,11.4,0.73,0.06,00:11:33:39,53.6,6h 11m,21.1,0.99,11.8,0.8260000000000002,-11.7,-0.8190000000000001,50.2,98.3,-0.40,-0.03
10/01/2025 01:45,10/01/2025 07:03,AUDCAD,Buy,0.010,0.91883,0.91997,-0.0900,0.0000,11.4,0.73,0.06,00:05:18:05,36.8,1h 57m,13.9,0.76,12.3,0.8610000000000001,-9.4,-0.6580000000000001,56.7,95.9,-0.90,-0.06
09/30/2025 15:00,09/30/2025 15:19,AUDCAD,Sell,0.010,0.92207,0.92093,-0.0900,0.0000,11.4,0.72,0.06,00:00:19:17,100.0,19m,3.3,0.08,12.4,0.8680000000000001,0.0,0.0,100.0,91.9,-1.00,-0.07
09/25/2025 12:45,09/30/2025 08:02,NZDCAD,Buy,0.010,0.80605,0.80719,-0.0900,0.0000,11.4,0.73,0.06,04:19:17:34,4.2,4h 50m,39.4,3.46,11.4,0.7980000000000002,-39.4,-2.758,22.4,100.0,0.00,0.00
09/30/2025 04:45,09/30/2025 07:41,AUDCAD,Sell,0.010,0.91906,0.91612,-0.0900,0.0000,29.4,2.02,0.16,00:02:56:44,71.6,2h 6m,15.1,0.12,31.6,2.212,-3.9,-0.273,89.0,93.8,-2.20,-0.15
09/29/2025 04:30,09/30/2025 07:41,AUDCAD,Sell,0.010,0.91445,0.91612,-0.0900,0.0000,-16.7,-1.29,-0.10,01:03:11:42,19.1,5h 11m,55.7,8.77,5.7,0.3990000000000001,-50.0,-3.5000000000000004,10.2,59.8,-22.40,-1.57
09/25/2025 12:30,09/29/2025 04:24,AUDCAD,Buy,0.010,0.91324,0.91438,-0.0900,0.0000,11.4,0.73,0.06,03:15:54:26,2.8,2h 27m,36.4,3.19,11.4,0.7980000000000002,-36.4,-2.548,23.8,100.0,0.00,0.00
09/24/2025 03:00,09/25/2025 12:22,AUDCAD,Sell,0.010,0.91663,0.91416,-0.0900,0.0000,24.7,1.69,0.13,01:09:22:24,84.5,1d 4h ,36.7,0.28,31.2,2.184,-8.6,-0.602,78.4,83.7,-6.50,-0.46
09/23/2025 08:45,09/25/2025 12:22,AUDCAD,Sell,0.010,0.91294,0.91416,-0.0900,0.0000,-12.2,-0.96,-0.08,02:03:37:21,9.9,5h 6m,58.2,3.58,12.7,0.889,-45.5,-3.1850000000000005,21.8,57.2,-24.90,-1.74
09/25/2025 09:15,09/25/2025 10:34,NZDCAD,Sell,0.010,0.80991,0.80877,-0.0900,0.0000,11.4,0.73,0.06,00:01:19:42,100.0,1h 19m,3.3,0.08,12.1,0.8470000000000001,0.0,0.0,100.0,94.2,-0.70,-0.05
09/24/2025 13:00,09/25/2025 09:10,NZDCAD,Buy,0.010,0.80873,0.80986,-0.0900,0.0000,11.3,0.72,0.06,00:20:10:39,14.5,2h 55m,45.0,0.72,26.1,1.8270000000000002,-18.9,-1.323,58.0,67.1,-14.80,-1.04
09/23/2025 05:00,09/23/2025 06:49,NZDCAD,Buy,0.010,0.80871,0.80984,-0.0900,0.0000,11.3,0.73,0.06,00:01:49:04,88.1,1h 36m,3.3,0.25,12.8,0.8960000000000001,-3.2,-0.22400000000000003,80.0,90.6,-1.50,-0.11
09/22/2025 16:30,09/23/2025 02:30,NZDCAD,Sell,0.010,0.81069,0.80956,-0.0900,0.0000,11.3,0.72,0.06,00:09:59:59,27.9,2h 47m,26.4,0.46,19.2,1.344,-8.8,-0.6160000000000001,68.6,71.8,-7.90,-0.55
09/22/2025 17:15,09/23/2025 02:28,AUDCAD,Sell,0.010,0.91173,0.91060,-0.0900,0.0000,11.3,0.73,0.06,00:09:13:20,29.3,2h 42m,21.6,0.82,11.9,0.8330000000000001,-9.7,-0.679,55.1,97.2,-0.60,-0.04
09/19/2025 15:30,09/22/2025 15:50,NZDCAD,Buy,0.020,0.80684,0.80974,-0.1800,0.0000,29.0,4.02,0.32,03:00:19:54,28.4,20h 32m,18.5,0.21,29.0,4.0600000000000005,-6.2,-0.8680000000000001,82.4,100.0,0.00,0.00
09/19/2025 06:15,09/22/2025 15:50,NZDCAD,Buy,0.010,0.80985,0.80974,-0.0900,0.0000,-1.1,-0.17,-0.01,03:09:34:54,6.6,5h 23m,56.3,1.82,20.0,1.4000000000000001,-36.3,-2.541,35.5,62.5,-21.10,-1.48
09/18/2025 06:15,09/22/2025 15:50,NZDCAD,Buy,0.010,0.81391,0.80974,-0.0900,0.0000,-41.7,-3.11,-0.25,04:09:34:49,1.1,1h 9m,85.9,8.55,9.0,0.6300000000000001,-76.9,-5.383000000000001,10.5,41.0,-50.70,-3.55
09/19/2025 14:45,09/22/2025 08:56,AUDCAD,Buy,0.010,0.90926,0.91039,-0.0900,0.0000,11.3,0.73,0.06,02:18:11:04,6.1,4h 2m,19.6,1.41,11.3,0.7910000000000001,-15.9,-1.1130000000000002,41.5,100.0,0.00,0.00
09/19/2025 02:00,09/19/2025 03:27,AUDCAD,Buy,0.010,0.91129,0.91242,-0.0900,0.0000,11.3,0.73,0.06,00:01:27:30,85.1,1h 14m,2.6,0.23,11.3,0.7910000000000001,-2.6,-0.18200000000000002,81.3,100.0,0.00,0.00
09/18/2025 01:00,09/18/2025 02:19,NZDCAD,Buy,0.010,0.81524,0.81637,-0.0900,0.0000,11.3,0.73,0.06,00:01:19:56,68.4,54m,14.6,0.75,12.2,0.854,-9.2,-0.644,57.0,95.8,-0.90,-0.06
09/15/2025 19:15,09/17/2025 18:03,AUDCAD,Buy,0.010,0.91890,0.92003,-0.0900,0.0000,11.3,0.73,0.06,01:22:48:28,9.0,4h 12m,26.0,2.12,11.3,0.7910000000000001,-24.0,-1.6800000000000002,32.0,100.0,0.00,0.00
09/17/2025 06:45,09/17/2025 11:46,NZDCAD,Buy,0.010,0.82102,0.82215,-0.0900,0.0000,11.3,0.73,0.06,00:05:01:18,91.4,4h 35m,5.8,0.23,12.6,0.882,-2.9,-0.203,81.3,91.6,-1.30,-0.09
09/16/2025 00:30,09/16/2025 07:13,NZDCAD,Buy,0.010,0.82169,0.82282,-0.0900,0.0000,11.3,0.73,0.06,00:06:43:22,26.1,1h 45m,15.1,1.17,12.9,0.9030000000000001,-15.1,-1.0570000000000002,46.1,94.3,-1.60,-0.11
09/15/2025 02:00,09/15/2025 09:58,AUDCAD,Sell,0.010,0.92157,0.92044,-0.0900,0.0000,11.3,0.73,0.06,00:07:58:47,64.5,5h 8m,16.0,0.59,11.5,0.805,-6.8,-0.47600000000000003,62.8,98.9,-0.20,-0.01
09/11/2025 23:45,09/12/2025 08:42,AUDCAD,Sell,0.120,0.92173,0.92027,-1.0800,0.0000,14.6,11.58,0.93,00:08:57:18,47.2,4h 13m,16.7,0.62,14.6,12.702,-9.1,-7.917,61.6,100.0,0.00,0.00
09/11/2025 23:30,09/12/2025 08:42,AUDCAD,Sell,0.080,0.92155,0.92027,-0.7200,0.0000,12.8,6.67,0.54,00:09:11:57,30.5,2h 48m,16.7,0.85,12.8,7.4239999999999995,-10.9,-6.322,54.0,100.0,0.00,0.00
09/11/2025 23:15,09/12/2025 08:42,AUDCAD,Sell,0.040,0.92173,0.92027,-0.3600,0.0000,14.6,3.86,0.31,00:09:27:17,49.1,4h 38m,16.7,0.62,14.6,4.234,-9.1,-2.639,61.6,100.0,0.00,0.00
09/11/2025 23:00,09/12/2025 08:42,AUDCAD,Sell,0.020,0.92168,0.92027,-0.1800,0.0000,14.1,1.85,0.15,00:09:42:25,42.1,4h 5m,16.7,0.68,14.1,1.9740000000000002,-9.6,-1.344,59.5,100.0,0.00,0.00
09/05/2025 12:45,09/12/2025 08:42,AUDCAD,Sell,0.010,0.90632,0.92027,-0.0900,0.0000,-139.5,-10.17,-0.82,06:19:57:24,30.1,2d 1h ,166.7,45.45,3.6,0.25200000000000006,-163.1,-11.417,2.2,14.2,-143.10,-10.02
09/05/2025 08:00,09/12/2025 08:42,AUDCAD,Sell,0.010,0.90250,0.92027,-0.0900,0.0000,-177.7,-12.93,-1.03,07:00:42:24,0.3,30m,204.3,67.11,3.0,0.21000000000000002,-201.3,-14.091000000000003,1.5,11.6,-180.70,-12.65
09/03/2025 15:30,09/04/2025 09:41,NZDCAD,Sell,0.010,0.81074,0.80961,-0.0900,0.0000,11.3,0.72,0.06,00:18:10:58,70.2,12h 45m,27.3,0.65,16.5,1.155,-10.8,-0.7560000000000001,60.4,81.0,-5.20,-0.36
09/02/2025 05:30,09/03/2025 08:27,AUDCAD,Buy,0.010,0.89917,0.90030,-0.0900,0.0000,11.3,0.73,0.06,01:02:57:43,19.9,5h 21m,38.2,3.12,11.6,0.812,-36.2,-2.5340000000000003,24.3,99.4,-0.30,-0.02
09/01/2025 08:45,09/02/2025 02:06,AUDCAD,Sell,0.010,0.90067,0.89954,-0.0900,0.0000,11.3,0.74,0.06,00:17:21:15,29.9,5h 11m,14.7,0.75,14.7,1.0290000000000001,-11.0,-0.77,57.2,86.8,-3.40,-0.24
08/29/2025 02:00,08/29/2025 07:34,AUDCAD,Sell,0.010,0.89931,0.89818,-0.0900,0.0000,11.3,0.73,0.06,00:05:34:07,91.7,5h 6m,6.1,0.06,13.5,0.9450000000000001,-0.8,-0.05600000000000001,94.4,84.6,-2.20,-0.15
08/27/2025 10:30,08/28/2025 14:31,NZDCAD,Buy,0.010,0.80662,0.80913,-0.0900,0.0000,25.1,1.73,0.14,01:04:01:30,92.9,1d 2h ,34.2,0.41,26.4,1.848,-10.9,-0.7630000000000001,70.8,96.5,-1.30,-0.09
08/27/2025 01:30,08/28/2025 14:31,NZDCAD,Buy,0.010,0.81037,0.80913,-0.0900,0.0000,-12.4,-0.99,-0.08,01:13:01:38,0.0,0s,48.4,48.54,0.0,0.0,-48.4,-3.3880000000000003,0.0,74.4,-12.40,-0.87
08/27/2025 07:30,08/27/2025 16:47,AUDCAD,Buy,0.010,0.89702,0.89815,-0.0900,0.0000,11.3,0.73,0.06,00:09:17:57,30.7,2h 51m,20.3,1.51,11.8,0.8260000000000002,-17.8,-1.2460000000000002,39.9,98.3,-0.50,-0.04
08/26/2025 02:00,08/26/2025 10:58,NZDCAD,Buy,0.010,0.80912,0.81025,-0.0900,0.0000,11.3,0.73,0.06,00:08:58:44,61.9,5h 33m,16.9,1.18,11.6,0.812,-13.7,-0.9590000000000001,45.8,98.8,-0.30,-0.02
08/25/2025 06:00,08/25/2025 09:51,AUDCAD,Sell,0.010,0.89834,0.89721,-0.0900,0.0000,11.3,0.73,0.06,00:03:51:20,64.1,2h 28m,9.0,0.61,11.9,0.8330000000000001,-7.3,-0.511,62.0,96.9,-0.60,-0.04
08/25/2025 06:15,08/25/2025 09:09,NZDCAD,Sell,0.010,0.81227,0.81114,-0.0900,0.0000,11.3,0.73,0.06,00:02:54:34,84.5,2h 27m,5.5,0.32,12.6,0.882,-4.0,-0.28,75.9,92.2,-1.30,-0.09
08/22/2025 14:45,08/22/2025 15:36,AUDCAD,Sell,0.010,0.89873,0.89760,-0.0900,0.0000,11.3,0.73,0.06,00:00:51:13,42.4,21m,8.0,0.26,13.0,0.9100000000000001,-3.4,-0.23800000000000002,79.3,89.6,-1.70,-0.12
08/20/2025 02:15,08/22/2025 14:00,AUDCAD,Buy,0.010,0.89340,0.89580,-0.0900,0.0000,24.0,1.64,0.13,02:11:45:00,18.3,10h 56m,39.3,0.84,34.8,2.436,-29.3,-2.051,54.3,83.2,-10.80,-0.76
08/18/2025 14:45,08/22/2025 14:00,AUDCAD,Buy,0.010,0.89693,0.89580,-0.0900,0.0000,-11.3,-0.90,-0.07,03:23:15:05,1.1,1h 2m,68.5,16.58,3.9,0.273,-64.6,-4.522,5.7,77.8,-15.20,-1.06
08/20/2025 07:45,08/20/2025 08:49,NZDCAD,Buy,0.010,0.80732,0.80845,-0.0900,0.0000,11.3,0.73,0.06,00:01:04:13,79.7,51m,6.7,0.23,11.8,0.8260000000000002,-2.7,-0.18900000000000003,81.4,96.6,-0.50,-0.04
08/15/2025 14:30,08/18/2025 12:42,NZDCAD,Sell,0.010,0.81910,0.81797,-0.0900,0.0000,11.3,0.73,0.06,02:22:12:54,89.8,2d 15h ,27.9,0.45,19.3,1.3510000000000002,-8.6,-0.602,69.2,71.3,-8.00,-0.56
08/15/2025 15:00,08/15/2025 17:09,AUDCAD,Sell,0.010,0.90012,0.89899,-0.0900,0.0000,11.3,0.73,0.06,00:02:09:14,97.0,2h 5m,5.8,0.13,13.2,0.924,-1.7,-0.11900000000000001,88.6,87.2,-1.90,-0.13
08/14/2025 13:30,08/15/2025 15:33,NZDCAD,Buy,0.010,0.81717,0.81955,-0.0900,0.0000,23.8,1.63,0.13,01:02:03:20,68.6,17h 52m,18.9,0.42,23.8,1.6660000000000001,-10.1,-0.7070000000000001,70.2,100.0,0.00,0.00
08/14/2025 06:45,08/15/2025 15:33,NZDCAD,Buy,0.010,0.82066,0.81955,-0.0900,0.0000,-11.1,-0.90,-0.07,01:08:48:09,0.0,0s,45.0,45.05,0.0,0.0,-45.0,-3.1500000000000004,0.0,75.3,-11.10,-0.78
08/14/2025 13:00,08/15/2025 12:36,AUDCAD,Buy,0.010,0.89741,0.89854,-0.0900,0.0000,11.3,0.73,0.06,00:23:36:50,46.0,10h 51m,19.0,1.50,12.7,0.889,-19.0,-1.33,40.1,95.6,-1.40,-0.10
08/13/2025 07:00,08/14/2025 07:47,AUDCAD,Sell,0.010,0.90090,0.89977,-0.0900,0.0000,11.3,0.73,0.06,01:00:47:10,35.4,8h 46m,32.1,1.40,13.4,0.9380000000000002,-18.7,-1.3090000000000002,41.7,93.5,-2.10,-0.15
08/07/2025 19:45,08/12/2025 04:14,NZDCAD,Sell,0.010,0.81865,0.81791,-0.0900,0.0000,7.4,0.44,0.04,04:08:29:20,81.6,3d 13h ,27.4,0.91,16.2,1.1340000000000001,-14.7,-1.0290000000000001,52.4,71.5,-8.80,-0.62
08/06/2025 02:30,08/12/2025 04:14,NZDCAD,Sell,0.010,0.81500,0.81791,-0.0900,0.0000,-29.1,-2.20,-0.18,06:01:44:22,4.9,7h 8m,61.1,5.17,9.9,0.6930000000000001,-51.2,-3.5840000000000005,16.2,36.2,-39.00,-2.73
08/07/2025 08:00,08/07/2025 14:55,AUDCAD,Sell,0.010,0.89695,0.89438,-0.0900,0.0000,25.7,1.78,0.14,00:06:55:09,98.1,6h 47m,12.6,0.22,25.7,1.7990000000000002,-5.6,-0.392,82.1,100.0,0.00,0.00
08/06/2025 03:15,08/07/2025 14:55,AUDCAD,Sell,0.010,0.89307,0.89438,-0.0900,0.0000,-13.1,-1.04,-0.08,01:11:40:12,7.5,2h 40m,51.7,6.08,7.3,0.511,-44.4,-3.108,14.1,60.5,-20.40,-1.43
08/05/2025 02:45,08/05/2025 23:16,NZDCAD,Buy,0.010,0.81286,0.81399,-0.0900,0.0000,11.3,0.73,0.06,00:20:31:01,33.4,6h 51m,18.9,0.94,11.3,0.7910000000000001,-10.6,-0.742,51.6,100.0,0.00,0.00
08/04/2025 16:00,08/05/2025 10:04,AUDCAD,Buy,0.010,0.89063,0.89176,-0.0900,0.0000,11.3,0.73,0.06,00:18:04:28,61.2,11h 3m,15.8,0.56,11.6,0.812,-6.5,-0.45500000000000007,64.1,98.3,-0.30,-0.02
08/04/2025 17:45,08/04/2025 23:09,NZDCAD,Buy,0.010,0.81322,0.81435,-0.0900,0.0000,11.3,0.73,0.06,00:05:24:50,68.6,3h 42m,11.5,0.41,11.4,0.7980000000000002,-4.7,-0.32900000000000007,70.8,99.4,-0.10,-0.01
07/31/2025 04:45,07/31/2025 10:16,NZDCAD,Sell,0.010,0.81843,0.81730,-0.0900,0.0000,11.3,0.73,0.06,00:05:31:10,43.6,2h 24m,18.1,1.22,12.5,0.8750000000000001,-15.2,-1.064,45.1,95.7,-1.20,-0.08
07/31/2025 06:30,07/31/2025 08:51,AUDCAD,Sell,0.010,0.89429,0.89316,-0.0900,0.0000,11.3,0.72,0.06,00:02:21:47,99.3,2h 20m,6.2,0.08,11.9,0.8330000000000001,0.0,0.0,100.0,95.0,-0.60,-0.04
07/30/2025 19:00,07/31/2025 02:08,AUDCAD,Buy,0.010,0.88853,0.89220,-0.0900,0.0000,36.7,2.57,0.21,00:07:08:02,98.9,7h 3m,21.5,0.08,37.9,2.653,-3.2,-0.22400000000000003,92.2,97.1,-1.20,-0.08
07/30/2025 11:45,07/31/2025 02:08,AUDCAD,Buy,0.010,0.89460,0.89220,-0.0900,0.0000,-24.0,-1.82,-0.15,00:14:23:02,0.4,3m,65.7,35.59,1.8,0.12600000000000003,-63.9,-4.473000000000001,2.7,60.7,-25.80,-1.81
07/30/2025 01:00,07/30/2025 08:22,NZDCAD,Sell,0.010,0.82115,0.82002,-0.0900,0.0000,11.3,0.73,0.06,00:07:22:10,72.7,5h 21m,10.9,0.38,12.9,0.9030000000000001,-4.9,-0.3430000000000001,72.5,91.0,-1.60,-0.11
07/29/2025 07:00,07/30/2025 00:48,NZDCAD,Buy,0.010,0.81841,0.82106,-0.0900,0.0000,26.5,1.83,0.15,00:17:48:19,91.1,16h 13m,16.1,0.19,26.5,1.8550000000000002,-5.0,-0.35000000000000003,84.1,100.0,0.00,0.00
07/28/2025 06:30,07/30/2025 00:48,NZDCAD,Buy,0.010,0.82244,0.82106,-0.0900,0.0000,-13.8,-1.10,-0.09,01:18:18:17,1.8,45m,49.2,11.63,3.9,0.273,-45.3,-3.1710000000000003,7.9,64.0,-17.70,-1.24
07/28/2025 00:30,07/28/2025 07:30,NZDCAD,Sell,0.020,0.82512,0.82218,-0.1800,0.0000,29.4,4.10,0.33,00:07:00:16,95.0,6h 39m,9.7,0.18,32.2,4.83,-5.7,-0.855,85.0,92.6,-2.80,-0.42
07/23/2025 14:00,07/28/2025 07:30,NZDCAD,Sell,0.010,0.82191,0.82218,-0.0900,0.0000,-2.7,-0.29,-0.02,04:17:30:23,7.4,8h 23m,49.6,3.20,11.8,0.8260000000000002,-37.8,-2.646,23.8,70.8,-14.50,-1.02
07/23/2025 04:45,07/28/2025 07:30,NZDCAD,Sell,0.010,0.81810,0.82218,-0.0900,0.0000,-40.8,-3.07,-0.25,05:02:45:25,0.3,22m,76.6,108.70,0.7,0.049,-75.9,-5.313000000000001,0.9,45.8,-41.50,-2.91
07/25/2025 04:45,07/25/2025 13:57,AUDCAD,Buy,0.010,0.89774,0.89887,-0.0900,0.0000,11.3,0.73,0.06,00:09:12:24,61.6,5h 40m,18.9,0.71,11.3,0.7910000000000001,-8.0,-0.56,58.5,100.0,0.00,0.00
07/24/2025 05:45,07/25/2025 04:40,AUDCAD,Sell,0.020,0.90053,0.89750,-0.1800,0.0000,30.3,4.26,0.35,00:22:54:59,95.3,21h 50m,16.3,0.10,30.3,4.545,-2.9,-0.435,91.3,100.0,0.00,0.00
07/23/2025 14:30,07/25/2025 04:40,AUDCAD,Sell,0.010,0.89701,0.89750,-0.0900,0.0000,-4.9,-0.45,-0.04,01:14:09:56,10.7,4h 5m,46.5,4.54,8.4,0.5880000000000001,-38.1,-2.6670000000000003,18.1,71.4,-13.30,-0.93
07/23/2025 05:45,07/25/2025 04:40,AUDCAD,Sell,0.010,0.89345,0.89750,-0.0900,0.0000,-40.5,-3.05,-0.25,01:22:54:58,1.8,50m,80.0,11.71,6.3,0.441,-73.7,-5.159000000000001,7.9,41.5,-46.80,-3.28
07/21/2025 20:45,07/23/2025 04:30,NZDCAD,Buy,0.010,0.81656,0.81769,-0.0900,0.0000,11.3,0.74,0.06,01:07:45:18,17.6,5h 35m,32.2,2.62,12.3,0.8610000000000001,-32.2,-2.2540000000000004,27.6,97.8,-1.00,-0.07
07/22/2025 15:00,07/23/2025 00:09,NZDCAD,Sell,0.010,0.81679,0.81566,-0.0900,0.0000,11.3,0.74,0.06,00:09:08:57,83.5,7h 38m,28.1,0.10,28.1,1.9670000000000003,-2.9,-0.203,90.6,45.8,-16.80,-1.18
07/22/2025 13:15,07/22/2025 14:00,AUDCAD,Sell,0.010,0.89340,0.89227,-0.0900,0.0000,11.3,0.74,0.06,00:00:45:51,80.0,36m,5.3,0.14,11.7,0.8190000000000001,-1.6,-0.11200000000000002,88.0,97.0,-0.40,-0.03
07/22/2025 08:00,07/22/2025 12:23,AUDCAD,Buy,0.010,0.89064,0.89177,-0.0900,0.0000,11.3,0.74,0.06,00:04:23:49,97.4,4h 16m,10.2,0.15,12.0,0.8400000000000001,-1.8,-0.12600000000000003,87.0,94.9,-0.70,-0.05
07/21/2025 00:45,07/21/2025 03:12,NZDCAD,Buy,0.010,0.81560,0.81673,-0.0900,0.0000,11.3,0.73,0.06,00:02:27:15,97.3,2h 23m,11.42486489696,0.23,11.6,0.812,-2.72486489696,-0.1907405427872,81.0,97.9,-0.30,-0.02
07/18/2025 12:15,07/20/2025 22:45,NZDCAD,Sell,0.010,0.82010,0.81758,-0.0900,0.0000,25.2,1.75,0.14,02:10:30:11,98.1,2d 9h ,20.7,0.19,29.7,2.079,-5.7,-0.3990000000000001,83.9,87.3,-4.50,-0.32
07/17/2025 23:00,07/20/2025 22:45,NZDCAD,Sell,0.010,0.81632,0.81758,-0.0900,0.0000,-12.6,-1.01,-0.08,02:23:45:21,0.5,21m,41.8,9.96,4.1,0.287,-40.8,-2.856,9.1,62.8,-16.70,-1.17
07/18/2025 12:15,07/18/2025 18:49,AUDCAD,Sell,0.010,0.89543,0.89290,-0.0900,0.0000,25.3,1.75,0.14,00:06:34:34,79.5,5h 13m,15.56984452842,0.25,25.3,1.7710000000000001,-6.26984452842,-0.43888911698940003,80.1,100.0,0.00,0.00
07/17/2025 15:45,07/18/2025 18:49,AUDCAD,Sell,0.010,0.89163,0.89290,-0.0900,0.0000,-12.7,-1.02,-0.08,01:03:04:35,6.5,1h 45m,50.3,4.85,8.6,0.602,-41.7,-2.9190000000000005,17.1,57.7,-21.30,-1.49
07/17/2025 02:45,07/17/2025 05:03,NZDCAD,Buy,0.010,0.81188,0.81301,-0.0900,0.0000,11.3,0.74,0.06,00:02:18:50,75.4,1h 44m,8.4,0.73,11.5,0.805,-8.4,-0.5880000000000001,57.8,99.0,-0.20,-0.01
07/16/2025 14:15,07/16/2025 15:12,NZDCAD,Buy,0.010,0.81365,0.81478,-0.0900,0.0000,11.3,0.73,0.06,00:00:57:17,36.9,21m,5.59939928388,0.44,11.3,0.7910000000000001,-5.0,-0.35000000000000003,69.3,100.0,0.00,0.00
07/16/2025 00:45,07/16/2025 01:48,NZDCAD,Sell,0.010,0.81764,0.81651,-0.0900,0.0000,11.3,0.74,0.06,00:01:02:47,90.5,56m,2.9,0.11,13.1,0.917,-1.5,-0.10500000000000001,89.7,87.7,-1.80,-0.13
07/15/2025 15:00,07/16/2025 00:46,AUDCAD,Buy,0.010,0.89445,0.89558,-0.0900,0.0000,11.3,0.73,0.06,00:09:46:13,3.8,22m,17.1,1.51,11.3,0.7910000000000001,-17.1,-1.1970000000000003,39.8,100.0,0.00,0.00
07/15/2025 15:00,07/16/2025 00:39,NZDCAD,Buy,0.010,0.81637,0.81750,-0.0900,0.0000,11.3,0.73,0.06,00:09:39:37,11.1,1h 4m,16.3,1.37,11.9,0.8330000000000001,-16.3,-1.1410000000000002,42.2,97.9,-0.60,-0.04
07/15/2025 07:30,07/15/2025 13:36,NZDCAD,Sell,0.010,0.82003,0.81890,-0.0900,0.0000,11.3,0.73,0.06,00:06:05:57,13.2,48m,16.0,0.95,12.97527311213,0.9082691178491,-12.3,-0.8610000000000001,51.3,93.4,-1.68,-0.12
07/15/2025 08:00,07/15/2025 13:35,AUDCAD,Sell,0.010,0.89882,0.89769,-0.0900,0.0000,11.3,0.74,0.06,00:05:35:13,68.4,3h 49m,12.7,0.39,12.9,0.9030000000000001,-5.0,-0.35000000000000003,72.1,91.1,-1.60,-0.11
07/14/2025 01:30,07/15/2025 09:38,NZDCAD,Buy,0.010,0.81984,0.82097,-0.0900,0.0000,11.3,0.73,0.06,01:08:08:22,9.7,3h 7m,29.1,2.07,12.3,0.8610000000000001,-25.5,-1.7850000000000001,32.5,97.4,-1.00,-0.07
07/14/2025 15:00,07/15/2025 07:26,AUDCAD,Buy,0.010,0.89696,0.89809,-0.0900,0.0000,11.3,0.74,0.06,00:16:26:40,37.9,6h 13m,16.5,0.84,11.3,0.7910000000000001,-9.5,-0.665,54.3,100.0,0.00,0.00
07/10/2025 19:45,07/14/2025 14:45,AUDCAD,Sell,0.040,0.90040,0.89716,-0.3600,0.0000,32.4,9.11,0.75,03:19:00:44,85.2,3d 5h ,44.6,0.55,32.4,9.395999999999999,-17.8,-5.162,64.5,100.0,0.00,0.00
07/10/2025 09:15,07/14/2025 14:45,AUDCAD,Sell,0.020,0.89690,0.89716,-0.1800,0.0000,-2.6,-0.56,-0.05,04:05:30:40,2.0,2h 1m,59.1,8.38,6.3,0.945,-52.8,-7.919999999999999,10.7,84.9,-8.90,-1.33
07/09/2025 05:00,07/14/2025 14:45,AUDCAD,Sell,0.010,0.89400,0.89716,-0.0900,0.0000,-31.6,-2.40,-0.20,05:09:45:44,5.8,7h 31m,96.0,5.76,14.2,0.994,-81.8,-5.726,14.8,52.3,-45.80,-3.21
07/08/2025 00:15,07/14/2025 14:45,AUDCAD,Sell,0.010,0.88985,0.89716,-0.0900,0.0000,-73.1,-5.44,-0.44,06:14:30:43,2.4,3h 48m,133.7,11.86,10.4,0.7280000000000001,-123.3,-8.631,7.8,37.5,-83.50,-5.85
07/10/2025 18:30,07/11/2025 12:10,NZDCAD,Sell,0.010,0.82408,0.82295,-0.0900,0.0000,11.3,0.74,0.06,00:17:40:39,44.9,7h 56m,27.4,1.43,12.0,0.8400000000000001,-17.2,-1.204,41.1,97.6,-0.70,-0.05
07/10/2025 09:45,07/10/2025 13:32,NZDCAD,Sell,0.010,0.82315,0.82202,-0.0900,0.0000,11.3,0.74,0.06,00:03:47:48,61.3,2h 19m,9.4,0.55,11.8,0.8260000000000002,-6.5,-0.45500000000000007,64.5,97.3,-0.50,-0.04
07/07/2025 04:00,07/10/2025 09:39,NZDCAD,Buy,0.040,0.82027,0.82301,-0.3600,0.0000,27.4,7.66,0.63,03:05:39:11,63.2,2d 1h ,42.4,0.93,27.4,7.945999999999999,-25.4,-7.365999999999999,51.9,100.0,0.00,0.00
07/03/2025 12:45,07/10/2025 09:39,NZDCAD,Buy,0.020,0.82161,0.82301,-0.1800,0.0000,14.0,1.87,0.15,06:20:54:12,57.4,3d 22h ,70.2,1.00,35.1,5.265,-35.1,-5.265,50.0,69.9,-21.10,-3.17
07/02/2025 12:00,07/10/2025 09:39,NZDCAD,Buy,0.010,0.82683,0.82301,-0.0900,0.0000,-38.2,-2.88,-0.24,07:21:39:17,4.9,9h 17m,98.8,7.59,11.5,0.805,-87.3,-6.111000000000001,11.6,49.7,-49.70,-3.48
07/02/2025 07:00,07/10/2025 09:39,NZDCAD,Buy,0.010,0.83083,0.82301,-0.0900,0.0000,-78.2,-5.81,-0.48,08:02:39:17,0.0,0s,127.3,128.21,0.0,0.0,-127.3,-8.911000000000001,0.0,38.6,-78.20,-5.47
07/07/2025 01:45,07/08/2025 00:13,AUDCAD,Buy,0.010,0.88866,0.88979,-0.0900,0.0000,11.3,0.73,0.06,00:22:28:48,16.4,3h 41m,24.2,1.63,12.0,0.8400000000000001,-19.5,-1.3650000000000002,38.1,97.8,-0.70,-0.05
07/04/2025 07:45,07/04/2025 08:05,AUDCAD,Buy,0.010,0.89017,0.89130,-0.0900,0.0000,11.3,0.74,0.06,00:00:20:06,100.0,20m,2.9,0.09,11.3,0.7910000000000001,0.0,0.0,100.0,100.0,0.00,0.00
07/01/2025 08:00,07/02/2025 07:05,NZDCAD,Sell,0.010,0.83120,0.83007,-0.0900,0.0000,11.3,0.74,0.06,00:23:05:22,18.0,4h 9m,25.2,1.35,12.3,0.8610000000000001,-16.6,-1.1620000000000001,42.6,96.5,-1.00,-0.07
07/01/2025 01:45,07/01/2025 04:23,NZDCAD,Buy,0.010,0.82792,0.82905,-0.0900,0.0000,11.3,0.75,0.06,00:02:38:20,79.8,2h 6m,7.3,0.46,11.5,0.805,-5.3,-0.371,68.5,98.8,-0.20,-0.01
06/30/2025 17:30,07/01/2025 01:36,AUDCAD,Sell,0.040,0.89640,0.89303,-0.3600,0.0000,33.7,9.54,0.79,00:08:06:39,85.9,6h 58m,18.4,0.07,35.2,10.208,-2.6,-0.754,93.1,96.0,-1.50,-0.43
06/24/2025 18:45,07/01/2025 01:36,AUDCAD,Sell,0.020,0.89267,0.89303,-0.1800,0.0000,-3.6,-0.70,-0.06,06:06:51:39,18.8,1d 4h ,69.3,1.31,30.0,4.2,-39.3,-5.502,43.3,51.5,-33.60,-4.70
06/23/2025 23:30,07/01/2025 01:36,AUDCAD,Sell,0.010,0.88979,0.89303,-0.0900,0.0000,-32.4,-2.47,-0.20,07:02:06:40,1.5,2h 33m,73.7,12.17,5.6,0.392,-68.1,-4.767,7.6,48.4,-38.00,-2.66
06/23/2025 17:15,07/01/2025 01:36,AUDCAD,Sell,0.010,0.88554,0.89303,-0.0900,0.0000,-74.9,-5.59,-0.46,07:08:21:38,0.0,0s,110.6,111.11,0.0,0.0,-110.6,-7.742,0.0,32.3,-74.90,-5.24
06/27/2025 18:00,06/27/2025 18:37,NZDCAD,Sell,0.010,0.83053,0.82940,-0.0900,0.0000,11.3,0.73,0.06,00:00:37:05,83.8,31m,3.9,0.31,12.3,0.8610000000000001,-3.8,-0.266,76.4,93.8,-1.00,-0.07
06/25/2025 18:45,06/26/2025 20:31,NZDCAD,Sell,0.020,0.82884,0.82616,-0.1800,0.0000,26.8,3.75,0.31,01:01:46:53,56.0,14h 26m,37.9,0.81,27.1,4.065,-22.0,-3.3,55.2,99.4,-0.30,-0.05
06/24/2025 06:30,06/26/2025 20:31,NZDCAD,Sell,0.010,0.82668,0.82616,-0.0900,0.0000,5.2,0.29,0.02,02:14:01:54,35.1,21h 46m,75.9,1.28,33.3,2.331,-42.6,-2.982,43.9,63.0,-28.10,-1.97
06/23/2025 22:15,06/26/2025 20:31,NZDCAD,Sell,0.010,0.82179,0.82616,-0.0900,0.0000,-43.7,-3.30,-0.27,02:22:16:56,0.0,0s,91.5,91.74,0.0,0.0,-91.5,-6.405,0.0,52.2,-43.70,-3.06
06/23/2025 02:45,06/23/2025 17:14,AUDCAD,Buy,0.010,0.88295,0.88544,-0.0900,0.0000,24.9,1.72,0.14,00:14:28:59,38.6,5h 35m,45.2,1.42,25.7,1.7990000000000002,-36.4,-2.548,41.4,98.7,-0.80,-0.06
06/20/2025 16:00,06/23/2025 17:14,AUDCAD,Buy,0.010,0.88667,0.88544,-0.0900,0.0000,-12.3,-0.98,-0.08,03:01:13:58,1.1,48m,77.9,17.12,4.3,0.301,-73.6,-5.152,5.5,78.7,-16.60,-1.16
06/23/2025 04:45,06/23/2025 16:00,NZDCAD,Buy,0.020,0.81474,0.81792,-0.1800,0.0000,31.8,4.44,0.37,00:11:15:16,46.7,5h 15m,42.9,0.94,32.3,4.845,-30.3,-4.545,51.6,99.2,-0.50,-0.07
06/22/2025 21:20,06/23/2025 16:00,NZDCAD,Buy,0.010,0.81850,0.81792,-0.0900,0.0000,-5.8,-0.51,-0.04,00:18:39:55,14.7,2h 44m,76.6,7.81,8.7,0.609,-67.9,-4.753000000000001,11.4,81.1,-14.50,-1.02
06/19/2025 02:00,06/23/2025 16:00,NZDCAD,Buy,0.010,0.82218,0.81792,-0.0900,0.0000,-42.6,-3.18,-0.26,04:14:00:18,1.6,1h 45m,109.2,23.31,4.5,0.31500000000000006,-104.7,-7.329000000000001,4.1,56.9,-47.10,-3.30
06/20/2025 00:15,06/20/2025 01:37,NZDCAD,Sell,0.010,0.82200,0.82087,-0.0900,0.0000,11.3,0.73,0.06,00:01:22:47,100.0,1h 22m,4.1,0.08,13.0,0.9100000000000001,0.0,0.0,100.0,86.9,-1.70,-0.12
06/19/2025 06:00,06/19/2025 23:50,AUDCAD,Buy,0.010,0.88711,0.88824,-0.0900,0.0000,11.3,0.73,0.06,00:17:50:44,44.5,7h 56m,23.0,1.27,11.3,0.7910000000000001,-14.4,-1.0080000000000002,44.0,100.0,0.00,0.00
06/18/2025 14:15,06/19/2025 01:04,AUDCAD,Sell,0.010,0.89022,0.88909,-0.0900,0.0000,11.3,0.73,0.06,00:10:49:52,21.0,2h 16m,21.2,1.61,13.2,0.924,-21.2,-1.484,38.4,94.5,-1.90,-0.13
06/18/2025 14:15,06/19/2025 01:01,NZDCAD,Sell,0.010,0.82534,0.82421,-0.0900,0.0000,11.3,0.73,0.06,00:10:46:44,41.9,4h 30m,20.5,1.01,20.3,1.4210000000000003,-20.5,-1.435,49.8,77.9,-9.00,-0.63
06/18/2025 05:00,06/18/2025 10:52,AUDCAD,Sell,0.010,0.88835,0.88722,-0.0900,0.0000,11.3,0.73,0.06,00:05:52:25,74.0,4h 20m,8.7,0.36,15.7,1.099,-5.6,-0.392,73.7,79.3,-4.40,-0.31
06/17/2025 18:00,06/17/2025 20:17,NZDCAD,Buy,0.010,0.82028,0.82141,-0.0900,0.0000,11.3,0.74,0.06,00:02:16:59,66.7,1h 31m,4.7,0.37,11.3,0.7910000000000001,-4.2,-0.29400000000000004,72.9,100.0,0.00,0.00
06/17/2025 18:00,06/17/2025 20:10,AUDCAD,Buy,0.010,0.88265,0.88378,-0.0900,0.0000,11.3,0.74,0.06,00:02:10:14,87.5,1h 53m,5.8,0.04,17.1,1.1970000000000003,-0.7,-0.049,96.1,67.4,-5.80,-0.41
06/17/2025 06:45,06/17/2025 07:10,AUDCAD,Sell,0.010,0.88817,0.88704,-0.0900,0.0000,11.3,0.74,0.06,00:00:25:51,,,,,,,,,,,,
06/13/2025 00:15,06/16/2025 12:07,AUDCAD,Buy,0.010,0.88415,0.88528,-0.0900,0.0000,11.3,0.74,0.06,03:11:52:25,6.6,5h 32m,46.2,3.52,11.3,0.7910000000000001,-39.8,-2.786,22.1,100.0,0.00,0.00
06/13/2025 00:45,06/13/2025 01:48,NZDCAD,Buy,0.010,0.81992,0.82105,-0.0900,0.0000,11.3,0.74,0.06,00:01:03:44,,,,,,,,,,,,
06/12/2025 07:45,06/12/2025 08:04,NZDCAD,Buy,0.010,0.82128,0.82241,-0.0900,0.0000,11.3,0.74,0.06,00:00:19:41,,,,,,,,,,,,
06/12/2025 01:45,06/12/2025 03:25,NZDCAD,Buy,0.010,0.82287,0.82400,-0.0900,0.0000,11.3,0.73,0.06,00:01:40:21,,,,,,,,,,,,
06/12/2025 01:45,06/12/2025 03:21,AUDCAD,Buy,0.010,0.88645,0.88758,-0.0900,0.0000,11.3,0.74,0.06,00:01:36:13,,,,,,,,,,,,
06/11/2025 19:30,06/11/2025 23:03,AUDCAD,Buy,0.010,0.88821,0.88934,-0.0900,0.0000,11.3,0.73,0.06,00:03:32:58,100.0,3h 32m,1.9,0.09,11.3,0.7910000000000001,0.0,0.0,100.0,100.0,0.00,0.00
06/11/2025 02:00,06/11/2025 12:34,NZDCAD,Buy,0.010,0.82544,0.82657,-0.0900,0.0000,11.3,0.74,0.06,00:10:34:57,33.4,3h 32m,16.2,0.78,13.8,0.9660000000000002,-10.7,-0.749,56.3,89.8,-2.50,-0.18
06/11/2025 02:00,06/11/2025 03:40,AUDCAD,Buy,0.010,0.88948,0.89061,-0.0900,0.0000,11.3,0.73,0.06,00:01:40:54,,,,,,,,,,,,
06/09/2025 06:45,06/11/2025 01:49,NZDCAD,Sell,0.010,0.82694,0.82581,-0.0900,0.0000,11.3,0.74,0.06,01:19:04:43,19.8,8h 31m,30.0,1.73,15.7,1.099,-27.1,-1.8970000000000002,36.7,89.7,-4.40,-0.31
06/09/2025 02:15,06/11/2025 01:34,AUDCAD,Sell,0.010,0.89138,0.89025,-0.0900,0.0000,11.3,0.74,0.06,01:23:19:26,13.7,6h 29m,34.3,1.52,19.8,1.3860000000000001,-30.0,-2.1,39.8,82.9,-8.50,-0.60
06/06/2025 15:15,06/06/2025 15:55,NZDCAD,Buy,0.010,0.82257,0.82370,-0.0900,0.0000,11.3,0.73,0.06,00:00:40:14,,,,,,,,,,,,
06/06/2025 02:45,06/06/2025 03:23,NZDCAD,Buy,0.010,0.82399,0.82512,-0.0900,0.0000,11.3,0.73,0.06,00:00:38:26,,,,,,,,,,,,
05/30/2025 07:15,06/02/2025 09:30,AUDCAD,Buy,0.010,0.88642,0.88755,-0.0900,0.0000,11.3,0.74,0.06,03:02:15:21,10.1,7h 29m,38.5,2.23,13.4,0.9380000000000002,-29.9,-2.093,30.9,95.2,-2.10,-0.15
05/30/2025 09:00,06/02/2025 01:33,NZDCAD,Buy,0.010,0.82229,0.82342,-0.0900,0.0000,11.3,0.73,0.06,02:16:33:16,6.3,4h 4m,39.4,2.67,11.3,0.7910000000000001,-30.2,-2.1140000000000003,27.2,100.0,0.00,0.00
05/28/2025 23:00,05/28/2025 23:39,NZDCAD,Sell,0.010,0.82619,0.82506,-0.0900,0.0000,11.3,0.73,0.06,00:00:38:58,,,,,,,,,,,,
05/28/2025 04:00,05/28/2025 04:19,NZDCAD,Sell,0.010,0.82612,0.82499,-0.0900,0.0000,11.3,0.73,0.06,00:00:18:59,,,,,,,,,,,,
05/27/2025 20:00,05/28/2025 00:36,NZDCAD,Sell,0.010,0.82203,0.82090,-0.0900,0.0000,11.3,0.73,0.06,00:04:36:43,100.0,4h 36m,1.5,0.08,12.8,0.8960000000000001,0.0,0.0,100.0,88.3,-1.50,-0.11
05/27/2025 15:00,05/27/2025 16:32,NZDCAD,Buy,0.010,0.81798,0.81911,-0.0900,0.0000,11.3,0.73,0.06,00:01:32:41,,,,,,,,,,,,
05/27/2025 09:00,05/27/2025 12:58,NZDCAD,Buy,0.010,0.82008,0.82121,-0.0900,0.0000,11.3,0.73,0.06,00:03:58:17,,,,,,,,,,,,
05/21/2025 01:15,05/21/2025 09:52,AUDCAD,Sell,0.010,0.89526,0.89412,-0.0900,0.0000,11.4,0.73,0.06,00:08:37:29,37.5,3h 14m,7.6,0.65,11.7,0.8190000000000001,-7.6,-0.532,60.6,98.4,-0.30,-0.02
05/21/2025 00:45,05/21/2025 07:12,NZDCAD,Sell,0.010,0.82559,0.82445,-0.0900,0.0000,11.4,0.73,0.06,00:06:26:59,57.2,3h 41m,11.0,0.50,14.3,1.0010000000000001,-7.2,-0.5040000000000001,66.5,86.5,-2.90,-0.20
05/20/2025 10:30,05/21/2025 01:00,AUDCAD,Buy,0.010,0.89416,0.89530,-0.0900,0.0000,11.4,0.73,0.06,00:14:30:05,20.0,2h 54m,33.1,2.90,11.4,0.7980000000000002,-33.1,-2.317,25.6,100.0,0.00,0.00
05/20/2025 10:45,05/21/2025 00:28,NZDCAD,Buy,0.010,0.82403,0.82517,-0.0900,0.0000,11.4,0.73,0.06,00:13:43:51,50.0,6h 51m,22.9,1.49,15.4,1.078,-22.9,-1.603,40.2,89.6,-4.00,-0.28
05/19/2025 15:45,05/20/2025 09:34,NZDCAD,Sell,0.010,0.82590,0.82476,-0.0900,0.0000,11.4,0.73,0.06,00:17:49:49,38.9,6h 56m,18.6,1.07,13.8,0.9660000000000002,-14.8,-1.0360000000000003,48.3,91.6,-2.40,-0.17
05/19/2025 09:00,05/20/2025 05:41,AUDCAD,Sell,0.010,0.89769,0.89655,-0.0900,0.0000,11.4,0.72,0.06,00:20:41:05,14.3,2h 57m,33.3,1.39,23.9,1.673,-33.3,-2.331,41.8,78.1,-12.50,-0.88
05/19/2025 11:00,05/19/2025 12:46,NZDCAD,Sell,0.010,0.82497,0.82383,-0.0900,0.0000,11.4,0.73,0.06,00:01:46:41,,,,,,,,,,,,
05/16/2025 15:30,05/16/2025 18:45,NZDCAD,Buy,0.010,0.82111,0.82225,-0.0900,0.0000,11.4,0.72,0.06,00:03:15:15,,,,,,,,,,,,
05/16/2025 05:15,05/16/2025 13:03,NZDCAD,Sell,0.010,0.82385,0.82271,-0.0900,0.0000,11.4,0.72,0.06,00:07:48:49,37.5,2h 55m,9.0,0.79,11.4,0.7980000000000002,-9.0,-0.6300000000000001,55.9,100.0,0.00,0.00
05/16/2025 00:45,05/16/2025 02:39,NZDCAD,Buy,0.010,0.81933,0.82047,-0.0900,0.0000,11.4,0.72,0.06,00:01:54:08,,,,,,,,,,,,
05/16/2025 01:00,05/16/2025 01:35,AUDCAD,Buy,0.010,0.89278,0.89392,-0.0900,0.0000,11.4,0.73,0.06,00:00:35:45,,,,,,,,,,,,
05/15/2025 10:30,05/15/2025 12:39,AUDCAD,Buy,0.010,0.89594,0.89708,-0.0900,0.0000,11.4,0.73,0.06,00:02:09:43,,,,,,,,,,,,
05/14/2025 16:45,05/15/2025 01:30,AUDCAD,Buy,0.010,0.89897,0.90011,-0.0900,0.0000,11.4,0.73,0.06,00:08:44:59,22.3,1h 57m,12.0,0.91,13.2,0.924,-12.0,-0.8400000000000001,52.4,92.9,-1.80,-0.13
05/13/2025 16:30,05/14/2025 15:03,AUDCAD,Sell,0.040,0.90367,0.90035,-0.3600,0.0000,33.2,9.15,0.78,00:22:33:46,100.0,22h 33m,26.5,0.03,36.4,10.556,0.0,0.0,100.0,91.2,-3.20,-0.93
05/13/2025 13:45,05/14/2025 15:03,AUDCAD,Sell,0.020,0.90018,0.90035,-0.1800,0.0000,-1.7,-0.42,-0.04,01:01:18:47,3.9,59m,34.4,22.94,1.5,0.21000000000000002,-34.4,-4.816,4.2,91.1,-3.20,-0.45
05/13/2025 07:45,05/14/2025 15:03,AUDCAD,Sell,0.010,0.89690,0.90035,-0.0900,0.0000,-34.5,-2.57,-0.22,01:07:18:46,9.4,2h 56m,70.8,18.69,3.6,0.25200000000000006,-67.2,-4.704000000000001,5.1,46.2,-38.10,-2.67
05/13/2025 03:45,05/14/2025 15:03,AUDCAD,Sell,0.010,0.89295,0.90035,-0.0900,0.0000,-74.0,-5.39,-0.45,01:11:18:47,0.0,0s,106.7,107.53,0.0,0.0,-106.7,-7.469000000000001,0.0,30.6,-74.00,-5.18
05/14/2025 08:15,05/14/2025 13:07,NZDCAD,Sell,0.010,0.82907,0.82793,-0.0900,0.0000,11.4,0.72,0.06,00:04:52:31,100.0,4h 52m,0.0,0.09,11.4,0.7980000000000002,0.0,0.0,100.0,100.0,0.00,0.00
05/12/2025 16:15,05/13/2025 03:15,AUDCAD,Buy,0.010,0.89108,0.89222,-0.0900,0.0000,11.4,0.73,0.06,00:11:00:08,36.4,4h 0m,12.6,0.51,23.9,1.673,-12.3,-0.8610000000000001,66.0,65.5,-12.50,-0.88
05/09/2025 16:00,05/12/2025 07:29,NZDCAD,Sell,0.010,0.82419,0.82305,-0.0900,0.0000,11.4,0.72,0.06,02:15:29:09,85.8,2d 6h ,22.9,0.73,24.9,1.743,-18.1,-1.2670000000000001,57.9,68.6,-13.50,-0.94
05/12/2025 07:15,05/12/2025 07:23,AUDCAD,Sell,0.010,0.89785,0.89671,-0.0900,0.0000,11.4,0.73,0.06,00:00:08:48,,,,,,,,,,,,
05/09/2025 14:30,05/09/2025 14:53,NZDCAD,Sell,0.010,0.82401,0.82287,-0.0900,0.0000,11.4,0.73,0.06,00:00:23:32,,,,,,,,,,,,
05/09/2025 14:30,05/09/2025 14:51,AUDCAD,Sell,0.010,0.89520,0.89406,-0.0900,0.0000,11.4,0.73,0.06,00:00:21:19,,,,,,,,,,,,
05/09/2025 01:30,05/09/2025 07:44,NZDCAD,Buy,0.010,0.82024,0.82138,-0.0900,0.0000,11.4,0.72,0.06,00:06:14:27,100.0,6h 14m,3.1,0.09,11.4,0.7980000000000002,0.0,0.0,100.0,100.0,0.00,0.00
05/08/2025 08:15,05/08/2025 12:42,NZDCAD,Buy,0.010,0.82113,0.82353,-0.0900,0.0000,24.0,1.64,0.14,00:04:27:18,100.0,4h 27m,0.0,0.04,24.0,1.6800000000000002,0.0,0.0,100.0,100.0,0.00,0.00
05/07/2025 13:30,05/08/2025 12:42,NZDCAD,Buy,0.010,0.82466,0.82353,-0.0900,0.0000,-11.3,-0.90,-0.08,00:23:12:17,8.7,2h 1m,44.7,8.51,4.7,0.32900000000000007,-40.0,-2.8000000000000003,10.5,64.2,-16.00,-1.12
05/08/2025 03:15,05/08/2025 05:10,AUDCAD,Sell,0.010,0.89286,0.89173,-0.0900,0.0000,11.3,0.73,0.06,00:01:55:32,,,,,,,,,,,,
05/07/2025 13:30,05/08/2025 01:51,AUDCAD,Buy,0.010,0.89158,0.89271,-0.0900,0.0000,11.3,0.73,0.06,00:12:21:54,16.7,2h 3m,26.1,2.31,11.3,0.7910000000000001,-26.1,-1.8270000000000002,30.2,100.0,0.00,0.00
05/07/2025 01:15,05/07/2025 01:21,NZDCAD,Sell,0.010,0.82920,0.82807,-0.0900,0.0000,11.3,0.73,0.06,00:00:06:28,,,,,,,,,,,,
05/06/2025 22:30,05/06/2025 22:33,AUDCAD,Sell,0.010,0.89710,0.89597,-0.0900,0.0000,11.3,0.73,0.06,00:00:03:39,,,,,,,,,,,,
05/06/2025 06:30,05/06/2025 06:42,AUDCAD,Buy,0.010,0.89114,0.89227,-0.0900,0.0000,11.3,0.72,0.06,00:00:12:15,,,,,,,,,,,,
05/06/2025 04:45,05/06/2025 05:55,NZDCAD,Sell,0.010,0.82645,0.82532,-0.0900,0.0000,11.3,0.73,0.06,00:01:10:04,,,,,,,,,,,,
05/06/2025 00:45,05/06/2025 02:05,NZDCAD,Buy,0.010,0.82279,0.82392,-0.0900,0.0000,11.3,0.73,0.06,00:01:20:36,,,,,,,,,,,,
05/05/2025 01:30,05/05/2025 16:57,NZDCAD,Sell,0.010,0.82491,0.82378,-0.0900,0.0000,11.3,0.73,0.06,00:15:27:39,53.4,8h 15m,36.7,2.13,12.0,0.8400000000000001,-25.6,-1.7920000000000003,31.9,98.1,-0.70,-0.05
05/02/2025 12:45,05/02/2025 15:38,NZDCAD,Sell,0.010,0.82236,0.82123,-0.0900,0.0000,11.3,0.72,0.06,00:02:53:22,,,,,,,,,,,,
05/02/2025 01:00,05/02/2025 06:13,NZDCAD,Sell,0.010,0.81990,0.81877,-0.0900,0.0000,11.3,0.73,0.06,00:05:13:13,,,,,,,,,,,,
05/01/2025 14:00,05/02/2025 04:28,NZDCAD,Buy,0.040,0.81693,0.82022,-0.3600,0.0000,32.9,9.15,0.79,00:14:28:00,,,,,,,,,,,,
04/29/2025 21:38,05/02/2025 04:28,NZDCAD,Buy,0.020,0.82115,0.82022,-0.1800,0.0000,-9.3,-1.52,-0.13,02:06:50:00,0.0,0s,43.3,43.48,0.0,0.0,-43.3,-6.062,0.0,78.5,-9.30,-1.30
04/29/2025 13:15,05/02/2025 04:28,NZDCAD,Buy,0.010,0.82241,0.82022,-0.0900,0.0000,-21.9,-1.68,-0.14,02:15:13:00,0.0,0s,55.9,56.18,0.0,0.0,-55.9,-3.9130000000000003,0.0,60.8,-21.90,-1.53
04/25/2025 09:45,05/02/2025 04:28,NZDCAD,Buy,0.010,0.82726,0.82022,-0.0900,0.0000,-70.4,-5.19,-0.44,06:18:42:58,0.0,0s,104.4,105.26,0.0,0.0,-104.4,-7.308000000000001,0.0,32.6,-70.40,-4.93
04/25/2025 06:15,04/25/2025 07:05,NZDCAD,Buy,0.010,0.82767,0.82880,-0.0900,0.0000,11.3,0.72,0.06,00:00:50:41,,,,,,,,,,,,
04/24/2025 11:15,04/25/2025 06:22,NZDCAD,Sell,0.010,0.82869,0.82756,-0.0900,0.0000,11.3,0.72,0.06,00:19:07:09,20.0,3h 49m,20.5,1.81,11.3,0.7910000000000001,-20.5,-1.435,35.5,100.0,0.00,0.00
04/25/2025 04:00,04/25/2025 06:07,AUDCAD,Sell,0.010,0.88969,0.88730,-0.0900,0.0000,23.9,1.64,0.14,00:02:07:05,,,,,,,,,,,,
04/24/2025 14:30,04/25/2025 06:07,AUDCAD,Sell,0.010,0.88617,0.88730,-0.0900,0.0000,-11.3,-0.90,-0.08,00:15:37:07,,,,,,,,,,,,
04/24/2025 06:00,04/24/2025 06:17,AUDCAD,Buy,0.010,0.88045,0.88158,-0.0900,0.0000,11.3,0.73,0.06,00:00:17:45,,,,,,,,,,,,
04/23/2025 20:45,04/24/2025 03:07,NZDCAD,Buy,0.010,0.82534,0.82647,-0.0900,0.0000,11.3,0.72,0.06,00:06:22:19,,,,,,,,,,,,
04/23/2025 06:15,04/23/2025 08:37,AUDCAD,Sell,0.010,0.88625,0.88512,-0.0900,0.0000,11.3,0.73,0.06,00:02:22:40,,,,,,,,,,,,
04/23/2025 01:30,04/23/2025 01:35,AUDCAD,Sell,0.010,0.88503,0.88390,-0.0900,0.0000,11.3,0.72,0.06,00:00:05:02,100.0,5m,2.6,0.08,12.1,0.8470000000000001,0.0,0.0,100.0,93.4,-0.80,-0.06
04/22/2025 21:01,04/23/2025 00:36,NZDCAD,Buy,0.010,0.82362,0.82601,-0.0900,0.0000,23.9,1.64,0.14,00:03:34:27,65.6,2h 20m,18.1,0.48,25.4,1.778,-12.2,-0.854,67.6,96.0,-1.50,-0.11
04/22/2025 16:00,04/23/2025 00:36,NZDCAD,Buy,0.010,0.82713,0.82601,-0.0900,0.0000,-11.2,-0.90,-0.08,00:08:36:04,11.5,59m,58.9,4.08,11.6,0.812,-47.3,-3.311,19.7,61.3,-22.80,-1.60
04/22/2025 20:00,04/22/2025 23:50,AUDCAD,Buy,0.010,0.87976,0.88221,-0.0900,0.0000,24.5,1.68,0.14,00:03:50:03,68.7,2h 38m,25.1,0.39,25.0,1.7500000000000002,-9.8,-0.6860000000000002,71.8,98.6,-0.50,-0.04
04/22/2025 15:00,04/22/2025 23:50,AUDCAD,Buy,0.010,0.88340,0.88221,-0.0900,0.0000,-11.9,-0.95,-0.08,00:08:50:04,12.1,1h 4m,55.0,5.25,8.8,0.6160000000000001,-46.2,-3.2340000000000004,16.0,62.4,-20.70,-1.45
04/22/2025 05:30,04/22/2025 15:24,NZDCAD,Sell,0.020,0.83164,0.82851,-0.1800,0.0000,31.3,4.35,0.37,00:09:54:30,100.0,9h 54m,24.4,0.03,32.9,4.606,0.0,0.0,100.0,95.1,-1.60,-0.22
04/21/2025 04:00,04/22/2025 15:24,NZDCAD,Sell,0.010,0.82797,0.82851,-0.0900,0.0000,-5.4,-0.48,-0.04,01:11:24:32,5.7,2h 1m,52.3,2.31,15.8,1.106,-36.5,-2.555,30.2,59.5,-21.20,-1.48
04/21/2025 00:15,04/22/2025 15:24,NZDCAD,Sell,0.010,0.82432,0.82851,-0.0900,0.0000,-41.9,-3.12,-0.27,01:15:09:34,4.1,1h 36m,82.1,8.03,9.1,0.637,-73.0,-5.11,11.1,37.9,-51.00,-3.57
04/21/2025 03:45,04/22/2025 13:00,AUDCAD,Sell,0.010,0.88573,0.88460,-0.0900,0.0000,11.3,0.72,0.06,01:09:15:47,18.3,6h 5m,37.6,1.64,17.9,1.2530000000000001,-29.3,-2.051,37.9,86.0,-6.60,-0.46
04/18/2025 03:00,04/21/2025 00:04,NZDCAD,Buy,0.010,0.82300,0.82413,-0.0900,0.0000,11.3,0.73,0.06,02:21:04:56,2.1,1h 27m,29.8,2.50,11.7,0.8190000000000001,-29.3,-2.051,28.5,99.0,-0.40,-0.03
04/17/2025 13:30,04/18/2025 02:50,NZDCAD,Sell,0.010,0.82697,0.82445,-0.0900,0.0000,25.2,1.73,0.15,00:13:20:33,82.8,11h 2m,34.4,0.18,34.9,2.443,-6.4,-0.44800000000000006,84.5,76.5,-9.70,-0.68
04/17/2025 09:45,04/18/2025 02:50,NZDCAD,Sell,0.010,0.82318,0.82445,-0.0900,0.0000,-12.7,-1.01,-0.09,00:17:05:34,0.5,5m,44.3,6.33,7.0,0.49000000000000005,-44.3,-3.101,13.6,61.6,-19.70,-1.38
04/17/2025 05:00,04/17/2025 08:35,AUDCAD,Buy,0.010,0.88046,0.88160,-0.0900,0.0000,11.4,0.74,0.06,00:03:35:54,60.5,2h 10m,12.3,0.69,11.9,0.8330000000000001,-8.2,-0.574,59.2,97.5,-0.50,-0.04
04/10/2025 03:15,04/10/2025 07:38,NZDCAD,Sell,0.010,0.79907,0.79793,-0.0900,0.0000,11.4,0.72,0.06,00:04:23:29,5.4,14m,35.7,3.13,11.4,0.7980000000000002,-35.7,-2.4990000000000006,24.2,100.0,0.00,0.00
04/10/2025 04:45,04/10/2025 07:07,AUDCAD,Sell,0.010,0.87029,0.86915,-0.0900,0.0000,11.4,0.73,0.06,00:02:22:43,31.0,44m,23.8,1.24,14.5,1.0150000000000001,-18.0,-1.2600000000000002,44.6,90.5,-3.10,-0.22
04/09/2025 10:45,04/09/2025 10:59,AUDCAD,Sell,0.010,0.85700,0.85586,-0.0900,0.0000,11.4,0.72,0.06,00:00:14:52,28.6,4m,7.3,0.32,13.9,0.9730000000000001,-4.5,-0.31500000000000006,75.5,86.4,-2.50,-0.18
04/08/2025 23:30,04/09/2025 01:01,NZDCAD,Buy,0.010,0.78635,0.78749,-0.0900,0.0000,11.4,0.71,0.06,00:01:31:28,33.0,30m,33.8,1.95,15.5,1.0850000000000002,-30.2,-2.1140000000000003,33.9,91.0,-4.10,-0.29
04/09/2025 00:15,04/09/2025 00:45,AUDCAD,Buy,0.010,0.84630,0.84923,-0.0900,0.0000,29.3,1.96,0.17,00:00:30:35,46.7,14m,14.0,0.44,32.1,2.2470000000000003,-14.0,-0.9800000000000001,69.6,93.9,-2.80,-0.20
04/08/2025 16:45,04/09/2025 00:45,AUDCAD,Buy,0.010,0.85087,0.84923,-0.0900,0.0000,-16.4,-1.24,-0.11,00:08:00:36,0.7,3m,61.2,39.84,1.5,0.10500000000000001,-59.7,-4.179,2.5,70.8,-17.90,-1.25
04/08/2025 20:45,04/08/2025 20:55,NZDCAD,Buy,0.010,0.78772,0.78886,-0.0900,0.0000,11.4,0.71,0.06,00:00:10:49,90.0,9m,0.4,0.04,11.4,0.7980000000000002,-0.4,-0.028000000000000004,96.6,100.0,0.00,0.00
04/08/2025 07:15,04/08/2025 07:45,NZDCAD,Sell,0.010,0.79593,0.79479,-0.0900,0.0000,11.4,0.72,0.06,00:00:30:08,93.4,28m,14.4,0.30,12.9,0.9030000000000001,-3.9,-0.273,76.8,91.1,-1.50,-0.11
04/08/2025 06:00,04/08/2025 06:05,AUDCAD,Sell,0.010,0.85937,0.85823,-0.0900,0.0000,11.4,0.71,0.06,00:00:05:01,100.0,5m,0.6,0.08,12.0,0.8400000000000001,0.0,0.0,100.0,95.0,-0.60,-0.04
04/08/2025 05:00,04/08/2025 05:15,NZDCAD,Sell,0.010,0.79407,0.79293,-0.0900,0.0000,11.4,0.71,0.06,00:00:15:23,100.0,15m,3.5,0.08,12.7,0.889,0.0,0.0,100.0,89.8,-1.30,-0.09
04/07/2025 16:30,04/07/2025 17:20,NZDCAD,Buy,0.010,0.78526,0.78640,-0.0900,0.0000,11.4,0.72,0.06,00:00:49:54,10.3,5m,16.3,1.16,14.1,0.9870000000000001,-16.3,-1.1410000000000002,46.4,91.1,-2.70,-0.19
04/07/2025 16:30,04/07/2025 17:16,AUDCAD,Buy,0.010,0.84794,0.84908,-0.0900,0.0000,11.4,0.71,0.06,00:00:46:16,15.3,7m,20.2,0.86,22.1,1.5470000000000002,-18.9,-1.323,53.9,73.9,-10.70,-0.75
04/07/2025 13:00,04/07/2025 13:02,AUDCAD,Sell,0.010,0.86618,0.86504,-0.0900,0.0000,11.4,0.71,0.06,00:00:02:17,,,,,,,,,,,,
04/07/2025 12:30,04/07/2025 12:47,AUDCAD,Sell,0.010,0.86492,0.86378,-0.0900,0.0000,11.4,0.71,0.06,00:00:17:45,100.0,17m,7.1,0.09,11.4,0.7980000000000002,0.0,0.0,100.0,100.0,0.00,0.00
04/06/2025 22:05,04/07/2025 03:18,AUDCAD,Buy,0.320,0.85065,0.85788,-2.8800,0.0000,72.3,159.51,16.06,00:05:13:34,95.9,5h 0m,61.0,0.56,72.3,162.67499999999998,-40.5,-91.125,64.1,100.0,0.00,0.00
04/04/2025 15:45,04/07/2025 03:18,AUDCAD,Buy,0.200,0.85573,0.85788,-1.8000,0.0000,21.5,28.38,2.94,02:11:33:44,90.0,2d 5h ,120.1,3.17,28.8,40.32,-91.3,-127.82,24.0,93.9,-7.30,-10.22
04/04/2025 14:45,04/07/2025 03:18,AUDCAD,Buy,0.120,0.85992,0.85788,-1.0800,0.0000,-20.4,-18.26,-1.86,02:12:33:45,0.9,32m,181.6,2.75,48.4,40.656,-133.2,-111.88799999999999,26.7,62.1,-68.80,-57.79
04/04/2025 11:15,04/07/2025 03:18,AUDCAD,Buy,0.080,0.86762,0.85788,-0.7200,0.0000,-97.4,-55.41,-5.34,02:16:03:43,1.8,1h 9m,246.6,5.78,36.4,20.384,-210.2,-117.712,14.8,45.7,-133.80,-74.93
04/04/2025 10:45,04/07/2025 03:18,AUDCAD,Buy,0.040,0.87320,0.85788,-0.3600,0.0000,-153.2,-43.38,-4.01,02:16:33:43,0.0,0s,266.0,270.27,0.0,0.0,-266.0,-74.48,0.0,42.4,-153.20,-42.90
04/04/2025 08:15,04/07/2025 03:18,AUDCAD,Buy,0.020,0.87856,0.85788,-0.1800,0.0000,-206.8,-29.21,-2.63,02:19:03:44,0.2,8m,310.1,129.87,2.4,0.336,-307.7,-43.078,0.8,32.5,-209.20,-29.29
04/04/2025 03:00,04/07/2025 03:18,AUDCAD,Buy,0.010,0.88383,0.85788,-0.0900,0.0000,-259.5,-18.30,-1.62,03:00:18:44,0.0,0s,360.4,370.37,0.0,0.0,-360.4,-25.228,0.0,28.0,-259.50,-18.17
04/04/2025 01:15,04/07/2025 03:18,AUDCAD,Buy,0.010,0.88890,0.85788,-0.0900,0.0000,-310.2,-21.86,-1.90,03:02:03:44,0.0,0s,411.1,416.67,0.0,0.0,-411.1,-28.777000000000005,0.0,24.5,-310.20,-21.71
04/07/2025 00:15,04/07/2025 00:28,NZDCAD,Buy,0.010,0.78814,0.78928,-0.0900,0.0000,11.4,0.71,0.06,00:00:13:12,69.3,9m,15.1,1.24,12.2,0.854,-15.1,-1.0570000000000002,44.7,97.1,-0.80,-0.06
04/03/2025 23:34,,,Withdrawal,0.010,0.00000,0.00000,0.0000,0.0000,0.0,-1.84,0,00:00:00:00,,,,,,,,,,,,
04/03/2025 23:05,,,Withdrawal,0.010,0.00000,0.00000,0.0000,0.0000,0.0,-2.97,0,00:00:00:00,,,,,,,,,,,,
04/03/2025 20:00,04/03/2025 20:49,AUDCAD,Buy,0.010,0.88980,0.89094,-0.0900,0.0000,11.4,0.72,0.06,00:00:49:38,98.0,48m,3.1,0.16,11.4,0.7980000000000002,-1.8,-0.12600000000000003,86.4,100.0,0.00,0.00
04/03/2025 09:45,04/03/2025 10:31,AUDCAD,Sell,0.010,0.89781,0.89667,-0.0900,0.0000,11.4,0.72,0.06,00:00:46:17,82.7,38m,10.8,0.31,13.1,0.917,-4.1,-0.287,76.2,90.1,-1.70,-0.12
04/02/2025 22:00,04/03/2025 09:08,AUDCAD,Buy,0.010,0.89264,0.89571,-0.0900,0.0000,30.7,2.08,0.18,00:11:08:35,81.2,9h 2m,33.2,0.78,31.6,2.212,-24.5,-1.715,56.3,98.4,-0.90,-0.06
04/02/2025 21:00,04/03/2025 09:08,AUDCAD,Buy,0.010,0.89750,0.89571,-0.0900,0.0000,-17.9,-1.36,-0.12,00:12:08:12,0.0,0s,77.4,77.52,0.0,0.0,-77.4,-5.418000000000001,0.0,76.9,-17.90,-1.25
04/02/2025 22:15,04/03/2025 01:01,NZDCAD,Buy,0.010,0.81402,0.81717,-0.0900,0.0000,31.5,2.12,0.18,00:02:46:02,74.7,2h 4m,26.8,0.42,31.5,2.205,-13.2,-0.924,70.5,100.0,0.00,0.00
04/02/2025 20:45,04/03/2025 01:01,NZDCAD,Buy,0.010,0.81904,0.81717,-0.0900,0.0000,-18.7,-1.40,-0.12,00:04:16:01,2.4,6m,84.8,10.46,7.4,0.5180000000000001,-77.4,-5.418000000000001,8.7,69.2,-26.10,-1.83
04/02/2025 20:45,04/02/2025 20:49,AUDCAD,Buy,0.010,0.89775,0.89889,-0.0900,0.0000,11.4,0.71,0.06,00:00:04:01,100.0,4m,7.1,0.05,18.5,1.2950000000000002,0.0,0.0,100.0,61.6,-7.10,-0.50
04/02/2025 09:30,04/02/2025 20:44,NZDCAD,Sell,0.010,0.82158,0.81901,-0.0900,0.0000,25.7,1.71,0.15,00:11:14:47,50.9,5h 43m,29.8,0.68,30.8,2.156,-20.9,-1.463,59.6,90.1,-5.10,-0.36
04/02/2025 02:15,04/02/2025 20:44,NZDCAD,Sell,0.010,0.81771,0.81901,-0.0900,0.0000,-13.0,-1.00,-0.09,00:18:29:52,1.0,11m,52.1,57.14,0.9,0.06300000000000001,-51.2,-3.5840000000000005,1.7,73.3,-13.90,-0.97
04/02/2025 02:30,04/02/2025 20:28,AUDCAD,Sell,0.010,0.90033,0.89919,-0.0900,0.0000,11.4,0.70,0.06,00:17:58:15,2.4,25m,35.9,3.07,11.4,0.7980000000000002,-35.0,-2.45,24.6,100.0,0.00,0.00
03/31/2025 13:30,03/31/2025 17:11,NZDCAD,Buy,0.010,0.81445,0.81559,-0.0900,0.0000,11.4,0.70,0.06,00:03:41:13,62.5,2h 18m,26.9,1.82,12.1,0.8470000000000001,-22.0,-1.54,35.5,97.9,-0.70,-0.05
03/31/2025 07:15,03/31/2025 07:39,NZDCAD,Sell,0.010,0.81924,0.81810,-0.0900,0.0000,11.4,0.71,0.06,00:00:24:00,87.5,21m,3.0,0.06,14.4,1.0080000000000002,-0.9,-0.06300000000000001,94.1,80.4,-3.00,-0.21
03/30/2025 23:35,03/31/2025 06:46,NZDCAD,Buy,0.010,0.81627,0.81867,-0.0900,0.0000,24.0,1.58,0.14,00:07:11:07,88.9,6h 23m,13.1,0.40,24.4,1.708,-9.7,-0.679,71.6,98.8,-0.40,-0.03
03/28/2025 00:45,03/31/2025 06:46,NZDCAD,Buy,0.010,0.81979,0.81867,-0.0900,0.0000,-11.2,-0.88,-0.08,03:06:01:26,1.1,51m,50.2,8.47,5.3,0.371,-44.9,-3.1430000000000002,10.6,67.1,-16.50,-1.16
03/28/2025 03:30,03/28/2025 07:07,AUDCAD,Buy,0.010,0.89946,0.90060,-0.0900,0.0000,11.4,0.70,0.06,00:03:37:46,44.3,1h 36m,5.5,0.47,11.6,0.812,-5.5,-0.385,67.8,98.8,-0.20,-0.01
03/27/2025 06:45,03/28/2025 01:44,NZDCAD,Sell,0.010,0.82022,0.81908,-0.0900,0.0000,11.4,0.71,0.06,00:18:59:24,19.9,3h 46m,30.7,2.12,12.7,0.889,-26.9,-1.883,32.1,96.7,-1.30,-0.09
03/26/2025 20:45,03/26/2025 21:58,NZDCAD,Buy,0.010,0.81721,0.81835,-0.0900,0.0000,11.4,0.71,0.06,00:01:13:52,43.9,32m,11.4,0.80,12.8,0.8960000000000001,-10.2,-0.714,55.7,93.9,-1.40,-0.10
03/26/2025 06:15,03/26/2025 07:16,NZDCAD,Sell,0.010,0.82114,0.82000,-0.0900,0.0000,11.4,0.71,0.06,00:01:01:24,88.6,54m,3.0,0.06,12.9,0.9030000000000001,-0.8,-0.05600000000000001,94.2,89.1,-1.50,-0.11
03/25/2025 19:15,03/26/2025 03:06,NZDCAD,Buy,0.010,0.81906,0.82020,-0.0900,0.0000,11.4,0.71,0.06,00:07:51:37,7.9,37m,18.2,1.57,11.5,0.805,-18.0,-1.2600000000000002,39.0,99.7,-0.10,-0.01
03/25/2025 11:45,03/25/2025 18:40,NZDCAD,Sell,0.010,0.82103,0.81989,-0.0900,0.0000,11.4,0.71,0.06,00:06:55:55,95.5,6h 37m,10.5,0.15,11.9,0.8330000000000001,-1.8,-0.12600000000000003,86.9,96.4,-0.50,-0.04
03/24/2025 14:00,03/25/2025 11:00,NZDCAD,Buy,0.010,0.81952,0.82066,-0.0900,0.0000,11.4,0.71,0.06,00:21:00:25,43.7,9h 10m,27.3,1.97,11.4,0.7980000000000002,-22.5,-1.5750000000000002,33.6,100.0,0.00,0.00
03/24/2025 14:00,03/25/2025 09:25,AUDCAD,Buy,0.010,0.89984,0.90098,-0.0900,0.0000,11.4,0.71,0.06,00:19:25:18,49.0,9h 30m,29.8,2.16,11.4,0.7980000000000002,-24.6,-1.7220000000000002,31.7,100.0,0.00,0.00
03/24/2025 08:45,03/24/2025 11:34,AUDCAD,Sell,0.010,0.90275,0.90161,-0.0900,0.0000,11.4,0.71,0.06,00:02:49:22,98.9,2h 47m,9.6,0.08,12.4,0.8680000000000001,-1.0,-0.07,92.5,92.5,-1.00,-0.07
03/24/2025 03:45,03/24/2025 08:33,NZDCAD,Buy,0.010,0.82120,0.82234,-0.0900,0.0000,11.4,0.70,0.06,00:04:48:28,3.5,10m,0.9,0.09,11.4,0.7980000000000002,0.0,0.0,100.0,100.0,0.00,0.00
03/21/2025 16:15,03/24/2025 08:05,AUDCAD,Buy,0.020,0.89921,0.90208,-0.1800,0.0000,28.7,3.82,0.34,02:15:50:46,100.0,2d 15h ,10.3,0.01,31.0,4.340000000000001,-0.4,-0.05600000000000001,98.7,92.7,-2.30,-0.32
03/20/2025 16:15,03/24/2025 08:05,AUDCAD,Buy,0.010,0.90214,0.90208,-0.0900,0.0000,-0.6,-0.13,-0.01,03:15:50:47,76.0,2d 18h ,41.2,4.42,7.6,0.532,-33.6,-2.3520000000000003,18.4,80.1,-8.20,-0.57
03/20/2025 07:30,03/24/2025 08:05,AUDCAD,Buy,0.010,0.90621,0.90208,-0.0900,0.0000,-41.3,-2.97,-0.26,04:00:35:46,0.6,34m,79.2,15.17,4.9,0.3430000000000001,-74.3,-5.2010000000000005,6.2,41.7,-46.20,-3.23
03/19/2025 20:45,03/20/2025 00:30,AUDCAD,Sell,0.010,0.91077,0.90963,-0.0900,0.0000,11.4,0.70,0.06,00:03:45:00,82.7,3h 6m,17.9,0.16,29.3,2.051,-4.6,-0.322,86.4,47.2,-17.90,-1.25
03/19/2025 07:15,03/19/2025 18:44,AUDCAD,Buy,0.010,0.90846,0.90960,-0.0900,0.0000,11.4,0.71,0.06,00:11:29:55,2.5,17m,32.6,2.86,11.4,0.7980000000000002,-32.6,-2.2820000000000005,25.9,100.0,0.00,0.00
03/19/2025 09:00,03/19/2025 18:23,NZDCAD,Buy,0.010,0.82871,0.82985,-0.0900,0.0000,11.4,0.71,0.06,00:09:23:07,60.6,5h 41m,24.4,1.46,11.4,0.7980000000000002,-16.6,-1.1620000000000001,40.7,100.0,0.00,0.00
03/17/2025 10:00,03/19/2025 08:52,NZDCAD,Sell,0.010,0.82976,0.82862,-0.0900,0.0000,11.4,0.71,0.06,01:22:52:16,3.6,1h 41m,38.0,2.94,11.4,0.7980000000000002,-33.5,-2.345,25.4,100.0,0.00,0.00
03/18/2025 14:30,03/18/2025 15:39,AUDCAD,Buy,0.010,0.90806,0.90920,-0.0900,0.0000,11.4,0.71,0.06,00:01:09:41,100.0,1h 9m,3.6,0.09,11.4,0.7980000000000002,0.0,0.0,100.0,100.0,0.00,0.00
03/17/2025 10:00,03/17/2025 12:35,AUDCAD,Sell,0.010,0.91121,0.91007,-0.0900,0.0000,11.4,0.70,0.06,00:02:35:51,42.0,1h 5m,5.5,0.43,12.7,0.889,-5.5,-0.385,69.8,92.9,-1.30,-0.09
03/13/2025 07:45,03/13/2025 16:47,AUDCAD,Buy,0.010,0.90580,0.90694,-0.0900,0.0000,11.4,0.70,0.06,00:09:02:45,16.3,1h 28m,39.0,2.98,11.4,0.7980000000000002,-34.0,-2.3800000000000003,25.1,100.0,0.00,0.00
03/13/2025 13:15,03/13/2025 14:47,NZDCAD,Buy,0.010,0.81794,0.82070,-0.0900,0.0000,27.6,1.83,0.16,00:01:31:58,94.6,1h 27m,5.1,0.05,29.2,2.044,-1.4,-0.098,95.4,94.8,-1.60,-0.11
03/13/2025 06:45,03/13/2025 14:47,NZDCAD,Buy,0.010,0.82218,0.82070,-0.0900,0.0000,-14.8,-1.12,-0.10,00:08:01:59,0.0,0s,43.8,43.86,0.0,0.0,-43.8,-3.0660000000000003,0.0,66.2,-14.80,-1.04
03/12/2025 12:00,03/12/2025 12:30,NZDCAD,Buy,0.010,0.82227,0.82341,-0.0900,0.0000,11.4,0.70,0.06,00:00:30:17,6.7,2m,8.2,0.66,12.5,0.8750000000000001,-8.2,-0.574,60.4,94.7,-1.10,-0.08
03/12/2025 07:30,03/12/2025 07:58,NZDCAD,Sell,0.010,0.82611,0.82497,-0.0900,0.0000,11.4,0.70,0.06,00:00:28:33,100.0,28m,1.4,0.08,12.8,0.8960000000000001,0.0,0.0,100.0,89.1,-1.40,-0.10
03/11/2025 14:15,03/11/2025 18:47,NZDCAD,Sell,0.010,0.82584,0.82470,-0.0900,0.0000,11.4,0.70,0.06,00:04:32:27,15.1,41m,22.1,1.04,13.8,0.9660000000000002,-14.3,-1.0010000000000001,49.1,91.5,-2.40,-0.17
03/11/2025 14:15,03/11/2025 15:25,AUDCAD,Sell,0.010,0.90984,0.90870,-0.0900,0.0000,11.4,0.70,0.06,00:01:10:44,57.2,40m,14.9,0.54,12.6,0.882,-6.8,-0.47600000000000003,64.9,93.8,-1.20,-0.08
03/10/2025 20:00,03/11/2025 14:01,NZDCAD,Buy,0.010,0.82293,0.82407,-0.0900,0.0000,11.4,0.70,0.06,00:18:01:38,3.8,41m,27.9,1.13,24.7,1.729,-27.9,-1.953,47.0,74.7,-13.30,-0.93
03/10/2025 19:00,03/11/2025 14:01,AUDCAD,Buy,0.010,0.90681,0.90795,-0.0900,0.0000,11.4,0.70,0.06,00:19:01:17,12.8,2h 26m,32.9,0.99,25.4,1.778,-25.1,-1.7570000000000003,50.3,72.3,-14.00,-0.98
03/10/2025 12:30,03/10/2025 18:06,NZDCAD,Sell,0.010,0.82724,0.82441,-0.0900,0.0000,28.3,1.87,0.17,00:05:36:39,88.1,4h 56m,13.8,0.22,29.5,2.0650000000000004,-6.4,-0.44800000000000006,82.2,96.7,-1.20,-0.08
03/10/2025 07:15,03/10/2025 18:06,NZDCAD,Sell,0.010,0.82285,0.82441,-0.0900,0.0000,-15.6,-1.17,-0.10,00:10:51:40,7.1,46m,56.4,8.25,6.1,0.427,-50.3,-3.5210000000000004,10.8,61.5,-21.70,-1.52
03/10/2025 10:15,03/10/2025 18:02,AUDCAD,Sell,0.010,0.90896,0.90782,-0.0900,0.0000,11.4,0.70,0.06,00:07:47:44,7.1,33m,36.1,2.98,11.5,0.805,-34.3,-2.4010000000000002,25.1,99.8,-0.10,-0.01
03/07/2025 16:00,03/09/2025 23:05,AUDCAD,Sell,0.010,0.90660,0.90546,-0.0900,0.0000,11.4,0.71,0.06,02:07:04:57,11.1,6h 6m,15.8,0.49,13.8,0.9660000000000002,-6.7,-0.4690000000000001,67.3,88.3,-2.40,-0.17
03/07/2025 17:15,03/07/2025 17:30,NZDCAD,Sell,0.010,0.82221,0.82107,-0.0900,0.0000,11.4,0.70,0.06,00:00:14:59,100.0,14m,2.4,0.07,13.8,0.9660000000000002,0.0,0.0,100.0,82.6,-2.40,-0.17
03/07/2025 01:15,03/07/2025 15:07,AUDCAD,Buy,0.010,0.90402,0.90516,-0.0900,0.0000,11.4,0.70,0.06,00:13:52:18,6.7,55m,29.7,2.61,11.4,0.7980000000000002,-29.7,-2.079,27.7,100.0,0.00,0.00
03/07/2025 01:45,03/07/2025 13:35,NZDCAD,Buy,0.010,0.81912,0.82026,-0.0900,0.0000,11.4,0.70,0.06,00:11:50:22,7.5,53m,27.6,1.84,13.0,0.9100000000000001,-23.9,-1.673,35.2,95.7,-1.60,-0.11
03/05/2025 16:15,03/07/2025 01:44,NZDCAD,Sell,0.010,0.82230,0.81912,-0.0900,0.0000,31.8,2.14,0.19,01:09:29:45,77.9,1d 2h ,54.1,0.69,36.7,2.5690000000000004,-25.5,-1.7850000000000001,59.0,92.1,-4.90,-0.34
03/05/2025 09:15,03/07/2025 01:44,NZDCAD,Sell,0.010,0.81722,0.81912,-0.0900,0.0000,-19.0,-1.42,-0.13,01:16:29:44,4.4,1h 46m,82.2,12.94,5.9,0.4130000000000001,-76.3,-5.341,7.2,69.7,-24.90,-1.74
03/05/2025 15:45,03/06/2025 15:17,AUDCAD,Sell,0.010,0.90728,0.90614,-0.0900,0.0000,11.4,0.71,0.06,00:23:32:30,4.7,1h 6m,35.6,2.82,11.4,0.7980000000000002,-32.2,-2.2540000000000004,26.1,100.0,0.00,0.00
03/05/2025 09:30,03/05/2025 10:39,AUDCAD,Sell,0.010,0.90459,0.90345,-0.0900,0.0000,11.4,0.70,0.06,00:01:09:03,97.2,1h 7m,3.0,0.17,11.8,0.8260000000000002,-2.0,-0.14,85.5,97.1,-0.40,-0.03
03/04/2025 17:30,03/04/2025 21:25,AUDCAD,Sell,0.010,0.90190,0.90076,-0.0900,0.0000,11.4,0.71,0.06,00:03:55:15,3.5,8m,37.3,3.13,11.4,0.7980000000000002,-35.7,-2.4990000000000006,24.2,100.0,0.00,0.00
03/04/2025 08:45,03/04/2025 09:15,AUDCAD,Buy,0.010,0.89675,0.89789,-0.0900,0.0000,11.4,0.70,0.06,00:00:30:18,96.7,29m,6.2,0.05,12.5,0.8750000000000001,-0.6,-0.042,95.4,91.6,-1.10,-0.08
03/03/2025 17:30,03/04/2025 02:12,AUDCAD,Sell,0.010,0.90039,0.89925,-0.0900,0.0000,11.4,0.69,0.06,00:08:42:51,26.1,2h 16m,32.9,2.14,12.5,0.8750000000000001,-26.7,-1.8690000000000002,31.9,97.2,-1.10,-0.08
02/28/2025 05:15,03/03/2025 17:13,NZDCAD,Buy,0.010,0.80893,0.81155,-0.0900,0.0000,26.2,1.73,0.15,03:11:58:35,71.2,2d 11h ,22.6,0.71,26.3,1.8410000000000002,-18.8,-1.3160000000000003,58.3,99.8,-0.10,-0.01
02/27/2025 22:00,03/03/2025 17:13,NZDCAD,Buy,0.010,0.81289,0.81155,-0.0900,0.0000,-13.4,-1.02,-0.09,03:19:13:11,0.2,10m,59.1,84.03,0.7,0.049,-58.4,-4.088,1.2,76.1,-14.10,-0.99
02/28/2025 10:30,03/03/2025 14:22,AUDCAD,Buy,0.010,0.89681,0.89939,-0.0900,0.0000,25.8,1.70,0.15,03:03:52:53,,,,,,,,,,,,
02/27/2025 21:00,03/03/2025 14:22,AUDCAD,Buy,0.010,0.90069,0.89939,-0.0900,0.0000,-13.0,-0.99,-0.09,03:17:22:57,,,,,,,,,,,,
02/27/2025 04:15,02/27/2025 13:55,NZDCAD,Buy,0.010,0.81566,0.81680,-0.0900,0.0000,11.4,0.70,0.06,00:09:40:41,9.4,54m,17.7,1.55,11.4,0.7980000000000002,-17.7,-1.239,39.2,100.0,0.00,0.00
02/27/2025 04:45,02/27/2025 12:44,AUDCAD,Buy,0.010,0.90274,0.90388,-0.0900,0.0000,11.4,0.71,0.06,00:07:59:27,70.0,5h 35m,14.9,0.53,11.4,0.7980000000000002,-6.0,-0.42000000000000004,65.5,100.0,0.00,0.00
02/27/2025 07:40,,,Withdrawal,0.010,0.00000,0.00000,0.0000,0.0000,0.0,-2.04,0,00:00:00:00,,,,,,,,,,,,
02/26/2025 11:30,02/26/2025 15:55,NZDCAD,Buy,0.010,0.81665,0.81779,-0.0900,0.0000,11.4,0.71,0.06,00:04:25:23,64.6,2h 51m,12.1,0.47,11.4,0.7980000000000002,-5.4,-0.37800000000000006,67.9,100.0,0.00,0.00
02/25/2025 19:15,02/26/2025 11:26,AUDCAD,Sell,0.010,0.90638,0.90524,-0.0900,0.0000,11.4,0.70,0.06,00:16:11:13,31.0,5h 1m,22.2,1.89,11.4,0.7980000000000002,-21.5,-1.5050000000000001,34.7,100.0,0.00,0.00
02/25/2025 20:00,02/26/2025 11:19,NZDCAD,Sell,0.010,0.81804,0.81690,-0.0900,0.0000,11.4,0.70,0.06,00:15:19:02,33.2,5h 5m,19.8,1.44,13.0,0.9100000000000001,-18.7,-1.3090000000000002,41.0,95.0,-1.60,-0.11
02/21/2025 06:00,02/25/2025 19:59,AUDCAD,Buy,0.010,0.90586,0.90700,-0.0900,0.0000,11.4,0.71,0.06,04:13:59:46,8.6,9h 27m,43.9,2.86,11.7,0.8190000000000001,-33.5,-2.345,25.9,99.3,-0.30,-0.02
02/25/2025 16:30,02/25/2025 17:33,NZDCAD,Sell,0.010,0.81762,0.81648,-0.0900,0.0000,11.4,0.71,0.06,00:01:03:43,98.5,1h 2m,3.5,0.01,12.6,0.882,-0.1,-0.007000000000000001,99.2,90.6,-1.20,-0.08
02/25/2025 10:15,02/25/2025 12:53,NZDCAD,Buy,0.010,0.81488,0.81602,-0.0900,0.0000,11.4,0.71,0.06,00:02:38:25,48.8,1h 17m,7.4,0.51,11.5,0.805,-5.9,-0.4130000000000001,66.1,99.4,-0.10,-0.01
02/20/2025 17:30,02/25/2025 10:02,NZDCAD,Sell,0.010,0.81764,0.81506,-0.0900,0.0000,25.8,1.72,0.15,04:16:32:18,98.6,4d 14h ,23.0,0.16,29.9,2.093,-4.7,-0.32900000000000007,86.4,88.2,-4.10,-0.29
02/20/2025 06:00,02/25/2025 10:02,NZDCAD,Sell,0.010,0.81375,0.81506,-0.0900,0.0000,-13.1,-1.00,-0.09,05:04:02:21,1.7,2h 6m,48.2,9.48,4.6,0.322,-43.6,-3.0520000000000005,9.5,63.3,-17.70,-1.24
02/19/2025 06:15,02/19/2025 14:13,NZDCAD,Sell,0.010,0.81213,0.81099,-0.0900,0.0000,11.4,0.71,0.06,00:07:58:46,68.7,5h 28m,13.9,0.64,12.9,0.9030000000000001,-8.3,-0.5810000000000001,60.8,92.9,-1.50,-0.11
02/18/2025 11:30,02/19/2025 02:54,NZDCAD,Buy,0.010,0.80952,0.81066,-0.0900,0.0000,11.4,0.71,0.06,00:15:24:34,16.4,2h 31m,40.3,2.37,14.9,1.0430000000000001,-35.3,-2.471,29.7,93.0,-3.50,-0.25
02/14/2025 15:45,02/18/2025 17:19,NZDCAD,Sell,0.010,0.81149,0.80877,-0.0900,0.0000,27.2,1.83,0.16,04:01:34:29,17.3,16h 52m,43.7,0.91,28.1,1.9670000000000003,-25.7,-1.7990000000000002,52.2,98.3,-0.90,-0.06
02/14/2025 02:45,02/18/2025 17:19,NZDCAD,Sell,0.010,0.80733,0.80877,-0.0900,0.0000,-14.4,-1.10,-0.10,04:14:34:26,5.0,5h 31m,78.1,6.23,10.8,0.7560000000000001,-67.3,-4.711,13.8,67.7,-25.20,-1.76
02/17/2025 04:45,02/18/2025 03:30,AUDCAD,Sell,0.010,0.90213,0.89967,-0.0900,0.0000,24.6,1.64,0.15,00:22:45:36,38.9,8h 51m,29.9,0.52,24.6,1.7220000000000002,-12.8,-0.8960000000000001,65.8,100.0,0.00,0.00
02/14/2025 09:30,02/18/2025 03:30,AUDCAD,Sell,0.010,0.89848,0.89967,-0.0900,0.0000,-11.9,-0.93,-0.08,03:18:00:36,1.6,1h 26m,53.7,11.21,4.4,0.30800000000000005,-49.3,-3.451,8.2,69.6,-16.30,-1.14
02/13/2025 12:30,02/13/2025 19:17,NZDCAD,Buy,0.010,0.80442,0.80556,-0.0900,0.0000,11.4,0.71,0.06,00:06:47:20,25.6,1h 44m,18.2,1.37,11.4,0.7980000000000002,-15.6,-1.092,42.2,100.0,0.00,0.00
02/13/2025 12:30,02/13/2025 15:50,AUDCAD,Buy,0.010,0.89448,0.89562,-0.0900,0.0000,11.4,0.71,0.06,00:03:20:39,36.5,1h 13m,18.2,1.12,11.4,0.7980000000000002,-12.8,-0.8960000000000001,47.1,100.0,0.00,0.00
02/12/2025 10:15,02/12/2025 17:22,AUDCAD,Buy,0.010,0.89799,0.89913,-0.0900,0.0000,11.4,0.71,0.06,00:07:07:04,18.3,1h 18m,41.4,3.26,11.9,0.8330000000000001,-38.8,-2.716,23.5,99.0,-0.50,-0.04
02/07/2025 16:15,02/10/2025 00:58,AUDCAD,Buy,0.010,0.89667,0.89781,-0.0900,0.0000,11.4,0.71,0.06,02:08:43:24,5.1,2h 53m,18.1,1.24,11.9,0.8330000000000001,-14.7,-1.0290000000000001,44.7,98.1,-0.50,-0.04
02/07/2025 15:30,02/09/2025 22:33,NZDCAD,Buy,0.010,0.80978,0.81092,-0.0900,0.0000,11.4,0.70,0.06,02:07:03:28,0.7,23m,28.8,1.79,13.2,0.924,-23.6,-1.6520000000000004,35.9,95.1,-1.80,-0.13
02/05/2025 06:30,02/07/2025 13:45,NZDCAD,Sell,0.010,0.81178,0.81064,-0.0900,0.0000,11.4,0.71,0.06,02:07:14:56,25.6,14h 8m,38.2,2.16,12.9,0.9030000000000001,-27.8,-1.9460000000000002,31.7,96.3,-1.50,-0.11
02/07/2025 02:15,02/07/2025 13:30,AUDCAD,Sell,0.010,0.90025,0.89911,-0.0900,0.0000,11.4,0.71,0.06,00:11:15:28,63.0,7h 5m,17.6,0.63,13.1,0.917,-8.3,-0.5810000000000001,61.2,92.1,-1.70,-0.12
02/06/2025 08:30,02/07/2025 01:16,NZDCAD,Buy,0.010,0.81187,0.81301,-0.0900,0.0000,11.4,0.71,0.06,00:16:46:53,40.3,6h 45m,20.7,1.05,11.4,0.7980000000000002,-12.0,-0.8400000000000001,48.7,100.0,0.00,0.00
02/06/2025 03:45,02/06/2025 04:23,AUDCAD,Buy,0.010,0.89764,0.89878,-0.0900,0.0000,11.4,0.71,0.06,00:00:38:48,86.9,33m,1.8,0.08,11.9,0.8330000000000001,-1.0,-0.07,92.2,96.1,-0.50,-0.04
02/05/2025 15:45,02/06/2025 03:42,AUDCAD,Sell,0.010,0.89897,0.89783,-0.0900,0.0000,11.4,0.70,0.06,00:11:57:40,23.5,2h 48m,19.5,1.25,12.2,0.854,-15.3,-1.0710000000000002,44.4,97.1,-0.80,-0.06
02/05/2025 11:30,02/05/2025 13:16,AUDCAD,Sell,0.010,0.89794,0.89680,-0.0900,0.0000,11.4,0.71,0.06,00:01:45:59,100.0,1h 45m,4.5,0.08,11.8,0.8260000000000002,0.0,0.0,100.0,96.6,-0.40,-0.03
02/04/2025 14:00,02/04/2025 14:56,AUDCAD,Buy,0.010,0.89417,0.89531,-0.0900,0.0000,11.4,0.71,0.06,00:00:56:01,78.6,44m,8.6,0.23,12.6,0.882,-2.9,-0.203,81.3,92.3,-1.20,-0.08
02/03/2025 21:45,02/03/2025 21:45,AUDCAD,Buy,0.010,0.89665,0.89779,-0.0900,0.0000,11.4,0.71,0.06,00:00:00:42,,,,,,,,,,,,
01/30/2025 20:45,01/30/2025 21:54,AUDCAD,Sell,0.010,0.90077,0.89963,-0.0900,0.0000,11.4,0.69,0.06,00:01:09:16,72.5,50m,13.3,0.61,13.2,0.924,-8.1,-0.5670000000000001,62.0,91.5,-1.80,-0.13
01/27/2025 23:30,01/30/2025 20:38,NZDCAD,Buy,0.010,0.81641,0.81755,-0.0900,0.0000,11.4,0.69,0.06,02:21:08:14,1.0,41m,35.0,0.85,39.4,2.758,-33.4,-2.338,54.1,61.5,-28.00,-1.96
01/28/2025 03:45,01/30/2025 20:37,AUDCAD,Buy,0.010,0.90031,0.90145,-0.0900,0.0000,11.4,0.69,0.06,02:16:52:55,7.6,4h 55m,39.2,0.79,44.9,3.1430000000000002,-35.3,-2.471,56.0,58.2,-33.50,-2.35
01/24/2025 02:15,01/28/2025 04:24,NZDCAD,Sell,0.010,0.81705,0.81445,-0.0900,0.0000,26.0,1.72,0.16,04:02:09:08,7.4,7h 15m,35.1,1.01,28.9,2.023,-29.2,-2.044,49.7,95.0,-2.90,-0.20
01/22/2025 09:30,01/28/2025 04:24,NZDCAD,Sell,0.010,0.81312,0.81445,-0.0900,0.0000,-13.3,-1.01,-0.09,05:18:54:12,0.0,0s,66.7,67.11,0.0,0.0,-66.7,-4.6690000000000005,0.0,80.1,-13.30,-0.93
01/24/2025 02:15,01/24/2025 13:44,AUDCAD,Sell,0.010,0.90471,0.90357,-0.0900,0.0000,11.4,0.71,0.06,00:11:29:12,13.3,1h 31m,27.8,1.68,11.4,0.7980000000000002,-19.1,-1.3370000000000002,37.4,100.0,0.00,0.00
01/23/2025 13:45,01/23/2025 16:12,AUDCAD,Sell,0.010,0.90339,0.90092,-0.0900,0.0000,24.7,1.63,0.15,00:02:27:10,91.9,2h 15m,9.3,0.16,24.7,1.729,-3.9,-0.273,86.4,100.0,0.00,0.00
01/22/2025 09:30,01/23/2025 16:12,AUDCAD,Sell,0.010,0.89972,0.90092,-0.0900,0.0000,-12.0,-0.92,-0.08,01:06:42:10,,,,,,,,,,,,
01/22/2025 02:15,01/22/2025 05:55,NZDCAD,Buy,0.010,0.81053,0.81167,-0.0900,0.0000,11.4,0.71,0.06,00:03:40:16,76.4,2h 48m,6.1,0.54,11.4,0.7980000000000002,-6.1,-0.427,65.1,100.0,0.00,0.00
01/21/2025 01:00,01/22/2025 01:14,NZDCAD,Sell,0.010,0.81460,0.81127,-0.0900,0.0000,33.3,2.23,0.20,01:00:14:11,85.9,20h 49m,31.0,0.29,36.5,2.555,-10.6,-0.742,77.5,93.2,-3.20,-0.22
01/20/2025 00:15,01/22/2025 01:14,NZDCAD,Sell,0.010,0.80922,0.81127,-0.0900,0.0000,-20.5,-1.52,-0.14,02:00:59:34,2.1,1h 1m,80.1445,11.25,6.5445,0.45811500000000005,-73.6,-5.152,8.2,66.3,-27.04,-1.89
01/21/2025 02:45,01/21/2025 11:26,AUDCAD,Sell,0.010,0.90087,0.89801,-0.0900,0.0000,28.6,1.89,0.17,00:08:41:41,84.7,7h 21m,19.3,0.15,29.7,2.079,-4.5,-0.31500000000000006,86.8,96.8,-1.10,-0.08
01/17/2025 18:30,01/21/2025 11:26,AUDCAD,Sell,0.010,0.89642,0.89801,-0.0900,0.0000,-15.9,-1.19,-0.11,03:16:56:41,56.8,2d 2h ,59.74278777068,9.41,5.74278777068,0.4019951439476,-54.0,-3.7800000000000002,9.6,63.8,-21.64,-1.51
01/17/2025 04:45,01/17/2025 08:14,NZDCAD,Buy,0.010,0.80546,0.80660,-0.0900,0.0000,11.4,0.70,0.06,00:03:29:49,20.1,42m,12.91608391608,0.97,11.92632050435,0.8348424353045001,-11.6,-0.812,50.7,97.8,-0.53,-0.04
01/16/2025 15:30,01/17/2025 04:35,NZDCAD,Sell,0.010,0.80698,0.80584,-0.0900,0.0000,11.4,0.70,0.06,00:13:05:16,35.8,4h 41m,21.2459192382,1.03,15.8,1.106,-16.3,-1.1410000000000002,49.2,86.3,-4.40,-0.31
01/16/2025 15:30,01/17/2025 04:30,AUDCAD,Sell,0.010,0.89451,0.89337,-0.0900,0.0000,11.4,0.70,0.06,00:13:00:07,79.4,10h 19m,21.1085816626,0.85,13.7,0.9590000000000001,-11.7,-0.8190000000000001,53.9,90.9,-2.30,-0.16
01/16/2025 05:15,01/16/2025 06:54,AUDCAD,Buy,0.010,0.89019,0.89133,-0.0900,0.0000,11.4,0.70,0.06,00:01:39:23,70.8,1h 10m,5.7,0.50,11.4,0.7980000000000002,-5.7,-0.3990000000000001,66.7,100.0,0.00,0.00
01/15/2025 15:00,01/16/2025 03:41,AUDCAD,Sell,0.010,0.89363,0.89121,-0.0900,0.0000,24.2,1.60,0.15,00:12:41:03,99.4,12h 36m,26.3,0.03,25.6,1.7920000000000003,-0.7,-0.049,97.3,94.7,-1.40,-0.10
01/15/2025 08:15,01/16/2025 03:41,AUDCAD,Sell,0.010,0.89006,0.89121,-0.0900,0.0000,-11.5,-0.89,-0.08,00:19:26:02,21.9,4h 15m,46.0,3.79,9.6,0.672,-36.4,-2.548,20.9,54.1,-21.10,-1.48
01/15/2025 08:00,01/15/2025 12:32,NZDCAD,Sell,0.010,0.80552,0.80438,-0.0900,0.0000,11.4,0.71,0.06,00:04:32:41,75.8,3h 26m,9.7,0.48,13.0,0.9100000000000001,-6.2,-0.43400000000000005,67.7,91.7,-1.60,-0.11
01/14/2025 12:15,01/14/2025 13:30,AUDCAD,Buy,0.010,0.88812,0.88926,-0.0900,0.0000,11.4,0.70,0.06,00:01:15:01,56.1,42m,6.9,0.35,11.4,0.7980000000000002,-4.0,-0.28,74.0,100.0,0.00,0.00
01/14/2025 07:00,01/14/2025 13:11,NZDCAD,Sell,0.010,0.80709,0.80452,-0.0900,0.0000,25.7,1.69,0.15,00:06:11:22,75.0,4h 38m,18.0,0.50,27.1,1.8970000000000002,-13.6,-0.9520000000000001,66.6,96.6,-1.40,-0.10
01/13/2025 23:00,01/14/2025 13:11,NZDCAD,Sell,0.010,0.80323,0.80452,-0.0900,0.0000,-12.9,-0.99,-0.09,00:14:11:19,0.0,0s,52.2,52.36,0.0,0.0,-52.2,-3.6540000000000004,0.0,75.3,-12.90,-0.90
01/14/2025 07:45,01/14/2025 10:42,AUDCAD,Sell,0.010,0.89069,0.88955,-0.0900,0.0000,11.4,0.70,0.06,00:02:57:11,71.8,2h 7m,6.8,0.39,13.2,0.924,-5.2,-0.36400000000000005,71.7,90.2,-1.80,-0.13
01/10/2025 13:45,01/13/2025 23:08,NZDCAD,Buy,0.020,0.80046,0.80386,-0.1800,0.0000,34.0,4.55,0.42,03:09:23:11,93.9,3d 4h ,40.4,0.25,35.1,4.914000000000001,-8.8,-1.2320000000000002,80.0,97.5,-1.10,-0.15
01/09/2025 02:00,01/13/2025 23:08,NZDCAD,Buy,0.010,0.80474,0.80386,-0.0900,0.0000,-8.8,-0.70,-0.06,04:21:08:11,19.1,22h 22m,68.9,2.98,17.3,1.211,-51.6,-3.6120000000000005,25.1,62.1,-26.10,-1.83
01/08/2025 01:00,01/13/2025 23:08,NZDCAD,Buy,0.010,0.80823,0.80386,-0.0900,0.0000,-43.7,-3.13,-0.29,05:22:08:10,2.3,3h 16m,92.6,14.18,6.1,0.427,-86.5,-6.055000000000001,6.6,46.2,-49.80,-3.49
01/09/2025 07:45,01/09/2025 09:18,AUDCAD,Buy,0.010,0.88988,0.89102,-0.0900,0.0000,11.4,0.70,0.06,00:01:33:05,74.5,1h 9m,12.8,0.80,11.5,0.805,-9.2,-0.644,55.6,99.5,-0.10,-0.01
01/08/2025 11:45,01/08/2025 14:01,AUDCAD,Buy,0.010,0.89210,0.89324,-0.0900,0.0000,11.4,0.70,0.06,00:02:16:11,34.6,47m,17.5,1.12,12.4,0.8680000000000001,-13.9,-0.9730000000000001,47.1,96.2,-1.00,-0.07
01/08/2025 01:00,01/08/2025 03:51,AUDCAD,Buy,0.010,0.89320,0.89434,-0.0900,0.0000,11.4,0.70,0.06,00:02:50:59,62.0,1h 46m,13.6,1.19,11.4,0.7980000000000002,-13.6,-0.9520000000000001,45.6,100.0,0.00,0.00
01/07/2025 17:15,01/08/2025 00:25,AUDCAD,Buy,0.010,0.89480,0.89594,-0.0900,0.0000,11.4,0.70,0.06,00:07:10:49,73.5,5h 16m,14.4,0.39,11.4,0.7980000000000002,-4.4,-0.30800000000000005,72.2,100.0,0.00,0.00
01/07/2025 03:45,01/07/2025 16:02,NZDCAD,Sell,0.010,0.81101,0.80987,-0.0900,0.0000,11.4,0.71,0.07,00:12:17:20,29.2,3h 35m,36.3,2.26,13.3,0.9310000000000002,-30.1,-2.107,30.6,95.6,-1.90,-0.13
01/07/2025 08:30,01/07/2025 15:02,AUDCAD,Sell,0.010,0.89815,0.89701,-0.0900,0.0000,11.4,0.70,0.06,00:06:32:16,18.2,1h 11m,12.9,0.95,12.3,0.8610000000000001,-11.7,-0.8190000000000001,51.3,96.3,-0.90,-0.06
01/06/2025 20:00,01/07/2025 00:57,NZDCAD,Buy,0.010,0.80825,0.80939,-0.0900,0.0000,11.4,0.71,0.07,00:04:57:38,72.4,3h 35m,6.9,0.24,11.4,0.7980000000000002,-2.7,-0.18900000000000003,80.9,100.0,0.00,0.00
01/06/2025 13:00,01/06/2025 14:06,AUDCAD,Sell,0.010,0.90026,0.89912,-0.0900,0.0000,11.4,0.71,0.07,00:01:06:09,34.9,23m,14.8,1.04,13.5,0.9450000000000001,-14.1,-0.9870000000000001,48.9,92.4,-2.10,-0.15
01/06/2025 13:30,01/06/2025 13:55,NZDCAD,Sell,0.010,0.81316,0.81202,-0.0900,0.0000,11.4,0.70,0.06,00:00:25:20,100.0,25m,2.2,0.08,12.3,0.8610000000000001,0.0,0.0,100.0,92.7,-0.90,-0.06
01/06/2025 05:24,,,Withdrawal,0.010,0.00000,0.00000,0.0000,0.0000,0.0,-4.68,0,00:00:00:00,,,,,,,,,,,,
01/06/2025 00:45,01/06/2025 01:42,NZDCAD,Sell,0.010,0.81164,0.81050,-0.0900,0.0000,11.4,0.70,0.06,00:00:57:05,22.9,13m,9.0,0.64,14.1,0.9870000000000001,-9.0,-0.6300000000000001,61.0,88.3,-2.70,-0.19
12/24/2024 13:15,12/24/2024 14:04,NZDCAD,Sell,0.010,0.81308,0.81194,-0.0900,0.0000,11.4,0.70,0.06,00:00:49:04,98.0,48m,6.6,0.04,14.1,0.9870000000000001,-0.5,-0.035,96.6,81.5,-2.70,-0.19
12/24/2024 03:15,12/24/2024 03:53,AUDCAD,Buy,0.010,0.89575,0.89689,-0.0900,0.0000,11.4,0.70,0.06,00:00:38:17,94.8,36m,2.1,0.12,11.5,0.805,-1.4,-0.098,89.1,99.2,-0.10,-0.01
12/18/2024 23:30,12/23/2024 10:34,AUDCAD,Buy,0.020,0.89762,0.90029,-0.1800,0.0000,26.7,3.54,0.33,04:11:04:46,87.5,3d 21h ,43.6,0.76,26.7,3.7380000000000004,-20.4,-2.856,56.7,100.0,0.00,0.00
12/18/2024 20:00,12/23/2024 10:34,AUDCAD,Buy,0.010,0.89972,0.90029,-0.0900,0.0000,5.7,0.31,0.03,04:14:34:46,2.0,2h 12m,43.6,7.27,5.7,0.3990000000000001,-41.4,-2.898,12.1,100.0,0.00,0.00
12/18/2024 04:30,12/23/2024 10:34,AUDCAD,Buy,0.010,0.90465,0.90029,-0.0900,0.0000,-43.6,-3.12,-0.29,05:06:04:43,3.4,4h 17m,100.6,9.17,9.9,0.6930000000000001,-90.7,-6.349000000000001,9.8,46.8,-53.50,-3.75
12/20/2024 10:30,12/20/2024 19:20,NZDCAD,Buy,0.040,0.81040,0.81332,-0.3600,0.0000,29.2,7.78,0.72,00:08:50:15,69.1,6h 6m,19.6,0.26,29.2,8.176,-7.6,-2.128,79.3,100.0,0.00,0.00
12/18/2024 22:00,12/20/2024 19:20,NZDCAD,Buy,0.020,0.81251,0.81332,-0.1800,0.0000,8.1,0.95,0.09,01:21:19:48,24.7,11h 11m,50.5,1.81,18.0,2.5200000000000005,-32.5,-4.550000000000001,35.6,80.4,-9.90,-1.39
12/18/2024 20:00,12/20/2024 19:20,NZDCAD,Buy,0.010,0.81676,0.81332,-0.0900,0.0000,-34.4,-2.49,-0.23,01:23:20:08,0.9,25m,79.0,18.76,4.0,0.28,-75.0,-5.250000000000001,5.1,51.4,-38.40,-2.69
12/18/2024 08:30,12/20/2024 19:20,NZDCAD,Buy,0.010,0.82102,0.81332,-0.0900,0.0000,-77.0,-5.46,-0.50,02:10:50:17,0.5,17m,120.4,42.02,2.8,0.196,-117.6,-8.232000000000001,2.3,33.7,-79.80,-5.59
12/18/2024 04:15,12/18/2024 06:38,NZDCAD,Buy,0.010,0.82182,0.82296,-0.0900,0.0000,11.4,0.70,0.06,00:02:22:58,60.9,1h 27m,7.2,0.55,11.4,0.7980000000000002,-6.3,-0.441,64.4,100.0,0.00,0.00
12/17/2024 00:00,12/17/2024 00:39,NZDCAD,Sell,0.010,0.82436,0.82322,-0.0900,0.0000,11.4,0.71,0.07,00:00:39:06,100.0,39m,5.0,0.07,13.5,0.9450000000000001,0.0,0.0,100.0,84.4,-2.10,-0.15
12/12/2024 01:30,12/12/2024 11:13,NZDCAD,Sell,0.010,0.82116,0.82002,-0.0900,0.0000,11.4,0.71,0.07,00:09:43:08,47.0,4h 34m,15.2,0.68,14.6,1.022,-9.9,-0.6930000000000001,59.6,86.9,-3.20,-0.22
12/12/2024 03:30,12/12/2024 08:35,AUDCAD,Sell,0.010,0.90750,0.90636,-0.0900,0.0000,11.4,0.72,0.07,00:05:05:41,32.2,1h 38m,17.0,0.97,11.9,0.8330000000000001,-11.5,-0.805,50.9,97.9,-0.50,-0.04
12/11/2024 15:00,12/12/2024 01:10,NZDCAD,Buy,0.040,0.81753,0.82087,-0.3600,0.0000,33.4,9.08,0.85,00:10:10:08,98.9,10h 3m,17.1,0.13,33.9,9.492,-4.5,-1.2600000000000002,88.3,98.7,-0.50,-0.14
12/10/2024 16:15,12/12/2024 01:10,NZDCAD,Buy,0.020,0.82095,0.82087,-0.1800,0.0000,-0.8,-0.29,-0.03,01:08:55:08,35.0,11h 31m,53.4,2.26,16.4,2.296,-37.0,-5.180000000000001,30.7,67.8,-17.20,-2.41
12/10/2024 12:15,12/12/2024 01:10,NZDCAD,Buy,0.010,0.82448,0.82087,-0.0900,0.0000,-36.1,-2.64,-0.25,01:12:55:07,0.5,11m,73.5,60.61,1.2,0.084,-72.3,-5.061,1.6,49.3,-37.30,-2.61
12/10/2024 01:30,12/12/2024 01:10,NZDCAD,Buy,0.010,0.82826,0.82087,-0.0900,0.0000,-73.9,-5.32,-0.49,01:23:40:09,2.5,1h 11m,117.5,14.88,7.4,0.5180000000000001,-110.1,-7.707000000000001,6.3,30.8,-81.30,-5.69
12/11/2024 07:45,12/11/2024 13:30,AUDCAD,Buy,0.010,0.90050,0.90294,-0.0900,0.0000,24.4,1.63,0.15,00:05:45:01,63.5,3h 39m,28.8,0.46,24.4,1.708,-11.3,-0.7910000000000001,68.3,100.0,0.00,0.00
12/10/2024 15:30,12/11/2024 13:30,AUDCAD,Buy,0.010,0.90410,0.90294,-0.0900,0.0000,-11.6,-0.91,-0.08,00:22:00:00,16.3,3h 35m,51.4,10.68,4.4,0.30800000000000005,-47.0,-3.2900000000000005,8.6,68.9,-16.00,-1.12
12/09/2024 10:30,12/10/2024 03:30,AUDCAD,Sell,0.010,0.91137,0.90844,-0.0900,0.0000,29.3,1.98,0.18,00:17:00:37,38.8,6h 35m,34.0,0.47,45.1,3.1570000000000005,-21.3,-1.491,67.9,76.2,-15.80,-1.11
12/09/2024 07:30,12/10/2024 03:30,AUDCAD,Sell,0.010,0.90678,0.90844,-0.0900,0.0000,-16.6,-1.26,-0.12,00:20:00:37,0.0,0s,67.2,67.57,0.0,0.0,-67.2,-4.704000000000001,0.0,75.3,-16.60,-1.16
12/09/2024 15:45,12/10/2024 01:23,NZDCAD,Sell,0.010,0.83086,0.82823,-0.0900,0.0000,26.3,1.76,0.16,00:09:38:40,93.8,9h 2m,11.8,0.11,28.2,1.9740000000000002,-3.1,-0.21700000000000003,90.1,93.9,-1.90,-0.13
12/09/2024 08:00,12/10/2024 01:23,NZDCAD,Sell,0.010,0.82687,0.82823,-0.0900,0.0000,-13.6,-1.05,-0.10,00:17:23:42,0.0,0s,42.2,42.37,0.0,0.0,-42.2,-2.9540000000000006,0.0,67.8,-13.60,-0.95
12/09/2024 04:45,12/09/2024 07:26,NZDCAD,Buy,0.010,0.82310,0.82424,-0.0900,0.0000,11.4,0.72,0.07,00:02:41:21,41.0,1h 6m,8.7,0.59,13.0,0.9100000000000001,-7.7,-0.539,62.8,92.3,-1.60,-0.11
12/06/2024 04:45,12/06/2024 13:32,NZDCAD,Buy,0.010,0.82241,0.82355,-0.0900,0.0000,11.4,0.72,0.07,00:08:47:12,1.0,5m,21.0,1.01,20.2,1.4140000000000001,-20.4,-1.428,49.8,78.3,-8.80,-0.62
12/04/2024 16:30,12/04/2024 19:00,NZDCAD,Sell,0.010,0.82523,0.82409,-0.0900,0.0000,11.4,0.72,0.07,00:02:29:58,95.4,2h 23m,8.1,0.18,11.4,0.7980000000000002,-2.1,-0.14700000000000002,84.4,100.0,0.00,0.00
12/04/2024 10:30,12/04/2024 15:29,AUDCAD,Buy,0.010,0.90220,0.90492,-0.0900,0.0000,27.2,1.85,0.17,00:04:59:41,13.8,41m,23.2,0.77,27.2,1.9040000000000001,-21.0,-1.4700000000000002,56.4,100.0,0.00,0.00
12/04/2024 02:30,12/04/2024 15:29,AUDCAD,Buy,0.010,0.90635,0.90492,-0.0900,0.0000,-14.3,-1.11,-0.10,00:12:59:40,0.2,1m,65.7,19.53,3.2,0.22400000000000003,-62.5,-4.375,4.9,73.4,-17.50,-1.23
12/04/2024 11:00,12/04/2024 15:29,NZDCAD,Buy,0.010,0.82116,0.82371,-0.0900,0.0000,25.5,1.72,0.16,00:04:29:04,24.2,1h 5m,16.6,0.53,25.9,1.8130000000000002,-13.7,-0.9590000000000001,65.4,99.0,-0.40,-0.03
12/04/2024 02:15,12/04/2024 15:29,NZDCAD,Buy,0.010,0.82497,0.82371,-0.0900,0.0000,-12.6,-0.98,-0.09,00:13:14:07,0.0,0s,51.8,51.81,0.0,0.0,-51.8,-3.6260000000000003,0.0,75.7,-12.60,-0.88
12/03/2024 08:30,12/03/2024 13:10,AUDCAD,Sell,0.010,0.91072,0.90958,-0.0900,0.0000,11.4,0.73,0.07,00:04:40:00,46.8,2h 11m,7.6,0.53,13.1,0.917,-7.0,-0.49000000000000005,65.2,91.5,-1.70,-0.12
12/02/2024 13:00,12/03/2024 08:15,AUDCAD,Buy,0.010,0.90967,0.91081,-0.0900,0.0000,11.4,0.72,0.07,00:19:15:50,9.6,1h 50m,24.0,2.11,11.4,0.7980000000000002,-24.0,-1.6800000000000002,32.2,100.0,0.00,0.00
12/03/2024 02:45,12/03/2024 04:09,NZDCAD,Buy,0.010,0.82466,0.82580,-0.0900,0.0000,11.4,0.72,0.07,00:01:24:33,95.3,1h 20m,4.9,0.27,11.4,0.7980000000000002,-3.1,-0.21700000000000003,78.6,100.0,0.00,0.00
11/29/2024 14:00,12/01/2024 23:02,NZDCAD,Sell,0.010,0.82998,0.82754,-0.0900,0.0000,24.4,1.65,0.15,02:09:02:12,98.4,2d 8h ,20.6,0.27,35.2,2.4640000000000004,-9.6,-0.672,78.6,75.9,-10.80,-0.76
11/29/2024 00:45,12/01/2024 23:02,NZDCAD,Sell,0.010,0.82637,0.82754,-0.0900,0.0000,-11.7,-0.93,-0.09,02:22:17:17,3.1,2h 10m,55.3,4.59,9.9,0.6930000000000001,-45.4,-3.1780000000000004,17.9,60.9,-21.60,-1.51
11/29/2024 07:30,11/29/2024 08:08,AUDCAD,Sell,0.010,0.91291,0.91177,-0.0900,0.0000,11.4,0.72,0.07,00:00:38:54,94.8,36m,2.8,0.02,12.9,0.9030000000000001,-0.2,-0.014000000000000002,98.5,88.5,-1.50,-0.11
11/28/2024 10:15,11/28/2024 20:52,NZDCAD,Buy,0.010,0.82457,0.82571,-0.0900,0.0000,11.4,0.72,0.07,00:10:37:13,78.8,8h 22m,12.7,0.54,11.4,0.7980000000000002,-6.1,-0.427,65.1,100.0,0.00,0.00
11/27/2024 07:45,11/28/2024 02:33,NZDCAD,Sell,0.010,0.82699,0.82585,-0.0900,0.0000,11.4,0.72,0.07,00:18:48:15,34.7,6h 31m,30.0,1.98,13.9,0.9730000000000001,-27.5,-1.9250000000000003,33.6,94.0,-2.50,-0.18
11/26/2024 16:00,11/27/2024 01:00,NZDCAD,Buy,0.010,0.81949,0.82063,-0.0900,0.0000,11.4,0.73,0.07,00:09:00:42,52.5,4h 43m,15.3,0.37,26.7,1.8690000000000002,-9.9,-0.6930000000000001,73.0,58.2,-15.30,-1.07
11/26/2024 16:00,11/26/2024 23:00,AUDCAD,Buy,0.010,0.90910,0.91024,-0.0900,0.0000,11.4,0.72,0.07,00:07:00:18,19.8,1h 23m,17.9,1.14,12.5,0.8750000000000001,-14.2,-0.994,46.8,95.9,-1.10,-0.08
11/26/2024 07:30,11/26/2024 14:50,NZDCAD,Sell,0.010,0.82513,0.82221,-0.0900,0.0000,29.2,1.98,0.19,00:07:20:12,78.0,5h 43m,25.8,0.27,31.2,2.184,-8.3,-0.5810000000000001,79.0,94.9,-2.00,-0.14
11/26/2024 00:15,11/26/2024 14:50,NZDCAD,Sell,0.010,0.82057,0.82221,-0.0900,0.0000,-16.4,-1.26,-0.12,00:14:35:15,0.3,2m,55.9,26.95,2.0,0.14,-53.9,-3.773,3.6,67.1,-18.40,-1.29
11/26/2024 04:30,11/26/2024 14:43,AUDCAD,Sell,0.010,0.91589,0.91290,-0.0900,0.0000,29.9,2.02,0.19,00:10:13:30,90.3,9h 13m,23.4,0.14,32.1,2.2470000000000003,-4.4,-0.30800000000000005,87.9,94.0,-2.20,-0.15
11/26/2024 00:00,11/26/2024 14:43,AUDCAD,Sell,0.010,0.91118,0.91290,-0.0900,0.0000,-17.2,-1.31,-0.12,00:14:43:30,0.3,2m,52.5,51.55,1.0,0.07,-51.5,-3.6050000000000004,1.9,65.3,-18.20,-1.27
11/21/2024 17:00,11/26/2024 00:09,NZDCAD,Buy,0.020,0.81686,0.81993,-0.1800,0.0000,30.7,4.17,0.39,04:07:08:51,25.3,1d 2h ,54.1,0.94,33.0,4.62,-31.0,-4.340000000000001,51.6,96.4,-2.30,-0.32
11/21/2024 05:45,11/26/2024 00:09,NZDCAD,Buy,0.010,0.82044,0.81993,-0.0900,0.0000,-5.1,-0.45,-0.04,04:18:23:55,0.3,20m,68.2,47.85,1.4,0.098,-66.8,-4.676,2.1,90.5,-6.50,-0.46
11/20/2024 06:15,11/26/2024 00:09,NZDCAD,Buy,0.010,0.82398,0.81993,-0.0900,0.0000,-40.5,-2.95,-0.28,05:17:53:57,0.0,0s,102.2,103.09,0.0,0.0,-102.2,-7.154000000000001,0.0,60.4,-40.50,-2.84
11/25/2024 13:45,11/25/2024 15:06,NZDCAD,Sell,0.010,0.81870,0.81756,-0.0900,0.0000,11.4,0.73,0.07,00:01:20:59,85.2,1h 8m,8.7,0.26,14.2,0.994,-3.7,-0.25900000000000006,79.3,84.4,-2.80,-0.20
11/22/2024 05:15,11/22/2024 08:03,AUDCAD,Buy,0.010,0.90789,0.90903,-0.0900,0.0000,11.4,0.73,0.07,00:02:48:04,32.2,54m,7.3,0.64,11.4,0.7980000000000002,-7.3,-0.511,61.0,100.0,0.00,0.00
11/21/2024 17:00,11/21/2024 17:38,AUDCAD,Buy,0.010,0.90767,0.90881,-0.0900,0.0000,11.4,0.73,0.07,00:00:38:30,81.6,31m,3.5,0.28,11.8,0.8260000000000002,-3.3,-0.231,78.1,97.4,-0.40,-0.03
11/21/2024 04:00,11/21/2024 05:04,AUDCAD,Sell,0.010,0.91104,0.90990,-0.0900,0.0000,11.4,0.73,0.07,00:01:04:31,98.5,1h 3m,2.4,0.08,12.5,0.8750000000000001,0.0,0.0,100.0,91.2,-1.10,-0.08
11/20/2024 14:30,11/21/2024 00:54,AUDCAD,Buy,0.010,0.90859,0.90973,-0.0900,0.0000,11.4,0.73,0.07,00:10:24:38,80.2,8h 20m,13.7,0.45,11.9,0.8330000000000001,-5.4,-0.37800000000000006,68.8,97.1,-0.50,-0.04
11/19/2024 09:45,11/19/2024 10:39,AUDCAD,Buy,0.010,0.91016,0.91130,-0.0900,0.0000,11.4,0.72,0.07,00:00:54:40,90.8,49m,3.6,0.22,11.4,0.7980000000000002,-2.5,-0.17500000000000002,82.0,100.0,0.00,0.00
11/19/2024 03:30,11/19/2024 08:39,AUDCAD,Sell,0.010,0.91305,0.91191,-0.0900,0.0000,11.4,0.73,0.07,00:05:09:36,71.2,3h 40m,14.9,0.56,13.3,0.9310000000000002,-7.4,-0.5180000000000001,64.3,90.8,-1.90,-0.13
11/18/2024 19:15,11/19/2024 00:45,NZDCAD,Sell,0.010,0.82601,0.82487,-0.0900,0.0000,11.4,0.73,0.07,00:05:30:33,96.7,5h 19m,10.7,0.10,13.1,0.917,-1.3,-0.09100000000000001,91.0,88.2,-1.70,-0.12
11/18/2024 10:30,11/18/2024 14:47,NZDCAD,Buy,0.010,0.82322,0.82436,-0.0900,0.0000,11.4,0.72,0.07,00:04:16:59,46.1,1h 58m,10.3,0.68,11.4,0.7980000000000002,-7.7,-0.539,59.7,100.0,0.00,0.00
11/18/2024 01:00,11/18/2024 03:47,AUDCAD,Sell,0.010,0.91159,0.91045,-0.0900,0.0000,11.4,0.72,0.07,00:02:47:03,100.0,2h 47m,10.4,0.08,11.9,0.8330000000000001,0.0,0.0,100.0,95.8,-0.50,-0.04
11/13/2024 17:45,11/15/2024 10:01,AUDNZD,Sell,0.010,1.10262,1.10147,-0.0800,0.0000,11.5,0.59,0.06,01:16:16:48,28.8,11h 36m,26.3,1.71,11.5,0.69,-19.7,-1.182,36.9,100.0,0.00,0.00
11/14/2024 14:45,11/14/2024 20:04,NZDCAD,Sell,0.010,0.82344,0.82230,-0.0900,0.0000,11.4,0.72,0.07,00:05:19:08,24.2,1h 17m,14.9,0.53,17.7,1.239,-9.4,-0.6580000000000001,65.3,76.8,-6.30,-0.44
11/14/2024 01:15,11/14/2024 14:29,NZDCAD,Buy,0.010,0.82198,0.82312,-0.0900,0.0000,11.4,0.73,0.07,00:13:14:35,7.6,1h 0m,23.0,1.81,11.4,0.7980000000000002,-20.6,-1.4420000000000002,35.6,100.0,0.00,0.00
11/13/2024 15:15,11/13/2024 23:00,AUDCAD,Buy,0.010,0.90799,0.90913,-0.0900,0.0000,11.4,0.72,0.07,00:07:45:25,8.7,40m,21.3,1.52,11.4,0.7980000000000002,-17.3,-1.211,39.7,100.0,0.00,0.00
11/13/2024 07:45,11/13/2024 17:07,AUDNZD,Buy,0.010,1.10079,1.10193,-0.0800,0.0000,11.4,0.59,0.06,00:09:22:06,53.1,4h 58m,15.5,0.86,11.4,0.6839999999999999,-9.8,-0.588,53.8,100.0,0.00,0.00
11/12/2024 15:30,11/13/2024 13:38,NZDCAD,Buy,0.010,0.82728,0.82842,-0.0900,0.0000,11.4,0.73,0.07,00:22:07:55,5.0,1h 6m,29.1,2.55,11.4,0.7980000000000002,-29.1,-2.0370000000000004,28.1,100.0,0.00,0.00
11/12/2024 16:00,11/13/2024 00:19,AUDNZD,Sell,0.010,1.10281,1.10167,-0.0800,0.0000,11.4,0.60,0.06,00:08:18:58,87.8,7h 18m,16.6,0.15,17.6,1.056,-2.6,-0.156,87.1,69.3,-6.20,-0.37
11/12/2024 02:45,11/12/2024 13:03,AUDNZD,Buy,0.010,1.10012,1.10126,-0.0800,0.0000,11.4,0.60,0.06,00:10:18:51,59.3,6h 6m,10.2,0.46,11.4,0.6839999999999999,-5.2,-0.312,68.7,100.0,0.00,0.00
11/11/2024 16:45,11/11/2024 23:50,AUDCAD,Buy,0.010,0.91449,0.91563,-0.0900,0.0000,11.4,0.73,0.07,00:07:05:06,89.5,6h 20m,9.4,0.28,11.4,0.7980000000000002,-3.2,-0.22400000000000003,78.1,100.0,0.00,0.00
11/08/2024 16:15,11/11/2024 03:15,NZDCAD,Buy,0.010,0.83028,0.83142,-0.0900,0.0000,11.4,0.73,0.07,02:11:00:15,2.5,1h 28m,70.7,6.18,11.4,0.7980000000000002,-70.5,-4.9350000000000005,13.9,100.0,0.00,0.00
11/08/2024 17:15,11/11/2024 00:00,AUDCAD,Buy,0.010,0.91371,0.91625,-0.0900,0.0000,25.4,1.73,0.16,02:06:45:47,99.9,2d 6h ,21.03229204385,0.11,25.4,1.778,-2.85045919706,-0.19953214379420003,89.9,100.0,0.00,0.00
11/08/2024 15:30,11/11/2024 00:00,AUDCAD,Buy,0.010,0.91751,0.91625,-0.0900,0.0000,-12.6,-1.00,-0.09,02:08:30:54,0.1,3m,42.37235069586,69.93,0.6,0.042,-41.77235069586,-2.9240645487102004,1.4,68.8,-13.20,-0.92
11/06/2024 17:00,11/08/2024 14:45,AUDNZD,Sell,0.010,1.10584,1.10470,-0.0800,0.0000,11.4,0.60,0.06,01:21:45:44,23.4,10h 42m,42.0,1.53,19.4,1.164,-29.6,-1.776,39.6,83.7,-8.00,-0.48
11/08/2024 11:04,,,Withdrawal,0.010,0.00000,0.00000,0.0000,0.0000,0.0,-3.05,0,00:00:00:00,,,,,,,,,,,,
11/08/2024 08:15,11/08/2024 08:31,AUDCAD,Buy,0.010,0.92166,0.92280,-0.0900,0.0000,11.4,0.73,0.07,00:00:16:00,93.8,15m,6.64487320692,0.45,12.33175369936,0.8632227589552001,-5.6,-0.392,68.8,94.8,-0.93,-0.07
11/07/2024 13:15,11/08/2024 08:09,AUDCAD,Sell,0.010,0.92430,0.92134,-0.0900,0.0000,29.6,2.04,0.19,00:18:54:41,44.3,8h 22m,34.7914893617,0.76,34.53444060924,2.4174108426468,-26.1,-1.8270000000000002,57.0,91.9,-4.93,-0.35
11/07/2024 03:30,11/08/2024 08:09,AUDCAD,Sell,0.010,0.91964,0.92134,-0.0900,0.0000,-17.0,-1.32,-0.13,01:04:39:41,3.3,56m,76.7,18.18,4.0,0.28,-72.7,-5.089,5.2,72.6,-21.00,-1.47
11/06/2024 18:45,11/06/2024 19:38,AUDCAD,Sell,0.010,0.91843,0.91729,-0.0900,0.0000,11.4,0.73,0.07,00:00:53:55,88.7,47m,7.04757167048,0.07,15.3,1.0710000000000002,-1.07530393985,-0.0752712757895,93.4,76.2,-3.90,-0.27
11/06/2024 03:45,11/06/2024 05:21,NZDCAD,Buy,0.010,0.82557,0.82671,-0.0900,0.0000,11.4,0.73,0.07,00:01:36:05,21.9,21m,16.7,1.08,15.5,1.0850000000000002,-16.7,-1.169,48.1,87.3,-4.10,-0.29
11/06/2024 04:00,11/06/2024 05:11,AUDCAD,Buy,0.020,0.90774,0.91128,-0.1800,0.0000,35.4,4.92,0.47,00:01:11:27,94.4,1h 7m,11.84947797075,0.10,38.3,5.362,-3.68683539848,-0.5161569557872,91.2,93.1,-2.90,-0.41
11/06/2024 02:45,11/06/2024 05:11,AUDCAD,Buy,0.010,0.91205,0.91128,-0.0900,0.0000,-7.7,-0.65,-0.06,00:02:26:30,2.1,3m,51.0,33.00,1.5,0.10500000000000001,-49.5,-3.4650000000000003,2.9,82.0,-9.20,-0.64
11/06/2024 00:45,11/06/2024 05:11,AUDCAD,Buy,0.010,0.91601,0.91128,-0.0900,0.0000,-47.3,-3.50,-0.33,00:04:26:30,0.0,0s,89.1,89.29,0.0,0.0,-89.1,-6.237,0.0,46.9,-47.30,-3.31
11/06/2024 02:45,11/06/2024 03:20,NZDCAD,Buy,0.010,0.82690,0.82804,-0.0900,0.0000,11.4,0.73,0.07,00:00:35:25,25.8,9m,11.38066149914,0.71,16.1,1.1270000000000002,-11.38066149914,-0.7966463049398002,58.6,82.9,-4.70,-0.33
11/06/2024 02:30,11/06/2024 02:31,AUDNZD,Buy,0.010,1.10262,1.10376,-0.0800,0.0000,11.4,0.60,0.06,00:00:01:51,,,,,,,,,,,,
11/06/2024 00:15,11/06/2024 00:53,AUDNZD,Buy,0.010,1.10336,1.10450,-0.0800,0.0000,11.4,0.60,0.06,00:00:38:11,89.5,34m,7.1,0.33,11.40945669734,0.6845674018404,-3.8,-0.22799999999999998,75.0,99.9,-0.01,0.00
11/05/2024 12:30,11/06/2024 00:02,AUDNZD,Sell,0.010,1.10460,1.10346,-0.0800,0.0000,11.4,0.61,0.06,00:11:32:51,30.3,3h 29m,98.7,0.27,95.4,5.724,-25.7,-1.5419999999999998,78.8,30.6,-84.00,-5.04
11/05/2024 07:15,11/05/2024 23:00,AUDCAD,Sell,0.010,0.91818,0.91704,-0.0900,0.0000,11.4,0.74,0.07,00:15:45:44,21.2,3h 20m,21.34050063291,0.94,19.5,1.3650000000000002,-18.34050063291,-1.2838350443037,51.5,78.6,-8.10,-0.57
11/04/2024 17:00,11/05/2024 01:49,AUDCAD,Buy,0.010,0.91503,0.91617,-0.0900,0.0000,11.4,0.73,0.07,00:08:48:59,73.7,6h 29m,16.41742454198,0.69,12.06578276087,0.8446047932609001,-8.3,-0.5810000000000001,59.2,96.7,-0.67,-0.05
11/01/2024 04:45,11/01/2024 15:54,AUDNZD,Buy,0.010,1.09951,1.10065,-0.0800,0.0000,11.4,0.60,0.06,00:11:09:19,35.5,3h 57m,22.8,1.29,11.75229146041,0.7051374876245999,-15.1,-0.9059999999999999,43.8,98.7,-0.35,-0.02
11/01/2024 12:45,11/01/2024 14:17,NZDCAD,Sell,0.010,0.83351,0.83237,-0.0900,0.0000,11.4,0.73,0.07,00:01:32:37,85.9,1h 19m,11.44977511244,0.44,12.28848922585,0.8601942458095001,-5.34977511244,-0.37448425787080003,69.7,95.0,-0.89,-0.06
10/28/2024 23:45,11/01/2024 00:20,AUDNZD,Buy,0.010,1.09945,1.10219,-0.0800,0.0000,27.4,1.56,0.15,03:00:35:29,55.6,1d 16h ,47.2,1.30,27.4,1.644,-35.5,-2.13,43.6,100.0,0.00,0.00
10/28/2024 11:30,11/01/2024 00:20,AUDNZD,Buy,0.010,1.10365,1.10219,-0.0800,0.0000,-14.6,-0.95,-0.09,03:12:50:34,0.0,0s,71.6,71.94,0.0,0.0,-71.6,-4.295999999999999,0.0,79.6,-14.60,-0.88
10/31/2024 20:45,11/01/2024 00:02,NZDCAD,Sell,0.010,0.83301,0.83187,-0.0900,0.0000,11.4,0.72,0.07,00:03:17:42,99.5,3h 16m,10.49363009727,0.03,15.1,1.0570000000000002,-0.39363009727,-0.0275541068089,97.5,76.1,-3.70,-0.26
10/30/2024 08:15,10/31/2024 13:19,AUDCAD,Sell,0.010,0.91412,0.91298,-0.0900,0.0000,11.4,0.73,0.07,01:05:04:33,26.5,7h 42m,31.72563749184,2.57,12.34593870286,0.8642157092002001,-31.72563749184,-2.2207946244288004,28.0,97.9,-0.95,-0.07
10/30/2024 03:45,10/30/2024 08:00,AUDCAD,Buy,0.010,0.91063,0.91321,-0.0900,0.0000,25.8,1.76,0.17,00:04:15:49,58.1,2h 28m,8.6,0.28,25.8,1.8060000000000003,-7.3,-0.511,77.9,100.0,0.00,0.00
10/28/2024 18:00,10/30/2024 08:00,AUDCAD,Buy,0.010,0.91451,0.91321,-0.0900,0.0000,-13.0,-1.03,-0.10,01:14:00:50,2.9,1h 6m,47.41699346405,30.67,1.5,0.10500000000000001,-45.91699346405,-3.2141895424835005,3.2,69.4,-14.50,-1.02
10/28/2024 11:00,10/28/2024 17:55,NZDCAD,Sell,0.010,0.83119,0.83005,-0.0900,0.0000,11.4,0.73,0.07,00:06:55:54,26.8,1h 51m,15.5,1.11,12.7,0.889,-14.1,-0.9870000000000001,47.4,95.1,-1.30,-0.09
10/28/2024 04:30,10/28/2024 08:30,NZDCAD,Buy,0.010,0.82862,0.82976,-0.0900,0.0000,11.4,0.74,0.07,00:04:00:00,76.7,3h 4m,8.7,0.35,11.4,0.7980000000000002,-4.0,-0.28,74.0,100.0,0.00,0.00
10/28/2024 03:45,10/28/2024 08:19,AUDCAD,Buy,0.010,0.91580,0.91694,-0.0900,0.0000,11.4,0.73,0.07,00:04:34:12,58.4,2h 40m,8.7,0.76,11.4,0.7980000000000002,-8.7,-0.609,56.7,100.0,0.00,0.00
10/25/2024 18:15,10/27/2024 23:23,NZDCAD,Buy,0.010,0.83016,0.83130,-0.0900,0.0000,11.4,0.73,0.07,02:05:08:19,4.3,2h 17m,12.8,0.93,11.4,0.7980000000000002,-10.6,-0.742,51.8,100.0,0.00,0.00
10/25/2024 17:45,10/27/2024 21:51,AUDCAD,Buy,0.010,0.91729,0.91843,-0.0900,0.0000,11.4,0.73,0.07,02:04:06:49,4.2,2h 11m,7.6,0.28,11.4,0.7980000000000002,-3.2,-0.22400000000000003,78.1,100.0,0.00,0.00
10/25/2024 14:30,10/25/2024 15:44,NZDCAD,Sell,0.010,0.83288,0.83175,-0.0900,0.0000,11.3,0.72,0.07,00:01:14:23,100.0,1h 14m,5.0,0.08,12.4,0.8680000000000001,0.0,0.0,100.0,91.1,-1.10,-0.08
10/25/2024 14:30,10/25/2024 15:39,AUDCAD,Sell,0.010,0.92057,0.91944,-0.0900,0.0000,11.3,0.72,0.07,00:01:09:09,75.4,52m,7.0,0.11,12.6,0.882,-1.4,-0.098,90.0,90.7,-1.30,-0.09
10/25/2024 03:30,10/25/2024 12:42,NZDCAD,Buy,0.010,0.83068,0.83181,-0.0900,0.0000,11.3,0.73,0.07,00:09:12:40,45.5,4h 11m,12.8,1.13,11.3,0.7910000000000001,-12.8,-0.8960000000000001,46.9,100.0,0.00,0.00
10/25/2024 03:30,10/25/2024 05:24,AUDNZD,Sell,0.010,1.10556,1.10442,-0.0800,0.0000,11.4,0.60,0.06,00:01:54:42,90.4,1h 43m,6.9,0.10,12.2,0.732,-1.2,-0.072,91.0,94.0,-0.80,-0.05
10/24/2024 07:15,10/25/2024 00:19,NZDCAD,Sell,0.010,0.83259,0.83146,-0.0900,0.0000,11.3,0.73,0.07,00:17:04:37,43.2,7h 22m,21.8,0.79,12.7,0.889,-10.0,-0.7000000000000001,55.9,93.8,-1.40,-0.10
10/24/2024 15:45,10/24/2024 16:34,AUDCAD,Buy,0.010,0.91779,0.91892,-0.0900,0.0000,11.3,0.72,0.07,00:00:49:02,91.9,45m,5.3,0.06,12.9,0.9030000000000001,-0.8,-0.05600000000000001,94.2,88.3,-1.60,-0.11
10/24/2024 07:15,10/24/2024 14:49,AUDCAD,Sell,0.010,0.91969,0.91856,-0.0900,0.0000,11.3,0.73,0.07,00:07:34:28,81.5,6h 10m,10.2,0.35,15.3,1.0710000000000002,-5.4,-0.37800000000000006,73.9,80.7,-4.00,-0.28
10/17/2024 15:00,10/21/2024 15:05,AUDCAD,Sell,0.010,0.92350,0.92237,-0.0900,0.0000,11.3,0.73,0.07,04:00:05:13,2.4,2h 18m,50.3,3.10,13.7,0.9590000000000001,-42.5,-2.975,24.4,95.7,-2.40,-0.17
10/17/2024 15:00,10/18/2024 20:20,AUDNZD,Sell,0.010,1.10532,1.10418,-0.0800,0.0000,11.4,0.62,0.06,01:05:20:35,58.6,17h 11m,29.7,1.15,13.8,0.828,-15.9,-0.954,46.5,91.9,-2.40,-0.14
10/17/2024 10:30,10/17/2024 12:30,NZDCAD,Sell,0.010,0.83610,0.83497,-0.0900,0.0000,11.3,0.73,0.07,00:02:00:23,46.7,56m,9.1,0.35,16.3,1.1410000000000002,-5.7,-0.3990000000000001,74.1,77.3,-5.00,-0.35
10/17/2024 11:00,10/17/2024 12:30,AUDCAD,Sell,0.010,0.92269,0.92156,-0.0900,0.0000,11.3,0.73,0.07,00:01:30:27,62.7,56m,5.5,0.25,12.2,0.854,-3.1,-0.21700000000000003,79.7,94.1,-0.90,-0.06
10/16/2024 13:45,10/17/2024 01:38,AUDCAD,Buy,0.010,0.91919,0.92172,-0.0900,0.0000,25.3,1.75,0.17,00:11:53:42,10.6,1h 15m,37.1,1.42,25.3,1.7710000000000001,-35.8,-2.5060000000000002,41.4,100.0,0.00,0.00
10/15/2024 22:15,10/17/2024 01:38,AUDCAD,Buy,0.010,0.92298,0.92172,-0.0900,0.0000,-12.6,-1.00,-0.10,01:03:23:46,1.0,16m,74.3,73.53,1.0,0.07,-73.3,-5.131,1.3,81.7,-13.60,-0.95
10/16/2024 09:30,10/17/2024 00:30,AUDNZD,Buy,0.010,1.10147,1.10261,-0.0800,0.0000,11.4,0.61,0.06,00:15:00:16,1.2,10m,27.7,2.08,13.29251009089,0.7975506054534,-27.7,-1.662,32.4,95.4,-1.89,-0.11
10/16/2024 00:00,10/16/2024 01:50,NZDCAD,Buy,0.010,0.83418,0.83531,-0.0900,0.0000,11.3,0.73,0.07,00:01:50:04,26.4,29m,13.0,0.96,13.57044783539,0.9499313484773001,-13.0,-0.9100000000000001,51.1,91.5,-2.27,-0.16
10/15/2024 09:15,10/15/2024 21:57,AUDNZD,Buy,0.010,1.10233,1.10347,-0.0800,0.0000,11.4,0.61,0.06,00:12:42:43,33.6,4h 16m,30.1,1.00,25.0,1.5,-25.0,-1.5,50.0,72.8,-13.60,-0.82
10/11/2024 15:15,10/15/2024 20:53,NZDCAD,Sell,0.020,0.84057,0.83748,-0.1800,0.0000,30.9,4.31,0.42,04:05:38:24,87.5,3d 16h ,53.4,0.82,30.9,4.635,-25.3,-3.795,55.0,100.0,0.00,0.00
10/10/2024 13:30,10/15/2024 20:53,NZDCAD,Sell,0.010,0.83697,0.83748,-0.0900,0.0000,-5.1,-0.46,-0.04,05:07:23:32,5.0,6h 22m,77.0,3.90,15.7,1.099,-61.3,-4.291,20.4,73.0,-20.80,-1.46
10/10/2024 01:45,10/15/2024 20:53,NZDCAD,Sell,0.010,0.83331,0.83748,-0.0900,0.0000,-41.7,-3.12,-0.30,05:19:08:37,0.4,33m,101.0,31.65,3.1,0.21700000000000003,-97.9,-6.853000000000001,3.1,55.6,-44.80,-3.14
10/15/2024 00:45,10/15/2024 03:40,AUDNZD,Sell,0.010,1.10495,1.10381,-0.0800,0.0000,11.4,0.62,0.06,00:02:55:35,81.2,2h 22m,9.3,0.25,12.6,0.756,-3.2,-0.192,79.7,92.4,-1.20,-0.07
10/14/2024 13:00,10/14/2024 13:49,AUDNZD,Buy,0.010,1.10387,1.10501,-0.0800,0.0000,11.4,0.61,0.06,00:00:49:18,44.9,22m,8.8,0.36,11.4,0.6839999999999999,-4.1,-0.24599999999999997,73.5,100.0,0.00,0.00
10/14/2024 12:30,10/14/2024 13:44,NZDCAD,Buy,0.010,0.83780,0.83893,-0.0900,0.0000,11.3,0.73,0.07,00:01:14:30,73.0,54m,6.8,0.27,12.8,0.8960000000000001,-3.4,-0.23800000000000002,79.0,90.7,-1.50,-0.11
10/11/2024 15:15,10/14/2024 11:28,AUDCAD,Sell,0.020,0.92983,0.92651,-0.1800,0.0000,33.2,4.63,0.45,02:20:13:01,97.6,2d 18h ,24.7,0.16,35.5,4.970000000000001,-5.8,-0.812,86.0,94.4,-2.30,-0.32
10/10/2024 15:45,10/14/2024 11:28,AUDCAD,Sell,0.010,0.92580,0.92651,-0.0900,0.0000,-7.1,-0.60,-0.06,03:19:43:01,4.2,3h 51m,60.7,3.16,14.6,1.022,-46.1,-3.2270000000000003,24.1,64.3,-21.70,-1.52
10/10/2024 02:45,10/14/2024 11:28,AUDCAD,Sell,0.010,0.92211,0.92651,-0.0900,0.0000,-44.0,-3.27,-0.32,04:08:43:03,0.2,12m,85.1,39.53,2.1,0.14700000000000002,-83.0,-5.8100000000000005,2.5,45.8,-46.10,-3.23
10/14/2024 00:00,,,Withdrawal,0.010,0.00000,0.00000,0.0000,0.0000,0.0,-2.80,0,00:00:00:00,,,,,,,,,,,,
10/09/2024 13:15,10/09/2024 19:25,NZDCAD,Buy,0.010,0.82950,0.83063,-0.0900,0.0000,11.3,0.73,0.07,00:06:10:14,73.8,4h 33m,14.0,0.65,11.3,0.7910000000000001,-7.3,-0.511,60.8,100.0,0.00,0.00
10/09/2024 11:00,10/09/2024 13:40,AUDNZD,Sell,0.010,1.10808,1.10694,-0.0800,0.0000,11.4,0.61,0.06,00:02:40:25,75.7,2h 1m,11.2,0.44,11.4,0.6839999999999999,-5.0,-0.3,69.5,100.0,0.00,0.00
10/09/2024 03:30,10/09/2024 04:14,AUDNZD,Sell,0.010,1.10564,1.10450,-0.0800,0.0000,11.4,0.62,0.06,00:00:44:36,75.0,33m,19.3,0.86,12.7,0.7619999999999999,-10.9,-0.654,53.8,94.5,-1.30,-0.08
10/08/2024 20:00,10/09/2024 01:02,NZDCAD,Sell,0.010,0.83731,0.83618,-0.0900,0.0000,11.3,0.73,0.07,00:05:02:33,49.4,2h 29m,40.0,0.17,34.3,2.4010000000000002,-5.7,-0.3990000000000001,85.8,42.5,-23.00,-1.61
10/08/2024 22:00,10/08/2024 23:18,AUDNZD,Buy,0.010,1.09893,1.10007,-0.0800,0.0000,11.4,0.62,0.06,00:01:18:09,43.6,34m,15.33133200661,1.13,11.8,0.708,-13.3,-0.798,47.0,98.4,-0.40,-0.02
10/07/2024 15:15,10/08/2024 19:38,NZDCAD,Buy,0.040,0.83336,0.83677,-0.3600,0.0000,34.1,9.63,0.95,01:04:23:03,93.6,1d 2h ,35.25643281284,0.19,35.25497119039,10.2239416452131,-6.6,-1.9139999999999997,84.2,97.2,-1.15,-0.33
10/04/2024 12:45,10/08/2024 19:38,NZDCAD,Buy,0.020,0.83704,0.83677,-0.1800,0.0000,-2.7,-0.57,-0.06,04:06:53:03,3.4,3h 29m,52.87481945113,4.58,9.47481945113,1.3264747231582,-43.4,-6.0760000000000005,17.9,77.0,-12.17,-1.70
10/04/2024 09:15,10/08/2024 19:38,NZDCAD,Buy,0.010,0.84051,0.83677,-0.0900,0.0000,-37.4,-2.83,-0.28,04:10:23:07,2.4,2h 33m,84.3,12.61,6.2,0.43400000000000005,-78.1,-5.4670000000000005,7.4,48.3,-43.60,-3.05
10/03/2024 00:30,10/08/2024 19:38,NZDCAD,Buy,0.010,0.84403,0.83677,-0.0900,0.0000,-72.6,-5.41,-0.53,05:19:08:08,0.8,1h 6m,117.1,29.85,3.8,0.266,-113.3,-7.931000000000001,3.2,34.8,-76.40,-5.35
10/08/2024 02:30,10/08/2024 07:50,AUDCAD,Buy,0.010,0.91732,0.91845,-0.0900,0.0000,11.3,0.74,0.07,00:05:20:38,45.7,2h 26m,26.15329530283,1.29,13.04935173398,0.9134546213786001,-16.82153738682,-1.1775076170774001,43.7,94.1,-1.75,-0.12
10/07/2024 15:15,10/08/2024 00:54,AUDCAD,Buy,0.010,0.92030,0.92143,-0.0900,0.0000,11.3,0.74,0.07,00:09:38:57,25.5,2h 27m,13.00469052028,0.91,11.3,0.7910000000000001,-10.28955546548,-0.7202688825836,52.3,100.0,0.00,0.00
10/07/2024 09:15,10/07/2024 12:06,AUDCAD,Buy,0.010,0.92187,0.92300,-0.0900,0.0000,11.3,0.74,0.07,00:02:51:41,87.8,2h 30m,16.1,0.77,11.3,0.7910000000000001,-8.7,-0.609,56.5,100.0,0.00,0.00
10/04/2024 16:15,10/04/2024 19:32,AUDCAD,Buy,0.010,0.92214,0.92327,-0.0900,0.0000,11.3,0.75,0.07,00:03:17:00,91.4,3h 0m,6.6,0.38,11.7,0.8190000000000001,-4.4,-0.30800000000000005,72.7,97.5,-0.40,-0.03
10/04/2024 12:45,10/04/2024 13:17,AUDNZD,Sell,0.010,1.10470,1.10356,-0.0800,0.0000,11.4,0.62,0.06,00:00:32:22,100.0,32m,7.6,0.08,13.2,0.7919999999999999,0.0,0.0,100.0,86.4,-1.80,-0.11
10/03/2024 09:45,10/03/2024 13:53,AUDCAD,Buy,0.010,0.92620,0.92733,-0.0900,0.0000,11.3,0.74,0.07,00:04:08:45,59.7,2h 28m,19.3,0.89,11.3,0.7910000000000001,-10.0,-0.7000000000000001,53.1,100.0,0.00,0.00
10/02/2024 03:15,10/02/2024 04:30,AUDCAD,Sell,0.010,0.93189,0.93076,-0.0900,0.0000,11.3,0.75,0.07,00:01:14:59,100.0,1h 14m,5.9,0.08,12.0,0.8400000000000001,0.0,0.0,100.0,94.2,-0.70,-0.05
10/01/2024 13:45,10/02/2024 03:14,AUDCAD,Buy,0.010,0.93072,0.93185,-0.0900,0.0000,11.3,0.75,0.07,00:13:29:37,8.1,1h 5m,43.1,3.15,11.9,0.8330000000000001,-37.5,-2.6250000000000004,24.1,98.8,-0.60,-0.04
09/30/2024 05:45,10/01/2024 11:35,AUDCAD,Sell,0.040,0.93708,0.93324,-0.3600,0.0000,38.4,10.99,1.09,01:05:50:48,94.2,1d 4h ,35.3,0.10,39.6,11.88,-4.1,-1.2299999999999998,90.6,97.3,-1.20,-0.36
09/27/2024 13:00,10/01/2024 11:35,AUDCAD,Sell,0.020,0.93294,0.93324,-0.1800,0.0000,-3.0,-0.63,-0.06,03:22:35:53,53.1,2d 2h ,57.2,3.89,11.7,1.755,-45.5,-6.825,20.5,74.3,-14.70,-2.20
09/26/2024 15:45,10/01/2024 11:35,AUDCAD,Sell,0.010,0.92913,0.93324,-0.0900,0.0000,-41.1,-3.13,-0.31,04:19:50:51,16.0,18h 32m,106.9,3.59,23.3,1.6310000000000002,-83.6,-5.852,21.8,39.8,-64.40,-4.51
09/26/2024 07:15,10/01/2024 11:35,AUDCAD,Sell,0.010,0.92461,0.93324,-0.0900,0.0000,-86.3,-6.47,-0.64,05:04:20:52,1.5,1h 51m,134.7,21.83,5.9,0.4130000000000001,-128.8,-9.016000000000002,4.4,31.6,-92.20,-6.45
09/30/2024 03:30,10/01/2024 02:17,NZDCAD,Sell,0.040,0.86047,0.85632,-0.3600,0.0000,41.5,11.91,1.18,00:22:47:06,90.5,20h 37m,30.3,0.12,42.7,12.81,-5.2,-1.56,89.1,97.5,-1.20,-0.36
09/27/2024 13:00,10/01/2024 02:17,NZDCAD,Sell,0.020,0.85592,0.85632,-0.1800,0.0000,-4.0,-0.77,-0.08,03:13:17:17,1.2,1h 1m,60.3,5.28,9.6,1.44,-50.7,-7.605,15.9,77.4,-13.60,-2.04
09/26/2024 15:30,10/01/2024 02:17,NZDCAD,Sell,0.010,0.85132,0.85632,-0.0900,0.0000,-50.0,-3.78,-0.37,04:10:47:25,9.3,9h 55m,113.46695357608,5.77,16.76695357608,1.1736867503256,-96.7,-6.769000000000001,14.8,41.2,-66.77,-4.67
09/26/2024 10:30,10/01/2024 02:17,NZDCAD,Sell,0.010,0.84750,0.85632,-0.0900,0.0000,-88.2,-6.61,-0.65,04:15:47:24,0.0,0s,134.9,135.14,0.0,0.0,-134.9,-9.443000000000001,0.0,34.6,-88.20,-6.17
09/26/2024 05:45,09/26/2024 07:47,AUDNZD,Sell,0.010,1.09301,1.09187,-0.0800,0.0000,11.4,0.64,0.06,00:02:02:01,98.4,2h 0m,9.88273568042,0.08,14.1,0.846,-1.1,-0.066,92.8,82.2,-2.70,-0.16
09/26/2024 00:00,09/26/2024 06:27,NZDCAD,Buy,0.010,0.84356,0.84604,-0.0900,0.0000,24.8,1.75,0.17,00:06:27:39,75.2,4h 51m,17.50819877488,0.54,25.28141639608,1.7696991477256003,-13.6,-0.9520000000000001,65.0,98.8,-0.48,-0.03
09/25/2024 15:15,09/26/2024 06:27,NZDCAD,Buy,0.010,0.84725,0.84604,-0.0900,0.0000,-12.1,-0.99,-0.10,00:15:12:45,0.0,0s,50.5,50.51,0.0,0.0,-50.5,-3.535,0.0,76.0,-12.10,-0.85
09/25/2024 15:30,09/26/2024 05:30,AUDCAD,Buy,0.010,0.92215,0.92328,-0.0900,0.0000,11.3,0.75,0.07,00:14:00:09,6.2,52m,29.8,2.24,13.2,0.924,-29.5,-2.0650000000000004,30.9,95.6,-1.90,-0.13
09/25/2024 09:15,09/25/2024 13:02,NZDCAD,Buy,0.010,0.84807,0.84920,-0.0900,0.0000,11.3,0.75,0.07,00:03:47:37,66.6,2h 31m,6.2,0.39,11.3,0.7910000000000001,-4.4,-0.30800000000000005,72.0,100.0,0.00,0.00
09/25/2024 08:45,09/25/2024 11:40,AUDNZD,Sell,0.010,1.08947,1.08833,-0.0800,0.0000,11.4,0.64,0.06,00:02:55:24,89.2,2h 36m,4.6,0.09,11.7,0.702,-1.1,-0.066,91.4,97.7,-0.30,-0.02
09/24/2024 13:00,09/25/2024 08:42,AUDNZD,Buy,0.010,1.08834,1.08948,-0.0800,0.0000,11.4,0.64,0.06,00:19:41:57,6.0,1h 10m,28.6,2.49,11.4,0.6839999999999999,-28.4,-1.704,28.6,100.0,0.00,0.00
09/24/2024 12:30,09/25/2024 08:39,NZDCAD,Sell,0.010,0.84939,0.84826,-0.0900,0.0000,11.3,0.75,0.07,00:20:09:12,7.1,1h 25m,34.0,2.88,11.8,0.8260000000000002,-34.0,-2.3800000000000003,25.8,98.9,-0.50,-0.04
09/24/2024 06:30,09/24/2024 06:56,AUDNZD,Buy,0.010,1.08866,1.08980,-0.0800,0.0000,11.4,0.63,0.06,00:00:26:40,100.0,26m,1.6,0.09,11.4,0.6839999999999999,0.0,0.0,100.0,100.0,0.00,0.00
09/24/2024 06:30,09/24/2024 06:38,AUDCAD,Buy,0.010,0.92205,0.92318,-0.0900,0.0000,11.3,0.75,0.07,00:00:08:18,100.0,8m,1.5,0.08,12.8,0.8960000000000001,0.0,0.0,100.0,88.3,-1.50,-0.11
09/24/2024 05:15,09/24/2024 06:06,AUDCAD,Sell,0.080,0.92771,0.92394,-0.7200,0.0000,37.7,21.58,2.18,00:00:51:26,86.3,44m,11.4,0.05,39.9,23.540999999999997,-2.1,-1.2389999999999999,95.0,94.8,-2.20,-1.30
09/20/2024 02:30,09/24/2024 06:06,AUDCAD,Sell,0.040,0.92401,0.92394,-0.3600,0.0000,0.7,-0.15,-0.02,04:03:36:27,19.7,19h 37m,66.3,1.34,28.3,8.49,-38.0,-11.4,42.7,58.4,-27.60,-8.28
09/18/2024 01:15,09/24/2024 06:06,AUDCAD,Sell,0.020,0.91970,0.92394,-0.1800,0.0000,-42.4,-6.45,-0.65,06:04:51:22,5.8,8h 38m,101.6,3.96,20.5,3.0749999999999997,-81.1,-12.165,20.2,38.1,-62.90,-9.43
09/16/2024 12:30,09/24/2024 06:06,AUDCAD,Sell,0.010,0.91631,0.92394,-0.0900,0.0000,-76.3,-5.74,-0.57,07:17:36:23,1.4,2h 35m,121.7,17.18,6.7,0.4690000000000001,-115.0,-8.05,5.5,31.8,-83.00,-5.81
09/16/2024 04:00,09/24/2024 06:06,AUDCAD,Sell,0.010,0.91264,0.92394,-0.0900,0.0000,-113.0,-8.45,-0.84,08:02:06:25,0.0,0s,151.7,153.85,0.0,0.0,-151.7,-10.619,0.0,25.5,-113.00,-7.91
09/24/2024 01:30,09/24/2024 01:34,AUDNZD,Sell,0.010,1.09351,1.09237,-0.0800,0.0000,11.4,0.63,0.06,00:00:04:31,100.0,4m,0.6,0.08,12.0,0.72,0.0,0.0,100.0,95.0,-0.60,-0.04
09/23/2024 18:45,09/24/2024 01:09,AUDNZD,Buy,0.010,1.09048,1.09162,-0.0800,0.0000,11.4,0.64,0.06,00:06:24:06,65.7,4h 12m,12.4,0.45,11.4,0.6839999999999999,-5.1,-0.306,69.1,100.0,0.00,0.00
09/23/2024 03:45,09/23/2024 06:01,AUDNZD,Sell,0.010,1.09404,1.09290,-0.0800,0.0000,11.4,0.63,0.06,00:02:16:09,31.7,43m,3.4,0.22,11.6,0.696,-2.6,-0.156,81.7,98.6,-0.20,-0.01
09/20/2024 11:00,09/20/2024 13:54,AUDNZD,Sell,0.010,1.09335,1.09221,-0.0800,0.0000,11.4,0.63,0.06,00:02:54:38,93.2,2h 42m,13.29426773261,0.04,19.5,1.17,-0.7,-0.041999999999999996,96.5,59.9,-8.10,-0.49
09/20/2024 06:30,09/20/2024 07:54,NZDCAD,Sell,0.010,0.84805,0.84692,-0.0900,0.0000,11.3,0.74,0.07,00:01:24:13,95.3,1h 20m,11.26739539625,0.24,15.5,1.0850000000000002,-3.64675362065,-0.25527275344550004,81.0,78.1,-4.20,-0.29
09/19/2024 04:15,09/19/2024 07:43,AUDNZD,Sell,0.010,1.09297,1.09183,-0.0800,0.0000,11.4,0.63,0.06,00:03:28:44,40.2,1h 23m,26.1,0.68,19.7,1.182,-13.4,-0.8039999999999999,59.5,74.9,-8.30,-0.50
09/18/2024 13:15,09/18/2024 14:54,AUDNZD,Buy,0.010,1.08906,1.09020,-0.0800,0.0000,11.4,0.63,0.06,00:01:39:31,86.9,1h 26m,12.8,0.75,11.4,0.6839999999999999,-8.6,-0.516,57.0,100.0,0.00,0.00
09/18/2024 05:00,09/18/2024 06:18,AUDNZD,Buy,0.010,1.08966,1.09080,-0.0800,0.0000,11.4,0.62,0.06,00:01:18:10,80.8,1h 3m,12.3,0.66,11.57512861783,0.6945077170698,-7.6,-0.45599999999999996,60.4,99.1,-0.18,-0.01
09/17/2024 14:00,09/18/2024 04:51,AUDNZD,Sell,0.010,1.09229,1.08989,-0.0800,0.0000,24.0,1.41,0.14,00:14:51:30,80.4,11h 56m,12.5,0.10,27.4,1.644,-2.7,-0.162,91.0,88.7,-3.40,-0.20
09/13/2024 14:30,09/18/2024 04:51,AUDNZD,Sell,0.010,1.08876,1.08989,-0.0800,0.0000,-11.3,-0.78,-0.08,04:14:21:30,55.4,2d 13h ,115.0,0.49,77.0,4.62,-38.0,-2.28,67.0,23.2,-88.30,-5.30
09/16/2024 01:45,09/16/2024 03:23,NZDCAD,Buy,0.010,0.83573,0.83686,-0.0900,0.0000,11.3,0.74,0.07,00:01:38:45,88.8,1h 27m,3.7,0.12,11.6,0.812,-1.4,-0.098,89.2,97.7,-0.30,-0.02
09/13/2024 11:00,09/13/2024 13:24,AUDCAD,Buy,0.010,0.91012,0.91125,-0.0900,0.0000,11.3,0.75,0.07,00:02:24:20,57.0,1h 22m,9.20869967608,0.73,11.3,0.7910000000000001,-8.2,-0.574,57.9,100.0,0.00,0.00
09/12/2024 18:00,09/13/2024 10:57,AUDCAD,Sell,0.010,0.91258,0.91011,-0.0900,0.0000,24.7,1.73,0.17,00:16:57:22,37.5,6h 21m,11.50920249527,0.31,24.7,1.729,-7.63826512767,-0.5346785589369001,76.4,100.0,0.00,0.00
09/12/2024 14:45,09/13/2024 10:57,AUDCAD,Sell,0.010,0.90889,0.91011,-0.0900,0.0000,-12.2,-0.99,-0.10,00:20:12:20,0.0,0s,44.53826512767,44.64,0.0,0.0,-44.53826512767,-3.1176785589369005,0.0,72.6,-12.20,-0.85
09/11/2024 20:00,09/13/2024 10:33,AUDNZD,Sell,0.010,1.08790,1.08551,-0.0800,0.0000,23.9,1.39,0.14,01:14:33:04,59.8,23h 3m,74.7,0.21,61.6,3.6959999999999997,-13.1,-0.7859999999999999,82.5,49.5,-37.70,-2.26
09/11/2024 10:15,09/13/2024 10:33,AUDNZD,Sell,0.010,1.08440,1.08551,-0.0800,0.0000,-11.1,-0.77,-0.08,02:00:18:04,2.3,1h 6m,92.3,1.09,44.2,2.652,-48.1,-2.886,47.9,40.1,-55.30,-3.32
09/11/2024 10:15,09/12/2024 14:40,NZDCAD,Buy,0.010,0.83435,0.83548,-0.0900,0.0000,11.3,0.74,0.07,01:04:25:32,22.0,6h 15m,35.77898276742,2.05,14.4,1.0080000000000002,-29.5,-2.0650000000000004,32.8,92.9,-3.10,-0.22
09/11/2024 04:15,09/11/2024 06:50,NZDCAD,Buy,0.010,0.83520,0.83633,-0.0900,0.0000,11.3,0.74,0.07,00:02:34:55,81.2,2h 5m,10.9,0.53,11.3,0.7910000000000001,-6.0,-0.42000000000000004,65.3,100.0,0.00,0.00
09/11/2024 01:15,09/11/2024 02:07,AUDNZD,Sell,0.010,1.08328,1.08214,-0.0800,0.0000,11.4,0.62,0.06,00:00:52:21,94.3,49m,6.6,0.06,14.8,0.888,-0.9,-0.054,94.3,78.3,-3.40,-0.20
09/10/2024 18:30,09/10/2024 20:33,AUDCAD,Sell,0.010,0.90639,0.90526,-0.0900,0.0000,11.3,0.74,0.07,00:02:03:40,94.4,1h 56m,6.221458633,0.03,14.9,1.0430000000000001,-0.44618125629,-0.031232687940300003,97.1,76.5,-3.60,-0.25
09/10/2024 11:00,09/10/2024 13:36,AUDCAD,Sell,0.010,0.90516,0.90403,-0.0900,0.0000,11.3,0.75,0.08,00:02:36:34,91.7,2h 23m,10.1,0.24,17.6,1.2320000000000002,-4.20330320306,-0.2942312242142,80.7,71.1,-6.30,-0.44
09/10/2024 06:45,09/10/2024 07:58,AUDCAD,Sell,0.010,0.90481,0.90368,-0.0900,0.0000,11.3,0.74,0.07,00:01:13:02,90.5,1h 6m,6.82081268724,0.14,14.1,0.9870000000000001,-1.90967369622,-0.1336771587354,88.1,82.5,-2.80,-0.20
09/09/2024 08:30,09/09/2024 14:01,AUDCAD,Buy,0.010,0.90298,0.90411,-0.0900,0.0000,11.3,0.74,0.07,00:05:31:07,34.2,1h 53m,16.4,0.92,11.6,0.812,-10.7,-0.749,52.0,98.7,-0.30,-0.02
09/06/2024 16:15,09/09/2024 01:22,AUDCAD,Buy,0.010,0.90478,0.90591,-0.0900,0.0000,11.3,0.75,0.08,02:09:07:41,91.4,2d 4h ,22.84867806842,1.33,11.3,0.7910000000000001,-15.0,-1.05,43.0,100.0,0.00,0.00
09/06/2024 09:00,09/06/2024 11:36,NZDCAD,Sell,0.010,0.84086,0.83973,-0.0900,0.0000,11.3,0.75,0.08,00:02:36:47,100.0,2h 36m,8.75243005611,0.06,15.6,1.092,0.0,0.0,100.0,72.4,-4.30,-0.30
09/06/2024 05:45,09/06/2024 06:48,AUDCAD,Buy,0.010,0.90747,0.90860,-0.0900,0.0000,11.3,0.75,0.08,00:01:03:26,96.9,1h 1m,5.86393033319,0.08,12.67268955111,0.8870882685777001,-1.0,-0.07,92.7,90.0,-1.37,-0.10
09/05/2024 18:15,09/05/2024 23:21,NZDCAD,Sell,0.010,0.84106,0.83993,-0.0900,0.0000,11.3,0.75,0.08,00:05:06:19,100.0,5h 6m,15.8,0.04,22.7,1.5890000000000002,0.0,0.0,100.0,49.8,-11.40,-0.80
09/05/2024 06:30,09/05/2024 07:40,AUDNZD,Buy,0.010,1.08317,1.08431,-0.0800,0.0000,11.4,0.63,0.06,00:01:10:57,100.0,1h 10m,5.2,0.09,11.4,0.6839999999999999,0.0,0.0,100.0,100.0,0.00,0.00
09/04/2024 23:45,09/05/2024 03:32,NZDCAD,Buy,0.010,0.83634,0.83747,-0.0900,0.0000,11.3,0.75,0.08,00:03:46:58,57.1,2h 9m,15.28113918577,1.24,12.30280004215,0.8611960029505001,-15.28113918577,-1.0696797430039,44.6,96.4,-1.00,-0.07
09/05/2024 00:15,09/05/2024 01:51,AUDNZD,Sell,0.010,1.08662,1.08548,-0.0800,0.0000,11.4,0.63,0.06,00:01:36:41,58.4,56m,19.9,0.36,21.2,1.272,-7.7,-0.46199999999999997,73.4,66.1,-9.80,-0.59
09/04/2024 00:30,09/04/2024 13:11,AUDCAD,Buy,0.010,0.90876,0.91148,-0.0900,0.0000,27.2,1.91,0.19,00:12:41:39,43.4,5h 30m,23.6,0.87,27.2,1.9040000000000001,-23.6,-1.6520000000000004,53.5,100.0,0.00,0.00
09/03/2024 03:30,09/04/2024 13:11,AUDCAD,Buy,0.010,0.91294,0.91148,-0.0900,0.0000,-14.6,-1.17,-0.12,01:09:41:39,1.8,36m,70.48047918409,12.89,5.08047918409,0.3556335428863,-65.4,-4.578000000000001,7.2,72.1,-19.68,-1.38
09/04/2024 01:00,09/04/2024 07:31,NZDCAD,Buy,0.010,0.83654,0.83767,-0.0900,0.0000,11.3,0.74,0.07,00:06:31:23,56.8,3h 42m,18.01970686959,0.98,11.6302198142,0.8141153869940001,-11.4,-0.7980000000000002,50.5,98.6,-0.33,-0.02
09/02/2024 15:00,09/03/2024 01:41,AUDCAD,Sell,0.010,0.91622,0.91509,-0.0900,0.0000,11.3,0.75,0.08,00:10:41:08,52.9,5h 39m,9.5,0.39,12.5,0.8750000000000001,-4.9,-0.3430000000000001,71.8,93.1,-1.20,-0.08
08/30/2024 08:30,08/30/2024 12:35,AUDCAD,Sell,0.010,0.91810,0.91572,-0.0900,0.0000,23.8,1.67,0.17,00:04:05:05,100.0,4h 5m,12.55016764488,0.04,28.0,1.9600000000000002,0.0,0.0,100.0,85.0,-4.20,-0.29
08/28/2024 21:00,08/30/2024 12:35,AUDCAD,Sell,0.010,0.91460,0.91572,-0.0900,0.0000,-11.2,-0.93,-0.09,01:15:34:59,9.5,3h 45m,43.54541608957,3.84,9.0,0.72,-34.54541608957,-2.7636332871655998,20.7,53.6,-20.20,-1.62
08/30/2024 07:15,08/30/2024 08:02,NZDCAD,Buy,0.010,0.84300,0.84413,-0.0900,0.0000,11.3,0.74,0.07,00:00:47:28,93.7,44m,14.1,0.71,11.3,0.7910000000000001,-8.0,-0.56,58.5,100.0,0.00,0.00
08/30/2024 00:15,08/30/2024 06:15,NZDCAD,Sell,0.010,0.84522,0.84409,-0.0900,0.0000,11.3,0.75,0.08,00:05:59:46,77.3,4h 38m,10.7,0.42,15.2,1.064,-6.31265386015,-0.4418857702105001,70.7,81.9,-3.90,-0.27
08/29/2024 12:45,08/29/2024 13:22,AUDNZD,Sell,0.010,1.08710,1.08596,-0.0800,0.0000,11.4,0.63,0.06,00:00:37:50,100.0,37m,3.05600614951,0.08,11.8,0.708,0.0,0.0,100.0,96.6,-0.40,-0.02
08/29/2024 02:00,08/29/2024 12:31,NZDCAD,Sell,0.010,0.84617,0.84346,-0.0900,0.0000,27.1,1.92,0.20,00:10:31:21,72.5,7h 37m,22.82906230516,0.41,29.91611737668,2.0941282163676003,-12.12906230516,-0.8490343613612,71.2,93.3,-2.82,-0.20
08/28/2024 23:30,08/29/2024 12:31,NZDCAD,Sell,0.010,0.84200,0.84346,-0.0900,0.0000,-14.6,-1.18,-0.12,00:13:01:26,1.8,14m,58.82906230516,10.78,5.0,0.35000000000000003,-53.82906230516,-3.7680343613612006,8.5,66.7,-19.60,-1.37
08/28/2024 12:45,08/28/2024 14:37,AUDCAD,Buy,0.010,0.91252,0.91365,-0.0900,0.0000,11.3,0.75,0.08,00:01:52:02,85.8,1h 36m,5.78546823791,0.21,11.3,0.7910000000000001,-2.31749559561,-0.1622246916927,83.0,100.0,0.00,0.00
08/28/2024 12:30,08/28/2024 13:58,AUDNZD,Buy,0.010,1.08608,1.08722,-0.0800,0.0000,11.4,0.63,0.06,00:01:28:31,94.4,1h 23m,11.7,0.42,11.4,0.6839999999999999,-4.8,-0.288,70.4,100.0,0.00,0.00
08/23/2024 17:45,08/26/2024 11:41,NZDCAD,Sell,0.040,0.84091,0.83748,-0.3600,0.0000,34.3,9.79,1.00,02:17:56:22,19.3,12h 43m,18.1,0.41,36.1,10.83,-14.82931081789,-4.448793245367,70.9,96.5,-1.80,-0.54
08/20/2024 13:45,08/26/2024 11:41,NZDCAD,Sell,0.020,0.83730,0.83748,-0.1800,0.0000,-1.8,-0.45,-0.05,05:21:56:27,40.3,2d 9h ,80.74283362537,1.60,31.0,4.6499999999999995,-49.74283362537,-7.461425043805499,38.4,59.4,-32.80,-4.92
08/19/2024 23:00,08/26/2024 11:41,NZDCAD,Sell,0.010,0.83368,0.83748,-0.0900,0.0000,-38.0,-2.90,-0.30,06:12:41:23,1.2,1h 52m,90.74283362537,17.92,4.8,0.336,-85.94283362537,-6.015998353775901,5.3,52.8,-42.80,-3.00
08/19/2024 03:15,08/26/2024 11:41,NZDCAD,Sell,0.010,0.82994,0.83748,-0.0900,0.0000,-75.4,-5.67,-0.58,07:08:26:25,1.0,1h 45m,127.74283362537,28.09,4.4,0.30800000000000005,-123.34283362537,-8.633998353775901,3.4,37.5,-79.80,-5.59
08/23/2024 17:30,08/26/2024 03:31,AUDCAD,Sell,0.010,0.91730,0.91617,-0.0900,0.0000,11.3,0.75,0.08,02:10:01:14,10.2,5h 55m,18.20117376069,0.77,14.0,0.9800000000000001,-10.8,-0.7560000000000001,56.5,89.1,-2.70,-0.19
08/23/2024 15:30,08/23/2024 16:07,AUDCAD,Sell,0.010,0.91672,0.91559,-0.0900,0.0000,11.3,0.75,0.08,00:00:37:30,94.6,35m,3.67632394739,0.10,13.2,0.924,-1.3,-0.09100000000000001,91.0,86.9,-1.90,-0.13
08/22/2024 13:45,08/23/2024 11:12,AUDCAD,Buy,0.010,0.91333,0.91446,-0.0900,0.0000,11.3,0.75,0.08,00:21:26:59,33.1,7h 5m,20.11769655941,1.63,11.3,0.7910000000000001,-18.4,-1.288,38.0,100.0,0.00,0.00
08/19/2024 16:00,08/22/2024 12:31,AUDCAD,Sell,0.020,0.91705,0.91399,-0.1800,0.0000,30.6,4.33,0.44,02:20:31:37,56.0,1d 14h ,41.0,0.80,31.74932759548,4.7623991393219995,-25.5,-3.8249999999999997,55.5,98.0,-1.15,-0.17
08/19/2024 00:30,08/22/2024 12:31,AUDCAD,Sell,0.010,0.91345,0.91399,-0.0900,0.0000,-5.4,-0.49,-0.05,03:12:01:42,3.3,2h 46m,62.2,12.24,4.7,0.32900000000000007,-57.5,-4.025,7.6,83.8,-10.10,-0.71
08/16/2024 05:15,08/22/2024 12:31,AUDCAD,Sell,0.010,0.90991,0.91399,-0.0900,0.0000,-40.8,-3.09,-0.32,06:07:16:40,2.4,3h 37m,100.0,13.09,7.1,0.497,-92.9,-6.503000000000001,7.1,52.1,-47.90,-3.35
08/15/2024 04:30,08/15/2024 06:43,AUDCAD,Sell,0.010,0.90848,0.90735,-0.0900,0.0000,11.3,0.73,0.07,00:02:13:23,99.3,2h 12m,6.71476903316,0.01,13.8,0.9660000000000002,-0.17598144774,-0.012318701341800001,98.7,82.1,-2.50,-0.18
08/14/2024 21:15,08/15/2024 01:37,AUDCAD,Buy,0.010,0.90475,0.90588,-0.0900,0.0000,11.3,0.73,0.07,00:04:22:42,28.9,1h 15m,29.93065353827,1.94,13.15508815955,0.9208561711685002,-25.5,-1.7850000000000001,34.0,95.2,-1.86,-0.13
08/13/2024 18:30,08/14/2024 13:57,AUDCAD,Sell,0.010,0.90946,0.90685,-0.0900,0.0000,26.1,1.82,0.19,00:19:27:08,69.6,13h 32m,25.22089996281,0.34,28.3,1.9810000000000003,-9.62089996281,-0.6734629973967001,74.6,94.2,-2.20,-0.15
08/12/2024 08:00,08/14/2024 13:57,AUDCAD,Sell,0.010,0.90550,0.90685,-0.0900,0.0000,-13.5,-1.07,-0.11,02:05:57:08,23.4,12h 37m,64.22089996281,3.28,15.0,1.05,-49.22089996281,-3.4454629973967004,23.4,55.6,-28.50,-2.00
08/14/2024 04:00,08/14/2024 13:47,AUDNZD,Sell,0.010,1.10155,1.10041,-0.0800,0.0000,11.4,0.61,0.06,00:09:47:06,22.2,2h 10m,33.2,0.96,24.8,1.488,-23.8,-1.428,51.0,72.4,-13.40,-0.80
08/13/2024 13:30,08/14/2024 02:00,NZDCAD,Sell,0.010,0.83179,0.82903,-0.0900,0.0000,27.6,1.92,0.20,00:12:30:17,18.3,2h 17m,33.75131097079,0.44,49.8,3.486,-21.85131097079,-1.5295917679553002,69.5,69.0,-22.20,-1.55
08/12/2024 09:15,08/14/2024 02:00,NZDCAD,Sell,0.010,0.82753,0.82903,-0.0900,0.0000,-15.0,-1.19,-0.12,01:16:45:14,32.4,13h 12m,75.59316771698,5.46,11.7,0.8190000000000001,-63.89316771698,-4.472521740188601,15.5,64.7,-26.70,-1.87
08/09/2024 11:15,08/12/2024 03:00,AUDCAD,Buy,0.010,0.90336,0.90449,-0.0900,0.0000,11.3,0.73,0.07,02:15:45:52,6.8,4h 20m,26.6,1.91,11.3,0.7910000000000001,-21.6,-1.5120000000000002,34.3,100.0,0.00,0.00
08/09/2024 04:30,08/09/2024 06:43,AUDNZD,Buy,0.010,1.09403,1.09517,-0.0800,0.0000,11.4,0.61,0.06,00:02:13:40,26.4,35m,18.5,1.52,11.4,0.6839999999999999,-17.3,-1.038,39.7,100.0,0.00,0.00
08/08/2024 12:45,08/09/2024 04:54,AUDNZD,Sell,0.010,1.09481,1.09367,-0.0800,0.0000,11.4,0.61,0.06,00:16:09:27,19.7,3h 10m,30.9,1.45,19.1,1.1460000000000001,-27.6,-1.656,40.9,83.5,-7.70,-0.46
08/07/2024 17:45,08/08/2024 20:45,NZDCAD,Buy,0.010,0.82446,0.82559,-0.0900,0.0000,11.3,0.73,0.07,01:03:00:00,26.0,7h 1m,23.00828902866,1.59,12.2,0.854,-19.4,-1.358,38.6,97.2,-0.90,-0.06
08/08/2024 11:35,,,Withdrawal,0.010,0.00000,0.00000,0.0000,0.0000,0.0,-1.23,0,00:00:00:00,,,,,,,,,,,,
08/08/2024 03:45,08/08/2024 06:01,AUDCAD,Sell,0.010,0.90088,0.89975,-0.0900,0.0000,11.3,0.73,0.07,00:02:16:17,94.2,2h 8m,10.58041310868,0.13,13.8,0.9660000000000002,-1.78041310868,-0.1246289176076,88.6,84.0,-2.50,-0.18
08/07/2024 16:45,08/08/2024 03:01,AUDCAD,Buy,0.010,0.89871,0.89984,-0.0900,0.0000,11.3,0.73,0.07,00:10:16:13,4.8,29m,37.86627088802,3.19,11.3,0.7910000000000001,-36.1,-2.527,23.8,100.0,0.00,0.00
08/07/2024 01:00,08/07/2024 16:30,NZDCAD,Sell,0.010,0.82623,0.82510,-0.0900,0.0000,11.3,0.73,0.08,00:15:30:49,20.0,3h 6m,27.48694176889,1.95,12.43668014443,0.8705676101101001,-24.18694176889,-1.6930859238223002,34.0,96.9,-1.14,-0.08
08/07/2024 01:30,08/07/2024 07:25,AUDCAD,Sell,0.010,0.90173,0.90060,-0.0900,0.0000,11.3,0.73,0.08,00:05:55:08,31.6,1h 52m,29.13504594111,1.45,13.28091752712,0.9296642268984001,-19.2,-1.344,40.9,93.9,-1.98,-0.14
08/06/2024 23:00,08/06/2024 23:24,NZDCAD,Sell,0.010,0.82499,0.82386,-0.0900,0.0000,11.3,0.73,0.08,00:00:24:25,100.0,24m,9.83155326452,0.06,15.9,1.1130000000000002,0.0,0.0,100.0,71.1,-4.60,-0.32
08/06/2024 23:00,08/06/2024 23:20,AUDNZD,Buy,0.010,1.08960,1.09074,-0.0800,0.0000,11.4,0.60,0.06,00:00:20:31,100.0,20m,7.1,0.09,11.4,0.6839999999999999,0.0,0.0,100.0,100.0,0.00,0.00
08/06/2024 06:30,08/06/2024 06:52,AUDNZD,Sell,0.010,1.10041,1.09927,-0.0800,0.0000,11.4,0.59,0.06,00:00:22:18,77.3,17m,3.4,0.14,11.8,0.708,-1.7,-0.102,87.4,97.0,-0.40,-0.02
08/01/2024 18:45,08/06/2024 04:30,AUDNZD,Buy,0.120,1.09173,1.09608,-0.9600,0.0000,43.5,30.05,3.20,04:09:45:23,43.3,1d 21h ,118.6,1.42,57.4,40.754,-81.5,-57.864999999999995,41.3,90.0,-13.90,-9.87
08/01/2024 14:30,08/06/2024 04:30,AUDNZD,Buy,0.080,1.09571,1.09608,-0.6400,0.0000,3.7,1.12,0.12,04:14:00:30,0.5,33m,121.3,6.90,17.6,8.448,-121.3,-58.224,12.7,90.0,-13.90,-6.67
07/31/2024 02:00,08/06/2024 04:30,AUDNZD,Buy,0.040,1.09973,1.09608,-0.3200,0.0000,-36.5,-9.00,-0.95,06:02:30:34,2.1,3h 4m,168.0,24.88,6.5,1.56,-161.5,-38.76,3.9,74.4,-43.00,-10.32
07/31/2024 01:45,08/06/2024 04:30,AUDNZD,Buy,0.020,1.09914,1.09608,-0.1600,0.0000,-30.6,-3.80,-0.40,06:02:45:43,6.2,9h 5m,168.0,12.56,12.4,1.488,-155.6,-18.671999999999997,7.4,74.4,-43.00,-5.16
07/30/2024 14:00,08/06/2024 04:30,AUDNZD,Buy,0.010,1.10893,1.09608,-0.0800,0.0000,-128.5,-7.71,-0.80,06:14:30:42,0.0,0s,253.5,256.41,0.0,0.0,-253.5,-15.209999999999999,0.0,49.3,-128.50,-7.71
07/30/2024 04:30,08/06/2024 04:30,AUDNZD,Buy,0.010,1.11258,1.09608,-0.0800,0.0000,-165.0,-9.88,-1.02,07:00:00:25,0.5,50m,292.9,101.01,2.9,0.174,-290.0,-17.4,1.0,42.7,-167.90,-10.07
08/06/2024 00:15,08/06/2024 01:40,AUDCAD,Sell,0.010,0.90118,0.90005,-0.0900,0.0000,11.3,0.73,0.08,00:01:25:51,36.5,31m,10.21995855404,0.80,11.92376963214,0.8346638742498002,-9.56847056364,-0.6697929394548001,55.5,97.1,-0.62,-0.04
08/05/2024 16:15,08/05/2024 16:58,AUDNZD,Sell,0.010,1.09461,1.09347,-0.0800,0.0000,11.4,0.60,0.06,00:00:42:38,57.2,24m,9.6,0.54,12.2,0.732,-6.6,-0.39599999999999996,64.9,95.7,-0.80,-0.05
08/05/2024 06:00,08/05/2024 13:36,AUDCAD,Buy,0.010,0.89324,0.89655,-0.0900,0.0000,33.1,2.30,0.24,00:07:36:12,61.5,4h 40m,60.51163714111,1.66,36.5,2.555,-60.51163714111,-4.235814599877701,37.6,96.5,-3.40,-0.24
08/05/2024 05:45,08/05/2024 13:36,AUDCAD,Buy,0.010,0.89857,0.89655,-0.0900,0.0000,-20.2,-1.55,-0.16,00:07:51:14,0.0,0s,113.81163714111,114.94,0.0,0.0,-113.81163714111,-7.966814599877701,0.0,82.3,-20.20,-1.41
08/01/2024 12:30,08/01/2024 13:05,AUDCAD,Sell,0.010,0.90493,0.90380,-0.0900,0.0000,11.3,0.72,0.07,00:00:35:42,100.0,35m,8.74378358566,0.08,13.3,0.9310000000000002,0.0,0.0,100.0,85.0,-2.00,-0.14
08/01/2024 12:30,08/01/2024 13:03,AUDNZD,Sell,0.010,1.09981,1.09867,-0.0800,0.0000,11.4,0.60,0.06,00:00:33:45,100.0,33m,10.1,0.05,19.1,1.1460000000000001,0.0,0.0,100.0,59.7,-7.70,-0.46
07/31/2024 05:30,07/31/2024 06:21,AUDCAD,Buy,0.010,0.89793,0.89906,-0.0900,0.0000,11.3,0.73,0.08,00:00:51:57,74.6,38m,9.3,0.82,11.3,0.7910000000000001,-9.3,-0.6510000000000001,54.9,100.0,0.00,0.00
07/26/2024 11:30,07/31/2024 01:04,NZDCAD,Buy,0.080,0.81421,0.81814,-0.7200,0.0000,39.3,21.98,2.33,04:13:33:54,80.6,3d 16h ,41.25752394223,0.62,39.3,22.793999999999997,-24.4,-14.151999999999997,61.7,100.0,0.00,0.00
07/24/2024 01:45,07/31/2024 01:04,NZDCAD,Buy,0.040,0.81862,0.81814,-0.3600,0.0000,-4.8,-1.75,-0.19,06:23:19:00,4.1,6h 51m,83.1,4.26,15.8,4.582,-67.3,-19.517,19.0,75.2,-20.60,-5.97
07/22/2024 16:00,07/31/2024 01:04,NZDCAD,Buy,0.020,0.82217,0.81814,-0.1800,0.0000,-40.3,-5.99,-0.63,08:09:03:59,1.9,3h 49m,107.1,23.92,4.3,0.602,-102.8,-14.392000000000001,4.0,58.4,-44.60,-6.24
07/19/2024 05:00,07/31/2024 01:04,NZDCAD,Buy,0.010,0.82549,0.81814,-0.0900,0.0000,-73.5,-5.39,-0.56,11:20:04:02,4.6,13h 4m,154.40227168481,7.39,18.40227168481,1.2881590179367002,-136.0,-9.520000000000001,11.9,40.5,-91.90,-6.43
07/18/2024 18:45,07/31/2024 01:04,NZDCAD,Buy,0.010,0.82918,0.81814,-0.0900,0.0000,-110.4,-8.06,-0.84,12:06:19:04,0.2,35m,174.56767706702,104.17,1.66767706702,0.11673739469140001,-172.9,-12.103000000000002,1.0,35.8,-112.07,-7.84
07/29/2024 22:15,07/30/2024 01:30,AUDCAD,Sell,0.010,0.90785,0.90672,-0.0900,0.0000,11.3,0.73,0.08,00:03:15:10,71.5,2h 19m,10.8,0.18,16.5,1.155,-3.02362723441,-0.21165390640870002,84.5,73.4,-5.20,-0.36
07/29/2024 13:15,07/29/2024 22:12,AUDCAD,Buy,0.080,0.90473,0.90771,-0.7200,0.0000,29.8,16.49,1.74,00:08:57:26,96.3,8h 37m,9.31848844063,0.14,29.8,17.284,-4.3,-2.4939999999999998,87.4,100.0,0.00,0.00
07/25/2024 00:45,07/29/2024 22:12,AUDCAD,Buy,0.040,0.90627,0.90771,-0.3600,0.0000,14.4,3.80,0.40,04:21:27:29,18.8,22h 4m,54.43531490348,2.59,16.51213908826,4.7885203355954,-42.7,-12.383,27.9,96.4,-2.11,-0.61
07/23/2024 09:00,07/29/2024 22:12,AUDCAD,Buy,0.020,0.91173,0.90771,-0.1800,0.0000,-40.2,-5.99,-0.63,06:13:12:28,1.2,1h 53m,96.0623782846,40.82,2.3,0.322,-93.7623782846,-13.126732959844002,2.4,55.8,-42.50,-5.95
07/22/2024 05:45,07/29/2024 22:12,AUDCAD,Buy,0.010,0.91525,0.90771,-0.0900,0.0000,-75.4,-5.53,-0.58,07:16:27:32,3.0,5h 32m,137.96217160967,14.35,8.99979332507,0.6299855327549,-128.9623782846,-9.027366479922,6.5,38.8,-84.40,-5.91
07/19/2024 00:00,07/29/2024 22:12,AUDCAD,Buy,0.010,0.91873,0.90771,-0.0900,0.0000,-110.2,-8.04,-0.83,10:22:12:32,0.5,1h 18m,166.68376815819,56.18,2.92138987359,0.20449729115130003,-163.7623782846,-11.463366479922001,1.8,32.1,-113.12,-7.92
07/17/2024 10:45,07/17/2024 12:12,AUDNZD,Buy,0.010,1.10726,1.10840,-0.0800,0.0000,11.4,0.61,0.06,00:01:27:23,58.7,51m,6.3,0.32,11.4,0.6839999999999999,-3.7,-0.222,75.5,100.0,0.00,0.00
07/17/2024 00:45,07/17/2024 02:01,AUDNZD,Buy,0.010,1.10764,1.10878,-0.0800,0.0000,11.4,0.61,0.06,00:01:16:07,81.6,1h 2m,6.7,0.29,11.4,0.6839999999999999,-3.3,-0.19799999999999998,77.6,100.0,0.00,0.00
07/16/2024 00:45,07/17/2024 00:34,NZDCAD,Buy,0.010,0.82993,0.83106,-0.0900,0.0000,11.3,0.74,0.08,00:23:49:08,10.6,2h 31m,42.8,3.23,12.1,0.8470000000000001,-39.1,-2.7370000000000005,23.6,98.4,-0.80,-0.06
07/16/2024 00:45,07/16/2024 23:01,AUDNZD,Sell,0.120,1.11321,1.10953,-0.9600,0.0000,36.8,25.85,2.76,00:22:16:51,68.2,15h 11m,31.7,0.19,42.3,30.878999999999998,-7.9,-5.767,84.3,89.0,-5.50,-4.01
07/11/2024 07:45,07/16/2024 23:01,AUDNZD,Sell,0.080,1.10918,1.10953,-0.6400,0.0000,-3.5,-2.34,-0.25,05:15:16:49,53.8,3d ,128.9,0.60,80.7,39.543,-48.2,-23.618000000000002,62.6,34.7,-84.20,-41.26
07/10/2024 02:45,07/16/2024 23:01,AUDNZD,Sell,0.040,1.10822,1.10953,-0.3200,0.0000,-13.1,-3.50,-0.37,06:20:16:50,36.7,2d 12h ,128.9,0.81,71.1,17.063999999999997,-57.8,-13.871999999999998,55.2,34.7,-84.20,-20.21
07/10/2024 02:15,07/16/2024 23:01,AUDNZD,Sell,0.020,1.10621,1.10953,-0.1600,0.0000,-33.2,-4.19,-0.44,06:20:46:50,29.3,2d ,128.9,1.53,51.0,6.12,-77.9,-9.348,39.6,34.7,-84.20,-10.10
07/05/2024 11:30,07/16/2024 23:01,AUDNZD,Sell,0.010,1.09983,1.10953,-0.0800,0.0000,-97.0,-5.96,-0.63,11:11:31:50,31.8,3d 15h ,176.3,4.10,34.6,2.076,-141.7,-8.501999999999999,19.6,25.4,-131.60,-7.90
07/01/2024 08:30,07/16/2024 23:01,AUDNZD,Sell,0.010,1.09489,1.10953,-0.0800,0.0000,-146.4,-8.96,-0.93,15:14:31:47,0.7,2h 37m,195.0,49.02,3.9,0.23399999999999999,-191.1,-11.466,2.0,22.9,-150.30,-9.02
07/12/2024 15:00,07/14/2024 22:03,AUDCAD,Sell,0.010,0.92479,0.92366,-0.0900,0.0000,11.3,0.74,0.08,02:07:03:33,6.4,3h 31m,14.46939329749,0.28,19.7,1.379,-5.56939329749,-0.3898575308243,78.0,66.8,-8.40,-0.59
07/11/2024 12:45,07/11/2024 20:00,AUDCAD,Sell,0.010,0.92347,0.92098,-0.0900,0.0000,24.9,1.73,0.18,00:07:15:56,91.1,6h 37m,25.40522343487,0.38,29.7,2.079,-11.4,-0.7980000000000002,72.3,88.3,-4.80,-0.34
07/11/2024 00:30,07/11/2024 20:00,AUDCAD,Sell,0.010,0.91975,0.92098,-0.0900,0.0000,-12.3,-0.99,-0.10,00:19:30:54,4.3,50m,54.88929576324,7.73,6.28929576324,0.44025070342680006,-48.6,-3.4020000000000006,11.5,66.1,-18.59,-1.30
07/10/2024 08:15,07/11/2024 00:10,NZDCAD,Buy,0.010,0.82824,0.82937,-0.0900,0.0000,11.3,0.74,0.08,00:15:54:57,26.2,4h 10m,18.71275086895,1.19,11.3,0.7910000000000001,-13.4,-0.9380000000000002,45.7,100.0,0.00,0.00
07/09/2024 14:00,07/09/2024 15:07,NZDCAD,Sell,0.010,0.83581,0.83468,-0.0900,0.0000,11.3,0.74,0.08,00:01:07:12,100.0,1h 7m,5.5,0.07,13.5,0.9450000000000001,0.0,0.0,100.0,83.7,-2.20,-0.15
07/09/2024 02:45,07/09/2024 13:55,NZDCAD,Buy,0.010,0.83456,0.83569,-0.0900,0.0000,11.3,0.74,0.08,00:11:09:55,51.4,5h 44m,12.1,0.55,11.3,0.7910000000000001,-6.2,-0.43400000000000005,64.6,100.0,0.00,0.00
07/05/2024 17:30,07/09/2024 02:07,AUDCAD,Sell,0.010,0.91951,0.91838,-0.0900,0.0000,11.3,0.74,0.08,03:08:37:33,20.6,16h 36m,24.1,1.10,15.9,1.1130000000000002,-17.5,-1.225,47.6,86.2,-4.60,-0.32
07/05/2024 12:30,07/09/2024 00:29,AUDNZD,Buy,0.010,1.09922,1.10036,-0.0800,0.0000,11.4,0.62,0.06,03:11:59:03,7.3,6h 7m,29.2,2.50,11.4,0.6839999999999999,-28.5,-1.71,28.6,100.0,0.00,0.00
07/01/2024 08:15,07/02/2024 14:10,AUDCAD,Sell,0.010,0.91347,0.91234,-0.0900,0.0000,11.3,0.73,0.08,01:05:55:18,43.2,12h 55m,21.6,0.92,13.0,0.9100000000000001,-11.9,-0.8330000000000001,52.2,93.2,-1.70,-0.12
06/28/2024 11:15,07/01/2024 00:44,AUDNZD,Sell,0.010,1.09470,1.09356,-0.0800,0.0000,11.4,0.61,0.06,02:13:29:14,90.6,2d 7h ,30.8,0.93,18.1,1.086,-16.8,-1.008,51.9,80.8,-6.70,-0.40
06/28/2024 14:45,06/28/2024 14:55,NZDCAD,Sell,0.010,0.83522,0.83409,-0.0900,0.0000,11.3,0.73,0.08,00:00:10:32,100.0,10m,0.90414376424,0.08,12.20414376424,0.8542900634968,0.0,0.0,100.0,92.6,-0.90,-0.06
06/28/2024 07:15,06/28/2024 13:10,NZDCAD,Buy,0.080,0.83139,0.83493,-0.7200,0.0000,35.4,19.96,2.14,00:05:54:47,99.5,5h 53m,7.7,0.11,36.11189147656,20.9448970564048,-3.9,-2.262,90.3,98.2,-0.71,-0.41
06/25/2024 13:15,06/28/2024 13:10,NZDCAD,Buy,0.040,0.83508,0.83493,-0.3600,0.0000,-1.5,-0.79,-0.08,02:23:54:53,19.4,13h 57m,50.9,3.21,12.1,3.5089999999999995,-38.8,-11.251999999999999,23.8,73.3,-13.60,-3.94
06/20/2024 15:15,06/28/2024 13:10,NZDCAD,Buy,0.020,0.83849,0.83493,-0.1800,0.0000,-35.6,-5.38,-0.57,07:21:54:54,4.1,7h 47m,84.2,5.74,12.5,1.875,-71.7,-10.755,14.8,42.9,-48.10,-7.21
06/17/2024 04:45,06/28/2024 13:10,NZDCAD,Buy,0.010,0.84187,0.83493,-0.0900,0.0000,-69.4,-5.16,-0.55,11:08:24:57,4.5,12h 15m,118.2,8.31,12.7,0.889,-105.5,-7.385000000000001,10.7,30.5,-82.10,-5.75
06/14/2024 00:45,06/28/2024 13:10,NZDCAD,Buy,0.010,0.84556,0.83493,-0.0900,0.0000,-106.3,-7.85,-0.82,14:12:24:59,0.5,1h 44m,142.7,67.11,2.1,0.14700000000000002,-140.6,-9.842,1.5,24.0,-108.40,-7.59
06/28/2024 01:30,06/28/2024 02:19,AUDCAD,Buy,0.010,0.90937,0.91050,-0.0900,0.0000,11.3,0.74,0.08,00:00:49:54,75.6,37m,10.45337012552,0.43,12.01965147222,0.8413756030554,-5.20383902568,-0.3642687317976,69.8,95.8,-0.72,-0.05
06/26/2024 08:45,06/27/2024 10:36,AUDNZD,Sell,0.010,1.09398,1.09124,-0.0800,0.0000,27.4,1.59,0.17,01:01:50:59,74.2,19h 10m,48.4,0.23,39.3,2.3579999999999997,-9.1,-0.5459999999999999,81.2,75.4,-11.90,-0.71
06/26/2024 01:45,06/27/2024 10:36,AUDNZD,Sell,0.010,1.08977,1.09124,-0.0800,0.0000,-14.7,-0.98,-0.10,01:08:51:15,0.0,0s,51.2,51.28,0.0,0.0,-51.2,-3.072,0.0,71.3,-14.70,-0.88
06/25/2024 11:45,06/26/2024 01:30,AUDNZD,Buy,0.010,1.08617,1.08731,-0.0800,0.0000,11.4,0.62,0.07,00:13:45:16,40.5,5h 34m,42.22784709217,1.98,17.2,1.032,-34.0,-2.04,33.6,88.7,-5.80,-0.35
06/25/2024 11:00,06/25/2024 12:30,NZDCAD,Sell,0.010,0.83707,0.83594,-0.0900,0.0000,11.3,0.74,0.08,00:01:29:54,80.9,1h 12m,10.0,0.20,11.3,0.7910000000000001,-2.3,-0.161,83.1,100.0,0.00,0.00
06/25/2024 03:15,06/25/2024 10:32,AUDNZD,Sell,0.010,1.08810,1.08696,-0.0800,0.0000,11.4,0.62,0.07,00:07:16:51,74.0,5h 23m,19.0,0.28,18.0,1.08,-5.0,-0.3,78.3,71.3,-6.60,-0.40
06/24/2024 14:15,06/24/2024 14:50,AUDCAD,Sell,0.010,0.91085,0.90972,-0.0900,0.0000,11.3,0.74,0.08,00:00:35:12,100.0,35m,5.71146987522,0.08,12.97878452965,0.9085149170755,0.0,0.0,100.0,87.1,-1.68,-0.12
06/21/2024 14:45,06/24/2024 14:09,AUDCAD,Buy,0.010,0.90967,0.91080,-0.0900,0.0000,11.3,0.74,0.08,02:23:24:22,9.0,6h 25m,21.10168320646,1.35,11.6,0.812,-15.7,-1.099,42.5,98.9,-0.30,-0.02
06/20/2024 16:30,06/21/2024 12:04,AUDCAD,Buy,0.010,0.91161,0.91274,-0.0900,0.0000,11.3,0.74,0.08,00:19:34:52,20.1,3h 56m,22.03383050079,1.18,13.61422855047,0.9529959985329001,-16.1,-1.1270000000000002,45.8,92.2,-2.31,-0.16
06/18/2024 16:15,06/20/2024 16:29,AUDCAD,Sell,0.010,0.91276,0.91163,-0.0900,0.0000,11.3,0.73,0.08,02:00:14:42,10.2,4h 55m,33.43291112209,2.34,11.9,0.8330000000000001,-27.83291112209,-1.9483037785463002,29.9,98.5,-0.60,-0.04
06/18/2024 16:00,06/19/2024 11:34,NZDCAD,Sell,0.010,0.84218,0.84105,-0.0900,0.0000,11.3,0.73,0.08,00:19:34:07,56.5,11h 3m,13.8,0.78,13.8,0.9660000000000002,-10.8,-0.7560000000000001,56.1,89.8,-2.50,-0.18
06/18/2024 14:30,06/18/2024 14:54,AUDCAD,Sell,0.010,0.91250,0.91137,-0.0900,0.0000,11.3,0.73,0.08,00:00:24:44,91.7,22m,3.44726736383,0.05,12.81789576404,0.8972527034828001,-0.7,-0.049,94.8,88.8,-1.52,-0.11
06/18/2024 06:30,06/18/2024 08:03,AUDCAD,Sell,0.010,0.91011,0.90898,-0.0900,0.0000,11.3,0.73,0.08,00:01:33:19,43.7,40m,9.50939667635,0.56,13.17774178621,0.9224419250347,-7.40939667635,-0.5186577673445001,64.0,90.9,-1.88,-0.13
06/17/2024 12:45,06/18/2024 04:35,AUDCAD,Buy,0.010,0.90614,0.90854,-0.0900,0.0000,24.0,1.66,0.18,00:15:50:08,98.3,15h 33m,13.92804756268,0.17,25.21922461343,1.7653457229401002,-4.4,-0.30800000000000005,85.1,95.9,-1.22,-0.09
06/14/2024 06:15,06/18/2024 04:35,AUDCAD,Buy,0.010,0.90967,0.90854,-0.0900,0.0000,-11.3,-0.91,-0.10,03:22:20:06,4.6,4h 20m,49.11645767403,4.84,8.41645767403,0.5891520371821,-40.7,-2.8490000000000006,17.1,59.9,-19.72,-1.38
06/14/2024 00:15,06/14/2024 02:53,AUDCAD,Buy,0.010,0.91057,0.91170,-0.0900,0.0000,11.3,0.73,0.08,00:02:38:45,72.2,1h 54m,8.3,0.59,11.3,0.7910000000000001,-6.7,-0.4690000000000001,62.8,100.0,0.00,0.00
06/13/2024 16:15,06/13/2024 23:36,AUDNZD,Buy,0.010,1.07569,1.07683,-0.0800,0.0000,11.4,0.62,0.07,00:07:21:40,26.4,1h 56m,16.8,1.22,11.4,0.6839999999999999,-13.9,-0.834,45.1,100.0,0.00,0.00
06/12/2024 12:45,06/13/2024 01:49,AUDCAD,Sell,0.010,0.91458,0.91345,-0.0900,0.0000,11.3,0.73,0.08,00:13:04:13,47.5,6h 12m,34.54884135353,2.16,13.8,0.9660000000000002,-29.74884135353,-2.0824188947471,31.7,94.3,-2.50,-0.18
06/12/2024 12:45,06/12/2024 19:30,NZDCAD,Sell,0.010,0.84932,0.84819,-0.0900,0.0000,11.3,0.73,0.08,00:06:45:22,8.0,32m,27.00829669065,1.83,13.57772438966,0.9504407072762001,-24.80829669065,-1.7365807683455001,35.4,94.1,-2.28,-0.16
06/11/2024 23:30,06/12/2024 00:52,NZDCAD,Sell,0.010,0.84552,0.84439,-0.0900,0.0000,11.3,0.73,0.08,00:01:22:13,100.0,1h 22m,6.6931271541,0.07,14.2,0.994,0.0,0.0,100.0,79.6,-2.90,-0.20
06/07/2024 13:00,06/11/2024 18:47,NZDCAD,Buy,0.010,0.84239,0.84510,-0.0900,0.0000,27.1,1.88,0.20,04:05:47:47,24.0,1d ,39.5,1.46,27.1,1.8970000000000002,-39.5,-2.765,40.7,100.0,0.00,0.00
06/07/2024 00:30,06/11/2024 18:47,NZDCAD,Buy,0.010,0.84655,0.84510,-0.0900,0.0000,-14.5,-1.15,-0.12,04:18:17:44,7.9,9h 1m,80.6,6.98,10.1,0.7070000000000001,-70.5,-4.9350000000000005,12.5,69.5,-24.60,-1.72
06/07/2024 15:15,06/11/2024 09:45,AUDNZD,Sell,0.010,1.07792,1.07678,-0.0800,0.0000,11.4,0.62,0.07,03:18:30:35,69.2,2d 14h ,212.6709860999,0.09,195.3,11.718,-17.3709860999,-1.0422591659940001,91.8,13.5,-183.90,-11.03
06/06/2024 23:30,06/07/2024 12:30,AUDNZD,Sell,0.010,1.07611,1.07497,-0.0800,0.0000,11.4,0.63,0.07,00:12:59:12,11.2,1h 27m,23.4,0.53,25.2,1.512,-13.3,-0.798,65.5,64.2,-13.80,-0.83
06/05/2024 21:30,06/06/2024 23:59,AUDNZD,Buy,0.080,1.07364,1.07635,-0.6400,0.0000,27.1,12.80,1.38,01:02:29:36,91.9,1d ,20.9,0.42,27.1,13.55,-11.4,-5.7,70.4,100.0,0.00,0.00
06/04/2024 13:45,06/06/2024 23:59,AUDNZD,Buy,0.040,1.07625,1.07635,-0.3200,0.0000,1.0,-0.07,-0.01,02:10:14:35,13.7,7h 58m,60.5,6.86,8.81864227384,2.20466056846,-60.5,-15.125,12.7,88.7,-7.82,-1.95
06/04/2024 13:30,06/06/2024 23:59,AUDNZD,Buy,0.020,1.07646,1.07635,-0.1600,0.0000,-1.1,-0.30,-0.03,02:10:29:29,4.8,2h 48m,62.6,9.32,6.71864227384,0.8734234955992,-62.6,-8.138,9.7,88.7,-7.82,-1.02
05/23/2024 03:15,06/06/2024 23:59,AUDNZD,Buy,0.010,1.08373,1.07635,-0.0800,0.0000,-73.8,-4.65,-0.50,14:20:44:31,7.5,1d 2h ,147.4,11.19,12.1,0.726,-135.3,-8.118,8.2,41.7,-85.90,-5.15
05/22/2024 12:45,06/06/2024 23:59,AUDNZD,Buy,0.010,1.08755,1.07635,-0.0800,0.0000,-112.0,-7.02,-0.75,15:11:14:34,0.0,0s,173.5,175.44,0.0,0.0,-173.5,-10.41,0.0,35.4,-112.00,-6.72
06/06/2024 00:45,06/06/2024 06:19,AUDCAD,Sell,0.010,0.91168,0.91055,-0.0900,0.0000,11.3,0.74,0.08,00:05:34:13,56.9,3h 10m,20.4,1.11,15.8,1.106,-17.6,-1.2320000000000002,47.3,86.5,-4.50,-0.32
06/04/2024 14:04,,,Withdrawal,0.010,0.00000,0.00000,0.0000,0.0000,0.0,-6.00,0,00:00:00:00,,,,,,,,,,,,
05/22/2024 14:30,05/28/2024 12:31,AUDCAD,Buy,0.010,0.90760,0.90873,-0.0900,0.0000,11.3,0.74,0.08,05:22:01:05,9.7,13h 46m,34.01998023037,2.43,11.3,0.7910000000000001,-27.46794884531,-1.9227564191717004,29.1,100.0,0.00,0.00
05/21/2024 12:45,05/21/2024 14:58,AUDCAD,Sell,0.010,0.91094,0.90981,-0.0900,0.0000,11.3,0.73,0.08,00:02:13:01,42.2,56m,11.13010735459,0.70,12.48810778363,0.8741675448541001,-8.73010735459,-0.6111075148213001,58.9,94.4,-1.19,-0.08
05/21/2024 13:45,05/21/2024 14:24,NZDCAD,Sell,0.010,0.83364,0.83251,-0.0900,0.0000,11.3,0.74,0.08,00:00:39:45,92.4,36m,5.5,0.06,15.4,1.078,-0.9,-0.06300000000000001,94.5,74.8,-4.10,-0.29
05/20/2024 12:15,05/21/2024 13:31,NZDCAD,Buy,0.010,0.83236,0.83349,-0.0900,0.0000,11.3,0.74,0.08,01:01:15:59,9.3,2h 20m,19.24614472051,1.53,11.5,0.805,-17.6,-1.2320000000000002,39.5,99.3,-0.20,-0.01
05/20/2024 12:15,05/21/2024 12:36,AUDCAD,Buy,0.010,0.90966,0.91079,-0.0900,0.0000,11.3,0.73,0.08,01:00:21:47,1.1,16m,28.6,2.27,12.59712702319,0.8817988916233,-28.6,-2.0020000000000002,30.6,96.9,-1.30,-0.09
05/17/2024 19:15,05/20/2024 12:03,NZDCAD,Sell,0.040,0.83545,0.83259,-0.3600,0.0000,28.6,8.04,0.86,02:16:48:00,99.8,2d 16h ,14.8,0.02,31.5,9.135,-0.5,-0.145,98.4,90.9,-2.90,-0.84
05/16/2024 00:30,05/20/2024 12:03,NZDCAD,Sell,0.020,0.83370,0.83259,-0.1800,0.0000,11.1,1.45,0.16,04:11:33:07,39.0,1d 17h ,43.3,0.71,25.3,3.795,-18.0,-2.6999999999999997,58.4,67.2,-14.20,-2.13
05/15/2024 12:45,05/20/2024 12:03,NZDCAD,Sell,0.010,0.82864,0.83259,-0.0900,0.0000,-39.5,-2.99,-0.32,04:23:18:09,1.1,1h 18m,84.6,4.29,16.0,1.12,-68.6,-4.8020000000000005,18.9,34.4,-55.50,-3.89
05/14/2024 23:30,05/20/2024 12:03,NZDCAD,Sell,0.010,0.82489,0.83259,-0.0900,0.0000,-77.0,-5.74,-0.61,05:12:33:16,0.2,15m,106.5,270.27,0.4,0.028000000000000004,-106.1,-7.4270000000000005,0.4,27.3,-77.40,-5.42
05/20/2024 01:15,05/20/2024 08:34,AUDCAD,Sell,0.010,0.91222,0.91109,-0.0900,0.0000,11.3,0.74,0.08,00:07:19:22,94.1,6h 53m,15.3,0.13,15.67826086956,1.0974782608692002,-2.1,-0.14700000000000002,88.2,75.4,-4.38,-0.31
05/16/2024 15:15,05/20/2024 01:10,AUDNZD,Buy,0.010,1.09097,1.09374,-0.0800,0.0000,27.7,1.62,0.17,03:09:55:17,14.7,12h 2m,28.2,0.65,27.7,1.662,-17.9,-1.0739999999999998,60.7,100.0,0.00,0.00
05/15/2024 11:30,05/20/2024 01:10,AUDNZD,Buy,0.010,1.09522,1.09374,-0.0800,0.0000,-14.8,-0.99,-0.11,04:13:40:15,0.7,46m,63.6,18.90,3.2,0.192,-60.4,-3.6239999999999997,5.0,71.7,-18.00,-1.08
05/15/2024 03:30,05/15/2024 08:38,AUDCAD,Sell,0.010,0.90656,0.90543,-0.0900,0.0000,11.3,0.74,0.08,00:05:08:12,80.6,4h 8m,7.0,0.30,12.0,0.8400000000000001,-3.6,-0.25200000000000006,76.9,95.5,-0.70,-0.05
05/14/2024 07:45,05/14/2024 10:36,NZDCAD,Sell,0.010,0.82417,0.82304,-0.0900,0.0000,11.3,0.74,0.08,00:02:50:47,96.0,2h 43m,6.1,0.14,12.7,0.889,-1.8,-0.12600000000000003,87.6,90.3,-1.40,-0.10
05/10/2024 07:30,05/10/2024 13:58,AUDNZD,Sell,0.010,1.09850,1.09736,-0.0800,0.0000,11.4,0.60,0.06,00:06:28:09,74.1,4h 47m,8.6,0.32,15.0,0.8999999999999999,-4.8,-0.288,75.8,81.8,-3.60,-0.22
05/10/2024 02:15,05/10/2024 07:16,AUDCAD,Buy,0.010,0.90400,0.90513,-0.0900,0.0000,11.3,0.73,0.08,00:05:01:43,74.1,3h 43m,7.3,0.45,11.3,0.7910000000000001,-5.1,-0.357,68.9,100.0,0.00,0.00
05/10/2024 02:15,05/10/2024 06:14,NZDCAD,Buy,0.010,0.82381,0.82494,-0.0900,0.0000,11.3,0.73,0.08,00:03:58:58,65.3,2h 36m,7.3,0.65,11.3,0.7910000000000001,-7.3,-0.511,60.8,100.0,0.00,0.00
05/08/2024 09:00,05/09/2024 12:30,AUDCAD,Buy,0.010,0.90318,0.90431,-0.0900,0.0000,11.3,0.73,0.08,01:03:30:03,18.5,5h 5m,18.5,0.83,16.9,1.183,-14.0,-0.9800000000000001,54.7,81.9,-5.60,-0.39
05/08/2024 01:15,05/08/2024 06:20,AUDCAD,Buy,0.010,0.90375,0.90488,-0.0900,0.0000,11.3,0.74,0.08,00:05:05:53,73.8,3h 45m,5.4,0.32,11.7,0.8190000000000001,-3.7,-0.25900000000000006,76.0,97.4,-0.40,-0.03
05/06/2024 07:45,05/07/2024 04:43,AUDCAD,Sell,0.020,0.90601,0.90303,-0.1800,0.0000,29.8,4.18,0.45,00:20:58:28,65.9,13h 49m,34.24555254633,0.37,29.87196977197,4.4807954657955,-11.14555254633,-1.6718328819495,72.8,99.8,-0.07,-0.01
05/03/2024 12:45,05/07/2024 04:43,AUDCAD,Sell,0.010,0.90348,0.90303,-0.0900,0.0000,4.5,0.24,0.03,03:15:58:27,0.3,15m,36.44555254633,7.97,4.57196977197,0.3200378840379,-36.44555254633,-2.5511886782431,11.1,99.8,-0.07,-0.01
05/02/2024 18:15,05/07/2024 04:43,AUDCAD,Sell,0.010,0.89812,0.90303,-0.0900,0.0000,-49.1,-3.68,-0.40,04:10:28:24,5.3,5h 38m,101.24555254633,8.05,11.2,0.784,-90.04555254633,-6.3031886782431,11.1,40.4,-60.30,-4.22
05/06/2024 15:00,05/07/2024 00:11,NZDCAD,Buy,0.010,0.82072,0.82185,-0.0900,0.0000,11.3,0.73,0.08,00:09:11:35,93.5,8h 35m,10.1586759364,0.37,11.3,0.7910000000000001,-4.2,-0.29400000000000004,72.9,100.0,0.00,0.00
05/06/2024 08:30,05/06/2024 13:55,NZDCAD,Sell,0.010,0.82322,0.82209,-0.0900,0.0000,11.3,0.74,0.08,00:05:25:44,73.0,3h 57m,17.56273369841,0.66,14.2,0.994,-9.36273369841,-0.6553913588887001,60.3,87.7,-2.90,-0.20
05/02/2024 23:15,05/03/2024 12:23,AUDNZD,Sell,0.040,1.10217,1.09901,-0.3200,0.0000,31.6,7.25,0.79,00:13:08:03,99.8,13h 6m,16.9,0.01,37.7,9.048,-0.4,-0.096,99.0,84.0,-6.10,-1.46
04/26/2024 09:00,05/03/2024 12:23,AUDNZD,Sell,0.020,1.09849,1.09901,-0.1600,0.0000,-5.2,-0.78,-0.08,07:03:23:06,15.2,1d 2h ,85.7,0.86,46.0,5.52,-39.7,-4.764,53.7,40.3,-51.20,-6.14
04/24/2024 01:45,05/03/2024 12:23,AUDNZD,Sell,0.010,1.09712,1.09901,-0.0800,0.0000,-18.9,-1.21,-0.13,09:10:38:01,23.8,2d 5h ,145.3,0.58,91.9,5.514,-53.4,-3.2039999999999997,63.2,23.7,-110.80,-6.65
04/23/2024 04:00,05/03/2024 12:23,AUDNZD,Sell,0.010,1.09136,1.09901,-0.0800,0.0000,-76.5,-4.66,-0.50,10:08:23:06,3.0,7h 27m,145.3,3.24,34.3,2.058,-111.0,-6.66,23.6,23.7,-110.80,-6.65
05/02/2024 07:45,05/02/2024 09:36,NZDCAD,Sell,0.010,0.81487,0.81374,-0.0900,0.0000,11.3,0.73,0.08,00:01:51:41,100.0,1h 51m,9.46094446094,0.07,14.7,1.0290000000000001,0.0,0.0,100.0,76.9,-3.40,-0.24
04/30/2024 03:45,05/01/2024 20:47,NZDCAD,Buy,0.010,0.81384,0.81497,-0.0900,0.0000,11.3,0.73,0.08,01:17:02:15,9.2,3h 46m,49.1,3.53,12.3,0.8610000000000001,-43.4,-3.0380000000000003,22.1,98.2,-1.00,-0.07
04/29/2024 04:15,04/30/2024 03:10,AUDCAD,Sell,0.010,0.89690,0.89396,-0.0900,0.0000,29.4,2.06,0.22,00:22:55:13,79.7,18h 16m,27.5,0.21,31.95355232304,2.2367486626128,-6.66450321884,-0.4665152253188001,82.7,93.4,-2.55,-0.18
04/26/2024 06:00,04/30/2024 03:10,AUDCAD,Sell,0.010,0.89228,0.89396,-0.0900,0.0000,-16.8,-1.32,-0.14,03:21:10:15,2.6,2h 25m,60.76450321884,6.69,7.9,0.553,-52.86450321884,-3.7005152253188003,13.0,59.4,-24.70,-1.73
04/26/2024 00:15,04/26/2024 04:30,AUDNZD,Buy,0.010,1.09433,1.09547,-0.0800,0.0000,11.4,0.60,0.06,00:04:15:44,54.6,2h 19m,16.7,1.17,11.4,0.6839999999999999,-13.3,-0.798,46.2,100.0,0.00,0.00
04/25/2024 09:15,04/25/2024 13:21,AUDCAD,Sell,0.020,0.89272,0.88997,-0.1800,0.0000,27.5,3.82,0.41,00:04:06:20,61.4,2h 31m,11.4,0.13,27.5,4.125,-3.47716597128,-0.521574895692,88.8,100.0,0.00,0.00
04/24/2024 01:45,04/25/2024 13:21,AUDCAD,Sell,0.010,0.89031,0.88997,-0.0900,0.0000,3.4,0.16,0.02,01:11:36:21,44.9,15h 59m,43.2,1.68,16.1,1.1270000000000002,-27.1,-1.8970000000000002,37.3,70.6,-12.70,-0.89
04/23/2024 14:00,04/25/2024 13:21,AUDCAD,Sell,0.010,0.88566,0.88997,-0.0900,0.0000,-43.1,-3.23,-0.35,01:23:21:20,1.6,45m,81.2,9.69,7.6,0.532,-73.6,-5.152,9.4,37.6,-50.70,-3.55
04/23/2024 01:00,04/23/2024 08:02,AUDCAD,Sell,0.010,0.88441,0.88328,-0.0900,0.0000,11.3,0.73,0.08,00:07:02:28,55.0,3h 52m,17.58088496719,0.70,12.1,0.8470000000000001,-8.48088496719,-0.5936619477033,58.8,96.1,-0.80,-0.06
04/22/2024 01:15,04/22/2024 06:03,NZDCAD,Sell,0.010,0.81221,0.81108,-0.0900,0.0000,11.3,0.73,0.08,00:04:48:44,66.4,3h 11m,13.72782671583,0.54,16.1,1.1270000000000002,-8.62782671583,-0.6039478701081001,65.1,80.6,-4.80,-0.34
04/22/2024 00:30,04/22/2024 05:19,AUDCAD,Sell,0.010,0.88435,0.88322,-0.0900,0.0000,11.3,0.74,0.08,00:04:49:49,64.8,3h 7m,18.2,0.59,16.5,1.155,-9.7,-0.679,63.0,80.2,-5.20,-0.36
04/04/2024 11:30,04/10/2024 04:10,AUDNZD,Sell,0.200,1.09470,1.09013,-1.6000,0.0000,45.7,53.92,6.21,05:16:40:37,93.6,5d 7h ,44.5,0.16,48.80128809063,59.049558589662304,-7.9,-9.559,86.1,94.5,-3.10,-3.75
03/29/2024 08:45,04/10/2024 04:10,AUDNZD,Sell,0.120,1.09092,1.09013,-0.9600,0.0000,7.9,4.80,0.56,11:19:25:37,14.7,1d 17h ,127.0,0.56,81.3,59.349,-45.7,-33.361000000000004,64.0,42.2,-73.40,-53.58
03/22/2024 16:00,04/10/2024 04:10,AUDNZD,Sell,0.080,1.08725,1.09013,-0.6400,0.0000,-28.8,-14.64,-1.67,18:12:10:38,14.4,2d 15h ,127.0,1.85,44.6,21.854,-82.4,-40.376000000000005,35.1,42.2,-73.40,-35.97
03/20/2024 22:15,04/10/2024 04:10,AUDNZD,Sell,0.040,1.08468,1.09013,-0.3200,0.0000,-54.5,-13.56,-1.52,20:05:55:19,1.2,5h 49m,137.5,3.68,29.4,7.055999999999999,-108.1,-25.944,21.4,39.0,-83.90,-20.14
03/20/2024 06:00,04/10/2024 04:10,AUDNZD,Sell,0.020,1.08066,1.09013,-0.1600,0.0000,-94.7,-11.67,-1.29,20:22:10:38,0.7,3h 30m,168.2,7.46,19.9,2.388,-148.3,-17.796,11.8,31.9,-114.60,-13.75
03/15/2024 11:30,04/10/2024 04:10,AUDNZD,Sell,0.010,1.07742,1.09013,-0.0800,0.0000,-127.1,-7.80,-0.86,25:16:40:38,3.0,18h 30m,192.6,15.20,11.9,0.714,-180.7,-10.841999999999999,6.2,27.8,-139.00,-8.34
03/12/2024 08:30,04/10/2024 04:10,AUDNZD,Sell,0.010,1.07324,1.09013,-0.0800,0.0000,-168.9,-10.34,-1.12,28:19:40:38,2.1,14h 31m,228.2,39.06,5.7,0.34199999999999997,-222.5,-13.35,2.5,23.5,-174.60,-10.48
04/05/2024 14:30,04/05/2024 15:00,NZDCAD,Sell,0.010,0.81842,0.81729,-0.0900,0.0000,11.3,0.74,0.08,00:00:30:01,90.0,27m,5.41119899983,0.02,13.09765813167,0.9168360692169001,-0.3,-0.021,97.8,86.6,-1.80,-0.13
04/04/2024 18:00,04/05/2024 02:47,AUDCAD,Sell,0.010,0.89349,0.89111,-0.0900,0.0000,23.8,1.66,0.18,00:08:47:17,99.3,8h 43m,15.38826894811,0.07,28.9,2.023,-2.13021784034,-0.1491152488238,93.1,83.6,-5.10,-0.36
04/04/2024 04:30,04/05/2024 02:47,AUDCAD,Sell,0.010,0.88999,0.89111,-0.0900,0.0000,-11.2,-0.92,-0.10,00:22:17:13,2.3,30m,37.8,18.90,1.9,0.133,-35.9,-2.5130000000000003,5.0,65.3,-13.10,-0.92
03/28/2024 12:00,04/04/2024 04:26,NZDCAD,Buy,0.120,0.81057,0.81462,-1.0800,0.0000,40.5,34.89,3.94,06:16:25:54,9.9,15h 52m,51.06652500627,1.20,40.6,36.134,-48.6342,-43.284438,45.5,99.9,-0.10,-0.09
03/27/2024 22:15,04/04/2024 04:26,NZDCAD,Buy,0.080,0.81416,0.81462,-0.7200,0.0000,4.6,2.00,0.23,07:06:11:20,1.6,2h 47m,86.5129604461,18.02,4.7,2.773,-84.5342,-49.875178,5.3,99.9,-0.10,-0.06
03/22/2024 01:45,04/04/2024 04:26,NZDCAD,Buy,0.040,0.81745,0.81462,-0.3600,0.0000,-28.3,-8.74,-0.98,13:02:41:22,0.8,2h 31m,122.8342,21.79,5.4,1.62,-117.4342,-35.23026,4.4,72.6,-33.70,-10.11
03/19/2024 05:45,04/04/2024 04:26,NZDCAD,Buy,0.020,0.82111,0.81462,-0.1800,0.0000,-64.9,-9.79,-1.08,15:22:41:13,2.5,9h 34m,176.5342,6.85,22.5,3.375,-154.0342,-23.10513,12.7,50.5,-87.40,-13.11
03/15/2024 12:45,04/04/2024 04:26,NZDCAD,Buy,0.010,0.82427,0.81462,-0.0900,0.0000,-96.5,-7.23,-0.79,19:15:41:22,3.0,14h 9m,195.26199213182,19.31,9.62779213182,0.6739454492274001,-185.6342,-12.994394000000002,4.9,45.6,-106.13,-7.43
03/15/2024 00:15,04/04/2024 04:26,NZDCAD,Buy,0.010,0.82809,0.81462,-0.0900,0.0000,-134.7,-10.06,-1.09,20:04:11:24,0.0,0s,223.8342,227.27,0.0,0.0,-223.8342,-15.668394000000003,0.0,39.8,-134.70,-9.43
03/14/2024 15:15,03/14/2024 16:16,AUDCAD,Buy,0.010,0.88932,0.89045,-0.0900,0.0000,11.3,0.75,0.08,00:01:01:13,72.2,44m,8.3,0.43,11.99841426633,0.8398889986431001,-5.2,-0.36400000000000005,69.8,95.9,-0.70,-0.05
03/14/2024 01:30,03/14/2024 08:34,AUDNZD,Buy,0.010,1.07360,1.07474,-0.0800,0.0000,11.4,0.62,0.07,00:07:04:06,74.4,5h 15m,18.87217880042,1.23,11.4,0.6839999999999999,-14.0,-0.84,44.9,100.0,0.00,0.00
03/14/2024 01:30,03/14/2024 03:09,NZDCAD,Sell,0.010,0.83107,0.82994,-0.0900,0.0000,11.3,0.75,0.08,00:01:39:05,62.7,1h 2m,7.2,0.20,12.7,0.889,-2.5,-0.17500000000000002,83.6,90.8,-1.40,-0.10
03/13/2024 14:15,03/13/2024 17:41,NZDCAD,Buy,0.010,0.82921,0.83034,-0.0900,0.0000,11.3,0.75,0.08,00:03:26:17,85.5,2h 56m,10.39415338731,0.54,11.3,0.7910000000000001,-6.1,-0.427,64.9,100.0,0.00,0.00
03/13/2024 03:30,03/13/2024 09:25,NZDCAD,Sell,0.010,0.83153,0.83040,-0.0900,0.0000,11.3,0.74,0.08,00:05:55:53,63.7,3h 46m,14.27061305566,0.57,12.2,0.854,-6.97061305566,-0.4879429138962001,63.6,95.3,-0.90,-0.06
03/12/2024 12:45,03/12/2024 12:50,AUDCAD,Sell,0.010,0.89432,0.89319,-0.0900,0.0000,11.3,0.75,0.08,00:00:05:11,100.0,5m,0.04161051146,0.09,11.34161051146,0.7939127358022001,0.0,0.0,100.0,99.6,-0.04,0.00
03/08/2024 10:45,03/12/2024 12:30,AUDCAD,Sell,0.020,0.89326,0.89020,-0.1800,0.0000,30.6,4.36,0.48,04:01:45:03,94.1,3d 19h ,18.78667408025,0.36,30.6,4.59,-11.0,-1.65,73.6,100.0,0.00,0.00
03/07/2024 08:00,03/12/2024 12:30,AUDCAD,Sell,0.010,0.89002,0.89020,-0.0900,0.0000,-1.8,-0.22,-0.02,05:04:30:02,0.5,37m,48.79386478836,8.05,5.39386478836,0.37757053518520006,-43.4,-3.0380000000000003,11.1,85.3,-7.19,-0.50
03/06/2024 07:15,03/12/2024 12:30,AUDCAD,Sell,0.010,0.88578,0.89020,-0.0900,0.0000,-44.2,-3.36,-0.37,06:05:15:00,1.4,2h 5m,90.2129801844,16.69,5.1,0.357,-85.1129801844,-5.957908612908001,5.7,45.4,-49.30,-3.45
03/08/2024 13:45,03/11/2024 08:27,NZDCAD,Sell,0.010,0.83395,0.83144,-0.0900,0.0000,25.1,1.77,0.19,02:18:41:58,98.9,2d 17h ,13.86749345323,0.20,26.2,1.834,-5.17338179473,-0.36213672563110005,83.5,96.5,-1.10,-0.08
03/07/2024 04:30,03/11/2024 08:27,NZDCAD,Sell,0.010,0.83019,0.83144,-0.0900,0.0000,-12.5,-1.02,-0.11,04:03:57:01,7.6,7h 35m,54.67338179473,3.59,11.9,0.8330000000000001,-42.77338179473,-2.9941367256311002,21.8,55.4,-24.40,-1.71
02/29/2024 07:30,03/07/2024 04:26,NZDCAD,Buy,0.020,0.82752,0.83009,-0.1800,0.0000,25.7,3.63,0.40,06:20:56:37,50.7,3d 11h ,32.8,0.80,26.7,4.005,-21.3,-3.195,55.6,97.9,-1.00,-0.15
02/28/2024 01:15,03/07/2024 04:26,NZDCAD,Buy,0.010,0.82920,0.83009,-0.0900,0.0000,8.9,0.57,0.06,08:03:11:45,2.2,4h 17m,38.1,3.85,9.9,0.6930000000000001,-38.1,-2.6670000000000003,20.6,97.9,-1.00,-0.07
02/26/2024 00:45,03/07/2024 04:26,NZDCAD,Buy,0.010,0.83461,0.83009,-0.0900,0.0000,-45.2,-3.44,-0.38,10:03:41:47,4.1,9h 59m,101.2,10.25,9.0,0.6300000000000001,-92.2,-6.454000000000001,8.9,46.4,-54.20,-3.79
03/05/2024 15:45,03/05/2024 16:44,AUDCAD,Sell,0.010,0.88418,0.88305,-0.0900,0.0000,11.3,0.74,0.08,00:00:59:10,78.4,46m,10.55564828458,0.48,12.0,0.8400000000000001,-5.75564828458,-0.40289537992060004,67.6,96.1,-0.70,-0.05
03/05/2024 06:45,03/05/2024 11:36,AUDNZD,Buy,0.010,1.06670,1.06784,-0.0800,0.0000,11.4,0.61,0.07,00:04:51:06,85.3,4h 8m,14.10794725172,0.88,11.4,0.6839999999999999,-10.0,-0.6,53.3,100.0,0.00,0.00
02/29/2024 03:45,03/05/2024 06:43,AUDNZD,Sell,0.010,1.06767,1.06653,-0.0800,0.0000,11.4,0.61,0.07,05:02:58:19,58.1,2d 23h ,49.5,0.76,28.2,1.692,-21.3,-1.278,57.0,66.1,-16.80,-1.01
02/28/2024 03:15,02/29/2024 03:41,AUDCAD,Buy,0.010,0.88348,0.88461,-0.0900,0.0000,11.3,0.74,0.08,01:00:26:31,5.9,1h 26m,28.03859580819,2.48,11.3,0.7910000000000001,-28.03859580819,-1.9627017065733001,28.7,100.0,0.00,0.00
02/27/2024 16:00,02/28/2024 01:00,NZDCAD,Sell,0.010,0.83420,0.83307,-0.0900,0.0000,11.3,0.75,0.08,00:09:00:46,3.4,18m,17.4,0.52,27.82575571393,1.9478028999751003,-14.4,-1.0080000000000002,65.9,60.9,-16.53,-1.16
02/27/2024 18:00,02/28/2024 01:00,AUDNZD,Buy,0.010,1.06044,1.06158,-0.0800,0.0000,11.4,0.63,0.07,00:06:59:55,16.5,1h 9m,26.1,0.39,37.5,2.25,-14.6,-0.876,72.0,49.9,-26.10,-1.57
02/27/2024 04:45,02/27/2024 15:26,AUDNZD,Sell,0.010,1.06181,1.06067,-0.0800,0.0000,11.4,0.62,0.07,00:10:41:40,35.9,3h 50m,22.7,0.68,17.1,1.026,-11.6,-0.696,59.6,80.1,-5.70,-0.34
02/27/2024 00:15,02/27/2024 04:18,AUDCAD,Buy,0.010,0.88252,0.88365,-0.0900,0.0000,11.3,0.75,0.08,00:04:03:29,28.3,1h 8m,16.45133391296,1.08,11.3,0.7910000000000001,-12.2,-0.854,48.1,100.0,0.00,0.00
02/20/2024 13:15,02/26/2024 23:11,AUDCAD,Sell,0.010,0.88513,0.88276,-0.0900,0.0000,23.7,1.66,0.18,06:09:56:40,27.5,1d 18h ,40.55334769927,1.15,28.3,1.9810000000000003,-32.6,-2.2820000000000005,46.5,92.4,-4.60,-0.32
02/16/2024 19:00,02/26/2024 23:11,AUDCAD,Sell,0.010,0.88164,0.88276,-0.0900,0.0000,-11.2,-0.92,-0.10,10:04:11:43,28.4,2d 21h ,84.3281648957,4.01,16.8281648957,1.177971542699,-67.5,-4.7250000000000005,20.0,66.8,-28.03,-1.96
02/23/2024 21:45,02/26/2024 00:37,NZDCAD,Sell,0.040,0.83703,0.83427,-0.3600,0.0000,27.6,7.81,0.87,02:02:52:33,100.0,2d 2h ,18.6,0.12,30.74396171339,9.223188514017,3.7,1.11,113.7,88.4,-3.14,-0.94
02/20/2024 14:05,02/26/2024 00:37,NZDCAD,Sell,0.020,0.83561,0.83427,-0.1800,0.0000,13.4,1.80,0.20,05:10:32:48,39.5,2d 3h ,51.81785645684,0.77,29.3,4.395,-22.51785645684,-3.377678468526,56.5,69.3,-15.90,-2.38
02/20/2024 09:00,02/26/2024 00:37,NZDCAD,Sell,0.010,0.83028,0.83427,-0.0900,0.0000,-39.9,-3.04,-0.34,05:15:37:52,0.0,0s,75.81785645684,76.34,0.0,0.0,-75.81785645684,-5.307249951978801,0.0,47.4,-39.90,-2.79
02/16/2024 19:00,02/26/2024 00:37,NZDCAD,Sell,0.010,0.82650,0.83427,-0.0900,0.0000,-77.7,-5.84,-0.64,09:05:37:54,23.5,2d 4h ,129.55869845684,7.13,15.940842,1.11585894,-113.61785645684,-7.953249951978801,12.3,27.7,-93.64,-6.55
02/15/2024 20:15,02/16/2024 14:56,AUDNZD,Sell,0.010,1.06782,1.06668,-0.0800,0.0000,11.4,0.61,0.07,00:18:41:38,39.3,7h 20m,37.80591179945,0.80,29.5,1.77,-23.60591179945,-1.4163547079669998,55.5,65.9,-18.10,-1.09
02/15/2024 20:15,02/16/2024 10:23,NZDCAD,Buy,0.010,0.82262,0.82375,-0.0900,0.0000,11.3,0.75,0.08,00:14:08:50,18.9,2h 40m,26.1257306366,1.88,11.3,0.7910000000000001,-21.2,-1.484,34.8,100.0,0.00,0.00
02/15/2024 12:45,02/15/2024 16:57,AUDCAD,Sell,0.010,0.88046,0.87798,-0.0900,0.0000,24.8,1.74,0.19,00:04:12:48,80.2,3h 22m,17.5690418299,0.44,25.2,1.764,-10.9690418299,-0.7678329280930001,69.7,98.9,-0.40,-0.03
02/14/2024 06:00,02/15/2024 16:57,AUDCAD,Sell,0.010,0.87676,0.87798,-0.0900,0.0000,-12.2,-1.00,-0.11,01:10:57:49,6.3,2h 12m,54.26689105449,6.14,7.6,0.532,-46.66689105449,-3.2666823738143003,14.0,63.5,-19.80,-1.39
02/15/2024 08:15,02/15/2024 11:31,AUDNZD,Sell,0.010,1.06748,1.06634,-0.0800,0.0000,11.4,0.61,0.07,00:03:16:29,94.4,3h 5m,15.6,0.13,20.8,1.248,-2.8,-0.16799999999999998,88.1,60.2,-9.40,-0.56
02/14/2024 20:00,02/15/2024 00:30,AUDNZD,Sell,0.010,1.06687,1.06573,-0.0800,0.0000,11.4,0.61,0.07,00:04:30:28,66.3,2h 59m,22.1,0.15,19.88880720224,1.1933284321344,-3.0,-0.18,86.9,62.9,-8.49,-0.51
02/14/2024 04:15,02/14/2024 11:26,NZDCAD,Sell,0.010,0.82347,0.82234,-0.0900,0.0000,11.3,0.74,0.08,00:07:11:29,46.9,3h 22m,18.39946315424,0.93,13.7,0.9590000000000001,-12.69946315424,-0.8889624207968001,51.9,90.9,-2.40,-0.17
02/13/2024 04:30,02/13/2024 13:29,AUDCAD,Buy,0.010,0.87714,0.87827,-0.0900,0.0000,11.3,0.75,0.08,00:08:59:26,21.0,1h 53m,14.35411973638,1.11,11.3,0.7910000000000001,-12.58183001432,-0.8807281010024001,47.3,100.0,0.00,0.00
02/09/2024 16:30,02/13/2024 04:31,AUDCAD,Sell,0.010,0.87800,0.87687,-0.0900,0.0000,11.3,0.75,0.08,03:12:01:41,80.8,2d 19h ,29.1,0.48,19.7,1.379,-9.4,-0.6580000000000001,67.7,71.1,-8.40,-0.59
02/09/2024 00:30,02/12/2024 08:21,AUDNZD,Buy,0.020,1.06095,1.06433,-0.1600,0.0000,33.8,3.98,0.44,03:07:50:45,20.7,16h 31m,57.2,1.26,36.3,4.356,-45.8,-5.4959999999999996,44.2,97.0,-2.50,-0.30
02/08/2024 15:30,02/12/2024 08:21,AUDNZD,Buy,0.010,1.06520,1.06433,-0.0800,0.0000,-8.7,-0.62,-0.07,03:16:51:09,2.3,2h 2m,93.3,39.68,2.3,0.13799999999999998,-91.0,-5.46,2.5,88.2,-11.00,-0.66
02/07/2024 08:30,02/12/2024 08:21,AUDNZD,Buy,0.010,1.06865,1.06433,-0.0800,0.0000,-43.2,-2.73,-0.30,04:23:51:09,1.9,2h 16m,134.0,14.77,8.5,0.51,-125.5,-7.529999999999999,6.3,61.4,-51.70,-3.10
02/09/2024 09:15,02/09/2024 12:37,NZDCAD,Sell,0.010,0.82664,0.82551,-0.0900,0.0000,11.3,0.75,0.08,00:03:22:32,82.7,2h 47m,12.72721856054,0.53,15.4,1.078,-8.1,-0.5670000000000001,65.5,82.6,-4.10,-0.29
02/08/2024 15:15,02/09/2024 09:01,AUDCAD,Buy,0.010,0.87336,0.87577,-0.0900,0.0000,24.1,1.70,0.19,00:17:46:43,81.7,14h 31m,13.4,0.22,26.7069133601,1.869483935207,-5.99841298654,-0.4198889090578,81.7,92.0,-2.61,-0.18
02/08/2024 06:15,02/09/2024 09:01,AUDCAD,Buy,0.010,0.87692,0.87577,-0.0900,0.0000,-11.5,-0.94,-0.10,01:02:46:44,6.9,1h 50m,48.4842496576,6.72,6.2842496576,0.4398974760320001,-42.2,-2.9540000000000006,13.0,63.3,-17.78,-1.24
02/08/2024 14:19,,,Withdrawal,0.010,0.00000,0.00000,0.0000,0.0000,0.0,-1.42,0,00:00:00:00,,,,,,,,,,,,
02/07/2024 03:45,02/07/2024 08:55,NZDCAD,Sell,0.010,0.82360,0.82247,-0.0900,0.0000,11.3,0.75,0.08,00:05:09:50,95.5,4h 55m,18.84254182483,0.26,15.0,1.05,-3.84254182483,-0.26897792773810003,79.6,80.4,-3.70,-0.26
02/07/2024 01:45,02/07/2024 08:12,AUDCAD,Sell,0.010,0.88112,0.87999,-0.0900,0.0000,11.3,0.75,0.08,00:06:27:24,96.7,6h 14m,11.7,0.15,14.94478079332,1.0461346555324,-2.23464131352,-0.15642489194640002,87.0,78.8,-3.64,-0.26
02/06/2024 04:30,02/06/2024 21:45,AUDNZD,Sell,0.010,1.07296,1.07182,-0.0800,0.0000,11.4,0.61,0.07,00:17:14:54,75.8,13h 4m,20.8,0.53,13.6,0.816,-7.2,-0.432,65.4,89.4,-2.20,-0.13
02/06/2024 16:00,02/06/2024 16:19,AUDCAD,Sell,0.010,0.88068,0.87955,-0.0900,0.0000,11.3,0.75,0.08,00:00:19:30,94.8,18m,3.02514616383,0.08,12.4,0.8680000000000001,-0.94516252988,-0.06616137709160001,92.9,91.8,-1.10,-0.08
02/06/2024 11:45,02/06/2024 12:51,NZDCAD,Buy,0.010,0.81843,0.81956,-0.0900,0.0000,11.3,0.75,0.08,00:01:06:03,92.5,1h 1m,6.14024855093,0.20,11.3,0.7910000000000001,-2.3,-0.161,83.1,100.0,0.00,0.00
02/06/2024 04:30,02/06/2024 05:36,AUDCAD,Sell,0.010,0.88031,0.87918,-0.0900,0.0000,11.3,0.75,0.08,00:01:06:25,65.2,43m,12.9,0.42,11.3,0.7910000000000001,-4.8,-0.336,70.2,100.0,0.00,0.00
02/05/2024 07:45,02/05/2024 08:30,NZDCAD,Sell,0.010,0.81910,0.81797,-0.0900,0.0000,11.3,0.74,0.08,00:00:45:16,100.0,45m,6.39341651827,0.08,13.3,0.9310000000000002,0.0,0.0,100.0,85.0,-2.00,-0.14
02/02/2024 16:30,02/02/2024 19:45,AUDCAD,Buy,0.010,0.87621,0.87734,-0.0900,0.0000,11.3,0.75,0.08,00:03:15:33,78.1,2h 32m,8.44137668832,0.54,11.3,0.7910000000000001,-6.1,-0.427,64.9,100.0,0.00,0.00
02/02/2024 16:30,02/02/2024 18:52,NZDCAD,Buy,0.010,0.81621,0.81734,-0.0900,0.0000,11.3,0.74,0.08,00:02:22:04,72.6,1h 43m,9.43160424594,0.54,11.3,0.7910000000000001,-6.1,-0.427,64.9,100.0,0.00,0.00
02/02/2024 01:30,02/02/2024 13:33,AUDCAD,Sell,0.010,0.88102,0.87989,-0.0900,0.0000,11.3,0.75,0.08,00:12:03:09,3.5,25m,28.7,1.94,14.51975353151,1.0163827472057,-28.2,-1.9740000000000002,34.0,92.5,-3.22,-0.23
02/02/2024 03:00,02/02/2024 13:30,NZDCAD,Sell,0.010,0.82326,0.82213,-0.0900,0.0000,11.3,0.76,0.09,00:10:30:05,78.5,8h 14m,21.11678760179,0.27,27.89770207767,2.2318161662136,-7.51678760179,-0.6013430081432,78.8,53.1,-16.60,-1.33
02/01/2024 14:15,02/01/2024 20:21,AUDCAD,Buy,0.020,0.87719,0.87998,-0.1800,0.0000,27.9,3.99,0.45,00:06:06:20,76.6,4h 40m,18.03809748706,0.04,27.9,4.185,0.0,0.0,100.0,100.0,0.00,0.00
02/01/2024 14:00,02/01/2024 20:21,AUDCAD,Buy,0.010,0.87628,0.87998,-0.0900,0.0000,37.0,2.67,0.30,00:06:21:22,73.3,4h 39m,18.03809748706,0.03,37.0,2.5900000000000003,0.0,0.0,100.0,100.0,0.00,0.00
01/25/2024 16:45,02/01/2024 20:21,AUDCAD,Buy,0.010,0.88774,0.87998,-0.0900,0.0000,-77.6,-5.88,-0.66,07:03:36:21,1.5,2h 34m,105.0898258014,21.93,4.5898258014,0.321287806098,-100.5,-7.035000000000001,4.4,21.8,-82.19,-5.75
01/26/2024 21:00,01/29/2024 07:38,NZDCAD,Buy,0.010,0.81903,0.82152,-0.0900,0.0000,24.9,1.76,0.20,02:10:38:05,98.8,2d 9h ,21.65976390984,0.19,24.9,1.743,-4.7,-0.32900000000000007,84.1,100.0,0.00,0.00
01/26/2024 00:15,01/29/2024 07:38,NZDCAD,Buy,0.010,0.82275,0.82152,-0.0900,0.0000,-12.3,-1.01,-0.11,03:07:23:02,1.8,1h 25m,45.4,11.98,3.5,0.24500000000000002,-41.9,-2.9330000000000003,7.7,65.2,-15.80,-1.11
01/25/2024 14:15,01/25/2024 15:39,AUDCAD,Sell,0.010,0.89116,0.88878,-0.0900,0.0000,23.8,1.67,0.19,00:01:24:11,87.0,1h 13m,6.84736133655,0.10,28.6,2.0020000000000002,-2.74736133655,-0.19231529355850002,91.2,84.7,-4.80,-0.34
01/24/2024 09:45,01/25/2024 15:39,AUDCAD,Sell,0.010,0.88766,0.88878,-0.0900,0.0000,-11.2,-0.92,-0.10,01:05:54:13,10.1,3h 1m,51.36187843481,2.52,14.6,1.022,-36.76187843481,-2.5733314904367,28.4,49.8,-25.80,-1.81
01/23/2024 15:45,01/24/2024 07:43,AUDCAD,Buy,0.010,0.88523,0.88636,-0.0900,0.0000,11.3,0.75,0.08,00:15:58:47,52.9,8h 27m,19.92746587455,1.14,13.45995993622,0.9421971955354002,-15.28722567966,-1.0701057975762,46.8,92.5,-2.16,-0.15
01/22/2024 20:15,01/23/2024 21:46,AUDNZD,Sell,0.020,1.08144,1.07834,-0.1600,0.0000,31.0,3.62,0.41,01:01:31:42,43.5,11h 6m,112.77030059935,0.18,95.5,11.459999999999999,-17.27030059935,-2.072436071922,84.7,42.8,-64.50,-7.74
01/19/2024 03:00,01/23/2024 21:46,AUDNZD,Sell,0.010,1.07782,1.07834,-0.0800,0.0000,-5.2,-0.40,-0.05,04:18:46:32,50.8,2d 10h ,87.1,1.58,33.7,2.0220000000000002,-53.4,-3.2039999999999997,38.7,55.3,-38.90,-2.33
01/18/2024 14:30,01/23/2024 21:46,AUDNZD,Sell,0.010,1.07420,1.07834,-0.0800,0.0000,-41.4,-2.61,-0.29,05:07:16:42,1.0,1h 16m,96.3,13.39,6.7,0.40199999999999997,-89.6,-5.3759999999999994,7.0,50.1,-48.10,-2.89
01/23/2024 06:00,01/23/2024 08:02,AUDCAD,Sell,0.010,0.88933,0.88820,-0.0900,0.0000,11.3,0.75,0.08,00:02:02:49,86.1,1h 45m,15.83421271869,0.29,12.36787205001,0.8657510435007001,-3.53421271869,-0.24739489030830003,77.8,93.3,-1.07,-0.07
01/17/2024 05:45,01/23/2024 05:39,AUDCAD,Buy,0.020,0.88591,0.88923,-0.1800,0.0000,33.2,4.75,0.54,05:23:54:41,29.8,1d 18h ,47.33807641634,0.96,33.2,4.98,-32.0,-4.8,50.9,100.0,0.00,0.00
01/16/2024 12:45,01/23/2024 05:39,AUDCAD,Buy,0.010,0.89004,0.88923,-0.0900,0.0000,-8.1,-0.69,-0.08,06:16:54:44,0.0,0s,73.3,73.53,0.0,0.0,-73.3,-5.131,0.0,88.9,-8.10,-0.57
01/15/2024 23:30,01/23/2024 05:39,AUDCAD,Buy,0.010,0.89352,0.88923,-0.0900,0.0000,-42.9,-3.28,-0.37,07:06:09:42,0.0,0s,108.1,108.70,0.0,0.0,-108.1,-7.567,0.0,60.3,-42.90,-3.00
01/17/2024 02:30,01/18/2024 08:23,AUDNZD,Buy,0.010,1.07167,1.07281,-0.0800,0.0000,11.4,0.62,0.07,01:05:53:16,25.2,7h 31m,33.9,2.52,11.4,0.6839999999999999,-28.7,-1.722,28.4,100.0,0.00,0.00
01/16/2024 18:00,01/17/2024 01:31,NZDCAD,Buy,0.010,0.82747,0.82860,-0.0900,0.0000,11.3,0.74,0.08,00:07:31:38,81.4,6h 7m,13.62886546792,0.57,11.8,0.8260000000000002,-6.7,-0.4690000000000001,63.8,97.3,-0.50,-0.04
01/15/2024 00:45,01/16/2024 03:38,AUDNZD,Sell,0.010,1.07389,1.07275,-0.0800,0.0000,11.4,0.62,0.07,01:02:53:12,33.9,9h 6m,36.94653428965,0.89,23.7,1.422,-21.04653428965,-1.2627920573790001,53.0,72.5,-12.30,-0.74
01/15/2024 07:15,01/15/2024 16:43,AUDCAD,Buy,0.010,0.89427,0.89540,-0.0900,0.0000,11.3,0.75,0.08,00:09:28:08,22.0,2h 4m,22.6,1.48,11.3,0.7910000000000001,-16.7,-1.169,40.4,100.0,0.00,0.00
01/12/2024 21:00,01/14/2024 23:30,AUDNZD,Buy,0.010,1.07055,1.07297,-0.0800,0.0000,24.2,1.42,0.16,02:02:30:19,4.2,2h 7m,45.9,1.59,28.9,1.7339999999999998,-45.9,-2.754,38.6,93.7,-4.70,-0.28
01/11/2024 08:15,01/14/2024 23:30,AUDNZD,Buy,0.010,1.07410,1.07297,-0.0800,0.0000,-11.3,-0.79,-0.09,03:15:15:22,1.4,1h 13m,87.46155550142,13.44,6.06155550142,0.3636933300852,-81.4,-4.884,6.9,80.1,-17.36,-1.04
01/11/2024 04:15,01/11/2024 13:30,NZDCAD,Sell,0.010,0.83519,0.83406,-0.0900,0.0000,11.3,0.76,0.09,00:09:14:41,46.0,4h 15m,16.4,0.52,20.1121430883,1.6089714470640002,-10.5,-0.84,65.7,71.2,-8.81,-0.70
01/10/2024 13:00,01/11/2024 08:04,AUDNZD,Sell,0.010,1.07543,1.07429,-0.0800,0.0000,11.4,0.63,0.07,00:19:04:42,51.4,9h 48m,29.7,1.19,13.81798812435,0.829079287461,-16.4,-0.9839999999999999,45.7,92.0,-2.42,-0.15
01/10/2024 14:15,01/11/2024 00:46,NZDCAD,Buy,0.010,0.83278,0.83391,-0.0900,0.0000,11.3,0.75,0.09,00:10:31:55,62.8,6h 36m,14.00862499032,0.68,12.13352000948,0.8493464006636,-8.29882815171,-0.5809179706197001,59.4,95.9,-0.83,-0.06
01/09/2024 08:00,01/10/2024 11:39,AUDNZD,Buy,0.010,1.07368,1.07482,-0.0800,0.0000,11.4,0.63,0.07,01:03:39:08,21.0,5h 48m,31.8,2.65,12.0,0.72,-31.8,-1.908,27.4,98.6,-0.60,-0.04
01/10/2024 02:45,01/10/2024 09:04,AUDNZD,Sell,0.010,1.07390,1.07276,-0.0800,0.0000,11.4,0.64,0.07,00:06:19:20,80.0,5h 3m,13.5,0.28,14.0,0.84,-3.9,-0.23399999999999999,78.2,85.5,-2.60,-0.16
01/10/2024 03:30,01/10/2024 07:00,AUDCAD,Sell,0.010,0.89731,0.89618,-0.0900,0.0000,11.3,0.75,0.09,00:03:30:08,100.0,3h 30m,4.7,0.08,11.78904234249,0.8252329639743,0.0,0.0,100.0,95.9,-0.49,-0.03
01/09/2024 08:15,01/09/2024 09:05,AUDCAD,Buy,0.010,0.89497,0.89610,-0.0900,0.0000,11.3,0.75,0.09,00:00:50:27,,,,,,,,,,,,
01/08/2024 12:45,01/08/2024 13:30,NZDCAD,Buy,0.010,0.83169,0.83282,-0.0900,0.0000,11.3,0.76,0.09,00:00:45:55,,,,,,,,,,,,
01/08/2024 12:45,01/08/2024 13:00,AUDCAD,Buy,0.010,0.89398,0.89511,-0.0900,0.0000,11.3,0.75,0.09,00:00:15:31,,,,,,,,,,,,
01/05/2024 13:39,,,Withdrawal,0.010,0.00000,0.00000,0.0000,0.0000,0.0,-2.15,0,00:00:00:00,,,,,,,,,,,,
12/21/2023 02:15,12/26/2023 19:37,AUDNZD,Sell,0.010,1.07879,1.07765,-0.0800,0.0000,11.4,0.65,0.07,05:17:22:44,34.4,1d 23h ,124.2,0.23,119.4,7.164,-27.8,-1.668,81.1,26.6,-108.00,-6.48
12/26/2023 15:00,12/26/2023 19:20,NZDCAD,Buy,0.010,0.83414,0.83527,-0.0900,0.0000,11.3,0.77,0.09,00:04:20:40,100.0,4h 20m,5.02499794633,0.09,11.3,0.904,0.0,0.0,100.0,100.0,0.00,0.00
12/22/2023 11:15,12/22/2023 14:54,AUDCAD,Sell,0.010,0.90315,0.90202,-0.0900,0.0000,11.3,0.77,0.09,00:03:39:51,,,,,,,,,,,,
12/22/2023 03:45,12/22/2023 09:02,AUDCAD,Buy,0.010,0.90055,0.90168,-0.0900,0.0000,11.3,0.76,0.09,00:05:17:27,83.4,4h 24m,1.71637895992,0.13,12.7,1.016,-1.6,-0.128,88.8,90.2,-1.40,-0.11
12/20/2023 22:05,12/21/2023 12:48,NZDCAD,Buy,0.010,0.83507,0.83620,-0.0900,0.0000,11.3,0.76,0.09,00:14:43:09,35.8,5h 16m,20.2,1.41,11.3,0.904,-15.9,-1.272,41.5,100.0,0.00,0.00
12/20/2023 19:45,12/21/2023 02:10,AUDCAD,Buy,0.010,0.89996,0.90109,-0.0900,0.0000,11.3,0.76,0.09,00:06:25:57,85.8,5h 31m,3.3,0.29,11.3,0.904,-3.3,-0.264,77.4,100.0,0.00,0.00
12/20/2023 08:30,12/20/2023 21:56,AUDNZD,Buy,0.010,1.07644,1.07758,-0.0800,0.0000,11.4,0.64,0.07,00:13:26:25,38.5,5h 10m,19.4,1.70,11.4,0.6839999999999999,-19.4,-1.164,37.0,100.0,0.00,0.00
12/20/2023 04:00,12/20/2023 17:37,NZDCAD,Sell,0.010,0.83760,0.83647,-0.0900,0.0000,11.3,0.76,0.09,00:13:37:24,30.8,4h 11m,20.9,1.73,11.3,0.904,-19.5,-1.56,36.7,100.0,0.00,0.00
12/20/2023 04:15,12/20/2023 06:53,AUDCAD,Sell,0.010,0.90401,0.90288,-0.0900,0.0000,11.3,0.76,0.09,00:02:38:06,,,,,,,,,,,,
12/19/2023 15:30,12/19/2023 16:00,AUDCAD,Sell,0.010,0.90333,0.90220,-0.0900,0.0000,11.3,0.75,0.09,00:00:30:16,,,,,,,,,,,,
12/19/2023 03:15,12/19/2023 07:54,NZDCAD,Sell,0.010,0.83453,0.83340,-0.0900,0.0000,11.3,0.75,0.09,00:04:39:13,100.0,4h 39m,0.9,0.08,12.2,0.854,0.0,0.0,100.0,92.6,-0.90,-0.06
12/18/2023 12:15,12/19/2023 06:24,AUDNZD,Sell,0.010,1.07943,1.07829,-0.0800,0.0000,11.4,0.63,0.07,00:18:09:46,83.4,15h 8m,10.2,0.15,11.4,0.6839999999999999,-1.7,-0.102,87.0,100.0,0.00,0.00
12/18/2023 03:45,12/18/2023 10:39,NZDCAD,Sell,0.010,0.83458,0.83345,-0.0900,0.0000,11.3,0.75,0.09,00:06:54:26,57.2,3h 57m,11.1,0.49,11.92692283739,0.8348845986173001,-5.9,-0.4130000000000001,66.9,96.5,-0.63,-0.04
12/18/2023 01:15,12/18/2023 10:17,AUDNZD,Buy,0.010,1.07722,1.07836,-0.0800,0.0000,11.4,0.63,0.07,00:09:02:41,33.4,3h 1m,10.4,0.91,11.4,0.6839999999999999,-10.4,-0.624,52.3,100.0,0.00,0.00
12/15/2023 06:15,12/15/2023 08:00,NZDCAD,Buy,0.010,0.83011,0.83124,-0.0900,0.0000,11.3,0.76,0.09,00:01:45:20,,,,,,,,,,,,
12/14/2023 08:15,12/14/2023 09:40,AUDNZD,Sell,0.010,1.07981,1.07867,-0.0800,0.0000,11.4,0.63,0.07,00:01:25:34,,,,,,,,,,,,
12/14/2023 02:15,12/14/2023 07:17,NZDCAD,Sell,0.010,0.84022,0.83909,-0.0900,0.0000,11.3,0.75,0.09,00:05:02:42,80.0,4h 2m,14.6,0.01,25.9,1.8130000000000002,-0.22555819655,-0.015789073758500003,99.1,44.1,-14.60,-1.02
12/14/2023 06:15,12/14/2023 06:42,AUDCAD,Sell,0.010,0.90574,0.90461,-0.0900,0.0000,11.3,0.75,0.09,00:00:27:12,,,,,,,,,,,,
12/13/2023 08:30,12/13/2023 19:01,AUDNZD,Sell,0.010,1.07584,1.07318,-0.0800,0.0000,26.6,1.56,0.18,00:10:31:24,100.0,10h 31m,49.2,0.02,64.8,3.888,0.0,0.0,100.0,41.0,-38.20,-2.29
12/13/2023 01:45,12/13/2023 19:01,AUDNZD,Sell,0.010,1.07180,1.07318,-0.0800,0.0000,-13.8,-0.93,-0.11,00:17:16:25,5.6,58m,49.2,1.90,24.4,1.464,-46.39320998069,-2.7835925988414,34.5,46.0,-38.20,-2.29
12/13/2023 03:00,12/13/2023 17:37,NZDCAD,Buy,0.010,0.83054,0.83167,-0.0900,0.0000,11.3,0.74,0.09,00:14:37:09,26.7,3h 54m,27.02969283276,2.39,11.3,0.7910000000000001,-27.02969283276,-1.8920784982932002,29.5,100.0,0.00,0.00
12/12/2023 03:30,12/12/2023 13:42,NZDCAD,Sell,0.010,0.83346,0.83233,-0.0900,0.0000,11.3,0.74,0.09,00:10:12:17,30.0,3h 3m,12.9,0.65,17.6,1.2320000000000002,-11.5,-0.805,60.5,78.4,-6.30,-0.44
12/12/2023 03:15,12/12/2023 13:41,AUDCAD,Sell,0.010,0.89302,0.89189,-0.0900,0.0000,11.3,0.74,0.09,00:10:26:01,20.0,2h 5m,12.65657785453,0.72,17.7,1.239,-12.65657785453,-0.8859604498171,58.3,78.9,-6.40,-0.45
12/06/2023 17:45,12/07/2023 07:42,AUDNZD,Buy,0.010,1.06630,1.06873,-0.0800,0.0000,24.3,1.41,0.16,00:13:57:04,85.8,11h 58m,15.0,0.12,25.7,1.5419999999999998,-3.0,-0.18,89.5,95.1,-1.40,-0.08
12/05/2023 05:00,12/07/2023 07:42,AUDNZD,Buy,0.010,1.06987,1.06873,-0.0800,0.0000,-11.4,-0.78,-0.09,02:02:42:05,0.0,0s,38.7,38.76,0.0,0.0,-38.7,-2.322,0.0,70.5,-11.40,-0.68
12/07/2023 07:24,,,Withdrawal,0.010,0.00000,0.00000,0.0000,0.0000,0.0,-2.63,0,00:00:00:00,,,,,,,,,,,,
12/06/2023 01:30,12/06/2023 20:18,NZDCAD,Sell,0.010,0.83513,0.83400,-0.0900,0.0000,11.3,0.74,0.09,00:18:48:29,36.9,6h 56m,24.0,2.12,11.3,0.7910000000000001,-24.0,-1.6800000000000002,32.0,100.0,0.00,0.00
12/05/2023 11:30,12/05/2023 13:00,AUDCAD,Buy,0.010,0.89013,0.89126,-0.0900,0.0000,11.3,0.74,0.09,00:01:30:02,,,,,,,,,,,,
12/03/2023 23:30,12/04/2023 03:53,AUDCAD,Sell,0.010,0.90161,0.90048,-0.0900,0.0000,11.3,0.75,0.09,00:04:23:30,75.0,3h 17m,7.0,0.13,18.3,1.2810000000000001,-2.4,-0.168,88.4,66.2,-7.00,-0.49
12/04/2023 01:45,12/04/2023 02:31,AUDNZD,Sell,0.010,1.07660,1.07546,-0.0800,0.0000,11.4,0.63,0.07,00:00:46:52,,,,,,,,,,,,
12/01/2023 04:00,12/01/2023 08:39,AUDCAD,Buy,0.010,0.89449,0.89562,-0.0900,0.0000,11.3,0.75,0.09,00:04:39:15,,,,,,,,,,,,
12/01/2023 01:00,12/01/2023 06:06,AUDNZD,Buy,0.010,1.07161,1.07275,-0.0800,0.0000,11.4,0.62,0.07,00:05:06:59,,,,,,,,,,,,
12/01/2023 02:00,12/01/2023 03:01,NZDCAD,Sell,0.010,0.83794,0.83681,-0.0900,0.0000,11.3,0.75,0.09,00:01:01:39,,,,,,,,,,,,
11/30/2023 11:00,11/30/2023 13:30,AUDCAD,Buy,0.010,0.89829,0.89942,-0.0900,0.0000,11.3,0.74,0.09,00:02:30:28,,,,,,,,,,,,
11/30/2023 04:15,11/30/2023 08:23,AUDCAD,Sell,0.010,0.90155,0.90042,-0.0900,0.0000,11.3,0.74,0.09,00:04:08:23,,,,,,,,,,,,
11/30/2023 06:15,11/30/2023 07:42,AUDNZD,Sell,0.010,1.07657,1.07543,-0.0800,0.0000,11.4,0.62,0.07,00:01:27:20,,,,,,,,,,,,
11/30/2023 02:45,11/30/2023 05:41,NZDCAD,Sell,0.010,0.83876,0.83763,-0.0900,0.0000,11.3,0.74,0.09,00:02:56:16,,,,,,,,,,,,
11/30/2023 01:45,11/30/2023 04:04,AUDNZD,Buy,0.010,1.07336,1.07450,-0.0800,0.0000,11.4,0.62,0.07,00:02:19:30,,,,,,,,,,,,
11/29/2023 04:15,11/29/2023 09:18,AUDNZD,Buy,0.020,1.07364,1.07692,-0.1600,0.0000,32.8,3.88,0.46,00:05:03:15,,,,,,,,,,,,
11/29/2023 01:15,11/29/2023 09:18,AUDNZD,Buy,0.010,1.07618,1.07692,-0.0800,0.0000,7.4,0.37,0.04,00:08:03:19,,,,,,,,,,,,
11/28/2023 23:30,11/29/2023 09:18,AUDNZD,Buy,0.010,1.08265,1.07692,-0.0800,0.0000,-57.3,-3.61,-0.42,00:09:48:10,,,,,,,,,,,,
11/28/2023 23:30,11/29/2023 00:30,NZDCAD,Sell,0.010,0.83394,0.83281,-0.0900,0.0000,11.3,0.74,0.09,00:01:00:13,,,,,,,,,,,,
11/28/2023 16:45,11/28/2023 17:43,NZDCAD,Sell,0.010,0.83362,0.83249,-0.0900,0.0000,11.3,0.75,0.09,00:00:58:16,,,,,,,,,,,,
11/28/2023 07:30,11/28/2023 13:47,NZDCAD,Buy,0.010,0.82849,0.82962,-0.0900,0.0000,11.3,0.74,0.09,00:06:17:06,,,,,,,,,,,,
11/28/2023 10:15,11/28/2023 13:44,AUDNZD,Sell,0.010,1.08582,1.08468,-0.0800,0.0000,11.4,0.61,0.07,00:03:29:01,,,,,,,,,,,,
11/28/2023 08:30,11/28/2023 09:30,AUDCAD,Buy,0.010,0.89797,0.89910,-0.0900,0.0000,11.3,0.74,0.09,00:01:00:22,,,,,,,,,,,,
11/28/2023 02:45,11/28/2023 03:35,AUDCAD,Sell,0.010,0.90170,0.90057,-0.0900,0.0000,11.3,0.74,0.09,00:00:50:31,,,,,,,,,,,,
11/27/2023 08:45,11/27/2023 16:34,AUDCAD,Sell,0.010,0.89973,0.89860,-0.0900,0.0000,11.3,0.74,0.09,00:07:48:56,,,,,,,,,,,,
11/27/2023 09:00,11/27/2023 16:33,NZDCAD,Sell,0.010,0.83059,0.82946,-0.0900,0.0000,11.3,0.74,0.09,00:07:33:21,,,,,,,,,,,,
11/24/2023 01:15,11/24/2023 14:23,NZDCAD,Sell,0.010,0.82921,0.82808,-0.0900,0.0000,11.3,0.74,0.09,00:13:08:29,,,,,,,,,,,,
11/24/2023 01:00,11/24/2023 03:02,AUDCAD,Sell,0.010,0.89942,0.89829,-0.0900,0.0000,11.3,0.74,0.09,00:02:02:44,,,,,,,,,,,,
11/17/2023 00:00,11/21/2023 07:48,AUDNZD,Sell,0.010,1.08458,1.08344,-0.0800,0.0000,11.4,0.61,0.07,04:07:48:27,12.0,12h 27m,32.5,1.43,22.8,1.3679999999999999,-32.5,-1.95,41.2,79.4,-11.40,-0.68
11/17/2023 10:15,11/17/2023 13:44,AUDCAD,Sell,0.010,0.89252,0.89139,-0.0900,0.0000,11.3,0.74,0.09,00:03:29:41,,,,,,,,,,,,
11/17/2023 00:30,11/17/2023 09:11,NZDCAD,Buy,0.010,0.81992,0.82105,-0.0900,0.0000,11.3,0.73,0.09,00:08:40:55,,,,,,,,,,,,
11/16/2023 01:30,11/16/2023 13:37,NZDCAD,Buy,0.010,0.82138,0.82251,-0.0900,0.0000,11.3,0.73,0.09,00:12:07:15,,,,,,,,,,,,
11/16/2023 02:00,11/16/2023 08:41,AUDCAD,Buy,0.010,0.88790,0.88903,-0.0900,0.0000,11.3,0.73,0.09,00:06:41:22,,,,,,,,,,,,
11/10/2023 12:00,11/13/2023 07:09,AUDNZD,Buy,0.010,1.07804,1.08053,-0.0800,0.0000,24.9,1.39,0.16,02:19:09:33,100.0,2d 19h ,8.4,0.03,33.3,1.9979999999999998,0.0,0.0,100.0,74.8,-8.40,-0.50
11/09/2023 03:30,11/13/2023 07:09,AUDNZD,Buy,0.010,1.08172,1.08053,-0.0800,0.0000,-11.9,-0.78,-0.09,04:03:39:32,0.0,0s,39.2,39.22,0.0,0.0,-39.2,-2.352,0.0,69.6,-11.90,-0.71
11/09/2023 23:30,11/10/2023 12:52,NZDCAD,Buy,0.010,0.81330,0.81443,-0.0900,0.0000,11.3,0.73,0.09,00:13:22:16,,,,,,,,,,,,
11/09/2023 04:30,11/09/2023 19:02,NZDCAD,Sell,0.010,0.81742,0.81629,-0.0900,0.0000,11.3,0.73,0.09,00:14:32:24,,,,,,,,,,,,
11/08/2023 20:00,11/09/2023 02:12,AUDCAD,Buy,0.010,0.88341,0.88454,-0.0900,0.0000,11.3,0.73,0.09,00:06:12:31,,,,,,,,,,,,
11/08/2023 02:30,11/08/2023 09:15,AUDCAD,Sell,0.010,0.88658,0.88545,-0.0900,0.0000,11.3,0.73,0.09,00:06:45:25,,,,,,,,,,,,
11/07/2023 04:45,11/07/2023 16:58,AUDCAD,Buy,0.010,0.88371,0.88484,-0.0900,0.0000,11.3,0.73,0.09,00:12:12:59,,,,,,,,,,,,
11/07/2023 07:45,11/07/2023 10:25,NZDCAD,Buy,0.010,0.81312,0.81425,-0.0900,0.0000,11.3,0.73,0.09,00:02:40:10,,,,,,,,,,,,
11/07/2023 04:45,11/07/2023 07:16,AUDNZD,Buy,0.010,1.08487,1.08601,-0.0800,0.0000,11.4,0.60,0.07,00:02:31:52,,,,,,,,,,,,
11/07/2023 00:15,11/07/2023 02:06,AUDNZD,Sell,0.010,1.08902,1.08788,-0.0800,0.0000,11.4,0.60,0.07,00:01:51:21,,,,,,,,,,,,
11/06/2023 11:00,11/06/2023 15:45,AUDNZD,Sell,0.010,1.08863,1.08749,-0.0800,0.0000,11.4,0.60,0.07,00:04:45:24,,,,,,,,,,,,
11/06/2023 10:15,11/06/2023 15:37,NZDCAD,Buy,0.010,0.81615,0.81728,-0.0900,0.0000,11.3,0.74,0.09,00:05:22:52,,,,,,,,,,,,
11/06/2023 07:10,,,Withdrawal,0.010,0.00000,0.00000,0.0000,0.0000,0.0,-1.72,0,00:00:00:00,,,,,,,,,,,,
11/03/2023 15:30,11/06/2023 02:34,NZDCAD,Sell,0.020,0.81963,0.81735,-0.1800,0.0000,22.8,3.16,0.38,02:11:03:59,100.0,2d 11h ,0.0,0.04,22.8,3.42,0.0,0.0,100.0,100.0,0.00,0.00
11/03/2023 12:45,11/06/2023 02:34,NZDCAD,Sell,0.010,0.81903,0.81735,-0.0900,0.0000,16.8,1.14,0.14,02:13:49:01,20.0,12h 21m,4.9965,0.30,16.8,1.1760000000000002,-4.9965,-0.34975500000000004,77.1,100.0,0.00,0.00
11/03/2023 09:30,11/06/2023 02:34,NZDCAD,Sell,0.010,0.81264,0.81735,-0.0900,0.0000,-47.1,-3.54,-0.42,02:17:03:58,0.0,0s,68.8965,68.97,0.0,0.0,-68.8965,-4.822755000000001,0.0,31.6,-47.10,-3.30
11/03/2023 15:45,11/03/2023 17:28,AUDNZD,Buy,0.010,1.08592,1.08706,-0.0800,0.0000,11.4,0.60,0.07,00:01:43:40,,,,,,,,,,,,
10/29/2023 23:45,11/03/2023 12:49,AUDNZD,Sell,0.200,1.09129,1.08695,-1.6000,0.0000,43.4,50.34,6.39,04:13:04:13,67.9,3d 2h ,44.9,0.24,54.58263826837,65.499165922044,-12.9,-15.48,80.9,83.4,-11.18,-13.42
10/24/2023 11:30,11/03/2023 12:49,AUDNZD,Sell,0.120,1.08786,1.08695,-0.9600,0.0000,9.1,5.57,0.71,10:01:19:11,21.4,2d 3h ,71.58051889951,1.94,24.38051889951,17.5539736076472,-47.2,-33.984,34.1,78.7,-15.28,-11.00
10/20/2023 15:00,11/03/2023 12:49,AUDNZD,Sell,0.080,1.08454,1.08695,-0.6400,0.0000,-24.1,-12.18,-1.53,13:21:49:13,22.7,3d 3h ,108.39479011611,2.87,27.99479011611,13.4374992557328,-80.4,-38.592,25.8,51.9,-52.09,-25.01
10/18/2023 08:15,11/03/2023 12:49,AUDNZD,Sell,0.040,1.08109,1.08695,-0.3200,0.0000,-58.6,-14.34,-1.77,16:04:34:14,1.1,4h 16m,116.0,105.26,1.1,0.264,-114.9,-27.576,0.9,48.5,-59.70,-14.33
10/17/2023 07:15,11/03/2023 12:49,AUDNZD,Sell,0.020,1.07791,1.08695,-0.1600,0.0000,-90.4,-10.98,-1.34,17:05:34:13,0.0,0s,146.7,147.06,0.0,0.0,-146.7,-17.604,0.0,38.4,-90.40,-10.85
10/17/2023 00:15,11/03/2023 12:49,AUDNZD,Sell,0.010,1.07475,1.08695,-0.0800,0.0000,-122.0,-7.38,-0.89,17:12:34:14,0.0,0s,178.3,178.57,0.0,0.0,-178.3,-10.698,0.0,31.6,-122.00,-7.32
10/16/2023 15:30,11/03/2023 12:49,AUDNZD,Sell,0.010,1.07027,1.08695,-0.0800,0.0000,-166.8,-10.06,-1.20,17:21:19:14,0.0,0s,223.1,227.27,0.0,0.0,-223.1,-13.386,0.0,25.2,-166.80,-10.01
11/02/2023 21:30,11/03/2023 06:57,NZDCAD,Buy,0.010,0.81036,0.81149,-0.0900,0.0000,11.3,0.73,0.09,00:09:27:52,,,,,,,,,,,,
11/01/2023 23:15,11/02/2023 19:46,NZDCAD,Sell,0.010,0.81303,0.80997,-0.0900,0.0000,30.6,2.14,0.26,00:20:31:56,60.0,12h 19m,11.7,0.38,30.6,2.1420000000000003,-11.7,-0.8190000000000001,72.3,100.0,0.00,0.00
11/01/2023 09:15,11/02/2023 19:46,NZDCAD,Sell,0.010,0.80817,0.80997,-0.0900,0.0000,-18.0,-1.40,-0.17,01:10:31:54,0.0,0s,62.0,62.11,0.0,0.0,-62.0,-4.340000000000001,0.0,71.0,-18.00,-1.26
10/31/2023 03:30,10/31/2023 21:59,AUDNZD,Buy,0.010,1.08901,1.09016,-0.0800,0.0000,11.5,0.59,0.07,00:18:29:11,40.0,7h 23m,11.7,0.40,23.2,1.392,-9.2,-0.5519999999999999,71.6,63.9,-11.70,-0.70
10/31/2023 15:30,10/31/2023 15:50,AUDCAD,Buy,0.010,0.87686,0.87799,-0.0900,0.0000,11.3,0.72,0.09,00:00:20:58,,,,,,,,,,,,
10/31/2023 09:15,10/31/2023 10:04,NZDCAD,Sell,0.010,0.80915,0.80802,-0.0900,0.0000,11.3,0.73,0.09,00:00:49:54,,,,,,,,,,,,
10/30/2023 03:30,10/31/2023 02:40,AUDCAD,Sell,0.010,0.88084,0.87971,-0.0900,0.0000,11.3,0.73,0.09,00:23:10:00,50.0,11h 35m,9.3361882239,0.49,18.8898967135,1.3222927699450002,-9.3361882239,-0.6535331756730001,66.9,73.1,-7.59,-0.53
10/27/2023 10:15,10/27/2023 11:11,AUDCAD,Sell,0.010,0.87715,0.87602,-0.0900,0.0000,11.3,0.73,0.09,00:00:56:52,,,,,,,,,,,,
10/25/2023 22:15,10/26/2023 12:31,AUDCAD,Buy,0.010,0.86871,0.87155,-0.0900,0.0000,28.4,1.96,0.24,00:14:16:09,,,,,,,,,,,,
10/25/2023 09:45,10/26/2023 12:31,AUDCAD,Buy,0.010,0.87312,0.87155,-0.0900,0.0000,-15.7,-1.23,-0.15,01:02:46:10,0.0,0s,61.0,61.35,0.0,0.0,-61.0,-4.2700000000000005,0.0,74.3,-15.70,-1.10
10/25/2023 00:45,10/25/2023 09:39,AUDCAD,Sell,0.020,0.87687,0.87325,-0.1800,0.0000,36.2,5.07,0.61,00:08:54:21,,,,,,,,,,,,
10/24/2023 13:45,10/25/2023 09:39,AUDCAD,Sell,0.010,0.87195,0.87325,-0.0900,0.0000,-13.0,-1.03,-0.12,00:19:54:14,0.0,0s,49.0,49.02,0.0,0.0,-49.0,-3.43,0.0,73.5,-13.00,-0.91
10/24/2023 01:15,10/25/2023 09:39,AUDCAD,Sell,0.010,0.86882,0.87325,-0.0900,0.0000,-44.3,-3.31,-0.40,01:08:24:22,0.0,0s,80.3,80.65,0.0,0.0,-80.3,-5.621,0.0,44.8,-44.30,-3.10
10/23/2023 19:45,10/23/2023 20:45,AUDNZD,Buy,0.010,1.08250,1.08365,-0.0800,0.0000,11.5,0.59,0.07,00:01:00:41,,,,,,,,,,,,
10/20/2023 05:15,10/23/2023 14:13,AUDCAD,Buy,0.010,0.86560,0.86673,-0.0900,0.0000,11.3,0.73,0.09,03:08:58:25,90.0,3d ,5.2,0.46,11.3,0.7910000000000001,-5.2,-0.36400000000000005,68.5,100.0,0.00,0.00
10/19/2023 01:30,10/19/2023 12:22,AUDCAD,Buy,0.010,0.86587,0.86700,-0.0900,0.0000,11.3,0.73,0.09,00:10:52:55,,,,,,,,,,,,
10/17/2023 16:30,10/19/2023 00:31,AUDCAD,Sell,0.010,0.86925,0.86687,-0.0900,0.0000,23.8,1.64,0.20,01:08:01:01,75.0,1d ,17.1,0.14,40.9,2.863,-5.6,-0.392,88.0,63.2,-17.10,-1.20
10/17/2023 03:00,10/19/2023 00:31,AUDCAD,Sell,0.010,0.86574,0.86687,-0.0900,0.0000,-11.3,-0.92,-0.11,01:21:30:59,8.4,3h 49m,40.7,7.02,5.8,0.406,-40.7,-2.8490000000000006,12.5,63.2,-17.10,-1.20
10/16/2023 02:15,10/16/2023 09:59,NZDCAD,Sell,0.010,0.80820,0.80707,-0.0900,0.0000,11.3,0.73,0.09,00:07:44:43,,,,,,,,,,,,
10/13/2023 14:30,10/16/2023 02:07,NZDCAD,Buy,0.010,0.80484,0.80770,-0.0900,0.0000,28.6,2.00,0.24,02:11:37:08,13.4,7h 59m,4.48775,0.15,30.6,2.1420000000000003,-4.48775,-0.31414250000000005,87.2,94.3,-2.00,-0.14
10/13/2023 06:30,10/16/2023 02:07,NZDCAD,Buy,0.010,0.80930,0.80770,-0.0900,0.0000,-16.0,-1.26,-0.15,02:19:37:07,0.0,0s,52.3,52.36,0.0,0.0,-52.3,-3.661,0.0,69.4,-16.00,-1.12
10/13/2023 15:00,10/15/2023 21:13,AUDCAD,Buy,0.010,0.85984,0.86097,-0.0900,0.0000,11.3,0.73,0.09,02:06:13:28,7.2,3h 54m,10.4,0.92,11.3,0.7910000000000001,-10.4,-0.7280000000000001,52.1,100.0,0.00,0.00
10/13/2023 10:00,10/13/2023 12:04,AUDCAD,Buy,0.010,0.86318,0.86431,-0.0900,0.0000,11.3,0.74,0.09,00:02:04:38,,,,,,,,,,,,
10/08/2023 22:15,10/12/2023 02:38,AUDNZD,Buy,0.010,1.06481,1.06730,-0.0800,0.0000,24.9,1.41,0.17,03:04:23:14,52.7,1d 16h ,20.6,0.73,27.0,1.6199999999999999,-19.8,-1.188,57.7,95.5,-2.10,-0.13
10/05/2023 09:45,10/12/2023 02:38,AUDNZD,Buy,0.010,1.06850,1.06730,-0.0800,0.0000,-12.0,-0.81,-0.10,06:16:53:15,2.5,4h 1m,60.9,13.51,4.2,0.252,-56.7,-3.402,6.9,73.4,-16.20,-0.97
10/05/2023 02:00,10/06/2023 12:34,NZDCAD,Sell,0.010,0.81550,0.81437,-0.0900,0.0000,11.3,0.73,0.09,01:10:34:02,11.2,3h 52m,29.6,2.62,11.3,0.7910000000000001,-29.6,-2.0720000000000005,27.6,100.0,0.00,0.00
10/05/2023 08:38,,,Withdrawal,0.010,0.00000,0.00000,0.0000,0.0000,0.0,-2.13,0,00:00:00:00,,,,,,,,,,,,
10/05/2023 02:00,10/05/2023 07:20,AUDCAD,Sell,0.010,0.87322,0.87209,-0.0900,0.0000,11.3,0.73,0.09,00:05:20:21,,,,,,,,,,,,
10/04/2023 11:15,10/04/2023 11:55,AUDCAD,Sell,0.010,0.86764,0.86651,-0.0900,0.0000,11.3,0.74,0.09,00:00:40:38,,,,,,,,,,,,
10/03/2023 06:00,10/04/2023 11:05,AUDCAD,Buy,0.010,0.86483,0.86734,-0.0900,0.0000,25.1,1.74,0.21,01:05:05:52,42.9,12h 28m,14.97044139111,0.60,25.1,1.7570000000000003,-14.97044139111,-1.0479308973777002,62.6,100.0,0.00,0.00
10/03/2023 02:30,10/04/2023 11:05,AUDCAD,Buy,0.010,0.86859,0.86734,-0.0900,0.0000,-12.5,-1.00,-0.12,01:08:35:51,0.0,0s,52.57044139111,52.63,0.0,0.0,-52.57044139111,-3.6799308973777003,0.0,76.2,-12.50,-0.88
10/03/2023 13:30,10/03/2023 23:44,NZDCAD,Buy,0.010,0.80769,0.81037,-0.0900,0.0000,26.8,1.87,0.23,00:10:14:07,,,,,,,,,,,,
10/03/2023 01:30,10/03/2023 23:44,NZDCAD,Buy,0.010,0.81179,0.81037,-0.0900,0.0000,-14.2,-1.12,-0.14,00:22:14:08,0.0,0s,33.7,33.78,0.0,0.0,-33.7,-2.3590000000000004,0.0,57.9,-14.20,-0.99
10/02/2023 07:15,10/03/2023 01:57,NZDCAD,Sell,0.020,0.81460,0.81122,-0.1800,0.0000,33.8,4.76,0.58,00:18:41:59,100.0,18h 41m,1.1,0.03,34.9,5.234999999999999,0.0,0.0,100.0,96.8,-1.10,-0.17
09/29/2023 06:30,10/03/2023 01:57,NZDCAD,Sell,0.010,0.81054,0.81122,-0.0900,0.0000,-6.8,-0.59,-0.07,03:19:27:01,0.0,0s,38.0276,38.17,0.0,0.0,-38.0276,-2.661932,0.0,82.1,-6.80,-0.48
09/29/2023 01:15,10/03/2023 01:57,NZDCAD,Sell,0.010,0.80664,0.81122,-0.0900,0.0000,-45.8,-3.44,-0.42,04:00:42:00,0.0,0s,77.0276,77.52,0.0,0.0,-77.0276,-5.391932000000001,0.0,40.5,-45.80,-3.21
10/02/2023 04:45,10/02/2023 07:13,AUDCAD,Buy,0.010,0.87030,0.87143,-0.0900,0.0000,11.3,0.75,0.09,00:02:28:49,,,,,,,,,,,,
09/29/2023 20:15,10/02/2023 04:37,AUDCAD,Sell,0.020,0.87354,0.87034,-0.1800,0.0000,32.0,4.53,0.55,02:08:22:18,21.5,12h 7m,0.0,0.03,32.0,4.8,0.0,0.0,100.0,100.0,0.00,0.00
09/29/2023 02:15,10/02/2023 04:37,AUDCAD,Sell,0.010,0.86980,0.87034,-0.0900,0.0000,-5.4,-0.48,-0.06,03:02:22:18,0.0,0s,33.90408845462,34.01,0.0,0.0,-33.90408845462,-2.3732861918234005,0.0,84.1,-5.40,-0.38
09/28/2023 15:45,10/02/2023 04:37,AUDCAD,Sell,0.010,0.86598,0.87034,-0.0900,0.0000,-43.6,-3.30,-0.40,03:12:52:19,0.0,0s,72.10408845462,72.46,0.0,0.0,-72.10408845462,-5.0472861918234,0.0,39.5,-43.60,-3.05
09/28/2023 08:30,09/28/2023 12:48,AUDNZD,Buy,0.040,1.07198,1.07556,-0.3200,0.0000,35.8,8.18,1.01,00:04:18:50,,,,,,,,,,,,
09/25/2023 14:45,09/28/2023 12:48,AUDNZD,Buy,0.020,1.07606,1.07556,-0.1600,0.0000,-5.0,-0.76,-0.09,02:22:03:50,22.3,15h 37m,40.5,12.97,2.9,0.348,-37.6,-4.512,7.2,80.5,-7.90,-0.95
09/22/2023 14:00,09/28/2023 12:48,AUDNZD,Buy,0.010,1.07919,1.07556,-0.0800,0.0000,-36.3,-2.23,-0.27,05:22:48:49,38.9,2d 7h ,83.81055036876,4.62,14.91055036876,0.8946330221255999,-68.9,-4.134,17.8,38.9,-51.21,-3.07
09/21/2023 09:30,09/28/2023 12:48,AUDNZD,Buy,0.010,1.08306,1.07556,-0.0800,0.0000,-75.0,-4.53,-0.55,07:03:18:48,0.0,0s,107.6,108.70,0.0,0.0,-107.6,-6.4559999999999995,0.0,30.3,-75.00,-4.50
09/28/2023 09:45,09/28/2023 12:46,NZDCAD,Sell,0.010,0.80294,0.80181,-0.0900,0.0000,11.3,0.74,0.09,00:03:01:01,,,,,,,,,,,,
09/27/2023 17:30,09/28/2023 09:40,AUDCAD,Buy,0.020,0.85778,0.86117,-0.1800,0.0000,33.9,4.84,0.59,00:16:10:39,100.0,16h 10m,5.36071471944,0.03,39.26071471944,5.889107207916,0.0,0.0,100.0,86.3,-5.36,-0.80
09/27/2023 06:45,09/28/2023 09:40,AUDCAD,Buy,0.010,0.86204,0.86117,-0.0900,0.0000,-8.7,-0.73,-0.09,01:02:55:39,0.0,0s,50.00071097569,50.25,0.0,0.0,-50.00071097569,-3.5000497682983003,0.0,82.6,-8.70,-0.61
09/25/2023 06:00,09/28/2023 09:40,AUDCAD,Buy,0.010,0.86556,0.86117,-0.0900,0.0000,-43.9,-3.34,-0.41,03:03:40:39,0.0,0s,85.20071097569,85.47,0.0,0.0,-85.20071097569,-5.964049768298301,0.0,48.5,-43.90,-3.07
09/22/2023 15:00,09/22/2023 15:13,AUDCAD,Sell,0.010,0.86950,0.86837,-0.0900,0.0000,11.3,0.75,0.09,00:00:12:59,,,,,,,,,,,,
09/21/2023 00:30,09/22/2023 12:42,AUDCAD,Buy,0.010,0.86653,0.86766,-0.0900,0.0000,11.3,0.75,0.09,01:12:12:28,33.4,12h 5m,30.01681189134,1.33,22.5,1.5750000000000002,-30.01681189134,-2.1011768323938003,42.8,78.7,-11.20,-0.78
09/20/2023 21:15,09/20/2023 22:57,AUDCAD,Buy,0.010,0.86767,0.86880,-0.0900,0.0000,11.3,0.74,0.09,00:01:42:15,,,,,,,,,,,,
09/20/2023 10:45,09/20/2023 18:01,NZDCAD,Sell,0.010,0.80089,0.79976,-0.0900,0.0000,11.3,0.75,0.09,00:07:16:34,,,,,,,,,,,,
09/20/2023 11:30,09/20/2023 18:01,AUDCAD,Sell,0.010,0.87058,0.86945,-0.0900,0.0000,11.3,0.75,0.09,00:06:31:04,,,,,,,,,,,,
09/20/2023 00:00,09/20/2023 01:10,AUDCAD,Sell,0.010,0.86899,0.86786,-0.0900,0.0000,11.3,0.75,0.09,00:01:10:41,,,,,,,,,,,,
09/19/2023 23:45,09/20/2023 00:56,NZDCAD,Sell,0.010,0.79990,0.79877,-0.0900,0.0000,11.3,0.75,0.09,00:01:11:20,,,,,,,,,,,,
09/19/2023 15:00,09/19/2023 19:48,AUDNZD,Sell,0.010,1.08938,1.08824,-0.0800,0.0000,11.4,0.59,0.07,00:04:48:06,,,,,,,,,,,,
09/18/2023 15:30,09/19/2023 12:48,AUDNZD,Buy,0.010,1.08790,1.08905,-0.0800,0.0000,11.5,0.60,0.07,00:21:18:34,33.4,7h 7m,8.8,0.73,12.0,0.72,-8.8,-0.528,57.7,97.6,-0.50,-0.03
09/19/2023 06:45,09/19/2023 07:39,AUDCAD,Buy,0.010,0.86651,0.86764,-0.0900,0.0000,11.3,0.75,0.09,00:00:54:48,,,,,,,,,,,,
09/15/2023 02:15,09/18/2023 00:43,AUDNZD,Sell,0.010,1.09022,1.08907,-0.0800,0.0000,11.5,0.60,0.07,02:22:28:21,83.4,2d 10h ,11.5,1.00,11.5,0.69,-11.5,-0.69,50.0,100.0,0.00,0.00
09/15/2023 03:30,09/15/2023 08:25,AUDCAD,Sell,0.010,0.87280,0.87167,-0.0900,0.0000,11.3,0.74,0.09,00:04:55:38,,,,,,,,,,,,
09/14/2023 00:30,09/14/2023 02:08,AUDCAD,Sell,0.010,0.87174,0.87061,-0.0900,0.0000,11.3,0.75,0.09,00:01:38:21,,,,,,,,,,,,
09/13/2023 23:15,09/14/2023 00:21,AUDNZD,Buy,0.010,1.08425,1.08540,-0.0800,0.0000,11.5,0.60,0.07,00:01:06:14,,,,,,,,,,,,
09/07/2023 04:45,09/11/2023 05:24,AUDNZD,Buy,0.010,1.08454,1.08569,-0.0800,0.0000,11.5,0.61,0.08,04:00:39:30,20.9,20h 12m,23.6,1.07,19.3,1.158,-20.6,-1.236,48.4,80.5,-7.80,-0.47
09/08/2023 15:15,09/10/2023 22:40,AUDCAD,Buy,0.010,0.87013,0.87126,-0.0900,0.0000,11.3,0.74,0.09,02:07:25:49,100.0,2d 7h ,0.0,0.09,11.3,0.7910000000000001,0.0,0.0,100.0,100.0,0.00,0.00
09/08/2023 06:00,09/08/2023 07:25,AUDCAD,Sell,0.010,0.87496,0.87383,-0.0900,0.0000,11.3,0.74,0.09,00:01:25:14,,,,,,,,,,,,
09/08/2023 00:45,09/08/2023 01:24,NZDCAD,Sell,0.010,0.80610,0.80497,-0.0900,0.0000,11.3,0.74,0.09,00:00:39:13,,,,,,,,,,,,
09/05/2023 06:30,09/07/2023 16:11,AUDCAD,Buy,0.010,0.87089,0.87344,-0.0900,0.0000,25.5,1.77,0.22,02:09:41:01,53.4,1d 6h ,27.4,0.97,25.5,1.7850000000000001,-24.67603920718,-1.7273227445026003,50.8,100.0,0.00,0.00
09/05/2023 02:30,09/07/2023 16:11,AUDCAD,Buy,0.010,0.87472,0.87344,-0.0900,0.0000,-12.8,-1.03,-0.13,02:13:41:02,0.0,0s,62.97603920718,63.29,0.0,0.0,-62.97603920718,-4.4083227445026,0.0,79.7,-12.80,-0.90
09/06/2023 16:45,09/07/2023 03:00,AUDNZD,Sell,0.010,1.08677,1.08562,-0.0800,0.0000,11.5,0.60,0.07,00:10:15:04,,,,,,,,,,,,
09/06/2023 10:15,09/06/2023 11:07,AUDCAD,Sell,0.010,0.87328,0.87215,-0.0900,0.0000,11.3,0.74,0.09,00:00:52:23,,,,,,,,,,,,
09/06/2023 06:00,09/06/2023 07:43,NZDCAD,Sell,0.010,0.80439,0.80326,-0.0900,0.0000,11.3,0.74,0.09,00:01:43:36,,,,,,,,,,,,
09/06/2023 06:00,09/06/2023 06:41,AUDCAD,Sell,0.010,0.87247,0.87134,-0.0900,0.0000,11.3,0.74,0.09,00:00:41:29,,,,,,,,,,,,
09/05/2023 10:45,09/06/2023 05:58,NZDCAD,Buy,0.010,0.80177,0.80426,-0.0900,0.0000,24.9,1.74,0.22,00:19:13:22,100.0,19h 13m,0.0,0.04,24.9,1.743,0.0,0.0,100.0,100.0,0.00,0.00
09/05/2023 02:30,09/06/2023 05:58,NZDCAD,Buy,0.010,0.80548,0.80426,-0.0900,0.0000,-12.2,-0.98,-0.12,01:03:28:40,0.0,0s,50.71236582855,50.76,0.0,0.0,-50.71236582855,-3.5498656079985,0.0,75.9,-12.20,-0.85
09/04/2023 05:15,09/05/2023 01:54,AUDNZD,Sell,0.010,1.08739,1.08625,-0.0800,0.0000,11.4,0.59,0.07,00:20:39:16,40.0,8h 15m,5.2,0.17,16.6,0.996,-2.9,-0.174,85.1,73.3,-5.20,-0.31
09/04/2023 02:30,09/04/2023 04:15,AUDCAD,Sell,0.010,0.87923,0.87810,-0.0900,0.0000,11.3,0.74,0.09,00:01:45:39,,,,,,,,,,,,
09/01/2023 06:30,09/01/2023 06:39,AUDCAD,Buy,0.010,0.87174,0.87287,-0.0900,0.0000,11.3,0.75,0.09,00:00:09:54,,,,,,,,,,,,
08/30/2023 22:15,08/31/2023 08:39,AUDNZD,Sell,0.010,1.08802,1.08688,-0.0800,0.0000,11.4,0.60,0.08,00:10:24:36,,,,,,,,,,,,
08/30/2023 21:00,08/31/2023 01:34,NZDCAD,Buy,0.010,0.80636,0.80749,-0.0900,0.0000,11.3,0.74,0.09,00:04:34:03,,,,,,,,,,,,
08/29/2023 15:45,08/30/2023 02:00,NZDCAD,Sell,0.010,0.80873,0.80760,-0.0900,0.0000,11.3,0.74,0.09,00:10:15:21,,,,,,,,,,,,
08/29/2023 19:30,08/29/2023 20:50,AUDCAD,Sell,0.010,0.87938,0.87825,-0.0900,0.0000,11.3,0.74,0.09,00:01:20:34,,,,,,,,,,,,
08/29/2023 02:15,08/29/2023 11:57,AUDCAD,Sell,0.010,0.87563,0.87450,-0.0900,0.0000,11.3,0.74,0.09,00:09:42:08,,,,,,,,,,,,
08/29/2023 03:30,08/29/2023 11:26,NZDCAD,Sell,0.010,0.80551,0.80438,-0.0900,0.0000,11.3,0.74,0.09,00:07:56:49,,,,,,,,,,,,
08/28/2023 10:00,08/28/2023 11:23,AUDCAD,Buy,0.010,0.87109,0.87222,-0.0900,0.0000,11.3,0.74,0.09,00:01:23:26,,,,,,,,,,,,
08/28/2023 08:00,08/28/2023 11:17,NZDCAD,Buy,0.010,0.80227,0.80340,-0.0900,0.0000,11.3,0.74,0.09,00:03:17:38,,,,,,,,,,,,
08/24/2023 12:45,08/25/2023 14:03,NZDCAD,Buy,0.010,0.80327,0.80564,-0.0900,0.0000,23.7,1.65,0.21,01:01:18:39,83.4,21h 6m,20.2,0.48,23.7,1.659,-11.3,-0.7910000000000001,67.7,100.0,0.00,0.00
08/24/2023 01:15,08/25/2023 14:03,NZDCAD,Buy,0.010,0.80674,0.80564,-0.0900,0.0000,-11.0,-0.89,-0.11,01:12:48:38,0.0,0s,46.0,46.08,0.0,0.0,-46.0,-3.22,0.0,76.1,-11.00,-0.77
08/25/2023 04:30,08/25/2023 13:25,AUDNZD,Sell,0.010,1.08545,1.08430,-0.0800,0.0000,11.5,0.60,0.08,00:08:55:55,,,,,,,,,,,,
08/23/2023 20:30,08/24/2023 23:25,AUDNZD,Sell,0.010,1.08423,1.08309,-0.0800,0.0000,11.4,0.60,0.08,01:02:55:45,50.0,13h 27m,11.0,0.96,11.4,0.6839999999999999,-11.0,-0.6599999999999999,50.9,100.0,0.00,0.00
08/23/2023 01:15,08/23/2023 07:00,AUDCAD,Sell,0.010,0.87215,0.87102,-0.0900,0.0000,11.3,0.75,0.09,00:05:45:23,,,,,,,,,,,,
08/23/2023 01:30,08/23/2023 03:12,NZDCAD,Sell,0.010,0.80737,0.80624,-0.0900,0.0000,11.3,0.75,0.09,00:01:42:35,,,,,,,,,,,,
08/22/2023 03:45,08/22/2023 13:55,AUDCAD,Sell,0.010,0.87006,0.86893,-0.0900,0.0000,11.3,0.75,0.10,00:10:10:14,,,,,,,,,,,,
08/22/2023 06:30,08/22/2023 12:44,NZDCAD,Sell,0.010,0.80568,0.80455,-0.0900,0.0000,11.3,0.74,0.09,00:06:14:19,,,,,,,,,,,,
08/21/2023 17:30,08/22/2023 01:15,AUDCAD,Sell,0.010,0.86887,0.86774,-0.0900,0.0000,11.3,0.75,0.10,00:07:45:51,,,,,,,,,,,,
08/21/2023 00:00,08/22/2023 00:34,AUDNZD,Sell,0.010,1.08228,1.08114,-0.0800,0.0000,11.4,0.60,0.08,01:00:34:18,50.0,12h 17m,7.2,0.63,11.4,0.6839999999999999,-7.2,-0.432,61.3,100.0,0.00,0.00
08/21/2023 08:30,08/21/2023 09:18,AUDCAD,Buy,0.010,0.86543,0.86656,-0.0900,0.0000,11.3,0.75,0.10,00:00:48:10,,,,,,,,,,,,
08/21/2023 02:00,08/21/2023 05:05,NZDCAD,Buy,0.010,0.80065,0.80178,-0.0900,0.0000,11.3,0.74,0.09,00:03:05:08,,,,,,,,,,,,
08/18/2023 15:00,08/18/2023 18:45,NZDCAD,Sell,0.010,0.80499,0.80386,-0.0900,0.0000,11.3,0.74,0.09,00:03:44:59,,,,,,,,,,,,
08/18/2023 15:00,08/18/2023 16:36,AUDCAD,Sell,0.010,0.86930,0.86817,-0.0900,0.0000,11.3,0.75,0.10,00:01:36:31,,,,,,,,,,,,
08/17/2023 10:30,08/17/2023 14:17,AUDCAD,Sell,0.010,0.86872,0.86759,-0.0900,0.0000,11.3,0.74,0.09,00:03:47:49,,,,,,,,,,,,
08/17/2023 10:30,08/17/2023 14:05,NZDCAD,Sell,0.010,0.80382,0.80269,-0.0900,0.0000,11.3,0.75,0.10,00:03:35:56,,,,,,,,,,,,
08/17/2023 01:45,08/17/2023 06:36,AUDCAD,Buy,0.010,0.86351,0.86626,-0.0900,0.0000,27.5,1.94,0.25,00:04:51:12,,,,,,,,,,,,
08/17/2023 00:15,08/17/2023 06:36,AUDCAD,Buy,0.010,0.86774,0.86626,-0.0900,0.0000,-14.8,-1.18,-0.15,00:06:21:12,,,,,,,,,,,,
08/17/2023 04:00,08/17/2023 06:08,NZDCAD,Buy,0.010,0.79973,0.80086,-0.0900,0.0000,11.3,0.75,0.10,00:02:08:12,,,,,,,,,,,,
08/16/2023 06:45,08/16/2023 09:49,AUDCAD,Sell,0.010,0.87277,0.87164,-0.0900,0.0000,11.3,0.74,0.09,00:03:04:03,,,,,,,,,,,,
08/16/2023 06:30,08/16/2023 09:33,NZDCAD,Sell,0.010,0.80736,0.80623,-0.0900,0.0000,11.3,0.75,0.10,00:03:03:28,,,,,,,,,,,,
08/16/2023 00:45,08/16/2023 02:54,AUDCAD,Buy,0.010,0.86969,0.87082,-0.0900,0.0000,11.3,0.75,0.10,00:02:09:58,,,,,,,,,,,,
08/16/2023 00:45,08/16/2023 02:01,NZDCAD,Buy,0.010,0.80215,0.80328,-0.0900,0.0000,11.3,0.75,0.10,00:01:16:45,,,,,,,,,,,,
08/04/2023 13:15,08/07/2023 14:00,AUDCAD,Sell,0.010,0.88099,0.87777,-0.0900,0.0000,32.2,2.32,0.30,03:00:45:06,100.0,3d ,0.7,0.03,32.9,2.303,0.0,0.0,100.0,97.9,-0.70,-0.05
08/03/2023 23:45,08/07/2023 14:00,AUDCAD,Sell,0.010,0.87581,0.87777,-0.0900,0.0000,-19.6,-1.56,-0.20,03:14:15:05,4.6,3h 58m,50.51,40.82,1.21,0.0968,-49.3,-3.944,2.4,58.8,-20.81,-1.66
08/03/2023 17:00,08/07/2023 11:55,AUDNZD,Sell,0.010,1.07746,1.07632,-0.0800,0.0000,11.4,0.62,0.08,03:18:54:58,18.2,16h 32m,72.5,6.24,11.4,0.6839999999999999,-71.1,-4.265999999999999,13.8,100.0,0.00,0.00
08/03/2023 16:45,08/03/2023 17:28,AUDCAD,Sell,0.010,0.87544,0.87431,-0.0900,0.0000,11.3,0.75,0.10,00:00:42:59,,,,,,,,,,,,
08/02/2023 14:30,08/03/2023 16:49,AUDCAD,Buy,0.020,0.87201,0.87555,-0.1800,0.0000,35.4,5.13,0.67,01:02:19:11,100.0,1d 2h ,1.6,0.03,35.4,5.31,0.0,0.0,100.0,100.0,0.00,0.00
08/02/2023 03:15,08/03/2023 16:49,AUDCAD,Buy,0.010,0.87641,0.87555,-0.0900,0.0000,-8.6,-0.73,-0.09,01:13:34:10,0.0,0s,42.0,42.02,0.0,0.0,-42.0,-2.9400000000000004,0.0,79.5,-8.60,-0.60
08/01/2023 06:30,08/03/2023 16:49,AUDCAD,Buy,0.010,0.88024,0.87555,-0.0900,0.0000,-46.9,-3.61,-0.47,02:10:19:11,0.0,0s,80.3,80.65,0.0,0.0,-80.3,-6.4239999999999995,0.0,41.6,-46.90,-3.75
08/02/2023 03:15,08/02/2023 08:42,NZDCAD,Buy,0.010,0.81232,0.81345,-0.0900,0.0000,11.3,0.76,0.10,00:05:27:21,,,,,,,,,,,,
08/02/2023 01:45,08/02/2023 02:38,AUDNZD,Sell,0.010,1.07972,1.07858,-0.0800,0.0000,11.4,0.62,0.08,00:00:53:44,,,,,,,,,,,,
08/01/2023 06:30,08/01/2023 23:20,AUDNZD,Buy,0.010,1.07652,1.07766,-0.0800,0.0000,11.4,0.62,0.08,00:16:50:00,50.0,8h 25m,5.8,0.49,11.9,0.714,-5.8,-0.348,67.2,97.2,-0.50,-0.03
07/28/2023 07:15,07/28/2023 11:14,AUDCAD,Buy,0.010,0.87829,0.88147,-0.0900,0.0000,31.8,2.32,0.30,00:03:59:54,,,,,,,,,,,,
07/28/2023 03:30,07/28/2023 11:14,AUDCAD,Buy,0.010,0.88338,0.88147,-0.0900,0.0000,-19.1,-1.53,-0.20,00:07:44:53,,,,,,,,,,,,
07/28/2023 07:30,07/28/2023 09:42,NZDCAD,Buy,0.010,0.81172,0.81285,-0.0900,0.0000,11.3,0.76,0.10,00:02:12:26,,,,,,,,,,,,
07/28/2023 04:15,07/28/2023 07:17,AUDNZD,Buy,0.010,1.08103,1.08217,-0.0800,0.0000,11.4,0.61,0.08,00:03:02:43,,,,,,,,,,,,
07/27/2023 23:30,07/28/2023 00:55,AUDNZD,Buy,0.010,1.08377,1.08491,-0.0800,0.0000,11.4,0.62,0.08,00:01:24:53,,,,,,,,,,,,
07/27/2023 02:00,07/27/2023 12:49,NZDCAD,Sell,0.010,0.82302,0.82189,-0.0900,0.0000,11.3,0.77,0.10,00:10:49:42,,,,,,,,,,,,
07/27/2023 02:15,07/27/2023 02:57,AUDCAD,Sell,0.010,0.89746,0.89633,-0.0900,0.0000,11.3,0.76,0.10,00:00:42:03,,,,,,,,,,,,
07/26/2023 10:00,07/26/2023 11:59,NZDCAD,Sell,0.010,0.82185,0.82072,-0.0900,0.0000,11.3,0.77,0.10,00:01:59:45,,,,,,,,,,,,
07/26/2023 06:15,07/26/2023 06:54,AUDNZD,Buy,0.010,1.08653,1.08767,-0.0800,0.0000,11.4,0.63,0.08,00:00:39:48,,,,,,,,,,,,
07/25/2023 13:00,07/26/2023 01:30,AUDCAD,Sell,0.010,0.89313,0.89067,-0.0900,0.0000,24.6,1.78,0.23,00:12:30:09,,,,,,,,,,,,
07/25/2023 02:30,07/26/2023 01:30,AUDCAD,Sell,0.010,0.88946,0.89067,-0.0900,0.0000,-12.1,-1.00,-0.13,00:23:00:09,,,,,,,,,,,,
07/25/2023 06:15,07/25/2023 12:16,AUDNZD,Sell,0.010,1.08954,1.08840,-0.0800,0.0000,11.4,0.63,0.08,00:06:01:51,,,,,,,,,,,,
07/25/2023 00:15,07/25/2023 01:35,AUDCAD,Buy,0.010,0.88643,0.88890,-0.0900,0.0000,24.7,1.78,0.23,00:01:20:20,,,,,,,,,,,,
07/21/2023 08:00,07/25/2023 01:35,AUDCAD,Buy,0.010,0.89010,0.88890,-0.0900,0.0000,-12.0,-1.01,-0.13,03:17:35:19,,,,,,,,,,,,
07/20/2023 12:45,07/24/2023 08:00,AUDNZD,Sell,0.010,1.08933,1.08679,-0.0800,0.0000,25.4,1.50,0.20,03:19:15:03,,,,,,,,,,,,
07/20/2023 07:00,07/24/2023 08:00,AUDNZD,Sell,0.010,1.08553,1.08679,-0.0800,0.0000,-12.6,-0.86,-0.11,04:01:00:04,0.0,0s,12.6,12.61,0.0,0.0,-12.6,-0.756,0.0,0.0,-12.60,-0.76
07/21/2023 02:30,07/21/2023 03:47,NZDCAD,Buy,0.010,0.81890,0.82003,-0.0900,0.0000,11.3,0.77,0.10,00:01:17:23,,,,,,,,,,,,
07/21/2023 01:15,07/21/2023 01:41,AUDCAD,Buy,0.010,0.89100,0.89213,-0.0900,0.0000,11.3,0.77,0.10,00:00:26:18,,,,,,,,,,,,
07/20/2023 16:00,07/20/2023 22:05,NZDCAD,Buy,0.010,0.82047,0.82160,-0.0900,0.0000,11.3,0.77,0.10,00:06:05:14,,,,,,,,,,,,
07/20/2023 04:00,07/20/2023 06:04,NZDCAD,Sell,0.010,0.82843,0.82730,-0.0900,0.0000,11.3,0.77,0.10,00:02:04:08,,,,,,,,,,,,
07/19/2023 05:15,07/20/2023 01:30,NZDCAD,Buy,0.010,0.82450,0.82563,-0.0900,0.0000,11.3,0.77,0.10,00:20:15:38,,,,,,,,,,,,
07/19/2023 08:45,07/20/2023 01:30,AUDCAD,Buy,0.010,0.89191,0.89443,-0.0900,0.0000,25.2,1.83,0.24,00:16:45:01,,,,,,,,,,,,
07/19/2023 01:30,07/20/2023 01:30,AUDCAD,Buy,0.010,0.89568,0.89443,-0.0900,0.0000,-12.5,-1.04,-0.14,01:00:00:03,,,,,,,,,,,,
07/18/2023 12:30,07/18/2023 22:49,NZDCAD,Buy,0.010,0.82900,0.83129,-0.0900,0.0000,22.9,1.65,0.22,00:10:19:54,,,,,,,,,,,,
07/18/2023 08:30,07/18/2023 22:49,NZDCAD,Buy,0.010,0.83232,0.83129,-0.0900,0.0000,-10.3,-0.87,-0.11,00:14:19:51,,,,,,,,,,,,
07/18/2023 12:15,07/18/2023 22:45,AUDNZD,Sell,0.010,1.08365,1.08108,-0.0800,0.0000,25.7,1.54,0.20,00:10:30:26,,,,,,,,,,,,
07/18/2023 06:30,07/18/2023 22:45,AUDNZD,Sell,0.010,1.07979,1.08108,-0.0800,0.0000,-12.9,-0.89,-0.12,00:16:15:26,,,,,,,,,,,,
07/17/2023 20:15,07/18/2023 00:38,AUDNZD,Sell,0.010,1.07789,1.07675,-0.0800,0.0000,11.4,0.64,0.08,00:04:23:03,,,,,,,,,,,,
07/17/2023 13:45,07/17/2023 17:45,NZDCAD,Buy,0.010,0.83331,0.83608,-0.0900,0.0000,27.7,2.01,0.27,00:04:00:25,,,,,,,,,,,,
07/17/2023 09:30,07/17/2023 17:45,NZDCAD,Buy,0.010,0.83759,0.83608,-0.0900,0.0000,-15.1,-1.23,-0.16,00:08:15:31,,,,,,,,,,,,
07/17/2023 13:45,07/17/2023 17:24,AUDCAD,Buy,0.010,0.89659,0.89951,-0.0900,0.0000,29.2,2.13,0.28,00:03:39:37,,,,,,,,,,,,
07/17/2023 03:15,07/17/2023 17:24,AUDCAD,Buy,0.010,0.90116,0.89951,-0.0900,0.0000,-16.5,-1.34,-0.18,00:14:09:36,,,,,,,,,,,,
07/14/2023 14:45,07/17/2023 09:28,NZDCAD,Sell,0.020,0.84048,0.83758,-0.1800,0.0000,29.0,4.20,0.56,02:18:43:44,,,,,,,,,,,,
07/13/2023 12:30,07/17/2023 09:28,NZDCAD,Sell,0.010,0.83840,0.83758,-0.0900,0.0000,8.2,0.53,0.07,03:20:58:36,,,,,,,,,,,,
07/13/2023 01:45,07/17/2023 09:28,NZDCAD,Sell,0.010,0.83249,0.83758,-0.0900,0.0000,-50.9,-3.94,-0.52,04:07:43:45,0.0,0s,50.9,51.02,0.0,0.0,-50.9,-4.072,0.0,0.0,-50.90,-4.07
07/13/2023 12:30,07/14/2023 12:35,AUDCAD,Sell,0.010,0.90310,0.90006,-0.0900,0.0000,30.4,2.22,0.29,01:00:05:40,,,,,,,,,,,,
07/13/2023 05:45,07/14/2023 12:35,AUDCAD,Sell,0.010,0.89827,0.90006,-0.0900,0.0000,-17.9,-1.46,-0.19,01:06:50:42,,,,,,,,,,,,
07/12/2023 08:45,07/12/2023 12:30,NZDCAD,Buy,0.010,0.81885,0.81998,-0.0900,0.0000,11.3,0.76,0.10,00:03:45:11,,,,,,,,,,,,
07/12/2023 07:45,07/12/2023 12:30,AUDCAD,Buy,0.010,0.88427,0.88693,-0.0900,0.0000,26.6,1.92,0.26,00:04:45:03,,,,,,,,,,,,
07/12/2023 02:00,07/12/2023 07:34,AUDNZD,Sell,0.010,1.08082,1.07819,-0.0800,0.0000,26.3,1.56,0.21,00:05:33:57,,,,,,,,,,,,
07/11/2023 05:15,07/12/2023 07:34,AUDNZD,Sell,0.010,1.07684,1.07819,-0.0800,0.0000,-13.5,-0.91,-0.12,01:02:18:59,,,,,,,,,,,,
07/11/2023 06:15,07/12/2023 02:32,NZDCAD,Buy,0.010,0.82210,0.82323,-0.0900,0.0000,11.3,0.77,0.10,00:20:17:55,,,,,,,,,,,,
07/10/2023 03:45,07/10/2023 15:19,NZDCAD,Buy,0.010,0.82203,0.82316,-0.0900,0.0000,11.3,0.76,0.10,00:11:34:41,,,,,,,,,,,,
07/10/2023 12:45,07/10/2023 13:59,AUDCAD,Buy,0.010,0.88142,0.88397,-0.0900,0.0000,25.5,1.83,0.24,00:01:14:50,,,,,,,,,,,,
07/10/2023 05:45,07/10/2023 13:59,AUDCAD,Buy,0.010,0.88526,0.88397,-0.0900,0.0000,-12.9,-1.06,-0.14,00:08:14:49,,,,,,,,,,,,
07/07/2023 08:00,07/07/2023 12:10,NZDCAD,Sell,0.010,0.82592,0.82479,-0.0900,0.0000,11.3,0.76,0.10,00:04:10:40,,,,,,,,,,,,
07/07/2023 09:00,07/07/2023 11:57,AUDCAD,Sell,0.010,0.88809,0.88696,-0.0900,0.0000,11.3,0.75,0.10,00:02:57:02,,,,,,,,,,,,
07/06/2023 06:30,07/06/2023 14:10,NZDCAD,Sell,0.040,0.82358,0.82010,-0.3600,0.0000,34.8,10.07,1.37,00:07:40:37,,,,,,,,,,,,
07/04/2023 13:45,07/06/2023 14:10,NZDCAD,Sell,0.020,0.81975,0.82010,-0.1800,0.0000,-3.5,-0.71,-0.10,02:00:25:37,,,,,,,,,,,,
07/04/2023 01:15,07/06/2023 14:10,NZDCAD,Sell,0.010,0.81627,0.82010,-0.0900,0.0000,-38.3,-2.96,-0.40,02:12:55:35,,,,,,,,,,,,
06/30/2023 19:15,07/06/2023 14:10,NZDCAD,Sell,0.010,0.81268,0.82010,-0.0900,0.0000,-74.2,-5.65,-0.76,05:18:55:37,0.0,0s,107.028,107.53,0.0,0.0,-107.028,-7.4919600000000015,0.0,30.7,-74.20,-5.19
07/06/2023 06:45,07/06/2023 08:00,AUDCAD,Sell,0.010,0.88775,0.88662,-0.0900,0.0000,11.3,0.76,0.10,00:01:15:52,,,,,,,,,,,,
07/05/2023 09:45,07/06/2023 02:43,AUDNZD,Buy,0.010,1.07674,1.07788,-0.0800,0.0000,11.4,0.63,0.08,00:16:58:00,,,,,,,,,,,,
07/02/2023 11:34,,,Withdrawal,0.010,0.00000,0.00000,0.0000,0.0000,0.0,-2.43,0,00:00:00:00,,,,,,,,,,,,
06/30/2023 05:15,06/30/2023 08:37,NZDCAD,Sell,0.010,0.80724,0.80611,-0.0900,0.0000,11.3,0.77,0.10,00:03:22:27,,,,,,,,,,,,
06/28/2023 23:00,06/29/2023 01:33,NZDCAD,Buy,0.010,0.80469,0.80704,-0.0900,0.0000,23.5,1.68,0.23,00:02:33:36,,,,,,,,,,,,
06/28/2023 03:30,06/29/2023 01:33,NZDCAD,Buy,0.010,0.80812,0.80704,-0.0900,0.0000,-10.8,-0.91,-0.12,00:22:03:35,,,,,,,,,,,,
06/28/2023 06:45,06/28/2023 14:42,AUDNZD,Sell,0.010,1.08820,1.08706,-0.0800,0.0000,11.4,0.61,0.08,00:07:57:30,,,,,,,,,,,,
06/28/2023 00:15,06/28/2023 00:24,AUDNZD,Sell,0.010,1.08598,1.08484,-0.0800,0.0000,11.4,0.62,0.08,00:00:09:24,,,,,,,,,,,,
06/26/2023 00:45,06/27/2023 12:44,AUDCAD,Buy,0.020,0.87876,0.88222,-0.1800,0.0000,34.6,5.08,0.69,01:11:59:42,,,,,,,,,,,,
06/23/2023 04:45,06/27/2023 12:44,AUDCAD,Buy,0.010,0.88318,0.88222,-0.0900,0.0000,-9.6,-0.82,-0.11,04:07:59:43,0.0,0s,13.911,13.93,0.0,0.0,-13.911,-1.11288,0.0,31.0,-9.60,-0.77
06/23/2023 01:45,06/27/2023 12:44,AUDCAD,Buy,0.010,0.88667,0.88222,-0.0900,0.0000,-44.5,-3.47,-0.47,04:10:59:42,0.0,0s,48.811,49.02,0.0,0.0,-48.811,-3.90488,0.0,8.8,-44.50,-3.56
06/27/2023 01:15,06/27/2023 06:55,AUDNZD,Sell,0.010,1.08529,1.08415,-0.0800,0.0000,11.4,0.63,0.08,00:05:40:21,,,,,,,,,,,,
06/26/2023 06:45,06/26/2023 07:30,NZDCAD,Buy,0.010,0.80833,0.80946,-0.0900,0.0000,11.3,0.77,0.10,00:00:45:07,,,,,,,,,,,,
06/26/2023 04:30,06/26/2023 06:39,AUDNZD,Buy,0.020,1.08346,1.08663,-0.1600,0.0000,31.7,3.74,0.51,00:02:09:46,,,,,,,,,,,,
06/23/2023 15:45,06/26/2023 06:39,AUDNZD,Buy,0.010,1.08725,1.08663,-0.0800,0.0000,-6.2,-0.46,-0.06,02:14:54:58,,,,,,,,,,,,
06/23/2023 02:15,06/26/2023 06:39,AUDNZD,Buy,0.010,1.09078,1.08663,-0.0800,0.0000,-41.5,-2.63,-0.35,03:04:24:58,,,,,,,,,,,,
06/22/2023 19:00,06/23/2023 00:17,NZDCAD,Buy,0.010,0.81216,0.81329,-0.0900,0.0000,11.3,0.77,0.10,00:05:17:19,,,,,,,,,,,,
06/22/2023 17:00,06/23/2023 00:16,AUDCAD,Buy,0.010,0.88823,0.88936,-0.0900,0.0000,11.3,0.77,0.10,00:07:16:04,,,,,,,,,,,,
06/22/2023 14:45,06/22/2023 18:54,AUDNZD,Buy,0.020,1.09086,1.09390,-0.1600,0.0000,30.4,3.60,0.49,00:04:09:42,,,,,,,,,,,,
06/21/2023 14:45,06/22/2023 18:54,AUDNZD,Buy,0.010,1.09428,1.09390,-0.0800,0.0000,-3.8,-0.31,-0.04,01:04:09:41,,,,,,,,,,,,
06/21/2023 05:15,06/22/2023 18:54,AUDNZD,Buy,0.010,1.09803,1.09390,-0.0800,0.0000,-41.3,-2.63,-0.36,01:13:39:39,,,,,,,,,,,,
06/22/2023 04:15,06/22/2023 10:50,AUDCAD,Buy,0.010,0.89265,0.89378,-0.0900,0.0000,11.3,0.77,0.10,00:06:35:47,,,,,,,,,,,,
06/21/2023 13:15,06/21/2023 16:16,AUDCAD,Buy,0.010,0.89179,0.89431,-0.0900,0.0000,25.2,1.82,0.25,00:03:01:44,,,,,,,,,,,,
06/21/2023 07:15,06/21/2023 16:16,AUDCAD,Buy,0.010,0.89556,0.89431,-0.0900,0.0000,-12.5,-1.04,-0.14,00:09:01:45,,,,,,,,,,,,
06/21/2023 05:15,06/21/2023 06:48,NZDCAD,Sell,0.010,0.81723,0.81610,-0.0900,0.0000,11.3,0.76,0.10,00:01:33:20,,,,,,,,,,,,
06/20/2023 08:00,06/20/2023 12:38,AUDNZD,Buy,0.010,1.09877,1.09991,-0.0800,0.0000,11.4,0.62,0.08,00:04:38:00,,,,,,,,,,,,
06/16/2023 07:00,06/16/2023 20:08,AUDNZD,Sell,0.010,1.10496,1.10252,-0.0800,0.0000,24.4,1.44,0.20,00:13:08:43,,,,,,,,,,,,
06/15/2023 04:45,06/16/2023 20:08,AUDNZD,Sell,0.010,1.10135,1.10252,-0.0800,0.0000,-11.7,-0.81,-0.11,01:15:23:21,,,,,,,,,,,,
06/15/2023 05:45,06/15/2023 07:03,AUDCAD,Sell,0.010,0.90865,0.90752,-0.0900,0.0000,11.3,0.75,0.10,00:01:18:52,,,,,,,,,,,,
06/14/2023 12:45,06/15/2023 01:30,AUDNZD,Buy,0.010,1.09709,1.09958,-0.0800,0.0000,24.9,1.45,0.20,00:12:45:31,,,,,,,,,,,,
06/13/2023 18:45,06/15/2023 01:30,AUDNZD,Buy,0.010,1.10078,1.09958,-0.0800,0.0000,-12.0,-0.83,-0.11,01:06:45:28,,,,,,,,,,,,
06/13/2023 15:45,06/14/2023 10:02,AUDCAD,Buy,0.010,0.90135,0.90248,-0.0900,0.0000,11.3,0.76,0.10,00:18:17:18,,,,,,,,,,,,
06/13/2023 07:45,06/13/2023 12:20,AUDCAD,Sell,0.010,0.90524,0.90411,-0.0900,0.0000,11.3,0.75,0.10,00:04:35:19,,,,,,,,,,,,
06/13/2023 07:30,06/13/2023 09:12,NZDCAD,Sell,0.010,0.82093,0.81980,-0.0900,0.0000,11.3,0.76,0.10,00:01:42:04,,,,,,,,,,,,
06/09/2023 10:00,06/09/2023 10:46,NZDCAD,Buy,0.010,0.81218,0.81331,-0.0900,0.0000,11.3,0.76,0.10,00:00:46:54,,,,,,,,,,,,
06/08/2023 15:15,06/09/2023 08:59,NZDCAD,Sell,0.010,0.81399,0.81286,-0.0900,0.0000,11.3,0.76,0.10,00:17:44:36,,,,,,,,,,,,
06/08/2023 15:30,06/09/2023 03:52,AUDCAD,Sell,0.010,0.89683,0.89570,-0.0900,0.0000,11.3,0.76,0.10,00:12:22:15,,,,,,,,,,,,
06/08/2023 08:00,06/08/2023 10:54,AUDNZD,Buy,0.010,1.10026,1.10140,-0.0800,0.0000,11.4,0.61,0.08,00:02:54:42,,,,,,,,,,,,
06/07/2023 16:45,06/08/2023 07:21,NZDCAD,Buy,0.010,0.80766,0.80879,-0.0900,0.0000,11.3,0.75,0.10,00:14:35:50,,,,,,,,,,,,
06/07/2023 16:30,06/08/2023 02:24,AUDCAD,Buy,0.010,0.88985,0.89098,-0.0900,0.0000,11.3,0.76,0.10,00:09:54:18,,,,,,,,,,,,
06/07/2023 11:00,06/07/2023 14:00,AUDCAD,Sell,0.010,0.89717,0.89604,-0.0900,0.0000,11.3,0.76,0.10,00:02:59:47,,,,,,,,,,,,
06/07/2023 11:00,06/07/2023 13:58,AUDNZD,Sell,0.010,1.10230,1.10116,-0.0800,0.0000,11.4,0.62,0.09,00:02:57:49,,,,,,,,,,,,
06/05/2023 13:45,06/06/2023 02:03,AUDNZD,Sell,0.010,1.09101,1.08851,-0.0800,0.0000,25.0,1.43,0.20,00:12:18:28,,,,,,,,,,,,
06/02/2023 11:15,06/06/2023 02:03,AUDNZD,Sell,0.010,1.08729,1.08851,-0.0800,0.0000,-12.2,-0.83,-0.11,03:14:48:27,,,,,,,,,,,,
06/04/2023 23:00,06/05/2023 01:45,AUDCAD,Buy,0.010,0.88590,0.88703,-0.0900,0.0000,11.3,0.75,0.10,00:02:45:15,,,,,,,,,,,,
06/02/2023 02:30,06/04/2023 22:56,AUDCAD,Sell,0.010,0.88716,0.88603,-0.0900,0.0000,11.3,0.75,0.10,02:20:25:59,,,,,,,,,,,,
06/04/2023 14:43,,,Withdrawal,0.010,0.00000,0.00000,0.0000,0.0000,0.0,-2.76,0,00:00:00:00,,,,,,,,,,,,
06/02/2023 04:00,06/02/2023 04:37,NZDCAD,Sell,0.010,0.81959,0.81846,-0.0900,0.0000,11.3,0.75,0.10,00:00:36:56,,,,,,,,,,,,
06/02/2023 02:00,06/02/2023 03:48,AUDNZD,Sell,0.010,1.08613,1.08376,-0.0800,0.0000,23.7,1.37,0.19,00:01:48:30,,,,,,,,,,,,
06/01/2023 02:45,06/02/2023 03:48,AUDNZD,Sell,0.010,1.08266,1.08376,-0.0800,0.0000,-11.0,-0.75,-0.10,01:01:03:29,,,,,,,,,,,,
05/31/2023 15:00,05/31/2023 17:39,AUDCAD,Buy,0.010,0.87973,0.88086,-0.0900,0.0000,11.3,0.75,0.10,00:02:39:39,,,,,,,,,,,,
05/31/2023 15:00,05/31/2023 17:26,NZDCAD,Buy,0.010,0.81477,0.81590,-0.0900,0.0000,11.3,0.74,0.10,00:02:25:58,,,,,,,,,,,,
05/31/2023 04:00,05/31/2023 06:23,NZDCAD,Buy,0.010,0.81872,0.81985,-0.0900,0.0000,11.3,0.73,0.10,00:02:23:03,,,,,,,,,,,,
05/31/2023 04:45,05/31/2023 05:16,AUDNZD,Sell,0.010,1.08249,1.08135,-0.0800,0.0000,11.4,0.61,0.08,00:00:30:49,,,,,,,,,,,,
05/30/2023 15:00,05/31/2023 01:13,AUDNZD,Buy,0.010,1.07781,1.07895,-0.0800,0.0000,11.4,0.61,0.08,00:10:13:09,,,,,,,,,,,,
05/30/2023 15:30,05/30/2023 23:30,AUDCAD,Buy,0.010,0.88558,0.88671,-0.0900,0.0000,11.3,0.74,0.10,00:08:00:06,,,,,,,,,,,,
05/30/2023 01:15,05/30/2023 04:30,AUDNZD,Sell,0.010,1.08107,1.07840,-0.0800,0.0000,26.7,1.53,0.21,00:03:15:14,,,,,,,,,,,,
05/26/2023 15:00,05/30/2023 04:30,AUDNZD,Sell,0.010,1.07701,1.07840,-0.0800,0.0000,-13.9,-0.92,-0.13,03:13:30:15,,,,,,,,,,,,
05/26/2023 15:30,05/28/2023 23:51,NZDCAD,Buy,0.010,0.82289,0.82402,-0.0900,0.0000,11.3,0.74,0.10,02:08:21:02,,,,,,,,,,,,
05/25/2023 04:30,05/26/2023 12:23,AUDCAD,Buy,0.010,0.88802,0.89046,-0.0900,0.0000,24.4,1.70,0.24,01:07:53:06,,,,,,,,,,,,
05/24/2023 01:30,05/26/2023 12:23,AUDCAD,Buy,0.010,0.89163,0.89046,-0.0900,0.0000,-11.7,-0.95,-0.13,02:10:53:18,,,,,,,,,,,,
05/26/2023 06:45,05/26/2023 07:58,AUDCAD,Sell,0.010,0.88920,0.88807,-0.0900,0.0000,11.3,0.74,0.10,00:01:13:33,,,,,,,,,,,,
05/25/2023 09:30,05/26/2023 01:32,AUDNZD,Sell,0.010,1.07375,1.07092,-0.0800,0.0000,28.3,1.64,0.23,00:16:01:56,,,,,,,,,,,,
05/24/2023 04:00,05/26/2023 01:32,AUDNZD,Sell,0.010,1.06936,1.07092,-0.0800,0.0000,-15.6,-1.03,-0.14,01:21:31:56,,,,,,,,,,,,
05/23/2023 07:15,05/23/2023 08:56,NZDCAD,Buy,0.010,0.84676,0.84789,-0.0900,0.0000,11.3,0.75,0.10,00:01:41:32,,,,,,,,,,,,
05/23/2023 06:30,05/23/2023 07:15,AUDNZD,Sell,0.010,1.05978,1.05864,-0.0800,0.0000,11.4,0.63,0.09,00:00:44:59,,,,,,,,,,,,
05/19/2023 15:30,05/21/2023 22:05,NZDCAD,Sell,0.020,0.85027,0.84693,-0.1800,0.0000,33.4,4.77,0.67,02:06:35:06,,,,,,,,,,,,
05/19/2023 09:45,05/21/2023 22:05,NZDCAD,Sell,0.010,0.84643,0.84693,-0.0900,0.0000,-5.0,-0.46,-0.06,02:12:20:10,,,,,,,,,,,,
05/18/2023 23:45,05/21/2023 22:05,NZDCAD,Sell,0.010,0.84227,0.84693,-0.0900,0.0000,-46.6,-3.54,-0.49,02:22:20:13,,,,,,,,,,,,
05/19/2023 15:30,05/19/2023 20:52,AUDCAD,Sell,0.010,0.90006,0.89760,-0.0900,0.0000,24.6,1.74,0.24,00:05:22:54,,,,,,,,,,,,
05/19/2023 06:30,05/19/2023 20:52,AUDCAD,Sell,0.010,0.89639,0.89760,-0.0900,0.0000,-12.1,-0.98,-0.14,00:14:22:56,,,,,,,,,,,,
05/18/2023 13:45,05/19/2023 02:56,AUDCAD,Buy,0.020,0.89222,0.89553,-0.1800,0.0000,33.1,4.73,0.67,00:13:11:43,,,,,,,,,,,,
05/16/2023 13:00,05/19/2023 02:56,AUDCAD,Buy,0.010,0.89588,0.89553,-0.0900,0.0000,-3.5,-0.35,-0.05,02:13:56:43,,,,,,,,,,,,
05/16/2023 05:45,05/19/2023 02:56,AUDCAD,Buy,0.010,0.90026,0.89553,-0.0900,0.0000,-47.3,-3.59,-0.50,02:21:11:41,,,,,,,,,,,,
05/17/2023 13:30,05/17/2023 21:56,AUDNZD,Buy,0.020,1.06320,1.06631,-0.1600,0.0000,31.1,3.72,0.52,00:08:26:26,,,,,,,,,,,,
05/17/2023 00:15,05/17/2023 21:56,AUDNZD,Buy,0.010,1.06689,1.06631,-0.0800,0.0000,-5.8,-0.44,-0.06,00:21:41:25,,,,,,,,,,,,
05/16/2023 03:30,05/17/2023 21:56,AUDNZD,Buy,0.010,1.07038,1.06631,-0.0800,0.0000,-40.7,-2.62,-0.37,01:18:26:24,,,,,,,,,,,,
05/15/2023 14:30,05/15/2023 23:26,AUDNZD,Sell,0.020,1.07635,1.07336,-0.1600,0.0000,29.9,3.58,0.50,00:08:56:30,,,,,,,,,,,,
05/12/2023 10:45,05/15/2023 23:26,AUDNZD,Sell,0.010,1.07310,1.07336,-0.0800,0.0000,-2.6,-0.24,-0.03,03:12:41:28,,,,,,,,,,,,
05/12/2023 04:45,05/15/2023 23:26,AUDNZD,Sell,0.010,1.06921,1.07336,-0.0800,0.0000,-41.5,-2.67,-0.37,03:18:41:25,,,,,,,,,,,,
05/15/2023 05:15,05/15/2023 06:02,NZDCAD,Sell,0.010,0.84175,0.84062,-0.0900,0.0000,11.3,0.75,0.11,00:00:46:46,,,,,,,,,,,,
05/12/2023 14:30,05/15/2023 05:04,NZDCAD,Buy,0.010,0.83891,0.84149,-0.0900,0.0000,25.8,1.81,0.25,02:14:34:43,,,,,,,,,,,,
05/12/2023 08:00,05/15/2023 05:04,NZDCAD,Buy,0.010,0.84280,0.84149,-0.0900,0.0000,-13.1,-1.06,-0.15,02:21:04:43,,,,,,,,,,,,
05/12/2023 06:15,05/12/2023 07:22,NZDCAD,Buy,0.010,0.84334,0.84447,-0.0900,0.0000,11.3,0.75,0.11,00:01:07:08,,,,,,,,,,,,
05/12/2023 03:45,05/12/2023 05:20,AUDCAD,Buy,0.010,0.90229,0.90342,-0.0900,0.0000,11.3,0.75,0.11,00:01:35:38,,,,,,,,,,,,
05/11/2023 02:30,05/12/2023 01:51,AUDNZD,Buy,0.020,1.06315,1.06651,-0.1600,0.0000,33.6,4.06,0.57,00:23:21:23,,,,,,,,,,,,
05/09/2023 21:30,05/12/2023 01:51,AUDNZD,Buy,0.010,1.06782,1.06651,-0.0800,0.0000,-13.1,-0.90,-0.13,02:04:21:14,,,,,,,,,,,,
05/08/2023 11:15,05/12/2023 01:51,AUDNZD,Buy,0.010,1.07036,1.06651,-0.0800,0.0000,-38.5,-2.50,-0.35,03:14:36:13,,,,,,,,,,,,
05/10/2023 12:45,05/12/2023 01:40,NZDCAD,Sell,0.010,0.85002,0.84741,-0.0900,0.0000,26.1,1.85,0.26,01:12:55:01,,,,,,,,,,,,
05/08/2023 10:30,05/12/2023 01:40,NZDCAD,Sell,0.010,0.84605,0.84741,-0.0900,0.0000,-13.6,-1.10,-0.16,03:15:09:57,,,,,,,,,,,,
05/05/2023 13:30,05/08/2023 13:34,NZDCAD,Buy,0.010,0.84438,0.84719,-0.0900,0.0000,28.1,2.02,0.29,03:00:04:29,,,,,,,,,,,,
05/05/2023 11:45,05/08/2023 13:34,NZDCAD,Buy,0.010,0.84873,0.84719,-0.0900,0.0000,-15.4,-1.25,-0.18,03:01:49:18,,,,,,,,,,,,
05/08/2023 03:15,05/08/2023 07:46,AUDNZD,Sell,0.010,1.07347,1.07233,-0.0800,0.0000,11.4,0.64,0.09,00:04:31:03,,,,,,,,,,,,
05/05/2023 14:45,05/08/2023 00:34,AUDNZD,Sell,0.010,1.07174,1.07060,-0.0800,0.0000,11.4,0.64,0.09,02:09:49:17,,,,,,,,,,,,
05/04/2023 10:15,05/05/2023 12:32,NZDCAD,Sell,0.040,0.85073,0.84728,-0.3600,0.0000,34.5,9.87,1.42,01:02:17:52,,,,,,,,,,,,
05/02/2023 23:45,05/05/2023 12:32,NZDCAD,Sell,0.020,0.84763,0.84728,-0.1800,0.0000,3.5,0.34,0.05,02:12:47:50,,,,,,,,,,,,
05/02/2023 11:30,05/05/2023 12:32,NZDCAD,Sell,0.010,0.84285,0.84728,-0.0900,0.0000,-44.3,-3.37,-0.48,03:01:02:51,,,,,,,,,,,,
05/02/2023 06:45,05/05/2023 12:32,NZDCAD,Sell,0.010,0.83920,0.84728,-0.0900,0.0000,-80.8,-6.08,-0.86,03:05:47:50,,,,,,,,,,,,
05/05/2023 03:00,05/05/2023 11:08,AUDCAD,Sell,0.010,0.90856,0.90743,-0.0900,0.0000,11.3,0.75,0.11,00:08:08:05,,,,,,,,,,,,
05/04/2023 16:00,05/04/2023 16:48,AUDNZD,Buy,0.010,1.06279,1.06393,-0.0800,0.0000,11.4,0.64,0.09,00:00:48:51,,,,,,,,,,,,
05/02/2023 05:00,05/04/2023 14:20,AUDCAD,Sell,0.010,0.90613,0.90500,-0.0900,0.0000,11.3,0.75,0.11,02:09:20:15,,,,,,,,,,,,
05/02/2023 05:00,05/02/2023 06:30,AUDNZD,Sell,0.010,1.08299,1.08185,-0.0800,0.0000,11.4,0.63,0.09,00:01:30:28,,,,,,,,,,,,
05/02/2023 02:45,05/02/2023 04:45,NZDCAD,Sell,0.010,0.83764,0.83651,-0.0900,0.0000,11.3,0.75,0.11,00:02:00:03,,,,,,,,,,,,
05/02/2023 01:00,05/02/2023 04:30,AUDNZD,Buy,0.010,1.07346,1.07460,-0.0800,0.0000,11.4,0.62,0.09,00:03:29:57,,,,,,,,,,,,
05/01/2023 15:00,05/02/2023 01:41,NZDCAD,Buy,0.010,0.83601,0.83714,-0.0900,0.0000,11.3,0.74,0.11,00:10:41:29,,,,,,,,,,,,
05/01/2023 08:45,05/02/2023 00:58,AUDNZD,Sell,0.010,1.07450,1.07336,-0.0800,0.0000,11.4,0.62,0.09,00:16:13:45,,,,,,,,,,,,
05/01/2023 12:45,05/01/2023 14:24,AUDCAD,Sell,0.010,0.90262,0.90016,-0.0900,0.0000,24.6,1.73,0.25,00:01:39:00,,,,,,,,,,,,
05/01/2023 03:30,05/01/2023 14:24,AUDCAD,Sell,0.010,0.89896,0.90016,-0.0900,0.0000,-12.0,-0.97,-0.14,00:10:54:02,,,,,,,,,,,,
05/01/2023 09:38,,,Withdrawal,0.010,0.00000,0.00000,0.0000,0.0000,0.0,-3.00,0,00:00:00:00,,,,,,,,,,,,
04/28/2023 12:00,05/01/2023 08:43,AUDNZD,Buy,0.080,1.07086,1.07461,-0.6400,0.0000,37.5,17.88,2.61,02:20:43:31,,,,,,,,,,,,
04/28/2023 07:30,05/01/2023 08:43,AUDNZD,Buy,0.040,1.07449,1.07461,-0.3200,0.0000,1.2,-0.02,0.00,03:01:13:33,,,,,,,,,,,,
04/25/2023 14:00,05/01/2023 08:43,AUDNZD,Buy,0.020,1.07877,1.07461,-0.1600,0.0000,-41.6,-5.30,-0.77,05:18:43:30,0.0,0s,92.942,93.46,0.0,0.0,-92.942,-11.153039999999999,0.0,55.2,-41.60,-4.99
04/25/2023 03:30,05/01/2023 08:43,AUDNZD,Buy,0.010,1.08224,1.07461,-0.0800,0.0000,-76.3,-4.79,-0.69,06:05:13:31,0.0,0s,127.642,128.21,0.0,0.0,-127.642,-7.658519999999999,0.0,40.2,-76.30,-4.58
04/24/2023 18:45,05/01/2023 08:43,AUDNZD,Buy,0.010,1.08591,1.07461,-0.0800,0.0000,-113.0,-7.06,-1.00,06:13:58:28,0.0,0s,164.342,166.67,0.0,0.0,-164.342,-9.860520000000001,0.0,31.2,-113.00,-6.78
04/28/2023 14:30,05/01/2023 03:23,AUDCAD,Buy,0.010,0.89614,0.89864,-0.0900,0.0000,25.0,1.76,0.25,02:12:52:58,,,,,,,,,,,,
04/28/2023 05:15,05/01/2023 03:23,AUDCAD,Buy,0.010,0.89988,0.89864,-0.0900,0.0000,-12.4,-1.00,-0.14,02:22:07:55,,,,,,,,,,,,
04/27/2023 14:45,04/27/2023 16:33,NZDCAD,Buy,0.010,0.83415,0.83528,-0.0900,0.0000,11.3,0.74,0.11,00:01:48:51,,,,,,,,,,,,
04/27/2023 02:00,04/27/2023 13:21,NZDCAD,Sell,0.010,0.83628,0.83515,-0.0900,0.0000,11.3,0.74,0.11,00:11:21:31,,,,,,,,,,,,
04/25/2023 10:45,04/26/2023 08:37,NZDCAD,Sell,0.010,0.83783,0.83531,-0.0900,0.0000,25.2,1.76,0.25,00:21:52:54,,,,,,,,,,,,
04/24/2023 18:15,04/26/2023 08:37,NZDCAD,Sell,0.010,0.83405,0.83531,-0.0900,0.0000,-12.6,-1.02,-0.15,01:14:22:57,,,,,,,,,,,,
04/24/2023 04:45,04/24/2023 05:58,AUDNZD,Buy,0.010,1.08802,1.08916,-0.0800,0.0000,11.4,0.62,0.09,00:01:13:00,,,,,,,,,,,,
04/21/2023 13:30,04/21/2023 14:05,NZDCAD,Sell,0.010,0.83222,0.83109,-0.0900,0.0000,11.3,0.74,0.11,00:00:35:51,,,,,,,,,,,,
04/21/2023 07:15,04/21/2023 12:58,NZDCAD,Buy,0.010,0.82982,0.83095,-0.0900,0.0000,11.3,0.75,0.11,00:05:43:36,,,,,,,,,,,,
04/21/2023 06:15,04/21/2023 12:32,AUDCAD,Buy,0.010,0.90580,0.90693,-0.0900,0.0000,11.3,0.74,0.11,00:06:17:52,,,,,,,,,,,,
04/20/2023 15:00,04/21/2023 06:33,AUDNZD,Sell,0.010,1.09183,1.08910,-0.0800,0.0000,27.3,1.59,0.23,00:15:33:47,,,,,,,,,,,,
04/19/2023 23:30,04/21/2023 06:33,AUDNZD,Sell,0.010,1.08765,1.08910,-0.0800,0.0000,-14.5,-0.98,-0.14,01:07:03:44,,,,,,,,,,,,
04/20/2023 13:00,04/20/2023 18:35,AUDCAD,Sell,0.010,0.90910,0.90797,-0.0900,0.0000,11.3,0.75,0.11,00:05:35:22,,,,,,,,,,,,
04/20/2023 11:00,04/20/2023 12:01,AUDCAD,Sell,0.010,0.90690,0.90577,-0.0900,0.0000,11.3,0.74,0.11,00:01:01:36,,,,,,,,,,,,
04/19/2023 23:30,04/20/2023 06:15,NZDCAD,Buy,0.010,0.83024,0.83137,-0.0900,0.0000,11.3,0.75,0.11,00:06:45:42,,,,,,,,,,,,
04/19/2023 13:45,04/19/2023 22:45,NZDCAD,Sell,0.010,0.83468,0.83355,-0.0900,0.0000,11.3,0.75,0.11,00:09:00:02,,,,,,,,,,,,
04/19/2023 13:45,04/19/2023 19:02,AUDNZD,Buy,0.010,1.08180,1.08294,-0.0800,0.0000,11.4,0.62,0.09,00:05:17:16,,,,,,,,,,,,
04/18/2023 10:00,04/19/2023 09:32,NZDCAD,Sell,0.010,0.83092,0.82979,-0.0900,0.0000,11.3,0.75,0.11,00:23:32:27,,,,,,,,,,,,
04/18/2023 11:15,04/18/2023 12:58,AUDCAD,Sell,0.010,0.90148,0.90035,-0.0900,0.0000,11.3,0.76,0.11,00:01:43:17,,,,,,,,,,,,
04/18/2023 06:00,04/18/2023 10:15,AUDNZD,Sell,0.020,1.08692,1.08356,-0.1600,0.0000,33.6,4.02,0.59,00:04:15:47,,,,,,,,,,,,
04/17/2023 04:30,04/18/2023 10:15,AUDNZD,Sell,0.010,1.08272,1.08356,-0.0800,0.0000,-8.4,-0.60,-0.09,01:05:45:43,,,,,,,,,,,,
04/14/2023 13:30,04/18/2023 10:15,AUDNZD,Sell,0.010,1.07922,1.08356,-0.0800,0.0000,-43.4,-2.78,-0.40,03:20:45:45,,,,,,,,,,,,
04/17/2023 01:15,04/18/2023 09:21,NZDCAD,Buy,0.040,0.82763,0.83085,-0.3600,0.0000,32.2,9.28,1.36,01:08:06:08,,,,,,,,,,,,
04/14/2023 15:15,04/18/2023 09:21,NZDCAD,Buy,0.020,0.83101,0.83085,-0.1800,0.0000,-1.6,-0.42,-0.06,03:18:06:06,,,,,,,,,,,,
04/14/2023 14:00,04/18/2023 09:21,NZDCAD,Buy,0.010,0.83408,0.83085,-0.0900,0.0000,-32.3,-2.51,-0.37,03:19:21:05,,,,,,,,,,,,
04/14/2023 09:00,04/18/2023 09:21,NZDCAD,Buy,0.010,0.83811,0.83085,-0.0900,0.0000,-72.6,-5.52,-0.80,04:00:21:08,0.0,0s,72.6,72.99,0.0,0.0,-72.6,-5.082,0.0,0.0,-72.60,-5.08
04/14/2023 07:00,04/14/2023 12:28,AUDCAD,Buy,0.010,0.90239,0.90352,-0.0900,0.0000,11.3,0.76,0.11,00:05:28:31,,,,,,,,,,,,
04/13/2023 13:30,04/14/2023 08:53,NZDCAD,Sell,0.010,0.84082,0.83842,-0.0900,0.0000,24.0,1.71,0.25,00:19:23:50,,,,,,,,,,,,
04/13/2023 12:15,04/14/2023 08:53,NZDCAD,Sell,0.010,0.83727,0.83842,-0.0900,0.0000,-11.5,-0.95,-0.14,00:20:38:50,,,,,,,,,,,,
04/13/2023 13:15,04/13/2023 19:40,AUDNZD,Buy,0.010,1.07596,1.07710,-0.0800,0.0000,11.4,0.64,0.09,00:06:25:05,,,,,,,,,,,,
04/13/2023 01:45,04/13/2023 13:07,AUDNZD,Sell,0.020,1.08039,1.07629,-0.1600,0.0000,41.0,4.99,0.73,00:11:22:00,,,,,,,,,,,,
04/11/2023 18:45,04/13/2023 13:07,AUDNZD,Sell,0.010,1.07474,1.07629,-0.0800,0.0000,-15.5,-1.05,-0.15,01:18:21:44,,,,,,,,,,,,
04/11/2023 03:45,04/13/2023 13:07,AUDNZD,Sell,0.010,1.07118,1.07629,-0.0800,0.0000,-51.1,-3.29,-0.48,02:09:21:48,,,,,,,,,,,,
04/13/2023 01:45,04/13/2023 05:15,AUDCAD,Sell,0.010,0.90169,0.90056,-0.0900,0.0000,11.3,0.75,0.11,00:03:30:52,,,,,,,,,,,,
04/12/2023 12:45,04/12/2023 13:43,AUDCAD,Sell,0.010,0.90251,0.90138,-0.0900,0.0000,11.3,0.75,0.11,00:00:58:53,,,,,,,,,,,,
04/11/2023 17:45,04/12/2023 12:31,NZDCAD,Buy,0.020,0.83383,0.83688,-0.1800,0.0000,30.5,4.36,0.64,00:18:46:38,,,,,,,,,,,,
04/11/2023 13:45,04/12/2023 12:31,NZDCAD,Buy,0.010,0.83736,0.83688,-0.0900,0.0000,-4.8,-0.44,-0.06,00:22:46:46,,,,,,,,,,,,
04/10/2023 11:45,04/12/2023 12:31,NZDCAD,Buy,0.010,0.84097,0.83688,-0.0900,0.0000,-40.9,-3.13,-0.46,02:00:46:42,,,,,,,,,,,,
04/10/2023 12:15,04/11/2023 02:08,AUDCAD,Buy,0.010,0.89830,0.89943,-0.0900,0.0000,11.3,0.75,0.11,00:13:53:52,,,,,,,,,,,,
04/10/2023 04:00,04/10/2023 08:08,AUDNZD,Sell,0.010,1.06889,1.06775,-0.0800,0.0000,11.4,0.63,0.09,00:04:08:24,,,,,,,,,,,,
04/07/2023 12:45,04/07/2023 12:48,AUDCAD,Buy,0.010,0.89932,0.90045,-0.0900,0.0000,11.3,0.75,0.11,00:00:03:24,,,,,,,,,,,,
04/07/2023 08:30,04/07/2023 12:34,NZDCAD,Sell,0.010,0.84537,0.84424,-0.0900,0.0000,11.3,0.74,0.11,00:04:04:18,,,,,,,,,,,,
04/07/2023 10:30,04/07/2023 12:30,AUDCAD,Sell,0.010,0.90247,0.90134,-0.0900,0.0000,11.3,0.74,0.11,00:01:59:41,,,,,,,,,,,,
04/06/2023 13:00,04/07/2023 08:49,NZDCAD,Buy,0.010,0.84317,0.84591,-0.0900,0.0000,27.4,1.94,0.29,00:19:49:22,,,,,,,,,,,,
04/06/2023 05:45,04/07/2023 08:49,NZDCAD,Buy,0.010,0.84738,0.84591,-0.0900,0.0000,-14.7,-1.18,-0.17,01:03:04:20,,,,,,,,,,,,
04/06/2023 19:00,04/07/2023 08:05,AUDNZD,Sell,0.010,1.06824,1.06710,-0.0800,0.0000,11.4,0.64,0.09,00:13:04:58,,,,,,,,,,,,
04/06/2023 13:00,04/06/2023 17:02,AUDCAD,Buy,0.010,0.89909,0.90022,-0.0900,0.0000,11.3,0.75,0.11,00:04:02:39,,,,,,,,,,,,
04/05/2023 02:30,04/06/2023 06:03,AUDNZD,Buy,0.020,1.06314,1.06577,-0.1600,0.0000,26.3,3.14,0.46,01:03:33:03,,,,,,,,,,,,
04/05/2023 02:15,04/06/2023 06:03,AUDNZD,Buy,0.010,1.06315,1.06577,-0.0800,0.0000,26.2,1.57,0.23,01:03:48:02,,,,,,,,,,,,
04/04/2023 07:45,04/06/2023 06:03,AUDNZD,Buy,0.010,1.07210,1.06577,-0.0800,0.0000,-63.3,-4.05,-0.60,01:22:18:03,,,,,,,,,,,,
04/05/2023 09:15,04/05/2023 15:06,AUDCAD,Buy,0.010,0.90186,0.90441,-0.0900,0.0000,25.5,1.80,0.27,00:05:51:17,,,,,,,,,,,,
04/05/2023 06:00,04/05/2023 15:06,AUDCAD,Buy,0.010,0.90570,0.90441,-0.0900,0.0000,-12.9,-1.05,-0.16,00:09:06:22,,,,,,,,,,,,
04/05/2023 02:15,04/05/2023 03:01,NZDCAD,Sell,0.010,0.85443,0.85330,-0.0900,0.0000,11.3,0.75,0.11,00:00:46:28,,,,,,,,,,,,
04/04/2023 07:30,04/04/2023 22:22,AUDCAD,Buy,0.010,0.90712,0.90825,-0.0900,0.0000,11.3,0.75,0.11,00:14:52:51,,,,,,,,,,,,
04/04/2023 14:05,,,Withdrawal,0.010,0.00000,0.00000,0.0000,0.0000,0.0,-4.49,0,00:00:00:00,,,,,,,,,,,,
04/03/2023 12:00,04/04/2023 07:34,AUDCAD,Sell,0.010,0.90935,0.90640,-0.0900,0.0000,29.5,2.10,0.31,00:19:34:41,,,,,,,,,,,,
04/03/2023 09:15,04/04/2023 07:34,AUDCAD,Sell,0.010,0.90471,0.90640,-0.0900,0.0000,-16.9,-1.35,-0.20,00:22:19:42,,,,,,,,,,,,
04/04/2023 06:15,04/04/2023 06:43,AUDCAD,Buy,0.010,0.90772,0.90885,-0.0900,0.0000,11.3,0.75,0.11,00:00:27:55,,,,,,,,,,,,
04/04/2023 05:00,04/04/2023 05:48,AUDNZD,Buy,0.010,1.07289,1.07403,-0.0800,0.0000,11.4,0.63,0.09,00:00:48:38,,,,,,,,,,,,
04/03/2023 11:00,04/04/2023 04:50,AUDNZD,Sell,0.010,1.07552,1.07291,-0.0800,0.0000,26.1,1.56,0.23,00:17:50:36,,,,,,,,,,,,
04/03/2023 01:15,04/04/2023 04:50,AUDNZD,Sell,0.010,1.07158,1.07291,-0.0800,0.0000,-13.3,-0.92,-0.14,01:03:35:36,,,,,,,,,,,,
04/03/2023 00:00,04/03/2023 01:57,AUDCAD,Buy,0.010,0.89922,0.90201,-0.0900,0.0000,27.9,1.97,0.29,00:01:57:39,,,,,,,,,,,,
03/31/2023 20:00,04/03/2023 01:57,AUDCAD,Buy,0.010,0.90353,0.90201,-0.0900,0.0000,-15.2,-1.22,-0.18,02:05:57:38,,,,,,,,,,,,
03/31/2023 02:45,04/03/2023 01:03,AUDNZD,Buy,0.010,1.06901,1.07143,-0.0800,0.0000,24.2,1.43,0.21,02:22:18:16,,,,,,,,,,,,
03/30/2023 13:15,04/03/2023 01:03,AUDNZD,Buy,0.010,1.07256,1.07143,-0.0800,0.0000,-11.3,-0.78,-0.12,03:11:48:19,,,,,,,,,,,,
03/31/2023 13:45,03/31/2023 15:17,AUDNZD,Sell,0.010,1.07099,1.06985,-0.0800,0.0000,11.4,0.63,0.09,00:01:32:22,,,,,,,,,,,,
03/31/2023 07:30,03/31/2023 09:04,AUDCAD,Buy,0.010,0.90559,0.90672,-0.0900,0.0000,11.3,0.75,0.11,00:01:34:13,,,,,,,,,,,,
03/31/2023 05:45,03/31/2023 07:21,NZDCAD,Sell,0.010,0.85046,0.84805,-0.0900,0.0000,24.1,1.69,0.25,00:01:36:48,,,,,,,,,,,,
03/30/2023 15:15,03/31/2023 07:21,NZDCAD,Sell,0.010,0.84690,0.84805,-0.0900,0.0000,-11.5,-0.93,-0.14,00:16:06:46,,,,,,,,,,,,
03/29/2023 12:45,03/30/2023 15:07,NZDCAD,Buy,0.010,0.84582,0.84695,-0.0900,0.0000,11.3,0.75,0.11,01:02:22:36,,,,,,,,,,,,
03/30/2023 06:15,03/30/2023 11:47,AUDCAD,Sell,0.010,0.90802,0.90689,-0.0900,0.0000,11.3,0.75,0.11,00:05:32:21,,,,,,,,,,,,
03/30/2023 01:15,03/30/2023 05:23,AUDCAD,Buy,0.010,0.90525,0.90775,-0.0900,0.0000,25.0,1.75,0.26,00:04:08:12,,,,,,,,,,,,
03/29/2023 06:15,03/30/2023 05:23,AUDCAD,Buy,0.010,0.90899,0.90775,-0.0900,0.0000,-12.4,-1.00,-0.15,00:23:08:11,,,,,,,,,,,,
03/29/2023 00:45,03/29/2023 12:16,AUDNZD,Buy,0.010,1.06998,1.07112,-0.0800,0.0000,11.4,0.63,0.09,00:11:31:09,,,,,,,,,,,,
03/29/2023 02:45,03/29/2023 05:07,NZDCAD,Sell,0.010,0.85240,0.85127,-0.0900,0.0000,11.3,0.74,0.11,00:02:21:35,,,,,,,,,,,,
03/29/2023 00:45,03/29/2023 02:44,AUDCAD,Buy,0.010,0.90994,0.91107,-0.0900,0.0000,11.3,0.74,0.11,00:01:59:06,,,,,,,,,,,,
03/28/2023 02:15,03/29/2023 00:30,AUDCAD,Sell,0.010,0.91151,0.91038,-0.0900,0.0000,11.3,0.74,0.11,00:22:15:08,,,,,,,,,,,,
03/28/2023 10:30,03/28/2023 18:40,NZDCAD,Sell,0.010,0.85232,0.84976,-0.0900,0.0000,25.6,1.79,0.27,00:08:10:44,,,,,,,,,,,,
03/28/2023 01:30,03/28/2023 18:40,NZDCAD,Sell,0.010,0.84846,0.84976,-0.0900,0.0000,-13.0,-1.04,-0.16,00:17:10:43,,,,,,,,,,,,
03/27/2023 18:30,03/28/2023 00:53,NZDCAD,Buy,0.020,0.84504,0.84805,-0.1800,0.0000,30.1,4.23,0.64,00:06:23:44,,,,,,,,,,,,
03/27/2023 12:30,03/28/2023 00:53,NZDCAD,Buy,0.010,0.84851,0.84805,-0.0900,0.0000,-4.6,-0.43,-0.06,00:12:23:44,,,,,,,,,,,,
03/24/2023 18:15,03/28/2023 00:53,NZDCAD,Buy,0.010,0.85207,0.84805,-0.0900,0.0000,-40.2,-3.03,-0.45,03:06:38:36,,,,,,,,,,,,
03/27/2023 16:45,03/27/2023 23:30,AUDCAD,Buy,0.010,0.90840,0.90953,-0.0900,0.0000,11.3,0.74,0.11,00:06:45:47,,,,,,,,,,,,
03/27/2023 13:00,03/27/2023 13:51,AUDCAD,Buy,0.010,0.90995,0.91108,-0.0900,0.0000,11.3,0.74,0.11,00:00:51:06,,,,,,,,,,,,
03/24/2023 16:30,03/27/2023 03:45,AUDCAD,Buy,0.010,0.91320,0.91433,-0.0900,0.0000,11.3,0.73,0.11,02:11:15:08,,,,,,,,,,,,
03/24/2023 06:45,03/24/2023 08:21,AUDNZD,Sell,0.010,1.07257,1.07143,-0.0800,0.0000,11.4,0.63,0.09,00:01:36:13,,,,,,,,,,,,
03/23/2023 08:45,03/24/2023 06:39,AUDNZD,Buy,0.010,1.07119,1.07233,-0.0800,0.0000,11.4,0.64,0.10,00:21:54:10,,,,,,,,,,,,
03/24/2023 01:15,03/24/2023 01:57,AUDCAD,Buy,0.010,0.91483,0.91596,-0.0900,0.0000,11.3,0.74,0.11,00:00:42:14,,,,,,,,,,,,
03/23/2023 12:30,03/23/2023 16:33,AUDCAD,Buy,0.010,0.91726,0.91839,-0.0900,0.0000,11.3,0.74,0.11,00:04:03:42,,,,,,,,,,,,
03/23/2023 05:00,03/23/2023 11:48,NZDCAD,Sell,0.010,0.85845,0.85732,-0.0900,0.0000,11.3,0.73,0.11,00:06:48:10,,,,,,,,,,,,
03/23/2023 07:30,03/23/2023 07:48,AUDCAD,Sell,0.010,0.92276,0.92163,-0.0900,0.0000,11.3,0.73,0.11,00:00:18:03,,,,,,,,,,,,
03/23/2023 06:15,03/23/2023 07:05,AUDNZD,Buy,0.010,1.07184,1.07298,-0.0800,0.0000,11.4,0.64,0.10,00:00:50:39,,,,,,,,,,,,
03/22/2023 18:45,03/22/2023 19:04,NZDCAD,Sell,0.010,0.85729,0.85473,-0.0900,0.0000,25.6,1.78,0.27,00:00:19:43,,,,,,,,,,,,
03/22/2023 16:00,03/22/2023 19:04,NZDCAD,Sell,0.010,0.85343,0.85473,-0.0900,0.0000,-13.0,-1.04,-0.16,00:03:04:39,,,,,,,,,,,,
03/22/2023 13:45,03/22/2023 19:01,AUDNZD,Buy,0.010,1.07510,1.07624,-0.0800,0.0000,11.4,0.63,0.10,00:05:16:02,,,,,,,,,,,,
03/21/2023 08:45,03/22/2023 12:47,AUDNZD,Sell,0.010,1.07846,1.07585,-0.0800,0.0000,26.1,1.54,0.23,01:04:02:04,,,,,,,,,,,,
03/20/2023 14:30,03/22/2023 12:47,AUDNZD,Sell,0.010,1.07451,1.07585,-0.0800,0.0000,-13.4,-0.91,-0.14,01:22:17:04,,,,,,,,,,,,
03/22/2023 01:45,03/22/2023 12:32,AUDCAD,Sell,0.010,0.91650,0.91537,-0.0900,0.0000,11.3,0.73,0.11,00:10:47:01,,,,,,,,,,,,
03/21/2023 10:30,03/21/2023 19:10,AUDCAD,Buy,0.010,0.91184,0.91447,-0.0900,0.0000,26.3,1.83,0.28,00:08:40:31,,,,,,,,,,,,
03/21/2023 01:30,03/21/2023 19:10,AUDCAD,Buy,0.010,0.91584,0.91447,-0.0900,0.0000,-13.7,-1.09,-0.17,00:17:40:29,,,,,,,,,,,,
03/20/2023 09:45,03/20/2023 10:22,NZDCAD,Buy,0.010,0.85514,0.85627,-0.0900,0.0000,11.3,0.74,0.11,00:00:37:54,,,,,,,,,,,,
03/17/2023 14:30,03/20/2023 09:03,NZDCAD,Sell,0.020,0.85967,0.85662,-0.1800,0.0000,30.5,4.27,0.66,02:18:33:16,,,,,,,,,,,,
03/17/2023 11:15,03/20/2023 09:03,NZDCAD,Sell,0.010,0.85618,0.85662,-0.0900,0.0000,-4.4,-0.41,-0.06,02:21:48:14,,,,,,,,,,,,
03/17/2023 02:15,03/20/2023 09:03,NZDCAD,Sell,0.010,0.85248,0.85662,-0.0900,0.0000,-41.4,-3.10,-0.47,03:06:48:12,,,,,,,,,,,,
03/20/2023 04:45,03/20/2023 08:00,AUDCAD,Buy,0.010,0.91718,0.91831,-0.0900,0.0000,11.3,0.73,0.11,00:03:15:00,,,,,,,,,,,,
03/17/2023 18:15,03/20/2023 03:17,AUDCAD,Sell,0.010,0.92062,0.91825,-0.0900,0.0000,23.7,1.64,0.25,02:09:02:38,,,,,,,,,,,,
03/17/2023 02:30,03/20/2023 03:17,AUDCAD,Sell,0.010,0.91713,0.91825,-0.0900,0.0000,-11.2,-0.91,-0.14,03:00:47:37,,,,,,,,,,,,
03/17/2023 01:30,03/17/2023 01:36,AUDCAD,Sell,0.010,0.91696,0.91583,-0.0900,0.0000,11.3,0.73,0.11,00:00:06:24,,,,,,,,,,,,
03/16/2023 21:01,03/17/2023 01:30,AUDNZD,Buy,0.010,1.07460,1.07574,-0.0800,0.0000,11.4,0.63,0.10,00:04:29:17,,,,,,,,,,,,
03/16/2023 15:15,03/16/2023 16:01,AUDCAD,Sell,0.010,0.91622,0.91509,-0.0900,0.0000,11.3,0.73,0.11,00:00:46:14,,,,,,,,,,,,
03/16/2023 07:45,03/16/2023 08:16,AUDCAD,Sell,0.010,0.91500,0.91387,-0.0900,0.0000,11.3,0.73,0.11,00:00:31:43,,,,,,,,,,,,
03/15/2023 10:00,03/15/2023 11:23,AUDCAD,Buy,0.010,0.91245,0.91358,-0.0900,0.0000,11.3,0.73,0.11,00:01:23:41,,,,,,,,,,,,
03/15/2023 06:30,03/15/2023 07:04,NZDCAD,Buy,0.010,0.85032,0.85145,-0.0900,0.0000,11.3,0.74,0.11,00:00:34:34,,,,,,,,,,,,
03/15/2023 02:15,03/15/2023 03:50,AUDCAD,Sell,0.010,0.91681,0.91568,-0.0900,0.0000,11.3,0.74,0.11,00:01:35:30,,,,,,,,,,,,
03/15/2023 02:15,03/15/2023 02:40,NZDCAD,Sell,0.010,0.85557,0.85444,-0.0900,0.0000,11.3,0.73,0.11,00:00:25:29,,,,,,,,,,,,
03/14/2023 23:30,03/15/2023 00:12,AUDCAD,Sell,0.010,0.91584,0.91471,-0.0900,0.0000,11.3,0.74,0.11,00:00:42:04,,,,,,,,,,,,
03/14/2023 02:30,03/14/2023 06:01,AUDCAD,Buy,0.010,0.91257,0.91370,-0.0900,0.0000,11.3,0.73,0.11,00:03:31:33,,,,,,,,,,,,
03/13/2023 13:15,03/13/2023 14:24,NZDCAD,Sell,0.010,0.85575,0.85462,-0.0900,0.0000,11.3,0.73,0.11,00:01:09:35,,,,,,,,,,,,
03/10/2023 08:45,03/10/2023 09:16,NZDCAD,Sell,0.010,0.84695,0.84582,-0.0900,0.0000,11.3,0.73,0.11,00:00:31:09,,,,,,,,,,,,
03/09/2023 15:45,03/09/2023 17:32,AUDCAD,Buy,0.010,0.91000,0.91113,-0.0900,0.0000,11.3,0.73,0.11,00:01:47:19,,,,,,,,,,,,
03/09/2023 04:45,03/09/2023 15:41,AUDCAD,Sell,0.010,0.91119,0.91006,-0.0900,0.0000,11.3,0.73,0.11,00:10:56:45,,,,,,,,,,,,
03/09/2023 05:00,03/09/2023 07:56,NZDCAD,Sell,0.010,0.84524,0.84411,-0.0900,0.0000,11.3,0.73,0.11,00:02:56:34,,,,,,,,,,,,
03/07/2023 16:30,03/08/2023 14:07,NZDCAD,Buy,0.010,0.84129,0.84242,-0.0900,0.0000,11.3,0.73,0.11,00:21:37:27,,,,,,,,,,,,
03/07/2023 18:45,03/08/2023 07:49,AUDCAD,Buy,0.010,0.90595,0.90862,-0.0900,0.0000,26.7,1.85,0.29,00:13:04:38,,,,,,,,,,,,
03/07/2023 10:00,03/08/2023 07:49,AUDCAD,Buy,0.010,0.91002,0.90862,-0.0900,0.0000,-14.0,-1.11,-0.17,00:21:49:37,,,,,,,,,,,,
03/07/2023 23:52,,,Withdrawal,0.010,0.00000,0.00000,0.0000,0.0000,0.0,-4.30,0,00:00:00:00,,,,,,,,,,,,
03/07/2023 02:15,03/07/2023 15:04,NZDCAD,Sell,0.010,0.84499,0.84386,-0.0900,0.0000,11.3,0.73,0.11,00:12:48:55,,,,,,,,,,,,
03/07/2023 08:15,03/07/2023 09:36,AUDCAD,Buy,0.010,0.91081,0.91194,-0.0900,0.0000,11.3,0.74,0.11,00:01:21:37,,,,,,,,,,,,
03/06/2023 08:30,03/06/2023 15:18,NZDCAD,Buy,0.010,0.84280,0.84393,-0.0900,0.0000,11.3,0.74,0.11,00:06:48:43,,,,,,,,,,,,
03/06/2023 08:30,03/06/2023 14:35,AUDCAD,Buy,0.010,0.91655,0.91768,-0.0900,0.0000,11.3,0.74,0.12,00:06:05:58,,,,,,,,,,,,
03/03/2023 13:30,03/06/2023 08:22,AUDCAD,Sell,0.010,0.91826,0.91713,-0.0900,0.0000,11.3,0.74,0.12,02:18:52:48,,,,,,,,,,,,
03/03/2023 14:00,03/03/2023 14:52,NZDCAD,Sell,0.010,0.84755,0.84642,-0.0900,0.0000,11.3,0.74,0.12,00:00:52:03,,,,,,,,,,,,
03/02/2023 22:15,03/03/2023 01:16,NZDCAD,Buy,0.010,0.84535,0.84648,-0.0900,0.0000,11.3,0.74,0.12,00:03:01:08,,,,,,,,,,,,
03/02/2023 14:00,03/02/2023 14:38,NZDCAD,Buy,0.010,0.84529,0.84642,-0.0900,0.0000,11.3,0.74,0.12,00:00:38:23,,,,,,,,,,,,
03/02/2023 14:00,03/02/2023 14:33,AUDCAD,Buy,0.010,0.91442,0.91555,-0.0900,0.0000,11.3,0.74,0.12,00:00:33:32,,,,,,,,,,,,
03/02/2023 10:45,03/02/2023 12:04,AUDCAD,Buy,0.010,0.91565,0.91678,-0.0900,0.0000,11.3,0.75,0.12,00:01:19:40,,,,,,,,,,,,
03/02/2023 08:15,03/02/2023 08:41,NZDCAD,Buy,0.010,0.84674,0.84787,-0.0900,0.0000,11.3,0.74,0.12,00:00:26:48,,,,,,,,,,,,
03/01/2023 11:30,03/02/2023 02:45,NZDCAD,Sell,0.040,0.85181,0.84797,-0.3600,0.0000,38.4,10.93,1.74,00:15:15:50,,,,,,,,,,,,
03/01/2023 05:30,03/02/2023 02:45,NZDCAD,Sell,0.020,0.84760,0.84797,-0.1800,0.0000,-3.7,-0.73,-0.12,00:21:15:42,,,,,,,,,,,,
02/28/2023 16:15,03/02/2023 02:45,NZDCAD,Sell,0.010,0.84348,0.84797,-0.0900,0.0000,-44.9,-3.39,-0.54,01:10:30:52,,,,,,,,,,,,
02/28/2023 15:00,03/02/2023 02:45,NZDCAD,Sell,0.010,0.83982,0.84797,-0.0900,0.0000,-81.5,-6.08,-0.95,01:11:45:47,,,,,,,,,,,,
03/02/2023 01:45,03/02/2023 02:27,AUDCAD,Buy,0.010,0.91718,0.91831,-0.0900,0.0000,11.3,0.74,0.12,00:00:42:52,,,,,,,,,,,,
02/28/2023 16:00,03/01/2023 00:30,AUDCAD,Sell,0.010,0.91797,0.91684,-0.0900,0.0000,11.3,0.73,0.11,00:08:30:02,,,,,,,,,,,,
02/27/2023 04:30,02/28/2023 14:00,AUDCAD,Buy,0.020,0.91325,0.91625,-0.1800,0.0000,30.0,4.24,0.67,01:09:30:34,,,,,,,,,,,,
02/24/2023 16:45,02/28/2023 14:00,AUDCAD,Buy,0.010,0.91665,0.91625,-0.0900,0.0000,-4.0,-0.39,-0.06,03:21:15:33,,,,,,,,,,,,
02/24/2023 08:15,02/28/2023 14:00,AUDCAD,Buy,0.010,0.92032,0.91625,-0.0900,0.0000,-40.7,-3.09,-0.49,04:05:45:33,0.0,0s,40.7,40.82,0.0,0.0,-40.7,-2.8490000000000006,0.0,0.0,-40.70,-2.85
02/27/2023 13:00,02/27/2023 19:00,NZDCAD,Buy,0.020,0.83446,0.83755,-0.1800,0.0000,30.9,4.37,0.69,00:06:00:44,,,,,,,,,,,,
02/26/2023 23:00,02/27/2023 19:00,NZDCAD,Buy,0.010,0.83833,0.83755,-0.0900,0.0000,-7.8,-0.66,-0.10,00:20:00:43,,,,,,,,,,,,
02/24/2023 12:15,02/27/2023 19:00,NZDCAD,Buy,0.010,0.84144,0.83755,-0.0900,0.0000,-38.9,-2.95,-0.47,03:06:45:43,,,,,,,,,,,,
02/24/2023 08:15,02/24/2023 10:22,NZDCAD,Buy,0.010,0.84244,0.84357,-0.0900,0.0000,11.3,0.74,0.12,00:02:07:30,,,,,,,,,,,,
02/23/2023 17:00,02/23/2023 18:58,AUDCAD,Buy,0.010,0.92075,0.92188,-0.0900,0.0000,11.3,0.75,0.12,00:01:58:45,,,,,,,,,,,,
02/22/2023 08:45,02/22/2023 09:52,AUDCAD,Buy,0.010,0.92360,0.92473,-0.0900,0.0000,11.3,0.74,0.12,00:01:07:18,,,,,,,,,,,,
02/21/2023 07:30,02/21/2023 14:41,AUDCAD,Buy,0.010,0.92754,0.92867,-0.0900,0.0000,11.3,0.74,0.12,00:07:11:41,,,,,,,,,,,,
02/17/2023 20:15,02/20/2023 00:05,AUDCAD,Sell,0.010,0.92706,0.92593,-0.0900,0.0000,11.3,0.75,0.12,02:03:50:06,,,,,,,,,,,,
02/17/2023 02:15,02/17/2023 15:04,NZDCAD,Buy,0.010,0.83945,0.84058,-0.0900,0.0000,11.3,0.75,0.12,00:12:49:30,,,,,,,,,,,,
02/17/2023 04:45,02/17/2023 05:05,AUDCAD,Buy,0.010,0.92174,0.92287,-0.0900,0.0000,11.3,0.75,0.12,00:00:20:12,,,,,,,,,,,,
02/16/2023 05:15,02/16/2023 08:01,NZDCAD,Sell,0.010,0.84359,0.84246,-0.0900,0.0000,11.3,0.76,0.12,00:02:46:10,,,,,,,,,,,,
02/16/2023 00:45,02/16/2023 02:35,NZDCAD,Buy,0.010,0.83965,0.84205,-0.0900,0.0000,24.0,1.71,0.27,00:01:50:52,,,,,,,,,,,,
02/15/2023 02:45,02/16/2023 02:35,NZDCAD,Buy,0.010,0.84319,0.84205,-0.0900,0.0000,-11.4,-0.94,-0.15,00:23:50:54,,,,,,,,,,,,
02/15/2023 15:45,02/15/2023 19:13,AUDCAD,Buy,0.020,0.92170,0.92435,-0.1800,0.0000,26.5,3.78,0.61,00:03:28:21,,,,,,,,,,,,
02/15/2023 07:30,02/15/2023 19:13,AUDCAD,Buy,0.010,0.92364,0.92435,-0.0900,0.0000,7.1,0.44,0.07,00:11:43:20,,,,,,,,,,,,
02/15/2023 02:45,02/15/2023 19:13,AUDCAD,Buy,0.010,0.92884,0.92435,-0.0900,0.0000,-44.9,-3.44,-0.55,00:16:28:20,,,,,,,,,,,,
02/14/2023 14:00,02/14/2023 14:17,AUDCAD,Sell,0.010,0.93191,0.92910,-0.0900,0.0000,28.1,2.02,0.32,00:00:17:45,,,,,,,,,,,,
02/13/2023 14:45,02/14/2023 14:17,AUDCAD,Sell,0.010,0.92754,0.92910,-0.0900,0.0000,-15.6,-1.25,-0.20,00:23:32:43,,,,,,,,,,,,
02/14/2023 02:15,02/14/2023 13:33,NZDCAD,Buy,0.010,0.84627,0.84740,-0.0900,0.0000,11.3,0.76,0.12,00:11:18:24,,,,,,,,,,,,
02/13/2023 15:45,02/14/2023 02:10,NZDCAD,Sell,0.010,0.84833,0.84595,-0.0900,0.0000,23.8,1.69,0.27,00:10:25:10,,,,,,,,,,,,
02/13/2023 06:45,02/14/2023 02:10,NZDCAD,Sell,0.010,0.84483,0.84595,-0.0900,0.0000,-11.2,-0.93,-0.15,00:19:25:05,,,,,,,,,,,,
02/13/2023 08:00,02/13/2023 08:18,AUDCAD,Sell,0.010,0.92603,0.92490,-0.0900,0.0000,11.3,0.76,0.12,00:00:18:11,,,,,,,,,,,,
02/10/2023 19:30,02/13/2023 07:43,AUDCAD,Buy,0.010,0.92330,0.92566,-0.0900,0.0000,23.6,1.68,0.27,02:12:13:10,,,,,,,,,,,,
02/10/2023 14:45,02/13/2023 07:43,AUDCAD,Buy,0.010,0.92676,0.92566,-0.0900,0.0000,-11.0,-0.91,-0.15,02:16:58:10,,,,,,,,,,,,
02/10/2023 19:45,02/13/2023 06:10,NZDCAD,Buy,0.010,0.84188,0.84430,-0.0900,0.0000,24.2,1.73,0.28,02:10:25:41,,,,,,,,,,,,
02/10/2023 14:45,02/13/2023 06:10,NZDCAD,Buy,0.010,0.84545,0.84430,-0.0900,0.0000,-11.5,-0.95,-0.15,02:15:25:54,,,,,,,,,,,,
02/09/2023 11:45,02/09/2023 19:25,NZDCAD,Sell,0.010,0.85365,0.85127,-0.0900,0.0000,23.8,1.68,0.27,00:07:40:24,,,,,,,,,,,,
02/09/2023 02:00,02/09/2023 19:25,NZDCAD,Sell,0.010,0.85014,0.85127,-0.0900,0.0000,-11.3,-0.93,-0.15,00:17:25:22,,,,,,,,,,,,
02/09/2023 14:00,02/09/2023 15:34,AUDCAD,Sell,0.010,0.93784,0.93489,-0.0900,0.0000,29.5,2.11,0.34,00:01:34:02,,,,,,,,,,,,
02/09/2023 02:00,02/09/2023 15:34,AUDCAD,Sell,0.010,0.93319,0.93489,-0.0900,0.0000,-17.0,-1.36,-0.22,00:13:34:02,,,,,,,,,,,,
02/07/2023 18:00,02/07/2023 18:14,NZDCAD,Sell,0.010,0.85012,0.84899,-0.0900,0.0000,11.3,0.75,0.12,00:00:14:43,,,,,,,,,,,,
02/07/2023 18:00,02/07/2023 18:05,AUDCAD,Sell,0.010,0.93460,0.93347,-0.0900,0.0000,11.3,0.75,0.12,00:00:05:42,,,,,,,,,,,,
02/07/2023 13:15,02/07/2023 15:57,NZDCAD,Buy,0.010,0.84571,0.84684,-0.0900,0.0000,11.3,0.75,0.12,00:02:42:30,,,,,,,,,,,,
02/07/2023 09:15,02/07/2023 13:08,AUDCAD,Sell,0.010,0.93167,0.92917,-0.0900,0.0000,25.0,1.77,0.29,00:03:53:46,,,,,,,,,,,,
02/07/2023 02:45,02/07/2023 13:08,AUDCAD,Sell,0.010,0.92793,0.92917,-0.0900,0.0000,-12.4,-1.02,-0.17,00:10:23:47,,,,,,,,,,,,
02/06/2023 16:00,02/07/2023 02:29,AUDCAD,Buy,0.120,0.92313,0.92730,-1.0800,0.0000,41.7,36.20,6.23,00:10:29:46,,,,,,,,,,,,
02/06/2023 14:00,02/07/2023 02:29,AUDCAD,Buy,0.080,0.92537,0.92730,-0.7200,0.0000,19.3,10.78,1.89,00:12:29:46,,,,,,,,,,,,
02/03/2023 15:15,02/07/2023 02:29,AUDCAD,Buy,0.040,0.93195,0.92730,-0.3600,0.0000,-46.5,-14.22,-2.43,03:11:14:46,,,,,,,,,,,,
02/03/2023 14:00,02/07/2023 02:29,AUDCAD,Buy,0.020,0.93570,0.92730,-0.1800,0.0000,-84.0,-12.69,-2.12,03:12:29:46,,,,,,,,,,,,
02/03/2023 13:45,02/07/2023 02:29,AUDCAD,Buy,0.010,0.93661,0.92730,-0.0900,0.0000,-93.1,-7.03,-1.16,03:12:44:46,,,,,,,,,,,,
02/02/2023 16:45,02/07/2023 02:29,AUDCAD,Buy,0.010,0.94344,0.92730,-0.0900,0.0000,-161.4,-12.11,-1.96,04:09:44:46,0.0,0s,161.4,163.93,0.0,0.0,-161.4,-11.298000000000002,0.0,0.0,-161.40,-11.30
02/06/2023 15:30,02/06/2023 21:50,NZDCAD,Buy,0.080,0.84476,0.84797,-0.7200,0.0000,32.1,18.38,3.07,00:06:20:00,,,,,,,,,,,,
02/03/2023 19:15,02/06/2023 21:50,NZDCAD,Buy,0.040,0.84830,0.84797,-0.3600,0.0000,-3.3,-1.34,-0.22,03:02:35:00,,,,,,,,,,,,
02/03/2023 16:45,02/06/2023 21:50,NZDCAD,Buy,0.020,0.85039,0.84797,-0.1800,0.0000,-24.2,-3.78,-0.63,03:05:05:01,,,,,,,,,,,,
02/03/2023 15:15,02/06/2023 21:50,NZDCAD,Buy,0.010,0.85314,0.84797,-0.0900,0.0000,-51.7,-3.94,-0.65,03:06:34:52,,,,,,,,,,,,
02/03/2023 13:45,02/06/2023 21:50,NZDCAD,Buy,0.010,0.85931,0.84797,-0.0900,0.0000,-113.4,-8.52,-1.38,03:08:04:53,,,,,,,,,,,,
02/03/2023 13:15,02/03/2023 13:30,NZDCAD,Sell,0.010,0.86550,0.86285,-0.0900,0.0000,26.5,1.89,0.31,00:00:15:03,,,,,,,,,,,,
02/02/2023 22:18,02/03/2023 10:24,NZDCAD,Buy,0.010,0.86353,0.86466,-0.0900,0.0000,11.3,0.76,0.12,00:12:05:54,,,,,,,,,,,,
02/02/2023 15:15,02/02/2023 15:26,AUDCAD,Buy,0.010,0.94396,0.94509,-0.0900,0.0000,11.3,0.76,0.12,00:00:11:19,,,,,,,,,,,,
02/02/2023 15:15,02/02/2023 15:23,NZDCAD,Buy,0.010,0.86281,0.86394,-0.0900,0.0000,11.3,0.76,0.12,00:00:08:42,,,,,,,,,,,,
02/01/2023 23:15,02/02/2023 15:04,NZDCAD,Sell,0.010,0.86485,0.86372,-0.0900,0.0000,11.3,0.75,0.12,00:15:49:15,,,,,,,,,,,,
02/01/2023 21:45,02/02/2023 14:55,AUDCAD,Sell,0.020,0.94822,0.94580,-0.1800,0.0000,24.2,3.45,0.57,00:17:10:00,,,,,,,,,,,,
02/01/2023 19:45,02/02/2023 14:55,AUDCAD,Sell,0.010,0.94733,0.94580,-0.0900,0.0000,15.3,1.06,0.17,00:19:09:59,,,,,,,,,,,,
02/01/2023 04:45,02/02/2023 14:55,AUDCAD,Sell,0.010,0.94094,0.94580,-0.0900,0.0000,-48.6,-3.73,-0.61,01:10:09:59,,,,,,,,,,,,
01/31/2023 22:00,02/01/2023 18:34,NZDCAD,Buy,0.010,0.85724,0.85978,-0.0900,0.0000,25.4,1.81,0.30,00:20:33:39,,,,,,,,,,,,
01/31/2023 17:30,02/01/2023 18:34,NZDCAD,Buy,0.010,0.86105,0.85978,-0.0900,0.0000,-12.7,-1.05,-0.17,01:01:04:07,,,,,,,,,,,,
01/31/2023 11:30,01/31/2023 11:39,AUDCAD,Buy,0.010,0.94035,0.94148,-0.0900,0.0000,11.3,0.75,0.12,00:00:09:54,,,,,,,,,,,,
01/25/2023 14:00,01/25/2023 15:00,NZDCAD,Buy,0.010,0.86323,0.86436,-0.0900,0.0000,11.3,0.76,0.13,00:01:00:05,,,,,,,,,,,,
01/25/2023 02:45,01/25/2023 11:43,AUDCAD,Sell,0.010,0.94804,0.94691,-0.0900,0.0000,11.3,0.76,0.13,00:08:58:48,,,,,,,,,,,,
01/24/2023 23:15,01/24/2023 23:48,NZDCAD,Buy,0.010,0.86693,0.86806,-0.0900,0.0000,11.3,0.75,0.12,00:00:33:22,,,,,,,,,,,,
01/24/2023 13:00,01/24/2023 13:12,AUDCAD,Buy,0.010,0.93694,0.93807,-0.0900,0.0000,11.3,0.76,0.13,00:00:12:11,,,,,,,,,,,,
01/24/2023 13:00,01/24/2023 13:09,NZDCAD,Buy,0.010,0.86528,0.86641,-0.0900,0.0000,11.3,0.76,0.13,00:00:09:35,,,,,,,,,,,,
01/20/2023 15:30,01/20/2023 15:38,NZDCAD,Sell,0.010,0.86755,0.86642,-0.0900,0.0000,11.3,0.76,0.13,00:00:08:56,,,,,,,,,,,,
01/20/2023 07:30,01/20/2023 13:54,AUDCAD,Sell,0.010,0.93290,0.93177,-0.0900,0.0000,11.3,0.75,0.12,00:06:24:37,,,,,,,,,,,,
01/20/2023 08:15,01/20/2023 10:12,NZDCAD,Sell,0.010,0.86501,0.86388,-0.0900,0.0000,11.3,0.75,0.12,00:01:56:58,,,,,,,,,,,,
01/19/2023 02:00,01/20/2023 08:02,AUDCAD,Buy,0.010,0.93247,0.93360,-0.0900,0.0000,11.3,0.75,0.12,01:06:02:31,,,,,,,,,,,,
01/19/2023 12:45,01/20/2023 02:15,NZDCAD,Buy,0.010,0.86062,0.86328,-0.0900,0.0000,26.6,1.89,0.32,00:13:30:39,,,,,,,,,,,,
01/19/2023 07:00,01/20/2023 02:15,NZDCAD,Buy,0.010,0.86467,0.86328,-0.0900,0.0000,-13.9,-1.12,-0.19,00:19:15:41,,,,,,,,,,,,
01/18/2023 14:00,01/18/2023 15:52,NZDCAD,Sell,0.020,0.87122,0.86761,-0.1800,0.0000,36.1,5.21,0.87,00:01:52:46,,,,,,,,,,,,
01/18/2023 13:15,01/18/2023 15:52,AUDCAD,Sell,0.010,0.94104,0.93991,-0.0900,0.0000,11.3,0.75,0.13,00:02:37:46,,,,,,,,,,,,
01/18/2023 08:45,01/18/2023 15:52,NZDCAD,Sell,0.010,0.86683,0.86761,-0.0900,0.0000,-7.8,-0.67,-0.11,00:07:07:48,,,,,,,,,,,,
01/18/2023 01:45,01/18/2023 15:52,NZDCAD,Sell,0.010,0.86270,0.86761,-0.0900,0.0000,-49.1,-3.75,-0.63,00:14:07:42,,,,,,,,,,,,
01/17/2023 09:00,01/17/2023 10:03,NZDCAD,Sell,0.010,0.85940,0.85827,-0.0900,0.0000,11.3,0.75,0.13,00:01:03:34,,,,,,,,,,,,
01/12/2023 14:00,01/12/2023 14:07,AUDCAD,Sell,0.010,0.93232,0.93119,-0.0900,0.0000,11.3,0.75,0.13,00:00:07:58,,,,,,,,,,,,
01/11/2023 12:00,01/11/2023 18:33,NZDCAD,Buy,0.010,0.85291,0.85404,-0.0900,0.0000,11.3,0.75,0.13,00:06:33:46,,,,,,,,,,,,
01/11/2023 12:30,01/11/2023 13:11,AUDCAD,Buy,0.010,0.92426,0.92539,-0.0900,0.0000,11.3,0.75,0.13,00:00:41:17,,,,,,,,,,,,
01/11/2023 05:30,01/11/2023 06:57,AUDCAD,Sell,0.010,0.92889,0.92776,-0.0900,0.0000,11.3,0.75,0.13,00:01:27:01,,,,,,,,,,,,
01/10/2023 13:00,01/10/2023 14:00,AUDCAD,Buy,0.010,0.92087,0.92200,-0.0900,0.0000,11.3,0.75,0.13,00:01:00:43,,,,,,,,,,,,
01/06/2023 19:15,01/10/2023 07:13,NZDCAD,Sell,0.010,0.85447,0.85206,-0.0900,0.0000,24.1,1.71,0.29,03:11:58:23,,,,,,,,,,,,
01/06/2023 15:45,01/10/2023 07:13,NZDCAD,Sell,0.010,0.85091,0.85206,-0.0900,0.0000,-11.5,-0.95,-0.16,03:15:28:24,,,,,,,,,,,,
01/09/2023 04:30,01/09/2023 10:20,AUDCAD,Sell,0.010,0.92877,0.92597,-0.0900,0.0000,28.0,2.00,0.34,00:05:50:37,,,,,,,,,,,,
01/06/2023 18:45,01/09/2023 10:20,AUDCAD,Sell,0.010,0.92442,0.92597,-0.0900,0.0000,-15.5,-1.24,-0.21,02:15:35:40,,,,,,,,,,,,
01/06/2023 16:45,01/06/2023 17:24,AUDCAD,Sell,0.010,0.92361,0.92248,-0.0900,0.0000,11.3,0.75,0.13,00:00:39:27,,,,,,,,,,,,
01/06/2023 01:03,,,Withdrawal,0.010,0.00000,0.00000,0.0000,0.0000,0.0,-2.60,0,00:00:00:00,,,,,,,,,,,,
12/22/2022 19:30,12/23/2022 03:04,AUDCAD,Buy,0.010,0.90961,0.91222,-0.0900,0.0000,26.1,1.83,0.31,00:07:34:25,,,,,,,,,,,,
12/22/2022 14:15,12/23/2022 03:04,AUDCAD,Buy,0.010,0.91356,0.91222,-0.0900,0.0000,-13.4,-1.07,-0.18,00:12:49:21,,,,,,,,,,,,
12/22/2022 13:45,12/22/2022 15:56,NZDCAD,Buy,0.010,0.85372,0.85485,-0.0900,0.0000,11.3,0.74,0.12,00:02:11:24,,,,,,,,,,,,
12/22/2022 04:45,12/22/2022 13:30,AUDCAD,Sell,0.020,0.91839,0.91539,-0.1800,0.0000,30.0,4.22,0.72,00:08:45:20,,,,,,,,,,,,
12/22/2022 01:15,12/22/2022 13:30,AUDCAD,Sell,0.010,0.91497,0.91539,-0.0900,0.0000,-4.2,-0.39,-0.07,00:12:15:19,,,,,,,,,,,,
12/21/2022 12:15,12/22/2022 13:30,AUDCAD,Sell,0.010,0.91132,0.91539,-0.0900,0.0000,-40.7,-3.07,-0.52,01:01:15:17,,,,,,,,,,,,
12/22/2022 04:15,12/22/2022 05:50,NZDCAD,Sell,0.010,0.85911,0.85798,-0.0900,0.0000,11.3,0.74,0.12,00:01:35:17,,,,,,,,,,,,
12/21/2022 16:30,12/22/2022 04:07,NZDCAD,Buy,0.010,0.85571,0.85832,-0.0900,0.0000,26.1,1.83,0.31,00:11:37:49,,,,,,,,,,,,
12/21/2022 02:00,12/22/2022 04:07,NZDCAD,Buy,0.010,0.85966,0.85832,-0.0900,0.0000,-13.4,-1.08,-0.18,01:02:07:47,,,,,,,,,,,,
12/20/2022 05:15,12/20/2022 05:46,AUDCAD,Buy,0.010,0.90855,0.90968,-0.0900,0.0000,11.3,0.73,0.12,00:00:31:47,,,,,,,,,,,,
12/20/2022 04:45,12/20/2022 04:56,AUDCAD,Buy,0.010,0.90920,0.91033,-0.0900,0.0000,11.3,0.74,0.13,00:00:11:40,,,,,,,,,,,,
12/20/2022 01:15,12/20/2022 03:02,NZDCAD,Buy,0.010,0.86511,0.86624,-0.0900,0.0000,11.3,0.74,0.13,00:01:47:31,,,,,,,,,,,,
12/20/2022 02:45,12/20/2022 03:01,AUDCAD,Buy,0.010,0.91240,0.91353,-0.0900,0.0000,11.3,0.74,0.13,00:00:16:57,,,,,,,,,,,,
12/19/2022 12:30,12/19/2022 12:49,NZDCAD,Buy,0.010,0.86915,0.87028,-0.0900,0.0000,11.3,0.74,0.13,00:00:19:17,,,,,,,,,,,,
12/16/2022 18:15,12/18/2022 23:45,NZDCAD,Sell,0.010,0.87528,0.87262,-0.0900,0.0000,26.6,1.85,0.32,02:05:30:06,,,,,,,,,,,,
12/16/2022 14:00,12/18/2022 23:45,NZDCAD,Sell,0.010,0.87122,0.87262,-0.0900,0.0000,-14.0,-1.11,-0.19,02:09:45:07,,,,,,,,,,,,
12/15/2022 15:15,12/16/2022 02:41,AUDCAD,Buy,0.010,0.91589,0.91702,-0.0900,0.0000,11.3,0.74,0.13,00:11:26:51,,,,,,,,,,,,
12/15/2022 09:15,12/15/2022 13:30,NZDCAD,Buy,0.010,0.86580,0.86917,-0.0900,0.0000,33.7,2.39,0.41,00:04:15:28,,,,,,,,,,,,
12/15/2022 08:00,12/15/2022 13:30,NZDCAD,Buy,0.010,0.87127,0.86917,-0.0900,0.0000,-21.0,-1.63,-0.28,00:05:30:29,,,,,,,,,,,,
12/15/2022 11:00,12/15/2022 13:15,AUDCAD,Buy,0.020,0.91721,0.92074,-0.1800,0.0000,35.3,5.01,0.86,00:02:15:24,,,,,,,,,,,,
12/15/2022 08:45,12/15/2022 13:15,AUDCAD,Buy,0.010,0.92137,0.92074,-0.0900,0.0000,-6.3,-0.55,-0.09,00:04:30:23,,,,,,,,,,,,
12/15/2022 05:00,12/15/2022 13:15,AUDCAD,Buy,0.010,0.92565,0.92074,-0.0900,0.0000,-49.1,-3.70,-0.63,00:08:15:23,,,,,,,,,,,,
12/14/2022 11:00,12/14/2022 11:34,AUDCAD,Sell,0.010,0.93178,0.93065,-0.0900,0.0000,11.3,0.74,0.13,00:00:34:49,,,,,,,,,,,,
12/14/2022 09:00,12/14/2022 09:25,AUDCAD,Sell,0.010,0.93037,0.92924,-0.0900,0.0000,11.3,0.74,0.13,00:00:25:19,,,,,,,,,,,,
12/14/2022 08:15,12/14/2022 08:37,NZDCAD,Buy,0.010,0.87245,0.87358,-0.0900,0.0000,11.3,0.75,0.13,00:00:21:58,,,,,,,,,,,,
12/13/2022 13:45,12/13/2022 17:28,AUDCAD,Sell,0.010,0.92942,0.92829,-0.0900,0.0000,11.3,0.74,0.13,00:03:43:19,,,,,,,,,,,,
12/13/2022 14:45,12/13/2022 15:30,NZDCAD,Sell,0.010,0.88144,0.87871,-0.0900,0.0000,27.3,1.92,0.33,00:00:45:03,,,,,,,,,,,,
12/13/2022 13:45,12/13/2022 15:30,NZDCAD,Sell,0.010,0.87723,0.87871,-0.0900,0.0000,-14.8,-1.18,-0.20,00:01:45:01,,,,,,,,,,,,
12/13/2022 08:15,12/13/2022 08:28,AUDCAD,Sell,0.010,0.92352,0.92239,-0.0900,0.0000,11.3,0.74,0.13,00:00:13:41,,,,,,,,,,,,
12/12/2022 16:15,12/13/2022 07:43,NZDCAD,Buy,0.010,0.87082,0.87195,-0.0900,0.0000,11.3,0.74,0.13,00:15:28:05,,,,,,,,,,,,
12/12/2022 16:15,12/13/2022 02:04,AUDCAD,Buy,0.010,0.92064,0.92177,-0.0900,0.0000,11.3,0.74,0.13,00:09:49:10,,,,,,,,,,,,
12/12/2022 10:00,12/12/2022 12:59,NZDCAD,Sell,0.020,0.87684,0.87307,-0.1800,0.0000,37.7,5.34,0.93,00:02:59:16,,,,,,,,,,,,
12/09/2022 13:30,12/12/2022 12:59,NZDCAD,Sell,0.010,0.87097,0.87307,-0.0900,0.0000,-21.0,-1.62,-0.28,02:23:29:18,,,,,,,,,,,,
12/09/2022 01:30,12/12/2022 12:59,NZDCAD,Sell,0.010,0.86916,0.87307,-0.0900,0.0000,-39.1,-2.95,-0.51,03:11:29:19,,,,,,,,,,,,
12/12/2022 10:00,12/12/2022 10:28,AUDCAD,Sell,0.010,0.92797,0.92684,-0.0900,0.0000,11.3,0.74,0.13,00:00:28:05,,,,,,,,,,,,
12/09/2022 16:30,12/11/2022 23:59,AUDCAD,Sell,0.010,0.92703,0.92590,-0.0900,0.0000,11.3,0.73,0.13,02:07:29:55,,,,,,,,,,,,
12/09/2022 11:45,12/09/2022 13:30,AUDCAD,Sell,0.010,0.92394,0.92281,-0.0900,0.0000,11.3,0.74,0.13,00:01:45:04,,,,,,,,,,,,
12/09/2022 01:30,12/09/2022 07:15,AUDCAD,Sell,0.010,0.92236,0.92123,-0.0900,0.0000,11.3,0.74,0.13,00:05:44:59,,,,,,,,,,,,
12/09/2022 00:00,12/09/2022 00:48,AUDCAD,Sell,0.010,0.92134,0.92021,-0.0900,0.0000,11.3,0.74,0.13,00:00:48:29,,,,,,,,,,,,
12/08/2022 11:30,12/08/2022 20:50,NZDCAD,Buy,0.010,0.86595,0.86708,-0.0900,0.0000,11.3,0.74,0.13,00:09:20:46,,,,,,,,,,,,
12/07/2022 14:15,12/07/2022 15:08,NZDCAD,Sell,0.010,0.86961,0.86697,-0.0900,0.0000,26.4,1.86,0.33,00:00:53:49,,,,,,,,,,,,
12/07/2022 08:45,12/07/2022 15:08,NZDCAD,Sell,0.010,0.86559,0.86697,-0.0900,0.0000,-13.8,-1.10,-0.19,00:06:23:51,,,,,,,,,,,,
12/07/2022 14:30,12/07/2022 15:00,AUDCAD,Sell,0.010,0.91750,0.91637,-0.0900,0.0000,11.3,0.74,0.13,00:00:29:59,,,,,,,,,,,,
12/06/2022 12:15,12/06/2022 15:39,NZDCAD,Sell,0.010,0.86382,0.86269,-0.0900,0.0000,11.3,0.74,0.13,00:03:24:28,,,,,,,,,,,,
12/06/2022 12:30,12/06/2022 13:49,AUDCAD,Sell,0.010,0.91756,0.91643,-0.0900,0.0000,11.3,0.74,0.13,00:01:19:07,,,,,,,,,,,,
12/04/2022 14:17,,,Withdrawal,0.010,0.00000,0.00000,0.0000,0.0000,0.0,-3.41,0,00:00:00:00,,,,,,,,,,,,
12/02/2022 08:30,12/02/2022 13:34,NZDCAD,Sell,0.020,0.86058,0.85672,-0.1800,0.0000,38.6,5.54,0.97,00:05:04:49,,,,,,,,,,,,
12/01/2022 13:30,12/02/2022 13:34,NZDCAD,Sell,0.010,0.85585,0.85672,-0.0900,0.0000,-8.7,-0.74,-0.13,01:00:04:45,,,,,,,,,,,,
12/01/2022 10:00,12/02/2022 13:34,NZDCAD,Sell,0.010,0.85140,0.85672,-0.0900,0.0000,-53.2,-4.03,-0.70,01:03:34:50,,,,,,,,,,,,
12/01/2022 06:30,12/01/2022 08:01,AUDCAD,Sell,0.010,0.91488,0.91375,-0.0900,0.0000,11.3,0.75,0.13,00:01:31:18,,,,,,,,,,,,
11/30/2022 15:00,11/30/2022 15:53,NZDCAD,Buy,0.010,0.84071,0.84184,-0.0900,0.0000,11.3,0.75,0.13,00:00:53:29,,,,,,,,,,,,
11/30/2022 15:15,11/30/2022 15:21,AUDCAD,Buy,0.010,0.90433,0.90546,-0.0900,0.0000,11.3,0.74,0.13,00:00:06:13,,,,,,,,,,,,
11/30/2022 14:00,11/30/2022 14:42,NZDCAD,Buy,0.010,0.84116,0.84229,-0.0900,0.0000,11.3,0.75,0.13,00:00:41:59,,,,,,,,,,,,
11/29/2022 16:45,11/29/2022 19:44,NZDCAD,Sell,0.020,0.84472,0.84101,-0.1800,0.0000,37.1,5.29,0.94,00:02:59:19,,,,,,,,,,,,
11/29/2022 11:00,11/29/2022 19:44,NZDCAD,Sell,0.010,0.83981,0.84101,-0.0900,0.0000,-12.0,-0.98,-0.17,00:08:44:18,,,,,,,,,,,,
11/29/2022 08:00,11/29/2022 19:44,NZDCAD,Sell,0.010,0.83631,0.84101,-0.0900,0.0000,-47.0,-3.56,-0.63,00:11:44:19,,,,,,,,,,,,
11/29/2022 15:30,11/29/2022 19:36,AUDCAD,Sell,0.020,0.91198,0.90800,-0.1800,0.0000,39.8,5.68,1.01,00:04:06:16,,,,,,,,,,,,
11/29/2022 12:00,11/29/2022 19:36,AUDCAD,Sell,0.010,0.90688,0.90800,-0.0900,0.0000,-11.2,-0.91,-0.16,00:07:36:16,,,,,,,,,,,,
11/29/2022 08:30,11/29/2022 19:36,AUDCAD,Sell,0.010,0.90269,0.90800,-0.0900,0.0000,-53.1,-4.00,-0.70,00:11:06:16,,,,,,,,,,,,
11/29/2022 03:30,11/29/2022 03:43,NZDCAD,Sell,0.010,0.83486,0.83373,-0.0900,0.0000,11.3,0.75,0.13,00:00:13:26,,,,,,,,,,,,
11/28/2022 09:00,11/28/2022 12:04,NZDCAD,Sell,0.010,0.83743,0.83630,-0.0900,0.0000,11.3,0.75,0.13,00:03:04:44,,,,,,,,,,,,
11/24/2022 14:30,11/28/2022 01:13,AUDCAD,Sell,0.040,0.90268,0.89951,-0.3600,0.0000,31.7,9.09,1.63,03:10:43:13,,,,,,,,,,,,
11/23/2022 16:00,11/28/2022 01:13,AUDCAD,Sell,0.020,0.89949,0.89951,-0.1800,0.0000,-0.2,-0.21,-0.04,04:09:13:14,20.0,21h 2m,47.1,47.17,0.0,0.0,-47.1,-7.065,0.0,99.6,-0.20,-0.03
11/23/2022 15:00,11/28/2022 01:13,AUDCAD,Sell,0.010,0.89625,0.89951,-0.0900,0.0000,-32.6,-2.52,-0.45,04:10:13:11,0.0,0s,79.5,80.00,0.0,0.0,-79.5,-5.565,0.0,59.0,-32.60,-2.28
11/23/2022 12:30,11/28/2022 01:13,AUDCAD,Sell,0.010,0.89211,0.89951,-0.0900,0.0000,-74.0,-5.61,-0.99,04:12:43:13,0.0,0s,120.9,121.95,0.0,0.0,-120.9,-8.463000000000001,0.0,38.8,-74.00,-5.18
11/24/2022 12:45,11/25/2022 09:42,NZDCAD,Sell,0.020,0.83613,0.83309,-0.1800,0.0000,30.4,4.37,0.78,00:20:57:55,,,,,,,,,,,,
11/23/2022 15:00,11/25/2022 09:42,NZDCAD,Sell,0.010,0.83271,0.83309,-0.0900,0.0000,-3.8,-0.37,-0.07,01:18:42:47,,,,,,,,,,,,
11/23/2022 13:30,11/25/2022 09:42,NZDCAD,Sell,0.010,0.82892,0.83309,-0.0900,0.0000,-41.7,-3.21,-0.57,01:20:12:54,,,,,,,,,,,,
11/22/2022 10:30,11/22/2022 14:04,NZDCAD,Sell,0.010,0.82447,0.82334,-0.0900,0.0000,11.3,0.75,0.13,00:03:34:37,,,,,,,,,,,,
11/21/2022 17:30,11/22/2022 00:13,NZDCAD,Buy,0.010,0.81982,0.82095,-0.0900,0.0000,11.3,0.75,0.13,00:06:42:59,,,,,,,,,,,,
11/21/2022 17:15,11/21/2022 20:53,AUDCAD,Buy,0.010,0.88718,0.88831,-0.0900,0.0000,11.3,0.75,0.13,00:03:38:20,,,,,,,,,,,,
11/21/2022 09:15,11/21/2022 13:05,AUDCAD,Buy,0.010,0.88904,0.89017,-0.0900,0.0000,11.3,0.75,0.13,00:03:50:52,,,,,,,,,,,,
11/21/2022 09:45,11/21/2022 11:00,NZDCAD,Buy,0.010,0.82073,0.82186,-0.0900,0.0000,11.3,0.75,0.13,00:01:14:57,,,,,,,,,,,,
11/18/2022 13:30,11/18/2022 14:43,NZDCAD,Sell,0.020,0.82768,0.82414,-0.1800,0.0000,35.4,5.10,0.92,00:01:13:19,,,,,,,,,,,,
11/18/2022 09:00,11/18/2022 14:43,NZDCAD,Sell,0.010,0.82327,0.82414,-0.0900,0.0000,-8.7,-0.74,-0.13,00:05:43:18,,,,,,,,,,,,
11/18/2022 02:00,11/18/2022 14:43,NZDCAD,Sell,0.010,0.81946,0.82414,-0.0900,0.0000,-46.8,-3.59,-0.64,00:12:43:17,,,,,,,,,,,,
11/15/2022 16:00,11/16/2022 00:50,NZDCAD,Sell,0.020,0.81927,0.81620,-0.1800,0.0000,30.7,4.44,0.80,00:08:50:15,,,,,,,,,,,,
11/15/2022 07:45,11/16/2022 00:50,NZDCAD,Sell,0.010,0.81587,0.81620,-0.0900,0.0000,-3.3,-0.34,-0.06,00:17:05:12,,,,,,,,,,,,
11/14/2022 17:45,11/16/2022 00:50,NZDCAD,Sell,0.010,0.81192,0.81620,-0.0900,0.0000,-42.8,-3.31,-0.59,01:07:05:24,,,,,,,,,,,,
11/15/2022 16:00,11/16/2022 00:32,AUDCAD,Sell,0.200,0.90073,0.89620,-1.8000,0.0000,45.3,66.35,13.43,00:08:32:26,,,,,,,,,,,,
11/15/2022 10:00,11/16/2022 00:32,AUDCAD,Sell,0.120,0.89786,0.89620,-1.0800,0.0000,16.6,13.90,2.90,00:14:32:26,,,,,,,,,,,,
11/14/2022 19:30,11/16/2022 00:32,AUDCAD,Sell,0.080,0.89275,0.89620,-0.7200,0.0000,-34.5,-21.48,-4.28,01:05:02:24,,,,,,,,,,,,
11/14/2022 15:00,11/16/2022 00:32,AUDCAD,Sell,0.040,0.88943,0.89620,-0.3600,0.0000,-67.7,-20.73,-3.97,01:09:32:26,,,,,,,,,,,,
11/11/2022 15:15,11/16/2022 00:32,AUDCAD,Sell,0.020,0.88718,0.89620,-0.1800,0.0000,-90.2,-13.75,-2.57,04:09:17:26,0.0,0s,114.7,114.94,0.0,0.0,-114.7,-17.205,0.0,21.4,-90.20,-13.53
11/11/2022 05:15,11/16/2022 00:32,AUDCAD,Sell,0.010,0.88309,0.89620,-0.0900,0.0000,-131.1,-9.95,-1.82,04:19:17:25,0.0,0s,155.6,156.25,0.0,0.0,-155.6,-12.448,0.0,15.7,-131.10,-10.49
11/10/2022 15:30,11/16/2022 00:32,AUDCAD,Sell,0.010,0.87877,0.89620,-0.0900,0.0000,-174.3,-13.20,-2.36,05:09:02:26,0.0,0s,198.8,200.00,0.0,0.0,-198.8,-15.904000000000002,0.0,12.3,-174.30,-13.94
11/11/2022 15:15,11/14/2022 10:47,NZDCAD,Sell,0.010,0.80810,0.80697,-0.0900,0.0000,11.3,0.75,0.13,02:19:31:58,,,,,,,,,,,,
11/10/2022 15:45,11/11/2022 01:05,NZDCAD,Sell,0.010,0.80156,0.80043,-0.0900,0.0000,11.3,0.76,0.14,00:09:20:19,,,,,,,,,,,,
11/10/2022 13:45,11/10/2022 13:52,NZDCAD,Sell,0.010,0.80057,0.79944,-0.0900,0.0000,11.3,0.76,0.14,00:00:07:48,,,,,,,,,,,,
11/10/2022 13:45,11/10/2022 13:52,AUDCAD,Sell,0.010,0.87664,0.87551,-0.0900,0.0000,11.3,0.75,0.13,00:00:07:49,,,,,,,,,,,,
11/10/2022 07:30,11/10/2022 08:03,NZDCAD,Buy,0.010,0.79280,0.79393,-0.0900,0.0000,11.3,0.75,0.14,00:00:33:23,,,,,,,,,,,,
11/09/2022 10:30,11/09/2022 15:10,AUDCAD,Buy,0.010,0.87015,0.87128,-0.0900,0.0000,11.3,0.75,0.14,00:04:40:40,,,,,,,,,,,,
11/09/2022 13:15,11/09/2022 15:04,NZDCAD,Buy,0.010,0.79261,0.79520,-0.0900,0.0000,25.9,1.83,0.33,00:01:49:05,,,,,,,,,,,,
11/09/2022 09:15,11/09/2022 15:04,NZDCAD,Buy,0.010,0.79652,0.79520,-0.0900,0.0000,-13.2,-1.08,-0.19,00:05:48:58,,,,,,,,,,,,
11/09/2022 06:30,11/09/2022 08:11,NZDCAD,Buy,0.010,0.79771,0.79884,-0.0900,0.0000,11.3,0.75,0.14,00:01:41:33,,,,,,,,,,,,
11/09/2022 01:45,11/09/2022 02:46,NZDCAD,Buy,0.010,0.79870,0.79983,-0.0900,0.0000,11.3,0.75,0.14,00:01:01:32,,,,,,,,,,,,
11/08/2022 15:45,11/08/2022 17:59,AUDCAD,Sell,0.010,0.87618,0.87505,-0.0900,0.0000,11.3,0.75,0.14,00:02:14:15,,,,,,,,,,,,
11/08/2022 15:45,11/08/2022 17:31,NZDCAD,Sell,0.010,0.80284,0.80171,-0.0900,0.0000,11.3,0.75,0.14,00:01:46:00,,,,,,,,,,,,
11/08/2022 08:00,11/08/2022 08:07,NZDCAD,Buy,0.010,0.79818,0.79931,-0.0900,0.0000,11.3,0.75,0.14,00:00:07:14,,,,,,,,,,,,
11/07/2022 21:45,11/08/2022 05:13,NZDCAD,Sell,0.010,0.80163,0.80050,-0.0900,0.0000,11.3,0.75,0.14,00:07:28:22,,,,,,,,,,,,
11/07/2022 14:15,11/07/2022 15:23,AUDCAD,Sell,0.010,0.87430,0.87317,-0.0900,0.0000,11.3,0.75,0.14,00:01:08:35,,,,,,,,,,,,
11/07/2022 14:15,11/07/2022 15:00,NZDCAD,Sell,0.010,0.80126,0.80013,-0.0900,0.0000,11.3,0.75,0.14,00:00:45:24,,,,,,,,,,,,
11/04/2022 18:45,11/06/2022 22:09,NZDCAD,Sell,0.010,0.79892,0.79779,-0.0900,0.0000,11.3,0.75,0.14,02:03:24:16,,,,,,,,,,,,
11/03/2022 07:45,11/04/2022 14:12,NZDCAD,Buy,0.010,0.79568,0.79681,-0.0900,0.0000,11.3,0.75,0.14,01:06:27:34,,,,,,,,,,,,
11/04/2022 13:15,11/04/2022 13:43,AUDCAD,Sell,0.010,0.87201,0.87088,-0.0900,0.0000,11.3,0.74,0.14,00:00:28:51,,,,,,,,,,,,
11/04/2022 03:45,11/04/2022 06:34,AUDCAD,Sell,0.010,0.86734,0.86621,-0.0900,0.0000,11.3,0.74,0.14,00:02:49:39,,,,,,,,,,,,
11/03/2022 16:00,11/03/2022 19:25,AUDCAD,Buy,0.010,0.86407,0.86520,-0.0900,0.0000,11.3,0.74,0.14,00:03:25:34,,,,,,,,,,,,
11/03/2022 09:30,11/03/2022 12:18,AUDCAD,Buy,0.010,0.86669,0.86782,-0.0900,0.0000,11.3,0.73,0.13,00:02:48:25,,,,,,,,,,,,
11/03/2022 07:45,11/03/2022 08:45,AUDCAD,Buy,0.010,0.86771,0.86884,-0.0900,0.0000,11.3,0.73,0.13,00:00:59:58,,,,,,,,,,,,
11/02/2022 23:15,11/03/2022 01:36,AUDCAD,Buy,0.010,0.86954,0.87067,-0.0900,0.0000,11.3,0.73,0.13,00:02:21:19,,,,,,,,,,,,
11/02/2022 08:00,11/02/2022 19:23,NZDCAD,Sell,0.010,0.79909,0.79796,-0.0900,0.0000,11.3,0.74,0.14,00:11:23:15,,,,,,,,,,,,
11/02/2022 18:15,11/02/2022 18:37,AUDCAD,Sell,0.010,0.87741,0.87628,-0.0900,0.0000,11.3,0.74,0.14,00:00:22:05,,,,,,,,,,,,
11/02/2022 01:33,,,Withdrawal,0.010,0.00000,0.00000,0.0000,0.0000,0.0,-4.26,0,00:00:00:00,,,,,,,,,,,,
11/01/2022 14:00,11/01/2022 14:09,NZDCAD,Sell,0.010,0.79862,0.79749,-0.0900,0.0000,11.3,0.74,0.14,00:00:09:25,,,,,,,,,,,,
11/01/2022 02:30,11/01/2022 03:37,NZDCAD,Sell,0.010,0.79510,0.79397,-0.0900,0.0000,11.3,0.74,0.14,00:01:07:28,,,,,,,,,,,,
11/01/2022 02:30,11/01/2022 03:30,AUDCAD,Sell,0.010,0.87455,0.87342,-0.0900,0.0000,11.3,0.74,0.14,00:01:00:00,,,,,,,,,,,,
10/31/2022 02:45,10/31/2022 11:38,NZDCAD,Sell,0.010,0.79221,0.79108,-0.0900,0.0000,11.3,0.74,0.14,00:08:53:03,,,,,,,,,,,,
10/28/2022 10:45,10/28/2022 11:31,NZDCAD,Buy,0.010,0.78831,0.78944,-0.0900,0.0000,11.3,0.74,0.14,00:00:46:16,,,,,,,,,,,,
10/28/2022 02:30,10/28/2022 03:17,NZDCAD,Sell,0.010,0.79422,0.79309,-0.0900,0.0000,11.3,0.74,0.14,00:00:47:28,,,,,,,,,,,,
10/27/2022 12:15,10/27/2022 12:30,AUDCAD,Buy,0.010,0.87595,0.87708,-0.0900,0.0000,11.3,0.74,0.14,00:00:15:54,,,,,,,,,,,,
10/26/2022 14:15,10/27/2022 11:49,AUDCAD,Sell,0.040,0.88112,0.87725,-0.3600,0.0000,38.7,11.01,2.08,00:21:34:23,,,,,,,,,,,,
10/26/2022 07:45,10/27/2022 11:49,AUDCAD,Sell,0.020,0.87649,0.87725,-0.1800,0.0000,-7.6,-1.30,-0.25,01:04:04:24,,,,,,,,,,,,
10/26/2022 06:45,10/27/2022 11:49,AUDCAD,Sell,0.010,0.87319,0.87725,-0.0900,0.0000,-40.6,-3.07,-0.58,01:05:04:23,,,,,,,,,,,,
10/25/2022 13:30,10/27/2022 11:49,AUDCAD,Sell,0.010,0.86936,0.87725,-0.0900,0.0000,-78.9,-5.89,-1.09,01:22:19:23,,,,,,,,,,,,
10/27/2022 00:15,10/27/2022 10:49,NZDCAD,Sell,0.020,0.79222,0.78954,-0.1800,0.0000,26.8,3.76,0.70,00:10:34:49,,,,,,,,,,,,
10/26/2022 14:15,10/27/2022 10:49,NZDCAD,Sell,0.010,0.79053,0.78954,-0.0900,0.0000,9.9,0.63,0.12,00:20:34:40,,,,,,,,,,,,
10/26/2022 07:00,10/27/2022 10:49,NZDCAD,Sell,0.010,0.78469,0.78954,-0.0900,0.0000,-48.5,-3.66,-0.68,01:03:49:49,,,,,,,,,,,,
10/25/2022 14:00,10/25/2022 14:09,NZDCAD,Sell,0.010,0.78489,0.78376,-0.0900,0.0000,11.3,0.74,0.14,00:00:09:11,,,,,,,,,,,,
10/25/2022 09:45,10/25/2022 10:53,NZDCAD,Buy,0.010,0.77957,0.78070,-0.0900,0.0000,11.3,0.73,0.14,00:01:08:54,,,,,,,,,,,,
10/25/2022 03:45,10/25/2022 05:52,NZDCAD,Sell,0.010,0.78351,0.78238,-0.0900,0.0000,11.3,0.74,0.14,00:02:06:51,,,,,,,,,,,,
10/24/2022 12:15,10/24/2022 13:53,NZDCAD,Buy,0.010,0.77855,0.77968,-0.0900,0.0000,11.3,0.73,0.14,00:01:38:31,,,,,,,,,,,,
10/24/2022 13:15,10/24/2022 13:45,AUDCAD,Buy,0.010,0.86246,0.86359,-0.0900,0.0000,11.3,0.73,0.14,00:00:29:54,,,,,,,,,,,,
10/24/2022 08:15,10/24/2022 11:48,AUDCAD,Buy,0.010,0.86434,0.86547,-0.0900,0.0000,11.3,0.74,0.14,00:03:33:28,,,,,,,,,,,,
10/23/2022 21:15,10/23/2022 22:12,AUDCAD,Sell,0.010,0.87223,0.87110,-0.0900,0.0000,11.3,0.74,0.14,00:00:57:02,,,,,,,,,,,,
10/21/2022 20:00,10/21/2022 20:53,AUDCAD,Sell,0.010,0.87152,0.87039,-0.0900,0.0000,11.3,0.74,0.14,00:00:53:59,,,,,,,,,,,,
10/21/2022 16:00,10/21/2022 16:19,NZDCAD,Sell,0.010,0.78655,0.78542,-0.0900,0.0000,11.3,0.74,0.14,00:00:19:23,,,,,,,,,,,,
10/21/2022 16:00,10/21/2022 16:18,AUDCAD,Sell,0.010,0.87055,0.86942,-0.0900,0.0000,11.3,0.73,0.14,00:00:18:15,,,,,,,,,,,,
10/21/2022 14:00,10/21/2022 14:27,AUDCAD,Sell,0.010,0.86704,0.86591,-0.0900,0.0000,11.3,0.73,0.14,00:00:27:27,,,,,,,,,,,,
10/21/2022 12:00,10/21/2022 13:01,AUDCAD,Buy,0.010,0.86160,0.86273,-0.0900,0.0000,11.3,0.73,0.14,00:01:01:05,,,,,,,,,,,,
10/21/2022 12:15,10/21/2022 12:57,NZDCAD,Buy,0.010,0.77638,0.77751,-0.0900,0.0000,11.3,0.73,0.14,00:00:42:54,,,,,,,,,,,,
10/20/2022 14:30,10/20/2022 16:41,AUDCAD,Sell,0.010,0.86782,0.86669,-0.0900,0.0000,11.3,0.73,0.14,00:02:11:56,,,,,,,,,,,,
10/20/2022 15:15,10/20/2022 16:26,NZDCAD,Sell,0.010,0.78470,0.78357,-0.0900,0.0000,11.3,0.73,0.14,00:01:11:21,,,,,,,,,,,,
10/20/2022 10:45,10/20/2022 12:50,NZDCAD,Sell,0.010,0.78160,0.78047,-0.0900,0.0000,11.3,0.73,0.14,00:02:05:21,,,,,,,,,,,,
10/20/2022 10:45,10/20/2022 12:47,AUDCAD,Sell,0.010,0.86506,0.86393,-0.0900,0.0000,11.3,0.73,0.14,00:02:02:09,,,,,,,,,,,,
10/20/2022 02:45,10/20/2022 05:20,NZDCAD,Buy,0.010,0.77722,0.77835,-0.0900,0.0000,11.3,0.73,0.14,00:02:35:30,,,,,,,,,,,,
10/20/2022 02:45,10/20/2022 04:18,AUDCAD,Buy,0.010,0.86030,0.86143,-0.0900,0.0000,11.3,0.73,0.14,00:01:33:37,,,,,,,,,,,,
10/19/2022 12:45,10/19/2022 13:52,NZDCAD,Buy,0.010,0.77937,0.78050,-0.0900,0.0000,11.3,0.73,0.14,00:01:07:04,,,,,,,,,,,,
10/19/2022 09:15,10/19/2022 12:30,NZDCAD,Sell,0.020,0.78310,0.78004,-0.1800,0.0000,30.6,4.27,0.82,00:03:15:12,,,,,,,,,,,,
10/18/2022 06:15,10/19/2022 12:30,NZDCAD,Sell,0.010,0.77950,0.78004,-0.0900,0.0000,-5.4,-0.48,-0.09,01:06:15:13,,,,,,,,,,,,
10/17/2022 23:30,10/19/2022 12:30,NZDCAD,Sell,0.010,0.77596,0.78004,-0.0900,0.0000,-40.8,-3.06,-0.59,01:13:00:12,,,,,,,,,,,,
10/18/2022 11:30,10/18/2022 14:04,AUDCAD,Sell,0.010,0.86751,0.86638,-0.0900,0.0000,11.3,0.74,0.14,00:02:34:04,,,,,,,,,,,,
10/17/2022 01:00,10/17/2022 01:10,NZDCAD,Buy,0.010,0.77026,0.77139,-0.0900,0.0000,11.3,0.72,0.14,00:00:10:21,,,,,,,,,,,,
10/14/2022 19:15,10/16/2022 23:51,AUDCAD,Buy,0.010,0.86099,0.86213,-0.0900,0.0000,11.4,0.73,0.14,02:04:36:58,,,,,,,,,,,,
10/14/2022 14:15,10/14/2022 14:31,AUDCAD,Buy,0.010,0.86422,0.86535,-0.0900,0.0000,11.3,0.73,0.14,00:00:16:25,,,,,,,,,,,,
10/14/2022 14:00,10/14/2022 14:29,NZDCAD,Buy,0.010,0.77259,0.77372,-0.0900,0.0000,11.3,0.73,0.14,00:00:29:14,,,,,,,,,,,,
10/14/2022 01:45,10/14/2022 09:14,AUDCAD,Sell,0.010,0.86872,0.86759,-0.0900,0.0000,11.3,0.73,0.14,00:07:29:57,,,,,,,,,,,,
10/14/2022 01:00,10/14/2022 04:22,NZDCAD,Sell,0.010,0.77808,0.77695,-0.0900,0.0000,11.3,0.74,0.14,00:03:22:46,,,,,,,,,,,,
10/13/2022 12:45,10/13/2022 13:21,NZDCAD,Buy,0.010,0.77121,0.77235,-0.0900,0.0000,11.4,0.72,0.14,00:00:36:14,,,,,,,,,,,,
10/13/2022 12:45,10/13/2022 13:09,AUDCAD,Buy,0.010,0.86281,0.86395,-0.0900,0.0000,11.4,0.73,0.14,00:00:24:49,,,,,,,,,,,,
10/13/2022 09:30,10/13/2022 10:36,NZDCAD,Sell,0.010,0.77732,0.77619,-0.0900,0.0000,11.3,0.73,0.14,00:01:06:12,,,,,,,,,,,,
10/12/2022 18:15,10/13/2022 03:04,AUDCAD,Sell,0.010,0.86766,0.86653,-0.0900,0.0000,11.3,0.72,0.14,00:08:49:37,,,,,,,,,,,,
10/12/2022 18:15,10/12/2022 18:40,NZDCAD,Sell,0.010,0.77553,0.77440,-0.0900,0.0000,11.3,0.73,0.14,00:00:25:47,,,,,,,,,,,,
10/12/2022 06:30,10/12/2022 07:29,NZDCAD,Sell,0.010,0.77383,0.77270,-0.0900,0.0000,11.3,0.73,0.14,00:00:59:13,,,,,,,,,,,,
10/12/2022 00:30,10/12/2022 04:03,AUDCAD,Buy,0.010,0.86358,0.86471,-0.0900,0.0000,11.3,0.73,0.14,00:03:33:34,,,,,,,,,,,,
10/11/2022 16:45,10/11/2022 18:08,NZDCAD,Sell,0.010,0.77527,0.77291,-0.0900,0.0000,23.6,1.63,0.32,00:01:23:15,,,,,,,,,,,,
10/11/2022 10:15,10/11/2022 18:08,NZDCAD,Sell,0.010,0.77180,0.77291,-0.0900,0.0000,-11.1,-0.90,-0.18,00:07:53:18,,,,,,,,,,,,
10/11/2022 07:15,10/11/2022 08:18,NZDCAD,Sell,0.010,0.77087,0.76974,-0.0900,0.0000,11.3,0.73,0.14,00:01:03:14,,,,,,,,,,,,
10/10/2022 15:15,10/10/2022 20:51,NZDCAD,Buy,0.020,0.76329,0.76682,-0.1800,0.0000,35.3,4.94,0.98,00:05:36:19,,,,,,,,,,,,
10/10/2022 08:00,10/10/2022 20:51,NZDCAD,Buy,0.010,0.76782,0.76682,-0.0900,0.0000,-10.0,-0.81,-0.16,00:12:51:26,,,,,,,,,,,,
10/07/2022 14:00,10/10/2022 20:51,NZDCAD,Buy,0.010,0.77137,0.76682,-0.0900,0.0000,-45.5,-3.39,-0.66,03:06:51:25,,,,,,,,,,,,
10/10/2022 15:18,10/10/2022 18:34,AUDCAD,Buy,0.080,0.86350,0.86714,-0.7200,0.0000,36.4,20.46,4.18,00:03:16:43,,,,,,,,,,,,
10/10/2022 07:45,10/10/2022 18:34,AUDCAD,Buy,0.040,0.86756,0.86714,-0.3600,0.0000,-4.2,-1.58,-0.32,00:10:49:43,,,,,,,,,,,,
10/10/2022 04:30,10/10/2022 18:34,AUDCAD,Buy,0.020,0.87079,0.86714,-0.1800,0.0000,-36.5,-5.49,-1.10,00:14:04:37,,,,,,,,,,,,
10/07/2022 18:30,10/10/2022 18:34,AUDCAD,Buy,0.010,0.87331,0.86714,-0.0900,0.0000,-61.7,-4.58,-0.91,03:00:04:42,,,,,,,,,,,,
10/07/2022 12:45,10/10/2022 18:34,AUDCAD,Buy,0.010,0.87809,0.86714,-0.0900,0.0000,-109.5,-8.06,-1.58,03:05:49:40,,,,,,,,,,,,
10/07/2022 12:45,10/07/2022 13:19,NZDCAD,Buy,0.010,0.77285,0.77398,-0.0900,0.0000,11.3,0.73,0.14,00:00:34:48,,,,,,,,,,,,
10/07/2022 06:30,10/07/2022 07:34,NZDCAD,Buy,0.010,0.77464,0.77577,-0.0900,0.0000,11.3,0.73,0.14,00:01:04:11,,,,,,,,,,,,
10/06/2022 16:15,10/07/2022 00:06,NZDCAD,Buy,0.010,0.77560,0.77855,-0.0900,0.0000,29.5,2.05,0.41,00:07:51:49,,,,,,,,,,,,
10/06/2022 10:00,10/07/2022 00:06,NZDCAD,Buy,0.010,0.78024,0.77855,-0.0900,0.0000,-16.9,-1.32,-0.26,00:14:06:51,,,,,,,,,,,,
10/06/2022 16:15,10/06/2022 16:28,AUDCAD,Buy,0.010,0.87871,0.87984,-0.0900,0.0000,11.3,0.74,0.15,00:00:13:56,,,,,,,,,,,,
10/06/2022 02:00,10/06/2022 07:59,NZDCAD,Sell,0.010,0.78579,0.78295,-0.0900,0.0000,28.4,1.99,0.39,00:05:59:42,,,,,,,,,,,,
10/05/2022 18:45,10/06/2022 07:59,NZDCAD,Sell,0.010,0.78137,0.78295,-0.0900,0.0000,-15.8,-1.26,-0.25,00:13:14:41,,,,,,,,,,,,
10/06/2022 02:45,10/06/2022 07:01,AUDCAD,Sell,0.010,0.88642,0.88529,-0.0900,0.0000,11.3,0.74,0.15,00:04:16:56,,,,,,,,,,,,
10/05/2022 19:00,10/05/2022 20:54,AUDCAD,Sell,0.010,0.88492,0.88379,-0.0900,0.0000,11.3,0.74,0.15,00:01:54:02,,,,,,,,,,,,
10/05/2022 01:15,10/05/2022 02:07,NZDCAD,Sell,0.010,0.78025,0.77912,-0.0900,0.0000,11.3,0.75,0.15,00:00:52:38,,,,,,,,,,,,
10/04/2022 17:15,10/04/2022 19:00,AUDCAD,Buy,0.010,0.87655,0.87768,-0.0900,0.0000,11.3,0.75,0.15,00:01:45:47,,,,,,,,,,,,
10/04/2022 18:15,10/04/2022 18:52,NZDCAD,Buy,0.010,0.77313,0.77426,-0.0900,0.0000,11.3,0.74,0.15,00:00:37:15,,,,,,,,,,,,
10/04/2022 03:00,10/04/2022 06:24,NZDCAD,Buy,0.010,0.77674,0.77787,-0.0900,0.0000,11.3,0.74,0.15,00:03:24:56,,,,,,,,,,,,
10/04/2022 03:45,10/04/2022 06:12,AUDCAD,Buy,0.010,0.88272,0.88385,-0.0900,0.0000,11.3,0.74,0.15,00:02:27:24,,,,,,,,,,,,
10/03/2022 14:30,10/03/2022 15:54,NZDCAD,Sell,0.010,0.78099,0.77986,-0.0900,0.0000,11.3,0.73,0.15,00:01:24:53,,,,,,,,,,,,
10/03/2022 01:07,,,Deposit,0.000,0.00000,0.00000,0.0000,0.0000,0.0,500.00,0,00:00:00:00,,,,,,,,,,,,

