Tags,Open Date,Close Date,Symbol,Action,Units/Lots,SL,TP,Open Price,Close Price,Commission,Swap,Pips,Profit,Gain,Magic Number,Duration (DD:HH:MM:SS),Profitable(%),Profitable(time duration),Drawdown,Risk:Reward,Max(pips),Max(USD),Min(pips),Min(USD),Entry Accuracy(%),Exit Accuracy(%),ProfitMissed(pips),ProfitMissed(USD)
,05/28/2026 16:30,05/28/2026 16:30,AUDUSD,Buy,0.010,0.00000,0.00000,0.71287,0.71283,-0.0700,0.0000,-0.4,-0.11,-0.07,1779540468,00:00:00:01,,,,,,,,,,,,
,05/28/2026 13:00,05/28/2026 16:00,AUDUSD,Buy,0.010,0.70280,0.71660,0.71202,0.71334,-0.0700,0.0000,13.2,1.25,0.76,1779540467,00:03:00:32,33.2,59m,10.8,0.59,13.5,1.35,-7.9,-0.79,63.1,98.6,-0.30,-0.03
,05/28/2026 10:00,05/28/2026 16:00,AUDUSD,Buy,0.010,0.70290,0.71670,0.71210,0.71333,-0.0700,0.0000,12.3,1.16,0.71,1779540466,00:06:00:32,32.5,1h 57m,14.4,0.69,12.7,1.27,-8.7,-0.87,59.3,98.1,-0.40,-0.04
,05/26/2026 00:30,05/26/2026 07:59,AUDUSD,Sell,0.010,0.72610,0.71230,0.71693,0.71613,-0.0700,0.0000,8.0,0.73,0.45,1779540465,00:07:29:25,53.4,3h 59m,9.7,0.74,8.4,0.8400000000000001,-6.2,-0.6200000000000001,57.5,97.3,-0.40,-0.04
,05/25/2026 20:00,05/26/2026 07:59,AUDUSD,Sell,0.010,0.72650,0.71270,0.71733,0.71614,-0.0700,-0.0400,11.9,1.08,0.67,1779540464,00:11:59:19,59.3,7h 6m,9.7,0.27,12.4,1.2400000000000002,-3.4,-0.34,78.5,96.8,-0.50,-0.05
,05/19/2026 21:00,05/20/2026 13:06,AUDUSD,Buy,0.010,0.70210,0.71590,0.71132,0.71164,-0.0700,-0.0200,3.2,0.23,0.14,1778405948,00:16:06:03,6.2,59m,25.4,5.68,4.3,0.43,-24.4,-2.44,15.0,96.2,-1.10,-0.11
,05/19/2026 14:00,05/20/2026 13:06,AUDUSD,Buy,0.010,0.70250,0.71630,0.71168,0.71164,-0.0700,-0.0200,-0.4,-0.13,-0.08,1778405947,00:23:06:03,6.9,1h 35m,41.6,7.67,4.8,0.48,-36.8,-3.6799999999999997,11.5,87.5,-5.20,-0.52
,05/19/2026 11:45,05/20/2026 13:06,AUDUSD,Buy,0.010,0.70270,0.71650,0.71190,0.71165,-0.0700,-0.0200,-2.5,-0.34,-0.21,1778405946,01:01:21:01,3.7,56m,41.6,15.02,2.6,0.26,-39.0,-3.9000000000000004,6.2,87.7,-5.10,-0.51
,05/15/2026 14:30,05/18/2026 14:39,AUDUSD,Buy,0.010,0.70680,0.72060,0.71595,0.71654,-0.0700,-0.0200,5.9,0.50,0.31,1778405942,03:00:09:41,1.9,1h 22m,44.4,6.73,5.9,0.5900000000000001,-39.7,-3.9700000000000006,12.9,100.0,0.00,0.00
,05/15/2026 10:00,05/18/2026 14:39,AUDUSD,Buy,0.010,0.70690,0.72070,0.71607,0.71655,-0.0700,-0.0200,4.8,0.39,0.24,1778405941,03:04:39:42,4.2,3h 13m,57.7,2.43,16.8,1.6800000000000002,-40.9,-4.09,29.1,79.2,-12.00,-1.20
,05/15/2026 06:30,05/18/2026 14:39,AUDUSD,Buy,0.010,0.71000,0.72380,0.71917,0.71652,-0.0700,-0.0200,-26.5,-2.74,-1.67,1778405940,03:08:09:41,0.7,33m,73.9,35.97,2.0,0.2,-71.9,-7.190000000000001,2.7,61.4,-28.50,-2.85
,05/13/2026 21:30,05/14/2026 04:03,AUDUSD,Sell,0.010,0.73500,0.72120,0.72580,0.72482,-0.0700,-0.1300,9.8,0.78,0.48,1778405939,00:06:33:23,72.1,4h 43m,9.9,0.27,9.8,0.9800000000000001,-2.6,-0.26,79.0,100.0,0.00,0.00
,05/07/2026 01:00,05/07/2026 20:26,AUDUSD,Sell,0.010,0.73300,0.71920,0.72381,0.72325,-0.0700,0.0000,5.6,0.49,0.30,1777195074,00:19:26:43,14.6,2h 50m,30.4,2.87,8.9,0.8900000000000001,-25.5,-2.5500000000000003,25.9,90.4,-3.30,-0.33
,05/01/2026 15:45,05/01/2026 15:45,AUDUSD,Sell,0.010,0.00000,0.00000,0.72027,0.72032,-0.0700,0.0000,-0.5,-0.12,-0.07,1777195073,00:00:00:03,,,,,,,,,,,,
,04/30/2026 22:30,05/01/2026 12:57,AUDUSD,Sell,0.010,0.72900,0.71520,0.71983,0.71862,-0.0700,-0.0400,12.1,1.10,0.68,1777195072,00:14:27:03,49.9,7h 12m,16.0,0.51,13.2,1.32,-6.7,-0.67,66.3,94.5,-1.10,-0.11
,04/29/2026 21:30,04/30/2026 12:30,AUDUSD,Buy,0.010,0.70240,0.71620,0.71156,0.71404,-0.0700,-0.0600,24.8,2.35,1.48,1777195070,00:15:00:42,78.6,11h 47m,20.2,0.51,25.5,2.5500000000000003,-13.1,-1.31,66.1,98.2,-0.70,-0.07
,04/28/2026 00:30,04/28/2026 05:01,AUDUSD,Sell,0.010,0.72760,0.71380,0.71840,0.71769,-0.0700,0.0000,7.1,0.64,0.40,1777195069,00:04:31:00,8.5,23m,11.0,1.51,7.1,0.71,-10.7,-1.07,39.9,100.0,0.00,0.00
,04/17/2026 19:00,04/20/2026 00:01,AUDUSD,Sell,0.010,0.72820,0.71440,0.71904,0.71300,-0.0700,-0.0400,60.4,5.93,3.89,1776012776,02:05:01:01,99.1,2d 4h ,9.8,0.04,60.4,6.04,-2.3,-0.22999999999999998,96.3,100.0,0.00,0.00
,04/16/2026 12:00,04/16/2026 17:56,AUDUSD,Sell,0.010,0.72660,0.71280,0.71743,0.71638,-0.0700,0.0000,10.5,0.98,0.65,1776012775,00:05:56:35,89.7,5h 19m,12.6,0.26,10.5,1.05,-2.7,-0.27,79.5,100.0,0.00,0.00
,04/16/2026 01:00,04/16/2026 17:56,AUDUSD,Sell,0.010,0.72600,0.71220,0.71682,0.71638,-0.0700,0.0000,4.4,0.37,0.24,1776012774,00:16:56:35,8.9,1h 30m,27.1,4.73,5.6,0.5599999999999999,-26.5,-2.6500000000000004,17.4,96.3,-1.20,-0.12
,04/15/2026 16:45,04/16/2026 17:56,AUDUSD,Sell,0.010,0.72320,0.70940,0.71399,0.71638,-0.0700,-0.1200,-23.9,-2.58,-1.68,1776012773,01:01:11:35,0.0,0s,54.8,54.95,0.0,0.0,-54.8,-5.48,0.0,56.4,-23.90,-2.39
,04/15/2026 01:00,04/15/2026 01:00,AUDUSD,Sell,0.010,0.00000,0.00000,0.71246,0.71261,-0.0700,0.0000,-1.5,-0.22,-0.14,1776012772,00:00:00:00,,,,,,,,,,,,
,04/14/2026 02:45,04/14/2026 08:28,AUDUSD,Sell,0.010,0.71910,0.70530,0.70989,0.70787,-0.0700,0.0000,20.2,1.95,1.28,1776012771,00:05:43:17,98.0,5h 36m,11.5,0.04,20.2,2.02,-0.8,-0.08000000000000002,96.2,100.0,0.00,0.00
,04/14/2026 00:30,04/14/2026 08:28,AUDUSD,Sell,0.010,0.71890,0.70510,0.70966,0.70787,-0.0700,0.0000,17.9,1.72,1.14,1776012770,00:07:58:17,75.0,5h 58m,11.5,0.32,17.9,1.79,-5.8,-0.58,75.5,100.0,0.00,0.00
,04/09/2026 23:15,04/10/2026 05:22,AUDUSD,Sell,0.010,0.71760,0.70380,0.70843,0.70701,-0.0700,-0.0400,14.2,1.31,0.88,1774686403,00:06:07:06,95.2,5h 49m,12.1,0.08,14.2,1.42,-1.2,-0.12,92.2,100.0,0.00,0.00
,04/09/2026 22:00,04/10/2026 05:22,AUDUSD,Sell,0.010,0.71700,0.70320,0.70781,0.70701,-0.0700,-0.0400,8.0,0.69,0.47,1774686402,00:07:22:05,37.4,2h 45m,12.1,1.00,8.0,0.8,-8.0,-0.8,50.0,100.0,0.00,0.00
,04/09/2026 01:00,04/09/2026 11:11,AUDUSD,Sell,0.010,0.71370,0.69990,0.70449,0.70249,-0.0700,0.0000,20.0,1.93,1.32,1774686401,00:10:11:39,87.0,8h 52m,21.0,0.14,20.1,2.0100000000000002,-2.9,-0.29,87.4,99.6,-0.10,-0.01
,04/08/2026 00:30,04/08/2026 02:03,AUDUSD,Sell,0.010,0.70630,0.69250,0.69707,0.70631,-0.0700,0.0000,-92.4,-9.31,-5.98,1774686400,00:01:33:34,5.4,5m,99.5,23.92,4.0,0.4,-95.5,-9.55,4.0,3.1,-96.40,-9.64
,04/07/2026 18:30,04/08/2026 01:40,AUDUSD,Sell,0.010,0.70320,0.68940,0.69398,0.70326,-0.0700,-0.0400,-92.8,-9.39,-5.69,1774686399,00:07:10:32,3.5,15m,97.7,18.94,4.9,0.49000000000000005,-92.8,-9.28,5.0,0.0,-97.70,-9.77
,04/07/2026 14:30,04/08/2026 01:38,AUDUSD,Sell,0.010,0.70220,0.68840,0.69301,0.70230,-0.0700,-0.0400,-92.9,-9.40,-5.39,1774686398,00:11:08:15,5.3,35m,101.3,27.17,3.6,0.36000000000000004,-97.7,-9.770000000000001,3.6,4.7,-96.50,-9.65
,04/06/2026 02:30,04/06/2026 09:52,AUDUSD,Buy,0.010,0.67930,0.69310,0.68852,0.69167,-0.0700,0.0000,31.5,3.08,1.80,1774686397,00:07:22:44,97.1,7h 9m,12.7,0.02,31.6,3.16,-0.7,-0.06999999999999999,97.8,99.7,-0.10,-0.01
,04/01/2026 07:00,04/01/2026 20:58,AUDUSD,Sell,0.010,0.69970,0.68590,0.69047,0.69331,-0.0700,0.0000,-28.4,-2.91,-1.67,1774686395,00:13:57:59,5.9,49m,58.6,12.33,4.4,0.44000000000000006,-54.2,-5.420000000000001,7.5,44.0,-32.80,-3.28
,03/31/2026 00:30,03/31/2026 04:19,AUDUSD,Buy,0.010,0.67610,0.68990,0.68528,0.68646,-0.0700,0.0000,11.8,1.11,0.64,1774686394,00:03:49:38,21.0,48m,19.1,1.52,11.8,1.1800000000000002,-17.9,-1.79,39.7,100.0,0.00,0.00
,03/30/2026 18:30,03/31/2026 04:19,AUDUSD,Buy,0.010,0.67590,0.68970,0.68513,0.68645,-0.0700,-0.0200,13.2,1.23,0.71,1774686393,00:09:49:39,50.3,4h 56m,25.7,1.24,13.2,1.32,-16.4,-1.64,44.6,100.0,0.00,0.00
,03/30/2026 12:30,03/31/2026 04:19,AUDUSD,Buy,0.010,0.67580,0.68960,0.68503,0.68645,-0.0700,-0.0200,14.2,1.33,0.78,1774686392,00:15:49:40,63.2,10h 0m,29.7,1.01,14.8,1.4800000000000002,-14.9,-1.4900000000000002,49.8,98.0,-0.60,-0.06
,03/30/2026 03:00,03/30/2026 09:44,AUDUSD,Buy,0.010,0.67590,0.68970,0.68514,0.68742,-0.0700,0.0000,22.8,2.21,1.31,1774686391,00:06:44:12,88.9,5h 59m,12.5,0.35,22.8,2.2800000000000002,-8.0,-0.8,74.0,100.0,0.00,0.00
,03/27/2026 22:30,03/30/2026 09:44,AUDUSD,Buy,0.010,0.67800,0.69180,0.68718,0.68742,-0.0700,-0.0200,2.4,0.15,0.09,1772960900,02:11:14:12,82.7,2d ,29.0,11.83,2.4,0.24,-28.4,-2.84,7.8,100.0,0.00,0.00
,03/27/2026 04:15,03/27/2026 08:07,AUDUSD,Buy,0.010,0.67850,0.69230,0.68767,0.69121,-0.0700,0.0000,35.4,3.47,2.10,1772960899,00:03:52:33,100.0,3h 52m,4.5,0.03,35.4,3.54,0.0,0.0,100.0,100.0,0.00,0.00
,03/26/2026 23:15,03/27/2026 08:07,AUDUSD,Buy,0.010,0.68070,0.69450,0.68987,0.69121,-0.0700,-0.0200,13.4,1.25,0.76,1772960898,00:08:52:33,19.4,1h 43m,30.5,1.97,13.4,1.34,-26.4,-2.64,33.7,100.0,0.00,0.00
,03/26/2026 15:15,03/27/2026 08:07,AUDUSD,Buy,0.010,0.68250,0.69630,0.69166,0.69121,-0.0700,-0.0200,-4.5,-0.54,-0.33,1772960897,00:16:52:32,8.5,1h 26m,55.9,3.74,11.8,1.1800000000000002,-44.1,-4.41,21.1,70.8,-16.30,-1.63
,03/23/2026 21:30,03/24/2026 23:21,AUDUSD,Buy,0.010,0.69170,0.70550,0.70089,0.69890,-0.0700,-0.0200,-19.9,-2.08,-1.25,1772960896,01:01:51:50,17.7,4h 34m,86.6,3.71,18.4,1.8399999999999999,-68.2,-6.82,21.2,55.8,-38.30,-3.83
,03/23/2026 14:15,03/23/2026 17:17,AUDUSD,Buy,0.010,0.69290,0.70670,0.70209,0.70438,-0.0700,0.0000,22.9,2.22,1.35,1772960895,00:03:02:48,30.1,55m,52.5,1.79,24.2,2.42,-43.3,-4.33,35.9,98.1,-1.30,-0.13
,03/23/2026 07:30,03/23/2026 14:06,AUDUSD,Buy,0.010,0.68880,0.70260,0.69803,0.70269,-0.0700,0.0000,46.6,4.59,2.88,1772960893,00:06:36:44,5.1,20m,71.3,1.48,46.6,4.66,-68.9,-6.890000000000001,40.3,100.0,0.00,0.00
,03/23/2026 04:15,03/23/2026 13:39,AUDUSD,Buy,0.010,0.69140,0.70520,0.70055,0.69139,-0.0700,0.0000,-91.6,-9.23,-5.47,1772960892,00:09:24:23,0.0,0s,91.6,91.74,0.0,0.0,-91.6,-9.16,0.0,0.0,-91.60,-9.16
,03/23/2026 02:00,03/23/2026 13:39,AUDUSD,Buy,0.010,0.69150,0.70530,0.70072,0.69147,-0.0700,0.0000,-92.5,-9.32,-5.24,1772960891,00:11:39:21,12.0,1h 23m,100.4,11.71,7.9,0.79,-92.5,-9.25,7.9,0.0,-100.40,-10.04
,03/18/2026 09:45,03/18/2026 15:30,AUDUSD,Sell,0.010,0.72090,0.70710,0.71171,0.70709,-0.0700,0.0000,46.2,4.55,2.62,1772960890,00:05:45:31,95.4,5h 29m,11.7,0.07,46.2,4.62,-3.2,-0.32000000000000006,93.5,100.0,0.00,0.00
,03/13/2026 21:00,03/16/2026 04:00,AUDUSD,Buy,0.010,0.69120,0.70500,0.70039,0.70182,-0.0700,-0.0300,14.3,1.33,0.77,1772960889,02:07:00:13,3.3,1h 48m,25.1,1.76,14.3,1.4300000000000002,-25.1,-2.5100000000000002,36.3,100.0,0.00,0.00
,03/13/2026 16:30,03/16/2026 04:00,AUDUSD,Buy,0.010,0.69510,0.70890,0.70427,0.70181,-0.0700,-0.0300,-24.6,-2.56,-1.47,1772960888,02:11:30:12,1.6,57m,77.5,4.70,13.6,1.36,-63.9,-6.390000000000001,17.5,50.7,-38.20,-3.82
,03/13/2026 13:00,03/16/2026 04:00,AUDUSD,Buy,0.010,0.69440,0.70820,0.70358,0.70184,-0.0700,-0.0300,-17.4,-1.84,-1.04,1772960887,02:15:00:12,7.3,4h 35m,79.5,2.53,22.5,2.25,-57.0,-5.7,28.3,49.8,-39.90,-3.99
,03/11/2026 19:30,03/12/2026 01:44,AUDUSD,Sell,0.010,0.72430,0.71050,0.71513,0.71369,-0.0700,-0.1000,14.4,1.27,0.72,1772960886,00:06:14:47,57.9,3h 36m,19.1,0.45,14.4,1.4400000000000002,-6.5,-0.65,68.9,100.0,0.00,0.00
,03/11/2026 11:30,03/12/2026 01:44,AUDUSD,Sell,0.010,0.72580,0.71200,0.71660,0.71369,-0.0700,-0.1000,29.1,2.74,1.59,1772960885,00:14:14:46,88.9,12h 39m,33.2,0.44,29.1,2.91,-12.8,-1.2800000000000002,69.5,100.0,0.00,0.00
,03/11/2026 02:00,03/12/2026 01:44,AUDUSD,Sell,0.010,0.72080,0.70700,0.71160,0.71369,-0.0700,-0.1000,-20.9,-2.26,-1.29,1772960884,00:23:44:46,0.0,0s,66.6,66.67,0.0,0.0,-66.6,-6.66,0.0,68.6,-20.90,-2.09
,03/09/2026 04:00,03/09/2026 08:06,AUDUSD,Buy,0.010,0.68730,0.70110,0.69650,0.70004,-0.0700,0.0000,35.4,3.47,2.03,1772960883,00:04:06:35,95.2,3h 54m,14.1,0.19,36.8,3.6799999999999997,-6.9,-0.6900000000000001,84.2,96.8,-1.40,-0.14
,03/05/2026 20:45,03/06/2026 04:01,AUDUSD,Buy,0.010,0.69010,0.70390,0.69925,0.70343,-0.0700,-0.0300,41.8,4.08,2.44,1771740882,00:07:16:05,80.8,5h 52m,17.7,0.42,42.1,4.21,-17.7,-1.77,70.4,99.5,-0.30,-0.03
,03/03/2026 20:00,03/04/2026 12:04,AUDUSD,Buy,0.010,0.69300,0.70680,0.70215,0.70449,-0.0700,-0.0300,23.4,2.24,1.36,1771740881,00:16:04:50,58.1,9h 20m,66.8,1.02,33.0,3.3000000000000003,-33.8,-3.38,49.4,85.6,-9.60,-0.96
,03/03/2026 15:00,03/04/2026 12:04,AUDUSD,Buy,0.010,0.69390,0.70770,0.70307,0.70449,-0.0700,-0.0300,14.2,1.32,0.81,1771740880,00:21:04:49,32.9,6h 56m,83.1,3.49,23.8,2.3800000000000003,-83.1,-8.31,22.3,91.0,-9.60,-0.96
,03/02/2026 10:45,03/03/2026 01:43,AUDUSD,Buy,0.010,0.69690,0.71070,0.70613,0.71062,-0.0700,-0.0300,44.9,4.39,2.76,1771740879,00:14:58:14,91.2,13h 39m,40.3,0.13,45.0,4.5,-5.9,-0.5900000000000001,88.4,99.8,-0.10,-0.01
,03/02/2026 01:15,03/03/2026 01:43,AUDUSD,Buy,0.010,0.69800,0.71180,0.70720,0.71062,-0.0700,-0.0300,34.2,3.32,2.13,1771740878,01:00:28:14,68.1,16h 39m,69.6,0.60,43.5,4.3500000000000005,-26.1,-2.6100000000000003,62.5,86.6,-9.30,-0.93
,02/26/2026 00:30,02/26/2026 14:02,AUDUSD,Sell,0.010,0.72100,0.70720,0.71180,0.71097,-0.0700,0.0000,8.3,0.76,0.49,1771740874,00:13:32:09,23.9,3h 14m,20.8,2.08,8.3,0.8300000000000001,-17.3,-1.7300000000000002,32.4,100.0,0.00,0.00
,02/25/2026 18:45,02/26/2026 14:02,AUDUSD,Sell,0.010,0.72040,0.70660,0.71116,0.71097,-0.0700,-0.1000,1.9,0.02,0.01,1771740873,00:19:17:09,1.8,20m,23.6,12.42,1.9,0.19,-23.6,-2.3600000000000003,7.5,100.0,0.00,0.00
,02/25/2026 12:30,02/26/2026 14:02,AUDUSD,Sell,0.010,0.71790,0.70410,0.70872,0.71097,-0.0700,-0.1000,-22.5,-2.42,-1.54,1771740872,01:01:32:09,8.2,2h 5m,60.4,3.87,12.4,1.2400000000000002,-48.0,-4.800000000000001,20.5,42.2,-34.90,-3.49
,02/23/2026 04:00,02/23/2026 18:03,AUDUSD,Sell,0.010,0.71720,0.70340,0.70804,0.70555,-0.0700,0.0000,24.9,2.42,1.56,1771740871,00:14:03:27,81.2,11h 24m,24.3,0.36,25.8,2.58,-9.4,-0.9400000000000001,73.3,97.4,-0.90,-0.09
,02/20/2026 05:15,02/20/2026 17:01,AUDUSD,Buy,0.010,0.69370,0.70750,0.70285,0.70752,-0.0700,0.0000,46.7,4.60,3.06,1769957563,00:11:46:26,97.9,11h 31m,24.4,0.10,46.7,4.670000000000001,-4.8,-0.48,90.7,100.0,0.00,0.00
,02/17/2026 20:00,02/18/2026 12:02,AUDUSD,Buy,0.010,0.69740,0.71120,0.70661,0.70803,-0.0700,-0.0300,14.2,1.32,0.88,1769957562,00:16:02:32,96.4,15h 27m,24.2,0.07,22.7,2.27,-1.5,-0.15000000000000002,93.8,64.9,-8.50,-0.85
,02/17/2026 05:30,02/17/2026 12:03,AUDUSD,Buy,0.010,0.69630,0.71010,0.70554,0.70740,-0.0700,0.0000,18.6,1.79,1.21,1769957561,00:06:33:48,91.2,5h 59m,13.6,0.42,18.6,1.8600000000000003,-7.9,-0.79,70.2,100.0,0.00,0.00
,02/13/2026 15:30,02/13/2026 20:33,AUDUSD,Buy,0.010,0.69620,0.71000,0.70540,0.70823,-0.0700,0.0000,28.3,2.76,1.91,1769957560,00:05:03:33,97.1,4h 54m,32.4,0.21,28.5,2.85,-5.9,-0.5900000000000001,82.8,99.4,-0.20,-0.02
,02/13/2026 11:30,02/13/2026 20:33,AUDUSD,Buy,0.010,0.69830,0.71210,0.70747,0.70823,-0.0700,0.0000,7.6,0.69,0.48,1769957559,00:09:03:33,16.2,1h 28m,33.2,3.63,7.8,0.78,-28.3,-2.83,21.6,99.4,-0.20,-0.02
,02/12/2026 04:15,02/12/2026 06:48,AUDUSD,Sell,0.010,0.72330,0.70950,0.71412,0.71146,-0.0700,0.0000,26.6,2.59,1.83,1769957558,00:02:33:48,100.0,2h 33m,8.3,0.04,26.6,2.66,0.0,0.0,100.0,100.0,0.00,0.00
,02/12/2026 00:30,02/12/2026 06:48,AUDUSD,Sell,0.010,0.72190,0.70810,0.71272,0.71146,-0.0700,0.0000,12.6,1.19,0.85,1769957557,00:06:18:49,28.5,1h 47m,26.0,1.49,12.6,1.26,-18.8,-1.8800000000000001,40.1,100.0,0.00,0.00
,02/09/2026 14:45,02/10/2026 05:56,AUDUSD,Sell,0.010,0.71350,0.69970,0.70429,0.70759,-0.0700,-0.0300,-33.0,-3.40,-2.37,1769957555,00:15:11:55,0.0,0s,55.7,55.87,0.0,0.0,-55.7,-5.57,0.0,40.8,-33.00,-3.30
,02/09/2026 11:45,02/10/2026 05:56,AUDUSD,Sell,0.010,0.71310,0.69930,0.70394,0.70762,-0.0700,-0.0300,-36.8,-3.78,-2.56,1769957554,00:18:11:56,11.5,2h 5m,83.0,2.36,24.7,2.47,-58.3,-5.83,29.8,25.9,-61.50,-6.15
,02/06/2026 03:30,02/06/2026 08:03,AUDUSD,Buy,0.010,0.68260,0.69640,0.69179,0.69562,-0.0700,0.0000,38.3,3.76,2.62,1769957553,00:04:33:03,99.7,4h 32m,12.0,0.00,38.3,3.83,-0.1,-0.010000000000000002,99.7,100.0,0.00,0.00
,02/06/2026 00:15,02/06/2026 08:03,AUDUSD,Buy,0.010,0.68430,0.69810,0.69346,0.69562,-0.0700,0.0000,21.6,2.09,1.48,1769957552,00:07:47:44,52.6,4h 6m,36.5,1.69,21.6,2.16,-36.5,-3.6500000000000004,37.2,100.0,0.00,0.00
,02/02/2026 11:00,02/03/2026 05:30,AUDUSD,Buy,0.010,0.68560,0.69940,0.69476,0.69795,-0.0700,-0.0300,31.9,3.09,2.23,1769957550,00:18:30:25,72.2,13h 21m,33.4,0.22,53.8,5.38,-11.6,-1.16,82.3,66.5,-21.90,-2.19
,02/02/2026 06:45,02/03/2026 05:30,AUDUSD,Buy,0.010,0.68490,0.69870,0.69408,0.69795,-0.0700,-0.0300,38.7,3.77,2.80,1769957549,00:22:45:25,83.3,18h 57m,33.4,0.52,60.6,6.0600000000000005,-31.3,-3.1300000000000003,65.9,76.2,-21.90,-2.19
,02/02/2026 01:45,02/03/2026 05:30,AUDUSD,Buy,0.010,0.68570,0.69950,0.69494,0.69795,-0.0700,-0.0300,30.1,2.91,2.21,1769957548,01:03:45:24,57.1,15h 50m,59.9,0.77,52.0,5.2,-39.9,-3.99,56.6,76.2,-21.90,-2.19
,01/30/2026 00:30,01/30/2026 04:00,AUDUSD,Sell,0.010,0.71410,0.70030,0.70486,0.70038,-0.0700,0.0000,44.8,4.41,3.46,1768735877,00:03:30:25,65.0,2h 16m,13.2,0.14,47.8,4.78,-6.5,-0.65,88.0,94.5,-3.00,-0.30
,01/29/2026 18:00,01/29/2026 18:00,AUDUSD,Sell,0.010,0.00000,0.00000,0.69775,0.69776,-0.0700,0.0000,-0.1,-0.08,-0.06,1768735876,00:00:00:01,,,,,,,,,,,,
,01/29/2026 13:30,01/29/2026 17:13,AUDUSD,Sell,0.010,0.71290,0.69910,0.70366,0.70267,-0.0700,0.0000,9.9,0.92,0.73,1768735875,00:03:43:49,6.7,14m,46.8,4.05,11.0,1.1,-44.5,-4.45,19.8,98.0,-1.10,-0.11
,01/29/2026 02:45,01/29/2026 17:13,AUDUSD,Sell,0.010,0.71300,0.69920,0.70380,0.70268,-0.0700,0.0000,11.2,1.05,0.84,1768735874,00:14:28:49,19.5,2h 49m,71.1,3.50,15.8,1.58,-55.3,-5.53,22.2,93.5,-4.60,-0.46
,01/28/2026 09:30,01/29/2026 17:13,AUDUSD,Sell,0.010,0.71000,0.69620,0.70081,0.70271,-0.0700,-0.0900,-19.0,-2.06,-1.62,1768735872,01:07:43:49,37.1,11h 46m,112.7,3.04,27.9,2.79,-84.8,-8.48,24.8,58.4,-46.90,-4.69
,01/27/2026 00:30,01/27/2026 22:48,AUDUSD,Sell,0.010,0.70040,0.68660,0.69122,0.70046,-0.0700,0.0000,-92.4,-9.31,-6.80,1768735870,00:22:18:28,17.2,3h 50m,103.3,8.48,10.9,1.09,-92.4,-9.24,10.6,0.0,-103.30,-10.33
,01/23/2026 12:30,01/26/2026 00:50,AUDUSD,Sell,0.010,0.69340,0.67960,0.68415,0.69340,-0.0700,-0.0300,-92.5,-9.35,-6.40,1768735869,02:12:20:46,0.3,10m,93.2,133.33,0.7,0.06999999999999999,-92.5,-9.25,0.8,0.0,-93.20,-9.32
,01/23/2026 06:00,01/23/2026 06:00,AUDUSD,Sell,0.010,0.00000,0.00000,0.68428,0.68428,-0.0700,0.0000,0.0,-0.07,-0.05,1768735868,00:00:00:01,,,,,,,,,,,,
,01/23/2026 00:30,01/23/2026 05:35,AUDUSD,Sell,0.010,0.69310,0.67930,0.68389,0.68367,-0.0700,0.0000,2.2,0.15,0.10,1768735867,00:05:05:01,13.5,41m,14.5,5.73,2.2,0.22000000000000003,-12.6,-1.26,14.9,100.0,0.00,0.00
,01/22/2026 02:30,01/23/2026 03:21,AUDUSD,Sell,0.010,0.68520,0.67140,0.67600,0.68520,-0.0700,-0.0300,-92.0,-9.30,-5.98,1768735866,01:00:51:39,0.0,0s,92.0,92.59,0.0,0.0,-92.0,-9.200000000000001,0.0,0.0,-92.00,-9.20
,01/21/2026 13:00,01/22/2026 19:35,AUDUSD,Sell,0.010,0.68380,0.67000,0.67464,0.68380,-0.0700,-0.0900,-91.6,-9.32,-5.66,1768735865,01:06:35:15,0.0,0s,91.6,91.74,0.0,0.0,-91.6,-9.16,0.0,0.0,-91.60,-9.16
,01/21/2026 01:00,01/21/2026 06:06,AUDUSD,Sell,0.010,0.68240,0.66860,0.67324,0.67292,-0.0700,0.0000,3.2,0.25,0.15,1768735864,00:05:06:53,25.2,1h 17m,15.1,2.43,4.4,0.44000000000000006,-10.7,-1.07,29.1,92.1,-1.20,-0.12
,01/20/2026 01:00,01/21/2026 06:06,AUDUSD,Sell,0.010,0.68040,0.66660,0.67120,0.67292,-0.0700,-0.0300,-17.2,-1.82,-1.09,1768735863,01:05:06:54,10.6,3h 5m,39.1,7.15,4.8,0.48,-34.3,-3.4299999999999997,12.3,43.7,-22.00,-2.20
,01/19/2026 00:45,01/19/2026 07:19,AUDUSD,Buy,0.010,0.65840,0.67220,0.66759,0.66952,-0.0700,0.0000,19.3,1.86,1.13,1768735862,00:06:33:21,95.5,6h 15m,16.1,0.30,19.3,1.9300000000000002,-5.7,-0.5700000000000001,77.2,100.0,0.00,0.00
,01/15/2026 06:45,01/15/2026 12:34,AUDUSD,Buy,0.010,0.65840,0.67220,0.66755,0.66993,-0.0700,0.0000,23.8,2.31,1.42,1768030746,00:05:49:23,94.3,5h 29m,6.3,0.10,23.8,2.3800000000000003,-2.4,-0.24,90.8,100.0,0.00,0.00
,01/09/2026 16:30,01/12/2026 13:17,AUDUSD,Buy,0.010,0.65880,0.67260,0.66798,0.67121,-0.0700,-0.0300,32.3,3.13,1.97,1767548420,02:20:47:20,98.0,2d 19h ,19.7,0.44,32.3,3.23,-14.3,-1.4300000000000002,69.3,100.0,0.00,0.00
,01/09/2026 12:00,01/12/2026 13:17,AUDUSD,Buy,0.010,0.65890,0.67270,0.66812,0.67121,-0.0700,-0.0300,30.9,2.99,1.92,1767548419,03:01:17:20,94.6,2d 21h ,36.7,0.51,30.9,3.09,-15.7,-1.57,66.3,100.0,0.00,0.00
,01/07/2026 17:15,01/07/2026 17:16,AUDUSD,Sell,0.010,0.68230,0.66850,0.67313,0.67272,-0.0700,0.0000,4.1,0.34,0.22,1767548418,00:00:01:21,,,,,,,,,,,,
,01/07/2026 00:30,01/07/2026 14:09,AUDUSD,Sell,0.010,0.68300,0.66920,0.67376,0.67343,-0.0700,0.0000,3.3,0.26,0.17,1767548416,00:13:39:09,29.6,4h 2m,45.6,1.65,17.2,1.72,-28.4,-2.84,37.7,69.5,-13.90,-1.39
,01/06/2026 14:45,01/07/2026 14:09,AUDUSD,Sell,0.010,0.68100,0.66720,0.67177,0.67344,-0.0700,-0.0300,-16.7,-1.77,-1.13,1767548415,00:23:24:45,0.8,11m,49.0,69.44,0.7,0.06999999999999999,-48.3,-4.83,1.4,64.5,-17.40,-1.74
,01/06/2026 12:30,01/07/2026 14:09,AUDUSD,Sell,0.010,0.68100,0.66720,0.67185,0.67345,-0.0700,-0.0300,-16.0,-1.70,-1.07,1767548414,01:01:39:45,6.2,1h 35m,52.8,8.97,5.3,0.53,-47.5,-4.75,10.0,59.7,-21.30,-2.13
,12/31/2025 10:45,01/02/2026 04:02,AUDUSD,Buy,0.010,0.65950,0.67330,0.66867,0.66948,-0.0700,-0.1600,8.1,0.58,0.37,1766533049,01:17:17:38,4.9,2h 1m,28.3,3.17,8.1,0.81,-25.7,-2.5700000000000003,24.0,100.0,0.00,0.00
,12/31/2025 08:45,01/02/2026 04:02,AUDUSD,Buy,0.010,0.65970,0.67350,0.66892,0.66948,-0.0700,-0.1600,5.6,0.33,0.21,1766533048,01:19:17:39,2.4,1h 2m,28.3,5.04,5.6,0.5599999999999999,-28.2,-2.8200000000000003,16.6,100.0,0.00,0.00
,12/31/2025 00:15,01/02/2026 04:02,AUDUSD,Buy,0.010,0.66040,0.67420,0.66960,0.66948,-0.0700,-0.1600,-1.2,-0.35,-0.22,1766533047,02:03:47:04,7.0,3h 37m,38.5,10.00,3.5,0.35000000000000003,-35.0,-3.5,9.1,87.8,-4.70,-0.47
,12/29/2025 06:45,12/29/2025 14:10,AUDUSD,Sell,0.010,0.68150,0.66770,0.67226,0.66932,-0.0700,0.0000,29.4,2.87,1.85,1766533046,00:07:25:19,100.0,7h 25m,10.4,0.03,30.3,3.0300000000000002,0.0,0.0,100.0,97.0,-0.90,-0.09
,12/26/2025 19:00,12/29/2025 14:10,AUDUSD,Sell,0.010,0.68000,0.66620,0.67080,0.66932,-0.0700,-0.0300,14.8,1.38,0.90,1766533045,02:19:10:18,7.9,5h 18m,29.1,1.20,15.7,1.57,-18.8,-1.8800000000000001,45.5,97.4,-0.90,-0.09
,12/24/2025 00:30,12/26/2025 12:02,AUDUSD,Sell,0.010,0.67900,0.66520,0.66985,0.66973,-0.0700,-0.0900,1.2,-0.04,-0.03,1765694131,02:11:32:24,3.3,1h 57m,27.0,2.18,8.5,0.8500000000000001,-18.5,-1.85,31.5,73.0,-7.30,-0.73
,12/23/2025 01:00,12/26/2025 12:02,AUDUSD,Sell,0.010,0.67500,0.66120,0.66584,0.66973,-0.0700,-0.1100,-38.9,-4.07,-2.57,1765694130,03:11:02:38,0.4,19m,59.7,53.48,1.1,0.11000000000000001,-58.6,-5.86,1.8,33.0,-40.00,-4.00
,12/18/2025 02:30,12/18/2025 15:16,AUDUSD,Buy,0.010,0.65080,0.66460,0.65997,0.66126,-0.0700,0.0000,12.9,1.22,0.78,1765694127,00:12:46:55,76.6,9h 47m,10.8,0.54,12.9,1.29,-7.0,-0.7000000000000001,64.8,100.0,0.00,0.00
,12/17/2025 22:00,12/18/2025 15:16,AUDUSD,Buy,0.010,0.65130,0.66510,0.66048,0.66126,-0.0700,-0.1100,7.8,0.60,0.38,1765694126,00:17:16:56,50.5,8h 43m,16.6,1.53,7.9,0.79,-12.1,-1.21,39.5,99.5,-0.10,-0.01
,12/17/2025 19:00,12/18/2025 15:16,AUDUSD,Buy,0.010,0.65150,0.66530,0.66072,0.66126,-0.0700,-0.1100,5.4,0.36,0.23,1765694125,00:20:16:56,19.7,3h 59m,17.4,2.64,5.5,0.55,-14.5,-1.4500000000000002,27.5,99.5,-0.10,-0.01
,12/17/2025 15:30,12/17/2025 16:01,AUDUSD,Buy,0.010,0.65260,0.66640,0.66181,0.66247,-0.0700,0.0000,6.6,0.59,0.38,1765694124,00:00:31:02,75.0,23m,4.2,0.32,6.6,0.66,-2.1,-0.21000000000000002,75.9,100.0,0.00,0.00
,12/17/2025 08:30,12/17/2025 16:01,AUDUSD,Buy,0.010,0.65260,0.66640,0.66183,0.66247,-0.0700,0.0000,6.4,0.57,0.37,1765694123,00:07:31:02,50.7,3h 48m,10.1,0.84,6.4,0.6400000000000001,-5.4,-0.54,54.2,100.0,0.00,0.00
,12/16/2025 20:45,12/17/2025 16:01,AUDUSD,Buy,0.010,0.65450,0.66830,0.66372,0.66247,-0.0700,-0.0400,-12.5,-1.36,-0.87,1765694122,00:19:16:01,2.2,25m,25.9,13.40,1.8,0.18000000000000002,-24.1,-2.41,6.9,44.8,-14.30,-1.43
,12/16/2025 04:15,12/16/2025 15:30,AUDUSD,Buy,0.010,0.65370,0.66750,0.66288,0.66475,-0.0700,0.0000,18.7,1.80,1.17,1765694121,00:11:15:01,98.9,11h 7m,11.7,0.03,18.7,1.87,-0.6,-0.06,96.9,100.0,0.00,0.00
,12/11/2025 00:30,12/11/2025 08:19,AUDUSD,Sell,0.010,0.67640,0.66260,0.66718,0.66295,-0.0700,0.0000,42.3,4.16,2.77,1765290574,00:07:49:47,84.1,6h 35m,11.3,0.17,42.3,4.2299999999999995,-7.0,-0.7000000000000001,85.8,100.0,0.00,0.00
,12/10/2025 21:45,12/11/2025 08:19,AUDUSD,Sell,0.010,0.67370,0.65980,0.66445,0.66294,-0.0700,-0.0900,15.1,1.35,0.91,1765290573,00:10:34:49,27.9,2h 57m,40.7,2.70,15.1,1.51,-40.7,-4.07,27.1,100.0,0.00,0.00
,12/09/2025 19:15,12/10/2025 00:01,AUDUSD,Sell,0.010,0.67390,0.66010,0.66472,0.66427,-0.0700,-0.0300,4.5,0.35,0.24,1765290572,00:04:46:00,100.0,4h 46m,15.9,0.05,20.4,2.04,0.0,0.0,100.0,22.1,-15.90,-1.59
,12/03/2025 02:45,12/08/2025 13:24,AUDUSD,Sell,0.010,0.66570,0.65190,0.65651,0.66337,-0.0700,-0.1500,-68.6,-7.08,-4.55,1764407684,05:10:39:53,0.0,0s,83.5,84.03,0.0,0.0,-83.5,-8.35,0.0,17.8,-68.60,-6.86
,12/02/2025 18:15,12/08/2025 13:24,AUDUSD,Sell,0.010,0.66560,0.65180,0.65636,0.66337,-0.0700,-0.1800,-70.1,-7.26,-4.46,1764407683,05:19:09:53,2.7,3h 45m,94.5,8.95,9.5,0.9500000000000001,-85.0,-8.5,10.1,15.8,-79.60,-7.96
,12/02/2025 16:30,12/08/2025 13:24,AUDUSD,Sell,0.010,0.66560,0.65180,0.65636,0.66337,-0.0700,-0.1800,-70.1,-7.26,-4.27,1764407682,05:20:54:53,3.4,4h 47m,94.7,8.76,9.7,0.97,-85.0,-8.5,10.2,15.7,-79.80,-7.98
,12/01/2025 19:00,12/02/2025 00:01,AUDUSD,Sell,0.010,0.66450,0.65070,0.65528,0.65465,-0.0700,-0.0300,6.3,0.53,0.31,1764407681,00:05:01:22,86.8,4h 21m,6.2,0.33,12.0,1.2000000000000002,-4.0,-0.4,75.0,64.4,-5.70,-0.57
,11/28/2025 05:30,11/28/2025 07:30,AUDUSD,Sell,0.010,0.66310,0.64930,0.65388,0.65271,-0.0700,0.0000,11.7,1.10,0.65,1763292843,00:02:00:03,99.2,1h 59m,2.9,0.01,11.9,1.1900000000000002,-0.1,-0.010000000000000002,99.2,98.3,-0.20,-0.02
,11/28/2025 00:30,11/28/2025 07:30,AUDUSD,Sell,0.010,0.66240,0.64860,0.65319,0.65271,-0.0700,0.0000,4.8,0.41,0.24,1763292842,00:06:59:59,6.2,26m,8.7,1.74,5.0,0.5,-8.7,-0.87,36.5,98.5,-0.20,-0.02
,11/27/2025 00:30,11/28/2025 07:30,AUDUSD,Sell,0.010,0.66100,0.64720,0.65177,0.65272,-0.0700,-0.0300,-9.5,-1.05,-0.62,1763292841,01:06:59:11,0.3,5m,23.6,10.81,2.0,0.2,-21.6,-2.16,8.5,51.3,-11.50,-1.15
,11/21/2025 17:15,11/24/2025 20:06,AUDUSD,Buy,0.010,0.63460,0.64840,0.64375,0.64615,-0.0700,-0.0400,24.0,2.29,1.37,1763292840,03:02:51:17,98.7,3d 1h ,22.3,0.45,28.3,2.83,-12.8,-1.2800000000000002,68.9,89.5,-4.30,-0.43
,11/21/2025 14:00,11/24/2025 20:06,AUDUSD,Buy,0.010,0.63390,0.64770,0.64308,0.64615,-0.0700,-0.0400,30.7,2.96,1.81,1763292839,03:06:06:16,98.9,3d 5h ,25.8,0.26,35.0,3.5,-9.1,-0.91,79.4,90.2,-4.30,-0.43
,11/20/2025 20:15,11/24/2025 20:06,AUDUSD,Buy,0.010,0.63650,0.65030,0.64573,0.64614,-0.0700,-0.0800,4.1,0.26,0.16,1763292838,03:23:51:15,12.1,11h 35m,35.6,4.19,8.5,0.8500000000000001,-35.6,-3.5600000000000005,19.3,90.0,-4.40,-0.44
,11/19/2025 20:00,11/20/2025 16:33,AUDUSD,Buy,0.010,0.63680,0.65060,0.64602,0.65020,-0.0700,-0.1100,41.8,4.00,2.51,1763292837,00:20:33:41,98.8,20h 18m,17.9,0.04,41.8,4.18,-1.7,-0.17,96.1,100.0,0.00,0.00
,11/18/2025 08:00,11/18/2025 12:56,AUDUSD,Buy,0.010,0.63890,0.65270,0.64814,0.64996,-0.0700,0.0000,18.2,1.75,1.11,1763292836,00:04:56:15,74.5,3h 40m,7.9,0.36,18.2,1.82,-6.6,-0.66,73.4,100.0,0.00,0.00
,11/17/2025 23:30,11/18/2025 12:56,AUDUSD,Buy,0.010,0.64000,0.65380,0.64919,0.64996,-0.0700,-0.0400,7.7,0.66,0.42,1763292835,00:13:26:15,42.4,5h 41m,33.9,3.51,7.7,0.77,-27.0,-2.7,22.2,100.0,0.00,0.00
,11/14/2025 15:30,11/18/2025 12:56,AUDUSD,Buy,0.010,0.64330,0.65710,0.65254,0.64996,-0.0700,-0.0800,-25.8,-2.73,-1.71,1761380316,03:21:26:15,65.2,2d 12h ,82.4,2.39,24.3,2.43,-58.1,-5.8100000000000005,29.5,39.2,-50.10,-5.01
,11/13/2025 21:30,11/13/2025 21:30,AUDUSD,Sell,0.010,0.00000,0.00000,0.65320,0.65320,-0.0700,0.0000,0.0,-0.07,-0.04,1761380315,00:00:00:01,,,,,,,,,,,,
,11/13/2025 17:45,11/13/2025 17:45,AUDUSD,Sell,0.010,0.00000,0.00000,0.65472,0.65480,-0.0700,0.0000,-0.8,-0.15,-0.09,1761380314,00:00:00:01,,,,,,,,,,,,
,11/13/2025 00:30,11/13/2025 16:39,AUDUSD,Sell,0.010,0.66330,0.64950,0.65411,0.65472,-0.0700,0.0000,-6.1,-0.68,-0.42,1761380313,00:16:09:49,11.4,1h 50m,45.8,5.03,7.6,0.76,-38.2,-3.8200000000000003,16.6,70.1,-13.70,-1.37
,11/12/2025 15:15,11/13/2025 16:39,AUDUSD,Sell,0.010,0.66310,0.64930,0.65390,0.65477,-0.0700,-0.0800,-8.7,-1.02,-0.63,1761380312,01:01:24:52,16.4,4h 10m,47.5,5.60,7.2,0.7200000000000001,-40.3,-4.03,15.2,66.5,-15.90,-1.59
,11/12/2025 11:15,11/13/2025 16:39,AUDUSD,Sell,0.010,0.66320,0.64940,0.65396,0.65481,-0.0700,-0.0800,-8.5,-1.00,-0.61,1761380311,01:05:24:52,28.1,8h 15m,48.5,4.51,8.8,0.8800000000000001,-39.7,-3.9700000000000006,18.1,64.3,-17.30,-1.73
,11/11/2025 00:30,11/11/2025 04:55,AUDUSD,Sell,0.010,0.66260,0.64880,0.65344,0.65266,-0.0700,0.0000,7.8,0.71,0.44,1761380310,00:04:25:22,62.7,2h 46m,4.1,0.27,8.2,0.82,-2.2,-0.22000000000000003,78.8,96.2,-0.40,-0.04
,11/10/2025 05:15,11/11/2025 04:55,AUDUSD,Sell,0.010,0.66110,0.64730,0.65185,0.65266,-0.0700,-0.0300,-8.1,-0.91,-0.56,1761380309,00:23:40:17,5.3,1h 15m,26.9,3.64,5.8,0.58,-21.1,-2.1100000000000003,21.6,48.3,-13.90,-1.39
,11/05/2025 12:45,11/06/2025 04:16,AUDUSD,Buy,0.010,0.63900,0.65280,0.64822,0.65117,-0.0700,-0.1200,29.5,2.76,1.72,1761380308,00:15:31:26,84.6,13h 7m,15.3,0.26,30.3,3.0300000000000002,-8.0,-0.8,79.1,97.9,-0.80,-0.08
,11/05/2025 06:30,11/05/2025 06:43,AUDUSD,Buy,0.010,0.63980,0.65360,0.64900,0.64937,-0.0700,0.0000,3.7,0.30,0.19,1761380307,00:00:13:02,100.0,13m,0.8,0.22,4.5,0.45,0.0,0.0,100.0,82.2,-0.80,-0.08
,11/04/2025 14:00,11/05/2025 05:54,AUDUSD,Buy,0.010,0.64060,0.65440,0.64975,0.64948,-0.0700,-0.0400,-2.7,-0.38,-0.24,1761380304,00:15:54:31,12.7,2h 1m,43.0,5.32,6.8,0.68,-36.2,-3.6200000000000006,15.8,77.9,-9.50,-0.95
,11/04/2025 11:00,11/05/2025 05:54,AUDUSD,Buy,0.010,0.64180,0.65560,0.65098,0.64948,-0.0700,-0.0400,-15.0,-1.61,-0.99,1761380303,00:18:54:32,0.0,0s,48.5,48.54,0.0,0.0,-48.5,-4.8500000000000005,0.0,69.1,-15.00,-1.50
,11/03/2025 20:00,11/05/2025 05:54,AUDUSD,Buy,0.010,0.64460,0.65840,0.65378,0.64948,-0.0700,-0.0800,-43.0,-4.45,-2.67,1761380302,01:09:54:26,8.7,2h 56m,78.7,34.84,2.2,0.22000000000000003,-76.5,-7.65,2.8,42.6,-45.20,-4.52
,10/28/2025 04:00,10/30/2025 12:42,AUDUSD,Sell,0.010,0.66500,0.65120,0.65576,0.65733,-0.0700,-0.0900,-15.7,-1.73,-1.03,1761380296,02:08:42:24,15.5,8h 47m,69.7,4.86,11.9,1.1900000000000002,-57.8,-5.78,17.1,60.4,-27.60,-2.76
,10/28/2025 02:45,10/30/2025 12:42,AUDUSD,Sell,0.010,0.66520,0.65140,0.65596,0.65732,-0.0700,-0.0900,-13.6,-1.52,-0.90,1761380295,02:09:57:22,19.3,11h 11m,69.7,4.01,13.9,1.3900000000000001,-55.8,-5.58,19.9,60.5,-27.50,-2.75
,10/28/2025 01:00,10/30/2025 12:42,AUDUSD,Sell,0.010,0.66460,0.65080,0.65542,0.65732,-0.0700,-0.0900,-19.0,-2.06,-1.20,1761380294,02:11:42:23,6.7,4h 0m,69.7,7.20,8.5,0.8500000000000001,-61.2,-6.120000000000001,12.2,60.5,-27.50,-2.75
,10/23/2025 00:15,10/23/2025 09:04,AUDUSD,Buy,0.010,0.64000,0.65380,0.64920,0.64953,-0.0700,0.0000,3.3,0.26,0.15,1760166714,00:08:49:12,7.6,40m,15.2,3.88,3.3,0.33,-12.8,-1.2800000000000002,20.5,100.0,0.00,0.00
,10/21/2025 04:15,10/21/2025 06:49,AUDUSD,Sell,0.010,0.66110,0.64730,0.65185,0.65038,-0.0700,0.0000,14.7,1.40,0.82,1760166713,00:02:34:50,98.1,2h 31m,7.4,0.07,14.7,1.47,-1.0,-0.1,93.6,100.0,0.00,0.00
,10/14/2025 12:00,10/15/2025 04:00,AUDUSD,Buy,0.010,0.63660,0.65040,0.64582,0.64963,-0.0700,-0.0400,38.1,3.70,2.22,1760166710,00:16:00:05,70.7,11h 18m,19.7,0.45,39.1,3.91,-17.6,-1.7600000000000002,69.0,98.2,-1.00,-0.10
,10/14/2025 10:30,10/15/2025 04:00,AUDUSD,Buy,0.010,0.63730,0.65110,0.64648,0.64964,-0.0700,-0.0400,31.6,3.05,1.87,1760166709,00:17:30:04,62.6,10h 57m,24.2,0.77,31.6,3.16,-24.2,-2.42,56.6,100.0,0.00,0.00
,10/14/2025 15:30,10/14/2025 19:20,AUDUSD,Buy,0.010,0.63560,0.64940,0.64484,0.64939,-0.0700,0.0000,45.5,4.48,2.82,1760166711,00:03:50:45,87.9,3h 22m,7.0,0.11,45.5,4.55,-5.2,-0.52,89.7,100.0,0.00,0.00
,10/10/2025 20:00,10/13/2025 04:00,AUDUSD,Buy,0.010,0.63920,0.65300,0.64835,0.65158,-0.0700,-0.0400,32.3,3.12,2.00,1757834104,02:08:00:01,12.5,7h 0m,21.3,0.38,32.3,3.23,-12.4,-1.2400000000000002,72.3,100.0,0.00,0.00
,10/09/2025 22:15,10/10/2025 04:00,AUDUSD,Buy,0.010,0.64550,0.65930,0.65465,0.65674,-0.0700,-0.0400,20.9,1.98,1.29,1757834103,00:05:45:13,98.6,5h 40m,8.2,0.05,20.9,2.09,-1.0,-0.1,95.4,100.0,0.00,0.00
,10/09/2025 20:00,10/10/2025 04:00,AUDUSD,Buy,0.010,0.64560,0.65940,0.65482,0.65673,-0.0700,-0.0400,19.1,1.80,1.18,1757834102,00:08:00:13,87.2,6h 58m,12.4,0.42,19.1,1.9100000000000001,-8.0,-0.8,70.5,100.0,0.00,0.00
,10/08/2025 23:00,10/08/2025 23:19,AUDUSD,Buy,0.010,0.64950,0.66330,0.65865,0.65887,-0.0700,0.0000,2.2,0.15,0.10,1757834101,00:00:19:38,60.0,11m,1.1,0.32,2.2,0.22000000000000003,-0.7,-0.06999999999999999,75.9,100.0,0.00,0.00
,10/08/2025 11:30,10/08/2025 16:01,AUDUSD,Buy,0.010,0.64740,0.66120,0.65658,0.65807,-0.0700,0.0000,14.9,1.42,0.94,1757834100,00:04:31:19,68.8,3h 6m,8.8,0.43,14.9,1.4900000000000002,-6.4,-0.6400000000000001,70.0,100.0,0.00,0.00
,10/08/2025 06:30,10/08/2025 16:01,AUDUSD,Buy,0.010,0.64710,0.66090,0.65630,0.65808,-0.0700,0.0000,17.8,1.71,1.15,1757834099,00:09:31:19,67.9,6h 27m,10.2,0.31,17.8,1.7800000000000002,-5.6,-0.5599999999999999,76.1,100.0,0.00,0.00
,10/08/2025 00:15,10/08/2025 16:01,AUDUSD,Buy,0.010,0.64930,0.66310,0.65850,0.65809,-0.0700,0.0000,-4.1,-0.48,-0.32,1757834098,00:15:46:18,0.6,5m,29.1,18.42,1.5,0.15000000000000002,-27.6,-2.7600000000000002,5.2,80.8,-5.60,-0.56
,10/06/2025 02:00,10/06/2025 10:03,AUDUSD,Buy,0.010,0.64970,0.66350,0.65886,0.66137,-0.0700,0.0000,25.1,2.44,1.66,1757834097,00:08:03:54,99.0,7h 59m,11.9,0.06,25.1,2.5100000000000002,-1.4,-0.13999999999999999,94.7,100.0,0.00,0.00
,10/01/2025 00:30,10/01/2025 04:03,AUDUSD,Sell,0.010,0.67030,0.65650,0.66106,0.66024,-0.0700,0.0000,8.2,0.75,0.51,1757834096,00:03:33:25,42.1,1h 29m,10.4,0.96,8.5,0.8500000000000001,-8.2,-0.82,50.9,98.2,-0.30,-0.03
,09/30/2025 10:45,10/01/2025 04:03,AUDUSD,Sell,0.010,0.66780,0.65400,0.65859,0.66022,-0.0700,-0.0200,-16.3,-1.72,-1.16,1757834095,00:17:18:25,0.0,0s,42.1,42.19,0.0,0.0,-42.1,-4.21,0.0,61.3,-16.30,-1.63
,09/26/2025 16:30,09/26/2025 20:00,AUDUSD,Buy,0.010,0.64430,0.65810,0.65346,0.65495,-0.0700,0.0000,14.9,1.42,0.97,1757834094,00:03:30:24,99.6,3h 29m,7.1,0.05,14.9,1.4900000000000002,-0.8,-0.08000000000000002,94.9,100.0,0.00,0.00
,09/26/2025 01:00,09/26/2025 20:00,AUDUSD,Buy,0.010,0.64560,0.65940,0.65482,0.65495,-0.0700,0.0000,1.3,0.06,0.04,1757834093,00:19:00:24,2.2,25m,27.3,21.01,1.3,0.13,-27.3,-2.7300000000000004,4.5,100.0,0.00,0.00
,09/25/2025 18:00,09/26/2025 20:00,AUDUSD,Buy,0.010,0.64560,0.65940,0.65478,0.65495,-0.0700,-0.0500,1.7,0.05,0.03,1757834092,01:02:00:24,6.1,1h 35m,29.6,9.97,2.7,0.27,-26.9,-2.69,9.1,96.6,-1.00,-0.10
,09/25/2025 00:17,09/25/2025 04:00,AUDUSD,Buy,0.010,0.64920,0.66300,0.65840,0.65940,-0.0700,0.0000,10.0,0.93,0.64,1757834091,00:03:42:42,74.9,2h 46m,4.8,0.48,10.0,1.0,-4.8,-0.48,67.6,100.0,0.00,0.00
,09/24/2025 20:15,09/25/2025 04:00,AUDUSD,Buy,0.010,0.64920,0.66300,0.65836,0.65941,-0.0700,-0.1400,10.5,0.84,0.58,1757834090,00:07:45:28,39.1,3h 1m,9.3,0.83,10.5,1.05,-8.7,-0.87,54.7,100.0,0.00,0.00
,09/24/2025 10:30,09/24/2025 16:15,AUDUSD,Sell,0.010,0.67110,0.65730,0.66188,0.65911,-0.0700,0.0000,27.7,2.70,1.91,1757834089,00:05:45:40,92.0,5h 18m,9.3,0.12,28.4,2.84,-3.3,-0.33,89.6,97.8,-0.70,-0.07
,09/24/2025 07:30,09/24/2025 07:30,AUDUSD,Sell,0.010,0.00000,0.00000,0.66194,0.66193,-0.0700,0.0000,0.1,-0.06,-0.04,1757834088,00:00:00:01,,,,,,,,,,,,
,09/22/2025 18:30,09/23/2025 12:05,AUDUSD,Buy,0.010,0.64970,0.66350,0.65889,0.66010,-0.0700,-0.0500,12.1,1.09,0.77,1757834087,00:17:35:58,71.3,12h 32m,20.2,0.54,13.1,1.31,-7.1,-0.71,64.9,95.0,-1.00,-0.10
,09/19/2025 00:15,09/22/2025 12:09,AUDUSD,Buy,0.010,0.65240,0.66620,0.66155,0.65967,-0.0700,-0.0500,-18.8,-2.00,-1.40,1757834080,03:11:54:53,0.7,35m,41.9,12.53,3.1,0.31000000000000005,-38.8,-3.88,7.4,47.7,-21.90,-2.19
,09/18/2025 18:00,09/22/2025 12:09,AUDUSD,Buy,0.010,0.65220,0.66600,0.66136,0.65967,-0.0700,-0.1000,-16.9,-1.86,-1.29,1757834079,03:18:09:53,6.6,5h 57m,45.4,4.34,8.5,0.8500000000000001,-36.9,-3.69,18.7,44.1,-25.40,-2.54
,09/18/2025 10:15,09/22/2025 12:09,AUDUSD,Buy,0.010,0.65360,0.66740,0.66283,0.65967,-0.0700,-0.1000,-31.6,-3.33,-2.25,1757834078,04:01:54:53,6.2,6h 4m,82.2,1.69,30.6,3.0600000000000005,-51.6,-5.16,37.2,24.3,-62.20,-6.22
,09/17/2025 21:45,09/17/2025 21:45,AUDUSD,Sell,0.010,0.00000,0.00000,0.66620,0.66618,-0.0700,0.0000,0.2,-0.05,-0.03,1757834077,00:00:00:01,,,,,,,,,,,,
,09/16/2025 16:45,09/17/2025 05:34,AUDUSD,Sell,0.010,0.67620,0.66240,0.66703,0.66728,-0.0700,-0.0200,-2.5,-0.34,-0.23,1757834073,00:12:49:44,9.3,1h 11m,24.3,4.28,4.6,0.45999999999999996,-19.7,-1.97,18.9,70.8,-7.10,-0.71
,09/16/2025 00:30,09/17/2025 05:34,AUDUSD,Sell,0.010,0.67580,0.66200,0.66663,0.66728,-0.0700,-0.0200,-6.5,-0.74,-0.50,1757834072,01:05:04:44,16.7,4h 51m,29.6,4.02,5.9,0.5900000000000001,-23.7,-2.37,19.9,58.1,-12.40,-1.24
,09/15/2025 19:15,09/17/2025 05:34,AUDUSD,Sell,0.010,0.67600,0.66220,0.66682,0.66728,-0.0700,-0.0400,-4.6,-0.57,-0.38,1757834071,01:10:19:44,29.9,10h 15m,29.6,2.80,7.8,0.78,-21.8,-2.18,26.4,58.1,-12.40,-1.24
,09/12/2025 03:15,09/12/2025 14:20,AUDUSD,Sell,0.010,0.67550,0.66170,0.66625,0.66432,-0.0700,0.0000,19.3,1.86,1.26,1754828015,00:11:05:33,84.6,9h 23m,13.8,0.35,19.3,1.9300000000000002,-6.7,-0.67,74.2,100.0,0.00,0.00
,09/12/2025 00:30,09/12/2025 14:20,AUDUSD,Sell,0.010,0.67500,0.66120,0.66584,0.66432,-0.0700,0.0000,15.2,1.45,0.99,1754828014,00:13:50:32,39.4,5h 27m,13.8,0.71,15.2,1.52,-10.8,-1.08,58.5,100.0,0.00,0.00
,09/10/2025 23:00,09/11/2025 04:00,AUDUSD,Sell,0.010,0.67090,0.65710,0.66170,0.66086,-0.0700,-0.0600,8.4,0.71,0.49,1754828013,00:05:00:45,73.8,3h 41m,10.9,0.46,8.9,0.8900000000000001,-4.1,-0.41,68.5,96.2,-0.50,-0.05
,09/09/2025 19:00,09/09/2025 19:00,AUDUSD,Sell,0.010,0.00000,0.00000,0.65904,0.65905,-0.0700,0.0000,-0.1,-0.08,-0.05,1754828012,00:00:00:02,,,,,,,,,,,,
,09/09/2025 00:30,09/09/2025 16:07,AUDUSD,Sell,0.010,0.66800,0.65420,0.65876,0.65961,-0.0700,0.0000,-8.5,-0.92,-0.63,1754828010,00:15:37:01,0.0,0s,31.8,31.85,0.0,0.0,-31.8,-3.18,0.0,73.3,-8.50,-0.85
,09/08/2025 18:45,09/09/2025 16:07,AUDUSD,Sell,0.010,0.66810,0.65430,0.65885,0.65962,-0.0700,-0.0200,-7.7,-0.86,-0.58,1754828009,00:21:21:57,12.2,2h 36m,37.5,4.44,6.9,0.6900000000000001,-30.6,-3.0600000000000005,18.4,61.1,-14.60,-1.46
,09/08/2025 15:15,09/09/2025 16:07,AUDUSD,Sell,0.010,0.66800,0.65420,0.65881,0.65962,-0.0700,-0.0200,-8.1,-0.90,-0.61,1754828008,01:00:52:01,15.8,3h 55m,37.5,4.77,6.5,0.65,-31.0,-3.1,17.3,61.1,-14.60,-1.46
,09/05/2025 22:30,09/08/2025 00:01,AUDUSD,Sell,0.010,0.66450,0.65070,0.65528,0.65574,-0.0700,-0.0200,-4.6,-0.55,-0.37,1754828007,02:01:31:00,1.4,41m,4.6,2.09,-2.2,-0.22000000000000003,-4.6,-0.45999999999999996,-91.7,0.0,-2.40,-0.24
,09/02/2025 18:00,09/03/2025 11:03,AUDUSD,Buy,0.010,0.64310,0.65690,0.65230,0.65255,-0.0700,-0.0500,2.5,0.13,0.09,1754828006,00:17:03:07,3.5,35m,19.6,6.22,2.8,0.27999999999999997,-17.4,-1.74,13.9,98.5,-0.30,-0.03
,09/02/2025 00:30,09/02/2025 07:03,AUDUSD,Sell,0.010,0.66440,0.65060,0.65518,0.65376,-0.0700,0.0000,14.2,1.35,0.92,1754828005,00:06:33:42,56.1,3h 40m,8.7,0.44,14.2,1.42,-6.3,-0.63,69.3,100.0,0.00,0.00
,08/28/2025 09:00,08/29/2025 12:36,AUDUSD,Sell,0.010,0.66010,0.64630,0.65088,0.65279,-0.0700,-0.0200,-19.1,-2.00,-1.34,1754827999,01:03:36:45,0.0,0s,32.0,32.05,0.0,0.0,-32.0,-3.2,0.0,40.3,-19.10,-1.91
,08/28/2025 04:45,08/29/2025 12:36,AUDUSD,Sell,0.010,0.66050,0.64670,0.65126,0.65279,-0.0700,-0.0200,-15.3,-1.62,-1.07,1754827998,01:07:51:45,11.5,3h 39m,34.4,4.55,6.2,0.6200000000000001,-28.2,-2.8200000000000003,18.0,37.5,-21.50,-2.15
,08/28/2025 00:30,08/29/2025 12:36,AUDUSD,Sell,0.010,0.65950,0.64570,0.65034,0.65279,-0.0700,-0.0200,-24.5,-2.54,-1.65,1754827997,01:12:06:44,1.2,26m,39.0,23.42,1.6,0.16000000000000003,-37.4,-3.74,4.1,33.1,-26.10,-2.61
,08/25/2025 17:45,08/26/2025 00:01,AUDUSD,Sell,0.010,0.65920,0.64540,0.65002,0.64844,-0.0700,-0.0200,15.8,1.49,0.98,1754827996,00:06:16:09,92.1,5h 46m,7.4,0.14,23.2,2.32,-3.2,-0.32000000000000006,87.9,72.0,-7.40,-0.74
,08/25/2025 11:30,08/26/2025 00:01,AUDUSD,Sell,0.010,0.65870,0.64480,0.64945,0.64844,-0.0700,-0.0200,10.1,0.92,0.61,1754827995,00:12:31:09,56.3,7h 2m,16.4,0.51,17.3,1.7300000000000002,-8.9,-0.8900000000000001,66.0,72.5,-7.20,-0.72
,08/19/2025 20:45,08/22/2025 05:19,AUDUSD,Buy,0.010,0.63670,0.65050,0.64588,0.64301,-0.0700,-0.2500,-28.7,-3.19,-2.07,1754827979,02:08:34:25,0.0,0s,44.5,44.64,0.0,0.0,-44.5,-4.45,0.0,35.5,-28.70,-2.87
,08/19/2025 09:15,08/22/2025 05:19,AUDUSD,Buy,0.010,0.63910,0.65290,0.64831,0.64301,-0.0700,-0.2500,-53.0,-5.62,-3.51,1754827978,02:20:04:29,9.6,6h 32m,80.5,5.88,11.7,1.17,-68.8,-6.88,14.5,19.6,-64.70,-6.47
,08/18/2025 20:00,08/22/2025 05:19,AUDUSD,Buy,0.010,0.63970,0.65350,0.64892,0.64302,-0.0700,-0.3000,-59.0,-6.27,-3.77,1754827977,03:09:19:26,16.6,13h 29m,81.6,11.19,6.7,0.67,-74.9,-7.490000000000001,8.2,19.5,-65.70,-6.57
,08/14/2025 21:00,08/15/2025 04:03,AUDUSD,Buy,0.010,0.64010,0.65390,0.64928,0.65011,-0.0700,-0.0400,8.3,0.72,0.44,1754827976,00:07:03:48,91.3,6h 26m,16.7,1.28,8.3,0.8300000000000001,-10.6,-1.06,43.9,100.0,0.00,0.00
,08/14/2025 18:30,08/15/2025 04:03,AUDUSD,Buy,0.010,0.64010,0.65390,0.64931,0.65011,-0.0700,-0.0400,8.0,0.69,0.42,1754827975,00:09:33:48,68.7,6h 34m,16.7,1.36,8.0,0.8,-10.9,-1.09,42.3,100.0,0.00,0.00
,08/14/2025 07:30,08/14/2025 12:00,AUDUSD,Sell,0.010,0.66420,0.65040,0.65500,0.65248,-0.0700,0.0000,25.2,2.45,1.51,1754827974,00:04:30:13,77.5,3h 29m,8.9,0.12,25.2,2.52,-3.0,-0.30000000000000004,89.4,100.0,0.00,0.00
,08/14/2025 01:00,08/14/2025 01:00,AUDUSD,Sell,0.010,0.00000,0.00000,0.65407,0.65483,-0.0700,0.0000,-7.6,-0.83,-0.51,1754827973,00:00:00:00,,,,,,,,,,,,
,08/12/2025 15:45,08/13/2025 09:26,AUDUSD,Buy,0.010,0.64160,0.65540,0.65081,0.65345,-0.0700,-0.0400,26.4,2.53,1.57,1754827972,00:17:41:45,92.1,16h 17m,22.8,0.47,31.6,3.16,-15.0,-1.5,67.8,88.8,-5.20,-0.52
,08/07/2025 00:30,08/11/2025 04:11,AUDUSD,Sell,0.010,0.65920,0.64540,0.64999,0.65138,-0.0700,-0.0600,-13.9,-1.52,-0.94,1752138035,04:03:40:59,3.4,3h 23m,44.3,8.70,4.7,0.47000000000000003,-40.9,-4.09,10.3,59.2,-18.60,-1.86
,08/06/2025 11:15,08/11/2025 04:11,AUDUSD,Sell,0.010,0.65840,0.64460,0.64924,0.65138,-0.0700,-0.1400,-21.4,-2.35,-1.43,1752138034,04:16:56:05,1.2,1h 21m,53.3,9.88,4.9,0.49000000000000005,-48.4,-4.84,9.2,50.7,-26.30,-2.63
,08/06/2025 08:00,08/11/2025 04:11,AUDUSD,Sell,0.010,0.65850,0.64470,0.64932,0.65138,-0.0700,-0.1400,-20.6,-2.27,-1.36,1752138033,04:20:11:04,3.7,4h 17m,54.3,7.11,6.7,0.67,-47.6,-4.760000000000001,12.3,49.7,-27.30,-2.73
,08/01/2025 01:45,08/01/2025 15:34,AUDUSD,Buy,0.010,0.63360,0.64740,0.64277,0.64732,-0.0700,0.0000,45.5,4.48,2.76,1752138031,00:13:49:14,66.9,9h 14m,20.9,0.19,45.5,4.55,-8.5,-0.8500000000000001,84.3,100.0,0.00,0.00
,07/31/2025 23:00,08/01/2025 15:34,AUDUSD,Buy,0.010,0.63340,0.64720,0.64261,0.64721,-0.0700,-0.0400,46.0,4.49,2.84,1752138030,00:16:34:00,66.4,11h 0m,20.9,0.15,46.0,4.6000000000000005,-6.9,-0.6900000000000001,87.0,100.0,0.00,0.00
,08/01/2025 15:00,08/01/2025 15:33,AUDUSD,Buy,0.010,0.63320,0.64700,0.64236,0.64708,-0.0700,0.0000,47.2,4.65,3.04,1752138032,00:00:33:45,32.4,10m,6.4,0.10,47.3,4.7299999999999995,-4.5,-0.45,91.3,99.8,-0.10,-0.01
,07/30/2025 21:00,07/31/2025 08:00,AUDUSD,Buy,0.010,0.63740,0.65120,0.64657,0.64683,-0.0700,-0.1300,2.6,0.06,0.04,1752138028,00:11:00:15,1.7,11m,42.7,8.13,4.8,0.48,-39.0,-3.9000000000000004,11.0,95.0,-2.20,-0.22
,07/30/2025 18:30,07/31/2025 08:00,AUDUSD,Buy,0.010,0.63620,0.65000,0.64543,0.64684,-0.0700,-0.1300,14.1,1.21,0.80,1752138027,00:13:30:15,25.5,3h 26m,42.7,1.70,16.2,1.62,-27.6,-2.7600000000000002,37.0,95.2,-2.10,-0.21
,07/29/2025 17:30,07/30/2025 03:32,AUDUSD,Buy,0.010,0.64110,0.65490,0.65029,0.65191,-0.0700,-0.0400,16.2,1.51,1.00,1752138026,00:10:02:40,99.6,10h 0m,10.2,0.09,16.2,1.62,-1.5,-0.15000000000000002,91.5,100.0,0.00,0.00
,07/29/2025 13:00,07/30/2025 03:32,AUDUSD,Buy,0.010,0.64220,0.65600,0.65136,0.65188,-0.0700,-0.0400,5.2,0.41,0.27,1752138025,00:14:32:40,18.7,2h 43m,21.7,3.40,5.2,0.52,-17.7,-1.77,22.7,100.0,0.00,0.00
,07/28/2025 20:00,07/29/2025 05:07,AUDUSD,Buy,0.010,0.64250,0.65630,0.65167,0.65261,-0.0700,-0.0400,9.4,0.83,0.56,1752138024,00:09:07:25,62.4,5h 41m,14.1,0.56,9.6,0.96,-5.4,-0.54,64.0,98.7,-0.20,-0.02
,07/28/2025 17:15,07/29/2025 05:07,AUDUSD,Buy,0.010,0.64340,0.65720,0.65261,0.65261,-0.0700,-0.0400,0.0,-0.11,-0.07,1752138023,00:11:52:27,5.0,35m,19.9,2.90,5.1,0.0,-14.8,-0.0,25.6,74.4,-5.10,0.00
,07/28/2025 12:15,07/29/2025 05:07,AUDUSD,Buy,0.010,0.64330,0.65710,0.65252,0.65260,-0.0700,-0.0400,0.8,-0.03,-0.02,1752138022,00:16:52:27,26.7,4h 30m,24.2,1.35,10.3,1.03,-13.9,-1.3900000000000001,42.6,60.7,-9.50,-0.95
,07/24/2025 20:00,07/24/2025 23:00,AUDUSD,Sell,0.010,0.66890,0.65510,0.65966,0.65925,-0.0700,0.0000,4.1,0.34,0.23,1752138021,00:03:00:49,5.6,10m,5.3,1.24,4.1,0.41,-5.1,-0.51,44.6,100.0,0.00,0.00
,07/24/2025 16:45,07/24/2025 16:45,AUDUSD,Sell,0.010,0.00000,0.00000,0.66031,0.66036,-0.0700,0.0000,-0.5,-0.12,-0.08,1752138020,00:00:00:01,,,,,,,,,,,,
,07/24/2025 01:30,07/24/2025 16:00,AUDUSD,Sell,0.010,0.66940,0.65560,0.66021,0.66041,-0.0700,0.0000,-2.0,-0.27,-0.18,1752138018,00:14:30:05,11.9,1h 43m,27.4,4.17,5.3,0.53,-22.1,-2.2100000000000004,19.3,73.4,-7.30,-0.73
,07/23/2025 04:45,07/24/2025 16:00,AUDUSD,Sell,0.010,0.66500,0.65120,0.65581,0.66041,-0.0700,-0.0800,-46.0,-4.75,-3.08,1752138017,01:11:15:05,1.0,21m,68.1,30.03,2.2,0.22000000000000003,-65.9,-6.590000000000001,3.2,29.2,-48.20,-4.82
,07/23/2025 01:30,07/24/2025 16:00,AUDUSD,Sell,0.010,0.66440,0.65060,0.65518,0.66042,-0.0700,-0.0800,-52.4,-5.39,-3.38,1752138016,01:14:29:43,1.1,25m,73.0,90.91,0.8,0.08000000000000002,-72.2,-7.220000000000001,1.1,27.1,-53.20,-5.32
,07/17/2025 07:30,07/17/2025 22:06,AUDUSD,Buy,0.010,0.63930,0.65310,0.64845,0.64889,-0.0700,0.0000,4.4,0.37,0.23,1752138013,00:14:36:22,26.6,3h 53m,41.9,3.03,10.4,1.04,-31.5,-3.1500000000000004,24.8,85.7,-6.00,-0.60
,07/16/2025 19:00,07/17/2025 22:06,AUDUSD,Buy,0.010,0.64290,0.65670,0.65213,0.64889,-0.0700,-0.1300,-32.4,-3.44,-2.12,1752138012,01:03:06:22,26.1,7h 4m,77.4,5.62,11.7,1.17,-65.7,-6.57,15.1,43.0,-44.10,-4.41
,07/15/2025 20:00,07/17/2025 22:06,AUDUSD,Buy,0.010,0.64180,0.65560,0.65099,0.64889,-0.0700,-0.1700,-21.0,-2.34,-1.42,1752138011,02:02:06:21,61.9,1d 7h ,91.5,1.46,37.2,3.7200000000000006,-54.3,-5.43,40.7,36.4,-58.20,-5.82
,07/11/2025 04:00,07/14/2025 00:01,AUDUSD,Sell,0.010,0.66590,0.65210,0.65672,0.65693,-0.0700,-0.0300,-2.1,-0.31,-0.19,1752138010,02:20:01:44,0.3,12m,27.8,3.55,6.7,0.67,-23.8,-2.3800000000000003,22.0,71.1,-8.80,-0.88
,07/11/2025 00:30,07/14/2025 00:01,AUDUSD,Sell,0.010,0.66720,0.65340,0.65804,0.65693,-0.0700,-0.0300,11.1,1.01,0.62,1752138009,02:23:31:44,84.5,2d 12h ,32.6,0.66,22.0,2.2,-14.5,-1.4500000000000002,60.3,70.1,-10.90,-1.09
,07/10/2025 15:30,07/14/2025 00:01,AUDUSD,Sell,0.010,0.66450,0.65070,0.65526,0.65693,-0.0700,-0.0600,-16.7,-1.80,-1.08,1752138008,03:08:31:44,2.4,1h 55m,50.3,5.29,8.0,0.8,-42.3,-4.2299999999999995,15.9,50.9,-24.70,-2.47
,07/07/2025 07:45,07/08/2025 04:03,AUDUSD,Buy,0.010,0.64150,0.65530,0.65070,0.65162,-0.0700,-0.0400,9.2,0.81,0.49,1749998397,00:20:18:46,28.0,5h 41m,32.2,1.88,11.2,1.1199999999999999,-21.0,-2.1,34.8,93.8,-2.00,-0.20
,07/07/2025 05:45,07/08/2025 04:03,AUDUSD,Buy,0.010,0.64320,0.65700,0.65244,0.65162,-0.0700,-0.0400,-8.2,-0.93,-0.56,1749998396,00:22:18:50,0.0,0s,38.4,38.46,0.0,0.0,-38.4,-3.84,0.0,78.6,-8.20,-0.82
,07/07/2025 03:45,07/08/2025 04:03,AUDUSD,Buy,0.010,0.64470,0.65850,0.65391,0.65162,-0.0700,-0.0400,-22.9,-2.40,-1.42,1749998395,01:00:18:51,0.4,5m,54.0,59.17,0.9,0.09000000000000001,-53.1,-5.3100000000000005,1.7,55.9,-23.80,-2.38
,06/30/2025 21:00,07/02/2025 14:48,AUDUSD,Sell,0.010,0.66620,0.65240,0.65697,0.65594,-0.0700,-0.0600,10.3,0.90,0.54,1749998386,01:17:48:02,24.2,10h 6m,30.8,1.80,11.0,1.1,-19.8,-1.9800000000000002,35.7,97.7,-0.70,-0.07
,06/30/2025 20:00,07/02/2025 14:48,AUDUSD,Sell,0.010,0.66650,0.65270,0.65730,0.65594,-0.0700,-0.0600,13.6,1.23,0.74,1749998385,01:18:48:04,35.7,15h 16m,30.8,1.15,14.3,1.4300000000000002,-16.5,-1.6500000000000001,46.4,97.7,-0.70,-0.07
,06/30/2025 19:00,07/02/2025 14:48,AUDUSD,Sell,0.010,0.66650,0.65270,0.65726,0.65594,-0.0700,-0.0600,13.2,1.19,0.72,1749998384,01:19:48:05,35.7,15h 38m,30.8,1.22,13.9,1.3900000000000001,-16.9,-1.69,45.1,97.7,-0.70,-0.07
,06/26/2025 05:00,06/27/2025 13:05,AUDUSD,Sell,0.010,0.66130,0.64750,0.65208,0.65396,-0.0700,-0.0300,-18.8,-1.98,-1.18,1749998365,01:08:05:58,1.1,21m,43.2,27.86,1.5,0.15000000000000002,-41.7,-4.170000000000001,3.5,53.0,-20.30,-2.03
,06/26/2025 03:45,06/27/2025 13:05,AUDUSD,Sell,0.010,0.66140,0.64760,0.65215,0.65396,-0.0700,-0.0300,-18.1,-1.91,-1.13,1749998364,01:09:20:32,5.3,1h 46m,51.2,4.02,10.2,1.02,-41.0,-4.1000000000000005,19.9,44.7,-28.30,-2.83
,06/26/2025 02:45,06/27/2025 13:05,AUDUSD,Sell,0.010,0.66120,0.64740,0.65199,0.65396,-0.0700,-0.0300,-19.7,-2.07,-1.21,1749998363,01:10:20:54,3.9,1h 20m,51.2,4.96,8.6,0.86,-42.6,-4.260000000000001,16.8,44.7,-28.30,-2.83
,06/24/2025 17:30,06/25/2025 16:07,AUDUSD,Sell,0.010,0.66080,0.64700,0.65164,0.64885,-0.0700,-0.0300,27.9,2.69,1.60,1749998362,00:22:37:52,99.7,22h 33m,20.3,0.03,29.2,2.92,-0.9,-0.09000000000000001,97.0,95.7,-1.30,-0.13
,06/24/2025 14:30,06/25/2025 16:07,AUDUSD,Sell,0.010,0.66040,0.64660,0.65123,0.64885,-0.0700,-0.0300,23.8,2.28,1.37,1749998361,01:01:37:51,97.1,1d ,29.6,0.20,25.1,2.5100000000000002,-5.0,-0.5,83.4,95.7,-1.30,-0.13
,06/24/2025 12:30,06/25/2025 16:07,AUDUSD,Sell,0.010,0.66040,0.64660,0.65122,0.64885,-0.0700,-0.0300,23.7,2.27,1.38,1749998360,01:03:37:47,96.4,1d 2h ,29.6,0.20,25.0,2.5,-5.1,-0.51,83.1,95.7,-1.30,-0.13
,06/23/2025 12:00,06/23/2025 20:19,AUDUSD,Buy,0.010,0.63100,0.64480,0.64021,0.64399,-0.0700,0.0000,37.8,3.71,2.32,1749998358,00:08:19:36,41.5,3h 27m,28.8,0.76,37.8,3.78,-28.8,-2.8800000000000003,56.8,100.0,0.00,0.00
,06/23/2025 06:00,06/23/2025 20:19,AUDUSD,Buy,0.010,0.63210,0.64590,0.64125,0.64399,-0.0700,0.0000,27.4,2.67,1.69,1749998357,00:14:19:40,41.3,5h 55m,54.0,1.43,27.4,2.74,-39.2,-3.9200000000000004,41.1,100.0,0.00,0.00
,06/23/2025 04:00,06/23/2025 20:19,AUDUSD,Buy,0.010,0.63460,0.64840,0.64379,0.64399,-0.0700,0.0000,2.0,0.13,0.08,1749998356,00:16:19:41,0.9,8m,65.2,32.36,2.0,0.2,-64.6,-6.46,3.0,100.0,0.00,0.00
,06/19/2025 17:15,06/20/2025 01:01,AUDUSD,Buy,0.010,0.63650,0.65030,0.64572,0.64813,-0.0700,-0.0400,24.1,2.30,1.48,1749998354,00:07:46:04,62.3,4h 50m,14.4,0.44,24.4,2.44,-10.7,-1.07,69.5,99.1,-0.30,-0.03
,06/19/2025 14:15,06/20/2025 01:01,AUDUSD,Buy,0.010,0.63680,0.65060,0.64595,0.64813,-0.0700,-0.0400,21.8,2.07,1.35,1749998353,00:10:46:04,66.5,7h 9m,27.0,0.59,22.1,2.2100000000000004,-13.0,-1.3,63.0,99.1,-0.30,-0.03
,06/16/2025 17:15,06/17/2025 00:02,AUDUSD,Sell,0.010,0.66420,0.65040,0.65500,0.65391,-0.0700,0.0000,10.9,1.02,0.67,1749998352,00:06:47:12,99.3,6h 44m,21.4,0.02,32.3,3.23,-0.7,-0.06999999999999999,97.9,35.2,-21.40,-2.14
,06/13/2025 13:30,06/16/2025 12:59,AUDUSD,Buy,0.010,0.63850,0.65230,0.64766,0.65163,-0.0700,-0.0200,39.7,3.88,2.62,1748075168,02:23:29:30,95.2,2d 20h ,49.0,0.32,41.0,4.1000000000000005,-13.1,-1.31,75.8,97.6,-1.30,-0.13
,06/13/2025 03:45,06/13/2025 19:31,AUDUSD,Buy,0.010,0.63810,0.65190,0.64732,0.65189,-0.0700,0.0000,45.7,4.50,3.13,1748075166,00:15:46:19,81.1,12h 47m,32.9,0.34,45.7,4.57,-15.7,-1.57,74.4,100.0,0.00,0.00
,06/13/2025 07:30,06/13/2025 19:17,AUDUSD,Buy,0.010,0.63780,0.65160,0.64704,0.65161,-0.0700,0.0000,45.7,4.50,3.23,1748075167,00:11:47:53,89.5,10h 33m,31.9,0.15,45.7,4.57,-6.9,-0.6900000000000001,86.9,100.0,0.00,0.00
,06/12/2025 04:45,06/12/2025 15:43,AUDUSD,Buy,0.010,0.63940,0.65320,0.64855,0.65320,-0.0700,0.0000,46.5,4.58,3.40,1748075164,00:10:58:30,93.4,10h 15m,28.8,0.17,46.5,4.65,-7.7,-0.77,85.8,100.0,0.00,0.00
,06/12/2025 10:45,06/12/2025 15:30,AUDUSD,Buy,0.010,0.63870,0.65250,0.64791,0.65250,-0.0700,0.0000,45.9,4.52,3.48,1748075165,00:04:45:22,99.0,4h 42m,10.5,0.03,45.9,4.59,-1.3,-0.13,97.2,100.0,0.00,0.00
,06/11/2025 15:45,06/12/2025 00:01,AUDUSD,Sell,0.010,0.66290,0.64910,0.65374,0.65108,-0.0700,0.0100,26.6,2.60,2.04,1748075163,00:08:16:19,99.6,8h 14m,18.4,0.04,42.5,4.25,-1.7,-0.17,96.2,64.0,-15.90,-1.59
,06/04/2025 21:00,06/06/2025 00:01,AUDUSD,Sell,0.010,0.65940,0.64560,0.65018,0.65153,-0.0700,0.0100,-13.5,-1.41,-1.09,1748075149,01:03:00:59,47.9,12h 56m,52.1,2.03,17.2,1.72,-34.9,-3.49,33.0,41.1,-30.70,-3.07
,06/04/2025 20:00,06/06/2025 00:01,AUDUSD,Sell,0.010,0.65960,0.64570,0.65035,0.65153,-0.0700,0.0100,-11.8,-1.24,-0.95,1748075148,01:04:01:00,53.2,14h 54m,52.1,1.76,18.9,1.89,-33.2,-3.3200000000000003,36.3,41.1,-30.70,-3.07
,06/04/2025 18:00,06/06/2025 00:01,AUDUSD,Sell,0.010,0.65930,0.64550,0.65005,0.65153,-0.0700,0.0100,-14.8,-1.54,-1.17,1748075147,01:06:01:00,44.1,13h 14m,52.1,2.28,15.9,1.59,-36.2,-3.6200000000000006,30.5,41.1,-30.70,-3.07
,06/02/2025 08:45,06/03/2025 08:26,AUDUSD,Sell,0.010,0.65530,0.64150,0.64611,0.64635,-0.0700,0.0000,-2.4,-0.31,-0.23,1748075131,00:23:40:55,1.8,25m,43.8,5.24,7.4,0.7400000000000001,-38.8,-3.88,16.0,78.8,-9.80,-0.98
,06/02/2025 05:15,06/03/2025 08:26,AUDUSD,Sell,0.010,0.65540,0.64160,0.64619,0.64635,-0.0700,0.0000,-1.6,-0.23,-0.17,1748075130,01:03:10:59,13.2,3h 35m,53.7,2.42,15.7,1.57,-38.0,-3.8000000000000003,29.2,67.8,-17.30,-1.73
,06/02/2025 04:15,06/03/2025 08:26,AUDUSD,Sell,0.010,0.65570,0.64190,0.64651,0.64635,-0.0700,0.0000,1.6,0.09,0.07,1748075129,01:04:11:00,19.8,5h 34m,53.7,1.84,18.9,1.89,-34.8,-3.48,35.2,67.8,-17.30,-1.73
,05/26/2025 18:30,05/26/2025 18:30,AUDUSD,Sell,0.010,0.00000,0.00000,0.65005,0.65003,-0.0700,0.0000,0.2,-0.05,-0.04,1748075128,00:00:00:02,,,,,,,,,,,,
,05/26/2025 17:15,05/26/2025 17:15,AUDUSD,Sell,0.010,0.00000,0.00000,0.65009,0.65008,-0.0700,0.0000,0.1,-0.06,-0.05,1748075127,00:00:00:16,,,,,,,,,,,,
,05/26/2025 16:15,05/26/2025 16:15,AUDUSD,Sell,0.010,0.00000,0.00000,0.65022,0.65021,-0.0700,0.0000,0.1,-0.06,-0.05,1748075126,00:00:00:01,,,,,,,,,,,,
,05/23/2025 19:30,05/26/2025 16:09,AUDUSD,Sell,0.010,0.65720,0.64340,0.64796,0.65010,-0.0700,0.0000,-21.4,-2.21,-1.64,1745759792,02:20:39:51,0.0,0s,56.4,56.50,0.0,0.0,-56.4,-5.640000000000001,0.0,62.1,-21.40,-2.14
,05/23/2025 18:30,05/26/2025 16:09,AUDUSD,Sell,0.010,0.65680,0.64300,0.64756,0.65011,-0.0700,0.0000,-25.5,-2.62,-1.91,1745759791,02:21:39:53,0.3,12m,60.6,303.03,0.2,0.020000000000000004,-60.4,-6.04,0.3,57.6,-25.70,-2.57
,05/23/2025 17:30,05/26/2025 16:09,AUDUSD,Sell,0.010,0.65660,0.64280,0.64739,0.65010,-0.0700,0.0000,-27.1,-2.78,-1.99,1745759790,02:22:39:54,1.0,42m,65.6,17.76,3.5,0.35000000000000003,-62.1,-6.210000000000001,5.3,53.4,-30.60,-3.06
,05/21/2025 18:45,05/22/2025 00:05,AUDUSD,Sell,0.010,0.65580,0.64200,0.64658,0.64413,-0.0700,0.0000,24.5,2.38,1.73,1745759789,00:05:20:50,95.7,5h 7m,14.2,0.08,38.7,3.8700000000000006,-3.0,-0.30000000000000004,92.8,65.9,-14.20,-1.42
,05/13/2025 20:45,05/14/2025 14:21,AUDUSD,Sell,0.010,0.65660,0.64280,0.64740,0.64646,-0.0700,0.0000,9.4,0.87,0.64,1745759780,00:17:36:28,37.5,6h 36m,37.2,2.32,11.2,1.1199999999999999,-26.0,-2.6,30.1,95.2,-1.80,-0.18
,05/13/2025 19:45,05/14/2025 14:21,AUDUSD,Sell,0.010,0.65660,0.64280,0.64737,0.64646,-0.0700,0.0000,9.1,0.84,0.62,1745759779,00:18:36:29,35.0,6h 30m,37.2,2.41,10.9,1.09,-26.3,-2.6300000000000003,29.3,95.2,-1.80,-0.18
,05/13/2025 18:45,05/14/2025 14:21,AUDUSD,Sell,0.010,0.65630,0.64250,0.64706,0.64645,-0.0700,0.0000,6.1,0.54,0.40,1745759778,00:19:36:29,12.4,2h 25m,37.2,3.77,7.8,0.78,-29.4,-2.94,21.0,95.4,-1.70,-0.17
,05/12/2025 20:45,05/13/2025 05:31,AUDUSD,Buy,0.010,0.62700,0.64080,0.63620,0.63786,-0.0700,-0.0100,16.6,1.58,1.18,1745759777,00:08:46:24,89.2,7h 49m,16.3,0.29,16.6,1.6600000000000001,-4.8,-0.48,77.6,100.0,0.00,0.00
,05/12/2025 18:45,05/13/2025 05:31,AUDUSD,Buy,0.010,0.62750,0.64130,0.63667,0.63786,-0.0700,-0.0100,11.9,1.11,0.84,1745759776,00:10:46:25,65.8,7h 5m,16.3,0.80,11.9,1.1900000000000002,-9.5,-0.9500000000000001,55.6,100.0,0.00,0.00
,05/09/2025 13:30,05/12/2025 04:06,AUDUSD,Buy,0.010,0.63020,0.64400,0.63939,0.64321,-0.0700,-0.0100,38.2,3.74,2.90,1745759775,02:14:36:20,100.0,2d 14h ,18.6,0.03,38.2,3.8200000000000003,0.0,0.0,100.0,100.0,0.00,0.00
,05/08/2025 18:00,05/09/2025 10:36,AUDUSD,Buy,0.010,0.63190,0.64570,0.64110,0.64106,-0.0700,-0.0100,-0.4,-0.12,-0.09,1745759770,00:16:35:48,6.1,1h 0m,45.3,3.31,10.5,1.05,-34.8,-3.48,23.2,75.9,-10.90,-1.09
,05/08/2025 13:15,05/09/2025 10:36,AUDUSD,Buy,0.010,0.63200,0.64580,0.64120,0.64106,-0.0700,-0.0100,-1.4,-0.22,-0.17,1745759769,00:21:21:07,25.3,5h 24m,55.9,1.78,20.1,2.0100000000000002,-35.8,-3.58,36.0,61.5,-21.50,-2.15
,05/08/2025 09:45,05/09/2025 10:36,AUDUSD,Buy,0.010,0.63210,0.64590,0.64131,0.64106,-0.0700,-0.0100,-2.5,-0.33,-0.25,1745759768,01:00:50:58,30.9,7h 40m,55.9,1.94,19.0,1.9000000000000001,-36.9,-3.69,34.0,61.5,-21.50,-2.15
,05/06/2025 23:00,05/07/2025 05:15,AUDUSD,Sell,0.010,0.65900,0.64520,0.64978,0.64826,-0.0700,0.0000,15.2,1.45,1.13,1745759764,00:06:15:39,50.0,3h 7m,26.0,1.10,15.2,1.52,-16.7,-1.67,47.6,100.0,0.00,0.00
,05/06/2025 22:00,05/07/2025 05:15,AUDUSD,Sell,0.010,0.65890,0.64510,0.64970,0.64826,-0.0700,0.0000,14.4,1.37,1.08,1745759763,00:07:15:39,45.2,3h 16m,26.0,1.22,14.4,1.4400000000000002,-17.5,-1.75,45.1,100.0,0.00,0.00
,05/06/2025 20:15,05/07/2025 05:15,AUDUSD,Sell,0.010,0.65900,0.64520,0.64977,0.64823,-0.0700,0.0000,15.4,1.47,1.17,1745759762,00:09:00:37,60.2,5h 25m,29.0,1.09,15.4,1.54,-16.8,-1.6800000000000002,47.8,100.0,0.00,0.00
,05/05/2025 22:15,05/05/2025 22:15,AUDUSD,Sell,0.010,0.00000,0.00000,0.64710,0.64709,-0.0700,0.0000,0.1,-0.06,-0.05,1745759761,00:00:00:03,,,,,,,,,,,,
,05/05/2025 08:15,05/05/2025 20:40,AUDUSD,Sell,0.010,0.65740,0.64360,0.64819,0.64631,-0.0700,0.0000,18.8,1.81,1.47,1745759750,00:12:25:20,55.8,6h 55m,28.3,0.58,19.2,1.92,-11.1,-1.11,63.4,98.7,-0.40,-0.04
,05/05/2025 05:45,05/05/2025 20:40,AUDUSD,Sell,0.010,0.65630,0.64250,0.64711,0.64631,-0.0700,0.0000,8.0,0.73,0.59,1745759749,00:14:55:18,34.5,5h 8m,32.7,2.03,10.8,1.08,-21.9,-2.19,33.0,91.4,-2.80,-0.28
,05/05/2025 04:30,05/05/2025 20:40,AUDUSD,Sell,0.010,0.65690,0.64310,0.64770,0.64632,-0.0700,0.0000,13.8,1.31,1.08,1745759748,00:16:10:19,56.1,9h 4m,32.7,0.96,16.7,1.67,-16.0,-1.6,51.1,91.1,-2.90,-0.29
,05/02/2025 18:15,05/05/2025 03:06,AUDUSD,Sell,0.010,0.65540,0.64160,0.64619,0.64383,-0.0700,0.0000,23.6,2.29,1.92,1745759746,02:08:51:49,100.0,2d 8h ,17.6,0.04,23.6,2.3600000000000003,0.0,0.0,100.0,100.0,0.00,0.00
,05/02/2025 17:15,05/05/2025 03:06,AUDUSD,Sell,0.010,0.65520,0.64140,0.64599,0.64384,-0.0700,0.0000,21.5,2.08,1.78,1745759745,02:09:51:54,98.5,2d 8h ,17.6,0.42,21.5,2.15,-9.0,-0.9,70.5,100.0,0.00,0.00
,05/02/2025 16:15,05/05/2025 03:06,AUDUSD,Sell,0.010,0.65420,0.64040,0.64499,0.64384,-0.0700,0.0000,11.5,1.08,0.93,1745759744,02:10:51:56,92.2,2d 6h ,19.6,1.70,11.5,1.1500000000000001,-19.6,-1.9600000000000002,37.0,100.0,0.00,0.00
,04/30/2025 15:45,04/30/2025 20:29,AUDUSD,Buy,0.010,0.62790,0.64170,0.63714,0.64028,-0.0700,0.0000,31.4,3.07,2.72,1745759743,00:04:44:15,78.6,3h 43m,21.3,0.47,31.4,3.14,-14.7,-1.47,68.1,100.0,0.00,0.00
,04/29/2025 05:15,04/29/2025 13:54,AUDUSD,Sell,0.010,0.65410,0.64030,0.64485,0.64028,-0.0700,0.0000,45.7,4.50,4.15,1745759742,00:08:39:56,100.0,8h 39m,21.5,0.02,45.9,4.59,0.0,0.0,100.0,99.6,-0.20,-0.02
,04/24/2025 09:00,04/24/2025 13:11,AUDUSD,Buy,0.010,0.62560,0.63940,0.63478,0.63889,-0.0700,0.0000,41.1,4.04,3.87,1742720272,00:04:11:06,100.0,4h 11m,12.1,0.02,41.4,4.14,0.0,0.0,100.0,99.3,-0.30,-0.03
,04/23/2025 22:45,04/24/2025 13:11,AUDUSD,Buy,0.010,0.62660,0.64040,0.63579,0.63889,-0.0700,-0.0300,31.0,3.00,2.96,1742720271,00:14:26:05,85.0,12h 16m,21.5,0.33,31.0,3.1,-10.1,-1.01,75.4,100.0,0.00,0.00
,04/23/2025 01:30,04/23/2025 04:01,AUDUSD,Buy,0.010,0.62600,0.63980,0.63520,0.63982,-0.0700,0.0000,46.2,4.55,4.70,1742720270,00:02:31:05,98.7,2h 29m,7.6,0.03,49.1,4.91,-1.6,-0.16000000000000003,96.8,94.3,-2.90,-0.29
,04/22/2025 08:30,04/22/2025 12:06,AUDUSD,Sell,0.010,0.65300,0.63920,0.64382,0.64068,-0.0700,0.0000,31.4,3.07,3.28,1742720269,00:03:36:31,100.0,3h 36m,16.8,0.03,31.4,3.14,0.0,0.0,100.0,100.0,0.00,0.00
,04/21/2025 23:30,04/21/2025 23:30,AUDUSD,Sell,0.010,0.00000,0.00000,0.64168,0.64172,-0.0700,0.0000,-0.4,-0.11,-0.12,1742720268,00:00:00:01,,,,,,,,,,,,
,04/21/2025 22:30,04/21/2025 22:30,AUDUSD,Sell,0.010,0.00000,0.00000,0.64156,0.64159,-0.0700,0.0000,-0.3,-0.10,-0.11,1742720267,00:00:00:02,,,,,,,,,,,,
,04/21/2025 21:30,04/21/2025 21:30,AUDUSD,Sell,0.010,0.00000,0.00000,0.64085,0.64088,-0.0700,0.0000,-0.3,-0.10,-0.11,1742720266,00:00:00:01,,,,,,,,,,,,
,04/21/2025 20:30,04/21/2025 20:30,AUDUSD,Sell,0.010,0.00000,0.00000,0.64056,0.64059,-0.0700,0.0000,-0.3,-0.10,-0.11,1742720265,00:00:00:03,,,,,,,,,,,,
,04/21/2025 19:30,04/21/2025 19:30,AUDUSD,Sell,0.010,0.00000,0.00000,0.64119,0.64126,-0.0700,0.0000,-0.7,-0.14,-0.15,1742720264,00:00:00:03,,,,,,,,,,,,
,04/21/2025 18:30,04/21/2025 18:30,AUDUSD,Sell,0.010,0.00000,0.00000,0.64143,0.64146,-0.0700,0.0000,-0.3,-0.10,-0.11,1742720263,00:00:00:00,,,,,,,,,,,,
,04/21/2025 06:30,04/21/2025 18:08,AUDUSD,Sell,0.010,0.65000,0.63620,0.64078,0.64143,-0.0700,0.0000,-6.5,-0.72,-0.76,1742720251,00:11:37:59,0.0,0s,29.3,29.33,0.0,0.0,-29.3,-2.93,0.0,77.8,-6.50,-0.65
,04/21/2025 05:30,04/21/2025 18:08,AUDUSD,Sell,0.010,0.64930,0.63550,0.64005,0.64143,-0.0700,0.0000,-13.8,-1.45,-1.50,1742720250,00:12:38:00,4.5,34m,42.4,6.31,5.8,0.58,-36.6,-3.66,13.7,53.8,-19.60,-1.96
,04/21/2025 03:15,04/21/2025 18:08,AUDUSD,Sell,0.010,0.64880,0.63500,0.63961,0.64143,-0.0700,0.0000,-18.2,-1.89,-1.92,1742720249,00:14:53:00,14.0,2h 5m,52.3,3.63,11.3,1.1300000000000001,-41.0,-4.1000000000000005,21.6,43.6,-29.50,-2.95
,04/17/2025 22:45,04/18/2025 05:47,AUDUSD,Sell,0.010,0.64840,0.63460,0.63920,0.63782,-0.0700,0.0000,13.8,1.31,1.35,1742720248,00:07:02:23,89.4,6h 17m,17.2,0.12,16.0,1.6,-1.9,-0.19,89.4,87.7,-2.20,-0.22
,04/17/2025 21:45,04/18/2025 05:47,AUDUSD,Sell,0.010,0.64840,0.63460,0.63919,0.63782,-0.0700,0.0000,13.7,1.30,1.36,1742720247,00:08:02:22,88.8,7h 8m,17.2,0.13,15.9,1.59,-2.0,-0.2,88.8,87.7,-2.20,-0.22
,04/16/2025 20:30,04/16/2025 20:58,AUDUSD,Sell,0.010,0.64760,0.63380,0.63842,0.63585,-0.0700,0.0000,25.7,2.50,2.68,1742720246,00:00:28:10,100.0,28m,4.1,0.04,25.7,2.5700000000000003,0.0,0.0,100.0,100.0,0.00,0.00
,04/16/2025 19:30,04/16/2025 20:58,AUDUSD,Sell,0.010,0.64760,0.63380,0.63840,0.63585,-0.0700,0.0000,25.5,2.48,2.73,1742720245,00:01:28:11,56.9,50m,6.6,0.22,25.5,2.5500000000000003,-5.6,-0.5599999999999999,82.0,100.0,0.00,0.00
,04/16/2025 18:30,04/16/2025 20:58,AUDUSD,Sell,0.010,0.64780,0.63400,0.63864,0.63585,-0.0700,0.0000,27.9,2.72,3.09,1742720244,00:02:28:11,68.5,1h 41m,7.5,0.15,27.9,2.79,-4.3,-0.43,86.6,100.0,0.00,0.00
,04/14/2025 22:15,04/16/2025 00:06,AUDUSD,Sell,0.010,0.64300,0.62920,0.63375,0.63504,-0.0700,0.0000,-12.9,-1.36,-1.52,1742720224,01:01:51:24,23.0,5h 56m,63.4,2.11,20.4,2.04,-43.0,-4.3,32.2,47.5,-33.30,-3.33
,04/14/2025 21:15,04/16/2025 00:06,AUDUSD,Sell,0.010,0.64190,0.62810,0.63267,0.63504,-0.0700,0.0000,-23.7,-2.44,-2.65,1742720223,01:02:51:25,15.0,4h 1m,63.4,5.61,9.6,0.96,-53.8,-5.38,15.1,47.5,-33.30,-3.33
,04/14/2025 20:15,04/16/2025 00:06,AUDUSD,Sell,0.010,0.64120,0.62740,0.63201,0.63504,-0.0700,0.0000,-30.3,-3.10,-3.26,1742720222,01:03:51:29,2.7,45m,63.4,20.16,3.0,0.30000000000000004,-60.4,-6.04,4.7,47.5,-33.30,-3.33
,04/14/2025 19:15,04/14/2025 19:15,AUDUSD,Sell,0.010,0.00000,0.00000,0.63151,0.63149,-0.0700,0.0000,0.2,-0.05,-0.05,1742720221,00:00:00:02,,,,,,,,,,,,
,04/14/2025 18:15,04/14/2025 18:15,AUDUSD,Sell,0.010,0.00000,0.00000,0.63212,0.63212,-0.0700,0.0000,0.0,-0.07,-0.07,1742720220,00:00:00:00,,,,,,,,,,,,
,04/14/2025 17:15,04/14/2025 17:15,AUDUSD,Sell,0.010,0.00000,0.00000,0.63041,0.63047,-0.0700,0.0000,-0.6,-0.13,-0.14,1742720219,00:00:00:01,,,,,,,,,,,,
,04/11/2025 20:45,04/14/2025 16:00,AUDUSD,Sell,0.010,0.63630,0.62250,0.62713,0.62940,-0.0700,0.0000,-22.7,-2.34,-2.40,1742720203,02:19:15:10,0.2,8m,73.1,33.90,2.1,0.21000000000000002,-71.0,-7.1000000000000005,2.9,66.1,-24.80,-2.48
,04/11/2025 19:45,04/14/2025 16:00,AUDUSD,Sell,0.010,0.63480,0.62100,0.62558,0.62941,-0.0700,0.0000,-38.3,-3.90,-3.84,1742720202,02:20:15:10,0.9,36m,91.7,16.64,5.2,0.52,-86.5,-8.65,5.7,52.6,-43.50,-4.35
,04/11/2025 15:45,04/14/2025 16:00,AUDUSD,Sell,0.010,0.63470,0.62090,0.62552,0.62944,-0.0700,0.0000,-39.2,-3.99,-3.78,1742720200,03:00:15:09,5.5,3h 58m,117.2,2.89,30.1,3.0100000000000002,-87.1,-8.709999999999999,25.7,40.9,-69.30,-6.93
,04/11/2025 16:45,04/11/2025 17:22,AUDUSD,Sell,0.010,0.63620,0.62240,0.62697,0.62239,-0.0700,0.0000,45.8,4.51,4.47,1742720201,00:00:37:33,97.3,36m,14.8,0.07,45.8,4.58,-3.2,-0.32000000000000006,93.5,100.0,0.00,0.00
,04/10/2025 14:15,04/11/2025 08:00,AUDUSD,Sell,0.010,0.62690,0.61310,0.61774,0.61947,-0.0700,0.0000,-17.3,-1.80,-1.75,1742720189,00:17:45:03,1.0,10m,82.4,21.93,3.6,0.36000000000000004,-78.8,-7.88,4.4,74.6,-20.90,-2.09
,04/10/2025 13:15,04/11/2025 08:00,AUDUSD,Sell,0.010,0.62720,0.61340,0.61797,0.61946,-0.0700,0.0000,-14.9,-1.56,-1.50,1742720188,00:18:45:04,4.5,50m,82.4,12.97,5.9,0.5900000000000001,-76.5,-7.65,7.2,74.8,-20.80,-2.08
,04/10/2025 07:30,04/11/2025 08:00,AUDUSD,Sell,0.010,0.62700,0.61320,0.61782,0.61946,-0.0700,0.0000,-16.4,-1.71,-1.61,1742720185,01:00:30:04,13.9,3h 24m,119.0,1.90,41.0,4.1000000000000005,-78.0,-7.800000000000001,34.5,51.8,-57.40,-5.74
,04/10/2025 08:30,04/10/2025 11:24,AUDUSD,Sell,0.010,0.62810,0.61430,0.61885,0.61430,-0.0700,0.0000,45.5,4.48,4.41,1742720186,00:02:54:39,55.8,1h 37m,22.0,0.30,46.9,4.69,-14.2,-1.42,76.8,97.7,-1.40,-0.14
,04/10/2025 09:30,04/10/2025 10:33,AUDUSD,Sell,0.010,0.62910,0.61530,0.61985,0.61529,-0.0700,0.0000,45.6,4.49,4.63,1742720187,00:01:03:00,100.0,1h 3m,15.2,0.02,45.6,4.5600000000000005,0.0,0.0,100.0,100.0,0.00,0.00
,04/09/2025 02:30,04/09/2025 04:35,AUDUSD,Buy,0.010,0.58490,0.59870,0.59408,0.59870,-0.0700,0.0000,46.2,4.55,4.92,1742720184,00:02:05:50,73.1,1h 31m,33.4,0.41,46.2,4.62,-18.9,-1.89,71.0,100.0,0.00,0.00
,04/07/2025 18:30,04/08/2025 03:41,AUDUSD,Buy,0.010,0.58780,0.60160,0.59696,0.60160,-0.0700,-0.0400,46.4,4.53,5.15,1742720183,00:09:11:22,88.1,8h 5m,48.3,0.48,46.4,4.64,-22.5,-2.25,67.3,100.0,0.00,0.00
,04/04/2025 19:45,04/07/2025 08:18,AUDUSD,Buy,0.010,0.59270,0.60650,0.60190,0.60316,-0.0700,-0.0100,12.6,1.18,1.36,1742720181,02:12:33:42,4.1,2h 28m,95.6,2.79,28.2,2.8200000000000003,-78.6,-7.859999999999999,26.4,85.4,-15.60,-1.56
,04/04/2025 17:00,04/04/2025 20:11,AUDUSD,Buy,0.010,0.59920,0.61300,0.60841,0.59920,-0.0700,0.0000,-92.1,-9.28,-9.66,1742720180,00:03:11:15,8.4,16m,101.0,10.35,8.9,0.8900000000000001,-92.1,-9.209999999999999,8.8,0.0,-101.00,-10.10
,04/04/2025 14:45,04/04/2025 19:47,AUDUSD,Buy,0.010,0.60070,0.61450,0.60986,0.60070,-0.0700,0.0000,-91.6,-9.23,-8.76,1742720179,00:05:02:07,35.4,1h 46m,130.4,2.48,37.5,3.75,-92.9,-9.290000000000001,28.8,1.0,-129.10,-12.91
,04/04/2025 12:45,04/04/2025 14:20,AUDUSD,Buy,0.010,0.61100,0.62480,0.62015,0.61090,-0.0700,0.0000,-92.5,-9.32,-8.13,1742720178,00:01:35:29,10.5,10m,97.6,18.15,5.1,0.51,-92.5,-9.25,5.2,0.0,-97.60,-9.76
,04/04/2025 10:45,04/04/2025 14:12,AUDUSD,Buy,0.010,0.61270,0.62650,0.62192,0.61267,-0.0700,0.0000,-92.5,-9.32,-7.52,1742720177,00:03:27:48,0.0,0s,101.8,102.04,0.0,0.0,-101.8,-10.18,0.0,9.1,-92.50,-9.25
,04/03/2025 12:45,04/04/2025 05:24,AUDUSD,Sell,0.010,0.64350,0.62970,0.63434,0.62968,-0.0700,0.0000,46.6,4.59,3.84,1742720168,00:16:39:48,60.5,10h 4m,50.3,0.90,48.1,4.8100000000000005,-43.3,-4.33,52.6,98.4,-1.50,-0.15
,04/03/2025 13:45,04/04/2025 05:24,AUDUSD,Sell,0.010,0.64360,0.62980,0.63439,0.62979,-0.0700,0.0000,46.0,4.53,3.94,1742720169,00:15:39:11,62.6,9h 47m,50.3,0.88,48.6,4.86,-42.8,-4.28,53.2,97.2,-2.60,-0.26
,04/03/2025 14:45,04/04/2025 05:03,AUDUSD,Sell,0.010,0.64440,0.63060,0.63523,0.63060,-0.0700,0.0000,46.3,4.56,4.13,1742720170,00:14:18:40,70.9,10h 8m,39.3,0.74,46.4,4.64,-34.4,-3.44,57.4,99.9,-0.10,-0.01
,04/02/2025 23:15,04/02/2025 23:15,AUDUSD,Sell,0.010,0.00000,0.00000,0.63276,0.63278,-0.0700,0.0000,-0.2,-0.09,-0.08,1742720167,00:00:00:00,,,,,,,,,,,,
,04/02/2025 13:00,04/02/2025 21:06,AUDUSD,Sell,0.010,0.64050,0.62670,0.63132,0.62921,-0.0700,0.0000,21.1,2.04,1.88,1742720166,00:08:06:28,100.0,8h 6m,13.5,0.05,21.1,2.1100000000000003,0.0,0.0,100.0,100.0,0.00,0.00
,03/31/2025 10:30,04/02/2025 05:00,AUDUSD,Buy,0.010,0.61850,0.63230,0.62774,0.62910,-0.0700,-0.0200,13.6,1.27,1.19,1742720162,01:18:30:02,12.8,5h 26m,56.9,4.18,13.6,1.36,-56.9,-5.69,19.3,100.0,0.00,0.00
,03/31/2025 07:15,04/02/2025 05:00,AUDUSD,Buy,0.010,0.61850,0.63230,0.62766,0.62912,-0.0700,-0.0200,14.6,1.37,1.30,1742720161,01:21:45:03,20.4,9h 19m,67.8,3.84,14.6,1.46,-56.1,-5.61,20.7,100.0,0.00,0.00
,03/31/2025 01:15,04/02/2025 05:00,AUDUSD,Buy,0.010,0.61840,0.63220,0.62764,0.62910,-0.0700,-0.0200,14.6,1.37,1.31,1742720160,02:03:45:01,28.9,14h 57m,78.8,2.44,22.9,2.29,-55.9,-5.59,29.1,89.5,-8.30,-0.83
,03/26/2025 14:45,03/26/2025 20:15,AUDUSD,Sell,0.010,0.64190,0.62810,0.63268,0.62990,-0.0700,0.0000,27.8,2.71,2.67,1742720159,00:05:30:24,100.0,5h 30m,9.6,0.04,27.9,2.79,0.0,0.0,100.0,99.6,-0.10,-0.01
,03/26/2025 13:45,03/26/2025 20:15,AUDUSD,Sell,0.010,0.64200,0.62820,0.63278,0.62990,-0.0700,0.0000,28.8,2.81,2.84,1742720158,00:06:30:26,96.2,6h 15m,9.6,0.03,28.9,2.89,-1.0,-0.1,96.7,99.7,-0.10,-0.01
,03/26/2025 12:45,03/26/2025 20:15,AUDUSD,Sell,0.010,0.64210,0.62830,0.63287,0.62989,-0.0700,0.0000,29.8,2.91,3.03,1742720157,00:07:30:40,98.1,7h 22m,9.6,0.05,29.8,2.9800000000000004,-1.6,-0.16000000000000003,94.9,100.0,0.00,0.00
,03/21/2025 18:45,03/24/2025 13:05,AUDUSD,Buy,0.010,0.61760,0.63140,0.62682,0.62998,-0.0700,-0.0400,31.6,3.05,3.28,1739692101,02:18:20:28,99.2,2d 17h ,8.5,0.27,31.9,3.19,-8.5,-0.8500000000000001,79.0,99.3,-0.30,-0.03
,03/20/2025 16:00,03/21/2025 03:46,AUDUSD,Buy,0.010,0.61940,0.63320,0.62856,0.63062,-0.0700,-0.0400,20.6,1.95,2.15,1739692100,00:11:46:54,89.6,10h 33m,14.1,0.62,20.7,2.07,-12.8,-1.2800000000000002,61.8,99.7,-0.10,-0.01
,03/20/2025 13:30,03/21/2025 03:46,AUDUSD,Buy,0.010,0.61940,0.63320,0.62864,0.63062,-0.0700,-0.0400,19.8,1.87,2.10,1739692099,00:14:16:52,85.9,12h 16m,18.0,0.68,19.9,1.99,-13.6,-1.36,59.4,99.7,-0.10,-0.01
,03/20/2025 11:30,03/21/2025 03:46,AUDUSD,Buy,0.010,0.62200,0.63580,0.63118,0.63062,-0.0700,-0.0400,-5.6,-0.67,-0.75,1739692098,00:16:16:53,0.6,5m,40.8,17.57,2.2,0.22000000000000003,-38.6,-3.8600000000000003,5.4,80.9,-7.80,-0.78
,03/17/2025 11:15,03/18/2025 09:25,AUDUSD,Sell,0.010,0.64320,0.62940,0.63404,0.63668,-0.0700,-0.0300,-26.4,-2.74,-2.96,1739692085,00:22:10:37,2.7,35m,53.0,17.95,2.8,0.27999999999999997,-50.2,-5.0200000000000005,5.3,44.9,-29.20,-2.92
,03/17/2025 10:15,03/18/2025 09:25,AUDUSD,Sell,0.010,0.64290,0.62910,0.63370,0.63668,-0.0700,-0.0300,-29.8,-3.08,-3.22,1739692084,00:23:10:38,1.8,25m,59.0,9.93,5.4,0.54,-53.6,-5.36,9.2,40.3,-35.20,-3.52
,03/17/2025 04:30,03/18/2025 09:25,AUDUSD,Sell,0.010,0.64270,0.62890,0.63354,0.63670,-0.0700,-0.0300,-31.6,-3.26,-3.30,1739692083,01:04:55:38,19.1,5h 31m,67.2,4.60,12.0,1.2000000000000002,-55.2,-5.5200000000000005,17.9,35.1,-43.60,-4.36
,03/11/2025 04:15,03/11/2025 10:49,AUDUSD,Buy,0.010,0.61710,0.63090,0.62630,0.62886,-0.0700,0.0000,25.6,2.49,2.59,1739692082,00:06:34:43,100.0,6h 34m,23.3,0.04,28.1,2.8100000000000005,0.0,0.0,100.0,91.1,-2.50,-0.25
,03/10/2025 21:45,03/11/2025 10:49,AUDUSD,Buy,0.010,0.61820,0.63200,0.62742,0.62886,-0.0700,-0.0400,14.4,1.33,1.40,1739692081,00:13:04:42,64.8,8h 28m,24.0,0.78,16.9,1.69,-13.2,-1.32,56.1,91.7,-2.50,-0.25
,03/06/2025 19:15,03/07/2025 04:06,AUDUSD,Sell,0.010,0.64380,0.63000,0.63460,0.63134,-0.0700,-0.0300,32.6,3.16,3.44,1739692079,00:08:51:18,99.5,8h 48m,14.2,0.03,33.3,3.33,-1.1,-0.11000000000000001,96.8,98.0,-0.70,-0.07
,03/06/2025 18:15,03/07/2025 04:06,AUDUSD,Sell,0.010,0.64490,0.63110,0.63572,0.63134,-0.0700,-0.0300,43.8,4.28,4.89,1739692078,00:09:51:19,98.2,9h 40m,14.2,0.06,44.5,4.45,-2.6,-0.26,94.5,98.5,-0.70,-0.07
,03/06/2025 17:15,03/07/2025 04:06,AUDUSD,Sell,0.010,0.64450,0.63070,0.63530,0.63135,-0.0700,-0.0300,39.5,3.85,4.60,1739692077,00:10:51:22,94.1,10h 12m,17.4,0.17,40.3,4.03,-6.8,-0.68,85.6,98.3,-0.80,-0.08
,03/05/2025 10:30,03/06/2025 13:01,AUDUSD,Sell,0.010,0.63650,0.62270,0.62728,0.63242,-0.0700,-0.0900,-51.4,-5.30,-5.96,1739692057,01:02:31:49,0.0,0s,82.0,82.64,0.0,0.0,-82.0,-8.200000000000001,0.0,37.3,-51.40,-5.14
,03/05/2025 09:30,03/06/2025 13:01,AUDUSD,Sell,0.010,0.63680,0.62300,0.62761,0.63242,-0.0700,-0.0900,-48.1,-4.97,-5.29,1739692056,01:03:31:49,3.1,51m,86.3,10.36,7.6,0.76,-78.7,-7.870000000000001,8.8,35.5,-55.70,-5.57
,03/05/2025 01:15,03/06/2025 13:01,AUDUSD,Sell,0.010,0.63710,0.62330,0.62785,0.63242,-0.0700,-0.0900,-45.7,-4.73,-4.79,1739692055,01:11:46:49,27.5,9h 50m,117.7,1.84,41.4,4.14,-76.3,-7.63,35.2,26.0,-87.10,-8.71
,03/04/2025 18:30,03/04/2025 22:00,AUDUSD,Buy,0.010,0.61090,0.62470,0.62005,0.62470,-0.0700,0.0000,46.5,4.58,4.87,1739692054,00:03:30:16,100.0,3h 30m,8.6,0.02,47.3,4.7299999999999995,0.0,0.0,100.0,98.3,-0.80,-0.08
,03/04/2025 06:15,03/04/2025 13:47,AUDUSD,Buy,0.010,0.61040,0.62420,0.61960,0.62302,-0.0700,0.0000,34.2,3.35,3.69,1739692053,00:07:32:26,93.9,7h 4m,14.2,0.20,34.2,3.4200000000000004,-7.0,-0.7000000000000001,83.0,100.0,0.00,0.00
,03/04/2025 04:15,03/04/2025 13:47,AUDUSD,Buy,0.010,0.61120,0.62500,0.62035,0.62302,-0.0700,0.0000,26.7,2.60,2.95,1739692052,00:09:32:28,67.8,6h 28m,21.2,0.54,26.7,2.67,-14.5,-1.4500000000000002,64.8,100.0,0.00,0.00
,02/28/2025 06:15,03/03/2025 04:11,AUDUSD,Buy,0.010,0.61190,0.62570,0.62106,0.62304,-0.0700,-0.0400,19.8,1.87,2.17,1739692046,02:21:56:31,,,,,,,,,,,,
,02/28/2025 04:15,03/03/2025 04:11,AUDUSD,Buy,0.010,0.61270,0.62650,0.62194,0.62305,-0.0700,-0.0400,11.1,1.00,1.17,1739692045,02:23:56:33,,,,,,,,,,,,
,02/28/2025 02:15,03/03/2025 04:11,AUDUSD,Buy,0.010,0.61380,0.62760,0.62296,0.62305,-0.0700,-0.0400,0.9,-0.02,-0.02,1739692044,03:01:56:34,,,,,,,,,,,,
,02/26/2025 14:30,02/28/2025 03:54,AUDUSD,Buy,0.010,0.62220,0.63600,0.63138,0.62220,-0.0700,-0.1600,-91.8,-9.41,-9.94,1739692034,01:13:24:46,8.3,3h 6m,107.3,5.97,15.4,1.54,-91.9,-9.190000000000001,14.4,0.1,-107.20,-10.72
,02/26/2025 12:30,02/28/2025 02:11,AUDUSD,Buy,0.010,0.62300,0.63680,0.63224,0.62300,-0.0700,-0.1600,-92.4,-9.47,-9.09,1739692033,01:13:41:43,1.8,40m,99.3,13.61,6.8,0.68,-92.5,-9.25,6.8,0.1,-99.20,-9.92
,02/26/2025 08:15,02/28/2025 02:11,AUDUSD,Buy,0.010,0.62300,0.63680,0.63224,0.62300,-0.0700,-0.1600,-92.4,-9.47,-8.33,1739692032,01:17:56:43,11.0,4h 36m,106.0,6.85,13.5,1.35,-92.5,-9.25,12.7,0.1,-105.90,-10.59
,02/25/2025 13:00,02/26/2025 01:01,AUDUSD,Buy,0.010,0.62340,0.63720,0.63264,0.63473,-0.0700,-0.0400,20.9,1.98,1.77,1739692031,00:12:01:02,98.7,11h 51m,27.6,0.14,24.3,2.43,-3.3,-0.33,88.0,87.7,-3.40,-0.34
,02/20/2025 12:15,02/21/2025 07:46,AUDUSD,Sell,0.010,0.64680,0.63300,0.63764,0.63910,-0.0700,0.0100,-14.6,-1.52,-1.34,1739692017,00:19:31:41,11.6,2h 15m,39.5,3.94,8.0,0.8,-31.5,-3.1500000000000004,20.3,42.8,-22.60,-2.26
,02/20/2025 11:15,02/21/2025 07:46,AUDUSD,Sell,0.010,0.64690,0.63310,0.63768,0.63910,-0.0700,0.0100,-14.2,-1.48,-1.29,1739692016,00:20:31:43,15.1,3h 5m,39.5,3.70,8.4,0.8400000000000001,-31.1,-3.1100000000000003,21.3,42.8,-22.60,-2.26
,02/20/2025 10:15,02/21/2025 07:46,AUDUSD,Sell,0.010,0.64710,0.63330,0.63787,0.63910,-0.0700,0.0100,-12.3,-1.29,-1.11,1739692015,00:21:31:49,24.4,5h 15m,39.5,2.84,10.3,1.03,-29.2,-2.92,26.1,42.8,-22.60,-2.26
,02/17/2025 08:15,02/18/2025 00:08,AUDUSD,Sell,0.010,0.64620,0.63240,0.63699,0.63572,-0.0700,0.0100,12.7,1.21,1.05,1739692013,00:15:53:31,98.5,15h 39m,11.4,0.14,16.7,1.67,-2.3,-0.22999999999999998,87.9,78.9,-4.00,-0.40
,02/17/2025 07:15,02/18/2025 00:08,AUDUSD,Sell,0.010,0.64630,0.63250,0.63712,0.63572,-0.0700,0.0100,14.0,1.34,1.18,1739692012,00:16:53:36,98.1,16h 34m,11.4,0.17,18.0,1.8,-3.0,-0.30000000000000004,85.7,81.0,-4.00,-0.40
,02/17/2025 04:00,02/18/2025 00:08,AUDUSD,Sell,0.010,0.64610,0.63230,0.63686,0.63572,-0.0700,0.0100,11.4,1.08,0.96,1739692011,00:20:08:36,92.6,18h 39m,14.4,0.36,15.4,1.54,-5.6,-0.5599999999999999,73.3,81.0,-4.00,-0.40
,02/14/2025 03:45,02/17/2025 00:05,AUDUSD,Sell,0.010,0.64160,0.62780,0.63244,0.63506,-0.0700,0.0100,-26.2,-2.68,-2.33,1736085662,02:20:20:07,7.0,4h 47m,49.4,5.34,7.8,0.78,-41.6,-4.16,15.8,31.2,-34.00,-3.40
,02/13/2025 23:30,02/17/2025 00:05,AUDUSD,Sell,0.010,0.64080,0.62700,0.63161,0.63506,-0.0700,0.0200,-34.5,-3.50,-2.95,1736085661,03:00:35:08,2.6,1h 53m,55.9,8.32,6.0,0.6000000000000001,-49.9,-4.99,10.7,27.5,-40.50,-4.05
,02/13/2025 22:30,02/17/2025 00:05,AUDUSD,Sell,0.010,0.64070,0.62690,0.63148,0.63506,-0.0700,0.0200,-35.8,-3.63,-2.97,1736085660,03:01:35:08,1.7,1h 15m,55.9,10.91,4.7,0.47000000000000003,-51.2,-5.120000000000001,8.4,27.5,-40.50,-4.05
,02/12/2025 20:00,02/13/2025 13:47,AUDUSD,Sell,0.010,0.63950,0.62570,0.63034,0.62635,-0.0700,0.0200,39.9,3.94,3.33,1736085659,00:17:47:36,100.0,17h 47m,23.6,0.02,41.9,4.19,0.0,0.0,100.0,95.2,-2.00,-0.20
,02/12/2025 15:45,02/12/2025 19:13,AUDUSD,Buy,0.010,0.61560,0.62940,0.62476,0.62940,-0.0700,0.0000,46.4,4.57,4.02,1736085658,00:03:28:56,81.4,2h 50m,14.3,0.23,46.6,4.66,-10.8,-1.08,81.2,99.7,-0.20,-0.02
,02/12/2025 05:15,02/12/2025 12:09,AUDUSD,Sell,0.010,0.63970,0.62590,0.63050,0.62762,-0.0700,0.0000,28.8,2.81,2.54,1736085657,00:06:54:05,99.8,6h 53m,5.7,0.01,30.1,3.0100000000000002,-0.4,-0.04000000000000001,98.7,95.7,-1.30,-0.13
,02/12/2025 04:15,02/12/2025 12:09,AUDUSD,Sell,0.010,0.63950,0.62570,0.63032,0.62762,-0.0700,0.0000,27.0,2.63,2.43,1736085656,00:07:54:06,87.6,6h 55m,6.8,0.20,28.3,2.83,-5.8,-0.58,83.0,96.2,-1.30,-0.13
,02/05/2025 11:30,02/06/2025 04:13,AUDUSD,Sell,0.010,0.63740,0.62360,0.62823,0.62788,-0.0700,0.0200,3.5,0.30,0.28,1736085642,00:16:43:41,24.0,4h 0m,21.0,2.00,7.0,0.7000000000000001,-14.0,-1.4000000000000001,33.3,83.3,-3.50,-0.35
,02/05/2025 10:30,02/06/2025 04:13,AUDUSD,Sell,0.010,0.63680,0.62300,0.62756,0.62788,-0.0700,0.0200,-3.2,-0.37,-0.34,1736085641,00:17:43:42,1.0,10m,23.6,7.14,2.9,0.29,-20.7,-2.07,12.3,74.2,-6.10,-0.61
,02/05/2025 09:30,02/06/2025 04:13,AUDUSD,Sell,0.010,0.63610,0.62230,0.62686,0.62788,-0.0700,0.0200,-10.2,-1.07,-0.98,1736085640,00:18:43:42,0.5,5m,28.8,25.19,1.1,0.11000000000000001,-27.7,-2.77,3.8,60.8,-11.30,-1.13
,02/03/2025 17:00,02/03/2025 17:24,AUDUSD,Buy,0.010,0.60530,0.61910,0.61451,0.61742,-0.0700,0.0000,29.1,2.84,2.67,1736085639,00:00:24:17,45.9,11m,5.5,0.09,33.5,3.35,-3.0,-0.30000000000000004,91.8,87.9,-4.40,-0.44
,02/03/2025 02:45,02/03/2025 14:20,AUDUSD,Buy,0.010,0.60340,0.61720,0.61256,0.61500,-0.0700,0.0000,24.4,2.37,2.28,1736085637,00:11:35:56,57.3,6h 38m,46.4,1.50,24.5,2.45,-36.7,-3.6700000000000004,40.0,99.8,-0.10,-0.01
,02/03/2025 04:45,02/03/2025 09:00,AUDUSD,Buy,0.010,0.60020,0.61400,0.60936,0.61402,-0.0700,0.0000,46.6,4.59,4.61,1736085638,00:04:15:36,83.6,3h 33m,17.9,0.10,46.6,4.66,-4.7,-0.47000000000000003,90.8,100.0,0.00,0.00
,01/30/2025 22:45,01/30/2025 22:45,AUDUSD,Buy,0.010,0.00000,0.00000,0.62041,0.62041,-0.0700,0.0000,0.0,-0.07,-0.07,1736085635,00:00:00:01,,,,,,,,,,,,
,01/28/2025 13:00,01/29/2025 21:41,AUDUSD,Buy,0.010,0.61540,0.62920,0.62464,0.62360,-0.0700,-0.0200,-10.4,-1.13,-1.12,1736085627,01:08:41:49,29.4,9h 36m,44.2,3.86,9.1,0.91,-35.1,-3.5100000000000002,20.6,55.9,-19.50,-1.95
,01/28/2025 09:00,01/29/2025 21:41,AUDUSD,Buy,0.010,0.61580,0.62960,0.62500,0.62358,-0.0700,-0.0200,-14.2,-1.51,-1.48,1736085626,01:12:41:51,22.0,8h 4m,45.8,5.45,7.1,0.71,-38.7,-3.8700000000000006,15.5,53.5,-21.30,-2.13
,01/28/2025 06:15,01/29/2025 21:41,AUDUSD,Buy,0.010,0.61570,0.62950,0.62488,0.62360,-0.0700,-0.0200,-12.8,-1.37,-1.32,1736085625,01:15:26:35,30.9,12h 11m,45.8,4.52,8.3,0.8300000000000001,-37.5,-3.75,18.1,53.9,-21.10,-2.11
,01/27/2025 10:46,,,Withdrawal,0.010,0.00000,0.00000,0.00000,0.00000,0.0000,0.0000,0.0,-100.00,0,0,00:00:00:00,,,,,,,,,,,,
,01/24/2025 22:15,01/27/2025 04:11,AUDUSD,Sell,0.010,0.64070,0.62690,0.63146,0.62857,-0.0700,0.0100,28.9,2.83,1.41,1736085623,02:05:56:17,99.9,2d 5h ,10.8,0.02,28.9,2.89,0.7,0.06999999999999999,102.5,100.0,0.00,0.00
,01/24/2025 21:15,01/27/2025 04:11,AUDUSD,Sell,0.010,0.64050,0.62670,0.63134,0.62856,-0.0700,0.0100,27.8,2.72,1.37,1736085622,02:06:56:21,9.8,5h 23m,10.8,0.02,27.8,2.7800000000000002,-0.5,-0.05,98.2,100.0,0.00,0.00
,01/24/2025 20:15,01/27/2025 04:11,AUDUSD,Sell,0.010,0.64110,0.62730,0.63194,0.62856,-0.0700,0.0100,33.8,3.32,1.70,1736085621,02:07:56:22,100.0,2d 7h ,10.8,0.01,33.8,3.38,-0.2,-0.020000000000000004,99.4,100.0,0.00,0.00
,01/24/2025 19:15,01/24/2025 19:15,AUDUSD,Sell,0.010,0.00000,0.00000,0.63239,0.63240,-0.0700,0.0000,-0.1,-0.08,-0.04,1736085620,00:00:00:07,,,,,,,,,,,,
,01/24/2025 18:15,01/24/2025 18:15,AUDUSD,Sell,0.010,0.00000,0.00000,0.63223,0.63224,-0.0700,0.0000,-0.1,-0.08,-0.04,1736085619,00:00:00:01,,,,,,,,,,,,
,01/24/2025 17:15,01/24/2025 17:15,AUDUSD,Sell,0.010,0.00000,0.00000,0.63164,0.63166,-0.0700,0.0000,-0.2,-0.09,-0.05,1736085618,00:00:00:00,,,,,,,,,,,,
,01/24/2025 16:15,01/24/2025 16:15,AUDUSD,Sell,0.010,0.00000,0.00000,0.63049,0.63050,-0.0700,0.0000,-0.1,-0.08,-0.04,1736085617,00:00:00:03,,,,,,,,,,,,
,01/22/2025 15:15,01/24/2025 16:05,AUDUSD,Sell,0.010,0.63820,0.62440,0.62904,0.63034,-0.0700,0.0300,-13.0,-1.34,-0.68,1736085603,02:00:50:35,,,,,,,,,,,,
,01/22/2025 13:30,01/24/2025 16:05,AUDUSD,Sell,0.010,0.63810,0.62430,0.62894,0.63034,-0.0700,0.0300,-14.0,-1.44,-0.73,1736085602,02:02:35:30,,,,,,,,,,,,
,01/22/2025 12:30,01/24/2025 16:05,AUDUSD,Sell,0.010,0.63840,0.62460,0.62918,0.63034,-0.0700,0.0300,-11.6,-1.20,-0.60,1736085601,02:03:35:34,,,,,,,,,,,,
,01/20/2025 17:45,01/21/2025 12:43,AUDUSD,Sell,0.010,0.63460,0.62080,0.62539,0.62239,-0.0700,0.0100,30.0,2.94,1.50,1736085594,00:18:58:33,52.9,10h 2m,44.2,0.90,36.4,3.64,-32.8,-3.28,52.6,90.8,-6.40,-0.64
,01/20/2025 15:45,01/21/2025 12:43,AUDUSD,Sell,0.010,0.63450,0.62070,0.62528,0.62239,-0.0700,0.0100,28.9,2.83,1.46,1736085592,00:20:58:33,47.9,10h 2m,44.2,0.96,35.3,3.53,-33.9,-3.39,51.0,90.8,-6.40,-0.64
,01/20/2025 19:45,01/21/2025 02:56,AUDUSD,Sell,0.010,0.63510,0.62130,0.62588,0.62131,-0.0700,0.0100,45.7,4.51,2.39,1736085596,00:07:11:43,21.6,1h 33m,37.6,0.65,46.0,4.6000000000000005,-29.7,-2.97,60.8,99.6,-0.30,-0.03
,01/20/2025 16:45,01/20/2025 19:25,AUDUSD,Sell,0.010,0.63780,0.62400,0.62860,0.62409,-0.0700,0.0000,45.1,4.44,2.41,1736085593,00:02:40:00,100.0,2h 40m,14.7,0.02,51.1,5.11,0.0,0.0,100.0,88.3,-6.00,-0.60
,01/15/2025 16:45,01/16/2025 04:54,AUDUSD,Sell,0.010,0.63290,0.61910,0.62369,0.62152,-0.0700,0.0200,21.7,2.12,1.16,1736085584,00:12:09:17,97.2,11h 48m,30.4,0.17,25.9,2.59,-4.5,-0.45,85.2,86.2,-4.20,-0.42
,01/15/2025 15:45,01/16/2025 04:54,AUDUSD,Sell,0.010,0.63200,0.61820,0.62284,0.62151,-0.0700,0.0200,13.3,1.28,0.71,1736085583,00:13:09:18,63.2,8h 18m,30.4,1.00,17.4,1.74,-17.4,-1.74,50.0,88.2,-4.10,-0.41
,01/15/2025 10:15,01/16/2025 04:54,AUDUSD,Sell,0.010,0.63010,0.61630,0.62085,0.62151,-0.0700,0.0200,-6.6,-0.71,-0.39,1736085582,00:18:39:18,27.7,5h 10m,50.1,2.58,14.0,1.4000000000000001,-36.1,-3.6100000000000003,27.9,58.9,-20.60,-2.06
,01/13/2025 12:00,01/13/2025 18:41,AUDUSD,Buy,0.010,0.60460,0.61840,0.61376,0.61585,-0.0700,0.0000,20.9,2.02,1.12,1736085581,00:06:41:17,100.0,6h 41m,12.0,0.05,21.3,2.1300000000000003,0.0,0.0,100.0,98.1,-0.40,-0.04
,01/13/2025 06:45,01/13/2025 18:41,AUDUSD,Buy,0.010,0.60400,0.61780,0.61317,0.61586,-0.0700,0.0000,26.9,2.62,1.48,1736085580,00:11:56:13,100.0,11h 56m,18.7,0.04,27.2,2.72,0.0,0.0,100.0,98.9,-0.30,-0.03
,01/10/2025 15:45,01/13/2025 04:08,AUDUSD,Buy,0.010,0.60580,0.61960,0.61503,0.61629,-0.0700,-0.0200,12.6,1.17,0.67,1736085576,02:12:23:39,10.9,6h 34m,30.8,0.44,21.4,2.14,-9.4,-0.9400000000000001,69.5,71.4,-8.80,-0.88
,01/09/2025 09:45,01/13/2025 04:08,AUDUSD,Buy,0.010,0.60920,0.62300,0.61839,0.61629,-0.0700,-0.0400,-21.0,-2.21,-1.24,1736085575,03:18:23:39,31.5,1d 4h ,63.9,2.06,20.9,2.09,-43.0,-4.3,32.7,34.4,-41.90,-4.19
,01/08/2025 14:30,01/13/2025 04:08,AUDUSD,Buy,0.010,0.60980,0.62360,0.61904,0.61629,-0.0700,-0.1100,-27.5,-2.93,-1.62,1736085574,04:13:38:39,37.8,1d 17h ,77.5,1.77,28.0,2.8000000000000003,-49.5,-4.95,36.1,28.4,-55.50,-5.55
,01/06/2025 08:45,01/07/2025 20:40,AUDUSD,Sell,0.010,0.63250,0.61870,0.62326,0.62373,-0.0700,0.0100,-4.7,-0.53,-0.29,1736085558,01:11:55:26,2.6,56m,70.6,21.79,3.1,0.31000000000000005,-67.5,-6.75,4.4,89.0,-7.80,-0.78
,01/06/2025 04:15,01/07/2025 20:40,AUDUSD,Sell,0.010,0.63230,0.61850,0.62313,0.62373,-0.0700,0.0100,-6.0,-0.66,-0.36,1736085557,01:16:25:23,12.6,5h 5m,80.5,5.88,11.7,1.17,-68.8,-6.88,14.5,78.0,-17.70,-1.77
,01/06/2025 03:15,01/07/2025 20:40,AUDUSD,Sell,0.010,0.63260,0.61880,0.62337,0.62373,-0.0700,0.0100,-3.6,-0.42,-0.23,1736085556,01:17:25:25,15.7,6h 30m,80.5,4.71,14.1,1.4100000000000001,-66.4,-6.640000000000001,17.5,78.0,-17.70,-1.77
,12/31/2024 18:00,01/02/2025 04:46,AUDUSD,Buy,0.010,0.61000,0.62380,0.61919,0.62157,-0.0700,-0.0900,23.8,2.22,1.23,1732958478,01:10:46:40,8.1,2h 49m,14.1,0.54,24.5,2.45,-13.2,-1.32,65.0,98.1,-0.70,-0.07
,12/31/2024 15:00,01/02/2025 04:46,AUDUSD,Buy,0.010,0.61080,0.62460,0.62004,0.62157,-0.0700,-0.0900,15.3,1.37,0.77,1732958477,01:13:46:38,6.1,2h 18m,26.3,1.36,16.0,1.6,-21.7,-2.17,42.4,98.1,-0.70,-0.07
,12/27/2024 07:30,12/30/2024 04:57,AUDUSD,Buy,0.010,0.61190,0.62570,0.62108,0.62343,-0.0700,-0.0200,23.5,2.26,1.28,1732958474,02:21:27:01,93.6,2d 17h ,24.4,0.40,23.5,2.35,-9.5,-0.9500000000000001,71.2,100.0,0.00,0.00
,12/27/2024 05:30,12/30/2024 04:57,AUDUSD,Buy,0.010,0.61230,0.62610,0.62154,0.62343,-0.0700,-0.0200,18.9,1.80,1.03,1732958473,02:23:27:03,84.7,2d 12h ,24.4,0.75,18.9,1.89,-14.1,-1.4100000000000001,57.3,100.0,0.00,0.00
,12/27/2024 01:00,12/30/2024 04:57,AUDUSD,Buy,0.010,0.61250,0.62630,0.62172,0.62343,-0.0700,-0.0200,17.1,1.62,0.93,1732958472,03:03:57:01,16.3,12h 22m,24.4,0.93,17.1,1.7100000000000002,-15.9,-1.59,51.8,100.0,0.00,0.00
,12/19/2024 01:45,12/19/2024 09:05,AUDUSD,Buy,0.010,0.61160,0.62540,0.62081,0.62341,-0.0700,0.0000,26.0,2.53,1.48,1732958471,00:07:20:20,94.1,6h 54m,19.0,0.32,26.0,2.6,-8.4,-0.8400000000000001,75.6,100.0,0.00,0.00
,12/18/2024 23:15,12/19/2024 09:05,AUDUSD,Buy,0.010,0.61360,0.62740,0.62278,0.62342,-0.0700,-0.0700,6.4,0.50,0.29,1732958470,00:09:50:16,18.0,1h 46m,28.1,4.39,6.4,0.6400000000000001,-28.1,-2.8100000000000005,18.6,100.0,0.00,0.00
,12/18/2024 21:15,12/19/2024 09:05,AUDUSD,Buy,0.010,0.61720,0.63100,0.62637,0.62344,-0.0700,-0.0700,-29.3,-3.07,-1.77,1732958469,00:11:50:18,2.9,20m,73.3,6.88,9.3,0.9300000000000002,-64.0,-6.4,12.7,47.3,-38.60,-3.86
,12/18/2024 19:15,12/19/2024 01:35,AUDUSD,Buy,0.010,0.62100,0.63480,0.63018,0.62098,-0.0700,-0.0700,-92.0,-9.34,-5.11,1732958468,00:06:20:20,25.8,1h 38m,100.9,18.05,5.3,0.53,-95.6,-9.56,5.3,3.6,-97.30,-9.73
,12/18/2024 17:15,12/18/2024 22:18,AUDUSD,Buy,0.010,0.62260,0.63640,0.63177,0.62260,-0.0700,0.0000,-91.7,-9.24,-4.81,1732958467,00:05:03:04,0.0,0s,91.7,91.74,0.0,0.0,-91.7,-9.17,0.0,0.0,-91.70,-9.17
,12/17/2024 17:30,12/18/2024 16:51,AUDUSD,Buy,0.010,0.62480,0.63860,0.63396,0.63262,-0.0700,-0.0200,-13.4,-1.43,-0.74,1732958461,00:23:21:37,6.8,1h 35m,36.3,11.98,2.8,0.27999999999999997,-33.5,-3.35,7.7,55.4,-16.20,-1.62
,12/17/2024 13:15,12/18/2024 16:51,AUDUSD,Buy,0.010,0.62470,0.63850,0.63393,0.63262,-0.0700,-0.0200,-13.1,-1.40,-0.72,1732958460,01:03:36:37,21.5,5h 56m,47.4,2.34,14.2,1.42,-33.2,-3.3200000000000003,30.0,42.4,-27.30,-2.73
,12/17/2024 11:00,12/18/2024 16:51,AUDUSD,Buy,0.010,0.62520,0.63900,0.63439,0.63262,-0.0700,-0.0200,-17.7,-1.86,-0.95,1732958459,01:05:51:37,10.9,3h 15m,47.4,3.94,9.6,0.96,-37.8,-3.78,20.3,42.4,-27.30,-2.73
,12/13/2024 17:15,12/16/2024 04:10,AUDUSD,Buy,0.010,0.62650,0.64030,0.63566,0.63741,-0.0700,-0.0200,17.5,1.66,0.85,1732958458,02:10:55:31,11.5,6h 46m,10.4,0.31,17.5,1.75,-5.4,-0.54,76.4,100.0,0.00,0.00
,12/13/2024 08:15,12/13/2024 12:46,AUDUSD,Buy,0.010,0.62660,0.64040,0.63575,0.63730,-0.0700,0.0000,15.5,1.48,0.76,1732958457,00:04:31:17,94.9,4h 17m,12.6,0.16,16.1,1.6100000000000003,-2.6,-0.26,86.1,96.8,-0.60,-0.06
,12/13/2024 04:15,12/13/2024 12:46,AUDUSD,Buy,0.010,0.62650,0.64030,0.63569,0.63730,-0.0700,0.0000,16.1,1.54,0.80,1732958456,00:08:31:17,96.1,8h 11m,13.2,0.12,16.7,1.67,-2.0,-0.2,89.3,96.8,-0.60,-0.06
,12/11/2024 09:15,12/11/2024 18:52,AUDUSD,Buy,0.010,0.62640,0.64020,0.63558,0.63768,-0.0700,0.0000,21.0,2.03,1.07,1732958454,00:09:37:08,56.6,5h 26m,26.0,0.86,21.0,2.1,-18.1,-1.8100000000000003,53.7,100.0,0.00,0.00
,12/10/2024 23:45,12/11/2024 18:52,AUDUSD,Buy,0.010,0.62860,0.64240,0.63780,0.63768,-0.0700,-0.0200,-1.2,-0.21,-0.11,1732958453,00:19:07:08,24.4,4h 39m,50.7,3.83,10.5,1.05,-40.2,-4.0200000000000005,20.7,76.9,-11.70,-1.17
,12/10/2024 17:15,12/11/2024 18:52,AUDUSD,Buy,0.010,0.62870,0.64250,0.63788,0.63770,-0.0700,-0.0200,-1.8,-0.27,-0.14,1732958452,01:01:37:06,27.7,7h 5m,50.7,4.23,9.7,0.97,-41.0,-4.1000000000000005,19.1,77.3,-11.50,-1.15
,12/06/2024 17:15,12/09/2024 04:09,AUDUSD,Buy,0.010,0.63020,0.64400,0.63936,0.64021,-0.0700,-0.0200,8.5,0.76,0.40,1732958450,02:10:54:37,5.3,3h 7m,25.7,2.40,8.5,0.8500000000000001,-20.4,-2.04,29.4,100.0,0.00,0.00
,12/06/2024 14:45,12/09/2024 04:09,AUDUSD,Buy,0.010,0.63250,0.64630,0.64166,0.64021,-0.0700,-0.0200,-14.5,-1.54,-0.81,1732958449,02:13:24:34,2.2,1h 21m,69.8,1.64,26.4,2.64,-43.4,-4.34,37.8,41.4,-40.90,-4.09
,12/06/2024 12:30,12/09/2024 04:09,AUDUSD,Buy,0.010,0.63270,0.64650,0.64190,0.64021,-0.0700,-0.0200,-16.9,-1.78,-0.92,1732958448,02:15:39:35,3.7,2h 21m,69.8,1.91,24.0,2.4000000000000004,-45.8,-4.58,34.4,41.4,-40.90,-4.09
,12/04/2024 21:00,12/04/2024 21:08,AUDUSD,Buy,0.010,0.63380,0.64760,0.64298,0.64408,-0.0700,0.0000,11.0,1.03,0.54,1732958447,00:00:08:52,100.0,8m,0.0,0.09,11.0,1.1,0.0,0.0,100.0,100.0,0.00,0.00
,12/04/2024 10:15,12/04/2024 20:07,AUDUSD,Buy,0.010,0.63380,0.64760,0.64302,0.64408,-0.0700,0.0000,10.6,0.99,0.52,1732958444,00:09:52:34,27.8,2h 44m,31.3,2.85,10.6,1.06,-30.2,-3.02,26.0,100.0,0.00,0.00
,12/04/2024 06:00,12/04/2024 20:07,AUDUSD,Buy,0.010,0.63230,0.64610,0.64153,0.64408,-0.0700,0.0000,25.5,2.48,1.32,1732958443,00:14:07:33,68.2,9h 38m,50.4,0.44,35.1,3.5100000000000002,-15.3,-1.5300000000000002,69.6,81.0,-9.60,-0.96
,12/04/2024 04:00,12/04/2024 20:07,AUDUSD,Buy,0.010,0.63620,0.65000,0.64540,0.64408,-0.0700,0.0000,-13.2,-1.39,-0.73,1732958442,00:16:07:33,0.0,0s,53.8,54.05,0.0,0.0,-53.8,-5.38,0.0,75.5,-13.20,-1.32
,12/02/2024 17:00,12/03/2024 10:18,AUDUSD,Buy,0.010,0.63580,0.64960,0.64503,0.64960,-0.0700,-0.0200,45.7,4.48,2.42,1732958441,00:17:18:42,94.7,16h 23m,25.5,0.16,45.7,4.57,-7.2,-0.7200000000000001,86.4,100.0,0.00,0.00
,11/29/2024 22:00,12/02/2024 04:16,AUDUSD,Sell,0.010,0.66180,0.64800,0.65259,0.64919,-0.0700,0.0100,34.0,3.34,1.84,1732712815,02:06:15:58,99.7,2d 6h ,11.5,0.25,34.0,3.4000000000000004,8.5,0.8500000000000001,133.3,100.0,0.00,0.00
,11/29/2024 21:00,12/02/2024 04:16,AUDUSD,Sell,0.010,0.66130,0.64750,0.65209,0.64919,-0.0700,0.0100,29.0,2.84,1.59,1732712814,02:07:15:58,96.5,2d 5h ,11.5,0.12,29.0,2.9000000000000004,3.5,0.35000000000000003,113.7,100.0,0.00,0.00
,11/29/2024 20:00,12/02/2024 04:16,AUDUSD,Sell,0.010,0.66140,0.64760,0.65218,0.64920,-0.0700,0.0100,29.8,2.92,1.66,1732712813,02:08:15:58,95.7,2d 5h ,11.5,0.12,29.9,2.99,-3.5,-0.35000000000000003,89.5,99.7,-0.10,-0.01
,11/29/2024 19:00,11/29/2024 19:00,AUDUSD,Sell,0.010,0.00000,0.00000,0.65115,0.65116,-0.0700,0.0000,-0.1,-0.08,-0.05,1732712812,00:00:00:00,,,,,,,,,,,,
,11/29/2024 18:00,11/29/2024 18:00,AUDUSD,Sell,0.010,0.00000,0.00000,0.65144,0.65146,-0.0700,0.0000,-0.2,-0.09,-0.05,1732712811,00:00:00:01,,,,,,,,,,,,
,11/29/2024 17:00,11/29/2024 17:00,AUDUSD,Sell,0.010,0.00000,0.00000,0.65144,0.65147,-0.0700,0.0000,-0.3,-0.10,-0.06,1732712810,00:00:00:01,,,,,,,,,,,,
,11/29/2024 06:15,11/29/2024 12:50,AUDUSD,Sell,0.010,0.66130,0.64750,0.65213,0.65020,-0.0700,0.0000,19.3,1.86,1.06,1732712805,00:06:34:59,90.4,5h 57m,15.6,0.28,19.7,1.97,-5.6,-0.5599999999999999,77.9,98.4,-0.40,-0.04
,11/29/2024 05:15,11/29/2024 12:50,AUDUSD,Sell,0.010,0.66030,0.64650,0.65110,0.65017,-0.0700,0.0000,9.3,0.86,0.49,1732712804,00:07:35:00,24.9,1h 53m,16.3,1.69,9.4,0.9400000000000001,-15.9,-1.59,37.2,99.6,-0.10,-0.01
,11/29/2024 02:45,11/29/2024 12:49,AUDUSD,Sell,0.010,0.66030,0.64650,0.65105,0.65018,-0.0700,0.0000,8.7,0.80,0.46,1732712803,00:10:04:59,38.6,3h 53m,23.9,1.84,8.9,0.8900000000000001,-16.4,-1.64,35.2,99.2,-0.20,-0.02
,11/26/2024 16:00,11/29/2024 02:45,AUDUSD,Buy,0.010,0.63920,0.65300,0.64836,0.65105,-0.0700,-0.1100,26.9,2.51,1.47,1731848432,02:10:45:00,64.4,1d 13h ,35.5,1.31,27.1,2.7100000000000004,-35.5,-3.5500000000000003,43.3,99.7,-0.20,-0.02
,11/26/2024 09:00,11/29/2024 02:45,AUDUSD,Buy,0.010,0.63940,0.65320,0.64856,0.65105,-0.0700,-0.1100,24.9,2.31,1.37,1731848431,02:17:45:02,60.0,1d 15h ,57.7,1.49,25.1,2.5100000000000002,-37.5,-3.75,40.1,99.7,-0.20,-0.02
,11/26/2024 01:45,11/29/2024 02:45,AUDUSD,Buy,0.010,0.63810,0.65190,0.64726,0.65105,-0.0700,-0.1100,37.9,3.61,2.19,1731848430,03:01:00:01,84.0,2d 13h ,57.7,0.99,38.1,3.8100000000000005,-37.9,-3.79,50.1,99.7,-0.20,-0.02
,11/25/2024 03:00,11/25/2024 08:06,AUDUSD,Sell,0.010,0.66370,0.64990,0.65447,0.65160,-0.0700,0.0000,28.7,2.80,1.73,1731848429,00:05:06:28,96.8,4h 56m,10.7,0.10,28.7,2.87,-2.9,-0.29,90.8,100.0,0.00,0.00
,11/25/2024 01:30,11/25/2024 08:06,AUDUSD,Sell,0.010,0.66370,0.64990,0.65451,0.65160,-0.0700,0.0000,29.1,2.84,1.79,1731848428,00:06:36:25,92.5,6h 6m,10.7,0.11,29.1,2.91,-3.3,-0.33,89.8,100.0,0.00,0.00
,11/22/2024 11:15,11/25/2024 00:01,AUDUSD,Buy,0.010,0.63820,0.65200,0.64744,0.65314,-0.0700,-0.0200,57.0,5.61,3.66,1731848427,02:12:46:00,100.0,2d 12h ,23.2,0.02,57.0,5.7,0.0,0.0,100.0,100.0,0.00,0.00
,11/19/2024 08:30,11/20/2024 12:33,AUDUSD,Sell,0.010,0.66050,0.64670,0.65126,0.65084,-0.0700,0.0100,4.2,0.36,0.24,1731848413,01:04:03:48,30.6,8h 35m,57.7,1.15,26.9,2.69,-30.8,-3.08,46.6,60.7,-22.70,-2.27
,11/19/2024 06:15,11/20/2024 12:33,AUDUSD,Sell,0.010,0.66100,0.64720,0.65181,0.65084,-0.0700,0.0100,9.7,0.91,0.60,1731848412,01:06:18:42,45.2,13h 42m,57.7,0.78,32.4,3.24,-25.3,-2.5300000000000002,56.2,60.7,-22.70,-2.27
,11/19/2024 05:15,11/20/2024 12:33,AUDUSD,Sell,0.010,0.66040,0.64660,0.65124,0.65084,-0.0700,0.0100,4.0,0.34,0.22,1731848411,01:07:18:47,32.6,10h 12m,57.7,1.16,26.7,2.67,-31.0,-3.1,46.3,60.7,-22.70,-2.27
,11/14/2024 22:30,11/15/2024 09:18,AUDUSD,Buy,0.010,0.63670,0.65050,0.64585,0.64687,-0.0700,-0.0200,10.2,0.93,0.62,1730874006,00:10:48:54,44.6,4h 49m,16.1,1.56,10.3,1.03,-16.1,-1.6100000000000003,39.0,99.6,-0.10,-0.01
,11/14/2024 20:30,11/15/2024 09:18,AUDUSD,Buy,0.010,0.63770,0.65150,0.64686,0.64687,-0.0700,-0.0200,0.1,-0.08,-0.05,1730874005,00:12:48:56,11.2,1h 26m,33.3,4.64,5.9,0.5900000000000001,-27.4,-2.74,17.7,82.6,-5.80,-0.58
,11/14/2024 12:00,11/15/2024 09:18,AUDUSD,Buy,0.010,0.63720,0.65100,0.64636,0.64688,-0.0700,-0.0200,5.2,0.43,0.29,1730874004,00:21:18:55,53.0,11h 17m,44.8,1.00,22.4,2.2399999999999998,-22.4,-2.2399999999999998,50.0,61.6,-17.20,-1.72
,11/12/2024 10:45,11/14/2024 13:13,AUDUSD,Buy,0.010,0.64530,0.65910,0.65446,0.64528,-0.0700,-0.0900,-91.8,-9.34,-5.85,1730873996,02:02:28:52,4.7,2h 22m,103.4,7.92,11.6,1.16,-91.8,-9.18,11.2,0.0,-103.40,-10.34
,11/12/2024 08:45,11/14/2024 12:19,AUDUSD,Buy,0.010,0.64570,0.65950,0.65487,0.64568,-0.0700,-0.0900,-91.9,-9.35,-5.53,1730873995,02:03:34:14,4.9,2h 31m,99.8,12.32,7.5,0.75,-92.3,-9.23,7.5,0.4,-99.40,-9.94
,11/12/2024 04:45,11/14/2024 07:15,AUDUSD,Buy,0.010,0.64620,0.66000,0.65538,0.64620,-0.0700,-0.0900,-91.8,-9.34,-5.23,1730873994,02:02:30:24,4.0,2h 1m,100.0,15.41,6.1,0.61,-93.9,-9.39,6.1,2.1,-97.90,-9.79
,11/07/2024 17:00,11/08/2024 10:03,AUDUSD,Sell,0.010,0.67690,0.66310,0.66773,0.66441,-0.0700,0.0100,33.2,3.26,1.86,1730873987,00:17:03:35,83.9,14h 18m,26.0,0.24,37.8,3.78,-9.1,-0.91,80.6,90.2,-4.60,-0.46
,11/07/2024 16:00,11/08/2024 10:03,AUDUSD,Sell,0.010,0.67550,0.66170,0.66634,0.66447,-0.0700,0.0100,18.7,1.81,1.04,1730873986,00:18:03:35,45.0,8h 7m,27.7,0.96,23.9,2.39,-23.0,-2.3000000000000003,51.0,88.9,-5.20,-0.52
,11/07/2024 15:00,11/08/2024 10:03,AUDUSD,Sell,0.010,0.67390,0.66010,0.66471,0.66447,-0.0700,0.0100,2.4,0.18,0.10,1730873985,00:19:03:36,1.8,20m,39.3,5.17,7.6,0.76,-39.3,-3.9299999999999997,16.2,88.9,-5.20,-0.52
,11/06/2024 05:00,11/07/2024 04:34,AUDUSD,Buy,0.010,0.64600,0.65980,0.65519,0.65980,-0.0700,-0.0700,46.1,4.47,2.65,1730788990,00:23:34:00,81.3,19h 9m,44.6,0.75,46.1,4.61,-34.6,-3.4600000000000004,57.1,100.0,0.00,0.00
,11/06/2024 09:00,11/06/2024 10:48,AUDUSD,Buy,0.010,0.64460,0.65840,0.65382,0.65840,-0.0700,0.0000,45.8,4.51,2.75,1730873984,00:01:48:14,97.3,1h 45m,8.6,0.02,49.1,4.91,-1.2,-0.12,97.6,93.4,-3.30,-0.33
,11/04/2024 08:08,11/06/2024 04:11,AUDUSD,Sell,0.010,0.66990,0.65610,0.66072,0.65798,-0.0700,0.0200,27.4,2.69,1.67,1730693259,01:20:03:14,59.8,1d 2h ,60.0,1.00,32.7,3.2700000000000005,-32.7,-3.2700000000000005,50.0,91.9,-5.30,-0.53
,11/04/2024 07:08,11/06/2024 04:11,AUDUSD,Sell,0.010,0.66960,0.65580,0.66043,0.65799,-0.0700,0.0200,24.4,2.39,1.50,1730693258,01:21:03:16,57.4,1d 1h ,60.0,1.19,29.8,2.9800000000000004,-35.6,-3.5600000000000005,45.6,91.7,-5.40,-0.54
,11/04/2024 06:08,11/06/2024 04:11,AUDUSD,Sell,0.010,0.67030,0.65650,0.66112,0.65799,-0.0700,0.0200,31.3,3.08,1.97,1730693257,01:22:03:16,63.5,1d 5h ,60.0,0.78,36.7,3.6700000000000004,-28.7,-2.87,56.1,91.7,-5.40,-0.54
,10/30/2024 06:30,10/30/2024 11:11,AUDUSD,Buy,0.010,0.64510,0.65890,0.65431,0.65709,-0.0700,0.0000,27.8,2.71,1.77,1730137575,00:04:41:05,50.6,2h 22m,6.5,0.22,27.8,2.7800000000000002,-6.1,-0.61,82.0,100.0,0.00,0.00
,10/25/2024 21:00,10/30/2024 04:15,AUDUSD,Buy,0.010,0.65140,0.66520,0.66056,0.65684,-0.0700,-0.0600,-37.2,-3.85,-2.45,1729446309,04:07:15:32,5.4,5h 34m,67.4,7.03,8.4,0.8400000000000001,-59.0,-5.9,12.5,32.3,-45.60,-4.56
,10/25/2024 19:00,10/30/2024 04:15,AUDUSD,Buy,0.010,0.65290,0.66670,0.66207,0.65683,-0.0700,-0.0600,-52.4,-5.37,-3.30,1729446308,04:09:15:32,0.0,0s,74.1,74.63,0.0,0.0,-74.1,-7.41,0.0,29.3,-52.40,-5.24
,10/25/2024 07:45,10/30/2024 04:15,AUDUSD,Buy,0.010,0.65280,0.66660,0.66195,0.65686,-0.0700,-0.0600,-50.9,-5.22,-3.11,1729446307,04:20:30:31,9.6,11h 11m,98.8,2.82,25.9,2.59,-72.9,-7.290000000000001,26.2,22.3,-76.80,-7.68
,10/23/2024 20:30,10/24/2024 04:00,AUDUSD,Buy,0.010,0.65320,0.66700,0.66238,0.66412,-0.0700,-0.0700,17.4,1.60,0.96,1729446306,00:07:30:03,85.4,6h 24m,10.1,0.55,17.4,1.74,-9.5,-0.9500000000000001,64.7,100.0,0.00,0.00
,10/23/2024 18:30,10/24/2024 04:00,AUDUSD,Buy,0.010,0.65380,0.66760,0.66300,0.66412,-0.0700,-0.0700,11.2,0.98,0.59,1729446305,00:09:30:03,53.6,5h 5m,17.5,1.40,11.2,1.1199999999999999,-15.7,-1.57,41.6,100.0,0.00,0.00
,10/23/2024 14:30,10/24/2024 04:00,AUDUSD,Buy,0.010,0.65520,0.66900,0.66444,0.66413,-0.0700,-0.0700,-3.1,-0.45,-0.27,1729446304,00:13:30:00,0.0,0s,30.1,30.12,0.0,0.0,-30.1,-3.0100000000000002,0.0,89.7,-3.10,-0.31
,10/21/2024 22:00,10/22/2024 08:25,AUDUSD,Buy,0.010,0.65620,0.67000,0.66541,0.66889,-0.0700,-0.0200,34.8,3.39,2.09,1729446302,00:10:25:22,90.6,9h 26m,10.2,0.12,34.8,3.48,-4.1,-0.41,89.5,100.0,0.00,0.00
,10/21/2024 18:30,10/22/2024 08:25,AUDUSD,Buy,0.010,0.65660,0.67040,0.66576,0.66889,-0.0700,-0.0200,31.3,3.04,1.91,1729446301,00:13:55:22,60.3,8h 23m,13.0,0.24,31.3,3.1300000000000003,-7.6,-0.76,80.5,100.0,0.00,0.00
,10/21/2024 04:45,10/21/2024 12:57,AUDUSD,Sell,0.010,0.68130,0.66750,0.67210,0.66821,-0.0700,0.0000,38.9,3.82,2.46,1729446300,00:08:12:33,99.0,8h 7m,11.2,0.05,39.3,3.9299999999999997,-2.0,-0.2,95.2,99.0,-0.40,-0.04
,10/16/2024 01:45,10/17/2024 04:04,AUDUSD,Buy,0.010,0.66040,0.67420,0.66959,0.66954,-0.0700,-0.0700,-0.5,-0.19,-0.12,1726982292,01:02:19:38,2.9,45m,41.0,8.32,4.4,0.44000000000000006,-36.6,-3.66,10.7,88.0,-4.90,-0.49
,10/15/2024 23:30,10/17/2024 04:04,AUDUSD,Buy,0.010,0.66070,0.67450,0.66991,0.66954,-0.0700,-0.0900,-3.7,-0.53,-0.34,1726982291,01:04:34:28,5.0,1h 25m,44.3,8.85,4.5,0.45,-39.8,-3.98,10.2,81.5,-8.20,-0.82
,10/15/2024 20:30,10/17/2024 04:04,AUDUSD,Buy,0.010,0.66080,0.67460,0.67003,0.66956,-0.0700,-0.0900,-4.7,-0.63,-0.40,1726982290,01:07:34:38,10.6,3h 20m,44.7,11.09,3.7,0.37000000000000005,-41.0,-4.1000000000000005,8.3,81.2,-8.40,-0.84
,10/14/2024 15:45,10/15/2024 04:02,AUDUSD,Buy,0.010,0.66160,0.67540,0.67077,0.67291,-0.0700,-0.0200,21.4,2.05,1.32,1726982289,00:12:17:10,93.4,11h 28m,21.6,0.19,29.1,2.91,-5.6,-0.5599999999999999,83.9,77.8,-7.70,-0.77
,10/09/2024 21:15,10/10/2024 04:12,AUDUSD,Buy,0.010,0.66220,0.67600,0.67143,0.67224,-0.0700,-0.0700,8.1,0.67,0.43,1726982288,00:06:57:17,61.4,4h 16m,7.4,0.38,8.2,0.82,-3.1,-0.31000000000000005,72.6,99.1,-0.10,-0.01
,10/09/2024 16:15,10/10/2024 04:12,AUDUSD,Buy,0.010,0.66230,0.67610,0.67146,0.67224,-0.0700,-0.0700,7.8,0.64,0.42,1726982287,00:11:57:21,67.3,8h 2m,16.0,0.52,12.6,1.26,-6.5,-0.65,66.0,74.9,-4.80,-0.48
,10/07/2024 21:30,10/09/2024 08:01,AUDUSD,Buy,0.010,0.66620,0.68000,0.67542,0.67489,-0.0700,-0.0400,-5.3,-0.64,-0.42,1726982282,01:10:31:27,12.8,4h 25m,51.0,2.47,14.7,1.47,-36.3,-3.63,28.8,60.8,-20.00,-2.00
,10/07/2024 17:00,10/09/2024 08:01,AUDUSD,Buy,0.010,0.66890,0.68270,0.67809,0.67488,-0.0700,-0.0400,-32.1,-3.32,-2.11,1726982281,01:15:01:27,0.5,11m,68.0,12.61,5.0,0.5,-63.0,-6.300000000000001,7.4,45.4,-37.10,-3.71
,10/07/2024 12:00,10/09/2024 08:01,AUDUSD,Buy,0.010,0.66930,0.68310,0.67851,0.67486,-0.0700,-0.0400,-36.5,-3.76,-2.33,1726982280,01:20:01:26,7.6,3h 20m,79.9,5.29,12.7,1.27,-67.2,-6.720000000000001,15.9,38.4,-49.20,-4.92
,10/03/2024 08:00,10/07/2024 04:34,AUDUSD,Buy,0.010,0.67680,0.69060,0.68596,0.68082,-0.0700,-0.0400,-51.4,-5.25,-3.16,1726982272,03:20:34:36,2.9,2h 41m,222.1,12.80,16.1,1.6100000000000003,-206.0,-20.6,7.2,69.6,-67.50,-6.75
,10/03/2024 05:30,10/07/2024 04:34,AUDUSD,Buy,0.010,0.67780,0.69160,0.68704,0.68082,-0.0700,-0.0400,-62.2,-6.33,-3.67,1726982271,03:23:04:33,0.9,51m,222.1,40.98,5.3,0.53,-216.8,-21.680000000000003,2.4,69.6,-67.50,-6.75
,10/03/2024 03:30,10/07/2024 04:34,AUDUSD,Buy,0.010,0.67830,0.69210,0.68745,0.68081,-0.0700,-0.0400,-66.4,-6.75,-3.76,1726982270,04:01:04:34,1.0,58m,229.1,26.95,8.2,0.82,-220.9,-22.090000000000003,3.6,67.4,-74.60,-7.46
,09/30/2024 19:45,10/01/2024 13:35,AUDUSD,Sell,0.010,0.70290,0.68910,0.69374,0.68980,-0.0700,0.0100,39.4,3.88,2.21,1726982269,00:17:50:01,95.9,17h 6m,31.6,0.07,39.4,3.94,-2.7,-0.27,93.6,100.0,0.00,0.00
,09/30/2024 18:15,10/01/2024 13:35,AUDUSD,Sell,0.010,0.70300,0.68920,0.69381,0.68982,-0.0700,0.0100,39.9,3.93,2.29,1726982268,00:19:20:00,96.2,18h 35m,31.6,0.05,39.9,3.99,-2.0,-0.2,95.2,100.0,0.00,0.00
,09/30/2024 08:45,10/01/2024 13:35,AUDUSD,Sell,0.010,0.70330,0.68950,0.69411,0.68982,-0.0700,0.0100,42.9,4.23,2.53,1726982267,01:04:50:00,100.0,1d 4h ,31.6,0.02,42.9,4.29,0.0,0.0,100.0,100.0,0.00,0.00
,09/27/2024 17:45,09/30/2024 00:01,AUDUSD,Sell,0.010,0.70240,0.68860,0.69317,0.69061,-0.0700,0.0100,25.6,2.50,1.52,1726982263,02:06:16:19,99.9,2d 6h ,26.0,0.02,51.6,5.16,-0.9,-0.09000000000000001,98.3,50.5,-26.00,-2.60
,09/27/2024 16:45,09/30/2024 00:01,AUDUSD,Sell,0.010,0.70160,0.68780,0.69240,0.69061,-0.0700,0.0100,17.9,1.73,1.06,1726982262,02:07:16:20,98.1,2d 6h ,26.0,0.28,43.9,4.39,-12.1,-1.21,78.4,53.6,-26.00,-2.60
,09/27/2024 15:45,09/30/2024 00:01,AUDUSD,Sell,0.010,0.70130,0.68750,0.69210,0.69061,-0.0700,0.0100,14.9,1.43,0.88,1726982261,02:08:16:21,95.5,2d 5h ,26.0,0.37,40.9,4.09,-15.1,-1.51,73.0,53.6,-26.00,-2.60
,09/23/2024 18:15,09/25/2024 08:47,AUDUSD,Sell,0.010,0.69410,0.68030,0.68493,0.68808,-0.0700,0.0200,-31.5,-3.20,-1.94,1726982238,01:14:32:03,46.4,17h 52m,92.2,1.61,35.3,3.53,-56.9,-5.69,38.3,27.5,-66.80,-6.68
,09/23/2024 17:15,09/25/2024 08:47,AUDUSD,Sell,0.010,0.69320,0.67940,0.68398,0.68809,-0.0700,0.0200,-41.1,-4.16,-2.46,1726982237,01:15:32:03,24.5,9h 41m,92.2,2.57,25.8,2.58,-66.4,-6.640000000000001,28.0,27.4,-66.90,-6.69
,09/23/2024 16:15,09/25/2024 08:47,AUDUSD,Sell,0.010,0.69320,0.67940,0.68397,0.68809,-0.0700,0.0200,-41.2,-4.17,-2.41,1726982236,01:16:32:06,24.7,10h 0m,92.2,2.59,25.7,2.5700000000000003,-66.5,-6.65,27.9,27.4,-66.90,-6.69
,09/19/2024 19:30,09/20/2024 04:03,AUDUSD,Sell,0.010,0.69130,0.67750,0.68214,0.68041,-0.0700,0.0100,17.3,1.67,0.97,1726477295,00:08:33:19,92.4,7h 54m,12.2,0.10,20.1,2.0100000000000002,-2.1,-0.21000000000000002,90.5,87.4,-2.80,-0.28
,09/19/2024 11:15,09/20/2024 04:03,AUDUSD,Sell,0.010,0.69180,0.67800,0.68257,0.68041,-0.0700,0.0100,21.6,2.10,1.24,1726477290,00:16:48:20,83.1,13h 57m,35.6,0.33,38.9,3.89,-12.8,-1.2800000000000002,75.2,66.5,-17.30,-1.73
,09/19/2024 10:15,09/20/2024 04:03,AUDUSD,Sell,0.010,0.69190,0.67810,0.68266,0.68039,-0.0700,0.0100,22.7,2.21,1.32,1726477289,00:17:48:21,85.1,15h 9m,35.6,0.30,39.8,3.98,-11.9,-1.1900000000000002,77.0,66.9,-17.10,-1.71
,09/19/2024 12:15,09/19/2024 17:09,AUDUSD,Sell,0.010,0.69250,0.67870,0.68327,0.67868,-0.0700,0.0000,45.9,4.52,2.78,1726477291,00:04:54:24,66.7,3h 16m,11.3,0.13,45.9,4.59,-5.8,-0.58,88.8,100.0,0.00,0.00
,09/18/2024 11:15,09/18/2024 22:46,AUDUSD,Sell,0.010,0.68670,0.67290,0.67748,0.67563,-0.0700,0.0000,18.5,1.78,1.11,1726477280,00:11:31:15,37.2,4h 17m,63.0,2.20,20.1,2.0100000000000002,-44.2,-4.420000000000001,31.3,97.5,-1.60,-0.16
,09/18/2024 10:15,09/18/2024 22:46,AUDUSD,Sell,0.010,0.68620,0.67240,0.67703,0.67561,-0.0700,0.0000,14.2,1.35,0.85,1726477279,00:12:31:14,31.5,3h 56m,63.0,3.12,15.6,1.56,-48.7,-4.870000000000001,24.3,97.8,-1.40,-0.14
,09/18/2024 04:15,09/18/2024 22:46,AUDUSD,Sell,0.010,0.68610,0.67230,0.67690,0.67560,-0.0700,0.0000,13.0,1.23,0.78,1726477278,00:18:31:18,50.5,9h 21m,67.7,2.14,23.2,2.32,-49.6,-4.960000000000001,31.9,86.0,-10.20,-1.02
,09/17/2024 23:31,09/17/2024 23:31,AUDUSD,Sell,0.010,0.00000,0.00000,0.67567,0.67568,-0.0700,0.0000,-0.1,-0.08,-0.05,1726477277,00:00:00:00,,,,,,,,,,,,
,09/17/2024 22:30,09/17/2024 22:30,AUDUSD,Sell,0.010,0.00000,0.00000,0.67572,0.67570,-0.0700,0.0000,0.2,-0.05,-0.03,1726477276,00:00:00:15,,,,,,,,,,,,
,09/17/2024 21:30,09/17/2024 21:30,AUDUSD,Sell,0.010,0.00000,0.00000,0.67540,0.67539,-0.0700,0.0000,0.1,-0.06,-0.04,1726477275,00:00:00:01,,,,,,,,,,,,
,09/16/2024 14:01,09/17/2024 20:12,AUDUSD,Sell,0.010,0.68330,0.66950,0.67405,0.67452,-0.0700,0.0100,-4.7,-0.53,-0.33,1726477254,01:06:10:19,11.1,3h 20m,34.5,3.79,7.2,0.7200000000000001,-27.3,-2.7300000000000004,20.9,65.5,-11.90,-1.19
,09/16/2024 13:01,09/17/2024 20:12,AUDUSD,Sell,0.010,0.68290,0.66910,0.67368,0.67452,-0.0700,0.0100,-8.4,-0.90,-0.56,1726477253,01:07:10:22,3.0,56m,34.5,8.86,3.5,0.35000000000000003,-31.0,-3.1,10.1,65.5,-11.90,-1.19
,09/16/2024 12:01,09/17/2024 20:12,AUDUSD,Sell,0.010,0.68280,0.66900,0.67361,0.67452,-0.0700,0.0100,-9.1,-0.97,-0.60,1726477252,01:08:10:21,2.4,46m,34.5,11.33,2.8,0.27999999999999997,-31.7,-3.17,8.1,65.5,-11.90,-1.19
,09/06/2024 17:30,09/16/2024 12:01,AUDUSD,Buy,0.010,0.66130,0.67510,0.67054,0.67361,-0.0700,-0.1700,30.7,2.83,1.79,1724512189,09:18:31:39,15.2,1d 11h ,80.3,2.46,32.5,3.25,-80.1,-8.01,28.9,98.4,-1.80,-0.18
,09/06/2024 19:30,09/12/2024 20:08,AUDUSD,Buy,0.010,0.65730,0.67110,0.66647,0.67110,-0.0700,-0.1300,46.3,4.43,2.88,1724512190,06:00:38:18,66.3,3d 23h ,64.6,0.90,46.3,4.63,-41.8,-4.18,52.6,100.0,0.00,0.00
,09/09/2024 11:36,09/12/2024 19:51,AUDUSD,Buy,0.010,0.65630,0.67010,0.66549,0.67010,-0.0700,-0.1100,46.1,4.43,2.97,1725870766,03:08:14:30,72.9,2d 10h ,48.7,0.64,50.0,5.0,-32.0,-3.2,61.0,95.2,-3.90,-0.39
,09/03/2024 12:15,09/04/2024 14:19,AUDUSD,Buy,0.010,0.66490,0.67870,0.67408,0.67170,-0.0700,-0.0200,-23.8,-2.47,-1.63,1724512181,01:02:03:59,3.3,51m,57.3,9.23,5.6,0.5599999999999999,-51.7,-5.170000000000001,9.8,48.7,-29.40,-2.94
,09/03/2024 08:15,09/04/2024 14:19,AUDUSD,Buy,0.010,0.66500,0.67880,0.67423,0.67170,-0.0700,-0.0200,-25.3,-2.62,-1.70,1724512180,01:06:03:59,8.4,2h 31m,63.3,5.27,10.1,1.01,-53.2,-5.32,16.0,44.1,-35.40,-3.54
,09/03/2024 06:15,09/04/2024 14:18,AUDUSD,Buy,0.010,0.66650,0.68030,0.67569,0.67171,-0.0700,-0.0200,-39.8,-4.07,-2.57,1724512179,01:08:03:59,0.0,0s,67.8,68.03,0.0,0.0,-67.8,-6.78,0.0,41.3,-39.80,-3.98
,08/30/2024 19:30,09/02/2024 12:39,AUDUSD,Buy,0.010,0.66640,0.68020,0.67555,0.67857,-0.0700,-0.0200,30.2,2.93,1.88,1724512178,02:17:09:12,25.9,16h 52m,19.0,0.27,30.2,3.02,-8.3,-0.8300000000000001,78.4,100.0,0.00,0.00
,08/29/2024 14:15,08/30/2024 04:35,AUDUSD,Sell,0.010,0.69130,0.67750,0.68211,0.67920,-0.0700,0.0100,29.1,2.85,1.87,1724512176,00:14:20:33,100.0,14h 20m,24.7,0.03,35.5,3.5500000000000003,0.0,0.0,100.0,82.0,-6.40,-0.64
,08/29/2024 13:15,08/30/2024 04:35,AUDUSD,Sell,0.010,0.69130,0.67750,0.68205,0.67920,-0.0700,0.0100,28.5,2.79,1.86,1724512175,00:15:20:32,96.8,14h 51m,24.7,0.04,34.9,3.49,-1.5,-0.15000000000000002,95.9,82.4,-6.40,-0.64
,08/29/2024 12:15,08/30/2024 04:35,AUDUSD,Sell,0.010,0.69060,0.67680,0.68142,0.67920,-0.0700,0.0100,22.2,2.16,1.46,1724512174,00:16:20:32,82.3,13h 26m,24.7,0.30,28.6,2.8600000000000003,-8.7,-0.87,76.7,82.8,-6.40,-0.64
,08/28/2024 06:45,08/28/2024 08:32,AUDUSD,Sell,0.010,0.68930,0.67550,0.68008,0.67833,-0.0700,0.0000,17.5,1.68,1.15,1724512173,00:01:47:17,97.2,1h 44m,3.6,0.02,17.5,1.75,-0.3,-0.03,98.3,100.0,0.00,0.00
,08/28/2024 05:45,08/28/2024 08:32,AUDUSD,Sell,0.010,0.68940,0.67560,0.68019,0.67833,-0.0700,0.0000,18.6,1.79,1.24,1724512172,00:02:47:18,100.0,2h 47m,7.1,0.05,18.6,1.8600000000000003,0.0,0.0,100.0,100.0,0.00,0.00
,08/28/2024 04:45,08/28/2024 08:32,AUDUSD,Sell,0.010,0.69000,0.67620,0.68083,0.67833,-0.0700,0.0000,25.0,2.43,1.71,1724512171,00:03:47:20,100.0,3h 47m,7.9,0.04,25.0,2.5,0.0,0.0,100.0,100.0,0.00,0.00
,08/23/2024 19:15,08/26/2024 08:00,AUDUSD,Sell,0.010,0.68690,0.67310,0.67766,0.67750,-0.0700,0.0100,1.6,0.10,0.07,1723969174,02:12:45:15,80.3,2d ,111.3,0.21,92.2,9.22,-19.3,-1.9300000000000002,82.7,18.7,-90.60,-9.06
,08/23/2024 18:15,08/26/2024 08:00,AUDUSD,Sell,0.010,0.68790,0.67410,0.67873,0.67751,-0.0700,0.0100,12.2,1.16,0.83,1723969173,02:13:45:15,87.0,2d 5h ,111.3,0.08,102.9,10.290000000000001,-8.6,-0.86,92.3,18.7,-90.70,-9.07
,08/23/2024 17:15,08/26/2024 08:00,AUDUSD,Sell,0.010,0.68670,0.67290,0.67751,0.67751,-0.0700,0.0100,0.0,-0.06,-0.04,1723969172,02:14:45:16,77.9,2d ,111.3,0.23,90.7,0.0,-20.8,-0.0,81.3,18.7,-90.70,0.00
,08/21/2024 21:15,08/22/2024 04:41,AUDUSD,Sell,0.010,0.68470,0.67090,0.67549,0.67375,-0.0700,0.0200,17.4,1.69,1.22,1723969170,00:07:26:26,95.8,7h 7m,22.3,0.21,25.1,2.5100000000000002,-5.2,-0.52,82.8,74.6,-7.70,-0.77
,08/20/2024 23:00,08/22/2024 04:41,AUDUSD,Sell,0.010,0.68390,0.67010,0.67467,0.67375,-0.0700,0.0300,9.2,0.88,0.64,1723969167,01:05:41:18,77.3,22h 56m,26.7,0.94,13.9,1.3900000000000001,-13.1,-1.31,51.5,82.6,-4.70,-0.47
,08/20/2024 16:00,08/22/2024 04:41,AUDUSD,Sell,0.010,0.68320,0.66940,0.67403,0.67376,-0.0700,0.0300,2.7,0.23,0.17,1723969160,01:12:41:25,26.6,9h 45m,26.7,2.60,7.5,0.75,-19.5,-1.9500000000000002,27.8,82.2,-4.80,-0.48
,08/16/2024 21:00,08/21/2024 18:36,AUDUSD,Sell,0.010,0.67540,0.66160,0.66621,0.67541,-0.0700,0.0300,-92.0,-9.24,-6.28,1723204407,04:21:36:54,41.4,2d ,203.6,0.82,111.6,11.16,-92.0,-9.200000000000001,54.8,0.0,-203.60,-20.36
,08/16/2024 20:00,08/20/2024 22:21,AUDUSD,Sell,0.010,0.67480,0.66100,0.66561,0.67487,-0.0700,0.0200,-92.6,-9.31,-5.95,1723204406,04:02:21:03,49.4,2d ,198.2,0.88,105.6,10.56,-92.6,-9.26,53.3,0.0,-198.20,-19.82
,08/16/2024 19:00,08/20/2024 15:57,AUDUSD,Sell,0.010,0.67410,0.66030,0.66488,0.67410,-0.0700,0.0200,-92.2,-9.27,-5.60,1723204405,03:20:57:41,52.0,2d ,191.1,0.94,98.3,9.83,-92.8,-9.28,51.4,0.3,-190.50,-19.05
,08/13/2024 17:00,08/14/2024 17:00,AUDUSD,Sell,0.010,0.67050,0.65670,0.66125,0.66135,-0.0700,0.0100,-1.0,-0.16,-0.10,1723204395,01:00:00:16,8.4,2h 0m,154.1,0.23,125.1,12.51,-29.0,-2.9000000000000004,81.2,18.2,-126.10,-12.61
,08/13/2024 16:00,08/14/2024 17:00,AUDUSD,Sell,0.010,0.67000,0.65620,0.66076,0.66133,-0.0700,0.0100,-5.7,-0.63,-0.38,1723204394,01:01:00:16,6.0,1h 30m,154.1,0.28,120.2,12.020000000000001,-33.9,-3.39,78.0,18.3,-125.90,-12.59
,08/13/2024 11:00,08/14/2024 17:00,AUDUSD,Sell,0.010,0.66990,0.65610,0.66071,0.66131,-0.0700,0.0100,-6.0,-0.66,-0.39,1723204393,01:06:00:16,19.7,5h 54m,154.1,0.29,119.7,11.97,-34.4,-3.44,77.7,18.4,-125.70,-12.57
,08/08/2024 20:00,08/09/2024 12:47,AUDUSD,Sell,0.010,0.66700,0.65320,0.65776,0.65825,-0.0700,0.0100,-4.9,-0.55,-0.33,1722768201,00:16:47:07,0.0,0s,26.9,26.95,0.0,0.0,-26.9,-2.69,0.0,81.8,-4.90,-0.49
,08/08/2024 19:00,08/09/2024 12:47,AUDUSD,Sell,0.010,0.66710,0.65330,0.65789,0.65825,-0.0700,0.0100,-3.6,-0.42,-0.25,1722768200,00:17:47:08,3.3,35m,29.5,6.57,3.9,0.39,-25.6,-2.5600000000000005,13.2,74.6,-7.50,-0.75
,08/08/2024 17:30,08/09/2024 12:47,AUDUSD,Sell,0.010,0.66680,0.65300,0.65760,0.65825,-0.0700,0.0100,-6.5,-0.71,-0.42,1722768199,00:19:17:06,5.7,1h 5m,37.9,3.03,9.4,0.9400000000000001,-28.5,-2.85,24.8,58.0,-15.90,-1.59
,08/07/2024 07:15,08/07/2024 20:02,AUDUSD,Sell,0.010,0.66540,0.65160,0.65615,0.65405,-0.0700,0.0000,21.0,2.03,1.22,1722768187,00:12:47:54,65.8,8h 25m,38.4,0.51,25.4,2.54,-13.0,-1.3,66.1,88.5,-4.40,-0.44
,08/07/2024 06:15,08/07/2024 20:02,AUDUSD,Sell,0.010,0.66430,0.65050,0.65506,0.65405,-0.0700,0.0000,10.1,0.94,0.57,1722768186,00:13:47:54,25.9,3h 34m,38.4,1.65,14.5,1.4500000000000002,-23.9,-2.39,37.8,88.5,-4.40,-0.44
,08/07/2024 04:45,08/07/2024 20:02,AUDUSD,Sell,0.010,0.66430,0.65050,0.65511,0.65404,-0.0700,0.0000,10.7,1.00,0.61,1722768185,00:15:17:54,35.4,5h 24m,37.5,1.50,15.0,1.5,-22.5,-2.25,40.0,88.5,-4.30,-0.43
,08/05/2024 15:30,08/05/2024 16:37,AUDUSD,Buy,0.010,0.63480,0.64860,0.64397,0.64863,-0.0700,0.0000,46.6,4.59,2.86,1722768184,00:01:07:03,82.1,55m,10.9,0.06,51.7,5.170000000000001,-3.3,-0.33,94.0,90.7,-5.10,-0.51
,08/05/2024 08:45,08/05/2024 09:02,AUDUSD,Buy,0.010,0.63770,0.65150,0.64691,0.63769,-0.0700,0.0000,-92.2,-9.29,-5.48,1722768183,00:00:17:57,0.0,0s,94.6,95.24,0.0,0.0,-94.6,-9.459999999999999,0.0,2.5,-92.20,-9.22
,07/31/2024 21:15,07/31/2024 21:39,AUDUSD,Buy,0.010,0.64310,0.65690,0.65226,0.65391,-0.0700,0.0000,16.5,1.58,0.94,1720340970,00:00:24:53,92.0,22m,3.6,0.12,16.7,1.67,-2.0,-0.2,89.3,98.9,-0.20,-0.02
,07/31/2024 12:00,07/31/2024 16:00,AUDUSD,Buy,0.010,0.64010,0.65390,0.64928,0.65268,-0.0700,0.0000,34.0,3.33,2.02,1720340969,00:04:00:03,91.3,3h 39m,6.1,0.17,34.0,3.4000000000000004,-5.8,-0.58,85.4,100.0,0.00,0.00
,07/31/2024 09:52,07/31/2024 16:00,AUDUSD,Buy,0.010,0.64070,0.65450,0.64994,0.65265,-0.0700,0.0000,27.1,2.64,1.63,1720340968,00:06:07:32,53.3,3h 15m,21.1,0.46,27.1,2.7100000000000004,-12.4,-1.2400000000000002,68.6,100.0,0.00,0.00
,07/25/2024 23:15,07/26/2024 08:17,AUDUSD,Buy,0.010,0.64460,0.65840,0.65382,0.65557,-0.0700,-0.0200,17.5,1.66,1.04,1720340967,00:09:02:42,69.8,6h 18m,10.4,0.35,17.5,1.75,-6.2,-0.6200000000000001,73.8,100.0,0.00,0.00
,07/25/2024 21:15,07/26/2024 08:17,AUDUSD,Buy,0.010,0.64550,0.65930,0.65474,0.65557,-0.0700,-0.0200,8.3,0.74,0.46,1720340966,00:11:02:46,37.8,4h 10m,20.5,1.86,8.3,0.8300000000000001,-15.4,-1.54,35.0,100.0,0.00,0.00
,07/25/2024 03:00,07/25/2024 20:06,AUDUSD,Buy,0.010,0.64810,0.66190,0.65733,0.65588,-0.0700,0.0000,-14.5,-1.52,-0.94,1720340961,00:17:06:16,0.0,0s,54.3,54.35,0.0,0.0,-54.3,-5.43,0.0,73.3,-14.50,-1.45
,07/24/2024 22:00,07/25/2024 20:06,AUDUSD,Buy,0.010,0.64880,0.66260,0.65801,0.65588,-0.0700,-0.0700,-21.3,-2.27,-1.39,1720340959,00:22:06:05,8.4,1h 51m,66.4,11.53,5.3,0.53,-61.1,-6.11,8.0,59.9,-26.60,-2.66
,07/24/2024 20:00,07/25/2024 20:06,AUDUSD,Buy,0.010,0.65050,0.66430,0.65968,0.65588,-0.0700,-0.0700,-38.0,-3.94,-2.35,1720340958,01:00:06:12,1.4,20m,80.2,32.47,2.4,0.24,-77.8,-7.78,3.0,49.6,-40.40,-4.04
,07/23/2024 14:45,07/24/2024 16:01,AUDUSD,Buy,0.010,0.65290,0.66670,0.66211,0.66092,-0.0700,-0.0200,-11.9,-1.28,-0.76,1720340950,01:01:16:24,2.7,40m,39.9,13.26,2.8,0.27999999999999997,-37.1,-3.7100000000000004,7.0,63.2,-14.70,-1.47
,07/23/2024 10:15,07/24/2024 16:01,AUDUSD,Buy,0.010,0.65360,0.66740,0.66282,0.66092,-0.0700,-0.0200,-19.0,-1.99,-1.17,1720340949,01:05:46:22,0.0,0s,44.2,44.25,0.0,0.0,-44.2,-4.420000000000001,0.0,57.0,-19.00,-1.90
,07/23/2024 08:15,07/24/2024 16:01,AUDUSD,Buy,0.010,0.65380,0.66760,0.66300,0.66092,-0.0700,-0.0200,-20.8,-2.17,-1.26,1720340948,01:07:46:24,2.1,40m,49.3,13.95,3.3,0.33,-46.0,-4.6000000000000005,6.7,51.1,-24.10,-2.41
,07/19/2024 10:45,07/23/2024 04:25,AUDUSD,Buy,0.010,0.66000,0.67380,0.66918,0.66457,-0.0700,-0.0400,-46.1,-4.72,-2.66,1720340938,03:17:40:10,6.5,5h 49m,68.0,6.01,9.7,0.97,-58.3,-5.83,14.3,17.9,-55.80,-5.58
,07/19/2024 03:15,07/23/2024 04:25,AUDUSD,Buy,0.010,0.66040,0.67420,0.66959,0.66457,-0.0700,-0.0400,-50.2,-5.13,-2.81,1720340937,04:01:10:10,8.8,8h 33m,72.1,6.44,9.7,0.97,-62.4,-6.24,13.5,16.9,-59.90,-5.99
,07/18/2024 21:00,07/23/2024 04:25,AUDUSD,Buy,0.010,0.66270,0.67650,0.67185,0.66457,-0.0700,-0.0600,-72.8,-7.41,-3.90,1720340936,04:07:25:09,0.0,0s,85.0,85.47,0.0,0.0,-85.0,-8.5,0.0,14.4,-72.80,-7.28
,07/18/2024 04:15,07/18/2024 04:30,AUDUSD,Buy,0.010,0.66270,0.67650,0.67188,0.67316,-0.0700,0.0000,12.8,1.21,0.64,1720340935,00:00:15:08,100.0,15m,2.3,0.08,12.8,1.2800000000000002,0.0,0.0,100.0,100.0,0.00,0.00
,07/16/2024 15:45,07/17/2024 11:40,AUDUSD,Buy,0.010,0.66310,0.67690,0.67228,0.67418,-0.0700,-0.0200,19.0,1.81,0.97,1720340934,00:19:55:32,91.7,18h 16m,10.0,0.38,19.8,1.9800000000000002,-7.5,-0.75,72.5,97.1,-0.80,-0.08
,07/16/2024 12:00,07/17/2024 11:40,AUDUSD,Buy,0.010,0.66470,0.67850,0.67388,0.67418,-0.0700,-0.0200,3.0,0.21,0.11,1720340933,00:23:40:29,22.2,5h 15m,32.3,2.67,8.8,0.8800000000000001,-23.5,-2.35,27.2,82.0,-5.80,-0.58
,07/16/2024 08:00,07/17/2024 11:40,AUDUSD,Buy,0.010,0.66500,0.67880,0.67417,0.67417,-0.0700,-0.0200,0.0,-0.09,-0.05,1720340932,01:03:40:30,12.1,3h 20m,32.3,4.48,5.9,0.0,-26.4,-0.0,18.3,81.7,-5.90,0.00
,07/11/2024 09:15,07/12/2024 00:01,AUDUSD,Sell,0.010,0.68530,0.67150,0.67613,0.67631,-0.0700,0.0100,-1.8,-0.24,-0.13,1720340925,00:14:46:43,63.5,9h 23m,47.1,3.53,10.4,1.04,-36.7,-3.6700000000000004,22.1,74.1,-12.20,-1.22
,07/11/2024 06:45,07/12/2024 00:01,AUDUSD,Sell,0.010,0.68540,0.67160,0.67620,0.67631,-0.0700,0.0100,-1.1,-0.17,-0.09,1720340924,00:17:16:40,70.1,12h 6m,47.1,3.24,11.1,1.11,-36.0,-3.6,23.6,74.1,-12.20,-1.22
,07/11/2024 05:15,07/12/2024 00:01,AUDUSD,Sell,0.010,0.68550,0.67170,0.67630,0.67631,-0.0700,0.0100,-0.1,-0.07,-0.04,1720340923,00:18:46:40,73.8,13h 51m,47.1,2.89,12.1,1.21,-35.0,-3.5,25.7,74.1,-12.20,-1.22
,07/05/2024 17:45,07/08/2024 12:00,AUDUSD,Sell,0.010,0.68300,0.66920,0.67383,0.67361,-0.0700,0.0100,2.2,0.16,0.09,1718984376,02:18:15:04,74.0,2d 1h ,32.8,1.88,11.4,1.1400000000000001,-21.4,-2.14,34.8,72.0,-9.20,-0.92
,07/05/2024 18:45,07/08/2024 12:00,AUDUSD,Sell,0.010,0.68350,0.66970,0.67428,0.67361,-0.0700,0.0100,6.7,0.61,0.33,1718984377,02:17:15:02,80.9,2d 4h ,32.8,1.06,15.9,1.59,-16.9,-1.69,48.5,72.0,-9.20,-0.92
,07/05/2024 16:15,07/08/2024 12:00,AUDUSD,Sell,0.010,0.68360,0.66980,0.67440,0.67361,-0.0700,0.0100,7.9,0.73,0.39,1718984375,02:19:44:59,83.3,2d 8h ,38.7,0.68,23.0,2.3000000000000003,-15.7,-1.57,59.4,61.0,-15.10,-1.51
,07/03/2024 18:45,07/05/2024 15:30,AUDUSD,Sell,0.010,0.68060,0.66680,0.67143,0.67236,-0.0700,0.0300,-9.3,-0.97,-0.52,1718984358,01:20:45:04,26.9,12h 2m,39.5,1.76,14.3,1.4300000000000002,-25.2,-2.52,36.2,40.3,-23.60,-2.36
,07/03/2024 17:45,07/05/2024 15:30,AUDUSD,Sell,0.010,0.68160,0.66780,0.67236,0.67240,-0.0700,0.0300,-0.4,-0.08,-0.04,1718984357,01:21:45:05,43.4,19h 51m,39.5,0.67,23.6,2.3600000000000003,-15.9,-1.59,59.7,39.2,-24.00,-2.40
,07/03/2024 16:45,07/05/2024 15:30,AUDUSD,Sell,0.010,0.67870,0.66480,0.66945,0.67286,-0.0700,0.0300,-34.1,-3.45,-1.81,1718984356,01:22:45:02,0.0,0s,45.0,45.05,0.0,0.0,-45.0,-4.5,0.0,24.2,-34.10,-3.41
,07/02/2024 06:15,07/02/2024 16:37,AUDUSD,Buy,0.010,0.65440,0.66820,0.66355,0.66610,-0.0700,0.0000,25.5,2.48,1.32,1718984355,00:10:22:40,99.2,10h 17m,9.0,0.03,27.1,2.7100000000000004,-0.9,-0.09000000000000001,96.8,94.3,-1.60,-0.16
,06/28/2024 07:30,06/28/2024 12:04,AUDUSD,Buy,0.010,0.65310,0.66690,0.66228,0.66434,-0.0700,0.0000,20.6,1.99,1.07,1718984354,00:04:34:57,86.9,3h 58m,7.2,0.23,20.6,2.06,-4.8,-0.48,81.1,100.0,0.00,0.00
,06/28/2024 04:15,06/28/2024 12:04,AUDUSD,Buy,0.010,0.65370,0.66750,0.66287,0.66434,-0.0700,0.0000,14.7,1.40,0.76,1718984353,00:07:49:57,51.2,4h 0m,20.8,0.73,14.7,1.47,-10.7,-1.07,57.9,100.0,0.00,0.00
,06/26/2024 07:30,06/26/2024 16:12,AUDUSD,Sell,0.010,0.67690,0.66310,0.66771,0.66522,-0.0700,0.0000,24.9,2.42,1.33,1718984347,00:08:42:44,57.1,4h 58m,13.1,0.44,25.1,2.5100000000000002,-11.0,-1.1,69.5,99.4,-0.20,-0.02
,06/26/2024 06:30,06/26/2024 16:12,AUDUSD,Sell,0.010,0.67690,0.66310,0.66766,0.66522,-0.0700,0.0000,24.4,2.37,1.32,1718984346,00:09:42:44,57.7,5h 36m,18.1,0.47,24.6,2.4600000000000004,-11.5,-1.1500000000000001,68.1,99.4,-0.20,-0.02
,06/26/2024 05:00,06/26/2024 16:12,AUDUSD,Sell,0.010,0.67660,0.66280,0.66740,0.66522,-0.0700,0.0000,21.8,2.11,1.19,1718984345,00:11:12:44,41.5,4h 39m,22.1,0.64,22.0,2.2,-14.1,-1.4100000000000001,60.9,99.4,-0.20,-0.02
,06/24/2024 04:30,06/25/2024 08:21,AUDUSD,Buy,0.010,0.65390,0.66770,0.66310,0.66650,-0.0700,-0.0200,34.0,3.31,1.90,1718984344,01:03:51:28,100.0,1d 3h ,19.1,0.03,34.8,3.48,0.0,0.0,100.0,97.7,-0.80,-0.08
,06/19/2024 03:15,06/21/2024 12:19,AUDUSD,Sell,0.010,0.67530,0.66150,0.66608,0.66471,-0.0700,0.0300,13.7,1.33,0.77,1716722673,02:09:03:51,24.5,13h 58m,20.4,1.08,15.1,1.51,-16.3,-1.6300000000000001,48.1,95.5,-1.40,-0.14
,06/19/2024 02:15,06/21/2024 12:19,AUDUSD,Sell,0.010,0.67510,0.66130,0.66594,0.66468,-0.0700,0.0300,12.6,1.22,0.71,1716722672,02:10:03:51,20.9,12h 8m,21.1,1.29,13.7,1.37,-17.7,-1.77,43.6,96.5,-1.10,-0.11
,06/19/2024 01:15,06/21/2024 12:19,AUDUSD,Sell,0.010,0.67500,0.66120,0.66580,0.66468,-0.0700,0.0300,11.2,1.08,0.63,1716722671,02:11:03:58,16.7,9h 51m,21.1,1.55,12.3,1.2300000000000002,-19.1,-1.9100000000000001,39.2,96.5,-1.10,-0.11
,06/17/2024 15:45,06/18/2024 01:45,AUDUSD,Buy,0.010,0.64980,0.66360,0.65895,0.66166,-0.0700,-0.0200,27.1,2.62,1.56,1716722670,00:10:00:55,96.0,9h 36m,13.3,0.20,27.3,2.7300000000000004,-5.5,-0.55,83.2,99.4,-0.20,-0.02
,06/12/2024 16:00,06/13/2024 08:17,AUDUSD,Sell,0.010,0.67800,0.66420,0.66877,0.66462,-0.0700,0.0200,41.5,4.10,2.50,1716722664,00:16:17:04,73.9,12h 2m,22.8,0.37,42.7,4.2700000000000005,-16.0,-1.6,72.7,98.0,-1.20,-0.12
,06/12/2024 18:00,06/13/2024 04:50,AUDUSD,Sell,0.010,0.67850,0.66470,0.66932,0.66470,-0.0700,0.0200,46.2,4.57,2.87,1716722666,00:10:50:43,73.3,7h 56m,10.5,0.23,46.2,4.62,-10.5,-1.05,81.5,100.0,0.00,0.00
,06/12/2024 17:00,06/13/2024 04:50,AUDUSD,Sell,0.010,0.67850,0.66470,0.66931,0.66470,-0.0700,0.0200,46.1,4.56,2.95,1716722665,00:11:50:43,71.4,8h 27m,22.8,0.23,46.1,4.61,-10.6,-1.06,81.3,100.0,0.00,0.00
,06/07/2024 21:15,06/11/2024 21:31,AUDUSD,Buy,0.010,0.64900,0.66280,0.65822,0.66099,-0.0700,-0.0400,27.7,2.66,1.75,1716722662,04:00:16:34,44.0,1d 18h ,68.7,2.36,29.1,2.91,-68.7,-6.870000000000001,29.8,98.6,-1.40,-0.14
,06/07/2024 17:45,06/11/2024 21:31,AUDUSD,Buy,0.010,0.65080,0.66460,0.65999,0.66099,-0.0700,-0.0400,10.0,0.89,0.59,1716722661,04:03:46:31,16.8,16h 45m,86.4,7.58,11.4,1.1400000000000001,-86.4,-8.64,11.7,98.6,-1.40,-0.14
,06/07/2024 15:45,06/11/2024 21:31,AUDUSD,Buy,0.010,0.65210,0.66590,0.66128,0.66100,-0.0700,-0.0400,-2.8,-0.39,-0.26,1716722660,04:05:46:31,0.0,0s,99.3,100.00,0.0,0.0,-99.3,-9.93,0.0,97.2,-2.80,-0.28
,06/03/2024 19:15,06/04/2024 08:37,AUDUSD,Sell,0.010,0.67700,0.66320,0.66779,0.66754,-0.0700,0.0100,2.5,0.19,0.13,1716722656,00:13:21:59,32.7,4h 22m,33.2,1.53,13.1,1.31,-20.1,-2.0100000000000002,39.5,68.1,-10.60,-1.06
,06/03/2024 18:15,06/04/2024 08:37,AUDUSD,Sell,0.010,0.67740,0.66360,0.66820,0.66754,-0.0700,0.0100,6.6,0.60,0.40,1716722655,00:14:21:59,59.4,8h 32m,32.1,0.96,16.4,1.64,-15.7,-1.57,51.1,69.5,-9.80,-0.98
,06/03/2024 17:15,06/04/2024 08:37,AUDUSD,Sell,0.010,0.67840,0.66460,0.66916,0.66752,-0.0700,0.0100,16.4,1.58,1.06,1716722654,00:15:22:00,87.1,13h 23m,32.1,0.23,26.0,2.6,-6.1,-0.61,81.0,70.1,-9.60,-0.96
,05/30/2024 08:15,05/30/2024 16:02,AUDUSD,Buy,0.010,0.65110,0.66490,0.66032,0.66363,-0.0700,0.0000,33.1,3.24,2.22,1716722653,00:07:47:19,71.8,5h 35m,17.7,0.36,33.1,3.3100000000000005,-12.0,-1.2000000000000002,73.4,100.0,0.00,0.00
,05/30/2024 05:45,05/30/2024 16:02,AUDUSD,Buy,0.010,0.65120,0.66500,0.66039,0.66363,-0.0700,0.0000,32.4,3.17,2.22,1716722652,00:10:17:21,74.4,7h 39m,20.0,0.39,32.4,3.24,-12.7,-1.27,71.8,100.0,0.00,0.00
,05/28/2024 07:00,05/28/2024 20:50,AUDUSD,Sell,0.010,0.67650,0.66270,0.66726,0.66520,-0.0700,0.0000,20.6,1.99,1.41,1716722641,00:13:49:56,96.4,13h 20m,25.2,0.29,22.6,2.2600000000000002,-6.6,-0.66,77.4,93.2,-2.00,-0.20
,05/28/2024 06:00,05/28/2024 20:50,AUDUSD,Sell,0.010,0.67600,0.66220,0.66681,0.66519,-0.0700,0.0000,16.2,1.55,1.11,1716722640,00:14:50:00,77.6,11h 30m,22.7,0.59,18.2,1.82,-10.8,-1.08,62.8,93.1,-2.00,-0.20
,05/28/2024 05:00,05/28/2024 20:50,AUDUSD,Sell,0.010,0.67540,0.66160,0.66621,0.66517,-0.0700,0.0000,10.4,0.97,0.70,1716722639,00:15:50:00,47.4,7h 30m,22.7,1.38,12.2,1.22,-16.8,-1.6800000000000002,42.1,93.8,-1.80,-0.18
,05/24/2024 05:45,05/24/2024 12:06,AUDUSD,Buy,0.010,0.65010,0.66390,0.65930,0.66138,-0.0700,0.0000,20.8,2.01,1.47,1714893531,00:06:21:39,96.9,6h 9m,9.2,0.05,20.8,2.08,-1.0,-0.1,95.4,100.0,0.00,0.00
,05/24/2024 03:30,05/24/2024 12:06,AUDUSD,Buy,0.010,0.65050,0.66430,0.65972,0.66138,-0.0700,0.0000,16.6,1.59,1.18,1714893530,00:08:36:38,68.3,5h 52m,11.9,0.31,16.6,1.6600000000000001,-5.2,-0.52,76.1,100.0,0.00,0.00
,05/23/2024 21:00,05/24/2024 12:06,AUDUSD,Buy,0.010,0.65140,0.66520,0.66057,0.66138,-0.0700,-0.0200,8.1,0.72,0.54,1714893529,00:15:06:38,7.0,1h 3m,14.5,1.69,8.1,0.81,-13.7,-1.37,37.2,100.0,0.00,0.00
,05/22/2024 20:45,05/23/2024 16:04,AUDUSD,Buy,0.010,0.65390,0.66770,0.66305,0.66459,-0.0700,-0.0700,15.4,1.40,1.06,1714893527,00:19:19:33,20.0,3h 51m,23.2,1.43,16.2,1.62,-23.2,-2.32,41.1,98.0,-0.80,-0.08
,05/22/2024 17:45,05/23/2024 16:04,AUDUSD,Buy,0.010,0.65480,0.66860,0.66398,0.66460,-0.0700,-0.0700,6.2,0.48,0.36,1714893526,00:22:19:34,11.7,2h 36m,37.3,4.71,6.9,0.6900000000000001,-32.5,-3.25,17.5,98.2,-0.70,-0.07
,05/22/2024 15:45,05/23/2024 16:04,AUDUSD,Buy,0.010,0.65530,0.66910,0.66450,0.66460,-0.0700,-0.0700,1.0,-0.04,-0.03,1714893525,01:00:19:35,5.9,1h 26m,47.6,3.81,9.9,0.9900000000000001,-37.7,-3.7700000000000005,20.8,81.3,-8.90,-0.89
,05/21/2024 05:15,05/22/2024 04:49,AUDUSD,Buy,0.010,0.65570,0.66950,0.66493,0.66722,-0.0700,-0.0200,22.9,2.20,1.69,1714893524,00:23:34:40,100.0,23h 34m,18.0,0.03,28.7,2.87,0.0,0.0,100.0,79.8,-5.80,-0.58
,05/15/2024 22:31,05/16/2024 04:54,AUDUSD,Sell,0.010,0.67810,0.66430,0.66888,0.66820,-0.0700,0.0200,6.8,0.63,0.49,1714893518,00:06:23:44,7.3,28m,26.3,3.37,7.3,0.73,-24.6,-2.4600000000000004,22.9,98.4,-0.50,-0.05
,05/15/2024 21:30,05/16/2024 04:54,AUDUSD,Sell,0.010,0.67810,0.66430,0.66886,0.66820,-0.0700,0.0200,6.6,0.61,0.47,1714893517,00:07:23:54,12.2,54m,28.8,3.49,7.1,0.71,-24.8,-2.4800000000000004,22.3,98.4,-0.50,-0.05
,05/15/2024 20:30,05/16/2024 04:54,AUDUSD,Sell,0.010,0.67810,0.66430,0.66886,0.66821,-0.0700,0.0200,6.5,0.60,0.47,1714893516,00:08:23:54,13.9,1h 10m,28.8,3.49,7.1,0.71,-24.8,-2.4800000000000004,22.3,98.1,-0.60,-0.06
,05/15/2024 19:30,05/15/2024 19:30,AUDUSD,Sell,0.010,0.00000,0.00000,0.66795,0.66794,-0.0700,0.0000,0.1,-0.06,-0.05,1714893515,00:00:00:02,,,,,,,,,,,,
,05/15/2024 18:30,05/15/2024 18:30,AUDUSD,Sell,0.010,0.00000,0.00000,0.66846,0.66845,-0.0700,0.0000,0.1,-0.06,-0.05,1714893514,00:00:00:01,,,,,,,,,,,,
,05/15/2024 17:30,05/15/2024 17:30,AUDUSD,Sell,0.010,0.00000,0.00000,0.66489,0.66490,-0.0700,0.0000,-0.1,-0.08,-0.06,1714893513,00:00:00:02,,,,,,,,,,,,
,05/15/2024 05:30,05/15/2024 16:54,AUDUSD,Sell,0.010,0.67290,0.65910,0.66367,0.66327,-0.0700,0.0000,4.0,0.33,0.26,1714893501,00:11:23:59,3.0,20m,42.0,5.80,6.9,0.6900000000000001,-40.0,-4.0,14.7,93.8,-2.90,-0.29
,05/15/2024 04:30,05/15/2024 16:54,AUDUSD,Sell,0.010,0.67140,0.65760,0.66222,0.66327,-0.0700,0.0000,-10.5,-1.12,-0.87,1714893500,00:12:23:59,0.0,0s,54.5,54.64,0.0,0.0,-54.5,-5.45,0.0,80.7,-10.50,-1.05
,05/15/2024 03:30,05/15/2024 16:54,AUDUSD,Sell,0.010,0.67220,0.65840,0.66296,0.66327,-0.0700,0.0000,-3.1,-0.38,-0.29,1714893499,00:13:24:00,8.5,1h 8m,51.9,9.81,4.8,0.48,-47.1,-4.71,9.2,84.8,-7.90,-0.79
,05/13/2024 16:15,05/13/2024 20:05,AUDUSD,Sell,0.010,0.67180,0.65800,0.66265,0.66049,-0.0700,0.0000,21.6,2.09,1.64,1714893498,00:03:50:33,100.0,3h 50m,7.3,0.04,23.5,2.35,0.0,0.0,100.0,91.9,-1.90,-0.19
,05/08/2024 15:15,05/09/2024 04:35,AUDUSD,Buy,0.010,0.64670,0.66050,0.65591,0.65822,-0.0700,-0.0700,23.1,2.17,1.73,1714893497,00:13:19:55,99.4,13h 15m,15.3,0.04,26.0,2.6,-1.0,-0.1,96.3,89.3,-2.90,-0.29
,05/03/2024 03:45,05/07/2024 07:30,AUDUSD,Sell,0.010,0.66670,0.65290,0.65746,0.66114,-0.0700,0.0200,-36.8,-3.73,-2.89,1709357376,04:03:45:26,2.7,2h 41m,76.5,11.15,6.3,0.63,-70.2,-7.0200000000000005,8.2,43.7,-43.10,-4.31
,05/03/2024 05:45,05/07/2024 07:30,AUDUSD,Sell,0.010,0.66680,0.65300,0.65760,0.66130,-0.0700,0.0200,-37.0,-3.75,-2.83,1709357378,04:01:45:23,4.1,4h 0m,76.5,8.94,7.7,0.77,-68.8,-6.88,10.1,41.6,-44.70,-4.47
,05/03/2024 04:45,05/07/2024 07:30,AUDUSD,Sell,0.010,0.66720,0.65340,0.65800,0.66123,-0.0700,0.0200,-32.3,-3.28,-2.41,1709357377,04:02:45:24,7.2,7h 6m,76.5,5.54,11.7,1.17,-64.8,-6.48,15.3,42.5,-44.00,-4.40
,05/01/2024 03:30,05/01/2024 12:04,AUDUSD,Buy,0.010,0.63770,0.65150,0.64686,0.64815,-0.0700,0.0000,12.9,1.22,0.91,1709357374,00:08:34:44,66.5,5h 42m,8.3,0.36,12.9,1.29,-4.6,-0.45999999999999996,73.7,100.0,0.00,0.00
,04/30/2024 22:00,05/01/2024 12:04,AUDUSD,Buy,0.010,0.63910,0.65290,0.64825,0.64815,-0.0700,-0.0200,-1.0,-0.19,-0.14,1709357372,00:14:04:44,1.7,14m,20.5,9.25,2.0,0.2,-18.5,-1.85,9.8,85.4,-3.00,-0.30
,04/30/2024 19:45,05/01/2024 12:04,AUDUSD,Buy,0.010,0.63930,0.65310,0.64845,0.64815,-0.0700,-0.0200,-3.0,-0.39,-0.29,1709357371,00:16:19:43,11.5,1h 52m,27.8,2.81,7.3,0.73,-20.5,-2.0500000000000003,26.3,62.9,-10.30,-1.03
,04/26/2024 11:00,04/30/2024 04:30,AUDUSD,Sell,0.010,0.66340,0.64960,0.65422,0.65538,-0.0700,0.0200,-11.6,-1.21,-0.89,1709357347,03:17:30:42,69.5,2d 14h ,65.8,1.76,23.8,2.3800000000000003,-42.0,-4.2,36.2,46.2,-35.40,-3.54
,04/26/2024 10:00,04/30/2024 04:30,AUDUSD,Sell,0.010,0.66380,0.65000,0.65463,0.65543,-0.0700,0.0200,-8.0,-0.85,-0.62,1709357346,03:18:30:44,71.1,2d 16h ,65.8,1.36,27.9,2.79,-37.9,-3.79,42.4,45.4,-35.90,-3.59
,04/26/2024 09:00,04/30/2024 04:30,AUDUSD,Sell,0.010,0.66310,0.64930,0.65390,0.65541,-0.0700,0.0200,-15.1,-1.56,-1.12,1709357345,03:19:30:44,66.8,2d 13h ,65.8,2.19,20.6,2.06,-45.2,-4.5200000000000005,31.3,45.7,-35.70,-3.57
,04/24/2024 22:00,04/25/2024 16:10,AUDUSD,Sell,0.010,0.65860,0.64480,0.64939,0.64917,-0.0700,0.0200,2.2,0.17,0.12,1709357342,00:18:09:54,4.6,50m,40.4,5.04,7.7,0.77,-38.8,-3.88,16.6,88.2,-5.50,-0.55
,04/24/2024 21:00,04/25/2024 16:10,AUDUSD,Sell,0.010,0.65910,0.64530,0.64992,0.64915,-0.0700,0.0200,7.7,0.72,0.52,1709357341,00:19:10:01,33.1,6h 20m,42.0,2.58,13.0,1.3,-33.5,-3.35,28.0,88.6,-5.30,-0.53
,04/24/2024 20:00,04/25/2024 16:10,AUDUSD,Sell,0.010,0.65850,0.64470,0.64926,0.64916,-0.0700,0.0200,1.0,0.05,0.04,1709357340,00:20:10:02,2.9,35m,42.0,6.27,6.4,0.6400000000000001,-40.1,-4.010000000000001,13.8,88.4,-5.40,-0.54
,04/24/2024 17:30,04/24/2024 17:30,AUDUSD,Sell,0.010,0.00000,0.00000,0.64961,0.64961,-0.0700,0.0000,0.0,-0.07,-0.05,1709357339,00:00:00:04,,,,,,,,,,,,
,04/24/2024 16:30,04/24/2024 16:30,AUDUSD,Sell,0.010,0.00000,0.00000,0.65051,0.65052,-0.0700,0.0000,-0.1,-0.08,-0.06,1709357338,00:00:00:00,,,,,,,,,,,,
,04/23/2024 19:00,04/24/2024 16:04,AUDUSD,Sell,0.010,0.65700,0.64320,0.64776,0.64961,-0.0700,0.0100,-18.5,-1.91,-1.36,1709357319,00:21:04:00,0.0,0s,49.0,49.02,0.0,0.0,-49.0,-4.9,0.0,62.2,-18.50,-1.85
,04/23/2024 18:00,04/24/2024 16:04,AUDUSD,Sell,0.010,0.65690,0.64310,0.64767,0.64961,-0.0700,0.0100,-19.4,-2.00,-1.41,1709357318,00:22:04:02,0.0,0s,49.9,50.00,0.0,0.0,-49.9,-4.99,0.0,61.1,-19.40,-1.94
,04/23/2024 17:00,04/24/2024 16:04,AUDUSD,Sell,0.010,0.65740,0.64360,0.64820,0.64961,-0.0700,0.0100,-14.1,-1.47,-1.02,1709357317,00:23:04:01,6.2,1h 25m,53.9,4.80,9.3,0.9300000000000002,-44.6,-4.46,17.3,56.6,-23.40,-2.34
,04/23/2024 06:15,04/23/2024 12:00,AUDUSD,Sell,0.010,0.65500,0.64120,0.64576,0.64441,-0.0700,0.0000,13.5,1.28,0.90,1709357315,00:05:44:56,80.9,4h 39m,17.0,0.35,14.6,1.46,-5.1,-0.51,74.1,94.4,-1.10,-0.11
,04/23/2024 05:15,04/23/2024 12:00,AUDUSD,Sell,0.010,0.65530,0.64150,0.64605,0.64441,-0.0700,0.0000,16.4,1.57,1.12,1709357314,00:06:45:02,88.0,5h 56m,17.0,0.23,17.5,1.75,-4.1,-0.41,81.0,94.9,-1.10,-0.11
,04/23/2024 04:00,04/23/2024 12:00,AUDUSD,Sell,0.010,0.65510,0.64130,0.64594,0.64441,-0.0700,0.0000,15.3,1.46,1.05,1709357313,00:08:00:03,80.5,6h 26m,17.0,0.32,16.4,1.64,-5.2,-0.52,75.9,94.9,-1.10,-0.11
,04/19/2024 04:45,04/19/2024 10:03,AUDUSD,Buy,0.010,0.62750,0.64130,0.63670,0.64130,-0.0700,0.0000,46.0,4.53,3.36,1709357312,00:05:18:49,96.9,5h 8m,20.8,0.06,46.3,4.63,-2.6,-0.26,94.7,99.4,-0.30,-0.03
,04/15/2024 22:30,04/17/2024 09:50,AUDUSD,Buy,0.010,0.63480,0.64860,0.64402,0.64240,-0.0700,-0.0400,-16.2,-1.73,-1.27,1709357306,01:11:20:00,11.6,4h 5m,48.2,11.36,3.9,0.39,-44.3,-4.43,8.1,58.3,-20.10,-2.01
,04/15/2024 20:30,04/17/2024 09:50,AUDUSD,Buy,0.010,0.63600,0.64980,0.64518,0.64239,-0.0700,-0.0400,-27.9,-2.90,-2.08,1709357305,01:13:20:01,0.0,0s,55.9,56.18,0.0,0.0,-55.9,-5.59,0.0,50.1,-27.90,-2.79
,04/15/2024 17:30,04/17/2024 09:50,AUDUSD,Buy,0.010,0.63640,0.65020,0.64555,0.64239,-0.0700,-0.0400,-31.6,-3.27,-2.29,1709357304,01:16:20:00,6.0,2h 25m,74.4,4.03,14.8,1.4800000000000002,-59.6,-5.960000000000001,19.9,37.6,-46.40,-4.64
,04/12/2024 17:30,04/15/2024 05:01,AUDUSD,Buy,0.010,0.63760,0.65140,0.64680,0.64804,-0.0700,-0.0200,12.4,1.15,0.81,1709357301,02:11:31:11,91.6,2d 6h ,20.6,0.79,14.0,1.4000000000000001,-11.0,-1.1,56.0,93.6,-1.60,-0.16
,04/12/2024 15:30,04/15/2024 05:01,AUDUSD,Buy,0.010,0.63950,0.65330,0.64866,0.64805,-0.0700,-0.0200,-6.1,-0.70,-0.49,1709357300,02:13:31:11,0.2,7m,32.3,10.96,2.7,0.27,-29.6,-2.9600000000000004,8.4,72.8,-8.80,-0.88
,04/12/2024 13:30,04/15/2024 05:01,AUDUSD,Buy,0.010,0.64050,0.65430,0.64971,0.64805,-0.0700,-0.0200,-16.6,-1.75,-1.22,1709357299,02:15:31:11,0.2,7m,40.8,57.47,0.7,0.06999999999999999,-40.1,-4.010000000000001,1.7,57.6,-17.30,-1.73
,04/10/2024 20:15,04/11/2024 08:13,AUDUSD,Buy,0.010,0.64110,0.65490,0.65031,0.65224,-0.0700,-0.0700,19.3,1.79,1.26,1709357298,00:11:58:45,96.8,11h 35m,17.8,0.20,19.3,1.9300000000000002,-3.8,-0.38,83.5,100.0,0.00,0.00
,04/10/2024 18:15,04/11/2024 08:13,AUDUSD,Buy,0.010,0.64220,0.65600,0.65140,0.65225,-0.0700,-0.0700,8.5,0.71,0.50,1709357297,00:13:58:46,27.5,3h 50m,20.7,1.88,8.5,0.8500000000000001,-16.0,-1.6,34.7,100.0,0.00,0.00
,04/10/2024 16:15,04/11/2024 08:13,AUDUSD,Buy,0.010,0.64460,0.65840,0.65377,0.65225,-0.0700,-0.0700,-15.2,-1.66,-1.16,1709357296,00:15:58:45,0.6,5m,41.8,18.94,2.1,0.21000000000000002,-39.7,-3.9700000000000006,5.0,58.6,-17.30,-1.73
,04/09/2024 12:30,04/10/2024 15:30,AUDUSD,Sell,0.010,0.67110,0.65730,0.66193,0.65741,-0.0700,0.0100,45.2,4.46,3.22,1709357284,01:03:00:27,11.5,3h 6m,24.5,0.49,45.2,4.5200000000000005,-22.2,-2.22,67.1,100.0,0.00,0.00
,04/09/2024 14:30,04/10/2024 15:30,AUDUSD,Sell,0.010,0.67160,0.65780,0.66237,0.65769,-0.0700,0.0100,46.8,4.62,3.45,1709357286,01:01:00:16,49.4,12h 21m,24.5,0.38,46.8,4.68,-17.8,-1.7800000000000002,72.4,100.0,0.00,0.00
,04/09/2024 13:30,04/10/2024 15:30,AUDUSD,Sell,0.010,0.67160,0.65780,0.66241,0.65769,-0.0700,0.0100,47.2,4.66,3.60,1709357285,01:02:00:16,54.9,14h 16m,24.5,0.37,47.2,4.720000000000001,-17.4,-1.74,73.1,100.0,0.00,0.00
,04/03/2024 19:45,04/05/2024 16:10,AUDUSD,Sell,0.010,0.66570,0.65190,0.65651,0.65508,-0.0700,0.0500,14.3,1.41,1.10,1709357259,01:20:25:35,12.4,5h 30m,59.2,3.71,14.3,1.4300000000000002,-53.1,-5.3100000000000005,21.2,100.0,0.00,0.00
,04/03/2024 18:45,04/05/2024 16:10,AUDUSD,Sell,0.010,0.66510,0.65130,0.65592,0.65507,-0.0700,0.0500,8.5,0.83,0.65,1709357258,01:21:25:37,2.4,1h 5m,65.1,6.94,8.5,0.8500000000000001,-59.0,-5.9,12.6,100.0,0.00,0.00
,04/03/2024 17:45,04/05/2024 16:10,AUDUSD,Sell,0.010,0.66400,0.65020,0.65477,0.65508,-0.0700,0.0500,-3.1,-0.33,-0.26,1709357257,01:22:25:36,0.4,11m,72.8,30.67,2.3,0.22999999999999998,-70.5,-7.050000000000001,3.2,92.6,-5.40,-0.54
,04/01/2024 19:15,04/02/2024 04:24,AUDUSD,Buy,0.010,0.63920,0.65300,0.64841,0.64930,-0.0700,-0.0300,8.9,0.79,0.62,1709357255,00:09:09:48,74.6,6h 50m,14.9,1.11,8.9,0.8900000000000001,-9.9,-0.9900000000000001,47.3,100.0,0.00,0.00
,04/01/2024 17:15,04/02/2024 04:24,AUDUSD,Buy,0.010,0.64050,0.65430,0.64967,0.64930,-0.0700,-0.0300,-3.7,-0.47,-0.37,1709357254,00:11:09:48,0.0,0s,22.5,22.52,0.0,0.0,-22.5,-2.25,0.0,83.6,-3.70,-0.37
,03/28/2024 10:45,04/02/2024 04:24,AUDUSD,Buy,0.010,0.64160,0.65540,0.65080,0.64930,-0.0700,-0.0900,-15.0,-1.66,-1.29,1709357252,04:17:39:48,82.6,3d 21h ,58.0,0.93,30.0,3.0,-28.0,-2.8000000000000003,51.7,22.4,-45.00,-4.50
,03/28/2024 12:45,04/01/2024 01:04,AUDUSD,Buy,0.010,0.63950,0.65330,0.64874,0.65332,-0.0700,-0.0600,45.8,4.45,3.58,1709357253,03:12:18:57,100.0,3d 12h ,21.5,0.01,48.6,4.86,-0.4,-0.04000000000000001,99.2,94.3,-2.80,-0.28
,03/21/2024 16:15,03/21/2024 16:15,AUDUSD,Sell,0.010,0.00000,0.00000,0.65954,0.65954,-0.0700,0.0000,0.0,-0.07,-0.06,1709357251,00:00:00:00,,,,,,,,,,,,
,03/21/2024 15:15,03/21/2024 15:15,AUDUSD,Sell,0.010,0.00000,0.00000,0.66023,0.66023,-0.0700,0.0000,0.0,-0.07,-0.06,1709357250,00:00:00:01,,,,,,,,,,,,
,03/21/2024 14:15,03/21/2024 14:15,AUDUSD,Sell,0.010,0.00000,0.00000,0.66055,0.66056,-0.0700,0.0000,-0.1,-0.08,-0.06,1709357249,00:00:00:02,,,,,,,,,,,,
,03/21/2024 13:15,03/21/2024 13:15,AUDUSD,Sell,0.010,0.00000,0.00000,0.66134,0.66137,-0.0700,0.0000,-0.3,-0.10,-0.08,1709357248,00:00:00:12,,,,,,,,,,,,
,03/21/2024 12:15,03/21/2024 12:15,AUDUSD,Sell,0.010,0.00000,0.00000,0.66053,0.66051,-0.0700,0.0000,0.2,-0.05,-0.04,1709357247,00:00:00:01,,,,,,,,,,,,
,03/21/2024 02:15,03/21/2024 12:00,AUDUSD,Sell,0.010,0.66870,0.65480,0.65945,0.66057,-0.0700,0.0000,-11.2,-1.19,-0.95,1709357237,00:09:45:02,6.9,40m,64.8,1.55,25.4,2.54,-39.4,-3.94,39.2,43.5,-36.60,-3.66
,03/21/2024 01:15,03/21/2024 12:00,AUDUSD,Sell,0.010,0.66790,0.65410,0.65871,0.66057,-0.0700,0.0000,-18.6,-1.93,-1.51,1709357236,00:10:45:02,0.5,3m,64.8,2.60,18.0,1.8,-46.8,-4.68,27.8,43.5,-36.60,-3.66
,03/20/2024 23:00,03/21/2024 12:00,AUDUSD,Sell,0.010,0.66770,0.65390,0.65854,0.66058,-0.0700,0.0400,-20.4,-2.07,-1.59,1709357234,00:13:00:03,15.2,1h 58m,64.8,2.98,16.3,1.6300000000000001,-48.5,-4.8500000000000005,25.2,43.4,-36.70,-3.67
,03/19/2024 22:00,03/20/2024 20:23,AUDUSD,Buy,0.010,0.64380,0.65760,0.65300,0.65336,-0.0700,-0.0300,3.6,0.26,0.20,1709357233,00:22:23:56,41.3,9h 15m,27.9,1.82,9.9,0.9900000000000001,-18.0,-1.8,35.5,77.4,-6.30,-0.63
,03/19/2024 06:45,03/19/2024 20:01,AUDUSD,Buy,0.010,0.64420,0.65800,0.65338,0.65348,-0.0700,0.0000,1.0,0.03,0.02,1709357230,00:13:16:46,4.9,39m,39.9,3.39,9.1,0.91,-30.8,-3.08,22.8,79.7,-8.10,-0.81
,03/19/2024 03:45,03/19/2024 20:01,AUDUSD,Buy,0.010,0.64590,0.65970,0.65510,0.65349,-0.0700,0.0000,-16.1,-1.68,-1.28,1709357229,00:16:16:46,8.8,1h 25m,59.0,3.96,11.9,1.1900000000000002,-47.1,-4.71,20.2,52.5,-28.00,-2.80
,03/18/2024 20:45,03/19/2024 20:01,AUDUSD,Buy,0.010,0.64590,0.65970,0.65512,0.65350,-0.0700,-0.0300,-16.2,-1.72,-1.29,1709357227,00:23:16:45,34.8,8h 6m,59.0,4.04,11.7,1.17,-47.3,-4.7299999999999995,19.8,52.7,-27.90,-2.79
,03/15/2024 03:30,03/18/2024 10:37,AUDUSD,Buy,0.010,0.64760,0.66140,0.65678,0.65694,-0.0700,-0.0300,1.6,0.06,0.05,1709357222,03:07:07:59,3.6,2h 50m,19.0,3.04,4.7,0.47000000000000003,-14.3,-1.4300000000000002,24.7,83.7,-3.10,-0.31
,03/14/2024 22:15,03/18/2024 10:37,AUDUSD,Buy,0.010,0.64850,0.66230,0.65771,0.65695,-0.0700,-0.0600,-7.6,-0.89,-0.66,1709357221,03:12:22:59,3.9,3h 17m,27.7,3.62,6.0,0.6000000000000001,-21.7,-2.17,21.7,50.9,-13.60,-1.36
,03/14/2024 17:15,03/18/2024 10:37,AUDUSD,Buy,0.010,0.65030,0.66410,0.65953,0.65695,-0.0700,-0.0600,-25.8,-2.71,-1.98,1709357220,03:17:22:58,0.0,0s,39.9,40.00,0.0,0.0,-39.9,-3.99,0.0,35.3,-25.80,-2.58
,03/08/2024 21:45,03/08/2024 21:45,AUDUSD,Sell,0.010,0.00000,0.00000,0.66250,0.66248,-0.0700,0.0000,0.2,-0.05,-0.04,1709357219,00:00:00:01,,,,,,,,,,,,
,03/08/2024 16:00,03/08/2024 19:55,AUDUSD,Sell,0.010,0.67370,0.65990,0.66453,0.66215,-0.0700,0.0000,23.8,2.31,1.72,1709357215,00:03:54:59,79.6,3h 7m,11.6,0.30,24.3,2.43,-7.4,-0.7400000000000001,76.7,98.4,-0.50,-0.05
,03/08/2024 12:00,03/08/2024 19:55,AUDUSD,Sell,0.010,0.67360,0.65980,0.66437,0.66216,-0.0700,0.0000,22.1,2.14,1.62,1709357211,00:07:55:09,58.8,4h 39m,30.3,0.95,22.7,2.27,-21.6,-2.16,51.2,98.6,-0.60,-0.06
,03/08/2024 08:00,03/08/2024 19:55,AUDUSD,Sell,0.010,0.67260,0.65880,0.66337,0.66218,-0.0700,0.0000,11.9,1.12,0.85,1709357207,00:11:55:18,34.6,4h 7m,40.3,2.49,12.7,1.27,-31.6,-3.16,28.7,98.2,-0.80,-0.08
,03/06/2024 18:00,03/08/2024 15:30,AUDUSD,Sell,0.010,0.66570,0.65190,0.65655,0.66575,-0.0700,0.0500,-92.0,-9.22,-6.57,1709357180,01:21:30:54,9.6,4h 22m,97.5,16.75,5.5,0.55,-92.0,-9.200000000000001,5.6,0.0,-97.50,-9.75
,03/06/2024 17:00,03/08/2024 11:31,AUDUSD,Sell,0.010,0.66420,0.65040,0.65495,0.66423,-0.0700,0.0500,-92.8,-9.30,-6.22,1709357179,01:18:31:39,0.2,5m,94.2,66.67,1.4,0.13999999999999999,-92.8,-9.28,1.5,0.0,-94.20,-9.42
,03/06/2024 16:00,03/08/2024 07:57,AUDUSD,Sell,0.010,0.66330,0.64950,0.65409,0.66331,-0.0700,0.0500,-92.2,-9.24,-5.82,1709357178,01:15:57:13,0.3,7m,93.1,103.09,0.9,0.09000000000000001,-92.2,-9.22,1.0,0.0,-93.10,-9.31
,03/05/2024 08:30,03/05/2024 16:13,AUDUSD,Buy,0.010,0.63910,0.65290,0.64833,0.64980,-0.0700,0.0000,14.7,1.40,0.89,1709357177,00:07:43:20,70.1,5h 24m,9.5,0.43,14.7,1.47,-6.3,-0.63,70.0,100.0,0.00,0.00
,02/29/2024 15:00,03/01/2024 04:15,AUDUSD,Buy,0.010,0.63970,0.65350,0.64887,0.65077,-0.0700,-0.0300,19.0,1.80,1.16,1707806279,00:13:15:16,98.4,13h 2m,38.3,0.07,40.6,4.0600000000000005,-2.7,-0.27,93.8,50.1,-21.60,-2.16
,02/28/2024 09:15,02/29/2024 03:05,AUDUSD,Buy,0.010,0.64170,0.65550,0.65094,0.65002,-0.0700,-0.1000,-9.2,-1.09,-0.70,1707806273,00:17:50:44,0.0,0s,57.6,57.80,0.0,0.0,-57.6,-5.760000000000001,0.0,84.0,-9.20,-0.92
,02/28/2024 07:15,02/29/2024 03:05,AUDUSD,Buy,0.010,0.64260,0.65640,0.65179,0.65002,-0.0700,-0.1000,-17.7,-1.94,-1.22,1707806272,00:19:50:44,0.0,0s,66.1,66.23,0.0,0.0,-66.1,-6.609999999999999,0.0,73.2,-17.70,-1.77
,02/28/2024 05:15,02/29/2024 03:05,AUDUSD,Buy,0.010,0.64320,0.65700,0.65242,0.65001,-0.0700,-0.1000,-24.1,-2.58,-1.60,1707806271,00:21:50:49,0.0,0s,72.4,72.46,0.0,0.0,-72.4,-7.240000000000001,0.0,66.7,-24.10,-2.41
,02/27/2024 04:30,02/27/2024 08:10,AUDUSD,Buy,0.010,0.64370,0.65750,0.65289,0.65478,-0.0700,0.0000,18.9,1.82,1.14,1707806270,00:03:40:25,84.7,3h 6m,5.6,0.20,19.2,1.92,-3.9,-0.39,83.1,98.7,-0.30,-0.03
,02/26/2024 20:30,02/27/2024 08:10,AUDUSD,Buy,0.010,0.64410,0.65790,0.65331,0.65478,-0.0700,-0.0300,14.7,1.37,0.87,1707806269,00:11:40:25,71.9,8h 23m,17.0,0.54,15.0,1.5,-8.1,-0.81,64.9,98.7,-0.30,-0.03
,02/22/2024 11:15,02/22/2024 16:06,AUDUSD,Sell,0.010,0.66780,0.65400,0.65861,0.65511,-0.0700,0.0000,35.0,3.43,2.22,1707806265,00:04:51:53,97.7,4h 45m,7.8,0.03,35.5,3.5500000000000003,-1.0,-0.1,97.3,98.6,-0.50,-0.05
,02/22/2024 10:15,02/22/2024 16:06,AUDUSD,Sell,0.010,0.66850,0.65470,0.65930,0.65511,-0.0700,0.0000,41.9,4.12,2.74,1707806264,00:05:51:52,99.2,5h 49m,7.8,0.03,42.4,4.24,-1.4,-0.13999999999999999,96.8,98.9,-0.50,-0.05
,02/22/2024 09:15,02/22/2024 16:06,AUDUSD,Sell,0.010,0.66720,0.65340,0.65802,0.65511,-0.0700,0.0000,29.1,2.84,1.92,1707806263,00:06:51:52,39.1,2h 41m,15.2,0.48,29.6,2.9600000000000004,-14.2,-1.42,67.6,98.9,-0.50,-0.05
,02/20/2024 13:00,02/21/2024 00:01,AUDUSD,Sell,0.010,0.66510,0.65130,0.65590,0.65593,-0.0700,0.0100,-0.3,-0.09,-0.06,1707806253,00:11:01:01,51.9,5h 43m,21.7,1.44,13.0,1.3,-18.7,-1.87,41.0,58.0,-13.30,-1.33
,02/20/2024 14:00,02/21/2024 00:01,AUDUSD,Sell,0.010,0.66480,0.65100,0.65565,0.65593,-0.0700,0.0100,-2.8,-0.34,-0.23,1707806254,00:10:00:59,51.2,5h 7m,21.2,2.02,10.5,1.05,-21.2,-2.12,33.1,58.0,-13.30,-1.33
,02/20/2024 12:00,02/21/2024 00:01,AUDUSD,Sell,0.010,0.66460,0.65080,0.65538,0.65593,-0.0700,0.0100,-5.5,-0.61,-0.41,1707806252,00:12:01:00,38.2,4h 35m,28.7,3.06,7.8,0.78,-23.9,-2.39,24.6,58.0,-13.30,-1.33
,02/19/2024 02:30,02/19/2024 16:35,AUDUSD,Sell,0.010,0.66380,0.65000,0.65465,0.65358,-0.0700,0.0000,10.7,1.00,0.68,1707806248,00:14:05:13,97.7,13h 45m,12.1,0.22,12.5,1.25,-2.8,-0.27999999999999997,81.7,88.2,-1.80,-0.18
,02/16/2024 21:00,02/19/2024 16:35,AUDUSD,Sell,0.010,0.66340,0.64960,0.65420,0.65358,-0.0700,0.0100,6.2,0.56,0.38,1707806247,02:19:35:11,92.8,2d 14h ,92.1,0.09,84.8,8.48,-7.3,-0.73,92.1,14.7,-78.60,-7.86
,02/16/2024 20:00,02/19/2024 16:35,AUDUSD,Sell,0.010,0.66320,0.64940,0.65396,0.65359,-0.0700,0.0100,3.7,0.31,0.21,1707806246,02:20:35:11,87.5,2d 12h ,92.1,0.12,82.4,8.24,-9.7,-0.97,89.5,14.5,-78.70,-7.87
,02/13/2024 20:00,02/14/2024 08:00,AUDUSD,Buy,0.010,0.63640,0.65020,0.64560,0.64683,-0.0700,-0.0300,12.3,1.13,0.78,1707806244,00:12:00:57,27.9,3h 21m,15.0,1.14,12.3,1.2300000000000002,-14.0,-1.4000000000000001,46.8,100.0,0.00,0.00
,02/13/2024 17:45,02/14/2024 08:00,AUDUSD,Buy,0.010,0.63650,0.65030,0.64574,0.64683,-0.0700,-0.0300,10.9,0.99,0.68,1707806243,00:14:15:55,28.5,4h 3m,22.3,1.41,10.9,1.09,-15.4,-1.54,41.4,100.0,0.00,0.00
,02/13/2024 15:45,02/14/2024 08:00,AUDUSD,Buy,0.010,0.63840,0.65220,0.64756,0.64683,-0.0700,-0.0300,-7.3,-0.83,-0.57,1707806242,00:16:15:56,0.0,0s,32.0,32.05,0.0,0.0,-32.0,-3.2,0.0,77.2,-7.30,-0.73
,02/05/2024 16:45,02/06/2024 04:00,AUDUSD,Buy,0.010,0.63950,0.65330,0.64866,0.64963,-0.0700,-0.0300,9.7,0.87,0.60,1706690130,00:11:15:03,13.1,1h 28m,22.4,1.77,9.7,0.97,-17.2,-1.72,36.1,100.0,0.00,0.00
,02/05/2024 14:45,02/06/2024 04:00,AUDUSD,Buy,0.010,0.64020,0.65400,0.64943,0.64963,-0.0700,-0.0300,2.0,0.10,0.07,1706690129,00:13:15:04,1.9,15m,24.4,12.21,2.0,0.2,-24.4,-2.44,7.6,100.0,0.00,0.00
,02/05/2024 11:30,02/06/2024 04:00,AUDUSD,Buy,0.010,0.64100,0.65480,0.65021,0.64963,-0.0700,-0.0300,-5.8,-0.68,-0.47,1706690128,00:16:30:04,4.6,45m,35.0,11.51,2.8,0.27999999999999997,-32.2,-3.2200000000000006,8.0,75.4,-8.60,-0.86
,02/05/2024 01:15,02/05/2024 08:02,AUDUSD,Buy,0.010,0.64000,0.65380,0.64917,0.65169,-0.0700,0.0000,25.2,2.45,1.72,1706690127,00:06:47:07,90.2,6h 7m,20.6,0.21,25.2,2.52,-5.3,-0.53,82.6,100.0,0.00,0.00
,02/01/2024 09:15,02/01/2024 20:46,AUDUSD,Buy,0.010,0.64440,0.65820,0.65359,0.65720,-0.0700,0.0000,36.1,3.54,2.54,1706690124,00:11:31:30,26.8,3h 5m,9.8,0.03,36.1,3.6100000000000003,0.0,0.0,100.0,100.0,0.00,0.00
,02/01/2024 07:15,02/01/2024 20:46,AUDUSD,Buy,0.010,0.64550,0.65930,0.65472,0.65720,-0.0700,0.0000,24.8,2.41,1.76,1706690123,00:13:31:36,20.4,2h 45m,9.8,0.33,24.8,2.4800000000000004,-8.2,-0.82,75.2,100.0,0.00,0.00
,01/31/2024 22:15,02/01/2024 20:46,AUDUSD,Buy,0.010,0.64800,0.66180,0.65722,0.65720,-0.0700,-0.1000,-0.2,-0.19,-0.14,1706690122,00:22:31:35,68.2,15h 21m,34.4,27.70,1.2,0.12,-33.2,-3.3200000000000003,3.5,95.9,-1.40,-0.14
,01/30/2024 02:45,01/30/2024 12:24,AUDUSD,Sell,0.010,0.67130,0.65750,0.66214,0.66014,-0.0700,0.0000,20.0,1.93,1.43,1704705315,00:09:39:35,98.0,9h 27m,14.2,0.09,27.4,2.74,-2.6,-0.26,91.3,75.3,-7.40,-0.74
,01/30/2024 07:30,01/30/2024 12:24,AUDUSD,Sell,0.010,0.67080,0.65700,0.66163,0.66014,-0.0700,0.0000,14.9,1.42,1.06,1704705317,00:04:54:33,96.0,4h 42m,11.2,0.09,22.3,2.23,-1.9,-0.19,92.1,69.4,-7.40,-0.74
,01/30/2024 04:15,01/30/2024 12:24,AUDUSD,Sell,0.010,0.67080,0.65700,0.66159,0.66016,-0.0700,0.0000,14.3,1.36,1.03,1704705316,00:08:09:31,96.6,7h 52m,14.2,0.11,21.9,2.19,-2.3,-0.22999999999999998,90.5,68.6,-7.60,-0.76
,01/24/2024 16:30,01/24/2024 20:23,AUDUSD,Sell,0.010,0.67120,0.65740,0.66204,0.65910,-0.0700,0.0000,29.4,2.87,2.22,1704705314,00:03:53:35,100.0,3h 53m,12.2,0.03,29.4,2.94,0.0,0.0,100.0,100.0,0.00,0.00
,01/24/2024 15:30,01/24/2024 20:23,AUDUSD,Sell,0.010,0.67080,0.65690,0.66155,0.65910,-0.0700,0.0000,24.5,2.38,1.87,1704705313,00:04:53:38,90.0,4h 24m,12.2,0.18,24.5,2.45,-4.5,-0.45,84.5,100.0,0.00,0.00
,01/22/2024 04:45,01/22/2024 20:19,AUDUSD,Sell,0.010,0.66960,0.65580,0.66036,0.65786,-0.0700,0.0000,25.0,2.43,1.95,1704705312,00:15:34:07,100.0,15h 34m,12.6,0.03,31.6,3.16,0.0,0.0,100.0,79.1,-6.60,-0.66
,01/22/2024 03:45,01/22/2024 20:19,AUDUSD,Sell,0.010,0.66990,0.65610,0.66071,0.65787,-0.0700,0.0000,28.4,2.77,2.27,1704705311,00:16:34:16,100.0,16h 34m,12.6,0.03,35.1,3.5100000000000002,0.0,0.0,100.0,80.9,-6.70,-0.67
,01/22/2024 02:45,01/22/2024 20:19,AUDUSD,Sell,0.010,0.66950,0.65570,0.66027,0.65787,-0.0700,0.0000,24.0,2.33,1.95,1704705310,00:17:34:17,92.9,16h 19m,12.6,0.13,30.7,3.0700000000000003,-4.0,-0.4,88.5,80.7,-6.70,-0.67
,01/17/2024 09:30,01/18/2024 00:14,AUDUSD,Buy,0.010,0.64610,0.65990,0.65526,0.65529,-0.0700,-0.1000,0.3,-0.14,-0.12,1704705306,00:14:44:07,24.2,3h 33m,36.1,2.19,11.3,1.1300000000000001,-24.8,-2.4800000000000004,31.3,69.5,-11.00,-1.10
,01/17/2024 07:30,01/18/2024 00:14,AUDUSD,Buy,0.010,0.64710,0.66090,0.65634,0.65526,-0.0700,-0.1000,-10.8,-1.25,-1.03,1704705305,00:16:44:07,1.6,16m,36.1,71.43,0.5,0.05,-35.6,-3.5600000000000005,1.4,68.7,-11.30,-1.13
,01/17/2024 05:30,01/18/2024 00:14,AUDUSD,Buy,0.010,0.64810,0.66190,0.65728,0.65526,-0.0700,-0.1000,-20.2,-2.19,-1.78,1704705304,00:18:44:07,0.0,0s,45.0,45.05,0.0,0.0,-45.0,-4.5,0.0,55.1,-20.20,-2.02
,01/16/2024 21:15,01/17/2024 04:06,AUDUSD,Buy,0.010,0.64860,0.66240,0.65777,0.65935,-0.0700,-0.0300,15.8,1.48,1.22,1704705303,00:06:51:13,100.0,6h 51m,4.9,0.06,15.8,1.58,0.0,0.0,100.0,100.0,0.00,0.00
,01/15/2024 15:00,01/17/2024 04:06,AUDUSD,Buy,0.010,0.65630,0.67010,0.66552,0.65935,-0.0700,-0.0600,-61.7,-6.30,-4.92,1704705295,01:13:06:14,22.7,8h 25m,82.9,10.36,7.3,0.73,-75.6,-7.56,8.8,16.8,-69.00,-6.90
,01/15/2024 11:30,01/17/2024 04:06,AUDUSD,Buy,0.010,0.65740,0.67120,0.66660,0.65935,-0.0700,-0.0600,-72.5,-7.38,-5.45,1704705294,01:16:36:11,0.0,0s,86.4,86.96,0.0,0.0,-86.4,-8.64,0.0,16.1,-72.50,-7.25
,01/15/2024 09:30,01/16/2024 19:30,AUDUSD,Buy,0.010,0.65820,0.67200,0.66738,0.65821,-0.0700,-0.0300,-91.7,-9.27,-6.41,1704705293,01:10:00:29,0.0,0s,91.7,91.74,0.0,0.0,-91.7,-9.17,0.0,0.0,-91.70,-9.17
,01/11/2024 16:00,01/12/2024 03:46,AUDUSD,Buy,0.010,0.65730,0.67110,0.66653,0.67110,-0.0700,-0.0300,45.7,4.47,3.19,1704705290,00:11:46:46,78.3,9h 13m,15.2,0.30,46.7,4.670000000000001,-14.2,-1.42,76.7,98.4,-1.00,-0.10
,01/11/2024 18:15,01/12/2024 01:58,AUDUSD,Buy,0.010,0.65610,0.66990,0.66532,0.66990,-0.0700,-0.0300,45.8,4.48,3.30,1704705291,00:07:43:28,93.4,7h 12m,5.0,0.05,45.8,4.58,-2.1,-0.21000000000000002,95.6,100.0,0.00,0.00
,01/05/2024 11:00,01/05/2024 17:02,AUDUSD,Buy,0.010,0.66010,0.67390,0.66925,0.67390,-0.0700,0.0000,46.5,4.58,3.50,1702368516,00:06:02:05,30.8,1h 51m,16.5,0.35,46.5,4.65,-16.5,-1.6500000000000001,73.8,100.0,0.00,0.00
,01/05/2024 08:30,01/05/2024 17:02,AUDUSD,Buy,0.010,0.66010,0.67390,0.66930,0.67390,-0.0700,0.0000,46.0,4.53,3.58,1702368515,00:08:32:05,38.9,3h 19m,30.9,0.37,46.0,4.6000000000000005,-17.0,-1.7000000000000002,73.0,100.0,0.00,0.00
,01/05/2024 13:00,01/05/2024 17:00,AUDUSD,Buy,0.010,0.65900,0.67280,0.66818,0.67298,-0.0700,0.0000,48.0,4.73,3.88,1702368517,00:04:00:26,77.8,3h 7m,9.1,0.08,57.1,5.710000000000001,-4.3,-0.43,93.0,85.2,-9.10,-0.91
,01/04/2024 19:45,01/05/2024 04:24,AUDUSD,Buy,0.010,0.66070,0.67450,0.66987,0.67167,-0.0700,-0.0300,18.0,1.70,1.42,1702368514,00:08:39:43,100.0,8h 39m,2.1,0.06,18.1,1.8100000000000003,0.0,0.0,100.0,99.4,-0.10,-0.01
,01/04/2024 16:45,01/05/2024 04:24,AUDUSD,Buy,0.010,0.66100,0.67480,0.67015,0.67167,-0.0700,-0.0300,15.2,1.42,1.20,1702368513,00:11:39:43,91.4,10h 39m,10.0,0.09,15.3,1.5300000000000002,-1.3,-0.13,92.2,99.4,-0.10,-0.01
,01/02/2024 21:00,01/04/2024 08:24,AUDUSD,Buy,0.010,0.66730,0.68110,0.67646,0.67465,-0.0700,-0.1300,-18.1,-2.01,-1.67,1702368505,01:11:24:01,11.2,3h 57m,58.1,40.65,1.4,0.13999999999999999,-56.7,-5.670000000000001,2.4,66.4,-19.50,-1.95
,01/02/2024 18:00,01/04/2024 08:24,AUDUSD,Buy,0.010,0.66760,0.68140,0.67680,0.67467,-0.0700,-0.1300,-21.3,-2.33,-1.89,1702368504,01:14:24:01,2.6,59m,65.0,12.27,4.9,0.49000000000000005,-60.1,-6.010000000000001,7.5,59.7,-26.20,-2.62
,01/02/2024 16:00,01/04/2024 08:24,AUDUSD,Buy,0.010,0.66880,0.68260,0.67799,0.67467,-0.0700,-0.1300,-33.2,-3.52,-2.78,1702368503,01:16:24:01,0.0,0s,72.0,72.46,0.0,0.0,-72.0,-7.2,0.0,53.9,-33.20,-3.32
,12/29/2023 16:00,12/29/2023 17:40,AUDUSD,Buy,0.010,0.66920,0.68300,0.67836,0.68300,-0.0700,0.0000,46.4,4.57,3.75,1702368502,00:01:40:27,,,,,,,,,,,,
,12/28/2023 17:30,12/29/2023 11:15,AUDUSD,Sell,0.010,0.69530,0.68150,0.68612,0.68150,-0.0700,0.0100,46.2,4.56,3.88,1702368501,00:17:45:18,100.0,17h 45m,26.2,0.02,59.2,5.920000000000001,0.0,0.0,100.0,78.0,-13.00,-1.30
,12/27/2023 04:00,12/28/2023 10:31,AUDUSD,Sell,0.010,0.69210,0.67830,0.68292,0.68373,-0.0700,0.0400,-8.1,-0.84,-0.71,1702368475,01:06:31:24,10.0,3h 3m,43.7,12.66,3.2,0.32000000000000006,-40.5,-4.05,7.3,74.1,-11.30,-1.13
,12/27/2023 01:15,12/28/2023 10:31,AUDUSD,Sell,0.010,0.69200,0.67820,0.68278,0.68374,-0.0700,0.0400,-9.6,-0.99,-0.83,1702368474,01:09:16:26,3.1,1h 1m,43.7,23.31,1.8,0.18000000000000002,-41.9,-4.19,4.1,73.9,-11.40,-1.14
,12/26/2023 23:15,12/28/2023 10:31,AUDUSD,Sell,0.010,0.69180,0.67800,0.68261,0.68373,-0.0700,0.0500,-11.2,-1.14,-0.95,1702368473,01:11:16:22,8.6,3h 2m,52.7,4.79,9.1,0.91,-43.6,-4.36,17.3,61.5,-20.30,-2.03
,12/22/2023 15:15,12/26/2023 00:14,AUDUSD,Sell,0.010,0.68980,0.67600,0.68063,0.68112,-0.0700,0.0200,-4.9,-0.54,-0.45,1702368467,03:08:59:41,98.8,3d 8h ,297.4,0.02,292.5,29.25,-4.9,-0.49000000000000005,98.4,0.0,-297.40,-29.74
,12/22/2023 14:15,12/26/2023 00:14,AUDUSD,Sell,0.010,0.69030,0.67650,0.68105,0.68112,-0.0700,0.0200,-0.7,-0.12,-0.10,1702368466,03:09:59:45,97.6,3d 8h ,297.4,0.01,296.7,29.67,-4.0,-0.4,98.7,1.1,-297.40,-29.74
,12/22/2023 13:15,12/26/2023 00:14,AUDUSD,Sell,0.010,0.68960,0.67580,0.68039,0.68112,-0.0700,0.0200,-7.3,-0.78,-0.64,1702368465,03:10:59:46,94.0,3d 6h ,297.4,0.04,290.1,29.010000000000005,-10.6,-1.06,96.5,1.1,-297.40,-29.74
,12/21/2023 18:00,12/22/2023 08:17,AUDUSD,Sell,0.010,0.68780,0.67400,0.67857,0.67736,-0.0700,0.0100,12.1,1.15,0.95,1702368459,00:14:17:08,46.7,6h 40m,21.5,1.31,12.1,1.21,-15.9,-1.59,43.2,100.0,0.00,0.00
,12/21/2023 16:45,12/22/2023 08:17,AUDUSD,Sell,0.010,0.68780,0.67400,0.67861,0.67737,-0.0700,0.0100,12.4,1.18,0.99,1702368458,00:15:32:06,50.0,7h 46m,21.5,1.25,12.4,1.2400000000000002,-15.5,-1.55,44.4,100.0,0.00,0.00
,12/21/2023 15:45,12/22/2023 08:17,AUDUSD,Sell,0.010,0.68760,0.67380,0.67838,0.67734,-0.0700,0.0100,10.4,0.98,0.83,1702368457,00:16:32:07,41.2,6h 48m,21.5,1.71,10.4,1.04,-17.8,-1.7800000000000002,36.9,100.0,0.00,0.00
,12/18/2023 15:15,12/21/2023 00:01,AUDUSD,Sell,0.010,0.68210,0.66830,0.67294,0.67446,-0.0700,0.0600,-15.2,-1.53,-1.27,1702368444,02:08:45:48,33.4,18h 57m,78.5,1.21,35.6,3.5600000000000005,-42.9,-4.29,45.4,35.3,-50.80,-5.08
,12/18/2023 14:15,12/21/2023 00:01,AUDUSD,Sell,0.010,0.68210,0.66830,0.67291,0.67446,-0.0700,0.0600,-15.5,-1.56,-1.28,1702368443,02:09:45:57,34.5,19h 55m,78.5,1.22,35.3,3.53,-43.2,-4.32,45.0,35.3,-50.80,-5.08
,12/18/2023 11:15,12/21/2023 00:01,AUDUSD,Sell,0.010,0.68270,0.66880,0.67345,0.67446,-0.0700,0.0600,-10.1,-1.02,-0.83,1702368442,02:12:46:00,46.0,1d 3h ,78.5,0.93,40.7,4.07,-37.8,-3.78,51.8,35.3,-50.80,-5.08
,12/14/2023 22:45,12/15/2023 15:33,AUDUSD,Sell,0.010,0.67900,0.66520,0.66977,0.66937,-0.0700,0.0100,4.0,0.34,0.28,1702368440,00:16:48:38,23.6,3h 58m,26.8,0.88,26.5,2.6500000000000004,-23.3,-2.33,53.2,54.8,-22.50,-2.25
,12/14/2023 21:45,12/15/2023 15:33,AUDUSD,Sell,0.010,0.67890,0.66510,0.66974,0.66938,-0.0700,0.0100,3.6,0.30,0.25,1702368439,00:17:48:39,27.8,4h 57m,26.8,0.90,26.2,2.62,-23.6,-2.3600000000000003,52.6,54.6,-22.60,-2.26
,12/14/2023 20:45,12/15/2023 15:33,AUDUSD,Sell,0.010,0.67860,0.66480,0.66939,0.66938,-0.0700,0.0100,0.1,-0.05,-0.04,1702368438,00:18:48:41,10.6,1h 59m,27.1,1.19,22.7,2.27,-27.1,-2.7100000000000004,45.6,54.6,-22.60,-2.26
,12/14/2023 19:45,12/14/2023 19:45,AUDUSD,Sell,0.010,0.00000,0.00000,0.67180,0.67181,-0.0700,0.0000,-0.1,-0.08,-0.07,1702368437,00:00:00:02,,,,,,,,,,,,
,12/14/2023 18:45,12/14/2023 18:45,AUDUSD,Sell,0.010,0.00000,0.00000,0.67084,0.67082,-0.0700,0.0000,0.2,-0.05,-0.04,1702368436,00:00:00:01,,,,,,,,,,,,
,12/14/2023 17:45,12/14/2023 17:45,AUDUSD,Sell,0.010,0.00000,0.00000,0.66850,0.66856,-0.0700,0.0000,-0.6,-0.13,-0.11,1702368435,00:00:00:01,,,,,,,,,,,,
,12/14/2023 16:45,12/14/2023 17:36,AUDUSD,Sell,0.010,0.68020,0.66640,0.67102,0.66858,-0.0700,0.0000,24.4,2.37,1.98,1702368434,00:00:51:37,,,,,,,,,,,,
,12/14/2023 15:45,12/14/2023 15:45,AUDUSD,Sell,0.010,0.00000,0.00000,0.66989,0.66988,-0.0700,0.0000,0.1,-0.06,-0.05,1702368433,00:00:00:01,,,,,,,,,,,,
,12/13/2023 23:15,12/14/2023 15:30,AUDUSD,Sell,0.010,0.67630,0.66250,0.66707,0.66892,-0.0700,0.0400,-18.5,-1.88,-1.54,1702368419,00:16:15:42,0.0,0s,41.3,41.32,0.0,0.0,-41.3,-4.13,0.0,55.2,-18.50,-1.85
,12/13/2023 22:15,12/14/2023 15:30,AUDUSD,Sell,0.010,0.67570,0.66190,0.66652,0.66889,-0.0700,0.0400,-23.7,-2.40,-1.93,1702368418,00:17:15:44,0.0,0s,46.8,46.95,0.0,0.0,-46.8,-4.68,0.0,49.4,-23.70,-2.37
,12/13/2023 21:15,12/14/2023 15:30,AUDUSD,Sell,0.010,0.67320,0.65940,0.66402,0.66887,-0.0700,0.0400,-48.5,-4.88,-3.78,1702368417,00:18:15:44,0.0,0s,73.9,74.07,0.0,0.0,-73.9,-7.390000000000001,0.0,34.4,-48.50,-4.85
,12/07/2023 06:45,12/07/2023 12:00,AUDUSD,Buy,0.010,0.64390,0.65770,0.65310,0.65715,-0.0700,0.0000,40.5,3.98,3.18,1700136761,00:05:15:02,,,,,,,,,,,,
,12/07/2023 04:45,12/07/2023 12:00,AUDUSD,Buy,0.010,0.64440,0.65820,0.65360,0.65717,-0.0700,0.0000,35.7,3.50,2.88,1700136760,00:07:15:02,,,,,,,,,,,,
,12/05/2023 19:00,12/06/2023 04:08,AUDUSD,Buy,0.010,0.64580,0.65960,0.65498,0.65908,-0.0700,-0.0300,41.0,4.00,3.40,1700136759,00:09:08:36,,,,,,,,,,,,
,12/05/2023 16:15,12/06/2023 04:08,AUDUSD,Buy,0.010,0.64650,0.66030,0.65566,0.65906,-0.0700,-0.0300,34.0,3.30,2.89,1700136758,00:11:53:36,,,,,,,,,,,,
,12/05/2023 13:30,12/06/2023 04:08,AUDUSD,Buy,0.010,0.64670,0.66050,0.65594,0.65906,-0.0700,-0.0300,31.2,3.02,2.71,1700136757,00:14:38:36,,,,,,,,,,,,
,12/04/2023 03:30,12/04/2023 05:37,AUDUSD,Sell,0.010,0.67710,0.66330,0.66786,0.66630,-0.0700,0.0000,15.6,1.49,1.36,1700136755,00:02:07:53,,,,,,,,,,,,
,12/04/2023 02:15,12/04/2023 05:37,AUDUSD,Sell,0.010,0.67740,0.66360,0.66822,0.66630,-0.0700,0.0000,19.2,1.85,1.71,1700136754,00:03:22:52,,,,,,,,,,,,
,12/04/2023 01:15,12/04/2023 05:37,AUDUSD,Sell,0.010,0.67710,0.66330,0.66785,0.66628,-0.0700,0.0000,15.7,1.50,1.41,1700136753,00:04:22:53,,,,,,,,,,,,
,11/27/2023 11:15,11/29/2023 12:48,AUDUSD,Sell,0.010,0.66900,0.65520,0.65982,0.66206,-0.0700,0.0200,-22.4,-2.29,-2.11,1700136721,02:01:33:35,0.0,0s,57.7,57.80,0.0,0.0,-57.7,-5.7700000000000005,0.0,61.2,-22.40,-2.24
,11/27/2023 10:15,11/29/2023 12:48,AUDUSD,Sell,0.010,0.66850,0.65470,0.65927,0.66206,-0.0700,0.0200,-27.9,-2.84,-2.54,1700136720,02:02:33:37,0.0,0s,63.2,63.29,0.0,0.0,-63.2,-6.32,0.0,55.9,-27.90,-2.79
,11/27/2023 09:15,11/29/2023 12:48,AUDUSD,Sell,0.010,0.66840,0.65460,0.65922,0.66206,-0.0700,0.0200,-28.4,-2.89,-2.52,1700136719,02:03:33:38,0.0,0s,63.7,64.10,0.0,0.0,-63.7,-6.370000000000001,0.0,55.4,-28.40,-2.84
,11/27/2023 03:30,11/27/2023 04:21,AUDUSD,Sell,0.010,0.66850,0.65470,0.65934,0.65726,-0.0700,0.0000,20.8,2.01,1.79,1700136718,00:00:51:26,,,,,,,,,,,,
,11/24/2023 21:30,11/27/2023 04:21,AUDUSD,Sell,0.010,0.66820,0.65440,0.65898,0.65726,-0.0700,0.0100,17.2,1.66,1.50,1700136717,02:06:51:15,21.5,11h 47m,0.1,0.51,17.3,1.7300000000000002,8.9,0.8900000000000001,206.0,98.8,-0.10,-0.01
,11/24/2023 20:15,11/27/2023 04:21,AUDUSD,Sell,0.010,0.66820,0.65440,0.65903,0.65726,-0.0700,0.0100,17.7,1.71,1.57,1700136716,02:08:06:25,21.5,12h 3m,0.1,0.06,17.8,1.7800000000000002,0.0,0.0,100.0,99.4,-0.10,-0.01
,11/21/2023 18:45,11/22/2023 08:05,AUDUSD,Sell,0.010,0.66580,0.65200,0.65662,0.65395,-0.0700,0.0100,26.7,2.61,2.45,1700136715,00:13:20:01,,,,,,,,,,,,
,11/21/2023 17:45,11/22/2023 08:05,AUDUSD,Sell,0.010,0.66600,0.65220,0.65677,0.65397,-0.0700,0.0100,28.0,2.74,2.64,1700136714,00:14:20:02,,,,,,,,,,,,
,11/21/2023 16:45,11/22/2023 08:05,AUDUSD,Sell,0.010,0.66740,0.65360,0.65820,0.65397,-0.0700,0.0100,42.3,4.17,4.19,1700136713,00:15:20:03,,,,,,,,,,,,
,11/21/2023 15:45,11/21/2023 15:45,AUDUSD,Sell,0.010,0.00000,0.00000,0.65726,0.65723,-0.0700,0.0000,0.3,-0.04,-0.04,1700136712,00:00:00:01,,,,,,,,,,,,
,11/21/2023 14:45,11/21/2023 14:45,AUDUSD,Sell,0.010,0.00000,0.00000,0.65738,0.65738,-0.0700,0.0000,0.0,-0.07,-0.07,1700136711,00:00:00:00,,,,,,,,,,,,
,11/21/2023 13:45,11/21/2023 13:45,AUDUSD,Sell,0.010,0.00000,0.00000,0.65739,0.65738,-0.0700,0.0000,0.1,-0.06,-0.06,1700136710,00:00:00:07,,,,,,,,,,,,
,11/21/2023 12:45,11/21/2023 12:45,AUDUSD,Sell,0.010,0.00000,0.00000,0.65732,0.65733,-0.0700,0.0000,-0.1,-0.08,-0.08,1700136709,00:00:00:02,,,,,,,,,,,,
,11/20/2023 22:00,11/21/2023 12:00,AUDUSD,Sell,0.010,0.66540,0.65160,0.65621,0.65578,-0.0700,0.0100,4.3,0.37,0.37,1700136697,00:13:59:29,,,,,,,,,,,,
,11/20/2023 21:00,11/21/2023 12:00,AUDUSD,Sell,0.010,0.66510,0.65130,0.65586,0.65578,-0.0700,0.0100,0.8,0.02,0.02,1700136696,00:14:59:48,,,,,,,,,,,,
,11/20/2023 20:00,11/21/2023 12:00,AUDUSD,Sell,0.010,0.66400,0.65020,0.65484,0.65576,-0.0700,0.0100,-9.2,-0.98,-0.98,1700136695,00:15:59:49,,,,,,,,,,,,
,11/20/2023 19:00,11/20/2023 19:00,AUDUSD,Sell,0.010,0.00000,0.00000,0.65557,0.65556,-0.0700,0.0000,0.1,-0.06,-0.06,1700136694,00:00:00:01,,,,,,,,,,,,
,11/20/2023 18:00,11/20/2023 18:00,AUDUSD,Sell,0.010,0.00000,0.00000,0.65462,0.65462,-0.0700,0.0000,0.0,-0.07,-0.07,1700136693,00:00:00:01,,,,,,,,,,,,
,11/20/2023 17:00,11/20/2023 17:00,AUDUSD,Sell,0.010,0.00000,0.00000,0.65464,0.65456,-0.0700,0.0000,0.8,0.01,0.01,1700136692,00:00:00:02,,,,,,,,,,,,
,11/20/2023 07:00,11/20/2023 16:13,AUDUSD,Sell,0.010,0.66410,0.65030,0.65490,0.65447,-0.0700,0.0000,4.3,0.36,0.36,1700136682,00:09:13:13,,,,,,,,,,,,
,11/20/2023 06:00,11/20/2023 16:13,AUDUSD,Sell,0.010,0.66410,0.65030,0.65494,0.65447,-0.0700,0.0000,4.7,0.40,0.40,1700136681,00:10:13:14,,,,,,,,,,,,
,11/20/2023 05:00,11/20/2023 16:13,AUDUSD,Sell,0.010,0.66350,0.64970,0.65434,0.65447,-0.0700,0.0000,-1.3,-0.20,-0.20,1700136680,00:11:13:15,,,,,,,,,,,,
,11/09/2023 17:39,,,Deposit,0.000,0.00000,0.00000,0.00000,0.00000,0.0000,0.0000,0.0,100.00,0,0,00:00:00:00,,,,,,,,,,,,

