Open Date,Close Date,Symbol,Action,Units/Lots,Open Price,Close Price,Commission,Swap,Pips,Profit,Gain,Duration (DD:HH:MM:SS),Profitable(%),Profitable(time duration),Drawdown,Risk:Reward,Max(pips),Max(EUR),Min(pips),Min(EUR),Entry Accuracy(%),Exit Accuracy(%),ProfitMissed(pips),ProfitMissed(EUR)
05/20/2026 17:31,05/21/2026 05:45,USDCAD,Buy,0.130,1.37537,1.37630,0.0000,0.4600,9.3,8.02,0.05,00:12:14:47,8.9,1h 5m,22.3,2.34,9.5,7.695,-22.2,-17.982,30.0,99.4,-0.20,-0.16
05/20/2026 10:47,05/21/2026 05:45,USDCAD,Buy,0.120,1.37717,1.37630,0.0000,0.4300,-8.7,-6.10,-0.04,00:18:58:11,9.7,1h 50m,42.8,6.38,5.8,4.35,-37.0,-27.75,13.6,66.1,-14.50,-10.88
05/20/2026 09:17,05/20/2026 11:38,AUDCAD,Buy,0.120,0.97829,0.97928,0.0000,0.0000,9.9,7.44,0.05,00:02:21:17,71.5,1h 41m,7.6,0.67,11.3,8.475000000000001,-7.6,-5.699999999999999,59.8,92.6,-1.40,-1.05
05/20/2026 09:22,,,Deposit,0.010,0.00000,0.00000,0.0000,0.0000,0.0,1.34,0,00:00:00:00,,,,,,,,,,,,
05/19/2026 16:08,05/19/2026 17:22,NZDUSD,Sell,0.120,0.58340,0.58240,0.0000,0.0000,10.0,10.34,0.07,00:01:14:00,80.0,59m,8.2,0.21,14.0,14.42,-2.9,-2.987,82.8,76.3,-4.00,-4.12
05/19/2026 15:30,05/19/2026 16:03,AUDCAD,Sell,0.130,0.98019,0.97925,0.0000,0.0000,9.4,7.65,0.05,00:00:33:45,100.0,33m,0.5,0.10,9.9,8.019,0.0,0.0,100.0,94.9,-0.50,-0.41
05/19/2026 14:24,05/19/2026 16:03,AUDCAD,Sell,0.120,0.97838,0.97925,0.0000,0.0000,-8.7,-6.53,-0.04,00:01:39:57,0.0,0s,20.1,20.12,0.0,0.0,-20.1,-15.075000000000001,0.0,56.7,-8.70,-6.52
05/18/2026 17:05,05/19/2026 12:05,USDCAD,Buy,0.120,1.37511,1.37612,0.0000,0.1400,10.1,7.72,0.05,00:18:59:15,9.3,1h 45m,18.9,1.84,10.3,7.7250000000000005,-18.9,-14.174999999999999,35.3,99.3,-0.20,-0.15
05/19/2026 09:23,,,Deposit,0.010,0.00000,0.00000,0.0000,0.0000,0.0,0.58,0,00:00:00:00,,,,,,,,,,,,
05/19/2026 03:39,05/19/2026 04:35,AUDUSD,Sell,0.020,0.71564,0.71464,0.0000,0.0000,10.0,1.72,0.01,00:00:55:42,100.0,55m,4.4,0.08,12.7,2.1590000000000003,0.0,0.0,100.0,78.7,-2.70,-0.46
05/19/2026 03:39,05/19/2026 04:31,AUDUSD,Sell,0.100,0.71564,0.71460,0.0000,0.0000,10.4,8.93,0.06,00:00:51:21,100.0,51m,2.5,0.08,12.7,10.921999999999999,0.0,0.0,100.0,81.9,-2.30,-1.98
05/18/2026 11:33,05/18/2026 15:42,AUDUSD,Buy,0.020,0.71640,0.71739,0.0000,0.0000,9.9,1.70,0.01,00:04:08:33,20.0,49m,17.6,1.28,13.8,2.346,-17.6,-2.9920000000000004,43.9,87.6,-3.90,-0.66
05/18/2026 11:33,05/18/2026 15:42,AUDUSD,Buy,0.100,0.71640,0.71741,0.0000,0.0000,10.1,8.67,0.06,00:04:08:29,20.0,49m,17.6,1.28,13.8,11.868,-17.6,-15.136000000000001,43.9,88.2,-3.70,-3.18
05/18/2026 11:33,05/18/2026 15:34,AUDCAD,Buy,0.120,0.98396,0.98495,0.0000,0.0000,9.9,7.42,0.05,00:04:01:14,27.1,1h 5m,15.2,1.43,10.6,7.949999999999999,-15.2,-11.399999999999999,41.1,97.3,-0.70,-0.52
05/16/2026 08:50,,,Deposit,0.010,0.00000,0.00000,0.0000,0.0000,0.0,0.23,0,00:00:00:00,,,,,,,,,,,,
05/15/2026 09:05,,,Deposit,0.010,0.00000,0.00000,0.0000,0.0000,0.0,0.50,0,00:00:00:00,,,,,,,,,,,,
05/15/2026 03:46,05/15/2026 07:54,USDCAD,Buy,0.120,1.37354,1.37454,0.0000,0.0000,10.0,7.50,0.05,00:04:08:01,100.0,4h 8m,3.6,0.09,10.9,8.175,0.0,0.0,100.0,91.7,-0.90,-0.68
05/14/2026 16:27,05/14/2026 19:57,AUDCAD,Sell,0.120,0.99156,0.99059,0.0000,0.0000,9.7,7.26,0.05,00:03:29:49,64.3,2h 14m,12.0,0.67,9.7,7.2749999999999995,-6.5,-4.875,59.9,100.0,0.00,0.00
05/14/2026 10:59,05/14/2026 15:25,USDCAD,Buy,0.120,1.37166,1.37263,0.0000,0.0000,9.7,7.24,0.05,00:04:25:50,44.5,1h 58m,11.8,1.22,9.7,7.2749999999999995,-11.8,-8.850000000000001,45.1,100.0,0.00,0.00
05/14/2026 08:47,,,Deposit,0.010,0.00000,0.00000,0.0000,0.0000,0.0,0.48,0,00:00:00:00,,,,,,,,,,,,
05/13/2026 09:00,,,Deposit,0.010,0.00000,0.00000,0.0000,0.0000,0.0,2.24,0,00:00:00:00,,,,,,,,,,,,
05/13/2026 04:00,05/13/2026 06:07,NZDUSD,Sell,0.130,0.59562,0.59463,0.0000,0.0000,9.9,10.97,0.07,00:02:07:48,24.0,30m,11.9,0.95,9.9,10.989,-9.4,-10.434000000000001,51.3,100.0,0.00,0.00
05/12/2026 18:23,05/13/2026 06:07,NZDUSD,Sell,0.120,0.59380,0.59463,0.0000,0.0300,-8.3,-8.46,-0.06,00:11:44:09,2.2,15m,28.8,23.04,1.2,1.224,-27.6,-28.152,4.2,67.0,-9.50,-9.69
05/12/2026 19:54,05/12/2026 20:54,AUDCAD,Buy,0.130,0.98955,0.99050,0.0000,0.0000,9.5,7.68,0.05,00:01:00:04,100.0,1h 0m,1.1,0.10,10.5,8.505,0.0,0.0,100.0,90.5,-1.00,-0.81
05/12/2026 17:15,05/12/2026 20:54,AUDCAD,Buy,0.120,0.99138,0.99050,0.0000,0.0000,-8.8,-6.57,-0.04,00:03:38:54,4.7,10m,19.7,48.31,0.4,0.30000000000000004,-19.3,-14.475000000000001,2.0,53.3,-9.20,-6.90
05/12/2026 09:43,05/12/2026 09:55,GBPCAD,Sell,0.020,1.85599,1.85500,0.0000,0.0000,9.9,1.23,0.01,00:00:11:47,,,,,,,,,,,,
05/12/2026 09:43,05/12/2026 09:55,GBPCAD,Sell,0.100,1.85599,1.85499,0.0000,0.0000,10.0,6.22,0.04,00:00:11:47,,,,,,,,,,,,
05/12/2026 06:26,05/12/2026 09:31,AUDUSD,Sell,0.020,0.72280,0.72179,0.0000,0.0000,10.1,1.72,0.01,00:03:05:18,27.1,50m,7.1,0.70,10.1,1.717,-7.1,-1.207,58.7,100.0,0.00,0.00
05/12/2026 06:26,05/12/2026 09:31,AUDUSD,Sell,0.100,0.72280,0.72177,0.0000,0.0000,10.3,8.77,0.06,00:03:04:57,27.1,50m,7.1,0.69,10.3,8.755,-7.1,-6.034999999999999,59.2,100.0,0.00,0.00
05/12/2026 08:52,,,Deposit,0.010,0.00000,0.00000,0.0000,0.0000,0.0,1.45,0,00:00:00:00,,,,,,,,,,,,
05/12/2026 04:36,05/12/2026 07:35,AUDCAD,Buy,0.130,0.98958,0.99052,0.0000,0.0000,9.4,7.59,0.05,00:02:58:20,100.0,2h 58m,5.7,0.10,9.6,7.776,0.0,0.0,100.0,97.9,-0.20,-0.16
05/11/2026 17:53,05/12/2026 07:35,AUDCAD,Buy,0.120,0.99139,0.99052,0.0000,0.0200,-8.7,-6.46,-0.04,00:13:41:24,29.9,4h 5m,27.3,3.01,6.8,5.032,-20.5,-15.17,24.9,43.2,-15.50,-11.47
05/12/2026 04:40,05/12/2026 05:49,NZDUSD,Buy,0.130,0.59498,0.59591,0.0000,0.0000,9.3,10.28,0.07,00:01:08:28,100.0,1h 8m,3.4,0.11,9.3,10.323000000000002,0.0,0.0,100.0,100.0,0.00,0.00
05/11/2026 18:21,05/12/2026 05:49,NZDUSD,Buy,0.120,0.59678,0.59591,0.0000,-0.4500,-8.7,-9.33,-0.06,00:11:27:32,2.2,15m,19.0,46.51,0.4,0.40800000000000003,-18.6,-18.972,2.1,52.1,-9.10,-9.28
05/11/2026 18:19,05/11/2026 18:27,GBPCAD,Buy,0.020,1.86469,1.86569,0.0000,0.0000,10.0,1.24,0.01,00:00:08:26,,,,,,,,,,,,
05/11/2026 18:19,05/11/2026 18:27,GBPCAD,Buy,0.100,1.86469,1.86572,0.0000,0.0000,10.3,6.39,0.04,00:00:08:24,,,,,,,,,,,,
05/11/2026 11:05,05/11/2026 16:47,AUDUSD,Buy,0.020,0.72457,0.72557,0.0000,0.0000,10.0,1.70,0.01,00:05:42:07,22.1,1h 15m,10.0,1.00,10.0,1.7000000000000002,-10.0,-1.7000000000000002,50.0,100.0,0.00,0.00
05/11/2026 11:05,05/11/2026 16:47,AUDUSD,Buy,0.100,0.72457,0.72559,0.0000,0.0000,10.2,8.66,0.06,00:05:42:01,22.1,1h 15m,10.0,0.98,10.2,8.67,-10.0,-8.5,50.5,100.0,0.00,0.00
05/11/2026 13:39,05/11/2026 13:58,GBPCAD,Sell,0.020,1.85745,1.85642,0.0000,0.0000,10.3,1.28,0.01,00:00:18:47,,,,,,,,,,,,
05/11/2026 13:39,05/11/2026 13:57,GBPCAD,Sell,0.100,1.85745,1.85643,0.0000,0.0000,10.2,6.34,0.04,00:00:18:11,,,,,,,,,,,,
05/08/2026 08:30,05/11/2026 08:49,NZDUSD,Sell,0.130,0.59504,0.59406,0.0000,0.0300,9.8,10.87,0.07,03:00:18:57,10.1,7h 18m,19.8,1.11,14.0,15.540000000000001,-15.5,-17.205000000000002,47.5,85.8,-4.20,-4.66
05/08/2026 05:36,05/11/2026 08:49,NZDUSD,Sell,0.120,0.59315,0.59406,0.0000,0.0300,-9.1,-9.27,-0.06,03:03:12:41,0.0,0s,34.4,34.48,0.0,0.0,-34.4,-35.088,0.0,73.5,-9.10,-9.28
05/09/2026 08:26,,,Deposit,0.010,0.00000,0.00000,0.0000,0.0000,0.0,0.26,0,00:00:00:00,,,,,,,,,,,,
05/08/2026 20:10,,,Withdrawal,0.010,0.00000,0.00000,0.0000,0.0000,0.0,-300.00,0,00:00:00:00,,,,,,,,,,,,
05/08/2026 06:34,05/08/2026 11:21,AUDCAD,Buy,0.020,0.98610,0.98710,0.0000,0.0000,10.0,1.25,0.01,00:04:47:18,73.7,3h 31m,6.6,0.55,11.9,1.5470000000000002,-6.5,-0.845,64.7,89.7,-1.90,-0.25
05/08/2026 06:34,05/08/2026 11:21,AUDCAD,Buy,0.100,0.98610,0.98713,0.0000,0.0000,10.3,6.42,0.04,00:04:47:17,73.7,3h 31m,6.6,0.55,11.9,7.378,-6.5,-4.03,64.7,91.3,-1.60,-0.99
05/08/2026 09:02,,,Deposit,0.010,0.00000,0.00000,0.0000,0.0000,0.0,1.14,0,00:00:00:00,,,,,,,,,,,,
05/07/2026 09:43,05/07/2026 11:53,NZDUSD,Buy,0.020,0.59684,0.59784,0.0000,0.0000,10.0,1.70,0.01,00:02:09:07,100.0,2h 9m,2.5,0.10,10.0,1.7000000000000002,0.0,0.0,100.0,100.0,0.00,0.00
05/07/2026 09:43,05/07/2026 11:53,NZDUSD,Buy,0.100,0.59684,0.59785,0.0000,0.0000,10.1,8.58,0.06,00:02:09:05,100.0,2h 9m,2.5,0.10,10.1,8.584999999999999,0.0,0.0,100.0,100.0,0.00,0.00
05/07/2026 04:52,05/07/2026 10:10,GBPCAD,Buy,0.020,1.85471,1.85572,0.0000,0.0000,10.1,1.26,0.01,00:05:17:44,28.6,1h 30m,16.8,0.89,12.3,1.476,-10.9,-1.308,53.0,90.5,-2.20,-0.26
05/07/2026 04:52,05/07/2026 10:10,GBPCAD,Buy,0.100,1.85471,1.85569,0.0000,0.0000,9.8,6.12,0.04,00:05:17:43,28.6,1h 30m,16.8,0.89,12.3,7.626,-10.9,-6.758,53.0,89.2,-2.50,-1.55
05/07/2026 08:33,05/07/2026 10:08,AUDCAD,Buy,0.120,0.98845,0.98941,0.0000,0.0000,9.6,7.19,0.05,00:01:34:11,66.7,1h 2m,6.2,0.52,11.9,8.925,-6.2,-4.65,65.7,87.3,-2.30,-1.73
05/07/2026 04:37,05/07/2026 09:43,AUDUSD,Buy,0.120,0.72453,0.72549,0.0000,0.0000,9.6,9.80,0.06,00:05:06:24,45.0,2h 17m,8.0,0.44,10.5,10.71,-4.6,-4.691999999999999,69.5,94.0,-0.90,-0.92
05/07/2026 09:04,,,Deposit,0.010,0.00000,0.00000,0.0000,0.0000,0.0,1.05,0,00:00:00:00,,,,,,,,,,,,
05/06/2026 02:20,05/06/2026 15:23,USDCAD,Buy,0.130,1.35993,1.36087,0.0000,0.0000,9.4,7.64,0.05,00:13:03:08,36.6,4h 46m,20.6,1.52,9.4,7.614000000000001,-14.3,-11.583000000000002,39.7,100.0,0.00,0.00
05/05/2026 12:14,05/06/2026 15:23,USDCAD,Buy,0.120,1.36174,1.36087,0.0000,0.1400,-8.7,-6.38,-0.04,01:03:09:26,23.0,6h 14m,40.5,4.00,8.1,6.074999999999999,-32.4,-24.299999999999997,20.0,58.5,-16.80,-12.60
05/06/2026 10:17,05/06/2026 10:51,GBPCAD,Buy,0.120,1.84719,1.84819,0.0000,0.0000,10.0,7.52,0.05,00:00:33:22,,,,,,,,,,,,
05/06/2026 08:50,,,Deposit,0.010,0.00000,0.00000,0.0000,0.0000,0.0,1.36,0,00:00:00:00,,,,,,,,,,,,
05/06/2026 04:18,05/06/2026 06:02,NZDUSD,Buy,0.120,0.59231,0.59330,0.0000,0.0000,9.9,10.14,0.07,00:01:44:00,100.0,1h 44m,0.7,0.10,10.2,10.404,0.0,0.0,100.0,97.1,-0.30,-0.31
05/04/2026 13:14,05/05/2026 18:38,NZDUSD,Buy,0.140,0.58783,0.59016,0.0000,-0.5300,23.3,27.33,0.18,01:05:24:15,42.4,12h 28m,35.5,0.82,24.8,29.759999999999998,-20.4,-24.479999999999997,54.9,96.7,-1.50,-1.80
05/04/2026 09:46,05/05/2026 18:38,NZDUSD,Buy,0.130,0.59046,0.59016,0.0000,-0.4900,-3.0,-3.82,-0.03,01:08:51:45,0.0,0s,46.7,46.73,0.0,0.0,-46.7,-51.83700000000001,0.0,93.6,-3.00,-3.33
05/04/2026 06:50,05/05/2026 18:38,NZDUSD,Buy,0.120,0.59232,0.59016,0.0000,-0.4500,-21.6,-22.59,-0.15,01:11:47:39,0.0,0s,65.3,65.36,0.0,0.0,-65.3,-67.259,0.0,66.9,-21.60,-22.25
05/05/2026 13:23,05/05/2026 15:30,AUDUSD,Buy,0.020,0.71694,0.71791,0.0000,0.0000,9.7,1.66,0.01,00:02:07:07,77.8,1h 38m,8.2,0.25,11.9,2.023,-3.0,-0.51,79.9,85.2,-2.20,-0.37
05/05/2026 13:23,05/05/2026 15:25,AUDUSD,Buy,0.100,0.71694,0.71798,0.0000,0.0000,10.4,8.89,0.06,00:02:01:59,75.0,1h 31m,3.0,0.25,11.9,10.115,-3.0,-2.55,79.9,89.9,-1.50,-1.27
05/05/2026 09:28,,,Deposit,0.010,0.00000,0.00000,0.0000,0.0000,0.0,1.34,0,00:00:00:00,,,,,,,,,,,,
05/05/2026 04:23,05/05/2026 08:33,AUDUSD,Sell,0.120,0.71526,0.71430,0.0000,0.0000,9.6,9.87,0.07,00:04:10:21,29.5,1h 13m,11.6,0.78,14.9,15.347000000000001,-11.6,-11.948,56.2,80.0,-5.30,-5.46
05/04/2026 18:31,05/04/2026 19:10,GBPCAD,Sell,0.120,1.84155,1.84055,0.0000,0.0000,10.0,7.54,0.05,00:00:39:19,,,,,,,,,,,,
05/04/2026 18:21,05/04/2026 19:08,AUDUSD,Sell,0.120,0.71679,0.71581,0.0000,0.0000,9.8,10.06,0.07,00:00:46:18,,,,,,,,,,,,
05/04/2026 13:32,05/04/2026 13:57,GBPCAD,Sell,0.130,1.84342,1.84253,0.0000,0.0000,8.9,7.26,0.05,00:00:24:59,54.2,13m,7.6,0.74,10.3,8.446,-7.6,-6.231999999999999,57.5,92.2,-1.40,-1.15
05/04/2026 13:11,05/04/2026 13:57,GBPCAD,Sell,0.120,1.84174,1.84253,0.0000,0.0000,-7.9,-5.95,-0.04,00:00:45:27,0.0,0s,24.4,24.45,0.0,0.0,-24.4,-18.299999999999997,0.0,67.6,-7.90,-5.93
05/02/2026 08:22,,,Deposit,0.010,0.00000,0.00000,0.0000,0.0000,0.0,1.56,0,00:00:00:00,,,,,,,,,,,,
04/30/2026 17:29,05/01/2026 21:29,GBPCAD,Sell,0.170,1.84910,1.84539,0.0000,-1.7300,37.1,37.86,0.25,01:03:59:37,95.3,1d 2h ,67.8,0.96,34.6,37.022000000000006,-33.2,-35.52400000000001,51.0,103.7,2.50,2.68
04/30/2026 13:49,05/01/2026 21:29,GBPCAD,Sell,0.140,1.84605,1.84539,0.0000,-1.4200,6.6,4.38,0.03,01:07:39:41,6.4,2h 1m,70.2,9.80,6.5,5.72,-63.7,-56.056000000000004,9.3,100.1,0.10,0.09
04/30/2026 09:54,05/01/2026 21:29,GBPCAD,Sell,0.130,1.84355,1.84539,0.0000,-1.3200,-18.4,-16.34,-0.11,01:11:34:27,3.6,1h 16m,95.2,13.66,6.5,5.33,-88.7,-72.734,6.8,73.8,-24.90,-20.42
04/30/2026 07:31,05/01/2026 21:29,GBPCAD,Sell,0.120,1.84178,1.84539,0.0000,-1.2200,-36.1,-28.42,-0.19,01:13:57:29,0.7,15m,108.6,48.54,2.2,1.6500000000000001,-106.4,-79.80000000000001,2.0,64.7,-38.30,-28.73
05/01/2026 09:04,,,Deposit,0.010,0.00000,0.00000,0.0000,0.0000,0.0,1.14,0,00:00:00:00,,,,,,,,,,,,
04/30/2026 15:16,04/30/2026 16:09,AUDUSD,Buy,0.130,0.71456,0.71552,0.0000,0.0000,9.6,10.67,0.07,00:00:53:22,90.0,48m,3.6,0.02,11.8,13.098000000000003,-0.2,-0.22200000000000003,98.3,81.7,-2.20,-2.44
04/30/2026 14:24,04/30/2026 16:09,AUDUSD,Buy,0.120,0.71640,0.71552,0.0000,0.0000,-8.8,-9.03,-0.06,00:01:45:16,0.0,0s,18.6,18.62,0.0,0.0,-18.6,-19.158,0.0,52.7,-8.80,-9.06
04/30/2026 13:31,04/30/2026 14:26,AUDCAD,Buy,0.020,0.97716,0.97816,0.0000,0.0000,10.0,1.25,0.01,00:00:54:37,45.5,24m,4.6,0.34,13.7,1.781,-4.6,-0.598,74.9,79.8,-3.70,-0.48
04/30/2026 13:31,04/30/2026 14:26,AUDCAD,Buy,0.100,0.97716,0.97817,0.0000,0.0000,10.1,6.31,0.04,00:00:54:37,45.5,24m,4.6,0.34,13.7,8.494,-4.6,-2.852,74.9,80.3,-3.60,-2.23
04/30/2026 11:05,04/30/2026 13:29,NZDUSD,Buy,0.020,0.58484,0.58584,0.0000,0.0000,10.0,1.71,0.01,00:02:24:21,39.3,56m,10.4,0.94,11.1,1.887,-10.4,-1.7680000000000002,51.6,94.9,-1.10,-0.19
04/30/2026 11:05,04/30/2026 13:29,NZDUSD,Buy,0.100,0.58484,0.58586,0.0000,0.0000,10.2,8.71,0.06,00:02:24:20,39.3,56m,10.4,0.94,11.1,9.434999999999999,-10.4,-8.84,51.6,95.8,-0.90,-0.77
04/30/2026 09:23,,,Deposit,0.010,0.00000,0.00000,0.0000,0.0000,0.0,0.23,0,00:00:00:00,,,,,,,,,,,,
04/29/2026 09:33,,,Deposit,0.010,0.00000,0.00000,0.0000,0.0000,0.0,0.33,0,00:00:00:00,,,,,,,,,,,,
04/29/2026 05:25,04/29/2026 05:57,NZDUSD,Sell,0.120,0.58721,0.58621,0.0000,0.0000,10.0,10.25,0.07,00:00:31:50,100.0,31m,1.8,0.08,11.8,12.154000000000002,0.0,0.0,100.0,84.7,-1.80,-1.85
04/28/2026 09:01,04/28/2026 12:53,GBPCAD,Sell,0.120,1.84277,1.84177,0.0000,0.0000,10.0,7.52,0.05,00:03:51:54,73.4,2h 50m,14.2,0.33,10.7,8.024999999999999,-3.5,-2.625,75.4,95.1,-0.70,-0.52
04/24/2026 09:31,,,Deposit,0.010,0.00000,0.00000,0.0000,0.0000,0.0,3.47,0,00:00:00:00,,,,,,,,,,,,
04/23/2026 20:22,04/23/2026 21:00,AUDCAD,Buy,0.130,0.97713,0.97809,0.0000,0.0000,9.6,7.79,0.05,00:00:37:45,50.0,18m,17.7,1.26,11.0,8.91,-13.9,-11.259,44.2,94.4,-1.40,-1.13
04/23/2026 17:27,04/23/2026 21:00,AUDCAD,Buy,0.120,0.97895,0.97809,0.0000,0.0000,-8.6,-6.45,-0.04,00:03:32:56,58.2,2h 3m,39.2,4.52,7.1,5.324999999999999,-32.1,-24.075000000000003,18.1,59.9,-15.70,-11.77
04/23/2026 20:16,04/23/2026 20:43,AUDUSD,Sell,0.120,0.71297,0.71197,0.0000,0.0000,10.0,10.28,0.07,00:00:26:51,40.0,10m,7.7,0.67,11.5,11.845,-7.7,-7.931,59.9,92.2,-1.50,-1.54
04/23/2026 12:10,04/23/2026 20:07,NZDUSD,Sell,0.120,0.58771,0.58672,0.0000,0.0000,9.9,10.16,0.07,00:07:57:31,55.3,4h 24m,15.9,0.62,18.3,18.849,-11.4,-11.742,61.6,71.7,-8.40,-8.65
04/23/2026 05:54,04/23/2026 17:25,AUDUSD,Buy,0.130,0.71489,0.71585,0.0000,0.0000,9.6,10.66,0.07,00:11:30:53,43.9,5h 3m,24.1,1.57,9.9,10.989,-15.5,-17.205000000000002,39.0,98.8,-0.30,-0.33
04/23/2026 03:46,04/23/2026 17:25,AUDUSD,Buy,0.120,0.71675,0.71585,0.0000,0.0000,-9.0,-9.23,-0.06,00:13:39:22,0.0,0s,34.1,34.13,0.0,0.0,-34.1,-35.123000000000005,0.0,73.6,-9.00,-9.27
04/23/2026 06:55,04/23/2026 16:15,USDCAD,Buy,0.020,1.36771,1.36871,0.0000,0.0000,10.0,1.25,0.01,00:09:20:08,13.4,1h 15m,15.9,1.59,10.0,1.3,-15.9,-2.067,38.6,100.0,0.00,0.00
04/23/2026 06:55,04/23/2026 16:15,USDCAD,Buy,0.100,1.36771,1.36872,0.0000,0.0000,10.1,6.32,0.04,00:09:20:07,13.4,1h 15m,15.9,1.57,10.1,6.3629999999999995,-15.9,-10.017,38.8,100.0,0.00,0.00
04/23/2026 12:18,04/23/2026 14:07,GBPCAD,Sell,0.130,1.84524,1.84422,0.0000,0.0000,10.2,8.31,0.06,00:01:48:38,54.6,59m,10.8,0.48,12.4,10.044,-6.0,-4.86,67.4,88.0,-2.20,-1.78
04/23/2026 10:33,04/23/2026 14:07,GBPCAD,Sell,0.120,1.84327,1.84422,0.0000,0.0000,-9.5,-7.14,-0.05,00:03:33:53,18.7,39m,34.3,2.99,8.6,6.449999999999999,-25.7,-19.275,25.1,47.2,-18.10,-13.58
04/23/2026 08:56,04/23/2026 11:44,AUDCAD,Sell,0.130,0.97785,0.97692,0.0000,0.0000,9.3,7.57,0.05,00:02:48:28,97.0,2h 43m,8.6,0.22,10.0,8.100000000000001,-2.2,-1.7820000000000003,82.0,94.3,-0.70,-0.57
04/23/2026 06:24,04/23/2026 11:44,AUDCAD,Sell,0.120,0.97605,0.97692,0.0000,0.0000,-8.7,-6.53,-0.04,00:05:20:06,0.0,0s,20.2,20.20,0.0,0.0,-20.2,-15.149999999999999,0.0,56.9,-8.70,-6.52
04/23/2026 08:50,,,Deposit,0.010,0.00000,0.00000,0.0000,0.0000,0.0,0.48,0,00:00:00:00,,,,,,,,,,,,
04/23/2026 06:01,04/23/2026 07:06,NZDUSD,Sell,0.020,0.58883,0.58786,0.0000,0.0000,9.7,1.66,0.01,00:01:04:53,100.0,1h 4m,2.1,0.10,10.1,1.717,0.0,0.0,100.0,96.0,-0.40,-0.07
04/23/2026 06:01,04/23/2026 07:05,NZDUSD,Sell,0.100,0.58883,0.58781,0.0000,0.0000,10.2,8.72,0.06,00:01:04:39,100.0,1h 4m,2.1,0.10,10.2,8.67,0.0,0.0,100.0,100.0,0.00,0.00
04/21/2026 19:43,04/22/2026 08:21,USDCAD,Sell,0.130,1.36565,1.36471,0.0000,-0.9100,9.4,6.70,0.04,00:12:38:09,13.8,1h 44m,19.8,1.80,9.4,7.614000000000001,-16.9,-13.689,35.7,100.0,0.00,0.00
04/21/2026 16:53,04/22/2026 08:21,USDCAD,Sell,0.120,1.36383,1.36471,0.0000,-0.8400,-8.8,-7.42,-0.05,00:15:27:13,3.3,30m,38.3,10.98,3.2,2.4000000000000004,-35.1,-26.325000000000003,8.4,68.7,-12.00,-9.00
04/21/2026 09:40,,,Deposit,0.010,0.00000,0.00000,0.0000,0.0000,0.0,0.23,0,00:00:00:00,,,,,,,,,,,,
04/20/2026 16:48,04/20/2026 17:55,USDCAD,Sell,0.020,1.36734,1.36641,0.0000,0.0000,9.3,1.15,0.01,00:01:07:06,100.0,1h 7m,2.5,0.08,11.8,1.416,0.0,0.0,100.0,78.8,-2.50,-0.30
04/20/2026 16:48,04/20/2026 17:55,USDCAD,Sell,0.100,1.36734,1.36631,0.0000,0.0000,10.3,6.40,0.04,00:01:07:03,100.0,1h 7m,1.5,0.08,11.8,7.316000000000001,0.0,0.0,100.0,87.3,-1.50,-0.93
04/17/2026 09:35,,,Deposit,0.010,0.00000,0.00000,0.0000,0.0000,0.0,0.23,0,00:00:00:00,,,,,,,,,,,,
04/16/2026 16:41,04/16/2026 19:11,USDCAD,Sell,0.020,1.37142,1.37042,0.0000,0.0000,10.0,1.24,0.01,00:02:30:49,83.4,2h 5m,9.1,0.44,10.7,1.2839999999999998,-4.7,-0.564,69.5,95.5,-0.70,-0.08
04/16/2026 16:41,04/16/2026 19:11,USDCAD,Sell,0.100,1.37142,1.37041,0.0000,0.0000,10.1,6.26,0.04,00:02:30:49,83.4,2h 5m,9.1,0.44,10.7,6.6339999999999995,-4.7,-2.914,69.5,96.1,-0.60,-0.37
04/15/2026 12:42,,,Deposit,0.010,0.00000,0.00000,0.0000,0.0000,0.0,3000.00,0,00:00:00:00,,,,,,,,,,,,
04/15/2026 09:10,,,Deposit,0.010,0.00000,0.00000,0.0000,0.0000,0.0,0.33,0,00:00:00:00,,,,,,,,,,,,
04/14/2026 12:04,04/14/2026 13:56,GBPCAD,Buy,0.020,1.86391,1.86488,0.0000,0.0000,9.7,1.20,0.01,00:01:52:26,50.9,57m,10.9,0.90,10.7,1.2839999999999998,-9.6,-1.152,52.7,95.1,-1.00,-0.12
04/14/2026 12:04,04/14/2026 13:56,GBPCAD,Buy,0.100,1.86391,1.86492,0.0000,0.0000,10.1,6.23,0.05,00:01:52:24,50.9,57m,10.9,0.90,10.7,6.6339999999999995,-9.6,-5.952,52.7,97.0,-0.60,-0.37
04/14/2026 09:43,,,Deposit,0.010,0.00000,0.00000,0.0000,0.0000,0.0,0.87,0,00:00:00:00,,,,,,,,,,,,
04/09/2026 18:32,04/13/2026 00:05,AUDCAD,Sell,0.140,0.97734,0.97020,0.0000,-1.2300,71.4,60.55,0.50,03:05:32:29,8.2,6h 21m,31.4,0.30,86.3,75.081,-25.7,-22.358999999999998,77.1,86.7,-14.90,-12.96
04/09/2026 16:36,04/13/2026 00:05,AUDCAD,Sell,0.130,0.97482,0.97020,0.0000,-1.1400,46.2,35.98,0.30,03:07:28:29,1.1,52m,55.3,0.83,61.1,48.88,-50.9,-40.72,54.6,86.7,-14.90,-11.92
04/09/2026 11:12,04/13/2026 00:05,AUDCAD,Sell,0.120,0.97307,0.97020,0.0000,-1.0500,28.7,20.23,0.17,03:12:52:32,0.4,20m,68.8,1.57,43.6,32.264,-68.4,-50.61600000000001,38.9,86.7,-14.90,-11.03
04/10/2026 19:14,,,Withdrawal,0.010,0.00000,0.00000,0.0000,0.0000,0.0,-400.00,0,00:00:00:00,,,,,,,,,,,,
04/10/2026 09:33,,,Deposit,0.010,0.00000,0.00000,0.0000,0.0000,0.0,2.03,0,00:00:00:00,,,,,,,,,,,,
04/09/2026 19:39,04/09/2026 22:01,GBPCAD,Sell,0.140,1.85818,1.85594,0.0000,0.0000,22.4,19.40,0.16,00:02:21:04,74.7,1h 45m,18.5,0.30,24.2,21.054,-7.2,-6.264,77.1,94.3,-1.80,-1.57
04/09/2026 18:20,04/09/2026 22:01,GBPCAD,Sell,0.130,1.85568,1.85594,0.0000,0.0000,-2.6,-2.09,-0.02,00:03:40:46,8.2,18m,37.0,6.71,4.8,3.84,-32.2,-25.760000000000005,13.0,80.0,-7.40,-5.92
04/09/2026 17:27,04/09/2026 22:01,GBPCAD,Sell,0.120,1.85386,1.85594,0.0000,0.0000,-20.8,-15.44,-0.13,00:04:33:46,4.4,12m,55.1,10.73,4.7,3.478,-50.4,-37.296,8.5,53.7,-25.50,-18.87
04/09/2026 18:21,04/09/2026 18:54,NZDUSD,Buy,0.020,0.58575,0.58675,0.0000,0.0000,10.0,1.70,0.01,00:00:32:47,72.8,23m,6.9,0.69,10.0,1.7000000000000002,-6.9,-1.173,59.2,100.0,0.00,0.00
04/09/2026 18:21,04/09/2026 18:54,NZDUSD,Buy,0.100,0.58575,0.58677,0.0000,0.0000,10.2,8.71,0.07,00:00:32:46,72.8,23m,6.9,0.68,10.2,8.67,-6.9,-5.865,59.6,100.0,0.00,0.00
04/09/2026 13:59,04/09/2026 14:45,GBPCAD,Buy,0.130,1.85631,1.85728,0.0000,0.0000,9.7,7.80,0.06,00:00:45:57,91.4,41m,7.9,0.34,10.8,8.64,-3.7,-2.9600000000000004,74.5,92.4,-1.10,-0.88
04/09/2026 12:23,04/09/2026 14:45,GBPCAD,Buy,0.120,1.85818,1.85728,0.0000,0.0000,-9.0,-6.68,-0.05,00:02:22:13,0.0,0s,27.5,27.55,0.0,0.0,-27.5,-20.35,0.0,67.3,-9.00,-6.66
04/09/2026 10:36,,,Deposit,0.010,0.00000,0.00000,0.0000,0.0000,0.0,0.95,0,00:00:00:00,,,,,,,,,,,,
04/08/2026 11:20,04/08/2026 11:44,AUDUSD,Sell,0.020,0.70482,0.70382,0.0000,0.0000,10.0,1.71,0.01,00:00:24:23,33.4,8m,6.8,0.26,15.3,2.6010000000000004,-3.9,-0.663,79.7,72.4,-5.30,-0.90
04/08/2026 11:20,04/08/2026 11:43,AUDUSD,Sell,0.100,0.70482,0.70375,0.0000,0.0000,10.7,9.17,0.07,00:00:22:50,30.5,6m,4.6,0.26,15.3,13.158000000000001,-3.9,-3.354,79.7,76.0,-4.60,-3.96
04/08/2026 09:56,,,Deposit,0.010,0.00000,0.00000,0.0000,0.0000,0.0,2.97,0,00:00:00:00,,,,,,,,,,,,
04/08/2026 09:09,04/08/2026 09:33,AUDUSD,Buy,0.130,0.70643,0.70737,0.0000,0.0000,9.4,10.45,0.08,00:00:24:17,88.0,21m,4.6,0.14,9.4,10.434000000000001,-1.3,-1.4430000000000003,87.9,100.0,0.00,0.00
04/08/2026 08:52,04/08/2026 09:33,AUDUSD,Buy,0.120,0.70824,0.70737,0.0000,0.0000,-8.7,-8.92,-0.07,00:00:41:09,0.0,0s,20.0,20.00,0.0,0.0,-20.0,-20.6,0.0,56.5,-8.70,-8.96
04/07/2026 20:35,04/07/2026 22:45,NZDUSD,Buy,0.120,0.57134,0.57237,0.0000,0.0000,10.3,10.66,0.09,00:02:10:19,20.0,26m,10.3,0.87,10.3,10.609000000000002,-9.0,-9.27,53.4,100.0,0.00,0.00
04/07/2026 18:55,04/07/2026 22:18,AUDCAD,Buy,0.020,0.96592,0.96686,0.0000,0.0000,9.4,1.17,0.01,00:03:23:45,51.8,1h 45m,12.8,0.73,10.5,1.26,-7.7,-0.9239999999999999,57.7,94.0,-1.10,-0.13
04/07/2026 18:55,04/07/2026 22:18,AUDCAD,Buy,0.100,0.96592,0.96709,0.0000,0.0000,11.7,7.27,0.06,00:03:23:42,51.8,1h 45m,12.8,0.66,11.7,7.254,-7.7,-4.774,60.3,100.0,0.00,0.00
04/07/2026 17:20,04/07/2026 17:30,USDCAD,Sell,0.020,1.39109,1.39008,0.0000,0.0000,10.1,1.26,0.01,00:00:09:50,100.0,9m,1.7,0.08,11.8,1.416,0.0,0.0,100.0,85.6,-1.70,-0.20
04/07/2026 17:20,04/07/2026 17:30,USDCAD,Sell,0.100,1.39109,1.39008,0.0000,0.0000,10.1,6.28,0.05,00:00:09:50,100.0,9m,1.7,0.08,11.8,7.316000000000001,0.0,0.0,100.0,85.6,-1.70,-1.05
04/07/2026 11:23,04/07/2026 11:58,AUDUSD,Buy,0.020,0.69357,0.69457,0.0000,0.0000,10.0,1.72,0.01,00:00:35:05,51.5,18m,6.0,0.59,10.1,1.717,-6.0,-1.02,62.7,99.4,-0.10,-0.02
04/07/2026 11:23,04/07/2026 11:58,AUDUSD,Buy,0.100,0.69357,0.69475,0.0000,0.0000,11.8,10.20,0.08,00:00:35:02,51.5,18m,6.0,0.51,11.8,10.148,-6.0,-5.16,66.3,100.0,0.00,0.00
04/07/2026 11:02,04/07/2026 11:16,AUDCAD,Buy,0.020,0.96358,0.96458,0.0000,0.0000,10.0,1.25,0.01,00:00:14:09,64.3,9m,7.6,0.67,11.4,1.4820000000000002,-7.6,-0.988,60.0,92.6,-1.40,-0.18
04/07/2026 11:02,04/07/2026 11:15,AUDCAD,Buy,0.100,0.96358,0.96460,0.0000,0.0000,10.2,6.34,0.05,00:00:13:51,61.6,8m,7.6,0.68,11.2,6.944,-7.6,-4.712,59.6,94.7,-1.00,-0.62
04/07/2026 09:30,04/07/2026 10:30,AUDCAD,Sell,0.130,0.96316,0.96221,0.0000,0.0000,9.5,7.69,0.06,00:00:59:56,86.7,51m,6.2,0.12,10.6,8.586,-1.3,-1.0530000000000002,89.1,90.8,-1.10,-0.89
04/07/2026 04:38,04/07/2026 10:30,AUDCAD,Sell,0.120,0.96133,0.96221,0.0000,0.0000,-8.8,-6.57,-0.05,00:05:51:46,10.3,36m,23.9,4.83,4.1,3.0749999999999997,-19.8,-14.850000000000001,17.2,46.0,-12.90,-9.68
04/07/2026 10:00,,,Deposit,0.010,0.00000,0.00000,0.0000,0.0000,0.0,0.92,0,00:00:00:00,,,,,,,,,,,,
04/07/2026 09:17,04/07/2026 09:36,GBPCAD,Buy,0.020,1.84219,1.84313,0.0000,0.0000,9.4,1.17,0.01,00:00:18:43,52.7,9m,7.1,0.53,13.4,1.6079999999999999,-7.1,-0.852,65.4,80.5,-4.00,-0.48
04/07/2026 09:17,04/07/2026 09:36,GBPCAD,Buy,0.100,1.84219,1.84322,0.0000,0.0000,10.3,6.41,0.05,00:00:18:32,52.7,9m,7.1,0.53,13.4,8.308,-7.1,-4.402,65.4,84.9,-3.10,-1.92
04/07/2026 04:51,04/07/2026 07:46,USDCAD,Sell,0.130,1.39275,1.39178,0.0000,0.0000,9.7,7.86,0.06,00:02:54:20,82.3,2h 23m,4.3,0.20,10.6,8.586,-2.1,-1.7010000000000003,83.5,92.9,-0.90,-0.73
04/06/2026 15:49,04/07/2026 07:46,USDCAD,Sell,0.120,1.39088,1.39178,0.0000,-0.8400,-9.0,-7.57,-0.06,00:15:56:12,12.7,2h 1m,26.9,3.41,6.1,4.574999999999999,-20.8,-15.600000000000001,22.7,43.9,-15.10,-11.32
04/06/2026 18:32,04/07/2026 04:37,NZDUSD,Sell,0.120,0.57115,0.57015,0.0000,0.0300,10.0,10.43,0.09,00:10:04:04,26.5,2h 40m,12.0,0.61,13.1,13.624,-8.0,-8.32,62.1,85.3,-3.10,-3.22
04/06/2026 09:50,04/06/2026 10:53,AUDCAD,Buy,0.120,0.96353,0.96452,0.0000,0.0000,9.9,7.38,0.06,00:01:02:51,23.9,15m,9.1,0.57,10.0,7.5,-5.7,-4.275,63.7,99.4,-0.10,-0.07
04/06/2026 09:51,04/06/2026 10:50,AUDUSD,Buy,0.120,0.69140,0.69239,0.0000,0.0000,9.9,10.28,0.08,00:00:58:50,39.0,22m,7.2,0.47,12.1,12.584,-5.7,-5.928000000000001,68.0,87.6,-2.20,-2.29
04/06/2026 08:16,04/06/2026 10:46,GBPCAD,Buy,0.120,1.84222,1.84323,0.0000,0.0000,10.1,7.54,0.06,00:02:29:09,24.0,35m,17.1,0.86,13.2,9.899999999999999,-11.4,-8.55,53.7,87.4,-3.10,-2.32
04/03/2026 09:57,,,Deposit,0.010,0.00000,0.00000,0.0000,0.0000,0.0,0.61,0,00:00:00:00,,,,,,,,,,,,
04/02/2026 17:35,04/02/2026 17:37,AUDCAD,Buy,0.020,0.96100,0.96197,0.0000,0.0000,9.7,1.21,0.01,00:00:01:18,,,,,,,,,,,,
04/02/2026 17:35,04/02/2026 17:37,AUDCAD,Buy,0.100,0.96100,0.96204,0.0000,0.0000,10.4,6.47,0.05,00:00:01:17,,,,,,,,,,,,
04/02/2026 09:53,,,Deposit,0.010,0.00000,0.00000,0.0000,0.0000,0.0,2.06,0,00:00:00:00,,,,,,,,,,,,
04/02/2026 04:32,04/02/2026 05:38,GBPCAD,Sell,0.020,1.84193,1.84093,0.0000,0.0000,10.0,1.24,0.01,00:01:05:37,87.9,57m,9.6,0.20,12.2,1.464,-2.5,-0.3,83.0,85.0,-2.20,-0.26
04/02/2026 04:32,04/02/2026 05:37,GBPCAD,Sell,0.100,1.84193,1.84090,0.0000,0.0000,10.3,6.42,0.05,00:01:05:32,87.7,57m,9.6,0.20,12.2,7.563999999999999,-2.5,-1.55,83.0,87.1,-1.90,-1.18
04/01/2026 21:37,04/01/2026 22:20,USDCAD,Sell,0.130,1.38952,1.38855,0.0000,0.0000,9.7,7.84,0.06,00:00:42:46,100.0,42m,7.6,0.10,10.5,8.505,0.0,0.0,100.0,92.4,-0.80,-0.65
04/01/2026 18:57,04/01/2026 22:20,USDCAD,Sell,0.120,1.38770,1.38855,0.0000,0.0000,-8.5,-6.34,-0.05,00:03:22:37,8.9,18m,22.3,4.58,4.0,3.0,-18.3,-13.725000000000001,17.9,43.9,-12.50,-9.38
04/01/2026 14:14,04/01/2026 15:44,AUDUSD,Buy,0.020,0.69505,0.69598,0.0000,0.0000,9.3,1.60,0.01,00:01:30:42,55.6,50m,14.4,0.65,9.3,1.5810000000000002,-6.0,-1.02,60.8,100.0,0.00,0.00
04/01/2026 14:14,04/01/2026 15:44,AUDUSD,Buy,0.100,0.69505,0.69611,0.0000,0.0000,10.6,9.12,0.07,00:01:30:42,55.6,50m,14.4,0.57,10.6,9.116,-6.0,-5.16,63.9,100.0,0.00,0.00
04/01/2026 13:02,04/01/2026 13:07,GBPCAD,Buy,0.120,1.84663,1.84763,0.0000,0.0000,10.0,7.45,0.06,00:00:04:25,80.0,3m,0.6,0.04,10.6,7.949999999999999,-0.4,-0.30000000000000004,96.4,94.5,-0.60,-0.45
04/01/2026 10:19,,,Deposit,0.010,0.00000,0.00000,0.0000,0.0000,0.0,3.53,0,00:00:00:00,,,,,,,,,,,,
04/01/2026 09:31,04/01/2026 09:54,AUDUSD,Buy,0.120,0.69281,0.69382,0.0000,0.0000,10.1,10.46,0.09,00:00:23:16,65.3,15m,7.1,0.37,10.4,10.816,-3.8,-3.952,73.2,97.9,-0.30,-0.31
04/01/2026 09:15,04/01/2026 09:27,GBPCAD,Buy,0.020,1.84531,1.84630,0.0000,0.0000,9.9,1.23,0.01,00:00:11:54,58.4,6m,4.4,0.44,9.9,1.188,-4.4,-0.528,69.2,100.0,0.00,0.00
04/01/2026 09:15,04/01/2026 09:27,GBPCAD,Buy,0.100,1.84531,1.84637,0.0000,0.0000,10.6,6.58,0.05,00:00:11:38,58.4,6m,4.4,0.42,10.6,6.572,-4.4,-2.728,70.7,100.0,0.00,0.00
04/01/2026 08:09,04/01/2026 09:25,AUDCAD,Buy,0.020,0.96103,0.96201,0.0000,0.0000,9.8,1.22,0.01,00:01:15:08,14.5,10m,12.3,1.16,9.8,1.176,-11.4,-1.3679999999999999,46.2,100.0,0.00,0.00
04/01/2026 08:09,04/01/2026 09:25,AUDCAD,Buy,0.100,0.96103,0.96206,0.0000,0.0000,10.3,6.40,0.05,00:01:15:05,14.5,10m,12.3,1.11,10.3,6.386,-11.4,-7.0680000000000005,47.5,100.0,0.00,0.00
04/01/2026 08:55,,,Deposit,0.010,0.00000,0.00000,0.0000,0.0000,0.0,0.19,0,00:00:00:00,,,,,,,,,,,,
04/01/2026 08:55,,,Deposit,0.010,0.00000,0.00000,0.0000,0.0000,0.0,0.99,0,00:00:00:00,,,,,,,,,,,,
03/31/2026 19:39,03/31/2026 19:40,AUDUSD,Buy,0.120,0.68725,0.68824,0.0000,0.0000,9.9,10.29,0.08,00:00:00:40,,,,,,,,,,,,
03/31/2026 17:53,03/31/2026 19:40,NZDUSD,Buy,0.130,0.57159,0.57253,0.0000,0.0000,9.4,10.59,0.09,00:01:46:17,3.8,4m,15.2,0.93,16.4,18.531999999999996,-15.2,-17.176,51.9,77.8,-7.00,-7.91
03/31/2026 15:02,03/31/2026 19:40,NZDUSD,Buy,0.120,0.57339,0.57253,0.0000,0.0000,-8.6,-8.94,-0.07,00:04:37:12,3.3,9m,35.5,14.45,2.3,2.392,-33.2,-34.528000000000006,6.5,69.3,-10.90,-11.34
03/31/2026 14:24,03/31/2026 14:44,AUDUSD,Buy,0.120,0.68728,0.68827,0.0000,0.0000,9.9,10.34,0.09,00:00:20:34,80.0,16m,6.7,0.20,10.6,11.024,-2.1,-2.184,83.5,94.5,-0.70,-0.73
03/31/2026 13:36,03/31/2026 14:25,GBPCAD,Buy,0.130,1.84092,1.84187,0.0000,0.0000,9.5,7.72,0.06,00:00:48:39,36.8,17m,15.4,1.25,9.8,7.9380000000000015,-12.2,-9.882,44.5,98.6,-0.30,-0.24
03/31/2026 12:37,03/31/2026 14:25,GBPCAD,Buy,0.120,1.84270,1.84187,0.0000,0.0000,-8.3,-6.23,-0.05,00:01:48:14,0.0,0s,30.0,30.03,0.0,0.0,-30.0,-22.5,0.0,72.3,-8.30,-6.23
03/31/2026 07:51,03/31/2026 14:25,NZDUSD,Buy,0.130,0.57107,0.57201,0.0000,0.0000,9.4,10.65,0.09,00:06:33:58,37.1,2h 26m,17.4,0.86,11.3,12.769,-9.7,-10.960999999999999,53.8,91.0,-1.90,-2.15
03/31/2026 03:46,03/31/2026 14:25,NZDUSD,Buy,0.120,0.57288,0.57201,0.0000,0.0000,-8.7,-9.10,-0.08,00:10:38:11,4.0,25m,33.1,5.25,5.3,5.565,-27.8,-29.19,16.0,57.7,-14.00,-14.70
03/31/2026 10:42,03/31/2026 14:11,AUDCAD,Buy,0.120,0.95650,0.95736,0.0000,0.0000,8.6,6.45,0.05,00:03:28:22,16.8,35m,20.3,1.59,8.6,6.449999999999999,-13.7,-10.274999999999999,38.6,100.0,0.00,0.00
03/31/2026 06:40,03/31/2026 10:35,AUDUSD,Buy,0.130,0.68486,0.68581,0.0000,0.0000,9.5,10.76,0.09,00:03:55:18,57.1,2h 14m,14.7,0.90,10.5,11.864999999999998,-9.4,-10.622,52.8,95.0,-1.00,-1.13
03/31/2026 04:21,03/31/2026 10:35,AUDUSD,Buy,0.120,0.68669,0.68581,0.0000,0.0000,-8.8,-9.21,-0.08,00:06:13:56,7.8,29m,34.1,4.33,6.4,6.720000000000001,-27.7,-29.085,18.8,55.4,-15.20,-15.96
03/31/2026 03:45,03/31/2026 04:25,AUDCAD,Buy,0.120,0.95508,0.95605,0.0000,0.0000,9.7,7.28,0.06,00:00:39:42,27.6,10m,7.7,0.58,9.7,7.2749999999999995,-5.6,-4.199999999999999,63.4,100.0,0.00,0.00
03/27/2026 10:08,,,Deposit,0.010,0.00000,0.00000,0.0000,0.0000,0.0,0.85,0,00:00:00:00,,,,,,,,,,,,
03/26/2026 16:23,03/26/2026 16:40,GBPCAD,Buy,0.020,1.84837,1.84936,0.0000,0.0000,9.9,1.24,0.01,00:00:17:29,58.9,10m,4.0,0.22,13.9,1.8070000000000002,-3.0,-0.39,82.2,76.3,-4.00,-0.52
03/26/2026 16:23,03/26/2026 16:38,GBPCAD,Buy,0.100,1.84837,1.84941,0.0000,0.0000,10.4,6.51,0.05,00:00:15:17,53.4,8m,3.2,0.23,13.0,8.19,-3.0,-1.8900000000000001,81.3,83.8,-2.60,-1.64
03/26/2026 11:39,03/26/2026 13:52,AUDCAD,Sell,0.020,0.95842,0.95743,0.0000,0.0000,9.9,1.24,0.01,00:02:13:31,14.3,19m,10.4,0.93,11.2,1.456,-10.4,-1.352,51.9,94.0,-1.30,-0.17
03/26/2026 11:39,03/26/2026 13:52,AUDCAD,Sell,0.100,0.95842,0.95739,0.0000,0.0000,10.3,6.45,0.05,00:02:13:30,14.3,19m,10.4,0.93,11.2,7.055999999999999,-10.4,-6.5520000000000005,51.9,95.8,-0.90,-0.57
03/26/2026 09:18,03/26/2026 13:19,USDCAD,Buy,0.020,1.38295,1.38395,0.0000,0.0000,10.0,1.25,0.01,00:04:01:30,66.4,2h 40m,12.7,0.57,11.2,1.456,-6.4,-0.8320000000000001,63.6,93.2,-1.20,-0.16
03/26/2026 09:18,03/26/2026 13:19,USDCAD,Buy,0.100,1.38295,1.38399,0.0000,0.0000,10.4,6.50,0.05,00:04:01:14,66.4,2h 40m,12.7,0.57,11.2,7.055999999999999,-6.4,-4.032,63.6,95.5,-0.80,-0.50
03/26/2026 09:32,,,Deposit,0.010,0.00000,0.00000,0.0000,0.0000,0.0,2.40,0,00:00:00:00,,,,,,,,,,,,
03/25/2026 11:46,03/25/2026 13:44,AUDCAD,Buy,0.130,0.96081,0.96175,0.0000,0.0000,9.4,7.63,0.06,00:01:58:17,67.0,1h 19m,12.3,0.51,10.2,8.262,-5.2,-4.212000000000001,66.2,94.8,-0.80,-0.65
03/25/2026 10:31,03/25/2026 13:44,AUDCAD,Buy,0.120,0.96262,0.96175,0.0000,0.0000,-8.7,-6.52,-0.05,00:03:13:35,13.5,26m,28.7,4.32,5.4,4.050000000000001,-23.3,-17.475,18.8,50.9,-14.10,-10.57
03/25/2026 10:32,03/25/2026 11:33,NZDUSD,Sell,0.130,0.58298,0.58202,0.0000,0.0000,9.6,10.76,0.09,00:01:01:24,72.2,44m,8.5,0.20,11.6,12.992,-2.3,-2.576,83.5,85.6,-2.00,-2.24
03/25/2026 07:19,03/25/2026 11:33,NZDUSD,Sell,0.120,0.58112,0.58202,0.0000,0.0000,-9.0,-9.32,-0.08,00:04:13:47,8.3,21m,23.7,7.47,2.8,2.912,-20.9,-21.736,11.8,50.2,-11.80,-12.27
03/25/2026 09:55,03/25/2026 10:06,GBPCAD,Buy,0.120,1.84587,1.84682,0.0000,0.0000,9.5,7.13,0.06,00:00:11:37,54.6,6m,4.6,0.48,9.5,7.125,-4.6,-3.4499999999999997,67.4,100.0,0.00,0.00
03/25/2026 09:53,,,Deposit,0.010,0.00000,0.00000,0.0000,0.0000,0.0,3.18,0,00:00:00:00,,,,,,,,,,,,
03/24/2026 22:21,03/25/2026 09:35,AUDUSD,Sell,0.140,0.69883,0.69658,0.0000,-0.2200,22.5,26.95,0.22,00:11:13:24,56.1,6h 17m,23.3,0.92,25.2,30.491999999999997,-23.3,-28.193,52.0,94.4,-2.70,-3.27
03/24/2026 20:27,03/25/2026 09:35,AUDUSD,Sell,0.130,0.69632,0.69658,0.0000,-0.2000,-2.6,-3.11,-0.03,00:13:07:19,0.3,2m,49.1,69.44,0.7,0.784,-48.4,-54.208000000000006,1.4,93.3,-3.30,-3.70
03/24/2026 19:05,03/25/2026 09:35,AUDUSD,Sell,0.120,0.69448,0.69658,0.0000,-0.1900,-21.0,-21.93,-0.18,00:14:30:00,2.9,25m,66.4,15.20,4.1,4.263999999999999,-62.3,-64.792,6.2,62.2,-25.10,-26.10
03/24/2026 19:02,03/24/2026 19:05,NZDUSD,Sell,0.020,0.58117,0.58018,0.0000,0.0000,9.9,1.71,0.01,00:00:02:40,,,,,,,,,,,,
03/24/2026 19:02,03/24/2026 19:05,NZDUSD,Sell,0.100,0.58117,0.58018,0.0000,0.0000,9.9,8.56,0.07,00:00:02:39,,,,,,,,,,,,
03/24/2026 16:19,03/24/2026 16:50,AUDUSD,Sell,0.130,0.69714,0.69621,0.0000,0.0000,9.3,10.44,0.09,00:00:30:27,67.8,20m,6.9,0.20,11.1,12.432,-2.2,-2.4640000000000004,83.5,86.5,-1.80,-2.02
03/24/2026 14:37,03/24/2026 16:50,AUDUSD,Sell,0.120,0.69535,0.69621,0.0000,0.0000,-8.6,-8.91,-0.07,00:02:12:10,24.1,31m,24.2,4.90,4.1,4.263999999999999,-20.1,-20.904000000000003,16.9,47.5,-12.70,-13.21
03/24/2026 10:51,03/24/2026 14:50,AUDCAD,Sell,0.020,0.95704,0.95603,0.0000,0.0000,10.1,1.27,0.01,00:03:58:50,23.9,57m,23.8,1.22,12.2,1.5859999999999999,-14.9,-1.937,45.0,92.3,-2.10,-0.27
03/24/2026 10:51,03/24/2026 14:50,AUDCAD,Sell,0.100,0.95704,0.95597,0.0000,0.0000,10.7,6.71,0.06,00:03:58:40,23.9,57m,23.8,1.22,12.2,7.686,-14.9,-9.387,45.0,94.5,-1.50,-0.95
03/24/2026 11:58,03/24/2026 13:53,AUDUSD,Sell,0.130,0.69736,0.69642,0.0000,0.0000,9.4,10.55,0.09,00:01:54:46,66.1,1h 15m,13.5,0.40,15.0,16.8,-6.0,-6.720000000000001,71.4,73.3,-5.60,-6.27
03/24/2026 11:14,03/24/2026 13:53,AUDUSD,Sell,0.120,0.69555,0.69642,0.0000,0.0000,-8.7,-9.01,-0.07,00:02:38:55,2.6,4m,25.2,21.93,1.1,1.1440000000000001,-24.1,-25.064000000000004,4.4,61.1,-9.80,-10.19
03/24/2026 10:36,,,Deposit,0.010,0.00000,0.00000,0.0000,0.0000,0.0,2.81,0,00:00:00:00,,,,,,,,,,,,
03/24/2026 09:10,03/24/2026 09:34,USDCAD,Buy,0.130,1.37343,1.37439,0.0000,0.0000,9.6,7.82,0.06,00:00:23:39,75.0,17m,7.1,0.74,9.6,7.776,-7.1,-5.751,57.5,100.0,0.00,0.00
03/24/2026 04:11,03/24/2026 09:34,USDCAD,Buy,0.120,1.37526,1.37439,0.0000,0.0000,-8.7,-6.55,-0.05,00:05:22:18,62.6,3h 21m,34.3,2.85,8.9,6.675000000000001,-25.4,-19.049999999999997,25.9,48.7,-17.60,-13.20
03/24/2026 09:10,03/24/2026 09:33,AUDCAD,Sell,0.140,0.96185,0.95959,0.0000,0.0000,22.6,19.85,0.17,00:00:22:59,91.4,21m,8.4,0.37,22.6,19.888,-8.4,-7.392,72.9,100.0,0.00,0.00
03/24/2026 08:16,03/24/2026 09:33,AUDCAD,Sell,0.130,0.95932,0.95959,0.0000,0.0000,-2.7,-2.20,-0.02,00:01:17:07,9.1,7m,36.6,11.63,2.9,2.349,-33.7,-27.297000000000004,7.9,84.7,-5.60,-4.54
03/24/2026 06:16,03/24/2026 09:33,AUDCAD,Sell,0.120,0.95750,0.95959,0.0000,0.0000,-20.9,-15.73,-0.13,00:03:17:05,5.1,10m,55.2,15.75,3.3,2.4749999999999996,-51.9,-38.925,6.0,56.2,-24.20,-18.15
03/23/2026 20:01,03/23/2026 20:33,GBPCAD,Buy,0.020,1.84338,1.84440,0.0000,0.0000,10.2,1.28,0.01,00:00:32:19,28.2,9m,15.6,1.19,11.4,1.4820000000000002,-13.6,-1.768,45.6,95.2,-1.20,-0.16
03/23/2026 20:01,03/23/2026 20:33,GBPCAD,Buy,0.100,1.84338,1.84442,0.0000,0.0000,10.4,6.52,0.05,00:00:32:18,28.2,9m,15.6,1.19,11.4,7.182,-13.6,-8.568,45.6,96.0,-1.00,-0.63
03/23/2026 13:06,03/23/2026 13:14,USDCAD,Buy,0.140,1.37004,1.37234,0.0000,0.0000,23.0,20.30,0.17,00:00:07:46,62.5,4m,13.4,0.58,23.0,20.24,-13.4,-11.792,63.2,100.0,0.00,0.00
03/23/2026 13:05,03/23/2026 13:14,USDCAD,Buy,0.130,1.37260,1.37234,0.0000,0.0000,-2.6,-2.13,-0.02,00:00:08:52,0.0,0s,39.0,39.06,0.0,0.0,-39.0,-31.979999999999997,0.0,93.3,-2.60,-2.13
03/23/2026 11:33,03/23/2026 13:14,USDCAD,Buy,0.120,1.37452,1.37234,0.0000,0.0000,-21.8,-16.49,-0.14,00:01:40:34,88.2,1h 28m,67.5,6.26,9.3,7.0680000000000005,-58.2,-44.232,13.8,53.9,-31.10,-23.64
03/23/2026 13:06,03/23/2026 13:08,NZDUSD,Buy,0.120,0.58352,0.58447,0.0000,0.0000,9.5,9.84,0.08,00:00:01:47,,,,,,,,,,,,
03/23/2026 13:08,03/23/2026 13:08,AUDCAD,Buy,0.130,0.95980,0.96085,0.0000,0.0000,10.5,8.61,0.07,00:00:00:15,,,,,,,,,,,,
03/23/2026 13:06,03/23/2026 13:08,AUDCAD,Buy,0.120,0.96166,0.96085,0.0000,0.0000,-8.1,-6.12,-0.05,00:00:01:36,,,,,,,,,,,,
03/23/2026 13:05,03/23/2026 13:05,AUDUSD,Buy,0.020,0.69756,0.69867,0.0000,0.0000,11.1,1.92,0.02,00:00:00:16,,,,,,,,,,,,
03/23/2026 13:05,03/23/2026 13:05,GBPCAD,Buy,0.020,1.82925,1.83166,0.0000,0.0000,24.1,3.04,0.03,00:00:00:20,,,,,,,,,,,,
03/23/2026 13:05,03/23/2026 13:05,AUDUSD,Buy,0.100,0.69756,0.69911,0.0000,0.0000,15.5,13.41,0.11,00:00:00:07,,,,,,,,,,,,
03/23/2026 13:05,03/23/2026 13:05,GBPCAD,Buy,0.100,1.82925,1.83031,0.0000,0.0000,10.6,6.69,0.06,00:00:00:08,,,,,,,,,,,,
03/23/2026 11:27,03/23/2026 12:01,NZDUSD,Sell,0.120,0.57895,0.57796,0.0000,0.0000,9.9,10.33,0.09,00:00:34:27,91.2,31m,1.7,0.08,10.8,11.232000000000001,-0.9,-0.936,92.3,92.3,-0.90,-0.94
03/20/2026 14:16,,,Withdrawal,0.010,0.00000,0.00000,0.0000,0.0000,0.0,-200.00,0,00:00:00:00,,,,,,,,,,,,
03/20/2026 10:46,,,Deposit,0.010,0.00000,0.00000,0.0000,0.0000,0.0,3.52,0,00:00:00:00,,,,,,,,,,,,
03/19/2026 17:24,03/19/2026 18:42,AUDUSD,Buy,0.130,0.70427,0.70523,0.0000,0.0000,9.6,10.82,0.09,00:01:17:17,50.0,38m,14.4,1.43,10.1,11.412999999999998,-14.4,-16.272,41.2,98.0,-0.50,-0.56
03/19/2026 17:06,03/19/2026 18:42,AUDUSD,Buy,0.120,0.70609,0.70523,0.0000,0.0000,-8.6,-8.95,-0.07,00:01:36:04,0.0,0s,32.6,32.68,0.0,0.0,-32.6,-33.904,0.0,73.6,-8.60,-8.94
03/19/2026 17:31,03/19/2026 18:03,NZDUSD,Buy,0.130,0.58295,0.58389,0.0000,0.0000,9.4,10.61,0.09,00:00:31:46,50.0,15m,4.8,0.43,11.2,12.655999999999999,-4.8,-5.4239999999999995,70.0,88.7,-1.80,-2.03
03/19/2026 17:05,03/19/2026 18:03,NZDUSD,Buy,0.120,0.58475,0.58389,0.0000,0.0000,-8.6,-8.95,-0.07,00:00:57:42,0.0,0s,22.8,22.83,0.0,0.0,-22.8,-23.712000000000003,0.0,62.3,-8.60,-8.94
03/18/2026 22:19,03/19/2026 16:03,USDCAD,Sell,0.140,1.37327,1.37096,0.0000,-2.9900,23.1,17.48,0.14,00:17:44:06,60.6,10h 44m,32.4,0.64,23.1,20.559,-14.7,-13.083,61.1,100.0,0.00,0.00
03/18/2026 20:15,03/19/2026 16:03,USDCAD,Sell,0.130,1.37070,1.37096,0.0000,-2.7800,-2.6,-4.92,-0.04,00:19:48:08,0.9,10m,44.8,9.18,4.4,3.608,-40.4,-33.128,9.8,84.4,-7.00,-5.74
03/18/2026 18:22,03/19/2026 16:03,USDCAD,Sell,0.120,1.36882,1.37096,0.0000,-2.5600,-21.4,-18.82,-0.15,00:21:40:45,0.0,0s,59.2,59.52,0.0,0.0,-59.2,-44.992000000000004,0.0,63.9,-21.40,-16.26
03/19/2026 09:44,03/19/2026 14:27,NZDUSD,Sell,0.120,0.58097,0.57998,0.0000,0.0000,9.9,10.36,0.09,00:04:42:44,22.7,1h 4m,20.0,1.42,10.5,11.025,-14.9,-15.645000000000001,41.3,97.6,-0.60,-0.63
03/19/2026 11:26,03/19/2026 11:40,GBPCAD,Buy,0.130,1.82182,1.82277,0.0000,0.0000,9.5,7.84,0.06,00:00:14:20,100.0,14m,3.4,0.11,9.5,7.885,0.0,0.0,100.0,100.0,0.00,0.00
03/19/2026 11:23,03/19/2026 11:40,GBPCAD,Buy,0.120,1.82365,1.82277,0.0000,0.0000,-8.8,-6.70,-0.06,00:00:17:48,0.0,0s,18.4,18.42,0.0,0.0,-18.4,-13.983999999999998,0.0,52.2,-8.80,-6.69
03/19/2026 11:21,03/19/2026 11:26,AUDUSD,Sell,0.130,0.70523,0.70426,0.0000,0.0000,9.7,11.00,0.09,00:00:05:18,80.0,4m,0.4,0.04,10.0,11.299999999999999,-0.4,-0.45199999999999996,96.2,97.1,-0.30,-0.34
03/19/2026 07:40,03/19/2026 11:26,AUDUSD,Sell,0.120,0.70339,0.70426,0.0000,0.0000,-8.7,-9.11,-0.07,00:03:46:01,23.5,53m,32.7,2.30,9.9,10.395000000000001,-22.8,-23.94,30.3,43.1,-18.60,-19.53
03/19/2026 10:23,,,Deposit,0.010,0.00000,0.00000,0.0000,0.0000,0.0,0.76,0,00:00:00:00,,,,,,,,,,,,
03/17/2026 18:11,03/18/2026 09:46,USDCAD,Buy,0.130,1.37023,1.37118,0.0000,0.1600,9.5,7.97,0.07,00:15:35:01,13.4,2h 5m,23.8,1.61,9.7,7.953999999999999,-15.6,-12.792,38.3,99.2,-0.20,-0.16
03/17/2026 17:21,03/18/2026 09:46,USDCAD,Buy,0.120,1.37206,1.37118,0.0000,0.1400,-8.8,-6.54,-0.05,00:16:25:45,0.2,1m,34.6,48.54,0.7,0.5319999999999999,-33.9,-25.764,2.0,72.5,-9.50,-7.22
03/18/2026 09:27,,,Deposit,0.010,0.00000,0.00000,0.0000,0.0000,0.0,1.47,0,00:00:00:00,,,,,,,,,,,,
03/18/2026 06:23,03/18/2026 08:09,AUDCAD,Buy,0.020,0.97467,0.97562,0.0000,0.0000,9.5,1.20,0.01,00:01:45:51,56.7,1h 0m,5.9,0.40,9.6,1.248,-3.8,-0.494,71.6,99.3,-0.10,-0.01
03/18/2026 06:23,03/18/2026 08:09,AUDCAD,Buy,0.100,0.97467,0.97568,0.0000,0.0000,10.1,6.38,0.05,00:01:45:51,56.7,1h 0m,5.9,0.38,10.1,6.3629999999999995,-3.8,-2.3939999999999997,72.7,100.0,0.00,0.00
03/17/2026 13:25,03/17/2026 15:17,NZDUSD,Buy,0.120,0.58477,0.58577,0.0000,0.0000,10.0,10.41,0.09,00:01:51:54,43.8,49m,9.7,0.94,10.3,10.712000000000002,-9.7,-10.088,51.5,98.5,-0.30,-0.31
03/17/2026 10:40,03/17/2026 11:17,GBPCAD,Buy,0.020,1.82405,1.82500,0.0000,0.0000,9.5,1.20,0.01,00:00:36:05,77.8,28m,6.9,0.12,15.8,2.0540000000000003,-1.9,-0.247,89.3,64.4,-6.30,-0.82
03/17/2026 10:40,03/17/2026 11:06,GBPCAD,Buy,0.100,1.82405,1.82509,0.0000,0.0000,10.4,6.60,0.05,00:00:25:39,69.3,17m,6.9,0.14,13.8,8.694,-1.9,-1.1969999999999998,87.9,78.3,-3.40,-2.14
03/17/2026 09:33,03/17/2026 11:00,AUDUSD,Buy,0.120,0.70737,0.70837,0.0000,0.0000,10.0,10.42,0.09,00:01:27:13,24.2,21m,11.5,1.10,10.5,10.92,-11.5,-11.96,47.7,97.7,-0.50,-0.52
03/17/2026 09:48,,,Deposit,0.010,0.00000,0.00000,0.0000,0.0000,0.0,1.20,0,00:00:00:00,,,,,,,,,,,,
03/16/2026 20:27,03/17/2026 04:19,AUDUSD,Buy,0.120,0.70737,0.70837,0.0000,-0.3400,10.0,10.10,0.08,00:07:52:02,20.2,1h 35m,20.5,1.30,10.8,11.232000000000001,-14.0,-14.56,43.5,96.8,-0.80,-0.83
03/17/2026 03:36,03/17/2026 04:06,AUDCAD,Buy,0.020,0.96802,0.96902,0.0000,0.0000,10.0,1.27,0.01,00:00:29:38,63.4,18m,5.6,0.55,10.1,1.313,-5.6,-0.728,64.3,99.4,-0.10,-0.01
03/17/2026 03:36,03/17/2026 04:06,AUDCAD,Buy,0.100,0.96802,0.96908,0.0000,0.0000,10.6,6.74,0.06,00:00:29:28,63.4,18m,5.6,0.53,10.6,6.784,-5.6,-3.5839999999999996,65.4,100.0,0.00,0.00
03/16/2026 20:15,03/16/2026 20:41,AUDCAD,Buy,0.120,0.96631,0.96730,0.0000,0.0000,9.9,7.55,0.06,00:00:25:42,100.0,25m,2.8,0.10,10.1,7.676,0.0,0.0,100.0,98.0,-0.20,-0.15
03/16/2026 12:58,03/16/2026 15:33,AUDUSD,Buy,0.020,0.70506,0.70606,0.0000,0.0000,10.0,1.74,0.01,00:02:34:09,77.5,1h 59m,7.7,0.26,11.5,1.955,-3.0,-0.51,79.3,89.7,-1.50,-0.26
03/16/2026 12:58,03/16/2026 15:33,AUDUSD,Buy,0.100,0.70506,0.70606,0.0000,0.0000,10.0,8.71,0.07,00:02:34:08,77.5,1h 59m,7.7,0.26,11.5,10.005,-3.0,-2.61,79.3,89.7,-1.50,-1.30
03/16/2026 12:19,03/16/2026 14:30,GBPCAD,Buy,0.120,1.81656,1.81747,0.0000,0.0000,9.1,6.95,0.06,00:02:10:32,53.5,1h 9m,17.9,0.91,11.6,8.815999999999999,-10.6,-8.056,52.3,88.7,-2.50,-1.90
03/16/2026 12:09,03/16/2026 12:27,AUDCAD,Buy,0.120,0.96292,0.96391,0.0000,0.0000,9.9,7.57,0.06,00:00:17:43,100.0,17m,1.3,0.09,11.2,8.511999999999999,0.0,0.0,100.0,88.4,-1.30,-0.99
03/13/2026 10:20,,,Deposit,0.010,0.00000,0.00000,0.0000,0.0000,0.0,2.10,0,00:00:00:00,,,,,,,,,,,,
03/12/2026 15:47,03/12/2026 16:21,AUDCAD,Sell,0.020,0.96641,0.96540,0.0000,0.0000,10.1,1.29,0.01,00:00:33:42,70.6,23m,12.3,0.81,10.2,1.3259999999999998,-8.3,-1.0790000000000002,55.1,99.5,-0.10,-0.01
03/12/2026 15:47,03/12/2026 16:21,AUDCAD,Sell,0.100,0.96641,0.96541,0.0000,0.0000,10.0,6.38,0.05,00:00:33:42,70.6,23m,12.3,0.81,10.2,6.528,-8.3,-5.312,55.1,98.9,-0.20,-0.13
03/12/2026 09:55,03/12/2026 11:16,AUDCAD,Sell,0.130,0.96910,0.96817,0.0000,0.0000,9.3,7.71,0.06,00:01:21:15,48.2,39m,10.4,0.83,11.2,9.296,-9.3,-7.719,54.6,90.7,-1.90,-1.58
03/12/2026 08:09,03/12/2026 11:16,AUDCAD,Sell,0.120,0.96730,0.96817,0.0000,0.0000,-8.7,-6.65,-0.06,00:03:07:12,7.5,14m,34.7,3.69,7.4,5.6240000000000006,-27.3,-20.748,21.3,53.6,-16.10,-12.24
03/12/2026 10:56,03/12/2026 11:05,GBPCAD,Buy,0.130,1.81703,1.81798,0.0000,0.0000,9.5,7.88,0.07,00:00:09:45,100.0,9m,3.9,0.11,9.5,7.885,0.0,0.0,100.0,100.0,0.00,0.00
03/12/2026 09:42,03/12/2026 11:05,GBPCAD,Buy,0.120,1.81882,1.81798,0.0000,0.0000,-8.4,-6.43,-0.05,00:01:23:36,7.3,6m,26.5,3.08,6.5,5.005,-20.0,-15.4,24.5,43.8,-14.90,-11.47
03/12/2026 09:39,,,Deposit,0.010,0.00000,0.00000,0.0000,0.0000,0.0,2.02,0,00:00:00:00,,,,,,,,,,,,
03/12/2026 04:27,03/12/2026 04:36,AUDUSD,Sell,0.020,0.71432,0.71332,0.0000,0.0000,10.0,1.74,0.01,00:00:08:47,100.0,8m,2.6,0.08,12.6,2.142,0.0,0.0,100.0,79.4,-2.60,-0.44
03/12/2026 04:27,03/12/2026 04:36,AUDUSD,Sell,0.100,0.71432,0.71330,0.0000,0.0000,10.2,8.84,0.07,00:00:08:45,100.0,8m,2.4,0.08,12.6,10.962,0.0,0.0,100.0,81.0,-2.40,-2.09
03/11/2026 17:49,03/12/2026 00:42,NZDUSD,Sell,0.020,0.59100,0.59000,0.0000,0.0100,10.0,1.74,0.01,00:06:53:48,18.7,1h 17m,13.7,0.87,11.2,1.904,-9.7,-1.649,53.6,94.3,-1.20,-0.20
03/11/2026 17:49,03/12/2026 00:42,NZDUSD,Sell,0.100,0.59100,0.58999,0.0000,0.0800,10.1,8.82,0.07,00:06:53:47,18.7,1h 17m,13.7,0.87,11.2,9.744,-9.7,-8.439,53.6,94.7,-1.10,-0.96
03/11/2026 14:51,03/11/2026 15:07,GBPCAD,Buy,0.140,1.82029,1.82269,0.0000,0.0000,24.0,21.34,0.18,00:00:15:24,100.0,15m,6.5,0.04,24.0,21.36,0.0,0.0,100.0,100.0,0.00,0.00
03/11/2026 13:33,03/11/2026 15:07,GBPCAD,Buy,0.130,1.82307,1.82269,0.0000,0.0000,-3.8,-3.14,-0.03,00:01:33:24,0.0,0s,29.6,29.67,0.0,0.0,-29.6,-24.568,0.0,87.2,-3.80,-3.15
03/11/2026 12:43,03/11/2026 15:07,GBPCAD,Buy,0.120,1.82486,1.82269,0.0000,0.0000,-21.7,-16.54,-0.14,00:02:23:33,0.0,0s,47.5,47.62,0.0,0.0,-47.5,-36.1,0.0,54.3,-21.70,-16.49
03/11/2026 10:06,03/11/2026 10:48,GBPCAD,Sell,0.020,1.82116,1.82016,0.0000,0.0000,10.0,1.27,0.01,00:00:41:54,23.9,10m,8.3,0.59,14.1,1.833,-8.3,-1.0790000000000002,62.9,81.7,-4.10,-0.53
03/11/2026 10:06,03/11/2026 10:48,GBPCAD,Sell,0.100,1.82116,1.82014,0.0000,0.0000,10.2,6.47,0.05,00:00:41:51,23.9,10m,8.3,0.59,14.1,8.883,-8.3,-5.229,62.9,82.6,-3.90,-2.46
03/11/2026 09:59,,,Deposit,0.010,0.00000,0.00000,0.0000,0.0000,0.0,0.84,0,00:00:00:00,,,,,,,,,,,,
03/11/2026 04:51,03/11/2026 06:36,AUDCAD,Buy,0.120,0.97253,0.97346,0.0000,0.0000,9.3,7.07,0.06,00:01:45:30,31.5,33m,15.7,1.40,11.2,8.511999999999999,-15.7,-11.932,41.6,92.9,-1.90,-1.44
03/11/2026 04:46,03/11/2026 06:16,AUDUSD,Buy,0.020,0.71662,0.71762,0.0000,0.0000,10.0,1.72,0.01,00:01:29:06,65.6,58m,13.5,0.38,13.3,2.261,-5.0,-0.8500000000000001,72.7,82.0,-3.30,-0.56
03/11/2026 04:46,03/11/2026 06:14,AUDUSD,Buy,0.100,0.71662,0.71765,0.0000,0.0000,10.3,8.86,0.07,00:01:27:14,64.8,56m,13.5,0.38,13.3,11.438,-5.0,-4.3,72.7,83.6,-3.00,-2.58
03/10/2026 09:24,03/10/2026 16:42,NZDUSD,Buy,0.120,0.59371,0.59471,0.0000,0.0000,10.0,10.31,0.09,00:07:17:31,44.6,3h 15m,18.8,1.16,11.1,11.433,-12.9,-13.287,46.3,95.4,-1.10,-1.13
03/10/2026 10:59,,,Deposit,0.010,0.00000,0.00000,0.0000,0.0000,0.0,1.88,0,00:00:00:00,,,,,,,,,,,,
03/10/2026 08:34,03/10/2026 09:21,GBPCAD,Buy,0.120,1.82617,1.82715,0.0000,0.0000,9.8,7.45,0.06,00:00:47:30,49.0,23m,9.6,0.56,10.5,7.98,-5.9,-4.484,64.0,95.7,-0.70,-0.53
03/10/2026 08:09,03/10/2026 08:24,AUDCAD,Buy,0.120,0.96176,0.96276,0.0000,0.0000,10.0,7.60,0.06,00:00:15:18,100.0,15m,3.8,0.08,12.8,9.728000000000002,0.0,0.0,100.0,78.1,-2.80,-2.13
03/09/2026 21:19,03/09/2026 21:47,USDCAD,Buy,0.130,1.35700,1.35798,0.0000,0.0000,9.8,8.07,0.07,00:00:27:31,53.6,14m,8.3,0.85,9.8,8.036,-8.3,-6.806,54.1,100.0,0.00,0.00
03/09/2026 20:03,03/09/2026 21:47,USDCAD,Buy,0.120,1.35888,1.35798,0.0000,0.0000,-9.0,-6.84,-0.06,00:01:44:05,10.6,11m,28.1,27.10,1.0,0.76,-27.1,-20.596,3.6,64.4,-10.00,-7.60
03/09/2026 15:43,03/09/2026 17:11,USDCAD,Buy,0.020,1.35788,1.35888,0.0000,0.0000,10.0,1.27,0.01,00:01:28:11,16.0,14m,15.8,1.30,10.0,1.3,-13.0,-1.69,43.5,100.0,0.00,0.00
03/09/2026 15:43,03/09/2026 17:11,USDCAD,Buy,0.100,1.35788,1.35891,0.0000,0.0000,10.3,6.55,0.05,00:01:28:09,16.0,14m,15.8,1.26,10.3,6.5920000000000005,-13.0,-8.32,44.2,100.0,0.00,0.00
03/09/2026 15:30,03/09/2026 16:46,AUDUSD,Buy,0.020,0.70317,0.70416,0.0000,0.0000,9.9,1.71,0.01,00:01:16:36,43.5,33m,20.6,1.52,11.6,1.972,-17.6,-2.9920000000000004,39.7,94.2,-1.70,-0.29
03/09/2026 15:30,03/09/2026 16:46,AUDUSD,Buy,0.100,0.70317,0.70418,0.0000,0.0000,10.1,8.73,0.07,00:01:16:35,43.5,33m,20.6,1.52,11.6,9.975999999999999,-17.6,-15.136000000000001,39.7,94.9,-1.50,-1.29
03/09/2026 15:11,03/09/2026 16:04,AUDCAD,Buy,0.120,0.95310,0.95411,0.0000,0.0000,10.1,7.72,0.06,00:00:52:40,52.9,27m,12.3,0.89,13.8,10.488000000000001,-12.3,-9.348,52.9,85.8,-3.70,-2.81
03/09/2026 11:32,03/09/2026 15:30,NZDUSD,Buy,0.020,0.59089,0.59186,0.0000,0.0000,9.7,1.68,0.01,00:03:57:31,29.5,1h 10m,16.0,0.89,12.4,2.108,-11.0,-1.87,53.0,88.5,-2.70,-0.46
03/09/2026 11:32,03/09/2026 15:30,NZDUSD,Buy,0.100,0.59089,0.59199,0.0000,0.0000,11.0,9.50,0.08,00:03:57:27,29.5,1h 10m,16.0,0.89,12.4,10.664,-11.0,-9.459999999999999,53.0,94.0,-1.40,-1.20
03/09/2026 14:27,03/09/2026 14:30,GBPCAD,Buy,0.020,1.81090,1.81191,0.0000,0.0000,10.1,1.29,0.01,00:00:03:53,,,,,,,,,,,,
03/09/2026 14:27,03/09/2026 14:30,GBPCAD,Buy,0.100,1.81090,1.81195,0.0000,0.0000,10.5,6.69,0.06,00:00:03:50,,,,,,,,,,,,
03/07/2026 09:43,,,Deposit,0.010,0.00000,0.00000,0.0000,0.0000,0.0,0.76,0,00:00:00:00,,,,,,,,,,,,
03/06/2026 13:42,03/06/2026 18:04,NZDUSD,Buy,0.140,0.58715,0.58945,0.0000,0.0000,23.0,27.78,0.23,00:04:21:27,43.2,1h 52m,26.5,0.53,23.0,27.83,-12.2,-14.761999999999999,65.3,100.0,0.00,0.00
03/06/2026 11:10,03/06/2026 18:04,NZDUSD,Buy,0.130,0.58973,0.58945,0.0000,0.0000,-2.8,-3.14,-0.03,00:06:54:18,0.0,0s,38.0,38.02,0.0,0.0,-38.0,-42.56,0.0,92.6,-2.80,-3.14
03/06/2026 04:30,03/06/2026 18:04,NZDUSD,Buy,0.120,0.59158,0.58945,0.0000,0.0000,-21.3,-22.06,-0.18,00:13:34:18,0.0,0s,56.5,56.82,0.0,0.0,-56.5,-58.760000000000005,0.0,62.3,-21.30,-22.15
03/06/2026 09:41,,,Deposit,0.010,0.00000,0.00000,0.0000,0.0000,0.0,1.12,0,00:00:00:00,,,,,,,,,,,,
03/05/2026 17:19,03/05/2026 17:28,USDCAD,Buy,0.020,1.36662,1.36760,0.0000,0.0000,9.8,1.24,0.01,00:00:08:53,66.7,5m,0.6,0.04,10.4,1.352,-0.4,-0.052000000000000005,96.3,94.4,-0.60,-0.08
03/05/2026 17:19,03/05/2026 17:28,USDCAD,Buy,0.100,1.36662,1.36765,0.0000,0.0000,10.3,6.51,0.05,00:00:08:50,66.7,5m,0.4,0.04,10.4,6.5520000000000005,-0.4,-0.252,96.3,99.1,-0.10,-0.06
03/05/2026 14:19,03/05/2026 15:13,USDCAD,Sell,0.020,1.36278,1.36180,0.0000,0.0000,9.8,1.24,0.01,00:00:53:53,40.8,21m,5.8,0.53,11.0,1.4300000000000002,-5.8,-0.754,65.5,92.9,-1.20,-0.16
03/05/2026 14:19,03/05/2026 15:13,USDCAD,Sell,0.100,1.36278,1.36176,0.0000,0.0000,10.2,6.45,0.05,00:00:53:44,40.8,21m,5.8,0.53,11.0,6.93,-5.8,-3.654,65.5,95.2,-0.80,-0.50
03/05/2026 10:58,,,Withdrawal,0.010,0.00000,0.00000,0.0000,0.0000,0.0,-400.00,0,00:00:00:00,,,,,,,,,,,,
03/05/2026 08:07,03/05/2026 10:07,AUDUSD,Sell,0.020,0.70335,0.70235,0.0000,0.0000,10.0,1.73,0.01,00:01:59:22,22.5,26m,22.4,1.40,12.9,2.193,-18.0,-3.06,41.7,90.6,-2.90,-0.49
03/05/2026 08:07,03/05/2026 10:05,AUDUSD,Sell,0.100,0.70335,0.70231,0.0000,0.0000,10.4,8.96,0.07,00:01:58:17,21.2,25m,22.4,1.58,11.4,9.804,-18.0,-15.48,38.8,96.6,-1.00,-0.86
03/05/2026 10:00,,,Deposit,0.010,0.00000,0.00000,0.0000,0.0000,0.0,1.09,0,00:00:00:00,,,,,,,,,,,,
03/05/2026 05:25,03/05/2026 06:19,GBPCAD,Sell,0.020,1.82150,1.82053,0.0000,0.0000,9.7,1.22,0.01,00:00:54:24,98.2,53m,5.1,0.01,12.0,1.56,-0.1,-0.013000000000000001,99.2,81.0,-2.30,-0.30
03/05/2026 05:25,03/05/2026 06:19,GBPCAD,Sell,0.100,1.82150,1.82047,0.0000,0.0000,10.3,6.50,0.05,00:00:53:44,98.2,52m,5.1,0.01,12.0,7.5600000000000005,-0.1,-0.063,99.2,86.0,-1.70,-1.07
03/03/2026 12:32,03/04/2026 11:50,NZDUSD,Buy,0.170,0.58755,0.59139,0.0000,-0.6400,38.4,55.55,0.45,00:23:17:56,86.5,20h 9m,61.1,0.96,38.4,56.064,-36.8,-53.727999999999994,51.1,100.0,0.00,0.00
03/03/2026 10:13,03/04/2026 11:50,NZDUSD,Buy,0.140,0.59071,0.59139,0.0000,-0.5300,6.8,7.67,0.06,01:01:37:30,3.9,59m,68.4,10.06,6.8,8.228,-68.4,-82.76400000000001,9.0,100.0,0.00,0.00
03/03/2026 07:36,03/04/2026 11:50,NZDUSD,Buy,0.130,0.59335,0.59139,0.0000,-0.4900,-19.6,-22.42,-0.18,01:04:14:01,0.0,0s,94.8,95.24,0.0,0.0,-94.8,-106.176,0.0,79.3,-19.60,-21.95
03/03/2026 03:15,03/04/2026 11:50,NZDUSD,Buy,0.120,0.59515,0.59139,0.0000,-0.4500,-37.6,-39.28,-0.32,01:08:35:07,0.0,0s,112.8,113.64,0.0,0.0,-112.8,-116.184,0.0,66.7,-37.60,-38.73
03/04/2026 10:54,,,Deposit,0.010,0.00000,0.00000,0.0000,0.0000,0.0,2.26,0,00:00:00:00,,,,,,,,,,,,
03/03/2026 20:38,03/03/2026 21:40,AUDUSD,Buy,0.120,0.70433,0.70532,0.0000,0.0000,9.9,10.23,0.08,00:01:01:34,40.4,24m,19.1,1.27,10.1,10.403,-12.8,-13.184000000000001,44.1,99.1,-0.20,-0.21
03/03/2026 19:35,03/03/2026 19:45,USDCAD,Sell,0.130,1.36784,1.36690,0.0000,0.0000,9.4,7.71,0.06,00:00:09:54,100.0,9m,1.9,0.09,10.6,8.691999999999998,0.0,0.0,100.0,88.7,-1.20,-0.98
03/03/2026 18:46,03/03/2026 19:45,USDCAD,Sell,0.120,1.36605,1.36690,0.0000,0.0000,-8.5,-6.44,-0.05,00:00:58:40,0.0,0s,17.9,17.92,0.0,0.0,-17.9,-13.604,0.0,52.5,-8.50,-6.46
03/03/2026 15:32,03/03/2026 16:26,AUDUSD,Sell,0.020,0.70080,0.69977,0.0000,0.0000,10.3,1.78,0.01,00:00:53:28,64.9,34m,14.2,0.75,10.3,1.7510000000000003,-7.7,-1.3090000000000002,57.2,100.0,0.00,0.00
03/03/2026 15:32,03/03/2026 16:26,AUDUSD,Sell,0.100,0.70080,0.69979,0.0000,0.0000,10.1,8.73,0.07,00:00:53:27,64.9,34m,14.2,0.76,10.1,8.686,-7.7,-6.622,56.7,100.0,0.00,0.00
03/03/2026 10:15,03/03/2026 10:58,USDCAD,Buy,0.020,1.36870,1.36969,0.0000,0.0000,9.9,1.25,0.01,00:00:42:40,73.9,31m,4.2,0.35,12.0,1.56,-4.2,-0.546,74.1,87.0,-2.10,-0.27
03/03/2026 10:15,03/03/2026 10:56,USDCAD,Buy,0.100,1.36870,1.36979,0.0000,0.0000,10.9,6.84,0.06,00:00:41:05,73.2,30m,4.2,0.35,12.0,7.5600000000000005,-4.2,-2.6460000000000004,74.1,93.2,-1.10,-0.69
03/03/2026 10:01,03/03/2026 10:38,AUDUSD,Sell,0.020,0.70719,0.70619,0.0000,0.0000,10.0,1.72,0.01,00:00:37:41,54.1,20m,8.7,0.81,10.7,1.819,-8.7,-1.479,55.2,96.4,-0.70,-0.12
03/03/2026 10:01,03/03/2026 10:38,AUDUSD,Sell,0.100,0.70719,0.70616,0.0000,0.0000,10.3,8.86,0.07,00:00:37:40,54.1,20m,8.7,0.81,10.7,9.202,-8.7,-7.481999999999999,55.2,97.9,-0.40,-0.34
03/03/2026 10:38,,,Deposit,0.010,0.00000,0.00000,0.0000,0.0000,0.0,6.05,0,00:00:00:00,,,,,,,,,,,,
03/03/2026 07:40,03/03/2026 10:00,AUDCAD,Sell,0.020,0.96892,0.96793,0.0000,0.0000,9.9,1.24,0.01,00:02:20:25,32.2,45m,17.7,1.24,10.4,1.352,-12.9,-1.677,44.6,97.9,-0.50,-0.07
03/03/2026 07:40,03/03/2026 10:00,AUDCAD,Sell,0.100,0.96892,0.96790,0.0000,0.0000,10.2,6.40,0.05,00:02:20:24,32.2,45m,17.7,1.24,10.4,6.5520000000000005,-12.9,-8.127,44.6,99.1,-0.20,-0.13
03/03/2026 07:23,03/03/2026 07:42,GBPCAD,Sell,0.020,1.82885,1.82786,0.0000,0.0000,9.9,1.24,0.01,00:00:18:54,73.7,13m,2.4,0.15,12.3,1.5990000000000002,-1.9,-0.247,86.6,83.1,-2.40,-0.31
03/03/2026 07:23,03/03/2026 07:42,GBPCAD,Sell,0.100,1.82885,1.82782,0.0000,0.0000,10.3,6.45,0.05,00:00:18:52,73.7,13m,2.0,0.15,12.3,7.7490000000000006,-1.9,-1.1969999999999998,86.6,85.9,-2.00,-1.26
03/02/2026 10:31,03/02/2026 19:44,GBPCAD,Buy,0.350,1.82278,1.83814,0.0000,0.0000,153.6,335.15,2.82,00:09:12:56,98.8,9h 6m,40.9,0.05,155.9,339.862,-8.2,-17.876,95.0,98.6,-2.30,-5.01
03/02/2026 00:54,03/02/2026 19:44,GBPCAD,Buy,0.290,1.83104,1.83814,0.0000,0.0000,71.0,128.36,1.09,00:18:49:16,64.7,12h 10m,130.6,1.18,73.3,132.673,-86.7,-156.92700000000002,45.8,98.6,-2.30,-4.16
02/27/2026 17:05,03/02/2026 19:44,GBPCAD,Buy,0.240,1.83682,1.83814,0.0000,0.4300,13.2,20.18,0.17,03:02:38:14,68.9,2d 3h ,155.4,9.33,15.5,23.25,-144.5,-216.75,9.7,98.6,-2.30,-3.45
02/26/2026 20:00,03/02/2026 19:44,GBPCAD,Buy,0.200,1.84207,1.83814,0.0000,0.7200,-39.3,-48.28,-0.41,03:23:43:12,17.1,16h 22m,234.7,5.23,37.7,47.125,-197.0,-246.25,16.1,67.2,-77.00,-96.25
02/26/2026 19:12,03/02/2026 19:44,GBPCAD,Buy,0.170,1.84638,1.83814,0.0000,0.6200,-82.4,-86.71,-0.73,04:00:31:08,0.0,0s,240.1,243.90,0.0,0.0,-240.1,-254.506,0.0,65.7,-82.40,-87.34
02/26/2026 17:53,03/02/2026 19:44,GBPCAD,Buy,0.140,1.84966,1.83814,0.0000,0.5000,-115.2,-100.04,-0.83,04:01:50:09,0.0,0s,272.9,277.78,0.0,0.0,-272.9,-237.42299999999997,0.0,57.8,-115.20,-100.22
02/26/2026 17:24,03/02/2026 19:44,GBPCAD,Buy,0.130,1.85250,1.83814,0.0000,0.4600,-143.6,-115.92,-0.96,04:02:19:43,0.0,0s,301.3,303.03,0.0,0.0,-301.3,-244.05300000000003,0.0,52.3,-143.60,-116.32
02/26/2026 16:30,03/02/2026 19:44,GBPCAD,Buy,0.120,1.85430,1.83814,0.0000,0.4400,-161.6,-120.45,-0.99,04:03:13:04,0.1,5m,321.0,188.68,1.7,1.275,-319.3,-239.47500000000002,0.5,49.1,-163.30,-122.47
03/02/2026 08:30,03/02/2026 09:18,AUDUSD,Sell,0.020,0.70670,0.70570,0.0000,0.0000,10.0,1.71,0.01,00:00:47:43,66.7,31m,6.2,0.24,13.9,2.3630000000000004,-3.4,-0.5780000000000001,80.3,77.5,-3.90,-0.66
03/02/2026 08:30,03/02/2026 09:18,AUDUSD,Sell,0.100,0.70670,0.70569,0.0000,0.0000,10.1,8.61,0.07,00:00:47:42,66.7,31m,6.2,0.24,13.9,11.815,-3.4,-2.8899999999999997,80.3,78.0,-3.80,-3.23
03/02/2026 06:20,03/02/2026 07:06,AUDCAD,Sell,0.020,0.96889,0.96788,0.0000,0.0000,10.1,1.25,0.01,00:00:46:06,69.6,32m,8.7,0.62,10.8,1.296,-6.7,-0.8039999999999999,61.7,96.0,-0.70,-0.08
03/02/2026 06:20,03/02/2026 07:06,AUDCAD,Sell,0.100,0.96889,0.96788,0.0000,0.0000,10.1,6.28,0.05,00:00:46:06,69.6,32m,8.7,0.62,10.8,6.696000000000001,-6.7,-4.154,61.7,96.0,-0.70,-0.43
03/02/2026 00:05,03/02/2026 03:10,AUDCAD,Buy,0.140,0.96282,0.96926,0.0000,0.0000,64.4,56.06,0.46,00:03:05:27,72.6,2h 14m,26.3,0.25,68.5,59.595,-17.1,-14.877,80.0,95.2,-4.10,-3.57
02/27/2026 12:05,03/02/2026 03:10,AUDCAD,Buy,0.130,0.97188,0.96926,0.0000,0.0200,-26.2,-21.16,-0.17,02:15:05:23,2.3,1h 27m,114.7,37.31,3.0,2.43,-111.7,-90.477,2.6,74.5,-29.20,-23.65
02/27/2026 06:41,03/02/2026 03:10,AUDCAD,Buy,0.120,0.97368,0.96926,0.0000,0.0200,-44.2,-32.96,-0.27,02:20:28:45,3.6,2h 27m,136.4,19.38,6.7,5.025,-129.7,-97.27499999999999,4.9,62.7,-50.90,-38.18
02/28/2026 08:51,,,Deposit,0.010,0.00000,0.00000,0.0000,0.0000,0.0,1.53,0,00:00:00:00,,,,,,,,,,,,
02/27/2026 04:34,02/27/2026 16:29,USDCAD,Sell,0.120,1.36721,1.36621,0.0000,0.0000,10.0,7.45,0.06,00:11:54:45,68.3,8h 8m,21.8,1.11,10.8,8.100000000000001,-12.0,-9.0,47.4,96.5,-0.80,-0.60
02/27/2026 04:30,02/27/2026 15:03,AUDUSD,Sell,0.120,0.71126,0.71027,0.0000,0.0000,9.9,10.07,0.08,00:10:33:05,29.6,3h 7m,19.7,1.79,10.3,10.506,-18.4,-18.767999999999997,35.9,98.6,-0.40,-0.41
02/27/2026 09:41,,,Deposit,0.010,0.00000,0.00000,0.0000,0.0000,0.0,0.89,0,00:00:00:00,,,,,,,,,,,,
02/26/2026 17:15,02/27/2026 04:30,AUDUSD,Buy,0.140,0.70889,0.71127,0.0000,-0.3900,23.8,27.86,0.23,00:11:14:48,83.0,9h 20m,25.7,0.82,24.6,29.274,-20.2,-24.037999999999997,54.9,98.2,-0.80,-0.95
02/26/2026 10:05,02/27/2026 04:30,AUDUSD,Buy,0.130,0.71159,0.71127,0.0000,-0.3600,-3.2,-3.88,-0.03,00:18:24:29,17.7,3h 15m,51.1,6.41,6.9,7.590000000000001,-44.2,-48.620000000000005,13.5,80.2,-10.10,-11.11
02/26/2026 07:24,02/27/2026 04:30,AUDUSD,Buy,0.120,0.71340,0.71127,0.0000,-0.3400,-21.3,-22.01,-0.18,00:21:05:30,0.4,5m,63.5,52.08,1.2,1.224,-62.3,-63.546,1.9,64.6,-22.50,-22.95
02/26/2026 10:00,02/26/2026 14:31,AUDCAD,Buy,0.130,0.97300,0.97393,0.0000,0.0000,9.3,7.49,0.06,00:04:31:16,73.1,3h 18m,9.4,0.63,9.5,7.695,-6.0,-4.86,61.3,98.7,-0.20,-0.16
02/26/2026 07:24,02/26/2026 14:31,AUDCAD,Buy,0.120,0.97480,0.97393,0.0000,0.0000,-8.7,-6.46,-0.05,00:07:07:01,0.5,2m,25.0,24.04,1.0,0.74,-24.0,-17.759999999999998,4.0,61.2,-9.70,-7.18
02/26/2026 09:49,02/26/2026 10:01,GBPCAD,Sell,0.120,1.85110,1.85010,0.0000,0.0000,10.0,7.43,0.06,00:00:12:12,100.0,12m,2.9,0.08,11.9,8.806000000000001,0.0,0.0,100.0,84.0,-1.90,-1.41
02/26/2026 09:28,,,Deposit,0.010,0.00000,0.00000,0.0000,0.0000,0.0,0.33,0,00:00:00:00,,,,,,,,,,,,
02/25/2026 14:49,02/25/2026 15:20,GBPCAD,Buy,0.020,1.85138,1.85238,0.0000,0.0000,10.0,1.24,0.01,00:00:30:10,38.8,11m,5.5,0.55,10.0,1.2,-5.5,-0.6599999999999999,64.5,100.0,0.00,0.00
02/25/2026 14:49,02/25/2026 15:20,GBPCAD,Buy,0.100,1.85138,1.85239,0.0000,0.0000,10.1,6.26,0.05,00:00:30:09,38.8,11m,5.5,0.54,10.1,6.262,-5.5,-3.41,64.7,100.0,0.00,0.00
02/25/2026 09:07,,,Deposit,0.010,0.00000,0.00000,0.0000,0.0000,0.0,1.59,0,00:00:00:00,,,,,,,,,,,,
02/24/2026 13:48,02/24/2026 17:32,AUDUSD,Buy,0.130,0.70465,0.70561,0.0000,0.0000,9.6,10.60,0.09,00:03:43:42,12.5,27m,21.6,1.63,11.9,13.090000000000002,-19.4,-21.34,38.0,92.7,-2.30,-2.53
02/24/2026 04:35,02/24/2026 17:32,AUDUSD,Buy,0.120,0.70650,0.70561,0.0000,0.0000,-8.9,-9.07,-0.07,00:12:57:09,27.8,3h 36m,45.7,4.86,7.8,7.9559999999999995,-37.9,-38.658,17.1,63.5,-16.70,-17.03
02/24/2026 14:17,02/24/2026 17:30,NZDUSD,Buy,0.130,0.59519,0.59613,0.0000,0.0000,9.4,10.38,0.09,00:03:13:44,31.1,1h 0m,11.7,1.02,9.4,10.340000000000002,-9.6,-10.56,49.5,100.0,0.00,0.00
02/24/2026 11:11,02/24/2026 17:30,NZDUSD,Buy,0.120,0.59699,0.59613,0.0000,0.0000,-8.6,-8.77,-0.07,00:06:19:21,0.8,3m,28.2,46.08,0.6,0.612,-27.6,-28.152,2.1,67.4,-9.20,-9.38
02/24/2026 09:46,,,Deposit,0.010,0.00000,0.00000,0.0000,0.0000,0.0,2.53,0,00:00:00:00,,,,,,,,,,,,
02/23/2026 18:04,02/24/2026 05:03,NZDUSD,Buy,0.130,0.59605,0.59699,0.0000,-0.4900,9.4,9.88,0.08,00:10:59:08,38.1,4h 11m,20.4,1.30,9.7,10.67,-12.6,-13.860000000000001,43.5,98.7,-0.30,-0.33
02/23/2026 16:32,02/24/2026 05:03,NZDUSD,Buy,0.120,0.59785,0.59699,0.0000,-0.4500,-8.6,-9.21,-0.08,00:12:31:26,0.0,0s,30.6,30.67,0.0,0.0,-30.6,-31.212000000000003,0.0,71.9,-8.60,-8.77
02/23/2026 14:49,02/23/2026 16:15,AUDUSD,Buy,0.020,0.70651,0.70731,0.0000,0.0000,8.0,1.35,0.01,00:01:25:40,81.2,1h 9m,6.2,0.44,8.9,1.5130000000000001,-3.9,-0.663,69.5,93.0,-0.90,-0.15
02/23/2026 14:49,02/23/2026 16:14,AUDUSD,Buy,0.100,0.70651,0.70733,0.0000,0.0000,8.2,6.95,0.06,00:01:25:39,81.2,1h 9m,6.2,0.44,8.9,7.565,-3.9,-3.315,69.5,94.5,-0.70,-0.60
02/23/2026 15:22,02/23/2026 15:44,GBPCAD,Buy,0.020,1.84822,1.84903,0.0000,0.0000,8.1,1.00,0.01,00:00:22:36,63.7,14m,6.2,0.38,8.1,0.972,-3.1,-0.372,72.3,100.0,0.00,0.00
02/23/2026 15:22,02/23/2026 15:44,GBPCAD,Buy,0.100,1.84822,1.84905,0.0000,0.0000,8.3,5.14,0.04,00:00:21:42,62.0,13m,6.2,0.37,8.3,5.146000000000001,-3.1,-1.922,72.8,100.0,0.00,0.00
02/23/2026 13:28,02/23/2026 14:21,NZDUSD,Sell,0.020,0.59692,0.59613,0.0000,0.0000,7.9,1.34,0.01,00:00:52:12,98.2,51m,2.4,0.01,10.3,1.7510000000000003,-0.1,-0.017,99.0,76.9,-2.40,-0.41
02/23/2026 13:28,02/23/2026 14:21,NZDUSD,Sell,0.100,0.59692,0.59612,0.0000,0.0000,8.0,6.79,0.06,00:00:52:11,98.1,51m,2.0,0.01,8.9,7.565,-0.1,-0.085,98.9,90.0,-0.90,-0.77
02/23/2026 01:46,02/23/2026 14:20,AUDUSD,Sell,0.170,0.70982,0.70607,0.0000,0.0000,37.5,54.11,0.45,00:12:34:31,95.7,12h 2m,23.5,0.35,39.0,56.16,-13.6,-19.584,74.1,97.1,-1.50,-2.16
02/20/2026 17:01,02/23/2026 14:20,AUDUSD,Sell,0.140,0.70675,0.70607,0.0000,-0.2100,6.8,7.87,0.07,02:21:19:25,1.3,54m,50.4,4.34,10.2,12.137999999999998,-44.3,-52.71699999999999,18.7,93.8,-3.40,-4.05
02/20/2026 07:55,02/23/2026 14:20,AUDUSD,Sell,0.130,0.70422,0.70607,0.0000,-0.2000,-18.5,-20.61,-0.17,03:06:25:27,0.7,32m,72.3,25.84,2.7,2.9700000000000006,-69.6,-76.56,3.7,70.7,-21.20,-23.32
02/20/2026 03:50,02/23/2026 14:20,AUDUSD,Sell,0.120,0.70235,0.70607,0.0000,-0.1800,-37.2,-38.07,-0.31,03:10:29:53,0.6,29m,94.9,13.39,6.6,6.731999999999999,-88.3,-90.066,7.0,53.8,-43.80,-44.68
02/23/2026 12:13,02/23/2026 13:30,USDCAD,Buy,0.120,1.36763,1.36842,0.0000,0.0000,7.9,5.88,0.05,00:01:16:59,23.7,18m,3.6,0.41,8.7,6.438,-3.6,-2.664,70.7,93.5,-0.80,-0.59
02/21/2026 09:14,,,Deposit,0.010,0.00000,0.00000,0.0000,0.0000,0.0,1.03,0,00:00:00:00,,,,,,,,,,,,
02/20/2026 11:23,02/20/2026 12:29,NZDUSD,Sell,0.130,0.59647,0.59548,0.0000,0.0000,9.9,10.94,0.09,00:01:05:47,100.0,1h 5m,1.5,0.09,11.4,12.654000000000002,0.0,0.0,100.0,86.8,-1.50,-1.67
02/20/2026 03:50,02/20/2026 12:29,NZDUSD,Sell,0.120,0.59461,0.59548,0.0000,0.0000,-8.7,-8.87,-0.07,00:08:39:25,22.4,1h 56m,24.1,2.65,6.6,6.731999999999999,-17.5,-17.85,27.4,36.5,-15.30,-15.61
02/20/2026 09:16,,,Deposit,0.010,0.00000,0.00000,0.0000,0.0000,0.0,1.30,0,00:00:00:00,,,,,,,,,,,,
02/19/2026 17:03,02/20/2026 03:32,AUDCAD,Sell,0.130,0.96530,0.96435,0.0000,-0.5700,9.5,7.09,0.06,00:10:29:15,16.7,1h 45m,16.3,1.08,9.9,8.019,-10.7,-8.667,48.1,98.1,-0.40,-0.32
02/19/2026 16:36,02/20/2026 03:32,AUDCAD,Sell,0.120,0.96348,0.96435,0.0000,-0.5300,-8.7,-7.01,-0.06,00:10:56:17,0.0,0s,28.9,28.90,0.0,0.0,-28.9,-21.386,0.0,69.9,-8.70,-6.44
02/19/2026 16:36,02/19/2026 17:33,AUDUSD,Buy,0.140,0.70296,0.70532,0.0000,0.0000,23.6,28.08,0.23,00:00:57:18,98.3,56m,7.0,0.12,26.6,31.654,-3.1,-3.689,89.6,89.9,-3.00,-3.57
02/19/2026 12:03,02/19/2026 17:33,AUDUSD,Buy,0.130,0.70563,0.70532,0.0000,0.0000,-3.1,-3.42,-0.03,00:05:30:07,4.3,14m,35.2,5.52,5.4,5.940000000000001,-29.8,-32.78,15.3,75.9,-8.50,-9.35
02/19/2026 09:37,02/19/2026 17:33,AUDUSD,Buy,0.120,0.70751,0.70532,0.0000,0.0000,-21.9,-22.34,-0.18,00:07:55:56,3.4,16m,53.1,10.81,4.5,4.59,-48.6,-49.572,8.5,50.3,-26.40,-26.93
02/19/2026 09:08,,,Deposit,0.010,0.00000,0.00000,0.0000,0.0000,0.0,1.17,0,00:00:00:00,,,,,,,,,,,,
02/19/2026 06:28,02/19/2026 07:09,AUDUSD,Sell,0.020,0.70554,0.70476,0.0000,0.0000,7.8,1.33,0.01,00:00:40:26,70.8,28m,3.9,0.44,8.8,1.4960000000000002,-3.9,-0.663,69.3,92.1,-1.00,-0.17
02/19/2026 06:28,02/19/2026 07:09,AUDUSD,Sell,0.100,0.70554,0.70472,0.0000,0.0000,8.2,6.95,0.06,00:00:40:15,70.8,28m,3.9,0.44,8.8,7.48,-3.9,-3.315,69.3,95.3,-0.60,-0.51
02/18/2026 20:20,02/18/2026 21:00,AUDUSD,Sell,0.020,0.70557,0.70480,0.0000,0.0000,7.7,1.31,0.01,00:00:39:45,100.0,39m,4.4,0.13,7.9,1.3430000000000002,0.0,0.0,100.0,97.5,-0.20,-0.03
02/18/2026 20:20,02/18/2026 21:00,AUDUSD,Sell,0.100,0.70557,0.70481,0.0000,0.0000,7.6,6.45,0.05,00:00:39:44,100.0,39m,4.4,0.13,7.9,6.715,0.0,0.0,100.0,96.2,-0.30,-0.26
02/18/2026 18:39,02/18/2026 19:39,USDCAD,Buy,0.020,1.36764,1.36842,0.0000,0.0000,7.8,0.97,0.01,00:01:00:17,58.4,35m,6.9,0.75,9.2,1.1039999999999999,-6.9,-0.828,57.1,91.3,-1.40,-0.17
02/18/2026 18:39,02/18/2026 19:38,USDCAD,Buy,0.100,1.36764,1.36847,0.0000,0.0000,8.3,5.13,0.04,00:00:59:51,57.7,34m,6.9,0.75,9.2,5.704,-6.9,-4.2780000000000005,57.1,94.4,-0.90,-0.56
02/18/2026 16:21,02/18/2026 17:01,AUDUSD,Buy,0.130,0.70562,0.70656,0.0000,0.0000,9.4,10.35,0.09,00:00:39:52,70.0,27m,6.2,0.43,10.4,11.440000000000001,-4.5,-4.95,69.8,93.3,-1.00,-1.10
02/18/2026 09:02,02/18/2026 17:01,AUDUSD,Buy,0.120,0.70743,0.70656,0.0000,0.0000,-8.7,-8.84,-0.07,00:07:59:01,26.6,2h 7m,29.4,3.32,6.8,6.936,-22.6,-23.052000000000003,23.1,47.3,-15.50,-15.81
02/18/2026 09:37,,,Deposit,0.010,0.00000,0.00000,0.0000,0.0000,0.0,1.78,0,00:00:00:00,,,,,,,,,,,,
02/17/2026 20:29,02/17/2026 20:40,AUDCAD,Buy,0.120,0.96554,0.96633,0.0000,0.0000,7.9,5.87,0.05,00:00:11:41,100.0,11m,0.7,0.12,8.6,6.364,0.0,0.0,100.0,91.9,-0.70,-0.52
02/17/2026 20:21,02/17/2026 20:38,AUDUSD,Buy,0.020,0.70743,0.70823,0.0000,0.0000,8.0,1.35,0.01,00:00:16:19,100.0,16m,2.5,0.10,10.5,1.7850000000000001,0.0,0.0,100.0,76.2,-2.50,-0.43
02/17/2026 20:21,02/17/2026 20:37,AUDUSD,Buy,0.100,0.70743,0.70831,0.0000,0.0000,8.8,7.43,0.06,00:00:15:36,100.0,15m,1.3,0.10,10.1,8.484,0.0,0.0,100.0,87.1,-1.30,-1.09
02/17/2026 15:16,02/17/2026 20:20,NZDUSD,Buy,0.130,0.60265,0.60358,0.0000,0.0000,9.3,10.21,0.08,00:05:04:25,46.9,2h 22m,27.5,2.33,9.3,10.230000000000002,-21.7,-23.87,30.0,100.0,0.00,0.00
02/17/2026 12:03,02/17/2026 20:20,NZDUSD,Buy,0.120,0.60444,0.60358,0.0000,0.0000,-8.6,-8.71,-0.07,00:08:17:04,17.2,1h 25m,45.0,7.34,5.4,5.454000000000001,-39.6,-39.996,12.0,68.9,-14.00,-14.14
02/02/2026 07:47,02/17/2026 17:36,AUDUSD,Sell,0.020,0.69206,0.70327,0.0000,-0.4500,-112.1,-19.44,-0.16,15:09:49:32,0.6,2h 13m,231.4,26.60,8.4,1.4280000000000002,-223.0,-37.910000000000004,3.6,47.9,-120.50,-20.49
02/17/2026 08:35,,,Deposit,0.010,0.00000,0.00000,0.0000,0.0000,0.0,0.23,0,00:00:00:00,,,,,,,,,,,,
02/16/2026 03:30,02/17/2026 03:51,AUDUSD,Sell,0.140,0.70855,0.70619,0.0000,-0.2100,23.6,27.68,0.23,01:00:21:27,78.5,19h 7m,16.3,0.39,26.6,31.388,-10.4,-12.272,71.9,91.9,-3.00,-3.54
02/16/2026 00:05,02/17/2026 03:51,AUDUSD,Sell,0.130,0.70603,0.70619,0.0000,-0.2000,-1.6,-1.95,-0.02,01:03:46:31,1.2,19m,41.1,6.48,5.5,5.995,-35.6,-38.804,13.4,82.7,-7.10,-7.74
02/16/2026 13:13,02/16/2026 15:16,USDCAD,Buy,0.020,1.36234,1.36314,0.0000,0.0000,8.0,0.99,0.01,00:02:03:06,58.6,1h 12m,7.5,0.58,9.1,1.0919999999999999,-5.3,-0.636,63.2,92.4,-1.10,-0.13
02/16/2026 13:13,02/16/2026 15:15,USDCAD,Buy,0.100,1.36234,1.36317,0.0000,0.0000,8.3,5.13,0.04,00:02:02:40,58.2,1h 11m,7.5,0.58,9.1,5.6419999999999995,-5.3,-3.286,63.2,94.4,-0.80,-0.50
02/13/2026 09:49,,,Deposit,0.010,0.00000,0.00000,0.0000,0.0000,0.0,2.38,0,00:00:00:00,,,,,,,,,,,,
02/11/2026 20:04,02/12/2026 20:19,AUDUSD,Sell,0.240,0.71419,0.70805,0.0000,-1.0900,61.4,123.17,1.03,01:00:15:50,97.3,23h 36m,35.2,0.05,61.9,125.038,-3.0,-6.0600000000000005,95.4,99.2,-0.50,-1.01
02/09/2026 20:06,02/12/2026 20:19,AUDUSD,Sell,0.200,0.70910,0.70805,0.0000,-1.5100,10.5,16.19,0.14,03:00:13:44,40.6,1d 5h ,79.9,2.07,26.0,43.94,-53.9,-91.091,32.5,80.6,-15.50,-26.20
02/09/2026 15:05,02/12/2026 20:19,AUDUSD,Sell,0.170,0.70518,0.70805,0.0000,-1.2900,-28.7,-42.43,-0.35,03:05:14:39,0.0,0s,93.1,93.46,0.0,0.0,-93.1,-133.13299999999998,0.0,69.2,-28.70,-41.04
02/06/2026 19:51,02/12/2026 20:19,AUDUSD,Sell,0.140,0.70218,0.70805,0.0000,-1.2700,-58.7,-70.57,-0.59,06:00:28:08,37.2,2d 5h ,130.7,14.03,8.7,10.265999999999998,-122.0,-143.95999999999998,6.7,48.4,-67.40,-79.53
02/12/2026 14:53,02/12/2026 15:37,USDCAD,Sell,0.130,1.35796,1.35702,0.0000,0.0000,9.4,7.58,0.06,00:00:44:39,81.9,36m,8.7,0.22,9.9,8.019,-2.2,-1.7820000000000003,81.8,95.9,-0.50,-0.41
02/12/2026 13:17,02/12/2026 15:37,USDCAD,Sell,0.120,1.35615,1.35702,0.0000,0.0000,-8.7,-6.47,-0.05,00:02:20:39,30.0,42m,26.1,3.50,5.8,4.292,-20.3,-15.022,22.2,44.4,-14.50,-10.73
02/12/2026 09:41,,,Deposit,0.010,0.00000,0.00000,0.0000,0.0000,0.0,0.49,0,00:00:00:00,,,,,,,,,,,,
02/11/2026 09:21,,,Deposit,0.010,0.00000,0.00000,0.0000,0.0000,0.0,1.13,0,00:00:00:00,,,,,,,,,,,,
02/11/2026 04:17,02/11/2026 04:36,NZDUSD,Buy,0.020,0.60550,0.60630,0.0000,0.0000,8.0,1.35,0.01,00:00:18:58,94.8,17m,1.3,0.01,8.0,1.36,-0.1,-0.017,98.8,100.0,0.00,0.00
02/11/2026 04:17,02/11/2026 04:36,NZDUSD,Buy,0.100,0.60550,0.60629,0.0000,0.0000,7.9,6.63,0.06,00:00:18:57,94.8,17m,1.3,0.01,7.9,6.636,-0.1,-0.084,98.8,100.0,0.00,0.00
02/11/2026 04:29,02/11/2026 04:33,AUDCAD,Buy,0.020,0.96252,0.96327,0.0000,0.0000,7.5,0.93,0.01,00:00:03:50,,,,,,,,,,,,
02/11/2026 04:29,02/11/2026 04:33,AUDCAD,Buy,0.100,0.96252,0.96338,0.0000,0.0000,8.6,5.33,0.04,00:00:03:46,,,,,,,,,,,,
02/10/2026 19:13,,,Withdrawal,0.010,0.00000,0.00000,0.0000,0.0000,0.0,-3100.00,0,00:00:00:00,,,,,,,,,,,,
02/10/2026 16:38,02/10/2026 16:57,GBPCAD,Sell,0.020,1.85149,1.85071,0.0000,0.0000,7.8,0.97,0.01,00:00:19:07,89.5,17m,5.9,0.09,7.9,0.948,-0.7,-0.08399999999999999,91.9,98.8,-0.10,-0.01
02/10/2026 16:38,02/10/2026 16:57,GBPCAD,Sell,0.100,1.85149,1.85068,0.0000,0.0000,8.1,5.03,0.03,00:00:19:06,89.5,17m,5.9,0.09,8.1,5.021999999999999,-0.7,-0.434,92.0,100.0,0.00,0.00
02/10/2026 14:22,02/10/2026 14:58,GBPCAD,Buy,0.020,1.85704,1.85778,0.0000,0.0000,7.4,0.92,0.01,00:00:35:37,13.9,4m,20.8,2.29,9.1,1.0919999999999999,-20.8,-2.496,30.4,94.3,-1.70,-0.20
02/10/2026 14:22,02/10/2026 14:57,GBPCAD,Buy,0.100,1.85704,1.85792,0.0000,0.0000,8.8,5.46,0.04,00:00:35:26,11.5,4m,20.8,2.36,8.8,5.456,-20.8,-12.896,29.7,100.0,0.00,0.00
02/10/2026 08:12,02/10/2026 11:08,NZDUSD,Buy,0.130,0.60371,0.60465,0.0000,0.0000,9.4,10.26,0.07,00:02:56:21,67.1,1h 58m,5.9,0.40,9.4,10.246,-3.8,-4.142,71.2,100.0,0.00,0.00
02/09/2026 20:05,02/10/2026 11:08,NZDUSD,Buy,0.120,0.60553,0.60465,0.0000,-0.4400,-8.8,-9.30,-0.06,00:15:03:01,14.3,2h 9m,28.6,5.36,4.5,4.545,-24.1,-24.341,15.7,53.5,-13.30,-13.43
02/10/2026 09:50,,,Deposit,0.010,0.00000,0.00000,0.0000,0.0000,0.0,0.03,0,00:00:00:00,,,,,,,,,,,,
02/04/2026 03:19,02/09/2026 16:11,USDCAD,Sell,0.020,1.36363,1.36013,0.0000,-0.7000,35.0,3.62,0.02,05:12:52:10,5.5,7h 18m,89.5,2.04,41.1,4.932,-83.9,-10.068,32.9,95.1,-6.10,-0.73
02/07/2026 09:16,,,Deposit,0.010,0.00000,0.00000,0.0000,0.0000,0.0,0.32,0,00:00:00:00,,,,,,,,,,,,
02/06/2026 09:35,,,Deposit,0.010,0.00000,0.00000,0.0000,0.0000,0.0,0.64,0,00:00:00:00,,,,,,,,,,,,
02/06/2026 02:15,02/06/2026 02:34,USDCAD,Sell,0.170,1.37223,1.37124,0.0000,0.0000,9.9,10.42,0.07,00:00:18:54,89.5,16m,2.7,0.11,11.1,11.655,-1.2,-1.26,90.2,90.2,-1.20,-1.26
02/05/2026 09:18,,,Deposit,0.010,0.00000,0.00000,0.0000,0.0000,0.0,2.24,0,00:00:00:00,,,,,,,,,,,,
02/05/2026 04:59,02/05/2026 05:20,USDCAD,Sell,0.140,1.36924,1.36847,0.0000,0.0000,7.7,6.69,0.04,00:00:21:22,100.0,21m,2.5,0.12,8.6,7.481999999999999,0.0,0.0,100.0,89.5,-0.90,-0.78
02/04/2026 11:52,02/05/2026 04:15,NZDUSD,Sell,0.020,0.60201,0.59853,0.0000,0.0200,34.8,5.92,0.04,00:16:23:19,81.8,13h 24m,18.5,0.29,39.0,6.630000000000001,-11.4,-1.9380000000000002,77.4,91.7,-4.20,-0.71
02/04/2026 21:51,02/05/2026 04:12,AUDUSD,Sell,0.130,0.69968,0.69858,0.0000,-0.5900,11.0,11.53,0.08,00:06:21:43,33.9,2h 9m,14.4,0.86,11.8,12.980000000000002,-10.2,-11.22,53.6,96.4,-0.80,-0.88
02/04/2026 21:57,02/04/2026 23:38,USDCAD,Sell,0.130,1.36669,1.36621,0.0000,0.0000,4.8,3.87,0.03,00:01:41:18,24.8,25m,8.3,1.25,6.1,4.941,-7.6,-6.156,44.5,90.5,-1.30,-1.05
02/04/2026 18:22,02/04/2026 18:32,USDCAD,Sell,0.140,1.36798,1.36736,0.0000,0.0000,6.2,5.38,0.04,00:00:10:19,90.0,9m,1.3,0.03,7.0,6.09,-0.2,-0.17400000000000002,97.2,88.9,-0.80,-0.70
02/04/2026 10:41,02/04/2026 17:04,GBPCAD,Sell,0.140,1.87173,1.86940,0.0000,0.0000,23.3,20.20,0.13,00:06:23:01,45.0,2h 52m,45.9,0.96,25.4,22.098,-24.5,-21.315,50.9,95.8,-2.10,-1.83
02/04/2026 03:20,02/04/2026 17:04,GBPCAD,Sell,0.130,1.86914,1.86940,0.0000,0.0000,-2.6,-2.10,-0.01,00:13:44:13,4.9,40m,53.3,17.39,2.9,2.349,-50.4,-40.824,5.4,89.7,-5.50,-4.46
02/03/2026 20:39,02/04/2026 17:04,GBPCAD,Sell,0.120,1.86731,1.86940,0.0000,-1.2100,-20.9,-16.75,-0.11,00:20:25:27,7.8,1h 35m,79.3,5.50,12.2,9.027999999999999,-67.1,-49.653999999999996,15.4,58.3,-33.10,-24.49
02/04/2026 12:15,02/04/2026 14:43,USDCAD,Sell,0.130,1.36548,1.36515,0.0000,0.0000,3.3,2.66,0.02,00:02:28:32,10.9,16m,19.4,3.94,4.8,3.888,-18.9,-15.309,20.3,93.7,-1.50,-1.22
02/04/2026 11:52,02/04/2026 13:17,NZDUSD,Sell,0.100,0.60201,0.60146,0.0000,0.0000,5.5,4.65,0.03,00:01:24:47,60.8,51m,5.4,0.90,6.0,5.1,-5.4,-4.59,52.6,95.6,-0.50,-0.42
02/04/2026 03:19,02/04/2026 10:09,USDCAD,Sell,0.100,1.36363,1.36314,0.0000,0.0000,4.9,3.04,0.02,00:06:50:06,35.2,2h 24m,17.3,2.59,5.4,3.3480000000000003,-14.0,-8.68,27.8,97.4,-0.50,-0.31
02/04/2026 09:40,,,Deposit,0.010,0.00000,0.00000,0.0000,0.0000,0.0,1.17,0,00:00:00:00,,,,,,,,,,,,
02/03/2026 05:31,02/03/2026 23:14,NZDUSD,Buy,0.020,0.60253,0.60597,0.0000,0.0000,34.4,5.82,0.04,00:17:43:20,99.6,17h 39m,32.2,0.04,34.7,5.899000000000001,-1.4,-0.238,96.1,99.2,-0.30,-0.05
02/03/2026 09:32,02/03/2026 11:25,AUDUSD,Sell,0.200,0.70339,0.70100,0.0000,0.0000,23.9,40.48,0.27,00:01:53:10,45.2,51m,15.2,0.56,27.2,45.967999999999996,-15.2,-25.688,64.2,92.2,-3.30,-5.58
02/03/2026 05:33,02/03/2026 11:25,AUDUSD,Sell,0.170,0.69939,0.70100,0.0000,0.0000,-16.1,-23.18,-0.15,00:05:52:13,0.0,0s,55.2,55.25,0.0,0.0,-55.2,-79.488,0.0,70.8,-16.10,-23.18
02/03/2026 09:46,,,Deposit,0.010,0.00000,0.00000,0.0000,0.0000,0.0,0.93,0,00:00:00:00,,,,,,,,,,,,
02/03/2026 05:31,02/03/2026 05:45,NZDUSD,Buy,0.100,0.60253,0.60304,0.0000,0.0000,5.1,4.32,0.03,00:00:13:41,64.3,8m,4.5,0.88,5.1,4.335,-4.5,-3.8249999999999997,53.1,100.0,0.00,0.00
02/02/2026 11:57,02/02/2026 12:29,AUDUSD,Sell,0.140,0.69639,0.69578,0.0000,0.0000,6.1,7.20,0.05,00:00:32:08,39.4,12m,5.2,0.59,6.1,7.1979999999999995,-3.6,-4.248,62.9,100.0,0.00,0.00
02/02/2026 09:38,,,Deposit,0.010,0.00000,0.00000,0.0000,0.0000,0.0,3000.00,0,00:00:00:00,,,,,,,,,,,,
02/02/2026 09:28,02/02/2026 09:31,AUDUSD,Sell,0.130,0.69390,0.69358,0.0000,0.0000,3.2,3.51,0.03,00:00:03:09,,,,,,,,,,,,
02/02/2026 07:47,02/02/2026 07:53,AUDUSD,Sell,0.100,0.69206,0.69158,0.0000,0.0000,4.8,4.05,0.03,00:00:05:57,66.7,3m,0.4,0.08,4.9,4.1160000000000005,-0.4,-0.336,92.5,98.1,-0.10,-0.08
01/30/2026 15:11,,,Deposit,0.010,0.00000,0.00000,0.0000,0.0000,0.0,2000.00,0,00:00:00:00,,,,,,,,,,,,
01/29/2026 21:49,,,Deposit,0.010,0.00000,0.00000,0.0000,0.0000,0.0,9926.52,0,00:00:00:00,,,,,,,,,,,,
01/28/2026 23:24,,,Withdrawal,0.010,0.00000,0.00000,0.0000,0.0000,0.0,-5000.00,0,00:00:00:00,,,,,,,,,,,,
01/28/2026 10:10,,,Deposit,0.010,0.00000,0.00000,0.0000,0.0000,0.0,0.61,0,00:00:00:00,,,,,,,,,,,,
01/27/2026 23:03,,,Withdrawal,0.010,0.00000,0.00000,0.0000,0.0000,0.0,-5000.00,0,00:00:00:00,,,,,,,,,,,,
01/27/2026 12:49,01/27/2026 17:24,NZDUSD,Buy,0.040,0.59771,0.60122,0.0000,0.0000,35.1,11.73,0.12,00:04:35:31,88.8,4h 4m,8.2,0.11,35.1,11.583,-3.7,-1.221,90.5,100.0,0.00,0.00
01/27/2026 11:52,01/27/2026 16:41,AUDUSD,Buy,0.040,0.69258,0.69611,0.0000,0.0000,35.3,11.81,0.12,00:04:48:56,89.7,4h 19m,11.9,0.12,37.3,12.309,-4.6,-1.518,89.0,95.2,-2.00,-0.66
01/27/2026 12:49,01/27/2026 14:00,NZDUSD,Buy,0.100,0.59771,0.59821,0.0000,0.0000,5.0,4.21,0.04,00:01:10:59,56.4,40m,3.7,0.74,5.0,4.2,-3.7,-3.108,57.5,100.0,0.00,0.00
01/27/2026 11:52,01/27/2026 12:43,AUDUSD,Buy,0.100,0.69258,0.69308,0.0000,0.0000,5.0,4.21,0.04,00:00:50:42,41.2,20m,6.1,0.87,5.3,4.452,-4.6,-3.8639999999999994,53.5,97.0,-0.30,-0.25
01/24/2026 09:13,,,Deposit,0.010,0.00000,0.00000,0.0000,0.0000,0.0,0.07,0,00:00:00:00,,,,,,,,,,,,
01/22/2026 11:09,01/23/2026 13:46,USDCAD,Sell,0.040,1.38167,1.37814,0.0000,-0.2800,35.3,8.45,0.08,01:02:36:35,86.9,23h 7m,16.3,0.44,37.3,9.325,-16.3,-4.075,69.6,96.3,-2.00,-0.50
01/23/2026 09:09,,,Deposit,0.010,0.00000,0.00000,0.0000,0.0000,0.0,0.95,0,00:00:00:00,,,,,,,,,,,,
01/22/2026 11:09,01/22/2026 15:16,USDCAD,Sell,0.100,1.38167,1.38114,0.0000,0.0000,5.3,3.27,0.03,00:04:07:01,19.5,48m,17.9,2.67,6.1,3.7819999999999996,-16.3,-10.106,27.2,96.4,-0.80,-0.50
01/22/2026 09:57,,,Deposit,0.010,0.00000,0.00000,0.0000,0.0000,0.0,1.77,0,00:00:00:00,,,,,,,,,,,,
01/21/2026 21:52,01/22/2026 04:05,USDCAD,Sell,0.150,1.38367,1.38271,0.0000,-3.1200,9.6,5.79,0.06,00:06:13:27,74.8,4h 39m,16.9,0.68,11.3,10.509,-7.7,-7.1610000000000005,59.5,91.1,-1.70,-1.58
01/21/2026 18:52,01/22/2026 04:05,USDCAD,Sell,0.140,1.38183,1.38271,0.0000,-2.9100,-8.8,-10.53,-0.11,00:09:13:19,4.6,25m,29.3,8.16,3.2,2.7840000000000003,-26.1,-22.707,10.9,59.0,-12.00,-10.44
01/21/2026 08:31,01/22/2026 02:30,AUDUSD,Buy,0.040,0.67450,0.67798,0.0000,-0.3400,34.8,11.58,0.12,00:17:59:20,98.2,17h 39m,22.8,0.03,40.3,13.702,-1.1,-0.37400000000000005,97.3,86.7,-5.50,-1.87
01/21/2026 08:15,01/22/2026 02:30,AUDCAD,Buy,0.040,0.93241,0.93665,0.0000,0.0200,42.4,10.52,0.11,00:18:14:23,100.0,18h 14m,15.3,0.02,42.4,10.6,0.0,0.0,100.0,100.0,0.00,0.00
01/21/2026 15:07,01/21/2026 18:52,USDCAD,Buy,0.170,1.37957,1.38196,0.0000,0.0000,23.9,25.12,0.25,00:03:44:37,73.4,2h 44m,18.8,0.35,23.9,25.095,-8.4,-8.82,74.0,100.0,0.00,0.00
01/21/2026 14:10,01/21/2026 18:52,USDCAD,Buy,0.150,1.38226,1.38196,0.0000,0.0000,-3.0,-2.78,-0.03,00:04:41:23,0.0,0s,35.3,35.34,0.0,0.0,-35.3,-32.829,0.0,91.5,-3.00,-2.79
01/21/2026 06:15,01/21/2026 18:52,USDCAD,Buy,0.140,1.38409,1.38196,0.0000,0.0000,-21.3,-18.44,-0.18,00:12:36:22,1.1,8m,55.4,29.85,1.8,1.566,-53.6,-46.632,3.2,58.3,-23.10,-20.10
01/21/2026 11:32,01/21/2026 14:01,GBPCAD,Sell,0.040,1.85710,1.85360,0.0000,0.0000,35.0,8.64,0.09,00:02:28:51,96.7,2h 23m,18.8,0.05,35.0,8.75,-1.9,-0.475,94.9,100.0,0.00,0.00
01/21/2026 11:32,01/21/2026 11:42,GBPCAD,Sell,0.100,1.85710,1.85651,0.0000,0.0000,5.9,3.64,0.04,00:00:09:51,50.0,4m,2.1,0.29,6.5,4.03,-1.9,-1.178,77.4,92.9,-0.60,-0.37
01/21/2026 09:33,,,Deposit,0.010,0.00000,0.00000,0.0000,0.0000,0.0,1.44,0,00:00:00:00,,,,,,,,,,,,
01/21/2026 08:31,01/21/2026 08:53,AUDUSD,Buy,0.100,0.67450,0.67502,0.0000,0.0000,5.2,4.44,0.04,00:00:22:08,31.9,7m,1.5,0.16,6.1,5.185,-1.0,-0.85,85.9,87.3,-0.90,-0.76
01/21/2026 08:15,01/21/2026 08:32,AUDCAD,Buy,0.100,0.93241,0.93290,0.0000,0.0000,4.9,3.03,0.03,00:00:16:39,41.2,6m,1.3,0.21,5.2,3.224,-1.1,-0.682,82.5,95.2,-0.30,-0.19
01/20/2026 17:47,01/20/2026 18:12,AUDUSD,Buy,0.140,0.67447,0.67443,0.0000,0.0000,-0.4,-0.48,0.00,00:00:24:55,4.0,59s,4.6,11.51,0.4,0.48,-4.6,-5.52,8.0,84.0,-0.80,-0.96
01/20/2026 13:50,01/20/2026 17:53,NZDUSD,Buy,0.140,0.58422,0.58492,0.0000,0.0000,7.0,8.35,0.08,00:04:02:29,13.2,32m,11.6,1.63,7.0,8.33,-11.4,-13.565999999999999,38.0,100.0,0.00,0.00
01/20/2026 15:33,01/20/2026 15:51,GBPCAD,Sell,0.150,1.86074,1.85980,0.0000,0.0000,9.4,8.68,0.09,00:00:17:52,100.0,17m,8.0,0.07,14.2,13.064,0.0,0.0,100.0,66.2,-4.80,-4.42
01/20/2026 14:29,01/20/2026 15:51,GBPCAD,Sell,0.140,1.85894,1.85980,0.0000,0.0000,-8.6,-7.42,-0.07,00:01:22:19,30.5,25m,30.7,2.99,7.7,6.622,-23.0,-19.78,25.1,46.9,-16.30,-14.02
01/17/2026 08:45,,,Deposit,0.010,0.00000,0.00000,0.0000,0.0000,0.0,2.15,0,00:00:00:00,,,,,,,,,,,,
01/16/2026 16:25,01/16/2026 17:06,USDCAD,Sell,0.150,1.39055,1.38962,0.0000,0.0000,9.3,8.64,0.09,00:00:40:46,68.3,27m,7.7,0.39,11.5,10.695,-4.5,-4.1850000000000005,71.9,86.3,-2.20,-2.05
01/16/2026 04:39,01/16/2026 17:06,USDCAD,Sell,0.140,1.38876,1.38962,0.0000,0.0000,-8.6,-7.46,-0.07,00:12:26:49,21.1,2h 37m,25.2,8.00,2.8,2.436,-22.4,-19.488,11.1,54.8,-11.40,-9.92
01/15/2026 10:28,01/16/2026 16:35,GBPCAD,Buy,0.040,1.86824,1.86354,0.0000,0.0700,-47.0,-11.57,-0.12,01:06:07:50,4.5,1h 21m,119.5,12.44,8.9,2.225,-110.6,-27.65,7.4,53.2,-55.90,-13.97
01/15/2026 15:37,01/16/2026 16:35,GBPCAD,Buy,0.200,1.86040,1.86365,0.0000,0.3600,32.5,40.60,0.41,01:00:57:21,30.7,7h 39m,38.7,0.99,32.5,40.3,-32.2,-39.928000000000004,50.2,100.0,0.00,0.00
01/15/2026 14:54,01/16/2026 16:35,GBPCAD,Buy,0.170,1.86367,1.86365,0.0000,0.3100,-0.2,0.10,0.00,01:01:40:36,0.0,0s,64.9,64.94,0.0,0.0,-64.9,-68.14500000000001,0.0,99.7,-0.20,-0.21
01/15/2026 12:40,01/16/2026 16:35,GBPCAD,Buy,0.150,1.86645,1.86365,0.0000,0.2700,-28.0,-25.73,-0.26,01:03:54:21,0.0,0s,92.7,93.46,0.0,0.0,-92.7,-86.21100000000001,0.0,69.8,-28.00,-26.04
01/16/2026 09:07,,,Deposit,0.010,0.00000,0.00000,0.0000,0.0000,0.0,0.59,0,00:00:00:00,,,,,,,,,,,,
01/15/2026 08:05,01/15/2026 11:45,AUDCAD,Buy,0.040,0.92835,0.93115,0.0000,0.0000,28.0,6.92,0.07,00:03:40:26,94.6,3h 28m,6.6,0.07,28.5,7.125,-2.1,-0.525,93.1,98.4,-0.50,-0.13
01/15/2026 10:28,01/15/2026 10:39,GBPCAD,Buy,0.100,1.86824,1.86899,0.0000,0.0000,7.5,4.63,0.05,00:00:11:49,81.9,9m,2.4,0.27,8.9,5.518,-2.4,-1.488,78.8,87.6,-1.40,-0.87
01/15/2026 08:05,01/15/2026 10:20,AUDCAD,Buy,0.100,0.92835,0.92916,0.0000,0.0000,8.1,5.01,0.05,00:02:15:13,91.2,2h 3m,6.6,0.22,9.4,5.828,-2.1,-1.302,81.7,88.7,-1.30,-0.81
01/15/2026 09:35,,,Deposit,0.010,0.00000,0.00000,0.0000,0.0000,0.0,0.39,0,00:00:00:00,,,,,,,,,,,,
01/14/2026 08:57,01/14/2026 10:19,GBPCAD,Buy,0.040,1.86683,1.86703,0.0000,0.0000,2.0,0.49,0.00,00:01:22:15,17.1,14m,10.3,2.17,4.1,1.025,-8.9,-2.225,31.5,83.8,-2.10,-0.52
01/14/2026 08:57,01/14/2026 10:17,GBPCAD,Buy,0.100,1.86683,1.86716,0.0000,0.0000,3.3,2.04,0.02,00:01:19:41,15.0,11m,10.3,2.17,4.1,2.542,-8.9,-5.518,31.5,93.8,-0.80,-0.50
01/14/2026 09:42,,,Withdrawal,0.010,0.00000,0.00000,0.0000,0.0000,0.0,-2000.00,0,00:00:00:00,,,,,,,,,,,,
01/13/2026 09:08,,,Deposit,0.010,0.00000,0.00000,0.0000,0.0000,0.0,0.66,0,00:00:00:00,,,,,,,,,,,,
01/12/2026 09:10,01/12/2026 09:30,USDCAD,Sell,0.040,1.38833,1.38810,0.0000,0.0000,2.3,0.57,0.00,00:00:19:33,50.0,9m,2.7,0.26,5.0,1.25,-1.3,-0.325,79.4,57.1,-2.70,-0.68
01/12/2026 09:10,01/12/2026 09:26,USDCAD,Sell,0.100,1.38833,1.38802,0.0000,0.0000,3.1,1.91,0.02,00:00:15:25,37.5,5m,1.9,0.26,5.0,3.1,-1.3,-0.806,79.4,69.8,-1.90,-1.18
01/12/2026 07:30,01/12/2026 08:55,GBPCAD,Buy,0.140,1.86623,1.86645,0.0000,0.0000,2.2,1.90,0.02,00:01:24:03,9.6,8m,5.6,1.51,3.7,3.182,-5.6,-4.816,39.8,83.9,-1.50,-1.29
12/19/2025 09:36,,,Deposit,0.010,0.00000,0.00000,0.0000,0.0000,0.0,2.82,0,00:00:00:00,,,,,,,,,,,,
12/18/2025 17:32,,,Withdrawal,0.010,0.00000,0.00000,0.0000,0.0000,0.0,-200.00,0,00:00:00:00,,,,,,,,,,,,
12/11/2025 19:09,12/18/2025 16:20,AUDCAD,Buy,0.140,0.91883,0.91261,0.0000,-0.1300,-62.2,-53.99,-0.44,06:21:10:18,0.0,0s,99.4,100.00,0.0,0.0,-99.4,-86.47800000000001,0.0,37.4,-62.20,-54.11
12/18/2025 06:46,12/18/2025 16:20,AUDCAD,Buy,0.600,0.90940,0.91261,0.0000,0.0000,32.1,119.12,0.99,00:09:33:57,100.0,9h 33m,2.4,0.03,33.2,123.17200000000001,0.0,0.0,100.0,96.7,-1.10,-4.08
12/17/2025 02:46,12/18/2025 16:20,AUDCAD,Buy,0.200,0.91118,0.91261,0.0000,-0.0700,14.3,17.62,0.15,01:13:33:25,45.4,17h 3m,41.6,1.22,18.7,23.188,-22.9,-28.395999999999997,45.0,89.4,-4.40,-5.46
12/15/2025 18:47,12/18/2025 16:20,AUDCAD,Buy,0.170,0.91436,0.91261,0.0000,-0.1000,-17.5,-18.50,-0.15,02:21:32:50,5.8,4h 2m,63.3,6.36,8.6,9.03,-54.7,-57.435,13.6,58.8,-26.10,-27.41
12/12/2025 12:17,12/18/2025 16:20,AUDCAD,Buy,0.150,0.91705,0.91261,0.0000,-0.1200,-44.4,-41.32,-0.34,06:04:02:54,1.7,2h 31m,82.9,62.89,1.3,1.209,-81.6,-75.888,1.6,44.9,-45.70,-42.50
12/16/2025 09:13,,,Deposit,0.010,0.00000,0.00000,0.0000,0.0000,0.0,1.41,0,00:00:00:00,,,,,,,,,,,,
12/15/2025 17:19,12/15/2025 18:47,AUDUSD,Sell,0.140,0.66419,0.66397,0.0000,0.0000,2.2,2.62,0.02,00:01:27:49,,,,,,,,,,,,
12/15/2025 15:49,12/15/2025 16:45,GBPCAD,Buy,0.040,1.84363,1.84433,0.0000,0.0000,7.0,1.73,0.01,00:00:56:50,,,,,,,,,,,,
12/15/2025 15:49,12/15/2025 16:45,GBPCAD,Buy,0.100,1.84363,1.84396,0.0000,0.0000,3.3,2.04,0.02,00:00:56:20,,,,,,,,,,,,
12/15/2025 12:25,12/15/2025 12:44,USDCAD,Buy,0.040,1.37719,1.37740,0.0000,0.0000,2.1,0.52,0.00,00:00:19:28,,,,,,,,,,,,
12/15/2025 12:25,12/15/2025 12:35,USDCAD,Buy,0.100,1.37719,1.37749,0.0000,0.0000,3.0,1.86,0.02,00:00:10:25,,,,,,,,,,,,
12/15/2025 11:13,12/15/2025 11:45,GBPCAD,Buy,0.040,1.84115,1.84193,0.0000,0.0000,7.8,1.93,0.02,00:00:32:06,,,,,,,,,,,,
12/15/2025 11:13,12/15/2025 11:42,GBPCAD,Buy,0.100,1.84115,1.84156,0.0000,0.0000,4.1,2.53,0.02,00:00:28:33,,,,,,,,,,,,
12/13/2025 09:23,,,Deposit,0.010,0.00000,0.00000,0.0000,0.0000,0.0,1.17,0,00:00:00:00,,,,,,,,,,,,
12/11/2025 16:30,12/12/2025 17:24,AUDUSD,Sell,0.170,0.66722,0.66504,0.0000,-0.2600,21.8,31.32,0.26,01:00:54:39,96.0,23h 54m,13.5,0.07,25.9,37.555,-1.8,-2.61,93.5,85.2,-4.10,-5.94
12/11/2025 11:37,12/12/2025 17:24,AUDUSD,Sell,0.150,0.66477,0.66504,0.0000,-0.2300,-2.7,-3.69,-0.03,01:05:46:53,3.4,1h 0m,26.3,18.80,1.4,1.7919999999999998,-26.3,-33.664,5.1,85.2,-4.10,-5.25
12/11/2025 06:23,12/12/2025 17:24,AUDUSD,Sell,0.140,0.66291,0.66504,0.0000,-0.2100,-21.3,-25.63,-0.21,01:11:01:04,0.0,0s,44.9,45.05,0.0,0.0,-44.9,-53.431,0.0,52.6,-21.30,-25.35
12/12/2025 09:42,,,Deposit,0.010,0.00000,0.00000,0.0000,0.0000,0.0,0.31,0,00:00:00:00,,,,,,,,,,,,
12/11/2025 09:19,,,Deposit,0.010,0.00000,0.00000,0.0000,0.0000,0.0,1.68,0,00:00:00:00,,,,,,,,,,,,
12/11/2025 05:09,12/11/2025 05:14,AUDCAD,Sell,0.040,0.91766,0.91744,0.0000,0.0000,2.2,0.55,0.00,00:00:05:13,,,,,,,,,,,,
12/11/2025 05:09,12/11/2025 05:14,AUDCAD,Sell,0.100,0.91766,0.91733,0.0000,0.0000,3.3,2.04,0.02,00:00:05:08,,,,,,,,,,,,
12/10/2025 19:27,12/10/2025 21:00,AUDUSD,Buy,0.040,0.66447,0.66528,0.0000,0.0000,8.1,2.78,0.02,00:01:33:26,,,,,,,,,,,,
12/10/2025 19:27,12/10/2025 21:00,AUDUSD,Buy,0.100,0.66447,0.66487,0.0000,0.0000,4.0,3.43,0.03,00:01:33:23,,,,,,,,,,,,
12/10/2025 14:40,12/10/2025 15:19,USDCAD,Buy,0.150,1.38404,1.38498,0.0000,0.0000,9.4,8.75,0.07,00:00:39:06,,,,,,,,,,,,
12/10/2025 04:13,12/10/2025 15:19,USDCAD,Buy,0.140,1.38585,1.38498,0.0000,0.0000,-8.7,-7.57,-0.06,00:11:05:50,0.0,0s,17.2,17.21,0.0,0.0,-17.2,-14.963999999999999,0.0,49.4,-8.70,-7.57
12/10/2025 09:13,12/10/2025 09:42,GBPCAD,Buy,0.040,1.84450,1.84521,0.0000,0.0000,7.1,1.76,0.01,00:00:29:31,,,,,,,,,,,,
12/10/2025 09:41,,,Deposit,0.010,0.00000,0.00000,0.0000,0.0000,0.0,0.72,0,00:00:00:00,,,,,,,,,,,,
12/10/2025 09:13,12/10/2025 09:40,GBPCAD,Buy,0.100,1.84450,1.84485,0.0000,0.0000,3.5,2.17,0.02,00:00:27:25,,,,,,,,,,,,
12/10/2025 08:05,12/10/2025 09:01,AUDUSD,Buy,0.040,0.66445,0.66467,0.0000,0.0000,2.2,0.76,0.01,00:00:56:38,,,,,,,,,,,,
12/10/2025 08:05,12/10/2025 09:00,AUDUSD,Buy,0.100,0.66445,0.66476,0.0000,0.0000,3.1,2.66,0.02,00:00:54:57,,,,,,,,,,,,
12/09/2025 11:06,12/09/2025 11:19,AUDUSD,Buy,0.040,0.66417,0.66439,0.0000,0.0000,2.2,0.76,0.01,00:00:13:01,,,,,,,,,,,,
12/09/2025 11:06,12/09/2025 11:17,AUDUSD,Buy,0.100,0.66417,0.66450,0.0000,0.0000,3.3,2.84,0.02,00:00:11:51,,,,,,,,,,,,
12/09/2025 09:16,,,Deposit,0.010,0.00000,0.00000,0.0000,0.0000,0.0,1.02,0,00:00:00:00,,,,,,,,,,,,
12/09/2025 05:30,12/09/2025 05:30,AUDUSD,Sell,0.040,0.66162,0.66129,0.0000,0.0000,3.3,1.13,0.01,00:00:00:05,,,,,,,,,,,,
12/09/2025 05:30,12/09/2025 05:30,AUDUSD,Sell,0.100,0.66162,0.66137,0.0000,0.0000,2.5,2.14,0.02,00:00:00:03,,,,,,,,,,,,
12/08/2025 18:30,12/08/2025 20:00,AUDCAD,Buy,0.040,0.91679,0.91747,0.0000,0.0000,6.8,1.69,0.01,00:01:30:22,,,,,,,,,,,,
12/08/2025 18:30,12/08/2025 19:40,AUDCAD,Buy,0.100,0.91679,0.91709,0.0000,0.0000,3.0,1.87,0.02,00:01:10:40,,,,,,,,,,,,
12/08/2025 18:06,12/08/2025 18:41,GBPCAD,Buy,0.040,1.84361,1.84425,0.0000,0.0000,6.4,1.59,0.01,00:00:34:50,,,,,,,,,,,,
12/08/2025 18:06,12/08/2025 18:40,GBPCAD,Buy,0.100,1.84361,1.84395,0.0000,0.0000,3.4,2.11,0.02,00:00:33:46,,,,,,,,,,,,
12/08/2025 17:03,12/08/2025 17:09,AUDCAD,Sell,0.140,0.91572,0.91551,0.0000,0.0000,2.1,1.83,0.02,00:00:05:32,,,,,,,,,,,,
12/05/2025 09:43,,,Deposit,0.010,0.00000,0.00000,0.0000,0.0000,0.0,0.27,0,00:00:00:00,,,,,,,,,,,,
12/04/2025 05:06,12/04/2025 13:12,USDCAD,Buy,0.040,1.39673,1.39735,0.0000,0.0000,6.2,1.52,0.01,00:08:06:05,37.5,3h 2m,7.3,1.18,6.2,1.55,-7.3,-1.825,45.9,100.0,0.00,0.00
12/04/2025 05:06,12/04/2025 13:08,USDCAD,Buy,0.100,1.39673,1.39704,0.0000,0.0000,3.1,1.91,0.02,00:08:02:32,37.5,3h 0m,7.3,2.36,3.1,1.922,-7.3,-4.526,29.8,100.0,0.00,0.00
12/04/2025 09:50,,,Deposit,0.010,0.00000,0.00000,0.0000,0.0000,0.0,1.36,0,00:00:00:00,,,,,,,,,,,,
12/03/2025 10:55,12/03/2025 10:57,GBPCAD,Buy,0.040,1.85115,1.85133,0.0000,0.0000,1.8,0.44,0.00,00:00:01:59,,,,,,,,,,,,
12/03/2025 10:55,12/03/2025 10:57,GBPCAD,Buy,0.100,1.85115,1.85150,0.0000,0.0000,3.5,2.15,0.02,00:00:01:50,,,,,,,,,,,,
12/03/2025 09:34,,,Deposit,0.010,0.00000,0.00000,0.0000,0.0000,0.0,2.16,0,00:00:00:00,,,,,,,,,,,,
12/03/2025 04:14,12/03/2025 07:00,AUDCAD,Buy,0.040,0.91874,0.91896,0.0000,0.0000,2.2,0.54,0.00,00:02:46:32,,,,,,,,,,,,
12/03/2025 04:14,12/03/2025 06:58,AUDCAD,Buy,0.100,0.91874,0.91907,0.0000,0.0000,3.3,2.03,0.02,00:02:44:11,,,,,,,,,,,,
12/03/2025 02:01,12/03/2025 02:30,AUDCAD,Sell,0.150,0.91842,0.91747,0.0000,0.0000,9.5,8.77,0.07,00:00:28:29,,,,,,,,,,,,
12/02/2025 20:00,12/03/2025 02:30,AUDCAD,Sell,0.140,0.91659,0.91747,0.0000,-0.6000,-8.8,-8.18,-0.07,00:06:30:08,0.0,0s,16.7,16.72,0.0,0.0,-16.7,-14.361999999999998,0.0,47.3,-8.80,-7.57
12/02/2025 17:06,12/02/2025 17:10,GBPCAD,Sell,0.040,1.84666,1.84592,0.0000,0.0000,7.4,1.83,0.02,00:00:03:36,,,,,,,,,,,,
12/02/2025 17:06,12/02/2025 17:09,GBPCAD,Sell,0.100,1.84666,1.84631,0.0000,0.0000,3.5,2.16,0.02,00:00:03:20,,,,,,,,,,,,
12/02/2025 15:56,12/02/2025 16:04,AUDUSD,Buy,0.040,0.65621,0.65641,0.0000,0.0000,2.0,0.69,0.01,00:00:08:06,,,,,,,,,,,,
12/02/2025 15:56,12/02/2025 16:02,AUDUSD,Buy,0.100,0.65621,0.65654,0.0000,0.0000,3.3,2.84,0.02,00:00:06:16,,,,,,,,,,,,
12/02/2025 11:34,12/02/2025 12:26,NZDUSD,Sell,0.040,0.57178,0.57156,0.0000,0.0000,2.2,0.76,0.01,00:00:51:35,,,,,,,,,,,,
12/02/2025 11:34,12/02/2025 12:22,NZDUSD,Sell,0.100,0.57178,0.57147,0.0000,0.0000,3.1,2.67,0.02,00:00:48:27,,,,,,,,,,,,
12/02/2025 11:09,12/02/2025 12:03,GBPCAD,Sell,0.150,1.85019,1.84923,0.0000,0.0000,9.6,8.86,0.07,00:00:54:24,,,,,,,,,,,,
12/02/2025 10:04,12/02/2025 12:03,GBPCAD,Sell,0.140,1.84834,1.84923,0.0000,0.0000,-8.9,-7.67,-0.06,00:01:59:28,,,,,,,,,,,,
12/02/2025 10:22,,,Deposit,0.010,0.00000,0.00000,0.0000,0.0000,0.0,0.27,0,00:00:00:00,,,,,,,,,,,,
12/01/2025 18:40,12/02/2025 04:50,AUDCAD,Buy,0.040,0.91629,0.91697,0.0000,-0.0100,6.8,1.66,0.01,00:10:09:59,30.0,3h 2m,10.4,1.44,7.2,1.8,-10.4,-2.6,40.9,97.7,-0.40,-0.10
12/01/2025 18:40,12/02/2025 04:44,AUDCAD,Buy,0.100,0.91629,0.91656,0.0000,-0.0100,2.7,1.65,0.01,00:10:03:16,30.0,3h 0m,10.4,1.44,7.2,4.392,-10.4,-6.344,40.9,74.4,-4.50,-2.75
12/01/2025 09:49,12/01/2025 14:56,NZDUSD,Buy,0.040,0.57413,0.57479,0.0000,0.0000,6.6,2.27,0.02,00:05:07:41,40.0,2h 3m,8.9,1.35,6.6,2.244,-8.9,-3.0260000000000002,42.6,100.0,0.00,0.00
12/01/2025 09:49,12/01/2025 14:50,NZDUSD,Buy,0.100,0.57413,0.57445,0.0000,0.0000,3.2,2.74,0.02,00:05:00:49,40.0,2h 0m,8.9,1.48,6.0,5.16,-8.9,-7.654,40.3,81.2,-2.80,-2.41
11/27/2025 09:27,,,Deposit,0.010,0.00000,0.00000,0.0000,0.0000,0.0,0.79,0,00:00:00:00,,,,,,,,,,,,
11/26/2025 13:41,11/26/2025 13:42,GBPCAD,Buy,0.040,1.85755,1.85855,0.0000,0.0000,10.0,2.45,0.02,00:00:00:32,,,,,,,,,,,,
11/26/2025 13:41,11/26/2025 13:42,GBPCAD,Buy,0.100,1.85755,1.85845,0.0000,0.0000,9.0,5.52,0.05,00:00:00:30,,,,,,,,,,,,
11/26/2025 09:55,,,Deposit,0.010,0.00000,0.00000,0.0000,0.0000,0.0,1.24,0,00:00:00:00,,,,,,,,,,,,
11/26/2025 09:19,11/26/2025 09:28,GBPCAD,Sell,0.040,1.85463,1.85393,0.0000,0.0000,7.0,1.72,0.01,00:00:08:49,,,,,,,,,,,,
11/26/2025 09:19,11/26/2025 09:26,GBPCAD,Sell,0.100,1.85463,1.85427,0.0000,0.0000,3.6,2.21,0.02,00:00:06:57,,,,,,,,,,,,
11/25/2025 19:00,11/25/2025 19:28,NZDUSD,Buy,0.010,0.56190,0.56214,0.0000,0.0000,2.4,0.21,0.00,00:00:28:06,,,,,,,,,,,,
11/25/2025 19:20,11/25/2025 19:27,AUDUSD,Buy,0.010,0.64666,0.64688,0.0000,0.0000,2.2,0.19,0.00,00:00:07:16,,,,,,,,,,,,
11/25/2025 19:20,11/25/2025 19:24,AUDUSD,Buy,0.100,0.64666,0.64698,0.0000,0.0000,3.2,2.76,0.02,00:00:03:52,,,,,,,,,,,,
11/25/2025 19:00,11/25/2025 19:23,NZDUSD,Buy,0.100,0.56190,0.56221,0.0000,0.0000,3.1,2.68,0.02,00:00:23:39,,,,,,,,,,,,
11/25/2025 16:21,11/25/2025 19:04,AUDCAD,Buy,0.120,0.91043,0.91138,0.0000,0.0000,9.5,6.98,0.06,00:02:42:47,,,,,,,,,,,,
11/25/2025 15:12,11/25/2025 19:04,AUDCAD,Buy,0.110,0.91228,0.91138,0.0000,0.0000,-9.0,-6.07,-0.05,00:03:52:08,,,,,,,,,,,,
11/25/2025 09:35,,,Deposit,0.010,0.00000,0.00000,0.0000,0.0000,0.0,0.83,0,00:00:00:00,,,,,,,,,,,,
11/24/2025 18:26,11/25/2025 06:33,USDCAD,Buy,0.110,1.41158,1.41180,0.0000,0.1000,2.2,1.59,0.01,00:12:07:24,25.0,3h 1m,11.2,3.20,3.5,2.3800000000000003,-11.2,-7.616,23.8,91.2,-1.30,-0.88
11/24/2025 20:25,,,Withdrawal,0.010,0.00000,0.00000,0.0000,0.0000,0.0,-3000.00,0,00:00:00:00,,,,,,,,,,,,
11/24/2025 11:27,11/24/2025 13:52,AUDCAD,Buy,0.120,0.90948,0.91023,0.0000,0.0000,7.5,5.53,0.04,00:02:25:00,,,,,,,,,,,,
11/24/2025 08:03,11/24/2025 13:52,AUDCAD,Buy,0.110,0.91121,0.91023,0.0000,0.0000,-9.8,-6.62,-0.04,00:05:48:41,0.0,0s,13.8,13.81,0.0,0.0,-13.8,-9.384,0.0,29.0,-9.80,-6.66
11/24/2025 08:06,11/24/2025 12:06,GBPCAD,Buy,0.010,1.84762,1.84783,0.0000,0.0000,2.1,0.13,0.00,00:03:59:32,,,,,,,,,,,,
11/24/2025 08:06,11/24/2025 12:05,GBPCAD,Buy,0.100,1.84762,1.84796,0.0000,0.0000,3.4,2.09,0.01,00:03:59:26,,,,,,,,,,,,
11/21/2025 10:20,,,Deposit,0.010,0.00000,0.00000,0.0000,0.0000,0.0,2.46,0,00:00:00:00,,,,,,,,,,,,
11/10/2025 09:27,11/20/2025 18:20,USDCAD,Buy,0.170,1.40189,1.40775,0.0000,1.9000,58.6,63.25,0.42,10:08:53:08,68.3,7d 1h ,75.4,0.55,72.2,75.81,-39.6,-41.580000000000005,64.6,87.8,-13.60,-14.28
11/07/2025 15:47,11/20/2025 18:20,USDCAD,Buy,0.140,1.40592,1.40775,0.0000,1.6900,18.3,17.47,0.12,13:02:33:41,5.1,16h 2m,79.9,2.51,31.9,27.433999999999997,-79.9,-68.714,28.5,87.8,-13.60,-11.70
11/07/2025 15:29,11/20/2025 18:20,USDCAD,Buy,0.120,1.40912,1.40775,0.0000,1.4300,-13.7,-8.69,-0.06,13:02:51:47,0.0,0s,111.9,112.36,0.0,0.0,-111.9,-82.806,0.0,87.8,-13.70,-10.14
11/06/2025 19:44,11/20/2025 18:20,USDCAD,Buy,0.110,1.41184,1.40775,0.0000,1.4100,-40.9,-26.29,-0.18,13:22:36:21,1.2,4h 0m,145.6,21.41,6.5,4.42,-139.1,-94.58800000000001,4.5,67.4,-47.40,-32.23
11/06/2025 18:06,11/20/2025 18:20,USDCAD,Buy,0.100,1.41366,1.40775,0.0000,1.2800,-59.1,-35.11,-0.23,14:00:13:54,0.0,0s,157.3,158.73,0.0,0.0,-157.3,-97.52600000000001,0.0,62.4,-59.10,-36.64
11/19/2025 03:52,11/20/2025 15:38,AUDCAD,Buy,0.160,0.90874,0.91262,0.0000,-0.0600,38.8,38.27,0.26,01:11:46:25,66.7,23h 51m,13.2,0.34,38.8,38.412,-13.2,-13.068,74.6,100.0,0.00,0.00
11/17/2025 21:02,11/20/2025 15:38,AUDCAD,Buy,0.130,0.91196,0.91262,0.0000,-0.0900,6.6,5.20,0.03,02:18:36:18,11.8,7h 51m,49.7,6.99,6.6,5.28,-46.1,-36.88,12.5,100.0,0.00,0.00
11/17/2025 10:52,11/20/2025 15:38,AUDCAD,Buy,0.120,0.91464,0.91262,0.0000,-0.0600,-20.2,-15.03,-0.10,03:04:46:33,0.0,0s,72.9,72.99,0.0,0.0,-72.9,-53.946000000000005,0.0,72.3,-20.20,-14.95
11/17/2025 09:54,11/20/2025 15:38,AUDCAD,Buy,0.110,0.91644,0.91262,0.0000,-0.0600,-38.2,-26.00,-0.17,03:05:44:03,0.0,0s,90.9,90.91,0.0,0.0,-90.9,-61.81200000000001,0.0,58.0,-38.20,-25.98
11/18/2025 09:26,,,Deposit,0.010,0.00000,0.00000,0.0000,0.0000,0.0,0.31,0,00:00:00:00,,,,,,,,,,,,
11/17/2025 09:22,11/17/2025 09:27,GBPCAD,Buy,0.010,1.84670,1.84688,0.0000,0.0000,1.8,0.11,0.00,00:00:04:42,,,,,,,,,,,,
11/17/2025 09:22,11/17/2025 09:27,GBPCAD,Buy,0.100,1.84670,1.84702,0.0000,0.0000,3.2,1.97,0.01,00:00:04:31,,,,,,,,,,,,
11/14/2025 10:07,,,Deposit,0.010,0.00000,0.00000,0.0000,0.0000,0.0,0.25,0,00:00:00:00,,,,,,,,,,,,
11/13/2025 09:38,,,Deposit,0.010,0.00000,0.00000,0.0000,0.0000,0.0,0.46,0,00:00:00:00,,,,,,,,,,,,
11/12/2025 14:17,11/13/2025 02:30,AUDCAD,Buy,0.010,0.91644,0.91765,0.0000,0.0000,12.1,0.74,0.00,00:12:12:46,,,,,,,,,,,,
11/12/2025 14:17,11/13/2025 02:30,AUDCAD,Buy,0.100,0.91644,0.91694,0.0000,-0.0400,5.0,3.04,0.02,00:12:12:43,,,,,,,,,,,,
11/12/2025 15:00,11/12/2025 20:57,NZDUSD,Buy,0.010,0.56673,0.56694,0.0000,0.0000,2.1,0.18,0.00,00:05:57:11,,,,,,,,,,,,
11/12/2025 15:00,11/12/2025 20:50,NZDUSD,Buy,0.100,0.56673,0.56704,0.0000,0.0000,3.1,2.68,0.02,00:05:50:51,,,,,,,,,,,,
11/12/2025 08:37,11/12/2025 09:35,AUDCAD,Buy,0.010,0.91558,0.91578,0.0000,0.0000,2.0,0.12,0.00,00:00:58:01,,,,,,,,,,,,
11/12/2025 08:37,11/12/2025 09:31,AUDCAD,Buy,0.100,0.91558,0.91589,0.0000,0.0000,3.1,1.91,0.01,00:00:54:28,,,,,,,,,,,,
11/11/2025 09:08,,,Deposit,0.010,0.00000,0.00000,0.0000,0.0000,0.0,1.64,0,00:00:00:00,,,,,,,,,,,,
11/10/2025 19:08,11/10/2025 19:34,GBPCAD,Buy,0.010,1.84680,1.84702,0.0000,0.0000,2.2,0.13,0.00,00:00:25:47,,,,,,,,,,,,
11/10/2025 19:08,11/10/2025 19:33,GBPCAD,Buy,0.100,1.84680,1.84713,0.0000,0.0000,3.3,2.04,0.01,00:00:25:17,,,,,,,,,,,,
11/10/2025 14:26,11/10/2025 16:34,GBPCAD,Sell,0.130,1.84773,1.84545,0.0000,0.0000,22.8,18.28,0.12,00:02:07:36,,,,,,,,,,,,
11/10/2025 13:30,11/10/2025 16:34,GBPCAD,Sell,0.120,1.84520,1.84545,0.0000,0.0000,-2.5,-1.85,-0.01,00:03:03:56,,,,,,,,,,,,
11/10/2025 13:17,11/10/2025 16:34,GBPCAD,Sell,0.110,1.84328,1.84545,0.0000,0.0000,-21.7,-14.72,-0.10,00:03:16:30,,,,,,,,,,,,
11/10/2025 08:48,11/10/2025 08:58,GBPCAD,Sell,0.010,1.84421,1.84398,0.0000,0.0000,2.3,0.15,0.00,00:00:10:00,,,,,,,,,,,,
11/10/2025 08:48,11/10/2025 08:58,GBPCAD,Sell,0.100,1.84421,1.84390,0.0000,0.0000,3.1,1.91,0.01,00:00:09:54,,,,,,,,,,,,
11/07/2025 08:39,,,Deposit,0.010,0.00000,0.00000,0.0000,0.0000,0.0,0.76,0,00:00:00:00,,,,,,,,,,,,
11/06/2025 22:50,,,Withdrawal,0.010,0.00000,0.00000,0.0000,0.0000,0.0,-5100.00,0,00:00:00:00,,,,,,,,,,,,
11/06/2025 09:28,11/06/2025 10:52,GBPCAD,Buy,0.100,1.84271,1.84310,0.0000,0.0000,3.9,2.40,0.01,00:01:23:54,,,,,,,,,,,,
11/06/2025 08:45,,,Deposit,0.010,0.00000,0.00000,0.0000,0.0000,0.0,0.54,0,00:00:00:00,,,,,,,,,,,,
11/06/2025 03:00,11/06/2025 03:56,AUDCAD,Buy,0.110,0.91701,0.91797,0.0000,0.0000,9.6,6.51,0.03,00:00:55:23,,,,,,,,,,,,
11/05/2025 19:09,11/06/2025 03:56,AUDCAD,Buy,0.100,0.91885,0.91797,0.0000,-0.0400,-8.8,-5.47,-0.03,00:08:46:37,,,,,,,,,,,,
11/05/2025 11:45,11/05/2025 13:05,AUDUSD,Sell,0.100,0.64809,0.64779,0.0000,0.0000,3.0,2.61,0.01,00:01:20:38,,,,,,,,,,,,
11/05/2025 08:51,11/05/2025 10:08,GBPCAD,Buy,0.100,1.83888,1.83933,0.0000,0.0000,4.5,2.78,0.01,00:01:17:09,,,,,,,,,,,,
11/05/2025 09:28,,,Deposit,0.010,0.00000,0.00000,0.0000,0.0000,0.0,0.48,0,00:00:00:00,,,,,,,,,,,,
11/04/2025 11:56,11/04/2025 13:52,USDCAD,Buy,0.100,1.40716,1.40748,0.0000,0.0000,3.2,1.98,0.01,00:01:56:51,,,,,,,,,,,,
11/04/2025 09:53,11/04/2025 09:57,GBPCAD,Sell,0.100,1.84478,1.84437,0.0000,0.0000,4.1,2.53,0.01,00:00:03:59,,,,,,,,,,,,
11/04/2025 09:05,,,Deposit,0.010,0.00000,0.00000,0.0000,0.0000,0.0,0.28,0,00:00:00:00,,,,,,,,,,,,
11/03/2025 11:34,11/03/2025 11:50,GBPCAD,Buy,0.100,1.84274,1.84307,0.0000,0.0000,3.3,2.04,0.01,00:00:15:58,,,,,,,,,,,,
10/31/2025 09:35,,,Deposit,0.010,0.00000,0.00000,0.0000,0.0000,0.0,1.66,0,00:00:00:00,,,,,,,,,,,,
10/30/2025 18:43,10/30/2025 20:52,GBPCAD,Sell,0.110,1.83918,1.83818,0.0000,0.0000,10.0,6.80,0.03,00:02:08:20,,,,,,,,,,,,
10/30/2025 17:53,10/30/2025 20:52,GBPCAD,Sell,0.100,1.83732,1.83818,0.0000,0.0000,-8.6,-5.32,-0.03,00:02:58:40,,,,,,,,,,,,
10/30/2025 11:38,10/30/2025 13:23,GBPCAD,Buy,0.110,1.83981,1.84077,0.0000,0.0000,9.6,6.51,0.03,00:01:45:02,,,,,,,,,,,,
10/30/2025 10:52,10/30/2025 13:23,GBPCAD,Buy,0.100,1.84168,1.84077,0.0000,0.0000,-9.1,-5.61,-0.03,00:02:31:00,,,,,,,,,,,,
10/30/2025 10:14,10/30/2025 11:55,USDCAD,Buy,0.100,1.39475,1.39508,0.0000,0.0000,3.3,2.04,0.01,00:01:41:05,,,,,,,,,,,,
10/30/2025 06:15,10/30/2025 06:25,GBPCAD,Buy,0.100,1.84121,1.84163,0.0000,0.0000,4.2,2.59,0.01,00:00:09:23,,,,,,,,,,,,
10/28/2025 09:36,,,Deposit,0.010,0.00000,0.00000,0.0000,0.0000,0.0,3.07,0,00:00:00:00,,,,,,,,,,,,
10/27/2025 21:31,10/27/2025 21:58,GBPCAD,Buy,0.110,1.86520,1.86614,0.0000,0.0000,9.4,6.35,0.03,00:00:27:17,,,,,,,,,,,,
10/27/2025 19:37,10/27/2025 21:58,GBPCAD,Buy,0.100,1.86703,1.86614,0.0000,0.0000,-8.9,-5.46,-0.03,00:02:20:57,,,,,,,,,,,,
10/27/2025 12:19,10/27/2025 13:56,GBPCAD,Buy,0.100,1.86552,1.86587,0.0000,0.0000,3.5,2.15,0.01,00:01:37:42,,,,,,,,,,,,
10/27/2025 10:35,10/27/2025 12:41,EURJPY,Buy,0.320,177.67400,177.90300,0.0000,0.0000,22.9,41.19,0.21,00:02:05:08,,,,,,,,,,,,
10/27/2025 08:26,10/27/2025 12:41,EURJPY,Buy,0.290,177.93900,177.90300,0.0000,0.0000,-3.6,-5.87,-0.03,00:04:14:08,,,,,,,,,,,,
10/27/2025 07:17,10/27/2025 12:41,EURJPY,Buy,0.260,178.11900,177.90300,0.0000,0.0000,-21.6,-31.57,-0.16,00:05:23:11,,,,,,,,,,,,
10/27/2025 09:06,10/27/2025 09:22,GBPCAD,Sell,0.060,1.86177,1.86083,0.0000,0.0000,9.4,3.47,0.02,00:00:16:25,,,,,,,,,,,,
10/27/2025 09:06,10/27/2025 09:20,GBPCAD,Sell,0.100,1.86177,1.86106,0.0000,0.0000,7.1,4.37,0.02,00:00:14:26,,,,,,,,,,,,
10/27/2025 09:06,10/27/2025 09:18,GBPCAD,Sell,0.100,1.86177,1.86148,0.0000,0.0000,2.9,1.79,0.01,00:00:12:30,,,,,,,,,,,,
10/24/2025 08:50,,,Deposit,0.010,0.00000,0.00000,0.0000,0.0000,0.0,0.28,0,00:00:00:00,,,,,,,,,,,,
10/23/2025 13:54,10/23/2025 14:10,GBPCAD,Sell,0.100,1.86665,1.86636,0.0000,0.0000,2.9,1.78,0.01,00:00:16:30,,,,,,,,,,,,
10/23/2025 09:07,,,Deposit,0.010,0.00000,0.00000,0.0000,0.0000,0.0,0.71,0,00:00:00:00,,,,,,,,,,,,
10/22/2025 13:27,10/22/2025 13:30,EURJPY,Sell,0.100,175.84500,175.81500,0.0000,0.0000,3.0,1.71,0.01,00:00:02:36,,,,,,,,,,,,
10/22/2025 09:34,,,Deposit,0.010,0.00000,0.00000,0.0000,0.0000,0.0,0.50,0,00:00:00:00,,,,,,,,,,,,
10/21/2025 18:04,10/22/2025 04:26,AUDUSD,Sell,0.110,0.64946,0.64853,0.0000,-0.1700,9.3,8.64,0.04,00:10:21:56,,,,,,,,,,,,
10/21/2025 16:48,10/22/2025 04:26,AUDUSD,Sell,0.100,0.64765,0.64853,0.0000,-0.1600,-8.8,-7.74,-0.04,00:11:37:22,,,,,,,,,,,,
10/21/2025 17:57,10/21/2025 18:12,EURJPY,Buy,0.100,176.23300,176.26800,0.0000,0.0000,3.5,1.99,0.01,00:00:14:36,,,,,,,,,,,,
10/21/2025 12:01,10/21/2025 12:12,EURJPY,Buy,0.100,176.22900,176.26900,0.0000,0.0000,4.0,2.27,0.01,00:00:11:02,,,,,,,,,,,,
10/21/2025 09:21,,,Deposit,0.010,0.00000,0.00000,0.0000,0.0000,0.0,1.18,0,00:00:00:00,,,,,,,,,,,,
10/21/2025 07:31,10/21/2025 07:32,EURJPY,Buy,0.100,175.88800,175.92000,0.0000,0.0000,3.2,1.82,0.01,00:00:00:51,,,,,,,,,,,,
10/20/2025 15:40,10/20/2025 15:41,GBPCAD,Buy,0.100,1.88509,1.88550,0.0000,0.0000,4.1,2.50,0.01,00:00:01:17,,,,,,,,,,,,
10/20/2025 12:08,10/20/2025 12:08,EURJPY,Sell,0.100,175.29200,175.27100,0.0000,0.0000,2.1,1.20,0.01,00:00:00:09,,,,,,,,,,,,
10/20/2025 11:34,10/20/2025 11:55,GBPCAD,Buy,0.260,1.88364,1.88370,0.0000,0.0000,0.6,0.96,0.00,00:00:21:40,,,,,,,,,,,,
10/13/2025 16:38,,,Deposit,0.000,0.00000,0.00000,0.0000,0.0000,0.0,20000.00,0,00:00:00:00,,,,,,,,,,,,

